{
	"format_version": "1.8.0",
	"animations": {
	"animation.ambush.far": {
			"loop": true,
			"animation_length": 3,
			"anim_time_update" : "query.anim_time + query.delta_time * 0.7",
			"sound_effects": {
				"0.1": {
					"effect": "ambient_far"
				}
			}
		},
		"animation.ambush.close": {
			"loop": true,
			"animation_length": 2,
			"anim_time_update" : "query.anim_time + query.delta_time * 1.0",
			"sound_effects": {
				"0.1": {
					"effect": "ambient_close"
				}
			}
		},
		"animation.ambush.stationary": {
			"loop": true,
			"animation_length": 2,
			"particle_effects": {
				"1.0": {
					"effect": "ambush_particle",
					"locator": "trail"
				}
			},
			"bones": {
			"root": {
					"rotation": [0.0, "query.camera_rotation(1) - query.body_y_rotation + 180", 0.0]
				},
				"trail1": {
					"rotation": {
						"0.0": [0, 0, 0],
						"2.0": [0, 360, 0]
					}
				},
				"trail2": {
					"rotation": {
						"0.0": [0, 0, 0],
						"2.0": [0, 360, 0]
					}
				}
			}
		}
	}
}