{
	"format_version": "1.8.0",
	"animations": {
		"animation.ic_entity.banished": {
			"loop": true,
			"animation_length": 10,
			"bones": {
				"root": {
					"position": {
						"0.0": {
							"post": [0, 0, 0],
							"lerp_mode": "catmullrom"
						},
						"3.125": [0, -0.88, 0],
						"3.8333": {
							"pre": [0, -6, 0],
							"post": [0, -6, 0],
							"lerp_mode": "catmullrom"
						},
						"4.9167": {
							"post": [0, -60, 0],
							"lerp_mode": "catmullrom"
						},
						"10.0": {
							"post": [0, -60, 0],
							"lerp_mode": "catmullrom"
						}
					}
				}
			}
		}
	}
}