{
	"format_version": "1.8.0",
	"animations": {
		"animation.crucifix.activate_success": {
			"loop": false,
			"animation_length": 7,
			"particle_effects": {
				"0.2917": {
					"effect": "crucifix_blue",
					"locator": "particle_blue"
				}
			},
			"sound_effects": {
				"0.3": {
					"effect": "success"
				}
			},
			"bones": {
				"main": {
					"scale": {
						"0.0": {
							"post": [0, 1, 0],
							"lerp_mode": "catmullrom"
						},
						"0.25": [1, 1, 1],
						"6.0": [1, 1, 1],
						"6.25": {
							"pre": [0, 1, 0],
							"post": [0, 1, 0],
							"lerp_mode": "catmullrom"
						},
						"7.0": {
							"post": [0, 1, 0],
							"lerp_mode": "catmullrom"
						}
					}
				},
				"chains": {
					"rotation": {
						"0.0": {
							"post": [0, 0, 0],
							"lerp_mode": "catmullrom"
						},
						"7.0": {
							"post": [0, 1440, 0],
							"lerp_mode": "catmullrom"
						}
					},
					"position": {
						"0.0": {
							"post": [0, 0, 0],
							"lerp_mode": "catmullrom"
						},
						"3.5417": [0, 0, 0],
						"5.0": [0, -37, 0],
						"7.0": {
							"pre": [0, -37, 0],
							"post": [0, -37, 0],
							"lerp_mode": "catmullrom"
						}
					}
				},
				"main2": {
					"scale": [0, 0, 0]
				},
				"chains2": {
					"scale": [0, 0, 0]
				},
				"cross": {
					"rotation": {
						"0.0": {
							"post": [0, 0, 0],
							"lerp_mode": "catmullrom"
						},
						"1.0": {
							"post": [0, 360, 0],
							"lerp_mode": "catmullrom"
						},
						"3.0": {
							"post": [0, 1720, 0],
							"lerp_mode": "catmullrom"
						},
						"5.0": [0, 5760, 0],
						"6.5": [0, 5940, 0],
						"7.0": [0, 5940, 0]
					},
					"scale": {
						"0.0": {
							"post": [0, 0, 0],
							"lerp_mode": "catmullrom"
						},
						"0.25": [1, 1, 1],
						"6.5": [1, 1, 1],
						"7.0": {
							"pre": [0, 0, 0],
							"post": [0, 0, 0],
							"lerp_mode": "catmullrom"
						}
					}
				}
			}
		},
		"animation.crucifix.activate_fail": {
			"loop": false,
			"animation_length": 9,
			"sound_effects": {
				"0.1": {
					"effect": "fail"
				}
			},
			"particle_effects": {
			"0.2917": {
					"effect": "crucifix_blue",
					"locator": "particle_blue"
				},
				"5.2917": {
					"effect": "crucifix_red",
					"locator": "particle_red"
				}
			},
			"bones": {
				"main": {
					"scale": {
						"0.0": {
							"post": [0, 1, 0],
							"lerp_mode": "catmullrom"
						},
						"0.25": [1, 1, 1],
						"5.0": [1, 1, 1],
						"5.0417": {
							"pre": [1, 1, 1],
							"post": [0, 1, 0]
						},
						"5.1667": {
							"pre": [0, 1, 0],
							"post": [1, 1, 1]
						},
						"5.2917": {
							"pre": [1, 1, 1],
							"post": [0, 1, 0]
						},
						"7.0": {
							"pre": [0, 1, 0],
							"post": [0, 1, 0],
							"lerp_mode": "catmullrom"
						},
						"9.0": {
							"post": [0, 1, 0],
							"lerp_mode": "catmullrom"
						}
					}
				},
				"chains": {
					"rotation": {
						"0.0": {
							"post": [0, 0, 0],
							"lerp_mode": "catmullrom"
						},
						"7.0": {
							"post": [0, 1440, 0],
							"lerp_mode": "catmullrom"
						},
						"9.0": {
							"post": [0, 1440, 0],
							"lerp_mode": "catmullrom"
						}
					}
				},
				"main2": {
					"scale": {
						"0.0": [0, 0, 0],
						"5.0": [0, 0, 0],
						"5.0417": [1, 1, 1],
						"5.1667": {
							"pre": [1, 1, 1],
							"post": [0, 1, 0]
						},
						"5.2917": {
							"pre": [0, 1, 0],
							"post": [1, 1, 1]
						},
						"8.0": {
							"pre": [1, 1, 1],
							"post": [1, 1, 1]
						},
						"8.5": {
							"pre": [0, 1, 0],
							"post": [0, 1, 0],
							"lerp_mode": "catmullrom"
						},
						"9.0": {
							"post": [0, 1, 0],
							"lerp_mode": "catmullrom"
						}
					}
				},
				"chains2": {
					"rotation": {
						"0.0": {
							"post": [0, 0, 0],
							"lerp_mode": "catmullrom"
						},
						"7.0": [0, 1720, 0],
						"9.0": [0, 1810, 0]
					}
				},
				"cross": {
					"rotation": {
						"0.0": {
							"post": [0, 0, 0],
							"lerp_mode": "catmullrom"
						},
						"1.0": {
							"post": [0, 360, 0],
							"lerp_mode": "catmullrom"
						},
						"3.0": {
							"post": [0, 1720, 0],
							"lerp_mode": "catmullrom"
						},
						"5.0": [0, 5760, 0],
						"6.5": [0, 5940, 0]
					},
					"scale": {
						"0.0": {
							"post": [0, 0, 0],
							"lerp_mode": "catmullrom"
						},
						"0.25": [1, 1, 1],
						"6.5": [1, 1, 1],
						"7.0": [0, 0, 0],
						"9.0": [0, 0, 0]
					}
				}
			}
		}
	}
}