{
	"format_version": "1.8.0",
	"animations": {
		"animation.eyes.stationary": {
			"loop": true,
			"animation_length": 2,
			"particle_effects": {
				"1.0": {
					"effect": "ambush_particle",
					"locator": "trail"
				}
			},
			"bones": {
			"root": {
					"rotation": [0.0, "query.camera_rotation(1) - query.body_y_rotation + 180", 0.0]
				},
				"trail1": {
					"rotation": {
						"0.0": [0, 0, 0],
						"2.0": [0, 360, 0]
					}
				},
				"trail2": {
					"rotation": {
						"0.0": [0, 0, 0],
						"2.0": [0, 360, 0]
					}
				}
			}
		},
		"animation.eyes.whisper": {
			"loop": true,
			"animation_length": 2.5,
			"sound_effects": {
				"0.1": {
					"effect": "whisper"
				}
			}
		} 
	}
}