{
	"format_version": "1.8.0",
	"animations": {
	"animation.ic_figure.particle": {
			"loop": true,
			"animation_length": 0.0,
			"particle_effects": {
				"0.0": {
					"effect": "figure_particle",
					"locator": "light"
				}
			}
		},
		"animation.ic_figure.idle": {
			"loop": true,
			"animation_length": 4,
			"bones": {
				"waist": {
					"rotation": [5, 0, 0],
					"position": {
						"0.0": {
							"post": [0, 0, 0],
							"lerp_mode": "catmullrom"
						},
						"2.0": {
							"post": [0, -1, 0],
							"lerp_mode": "catmullrom"
						},
						"4.0": {
							"post": [0, 0, 0],
							"lerp_mode": "catmullrom"
						}
					}
				},
				"waist2": {
					"rotation": {
						"0.0": {
							"post": [10, 0, 0],
							"lerp_mode": "catmullrom"
						},
						"2.0": {
							"post": [15, 0, 0],
							"lerp_mode": "catmullrom"
						},
						"4.0": {
							"post": [10, 0, 0],
							"lerp_mode": "catmullrom"
						}
					}
				},
				"head": {
					"rotation": {
						"0.0": {
							"post": [-5, 0, 0],
							"lerp_mode": "catmullrom"
						},
						"1.5": {
							"post": [-5.04292, 7.4713, -0.6574],
							"lerp_mode": "catmullrom"
						},
						"3.0833": {
							"post": [-5.17544, -14.94159, 1.3378],
							"lerp_mode": "catmullrom"
						},
						"4.0": {
							"post": [-5, 0, 0],
							"lerp_mode": "catmullrom"
						}
					}
				},
				"leftArm": {
					"rotation": {
						"0.0": {
							"post": [-31.05539, -21.54147, -53.91506],
							"lerp_mode": "catmullrom"
						},
						"1.0": {
							"post": [13.34394, -3.32038, -62.3412],
							"lerp_mode": "catmullrom"
						},
						"2.0": {
							"post": [8.97152, 0.10942, -84.58929],
							"lerp_mode": "catmullrom"
						},
						"3.0": {
							"post": [-24.2459, -1.93932, -74.0351],
							"lerp_mode": "catmullrom"
						},
						"4.0": {
							"post": [-31.05539, -21.54147, -53.91506],
							"lerp_mode": "catmullrom"
						}
					}
				},
				"leftArm2": {
					"rotation": {
						"0.0": {
							"post": [-4.92442, 0.86717, 9.96271],
							"lerp_mode": "catmullrom"
						},
						"1.0": {
							"post": [-17.42442, 0.86717, 9.96271],
							"lerp_mode": "catmullrom"
						},
						"2.0": {
							"post": [-17.17604, 3.10042, 17.12725],
							"lerp_mode": "catmullrom"
						},
						"3.0": {
							"post": [-17.44493, 0.11802, 7.57749],
							"lerp_mode": "catmullrom"
						},
						"4.0": {
							"post": [-4.92442, 0.86717, 9.96271],
							"lerp_mode": "catmullrom"
						}
					}
				},
				"leftArm4": {
					"rotation": {
						"0.0": {
							"post": [10, 0, 0],
							"lerp_mode": "catmullrom"
						},
						"1.0": {
							"post": [-17.5, 0, 0],
							"lerp_mode": "catmullrom"
						},
						"2.0": {
							"post": [-16.73634, 5.188, 16.73634],
							"lerp_mode": "catmullrom"
						},
						"3.0": {
							"post": [-0.27269, 8.64738, 28.83844],
							"lerp_mode": "catmullrom"
						},
						"4.0": {
							"post": [10, 0, 0],
							"lerp_mode": "catmullrom"
						}
					}
				},
				"rightArm": {
					"rotation": {
						"0.0": {
							"post": [-0.80866, 14.41949, 77.09644],
							"lerp_mode": "catmullrom"
						},
						"1.0": {
							"post": [-18.7448, 12.28796, 64.43501],
							"lerp_mode": "catmullrom"
						},
						"2.0": {
							"post": [-9.82693, 12.13204, 59.3217],
							"lerp_mode": "catmullrom"
						},
						"3.0": {
							"post": [16.53695, 5.72926, 83.80275],
							"lerp_mode": "catmullrom"
						},
						"4.0": {
							"post": [-0.80866, 14.41949, 77.09644],
							"lerp_mode": "catmullrom"
						}
					}
				},
				"rightArm2": {
					"rotation": {
						"0.0": {
							"post": [9.85108, 1.72794, -9.85108],
							"lerp_mode": "catmullrom"
						},
						"1.0": {
							"post": [-5.14892, 1.72794, -9.85108],
							"lerp_mode": "catmullrom"
						},
						"2.0": {
							"post": [24.06156, 5.90638, -21.66096],
							"lerp_mode": "catmullrom"
						},
						"3.0": {
							"post": [9.58338, 2.81364, -14.80762],
							"lerp_mode": "catmullrom"
						},
						"4.0": {
							"post": [9.85108, 1.72794, -9.85108],
							"lerp_mode": "catmullrom"
						}
					}
				},
				"rightArm4": {
					"rotation": {
						"0.0": {
							"post": [-12.5, 0, 0],
							"lerp_mode": "catmullrom"
						},
						"1.0": {
							"post": [-31.28223, -9.29798, -14.89149],
							"lerp_mode": "catmullrom"
						},
						"2.0": {
							"post": [20.22267, 4.02155, 6.33586],
							"lerp_mode": "catmullrom"
						},
						"3.0": {
							"post": [-26.96884, -5.52356, -16.7991],
							"lerp_mode": "catmullrom"
						},
						"4.0": {
							"post": [-12.5, 0, 0],
							"lerp_mode": "catmullrom"
						}
					}
				},
				"leftLeg": {
					"rotation": [-7.5, -25, 0]
				},
				"leftLeg2": {
					"rotation": [5, 0, 0]
				},
				"leftLeg4": {
					"rotation": [2.5, 0, 0]
				},
				"rightLeg": {
					"rotation": [7.5, 0, 0]
				},
				"rightLeg2": {
					"rotation": [-5, 0, 0]
				},
				"rightLeg4": {
					"rotation": [-2.5, 0, 0]
				}
			}
		},
		"animation.ic_figure.roar": {
			"loop": true,
			"animation_length": 4,
			"sound_effects": {
				"1.0": {
					"effect": "roar"
				}
			},
			"bones": {
				"head": {
					"rotation": {
						"0.0": {
							"post": [-5, 0, 0],
							"lerp_mode": "catmullrom"
						},
						"1.0": {
							"post": [-5.3191, 19.92067, -1.81694],
							"lerp_mode": "catmullrom"
						},
						"3.0833": {
							"post": [-5.51385, -24.89838, 2.3273],
							"lerp_mode": "catmullrom"
						},
						"4.0": {
							"post": [-5, 0, 0],
							"lerp_mode": "catmullrom"
						}
					},
					"scale": {
						"1.0": [1, 1, 1],
						"1.0417": [1.1, 1.1, 1.1],
						"1.0833": [1, 1, 1],
						"1.125": [1.1, 1.1, 1.1],
						"1.1667": [1, 1, 1],
						"1.2083": [1.1, 1.1, 1.1],
						"1.25": [1, 1, 1],
						"1.2917": [1.1, 1.1, 1.1],
						"1.3333": [1, 1, 1],
						"1.375": [1.1, 1.1, 1.1],
						"1.4167": [1, 1, 1],
						"1.4583": [1.1, 1.1, 1.1],
						"1.5": [1, 1, 1],
						"1.5417": [1.1, 1.1, 1.1],
						"1.5833": [1, 1, 1],
						"1.625": [1.1, 1.1, 1.1],
						"1.6667": [1, 1, 1],
						"1.7083": [1.1, 1.1, 1.1],
						"1.75": [1, 1, 1],
						"1.7917": [1.1, 1.1, 1.1],
						"1.8333": [1, 1, 1],
						"1.875": [1.1, 1.1, 1.1],
						"1.9167": [1, 1, 1],
						"1.9583": [1.1, 1.1, 1.1],
						"2.0": [1, 1, 1],
						"2.0417": [1.1, 1.1, 1.1],
						"2.0833": [1, 1, 1],
						"2.125": [1.1, 1.1, 1.1],
						"2.1667": [1, 1, 1],
						"2.2083": [1.1, 1.1, 1.1],
						"2.25": [1, 1, 1],
						"2.2917": [1.1, 1.1, 1.1],
						"2.3333": [1, 1, 1],
						"2.375": [1.1, 1.1, 1.1],
						"2.4167": [1, 1, 1],
						"2.4583": [1.1, 1.1, 1.1],
						"2.5": [1, 1, 1],
						"2.5417": [1.1, 1.1, 1.1],
						"2.5833": [1, 1, 1],
						"2.625": [1.1, 1.1, 1.1],
						"2.6667": [1, 1, 1],
						"2.7083": [1.1, 1.1, 1.1],
						"2.75": [1.1, 1.1, 1.1],
						"2.7917": [1, 1, 1],
						"2.8333": [1.1, 1.1, 1.1],
						"2.875": [1, 1, 1],
						"2.9167": [1.1, 1.1, 1.1],
						"2.9583": [1, 1, 1],
						"3.0": [1, 1, 1]
					}
				}
			}
		},
		"animation.ic_figure.move": {
			"loop": true,
			"animation_length": 2,
			"anim_time_update" : "query.anim_time + query.delta_time * (query.ground_speed / 1.75)",
			"blend_weight" : "query.has_target ? 1.1 : 1.0",
			"sound_effects": {
				"0.55": {
					"effect": "step_1"
				},
				"1.55": {
					"effect": "step_2"
				} 
			},
			"bones": {
				"waist": {
					"rotation": {
						"0.0": [15, 0, 0],
						"1.0": [15, 0, 0]
					},
					"position": {
						"0.0": [0, -1, 0],
						"0.5": [0, -2, 0],
						"0.7": [0, -3, 0],
						"1.0": [0, -1, 0],
						"1.5": [0, -2, 0],
						"1.7": [0, -4, 0],
						"2.0": [0, -1, 0]
					}
				},
				"waist2": {
					"rotation": {
						"0.0": {
							"post": [10, 0, 0],
							"lerp_mode": "catmullrom"
						},
						"1.0": {
							"post": [15, 0, 0],
							"lerp_mode": "catmullrom"
						},
						"2.0": {
							"post": [10, 0, 0],
							"lerp_mode": "catmullrom"
						}
					}
				},
				"head": {
					"rotation": {
						"0.0": {
							"post": [-5, 0, 0],
							"lerp_mode": "catmullrom"
						},
						"0.625": {
							"post": [-5.17544, -14.94159, 1.3378],
							"lerp_mode": "catmullrom"
						},
						"1.25": {
							"post": [-5.07673, 9.96156, -0.88045],
							"lerp_mode": "catmullrom"
						},
						"2.0": {
							"post": [-5, 0, 0],
							"lerp_mode": "catmullrom"
						}
					}
				},
				"leftArm": {
					"rotation": {
						"0.0": {
							"post": [-34.51385, -14.75083, -42.86093],
							"lerp_mode": "catmullrom"
						},
						"0.5": {
							"post": [12.06185, -6.63706, -47.65467],
							"lerp_mode": "catmullrom"
						},
						"1.0": {
							"post": [8.47557, -2.9544, -64.81684],
							"lerp_mode": "catmullrom"
						},
						"1.5": {
							"post": [-24.12011, 3.1983, -62.6352],
							"lerp_mode": "catmullrom"
						},
						"2.0": {
							"post": [-34.51385, -14.75083, -42.86093],
							"lerp_mode": "catmullrom"
						}
					}
				},
				"leftArm2": {
					"rotation": {
						"0.0": {
							"post": [-4.92442, 0.86717, 9.96271],
							"lerp_mode": "catmullrom"
						},
						"0.5": {
							"post": [-17.42442, 0.86717, 9.96271],
							"lerp_mode": "catmullrom"
						},
						"1.0": {
							"post": [-17.17604, 3.10042, 17.12725],
							"lerp_mode": "catmullrom"
						},
						"1.5": {
							"post": [-17.44493, 0.11802, 7.57749],
							"lerp_mode": "catmullrom"
						},
						"2.0": {
							"post": [-4.92442, 0.86717, 9.96271],
							"lerp_mode": "catmullrom"
						}
					}
				},
				"leftArm4": {
					"rotation": {
						"0.0": {
							"post": [10, 0, 0],
							"lerp_mode": "catmullrom"
						},
						"0.5": {
							"post": [-17.5, 0, 0],
							"lerp_mode": "catmullrom"
						},
						"1.0": {
							"post": [-16.73634, 5.188, 16.73634],
							"lerp_mode": "catmullrom"
						},
						"1.5": {
							"post": [-0.27269, 8.64738, 28.83844],
							"lerp_mode": "catmullrom"
						},
						"2.0": {
							"post": [10, 0, 0],
							"lerp_mode": "catmullrom"
						}
					}
				},
				"rightArm": {
					"rotation": {
						"0.0": {
							"post": [-8.53457, 11.69352, 43.82319],
							"lerp_mode": "catmullrom"
						},
						"0.5": {
							"post": [-20.86152, 8.03744, 52.48883],
							"lerp_mode": "catmullrom"
						},
						"1.0": {
							"post": [-10.84473, 11.23437, 54.29876],
							"lerp_mode": "catmullrom"
						},
						"1.5": {
							"post": [10.38087, 14.13562, 49.26004],
							"lerp_mode": "catmullrom"
						},
						"2.0": {
							"post": [-8.53457, 11.69352, 43.82319],
							"lerp_mode": "catmullrom"
						}
					}
				},
				"rightArm2": {
					"rotation": {
						"0.0": {
							"post": [9.85108, 1.72794, -9.85108],
							"lerp_mode": "catmullrom"
						},
						"0.5": {
							"post": [-5.14892, 1.72794, -9.85108],
							"lerp_mode": "catmullrom"
						},
						"1.0": {
							"post": [24.06156, 5.90638, -21.66096],
							"lerp_mode": "catmullrom"
						},
						"1.5": {
							"post": [9.58338, 2.81364, -14.80762],
							"lerp_mode": "catmullrom"
						},
						"2.0": {
							"post": [9.85108, 1.72794, -9.85108],
							"lerp_mode": "catmullrom"
						}
					}
				},
				"rightArm4": {
					"rotation": {
						"0.0": {
							"post": [-12.5, 0, 0],
							"lerp_mode": "catmullrom"
						},
						"0.5": {
							"post": [-31.28223, -9.29798, -14.89149],
							"lerp_mode": "catmullrom"
						},
						"1.0": {
							"post": [2.72267, 4.02155, 6.33586],
							"lerp_mode": "catmullrom"
						},
						"1.5": {
							"post": [-26.96884, -5.52356, -16.7991],
							"lerp_mode": "catmullrom"
						},
						"2.0": {
							"post": [-12.5, 0, 0],
							"lerp_mode": "catmullrom"
						}
					}
				},
				"leftLeg": {
					"rotation": {
						"0.0": {
							"post": [-10, 0, 0],
							"lerp_mode": "catmullrom"
						},
						"0.5": [-20, 0, 0],
						"1.0": {
							"pre": [-1.25, 0, 0],
							"post": [-1.25, 0, 0],
							"lerp_mode": "catmullrom"
						},
						"1.5": {
							"post": [5, 0, 0],
							"lerp_mode": "catmullrom"
						},
						"2.0": {
							"post": [-10, 0, 0],
							"lerp_mode": "catmullrom"
						}
					},
					"position": {
						"0.0": {
							"post": [0, 2, -2],
							"lerp_mode": "catmullrom"
						},
						"0.5": [0, -2, -2],
						"1.0": {
							"pre": [0, 0, -1],
							"post": [0, 0, -1],
							"lerp_mode": "catmullrom"
						},
						"1.5": {
							"post": [0, 1, 1],
							"lerp_mode": "catmullrom"
						},
						"2.0": {
							"post": [0, 2, -2],
							"lerp_mode": "catmullrom"
						}
					}
				},
				"leftLeg2": {
					"rotation": {
						"0.0": {
							"post": [7.5, 0, 0],
							"lerp_mode": "catmullrom"
						},
						"0.5": [-17.5, 0, 0],
						"1.0": {
							"pre": [0, 0, 0],
							"post": [0, 0, 0],
							"lerp_mode": "catmullrom"
						},
						"1.5": {
							"post": [17.5, 0, 0],
							"lerp_mode": "catmullrom"
						},
						"2.0": {
							"post": [7.5, 0, 0],
							"lerp_mode": "catmullrom"
						}
					}
				},
				"leftLeg4": {
					"rotation": {
						"0.0": {
							"post": [10, 0, 0],
							"lerp_mode": "catmullrom"
						},
						"0.5": [32.5, 0, 0],
						"1.0": {
							"pre": [1.25, 0, 0],
							"post": [1.25, 0, 0],
							"lerp_mode": "catmullrom"
						},
						"1.5": {
							"post": [30, 0, 0],
							"lerp_mode": "catmullrom"
						},
						"2.0": {
							"post": [10, 0, 0],
							"lerp_mode": "catmullrom"
						}
					}
				},
				"rightLeg": {
					"rotation": {
						"0.0": {
							"post": [-1.25, 0, 0],
							"lerp_mode": "catmullrom"
						},
						"0.5": {
							"post": [5, 0, 0],
							"lerp_mode": "catmullrom"
						},
						"1.0": {
							"post": [-10, 0, 0],
							"lerp_mode": "catmullrom"
						},
						"1.5": [-20, 0, 0],
						"2.0": {
							"pre": [-1.25, 0, 0],
							"post": [-1.25, 0, 0],
							"lerp_mode": "catmullrom"
						}
					},
					"position": {
						"0.0": {
							"post": [0, 0, -1],
							"lerp_mode": "catmullrom"
						},
						"0.5": {
							"post": [0, 1, 1],
							"lerp_mode": "catmullrom"
						},
						"1.0": {
							"post": [0, 2, -2],
							"lerp_mode": "catmullrom"
						},
						"1.5": [0, -2, -2],
						"2.0": {
							"pre": [0, 0, -1],
							"post": [0, 0, -1],
							"lerp_mode": "catmullrom"
						}
					}
				},
				"rightLeg2": {
					"rotation": {
						"0.0": {
							"post": [0, 0, 0],
							"lerp_mode": "catmullrom"
						},
						"0.5": {
							"post": [10, 0, 0],
							"lerp_mode": "catmullrom"
						},
						"1.0": {
							"post": [7.5, 0, 0],
							"lerp_mode": "catmullrom"
						},
						"1.5": [-17.5, 0, 0],
						"2.0": {
							"pre": [0, 0, 0],
							"post": [0, 0, 0],
							"lerp_mode": "catmullrom"
						}
					}
				},
				"rightLeg4": {
					"rotation": {
						"0.0": {
							"post": [1.25, 0, 0],
							"lerp_mode": "catmullrom"
						},
						"0.5": {
							"post": [30, 0, 0],
							"lerp_mode": "catmullrom"
						},
						"1.0": {
							"post": [10, 0, 0],
							"lerp_mode": "catmullrom"
						},
						"1.5": [32.5, 0, 0],
						"2.0": {
							"pre": [1.25, 0, 0],
							"post": [1.25, 0, 0],
							"lerp_mode": "catmullrom"
						}
					}
				}
			}
		},
		"animation.ic_figure.jumpscare": {
			"animation_length": 1,
			"bones": {
				"waist": {
					"rotation": {
						"0.0": {
							"post": [17.5, 0, 0],
							"lerp_mode": "catmullrom"
						},
						"1.0": {
							"post": [17.5, 0, 0],
							"lerp_mode": "catmullrom"
						}
					}
				},
				"waist2": {
					"rotation": {
						"0.0": [0, 0, 0],
						"0.25": [-10, 0, 0],
						"0.6667": [-10, 0, 0],
						"0.75": [10, 0, 0]
					}
				},
				"head": {
					"rotation": {
						"0.0": {
							"post": [-17.5, 0, 0],
							"lerp_mode": "catmullrom"
						},
						"1.0": {
							"post": [-17.5, 0, 0],
							"lerp_mode": "catmullrom"
						}
					},
					"position": {
						"0.0": {
							"post": [0, 0, 0],
							"lerp_mode": "catmullrom"
						},
						"1.0": {
							"post": [0, 0, 0],
							"lerp_mode": "catmullrom"
						}
					},
					"scale": {
						"0.0": {
							"post": [1, 1, 1],
							"lerp_mode": "catmullrom"
						},
						"0.25": {
							"post": [1.1, 1.1, 1.1],
							"lerp_mode": "catmullrom"
						},
						"0.2917": {
							"post": [1, 1, 1],
							"lerp_mode": "catmullrom"
						},
						"0.3333": {
							"post": [1.1, 1.1, 1.1],
							"lerp_mode": "catmullrom"
						},
						"0.375": {
							"post": [1, 1, 1],
							"lerp_mode": "catmullrom"
						},
						"0.4167": {
							"post": [1.1, 1.1, 1.1],
							"lerp_mode": "catmullrom"
						},
						"0.4583": {
							"post": [1, 1, 1],
							"lerp_mode": "catmullrom"
						},
						"0.5": {
							"post": [1.1, 1.1, 1.1],
							"lerp_mode": "catmullrom"
						},
						"0.5417": {
							"post": [1, 1, 1],
							"lerp_mode": "catmullrom"
						},
						"0.5833": {
							"post": [1.1, 1.1, 1.1],
							"lerp_mode": "catmullrom"
						},
						"0.625": {
							"post": [1, 1, 1],
							"lerp_mode": "catmullrom"
						},
						"0.6667": {
							"post": [1.1, 1.1, 1.1],
							"lerp_mode": "catmullrom"
						},
						"0.7083": {
							"post": [1, 1, 1],
							"lerp_mode": "catmullrom"
						},
						"1.0": {
							"post": [1, 1, 1],
							"lerp_mode": "catmullrom"
						}
					}
				},
				"leftArm": {
					"rotation": {
						"0.0": {
							"post": [-86.01251, -44.22069, -1.75757],
							"lerp_mode": "catmullrom"
						},
						"0.25": [-86.54386, -34.24157, -0.92062],
						"0.75": [-104.04386, -34.24157, -0.92062]
					}
				},
				"leftArm2": {
					"rotation": {
						"0.0": {
							"post": [0, 0, 0],
							"lerp_mode": "catmullrom"
						},
						"0.25": [0, 0, 50],
						"0.75": [0, 0, 50]
					}
				},
				"leftArm4": {
					"rotation": {
						"0.0": {
							"post": [0, 0, 0],
							"lerp_mode": "catmullrom"
						},
						"0.25": [0, 0, 82.5],
						"0.75": [0, 0, 82.5]
					}
				},
				"rightArm": {
					"rotation": {
						"0.0": {
							"post": [-93.88581, 49.93505, -2.97576],
							"lerp_mode": "catmullrom"
						},
						"0.25": [-65.55415, 34.96683, -1.75226],
						"0.75": [-78.05415, 34.96683, -1.75226]
					}
				},
				"rightArm2": {
					"rotation": {
						"0.0": {
							"post": [0, 0, 0],
							"lerp_mode": "catmullrom"
						},
						"0.25": [0, 0, -45],
						"0.75": [0, 0, -45]
					}
				},
				"rightArm4": {
					"rotation": {
						"0.0": {
							"post": [0, 0, 0],
							"lerp_mode": "catmullrom"
						},
						"0.25": [0, 0, -60],
						"0.75": [0, 0, -60]
					}
				}
			}
		}
	}
}