{
	"format_version": "1.8.0",
	"animations": {
	"animation.rush.far": {
			"loop": true,
			"animation_length": 4.0,
			"anim_time_update" : "query.anim_time + query.delta_time * 0.7",
			"sound_effects": {
				"0.1": {
					"effect": "ambient_far"
				}
			}
		},
		"animation.rush.close": {
			"loop": true,
			"animation_length": 2,
			"anim_time_update" : "query.anim_time + query.delta_time * 1.0",
			"sound_effects": {
				"0.1": {
					"effect": "ambient_close"
				}
			}
		}, 
		"animation.rush.stationary": {
			"loop": true,
			"animation_length": 2,
			"particle_effects": {
				"1.0": {
					"effect": "rush_particle",
					"locator": "trail"
				}
			},
			"bones": {
			"root": {
					"rotation": [0.0, "query.camera_rotation(1) - query.body_y_rotation + 180", 0.0]
				},
				"lower_teeth": {
					"position": {
						"0.0": {
							"post": [0, 0, 0],
							"lerp_mode": "catmullrom"
						},
						"0.5": {
							"post": [0, 1, 0],
							"lerp_mode": "catmullrom"
						},
						"1.25": {
							"post": [0, 1, 0],
							"lerp_mode": "catmullrom"
						},
						"2.0": {
							"post": [0, 0, 0],
							"lerp_mode": "catmullrom"
						}
					}
				},
				"upper_teeth": {
					"position": {
						"0.0": {
							"post": [0, 0, 0],
							"lerp_mode": "catmullrom"
						},
						"0.75": {
							"post": [0, -1, 0],
							"lerp_mode": "catmullrom"
						},
						"1.5": {
							"post": [0, -1, 0],
							"lerp_mode": "catmullrom"
						},
						"2.0": {
							"post": [0, 0, 0],
							"lerp_mode": "catmullrom"
						}
					}
				},
				"trail1": {
					"rotation": {
						"0.0": [0, 0, 0],
						"2.0": [0, 0, -360]
					}
				},
				"trail2": {
					"rotation": {
						"0.0": [0, 0, 0],
						"2.0": [0, 0, 360]
					}
				}
			}
		}
	}
}