{"format_version":"1.12.0","minecraft:geometry":[{"description":{"identifier":"geometry.yg_crucifix_chain","texture_width":256,"texture_height":256,"visible_bounds_width":5,"visible_bounds_height":3.5,"visible_bounds_offset":[0,1.25,0]},"bones":[{"name":"Root","cubes":[{"origin":[-19.5,0.2,-20],"size":[39,0,40],"uv":[0,0],"inflate":0}],"locators":{"effect":[0,4,0]}},{"name":"Chain","pivot":[-12.5,0.5,-13.5],"cubes":[{"origin":[-14,0,-14],"size":[3,4,1],"uv":[8,9],"inflate":0},{"origin":[-14,6,-14],"size":[3,4,1],"uv":[8,9],"inflate":0},{"origin":[-14,12,-14],"size":[3,4,1],"uv":[8,9],"inflate":0},{"origin":[-14,18,-14],"size":[3,4,1],"uv":[8,9],"inflate":0},{"origin":[-14,24,-14],"size":[3,4,1],"uv":[8,9],"inflate":0},{"origin":[-13,3,-15],"size":[1,4,3],"uv":[0,9],"inflate":0},{"origin":[-13,9,-15],"size":[1,4,3],"uv":[0,9],"inflate":0},{"origin":[-13,15,-15],"size":[1,4,3],"uv":[0,9],"inflate":0},{"origin":[-13,27,-15],"size":[1,4,3],"uv":[0,9],"inflate":0},{"origin":[-13,21,-15],"size":[1,4,3],"uv":[0,9],"inflate":0}],"parent":"Root","rotation":[-22.90981,-39.85571,33.4032]},{"name":"Chain2","pivot":[12.5,0.5,-13.5],"cubes":[{"origin":[11,0,-14],"size":[3,4,1],"uv":[8,9],"inflate":0,"mirror":true},{"origin":[11,6,-14],"size":[3,4,1],"uv":[8,9],"inflate":0,"mirror":true},{"origin":[11,12,-14],"size":[3,4,1],"uv":[8,9],"inflate":0,"mirror":true},{"origin":[11,18,-14],"size":[3,4,1],"uv":[8,9],"inflate":0,"mirror":true},{"origin":[11,24,-14],"size":[3,4,1],"uv":[8,9],"inflate":0,"mirror":true},{"origin":[12,3,-15],"size":[1,4,3],"uv":[0,9],"inflate":0,"mirror":true},{"origin":[12,9,-15],"size":[1,4,3],"uv":[0,9],"inflate":0,"mirror":true},{"origin":[12,15,-15],"size":[1,4,3],"uv":[0,9],"inflate":0,"mirror":true},{"origin":[12,27,-15],"size":[1,4,3],"uv":[0,9],"inflate":0,"mirror":true},{"origin":[12,21,-15],"size":[1,4,3],"uv":[0,9],"inflate":0,"mirror":true}],"parent":"Root","rotation":[-22.90981,39.85571,-33.4032]},{"name":"Chain3","pivot":[12.5,0.5,12.5],"cubes":[{"origin":[11,0,12],"size":[3,4,1],"uv":[8,9],"inflate":0,"mirror":true},{"origin":[11,6,12],"size":[3,4,1],"uv":[8,9],"inflate":0,"mirror":true},{"origin":[11,12,12],"size":[3,4,1],"uv":[8,9],"inflate":0,"mirror":true},{"origin":[11,18,12],"size":[3,4,1],"uv":[8,9],"inflate":0,"mirror":true},{"origin":[11,24,12],"size":[3,4,1],"uv":[8,9],"inflate":0,"mirror":true},{"origin":[12,3,11],"size":[1,4,3],"uv":[0,9],"inflate":0,"mirror":true},{"origin":[12,9,11],"size":[1,4,3],"uv":[0,9],"inflate":0,"mirror":true},{"origin":[12,15,11],"size":[1,4,3],"uv":[0,9],"inflate":0,"mirror":true},{"origin":[12,27,11],"size":[1,4,3],"uv":[0,9],"inflate":0,"mirror":true},{"origin":[12,21,11],"size":[1,4,3],"uv":[0,9],"inflate":0,"mirror":true}],"parent":"Root","rotation":[22.90981,-39.85571,-33.4032]},{"name":"Chain4","pivot":[-12.5,0.5,12.5],"cubes":[{"origin":[-14,0,12],"size":[3,4,1],"uv":[8,9],"inflate":0},{"origin":[-14,6,12],"size":[3,4,1],"uv":[8,9],"inflate":0},{"origin":[-14,12,12],"size":[3,4,1],"uv":[8,9],"inflate":0},{"origin":[-14,18,12],"size":[3,4,1],"uv":[8,9],"inflate":0},{"origin":[-14,24,12],"size":[3,4,1],"uv":[8,9],"inflate":0},{"origin":[-13,3,11],"size":[1,4,3],"uv":[0,9],"inflate":0},{"origin":[-13,9,11],"size":[1,4,3],"uv":[0,9],"inflate":0},{"origin":[-13,15,11],"size":[1,4,3],"uv":[0,9],"inflate":0},{"origin":[-13,27,11],"size":[1,4,3],"uv":[0,9],"inflate":0},{"origin":[-13,21,11],"size":[1,4,3],"uv":[0,9],"inflate":0}],"parent":"Root","rotation":[22.90981,39.85571,33.4032]},{"name":"Cross","pivot":[0,33,-18.5],"cubes":[{"origin":[-3,29,-19],"size":[6,8,1],"uv":[0,0],"inflate":0}]}]}]}