{
  "format_version": "1.12.0",
  "minecraft:geometry": [
    {
      "description": {
        "identifier": "geometry.yg_figure",
        "texture_width": 128,
        "texture_height": 128,
        "visible_bounds_width": 3,
        "visible_bounds_height": 6,
        "visible_bounds_offset": [
          0,
          2,
          0
        ]
      },
      "bones": [
        {
          "name": "Root"
        },
        {
          "name": "Body",
          "pivot": [
            0,
            38.41667,
            1
          ],
          "cubes": [
            {
              "origin": [
                -4.5,
                50.0,
                -4.0
              ],
              "size": [
                9.0,
                11.0,
                8.0
              ],
              "uv": [
                0,
                20
              ],
              "inflate": 0
            },
            {
              "origin": [
                -4.5,
                38.0,
                -4.0
              ],
              "size": [
                9.0,
                4.0,
                8.0
              ],
              "uv": [
                26,
                31
              ],
              "inflate": 0
            },
            {
              "origin": [
                -3.5,
                42.0,
                -3.0
              ],
              "size": [
                7.0,
                8.0,
                6.0
              ],
              "uv": [
                34,
                14
              ],
              "inflate": 0
            },
            {
              "origin": [
                -5.0,
                57.5,
                -4.5
              ],
              "size": [
                2.0,
                2.0,
                9.0
              ],
              "uv": [
                51,
                34
              ],
              "inflate": 0
            },
            {
              "origin": [
                -5.0,
                54.5,
                -4.5
              ],
              "size": [
                3.0,
                2.0,
                9.0
              ],
              "uv": [
                0,
                50
              ],
              "inflate": 0
            },
            {
              "origin": [
                3.0,
                57.5,
                -4.5
              ],
              "size": [
                2.0,
                2.0,
                9.0
              ],
              "uv": [
                51,
                19
              ],
              "inflate": 0
            },
            {
              "origin": [
                2.0,
                54.5,
                -4.5
              ],
              "size": [
                3.0,
                2.0,
                9.0
              ],
              "uv": [
                41,
                45
              ],
              "inflate": 0
            },
            {
              "origin": [
                1.0,
                51.5,
                -4.5
              ],
              "size": [
                4.0,
                2.0,
                9.0
              ],
              "uv": [
                40,
                0
              ],
              "inflate": 0
            },
            {
              "origin": [
                -5.0,
                51.5,
                -4.5
              ],
              "size": [
                4.0,
                2.0,
                9.0
              ],
              "uv": [
                0,
                39
              ],
              "inflate": 0
            },
            {
              "origin": [
                -3.0,
                57.5,
                3.5
              ],
              "size": [
                6.0,
                2.0,
                1.0
              ],
              "uv": [
                30,
                0
              ],
              "inflate": 0
            },
            {
              "origin": [
                -2.0,
                54.5,
                3.5
              ],
              "size": [
                4.0,
                2.0,
                1.0
              ],
              "uv": [
                0,
                0
              ],
              "inflate": 0
            },
            {
              "origin": [
                -1.0,
                51.5,
                3.5
              ],
              "size": [
                2.0,
                2.0,
                1.0
              ],
              "uv": [
                0,
                3
              ],
              "inflate": 0
            }
          ],
          "parent": "Root"
        },
        {
          "name": "Head",
          "pivot": [
            0,
            61,
            0
          ],
          "cubes": [
            {
              "origin": [
                -5.0,
                61.0,
                -5.0
              ],
              "size": [
                10.0,
                10.0,
                10.0
              ],
              "uv": [
                0,
                0
              ],
              "inflate": 0
            }
          ],
          "parent": "Body"
        },
        {
          "name": "Rightarm",
          "pivot": [
            -6,
            60,
            0
          ],
          "cubes": [
            {
              "origin": [
                -8.0,
                49.0,
                -2.0
              ],
              "size": [
                4.0,
                12.0,
                4.0
              ],
              "uv": [
                24,
                54
              ],
              "inflate": 0
            }
          ],
          "parent": "Body"
        },
        {
          "name": "bone",
          "pivot": [
            -6,
            49,
            0
          ],
          "cubes": [
            {
              "origin": [
                -8.0,
                37.0,
                -2.0
              ],
              "size": [
                4.0,
                12.0,
                4.0
              ],
              "uv": [
                24,
                54
              ],
              "inflate": 0
            }
          ],
          "parent": "Rightarm"
        },
        {
          "name": "bone2",
          "pivot": [
            -6,
            37,
            0
          ],
          "cubes": [
            {
              "origin": [
                -8.16,
                24.52,
                -2.16
              ],
              "size": [
                4.32,
                12.96,
                4.32
              ],
              "uv": [
                24,
                54
              ],
              "inflate": 0
            }
          ],
          "parent": "bone"
        },
        {
          "name": "Leftarm",
          "pivot": [
            6,
            60,
            0
          ],
          "cubes": [
            {
              "origin": [
                4.0,
                49.0,
                -2.0
              ],
              "size": [
                4.0,
                12.0,
                4.0
              ],
              "uv": [
                24,
                54
              ],
              "inflate": 0
            }
          ],
          "parent": "Body"
        },
        {
          "name": "bone4",
          "pivot": [
            6,
            49,
            0
          ],
          "cubes": [
            {
              "origin": [
                4.0,
                37.0,
                -2.0
              ],
              "size": [
                4.0,
                12.0,
                4.0
              ],
              "uv": [
                24,
                54
              ],
              "inflate": 0
            }
          ],
          "parent": "Leftarm"
        },
        {
          "name": "bone5",
          "pivot": [
            6,
            37,
            0
          ],
          "cubes": [
            {
              "origin": [
                3.84,
                24.52,
                -2.16
              ],
              "size": [
                4.32,
                12.96,
                4.32
              ],
              "uv": [
                24,
                54
              ],
              "inflate": 0
            }
          ],
          "parent": "bone4"
        },
        {
          "name": "Rightleg",
          "pivot": [
            -2,
            38,
            0
          ],
          "cubes": [
            {
              "origin": [
                -4.0,
                26.0,
                -2.0
              ],
              "size": [
                4.0,
                12.0,
                4.0
              ],
              "uv": [
                24,
                54
              ],
              "inflate": 0
            }
          ],
          "parent": "Root"
        },
        {
          "name": "bone7",
          "pivot": [
            -2,
            26,
            0
          ],
          "cubes": [
            {
              "origin": [
                -4.0,
                14.0,
                -2.0
              ],
              "size": [
                4.0,
                12.0,
                4.0
              ],
              "uv": [
                24,
                54
              ],
              "inflate": 0
            }
          ],
          "parent": "Rightleg"
        },
        {
          "name": "bone8",
          "pivot": [
            -2,
            13.66667,
            0
          ],
          "cubes": [
            {
              "origin": [
                -4.0,
                8.0,
                -2.0
              ],
              "size": [
                4.0,
                6.0,
                4.0
              ],
              "uv": [
                40,
                56
              ],
              "inflate": 0
            },
            {
              "origin": [
                -4.5,
                5.0,
                -2.5
              ],
              "size": [
                5.0,
                3.0,
                5.0
              ],
              "uv": [
                54,
                11
              ],
              "inflate": 0
            },
            {
              "origin": [
                -5.0,
                0.0,
                -3.0
              ],
              "size": [
                6.0,
                5.0,
                6.0
              ],
              "uv": [
                26,
                43
              ],
              "inflate": 0
            }
          ],
          "parent": "bone7"
        },
        {
          "name": "Leftleg",
          "pivot": [
            2,
            38,
            0
          ],
          "cubes": [
            {
              "origin": [
                0.0,
                26.0,
                -2.0
              ],
              "size": [
                4.0,
                12.0,
                4.0
              ],
              "uv": [
                24,
                54
              ],
              "inflate": 0
            }
          ],
          "parent": "Root"
        },
        {
          "name": "bone9",
          "pivot": [
            2,
            26,
            0
          ],
          "cubes": [
            {
              "origin": [
                0.0,
                14.0,
                -2.0
              ],
              "size": [
                4.0,
                12.0,
                4.0
              ],
              "uv": [
                24,
                54
              ],
              "inflate": 0
            }
          ],
          "parent": "Leftleg"
        },
        {
          "name": "bone10",
          "pivot": [
            2,
            13.66667,
            0
          ],
          "cubes": [
            {
              "origin": [
                0.0,
                8.0,
                -2.0
              ],
              "size": [
                4.0,
                6.0,
                4.0
              ],
              "uv": [
                40,
                56
              ],
              "inflate": 0
            },
            {
              "origin": [
                -0.5,
                5.0,
                -2.5
              ],
              "size": [
                5.0,
                3.0,
                5.0
              ],
              "uv": [
                54,
                11
              ],
              "inflate": 0
            },
            {
              "origin": [
                -1.0,
                0.0,
                -3.0
              ],
              "size": [
                6.0,
                5.0,
                6.0
              ],
              "uv": [
                26,
                43
              ],
              "inflate": 0
            }
          ],
          "parent": "bone9"
        }
      ]
    }
  ]
}