{"format_version":"1.12.0","minecraft:geometry":[{"description":{"identifier":"geometry.yg_halt","texture_width":64,"texture_height":64,"visible_bounds_width":2,"visible_bounds_height":2.5,"visible_bounds_offset":[0,0.75,0]},"bones":[{"name":"Root"},{"name":"Body","cubes":[{"origin":[-7,4,-7],"size":[14,20,14],"uv":[0,0],"inflate":0}],"parent":"Root","locators":{"light":[0,7,0]}},{"name":"Eye","pivot":[0,17,-8],"cubes":[{"origin":[-7,14.1,-8],"size":[14,8,0],"uv":[0,34],"inflate":0}],"parent":"Root"}]}]}