{
  "format_version": "1.12.0",
  "minecraft:geometry": [
    {
      "description": {
        "identifier": "geometry.yg_screech",
        "texture_width": 64,
        "texture_height": 64,
        "visible_bounds_width": 3,
        "visible_bounds_height": 3.5,
        "visible_bounds_offset": [
          0,
          1.25,
          0
        ]
      },
      "bones": [
        {
          "name": "Root"
        },
        {
          "name": "Head",
          "pivot": [
            0,
            23.75,
            -1.86
          ],
          "cubes": [
            {
              "origin": [
                -4.0,
                21.0,
                -4.0
              ],
              "size": [
                8.0,
                6.0,
                8.0
              ],
              "uv": [
                0,
                14
              ],
              "inflate": 0
            },
            {
              "origin": [
                -3.18,
                22.82,
                -4.4
              ],
              "size": [
                1.36,
                1.36,
                1.36
              ],
              "uv": [
                0,
                6
              ],
              "inflate": 0
            },
            {
              "origin": [
                1.82,
                22.82,
                -4.4
              ],
              "size": [
                1.36,
                1.36,
                1.36
              ],
              "uv": [
                0,
                6
              ],
              "inflate": 0
            },
            {
              "origin": [
                -4.16,
                20.88,
                -4.16
              ],
              "size": [
                8.32,
                6.24,
                8.32
              ],
              "uv": [
                0,
                0
              ],
              "inflate": 0
            }
          ],
          "parent": "Root"
        },
        {
          "name": "Mouth",
          "pivot": [
            0,
            21,
            3
          ],
          "cubes": [
            {
              "origin": [
                -4.0,
                19.0,
                -4.0
              ],
              "size": [
                8.0,
                2.0,
                8.0
              ],
              "uv": [
                24,
                6
              ],
              "inflate": 0
            }
          ],
          "parent": "Head"
        },
        {
          "name": "Tentacles",
          "pivot": [
            0,
            23,
            0
          ],
          "parent": "Head"
        },
        {
          "name": "Tentacle",
          "pivot": [
            -4,
            22.5,
            0.5
          ],
          "cubes": [
            {
              "origin": [
                -8.0,
                21.0,
                -1.0
              ],
              "size": [
                4.0,
                3.0,
                3.0
              ],
              "uv": [
                24,
                0
              ],
              "inflate": 0
            }
          ],
          "parent": "Tentacles"
        },
        {
          "name": "bone",
          "pivot": [
            -8,
            22.5,
            0.5
          ],
          "cubes": [
            {
              "origin": [
                -10.12,
                21.38,
                -0.62
              ],
              "size": [
                2.24,
                2.24,
                2.24
              ],
              "uv": [
                0,
                0
              ],
              "inflate": 0
            }
          ],
          "parent": "Tentacle"
        },
        {
          "name": "bone2",
          "pivot": [
            -10,
            22.5,
            0.5
          ],
          "cubes": [
            {
              "origin": [
                -12.32,
                21.84,
                -0.16
              ],
              "size": [
                2.64,
                1.32,
                1.32
              ],
              "uv": [
                0,
                4
              ],
              "inflate": 0
            }
          ],
          "parent": "bone"
        },
        {
          "name": "Tentacle2",
          "pivot": [
            4,
            22.5,
            0.5
          ],
          "cubes": [
            {
              "origin": [
                4.0,
                21.0,
                -1.0
              ],
              "size": [
                4.0,
                3.0,
                3.0
              ],
              "uv": [
                24,
                0
              ],
              "inflate": 0,
              "mirror": true
            }
          ],
          "parent": "Tentacles"
        },
        {
          "name": "bone3",
          "pivot": [
            8,
            22.5,
            0.5
          ],
          "cubes": [
            {
              "origin": [
                7.88,
                21.38,
                -0.62
              ],
              "size": [
                2.24,
                2.24,
                2.24
              ],
              "uv": [
                0,
                0
              ],
              "inflate": 0,
              "mirror": true
            }
          ],
          "parent": "Tentacle2"
        },
        {
          "name": "bone4",
          "pivot": [
            10,
            22.5,
            0.5
          ],
          "cubes": [
            {
              "origin": [
                9.68,
                21.84,
                -0.16
              ],
              "size": [
                2.64,
                1.32,
                1.32
              ],
              "uv": [
                0,
                4
              ],
              "inflate": 0,
              "mirror": true
            }
          ],
          "parent": "bone3"
        },
        {
          "name": "Tentacle3",
          "pivot": [
            0,
            19,
            0.5
          ],
          "cubes": [
            {
              "origin": [
                -1.5,
                15.0,
                -1.0
              ],
              "size": [
                3.0,
                4.0,
                3.0
              ],
              "uv": [
                0,
                28
              ],
              "inflate": 0,
              "mirror": true
            }
          ],
          "parent": "Tentacles"
        },
        {
          "name": "bone5",
          "pivot": [
            0,
            15,
            0.5
          ],
          "cubes": [
            {
              "origin": [
                -1.12,
                12.88,
                -0.62
              ],
              "size": [
                2.24,
                2.24,
                2.24
              ],
              "uv": [
                0,
                0
              ],
              "inflate": 0,
              "mirror": true
            }
          ],
          "parent": "Tentacle3"
        },
        {
          "name": "bone6",
          "pivot": [
            0,
            13,
            0.5
          ],
          "cubes": [
            {
              "origin": [
                -0.66,
                10.68,
                -0.16
              ],
              "size": [
                1.32,
                2.64,
                1.32
              ],
              "uv": [
                0,
                14
              ],
              "inflate": 0,
              "mirror": true
            }
          ],
          "parent": "bone5"
        },
        {
          "name": "Tentacle4",
          "pivot": [
            0,
            27,
            0.5
          ],
          "cubes": [
            {
              "origin": [
                -1.5,
                27.0,
                -1.0
              ],
              "size": [
                3.0,
                4.0,
                3.0
              ],
              "uv": [
                0,
                28
              ],
              "inflate": 0,
              "mirror": true
            }
          ],
          "parent": "Tentacles"
        },
        {
          "name": "bone7",
          "pivot": [
            0,
            31,
            0.5
          ],
          "cubes": [
            {
              "origin": [
                -1.12,
                30.88,
                -0.62
              ],
              "size": [
                2.24,
                2.24,
                2.24
              ],
              "uv": [
                0,
                0
              ],
              "inflate": 0,
              "mirror": true
            }
          ],
          "parent": "Tentacle4"
        },
        {
          "name": "bone8",
          "pivot": [
            0,
            33,
            0.5
          ],
          "cubes": [
            {
              "origin": [
                -0.66,
                32.68,
                -0.16
              ],
              "size": [
                1.32,
                2.64,
                1.32
              ],
              "uv": [
                0,
                14
              ],
              "inflate": 0,
              "mirror": true
            }
          ],
          "parent": "bone7"
        },
        {
          "name": "Tentacle5",
          "pivot": [
            -2.4627,
            19.84339,
            0.5
          ],
          "cubes": [
            {
              "origin": [
                -4.26879,
                16.4627,
                -1.0
              ],
              "size": [
                3.0,
                4.0,
                3.0
              ],
              "uv": [
                0,
                28
              ],
              "inflate": 0,
              "mirror": true
            }
          ],
          "parent": "Tentacles",
          "rotation": [
            0,
            0,
            32.5
          ]
        },
        {
          "name": "bone9",
          "pivot": [
            -2.76879,
            16.4627,
            0.5
          ],
          "cubes": [
            {
              "origin": [
                -3.88879,
                14.3427,
                -0.62
              ],
              "size": [
                2.24,
                2.24,
                2.24
              ],
              "uv": [
                0,
                0
              ],
              "inflate": 0,
              "mirror": true
            }
          ],
          "parent": "Tentacle5"
        },
        {
          "name": "bone10",
          "pivot": [
            -2.76879,
            14.4627,
            0.5
          ],
          "cubes": [
            {
              "origin": [
                -3.42879,
                12.1427,
                -0.16
              ],
              "size": [
                1.32,
                2.64,
                1.32
              ],
              "uv": [
                0,
                14
              ],
              "inflate": 0,
              "mirror": true
            }
          ],
          "parent": "bone9"
        },
        {
          "name": "Tentacle6",
          "pivot": [
            2.4627,
            19.84339,
            0.5
          ],
          "cubes": [
            {
              "origin": [
                1.26879,
                16.4627,
                -1.0
              ],
              "size": [
                3.0,
                4.0,
                3.0
              ],
              "uv": [
                0,
                28
              ],
              "inflate": 0
            }
          ],
          "parent": "Tentacles",
          "rotation": [
            0,
            0,
            -32.5
          ]
        },
        {
          "name": "bone11",
          "pivot": [
            2.76879,
            16.4627,
            0.5
          ],
          "cubes": [
            {
              "origin": [
                1.64879,
                14.3427,
                -0.62
              ],
              "size": [
                2.24,
                2.24,
                2.24
              ],
              "uv": [
                0,
                0
              ],
              "inflate": 0
            }
          ],
          "parent": "Tentacle6"
        },
        {
          "name": "bone12",
          "pivot": [
            2.76879,
            14.4627,
            0.5
          ],
          "cubes": [
            {
              "origin": [
                2.10879,
                12.1427,
                -0.16
              ],
              "size": [
                1.32,
                2.64,
                1.32
              ],
              "uv": [
                0,
                14
              ],
              "inflate": 0
            }
          ],
          "parent": "bone11"
        },
        {
          "name": "Tentacle7",
          "pivot": [
            2.9254,
            26.31322,
            0.5
          ],
          "cubes": [
            {
              "origin": [
                1.73149,
                25.69391,
                -1.0
              ],
              "size": [
                3.0,
                4.0,
                3.0
              ],
              "uv": [
                0,
                28
              ],
              "inflate": 0
            }
          ],
          "parent": "Tentacles",
          "rotation": [
            0,
            0,
            32.5
          ]
        },
        {
          "name": "bone13",
          "pivot": [
            3.23149,
            29.69391,
            0.5
          ],
          "cubes": [
            {
              "origin": [
                2.11149,
                29.57391,
                -0.62
              ],
              "size": [
                2.24,
                2.24,
                2.24
              ],
              "uv": [
                0,
                0
              ],
              "inflate": 0
            }
          ],
          "parent": "Tentacle7"
        },
        {
          "name": "bone14",
          "pivot": [
            3.23149,
            31.69391,
            0.5
          ],
          "cubes": [
            {
              "origin": [
                2.57149,
                31.37391,
                -0.16
              ],
              "size": [
                1.32,
                2.64,
                1.32
              ],
              "uv": [
                0,
                14
              ],
              "inflate": 0
            }
          ],
          "parent": "bone13"
        },
        {
          "name": "Tentacle8",
          "pivot": [
            -2.9254,
            26.31322,
            0.5
          ],
          "cubes": [
            {
              "origin": [
                -4.73149,
                25.69391,
                -1.0
              ],
              "size": [
                3.0,
                4.0,
                3.0
              ],
              "uv": [
                0,
                28
              ],
              "inflate": 0,
              "mirror": true
            }
          ],
          "parent": "Tentacles",
          "rotation": [
            0,
            0,
            -32.5
          ]
        },
        {
          "name": "bone15",
          "pivot": [
            -3.23149,
            29.69391,
            0.5
          ],
          "cubes": [
            {
              "origin": [
                -4.35149,
                29.57391,
                -0.62
              ],
              "size": [
                2.24,
                2.24,
                2.24
              ],
              "uv": [
                0,
                0
              ],
              "inflate": 0,
              "mirror": true
            }
          ],
          "parent": "Tentacle8"
        },
        {
          "name": "bone16",
          "pivot": [
            -3.23149,
            31.69391,
            0.5
          ],
          "cubes": [
            {
              "origin": [
                -3.89149,
                31.37391,
                -0.16
              ],
              "size": [
                1.32,
                2.64,
                1.32
              ],
              "uv": [
                0,
                14
              ],
              "inflate": 0,
              "mirror": true
            }
          ],
          "parent": "bone15"
        }
      ]
    }
  ]
}