{
  "format_version": "1.12.0",
  "minecraft:geometry": [
    {
      "description": {
        "identifier": "geometry.yg_skull_door",
        "texture_width": 64,
        "texture_height": 64,
        "visible_bounds_width": 2,
        "visible_bounds_height": 3.5,
        "visible_bounds_offset": [
          0,
          1.25,
          0
        ]
      },
      "bones": [
        {
          "name": "spin",
          "pivot": [
            -8,
            0,
            0
          ]
        },
        {
          "name": "waist",
          "cubes": [
            {
              "origin": [
                -8.0,
                0.0,
                -1.5
              ],
              "size": [
                16.0,
                32.0,
                3.0
              ],
              "uv": [
                0,
                0
              ],
              "inflate": 0
            },
            {
              "origin": [
                -4.0,
                16.0,
                -3.5
              ],
              "size": [
                8.0,
                7.0,
                2.0
              ],
              "uv": [
                0,
                35
              ],
              "inflate": 0
            },
            {
              "origin": [
                -2.5,
                12.26385,
                -3.09082
              ],
              "size": [
                5.0,
                4.0,
                2.0
              ],
              "pivot": [
                0.0,
                14.26385,
                -2.09082
              ],
              "rotation": [
                12.5,
                0.0,
                0.0
              ],
              "uv": [
                20,
                35
              ],
              "inflate": 0
            }
          ],
          "parent": "spin"
        }
      ]
    }
  ]
}