{"format_version":"1.12.0","minecraft:geometry":[{"description":{"identifier":"geometry.yg_shadow","texture_width":64,"texture_height":64,"visible_bounds_width":5,"visible_bounds_height":5.5,"visible_bounds_offset":[0,2.25,0]},"bones":[{"name":"Root"},{"name":"Body","pivot":[0,30,0],"cubes":[{"origin":[-1,47,-1],"size":[2,4,2],"uv":[0,0],"inflate":0},{"origin":[-3,30,-2],"size":[6,18,4],"uv":[0,18],"inflate":0}],"parent":"Root","locators":{"ash":[0,7,0]}},{"name":"Head","pivot":[0,50,0],"cubes":[{"origin":[-4,50,-4],"size":[8,10,8],"uv":[0,0],"inflate":0}],"parent":"Body"},{"name":"Rightarm","pivot":[-3,46,0],"cubes":[{"origin":[-17,45,-1],"size":[14,2,2],"uv":[24,4],"inflate":0}],"parent":"Body"},{"name":"bone","pivot":[-17,46,0],"cubes":[{"origin":[-31,45,-1],"size":[14,2,2],"uv":[24,0],"inflate":0}],"parent":"Rightarm"},{"name":"Leftarm","pivot":[3,46,0],"cubes":[{"origin":[3,45,-1],"size":[14,2,2],"uv":[20,22],"inflate":0}],"parent":"Body"},{"name":"bone2","pivot":[17,46,0],"cubes":[{"origin":[17,45,-1],"size":[14,2,2],"uv":[16,18],"inflate":0}],"parent":"Leftarm"},{"name":"Rightleg","pivot":[-1.7,30,0],"cubes":[{"origin":[-2.7,16,-1],"size":[2,14,2],"uv":[0,40],"inflate":0}],"parent":"Root"},{"name":"bone3","pivot":[-1.7,16,0],"cubes":[{"origin":[-2.7,2,-1],"size":[2,14,2],"uv":[36,26],"inflate":0}],"parent":"Rightleg"},{"name":"Leftleg","pivot":[1.7,30,0],"cubes":[{"origin":[0.7,16,-1],"size":[2,14,2],"uv":[28,26],"inflate":0}],"parent":"Root"},{"name":"bone4","pivot":[1.7,16,0],"cubes":[{"origin":[0.7,2,-1],"size":[2,14,2],"uv":[20,26],"inflate":0}],"parent":"Leftleg"}]}]}