{"format_version":"1.12.0","minecraft:geometry":[{"description":{"identifier":"geometry.yg_seek","texture_width":256,"texture_height":256,"visible_bounds_width":4,"visible_bounds_height":4,"visible_bounds_offset":[0,1,0]},"bones":[{"name":"Root"},{"name":"Body","pivot":[0,16.00107,-0.10868],"cubes":[{"origin":[-4,25.00428,-2.43474],"size":[8,5,5],"pivot":[0,27.50428,0.06526],"rotation":[7.5,0,0],"uv":[60,39],"inflate":0},{"origin":[-4,16,-2.5],"size":[8,2,5],"uv":[29,64],"inflate":0},{"origin":[-3.5,18,-2],"size":[7,8,4],"uv":[40,72],"inflate":0},{"origin":[-1.5,28,-2],"size":[3,3,3],"uv":[24,17],"inflate":0}],"parent":"Root"},{"name":"Head","pivot":[0,30,0],"cubes":[{"origin":[-4,30,-4],"size":[8,8,8],"uv":[0,17],"inflate":0},{"origin":[-4.4096,30.6928,-4.1024],"size":[8.8192,6.6144,2.2048],"uv":[40,84],"inflate":0}],"parent":"Body"},{"name":"Rightarm","pivot":[-4.5,29,0],"cubes":[{"origin":[-7,22,-2],"size":[3,8,4],"uv":[0,88],"inflate":0}],"parent":"Body"},{"name":"bone","pivot":[-5.5,21.5,0],"cubes":[{"origin":[-7,13,-2],"size":[3,9,4],"uv":[0,33],"inflate":0}],"parent":"Rightarm"},{"name":"Leftarm","pivot":[4.5,29,0],"cubes":[{"origin":[4,22,-2],"size":[3,8,4],"uv":[0,88],"inflate":0,"mirror":true}],"parent":"Body"},{"name":"bone4","pivot":[5.5,21.5,0],"cubes":[{"origin":[4,13,-2],"size":[3,9,4],"uv":[0,33],"inflate":0,"mirror":true}],"parent":"Leftarm"},{"name":"Rightleg","pivot":[-2,16,0],"cubes":[{"origin":[-4,9,-2],"size":[4,8,4],"uv":[78,76],"inflate":0}],"parent":"Root"},{"name":"bone2","pivot":[-2,8.5,0],"cubes":[{"origin":[-4,0,-2],"size":[4,9,4],"uv":[62,76],"inflate":0}],"parent":"Rightleg"},{"name":"Leftleg","pivot":[2,16,0],"cubes":[{"origin":[0,9,-2],"size":[4,8,4],"uv":[78,76],"inflate":0,"mirror":true}],"parent":"Root"},{"name":"bone3","pivot":[2,8.5,0],"cubes":[{"origin":[0,0,-2],"size":[4,9,4],"uv":[62,76],"inflate":0,"mirror":true}],"parent":"Leftleg"}]}]}