{
	"format_version": "1.12.0",
	"minecraft:geometry": [
		{
			"description": {
				"identifier": "geometry.ftl_sc_map_bot_player",
				"texture_width": 168,
				"texture_height": 168,
				"visible_bounds_width": 5,
				"visible_bounds_height": 8.5,
				"visible_bounds_offset": [0, 3.75, 0]
			},
			"bones": [
				{
					"name": "waist",
					"pivot": [0, 0, 0]
				},
				{
					"name": "staffbody",
					"parent": "waist",
					"pivot": [0, 8, 0],
					"cubes": [
						{"origin": [10.5, 51, -1.5], "size": [3, 13, 3], "inflate": 3, "pivot": [0, 57.5, 0], "rotation": [0, 0, 90], "uv": [0, 84]},
						{"origin": [44.6, 51, -1.5], "size": [3, 13, 3], "inflate": 5, "pivot": [0, 57.5, 0], "rotation": [0, 0, 90], "uv": [0, 84]},
						{"origin": [49.6, 44, -1.5], "size": [3, 12, 3], "inflate": 2, "pivot": [0, 57.5, 0], "rotation": [0, 0, 90], "uv": [0, 84]},
						{"origin": [-52.6, 44, -1.5], "size": [3, 12, 3], "inflate": 2, "pivot": [0, 57.5, 0], "rotation": [0, 0, -90], "uv": [0, 84], "mirror": true},
						{"origin": [-9, 18, -6], "size": [18, 25, 12], "uv": [13, 67]},
						{"origin": [-7, 33, -9.1], "size": [14, 15, 3], "uv": [132, 150]},
						{"origin": [-7, 36, -7.2], "size": [6, 15, 0], "uv": [156, 119]},
						{"origin": [-7, 35, -8.2], "size": [6, 15, 0], "uv": [156, 119]},
						{"origin": [1, 36, -7.2], "size": [6, 15, 0], "uv": [156, 119]},
						{"origin": [1, 35, -8.2], "size": [6, 15, 0], "uv": [156, 119]},
						{"origin": [1, 37, -6.2], "size": [6, 15, 0], "uv": [156, 119]},
						{"origin": [-7, 37, 6.2], "size": [6, 15, 0], "uv": [156, 119]},
						{"origin": [-7, 36, 7.2], "size": [6, 15, 0], "uv": [156, 119]},
						{"origin": [-7, 35, 8.2], "size": [6, 15, 0], "uv": [156, 119]},
						{"origin": [1, 37, 6.2], "size": [6, 15, 0], "uv": [156, 119]},
						{"origin": [1, 36, 7.2], "size": [6, 15, 0], "uv": [156, 119]},
						{"origin": [1, 35, 8.2], "size": [6, 15, 0], "uv": [156, 119]},
						{"origin": [-7, 53, -4.1], "size": [2, 10, 0], "pivot": [-6, 52, -6], "rotation": [-90, 0, 0], "uv": [114, 156]},
						{"origin": [-7, 42.76987, -7.5], "size": [2, 8, 0], "pivot": [-6, 45.76987, -7.5], "rotation": [-30, 0, 0], "uv": [114, 156]},
						{"origin": [5, 53, -4.1], "size": [2, 10, 0], "pivot": [6, 52, -6], "rotation": [-90, 0, 0], "uv": [114, 156], "mirror": true},
						{"origin": [5, 42.76987, -7.5], "size": [2, 8, 0], "pivot": [6, 45.76987, -7.5], "rotation": [-30, 0, 0], "uv": [114, 156], "mirror": true},
						{"origin": [-7, 42.76987, 7.5], "size": [2, 8, 0], "pivot": [-6, 45.76987, 7.5], "rotation": [30, 0, 0], "uv": [114, 156]},
						{"origin": [5, 42.76987, 7.5], "size": [2, 8, 0], "pivot": [6, 45.76987, 7.5], "rotation": [30, 0, 0], "uv": [114, 156], "mirror": true},
						{"origin": [-7, 33, 6.1], "size": [14, 15, 3], "pivot": [0, 40.5, 7.6], "rotation": [-180, 0, 180], "uv": [132, 150]},
						{"origin": [-13, 5, -7.5], "size": [26, 13, 15], "uv": [0, 104]},
						{"origin": [-8.5, 19, -5], "size": [17, 25, 10], "uv": [74, 69]}
					]
				},
				{
					"name": "topstaffbody",
					"parent": "staffbody",
					"pivot": [0, 49, 0],
					"cubes": [
						{"origin": [-5.5, 83, -5.5], "size": [11, 4, 11], "uv": [0, 52]},
						{"origin": [-9.5, 66, -7.5], "size": [19, 17, 14], "uv": [64, 0]},
						{"origin": [-15.5, 75, -4.5], "size": [8, 8, 8], "pivot": [-11.5, 78, -0.5], "rotation": [0, 0, 10], "uv": [116, 132]},
						{"origin": [7.5, 75, -4.5], "size": [8, 8, 8], "pivot": [11.5, 78, -0.5], "rotation": [0, 0, -10], "uv": [116, 132], "mirror": true},
						{"origin": [-1.5, 50, -1.5], "size": [3, 13, 3], "inflate": 2.9, "uv": [0, 84]}
					]
				},
				{
					"name": "neck",
					"parent": "topstaffbody",
					"pivot": [0, 88, 0],
					"cubes": [
						{"origin": [-1.5, 88, -1.5], "size": [3, 13, 3], "inflate": 2, "uv": [0, 84]}
					]
				},
				{
					"name": "staffhead",
					"parent": "neck",
					"pivot": [0, 101, 1],
					"cubes": [
						{"origin": [-8, 100.34624, -11.89391], "size": [16, 14, 16], "uv": [0, 0]},
						{"origin": [-8.5, 98.34624, -12.5], "size": [17, 11, 15], "uv": [104, 34]},
						{"origin": [-9, 112.44624, -12.89391], "size": [18, 2, 18], "uv": [45, 43]},
						{"origin": [-12, 111.44624, -15.89391], "size": [24, 1, 24], "uv": [0, 142]},
						{"origin": [-7, 92, -12], "size": [14, 9, 13], "pivot": [0, 101.88806, -4.46018], "rotation": [5, 0, 0], "uv": [0, 30]}
					]
				},
				{
					"name": "rightstaffarm",
					"parent": "topstaffbody",
					"pivot": [-12.8, 75, 0],
					"rotation": [0, 0, 2.5],
					"cubes": [
						{"origin": [-14.3, 63, -1.5], "size": [3, 13, 3], "inflate": 1, "uv": [0, 84]},
						{"origin": [-14.3, 57, -1.5], "size": [3, 2, 3], "inflate": 1, "pivot": [-12.8, 59, 0], "rotation": [0, 0, -180], "uv": [0, 84]}
					]
				},
				{
					"name": "rightstaffarmpeice",
					"parent": "rightstaffarm",
					"pivot": [-12.8, 58, 0],
					"cubes": [
						{"origin": [-14.8, 41, -2], "size": [4, 17, 4], "inflate": 1, "uv": [88, 105]}
					]
				},
				{
					"name": "rightstaffhand",
					"parent": "rightstaffarmpeice",
					"pivot": [-12.8, 40, 0],
					"cubes": [
						{"origin": [-14.5, 33, -3.5], "size": [3, 8, 7], "uv": [95, 133]}
					]
				},
				{
					"name": "rightfinger1",
					"parent": "rightstaffhand",
					"pivot": [-13.5, 33, -2],
					"cubes": [
						{"origin": [-14.5, 28, -3.5], "size": [2, 5, 3], "uv": [100, 138]}
					]
				},
				{
					"name": "rightfingerpeice1",
					"parent": "rightfinger1",
					"pivot": [-13.5, 28, -2],
					"rotation": [0, 0, -25],
					"cubes": [
						{"origin": [-14.5, 24, -3.5], "size": [2, 4, 3], "uv": [90, 114]}
					]
				},
				{
					"name": "rightfinger2",
					"parent": "rightstaffhand",
					"pivot": [-13.5, 33, 2],
					"cubes": [
						{"origin": [-14.5, 28, 0.5], "size": [2, 5, 3], "uv": [100, 138]}
					]
				},
				{
					"name": "rightfingerpeice2",
					"parent": "rightfinger2",
					"pivot": [-13.5, 28, 2],
					"rotation": [0, 0, -25],
					"cubes": [
						{"origin": [-14.5, 24, 0.5], "size": [2, 4, 3], "uv": [90, 114]}
					]
				},
				{
					"name": "rightfinger3",
					"parent": "rightstaffhand",
					"pivot": [-12.5, 37, -3],
					"rotation": [-14.13272, -5.07855, -19.37006],
					"cubes": [
						{"origin": [-13.5, 32, -4.5], "size": [2, 5, 3], "pivot": [-12.5, 32.25, -3], "rotation": [0, -90, 0], "uv": [100, 138]}
					]
				},
				{
					"name": "rightfingerpeice3",
					"parent": "rightfinger3",
					"pivot": [-12.5, 32, -3],
					"rotation": [12.5, 0, 0],
					"cubes": [
						{"origin": [-13.5, 28, -4.5], "size": [2, 4, 3], "pivot": [-12.5, 32.25, -3], "rotation": [0, -90, 0], "uv": [90, 114]}
					]
				},
				{
					"name": "map",
					"parent": "rightstaffhand",
					"pivot": [-11, 32.5, 0.8],
					"cubes": [
						{"origin": [-22, 20, -4.6], "size": [6, 15, 0], "pivot": [-13, 44.5, -6.2], "rotation": [0, 90, 0], "uv": [156, 119]}
					]
				},
				{
					"name": "leftstaffarm",
					"parent": "topstaffbody",
					"pivot": [12.8, 75, 0],
					"rotation": [0, 0, -2.5],
					"cubes": [
						{"origin": [11.3, 63, -1.5], "size": [3, 13, 3], "inflate": 1, "uv": [0, 84], "mirror": true},
						{"origin": [11.3, 57, -1.5], "size": [3, 2, 3], "inflate": 1, "pivot": [12.8, 59, 0], "rotation": [0, 0, 180], "uv": [0, 84], "mirror": true}
					]
				},
				{
					"name": "leftstaffarmpeice",
					"parent": "leftstaffarm",
					"pivot": [12.8, 58, 0],
					"cubes": [
						{"origin": [10.8, 41, -2], "size": [4, 17, 4], "inflate": 1, "uv": [88, 105], "mirror": true}
					]
				},
				{
					"name": "leftstaffhand",
					"parent": "leftstaffarmpeice",
					"pivot": [12.8, 40, 0],
					"cubes": [
						{"origin": [11.5, 33, -3.5], "size": [3, 8, 7], "uv": [95, 133], "mirror": true}
					]
				},
				{
					"name": "leftfinger1",
					"parent": "leftstaffhand",
					"pivot": [13.5, 33, -2],
					"cubes": [
						{"origin": [12.5, 28, -3.5], "size": [2, 5, 3], "uv": [100, 138], "mirror": true}
					]
				},
				{
					"name": "leftfingerpeice1",
					"parent": "leftfinger1",
					"pivot": [13.5, 28, -2],
					"rotation": [0, 0, 25],
					"cubes": [
						{"origin": [12.5, 24, -3.5], "size": [2, 4, 3], "uv": [90, 114], "mirror": true}
					]
				},
				{
					"name": "leftfinger2",
					"parent": "leftstaffhand",
					"pivot": [13.5, 33, 2],
					"cubes": [
						{"origin": [12.5, 28, 0.5], "size": [2, 5, 3], "uv": [100, 138], "mirror": true}
					]
				},
				{
					"name": "leftfingerpeice2",
					"parent": "leftfinger2",
					"pivot": [13.5, 28, 2],
					"rotation": [0, 0, 25],
					"cubes": [
						{"origin": [12.5, 24, 0.5], "size": [2, 4, 3], "uv": [90, 114], "mirror": true}
					]
				},
				{
					"name": "leftfinger3",
					"parent": "leftstaffhand",
					"pivot": [12.5, 37, -3],
					"rotation": [-14.13272, 5.07855, 19.37006],
					"cubes": [
						{"origin": [11.5, 32, -4.5], "size": [2, 5, 3], "pivot": [12.5, 32.25, -3], "rotation": [0, 90, 0], "uv": [100, 138], "mirror": true}
					]
				},
				{
					"name": "leftfingerpeice3",
					"parent": "leftfinger3",
					"pivot": [12.5, 32, -3],
					"rotation": [12.5, 0, 0],
					"cubes": [
						{"origin": [11.5, 28, -4.5], "size": [2, 4, 3], "pivot": [12.5, 32.25, -3], "rotation": [0, 90, 0], "uv": [90, 114], "mirror": true}
					]
				},
				{
					"name": "rightwheel",
					"parent": "staffbody",
					"pivot": [-14.7, 7, 0],
					"cubes": [
						{"origin": [-16.2, 0, -7], "size": [3, 14, 14], "uv": [104, 104]}
					]
				},
				{
					"name": "leftwheel",
					"parent": "staffbody",
					"pivot": [14.7, 7, 0],
					"cubes": [
						{"origin": [13.2, 0, -7], "size": [3, 14, 14], "uv": [104, 104], "mirror": true}
					]
				}
			]
		}
	]
}
\\"": \\\\""?\\\"": \\\\""?\\\"": \\\\""?\\\"": \\\\""?\\\"": \\\\""?\\\"": \\\\""?\\\"": \\\\""?\\\"": \\\\""?\\\"": \\\\""?\\\"": \\\\""?\\\"": \\\\""?\\\"": \\\\""?\\\"": \\\\""?\\\"": \\\\""?\\\"": \\\\""?\\\"": \\\\""?\\\"": \\\\""?\\\"": \\\\""?\\\"": \\\\""?\\\"": \\\\""?\\\"": \\\\""?\\\"": \\\\""?\\\"": \\\\""?\\\"": \\\\""?\\\"": \\\\""?\\\"": \\\\""?\\\"": \\\\""?\\\"": \\\\""?\\\"": \\\\""?\\\"": \\\\""?\\\"": \\\\""?\\\"": \\\\""?\\\"": \\\\""?\\\"": \\\\""?\\\"": \\\\""?\\\"": \\\\""?\\\"": \\\\""?\\\"": \\\\""?\\\"": \\\\""?\\\"": \\\\""?\\\"": \\\\""?\\\"": \\\\""?\\\"": \\\\""?\\\"": \\\\""?\\\"": \\\\""?\\\"": \\\\""?\\\"": \\\\""?\\\"": \\\\""?\\\"": \\\\""?\\\"": \\\\""?\\\"": \\\\""?\]}}}}}