{
	"format_version": "1.12.0",
	"minecraft:geometry": [
		{
			"description": {
				"identifier": "geometry.ftl_sc_roxanne_wolf",
				"texture_width": 298,
				"texture_height": 298,
				"visible_bounds_width": 10,
				"visible_bounds_height": 11.5,
				"visible_bounds_offset": [0, 5.25, 0]
			},
			"bones": [
				{
					"name": "waist",
					"pivot": [0, 0, 0]
				},
				{
					"name": "bodywaist",
					"parent": "waist",
					"pivot": [0, 70, 0],
					"cubes": [
						{"origin": [-12, 69, -8], "size": [24, 13, 15], "inflate": 0.5, "pivot": [-1, 80, -1.5], "rotation": [5, 0, 0], "uv": [142, 194]},
						{"origin": [-9, 70, -7], "size": [18, 7, 12], "uv": [15, 156]}
					]
				},
				{
					"name": "body",
					"parent": "bodywaist",
					"pivot": [0, 82, -1],
					"cubes": [
						{"origin": [-12.5, 98.7, -7.5], "size": [25, 20, 13], "inflate": 0.2, "uv": [140, 92]},
						{"origin": [-21.5, 115, -6.5], "size": [12, 6, 11], "pivot": [-18.5, 117, -1], "rotation": [0, 0, 7.5], "uv": [55, 113]},
						{"origin": [9.5, 115, -6.5], "size": [12, 6, 11], "pivot": [18.5, 117, -1], "rotation": [0, 0, -7.5], "uv": [55, 113], "mirror": true},
						{"origin": [-12.6, 99.45774, -9.13099], "size": [25.2, 18, 5], "inflate": 0.2, "pivot": [-0.1, 108.95774, -6.63099], "rotation": [-10, 0, 0], "uv": [150, 170]},
						{"origin": [-5.5, 119, -6.5], "size": [11, 3, 11], "uv": [0, 173]},
						{"origin": [-10.5, 80, -7], "size": [21, 20, 12], "inflate": 0.2, "uv": [150, 125]},
						{"origin": [-12, 108, -7], "size": [24, 10, 12], "uv": [24, 131]},
						{"origin": [-2, 121, 0.9], "size": [4, 16, 4], "pivot": [0, 107, 4], "rotation": [0, 0, -180], "uv": [14, 58]},
						{"origin": [-2, 93, 0.9], "size": [4, 24, 4], "uv": [12, 57]}
					]
				},
				{
					"name": "neck",
					"parent": "body",
					"pivot": [0, 117, -1],
					"cubes": [
						{"origin": [-2, 116, -3], "size": [4, 9, 4], "uv": [18, 58]},
						{"origin": [-4, 114, -5], "size": [8, 12, 8], "uv": [104, 32]}
					]
				},
				{
					"name": "head",
					"parent": "neck",
					"pivot": [0, 125, -2],
					"cubes": [
						{"origin": [-10, 124, -12], "size": [20, 20, 20], "uv": [0, 0]},
						{"origin": [-9, 144, -3], "size": [18, 5, 7], "pivot": [0, 130.5, 4.5], "rotation": [2.5, 0, 0], "uv": [140, 37]},
						{"origin": [-3.00823, 140.70046, -7.61302], "size": [7, 10, 7], "pivot": [2.39177, 145.70046, -4.11302], "rotation": [39.17259, -9.43281, 7.6007], "uv": [83, 20]},
						{"origin": [-0.29754, 142.26648, -9.6873], "size": [6, 10, 6], "pivot": [4.20246, 147.26648, -7.1873], "rotation": [60.00774, -38.96312, 39.25349], "uv": [84, 21]},
						{"origin": [5.14167, 141.10223, -12.11639], "size": [5, 8, 5], "pivot": [9.64167, 146.10223, -10.61639], "rotation": [72.51375, -63.31986, 48.65295], "uv": [86, 22]},
						{"origin": [7.4392, 138.03517, -11.58654], "size": [4, 8, 4], "pivot": [11.9392, 143.03517, -11.08654], "rotation": [143.56838, -77.6613, 16.04922], "uv": [89, 24]},
						{"origin": [-5, 128, -20], "size": [10, 5, 8], "uv": [61, 0]},
						{"origin": [-4.9, 124.6, -19.7], "size": [9.8, 4, 7.8], "uv": [96, 6]},
						{"origin": [-2.5, 131.5, -20.4], "size": [5, 2, 3], "uv": [0, 0]},
						{"origin": [6.76549, 124.50972, -10.48351], "size": [6, 9, 5], "pivot": [9.76549, 128.60972, -7.88351], "rotation": [2.06615, -42.30053, -6.76733], "uv": [0, 40]},
						{"origin": [10.03732, 127.16659, -6.30863], "size": [2, 7, 4], "pivot": [13.03732, 127.26659, -4.00863], "rotation": [11.45983, -59.15109, -17.77382], "uv": [22, 40]},
						{"origin": [12.07476, 131.25713, -6.33971], "size": [2, 3, 3], "pivot": [13.07476, 128.75713, -4.53971], "rotation": [22.97542, -56.91691, -31.32746], "uv": [35, 40]},
						{"origin": [12.07476, 127.95713, -6.33971], "size": [2, 3, 3], "pivot": [13.07476, 128.75713, -4.53971], "rotation": [22.97542, -56.91691, -31.32746], "uv": [35, 40]},
						{"origin": [14.07476, 128.95713, -6.33971], "size": [1, 2, 3], "pivot": [13.07476, 128.75713, -4.53971], "rotation": [22.97542, -56.91691, -31.32746], "uv": [35, 40]},
						{"origin": [14.07476, 132.25713, -6.33971], "size": [1, 2, 3], "pivot": [13.07476, 128.75713, -4.53971], "rotation": [22.97542, -56.91691, -31.32746], "uv": [35, 40]},
						{"origin": [-12.76549, 124.50972, -10.48351], "size": [6, 9, 5], "pivot": [-9.76549, 128.60972, -7.88351], "rotation": [2.06615, 42.30053, 6.76733], "uv": [0, 40], "mirror": true},
						{"origin": [-13.62228, 131.11016, -6.993], "size": [2, 3, 3], "pivot": [-12.62228, 132.61016, -5.593], "rotation": [22.97542, 56.91691, 31.32746], "uv": [35, 40], "mirror": true},
						{"origin": [-12.03732, 127.16659, -6.30863], "size": [2, 7, 4], "pivot": [-13.03732, 127.26659, -4.00863], "rotation": [11.45983, 59.15109, 17.77382], "uv": [22, 40], "mirror": true},
						{"origin": [-15.07476, 132.25713, -6.33971], "size": [1, 2, 3], "pivot": [-13.07476, 128.75713, -4.53971], "rotation": [22.97542, 56.91691, 31.32746], "uv": [35, 40], "mirror": true},
						{"origin": [-14.07476, 127.95713, -6.33971], "size": [2, 3, 3], "pivot": [-13.07476, 128.75713, -4.53971], "rotation": [22.97542, 56.91691, 31.32746], "uv": [35, 40], "mirror": true},
						{"origin": [-15.07476, 128.95713, -6.33971], "size": [1, 2, 3], "pivot": [-13.07476, 128.75713, -4.53971], "rotation": [22.97542, 56.91691, 31.32746], "uv": [35, 40], "mirror": true}
					]
				},
				{
					"name": "endohead",
					"parent": "head",
					"pivot": [0, 124.8, -1],
					"cubes": [
						{"origin": [-6, 129.8, -3], "size": [12, 12, 6], "uv": [5, 56]},
						{"origin": [-5, 124.8, 2.1], "size": [10, 16, 1], "uv": [52, 59]},
						{"origin": [-6, 123.8, 0], "size": [12, 6, 3], "pivot": [0, 126.8, 1.5], "rotation": [0, 0, -180], "uv": [8, 75]},
						{"origin": [-2, 132.7, -9.9], "size": [4, 9, 7], "uv": [0, 86]},
						{"origin": [-6, 129.8, -9], "size": [12, 3, 6], "uv": [6, 62]},
						{"origin": [-6, 124.8, -4], "size": [1, 5, 3], "uv": [19, 64]},
						{"origin": [5, 124.8, -4], "size": [1, 5, 3], "uv": [19, 64], "mirror": true},
						{"origin": [-7.1, 132.8, -8], "size": [6, 6, 2], "uv": [0, 102]},
						{"origin": [1.1, 132.8, -8], "size": [6, 6, 2], "uv": [0, 102], "mirror": true},
						{"origin": [2.1, 133.8, -8], "size": [4, 5, 8], "pivot": [4.1, 135.8, -2.5], "rotation": [12.5, 0, 0], "uv": [0, 120], "mirror": true},
						{"origin": [-6.1, 133.8, -8], "size": [4, 5, 8], "pivot": [-4.1, 135.8, -2.5], "rotation": [12.5, 0, 0], "uv": [0, 120]},
						{"origin": [2.5, 133.4, -12.1], "size": [5, 5, 5], "uv": [25, 86]},
						{"origin": [3.3, 134.2, -12.2], "size": [3.4, 3.4, 1], "uv": [4, 11]},
						{"origin": [4, 134.9, -12.3], "size": [2, 2, 1], "uv": [2, 6]},
						{"origin": [-6, 134.9, -12.3], "size": [2, 2, 1], "uv": [2, 6], "mirror": true},
						{"origin": [-6.7, 134.2, -12.2], "size": [3.4, 3.4, 1], "uv": [4, 11], "mirror": true},
						{"origin": [-7.5, 133.4, -12.1], "size": [5, 5, 5], "uv": [25, 86], "mirror": true},
						{"origin": [-5, 128.8, -9], "size": [10, 1, 11], "uv": [21, 107]},
						{"origin": [-2, 125.8, -3], "size": [4, 4, 4], "uv": [24, 3]}
					]
				},
				{
					"name": "topeyelids",
					"parent": "endohead",
					"pivot": [0, 137.5, -8.8],
					"rotation": [-25, 0, 0],
					"cubes": [
						{"origin": [2.4, 136, -12.4], "size": [5.2, 3, 5.2], "uv": [43, 45]},
						{"origin": [1.5, 135.97274, -18.49294], "size": [9.2, 3, 8], "inflate": -1.3, "pivot": [5.7, 137.47274, -14.79294], "rotation": [-15.12353, -7.24305, 1.95155], "uv": [39, 89]},
						{"origin": [-10.7, 135.97274, -18.49294], "size": [9.2, 3, 8], "inflate": -1.3, "pivot": [-5.7, 137.47274, -14.79294], "rotation": [-15.12353, 7.24305, -1.95155], "uv": [39, 89], "mirror": true},
						{"origin": [-7.6, 136, -12.4], "size": [5.2, 3, 5.2], "uv": [43, 45], "mirror": true}
					]
				},
				{
					"name": "bottumeyelids",
					"parent": "endohead",
					"pivot": [0, 135.1, -8.8],
					"rotation": [57.5, 0, 0],
					"cubes": [
						{"origin": [2.4, 133.6, -12.4], "size": [5.2, 3, 5.2], "uv": [19, 55]},
						{"origin": [-7.6, 133.6, -12.4], "size": [5.2, 3, 5.2], "uv": [19, 55], "mirror": true}
					]
				},
				{
					"name": "endojaw",
					"parent": "endohead",
					"pivot": [0, 124.8, -1],
					"cubes": [
						{"origin": [-5, 123.8, -9], "size": [10, 3, 9], "uv": [0, 73]},
						{"origin": [-5, 126.8, -9], "size": [10, 1, 11], "uv": [21, 107]}
					]
				},
				{
					"name": "rightear",
					"parent": "endohead",
					"pivot": [-4.5, 138.5, -2],
					"rotation": [0, 0, -47.5],
					"cubes": [
						{"origin": [-7, 137, -3], "size": [2, 9, 2], "uv": [27, 63]},
						{"origin": [-8.5, 145, -4], "size": [8, 9, 4], "uv": [174, 0]},
						{"origin": [-8, 154, -4], "size": [7, 3, 4], "uv": [176, 13]},
						{"origin": [-4, 137, -3], "size": [2, 9, 2], "uv": [27, 63]}
					]
				},
				{
					"name": "rightearring",
					"parent": "rightear",
					"pivot": [-7, 150, -2],
					"rotation": [0, 0, -27.5],
					"cubes": [
						{"origin": [-11.5, 149.5, -4.5], "size": [5, 1, 5], "uv": [61, 13]},
						{"origin": [-11.5, 148.5, -4.5], "size": [5, 1, 5], "pivot": [-9, 149, -2], "rotation": [0, 0, -180], "uv": [61, 13]}
					]
				},
				{
					"name": "leftear",
					"parent": "endohead",
					"pivot": [4.5, 138.5, -2],
					"rotation": [0, 0, 47.5],
					"cubes": [
						{"origin": [5, 137, -3], "size": [2, 9, 2], "uv": [27, 63], "mirror": true},
						{"origin": [0.5, 145, -4], "size": [8, 9, 4], "uv": [174, 0], "mirror": true},
						{"origin": [1, 154, -4], "size": [7, 3, 4], "uv": [176, 13], "mirror": true},
						{"origin": [2, 137, -3], "size": [2, 9, 2], "uv": [27, 63], "mirror": true}
					]
				},
				{
					"name": "leftearring",
					"parent": "leftear",
					"pivot": [7, 150, -2],
					"rotation": [0, 0, 27.5],
					"cubes": [
						{"origin": [6.5, 149.5, -4.5], "size": [5, 1, 5], "uv": [61, 13], "mirror": true},
						{"origin": [6.5, 148.5, -4.5], "size": [5, 1, 5], "pivot": [9, 149, -2], "rotation": [0, 0, -180], "uv": [61, 13], "mirror": true}
					]
				},
				{
					"name": "jaw",
					"parent": "head",
					"pivot": [0, 126, -8.8],
					"cubes": [
						{"origin": [-5, 124, -19.8], "size": [10, 4, 12], "uv": [129, 0]},
						{"origin": [-4.8, 128, -19.4], "size": [9.6, 3, 11.6], "uv": [120, 16]}
					]
				},
				{
					"name": "hair",
					"parent": "head",
					"pivot": [0, 143.12562, 5.25724],
					"cubes": [
						{"origin": [0, 125, 0], "size": [11, 22, 11], "pivot": [0, 130.5, 4.5], "rotation": [2.5, 0, 0], "uv": [147, 38]},
						{"origin": [-11, 125, 0], "size": [11, 22, 11], "pivot": [0, 130.5, 4.5], "rotation": [2.5, 0, 0], "uv": [147, 38], "mirror": true},
						{"origin": [-14, 125, 2], "size": [3, 20, 9], "pivot": [0, 130.5, 4.5], "rotation": [2.5, 0, 0], "uv": [140, 37]},
						{"origin": [-11, 135, 11], "size": [22, 8, 3], "pivot": [0, 130.5, 4.5], "rotation": [2.5, 0, 0], "uv": [148, 43]},
						{"origin": [-13, 125, 11], "size": [26, 10, 3], "pivot": [0, 130.5, 4.5], "rotation": [2.5, 0, 0], "uv": [140, 37]},
						{"origin": [-17, 125, 5], "size": [3, 14, 6], "pivot": [-3, 130.5, 4.5], "rotation": [2.5, 0, 0], "uv": [140, 37]},
						{"origin": [14, 125, 5], "size": [3, 14, 6], "pivot": [3, 130.5, 4.5], "rotation": [2.5, 0, 0], "uv": [140, 37], "mirror": true},
						{"origin": [11, 125, 4], "size": [3, 20, 7], "pivot": [0, 130.5, 4.5], "rotation": [2.5, 0, 0], "uv": [140, 37], "mirror": true}
					]
				},
				{
					"name": "hairpeice",
					"parent": "hair",
					"pivot": [0, 127.12562, 8.25724],
					"cubes": [
						{"origin": [-11, 78, 4], "size": [22, 50, 8], "pivot": [0, 111.5, 5.5], "rotation": [2.5, 0, 0], "uv": [140, 31]},
						{"origin": [-11, 85, 12], "size": [22, 11, 3], "pivot": [0, 111.5, 5.5], "rotation": [2.5, 0, 0], "uv": [140, 37]},
						{"origin": [-13, 96, 12], "size": [26, 8, 3], "pivot": [0, 111.5, 5.5], "rotation": [2.5, 0, 0], "uv": [140, 37]},
						{"origin": [-13, 123, 12], "size": [26, 5, 3], "pivot": [0, 111.5, 5.5], "rotation": [2.5, 0, 0], "uv": [140, 37]},
						{"origin": [-13, 104, 12], "size": [26, 19, 3], "pivot": [0, 111.5, 5.5], "rotation": [2.5, 0, 0], "uv": [142, 41]},
						{"origin": [13, 104, 12], "size": [2, 19, 3], "pivot": [0, 111.5, 5.5], "rotation": [2.5, 0, 0], "uv": [159, 38]},
						{"origin": [-15, 104, 12], "size": [2, 19, 3], "pivot": [0, 111.5, 5.5], "rotation": [2.5, 0, 0], "uv": [159, 38], "mirror": true},
						{"origin": [-14, 80, 5], "size": [3, 48, 7], "pivot": [0, 111.5, 5.5], "rotation": [2.5, 0, 0], "uv": [154, 32]},
						{"origin": [-17, 87, 6], "size": [3, 41, 6], "pivot": [-3, 111.5, 5.5], "rotation": [2.5, 0, 0], "uv": [140, 37]},
						{"origin": [-20, 96, 7], "size": [3, 32, 5], "pivot": [-3, 111.5, 5.5], "rotation": [2.5, 0, 0], "uv": [149, 43]},
						{"origin": [17, 96, 7], "size": [3, 32, 5], "pivot": [3, 111.5, 5.5], "rotation": [2.5, 0, 0], "uv": [149, 43], "mirror": true},
						{"origin": [14, 87, 6], "size": [3, 41, 6], "pivot": [3, 111.5, 5.5], "rotation": [2.5, 0, 0], "uv": [140, 37], "mirror": true},
						{"origin": [11, 80, 5], "size": [3, 48, 7], "pivot": [0, 111.5, 5.5], "rotation": [2.5, 0, 0], "uv": [147, 30], "mirror": true}
					]
				},
				{
					"name": "glasses",
					"parent": "head",
					"pivot": [0, 135, -3.5],
					"cubes": [
						{"origin": [-10.5, 131, -13], "size": [21, 10, 15], "uv": [226, 189]}
					]
				},
				{
					"name": "rightarm",
					"parent": "body",
					"pivot": [-12, 113, -1],
					"rotation": [0, 0, 5],
					"cubes": [
						{"origin": [-17, 93, -5], "size": [7, 25, 8], "uv": [221, 19]},
						{"origin": [-17.39752, 92.85156, -5.5], "size": [8, 26, 9], "uv": [264, 10]},
						{"origin": [-16.5, 92, -4], "size": [6, 25, 6], "uv": [9, 55]}
					]
				},
				{
					"name": "rightarmpeice",
					"parent": "rightarm",
					"pivot": [-13, 94, -1],
					"cubes": [
						{"origin": [-17.2, 67, -5.2], "size": [7.4, 28, 8.4], "uv": [147, 252]},
						{"origin": [-16.5, 69, -4], "size": [6, 25, 6], "uv": [9, 55]},
						{"origin": [-17.39752, 66.85156, -5.5], "size": [8, 27, 9], "uv": [0, 197]},
						{"origin": [-16.5, 66, -4], "size": [6, 3, 6], "uv": [9, 55]}
					]
				},
				{
					"name": "righthand",
					"parent": "rightarmpeice",
					"pivot": [-13.5, 67.5, -1],
					"cubes": [
						{"origin": [-16, 58, -5.5], "size": [5, 10, 9], "uv": [81, 250]}
					]
				},
				{
					"name": "rightfinger1",
					"parent": "righthand",
					"pivot": [-14.5, 58, -4],
					"rotation": [-2.5, 0, 0],
					"cubes": [
						{"origin": [-16, 53, -5.5], "size": [3, 5, 3], "uv": [166, 147]}
					]
				},
				{
					"name": "rightfingerpiece1",
					"parent": "rightfinger1",
					"pivot": [-14.5, 53, -4],
					"rotation": [0, 0, -17.5],
					"cubes": [
						{"origin": [-16, 49, -5.5], "size": [3, 4, 3], "uv": [166, 147]},
						{"origin": [-14.6, 46.6, -5], "size": [2, 3, 2], "pivot": [-14.6, 46.1, -3.5], "rotation": [0, 0, -20], "uv": [94, 25]},
						{"origin": [-14.4, 44.6, -4.5], "size": [1.6, 2, 1], "pivot": [-14.6, 46.1, -3.5], "rotation": [0, 0, -35], "uv": [94, 25]}
					]
				},
				{
					"name": "rightfinger2",
					"parent": "righthand",
					"pivot": [-14.5, 58, 2],
					"rotation": [2.5, 0, 0],
					"cubes": [
						{"origin": [-16, 53, 0.5], "size": [3, 5, 3], "uv": [166, 147]}
					]
				},
				{
					"name": "rightfingerpiece2",
					"parent": "rightfinger2",
					"pivot": [-14.5, 53, 2],
					"rotation": [0, 0, -17.5],
					"cubes": [
						{"origin": [-16, 49, 0.5], "size": [3, 4, 3], "uv": [166, 147]},
						{"origin": [-14.6, 46.6, 1], "size": [2, 3, 2], "pivot": [-14.6, 46.1, 2.5], "rotation": [0, 0, -20], "uv": [94, 25]},
						{"origin": [-14.4, 44.6, 1.5], "size": [1.6, 2, 1], "pivot": [-14.6, 46.1, 2.5], "rotation": [0, 0, -35], "uv": [94, 25]}
					]
				},
				{
					"name": "rightfinger3",
					"parent": "righthand",
					"pivot": [-14.5, 58, -1],
					"cubes": [
						{"origin": [-16, 53, -2.5], "size": [3, 5, 3], "uv": [166, 147]}
					]
				},
				{
					"name": "rightfingerpiece3",
					"parent": "rightfinger3",
					"pivot": [-14.5, 53, -1],
					"rotation": [0, 0, -17.5],
					"cubes": [
						{"origin": [-16, 49, -2.5], "size": [3, 4, 3], "uv": [166, 147]},
						{"origin": [-14.6, 46.6, -2], "size": [2, 3, 2], "pivot": [-14.6, 46.1, -0.5], "rotation": [0, 0, -20], "uv": [94, 25]},
						{"origin": [-14.4, 44.6, -1.5], "size": [1.6, 2, 1], "pivot": [-14.6, 46.1, -0.5], "rotation": [0, 0, -35], "uv": [94, 25]}
					]
				},
				{
					"name": "rightfinger4",
					"parent": "righthand",
					"pivot": [-12.6, 63, -5],
					"rotation": [-17.10967, -3.73171, -11.93845],
					"cubes": [
						{"origin": [-14.1, 58, -6.5], "size": [3, 5, 3], "uv": [166, 147]}
					]
				},
				{
					"name": "rightfingerpiece4",
					"parent": "rightfinger4",
					"pivot": [-12.6, 58, -5],
					"cubes": [
						{"origin": [-14.1, 54, -6.5], "size": [3, 4, 3], "uv": [166, 147]},
						{"origin": [-13.66687, 51.90477, -5.5], "size": [2, 3, 2], "pivot": [-12.6192, 52.2927, -4.5], "rotation": [20, 0, 0], "uv": [94, 25]},
						{"origin": [-13.37154, 50.2477, -4.61965], "size": [1.6, 2, 1], "pivot": [-12.57154, 51.2477, -4.11965], "rotation": [87.5, -57.5, -90], "uv": [94, 25]}
					]
				},
				{
					"name": "leftarm",
					"parent": "body",
					"pivot": [12, 113, -1],
					"rotation": [0, 0, -5],
					"cubes": [
						{"origin": [10, 93, -5], "size": [7, 25, 8], "uv": [221, 19], "mirror": true},
						{"origin": [10.5, 92, -4], "size": [6, 25, 6], "uv": [9, 55], "mirror": true},
						{"origin": [9.39752, 92.85156, -5.5], "size": [8, 26, 9], "uv": [264, 10], "mirror": true}
					]
				},
				{
					"name": "leftarmpeice",
					"parent": "leftarm",
					"pivot": [13, 94, -1],
					"cubes": [
						{"origin": [9.8, 67, -5.2], "size": [7.4, 28, 8.4], "uv": [147, 252], "mirror": true},
						{"origin": [10.5, 69, -4], "size": [6, 25, 6], "uv": [9, 55], "mirror": true},
						{"origin": [10.5, 66, -4], "size": [6, 3, 6], "uv": [9, 55], "mirror": true},
						{"origin": [9.39752, 66.85156, -5.5], "size": [8, 27, 9], "uv": [0, 197], "mirror": true}
					]
				},
				{
					"name": "lefthand",
					"parent": "leftarmpeice",
					"pivot": [13.5, 67.5, -1],
					"cubes": [
						{"origin": [11, 58, -5.5], "size": [5, 10, 9], "uv": [81, 250], "mirror": true}
					]
				},
				{
					"name": "leftfinger1",
					"parent": "lefthand",
					"pivot": [14.5, 58, -4],
					"rotation": [-2.5, 0, 0],
					"cubes": [
						{"origin": [13, 53, -5.5], "size": [3, 5, 3], "uv": [166, 147], "mirror": true}
					]
				},
				{
					"name": "leftfingerpiece1",
					"parent": "leftfinger1",
					"pivot": [14.5, 53, -4],
					"rotation": [0, 0, 17.5],
					"cubes": [
						{"origin": [13, 49, -5.5], "size": [3, 4, 3], "uv": [166, 147], "mirror": true},
						{"origin": [12.6, 46.6, -5], "size": [2, 3, 2], "pivot": [14.6, 46.1, -3.5], "rotation": [0, 0, 20], "uv": [94, 25], "mirror": true},
						{"origin": [12.8, 44.6, -4.5], "size": [1.6, 2, 1], "pivot": [14.6, 46.1, -3.5], "rotation": [0, 0, 35], "uv": [94, 25], "mirror": true}
					]
				},
				{
					"name": "leftfinger2",
					"parent": "lefthand",
					"pivot": [14.5, 58, 2],
					"rotation": [2.5, 0, 0],
					"cubes": [
						{"origin": [13, 53, 0.5], "size": [3, 5, 3], "uv": [166, 147], "mirror": true}
					]
				},
				{
					"name": "leftfingerpiece2",
					"parent": "leftfinger2",
					"pivot": [14.5, 53, 2],
					"rotation": [0, 0, 17.5],
					"cubes": [
						{"origin": [13, 49, 0.5], "size": [3, 4, 3], "uv": [166, 147], "mirror": true},
						{"origin": [12.6, 46.6, 1], "size": [2, 3, 2], "pivot": [14.6, 46.1, 2.5], "rotation": [0, 0, 20], "uv": [94, 25], "mirror": true},
						{"origin": [12.8, 44.6, 1.5], "size": [1.6, 2, 1], "pivot": [14.6, 46.1, 2.5], "rotation": [0, 0, 35], "uv": [94, 25], "mirror": true}
					]
				},
				{
					"name": "leftfinger3",
					"parent": "lefthand",
					"pivot": [14.5, 58, -1],
					"cubes": [
						{"origin": [13, 53, -2.5], "size": [3, 5, 3], "uv": [166, 147], "mirror": true}
					]
				},
				{
					"name": "leftfingerpiece3",
					"parent": "leftfinger3",
					"pivot": [14.5, 53, -1],
					"rotation": [0, 0, 17.5],
					"cubes": [
						{"origin": [13, 49, -2.5], "size": [3, 4, 3], "uv": [166, 147], "mirror": true},
						{"origin": [12.6, 46.6, -2], "size": [2, 3, 2], "pivot": [14.6, 46.1, -0.5], "rotation": [0, 0, 20], "uv": [94, 25], "mirror": true},
						{"origin": [12.8, 44.6, -1.5], "size": [1.6, 2, 1], "pivot": [14.6, 46.1, -0.5], "rotation": [0, 0, 35], "uv": [94, 25], "mirror": true}
					]
				},
				{
					"name": "leftfinger4",
					"parent": "lefthand",
					"pivot": [12.6, 63, -5],
					"rotation": [-17.10967, 3.73171, 11.93845],
					"cubes": [
						{"origin": [11.1, 58, -6.5], "size": [3, 5, 3], "uv": [166, 147], "mirror": true}
					]
				},
				{
					"name": "leftfingerpiece4",
					"parent": "leftfinger4",
					"pivot": [12.6, 58, -5],
					"cubes": [
						{"origin": [11.1, 54, -6.5], "size": [3, 4, 3], "uv": [166, 147], "mirror": true},
						{"origin": [11.66687, 51.90477, -5.5], "size": [2, 3, 2], "pivot": [12.6192, 52.2927, -4.5], "rotation": [20, 0, 0], "uv": [94, 25], "mirror": true},
						{"origin": [11.77154, 50.2477, -4.61965], "size": [1.6, 2, 1], "pivot": [12.57154, 51.2477, -4.11965], "rotation": [87.5, 57.5, 90], "uv": [94, 25], "mirror": true}
					]
				},
				{
					"name": "jacket",
					"parent": "body",
					"pivot": [0.03333, 118.23741, -3.87532],
					"cubes": [
						{"origin": [-13, 80.83541, -11.00775], "size": [26, 18.4, 3.2], "inflate": 0.2, "pivot": [0, 90.23541, -8.00775], "rotation": [5, 0, 0], "uv": [232, 155]},
						{"origin": [-13, 80.5, -8], "size": [26, 39, 14], "inflate": 0.2, "uv": [218, 74]},
						{"origin": [-13.1, 97.45774, -9.92077], "size": [26.2, 18, 6], "inflate": 0.2, "pivot": [0.4, 108.95774, 0.57923], "rotation": [-10, 0, 0], "uv": [234, 127]}
					]
				},
				{
					"name": "tail",
					"parent": "bodywaist",
					"pivot": [0, 75, 7],
					"cubes": [
						{"origin": [-3, 72, 6], "size": [6, 6, 8], "uv": [185, 141]},
						{"origin": [-2, 73, 5], "size": [4, 4, 17], "uv": [0, 65]},
						{"origin": [-2, 73, 22], "size": [4, 4, 6], "uv": [0, 65]},
						{"origin": [-5, 70, 14], "size": [10, 10, 13], "uv": [98, 148]}
					]
				},
				{
					"name": "tailpeice1",
					"parent": "tail",
					"pivot": [0, 75, 23],
					"cubes": [
						{"origin": [-7, 68, 23], "size": [14, 14, 15], "uv": [95, 145]},
						{"origin": [-2, 73, 28], "size": [4, 4, 9], "uv": [5, 72]}
					]
				},
				{
					"name": "tailpeice2",
					"parent": "tailpeice1",
					"pivot": [0, 75, 35],
					"cubes": [
						{"origin": [-7, 68, 35], "size": [14, 14, 15], "uv": [95, 145]},
						{"origin": [-2, 73, 35], "size": [4, 4, 17], "uv": [0, 63]}
					]
				},
				{
					"name": "tailpeice3",
					"parent": "tailpeice2",
					"pivot": [0, 75, 47],
					"cubes": [
						{"origin": [-7, 68, 47], "size": [14, 14, 15], "uv": [95, 145]},
						{"origin": [-2, 73, 47], "size": [4, 4, 17], "uv": [0, 63]}
					]
				},
				{
					"name": "tailpeice4",
					"parent": "tailpeice3",
					"pivot": [0, 75, 59],
					"cubes": [
						{"origin": [-5, 68, 60], "size": [10, 13, 11], "pivot": [0, 75, 65.5], "rotation": [-90, 0, 0], "uv": [147, 42]},
						{"origin": [-2, 73, 59], "size": [4, 4, 12], "uv": [8, 68]}
					]
				},
				{
					"name": "rightleg",
					"parent": "waist",
					"pivot": [-7, 71, 0],
					"cubes": [
						{"origin": [-13, 40, -6], "size": [12, 32, 12], "uv": [91, 175]},
						{"origin": [-9.5, 52, -2.5], "size": [5, 20, 5], "inflate": 2, "uv": [74, 55]},
						{"origin": [-9.5, 39, -2.5], "size": [5, 12, 5], "inflate": 2, "uv": [74, 55]},
						{"origin": [-9, 47, -2], "size": [4, 25, 4], "inflate": 2, "uv": [16, 57]},
						{"origin": [-9, 39, -2], "size": [4, 7, 4], "inflate": 2, "uv": [16, 57]}
					]
				},
				{
					"name": "rightlegpeice",
					"parent": "rightleg",
					"pivot": [-7, 40, 0],
					"cubes": [
						{"origin": [-13.2, 6, -6.2], "size": [12.4, 36, 12.4], "uv": [43, 180]},
						{"origin": [-11, 9, -4], "size": [8, 27, 8], "inflate": 1, "uv": [95, 79]},
						{"origin": [-9, 4, -2], "size": [4, 27, 4], "inflate": 1, "uv": [12, 55]},
						{"origin": [-9, 31, -2], "size": [4, 7, 4], "inflate": 1, "uv": [12, 55]}
					]
				},
				{
					"name": "rightfoot",
					"parent": "rightlegpeice",
					"pivot": [-7, 6, 0],
					"cubes": [
						{"origin": [-14, 0, -14], "size": [14, 8, 20], "uv": [36, 247]},
						{"origin": [-4.4, 0, -20.8], "size": [5, 8, 7], "pivot": [-2.5, 4, -18], "rotation": [0, -5, 0], "uv": [60, 250]},
						{"origin": [-9.55625, 0, -20.91177], "size": [5, 8, 7], "uv": [60, 250]},
						{"origin": [-14.7, 0, -20.8], "size": [5, 8, 7], "pivot": [-11.5, 4, -18], "rotation": [0, 5, 0], "uv": [60, 250], "mirror": true},
						{"origin": [-14.10032, 2, -24.20589], "size": [3, 4, 4], "pivot": [-7.05195, 4, -21.78731], "rotation": [15.0547, 4.82922, 1.29717], "uv": [165, 242], "mirror": true},
						{"origin": [-8.55625, 2, -23.91177], "size": [3, 4, 4], "pivot": [-7.05195, 4, -21.78731], "rotation": [15, 0, 0], "uv": [165, 242]},
						{"origin": [-3.00008, 2, -24.21495], "size": [3, 4, 4], "pivot": [-7.05195, 4, -21.78731], "rotation": [15.0547, -4.82922, -1.29717], "uv": [165, 242]}
					]
				},
				{
					"name": "leftleg",
					"parent": "waist",
					"pivot": [7, 71, 0],
					"cubes": [
						{"origin": [1, 40, -6], "size": [12, 32, 12], "uv": [91, 175], "mirror": true},
						{"origin": [4.5, 52, -2.5], "size": [5, 20, 5], "inflate": 2, "uv": [74, 55], "mirror": true},
						{"origin": [4.5, 39, -2.5], "size": [5, 12, 5], "inflate": 2, "uv": [74, 55], "mirror": true},
						{"origin": [5, 47, -2], "size": [4, 25, 4], "inflate": 2, "uv": [16, 57], "mirror": true},
						{"origin": [5, 39, -2], "size": [4, 7, 4], "inflate": 2, "uv": [16, 57], "mirror": true}
					]
				},
				{
					"name": "leftlegpeice",
					"parent": "leftleg",
					"pivot": [7, 40, 0],
					"cubes": [
						{"origin": [0.8, 6, -6.2], "size": [12.4, 36, 12.4], "uv": [43, 180], "mirror": true},
						{"origin": [3, 9, -4], "size": [8, 27, 8], "inflate": 1, "uv": [95, 79], "mirror": true},
						{"origin": [5, 4, -2], "size": [4, 27, 4], "inflate": 1, "uv": [12, 55], "mirror": true},
						{"origin": [5, 31, -2], "size": [4, 7, 4], "inflate": 1, "uv": [12, 55], "mirror": true}
					]
				},
				{
					"name": "leftfoot",
					"parent": "leftlegpeice",
					"pivot": [7, 6, 0],
					"cubes": [
						{"origin": [0, 0, -14], "size": [14, 8, 20], "uv": [36, 247], "mirror": true},
						{"origin": [-0.6, 0, -20.8], "size": [5, 8, 7], "pivot": [2.5, 4, -18], "rotation": [0, 5, 0], "uv": [60, 250], "mirror": true},
						{"origin": [4.55625, 0, -20.91177], "size": [5, 8, 7], "uv": [60, 250], "mirror": true},
						{"origin": [9.7, 0, -20.8], "size": [5, 8, 7], "pivot": [11.5, 4, -18], "rotation": [0, -5, 0], "uv": [60, 250]},
						{"origin": [11.10032, 2, -24.20589], "size": [3, 4, 4], "pivot": [7.05195, 4, -21.78731], "rotation": [15.0547, -4.82922, -1.29717], "uv": [165, 242]},
						{"origin": [5.55625, 2, -23.91177], "size": [3, 4, 4], "pivot": [7.05195, 4, -21.78731], "rotation": [15, 0, 0], "uv": [165, 242], "mirror": true},
						{"origin": [0.00008, 2, -24.21495], "size": [3, 4, 4], "pivot": [7.05195, 4, -21.78731], "rotation": [15.0547, 4.82922, 1.29717], "uv": [165, 242], "mirror": true}
					]
				}
			]
		}
	]
}
\\"": \\\\""?\\\"": \\\\""?\\\"": \\\\""?\\\"": \\\\""?\\\"": \\\\""?\\\"": \\\\""?\\\"": \\\\""?\\\"": \\\\""?\\\"": \\\\""?\\\"": \\\\""?\\\"": \\\\""?\\\"": \\\\""?\\\"": \\\\""?\\\"": \\\\""?\\\"": \\\\""?\\\"": \\\\""?\\\"": \\\\""?\\\"": \\\\""?\\\"": \\\\""?\\\"": \\\\""?\\\"": \\\\""?\\\"": \\\\""?\\\"": \\\\""?\\\"": \\\\""?\\\"": \\\\""?\\\"": \\\\""?\\\"": \\\\""?\\\"": \\\\""?\\\"": \\\\""?\\\"": \\\\""?\\\"": \\\\""?\\\"": \\\\""?\\\"": \\\\""?\\\"": \\\\""?\\\"": \\\\""?\\\"": \\\\""?\\\"": \\\\""?\\\"": \\\\""?\\\"": \\\\""?\\\"": \\\\""?\\\"": \\\\""?\\\"": \\\\""?\\\"": \\\\""?\\\"": \\\\""?\\\"": \\\\""?\\\"": \\\\""?\\\"": \\\\""?\\\"": \\\\""?\\\"": \\\\""?\\\"": \\\\""?\\\"": \\\\""?\]}}}}}