{
	"format_version": "1.12.0",
	"minecraft:geometry": [
		{
			"description": {
				"identifier": "geometry.ftl_sc_dj_music_man_player",
				"texture_width": 210,
				"texture_height": 210,
				"visible_bounds_width": 18,
				"visible_bounds_height": 13,
				"visible_bounds_offset": [0, 0.5, 0]
			},
			"bones": [
				{
					"name": "djwaist",
					"pivot": [0, 0, 0]
				},
				{
					"name": "djbody",
					"parent": "djwaist",
					"pivot": [0, 27, 23],
					"cubes": [
						{"origin": [-16.5, 16, -18], "size": [33, 29, 23], "uv": [26, 126]},
						{"origin": [-14.5, 17.07128, 0.16946], "size": [29, 26, 16], "pivot": [-2, 30.57128, 8.16946], "rotation": [-7.5, 0, 0], "uv": [116, 106]},
						{"origin": [-12.5, 17.00046, 12.20492], "size": [25, 22, 16], "pivot": [-2, 29.50046, 22.20492], "rotation": [-17.5, 0, 0], "uv": [122, 163]},
						{"origin": [-4, 27, -21], "size": [8, 8, 8], "uv": [67, 36]},
						{"origin": [-19, 24, -15], "size": [8, 8, 8], "uv": [67, 36]},
						{"origin": [-18, 24, 1], "size": [8, 8, 8], "uv": [67, 36]},
						{"origin": [-15, 24, 18], "size": [8, 8, 8], "uv": [67, 36]},
						{"origin": [7, 24, 18], "size": [8, 8, 8], "uv": [67, 36], "mirror": true},
						{"origin": [10, 24, 1], "size": [8, 8, 8], "uv": [67, 36], "mirror": true},
						{"origin": [11, 24, -15], "size": [8, 8, 8], "uv": [67, 36], "mirror": true}
					]
				},
				{
					"name": "neck",
					"parent": "djbody",
					"pivot": [0, 31, -18.5],
					"cubes": [
						{"origin": [-4, 27, -37], "size": [8, 8, 8], "uv": [67, 36]},
						{"origin": [-3.5, 21, -31.5], "size": [7, 12, 7], "pivot": [0, 31, -28], "rotation": [90, 0, 0], "uv": [150, 11]}
					]
				},
				{
					"name": "neckpeice",
					"parent": "neck",
					"pivot": [0, 31, -36.5],
					"cubes": [
						{"origin": [-4, 27, -55], "size": [8, 8, 8], "uv": [67, 36]},
						{"origin": [-3.5, 21, -49.5], "size": [7, 12, 7], "pivot": [0, 31, -46], "rotation": [90, 0, 0], "uv": [150, 11]}
					]
				},
				{
					"name": "djhead",
					"parent": "neckpeice",
					"pivot": [0, 32, -52],
					"cubes": [
						{"origin": [-12, 23, -72], "size": [24, 11, 22], "uv": [0, 0]},
						{"origin": [-10, 23.1, -72], "size": [20, 7, 4], "uv": [0, 119]},
						{"origin": [-1, 34, -73], "size": [2, 3, 1], "uv": [0, 0]},
						{"origin": [-1, 33, -74], "size": [2, 2, 1], "uv": [0, 0]},
						{"origin": [-1, 31, -76], "size": [2, 1, 1], "uv": [0, 0]},
						{"origin": [-1, 32, -75], "size": [2, 1, 1], "uv": [0, 0]},
						{"origin": [-2, 32, -74], "size": [4, 1, 2], "uv": [0, 9]},
						{"origin": [-2, 33, -73], "size": [4, 1, 1], "uv": [0, 9]},
						{"origin": [-3, 31, -74], "size": [6, 1, 2], "uv": [0, 6]},
						{"origin": [-2, 31, -75], "size": [4, 1, 1], "uv": [0, 6]},
						{"origin": [-2, 29, -77], "size": [4, 2, 1], "uv": [0, 6]},
						{"origin": [-4, 29, -75], "size": [8, 2, 3], "uv": [0, 14]},
						{"origin": [-3, 29, -76], "size": [6, 2, 1], "uv": [0, 14]},
						{"origin": [-11, 34, -72], "size": [22, 10, 22], "uv": [0, 33]},
						{"origin": [-13, 22.1, -73.4], "size": [26, 10, 4], "inflate": -2, "uv": [9, 87]},
						{"origin": [-13, 18.8, -73.4], "size": [26, 9, 4], "inflate": -2, "uv": [9, 102]}
					]
				},
				{
					"name": "hat",
					"parent": "djhead",
					"pivot": [0, 44, -61],
					"cubes": [
						{"origin": [-3.5, 44, -64.5], "size": [7, 1, 7], "inflate": 0.5, "uv": [72, 0]},
						{"origin": [-2.5, 46, -63.5], "size": [5, 3, 5], "inflate": 0.5, "uv": [71, 10]}
					]
				},
				{
					"name": "djheadphones",
					"parent": "djhead",
					"pivot": [0, 48.5, -61],
					"cubes": [
						{"origin": [-12.5, 40, -64.5], "size": [25, 9, 6], "inflate": 1, "uv": [0, 65]},
						{"origin": [-13.5, 32, -65.5], "size": [27, 8, 8], "inflate": 1, "uv": [62, 71]}
					]
				},
				{
					"name": "rightdjleg1",
					"parent": "djbody",
					"pivot": [-16, 27.9, -11],
					"rotation": [0, 0, 87.5],
					"cubes": [
						{"origin": [-19.5, -28.6, -14.5], "size": [7, 42, 7], "pivot": [-16, 0.4, -11], "rotation": [0, 0, -180], "uv": [150, 0]},
						{"origin": [-20, -16.6, -15], "size": [8, 8, 8], "uv": [67, 36]}
					]
				},
				{
					"name": "rightdjlegpeice1",
					"parent": "rightdjleg1",
					"pivot": [-16, -13.1, -11],
					"rotation": [0, 0, -22.5],
					"cubes": [
						{"origin": [-19.5, -69.6, -14.5], "size": [7, 50, 7], "pivot": [-16, -40.6, -11], "rotation": [0, 0, -180], "uv": [150, 0]},
						{"origin": [-20, -65.6, -15], "size": [8, 8, 8], "uv": [67, 36]}
					]
				},
				{
					"name": "rightdjhand1",
					"parent": "rightdjlegpeice1",
					"pivot": [-16, -62.1, -11],
					"rotation": [0, 0, 22.5],
					"cubes": [
						{"origin": [-21, -67.1, -18], "size": [10, 6, 14], "uv": [100, 3]},
						{"origin": [-19.5, -80.1, -17.5], "size": [7, 13, 13], "uv": [104, 27]}
					]
				},
				{
					"name": "rightfinger1",
					"parent": "rightdjhand1",
					"pivot": [-17.5, -80.6, -15.5],
					"rotation": [-2.38443, -0.75155, -17.48436],
					"cubes": [
						{"origin": [-19.5, -89.1, -17.5], "size": [4, 9, 4], "uv": [120, 39]}
					]
				},
				{
					"name": "rightfingerpeice1",
					"parent": "rightfinger1",
					"pivot": [-17.5, -89.6, -15.5],
					"rotation": [0, 0, 12.5],
					"cubes": [
						{"origin": [-19.5, -96.1, -17.5], "size": [4, 7, 4], "uv": [120, 39]}
					]
				},
				{
					"name": "rightfinger2",
					"parent": "rightdjhand1",
					"pivot": [-17.5, -80.6, -6.5],
					"rotation": [2.38443, 0.75155, -17.48436],
					"cubes": [
						{"origin": [-19.5, -89.1, -8.5], "size": [4, 9, 4], "uv": [120, 39]}
					]
				},
				{
					"name": "rightfingerpeice2",
					"parent": "rightfinger2",
					"pivot": [-17.5, -89.6, -6.5],
					"rotation": [0, 0, 12.5],
					"cubes": [
						{"origin": [-19.5, -96.1, -8.5], "size": [4, 7, 4], "uv": [120, 39]}
					]
				},
				{
					"name": "rightfinger3",
					"parent": "rightdjhand1",
					"pivot": [-17.5, -80.6, -11],
					"rotation": [0, 0, -17.5],
					"cubes": [
						{"origin": [-19.5, -89.1, -13], "size": [4, 9, 4], "uv": [120, 39]}
					]
				},
				{
					"name": "rightfingerpeice3",
					"parent": "rightfinger3",
					"pivot": [-17.5, -89.6, -11],
					"rotation": [0, 0, 12.5],
					"cubes": [
						{"origin": [-19.5, -96.1, -13], "size": [4, 7, 4], "uv": [120, 39]}
					]
				},
				{
					"name": "rightfinger4",
					"parent": "rightdjhand1",
					"pivot": [-14.7, -73.6, -17],
					"rotation": [-39.75295, -1.67652, -6.9297],
					"cubes": [
						{"origin": [-16.7, -82.1, -19], "size": [4, 9, 4], "uv": [120, 39]}
					]
				},
				{
					"name": "rightfingerpeice4",
					"parent": "rightfinger4",
					"pivot": [-14.7, -82.6, -17],
					"rotation": [12.39638, -1.61888, 7.32417],
					"cubes": [
						{"origin": [-16.7, -89.1, -19], "size": [4, 7, 4], "uv": [120, 39]}
					]
				},
				{
					"name": "rightdjleg2",
					"parent": "djbody",
					"pivot": [-16, 27.9, 5],
					"rotation": [0, 0, 87.5],
					"cubes": [
						{"origin": [-19.5, -28.6, 1.5], "size": [7, 42, 7], "pivot": [-16, 0.4, 5], "rotation": [0, 0, -180], "uv": [150, 0]},
						{"origin": [-20, -16.6, 1], "size": [8, 8, 8], "uv": [67, 36]}
					]
				},
				{
					"name": "rightdjlegpeice2",
					"parent": "rightdjleg2",
					"pivot": [-16, -13.1, 5],
					"rotation": [0, 0, -22.5],
					"cubes": [
						{"origin": [-19.5, -69.6, 1.5], "size": [7, 50, 7], "pivot": [-16, -40.6, 5], "rotation": [0, 0, -180], "uv": [150, 0]},
						{"origin": [-20, -65.6, 1], "size": [8, 8, 8], "uv": [67, 36]}
					]
				},
				{
					"name": "rightdjhand2",
					"parent": "rightdjlegpeice2",
					"pivot": [-16, -62.1, 5],
					"rotation": [0, 0, 22.5],
					"cubes": [
						{"origin": [-21, -67.1, -2], "size": [10, 6, 14], "uv": [100, 3]},
						{"origin": [-19.5, -80.1, -1.5], "size": [7, 13, 13], "uv": [104, 27]}
					]
				},
				{
					"name": "rightfinger5",
					"parent": "rightdjhand2",
					"pivot": [-17.5, -80.6, 0.5],
					"rotation": [-2.38443, -0.75155, -17.48436],
					"cubes": [
						{"origin": [-19.5, -89.1, -1.5], "size": [4, 9, 4], "uv": [120, 39]}
					]
				},
				{
					"name": "rightfingerpeice5",
					"parent": "rightfinger5",
					"pivot": [-17.5, -89.6, 0.5],
					"rotation": [0, 0, 12.5],
					"cubes": [
						{"origin": [-19.5, -96.1, -1.5], "size": [4, 7, 4], "uv": [120, 39]}
					]
				},
				{
					"name": "rightfinger6",
					"parent": "rightdjhand2",
					"pivot": [-17.5, -80.6, 9.5],
					"rotation": [2.38443, 0.75155, -17.48436],
					"cubes": [
						{"origin": [-19.5, -89.1, 7.5], "size": [4, 9, 4], "uv": [120, 39]}
					]
				},
				{
					"name": "rightfingerpeice6",
					"parent": "rightfinger6",
					"pivot": [-17.5, -89.6, 9.5],
					"rotation": [0, 0, 12.5],
					"cubes": [
						{"origin": [-19.5, -96.1, 7.5], "size": [4, 7, 4], "uv": [120, 39]}
					]
				},
				{
					"name": "rightfinger7",
					"parent": "rightdjhand2",
					"pivot": [-17.5, -80.6, 5],
					"rotation": [0, 0, -17.5],
					"cubes": [
						{"origin": [-19.5, -89.1, 3], "size": [4, 9, 4], "uv": [120, 39]}
					]
				},
				{
					"name": "rightfingerpeice7",
					"parent": "rightfinger7",
					"pivot": [-17.5, -89.6, 5],
					"rotation": [0, 0, 12.5],
					"cubes": [
						{"origin": [-19.5, -96.1, 3], "size": [4, 7, 4], "uv": [120, 39]}
					]
				},
				{
					"name": "rightfinger8",
					"parent": "rightdjhand2",
					"pivot": [-14.7, -73.6, -1],
					"rotation": [-39.75295, -1.67652, -6.9297],
					"cubes": [
						{"origin": [-16.7, -82.1, -3], "size": [4, 9, 4], "uv": [120, 39]}
					]
				},
				{
					"name": "rightfingerpeice8",
					"parent": "rightfinger8",
					"pivot": [-14.7, -82.6, -1],
					"rotation": [12.39638, -1.61888, 7.32417],
					"cubes": [
						{"origin": [-16.7, -89.1, -3], "size": [4, 7, 4], "uv": [120, 39]}
					]
				},
				{
					"name": "rightdjleg3",
					"parent": "djbody",
					"pivot": [-16, 27.9, 22],
					"rotation": [0, 0, 87.5],
					"cubes": [
						{"origin": [-19.5, -28.6, 18.5], "size": [7, 42, 7], "pivot": [-16, 0.4, 22], "rotation": [0, 0, -180], "uv": [150, 0]},
						{"origin": [-20, -16.6, 18], "size": [8, 8, 8], "uv": [67, 36]}
					]
				},
				{
					"name": "rightdjlegpeice3",
					"parent": "rightdjleg3",
					"pivot": [-16, -13.1, 22],
					"rotation": [0, 0, -22.5],
					"cubes": [
						{"origin": [-19.5, -69.6, 18.5], "size": [7, 50, 7], "pivot": [-16, -40.6, 22], "rotation": [0, 0, -180], "uv": [150, 0]},
						{"origin": [-20, -65.6, 18], "size": [8, 8, 8], "uv": [67, 36]}
					]
				},
				{
					"name": "rightdjhand3",
					"parent": "rightdjlegpeice3",
					"pivot": [-16, -62.1, 22],
					"rotation": [0, 0, 22.5],
					"cubes": [
						{"origin": [-21, -67.1, 15], "size": [10, 6, 14], "uv": [100, 3]},
						{"origin": [-19.5, -80.1, 15.5], "size": [7, 13, 13], "uv": [104, 27]}
					]
				},
				{
					"name": "rightfinger9",
					"parent": "rightdjhand3",
					"pivot": [-17.5, -80.6, 17.5],
					"rotation": [-2.38443, -0.75155, -17.48436],
					"cubes": [
						{"origin": [-19.5, -89.1, 15.5], "size": [4, 9, 4], "uv": [120, 39]}
					]
				},
				{
					"name": "rightfingerpeice9",
					"parent": "rightfinger9",
					"pivot": [-17.5, -89.6, 17.5],
					"rotation": [0, 0, 12.5],
					"cubes": [
						{"origin": [-19.5, -96.1, 15.5], "size": [4, 7, 4], "uv": [120, 39]}
					]
				},
				{
					"name": "rightfinger10",
					"parent": "rightdjhand3",
					"pivot": [-17.5, -80.6, 26.5],
					"rotation": [2.38443, 0.75155, -17.48436],
					"cubes": [
						{"origin": [-19.5, -89.1, 24.5], "size": [4, 9, 4], "uv": [120, 39]}
					]
				},
				{
					"name": "rightfingerpeice10",
					"parent": "rightfinger10",
					"pivot": [-17.5, -89.6, 26.5],
					"rotation": [0, 0, 12.5],
					"cubes": [
						{"origin": [-19.5, -96.1, 24.5], "size": [4, 7, 4], "uv": [120, 39]}
					]
				},
				{
					"name": "rightfinger11",
					"parent": "rightdjhand3",
					"pivot": [-17.5, -80.6, 22],
					"rotation": [0, 0, -17.5],
					"cubes": [
						{"origin": [-19.5, -89.1, 20], "size": [4, 9, 4], "uv": [120, 39]}
					]
				},
				{
					"name": "rightfingerpeice11",
					"parent": "rightfinger11",
					"pivot": [-17.5, -89.6, 22],
					"rotation": [0, 0, 12.5],
					"cubes": [
						{"origin": [-19.5, -96.1, 20], "size": [4, 7, 4], "uv": [120, 39]}
					]
				},
				{
					"name": "rightfinger12",
					"parent": "rightdjhand3",
					"pivot": [-14.7, -73.6, 16],
					"rotation": [-39.75295, -1.67652, -6.9297],
					"cubes": [
						{"origin": [-16.7, -82.1, 14], "size": [4, 9, 4], "uv": [120, 39]}
					]
				},
				{
					"name": "rightfingerpeice12",
					"parent": "rightfinger12",
					"pivot": [-14.7, -82.6, 16],
					"rotation": [12.39638, -1.61888, 7.32417],
					"cubes": [
						{"origin": [-16.7, -89.1, 14], "size": [4, 7, 4], "uv": [120, 39]}
					]
				},
				{
					"name": "leftdjleg1",
					"parent": "djbody",
					"pivot": [16, 27.9, -11],
					"rotation": [0, 0, -87.5],
					"cubes": [
						{"origin": [12.5, -28.6, -14.5], "size": [7, 42, 7], "pivot": [16, 0.4, -11], "rotation": [0, 0, 180], "uv": [150, 0], "mirror": true},
						{"origin": [12, -16.6, -15], "size": [8, 8, 8], "uv": [67, 36], "mirror": true}
					]
				},
				{
					"name": "leftdjlegpeice1",
					"parent": "leftdjleg1",
					"pivot": [16, -13.1, -11],
					"rotation": [0, 0, 22.5],
					"cubes": [
						{"origin": [12.5, -69.6, -14.5], "size": [7, 50, 7], "pivot": [16, -40.6, -11], "rotation": [0, 0, 180], "uv": [150, 0], "mirror": true},
						{"origin": [12, -65.6, -15], "size": [8, 8, 8], "uv": [67, 36], "mirror": true}
					]
				},
				{
					"name": "leftdjhand",
					"parent": "leftdjlegpeice1",
					"pivot": [16, -62.1, -11],
					"rotation": [0, 0, -22.5],
					"cubes": [
						{"origin": [11, -67.1, -18], "size": [10, 6, 14], "uv": [100, 3], "mirror": true},
						{"origin": [12.5, -80.1, -17.5], "size": [7, 13, 13], "uv": [104, 27], "mirror": true}
					]
				},
				{
					"name": "leftfinger1",
					"parent": "leftdjhand",
					"pivot": [17.5, -80.6, -15.5],
					"rotation": [-2.38443, 0.75155, 17.48436],
					"cubes": [
						{"origin": [15.5, -89.1, -17.5], "size": [4, 9, 4], "uv": [120, 39], "mirror": true}
					]
				},
				{
					"name": "leftfingerpeice1",
					"parent": "leftfinger1",
					"pivot": [17.5, -89.6, -15.5],
					"rotation": [0, 0, -12.5],
					"cubes": [
						{"origin": [15.5, -96.1, -17.5], "size": [4, 7, 4], "uv": [120, 39], "mirror": true}
					]
				},
				{
					"name": "leftfinger2",
					"parent": "leftdjhand",
					"pivot": [17.5, -80.6, -6.5],
					"rotation": [2.38443, -0.75155, 17.48436],
					"cubes": [
						{"origin": [15.5, -89.1, -8.5], "size": [4, 9, 4], "uv": [120, 39], "mirror": true}
					]
				},
				{
					"name": "leftfingerpeice2",
					"parent": "leftfinger2",
					"pivot": [17.5, -89.6, -6.5],
					"rotation": [0, 0, -12.5],
					"cubes": [
						{"origin": [15.5, -96.1, -8.5], "size": [4, 7, 4], "uv": [120, 39], "mirror": true}
					]
				},
				{
					"name": "leftfinger3",
					"parent": "leftdjhand",
					"pivot": [17.5, -80.6, -11],
					"rotation": [0, 0, 17.5],
					"cubes": [
						{"origin": [15.5, -89.1, -13], "size": [4, 9, 4], "uv": [120, 39], "mirror": true}
					]
				},
				{
					"name": "leftfingerpeice3",
					"parent": "leftfinger3",
					"pivot": [17.5, -89.6, -11],
					"rotation": [0, 0, -12.5],
					"cubes": [
						{"origin": [15.5, -96.1, -13], "size": [4, 7, 4], "uv": [120, 39], "mirror": true}
					]
				},
				{
					"name": "leftfinger4",
					"parent": "leftdjhand",
					"pivot": [14.7, -73.6, -17],
					"rotation": [-39.75295, 1.67652, 6.9297],
					"cubes": [
						{"origin": [12.7, -82.1, -19], "size": [4, 9, 4], "uv": [120, 39], "mirror": true}
					]
				},
				{
					"name": "leftfingerpeice4",
					"parent": "leftfinger4",
					"pivot": [14.7, -82.6, -17],
					"rotation": [12.39638, 1.61888, -7.32417],
					"cubes": [
						{"origin": [12.7, -89.1, -19], "size": [4, 7, 4], "uv": [120, 39], "mirror": true}
					]
				},
				{
					"name": "leftdjleg2",
					"parent": "djbody",
					"pivot": [16, 27.9, 5],
					"rotation": [0, 0, -87.5],
					"cubes": [
						{"origin": [12.5, -28.6, 1.5], "size": [7, 42, 7], "pivot": [16, 0.4, 5], "rotation": [0, 0, 180], "uv": [150, 0], "mirror": true},
						{"origin": [12, -16.6, 1], "size": [8, 8, 8], "uv": [67, 36], "mirror": true}
					]
				},
				{
					"name": "leftdjlegpeice2",
					"parent": "leftdjleg2",
					"pivot": [16, -13.1, 5],
					"rotation": [0, 0, 22.5],
					"cubes": [
						{"origin": [12.5, -69.6, 1.5], "size": [7, 50, 7], "pivot": [16, -40.6, 5], "rotation": [0, 0, 180], "uv": [150, 0], "mirror": true},
						{"origin": [12, -65.6, 1], "size": [8, 8, 8], "uv": [67, 36], "mirror": true}
					]
				},
				{
					"name": "leftdjhand2",
					"parent": "leftdjlegpeice2",
					"pivot": [16, -62.1, 5],
					"rotation": [0, 0, -22.5],
					"cubes": [
						{"origin": [11, -67.1, -2], "size": [10, 6, 14], "uv": [100, 3], "mirror": true},
						{"origin": [12.5, -80.1, -1.5], "size": [7, 13, 13], "uv": [104, 27], "mirror": true}
					]
				},
				{
					"name": "leftfinger5",
					"parent": "leftdjhand2",
					"pivot": [17.5, -80.6, 0.5],
					"rotation": [-2.38443, 0.75155, 17.48436],
					"cubes": [
						{"origin": [15.5, -89.1, -1.5], "size": [4, 9, 4], "uv": [120, 39], "mirror": true}
					]
				},
				{
					"name": "leftfingerpeice5",
					"parent": "leftfinger5",
					"pivot": [17.5, -89.6, 0.5],
					"rotation": [0, 0, -12.5],
					"cubes": [
						{"origin": [15.5, -96.1, -1.5], "size": [4, 7, 4], "uv": [120, 39], "mirror": true}
					]
				},
				{
					"name": "leftfinger6",
					"parent": "leftdjhand2",
					"pivot": [17.5, -80.6, 9.5],
					"rotation": [2.38443, -0.75155, 17.48436],
					"cubes": [
						{"origin": [15.5, -89.1, 7.5], "size": [4, 9, 4], "uv": [120, 39], "mirror": true}
					]
				},
				{
					"name": "leftfingerpeice6",
					"parent": "leftfinger6",
					"pivot": [17.5, -89.6, 9.5],
					"rotation": [0, 0, -12.5],
					"cubes": [
						{"origin": [15.5, -96.1, 7.5], "size": [4, 7, 4], "uv": [120, 39], "mirror": true}
					]
				},
				{
					"name": "leftfinger7",
					"parent": "leftdjhand2",
					"pivot": [17.5, -80.6, 5],
					"rotation": [0, 0, 17.5],
					"cubes": [
						{"origin": [15.5, -89.1, 3], "size": [4, 9, 4], "uv": [120, 39], "mirror": true}
					]
				},
				{
					"name": "leftfingerpeice7",
					"parent": "leftfinger7",
					"pivot": [17.5, -89.6, 5],
					"rotation": [0, 0, -12.5],
					"cubes": [
						{"origin": [15.5, -96.1, 3], "size": [4, 7, 4], "uv": [120, 39], "mirror": true}
					]
				},
				{
					"name": "leftfinger8",
					"parent": "leftdjhand2",
					"pivot": [14.7, -73.6, -1],
					"rotation": [-39.75295, 1.67652, 6.9297],
					"cubes": [
						{"origin": [12.7, -82.1, -3], "size": [4, 9, 4], "uv": [120, 39], "mirror": true}
					]
				},
				{
					"name": "leftfingerpeice8",
					"parent": "leftfinger8",
					"pivot": [14.7, -82.6, -1],
					"rotation": [12.39638, 1.61888, -7.32417],
					"cubes": [
						{"origin": [12.7, -89.1, -3], "size": [4, 7, 4], "uv": [120, 39], "mirror": true}
					]
				},
				{
					"name": "leftdjleg3",
					"parent": "djbody",
					"pivot": [16, 27.9, 22],
					"rotation": [0, 0, -87.5],
					"cubes": [
						{"origin": [12.5, -28.6, 18.5], "size": [7, 42, 7], "pivot": [16, 0.4, 22], "rotation": [0, 0, 180], "uv": [150, 0], "mirror": true},
						{"origin": [12, -16.6, 18], "size": [8, 8, 8], "uv": [67, 36], "mirror": true}
					]
				},
				{
					"name": "leftdjlegpeice3",
					"parent": "leftdjleg3",
					"pivot": [16, -13.1, 22],
					"rotation": [0, 0, 22.5],
					"cubes": [
						{"origin": [12.5, -69.6, 18.5], "size": [7, 50, 7], "pivot": [16, -40.6, 22], "rotation": [0, 0, 180], "uv": [150, 0], "mirror": true},
						{"origin": [12, -65.6, 18], "size": [8, 8, 8], "uv": [67, 36], "mirror": true}
					]
				},
				{
					"name": "leftdjhand3",
					"parent": "leftdjlegpeice3",
					"pivot": [16, -62.1, 22],
					"rotation": [0, 0, -22.5],
					"cubes": [
						{"origin": [11, -67.1, 15], "size": [10, 6, 14], "uv": [100, 3], "mirror": true},
						{"origin": [12.5, -80.1, 15.5], "size": [7, 13, 13], "uv": [104, 27], "mirror": true}
					]
				},
				{
					"name": "leftfinger9",
					"parent": "leftdjhand3",
					"pivot": [17.5, -80.6, 17.5],
					"rotation": [-2.38443, 0.75155, 17.48436],
					"cubes": [
						{"origin": [15.5, -89.1, 15.5], "size": [4, 9, 4], "uv": [120, 39], "mirror": true}
					]
				},
				{
					"name": "leftfingerpeice9",
					"parent": "leftfinger9",
					"pivot": [17.5, -89.6, 17.5],
					"rotation": [0, 0, -12.5],
					"cubes": [
						{"origin": [15.5, -96.1, 15.5], "size": [4, 7, 4], "uv": [120, 39], "mirror": true}
					]
				},
				{
					"name": "leftfinger10",
					"parent": "leftdjhand3",
					"pivot": [17.5, -80.6, 26.5],
					"rotation": [2.38443, -0.75155, 17.48436],
					"cubes": [
						{"origin": [15.5, -89.1, 24.5], "size": [4, 9, 4], "uv": [120, 39], "mirror": true}
					]
				},
				{
					"name": "leftfingerpeice10",
					"parent": "leftfinger10",
					"pivot": [17.5, -89.6, 26.5],
					"rotation": [0, 0, -12.5],
					"cubes": [
						{"origin": [15.5, -96.1, 24.5], "size": [4, 7, 4], "uv": [120, 39], "mirror": true}
					]
				},
				{
					"name": "leftfinger11",
					"parent": "leftdjhand3",
					"pivot": [17.5, -80.6, 22],
					"rotation": [0, 0, 17.5],
					"cubes": [
						{"origin": [15.5, -89.1, 20], "size": [4, 9, 4], "uv": [120, 39], "mirror": true}
					]
				},
				{
					"name": "leftfingerpeice11",
					"parent": "leftfinger11",
					"pivot": [17.5, -89.6, 22],
					"rotation": [0, 0, -12.5],
					"cubes": [
						{"origin": [15.5, -96.1, 20], "size": [4, 7, 4], "uv": [120, 39], "mirror": true}
					]
				},
				{
					"name": "leftfinger12",
					"parent": "leftdjhand3",
					"pivot": [14.7, -73.6, 16],
					"rotation": [-39.75295, 1.67652, 6.9297],
					"cubes": [
						{"origin": [12.7, -82.1, 14], "size": [4, 9, 4], "uv": [120, 39], "mirror": true}
					]
				},
				{
					"name": "leftfingerpeice12",
					"parent": "leftfinger12",
					"pivot": [14.7, -82.6, 16],
					"rotation": [12.39638, 1.61888, -7.32417],
					"cubes": [
						{"origin": [12.7, -89.1, 14], "size": [4, 7, 4], "uv": [120, 39], "mirror": true}
					]
				}
			]
		}
	]
}
\\"": \\\\""?\\\"": \\\\""?\\\"": \\\\""?\\\"": \\\\""?\\\"": \\\\""?\\\"": \\\\""?\\\"": \\\\""?\\\"": \\\\""?\\\"": \\\\""?\\\"": \\\\""?\\\"": \\\\""?\\\"": \\\\""?\\\"": \\\\""?\\\"": \\\\""?\\\"": \\\\""?\\\"": \\\\""?\\\"": \\\\""?\\\"": \\\\""?\\\"": \\\\""?\\\"": \\\\""?\\\"": \\\\""?\\\"": \\\\""?\\\"": \\\\""?\\\"": \\\\""?\\\"": \\\\""?\\\"": \\\\""?\\\"": \\\\""?\\\"": \\\\""?\\\"": \\\\""?\\\"": \\\\""?\\\"": \\\\""?\\\"": \\\\""?\\\"": \\\\""?\\\"": \\\\""?\\\"": \\\\""?\\\"": \\\\""?\\\"": \\\\""?\\\"": \\\\""?\\\"": \\\\""?\\\"": \\\\""?\\\"": \\\\""?\\\"": \\\\""?\\\"": \\\\""?\\\"": \\\\""?\\\"": \\\\""?\\\"": \\\\""?\\\"": \\\\""?\\\"": \\\\""?\\\"": \\\\""?\\\"": \\\\""?\\\"": \\\\""?\]}}}}}