{
	"format_version": "1.12.0",
	"minecraft:geometry": [
		{
			"description": {
				"identifier": "geometry.ftl_sc_glamrock_bonnie",
				"texture_width": 298,
				"texture_height": 298,
				"visible_bounds_width": 15,
				"visible_bounds_height": 12.5,
				"visible_bounds_offset": [0, 5.75, 0]
			},
			"bones": [
				{
					"name": "waist",
					"pivot": [0, 0, 0]
				},
				{
					"name": "bodywaist",
					"parent": "waist",
					"pivot": [0, 70, 0],
					"cubes": [
						{"origin": [-12, 70.10428, -7.6116], "size": [24, 12, 15], "inflate": 1, "uv": [142, 194]},
						{"origin": [-9, 70, -7], "size": [18, 7, 12], "uv": [15, 156]}
					]
				},
				{
					"name": "body",
					"parent": "bodywaist",
					"pivot": [0, 82, -1],
					"cubes": [
						{"origin": [-12.5, 97.7, -7.5], "size": [25, 20, 15], "inflate": 1.5, "uv": [138, 70]},
						{"origin": [-12.5, 84.7, -7.5], "size": [25, 10, 15], "inflate": 1.5, "uv": [129, 258]},
						{"origin": [-12.6, 82.7, -7.6], "size": [25.2, 35.2, 15.3], "inflate": 1.5, "uv": [218, 248]},
						{"origin": [-25.5, 113, -6.5], "size": [12, 6, 11], "inflate": 2, "pivot": [-18.5, 117, -1], "rotation": [0, 0, 7.5], "uv": [55, 113]},
						{"origin": [13.5, 113, -6.5], "size": [12, 6, 11], "inflate": 2, "pivot": [18.5, 117, -1], "rotation": [0, 0, -7.5], "uv": [55, 113], "mirror": true},
						{"origin": [-10.5, 83, -6], "size": [21, 12, 12], "inflate": 1.5, "uv": [150, 125]},
						{"origin": [-13, 108, -7], "size": [26, 10, 12], "uv": [20, 131]},
						{"origin": [-2, 121, 0.9], "size": [4, 16, 4], "pivot": [0, 107, 4], "rotation": [0, 0, -180], "uv": [14, 58]},
						{"origin": [-2, 93, 0.9], "size": [4, 24, 4], "uv": [12, 57]}
					]
				},
				{
					"name": "neck",
					"parent": "body",
					"pivot": [0, 117, 1],
					"cubes": [
						{"origin": [-2, 116, -1], "size": [4, 9, 4], "uv": [18, 58]},
						{"origin": [-4, 117, -3], "size": [8, 9, 8], "inflate": 1.5, "uv": [104, 32]}
					]
				},
				{
					"name": "head",
					"parent": "neck",
					"pivot": [0, 125, -2],
					"cubes": [
						{"origin": [-10, 128, -12], "size": [20, 16, 20], "uv": [0, 0]},
						{"origin": [-12, 128, -12], "size": [2, 7, 20], "uv": [207, 57]},
						{"origin": [-8, 128, -17], "size": [16, 6, 5], "uv": [241, 107]},
						{"origin": [-3, 131.5, -17.7], "size": [6, 3, 3], "uv": [161, 111]},
						{"origin": [-7.5, 125.5, -16.9], "size": [15, 3, 5], "uv": [233, 130]},
						{"origin": [10, 128, -12], "size": [2, 7, 20], "uv": [207, 57], "mirror": true}
					]
				},
				{
					"name": "endohead",
					"parent": "head",
					"pivot": [0, 124.8, -1],
					"cubes": [
						{"origin": [-6, 129.8, -3], "size": [12, 12, 6], "uv": [5, 56]},
						{"origin": [-5, 124.8, 2.1], "size": [10, 16, 1], "uv": [52, 59]},
						{"origin": [-6, 123.8, 0], "size": [12, 6, 3], "pivot": [0, 126.8, 1.5], "rotation": [0, 0, -180], "uv": [8, 75]},
						{"origin": [-2, 132.7, -9.9], "size": [4, 9, 7], "uv": [0, 86]},
						{"origin": [-6, 129.8, -9], "size": [12, 3, 6], "uv": [6, 62]},
						{"origin": [-6, 124.8, -4], "size": [1, 5, 3], "uv": [19, 64]},
						{"origin": [5, 124.8, -4], "size": [1, 5, 3], "uv": [19, 64], "mirror": true},
						{"origin": [-7.1, 132.8, -8], "size": [6, 6, 2], "uv": [0, 102]},
						{"origin": [1.1, 132.8, -8], "size": [6, 6, 2], "uv": [0, 102], "mirror": true},
						{"origin": [2.1, 133.8, -8], "size": [4, 5, 8], "pivot": [4.1, 135.8, -2.5], "rotation": [12.5, 0, 0], "uv": [0, 120], "mirror": true},
						{"origin": [-6.1, 133.8, -8], "size": [4, 5, 8], "pivot": [-4.1, 135.8, -2.5], "rotation": [12.5, 0, 0], "uv": [0, 120]},
						{"origin": [2.5, 133.4, -12.1], "size": [5, 5, 5], "uv": [25, 86]},
						{"origin": [3.3, 134.2, -12.2], "size": [3.4, 3.4, 1], "uv": [4, 11]},
						{"origin": [4, 134.9, -12.3], "size": [2, 2, 1], "uv": [2, 6]},
						{"origin": [-6, 134.9, -12.3], "size": [2, 2, 1], "uv": [2, 6], "mirror": true},
						{"origin": [-6.7, 134.2, -12.2], "size": [3.4, 3.4, 1], "uv": [4, 11], "mirror": true},
						{"origin": [-7.5, 133.4, -12.1], "size": [5, 5, 5], "uv": [25, 86], "mirror": true},
						{"origin": [-5, 128.8, -9], "size": [10, 1, 11], "uv": [21, 107]},
						{"origin": [-2, 125.8, -3], "size": [4, 4, 4], "uv": [24, 3]}
					]
				},
				{
					"name": "topeyelids",
					"parent": "endohead",
					"pivot": [0, 137.5, -8.8],
					"rotation": [-35, 0, 0],
					"cubes": [
						{"origin": [2.4, 136, -12.4], "size": [5.2, 3, 5.2], "uv": [43, 45]},
						{"origin": [-7.6, 136, -12.4], "size": [5.2, 3, 5.2], "uv": [43, 45], "mirror": true}
					]
				},
				{
					"name": "bottumeyelids",
					"parent": "endohead",
					"pivot": [0, 135.1, -8.8],
					"rotation": [57.5, 0, 0],
					"cubes": [
						{"origin": [2.4, 133.6, -12.4], "size": [5.2, 3, 5.2], "uv": [19, 55]},
						{"origin": [-7.6, 133.6, -12.4], "size": [5.2, 3, 5.2], "uv": [19, 55], "mirror": true}
					]
				},
				{
					"name": "endojaw",
					"parent": "endohead",
					"pivot": [0, 124.8, -1],
					"cubes": [
						{"origin": [-5, 123.8, -9], "size": [10, 3, 9], "uv": [0, 73]},
						{"origin": [-5, 126.8, -9], "size": [10, 1, 11], "uv": [21, 107]}
					]
				},
				{
					"name": "leftear",
					"parent": "endohead",
					"pivot": [5.5, 140.5, -2],
					"rotation": [5, 0, 7.5],
					"cubes": [
						{"origin": [6, 139, -3], "size": [2, 9, 2], "uv": [27, 63], "mirror": true},
						{"origin": [1.5, 147, -4], "size": [8, 11, 4], "inflate": 0.5, "uv": [192, 108], "mirror": true},
						{"origin": [3, 139, -3], "size": [2, 9, 2], "uv": [27, 63], "mirror": true}
					]
				},
				{
					"name": "leftearpeice",
					"parent": "leftear",
					"pivot": [5.5, 157.5, -2],
					"rotation": [27.5, 0, 0],
					"cubes": [
						{"origin": [6, 156, -3], "size": [2, 9, 2], "uv": [27, 63], "mirror": true},
						{"origin": [1.5, 162, -4], "size": [8, 9, 4], "inflate": 0.5, "uv": [192, 108], "mirror": true},
						{"origin": [3, 156, -3], "size": [2, 9, 2], "uv": [27, 63], "mirror": true}
					]
				},
				{
					"name": "rightear",
					"parent": "endohead",
					"pivot": [-5.5, 140.5, -2],
					"rotation": [5, 0, -7.5],
					"cubes": [
						{"origin": [-8, 139, -3], "size": [2, 9, 2], "uv": [27, 63]},
						{"origin": [-9.5, 147, -4], "size": [8, 11, 4], "inflate": 0.5, "uv": [192, 108]},
						{"origin": [-5, 139, -3], "size": [2, 9, 2], "uv": [27, 63]}
					]
				},
				{
					"name": "rightearpeice",
					"parent": "rightear",
					"pivot": [-5.5, 157.5, -2],
					"rotation": [27.5, 0, 0],
					"cubes": [
						{"origin": [-8, 156, -3], "size": [2, 9, 2], "uv": [27, 63]},
						{"origin": [-9.5, 162, -4], "size": [8, 9, 4], "inflate": 0.5, "uv": [192, 108]},
						{"origin": [-5, 156, -3], "size": [2, 9, 2], "uv": [27, 63]}
					]
				},
				{
					"name": "rightearring",
					"parent": "rightearpeice",
					"pivot": [-8.9, 166.6, -2],
					"rotation": [0, 0, -72.5],
					"cubes": [
						{"origin": [-14.37509, 165.51156, -5], "size": [6, 2, 6], "uv": [109, 0]}
					]
				},
				{
					"name": "jaw",
					"parent": "head",
					"pivot": [0, 128, 3.2],
					"rotation": [12.5, 0, 0],
					"cubes": [
						{"origin": [-11, 123, -11.8], "size": [22, 5, 18], "uv": [123, 0]},
						{"origin": [-11, 128, -6.8], "size": [22, 2, 13], "uv": [131, 23]},
						{"origin": [-8, 123, -16.8], "size": [16, 5, 5], "uv": [148, 48]},
						{"origin": [-7.7, 128, -16.5], "size": [15.4, 3, 5.6], "uv": [207, 239]}
					]
				},
				{
					"name": "glasses",
					"parent": "head",
					"pivot": [0, 135, -5.5],
					"cubes": [
						{"origin": [-10.5, 131, -15], "size": [21, 10, 15], "uv": [226, 189]}
					]
				},
				{
					"name": "rightarm",
					"parent": "body",
					"pivot": [-14, 112, -1],
					"rotation": [0, 0, 5],
					"cubes": [
						{"origin": [-19, 94, -5], "size": [7, 22, 8], "inflate": 1, "uv": [221, 19]},
						{"origin": [-18.5, 93, -4], "size": [6, 23, 6], "uv": [9, 55]}
					]
				},
				{
					"name": "rightarmpeice",
					"parent": "rightarm",
					"pivot": [-15, 94, -1],
					"cubes": [
						{"origin": [-19.2, 71, -5.2], "size": [7.4, 23, 8.4], "inflate": 0.5, "uv": [4, 200]},
						{"origin": [-18.5, 73, -4], "size": [6, 23, 6], "uv": [9, 55]},
						{"origin": [-18.5, 70, -4], "size": [6, 3, 6], "uv": [9, 55]}
					]
				},
				{
					"name": "righthand",
					"parent": "rightarmpeice",
					"pivot": [-15.5, 70.5, -1],
					"cubes": [
						{"origin": [-17.43193, 59, -6.5], "size": [4, 12, 11], "inflate": 0.8, "uv": [53, 191]}
					]
				},
				{
					"name": "rightfinger1",
					"parent": "righthand",
					"pivot": [-16, 58, -5.1],
					"rotation": [-5, 0, 0],
					"cubes": [
						{"origin": [-17.5, 53, -6.6], "size": [3, 5, 3], "inflate": 0.8, "uv": [63, 204]}
					]
				},
				{
					"name": "rightfingerpiece1",
					"parent": "rightfinger1",
					"pivot": [-16, 52, -5.1],
					"rotation": [0, 0, -17.5],
					"cubes": [
						{"origin": [-17.5, 47, -6.6], "size": [3, 5, 3], "inflate": 0.8, "uv": [70, 266]}
					]
				},
				{
					"name": "rightfinger2",
					"parent": "righthand",
					"pivot": [-16, 58, 3.2],
					"rotation": [5, 0, 0],
					"cubes": [
						{"origin": [-17.5, 53, 1.7], "size": [3, 5, 3], "inflate": 0.8, "uv": [63, 204]}
					]
				},
				{
					"name": "rightfingerpiece2",
					"parent": "rightfinger2",
					"pivot": [-16, 52, 3.2],
					"rotation": [0, 0, -17.5],
					"cubes": [
						{"origin": [-17.5, 47, 1.7], "size": [3, 5, 3], "inflate": 0.8, "uv": [70, 266]}
					]
				},
				{
					"name": "rightfinger3",
					"parent": "righthand",
					"pivot": [-16, 58, -0.9],
					"cubes": [
						{"origin": [-17.5, 53, -2.4], "size": [3, 5, 3], "inflate": 0.8, "uv": [63, 204]}
					]
				},
				{
					"name": "rightfingerpiece3",
					"parent": "rightfinger3",
					"pivot": [-16, 52, -0.9],
					"rotation": [0, 0, -17.5],
					"cubes": [
						{"origin": [-17.5, 47, -2.4], "size": [3, 5, 3], "inflate": 0.8, "uv": [70, 266]}
					]
				},
				{
					"name": "rightfinger4",
					"parent": "righthand",
					"pivot": [-14, 63, -5.9],
					"rotation": [-26.06663, -9.08661, -17.89244],
					"cubes": [
						{"origin": [-15.5, 58, -7.4], "size": [3, 5, 3], "inflate": 0.8, "uv": [63, 204]}
					]
				},
				{
					"name": "rightfingerpiece4",
					"parent": "rightfinger4",
					"pivot": [-14, 57, -5.9],
					"rotation": [15, 0, 0],
					"cubes": [
						{"origin": [-15.5, 52, -7.4], "size": [3, 5, 3], "inflate": 0.8, "uv": [70, 266]}
					]
				},
				{
					"name": "leftarm",
					"parent": "body",
					"pivot": [14, 112, -1],
					"rotation": [0, 0, -5],
					"cubes": [
						{"origin": [12, 94, -5], "size": [7, 22, 8], "inflate": 1, "uv": [221, 19], "mirror": true},
						{"origin": [12.5, 93, -4], "size": [6, 23, 6], "uv": [9, 55], "mirror": true}
					]
				},
				{
					"name": "leftarmpeice",
					"parent": "leftarm",
					"pivot": [15, 94, -1],
					"cubes": [
						{"origin": [11.8, 71, -5.2], "size": [7.4, 23, 8.4], "inflate": 0.5, "uv": [4, 200], "mirror": true},
						{"origin": [12.5, 73, -4], "size": [6, 23, 6], "uv": [9, 55], "mirror": true},
						{"origin": [12.5, 70, -4], "size": [6, 3, 6], "uv": [9, 55], "mirror": true}
					]
				},
				{
					"name": "lefthand",
					"parent": "leftarmpeice",
					"pivot": [15.5, 70.5, -1],
					"cubes": [
						{"origin": [13.43193, 59, -6.5], "size": [4, 12, 11], "inflate": 0.8, "uv": [53, 191], "mirror": true}
					]
				},
				{
					"name": "leftfinger1",
					"parent": "lefthand",
					"pivot": [16, 58, -5.1],
					"rotation": [-5, 0, 0],
					"cubes": [
						{"origin": [14.5, 53, -6.6], "size": [3, 5, 3], "inflate": 0.8, "uv": [63, 204], "mirror": true}
					]
				},
				{
					"name": "leftfingerpiece1",
					"parent": "leftfinger1",
					"pivot": [16, 52, -5.1],
					"rotation": [0, 0, 17.5],
					"cubes": [
						{"origin": [14.5, 47, -6.6], "size": [3, 5, 3], "inflate": 0.8, "uv": [70, 266], "mirror": true}
					]
				},
				{
					"name": "leftfinger2",
					"parent": "lefthand",
					"pivot": [16, 58, 3.2],
					"rotation": [5, 0, 0],
					"cubes": [
						{"origin": [14.5, 53, 1.7], "size": [3, 5, 3], "inflate": 0.8, "uv": [63, 204], "mirror": true}
					]
				},
				{
					"name": "leftfingerpiece2",
					"parent": "leftfinger2",
					"pivot": [16, 52, 3.2],
					"rotation": [0, 0, 17.5],
					"cubes": [
						{"origin": [14.5, 47, 1.7], "size": [3, 5, 3], "inflate": 0.8, "uv": [70, 266], "mirror": true}
					]
				},
				{
					"name": "leftfinger3",
					"parent": "lefthand",
					"pivot": [16, 58, -0.9],
					"cubes": [
						{"origin": [14.5, 53, -2.4], "size": [3, 5, 3], "inflate": 0.8, "uv": [63, 204], "mirror": true}
					]
				},
				{
					"name": "leftfingerpiece3",
					"parent": "leftfinger3",
					"pivot": [16, 52, -0.9],
					"rotation": [0, 0, 17.5],
					"cubes": [
						{"origin": [14.5, 47, -2.4], "size": [3, 5, 3], "inflate": 0.8, "uv": [70, 266], "mirror": true}
					]
				},
				{
					"name": "leftfinger4",
					"parent": "lefthand",
					"pivot": [14, 63, -5.9],
					"rotation": [-26.06663, 9.08661, 17.89244],
					"cubes": [
						{"origin": [12.5, 58, -7.4], "size": [3, 5, 3], "inflate": 0.8, "uv": [63, 204], "mirror": true}
					]
				},
				{
					"name": "leftfingerpiece4",
					"parent": "leftfinger4",
					"pivot": [14, 57, -5.9],
					"rotation": [15, 0, 0],
					"cubes": [
						{"origin": [12.5, 52, -7.4], "size": [3, 5, 3], "inflate": 0.8, "uv": [70, 266], "mirror": true}
					]
				},
				{
					"name": "rightleg",
					"parent": "waist",
					"pivot": [-7, 71, 0],
					"cubes": [
						{"origin": [-13, 40, -6], "size": [12, 32, 12], "inflate": 0.5, "uv": [91, 175]},
						{"origin": [-9.5, 52, -2.5], "size": [5, 20, 5], "inflate": 2, "uv": [74, 55]},
						{"origin": [-9.5, 39, -2.5], "size": [5, 12, 5], "inflate": 2, "uv": [74, 55]},
						{"origin": [-9, 47, -2], "size": [4, 25, 4], "inflate": 2, "uv": [16, 57]},
						{"origin": [-9, 39, -2], "size": [4, 7, 4], "inflate": 2, "uv": [16, 57]}
					]
				},
				{
					"name": "rightlegpeice",
					"parent": "rightleg",
					"pivot": [-7, 40, 0],
					"cubes": [
						{"origin": [-13.2, 6, -6.2], "size": [12.4, 36, 12.4], "inflate": 1, "uv": [43, 180]},
						{"origin": [-11, 9, -4], "size": [8, 27, 8], "inflate": 1, "uv": [95, 79]},
						{"origin": [-9, 4, -2], "size": [4, 27, 4], "inflate": 1, "uv": [12, 55]},
						{"origin": [-9, 31, -2], "size": [4, 7, 4], "inflate": 1, "uv": [12, 55]}
					]
				},
				{
					"name": "rightfoot",
					"parent": "rightlegpeice",
					"pivot": [-7, 6, 0],
					"cubes": [
						{"origin": [-14, 0, -14], "size": [14, 8, 20], "uv": [36, 247]},
						{"origin": [-4.4, 0, -20.8], "size": [5, 8, 7], "pivot": [-2.5, 4, -18], "rotation": [0, -5, 0], "uv": [60, 250]},
						{"origin": [-9.55625, 0, -20.91177], "size": [5, 8, 7], "uv": [60, 250]},
						{"origin": [-14.7, 0, -20.8], "size": [5, 8, 7], "pivot": [-11.5, 4, -18], "rotation": [0, 5, 0], "uv": [60, 250], "mirror": true}
					]
				},
				{
					"name": "leftleg",
					"parent": "waist",
					"pivot": [7, 71, 0],
					"cubes": [
						{"origin": [1, 40, -6], "size": [12, 32, 12], "inflate": 0.5, "uv": [91, 175], "mirror": true},
						{"origin": [4.5, 52, -2.5], "size": [5, 20, 5], "inflate": 2, "uv": [74, 55], "mirror": true},
						{"origin": [4.5, 39, -2.5], "size": [5, 12, 5], "inflate": 2, "uv": [74, 55], "mirror": true},
						{"origin": [5, 47, -2], "size": [4, 25, 4], "inflate": 2, "uv": [16, 57], "mirror": true},
						{"origin": [5, 39, -2], "size": [4, 7, 4], "inflate": 2, "uv": [16, 57], "mirror": true}
					]
				},
				{
					"name": "leftlegpeice",
					"parent": "leftleg",
					"pivot": [7, 40, 0],
					"cubes": [
						{"origin": [0.8, 6, -6.2], "size": [12.4, 36, 12.4], "inflate": 1, "uv": [43, 180], "mirror": true},
						{"origin": [3, 9, -4], "size": [8, 27, 8], "inflate": 1, "uv": [95, 79], "mirror": true},
						{"origin": [5, 4, -2], "size": [4, 27, 4], "inflate": 1, "uv": [12, 55], "mirror": true},
						{"origin": [5, 31, -2], "size": [4, 7, 4], "inflate": 1, "uv": [12, 55], "mirror": true}
					]
				},
				{
					"name": "leftfoot",
					"parent": "leftlegpeice",
					"pivot": [7, 6, 0],
					"cubes": [
						{"origin": [0, 0, -14], "size": [14, 8, 20], "uv": [36, 247], "mirror": true},
						{"origin": [-0.6, 0, -20.8], "size": [5, 8, 7], "pivot": [2.5, 4, -18], "rotation": [0, 5, 0], "uv": [60, 250], "mirror": true},
						{"origin": [4.55625, 0, -20.91177], "size": [5, 8, 7], "uv": [60, 250], "mirror": true},
						{"origin": [9.7, 0, -20.8], "size": [5, 8, 7], "pivot": [11.5, 4, -18], "rotation": [0, -5, 0], "uv": [60, 250]}
					]
				}
			]
		}
	]
}
\\"": \\\\""?\\\"": \\\\""?\\\"": \\\\""?\\\"": \\\\""?\\\"": \\\\""?\\\"": \\\\""?\\\"": \\\\""?\\\"": \\\\""?\\\"": \\\\""?\\\"": \\\\""?\\\"": \\\\""?\\\"": \\\\""?\\\"": \\\\""?\\\"": \\\\""?\\\"": \\\\""?\\\"": \\\\""?\\\"": \\\\""?\\\"": \\\\""?\\\"": \\\\""?\\\"": \\\\""?\\\"": \\\\""?\\\"": \\\\""?\\\"": \\\\""?\\\"": \\\\""?\\\"": \\\\""?\\\"": \\\\""?\\\"": \\\\""?\\\"": \\\\""?\\\"": \\\\""?\\\"": \\\\""?\\\"": \\\\""?\\\"": \\\\""?\\\"": \\\\""?\\\"": \\\\""?\\\"": \\\\""?\\\"": \\\\""?\\\"": \\\\""?\\\"": \\\\""?\\\"": \\\\""?\\\"": \\\\""?\\\"": \\\\""?\\\"": \\\\""?\\\"": \\\\""?\\\"": \\\\""?\\\"": \\\\""?\\\"": \\\\""?\\\"": \\\\""?\\\"": \\\\""?\\\"": \\\\""?\\\"": \\\\""?\\\"": \\\\""?\]}}}}}