{
	"format_version": "1.12.0",
	"minecraft:geometry": [
		{
			"description": {
				"identifier": "geometry.ftl_sc_burntrap",
				"texture_width": 144,
				"texture_height": 144,
				"visible_bounds_width": 5,
				"visible_bounds_height": 8.5,
				"visible_bounds_offset": [0, 3.75, 0]
			},
			"bones": [
				{
					"name": "waist",
					"pivot": [0, 0, 0]
				},
				{
					"name": "bodywaist",
					"parent": "waist",
					"pivot": [0, 43.5, 0],
					"cubes": [
						{"origin": [-8, 42, -5], "size": [16, 9, 10], "uv": [0, 103]},
						{"origin": [-7, 42.2, -4.5], "size": [14, 8, 9], "uv": [53, 102]}
					]
				},
				{
					"name": "body",
					"parent": "bodywaist",
					"pivot": [0, 51, 2],
					"cubes": [
						{"origin": [-2, 59, 0], "size": [4, 12, 4], "uv": [58, 36]},
						{"origin": [-8, 61, -5], "size": [16, 13, 10], "uv": [0, 67]},
						{"origin": [-13, 72, -3], "size": [6, 3, 6], "pivot": [-11, 72.5, 0], "rotation": [0, 0, 10], "uv": [110, 102]},
						{"origin": [-4, 49.7, -3.6], "size": [9, 22, 8], "uv": [52, 63]},
						{"origin": [0, 67.7, -3.9], "size": [7, 4, 8], "pivot": [3.5, 61.7, -0.3], "rotation": [0, -17.5, 0], "uv": [0, 90]},
						{"origin": [-7, 67.7, -3.9], "size": [7, 4, 8], "pivot": [-3.5, 61.7, -0.3], "rotation": [0, 17.5, 0], "uv": [0, 90], "mirror": true},
						{"origin": [-6.87972, 62.7, -3.81851], "size": [7, 4, 8], "pivot": [-3.37972, 64.7, 0.18149], "rotation": [7.64842, 18.17817, -15.74631], "uv": [0, 90], "mirror": true},
						{"origin": [-0.12028, 62.7, -3.81851], "size": [7, 4, 8], "pivot": [3.37972, 64.7, 0.18149], "rotation": [-3.13388, -17.22575, 10.47479], "uv": [0, 90]},
						{"origin": [-0.12028, 57.7, -3.61851], "size": [7, 4, 8], "pivot": [3.37972, 59.7, 0.38149], "rotation": [-7.59001, -15.81499, 26.05573], "uv": [0, 90]},
						{"origin": [-6.87972, 57.7, -3.61851], "size": [7, 4, 8], "pivot": [-3.37972, 59.7, 0.38149], "rotation": [-7.59001, 15.81499, -26.05573], "uv": [0, 90], "mirror": true},
						{"origin": [4, 54, -2], "size": [4, 10, 4], "inflate": -0.5, "pivot": [11, 65.5, 0], "rotation": [0, 0, 90], "uv": [84, 0], "mirror": true},
						{"origin": [-8, 54, -2], "size": [4, 10, 4], "inflate": -0.5, "pivot": [-11, 65.5, 0], "rotation": [0, 0, -90], "uv": [84, 0]},
						{"origin": [-2, 49, 0], "size": [4, 10, 4], "uv": [58, 36]}
					]
				},
				{
					"name": "neck",
					"parent": "body",
					"pivot": [0, 73, 2],
					"cubes": [
						{"origin": [-2, 71, 0], "size": [4, 12, 4], "uv": [58, 36]}
					]
				},
				{
					"name": "head",
					"parent": "neck",
					"pivot": [0, 82, 1.4],
					"cubes": [
						{"origin": [-5.5, 77, -3.6], "size": [11, 5, 6], "uv": [0, 22]},
						{"origin": [-4.6, 79, -7.6], "size": [9.2, 3, 5], "pivot": [0, 80.5, -5.1], "rotation": [0, 0, -180], "uv": [0, 34]},
						{"origin": [-6, 82, -7.6], "size": [12, 10, 12], "uv": [0, 0]}
					]
				},
				{
					"name": "righteye",
					"parent": "head",
					"pivot": [-3.5, 86.4, -7.1],
					"cubes": [
						{"origin": [-5, 84.9, -8.6], "size": [3, 3, 3], "uv": [0, 0]}
					]
				},
				{
					"name": "lefteye",
					"parent": "head",
					"pivot": [3.5, 86.4, -7.1],
					"cubes": [
						{"origin": [2, 84.9, -8.6], "size": [3, 3, 3], "uv": [0, 0], "mirror": true}
					]
				},
				{
					"name": "jaw",
					"parent": "head",
					"pivot": [0, 79.1, -3.9],
					"rotation": [20, 0, 0],
					"cubes": [
						{"origin": [-4.6, 76.9, -7.4], "size": [9.2, 4, 5], "uv": [0, 34]}
					]
				},
				{
					"name": "mask",
					"parent": "head",
					"pivot": [0, 83.48333, 4.28333],
					"cubes": [
						{"origin": [-6.5, 81.5, -8.1], "size": [13, 11, 13], "uv": [0, 43]},
						{"origin": [6.2, 75.5, -2.5], "size": [0, 11, 2], "uv": [0, 43]},
						{"origin": [-3.5, 80.5, -12.1], "size": [7, 4, 4], "uv": [30, 30]},
						{"origin": [-1.4, 83.1, -12.3], "size": [2.8, 1.7, 1.7], "uv": [35, 39]}
					]
				},
				{
					"name": "rightear",
					"parent": "head",
					"pivot": [-4, 91, -1.6],
					"rotation": [17.5, 0, -15],
					"cubes": [
						{"origin": [-5.5, 90, -1.6], "size": [3, 11, 0], "uv": [52, 0]},
						{"origin": [-6.5, 93, -3.1], "size": [5, 8, 3], "uv": [36, 0]},
						{"origin": [-8.3, 92, -1.6], "size": [3, 6, 0], "pivot": [-8, 96, -1.6], "rotation": [0, 0, -5], "uv": [58, 0]}
					]
				},
				{
					"name": "leftear",
					"parent": "head",
					"pivot": [4, 91, -1.6],
					"rotation": [10, 0, 5],
					"cubes": [
						{"origin": [2.5, 90, -1.6], "size": [3, 11, 0], "uv": [64, 12], "mirror": true},
						{"origin": [1.5, 93, -3.1], "size": [5, 8, 3], "uv": [48, 12], "mirror": true},
						{"origin": [6, 88, -1.5], "size": [2, 11, 0], "pivot": [7.5, 95.5, -2.1], "rotation": [0, 0, -10], "uv": [65, 0], "mirror": true}
					]
				},
				{
					"name": "leftearpeice",
					"parent": "leftear",
					"pivot": [4, 101, -1.6],
					"rotation": [32.27733, -4.02155, 6.33586],
					"cubes": [
						{"origin": [2.5, 99, -1.6], "size": [3, 10, 0], "uv": [64, 24], "mirror": true},
						{"origin": [5.5, 99, -1.6], "size": [5, 10, 0], "uv": [48, 35], "mirror": true},
						{"origin": [1.5, 102, -3.1], "size": [5, 7, 3], "uv": [48, 24], "mirror": true}
					]
				},
				{
					"name": "rightarm",
					"parent": "body",
					"pivot": [-10, 71, 0],
					"rotation": [0, 0, 5],
					"cubes": [
						{"origin": [-12, 59, -2], "size": [4, 13, 4], "uv": [84, 0]},
						{"origin": [-12.5, 66, -2.5], "size": [5, 5, 5], "uv": [102, 10]},
						{"origin": [-12.5, 60, -2.5], "size": [5, 5, 5], "uv": [102, 10]}
					]
				},
				{
					"name": "rightarmpeice",
					"parent": "rightarm",
					"pivot": [-10, 59, 0],
					"cubes": [
						{"origin": [-12, 44, -2], "size": [4, 15, 4], "uv": [84, 0]},
						{"origin": [-12.5, 46, -2.5], "size": [5, 5, 5], "uv": [102, 10]},
						{"origin": [-12.5, 52, -2.5], "size": [5, 5, 5], "uv": [102, 10]}
					]
				},
				{
					"name": "righthand",
					"parent": "rightarmpeice",
					"pivot": [-10, 45, 0],
					"cubes": [
						{"origin": [-11, 38, -3], "size": [2, 7, 6], "inflate": 0.5, "uv": [65, 119]}
					]
				},
				{
					"name": "rightfinger1",
					"parent": "righthand",
					"pivot": [-10.5, 37, -2.5],
					"rotation": [-5, 0, 0],
					"cubes": [
						{"origin": [-11, 34, -3], "size": [1, 3, 1], "inflate": 0.5, "pivot": [-10.5, 35.5, -2.5], "rotation": [180, 0, 0], "uv": [92, 124]}
					]
				},
				{
					"name": "rightfingerpeice1",
					"parent": "rightfinger1",
					"pivot": [-10.5, 33, -2.5],
					"rotation": [0, 0, -20],
					"cubes": [
						{"origin": [-11, 30, -3], "size": [1, 3, 1], "inflate": 0.5, "uv": [92, 124]}
					]
				},
				{
					"name": "rightfingertip1",
					"parent": "rightfingerpeice1",
					"pivot": [-10.5, 29, -2.5],
					"rotation": [0, 0, -22.5],
					"cubes": [
						{"origin": [-11, 28, -3], "size": [1, 1, 1], "inflate": 0.5, "uv": [92, 126]},
						{"origin": [-12, 23, -4], "size": [3, 5, 3], "inflate": -0.5, "uv": [101, 114]}
					]
				},
				{
					"name": "rightfinger2",
					"parent": "righthand",
					"pivot": [-10.5, 37, 2.5],
					"rotation": [5, 0, 0],
					"cubes": [
						{"origin": [-11, 34, 2], "size": [1, 3, 1], "inflate": 0.5, "pivot": [-10.5, 35.5, 2.5], "rotation": [180, 0, 0], "uv": [92, 124]}
					]
				},
				{
					"name": "rightfingerpeice2",
					"parent": "rightfinger2",
					"pivot": [-10.5, 33, 2.5],
					"rotation": [0, 0, -15],
					"cubes": [
						{"origin": [-11, 30, 2], "size": [1, 3, 1], "inflate": 0.5, "uv": [92, 124]}
					]
				},
				{
					"name": "rightfingertip2",
					"parent": "rightfingerpeice2",
					"pivot": [-10.5, 29, 2.5],
					"rotation": [0, 0, -25],
					"cubes": [
						{"origin": [-11, 28, 2], "size": [1, 1, 1], "inflate": 0.5, "uv": [92, 126]},
						{"origin": [-12, 23, 1], "size": [3, 5, 3], "inflate": -0.5, "uv": [101, 114]}
					]
				},
				{
					"name": "rightfinger3",
					"parent": "righthand",
					"pivot": [-10.5, 37, 0.8],
					"rotation": [2.48254, 0.05817, 0.29047],
					"cubes": [
						{"origin": [-11, 34, 0.3], "size": [1, 3, 1], "inflate": 0.5, "pivot": [-10.5, 35.5, 0.8], "rotation": [180, 0, 0], "uv": [92, 124]}
					]
				},
				{
					"name": "rightfingerpeice3",
					"parent": "rightfinger3",
					"pivot": [-10.5, 33, 0.8],
					"rotation": [0, 0, -25],
					"cubes": [
						{"origin": [-11, 30, 0.3], "size": [1, 3, 1], "inflate": 0.5, "uv": [92, 124]}
					]
				},
				{
					"name": "rightfingertip3",
					"parent": "rightfingerpeice3",
					"pivot": [-10.5, 29, 0.8],
					"rotation": [0, 0, -12.5],
					"cubes": [
						{"origin": [-11, 28, 0.3], "size": [1, 1, 1], "inflate": 0.5, "uv": [92, 126]},
						{"origin": [-12, 23, -0.7], "size": [3, 5, 3], "inflate": -0.5, "uv": [101, 114]}
					]
				},
				{
					"name": "rightfinger4",
					"parent": "righthand",
					"pivot": [-10.5, 37, -0.8],
					"rotation": [-2.5, 0, 0],
					"cubes": [
						{"origin": [-11, 34, -1.3], "size": [1, 3, 1], "inflate": 0.5, "pivot": [-10.5, 35.5, -0.8], "rotation": [180, 0, 0], "uv": [92, 124]},
						{"origin": [-11, 34, -1.3], "size": [1, 3, 1], "inflate": 0.7, "pivot": [-10.5, 35.5, -0.8], "rotation": [180, 0, 0], "uv": [99, 124]}
					]
				},
				{
					"name": "rightfingerpeice4",
					"parent": "rightfinger4",
					"pivot": [-10.5, 33, -0.8],
					"rotation": [0, 0, -17.5],
					"cubes": [
						{"origin": [-11, 30, -1.3], "size": [1, 3, 1], "inflate": 0.5, "uv": [92, 124]},
						{"origin": [-11, 30, -1.3], "size": [1, 3, 1], "inflate": 0.7, "uv": [99, 124]}
					]
				},
				{
					"name": "rightfingertip4",
					"parent": "rightfingerpeice4",
					"pivot": [-10.5, 29, -0.8],
					"rotation": [0, 0, -22.5],
					"cubes": [
						{"origin": [-11, 28, -1.3], "size": [1, 1, 1], "inflate": 0.5, "uv": [92, 126]},
						{"origin": [-12, 23, -2.3], "size": [3, 5, 3], "inflate": -0.5, "uv": [101, 114]},
						{"origin": [-11, 28, -1.3], "size": [1, 1, 1], "inflate": 0.7, "uv": [99, 126]},
						{"origin": [-12, 22.6, -2.3], "size": [3, 5, 3], "inflate": -0.3, "uv": [114, 115]}
					]
				},
				{
					"name": "rightfinger5",
					"parent": "righthand",
					"pivot": [-9.6, 42, -2.8],
					"rotation": [-16.50371, -5.90316, -19.14314],
					"cubes": [
						{"origin": [-10.1, 39, -3.3], "size": [1, 3, 1], "inflate": 0.5, "pivot": [-9.6, 40.5, -2.8], "rotation": [0, 0, -180], "uv": [92, 124]},
						{"origin": [-10, 39, -3.3], "size": [1, 3, 1], "inflate": 0.7, "pivot": [-9.5, 40.5, -2.8], "rotation": [180, 0, 0], "uv": [99, 124]}
					]
				},
				{
					"name": "rightfingerpeice5",
					"parent": "rightfinger5",
					"pivot": [-9.6, 38, -2.8],
					"rotation": [10, 0, 0],
					"cubes": [
						{"origin": [-10.1, 35, -3.3], "size": [1, 3, 1], "inflate": 0.5, "uv": [92, 124]},
						{"origin": [-10, 35, -3.3], "size": [1, 3, 1], "inflate": 0.7, "uv": [99, 124]}
					]
				},
				{
					"name": "rightfingertip5",
					"parent": "rightfingerpeice5",
					"pivot": [-9.6, 34, -2.8],
					"rotation": [20, 0, 0],
					"cubes": [
						{"origin": [-10.1, 33, -3.3], "size": [1, 1, 1], "inflate": 0.5, "uv": [92, 126]},
						{"origin": [-11.1, 28, -4.3], "size": [3, 5, 3], "inflate": -0.5, "uv": [101, 114]},
						{"origin": [-10, 33, -3.3], "size": [1, 1, 1], "inflate": 0.7, "uv": [99, 126]},
						{"origin": [-11, 27.6, -4.3], "size": [3, 5, 3], "inflate": -0.3, "uv": [114, 115]}
					]
				},
				{
					"name": "leftarm",
					"parent": "body",
					"pivot": [10, 71, 0],
					"rotation": [0, 0, -5],
					"cubes": [
						{"origin": [8, 59, -2], "size": [4, 13, 4], "uv": [84, 0], "mirror": true},
						{"origin": [7.5, 66, -2.5], "size": [5, 5, 5], "uv": [102, 10], "mirror": true},
						{"origin": [7.5, 60, -2.5], "size": [5, 5, 5], "uv": [102, 10], "mirror": true}
					]
				},
				{
					"name": "leftarmpeice",
					"parent": "leftarm",
					"pivot": [10, 59, 0],
					"cubes": [
						{"origin": [8, 44, -2], "size": [4, 15, 4], "uv": [84, 0], "mirror": true},
						{"origin": [7, 45, -3], "size": [6, 13, 6], "uv": [0, 125], "mirror": true},
						{"origin": [7.5, 46, -2.5], "size": [5, 5, 5], "uv": [102, 10], "mirror": true},
						{"origin": [7.5, 52, -2.5], "size": [5, 5, 5], "uv": [102, 10], "mirror": true}
					]
				},
				{
					"name": "lefthand",
					"parent": "leftarmpeice",
					"pivot": [10, 45, 0],
					"cubes": [
						{"origin": [9, 38, -3], "size": [2, 7, 6], "inflate": 0.5, "uv": [65, 119], "mirror": true}
					]
				},
				{
					"name": "leftfinger1",
					"parent": "lefthand",
					"pivot": [10.5, 37, -2.5],
					"rotation": [-5, 0, 0],
					"cubes": [
						{"origin": [10, 34, -3], "size": [1, 3, 1], "inflate": 0.5, "pivot": [10.5, 35.5, -2.5], "rotation": [180, 0, 0], "uv": [92, 124], "mirror": true}
					]
				},
				{
					"name": "leftfingerpeice1",
					"parent": "leftfinger1",
					"pivot": [10.5, 33, -2.5],
					"rotation": [0, 0, 20],
					"cubes": [
						{"origin": [10, 30, -3], "size": [1, 3, 1], "inflate": 0.5, "uv": [92, 124], "mirror": true}
					]
				},
				{
					"name": "leftfingertip1",
					"parent": "leftfingerpeice1",
					"pivot": [10.5, 29, -2.5],
					"rotation": [0, 0, 22.5],
					"cubes": [
						{"origin": [10, 28, -3], "size": [1, 1, 1], "inflate": 0.5, "uv": [92, 126], "mirror": true},
						{"origin": [9, 23, -4], "size": [3, 5, 3], "inflate": -0.5, "uv": [101, 114], "mirror": true}
					]
				},
				{
					"name": "leftfinger2",
					"parent": "lefthand",
					"pivot": [10.5, 37, 2.5],
					"rotation": [5, 0, 0],
					"cubes": [
						{"origin": [10, 34, 2], "size": [1, 3, 1], "inflate": 0.5, "pivot": [10.5, 35.5, 2.5], "rotation": [180, 0, 0], "uv": [92, 124], "mirror": true}
					]
				},
				{
					"name": "leftfingerpeice2",
					"parent": "leftfinger2",
					"pivot": [10.5, 33, 2.5],
					"rotation": [0, 0, 15],
					"cubes": [
						{"origin": [10, 30, 2], "size": [1, 3, 1], "inflate": 0.5, "uv": [92, 124], "mirror": true}
					]
				},
				{
					"name": "leftfingertip2",
					"parent": "leftfingerpeice2",
					"pivot": [10.5, 29, 2.5],
					"rotation": [0, 0, 25],
					"cubes": [
						{"origin": [10, 28, 2], "size": [1, 1, 1], "inflate": 0.5, "uv": [92, 126], "mirror": true},
						{"origin": [9, 23, 1], "size": [3, 5, 3], "inflate": -0.5, "uv": [101, 114], "mirror": true}
					]
				},
				{
					"name": "leftfinger3",
					"parent": "lefthand",
					"pivot": [10.5, 37, 0.8],
					"rotation": [2.48254, -0.05817, -0.29047],
					"cubes": [
						{"origin": [10, 34, 0.3], "size": [1, 3, 1], "inflate": 0.5, "pivot": [10.5, 35.5, 0.8], "rotation": [180, 0, 0], "uv": [92, 124], "mirror": true}
					]
				},
				{
					"name": "leftfingerpeice3",
					"parent": "leftfinger3",
					"pivot": [10.5, 33, 0.8],
					"rotation": [0, 0, 25],
					"cubes": [
						{"origin": [10, 30, 0.3], "size": [1, 3, 1], "inflate": 0.5, "uv": [92, 124], "mirror": true}
					]
				},
				{
					"name": "leftfingertip3",
					"parent": "leftfingerpeice3",
					"pivot": [10.5, 29, 0.8],
					"rotation": [0, 0, 12.5],
					"cubes": [
						{"origin": [10, 28, 0.3], "size": [1, 1, 1], "inflate": 0.5, "uv": [92, 126], "mirror": true},
						{"origin": [9, 23, -0.7], "size": [3, 5, 3], "inflate": -0.5, "uv": [101, 114], "mirror": true}
					]
				},
				{
					"name": "leftfinger4",
					"parent": "lefthand",
					"pivot": [10.5, 37, -0.8],
					"rotation": [-2.5, 0, 0],
					"cubes": [
						{"origin": [10, 34, -1.3], "size": [1, 3, 1], "inflate": 0.5, "pivot": [10.5, 35.5, -0.8], "rotation": [180, 0, 0], "uv": [92, 124], "mirror": true}
					]
				},
				{
					"name": "leftfingerpeice4",
					"parent": "leftfinger4",
					"pivot": [10.5, 33, -0.8],
					"rotation": [0, 0, 17.5],
					"cubes": [
						{"origin": [10, 30, -1.3], "size": [1, 3, 1], "inflate": 0.5, "uv": [92, 124], "mirror": true}
					]
				},
				{
					"name": "leftfingertip4",
					"parent": "leftfingerpeice4",
					"pivot": [10.5, 29, -0.8],
					"rotation": [0, 0, 22.5],
					"cubes": [
						{"origin": [10, 28, -1.3], "size": [1, 1, 1], "inflate": 0.5, "uv": [92, 126], "mirror": true},
						{"origin": [9, 23, -2.3], "size": [3, 5, 3], "inflate": -0.5, "uv": [101, 114], "mirror": true}
					]
				},
				{
					"name": "leftfinger5",
					"parent": "lefthand",
					"pivot": [9.6, 42, -2.8],
					"rotation": [-16.50371, 5.90316, 19.14314],
					"cubes": [
						{"origin": [9.1, 39, -3.3], "size": [1, 3, 1], "inflate": 0.5, "pivot": [9.6, 40.5, -2.8], "rotation": [0, 0, 180], "uv": [92, 124], "mirror": true}
					]
				},
				{
					"name": "leftfingerpeice5",
					"parent": "leftfinger5",
					"pivot": [9.6, 38, -2.8],
					"rotation": [10, 0, 0],
					"cubes": [
						{"origin": [9.1, 35, -3.3], "size": [1, 3, 1], "inflate": 0.5, "uv": [92, 124], "mirror": true}
					]
				},
				{
					"name": "leftfingertip5",
					"parent": "leftfingerpeice5",
					"pivot": [9.6, 34, -2.8],
					"rotation": [20, 0, 0],
					"cubes": [
						{"origin": [9.1, 33, -3.3], "size": [1, 1, 1], "inflate": 0.5, "uv": [92, 126], "mirror": true},
						{"origin": [8.1, 28, -4.3], "size": [3, 5, 3], "inflate": -0.5, "uv": [101, 114], "mirror": true}
					]
				},
				{
					"name": "rightleg",
					"parent": "waist",
					"pivot": [-4.9, 41, 0],
					"cubes": [
						{"origin": [-6.9, 24, -2], "size": [4, 19, 4], "uv": [84, 0]},
						{"origin": [-7.9, 38, -3], "size": [6, 3, 6], "uv": [101, 0]},
						{"origin": [-7.9, 26, -3], "size": [6, 3, 6], "uv": [101, 0]},
						{"origin": [-7.9, 32, -3], "size": [6, 3, 6], "uv": [101, 0]}
					]
				},
				{
					"name": "rightlegpeice",
					"parent": "rightleg",
					"pivot": [-4.9, 24, 0],
					"cubes": [
						{"origin": [-6.9, 2, -2], "size": [4, 22, 4], "uv": [84, 0]},
						{"origin": [-7.9, 18, -3], "size": [6, 3, 6], "uv": [101, 0]},
						{"origin": [-7.9, 12, -3], "size": [6, 3, 6], "uv": [101, 0]},
						{"origin": [-7.9, 6, -3], "size": [6, 3, 6], "uv": [101, 0]}
					]
				},
				{
					"name": "rightfoot",
					"parent": "rightlegpeice",
					"pivot": [-4.9, 3, 0],
					"cubes": [
						{"origin": [-8.9, 0, -10], "size": [8, 4, 13], "uv": [86, 27]}
					]
				},
				{
					"name": "leftleg",
					"parent": "waist",
					"pivot": [4.9, 41, 0],
					"cubes": [
						{"origin": [2.9, 24, -2], "size": [4, 19, 4], "uv": [84, 0], "mirror": true},
						{"origin": [0.9, 26, -4], "size": [8, 17, 8], "uv": [96, 45], "mirror": true},
						{"origin": [1.9, 38, -3], "size": [6, 3, 6], "uv": [101, 0], "mirror": true},
						{"origin": [1.9, 26, -3], "size": [6, 3, 6], "uv": [101, 0], "mirror": true},
						{"origin": [1.9, 32, -3], "size": [6, 3, 6], "uv": [101, 0], "mirror": true}
					]
				},
				{
					"name": "leftlegpeice",
					"parent": "leftleg",
					"pivot": [4.9, 24, 0],
					"cubes": [
						{"origin": [2.9, 2, -2], "size": [4, 22, 4], "uv": [84, 0], "mirror": true},
						{"origin": [1.9, 6, -3], "size": [6, 3, 6], "uv": [101, 0], "mirror": true},
						{"origin": [1.9, 12, -3], "size": [6, 3, 6], "uv": [101, 0], "mirror": true},
						{"origin": [1.9, 18, -3], "size": [6, 3, 6], "uv": [101, 0], "mirror": true}
					]
				},
				{
					"name": "leftfoot",
					"parent": "leftlegpeice",
					"pivot": [4.9, 3, 0],
					"cubes": [
						{"origin": [0.9, 0, -10], "size": [8, 4, 13], "uv": [86, 27], "mirror": true},
						{"origin": [-0.1, -0.1, -12], "size": [10, 6, 16], "uv": [80, 78], "mirror": true}
					]
				}
			]
		}
	]
}
\\"": \\\\""?\\\"": \\\\""?\\\"": \\\\""?\\\"": \\\\""?\\\"": \\\\""?\\\"": \\\\""?\\\"": \\\\""?\\\"": \\\\""?\\\"": \\\\""?\\\"": \\\\""?\\\"": \\\\""?\\\"": \\\\""?\\\"": \\\\""?\\\"": \\\\""?\\\"": \\\\""?\\\"": \\\\""?\\\"": \\\\""?\\\"": \\\\""?\\\"": \\\\""?\\\"": \\\\""?\\\"": \\\\""?\\\"": \\\\""?\\\"": \\\\""?\\\"": \\\\""?\\\"": \\\\""?\\\"": \\\\""?\\\"": \\\\""?\\\"": \\\\""?\\\"": \\\\""?\\\"": \\\\""?\\\"": \\\\""?\\\"": \\\\""?\\\"": \\\\""?\\\"": \\\\""?\\\"": \\\\""?\\\"": \\\\""?\\\"": \\\\""?\\\"": \\\\""?\\\"": \\\\""?\\\"": \\\\""?\\\"": \\\\""?\\\"": \\\\""?\\\"": \\\\""?\\\"": \\\\""?\\\"": \\\\""?\\\"": \\\\""?\\\"": \\\\""?\\\"": \\\\""?\\\"": \\\\""?\\\"": \\\\""?\\\"": \\\\""?\]}}}}}