{
	"format_version": "1.12.0",
	"minecraft:geometry": [
		{
			"description": {
				"identifier": "geometry.ftl_sc_monty_player",
				"texture_width": 168,
				"texture_height": 168,
				"visible_bounds_width": 15,
				"visible_bounds_height": 7.5,
				"visible_bounds_offset": [0, 3.25, 0]
			},
			"bones": [
				{
					"name": "waist",
					"pivot": [0, 0, 0]
				},
				{
					"name": "waistmonty_body",
					"parent": "waist",
					"pivot": [0, 48.3, 0],
					"cubes": [
						{"origin": [-9, 46.3, -6], "size": [18, 8, 12], "uv": [53, 76]},
						{"origin": [-4, 46.4, 3], "size": [8, 8, 8], "uv": [96, 32]},
						{"origin": [-9.7, 42.4, -4], "size": [8, 8, 8], "inflate": -1, "uv": [96, 32]},
						{"origin": [1.7, 42.4, -4], "size": [8, 8, 8], "inflate": -1, "uv": [96, 32], "mirror": true}
					]
				},
				{
					"name": "monty_body",
					"parent": "waistmonty_body",
					"pivot": [0, 53.3, 0],
					"cubes": [
						{"origin": [-8.5, 52.3, -5.5], "size": [17, 11, 11], "uv": [53, 52]}
					]
				},
				{
					"name": "topmonty_body",
					"parent": "monty_body",
					"pivot": [0, 62.3, 0.6],
					"cubes": [
						{"origin": [-14.7, 69.4, -4], "size": [8, 8, 8], "inflate": -1, "uv": [96, 32]},
						{"origin": [-10, 61.3, -6.4], "size": [20, 16, 13], "uv": [0, 88]}
					]
				},
				{
					"name": "neck",
					"parent": "topmonty_body",
					"pivot": [0, 75.3, 0.6],
					"cubes": [
						{"origin": [-4, 71.3, -3.4], "size": [8, 12, 8], "uv": [68, 0]}
					]
				},
				{
					"name": "montyhead",
					"parent": "neck",
					"pivot": [0, 80.8, -1.3],
					"cubes": [
						{"origin": [5.5, 82.8, -7.2], "size": [2, 5, 11], "uv": [15, 43]},
						{"origin": [-7.5, 82.8, -7.2], "size": [2, 5, 11], "uv": [0, 36]},
						{"origin": [-6, 82.8, -7.3], "size": [12, 10, 12], "uv": [0, 0]},
						{"origin": [-5.1, 91.1, -7.8], "size": [4, 2, 2], "pivot": [-0.5, 93.4, -6.4], "rotation": [10, 0, 0], "uv": [0, 0]},
						{"origin": [1.1, 91.1, -7.8], "size": [4, 2, 2], "pivot": [0.5, 93.4, -6.4], "rotation": [10, 0, 0], "uv": [0, 0], "mirror": true},
						{"origin": [1.1, 89.6, -5.6], "size": [4, 2, 2], "pivot": [0.5, 93.4, 3.6], "rotation": [-10, 0, 0], "uv": [0, 0], "mirror": true},
						{"origin": [-5.1, 89.6, -5.6], "size": [4, 2, 2], "pivot": [-0.5, 93.4, 3.6], "rotation": [-10, 0, 0], "uv": [0, 0]},
						{"origin": [-0.5, 91.8, -7.6], "size": [1, 6, 12], "inflate": 0.5, "pivot": [0, 95.8, -0.6], "rotation": [-5, 0, 0], "uv": [27, 25]},
						{"origin": [-4.5, 82.58381, -17.008], "size": [9, 4, 10], "pivot": [1, 80.58381, -12.208], "rotation": [2.5, 0, 0], "uv": [0, 22]},
						{"origin": [-4, 80.35472, -16.79873], "size": [8, 3, 10], "uv": [38, 12]}
					]
				},
				{
					"name": "righteye",
					"parent": "montyhead",
					"pivot": [-3, 88.8, -5.6],
					"cubes": [
						{"origin": [-4.8, 87, -7.4], "size": [3.6, 3.6, 3.6], "uv": [36, 0]}
					]
				},
				{
					"name": "rightpupil",
					"parent": "righteye",
					"pivot": [-3, 88.8, -7.05],
					"cubes": [
						{"origin": [-3.5, 88.3, -7.6], "size": [1, 1, 1], "uv": [36, 10]},
						{"origin": [-4, 87.8, -7.5], "size": [2, 2, 1], "uv": [36, 6]}
					]
				},
				{
					"name": "lefteye",
					"parent": "montyhead",
					"pivot": [3, 88.8, -5.6],
					"cubes": [
						{"origin": [1.2, 87, -7.4], "size": [3.6, 3.6, 3.6], "uv": [36, 0], "mirror": true}
					]
				},
				{
					"name": "leftpupil",
					"parent": "lefteye",
					"pivot": [3, 88.8, -7.05],
					"cubes": [
						{"origin": [2.5, 88.3, -7.6], "size": [1, 1, 1], "uv": [36, 10], "mirror": true},
						{"origin": [2, 87.8, -7.5], "size": [2, 2, 1], "uv": [36, 6], "mirror": true}
					]
				},
				{
					"name": "topeyelids",
					"parent": "montyhead",
					"pivot": [0, 89.8, -5.6]
				},
				{
					"name": "rightlidtop",
					"parent": "topeyelids",
					"pivot": [-3, 89.8, -5.6],
					"cubes": [
						{"origin": [-4.9, 88.8, -7.7], "size": [3.8, 1.9, 4], "uv": [50, 0]}
					]
				},
				{
					"name": "leftlidtop",
					"parent": "topeyelids",
					"pivot": [3, 89.8, -5.6],
					"cubes": [
						{"origin": [1.1, 88.8, -7.7], "size": [3.8, 1.9, 4], "uv": [50, 0], "mirror": true}
					]
				},
				{
					"name": "botumeyelids",
					"parent": "montyhead",
					"pivot": [0, 87.8, -5.6]
				},
				{
					"name": "rightlidbottum",
					"parent": "botumeyelids",
					"pivot": [-3, 87.8, -5.6],
					"cubes": [
						{"origin": [-4.9, 86.9, -7.7], "size": [3.8, 1.9, 4], "uv": [50, 0]}
					]
				},
				{
					"name": "leftlidbottum",
					"parent": "botumeyelids",
					"pivot": [3, 87.8, -5.6],
					"cubes": [
						{"origin": [1.1, 86.9, -7.7], "size": [3.8, 1.9, 4], "uv": [50, 0], "mirror": true}
					]
				},
				{
					"name": "righteyebrow",
					"parent": "montyhead",
					"pivot": [-3.03713, 91.82485, -7.6],
					"rotation": [7.5, 0, -2.5],
					"cubes": [
						{"origin": [-4.10048, 91.37819, -7.6], "size": [2, 1, 0], "uv": [25, 1]},
						{"origin": [-2.231, 91.38675, -7.6], "size": [1, 1, 0], "pivot": [-2.231, 91.38675, -7.6], "rotation": [0, 0, 7.5], "uv": [25, 1]},
						{"origin": [-4.58417, 91.04926, -7.6], "size": [1, 1, 0], "pivot": [-4.58417, 91.04926, -7.6], "rotation": [0, 0, -25], "uv": [25, 1]}
					]
				},
				{
					"name": "lefteyebrow",
					"parent": "montyhead",
					"pivot": [3.03713, 91.82485, -7.6],
					"rotation": [7.5, 0, 2.5],
					"cubes": [
						{"origin": [2.10048, 91.37819, -7.6], "size": [2, 1, 0], "uv": [25, 1], "mirror": true},
						{"origin": [1.231, 91.38675, -7.6], "size": [1, 1, 0], "pivot": [2.231, 91.38675, -7.6], "rotation": [0, 0, -7.5], "uv": [25, 1], "mirror": true},
						{"origin": [3.58417, 91.04926, -7.6], "size": [1, 1, 0], "pivot": [4.58417, 91.04926, -7.6], "rotation": [0, 0, 25], "uv": [25, 1], "mirror": true}
					]
				},
				{
					"name": "glasses",
					"parent": "montyhead",
					"pivot": [0, 89.5, -3.3],
					"rotation": [2.5, 0, 0],
					"cubes": [
						{"origin": [-7, 86, -9.3], "size": [7, 7, 0], "pivot": [-3.5, 89.5, -9.3], "rotation": [0, 0, 2.5], "uv": [0, 71]},
						{"origin": [-6.99667, 87.35267, -9.3], "size": [0, 5, 9], "pivot": [-6.99667, 89.65267, -4.8], "rotation": [2.5, 0, 2.5], "uv": [0, 57]},
						{"origin": [6.99667, 87.35267, -9.3], "size": [0, 5, 9], "pivot": [6.99667, 89.65267, -4.8], "rotation": [2.5, 0, -2.5], "uv": [0, 57], "mirror": true},
						{"origin": [0, 86, -9.3], "size": [7, 7, 0], "pivot": [3.5, 89.5, -9.3], "rotation": [0, 0, -2.5], "uv": [0, 71], "mirror": true}
					]
				},
				{
					"name": "jaw",
					"parent": "montyhead",
					"pivot": [0, 81.8, 0.8],
					"cubes": [
						{"origin": [-7, 79.8, -1.9], "size": [14, 4, 6], "uv": [14, 68]},
						{"origin": [-7, 79.8, -6.9], "size": [14, 3, 5], "uv": [0, 78]},
						{"origin": [-4.4, 79.8, -16.9], "size": [8.8, 3, 10], "uv": [31, 50]},
						{"origin": [-3.8, 82.8, -16.8], "size": [7.6, 3, 10], "uv": [44, 37]}
					]
				},
				{
					"name": "tounge",
					"parent": "jaw",
					"pivot": [0, 83.2, -4.4],
					"cubes": [
						{"origin": [-3.4, 82.2, -10.9], "size": [6.8, 2, 7], "uv": [26, 79]},
						{"origin": [-2.4, 82.2, -15.9], "size": [4.8, 2, 5], "uv": [45, 79]}
					]
				},
				{
					"name": "rightshoulderblade",
					"parent": "topmonty_body",
					"pivot": [-10, 75.8, 0.1],
					"rotation": [0, 0, 2.5],
					"cubes": [
						{"origin": [-15, 72.8, -3.9], "size": [6, 5, 8], "inflate": 0.5, "uv": [100, 0]},
						{"origin": [-20, 72.8, -2.9], "size": [4, 5, 6], "inflate": 0.5, "uv": [108, 13]}
					]
				},
				{
					"name": "leftshoulderblade",
					"parent": "topmonty_body",
					"pivot": [10, 75.8, 0.1],
					"rotation": [0, 0, -2.5],
					"cubes": [
						{"origin": [9, 72.8, -3.9], "size": [6, 5, 8], "inflate": 0.5, "uv": [100, 0], "mirror": true},
						{"origin": [16, 72.8, -2.9], "size": [4, 5, 6], "inflate": 0.5, "uv": [108, 13], "mirror": true}
					]
				},
				{
					"name": "rightmonty_arm",
					"parent": "topmonty_body",
					"pivot": [-11, 74.8, 0],
					"rotation": [0, 0, 2.5],
					"cubes": [
						{"origin": [-14.5, 60.3, -3.5], "size": [7, 15, 7], "uv": [140, 84]},
						{"origin": [-15, 56.4, -4], "size": [8, 8, 8], "inflate": -1, "uv": [96, 32]}
					]
				},
				{
					"name": "rightmonty_armpeice",
					"parent": "rightmonty_arm",
					"pivot": [-11, 58.8, 0],
					"cubes": [
						{"origin": [-14.5, 45.3, -3.5], "size": [7, 14, 7], "uv": [140, 107]},
						{"origin": [-15, 41.4, -4], "size": [8, 8, 8], "inflate": -2, "uv": [96, 32]}
					]
				},
				{
					"name": "rightmonty_hand",
					"parent": "rightmonty_armpeice",
					"pivot": [-11, 43.8, 0],
					"cubes": [
						{"origin": [-13.1, 35.8, -4], "size": [4.2, 9, 8], "uv": [55, 151]}
					]
				},
				{
					"name": "rightfinger1",
					"parent": "rightmonty_hand",
					"pivot": [-11.6, 35.3, -2.5],
					"rotation": [-10, 0, 0],
					"cubes": [
						{"origin": [-13.1, 30.8, -4], "size": [3, 5, 3], "uv": [61, 159]}
					]
				},
				{
					"name": "rightfingerpeice1",
					"parent": "rightfinger1",
					"pivot": [-11.6, 30.3, -2.5],
					"rotation": [0, 0, -15],
					"cubes": [
						{"origin": [-13.1, 25.8, -4], "size": [3, 5, 3], "uv": [39, 106]},
						{"origin": [-11.8, 20.6, -3], "size": [3, 6, 1], "pivot": [-11.6, 22.8, -2.5], "rotation": [0, 0, -20], "uv": [5, 161]}
					]
				},
				{
					"name": "rightfinger2",
					"parent": "rightmonty_hand",
					"pivot": [-11.6, 35.3, 2.5],
					"rotation": [7.5, 0, 0],
					"cubes": [
						{"origin": [-13.1, 30.8, 1], "size": [3, 5, 3], "uv": [61, 159]}
					]
				},
				{
					"name": "rightfingerpeice2",
					"parent": "rightfinger2",
					"pivot": [-11.6, 30.3, 2.5],
					"rotation": [0, 0, -15],
					"cubes": [
						{"origin": [-13.1, 25.8, 1], "size": [3, 5, 3], "uv": [39, 106]},
						{"origin": [-11.8, 20.6, 2], "size": [3, 6, 1], "pivot": [-11.6, 22.8, 2.5], "rotation": [0, 0, -20], "uv": [5, 161]}
					]
				},
				{
					"name": "rightfinger3",
					"parent": "rightmonty_hand",
					"pivot": [-11.6, 35.3, 0],
					"cubes": [
						{"origin": [-13.1, 30.8, -1.5], "size": [3, 5, 3], "uv": [61, 159]}
					]
				},
				{
					"name": "rightfingerpeice3",
					"parent": "rightfinger3",
					"pivot": [-11.6, 30.3, 0],
					"rotation": [0, 0, -15],
					"cubes": [
						{"origin": [-13.1, 25.8, -1.5], "size": [3, 5, 3], "uv": [39, 106]},
						{"origin": [-11.8, 20.6, -0.5], "size": [3, 6, 1], "pivot": [-11.6, 22.8, 0], "rotation": [0, 0, -20], "uv": [5, 161]}
					]
				},
				{
					"name": "rightfinger4",
					"parent": "rightmonty_hand",
					"pivot": [-10.6, 41.3, -3],
					"rotation": [-23.97594, -7.30111, -15.9477],
					"cubes": [
						{"origin": [-12.1, 36.8, -4.5], "size": [3, 5, 3], "uv": [61, 159]}
					]
				},
				{
					"name": "rightfingerpeice4",
					"parent": "rightfinger4",
					"pivot": [-10.6, 36.3, -3],
					"rotation": [12.5, 0, 0],
					"cubes": [
						{"origin": [-12.1, 31.8, -4.5], "size": [3, 5, 3], "uv": [39, 106]},
						{"origin": [-10.15202, 26.59638, -2.5], "size": [3, 6, 1], "pivot": [-9.65202, 29.99638, -3], "rotation": [89.99999, -67.5, -89.99998], "uv": [5, 161]}
					]
				},
				{
					"name": "leftmonty_arm",
					"parent": "topmonty_body",
					"pivot": [11, 74.8, 0],
					"rotation": [0, 0, -2.5],
					"cubes": [
						{"origin": [7.5, 60.3, -3.5], "size": [7, 15, 7], "uv": [140, 84], "mirror": true},
						{"origin": [7, 56.4, -4], "size": [8, 8, 8], "inflate": -1, "uv": [96, 32], "mirror": true}
					]
				},
				{
					"name": "leftmonty_armpeice",
					"parent": "leftmonty_arm",
					"pivot": [11, 58.8, 0],
					"cubes": [
						{"origin": [7.5, 45.3, -3.5], "size": [7, 14, 7], "uv": [140, 107], "mirror": true},
						{"origin": [7, 41.4, -4], "size": [8, 8, 8], "inflate": -2, "uv": [96, 32], "mirror": true}
					]
				},
				{
					"name": "leftmonty_hand",
					"parent": "leftmonty_armpeice",
					"pivot": [11, 43.8, 0],
					"cubes": [
						{"origin": [8.9, 35.8, -4], "size": [4.2, 9, 8], "uv": [55, 151], "mirror": true}
					]
				},
				{
					"name": "leftfinger1",
					"parent": "leftmonty_hand",
					"pivot": [11.6, 35.3, -2.5],
					"rotation": [-10, 0, 0],
					"cubes": [
						{"origin": [10.1, 30.8, -4], "size": [3, 5, 3], "uv": [61, 159], "mirror": true}
					]
				},
				{
					"name": "leftfingerpeice1",
					"parent": "leftfinger1",
					"pivot": [11.6, 30.3, -2.5],
					"rotation": [0, 0, 15],
					"cubes": [
						{"origin": [10.1, 25.8, -4], "size": [3, 5, 3], "uv": [39, 106], "mirror": true},
						{"origin": [8.8, 20.6, -3], "size": [3, 6, 1], "pivot": [11.6, 22.8, -2.5], "rotation": [0, 0, 20], "uv": [5, 161], "mirror": true}
					]
				},
				{
					"name": "leftfinger2",
					"parent": "leftmonty_hand",
					"pivot": [11.6, 35.3, 2.5],
					"rotation": [7.5, 0, 0],
					"cubes": [
						{"origin": [10.1, 30.8, 1], "size": [3, 5, 3], "uv": [61, 159], "mirror": true}
					]
				},
				{
					"name": "leftfingerpeice2",
					"parent": "leftfinger2",
					"pivot": [11.6, 30.3, 2.5],
					"rotation": [0, 0, 15],
					"cubes": [
						{"origin": [10.1, 25.8, 1], "size": [3, 5, 3], "uv": [39, 106], "mirror": true},
						{"origin": [8.8, 20.6, 2], "size": [3, 6, 1], "pivot": [11.6, 22.8, 2.5], "rotation": [0, 0, 20], "uv": [5, 161], "mirror": true}
					]
				},
				{
					"name": "leftfinger3",
					"parent": "leftmonty_hand",
					"pivot": [11.6, 35.3, 0],
					"cubes": [
						{"origin": [10.1, 30.8, -1.5], "size": [3, 5, 3], "uv": [61, 159], "mirror": true}
					]
				},
				{
					"name": "leftfingerpeice3",
					"parent": "leftfinger3",
					"pivot": [11.6, 30.3, 0],
					"rotation": [0, 0, 15],
					"cubes": [
						{"origin": [10.1, 25.8, -1.5], "size": [3, 5, 3], "uv": [39, 106], "mirror": true},
						{"origin": [8.8, 20.6, -0.5], "size": [3, 6, 1], "pivot": [11.6, 22.8, 0], "rotation": [0, 0, 20], "uv": [5, 161], "mirror": true}
					]
				},
				{
					"name": "leftfinger4",
					"parent": "leftmonty_hand",
					"pivot": [10.6, 41.3, -3],
					"rotation": [-23.97594, 7.30111, 15.9477],
					"cubes": [
						{"origin": [9.1, 36.8, -4.5], "size": [3, 5, 3], "uv": [61, 159], "mirror": true}
					]
				},
				{
					"name": "leftfingerpeice4",
					"parent": "leftfinger4",
					"pivot": [10.6, 36.3, -3],
					"rotation": [12.5, 0, 0],
					"cubes": [
						{"origin": [9.1, 31.8, -4.5], "size": [3, 5, 3], "uv": [39, 106], "mirror": true},
						{"origin": [7.15202, 26.59638, -2.5], "size": [3, 6, 1], "pivot": [9.65202, 29.99638, -3], "rotation": [89.99999, 67.5, 89.99998], "uv": [5, 161], "mirror": true}
					]
				},
				{
					"name": "tail",
					"parent": "waistmonty_body",
					"pivot": [0, 50.4, 8],
					"cubes": [
						{"origin": [-5, 45.4, 7], "size": [10, 10, 15], "inflate": -0.5, "uv": [52, 103]},
						{"origin": [-5, 53.3, 7], "size": [0, 5, 8], "inflate": -0.5, "pivot": [-4, 56.8, 11], "rotation": [0, 0, -20], "uv": [101, 98]},
						{"origin": [5, 53.3, 7], "size": [0, 5, 8], "inflate": -0.5, "pivot": [4, 56.8, 11], "rotation": [0, 0, 20], "uv": [101, 98], "mirror": true},
						{"origin": [5, 53.3, 14.1], "size": [0, 5, 8], "inflate": -0.5, "pivot": [4, 56.8, 18.1], "rotation": [0, 0, 20], "uv": [101, 98], "mirror": true},
						{"origin": [-5, 53.3, 14.1], "size": [0, 5, 8], "inflate": -0.5, "pivot": [-4, 56.8, 18.1], "rotation": [0, 0, -20], "uv": [101, 98]},
						{"origin": [-4, 46.4, 19], "size": [8, 8, 8], "inflate": -0.5, "uv": [96, 32]}
					]
				},
				{
					"name": "tailpeice1",
					"parent": "tail",
					"pivot": [0, 50.4, 23],
					"cubes": [
						{"origin": [-5, 45.4, 22], "size": [10, 10, 15], "inflate": -1, "uv": [2, 135]},
						{"origin": [-5, 51.9, 22], "size": [1, 6, 8], "inflate": -1, "pivot": [-4, 55.4, 26], "rotation": [0, 0, -20], "uv": [51, 130]},
						{"origin": [-5, 51.9, 28.9], "size": [1, 6, 8], "inflate": -1, "pivot": [-4, 55.4, 23.9], "rotation": [0, 0, -20], "uv": [51, 130]},
						{"origin": [4, 51.9, 22], "size": [1, 6, 8], "inflate": -1, "pivot": [4, 55.4, 26], "rotation": [0, 0, 20], "uv": [51, 130], "mirror": true},
						{"origin": [4, 51.9, 28.9], "size": [1, 6, 8], "inflate": -1, "pivot": [4, 55.4, 23.9], "rotation": [0, 0, 20], "uv": [51, 130], "mirror": true},
						{"origin": [-4, 46.4, 33], "size": [8, 8, 8], "inflate": -1, "uv": [96, 32]}
					]
				},
				{
					"name": "tailpeice2",
					"parent": "tailpeice1",
					"pivot": [0, 50.4, 38],
					"cubes": [
						{"origin": [-5, 45.4, 36], "size": [10, 10, 15], "inflate": -1.5, "uv": [52, 103]},
						{"origin": [-5, 49.3, 36], "size": [1, 8, 8], "inflate": -1.5, "pivot": [-4, 53.8, 40], "rotation": [0, 0, -20], "uv": [101, 98]},
						{"origin": [4, 49.3, 36], "size": [1, 8, 8], "inflate": -1.5, "pivot": [4, 53.8, 40], "rotation": [0, 0, 20], "uv": [101, 98], "mirror": true},
						{"origin": [4, 49.3, 43], "size": [1, 8, 8], "inflate": -1.5, "pivot": [4, 53.8, 47], "rotation": [0, 0, 20], "uv": [101, 98], "mirror": true},
						{"origin": [-5, 49.3, 43], "size": [1, 8, 8], "inflate": -1.5, "pivot": [-4, 53.8, 47], "rotation": [0, 0, -20], "uv": [101, 98]},
						{"origin": [-4, 46.4, 46], "size": [8, 8, 8], "inflate": -1.5, "uv": [96, 32]}
					]
				},
				{
					"name": "tailpeice3",
					"parent": "tailpeice2",
					"pivot": [0, 50.4, 52],
					"cubes": [
						{"origin": [-5, 45.4, 49], "size": [10, 10, 15], "inflate": -2, "uv": [2, 135]},
						{"origin": [-3.6, 47, 50], "size": [1, 10, 8], "inflate": -2, "pivot": [-4, 50.8, 54], "rotation": [0, 0, -20], "uv": [51, 130]},
						{"origin": [-3.6, 47, 56], "size": [1, 10, 8], "inflate": -2, "pivot": [-4, 50.8, 51], "rotation": [0, 0, -20], "uv": [51, 130]},
						{"origin": [2.6, 47, 50], "size": [1, 10, 8], "inflate": -2, "pivot": [4, 50.8, 54], "rotation": [0, 0, 20], "uv": [51, 130], "mirror": true},
						{"origin": [2.6, 47, 56], "size": [1, 10, 8], "inflate": -2, "pivot": [4, 50.8, 51], "rotation": [0, 0, 20], "uv": [51, 130], "mirror": true},
						{"origin": [-4, 46.4, 58], "size": [8, 8, 8], "inflate": -2, "uv": [96, 32]}
					]
				},
				{
					"name": "tailpeice4",
					"parent": "tailpeice3",
					"pivot": [0, 50.4, 63],
					"cubes": [
						{"origin": [-5, 45.4, 60], "size": [10, 10, 15], "inflate": -2.5, "uv": [52, 103]},
						{"origin": [-3.5, 45, 61], "size": [1, 11, 8], "inflate": -2.5, "pivot": [-4, 50.8, 65], "rotation": [0, 0, -20], "uv": [101, 98]},
						{"origin": [-3.5, 45, 67], "size": [1, 11, 8], "inflate": -2.5, "pivot": [-4, 50.8, 71], "rotation": [0, 0, -20], "uv": [101, 98]},
						{"origin": [2.5, 45, 67], "size": [1, 11, 8], "inflate": -2.5, "pivot": [4, 50.8, 71], "rotation": [0, 0, 20], "uv": [101, 98], "mirror": true},
						{"origin": [2.5, 45, 61], "size": [1, 11, 8], "inflate": -2.5, "pivot": [4, 50.8, 65], "rotation": [0, 0, 20], "uv": [101, 98], "mirror": true}
					]
				},
				{
					"name": "rightmonty_leg",
					"parent": "waist",
					"pivot": [-5.65, 45.3, 0],
					"cubes": [
						{"origin": [-9.6, 26, -4], "size": [8, 20, 8], "uv": [136, 0]},
						{"origin": [-9.6, 22.1, -4], "size": [8, 8, 8], "inflate": -1, "uv": [96, 32]}
					]
				},
				{
					"name": "rightmonty_legpeice",
					"parent": "rightmonty_leg",
					"pivot": [-5.65, 25.3, 0],
					"cubes": [
						{"origin": [-10.1, 6, -4.5], "size": [9, 20, 9], "uv": [132, 30]},
						{"origin": [-9.6, 2.1, -4], "size": [8, 8, 8], "inflate": -1, "uv": [96, 32]}
					]
				},
				{
					"name": "rightmonty_foot",
					"parent": "rightmonty_legpeice",
					"pivot": [-5.65, 4.3, 0],
					"cubes": [
						{"origin": [-11.15, 0.3, -14], "size": [11, 6, 16], "uv": [114, 61]},
						{"origin": [-6.15, 1.00237, -18.97836], "size": [1, 5, 6], "pivot": [-5.65, 3.20237, -15.97836], "rotation": [5, 0, 0], "uv": [114, 61]},
						{"origin": [-2.15, 1.00237, -18.97836], "size": [1, 5, 6], "pivot": [-5.65, 3.20237, -15.97836], "rotation": [5, 0, 0], "uv": [114, 61]},
						{"origin": [-10.15, 1.00237, -18.97836], "size": [1, 5, 6], "pivot": [-5.65, 3.20237, -15.97836], "rotation": [5, 0, 0], "uv": [114, 61]}
					]
				},
				{
					"name": "leftmonty_leg",
					"parent": "waist",
					"pivot": [5.65, 45.3, 0],
					"cubes": [
						{"origin": [1.6, 26, -4], "size": [8, 20, 8], "uv": [136, 0], "mirror": true},
						{"origin": [1.6, 22.1, -4], "size": [8, 8, 8], "inflate": -1, "uv": [96, 32], "mirror": true}
					]
				},
				{
					"name": "leftmonty_legpeice",
					"parent": "leftmonty_leg",
					"pivot": [5.65, 25.3, 0],
					"cubes": [
						{"origin": [1.1, 6, -4.5], "size": [9, 20, 9], "uv": [132, 30], "mirror": true},
						{"origin": [1.6, 2.1, -4], "size": [8, 8, 8], "inflate": -1, "uv": [96, 32], "mirror": true}
					]
				},
				{
					"name": "leftmonty_foot",
					"parent": "leftmonty_legpeice",
					"pivot": [5.65, 4.3, 0],
					"cubes": [
						{"origin": [0.15, 0.3, -14], "size": [11, 6, 16], "uv": [114, 61], "mirror": true},
						{"origin": [5.15, 1.00237, -18.97836], "size": [1, 5, 6], "pivot": [5.65, 3.20237, -15.97836], "rotation": [5, 0, 0], "uv": [114, 61], "mirror": true},
						{"origin": [1.15, 1.00237, -18.97836], "size": [1, 5, 6], "pivot": [5.65, 3.20237, -15.97836], "rotation": [5, 0, 0], "uv": [114, 61], "mirror": true},
						{"origin": [9.15, 1.00237, -18.97836], "size": [1, 5, 6], "pivot": [5.65, 3.20237, -15.97836], "rotation": [5, 0, 0], "uv": [114, 61], "mirror": true}
					]
				}
			]
		}
	]
}
\\"": \\\\""?\\\"": \\\\""?\\\"": \\\\""?\\\"": \\\\""?\\\"": \\\\""?\\\"": \\\\""?\\\"": \\\\""?\\\"": \\\\""?\\\"": \\\\""?\\\"": \\\\""?\\\"": \\\\""?\\\"": \\\\""?\\\"": \\\\""?\\\"": \\\\""?\\\"": \\\\""?\\\"": \\\\""?\\\"": \\\\""?\\\"": \\\\""?\\\"": \\\\""?\\\"": \\\\""?\\\"": \\\\""?\\\"": \\\\""?\\\"": \\\\""?\\\"": \\\\""?\\\"": \\\\""?\\\"": \\\\""?\\\"": \\\\""?\\\"": \\\\""?\\\"": \\\\""?\\\"": \\\\""?\\\"": \\\\""?\\\"": \\\\""?\\\"": \\\\""?\\\"": \\\\""?\\\"": \\\\""?\\\"": \\\\""?\\\"": \\\\""?\\\"": \\\\""?\\\"": \\\\""?\\\"": \\\\""?\\\"": \\\\""?\\\"": \\\\""?\\\"": \\\\""?\\\"": \\\\""?\\\"": \\\\""?\\\"": \\\\""?\\\"": \\\\""?\\\"": \\\\""?\\\"": \\\\""?\\\"": \\\\""?\\\"": \\\\""?\]}}}}}