{
  "format_version": "1.10.0",
  "minecraft:attachable": {
    "description": {
      "identifier": "ag1:magic_book",
      "materials": {
        "default": "entity_alphatest",
        "enchanted": "entity_alphatest_glint"
      },
      "textures": {
        "default": "textures/items/Mb ag1"
      },
      "geometry": {
        "default": "geometry.Mb_ag1"
      },
      "animations": {
        "anim": "animation.Mb_ag1.gen",
        "grab": "animation.Mb_ag1.gra"
      },
      "scripts": {
        "animate": [
          "anim",
          "grab"
        ]
      },
      "render_controllers": [
        "controller.render.item_default"
      ]
    }
  }
}