{
  "format_version": "1.8.0",
  "minecraft:client_entity": {
    "description": {
      "identifier": "bd:jumbo_2",
      "materials": {
        "default": "armor_stand"
      },
      "textures": {
        "default": "textures/entity/pamobile/bd_jumbo_2"
      },
      "spawn_egg": {
        "base_color": "#00FF62",
        "overlay_color": "#00A63B"
      },
      "animations": {
        "no_pose": "animation.bd_jumbo_2.no_pose"
      },
      "animation_controllers": [
        {
          "pose": "controller.animation.bd_jumbo_2.pose"
        },
        {
          "wiggling": "controller.animation.bd_jumbo_2.wiggle"
        }
      ],
      "geometry": {
        "default": "geometry.bd_jumbo_2"
      },
      "render_controllers": [
        "controller.render.armor_stand"
      ],
      "enable_attachables": true
    }
  }
}