{
	"format_version": "1.8.0",
	"animations": {
		"animation.ic_door.open": {
			"animation_length": 0.6667,
			"bones": {
				"door": {
					"rotation": {
						"0.0": [0, -90, 0],
						"0.0167": [0.06064, -89.40814, 0],
						"0.0333": [0.10341, -88.12932, 0],
						"0.05": [0.14132, -86.48377, 0],
						"0.0667": [0.17585, -84.60413, 0],
						"0.0833": [0.2076, -82.55937, 0],
						"0.3": [0.43345, -50.29025, 0],
						"0.4667": [0.38329, -24.08589, 0],
						"0.55": [0.27324, -11.87168, 0],
						"0.5833": [0.21059, -7.44063, 0],
						"0.6": [0.17491, -5.39587, 0],
						"0.6167": [0.1361, -3.51623, 0],
						"0.6333": [0.09415, -1.87068, 0],
						"0.65": [0.04879, -0.59186, 0],
						"0.6667": [0, 0, 0]
					}
				},
				"knob": {
					"rotation": {
						"0.0": [0, 0, 0],
						"0.0167": [0, 0, 0.12022],
						"0.0333": [0, 0, 0.49629],
						"0.05": [0, 0, 1.14908],
						"0.0667": [0, 0, 2.08554],
						"0.0833": [0, 0, 3.28971],
						"0.1": [0, 0, 4.70896],
						"0.1333": [0, 0, 7.79104],
						"0.15": [0, 0, 9.21029],
						"0.1667": [0, 0, 10.41446],
						"0.1833": [0, 0, 11.35092],
						"0.2": [0, 0, 12.00371],
						"0.2167": [0, 0, 12.37978],
						"0.2333": [0, 0, 12.5],
						"0.25": [0, 0, 12.37739],
						"0.2667": [0, 0, 11.98207],
						"0.2833": [0, 0, 11.27147],
						"0.3": [0, 0, 10.21309],
						"0.3167": [0, 0, 8.81037],
						"0.3333": [0, 0, 7.13822],
						"0.35": [0, 0, 5.36178],
						"0.3667": [0, 0, 3.68963],
						"0.3833": [0, 0, 2.28691],
						"0.4": [0, 0, 1.22853],
						"0.4167": [0, 0, 0.51793],
						"0.4333": [0, 0, 0.12261],
						"0.45": [0, 0, 0],
						"0.65": [0, 0, 0]
					}
				}
			},
			"sound_effects": {
				"0.1": {
					"effect": "open"
				}
			}
		},
		"animation.ic_door.open_lock": {
			"animation_length": 1000,
			"bones": {
				"door": {
					"rotation": {
						"0.5": [0, -90, 0],
						"0.5833": [0.2076, -82.55937, 0],
						"0.6667": [0.3329, -70.93629, 0],
						"0.75": [0.40972, -58.1738, 0],
						"0.9167": [0.42052, -31.8262, 0],
						"1.0": [0.34684, -19.06371, 0],
						"1.0833": [0.21059, -7.44063, 0],
						"1.1667": [0, 0, 0]
					}
				},
				"lock": {
					"rotation": {
						"0.0": {
							"post": [0, 0, 0],
							"lerp_mode": "catmullrom"
						},
						"0.25": [-95.2108, -1.93709, 17.42012],
						"1000.0": [-95.2108, -1.93709, 17.42012]
					},
					"position": {
						"0.0": {
							"post": [0, 0, 0],
							"lerp_mode": "catmullrom"
						},
						"0.25": [0, -11.75, -1],
						"1000.0": [0, -11.75, -1]
					},
					"scale": {
						"0.0": [1, 1, 1],
						"0.3333": [1, 1, 1],
						"0.5": [0, 0, 0],
						"1000.0": [0, 0, 0]
					}
				},
				"knob": {
					"rotation": {
						"0.0": [0, 0, 0],
						"0.5": [0, 0, 0],
						"0.5833": [0, 0, 2.98045],
						"0.6667": [0, 0, 9.51955],
						"0.75": [0, 0, 12.5],
						"0.9167": [0, 0, 0],
						"1.1667": [0, 0, 0]
					}
				}
			},
			"sound_effects": {
				"0.5": {
					"effect": "open"
				}
			}
		},
		"animation.ic_door.close": {
			"animation_length": 1,
			"bones": {
				"door": {
					"rotation": {
						"0.0": {
							"post": [0, 90, 0],
							"lerp_mode": "catmullrom"
						},
						"0.9833": [0, 0, 0]
					}
				},
				"lock": {
					"scale": {
						"0.0": [0, 0, 0],
						"0.8333": [0, 0, 0],
						"0.9167": [1, 1, 1]
					}
				},
				"knob": {
					"rotation": {
						"0.0": {
							"post": [0, 0, 0],
							"lerp_mode": "catmullrom"
						},
						"0.1167": {
							"post": [0, 0, 22.5],
							"lerp_mode": "catmullrom"
						},
						"0.8667": {
							"post": [0, 0, 22.5],
							"lerp_mode": "catmullrom"
						},
						"1.0": {
							"post": [0, 0, 0],
							"lerp_mode": "catmullrom"
						}
					}
				}
			},
			"sound_effects": {
				"0.1": {
					"effect": "close"
				}
			}
		},
		"animation.ic_door_skull.open1": {
			"loop": true,
			"bones": {
				"door": {
					"scale": [0, 0, 0]
				}
			}
		},
		"animation.ic_door_skull.open": {
			"loop": false,
			"animation_length": 1,
			"sound_effects": {
				"0.02": {
					"effect": "open"
				}
			},
			"particle_effects": {
				"0.05": {
					"effect": "burst",
					"locator": "effect" 
				}
			} 
		}
	}
}