{
	"format_version": "1.17.100",
	"minecraft:npc_dialogue":
	{
		"scenes":
		[
			{
				"scene_tag": "quests",
				"npc_name": { "rawtext": [ {"text":"Quests"} ] },
				"text": { "rawtext": [ {"text":"§e>Rank E\n25Tp\n>Rank D\n50Tp\n>Rank C\n75Tp\n>Rank B\n100Tp\n>Rank A\n115Tp\n>Rank S\n130Tp"} ] },
				"buttons": [
					{
						"name": { "rawtext": [ {"text":"§lRank E+"} ] },
						"commands": [
							"/playsound random.levelup @initiator",
                    "/scoreboard players random @initiator q 1 2"
						]
					},
					{
						"name": { "rawtext": [ {"text":"§lRank D+"} ] },
						"commands": [
				     		"/playsound random.levelup @initiator",
                    "/scoreboard players random @initiator q 3 5"
						]
					},
					{
						"name": { "rawtext": [ {"text":"§lRank C+"} ] },
						"commands": [
				     		"/playsound random.levelup @initiator",
                    "/scoreboard players random @initiator q 6 8"
						]
					},
					{
						"name": { "rawtext": [ {"text":"§lRank B+"} ] },
						"commands": [
				     		"/playsound random.levelup @initiator",
                    "/scoreboard players random @initiator q 9 10"
						]
					},
					{
						"name": { "rawtext": [ {"text":"§lRank A+"} ] },
						"commands": [
				     		"/playsound random.levelup @initiator",
                    "/scoreboard players random @initiator q 11 12"
						]
					},
					{
						"name": { "rawtext": [ {"text":"§lRank S+"} ] },
						"commands": [
				     		"/playsound random.levelup @initiator",
                    "/scoreboard players random @initiator q 13 14"
						]
					}
				]
			}
		]
	}
}
