{
	"format_version": "1.17.100",
	"minecraft:npc_dialogue":
	{
		"scenes":
		[
			{
				"scene_tag": "saga",
				"npc_name": { "rawtext": [ {"text":"§l§1Kimetsu §bSaga"} ] },
				"text": { "rawtext": [ {"text":"§l§1(Complete Para Receber Sua Respiração) \n(Complete To Receive Your Breath)"} ] },
				"buttons": [
					{
						"name": { "rawtext": [ {"text":"§lEpisódio 1"} ] },
						"commands": [
                    "/effect @initiator[scores={saga=1}] blindness 1 1 true",
							"/execute @initiator[scores={saga=1}] ~~~ summon ds:sc_tanjiro ~5~~",
                    "/scoreboard players set @initiator[scores={saga=1}] scene 1"
						]
					},
					{
						"name": { "rawtext": [ {"text":"§lEpisódio 2"} ] },
						"commands": [
                    "/effect @initiator[scores={saga=1}] blindness 1 1 true",
							"/execute @initiator[scores={saga=2}] ~~~ summon ds:sc_tanjiro ~5~~ minecraft:scene2",
							"/execute @initiator[scores={saga=2}] ~~~ summon ds:sc_nezuko ~5~~ minecraft:scene2",
                    "/scoreboard players set @initiator[scores={saga=2}] scene 2"
						]
					},
					{
						"name": { "rawtext": [ {"text":"§lEpisódio 3"} ] },
						"commands": [
                    "/effect @initiator[scores={saga=1}] blindness 1 1 true",
							"/execute @initiator[scores={saga=3}] ~~~ summon ds:sc_tanjiro ~5~~ minecraft:scene2",
							"/execute @initiator[scores={saga=3}] ~~~ summon ds:sc_urokodaki ~5~~",
                    "/scoreboard players set @initiator[scores={saga=3}] scene 3"
						]
					},
					{
						"name": { "rawtext": [ {"text":"§lEpisódio 4"} ] },
						"commands": [
                    "/effect @initiator[scores={saga=1}] blindness 1 1 true",
							"/execute @initiator[scores={saga=4}] ~~~ summon ds:sc_tanjiro ~5~~ minecraft:scene4",
							"/execute @initiator[scores={saga=4}] ~~~ summon ds:sc_sabito ~5~~",
                    "/scoreboard players set @initiator[scores={saga=4}] scene 4"
						]
					},
					{
						"name": { "rawtext": [ {"text":"§lEpisódio 5"} ] },
						"commands": [
                    "/effect @initiator[scores={saga=1}] blindness 1 1 true",
							"/execute @initiator[scores={saga=5}] ~~~ summon ds:oni_mao ~10~~ saga",
                    "/scoreboard players set @initiator[scores={saga=5}] scene 5"
						]
					},
					{
						"name": { "rawtext": [ {"text":"§lPróximo"} ] },
						"commands": [
                    "/dialogue open @s @initiator saga2"
						]
					}
				]
			}
		]
	}
}
