{
	"format_version": "1.17.100",
	"minecraft:npc_dialogue":
	{
		"scenes":
		[
			{
				"scene_tag": "saga2",
				"npc_name": { "rawtext": [ {"text":"§l§1Kimetsu §bSaga"} ] },
				"text": { "rawtext": [ {"text":"§l§1(Complete Para Receber Sua Marca) \n(Complete To Receive Your Brand)"} ] },
				"buttons": [
					{
						"name": { "rawtext": [ {"text":"§lEpisódio 6"} ] },
						"commands": [
                    "/effect @initiator[scores={saga=1}] blindness 1 1 true",
							"/execute @initiator[scores={saga=6}] ~~~ summon ds:sc_tanjiro ~5~~ minecraft:scene4",
							"/execute @initiator[scores={saga=6}] ~~~ summon ds:sc_numa ~5~~",
							"/execute @initiator[scores={saga=6}] ~~~ summon ds:sc_girl ~5~~",
                    "/scoreboard players set @initiator[scores={saga=6}] scene 6"
						]
					},
					{
						"name": { "rawtext": [ {"text":"§lEpisódio 7"} ] },
						"commands": [
                    "/effect @initiator[scores={saga=1}] blindness 1 1 true",
							"/execute @initiator[scores={saga=7}] ~~~ summon ds:sc_tanjiro ~5~~ minecraft:scene4",
							"/execute @initiator[scores={saga=7}] ~~~ summon ds:sc_yahaba ~6~~-1",
							"/execute @initiator[scores={saga=7}] ~~~ summon ds:sc_susamaru ~5~~",
                    "/scoreboard players set @initiator[scores={saga=7}] scene 7"
						]
					},
					{
						"name": { "rawtext": [ {"text":"§lEpisódio 8"} ] },
						"commands": [
                    "/effect @initiator[scores={saga=1}] blindness 1 1 true",
							"/execute @initiator[scores={saga=8}] ~~~ summon ds:sc_tanjiro ~5~~ minecraft:scene4",
							"/execute @initiator[scores={saga=8}] ~~~ summon ds:sc_kyogai ~5~~",
                    "/scoreboard players set @initiator[scores={saga=8}] scene 8"
						]
					},
					{
						"name": { "rawtext": [ {"text":"§lEpisódio 9"} ] },
						"commands": [
                    "/effect @initiator[scores={saga=1}] blindness 1 1 true",
							"/execute @initiator[scores={saga=9}] ~~~ summon ds:sc_spider ~5~~",
							"/execute @initiator[scores={saga=9}] ~~~ summon ds:sc_zenitsu ~5~~",
                    "/scoreboard players set @initiator[scores={saga=9}] scene 9"
						]
					},
					{
						"name": { "rawtext": [ {"text":"§lEpisódio 10"} ] },
						"commands": [
                    "/effect @initiator[scores={saga=1}] blindness 1 1 true",
							"/execute @initiator[scores={saga=10}] ~~~ summon ds:sc_tomioka ~5~~",
							"/execute @initiator[scores={saga=10}] ~~~ summon ds:sc_rui ~5~~",
                    "/scoreboard players set @initiator[scores={saga=10}] scene 10"
						]
					},
					{
						"name": { "rawtext": [ {"text":"§lPróximo"} ] },
						"commands": [
							"/dialogue open @e[type=ds:status,c=1] @initiator saga3"
						]
					}
				]
			}
		]
	}
}
