{
	"format_version": "1.17.100",
	"minecraft:npc_dialogue":
	{
		"scenes":
		[
			{
				"scene_tag": "saga3",
				"npc_name": { "rawtext": [ {"text":"§l§1Kimetsu §bSaga"} ] },
				"text": { "rawtext": [ {"text":"§l§1(Complete Para Se Tornar Um Hashira!) \n(Complete To Become A Hashira)"} ] },
				"buttons": [
					{
						"name": { "rawtext": [ {"text":"§lEpisódio 11"} ] },
						"commands": [
                    "/effect @initiator[scores={saga=1}] blindness 1 1 true",
							"/execute @initiator[scores={saga=11}] ~~~ summon ds:sc_rengoku ~5~~",
							"/execute @initiator[scores={saga=11}] ~~~ summon ds:sc_slasher ~5~~",
                    "/scoreboard players set @initiator[scores={saga=11}] scene 11"
						]
					},
					{
						"name": { "rawtext": [ {"text":"§lEpisódio 12"} ] },
						"commands": [
                    "/effect @initiator[scores={saga=1}] blindness 1 1 true",
							"/execute @initiator[scores={saga=12}] ~~~ summon ds:sc_enmu ~~~",
                    "/execute @initiator[scores={saga=12}] ~~~ tp @e[r=1,type=ds:sc_enmu,c=1] ~~~-3 facing @s",
                    "/scoreboard players set @initiator[scores={saga=12}] scene 12"
						]
					},
					{
						"name": { "rawtext": [ {"text":"§lEpisódio 13"} ] },
						"commands": [
                    "/effect @initiator[scores={saga=1}] blindness 1 1 true",
							"/execute @initiator[scores={saga=13}] ~~~ summon ds:sc_rengoku ~5~~ minecraft:scene2",
							"/execute @initiator[scores={saga=13}] ~~~ summon ds:sc_akaza ~5~~",
                    "/scoreboard players set @initiator[scores={saga=13}] scene 13"
						]
					},
					{
						"name": { "rawtext": [ {"text":"§lEpisódio 14"} ] },
						"commands": [
                    "/effect @initiator[scores={saga=1}] blindness 1 1 true",
							"/execute @initiator[scores={saga=14}] ~~~ summon ds:sc_daki ~5~~",
                    "/scoreboard players set @initiator[scores={saga=14}] scene 14"
						]
					},
					{
						"name": { "rawtext": [ {"text":"§lEpisódio 15"} ] },
						"commands": [
                    "/effect @initiator[scores={saga=1}] blindness 1 1 true",
							"/execute @initiator[scores={saga=15}] ~~~ summon ds:sc_daki ~5~~ minecraft:scene2",
							"/execute @initiator[scores={saga=15}] ~~~ summon ds:sc_gyutaro ~5~~",
							"/execute @initiator[scores={saga=15}] ~~~ summon ds:sc_uzui ~5~~",
                    "/scoreboard players set @initiator[scores={saga=15}] scene 15"
						]
					},
					{
						"name": { "rawtext": [ {"text":"§lPróximo"} ] },
						"commands": [
							"/dialogue open @e[type=ds:status,c=1] @initiator saga3"
						]
					}
				]
			}
		]
	}
}
