{
	"format_version": "1.17.100",
	"minecraft:npc_dialogue":
	{
		"scenes":
		[
			{
				"scene_tag": "status",
				"npc_name": { "rawtext": [ {"text":"Status"} ] },
				"text": { "rawtext": [ {"text":"§e>Strength\n100Tp\n>Jump\n50Tp\n>Speed\n75Tp\n>Health\n75Tp\n>Defense\n200Tp"} ] },
				"buttons": [
					{
						"name": { "rawtext": [ {"text":"§lStatus"} ] },
						"commands": [
							"/playsound random.levelup @initiator",
                    "/execute @initiator ~~~ function stats",
							"/execute @initiator ~~~ tag @e[type=ds:status,r=4] add kill"
						]
					},
					{
						"name": { "rawtext": [ {"text":"§lStrength"} ] },
						"commands": [
							"/execute @initiator[scores={strength=0..9}] ~~~ playsound random.levelup @s[scores={tp=100..}]",
                            "/execute @initiator[tag=!marca,scores={strength=0..8}] ~~~ scoreboard players add @s[scores={tp=100..}] strength 1",
                            "/execute @initiator[tag=marca,scores={strength=0..9}] ~~~ scoreboard players add @s[scores={tp=100..}] strength 1",
							"/execute @initiator[tag=!marca,scores={strength=0..8}] ~~~ scoreboard players remove @s[scores={tp=100..}] tp 100",
							"/execute @initiator[tag=marca,scores={strength=0..9}] ~~~ scoreboard players remove @s[scores={tp=100..}] tp 100"
						]
					},
					{
						"name": { "rawtext": [ {"text":"§lJump"} ] },
						"commands": [
							"/execute @initiator[scores={jump=0..14}] ~~~ playsound random.levelup @s[scores={tp=50..}]",
                            "/execute @initiator[tag=!marca,scores={jump=0..13}] ~~~ scoreboard players add @s[scores={tp=50..}] jump 1",
                            "/execute @initiator[tag=marca,scores={jump=0..14}] ~~~ scoreboard players add @s[scores={tp=50..}] jump 1",
							"/execute @initiator[tag=!marca,scores={jump=0..13}] ~~~ scoreboard players remove @s[scores={tp=50..}] tp 50",
							"/execute @initiator[tag=marca,scores={jump=0..14}] ~~~ scoreboard players remove @s[scores={tp=50..}] tp 50"
						]
					},
					{
						"name": { "rawtext": [ {"text":"§lSpeed"} ] },
						"commands": [
							"/execute @initiator[scores={speed=0..14}] ~~~ playsound random.levelup @s[scores={tp=75..}]",
                            "/execute @initiator[tag=!marca,scores={speed=0..13}] ~~~ scoreboard players add @s[scores={tp=75..}] speed 1",
                            "/execute @initiator[tag=marca,scores={speed=0..14}] ~~~ scoreboard players add @s[scores={tp=75..}] speed 1",
							"/execute @initiator[tag=!marca,scores={speed=0..13}] ~~~ scoreboard players remove @s[scores={tp=75..}] tp 75",
							"/execute @initiator[tag=marca,scores={speed=0..14}] ~~~ scoreboard players remove @s[scores={tp=75..}] tp 75"
						]
					},
					{
						"name": { "rawtext": [ {"text":"§lHealth"} ] },
						"commands": [
							"/execute @initiator[scores={hp=0..19}] ~~~ playsound random.levelup @s[scores={tp=125..}]",
                            "/execute @initiator[tag=!marca,scores={hp=0..18}] ~~~ scoreboard players add @s[scores={tp=125..}] hp 1",
                            "/execute @initiator[tag=marca,scores={hp=0..19}] ~~~ scoreboard players add @s[scores={tp=125..}] hp 1",
							"/execute @initiator[tag=!marca,scores={hp=0..18}] ~~~ scoreboard players remove @s[scores={tp=125..}] tp 125",
							"/execute @initiator[tag=marca,scores={hp=0..19}] ~~~ scoreboard players remove @s[scores={tp=125..}] tp 125"
						]
					},
					{
						"name": { "rawtext": [ {"text":"§lDefense"} ] },
						"commands": [
							"/execute @initiator[scores={defense=0..9}] ~~~ playsound random.levelup @s[scores={tp=200..}]",
                            "/execute @initiator[tag=!marca,scores={defense=0..8}] ~~~ scoreboard players add @s[scores={tp=200..}] defense 1",
                            "/execute @initiator[tag=marca,scores={defense=0..9}] ~~~ scoreboard players add @s[scores={tp=200..}] defense 1",
							"/execute @initiator[tag=!marca,scores={defense=0..8}] ~~~ scoreboard players remove @s[scores={tp=200..}] tp 200",
							"/execute @initiator[tag=marca,scores={defense=0..9}] ~~~ scoreboard players remove @s[scores={tp=200..}] tp 200"
						]
					}
				]
			}
		]
	}
}
