{"format_version":"1.8.0","minecraft:entity":{"description":{"identifier":"yg:blue_cut_out","is_spawnable":true,"is_summonable":true,"is_experimental":false},"component_groups":{},"components":{"minecraft:health":{"value":999,"max":999},"minecraft:type_family":{"family":["monster","mob","undead"]},"minecraft:physics":{},"minecraft:experience_reward":{"on_death":"query.last_hit_by_player ? 19 : 0"},"minecraft:scale":{"value":1},"minecraft:collision_box":{"height":1.8,"width":0.6},"minecraft:knockback_resistance":{"value":0.9,"max":0.9},"minecraft:pushable":{"is_pushable":false,"is_pushable_by_piston":true}},"events":{}}}