{
	"format_version": "1.12.0",
	"minecraft:geometry": [
		{
			"description": {
				"identifier": "geometry.caixa",
				"texture_width": 64,
				"texture_height": 64,
				"visible_bounds_width": 4,
				"visible_bounds_height": 5.5,
				"visible_bounds_offset": [0, 1.25, 0]
			},
			"bones": [
				{
					"name": "root",
					"pivot": [0, 0, 0]
				},
				{
					"name": "waist",
					"parent": "root",
					"pivot": [0, 12, 0]
				},
				{
					"name": "body",
					"parent": "waist",
					"pivot": [0, 24, 0]
				},
				{
					"name": "head",
					"parent": "body",
					"pivot": [0, 24, 0]
				},
				{
					"name": "caix",
					"parent": "body",
					"pivot": [0, 24, 0],
					"cubes": [
						{
							"origin": [-5, 10, 2],
							"size": [10, 14, 9],
							"uv": {
								"north": {"uv": [0, 0], "uv_size": [10, 14]},
								"east": {"uv": [0, 14], "uv_size": [9, 14]},
								"south": {"uv": [10, 0], "uv_size": [10, 14]},
								"west": {"uv": [9, 14], "uv_size": [9, 14]},
								"up": {"uv": [18, 14], "uv_size": [10, 9]},
								"down": {"uv": [20, 9], "uv_size": [10, -9]}
							}
						},
						{
							"origin": [-5.17, 9.983, 1.847],
							"size": [10.34, 1.034, 9.306],
							"uv": {
								"north": {"uv": [30, 12], "uv_size": [10, 1]},
								"east": {"uv": [32, 2], "uv_size": [9, 1]},
								"south": {"uv": [30, 31], "uv_size": [10, 1]},
								"west": {"uv": [32, 3], "uv_size": [9, 1]},
								"up": {"uv": [18, 23], "uv_size": [10, 9]},
								"down": {"uv": [0, 37], "uv_size": [10, -9]}
							}
						},
						{
							"origin": [3.895, 20.79, 2.055],
							"size": [1.21, 2.42, 8.89],
							"uv": {
								"north": {"uv": [32, 4], "uv_size": [1, 2]},
								"east": {"uv": [20, 9], "uv_size": [10, 2]},
								"south": {"uv": [32, 6], "uv_size": [1, 2]},
								"west": {"uv": [20, 11], "uv_size": [10, 2]},
								"up": {"uv": [10, 28], "uv_size": [1, 10]},
								"down": {"uv": [11, 38], "uv_size": [1, -10]}
							}
						},
						{
							"origin": [-5.105, 20.79, 2.055],
							"size": [1.21, 2.42, 8.89],
							"uv": {
								"north": {"uv": [20, 32], "uv_size": [1, 2]},
								"east": {"uv": [28, 21], "uv_size": [10, 2]},
								"south": {"uv": [21, 32], "uv_size": [1, 2]},
								"west": {"uv": [28, 23], "uv_size": [10, 2]},
								"up": {"uv": [16, 28], "uv_size": [1, 10]},
								"down": {"uv": [17, 38], "uv_size": [1, -10]}
							}
						},
						{
							"origin": [3.895, 12.79, 2.055],
							"size": [1.21, 2.42, 8.89],
							"uv": {
								"north": {"uv": [32, 8], "uv_size": [1, 2]},
								"east": {"uv": [28, 13], "uv_size": [10, 2]},
								"south": {"uv": [32, 10], "uv_size": [1, 2]},
								"west": {"uv": [28, 15], "uv_size": [10, 2]},
								"up": {"uv": [12, 28], "uv_size": [1, 10]},
								"down": {"uv": [13, 38], "uv_size": [1, -10]}
							}
						},
						{
							"origin": [-5.105, 12.79, 2.055],
							"size": [1.21, 2.42, 8.89],
							"uv": {
								"north": {"uv": [24, 32], "uv_size": [1, 2]},
								"east": {"uv": [28, 29], "uv_size": [10, 2]},
								"south": {"uv": [25, 32], "uv_size": [1, 2]},
								"west": {"uv": [30, 0], "uv_size": [10, 2]},
								"up": {"uv": [28, 31], "uv_size": [1, 10]},
								"down": {"uv": [29, 41], "uv_size": [1, -10]}
							}
						},
						{
							"origin": [3.895, 16.79, 2.055],
							"size": [1.21, 2.42, 8.89],
							"uv": {
								"north": {"uv": [18, 32], "uv_size": [1, 2]},
								"east": {"uv": [28, 17], "uv_size": [10, 2]},
								"south": {"uv": [19, 32], "uv_size": [1, 2]},
								"west": {"uv": [28, 19], "uv_size": [10, 2]},
								"up": {"uv": [14, 28], "uv_size": [1, 10]},
								"down": {"uv": [15, 38], "uv_size": [1, -10]}
							}
						},
						{
							"origin": [-5.105, 16.79, 2.055],
							"size": [1.21, 2.42, 8.89],
							"uv": {
								"north": {"uv": [22, 32], "uv_size": [1, 2]},
								"east": {"uv": [28, 25], "uv_size": [10, 2]},
								"south": {"uv": [23, 32], "uv_size": [1, 2]},
								"west": {"uv": [28, 27], "uv_size": [10, 2]},
								"up": {"uv": [30, 2], "uv_size": [1, 10]},
								"down": {"uv": [31, 12], "uv_size": [1, -10]}
							}
						}
					]
				}
			]
		}
	]
}
