{
	"format_version": "1.12.0",
	"minecraft:geometry": [
		{
			"description": {
				"identifier": "geometry.cristal",
				"texture_width": 16,
				"texture_height": 16,
				"visible_bounds_width": 2,
				"visible_bounds_height": 1.5,
				"visible_bounds_offset": [0, 0.25, 0]
			},
			"bones": [
				{
					"name": "body",
					"pivot": [0, 0, 0]
				},
				{
					"name": "Cristal1",
					"parent": "body",
					"pivot": [-1.5527, -0.80341, 0],
					"cubes": [
						{"origin": [0.26537, 2.15224, 0], "size": [1, 2, 1], "uv": [7, 9]},
						{"origin": [-0.5, 2.15224, 0.76537], "size": [1, 2, 1], "uv": [7, 9]},
						{"origin": [-1.26537, 2.15224, 0], "size": [1, 2, 1], "uv": [7, 9]},
						{"origin": [-0.5, 2, 0], "size": [1, 4, 1], "uv": [7, 9]},
						{"origin": [-0.5, 2.15224, -0.76537], "size": [1, 2, 1], "uv": [7, 9]},
						{"origin": [-0.5, 3.30867, 2.52446], "size": [1, 2, 1], "pivot": [0, -0.69133, 0.52446], "rotation": [22.5, 0, 0], "uv": [7, 9]},
						{"origin": [-2.87118, 3.07927, 0], "size": [1, 2, 1], "pivot": [0.62882, -0.42073, 0], "rotation": [0, 0, 22.5], "uv": [7, 9]},
						{"origin": [-0.5, 3.19449, -1.95044], "size": [1, 2, 1], "pivot": [0, 0.69449, 1.04956], "rotation": [-22.5, 0, 0], "uv": [7, 9]},
						{"origin": [1.9473, 2.69659, 0], "size": [1, 2, 1], "pivot": [-1.5527, -0.80341, 0], "rotation": [0, 0, -22.5], "uv": [7, 9]}
					]
				},
				{
					"name": "Cristal2",
					"parent": "Cristal1",
					"pivot": [-1.5527, 3.80341, 0],
					"cubes": [
						{"origin": [0.26537, -0.84776, 0], "size": [1, 3, 1], "uv": [7, 9]},
						{"origin": [-0.5, -0.84776, 0.76537], "size": [1, 3, 1], "uv": [7, 9]},
						{"origin": [-1.26537, -0.84776, 0], "size": [1, 3, 1], "uv": [7, 9]},
						{"origin": [-0.5, -2.69552, 0], "size": [1, 4, 1], "uv": [7, 9]},
						{"origin": [-0.5, -0.84776, -0.76537], "size": [1, 3, 1], "uv": [7, 9]},
						{"origin": [-0.5, -2.00419, 2.52446], "size": [1, 2, 1], "pivot": [0, 3.99581, 0.52446], "rotation": [-22.5, 0, 0], "uv": [7, 9]},
						{"origin": [-2.87118, -1.77479, 0], "size": [1, 2, 1], "pivot": [0.62882, 3.72521, 0], "rotation": [0, 0, -22.5], "uv": [7, 9]},
						{"origin": [-0.5, -1.89001, -1.95044], "size": [1, 2, 1], "pivot": [0, 2.60999, 1.04956], "rotation": [22.5, 0, 0], "uv": [7, 9]},
						{"origin": [1.9473, -1.39211, 0], "size": [1, 2, 1], "pivot": [-1.5527, 4.10789, 0], "rotation": [0, 0, 22.5], "uv": [7, 9]}
					]
				}
			]
		}
	]
}
