{
	"format_version": "1.12.0",
	"minecraft:geometry": [
		{
			"description": {
				"identifier": "geometry.drumfirst",
				"texture_width": 64,
				"texture_height": 64,
				"visible_bounds_width": 3,
				"visible_bounds_height": 2.5,
				"visible_bounds_offset": [0, 0.75, 0]
			},
			"bones": [
				{
					"name": "root",
					"pivot": [0, 0, 0]
				},
				{
					"name": "waist",
					"parent": "root",
					"pivot": [0, 12, 0]
				},
				{
					"name": "body",
					"parent": "waist",
					"pivot": [0, 24, 0]
				},
				{
					"name": "rightArm",
					"parent": "body",
					"pivot": [-5, 22, 0]
				},
				{
					"name": "Drum",
					"parent": "rightArm",
					"pivot": [-6, 12, -2],
					"rotation": [45, 0, 0]
				},
				{
					"name": "Dru1",
					"parent": "Drum",
					"pivot": [-9, 18, -3],
					"cubes": [
						{
							"origin": [-6.44644, 11.89057, -3.5789],
							"size": [0.89511, 0.6, 0.375],
							"pivot": [-5.99889, 12.07807, -1.3289],
							"rotation": [0, 45, 0],
							"uv": {
								"north": {"uv": [40, 15], "uv_size": [-1, 7]},
								"east": {"uv": [40, 15], "uv_size": [-1, 7]},
								"south": {"uv": [40, 15], "uv_size": [-1, 7]},
								"west": {"uv": [40, 15], "uv_size": [-1, 7]},
								"up": {"uv": [39, 14], "uv_size": [1, 1]},
								"down": {"uv": [39, 22], "uv_size": [0, -1]}
							}
						},
						{
							"origin": [-6.44644, 11.89057, -3.5789],
							"size": [0.89511, 0.6, 0.375],
							"pivot": [-5.99889, 12.07807, -1.3289],
							"rotation": [0, 22.5, 0],
							"uv": {
								"north": {"uv": [40, 15], "uv_size": [-1, 7]},
								"east": {"uv": [40, 15], "uv_size": [-1, 7]},
								"south": {"uv": [40, 15], "uv_size": [-1, 7]},
								"west": {"uv": [40, 15], "uv_size": [-1, 7]},
								"up": {"uv": [39, 14], "uv_size": [1, 1]},
								"down": {"uv": [39, 22], "uv_size": [0, -1]}
							}
						},
						{
							"origin": [-6.44644, 11.89057, -3.5789],
							"size": [0.89511, 0.6, 0.375],
							"uv": {
								"north": {"uv": [40, 15], "uv_size": [-1, 7]},
								"east": {"uv": [40, 15], "uv_size": [-1, 7]},
								"south": {"uv": [40, 15], "uv_size": [-1, 7]},
								"west": {"uv": [40, 15], "uv_size": [-1, 7]},
								"up": {"uv": [39, 14], "uv_size": [1, 1]},
								"down": {"uv": [39, 22], "uv_size": [0, -1]}
							}
						},
						{
							"origin": [-6.44644, 11.89057, -3.5789],
							"size": [0.89511, 0.6, 0.375],
							"pivot": [-5.99889, 12.07807, -1.3289],
							"rotation": [0, -22.5, 0],
							"uv": {
								"north": {"uv": [40, 15], "uv_size": [-1, 7]},
								"east": {"uv": [40, 15], "uv_size": [-1, 7]},
								"south": {"uv": [40, 15], "uv_size": [-1, 7]},
								"west": {"uv": [40, 15], "uv_size": [-1, 7]},
								"up": {"uv": [39, 14], "uv_size": [1, 1]},
								"down": {"uv": [39, 22], "uv_size": [0, -1]}
							}
						},
						{
							"origin": [-6.44644, 11.89057, -3.5789],
							"size": [0.89511, 0.6, 0.375],
							"pivot": [-5.99889, 12.07807, -1.3289],
							"rotation": [0, -45, 0],
							"uv": {
								"north": {"uv": [40, 15], "uv_size": [-1, 7]},
								"east": {"uv": [40, 15], "uv_size": [-1, 7]},
								"south": {"uv": [40, 15], "uv_size": [-1, 7]},
								"west": {"uv": [40, 15], "uv_size": [-1, 7]},
								"up": {"uv": [39, 14], "uv_size": [1, 1]},
								"down": {"uv": [39, 22], "uv_size": [0, -1]}
							}
						},
						{
							"origin": [-6.44644, 11.89057, 0.5461],
							"size": [0.89511, 0.6, 0.375],
							"pivot": [-5.99889, 12.07807, -1.3289],
							"rotation": [0, 45, 0],
							"uv": {
								"north": {"uv": [40, 15], "uv_size": [-1, 7]},
								"east": {"uv": [40, 15], "uv_size": [-1, 7]},
								"south": {"uv": [40, 15], "uv_size": [-1, 7]},
								"west": {"uv": [40, 15], "uv_size": [-1, 7]},
								"up": {"uv": [39, 14], "uv_size": [1, 1]},
								"down": {"uv": [39, 22], "uv_size": [0, -1]}
							}
						},
						{
							"origin": [-6.44644, 11.89057, 0.5461],
							"size": [0.89511, 0.6, 0.375],
							"pivot": [-5.99889, 12.07807, -1.3289],
							"rotation": [0, 22.5, 0],
							"uv": {
								"north": {"uv": [40, 15], "uv_size": [-1, 7]},
								"east": {"uv": [40, 15], "uv_size": [-1, 7]},
								"south": {"uv": [40, 15], "uv_size": [-1, 7]},
								"west": {"uv": [40, 15], "uv_size": [-1, 7]},
								"up": {"uv": [39, 14], "uv_size": [1, 1]},
								"down": {"uv": [39, 22], "uv_size": [0, -1]}
							}
						},
						{
							"origin": [-6.44644, 11.89057, 0.5461],
							"size": [0.89511, 0.6, 0.375],
							"uv": {
								"north": {"uv": [40, 15], "uv_size": [-1, 7]},
								"east": {"uv": [40, 15], "uv_size": [-1, 7]},
								"south": {"uv": [40, 15], "uv_size": [-1, 7]},
								"west": {"uv": [40, 15], "uv_size": [-1, 7]},
								"up": {"uv": [39, 14], "uv_size": [1, 1]},
								"down": {"uv": [39, 22], "uv_size": [0, -1]}
							}
						},
						{
							"origin": [-6.44644, 11.89057, 0.5461],
							"size": [0.89511, 0.6, 0.375],
							"pivot": [-5.99889, 12.07807, -1.3289],
							"rotation": [0, -22.5, 0],
							"uv": {
								"north": {"uv": [40, 15], "uv_size": [-1, 7]},
								"east": {"uv": [40, 15], "uv_size": [-1, 7]},
								"south": {"uv": [40, 15], "uv_size": [-1, 7]},
								"west": {"uv": [40, 15], "uv_size": [-1, 7]},
								"up": {"uv": [39, 14], "uv_size": [1, 1]},
								"down": {"uv": [39, 22], "uv_size": [0, -1]}
							}
						},
						{
							"origin": [-6.44644, 11.89057, 0.5461],
							"size": [0.89511, 0.6, 0.375],
							"pivot": [-5.99889, 12.07807, -1.3289],
							"rotation": [0, -45, 0],
							"uv": {
								"north": {"uv": [40, 15], "uv_size": [-1, 7]},
								"east": {"uv": [40, 15], "uv_size": [-1, 7]},
								"south": {"uv": [40, 15], "uv_size": [-1, 7]},
								"west": {"uv": [40, 15], "uv_size": [-1, 7]},
								"up": {"uv": [39, 14], "uv_size": [1, 1]},
								"down": {"uv": [39, 22], "uv_size": [0, -1]}
							}
						},
						{
							"origin": [-4.12389, 11.89057, -1.77645],
							"size": [0.375, 0.6, 0.89511],
							"pivot": [-5.99889, 12.07807, -1.3289],
							"rotation": [0, 22.5, 0],
							"uv": {
								"north": {"uv": [40, 15], "uv_size": [-1, 7]},
								"east": {"uv": [40, 15], "uv_size": [-1, 7]},
								"south": {"uv": [40, 15], "uv_size": [-1, 7]},
								"west": {"uv": [40, 15], "uv_size": [-1, 7]},
								"up": {"uv": [39, 14], "uv_size": [1, 1]},
								"down": {"uv": [39, 22], "uv_size": [0, -1]}
							}
						},
						{
							"origin": [-4.12389, 11.89057, -1.77645],
							"size": [0.375, 0.6, 0.89511],
							"uv": {
								"north": {"uv": [40, 15], "uv_size": [-1, 7]},
								"east": {"uv": [40, 15], "uv_size": [-1, 7]},
								"south": {"uv": [40, 15], "uv_size": [-1, 7]},
								"west": {"uv": [40, 15], "uv_size": [-1, 7]},
								"up": {"uv": [39, 14], "uv_size": [1, 1]},
								"down": {"uv": [39, 22], "uv_size": [0, -1]}
							}
						},
						{
							"origin": [-4.12389, 11.89057, -1.77645],
							"size": [0.375, 0.6, 0.89511],
							"pivot": [-5.99889, 12.07807, -1.3289],
							"rotation": [0, -22.5, 0],
							"uv": {
								"north": {"uv": [40, 15], "uv_size": [-1, 7]},
								"east": {"uv": [40, 15], "uv_size": [-1, 7]},
								"south": {"uv": [40, 15], "uv_size": [-1, 7]},
								"west": {"uv": [40, 15], "uv_size": [-1, 7]},
								"up": {"uv": [39, 14], "uv_size": [1, 1]},
								"down": {"uv": [39, 22], "uv_size": [0, -1]}
							}
						},
						{
							"origin": [-8.24889, 11.89057, -1.77645],
							"size": [0.375, 0.6, 0.89511],
							"pivot": [-5.99889, 12.07807, -1.3289],
							"rotation": [0, 22.5, 0],
							"uv": {
								"north": {"uv": [40, 15], "uv_size": [-1, 7]},
								"east": {"uv": [40, 15], "uv_size": [-1, 7]},
								"south": {"uv": [40, 15], "uv_size": [-1, 7]},
								"west": {"uv": [40, 15], "uv_size": [-1, 7]},
								"up": {"uv": [39, 14], "uv_size": [1, 1]},
								"down": {"uv": [39, 22], "uv_size": [0, -1]}
							}
						},
						{
							"origin": [-8.24889, 11.89057, -1.77645],
							"size": [0.375, 0.6, 0.89511],
							"uv": {
								"north": {"uv": [40, 15], "uv_size": [-1, 7]},
								"east": {"uv": [40, 15], "uv_size": [-1, 7]},
								"south": {"uv": [40, 15], "uv_size": [-1, 7]},
								"west": {"uv": [40, 15], "uv_size": [-1, 7]},
								"up": {"uv": [39, 14], "uv_size": [1, 1]},
								"down": {"uv": [39, 22], "uv_size": [0, -1]}
							}
						},
						{
							"origin": [-8.24889, 11.89057, -1.77645],
							"size": [0.375, 0.6, 0.89511],
							"pivot": [-5.99889, 12.07807, -1.3289],
							"rotation": [0, -22.5, 0],
							"uv": {
								"north": {"uv": [40, 15], "uv_size": [-1, 7]},
								"east": {"uv": [40, 15], "uv_size": [-1, 7]},
								"south": {"uv": [40, 15], "uv_size": [-1, 7]},
								"west": {"uv": [40, 15], "uv_size": [-1, 7]},
								"up": {"uv": [39, 14], "uv_size": [1, 1]},
								"down": {"uv": [39, 22], "uv_size": [0, -1]}
							}
						}
					]
				},
				{
					"name": "Dru2",
					"parent": "Drum",
					"pivot": [-9, 19.5, -3],
					"cubes": [
						{
							"origin": [-6.31218, 12.14557, -2.9039],
							"size": [0.62657, 2.865, 3.15],
							"pivot": [-5.99889, 13.80307, -1.3289],
							"rotation": [0, 45, 0],
							"uv": {
								"north": {"uv": [48, 54], "uv_size": [0, 2]},
								"east": {"uv": [48, 54], "uv_size": [0, 2]},
								"south": {"uv": [48, 54], "uv_size": [0, 2]},
								"west": {"uv": [48, 54], "uv_size": [0, 2]},
								"up": {"uv": [48, 56], "uv_size": [0, -2]},
								"down": {"uv": [48, 56], "uv_size": [0, 0]}
							}
						},
						{
							"origin": [-6.31218, 12.14557, -2.9039],
							"size": [0.62657, 2.865, 3.15],
							"pivot": [-5.99889, 13.80307, -1.3289],
							"rotation": [0, 22.5, 0],
							"uv": {
								"north": {"uv": [48, 54], "uv_size": [0, 2]},
								"east": {"uv": [48, 54], "uv_size": [0, 2]},
								"south": {"uv": [48, 54], "uv_size": [0, 2]},
								"west": {"uv": [48, 54], "uv_size": [0, 2]},
								"up": {"uv": [48, 56], "uv_size": [0, -2]},
								"down": {"uv": [48, 56], "uv_size": [0, 0]}
							}
						},
						{
							"origin": [-6.31218, 12.14557, -2.9039],
							"size": [0.62657, 2.865, 3.15],
							"uv": {
								"north": {"uv": [48, 54], "uv_size": [0, 2]},
								"east": {"uv": [48, 54], "uv_size": [0, 2]},
								"south": {"uv": [48, 54], "uv_size": [0, 2]},
								"west": {"uv": [48, 54], "uv_size": [0, 2]},
								"up": {"uv": [48, 56], "uv_size": [0, -2]},
								"down": {"uv": [48, 56], "uv_size": [0, 0]}
							}
						},
						{
							"origin": [-6.31218, 12.14557, -2.9039],
							"size": [0.62657, 2.865, 3.15],
							"pivot": [-5.99889, 13.80307, -1.3289],
							"rotation": [0, -22.5, 0],
							"uv": {
								"north": {"uv": [48, 54], "uv_size": [0, 2]},
								"east": {"uv": [48, 54], "uv_size": [0, 2]},
								"south": {"uv": [48, 54], "uv_size": [0, 2]},
								"west": {"uv": [48, 54], "uv_size": [0, 2]},
								"up": {"uv": [48, 56], "uv_size": [0, -2]},
								"down": {"uv": [48, 56], "uv_size": [0, 0]}
							}
						},
						{
							"origin": [-6.31218, 12.14557, -2.9039],
							"size": [0.62657, 2.865, 3.15],
							"pivot": [-5.99889, 13.80307, -1.3289],
							"rotation": [0, -45, 0],
							"uv": {
								"north": {"uv": [48, 54], "uv_size": [0, 2]},
								"east": {"uv": [48, 54], "uv_size": [0, 2]},
								"south": {"uv": [48, 54], "uv_size": [0, 2]},
								"west": {"uv": [48, 54], "uv_size": [0, 2]},
								"up": {"uv": [48, 56], "uv_size": [0, -2]},
								"down": {"uv": [48, 56], "uv_size": [0, 0]}
							}
						},
						{
							"origin": [-7.57389, 12.14557, -1.64219],
							"size": [3.15, 2.865, 0.62657],
							"pivot": [-5.99889, 13.80307, -1.3289],
							"rotation": [0, 22.5, 0],
							"uv": {
								"north": {"uv": [48, 54], "uv_size": [0, 2]},
								"east": {"uv": [48, 54], "uv_size": [0, 2]},
								"south": {"uv": [48, 54], "uv_size": [0, 2]},
								"west": {"uv": [48, 54], "uv_size": [0, 2]},
								"up": {"uv": [48, 56], "uv_size": [0, -2]},
								"down": {"uv": [48, 56], "uv_size": [0, 0]}
							}
						},
						{
							"origin": [-7.57389, 12.14557, -1.64219],
							"size": [3.15, 2.865, 0.62657],
							"uv": {
								"north": {"uv": [48, 54], "uv_size": [0, 2]},
								"east": {"uv": [48, 54], "uv_size": [0, 2]},
								"south": {"uv": [48, 54], "uv_size": [0, 2]},
								"west": {"uv": [48, 54], "uv_size": [0, 2]},
								"up": {"uv": [48, 56], "uv_size": [0, -2]},
								"down": {"uv": [48, 56], "uv_size": [0, 0]}
							}
						},
						{
							"origin": [-7.57389, 12.14557, -1.64219],
							"size": [3.15, 2.865, 0.62657],
							"pivot": [-5.99889, 13.80307, -1.3289],
							"rotation": [0, -22.5, 0],
							"uv": {
								"north": {"uv": [48, 54], "uv_size": [0, 2]},
								"east": {"uv": [48, 54], "uv_size": [0, 2]},
								"south": {"uv": [48, 54], "uv_size": [0, 2]},
								"west": {"uv": [48, 54], "uv_size": [0, 2]},
								"up": {"uv": [48, 56], "uv_size": [0, -2]},
								"down": {"uv": [48, 56], "uv_size": [0, 0]}
							}
						}
					]
				},
				{
					"name": "Dru3",
					"parent": "Drum",
					"pivot": [-9, 21, -3],
					"cubes": [
						{
							"origin": [-6.44644, 14.85307, -3.5789],
							"size": [0.89511, 1.95, 4.5],
							"pivot": [-5.99889, 15.07807, -1.3289],
							"rotation": [0, 45, 0],
							"uv": {
								"north": {"uv": [52, 52], "uv_size": [0, 5]},
								"east": {"uv": [52, 52], "uv_size": [0, 5]},
								"south": {"uv": [52, 52], "uv_size": [0, 5]},
								"west": {"uv": [52, 52], "uv_size": [0, 5]},
								"up": {"uv": [52, 57], "uv_size": [0, -5]},
								"down": {"uv": [52, 57], "uv_size": [0, -5]}
							}
						},
						{
							"origin": [-6.44644, 14.85307, -3.5789],
							"size": [0.89511, 1.95, 4.5],
							"pivot": [-5.99889, 15.07807, -1.3289],
							"rotation": [0, 22.5, 0],
							"uv": {
								"north": {"uv": [52, 52], "uv_size": [0, 5]},
								"east": {"uv": [52, 52], "uv_size": [0, 5]},
								"south": {"uv": [52, 52], "uv_size": [0, 5]},
								"west": {"uv": [52, 52], "uv_size": [0, 5]},
								"up": {"uv": [52, 57], "uv_size": [0, -5]},
								"down": {"uv": [52, 57], "uv_size": [0, -5]}
							}
						},
						{
							"origin": [-6.44644, 14.85307, -3.5789],
							"size": [0.89511, 1.95, 4.5],
							"uv": {
								"north": {"uv": [52, 52], "uv_size": [0, 5]},
								"east": {"uv": [52, 52], "uv_size": [0, 5]},
								"south": {"uv": [52, 52], "uv_size": [0, 5]},
								"west": {"uv": [52, 52], "uv_size": [0, 5]},
								"up": {"uv": [52, 57], "uv_size": [0, -5]},
								"down": {"uv": [52, 57], "uv_size": [0, -5]}
							}
						},
						{
							"origin": [-6.44644, 14.85307, -3.5789],
							"size": [0.89511, 1.95, 4.5],
							"pivot": [-5.99889, 15.07807, -1.3289],
							"rotation": [0, -22.5, 0],
							"uv": {
								"north": {"uv": [52, 52], "uv_size": [0, 5]},
								"east": {"uv": [52, 52], "uv_size": [0, 5]},
								"south": {"uv": [52, 52], "uv_size": [0, 5]},
								"west": {"uv": [52, 52], "uv_size": [0, 5]},
								"up": {"uv": [52, 57], "uv_size": [0, -5]},
								"down": {"uv": [52, 57], "uv_size": [0, -5]}
							}
						},
						{
							"origin": [-6.44644, 14.85307, -3.5789],
							"size": [0.89511, 1.95, 4.5],
							"pivot": [-5.99889, 15.07807, -1.3289],
							"rotation": [0, -45, 0],
							"uv": {
								"north": {"uv": [52, 52], "uv_size": [0, 5]},
								"east": {"uv": [52, 52], "uv_size": [0, 5]},
								"south": {"uv": [52, 52], "uv_size": [0, 5]},
								"west": {"uv": [52, 52], "uv_size": [0, 5]},
								"up": {"uv": [52, 57], "uv_size": [0, -5]},
								"down": {"uv": [52, 57], "uv_size": [0, -5]}
							}
						},
						{
							"origin": [-8.24889, 14.85307, -1.77645],
							"size": [4.5, 1.95, 0.89511],
							"pivot": [-5.99889, 15.07807, -1.3289],
							"rotation": [0, 22.5, 0],
							"uv": {
								"north": {"uv": [52, 52], "uv_size": [0, 5]},
								"east": {"uv": [52, 52], "uv_size": [0, 5]},
								"south": {"uv": [52, 52], "uv_size": [0, 5]},
								"west": {"uv": [52, 52], "uv_size": [0, 5]},
								"up": {"uv": [52, 57], "uv_size": [0, -5]},
								"down": {"uv": [52, 57], "uv_size": [0, -5]}
							}
						},
						{
							"origin": [-8.24889, 14.85307, -1.77645],
							"size": [4.5, 1.95, 0.89511],
							"uv": {
								"north": {"uv": [52, 52], "uv_size": [0, 5]},
								"east": {"uv": [52, 52], "uv_size": [0, 5]},
								"south": {"uv": [52, 52], "uv_size": [0, 5]},
								"west": {"uv": [52, 52], "uv_size": [0, 5]},
								"up": {"uv": [52, 57], "uv_size": [0, -5]},
								"down": {"uv": [52, 57], "uv_size": [0, -5]}
							}
						},
						{
							"origin": [-8.24889, 14.85307, -1.77645],
							"size": [4.5, 1.95, 0.89511],
							"pivot": [-5.99889, 15.07807, -1.3289],
							"rotation": [0, -22.5, 0],
							"uv": {
								"north": {"uv": [52, 52], "uv_size": [0, 5]},
								"east": {"uv": [52, 52], "uv_size": [0, 5]},
								"south": {"uv": [52, 52], "uv_size": [0, 5]},
								"west": {"uv": [52, 52], "uv_size": [0, 5]},
								"up": {"uv": [52, 57], "uv_size": [0, -5]},
								"down": {"uv": [52, 57], "uv_size": [0, -5]}
							}
						}
					]
				},
				{
					"name": "Dru4",
					"parent": "Drum",
					"pivot": [-9, 22.5, -3],
					"cubes": [
						{
							"origin": [-6.74481, 16.20307, -5.0789],
							"size": [1.49184, 0.75, 7.5],
							"pivot": [-5.99889, 16.57807, -1.3289],
							"rotation": [0, 45, 0],
							"uv": {
								"north": {"uv": [53, 54], "uv_size": [0, 0]},
								"east": {"uv": [53, 54], "uv_size": [0, 0]},
								"south": {"uv": [53, 54], "uv_size": [0, 0]},
								"west": {"uv": [53, 54], "uv_size": [0, 0]},
								"up": {"uv": [53, 54], "uv_size": [0, 0]},
								"down": {"uv": [53, 54], "uv_size": [0, 0]}
							}
						},
						{
							"origin": [-6.74481, 16.20307, -5.0789],
							"size": [1.49184, 0.75, 7.5],
							"pivot": [-5.99889, 16.57807, -1.3289],
							"rotation": [0, 22.5, 0],
							"uv": {
								"north": {"uv": [53, 54], "uv_size": [0, 0]},
								"east": {"uv": [53, 54], "uv_size": [0, 0]},
								"south": {"uv": [53, 54], "uv_size": [0, 0]},
								"west": {"uv": [53, 54], "uv_size": [0, 0]},
								"up": {"uv": [53, 54], "uv_size": [0, 0]},
								"down": {"uv": [53, 54], "uv_size": [0, 0]}
							}
						},
						{
							"origin": [-6.74481, 16.20307, -5.0789],
							"size": [1.49184, 0.75, 7.5],
							"uv": {
								"north": {"uv": [53, 54], "uv_size": [0, 0]},
								"east": {"uv": [53, 54], "uv_size": [0, 0]},
								"south": {"uv": [53, 54], "uv_size": [0, 0]},
								"west": {"uv": [53, 54], "uv_size": [0, 0]},
								"up": {"uv": [53, 54], "uv_size": [0, 0]},
								"down": {"uv": [53, 54], "uv_size": [0, 0]}
							}
						},
						{
							"origin": [-6.37389, 12.07807, -5.0789],
							"size": [0.75, 4.5, 0.75],
							"pivot": [-5.99889, 17.32807, -4.7039],
							"rotation": [20, 0, 0],
							"uv": {
								"north": {"uv": [40, 16], "uv_size": [-1, 0]},
								"east": {"uv": [40, 16], "uv_size": [-1, 0]},
								"south": {"uv": [40, 16], "uv_size": [-1, 0]},
								"west": {"uv": [40, 16], "uv_size": [-1, 0]},
								"up": {"uv": [39, 16], "uv_size": [1, 0]},
								"down": {"uv": [39, 16], "uv_size": [1, 0]}
							}
						},
						{
							"origin": [-6.37389, 12.07807, 1.6711],
							"size": [0.75, 4.5, 0.75],
							"pivot": [-5.99889, 17.32807, 2.0461],
							"rotation": [-20, 0, 0],
							"uv": {
								"north": {"uv": [39, 13], "uv_size": [1, 1]},
								"east": {"uv": [39, 13], "uv_size": [1, 1]},
								"south": {"uv": [39, 13], "uv_size": [1, 1]},
								"west": {"uv": [39, 13], "uv_size": [1, 1]},
								"up": {"uv": [40, 14], "uv_size": [-1, -1]},
								"down": {"uv": [40, 14], "uv_size": [-1, -1]}
							}
						},
						{
							"origin": [-6.74481, 16.20307, -5.0789],
							"size": [1.49184, 0.75, 7.5],
							"pivot": [-5.99889, 16.57807, -1.3289],
							"rotation": [0, -22.5, 0],
							"uv": {
								"north": {"uv": [53, 54], "uv_size": [0, 0]},
								"east": {"uv": [53, 54], "uv_size": [0, 0]},
								"south": {"uv": [53, 54], "uv_size": [0, 0]},
								"west": {"uv": [53, 54], "uv_size": [0, 0]},
								"up": {"uv": [53, 54], "uv_size": [0, 0]},
								"down": {"uv": [53, 54], "uv_size": [0, 0]}
							}
						},
						{
							"origin": [-6.74481, 16.20307, -5.0789],
							"size": [1.49184, 0.75, 7.5],
							"pivot": [-5.99889, 16.57807, -1.3289],
							"rotation": [0, -45, 0],
							"uv": {
								"north": {"uv": [53, 54], "uv_size": [0, 0]},
								"east": {"uv": [53, 54], "uv_size": [0, 0]},
								"south": {"uv": [53, 54], "uv_size": [0, 0]},
								"west": {"uv": [53, 54], "uv_size": [0, 0]},
								"up": {"uv": [53, 54], "uv_size": [0, 0]},
								"down": {"uv": [53, 54], "uv_size": [0, 0]}
							}
						},
						{
							"origin": [-9.74889, 16.20307, -2.07482],
							"size": [7.5, 0.75, 1.49184],
							"pivot": [-5.99889, 16.57807, -1.3289],
							"rotation": [0, 22.5, 0],
							"uv": {
								"north": {"uv": [53, 54], "uv_size": [0, 0]},
								"east": {"uv": [53, 54], "uv_size": [0, 0]},
								"south": {"uv": [53, 54], "uv_size": [0, 0]},
								"west": {"uv": [53, 54], "uv_size": [0, 0]},
								"up": {"uv": [53, 54], "uv_size": [0, 0]},
								"down": {"uv": [53, 54], "uv_size": [0, 0]}
							}
						},
						{
							"origin": [-9.74889, 16.20307, -2.07482],
							"size": [7.5, 0.75, 1.49184],
							"uv": {
								"north": {"uv": [53, 54], "uv_size": [0, 0]},
								"east": {"uv": [53, 54], "uv_size": [0, 0]},
								"south": {"uv": [53, 54], "uv_size": [0, 0]},
								"west": {"uv": [53, 54], "uv_size": [0, 0]},
								"up": {"uv": [53, 54], "uv_size": [0, 0]},
								"down": {"uv": [53, 54], "uv_size": [0, 0]}
							}
						},
						{
							"origin": [-10.04889, 17.02807, -5.07482],
							"size": [7.8, 0, 7.65],
							"uv": {
								"north": {"uv": [39, 46], "uv_size": [-2, -3]},
								"east": {"uv": [39, 46], "uv_size": [-2, -3]},
								"south": {"uv": [39, 46], "uv_size": [-2, -3]},
								"west": {"uv": [39, 46], "uv_size": [-2, -3]},
								"up": {"uv": [45, 46], "uv_size": [16, 16]},
								"down": {"uv": [37, 43], "uv_size": [2, 3]}
							}
						},
						{
							"origin": [-2.99889, 12.07807, -1.7039],
							"size": [0.75, 4.5, 0.75],
							"pivot": [-2.62389, 16.57807, -1.3289],
							"rotation": [0, 0, 22.5],
							"uv": {
								"north": {"uv": [40, 15], "uv_size": [-1, 0]},
								"east": {"uv": [40, 15], "uv_size": [-1, 0]},
								"south": {"uv": [40, 15], "uv_size": [-1, 0]},
								"west": {"uv": [40, 15], "uv_size": [-1, 0]},
								"up": {"uv": [39, 15], "uv_size": [1, 0]},
								"down": {"uv": [39, 15], "uv_size": [1, 0]}
							}
						},
						{
							"origin": [-9.74889, 12.07807, -1.7039],
							"size": [0.75, 4.5, 0.75],
							"pivot": [-9.37389, 16.57807, -1.3289],
							"rotation": [0, 0, -22.5],
							"uv": {
								"north": {"uv": [40, 14], "uv_size": [0, -1]},
								"east": {"uv": [40, 14], "uv_size": [0, -1]},
								"south": {"uv": [40, 14], "uv_size": [0, -1]},
								"west": {"uv": [40, 14], "uv_size": [0, -1]},
								"up": {"uv": [40, 13], "uv_size": [0, 1]},
								"down": {"uv": [40, 13], "uv_size": [0, 1]}
							}
						},
						{
							"origin": [-9.74889, 16.20307, -2.07482],
							"size": [7.5, 0.75, 1.49184],
							"pivot": [-5.99889, 16.57807, -1.3289],
							"rotation": [0, -22.5, 0],
							"uv": {
								"north": {"uv": [53, 54], "uv_size": [0, 0]},
								"east": {"uv": [53, 54], "uv_size": [0, 0]},
								"south": {"uv": [53, 54], "uv_size": [0, 0]},
								"west": {"uv": [53, 54], "uv_size": [0, 0]},
								"up": {"uv": [53, 54], "uv_size": [0, 0]},
								"down": {"uv": [53, 54], "uv_size": [0, 0]}
							}
						}
					]
				}
			]
		}
	]
}
