{
	"format_version": "1.12.0",
	"minecraft:geometry": [
		{
			"description": {
				"identifier": "geometry.drum",
				"texture_width": 64,
				"texture_height": 64,
				"visible_bounds_width": 3,
				"visible_bounds_height": 3.5,
				"visible_bounds_offset": [0, 1.25, 0]
			},
			"bones": [
				{
					"name": "root",
					"pivot": [0, 0, 0]
				},
				{
					"name": "waist",
					"parent": "root",
					"pivot": [0, 12, 0]
				},
				{
					"name": "body",
					"parent": "waist",
					"pivot": [0, 24, 0]
				},
				{
					"name": "DrumKit",
					"parent": "body",
					"pivot": [0, 15, 0],
					"rotation": [90, 0, 0]
				},
				{
					"name": "Drumkit1",
					"parent": "DrumKit",
					"pivot": [-1.5, 11.5, 0.5],
					"cubes": [
						{
							"origin": [-0.22433, 15.28171, -1.87798],
							"size": [0.44755, 0.3, 0.1875],
							"pivot": [-0.00056, 15.37546, -0.75298],
							"rotation": [0, 45, 0],
							"uv": {
								"north": {"uv": [40, 15], "uv_size": [-1, 7]},
								"east": {"uv": [40, 15], "uv_size": [-1, 7]},
								"south": {"uv": [40, 15], "uv_size": [-1, 7]},
								"west": {"uv": [40, 15], "uv_size": [-1, 7]},
								"up": {"uv": [39, 14], "uv_size": [1, 1]},
								"down": {"uv": [39, 22], "uv_size": [0, -1]}
							}
						},
						{
							"origin": [-0.22433, 15.28171, -1.87798],
							"size": [0.44755, 0.3, 0.1875],
							"pivot": [-0.00056, 15.37546, -0.75298],
							"rotation": [0, 22.5, 0],
							"uv": {
								"north": {"uv": [40, 15], "uv_size": [-1, 7]},
								"east": {"uv": [40, 15], "uv_size": [-1, 7]},
								"south": {"uv": [40, 15], "uv_size": [-1, 7]},
								"west": {"uv": [40, 15], "uv_size": [-1, 7]},
								"up": {"uv": [39, 14], "uv_size": [1, 1]},
								"down": {"uv": [39, 22], "uv_size": [0, -1]}
							}
						},
						{
							"origin": [-0.22433, 15.28171, -1.87798],
							"size": [0.44755, 0.3, 0.1875],
							"uv": {
								"north": {"uv": [40, 15], "uv_size": [-1, 7]},
								"east": {"uv": [40, 15], "uv_size": [-1, 7]},
								"south": {"uv": [40, 15], "uv_size": [-1, 7]},
								"west": {"uv": [40, 15], "uv_size": [-1, 7]},
								"up": {"uv": [39, 14], "uv_size": [1, 1]},
								"down": {"uv": [39, 22], "uv_size": [0, -1]}
							}
						},
						{
							"origin": [-0.22433, 15.28171, -1.87798],
							"size": [0.44755, 0.3, 0.1875],
							"pivot": [-0.00056, 15.37546, -0.75298],
							"rotation": [0, -22.5, 0],
							"uv": {
								"north": {"uv": [40, 15], "uv_size": [-1, 7]},
								"east": {"uv": [40, 15], "uv_size": [-1, 7]},
								"south": {"uv": [40, 15], "uv_size": [-1, 7]},
								"west": {"uv": [40, 15], "uv_size": [-1, 7]},
								"up": {"uv": [39, 14], "uv_size": [1, 1]},
								"down": {"uv": [39, 22], "uv_size": [0, -1]}
							}
						},
						{
							"origin": [-0.22433, 15.28171, -1.87798],
							"size": [0.44755, 0.3, 0.1875],
							"pivot": [-0.00056, 15.37546, -0.75298],
							"rotation": [0, -45, 0],
							"uv": {
								"north": {"uv": [40, 15], "uv_size": [-1, 7]},
								"east": {"uv": [40, 15], "uv_size": [-1, 7]},
								"south": {"uv": [40, 15], "uv_size": [-1, 7]},
								"west": {"uv": [40, 15], "uv_size": [-1, 7]},
								"up": {"uv": [39, 14], "uv_size": [1, 1]},
								"down": {"uv": [39, 22], "uv_size": [0, -1]}
							}
						},
						{
							"origin": [-0.22433, 15.28171, 0.18452],
							"size": [0.44755, 0.3, 0.1875],
							"pivot": [-0.00056, 15.37546, -0.75298],
							"rotation": [0, 45, 0],
							"uv": {
								"north": {"uv": [40, 15], "uv_size": [-1, 7]},
								"east": {"uv": [40, 15], "uv_size": [-1, 7]},
								"south": {"uv": [40, 15], "uv_size": [-1, 7]},
								"west": {"uv": [40, 15], "uv_size": [-1, 7]},
								"up": {"uv": [39, 14], "uv_size": [1, 1]},
								"down": {"uv": [39, 22], "uv_size": [0, -1]}
							}
						},
						{
							"origin": [-0.22433, 15.28171, 0.18452],
							"size": [0.44755, 0.3, 0.1875],
							"pivot": [-0.00056, 15.37546, -0.75298],
							"rotation": [0, 22.5, 0],
							"uv": {
								"north": {"uv": [40, 15], "uv_size": [-1, 7]},
								"east": {"uv": [40, 15], "uv_size": [-1, 7]},
								"south": {"uv": [40, 15], "uv_size": [-1, 7]},
								"west": {"uv": [40, 15], "uv_size": [-1, 7]},
								"up": {"uv": [39, 14], "uv_size": [1, 1]},
								"down": {"uv": [39, 22], "uv_size": [0, -1]}
							}
						},
						{
							"origin": [-0.22433, 15.28171, 0.18452],
							"size": [0.44755, 0.3, 0.1875],
							"uv": {
								"north": {"uv": [40, 15], "uv_size": [-1, 7]},
								"east": {"uv": [40, 15], "uv_size": [-1, 7]},
								"south": {"uv": [40, 15], "uv_size": [-1, 7]},
								"west": {"uv": [40, 15], "uv_size": [-1, 7]},
								"up": {"uv": [39, 14], "uv_size": [1, 1]},
								"down": {"uv": [39, 22], "uv_size": [0, -1]}
							}
						},
						{
							"origin": [-0.22433, 15.28171, 0.18452],
							"size": [0.44755, 0.3, 0.1875],
							"pivot": [-0.00056, 15.37546, -0.75298],
							"rotation": [0, -22.5, 0],
							"uv": {
								"north": {"uv": [40, 15], "uv_size": [-1, 7]},
								"east": {"uv": [40, 15], "uv_size": [-1, 7]},
								"south": {"uv": [40, 15], "uv_size": [-1, 7]},
								"west": {"uv": [40, 15], "uv_size": [-1, 7]},
								"up": {"uv": [39, 14], "uv_size": [1, 1]},
								"down": {"uv": [39, 22], "uv_size": [0, -1]}
							}
						},
						{
							"origin": [-0.22433, 15.28171, 0.18452],
							"size": [0.44755, 0.3, 0.1875],
							"pivot": [-0.00056, 15.37546, -0.75298],
							"rotation": [0, -45, 0],
							"uv": {
								"north": {"uv": [40, 15], "uv_size": [-1, 7]},
								"east": {"uv": [40, 15], "uv_size": [-1, 7]},
								"south": {"uv": [40, 15], "uv_size": [-1, 7]},
								"west": {"uv": [40, 15], "uv_size": [-1, 7]},
								"up": {"uv": [39, 14], "uv_size": [1, 1]},
								"down": {"uv": [39, 22], "uv_size": [0, -1]}
							}
						},
						{
							"origin": [0.93694, 15.28171, -0.97676],
							"size": [0.1875, 0.3, 0.44755],
							"pivot": [-0.00056, 15.37546, -0.75298],
							"rotation": [0, 22.5, 0],
							"uv": {
								"north": {"uv": [40, 15], "uv_size": [-1, 7]},
								"east": {"uv": [40, 15], "uv_size": [-1, 7]},
								"south": {"uv": [40, 15], "uv_size": [-1, 7]},
								"west": {"uv": [40, 15], "uv_size": [-1, 7]},
								"up": {"uv": [39, 14], "uv_size": [1, 1]},
								"down": {"uv": [39, 22], "uv_size": [0, -1]}
							}
						},
						{
							"origin": [0.93694, 15.28171, -0.97676],
							"size": [0.1875, 0.3, 0.44755],
							"uv": {
								"north": {"uv": [40, 15], "uv_size": [-1, 7]},
								"east": {"uv": [40, 15], "uv_size": [-1, 7]},
								"south": {"uv": [40, 15], "uv_size": [-1, 7]},
								"west": {"uv": [40, 15], "uv_size": [-1, 7]},
								"up": {"uv": [39, 14], "uv_size": [1, 1]},
								"down": {"uv": [39, 22], "uv_size": [0, -1]}
							}
						},
						{
							"origin": [0.93694, 15.28171, -0.97676],
							"size": [0.1875, 0.3, 0.44755],
							"pivot": [-0.00056, 15.37546, -0.75298],
							"rotation": [0, -22.5, 0],
							"uv": {
								"north": {"uv": [40, 15], "uv_size": [-1, 7]},
								"east": {"uv": [40, 15], "uv_size": [-1, 7]},
								"south": {"uv": [40, 15], "uv_size": [-1, 7]},
								"west": {"uv": [40, 15], "uv_size": [-1, 7]},
								"up": {"uv": [39, 14], "uv_size": [1, 1]},
								"down": {"uv": [39, 22], "uv_size": [0, -1]}
							}
						},
						{
							"origin": [-1.12556, 15.28171, -0.97676],
							"size": [0.1875, 0.3, 0.44755],
							"pivot": [-0.00056, 15.37546, -0.75298],
							"rotation": [0, 22.5, 0],
							"uv": {
								"north": {"uv": [40, 15], "uv_size": [-1, 7]},
								"east": {"uv": [40, 15], "uv_size": [-1, 7]},
								"south": {"uv": [40, 15], "uv_size": [-1, 7]},
								"west": {"uv": [40, 15], "uv_size": [-1, 7]},
								"up": {"uv": [39, 14], "uv_size": [1, 1]},
								"down": {"uv": [39, 22], "uv_size": [0, -1]}
							}
						},
						{
							"origin": [-1.12556, 15.28171, -0.97676],
							"size": [0.1875, 0.3, 0.44755],
							"uv": {
								"north": {"uv": [40, 15], "uv_size": [-1, 7]},
								"east": {"uv": [40, 15], "uv_size": [-1, 7]},
								"south": {"uv": [40, 15], "uv_size": [-1, 7]},
								"west": {"uv": [40, 15], "uv_size": [-1, 7]},
								"up": {"uv": [39, 14], "uv_size": [1, 1]},
								"down": {"uv": [39, 22], "uv_size": [0, -1]}
							}
						},
						{
							"origin": [-1.12556, 15.28171, -0.97676],
							"size": [0.1875, 0.3, 0.44755],
							"pivot": [-0.00056, 15.37546, -0.75298],
							"rotation": [0, -22.5, 0],
							"uv": {
								"north": {"uv": [40, 15], "uv_size": [-1, 7]},
								"east": {"uv": [40, 15], "uv_size": [-1, 7]},
								"south": {"uv": [40, 15], "uv_size": [-1, 7]},
								"west": {"uv": [40, 15], "uv_size": [-1, 7]},
								"up": {"uv": [39, 14], "uv_size": [1, 1]},
								"down": {"uv": [39, 22], "uv_size": [0, -1]}
							}
						}
					]
				},
				{
					"name": "Drumkit2",
					"parent": "DrumKit",
					"pivot": [-1.5, 12.25, 0.5],
					"cubes": [
						{
							"origin": [-0.1572, 15.40921, -1.54048],
							"size": [0.31329, 1.4325, 1.575],
							"pivot": [-0.00056, 16.23796, -0.75298],
							"rotation": [0, 45, 0],
							"uv": {
								"north": {"uv": [48, 54], "uv_size": [0, 2]},
								"east": {"uv": [48, 54], "uv_size": [0, 2]},
								"south": {"uv": [48, 54], "uv_size": [0, 2]},
								"west": {"uv": [48, 54], "uv_size": [0, 2]},
								"up": {"uv": [48, 56], "uv_size": [0, -2]},
								"down": {"uv": [48, 56], "uv_size": [0, 0]}
							}
						},
						{
							"origin": [-0.1572, 15.40921, -1.54048],
							"size": [0.31329, 1.4325, 1.575],
							"pivot": [-0.00056, 16.23796, -0.75298],
							"rotation": [0, 22.5, 0],
							"uv": {
								"north": {"uv": [48, 54], "uv_size": [0, 2]},
								"east": {"uv": [48, 54], "uv_size": [0, 2]},
								"south": {"uv": [48, 54], "uv_size": [0, 2]},
								"west": {"uv": [48, 54], "uv_size": [0, 2]},
								"up": {"uv": [48, 56], "uv_size": [0, -2]},
								"down": {"uv": [48, 56], "uv_size": [0, 0]}
							}
						},
						{
							"origin": [-0.1572, 15.40921, -1.54048],
							"size": [0.31329, 1.4325, 1.575],
							"uv": {
								"north": {"uv": [48, 54], "uv_size": [0, 2]},
								"east": {"uv": [48, 54], "uv_size": [0, 2]},
								"south": {"uv": [48, 54], "uv_size": [0, 2]},
								"west": {"uv": [48, 54], "uv_size": [0, 2]},
								"up": {"uv": [48, 56], "uv_size": [0, -2]},
								"down": {"uv": [48, 56], "uv_size": [0, 0]}
							}
						},
						{
							"origin": [-0.1572, 15.40921, -1.54048],
							"size": [0.31329, 1.4325, 1.575],
							"pivot": [-0.00056, 16.23796, -0.75298],
							"rotation": [0, -22.5, 0],
							"uv": {
								"north": {"uv": [48, 54], "uv_size": [0, 2]},
								"east": {"uv": [48, 54], "uv_size": [0, 2]},
								"south": {"uv": [48, 54], "uv_size": [0, 2]},
								"west": {"uv": [48, 54], "uv_size": [0, 2]},
								"up": {"uv": [48, 56], "uv_size": [0, -2]},
								"down": {"uv": [48, 56], "uv_size": [0, 0]}
							}
						},
						{
							"origin": [-0.1572, 15.40921, -1.54048],
							"size": [0.31329, 1.4325, 1.575],
							"pivot": [-0.00056, 16.23796, -0.75298],
							"rotation": [0, -45, 0],
							"uv": {
								"north": {"uv": [48, 54], "uv_size": [0, 2]},
								"east": {"uv": [48, 54], "uv_size": [0, 2]},
								"south": {"uv": [48, 54], "uv_size": [0, 2]},
								"west": {"uv": [48, 54], "uv_size": [0, 2]},
								"up": {"uv": [48, 56], "uv_size": [0, -2]},
								"down": {"uv": [48, 56], "uv_size": [0, 0]}
							}
						},
						{
							"origin": [-0.78806, 15.40921, -0.90962],
							"size": [1.575, 1.4325, 0.31329],
							"pivot": [-0.00056, 16.23796, -0.75298],
							"rotation": [0, 22.5, 0],
							"uv": {
								"north": {"uv": [48, 54], "uv_size": [0, 2]},
								"east": {"uv": [48, 54], "uv_size": [0, 2]},
								"south": {"uv": [48, 54], "uv_size": [0, 2]},
								"west": {"uv": [48, 54], "uv_size": [0, 2]},
								"up": {"uv": [48, 56], "uv_size": [0, -2]},
								"down": {"uv": [48, 56], "uv_size": [0, 0]}
							}
						},
						{
							"origin": [-0.78806, 15.40921, -0.90962],
							"size": [1.575, 1.4325, 0.31329],
							"uv": {
								"north": {"uv": [48, 54], "uv_size": [0, 2]},
								"east": {"uv": [48, 54], "uv_size": [0, 2]},
								"south": {"uv": [48, 54], "uv_size": [0, 2]},
								"west": {"uv": [48, 54], "uv_size": [0, 2]},
								"up": {"uv": [48, 56], "uv_size": [0, -2]},
								"down": {"uv": [48, 56], "uv_size": [0, 0]}
							}
						},
						{
							"origin": [-0.78806, 15.40921, -0.90962],
							"size": [1.575, 1.4325, 0.31329],
							"pivot": [-0.00056, 16.23796, -0.75298],
							"rotation": [0, -22.5, 0],
							"uv": {
								"north": {"uv": [48, 54], "uv_size": [0, 2]},
								"east": {"uv": [48, 54], "uv_size": [0, 2]},
								"south": {"uv": [48, 54], "uv_size": [0, 2]},
								"west": {"uv": [48, 54], "uv_size": [0, 2]},
								"up": {"uv": [48, 56], "uv_size": [0, -2]},
								"down": {"uv": [48, 56], "uv_size": [0, 0]}
							}
						}
					]
				},
				{
					"name": "Drumkit3",
					"parent": "DrumKit",
					"pivot": [-1.5, 13, 0.5],
					"cubes": [
						{
							"origin": [-0.22433, 16.76296, -1.87798],
							"size": [0.44755, 0.975, 2.25],
							"pivot": [-0.00056, 16.87546, -0.75298],
							"rotation": [0, 45, 0],
							"uv": {
								"north": {"uv": [52, 52], "uv_size": [0, 5]},
								"east": {"uv": [52, 52], "uv_size": [0, 5]},
								"south": {"uv": [52, 52], "uv_size": [0, 5]},
								"west": {"uv": [52, 52], "uv_size": [0, 5]},
								"up": {"uv": [52, 57], "uv_size": [0, -5]},
								"down": {"uv": [52, 57], "uv_size": [0, -5]}
							}
						},
						{
							"origin": [-0.22433, 16.76296, -1.87798],
							"size": [0.44755, 0.975, 2.25],
							"pivot": [-0.00056, 16.87546, -0.75298],
							"rotation": [0, 22.5, 0],
							"uv": {
								"north": {"uv": [52, 52], "uv_size": [0, 5]},
								"east": {"uv": [52, 52], "uv_size": [0, 5]},
								"south": {"uv": [52, 52], "uv_size": [0, 5]},
								"west": {"uv": [52, 52], "uv_size": [0, 5]},
								"up": {"uv": [52, 57], "uv_size": [0, -5]},
								"down": {"uv": [52, 57], "uv_size": [0, -5]}
							}
						},
						{
							"origin": [-0.22433, 16.76296, -1.87798],
							"size": [0.44755, 0.975, 2.25],
							"uv": {
								"north": {"uv": [52, 52], "uv_size": [0, 5]},
								"east": {"uv": [52, 52], "uv_size": [0, 5]},
								"south": {"uv": [52, 52], "uv_size": [0, 5]},
								"west": {"uv": [52, 52], "uv_size": [0, 5]},
								"up": {"uv": [52, 57], "uv_size": [0, -5]},
								"down": {"uv": [52, 57], "uv_size": [0, -5]}
							}
						},
						{
							"origin": [-0.22433, 16.76296, -1.87798],
							"size": [0.44755, 0.975, 2.25],
							"pivot": [-0.00056, 16.87546, -0.75298],
							"rotation": [0, -22.5, 0],
							"uv": {
								"north": {"uv": [52, 52], "uv_size": [0, 5]},
								"east": {"uv": [52, 52], "uv_size": [0, 5]},
								"south": {"uv": [52, 52], "uv_size": [0, 5]},
								"west": {"uv": [52, 52], "uv_size": [0, 5]},
								"up": {"uv": [52, 57], "uv_size": [0, -5]},
								"down": {"uv": [52, 57], "uv_size": [0, -5]}
							}
						},
						{
							"origin": [-0.22433, 16.76296, -1.87798],
							"size": [0.44755, 0.975, 2.25],
							"pivot": [-0.00056, 16.87546, -0.75298],
							"rotation": [0, -45, 0],
							"uv": {
								"north": {"uv": [52, 52], "uv_size": [0, 5]},
								"east": {"uv": [52, 52], "uv_size": [0, 5]},
								"south": {"uv": [52, 52], "uv_size": [0, 5]},
								"west": {"uv": [52, 52], "uv_size": [0, 5]},
								"up": {"uv": [52, 57], "uv_size": [0, -5]},
								"down": {"uv": [52, 57], "uv_size": [0, -5]}
							}
						},
						{
							"origin": [-1.12556, 16.76296, -0.97676],
							"size": [2.25, 0.975, 0.44755],
							"pivot": [-0.00056, 16.87546, -0.75298],
							"rotation": [0, 22.5, 0],
							"uv": {
								"north": {"uv": [52, 52], "uv_size": [0, 5]},
								"east": {"uv": [52, 52], "uv_size": [0, 5]},
								"south": {"uv": [52, 52], "uv_size": [0, 5]},
								"west": {"uv": [52, 52], "uv_size": [0, 5]},
								"up": {"uv": [52, 57], "uv_size": [0, -5]},
								"down": {"uv": [52, 57], "uv_size": [0, -5]}
							}
						},
						{
							"origin": [-1.12556, 16.76296, -0.97676],
							"size": [2.25, 0.975, 0.44755],
							"uv": {
								"north": {"uv": [52, 52], "uv_size": [0, 5]},
								"east": {"uv": [52, 52], "uv_size": [0, 5]},
								"south": {"uv": [52, 52], "uv_size": [0, 5]},
								"west": {"uv": [52, 52], "uv_size": [0, 5]},
								"up": {"uv": [52, 57], "uv_size": [0, -5]},
								"down": {"uv": [52, 57], "uv_size": [0, -5]}
							}
						},
						{
							"origin": [-1.12556, 16.76296, -0.97676],
							"size": [2.25, 0.975, 0.44755],
							"pivot": [-0.00056, 16.87546, -0.75298],
							"rotation": [0, -22.5, 0],
							"uv": {
								"north": {"uv": [52, 52], "uv_size": [0, 5]},
								"east": {"uv": [52, 52], "uv_size": [0, 5]},
								"south": {"uv": [52, 52], "uv_size": [0, 5]},
								"west": {"uv": [52, 52], "uv_size": [0, 5]},
								"up": {"uv": [52, 57], "uv_size": [0, -5]},
								"down": {"uv": [52, 57], "uv_size": [0, -5]}
							}
						}
					]
				},
				{
					"name": "Drumkit4",
					"parent": "DrumKit",
					"pivot": [-1.5, 13.75, 0.5],
					"cubes": [
						{
							"origin": [-0.37352, 17.43796, -2.62798],
							"size": [0.74592, 0.375, 3.75],
							"pivot": [-0.00056, 17.62546, -0.75298],
							"rotation": [0, 45, 0],
							"uv": {
								"north": {"uv": [53, 54], "uv_size": [0, 0]},
								"east": {"uv": [53, 54], "uv_size": [0, 0]},
								"south": {"uv": [53, 54], "uv_size": [0, 0]},
								"west": {"uv": [53, 54], "uv_size": [0, 0]},
								"up": {"uv": [53, 54], "uv_size": [0, 0]},
								"down": {"uv": [53, 54], "uv_size": [0, 0]}
							}
						},
						{
							"origin": [-0.37352, 17.43796, -2.62798],
							"size": [0.74592, 0.375, 3.75],
							"pivot": [-0.00056, 17.62546, -0.75298],
							"rotation": [0, 22.5, 0],
							"uv": {
								"north": {"uv": [53, 54], "uv_size": [0, 0]},
								"east": {"uv": [53, 54], "uv_size": [0, 0]},
								"south": {"uv": [53, 54], "uv_size": [0, 0]},
								"west": {"uv": [53, 54], "uv_size": [0, 0]},
								"up": {"uv": [53, 54], "uv_size": [0, 0]},
								"down": {"uv": [53, 54], "uv_size": [0, 0]}
							}
						},
						{
							"origin": [-0.37352, 17.43796, -2.62798],
							"size": [0.74592, 0.375, 3.75],
							"uv": {
								"north": {"uv": [53, 54], "uv_size": [0, 0]},
								"east": {"uv": [53, 54], "uv_size": [0, 0]},
								"south": {"uv": [53, 54], "uv_size": [0, 0]},
								"west": {"uv": [53, 54], "uv_size": [0, 0]},
								"up": {"uv": [53, 54], "uv_size": [0, 0]},
								"down": {"uv": [53, 54], "uv_size": [0, 0]}
							}
						},
						{
							"origin": [-0.18806, 15.37546, -2.62798],
							"size": [0.375, 2.25, 0.375],
							"pivot": [-0.00056, 18.00046, -2.44048],
							"rotation": [20, 0, 0],
							"uv": {
								"north": {"uv": [40, 16], "uv_size": [-1, 0]},
								"east": {"uv": [40, 16], "uv_size": [-1, 0]},
								"south": {"uv": [40, 16], "uv_size": [-1, 0]},
								"west": {"uv": [40, 16], "uv_size": [-1, 0]},
								"up": {"uv": [39, 16], "uv_size": [1, 0]},
								"down": {"uv": [39, 16], "uv_size": [1, 0]}
							}
						},
						{
							"origin": [-0.18806, 15.37546, 0.74702],
							"size": [0.375, 2.25, 0.375],
							"pivot": [-0.00056, 18.00046, 0.93452],
							"rotation": [-20, 0, 0],
							"uv": {
								"north": {"uv": [39, 13], "uv_size": [1, 1]},
								"east": {"uv": [39, 13], "uv_size": [1, 1]},
								"south": {"uv": [39, 13], "uv_size": [1, 1]},
								"west": {"uv": [39, 13], "uv_size": [1, 1]},
								"up": {"uv": [40, 14], "uv_size": [-1, -1]},
								"down": {"uv": [40, 14], "uv_size": [-1, -1]}
							}
						},
						{
							"origin": [-0.37352, 17.43796, -2.62798],
							"size": [0.74592, 0.375, 3.75],
							"pivot": [-0.00056, 17.62546, -0.75298],
							"rotation": [0, -22.5, 0],
							"uv": {
								"north": {"uv": [53, 54], "uv_size": [0, 0]},
								"east": {"uv": [53, 54], "uv_size": [0, 0]},
								"south": {"uv": [53, 54], "uv_size": [0, 0]},
								"west": {"uv": [53, 54], "uv_size": [0, 0]},
								"up": {"uv": [53, 54], "uv_size": [0, 0]},
								"down": {"uv": [53, 54], "uv_size": [0, 0]}
							}
						},
						{
							"origin": [-0.37352, 17.43796, -2.62798],
							"size": [0.74592, 0.375, 3.75],
							"pivot": [-0.00056, 17.62546, -0.75298],
							"rotation": [0, -45, 0],
							"uv": {
								"north": {"uv": [53, 54], "uv_size": [0, 0]},
								"east": {"uv": [53, 54], "uv_size": [0, 0]},
								"south": {"uv": [53, 54], "uv_size": [0, 0]},
								"west": {"uv": [53, 54], "uv_size": [0, 0]},
								"up": {"uv": [53, 54], "uv_size": [0, 0]},
								"down": {"uv": [53, 54], "uv_size": [0, 0]}
							}
						},
						{
							"origin": [-1.87556, 17.43796, -1.12594],
							"size": [3.75, 0.375, 0.74592],
							"pivot": [-0.00056, 17.62546, -0.75298],
							"rotation": [0, 22.5, 0],
							"uv": {
								"north": {"uv": [53, 54], "uv_size": [0, 0]},
								"east": {"uv": [53, 54], "uv_size": [0, 0]},
								"south": {"uv": [53, 54], "uv_size": [0, 0]},
								"west": {"uv": [53, 54], "uv_size": [0, 0]},
								"up": {"uv": [53, 54], "uv_size": [0, 0]},
								"down": {"uv": [53, 54], "uv_size": [0, 0]}
							}
						},
						{
							"origin": [-1.87556, 17.43796, -1.12594],
							"size": [3.75, 0.375, 0.74592],
							"uv": {
								"north": {"uv": [53, 54], "uv_size": [0, 0]},
								"east": {"uv": [53, 54], "uv_size": [0, 0]},
								"south": {"uv": [53, 54], "uv_size": [0, 0]},
								"west": {"uv": [53, 54], "uv_size": [0, 0]},
								"up": {"uv": [53, 54], "uv_size": [0, 0]},
								"down": {"uv": [53, 54], "uv_size": [0, 0]}
							}
						},
						{
							"origin": [-2.02556, 17.85046, -2.62594],
							"size": [3.9, 0, 3.825],
							"uv": {
								"north": {"uv": [39, 46], "uv_size": [-2, -3]},
								"east": {"uv": [39, 46], "uv_size": [-2, -3]},
								"south": {"uv": [39, 46], "uv_size": [-2, -3]},
								"west": {"uv": [39, 46], "uv_size": [-2, -3]},
								"up": {"uv": [45, 46], "uv_size": [16, 16]},
								"down": {"uv": [37, 43], "uv_size": [2, 3]}
							}
						},
						{
							"origin": [1.49944, 15.37546, -0.94048],
							"size": [0.375, 2.25, 0.375],
							"pivot": [1.68694, 17.62546, -0.75298],
							"rotation": [0, 0, 22.5],
							"uv": {
								"north": {"uv": [40, 15], "uv_size": [-1, 0]},
								"east": {"uv": [40, 15], "uv_size": [-1, 0]},
								"south": {"uv": [40, 15], "uv_size": [-1, 0]},
								"west": {"uv": [40, 15], "uv_size": [-1, 0]},
								"up": {"uv": [39, 15], "uv_size": [1, 0]},
								"down": {"uv": [39, 15], "uv_size": [1, 0]}
							}
						},
						{
							"origin": [-1.87556, 15.37546, -0.94048],
							"size": [0.375, 2.25, 0.375],
							"pivot": [-1.68806, 17.62546, -0.75298],
							"rotation": [0, 0, -22.5],
							"uv": {
								"north": {"uv": [40, 14], "uv_size": [0, -1]},
								"east": {"uv": [40, 14], "uv_size": [0, -1]},
								"south": {"uv": [40, 14], "uv_size": [0, -1]},
								"west": {"uv": [40, 14], "uv_size": [0, -1]},
								"up": {"uv": [40, 13], "uv_size": [0, 1]},
								"down": {"uv": [40, 13], "uv_size": [0, 1]}
							}
						},
						{
							"origin": [-1.87556, 17.43796, -1.12594],
							"size": [3.75, 0.375, 0.74592],
							"pivot": [-0.00056, 17.62546, -0.75298],
							"rotation": [0, -22.5, 0],
							"uv": {
								"north": {"uv": [53, 54], "uv_size": [0, 0]},
								"east": {"uv": [53, 54], "uv_size": [0, 0]},
								"south": {"uv": [53, 54], "uv_size": [0, 0]},
								"west": {"uv": [53, 54], "uv_size": [0, 0]},
								"up": {"uv": [53, 54], "uv_size": [0, 0]},
								"down": {"uv": [53, 54], "uv_size": [0, 0]}
							}
						}
					]
				},
				{
					"name": "DrumKit5",
					"parent": "body",
					"pivot": [4, 24, 0],
					"rotation": [90, 0, 0]
				},
				{
					"name": "Drumkit6",
					"parent": "DrumKit5",
					"pivot": [2.5, 20.5, 0.5],
					"cubes": [
						{
							"origin": [3.77567, 24.28171, -1.87798],
							"size": [0.44755, 0.3, 0.1875],
							"pivot": [3.99944, 24.37546, -0.75298],
							"rotation": [0, 45, 0],
							"uv": {
								"north": {"uv": [40, 15], "uv_size": [-1, 7]},
								"east": {"uv": [40, 15], "uv_size": [-1, 7]},
								"south": {"uv": [40, 15], "uv_size": [-1, 7]},
								"west": {"uv": [40, 15], "uv_size": [-1, 7]},
								"up": {"uv": [39, 14], "uv_size": [1, 1]},
								"down": {"uv": [39, 22], "uv_size": [0, -1]}
							}
						},
						{
							"origin": [3.77567, 24.28171, -1.87798],
							"size": [0.44755, 0.3, 0.1875],
							"pivot": [3.99944, 24.37546, -0.75298],
							"rotation": [0, 22.5, 0],
							"uv": {
								"north": {"uv": [40, 15], "uv_size": [-1, 7]},
								"east": {"uv": [40, 15], "uv_size": [-1, 7]},
								"south": {"uv": [40, 15], "uv_size": [-1, 7]},
								"west": {"uv": [40, 15], "uv_size": [-1, 7]},
								"up": {"uv": [39, 14], "uv_size": [1, 1]},
								"down": {"uv": [39, 22], "uv_size": [0, -1]}
							}
						},
						{
							"origin": [3.77567, 24.28171, -1.87798],
							"size": [0.44755, 0.3, 0.1875],
							"uv": {
								"north": {"uv": [40, 15], "uv_size": [-1, 7]},
								"east": {"uv": [40, 15], "uv_size": [-1, 7]},
								"south": {"uv": [40, 15], "uv_size": [-1, 7]},
								"west": {"uv": [40, 15], "uv_size": [-1, 7]},
								"up": {"uv": [39, 14], "uv_size": [1, 1]},
								"down": {"uv": [39, 22], "uv_size": [0, -1]}
							}
						},
						{
							"origin": [3.77567, 24.28171, -1.87798],
							"size": [0.44755, 0.3, 0.1875],
							"pivot": [3.99944, 24.37546, -0.75298],
							"rotation": [0, -22.5, 0],
							"uv": {
								"north": {"uv": [40, 15], "uv_size": [-1, 7]},
								"east": {"uv": [40, 15], "uv_size": [-1, 7]},
								"south": {"uv": [40, 15], "uv_size": [-1, 7]},
								"west": {"uv": [40, 15], "uv_size": [-1, 7]},
								"up": {"uv": [39, 14], "uv_size": [1, 1]},
								"down": {"uv": [39, 22], "uv_size": [0, -1]}
							}
						},
						{
							"origin": [3.77567, 24.28171, -1.87798],
							"size": [0.44755, 0.3, 0.1875],
							"pivot": [3.99944, 24.37546, -0.75298],
							"rotation": [0, -45, 0],
							"uv": {
								"north": {"uv": [40, 15], "uv_size": [-1, 7]},
								"east": {"uv": [40, 15], "uv_size": [-1, 7]},
								"south": {"uv": [40, 15], "uv_size": [-1, 7]},
								"west": {"uv": [40, 15], "uv_size": [-1, 7]},
								"up": {"uv": [39, 14], "uv_size": [1, 1]},
								"down": {"uv": [39, 22], "uv_size": [0, -1]}
							}
						},
						{
							"origin": [3.77567, 24.28171, 0.18452],
							"size": [0.44755, 0.3, 0.1875],
							"pivot": [3.99944, 24.37546, -0.75298],
							"rotation": [0, 45, 0],
							"uv": {
								"north": {"uv": [40, 15], "uv_size": [-1, 7]},
								"east": {"uv": [40, 15], "uv_size": [-1, 7]},
								"south": {"uv": [40, 15], "uv_size": [-1, 7]},
								"west": {"uv": [40, 15], "uv_size": [-1, 7]},
								"up": {"uv": [39, 14], "uv_size": [1, 1]},
								"down": {"uv": [39, 22], "uv_size": [0, -1]}
							}
						},
						{
							"origin": [3.77567, 24.28171, 0.18452],
							"size": [0.44755, 0.3, 0.1875],
							"pivot": [3.99944, 24.37546, -0.75298],
							"rotation": [0, 22.5, 0],
							"uv": {
								"north": {"uv": [40, 15], "uv_size": [-1, 7]},
								"east": {"uv": [40, 15], "uv_size": [-1, 7]},
								"south": {"uv": [40, 15], "uv_size": [-1, 7]},
								"west": {"uv": [40, 15], "uv_size": [-1, 7]},
								"up": {"uv": [39, 14], "uv_size": [1, 1]},
								"down": {"uv": [39, 22], "uv_size": [0, -1]}
							}
						},
						{
							"origin": [3.77567, 24.28171, 0.18452],
							"size": [0.44755, 0.3, 0.1875],
							"uv": {
								"north": {"uv": [40, 15], "uv_size": [-1, 7]},
								"east": {"uv": [40, 15], "uv_size": [-1, 7]},
								"south": {"uv": [40, 15], "uv_size": [-1, 7]},
								"west": {"uv": [40, 15], "uv_size": [-1, 7]},
								"up": {"uv": [39, 14], "uv_size": [1, 1]},
								"down": {"uv": [39, 22], "uv_size": [0, -1]}
							}
						},
						{
							"origin": [3.77567, 24.28171, 0.18452],
							"size": [0.44755, 0.3, 0.1875],
							"pivot": [3.99944, 24.37546, -0.75298],
							"rotation": [0, -22.5, 0],
							"uv": {
								"north": {"uv": [40, 15], "uv_size": [-1, 7]},
								"east": {"uv": [40, 15], "uv_size": [-1, 7]},
								"south": {"uv": [40, 15], "uv_size": [-1, 7]},
								"west": {"uv": [40, 15], "uv_size": [-1, 7]},
								"up": {"uv": [39, 14], "uv_size": [1, 1]},
								"down": {"uv": [39, 22], "uv_size": [0, -1]}
							}
						},
						{
							"origin": [3.77567, 24.28171, 0.18452],
							"size": [0.44755, 0.3, 0.1875],
							"pivot": [3.99944, 24.37546, -0.75298],
							"rotation": [0, -45, 0],
							"uv": {
								"north": {"uv": [40, 15], "uv_size": [-1, 7]},
								"east": {"uv": [40, 15], "uv_size": [-1, 7]},
								"south": {"uv": [40, 15], "uv_size": [-1, 7]},
								"west": {"uv": [40, 15], "uv_size": [-1, 7]},
								"up": {"uv": [39, 14], "uv_size": [1, 1]},
								"down": {"uv": [39, 22], "uv_size": [0, -1]}
							}
						},
						{
							"origin": [4.93694, 24.28171, -0.97676],
							"size": [0.1875, 0.3, 0.44755],
							"pivot": [3.99944, 24.37546, -0.75298],
							"rotation": [0, 22.5, 0],
							"uv": {
								"north": {"uv": [40, 15], "uv_size": [-1, 7]},
								"east": {"uv": [40, 15], "uv_size": [-1, 7]},
								"south": {"uv": [40, 15], "uv_size": [-1, 7]},
								"west": {"uv": [40, 15], "uv_size": [-1, 7]},
								"up": {"uv": [39, 14], "uv_size": [1, 1]},
								"down": {"uv": [39, 22], "uv_size": [0, -1]}
							}
						},
						{
							"origin": [4.93694, 24.28171, -0.97676],
							"size": [0.1875, 0.3, 0.44755],
							"uv": {
								"north": {"uv": [40, 15], "uv_size": [-1, 7]},
								"east": {"uv": [40, 15], "uv_size": [-1, 7]},
								"south": {"uv": [40, 15], "uv_size": [-1, 7]},
								"west": {"uv": [40, 15], "uv_size": [-1, 7]},
								"up": {"uv": [39, 14], "uv_size": [1, 1]},
								"down": {"uv": [39, 22], "uv_size": [0, -1]}
							}
						},
						{
							"origin": [4.93694, 24.28171, -0.97676],
							"size": [0.1875, 0.3, 0.44755],
							"pivot": [3.99944, 24.37546, -0.75298],
							"rotation": [0, -22.5, 0],
							"uv": {
								"north": {"uv": [40, 15], "uv_size": [-1, 7]},
								"east": {"uv": [40, 15], "uv_size": [-1, 7]},
								"south": {"uv": [40, 15], "uv_size": [-1, 7]},
								"west": {"uv": [40, 15], "uv_size": [-1, 7]},
								"up": {"uv": [39, 14], "uv_size": [1, 1]},
								"down": {"uv": [39, 22], "uv_size": [0, -1]}
							}
						},
						{
							"origin": [2.87444, 24.28171, -0.97676],
							"size": [0.1875, 0.3, 0.44755],
							"pivot": [3.99944, 24.37546, -0.75298],
							"rotation": [0, 22.5, 0],
							"uv": {
								"north": {"uv": [40, 15], "uv_size": [-1, 7]},
								"east": {"uv": [40, 15], "uv_size": [-1, 7]},
								"south": {"uv": [40, 15], "uv_size": [-1, 7]},
								"west": {"uv": [40, 15], "uv_size": [-1, 7]},
								"up": {"uv": [39, 14], "uv_size": [1, 1]},
								"down": {"uv": [39, 22], "uv_size": [0, -1]}
							}
						},
						{
							"origin": [2.87444, 24.28171, -0.97676],
							"size": [0.1875, 0.3, 0.44755],
							"uv": {
								"north": {"uv": [40, 15], "uv_size": [-1, 7]},
								"east": {"uv": [40, 15], "uv_size": [-1, 7]},
								"south": {"uv": [40, 15], "uv_size": [-1, 7]},
								"west": {"uv": [40, 15], "uv_size": [-1, 7]},
								"up": {"uv": [39, 14], "uv_size": [1, 1]},
								"down": {"uv": [39, 22], "uv_size": [0, -1]}
							}
						},
						{
							"origin": [2.87444, 24.28171, -0.97676],
							"size": [0.1875, 0.3, 0.44755],
							"pivot": [3.99944, 24.37546, -0.75298],
							"rotation": [0, -22.5, 0],
							"uv": {
								"north": {"uv": [40, 15], "uv_size": [-1, 7]},
								"east": {"uv": [40, 15], "uv_size": [-1, 7]},
								"south": {"uv": [40, 15], "uv_size": [-1, 7]},
								"west": {"uv": [40, 15], "uv_size": [-1, 7]},
								"up": {"uv": [39, 14], "uv_size": [1, 1]},
								"down": {"uv": [39, 22], "uv_size": [0, -1]}
							}
						}
					]
				},
				{
					"name": "Drumkit7",
					"parent": "DrumKit5",
					"pivot": [2.5, 21.25, 0.5],
					"cubes": [
						{
							"origin": [3.8428, 24.40921, -1.54048],
							"size": [0.31329, 1.4325, 1.575],
							"pivot": [3.99944, 25.23796, -0.75298],
							"rotation": [0, 45, 0],
							"uv": {
								"north": {"uv": [48, 54], "uv_size": [0, 2]},
								"east": {"uv": [48, 54], "uv_size": [0, 2]},
								"south": {"uv": [48, 54], "uv_size": [0, 2]},
								"west": {"uv": [48, 54], "uv_size": [0, 2]},
								"up": {"uv": [48, 56], "uv_size": [0, -2]},
								"down": {"uv": [48, 56], "uv_size": [0, 0]}
							}
						},
						{
							"origin": [3.8428, 24.40921, -1.54048],
							"size": [0.31329, 1.4325, 1.575],
							"pivot": [3.99944, 25.23796, -0.75298],
							"rotation": [0, 22.5, 0],
							"uv": {
								"north": {"uv": [48, 54], "uv_size": [0, 2]},
								"east": {"uv": [48, 54], "uv_size": [0, 2]},
								"south": {"uv": [48, 54], "uv_size": [0, 2]},
								"west": {"uv": [48, 54], "uv_size": [0, 2]},
								"up": {"uv": [48, 56], "uv_size": [0, -2]},
								"down": {"uv": [48, 56], "uv_size": [0, 0]}
							}
						},
						{
							"origin": [3.8428, 24.40921, -1.54048],
							"size": [0.31329, 1.4325, 1.575],
							"uv": {
								"north": {"uv": [48, 54], "uv_size": [0, 2]},
								"east": {"uv": [48, 54], "uv_size": [0, 2]},
								"south": {"uv": [48, 54], "uv_size": [0, 2]},
								"west": {"uv": [48, 54], "uv_size": [0, 2]},
								"up": {"uv": [48, 56], "uv_size": [0, -2]},
								"down": {"uv": [48, 56], "uv_size": [0, 0]}
							}
						},
						{
							"origin": [3.8428, 24.40921, -1.54048],
							"size": [0.31329, 1.4325, 1.575],
							"pivot": [3.99944, 25.23796, -0.75298],
							"rotation": [0, -22.5, 0],
							"uv": {
								"north": {"uv": [48, 54], "uv_size": [0, 2]},
								"east": {"uv": [48, 54], "uv_size": [0, 2]},
								"south": {"uv": [48, 54], "uv_size": [0, 2]},
								"west": {"uv": [48, 54], "uv_size": [0, 2]},
								"up": {"uv": [48, 56], "uv_size": [0, -2]},
								"down": {"uv": [48, 56], "uv_size": [0, 0]}
							}
						},
						{
							"origin": [3.8428, 24.40921, -1.54048],
							"size": [0.31329, 1.4325, 1.575],
							"pivot": [3.99944, 25.23796, -0.75298],
							"rotation": [0, -45, 0],
							"uv": {
								"north": {"uv": [48, 54], "uv_size": [0, 2]},
								"east": {"uv": [48, 54], "uv_size": [0, 2]},
								"south": {"uv": [48, 54], "uv_size": [0, 2]},
								"west": {"uv": [48, 54], "uv_size": [0, 2]},
								"up": {"uv": [48, 56], "uv_size": [0, -2]},
								"down": {"uv": [48, 56], "uv_size": [0, 0]}
							}
						},
						{
							"origin": [3.21194, 24.40921, -0.90962],
							"size": [1.575, 1.4325, 0.31329],
							"pivot": [3.99944, 25.23796, -0.75298],
							"rotation": [0, 22.5, 0],
							"uv": {
								"north": {"uv": [48, 54], "uv_size": [0, 2]},
								"east": {"uv": [48, 54], "uv_size": [0, 2]},
								"south": {"uv": [48, 54], "uv_size": [0, 2]},
								"west": {"uv": [48, 54], "uv_size": [0, 2]},
								"up": {"uv": [48, 56], "uv_size": [0, -2]},
								"down": {"uv": [48, 56], "uv_size": [0, 0]}
							}
						},
						{
							"origin": [3.21194, 24.40921, -0.90962],
							"size": [1.575, 1.4325, 0.31329],
							"uv": {
								"north": {"uv": [48, 54], "uv_size": [0, 2]},
								"east": {"uv": [48, 54], "uv_size": [0, 2]},
								"south": {"uv": [48, 54], "uv_size": [0, 2]},
								"west": {"uv": [48, 54], "uv_size": [0, 2]},
								"up": {"uv": [48, 56], "uv_size": [0, -2]},
								"down": {"uv": [48, 56], "uv_size": [0, 0]}
							}
						},
						{
							"origin": [3.21194, 24.40921, -0.90962],
							"size": [1.575, 1.4325, 0.31329],
							"pivot": [3.99944, 25.23796, -0.75298],
							"rotation": [0, -22.5, 0],
							"uv": {
								"north": {"uv": [48, 54], "uv_size": [0, 2]},
								"east": {"uv": [48, 54], "uv_size": [0, 2]},
								"south": {"uv": [48, 54], "uv_size": [0, 2]},
								"west": {"uv": [48, 54], "uv_size": [0, 2]},
								"up": {"uv": [48, 56], "uv_size": [0, -2]},
								"down": {"uv": [48, 56], "uv_size": [0, 0]}
							}
						}
					]
				},
				{
					"name": "Drumkit8",
					"parent": "DrumKit5",
					"pivot": [2.5, 22, 0.5],
					"cubes": [
						{
							"origin": [3.77567, 25.76296, -1.87798],
							"size": [0.44755, 0.975, 2.25],
							"pivot": [3.99944, 25.87546, -0.75298],
							"rotation": [0, 45, 0],
							"uv": {
								"north": {"uv": [52, 52], "uv_size": [0, 5]},
								"east": {"uv": [52, 52], "uv_size": [0, 5]},
								"south": {"uv": [52, 52], "uv_size": [0, 5]},
								"west": {"uv": [52, 52], "uv_size": [0, 5]},
								"up": {"uv": [52, 57], "uv_size": [0, -5]},
								"down": {"uv": [52, 57], "uv_size": [0, -5]}
							}
						},
						{
							"origin": [3.77567, 25.76296, -1.87798],
							"size": [0.44755, 0.975, 2.25],
							"pivot": [3.99944, 25.87546, -0.75298],
							"rotation": [0, 22.5, 0],
							"uv": {
								"north": {"uv": [52, 52], "uv_size": [0, 5]},
								"east": {"uv": [52, 52], "uv_size": [0, 5]},
								"south": {"uv": [52, 52], "uv_size": [0, 5]},
								"west": {"uv": [52, 52], "uv_size": [0, 5]},
								"up": {"uv": [52, 57], "uv_size": [0, -5]},
								"down": {"uv": [52, 57], "uv_size": [0, -5]}
							}
						},
						{
							"origin": [3.77567, 25.76296, -1.87798],
							"size": [0.44755, 0.975, 2.25],
							"uv": {
								"north": {"uv": [52, 52], "uv_size": [0, 5]},
								"east": {"uv": [52, 52], "uv_size": [0, 5]},
								"south": {"uv": [52, 52], "uv_size": [0, 5]},
								"west": {"uv": [52, 52], "uv_size": [0, 5]},
								"up": {"uv": [52, 57], "uv_size": [0, -5]},
								"down": {"uv": [52, 57], "uv_size": [0, -5]}
							}
						},
						{
							"origin": [3.77567, 25.76296, -1.87798],
							"size": [0.44755, 0.975, 2.25],
							"pivot": [3.99944, 25.87546, -0.75298],
							"rotation": [0, -22.5, 0],
							"uv": {
								"north": {"uv": [52, 52], "uv_size": [0, 5]},
								"east": {"uv": [52, 52], "uv_size": [0, 5]},
								"south": {"uv": [52, 52], "uv_size": [0, 5]},
								"west": {"uv": [52, 52], "uv_size": [0, 5]},
								"up": {"uv": [52, 57], "uv_size": [0, -5]},
								"down": {"uv": [52, 57], "uv_size": [0, -5]}
							}
						},
						{
							"origin": [3.77567, 25.76296, -1.87798],
							"size": [0.44755, 0.975, 2.25],
							"pivot": [3.99944, 25.87546, -0.75298],
							"rotation": [0, -45, 0],
							"uv": {
								"north": {"uv": [52, 52], "uv_size": [0, 5]},
								"east": {"uv": [52, 52], "uv_size": [0, 5]},
								"south": {"uv": [52, 52], "uv_size": [0, 5]},
								"west": {"uv": [52, 52], "uv_size": [0, 5]},
								"up": {"uv": [52, 57], "uv_size": [0, -5]},
								"down": {"uv": [52, 57], "uv_size": [0, -5]}
							}
						},
						{
							"origin": [2.87444, 25.76296, -0.97676],
							"size": [2.25, 0.975, 0.44755],
							"pivot": [3.99944, 25.87546, -0.75298],
							"rotation": [0, 22.5, 0],
							"uv": {
								"north": {"uv": [52, 52], "uv_size": [0, 5]},
								"east": {"uv": [52, 52], "uv_size": [0, 5]},
								"south": {"uv": [52, 52], "uv_size": [0, 5]},
								"west": {"uv": [52, 52], "uv_size": [0, 5]},
								"up": {"uv": [52, 57], "uv_size": [0, -5]},
								"down": {"uv": [52, 57], "uv_size": [0, -5]}
							}
						},
						{
							"origin": [2.87444, 25.76296, -0.97676],
							"size": [2.25, 0.975, 0.44755],
							"uv": {
								"north": {"uv": [52, 52], "uv_size": [0, 5]},
								"east": {"uv": [52, 52], "uv_size": [0, 5]},
								"south": {"uv": [52, 52], "uv_size": [0, 5]},
								"west": {"uv": [52, 52], "uv_size": [0, 5]},
								"up": {"uv": [52, 57], "uv_size": [0, -5]},
								"down": {"uv": [52, 57], "uv_size": [0, -5]}
							}
						},
						{
							"origin": [2.87444, 25.76296, -0.97676],
							"size": [2.25, 0.975, 0.44755],
							"pivot": [3.99944, 25.87546, -0.75298],
							"rotation": [0, -22.5, 0],
							"uv": {
								"north": {"uv": [52, 52], "uv_size": [0, 5]},
								"east": {"uv": [52, 52], "uv_size": [0, 5]},
								"south": {"uv": [52, 52], "uv_size": [0, 5]},
								"west": {"uv": [52, 52], "uv_size": [0, 5]},
								"up": {"uv": [52, 57], "uv_size": [0, -5]},
								"down": {"uv": [52, 57], "uv_size": [0, -5]}
							}
						}
					]
				},
				{
					"name": "Drumkit9",
					"parent": "DrumKit5",
					"pivot": [2.5, 22.75, 0.5],
					"cubes": [
						{
							"origin": [3.62648, 26.43796, -2.62798],
							"size": [0.74592, 0.375, 3.75],
							"pivot": [3.99944, 26.62546, -0.75298],
							"rotation": [0, 45, 0],
							"uv": {
								"north": {"uv": [53, 54], "uv_size": [0, 0]},
								"east": {"uv": [53, 54], "uv_size": [0, 0]},
								"south": {"uv": [53, 54], "uv_size": [0, 0]},
								"west": {"uv": [53, 54], "uv_size": [0, 0]},
								"up": {"uv": [53, 54], "uv_size": [0, 0]},
								"down": {"uv": [53, 54], "uv_size": [0, 0]}
							}
						},
						{
							"origin": [3.62648, 26.43796, -2.62798],
							"size": [0.74592, 0.375, 3.75],
							"pivot": [3.99944, 26.62546, -0.75298],
							"rotation": [0, 22.5, 0],
							"uv": {
								"north": {"uv": [53, 54], "uv_size": [0, 0]},
								"east": {"uv": [53, 54], "uv_size": [0, 0]},
								"south": {"uv": [53, 54], "uv_size": [0, 0]},
								"west": {"uv": [53, 54], "uv_size": [0, 0]},
								"up": {"uv": [53, 54], "uv_size": [0, 0]},
								"down": {"uv": [53, 54], "uv_size": [0, 0]}
							}
						},
						{
							"origin": [3.62648, 26.43796, -2.62798],
							"size": [0.74592, 0.375, 3.75],
							"uv": {
								"north": {"uv": [53, 54], "uv_size": [0, 0]},
								"east": {"uv": [53, 54], "uv_size": [0, 0]},
								"south": {"uv": [53, 54], "uv_size": [0, 0]},
								"west": {"uv": [53, 54], "uv_size": [0, 0]},
								"up": {"uv": [53, 54], "uv_size": [0, 0]},
								"down": {"uv": [53, 54], "uv_size": [0, 0]}
							}
						},
						{
							"origin": [3.81194, 24.37546, -2.62798],
							"size": [0.375, 2.25, 0.375],
							"pivot": [3.99944, 27.00046, -2.44048],
							"rotation": [20, 0, 0],
							"uv": {
								"north": {"uv": [40, 16], "uv_size": [-1, 0]},
								"east": {"uv": [40, 16], "uv_size": [-1, 0]},
								"south": {"uv": [40, 16], "uv_size": [-1, 0]},
								"west": {"uv": [40, 16], "uv_size": [-1, 0]},
								"up": {"uv": [39, 16], "uv_size": [1, 0]},
								"down": {"uv": [39, 16], "uv_size": [1, 0]}
							}
						},
						{
							"origin": [3.81194, 24.37546, 0.74702],
							"size": [0.375, 2.25, 0.375],
							"pivot": [3.99944, 27.00046, 0.93452],
							"rotation": [-20, 0, 0],
							"uv": {
								"north": {"uv": [39, 13], "uv_size": [1, 1]},
								"east": {"uv": [39, 13], "uv_size": [1, 1]},
								"south": {"uv": [39, 13], "uv_size": [1, 1]},
								"west": {"uv": [39, 13], "uv_size": [1, 1]},
								"up": {"uv": [40, 14], "uv_size": [-1, -1]},
								"down": {"uv": [40, 14], "uv_size": [-1, -1]}
							}
						},
						{
							"origin": [3.62648, 26.43796, -2.62798],
							"size": [0.74592, 0.375, 3.75],
							"pivot": [3.99944, 26.62546, -0.75298],
							"rotation": [0, -22.5, 0],
							"uv": {
								"north": {"uv": [53, 54], "uv_size": [0, 0]},
								"east": {"uv": [53, 54], "uv_size": [0, 0]},
								"south": {"uv": [53, 54], "uv_size": [0, 0]},
								"west": {"uv": [53, 54], "uv_size": [0, 0]},
								"up": {"uv": [53, 54], "uv_size": [0, 0]},
								"down": {"uv": [53, 54], "uv_size": [0, 0]}
							}
						},
						{
							"origin": [3.62648, 26.43796, -2.62798],
							"size": [0.74592, 0.375, 3.75],
							"pivot": [3.99944, 26.62546, -0.75298],
							"rotation": [0, -45, 0],
							"uv": {
								"north": {"uv": [53, 54], "uv_size": [0, 0]},
								"east": {"uv": [53, 54], "uv_size": [0, 0]},
								"south": {"uv": [53, 54], "uv_size": [0, 0]},
								"west": {"uv": [53, 54], "uv_size": [0, 0]},
								"up": {"uv": [53, 54], "uv_size": [0, 0]},
								"down": {"uv": [53, 54], "uv_size": [0, 0]}
							}
						},
						{
							"origin": [2.12444, 26.43796, -1.12594],
							"size": [3.75, 0.375, 0.74592],
							"pivot": [3.99944, 26.62546, -0.75298],
							"rotation": [0, 22.5, 0],
							"uv": {
								"north": {"uv": [53, 54], "uv_size": [0, 0]},
								"east": {"uv": [53, 54], "uv_size": [0, 0]},
								"south": {"uv": [53, 54], "uv_size": [0, 0]},
								"west": {"uv": [53, 54], "uv_size": [0, 0]},
								"up": {"uv": [53, 54], "uv_size": [0, 0]},
								"down": {"uv": [53, 54], "uv_size": [0, 0]}
							}
						},
						{
							"origin": [2.12444, 26.43796, -1.12594],
							"size": [3.75, 0.375, 0.74592],
							"uv": {
								"north": {"uv": [53, 54], "uv_size": [0, 0]},
								"east": {"uv": [53, 54], "uv_size": [0, 0]},
								"south": {"uv": [53, 54], "uv_size": [0, 0]},
								"west": {"uv": [53, 54], "uv_size": [0, 0]},
								"up": {"uv": [53, 54], "uv_size": [0, 0]},
								"down": {"uv": [53, 54], "uv_size": [0, 0]}
							}
						},
						{
							"origin": [1.97444, 26.85046, -2.62594],
							"size": [3.9, 0, 3.825],
							"uv": {
								"north": {"uv": [39, 46], "uv_size": [-2, -3]},
								"east": {"uv": [39, 46], "uv_size": [-2, -3]},
								"south": {"uv": [39, 46], "uv_size": [-2, -3]},
								"west": {"uv": [39, 46], "uv_size": [-2, -3]},
								"up": {"uv": [45, 46], "uv_size": [16, 16]},
								"down": {"uv": [37, 43], "uv_size": [2, 3]}
							}
						},
						{
							"origin": [5.49944, 24.37546, -0.94048],
							"size": [0.375, 2.25, 0.375],
							"pivot": [5.68694, 26.62546, -0.75298],
							"rotation": [0, 0, 22.5],
							"uv": {
								"north": {"uv": [40, 15], "uv_size": [-1, 0]},
								"east": {"uv": [40, 15], "uv_size": [-1, 0]},
								"south": {"uv": [40, 15], "uv_size": [-1, 0]},
								"west": {"uv": [40, 15], "uv_size": [-1, 0]},
								"up": {"uv": [39, 15], "uv_size": [1, 0]},
								"down": {"uv": [39, 15], "uv_size": [1, 0]}
							}
						},
						{
							"origin": [2.12444, 24.37546, -0.94048],
							"size": [0.375, 2.25, 0.375],
							"pivot": [2.31194, 26.62546, -0.75298],
							"rotation": [0, 0, -22.5],
							"uv": {
								"north": {"uv": [40, 14], "uv_size": [0, -1]},
								"east": {"uv": [40, 14], "uv_size": [0, -1]},
								"south": {"uv": [40, 14], "uv_size": [0, -1]},
								"west": {"uv": [40, 14], "uv_size": [0, -1]},
								"up": {"uv": [40, 13], "uv_size": [0, 1]},
								"down": {"uv": [40, 13], "uv_size": [0, 1]}
							}
						},
						{
							"origin": [2.12444, 26.43796, -1.12594],
							"size": [3.75, 0.375, 0.74592],
							"pivot": [3.99944, 26.62546, -0.75298],
							"rotation": [0, -22.5, 0],
							"uv": {
								"north": {"uv": [53, 54], "uv_size": [0, 0]},
								"east": {"uv": [53, 54], "uv_size": [0, 0]},
								"south": {"uv": [53, 54], "uv_size": [0, 0]},
								"west": {"uv": [53, 54], "uv_size": [0, 0]},
								"up": {"uv": [53, 54], "uv_size": [0, 0]},
								"down": {"uv": [53, 54], "uv_size": [0, 0]}
							}
						}
					]
				},
				{
					"name": "DrumKit10",
					"parent": "body",
					"pivot": [-4, 24, 0],
					"rotation": [90, 0, 0]
				},
				{
					"name": "Drumkit11",
					"parent": "DrumKit10",
					"pivot": [-2.5, 20.5, 0.5],
					"cubes": [
						{
							"origin": [-4.22322, 24.28171, -1.87798],
							"size": [0.44755, 0.3, 0.1875],
							"pivot": [-3.99944, 24.37546, -0.75298],
							"rotation": [0, -45, 0],
							"uv": {
								"north": {"uv": [39, 15], "uv_size": [1, 7]},
								"east": {"uv": [39, 15], "uv_size": [1, 7]},
								"south": {"uv": [39, 15], "uv_size": [1, 7]},
								"west": {"uv": [39, 15], "uv_size": [1, 7]},
								"up": {"uv": [40, 14], "uv_size": [-1, 1]},
								"down": {"uv": [39, 22], "uv_size": [0, -1]}
							}
						},
						{
							"origin": [-4.22322, 24.28171, -1.87798],
							"size": [0.44755, 0.3, 0.1875],
							"pivot": [-3.99944, 24.37546, -0.75298],
							"rotation": [0, -22.5, 0],
							"uv": {
								"north": {"uv": [39, 15], "uv_size": [1, 7]},
								"east": {"uv": [39, 15], "uv_size": [1, 7]},
								"south": {"uv": [39, 15], "uv_size": [1, 7]},
								"west": {"uv": [39, 15], "uv_size": [1, 7]},
								"up": {"uv": [40, 14], "uv_size": [-1, 1]},
								"down": {"uv": [39, 22], "uv_size": [0, -1]}
							}
						},
						{
							"origin": [-4.22322, 24.28171, -1.87798],
							"size": [0.44755, 0.3, 0.1875],
							"uv": {
								"north": {"uv": [39, 15], "uv_size": [1, 7]},
								"east": {"uv": [39, 15], "uv_size": [1, 7]},
								"south": {"uv": [39, 15], "uv_size": [1, 7]},
								"west": {"uv": [39, 15], "uv_size": [1, 7]},
								"up": {"uv": [40, 14], "uv_size": [-1, 1]},
								"down": {"uv": [39, 22], "uv_size": [0, -1]}
							}
						},
						{
							"origin": [-4.22322, 24.28171, -1.87798],
							"size": [0.44755, 0.3, 0.1875],
							"pivot": [-3.99944, 24.37546, -0.75298],
							"rotation": [0, 22.5, 0],
							"uv": {
								"north": {"uv": [39, 15], "uv_size": [1, 7]},
								"east": {"uv": [39, 15], "uv_size": [1, 7]},
								"south": {"uv": [39, 15], "uv_size": [1, 7]},
								"west": {"uv": [39, 15], "uv_size": [1, 7]},
								"up": {"uv": [40, 14], "uv_size": [-1, 1]},
								"down": {"uv": [39, 22], "uv_size": [0, -1]}
							}
						},
						{
							"origin": [-4.22322, 24.28171, -1.87798],
							"size": [0.44755, 0.3, 0.1875],
							"pivot": [-3.99944, 24.37546, -0.75298],
							"rotation": [0, 45, 0],
							"uv": {
								"north": {"uv": [39, 15], "uv_size": [1, 7]},
								"east": {"uv": [39, 15], "uv_size": [1, 7]},
								"south": {"uv": [39, 15], "uv_size": [1, 7]},
								"west": {"uv": [39, 15], "uv_size": [1, 7]},
								"up": {"uv": [40, 14], "uv_size": [-1, 1]},
								"down": {"uv": [39, 22], "uv_size": [0, -1]}
							}
						},
						{
							"origin": [-4.22322, 24.28171, 0.18452],
							"size": [0.44755, 0.3, 0.1875],
							"pivot": [-3.99944, 24.37546, -0.75298],
							"rotation": [0, -45, 0],
							"uv": {
								"north": {"uv": [39, 15], "uv_size": [1, 7]},
								"east": {"uv": [39, 15], "uv_size": [1, 7]},
								"south": {"uv": [39, 15], "uv_size": [1, 7]},
								"west": {"uv": [39, 15], "uv_size": [1, 7]},
								"up": {"uv": [40, 14], "uv_size": [-1, 1]},
								"down": {"uv": [39, 22], "uv_size": [0, -1]}
							}
						},
						{
							"origin": [-4.22322, 24.28171, 0.18452],
							"size": [0.44755, 0.3, 0.1875],
							"pivot": [-3.99944, 24.37546, -0.75298],
							"rotation": [0, -22.5, 0],
							"uv": {
								"north": {"uv": [39, 15], "uv_size": [1, 7]},
								"east": {"uv": [39, 15], "uv_size": [1, 7]},
								"south": {"uv": [39, 15], "uv_size": [1, 7]},
								"west": {"uv": [39, 15], "uv_size": [1, 7]},
								"up": {"uv": [40, 14], "uv_size": [-1, 1]},
								"down": {"uv": [39, 22], "uv_size": [0, -1]}
							}
						},
						{
							"origin": [-4.22322, 24.28171, 0.18452],
							"size": [0.44755, 0.3, 0.1875],
							"uv": {
								"north": {"uv": [39, 15], "uv_size": [1, 7]},
								"east": {"uv": [39, 15], "uv_size": [1, 7]},
								"south": {"uv": [39, 15], "uv_size": [1, 7]},
								"west": {"uv": [39, 15], "uv_size": [1, 7]},
								"up": {"uv": [40, 14], "uv_size": [-1, 1]},
								"down": {"uv": [39, 22], "uv_size": [0, -1]}
							}
						},
						{
							"origin": [-4.22322, 24.28171, 0.18452],
							"size": [0.44755, 0.3, 0.1875],
							"pivot": [-3.99944, 24.37546, -0.75298],
							"rotation": [0, 22.5, 0],
							"uv": {
								"north": {"uv": [39, 15], "uv_size": [1, 7]},
								"east": {"uv": [39, 15], "uv_size": [1, 7]},
								"south": {"uv": [39, 15], "uv_size": [1, 7]},
								"west": {"uv": [39, 15], "uv_size": [1, 7]},
								"up": {"uv": [40, 14], "uv_size": [-1, 1]},
								"down": {"uv": [39, 22], "uv_size": [0, -1]}
							}
						},
						{
							"origin": [-4.22322, 24.28171, 0.18452],
							"size": [0.44755, 0.3, 0.1875],
							"pivot": [-3.99944, 24.37546, -0.75298],
							"rotation": [0, 45, 0],
							"uv": {
								"north": {"uv": [39, 15], "uv_size": [1, 7]},
								"east": {"uv": [39, 15], "uv_size": [1, 7]},
								"south": {"uv": [39, 15], "uv_size": [1, 7]},
								"west": {"uv": [39, 15], "uv_size": [1, 7]},
								"up": {"uv": [40, 14], "uv_size": [-1, 1]},
								"down": {"uv": [39, 22], "uv_size": [0, -1]}
							}
						},
						{
							"origin": [-5.12444, 24.28171, -0.97676],
							"size": [0.1875, 0.3, 0.44755],
							"pivot": [-3.99944, 24.37546, -0.75298],
							"rotation": [0, -22.5, 0],
							"uv": {
								"north": {"uv": [39, 15], "uv_size": [1, 7]},
								"east": {"uv": [39, 15], "uv_size": [1, 7]},
								"south": {"uv": [39, 15], "uv_size": [1, 7]},
								"west": {"uv": [39, 15], "uv_size": [1, 7]},
								"up": {"uv": [40, 14], "uv_size": [-1, 1]},
								"down": {"uv": [39, 22], "uv_size": [0, -1]}
							}
						},
						{
							"origin": [-5.12444, 24.28171, -0.97676],
							"size": [0.1875, 0.3, 0.44755],
							"uv": {
								"north": {"uv": [39, 15], "uv_size": [1, 7]},
								"east": {"uv": [39, 15], "uv_size": [1, 7]},
								"south": {"uv": [39, 15], "uv_size": [1, 7]},
								"west": {"uv": [39, 15], "uv_size": [1, 7]},
								"up": {"uv": [40, 14], "uv_size": [-1, 1]},
								"down": {"uv": [39, 22], "uv_size": [0, -1]}
							}
						},
						{
							"origin": [-5.12444, 24.28171, -0.97676],
							"size": [0.1875, 0.3, 0.44755],
							"pivot": [-3.99944, 24.37546, -0.75298],
							"rotation": [0, 22.5, 0],
							"uv": {
								"north": {"uv": [39, 15], "uv_size": [1, 7]},
								"east": {"uv": [39, 15], "uv_size": [1, 7]},
								"south": {"uv": [39, 15], "uv_size": [1, 7]},
								"west": {"uv": [39, 15], "uv_size": [1, 7]},
								"up": {"uv": [40, 14], "uv_size": [-1, 1]},
								"down": {"uv": [39, 22], "uv_size": [0, -1]}
							}
						},
						{
							"origin": [-3.06194, 24.28171, -0.97676],
							"size": [0.1875, 0.3, 0.44755],
							"pivot": [-3.99944, 24.37546, -0.75298],
							"rotation": [0, -22.5, 0],
							"uv": {
								"north": {"uv": [39, 15], "uv_size": [1, 7]},
								"east": {"uv": [39, 15], "uv_size": [1, 7]},
								"south": {"uv": [39, 15], "uv_size": [1, 7]},
								"west": {"uv": [39, 15], "uv_size": [1, 7]},
								"up": {"uv": [40, 14], "uv_size": [-1, 1]},
								"down": {"uv": [39, 22], "uv_size": [0, -1]}
							}
						},
						{
							"origin": [-3.06194, 24.28171, -0.97676],
							"size": [0.1875, 0.3, 0.44755],
							"uv": {
								"north": {"uv": [39, 15], "uv_size": [1, 7]},
								"east": {"uv": [39, 15], "uv_size": [1, 7]},
								"south": {"uv": [39, 15], "uv_size": [1, 7]},
								"west": {"uv": [39, 15], "uv_size": [1, 7]},
								"up": {"uv": [40, 14], "uv_size": [-1, 1]},
								"down": {"uv": [39, 22], "uv_size": [0, -1]}
							}
						},
						{
							"origin": [-3.06194, 24.28171, -0.97676],
							"size": [0.1875, 0.3, 0.44755],
							"pivot": [-3.99944, 24.37546, -0.75298],
							"rotation": [0, 22.5, 0],
							"uv": {
								"north": {"uv": [39, 15], "uv_size": [1, 7]},
								"east": {"uv": [39, 15], "uv_size": [1, 7]},
								"south": {"uv": [39, 15], "uv_size": [1, 7]},
								"west": {"uv": [39, 15], "uv_size": [1, 7]},
								"up": {"uv": [40, 14], "uv_size": [-1, 1]},
								"down": {"uv": [39, 22], "uv_size": [0, -1]}
							}
						}
					]
				},
				{
					"name": "Drumkit12",
					"parent": "DrumKit10",
					"pivot": [-2.5, 21.25, 0.5],
					"cubes": [
						{
							"origin": [-4.15609, 24.40921, -1.54048],
							"size": [0.31329, 1.4325, 1.575],
							"pivot": [-3.99944, 25.23796, -0.75298],
							"rotation": [0, -45, 0],
							"uv": {
								"north": {"uv": [48, 54], "uv_size": [0, 2]},
								"east": {"uv": [48, 54], "uv_size": [0, 2]},
								"south": {"uv": [48, 54], "uv_size": [0, 2]},
								"west": {"uv": [48, 54], "uv_size": [0, 2]},
								"up": {"uv": [48, 56], "uv_size": [0, -2]},
								"down": {"uv": [48, 56], "uv_size": [0, 0]}
							}
						},
						{
							"origin": [-4.15609, 24.40921, -1.54048],
							"size": [0.31329, 1.4325, 1.575],
							"pivot": [-3.99944, 25.23796, -0.75298],
							"rotation": [0, -22.5, 0],
							"uv": {
								"north": {"uv": [48, 54], "uv_size": [0, 2]},
								"east": {"uv": [48, 54], "uv_size": [0, 2]},
								"south": {"uv": [48, 54], "uv_size": [0, 2]},
								"west": {"uv": [48, 54], "uv_size": [0, 2]},
								"up": {"uv": [48, 56], "uv_size": [0, -2]},
								"down": {"uv": [48, 56], "uv_size": [0, 0]}
							}
						},
						{
							"origin": [-4.15609, 24.40921, -1.54048],
							"size": [0.31329, 1.4325, 1.575],
							"uv": {
								"north": {"uv": [48, 54], "uv_size": [0, 2]},
								"east": {"uv": [48, 54], "uv_size": [0, 2]},
								"south": {"uv": [48, 54], "uv_size": [0, 2]},
								"west": {"uv": [48, 54], "uv_size": [0, 2]},
								"up": {"uv": [48, 56], "uv_size": [0, -2]},
								"down": {"uv": [48, 56], "uv_size": [0, 0]}
							}
						},
						{
							"origin": [-4.15609, 24.40921, -1.54048],
							"size": [0.31329, 1.4325, 1.575],
							"pivot": [-3.99944, 25.23796, -0.75298],
							"rotation": [0, 22.5, 0],
							"uv": {
								"north": {"uv": [48, 54], "uv_size": [0, 2]},
								"east": {"uv": [48, 54], "uv_size": [0, 2]},
								"south": {"uv": [48, 54], "uv_size": [0, 2]},
								"west": {"uv": [48, 54], "uv_size": [0, 2]},
								"up": {"uv": [48, 56], "uv_size": [0, -2]},
								"down": {"uv": [48, 56], "uv_size": [0, 0]}
							}
						},
						{
							"origin": [-4.15609, 24.40921, -1.54048],
							"size": [0.31329, 1.4325, 1.575],
							"pivot": [-3.99944, 25.23796, -0.75298],
							"rotation": [0, 45, 0],
							"uv": {
								"north": {"uv": [48, 54], "uv_size": [0, 2]},
								"east": {"uv": [48, 54], "uv_size": [0, 2]},
								"south": {"uv": [48, 54], "uv_size": [0, 2]},
								"west": {"uv": [48, 54], "uv_size": [0, 2]},
								"up": {"uv": [48, 56], "uv_size": [0, -2]},
								"down": {"uv": [48, 56], "uv_size": [0, 0]}
							}
						},
						{
							"origin": [-4.78694, 24.40921, -0.90962],
							"size": [1.575, 1.4325, 0.31329],
							"pivot": [-3.99944, 25.23796, -0.75298],
							"rotation": [0, -22.5, 0],
							"uv": {
								"north": {"uv": [48, 54], "uv_size": [0, 2]},
								"east": {"uv": [48, 54], "uv_size": [0, 2]},
								"south": {"uv": [48, 54], "uv_size": [0, 2]},
								"west": {"uv": [48, 54], "uv_size": [0, 2]},
								"up": {"uv": [48, 56], "uv_size": [0, -2]},
								"down": {"uv": [48, 56], "uv_size": [0, 0]}
							}
						},
						{
							"origin": [-4.78694, 24.40921, -0.90962],
							"size": [1.575, 1.4325, 0.31329],
							"uv": {
								"north": {"uv": [48, 54], "uv_size": [0, 2]},
								"east": {"uv": [48, 54], "uv_size": [0, 2]},
								"south": {"uv": [48, 54], "uv_size": [0, 2]},
								"west": {"uv": [48, 54], "uv_size": [0, 2]},
								"up": {"uv": [48, 56], "uv_size": [0, -2]},
								"down": {"uv": [48, 56], "uv_size": [0, 0]}
							}
						},
						{
							"origin": [-4.78694, 24.40921, -0.90962],
							"size": [1.575, 1.4325, 0.31329],
							"pivot": [-3.99944, 25.23796, -0.75298],
							"rotation": [0, 22.5, 0],
							"uv": {
								"north": {"uv": [48, 54], "uv_size": [0, 2]},
								"east": {"uv": [48, 54], "uv_size": [0, 2]},
								"south": {"uv": [48, 54], "uv_size": [0, 2]},
								"west": {"uv": [48, 54], "uv_size": [0, 2]},
								"up": {"uv": [48, 56], "uv_size": [0, -2]},
								"down": {"uv": [48, 56], "uv_size": [0, 0]}
							}
						}
					]
				},
				{
					"name": "Drumkit13",
					"parent": "DrumKit10",
					"pivot": [-2.5, 22, 0.5],
					"cubes": [
						{
							"origin": [-4.22322, 25.76296, -1.87798],
							"size": [0.44755, 0.975, 2.25],
							"pivot": [-3.99944, 25.87546, -0.75298],
							"rotation": [0, -45, 0],
							"uv": {
								"north": {"uv": [52, 52], "uv_size": [0, 5]},
								"east": {"uv": [52, 52], "uv_size": [0, 5]},
								"south": {"uv": [52, 52], "uv_size": [0, 5]},
								"west": {"uv": [52, 52], "uv_size": [0, 5]},
								"up": {"uv": [52, 57], "uv_size": [0, -5]},
								"down": {"uv": [52, 57], "uv_size": [0, -5]}
							}
						},
						{
							"origin": [-4.22322, 25.76296, -1.87798],
							"size": [0.44755, 0.975, 2.25],
							"pivot": [-3.99944, 25.87546, -0.75298],
							"rotation": [0, -22.5, 0],
							"uv": {
								"north": {"uv": [52, 52], "uv_size": [0, 5]},
								"east": {"uv": [52, 52], "uv_size": [0, 5]},
								"south": {"uv": [52, 52], "uv_size": [0, 5]},
								"west": {"uv": [52, 52], "uv_size": [0, 5]},
								"up": {"uv": [52, 57], "uv_size": [0, -5]},
								"down": {"uv": [52, 57], "uv_size": [0, -5]}
							}
						},
						{
							"origin": [-4.22322, 25.76296, -1.87798],
							"size": [0.44755, 0.975, 2.25],
							"uv": {
								"north": {"uv": [52, 52], "uv_size": [0, 5]},
								"east": {"uv": [52, 52], "uv_size": [0, 5]},
								"south": {"uv": [52, 52], "uv_size": [0, 5]},
								"west": {"uv": [52, 52], "uv_size": [0, 5]},
								"up": {"uv": [52, 57], "uv_size": [0, -5]},
								"down": {"uv": [52, 57], "uv_size": [0, -5]}
							}
						},
						{
							"origin": [-4.22322, 25.76296, -1.87798],
							"size": [0.44755, 0.975, 2.25],
							"pivot": [-3.99944, 25.87546, -0.75298],
							"rotation": [0, 22.5, 0],
							"uv": {
								"north": {"uv": [52, 52], "uv_size": [0, 5]},
								"east": {"uv": [52, 52], "uv_size": [0, 5]},
								"south": {"uv": [52, 52], "uv_size": [0, 5]},
								"west": {"uv": [52, 52], "uv_size": [0, 5]},
								"up": {"uv": [52, 57], "uv_size": [0, -5]},
								"down": {"uv": [52, 57], "uv_size": [0, -5]}
							}
						},
						{
							"origin": [-4.22322, 25.76296, -1.87798],
							"size": [0.44755, 0.975, 2.25],
							"pivot": [-3.99944, 25.87546, -0.75298],
							"rotation": [0, 45, 0],
							"uv": {
								"north": {"uv": [52, 52], "uv_size": [0, 5]},
								"east": {"uv": [52, 52], "uv_size": [0, 5]},
								"south": {"uv": [52, 52], "uv_size": [0, 5]},
								"west": {"uv": [52, 52], "uv_size": [0, 5]},
								"up": {"uv": [52, 57], "uv_size": [0, -5]},
								"down": {"uv": [52, 57], "uv_size": [0, -5]}
							}
						},
						{
							"origin": [-5.12444, 25.76296, -0.97676],
							"size": [2.25, 0.975, 0.44755],
							"pivot": [-3.99944, 25.87546, -0.75298],
							"rotation": [0, -22.5, 0],
							"uv": {
								"north": {"uv": [52, 52], "uv_size": [0, 5]},
								"east": {"uv": [52, 52], "uv_size": [0, 5]},
								"south": {"uv": [52, 52], "uv_size": [0, 5]},
								"west": {"uv": [52, 52], "uv_size": [0, 5]},
								"up": {"uv": [52, 57], "uv_size": [0, -5]},
								"down": {"uv": [52, 57], "uv_size": [0, -5]}
							}
						},
						{
							"origin": [-5.12444, 25.76296, -0.97676],
							"size": [2.25, 0.975, 0.44755],
							"uv": {
								"north": {"uv": [52, 52], "uv_size": [0, 5]},
								"east": {"uv": [52, 52], "uv_size": [0, 5]},
								"south": {"uv": [52, 52], "uv_size": [0, 5]},
								"west": {"uv": [52, 52], "uv_size": [0, 5]},
								"up": {"uv": [52, 57], "uv_size": [0, -5]},
								"down": {"uv": [52, 57], "uv_size": [0, -5]}
							}
						},
						{
							"origin": [-5.12444, 25.76296, -0.97676],
							"size": [2.25, 0.975, 0.44755],
							"pivot": [-3.99944, 25.87546, -0.75298],
							"rotation": [0, 22.5, 0],
							"uv": {
								"north": {"uv": [52, 52], "uv_size": [0, 5]},
								"east": {"uv": [52, 52], "uv_size": [0, 5]},
								"south": {"uv": [52, 52], "uv_size": [0, 5]},
								"west": {"uv": [52, 52], "uv_size": [0, 5]},
								"up": {"uv": [52, 57], "uv_size": [0, -5]},
								"down": {"uv": [52, 57], "uv_size": [0, -5]}
							}
						}
					]
				},
				{
					"name": "Drumkit14",
					"parent": "DrumKit10",
					"pivot": [-2.5, 22.75, 0.5],
					"cubes": [
						{
							"origin": [-4.37241, 26.43796, -2.62798],
							"size": [0.74592, 0.375, 3.75],
							"pivot": [-3.99944, 26.62546, -0.75298],
							"rotation": [0, -45, 0],
							"uv": {
								"north": {"uv": [53, 54], "uv_size": [0, 0]},
								"east": {"uv": [53, 54], "uv_size": [0, 0]},
								"south": {"uv": [53, 54], "uv_size": [0, 0]},
								"west": {"uv": [53, 54], "uv_size": [0, 0]},
								"up": {"uv": [53, 54], "uv_size": [0, 0]},
								"down": {"uv": [53, 54], "uv_size": [0, 0]}
							}
						},
						{
							"origin": [-4.37241, 26.43796, -2.62798],
							"size": [0.74592, 0.375, 3.75],
							"pivot": [-3.99944, 26.62546, -0.75298],
							"rotation": [0, -22.5, 0],
							"uv": {
								"north": {"uv": [53, 54], "uv_size": [0, 0]},
								"east": {"uv": [53, 54], "uv_size": [0, 0]},
								"south": {"uv": [53, 54], "uv_size": [0, 0]},
								"west": {"uv": [53, 54], "uv_size": [0, 0]},
								"up": {"uv": [53, 54], "uv_size": [0, 0]},
								"down": {"uv": [53, 54], "uv_size": [0, 0]}
							}
						},
						{
							"origin": [-4.37241, 26.43796, -2.62798],
							"size": [0.74592, 0.375, 3.75],
							"uv": {
								"north": {"uv": [53, 54], "uv_size": [0, 0]},
								"east": {"uv": [53, 54], "uv_size": [0, 0]},
								"south": {"uv": [53, 54], "uv_size": [0, 0]},
								"west": {"uv": [53, 54], "uv_size": [0, 0]},
								"up": {"uv": [53, 54], "uv_size": [0, 0]},
								"down": {"uv": [53, 54], "uv_size": [0, 0]}
							}
						},
						{
							"origin": [-4.18694, 24.37546, -2.62798],
							"size": [0.375, 2.25, 0.375],
							"pivot": [-3.99944, 27.00046, -2.44048],
							"rotation": [20, 0, 0],
							"uv": {
								"north": {"uv": [39, 16], "uv_size": [1, 0]},
								"east": {"uv": [39, 16], "uv_size": [1, 0]},
								"south": {"uv": [39, 16], "uv_size": [1, 0]},
								"west": {"uv": [39, 16], "uv_size": [1, 0]},
								"up": {"uv": [40, 16], "uv_size": [-1, 0]},
								"down": {"uv": [40, 16], "uv_size": [-1, 0]}
							}
						},
						{
							"origin": [-4.18694, 24.37546, 0.74702],
							"size": [0.375, 2.25, 0.375],
							"pivot": [-3.99944, 27.00046, 0.93452],
							"rotation": [-20, 0, 0],
							"uv": {
								"north": {"uv": [40, 13], "uv_size": [-1, 1]},
								"east": {"uv": [40, 13], "uv_size": [-1, 1]},
								"south": {"uv": [40, 13], "uv_size": [-1, 1]},
								"west": {"uv": [40, 13], "uv_size": [-1, 1]},
								"up": {"uv": [39, 14], "uv_size": [1, -1]},
								"down": {"uv": [39, 14], "uv_size": [1, -1]}
							}
						},
						{
							"origin": [-4.37241, 26.43796, -2.62798],
							"size": [0.74592, 0.375, 3.75],
							"pivot": [-3.99944, 26.62546, -0.75298],
							"rotation": [0, 22.5, 0],
							"uv": {
								"north": {"uv": [53, 54], "uv_size": [0, 0]},
								"east": {"uv": [53, 54], "uv_size": [0, 0]},
								"south": {"uv": [53, 54], "uv_size": [0, 0]},
								"west": {"uv": [53, 54], "uv_size": [0, 0]},
								"up": {"uv": [53, 54], "uv_size": [0, 0]},
								"down": {"uv": [53, 54], "uv_size": [0, 0]}
							}
						},
						{
							"origin": [-4.37241, 26.43796, -2.62798],
							"size": [0.74592, 0.375, 3.75],
							"pivot": [-3.99944, 26.62546, -0.75298],
							"rotation": [0, 45, 0],
							"uv": {
								"north": {"uv": [53, 54], "uv_size": [0, 0]},
								"east": {"uv": [53, 54], "uv_size": [0, 0]},
								"south": {"uv": [53, 54], "uv_size": [0, 0]},
								"west": {"uv": [53, 54], "uv_size": [0, 0]},
								"up": {"uv": [53, 54], "uv_size": [0, 0]},
								"down": {"uv": [53, 54], "uv_size": [0, 0]}
							}
						},
						{
							"origin": [-5.87444, 26.43796, -1.12594],
							"size": [3.75, 0.375, 0.74592],
							"pivot": [-3.99944, 26.62546, -0.75298],
							"rotation": [0, -22.5, 0],
							"uv": {
								"north": {"uv": [53, 54], "uv_size": [0, 0]},
								"east": {"uv": [53, 54], "uv_size": [0, 0]},
								"south": {"uv": [53, 54], "uv_size": [0, 0]},
								"west": {"uv": [53, 54], "uv_size": [0, 0]},
								"up": {"uv": [53, 54], "uv_size": [0, 0]},
								"down": {"uv": [53, 54], "uv_size": [0, 0]}
							}
						},
						{
							"origin": [-5.87444, 26.43796, -1.12594],
							"size": [3.75, 0.375, 0.74592],
							"uv": {
								"north": {"uv": [53, 54], "uv_size": [0, 0]},
								"east": {"uv": [53, 54], "uv_size": [0, 0]},
								"south": {"uv": [53, 54], "uv_size": [0, 0]},
								"west": {"uv": [53, 54], "uv_size": [0, 0]},
								"up": {"uv": [53, 54], "uv_size": [0, 0]},
								"down": {"uv": [53, 54], "uv_size": [0, 0]}
							}
						},
						{
							"origin": [-5.87444, 26.85046, -2.62594],
							"size": [3.9, 0, 3.825],
							"uv": {
								"north": {"uv": [37, 46], "uv_size": [2, -3]},
								"east": {"uv": [37, 46], "uv_size": [2, -3]},
								"south": {"uv": [37, 46], "uv_size": [2, -3]},
								"west": {"uv": [37, 46], "uv_size": [2, -3]},
								"up": {"uv": [61, 46], "uv_size": [-16, 16]},
								"down": {"uv": [39, 43], "uv_size": [-2, 3]}
							}
						},
						{
							"origin": [-5.87444, 24.37546, -0.94048],
							"size": [0.375, 2.25, 0.375],
							"pivot": [-5.68694, 26.62546, -0.75298],
							"rotation": [0, 0, -22.5],
							"uv": {
								"north": {"uv": [39, 15], "uv_size": [1, 0]},
								"east": {"uv": [39, 15], "uv_size": [1, 0]},
								"south": {"uv": [39, 15], "uv_size": [1, 0]},
								"west": {"uv": [39, 15], "uv_size": [1, 0]},
								"up": {"uv": [40, 15], "uv_size": [-1, 0]},
								"down": {"uv": [40, 15], "uv_size": [-1, 0]}
							}
						},
						{
							"origin": [-2.49944, 24.37546, -0.94048],
							"size": [0.375, 2.25, 0.375],
							"pivot": [-2.31194, 26.62546, -0.75298],
							"rotation": [0, 0, 22.5],
							"uv": {
								"north": {"uv": [40, 14], "uv_size": [0, -1]},
								"east": {"uv": [40, 14], "uv_size": [0, -1]},
								"south": {"uv": [40, 14], "uv_size": [0, -1]},
								"west": {"uv": [40, 14], "uv_size": [0, -1]},
								"up": {"uv": [40, 13], "uv_size": [0, 1]},
								"down": {"uv": [40, 13], "uv_size": [0, 1]}
							}
						},
						{
							"origin": [-5.87444, 26.43796, -1.12594],
							"size": [3.75, 0.375, 0.74592],
							"pivot": [-3.99944, 26.62546, -0.75298],
							"rotation": [0, 22.5, 0],
							"uv": {
								"north": {"uv": [53, 54], "uv_size": [0, 0]},
								"east": {"uv": [53, 54], "uv_size": [0, 0]},
								"south": {"uv": [53, 54], "uv_size": [0, 0]},
								"west": {"uv": [53, 54], "uv_size": [0, 0]},
								"up": {"uv": [53, 54], "uv_size": [0, 0]},
								"down": {"uv": [53, 54], "uv_size": [0, 0]}
							}
						}
					]
				}
			]
		}
	]
}
