{
	"format_version": "1.12.0",
	"minecraft:geometry": [
		{
			"description": {
				"identifier": "geometry.flame_dragon",
				"texture_width": 272,
				"texture_height": 272,
				"visible_bounds_width": 10,
				"visible_bounds_height": 3.5,
				"visible_bounds_offset": [0, 1.25, 0]
			},
			"bones": [
				{
					"name": "body",
					"pivot": [0, 0, 0],
					"cubes": [
						{"origin": [-13, 0, -18], "size": [26, 26, 45], "uv": [0, 0]},
						{"origin": [-8, 3, -34], "size": [17, 8, 19], "pivot": [0, 0, 0], "rotation": [10, 0, 0], "uv": [183, 78]},
						{"origin": [-8, 13, -33], "size": [17, 8, 19], "pivot": [0, 0, 0], "rotation": [10, 0, 0], "uv": [183, 36]},
						{"origin": [-8, 23, -14], "size": [17, 8, 19], "pivot": [0, 0, 0], "rotation": [40, 0, 0], "uv": [144, 177]},
						{"origin": [-5, 3, -37], "size": [11, 9, 14], "pivot": [0, 0, 0], "rotation": [10, 0, 0], "uv": [43, 170]},
						{"origin": [-5, 13, -37], "size": [11, 7, 14], "pivot": [0, 0, 0], "rotation": [10, 0, 0], "uv": [197, 169]},
						{"origin": [-10, 3, -27], "size": [21, 7, 12], "pivot": [0, 0, 0], "rotation": [10, 0, 0], "uv": [192, 0]},
						{"origin": [-10, 8, -29], "size": [21, 7, 12], "pivot": [0, 0, 0], "rotation": [-2.5, 0, 0], "uv": [168, 150]},
						{"origin": [-13, 26, 26], "size": [26, 0, 44], "uv": [0, 71]},
						{"origin": [-13, 21, 26], "size": [26, 0, 44], "pivot": [0, 0, 0], "rotation": [10, 0, 0], "uv": [0, 71]},
						{"origin": [-13, 2, 26], "size": [26, 0, 44], "uv": [0, 71]},
						{"origin": [8, 0, 24], "size": [0, 26, 38], "pivot": [0, 0, 0], "rotation": [0, 10, 0], "uv": [76, 106]},
						{"origin": [-8, 0, 24], "size": [0, 26, 38], "pivot": [0, 0, 0], "rotation": [0, -10, 0], "uv": [0, 106]},
						{"origin": [14, 0, 24], "size": [0, 26, 38], "pivot": [0, 0, 0], "rotation": [0, -10, 0], "uv": [76, 80]},
						{"origin": [-14, 0, 24], "size": [0, 26, 38], "pivot": [0, 0, 0], "rotation": [0, 10, 0], "uv": [0, 80]},
						{"origin": [4, 39, -13], "size": [7, 7, 29], "pivot": [7.5, 29.5, 40.5], "rotation": [17.5, 0, 0], "uv": [72, 170]},
						{"origin": [-11, 39, -13], "size": [7, 7, 29], "pivot": [-7.5, 29.5, 40.5], "rotation": [17.5, 0, 0], "uv": [0, 170]},
						{"origin": [-11, 41, -13], "size": [7, 7, 29], "pivot": [-7.5, 29.5, 40.5], "rotation": [20.15255, 14.0147, -58.10888], "uv": [168, 114]},
						{"origin": [4, 41, -13], "size": [7, 7, 29], "pivot": [7.5, 29.5, 40.5], "rotation": [20.15255, -14.0147, 58.10888], "uv": [149, 0]},
						{"origin": [6, 38, -13], "size": [7, 7, 29], "pivot": [7.5, 29.5, 40.5], "rotation": [10.4747, -22.13925, 88.55659], "uv": [140, 78]},
						{"origin": [-13, 38, -13], "size": [7, 7, 29], "pivot": [-7.5, 29.5, 40.5], "rotation": [10.4747, 22.13925, -88.55659], "uv": [140, 42]},
						{"origin": [-4, 38, -10], "size": [8, 7, 34], "pivot": [7.5, 29.5, 40.5], "rotation": [17.5, 0, 0], "uv": [118, 136]}
					]
				}
			]
		}
	]
}
