{
	"format_version": "1.12.0",
	"minecraft:geometry": [
		{
			"description": {
				"identifier": "geometry.flying_blood",
				"texture_width": 32,
				"texture_height": 32,
				"visible_bounds_width": 2,
				"visible_bounds_height": 3,
				"visible_bounds_offset": [0, 0.5, 0]
			},
			"bones": [
				{
					"name": "body",
					"pivot": [0, 0, 4],
					"cubes": [
						{"origin": [-1.05, -1.75959, 4.21616], "size": [1.1, 2.2, 2.2], "pivot": [-0.5, -14.95959, 8.06616], "rotation": [32.5, 0, 0], "uv": [20, 5]},
						{"origin": [-1.05, -1.17942, -3.41724], "size": [1.1, 5.5, 2.2], "uv": [16, 0]},
						{"origin": [-1.05, -4.27058, -3.41724], "size": [1.1, 4.4, 2.2], "uv": [16, 16]},
						{"origin": [-1.05, -0.44041, 4.21616], "size": [1.1, 2.2, 2.2], "pivot": [-0.5, 14.95959, 8.06616], "rotation": [-32.5, 0, 0], "uv": [20, 9]},
						{"origin": [-1.05, -6.88076, 2.60477], "size": [1.1, 6.6, 1.1], "pivot": [-0.5, -9.08076, 6.45477], "rotation": [45, 0, 0], "uv": [8, 17]},
						{"origin": [-1.05, -7.29749, 4.92678], "size": [1.1, 0.9, 1.1], "pivot": [-0.5, -9.69749, 5.47678], "rotation": [90, 0, 0], "uv": [2, 0]},
						{"origin": [-1.05, 6.39749, 4.92678], "size": [1.1, 0.9, 1.1], "pivot": [-0.5, 9.69749, 5.47678], "rotation": [-90, 0, 0], "uv": [6, 0]},
						{"origin": [-1, -6, -2], "size": [1, 12, 1], "uv": [12, 15]},
						{"origin": [-1, -7, -1], "size": [1, 14, 1], "uv": [12, 0]},
						{"origin": [-1, -8, 0], "size": [1, 16, 1], "uv": [8, 0]},
						{"origin": [-1.05, 0.28076, 2.60477], "size": [1.1, 6.6, 1.1], "pivot": [-0.5, 9.08076, 6.45477], "rotation": [-45, 0, 0], "uv": [4, 19]},
						{"origin": [-1, -4, -3], "size": [1, 8, 1], "uv": [16, 7]},
						{"origin": [-1.05, -10, 1.95], "size": [1.1, 20, 1.1], "uv": [0, 0]},
						{"origin": [-1, -9, 1], "size": [1, 18, 1], "uv": [4, 0]}
					]
				}
			]
		}
	]
}
