{
	"format_version": "1.12.0",
	"minecraft:geometry": [
		{
			"description": {
				"identifier": "geometry.headsoff",
				"texture_width": 256,
				"texture_height": 256,
				"visible_bounds_width": 2,
				"visible_bounds_height": 3.5,
				"visible_bounds_offset": [0, 1.25, 0]
			},
			"bones": [
				{
					"name": "head",
					"pivot": [0, 0, 0],
					"cubes": [
						{
							"origin": [-4, 0, -4],
							"size": [8, 8, 8],
							"uv": {
								"north": {"uv": [31, 65], "uv_size": [34, 63]},
								"east": {"uv": [1, 65], "uv_size": [30, 63]},
								"south": {"uv": [96, 65], "uv_size": [31, 63]},
								"west": {"uv": [65, 65], "uv_size": [30, 63]},
								"up": {"uv": [33, 32], "uv_size": [30, 32]},
								"down": {"uv": [64, 64], "uv_size": [32, -32]}
							}
						},
						{
							"origin": [-4, 0, -4.1],
							"size": [8, 8, 0],
							"uv": {
								"north": {"uv": [159, 64], "uv_size": [34, 63]},
								"east": {"uv": [222, 0], "uv_size": [34, 63]},
								"south": {"uv": [222, 0], "uv_size": [34, 63]},
								"west": {"uv": [222, 0], "uv_size": [34, 63]},
								"up": {"uv": [256, 63], "uv_size": [-34, -63]},
								"down": {"uv": [256, 63], "uv_size": [-34, -63]}
							}
						}
					]
				}
			]
		}
	]
}
