{
	"format_version": "1.10.0",
	"geometry.icekid": {
		"texturewidth": 64,
		"textureheight": 64,
		"visible_bounds_width": 3,
		"visible_bounds_height": 3,
		"visible_bounds_offset": [0, 1.5, 0],
		"bones": [
			{
				"name": "root",
				"pivot": [0, 0, 0]
			},
			{
				"name": "waist",
				"parent": "root",
				"pivot": [0, 6, 0]
			},
			{
				"name": "body",
				"parent": "waist",
				"pivot": [0, 12, 0],
				"cubes": [
					{"origin": [-2, 6, -1], "size": [4, 6, 2], "uv": [16, 16]}
				]
			},
			{
				"name": "head",
				"parent": "body",
				"pivot": [0, 12, 0],
				"cubes": [
					{"origin": [-3, 12, -3], "size": [6, 6, 6], "uv": [0, 0]}
				]
			},
			{
				"name": "hat",
				"parent": "head",
				"pivot": [0, 18, 0],
				"cubes": [
					{"origin": [-2.875, 12.125, -2.875], "size": [5.75, 5.75, 5.75], "uv": [32, 0], "inflate": 0.5}
				]
			},
			{
				"name": "cape",
				"parent": "body",
				"pivot": [0, 12, 1.5]
			},
			{
				"name": "leftArm",
				"parent": "body",
				"pivot": [2.5, 11, 0],
				"cubes": [
					{"origin": [2, 6, -1], "size": [2, 6, 2], "uv": [32, 48]}
				]
			},
			{
				"name": "leftSleeve",
				"parent": "leftArm",
				"pivot": [2.5, 11, 0],
				"cubes": [
					{"origin": [2.125, 6.125, -0.875], "size": [1.75, 5.75, 1.75], "uv": [48, 48], "inflate": 0.25}
				]
			},
			{
				"name": "leftItem",
				"parent": "leftArm",
				"pivot": [3, 7.5, 0.5]
			},
			{
				"name": "rightArm",
				"parent": "body",
				"pivot": [-2.5, 11, 0],
				"cubes": [
					{"origin": [-4, 6, -1], "size": [2, 6, 2], "uv": [40, 16]}
				]
			},
			{
				"name": "rightSleeve",
				"parent": "rightArm",
				"pivot": [-2.5, 11, 0],
				"cubes": [
					{"origin": [-3.875, 6.125, -0.875], "size": [1.75, 5.75, 1.75], "uv": [40, 32], "inflate": 0.25}
				]
			},
			{
				"name": "rightItem",
				"parent": "rightArm",
				"pivot": [-3, 7.5, 0.5],
				"locators": {
					"lead_hold": [-3, 7.5, 0.5]
				}
			},
			{
				"name": "jacket",
				"parent": "body",
				"pivot": [0, 12, 0],
				"cubes": [
					{"origin": [-1.875, 6.125, -0.875], "size": [3.75, 5.75, 1.75], "uv": [16, 32], "inflate": 0.25}
				]
			},
			{
				"name": "leftLeg",
				"parent": "root",
				"pivot": [0.95, 6, 0],
				"cubes": [
					{"origin": [-0.05, 0, -1], "size": [2, 6, 2], "uv": [16, 48]}
				]
			},
			{
				"name": "leftPants",
				"parent": "leftLeg",
				"pivot": [0.95, 6, 0],
				"cubes": [
					{"origin": [0.075, 0.125, -0.875], "size": [1.75, 5.75, 1.75], "uv": [0, 48], "inflate": 0.25}
				]
			},
			{
				"name": "rightLeg",
				"parent": "root",
				"pivot": [-0.95, 6, 0],
				"cubes": [
					{"origin": [-1.95, 0, -1], "size": [2, 6, 2], "uv": [0, 16]}
				]
			},
			{
				"name": "rightPants",
				"parent": "rightLeg",
				"pivot": [-0.95, 6, 0],
				"cubes": [
					{"origin": [-1.825, 0.125, -0.875], "size": [1.75, 5.75, 1.75], "uv": [0, 32], "inflate": 0.25}
				]
			}
		]
	}
}
