{
	"format_version": "1.12.0",
	"minecraft:geometry": [
		{
			"description": {
				"identifier": "geometry.mask",
				"texture_width": 128,
				"texture_height": 64,
				"visible_bounds_width": 3,
				"visible_bounds_height": 4.5,
				"visible_bounds_offset": [0, 0.75, 0]
			},
			"bones": [
				{
					"name": "root",
					"pivot": [0, 0, 0]
				},
				{
					"name": "waist",
					"parent": "root",
					"pivot": [0, 12, 0]
				},
				{
					"name": "body",
					"parent": "waist",
					"pivot": [0, 24, 0]
				},
				{
					"name": "head",
					"parent": "body",
					"pivot": [0, 24, 0],
					"cubes": [
						{
							"origin": [-4, 23, -4],
							"size": [8, 9, 8],
							"inflate": 0.05,
							"uv": {
								"north": {"uv": [32, 31], "uv_size": [32, 32]},
								"east": {"uv": [128, 30], "uv_size": [-62, 34]},
								"south": {"uv": [0, 30], "uv_size": [30, 34]},
								"west": {"uv": [128, 30], "uv_size": [-62, 34]},
								"up": {"uv": [2, 0], "uv_size": [-2, 0]},
								"down": {"uv": [2, 0], "uv_size": [-2, 0]}
							}
						}
					]
				}
			]
		}
	]
}