{
	"format_version": "1.12.0",
	"minecraft:geometry": [
		{
			"description": {
				"identifier": "geometry.rui_spider",
				"texture_width": 64,
				"texture_height": 64,
				"visible_bounds_width": 4,
				"visible_bounds_height": 2,
				"visible_bounds_offset": [0, 1, 0]
			},
			"bones": [
				{
					"name": "body0",
					"pivot": [0, 9, 0],
					"cubes": [
						{
							"origin": [-3, 6, -3],
							"size": [6, 6, 6],
							"uv": {
								"north": {"uv": [57, 57], "uv_size": [-6, -6]},
								"east": {"uv": [57, 57], "uv_size": [-6, -6]},
								"south": {"uv": [57, 57], "uv_size": [-6, -6]},
								"west": {"uv": [57, 57], "uv_size": [-6, -6]},
								"up": {"uv": [51, 51], "uv_size": [6, 6]},
								"down": {"uv": [51, 51], "uv_size": [6, 6]}
							}
						}
					]
				},
				{
					"name": "head",
					"parent": "body0",
					"pivot": [0, 9, -3],
					"cubes": [
						{
							"origin": [-4, 5, -11],
							"size": [8, 8, 8],
							"uv": {
								"north": {"uv": [9, 0], "uv_size": [18, 19]},
								"east": {"uv": [0, 0], "uv_size": [9, 19]},
								"south": {"uv": [10, 20], "uv_size": [16, 16]},
								"west": {"uv": [0, 19], "uv_size": [9, 19]},
								"up": {"uv": [26, 37], "uv_size": [-16, -17]},
								"down": {"uv": [17, 7], "uv_size": [-3, -2]}
							}
						}
					]
				},
				{
					"name": "body1",
					"parent": "body0",
					"pivot": [0, 9, 9],
					"cubes": [
						{
							"origin": [-5, 5, 3],
							"size": [10, 8, 12],
							"uv": {
								"north": {"uv": [36, 16], "uv_size": [-9, -16]},
								"east": {"uv": [36, 16], "uv_size": [-9, -16]},
								"south": {"uv": [36, 16], "uv_size": [-9, -16]},
								"west": {"uv": [36, 16], "uv_size": [-9, -16]},
								"up": {"uv": [27, 0], "uv_size": [9, 23]},
								"down": {"uv": [0, 40], "uv_size": [17, 24]}
							}
						}
					]
				},
				{
					"name": "leg0",
					"parent": "body0",
					"pivot": [-4, 9, 2],
					"cubes": [
						{
							"origin": [-19, 8, 1],
							"size": [16, 2, 2],
							"uv": {
								"north": {"uv": [31, 2], "uv_size": [-1, -1]},
								"east": {"uv": [31, 2], "uv_size": [-1, -1]},
								"south": {"uv": [31, 2], "uv_size": [-1, -1]},
								"west": {"uv": [31, 2], "uv_size": [-1, -1]},
								"up": {"uv": [30, 1], "uv_size": [1, 1]},
								"down": {"uv": [30, 1], "uv_size": [1, 1]}
							}
						}
					]
				},
				{
					"name": "leg1",
					"parent": "body0",
					"pivot": [4, 9, 2],
					"cubes": [
						{
							"origin": [3, 8, 1],
							"size": [16, 2, 2],
							"uv": {
								"north": {"uv": [30, 1], "uv_size": [-1, 1]},
								"east": {"uv": [30, 1], "uv_size": [-1, 1]},
								"south": {"uv": [30, 1], "uv_size": [-1, 1]},
								"west": {"uv": [30, 1], "uv_size": [-1, 1]},
								"up": {"uv": [29, 2], "uv_size": [1, -1]},
								"down": {"uv": [29, 2], "uv_size": [1, -1]}
							}
						}
					]
				},
				{
					"name": "leg2",
					"parent": "body0",
					"pivot": [-4, 9, 1],
					"cubes": [
						{
							"origin": [-19, 8, 0],
							"size": [16, 2, 2],
							"uv": {
								"north": {"uv": [29, 1], "uv_size": [1, 0]},
								"east": {"uv": [29, 1], "uv_size": [1, 0]},
								"south": {"uv": [29, 1], "uv_size": [1, 0]},
								"west": {"uv": [29, 1], "uv_size": [1, 0]},
								"up": {"uv": [30, 1], "uv_size": [-1, 0]},
								"down": {"uv": [30, 1], "uv_size": [-1, 0]}
							}
						}
					]
				},
				{
					"name": "leg3",
					"parent": "body0",
					"pivot": [4, 9, 1],
					"cubes": [
						{
							"origin": [3, 8, 0],
							"size": [16, 2, 2],
							"uv": {
								"north": {"uv": [31, 1], "uv_size": [-2, 1]},
								"east": {"uv": [31, 1], "uv_size": [-2, 1]},
								"south": {"uv": [31, 1], "uv_size": [-2, 1]},
								"west": {"uv": [31, 1], "uv_size": [-2, 1]},
								"up": {"uv": [29, 2], "uv_size": [2, -1]},
								"down": {"uv": [29, 2], "uv_size": [2, -1]}
							}
						}
					]
				},
				{
					"name": "leg4",
					"parent": "body0",
					"pivot": [-4, 9, 0],
					"cubes": [
						{
							"origin": [-19, 8, -1],
							"size": [16, 2, 2],
							"uv": {
								"north": {"uv": [30, 1], "uv_size": [-1, 1]},
								"east": {"uv": [30, 1], "uv_size": [-1, 1]},
								"south": {"uv": [30, 1], "uv_size": [-1, 1]},
								"west": {"uv": [30, 1], "uv_size": [-1, 1]},
								"up": {"uv": [29, 2], "uv_size": [1, -1]},
								"down": {"uv": [29, 2], "uv_size": [1, -1]}
							}
						}
					]
				},
				{
					"name": "leg5",
					"parent": "body0",
					"pivot": [4, 9, 0],
					"cubes": [
						{
							"origin": [3, 8, -1],
							"size": [16, 2, 2],
							"uv": {
								"north": {"uv": [32, 2], "uv_size": [-4, -1]},
								"east": {"uv": [32, 2], "uv_size": [-4, -1]},
								"south": {"uv": [32, 2], "uv_size": [-4, -1]},
								"west": {"uv": [32, 2], "uv_size": [-4, -1]},
								"up": {"uv": [28, 1], "uv_size": [4, 1]},
								"down": {"uv": [28, 1], "uv_size": [4, 1]}
							}
						}
					]
				},
				{
					"name": "leg6",
					"parent": "body0",
					"pivot": [-4, 9, -1],
					"cubes": [
						{
							"origin": [-19, 8, -2],
							"size": [16, 2, 2],
							"uv": {
								"north": {"uv": [29, 1], "uv_size": [0, 1]},
								"east": {"uv": [29, 1], "uv_size": [0, 1]},
								"south": {"uv": [29, 1], "uv_size": [0, 1]},
								"west": {"uv": [29, 1], "uv_size": [0, 1]},
								"up": {"uv": [29, 2], "uv_size": [0, -1]},
								"down": {"uv": [29, 2], "uv_size": [0, -1]}
							}
						}
					]
				},
				{
					"name": "leg7",
					"parent": "body0",
					"pivot": [4, 9, -1],
					"cubes": [
						{
							"origin": [3, 8, -2],
							"size": [16, 2, 2],
							"uv": {
								"north": {"uv": [30, 2], "uv_size": [-1, 0]},
								"east": {"uv": [30, 2], "uv_size": [-1, 0]},
								"south": {"uv": [30, 2], "uv_size": [-1, 0]},
								"west": {"uv": [30, 2], "uv_size": [-1, 0]},
								"up": {"uv": [29, 2], "uv_size": [1, 0]},
								"down": {"uv": [29, 2], "uv_size": [1, 0]}
							}
						}
					]
				}
			]
		}
	]
}
