{
	"format_version": "1.12.0",
	"minecraft:geometry": [
		{
			"description": {
				"identifier": "geometry.fire_dragon",
				"texture_width": 272,
				"texture_height": 272,
				"visible_bounds_width": 2,
				"visible_bounds_height": 62.5,
				"visible_bounds_offset": [0, -30.75, 0]
			},
			"bones": [
				{
					"name": "Dragon",
					"pivot": [0, 0, 0],
					"locators": {
						"fire1": [-40, 40, 12]
					}
				},
				{
					"name": "Fire6",
					"parent": "Dragon",
					"pivot": [0, -999, 0],
					"cubes": [
						{
							"origin": [-0.585, -999, -0.81],
							"size": [1.17, 1.17, 2.025],
							"uv": {
								"north": {"uv": [45, 45], "uv_size": [26, 26]},
								"east": {"uv": [0, 45], "uv_size": [45, 26]},
								"south": {"uv": [116, 45], "uv_size": [26, 26]},
								"west": {"uv": [71, 45], "uv_size": [45, 26]},
								"up": {"uv": [45, 0], "uv_size": [26, 45]},
								"down": {"uv": [71, 45], "uv_size": [26, -45]}
							}
						},
						{
							"origin": [-0.36, -998.865, -1.53],
							"size": [0.765, 0.36, 0.855],
							"pivot": [0, -999, 0],
							"rotation": [10, 0, 0],
							"uv": {
								"north": {"uv": [202, 97], "uv_size": [17, 8]},
								"east": {"uv": [183, 97], "uv_size": [19, 8]},
								"south": {"uv": [238, 97], "uv_size": [17, 8]},
								"west": {"uv": [219, 97], "uv_size": [19, 8]},
								"up": {"uv": [202, 78], "uv_size": [17, 19]},
								"down": {"uv": [219, 97], "uv_size": [17, -19]}
							}
						},
						{
							"origin": [-0.36, -998.415, -1.485],
							"size": [0.765, 0.36, 0.855],
							"pivot": [0, -999, 0],
							"rotation": [10, 0, 0],
							"uv": {
								"north": {"uv": [202, 55], "uv_size": [17, 8]},
								"east": {"uv": [183, 55], "uv_size": [19, 8]},
								"south": {"uv": [238, 55], "uv_size": [17, 8]},
								"west": {"uv": [219, 55], "uv_size": [19, 8]},
								"up": {"uv": [202, 36], "uv_size": [17, 19]},
								"down": {"uv": [219, 55], "uv_size": [17, -19]}
							}
						},
						{
							"origin": [-0.36, -997.965, -0.63],
							"size": [0.765, 0.36, 0.855],
							"pivot": [0, -999, 0],
							"rotation": [40, 0, 0],
							"uv": {
								"north": {"uv": [163, 196], "uv_size": [17, 8]},
								"east": {"uv": [144, 196], "uv_size": [19, 8]},
								"south": {"uv": [199, 196], "uv_size": [17, 8]},
								"west": {"uv": [180, 196], "uv_size": [19, 8]},
								"up": {"uv": [163, 177], "uv_size": [17, 19]},
								"down": {"uv": [180, 196], "uv_size": [17, -19]}
							}
						},
						{
							"origin": [-0.225, -998.865, -1.665],
							"size": [0.495, 0.405, 0.63],
							"pivot": [0, -999, 0],
							"rotation": [10, 0, 0],
							"uv": {
								"north": {"uv": [57, 184], "uv_size": [11, 9]},
								"east": {"uv": [43, 184], "uv_size": [14, 9]},
								"south": {"uv": [82, 184], "uv_size": [11, 9]},
								"west": {"uv": [68, 184], "uv_size": [14, 9]},
								"up": {"uv": [57, 170], "uv_size": [11, 14]},
								"down": {"uv": [68, 184], "uv_size": [11, -14]}
							}
						},
						{
							"origin": [-0.225, -998.415, -1.665],
							"size": [0.495, 0.315, 0.63],
							"pivot": [0, -999, 0],
							"rotation": [10, 0, 0],
							"uv": {
								"north": {"uv": [211, 183], "uv_size": [11, 7]},
								"east": {"uv": [197, 183], "uv_size": [14, 7]},
								"south": {"uv": [236, 183], "uv_size": [11, 7]},
								"west": {"uv": [222, 183], "uv_size": [14, 7]},
								"up": {"uv": [211, 169], "uv_size": [11, 14]},
								"down": {"uv": [222, 183], "uv_size": [11, -14]}
							}
						},
						{
							"origin": [-0.45, -998.865, -1.215],
							"size": [0.945, 0.315, 0.54],
							"pivot": [0, -999, 0],
							"rotation": [10, 0, 0],
							"uv": {
								"north": {"uv": [204, 12], "uv_size": [21, 7]},
								"east": {"uv": [192, 12], "uv_size": [12, 7]},
								"south": {"uv": [237, 12], "uv_size": [21, 7]},
								"west": {"uv": [225, 12], "uv_size": [12, 7]},
								"up": {"uv": [204, 0], "uv_size": [21, 12]},
								"down": {"uv": [225, 12], "uv_size": [21, -12]}
							}
						},
						{
							"origin": [-0.45, -998.64, -1.305],
							"size": [0.945, 0.315, 0.54],
							"pivot": [0, -999, 0],
							"rotation": [-2.5, 0, 0],
							"uv": {
								"north": {"uv": [180, 162], "uv_size": [21, 7]},
								"east": {"uv": [168, 162], "uv_size": [12, 7]},
								"south": {"uv": [213, 162], "uv_size": [21, 7]},
								"west": {"uv": [201, 162], "uv_size": [12, 7]},
								"up": {"uv": [180, 150], "uv_size": [21, 12]},
								"down": {"uv": [201, 162], "uv_size": [21, -12]}
							}
						},
						{
							"origin": [-0.585, -997.83, 1.17],
							"size": [1.17, 0, 1.98],
							"uv": {
								"north": {"uv": [44, 115], "uv_size": [26, 0]},
								"east": {"uv": [0, 115], "uv_size": [44, 0]},
								"south": {"uv": [114, 115], "uv_size": [26, 0]},
								"west": {"uv": [70, 115], "uv_size": [44, 0]},
								"up": {"uv": [44, 71], "uv_size": [26, 44]},
								"down": {"uv": [70, 115], "uv_size": [26, -44]}
							}
						},
						{
							"origin": [-0.585, -998.055, 1.17],
							"size": [1.17, 0, 1.98],
							"pivot": [0, -999, 0],
							"rotation": [10, 0, 0],
							"uv": {
								"north": {"uv": [44, 115], "uv_size": [26, 0]},
								"east": {"uv": [0, 115], "uv_size": [44, 0]},
								"south": {"uv": [114, 115], "uv_size": [26, 0]},
								"west": {"uv": [70, 115], "uv_size": [44, 0]},
								"up": {"uv": [44, 71], "uv_size": [26, 44]},
								"down": {"uv": [70, 115], "uv_size": [26, -44]}
							}
						},
						{
							"origin": [-0.585, -998.91, 1.17],
							"size": [1.17, 0, 1.98],
							"uv": {
								"north": {"uv": [44, 115], "uv_size": [26, 0]},
								"east": {"uv": [0, 115], "uv_size": [44, 0]},
								"south": {"uv": [114, 115], "uv_size": [26, 0]},
								"west": {"uv": [70, 115], "uv_size": [44, 0]},
								"up": {"uv": [44, 71], "uv_size": [26, 44]},
								"down": {"uv": [70, 115], "uv_size": [26, -44]}
							}
						},
						{
							"origin": [0.36, -999, 1.08],
							"size": [0, 1.17, 1.71],
							"pivot": [0, -999, 0],
							"rotation": [0, 10, 0],
							"uv": {
								"north": {"uv": [114, 144], "uv_size": [0, 26]},
								"east": {"uv": [76, 144], "uv_size": [38, 26]},
								"south": {"uv": [152, 144], "uv_size": [0, 26]},
								"west": {"uv": [114, 144], "uv_size": [38, 26]},
								"up": {"uv": [114, 106], "uv_size": [0, 38]},
								"down": {"uv": [114, 144], "uv_size": [0, -38]}
							}
						},
						{
							"origin": [-0.36, -999, 1.08],
							"size": [0, 1.17, 1.71],
							"pivot": [0, -999, 0],
							"rotation": [0, -10, 0],
							"uv": {
								"north": {"uv": [38, 144], "uv_size": [0, 26]},
								"east": {"uv": [0, 144], "uv_size": [38, 26]},
								"south": {"uv": [76, 144], "uv_size": [0, 26]},
								"west": {"uv": [38, 144], "uv_size": [38, 26]},
								"up": {"uv": [38, 106], "uv_size": [0, 38]},
								"down": {"uv": [38, 144], "uv_size": [0, -38]}
							}
						},
						{
							"origin": [0.63, -999, 1.08],
							"size": [0, 1.17, 1.71],
							"pivot": [0, -999, 0],
							"rotation": [0, -10, 0],
							"uv": {
								"north": {"uv": [114, 118], "uv_size": [0, 26]},
								"east": {"uv": [76, 118], "uv_size": [38, 26]},
								"south": {"uv": [152, 118], "uv_size": [0, 26]},
								"west": {"uv": [114, 118], "uv_size": [38, 26]},
								"up": {"uv": [114, 80], "uv_size": [0, 38]},
								"down": {"uv": [114, 118], "uv_size": [0, -38]}
							}
						},
						{
							"origin": [-0.63, -999, 1.08],
							"size": [0, 1.17, 1.71],
							"pivot": [0, -999, 0],
							"rotation": [0, 10, 0],
							"uv": {
								"north": {"uv": [38, 118], "uv_size": [0, 26]},
								"east": {"uv": [0, 118], "uv_size": [38, 26]},
								"south": {"uv": [76, 118], "uv_size": [0, 26]},
								"west": {"uv": [38, 118], "uv_size": [38, 26]},
								"up": {"uv": [38, 80], "uv_size": [0, 38]},
								"down": {"uv": [38, 118], "uv_size": [0, -38]}
							}
						},
						{
							"origin": [0.18, -997.245, -0.585],
							"size": [0.315, 0.315, 1.305],
							"pivot": [0.3375, -997.6725, 1.8225],
							"rotation": [17.5, 0, 0],
							"uv": {
								"north": {"uv": [101, 199], "uv_size": [7, 7]},
								"east": {"uv": [72, 199], "uv_size": [29, 7]},
								"south": {"uv": [137, 199], "uv_size": [7, 7]},
								"west": {"uv": [108, 199], "uv_size": [29, 7]},
								"up": {"uv": [101, 170], "uv_size": [7, 29]},
								"down": {"uv": [108, 199], "uv_size": [7, -29]}
							}
						},
						{
							"origin": [-0.495, -997.245, -0.585],
							"size": [0.315, 0.315, 1.305],
							"pivot": [-0.3375, -997.6725, 1.8225],
							"rotation": [17.5, 0, 0],
							"uv": {
								"north": {"uv": [29, 199], "uv_size": [7, 7]},
								"east": {"uv": [0, 199], "uv_size": [29, 7]},
								"south": {"uv": [65, 199], "uv_size": [7, 7]},
								"west": {"uv": [36, 199], "uv_size": [29, 7]},
								"up": {"uv": [29, 170], "uv_size": [7, 29]},
								"down": {"uv": [36, 199], "uv_size": [7, -29]}
							}
						},
						{
							"origin": [-0.495, -997.155, -0.585],
							"size": [0.315, 0.315, 1.305],
							"pivot": [-0.3375, -997.6725, 1.8225],
							"rotation": [20.15255, 14.0147, -58.10888],
							"uv": {
								"north": {"uv": [197, 143], "uv_size": [7, 7]},
								"east": {"uv": [168, 143], "uv_size": [29, 7]},
								"south": {"uv": [233, 143], "uv_size": [7, 7]},
								"west": {"uv": [204, 143], "uv_size": [29, 7]},
								"up": {"uv": [197, 114], "uv_size": [7, 29]},
								"down": {"uv": [204, 143], "uv_size": [7, -29]}
							}
						},
						{
							"origin": [0.18, -997.155, -0.585],
							"size": [0.315, 0.315, 1.305],
							"pivot": [0.3375, -997.6725, 1.8225],
							"rotation": [20.15255, -14.0147, 58.10888],
							"uv": {
								"north": {"uv": [178, 29], "uv_size": [7, 7]},
								"east": {"uv": [149, 29], "uv_size": [29, 7]},
								"south": {"uv": [214, 29], "uv_size": [7, 7]},
								"west": {"uv": [185, 29], "uv_size": [29, 7]},
								"up": {"uv": [178, 0], "uv_size": [7, 29]},
								"down": {"uv": [185, 29], "uv_size": [7, -29]}
							}
						},
						{
							"origin": [0.27, -997.29, -0.585],
							"size": [0.315, 0.315, 1.305],
							"pivot": [0.3375, -997.6725, 1.8225],
							"rotation": [10.4747, -22.13925, 88.55659],
							"uv": {
								"north": {"uv": [169, 107], "uv_size": [7, 7]},
								"east": {"uv": [140, 107], "uv_size": [29, 7]},
								"south": {"uv": [205, 107], "uv_size": [7, 7]},
								"west": {"uv": [176, 107], "uv_size": [29, 7]},
								"up": {"uv": [169, 78], "uv_size": [7, 29]},
								"down": {"uv": [176, 107], "uv_size": [7, -29]}
							}
						},
						{
							"origin": [-0.585, -997.29, -0.585],
							"size": [0.315, 0.315, 1.305],
							"pivot": [-0.3375, -997.6725, 1.8225],
							"rotation": [10.4747, 22.13925, -88.55659],
							"uv": {
								"north": {"uv": [169, 71], "uv_size": [7, 7]},
								"east": {"uv": [140, 71], "uv_size": [29, 7]},
								"south": {"uv": [205, 71], "uv_size": [7, 7]},
								"west": {"uv": [176, 71], "uv_size": [29, 7]},
								"up": {"uv": [169, 42], "uv_size": [7, 29]},
								"down": {"uv": [176, 71], "uv_size": [7, -29]}
							}
						},
						{
							"origin": [-0.18, -997.29, -0.45],
							"size": [0.36, 0.315, 1.53],
							"pivot": [0.3375, -997.6725, 1.8225],
							"rotation": [17.5, 0, 0],
							"uv": {
								"north": {"uv": [152, 170], "uv_size": [8, 7]},
								"east": {"uv": [118, 170], "uv_size": [34, 7]},
								"south": {"uv": [194, 170], "uv_size": [8, 7]},
								"west": {"uv": [160, 170], "uv_size": [34, 7]},
								"up": {"uv": [152, 136], "uv_size": [8, 34]},
								"down": {"uv": [160, 170], "uv_size": [8, -34]}
							}
						}
					]
				}
			]
		}
	]
}
