{
	"format_version": "1.12.0",
	"minecraft:geometry": [
		{
			"description": {
				"identifier": "geometry.tentacle_vase",
				"texture_width": 176,
				"texture_height": 176,
				"visible_bounds_width": 5,
				"visible_bounds_height": 5.5,
				"visible_bounds_offset": [0, 2.25, 0]
			},
			"bones": [
				{
					"name": "vas1",
					"pivot": [0, 3, 0],
					"cubes": [
						{
							"origin": [-8, 0, -6],
							"size": [14, 2, 14],
							"uv": {
								"north": {"uv": [144, 83], "uv_size": [14, 2]},
								"east": {"uv": [144, 85], "uv_size": [14, 2]},
								"south": {"uv": [144, 87], "uv_size": [14, 2]},
								"west": {"uv": [144, 89], "uv_size": [14, 2]},
								"up": {"uv": [13, 63], "uv_size": [14, 14]},
								"down": {"uv": [27, 77], "uv_size": [14, -14]}
							}
						},
						{
							"origin": [-10, 0, -4],
							"size": [2, 2, 10],
							"uv": {
								"north": {"uv": [91, 78], "uv_size": [2, 2]},
								"east": {"uv": [97, 145], "uv_size": [10, 2]},
								"south": {"uv": [91, 80], "uv_size": [2, 2]},
								"west": {"uv": [145, 125], "uv_size": [10, 2]},
								"up": {"uv": [65, 51], "uv_size": [2, 10]},
								"down": {"uv": [67, 61], "uv_size": [2, -10]}
							}
						},
						{
							"origin": [6, 0, -4],
							"size": [2, 2, 10],
							"uv": {
								"north": {"uv": [91, 82], "uv_size": [2, 2]},
								"east": {"uv": [145, 127], "uv_size": [10, 2]},
								"south": {"uv": [92, 108], "uv_size": [2, 2]},
								"west": {"uv": [145, 129], "uv_size": [10, 2]},
								"up": {"uv": [11, 84], "uv_size": [2, 10]},
								"down": {"uv": [87, 49], "uv_size": [2, -10]}
							}
						},
						{
							"origin": [-6, 0, 8],
							"size": [10, 2, 2],
							"uv": {
								"north": {"uv": [145, 131], "uv_size": [10, 2]},
								"east": {"uv": [115, 70], "uv_size": [2, 2]},
								"south": {"uv": [145, 133], "uv_size": [10, 2]},
								"west": {"uv": [117, 70], "uv_size": [2, 2]},
								"up": {"uv": [145, 135], "uv_size": [10, 2]},
								"down": {"uv": [145, 139], "uv_size": [10, -2]}
							}
						},
						{
							"origin": [-6, 0, -8],
							"size": [10, 2, 2],
							"uv": {
								"north": {"uv": [145, 139], "uv_size": [10, 2]},
								"east": {"uv": [117, 106], "uv_size": [2, 2]},
								"south": {"uv": [145, 141], "uv_size": [10, 2]},
								"west": {"uv": [117, 108], "uv_size": [2, 2]},
								"up": {"uv": [138, 146], "uv_size": [10, 2]},
								"down": {"uv": [83, 149], "uv_size": [10, -2]}
							}
						},
						{
							"origin": [-8, 6, -6],
							"size": [14, 2, 14],
							"uv": {
								"north": {"uv": [144, 91], "uv_size": [14, 2]},
								"east": {"uv": [144, 93], "uv_size": [14, 2]},
								"south": {"uv": [144, 95], "uv_size": [14, 2]},
								"west": {"uv": [138, 144], "uv_size": [14, 2]},
								"up": {"uv": [41, 63], "uv_size": [14, 14]},
								"down": {"uv": [55, 77], "uv_size": [14, -14]}
							}
						},
						{
							"origin": [-6.4, 1.6, -4.8],
							"size": [11.2, 7.6, 11.2],
							"uv": {
								"north": {"uv": [9, 127], "uv_size": [11, 8]},
								"east": {"uv": [20, 127], "uv_size": [11, 8]},
								"south": {"uv": [31, 127], "uv_size": [11, 8]},
								"west": {"uv": [42, 127], "uv_size": [11, 8]},
								"up": {"uv": [77, 108], "uv_size": [11, 11]},
								"down": {"uv": [108, 95], "uv_size": [11, -11]}
							}
						},
						{
							"origin": [-10, 8, -6],
							"size": [4, 2, 14],
							"uv": {
								"north": {"uv": [65, 61], "uv_size": [4, 2]},
								"east": {"uv": [145, 4], "uv_size": [14, 2]},
								"south": {"uv": [87, 49], "uv_size": [4, 2]},
								"west": {"uv": [145, 6], "uv_size": [14, 2]},
								"up": {"uv": [69, 133], "uv_size": [4, 14]},
								"down": {"uv": [116, 148], "uv_size": [4, -14]}
							}
						},
						{
							"origin": [-10, 10, -6],
							"size": [2, 10, 14],
							"uv": {
								"north": {"uv": [89, 39], "uv_size": [2, 10]},
								"east": {"uv": [11, 94], "uv_size": [14, 10]},
								"south": {"uv": [75, 120], "uv_size": [2, 10]},
								"west": {"uv": [25, 94], "uv_size": [14, 10]},
								"up": {"uv": [113, 143], "uv_size": [2, 14]},
								"down": {"uv": [126, 157], "uv_size": [2, -14]}
							}
						},
						{
							"origin": [-12, 20, -6],
							"size": [2, 2, 14],
							"uv": {
								"north": {"uv": [86, 119], "uv_size": [2, 2]},
								"east": {"uv": [145, 8], "uv_size": [14, 2]},
								"south": {"uv": [119, 92], "uv_size": [2, 2]},
								"west": {"uv": [145, 10], "uv_size": [14, 2]},
								"up": {"uv": [128, 143], "uv_size": [2, 14]},
								"down": {"uv": [42, 158], "uv_size": [2, -14]}
							}
						},
						{
							"origin": [-10, 20, -8],
							"size": [2, 2, 18],
							"uv": {
								"north": {"uv": [119, 106], "uv_size": [2, 2]},
								"east": {"uv": [143, 63], "uv_size": [18, 2]},
								"south": {"uv": [119, 108], "uv_size": [2, 2]},
								"west": {"uv": [144, 30], "uv_size": [18, 2]},
								"up": {"uv": [136, 142], "uv_size": [2, 18]},
								"down": {"uv": [51, 161], "uv_size": [2, -18]}
							}
						},
						{
							"origin": [8, 20, -6],
							"size": [2, 2, 14],
							"uv": {
								"north": {"uv": [121, 92], "uv_size": [2, 2]},
								"east": {"uv": [145, 12], "uv_size": [14, 2]},
								"south": {"uv": [122, 26], "uv_size": [2, 2]},
								"west": {"uv": [145, 14], "uv_size": [14, 2]},
								"up": {"uv": [67, 144], "uv_size": [2, 14]},
								"down": {"uv": [0, 159], "uv_size": [2, -14]}
							}
						},
						{
							"origin": [6, 20, -8],
							"size": [2, 2, 18],
							"uv": {
								"north": {"uv": [122, 28], "uv_size": [2, 2]},
								"east": {"uv": [144, 32], "uv_size": [18, 2]},
								"south": {"uv": [122, 30], "uv_size": [2, 2]},
								"west": {"uv": [144, 34], "uv_size": [18, 2]},
								"up": {"uv": [79, 143], "uv_size": [2, 18]},
								"down": {"uv": [81, 161], "uv_size": [2, -18]}
							}
						},
						{
							"origin": [6, 10, -6],
							"size": [2, 10, 14],
							"uv": {
								"north": {"uv": [73, 133], "uv_size": [2, 10]},
								"east": {"uv": [39, 94], "uv_size": [14, 10]},
								"south": {"uv": [6, 145], "uv_size": [2, 10]},
								"west": {"uv": [53, 94], "uv_size": [14, 10]},
								"up": {"uv": [2, 145], "uv_size": [2, 14]},
								"down": {"uv": [4, 159], "uv_size": [2, -14]}
							}
						},
						{
							"origin": [4, 8, -6],
							"size": [4, 2, 14],
							"uv": {
								"north": {"uv": [100, 36], "uv_size": [4, 2]},
								"east": {"uv": [145, 16], "uv_size": [14, 2]},
								"south": {"uv": [104, 72], "uv_size": [4, 2]},
								"west": {"uv": [83, 145], "uv_size": [14, 2]},
								"up": {"uv": [53, 138], "uv_size": [4, 14]},
								"down": {"uv": [57, 152], "uv_size": [4, -14]}
							}
						},
						{
							"origin": [-6, 8, -8],
							"size": [10, 2, 4],
							"uv": {
								"north": {"uv": [93, 147], "uv_size": [10, 2]},
								"east": {"uv": [104, 74], "uv_size": [4, 2]},
								"south": {"uv": [20, 148], "uv_size": [10, 2]},
								"west": {"uv": [104, 76], "uv_size": [4, 2]},
								"up": {"uv": [139, 18], "uv_size": [10, 4]},
								"down": {"uv": [20, 148], "uv_size": [10, -4]}
							}
						},
						{
							"origin": [-8, 10, -8],
							"size": [14, 10, 2],
							"uv": {
								"north": {"uv": [94, 78], "uv_size": [14, 10]},
								"east": {"uv": [69, 147], "uv_size": [2, 10]},
								"south": {"uv": [94, 88], "uv_size": [14, 10]},
								"west": {"uv": [71, 147], "uv_size": [2, 10]},
								"up": {"uv": [145, 109], "uv_size": [14, 2]},
								"down": {"uv": [145, 113], "uv_size": [14, -2]}
							}
						},
						{
							"origin": [-6, 8, 6],
							"size": [10, 2, 4],
							"uv": {
								"north": {"uv": [138, 148], "uv_size": [10, 2]},
								"east": {"uv": [88, 108], "uv_size": [4, 2]},
								"south": {"uv": [148, 146], "uv_size": [10, 2]},
								"west": {"uv": [108, 95], "uv_size": [4, 2]},
								"up": {"uv": [144, 22], "uv_size": [10, 4]},
								"down": {"uv": [144, 30], "uv_size": [10, -4]}
							}
						},
						{
							"origin": [-8, 10, 8],
							"size": [14, 10, 2],
							"uv": {
								"north": {"uv": [67, 98], "uv_size": [14, 10]},
								"east": {"uv": [103, 147], "uv_size": [2, 10]},
								"south": {"uv": [81, 98], "uv_size": [14, 10]},
								"west": {"uv": [105, 147], "uv_size": [2, 10]},
								"up": {"uv": [145, 113], "uv_size": [14, 2]},
								"down": {"uv": [145, 117], "uv_size": [14, -2]}
							}
						},
						{
							"origin": [-8, 20, 8],
							"size": [14, 2, 4],
							"uv": {
								"north": {"uv": [145, 117], "uv_size": [14, 2]},
								"east": {"uv": [111, 33], "uv_size": [4, 2]},
								"south": {"uv": [145, 119], "uv_size": [14, 2]},
								"west": {"uv": [112, 95], "uv_size": [4, 2]},
								"up": {"uv": [138, 97], "uv_size": [14, 4]},
								"down": {"uv": [138, 105], "uv_size": [14, -4]}
							}
						},
						{
							"origin": [-8, 20, -10],
							"size": [14, 2, 4],
							"uv": {
								"north": {"uv": [145, 121], "uv_size": [14, 2]},
								"east": {"uv": [115, 66], "uv_size": [4, 2]},
								"south": {"uv": [145, 123], "uv_size": [14, 2]},
								"west": {"uv": [115, 68], "uv_size": [4, 2]},
								"up": {"uv": [138, 105], "uv_size": [14, 4]},
								"down": {"uv": [139, 4], "uv_size": [14, -4]}
							}
						}
					]
				},
				{
					"name": "tent1",
					"parent": "vas1",
					"pivot": [0, 0, 0],
					"rotation": [0, 0, 7.5]
				},
				{
					"name": "ten1",
					"parent": "tent1",
					"pivot": [-0.5, 9.5, 0.5]
				},
				{
					"name": "ten2",
					"parent": "ten1",
					"pivot": [-0.5, 13, 0.5],
					"rotation": [0, 0, 25],
					"cubes": [
						{
							"origin": [-4.35, 12.65, -3.35],
							"size": [7.7, 10.7, 7.7],
							"uv": {
								"north": {"uv": [53, 127], "uv_size": [8, 11]},
								"east": {"uv": [128, 65], "uv_size": [8, 11]},
								"south": {"uv": [128, 76], "uv_size": [8, 11]},
								"west": {"uv": [128, 87], "uv_size": [8, 11]},
								"up": {"uv": [45, 135], "uv_size": [8, 8]},
								"down": {"uv": [135, 57], "uv_size": [8, -8]}
							}
						}
					]
				},
				{
					"name": "ten3",
					"parent": "ten2",
					"pivot": [0, 13, 1],
					"cubes": [
						{
							"origin": [-5.12, 21.58, -4.12],
							"size": [9.24, 12.84, 9.24],
							"uv": {
								"north": {"uv": [119, 66], "uv_size": [9, 13]},
								"east": {"uv": [77, 119], "uv_size": [9, 13]},
								"south": {"uv": [119, 79], "uv_size": [9, 13]},
								"west": {"uv": [66, 120], "uv_size": [9, 13]},
								"up": {"uv": [107, 134], "uv_size": [9, 9]},
								"down": {"uv": [9, 144], "uv_size": [9, -9]}
							}
						}
					]
				},
				{
					"name": "ten4",
					"parent": "ten3",
					"pivot": [-0.5, 31, 0.5],
					"cubes": [
						{
							"origin": [-6.044, 30.296, -5.044],
							"size": [11.088, 17.408, 11.088],
							"uv": {
								"north": {"uv": [65, 0], "uv_size": [11, 17]},
								"east": {"uv": [65, 17], "uv_size": [11, 17]},
								"south": {"uv": [65, 34], "uv_size": [11, 17]},
								"west": {"uv": [69, 51], "uv_size": [11, 17]},
								"up": {"uv": [88, 110], "uv_size": [11, 11]},
								"down": {"uv": [99, 121], "uv_size": [11, -11]}
							}
						}
					]
				},
				{
					"name": "ten5",
					"parent": "ten4",
					"pivot": [-0.5, 40, 0.5],
					"cubes": [
						{
							"origin": [-7.1528, 40.5552, -6.1528],
							"size": [13.3056, 20.8896, 13.3056],
							"uv": {
								"north": {"uv": [0, 0], "uv_size": [13, 21]},
								"east": {"uv": [13, 0], "uv_size": [13, 21]},
								"south": {"uv": [0, 21], "uv_size": [13, 21]},
								"west": {"uv": [13, 21], "uv_size": [13, 21]},
								"up": {"uv": [68, 85], "uv_size": [13, 13]},
								"down": {"uv": [81, 98], "uv_size": [13, -13]}
							}
						}
					]
				},
				{
					"name": "ten6",
					"parent": "ten5",
					"pivot": [-0.5, 62.5, 0.5],
					"cubes": [
						{
							"origin": [-5.82224, 56.64416, -4.82224],
							"size": [10.64448, 11.71168, 10.64448],
							"uv": {
								"north": {"uv": [95, 98], "uv_size": [11, 12]},
								"east": {"uv": [100, 0], "uv_size": [11, 12]},
								"south": {"uv": [100, 12], "uv_size": [11, 12]},
								"west": {"uv": [100, 24], "uv_size": [11, 12]},
								"up": {"uv": [110, 110], "uv_size": [11, 11]},
								"down": {"uv": [111, 11], "uv_size": [11, -11]}
							}
						},
						{
							"origin": [-3.69334, 64.9865, -2.69334],
							"size": [6.38669, 7.02701, 6.38669],
							"uv": {
								"north": {"uv": [139, 4], "uv_size": [6, 7]},
								"east": {"uv": [139, 11], "uv_size": [6, 7]},
								"south": {"uv": [139, 109], "uv_size": [6, 7]},
								"west": {"uv": [139, 116], "uv_size": [6, 7]},
								"up": {"uv": [30, 144], "uv_size": [6, 6]},
								"down": {"uv": [36, 150], "uv_size": [6, -6]}
							}
						}
					]
				},
				{
					"name": "tent2",
					"parent": "vas1",
					"pivot": [0, 0, 0],
					"rotation": [0, 0, -15]
				},
				{
					"name": "ten7",
					"parent": "tent2",
					"pivot": [-0.5, 9.5, 0.5]
				},
				{
					"name": "ten8",
					"parent": "ten7",
					"pivot": [-0.5, 13, 0.5],
					"cubes": [
						{
							"origin": [-4.35, 12.65, -3.35],
							"size": [7.7, 10.7, 7.7],
							"uv": {
								"north": {"uv": [130, 98], "uv_size": [8, 11]},
								"east": {"uv": [131, 0], "uv_size": [8, 11]},
								"south": {"uv": [131, 11], "uv_size": [8, 11]},
								"west": {"uv": [131, 109], "uv_size": [8, 11]},
								"up": {"uv": [135, 57], "uv_size": [8, 8]},
								"down": {"uv": [136, 73], "uv_size": [8, -8]}
							}
						}
					]
				},
				{
					"name": "ten9",
					"parent": "ten8",
					"pivot": [0, 13, 1],
					"cubes": [
						{
							"origin": [-5.12, 21.58, -4.12],
							"size": [9.24, 12.84, 9.24],
							"uv": {
								"north": {"uv": [86, 121], "uv_size": [9, 13]},
								"east": {"uv": [95, 121], "uv_size": [9, 13]},
								"south": {"uv": [104, 121], "uv_size": [9, 13]},
								"west": {"uv": [121, 106], "uv_size": [9, 13]},
								"up": {"uv": [18, 135], "uv_size": [9, 9]},
								"down": {"uv": [135, 31], "uv_size": [9, -9]}
							}
						}
					]
				},
				{
					"name": "ten10",
					"parent": "ten9",
					"pivot": [-0.5, 31, 0.5],
					"cubes": [
						{
							"origin": [-6.044, 30.296, -5.044],
							"size": [11.088, 17.408, 11.088],
							"uv": {
								"north": {"uv": [69, 68], "uv_size": [11, 17]},
								"east": {"uv": [76, 0], "uv_size": [11, 17]},
								"south": {"uv": [76, 17], "uv_size": [11, 17]},
								"west": {"uv": [76, 34], "uv_size": [11, 17]},
								"up": {"uv": [111, 11], "uv_size": [11, 11]},
								"down": {"uv": [111, 33], "uv_size": [11, -11]}
							}
						}
					]
				},
				{
					"name": "ten11",
					"parent": "ten10",
					"pivot": [-0.5, 40, 0.5],
					"cubes": [
						{
							"origin": [-7.1528, 40.5552, -6.1528],
							"size": [13.3056, 20.8896, 13.3056],
							"uv": {
								"north": {"uv": [26, 0], "uv_size": [13, 21]},
								"east": {"uv": [26, 21], "uv_size": [13, 21]},
								"south": {"uv": [39, 0], "uv_size": [13, 21]},
								"west": {"uv": [39, 21], "uv_size": [13, 21]},
								"up": {"uv": [87, 0], "uv_size": [13, 13]},
								"down": {"uv": [87, 26], "uv_size": [13, -13]}
							}
						}
					]
				},
				{
					"name": "ten12",
					"parent": "ten11",
					"pivot": [-0.5, 62.5, 0.5],
					"cubes": [
						{
							"origin": [-5.82224, 56.64416, -4.82224],
							"size": [10.64448, 11.71168, 10.64448],
							"uv": {
								"north": {"uv": [0, 101], "uv_size": [11, 12]},
								"east": {"uv": [11, 104], "uv_size": [11, 12]},
								"south": {"uv": [22, 104], "uv_size": [11, 12]},
								"west": {"uv": [33, 104], "uv_size": [11, 12]},
								"up": {"uv": [0, 113], "uv_size": [11, 11]},
								"down": {"uv": [115, 44], "uv_size": [11, -11]}
							}
						},
						{
							"origin": [-3.69334, 64.9865, -2.69334],
							"size": [6.38669, 7.02701, 6.38669],
							"uv": {
								"north": {"uv": [139, 123], "uv_size": [6, 7]},
								"east": {"uv": [139, 130], "uv_size": [6, 7]},
								"south": {"uv": [139, 137], "uv_size": [6, 7]},
								"west": {"uv": [130, 142], "uv_size": [6, 7]},
								"up": {"uv": [144, 36], "uv_size": [6, 6]},
								"down": {"uv": [144, 48], "uv_size": [6, -6]}
							}
						}
					]
				},
				{
					"name": "tent3",
					"parent": "vas1",
					"pivot": [0, 0, -3],
					"rotation": [-24.81197, 3.1622, -8.19577]
				},
				{
					"name": "ten13",
					"parent": "tent3",
					"pivot": [-0.5, 9.5, -2.5]
				},
				{
					"name": "ten14",
					"parent": "ten13",
					"pivot": [-0.5, 13, -2.5],
					"cubes": [
						{
							"origin": [-4.35, 12.65, -6.35],
							"size": [7.7, 10.7, 7.7],
							"uv": {
								"north": {"uv": [131, 120], "uv_size": [8, 11]},
								"east": {"uv": [131, 131], "uv_size": [8, 11]},
								"south": {"uv": [75, 132], "uv_size": [8, 11]},
								"west": {"uv": [122, 132], "uv_size": [8, 11]},
								"up": {"uv": [136, 73], "uv_size": [8, 8]},
								"down": {"uv": [136, 89], "uv_size": [8, -8]}
							}
						}
					]
				},
				{
					"name": "ten15",
					"parent": "ten14",
					"pivot": [0, 13, -2],
					"cubes": [
						{
							"origin": [-5.12, 21.58, -7.12],
							"size": [9.24, 12.84, 9.24],
							"uv": {
								"north": {"uv": [113, 121], "uv_size": [9, 13]},
								"east": {"uv": [122, 0], "uv_size": [9, 13]},
								"south": {"uv": [122, 13], "uv_size": [9, 13]},
								"west": {"uv": [122, 119], "uv_size": [9, 13]},
								"up": {"uv": [27, 135], "uv_size": [9, 9]},
								"down": {"uv": [135, 40], "uv_size": [9, -9]}
							}
						}
					]
				},
				{
					"name": "ten16",
					"parent": "ten15",
					"pivot": [-0.5, 31, -2.5],
					"cubes": [
						{
							"origin": [-6.044, 30.296, -8.044],
							"size": [11.088, 17.408, 11.088],
							"uv": {
								"north": {"uv": [13, 77], "uv_size": [11, 17]},
								"east": {"uv": [24, 77], "uv_size": [11, 17]},
								"south": {"uv": [35, 77], "uv_size": [11, 17]},
								"west": {"uv": [46, 77], "uv_size": [11, 17]},
								"up": {"uv": [115, 44], "uv_size": [11, 11]},
								"down": {"uv": [115, 66], "uv_size": [11, -11]}
							}
						}
					]
				},
				{
					"name": "ten17",
					"parent": "ten16",
					"pivot": [-0.5, 40, -2.5],
					"cubes": [
						{
							"origin": [-7.1528, 40.5552, -9.1528],
							"size": [13.3056, 20.8896, 13.3056],
							"uv": {
								"north": {"uv": [0, 42], "uv_size": [13, 21]},
								"east": {"uv": [13, 42], "uv_size": [13, 21]},
								"south": {"uv": [26, 42], "uv_size": [13, 21]},
								"west": {"uv": [39, 42], "uv_size": [13, 21]},
								"up": {"uv": [87, 26], "uv_size": [13, 13]},
								"down": {"uv": [91, 52], "uv_size": [13, -13]}
							}
						}
					]
				},
				{
					"name": "ten18",
					"parent": "ten17",
					"pivot": [-0.5, 62.5, -2.5],
					"cubes": [
						{
							"origin": [-5.82224, 56.64416, -7.82224],
							"size": [10.64448, 11.71168, 10.64448],
							"uv": {
								"north": {"uv": [104, 36], "uv_size": [11, 12]},
								"east": {"uv": [44, 104], "uv_size": [11, 12]},
								"south": {"uv": [104, 48], "uv_size": [11, 12]},
								"west": {"uv": [55, 104], "uv_size": [11, 12]},
								"up": {"uv": [11, 116], "uv_size": [11, 11]},
								"down": {"uv": [22, 127], "uv_size": [11, -11]}
							}
						},
						{
							"origin": [-3.69334, 64.9865, -5.69334],
							"size": [6.38669, 7.02701, 6.38669],
							"uv": {
								"north": {"uv": [45, 143], "uv_size": [6, 7]},
								"east": {"uv": [143, 49], "uv_size": [6, 7]},
								"south": {"uv": [143, 56], "uv_size": [6, 7]},
								"west": {"uv": [73, 143], "uv_size": [6, 7]},
								"up": {"uv": [61, 144], "uv_size": [6, 6]},
								"down": {"uv": [144, 71], "uv_size": [6, -6]}
							}
						}
					]
				},
				{
					"name": "tent4",
					"parent": "vas1",
					"pivot": [0, 0, 2],
					"rotation": [17.95933, 0.09424, 1.32698]
				},
				{
					"name": "ten19",
					"parent": "tent4",
					"pivot": [-0.5, 9.5, 2.5]
				},
				{
					"name": "ten20",
					"parent": "ten19",
					"pivot": [-0.5, 13, 2.5],
					"cubes": [
						{
							"origin": [-4.35, 12.65, -1.35],
							"size": [7.7, 10.7, 7.7],
							"uv": {
								"north": {"uv": [61, 133], "uv_size": [8, 11]},
								"east": {"uv": [83, 134], "uv_size": [8, 11]},
								"south": {"uv": [91, 134], "uv_size": [8, 11]},
								"west": {"uv": [99, 134], "uv_size": [8, 11]},
								"up": {"uv": [136, 89], "uv_size": [8, 8]},
								"down": {"uv": [0, 145], "uv_size": [8, -8]}
							}
						}
					]
				},
				{
					"name": "ten21",
					"parent": "ten20",
					"pivot": [0, 13, 3],
					"cubes": [
						{
							"origin": [-5.12, 21.58, -2.12],
							"size": [9.24, 12.84, 9.24],
							"uv": {
								"north": {"uv": [0, 124], "uv_size": [9, 13]},
								"east": {"uv": [126, 26], "uv_size": [9, 13]},
								"south": {"uv": [126, 39], "uv_size": [9, 13]},
								"west": {"uv": [126, 52], "uv_size": [9, 13]},
								"up": {"uv": [36, 135], "uv_size": [9, 9]},
								"down": {"uv": [135, 49], "uv_size": [9, -9]}
							}
						}
					]
				},
				{
					"name": "ten22",
					"parent": "ten21",
					"pivot": [-0.5, 31, 2.5],
					"cubes": [
						{
							"origin": [-6.044, 30.296, -3.044],
							"size": [11.088, 17.408, 11.088],
							"uv": {
								"north": {"uv": [57, 77], "uv_size": [11, 17]},
								"east": {"uv": [80, 51], "uv_size": [11, 17]},
								"south": {"uv": [80, 68], "uv_size": [11, 17]},
								"west": {"uv": [0, 84], "uv_size": [11, 17]},
								"up": {"uv": [33, 116], "uv_size": [11, 11]},
								"down": {"uv": [44, 127], "uv_size": [11, -11]}
							}
						}
					]
				},
				{
					"name": "ten23",
					"parent": "ten22",
					"pivot": [-0.5, 40, 2.5],
					"cubes": [
						{
							"origin": [-7.1528, 40.5552, -4.1528],
							"size": [13.3056, 20.8896, 13.3056],
							"uv": {
								"north": {"uv": [52, 0], "uv_size": [13, 21]},
								"east": {"uv": [52, 21], "uv_size": [13, 21]},
								"south": {"uv": [52, 42], "uv_size": [13, 21]},
								"west": {"uv": [0, 63], "uv_size": [13, 21]},
								"up": {"uv": [91, 52], "uv_size": [13, 13]},
								"down": {"uv": [91, 78], "uv_size": [13, -13]}
							}
						}
					]
				},
				{
					"name": "ten24",
					"parent": "ten23",
					"pivot": [-0.5, 62.5, 2.5],
					"cubes": [
						{
							"origin": [-5.82224, 56.64416, -2.82224],
							"size": [10.64448, 11.71168, 10.64448],
							"uv": {
								"north": {"uv": [104, 60], "uv_size": [11, 12]},
								"east": {"uv": [106, 98], "uv_size": [11, 12]},
								"south": {"uv": [66, 108], "uv_size": [11, 12]},
								"west": {"uv": [108, 72], "uv_size": [11, 12]},
								"up": {"uv": [55, 116], "uv_size": [11, 11]},
								"down": {"uv": [117, 106], "uv_size": [11, -11]}
							}
						},
						{
							"origin": [-3.69334, 64.9865, -0.69334],
							"size": [6.38669, 7.02701, 6.38669],
							"uv": {
								"north": {"uv": [107, 143], "uv_size": [6, 7]},
								"east": {"uv": [120, 143], "uv_size": [6, 7]},
								"south": {"uv": [8, 144], "uv_size": [6, 7]},
								"west": {"uv": [14, 144], "uv_size": [6, 7]},
								"up": {"uv": [144, 71], "uv_size": [6, 6]},
								"down": {"uv": [144, 83], "uv_size": [6, -6]}
							}
						}
					]
				}
			]
		}
	]
}
