{
	"format_version": "1.12.0",
	"minecraft:geometry": [
		{
			"description": {
				"identifier": "geometry.thunder_dragon",
				"texture_width": 272,
				"texture_height": 272,
				"visible_bounds_width": 10,
				"visible_bounds_height": 4,
				"visible_bounds_offset": [0, 1, 0]
			},
			"bones": [
				{
					"name": "body",
					"pivot": [0, 0, 0],
					"cubes": [
						{
							"origin": [-13, 0, -18],
							"size": [26, 26, 45],
							"uv": {
								"north": {"uv": [45, 45], "uv_size": [26, 26]},
								"east": {"uv": [0, 45], "uv_size": [45, 26]},
								"south": {"uv": [116, 45], "uv_size": [26, 26]},
								"west": {"uv": [71, 45], "uv_size": [45, 26]},
								"up": {"uv": [45, 0], "uv_size": [26, 45]},
								"down": {"uv": [71, 45], "uv_size": [26, -45]}
							}
						},
						{
							"origin": [-11.7, 0.3, -8.75],
							"size": [23.4, 23.4, 40.5],
							"uv": {
								"north": {"uv": [45, 45], "uv_size": [26, 26]},
								"east": {"uv": [0, 45], "uv_size": [45, 26]},
								"south": {"uv": [116, 45], "uv_size": [26, 26]},
								"west": {"uv": [71, 45], "uv_size": [45, 26]},
								"up": {"uv": [45, 0], "uv_size": [26, 45]},
								"down": {"uv": [71, 45], "uv_size": [26, -45]}
							}
						},
						{
							"origin": [-10.53, 0.47, 0.275],
							"size": [21.06, 21.06, 36.45],
							"uv": {
								"north": {"uv": [45, 45], "uv_size": [26, 26]},
								"east": {"uv": [0, 45], "uv_size": [45, 26]},
								"south": {"uv": [116, 45], "uv_size": [26, 26]},
								"west": {"uv": [71, 45], "uv_size": [45, 26]},
								"up": {"uv": [45, 0], "uv_size": [26, 45]},
								"down": {"uv": [71, 45], "uv_size": [26, -45]}
							}
						},
						{
							"origin": [-9.477, 0.523, 7.0975],
							"size": [18.954, 18.954, 32.805],
							"uv": {
								"north": {"uv": [45, 45], "uv_size": [26, 26]},
								"east": {"uv": [0, 45], "uv_size": [45, 26]},
								"south": {"uv": [116, 45], "uv_size": [26, 26]},
								"west": {"uv": [71, 45], "uv_size": [45, 26]},
								"up": {"uv": [45, 0], "uv_size": [26, 45]},
								"down": {"uv": [71, 45], "uv_size": [26, -45]}
							}
						},
						{
							"origin": [-8, 3, -34],
							"size": [17, 8, 19],
							"pivot": [0, 0, 0],
							"rotation": [10, 0, 0],
							"uv": {
								"north": {"uv": [202, 97], "uv_size": [17, 8]},
								"east": {"uv": [183, 97], "uv_size": [19, 8]},
								"south": {"uv": [238, 97], "uv_size": [17, 8]},
								"west": {"uv": [219, 97], "uv_size": [19, 8]},
								"up": {"uv": [202, 78], "uv_size": [17, 19]},
								"down": {"uv": [219, 97], "uv_size": [17, -19]}
							}
						},
						{
							"origin": [-8, 13, -33],
							"size": [17, 8, 19],
							"pivot": [0, 0, 0],
							"rotation": [10, 0, 0],
							"uv": {
								"north": {"uv": [202, 55], "uv_size": [17, 8]},
								"east": {"uv": [183, 55], "uv_size": [19, 8]},
								"south": {"uv": [238, 55], "uv_size": [17, 8]},
								"west": {"uv": [219, 55], "uv_size": [19, 8]},
								"up": {"uv": [202, 36], "uv_size": [17, 19]},
								"down": {"uv": [219, 55], "uv_size": [17, -19]}
							}
						},
						{
							"origin": [-8, 23, -14],
							"size": [17, 8, 19],
							"pivot": [0, 0, 0],
							"rotation": [40, 0, 0],
							"uv": {
								"north": {"uv": [163, 196], "uv_size": [17, 8]},
								"east": {"uv": [144, 196], "uv_size": [19, 8]},
								"south": {"uv": [199, 196], "uv_size": [17, 8]},
								"west": {"uv": [180, 196], "uv_size": [19, 8]},
								"up": {"uv": [163, 177], "uv_size": [17, 19]},
								"down": {"uv": [180, 196], "uv_size": [17, -19]}
							}
						},
						{
							"origin": [-5, 3, -37],
							"size": [11, 9, 14],
							"pivot": [0, 0, 0],
							"rotation": [10, 0, 0],
							"uv": {
								"north": {"uv": [57, 184], "uv_size": [11, 9]},
								"east": {"uv": [43, 184], "uv_size": [14, 9]},
								"south": {"uv": [82, 184], "uv_size": [11, 9]},
								"west": {"uv": [68, 184], "uv_size": [14, 9]},
								"up": {"uv": [57, 170], "uv_size": [11, 14]},
								"down": {"uv": [68, 184], "uv_size": [11, -14]}
							}
						},
						{
							"origin": [-5, 13, -37],
							"size": [11, 7, 14],
							"pivot": [0, 0, 0],
							"rotation": [10, 0, 0],
							"uv": {
								"north": {"uv": [211, 183], "uv_size": [11, 7]},
								"east": {"uv": [197, 183], "uv_size": [14, 7]},
								"south": {"uv": [236, 183], "uv_size": [11, 7]},
								"west": {"uv": [222, 183], "uv_size": [14, 7]},
								"up": {"uv": [211, 169], "uv_size": [11, 14]},
								"down": {"uv": [222, 183], "uv_size": [11, -14]}
							}
						},
						{
							"origin": [-10, 3, -27],
							"size": [21, 7, 12],
							"pivot": [0, 0, 0],
							"rotation": [10, 0, 0],
							"uv": {
								"north": {"uv": [204, 12], "uv_size": [21, 7]},
								"east": {"uv": [192, 12], "uv_size": [12, 7]},
								"south": {"uv": [237, 12], "uv_size": [21, 7]},
								"west": {"uv": [225, 12], "uv_size": [12, 7]},
								"up": {"uv": [204, 0], "uv_size": [21, 12]},
								"down": {"uv": [225, 12], "uv_size": [21, -12]}
							}
						},
						{
							"origin": [-10, 8, -29],
							"size": [21, 7, 12],
							"pivot": [0, 0, 0],
							"rotation": [-2.5, 0, 0],
							"uv": {
								"north": {"uv": [180, 162], "uv_size": [21, 7]},
								"east": {"uv": [168, 162], "uv_size": [12, 7]},
								"south": {"uv": [213, 162], "uv_size": [21, 7]},
								"west": {"uv": [201, 162], "uv_size": [12, 7]},
								"up": {"uv": [180, 150], "uv_size": [21, 12]},
								"down": {"uv": [201, 162], "uv_size": [21, -12]}
							}
						},
						{
							"origin": [4, 39, -13],
							"size": [7, 7, 29],
							"pivot": [7.5, 29.5, 40.5],
							"rotation": [17.5, 0, 0],
							"uv": {
								"north": {"uv": [101, 199], "uv_size": [7, 7]},
								"east": {"uv": [72, 199], "uv_size": [29, 7]},
								"south": {"uv": [137, 199], "uv_size": [7, 7]},
								"west": {"uv": [108, 199], "uv_size": [29, 7]},
								"up": {"uv": [101, 170], "uv_size": [7, 29]},
								"down": {"uv": [108, 199], "uv_size": [7, -29]}
							}
						},
						{
							"origin": [-11, 39, -13],
							"size": [7, 7, 29],
							"pivot": [-7.5, 29.5, 40.5],
							"rotation": [17.5, 0, 0],
							"uv": {
								"north": {"uv": [29, 199], "uv_size": [7, 7]},
								"east": {"uv": [0, 199], "uv_size": [29, 7]},
								"south": {"uv": [65, 199], "uv_size": [7, 7]},
								"west": {"uv": [36, 199], "uv_size": [29, 7]},
								"up": {"uv": [29, 170], "uv_size": [7, 29]},
								"down": {"uv": [36, 199], "uv_size": [7, -29]}
							}
						},
						{
							"origin": [-11, 41, -13],
							"size": [7, 7, 29],
							"pivot": [-7.5, 29.5, 40.5],
							"rotation": [20.15255, 14.0147, -58.10888],
							"uv": {
								"north": {"uv": [197, 143], "uv_size": [7, 7]},
								"east": {"uv": [168, 143], "uv_size": [29, 7]},
								"south": {"uv": [233, 143], "uv_size": [7, 7]},
								"west": {"uv": [204, 143], "uv_size": [29, 7]},
								"up": {"uv": [197, 114], "uv_size": [7, 29]},
								"down": {"uv": [204, 143], "uv_size": [7, -29]}
							}
						},
						{
							"origin": [4, 41, -13],
							"size": [7, 7, 29],
							"pivot": [7.5, 29.5, 40.5],
							"rotation": [20.15255, -14.0147, 58.10888],
							"uv": {
								"north": {"uv": [178, 29], "uv_size": [7, 7]},
								"east": {"uv": [149, 29], "uv_size": [29, 7]},
								"south": {"uv": [214, 29], "uv_size": [7, 7]},
								"west": {"uv": [185, 29], "uv_size": [29, 7]},
								"up": {"uv": [178, 0], "uv_size": [7, 29]},
								"down": {"uv": [185, 29], "uv_size": [7, -29]}
							}
						},
						{
							"origin": [6, 38, -13],
							"size": [7, 7, 29],
							"pivot": [7.5, 29.5, 40.5],
							"rotation": [10.4747, -22.13925, 88.55659],
							"uv": {
								"north": {"uv": [169, 107], "uv_size": [7, 7]},
								"east": {"uv": [140, 107], "uv_size": [29, 7]},
								"south": {"uv": [205, 107], "uv_size": [7, 7]},
								"west": {"uv": [176, 107], "uv_size": [29, 7]},
								"up": {"uv": [169, 78], "uv_size": [7, 29]},
								"down": {"uv": [176, 107], "uv_size": [7, -29]}
							}
						},
						{
							"origin": [-13, 38, -13],
							"size": [7, 7, 29],
							"pivot": [-7.5, 29.5, 40.5],
							"rotation": [10.4747, 22.13925, -88.55659],
							"uv": {
								"north": {"uv": [169, 71], "uv_size": [7, 7]},
								"east": {"uv": [140, 71], "uv_size": [29, 7]},
								"south": {"uv": [205, 71], "uv_size": [7, 7]},
								"west": {"uv": [176, 71], "uv_size": [29, 7]},
								"up": {"uv": [169, 42], "uv_size": [7, 29]},
								"down": {"uv": [176, 71], "uv_size": [7, -29]}
							}
						},
						{
							"origin": [-4, 38, -10],
							"size": [8, 7, 34],
							"pivot": [7.5, 29.5, 40.5],
							"rotation": [17.5, 0, 0],
							"uv": {
								"north": {"uv": [152, 170], "uv_size": [8, 7]},
								"east": {"uv": [118, 170], "uv_size": [34, 7]},
								"south": {"uv": [194, 170], "uv_size": [8, 7]},
								"west": {"uv": [160, 170], "uv_size": [34, 7]},
								"up": {"uv": [152, 136], "uv_size": [8, 34]},
								"down": {"uv": [160, 170], "uv_size": [8, -34]}
							}
						}
					]
				}
			]
		}
	]
}
