{
	"format_version": "1.12.0",
	"minecraft:geometry": [
		{
			"description": {
				"identifier": "geometry.uzui_headband",
				"texture_width": 64,
				"texture_height": 64,
				"visible_bounds_width": 3,
				"visible_bounds_height": 3,
				"visible_bounds_offset": [0, 1.5, 0]
			},
			"bones": [
				{
					"name": "root",
					"pivot": [0, 0, 0]
				},
				{
					"name": "waist",
					"parent": "root",
					"pivot": [0, 12, 0]
				},
				{
					"name": "body",
					"parent": "waist",
					"pivot": [0, 24, 0]
				},
				{
					"name": "head",
					"parent": "body",
					"pivot": [0, 24, 0]
				},
				{
					"name": "Bd",
					"parent": "head",
					"pivot": [0, 24, 0],
					"cubes": [
						{
							"origin": [-4.72596, 28.1168, -4.47247],
							"size": [7.92, 2.97, 0.495],
							"pivot": [0.22404, 30.5918, -4.22497],
							"rotation": [0, 0, -14.73847],
							"uv": {
								"north": {"uv": [54, 53], "uv_size": [7, -0.3]},
								"east": {"uv": [54, 53], "uv_size": [7, -0.3]},
								"south": {"uv": [54, 53], "uv_size": [7, -0.3]},
								"west": {"uv": [54, 53], "uv_size": [7, -0.3]},
								"up": {"uv": [61, 52.7], "uv_size": [-7, 0.3]},
								"down": {"uv": [61, 52.7], "uv_size": [-7, 0.3]}
							}
						},
						{
							"origin": [-5.94497, 29.87885, -4.47347],
							"size": [1.982, 2.972, 1.487],
							"inflate": -0.1,
							"pivot": [6.92603, 32.35485, -4.22497],
							"rotation": [0, 0, -14.73847],
							"uv": {
								"north": {"uv": [54, 51], "uv_size": [2, 3]},
								"east": {"uv": [54, 51], "uv_size": [2, 3]},
								"south": {"uv": [54, 51], "uv_size": [2, 3]},
								"west": {"uv": [54, 51], "uv_size": [2, 3]},
								"up": {"uv": [56, 54], "uv_size": [-2, -3]},
								"down": {"uv": [56, 54], "uv_size": [-2, -3]}
							}
						},
						{
							"origin": [-5.11455, 26.93843, -4.00498],
							"size": [1.982, 2.972, 1.487],
							"inflate": -0.1,
							"pivot": [-4.12355, 28.42443, -3.26148],
							"rotation": [0, 45, -14.73847],
							"uv": {
								"north": {"uv": [54, 51], "uv_size": [2, 3]},
								"east": {"uv": [54, 51], "uv_size": [2, 3]},
								"south": {"uv": [54, 51], "uv_size": [2, 3]},
								"west": {"uv": [54, 51], "uv_size": [2, 3]},
								"up": {"uv": [56, 54], "uv_size": [-2, -3]},
								"down": {"uv": [56, 54], "uv_size": [-2, -3]}
							}
						},
						{
							"origin": [-2.74663, 27.56135, -5.79092],
							"size": [1.982, 2.972, 1.487],
							"inflate": -0.1,
							"pivot": [-1.75563, 29.04735, -3.06742],
							"rotation": [0, 90, -14.73847],
							"uv": {
								"north": {"uv": [54, 51], "uv_size": [2, 3]},
								"east": {"uv": [54, 51], "uv_size": [2, 3]},
								"south": {"uv": [54, 51], "uv_size": [2, 3]},
								"west": {"uv": [54, 51], "uv_size": [2, 3]},
								"up": {"uv": [56, 54], "uv_size": [-2, -3]},
								"down": {"uv": [56, 54], "uv_size": [-2, -3]}
							}
						},
						{
							"origin": [1.97503, 29.87885, -4.47347],
							"size": [1.982, 2.972, 1.487],
							"inflate": -0.1,
							"pivot": [6.92603, 32.35485, -4.22497],
							"rotation": [0, 0, -14.73847],
							"uv": {
								"north": {"uv": [54, 51], "uv_size": [2, 3]},
								"east": {"uv": [54, 51], "uv_size": [2, 3]},
								"south": {"uv": [54, 51], "uv_size": [2, 3]},
								"west": {"uv": [54, 51], "uv_size": [2, 3]},
								"up": {"uv": [56, 54], "uv_size": [-2, -3]},
								"down": {"uv": [56, 54], "uv_size": [-2, -3]}
							}
						},
						{
							"origin": [3.16176, 29.40973, -3.1869],
							"size": [0.992, 2.972, 1.487],
							"inflate": -0.1,
							"pivot": [5.14276, 31.88573, -2.9384],
							"rotation": [0, -45, -14.73847],
							"uv": {
								"north": {"uv": [54, 51], "uv_size": [1, 3]},
								"east": {"uv": [54, 51], "uv_size": [1, 3]},
								"south": {"uv": [54, 51], "uv_size": [1, 3]},
								"west": {"uv": [54, 51], "uv_size": [1, 3]},
								"up": {"uv": [55, 54], "uv_size": [-1, -3]},
								"down": {"uv": [55, 54], "uv_size": [-1, -3]}
							}
						},
						{
							"origin": [-4.72596, 28.6118, -4.96747],
							"size": [1.98, 1.98, 0.495],
							"pivot": [0.22404, 30.5918, -4.22497],
							"rotation": [0, 0, -14.7385],
							"uv": {
								"north": {"uv": [22, 39], "uv_size": [-22, -23.3]},
								"east": {"uv": [22, 39], "uv_size": [-22, -23.3]},
								"south": {"uv": [22, 39], "uv_size": [-22, -23.3]},
								"west": {"uv": [22, 39], "uv_size": [-22, -23.3]},
								"up": {"uv": [0, 15.7], "uv_size": [22, 23.3]},
								"down": {"uv": [0, 15.7], "uv_size": [22, 23.3]}
							}
						},
						{
							"origin": [-1.75596, 28.6118, -4.96747],
							"size": [1.98, 1.98, 0.495],
							"pivot": [0.22404, 30.5918, -4.22497],
							"rotation": [0, 0, -14.7385],
							"uv": {
								"north": {"uv": [22, 39], "uv_size": [-22, -23.3]},
								"east": {"uv": [22, 39], "uv_size": [-22, -23.3]},
								"south": {"uv": [22, 39], "uv_size": [-22, -23.3]},
								"west": {"uv": [22, 39], "uv_size": [-22, -23.3]},
								"up": {"uv": [0, 15.7], "uv_size": [22, 23.3]},
								"down": {"uv": [0, 15.7], "uv_size": [22, 23.3]}
							}
						},
						{
							"origin": [1.21404, 28.6118, -4.96747],
							"size": [1.98, 1.98, 0.495],
							"pivot": [0.22404, 30.5918, -4.22497],
							"rotation": [0, 0, -14.7385],
							"uv": {
								"north": {"uv": [22, 39], "uv_size": [-22, -23.3]},
								"east": {"uv": [22, 39], "uv_size": [-22, -23.3]},
								"south": {"uv": [22, 39], "uv_size": [-22, -23.3]},
								"west": {"uv": [22, 39], "uv_size": [-22, -23.3]},
								"up": {"uv": [0, 15.7], "uv_size": [22, 23.3]},
								"down": {"uv": [0, 15.7], "uv_size": [22, 23.3]}
							}
						}
					]
				},
				{
					"name": "Bd1",
					"parent": "Bd",
					"pivot": [0, 28.6, 0],
					"cubes": [
						{
							"origin": [4.44831, 29.40308, -4.02461],
							"size": [0.594, 0.594, 0.594],
							"pivot": [4.74531, 29.70008, -3.31844],
							"rotation": [0, 0, 0.26153],
							"uv": {
								"north": {"uv": [22, 64], "uv_size": [-22, -23.3]},
								"east": {"uv": [22, 64], "uv_size": [-22, -23.3]},
								"south": {"uv": [22, 64], "uv_size": [-22, -23.3]},
								"west": {"uv": [22, 64], "uv_size": [-22, -23.3]},
								"up": {"uv": [0, 40.7], "uv_size": [22, 23.3]},
								"down": {"uv": [0, 40.7], "uv_size": [22, 23.3]}
							}
						},
						{
							"origin": [4.40771, 28.94411, -4.01461],
							"size": [0.6752, 0.6752, 0.6752],
							"inflate": -0.1,
							"pivot": [4.74531, 29.70008, -3.31844],
							"rotation": [0, 0, 0.26153],
							"uv": {
								"north": {"uv": [22, 64], "uv_size": [-22, -23.3]},
								"east": {"uv": [22, 64], "uv_size": [-22, -23.3]},
								"south": {"uv": [22, 64], "uv_size": [-22, -23.3]},
								"west": {"uv": [22, 64], "uv_size": [-22, -23.3]},
								"up": {"uv": [0, 40.7], "uv_size": [22, 23.3]},
								"down": {"uv": [0, 40.7], "uv_size": [22, 23.3]}
							}
						},
						{
							"origin": [4.42498, 28.39071, -4.02461],
							"size": [0.64152, 0.64152, 0.64152],
							"pivot": [4.74574, 29.79512, -3.31844],
							"rotation": [0, 0, 0.26153],
							"uv": {
								"north": {"uv": [22, 64], "uv_size": [-22, -23.3]},
								"east": {"uv": [22, 64], "uv_size": [-22, -23.3]},
								"south": {"uv": [22, 64], "uv_size": [-22, -23.3]},
								"west": {"uv": [22, 64], "uv_size": [-22, -23.3]},
								"up": {"uv": [0, 40.7], "uv_size": [22, 23.3]},
								"down": {"uv": [0, 40.7], "uv_size": [22, 23.3]}
							}
						},
						{
							"origin": [4.44831, 27.62108, -4.02461],
							"size": [0.594, 0.594, 0.594],
							"pivot": [4.74531, 29.70008, -3.31844],
							"rotation": [0, 0, 0.26153],
							"uv": {
								"north": {"uv": [22, 64], "uv_size": [-22, -23.3]},
								"east": {"uv": [22, 64], "uv_size": [-22, -23.3]},
								"south": {"uv": [22, 64], "uv_size": [-22, -23.3]},
								"west": {"uv": [22, 64], "uv_size": [-22, -23.3]},
								"up": {"uv": [0, 40.7], "uv_size": [22, 23.3]},
								"down": {"uv": [0, 40.7], "uv_size": [22, 23.3]}
							}
						},
						{
							"origin": [4.42614, 27.87491, -4.01461],
							"size": [0.63718, 0.63718, 0.63718],
							"inflate": -0.1,
							"pivot": [4.74474, 29.57632, -3.31844],
							"rotation": [0, 0, 0.26153],
							"uv": {
								"north": {"uv": [22, 64], "uv_size": [-22, -23.3]},
								"east": {"uv": [22, 64], "uv_size": [-22, -23.3]},
								"south": {"uv": [22, 64], "uv_size": [-22, -23.3]},
								"west": {"uv": [22, 64], "uv_size": [-22, -23.3]},
								"up": {"uv": [0, 40.7], "uv_size": [22, 23.3]},
								"down": {"uv": [0, 40.7], "uv_size": [22, 23.3]}
							}
						},
						{
							"origin": [4.40771, 27.16211, -4.01461],
							"size": [0.6752, 0.6752, 0.6752],
							"inflate": -0.1,
							"pivot": [4.74531, 29.70008, -3.31844],
							"rotation": [0, 0, 0.26153],
							"uv": {
								"north": {"uv": [22, 64], "uv_size": [-22, -23.3]},
								"east": {"uv": [22, 64], "uv_size": [-22, -23.3]},
								"south": {"uv": [22, 64], "uv_size": [-22, -23.3]},
								"west": {"uv": [22, 64], "uv_size": [-22, -23.3]},
								"up": {"uv": [0, 40.7], "uv_size": [22, 23.3]},
								"down": {"uv": [0, 40.7], "uv_size": [22, 23.3]}
							}
						},
						{
							"origin": [4.42498, 26.60871, -4.02461],
							"size": [0.64152, 0.64152, 0.64152],
							"pivot": [4.74574, 29.79512, -3.31844],
							"rotation": [0, 0, 0.26153],
							"uv": {
								"north": {"uv": [22, 64], "uv_size": [-22, -23.3]},
								"east": {"uv": [22, 64], "uv_size": [-22, -23.3]},
								"south": {"uv": [22, 64], "uv_size": [-22, -23.3]},
								"west": {"uv": [22, 64], "uv_size": [-22, -23.3]},
								"up": {"uv": [0, 40.7], "uv_size": [22, 23.3]},
								"down": {"uv": [0, 40.7], "uv_size": [22, 23.3]}
							}
						},
						{
							"origin": [4.44831, 26.43308, -4.02461],
							"size": [0.594, 0.594, 0.594],
							"pivot": [4.74531, 29.70008, -3.31844],
							"rotation": [0, 0, 0.26153],
							"uv": {
								"north": {"uv": [22, 64], "uv_size": [-22, -23.3]},
								"east": {"uv": [22, 64], "uv_size": [-22, -23.3]},
								"south": {"uv": [22, 64], "uv_size": [-22, -23.3]},
								"west": {"uv": [22, 64], "uv_size": [-22, -23.3]},
								"up": {"uv": [0, 40.7], "uv_size": [22, 23.3]},
								"down": {"uv": [0, 40.7], "uv_size": [22, 23.3]}
							}
						},
						{
							"origin": [4.40771, 25.97411, -4.01461],
							"size": [0.6752, 0.6752, 0.6752],
							"inflate": -0.1,
							"pivot": [4.74531, 29.70008, -3.31844],
							"rotation": [0, 0, 0.26153],
							"uv": {
								"north": {"uv": [22, 64], "uv_size": [-22, -23.3]},
								"east": {"uv": [22, 64], "uv_size": [-22, -23.3]},
								"south": {"uv": [22, 64], "uv_size": [-22, -23.3]},
								"west": {"uv": [22, 64], "uv_size": [-22, -23.3]},
								"up": {"uv": [0, 40.7], "uv_size": [22, 23.3]},
								"down": {"uv": [0, 40.7], "uv_size": [22, 23.3]}
							}
						},
						{
							"origin": [4.40771, 25.13507, -4.01461],
							"size": [0.6752, 0.6752, 0.6752],
							"inflate": -0.1,
							"pivot": [4.74531, 29.70008, -3.31844],
							"rotation": [0, 0, 0.26153],
							"uv": {
								"north": {"uv": [22, 64], "uv_size": [-22, -23.3]},
								"east": {"uv": [22, 64], "uv_size": [-22, -23.3]},
								"south": {"uv": [22, 64], "uv_size": [-22, -23.3]},
								"west": {"uv": [22, 64], "uv_size": [-22, -23.3]},
								"up": {"uv": [0, 40.7], "uv_size": [22, 23.3]},
								"down": {"uv": [0, 40.7], "uv_size": [22, 23.3]}
							}
						},
						{
							"origin": [4.44831, 25.71771, -4.02461],
							"size": [0.594, 0.594, 0.594],
							"pivot": [4.74531, 29.70008, -3.31844],
							"rotation": [0, 0, 0.26153],
							"uv": {
								"north": {"uv": [22, 64], "uv_size": [-22, -23.3]},
								"east": {"uv": [22, 64], "uv_size": [-22, -23.3]},
								"south": {"uv": [22, 64], "uv_size": [-22, -23.3]},
								"west": {"uv": [22, 64], "uv_size": [-22, -23.3]},
								"up": {"uv": [0, 40.7], "uv_size": [22, 23.3]},
								"down": {"uv": [0, 40.7], "uv_size": [22, 23.3]}
							}
						}
					]
				},
				{
					"name": "Bd3",
					"parent": "Bd1",
					"pivot": [0, 24.2, 0],
					"cubes": [
						{
							"origin": [4.44831, 25.00308, -4.02461],
							"size": [0.594, 0.594, 0.594],
							"pivot": [4.74531, 25.30008, -3.31844],
							"rotation": [0, 0, 0.26153],
							"uv": {
								"north": {"uv": [22, 64], "uv_size": [-22, -23.3]},
								"east": {"uv": [22, 64], "uv_size": [-22, -23.3]},
								"south": {"uv": [22, 64], "uv_size": [-22, -23.3]},
								"west": {"uv": [22, 64], "uv_size": [-22, -23.3]},
								"up": {"uv": [0, 40.7], "uv_size": [22, 23.3]},
								"down": {"uv": [0, 40.7], "uv_size": [22, 23.3]}
							}
						},
						{
							"origin": [4.40771, 24.54411, -4.01461],
							"size": [0.6752, 0.6752, 0.6752],
							"inflate": -0.1,
							"pivot": [4.74531, 25.30008, -3.31844],
							"rotation": [0, 0, 0.26153],
							"uv": {
								"north": {"uv": [22, 64], "uv_size": [-22, -23.3]},
								"east": {"uv": [22, 64], "uv_size": [-22, -23.3]},
								"south": {"uv": [22, 64], "uv_size": [-22, -23.3]},
								"west": {"uv": [22, 64], "uv_size": [-22, -23.3]},
								"up": {"uv": [0, 40.7], "uv_size": [22, 23.3]},
								"down": {"uv": [0, 40.7], "uv_size": [22, 23.3]}
							}
						},
						{
							"origin": [4.42498, 23.99071, -4.02461],
							"size": [0.64152, 0.64152, 0.64152],
							"pivot": [4.74574, 25.39512, -3.31844],
							"rotation": [0, 0, 0.26153],
							"uv": {
								"north": {"uv": [22, 64], "uv_size": [-22, -23.3]},
								"east": {"uv": [22, 64], "uv_size": [-22, -23.3]},
								"south": {"uv": [22, 64], "uv_size": [-22, -23.3]},
								"west": {"uv": [22, 64], "uv_size": [-22, -23.3]},
								"up": {"uv": [0, 40.7], "uv_size": [22, 23.3]},
								"down": {"uv": [0, 40.7], "uv_size": [22, 23.3]}
							}
						},
						{
							"origin": [4.44831, 23.22108, -4.02461],
							"size": [0.594, 0.594, 0.594],
							"pivot": [4.74531, 25.30008, -3.31844],
							"rotation": [0, 0, 0.26153],
							"uv": {
								"north": {"uv": [22, 64], "uv_size": [-22, -23.3]},
								"east": {"uv": [22, 64], "uv_size": [-22, -23.3]},
								"south": {"uv": [22, 64], "uv_size": [-22, -23.3]},
								"west": {"uv": [22, 64], "uv_size": [-22, -23.3]},
								"up": {"uv": [0, 40.7], "uv_size": [22, 23.3]},
								"down": {"uv": [0, 40.7], "uv_size": [22, 23.3]}
							}
						},
						{
							"origin": [4.42614, 23.47491, -4.01461],
							"size": [0.63718, 0.63718, 0.63718],
							"inflate": -0.1,
							"pivot": [4.74474, 25.17632, -3.31844],
							"rotation": [0, 0, 0.26153],
							"uv": {
								"north": {"uv": [22, 64], "uv_size": [-22, -23.3]},
								"east": {"uv": [22, 64], "uv_size": [-22, -23.3]},
								"south": {"uv": [22, 64], "uv_size": [-22, -23.3]},
								"west": {"uv": [22, 64], "uv_size": [-22, -23.3]},
								"up": {"uv": [0, 40.7], "uv_size": [22, 23.3]},
								"down": {"uv": [0, 40.7], "uv_size": [22, 23.3]}
							}
						},
						{
							"origin": [4.40771, 22.76211, -4.01461],
							"size": [0.6752, 0.6752, 0.6752],
							"inflate": -0.1,
							"pivot": [4.74531, 25.30008, -3.31844],
							"rotation": [0, 0, 0.26153],
							"uv": {
								"north": {"uv": [22, 64], "uv_size": [-22, -23.3]},
								"east": {"uv": [22, 64], "uv_size": [-22, -23.3]},
								"south": {"uv": [22, 64], "uv_size": [-22, -23.3]},
								"west": {"uv": [22, 64], "uv_size": [-22, -23.3]},
								"up": {"uv": [0, 40.7], "uv_size": [22, 23.3]},
								"down": {"uv": [0, 40.7], "uv_size": [22, 23.3]}
							}
						},
						{
							"origin": [4.42498, 22.20871, -4.02461],
							"size": [0.64152, 0.64152, 0.64152],
							"pivot": [4.74574, 25.39512, -3.31844],
							"rotation": [0, 0, 0.26153],
							"uv": {
								"north": {"uv": [22, 64], "uv_size": [-22, -23.3]},
								"east": {"uv": [22, 64], "uv_size": [-22, -23.3]},
								"south": {"uv": [22, 64], "uv_size": [-22, -23.3]},
								"west": {"uv": [22, 64], "uv_size": [-22, -23.3]},
								"up": {"uv": [0, 40.7], "uv_size": [22, 23.3]},
								"down": {"uv": [0, 40.7], "uv_size": [22, 23.3]}
							}
						},
						{
							"origin": [4.44831, 22.03308, -4.02461],
							"size": [0.594, 0.594, 0.594],
							"pivot": [4.74531, 25.30008, -3.31844],
							"rotation": [0, 0, 0.26153],
							"uv": {
								"north": {"uv": [22, 64], "uv_size": [-22, -23.3]},
								"east": {"uv": [22, 64], "uv_size": [-22, -23.3]},
								"south": {"uv": [22, 64], "uv_size": [-22, -23.3]},
								"west": {"uv": [22, 64], "uv_size": [-22, -23.3]},
								"up": {"uv": [0, 40.7], "uv_size": [22, 23.3]},
								"down": {"uv": [0, 40.7], "uv_size": [22, 23.3]}
							}
						},
						{
							"origin": [4.40771, 21.57411, -4.01461],
							"size": [0.6752, 0.6752, 0.6752],
							"inflate": -0.1,
							"pivot": [4.74531, 25.30008, -3.31844],
							"rotation": [0, 0, 0.26153],
							"uv": {
								"north": {"uv": [22, 64], "uv_size": [-22, -23.3]},
								"east": {"uv": [22, 64], "uv_size": [-22, -23.3]},
								"south": {"uv": [22, 64], "uv_size": [-22, -23.3]},
								"west": {"uv": [22, 64], "uv_size": [-22, -23.3]},
								"up": {"uv": [0, 40.7], "uv_size": [22, 23.3]},
								"down": {"uv": [0, 40.7], "uv_size": [22, 23.3]}
							}
						},
						{
							"origin": [4.44831, 21.31771, -4.02461],
							"size": [0.594, 0.594, 0.594],
							"pivot": [4.74531, 25.30008, -3.31844],
							"rotation": [0, 0, 0.26153],
							"uv": {
								"north": {"uv": [22, 64], "uv_size": [-22, -23.3]},
								"east": {"uv": [22, 64], "uv_size": [-22, -23.3]},
								"south": {"uv": [22, 64], "uv_size": [-22, -23.3]},
								"west": {"uv": [22, 64], "uv_size": [-22, -23.3]},
								"up": {"uv": [0, 40.7], "uv_size": [22, 23.3]},
								"down": {"uv": [0, 40.7], "uv_size": [22, 23.3]}
							}
						}
					]
				},
				{
					"name": "Bd2",
					"parent": "Bd",
					"pivot": [-9.9, 27.5, 0],
					"cubes": [
						{
							"origin": [-5.45169, 28.30308, -4.02461],
							"size": [0.594, 0.594, 0.594],
							"pivot": [-5.15469, 28.60008, -3.31844],
							"rotation": [0, 0, 0.26153],
							"uv": {
								"north": {"uv": [22, 64], "uv_size": [-22, -23.3]},
								"east": {"uv": [22, 64], "uv_size": [-22, -23.3]},
								"south": {"uv": [22, 64], "uv_size": [-22, -23.3]},
								"west": {"uv": [22, 64], "uv_size": [-22, -23.3]},
								"up": {"uv": [0, 40.7], "uv_size": [22, 23.3]},
								"down": {"uv": [0, 40.7], "uv_size": [22, 23.3]}
							}
						},
						{
							"origin": [-5.49229, 27.84411, -4.01461],
							"size": [0.6752, 0.6752, 0.6752],
							"inflate": -0.1,
							"pivot": [-5.15469, 28.60008, -3.31844],
							"rotation": [0, 0, 0.26153],
							"uv": {
								"north": {"uv": [22, 64], "uv_size": [-22, -23.3]},
								"east": {"uv": [22, 64], "uv_size": [-22, -23.3]},
								"south": {"uv": [22, 64], "uv_size": [-22, -23.3]},
								"west": {"uv": [22, 64], "uv_size": [-22, -23.3]},
								"up": {"uv": [0, 40.7], "uv_size": [22, 23.3]},
								"down": {"uv": [0, 40.7], "uv_size": [22, 23.3]}
							}
						},
						{
							"origin": [-5.47502, 27.29071, -4.02461],
							"size": [0.64152, 0.64152, 0.64152],
							"pivot": [-5.15426, 28.69512, -3.31844],
							"rotation": [0, 0, 0.26153],
							"uv": {
								"north": {"uv": [22, 64], "uv_size": [-22, -23.3]},
								"east": {"uv": [22, 64], "uv_size": [-22, -23.3]},
								"south": {"uv": [22, 64], "uv_size": [-22, -23.3]},
								"west": {"uv": [22, 64], "uv_size": [-22, -23.3]},
								"up": {"uv": [0, 40.7], "uv_size": [22, 23.3]},
								"down": {"uv": [0, 40.7], "uv_size": [22, 23.3]}
							}
						},
						{
							"origin": [-5.45169, 26.52108, -4.02461],
							"size": [0.594, 0.594, 0.594],
							"pivot": [-5.15469, 28.60008, -3.31844],
							"rotation": [0, 0, 0.26153],
							"uv": {
								"north": {"uv": [22, 64], "uv_size": [-22, -23.3]},
								"east": {"uv": [22, 64], "uv_size": [-22, -23.3]},
								"south": {"uv": [22, 64], "uv_size": [-22, -23.3]},
								"west": {"uv": [22, 64], "uv_size": [-22, -23.3]},
								"up": {"uv": [0, 40.7], "uv_size": [22, 23.3]},
								"down": {"uv": [0, 40.7], "uv_size": [22, 23.3]}
							}
						},
						{
							"origin": [-5.47386, 26.77491, -4.01461],
							"size": [0.63718, 0.63718, 0.63718],
							"inflate": -0.1,
							"pivot": [-5.15526, 28.47632, -3.31844],
							"rotation": [0, 0, 0.26153],
							"uv": {
								"north": {"uv": [22, 64], "uv_size": [-22, -23.3]},
								"east": {"uv": [22, 64], "uv_size": [-22, -23.3]},
								"south": {"uv": [22, 64], "uv_size": [-22, -23.3]},
								"west": {"uv": [22, 64], "uv_size": [-22, -23.3]},
								"up": {"uv": [0, 40.7], "uv_size": [22, 23.3]},
								"down": {"uv": [0, 40.7], "uv_size": [22, 23.3]}
							}
						},
						{
							"origin": [-5.49229, 26.06211, -4.01461],
							"size": [0.6752, 0.6752, 0.6752],
							"inflate": -0.1,
							"pivot": [-5.15469, 28.60008, -3.31844],
							"rotation": [0, 0, 0.26153],
							"uv": {
								"north": {"uv": [22, 64], "uv_size": [-22, -23.3]},
								"east": {"uv": [22, 64], "uv_size": [-22, -23.3]},
								"south": {"uv": [22, 64], "uv_size": [-22, -23.3]},
								"west": {"uv": [22, 64], "uv_size": [-22, -23.3]},
								"up": {"uv": [0, 40.7], "uv_size": [22, 23.3]},
								"down": {"uv": [0, 40.7], "uv_size": [22, 23.3]}
							}
						},
						{
							"origin": [-5.47502, 25.50871, -4.02461],
							"size": [0.64152, 0.64152, 0.64152],
							"pivot": [-5.15426, 28.69512, -3.31844],
							"rotation": [0, 0, 0.26153],
							"uv": {
								"north": {"uv": [22, 64], "uv_size": [-22, -23.3]},
								"east": {"uv": [22, 64], "uv_size": [-22, -23.3]},
								"south": {"uv": [22, 64], "uv_size": [-22, -23.3]},
								"west": {"uv": [22, 64], "uv_size": [-22, -23.3]},
								"up": {"uv": [0, 40.7], "uv_size": [22, 23.3]},
								"down": {"uv": [0, 40.7], "uv_size": [22, 23.3]}
							}
						},
						{
							"origin": [-5.45169, 25.33308, -4.02461],
							"size": [0.594, 0.594, 0.594],
							"pivot": [-5.15469, 28.60008, -3.31844],
							"rotation": [0, 0, 0.26153],
							"uv": {
								"north": {"uv": [22, 64], "uv_size": [-22, -23.3]},
								"east": {"uv": [22, 64], "uv_size": [-22, -23.3]},
								"south": {"uv": [22, 64], "uv_size": [-22, -23.3]},
								"west": {"uv": [22, 64], "uv_size": [-22, -23.3]},
								"up": {"uv": [0, 40.7], "uv_size": [22, 23.3]},
								"down": {"uv": [0, 40.7], "uv_size": [22, 23.3]}
							}
						},
						{
							"origin": [-5.49229, 24.87411, -4.01461],
							"size": [0.6752, 0.6752, 0.6752],
							"inflate": -0.1,
							"pivot": [-5.15469, 28.60008, -3.31844],
							"rotation": [0, 0, 0.26153],
							"uv": {
								"north": {"uv": [22, 64], "uv_size": [-22, -23.3]},
								"east": {"uv": [22, 64], "uv_size": [-22, -23.3]},
								"south": {"uv": [22, 64], "uv_size": [-22, -23.3]},
								"west": {"uv": [22, 64], "uv_size": [-22, -23.3]},
								"up": {"uv": [0, 40.7], "uv_size": [22, 23.3]},
								"down": {"uv": [0, 40.7], "uv_size": [22, 23.3]}
							}
						},
						{
							"origin": [-5.49229, 24.03507, -4.01461],
							"size": [0.6752, 0.6752, 0.6752],
							"inflate": -0.1,
							"pivot": [-5.15469, 28.60008, -3.31844],
							"rotation": [0, 0, 0.26153],
							"uv": {
								"north": {"uv": [22, 64], "uv_size": [-22, -23.3]},
								"east": {"uv": [22, 64], "uv_size": [-22, -23.3]},
								"south": {"uv": [22, 64], "uv_size": [-22, -23.3]},
								"west": {"uv": [22, 64], "uv_size": [-22, -23.3]},
								"up": {"uv": [0, 40.7], "uv_size": [22, 23.3]},
								"down": {"uv": [0, 40.7], "uv_size": [22, 23.3]}
							}
						},
						{
							"origin": [-5.45169, 24.61771, -4.02461],
							"size": [0.594, 0.594, 0.594],
							"pivot": [-5.15469, 28.60008, -3.31844],
							"rotation": [0, 0, 0.26153],
							"uv": {
								"north": {"uv": [22, 64], "uv_size": [-22, -23.3]},
								"east": {"uv": [22, 64], "uv_size": [-22, -23.3]},
								"south": {"uv": [22, 64], "uv_size": [-22, -23.3]},
								"west": {"uv": [22, 64], "uv_size": [-22, -23.3]},
								"up": {"uv": [0, 40.7], "uv_size": [22, 23.3]},
								"down": {"uv": [0, 40.7], "uv_size": [22, 23.3]}
							}
						}
					]
				},
				{
					"name": "Bd4",
					"parent": "Bd2",
					"pivot": [-9.9, 23.1, 0],
					"cubes": [
						{
							"origin": [-5.45169, 23.90308, -4.02461],
							"size": [0.594, 0.594, 0.594],
							"pivot": [-5.15469, 24.20008, -3.31844],
							"rotation": [0, 0, 0.26153],
							"uv": {
								"north": {"uv": [22, 64], "uv_size": [-22, -23.3]},
								"east": {"uv": [22, 64], "uv_size": [-22, -23.3]},
								"south": {"uv": [22, 64], "uv_size": [-22, -23.3]},
								"west": {"uv": [22, 64], "uv_size": [-22, -23.3]},
								"up": {"uv": [0, 40.7], "uv_size": [22, 23.3]},
								"down": {"uv": [0, 40.7], "uv_size": [22, 23.3]}
							}
						},
						{
							"origin": [-5.49229, 23.44411, -4.01461],
							"size": [0.6752, 0.6752, 0.6752],
							"inflate": -0.1,
							"pivot": [-5.15469, 24.20008, -3.31844],
							"rotation": [0, 0, 0.26153],
							"uv": {
								"north": {"uv": [22, 64], "uv_size": [-22, -23.3]},
								"east": {"uv": [22, 64], "uv_size": [-22, -23.3]},
								"south": {"uv": [22, 64], "uv_size": [-22, -23.3]},
								"west": {"uv": [22, 64], "uv_size": [-22, -23.3]},
								"up": {"uv": [0, 40.7], "uv_size": [22, 23.3]},
								"down": {"uv": [0, 40.7], "uv_size": [22, 23.3]}
							}
						},
						{
							"origin": [-5.47502, 22.89071, -4.02461],
							"size": [0.64152, 0.64152, 0.64152],
							"pivot": [-5.15426, 24.29512, -3.31844],
							"rotation": [0, 0, 0.26153],
							"uv": {
								"north": {"uv": [22, 64], "uv_size": [-22, -23.3]},
								"east": {"uv": [22, 64], "uv_size": [-22, -23.3]},
								"south": {"uv": [22, 64], "uv_size": [-22, -23.3]},
								"west": {"uv": [22, 64], "uv_size": [-22, -23.3]},
								"up": {"uv": [0, 40.7], "uv_size": [22, 23.3]},
								"down": {"uv": [0, 40.7], "uv_size": [22, 23.3]}
							}
						},
						{
							"origin": [-5.45169, 22.12108, -4.02461],
							"size": [0.594, 0.594, 0.594],
							"pivot": [-5.15469, 24.20008, -3.31844],
							"rotation": [0, 0, 0.26153],
							"uv": {
								"north": {"uv": [22, 64], "uv_size": [-22, -23.3]},
								"east": {"uv": [22, 64], "uv_size": [-22, -23.3]},
								"south": {"uv": [22, 64], "uv_size": [-22, -23.3]},
								"west": {"uv": [22, 64], "uv_size": [-22, -23.3]},
								"up": {"uv": [0, 40.7], "uv_size": [22, 23.3]},
								"down": {"uv": [0, 40.7], "uv_size": [22, 23.3]}
							}
						},
						{
							"origin": [-5.47386, 22.37491, -4.01461],
							"size": [0.63718, 0.63718, 0.63718],
							"inflate": -0.1,
							"pivot": [-5.15526, 24.07632, -3.31844],
							"rotation": [0, 0, 0.26153],
							"uv": {
								"north": {"uv": [22, 64], "uv_size": [-22, -23.3]},
								"east": {"uv": [22, 64], "uv_size": [-22, -23.3]},
								"south": {"uv": [22, 64], "uv_size": [-22, -23.3]},
								"west": {"uv": [22, 64], "uv_size": [-22, -23.3]},
								"up": {"uv": [0, 40.7], "uv_size": [22, 23.3]},
								"down": {"uv": [0, 40.7], "uv_size": [22, 23.3]}
							}
						},
						{
							"origin": [-5.49229, 21.66211, -4.01461],
							"size": [0.6752, 0.6752, 0.6752],
							"inflate": -0.1,
							"pivot": [-5.15469, 24.20008, -3.31844],
							"rotation": [0, 0, 0.26153],
							"uv": {
								"north": {"uv": [22, 64], "uv_size": [-22, -23.3]},
								"east": {"uv": [22, 64], "uv_size": [-22, -23.3]},
								"south": {"uv": [22, 64], "uv_size": [-22, -23.3]},
								"west": {"uv": [22, 64], "uv_size": [-22, -23.3]},
								"up": {"uv": [0, 40.7], "uv_size": [22, 23.3]},
								"down": {"uv": [0, 40.7], "uv_size": [22, 23.3]}
							}
						},
						{
							"origin": [-5.47502, 21.10871, -4.02461],
							"size": [0.64152, 0.64152, 0.64152],
							"pivot": [-5.15426, 24.29512, -3.31844],
							"rotation": [0, 0, 0.26153],
							"uv": {
								"north": {"uv": [22, 64], "uv_size": [-22, -23.3]},
								"east": {"uv": [22, 64], "uv_size": [-22, -23.3]},
								"south": {"uv": [22, 64], "uv_size": [-22, -23.3]},
								"west": {"uv": [22, 64], "uv_size": [-22, -23.3]},
								"up": {"uv": [0, 40.7], "uv_size": [22, 23.3]},
								"down": {"uv": [0, 40.7], "uv_size": [22, 23.3]}
							}
						},
						{
							"origin": [-5.45169, 20.93308, -4.02461],
							"size": [0.594, 0.594, 0.594],
							"pivot": [-5.15469, 24.20008, -3.31844],
							"rotation": [0, 0, 0.26153],
							"uv": {
								"north": {"uv": [22, 64], "uv_size": [-22, -23.3]},
								"east": {"uv": [22, 64], "uv_size": [-22, -23.3]},
								"south": {"uv": [22, 64], "uv_size": [-22, -23.3]},
								"west": {"uv": [22, 64], "uv_size": [-22, -23.3]},
								"up": {"uv": [0, 40.7], "uv_size": [22, 23.3]},
								"down": {"uv": [0, 40.7], "uv_size": [22, 23.3]}
							}
						}
					]
				},
				{
					"name": "cape",
					"parent": "body",
					"pivot": [0, 24, 3]
				}
			]
		}
	]
}