{
	"format_version": "1.12.0",
	"minecraft:geometry": [
		{
			"description": {
				"identifier": "geometry.wind2",
				"texture_width": 512,
				"texture_height": 512,
				"visible_bounds_width": 8,
				"visible_bounds_height": 11,
				"visible_bounds_offset": [0, 2.5, 0]
			},
			"bones": [
				{
					"name": "body",
					"pivot": [0, 0, 0]
				},
				{
					"name": "G1",
					"parent": "body",
					"pivot": [8, -20.95903, 7.06635],
					"cubes": [
						{
							"origin": [7.38331, -48.66976, 0.58273],
							"size": [7.6, 13.456, 18.09601],
							"pivot": [5.70331, -48.66976, 16.35874],
							"rotation": [-10, 0, 0],
							"uv": {
								"north": {"uv": [233, 181], "uv_size": [8, 13]},
								"east": {"uv": [114, 102], "uv_size": [18, 13]},
								"south": {"uv": [240, 217], "uv_size": [8, 13]},
								"west": {"uv": [114, 115], "uv_size": [18, 13]},
								"up": {"uv": [181, 160], "uv_size": [8, 18]},
								"down": {"uv": [0, 200], "uv_size": [8, -18]}
							}
						},
						{
							"origin": [7.38331, -45.04246, -17.097],
							"size": [7.6, 19.02401, 18.09601],
							"pivot": [5.70331, -45.04246, -1.321],
							"rotation": [-22.5, 0, 0],
							"uv": {
								"north": {"uv": [181, 103], "uv_size": [8, 19]},
								"east": {"uv": [72, 0], "uv_size": [18, 19]},
								"south": {"uv": [120, 181], "uv_size": [8, 19]},
								"west": {"uv": [72, 19], "uv_size": [18, 19]},
								"up": {"uv": [8, 182], "uv_size": [8, 18]},
								"down": {"uv": [16, 200], "uv_size": [8, -18]}
							}
						},
						{
							"origin": [7.38331, -37.67455, -33.57257],
							"size": [7.6, 22.73601, 18.09601],
							"pivot": [5.70331, -37.67455, -17.79656],
							"rotation": [-35, 0, 0],
							"uv": {
								"north": {"uv": [158, 96], "uv_size": [8, 23]},
								"east": {"uv": [0, 0], "uv_size": [18, 23]},
								"south": {"uv": [158, 119], "uv_size": [8, 23]},
								"west": {"uv": [18, 0], "uv_size": [18, 23]},
								"up": {"uv": [24, 182], "uv_size": [8, 18]},
								"down": {"uv": [32, 200], "uv_size": [8, -18]}
							}
						},
						{
							"origin": [7.38331, -26.91532, -48.06288],
							"size": [7.6, 20.26134, 18.09601],
							"pivot": [5.70331, -26.91532, -32.28688],
							"rotation": [-47.5, 0, 0],
							"uv": {
								"north": {"uv": [41, 165], "uv_size": [8, 20]},
								"east": {"uv": [36, 46], "uv_size": [18, 20]},
								"south": {"uv": [112, 166], "uv_size": [8, 20]},
								"west": {"uv": [54, 0], "uv_size": [18, 20]},
								"up": {"uv": [49, 182], "uv_size": [8, 18]},
								"down": {"uv": [57, 200], "uv_size": [8, -18]}
							}
						},
						{
							"origin": [7.38331, -13.27484, -59.881],
							"size": [7.6, 16.54934, 18.09601],
							"pivot": [5.70331, -13.27484, -44.10499],
							"rotation": [-60, 0, 0],
							"uv": {
								"north": {"uv": [150, 121], "uv_size": [8, 17]},
								"east": {"uv": [18, 89], "uv_size": [18, 17]},
								"south": {"uv": [176, 214], "uv_size": [8, 17]},
								"west": {"uv": [90, 0], "uv_size": [18, 17]},
								"up": {"uv": [182, 178], "uv_size": [8, 18]},
								"down": {"uv": [65, 201], "uv_size": [8, -18]}
							}
						},
						{
							"origin": [7.38331, 2.67233, -68.17187],
							"size": [7.6, 12.21867, 18.09601],
							"pivot": [5.70331, 2.67233, -52.39586],
							"rotation": [-80, 0, 0],
							"uv": {
								"north": {"uv": [242, 146], "uv_size": [8, 12]},
								"east": {"uv": [116, 78], "uv_size": [18, 12]},
								"south": {"uv": [186, 242], "uv_size": [8, 12]},
								"west": {"uv": [116, 90], "uv_size": [18, 12]},
								"up": {"uv": [73, 183], "uv_size": [8, 18]},
								"down": {"uv": [40, 203], "uv_size": [8, -18]}
							}
						},
						{
							"origin": [7.38331, 20.51984, -70.70914],
							"size": [7.6, 6.65067, 18.09601],
							"pivot": [5.70331, 20.51984, -54.93313],
							"rotation": [-95, 0, 0],
							"uv": {
								"north": {"uv": [271, 84], "uv_size": [8, 7]},
								"east": {"uv": [221, 81], "uv_size": [18, 7]},
								"south": {"uv": [159, 271], "uv_size": [8, 7]},
								"west": {"uv": [221, 88], "uv_size": [18, 7]},
								"up": {"uv": [185, 42], "uv_size": [8, 18]},
								"down": {"uv": [186, 39], "uv_size": [8, -18]}
							}
						},
						{
							"origin": [7.38331, 35.78281, -69.4346],
							"size": [7.6, 2.32, 15.31201],
							"pivot": [5.70331, 35.78281, -53.65859],
							"rotation": [-102.5, 0, 0],
							"uv": {
								"north": {"uv": [281, 42], "uv_size": [8, 2]},
								"east": {"uv": [168, 42], "uv_size": [15, 2]},
								"south": {"uv": [281, 44], "uv_size": [8, 2]},
								"west": {"uv": [277, 28], "uv_size": [15, 2]},
								"up": {"uv": [32, 218], "uv_size": [8, 15]},
								"down": {"uv": [143, 233], "uv_size": [8, -15]}
							}
						},
						{
							"origin": [7.38331, 38.10281, -60.15459],
							"size": [7.6, 4.64, 15.31201],
							"pivot": [5.70331, 35.78281, -53.65859],
							"rotation": [-85, 0, 0],
							"uv": {
								"north": {"uv": [185, 60], "uv_size": [8, 5]},
								"east": {"uv": [8, 262], "uv_size": [15, 5]},
								"south": {"uv": [276, 204], "uv_size": [8, 5]},
								"west": {"uv": [262, 179], "uv_size": [15, 5]},
								"up": {"uv": [40, 221], "uv_size": [8, 15]},
								"down": {"uv": [184, 236], "uv_size": [8, -15]}
							}
						},
						{
							"origin": [7.38331, 39.13392, -62.21682],
							"size": [7.6, 3.60889, 5.00089],
							"pivot": [5.70331, 35.78281, -53.65859],
							"rotation": [-85, 0, 0],
							"uv": {
								"north": {"uv": [160, 24], "uv_size": [8, 4]},
								"east": {"uv": [126, 140], "uv_size": [5, 4]},
								"south": {"uv": [277, 186], "uv_size": [8, 4]},
								"west": {"uv": [160, 91], "uv_size": [5, 4]},
								"up": {"uv": [276, 209], "uv_size": [8, 5]},
								"down": {"uv": [276, 219], "uv_size": [8, -5]}
							}
						},
						{
							"origin": [7.38331, 34.73886, -63.99601],
							"size": [7.6, 2.32, 15.31201],
							"pivot": [5.70331, 34.73886, -48.22],
							"rotation": [-82.5, 0, 0],
							"uv": {
								"north": {"uv": [281, 46], "uv_size": [8, 2]},
								"east": {"uv": [277, 163], "uv_size": [15, 2]},
								"south": {"uv": [48, 281], "uv_size": [8, 2]},
								"west": {"uv": [277, 202], "uv_size": [15, 2]},
								"up": {"uv": [104, 222], "uv_size": [8, 15]},
								"down": {"uv": [222, 217], "uv_size": [8, -15]}
							}
						},
						{
							"origin": [7.38331, 16.24844, -59.97344],
							"size": [7.6, 6.032, 15.31201],
							"pivot": [5.70331, 19.96044, -44.19744],
							"rotation": [-75, 0, 0],
							"uv": {
								"north": {"uv": [209, 66], "uv_size": [8, 6]},
								"east": {"uv": [134, 96], "uv_size": [15, 6]},
								"south": {"uv": [0, 273], "uv_size": [8, 6]},
								"west": {"uv": [0, 142], "uv_size": [15, 6]},
								"up": {"uv": [225, 30], "uv_size": [8, 15]},
								"down": {"uv": [225, 60], "uv_size": [8, -15]}
							}
						},
						{
							"origin": [7.38331, 0.22847, -55.28365],
							"size": [7.6, 8.50667, 17.78667],
							"pivot": [5.70331, 6.41514, -37.03298],
							"rotation": [-62.5, 0, 0],
							"uv": {
								"north": {"uv": [23, 262], "uv_size": [8, 9]},
								"east": {"uv": [167, 56], "uv_size": [18, 9]},
								"south": {"uv": [40, 263], "uv_size": [8, 9]},
								"west": {"uv": [168, 24], "uv_size": [18, 9]},
								"up": {"uv": [106, 186], "uv_size": [8, 18]},
								"down": {"uv": [189, 101], "uv_size": [8, -18]}
							}
						},
						{
							"origin": [7.38331, -14.70325, -42.36512],
							"size": [7.6, 12.21867, 15.31201],
							"pivot": [5.70331, -4.80458, -26.58912],
							"rotation": [-47.5, 0, 0],
							"uv": {
								"north": {"uv": [194, 242], "uv_size": [8, 12]},
								"east": {"uv": [152, 0], "uv_size": [15, 12]},
								"south": {"uv": [202, 242], "uv_size": [8, 12]},
								"west": {"uv": [159, 67], "uv_size": [15, 12]},
								"up": {"uv": [225, 60], "uv_size": [8, 15]},
								"down": {"uv": [225, 131], "uv_size": [8, -15]}
							}
						},
						{
							"origin": [7.38331, -22.21893, -29.37325],
							"size": [7.6, 11.6, 15.31201],
							"pivot": [5.70331, -12.93892, -13.59724],
							"rotation": [-32.5, 0, 0],
							"uv": {
								"north": {"uv": [210, 242], "uv_size": [8, 12]},
								"east": {"uv": [0, 160], "uv_size": [15, 12]},
								"south": {"uv": [218, 242], "uv_size": [8, 12]},
								"west": {"uv": [160, 12], "uv_size": [15, 12]},
								"up": {"uv": [226, 0], "uv_size": [8, 15]},
								"down": {"uv": [226, 30], "uv_size": [8, -15]}
							}
						},
						{
							"origin": [7.38331, -28.00684, -15.18945],
							"size": [7.6, 11.6, 17.16801],
							"pivot": [5.70331, -18.72683, 0.58655],
							"rotation": [-22.5, 0, 0],
							"uv": {
								"north": {"uv": [56, 243], "uv_size": [8, 12]},
								"east": {"uv": [142, 44], "uv_size": [17, 12]},
								"south": {"uv": [64, 243], "uv_size": [8, 12]},
								"west": {"uv": [142, 56], "uv_size": [17, 12]},
								"up": {"uv": [214, 201], "uv_size": [8, 17]},
								"down": {"uv": [88, 233], "uv_size": [8, -17]}
							}
						},
						{
							"origin": [7.38331, -22.6324, -0.37968],
							"size": [7.6, 2.32, 33.87201],
							"pivot": [5.70331, -22.6324, 15.39633],
							"rotation": [-15, 0, 0],
							"uv": {
								"north": {"uv": [281, 48], "uv_size": [8, 2]},
								"east": {"uv": [263, 137], "uv_size": [34, 2]},
								"south": {"uv": [281, 50], "uv_size": [8, 2]},
								"west": {"uv": [263, 139], "uv_size": [34, 2]},
								"up": {"uv": [54, 99], "uv_size": [8, 34]},
								"down": {"uv": [62, 133], "uv_size": [8, -34]}
							}
						},
						{
							"origin": [7.38331, -25.10707, -0.37968],
							"size": [7.6, 2.93867, 18.40534],
							"pivot": [5.70331, -22.6324, 15.39633],
							"rotation": [-15, 0, 0],
							"uv": {
								"north": {"uv": [166, 139], "uv_size": [8, 3]},
								"east": {"uv": [272, 122], "uv_size": [18, 3]},
								"south": {"uv": [216, 278], "uv_size": [8, 3]},
								"west": {"uv": [272, 125], "uv_size": [18, 3]},
								"up": {"uv": [189, 101], "uv_size": [8, 18]},
								"down": {"uv": [189, 137], "uv_size": [8, -18]}
							}
						},
						{
							"origin": [7.38331, -25.10707, -0.37968],
							"size": [7.6, 2.93867, 10.98134],
							"uv": {
								"north": {"uv": [0, 279], "uv_size": [8, 3]},
								"east": {"uv": [97, 162], "uv_size": [11, 3]},
								"south": {"uv": [76, 279], "uv_size": [8, 3]},
								"west": {"uv": [175, 21], "uv_size": [11, 3]},
								"up": {"uv": [168, 258], "uv_size": [8, 11]},
								"down": {"uv": [224, 270], "uv_size": [8, -11]}
							}
						},
						{
							"origin": [7.38331, -25.10707, -0.37968],
							"size": [7.6, 2.32, 25.21068],
							"pivot": [5.70331, -22.6324, 15.39633],
							"rotation": [-7.5, 0, 0],
							"uv": {
								"north": {"uv": [281, 52], "uv_size": [8, 2]},
								"east": {"uv": [48, 267], "uv_size": [25, 2]},
								"south": {"uv": [56, 281], "uv_size": [8, 2]},
								"west": {"uv": [272, 237], "uv_size": [25, 2]},
								"up": {"uv": [17, 148], "uv_size": [8, 25]},
								"down": {"uv": [25, 173], "uv_size": [8, -25]}
							}
						},
						{
							"origin": [7.38331, -26.6035, -0.4798],
							"size": [7.6, 2.32, 33.87201],
							"pivot": [5.70331, -26.6035, 15.29621],
							"rotation": [-2.5, 0, 0],
							"uv": {
								"north": {"uv": [64, 281], "uv_size": [8, 2]},
								"east": {"uv": [265, 57], "uv_size": [34, 2]},
								"south": {"uv": [281, 97], "uv_size": [8, 2]},
								"west": {"uv": [265, 118], "uv_size": [34, 2]},
								"up": {"uv": [90, 102], "uv_size": [8, 34]},
								"down": {"uv": [98, 136], "uv_size": [8, -34]}
							}
						},
						{
							"origin": [7.5368, -38.22986, -2.01594],
							"size": [7.6, 7.888, 25.52001],
							"pivot": [5.8568, -32.66186, 13.76007],
							"rotation": [-24.83938, 1.528, 1.94577],
							"uv": {
								"north": {"uv": [88, 266], "uv_size": [8, 8]},
								"east": {"uv": [134, 12], "uv_size": [26, 8]},
								"south": {"uv": [8, 267], "uv_size": [8, 8]},
								"west": {"uv": [134, 20], "uv_size": [26, 8]},
								"up": {"uv": [134, 28], "uv_size": [8, 26]},
								"down": {"uv": [134, 80], "uv_size": [8, -26]}
							}
						},
						{
							"origin": [7.98204, -48.68773, 22.46468],
							"size": [7.6, 12.21867, 11.6],
							"pivot": [6.30204, -38.78906, 38.24068],
							"rotation": [-7.33938, 1.528, 1.94577],
							"uv": {
								"north": {"uv": [72, 243], "uv_size": [8, 12]},
								"east": {"uv": [182, 0], "uv_size": [12, 12]},
								"south": {"uv": [240, 243], "uv_size": [8, 12]},
								"west": {"uv": [189, 137], "uv_size": [12, 12]},
								"up": {"uv": [80, 245], "uv_size": [8, 12]},
								"down": {"uv": [168, 258], "uv_size": [8, -12]}
							}
						},
						{
							"origin": [8.37786, -39.8765, 33.95401],
							"size": [7.6, 6.032, 11.6],
							"pivot": [6.69786, -36.16449, 49.73002],
							"rotation": [7.66062, 1.528, 1.94577],
							"uv": {
								"north": {"uv": [273, 11], "uv_size": [8, 6]},
								"east": {"uv": [225, 75], "uv_size": [12, 6]},
								"south": {"uv": [273, 17], "uv_size": [8, 6]},
								"west": {"uv": [225, 131], "uv_size": [12, 6]},
								"up": {"uv": [246, 192], "uv_size": [8, 12]},
								"down": {"uv": [246, 216], "uv_size": [8, -12]}
							}
						},
						{
							"origin": [8.8813, -28.80776, 43.45216],
							"size": [7.6, 2.32, 11.6],
							"pivot": [7.2013, -28.80776, 59.22816],
							"rotation": [30.16062, 1.528, 1.94577],
							"uv": {
								"north": {"uv": [281, 99], "uv_size": [8, 2]},
								"east": {"uv": [279, 132], "uv_size": [12, 2]},
								"south": {"uv": [281, 101], "uv_size": [8, 2]},
								"west": {"uv": [279, 134], "uv_size": [12, 2]},
								"up": {"uv": [247, 69], "uv_size": [8, 12]},
								"down": {"uv": [247, 93], "uv_size": [8, -12]}
							}
						},
						{
							"origin": [8.8813, -30.66376, 41.59616],
							"size": [7.6, 2.32, 7.888],
							"pivot": [7.2013, -28.80776, 59.22816],
							"rotation": [30.16062, 1.528, 1.94577],
							"uv": {
								"north": {"uv": [104, 281], "uv_size": [8, 2]},
								"east": {"uv": [112, 281], "uv_size": [8, 2]},
								"south": {"uv": [120, 281], "uv_size": [8, 2]},
								"west": {"uv": [128, 281], "uv_size": [8, 2]},
								"up": {"uv": [111, 267], "uv_size": [8, 8]},
								"down": {"uv": [119, 275], "uv_size": [8, -8]}
							}
						},
						{
							"origin": [8.89407, -27.58546, 42.37478],
							"size": [7.6, 2.32, 11.6],
							"pivot": [7.21407, -27.58546, 58.15078],
							"rotation": [52.66062, 1.528, 1.94577],
							"uv": {
								"north": {"uv": [136, 281], "uv_size": [8, 2]},
								"east": {"uv": [143, 279], "uv_size": [12, 2]},
								"south": {"uv": [281, 141], "uv_size": [8, 2]},
								"west": {"uv": [175, 279], "uv_size": [12, 2]},
								"up": {"uv": [247, 93], "uv_size": [8, 12]},
								"down": {"uv": [247, 143], "uv_size": [8, -12]}
							}
						},
						{
							"origin": [8.38583, -37.71202, 36.22232],
							"size": [7.6, 6.032, 11.6],
							"pivot": [6.70583, -37.71202, 51.99832],
							"rotation": [35.16062, 1.528, 1.94577],
							"uv": {
								"north": {"uv": [273, 30], "uv_size": [8, 6]},
								"east": {"uv": [263, 70], "uv_size": [12, 6]},
								"south": {"uv": [273, 36], "uv_size": [8, 6]},
								"west": {"uv": [263, 76], "uv_size": [12, 6]},
								"up": {"uv": [226, 247], "uv_size": [8, 12]},
								"down": {"uv": [32, 260], "uv_size": [8, -12]}
							}
						},
						{
							"origin": [7.86284, -46.22743, 23.75463],
							"size": [7.6, 9.12534, 15.31201],
							"pivot": [6.18284, -46.22743, 43.24264],
							"rotation": [7.66062, 1.528, 1.94577],
							"uv": {
								"north": {"uv": [263, 82], "uv_size": [8, 9]},
								"east": {"uv": [214, 168], "uv_size": [15, 9]},
								"south": {"uv": [263, 128], "uv_size": [8, 9]},
								"west": {"uv": [48, 218], "uv_size": [15, 9]},
								"up": {"uv": [226, 151], "uv_size": [8, 15]},
								"down": {"uv": [48, 242], "uv_size": [8, -15]}
							}
						},
						{
							"origin": [7.3716, -48.79838, 17.90192],
							"size": [7.6, 12.83734, 6.032],
							"pivot": [5.6916, -48.79838, 28.10993],
							"rotation": [0.16062, 1.528, 1.94577],
							"uv": {
								"north": {"uv": [240, 230], "uv_size": [8, 13]},
								"east": {"uv": [120, 166], "uv_size": [6, 13]},
								"south": {"uv": [241, 30], "uv_size": [8, 13]},
								"west": {"uv": [175, 139], "uv_size": [6, 13]},
								"up": {"uv": [273, 42], "uv_size": [8, 6]},
								"down": {"uv": [48, 279], "uv_size": [8, -6]}
							}
						}
					]
				},
				{
					"name": "G2",
					"parent": "body",
					"pivot": [-8, -20.95903, 7.06635],
					"cubes": [
						{
							"origin": [-14.98331, -48.66976, 0.58273],
							"size": [7.6, 13.456, 18.09601],
							"pivot": [-5.70331, -48.66976, 16.35874],
							"rotation": [-10, 0, 0],
							"uv": {
								"north": {"uv": [241, 43], "uv_size": [8, 13]},
								"east": {"uv": [116, 0], "uv_size": [18, 13]},
								"south": {"uv": [241, 56], "uv_size": [8, 13]},
								"west": {"uv": [116, 13], "uv_size": [18, 13]},
								"up": {"uv": [189, 149], "uv_size": [8, 18]},
								"down": {"uv": [190, 185], "uv_size": [8, -18]}
							}
						},
						{
							"origin": [-14.98331, -45.04246, -17.097],
							"size": [7.6, 19.02401, 18.09601],
							"pivot": [-5.70331, -45.04246, -1.321],
							"rotation": [-22.5, 0, 0],
							"uv": {
								"north": {"uv": [181, 122], "uv_size": [8, 19]},
								"east": {"uv": [72, 38], "uv_size": [18, 19]},
								"south": {"uv": [128, 181], "uv_size": [8, 19]},
								"west": {"uv": [72, 57], "uv_size": [18, 19]},
								"up": {"uv": [190, 185], "uv_size": [8, 18]},
								"down": {"uv": [193, 57], "uv_size": [8, -18]}
							}
						},
						{
							"origin": [-14.98331, -37.67455, -33.57257],
							"size": [7.6, 22.73601, 18.09601],
							"pivot": [-5.70331, -37.67455, -17.79656],
							"rotation": [-35, 0, 0],
							"uv": {
								"north": {"uv": [126, 158], "uv_size": [8, 23]},
								"east": {"uv": [0, 23], "uv_size": [18, 23]},
								"south": {"uv": [134, 158], "uv_size": [8, 23]},
								"west": {"uv": [18, 23], "uv_size": [18, 23]},
								"up": {"uv": [193, 57], "uv_size": [8, 18]},
								"down": {"uv": [194, 18], "uv_size": [8, -18]}
							}
						},
						{
							"origin": [-14.98331, -26.91532, -48.06288],
							"size": [7.6, 20.26134, 18.09601],
							"pivot": [-5.70331, -26.91532, -32.28688],
							"rotation": [-47.5, 0, 0],
							"uv": {
								"north": {"uv": [82, 174], "uv_size": [8, 20]},
								"east": {"uv": [54, 20], "uv_size": [18, 20]},
								"south": {"uv": [90, 178], "uv_size": [8, 20]},
								"west": {"uv": [54, 40], "uv_size": [18, 20]},
								"up": {"uv": [194, 18], "uv_size": [8, 18]},
								"down": {"uv": [81, 212], "uv_size": [8, -18]}
							}
						},
						{
							"origin": [-14.98331, -13.27484, -59.881],
							"size": [7.6, 16.54934, 18.09601],
							"pivot": [-5.70331, -13.27484, -44.10499],
							"rotation": [-60, 0, 0],
							"uv": {
								"north": {"uv": [96, 216], "uv_size": [8, 17]},
								"east": {"uv": [90, 17], "uv_size": [18, 17]},
								"south": {"uv": [154, 216], "uv_size": [8, 17]},
								"west": {"uv": [90, 34], "uv_size": [18, 17]},
								"up": {"uv": [182, 196], "uv_size": [8, 18]},
								"down": {"uv": [197, 93], "uv_size": [8, -18]}
							}
						},
						{
							"origin": [-14.98331, 2.67233, -68.17187],
							"size": [7.6, 12.21867, 18.09601],
							"pivot": [-5.70331, 2.67233, -52.39586],
							"rotation": [-80, 0, 0],
							"uv": {
								"north": {"uv": [88, 248], "uv_size": [8, 12]},
								"east": {"uv": [114, 128], "uv_size": [18, 12]},
								"south": {"uv": [96, 248], "uv_size": [8, 12]},
								"west": {"uv": [132, 102], "uv_size": [18, 12]},
								"up": {"uv": [197, 93], "uv_size": [8, 18]},
								"down": {"uv": [197, 129], "uv_size": [8, -18]}
							}
						},
						{
							"origin": [-14.98331, 20.51984, -70.70914],
							"size": [7.6, 6.65067, 18.09601],
							"pivot": [-5.70331, 20.51984, -54.93313],
							"rotation": [-95, 0, 0],
							"uv": {
								"north": {"uv": [256, 271], "uv_size": [8, 7]},
								"east": {"uv": [221, 95], "uv_size": [18, 7]},
								"south": {"uv": [264, 271], "uv_size": [8, 7]},
								"west": {"uv": [221, 102], "uv_size": [18, 7]},
								"up": {"uv": [197, 149], "uv_size": [8, 18]},
								"down": {"uv": [89, 216], "uv_size": [8, -18]}
							}
						},
						{
							"origin": [-14.98331, 35.78281, -69.4346],
							"size": [7.6, 2.32, 15.31201],
							"pivot": [-5.70331, 35.78281, -53.65859],
							"rotation": [-102.5, 0, 0],
							"uv": {
								"north": {"uv": [281, 143], "uv_size": [8, 2]},
								"east": {"uv": [278, 67], "uv_size": [15, 2]},
								"south": {"uv": [144, 281], "uv_size": [8, 2]},
								"west": {"uv": [256, 278], "uv_size": [15, 2]},
								"up": {"uv": [112, 227], "uv_size": [8, 15]},
								"down": {"uv": [120, 242], "uv_size": [8, -15]}
							}
						},
						{
							"origin": [-14.98331, 38.10281, -60.15459],
							"size": [7.6, 4.64, 15.31201],
							"pivot": [-5.70331, 35.78281, -53.65859],
							"rotation": [-85, 0, 0],
							"uv": {
								"north": {"uv": [234, 276], "uv_size": [8, 5]},
								"east": {"uv": [262, 184], "uv_size": [15, 5]},
								"south": {"uv": [276, 249], "uv_size": [8, 5]},
								"west": {"uv": [262, 189], "uv_size": [15, 5]},
								"up": {"uv": [128, 227], "uv_size": [8, 15]},
								"down": {"uv": [192, 242], "uv_size": [8, -15]}
							}
						},
						{
							"origin": [-14.98331, 39.13392, -62.21682],
							"size": [7.6, 3.60889, 5.00089],
							"pivot": [-5.70331, 35.78281, -53.65859],
							"rotation": [-85, 0, 0],
							"uv": {
								"north": {"uv": [277, 190], "uv_size": [8, 4]},
								"east": {"uv": [160, 154], "uv_size": [5, 4]},
								"south": {"uv": [277, 194], "uv_size": [8, 4]},
								"west": {"uv": [36, 173], "uv_size": [5, 4]},
								"up": {"uv": [276, 254], "uv_size": [8, 5]},
								"down": {"uv": [276, 264], "uv_size": [8, -5]}
							}
						},
						{
							"origin": [-14.98331, 34.73886, -63.99601],
							"size": [7.6, 2.32, 15.31201],
							"pivot": [-5.70331, 34.73886, -48.22],
							"rotation": [-82.5, 0, 0],
							"uv": {
								"north": {"uv": [281, 145], "uv_size": [8, 2]},
								"east": {"uv": [16, 279], "uv_size": [15, 2]},
								"south": {"uv": [281, 147], "uv_size": [8, 2]},
								"west": {"uv": [31, 279], "uv_size": [15, 2]},
								"up": {"uv": [200, 227], "uv_size": [8, 15]},
								"down": {"uv": [208, 242], "uv_size": [8, -15]}
							}
						},
						{
							"origin": [-14.98331, 16.24844, -59.97344],
							"size": [7.6, 6.032, 15.31201],
							"pivot": [-5.70331, 19.96044, -44.19744],
							"rotation": [-75, 0, 0],
							"uv": {
								"north": {"uv": [273, 48], "uv_size": [8, 6]},
								"east": {"uv": [257, 122], "uv_size": [15, 6]},
								"south": {"uv": [56, 273], "uv_size": [8, 6]},
								"west": {"uv": [258, 12], "uv_size": [15, 6]},
								"up": {"uv": [216, 227], "uv_size": [8, 15]},
								"down": {"uv": [224, 242], "uv_size": [8, -15]}
							}
						},
						{
							"origin": [-14.98331, 0.22847, -55.28365],
							"size": [7.6, 8.50667, 17.78667],
							"pivot": [-5.70331, 6.41514, -37.03298],
							"rotation": [-62.5, 0, 0],
							"uv": {
								"north": {"uv": [176, 263], "uv_size": [8, 9]},
								"east": {"uv": [168, 33], "uv_size": [18, 9]},
								"south": {"uv": [103, 264], "uv_size": [8, 9]},
								"west": {"uv": [0, 173], "uv_size": [18, 9]},
								"up": {"uv": [97, 198], "uv_size": [8, 18]},
								"down": {"uv": [160, 216], "uv_size": [8, -18]}
							}
						},
						{
							"origin": [-14.98331, -14.70325, -42.36512],
							"size": [7.6, 12.21867, 15.31201],
							"pivot": [-5.70331, -4.80458, -26.58912],
							"rotation": [-47.5, 0, 0],
							"uv": {
								"north": {"uv": [136, 248], "uv_size": [8, 12]},
								"east": {"uv": [160, 79], "uv_size": [15, 12]},
								"south": {"uv": [144, 248], "uv_size": [8, 12]},
								"west": {"uv": [160, 142], "uv_size": [15, 12]},
								"up": {"uv": [56, 228], "uv_size": [8, 15]},
								"down": {"uv": [64, 243], "uv_size": [8, -15]}
							}
						},
						{
							"origin": [-14.98331, -22.21893, -29.37325],
							"size": [7.6, 11.6, 15.31201],
							"pivot": [-5.70331, -12.93892, -13.59724],
							"rotation": [-32.5, 0, 0],
							"uv": {
								"north": {"uv": [152, 248], "uv_size": [8, 12]},
								"east": {"uv": [82, 162], "uv_size": [15, 12]},
								"south": {"uv": [160, 248], "uv_size": [8, 12]},
								"west": {"uv": [166, 91], "uv_size": [15, 12]},
								"up": {"uv": [72, 228], "uv_size": [8, 15]},
								"down": {"uv": [80, 245], "uv_size": [8, -15]}
							}
						},
						{
							"origin": [-14.98331, -28.00684, -15.18945],
							"size": [7.6, 11.6, 17.16801],
							"pivot": [-5.70331, -18.72683, 0.58655],
							"rotation": [-22.5, 0, 0],
							"uv": {
								"north": {"uv": [248, 216], "uv_size": [8, 12]},
								"east": {"uv": [142, 68], "uv_size": [17, 12]},
								"south": {"uv": [248, 228], "uv_size": [8, 12]},
								"west": {"uv": [50, 145], "uv_size": [17, 12]},
								"up": {"uv": [162, 216], "uv_size": [8, 17]},
								"down": {"uv": [217, 47], "uv_size": [8, -17]}
							}
						},
						{
							"origin": [-14.98331, -22.6324, -0.37968],
							"size": [7.6, 2.32, 33.87201],
							"pivot": [-5.70331, -22.6324, 15.39633],
							"rotation": [-15, 0, 0],
							"uv": {
								"north": {"uv": [281, 149], "uv_size": [8, 2]},
								"east": {"uv": [265, 120], "uv_size": [34, 2]},
								"south": {"uv": [281, 151], "uv_size": [8, 2]},
								"west": {"uv": [265, 174], "uv_size": [34, 2]},
								"up": {"uv": [36, 105], "uv_size": [8, 34]},
								"down": {"uv": [44, 139], "uv_size": [8, -34]}
							}
						},
						{
							"origin": [-14.98331, -25.10707, -0.37968],
							"size": [7.6, 2.93867, 18.40534],
							"pivot": [-5.70331, -22.6324, 15.39633],
							"rotation": [-15, 0, 0],
							"uv": {
								"north": {"uv": [96, 279], "uv_size": [8, 3]},
								"east": {"uv": [200, 272], "uv_size": [18, 3]},
								"south": {"uv": [187, 279], "uv_size": [8, 3]},
								"west": {"uv": [272, 222], "uv_size": [18, 3]},
								"up": {"uv": [198, 167], "uv_size": [8, 18]},
								"down": {"uv": [168, 216], "uv_size": [8, -18]}
							}
						},
						{
							"origin": [-14.98331, -25.10707, -0.37968],
							"size": [7.6, 2.93867, 10.98134],
							"uv": {
								"north": {"uv": [242, 279], "uv_size": [8, 3]},
								"east": {"uv": [273, 54], "uv_size": [11, 3]},
								"south": {"uv": [271, 279], "uv_size": [8, 3]},
								"west": {"uv": [273, 171], "uv_size": [11, 3]},
								"up": {"uv": [32, 260], "uv_size": [8, 11]},
								"down": {"uv": [136, 271], "uv_size": [8, -11]}
							}
						},
						{
							"origin": [-14.98331, -25.10707, -0.37968],
							"size": [7.6, 2.32, 25.21068],
							"pivot": [-5.70331, -22.6324, 15.39633],
							"rotation": [-7.5, 0, 0],
							"uv": {
								"north": {"uv": [281, 165], "uv_size": [8, 2]},
								"east": {"uv": [272, 239], "uv_size": [25, 2]},
								"south": {"uv": [281, 167], "uv_size": [8, 2]},
								"west": {"uv": [272, 241], "uv_size": [25, 2]},
								"up": {"uv": [33, 148], "uv_size": [8, 25]},
								"down": {"uv": [150, 121], "uv_size": [8, -25]}
							}
						},
						{
							"origin": [-14.98331, -26.6035, -0.4798],
							"size": [7.6, 2.32, 33.87201],
							"pivot": [-5.70331, -26.6035, 15.29621],
							"rotation": [-2.5, 0, 0],
							"uv": {
								"north": {"uv": [281, 169], "uv_size": [8, 2]},
								"east": {"uv": [265, 176], "uv_size": [34, 2]},
								"south": {"uv": [175, 281], "uv_size": [8, 2]},
								"west": {"uv": [266, 9], "uv_size": [34, 2]},
								"up": {"uv": [18, 106], "uv_size": [8, 34]},
								"down": {"uv": [26, 140], "uv_size": [8, -34]}
							}
						},
						{
							"origin": [-15.1368, -38.22986, -2.01594],
							"size": [7.6, 7.888, 25.52001],
							"pivot": [-5.8568, -32.66186, 13.76007],
							"rotation": [-24.83938, -1.528, -1.94577],
							"uv": {
								"north": {"uv": [127, 267], "uv_size": [8, 8]},
								"east": {"uv": [134, 80], "uv_size": [26, 8]},
								"south": {"uv": [232, 267], "uv_size": [8, 8]},
								"west": {"uv": [134, 88], "uv_size": [26, 8]},
								"up": {"uv": [86, 136], "uv_size": [8, 26]},
								"down": {"uv": [94, 162], "uv_size": [8, -26]}
							}
						},
						{
							"origin": [-15.58204, -48.68773, 22.46468],
							"size": [7.6, 12.21867, 11.6],
							"pivot": [-6.30204, -38.78906, 38.24068],
							"rotation": [-7.33938, -1.528, -1.94577],
							"uv": {
								"north": {"uv": [248, 240], "uv_size": [8, 12]},
								"east": {"uv": [198, 185], "uv_size": [12, 12]},
								"south": {"uv": [249, 26], "uv_size": [8, 12]},
								"west": {"uv": [198, 197], "uv_size": [12, 12]},
								"up": {"uv": [249, 38], "uv_size": [8, 12]},
								"down": {"uv": [249, 62], "uv_size": [8, -12]}
							}
						},
						{
							"origin": [-15.97786, -39.8765, 33.95401],
							"size": [7.6, 6.032, 11.6],
							"pivot": [-6.69786, -36.16449, 49.73002],
							"rotation": [7.66062, -1.528, -1.94577],
							"uv": {
								"north": {"uv": [64, 273], "uv_size": [8, 6]},
								"east": {"uv": [263, 91], "uv_size": [12, 6]},
								"south": {"uv": [72, 273], "uv_size": [8, 6]},
								"west": {"uv": [264, 204], "uv_size": [12, 6]},
								"up": {"uv": [249, 105], "uv_size": [8, 12]},
								"down": {"uv": [249, 129], "uv_size": [8, -12]}
							}
						},
						{
							"origin": [-16.4813, -28.80776, 43.45216],
							"size": [7.6, 2.32, 11.6],
							"pivot": [-7.2013, -28.80776, 59.22816],
							"rotation": [30.16062, -1.528, -1.94577],
							"uv": {
								"north": {"uv": [195, 281], "uv_size": [8, 2]},
								"east": {"uv": [279, 279], "uv_size": [12, 2]},
								"south": {"uv": [203, 281], "uv_size": [8, 2]},
								"west": {"uv": [84, 280], "uv_size": [12, 2]},
								"up": {"uv": [249, 158], "uv_size": [8, 12]},
								"down": {"uv": [249, 182], "uv_size": [8, -12]}
							}
						},
						{
							"origin": [-16.4813, -30.66376, 41.59616],
							"size": [7.6, 2.32, 7.888],
							"pivot": [-7.2013, -28.80776, 59.22816],
							"rotation": [30.16062, -1.528, -1.94577],
							"uv": {
								"north": {"uv": [211, 281], "uv_size": [8, 2]},
								"east": {"uv": [219, 281], "uv_size": [8, 2]},
								"south": {"uv": [227, 281], "uv_size": [8, 2]},
								"west": {"uv": [279, 281], "uv_size": [8, 2]},
								"up": {"uv": [240, 268], "uv_size": [8, 8]},
								"down": {"uv": [168, 277], "uv_size": [8, -8]}
							}
						},
						{
							"origin": [-16.49407, -27.58546, 42.37478],
							"size": [7.6, 2.32, 11.6],
							"pivot": [-7.21407, -27.58546, 58.15078],
							"rotation": [52.66062, -1.528, -1.94577],
							"uv": {
								"north": {"uv": [0, 282], "uv_size": [8, 2]},
								"east": {"uv": [250, 280], "uv_size": [12, 2]},
								"south": {"uv": [282, 0], "uv_size": [8, 2]},
								"west": {"uv": [280, 273], "uv_size": [12, 2]},
								"up": {"uv": [0, 250], "uv_size": [8, 12]},
								"down": {"uv": [250, 12], "uv_size": [8, -12]}
							}
						},
						{
							"origin": [-15.98583, -37.71202, 36.22232],
							"size": [7.6, 6.032, 11.6],
							"pivot": [-6.70583, -37.71202, 51.99832],
							"rotation": [35.16062, -1.528, -1.94577],
							"uv": {
								"north": {"uv": [80, 273], "uv_size": [8, 6]},
								"east": {"uv": [264, 210], "uv_size": [12, 6]},
								"south": {"uv": [96, 273], "uv_size": [8, 6]},
								"west": {"uv": [264, 216], "uv_size": [12, 6]},
								"up": {"uv": [8, 250], "uv_size": [8, 12]},
								"down": {"uv": [250, 24], "uv_size": [8, -12]}
							}
						},
						{
							"origin": [-15.46284, -46.22743, 23.75463],
							"size": [7.6, 9.12534, 15.31201],
							"pivot": [-6.18284, -46.22743, 43.24264],
							"rotation": [7.66062, -1.528, -1.94577],
							"uv": {
								"north": {"uv": [264, 222], "uv_size": [8, 9]},
								"east": {"uv": [113, 218], "uv_size": [15, 9]},
								"south": {"uv": [264, 231], "uv_size": [8, 9]},
								"west": {"uv": [128, 218], "uv_size": [15, 9]},
								"up": {"uv": [230, 202], "uv_size": [8, 15]},
								"down": {"uv": [170, 246], "uv_size": [8, -15]}
							}
						},
						{
							"origin": [-14.9716, -48.79838, 17.90192],
							"size": [7.6, 12.83734, 6.032],
							"pivot": [-5.6916, -48.79838, 28.10993],
							"rotation": [0.16062, -1.528, -1.94577],
							"uv": {
								"north": {"uv": [241, 105], "uv_size": [8, 13]},
								"east": {"uv": [160, 181], "uv_size": [6, 13]},
								"south": {"uv": [241, 118], "uv_size": [8, 13]},
								"west": {"uv": [114, 186], "uv_size": [6, 13]},
								"up": {"uv": [273, 97], "uv_size": [8, 6]},
								"down": {"uv": [273, 147], "uv_size": [8, -6]}
							}
						}
					]
				},
				{
					"name": "G3",
					"parent": "body",
					"pivot": [-28, -20.95903, 7.06635],
					"cubes": [
						{
							"origin": [-34.98331, -48.66976, 0.58273],
							"size": [7.6, 13.456, 18.09601],
							"pivot": [-25.70331, -48.66976, 16.35874],
							"rotation": [-10, 0, 0],
							"uv": {
								"north": {"uv": [241, 166], "uv_size": [8, 13]},
								"east": {"uv": [116, 26], "uv_size": [18, 13]},
								"south": {"uv": [241, 179], "uv_size": [8, 13]},
								"west": {"uv": [116, 39], "uv_size": [18, 13]},
								"up": {"uv": [0, 200], "uv_size": [8, 18]},
								"down": {"uv": [8, 218], "uv_size": [8, -18]}
							}
						},
						{
							"origin": [-34.98331, -45.04246, -17.097],
							"size": [7.6, 19.02401, 18.09601],
							"pivot": [-25.70331, -45.04246, -1.321],
							"rotation": [-22.5, 0, 0],
							"uv": {
								"north": {"uv": [136, 181], "uv_size": [8, 19]},
								"east": {"uv": [72, 76], "uv_size": [18, 19]},
								"south": {"uv": [181, 141], "uv_size": [8, 19]},
								"west": {"uv": [54, 80], "uv_size": [18, 19]},
								"up": {"uv": [16, 200], "uv_size": [8, 18]},
								"down": {"uv": [24, 218], "uv_size": [8, -18]}
							}
						},
						{
							"origin": [-34.98331, -37.67455, -33.57257],
							"size": [7.6, 22.73601, 18.09601],
							"pivot": [-25.70331, -37.67455, -17.79656],
							"rotation": [-35, 0, 0],
							"uv": {
								"north": {"uv": [142, 158], "uv_size": [8, 23]},
								"east": {"uv": [36, 0], "uv_size": [18, 23]},
								"south": {"uv": [150, 158], "uv_size": [8, 23]},
								"west": {"uv": [36, 23], "uv_size": [18, 23]},
								"up": {"uv": [32, 200], "uv_size": [8, 18]},
								"down": {"uv": [48, 218], "uv_size": [8, -18]}
							}
						},
						{
							"origin": [-34.98331, -26.91532, -48.06288],
							"size": [7.6, 20.26134, 18.09601],
							"pivot": [-25.70331, -26.91532, -32.28688],
							"rotation": [-47.5, 0, 0],
							"uv": {
								"north": {"uv": [98, 178], "uv_size": [8, 20]},
								"east": {"uv": [54, 60], "uv_size": [18, 20]},
								"south": {"uv": [166, 178], "uv_size": [8, 20]},
								"west": {"uv": [36, 66], "uv_size": [18, 20]},
								"up": {"uv": [56, 200], "uv_size": [8, 18]},
								"down": {"uv": [114, 218], "uv_size": [8, -18]}
							}
						},
						{
							"origin": [-34.98331, -13.27484, -59.881],
							"size": [7.6, 16.54934, 18.09601],
							"pivot": [-25.70331, -13.27484, -44.10499],
							"rotation": [-60, 0, 0],
							"uv": {
								"north": {"uv": [217, 47], "uv_size": [8, 17]},
								"east": {"uv": [90, 51], "uv_size": [18, 17]},
								"south": {"uv": [217, 64], "uv_size": [8, 17]},
								"west": {"uv": [90, 68], "uv_size": [18, 17]},
								"up": {"uv": [122, 200], "uv_size": [8, 18]},
								"down": {"uv": [130, 218], "uv_size": [8, -18]}
							}
						},
						{
							"origin": [-34.98331, 2.67233, -68.17187],
							"size": [7.6, 12.21867, 18.09601],
							"pivot": [-25.70331, 2.67233, -52.39586],
							"rotation": [-80, 0, 0],
							"uv": {
								"north": {"uv": [16, 250], "uv_size": [8, 12]},
								"east": {"uv": [132, 114], "uv_size": [18, 12]},
								"south": {"uv": [24, 250], "uv_size": [8, 12]},
								"west": {"uv": [132, 126], "uv_size": [18, 12]},
								"up": {"uv": [138, 200], "uv_size": [8, 18]},
								"down": {"uv": [146, 218], "uv_size": [8, -18]}
							}
						},
						{
							"origin": [-34.98331, 20.51984, -70.70914],
							"size": [7.6, 6.65067, 18.09601],
							"pivot": [-25.70331, 20.51984, -54.93313],
							"rotation": [-95, 0, 0],
							"uv": {
								"north": {"uv": [40, 272], "uv_size": [8, 7]},
								"east": {"uv": [221, 109], "uv_size": [18, 7]},
								"south": {"uv": [176, 272], "uv_size": [8, 7]},
								"west": {"uv": [221, 137], "uv_size": [18, 7]},
								"up": {"uv": [201, 36], "uv_size": [8, 18]},
								"down": {"uv": [201, 72], "uv_size": [8, -18]}
							}
						},
						{
							"origin": [-34.98331, 35.78281, -69.4346],
							"size": [7.6, 2.32, 15.31201],
							"pivot": [-25.70331, 35.78281, -53.65859],
							"rotation": [-102.5, 0, 0],
							"uv": {
								"north": {"uv": [282, 2], "uv_size": [8, 2]},
								"east": {"uv": [46, 279], "uv_size": [15, 2]},
								"south": {"uv": [282, 4], "uv_size": [8, 2]},
								"west": {"uv": [61, 279], "uv_size": [15, 2]},
								"up": {"uv": [232, 217], "uv_size": [8, 15]},
								"down": {"uv": [232, 247], "uv_size": [8, -15]}
							}
						},
						{
							"origin": [-34.98331, 38.10281, -60.15459],
							"size": [7.6, 4.64, 15.31201],
							"pivot": [-25.70331, 35.78281, -53.65859],
							"rotation": [-85, 0, 0],
							"uv": {
								"north": {"uv": [277, 23], "uv_size": [8, 5]},
								"east": {"uv": [262, 194], "uv_size": [15, 5]},
								"south": {"uv": [277, 103], "uv_size": [8, 5]},
								"west": {"uv": [262, 199], "uv_size": [15, 5]},
								"up": {"uv": [233, 30], "uv_size": [8, 15]},
								"down": {"uv": [32, 248], "uv_size": [8, -15]}
							}
						},
						{
							"origin": [-34.98331, 39.13392, -62.21682],
							"size": [7.6, 3.60889, 5.00089],
							"pivot": [-25.70331, 35.78281, -53.65859],
							"rotation": [-85, 0, 0],
							"uv": {
								"north": {"uv": [277, 198], "uv_size": [8, 4]},
								"east": {"uv": [90, 174], "uv_size": [5, 4]},
								"south": {"uv": [278, 59], "uv_size": [8, 4]},
								"west": {"uv": [175, 83], "uv_size": [5, 4]},
								"up": {"uv": [277, 108], "uv_size": [8, 5]},
								"down": {"uv": [277, 118], "uv_size": [8, -5]}
							}
						},
						{
							"origin": [-34.98331, 34.73886, -63.99601],
							"size": [7.6, 2.32, 15.31201],
							"pivot": [-25.70331, 34.73886, -48.22],
							"rotation": [-82.5, 0, 0],
							"uv": {
								"north": {"uv": [72, 282], "uv_size": [8, 2]},
								"east": {"uv": [279, 84], "uv_size": [15, 2]},
								"south": {"uv": [80, 282], "uv_size": [8, 2]},
								"west": {"uv": [279, 86], "uv_size": [15, 2]},
								"up": {"uv": [233, 45], "uv_size": [8, 15]},
								"down": {"uv": [233, 75], "uv_size": [8, -15]}
							}
						},
						{
							"origin": [-34.98331, 16.24844, -59.97344],
							"size": [7.6, 6.032, 15.31201],
							"pivot": [-25.70331, 19.96044, -44.19744],
							"rotation": [-75, 0, 0],
							"uv": {
								"north": {"uv": [273, 147], "uv_size": [8, 6]},
								"east": {"uv": [258, 18], "uv_size": [15, 6]},
								"south": {"uv": [273, 165], "uv_size": [8, 6]},
								"west": {"uv": [258, 141], "uv_size": [15, 6]},
								"up": {"uv": [88, 233], "uv_size": [8, 15]},
								"down": {"uv": [96, 248], "uv_size": [8, -15]}
							}
						},
						{
							"origin": [-34.98331, 0.22847, -55.28365],
							"size": [7.6, 8.50667, 17.78667],
							"pivot": [-25.70331, 6.41514, -37.03298],
							"rotation": [-62.5, 0, 0],
							"uv": {
								"north": {"uv": [264, 240], "uv_size": [8, 9]},
								"east": {"uv": [18, 173], "uv_size": [18, 9]},
								"south": {"uv": [248, 264], "uv_size": [8, 9]},
								"west": {"uv": [174, 65], "uv_size": [18, 9]},
								"up": {"uv": [64, 201], "uv_size": [8, 18]},
								"down": {"uv": [72, 219], "uv_size": [8, -18]}
							}
						},
						{
							"origin": [-34.98331, -14.70325, -42.36512],
							"size": [7.6, 12.21867, 15.31201],
							"pivot": [-25.70331, -4.80458, -26.58912],
							"rotation": [-47.5, 0, 0],
							"uv": {
								"north": {"uv": [250, 143], "uv_size": [8, 12]},
								"east": {"uv": [97, 166], "uv_size": [15, 12]},
								"south": {"uv": [40, 251], "uv_size": [8, 12]},
								"west": {"uv": [166, 103], "uv_size": [15, 12]},
								"up": {"uv": [233, 116], "uv_size": [8, 15]},
								"down": {"uv": [136, 248], "uv_size": [8, -15]}
							}
						},
						{
							"origin": [-34.98331, -22.21893, -29.37325],
							"size": [7.6, 11.6, 15.31201],
							"pivot": [-25.70331, -12.93892, -13.59724],
							"rotation": [-32.5, 0, 0],
							"uv": {
								"north": {"uv": [176, 251], "uv_size": [8, 12]},
								"east": {"uv": [166, 115], "uv_size": [15, 12]},
								"south": {"uv": [104, 252], "uv_size": [8, 12]},
								"west": {"uv": [166, 127], "uv_size": [15, 12]},
								"up": {"uv": [144, 233], "uv_size": [8, 15]},
								"down": {"uv": [152, 248], "uv_size": [8, -15]}
							}
						},
						{
							"origin": [-34.98331, -28.00684, -15.18945],
							"size": [7.6, 11.6, 17.16801],
							"pivot": [-25.70331, -18.72683, 0.58655],
							"rotation": [-22.5, 0, 0],
							"uv": {
								"north": {"uv": [248, 252], "uv_size": [8, 12]},
								"east": {"uv": [67, 146], "uv_size": [17, 12]},
								"south": {"uv": [254, 182], "uv_size": [8, 12]},
								"west": {"uv": [126, 146], "uv_size": [17, 12]},
								"up": {"uv": [217, 120], "uv_size": [8, 17]},
								"down": {"uv": [0, 235], "uv_size": [8, -17]}
							}
						},
						{
							"origin": [-34.98331, -22.6324, -0.37968],
							"size": [7.6, 2.32, 33.87201],
							"pivot": [-25.70331, -22.6324, 15.39633],
							"rotation": [-15, 0, 0],
							"uv": {
								"north": {"uv": [88, 282], "uv_size": [8, 2]},
								"east": {"uv": [184, 266], "uv_size": [34, 2]},
								"south": {"uv": [96, 282], "uv_size": [8, 2]},
								"west": {"uv": [256, 267], "uv_size": [34, 2]},
								"up": {"uv": [106, 102], "uv_size": [8, 34]},
								"down": {"uv": [0, 142], "uv_size": [8, -34]}
							}
						},
						{
							"origin": [-34.98331, -25.10707, -0.37968],
							"size": [7.6, 2.93867, 18.40534],
							"pivot": [-25.70331, -22.6324, 15.39633],
							"rotation": [-15, 0, 0],
							"uv": {
								"north": {"uv": [262, 280], "uv_size": [8, 3]},
								"east": {"uv": [272, 225], "uv_size": [18, 3]},
								"south": {"uv": [280, 275], "uv_size": [8, 3]},
								"west": {"uv": [272, 228], "uv_size": [18, 3]},
								"up": {"uv": [201, 129], "uv_size": [8, 18]},
								"down": {"uv": [202, 18], "uv_size": [8, -18]}
							}
						},
						{
							"origin": [-34.98331, -25.10707, -0.37968],
							"size": [7.6, 2.93867, 10.98134],
							"uv": {
								"north": {"uv": [8, 281], "uv_size": [8, 3]},
								"east": {"uv": [274, 6], "uv_size": [11, 3]},
								"south": {"uv": [281, 11], "uv_size": [8, 3]},
								"west": {"uv": [276, 219], "uv_size": [11, 3]},
								"up": {"uv": [144, 260], "uv_size": [8, 11]},
								"down": {"uv": [152, 271], "uv_size": [8, -11]}
							}
						},
						{
							"origin": [-34.98331, -25.10707, -0.37968],
							"size": [7.6, 2.32, 25.21068],
							"pivot": [-25.70331, -22.6324, 15.39633],
							"rotation": [-7.5, 0, 0],
							"uv": {
								"north": {"uv": [152, 282], "uv_size": [8, 2]},
								"east": {"uv": [272, 243], "uv_size": [25, 2]},
								"south": {"uv": [160, 282], "uv_size": [8, 2]},
								"west": {"uv": [272, 245], "uv_size": [25, 2]},
								"up": {"uv": [50, 157], "uv_size": [8, 25]},
								"down": {"uv": [58, 182], "uv_size": [8, -25]}
							}
						},
						{
							"origin": [-34.98331, -26.6035, -0.4798],
							"size": [7.6, 2.32, 33.87201],
							"pivot": [-25.70331, -26.6035, 15.29621],
							"rotation": [-2.5, 0, 0],
							"uv": {
								"north": {"uv": [183, 282], "uv_size": [8, 2]},
								"east": {"uv": [184, 268], "uv_size": [34, 2]},
								"south": {"uv": [235, 282], "uv_size": [8, 2]},
								"west": {"uv": [48, 269], "uv_size": [34, 2]},
								"up": {"uv": [108, 0], "uv_size": [8, 34]},
								"down": {"uv": [8, 142], "uv_size": [8, -34]}
							}
						},
						{
							"origin": [-35.1368, -38.22986, -2.01594],
							"size": [7.6, 7.888, 25.52001],
							"pivot": [-25.8568, -32.66186, 13.76007],
							"rotation": [-24.83938, -1.528, -1.94577],
							"uv": {
								"north": {"uv": [218, 270], "uv_size": [8, 8]},
								"east": {"uv": [132, 138], "uv_size": [26, 8]},
								"south": {"uv": [16, 271], "uv_size": [8, 8]},
								"west": {"uv": [16, 140], "uv_size": [26, 8]},
								"up": {"uv": [102, 136], "uv_size": [8, 26]},
								"down": {"uv": [42, 165], "uv_size": [8, -26]}
							}
						},
						{
							"origin": [-35.58204, -48.68773, 22.46468],
							"size": [7.6, 12.21867, 11.6],
							"pivot": [-26.30204, -38.78906, 38.24068],
							"rotation": [-7.33938, -1.528, -1.94577],
							"uv": {
								"north": {"uv": [184, 254], "uv_size": [8, 12]},
								"east": {"uv": [202, 18], "uv_size": [12, 12]},
								"south": {"uv": [192, 254], "uv_size": [8, 12]},
								"west": {"uv": [205, 72], "uv_size": [12, 12]},
								"up": {"uv": [254, 194], "uv_size": [8, 12]},
								"down": {"uv": [200, 266], "uv_size": [8, -12]}
							}
						},
						{
							"origin": [-35.97786, -39.8765, 33.95401],
							"size": [7.6, 6.032, 11.6],
							"pivot": [-26.69786, -36.16449, 49.73002],
							"rotation": [7.66062, -1.528, -1.94577],
							"uv": {
								"north": {"uv": [248, 273], "uv_size": [8, 6]},
								"east": {"uv": [264, 249], "uv_size": [12, 6]},
								"south": {"uv": [272, 273], "uv_size": [8, 6]},
								"west": {"uv": [264, 255], "uv_size": [12, 6]},
								"up": {"uv": [208, 254], "uv_size": [8, 12]},
								"down": {"uv": [216, 266], "uv_size": [8, -12]}
							}
						},
						{
							"origin": [-36.4813, -28.80776, 43.45216],
							"size": [7.6, 2.32, 11.6],
							"pivot": [-27.2013, -28.80776, 59.22816],
							"rotation": [30.16062, -1.528, -1.94577],
							"uv": {
								"north": {"uv": [243, 282], "uv_size": [8, 2]},
								"east": {"uv": [281, 14], "uv_size": [12, 2]},
								"south": {"uv": [251, 282], "uv_size": [8, 2]},
								"west": {"uv": [16, 281], "uv_size": [12, 2]},
								"up": {"uv": [48, 255], "uv_size": [8, 12]},
								"down": {"uv": [56, 267], "uv_size": [8, -12]}
							}
						},
						{
							"origin": [-36.4813, -30.66376, 41.59616],
							"size": [7.6, 2.32, 7.888],
							"pivot": [-27.2013, -28.80776, 59.22816],
							"rotation": [30.16062, -1.528, -1.94577],
							"uv": {
								"north": {"uv": [270, 282], "uv_size": [8, 2]},
								"east": {"uv": [16, 283], "uv_size": [8, 2]},
								"south": {"uv": [36, 283], "uv_size": [8, 2]},
								"west": {"uv": [44, 283], "uv_size": [8, 2]},
								"up": {"uv": [24, 271], "uv_size": [8, 8]},
								"down": {"uv": [32, 279], "uv_size": [8, -8]}
							}
						},
						{
							"origin": [-36.49407, -27.58546, 42.37478],
							"size": [7.6, 2.32, 11.6],
							"pivot": [-27.21407, -27.58546, 58.15078],
							"rotation": [52.66062, -1.528, -1.94577],
							"uv": {
								"north": {"uv": [52, 283], "uv_size": [8, 2]},
								"east": {"uv": [281, 16], "uv_size": [12, 2]},
								"south": {"uv": [60, 283], "uv_size": [8, 2]},
								"west": {"uv": [281, 18], "uv_size": [12, 2]},
								"up": {"uv": [255, 62], "uv_size": [8, 12]},
								"down": {"uv": [64, 267], "uv_size": [8, -12]}
							}
						},
						{
							"origin": [-35.98583, -37.71202, 36.22232],
							"size": [7.6, 6.032, 11.6],
							"pivot": [-26.70583, -37.71202, 51.99832],
							"rotation": [35.16062, -1.528, -1.94577],
							"uv": {
								"north": {"uv": [274, 0], "uv_size": [8, 6]},
								"east": {"uv": [264, 261], "uv_size": [12, 6]},
								"south": {"uv": [88, 274], "uv_size": [8, 6]},
								"west": {"uv": [265, 24], "uv_size": [12, 6]},
								"up": {"uv": [72, 255], "uv_size": [8, 12]},
								"down": {"uv": [255, 86], "uv_size": [8, -12]}
							}
						},
						{
							"origin": [-35.46284, -46.22743, 23.75463],
							"size": [7.6, 9.12534, 15.31201],
							"pivot": [-26.18284, -46.22743, 43.24264],
							"rotation": [7.66062, -1.528, -1.94577],
							"uv": {
								"north": {"uv": [265, 30], "uv_size": [8, 9]},
								"east": {"uv": [218, 177], "uv_size": [15, 9]},
								"south": {"uv": [265, 39], "uv_size": [8, 9]},
								"west": {"uv": [218, 186], "uv_size": [15, 9]},
								"up": {"uv": [160, 233], "uv_size": [8, 15]},
								"down": {"uv": [233, 181], "uv_size": [8, -15]}
							}
						},
						{
							"origin": [-34.9716, -48.79838, 17.90192],
							"size": [7.6, 12.83734, 6.032],
							"pivot": [-25.6916, -48.79838, 28.10993],
							"rotation": [0.16062, -1.528, -1.94577],
							"uv": {
								"north": {"uv": [242, 0], "uv_size": [8, 13]},
								"east": {"uv": [176, 198], "uv_size": [6, 13]},
								"south": {"uv": [242, 13], "uv_size": [8, 13]},
								"west": {"uv": [154, 200], "uv_size": [6, 13]},
								"up": {"uv": [8, 275], "uv_size": [8, 6]},
								"down": {"uv": [275, 76], "uv_size": [8, -6]}
							}
						}
					]
				},
				{
					"name": "G4",
					"parent": "body",
					"pivot": [28, -20.95903, 7.06635],
					"cubes": [
						{
							"origin": [27.38331, -48.66976, 0.58273],
							"size": [7.6, 13.456, 18.09601],
							"pivot": [25.70331, -48.66976, 16.35874],
							"rotation": [-10, 0, 0],
							"uv": {
								"north": {"uv": [48, 242], "uv_size": [8, 13]},
								"east": {"uv": [116, 52], "uv_size": [18, 13]},
								"south": {"uv": [112, 242], "uv_size": [8, 13]},
								"west": {"uv": [116, 65], "uv_size": [18, 13]},
								"up": {"uv": [40, 203], "uv_size": [8, 18]},
								"down": {"uv": [190, 221], "uv_size": [8, -18]}
							}
						},
						{
							"origin": [27.38331, -45.04246, -17.097],
							"size": [7.6, 19.02401, 18.09601],
							"pivot": [25.70331, -45.04246, -1.321],
							"rotation": [-22.5, 0, 0],
							"uv": {
								"north": {"uv": [144, 181], "uv_size": [8, 19]},
								"east": {"uv": [36, 86], "uv_size": [18, 19]},
								"south": {"uv": [152, 181], "uv_size": [8, 19]},
								"west": {"uv": [0, 89], "uv_size": [18, 19]},
								"up": {"uv": [105, 204], "uv_size": [8, 18]},
								"down": {"uv": [205, 102], "uv_size": [8, -18]}
							}
						},
						{
							"origin": [27.38331, -37.67455, -33.57257],
							"size": [7.6, 22.73601, 18.09601],
							"pivot": [25.70331, -37.67455, -17.79656],
							"rotation": [-35, 0, 0],
							"uv": {
								"north": {"uv": [158, 158], "uv_size": [8, 23]},
								"east": {"uv": [0, 46], "uv_size": [18, 23]},
								"south": {"uv": [159, 44], "uv_size": [8, 23]},
								"west": {"uv": [18, 46], "uv_size": [18, 23]},
								"up": {"uv": [205, 102], "uv_size": [8, 18]},
								"down": {"uv": [205, 165], "uv_size": [8, -18]}
							}
						},
						{
							"origin": [27.38331, -26.91532, -48.06288],
							"size": [7.6, 20.26134, 18.09601],
							"pivot": [25.70331, -26.91532, -32.28688],
							"rotation": [-47.5, 0, 0],
							"uv": {
								"north": {"uv": [174, 178], "uv_size": [8, 20]},
								"east": {"uv": [0, 69], "uv_size": [18, 20]},
								"south": {"uv": [181, 83], "uv_size": [8, 20]},
								"west": {"uv": [18, 69], "uv_size": [18, 20]},
								"up": {"uv": [206, 165], "uv_size": [8, 18]},
								"down": {"uv": [209, 48], "uv_size": [8, -18]}
							}
						},
						{
							"origin": [27.38331, -13.27484, -59.881],
							"size": [7.6, 16.54934, 18.09601],
							"pivot": [25.70331, -13.27484, -44.10499],
							"rotation": [-60, 0, 0],
							"uv": {
								"north": {"uv": [218, 0], "uv_size": [8, 17]},
								"east": {"uv": [90, 85], "uv_size": [18, 17]},
								"south": {"uv": [8, 218], "uv_size": [8, 17]},
								"west": {"uv": [72, 95], "uv_size": [18, 17]},
								"up": {"uv": [209, 48], "uv_size": [8, 18]},
								"down": {"uv": [209, 138], "uv_size": [8, -18]}
							}
						},
						{
							"origin": [27.38331, 2.67233, -68.17187],
							"size": [7.6, 12.21867, 18.09601],
							"pivot": [25.70331, 2.67233, -52.39586],
							"rotation": [-80, 0, 0],
							"uv": {
								"north": {"uv": [255, 86], "uv_size": [8, 12]},
								"east": {"uv": [52, 133], "uv_size": [18, 12]},
								"south": {"uv": [112, 255], "uv_size": [8, 12]},
								"west": {"uv": [134, 0], "uv_size": [18, 12]},
								"up": {"uv": [198, 209], "uv_size": [8, 18]},
								"down": {"uv": [206, 227], "uv_size": [8, -18]}
							}
						},
						{
							"origin": [27.38331, 20.51984, -70.70914],
							"size": [7.6, 6.65067, 18.09601],
							"pivot": [25.70331, 20.51984, -54.93313],
							"rotation": [-95, 0, 0],
							"uv": {
								"north": {"uv": [184, 272], "uv_size": [8, 7]},
								"east": {"uv": [221, 144], "uv_size": [18, 7]},
								"south": {"uv": [192, 272], "uv_size": [8, 7]},
								"west": {"uv": [222, 195], "uv_size": [18, 7]},
								"up": {"uv": [210, 0], "uv_size": [8, 18]},
								"down": {"uv": [210, 201], "uv_size": [8, -18]}
							}
						},
						{
							"origin": [27.38331, 35.78281, -69.4346],
							"size": [7.6, 2.32, 15.31201],
							"pivot": [25.70331, 35.78281, -53.65859],
							"rotation": [-102.5, 0, 0],
							"uv": {
								"north": {"uv": [283, 69], "uv_size": [8, 2]},
								"east": {"uv": [279, 88], "uv_size": [15, 2]},
								"south": {"uv": [283, 71], "uv_size": [8, 2]},
								"west": {"uv": [128, 279], "uv_size": [15, 2]},
								"up": {"uv": [234, 0], "uv_size": [8, 15]},
								"down": {"uv": [234, 30], "uv_size": [8, -15]}
							}
						},
						{
							"origin": [27.38331, 38.10281, -60.15459],
							"size": [7.6, 4.64, 15.31201],
							"pivot": [25.70331, 35.78281, -53.65859],
							"rotation": [-85, 0, 0],
							"uv": {
								"north": {"uv": [277, 153], "uv_size": [8, 5]},
								"east": {"uv": [263, 60], "uv_size": [15, 5]},
								"south": {"uv": [277, 158], "uv_size": [8, 5]},
								"west": {"uv": [263, 65], "uv_size": [15, 5]},
								"up": {"uv": [234, 151], "uv_size": [8, 15]},
								"down": {"uv": [0, 250], "uv_size": [8, -15]}
							}
						},
						{
							"origin": [27.38331, 39.13392, -62.21682],
							"size": [7.6, 3.60889, 5.00089],
							"pivot": [25.70331, 35.78281, -53.65859],
							"rotation": [-85, 0, 0],
							"uv": {
								"north": {"uv": [278, 63], "uv_size": [8, 4]},
								"east": {"uv": [175, 87], "uv_size": [5, 4]},
								"south": {"uv": [159, 278], "uv_size": [8, 4]},
								"west": {"uv": [36, 177], "uv_size": [5, 4]},
								"up": {"uv": [167, 277], "uv_size": [8, 5]},
								"down": {"uv": [277, 183], "uv_size": [8, -5]}
							}
						},
						{
							"origin": [27.38331, 34.73886, -63.99601],
							"size": [7.6, 2.32, 15.31201],
							"pivot": [25.70331, 34.73886, -48.22],
							"rotation": [-82.5, 0, 0],
							"uv": {
								"north": {"uv": [283, 73], "uv_size": [8, 2]},
								"east": {"uv": [279, 128], "uv_size": [15, 2]},
								"south": {"uv": [283, 75], "uv_size": [8, 2]},
								"west": {"uv": [279, 130], "uv_size": [15, 2]},
								"up": {"uv": [8, 235], "uv_size": [8, 15]},
								"down": {"uv": [16, 250], "uv_size": [8, -15]}
							}
						},
						{
							"origin": [27.38331, 16.24844, -59.97344],
							"size": [7.6, 6.032, 15.31201],
							"pivot": [25.70331, 19.96044, -44.19744],
							"rotation": [-75, 0, 0],
							"uv": {
								"north": {"uv": [275, 76], "uv_size": [8, 6]},
								"east": {"uv": [258, 147], "uv_size": [15, 6]},
								"south": {"uv": [275, 91], "uv_size": [8, 6]},
								"west": {"uv": [88, 260], "uv_size": [15, 6]},
								"up": {"uv": [24, 235], "uv_size": [8, 15]},
								"down": {"uv": [40, 251], "uv_size": [8, -15]}
							}
						},
						{
							"origin": [27.38331, 0.22847, -55.28365],
							"size": [7.6, 8.50667, 17.78667],
							"pivot": [25.70331, 6.41514, -37.03298],
							"rotation": [-62.5, 0, 0],
							"uv": {
								"north": {"uv": [265, 48], "uv_size": [8, 9]},
								"east": {"uv": [175, 12], "uv_size": [18, 9]},
								"south": {"uv": [265, 97], "uv_size": [8, 9]},
								"west": {"uv": [175, 74], "uv_size": [18, 9]},
								"up": {"uv": [80, 212], "uv_size": [8, 18]},
								"down": {"uv": [213, 102], "uv_size": [8, -18]}
							}
						},
						{
							"origin": [27.38331, -14.70325, -42.36512],
							"size": [7.6, 12.21867, 15.31201],
							"pivot": [25.70331, -4.80458, -26.58912],
							"rotation": [-47.5, 0, 0],
							"uv": {
								"north": {"uv": [120, 255], "uv_size": [8, 12]},
								"east": {"uv": [166, 154], "uv_size": [15, 12]},
								"south": {"uv": [128, 255], "uv_size": [8, 12]},
								"west": {"uv": [166, 166], "uv_size": [15, 12]},
								"up": {"uv": [178, 236], "uv_size": [8, 15]},
								"down": {"uv": [104, 252], "uv_size": [8, -15]}
							}
						},
						{
							"origin": [27.38331, -22.21893, -29.37325],
							"size": [7.6, 11.6, 15.31201],
							"pivot": [25.70331, -12.93892, -13.59724],
							"rotation": [-32.5, 0, 0],
							"uv": {
								"north": {"uv": [255, 129], "uv_size": [8, 12]},
								"east": {"uv": [167, 0], "uv_size": [15, 12]},
								"south": {"uv": [234, 255], "uv_size": [8, 12]},
								"west": {"uv": [167, 44], "uv_size": [15, 12]},
								"up": {"uv": [238, 202], "uv_size": [8, 15]},
								"down": {"uv": [239, 90], "uv_size": [8, -15]}
							}
						},
						{
							"origin": [27.38331, -28.00684, -15.18945],
							"size": [7.6, 11.6, 17.16801],
							"pivot": [25.70331, -18.72683, 0.58655],
							"rotation": [-22.5, 0, 0],
							"uv": {
								"north": {"uv": [256, 206], "uv_size": [8, 12]},
								"east": {"uv": [143, 146], "uv_size": [17, 12]},
								"south": {"uv": [256, 218], "uv_size": [8, 12]},
								"west": {"uv": [0, 148], "uv_size": [17, 12]},
								"up": {"uv": [16, 218], "uv_size": [8, 17]},
								"down": {"uv": [24, 235], "uv_size": [8, -17]}
							}
						},
						{
							"origin": [27.38331, -22.6324, -0.37968],
							"size": [7.6, 2.32, 33.87201],
							"pivot": [25.70331, -22.6324, 15.39633],
							"rotation": [-15, 0, 0],
							"uv": {
								"north": {"uv": [283, 77], "uv_size": [8, 2]},
								"east": {"uv": [256, 269], "uv_size": [34, 2]},
								"south": {"uv": [283, 79], "uv_size": [8, 2]},
								"west": {"uv": [184, 270], "uv_size": [34, 2]},
								"up": {"uv": [108, 34], "uv_size": [8, 34]},
								"down": {"uv": [108, 102], "uv_size": [8, -34]}
							}
						},
						{
							"origin": [27.38331, -25.10707, -0.37968],
							"size": [7.6, 2.93867, 18.40534],
							"pivot": [25.70331, -22.6324, 15.39633],
							"rotation": [-15, 0, 0],
							"uv": {
								"north": {"uv": [281, 20], "uv_size": [8, 3]},
								"east": {"uv": [272, 231], "uv_size": [18, 3]},
								"south": {"uv": [28, 281], "uv_size": [8, 3]},
								"west": {"uv": [272, 234], "uv_size": [18, 3]},
								"up": {"uv": [213, 102], "uv_size": [8, 18]},
								"down": {"uv": [213, 156], "uv_size": [8, -18]}
							}
						},
						{
							"origin": [27.38331, -25.10707, -0.37968],
							"size": [7.6, 2.93867, 10.98134],
							"uv": {
								"north": {"uv": [281, 30], "uv_size": [8, 3]},
								"east": {"uv": [276, 264], "uv_size": [11, 3]},
								"south": {"uv": [281, 33], "uv_size": [8, 3]},
								"west": {"uv": [277, 183], "uv_size": [11, 3]},
								"up": {"uv": [160, 260], "uv_size": [8, 11]},
								"down": {"uv": [0, 273], "uv_size": [8, -11]}
							}
						},
						{
							"origin": [27.38331, -25.10707, -0.37968],
							"size": [7.6, 2.32, 25.21068],
							"pivot": [25.70331, -22.6324, 15.39633],
							"rotation": [-7.5, 0, 0],
							"uv": {
								"north": {"uv": [283, 90], "uv_size": [8, 2]},
								"east": {"uv": [272, 247], "uv_size": [25, 2]},
								"south": {"uv": [283, 92], "uv_size": [8, 2]},
								"west": {"uv": [272, 271], "uv_size": [25, 2]},
								"up": {"uv": [66, 158], "uv_size": [8, 25]},
								"down": {"uv": [74, 183], "uv_size": [8, -25]}
							}
						},
						{
							"origin": [27.38331, -26.6035, -0.4798],
							"size": [7.6, 2.32, 33.87201],
							"pivot": [25.70331, -26.6035, 15.29621],
							"rotation": [-2.5, 0, 0],
							"uv": {
								"north": {"uv": [283, 94], "uv_size": [8, 2]},
								"east": {"uv": [48, 271], "uv_size": [34, 2]},
								"south": {"uv": [104, 283], "uv_size": [8, 2]},
								"west": {"uv": [271, 82], "uv_size": [34, 2]},
								"up": {"uv": [70, 112], "uv_size": [8, 34]},
								"down": {"uv": [78, 146], "uv_size": [8, -34]}
							}
						},
						{
							"origin": [27.5368, -38.22986, -2.01594],
							"size": [7.6, 7.888, 25.52001],
							"pivot": [25.8568, -32.66186, 13.76007],
							"rotation": [-24.83938, 1.528, 1.94577],
							"uv": {
								"north": {"uv": [271, 128], "uv_size": [8, 8]},
								"east": {"uv": [142, 28], "uv_size": [26, 8]},
								"south": {"uv": [135, 271], "uv_size": [8, 8]},
								"west": {"uv": [142, 36], "uv_size": [26, 8]},
								"up": {"uv": [110, 140], "uv_size": [8, 26]},
								"down": {"uv": [118, 166], "uv_size": [8, -26]}
							}
						},
						{
							"origin": [27.98204, -48.68773, 22.46468],
							"size": [7.6, 12.21867, 11.6],
							"pivot": [26.30204, -38.78906, 38.24068],
							"rotation": [-7.33938, 1.528, 1.94577],
							"uv": {
								"north": {"uv": [256, 230], "uv_size": [8, 12]},
								"east": {"uv": [214, 18], "uv_size": [12, 12]},
								"south": {"uv": [256, 242], "uv_size": [8, 12]},
								"west": {"uv": [214, 156], "uv_size": [12, 12]},
								"up": {"uv": [256, 254], "uv_size": [8, 12]},
								"down": {"uv": [257, 36], "uv_size": [8, -12]}
							}
						},
						{
							"origin": [28.37786, -39.8765, 33.95401],
							"size": [7.6, 6.032, 11.6],
							"pivot": [26.69786, -36.16449, 49.73002],
							"rotation": [7.66062, 1.528, 1.94577],
							"uv": {
								"north": {"uv": [104, 275], "uv_size": [8, 6]},
								"east": {"uv": [265, 106], "uv_size": [12, 6]},
								"south": {"uv": [112, 275], "uv_size": [8, 6]},
								"west": {"uv": [265, 112], "uv_size": [12, 6]},
								"up": {"uv": [257, 36], "uv_size": [8, 12]},
								"down": {"uv": [257, 60], "uv_size": [8, -12]}
							}
						},
						{
							"origin": [28.8813, -28.80776, 43.45216],
							"size": [7.6, 2.32, 11.6],
							"pivot": [27.2013, -28.80776, 59.22816],
							"rotation": [30.16062, 1.528, 1.94577],
							"uv": {
								"north": {"uv": [112, 283], "uv_size": [8, 2]},
								"east": {"uv": [36, 281], "uv_size": [12, 2]},
								"south": {"uv": [120, 283], "uv_size": [8, 2]},
								"west": {"uv": [281, 36], "uv_size": [12, 2]},
								"up": {"uv": [80, 257], "uv_size": [8, 12]},
								"down": {"uv": [257, 110], "uv_size": [8, -12]}
							}
						},
						{
							"origin": [28.8813, -30.66376, 41.59616],
							"size": [7.6, 2.32, 7.888],
							"pivot": [27.2013, -28.80776, 59.22816],
							"rotation": [30.16062, 1.528, 1.94577],
							"uv": {
								"north": {"uv": [128, 283], "uv_size": [8, 2]},
								"east": {"uv": [136, 283], "uv_size": [8, 2]},
								"south": {"uv": [144, 283], "uv_size": [8, 2]},
								"west": {"uv": [168, 283], "uv_size": [8, 2]},
								"up": {"uv": [143, 271], "uv_size": [8, 8]},
								"down": {"uv": [151, 279], "uv_size": [8, -8]}
							}
						},
						{
							"origin": [28.89407, -27.58546, 42.37478],
							"size": [7.6, 2.32, 11.6],
							"pivot": [27.21407, -27.58546, 58.15078],
							"rotation": [52.66062, 1.528, 1.94577],
							"uv": {
								"north": {"uv": [191, 283], "uv_size": [8, 2]},
								"east": {"uv": [281, 38], "uv_size": [12, 2]},
								"south": {"uv": [199, 283], "uv_size": [8, 2]},
								"west": {"uv": [281, 40], "uv_size": [12, 2]},
								"up": {"uv": [257, 110], "uv_size": [8, 12]},
								"down": {"uv": [257, 167], "uv_size": [8, -12]}
							}
						},
						{
							"origin": [28.38583, -37.71202, 36.22232],
							"size": [7.6, 6.032, 11.6],
							"pivot": [26.70583, -37.71202, 51.99832],
							"rotation": [35.16062, 1.528, 1.94577],
							"uv": {
								"north": {"uv": [120, 275], "uv_size": [8, 6]},
								"east": {"uv": [265, 153], "uv_size": [12, 6]},
								"south": {"uv": [200, 275], "uv_size": [8, 6]},
								"west": {"uv": [265, 159], "uv_size": [12, 6]},
								"up": {"uv": [257, 167], "uv_size": [8, 12]},
								"down": {"uv": [258, 12], "uv_size": [8, -12]}
							}
						},
						{
							"origin": [27.86284, -46.22743, 23.75463],
							"size": [7.6, 9.12534, 15.31201],
							"pivot": [26.18284, -46.22743, 43.24264],
							"rotation": [7.66062, 1.528, 1.94577],
							"uv": {
								"north": {"uv": [265, 165], "uv_size": [8, 9]},
								"east": {"uv": [214, 218], "uv_size": [15, 9]},
								"south": {"uv": [266, 0], "uv_size": [8, 9]},
								"west": {"uv": [63, 219], "uv_size": [15, 9]},
								"up": {"uv": [239, 90], "uv_size": [8, 15]},
								"down": {"uv": [239, 146], "uv_size": [8, -15]}
							}
						},
						{
							"origin": [27.3716, -48.79838, 17.90192],
							"size": [7.6, 12.83734, 6.032],
							"pivot": [25.6916, -48.79838, 28.10993],
							"rotation": [0.16062, 1.528, 1.94577],
							"uv": {
								"north": {"uv": [120, 242], "uv_size": [8, 13]},
								"east": {"uv": [170, 216], "uv_size": [6, 13]},
								"south": {"uv": [128, 242], "uv_size": [8, 13]},
								"west": {"uv": [242, 255], "uv_size": [6, 13]},
								"up": {"uv": [208, 275], "uv_size": [8, 6]},
								"down": {"uv": [226, 281], "uv_size": [8, -6]}
							}
						}
					]
				}
			]
		}
	]
}
