{
	"format_version": "1.12.0",
	"minecraft:geometry": [
		{
			"description": {
				"identifier": "geometry.yahaba_hand",
				"texture_width": 16,
				"texture_height": 16,
				"visible_bounds_width": 3,
				"visible_bounds_height": 2.5,
				"visible_bounds_offset": [0, 0.75, 0]
			},
			"bones": [
				{
					"name": "root",
					"pivot": [0, 0, 0]
				},
				{
					"name": "waist",
					"parent": "root",
					"pivot": [0, 12, 0]
				},
				{
					"name": "body",
					"parent": "waist",
					"pivot": [0, 24, 0]
				},
				{
					"name": "rightArm",
					"parent": "body",
					"pivot": [-5, 22, 0]
				},
				{
					"name": "Yahaba_hand",
					"parent": "rightArm",
					"pivot": [-5.96857, 11.03493, -0.77012],
					"rotation": [-12.5, 0, 0],
					"cubes": [
						{
							"origin": [-7.79758, 10.92961, -4.79581],
							"size": [3.6, 0.9, 3.6],
							"pivot": [-5.99758, 10.92961, -1.19581],
							"rotation": [-12.5, 0, 0],
							"uv": {
								"north": {"uv": [7, 8], "uv_size": [4, 5]},
								"east": {"uv": [7, 8], "uv_size": [4, 5]},
								"south": {"uv": [7, 8], "uv_size": [4, 5]},
								"west": {"uv": [7, 8], "uv_size": [4, 5]},
								"up": {"uv": [11, 13], "uv_size": [-4, -3]},
								"down": {"uv": [16, 6], "uv_size": [-8, -6]}
							}
						},
						{
							"origin": [-7.25758, 11.23672, -5.10739],
							"size": [2.52, 0.63, 0.72],
							"pivot": [-5.99758, 11.23672, -1.95739],
							"rotation": [-12.5, 0, 0],
							"uv": {
								"north": {"uv": [7, 11], "uv_size": [4, 5]},
								"east": {"uv": [7, 11], "uv_size": [4, 5]},
								"south": {"uv": [7, 11], "uv_size": [4, 5]},
								"west": {"uv": [7, 11], "uv_size": [4, 5]},
								"up": {"uv": [11, 16], "uv_size": [-4, -5]},
								"down": {"uv": [11, 16], "uv_size": [-4, -5]}
							}
						},
						{
							"origin": [-7.61758, 12.1144, -4.06594],
							"size": [3.24, 0.162, 3.15],
							"pivot": [-5.99758, 12.24958, -2.49094],
							"rotation": [-12.5, 0, 0],
							"uv": {
								"north": {"uv": [7, 8], "uv_size": [4, 5]},
								"east": {"uv": [7, 8], "uv_size": [4, 5]},
								"south": {"uv": [7, 8], "uv_size": [4, 5]},
								"west": {"uv": [7, 8], "uv_size": [4, 5]},
								"up": {"uv": [11, 13], "uv_size": [-4, -5]},
								"down": {"uv": [11, 13], "uv_size": [-4, -5]}
							}
						},
						{
							"origin": [-5.09758, 11.79552, -5.50241],
							"size": [0.9, 0.9, 0.9],
							"pivot": [-4.64758, 12.24552, -5.05241],
							"rotation": [-13.4936, -21.93857, 5.123],
							"uv": {
								"north": {"uv": [7, 8], "uv_size": [4, 5]},
								"east": {"uv": [7, 8], "uv_size": [4, 5]},
								"south": {"uv": [7, 8], "uv_size": [4, 5]},
								"west": {"uv": [7, 8], "uv_size": [4, 5]},
								"up": {"uv": [11, 13], "uv_size": [-4, -5]},
								"down": {"uv": [11, 13], "uv_size": [-4, -5]}
							}
						},
						{
							"origin": [-5.15037, 11.9695, -7.1333],
							"size": [0.9, 0.9, 1.8],
							"pivot": [-4.70037, 12.4195, -4.8833],
							"rotation": [9.0064, -21.93857, 5.123],
							"uv": {
								"north": {"uv": [7, 8], "uv_size": [4, 5]},
								"east": {"uv": [7, 8], "uv_size": [4, 5]},
								"south": {"uv": [7, 8], "uv_size": [4, 5]},
								"west": {"uv": [7, 8], "uv_size": [4, 5]},
								"up": {"uv": [2, 16], "uv_size": [-2, -5]},
								"down": {"uv": [11, 13], "uv_size": [-4, -5]}
							}
						},
						{
							"origin": [-6.44758, 10.92961, -5.69581],
							"size": [0.9, 0.9, 0.9],
							"pivot": [-5.99758, 10.92961, -1.19581],
							"rotation": [-12.5, 0, 0],
							"uv": {
								"north": {"uv": [7, 8], "uv_size": [4, 5]},
								"east": {"uv": [7, 8], "uv_size": [4, 5]},
								"south": {"uv": [7, 8], "uv_size": [4, 5]},
								"west": {"uv": [7, 8], "uv_size": [4, 5]},
								"up": {"uv": [11, 13], "uv_size": [-4, -5]},
								"down": {"uv": [11, 13], "uv_size": [-4, -5]}
							}
						},
						{
							"origin": [-7.57258, 11.79552, -5.50241],
							"size": [0.9, 0.9, 0.9],
							"pivot": [-7.12258, 12.24552, -5.05241],
							"rotation": [-12.5, 22.5, -0.00002],
							"uv": {
								"north": {"uv": [7, 8], "uv_size": [4, 5]},
								"east": {"uv": [7, 8], "uv_size": [4, 5]},
								"south": {"uv": [7, 8], "uv_size": [4, 5]},
								"west": {"uv": [7, 8], "uv_size": [4, 5]},
								"up": {"uv": [11, 13], "uv_size": [-4, -5]},
								"down": {"uv": [11, 13], "uv_size": [-4, -5]}
							}
						},
						{
							"origin": [-8.19125, 11.96984, -5.04495],
							"size": [0.648, 0.648, 0.648],
							"pivot": [-6.57125, 12.29384, -4.39695],
							"rotation": [-17.40744, 43.65747, -12.2127],
							"uv": {
								"north": {"uv": [7, 8], "uv_size": [4, 5]},
								"east": {"uv": [7, 8], "uv_size": [4, 5]},
								"south": {"uv": [7, 8], "uv_size": [4, 5]},
								"west": {"uv": [7, 8], "uv_size": [4, 5]},
								"up": {"uv": [11, 13], "uv_size": [-4, -5]},
								"down": {"uv": [11, 13], "uv_size": [-4, -5]}
							}
						},
						{
							"origin": [-7.27817, 12.50264, -7.24263],
							"size": [0.72, 0.72, 1.8],
							"pivot": [-5.47817, 12.86264, -3.41198],
							"rotation": [5.09256, 43.65747, -12.2127],
							"uv": {
								"north": {"uv": [7, 8], "uv_size": [4, 5]},
								"east": {"uv": [7, 8], "uv_size": [4, 5]},
								"south": {"uv": [7, 8], "uv_size": [4, 5]},
								"west": {"uv": [7, 8], "uv_size": [4, 5]},
								"up": {"uv": [2, 16], "uv_size": [-2, -5]},
								"down": {"uv": [11, 13], "uv_size": [-4, -5]}
							}
						},
						{
							"origin": [-3.32069, 11.79596, -4.0358],
							"size": [0.882, 0.882, 1.764],
							"pivot": [-3.76169, 12.23696, -5.01378],
							"rotation": [-17.40744, -43.65747, 12.2127],
							"uv": {
								"north": {"uv": [7, 8], "uv_size": [4, 5]},
								"east": {"uv": [7, 8], "uv_size": [4, 5]},
								"south": {"uv": [7, 8], "uv_size": [4, 5]},
								"west": {"uv": [7, 8], "uv_size": [4, 5]},
								"up": {"uv": [11, 13], "uv_size": [-4, -5]},
								"down": {"uv": [11, 13], "uv_size": [-4, -5]}
							}
						},
						{
							"origin": [-6.44758, 11.81095, -7.55936],
							"size": [0.9, 0.9, 2.25],
							"pivot": [-8.24758, 12.26095, -5.75936],
							"rotation": [10, 0, 0],
							"uv": {
								"north": {"uv": [7, 8], "uv_size": [4, 5]},
								"east": {"uv": [7, 8], "uv_size": [4, 5]},
								"south": {"uv": [7, 8], "uv_size": [4, 5]},
								"west": {"uv": [7, 8], "uv_size": [4, 5]},
								"up": {"uv": [2, 16], "uv_size": [-2, -5]},
								"down": {"uv": [11, 13], "uv_size": [-4, -5]}
							}
						},
						{
							"origin": [-8.04785, 11.71479, -7.00642],
							"size": [0.9, 0.9, 1.8],
							"pivot": [-7.59785, 12.16479, -6.10642],
							"rotation": [10.80524, 22.13991, 4.11405],
							"uv": {
								"north": {"uv": [7, 8], "uv_size": [4, 5]},
								"east": {"uv": [7, 8], "uv_size": [4, 5]},
								"south": {"uv": [7, 8], "uv_size": [4, 5]},
								"west": {"uv": [7, 8], "uv_size": [4, 5]},
								"up": {"uv": [2, 16], "uv_size": [-2, -5]},
								"down": {"uv": [11, 13], "uv_size": [-4, -5]}
							}
						},
						{
							"origin": [-4.53126, 11.40966, -4.99105],
							"size": [0.9, 0.9, 1.8],
							"pivot": [-4.08126, 9.15966, -4.09105],
							"rotation": [5.09256, -43.65747, 12.2127],
							"uv": {
								"north": {"uv": [7, 8], "uv_size": [4, 5]},
								"east": {"uv": [7, 8], "uv_size": [4, 5]},
								"south": {"uv": [7, 8], "uv_size": [4, 5]},
								"west": {"uv": [7, 8], "uv_size": [4, 5]},
								"up": {"uv": [2, 16], "uv_size": [-2, -5]},
								"down": {"uv": [11, 13], "uv_size": [-4, -5]}
							}
						},
						{
							"origin": [-7.79758, 10.92961, -1.19581],
							"size": [3.6, 0.9, 0.9],
							"uv": {
								"north": {"uv": [7, 8], "uv_size": [4, 5]},
								"east": {"uv": [7, 8], "uv_size": [4, 5]},
								"south": {"uv": [7, 8], "uv_size": [4, 5]},
								"west": {"uv": [7, 8], "uv_size": [4, 5]},
								"up": {"uv": [11, 13], "uv_size": [-4, -5]},
								"down": {"uv": [11, 13], "uv_size": [-4, -5]}
							}
						},
						{
							"origin": [-7.61758, 11.77671, -0.98253],
							"size": [3.24, 0.162, 0.45],
							"uv": {
								"north": {"uv": [7, 11], "uv_size": [4, 4]},
								"east": {"uv": [7, 11], "uv_size": [4, 4]},
								"south": {"uv": [7, 11], "uv_size": [4, 4]},
								"west": {"uv": [7, 11], "uv_size": [4, 4]},
								"up": {"uv": [11, 15], "uv_size": [-4, -4]},
								"down": {"uv": [11, 15], "uv_size": [-4, -4]}
							}
						},
						{
							"origin": [-6.42496, 10.92961, 0.0996],
							"size": [0.9, 0.9, 0.9],
							"pivot": [-6.42496, 11.37961, -1.2504],
							"rotation": [0, 45, 0],
							"uv": {
								"north": {"uv": [8, 10], "uv_size": [-2, 1]},
								"east": {"uv": [8, 10], "uv_size": [-2, 1]},
								"south": {"uv": [8, 10], "uv_size": [-2, 1]},
								"west": {"uv": [8, 10], "uv_size": [-2, 1]},
								"up": {"uv": [6, 11], "uv_size": [2, -1]},
								"down": {"uv": [6, 11], "uv_size": [2, -1]}
							}
						},
						{
							"origin": [-6.73203, 10.92961, -1.97697],
							"size": [0.9, 0.9, 1.8],
							"pivot": [-4.03203, 11.37961, -2.42697],
							"rotation": [0, 22.5, 0],
							"uv": {
								"north": {"uv": [8, 10], "uv_size": [-2, 1]},
								"east": {"uv": [8, 10], "uv_size": [-2, 1]},
								"south": {"uv": [8, 10], "uv_size": [-2, 1]},
								"west": {"uv": [8, 10], "uv_size": [-2, 1]},
								"up": {"uv": [6, 11], "uv_size": [2, -1]},
								"down": {"uv": [6, 11], "uv_size": [2, -1]}
							}
						},
						{
							"origin": [-5.9371, 10.92961, -0.28966],
							"size": [0.45, 0.9, 0.9],
							"pivot": [-7.2871, 11.37961, -3.43966],
							"rotation": [0, -2.5, 0],
							"uv": {
								"north": {"uv": [6, 10], "uv_size": [2, 1]},
								"east": {"uv": [6, 10], "uv_size": [2, 1]},
								"south": {"uv": [6, 10], "uv_size": [2, 1]},
								"west": {"uv": [6, 10], "uv_size": [2, 1]},
								"up": {"uv": [8, 11], "uv_size": [-2, -1]},
								"down": {"uv": [8, 11], "uv_size": [-2, -1]}
							}
						},
						{
							"origin": [-6.50806, 10.92961, -0.28966],
							"size": [0.45, 0.9, 0.9],
							"pivot": [-4.70806, 11.37961, -3.43966],
							"rotation": [0, 2.5, 0],
							"uv": {
								"north": {"uv": [8, 10], "uv_size": [-2, 1]},
								"east": {"uv": [8, 10], "uv_size": [-2, 1]},
								"south": {"uv": [8, 10], "uv_size": [-2, 1]},
								"west": {"uv": [8, 10], "uv_size": [-2, 1]},
								"up": {"uv": [6, 11], "uv_size": [2, -1]},
								"down": {"uv": [6, 11], "uv_size": [2, -1]}
							}
						},
						{
							"origin": [-6.16312, 10.92961, -1.97697],
							"size": [0.9, 0.9, 1.8],
							"pivot": [-7.96312, 11.37961, -2.42697],
							"rotation": [0, -22.5, 0],
							"uv": {
								"north": {"uv": [6, 10], "uv_size": [2, 1]},
								"east": {"uv": [6, 10], "uv_size": [2, 1]},
								"south": {"uv": [6, 10], "uv_size": [2, 1]},
								"west": {"uv": [6, 10], "uv_size": [2, 1]},
								"up": {"uv": [8, 11], "uv_size": [-2, -1]},
								"down": {"uv": [8, 11], "uv_size": [-2, -1]}
							}
						},
						{
							"origin": [-6.47019, 10.92961, 0.0996],
							"size": [0.9, 0.9, 0.9],
							"pivot": [-5.57019, 11.37961, -1.2504],
							"rotation": [0, -45, 0],
							"uv": {
								"north": {"uv": [6, 10], "uv_size": [2, 1]},
								"east": {"uv": [6, 10], "uv_size": [2, 1]},
								"south": {"uv": [6, 10], "uv_size": [2, 1]},
								"west": {"uv": [6, 10], "uv_size": [2, 1]},
								"up": {"uv": [8, 11], "uv_size": [-2, -1]},
								"down": {"uv": [8, 11], "uv_size": [-2, -1]}
							}
						}
					]
				}
			]
		}
	]
}