{"format_version":"1.16.100","minecraft:item":{"description":{"category":"equipment","identifier":"yg:remote"},"components":{"minecraft:icon":{"texture":"yg:remote"},"minecraft:max_stack_size":1,"minecraft:hand_equipped":true,"minecraft:damageable":{"max_damage":10,"repair_items":["yg:remote"]},"minecraft:durability":{"max_durability":6000},"minecraft:display_name":{"value":"remote"},"minecraft:on_use":{"on_use":{"event":"shoot_projectile","target":"self"}},"minecraft:use_duration":1,"minecraft:cooldown":{"category":"ender_pearl","duration":1},"minecraft:repairable":{"repair_items":[{"items":["minecraft:amethyst_shard"],"repair_amount":3},{"items":["yg:dark_staff"],"repair_amount":"context.other->query.remaining_durability + 0.2 * context.other->query.max_durability"}]}},"events":{"shoot_projectile":{"sequence":[{"condition":"query.is_sneaking","run_command":{"command":["tp @e[type=yg:drone,c=1] ~~~"]},"damage":{"type":"none","amount":150,"target":"self"}},{"condition":"!query.is_sneaking","shoot":{"projectile":"yg:drone_track","launch_power":2,"angle_offset":2},"damage":{"type":"none","amount":30,"target":"self"}}]}}}}