{
	"format_version": "1.12.0",
	"minecraft:geometry": [
		{
			"description": {
				"identifier": "geometry.Flashlight_ag1",
				"texture_width": 32,
				"texture_height": 32,
				"visible_bounds_width": 2,
				"visible_bounds_height": 1.5,
				"visible_bounds_offset": [0, 0.25, 0]
			},
			"bones": [
				{
					"name": "rightitem",
					"pivot": [0, 0, 0],
					"cubes": [
						{"origin": [-1, -1, -4], "size": [2, 2, 7], "uv": [0, 0]},
						{"origin": [-1.5, -1.5, -8], "size": [3, 3, 4], "uv": [0, 9]},
						{"origin": [-1.5, -1.5, -8.3], "size": [3, 3, 1], "inflate": -0.2, "uv": [10, 9]}
					]
				}
			]
		}
	]
}