{
  "format_version": "1.12.0",
  "minecraft:geometry": [
    {
      "description": {
        "identifier": "geometry.Mb_ag1",
        "texture_width": 64,
        "texture_height": 64,
        "visible_bounds_width": 2,
        "visible_bounds_height": 1.5,
        "visible_bounds_offset": [
          0,
          0.25,
          0
        ]
      },
      "bones": [
        {
          "name": "rightitem",
          "pivot": [
            0,
            0,
            0
          ],
          "rotation": [
            0,
            180,
            0
          ],
          "cubes": [
            {
              "origin": [
                -1,
                0,
                -5
              ],
              "size": [
                2,
                0,
                10
              ],
              "uv": [
                18,
                21
              ]
            }
          ]
        },
        {
          "name": "Book",
          "parent": "rightitem",
          "pivot": [
            -1,
            0,
            0
          ],
          "cubes": [
            {
              "origin": [
                -7,
                0,
                -5
              ],
              "size": [
                6,
                0,
                10
              ],
              "uv": [
                0,
                10
              ]
            }
          ]
        },
        {
          "name": "Paper",
          "parent": "Book",
          "pivot": [
            0,
            1.2,
            0
          ],
          "cubes": [
            {
              "origin": [
                -5.3,
                1.2,
                -4
              ],
              "size": [
                5,
                0,
                8
              ],
              "uv": [
                10,
                21
              ]
            }
          ]
        },
        {
          "name": "Paper3",
          "parent": "Book",
          "pivot": [
            -0.5,
            0,
            0
          ],
          "cubes": [
            {
              "origin": [
                -5.5,
                0.1,
                -4
              ],
              "size": [
                5,
                1,
                8
              ],
              "uv": [
                0,
                21
              ]
            }
          ]
        },
        {
          "name": "Book2",
          "parent": "rightitem",
          "pivot": [
            1,
            0,
            0
          ],
          "cubes": [
            {
              "origin": [
                1,
                0,
                -5
              ],
              "size": [
                6,
                0,
                10
              ],
              "uv": [
                0,
                0
              ]
            }
          ]
        },
        {
          "name": "Paper2",
          "parent": "Book2",
          "pivot": [
            0,
            1.2,
            0
          ],
          "cubes": [
            {
              "origin": [
                0.3,
                1.2,
                -4
              ],
              "size": [
                5,
                0,
                8
              ],
              "uv": [
                14,
                0
              ]
            }
          ]
        },
        {
          "name": "Paper4",
          "parent": "Book2",
          "pivot": [
            0.5,
            0,
            0
          ],
          "cubes": [
            {
              "origin": [
                0.5,
                0.1,
                -4
              ],
              "size": [
                5,
                1,
                8
              ],
              "uv": [
                14,
                12
              ]
            }
          ]
        }
      ]
    }
  ]
}