{
	"format_version": "1.8.0",
	"animations": {
	  "animation.door_close": {
		"animation_length": 1.0,
		"timeline" :{
		"0.9" : "/execute @s ~ ~ ~ fill ^ ^1 ^ ^ ^ ^ barrier"
		}
	  },
	"animation.grand_door_close": {
		"animation_length": 2.0,
		"timeline" :{
		"1.9" : "/execute @s ~ ~ ~ fill ^1 ^2 ^ ^-1 ^ ^ barrier"
		}
	  },
	"animation.gate_large.close": {
		"animation_length": 3.0,
		"timeline" :{
		"2.9" : "/execute @s ~ ~ ~ fill ^2 ^2 ^ ^-2 ^2 ^ barrier",
		"2.95" : "/execute @s ~ ~ ~ fill ^2 ^ ^ ^-2 ^ ^ barrier" 
		}
	  },
	"animation.door_lockable_close": {
		"animation_length": 1.0,
		"timeline" :{
		"0.9" : "/execute @s ~ ~ ~ fill ^ ^1 ^ ^ ^1 ^ barrier"
		}
	  },
	"animation.door_open": {
		"animation_length": 1.0,
		"timeline" :{
		"0.2" : "/execute @s ~ ~ ~ fill ^ ^1 ^ ^ ^ ^ air"
		}
	  },
	"animation.grand_door_open": {
		"animation_length": 1.5,
		"timeline" :{
		"1.1" : "/execute @s ~ ~ ~ fill ^1 ^2 ^ ^-1 ^ ^ air"
		}
	  },
	"animation.gate_large.open": {
		"animation_length": 1.5,
		"timeline" :{
		"1.3" : "/execute @s ~ ~ ~ fill ^2 ^2 ^ ^-2 ^2 ^ air",
		"1.35" : "/execute @s ~ ~ ~ fill ^2 ^ ^ ^-2 ^ ^ air" 
		}
	  },
	"animation.door_lockable_open": {
		"animation_length": 1.0,
		"timeline" :{
		"0.2" : "/execute @s ~ ~ ~ fill ^ ^1 ^ ^ ^1 ^ air"
		}
	  } 
  }
}