{
	"format_version": "1.12.0",
	"minecraft:geometry": [
		{
			"description": {
				"identifier": "geometry.ic_A90",
				"texture_width": 128,
				"texture_height": 128,
				"visible_bounds_width": 8,
				"visible_bounds_height": 6,
				"visible_bounds_offset": [0, 2, 0]
			},
			"bones": [
				{
					"name": "main",
					"pivot": [0, 0, 80]
				},
				{
					"name": "alert",
					"parent": "main",
					"pivot": [0, 3, 53],
					"cubes": [
						{
							"origin": [-8, 18, 53],
							"size": [16, 16, 0],
							"uv": {
								"north": {"uv": [0, 0], "uv_size": [40, 41]},
								"east": {"uv": [0, 0], "uv_size": [0, 41]},
								"south": {"uv": [40, 0], "uv_size": [40, 41]},
								"west": {"uv": [40, 0], "uv_size": [0, 41]},
								"up": {"uv": [0, 0], "uv_size": [40, 0]},
								"down": {"uv": [40, 0], "uv_size": [40, 0]}
							}
						}
					]
				},
				{
					"name": "stop",
					"parent": "main",
					"pivot": [0, 3, 35],
					"cubes": [
						{
							"origin": [-8, 18, 35],
							"size": [16, 16, 0],
							"uv": {
								"north": {"uv": [0, 44], "uv_size": [40, 41]},
								"east": {"uv": [0, 44], "uv_size": [0, 41]},
								"south": {"uv": [40, 44], "uv_size": [40, 41]},
								"west": {"uv": [40, 44], "uv_size": [0, 41]},
								"up": {"uv": [0, 44], "uv_size": [40, 0]},
								"down": {"uv": [40, 44], "uv_size": [40, 0]}
							}
						}
					]
				},
				{
					"name": "caught",
					"parent": "main",
					"pivot": [0, 3, 33],
					"cubes": [
						{
							"origin": [-8, 18, 33],
							"size": [16, 16, 0],
							"uv": {
								"north": {"uv": [0, 87], "uv_size": [40, 41]},
								"east": {"uv": [0, 87], "uv_size": [0, 41]},
								"south": {"uv": [40, 87], "uv_size": [40, 41]},
								"west": {"uv": [40, 87], "uv_size": [0, 41]},
								"up": {"uv": [0, 87], "uv_size": [40, 0]},
								"down": {"uv": [40, 87], "uv_size": [40, 0]}
							}
						}
					]
				}
			]
		}
	]
}