{
	"format_version": "1.12.0",
	"minecraft:geometry": [
		{
			"description": {
				"identifier": "geometry.ic_figure",
				"texture_width": 128,
				"texture_height": 128,
				"visible_bounds_width": 3,
				"visible_bounds_height": 8.5,
				"visible_bounds_offset": [0, 3.75, 0]
			},
			"bones": [
				{
					"name": "body",
					"pivot": [0, 6, 0]
				},
				{
					"name": "waist",
					"parent": "body",
					"pivot": [0, 30, 0],
					"cubes": [
						{"origin": [-5, 30, -2], "size": [10, 10, 4], "uv": [0, 16]}
					]
				},
				{
					"name": "waist2",
					"parent": "waist",
					"pivot": [0, 39, 0],
					"cubes": [
						{"origin": [-6, 39, -3], "size": [12, 10, 6], "uv": [0, 0]},
						{"origin": [-6.5, 38.5, -0.25], "size": [13, 11, 6.5], "pivot": [0, 44.75, 1.5], "rotation": [-180, 0, 180], "uv": [90, 58]},
						{"origin": [5, 48, -0.5], "size": [2, 2, 7], "pivot": [0, 44.75, 1.5], "rotation": [-180, 0, 180], "uv": [71, 1]},
						{"origin": [5, 43.75, -0.5], "size": [2, 2, 7], "pivot": [0, 44.75, 1.5], "rotation": [-180, 0, 180], "uv": [71, 1]},
						{"origin": [5, 39.5, -0.5], "size": [2, 2, 7], "pivot": [0, 44.75, 1.5], "rotation": [-180, 0, 180], "uv": [71, 1]},
						{"origin": [-7, 48, -0.5], "size": [2, 2, 7], "pivot": [0, 44.75, 1.5], "rotation": [-180, 0, 180], "uv": [71, 1], "mirror": true},
						{"origin": [-2.5, 43.75, 0.5], "size": [2, 2, 6], "pivot": [0, 44.75, 1.5], "rotation": [0, 90, -90], "uv": [72, 2], "mirror": true},
						{"origin": [-2.5, 43.75, -5.5], "size": [2, 2, 6], "pivot": [0, 44.75, 1.5], "rotation": [0, 90, -90], "uv": [72, 2], "mirror": true},
						{"origin": [-7, 43.75, -0.5], "size": [2, 2, 7], "pivot": [0, 44.75, 1.5], "rotation": [-180, 0, 180], "uv": [71, 1], "mirror": true},
						{"origin": [-7, 39.5, -0.5], "size": [2, 2, 7], "pivot": [0, 44.75, 1.5], "rotation": [-180, 0, 180], "uv": [71, 1], "mirror": true}
					]
				},
				{
					"name": "leftArm",
					"parent": "waist2",
					"pivot": [6, 48, 0],
					"cubes": [
						{"origin": [6, 36, -2], "size": [4, 13, 4], "uv": [24, 26]}
					]
				},
				{
					"name": "leftArm2",
					"parent": "leftArm",
					"pivot": [8.075, 37, 0.95],
					"cubes": [
						{"origin": [6.075, 25, -2.05], "size": [4, 12, 4], "uv": [36, 0]}
					]
				},
				{
					"name": "leftArm4",
					"parent": "leftArm2",
					"pivot": [8, 25, 0],
					"cubes": [
						{"origin": [6, 14, -2], "size": [4, 12, 4], "uv": [0, 30]}
					]
				},
				{
					"name": "leftArm5",
					"parent": "leftArm4",
					"pivot": [8, 13, 0],
					"cubes": [
						{"origin": [5, 9, -2], "size": [5, 5, 4], "uv": [48, 12]}
					]
				},
				{
					"name": "rightArm",
					"parent": "waist2",
					"pivot": [-6, 48, 0],
					"cubes": [
						{"origin": [-10, 36, -2], "size": [4, 13, 4], "uv": [24, 26], "mirror": true}
					]
				},
				{
					"name": "rightArm2",
					"parent": "rightArm",
					"pivot": [-8.075, 37, 0.95],
					"cubes": [
						{"origin": [-10.075, 25, -2.05], "size": [4, 12, 4], "uv": [36, 0], "mirror": true}
					]
				},
				{
					"name": "rightArm4",
					"parent": "rightArm2",
					"pivot": [-8, 25, 0],
					"cubes": [
						{"origin": [-10, 14, -2], "size": [4, 12, 4], "uv": [0, 30], "mirror": true}
					]
				},
				{
					"name": "rightArm5",
					"parent": "rightArm4",
					"pivot": [-8, 13, 0],
					"cubes": [
						{"origin": [-10, 9, -2], "size": [5, 5, 4], "uv": [48, 12], "mirror": true}
					]
				},
				{
					"name": "head",
					"parent": "waist2",
					"pivot": [0, 49, 0],
					"cubes": [
						{"origin": [-1, 48, 0], "size": [2, 2, 2], "pivot": [0, 52.25, 0.375], "rotation": [0, 180, 0], "uv": [7, 7]},
						{"origin": [-5.5, 50, -4.5], "size": [11, 11, 11], "pivot": [0, 52.25, 0.375], "rotation": [0, 180, 0], "uv": [84, 0]},
						{"origin": [-4.5, 51, -3.5], "size": [9, 9, 10], "pivot": [0, 52.25, 0.375], "rotation": [0, 180, 0], "uv": [90, 22]},
						{"origin": [-4.5, 51, 5], "size": [9, 9, 1], "pivot": [0, 52.25, 0.375], "rotation": [0, 180, 0], "uv": [108, 43]},
						{"origin": [-4.5, 51, -3.25], "size": [9, 9, 0], "pivot": [0, 52.25, 0.375], "rotation": [0, 180, 0], "uv": [84, 44]}
					]
				},
				{
					"name": "leftLeg",
					"parent": "body",
					"pivot": [3.25, 30, 0],
					"cubes": [
						{"origin": [1.25, 20, -2], "size": [4, 10, 4], "uv": [44, 22], "mirror": true}
					]
				},
				{
					"name": "leftLeg2",
					"parent": "leftLeg",
					"pivot": [3.3, 20.5, -0.075],
					"cubes": [
						{"origin": [1.3, 10.5, -2.075], "size": [4, 10, 4], "uv": [12, 42], "mirror": true}
					]
				},
				{
					"name": "leftLeg4",
					"parent": "leftLeg2",
					"pivot": [3.25, 11, 0],
					"cubes": [
						{"origin": [1.25, 1, -2], "size": [4, 10, 4], "uv": [36, 39], "mirror": true}
					]
				},
				{
					"name": "leftLeg5",
					"parent": "leftLeg4",
					"pivot": [2.75, 10, 0.5],
					"cubes": [
						{"origin": [0.75, 0, -2.5], "size": [5, 5, 5], "uv": [28, 16], "mirror": true}
					]
				},
				{
					"name": "rightLeg",
					"parent": "body",
					"pivot": [-3.25, 30, 0],
					"cubes": [
						{"origin": [-5.25, 20, -2], "size": [4, 10, 4], "uv": [44, 22]}
					]
				},
				{
					"name": "rightLeg2",
					"parent": "rightLeg",
					"pivot": [-3.3, 20.5, -0.075],
					"cubes": [
						{"origin": [-5.3, 10.5, -2.075], "size": [4, 10, 4], "uv": [12, 42]}
					]
				},
				{
					"name": "rightLeg4",
					"parent": "rightLeg2",
					"pivot": [-3.25, 11, 0],
					"cubes": [
						{"origin": [-5.25, 1, -2], "size": [4, 10, 4], "uv": [36, 39]}
					]
				},
				{
					"name": "rightLeg5",
					"parent": "rightLeg4",
					"pivot": [-2.75, 10, 0.5],
					"cubes": [
						{"origin": [-5.75, 0, -2.5], "size": [5, 5, 5], "uv": [28, 16]}
					]
				}
			]
		}
	]
}