{
	"format_version": "1.12.0",
	"minecraft:geometry": [
		{
			"description": {
				"identifier": "geometry.ic_glitch",
				"texture_width": 64,
				"texture_height": 64,
				"visible_bounds_width": 3,
				"visible_bounds_height": 4,
				"visible_bounds_offset": [0, 2, 0]
			},
			"bones": [
				{
					"name": "body",
					"pivot": [0, 0, 0]
				},
				{
					"name": "waist",
					"parent": "body",
					"pivot": [0, 18, 0],
					"cubes": [
						{"origin": [-3.5, 19, -2], "size": [7, 3, 3], "inflate": 0.5, "uv": [27, 0]},
						{"origin": [-4.5, 17, -3], "size": [9, 2, 5], "uv": [0, 18]}
					],
					"locators": {
						"trail": {
							"offset": [0, 26, 1],
							"rotation": [0, 90, 0]
						}
					}
				},
				{
					"name": "waist2",
					"parent": "waist",
					"pivot": [0, 20, 0],
					"cubes": [
						{"origin": [-5, 22, -3], "size": [10, 11, 5], "uv": [0, 18]}
					]
				},
				{
					"name": "head",
					"parent": "waist2",
					"pivot": [0, 33.5, -1],
					"cubes": [
						{"origin": [-4, 34.5, -4.5], "size": [8, 9, 8], "uv": [1, 1]},
						{"origin": [-1.5, 32.5, -2], "size": [3, 4, 3], "uv": [11, 0]},
						{"origin": [1, 40.5, -5], "size": [4, 4, 5], "uv": [0, 55]},
						{"origin": [-6, 35.5, -2], "size": [4, 4, 5], "uv": [0, 55]},
						{"origin": [-1, 33.5, -1], "size": [4, 4, 5], "uv": [0, 55]}
					]
				},
				{
					"name": "leftArm",
					"parent": "waist2",
					"pivot": [5, 31.25, 0],
					"cubes": [
						{"origin": [5, 23.75, -2], "size": [3, 9, 3], "uv": [30, 18]},
						{"origin": [7, 28.5, -1], "size": [2, 4, 3], "uv": [4, 57]}
					]
				},
				{
					"name": "leftArm2",
					"parent": "leftArm",
					"pivot": [6.25, 24.25, 0],
					"cubes": [
						{"origin": [5, 14.75, -2], "size": [3, 9, 3], "uv": [30, 18]},
						{"origin": [5.75, 17.5, -3], "size": [2, 4, 3], "uv": [4, 57]}
					]
				},
				{
					"name": "leftArm3",
					"parent": "leftArm2",
					"pivot": [6.25, 15, -0.5],
					"cubes": [
						{"origin": [5.5, 12.25, -2.5], "size": [3, 3, 4], "pivot": [6.5, 13.25, -0.5], "rotation": [0, 0, -55], "uv": [40, 12]}
					]
				},
				{
					"name": "rightArm",
					"parent": "waist2",
					"pivot": [-5, 31.25, 0],
					"cubes": [
						{"origin": [-8, 23.75, -2], "size": [3, 9, 3], "uv": [30, 18], "mirror": true},
						{"origin": [-9, 28.5, -3], "size": [2, 4, 3], "uv": [4, 57]}
					]
				},
				{
					"name": "rightArm2",
					"parent": "rightArm",
					"pivot": [-6.25, 24.25, 0],
					"cubes": [
						{"origin": [-8, 14.75, -2], "size": [3, 9, 3], "uv": [30, 18], "mirror": true},
						{"origin": [-6.5, 16.5, -3], "size": [2, 4, 3], "uv": [4, 57]}
					]
				},
				{
					"name": "rightArm3",
					"parent": "rightArm2",
					"pivot": [-6.25, 15, -0.5],
					"cubes": [
						{"origin": [-8.5, 12.25, -2.5], "size": [3, 3, 4], "pivot": [-6.5, 13.25, -0.5], "rotation": [0, 0, 60], "uv": [40, 12], "mirror": true}
					]
				},
				{
					"name": "leftLeg",
					"parent": "body",
					"pivot": [2.5, 18, -0.5],
					"mirror": true,
					"cubes": [
						{"origin": [1, 10, -2], "size": [3, 8, 3], "uv": [0, 35], "mirror": false},
						{"origin": [0.75, 11.5, -1.5], "size": [2, 4, 3], "uv": [4, 57], "mirror": false}
					]
				},
				{
					"name": "leftLeg2",
					"parent": "leftLeg",
					"pivot": [2.5, 11, -0.5],
					"mirror": true,
					"cubes": [
						{"origin": [1, 2, -2], "size": [3, 8, 3], "uv": [0, 35], "mirror": false},
						{"origin": [2.75, 4.5, -2.5], "size": [2, 4, 3], "uv": [4, 57], "mirror": false}
					]
				},
				{
					"name": "leftLeg3",
					"parent": "leftLeg2",
					"pivot": [3, 3, -1.25],
					"mirror": true,
					"cubes": [
						{"origin": [0.75, 0, -3.75], "size": [3.5, 2, 5], "uv": [0, 46]}
					]
				},
				{
					"name": "rightLeg",
					"parent": "body",
					"pivot": [-2.5, 18, -0.5],
					"mirror": true,
					"cubes": [
						{"origin": [-4, 10, -2], "size": [3, 8, 3], "uv": [0, 35]},
						{"origin": [-4.25, 11.5, -2.5], "size": [2, 4, 3], "uv": [4, 57], "mirror": false}
					]
				},
				{
					"name": "rightLeg2",
					"parent": "rightLeg",
					"pivot": [-2.5, 11, -0.5],
					"mirror": true,
					"cubes": [
						{"origin": [-4, 2, -2], "size": [3, 8, 3], "uv": [0, 35]},
						{"origin": [-3.25, 4.5, -1.5], "size": [2, 4, 3], "uv": [4, 57], "mirror": false}
					]
				},
				{
					"name": "rightLeg3",
					"parent": "rightLeg2",
					"pivot": [-3, 3, -1.25],
					"mirror": true,
					"cubes": [
						{"origin": [-4.25, 0, -3.75], "size": [3.5, 2, 5], "uv": [0, 46]}
					]
				}
			]
		}
	]
}