{
	"format_version": "1.12.0",
	"minecraft:geometry": [
		{
			"description": {
				"identifier": "geometry.ic_halt_ui",
				"texture_width": 128,
				"texture_height": 128,
				"visible_bounds_width": 3,
				"visible_bounds_height": 3.5,
				"visible_bounds_offset": [0, 1.25, 0]
			},
			"bones": [
				{
					"name": "main",
					"pivot": [0, -4, 31]
				},
				{
					"name": "main_halt",
					"parent": "main",
					"pivot": [0, -4, 31],
					"cubes": [
						{"origin": [-10, 8, 21], "size": [20, 32, 20], "uv": [0, 0]}
					]
				},
				{
					"name": "eyes",
					"parent": "main_halt",
					"pivot": [0, 22, 21],
					"cubes": [
					    {"origin": [-8, 25, 17], "size": [16, 7, 0], "uv": [0, 54]}
					]
				}
			]
		}
	]
}