{
  "format_version": "1.10.0",
  "animations": {
    "animation.item.wield": {
      "loop": true,
      "bones": {
        "rightitem": {
          "position": [ "c.is_first_person ? 1.0 : 1.0", "c.is_first_person ? -0.5 : -1.5", "c.is_first_person ? -2.0 : 0.0" ],
          "rotation": [ "c.is_first_person ? 90 : 90", "c.is_first_person ? 62.5 : 0.0", "c.is_first_person ? -50 : 0.0" ]
        }
      }
    },
    "animation.item.wield_2": {
      "loop": true,
      "bones": {
        "rightitem": {
          "position": [ "c.is_first_person ? -3.0 : 1.1", "c.is_first_person ? 3.0 : -3.0", "c.is_first_person ? -2.0 : 0.0" ],
          "rotation": [ "c.is_first_person ? 90 : 90", "c.is_first_person ? 62.5 : 0.0", "c.is_first_person ? -50.0 : 0.0" ]
        }
      }
    },
    "animation.item.wield_3": {
      "loop": true,
      "bones": {
        "rightitem": {
          "position": [ "c.is_first_person ? -3.0 : 1.1", "c.is_first_person ? -2 : -2.5", "c.is_first_person ? -2.0 : -3.0" ],
          "rotation": [ "c.is_first_person ? 90 : 90", "c.is_first_person ? 62.5 : 0.0", "c.is_first_person ? -50 : 0.0" ]
        }
      }
    },
    "animation.item.wield4": {
      "loop": true,
      "bones": {
        "rightitem": {
          "position": [ "c.is_first_person ? -10.0 : 4.0", "c.is_first_person ? 5.0 : -1.5", "c.is_first_person ? -13.0 : 0.0" ],
          "rotation": [ "c.is_first_person ? 90 : 90", "c.is_first_person ? 60.0 : 0.0", "c.is_first_person ? -50 : 0.0" ]
        }
      }
    },
    "animation.item.wield2": {
      "loop": true,
      "bones": {
        "rightitem": {
          "position": [ "c.is_first_person ? 1.5 : 1.5", "c.is_first_person ? -1.5 : -1.5", "c.is_first_person ? -1.5 : -1.5" ],
          "rotation": [ "c.is_first_person ? 0.0 : 0.0", "c.is_first_person ? 0.0 : 0.0", "c.is_first_person ? -80.0  : -80.0" ], 
          "scale" : [0.5,0.5,0.5]
        }
      }
    }
  }
}