{
  "entity_sounds": {
    "entities": {
      "sc:daycare_attendant_moon": {
        "volume": 1.0,
        "pitch": [ 1.0, 1.05 ],
        "events": {
          "hurt": "sc.moon.hurt",
          "death": "sc.glamrocks.hurt",
		  "attack": "sc.fnafsb.jumpscare1"
          }
        },
      "sc:daycare_attendant_sun": {
        "volume": 1.0,
        "pitch": [ 1.0, 1.05 ],
        "events": {
          "hurt": "sc.sun.hurt",
          "death": "sc.glamrocks.hurt"
          }
        },
      "sc:wet_floor_sign": {
        "volume": 1.0,
        "pitch": [ 1.0, 1.05 ],
        "events": {
          "hurt": "sc.a.hurt",
          "death": "sc.glamrocks.hurt",
		  "attack": "sc.fnafsb.jumpscare4"
          }
        },
      "sc:monty": {
        "volume": 1.0,
        "pitch": [ 1.0, 1.05 ],
        "events": {
          "hurt": "sc.glamrocks.hurt",
          "death": "sc.glamrocks.hurt",
		  "attack": "sc.fnafsb.jumpscare1",
		  "step": "sc.fnafsb.moving1"
          }
        },
      "sc:glamrock_freddy": {
        "volume": 1.0,
        "pitch": [ 1.0, 1.05 ],
        "events": {
          "hurt": "sc.glamrocks.hurt",
          "death": "sc.glamrocks.hurt",
		  "attack": "sc.fnafsb.jumpscare1",
		  "step": "sc.fnafsb.moving1"
          }
        },
      "sc:glamrock_freddy_afton": {
        "volume": 1.0,
        "pitch": [ 1.0, 1.05 ],
        "events": {
          "hurt": "sc.glamrocks.hurt",
          "death": "sc.glamrocks.hurt",
		  "attack": "sc.fnafsb.jumpscare1",
		  "step": "sc.fnafsb.moving1"
          }
        },
      "sc:dj_music_man": {
        "volume": 2.0,
        "pitch": [ 1.0, 1.05 ],
        "events": {
          "hurt": "sc.glamrocks.hurt",
          "death": "sc.glamrocks.hurt",
		  "attack": "sc.fnafsb.jumpscare4",
		  "step": "sc.dj_music_man.step"
          }
        },
      "sc:glamrock_bonnie": {
        "volume": 1.0,
        "pitch": [ 1.0, 1.05 ],
        "events": {
          "hurt": "sc.glamrocks.hurt",
          "death": "sc.glamrocks.hurt",
		  "attack": "sc.fnafsb.jumpscare1",
		  "step": "sc.fnafsb.moving1"
          }
        },
      "sc:vanny": {
        "volume": 1.0,
        "pitch": [ 1.0, 1.05 ],
        "events": {
          "hurt": "sc.hurt",
          "death": "sc.hurt",
		  "attack": "sc.fnafsb.jumpscare2"
          }
        },
      "sc:roxanne": {
        "volume": 1.0,
        "pitch": [ 1.0, 1.05 ],
        "events": {
          "hurt": "sc.hurt",
          "death": "sc.hurt",
		  "attack": "sc.fnafsb.jumpscare1",
		  "step": "sc.fnafsb.moving1"
          }
        },
      "sc:shattered_roxanne": {
        "volume": 1.0,
        "pitch": [ 1.0, 1.05 ],
        "events": {
          "hurt": "sc.hurt",
          "death": "sc.hurt",
		  "attack": "sc.fnafsb.jumpscare3",
		  "step": "sc.fnafsb.moving1"
          }
        },
      "sc:burntrap": {
        "volume": 1.0,
        "pitch": [ 1.0, 1.05 ],
        "events": {
          "hurt": "sc.burntrap.hurt",
          "death": "sc.burntrap.talk1",
		  "attack": "sc.fnafsb.jumpscare1",
		  "step": "sc.burntrap.step",
          "ambient": "sc.burntrap.idle"
          }
        }
      }
    }
  }