{
  "mob.bedrock_truck_mitsubishi_colt_diesel_umplung.say": {
    "category": " neutral",
    "sounds": [
      "sounds/mob/bedrock_truck_mitsubishi_colt_diesel_umplung/say"
    ]
  },
  "mob.bedrock_truck_mitsubishi_colt_diesel_umplung.hit": {
    "category": " neutral",
    "sounds": [
      "sounds/mob/bedrock_truck_mitsubishi_colt_diesel_umplung/hit"
    ]
  },
  "mob.bedrock_truck_mitsubishi_colt_diesel_umplung.death": {
    "category": " neutral",
    "sounds": [
      "sounds/mob/bedrock_truck_mitsubishi_colt_diesel_umplung/death"
    ]
  },
  "mob.bedrock_truck_mitsubishi_colt_diesel_umplung.walk": {
    "category": " neutral",
    "sounds": [
      "sounds/mob/bedrock_truck_mitsubishi_colt_diesel_umplung/walk"
    ]
  }
}