{
  "resource_pack_name": "vanilla",
  "texture_name": "atlas.items",
  "texture_data": {
    "egg_camel": {
      "textures": "textures/items/egg_camel"
    },
    "egg_lion": {
      "textures": "textures/items/egg_lion"
    },
    "egg_penguin": {
      "textures": "textures/items/egg_penguin"
    },
    "egg_tiger": {
      "textures": "textures/items/egg_tiger"
    },
    "egg_elephant": {
      "textures": "textures/items/egg_elephant"
    },
    "egg_deer": {
      "textures": "textures/items/egg_deer"
    },
    "egg_panther": {
      "textures": "textures/items/egg_panther"
    },
    "egg_frog": {
      "textures": "textures/items/egg_frog"
    },
    "egg_crocodile": {
      "textures": "textures/items/egg_crocodile"
    },
    "egg_mouse": {
      "textures": "textures/items/egg_mouse"
    },
    "gallardo": {
      "textures": "textures/items/gallardo"
    },
    "bench": {
      "textures": "textures/items/bench"
    },
    "christmas_tree": {
      "textures": "textures/items/christmas_tree"
    },
    "tivi": {
      "textures": "textures/items/tivi"
    },
    "closet": {
      "textures": "textures/items/closet"
    },
    "laptop": {
      "textures": "textures/items/laptop"
    },
    "piano": {
      "textures": "textures/items/piano"
    },
    "armchairs": {
      "textures": "textures/items/armchairs"
    },
    "chair": {
      "textures": "textures/items/chair"
    },
    "big_table": {
      "textures": "textures/items/big_table"
    },
    "small_table": {
      "textures": "textures/items/small_table"
    },
    "drone": {
      "textures": "textures/items/drone"
    },
    "colorful_gifts": {
      "textures": "textures/items/colorful_gifts"
    },
    "spk:two": {
      "textures": "textures/items/pamobile/spk_two"
    },
    "spk:five": {
      "textures": "textures/items/pamobile/spk_five"
    },
    "spk:eight": {
      "textures": "textures/items/pamobile/spk_eight"
    },
    "spk:pain": {
      "textures": "textures/items/pamobile/spk_pain"
    },
    "spk:misery": {
      "textures": "textures/items/pamobile/spk_misery"
    },
    "spk:pancreas": {
      "textures": "textures/items/pamobile/spk_pancreas"
    },
    "spk:chapel": {
      "textures": "textures/items/pamobile/spk_chapel"
    },
    "spk:egg": {
      "textures": "textures/items/pamobile/spk_egg"
    },
    "spk:emma": {
      "textures": "textures/items/pamobile/spk_emma"
    },
    "spk:m3gan": {
      "textures": "textures/items/pamobile/spk_m3gan"
    },
    "spk:abigail": {
      "textures": "textures/items/pamobile/spk_abigail"
    },
    "spk:dance": {
      "textures": "textures/items/pamobile/spk_dance"
    },
    "spk:tyler": {
      "textures": "textures/items/pamobile/spk_tyler"
    },
    "spk:human": {
      "textures": "textures/items/pamobile/spk_human"
    },
    "spk:poster2": {
      "textures": "textures/items/pamobile/spk_poster2"
    },
    "spk:poster1": {
      "textures": "textures/items/pamobile/spk_poster1"
    },
    "spk:opila": {
      "textures": "textures/items/pamobile/spk_opila"
    },
    "spk:poster6": {
      "textures": "textures/items/pamobile/spk_poster6"
    },
    "spk:poster8": {
      "textures": "textures/items/pamobile/spk_poster8"
    },
    "spk:poster5": {
      "textures": "textures/items/pamobile/spk_poster5"
    },
    "spk:poster4": {
      "textures": "textures/items/pamobile/spk_poster4"
    },
    "spk:poster10": {
      "textures": "textures/items/pamobile/spk_poster10"
    },
    "spk:poster7": {
      "textures": "textures/items/pamobile/spk_poster7"
    },
    "spk:poster9": {
      "textures": "textures/items/pamobile/spk_poster9"
    },
    "spk:death": {
      "textures": "textures/items/pamobile/spk_death"
    },
    "spk:banbareena": {
      "textures": "textures/items/pamobile/spk_banbareena"
    },
    "spk:banban": {
      "textures": "textures/items/pamobile/spk_banban"
    },
    "spk:jumbo_josh": {
      "textures": "textures/items/pamobile/spk_jumbo_josh"
    },
    "spk:slow_seline": {
      "textures": "textures/items/pamobile/spk_slow_seline"
    },
    "spk:poster3": {
      "textures": "textures/items/pamobile/spk_poster3"
    },
    "spk:nabnab": {
      "textures": "textures/items/pamobile/spk_nabnab"
    },
    "spk:fiddles_test": {
      "textures": "textures/items/pamobile/spk_fiddles_test"
    },
    "spk:fiddles_red_test": {
      "textures": "textures/items/pamobile/spk_fiddles_red_test"
    },
    "spk:fiddles_yellow_test": {
      "textures": "textures/items/pamobile/spk_fiddles_yellow_test"
    },
    "spk:stinger_flynn": {
      "textures": "textures/items/pamobile/spk_stinger_flynn"
    },
    "spk:fiddles_cyan_test": {
      "textures": "textures/items/pamobile/spk_fiddles_cyan_test"
    }
  }
}