{"format_version":"1.16.100","minecraft:item":{"components":{"minecraft:creative_category":{"parent":"itemGroup.name.tools"},"minecraft:display_name":{"value":"§l§3armor jar"},"minecraft:durability":{"max_durability":0.1},"minecraft:food":{"can_always_eat":true},"minecraft:icon":{"texture":"roy:jar"},"minecraft:max_stack_size":1,"minecraft:on_use":{"on_use":{"event":"jar","target":"self"}},"minecraft:use_duration":999999},"description":{"category":"equipment","identifier":"roy:jar"},"events":{"jar":{"run_command":{"command":["effect @s health_boost 99999999 50 true","effect @s regeneration 99999999 50 true"]}}}}}