{"format_version":"1.16.100","minecraft:item":{"components":{"minecraft:creative_category":{"parent":"itemGroup.name.tools"},"minecraft:display_name":{"value":"§lholy §ehand grenade"},"minecraft:durability":{"max_durability":0.1},"minecraft:food":{"can_always_eat":true},"minecraft:icon":{"texture":"roy:bomb"},"minecraft:max_stack_size":1,"minecraft:on_use":{"on_use":{"event":"bomb","target":"self"}},"minecraft:use_duration":999999},"description":{"category":"equipment","identifier":"roy:crucifix_bomb"},"events":{"bomb":{"sequence":[{"shoot":{"launch_power":1.2,"projectile":"roy:bom"}},{"damage":{"amount":1,"target":"self","type":"none"},"run_command":{"command":["playsound bomb.crucifix @s","tag @e[type=roy:bom] add crucifix_bomb"]}}]}}}}