{"format_version":"1.16.100","minecraft:item":{"components":{"minecraft:cooldown":{"category":"crucifix","duration":9},"minecraft:creative_category":{"parent":"itemGroup.name.tools"},"minecraft:display_name":{"value":"§l§2Crucifix"},"minecraft:display_name":{"value":"§2§lCrucifix\n§4-banished monster : overlap the screen\n[Crucifix to banish monster]\n[Crucifix can't banish monsters]"},"minecraft:food":{"can_always_eat":true},"minecraft:icon":{"texture":"roy:crucifix"},"minecraft:max_stack_size":1,"minecraft:on_use":{"on_use":{"event":"summon","target":"self"}},"minecraft:use_duration":999999},"description":{"category":"equipment","identifier":"roy:crucifix"},"events":{"summon":{"run_command":{"command":["tag @s add auto_crucifix"]}}}}}