{"format_version":"1.16.100","minecraft:item":{"components":{"minecraft:cooldown":{"category":"lighter","duration":2},"minecraft:display_name":{"value":"Lighter\n-ON: crouch and press\n-OFF: crouch and hit block"},"minecraft:durability":{"max_durability":30},"minecraft:hand_equipped":true,"minecraft:icon":{"texture":"roy:lighter"},"minecraft:max_stack_size":1,"minecraft:on_use":{"on_use":{"condition":"query.is_sneaking","event":"lighter_on","target":"self"}},"minecraft:weapon":{"on_hit_block":{"condition":"query.is_sneaking","event":"lighter_off","target":"self"}}},"description":{"category":"items","identifier":"roy:lighter"},"events":{"lighter_off":{"run_command":{"command":["effect @s clear"]}},"lighter_on":{"run_command":{"command":["effect @s night_vision 9999999 1 true"]}}}}}