{
    "format_version": "1.10.0",
    "minecraft:client_entity": {
        "description": {
            "identifier": "minecraft:player",
            "materials": {
                "default": "entity_alphatest",
                "cape": "entity_alphatest",
                "animated": "player_animated",
                "hp": "entity_emissive_alpha"
            },
            "textures": {
                "hp100g": "textures/hp/hp100g",
                "hp99g": "textures/hp/hp99g",
                "hp98g": "textures/hp/hp98g",
                "hp97g": "textures/hp/hp97g",
                "hp96g": "textures/hp/hp96g",
                "hp95g": "textures/hp/hp95g",
                "hp94g": "textures/hp/hp94g",
                "hp93g": "textures/hp/hp93g",
                "hp92g": "textures/hp/hp92g",
                "hp91g": "textures/hp/hp91g",
                "hp90g": "textures/hp/hp90g",
                "hp89g": "textures/hp/hp89g",
                "hp88g": "textures/hp/hp88g",
                "hp87g": "textures/hp/hp87g",
                "hp86g": "textures/hp/hp86g",
                "hp85g": "textures/hp/hp85g",
                "hp84g": "textures/hp/hp84g",
                "hp83g": "textures/hp/hp83g",
                "hp82g": "textures/hp/hp82g",
                "hp81g": "textures/hp/hp81g",
                "hp80g": "textures/hp/hp80g",
                "hp79g": "textures/hp/hp79g",
                "hp78g": "textures/hp/hp78g",
                "hp77g": "textures/hp/hp77g",
                "hp76g": "textures/hp/hp76g",
                "hp75g": "textures/hp/hp75g",
                "hp74g": "textures/hp/hp74g",
                "hp73g": "textures/hp/hp73g",
                "hp72g": "textures/hp/hp72g",
                "hp71g": "textures/hp/hp71g",
                "hp70g": "textures/hp/hp70g",
                "hp69g": "textures/hp/hp69g",
                "hp68g": "textures/hp/hp68g",
                "hp67g": "textures/hp/hp67g",
                "hp66g": "textures/hp/hp66g",
                "hp65g": "textures/hp/hp65g",
                "hp64g": "textures/hp/hp64g",
                "hp63g": "textures/hp/hp63g",
                "hp62g": "textures/hp/hp62g",
                "hp61g": "textures/hp/hp61g",
                "hp60g": "textures/hp/hp60g",
                "hp59g": "textures/hp/hp59g",
                "hp58g": "textures/hp/hp58g",
                "hp57g": "textures/hp/hp57g",
                "hp56g": "textures/hp/hp56g",
                "hp55g": "textures/hp/hp55g",
                "hp54g": "textures/hp/hp54g",
                "hp53g": "textures/hp/hp53g",
                "hp52g": "textures/hp/hp52g",
                "hp51g": "textures/hp/hp51g",
                "hp50g": "textures/hp/hp50g",
                "hp49g": "textures/hp/hp49g",
                "hp48g": "textures/hp/hp48g",
                "hp47g": "textures/hp/hp47g",
                "hp46g": "textures/hp/hp46g",
                "hp45g": "textures/hp/hp45g",
                "hp44g": "textures/hp/hp44g",
                "hp43g": "textures/hp/hp43g",
                "hp42g": "textures/hp/hp42g",
                "hp41g": "textures/hp/hp41g",
                "hp40g": "textures/hp/hp40g",
                "hp39g": "textures/hp/hp39g",
                "hp38g": "textures/hp/hp38g",
                "hp37g": "textures/hp/hp37g",
                "hp36g": "textures/hp/hp36g",
                "hp35g": "textures/hp/hp35g",
                "hp34g": "textures/hp/hp34g",
                "hp33g": "textures/hp/hp33g",
                "hp32g": "textures/hp/hp32g",
                "hp31g": "textures/hp/hp31g",
                "hp30g": "textures/hp/hp30g",
                "hp29g": "textures/hp/hp29g",
                "hp28g": "textures/hp/hp28g",
                "hp27g": "textures/hp/hp27g",
                "hp26g": "textures/hp/hp26g",
                "hp25g": "textures/hp/hp25g",
                "hp24g": "textures/hp/hp24g",
                "hp23g": "textures/hp/hp23g",
                "hp22g": "textures/hp/hp22g",
                "hp21g": "textures/hp/hp21g",
                "hp20g": "textures/hp/hp20g",
                "hp19g": "textures/hp/hp19g",
                "hp18g": "textures/hp/hp18g",
                "hp17g": "textures/hp/hp17g",
                "hp16g": "textures/hp/hp16g",
                "hp15g": "textures/hp/hp15g",
                "hp14g": "textures/hp/hp14g",
                "hp13g": "textures/hp/hp13g",
                "hp12g": "textures/hp/hp12g",
                "hp11g": "textures/hp/hp11g",
                "hp10g": "textures/hp/hp10g",
                "hp9g": "textures/hp/hp9g",
                "hp8g": "textures/hp/hp8g",
                "hp7g": "textures/hp/hp7g",
                "hp6g": "textures/hp/hp6g",
                "hp5g": "textures/hp/hp5g",
                "hp4g": "textures/hp/hp4g",
                "hp3g": "textures/hp/hp3g",
                "hp2g": "textures/hp/hp2g",
                "hp1g": "textures/hp/hp1g",
                "hp0": "textures/hp/hp1g",
                "default": "textures/entity/steve",
                "cape": "textures/entity/cape_invisible"
            },
            "geometry": {
                "default": "geometry.humanoid.custom",
                "cape": "geometry.cape",
                "hp": "geometry.health_bar",
                "dmg": "geometry.dmg"
            },
            "scripts": {
                "scale": "0.9375",
                "initialize": [
                    "variable.is_holding_right = 0.0;",
                    "variable.is_blinking = 0.0;",
                    "variable.last_blink_time = 0.0;",
                    "variable.hand_bob = 0.0;",
                    "variable.hp = query.health;"
                ],
                "pre_animation": [
                    "variable.is_third_person = !variable.is_first_person && !variable.map_face_icon;",
                    "variable.helmet_layer_visible = 1.0;",
                    "variable.leg_layer_visible = 1.0;",
                    "variable.boot_layer_visible = 1.0;",
                    "variable.chest_layer_visible = 1.0;",
                    "variable.attack_body_rot_y = Math.sin(360*Math.sqrt(variable.attack_time)) * 5.0;",
                    "variable.tcos0 = (math.cos(query.modified_distance_moved * 38.17) * query.modified_move_speed / variable.gliding_speed_value) * 57.3;",
                    "variable.first_person_rotation_factor = math.sin((1 - variable.attack_time) * 180.0);",
                    "variable.hand_bob = query.life_time < 0.01 ? 0.0 : variable.hand_bob + ((query.is_on_ground && query.is_alive ? math.clamp(math.sqrt(math.pow(query.position_delta(0), 2.0) + math.pow(query.position_delta(2), 2.0)), 0.0, 0.1) : 0.0) - variable.hand_bob) * 0.02;",
                    "variable.map_angle = math.clamp(1 - variable.player_x_rotation / 45.1, 0.0, 1.0);",
                    "variable.item_use_normalized = query.main_hand_item_use_duration / query.main_hand_item_max_duration;",
                    "variable.health = math.round(query.health / query.max_health * 100);"
                ],
                "animate": [
                    "root",
                    "hp",
                    {
                        "dmg": "!variable.is_first_person && query.is_alive"
                    },
                    "crawl"
                ]
            },
            "animations": {
                "root": "controller.animation.player.root",
                "hold": "animation.humanoid.bow_and_arrow",
                "base_controller": "controller.animation.player.base",
                "humanoid_base_pose": "animation.humanoid.base_pose",
                "look_at_target": "controller.animation.humanoid.look_at_target",
                "look_at_target_ui": "animation.player.look_at_target.ui",
                "look_at_target_default": "animation.humanoid.look_at_target.default",
                "look_at_target_gliding": "animation.humanoid.look_at_target.gliding",
                "look_at_target_swimming": "animation.humanoid.look_at_target.swimming",
                "look_at_target_inverted": "animation.player.look_at_target.inverted",
                "cape": "animation.player.cape",
                "move.arms": "animation.player.move.arms",
                "move.legs": "animation.player.move.legs",
                "swimming": "animation.player.swim",
                "swimming.legs": "animation.player.swim.legs",
                "riding.arms": "animation.player.riding.arms",
                "riding.legs": "animation.player.riding.legs",
                "holding": "animation.player.holding",
                "brandish_spear": "animation.humanoid.brandish_spear",
                "charging": "animation.humanoid.charging",
                "attack.positions": "animation.player.attack.positions",
                "attack.rotations": "animation.player.attack.rotations",
                "sneaking": "animation.player.sneaking",
                "bob": "animation.player.bob",
                "damage_nearby_mobs": "animation.humanoid.damage_nearby_mobs",
                "bow_and_arrow": "animation.humanoid.bow_and_arrow",
                "use_item_progress": "animation.humanoid.use_item_progress",
                "skeleton_attack": "animation.skeleton.attack",
                "sleeping": "animation.player.sleeping",
                "first_person_base_pose": "animation.player.first_person.base_pose",
                "first_person_empty_hand": "animation.player.first_person.empty_hand",
                "first_person_swap_item": "animation.player.first_person.swap_item",
                "first_person_attack_controller": "controller.animation.player.first_person_attack",
                "first_person_attack_rotation": "animation.player.first_person.attack_rotation",
                "first_person_vr_attack_rotation": "animation.player.first_person.vr_attack_rotation",
                "first_person_walk": "animation.player.first_person.walk",
                "first_person_map_controller": "controller.animation.player.first_person_map",
                "first_person_map_hold": "animation.player.first_person.map_hold",
                "first_person_map_hold_attack": "animation.player.first_person.map_hold_attack",
                "first_person_map_hold_off_hand": "animation.player.first_person.map_hold_off_hand",
                "first_person_map_hold_main_hand": "animation.player.first_person.map_hold_main_hand",
                "first_person_crossbow_equipped": "animation.player.first_person.crossbow_equipped",
                "third_person_crossbow_equipped": "animation.player.crossbow_equipped",
                "third_person_bow_equipped": "animation.player.bow_equipped",
                "crossbow_hold": "animation.player.crossbow_hold",
                "crossbow_controller": "controller.animation.player.crossbow",
                "shield_block_main_hand": "animation.player.shield_block_main_hand",
                "shield_block_off_hand": "animation.player.shield_block_off_hand",
                "blink": "controller.animation.persona.blink",
                "hp": "animation.health_player",
                "dmg": "controller.animation.damage",
                "crawl": "controller.animation.crawl",
                "crawl1": "animation.crawl1",
                "crawl2": "animation.crawl2"
            },
            "render_controllers": [
                {
                    "controller.render.player.first_person": "variable.is_first_person"
                },
                {
                    "controller.render.player.third_person": "!variable.is_first_person && !variable.map_face_icon"
                },
                {
                    "controller.render.player.map": "variable.map_face_icon"
                },
                {
                    "controller.render.hp_green": "!variable.is_first_person"
                },
                {
                    "controller.render.dmg": "!variable.is_first_person"
                }
            ],
            "particle_effects": {
                "dmg1": "coptaine:particle1",
                "dmg1a": "coptaine:particle1a",
                "dmg2": "coptaine:particle2",
                "dmg2a": "coptaine:particle2a",
                "dmg3": "coptaine:particle3",
                "dmg3a": "coptaine:particle3a",
                "dmg4": "coptaine:particle4",
                "dmg4a": "coptaine:particle4a",
                "dmg5": "coptaine:particle5",
                "dmg5a": "coptaine:particle5a",
                "dmg6": "coptaine:particle6",
                "dmg6a": "coptaine:particle6a",
                "dmg7": "coptaine:particle7",
                "dmg7a": "coptaine:particle7a",
                "dmg8": "coptaine:particle8",
                "dmg8a": "coptaine:particle8a",
                "dmg9": "coptaine:particle9",
                "dmg9a": "coptaine:particle9a",
                "dmg10": "coptaine:particle10",
                "dmg10a": "coptaine:particle10a",
                "dmg11": "coptaine:particle11",
                "dmg11a": "coptaine:particle11a",
                "dmg12": "coptaine:particle12",
                "dmg12a": "coptaine:particle12a",
                "dmg13": "coptaine:particle13",
                "dmg13a": "coptaine:particle13a",
                "dmg14": "coptaine:particle14",
                "dmg14a": "coptaine:particle14a",
                "dmg15": "coptaine:particle15",
                "dmg15a": "coptaine:particle15a",
                "dmg16": "coptaine:particle16",
                "dmg16a": "coptaine:particle16a",
                "dmg17": "coptaine:particle17",
                "dmg17a": "coptaine:particle17a",
                "dmg18": "coptaine:particle18",
                "dmg18a": "coptaine:particle18a",
                "dmg19": "coptaine:particle19",
                "dmg19a": "coptaine:particle19a",
                "dmg20": "coptaine:particle20",
                "dmg20a": "coptaine:particle20a",
                "dmg21": "coptaine:particle21",
                "dmg21a": "coptaine:particle21a",
                "dmg22": "coptaine:particle22",
                "dmg22a": "coptaine:particle22a",
                "dmg23": "coptaine:particle23",
                "dmg23a": "coptaine:particle23a",
                "dmg24": "coptaine:particle24",
                "dmg24a": "coptaine:particle24a",
                "dmg25": "coptaine:particle25",
                "dmg25a": "coptaine:particle25a",
                "dmg26": "coptaine:particle26",
                "dmg26a": "coptaine:particle26a",
                "dmg27": "coptaine:particle27",
                "dmg27a": "coptaine:particle27a",
                "dmg28": "coptaine:particle28",
                "dmg28a": "coptaine:particle28a",
                "dmg29": "coptaine:particle29",
                "dmg29a": "coptaine:particle29a",
                "dmg30": "coptaine:particle30",
                "dmg30a": "coptaine:particle30a",
                "dmg31": "coptaine:particle31",
                "dmg31a": "coptaine:particle31a",
                "dmg32": "coptaine:particle32",
                "dmg32a": "coptaine:particle32a",
                "dmg33": "coptaine:particle33",
                "dmg33a": "coptaine:particle33a",
                "dmg34": "coptaine:particle34",
                "dmg34a": "coptaine:particle34a",
                "dmg35": "coptaine:particle35",
                "dmg35a": "coptaine:particle35a",
                "dmg36": "coptaine:particle36",
                "dmg36a": "coptaine:particle36a",
                "dmg37": "coptaine:particle37",
                "dmg37a": "coptaine:particle37a",
                "dmg38": "coptaine:particle38",
                "dmg38a": "coptaine:particle38a",
                "dmg39": "coptaine:particle39",
                "dmg39a": "coptaine:particle39a",
                "dmg40": "coptaine:particle40",
                "dmg40a": "coptaine:particle40a",
                "dmg41": "coptaine:particle41",
                "dmg41a": "coptaine:particle41a",
                "dmg42": "coptaine:particle42",
                "dmg42a": "coptaine:particle42a",
                "dmg43": "coptaine:particle43",
                "dmg43a": "coptaine:particle43a",
                "dmg44": "coptaine:particle44",
                "dmg44a": "coptaine:particle44a",
                "dmg45": "coptaine:particle45",
                "dmg45a": "coptaine:particle45a",
                "dmg46": "coptaine:particle46",
                "dmg46a": "coptaine:particle46a",
                "dmg47": "coptaine:particle47",
                "dmg47a": "coptaine:particle47a",
                "dmg48": "coptaine:particle48",
                "dmg48a": "coptaine:particle48a",
                "dmg49": "coptaine:particle49",
                "dmg49a": "coptaine:particle49a",
                "dmg50": "coptaine:particle50",
                "dmg50a": "coptaine:particle50a",
                "dmg51": "coptaine:particle51",
                "dmg51a": "coptaine:particle51a",
                "dmg52": "coptaine:particle52",
                "dmg52a": "coptaine:particle52a",
                "dmg53": "coptaine:particle53",
                "dmg53a": "coptaine:particle53a",
                "dmg54": "coptaine:particle54",
                "dmg54a": "coptaine:particle54a",
                "dmg55": "coptaine:particle55",
                "dmg55a": "coptaine:particle55a",
                "dmg56": "coptaine:particle56",
                "dmg56a": "coptaine:particle56a",
                "dmg57": "coptaine:particle57",
                "dmg57a": "coptaine:particle57a",
                "dmg58": "coptaine:particle58",
                "dmg58a": "coptaine:particle58a",
                "dmg59": "coptaine:particle59",
                "dmg59a": "coptaine:particle59a",
                "dmg60": "coptaine:particle60",
                "dmg60a": "coptaine:particle60a",
                "dmg61": "coptaine:particle61",
                "dmg61a": "coptaine:particle61a",
                "dmg62": "coptaine:particle62",
                "dmg62a": "coptaine:particle62a",
                "dmg63": "coptaine:particle63",
                "dmg63a": "coptaine:particle63a",
                "dmg64": "coptaine:particle64",
                "dmg64a": "coptaine:particle64a",
                "dmg65": "coptaine:particle65",
                "dmg65a": "coptaine:particle65a",
                "dmg66": "coptaine:particle66",
                "dmg66a": "coptaine:particle66a",
                "dmg67": "coptaine:particle67",
                "dmg67a": "coptaine:particle67a",
                "dmg68": "coptaine:particle68",
                "dmg68a": "coptaine:particle68a",
                "dmg69": "coptaine:particle69",
                "dmg69a": "coptaine:particle69a",
                "dmg70": "coptaine:particle70",
                "dmg70a": "coptaine:particle70a",
                "dmg71": "coptaine:particle71",
                "dmg71a": "coptaine:particle71a",
                "dmg72": "coptaine:particle72",
                "dmg72a": "coptaine:particle72a",
                "dmg73": "coptaine:particle73",
                "dmg73a": "coptaine:particle73a",
                "dmg74": "coptaine:particle74",
                "dmg74a": "coptaine:particle74a",
                "dmg75": "coptaine:particle75",
                "dmg75a": "coptaine:particle75a",
                "dmg76": "coptaine:particle76",
                "dmg76a": "coptaine:particle76a",
                "dmg77": "coptaine:particle77",
                "dmg77a": "coptaine:particle77a",
                "dmg78": "coptaine:particle78",
                "dmg78a": "coptaine:particle78a",
                "dmg79": "coptaine:particle79",
                "dmg79a": "coptaine:particle79a",
                "dmg80": "coptaine:particle80",
                "dmg80a": "coptaine:particle80a",
                "dmg81": "coptaine:particle81",
                "dmg81a": "coptaine:particle81a",
                "dmg82": "coptaine:particle82",
                "dmg82a": "coptaine:particle82a",
                "dmg83": "coptaine:particle83",
                "dmg83a": "coptaine:particle83a",
                "dmg84": "coptaine:particle84",
                "dmg84a": "coptaine:particle84a",
                "dmg85": "coptaine:particle86",
                "dmg85a": "coptaine:particle86a",
                "dmg86": "coptaine:particle86",
                "dmg86a": "coptaine:particle86a",
                "dmg87": "coptaine:particle87",
                "dmg87a": "coptaine:particle87a",
                "dmg88": "coptaine:particle88",
                "dmg88a": "coptaine:particle88a",
                "dmg89": "coptaine:particle89",
                "dmg89a": "coptaine:particle89a",
                "dmg90": "coptaine:particle90",
                "dmg90a": "coptaine:particle90a",
                "dmg91": "coptaine:particle91",
                "dmg91a": "coptaine:particle91a",
                "dmg92": "coptaine:particle92",
                "dmg92a": "coptaine:particle92a",
                "dmg93": "coptaine:particle93",
                "dmg93a": "coptaine:particle93a",
                "dmg94": "coptaine:particle94",
                "dmg94a": "coptaine:particle94a",
                "dmg95": "coptaine:particle95",
                "dmg95a": "coptaine:particle95a",
                "dmg96": "coptaine:particle96",
                "dmg96a": "coptaine:particle96a",
                "dmg97": "coptaine:particle97",
                "dmg97a": "coptaine:particle97a",
                "dmg98": "coptaine:particle98",
                "dmg98a": "coptaine:particle98a",
                "dmg99": "coptaine:particle99",
                "dmg99a": "coptaine:particle99a",
                "dmg100": "coptaine:particle100",
                "dmg100a": "coptaine:particle100a",
                "dmg100plus": "coptaine:particle100plus",
                "dmg100plusa": "coptaine:particle100plusa"
            },
            "enable_attachables": true
        }
    }
}