{
  "format_version": "1.10",
  "minecraft:item": {
    "description": {
      "identifier": "yg:bandage",
      "category": "items"
    },
    "components": {
      "minecraft:hand_equipped": true,
      "minecraft:max_stack_size": 10,
      "minecraft:foil": false,
      "minecraft:stack_by_data": true,
      "minecraft:food": {
        "saturation_modifier": "normal",
        "nutrition": 4,
        "can_always_eat": true,
        "effects": [
          {
            "name": "regeneration",
            "chance": 1,
            "duration": 3,
            "amplifier": 3
          }
        ],
        "remove_effects": []
      },
      "minecraft:use_duration": 5
    }
  }
}