{"format_version":"1.16.100","minecraft:item":{"description":{"identifier":"yg:flashlight","category":"items"},"components":{"minecraft:hand_equipped":true,"minecraft:max_stack_size":1,"minecraft:icon":{"texture":"yg:flashlight"},"minecraft:display_name":{"value":"Flashlight\n\nON:crouch and press\nOFF:crouch and hit block"},"minecraft:cooldown":{"category":"flashlight","duration":1},"minecraft:on_use":{"on_use":{"condition":"query.is_sneaking","target":"self","event":"yg:flashlight_on"}},"minecraft:weapon":{"on_hit_block":{"target":"self","event":"yg:flashlight_off","condition":"query.is_sneaking"}}},"events":{"yg:flashlight_on":{"run_command":{"command":["tag @s add flashlight_on"]},"swing":{}},"yg:flashlight_off":{"run_command":{"command":["tag @s remove flashlight_on","fill ~-10~-2~-10 ~10~2~10 air 0 replace light_block"]}}}}}