{"format_version":"1.16.100","minecraft:item":{"description":{"identifier":"yg:lighter","category":"items"},"components":{"minecraft:hand_equipped":true,"minecraft:max_stack_size":1,"minecraft:icon":{"texture":"yg:lighter"},"minecraft:display_name":{"value":"lighter\n\nON:crouch and press\nOFF:crouch and hit block"},"minecraft:cooldown":{"category":"lighter","duration":1},"minecraft:on_use":{"on_use":{"condition":"query.is_sneaking","target":"self","event":"yg:lighter_on"}},"minecraft:weapon":{"on_hit_block":{"target":"self","event":"yg:lighter_off","condition":"query.is_sneaking"}}},"events":{"yg:lighter_on":{"run_command":{"command":["tag @s add lighter_on"]},"swing":{}},"yg:lighter_off":{"run_command":{"command":["tag @s remove lighter_on","fill ~-10~-2~-10 ~10~2~10 air 0 replace light_block"]}}}}}