{
  "format_version": "1.10.0",
  "minecraft:client_entity": {
    "description": {
      "identifier": "ic:door_open_skull",
      "textures": {
        "default": "textures/entity/furnitures/ic_door"
      },
      "animations": {
        "door_anim": "animation.ic_door_skull.open",
        "door_anim1": "animation.ic_door_skull.open1" 
      },
      "scripts": {
        "animate": [
            "door_anim",
            "door_anim1" 
        ]
      }, 
      "materials": {
        "default": "entity_alphatest"
      },
      "particle_effects": {
        "burst": "ic:skeleton_burst" 
      },
      "sound_effects": {
        "open": "skull_door.interact.open"
      },
      "render_controllers": [
        "controller.render.default"
      ],
      "geometry": {
        "default": "geometry.ic_door_skeleton_open"
      }
    }
  }
}