{
  "format_version": "1.10.0",
  "minecraft:client_entity": {
    "description": {
      "identifier": "ic:gate_large",
      "textures": {
        "default": "textures/entity/furnitures/ic_gate_large"
      },
      "animations": {
        "gate_door_anim": "animation.ic_gate_large_close"
      },
      "scripts": {
        "animate": [
            "gate_door_anim"
        ]
      }, 
      "sound_effects": {
        "interact": "furniture.gate_large.interact"
      },
      "materials": {
        "default": "entity_alphatest"
      },
      "spawn_egg": {
        "texture": "ic:gate_large",
        "texture_index": 0
      },
      "render_controllers": [
        "controller.render.default"
      ],
      "geometry": {
        "default": "geometry.ic_gate_large"
      }
    }
  }
}