{
  "format_version": "1.12.0",
  "minecraft:geometry": [
    {
      "description": {
        "identifier": "geometry.yg_sherif_toadster",
        "texture_width": 128,
        "texture_height": 128,
        "visible_bounds_width": 3,
        "visible_bounds_height": 4.5,
        "visible_bounds_offset": [
          0,
          1.75,
          0
        ]
      },
      "bones": [
        {
          "name": "Root"
        },
        {
          "name": "Body",
          "pivot": [
            0,
            10.25,
            0
          ],
          "cubes": [
            {
              "origin": [
                -6.0,
                22.0,
                -5.0
              ],
              "size": [
                12.0,
                5.0,
                10.0
              ],
              "uv": [
                40,
                33
              ],
              "inflate": 0
            },
            {
              "origin": [
                -6.5,
                10.0,
                -6.0
              ],
              "size": [
                13.0,
                12.0,
                12.0
              ],
              "uv": [
                0,
                19
              ],
              "inflate": 0
            }
          ],
          "parent": "Root"
        },
        {
          "name": "Head",
          "pivot": [
            0,
            27,
            0
          ],
          "cubes": [
            {
              "origin": [
                -10.0,
                27.0,
                -5.5
              ],
              "size": [
                20.0,
                8.0,
                11.0
              ],
              "uv": [
                0,
                0
              ],
              "inflate": 0
            },
            {
              "origin": [
                -6.6078,
                33.98288,
                -5.0
              ],
              "size": [
                7.0,
                9.0,
                10.0
              ],
              "pivot": [
                -3.1078,
                38.48288,
                0.0
              ],
              "rotation": [
                0.0,
                0.0,
                5.0
              ],
              "uv": [
                34,
                48
              ],
              "inflate": 0
            },
            {
              "origin": [
                -5.17365,
                37.0,
                -5.98481
              ],
              "size": [
                4.0,
                4.0,
                2.0
              ],
              "pivot": [
                -3.17365,
                39.0,
                -4.98481
              ],
              "rotation": [
                0.0,
                10.0,
                0.0
              ],
              "uv": [
                58,
                48
              ],
              "inflate": 0
            },
            {
              "origin": [
                1.17365,
                37.0,
                -5.98481
              ],
              "size": [
                4.0,
                4.0,
                2.0
              ],
              "pivot": [
                3.17365,
                39.0,
                -4.98481
              ],
              "rotation": [
                0.0,
                -10.0,
                0.0
              ],
              "uv": [
                58,
                48
              ],
              "inflate": 0,
              "mirror": true
            },
            {
              "origin": [
                -4.77784,
                37.5,
                -6.07569
              ],
              "size": [
                3.0,
                3.0,
                1.0
              ],
              "pivot": [
                -3.27784,
                39.0,
                -5.57569
              ],
              "rotation": [
                0.0,
                10.0,
                0.0
              ],
              "uv": [
                0,
                0
              ],
              "inflate": 0
            },
            {
              "origin": [
                1.77784,
                37.5,
                -6.07569
              ],
              "size": [
                3.0,
                3.0,
                1.0
              ],
              "pivot": [
                3.27784,
                39.0,
                -5.57569
              ],
              "rotation": [
                0.0,
                -10.0,
                0.0
              ],
              "uv": [
                0,
                0
              ],
              "inflate": 0,
              "mirror": true
            },
            {
              "origin": [
                -1.0,
                42.0,
                -3.0
              ],
              "size": [
                6.0,
                2.0,
                6.0
              ],
              "uv": [
                38,
                23
              ],
              "inflate": 0
            },
            {
              "origin": [
                0.0,
                44.0,
                -2.0
              ],
              "size": [
                4.0,
                4.0,
                4.0
              ],
              "uv": [
                24,
                43
              ],
              "inflate": 0
            },
            {
              "origin": [
                -0.27566,
                47.15086,
                -2.0
              ],
              "size": [
                2.0,
                3.0,
                4.0
              ],
              "pivot": [
                0.72434,
                48.65086,
                0.0
              ],
              "rotation": [
                0.0,
                0.0,
                -10.0
              ],
              "uv": [
                51,
                0
              ],
              "inflate": 0
            },
            {
              "origin": [
                2.27566,
                47.15086,
                -2.0
              ],
              "size": [
                2.0,
                3.0,
                4.0
              ],
              "pivot": [
                3.27566,
                48.65086,
                0.0
              ],
              "rotation": [
                0.0,
                0.0,
                10.0
              ],
              "uv": [
                0,
                19
              ],
              "inflate": 0
            },
            {
              "origin": [
                -0.3922,
                33.98288,
                -5.0
              ],
              "size": [
                7.0,
                9.0,
                10.0
              ],
              "pivot": [
                3.1078,
                38.48288,
                0.0
              ],
              "rotation": [
                0.0,
                0.0,
                -5.0
              ],
              "uv": [
                0,
                43
              ],
              "inflate": 0
            }
          ],
          "parent": "Body"
        },
        {
          "name": "Rightarm",
          "pivot": [
            -6,
            24.5,
            0
          ],
          "cubes": [
            {
              "origin": [
                -10.0,
                7.0,
                -2.0
              ],
              "size": [
                4.0,
                19.0,
                4.0
              ],
              "uv": [
                0,
                62
              ],
              "inflate": 0
            }
          ],
          "parent": "Body"
        },
        {
          "name": "Leftarm",
          "pivot": [
            6,
            24.5,
            0
          ],
          "cubes": [
            {
              "origin": [
                6.0,
                7.0,
                -2.0
              ],
              "size": [
                4.0,
                19.0,
                4.0
              ],
              "uv": [
                0,
                62
              ],
              "inflate": 0,
              "mirror": true
            }
          ],
          "parent": "Body"
        },
        {
          "name": "Rightleg",
          "pivot": [
            -3.5,
            10,
            0
          ],
          "cubes": [
            {
              "origin": [
                -6.0,
                0.0,
                -2.5
              ],
              "size": [
                5.0,
                10.0,
                5.0
              ],
              "uv": [
                57,
                14
              ],
              "inflate": 0
            }
          ],
          "parent": "Root"
        },
        {
          "name": "Leftleg",
          "pivot": [
            3.5,
            10,
            0
          ],
          "cubes": [
            {
              "origin": [
                1.0,
                0.0,
                -2.5
              ],
              "size": [
                5.0,
                10.0,
                5.0
              ],
              "uv": [
                57,
                14
              ],
              "inflate": 0,
              "mirror": true
            }
          ],
          "parent": "Root"
        }
      ]
    }
  ]
}