{"format_version":"1.12.0","minecraft:geometry":[{"description":{"identifier":"geometry.yg_slow_seline","texture_width":128,"texture_height":128,"visible_bounds_width":7,"visible_bounds_height":6.5,"visible_bounds_offset":[0,2.75,0]},"bones":[{"name":"Root"},{"name":"Body","pivot":[0,6.63779,-3.60455],"cubes":[{"origin":[-5,0,-10],"size":[10,7,20],"uv":[0,34],"inflate":0},{"origin":[-7,2.87846,-7.61081],"size":[14,17,17],"pivot":[0,11.37846,0.88919],"rotation":[-10,0,0],"uv":[0,0],"inflate":0},{"origin":[-5.3,1.82491,-15.44285],"size":[10.6,6.42,7.48],"pivot":[0,5.03491,-11.70285],"rotation":[-22.5,0,0],"uv":[45,0],"inflate":0}],"parent":"Root"},{"name":"bone","pivot":[0,3.5,9.33333],"cubes":[{"origin":[-4,0,10],"size":[8,6,4],"uv":[62,13],"inflate":0},{"origin":[-3,0,14],"size":[6,5,4],"uv":[0,44],"inflate":0},{"origin":[-2,0,18],"size":[4,4,6],"uv":[0,34],"inflate":0}],"parent":"Body"},{"name":"Head","pivot":[0,7,-11.5],"cubes":[{"origin":[-3.5,6,-15],"size":[7,7,7],"uv":[0,61],"inflate":0},{"origin":[-3,13,-14.5],"size":[6,11,6],"uv":[28,61],"inflate":0},{"origin":[-4,28,-15.5],"size":[8,4,8],"uv":[52,53],"inflate":0},{"origin":[-6,24,-15.5],"size":[12,4,8],"uv":[40,34],"inflate":0}],"parent":"Body"},{"name":"Eye","pivot":[-2.5,32,-13.5],"cubes":[{"origin":[-3,31,-14],"size":[1,4,1],"uv":[0,34],"inflate":0}],"parent":"Head"},{"name":"bone2","pivot":[-2.5,35,-13.5],"cubes":[{"origin":[-3,35,-14],"size":[1,4,1],"uv":[12,5],"inflate":0}],"parent":"Eye"},{"name":"bone3","pivot":[-2.5,39,-13.5],"cubes":[{"origin":[-3,39,-14],"size":[1,4,1],"uv":[4,12],"inflate":0}],"parent":"bone2"},{"name":"bone4","pivot":[-2.5,41,-13.5],"cubes":[{"origin":[-4,41,-15],"size":[3,3,3],"uv":[52,46],"inflate":0},{"origin":[-4.21,40.79,-15.21],"size":[3.42,3.42,3.42],"uv":[40,46],"inflate":0}],"parent":"bone3"},{"name":"Eye2","pivot":[2.5,32,-13.5],"cubes":[{"origin":[2,31,-14],"size":[1,4,1],"uv":[12,0],"inflate":0}],"parent":"Head"},{"name":"bone5","pivot":[2.5,35,-13.5],"cubes":[{"origin":[2,35,-14],"size":[1,4,1],"uv":[0,12],"inflate":0}],"parent":"Eye2"},{"name":"bone6","pivot":[2.5,39,-13.5],"cubes":[{"origin":[2,39,-14],"size":[1,4,1],"uv":[11,11],"inflate":0}],"parent":"bone5"},{"name":"bone7","pivot":[2.5,41,-13.5],"cubes":[{"origin":[1,41,-15],"size":[3,3,3],"uv":[0,6],"inflate":0},{"origin":[0.79,40.79,-15.21],"size":[3.42,3.42,3.42],"uv":[0,0],"inflate":0}],"parent":"bone6"}]}]}