{
  "format_version": "1.8.0",
  "render_controllers": {
    "controller.render.player.first_person": {
      "geometry": "Geometry.default",
      "materials": [ { "*": "Material.default" } ],
      "textures": [ "Texture.default" ],
      "part_visibility": [
        { "*": false },
        { "rightArm": "query.get_equipped_item_name(0, 1) == '' || query.get_equipped_item_name(0, 1) == 'map'" },
        { "rightSleeve": "query.get_equipped_item_name(0, 1) == '' || query.get_equipped_item_name(0, 1) == 'map'" },
        { "leftArm": "(query.get_equipped_item_name(0, 1) == 'map' && query.get_equipped_item_name('off_hand') != 'shield') || (query.get_equipped_item_name('off_hand') == 'map' && !query.item_is_charged) || (!query.item_is_charged && (variable.item_use_normalized > 0 && variable.item_use_normalized < 1.0))" },
        { "leftSleeve": "(query.get_equipped_item_name(0, 1) == 'map' && query.get_equipped_item_name('off_hand') != 'shield') || (query.get_equipped_item_name('off_hand') == 'map' && !query.item_is_charged) || (!query.item_is_charged && (variable.item_use_normalized > 0 && variable.item_use_normalized < 1.0))" }
      ]
    },
    "controller.render.player.third_person": {
      "arrays": {
        "textures": {
          "Array.textures": [
            "Texture.default", 
            "Texture.montyplayer",
            "Texture.moonplayer",
            "Texture.sunplayer",
            "Texture.mapbotplayer",
            "Texture.djmusicmanplayer",
            "Texture.vannyplayer"
          ]
        },
        "geometries": {
          "Array.geos": [ 
            "Geometry.default", 
            "Geometry.montyplayer",
            "Geometry.moonplayer",
            "Geometry.sunplayer",
            "Geometry.mapbotplayer",
            "Geometry.djmusicmanplayer",
            "Geometry.vannyplayer"
          ]
        }
      },
      "geometry": "Array.geos[query.variant]",
      "materials": [ { "*": "Material.default" } ],
      "textures": [ "Array.textures[query.variant]" ],
      "part_visibility": [
        { "*": true },
        { "helmet": "variable.helmet_layer_visible" },
        { "leftLegging": "variable.leg_layer_visible" },
        { "rightLegging": "variable.leg_layer_visible" },
        { "leftBoot": "variable.boot_layer_visible" },
        { "rightBoot": "variable.boot_layer_visible" },
        { "leftSock": "variable.boot_layer_visible && variable.leg_layer_visible" },
        { "rightSock": "variable.boot_layer_visible && variable.leg_layer_visible" },
        { "bodyArmor": "variable.chest_layer_visible && !query.has_cape" },
        { "leftArmArmor": "variable.chest_layer_visible && !query.has_cape" },
        { "rightArmArmor": "variable.chest_layer_visible && !query.has_cape" },
        { "belt": "variable.chest_layer_visible && variable.leg_layer_visible" }
      ]
    },
    "controller.render.player.map": {
      "geometry": "Geometry.default",
      "materials": [ { "*": "Material.default" } ],
      "textures": [ "Texture.default" ],
      "part_visibility": [
        { "*": false },
        { "head": true },
        { "hat": true },
        { "helmet": true }
      ]
    },
    "controller.render.player.monty": {
      "geometry": "Geometry.montyplayer",
      "materials": [ { "*": "Material.default" } ],
      "textures": [ "Texture.montyplayer" ],
      "part_visibility": [
        { "*": "query.variant == 1" }
      ]
    },
    "controller.render.player.moon": {
      "geometry": "Geometry.moonplayer",
      "materials": [ { "*": "Material.glow" } ],
      "textures": [ "Texture.moonplayer" ],
      "part_visibility": [
        { "*": "query.variant == 2" }
      ]
    },
    "controller.render.player.sun": {
      "geometry": "Geometry.sunplayer",
      "materials": [ { "*": "Material.default" } ],
      "textures": [ "Texture.sunplayer" ],
      "part_visibility": [
        { "*": "query.variant == 3" }
      ]
    },
    "controller.render.player.mapbot": {
      "geometry": "Geometry.mapbotplayer",
      "materials": [ { "*": "Material.default" } ],
      "textures": [ "Texture.mapbotplayer" ],
      "part_visibility": [
        { "*": "query.variant == 4" }
      ]
    },
    "controller.render.player.djmusicman": {
      "geometry": "Geometry.djmusicmanplayer",
      "materials": [ { "*": "Material.default" } ],
      "textures": [ "Texture.djmusicmanplayer" ],
      "part_visibility": [
        { "*": "query.variant == 5" }
      ]
    },
    "controller.render.player.vanny": {
      "geometry": "Geometry.vannyplayer",
      "materials": [ { "*": "Material.glow" } ],
      "textures": [ "Texture.vannyplayer" ],
      "part_visibility": [
        { "*": "query.variant == 6" }
      ]
    }
  }
}