{"format_version":"1.8.0","animations":{"animation.player.first_person.empty_hand":{"loop":true,"bones":{"rightarm":{"position":[13.5,-8,11],"rotation":["95.5 + variable.is_using_vr * 7.5","-40.0 + variable.is_using_vr * 7.5","115.0 + variable.is_using_vr * -2.5"],"scale":"query.mark_variant != 0 ? 0.0 : 1.0"}}},"animation.crawl2":{"loop":true,"bones":{"body":{"rotation":[90,0,0],"position":[0,-6,-8]},"rightLeg":{"rotation":{"0.66":[90,-30,0],"0.0":[90,-30,0],"0.48":[90,-15,0]},"position":{"0.0":[0,6,4],"0.66":[0,6,4]}},"leftLeg":{"rotation":{"0.66":[90,30,0],"0.0":[90,30,0],"0.48":[90,15,0]},"position":{"0.0":[0,6,4],"0.66":[0,6,4]}},"leftArm":{"rotation":{"0.0":[-150,-90,0],"0.66":[-150,-90,0],"0.48":[-150,-90,90]},"position":{"0.0":[0,0,-1],"0.66":[0,0,-1]}},"rightArm":{"rotation":{"0.0":[-150,90,0],"0.66":[-150,90,0],"0.48":[-150,90,-90]},"position":{"0.0":[0,0,-1],"0.66":[0,0,-1]}},"head":{"rotation":[20,0,0],"position":[0,0,0]}},"animation_length":0.67},"animation.crawl1":{"loop":true,"bones":{"body":{"rotation":[90,0,0],"position":[0,-6,-8]},"rightLeg":{"rotation":[90,-30,0],"position":[0,6,4]},"leftLeg":{"rotation":[90,30,0],"position":[0,6,4]},"leftArm":{"rotation":[-150,-90,0],"position":[0,0,-1]},"rightArm":{"rotation":[-150,90,0],"position":[0,0,-1]},"head":{"rotation":[20,0,0],"position":[0,0,0]}}}}}