{
	"format_version": "1.10.0",
	"particle_effect": {
		"description": {
			"identifier": "moon:mirrorofmisfortune0_1",
			"basic_render_parameters": {
				"material": "particles_alpha",
				"texture": "textures/particle/particles"
			}
		},
		"components": {
			"minecraft:emitter_rate_instant": {
				"num_particles": 500
			},
			"minecraft:emitter_lifetime_once": {
				"active_time": 0.6
			},
			"minecraft:emitter_shape_point": {
				"offset": ["math.sin(variable.particle_random_2 * 360) * (3.5-variable.particle_random_1 * 1.5)", 0, "math.cos(variable.particle_random_2 * 360) * (-3.5+variable.particle_random_1 * 1.5)"]
			},
			"minecraft:particle_lifetime_expression": {
				"max_lifetime": 1
			},
			"minecraft:particle_initial_spin": {
				"rotation": "math.random(180, -180)"
			},
			"minecraft:particle_initial_speed": 0.5,
			"minecraft:particle_motion_dynamic": {
				"linear_acceleration": [0.1, 0.1, 0.1],
				"linear_drag_coefficient": 1
			},
			"minecraft:particle_appearance_billboard": {
				"size": ["0.2 - (variable.particle_age * 0.2)", "0.2 - (variable.particle_age * 0.2)"],
				"facing_camera_mode": "rotate_xyz",
				"uv": {
					"texture_width": 16,
					"texture_height": 16,
					"uv": ["math.floor(variable.particle_random_1 * 5) + 3", 0],
					"uv_size": [1, 1]
				}
			},
			"minecraft:particle_appearance_tinting": {
				"color": {
					"interpolant": "variable.particle_random_1",
					"gradient": {
						"0.0": "#FF121114",
						"0.23": "#FF1D2856",
						"0.4": "#FFE4118A",
						"0.53": "#FF5C3965",
						"0.77": "#FF4655B1",
						"1.0": "#FF161733"
					}
				}
			}
		}
	}
}