{
	"format_version": "1.10.0",
	"particle_effect": {
		"description": {
			"identifier": "moon:moonbowhalfmoon1_6",
			"basic_render_parameters": {
				"material": "particles_alpha",
				"texture": "textures/particle/moon3"
			}
		},
		"components": {
			"minecraft:emitter_local_space": {
				"position": true,
				"rotation": true
			},
			"minecraft:emitter_rate_instant": {
				"num_particles": 16
			},
			"minecraft:emitter_lifetime_once": {
				"active_time": 1
			},
			"minecraft:emitter_shape_point": {
				"offset": [3, "0+ math.cos(variable.particle_random_2 * 180) * (-5+variable.particle_random_1 * 1.5)", "-3+math.sin(variable.particle_random_2 * -180) * (3.5-variable.particle_random_1 * 1.5)"],
				"direction": ["math.random(-0.5, 0.5)", "math.random(-0.8, 0.8)", "math.random(-0.5, 0.5)"]
			},
			"minecraft:particle_lifetime_expression": {
				"max_lifetime": 1
			},
			"minecraft:particle_initial_spin": {
				"rotation": "math.random(-180, 180)",
				"rotation_rate": 1000
			},
			"minecraft:particle_initial_speed": 0.5,
			"minecraft:particle_motion_dynamic": {},
			"minecraft:particle_appearance_billboard": {
				"size": ["0.8 - (variable.particle_age * 0.8)", "0.8 - (variable.particle_age * 0.8)"],
				"facing_camera_mode": "rotate_xyz",
				"uv": {
					"texture_width": 4,
					"texture_height": 4,
					"uv": [0, 0],
					"uv_size": [4, 4]
				}
			},
			"minecraft:particle_appearance_tinting": {
				"color": {
					"interpolant": "variable.particle_random_1",
					"gradient": {
						"0.0": "#FFD6D6D6",
						"0.48": "#FFFFFFFF",
						"1.0": "#FF949494"
					}
				}
			}
		}
	}
}