{
  "entity_sounds": {
    "entities": {
      "sc:daycare_attendant_moon": {
        "volume": 1.0,
        "pitch": [ 0.95, 1.05 ],
        "events": {
          "hurt": "sc.moon.hurt",
          "death": "sc.glamrocks.hurt",
		  "attack": "sc.fnafsb.jumpscare1"
          }
        },
      "sc:daycare_attendant_sun": {
        "volume": 1.0,
        "pitch": [ 0.95, 1.05 ],
        "events": {
          "hurt": "sc.sun.hurt",
          "death": "sc.glamrocks.hurt"
          }
        },
      "sc:monty": {
        "volume": 1.0,
        "pitch": [ 0.95, 1.05 ],
        "events": {
          "hurt": "sc.glamrocks.hurt",
          "death": "sc.glamrocks.hurt",
		  "attack": "sc.fnafsb.jumpscare1",
		  "step": "sc.fnafsb.moving1"
          }
        }
      }
    }
  }
}