{
  "entity_sounds": {
    "entities": {
      "os:o": {
        "volume": 50,
        "pitch": [
          1
        ],
        "events": {
          "attack": "mob.os_o.attack"
        }
      },
      "os:nn": {
        "volume": 50,
        "pitch": [
          1
        ],
        "events": {
          "attack": "mob.os_nn.attack"
        }
      },
      "os:ss": {
        "volume": 50,
        "pitch": [
          1
        ],
        "events": {
          "attack": "mob.os_ss.attack"
        }
      },
      "os:b": {
        "volume": 50,
        "pitch": [
          1
        ],
        "events": {
          "attack": "mob.os_b.attack"
        }
      },
      "os:j": {
        "volume": 50,
        "pitch": [
          1
        ],
        "events": {
          "attack": "mob.os_j.attack"
        }
      }
    }
  }
}