{
	"format_version": "1.16.0",
	"minecraft:entity": {
		"description": {
			"identifier": "lk:opila_bird_statue",
			"is_spawnable": true,
			"is_summonable": true,
			"is_experimental": false
		},
		"component_groups": {},
		"components": {
			"minecraft:health": {
				"value": 500,
				"max": 500
			},
			"minecraft:physics": {
				"has_collision": true,
				"has_gravity": true
			},
			"minecraft:scale": {
				"value": 1.4
			},
			"minecraft:attack_damage": {
				"value": 50
			}
		},
		"events": {}
	}
}