{
  "format_version": "1.12.0",
  "minecraft:geometry": [
    {
      "description": {
        "identifier": "geometry.mr_opila_statue",
        "texture_width": 128,
        "texture_height": 128,
        "visible_bounds_width": 4,
        "visible_bounds_height": 3.5,
        "visible_bounds_offset": [
          0,
          1.25,
          0
        ]
      },
      "bones": [
        {
          "name": "Root",
          "pivot": [
            0,
            0,
            2
          ]
        },
        {
          "name": "Body",
          "pivot": [
            -1,
            5,
            1
          ],
          "cubes": [
            {
              "origin": [
                -5.5,
                5.0,
                -6.0
              ],
              "size": [
                11.0,
                11.0,
                15.0
              ],
              "uv": [
                0,
                28
              ],
              "inflate": 0
            },
            {
              "origin": [
                -4.5,
                6.0,
                -8.0
              ],
              "size": [
                9.0,
                9.0,
                19.0
              ],
              "uv": [
                0,
                0
              ],
              "inflate": 0
            },
            {
              "origin": [
                0.0,
                9.5,
                5.0
              ],
              "size": [
                0.0,
                2.0,
                6.0
              ],
              "pivot": [
                -1.0,
                -8.0,
                2.0
              ],
              "rotation": [
                -15.0,
                0.0,
                0.0
              ],
              "uv": [
                37,
                4
              ],
              "inflate": 0
            },
            {
              "origin": [
                0.0,
                9.5,
                14.0
              ],
              "size": [
                0.0,
                2.0,
                6.0
              ],
              "pivot": [
                -1.0,
                -8.0,
                2.0
              ],
              "rotation": [
                10.0,
                0.0,
                0.0
              ],
              "uv": [
                0,
                32
              ],
              "inflate": 0
            },
            {
              "origin": [
                0.0,
                9.5,
                11.0
              ],
              "size": [
                0.0,
                2.0,
                6.0
              ],
              "uv": [
                0,
                34
              ],
              "inflate": 0
            }
          ],
          "parent": "Root",
          "rotation": [
            -12.5,
            0,
            0
          ]
        },
        {
          "name": "bone3",
          "pivot": [
            -6,
            11,
            -4
          ],
          "cubes": [
            {
              "origin": [
                -6.6,
                6.0,
                -5.0
              ],
              "size": [
                1.2,
                9.0,
                10.0
              ],
              "uv": [
                0,
                54
              ],
              "inflate": 0
            },
            {
              "origin": [
                -6.6,
                7.0,
                5.0
              ],
              "size": [
                1.2,
                7.0,
                2.0
              ],
              "uv": [
                1,
                54
              ],
              "inflate": 0
            }
          ],
          "parent": "Body"
        },
        {
          "name": "Head",
          "pivot": [
            0,
            12,
            -6
          ],
          "cubes": [
            {
              "origin": [
                -4.0,
                8.0,
                -10.0
              ],
              "size": [
                8.0,
                17.0,
                8.0
              ],
              "uv": [
                44,
                46
              ],
              "inflate": 0
            },
            {
              "origin": [
                -1.8,
                20.6,
                -20.2
              ],
              "size": [
                1.6,
                6.8,
                0.0
              ],
              "pivot": [
                0.0,
                -8.6,
                -8.2
              ],
              "rotation": [
                -24.43902,
                1.46016,
                4.78256
              ],
              "uv": [
                4,
                0
              ],
              "inflate": 0
            },
            {
              "origin": [
                0.2,
                20.6,
                -20.2
              ],
              "size": [
                1.6,
                6.8,
                0.0
              ],
              "pivot": [
                0.0,
                -8.6,
                -8.2
              ],
              "rotation": [
                -24.43902,
                -1.46016,
                -4.78256
              ],
              "uv": [
                0,
                0
              ],
              "inflate": 0
            },
            {
              "origin": [
                -2.5,
                21.4,
                -7.8
              ],
              "size": [
                5.0,
                2.0,
                3.2
              ],
              "pivot": [
                0.0,
                -8.0,
                2.0
              ],
              "rotation": [
                17.5,
                0.0,
                0.0
              ],
              "uv": [
                65,
                17
              ],
              "inflate": 0
            },
            {
              "origin": [
                -3.0,
                17.6,
                -14.0
              ],
              "size": [
                6.0,
                2.4,
                4.0
              ],
              "uv": [
                61,
                38
              ],
              "inflate": 0
            },
            {
              "origin": [
                -0.8,
                21.6,
                -19.2
              ],
              "size": [
                1.6,
                6.8,
                0.0
              ],
              "pivot": [
                0.0,
                -8.6,
                -8.2
              ],
              "rotation": [
                -22.0,
                0.0,
                0.0
              ],
              "uv": [
                2,
                0
              ],
              "inflate": 0
            }
          ],
          "parent": "Body"
        },
        {
          "name": "bone8",
          "pivot": [
            -2,
            22,
            -10
          ],
          "cubes": [
            {
              "origin": [
                -3.2,
                20.4,
                -10.6
              ],
              "size": [
                2.4,
                2.4,
                2.0
              ],
              "uv": [
                11,
                9
              ],
              "inflate": 0
            },
            {
              "origin": [
                -3.0,
                20.6,
                -10.7
              ],
              "size": [
                2.0,
                2.0,
                0.0
              ],
              "uv": [
                0,
                11
              ],
              "inflate": 0
            }
          ],
          "parent": "Head"
        },
        {
          "name": "bone7",
          "pivot": [
            0,
            17,
            -10
          ],
          "cubes": [
            {
              "origin": [
                -2.0,
                16.0,
                -14.0
              ],
              "size": [
                4.0,
                1.7,
                4.0
              ],
              "uv": [
                37,
                14
              ],
              "inflate": 0
            }
          ],
          "parent": "Head",
          "rotation": [
            35,
            0,
            0
          ]
        },
        {
          "name": "bone9",
          "pivot": [
            2,
            22,
            -10
          ],
          "cubes": [
            {
              "origin": [
                0.8,
                20.4,
                -10.6
              ],
              "size": [
                2.4,
                2.4,
                2.0
              ],
              "uv": [
                11,
                0
              ],
              "inflate": 0
            },
            {
              "origin": [
                1.0,
                20.6,
                -10.7
              ],
              "size": [
                2.0,
                2.0,
                0.0
              ],
              "uv": [
                0,
                9
              ],
              "inflate": 0
            }
          ],
          "parent": "Head"
        },
        {
          "name": "bone6",
          "pivot": [
            4,
            11,
            -4
          ],
          "cubes": [
            {
              "origin": [
                5.4,
                6.0,
                -5.0
              ],
              "size": [
                1.2,
                9.0,
                10.0
              ],
              "uv": [
                53,
                18
              ],
              "inflate": 0
            },
            {
              "origin": [
                5.4,
                7.0,
                5.0
              ],
              "size": [
                1.2,
                7.0,
                2.0
              ],
              "uv": [
                56,
                17
              ],
              "inflate": 0
            }
          ],
          "parent": "Body"
        },
        {
          "name": "LeftLeg",
          "pivot": [
            4,
            13,
            2
          ],
          "cubes": [
            {
              "origin": [
                1.6,
                8.0,
                -0.4
              ],
              "size": [
                3.8,
                7.0,
                3.8
              ],
              "uv": [
                37,
                0
              ],
              "inflate": 0
            }
          ],
          "parent": "Root",
          "rotation": [
            0,
            -2.5,
            -2.5
          ]
        },
        {
          "name": "bone4",
          "pivot": [
            3,
            8,
            2
          ],
          "cubes": [
            {
              "origin": [
                1.6,
                1.0,
                -0.4
              ],
              "size": [
                3.8,
                7.0,
                3.8
              ],
              "uv": [
                0,
                28
              ],
              "inflate": 0
            }
          ],
          "parent": "LeftLeg"
        },
        {
          "name": "bone5",
          "pivot": [
            4,
            3,
            2
          ],
          "cubes": [
            {
              "origin": [
                1.0,
                0.0,
                -1.0
              ],
              "size": [
                5.0,
                3.0,
                5.0
              ],
              "uv": [
                53,
                0
              ],
              "inflate": 0
            },
            {
              "origin": [
                2.5,
                0.0,
                -6.0
              ],
              "size": [
                2.0,
                2.5,
                12.0
              ],
              "uv": [
                37,
                0
              ],
              "inflate": 0
            },
            {
              "origin": [
                4.0,
                0.0,
                -6.0
              ],
              "size": [
                2.0,
                2.5,
                7.0
              ],
              "pivot": [
                4.0,
                0.0,
                2.0
              ],
              "rotation": [
                0.0,
                -15.0,
                0.0
              ],
              "uv": [
                0,
                9
              ],
              "inflate": 0
            },
            {
              "origin": [
                1.0,
                0.0,
                -6.0
              ],
              "size": [
                2.0,
                2.5,
                7.0
              ],
              "pivot": [
                4.0,
                0.0,
                2.0
              ],
              "rotation": [
                0.0,
                15.0,
                0.0
              ],
              "uv": [
                0,
                0
              ],
              "inflate": 0
            }
          ],
          "parent": "bone4",
          "rotation": [
            0,
            0,
            2.5
          ]
        },
        {
          "name": "RightLeg",
          "pivot": [
            -4,
            13,
            2
          ],
          "cubes": [
            {
              "origin": [
                -5.4,
                8.0,
                -0.4
              ],
              "size": [
                3.8,
                7.0,
                3.8
              ],
              "uv": [
                22,
                64
              ],
              "inflate": 0
            }
          ],
          "parent": "Root",
          "rotation": [
            0,
            2.5,
            2.5
          ]
        },
        {
          "name": "bone",
          "pivot": [
            -3,
            8,
            2
          ],
          "cubes": [
            {
              "origin": [
                -5.4,
                1.0,
                -0.4
              ],
              "size": [
                3.8,
                7.0,
                3.8
              ],
              "uv": [
                37,
                28
              ],
              "inflate": 0
            }
          ],
          "parent": "RightLeg"
        },
        {
          "name": "bone2",
          "pivot": [
            -4,
            3,
            2
          ],
          "cubes": [
            {
              "origin": [
                -6.0,
                0.0,
                -1.0
              ],
              "size": [
                5.0,
                3.0,
                5.0
              ],
              "uv": [
                12,
                54
              ],
              "inflate": 0
            },
            {
              "origin": [
                -4.5,
                0.0,
                -6.0
              ],
              "size": [
                2.0,
                2.5,
                12.0
              ],
              "uv": [
                37,
                28
              ],
              "inflate": 0
            },
            {
              "origin": [
                -3.0,
                0.0,
                -6.0
              ],
              "size": [
                2.0,
                2.5,
                7.0
              ],
              "pivot": [
                -3.0,
                0.0,
                2.0
              ],
              "rotation": [
                0.0,
                -15.0,
                0.0
              ],
              "uv": [
                58,
                8
              ],
              "inflate": 0
            },
            {
              "origin": [
                -6.0,
                0.0,
                -6.0
              ],
              "size": [
                2.0,
                2.5,
                7.0
              ],
              "pivot": [
                -3.0,
                0.0,
                2.0
              ],
              "rotation": [
                0.0,
                15.0,
                0.0
              ],
              "uv": [
                25,
                55
              ],
              "inflate": 0
            }
          ],
          "parent": "bone",
          "rotation": [
            0,
            0,
            -2.5
          ]
        }
      ]
    }
  ]
}