{
  "format_version": "1.12.0",
  "minecraft:geometry": [
    {
      "description": {
        "identifier": "geometry.mr_stinger_flynn",
        "texture_width": 128,
        "texture_height": 128,
        "visible_bounds_width": 4,
        "visible_bounds_height": 3.5,
        "visible_bounds_offset": [
          0,
          1.25,
          0
        ]
      },
      "bones": [
        {
          "name": "Root",
          "pivot": [
            0,
            7,
            0
          ]
        },
        {
          "name": "Body",
          "pivot": [
            0,
            21,
            0
          ],
          "cubes": [
            {
              "origin": [
                -7.0,
                21.0,
                -7.0
              ],
              "size": [
                14.0,
                6.0,
                14.0
              ],
              "uv": [
                0,
                0
              ],
              "inflate": 0
            },
            {
              "origin": [
                -6.5,
                27.0,
                -6.5
              ],
              "size": [
                13.0,
                7.0,
                13.0
              ],
              "uv": [
                0,
                36
              ],
              "inflate": 0
            },
            {
              "origin": [
                -7.0,
                19.0,
                -7.0
              ],
              "size": [
                14.0,
                2.0,
                14.0
              ],
              "uv": [
                0,
                20
              ],
              "inflate": 0
            }
          ],
          "parent": "Root"
        },
        {
          "name": "Head",
          "pivot": [
            0,
            29,
            -6
          ],
          "cubes": [
            {
              "origin": [
                -1.75,
                27.25,
                -7.5
              ],
              "size": [
                3.5,
                3.5,
                2.0
              ],
              "uv": [
                62,
                31
              ],
              "inflate": 0
            },
            {
              "origin": [
                -1.45,
                27.55,
                -7.6
              ],
              "size": [
                2.9,
                2.9,
                0.0
              ],
              "uv": [
                0,
                0
              ],
              "inflate": 0
            }
          ],
          "parent": "Body"
        },
        {
          "name": "RightLeg",
          "pivot": [
            -4.5,
            19,
            -4.5
          ],
          "cubes": [
            {
              "origin": [
                -6.0,
                13.0,
                -6.0
              ],
              "size": [
                3.0,
                8.0,
                3.0
              ],
              "uv": [
                12,
                56
              ],
              "inflate": 0
            }
          ],
          "parent": "Body",
          "rotation": [
            0,
            0,
            2.5
          ]
        },
        {
          "name": "bone",
          "pivot": [
            -4.5,
            13,
            -4.5
          ],
          "cubes": [
            {
              "origin": [
                -6.0,
                7.0,
                -6.0
              ],
              "size": [
                3.0,
                6.0,
                3.0
              ],
              "uv": [
                45,
                63
              ],
              "inflate": 0
            }
          ],
          "parent": "RightLeg"
        },
        {
          "name": "bone2",
          "pivot": [
            -4.5,
            7,
            -4.5
          ],
          "cubes": [
            {
              "origin": [
                -6.2,
                1.0,
                -6.5
              ],
              "size": [
                3.4,
                6.0,
                4.0
              ],
              "uv": [
                52,
                42
              ],
              "inflate": 0
            }
          ],
          "parent": "bone"
        },
        {
          "name": "RightLeg2",
          "pivot": [
            -4.5,
            19,
            0
          ],
          "cubes": [
            {
              "origin": [
                -6.0,
                13.0,
                -1.5
              ],
              "size": [
                3.0,
                8.0,
                3.0
              ],
              "uv": [
                56,
                11
              ],
              "inflate": 0
            }
          ],
          "parent": "Body",
          "rotation": [
            0,
            0,
            60
          ]
        },
        {
          "name": "bone3",
          "pivot": [
            -4.5,
            13,
            0
          ],
          "cubes": [
            {
              "origin": [
                -6.0,
                7.0,
                -1.5
              ],
              "size": [
                3.0,
                6.0,
                3.0
              ],
              "uv": [
                61,
                60
              ],
              "inflate": 0
            }
          ],
          "parent": "RightLeg2",
          "rotation": [
            0,
            -2.5,
            50
          ]
        },
        {
          "name": "bone4",
          "pivot": [
            -4.5,
            7,
            0
          ],
          "cubes": [
            {
              "origin": [
                -6.2,
                1.0,
                -2.0
              ],
              "size": [
                3.4,
                6.0,
                4.0
              ],
              "uv": [
                42,
                20
              ],
              "inflate": 0
            }
          ],
          "parent": "bone3",
          "rotation": [
            0,
            0,
            -20
          ]
        },
        {
          "name": "RightLeg3",
          "pivot": [
            -4.5,
            19,
            4.5
          ],
          "cubes": [
            {
              "origin": [
                -6.0,
                13.0,
                3.0
              ],
              "size": [
                3.0,
                8.0,
                3.0
              ],
              "uv": [
                56,
                0
              ],
              "inflate": 0
            }
          ],
          "parent": "Body",
          "rotation": [
            0,
            0,
            2.5
          ]
        },
        {
          "name": "bone5",
          "pivot": [
            -4.5,
            13,
            4.5
          ],
          "cubes": [
            {
              "origin": [
                -6.0,
                7.0,
                3.0
              ],
              "size": [
                3.0,
                6.0,
                3.0
              ],
              "uv": [
                36,
                56
              ],
              "inflate": 0
            }
          ],
          "parent": "RightLeg3"
        },
        {
          "name": "bone6",
          "pivot": [
            -4.5,
            7,
            4.5
          ],
          "cubes": [
            {
              "origin": [
                -6.2,
                1.0,
                2.5
              ],
              "size": [
                3.4,
                6.0,
                4.0
              ],
              "uv": [
                42,
                0
              ],
              "inflate": 0
            }
          ],
          "parent": "bone5"
        },
        {
          "name": "LeftLeg",
          "pivot": [
            4.5,
            19,
            -4.5
          ],
          "cubes": [
            {
              "origin": [
                3.0,
                13.0,
                -6.0
              ],
              "size": [
                3.0,
                8.0,
                3.0
              ],
              "uv": [
                0,
                56
              ],
              "inflate": 0
            }
          ],
          "parent": "Body",
          "rotation": [
            0,
            0,
            -2.5
          ]
        },
        {
          "name": "bone8",
          "pivot": [
            4.5,
            13,
            -4.5
          ],
          "cubes": [
            {
              "origin": [
                3.0,
                7.0,
                -6.0
              ],
              "size": [
                3.0,
                6.0,
                3.0
              ],
              "uv": [
                24,
                56
              ],
              "inflate": 0
            }
          ],
          "parent": "LeftLeg"
        },
        {
          "name": "bone9",
          "pivot": [
            4.5,
            7,
            -4.5
          ],
          "cubes": [
            {
              "origin": [
                2.8,
                1.0,
                -6.5
              ],
              "size": [
                3.4,
                6.0,
                4.0
              ],
              "uv": [
                39,
                36
              ],
              "inflate": 0
            }
          ],
          "parent": "bone8"
        },
        {
          "name": "LeftLeg2",
          "pivot": [
            4.5,
            19,
            0
          ],
          "cubes": [
            {
              "origin": [
                3.0,
                13.0,
                -1.5
              ],
              "size": [
                3.0,
                8.0,
                3.0
              ],
              "uv": [
                52,
                52
              ],
              "inflate": 0
            }
          ],
          "parent": "Body",
          "rotation": [
            0,
            0,
            -60
          ]
        },
        {
          "name": "bone10",
          "pivot": [
            4.5,
            13,
            0
          ],
          "cubes": [
            {
              "origin": [
                3.0,
                7.0,
                -1.5
              ],
              "size": [
                3.0,
                6.0,
                3.0
              ],
              "uv": [
                56,
                22
              ],
              "inflate": 0
            }
          ],
          "parent": "LeftLeg2",
          "rotation": [
            0,
            2.5,
            -50
          ]
        },
        {
          "name": "bone11",
          "pivot": [
            4.5,
            7,
            0
          ],
          "cubes": [
            {
              "origin": [
                2.8,
                1.0,
                -2.0
              ],
              "size": [
                3.4,
                6.0,
                4.0
              ],
              "uv": [
                0,
                20
              ],
              "inflate": 0
            }
          ],
          "parent": "bone10",
          "rotation": [
            0,
            0,
            20
          ]
        },
        {
          "name": "LeftLeg3",
          "pivot": [
            4.5,
            19,
            4.5
          ],
          "cubes": [
            {
              "origin": [
                3.0,
                13.0,
                3.0
              ],
              "size": [
                3.0,
                8.0,
                3.0
              ],
              "uv": [
                0,
                36
              ],
              "inflate": 0
            }
          ],
          "parent": "Body",
          "rotation": [
            0,
            0,
            -2.5
          ]
        },
        {
          "name": "bone12",
          "pivot": [
            4.5,
            13,
            4.5
          ],
          "cubes": [
            {
              "origin": [
                3.0,
                7.0,
                3.0
              ],
              "size": [
                3.0,
                6.0,
                3.0
              ],
              "uv": [
                53,
                33
              ],
              "inflate": 0
            }
          ],
          "parent": "LeftLeg3"
        },
        {
          "name": "bone13",
          "pivot": [
            4.5,
            7,
            4.5
          ],
          "cubes": [
            {
              "origin": [
                2.8,
                1.0,
                2.5
              ],
              "size": [
                3.4,
                6.0,
                4.0
              ],
              "uv": [
                0,
                0
              ],
              "inflate": 0
            }
          ],
          "parent": "bone12"
        }
      ]
    }
  ]
}