{
  "format_version": "1.16.100",
  "minecraft:entity": {
    "description": {
      "identifier": "ic:eyes",
      "is_spawnable": true,
      "is_summonable": true,
      "is_experimental": false
    },
        "component_groups": {
      "ic_eyes_reset": {
        "minecraft:transformation": {
                    "into": "ic:eyes"
                }
      },
      "ic_eyes_standby": {
        "minecraft:on_target_acquired": {
        "event": "ic:eyes_angry",
        "target": "self"
      }
      },
      "ic_eyes_angry": {
        "minecraft:timer": {
				"looping": false,
				"randomInterval": false,
				"time": 1,
				"time_down_event": {
					"event": "ic:eyes_reset"
				}
			},
         "minecraft:behavior.melee_attack": {
          "priority": 1,
          "speed_multiplier": 0.0,
          "track_target": false,
          "cooldown_time" : 0.5,
          "melee_fov" : 360.0,
          "reach_multiplier" : 40.0
        }
      }
    },
    "components": {
      "minecraft:type_family": {
        "family": [
        "doors_monster",
        "doors",
          "eyes"
        ]
      },
      "minecraft:nameable": {
        "alwaysShow": false,
        "allowNameTagRenaming": false
      },
      "minecraft:collision_box": {
        "height": 1.7,
        "width": 1.0
      },
      "minecraft:loot": {
        "table": "loot_tables/entities/robot.json"
      },
      "minecraft:health": {
        "value": 300,
        "max": 300
      },
        "minecraft:damage_sensor": {
        "triggers": {
          "cause": "fall",
          "deals_damage": false
        }
      },
      "minecraft:navigation.walk": {
        "avoid_damage_blocks": false
      },
      "minecraft:fire_immune": {},
      "minecraft:jump.static": {},
      "minecraft:can_climb": {},
      "minecraft:fall_damage": {
        "value": 0.0
      },
      "minecraft:knockback_resistance": {
        "value": 1.0,
        "max": 1.0
      },
        "minecraft:behavior.float": {
        "priority": 0
      },
      "minecraft:leashable": {
        "soft_distance": 4.0,
        "hard_distance": 6.0,
        "max_distance": 10.0
      },
      "minecraft:attack": {
				"damage": 2
			  },
      "minecraft:balloonable": {},
          "minecraft:lookat": {
        "search_radius": 32,
        "set_target": true,
        "look_cooldown": 0.0,
        "filters": {
          "all_of": [
            {
              "subject": "other",
              "test": "is_family",
              "value": "player"
            },
            {
              "test": "has_equipment",
              "domain": "head",
              "subject": "other",
              "operator": "not",
              "value": "carved_pumpkin"
            }
          ]
        }
      },
      "minecraft:behavior.look_at_player": {
        "priority": 7,
        "look_distance": 6.0,
        "probability": 0.02
      },
            "minecraft:behavior.random_look_around": {
                "priority": 9
            }, 
      "minecraft:behavior.hurt_by_target": {
        "priority": 4
      },
      "minecraft:physics": {},
      "minecraft:experience_reward": {
        "on_death": "query.last_hit_by_player ? 10 : 0"
      },
      "minecraft:underwater_movement": {
        "value": 0.02
      },
      "minecraft:scale": {
        "value": 1.0
      },
      "minecraft:pushable": {
        "is_pushable": true,
        "is_pushable_by_piston": false
      },
      "minecraft:fire_immune": true,
      "minecraft:behavior.owner_hurt_by_target": {
        "priority": 1
      },
      "minecraft:behavior.owner_hurt_target": {
        "priority": 2
      },
      "minecraft:annotation.break_door": {
        "break_time": 10.0,
        "min_difficulty": "easy"
      },
      "minecraft:on_death": {
        "event": "on:death",
        "target": "self"
      },
      "minecraft:on_hurt": {
        "event": "on:hurt",
        "target": "self"
      },
      "minecraft:on_hurt_by_player": {
        "event": "on:hurt_by_player",
        "target": "self"
      },
      "minecraft:on_ignite": {
        "event": "on:ignite",
        "target": "self"
      },
      "minecraft:on_target_acquired": {
        "event": "on:target_acquired",
        "target": "self"
      },
      "minecraft:on_target_escape": {
        "event": "on:target_escape",
        "target": "self"
      },
      "minecraft:on_wake_with_owner": {
        "event": "on:wake_with_owner",
        "target": "self"
    }
    },
    "events": {
       "minecraft:entity_spawned": {
        "add": {
          "component_groups": [
            "ic_eyes_standby"
          ]
        }
      },
      "minecraft:entity_transformed": {
        "add": {
          "component_groups": [
            "ic_eyes_standby"
          ]
        }
      },
      "ic:eyes_reset": {
        "remove": {
          "component_groups": [
            "ic_eyes_angry"
          ]
        },
        "add": {
          "component_groups": [
            "ic_eyes_reset"
          ]
        }
      },
      "ic:eyes_angry": {
        "remove": {
          "component_groups": [
            "ic_eyes_standby"
          ]
        },
        "add": {
          "component_groups": [
            "ic_eyes_angry"
          ]
        }
      },
      "ic:eyes_calm": {
        "remove": {
          "component_groups": [
            "ic_eyes_angry"
          ]
        },
        "add": {
          "component_groups": [
            "ic_eyes_standby"
          ]
        }
      },
      "on:death": {
        "run_command": {
          "command": []
        }
      },
      "on:hurt": {
        "run_command": {
          "command": []
        }
      },
      "on:hurt_by_player": {
        "run_command": {
          "command": []
        }
      },
      "on:ignite": {
        "run_command": {
          "command": []
        }
      },
      "on:target_acquired": {
        "run_command": {
          "command": []
        }
      },
      "on:target_escape": {
        "run_command": {
          "command": []
        }
      },
      "on:wake_with_owner": {
        "run_command": {
          "command": []
      }
    }
  }
 }
}