{
  "format_version": "1.16.100",
  "minecraft:entity": {
    "description": {
      "identifier": "ic:halt",
      "is_spawnable": true,
      "is_summonable": true,
      "is_experimental": false
    },
    "components": {
      "minecraft:type_family": {
        "family": [
        "doors_monster",
        "doors",
          "halt"
        ]
      },
      "minecraft:nameable": {
        "alwaysShow": false,
        "allowNameTagRenaming": false
      },
      "minecraft:collision_box": {
        "height": 1.7,
        "width": 0.8
      },
      "minecraft:loot": {
        "table": "loot_tables/entities/robot.json"
      },
      "minecraft:health": {
        "value": 300,
        "max": 300
      },
      "minecraft:movement": {
        "value": 0.25
      },
        "minecraft:damage_sensor": {
        "triggers": {
          "cause": "fall",
          "deals_damage": false
        }
      },
      "minecraft:navigation.walk": {
        "avoid_damage_blocks": false
      },
      "minecraft:movement.basic": {},
      "minecraft:fire_immune": {},
      "minecraft:jump.static": {},
      "minecraft:can_climb": {},
      "minecraft:attack": {
        "damage": 8
      },
      "minecraft:fall_damage": {
        "value": 0.0
      },
      "minecraft:knockback_resistance": {
        "value": 1.0,
        "max": 1.0
      },
        "minecraft:behavior.float": {
        "priority": 0
      },
      "minecraft:leashable": {
        "soft_distance": 4.0,
        "hard_distance": 6.0,
        "max_distance": 10.0
      },
      "minecraft:balloonable": {},
      "minecraft:behavior.melee_attack": {
				"priority": 0,
				"speed_multiplier": 1.2,
				"track_target": true,
				"reach_multiplier": 1.6
			  },
      "minecraft:behavior.move_towards_target": {
        "priority": 1,
        "speed_multiplier": 1.2,
        "within_radius": 32
      },
      "minecraft:behavior.random_stroll": {
        "priority": 6,
        "speed_multiplier": 0.9
      },
      "minecraft:behavior.look_at_player": {
        "priority": 7,
        "look_distance": 6.0,
        "probability": 0.02
      },
            "minecraft:behavior.random_look_around": {
                "priority": 9
            }, 
      "minecraft:behavior.nearest_attackable_target": {
			"priority": 2,
			"within_radius": 128,
			"reselect_targets": true,
			"entity_types": [{
				"filters": {
				"all_of": [
					{
					  "test": "is_riding",
					  "subject": "other",
					  "value": false
					}
				  ],
				  "any_of": [
					{
					  "test": "is_family",
					  "subject": "other",
					  "value": "player"
					},
					{
						"test": "is_family",
						"subject": "other",
						"operator": "!=",
						"value":"doors"
					} 
				  ]
				},
				"max_dist": 128
			  }
			],
			"must_see": false,
			"must_see_forget_duration": 1000.0
		  },
      "minecraft:behavior.hurt_by_target": {
        "priority": 4
      },
      "minecraft:physics": {},
      "minecraft:follow_range": {
        "value": 64
      },
      "minecraft:experience_reward": {
        "on_death": "query.last_hit_by_player ? 10 : 0"
      },
      "minecraft:underwater_movement": {
        "value": 0.02
      },
      "minecraft:scale": {
        "value": 1.0
      },
      "minecraft:pushable": {
        "is_pushable": true,
        "is_pushable_by_piston": false
      },
      "minecraft:fire_immune": true,
      "minecraft:behavior.owner_hurt_by_target": {
        "priority": 1
      },
      "minecraft:behavior.owner_hurt_target": {
        "priority": 2
      },
      "minecraft:annotation.break_door": {
        "break_time": 10.0,
        "min_difficulty": "easy"
      },
      "minecraft:on_death": {
        "event": "on:death",
        "target": "self"
      },
      "minecraft:on_hurt": {
        "event": "on:hurt",
        "target": "self"
      },
      "minecraft:on_hurt_by_player": {
        "event": "on:hurt_by_player",
        "target": "self"
      },
      "minecraft:on_ignite": {
        "event": "on:ignite",
        "target": "self"
      },
      "minecraft:on_target_acquired": {
        "event": "on:target_acquired",
        "target": "self"
      },
      "minecraft:on_target_escape": {
        "event": "on:target_escape",
        "target": "self"
      },
      "minecraft:on_wake_with_owner": {
        "event": "on:wake_with_owner",
        "target": "self"
    }
    },
    "events": {
      "on:death": {
        "run_command": {
          "command": []
        }
      },
      "on:hurt": {
        "run_command": {
          "command": []
        }
      },
      "on:hurt_by_player": {
        "run_command": {
          "command": []
        }
      },
      "on:ignite": {
        "run_command": {
          "command": []
        }
      },
      "on:target_acquired": {
        "run_command": {
          "command": []
        }
      },
      "on:target_escape": {
        "run_command": {
          "command": []
        }
      },
      "on:wake_with_owner": {
        "run_command": {
          "command": []
      }
    }
  }
 }
}