{
  "format_version": "1.12.0",
  "minecraft:entity": {
    "description": {
      "identifier": "ic:jeff",
      "is_spawnable": true,
      "is_summonable": true,
      "is_experimental": false,
      "scripts": {
				"animate": [
		  "position"
		]
			},
			"animations": {
				"position": "animation.door_position"
			}  
    },
    "components": {
    "minecraft:damage_sensor": {
      "damage_conditions": [
          {
            "filters": { "test": "in_lava", "subject": "self", "operator": "==", "value": true },
            "cause": "lava",
            "damage_per_tick": 4
          }
        ],
        "triggers": {
          "cause": "all",
          "deals_damage": false
        }
      },
      "minecraft:fire_immune":{},
      "minecraft:is_stackable": {
      },
      "minecraft:type_family": {
        "family": [ "doors", "trader" ]
      },
      "minecraft:collision_box": {
        "width": 2.0,
        "height": 2.0
      },
      "minecraft:trade_resupply": {},
         "minecraft:behavior.look_at_trading_player": {
        "priority": 4
      },
          "minecraft:behavior.trade_with_player": {
        "priority": 1
      },
         "minecraft:economy_trade_table": {
        "display_name": "§lJeff's §r§fShop",
        "table": "trading/jeff_trades.json",
        "new_screen": true
      },
      "minecraft:health": {
        "value": 200
      },
      "minecraft:scale": {
        "value": 1.0
      },
      "minecraft:physics": {
      },
      "minecraft:pushable": {
        "is_pushable": false,
        "is_pushable_by_piston": false
      }
    }
  }
}
