{
  "format_version": "1.12.0",
  "minecraft:geometry": [
    {
      "description": {
        "identifier": "geometry.pa_esse",
        "texture_width": 32,
        "texture_height": 32,
        "visible_bounds_width": 3,
        "visible_bounds_height": 3,
        "visible_bounds_offset": [
          0,
          0.5,
          0
        ]
      },
      "bones": [
        {
          "name": "bb_main",
          "cubes": [
            {
              "origin": [
                -8.0,
                0.0,
                -8.0
              ],
              "size": [
                16.0,
                4.0,
                16.0
              ],
              "uv": {
                "north": {
                  "uv": [
                    16,
                    0
                  ],
                  "uv_size": [
                    16,
                    4
                  ]
                },
                "east": {
                  "uv": [
                    16,
                    4
                  ],
                  "uv_size": [
                    16,
                    4
                  ]
                },
                "south": {
                  "uv": [
                    16,
                    8
                  ],
                  "uv_size": [
                    16,
                    4
                  ]
                },
                "west": {
                  "uv": [
                    16,
                    12
                  ],
                  "uv_size": [
                    16,
                    4
                  ]
                },
                "up": {
                  "uv": [
                    0,
                    0
                  ],
                  "uv_size": [
                    16,
                    16
                  ]
                },
                "down": {
                  "uv": [
                    0,
                    32
                  ],
                  "uv_size": [
                    16,
                    -16
                  ]
                }
              },
              "inflate": 0
            }
          ]
        }
      ]
    }
  ]
}