{
  "format_version": "1.12.0",
  "minecraft:geometry": [
    {
      "description": {
        "identifier": "geometry.pa_spike",
        "texture_width": 64,
        "texture_height": 64,
        "visible_bounds_width": 2,
        "visible_bounds_height": 2.5,
        "visible_bounds_offset": [
          0,
          0.75,
          0
        ]
      },
      "bones": [
        {
          "name": "bb_main",
          "cubes": [
            {
              "origin": [
                -8.0,
                0.0,
                -8.0
              ],
              "size": [
                16.0,
                4.0,
                16.0
              ],
              "uv": {
                "north": {
                  "uv": [
                    28,
                    0
                  ],
                  "uv_size": [
                    16,
                    4
                  ]
                },
                "east": {
                  "uv": [
                    28,
                    4
                  ],
                  "uv_size": [
                    16,
                    4
                  ]
                },
                "south": {
                  "uv": [
                    28,
                    8
                  ],
                  "uv_size": [
                    16,
                    4
                  ]
                },
                "west": {
                  "uv": [
                    28,
                    12
                  ],
                  "uv_size": [
                    16,
                    4
                  ]
                },
                "up": {
                  "uv": [
                    0,
                    0
                  ],
                  "uv_size": [
                    16,
                    16
                  ]
                },
                "down": {
                  "uv": [
                    0,
                    32
                  ],
                  "uv_size": [
                    16,
                    -16
                  ]
                }
              },
              "inflate": 0
            },
            {
              "origin": [
                -6.0,
                4.0,
                -6.0
              ],
              "size": [
                12.0,
                2.0,
                12.0
              ],
              "uv": {
                "north": {
                  "uv": [
                    20,
                    34
                  ],
                  "uv_size": [
                    12,
                    2
                  ]
                },
                "east": {
                  "uv": [
                    32,
                    34
                  ],
                  "uv_size": [
                    12,
                    2
                  ]
                },
                "south": {
                  "uv": [
                    36,
                    16
                  ],
                  "uv_size": [
                    12,
                    2
                  ]
                },
                "west": {
                  "uv": [
                    36,
                    18
                  ],
                  "uv_size": [
                    12,
                    2
                  ]
                },
                "up": {
                  "uv": [
                    16,
                    0
                  ],
                  "uv_size": [
                    12,
                    12
                  ]
                },
                "down": {
                  "uv": [
                    16,
                    24
                  ],
                  "uv_size": [
                    12,
                    -12
                  ]
                }
              },
              "inflate": 0
            },
            {
              "origin": [
                -5.0,
                6.0,
                -5.0
              ],
              "size": [
                10.0,
                2.0,
                10.0
              ],
              "uv": {
                "north": {
                  "uv": [
                    20,
                    36
                  ],
                  "uv_size": [
                    10,
                    2
                  ]
                },
                "east": {
                  "uv": [
                    36,
                    20
                  ],
                  "uv_size": [
                    10,
                    2
                  ]
                },
                "south": {
                  "uv": [
                    36,
                    22
                  ],
                  "uv_size": [
                    10,
                    2
                  ]
                },
                "west": {
                  "uv": [
                    36,
                    24
                  ],
                  "uv_size": [
                    10,
                    2
                  ]
                },
                "up": {
                  "uv": [
                    16,
                    24
                  ],
                  "uv_size": [
                    10,
                    10
                  ]
                },
                "down": {
                  "uv": [
                    26,
                    34
                  ],
                  "uv_size": [
                    10,
                    -10
                  ]
                }
              },
              "inflate": 0
            },
            {
              "origin": [
                -3.0,
                10.0,
                -3.0
              ],
              "size": [
                6.0,
                2.0,
                6.0
              ],
              "uv": {
                "north": {
                  "uv": [
                    36,
                    32
                  ],
                  "uv_size": [
                    6,
                    2
                  ]
                },
                "east": {
                  "uv": [
                    24,
                    38
                  ],
                  "uv_size": [
                    6,
                    2
                  ]
                },
                "south": {
                  "uv": [
                    30,
                    38
                  ],
                  "uv_size": [
                    6,
                    2
                  ]
                },
                "west": {
                  "uv": [
                    36,
                    38
                  ],
                  "uv_size": [
                    6,
                    2
                  ]
                },
                "up": {
                  "uv": [
                    8,
                    32
                  ],
                  "uv_size": [
                    6,
                    6
                  ]
                },
                "down": {
                  "uv": [
                    14,
                    40
                  ],
                  "uv_size": [
                    6,
                    -6
                  ]
                }
              },
              "inflate": 0
            },
            {
              "origin": [
                -2.0,
                12.0,
                -2.0
              ],
              "size": [
                4.0,
                2.0,
                4.0
              ],
              "uv": {
                "north": {
                  "uv": [
                    38,
                    36
                  ],
                  "uv_size": [
                    4,
                    2
                  ]
                },
                "east": {
                  "uv": [
                    0,
                    40
                  ],
                  "uv_size": [
                    4,
                    2
                  ]
                },
                "south": {
                  "uv": [
                    4,
                    40
                  ],
                  "uv_size": [
                    4,
                    2
                  ]
                },
                "west": {
                  "uv": [
                    12,
                    40
                  ],
                  "uv_size": [
                    4,
                    2
                  ]
                },
                "up": {
                  "uv": [
                    8,
                    38
                  ],
                  "uv_size": [
                    4,
                    4
                  ]
                },
                "down": {
                  "uv": [
                    20,
                    42
                  ],
                  "uv_size": [
                    4,
                    -4
                  ]
                }
              },
              "inflate": 0
            },
            {
              "origin": [
                -1.0,
                14.0,
                -1.0
              ],
              "size": [
                2.0,
                2.0,
                2.0
              ],
              "uv": {
                "north": {
                  "uv": [
                    14,
                    32
                  ],
                  "uv_size": [
                    2,
                    2
                  ]
                },
                "east": {
                  "uv": [
                    12,
                    38
                  ],
                  "uv_size": [
                    2,
                    2
                  ]
                },
                "south": {
                  "uv": [
                    16,
                    40
                  ],
                  "uv_size": [
                    2,
                    2
                  ]
                },
                "west": {
                  "uv": [
                    18,
                    40
                  ],
                  "uv_size": [
                    2,
                    2
                  ]
                },
                "up": {
                  "uv": [
                    24,
                    40
                  ],
                  "uv_size": [
                    2,
                    2
                  ]
                },
                "down": {
                  "uv": [
                    26,
                    42
                  ],
                  "uv_size": [
                    2,
                    -2
                  ]
                }
              },
              "inflate": 0
            },
            {
              "origin": [
                -4.0,
                8.0,
                -4.0
              ],
              "size": [
                8.0,
                2.0,
                8.0
              ],
              "uv": {
                "north": {
                  "uv": [
                    36,
                    26
                  ],
                  "uv_size": [
                    8,
                    2
                  ]
                },
                "east": {
                  "uv": [
                    36,
                    28
                  ],
                  "uv_size": [
                    8,
                    2
                  ]
                },
                "south": {
                  "uv": [
                    30,
                    36
                  ],
                  "uv_size": [
                    8,
                    2
                  ]
                },
                "west": {
                  "uv": [
                    36,
                    30
                  ],
                  "uv_size": [
                    8,
                    2
                  ]
                },
                "up": {
                  "uv": [
                    28,
                    16
                  ],
                  "uv_size": [
                    8,
                    8
                  ]
                },
                "down": {
                  "uv": [
                    0,
                    40
                  ],
                  "uv_size": [
                    8,
                    -8
                  ]
                }
              },
              "inflate": 0
            }
          ]
        }
      ]
    }
  ]
}