{"format_version":"1.16.100","minecraft:item":{"components":{"minecraft:cooldown":{"category":"crucifix","duration":3},"minecraft:display_name":{"value":"§bCrucifix§9[Use in All mob in doors]"},"minecraft:foil":false,"minecraft:hand_equipped":true,"minecraft:icon":{"texture":"fst_crucifix_item"},"minecraft:max_stack_size":1,"minecraft:on_use":{"on_use":{"event":"on_use_event"}}},"description":{"category":"items","identifier":"fst:crucifix_item"},"events":{"hurt":{"damage":{"amount":1,"target":"self","type":"magic"}},"on_use_event":{"run_command":{"command":["summon fst:crucifix"]},"swing":{}}}}}