{
  "format_version": "1.8.0",
  "minecraft:client_entity": {
    "description": {
      "identifier": "pm:cherry",
      "materials": {
	    "default": "npc"
      },
      "textures": {
	    "default": "textures/entity/cherry"
      },
      "geometry": {
	    "default": "geometry.cherry"
      },
      "render_controllers": [
	    "controller.render.default"
	  ],
      "spawn_egg": {
        "base_color": "#ff0000",
        "overlay_color": "#f2ae17"
      },
	  "materials": {
	    "default": "entity"
      }
	}
  }
}

