{
  "format_version": "1.10.0",
  "minecraft:client_entity": {
    "description": {
      "identifier": "pmg:inky",
      "materials": {
	"default": "npc"
      },
      "textures": {
	"default": "textures/entity/inky"
      },
      "animations": {
	"moving": "animation.ghost.moving",
	"ghost_general": "animation.ghost.general",
	"attacking": "animation.ghost.attacking",
	"look_at_target": "animation.common.look_at_target",
		  
	"move": "controller.animation.ghost.move",
	"general": "controller.animation.ghost.general",
	"attack": "controller.animation.ghost.attack"
      },
      "scripts": {
	"animate": ["move", "general", "attack"],
        "pre_animation": ["variable.attack = Math.sin(variable.attack_time * 30.0);"]
      },
      "geometry": {
	"default": "geometry.ghost"
      },
      "render_controllers": ["controller.render.pm"],
        "spawn_egg": {
          "base_color": "#00c3ff",
          "overlay_color": "#ffffff"
      }
    }
  }
}
