{
  "format_version": "1.10.0",
  "minecraft:client_entity": {
    "description": {
      "identifier": "pm:mrs_pac_man",
      "materials": {
	"default": "npc"
      },
      "textures": {
	"default": "textures/entity/mrs_pac_man"
      },
      "animations": {
	"moving": "animation.pac_man.moving",
	"pac_man_general": "animation.pac_man.general",
	"attacking": "animation.pac_man.attacking",
	"look_at_target": "animation.common.look_at_target",
		  
	"move": "controller.animation.pac_man.move",
	"general": "controller.animation.pac_man.general",
	"attack": "controller.animation.pac_man.attack"
      },
      "scripts": {
	"animate": ["move", "general", "attack"],
        "pre_animation": ["variable.attack = Math.sin(variable.attack_time * 30.0);"]
      },
      "geometry": {
	"default": "geometry.mrs_pac_man"
      },
      "render_controllers": ["controller.render.pm"],
        "spawn_egg": {
          "base_color": "#fff100",
          "overlay_color": "#000000"
      }
    }
  }
}
