{
  "format_version": "1.8.0",
  "minecraft:client_entity": {
    "description": {
      "identifier": "pmp:pelot_y",
      "materials": {
	    "default": "npc"
      },
      "textures": {
	    "default": "textures/entity/pelot/pelot_y"
      },
      "animations": {
	    "move": "animation.pelot.move"
      },
	  "animation_controllers": [
	    { "move": "controller.animation.pelot.move" }
	  ],	
      "geometry": {
	    "default": "geometry.pelot"
      },
      "render_controllers": [
	    "controller.render.default"
	  ],
      "spawn_egg": {
        "base_color": "#fff100",
        "overlay_color": "#fff100"
      },
	  "materials": {
	    "default": "entity"
      }
	}
  }
}

