{
  "resource_pack_name": "vanilla",
  "texture_name": "atlas.items",
  "texture_data": {
    "egg_camel": {
      "textures": "textures/items/egg_camel"
    },
    "egg_lion": {
      "textures": "textures/items/egg_lion"
    },
    "egg_penguin": {
      "textures": "textures/items/egg_penguin"
    },
    "egg_tiger": {
      "textures": "textures/items/egg_tiger"
    },
    "egg_elephant": {
      "textures": "textures/items/egg_elephant"
    },
    "egg_deer": {
      "textures": "textures/items/egg_deer"
    },
    "egg_panther": {
      "textures": "textures/items/egg_panther"
    },
    "egg_frog": {
      "textures": "textures/items/egg_frog"
    },
    "egg_crocodile": {
      "textures": "textures/items/egg_crocodile"
    },
    "egg_mouse": {
      "textures": "textures/items/egg_mouse"
    },
    "gallardo": {
      "textures": "textures/items/gallardo"
    },
    "bench": {
      "textures": "textures/items/bench"
    },
    "christmas_tree": {
      "textures": "textures/items/christmas_tree"
    },
    "tivi": {
      "textures": "textures/items/tivi"
    },
    "closet": {
      "textures": "textures/items/closet"
    },
    "laptop": {
      "textures": "textures/items/laptop"
    },
    "piano": {
      "textures": "textures/items/piano"
    },
    "armchairs": {
      "textures": "textures/items/armchairs"
    },
    "chair": {
      "textures": "textures/items/chair"
    },
    "big_table": {
      "textures": "textures/items/big_table"
    },
    "small_table": {
      "textures": "textures/items/small_table"
    },
    "drone": {
      "textures": "textures/items/drone"
    },
    "colorful_gifts": {
      "textures": "textures/items/colorful_gifts"
    },
    "mr_drone_function": {
      "textures": "textures/items/pamobile/mr_drone_function"
    },
    "mr:drone": {
      "textures": "textures/items/pamobile/mr_drone"
    },
    "mr:drone_green": {
      "textures": "textures/items/pamobile/mr_drone_green"
    },
    "max:kinguru": {
      "textures": "textures/items/pamobile/max_kinguru"
    },
    "max:red_captain_fiddels": {
      "textures": "textures/items/pamobile/max_red_captain_fiddels"
    },
    "max:jumbo_josh": {
      "textures": "textures/items/pamobile/max_jumbo_josh"
    },
    "mr:drone_on": {
      "textures": "textures/items/pamobile/mr_drone_on"
    },
    "max:pink_captain_fiddels": {
      "textures": "textures/items/pamobile/max_pink_captain_fiddels"
    },
    "max:brown_captain_fiddels": {
      "textures": "textures/items/pamobile/max_brown_captain_fiddels"
    },
    "max:nabnab": {
      "textures": "textures/items/pamobile/max_nabnab"
    },
    "max:cyan_captain_fiddels": {
      "textures": "textures/items/pamobile/max_cyan_captain_fiddels"
    },
    "max:yellow_captain_fiddels": {
      "textures": "textures/items/pamobile/max_yellow_captain_fiddels"
    },
    "max:slow_seline": {
      "textures": "textures/items/pamobile/max_slow_seline"
    },
    "max:nabnaleena": {
      "textures": "textures/items/pamobile/max_nabnaleena"
    },
    "max:stinger_flynn": {
      "textures": "textures/items/pamobile/max_stinger_flynn"
    },
    "max:banbaleena": {
      "textures": "textures/items/pamobile/max_banbaleena"
    },
    "max:sheriff_toadster": {
      "textures": "textures/items/pamobile/max_sheriff_toadster"
    },
    "max:evil_banban": {
      "textures": "textures/items/pamobile/max_evil_banban"
    },
    "max:opila_burd": {
      "textures": "textures/items/pamobile/max_opila_burd"
    },
    "max:blue_mini_opila_burd": {
      "textures": "textures/items/pamobile/max_blue_mini_opila_burd"
    },
    "max:zolphius": {
      "textures": "textures/items/pamobile/max_zolphius"
    },
    "max:banban": {
      "textures": "textures/items/pamobile/max_banban"
    },
    "max:opila_burd_blue_car": {
      "textures": "textures/items/pamobile/max_opila_burd_blue_car"
    },
    "max:mini_opila_burd": {
      "textures": "textures/items/pamobile/max_mini_opila_burd"
    },
    "max:jumbo_dead": {
      "textures": "textures/items/pamobile/max_jumbo_dead"
    }
  }
}