{
	"format_version": "1.10.0",
	"particle_effect": {
		"description": {
			"identifier": "ic:bob_particle",
			"basic_render_parameters": {
				"material": "particles_blend",
				"texture": "textures/particles/ic_bob_fly"
			}
		},
		"components": {
			"minecraft:emitter_rate_steady": {
				"spawn_rate": 5,
				"max_particles": 100
			},
			"minecraft:emitter_lifetime_once": {
				"active_time": 1
			},
			"minecraft:emitter_shape_box": {
				"half_dimensions": [1, 1, 1],
				"direction": ["math.random(1, -1)", "math.random(1,-1)", "math.random(1, -1)"]
			},
			"minecraft:particle_lifetime_expression": {
				"max_lifetime": 1
			},
			"minecraft:particle_initial_speed": 0.1,
			"minecraft:particle_motion_dynamic": {},
			"minecraft:particle_appearance_billboard": {
				"size": [0.2, 0.2],
				"facing_camera_mode": "rotate_xyz",
				"uv": {
					"texture_width": 16,
					"texture_height": 16,
					"uv": [0, 0],
					"uv_size": [16, 16]
				}
			}
		}
	}
}