{
  "format_version": "1.8.0",
  "animations": {
    "animation.mr_captain_fiddels.walk": {
      "loop": true,
      "animation_length": 1,
      "bones": {
        "RightLeg": {
          "rotation": {
            "0.0": [
              -7.49294,
              0.32621,
              2.47864
            ],
            "0.5": [
              10,
              0,
              0
            ],
            "1.0": [
              -7.49294,
              0.32621,
              2.47864
            ]
          },
          "position": {
            "0.0": [
              0,
              0,
              -1
            ],
            "0.5": [
              0,
              0,
              1
            ],
            "0.75": [
              0,
              1,
              0
            ],
            "1.0": [
              0,
              0,
              -1
            ]
          }
        },
        "LeftLeg": {
          "rotation": {
            "0.0": [
              10,
              0,
              0
            ],
            "0.5": [
              -7.49294,
              -0.32621,
              -2.47864
            ],
            "1.0": [
              10,
              0,
              0
            ]
          },
          "position": {
            "0.0": [
              0,
              0,
              1
            ],
            "0.25": [
              0,
              1,
              0
            ],
            "0.5": [
              0,
              0,
              -1
            ],
            "1.0": [
              0,
              0,
              1
            ]
          }
        },
        "Body": {
          "rotation": {
            "0.0": [
              0,
              0,
              0
            ],
            "0.25": [
              0,
              0,
              0
            ],
            "0.5": [
              0,
              0,
              0
            ],
            "0.75": [
              0,
              0,
              0
            ],
            "1.0": [
              0,
              0,
              0
            ]
          },
          "position": {
            "0.0": [
              0,
              0,
              0
            ],
            "0.25": [
              0,
              1,
              0
            ],
            "0.5": [
              0,
              0,
              0
            ],
            "0.75": [
              0,
              1,
              0
            ],
            "1.0": [
              0,
              0,
              0
            ]
          }
        },
        "RightArm": {
          "rotation": {
            "0.0": [
              7.5,
              0,
              0
            ],
            "0.5": [
              -9.99067,
              0.43399,
              2.46207
            ],
            "1.0": [
              7.5,
              0,
              0
            ]
          }
        },
        "LeftArm": {
          "rotation": {
            "0.0": [
              -9.99067,
              -0.43399,
              -2.46207
            ],
            "0.5": [
              7.5,
              0,
              0
            ],
            "1.0": [
              -9.99067,
              -0.43399,
              -2.46207
            ]
          }
        }
      }
    }
  }
}