{
  "format_version": "1.8.0",
  "animations": {
    "animation.mr_josh_scene.scene": {
      "animation_length": 10,
      "override_previous_animation": true,
      "bones": {
        "Root": {
          "position": {
            "0.0": [
              0,
              -38,
              0
            ],
            "1.5": [
              0,
              0,
              0
            ],
            "2.0": [
              0,
              0,
              0
            ],
            "5.0": [
              0,
              0,
              0
            ]
          }
        },
        "bone2": {
          "rotation": {
            "0.0": [
              0,
              0,
              0
            ],
            "0.5": [
              -0.39393,
              -8.70909,
              4.89155
            ],
            "0.75": [
              -0.12076,
              11.23508,
              -7.68883
            ],
            "1.5": [
              1.34006,
              1.15625,
              -0.28077
            ]
          }
        },
        "RightArm": {
          "rotation": {
            "0.0": [
              0,
              0,
              0
            ],
            "0.5": [
              -41.52765,
              79.52007,
              116.27564
            ],
            "0.75": [
              1.84882,
              61.97869,
              83.24988
            ]
          },
          "position": [
            0,
            -3,
            -2
          ]
        },
        "bone4": {
          "rotation": {
            "0.0": [
              0,
              0,
              0
            ],
            "0.5": [
              0,
              0,
              0
            ],
            "0.75": [
              -92.5,
              0,
              0
            ],
            "1.0": [
              -93.05099,
              -34.96182,
              1.74942
            ]
          }
        },
        "LeftArm": {
          "rotation": {
            "0.0": [
              0,
              0,
              0
            ],
            "0.75": [
              -172.5,
              -87.5,
              90
            ],
            "0.9583": [
              -58.09936,
              -72.41125,
              -13.70001
            ]
          },
          "position": [
            0,
            -1,
            -2
          ]
        },
        "bone9": {
          "rotation": {
            "0.0": [
              0,
              0,
              0
            ],
            "0.5": [
              0,
              0,
              0
            ],
            "1.2083": [
              -80,
              0,
              0
            ],
            "1.7917": [
              -81.87719,
              47.67918,
              -24.98144
            ]
          }
        },
        "Head": {
          "rotation": {
            "0.0": [
              0,
              0,
              0
            ],
            "0.5": [
              -42.5,
              0,
              0
            ],
            "1.0": [
              -20.94102,
              -8.42106,
              -20.94102
            ],
            "1.5": [
              -2.5,
              0,
              0
            ],
            "2.0": [
              -2.47864,
              -0.32621,
              -7.49294
            ],
            "2.5": [
              -2.4905,
              0.21782,
              4.99527
            ],
            "3.0": [
              -2.5,
              0,
              0
            ]
          }
        },
        "bone14": {
          "scale": {
            "0.0": [
              1,
              1,
              1
            ],
            "0.5": [
              1,
              1,
              1
            ],
            "1.0": [
              1,
              1,
              1
            ],
            "1.5": [
              1.1,
              1.2,
              1
            ],
            "3.0": [
              1.1,
              1.2,
              1
            ],
            "3.5": [
              1.2,
              1.4,
              1
            ],
            "4.0": [
              1.1,
              1.2,
              1
            ]
          }
        },
        "bone8": {
          "rotation": {
            "1.0": [
              0,
              0,
              0
            ],
            "1.5": [
              0,
              0,
              0
            ],
            "2.0": [
              0,
              0,
              0
            ],
            "2.5": [
              -0.01456,
              -0.46188,
              12.49028
            ],
            "3.0": [
              0,
              0,
              0
            ]
          }
        },
        "bone13": {
          "rotation": {
            "1.0": [
              0,
              0,
              0
            ],
            "1.5": [
              -13.04415,
              -12.19321,
              0.31076
            ],
            "2.5": [
              -2.68417,
              9.82154,
              -5.87078
            ],
            "3.0": [
              -2.25,
              10.04,
              -0.86
            ]
          }
        },
        "LeftLeg": {
          "rotation": {
            "0.0": [
              0,
              0,
              10
            ],
            "0.5": [
              0,
              0,
              -10
            ],
            "1.0": [
              0,
              0,
              7.5
            ],
            "1.5": [
              0,
              0,
              0
            ]
          }
        },
        "RightLeg": {
          "rotation": {
            "0.0": [
              0,
              0,
              10
            ],
            "0.5": [
              0,
              0,
              -10
            ],
            "1.0": [
              0,
              0,
              7.5
            ],
            "1.5": [
              0,
              0,
              0
            ]
          }
        }
      }
    }
  }
}