{
  "format_version": "1.8.0",
  "animations": {
    "animation.mr_nabnab_scene.scene": {
      "animation_length": 5,
      "bones": {
        "RightLeg": {
          "rotation": {
            "0.0": [
              0,
              0,
              0
            ],
            "2.5": [
              0,
              0,
              0
            ]
          },
          "position": {
            "0.0": [
              30,
              0,
              0
            ],
            "2.5": [
              4,
              0,
              0
            ]
          }
        },
        "LeftLeg": {
          "rotation": {
            "0.0": [
              0,
              0,
              0
            ],
            "2.5": [
              0,
              0,
              0
            ],
            "3.0": [
              0,
              0,
              -35
            ]
          },
          "position": {
            "0.0": [
              30,
              0,
              0
            ],
            "2.5": [
              4,
              0,
              0
            ],
            "3.0": [
              4,
              1,
              0
            ]
          }
        },
        "Body": {
          "rotation": {
            "0.0": [
              0,
              0,
              0
            ],
            "2.5": [
              0,
              0,
              0
            ],
            "3.0": [
              0,
              0,
              -27.5
            ]
          },
          "position": {
            "0.0": [
              30,
              0,
              0
            ],
            "2.5": [
              4,
              0,
              0
            ],
            "3.0": [
              4,
              0,
              0
            ]
          }
        },
        "bone6": {
          "rotation": {
            "0.0": [
              0,
              0,
              0
            ],
            "2.5": [
              0,
              0,
              0
            ],
            "3.0": [
              -0.87799,
              0.75941,
              9.92675
            ]
          }
        },
        "bone7": {
          "rotation": {
            "0.0": [
              0,
              0,
              0
            ],
            "2.5": [
              0,
              0,
              0
            ],
            "3.0": [
              3.29095,
              10.80171,
              12.30795
            ]
          }
        },
        "RightArm": {
          "rotation": {
            "0.0": [
              0,
              0,
              0
            ],
            "2.5": [
              0,
              0,
              0
            ],
            "3.0": [
              0,
              0,
              15
            ]
          }
        }
      }
    }
  }
}