{
	"format_version": "1.10.0",
	"minecraft:client_entity": {
		"description": {
			"identifier": "lk:jumbo_josh",
			"materials": {
				"default": "entity_alphatest"
			},
			"textures": {
				"default": "textures/entity/jumbo_josh"
			},
			"geometry": {
				"default": "geometry.jumbo_josh"
			},
			"render_controllers": [
				"controller.render.jumbo_josh"
			],
			"spawn_egg": {
				"texture": "lk_jumbo_josh_egg",
				"texture_index": 0
			},
			"animations": {
				"idle": "animation.jumbo_josh.idle"
			}
		}
	}
}