{
	"format_version": "1.10.0",
	"minecraft:client_entity": {
		"description": {
			"identifier": "lk:opila_bird",
			"materials": {
				"default": "entity_alphatest"
			},
			"textures": {
				"default": "textures/entity/opila_bird"
			},
			"geometry": {
				"default": "geometry.opila_bird"
			},
			"render_controllers": [
				"controller.render.opila_bird"
			],
			"spawn_egg": {
				"texture": "lk_opila_bird_egg",
				"texture_index": 0
			},
			"animations": {
				"walk": "animation.opila_bird.walk",
				"idle": "animation.opila_bird.idle",
				"controller": "controller.animation.opila_bird"
			},
			"scripts": {
				"animate": [
					"controller"
				]
			}
		}
	}
}