{
	"format_version": "1.12.0",
	"minecraft:geometry": [
		{
			"description": {
				"identifier": "geometry.amanda",
				"texture_width": 128,
				"texture_height": 128,
				"visible_bounds_width": 4,
				"visible_bounds_height": 6.5,
				"visible_bounds_offset": [0, 2.75, 0]
			},
			"bones": [
				{
					"name": "main",
					"pivot": [0, 41, 10],
					"cubes": [
						{"origin": [-9, 37.56284, 6.33312], "size": [18, 11, 0], "pivot": [0, 51.56284, 10.33312], "rotation": [2.5, 0, 0], "uv": [60, 34]},
						{"origin": [-8, 33.56284, 6.33312], "size": [16, 4, 3], "pivot": [0, 51.56284, 10.33312], "rotation": [2.5, 0, 0], "uv": [78, 27]}
					]
				},
				{
					"name": "body",
					"parent": "main",
					"pivot": [0, 51, 10],
					"cubes": [
						{"origin": [-6, 48, 6], "size": [12, 14, 8], "pivot": [0, 51, 10], "rotation": [10, 0, 0], "uv": [0, 23]},
						{"origin": [-9, 61, 5], "size": [18, 12, 11], "pivot": [0, 51, 10], "rotation": [17.5, 0, 0], "uv": [0, 0]}
					]
				},
				{
					"name": "head",
					"parent": "body",
					"pivot": [0, 70, 0],
					"rotation": [0, 0, 15],
					"cubes": [
						{"origin": [-5, 70, -9], "size": [10, 8, 9], "uv": [31, 36]},
						{"origin": [-7, 61.25053, -20.06442], "size": [14, 4, 0], "pivot": [0, 36.25053, -1.06442], "rotation": [-20, 0, 0], "uv": [96, 38]},
						{"origin": [-7, 71.71933, -0.71747], "size": [14, 4, 0], "pivot": [0, 46.71933, 18.28253], "rotation": [22.5, 0, 0], "uv": [96, 34]},
						{"origin": [-10, 75, -6], "size": [7, 6, 7], "pivot": [-7, 79, -4], "rotation": [0, 0, -12.5], "uv": [84, 58]},
						{"origin": [3, 75, -6], "size": [7, 6, 7], "pivot": [7, 79, -4], "rotation": [0, 0, 12.5], "uv": [84, 45]}
					]
				},
				{
					"name": "bone2",
					"parent": "head",
					"pivot": [0, 70, -2],
					"cubes": [
						{"origin": [-5, 68, -9], "size": [10, 2, 9], "pivot": [0, 70, -2], "rotation": [60, 0, 0], "uv": [40, 23]},
						{"origin": [-5, 70, -9], "size": [0, 3, 6], "pivot": [0, 70, -2], "rotation": [60, 0, 0], "uv": [69, 21]},
						{"origin": [5, 70, -9], "size": [0, 3, 6], "pivot": [0, 70, -2], "rotation": [60, 0, 0], "uv": [12, 39]},
						{"origin": [-5, 70, -9], "size": [10, 5, 0], "pivot": [0, 70, -2], "rotation": [60, 0, 0], "uv": [103, 12]}
					]
				},
				{
					"name": "arm",
					"parent": "main",
					"pivot": [10, 72, 2],
					"cubes": [
						{"origin": [7, 42, 0], "size": [4, 32, 4], "pivot": [11, 73, 6], "rotation": [22.32648, 2.86313, -19.43488], "uv": [48, 53]}
					]
				},
				{
					"name": "bone3",
					"parent": "arm",
					"pivot": [17.82639, 44.28997, 12.05005],
					"cubes": [
						{"origin": [16.98852, 14.95492, 8.43967], "size": [4, 32, 4], "pivot": [19.76947, 45.22824, 10.99307], "rotation": [-116.03262, 2.03036, -3.72481], "uv": [32, 53]}
					]
				},
				{
					"name": "bone4",
					"parent": "bone3",
					"pivot": [16.82639, 60.28997, -15.94995],
					"cubes": [
						{"origin": [14.11753, 53.42337, -17.74982], "size": [6, 6, 3], "pivot": [17.76947, 59.22824, -16.00693], "rotation": [-83.53262, 2.03036, -3.72481], "uv": [44, 101]}
					]
				},
				{
					"name": "bone5",
					"parent": "bone4",
					"pivot": [14.82639, 58.28997, -16.94995],
					"cubes": [
						{"origin": [15.11753, 50.42337, -17.74982], "size": [2, 6, 2], "pivot": [17.76947, 59.22824, -16.00693], "rotation": [-70.69939, 38.93171, 2.98555], "uv": [110, 56]},
						{"origin": [11.17444, 51.4851, -22.69284], "size": [2, 6, 2], "pivot": [13.82639, 60.28997, -20.94995], "rotation": [-18.19939, 38.93171, 2.98555], "uv": [16, 109]}
					]
				},
				{
					"name": "bone6",
					"parent": "bone4",
					"pivot": [14.827, 59.42758, -21.63246],
					"rotation": [0, 5, 7.5],
					"cubes": [
						{"origin": [14.11753, 48.42337, -19.74982], "size": [2, 6, 2], "pivot": [17.76947, 59.22824, -16.00693], "rotation": [-62.11195, 1.8857, -1.33743], "uv": [108, 93]},
						{"origin": [13.67505, 50.62272, -26.37535], "size": [2, 6, 2], "pivot": [16.327, 61.42758, -22.63246], "rotation": [-12.53385, 5.37329, -7.99162], "uv": [108, 0]}
					]
				},
				{
					"name": "bone7",
					"parent": "bone4",
					"pivot": [17.63312, 60.0101, -21.80762],
					"rotation": [0, 2.5, 0],
					"cubes": [
						{"origin": [17.11753, 48.42337, -19.74982], "size": [2, 6, 2], "pivot": [17.76947, 59.22824, -16.00693], "rotation": [-62.11195, 1.8857, -1.33743], "uv": [8, 107]},
						{"origin": [16.67505, 49.62272, -26.37535], "size": [2, 7, 2], "pivot": [16.327, 61.42758, -22.63246], "rotation": [-12.53385, 5.37329, -7.99162], "uv": [58, 9]}
					]
				},
				{
					"name": "bone8",
					"parent": "bone4",
					"pivot": [19.03312, 60.0101, -21.80762],
					"rotation": [0, -15, 0],
					"cubes": [
						{"origin": [16.11753, 48.42337, -19.74982], "size": [2, 6, 2], "pivot": [16.76947, 59.22824, -16.00693], "rotation": [-65.43457, -16.93261, 3.05645], "uv": [0, 107]},
						{"origin": [17.98118, 50.20523, -25.55051], "size": [2, 6, 2], "pivot": [18.63312, 61.0101, -21.80762], "rotation": [-22.93457, -16.93261, 3.05645], "uv": [104, 105]}
					]
				},
				{
					"name": "arm2",
					"parent": "main",
					"pivot": [-10, 72, 2],
					"cubes": [
						{"origin": [-11, 42, 0], "size": [4, 32, 4], "pivot": [-11, 73, 6], "rotation": [22.32648, -2.86313, 19.43488], "uv": [16, 49]}
					]
				},
				{
					"name": "bone9",
					"parent": "arm2",
					"pivot": [-17.82639, 44.28997, 12.05005],
					"cubes": [
						{"origin": [-20.98852, 14.95492, 8.43967], "size": [4, 32, 4], "pivot": [-19.76947, 45.22824, 10.99307], "rotation": [-116.03262, -2.03036, 3.72481], "uv": [0, 45]}
					]
				},
				{
					"name": "bone10",
					"parent": "bone9",
					"pivot": [-16.82639, 60.28997, -15.94995],
					"cubes": [
						{"origin": [-20.11753, 53.42337, -17.74982], "size": [6, 6, 3], "pivot": [-17.76947, 59.22824, -16.00693], "rotation": [-83.53262, -2.03036, 3.72481], "uv": [47, 0]}
					]
				},
				{
					"name": "bone11",
					"parent": "bone10",
					"pivot": [-14.82639, 58.28997, -16.94995],
					"cubes": [
						{"origin": [-17.11753, 50.42337, -17.74982], "size": [2, 6, 2], "pivot": [-17.76947, 59.22824, -16.00693], "rotation": [-70.69939, -38.93171, -2.98555], "uv": [103, 71]},
						{"origin": [-13.17444, 51.4851, -22.69284], "size": [2, 6, 2], "pivot": [-13.82639, 60.28997, -20.94995], "rotation": [-18.19939, -38.93171, -2.98555], "uv": [54, 89]}
					]
				},
				{
					"name": "bone12",
					"parent": "bone10",
					"pivot": [-14.827, 59.42758, -21.63246],
					"rotation": [0, -5, -7.5],
					"cubes": [
						{"origin": [-16.11753, 48.42337, -19.74982], "size": [2, 6, 2], "pivot": [-17.76947, 59.22824, -16.00693], "rotation": [-62.11195, -1.8857, 1.33743], "uv": [40, 89]},
						{"origin": [-15.67505, 50.62272, -26.37535], "size": [2, 6, 2], "pivot": [-16.327, 61.42758, -22.63246], "rotation": [-12.53385, -5.37329, 7.99162], "uv": [89, 12]}
					]
				},
				{
					"name": "bone13",
					"parent": "bone10",
					"pivot": [-17.63312, 60.0101, -21.80762],
					"rotation": [0, -2.5, 0],
					"cubes": [
						{"origin": [-19.11753, 48.42337, -19.74982], "size": [2, 6, 2], "pivot": [-17.76947, 59.22824, -16.00693], "rotation": [-62.11195, -1.8857, 1.33743], "uv": [89, 0]},
						{"origin": [-18.67505, 49.62272, -26.37535], "size": [2, 7, 2], "pivot": [-16.327, 61.42758, -22.63246], "rotation": [-12.53385, -5.37329, 7.99162], "uv": [0, 0]}
					]
				},
				{
					"name": "bone14",
					"parent": "bone10",
					"pivot": [-19.03312, 60.0101, -21.80762],
					"rotation": [0, 15, 0],
					"cubes": [
						{"origin": [-18.11753, 48.42337, -19.74982], "size": [2, 6, 2], "pivot": [-16.76947, 59.22824, -16.00693], "rotation": [-65.43457, 16.93261, -3.05645], "uv": [84, 71]},
						{"origin": [-19.98118, 50.20523, -25.55051], "size": [2, 6, 2], "pivot": [-18.63312, 61.0101, -21.80762], "rotation": [-22.93457, 16.93261, -3.05645], "uv": [0, 23]}
					]
				},
				{
					"name": "leg",
					"parent": "main",
					"pivot": [-8, 35, 10],
					"cubes": [
						{"origin": [-10, 14, 6], "size": [5, 22, 5], "pivot": [-8, 35, 8], "rotation": [-71.43159, 27.39675, 6.01428], "uv": [69, 0]}
					]
				},
				{
					"name": "bone",
					"parent": "leg",
					"pivot": [-16.43183, 27.60478, -5.97653],
					"rotation": [19.95619, -20.66603, -13.18981],
					"cubes": [
						{"origin": [-18.62182, 6.8877, -8.90393], "size": [5, 21, 5], "pivot": [-16.62182, 26.8877, -6.90393], "rotation": [41.06841, 27.39675, 6.01428], "uv": [0, 81]}
					]
				},
				{
					"name": "bone15",
					"parent": "bone",
					"pivot": [-12.43183, 12.60478, 4.02347],
					"cubes": [
						{"origin": [-14.43183, -1.39522, 2.02347], "size": [5, 15, 5], "pivot": [-12.43183, 12.60478, 4.02347], "rotation": [-26.43159, 27.39675, 6.01428], "uv": [20, 89]},
						{"origin": [-14.04365, -3.95711, -3.93647], "size": [5.4, 3, 9], "pivot": [-11.84365, 13.04289, 5.06353], "rotation": [-13.93159, 27.39675, 6.01428], "uv": [89, 0]},
						{"origin": [-14.21683, -2.5827, -15.41778], "size": [2.4, 2.9, 10], "pivot": [-12.01683, 14.4173, 2.58222], "rotation": [-10.06258, 34.65895, 3.82474], "uv": [102, 73]},
						{"origin": [-24.17243, 3.44271, -26.3668], "size": [2.4, 2.9, 6], "pivot": [-21.97243, 20.44271, -12.3668], "rotation": [22.43742, 34.65895, 3.82474], "uv": [88, 105]}
					]
				},
				{
					"name": "bone16",
					"parent": "bone15",
					"pivot": [-11.51683, 13.8173, 3.68222],
					"rotation": [-0.26793, -14.99766, 1.03527],
					"cubes": [
						{"origin": [-23.67243, 2.84271, -25.2668], "size": [2.4, 2.9, 6], "pivot": [-21.47243, 19.84271, -11.2668], "rotation": [22.43742, 34.65895, 3.82474], "uv": [105, 42]},
						{"origin": [-13.71683, -3.1827, -14.31778], "size": [2.4, 2.9, 10], "pivot": [-11.51683, 13.8173, 3.68222], "rotation": [-10.06258, 34.65895, 3.82474], "uv": [54, 101]}
					]
				},
				{
					"name": "bone17",
					"parent": "bone15",
					"pivot": [-15.41683, 13.4173, 6.38222],
					"rotation": [1.57726, -58.7293, 14.71335],
					"cubes": [
						{"origin": [-27.57243, 2.44271, -22.5668], "size": [2.4, 2.9, 6], "pivot": [-25.37243, 19.44271, -8.5668], "rotation": [22.43742, 34.65895, 3.82474], "uv": [104, 85]},
						{"origin": [-17.61683, -3.5827, -11.61778], "size": [2.4, 2.9, 10], "pivot": [-15.41683, 13.4173, 6.38222], "rotation": [-10.06258, 34.65895, 3.82474], "uv": [30, 101]}
					]
				},
				{
					"name": "leg2",
					"parent": "main",
					"pivot": [8, 35, 10],
					"cubes": [
						{"origin": [5, 14, 6], "size": [5, 22, 5], "pivot": [8, 35, 8], "rotation": [-71.43159, -27.39675, -6.01428], "uv": [64, 48]}
					]
				},
				{
					"name": "bone18",
					"parent": "leg2",
					"pivot": [16.43183, 27.60478, -5.97653],
					"rotation": [19.95619, 20.66603, 13.18981],
					"cubes": [
						{"origin": [13.62182, 6.8877, -8.90393], "size": [5, 21, 5], "pivot": [16.62182, 26.8877, -6.90393], "rotation": [41.06841, -27.39675, -6.01428], "uv": [64, 75]}
					]
				},
				{
					"name": "bone19",
					"parent": "bone18",
					"pivot": [12.43183, 12.60478, 4.02347],
					"cubes": [
						{"origin": [9.43183, -1.39522, 2.02347], "size": [5, 15, 5], "pivot": [12.43183, 12.60478, 4.02347], "rotation": [-26.43159, -27.39675, -6.01428], "uv": [84, 83]},
						{"origin": [8.64365, -3.95711, -3.93647], "size": [5.4, 3, 9], "pivot": [11.84365, 13.04289, 5.06353], "rotation": [-13.93159, -27.39675, -6.01428], "uv": [84, 71]},
						{"origin": [11.81683, -2.5827, -15.41778], "size": [2.4, 2.9, 10], "pivot": [12.01683, 14.4173, 2.58222], "rotation": [-10.06258, -34.65895, -3.82474], "uv": [94, 93]},
						{"origin": [21.77243, 3.44271, -26.3668], "size": [2.4, 2.9, 6], "pivot": [21.97243, 20.44271, -12.3668], "rotation": [22.43742, -34.65895, -3.82474], "uv": [78, 103]}
					]
				},
				{
					"name": "bone20",
					"parent": "bone19",
					"pivot": [11.51683, 13.8173, 3.68222],
					"rotation": [-0.26793, 14.99766, -1.03527],
					"cubes": [
						{"origin": [21.27243, 2.84271, -25.2668], "size": [2.4, 2.9, 6], "pivot": [21.47243, 19.84271, -11.2668], "rotation": [22.43742, -34.65895, -3.82474], "uv": [68, 101]},
						{"origin": [11.31683, -3.1827, -14.31778], "size": [2.4, 2.9, 10], "pivot": [11.51683, 13.8173, 3.68222], "rotation": [-10.06258, -34.65895, -3.82474], "uv": [40, 89]}
					]
				},
				{
					"name": "bone21",
					"parent": "bone19",
					"pivot": [15.41683, 13.4173, 6.38222],
					"rotation": [1.57726, 58.7293, -14.71335],
					"cubes": [
						{"origin": [25.17243, 2.44271, -22.5668], "size": [2.4, 2.9, 6], "pivot": [25.37243, 19.44271, -8.5668], "rotation": [22.43742, -34.65895, -3.82474], "uv": [32, 23]},
						{"origin": [15.21683, -3.5827, -11.61778], "size": [2.4, 2.9, 10], "pivot": [15.41683, 13.4173, 6.38222], "rotation": [-10.06258, -34.65895, -3.82474], "uv": [89, 12]}
					]
				}
			]
		}
	]
}