{
  "resource_pack_name": "vanilla",
  "texture_name": "atlas.items",
  "texture_data": {
    "egg_camel": {
      "textures": "textures/items/egg_camel"
    },
    "egg_lion": {
      "textures": "textures/items/egg_lion"
    },
    "egg_penguin": {
      "textures": "textures/items/egg_penguin"
    },
    "egg_tiger": {
      "textures": "textures/items/egg_tiger"
    },
    "egg_elephant": {
      "textures": "textures/items/egg_elephant"
    },
    "egg_deer": {
      "textures": "textures/items/egg_deer"
    },
    "egg_panther": {
      "textures": "textures/items/egg_panther"
    },
    "egg_frog": {
      "textures": "textures/items/egg_frog"
    },
    "egg_crocodile": {
      "textures": "textures/items/egg_crocodile"
    },
    "egg_mouse": {
      "textures": "textures/items/egg_mouse"
    },
    "gallardo": {
      "textures": "textures/items/gallardo"
    },
    "bench": {
      "textures": "textures/items/bench"
    },
    "christmas_tree": {
      "textures": "textures/items/christmas_tree"
    },
    "tivi": {
      "textures": "textures/items/tivi"
    },
    "closet": {
      "textures": "textures/items/closet"
    },
    "laptop": {
      "textures": "textures/items/laptop"
    },
    "piano": {
      "textures": "textures/items/piano"
    },
    "armchairs": {
      "textures": "textures/items/armchairs"
    },
    "chair": {
      "textures": "textures/items/chair"
    },
    "big_table": {
      "textures": "textures/items/big_table"
    },
    "small_table": {
      "textures": "textures/items/small_table"
    },
    "drone": {
      "textures": "textures/items/drone"
    },
    "colorful_gifts": {
      "textures": "textures/items/colorful_gifts"
    },
    "mr:drone_attack": {
      "textures": "textures/items/pamobile/mr_drone_attack"
    },
    "mr:opila_birds_v2": {
      "textures": "textures/items/pamobile/mr_opila_birds_v2"
    },
    "mr:slow_seline": {
      "textures": "textures/items/pamobile/mr_slow_seline"
    },
    "mr:nabnab": {
      "textures": "textures/items/pamobile/mr_nabnab"
    },
    "mr:nabnab_climb_v2": {
      "textures": "textures/items/pamobile/mr_nabnab_climb_v2"
    },
    "mr:nabnab_scene": {
      "textures": "textures/items/pamobile/mr_nabnab_scene"
    },
    "mr:opila_statue": {
      "textures": "textures/items/pamobile/mr_opila_statue"
    },
    "mr:nabnab_no_spawn": {
      "textures": "textures/items/pamobile/mr_nabnab_no_spawn"
    },
    "mr:stinger_flynns": {
      "textures": "textures/items/pamobile/mr_stinger_flynns"
    },
    "mr:jumbo_joshe": {
      "textures": "textures/items/pamobile/mr_jumbo_joshe"
    },
    "mr:mini_opila_blue": {
      "textures": "textures/items/pamobile/mr_mini_opila_blue"
    },
    "mr:mini_opila": {
      "textures": "textures/items/pamobile/mr_mini_opila"
    },
    "mr:sheriff_toadster": {
      "textures": "textures/items/pamobile/mr_sheriff_toadster"
    },
    "mr:jumbo_death": {
      "textures": "textures/items/pamobile/mr_jumbo_death"
    },
    "mr:josh_scene": {
      "textures": "textures/items/pamobile/mr_josh_scene"
    },
    "mr:zophius": {
      "textures": "textures/items/pamobile/mr_zophius"
    },
    "mr:egg_opila": {
      "textures": "textures/items/pamobile/mr_egg_opila"
    },
    "mr_drone_track": {
      "textures": "textures/items/pamobile/mr_drone_track"
    },
    "mr:banbaleena_v2": {
      "textures": "textures/items/pamobile/mr_banbaleena_v2"
    },
    "mr:banban_v2": {
      "textures": "textures/items/pamobile/mr_banban_v2"
    },
    "mr:drone_reds": {
      "textures": "textures/items/pamobile/mr_drone_reds"
    },
    "mr:jumbo_josh": {
      "textures": "textures/items/pamobile/mr_jumbo_josh"
    },
    "mr:captain_fiddels": {
      "textures": "textures/items/pamobile/mr_captain_fiddels"
    },
    "mr:captain_arm": {
      "textures": "textures/items/pamobile/mr_captain_arm"
    },
    "mr:captain_head": {
      "textures": "textures/items/pamobile/mr_captain_head"
    },
    "mr:captain_dead": {
      "textures": "textures/items/pamobile/mr_captain_dead"
    }
  }
}