{"packs":[{"can_be_redownloaded":false,"name":"§l§6Garten of Banban","uuid":"b9a844c7-8737-4faa-9517-a96a601c21eb","version":[0,0,1]},{"can_be_redownloaded":false,"name":"Invisible Frames - Texture Pack","uuid":"37865959-8c1f-4467-ab08-d53bdb7a1481","version":[2,0,0]},{"can_be_redownloaded":false,"name":"§2garten §cof §4banabn §12","uuid":"63bdac79-8016-4273-bee0-6467c6b23d15","version":[0,0,1]},{"can_be_redownloaded":false,"name":"§l§cGARTEN OF BANBAN §b:: §62","uuid":"ed46b8ad-d955-4dba-8477-7f29a524ed51","version":[0,0,1]}]}
