{
	"file_path": "C:\\Users\\erik\\AppData\\Local\\Packages\\Microsoft.MinecraftUWP_8wekyb3d8bbwe\\LocalState\\games\\com.mojang\\development_resource_packs\\Door Plus(MALISIS DOORS) RP\\animations\\big_doors.animation.json",
	"file_type": "rp_animation",
	"format_version": 1,
	"file_uuid": "24ab68b7_47cd_4327_915c_20eed9f1aaca",
	"file_version": 0,
	"cache_content": {
		"children": [
			{
				"data": "1.8.0",
				"key": "format_version"
			},
			{
				"open": {
					"format_version": "1.8.0",
					"animations": {
						"animation.b.open": {
							"animation_length": 4.68,
							"bones": {
								"door1": {
									"rotation": {
										"0.0": [
											0,
											0,
											0
										],
										"1.56": [
											0,
											-90,
											0
										],
										"3.08": [
											0,
											-90,
											0
										],
										"4.68": [
											0,
											0,
											0
										]
									},
									"position": {
										"0.0": [
											0,
											0,
											0
										],
										"1.56": [
											-23.5,
											0,
											24
										],
										"3.08": [
											-23.5,
											0,
											24
										],
										"4.68": [
											0,
											0,
											0
										]
									}
								},
								"door2": {
									"rotation": {
										"0.0": [
											0,
											0,
											0
										],
										"1.56": [
											0,
											90,
											0
										],
										"3.08": [
											0,
											90,
											0
										],
										"4.68": [
											0,
											0,
											0
										]
									},
									"position": {
										"0.0": [
											0,
											0,
											0
										],
										"1.56": [
											23.5,
											0,
											24
										],
										"3.08": [
											23.5,
											0,
											24
										],
										"4.68": [
											0,
											0,
											0
										]
									}
								}
							}
						},
						"animation.b_r.openr": {
							"animation_length": 4.68,
							"bones": {
								"door1": {
									"rotation": {
										"0.0": [
											0,
											0,
											0
										],
										"1.56": [
											0,
											-90,
											0
										],
										"3.12": [
											0,
											-90,
											0
										],
										"4.68": [
											0,
											0,
											0
										]
									},
									"position": {
										"0.0": [
											0,
											0,
											0
										],
										"1.56": [
											-24,
											0,
											-24
										],
										"3.12": [
											-24,
											0,
											-24
										],
										"4.68": [
											0,
											0,
											0
										]
									}
								},
								"door2": {
									"rotation": {
										"0.0": [
											0,
											0,
											0
										],
										"1.56": [
											0,
											90,
											0
										],
										"3.12": [
											0,
											90,
											0
										],
										"4.68": [
											0,
											0,
											0
										]
									},
									"position": {
										"0.0": [
											0,
											0,
											0
										],
										"1.56": [
											-24,
											0,
											24
										],
										"3.12": [
											-24,
											0,
											24
										],
										"4.68": [
											0,
											0,
											0
										]
									}
								}
							}
						}
					}
				},
				"key": "animations",
				"children": [
					{
						"open": {
							"animation.b.open": {
								"animation_length": 4.68,
								"bones": {
									"door1": {
										"rotation": {
											"0.0": [
												0,
												0,
												0
											],
											"1.56": [
												0,
												-90,
												0
											],
											"3.08": [
												0,
												-90,
												0
											],
											"4.68": [
												0,
												0,
												0
											]
										},
										"position": {
											"0.0": [
												0,
												0,
												0
											],
											"1.56": [
												-23.5,
												0,
												24
											],
											"3.08": [
												-23.5,
												0,
												24
											],
											"4.68": [
												0,
												0,
												0
											]
										}
									},
									"door2": {
										"rotation": {
											"0.0": [
												0,
												0,
												0
											],
											"1.56": [
												0,
												90,
												0
											],
											"3.08": [
												0,
												90,
												0
											],
											"4.68": [
												0,
												0,
												0
											]
										},
										"position": {
											"0.0": [
												0,
												0,
												0
											],
											"1.56": [
												23.5,
												0,
												24
											],
											"3.08": [
												23.5,
												0,
												24
											],
											"4.68": [
												0,
												0,
												0
											]
										}
									}
								}
							},
							"animation.b_r.openr": {
								"animation_length": 4.68,
								"bones": {
									"door1": {
										"rotation": {
											"0.0": [
												0,
												0,
												0
											],
											"1.56": [
												0,
												-90,
												0
											],
											"3.12": [
												0,
												-90,
												0
											],
											"4.68": [
												0,
												0,
												0
											]
										},
										"position": {
											"0.0": [
												0,
												0,
												0
											],
											"1.56": [
												-24,
												0,
												-24
											],
											"3.12": [
												-24,
												0,
												-24
											],
											"4.68": [
												0,
												0,
												0
											]
										}
									},
									"door2": {
										"rotation": {
											"0.0": [
												0,
												0,
												0
											],
											"1.56": [
												0,
												90,
												0
											],
											"3.12": [
												0,
												90,
												0
											],
											"4.68": [
												0,
												0,
												0
											]
										},
										"position": {
											"0.0": [
												0,
												0,
												0
											],
											"1.56": [
												-24,
												0,
												24
											],
											"3.12": [
												-24,
												0,
												24
											],
											"4.68": [
												0,
												0,
												0
											]
										}
									}
								}
							}
						},
						"key": "animation.b.open",
						"is_minified": true,
						"children": {
							"animation_length": 4.68,
							"bones": {
								"door1": {
									"rotation": {
										"0.0": [
											0,
											0,
											0
										],
										"1.56": [
											0,
											-90,
											0
										],
										"3.08": [
											0,
											-90,
											0
										],
										"4.68": [
											0,
											0,
											0
										]
									},
									"position": {
										"0.0": [
											0,
											0,
											0
										],
										"1.56": [
											-23.5,
											0,
											24
										],
										"3.08": [
											-23.5,
											0,
											24
										],
										"4.68": [
											0,
											0,
											0
										]
									}
								},
								"door2": {
									"rotation": {
										"0.0": [
											0,
											0,
											0
										],
										"1.56": [
											0,
											90,
											0
										],
										"3.08": [
											0,
											90,
											0
										],
										"4.68": [
											0,
											0,
											0
										]
									},
									"position": {
										"0.0": [
											0,
											0,
											0
										],
										"1.56": [
											23.5,
											0,
											24
										],
										"3.08": [
											23.5,
											0,
											24
										],
										"4.68": [
											0,
											0,
											0
										]
									}
								}
							}
						}
					},
					{
						"open": {
							"animation.b.open": {
								"animation_length": 4.68,
								"bones": {
									"door1": {
										"rotation": {
											"0.0": [
												0,
												0,
												0
											],
											"1.56": [
												0,
												-90,
												0
											],
											"3.08": [
												0,
												-90,
												0
											],
											"4.68": [
												0,
												0,
												0
											]
										},
										"position": {
											"0.0": [
												0,
												0,
												0
											],
											"1.56": [
												-23.5,
												0,
												24
											],
											"3.08": [
												-23.5,
												0,
												24
											],
											"4.68": [
												0,
												0,
												0
											]
										}
									},
									"door2": {
										"rotation": {
											"0.0": [
												0,
												0,
												0
											],
											"1.56": [
												0,
												90,
												0
											],
											"3.08": [
												0,
												90,
												0
											],
											"4.68": [
												0,
												0,
												0
											]
										},
										"position": {
											"0.0": [
												0,
												0,
												0
											],
											"1.56": [
												23.5,
												0,
												24
											],
											"3.08": [
												23.5,
												0,
												24
											],
											"4.68": [
												0,
												0,
												0
											]
										}
									}
								}
							},
							"animation.b_r.openr": {
								"animation_length": 4.68,
								"bones": {
									"door1": {
										"rotation": {
											"0.0": [
												0,
												0,
												0
											],
											"1.56": [
												0,
												-90,
												0
											],
											"3.12": [
												0,
												-90,
												0
											],
											"4.68": [
												0,
												0,
												0
											]
										},
										"position": {
											"0.0": [
												0,
												0,
												0
											],
											"1.56": [
												-24,
												0,
												-24
											],
											"3.12": [
												-24,
												0,
												-24
											],
											"4.68": [
												0,
												0,
												0
											]
										}
									},
									"door2": {
										"rotation": {
											"0.0": [
												0,
												0,
												0
											],
											"1.56": [
												0,
												90,
												0
											],
											"3.12": [
												0,
												90,
												0
											],
											"4.68": [
												0,
												0,
												0
											]
										},
										"position": {
											"0.0": [
												0,
												0,
												0
											],
											"1.56": [
												-24,
												0,
												24
											],
											"3.12": [
												-24,
												0,
												24
											],
											"4.68": [
												0,
												0,
												0
											]
										}
									}
								}
							}
						},
						"key": "animation.b_r.openr",
						"is_minified": true,
						"children": {
							"animation_length": 4.68,
							"bones": {
								"door1": {
									"rotation": {
										"0.0": [
											0,
											0,
											0
										],
										"1.56": [
											0,
											-90,
											0
										],
										"3.12": [
											0,
											-90,
											0
										],
										"4.68": [
											0,
											0,
											0
										]
									},
									"position": {
										"0.0": [
											0,
											0,
											0
										],
										"1.56": [
											-24,
											0,
											-24
										],
										"3.12": [
											-24,
											0,
											-24
										],
										"4.68": [
											0,
											0,
											0
										]
									}
								},
								"door2": {
									"rotation": {
										"0.0": [
											0,
											0,
											0
										],
										"1.56": [
											0,
											90,
											0
										],
										"3.12": [
											0,
											90,
											0
										],
										"4.68": [
											0,
											0,
											0
										]
									},
									"position": {
										"0.0": [
											0,
											0,
											0
										],
										"1.56": [
											-24,
											0,
											24
										],
										"3.12": [
											-24,
											0,
											24
										],
										"4.68": [
											0,
											0,
											0
										]
									}
								}
							}
						}
					}
				]
			}
		]
	}
}