{
	"file_path": "C:\\Users\\user\\AppData\\Local\\Packages\\Microsoft.MinecraftUWP_8wekyb3d8bbwe\\LocalState\\games\\com.mojang\\development_resource_packs\\MALISIS DOOR V.3 BETA RP\\animations\\bunker_trap2.0.animation.json",
	"file_type": "rp_animation",
	"format_version": 1,
	"file_uuid": "885e8c42_280d_4417_9736_79fcbaed9ae0",
	"file_version": 0,
	"cache_content": {
		"children": [
			{
				"data": "1.8.0",
				"key": "format_version"
			},
			{
				"open": {
					"format_version": "1.8.0",
					"animations": {
						"animation.bunker_trap2.0.open": {
							"animation_length": 5.68,
							"bones": {
								"manijaprro": {
									"rotation": {
										"0.0": [
											0,
											0,
											0
										],
										"2.04": [
											0,
											-360,
											0
										]
									}
								},
								"manijaprro2": {
									"rotation": {
										"0.0": [
											0,
											0,
											0
										],
										"2.04": [
											0,
											360,
											0
										]
									}
								},
								"bunkertrap": {
									"rotation": {
										"0.0": [
											0,
											0,
											0
										],
										"2.08": [
											0,
											0,
											0
										],
										"4.24": [
											-90,
											0,
											0
										]
									}
								}
							}
						},
						"animation.bunker_trap2.0.close2": {
							"animation_length": 5.68,
							"bones": {
								"manijaprro": {
									"rotation": {
										"0.0": [
											0,
											0,
											0
										],
										"2.12": [
											0,
											0,
											0
										],
										"4.24": [
											0,
											360,
											0
										]
									}
								},
								"manijaprro2": {
									"rotation": {
										"0.0": [
											0,
											0,
											0
										],
										"2.08": [
											0,
											0,
											0
										],
										"4.24": [
											0,
											-360,
											0
										]
									}
								},
								"bunkertrap": {
									"rotation": {
										"0.0": [
											-90,
											0,
											0
										],
										"2.08": [
											0,
											0,
											0
										]
									}
								}
							}
						}
					}
				},
				"key": "animations",
				"children": [
					{
						"key": "animation.bunker_trap2.0.open",
						"is_minified": true,
						"children": {
							"animation_length": 5.68,
							"bones": {
								"manijaprro": {
									"rotation": {
										"0.0": [
											0,
											0,
											0
										],
										"2.04": [
											0,
											-360,
											0
										]
									}
								},
								"manijaprro2": {
									"rotation": {
										"0.0": [
											0,
											0,
											0
										],
										"2.04": [
											0,
											360,
											0
										]
									}
								},
								"bunkertrap": {
									"rotation": {
										"0.0": [
											0,
											0,
											0
										],
										"2.08": [
											0,
											0,
											0
										],
										"4.24": [
											-90,
											0,
											0
										]
									}
								}
							}
						}
					},
					{
						"open": {
							"animation.bunker_trap2.0.open": {
								"animation_length": 5.68,
								"bones": {
									"manijaprro": {
										"rotation": {
											"0.0": [
												0,
												0,
												0
											],
											"2.04": [
												0,
												-360,
												0
											]
										}
									},
									"manijaprro2": {
										"rotation": {
											"0.0": [
												0,
												0,
												0
											],
											"2.04": [
												0,
												360,
												0
											]
										}
									},
									"bunkertrap": {
										"rotation": {
											"0.0": [
												0,
												0,
												0
											],
											"2.08": [
												0,
												0,
												0
											],
											"4.24": [
												-90,
												0,
												0
											]
										}
									}
								}
							},
							"animation.bunker_trap2.0.close2": {
								"animation_length": 5.68,
								"bones": {
									"manijaprro": {
										"rotation": {
											"0.0": [
												0,
												0,
												0
											],
											"2.12": [
												0,
												0,
												0
											],
											"4.24": [
												0,
												360,
												0
											]
										}
									},
									"manijaprro2": {
										"rotation": {
											"0.0": [
												0,
												0,
												0
											],
											"2.08": [
												0,
												0,
												0
											],
											"4.24": [
												0,
												-360,
												0
											]
										}
									},
									"bunkertrap": {
										"rotation": {
											"0.0": [
												-90,
												0,
												0
											],
											"2.08": [
												0,
												0,
												0
											]
										}
									}
								}
							}
						},
						"key": "animation.bunker_trap2.0.close2",
						"is_minified": true,
						"children": {
							"animation_length": 5.68,
							"bones": {
								"manijaprro": {
									"rotation": {
										"0.0": [
											0,
											0,
											0
										],
										"2.12": [
											0,
											0,
											0
										],
										"4.24": [
											0,
											360,
											0
										]
									}
								},
								"manijaprro2": {
									"rotation": {
										"0.0": [
											0,
											0,
											0
										],
										"2.08": [
											0,
											0,
											0
										],
										"4.24": [
											0,
											-360,
											0
										]
									}
								},
								"bunkertrap": {
									"rotation": {
										"0.0": [
											-90,
											0,
											0
										],
										"2.08": [
											0,
											0,
											0
										]
									}
								}
							}
						}
					}
				]
			}
		]
	}
}