{
	"file_path": "C:\\Users\\erik\\AppData\\Local\\Packages\\Microsoft.MinecraftUWP_8wekyb3d8bbwe\\LocalState\\games\\com.mojang\\development_resource_packs\\MALISIS_DOOR_V.3_BETA_RP\\animations\\Jail.animation.json",
	"file_type": "rp_animation",
	"format_version": 1,
	"file_uuid": "e4a2b11c_c18d_4b66_9b0c_907968f9be39",
	"file_version": 3,
	"cache_content": {
		"children": [
			{
				"data": "1.8.0",
				"key": "format_version"
			},
			{
				"open": {
					"format_version": "1.8.0",
					"animations": {
						"animation.Jail_Door.openycloser": {
							"animation_length": 4.68,
							"bones": {
								"bone": {
									"position": {
										"0": [
											0,
											0,
											0
										],
										"1": [
											0,
											0,
											-16.5
										],
										"2": [
											0,
											0,
											-16.5
										],
										"3": [
											0,
											0,
											0
										]
									}
								},
								"bone2": {
									"position": {
										"0": [
											0,
											0,
											0
										],
										"1": [
											0,
											0,
											-16.6
										],
										"2": [
											0,
											0,
											-16.6
										],
										"3": [
											0,
											0,
											0
										]
									}
								}
							}
						},
						"animation.Jail_Door.openyclose": {
							"animation_length": 4.68,
							"bones": {
								"bone": {
									"position": {
										"0": [
											0,
											0,
											0
										],
										"1": [
											-16,
											0,
											0
										],
										"2": [
											-16,
											0,
											0
										],
										"3": [
											0,
											0,
											0
										]
									}
								},
								"bone2": {
									"position": {
										"0": [
											0,
											0,
											0
										],
										"1": [
											-16,
											0,
											0
										],
										"2": [
											-16,
											0,
											0
										],
										"3": [
											0,
											0,
											0
										]
									}
								}
							}
						}
					}
				},
				"key": "animations",
				"children": [
					{
						"key": "animation.Jail_Door.openycloser",
						"is_minified": true,
						"children": {
							"animation_length": 4.68,
							"bones": {
								"bone": {
									"position": {
										"0": [
											0,
											0,
											0
										],
										"1": [
											0,
											0,
											-16.5
										],
										"2": [
											0,
											0,
											-16.5
										],
										"3": [
											0,
											0,
											0
										]
									}
								},
								"bone2": {
									"position": {
										"0": [
											0,
											0,
											0
										],
										"1": [
											0,
											0,
											-16.6
										],
										"2": [
											0,
											0,
											-16.6
										],
										"3": [
											0,
											0,
											0
										]
									}
								}
							}
						}
					},
					{
						"open": {
							"animation.Jail_Door.openycloser": {
								"animation_length": 4.68,
								"bones": {
									"bone": {
										"position": {
											"0": [
												0,
												0,
												0
											],
											"1": [
												0,
												0,
												-16.5
											],
											"2": [
												0,
												0,
												-16.5
											],
											"3": [
												0,
												0,
												0
											]
										}
									},
									"bone2": {
										"position": {
											"0": [
												0,
												0,
												0
											],
											"1": [
												0,
												0,
												-16.6
											],
											"2": [
												0,
												0,
												-16.6
											],
											"3": [
												0,
												0,
												0
											]
										}
									}
								}
							},
							"animation.Jail_Door.openyclose": {
								"animation_length": 4.68,
								"bones": {
									"bone": {
										"position": {
											"0": [
												0,
												0,
												0
											],
											"1": [
												-16,
												0,
												0
											],
											"2": [
												-16,
												0,
												0
											],
											"3": [
												0,
												0,
												0
											]
										}
									},
									"bone2": {
										"position": {
											"0": [
												0,
												0,
												0
											],
											"1": [
												-16,
												0,
												0
											],
											"2": [
												-16,
												0,
												0
											],
											"3": [
												0,
												0,
												0
											]
										}
									}
								}
							}
						},
						"key": "animation.Jail_Door.openyclose",
						"is_minified": true,
						"children": {
							"animation_length": 4.68,
							"bones": {
								"bone": {
									"position": {
										"0": [
											0,
											0,
											0
										],
										"1": [
											-16,
											0,
											0
										],
										"2": [
											-16,
											0,
											0
										],
										"3": [
											0,
											0,
											0
										]
									}
								},
								"bone2": {
									"position": {
										"0": [
											0,
											0,
											0
										],
										"1": [
											-16,
											0,
											0
										],
										"2": [
											-16,
											0,
											0
										],
										"3": [
											0,
											0,
											0
										]
									}
								}
							}
						}
					}
				]
			}
		]
	}
}