{
    "pools": [
         {
            "conditions": [
                {
                    "condition": "random_chance_with_looting",
                    "chance": 0.25,
                    "looting_multiplier": 0.01
                }
            ],
            "rolls": 1,
            "entries": [
               {
                    "type": "item",
                    "name": "ds:head_slayer1",
                    "weight": 4
                },
                {
                    "type": "item",
                    "name": "",
                    "weight": 10
                },
                {
                    "type": "item",
                    "name": "",
                    "weight": 5
                }
            ]
        }
    ]
}
