{"format_version":"1.10.0","particle_effect":{"components":{"minecraft:emitter_lifetime_looping":{"active_time":1},"minecraft:emitter_rate_steady":{"max_particles":100,"spawn_rate":25},"minecraft:emitter_shape_box":{"direction":"inwards","half_dimensions":[2,0,2]},"minecraft:particle_appearance_billboard":{"facing_camera_mode":"rotate_xyz","size":[0.2,0.2],"uv":{"texture_height":16,"texture_width":16,"uv":[0,0],"uv_size":[16,16]}},"minecraft:particle_initial_speed":6,"minecraft:particle_lifetime_expression":{"max_lifetime":1},"minecraft:particle_motion_dynamic":{"linear_drag_coefficient":2}},"description":{"basic_render_parameters":{"material":"particles_blend","texture":"textures/particles/red"},"identifier":"roy:crucifix_red"}}}