{"format_version":"1.10.0","particle_effect":{"components":{"minecraft:emitter_lifetime_looping":{"active_time":1},"minecraft:emitter_rate_steady":{"max_particles":50,"spawn_rate":10},"minecraft:emitter_shape_box":{"direction":"outwards","half_dimensions":[0,1,1]},"minecraft:particle_appearance_billboard":{"facing_camera_mode":"rotate_xyz","size":[0.5,0.5],"uv":{"texture_height":16,"texture_width":16,"uv":[0,0],"uv_size":[16,16]}},"minecraft:particle_appearance_lighting":{},"minecraft:particle_initial_speed":2,"minecraft:particle_lifetime_expression":{"max_lifetime":1},"minecraft:particle_motion_dynamic":{}},"description":{"basic_render_parameters":{"material":"particles_blend","texture":"textures/particles/glitch"},"identifier":"roy:glitch_particle"}}}