{
	"format_version": "1.8.0",
	"animations": {
	"animation.a120.far": {
			"loop": true,
			"animation_length": 2.1,
			"anim_time_update" : "query.anim_time + query.delta_time * 0.7",
			"sound_effects": {
				"0.1": {
					"effect": "ambient_far"
				}
			}
		},
	"animation.a60.far": {
			"loop": true,
			"animation_length": 2.1,
			"anim_time_update" : "query.anim_time + query.delta_time * 0.7",
			"sound_effects": {
				"0.1": {
					"effect": "ambient_far"
				}
			}
		},
		"animation.a60.close": {
			"loop": true,
			"animation_length": 2.0,
			"anim_time_update" : "query.anim_time + query.delta_time * 0.7",
			"sound_effects": {
				"0.1": {
					"effect": "ambient_close"
				}
			}
		},
		"animation.ic_A120.default": {
			"loop": true,
			"animation_length": 1,
			"anim_time_update": "query.anim_time + query.delta_time * 0.5",
			"bones": {
			"root": {
					"rotation": [0.0, "query.camera_rotation(1) - query.body_y_rotation + 180", 0.0]
				},
				"glyph": {
					"position": {
						"0.0": [28, -14, 14],
						"0.0417": {
							"pre": [28, -14, 14],
							"post": [-54, 21, 14]
						},
						"0.0833": {
							"pre": [-54, 21, 14],
							"post": [-13, 40, 14]
						},
						"0.125": {
							"pre": [-13, 40, 14],
							"post": [31, 25, 14]
						},
						"0.1667": {
							"pre": [31, 25, 14],
							"post": [-12, -25, 14]
						},
						"0.2083": {
							"pre": [-12, -25, 14],
							"post": [36, -25, 14]
						},
						"0.25": {
							"pre": [36, -25, 14],
							"post": [-33, -4, 14]
						},
						"0.2917": {
							"pre": [-33, -4, 14],
							"post": [2, 17, 14]
						},
						"0.3333": {
							"pre": [2, 17, 14],
							"post": [28, -14, 14]
						},
						"0.375": {
							"pre": [28, -14, 14],
							"post": [-54, 21, 14]
						},
						"0.4167": {
							"pre": [-54, 21, 14],
							"post": [-13, 40, 14]
						},
						"0.4583": {
							"pre": [-13, 40, 14],
							"post": [31, 25, 14]
						},
						"0.5": {
							"pre": [31, 25, 14],
							"post": [-12, -25, 14]
						},
						"0.5417": {
							"pre": [-12, -25, 14],
							"post": [36, -25, 14]
						},
						"0.5833": {
							"pre": [36, -25, 14],
							"post": [-33, -4, 14]
						},
						"0.625": {
							"pre": [-33, -4, 14],
							"post": [2, 17, 14]
						},
						"0.6667": {
							"pre": [2, 17, 14],
							"post": [28, -14, 14]
						},
						"0.7083": {
							"pre": [28, -14, 14],
							"post": [-54, 21, 14]
						},
						"0.75": {
							"pre": [-54, 21, 14],
							"post": [-13, 40, 14]
						},
						"0.7917": {
							"pre": [-13, 40, 14],
							"post": [31, 25, 14]
						},
						"0.8333": {
							"pre": [31, 25, 14],
							"post": [-12, -25, 14]
						},
						"0.875": {
							"pre": [-12, -25, 14],
							"post": [36, -25, 14]
						},
						"0.9167": {
							"pre": [36, -25, 14],
							"post": [-33, -4, 14]
						},
						"0.9583": {
							"pre": [-33, -4, 14],
							"post": [2, 17, 14]
						},
						"1.0": {
							"pre": [2, 17, 14],
							"post": [-54, 21, 14]
						}
					}
				}
			}
		},
		"animation.ic_A60.default": {
			"loop": true,
			"animation_length": 1,
			"bones": {
			"root": {
					"rotation": [0.0, "query.camera_rotation(1) - query.body_y_rotation + 180", 0.0]
				},
				"glyph": {
					"position": {
						"0.0": [28, -14, 14],
						"0.0417": {
							"pre": [28, -14, 14],
							"post": [-54, 21, 14]
						},
						"0.0833": {
							"pre": [-54, 21, 14],
							"post": [-13, 40, 14]
						},
						"0.125": {
							"pre": [-13, 40, 14],
							"post": [31, 25, 14]
						},
						"0.1667": {
							"pre": [31, 25, 14],
							"post": [-12, -25, 14]
						},
						"0.2083": {
							"pre": [-12, -25, 14],
							"post": [36, -25, 14]
						},
						"0.25": {
							"pre": [36, -25, 14],
							"post": [-33, -4, 14]
						},
						"0.2917": {
							"pre": [-33, -4, 14],
							"post": [2, 17, 14]
						},
						"0.3333": {
							"pre": [2, 17, 14],
							"post": [28, -14, 14]
						},
						"0.375": {
							"pre": [28, -14, 14],
							"post": [-54, 21, 14]
						},
						"0.4167": {
							"pre": [-54, 21, 14],
							"post": [-13, 40, 14]
						},
						"0.4583": {
							"pre": [-13, 40, 14],
							"post": [31, 25, 14]
						},
						"0.5": {
							"pre": [31, 25, 14],
							"post": [-12, -25, 14]
						},
						"0.5417": {
							"pre": [-12, -25, 14],
							"post": [36, -25, 14]
						},
						"0.5833": {
							"pre": [36, -25, 14],
							"post": [-33, -4, 14]
						},
						"0.625": {
							"pre": [-33, -4, 14],
							"post": [2, 17, 14]
						},
						"0.6667": {
							"pre": [2, 17, 14],
							"post": [28, -14, 14]
						},
						"0.7083": {
							"pre": [28, -14, 14],
							"post": [-54, 21, 14]
						},
						"0.75": {
							"pre": [-54, 21, 14],
							"post": [-13, 40, 14]
						},
						"0.7917": {
							"pre": [-13, 40, 14],
							"post": [31, 25, 14]
						},
						"0.8333": {
							"pre": [31, 25, 14],
							"post": [-12, -25, 14]
						},
						"0.875": {
							"pre": [-12, -25, 14],
							"post": [36, -25, 14]
						},
						"0.9167": {
							"pre": [36, -25, 14],
							"post": [-33, -4, 14]
						},
						"0.9583": {
							"pre": [-33, -4, 14],
							"post": [2, 17, 14]
						},
						"1.0": {
							"pre": [2, 17, 14],
							"post": [-54, 21, 14]
						}
					}
				}
			}
		},
		"animation.a90_attack": {
			"loop": false,
			"animation_length": 0.58333,
			"anim_time_update" : "query.anim_time + query.delta_time * 0.7",
			"bones": {
				"caught": {
					"position": {
						"0.0": [-1, 1, 0],
						"0.0833": {
							"pre": [-1, 1, 0],
							"post": [1, -1, 0]
						},
						"0.1667": {
							"pre": [1, -1, 0],
							"post": [1, 1, 0]
						},
						"0.25": {
							"pre": [1, 1, 0],
							"post": [-1, -1, 0]
						},
						"0.3333": {
							"pre": [-1, -1, 0],
							"post": [-1, 1, 0]
						},
						"0.4167": {
							"pre": [-1, 1, 0],
							"post": [1, -1, 0]
						},
						"0.5": {
							"pre": [1, -1, 0],
							"post": [1, 1, 0]
						},
						"0.5833": {
							"pre": [1, 1, 0],
							"post": [-1, -1, 0]
						}
					}
				},
				"alert": {
					"scale": [0, 0, 0]
				},
				"stop": {
					"scale": [0, 0, 0]
				}
			}
		},
		"animation.a90_wait": {
			"animation_length": 10,
			"loop": true,
			"anim_time_update" : "query.anim_time + query.delta_time * 0.85",
			"bones": {
				"alert": {
					"position": {
						"0.0": [0, 0, 0],
						"0.0833": [-16, 6, 0]
					},
					"scale": {
						"0.0": [0, 0, 0],
						"0.0833": {"pre": [0, 0, 0], "post": [1, 1, 1]},
						"0.5": {"pre": [1, 1, 1], "post": [0, 0, 0]}
					}
				},
				"stop": {
					"scale": {
						"0.0": [0, 0, 0],
						"0.5": {"pre": [0, 0, 0], "post": [1, 1, 1]},
						"0.5417": {"pre": [1, 1, 1], "post": [0, 0, 0]},
						"0.5833": {"pre": [0, 0, 0], "post": [1, 1, 1]},
						"0.625": {"pre": [1, 1, 1], "post": [0, 0, 0]},
						"0.6667": {"pre": [0, 0, 0], "post": [1, 1, 1]},
						"3.5": {"pre": [1, 1, 1], "post": [0, 0, 0]}
					}
				},
				"caught": {
					"scale": [0, 0, 0]
				}
			}
		}
	}
}