{
	"format_version": "1.8.0",
	"animations": {
		"animation.crucifix.activate_extended": {
			"animation_length": 7,
			"bones": {
				"main": {
					"scale": {
						"0.0": {
							"post": [0, 1, 0],
							"lerp_mode": "catmullrom"
						},
						"0.25": [1, 1, 1],
						"6.0": [1, 1, 1],
						"6.25": [0, 1, 0],
						"7.0": [0, 1, 0]
					}
				},
				"chains": {
					"rotation": {
						"0.0": {
							"post": [0, 0, 0],
							"lerp_mode": "catmullrom"
						},
						"7.0": {
							"post": [0, 1440, 0],
							"lerp_mode": "catmullrom"
						}
					}
				},
				"cross": {
					"rotation": {
						"0.0": {
							"post": [0, 0, 0],
							"lerp_mode": "catmullrom"
						},
						"1.0": {
							"post": [0, 360, 0],
							"lerp_mode": "catmullrom"
						},
						"3.0": {
							"post": [0, 1720, 0],
							"lerp_mode": "catmullrom"
						},
						"5.0": [0, 5760, 0],
						"6.5": [0, 6120, 0],
						"7.0": [0, 6120, 0]
					},
					"position": {
						"0.0": {
							"post": [0, -6, -12],
							"lerp_mode": "catmullrom"
						},
						"0.25": {
							"post": [0, -2, -4],
							"lerp_mode": "catmullrom"
						},
						"1.0": {
							"post": [0, 0, 0],
							"lerp_mode": "catmullrom"
						},
						"3.0": {
							"post": [0, 0, 0],
							"lerp_mode": "catmullrom"
						},
						"3.0417": [0, -0.20332, 0],
						"3.0833": [0, -0.65853, 0],
						"3.125": [0, -1.21201, 0],
						"3.1667": [0, -1.73211, 0],
						"3.2083": [0, -1.99834, 0],
						"3.25": [0, 0, 0],
						"3.2917": [0, 3.64983, -0.53118],
						"3.3333": [0, 5.82533, -1.518],
						"3.375": [0, 7.71484, -2.66519],
						"3.4167": [0, 9.43339, -3.87797],
						"3.4583": [0, 11.0247, -5.11041],
						"3.5": [0, 12.5107, -6.33485],
						"3.5417": [0, 13.90262, -7.53203],
						"3.5833": [0, 15.20703, -8.68692],
						"3.625": [0, 16.42653, -9.78669],
						"3.6667": [0, 17.56182, -10.81931],
						"3.7083": [0, 18.61108, -11.77316],
						"3.75": [0, 19.57127, -12.6358],
						"3.7917": [0, 20.43721, -13.39404],
						"3.8333": [0, 21.20179, -14.0331],
						"3.875": [0, 21.85507, -14.53588],
						"3.9167": [0, 22.38473, -14.8822],
						"3.9583": [0, 22.77395, -15.04687],
						"4.0": [0, 23, -15],
						"4.0417": [0, 22.93447, -14.36978],
						"4.0833": [0, 22.3727, -12.65698],
						"4.125": [0, 21.09863, -9.56354],
						"4.1667": [0, 18.74116, -4.72328],
						"4.2083": [0, 14.71223, 2.19515],
						"4.25": [0, 8.74089, 10.99386],
						"4.2917": [0, 2.73272, 20.08635],
						"4.3333": [0, -1.37691, 27.08363],
						"4.375": [0, -3.82682, 30.97099],
						"4.4167": [0, -5.19401, 32.14609],
						"4.4583": [0, -5.84661, 31.30503],
						"4.5": [0, -6, 29]
					},
					"scale": {
						"0.0": {
							"post": [0, 0, 0],
							"lerp_mode": "catmullrom"
						},
						"0.25": [1, 1, 1],
						"6.5": [1, 1, 1],
						"6.625": {
							"pre": [1.5, 1.5, 1.5],
							"post": [1.5, 1.5, 1.5],
							"lerp_mode": "catmullrom"
						},
						"6.8333": {
							"post": [1.5, 1.5, 1.5],
							"lerp_mode": "catmullrom"
						},
						"7.0": [0, 0, 0]
					}
				}
			},
			"sound_effects": {
				"0.2917": {
					"effect": "success"
				}
			},
			"particle_effects": {
				"0.2917": {
					"effect": "crucifix_blue",
					"locator": "particle_blue"
				},
				"5.5": {
					"effect": "guiding_light",
					"locator": "light_particle"
				}
			}
		}
	}
}