{
	"format_version": "1.8.0",
	"animations": {
		"animation.ic_dupe.activate": {
			"animation_length": 2,
			"bones": {
				"door": {
					"rotation": {
						"0.0": [0, 0, 0],
						"0.0417": [-0.00335, 2.40957, 0],
						"0.0833": [-0.00593, 6.38894, 0],
						"0.125": [-0.00769, 12.27857, 0],
						"0.1667": [-0.00862, 20.53735, 0],
						"0.2083": [-0.00871, 31.7932, 0],
						"0.25": [-0.00801, 46.84838, 0],
						"0.2917": [-0.00663, 66.39562, 0],
						"0.3333": [-0.00471, 89.28274, 0],
						"0.375": [-0.00243, 108.38112, 0],
						"0.4167": [0, 115, 0],
						"0.9583": [0.00195, 115, 0],
						"1.0": [0, 115, 0],
						"1.0417": [-0.00243, 108.38112, 0],
						"1.0833": [-0.00471, 89.28274, 0],
						"1.125": [-0.00663, 66.39562, 0],
						"1.1667": [-0.00801, 46.84838, 0],
						"1.2083": [-0.00871, 31.7932, 0],
						"1.25": [-0.00862, 20.53735, 0],
						"1.2917": [-0.00769, 12.27857, 0],
						"1.3333": [-0.00593, 6.38894, 0],
						"1.375": [-0.00335, 2.40957, 0],
						"1.4167": [0, 0, 0]
					}
				},
				"knob": {
					"rotation": {
						"0.0": [0, 0, 0],
						"0.125": [0, 0, 22.5],
						"1.2083": [0, 0, 22.5],
						"1.3333": [0, 0, 0]
					}
				},
				"dupe": {
					"rotation": {
						"0.0": [0, 0, 0],
						"0.4583": [0, 0, -10],
						"2.0": [0, 0, 0]
					},
					"position": {
						"0.0": {
							"post": [0, -28, 0],
							"lerp_mode": "catmullrom"
						},
						"0.2083": {
							"post": [0, -28, 0],
							"lerp_mode": "catmullrom"
						},
						"0.4583": {
							"post": [3, -1, 0],
							"lerp_mode": "catmullrom"
						},
						"2.0": {
							"post": [1, -1, 0],
							"lerp_mode": "catmullrom"
						}
					}
				}
			}
		}
	}
}