{
	"format_version": "1.8.0",
	"animations": {
	"animation.ic_figure.roar": {
			"loop": true,
			"animation_length": 4,
			"sound_effects": {
				"1.0": {
					"effect": "roar"
				}
			},
			"bones": {
				"head": {
					"rotation": {
						"0.0": {
							"post": [-5, 0, 0],
							"lerp_mode": "catmullrom"
						},
						"1.0": {
							"post": [-5.3191, 19.92067, -1.81694],
							"lerp_mode": "catmullrom"
						},
						"3.0833": {
							"post": [-5.51385, -24.89838, 2.3273],
							"lerp_mode": "catmullrom"
						},
						"4.0": {
							"post": [-5, 0, 0],
							"lerp_mode": "catmullrom"
						}
					},
					"scale": {
						"1.0": [1, 1, 1],
						"1.0417": [1.1, 1.1, 1.1],
						"1.0833": [1, 1, 1],
						"1.125": [1.1, 1.1, 1.1],
						"1.1667": [1, 1, 1],
						"1.2083": [1.1, 1.1, 1.1],
						"1.25": [1, 1, 1],
						"1.2917": [1.1, 1.1, 1.1],
						"1.3333": [1, 1, 1],
						"1.375": [1.1, 1.1, 1.1],
						"1.4167": [1, 1, 1],
						"1.4583": [1.1, 1.1, 1.1],
						"1.5": [1, 1, 1],
						"1.5417": [1.1, 1.1, 1.1],
						"1.5833": [1, 1, 1],
						"1.625": [1.1, 1.1, 1.1],
						"1.6667": [1, 1, 1],
						"1.7083": [1.1, 1.1, 1.1],
						"1.75": [1, 1, 1],
						"1.7917": [1.1, 1.1, 1.1],
						"1.8333": [1, 1, 1],
						"1.875": [1.1, 1.1, 1.1],
						"1.9167": [1, 1, 1],
						"1.9583": [1.1, 1.1, 1.1],
						"2.0": [1, 1, 1],
						"2.0417": [1.1, 1.1, 1.1],
						"2.0833": [1, 1, 1],
						"2.125": [1.1, 1.1, 1.1],
						"2.1667": [1, 1, 1],
						"2.2083": [1.1, 1.1, 1.1],
						"2.25": [1, 1, 1],
						"2.2917": [1.1, 1.1, 1.1],
						"2.3333": [1, 1, 1],
						"2.375": [1.1, 1.1, 1.1],
						"2.4167": [1, 1, 1],
						"2.4583": [1.1, 1.1, 1.1],
						"2.5": [1, 1, 1],
						"2.5417": [1.1, 1.1, 1.1],
						"2.5833": [1, 1, 1],
						"2.625": [1.1, 1.1, 1.1],
						"2.6667": [1, 1, 1],
						"2.7083": [1.1, 1.1, 1.1],
						"2.75": [1.1, 1.1, 1.1],
						"2.7917": [1, 1, 1],
						"2.8333": [1.1, 1.1, 1.1],
						"2.875": [1, 1, 1],
						"2.9167": [1.1, 1.1, 1.1],
						"2.9583": [1, 1, 1],
						"3.0": [1, 1, 1]
					}
				}
			}
		},
		"animation.ic_figure.move": {
			"loop": true,
			"animation_length": 2,
			"anim_time_update": "query.anim_time + query.delta_time * (query.ground_speed / 1.75)",
			"blend_weight": "query.has_target ? 1.0 : 1.0",
			"bones": {
				"waist": {
					"rotation": {
						"0.0": [15, 0, 0],
						"1.0": [15, 0, 0]
					},
					"position": {
						"0.0": [0, -1, 0],
						"0.5": [0, -2, 0],
						"0.7": [0, -3, 0],
						"1.0": [0, -1, 0],
						"1.025": [0, -1.01395, 0],
						"1.05": [0, -1.04777, 0],
						"1.3": [0, -1.65099, 0],
						"1.45": [0, -1.94094, 0],
						"1.5": [0, -2, 0],
						"1.525": [0, -2.03384, 0],
						"1.55": [0, -2.09225, 0],
						"1.575": [0, -2.18484, 0],
						"1.6": [0, -2.32907, 0],
						"1.625": [0, -2.56176, 0],
						"1.65": [0, -2.97977, 0],
						"1.675": [0, -3.64087, 0],
						"1.7": [0, -3.9416, 0],
						"1.725": [0, -4, 0],
						"1.75": [0, -3.93453, 0],
						"1.775": [0, -3.74621, 0],
						"1.8": [0, -3.45629, 0],
						"1.825": [0, -3.09141, 0],
						"1.85": [0, -2.68199, 0],
						"1.875": [0, -2.26061, 0],
						"1.9": [0, -1.85972, 0],
						"1.925": [0, -1.50951, 0],
						"1.95": [0, -1.23622, 0],
						"1.975": [0, -1.06106, 0],
						"2.0": [0, -1, 0]
					}
				},
				"waist2": {
					"rotation": {
						"0.0": {
							"post": [10, 0, 0],
							"lerp_mode": "catmullrom"
						},
						"1.0": {
							"post": [15, 0, 0],
							"lerp_mode": "catmullrom"
						},
						"2.0": {
							"post": [10, 0, 0],
							"lerp_mode": "catmullrom"
						}
					}
				},
				"leftLeg": {
					"rotation": {
						"0.0": {
							"post": [-10, 0, 0],
							"lerp_mode": "catmullrom"
						},
						"0.5": [-20, 0, 0],
						"1.0": {
							"pre": [-1.25, 0, 0],
							"post": [-1.25, 0, 0],
							"lerp_mode": "catmullrom"
						},
						"1.5": {
							"post": [30, 0, 0],
							"lerp_mode": "catmullrom"
						},
						"2.0": {
							"post": [-10, 0, 0],
							"lerp_mode": "catmullrom"
						}
					},
					"position": {
						"0.0": {
							"post": [0, 2, -2],
							"lerp_mode": "catmullrom"
						},
						"0.5": [0, -2, -1],
						"1.0": {
							"pre": [0, 0, -1],
							"post": [0, 0, -1],
							"lerp_mode": "catmullrom"
						},
						"1.5": {
							"post": [0, 1, 0],
							"lerp_mode": "catmullrom"
						},
						"2.0": {
							"post": [0, 2, -2],
							"lerp_mode": "catmullrom"
						}
					}
				},
				"leftLeg2": {
					"rotation": {
						"0.0": {
							"post": [7.5, 0, 0],
							"lerp_mode": "catmullrom"
						},
						"0.5": [-17.5, 0, 0],
						"1.0": {
							"pre": [0, 0, 0],
							"post": [0, 0, 0],
							"lerp_mode": "catmullrom"
						},
						"1.5": {
							"post": [-17.5, 0, 0],
							"lerp_mode": "catmullrom"
						},
						"2.0": {
							"post": [7.5, 0, 0],
							"lerp_mode": "catmullrom"
						}
					}
				},
				"leftLeg4": {
					"rotation": {
						"0.0": {
							"post": [10, 0, 0],
							"lerp_mode": "catmullrom"
						},
						"0.5": [32.5, 0, 0],
						"1.0": {
							"pre": [1.25, 0, 0],
							"post": [1.25, 0, 0],
							"lerp_mode": "catmullrom"
						},
						"1.5": {
							"post": [15, 0, 0],
							"lerp_mode": "catmullrom"
						},
						"2.0": {
							"post": [10, 0, 0],
							"lerp_mode": "catmullrom"
						}
					}
				},
				"rightLeg": {
					"rotation": {
						"0.0": {
							"post": [-1.25, 0, 0],
							"lerp_mode": "catmullrom"
						},
						"0.5": {
							"post": [25, 0, 0],
							"lerp_mode": "catmullrom"
						},
						"1.0": {
							"post": [-10, 0, 0],
							"lerp_mode": "catmullrom"
						},
						"1.5": [-20, 0, 0],
						"2.0": {
							"pre": [-1.25, 0, 0],
							"post": [-1.25, 0, 0],
							"lerp_mode": "catmullrom"
						}
					},
					"position": {
						"0.0": {
							"post": [0, 0, -1],
							"lerp_mode": "catmullrom"
						},
						"0.5": {
							"post": [0, 1, 0],
							"lerp_mode": "catmullrom"
						},
						"1.0": {
							"post": [0, 2, -2],
							"lerp_mode": "catmullrom"
						},
						"1.5": [0, -2, -1],
						"2.0": {
							"pre": [0, 0, -1],
							"post": [0, 0, -1],
							"lerp_mode": "catmullrom"
						}
					}
				},
				"rightLeg2": {
					"rotation": {
						"0.0": {
							"post": [0, 0, 0],
							"lerp_mode": "catmullrom"
						},
						"0.5": {
							"post": [10, 0, 0],
							"lerp_mode": "catmullrom"
						},
						"1.0": {
							"post": [7.5, 0, 0],
							"lerp_mode": "catmullrom"
						},
						"1.5": [-17.5, 0, 0],
						"2.0": {
							"pre": [0, 0, 0],
							"post": [0, 0, 0],
							"lerp_mode": "catmullrom"
						}
					}
				},
				"rightLeg4": {
					"rotation": {
						"0.0": {
							"post": [1.25, 0, 0],
							"lerp_mode": "catmullrom"
						},
						"0.5": {
							"post": [5, 0, 0],
							"lerp_mode": "catmullrom"
						},
						"1.0": {
							"post": [10, 0, 0],
							"lerp_mode": "catmullrom"
						},
						"1.5": [32.5, 0, 0],
						"2.0": {
							"pre": [1.25, 0, 0],
							"post": [1.25, 0, 0],
							"lerp_mode": "catmullrom"
						}
					}
				}
			},
			"sound_effects": {
				"0.55": {
					"effect": "step_1"
				},
				"1.55": {
					"effect": "step_2"
				}
			}
		},
		"animation.ic_figure.arms": {
			"loop": true,
			"animation_length": 2,
			"anim_time_update": "query.anim_time + query.delta_time * 0.5 * (query.has_target ? 1.2 : 1.0)",
			"blend_weight": "query.has_target ? 1.0 : 1.0",
			"bones": {
				"waist": {
					"position": {
						"0.0": {
							"post": [0, 0, 0],
							"lerp_mode": "catmullrom"
						},
						"1.0": {
							"post": [0, -0.25, 0],
							"lerp_mode": "catmullrom"
						},
						"2.0": {
							"post": [0, 0, 0],
							"lerp_mode": "catmullrom"
						}
					}
				},
				"head": {
					"rotation": {
						"0.0": {
							"post": [2.5, 0, 0],
							"lerp_mode": "catmullrom"
						},
						"0.625": {
							"post": [-5.17544, -14.94159, 1.3378],
							"lerp_mode": "catmullrom"
						},
						"1.25": {
							"post": [-5.07673, 9.96156, -0.88045],
							"lerp_mode": "catmullrom"
						},
						"2.0": {
							"post": [2.5, 0, 0],
							"lerp_mode": "catmullrom"
						}
					}
				},
				"leftArm": {
					"rotation": {
						"0.0": {
							"post": [-7.14664, -1.46408, -24.47416],
							"lerp_mode": "catmullrom"
						},
						"0.5": {
							"post": [32.86298, -9.07723, -35.27754],
							"lerp_mode": "catmullrom"
						},
						"1.0": {
							"post": [8.40125, -5.21063, -51.64902],
							"lerp_mode": "catmullrom"
						},
						"1.5": {
							"post": [-22.97103, 8.20874, -51.12237],
							"lerp_mode": "catmullrom"
						},
						"2.0": {
							"post": [-7.14664, -1.46408, -24.47416],
							"lerp_mode": "catmullrom"
						}
					}
				},
				"leftArm2": {
					"rotation": {
						"0.0": {
							"post": [-4.92442, 0.86717, 9.96271],
							"lerp_mode": "catmullrom"
						},
						"0.5": {
							"post": [-17.42442, 0.86717, 9.96271],
							"lerp_mode": "catmullrom"
						},
						"1.0": {
							"post": [-17.17604, 3.10042, 17.12725],
							"lerp_mode": "catmullrom"
						},
						"1.5": {
							"post": [-17.44493, 0.11802, 7.57749],
							"lerp_mode": "catmullrom"
						},
						"2.0": {
							"post": [-4.92442, 0.86717, 9.96271],
							"lerp_mode": "catmullrom"
						}
					}
				},
				"leftArm4": {
					"rotation": {
						"0.0": {
							"post": [10, 0, 0],
							"lerp_mode": "catmullrom"
						},
						"0.5": {
							"post": [-17.5, 0, 0],
							"lerp_mode": "catmullrom"
						},
						"1.0": {
							"post": [-54.23634, 5.188, 16.73634],
							"lerp_mode": "catmullrom"
						},
						"1.5": {
							"post": [-0.27269, 8.64738, 28.83844],
							"lerp_mode": "catmullrom"
						},
						"2.0": {
							"post": [10, 0, 0],
							"lerp_mode": "catmullrom"
						}
					}
				},
				"rightArm": {
					"rotation": {
						"0.0": {
							"post": [-10.85798, 9.57962, 31.2862],
							"lerp_mode": "catmullrom"
						},
						"0.5": {
							"post": [-22.03648, 3.45052, 40.79874],
							"lerp_mode": "catmullrom"
						},
						"1.0": {
							"post": [-12.99636, 8.64213, 41.88233],
							"lerp_mode": "catmullrom"
						},
						"1.5": {
							"post": [27.03648, 16.03643, 36.4619],
							"lerp_mode": "catmullrom"
						},
						"2.0": {
							"post": [-10.85798, 9.57962, 31.2862],
							"lerp_mode": "catmullrom"
						}
					}
				},
				"rightArm2": {
					"rotation": {
						"0.0": {
							"post": [9.85108, 1.72794, -9.85108],
							"lerp_mode": "catmullrom"
						},
						"0.5": {
							"post": [-5.14892, 1.72794, -9.85108],
							"lerp_mode": "catmullrom"
						},
						"1.0": {
							"post": [24.06156, 5.90638, -21.66096],
							"lerp_mode": "catmullrom"
						},
						"1.5": {
							"post": [9.58338, 2.81364, -14.80762],
							"lerp_mode": "catmullrom"
						},
						"2.0": {
							"post": [9.85108, 1.72794, -9.85108],
							"lerp_mode": "catmullrom"
						}
					}
				},
				"rightArm4": {
					"rotation": {
						"0.0": {
							"post": [-66.12501, -5.73576, -26.94093],
							"lerp_mode": "catmullrom"
						},
						"0.5": {
							"post": [-3.78223, -9.29798, -14.89149],
							"lerp_mode": "catmullrom"
						},
						"1.0": {
							"post": [9.68075, -2.27617, -28.11448],
							"lerp_mode": "catmullrom"
						},
						"1.5": {
							"post": [-21.96884, -5.52356, -16.7991],
							"lerp_mode": "catmullrom"
						},
						"2.0": {
							"post": [-66.12501, -5.73576, -26.94093],
							"lerp_mode": "catmullrom"
						}
					}
				},
				"leftLeg": {
					"rotation": [-10, 0, 0]
				},
				"leftLeg2": {
					"rotation": [27.5, 0, 0]
				},
				"leftLeg4": {
					"rotation": [-15, 0, 0]
				},
				"rightLeg": {
					"rotation": [-12.5, 0, 0]
				},
				"rightLeg2": {
					"rotation": [12.5, 0, 0]
				}
			}
		},
		"animation.ic_figure.anim1": {
			"animation_length": 9,
			"anim_time_update": "query.anim_time + query.delta_time * 0.77",
			"sound_effects": {
				"1.2": {
					"effect": "roar"
				},
				"2.3": {
					"effect": "step_1"
				},
				"2.55": {
					"effect": "step_2"
				},
				"2.97": {
					"effect": "step_1"
				},
				"3.47": {
					"effect": "step_2"
				},
				"3.97": {
					"effect": "step_1"
				},
				"4.0": {
					"effect": "growl"
				},
				"5.03": {
					"effect": "step_2"
				},
				"5.55": {
					"effect": "step_2"
				},
				"6.0": {
					"effect": "step_1"
				},
				"6.32": {
					"effect": "step_2"
				},
				"6.9": {
					"effect": "step_1"
				},
				"7.2": {
					"effect": "step_2"
				},
				"6.5": {
					"effect": "growl"
				}
			},
			"bones": {
				"body": {
					"rotation": {
						"0.0": [0, 72.5, 0],
						"2.0": [0, 72.5, 0],
						"2.75": [0, 37.5, 0],
						"3.2083": [0, 17.5, 0],
						"3.625": {
							"pre": [0, 17.5, 0],
							"post": [0, 17.5, 0],
							"lerp_mode": "catmullrom"
						},
						"4.5": {
							"post": [0, 90, 0],
							"lerp_mode": "catmullrom"
						},
						"5.3333": [0, 90, 0]
					},
					"position": {
						"0.0": [84, 0, 25],
						"2.0": [84, 0, 25],
						"2.75": {
							"pre": [-1, 0, -5],
							"post": [-1, 0, -5],
							"lerp_mode": "catmullrom"
						},
						"3.2083": {
							"post": [-13, 0, -48],
							"lerp_mode": "catmullrom"
						},
						"3.625": {
							"post": [9, 0, -72],
							"lerp_mode": "catmullrom"
						},
						"4.125": {
							"post": [28, 0, -89],
							"lerp_mode": "catmullrom"
						},
						"4.5": {
							"post": [28, 0, -89],
							"lerp_mode": "catmullrom"
						},
						"5.3333": {
							"post": [28, 0, -89],
							"lerp_mode": "catmullrom"
						},
						"6.6667": {
							"post": [-134, 0, -89],
							"lerp_mode": "catmullrom"
						},
						"9": {
							"post": [-134, 0, -89],
							"lerp_mode": "catmullrom"
						} 
					}
				},
				"waist": {
					"rotation": {
						"0.0": [0, 0, 0],
						"2.0": [0, 0, 0],
						"2.4167": {
							"pre": [15.63131, -14.33955, -2.49246],
							"post": [15.63131, -14.33955, -2.49246],
							"lerp_mode": "catmullrom"
						},
						"2.75": {
							"post": [20.63, -14.34, -2.49],
							"lerp_mode": "catmullrom"
						},
						"3.625": {
							"post": [20.63, -14.34, -2.49],
							"lerp_mode": "catmullrom"
						},
						"4.125": {
							"post": [12.89254, -9.4682, -1.33989],
							"lerp_mode": "catmullrom"
						},
						"4.5": {
							"post": [30, 0, 0],
							"lerp_mode": "catmullrom"
						},
						"4.875": {
							"post": [42.5, 0, 0],
							"lerp_mode": "catmullrom"
						},
						"5.125": {
							"post": [50, 0, 0],
							"lerp_mode": "catmullrom"
						},
						"5.5": {
							"post": [37.5, 0, 0],
							"lerp_mode": "catmullrom"
						},
						"9": {
							"post": [37.5, 0, 0],
							"lerp_mode": "catmullrom"
						} 
					},
					"position": {
						"0.0": [0, 0, 0],
						"2.0": [0, 0, 0],
						"2.1667": [0, -2, 0],
						"2.25": [0, -4.67, 0],
						"2.5": [0, -4.66, 0],
						"2.5833": [0, -6.64, 0],
						"2.6667": [0, -4.66, 0],
						"2.9167": [0, -4.47, 0],
						"3.0": [0, -6.77, 0],
						"3.0833": [0, -4.47, 0],
						"3.4583": [0, -6.39, 0],
						"3.5417": [0, -7.09, 0],
						"3.625": [0, -6.39, 0],
						"4.125": [0, -4, 0],
						"4.875": [0, -10, 0],
						"5.5": [0, -5, 0]
					}
				},
				"waist2": {
					"rotation": {
						"0.0": [0, 0, 0],
						"2.0": [0, 0, 0],
						"2.4167": {
							"pre": [10, 0, 0],
							"post": [10, 0, 0],
							"lerp_mode": "catmullrom"
						},
						"2.75": {
							"post": [9.96271, 0.86717, -4.92442],
							"lerp_mode": "catmullrom"
						},
						"3.625": {
							"post": [17.46, 0.87, -4.92],
							"lerp_mode": "catmullrom"
						},
						"4.125": {
							"post": [-0.04, 0.87, -4.92],
							"lerp_mode": "catmullrom"
						},
						"4.875": {
							"post": [4.96, 0.87, -4.92],
							"lerp_mode": "catmullrom"
						},
						"5.125": {
							"post": [9.96, 0.87, -4.92],
							"lerp_mode": "catmullrom"
						},
						"5.5": {
							"post": [12.46, 0.87, -4.92],
							"lerp_mode": "catmullrom"
						},
						"9": {
							"post": [12.46, 0.87, -4.92],
							"lerp_mode": "catmullrom"
						} 
					}
				},
				"leftArm": {
					"rotation": {
						"0.0": [0, 0, 0],
						"2.0": [0, 0, 0],
						"2.4167": {
							"pre": [-8.33676, -19.77064, -25.47613],
							"post": [-8.33676, -19.77064, -25.47613],
							"lerp_mode": "catmullrom"
						},
						"2.75": {
							"post": [-41.24868, -4.32179, -9.54967],
							"lerp_mode": "catmullrom"
						},
						"3.2083": {
							"post": [-39.8414, -12.46661, -19.1434],
							"lerp_mode": "catmullrom"
						},
						"3.625": {
							"post": [-36.18318, -21.74162, -31.49709],
							"lerp_mode": "catmullrom"
						},
						"4.125": {
							"post": [-18.68318, -21.74162, -31.49709],
							"lerp_mode": "catmullrom"
						},
						"4.5": {
							"post": [-45, 0, -22.5],
							"lerp_mode": "catmullrom"
						},
						"4.875": {
							"post": [-73.61364, -15.58394, 3.46295],
							"lerp_mode": "catmullrom"
						},
						"5.25": {
							"post": [-51.11, -15.58, 3.46],
							"lerp_mode": "catmullrom"
						},
						"5.5": {
							"post": [4.50599, -9.70092, -10.69155],
							"lerp_mode": "catmullrom"
						},
						"6.0": {
							"post": [12.00599, -9.70092, -10.69155],
							"lerp_mode": "catmullrom"
						},
						"6.5": {
							"post": [27.00599, -9.70092, -10.69155],
							"lerp_mode": "catmullrom"
						},
						"7.0": {
							"post": [12.00599, -9.70092, -10.69155],
							"lerp_mode": "catmullrom"
						},
						"9": {
							"post": [12.00599, -9.70092, -10.69155],
							"lerp_mode": "catmullrom"
						} 
					}
				},
				"leftArm2": {
					"rotation": {
						"0.0": [0, 0, 0],
						"2.0": [0, 0, 0],
						"2.4167": {
							"pre": [7.43656, -0.9762, -17.56344],
							"post": [7.43656, -0.9762, -17.56344],
							"lerp_mode": "catmullrom"
						},
						"2.75": {
							"post": [5.31847, -5.29571, 19.75386],
							"lerp_mode": "catmullrom"
						},
						"3.2083": {
							"post": [6.80423, -3.1622, -0.18803],
							"lerp_mode": "catmullrom"
						},
						"3.625": {
							"post": [5.31847, -5.29571, 19.75386],
							"lerp_mode": "catmullrom"
						},
						"4.125": {
							"post": [10.31847, -5.29571, 19.75386],
							"lerp_mode": "catmullrom"
						},
						"4.5": {
							"post": [-19.68153, -5.29571, 19.75386],
							"lerp_mode": "catmullrom"
						},
						"4.875": {
							"post": [-2.18153, -5.29571, 19.75386],
							"lerp_mode": "catmullrom"
						},
						"5.25": {
							"post": [-17.18153, -5.29571, 19.75386],
							"lerp_mode": "catmullrom"
						},
						"5.5": {
							"post": [18.48028, 1.79547, -1.62328],
							"lerp_mode": "catmullrom"
						},
						"6.0": {
							"post": [10.98028, 1.79547, -1.62328],
							"lerp_mode": "catmullrom"
						},
						"6.5": {
							"post": [23.48028, 1.79547, -1.62328],
							"lerp_mode": "catmullrom"
						},
						"7.0": {
							"post": [10.98028, 1.79547, -1.62328],
							"lerp_mode": "catmullrom"
						},
						"9": {
							"post": [10.98028, 1.79547, -1.62328],
							"lerp_mode": "catmullrom"
						} 
					}
				},
				"leftArm4": {
					"rotation": {
						"0.0": [0, 0, 0],
						"2.0": [0, 0, 0],
						"2.4167": {
							"pre": [0, 0, -30],
							"post": [0, 0, -30],
							"lerp_mode": "catmullrom"
						},
						"2.75": {
							"post": [0, 0, 25],
							"lerp_mode": "catmullrom"
						},
						"3.2083": {
							"post": [0, 0, 2.5],
							"lerp_mode": "catmullrom"
						},
						"4.125": {
							"post": [10, 0, 2.5],
							"lerp_mode": "catmullrom"
						},
						"4.5": {
							"post": [-32.5, 0, 2.5],
							"lerp_mode": "catmullrom"
						},
						"4.875": {
							"post": [-10, 0, 2.5],
							"lerp_mode": "catmullrom"
						},
						"5.25": {
							"post": [-50, 0, 2.5],
							"lerp_mode": "catmullrom"
						},
						"5.5": {
							"post": [32.5, 0, 2.5],
							"lerp_mode": "catmullrom"
						},
						"6.0": {
							"post": [20, 0, 2.5],
							"lerp_mode": "catmullrom"
						},
						"6.5": {
							"post": [-7.5, 0, 2.5],
							"lerp_mode": "catmullrom"
						},
						"7.0": {
							"post": [20, 0, 2.5],
							"lerp_mode": "catmullrom"
						},
						"9": {
							"post": [20, 0, 2.5],
							"lerp_mode": "catmullrom"
						} 
					}
				},
				"rightArm": {
					"rotation": {
						"0.0": [0, 0, 0],
						"2.0": [0, 0, 0],
						"2.4167": {
							"pre": [-60.65754, 33.08891, -12.0463],
							"post": [-60.65754, 33.08891, -12.0463],
							"lerp_mode": "catmullrom"
						},
						"2.75": {
							"post": [-12.26298, 36.65332, 2.5757],
							"lerp_mode": "catmullrom"
						},
						"3.2083": {
							"post": [-57.35022, 49.05041, -9.5811],
							"lerp_mode": "catmullrom"
						},
						"3.625": {
							"post": [-28.33211, 24.05818, 26.3326],
							"lerp_mode": "catmullrom"
						},
						"4.125": {
							"post": [-13.4957, 20.34133, 19.29435],
							"lerp_mode": "catmullrom"
						},
						"4.5": {
							"post": [-37.95506, 15.82552, 12.99264],
							"lerp_mode": "catmullrom"
						},
						"4.875": {
							"post": [-70.46, 15.83, 12.99],
							"lerp_mode": "catmullrom"
						},
						"5.25": {
							"post": [-41.80368, 10.89221, 7.18552],
							"lerp_mode": "catmullrom"
						},
						"5.5": {
							"post": [-1.32116, 10.96038, 9.73074],
							"lerp_mode": "catmullrom"
						},
						"6.0": {
							"post": [6.17884, 10.96038, 9.73074],
							"lerp_mode": "catmullrom"
						},
						"6.5": {
							"post": [-3.82116, 10.96038, 9.73074],
							"lerp_mode": "catmullrom"
						},
						"9": {
							"post": [-3.82116, 10.96038, 9.73074],
							"lerp_mode": "catmullrom"
						} 
					}
				},
				"rightArm2": {
					"rotation": {
						"0.0": [0, 0, 0],
						"2.0": [0, 0, 0],
						"2.4167": {
							"pre": [20, 0, 0],
							"post": [20, 0, 0],
							"lerp_mode": "catmullrom"
						},
						"2.75": {
							"post": [7.5, 0, 0],
							"lerp_mode": "catmullrom"
						},
						"3.2083": {
							"post": [7.5, 0, 0],
							"lerp_mode": "catmullrom"
						},
						"3.625": {
							"post": [-4.99527, 0.21782, 2.4905],
							"lerp_mode": "catmullrom"
						},
						"4.125": {
							"post": [-5, 0, 0],
							"lerp_mode": "catmullrom"
						},
						"4.5": {
							"post": [-27.5, 0, 0],
							"lerp_mode": "catmullrom"
						},
						"4.875": {
							"post": [-10, 0, 0],
							"lerp_mode": "catmullrom"
						},
						"5.25": {
							"post": [-37.5, 0, 0],
							"lerp_mode": "catmullrom"
						},
						"5.5": {
							"post": [19.8423, -2.55868, 7.05239],
							"lerp_mode": "catmullrom"
						},
						"6.0": {
							"post": [24.8423, -2.55868, 7.05239],
							"lerp_mode": "catmullrom"
						},
						"6.5": {
							"post": [7.3423, -2.55868, 7.05239],
							"lerp_mode": "catmullrom"
						},
						"9": {
							"post": [7.3423, -2.55868, 7.05239],
							"lerp_mode": "catmullrom"
						} 
					}
				},
				"rightArm4": {
					"rotation": {
						"0.0": [0, 0, 0],
						"2.0": [0, 0, 0],
						"2.4167": {
							"pre": [15, 0, 0],
							"post": [15, 0, 0],
							"lerp_mode": "catmullrom"
						},
						"2.75": {
							"post": [30, 0, 0],
							"lerp_mode": "catmullrom"
						},
						"3.2083": {
							"post": [30, 0, 0],
							"lerp_mode": "catmullrom"
						},
						"3.625": {
							"post": [2.5, 0, 0],
							"lerp_mode": "catmullrom"
						},
						"4.125": {
							"post": [2.4905, -0.21782, 4.99527],
							"lerp_mode": "catmullrom"
						},
						"4.5": {
							"post": [-35.0095, -0.21782, 4.99527],
							"lerp_mode": "catmullrom"
						},
						"4.875": {
							"post": [0.06557, -0.20793, -15.00487],
							"lerp_mode": "catmullrom"
						},
						"5.25": {
							"post": [-39.93443, -0.20793, -15.00487],
							"lerp_mode": "catmullrom"
						},
						"5.5": {
							"post": [40.06557, -0.20793, -15.00487],
							"lerp_mode": "catmullrom"
						},
						"6.0": {
							"post": [17.56557, -0.20793, -15.00487],
							"lerp_mode": "catmullrom"
						},
						"6.5": {
							"post": [32.56557, -0.20793, -15.00487],
							"lerp_mode": "catmullrom"
						},
						"9": {
							"post": [32.56557, -0.20793, -15.00487],
							"lerp_mode": "catmullrom"
						} 
					}
				},
				"head": {
					"rotation": {
						"0.0": [0, 0, 0],
						"2.0": [0, 0, 0],
						"2.4167": {
							"pre": [-3.83476, -24.97457, -2.75806],
							"post": [-3.83476, -24.97457, -2.75806],
							"lerp_mode": "catmullrom"
						},
						"2.75": {
							"post": [-3.83, -24.97, -2.76],
							"lerp_mode": "catmullrom"
						},
						"3.2083": {
							"post": [-14.51655, -6.01873, -1.97134],
							"lerp_mode": "catmullrom"
						},
						"3.75": {
							"post": [-14.52, -6.02, -1.97],
							"lerp_mode": "catmullrom"
						},
						"4.125": {
							"post": [-37.92902, 64.52512, -36.23674],
							"lerp_mode": "catmullrom"
						},
						"4.5": {
							"post": [-20.35179, -2.98599, -0.29004],
							"lerp_mode": "catmullrom"
						},
						"4.875": {
							"post": [-37.9517, 0.08677, 3.65607],
							"lerp_mode": "catmullrom"
						},
						"9": {
							"post": [-37.9517, 0.08677, 3.65607],
							"lerp_mode": "catmullrom"
						} 
					}
				},
				"leftLeg": {
					"rotation": {
						"0.0": [0, 0, 0],
						"1.75": [0, 0, 0],
						"2.0": [-40, 0, 0],
						"2.2917": [-50, 0, 0],
						"2.5833": [15, 0, 0],
						"2.9583": [-42.5, 0, 0],
						"3.2083": [-2.28, -25.25, -2.76],
						"3.4583": [7.48897, -51.21625, -1.72723],
						"4.0": [-32.51103, -51.21625, -1.72723],
						"4.25": [-31.12, -32.06, -4.69],
						"4.5": [-14.73809, -12.89404, -7.65021],
						"4.875": [25.26, -12.89, -7.65],
						"5.1667": [30.26, -12.89, -7.65],
						"5.3333": [22.76, -12.89, -7.65],
						"5.5": [-30.68766, -10.75883, -3.02852],
						"5.75": [-5.91, -9.5, -8.33],
						"6.0": [38.85903, -8.23638, -13.63495],
						"6.25": [-30.68766, -10.75883, -3.02852],
						"6.6667": [-5.91, -9.5, -8.33],
						"6.9167": [38.85903, -8.23638, -13.63495],
						"7.2083": [-30.68766, -10.75883, -3.02852],
						"7.4583": [-5.91, -9.5, -8.33],
						"7.7083": [38.85903, -8.23638, -13.63495]
					},
					"position": {
						"0.0": [0, 0, 0],
						"1.75": [0, 0, 0],
						"2.0": [0, 1, 0],
						"2.2917": [0, -4, 0],
						"2.5833": [0, -3, 0],
						"2.75": [0, -0.5, 0],
						"2.9583": [0, -4, 0],
						"3.2083": [0, -2, 0],
						"3.4583": [-2, -2, 0],
						"3.75": [-1, -0.5, 0],
						"4.0": [0, -3, 0],
						"4.25": [0, 0, -0.5],
						"4.5": [0, -3, -1],
						"4.875": [0, -7, -2],
						"5.1667": [0, -6, -2],
						"5.3333": [0, -1.5, -1.5],
						"5.4167": [0, -0.75, -1.25],
						"5.5": [0, -3, -1],
						"5.75": [0, -2, -2],
						"6.0": [0, -4, -1],
						"6.125": [0, -1.5, -1],
						"6.25": [0, -3, -1],
						"6.6667": [0, -2, -2],
						"6.9167": [0, -4, -1],
						"7.2083": [0, -3, -1],
						"7.4583": [0, -2, -2],
						"7.7083": [0, -4, -1]
					}
				},
				"leftLeg2": {
					"rotation": {
						"0.0": [0, 0, 0],
						"1.75": [0, 0, 0],
						"2.0": [22.5, 0, 0],
						"2.2917": [25, 0, 0],
						"2.5833": [35, 0, 0],
						"2.9583": [10, 0, 0],
						"3.4583": [20, 0, 0],
						"4.0": [2.5, 0, 0],
						"4.25": [-3.75, 0, 0],
						"4.5": [35, 0, 0],
						"4.875": [8.00409, 14.47751, 3.96713],
						"5.1667": [0.5, 14.48, 3.97],
						"5.5": [-9.5, 14.48, 3.97],
						"5.75": [16.75, 14.48, 3.97],
						"6.0": [18, 14.48, 3.97],
						"6.25": [-9.5, 14.48, 3.97],
						"6.6667": [16.75, 14.48, 3.97],
						"6.9167": [18, 14.48, 3.97],
						"7.2083": [-9.5, 14.48, 3.97],
						"7.4583": [16.75, 14.48, 3.97],
						"7.7083": [18, 14.48, 3.97]
					}
				},
				"leftLeg4": {
					"rotation": {
						"0.0": [0, 0, 0],
						"1.75": [0, 0, 0],
						"2.0": [37.5, 0, 0],
						"2.2917": [22.5, 0, 0],
						"2.5833": [30, 0, 0],
						"2.9583": [27.5, 0, 0],
						"3.4583": [10, 0, 0],
						"4.0": [32.5, 0, 0],
						"4.25": [45, 0, 0],
						"4.875": [37.5, 0, 0],
						"5.1667": [32.5, 0, 0]
					}
				},
				"rightLeg": {
					"rotation": {
						"0.0": [0, 0, 0],
						"1.75": [0, 0, 0],
						"2.0": [-17.5, 0, 0],
						"2.2917": [35, 0, 0],
						"2.5833": [-47.5, 0, 0],
						"2.75": [-10, 0, 0],
						"2.9583": [30, 0, 0],
						"3.2083": [6.81, -8.34, -11.11],
						"3.4583": [-41.37636, -16.68337, -22.2191],
						"4.0": [-27.01744, 38.39399, -7.53908],
						"4.5": [-27.02, 38.39, -7.54],
						"4.875": [-29.33132, 2.33087, 1.95644],
						"5.1667": [-24.33132, 2.33087, 1.95644],
						"5.5833": [45.66868, 2.33087, 1.95644],
						"5.8333": [-21.83, 2.33, 1.96],
						"6.0833": [-39.33, 2.33, 1.96],
						"6.3333": [45.66868, 2.33087, 1.95644],
						"6.75": [-21.83, 2.33, 1.96],
						"7.0": [-36.83, 2.33, 1.96],
						"7.2917": [45.66868, 2.33087, 1.95644],
						"7.5417": [-21.83, 2.33, 1.96],
						"7.7917": [-36.83, 2.33, 1.96]
					},
					"position": {
						"0.0": [0, 0, 0],
						"1.75": [0, 0, 0],
						"2.0": [0, 0, 0],
						"2.2917": [0, 0, 0],
						"2.4167": [0, 0, -1],
						"2.5833": [0, -4, 0],
						"2.75": [0, -2, 0],
						"2.9583": [0, -4, 0],
						"3.2083": [0, -1.5, -2],
						"3.4583": [0, -5, 0],
						"4.0": [0, -2, 0],
						"4.5": [0, -2, 0],
						"4.875": [0, -7, -1],
						"5.1667": [0, -7, -1],
						"5.5833": [0, -4, -1],
						"5.8333": [0, -3, -1],
						"5.9583": [0, -1.5, -1],
						"6.0833": [0, -4, -1],
						"6.2083": [0, -1, -1],
						"6.3333": [0, -4, -1],
						"6.75": [0, -3, -1],
						"7.0": [0, -4, -1],
						"7.1667": [0, -3, -1],
						"7.2917": [0, -4, -1],
						"7.5417": [0, -3, -1],
						"7.7917": [0, -4, -1]
					}
				},
				"rightLeg2": {
					"rotation": {
						"0.0": [0, 0, 0],
						"1.75": [0, 0, 0],
						"2.0": [0, 0, 0],
						"2.2917": [17.5, 0, 0],
						"2.5833": [17.5, 0, 0],
						"2.9583": [17.5, 0, 0],
						"3.4583": [17.35932, -2.24944, 7.15656],
						"3.75": [-10.14068, -2.24944, 7.15656],
						"4.5": [-10.14, -2.25, 7.16],
						"4.875": [-35.14, -2.25, 7.16],
						"5.1667": [-42.64, -2.25, 7.16],
						"5.5833": [-5.14, -2.25, 7.16],
						"5.8333": [39.86, -2.25, 7.16],
						"6.0833": [2.36, -2.25, 7.16],
						"6.3333": [-5.14, -2.25, 7.16],
						"6.75": [39.86, -2.25, 7.16],
						"7.0": [-5.14, -2.25, 7.16],
						"7.2917": [-5.14, -2.25, 7.16],
						"7.5417": [39.86, -2.25, 7.16],
						"7.7917": [-5.14, -2.25, 7.16]
					}
				},
				"rightLeg4": {
					"rotation": {
						"0.0": [0, 0, 0],
						"1.75": [0, 0, 0],
						"2.0": [0, 0, 0],
						"2.2917": [22.5, 0, 0],
						"2.5833": [22.5, 0, 0],
						"2.9583": [22.5, 0, 0],
						"3.4583": [22.48072, -0.95645, 2.30991],
						"3.75": [32.48072, -0.95645, 2.30991],
						"4.5": [32.48, -0.96, 2.31],
						"4.875": [49.43879, 8.59061, -5.78193],
						"5.1667": [66.93879, 8.59061, -5.78193],
						"5.5833": [39.43879, 8.59061, -5.78193],
						"6.0833": [34.43879, 8.59061, -5.78193],
						"6.3333": [39.43879, 8.59061, -5.78193],
						"7.0": [39.43879, 8.59061, -5.78193],
						"7.2917": [39.43879, 8.59061, -5.78193]
					}
				}
			}
		},
		"animation.ic_figure.jumpscare": {
			"animation_length": 1,
			"bones": {
				"waist": {
					"rotation": {
						"0.0": {
							"post": [17.5, 0, 0],
							"lerp_mode": "catmullrom"
						},
						"1.0": {
							"post": [17.5, 0, 0],
							"lerp_mode": "catmullrom"
						}
					}
				},
				"waist2": {
					"rotation": {
						"0.0": [0, 0, 0],
						"0.25": [-10, 0, 0],
						"0.6667": [-10, 0, 0],
						"0.75": [10, 0, 0]
					}
				},
				"head": {
					"rotation": {
						"0.0": {
							"post": [-17.5, 0, 0],
							"lerp_mode": "catmullrom"
						},
						"1.0": {
							"post": [-17.5, 0, 0],
							"lerp_mode": "catmullrom"
						}
					},
					"position": {
						"0.0": {
							"post": [0, 0, 0],
							"lerp_mode": "catmullrom"
						},
						"1.0": {
							"post": [0, 0, 0],
							"lerp_mode": "catmullrom"
						}
					},
					"scale": {
						"0.0": {
							"post": [1, 1, 1],
							"lerp_mode": "catmullrom"
						},
						"0.25": {
							"post": [1.1, 1.1, 1.1],
							"lerp_mode": "catmullrom"
						},
						"0.2917": {
							"post": [1, 1, 1],
							"lerp_mode": "catmullrom"
						},
						"0.3333": {
							"post": [1.1, 1.1, 1.1],
							"lerp_mode": "catmullrom"
						},
						"0.375": {
							"post": [1, 1, 1],
							"lerp_mode": "catmullrom"
						},
						"0.4167": {
							"post": [1.1, 1.1, 1.1],
							"lerp_mode": "catmullrom"
						},
						"0.4583": {
							"post": [1, 1, 1],
							"lerp_mode": "catmullrom"
						},
						"0.5": {
							"post": [1.1, 1.1, 1.1],
							"lerp_mode": "catmullrom"
						},
						"0.5417": {
							"post": [1, 1, 1],
							"lerp_mode": "catmullrom"
						},
						"0.5833": {
							"post": [1.1, 1.1, 1.1],
							"lerp_mode": "catmullrom"
						},
						"0.625": {
							"post": [1, 1, 1],
							"lerp_mode": "catmullrom"
						},
						"0.6667": {
							"post": [1.1, 1.1, 1.1],
							"lerp_mode": "catmullrom"
						},
						"0.7083": {
							"post": [1, 1, 1],
							"lerp_mode": "catmullrom"
						},
						"1.0": {
							"post": [1, 1, 1],
							"lerp_mode": "catmullrom"
						}
					}
				},
				"leftArm": {
					"rotation": {
						"0.0": {
							"post": [-86.01251, -44.22069, -1.75757],
							"lerp_mode": "catmullrom"
						},
						"0.25": [-86.54386, -34.24157, -0.92062],
						"0.75": [-104.04386, -34.24157, -0.92062]
					}
				},
				"leftArm2": {
					"rotation": {
						"0.0": {
							"post": [0, 0, 0],
							"lerp_mode": "catmullrom"
						},
						"0.25": [0, 0, 50],
						"0.75": [0, 0, 50]
					}
				},
				"leftArm4": {
					"rotation": {
						"0.0": {
							"post": [0, 0, 0],
							"lerp_mode": "catmullrom"
						},
						"0.25": [0, 0, 82.5],
						"0.75": [0, 0, 82.5]
					}
				},
				"rightArm": {
					"rotation": {
						"0.0": {
							"post": [-93.88581, 49.93505, -2.97576],
							"lerp_mode": "catmullrom"
						},
						"0.25": [-65.55415, 34.96683, -1.75226],
						"0.75": [-78.05415, 34.96683, -1.75226]
					}
				},
				"rightArm2": {
					"rotation": {
						"0.0": {
							"post": [0, 0, 0],
							"lerp_mode": "catmullrom"
						},
						"0.25": [0, 0, -45],
						"0.75": [0, 0, -45]
					}
				},
				"rightArm4": {
					"rotation": {
						"0.0": {
							"post": [0, 0, 0],
							"lerp_mode": "catmullrom"
						},
						"0.25": [0, 0, -60],
						"0.75": [0, 0, -60]
					}
				}
			}
		} 
	}
}