{
	"format_version": "1.8.0",
	"animations": {
		"animation.ic_seek_hand.reach": {
			"loop": true,
			"animation_length": 1.5,
			"bones": {
				"arm": {
					"rotation": {
						"0.0": [0, 15, 0],
						"0.0417": [0, 14.3842, 0],
						"0.0833": [0, 13.45172, 0],
						"0.125": [0, 12.14542, 0],
						"0.1667": [0, 10.41755, 0],
						"0.2083": [0, 8.25849, 0],
						"0.25": [0, 5.74331, 0],
						"0.3333": [0, 0.43474, 0],
						"0.375": [0, -1.92735, 0],
						"0.4167": [0, -3.93956, 0],
						"0.4583": [0, -5.59035, 0],
						"0.5": [0, -6.90993, 0],
						"0.5417": [0, -7.9391, 0],
						"0.5833": [0, -8.71995, 0],
						"0.625": [0, -9.28827, 0],
						"0.6667": [0, -9.67525, 0],
						"0.7083": [0, -9.9052, 0],
						"0.75": [0, -10, 0],
						"0.7917": [0, -9.95768, 0],
						"0.8333": [0, -9.74199, 0],
						"0.875": [0, -9.30326, 0],
						"0.9167": [0, -8.569, 0],
						"0.9583": [0, -7.42909, 0],
						"1.0": [0, -5.71462, 0],
						"1.0417": [0, -3.19581, 0],
						"1.0833": [0, 0.2458, 0],
						"1.125": [0, 4.08517, 0],
						"1.1667": [0, 7.37425, 0],
						"1.2083": [0, 9.8101, 0],
						"1.25": [0, 11.5513, 0],
						"1.2917": [0, 12.7929, 0],
						"1.3333": [0, 13.67016, 0],
						"1.375": [0, 14.27639, 0],
						"1.4167": [0, 14.67349, 0],
						"1.4583": [0, 14.90402, 0],
						"1.5": [0, 15, 0]
					}
				},
				"arm2": {
					"rotation": {
						"0.0": [0, 15, 0],
						"0.0417": [0, 14.34821, 0],
						"0.0833": [0, 13.21591, 0],
						"0.5417": [0, -3.30285, 0],
						"0.6667": [0, -7.63087, 0],
						"0.7083": [0, -8.85911, 0],
						"0.75": [0, -9.68, 0],
						"0.7917": [0, -9.19194, 0],
						"0.8333": [0, -8.14739, 0],
						"0.875": [0, -6.89845, 0],
						"1.2917": [0, 8.1994, 0],
						"1.4167": [0, 12.57026, 0],
						"1.4583": [0, 13.82011, 0],
						"1.5": [0, 14.67, 0]
					}
				},
				"hand": {
					"rotation": {
						"0.0": [0, 15, 0],
						"0.0417": [0, 14.46894, 0],
						"0.0833": [0, 13.54106, 0],
						"0.625": [0, -3.45905, 0],
						"0.75": [0, -7.63, 0],
						"0.7917": [0, -7.91637, 0],
						"0.8333": [0, -7.44117, 0],
						"0.875": [0, -6.67748, 0],
						"0.9167": [0, -5.74831, 0],
						"1.4583": [0, 11.18059, 0],
						"1.5": [0, 12.57, 0]
					}
				},
				"finger": {
					"rotation": {
						"0.0": {
							"post": [0, 0, 0],
							"lerp_mode": "catmullrom"
						},
						"0.75": {
							"post": [0, -20, 0],
							"lerp_mode": "catmullrom"
						},
						"1.5": {
							"post": [0, 0, 0],
							"lerp_mode": "catmullrom"
						}
					}
				},
				"finger2": {
					"rotation": {
						"0.0": {
							"post": [0, 0, 0],
							"lerp_mode": "catmullrom"
						},
						"0.75": {
							"post": [0, -20, 0],
							"lerp_mode": "catmullrom"
						},
						"1.5": {
							"post": [0, 0, 0],
							"lerp_mode": "catmullrom"
						}
					}
				},
				"finger3": {
					"rotation": {
						"0.0": {
							"post": [0, 0, 0],
							"lerp_mode": "catmullrom"
						},
						"0.75": {
							"post": [0, -20, 0],
							"lerp_mode": "catmullrom"
						},
						"1.5": {
							"post": [0, 0, 0],
							"lerp_mode": "catmullrom"
						}
					}
				},
				"finger4": {
					"rotation": {
						"0.0": {
							"post": [0, 0, 0],
							"lerp_mode": "catmullrom"
						},
						"0.75": {
							"post": [0, -20, 0],
							"lerp_mode": "catmullrom"
						},
						"1.5": {
							"post": [0, 0, 0],
							"lerp_mode": "catmullrom"
						}
					}
				},
				"finger5": {
					"rotation": {
						"0.0": {
							"post": [0, 0, 0],
							"lerp_mode": "catmullrom"
						},
						"0.75": {
							"post": [0, -20, 0],
							"lerp_mode": "catmullrom"
						},
						"1.5": {
							"post": [0, 0, 0],
							"lerp_mode": "catmullrom"
						}
					}
				}
			}
		}
	}
}