{
	"format_version": "1.8.0",
	"animations": {
		"animation.ic_seek.crucifix": {
			"loop": true,
			"animation_length": 2,
			"bones": {
				"waist": {
					"rotation": {
						"0.0": {
							"post": [-5, 0, 0],
							"lerp_mode": "catmullrom"
						},
						"2.0": {
							"post": [-5, 0, 0],
							"lerp_mode": "catmullrom"
						}
					}
				},
				"waist2": {
					"rotation": {
						"0.0": {
							"post": [-15, 0, 0],
							"lerp_mode": "catmullrom"
						},
						"2.0": {
							"post": [-15, 0, 0],
							"lerp_mode": "catmullrom"
						}
					}
				},
				"head": {
					"rotation": {
						"0.0": {
							"post": [0, 0, 0],
							"lerp_mode": "catmullrom"
						},
						"0.25": {
							"post": [-12.54624, 4.88119, -1.08482],
							"lerp_mode": "catmullrom"
						},
						"0.4167": {
							"post": [-12.68664, -9.76061, 2.18558],
							"lerp_mode": "catmullrom"
						},
						"0.5833": {
							"post": [-12.54624, 4.88119, -1.08482],
							"lerp_mode": "catmullrom"
						},
						"0.75": {
							"post": [-12.68664, -9.76061, 2.18558],
							"lerp_mode": "catmullrom"
						},
						"0.9167": {
							"post": [-12.54624, 4.88119, -1.08482],
							"lerp_mode": "catmullrom"
						},
						"1.0833": {
							"post": [-12.68664, -9.76061, 2.18558],
							"lerp_mode": "catmullrom"
						},
						"1.25": {
							"post": [-12.54624, 4.88119, -1.08482],
							"lerp_mode": "catmullrom"
						},
						"1.4167": {
							"post": [-12.68664, -9.76061, 2.18558],
							"lerp_mode": "catmullrom"
						},
						"1.5833": {
							"post": [-12.54624, 4.88119, -1.08482],
							"lerp_mode": "catmullrom"
						},
						"1.75": {
							"post": [-12.68664, -9.76061, 2.18558],
							"lerp_mode": "catmullrom"
						},
						"2.0": {
							"post": [0, 0, 0],
							"lerp_mode": "catmullrom"
						}
					}
				},
				"leftArm": {
					"rotation": {
						"0.0": {
							"post": [0, -70, -20],
							"lerp_mode": "catmullrom"
						},
						"2.0": {
							"post": [0, -70, -20],
							"lerp_mode": "catmullrom"
						}
					}
				},
				"leftArm2": {
					"rotation": {
						"0.0": {
							"post": [-2.38733, 1.29876, 9.91615],
							"lerp_mode": "catmullrom"
						},
						"0.1667": {
							"post": [-7.38733, 1.29876, 9.91615],
							"lerp_mode": "catmullrom"
						},
						"0.3333": {
							"post": [-2.38733, 1.29876, 9.91615],
							"lerp_mode": "catmullrom"
						},
						"0.5": {
							"post": [-7.38733, 1.29876, 9.91615],
							"lerp_mode": "catmullrom"
						},
						"0.6667": {
							"post": [-2.38733, 1.29876, 9.91615],
							"lerp_mode": "catmullrom"
						},
						"0.8333": {
							"post": [-7.38733, 1.29876, 9.91615],
							"lerp_mode": "catmullrom"
						},
						"1.0": {
							"post": [-2.38733, 1.29876, 9.91615],
							"lerp_mode": "catmullrom"
						},
						"1.1667": {
							"post": [-7.38733, 1.29876, 9.91615],
							"lerp_mode": "catmullrom"
						},
						"1.3333": {
							"post": [-2.38733, 1.29876, 9.91615],
							"lerp_mode": "catmullrom"
						},
						"1.5": {
							"post": [-7.38733, 1.29876, 9.91615],
							"lerp_mode": "catmullrom"
						},
						"1.6667": {
							"post": [-2.38733, 1.29876, 9.91615],
							"lerp_mode": "catmullrom"
						},
						"1.8333": {
							"post": [-7.38733, 1.29876, 9.91615],
							"lerp_mode": "catmullrom"
						},
						"2.0": {
							"post": [-2.38733, 1.29876, 9.91615],
							"lerp_mode": "catmullrom"
						}
					}
				},
				"rightArm": {
					"rotation": {
						"0.0": {
							"post": [19.67679, 53.10479, 41.13216],
							"lerp_mode": "catmullrom"
						},
						"2.0": {
							"post": [19.67679, 53.10479, 41.13216],
							"lerp_mode": "catmullrom"
						}
					}
				},
				"rightArm2": {
					"rotation": {
						"0.0": {
							"post": [-14.69157, -3.81024, -9.25249],
							"lerp_mode": "catmullrom"
						},
						"0.1667": {
							"post": [-22.19157, -3.81024, -9.25249],
							"lerp_mode": "catmullrom"
						},
						"0.3333": {
							"post": [-14.69157, -3.81024, -9.25249],
							"lerp_mode": "catmullrom"
						},
						"0.5": {
							"post": [-22.19157, -3.81024, -9.25249],
							"lerp_mode": "catmullrom"
						},
						"0.6667": {
							"post": [-14.69157, -3.81024, -9.25249],
							"lerp_mode": "catmullrom"
						},
						"0.8333": {
							"post": [-22.19157, -3.81024, -9.25249],
							"lerp_mode": "catmullrom"
						},
						"1.0": {
							"post": [-14.69157, -3.81024, -9.25249],
							"lerp_mode": "catmullrom"
						},
						"1.1667": {
							"post": [-22.19157, -3.81024, -9.25249],
							"lerp_mode": "catmullrom"
						},
						"1.3333": {
							"post": [-14.69157, -3.81024, -9.25249],
							"lerp_mode": "catmullrom"
						},
						"1.5": {
							"post": [-22.19157, -3.81024, -9.25249],
							"lerp_mode": "catmullrom"
						},
						"1.6667": {
							"post": [-14.69157, -3.81024, -9.25249],
							"lerp_mode": "catmullrom"
						},
						"1.8333": {
							"post": [-22.19157, -3.81024, -9.25249],
							"lerp_mode": "catmullrom"
						},
						"2.0": {
							"post": [-14.69157, -3.81024, -9.25249],
							"lerp_mode": "catmullrom"
						}
					}
				},
				"leftLeg": {
					"rotation": {
						"0.0": {
							"post": [0, -32.5, 0],
							"lerp_mode": "catmullrom"
						},
						"2.0": {
							"post": [0, -32.5, 0],
							"lerp_mode": "catmullrom"
						}
					}
				},
				"rightLeg": {
					"rotation": {
						"0.0": {
							"post": [0, 30, 0],
							"lerp_mode": "catmullrom"
						},
						"2.0": {
							"post": [0, 30, 0],
							"lerp_mode": "catmullrom"
						}
					}
				}
			}
		}
	}
}