{
	"format_version": "1.12.0",
	"minecraft:geometry": [
		{
			"description": {
				"identifier": "geometry.banbareena",
				"texture_width": 260,
				"texture_height": 260,
				"visible_bounds_width": 11,
				"visible_bounds_height": 18.5,
				"visible_bounds_offset": [0, 8.75, 0]
			},
			"bones": [
				{
					"name": "banban",
					"pivot": [0, 0, 0]
				},
				{
					"name": "part1",
					"parent": "banban",
					"pivot": [0, 123, 0]
				},
				{
					"name": "ad",
					"parent": "part1",
					"pivot": [0, 175, -2]
				},
				{
					"name": "mask",
					"parent": "ad",
					"pivot": [0, 159, -12],
					"cubes": [
						{"origin": [6, 232, -6], "size": [2, 3, 9], "uv": [0, 0]},
						{"origin": [17, 219, -5], "size": [2, 16, 8], "uv": [0, 0]},
						{"origin": [-21, 219, -5], "size": [2, 16, 8], "uv": [0, 0]},
						{"origin": [18, 175, -5], "size": [2, 44, 8], "uv": [0, 0]},
						{"origin": [-22, 175, -5], "size": [2, 44, 8], "uv": [0, 0]},
						{"origin": [-10, 232, -6], "size": [2, 3, 9], "uv": [0, 0]},
						{"origin": [5, 230, -6], "size": [2, 2, 9], "uv": [0, 0]},
						{"origin": [-9, 230, -6], "size": [2, 2, 9], "uv": [0, 0]},
						{"origin": [4, 228, -6], "size": [2, 2, 9], "uv": [0, 0]},
						{"origin": [-8, 228, -6], "size": [2, 2, 9], "uv": [0, 0]},
						{"origin": [2, 225, -6], "size": [2, 2, 9], "uv": [0, 0]},
						{"origin": [-6, 225, -6], "size": [2, 2, 9], "uv": [0, 0]},
						{"origin": [0, 224, -6], "size": [2, 2, 9], "uv": [0, 0]},
						{"origin": [-4, 224, -6], "size": [2, 2, 9], "uv": [0, 0]},
						{"origin": [-2, 223, -6], "size": [2, 2, 9], "uv": [0, 0]},
						{"origin": [-2, 222, -8], "size": [2, 2, 2], "uv": [0, 0]},
						{"origin": [0, 222, -10], "size": [2, 2, 2], "uv": [0, 0]},
						{"origin": [-4, 222, -10], "size": [2, 2, 2], "uv": [0, 0]},
						{"origin": [0, 221, -12], "size": [2, 2, 2], "uv": [0, 0]},
						{"origin": [-4, 221, -12], "size": [2, 2, 2], "uv": [0, 0]},
						{"origin": [0, 220, -13], "size": [2, 2, 2], "uv": [0, 0]},
						{"origin": [-4, 220, -13], "size": [2, 2, 2], "uv": [0, 0]},
						{"origin": [0, 218, -14], "size": [2, 2, 2], "uv": [0, 0]},
						{"origin": [-4, 218, -14], "size": [2, 2, 2], "uv": [0, 0]},
						{"origin": [0, 215, -15], "size": [2, 3, 2], "uv": [0, 0]},
						{"origin": [-4, 215, -15], "size": [2, 3, 2], "uv": [0, 0]},
						{"origin": [-4, 223, -8], "size": [2, 2, 2], "uv": [0, 0]},
						{"origin": [0, 223, -8], "size": [2, 2, 2], "uv": [0, 0]},
						{"origin": [2, 224, -8], "size": [2, 2, 2], "uv": [0, 0]},
						{"origin": [-6, 224, -8], "size": [2, 2, 2], "uv": [0, 0]},
						{"origin": [4, 226, -8], "size": [2, 2, 2], "uv": [0, 0]},
						{"origin": [-8, 226, -8], "size": [2, 2, 2], "uv": [0, 0]},
						{"origin": [5, 228, -8], "size": [2, 2, 2], "uv": [0, 0]},
						{"origin": [-9, 228, -8], "size": [2, 2, 2], "uv": [0, 0]},
						{"origin": [-8, 215, -14], "size": [2, 4, 2], "uv": [0, 0]},
						{"origin": [4, 219, -13], "size": [2, 4, 2], "uv": [0, 0]},
						{"origin": [-8, 219, -13], "size": [2, 4, 2], "uv": [0, 0]},
						{"origin": [9, 215, -12], "size": [2, 5, 2], "uv": [0, 0]},
						{"origin": [-13, 215, -12], "size": [2, 5, 2], "uv": [0, 0]},
						{"origin": [11, 215, -11], "size": [2, 5, 2], "uv": [0, 0]},
						{"origin": [-15, 215, -11], "size": [2, 5, 2], "uv": [0, 0]},
						{"origin": [13, 215, -10], "size": [2, 5, 2], "uv": [0, 0]},
						{"origin": [-17, 215, -10], "size": [2, 5, 2], "uv": [0, 0]},
						{"origin": [15, 215, -8], "size": [2, 4, 2], "uv": [0, 0]},
						{"origin": [9, 220, -11], "size": [2, 5, 2], "uv": [0, 0]},
						{"origin": [-13, 220, -11], "size": [2, 5, 2], "uv": [0, 0]},
						{"origin": [11, 225, -9], "size": [2, 5, 2], "uv": [0, 0]},
						{"origin": [-15, 225, -9], "size": [2, 5, 2], "uv": [0, 0]},
						{"origin": [11, 230, -8], "size": [2, 5, 2], "uv": [0, 0]},
						{"origin": [-15, 230, -8], "size": [2, 5, 2], "uv": [0, 0]},
						{"origin": [11, 220, -10], "size": [2, 5, 2], "uv": [0, 0]},
						{"origin": [-15, 220, -10], "size": [2, 5, 2], "uv": [0, 0]},
						{"origin": [13, 220, -9], "size": [2, 5, 2], "uv": [0, 0]},
						{"origin": [15, 219, -8], "size": [2, 5, 2], "uv": [0, 0]},
						{"origin": [16, 219, -7], "size": [2, 5, 2], "uv": [0, 0]},
						{"origin": [-20, 219, -7], "size": [2, 5, 2], "uv": [0, 0]},
						{"origin": [16, 224, -6], "size": [2, 6, 1], "uv": [0, 0]},
						{"origin": [-20, 224, -6], "size": [2, 6, 1], "uv": [0, 0]},
						{"origin": [-17, 220, -9], "size": [2, 5, 2], "uv": [0, 0]},
						{"origin": [-19, 219, -8], "size": [2, 5, 2], "uv": [0, 0]},
						{"origin": [13, 220, -8], "size": [2, 15, 2], "uv": [0, 0]},
						{"origin": [15, 219, -7], "size": [2, 16, 2], "uv": [0, 0]},
						{"origin": [-19, 219, -7], "size": [2, 16, 2], "uv": [0, 0]},
						{"origin": [-17, 219, -8], "size": [2, 16, 2], "uv": [0, 0]},
						{"origin": [9, 225, -10], "size": [2, 4, 2], "uv": [0, 0]},
						{"origin": [-13, 225, -10], "size": [2, 4, 2], "uv": [0, 0]},
						{"origin": [9, 229, -9], "size": [2, 3, 2], "uv": [0, 0]},
						{"origin": [-13, 229, -9], "size": [2, 3, 2], "uv": [0, 0]},
						{"origin": [9, 232, -8], "size": [2, 3, 2], "uv": [0, 0]},
						{"origin": [-13, 232, -8], "size": [2, 3, 2], "uv": [0, 0]},
						{"origin": [6, 215, -13], "size": [3, 5, 2], "uv": [0, 0]},
						{"origin": [-11, 215, -13], "size": [3, 5, 2], "uv": [0, 0]},
						{"origin": [6, 224, -11], "size": [3, 2, 2], "uv": [0, 0]},
						{"origin": [-11, 224, -11], "size": [3, 2, 2], "uv": [0, 0]},
						{"origin": [7, 228, -9], "size": [2, 2, 2], "uv": [0, 0]},
						{"origin": [-11, 228, -9], "size": [2, 2, 2], "uv": [0, 0]},
						{"origin": [7, 230, -8], "size": [2, 2, 2], "uv": [0, 0]},
						{"origin": [-11, 230, -8], "size": [2, 2, 2], "uv": [0, 0]},
						{"origin": [7, 232, -7], "size": [2, 3, 2], "uv": [0, 0]},
						{"origin": [-11, 232, -7], "size": [2, 3, 2], "uv": [0, 0]},
						{"origin": [6, 226, -10], "size": [3, 2, 2], "uv": [0, 0]},
						{"origin": [-11, 226, -10], "size": [3, 2, 2], "uv": [0, 0]},
						{"origin": [6, 220, -12], "size": [3, 4, 2], "uv": [0, 0]},
						{"origin": [-11, 220, -12], "size": [3, 4, 2], "uv": [0, 0]},
						{"origin": [4, 214, -14], "size": [2, 5, 2], "uv": [0, 0]},
						{"origin": [4, 223, -12], "size": [2, 2, 2], "uv": [0, 0]},
						{"origin": [-8, 223, -12], "size": [2, 2, 2], "uv": [0, 0]},
						{"origin": [4, 225, -10], "size": [2, 2, 2], "uv": [0, 0]},
						{"origin": [-8, 225, -10], "size": [2, 2, 2], "uv": [0, 0]},
						{"origin": [2, 223, -10], "size": [2, 2, 2], "uv": [0, 0]},
						{"origin": [-6, 223, -10], "size": [2, 2, 2], "uv": [0, 0]},
						{"origin": [2, 222, -12], "size": [2, 2, 2], "uv": [0, 0]},
						{"origin": [-6, 222, -12], "size": [2, 2, 2], "uv": [0, 0]},
						{"origin": [2, 218, -14], "size": [2, 3, 2], "uv": [0, 0]},
						{"origin": [-6, 218, -14], "size": [2, 3, 2], "uv": [0, 0]},
						{"origin": [-6, 215, -15], "size": [2, 3, 2], "uv": [0, 0]},
						{"origin": [2, 215, -15], "size": [2, 3, 2], "uv": [0, 0]},
						{"origin": [2, 221, -13], "size": [2, 2, 2], "uv": [0, 0]},
						{"origin": [-6, 221, -13], "size": [2, 2, 2], "uv": [0, 0]},
						{"origin": [-2, 221, -10], "size": [2, 2, 2], "uv": [0, 0]},
						{"origin": [-2, 220, -12], "size": [2, 2, 2], "uv": [0, 0]},
						{"origin": [-2, 215, -14], "size": [2, 3, 2], "uv": [0, 0]},
						{"origin": [-4, 197, -16], "size": [6, 18, 2], "uv": [0, 0]},
						{"origin": [-5, 187, -16], "size": [8, 18, 2], "uv": [0, 0]},
						{"origin": [-5, 187, -17], "size": [8, 11, 3], "uv": [0, 0]},
						{"origin": [-5, 187, -18], "size": [8, 2, 1], "uv": [173, 110]},
						{"origin": [3, 188, -17], "size": [3, 1, 2], "uv": [173, 110]},
						{"origin": [-8, 188, -17], "size": [3, 1, 2], "uv": [173, 110]},
						{"origin": [6, 189, -16], "size": [2, 1, 1], "uv": [173, 110]},
						{"origin": [8, 190, -15], "size": [1, 2, 1], "uv": [173, 110]},
						{"origin": [-11, 190, -15], "size": [1, 2, 1], "uv": [173, 110]},
						{"origin": [-12, 192, -14], "size": [1, 3, 1], "uv": [173, 110]},
						{"origin": [9, 192, -14], "size": [1, 3, 1], "uv": [173, 110]},
						{"origin": [10, 195, -14], "size": [1, 2, 1], "uv": [173, 110]},
						{"origin": [-13, 195, -14], "size": [1, 2, 1], "uv": [173, 110]},
						{"origin": [11, 197, -13], "size": [2, 1, 1], "uv": [173, 110]},
						{"origin": [-15, 197, -13], "size": [2, 1, 1], "uv": [173, 110]},
						{"origin": [13, 187, -12], "size": [1, 10, 1], "uv": [173, 110]},
						{"origin": [-16, 187, -12], "size": [1, 10, 1], "uv": [173, 110]},
						{"origin": [-15, 186, -13], "size": [2, 1, 1], "uv": [173, 110]},
						{"origin": [11, 186, -13], "size": [2, 1, 1], "uv": [173, 110]},
						{"origin": [-13, 182, -14], "size": [2, 1, 1], "uv": [173, 110]},
						{"origin": [9, 182, -14], "size": [2, 1, 1], "uv": [173, 110]},
						{"origin": [-11, 180, -15], "size": [3, 1, 1], "uv": [173, 110]},
						{"origin": [6, 180, -15], "size": [3, 1, 1], "uv": [173, 110]},
						{"origin": [-8, 179, -16], "size": [3, 1, 1], "uv": [173, 110]},
						{"origin": [3, 179, -16], "size": [3, 1, 1], "uv": [173, 110]},
						{"origin": [-5, 178, -17], "size": [8, 1, 1], "uv": [173, 110]},
						{"origin": [-12, 181, -14], "size": [1, 2, 1], "uv": [173, 110]},
						{"origin": [9, 181, -14], "size": [1, 2, 1], "uv": [173, 110]},
						{"origin": [-14, 183, -13], "size": [1, 4, 1], "uv": [173, 110]},
						{"origin": [11, 183, -13], "size": [1, 4, 1], "uv": [173, 110]},
						{"origin": [-10, 189, -16], "size": [2, 1, 1], "uv": [173, 110]},
						{"origin": [-8, 188, -16], "size": [14, 9, 2], "uv": [0, 0]},
						{"origin": [-10, 189, -15], "size": [18, 7, 1], "uv": [0, 0]},
						{"origin": [-6, 197, -15], "size": [10, 6, 2], "uv": [0, 0]},
						{"origin": [-8, 188, -15], "size": [14, 14, 2], "uv": [0, 0]},
						{"origin": [-5, 209, -16], "size": [8, 6, 2], "uv": [0, 0]},
						{"origin": [-6, 211, -15], "size": [10, 4, 2], "uv": [0, 0]},
						{"origin": [-8, 212, -15], "size": [14, 3, 2], "uv": [0, 0]},
						{"origin": [6, 213, -14], "size": [3, 2, 2], "uv": [0, 0]},
						{"origin": [-11, 213, -14], "size": [3, 2, 2], "uv": [0, 0]},
						{"origin": [6, 201, -12], "size": [3, 13, 3], "uv": [39, 93]},
						{"origin": [-11, 201, -12], "size": [3, 13, 3], "uv": [39, 93]},
						{"origin": [9, 201, -11], "size": [4, 13, 3], "uv": [39, 93]},
						{"origin": [11, 211, -13], "size": [1, 1, 2], "uv": [180, 106]},
						{"origin": [12, 212, -13], "size": [1, 1, 2], "uv": [180, 106]},
						{"origin": [-15, 212, -13], "size": [1, 1, 2], "uv": [180, 106]},
						{"origin": [-14, 211, -13], "size": [1, 1, 2], "uv": [180, 106]},
						{"origin": [-15, 201, -11], "size": [4, 13, 3], "uv": [39, 93]},
						{"origin": [2, 201, -12], "size": [4, 13, 3], "uv": [39, 93]},
						{"origin": [-8, 201, -12], "size": [4, 13, 3], "uv": [39, 93]},
						{"origin": [1, 201, -14], "size": [1, 13, 5], "uv": [39, 93]},
						{"origin": [-4, 201, -14], "size": [1, 13, 5], "uv": [39, 93]},
						{"origin": [4, 212, -13], "size": [2, 1, 4], "uv": [39, 93]},
						{"origin": [9, 212, -12], "size": [2, 1, 3], "uv": [39, 93]},
						{"origin": [9, 212, -12], "size": [2, 1, 3], "uv": [39, 93]},
						{"origin": [6, 189, -14], "size": [2, 12, 2], "uv": [0, 0]},
						{"origin": [-10, 189, -14], "size": [2, 12, 2], "uv": [0, 0]},
						{"origin": [8, 190, -14], "size": [1, 11, 2], "uv": [0, 0]},
						{"origin": [-11, 190, -14], "size": [3, 11, 2], "uv": [0, 0]},
						{"origin": [9, 212, -13], "size": [2, 3, 2], "uv": [0, 0]},
						{"origin": [-13, 212, -13], "size": [2, 3, 2], "uv": [0, 0]},
						{"origin": [9, 192, -13], "size": [1, 10, 2], "uv": [0, 0]},
						{"origin": [9, 195, -13], "size": [2, 7, 2], "uv": [0, 0]},
						{"origin": [-13, 195, -13], "size": [2, 7, 2], "uv": [0, 0]},
						{"origin": [-12, 192, -13], "size": [1, 10, 2], "uv": [0, 0]},
						{"origin": [11, 211, -12], "size": [2, 4, 2], "uv": [0, 0]},
						{"origin": [-15, 211, -12], "size": [2, 4, 2], "uv": [0, 0]},
						{"origin": [11, 197, -12], "size": [2, 6, 2], "uv": [0, 0]},
						{"origin": [11, 175, -12], "size": [2, 12, 2], "uv": [0, 0]},
						{"origin": [-15, 175, -12], "size": [2, 12, 2], "uv": [0, 0]},
						{"origin": [9, 175, -13], "size": [2, 8, 2], "uv": [0, 0]},
						{"origin": [-13, 175, -13], "size": [2, 8, 2], "uv": [0, 0]},
						{"origin": [6, 175, -14], "size": [3, 6, 2], "uv": [0, 0]},
						{"origin": [-11, 175, -14], "size": [3, 6, 2], "uv": [0, 0]},
						{"origin": [3, 175, -15], "size": [3, 5, 2], "uv": [0, 0]},
						{"origin": [-8, 175, -15], "size": [3, 5, 2], "uv": [0, 0]},
						{"origin": [-5, 175, -16], "size": [8, 4, 2], "uv": [0, 0]},
						{"origin": [-15, 197, -12], "size": [2, 6, 2], "uv": [0, 0]},
						{"origin": [12, 209, -12], "size": [1, 6, 2], "uv": [0, 0]},
						{"origin": [-15, 209, -12], "size": [1, 6, 2], "uv": [0, 0]},
						{"origin": [12, 199, -12], "size": [1, 6, 2], "uv": [0, 0]},
						{"origin": [-15, 199, -12], "size": [1, 6, 2], "uv": [0, 0]},
						{"origin": [15, 175, -10], "size": [2, 44, 2], "uv": [0, 0]},
						{"origin": [-19, 175, -10], "size": [2, 44, 2], "uv": [0, 0]},
						{"origin": [17, 175, -8], "size": [2, 44, 3], "uv": [0, 0]},
						{"origin": [-21, 175, -8], "size": [2, 44, 3], "uv": [0, 0]},
						{"origin": [13, 175, -11], "size": [2, 40, 2], "uv": [0, 0]},
						{"origin": [-17, 175, -11], "size": [2, 40, 2], "uv": [0, 0]},
						{"origin": [-2, 218, -13], "size": [2, 2, 2], "uv": [0, 0]},
						{"origin": [3, 226, -6], "size": [2, 2, 9], "uv": [0, 0]},
						{"origin": [-7, 226, -6], "size": [2, 2, 9], "uv": [0, 0]}
					]
				},
				{
					"name": "mask2",
					"parent": "mask",
					"pivot": [-0.71429, 215.34161, -2.3882],
					"rotation": [0, 180, 0],
					"cubes": [
						{"origin": [6, 232, -11], "size": [2, 3, 9], "uv": [0, 0]},
						{"origin": [17, 219, -10], "size": [2, 16, 8], "uv": [0, 0]},
						{"origin": [-21, 219, -10], "size": [2, 16, 8], "uv": [0, 0]},
						{"origin": [18, 175, -10], "size": [2, 44, 8], "uv": [0, 0]},
						{"origin": [-22, 175, -10], "size": [2, 44, 8], "uv": [0, 0]},
						{"origin": [-10, 232, -11], "size": [2, 3, 9], "uv": [0, 0]},
						{"origin": [5, 230, -11], "size": [2, 2, 9], "uv": [0, 0]},
						{"origin": [-9, 230, -11], "size": [2, 2, 9], "uv": [0, 0]},
						{"origin": [4, 228, -11], "size": [2, 2, 9], "uv": [0, 0]},
						{"origin": [-8, 228, -11], "size": [2, 2, 9], "uv": [0, 0]},
						{"origin": [2, 225, -11], "size": [2, 2, 9], "uv": [0, 0]},
						{"origin": [-6, 225, -11], "size": [2, 2, 9], "uv": [0, 0]},
						{"origin": [0, 224, -11], "size": [2, 2, 9], "uv": [0, 0]},
						{"origin": [-4, 224, -11], "size": [2, 2, 9], "uv": [0, 0]},
						{"origin": [-2, 223, -11], "size": [2, 2, 9], "uv": [0, 0]},
						{"origin": [-2, 222, -13], "size": [2, 2, 2], "uv": [0, 0]},
						{"origin": [0, 222, -15], "size": [2, 2, 2], "uv": [0, 0]},
						{"origin": [-4, 222, -15], "size": [2, 2, 2], "uv": [0, 0]},
						{"origin": [0, 221, -17], "size": [2, 2, 2], "uv": [0, 0]},
						{"origin": [-4, 221, -17], "size": [2, 2, 2], "uv": [0, 0]},
						{"origin": [0, 220, -18], "size": [2, 2, 2], "uv": [0, 0]},
						{"origin": [-4, 220, -18], "size": [2, 2, 2], "uv": [0, 0]},
						{"origin": [0, 218, -19], "size": [2, 2, 2], "uv": [0, 0]},
						{"origin": [-4, 218, -19], "size": [2, 2, 2], "uv": [0, 0]},
						{"origin": [0, 215, -20], "size": [2, 3, 2], "uv": [0, 0]},
						{"origin": [-4, 215, -20], "size": [2, 3, 2], "uv": [0, 0]},
						{"origin": [-4, 223, -13], "size": [2, 2, 2], "uv": [0, 0]},
						{"origin": [0, 223, -13], "size": [2, 2, 2], "uv": [0, 0]},
						{"origin": [2, 224, -13], "size": [2, 2, 2], "uv": [0, 0]},
						{"origin": [-6, 224, -13], "size": [2, 2, 2], "uv": [0, 0]},
						{"origin": [4, 226, -13], "size": [2, 2, 2], "uv": [0, 0]},
						{"origin": [-8, 226, -13], "size": [2, 2, 2], "uv": [0, 0]},
						{"origin": [5, 228, -13], "size": [2, 2, 2], "uv": [0, 0]},
						{"origin": [-9, 228, -13], "size": [2, 2, 2], "uv": [0, 0]},
						{"origin": [-8, 215, -19], "size": [2, 4, 2], "uv": [0, 0]},
						{"origin": [4, 219, -18], "size": [2, 4, 2], "uv": [0, 0]},
						{"origin": [-8, 219, -18], "size": [2, 4, 2], "uv": [0, 0]},
						{"origin": [9, 215, -17], "size": [2, 5, 2], "uv": [0, 0]},
						{"origin": [-13, 215, -17], "size": [2, 5, 2], "uv": [0, 0]},
						{"origin": [11, 215, -16], "size": [2, 5, 2], "uv": [0, 0]},
						{"origin": [-15, 215, -16], "size": [2, 5, 2], "uv": [0, 0]},
						{"origin": [13, 215, -15], "size": [2, 5, 2], "uv": [0, 0]},
						{"origin": [-17, 215, -15], "size": [2, 5, 2], "uv": [0, 0]},
						{"origin": [15, 215, -13], "size": [2, 4, 2], "uv": [0, 0]},
						{"origin": [9, 220, -16], "size": [2, 5, 2], "uv": [0, 0]},
						{"origin": [-13, 220, -16], "size": [2, 5, 2], "uv": [0, 0]},
						{"origin": [11, 225, -14], "size": [2, 5, 2], "uv": [0, 0]},
						{"origin": [-15, 225, -14], "size": [2, 5, 2], "uv": [0, 0]},
						{"origin": [11, 230, -13], "size": [2, 5, 2], "uv": [0, 0]},
						{"origin": [-15, 230, -13], "size": [2, 5, 2], "uv": [0, 0]},
						{"origin": [11, 220, -15], "size": [2, 5, 2], "uv": [0, 0]},
						{"origin": [-15, 220, -15], "size": [2, 5, 2], "uv": [0, 0]},
						{"origin": [13, 220, -14], "size": [2, 5, 2], "uv": [0, 0]},
						{"origin": [15, 219, -13], "size": [2, 5, 2], "uv": [0, 0]},
						{"origin": [16, 219, -12], "size": [2, 5, 2], "uv": [0, 0]},
						{"origin": [-20, 219, -12], "size": [2, 5, 2], "uv": [0, 0]},
						{"origin": [16, 224, -11], "size": [2, 6, 1], "uv": [0, 0]},
						{"origin": [-20, 224, -11], "size": [2, 6, 1], "uv": [0, 0]},
						{"origin": [-17, 220, -14], "size": [2, 5, 2], "uv": [0, 0]},
						{"origin": [-19, 219, -13], "size": [2, 5, 2], "uv": [0, 0]},
						{"origin": [13, 220, -13], "size": [2, 15, 2], "uv": [0, 0]},
						{"origin": [15, 219, -12], "size": [2, 16, 2], "uv": [0, 0]},
						{"origin": [-19, 219, -12], "size": [2, 16, 2], "uv": [0, 0]},
						{"origin": [-17, 219, -13], "size": [2, 16, 2], "uv": [0, 0]},
						{"origin": [9, 225, -15], "size": [2, 4, 2], "uv": [0, 0]},
						{"origin": [-13, 225, -15], "size": [2, 4, 2], "uv": [0, 0]},
						{"origin": [9, 229, -14], "size": [2, 3, 2], "uv": [0, 0]},
						{"origin": [-13, 229, -14], "size": [2, 3, 2], "uv": [0, 0]},
						{"origin": [9, 232, -13], "size": [2, 3, 2], "uv": [0, 0]},
						{"origin": [-13, 232, -13], "size": [2, 3, 2], "uv": [0, 0]},
						{"origin": [6, 215, -18], "size": [3, 5, 2], "uv": [0, 0]},
						{"origin": [-11, 215, -18], "size": [3, 5, 2], "uv": [0, 0]},
						{"origin": [6, 224, -16], "size": [3, 2, 2], "uv": [0, 0]},
						{"origin": [-11, 224, -16], "size": [3, 2, 2], "uv": [0, 0]},
						{"origin": [7, 228, -14], "size": [2, 2, 2], "uv": [0, 0]},
						{"origin": [-11, 228, -14], "size": [2, 2, 2], "uv": [0, 0]},
						{"origin": [7, 230, -13], "size": [2, 2, 2], "uv": [0, 0]},
						{"origin": [-11, 230, -13], "size": [2, 2, 2], "uv": [0, 0]},
						{"origin": [7, 232, -12], "size": [2, 3, 2], "uv": [0, 0]},
						{"origin": [-11, 232, -12], "size": [2, 3, 2], "uv": [0, 0]},
						{"origin": [6, 226, -15], "size": [3, 2, 2], "uv": [0, 0]},
						{"origin": [-11, 226, -15], "size": [3, 2, 2], "uv": [0, 0]},
						{"origin": [6, 220, -17], "size": [3, 4, 2], "uv": [0, 0]},
						{"origin": [-11, 220, -17], "size": [3, 4, 2], "uv": [0, 0]},
						{"origin": [4, 214, -19], "size": [2, 5, 2], "uv": [0, 0]},
						{"origin": [4, 223, -17], "size": [2, 2, 2], "uv": [0, 0]},
						{"origin": [-8, 223, -17], "size": [2, 2, 2], "uv": [0, 0]},
						{"origin": [4, 225, -15], "size": [2, 2, 2], "uv": [0, 0]},
						{"origin": [-8, 225, -15], "size": [2, 2, 2], "uv": [0, 0]},
						{"origin": [2, 223, -15], "size": [2, 2, 2], "uv": [0, 0]},
						{"origin": [-6, 223, -15], "size": [2, 2, 2], "uv": [0, 0]},
						{"origin": [2, 222, -17], "size": [2, 2, 2], "uv": [0, 0]},
						{"origin": [-6, 222, -17], "size": [2, 2, 2], "uv": [0, 0]},
						{"origin": [2, 218, -19], "size": [2, 3, 2], "uv": [0, 0]},
						{"origin": [-6, 218, -19], "size": [2, 3, 2], "uv": [0, 0]},
						{"origin": [-6, 215, -20], "size": [2, 3, 2], "uv": [0, 0]},
						{"origin": [2, 215, -20], "size": [2, 3, 2], "uv": [0, 0]},
						{"origin": [2, 221, -18], "size": [2, 2, 2], "uv": [0, 0]},
						{"origin": [-6, 221, -18], "size": [2, 2, 2], "uv": [0, 0]},
						{"origin": [-2, 221, -15], "size": [2, 2, 2], "uv": [0, 0]},
						{"origin": [-2, 220, -17], "size": [2, 2, 2], "uv": [0, 0]},
						{"origin": [-2, 215, -19], "size": [2, 3, 2], "uv": [0, 0]},
						{"origin": [-4, 197, -21], "size": [6, 18, 2], "uv": [0, 0]},
						{"origin": [-5, 187, -21], "size": [8, 18, 2], "uv": [0, 0]},
						{"origin": [-5, 175, -22], "size": [8, 23, 3], "uv": [0, 0]},
						{"origin": [-8, 175, -21], "size": [14, 22, 2], "uv": [0, 0]},
						{"origin": [-10, 175, -20], "size": [18, 21, 1], "uv": [0, 0]},
						{"origin": [-6, 197, -20], "size": [10, 6, 2], "uv": [0, 0]},
						{"origin": [-8, 188, -20], "size": [14, 14, 2], "uv": [0, 0]},
						{"origin": [-5, 204, -21], "size": [8, 11, 2], "uv": [0, 0]},
						{"origin": [-6, 211, -20], "size": [10, 4, 2], "uv": [0, 0]},
						{"origin": [-8, 201, -20], "size": [14, 14, 2], "uv": [0, 0]},
						{"origin": [6, 200, -19], "size": [3, 15, 2], "uv": [0, 0]},
						{"origin": [-11, 213, -19], "size": [3, 2, 2], "uv": [0, 0]},
						{"origin": [6, 201, -17], "size": [3, 13, 3], "uv": [39, 93]},
						{"origin": [-11, 201, -17], "size": [3, 13, 3], "uv": [39, 93]},
						{"origin": [9, 201, -16], "size": [4, 13, 3], "uv": [39, 93]},
						{"origin": [-15, 201, -16], "size": [4, 13, 3], "uv": [39, 93]},
						{"origin": [2, 201, -17], "size": [4, 13, 3], "uv": [39, 93]},
						{"origin": [-8, 201, -17], "size": [4, 13, 3], "uv": [39, 93]},
						{"origin": [1, 201, -19], "size": [1, 13, 5], "uv": [39, 93]},
						{"origin": [-4, 201, -19], "size": [1, 13, 5], "uv": [39, 93]},
						{"origin": [4, 212, -18], "size": [2, 1, 4], "uv": [39, 93]},
						{"origin": [9, 212, -17], "size": [2, 1, 3], "uv": [39, 93]},
						{"origin": [9, 212, -17], "size": [2, 1, 3], "uv": [39, 93]},
						{"origin": [6, 189, -19], "size": [2, 12, 2], "uv": [0, 0]},
						{"origin": [-10, 189, -19], "size": [2, 12, 2], "uv": [0, 0]},
						{"origin": [8, 176, -19], "size": [1, 25, 2], "uv": [0, 0]},
						{"origin": [-11, 181, -19], "size": [3, 33, 2], "uv": [0, 0]},
						{"origin": [9, 212, -18], "size": [2, 3, 2], "uv": [0, 0]},
						{"origin": [-13, 200, -18], "size": [2, 15, 2], "uv": [0, 0]},
						{"origin": [9, 192, -18], "size": [1, 10, 2], "uv": [0, 0]},
						{"origin": [9, 195, -18], "size": [2, 17, 2], "uv": [0, 0]},
						{"origin": [-13, 195, -18], "size": [2, 7, 2], "uv": [0, 0]},
						{"origin": [-12, 192, -18], "size": [1, 10, 2], "uv": [0, 0]},
						{"origin": [11, 200, -17], "size": [2, 15, 2], "uv": [0, 0]},
						{"origin": [-15, 211, -17], "size": [2, 4, 2], "uv": [0, 0]},
						{"origin": [11, 183, -17], "size": [2, 20, 2], "uv": [0, 0]},
						{"origin": [11, 175, -17], "size": [2, 12, 2], "uv": [0, 0]},
						{"origin": [-15, 175, -17], "size": [2, 25, 2], "uv": [0, 0]},
						{"origin": [9, 175, -18], "size": [2, 22, 2], "uv": [0, 0]},
						{"origin": [-13, 175, -18], "size": [2, 21, 2], "uv": [0, 0]},
						{"origin": [6, 175, -19], "size": [3, 6, 2], "uv": [0, 0]},
						{"origin": [-11, 175, -19], "size": [3, 6, 2], "uv": [0, 0]},
						{"origin": [3, 175, -20], "size": [3, 5, 2], "uv": [0, 0]},
						{"origin": [-8, 175, -20], "size": [3, 5, 2], "uv": [0, 0]},
						{"origin": [-5, 175, -21], "size": [8, 4, 2], "uv": [0, 0]},
						{"origin": [-15, 197, -17], "size": [2, 15, 2], "uv": [0, 0]},
						{"origin": [12, 209, -17], "size": [1, 6, 2], "uv": [0, 0]},
						{"origin": [-15, 209, -17], "size": [1, 6, 2], "uv": [0, 0]},
						{"origin": [12, 199, -17], "size": [1, 6, 2], "uv": [0, 0]},
						{"origin": [-15, 199, -17], "size": [1, 6, 2], "uv": [0, 0]},
						{"origin": [15, 175, -15], "size": [2, 44, 2], "uv": [0, 0]},
						{"origin": [-19, 175, -15], "size": [2, 44, 2], "uv": [0, 0]},
						{"origin": [17, 175, -13], "size": [2, 44, 3], "uv": [0, 0]},
						{"origin": [-21, 175, -13], "size": [2, 44, 3], "uv": [0, 0]},
						{"origin": [13, 175, -16], "size": [2, 40, 2], "uv": [0, 0]},
						{"origin": [-17, 175, -16], "size": [2, 40, 2], "uv": [0, 0]},
						{"origin": [-2, 218, -18], "size": [2, 2, 2], "uv": [0, 0]},
						{"origin": [3, 226, -11], "size": [2, 2, 9], "uv": [0, 0]},
						{"origin": [-7, 226, -11], "size": [2, 2, 9], "uv": [0, 0]}
					]
				},
				{
					"name": "bc",
					"parent": "ad",
					"pivot": [0, 159, -12],
					"cubes": [
						{"origin": [-5, 179, -14], "size": [8, 1, 2], "uv": [54, 112]},
						{"origin": [-5, 179, -12], "size": [8, 2, 2], "uv": [54, 112]},
						{"origin": [-5, 180, -11], "size": [8, 2, 2], "uv": [54, 112]},
						{"origin": [-5, 182, -10], "size": [8, 2, 2], "uv": [54, 112]},
						{"origin": [-5, 184, -11], "size": [8, 2, 2], "uv": [54, 112]},
						{"origin": [-5, 185, -12], "size": [8, 2, 2], "uv": [54, 112]},
						{"origin": [-5, 186, -14], "size": [8, 2, 2], "uv": [54, 112]}
					]
				},
				{
					"name": "bc2",
					"parent": "bc",
					"pivot": [-5, 183.07143, -11],
					"rotation": [0, 17.5, 22.5],
					"cubes": [
						{"origin": [-12, 179, -14], "size": [9, 1, 2], "uv": [54, 112]},
						{"origin": [-12, 179, -12], "size": [9, 2, 2], "uv": [54, 112]},
						{"origin": [-12, 180, -11], "size": [9, 2, 2], "uv": [54, 112]},
						{"origin": [-12, 182, -10], "size": [9, 2, 2], "uv": [54, 112]},
						{"origin": [-12, 184, -11], "size": [9, 2, 2], "uv": [54, 112]},
						{"origin": [-12, 185, -12], "size": [9, 2, 2], "uv": [54, 112]},
						{"origin": [-12, 186, -14], "size": [9, 2, 2], "uv": [54, 112]}
					]
				},
				{
					"name": "bc4",
					"parent": "bc",
					"pivot": [2, 183.07143, -11],
					"rotation": [5.94592, 18.93463, 156.11175],
					"cubes": [
						{"origin": [-6, 179, -14], "size": [10, 1, 2], "uv": [54, 112]},
						{"origin": [-6, 179, -12], "size": [10, 2, 2], "uv": [54, 112]},
						{"origin": [-6, 180, -11], "size": [10, 2, 2], "uv": [54, 112]},
						{"origin": [-6, 182, -10], "size": [10, 2, 2], "uv": [54, 112]},
						{"origin": [-6, 184, -11], "size": [10, 2, 2], "uv": [54, 112]},
						{"origin": [-6, 185, -12], "size": [10, 2, 2], "uv": [54, 112]},
						{"origin": [-6, 186, -14], "size": [10, 2, 2], "uv": [54, 112]}
					]
				},
				{
					"name": "bc5",
					"parent": "bc",
					"pivot": [9, 186.07143, -7],
					"rotation": [-9.96481, -0.28251, 109.18092],
					"cubes": [
						{"origin": [-3, 182, -10], "size": [14, 1, 2], "uv": [54, 112]},
						{"origin": [-3, 182, -8], "size": [14, 2, 2], "uv": [54, 112]},
						{"origin": [-3, 183, -7], "size": [14, 2, 2], "uv": [54, 112]},
						{"origin": [-3, 185, -6], "size": [14, 2, 2], "uv": [54, 112]},
						{"origin": [-3, 185, -10], "size": [1, 2, 6], "uv": [54, 112]},
						{"origin": [-3, 187, -7], "size": [14, 2, 2], "uv": [54, 112]},
						{"origin": [-3, 188, -8], "size": [14, 2, 2], "uv": [54, 112]},
						{"origin": [0, 189, -10], "size": [11, 2, 2], "uv": [54, 112]}
					]
				},
				{
					"name": "bc3",
					"parent": "bc",
					"pivot": [-10, 186.07143, -9],
					"rotation": [11.83587, 7.91698, 65.30426],
					"cubes": [
						{"origin": [-23, 183, -12], "size": [15, 0, 2], "uv": [54, 112]},
						{"origin": [-23, 182, -10], "size": [15, 2, 2], "uv": [54, 112]},
						{"origin": [-23, 183, -9], "size": [15, 2, 2], "uv": [54, 112]},
						{"origin": [-23, 185, -8], "size": [15, 2, 2], "uv": [54, 112]},
						{"origin": [-23, 187, -9], "size": [15, 2, 2], "uv": [54, 112]},
						{"origin": [-23, 188, -10], "size": [15, 2, 2], "uv": [54, 112]},
						{"origin": [-23, 189, -12], "size": [15, 2, 2], "uv": [54, 112]}
					]
				},
				{
					"name": "chapu3",
					"parent": "ad",
					"pivot": [-14.5, 226.5, -0.5],
					"cubes": [
						{"origin": [-10, 225, -3], "size": [2, 3, 6], "uv": [223, 27]},
						{"origin": [-20, 225, 2], "size": [2, 3, 3], "uv": [223, 27]},
						{"origin": [-20, 225, -5], "size": [2, 3, 3], "uv": [223, 27]},
						{"origin": [-11, 225, -5], "size": [2, 3, 3], "uv": [223, 27]},
						{"origin": [-11, 225, 2], "size": [2, 3, 3], "uv": [223, 27]},
						{"origin": [-12, 225, 3], "size": [2, 3, 3], "uv": [223, 27]},
						{"origin": [-19, 225, 3], "size": [2, 3, 3], "uv": [223, 27]},
						{"origin": [-19, 225, -6], "size": [2, 3, 3], "uv": [223, 27]},
						{"origin": [-12, 225, -6], "size": [2, 3, 3], "uv": [223, 27]},
						{"origin": [-17, 225, -7], "size": [5, 3, 3], "uv": [223, 27]},
						{"origin": [-17, 225, 4], "size": [5, 3, 3], "uv": [223, 27]},
						{"origin": [-21, 225, -3], "size": [2, 3, 6], "uv": [223, 27]}
					]
				},
				{
					"name": "chapu4",
					"parent": "chapu3",
					"pivot": [-27, 152, -11],
					"cubes": [
						{"origin": [-10, 228, -3], "size": [2, 3, 6], "uv": [205, 80]},
						{"origin": [-20, 228, 2], "size": [2, 3, 3], "uv": [205, 80]},
						{"origin": [-20, 228, -5], "size": [2, 3, 3], "uv": [205, 80]},
						{"origin": [-11, 228, -5], "size": [2, 3, 3], "uv": [205, 80]},
						{"origin": [-11, 228, 2], "size": [2, 3, 3], "uv": [205, 80]},
						{"origin": [-12, 228, 3], "size": [2, 3, 3], "uv": [205, 80]},
						{"origin": [-19, 228, 3], "size": [2, 3, 3], "uv": [205, 80]},
						{"origin": [-19, 228, -6], "size": [2, 3, 3], "uv": [205, 80]},
						{"origin": [-12, 228, -6], "size": [2, 3, 3], "uv": [205, 80]},
						{"origin": [-17, 228, -7], "size": [5, 3, 3], "uv": [205, 80]},
						{"origin": [-17, 228, 4], "size": [5, 3, 3], "uv": [205, 80]},
						{"origin": [-21, 228, -3], "size": [2, 3, 6], "uv": [205, 80]}
					]
				},
				{
					"name": "chapeu9",
					"parent": "chapu3",
					"pivot": [-27, 149, -11],
					"cubes": [
						{"origin": [-20, 231, -3], "size": [2, 3, 6], "uv": [202, 2]},
						{"origin": [-12, 231, -5], "size": [2, 3, 3], "uv": [202, 2]},
						{"origin": [-19, 231, -5], "size": [2, 3, 3], "uv": [202, 2]},
						{"origin": [-17, 231, -6], "size": [5, 3, 3], "uv": [202, 2]},
						{"origin": [-11, 231, -3], "size": [2, 3, 6], "uv": [202, 2]},
						{"origin": [-12, 231, 2], "size": [2, 3, 3], "uv": [202, 2]},
						{"origin": [-19, 231, 2], "size": [2, 3, 3], "uv": [202, 2]},
						{"origin": [-17, 231, 3], "size": [5, 3, 3], "uv": [202, 2]}
					]
				},
				{
					"name": "chapeu10",
					"parent": "chapeu9",
					"pivot": [-27, 149, -11],
					"cubes": [
						{"origin": [-20, 234, -3], "size": [2, 3, 6], "uv": [205, 103]},
						{"origin": [-12, 234, -5], "size": [2, 3, 3], "uv": [205, 103]},
						{"origin": [-19, 234, -5], "size": [2, 3, 3], "uv": [205, 103]},
						{"origin": [-17, 234, -6], "size": [5, 3, 3], "uv": [205, 103]},
						{"origin": [-11, 234, -3], "size": [2, 3, 6], "uv": [205, 103]},
						{"origin": [-12, 234, 2], "size": [2, 3, 3], "uv": [205, 103]},
						{"origin": [-19, 234, 2], "size": [2, 3, 3], "uv": [205, 103]},
						{"origin": [-17, 234, 3], "size": [5, 3, 3], "uv": [205, 103]}
					]
				},
				{
					"name": "chapeu11",
					"parent": "chapu3",
					"pivot": [-27, 149, -11],
					"cubes": [
						{"origin": [-19, 237, -3], "size": [2, 3, 6], "uv": [175, 6]},
						{"origin": [-12, 237, -3], "size": [2, 3, 6], "uv": [175, 6]},
						{"origin": [-17, 237, -5], "size": [5, 3, 3], "uv": [175, 6]},
						{"origin": [-17, 237, 2], "size": [5, 3, 3], "uv": [175, 6]},
						{"origin": [-18, 237, -4], "size": [7, 3, 2], "uv": [175, 6]},
						{"origin": [-18, 237, 2], "size": [7, 3, 2], "uv": [175, 6]}
					]
				},
				{
					"name": "chapeu12",
					"parent": "chapeu11",
					"pivot": [-27, 152, -11],
					"cubes": [
						{"origin": [-19, 240, -3], "size": [2, 3, 6], "uv": [195, 86]},
						{"origin": [-12, 240, -3], "size": [2, 3, 6], "uv": [195, 86]},
						{"origin": [-17, 240, -5], "size": [5, 3, 3], "uv": [195, 86]},
						{"origin": [-17, 240, 2], "size": [5, 3, 3], "uv": [195, 86]},
						{"origin": [-18, 240, -4], "size": [7, 3, 2], "uv": [195, 86]},
						{"origin": [-18, 240, 2], "size": [7, 3, 2], "uv": [195, 86]}
					]
				},
				{
					"name": "chapeu13",
					"parent": "chapeu11",
					"pivot": [-27, 149, -11],
					"cubes": [
						{"origin": [-18, 243, -3], "size": [2, 3, 6], "uv": [212, 6]},
						{"origin": [-13, 243, -3], "size": [2, 3, 6], "uv": [212, 6]},
						{"origin": [-17, 243, -4], "size": [5, 3, 3], "uv": [212, 6]},
						{"origin": [-17, 243, 1], "size": [5, 3, 3], "uv": [212, 6]}
					]
				},
				{
					"name": "chapeu14",
					"parent": "chapeu13",
					"pivot": [-27, 152, -11],
					"cubes": [
						{"origin": [-18, 246, -3], "size": [2, 3, 6], "uv": [206, 102]},
						{"origin": [-13, 246, -3], "size": [2, 3, 6], "uv": [206, 102]},
						{"origin": [-17, 246, -4], "size": [5, 3, 3], "uv": [206, 102]},
						{"origin": [-17, 246, 1], "size": [5, 3, 3], "uv": [206, 102]}
					]
				},
				{
					"name": "chapeu15",
					"parent": "chapeu13",
					"pivot": [-27, 155, -11],
					"cubes": [
						{"origin": [-18, 249, -3], "size": [2, 3, 6], "uv": [202, 26]},
						{"origin": [-13, 249, -3], "size": [2, 3, 6], "uv": [202, 26]},
						{"origin": [-17, 249, -4], "size": [5, 3, 3], "uv": [202, 26]},
						{"origin": [-17, 249, 1], "size": [5, 3, 3], "uv": [202, 26]}
					]
				},
				{
					"name": "chapeu16",
					"parent": "chapeu13",
					"pivot": [-27, 152, -11],
					"cubes": [
						{"origin": [-17, 252, -3], "size": [5, 3, 6], "uv": [203, 117]},
						{"origin": [-17, 258, -3], "size": [5, 3, 6], "uv": [202, 96]},
						{"origin": [-17, 255, -3], "size": [5, 3, 6], "uv": [202, 46]},
						{"origin": [-17, 260, -3], "size": [5, 5, 6], "inflate": -1, "uv": [204, 11]}
					]
				},
				{
					"name": "chapu2",
					"parent": "ad",
					"pivot": [12.5, 226.5, -0.5],
					"cubes": [
						{"origin": [17, 225, -3], "size": [2, 3, 6], "uv": [223, 27]},
						{"origin": [7, 225, 2], "size": [2, 3, 3], "uv": [223, 27]},
						{"origin": [7, 225, -5], "size": [2, 3, 3], "uv": [223, 27]},
						{"origin": [16, 225, -5], "size": [2, 3, 3], "uv": [223, 27]},
						{"origin": [16, 225, 2], "size": [2, 3, 3], "uv": [223, 27]},
						{"origin": [15, 225, 3], "size": [2, 3, 3], "uv": [223, 27]},
						{"origin": [8, 225, 3], "size": [2, 3, 3], "uv": [223, 27]},
						{"origin": [8, 225, -6], "size": [2, 3, 3], "uv": [223, 27]},
						{"origin": [15, 225, -6], "size": [2, 3, 3], "uv": [223, 27]},
						{"origin": [10, 225, -7], "size": [5, 3, 3], "uv": [223, 27]},
						{"origin": [10, 225, 4], "size": [5, 3, 3], "uv": [223, 27]},
						{"origin": [6, 225, -3], "size": [2, 3, 6], "uv": [223, 27]}
					]
				},
				{
					"name": "chapu5",
					"parent": "chapu2",
					"pivot": [0, 152, -11],
					"cubes": [
						{"origin": [17, 228, -3], "size": [2, 3, 6], "uv": [205, 80]},
						{"origin": [7, 228, 2], "size": [2, 3, 3], "uv": [205, 80]},
						{"origin": [7, 228, -5], "size": [2, 3, 3], "uv": [205, 80]},
						{"origin": [16, 228, -5], "size": [2, 3, 3], "uv": [205, 80]},
						{"origin": [16, 228, 2], "size": [2, 3, 3], "uv": [205, 80]},
						{"origin": [15, 228, 3], "size": [2, 3, 3], "uv": [205, 80]},
						{"origin": [8, 228, 3], "size": [2, 3, 3], "uv": [205, 80]},
						{"origin": [8, 228, -6], "size": [2, 3, 3], "uv": [205, 80]},
						{"origin": [15, 228, -6], "size": [2, 3, 3], "uv": [205, 80]},
						{"origin": [10, 228, -7], "size": [5, 3, 3], "uv": [205, 80]},
						{"origin": [10, 228, 4], "size": [5, 3, 3], "uv": [205, 80]},
						{"origin": [6, 228, -3], "size": [2, 3, 6], "uv": [205, 80]}
					]
				},
				{
					"name": "chapeu2",
					"parent": "chapu2",
					"pivot": [0, 149, -11],
					"cubes": [
						{"origin": [7, 231, -3], "size": [2, 3, 6], "uv": [202, 2]},
						{"origin": [15, 231, -5], "size": [2, 3, 3], "uv": [202, 2]},
						{"origin": [8, 231, -5], "size": [2, 3, 3], "uv": [202, 2]},
						{"origin": [10, 231, -6], "size": [5, 3, 3], "uv": [202, 2]},
						{"origin": [16, 231, -3], "size": [2, 3, 6], "uv": [202, 2]},
						{"origin": [15, 231, 2], "size": [2, 3, 3], "uv": [202, 2]},
						{"origin": [8, 231, 2], "size": [2, 3, 3], "uv": [202, 2]},
						{"origin": [10, 231, 3], "size": [5, 3, 3], "uv": [202, 2]}
					]
				},
				{
					"name": "chapeu3",
					"parent": "chapeu2",
					"pivot": [0, 149, -11],
					"cubes": [
						{"origin": [7, 234, -3], "size": [2, 3, 6], "uv": [205, 103]},
						{"origin": [15, 234, -5], "size": [2, 3, 3], "uv": [205, 103]},
						{"origin": [8, 234, -5], "size": [2, 3, 3], "uv": [205, 103]},
						{"origin": [10, 234, -6], "size": [5, 3, 3], "uv": [205, 103]},
						{"origin": [16, 234, -3], "size": [2, 3, 6], "uv": [205, 103]},
						{"origin": [15, 234, 2], "size": [2, 3, 3], "uv": [205, 103]},
						{"origin": [8, 234, 2], "size": [2, 3, 3], "uv": [205, 103]},
						{"origin": [10, 234, 3], "size": [5, 3, 3], "uv": [205, 103]}
					]
				},
				{
					"name": "chapeu4",
					"parent": "chapu2",
					"pivot": [0, 149, -11],
					"cubes": [
						{"origin": [8, 237, -3], "size": [2, 3, 6], "uv": [175, 6]},
						{"origin": [15, 237, -3], "size": [2, 3, 6], "uv": [175, 6]},
						{"origin": [10, 237, -5], "size": [5, 3, 3], "uv": [175, 6]},
						{"origin": [10, 237, 2], "size": [5, 3, 3], "uv": [175, 6]},
						{"origin": [9, 237, -4], "size": [7, 3, 2], "uv": [175, 6]},
						{"origin": [9, 237, 2], "size": [7, 3, 2], "uv": [175, 6]}
					]
				},
				{
					"name": "chapeu5",
					"parent": "chapeu4",
					"pivot": [0, 152, -11],
					"cubes": [
						{"origin": [8, 240, -3], "size": [2, 3, 6], "uv": [195, 86]},
						{"origin": [15, 240, -3], "size": [2, 3, 6], "uv": [195, 86]},
						{"origin": [10, 240, -5], "size": [5, 3, 3], "uv": [195, 86]},
						{"origin": [10, 240, 2], "size": [5, 3, 3], "uv": [195, 86]},
						{"origin": [9, 240, -4], "size": [7, 3, 2], "uv": [195, 86]},
						{"origin": [9, 240, 2], "size": [7, 3, 2], "uv": [195, 86]}
					]
				},
				{
					"name": "chapeu6",
					"parent": "chapeu4",
					"pivot": [0, 149, -11],
					"cubes": [
						{"origin": [9, 243, -3], "size": [2, 3, 6], "uv": [212, 6]},
						{"origin": [14, 243, -3], "size": [2, 3, 6], "uv": [212, 6]},
						{"origin": [10, 243, -4], "size": [5, 3, 3], "uv": [212, 6]},
						{"origin": [10, 243, 1], "size": [5, 3, 3], "uv": [212, 6]}
					]
				},
				{
					"name": "chapeu7",
					"parent": "chapeu6",
					"pivot": [0, 152, -11],
					"cubes": [
						{"origin": [9, 246, -3], "size": [2, 3, 6], "uv": [206, 102]},
						{"origin": [14, 246, -3], "size": [2, 3, 6], "uv": [206, 102]},
						{"origin": [10, 246, -4], "size": [5, 3, 3], "uv": [206, 102]},
						{"origin": [10, 246, 1], "size": [5, 3, 3], "uv": [206, 102]}
					]
				},
				{
					"name": "chapeu8",
					"parent": "chapeu6",
					"pivot": [0, 155, -11],
					"cubes": [
						{"origin": [9, 249, -3], "size": [2, 3, 6], "uv": [202, 26]},
						{"origin": [14, 249, -3], "size": [2, 3, 6], "uv": [202, 26]},
						{"origin": [10, 249, -4], "size": [5, 3, 3], "uv": [202, 26]},
						{"origin": [10, 249, 1], "size": [5, 3, 3], "uv": [202, 26]}
					]
				},
				{
					"name": "chapeu17",
					"parent": "chapeu6",
					"pivot": [0, 152, -11],
					"cubes": [
						{"origin": [10, 252, -3], "size": [5, 3, 6], "uv": [203, 117]},
						{"origin": [10, 258, -3], "size": [5, 3, 6], "uv": [202, 96]},
						{"origin": [10, 255, -3], "size": [5, 3, 6], "uv": [202, 46]},
						{"origin": [10, 260, -3], "size": [5, 5, 6], "inflate": -1, "uv": [204, 11]}
					]
				},
				{
					"name": "eye",
					"parent": "ad",
					"pivot": [0, 159, -12],
					"cubes": [
						{"origin": [3, 205, -13], "size": [9, 4, 2], "uv": [206, 182]},
						{"origin": [4, 203, -13], "size": [7, 8, 2], "uv": [206, 182]},
						{"origin": [6, 203, -14], "size": [3, 8, 2], "uv": [206, 182]},
						{"origin": [5, 204, -14], "size": [5, 6, 2], "uv": [206, 182]},
						{"origin": [4, 205, -14], "size": [7, 4, 2], "uv": [206, 182]},
						{"origin": [6, 202, -13], "size": [3, 10, 2], "uv": [206, 182]}
					]
				},
				{
					"name": "black",
					"parent": "eye",
					"pivot": [0, 159, -12],
					"cubes": [
						{"origin": [5, 205, -15], "size": [5, 3, 1], "uv": [29, 111]},
						{"origin": [6, 204, -15], "size": [3, 5, 1], "uv": [29, 111]}
					]
				},
				{
					"name": "eye2",
					"parent": "ad",
					"pivot": [-17, 159, -12],
					"cubes": [
						{"origin": [-14, 205, -13], "size": [9, 4, 2], "uv": [206, 182]},
						{"origin": [-13, 203, -13], "size": [7, 8, 2], "uv": [206, 182]},
						{"origin": [-11, 203, -14], "size": [3, 8, 2], "uv": [206, 182]},
						{"origin": [-12, 204, -14], "size": [5, 6, 2], "uv": [206, 182]},
						{"origin": [-13, 205, -14], "size": [7, 4, 2], "uv": [206, 182]},
						{"origin": [-11, 202, -13], "size": [3, 10, 2], "uv": [206, 182]}
					]
				},
				{
					"name": "black2",
					"parent": "eye2",
					"pivot": [-17, 159, -12],
					"cubes": [
						{"origin": [-12, 205, -15], "size": [5, 3, 1], "uv": [29, 111]},
						{"origin": [-11, 204, -15], "size": [3, 5, 1], "uv": [29, 111]}
					]
				},
				{
					"name": "xuxa",
					"parent": "ad",
					"pivot": [10.93575, 231, -6.89144],
					"rotation": [-17.73112, 14.53982, 18.92399],
					"cubes": [
						{"origin": [6, 227, -9], "size": [10, 8, 4], "uv": [166, 102]},
						{"origin": [13, 227, -8], "size": [14, 8, 3], "pivot": [14, 231, -6.5], "rotation": [0, 5, 0], "uv": [166, 102]},
						{"origin": [13, 227, -8], "size": [14, 8, 3], "pivot": [14, 231, -6.5], "rotation": [0, 0, -17.5], "uv": [166, 102]},
						{"origin": [13, 227, -8], "size": [14, 8, 3], "pivot": [14, 231, -6.5], "rotation": [0, 0, 17.5], "uv": [166, 102]},
						{"origin": [7, 226, -9], "size": [8, 10, 4], "uv": [166, 102]},
						{"origin": [9, 225, -9], "size": [4, 12, 4], "uv": [166, 102]},
						{"origin": [9, 226, -10], "size": [4, 10, 6], "uv": [166, 102]},
						{"origin": [9, 227, -11], "size": [4, 8, 8], "uv": [166, 102]},
						{"origin": [7, 227, -10], "size": [8, 8, 6], "uv": [166, 102]}
					]
				},
				{
					"name": "xuxa2",
					"parent": "xuxa",
					"pivot": [10.93575, 231, -6.89144],
					"rotation": [0, 0, -180],
					"cubes": [
						{"origin": [6, 227, -9], "size": [10, 8, 4], "uv": [166, 102]},
						{"origin": [13, 227, -8], "size": [14, 8, 3], "pivot": [14, 231, -6.5], "rotation": [0, 5, 0], "uv": [166, 102]},
						{"origin": [13, 227, -8], "size": [14, 8, 3], "pivot": [14, 231, -6.5], "rotation": [0, 0, -17.5], "uv": [166, 102]},
						{"origin": [13, 227, -8], "size": [14, 8, 3], "pivot": [14, 231, -6.5], "rotation": [0, 0, 17.5], "uv": [166, 102]},
						{"origin": [7, 226, -9], "size": [8, 10, 4], "uv": [166, 102]},
						{"origin": [9, 225, -9], "size": [4, 12, 4], "uv": [166, 102]},
						{"origin": [9, 226, -10], "size": [4, 10, 6], "uv": [166, 102]},
						{"origin": [9, 227, -11], "size": [4, 8, 8], "uv": [166, 102]},
						{"origin": [7, 227, -10], "size": [8, 8, 6], "uv": [166, 102]}
					]
				},
				{
					"name": "corpo",
					"parent": "part1",
					"pivot": [0, 159, -12],
					"cubes": [
						{"origin": [20, 175, -5], "size": [3, 2, 10], "uv": [0, 0]},
						{"origin": [-24, 175, -8], "size": [3, 2, 3], "uv": [0, 0]},
						{"origin": [19, 175, -8], "size": [3, 2, 3], "uv": [0, 0]},
						{"origin": [-26, 174, -8], "size": [3, 2, 3], "uv": [0, 0]},
						{"origin": [21, 174, -8], "size": [3, 2, 3], "uv": [0, 0]},
						{"origin": [-24, 174, -10], "size": [3, 2, 3], "uv": [0, 0]},
						{"origin": [19, 174, -10], "size": [3, 2, 3], "uv": [0, 0]},
						{"origin": [-22, 174, -12], "size": [3, 2, 3], "uv": [0, 0]},
						{"origin": [17, 174, -12], "size": [3, 2, 3], "uv": [0, 0]},
						{"origin": [-20, 174, -14], "size": [4, 2, 3], "uv": [0, 0]},
						{"origin": [14, 174, -14], "size": [4, 2, 3], "uv": [0, 0]},
						{"origin": [-16, 174, -15], "size": [5, 2, 3], "uv": [0, 0]},
						{"origin": [9, 174, -15], "size": [5, 2, 3], "uv": [0, 0]},
						{"origin": [-11, 174, -16], "size": [20, 2, 3], "uv": [0, 0]},
						{"origin": [-8, 174, -17], "size": [14, 2, 3], "uv": [0, 0]},
						{"origin": [-8, 147, -19], "size": [14, 25, 3], "uv": [0, 0]},
						{"origin": [-8, 172, -18], "size": [14, 3, 3], "uv": [0, 0]},
						{"origin": [6, 172, -17], "size": [3, 3, 2], "uv": [0, 0]},
						{"origin": [-11, 172, -17], "size": [3, 3, 2], "uv": [0, 0]},
						{"origin": [6, 144, -18], "size": [3, 28, 2], "uv": [0, 0]},
						{"origin": [-11, 144, -18], "size": [17, 28, 2], "uv": [0, 0]},
						{"origin": [9, 144, -17], "size": [5, 28, 2], "uv": [0, 0]},
						{"origin": [-16, 144, -17], "size": [5, 28, 2], "uv": [0, 0]},
						{"origin": [14, 144, -16], "size": [4, 28, 2], "uv": [0, 0]},
						{"origin": [-20, 144, -16], "size": [4, 28, 2], "uv": [0, 0]},
						{"origin": [18, 144, -15], "size": [2, 28, 2], "uv": [0, 0]},
						{"origin": [-22, 144, -15], "size": [2, 28, 2], "uv": [0, 0]},
						{"origin": [-24, 144, -14], "size": [2, 28, 2], "uv": [0, 0]},
						{"origin": [-26, 144, -12], "size": [2, 28, 2], "uv": [0, 0]},
						{"origin": [-28, 144, -10], "size": [2, 28, 2], "uv": [0, 0]},
						{"origin": [-29, 144, -8], "size": [2, 28, 3], "uv": [0, 0]},
						{"origin": [-26, 138, -7], "size": [3, 3, 2], "uv": [0, 0]},
						{"origin": [21, 138, -7], "size": [3, 3, 2], "uv": [0, 0]},
						{"origin": [-28, 141, -8], "size": [2, 3, 3], "uv": [0, 0]},
						{"origin": [-26, 141, -10], "size": [2, 3, 2], "uv": [0, 0]},
						{"origin": [-24, 141, -12], "size": [2, 3, 2], "uv": [0, 0]},
						{"origin": [-22, 141, -14], "size": [2, 3, 2], "uv": [0, 0]},
						{"origin": [18, 141, -14], "size": [2, 3, 2], "uv": [0, 0]},
						{"origin": [20, 141, -12], "size": [2, 3, 2], "uv": [0, 0]},
						{"origin": [22, 141, -10], "size": [2, 3, 2], "uv": [0, 0]},
						{"origin": [24, 141, -8], "size": [2, 3, 3], "uv": [0, 0]},
						{"origin": [-20, 141, -15], "size": [4, 3, 2], "uv": [0, 0]},
						{"origin": [14, 141, -15], "size": [4, 3, 2], "uv": [0, 0]},
						{"origin": [-16, 141, -16], "size": [5, 3, 2], "uv": [0, 0]},
						{"origin": [9, 141, -16], "size": [5, 3, 2], "uv": [0, 0]},
						{"origin": [-11, 141, -17], "size": [20, 3, 2], "uv": [0, 0]},
						{"origin": [-14, 138, -15], "size": [26, 3, 2], "uv": [0, 0]},
						{"origin": [-15, 135, -13], "size": [28, 3, 2], "uv": [0, 0]},
						{"origin": [-16, 131, -11], "size": [30, 4, 2], "uv": [0, 0]},
						{"origin": [-17, 126, -9], "size": [32, 5, 2], "uv": [0, 0]},
						{"origin": [-17, 121, -7], "size": [32, 5, 2], "uv": [0, 0]},
						{"origin": [-19, 126, -7], "size": [36, 5, 2], "uv": [0, 0]},
						{"origin": [-21, 131, -7], "size": [40, 4, 2], "uv": [0, 0]},
						{"origin": [-23, 135, -7], "size": [44, 3, 2], "uv": [0, 0]},
						{"origin": [-24, 138, -9], "size": [46, 3, 2], "uv": [0, 0]},
						{"origin": [-21, 138, -11], "size": [40, 3, 2], "uv": [0, 0]},
						{"origin": [-18, 138, -13], "size": [34, 3, 2], "uv": [0, 0]},
						{"origin": [-21, 135, -9], "size": [40, 3, 2], "uv": [0, 0]},
						{"origin": [-18, 135, -11], "size": [34, 3, 2], "uv": [0, 0]},
						{"origin": [-19, 131, -9], "size": [36, 4, 2], "uv": [0, 0]},
						{"origin": [20, 144, -14], "size": [2, 28, 2], "uv": [0, 0]},
						{"origin": [22, 144, -12], "size": [2, 28, 2], "uv": [0, 0]},
						{"origin": [24, 144, -10], "size": [2, 28, 2], "uv": [0, 0]},
						{"origin": [25, 144, -8], "size": [2, 28, 3], "uv": [0, 0]},
						{"origin": [9, 172, -16], "size": [5, 3, 2], "uv": [0, 0]},
						{"origin": [-16, 172, -16], "size": [5, 3, 2], "uv": [0, 0]},
						{"origin": [18, 172, -14], "size": [2, 3, 2], "uv": [0, 0]},
						{"origin": [-22, 172, -14], "size": [2, 3, 2], "uv": [0, 0]},
						{"origin": [20, 172, -12], "size": [2, 3, 2], "uv": [0, 0]},
						{"origin": [-24, 172, -12], "size": [2, 3, 2], "uv": [0, 0]},
						{"origin": [-26, 172, -10], "size": [2, 3, 2], "uv": [0, 0]},
						{"origin": [-28, 172, -8], "size": [2, 3, 3], "uv": [0, 0]},
						{"origin": [22, 172, -10], "size": [2, 3, 2], "uv": [0, 0]},
						{"origin": [24, 172, -8], "size": [2, 3, 3], "uv": [0, 0]},
						{"origin": [14, 172, -15], "size": [4, 3, 3], "uv": [0, 0]},
						{"origin": [-20, 172, -15], "size": [4, 3, 3], "uv": [0, 0]},
						{"origin": [-8, 172, -15], "size": [4, 3, 3], "uv": [0, 0]},
						{"origin": [-22, 175, -10], "size": [3, 2, 3], "uv": [0, 0]},
						{"origin": [17, 175, -10], "size": [3, 2, 3], "uv": [0, 0]},
						{"origin": [-20, 175, -12], "size": [4, 2, 3], "uv": [0, 0]},
						{"origin": [14, 175, -12], "size": [4, 2, 3], "uv": [0, 0]},
						{"origin": [-16, 175, -14], "size": [5, 2, 3], "uv": [0, 0]},
						{"origin": [9, 175, -14], "size": [5, 2, 3], "uv": [0, 0]},
						{"origin": [-11, 175, -15], "size": [20, 2, 2], "uv": [0, 0]},
						{"origin": [-11, 175, -15], "size": [20, 2, 2], "uv": [0, 0]},
						{"origin": [-5, 175, -17], "size": [8, 2, 3], "uv": [0, 0]},
						{"origin": [-8, 175, -16], "size": [14, 2, 3], "uv": [0, 0]},
						{"origin": [-25, 175, -5], "size": [3, 2, 10], "uv": [0, 0]},
						{"origin": [23, 174, -5], "size": [3, 2, 10], "uv": [0, 0]},
						{"origin": [-28, 174, -5], "size": [3, 2, 10], "uv": [0, 0]},
						{"origin": [25, 172, -5], "size": [2, 3, 10], "uv": [0, 0]},
						{"origin": [-29, 172, -5], "size": [2, 3, 10], "uv": [0, 0]},
						{"origin": [26, 144, -5], "size": [2, 28, 10], "uv": [0, 0]},
						{"origin": [-30, 144, -5], "size": [2, 28, 10], "uv": [0, 0]},
						{"origin": [25, 141, -5], "size": [2, 3, 10], "uv": [0, 0]},
						{"origin": [-29, 141, -5], "size": [2, 3, 10], "uv": [0, 0]},
						{"origin": [23, 138, -5], "size": [2, 3, 10], "uv": [0, 0]},
						{"origin": [-27, 138, -5], "size": [2, 3, 10], "uv": [0, 0]},
						{"origin": [21, 135, -5], "size": [2, 3, 10], "uv": [0, 0]},
						{"origin": [-25, 135, -5], "size": [2, 3, 10], "uv": [0, 0]},
						{"origin": [19, 131, -5], "size": [2, 4, 10], "uv": [0, 0]},
						{"origin": [-23, 131, -5], "size": [2, 4, 10], "uv": [0, 0]},
						{"origin": [17, 126, -5], "size": [2, 5, 10], "uv": [0, 0]},
						{"origin": [-21, 126, -5], "size": [2, 5, 10], "uv": [0, 0]},
						{"origin": [15, 121, -5], "size": [2, 5, 10], "uv": [0, 0]},
						{"origin": [-19, 121, -5], "size": [2, 5, 10], "uv": [0, 0]}
					]
				},
				{
					"name": "corpo2",
					"parent": "corpo",
					"pivot": [-2, 159, 2],
					"rotation": [0, 180, 0],
					"cubes": [
						{"origin": [18, 175, -4], "size": [3, 2, 12], "uv": [0, 0]},
						{"origin": [-26, 175, -7], "size": [3, 2, 5], "uv": [0, 0]},
						{"origin": [17, 175, -7], "size": [3, 2, 5], "uv": [0, 0]},
						{"origin": [-28, 174, -7], "size": [3, 2, 5], "uv": [0, 0]},
						{"origin": [19, 174, -7], "size": [3, 2, 5], "uv": [0, 0]},
						{"origin": [-26, 174, -9], "size": [3, 2, 5], "uv": [0, 0]},
						{"origin": [17, 174, -9], "size": [3, 2, 5], "uv": [0, 0]},
						{"origin": [-24, 174, -11], "size": [3, 2, 5], "uv": [0, 0]},
						{"origin": [15, 174, -11], "size": [3, 2, 5], "uv": [0, 0]},
						{"origin": [-22, 174, -13], "size": [4, 2, 5], "uv": [0, 0]},
						{"origin": [12, 174, -13], "size": [4, 2, 5], "uv": [0, 0]},
						{"origin": [-18, 174, -14], "size": [5, 2, 5], "uv": [0, 0]},
						{"origin": [7, 174, -14], "size": [5, 2, 5], "uv": [0, 0]},
						{"origin": [-13, 174, -15], "size": [20, 2, 5], "uv": [0, 0]},
						{"origin": [-10, 174, -16], "size": [14, 2, 5], "uv": [0, 0]},
						{"origin": [-10, 147, -18], "size": [14, 25, 5], "uv": [0, 0]},
						{"origin": [-10, 172, -17], "size": [14, 3, 5], "uv": [0, 0]},
						{"origin": [4, 172, -16], "size": [3, 3, 4], "uv": [0, 0]},
						{"origin": [-13, 172, -16], "size": [3, 3, 4], "uv": [0, 0]},
						{"origin": [4, 144, -17], "size": [3, 28, 4], "uv": [0, 0]},
						{"origin": [-13, 144, -17], "size": [17, 28, 4], "uv": [0, 0]},
						{"origin": [7, 144, -16], "size": [5, 28, 4], "uv": [0, 0]},
						{"origin": [-18, 144, -16], "size": [5, 28, 4], "uv": [0, 0]},
						{"origin": [12, 144, -15], "size": [4, 28, 4], "uv": [0, 0]},
						{"origin": [-22, 144, -15], "size": [4, 28, 4], "uv": [0, 0]},
						{"origin": [16, 144, -14], "size": [2, 28, 4], "uv": [0, 0]},
						{"origin": [-24, 144, -14], "size": [2, 28, 4], "uv": [0, 0]},
						{"origin": [-26, 144, -13], "size": [2, 28, 4], "uv": [0, 0]},
						{"origin": [-28, 144, -11], "size": [2, 28, 4], "uv": [0, 0]},
						{"origin": [-30, 144, -9], "size": [2, 28, 4], "uv": [0, 0]},
						{"origin": [-31, 144, -7], "size": [2, 28, 5], "uv": [0, 0]},
						{"origin": [-28, 138, -6], "size": [3, 3, 4], "uv": [0, 0]},
						{"origin": [19, 138, -6], "size": [3, 3, 4], "uv": [0, 0]},
						{"origin": [-30, 141, -7], "size": [2, 3, 5], "uv": [0, 0]},
						{"origin": [-28, 141, -9], "size": [2, 3, 4], "uv": [0, 0]},
						{"origin": [-26, 141, -11], "size": [2, 3, 4], "uv": [0, 0]},
						{"origin": [-24, 141, -13], "size": [2, 3, 4], "uv": [0, 0]},
						{"origin": [16, 141, -13], "size": [2, 3, 4], "uv": [0, 0]},
						{"origin": [18, 141, -11], "size": [2, 3, 4], "uv": [0, 0]},
						{"origin": [20, 141, -9], "size": [2, 3, 4], "uv": [0, 0]},
						{"origin": [22, 141, -7], "size": [2, 3, 5], "uv": [0, 0]},
						{"origin": [-22, 141, -14], "size": [4, 3, 4], "uv": [0, 0]},
						{"origin": [12, 141, -14], "size": [4, 3, 4], "uv": [0, 0]},
						{"origin": [-18, 141, -15], "size": [5, 3, 4], "uv": [0, 0]},
						{"origin": [7, 141, -15], "size": [5, 3, 4], "uv": [0, 0]},
						{"origin": [-13, 141, -16], "size": [20, 3, 4], "uv": [0, 0]},
						{"origin": [-16, 138, -14], "size": [26, 3, 4], "uv": [0, 0]},
						{"origin": [-17, 135, -12], "size": [28, 3, 4], "uv": [0, 0]},
						{"origin": [-18, 131, -10], "size": [30, 4, 4], "uv": [0, 0]},
						{"origin": [-19, 126, -8], "size": [32, 5, 4], "uv": [0, 0]},
						{"origin": [-19, 121, -6], "size": [32, 5, 4], "uv": [0, 0]},
						{"origin": [-21, 126, -6], "size": [36, 5, 4], "uv": [0, 0]},
						{"origin": [-23, 131, -6], "size": [40, 4, 4], "uv": [0, 0]},
						{"origin": [-25, 135, -6], "size": [44, 3, 4], "uv": [0, 0]},
						{"origin": [-26, 138, -8], "size": [46, 3, 4], "uv": [0, 0]},
						{"origin": [-23, 138, -10], "size": [40, 3, 4], "uv": [0, 0]},
						{"origin": [-20, 138, -12], "size": [34, 3, 4], "uv": [0, 0]},
						{"origin": [-23, 135, -8], "size": [40, 3, 4], "uv": [0, 0]},
						{"origin": [-20, 135, -10], "size": [34, 3, 4], "uv": [0, 0]},
						{"origin": [-21, 131, -8], "size": [36, 4, 4], "uv": [0, 0]},
						{"origin": [18, 144, -13], "size": [2, 28, 4], "uv": [0, 0]},
						{"origin": [20, 144, -11], "size": [2, 28, 4], "uv": [0, 0]},
						{"origin": [22, 144, -9], "size": [2, 28, 4], "uv": [0, 0]},
						{"origin": [23, 144, -7], "size": [2, 28, 5], "uv": [0, 0]},
						{"origin": [7, 172, -15], "size": [5, 3, 4], "uv": [0, 0]},
						{"origin": [-18, 172, -15], "size": [5, 3, 4], "uv": [0, 0]},
						{"origin": [16, 172, -13], "size": [2, 3, 4], "uv": [0, 0]},
						{"origin": [-24, 172, -13], "size": [2, 3, 4], "uv": [0, 0]},
						{"origin": [18, 172, -11], "size": [2, 3, 4], "uv": [0, 0]},
						{"origin": [-26, 172, -11], "size": [2, 3, 4], "uv": [0, 0]},
						{"origin": [-28, 172, -9], "size": [2, 3, 4], "uv": [0, 0]},
						{"origin": [-30, 172, -7], "size": [2, 3, 5], "uv": [0, 0]},
						{"origin": [20, 172, -9], "size": [2, 3, 4], "uv": [0, 0]},
						{"origin": [22, 172, -7], "size": [2, 3, 5], "uv": [0, 0]},
						{"origin": [12, 172, -14], "size": [4, 3, 5], "uv": [0, 0]},
						{"origin": [-22, 172, -14], "size": [4, 3, 5], "uv": [0, 0]},
						{"origin": [-10, 172, -14], "size": [4, 3, 5], "uv": [0, 0]},
						{"origin": [-24, 175, -9], "size": [3, 2, 5], "uv": [0, 0]},
						{"origin": [15, 175, -9], "size": [3, 2, 5], "uv": [0, 0]},
						{"origin": [-22, 175, -11], "size": [4, 2, 5], "uv": [0, 0]},
						{"origin": [12, 175, -11], "size": [4, 2, 5], "uv": [0, 0]},
						{"origin": [-18, 175, -13], "size": [5, 2, 5], "uv": [0, 0]},
						{"origin": [7, 175, -13], "size": [5, 2, 5], "uv": [0, 0]},
						{"origin": [-13, 175, -14], "size": [20, 2, 4], "uv": [0, 0]},
						{"origin": [-13, 175, -14], "size": [20, 2, 4], "uv": [0, 0]},
						{"origin": [-7, 175, -16], "size": [8, 2, 5], "uv": [0, 0]},
						{"origin": [-10, 175, -15], "size": [14, 2, 5], "uv": [0, 0]},
						{"origin": [-27, 175, -4], "size": [3, 2, 12], "uv": [0, 0]},
						{"origin": [21, 174, -4], "size": [3, 2, 12], "uv": [0, 0]},
						{"origin": [-30, 174, -4], "size": [3, 2, 12], "uv": [0, 0]},
						{"origin": [23, 172, -4], "size": [2, 3, 12], "uv": [0, 0]},
						{"origin": [-31, 172, -4], "size": [2, 3, 12], "uv": [0, 0]},
						{"origin": [24, 144, -4], "size": [2, 28, 12], "uv": [0, 0]},
						{"origin": [-32, 144, -4], "size": [2, 28, 12], "uv": [0, 0]},
						{"origin": [23, 141, -4], "size": [2, 3, 12], "uv": [0, 0]},
						{"origin": [-31, 141, -4], "size": [2, 3, 12], "uv": [0, 0]},
						{"origin": [21, 138, -4], "size": [2, 3, 12], "uv": [0, 0]},
						{"origin": [-29, 138, -4], "size": [2, 3, 12], "uv": [0, 0]},
						{"origin": [19, 135, -4], "size": [2, 3, 12], "uv": [0, 0]},
						{"origin": [-27, 135, -4], "size": [2, 3, 12], "uv": [0, 0]},
						{"origin": [17, 131, -4], "size": [2, 4, 12], "uv": [0, 0]},
						{"origin": [-25, 131, -4], "size": [2, 4, 12], "uv": [0, 0]},
						{"origin": [15, 126, -4], "size": [2, 5, 12], "uv": [0, 0]},
						{"origin": [-23, 126, -4], "size": [2, 5, 12], "uv": [0, 0]},
						{"origin": [13, 121, -4], "size": [2, 5, 12], "uv": [0, 0]},
						{"origin": [-21, 121, -4], "size": [2, 5, 12], "uv": [0, 0]}
					]
				},
				{
					"name": "brao",
					"parent": "part1",
					"pivot": [25, 170, 0],
					"rotation": [0, 0, 20]
				},
				{
					"name": "cm3",
					"parent": "brao",
					"pivot": [24, 170.51923, 1],
					"rotation": [15, 0, -40],
					"cubes": [
						{"origin": [16, 120, -2], "size": [16, 52, 6], "uv": [0, 0]},
						{"origin": [17, 120, -4], "size": [14, 52, 10], "uv": [0, 0]},
						{"origin": [18, 120, -5], "size": [12, 52, 12], "uv": [0, 0]},
						{"origin": [19, 120, -6], "size": [10, 52, 14], "uv": [0, 0]},
						{"origin": [21, 120, -7], "size": [6, 52, 16], "uv": [0, 0]},
						{"origin": [16, 129, -4], "size": [16, 41, 10], "uv": [0, 0]},
						{"origin": [17, 129, -5], "size": [14, 41, 12], "uv": [0, 0]},
						{"origin": [18, 129, -6], "size": [12, 41, 14], "uv": [0, 0]},
						{"origin": [19, 129, -7], "size": [10, 41, 16], "uv": [0, 0]},
						{"origin": [21, 129, -8], "size": [6, 41, 18], "uv": [0, 0]},
						{"origin": [21, 138, -9], "size": [6, 29, 20], "uv": [0, 0]},
						{"origin": [19, 138, -8], "size": [10, 29, 18], "uv": [0, 0]},
						{"origin": [18, 138, -7], "size": [12, 29, 16], "uv": [0, 0]},
						{"origin": [17, 138, -6], "size": [14, 29, 14], "uv": [0, 0]},
						{"origin": [16, 138, -5], "size": [16, 29, 12], "uv": [0, 0]},
						{"origin": [15, 138, -4], "size": [18, 29, 10], "uv": [0, 0]},
						{"origin": [15, 129, -2], "size": [18, 41, 6], "uv": [0, 0]},
						{"origin": [14, 138, -2], "size": [20, 29, 6], "uv": [0, 0]},
						{"origin": [13, 146, -2], "size": [22, 16, 6], "uv": [0, 0]},
						{"origin": [14, 146, -4], "size": [20, 16, 10], "uv": [0, 0]},
						{"origin": [15, 146, -5], "size": [18, 16, 12], "uv": [0, 0]},
						{"origin": [16, 146, -6], "size": [16, 16, 14], "uv": [0, 0]},
						{"origin": [17, 146, -7], "size": [14, 16, 16], "uv": [0, 0]},
						{"origin": [18, 146, -8], "size": [12, 16, 18], "uv": [0, 0]},
						{"origin": [19, 146, -9], "size": [10, 16, 20], "uv": [0, 0]},
						{"origin": [21, 146, -10], "size": [6, 16, 22], "uv": [0, 0]}
					]
				},
				{
					"name": "bx",
					"parent": "cm3",
					"pivot": [25, 123.51923, 4],
					"rotation": [-55.49349, 13.36017, -1.85305],
					"cubes": [
						{"origin": [19, 76, 3], "size": [12, 49, 2], "uv": [0, 0]},
						{"origin": [20, 73, 1], "size": [10, 52, 6], "uv": [0, 0]},
						{"origin": [21, 73, 0], "size": [8, 52, 8], "uv": [0, 0]},
						{"origin": [22, 73, -1], "size": [6, 52, 10], "uv": [0, 0]},
						{"origin": [24, 76, -2], "size": [2, 49, 12], "uv": [0, 0]},
						{"origin": [19, 82, 1], "size": [12, 41, 6], "uv": [0, 0]},
						{"origin": [20, 82, 0], "size": [10, 41, 8], "uv": [0, 0]},
						{"origin": [21, 82, -1], "size": [8, 41, 10], "uv": [0, 0]},
						{"origin": [22, 82, -2], "size": [6, 41, 12], "uv": [0, 0]},
						{"origin": [24, 82, -3], "size": [2, 41, 14], "uv": [0, 0]},
						{"origin": [24, 91, -4], "size": [2, 29, 16], "uv": [0, 0]},
						{"origin": [22, 91, -3], "size": [6, 29, 14], "uv": [0, 0]},
						{"origin": [21, 91, -2], "size": [8, 29, 12], "uv": [0, 0]},
						{"origin": [20, 91, -1], "size": [10, 29, 10], "uv": [0, 0]},
						{"origin": [19, 91, 0], "size": [12, 29, 8], "uv": [0, 0]},
						{"origin": [18, 91, 1], "size": [14, 29, 6], "uv": [0, 0]},
						{"origin": [18, 82, 3], "size": [14, 41, 2], "uv": [0, 0]},
						{"origin": [17, 91, 3], "size": [16, 29, 2], "uv": [0, 0]},
						{"origin": [16, 99, 3], "size": [18, 16, 2], "uv": [0, 0]},
						{"origin": [17, 99, 1], "size": [16, 16, 6], "uv": [0, 0]},
						{"origin": [18, 99, 0], "size": [14, 16, 8], "uv": [0, 0]},
						{"origin": [19, 99, -1], "size": [12, 16, 10], "uv": [0, 0]},
						{"origin": [20, 99, -2], "size": [10, 16, 12], "uv": [0, 0]},
						{"origin": [21, 99, -3], "size": [8, 16, 14], "uv": [0, 0]},
						{"origin": [22, 99, -4], "size": [6, 16, 16], "uv": [0, 0]},
						{"origin": [24, 99, -5], "size": [2, 16, 18], "uv": [0, 0]}
					]
				},
				{
					"name": "hand",
					"parent": "bx",
					"pivot": [25, 74.4359, 3.5],
					"rotation": [0.78039, 0.27099, 0.93603],
					"cubes": [
						{"origin": [23, 59.51923, -3], "size": [4, 14, 13], "uv": [0, 0]},
						{"origin": [23, 58.51923, -1], "size": [4, 15, 9], "uv": [0, 0]},
						{"origin": [23, 61.51923, -4], "size": [4, 10, 15], "uv": [0, 0]},
						{"origin": [22, 61.51923, -3], "size": [6, 10, 13], "uv": [0, 0]},
						{"origin": [21, 61.51923, -1], "size": [8, 10, 9], "uv": [0, 0]},
						{"origin": [22, 59.51923, -1], "size": [6, 14, 9], "uv": [0, 0]}
					]
				},
				{
					"name": "dd",
					"parent": "hand",
					"pivot": [24, 61, 9],
					"rotation": [25, 0, 25],
					"cubes": [
						{"origin": [22.42262, 50.45476, 6.87301], "size": [5, 12, 3], "uv": [0, 0]},
						{"origin": [23.42262, 50.45476, 5.87301], "size": [3, 12, 5], "uv": [0, 0]}
					]
				},
				{
					"name": "dd2",
					"parent": "dd",
					"pivot": [24.42262, 50.45476, 6.87301],
					"rotation": [0, 0, 42.5],
					"cubes": [
						{"origin": [22.36093, 41.04189, 6.87301], "size": [5, 10, 3], "uv": [0, 0]},
						{"origin": [23.36093, 40.04189, 6.87301], "size": [3, 11, 3], "uv": [0, 0]},
						{"origin": [23.36093, 41.04189, 5.87301], "size": [3, 10, 5], "uv": [0, 0]}
					]
				},
				{
					"name": "dd5",
					"parent": "hand",
					"pivot": [24, 60, 4],
					"rotation": [-2.5, 0, 25],
					"cubes": [
						{"origin": [22.42262, 49.45476, 1.87301], "size": [5, 12, 3], "uv": [0, 0]},
						{"origin": [23.42262, 49.45476, 0.87301], "size": [3, 12, 5], "uv": [0, 0]}
					]
				},
				{
					"name": "dd6",
					"parent": "dd5",
					"pivot": [24.42262, 49.45476, 1.87301],
					"rotation": [0, 0, 42.5],
					"cubes": [
						{"origin": [22.36093, 40.04189, 1.87301], "size": [5, 10, 3], "uv": [0, 0]},
						{"origin": [23.36093, 39.04189, 1.87301], "size": [3, 11, 3], "uv": [0, 0]},
						{"origin": [23.36093, 40.04189, 0.87301], "size": [3, 10, 5], "uv": [0, 0]}
					]
				},
				{
					"name": "dd7",
					"parent": "hand",
					"pivot": [24, 67, -2],
					"rotation": [-84.43211, 32.91941, -5.9142],
					"cubes": [
						{"origin": [22.42262, 56.45476, -4.12699], "size": [5, 12, 3], "uv": [0, 0]},
						{"origin": [23.42262, 56.45476, -5.12699], "size": [3, 12, 5], "uv": [0, 0]}
					]
				},
				{
					"name": "dd8",
					"parent": "dd7",
					"pivot": [24.42262, 56.45476, -4.12699],
					"rotation": [0, 0, 42.5],
					"cubes": [
						{"origin": [22.36093, 47.04189, -4.12699], "size": [5, 10, 3], "uv": [0, 0]},
						{"origin": [23.36093, 46.04189, -4.12699], "size": [3, 11, 3], "uv": [0, 0]},
						{"origin": [23.36093, 47.04189, -5.12699], "size": [3, 10, 5], "uv": [0, 0]}
					]
				},
				{
					"name": "dd3",
					"parent": "hand",
					"pivot": [24, 62, -2],
					"rotation": [-32.5, 0, 25],
					"cubes": [
						{"origin": [22.84524, 49.99033, -2.49679], "size": [5, 12, 3], "uv": [0, 0]},
						{"origin": [23.84524, 49.99033, -3.49679], "size": [3, 12, 5], "uv": [0, 0]}
					]
				},
				{
					"name": "dd4",
					"parent": "dd3",
					"pivot": [24.84524, 49.99033, -2.49679],
					"rotation": [0, 0, 42.5],
					"cubes": [
						{"origin": [22.78355, 40.57746, -2.49679], "size": [5, 10, 3], "uv": [0, 0]},
						{"origin": [23.78355, 39.57746, -2.49679], "size": [3, 11, 3], "uv": [0, 0]},
						{"origin": [23.78355, 40.57746, -3.49679], "size": [3, 10, 5], "uv": [0, 0]}
					]
				},
				{
					"name": "brao2",
					"parent": "part1",
					"pivot": [-23, 170, 0],
					"rotation": [-2.43202, -0.87671, 65.35771]
				},
				{
					"name": "cm4",
					"parent": "brao2",
					"pivot": [-24, 170.51923, 1],
					"rotation": [20, 0, -40],
					"cubes": [
						{"origin": [-32, 120, -2], "size": [16, 52, 6], "uv": [0, 0]},
						{"origin": [-31, 120, -4], "size": [14, 52, 10], "uv": [0, 0]},
						{"origin": [-30, 120, -5], "size": [12, 52, 12], "uv": [0, 0]},
						{"origin": [-29, 120, -6], "size": [10, 52, 14], "uv": [0, 0]},
						{"origin": [-27, 120, -7], "size": [6, 52, 16], "uv": [0, 0]},
						{"origin": [-32, 129, -4], "size": [16, 41, 10], "uv": [0, 0]},
						{"origin": [-31, 129, -5], "size": [14, 41, 12], "uv": [0, 0]},
						{"origin": [-30, 129, -6], "size": [12, 41, 14], "uv": [0, 0]},
						{"origin": [-29, 129, -7], "size": [10, 41, 16], "uv": [0, 0]},
						{"origin": [-27, 129, -8], "size": [6, 41, 18], "uv": [0, 0]},
						{"origin": [-27, 138, -9], "size": [6, 29, 20], "uv": [0, 0]},
						{"origin": [-29, 138, -8], "size": [10, 29, 18], "uv": [0, 0]},
						{"origin": [-30, 138, -7], "size": [12, 29, 16], "uv": [0, 0]},
						{"origin": [-31, 138, -6], "size": [14, 29, 14], "uv": [0, 0]},
						{"origin": [-32, 138, -5], "size": [16, 29, 12], "uv": [0, 0]},
						{"origin": [-33, 138, -4], "size": [18, 29, 10], "uv": [0, 0]},
						{"origin": [-33, 129, -2], "size": [18, 41, 6], "uv": [0, 0]},
						{"origin": [-34, 138, -2], "size": [20, 29, 6], "uv": [0, 0]},
						{"origin": [-35, 146, -2], "size": [22, 16, 6], "uv": [0, 0]},
						{"origin": [-34, 146, -4], "size": [20, 16, 10], "uv": [0, 0]},
						{"origin": [-33, 146, -5], "size": [18, 16, 12], "uv": [0, 0]},
						{"origin": [-32, 146, -6], "size": [16, 16, 14], "uv": [0, 0]},
						{"origin": [-31, 146, -7], "size": [14, 16, 16], "uv": [0, 0]},
						{"origin": [-30, 146, -8], "size": [12, 16, 18], "uv": [0, 0]},
						{"origin": [-29, 146, -9], "size": [10, 16, 20], "uv": [0, 0]},
						{"origin": [-27, 146, -10], "size": [6, 16, 22], "uv": [0, 0]}
					]
				},
				{
					"name": "bx3",
					"parent": "cm4",
					"pivot": [-25, 121.51923, 4],
					"rotation": [-65.02327, -14.64682, 1.97592],
					"cubes": [
						{"origin": [-31, 74, 3], "size": [12, 49, 2], "uv": [0, 0]},
						{"origin": [-30, 71, 1], "size": [10, 52, 6], "uv": [0, 0]},
						{"origin": [-29, 71, 0], "size": [8, 52, 8], "uv": [0, 0]},
						{"origin": [-28, 71, -1], "size": [6, 52, 10], "uv": [0, 0]},
						{"origin": [-26, 74, -2], "size": [2, 49, 12], "uv": [0, 0]},
						{"origin": [-31, 80, 1], "size": [12, 41, 6], "uv": [0, 0]},
						{"origin": [-30, 80, 0], "size": [10, 41, 8], "uv": [0, 0]},
						{"origin": [-29, 80, -1], "size": [8, 41, 10], "uv": [0, 0]},
						{"origin": [-28, 80, -2], "size": [6, 41, 12], "uv": [0, 0]},
						{"origin": [-26, 80, -3], "size": [2, 41, 14], "uv": [0, 0]},
						{"origin": [-26, 89, -4], "size": [2, 29, 16], "uv": [0, 0]},
						{"origin": [-28, 89, -3], "size": [6, 29, 14], "uv": [0, 0]},
						{"origin": [-29, 89, -2], "size": [8, 29, 12], "uv": [0, 0]},
						{"origin": [-30, 89, -1], "size": [10, 29, 10], "uv": [0, 0]},
						{"origin": [-31, 89, 0], "size": [12, 29, 8], "uv": [0, 0]},
						{"origin": [-32, 89, 1], "size": [14, 29, 6], "uv": [0, 0]},
						{"origin": [-32, 80, 3], "size": [14, 41, 2], "uv": [0, 0]},
						{"origin": [-33, 89, 3], "size": [16, 29, 2], "uv": [0, 0]},
						{"origin": [-34, 97, 3], "size": [18, 16, 2], "uv": [0, 0]},
						{"origin": [-33, 97, 1], "size": [16, 16, 6], "uv": [0, 0]},
						{"origin": [-32, 97, 0], "size": [14, 16, 8], "uv": [0, 0]},
						{"origin": [-31, 97, -1], "size": [12, 16, 10], "uv": [0, 0]},
						{"origin": [-30, 97, -2], "size": [10, 16, 12], "uv": [0, 0]},
						{"origin": [-29, 97, -3], "size": [8, 16, 14], "uv": [0, 0]},
						{"origin": [-28, 97, -4], "size": [6, 16, 16], "uv": [0, 0]},
						{"origin": [-26, 97, -5], "size": [2, 16, 18], "uv": [0, 0]}
					]
				},
				{
					"name": "hand2",
					"parent": "bx3",
					"pivot": [-25, 72.4359, 3.5],
					"rotation": [-179.34611, 1.68249, -179.31495],
					"cubes": [
						{"origin": [-27, 57.51923, -3], "size": [4, 14, 13], "uv": [0, 0]},
						{"origin": [-27, 56.51923, -1], "size": [4, 15, 9], "uv": [0, 0]},
						{"origin": [-27, 59.51923, -4], "size": [4, 10, 15], "uv": [0, 0]},
						{"origin": [-28, 59.51923, -3], "size": [6, 10, 13], "uv": [0, 0]},
						{"origin": [-29, 59.51923, -1], "size": [8, 10, 9], "uv": [0, 0]},
						{"origin": [-28, 57.51923, -1], "size": [6, 14, 9], "uv": [0, 0]}
					]
				},
				{
					"name": "dd9",
					"parent": "hand2",
					"pivot": [-26, 59, 9],
					"rotation": [25, 0, 25],
					"cubes": [
						{"origin": [-27.57738, 48.45476, 6.87301], "size": [5, 12, 3], "uv": [0, 0]},
						{"origin": [-26.57738, 48.45476, 5.87301], "size": [3, 12, 5], "uv": [0, 0]}
					]
				},
				{
					"name": "dd10",
					"parent": "dd9",
					"pivot": [-25.57738, 48.45476, 6.87301],
					"rotation": [0, 0, 42.5],
					"cubes": [
						{"origin": [-27.63907, 39.04189, 6.87301], "size": [5, 10, 3], "uv": [0, 0]},
						{"origin": [-26.63907, 38.04189, 6.87301], "size": [3, 11, 3], "uv": [0, 0]},
						{"origin": [-26.63907, 39.04189, 5.87301], "size": [3, 10, 5], "uv": [0, 0]}
					]
				},
				{
					"name": "dd11",
					"parent": "hand2",
					"pivot": [-26, 58, 4],
					"rotation": [-2.5, 0, 25],
					"cubes": [
						{"origin": [-27.57738, 47.45476, 1.87301], "size": [5, 12, 3], "uv": [0, 0]},
						{"origin": [-26.57738, 47.45476, 0.87301], "size": [3, 12, 5], "uv": [0, 0]}
					]
				},
				{
					"name": "dd12",
					"parent": "dd11",
					"pivot": [-25.57738, 47.45476, 1.87301],
					"rotation": [0, 0, 42.5],
					"cubes": [
						{"origin": [-27.63907, 38.04189, 1.87301], "size": [5, 10, 3], "uv": [0, 0]},
						{"origin": [-26.63907, 37.04189, 1.87301], "size": [3, 11, 3], "uv": [0, 0]},
						{"origin": [-26.63907, 38.04189, 0.87301], "size": [3, 10, 5], "uv": [0, 0]}
					]
				},
				{
					"name": "dd13",
					"parent": "hand2",
					"pivot": [-26, 65, 8],
					"rotation": [67.48209, -33.90147, 8.77795],
					"cubes": [
						{"origin": [-27.57738, 54.45476, 5.87301], "size": [5, 12, 3], "uv": [0, 0]},
						{"origin": [-26.57738, 54.45476, 4.87301], "size": [3, 12, 5], "uv": [0, 0]}
					]
				},
				{
					"name": "dd14",
					"parent": "dd13",
					"pivot": [-25.57738, 54.45476, 5.87301],
					"rotation": [0, 0, 42.5],
					"cubes": [
						{"origin": [-27.63907, 45.04189, 5.87301], "size": [5, 10, 3], "uv": [0, 0]},
						{"origin": [-26.63907, 44.04189, 5.87301], "size": [3, 11, 3], "uv": [0, 0]},
						{"origin": [-26.63907, 45.04189, 4.87301], "size": [3, 10, 5], "uv": [0, 0]}
					]
				},
				{
					"name": "dd15",
					"parent": "hand2",
					"pivot": [-26, 60, -2],
					"rotation": [-32.5, 0, 25],
					"cubes": [
						{"origin": [-27.15476, 47.99033, -2.49679], "size": [5, 12, 3], "uv": [0, 0]},
						{"origin": [-26.15476, 47.99033, -3.49679], "size": [3, 12, 5], "uv": [0, 0]}
					]
				},
				{
					"name": "dd16",
					"parent": "dd15",
					"pivot": [-25.15476, 47.99033, -2.49679],
					"rotation": [0, 0, 42.5],
					"cubes": [
						{"origin": [-27.21645, 38.57746, -2.49679], "size": [5, 10, 3], "uv": [0, 0]},
						{"origin": [-26.21645, 37.57746, -2.49679], "size": [3, 11, 3], "uv": [0, 0]},
						{"origin": [-26.21645, 38.57746, -3.49679], "size": [3, 10, 5], "uv": [0, 0]}
					]
				},
				{
					"name": "part2",
					"parent": "banban",
					"pivot": [0, 118, 1]
				},
				{
					"name": "falda",
					"parent": "part2",
					"pivot": [0, 159, -12],
					"cubes": [
						{"origin": [13, 101, -4], "size": [2, 20, 11], "uv": [0, 0]},
						{"origin": [-15, 101, -6], "size": [28, 20, 2], "uv": [0, 0]},
						{"origin": [-15, 101, 7], "size": [28, 20, 2], "uv": [0, 0]},
						{"origin": [-17, 101, -4], "size": [2, 20, 11], "uv": [0, 0]},
						{"origin": [-17, 118, -6], "size": [2, 3, 15], "uv": [0, 0]},
						{"origin": [13, 118, -6], "size": [2, 3, 15], "uv": [0, 0]}
					]
				},
				{
					"name": "perna",
					"parent": "part2",
					"pivot": [9, 110, 2],
					"rotation": [0.07073, -0.16114, -6.03167]
				},
				{
					"name": "cm",
					"parent": "perna",
					"pivot": [9, 109.51923, 1],
					"cubes": [
						{"origin": [2, 62, -1], "size": [14, 49, 4], "uv": [0, 0]},
						{"origin": [3, 62, -3], "size": [12, 49, 8], "uv": [0, 0]},
						{"origin": [4, 62, -4], "size": [10, 49, 10], "uv": [0, 0]},
						{"origin": [5, 62, -5], "size": [8, 49, 12], "uv": [0, 0]},
						{"origin": [7, 62, -6], "size": [4, 49, 14], "uv": [0, 0]},
						{"origin": [2, 71, -3], "size": [14, 38, 8], "uv": [0, 0]},
						{"origin": [3, 71, -4], "size": [12, 38, 10], "uv": [0, 0]},
						{"origin": [4, 71, -5], "size": [10, 38, 12], "uv": [0, 0]},
						{"origin": [5, 71, -6], "size": [8, 38, 14], "uv": [0, 0]},
						{"origin": [7, 71, -7], "size": [4, 38, 16], "uv": [0, 0]},
						{"origin": [7, 80, -8], "size": [4, 26, 18], "uv": [0, 0]},
						{"origin": [5, 80, -7], "size": [8, 26, 16], "uv": [0, 0]},
						{"origin": [4, 80, -6], "size": [10, 26, 14], "uv": [0, 0]},
						{"origin": [3, 80, -5], "size": [12, 26, 12], "uv": [0, 0]},
						{"origin": [2, 80, -4], "size": [14, 26, 10], "uv": [0, 0]},
						{"origin": [1, 80, -3], "size": [16, 26, 8], "uv": [0, 0]},
						{"origin": [1, 71, -1], "size": [16, 38, 4], "uv": [0, 0]},
						{"origin": [0, 80, -1], "size": [18, 26, 4], "uv": [0, 0]},
						{"origin": [-1, 88, -1], "size": [20, 13, 4], "uv": [0, 0]},
						{"origin": [0, 88, -3], "size": [18, 13, 8], "uv": [0, 0]},
						{"origin": [1, 88, -4], "size": [16, 13, 10], "uv": [0, 0]},
						{"origin": [2, 88, -5], "size": [14, 13, 12], "uv": [0, 0]},
						{"origin": [3, 88, -6], "size": [12, 13, 14], "uv": [0, 0]},
						{"origin": [4, 88, -7], "size": [10, 13, 16], "uv": [0, 0]},
						{"origin": [5, 88, -8], "size": [8, 13, 18], "uv": [0, 0]},
						{"origin": [7, 88, -9], "size": [4, 13, 20], "uv": [0, 0]}
					]
				},
				{
					"name": "bx4",
					"parent": "perna",
					"pivot": [9, 63.51923, 1],
					"rotation": [0, 0, -180],
					"cubes": [
						{"origin": [2, 63, -1], "size": [14, 60, 4], "uv": [0, 0]},
						{"origin": [3, 63, -3], "size": [12, 60, 8], "uv": [0, 0]},
						{"origin": [4, 63, -4], "size": [10, 60, 10], "uv": [0, 0]},
						{"origin": [5, 63, -5], "size": [8, 60, 12], "uv": [0, 0]},
						{"origin": [7, 63, -6], "size": [4, 60, 14], "uv": [0, 0]},
						{"origin": [2, 72, -3], "size": [14, 49, 8], "uv": [0, 0]},
						{"origin": [3, 72, -4], "size": [12, 49, 10], "uv": [0, 0]},
						{"origin": [4, 72, -5], "size": [10, 49, 12], "uv": [0, 0]},
						{"origin": [5, 72, -6], "size": [8, 49, 14], "uv": [0, 0]},
						{"origin": [7, 72, -7], "size": [4, 49, 16], "uv": [0, 0]},
						{"origin": [7, 81, -8], "size": [4, 37, 18], "uv": [0, 0]},
						{"origin": [5, 81, -7], "size": [8, 37, 16], "uv": [0, 0]},
						{"origin": [4, 81, -6], "size": [10, 37, 14], "uv": [0, 0]},
						{"origin": [3, 81, -5], "size": [12, 37, 12], "uv": [0, 0]},
						{"origin": [2, 81, -4], "size": [14, 37, 10], "uv": [0, 0]},
						{"origin": [1, 81, -3], "size": [16, 37, 8], "uv": [0, 0]},
						{"origin": [1, 72, -1], "size": [16, 49, 4], "uv": [0, 0]},
						{"origin": [0, 81, -1], "size": [18, 37, 4], "uv": [0, 0]},
						{"origin": [-1, 89, -1], "size": [20, 24, 4], "uv": [0, 0]},
						{"origin": [0, 89, -3], "size": [18, 24, 8], "uv": [0, 0]},
						{"origin": [1, 89, -4], "size": [16, 24, 10], "uv": [0, 0]},
						{"origin": [2, 89, -5], "size": [14, 24, 12], "uv": [0, 0]},
						{"origin": [3, 89, -6], "size": [12, 24, 14], "uv": [0, 0]},
						{"origin": [4, 89, -7], "size": [10, 24, 16], "uv": [0, 0]},
						{"origin": [5, 89, -8], "size": [8, 24, 18], "uv": [0, 0]},
						{"origin": [7, 89, -9], "size": [4, 24, 20], "uv": [0, 0]}
					]
				},
				{
					"name": "pe3",
					"parent": "bx4",
					"pivot": [9, 118.21923, -0.15],
					"cubes": [
						{"origin": [3, 117.51923, -15], "size": [12, 12, 25], "uv": [0, 0]},
						{"origin": [3, 118.51923, -19], "size": [12, 11, 15], "uv": [0, 0]},
						{"origin": [3, 119.51923, -20], "size": [12, 10, 16], "uv": [0, 0]},
						{"origin": [3, 121.51923, -21], "size": [12, 8, 17], "uv": [0, 0]},
						{"origin": [0, 121.51923, -19], "size": [18, 8, 15], "uv": [0, 0]},
						{"origin": [1, 119.51923, -19], "size": [16, 10, 15], "uv": [0, 0]},
						{"origin": [1, 121.51923, -20], "size": [16, 8, 16], "uv": [0, 0]},
						{"origin": [1, 118.51923, -15], "size": [16, 11, 26], "uv": [0, 0]},
						{"origin": [0, 119.51923, -15], "size": [18, 10, 25], "uv": [0, 0]},
						{"origin": [-1, 121.51923, -15], "size": [20, 8, 23], "uv": [0, 0]}
					]
				},
				{
					"name": "perna2",
					"parent": "part2",
					"pivot": [-11, 110, 2],
					"rotation": [0.56426, -0.30589, 6.07346]
				},
				{
					"name": "cm2",
					"parent": "perna2",
					"pivot": [-11, 109.51923, 1],
					"cubes": [
						{"origin": [-18, 62, -1], "size": [14, 49, 4], "uv": [0, 0]},
						{"origin": [-17, 62, -3], "size": [12, 49, 8], "uv": [0, 0]},
						{"origin": [-16, 62, -4], "size": [10, 49, 10], "uv": [0, 0]},
						{"origin": [-15, 62, -5], "size": [8, 49, 12], "uv": [0, 0]},
						{"origin": [-13, 62, -6], "size": [4, 49, 14], "uv": [0, 0]},
						{"origin": [-18, 71, -3], "size": [14, 38, 8], "uv": [0, 0]},
						{"origin": [-17, 71, -4], "size": [12, 38, 10], "uv": [0, 0]},
						{"origin": [-16, 71, -5], "size": [10, 38, 12], "uv": [0, 0]},
						{"origin": [-15, 71, -6], "size": [8, 38, 14], "uv": [0, 0]},
						{"origin": [-13, 71, -7], "size": [4, 38, 16], "uv": [0, 0]},
						{"origin": [-13, 80, -8], "size": [4, 26, 18], "uv": [0, 0]},
						{"origin": [-15, 80, -7], "size": [8, 26, 16], "uv": [0, 0]},
						{"origin": [-16, 80, -6], "size": [10, 26, 14], "uv": [0, 0]},
						{"origin": [-17, 80, -5], "size": [12, 26, 12], "uv": [0, 0]},
						{"origin": [-18, 80, -4], "size": [14, 26, 10], "uv": [0, 0]},
						{"origin": [-19, 80, -3], "size": [16, 26, 8], "uv": [0, 0]},
						{"origin": [-19, 71, -1], "size": [16, 38, 4], "uv": [0, 0]},
						{"origin": [-20, 80, -1], "size": [18, 26, 4], "uv": [0, 0]},
						{"origin": [-21, 88, -1], "size": [20, 13, 4], "uv": [0, 0]},
						{"origin": [-20, 88, -3], "size": [18, 13, 8], "uv": [0, 0]},
						{"origin": [-19, 88, -4], "size": [16, 13, 10], "uv": [0, 0]},
						{"origin": [-18, 88, -5], "size": [14, 13, 12], "uv": [0, 0]},
						{"origin": [-17, 88, -6], "size": [12, 13, 14], "uv": [0, 0]},
						{"origin": [-16, 88, -7], "size": [10, 13, 16], "uv": [0, 0]},
						{"origin": [-15, 88, -8], "size": [8, 13, 18], "uv": [0, 0]},
						{"origin": [-13, 88, -9], "size": [4, 13, 20], "uv": [0, 0]}
					]
				},
				{
					"name": "bx2",
					"parent": "perna2",
					"pivot": [-11, 63.51923, 1],
					"rotation": [-0.15348, -0.32075, 178.56308],
					"cubes": [
						{"origin": [-18, 63, -1], "size": [14, 60, 4], "uv": [0, 0]},
						{"origin": [-17, 63, -3], "size": [12, 60, 8], "uv": [0, 0]},
						{"origin": [-16, 63, -4], "size": [10, 60, 10], "uv": [0, 0]},
						{"origin": [-15, 63, -5], "size": [8, 60, 12], "uv": [0, 0]},
						{"origin": [-13, 63, -6], "size": [4, 60, 14], "uv": [0, 0]},
						{"origin": [-18, 72, -3], "size": [14, 49, 8], "uv": [0, 0]},
						{"origin": [-17, 72, -4], "size": [12, 49, 10], "uv": [0, 0]},
						{"origin": [-16, 72, -5], "size": [10, 49, 12], "uv": [0, 0]},
						{"origin": [-15, 72, -6], "size": [8, 49, 14], "uv": [0, 0]},
						{"origin": [-13, 72, -7], "size": [4, 49, 16], "uv": [0, 0]},
						{"origin": [-13, 81, -8], "size": [4, 37, 18], "uv": [0, 0]},
						{"origin": [-15, 81, -7], "size": [8, 37, 16], "uv": [0, 0]},
						{"origin": [-16, 81, -6], "size": [10, 37, 14], "uv": [0, 0]},
						{"origin": [-17, 81, -5], "size": [12, 37, 12], "uv": [0, 0]},
						{"origin": [-18, 81, -4], "size": [14, 37, 10], "uv": [0, 0]},
						{"origin": [-19, 81, -3], "size": [16, 37, 8], "uv": [0, 0]},
						{"origin": [-19, 72, -1], "size": [16, 49, 4], "uv": [0, 0]},
						{"origin": [-20, 81, -1], "size": [18, 37, 4], "uv": [0, 0]},
						{"origin": [-21, 89, -1], "size": [20, 24, 4], "uv": [0, 0]},
						{"origin": [-20, 89, -3], "size": [18, 24, 8], "uv": [0, 0]},
						{"origin": [-19, 89, -4], "size": [16, 24, 10], "uv": [0, 0]},
						{"origin": [-18, 89, -5], "size": [14, 24, 12], "uv": [0, 0]},
						{"origin": [-17, 89, -6], "size": [12, 24, 14], "uv": [0, 0]},
						{"origin": [-16, 89, -7], "size": [10, 24, 16], "uv": [0, 0]},
						{"origin": [-15, 89, -8], "size": [8, 24, 18], "uv": [0, 0]},
						{"origin": [-13, 89, -9], "size": [4, 24, 20], "uv": [0, 0]}
					]
				},
				{
					"name": "pe2",
					"parent": "bx2",
					"pivot": [-11, 118.21923, -0.15],
					"cubes": [
						{"origin": [-17, 117.51923, -15], "size": [12, 12, 25], "uv": [0, 0]},
						{"origin": [-17, 118.51923, -19], "size": [12, 11, 15], "uv": [0, 0]},
						{"origin": [-17, 119.51923, -20], "size": [12, 10, 16], "uv": [0, 0]},
						{"origin": [-17, 121.51923, -21], "size": [12, 8, 17], "uv": [0, 0]},
						{"origin": [-20, 121.51923, -19], "size": [18, 8, 15], "uv": [0, 0]},
						{"origin": [-19, 119.51923, -19], "size": [16, 10, 15], "uv": [0, 0]},
						{"origin": [-19, 121.51923, -20], "size": [16, 8, 16], "uv": [0, 0]},
						{"origin": [-19, 118.51923, -15], "size": [16, 11, 26], "uv": [0, 0]},
						{"origin": [-20, 119.51923, -15], "size": [18, 10, 25], "uv": [0, 0]},
						{"origin": [-21, 121.51923, -15], "size": [20, 8, 23], "uv": [0, 0]}
					]
				}
			]
		}
	]
}