{
	"format_version": "1.12.0",
	"minecraft:geometry": [
		{
			"description": {
				"identifier": "geometry.banban",
				"texture_width": 260,
				"texture_height": 260,
				"visible_bounds_width": 11,
				"visible_bounds_height": 18.5,
				"visible_bounds_offset": [0, 8.75, 0]
			},
			"bones": [
				{
					"name": "banban",
					"pivot": [0, 0, 0]
				},
				{
					"name": "part1",
					"parent": "banban",
					"pivot": [0, 123, 12],
					"rotation": [15, 0, 0]
				},
				{
					"name": "ad",
					"parent": "part1",
					"pivot": [0, 175, 10],
					"rotation": [-10, 0, 0]
				},
				{
					"name": "mask",
					"parent": "ad",
					"pivot": [0, 159, 0],
					"cubes": [
						{"origin": [6, 232, 6], "size": [2, 3, 9], "uv": [0, 0]},
						{"origin": [17, 219, 7], "size": [2, 16, 8], "uv": [0, 0]},
						{"origin": [-21, 219, 7], "size": [2, 16, 8], "uv": [0, 0]},
						{"origin": [18, 175, 7], "size": [2, 44, 8], "uv": [0, 0]},
						{"origin": [-22, 175, 7], "size": [2, 44, 8], "uv": [0, 0]},
						{"origin": [-10, 232, 6], "size": [2, 3, 9], "uv": [0, 0]},
						{"origin": [5, 230, 6], "size": [2, 2, 9], "uv": [0, 0]},
						{"origin": [-9, 230, 6], "size": [2, 2, 9], "uv": [0, 0]},
						{"origin": [4, 228, 6], "size": [2, 2, 9], "uv": [0, 0]},
						{"origin": [-8, 228, 6], "size": [2, 2, 9], "uv": [0, 0]},
						{"origin": [2, 225, 6], "size": [2, 2, 9], "uv": [0, 0]},
						{"origin": [-6, 225, 6], "size": [2, 2, 9], "uv": [0, 0]},
						{"origin": [0, 224, 6], "size": [2, 2, 9], "uv": [0, 0]},
						{"origin": [-4, 224, 6], "size": [2, 2, 9], "uv": [0, 0]},
						{"origin": [-2, 223, 6], "size": [2, 2, 9], "uv": [0, 0]},
						{"origin": [-2, 222, 4], "size": [2, 2, 2], "uv": [0, 0]},
						{"origin": [0, 222, 2], "size": [2, 2, 2], "uv": [0, 0]},
						{"origin": [-4, 222, 2], "size": [2, 2, 2], "uv": [0, 0]},
						{"origin": [0, 221, 0], "size": [2, 2, 2], "uv": [0, 0]},
						{"origin": [-4, 221, 0], "size": [2, 2, 2], "uv": [0, 0]},
						{"origin": [0, 220, -1], "size": [2, 2, 2], "uv": [0, 0]},
						{"origin": [-4, 220, -1], "size": [2, 2, 2], "uv": [0, 0]},
						{"origin": [0, 218, -2], "size": [2, 2, 2], "uv": [0, 0]},
						{"origin": [-4, 218, -2], "size": [2, 2, 2], "uv": [0, 0]},
						{"origin": [0, 215, -3], "size": [2, 3, 2], "uv": [0, 0]},
						{"origin": [-4, 215, -3], "size": [2, 3, 2], "uv": [0, 0]},
						{"origin": [-4, 223, 4], "size": [2, 2, 2], "uv": [0, 0]},
						{"origin": [0, 223, 4], "size": [2, 2, 2], "uv": [0, 0]},
						{"origin": [2, 224, 4], "size": [2, 2, 2], "uv": [0, 0]},
						{"origin": [-6, 224, 4], "size": [2, 2, 2], "uv": [0, 0]},
						{"origin": [4, 226, 4], "size": [2, 2, 2], "uv": [0, 0]},
						{"origin": [-8, 226, 4], "size": [2, 2, 2], "uv": [0, 0]},
						{"origin": [5, 228, 4], "size": [2, 2, 2], "uv": [0, 0]},
						{"origin": [-9, 228, 4], "size": [2, 2, 2], "uv": [0, 0]},
						{"origin": [-8, 215, -2], "size": [2, 4, 2], "uv": [0, 0]},
						{"origin": [4, 219, -1], "size": [2, 4, 2], "uv": [0, 0]},
						{"origin": [-8, 219, -1], "size": [2, 4, 2], "uv": [0, 0]},
						{"origin": [9, 215, 0], "size": [2, 5, 2], "uv": [0, 0]},
						{"origin": [-13, 215, 0], "size": [2, 5, 2], "uv": [0, 0]},
						{"origin": [11, 215, 1], "size": [2, 5, 2], "uv": [0, 0]},
						{"origin": [-15, 215, 1], "size": [2, 5, 2], "uv": [0, 0]},
						{"origin": [13, 215, 2], "size": [2, 5, 2], "uv": [0, 0]},
						{"origin": [-17, 215, 2], "size": [2, 5, 2], "uv": [0, 0]},
						{"origin": [15, 215, 4], "size": [2, 4, 2], "uv": [0, 0]},
						{"origin": [9, 220, 1], "size": [2, 5, 2], "uv": [0, 0]},
						{"origin": [-13, 220, 1], "size": [2, 5, 2], "uv": [0, 0]},
						{"origin": [11, 225, 3], "size": [2, 5, 2], "uv": [0, 0]},
						{"origin": [-15, 225, 3], "size": [2, 5, 2], "uv": [0, 0]},
						{"origin": [11, 230, 4], "size": [2, 5, 2], "uv": [0, 0]},
						{"origin": [-15, 230, 4], "size": [2, 5, 2], "uv": [0, 0]},
						{"origin": [11, 220, 2], "size": [2, 5, 2], "uv": [0, 0]},
						{"origin": [-15, 220, 2], "size": [2, 5, 2], "uv": [0, 0]},
						{"origin": [13, 220, 3], "size": [2, 5, 2], "uv": [0, 0]},
						{"origin": [15, 219, 4], "size": [2, 5, 2], "uv": [0, 0]},
						{"origin": [16, 219, 5], "size": [2, 5, 2], "uv": [0, 0]},
						{"origin": [-20, 219, 5], "size": [2, 5, 2], "uv": [0, 0]},
						{"origin": [16, 224, 6], "size": [2, 6, 1], "uv": [0, 0]},
						{"origin": [-20, 224, 6], "size": [2, 6, 1], "uv": [0, 0]},
						{"origin": [-17, 220, 3], "size": [2, 5, 2], "uv": [0, 0]},
						{"origin": [-19, 219, 4], "size": [2, 5, 2], "uv": [0, 0]},
						{"origin": [13, 220, 4], "size": [2, 15, 2], "uv": [0, 0]},
						{"origin": [15, 219, 5], "size": [2, 16, 2], "uv": [0, 0]},
						{"origin": [-19, 219, 5], "size": [2, 16, 2], "uv": [0, 0]},
						{"origin": [-17, 219, 4], "size": [2, 16, 2], "uv": [0, 0]},
						{"origin": [9, 225, 2], "size": [2, 4, 2], "uv": [0, 0]},
						{"origin": [-13, 225, 2], "size": [2, 4, 2], "uv": [0, 0]},
						{"origin": [9, 229, 3], "size": [2, 3, 2], "uv": [0, 0]},
						{"origin": [-13, 229, 3], "size": [2, 3, 2], "uv": [0, 0]},
						{"origin": [9, 232, 4], "size": [2, 3, 2], "uv": [0, 0]},
						{"origin": [-13, 232, 4], "size": [2, 3, 2], "uv": [0, 0]},
						{"origin": [6, 215, -1], "size": [3, 5, 2], "uv": [0, 0]},
						{"origin": [-11, 215, -1], "size": [3, 5, 2], "uv": [0, 0]},
						{"origin": [6, 224, 1], "size": [3, 2, 2], "uv": [0, 0]},
						{"origin": [-11, 224, 1], "size": [3, 2, 2], "uv": [0, 0]},
						{"origin": [7, 228, 3], "size": [2, 2, 2], "uv": [0, 0]},
						{"origin": [-11, 228, 3], "size": [2, 2, 2], "uv": [0, 0]},
						{"origin": [7, 230, 4], "size": [2, 2, 2], "uv": [0, 0]},
						{"origin": [-11, 230, 4], "size": [2, 2, 2], "uv": [0, 0]},
						{"origin": [7, 232, 5], "size": [2, 3, 2], "uv": [0, 0]},
						{"origin": [-11, 232, 5], "size": [2, 3, 2], "uv": [0, 0]},
						{"origin": [6, 226, 2], "size": [3, 2, 2], "uv": [0, 0]},
						{"origin": [-11, 226, 2], "size": [3, 2, 2], "uv": [0, 0]},
						{"origin": [6, 220, 0], "size": [3, 4, 2], "uv": [0, 0]},
						{"origin": [-11, 220, 0], "size": [3, 4, 2], "uv": [0, 0]},
						{"origin": [4, 214, -2], "size": [2, 5, 2], "uv": [0, 0]},
						{"origin": [4, 223, 0], "size": [2, 2, 2], "uv": [0, 0]},
						{"origin": [-8, 223, 0], "size": [2, 2, 2], "uv": [0, 0]},
						{"origin": [4, 225, 2], "size": [2, 2, 2], "uv": [0, 0]},
						{"origin": [-8, 225, 2], "size": [2, 2, 2], "uv": [0, 0]},
						{"origin": [2, 223, 2], "size": [2, 2, 2], "uv": [0, 0]},
						{"origin": [-6, 223, 2], "size": [2, 2, 2], "uv": [0, 0]},
						{"origin": [2, 222, 0], "size": [2, 2, 2], "uv": [0, 0]},
						{"origin": [-6, 222, 0], "size": [2, 2, 2], "uv": [0, 0]},
						{"origin": [2, 218, -2], "size": [2, 3, 2], "uv": [0, 0]},
						{"origin": [-6, 218, -2], "size": [2, 3, 2], "uv": [0, 0]},
						{"origin": [-6, 215, -3], "size": [2, 3, 2], "uv": [0, 0]},
						{"origin": [2, 215, -3], "size": [2, 3, 2], "uv": [0, 0]},
						{"origin": [2, 221, -1], "size": [2, 2, 2], "uv": [0, 0]},
						{"origin": [-6, 221, -1], "size": [2, 2, 2], "uv": [0, 0]},
						{"origin": [-2, 221, 2], "size": [2, 2, 2], "uv": [0, 0]},
						{"origin": [-2, 220, 0], "size": [2, 2, 2], "uv": [0, 0]},
						{"origin": [-2, 215, -2], "size": [2, 3, 2], "uv": [0, 0]},
						{"origin": [-4, 197, -4], "size": [6, 18, 2], "uv": [0, 0]},
						{"origin": [-5, 187, -4], "size": [8, 18, 2], "uv": [0, 0]},
						{"origin": [-5, 187, -5], "size": [8, 11, 3], "uv": [0, 0]},
						{"origin": [-8, 188, -4], "size": [14, 9, 2], "uv": [0, 0]},
						{"origin": [-10, 189, -3], "size": [18, 7, 1], "uv": [0, 0]},
						{"origin": [-6, 197, -3], "size": [10, 6, 2], "uv": [0, 0]},
						{"origin": [-8, 188, -3], "size": [14, 14, 2], "uv": [0, 0]},
						{"origin": [-5, 209, -4], "size": [8, 6, 2], "uv": [0, 0]},
						{"origin": [-6, 211, -3], "size": [10, 4, 2], "uv": [0, 0]},
						{"origin": [-8, 212, -3], "size": [14, 3, 2], "uv": [0, 0]},
						{"origin": [6, 213, -2], "size": [3, 2, 2], "uv": [0, 0]},
						{"origin": [-11, 213, -2], "size": [3, 2, 2], "uv": [0, 0]},
						{"origin": [6, 201, 0], "size": [3, 13, 3], "uv": [39, 93]},
						{"origin": [-11, 201, 0], "size": [3, 13, 3], "uv": [39, 93]},
						{"origin": [9, 201, 1], "size": [4, 13, 3], "uv": [39, 93]},
						{"origin": [-15, 201, 1], "size": [4, 13, 3], "uv": [39, 93]},
						{"origin": [2, 201, 0], "size": [4, 13, 3], "uv": [39, 93]},
						{"origin": [-8, 201, 0], "size": [4, 13, 3], "uv": [39, 93]},
						{"origin": [1, 201, -2], "size": [1, 13, 5], "uv": [39, 93]},
						{"origin": [-4, 201, -2], "size": [1, 13, 5], "uv": [39, 93]},
						{"origin": [4, 212, -1], "size": [2, 1, 4], "uv": [39, 93]},
						{"origin": [9, 212, 0], "size": [2, 1, 3], "uv": [39, 93]},
						{"origin": [9, 212, 0], "size": [2, 1, 3], "uv": [39, 93]},
						{"origin": [6, 189, -2], "size": [2, 12, 2], "uv": [0, 0]},
						{"origin": [-10, 189, -2], "size": [2, 12, 2], "uv": [0, 0]},
						{"origin": [8, 190, -2], "size": [1, 11, 2], "uv": [0, 0]},
						{"origin": [-11, 190, -2], "size": [3, 11, 2], "uv": [0, 0]},
						{"origin": [9, 212, -1], "size": [2, 3, 2], "uv": [0, 0]},
						{"origin": [-13, 212, -1], "size": [2, 3, 2], "uv": [0, 0]},
						{"origin": [9, 192, -1], "size": [1, 10, 2], "uv": [0, 0]},
						{"origin": [9, 195, -1], "size": [2, 7, 2], "uv": [0, 0]},
						{"origin": [-13, 195, -1], "size": [2, 7, 2], "uv": [0, 0]},
						{"origin": [-12, 192, -1], "size": [1, 10, 2], "uv": [0, 0]},
						{"origin": [11, 211, 0], "size": [2, 4, 2], "uv": [0, 0]},
						{"origin": [-15, 211, 0], "size": [2, 4, 2], "uv": [0, 0]},
						{"origin": [11, 197, 0], "size": [2, 6, 2], "uv": [0, 0]},
						{"origin": [11, 175, 0], "size": [2, 12, 2], "uv": [0, 0]},
						{"origin": [-15, 175, 0], "size": [2, 12, 2], "uv": [0, 0]},
						{"origin": [9, 175, -1], "size": [2, 8, 2], "uv": [0, 0]},
						{"origin": [-13, 175, -1], "size": [2, 8, 2], "uv": [0, 0]},
						{"origin": [6, 175, -2], "size": [3, 6, 2], "uv": [0, 0]},
						{"origin": [-11, 175, -2], "size": [3, 6, 2], "uv": [0, 0]},
						{"origin": [3, 175, -3], "size": [3, 5, 2], "uv": [0, 0]},
						{"origin": [-8, 175, -3], "size": [3, 5, 2], "uv": [0, 0]},
						{"origin": [-5, 175, -4], "size": [8, 4, 2], "uv": [0, 0]},
						{"origin": [-15, 197, 0], "size": [2, 6, 2], "uv": [0, 0]},
						{"origin": [12, 209, 0], "size": [1, 6, 2], "uv": [0, 0]},
						{"origin": [-15, 209, 0], "size": [1, 6, 2], "uv": [0, 0]},
						{"origin": [12, 199, 0], "size": [1, 6, 2], "uv": [0, 0]},
						{"origin": [-15, 199, 0], "size": [1, 6, 2], "uv": [0, 0]},
						{"origin": [15, 175, 2], "size": [2, 44, 2], "uv": [0, 0]},
						{"origin": [-19, 175, 2], "size": [2, 44, 2], "uv": [0, 0]},
						{"origin": [17, 175, 4], "size": [2, 44, 3], "uv": [0, 0]},
						{"origin": [-21, 175, 4], "size": [2, 44, 3], "uv": [0, 0]},
						{"origin": [13, 175, 1], "size": [2, 40, 2], "uv": [0, 0]},
						{"origin": [-17, 175, 1], "size": [2, 40, 2], "uv": [0, 0]},
						{"origin": [-2, 218, -1], "size": [2, 2, 2], "uv": [0, 0]},
						{"origin": [3, 226, 6], "size": [2, 2, 9], "uv": [0, 0]},
						{"origin": [-7, 226, 6], "size": [2, 2, 9], "uv": [0, 0]}
					]
				},
				{
					"name": "mask2",
					"parent": "mask",
					"pivot": [-0.71429, 215.34161, 9.6118],
					"rotation": [0, 180, 0],
					"cubes": [
						{"origin": [6, 232, 1], "size": [2, 3, 9], "uv": [0, 0]},
						{"origin": [17, 219, 2], "size": [2, 16, 8], "uv": [0, 0]},
						{"origin": [-21, 219, 2], "size": [2, 16, 8], "uv": [0, 0]},
						{"origin": [18, 175, 2], "size": [2, 44, 8], "uv": [0, 0]},
						{"origin": [-22, 175, 2], "size": [2, 44, 8], "uv": [0, 0]},
						{"origin": [-10, 232, 1], "size": [2, 3, 9], "uv": [0, 0]},
						{"origin": [5, 230, 1], "size": [2, 2, 9], "uv": [0, 0]},
						{"origin": [-9, 230, 1], "size": [2, 2, 9], "uv": [0, 0]},
						{"origin": [4, 228, 1], "size": [2, 2, 9], "uv": [0, 0]},
						{"origin": [-8, 228, 1], "size": [2, 2, 9], "uv": [0, 0]},
						{"origin": [2, 225, 1], "size": [2, 2, 9], "uv": [0, 0]},
						{"origin": [-6, 225, 1], "size": [2, 2, 9], "uv": [0, 0]},
						{"origin": [0, 224, 1], "size": [2, 2, 9], "uv": [0, 0]},
						{"origin": [-4, 224, 1], "size": [2, 2, 9], "uv": [0, 0]},
						{"origin": [-2, 223, 1], "size": [2, 2, 9], "uv": [0, 0]},
						{"origin": [-2, 222, -1], "size": [2, 2, 2], "uv": [0, 0]},
						{"origin": [0, 222, -3], "size": [2, 2, 2], "uv": [0, 0]},
						{"origin": [-4, 222, -3], "size": [2, 2, 2], "uv": [0, 0]},
						{"origin": [0, 221, -5], "size": [2, 2, 2], "uv": [0, 0]},
						{"origin": [-4, 221, -5], "size": [2, 2, 2], "uv": [0, 0]},
						{"origin": [0, 220, -6], "size": [2, 2, 2], "uv": [0, 0]},
						{"origin": [-4, 220, -6], "size": [2, 2, 2], "uv": [0, 0]},
						{"origin": [0, 218, -7], "size": [2, 2, 2], "uv": [0, 0]},
						{"origin": [-4, 218, -7], "size": [2, 2, 2], "uv": [0, 0]},
						{"origin": [0, 215, -8], "size": [2, 3, 2], "uv": [0, 0]},
						{"origin": [-4, 215, -8], "size": [2, 3, 2], "uv": [0, 0]},
						{"origin": [-4, 223, -1], "size": [2, 2, 2], "uv": [0, 0]},
						{"origin": [0, 223, -1], "size": [2, 2, 2], "uv": [0, 0]},
						{"origin": [2, 224, -1], "size": [2, 2, 2], "uv": [0, 0]},
						{"origin": [-6, 224, -1], "size": [2, 2, 2], "uv": [0, 0]},
						{"origin": [4, 226, -1], "size": [2, 2, 2], "uv": [0, 0]},
						{"origin": [-8, 226, -1], "size": [2, 2, 2], "uv": [0, 0]},
						{"origin": [5, 228, -1], "size": [2, 2, 2], "uv": [0, 0]},
						{"origin": [-9, 228, -1], "size": [2, 2, 2], "uv": [0, 0]},
						{"origin": [-8, 215, -7], "size": [2, 4, 2], "uv": [0, 0]},
						{"origin": [4, 219, -6], "size": [2, 4, 2], "uv": [0, 0]},
						{"origin": [-8, 219, -6], "size": [2, 4, 2], "uv": [0, 0]},
						{"origin": [9, 215, -5], "size": [2, 5, 2], "uv": [0, 0]},
						{"origin": [-13, 215, -5], "size": [2, 5, 2], "uv": [0, 0]},
						{"origin": [11, 215, -4], "size": [2, 5, 2], "uv": [0, 0]},
						{"origin": [-15, 215, -4], "size": [2, 5, 2], "uv": [0, 0]},
						{"origin": [13, 215, -3], "size": [2, 5, 2], "uv": [0, 0]},
						{"origin": [-17, 215, -3], "size": [2, 5, 2], "uv": [0, 0]},
						{"origin": [15, 215, -1], "size": [2, 4, 2], "uv": [0, 0]},
						{"origin": [9, 220, -4], "size": [2, 5, 2], "uv": [0, 0]},
						{"origin": [-13, 220, -4], "size": [2, 5, 2], "uv": [0, 0]},
						{"origin": [11, 225, -2], "size": [2, 5, 2], "uv": [0, 0]},
						{"origin": [-15, 225, -2], "size": [2, 5, 2], "uv": [0, 0]},
						{"origin": [11, 230, -1], "size": [2, 5, 2], "uv": [0, 0]},
						{"origin": [-15, 230, -1], "size": [2, 5, 2], "uv": [0, 0]},
						{"origin": [11, 220, -3], "size": [2, 5, 2], "uv": [0, 0]},
						{"origin": [-15, 220, -3], "size": [2, 5, 2], "uv": [0, 0]},
						{"origin": [13, 220, -2], "size": [2, 5, 2], "uv": [0, 0]},
						{"origin": [15, 219, -1], "size": [2, 5, 2], "uv": [0, 0]},
						{"origin": [16, 219, 0], "size": [2, 5, 2], "uv": [0, 0]},
						{"origin": [-20, 219, 0], "size": [2, 5, 2], "uv": [0, 0]},
						{"origin": [16, 224, 1], "size": [2, 6, 1], "uv": [0, 0]},
						{"origin": [-20, 224, 1], "size": [2, 6, 1], "uv": [0, 0]},
						{"origin": [-17, 220, -2], "size": [2, 5, 2], "uv": [0, 0]},
						{"origin": [-19, 219, -1], "size": [2, 5, 2], "uv": [0, 0]},
						{"origin": [13, 220, -1], "size": [2, 15, 2], "uv": [0, 0]},
						{"origin": [15, 219, 0], "size": [2, 16, 2], "uv": [0, 0]},
						{"origin": [-19, 219, 0], "size": [2, 16, 2], "uv": [0, 0]},
						{"origin": [-17, 219, -1], "size": [2, 16, 2], "uv": [0, 0]},
						{"origin": [9, 225, -3], "size": [2, 4, 2], "uv": [0, 0]},
						{"origin": [-13, 225, -3], "size": [2, 4, 2], "uv": [0, 0]},
						{"origin": [9, 229, -2], "size": [2, 3, 2], "uv": [0, 0]},
						{"origin": [-13, 229, -2], "size": [2, 3, 2], "uv": [0, 0]},
						{"origin": [9, 232, -1], "size": [2, 3, 2], "uv": [0, 0]},
						{"origin": [-13, 232, -1], "size": [2, 3, 2], "uv": [0, 0]},
						{"origin": [6, 215, -6], "size": [3, 5, 2], "uv": [0, 0]},
						{"origin": [-11, 215, -6], "size": [3, 5, 2], "uv": [0, 0]},
						{"origin": [6, 224, -4], "size": [3, 2, 2], "uv": [0, 0]},
						{"origin": [-11, 224, -4], "size": [3, 2, 2], "uv": [0, 0]},
						{"origin": [7, 228, -2], "size": [2, 2, 2], "uv": [0, 0]},
						{"origin": [-11, 228, -2], "size": [2, 2, 2], "uv": [0, 0]},
						{"origin": [7, 230, -1], "size": [2, 2, 2], "uv": [0, 0]},
						{"origin": [-11, 230, -1], "size": [2, 2, 2], "uv": [0, 0]},
						{"origin": [7, 232, 0], "size": [2, 3, 2], "uv": [0, 0]},
						{"origin": [-11, 232, 0], "size": [2, 3, 2], "uv": [0, 0]},
						{"origin": [6, 226, -3], "size": [3, 2, 2], "uv": [0, 0]},
						{"origin": [-11, 226, -3], "size": [3, 2, 2], "uv": [0, 0]},
						{"origin": [6, 220, -5], "size": [3, 4, 2], "uv": [0, 0]},
						{"origin": [-11, 220, -5], "size": [3, 4, 2], "uv": [0, 0]},
						{"origin": [4, 214, -7], "size": [2, 5, 2], "uv": [0, 0]},
						{"origin": [4, 223, -5], "size": [2, 2, 2], "uv": [0, 0]},
						{"origin": [-8, 223, -5], "size": [2, 2, 2], "uv": [0, 0]},
						{"origin": [4, 225, -3], "size": [2, 2, 2], "uv": [0, 0]},
						{"origin": [-8, 225, -3], "size": [2, 2, 2], "uv": [0, 0]},
						{"origin": [2, 223, -3], "size": [2, 2, 2], "uv": [0, 0]},
						{"origin": [-6, 223, -3], "size": [2, 2, 2], "uv": [0, 0]},
						{"origin": [2, 222, -5], "size": [2, 2, 2], "uv": [0, 0]},
						{"origin": [-6, 222, -5], "size": [2, 2, 2], "uv": [0, 0]},
						{"origin": [2, 218, -7], "size": [2, 3, 2], "uv": [0, 0]},
						{"origin": [-6, 218, -7], "size": [2, 3, 2], "uv": [0, 0]},
						{"origin": [-6, 215, -8], "size": [2, 3, 2], "uv": [0, 0]},
						{"origin": [2, 215, -8], "size": [2, 3, 2], "uv": [0, 0]},
						{"origin": [2, 221, -6], "size": [2, 2, 2], "uv": [0, 0]},
						{"origin": [-6, 221, -6], "size": [2, 2, 2], "uv": [0, 0]},
						{"origin": [-2, 221, -3], "size": [2, 2, 2], "uv": [0, 0]},
						{"origin": [-2, 220, -5], "size": [2, 2, 2], "uv": [0, 0]},
						{"origin": [-2, 215, -7], "size": [2, 3, 2], "uv": [0, 0]},
						{"origin": [-4, 197, -9], "size": [6, 18, 2], "uv": [0, 0]},
						{"origin": [-5, 187, -9], "size": [8, 18, 2], "uv": [0, 0]},
						{"origin": [-5, 175, -10], "size": [8, 23, 3], "uv": [0, 0]},
						{"origin": [-8, 175, -9], "size": [14, 22, 2], "uv": [0, 0]},
						{"origin": [-10, 175, -8], "size": [18, 21, 1], "uv": [0, 0]},
						{"origin": [-6, 197, -8], "size": [10, 6, 2], "uv": [0, 0]},
						{"origin": [-8, 188, -8], "size": [14, 14, 2], "uv": [0, 0]},
						{"origin": [-5, 204, -9], "size": [8, 11, 2], "uv": [0, 0]},
						{"origin": [-6, 211, -8], "size": [10, 4, 2], "uv": [0, 0]},
						{"origin": [-8, 201, -8], "size": [14, 14, 2], "uv": [0, 0]},
						{"origin": [6, 200, -7], "size": [3, 15, 2], "uv": [0, 0]},
						{"origin": [-11, 213, -7], "size": [3, 2, 2], "uv": [0, 0]},
						{"origin": [6, 201, -5], "size": [3, 13, 3], "uv": [39, 93]},
						{"origin": [-11, 201, -5], "size": [3, 13, 3], "uv": [39, 93]},
						{"origin": [9, 201, -4], "size": [4, 13, 3], "uv": [39, 93]},
						{"origin": [-15, 201, -4], "size": [4, 13, 3], "uv": [39, 93]},
						{"origin": [2, 201, -5], "size": [4, 13, 3], "uv": [39, 93]},
						{"origin": [-8, 201, -5], "size": [4, 13, 3], "uv": [39, 93]},
						{"origin": [1, 201, -7], "size": [1, 13, 5], "uv": [39, 93]},
						{"origin": [-4, 201, -7], "size": [1, 13, 5], "uv": [39, 93]},
						{"origin": [4, 212, -6], "size": [2, 1, 4], "uv": [39, 93]},
						{"origin": [9, 212, -5], "size": [2, 1, 3], "uv": [39, 93]},
						{"origin": [9, 212, -5], "size": [2, 1, 3], "uv": [39, 93]},
						{"origin": [6, 189, -7], "size": [2, 12, 2], "uv": [0, 0]},
						{"origin": [-10, 189, -7], "size": [2, 12, 2], "uv": [0, 0]},
						{"origin": [8, 176, -7], "size": [1, 25, 2], "uv": [0, 0]},
						{"origin": [-11, 181, -7], "size": [3, 33, 2], "uv": [0, 0]},
						{"origin": [9, 212, -6], "size": [2, 3, 2], "uv": [0, 0]},
						{"origin": [-13, 200, -6], "size": [2, 15, 2], "uv": [0, 0]},
						{"origin": [9, 192, -6], "size": [1, 10, 2], "uv": [0, 0]},
						{"origin": [9, 195, -6], "size": [2, 17, 2], "uv": [0, 0]},
						{"origin": [-13, 195, -6], "size": [2, 7, 2], "uv": [0, 0]},
						{"origin": [-12, 192, -6], "size": [1, 10, 2], "uv": [0, 0]},
						{"origin": [11, 200, -5], "size": [2, 15, 2], "uv": [0, 0]},
						{"origin": [-15, 211, -5], "size": [2, 4, 2], "uv": [0, 0]},
						{"origin": [11, 183, -5], "size": [2, 20, 2], "uv": [0, 0]},
						{"origin": [11, 175, -5], "size": [2, 12, 2], "uv": [0, 0]},
						{"origin": [-15, 175, -5], "size": [2, 25, 2], "uv": [0, 0]},
						{"origin": [9, 175, -6], "size": [2, 22, 2], "uv": [0, 0]},
						{"origin": [-13, 175, -6], "size": [2, 21, 2], "uv": [0, 0]},
						{"origin": [6, 175, -7], "size": [3, 6, 2], "uv": [0, 0]},
						{"origin": [-11, 175, -7], "size": [3, 6, 2], "uv": [0, 0]},
						{"origin": [3, 175, -8], "size": [3, 5, 2], "uv": [0, 0]},
						{"origin": [-8, 175, -8], "size": [3, 5, 2], "uv": [0, 0]},
						{"origin": [-5, 175, -9], "size": [8, 4, 2], "uv": [0, 0]},
						{"origin": [-15, 197, -5], "size": [2, 15, 2], "uv": [0, 0]},
						{"origin": [12, 209, -5], "size": [1, 6, 2], "uv": [0, 0]},
						{"origin": [-15, 209, -5], "size": [1, 6, 2], "uv": [0, 0]},
						{"origin": [12, 199, -5], "size": [1, 6, 2], "uv": [0, 0]},
						{"origin": [-15, 199, -5], "size": [1, 6, 2], "uv": [0, 0]},
						{"origin": [15, 175, -3], "size": [2, 44, 2], "uv": [0, 0]},
						{"origin": [-19, 175, -3], "size": [2, 44, 2], "uv": [0, 0]},
						{"origin": [17, 175, -1], "size": [2, 44, 3], "uv": [0, 0]},
						{"origin": [-21, 175, -1], "size": [2, 44, 3], "uv": [0, 0]},
						{"origin": [13, 175, -4], "size": [2, 40, 2], "uv": [0, 0]},
						{"origin": [-17, 175, -4], "size": [2, 40, 2], "uv": [0, 0]},
						{"origin": [-2, 218, -6], "size": [2, 2, 2], "uv": [0, 0]},
						{"origin": [3, 226, 1], "size": [2, 2, 9], "uv": [0, 0]},
						{"origin": [-7, 226, 1], "size": [2, 2, 9], "uv": [0, 0]}
					]
				},
				{
					"name": "bc",
					"parent": "ad",
					"pivot": [0, 159, 0],
					"cubes": [
						{"origin": [-5, 179, -2], "size": [8, 1, 2], "uv": [42, 107]},
						{"origin": [-5, 179, 0], "size": [8, 2, 2], "uv": [42, 107]},
						{"origin": [-5, 180, 1], "size": [8, 2, 2], "uv": [42, 107]},
						{"origin": [-5, 182, 2], "size": [8, 2, 2], "uv": [42, 107]},
						{"origin": [-5, 184, 1], "size": [8, 2, 2], "uv": [42, 107]},
						{"origin": [-5, 185, 0], "size": [8, 2, 2], "uv": [42, 107]},
						{"origin": [-5, 186, -2], "size": [8, 2, 2], "uv": [42, 107]}
					]
				},
				{
					"name": "bc2",
					"parent": "bc",
					"pivot": [-5, 183.07143, 1],
					"rotation": [0, 17.5, 22.5],
					"cubes": [
						{"origin": [-12, 179, -2], "size": [9, 1, 2], "uv": [42, 107]},
						{"origin": [-12, 179, 0], "size": [9, 2, 2], "uv": [42, 107]},
						{"origin": [-12, 180, 1], "size": [9, 2, 2], "uv": [42, 107]},
						{"origin": [-12, 182, 2], "size": [9, 2, 2], "uv": [42, 107]},
						{"origin": [-12, 184, 1], "size": [9, 2, 2], "uv": [42, 107]},
						{"origin": [-12, 185, 0], "size": [9, 2, 2], "uv": [42, 107]},
						{"origin": [-12, 186, -2], "size": [9, 2, 2], "uv": [42, 107]}
					]
				},
				{
					"name": "bc4",
					"parent": "bc",
					"pivot": [2, 183.07143, 1],
					"rotation": [5.94592, 18.93463, 156.11175],
					"cubes": [
						{"origin": [-6, 179, -2], "size": [10, 1, 2], "uv": [42, 107]},
						{"origin": [-6, 179, 0], "size": [10, 2, 2], "uv": [42, 107]},
						{"origin": [-6, 180, 1], "size": [10, 2, 2], "uv": [42, 107]},
						{"origin": [-6, 182, 2], "size": [10, 2, 2], "uv": [42, 107]},
						{"origin": [-6, 184, 1], "size": [10, 2, 2], "uv": [42, 107]},
						{"origin": [-6, 185, 0], "size": [10, 2, 2], "uv": [42, 107]},
						{"origin": [-6, 186, -2], "size": [10, 2, 2], "uv": [42, 107]}
					]
				},
				{
					"name": "bc5",
					"parent": "bc",
					"pivot": [9, 186.07143, 5],
					"rotation": [-9.96481, -0.28251, 109.18092],
					"cubes": [
						{"origin": [-3, 182, 2], "size": [14, 1, 2], "uv": [42, 107]},
						{"origin": [-3, 182, 4], "size": [14, 2, 2], "uv": [42, 107]},
						{"origin": [-3, 183, 5], "size": [14, 2, 2], "uv": [42, 107]},
						{"origin": [-3, 185, 6], "size": [14, 2, 2], "uv": [42, 107]},
						{"origin": [-3, 185, 2], "size": [1, 2, 6], "uv": [42, 107]},
						{"origin": [-3, 187, 5], "size": [14, 2, 2], "uv": [42, 107]},
						{"origin": [-3, 188, 4], "size": [14, 2, 2], "uv": [42, 107]},
						{"origin": [0, 189, 2], "size": [11, 2, 2], "uv": [42, 107]}
					]
				},
				{
					"name": "bc3",
					"parent": "bc",
					"pivot": [-10, 186.07143, 3],
					"rotation": [11.83587, 7.91698, 65.30426],
					"cubes": [
						{"origin": [-23, 183, 0], "size": [15, 0, 2], "uv": [42, 107]},
						{"origin": [-23, 182, 2], "size": [15, 2, 2], "uv": [42, 107]},
						{"origin": [-23, 183, 3], "size": [15, 2, 2], "uv": [42, 107]},
						{"origin": [-23, 185, 4], "size": [15, 2, 2], "uv": [42, 107]},
						{"origin": [-23, 187, 3], "size": [15, 2, 2], "uv": [42, 107]},
						{"origin": [-23, 188, 2], "size": [15, 2, 2], "uv": [42, 107]},
						{"origin": [-23, 189, 0], "size": [15, 2, 2], "uv": [42, 107]}
					]
				},
				{
					"name": "lingua",
					"parent": "bc",
					"pivot": [-5.7, 181, -0.5],
					"cubes": [
						{"origin": [-9, 180, -1], "size": [6, 3, 2], "uv": [28, 220]},
						{"origin": [-10, 179, -4], "size": [7, 3, 3], "uv": [28, 220]},
						{"origin": [-10, 175, -6], "size": [6, 5, 2], "uv": [28, 220]},
						{"origin": [-9, 171, -7], "size": [4, 8, 2], "uv": [28, 220]},
						{"origin": [-8, 170, -8], "size": [2, 6, 2], "uv": [28, 220]}
					]
				},
				{
					"name": "chapu3",
					"parent": "ad",
					"pivot": [-14.5, 236.5, 11.5],
					"cubes": [
						{"origin": [-10, 235, 9], "size": [2, 3, 6], "uv": [223, 27]},
						{"origin": [-20, 235, 14], "size": [2, 3, 3], "uv": [223, 27]},
						{"origin": [-20, 235, 7], "size": [2, 3, 3], "uv": [223, 27]},
						{"origin": [-11, 235, 7], "size": [2, 3, 3], "uv": [223, 27]},
						{"origin": [-11, 235, 14], "size": [2, 3, 3], "uv": [223, 27]},
						{"origin": [-12, 235, 15], "size": [2, 3, 3], "uv": [223, 27]},
						{"origin": [-19, 235, 15], "size": [2, 3, 3], "uv": [223, 27]},
						{"origin": [-19, 235, 6], "size": [2, 3, 3], "uv": [223, 27]},
						{"origin": [-12, 235, 6], "size": [2, 3, 3], "uv": [223, 27]},
						{"origin": [-17, 235, 5], "size": [5, 3, 3], "uv": [223, 27]},
						{"origin": [-17, 235, 16], "size": [5, 3, 3], "uv": [223, 27]},
						{"origin": [-21, 235, 9], "size": [2, 3, 6], "uv": [223, 27]}
					]
				},
				{
					"name": "chapu4",
					"parent": "chapu3",
					"pivot": [-27, 162, 1],
					"cubes": [
						{"origin": [-10, 238, 9], "size": [2, 3, 6], "uv": [205, 80]},
						{"origin": [-20, 238, 14], "size": [2, 3, 3], "uv": [205, 80]},
						{"origin": [-20, 238, 7], "size": [2, 3, 3], "uv": [205, 80]},
						{"origin": [-11, 238, 7], "size": [2, 3, 3], "uv": [205, 80]},
						{"origin": [-11, 238, 14], "size": [2, 3, 3], "uv": [205, 80]},
						{"origin": [-12, 238, 15], "size": [2, 3, 3], "uv": [205, 80]},
						{"origin": [-19, 238, 15], "size": [2, 3, 3], "uv": [205, 80]},
						{"origin": [-19, 238, 6], "size": [2, 3, 3], "uv": [205, 80]},
						{"origin": [-12, 238, 6], "size": [2, 3, 3], "uv": [205, 80]},
						{"origin": [-17, 238, 5], "size": [5, 3, 3], "uv": [205, 80]},
						{"origin": [-17, 238, 16], "size": [5, 3, 3], "uv": [205, 80]},
						{"origin": [-21, 238, 9], "size": [2, 3, 6], "uv": [205, 80]}
					]
				},
				{
					"name": "chapeu9",
					"parent": "chapu3",
					"pivot": [-27, 159, 1],
					"cubes": [
						{"origin": [-20, 241, 9], "size": [2, 3, 6], "uv": [202, 2]},
						{"origin": [-12, 241, 7], "size": [2, 3, 3], "uv": [202, 2]},
						{"origin": [-19, 241, 7], "size": [2, 3, 3], "uv": [202, 2]},
						{"origin": [-17, 241, 6], "size": [5, 3, 3], "uv": [202, 2]},
						{"origin": [-11, 241, 9], "size": [2, 3, 6], "uv": [202, 2]},
						{"origin": [-12, 241, 14], "size": [2, 3, 3], "uv": [202, 2]},
						{"origin": [-19, 241, 14], "size": [2, 3, 3], "uv": [202, 2]},
						{"origin": [-17, 241, 15], "size": [5, 3, 3], "uv": [202, 2]}
					]
				},
				{
					"name": "chapeu10",
					"parent": "chapeu9",
					"pivot": [-27, 159, 1],
					"cubes": [
						{"origin": [-20, 244, 9], "size": [2, 3, 6], "uv": [205, 103]},
						{"origin": [-12, 244, 7], "size": [2, 3, 3], "uv": [205, 103]},
						{"origin": [-19, 244, 7], "size": [2, 3, 3], "uv": [205, 103]},
						{"origin": [-17, 244, 6], "size": [5, 3, 3], "uv": [205, 103]},
						{"origin": [-11, 244, 9], "size": [2, 3, 6], "uv": [205, 103]},
						{"origin": [-12, 244, 14], "size": [2, 3, 3], "uv": [205, 103]},
						{"origin": [-19, 244, 14], "size": [2, 3, 3], "uv": [205, 103]},
						{"origin": [-17, 244, 15], "size": [5, 3, 3], "uv": [205, 103]}
					]
				},
				{
					"name": "chapeu11",
					"parent": "chapu3",
					"pivot": [-27, 159, 1],
					"cubes": [
						{"origin": [-19, 247, 9], "size": [2, 3, 6], "uv": [175, 6]},
						{"origin": [-12, 247, 9], "size": [2, 3, 6], "uv": [175, 6]},
						{"origin": [-17, 247, 7], "size": [5, 3, 3], "uv": [175, 6]},
						{"origin": [-17, 247, 14], "size": [5, 3, 3], "uv": [175, 6]},
						{"origin": [-18, 247, 8], "size": [7, 3, 2], "uv": [175, 6]},
						{"origin": [-18, 247, 14], "size": [7, 3, 2], "uv": [175, 6]}
					]
				},
				{
					"name": "chapeu12",
					"parent": "chapeu11",
					"pivot": [-27, 162, 1],
					"cubes": [
						{"origin": [-19, 250, 9], "size": [2, 3, 6], "uv": [195, 86]},
						{"origin": [-12, 250, 9], "size": [2, 3, 6], "uv": [195, 86]},
						{"origin": [-17, 250, 7], "size": [5, 3, 3], "uv": [195, 86]},
						{"origin": [-17, 250, 14], "size": [5, 3, 3], "uv": [195, 86]},
						{"origin": [-18, 250, 8], "size": [7, 3, 2], "uv": [195, 86]},
						{"origin": [-18, 250, 14], "size": [7, 3, 2], "uv": [195, 86]}
					]
				},
				{
					"name": "chapeu13",
					"parent": "chapeu11",
					"pivot": [-27, 159, 1],
					"cubes": [
						{"origin": [-18, 253, 9], "size": [2, 3, 6], "uv": [212, 6]},
						{"origin": [-13, 253, 9], "size": [2, 3, 6], "uv": [212, 6]},
						{"origin": [-17, 253, 8], "size": [5, 3, 3], "uv": [212, 6]},
						{"origin": [-17, 253, 13], "size": [5, 3, 3], "uv": [212, 6]}
					]
				},
				{
					"name": "chapeu14",
					"parent": "chapeu13",
					"pivot": [-27, 162, 1],
					"cubes": [
						{"origin": [-18, 256, 9], "size": [2, 3, 6], "uv": [206, 102]},
						{"origin": [-13, 256, 9], "size": [2, 3, 6], "uv": [206, 102]},
						{"origin": [-17, 256, 8], "size": [5, 3, 3], "uv": [206, 102]},
						{"origin": [-17, 256, 13], "size": [5, 3, 3], "uv": [206, 102]}
					]
				},
				{
					"name": "chapeu15",
					"parent": "chapeu13",
					"pivot": [-27, 165, 1],
					"cubes": [
						{"origin": [-18, 259, 9], "size": [2, 3, 6], "uv": [202, 26]},
						{"origin": [-13, 259, 9], "size": [2, 3, 6], "uv": [202, 26]},
						{"origin": [-17, 259, 8], "size": [5, 3, 3], "uv": [202, 26]},
						{"origin": [-17, 259, 13], "size": [5, 3, 3], "uv": [202, 26]}
					]
				},
				{
					"name": "chapeu16",
					"parent": "chapeu13",
					"pivot": [-27, 162, 1],
					"cubes": [
						{"origin": [-17, 262, 9], "size": [5, 3, 6], "uv": [203, 117]},
						{"origin": [-17, 268, 9], "size": [5, 3, 6], "uv": [202, 96]},
						{"origin": [-17, 265, 9], "size": [5, 3, 6], "uv": [202, 46]},
						{"origin": [-17, 270, 9], "size": [5, 5, 6], "inflate": -1, "uv": [204, 11]},
						{"origin": [-17, 272, 9], "size": [5, 7, 6], "inflate": -2, "uv": [207, 106]}
					]
				},
				{
					"name": "chapu2",
					"parent": "ad",
					"pivot": [12.5, 236.5, 11.5],
					"cubes": [
						{"origin": [17, 235, 9], "size": [2, 3, 6], "uv": [223, 27]},
						{"origin": [7, 235, 14], "size": [2, 3, 3], "uv": [223, 27]},
						{"origin": [7, 235, 7], "size": [2, 3, 3], "uv": [223, 27]},
						{"origin": [16, 235, 7], "size": [2, 3, 3], "uv": [223, 27]},
						{"origin": [16, 235, 14], "size": [2, 3, 3], "uv": [223, 27]},
						{"origin": [15, 235, 15], "size": [2, 3, 3], "uv": [223, 27]},
						{"origin": [8, 235, 15], "size": [2, 3, 3], "uv": [223, 27]},
						{"origin": [8, 235, 6], "size": [2, 3, 3], "uv": [223, 27]},
						{"origin": [15, 235, 6], "size": [2, 3, 3], "uv": [223, 27]},
						{"origin": [10, 235, 5], "size": [5, 3, 3], "uv": [223, 27]},
						{"origin": [10, 235, 16], "size": [5, 3, 3], "uv": [223, 27]},
						{"origin": [6, 235, 9], "size": [2, 3, 6], "uv": [223, 27]}
					]
				},
				{
					"name": "chapu5",
					"parent": "chapu2",
					"pivot": [0, 162, 1],
					"cubes": [
						{"origin": [17, 238, 9], "size": [2, 3, 6], "uv": [205, 80]},
						{"origin": [7, 238, 14], "size": [2, 3, 3], "uv": [205, 80]},
						{"origin": [7, 238, 7], "size": [2, 3, 3], "uv": [205, 80]},
						{"origin": [16, 238, 7], "size": [2, 3, 3], "uv": [205, 80]},
						{"origin": [16, 238, 14], "size": [2, 3, 3], "uv": [205, 80]},
						{"origin": [15, 238, 15], "size": [2, 3, 3], "uv": [205, 80]},
						{"origin": [8, 238, 15], "size": [2, 3, 3], "uv": [205, 80]},
						{"origin": [8, 238, 6], "size": [2, 3, 3], "uv": [205, 80]},
						{"origin": [15, 238, 6], "size": [2, 3, 3], "uv": [205, 80]},
						{"origin": [10, 238, 5], "size": [5, 3, 3], "uv": [205, 80]},
						{"origin": [10, 238, 16], "size": [5, 3, 3], "uv": [205, 80]},
						{"origin": [6, 238, 9], "size": [2, 3, 6], "uv": [205, 80]}
					]
				},
				{
					"name": "chapeu2",
					"parent": "chapu2",
					"pivot": [0, 159, 1],
					"cubes": [
						{"origin": [7, 241, 9], "size": [2, 3, 6], "uv": [202, 2]},
						{"origin": [15, 241, 7], "size": [2, 3, 3], "uv": [202, 2]},
						{"origin": [8, 241, 7], "size": [2, 3, 3], "uv": [202, 2]},
						{"origin": [10, 241, 6], "size": [5, 3, 3], "uv": [202, 2]},
						{"origin": [16, 241, 9], "size": [2, 3, 6], "uv": [202, 2]},
						{"origin": [15, 241, 14], "size": [2, 3, 3], "uv": [202, 2]},
						{"origin": [8, 241, 14], "size": [2, 3, 3], "uv": [202, 2]},
						{"origin": [10, 241, 15], "size": [5, 3, 3], "uv": [202, 2]}
					]
				},
				{
					"name": "chapeu3",
					"parent": "chapeu2",
					"pivot": [0, 159, 1],
					"cubes": [
						{"origin": [7, 244, 9], "size": [2, 3, 6], "uv": [205, 103]},
						{"origin": [15, 244, 7], "size": [2, 3, 3], "uv": [205, 103]},
						{"origin": [8, 244, 7], "size": [2, 3, 3], "uv": [205, 103]},
						{"origin": [10, 244, 6], "size": [5, 3, 3], "uv": [205, 103]},
						{"origin": [16, 244, 9], "size": [2, 3, 6], "uv": [205, 103]},
						{"origin": [15, 244, 14], "size": [2, 3, 3], "uv": [205, 103]},
						{"origin": [8, 244, 14], "size": [2, 3, 3], "uv": [205, 103]},
						{"origin": [10, 244, 15], "size": [5, 3, 3], "uv": [205, 103]}
					]
				},
				{
					"name": "chapeu4",
					"parent": "chapu2",
					"pivot": [0, 159, 1],
					"cubes": [
						{"origin": [8, 247, 9], "size": [2, 3, 6], "uv": [175, 6]},
						{"origin": [15, 247, 9], "size": [2, 3, 6], "uv": [175, 6]},
						{"origin": [10, 247, 7], "size": [5, 3, 3], "uv": [175, 6]},
						{"origin": [10, 247, 14], "size": [5, 3, 3], "uv": [175, 6]},
						{"origin": [9, 247, 8], "size": [7, 3, 2], "uv": [175, 6]},
						{"origin": [9, 247, 14], "size": [7, 3, 2], "uv": [175, 6]}
					]
				},
				{
					"name": "chapeu5",
					"parent": "chapeu4",
					"pivot": [0, 162, 1],
					"cubes": [
						{"origin": [8, 250, 9], "size": [2, 3, 6], "uv": [195, 86]},
						{"origin": [15, 250, 9], "size": [2, 3, 6], "uv": [195, 86]},
						{"origin": [10, 250, 7], "size": [5, 3, 3], "uv": [195, 86]},
						{"origin": [10, 250, 14], "size": [5, 3, 3], "uv": [195, 86]},
						{"origin": [9, 250, 8], "size": [7, 3, 2], "uv": [195, 86]},
						{"origin": [9, 250, 14], "size": [7, 3, 2], "uv": [195, 86]}
					]
				},
				{
					"name": "chapeu6",
					"parent": "chapeu4",
					"pivot": [0, 159, 1],
					"cubes": [
						{"origin": [9, 253, 9], "size": [2, 3, 6], "uv": [212, 6]},
						{"origin": [14, 253, 9], "size": [2, 3, 6], "uv": [212, 6]},
						{"origin": [10, 253, 8], "size": [5, 3, 3], "uv": [212, 6]},
						{"origin": [10, 253, 13], "size": [5, 3, 3], "uv": [212, 6]}
					]
				},
				{
					"name": "chapeu7",
					"parent": "chapeu6",
					"pivot": [0, 162, 1],
					"cubes": [
						{"origin": [9, 256, 9], "size": [2, 3, 6], "uv": [206, 102]},
						{"origin": [14, 256, 9], "size": [2, 3, 6], "uv": [206, 102]},
						{"origin": [10, 256, 8], "size": [5, 3, 3], "uv": [206, 102]},
						{"origin": [10, 256, 13], "size": [5, 3, 3], "uv": [206, 102]}
					]
				},
				{
					"name": "chapeu8",
					"parent": "chapeu6",
					"pivot": [0, 165, 1],
					"cubes": [
						{"origin": [9, 259, 9], "size": [2, 3, 6], "uv": [202, 26]},
						{"origin": [14, 259, 9], "size": [2, 3, 6], "uv": [202, 26]},
						{"origin": [10, 259, 8], "size": [5, 3, 3], "uv": [202, 26]},
						{"origin": [10, 259, 13], "size": [5, 3, 3], "uv": [202, 26]}
					]
				},
				{
					"name": "chapeu17",
					"parent": "chapeu6",
					"pivot": [0, 162, 1],
					"cubes": [
						{"origin": [10, 262, 9], "size": [5, 3, 6], "uv": [203, 117]},
						{"origin": [10, 268, 9], "size": [5, 3, 6], "uv": [202, 96]},
						{"origin": [10, 265, 9], "size": [5, 3, 6], "uv": [202, 46]},
						{"origin": [10, 270, 9], "size": [5, 5, 6], "inflate": -1, "uv": [204, 11]},
						{"origin": [10, 272, 9], "size": [5, 7, 6], "inflate": -2, "uv": [207, 106]}
					]
				},
				{
					"name": "eye",
					"parent": "ad",
					"pivot": [0, 159, 0],
					"cubes": [
						{"origin": [3, 205, -1], "size": [9, 4, 2], "uv": [206, 182]},
						{"origin": [4, 203, -1], "size": [7, 8, 2], "uv": [206, 182]},
						{"origin": [6, 203, -2], "size": [3, 8, 2], "uv": [206, 182]},
						{"origin": [5, 204, -2], "size": [5, 6, 2], "uv": [206, 182]},
						{"origin": [4, 205, -2], "size": [7, 4, 2], "uv": [206, 182]},
						{"origin": [6, 202, -1], "size": [3, 10, 2], "uv": [206, 182]}
					]
				},
				{
					"name": "black",
					"parent": "eye",
					"pivot": [7.5, 206.5, -2.5],
					"cubes": [
						{"origin": [5, 205, -3], "size": [5, 3, 1], "uv": [29, 111]},
						{"origin": [6, 204, -3], "size": [3, 5, 1], "uv": [29, 111]}
					]
				},
				{
					"name": "eye2",
					"parent": "ad",
					"pivot": [-17, 159, 0],
					"cubes": [
						{"origin": [-14, 205, -1], "size": [9, 4, 2], "uv": [206, 182]},
						{"origin": [-13, 203, -1], "size": [7, 8, 2], "uv": [206, 182]},
						{"origin": [-11, 203, -2], "size": [3, 8, 2], "uv": [206, 182]},
						{"origin": [-12, 204, -2], "size": [5, 6, 2], "uv": [206, 182]},
						{"origin": [-13, 205, -2], "size": [7, 4, 2], "uv": [206, 182]},
						{"origin": [-11, 202, -1], "size": [3, 10, 2], "uv": [206, 182]}
					]
				},
				{
					"name": "black2",
					"parent": "eye2",
					"pivot": [-9.5, 206.5, -2.5],
					"cubes": [
						{"origin": [-12, 205, -3], "size": [5, 3, 1], "uv": [29, 111]},
						{"origin": [-11, 204, -3], "size": [3, 5, 1], "uv": [29, 111]}
					]
				},
				{
					"name": "corpo",
					"parent": "part1",
					"pivot": [0, 159, 0],
					"cubes": [
						{"origin": [20, 175, 7], "size": [3, 2, 10], "uv": [0, 0]},
						{"origin": [-24, 175, 4], "size": [3, 2, 3], "uv": [0, 0]},
						{"origin": [19, 175, 4], "size": [3, 2, 3], "uv": [0, 0]},
						{"origin": [-26, 174, 4], "size": [3, 2, 3], "uv": [0, 0]},
						{"origin": [21, 174, 4], "size": [3, 2, 3], "uv": [0, 0]},
						{"origin": [-24, 174, 2], "size": [3, 2, 3], "uv": [0, 0]},
						{"origin": [19, 174, 2], "size": [3, 2, 3], "uv": [0, 0]},
						{"origin": [-22, 174, 0], "size": [3, 2, 3], "uv": [0, 0]},
						{"origin": [17, 174, 0], "size": [3, 2, 3], "uv": [0, 0]},
						{"origin": [-20, 174, -2], "size": [4, 2, 3], "uv": [0, 0]},
						{"origin": [14, 174, -2], "size": [4, 2, 3], "uv": [0, 0]},
						{"origin": [-16, 174, -3], "size": [5, 2, 3], "uv": [0, 0]},
						{"origin": [9, 174, -3], "size": [5, 2, 3], "uv": [0, 0]},
						{"origin": [-11, 174, -4], "size": [20, 2, 3], "uv": [0, 0]},
						{"origin": [-8, 174, -5], "size": [14, 2, 3], "uv": [0, 0]},
						{"origin": [-8, 147, -7], "size": [14, 25, 3], "uv": [0, 0]},
						{"origin": [-8, 172, -6], "size": [14, 3, 3], "uv": [0, 0]},
						{"origin": [6, 172, -5], "size": [3, 3, 2], "uv": [0, 0]},
						{"origin": [-11, 172, -5], "size": [3, 3, 2], "uv": [0, 0]},
						{"origin": [6, 144, -6], "size": [3, 28, 2], "uv": [0, 0]},
						{"origin": [-11, 144, -6], "size": [17, 28, 2], "uv": [0, 0]},
						{"origin": [9, 144, -5], "size": [5, 28, 2], "uv": [0, 0]},
						{"origin": [-16, 144, -5], "size": [5, 28, 2], "uv": [0, 0]},
						{"origin": [14, 144, -4], "size": [4, 28, 2], "uv": [0, 0]},
						{"origin": [-20, 144, -4], "size": [4, 28, 2], "uv": [0, 0]},
						{"origin": [18, 144, -3], "size": [2, 28, 2], "uv": [0, 0]},
						{"origin": [-22, 144, -3], "size": [2, 28, 2], "uv": [0, 0]},
						{"origin": [-24, 144, -2], "size": [2, 28, 2], "uv": [0, 0]},
						{"origin": [-26, 144, 0], "size": [2, 28, 2], "uv": [0, 0]},
						{"origin": [-28, 144, 2], "size": [2, 28, 2], "uv": [0, 0]},
						{"origin": [-29, 144, 4], "size": [2, 28, 3], "uv": [0, 0]},
						{"origin": [-26, 138, 5], "size": [3, 3, 2], "uv": [0, 0]},
						{"origin": [21, 138, 5], "size": [3, 3, 2], "uv": [0, 0]},
						{"origin": [-28, 141, 4], "size": [2, 3, 3], "uv": [0, 0]},
						{"origin": [-26, 141, 2], "size": [2, 3, 2], "uv": [0, 0]},
						{"origin": [-24, 141, 0], "size": [2, 3, 2], "uv": [0, 0]},
						{"origin": [-22, 141, -2], "size": [2, 3, 2], "uv": [0, 0]},
						{"origin": [18, 141, -2], "size": [2, 3, 2], "uv": [0, 0]},
						{"origin": [20, 141, 0], "size": [2, 3, 2], "uv": [0, 0]},
						{"origin": [22, 141, 2], "size": [2, 3, 2], "uv": [0, 0]},
						{"origin": [24, 141, 4], "size": [2, 3, 3], "uv": [0, 0]},
						{"origin": [-20, 141, -3], "size": [4, 3, 2], "uv": [0, 0]},
						{"origin": [14, 141, -3], "size": [4, 3, 2], "uv": [0, 0]},
						{"origin": [-16, 141, -4], "size": [5, 3, 2], "uv": [0, 0]},
						{"origin": [9, 141, -4], "size": [5, 3, 2], "uv": [0, 0]},
						{"origin": [-11, 141, -5], "size": [20, 3, 2], "uv": [0, 0]},
						{"origin": [-14, 138, -3], "size": [26, 3, 2], "uv": [0, 0]},
						{"origin": [-15, 135, -1], "size": [28, 3, 2], "uv": [0, 0]},
						{"origin": [-16, 131, 1], "size": [30, 4, 2], "uv": [0, 0]},
						{"origin": [-17, 126, 3], "size": [32, 5, 2], "uv": [0, 0]},
						{"origin": [-17, 121, 5], "size": [32, 5, 2], "uv": [0, 0]},
						{"origin": [-19, 126, 5], "size": [36, 5, 2], "uv": [0, 0]},
						{"origin": [-21, 131, 5], "size": [40, 4, 2], "uv": [0, 0]},
						{"origin": [-23, 135, 5], "size": [44, 3, 2], "uv": [0, 0]},
						{"origin": [-24, 138, 3], "size": [46, 3, 2], "uv": [0, 0]},
						{"origin": [-21, 138, 1], "size": [40, 3, 2], "uv": [0, 0]},
						{"origin": [-18, 138, -1], "size": [34, 3, 2], "uv": [0, 0]},
						{"origin": [-21, 135, 3], "size": [40, 3, 2], "uv": [0, 0]},
						{"origin": [-18, 135, 1], "size": [34, 3, 2], "uv": [0, 0]},
						{"origin": [-19, 131, 3], "size": [36, 4, 2], "uv": [0, 0]},
						{"origin": [20, 144, -2], "size": [2, 28, 2], "uv": [0, 0]},
						{"origin": [22, 144, 0], "size": [2, 28, 2], "uv": [0, 0]},
						{"origin": [24, 144, 2], "size": [2, 28, 2], "uv": [0, 0]},
						{"origin": [25, 144, 4], "size": [2, 28, 3], "uv": [0, 0]},
						{"origin": [9, 172, -4], "size": [5, 3, 2], "uv": [0, 0]},
						{"origin": [-16, 172, -4], "size": [5, 3, 2], "uv": [0, 0]},
						{"origin": [18, 172, -2], "size": [2, 3, 2], "uv": [0, 0]},
						{"origin": [-22, 172, -2], "size": [2, 3, 2], "uv": [0, 0]},
						{"origin": [20, 172, 0], "size": [2, 3, 2], "uv": [0, 0]},
						{"origin": [-24, 172, 0], "size": [2, 3, 2], "uv": [0, 0]},
						{"origin": [-26, 172, 2], "size": [2, 3, 2], "uv": [0, 0]},
						{"origin": [-28, 172, 4], "size": [2, 3, 3], "uv": [0, 0]},
						{"origin": [22, 172, 2], "size": [2, 3, 2], "uv": [0, 0]},
						{"origin": [24, 172, 4], "size": [2, 3, 3], "uv": [0, 0]},
						{"origin": [14, 172, -3], "size": [4, 3, 3], "uv": [0, 0]},
						{"origin": [-20, 172, -3], "size": [4, 3, 3], "uv": [0, 0]},
						{"origin": [-8, 172, -3], "size": [4, 3, 3], "uv": [0, 0]},
						{"origin": [-22, 175, 2], "size": [3, 2, 3], "uv": [0, 0]},
						{"origin": [17, 175, 2], "size": [3, 2, 3], "uv": [0, 0]},
						{"origin": [-20, 175, 0], "size": [4, 2, 3], "uv": [0, 0]},
						{"origin": [14, 175, 0], "size": [4, 2, 3], "uv": [0, 0]},
						{"origin": [-16, 175, -2], "size": [5, 2, 3], "uv": [0, 0]},
						{"origin": [9, 175, -2], "size": [5, 2, 3], "uv": [0, 0]},
						{"origin": [-11, 175, -3], "size": [20, 2, 2], "uv": [0, 0]},
						{"origin": [-11, 175, -3], "size": [20, 2, 2], "uv": [0, 0]},
						{"origin": [-5, 175, -5], "size": [8, 2, 3], "uv": [0, 0]},
						{"origin": [-8, 175, -4], "size": [14, 2, 3], "uv": [0, 0]},
						{"origin": [-25, 175, 7], "size": [3, 2, 10], "uv": [0, 0]},
						{"origin": [23, 174, 7], "size": [3, 2, 10], "uv": [0, 0]},
						{"origin": [-28, 174, 7], "size": [3, 2, 10], "uv": [0, 0]},
						{"origin": [25, 172, 7], "size": [2, 3, 10], "uv": [0, 0]},
						{"origin": [-29, 172, 7], "size": [2, 3, 10], "uv": [0, 0]},
						{"origin": [26, 144, 7], "size": [2, 28, 10], "uv": [0, 0]},
						{"origin": [-30, 144, 7], "size": [2, 28, 10], "uv": [0, 0]},
						{"origin": [25, 141, 7], "size": [2, 3, 10], "uv": [0, 0]},
						{"origin": [-29, 141, 7], "size": [2, 3, 10], "uv": [0, 0]},
						{"origin": [23, 138, 7], "size": [2, 3, 10], "uv": [0, 0]},
						{"origin": [-27, 138, 7], "size": [2, 3, 10], "uv": [0, 0]},
						{"origin": [21, 135, 7], "size": [2, 3, 10], "uv": [0, 0]},
						{"origin": [-25, 135, 7], "size": [2, 3, 10], "uv": [0, 0]},
						{"origin": [19, 131, 7], "size": [2, 4, 10], "uv": [0, 0]},
						{"origin": [-23, 131, 7], "size": [2, 4, 10], "uv": [0, 0]},
						{"origin": [17, 126, 7], "size": [2, 5, 10], "uv": [0, 0]},
						{"origin": [-21, 126, 7], "size": [2, 5, 10], "uv": [0, 0]},
						{"origin": [15, 121, 7], "size": [2, 5, 10], "uv": [0, 0]},
						{"origin": [-19, 121, 7], "size": [2, 5, 10], "uv": [0, 0]}
					]
				},
				{
					"name": "corpo2",
					"parent": "corpo",
					"pivot": [-2, 159, 14],
					"rotation": [0, 180, 0],
					"cubes": [
						{"origin": [18, 175, 8], "size": [3, 2, 12], "uv": [0, 0]},
						{"origin": [-26, 175, 5], "size": [3, 2, 5], "uv": [0, 0]},
						{"origin": [17, 175, 5], "size": [3, 2, 5], "uv": [0, 0]},
						{"origin": [-28, 174, 5], "size": [3, 2, 5], "uv": [0, 0]},
						{"origin": [19, 174, 5], "size": [3, 2, 5], "uv": [0, 0]},
						{"origin": [-26, 174, 3], "size": [3, 2, 5], "uv": [0, 0]},
						{"origin": [17, 174, 3], "size": [3, 2, 5], "uv": [0, 0]},
						{"origin": [-24, 174, 1], "size": [3, 2, 5], "uv": [0, 0]},
						{"origin": [15, 174, 1], "size": [3, 2, 5], "uv": [0, 0]},
						{"origin": [-22, 174, -1], "size": [4, 2, 5], "uv": [0, 0]},
						{"origin": [12, 174, -1], "size": [4, 2, 5], "uv": [0, 0]},
						{"origin": [-18, 174, -2], "size": [5, 2, 5], "uv": [0, 0]},
						{"origin": [7, 174, -2], "size": [5, 2, 5], "uv": [0, 0]},
						{"origin": [-13, 174, -3], "size": [20, 2, 5], "uv": [0, 0]},
						{"origin": [-10, 174, -4], "size": [14, 2, 5], "uv": [0, 0]},
						{"origin": [-10, 147, -6], "size": [14, 25, 5], "uv": [0, 0]},
						{"origin": [-10, 172, -5], "size": [14, 3, 5], "uv": [0, 0]},
						{"origin": [4, 172, -4], "size": [3, 3, 4], "uv": [0, 0]},
						{"origin": [-13, 172, -4], "size": [3, 3, 4], "uv": [0, 0]},
						{"origin": [4, 144, -5], "size": [3, 28, 4], "uv": [0, 0]},
						{"origin": [-13, 144, -5], "size": [17, 28, 4], "uv": [0, 0]},
						{"origin": [7, 144, -4], "size": [5, 28, 4], "uv": [0, 0]},
						{"origin": [-18, 144, -4], "size": [5, 28, 4], "uv": [0, 0]},
						{"origin": [12, 144, -3], "size": [4, 28, 4], "uv": [0, 0]},
						{"origin": [-22, 144, -3], "size": [4, 28, 4], "uv": [0, 0]},
						{"origin": [16, 144, -2], "size": [2, 28, 4], "uv": [0, 0]},
						{"origin": [-24, 144, -2], "size": [2, 28, 4], "uv": [0, 0]},
						{"origin": [-26, 144, -1], "size": [2, 28, 4], "uv": [0, 0]},
						{"origin": [-28, 144, 1], "size": [2, 28, 4], "uv": [0, 0]},
						{"origin": [-30, 144, 3], "size": [2, 28, 4], "uv": [0, 0]},
						{"origin": [-31, 144, 5], "size": [2, 28, 5], "uv": [0, 0]},
						{"origin": [-28, 138, 6], "size": [3, 3, 4], "uv": [0, 0]},
						{"origin": [19, 138, 6], "size": [3, 3, 4], "uv": [0, 0]},
						{"origin": [-30, 141, 5], "size": [2, 3, 5], "uv": [0, 0]},
						{"origin": [-28, 141, 3], "size": [2, 3, 4], "uv": [0, 0]},
						{"origin": [-26, 141, 1], "size": [2, 3, 4], "uv": [0, 0]},
						{"origin": [-24, 141, -1], "size": [2, 3, 4], "uv": [0, 0]},
						{"origin": [16, 141, -1], "size": [2, 3, 4], "uv": [0, 0]},
						{"origin": [18, 141, 1], "size": [2, 3, 4], "uv": [0, 0]},
						{"origin": [20, 141, 3], "size": [2, 3, 4], "uv": [0, 0]},
						{"origin": [22, 141, 5], "size": [2, 3, 5], "uv": [0, 0]},
						{"origin": [-22, 141, -2], "size": [4, 3, 4], "uv": [0, 0]},
						{"origin": [12, 141, -2], "size": [4, 3, 4], "uv": [0, 0]},
						{"origin": [-18, 141, -3], "size": [5, 3, 4], "uv": [0, 0]},
						{"origin": [7, 141, -3], "size": [5, 3, 4], "uv": [0, 0]},
						{"origin": [-13, 141, -4], "size": [20, 3, 4], "uv": [0, 0]},
						{"origin": [-16, 138, -2], "size": [26, 3, 4], "uv": [0, 0]},
						{"origin": [-17, 135, 0], "size": [28, 3, 4], "uv": [0, 0]},
						{"origin": [-18, 131, 2], "size": [30, 4, 4], "uv": [0, 0]},
						{"origin": [-19, 126, 4], "size": [32, 5, 4], "uv": [0, 0]},
						{"origin": [-19, 121, 6], "size": [32, 5, 4], "uv": [0, 0]},
						{"origin": [-21, 126, 6], "size": [36, 5, 4], "uv": [0, 0]},
						{"origin": [-23, 131, 6], "size": [40, 4, 4], "uv": [0, 0]},
						{"origin": [-25, 135, 6], "size": [44, 3, 4], "uv": [0, 0]},
						{"origin": [-26, 138, 4], "size": [46, 3, 4], "uv": [0, 0]},
						{"origin": [-23, 138, 2], "size": [40, 3, 4], "uv": [0, 0]},
						{"origin": [-20, 138, 0], "size": [34, 3, 4], "uv": [0, 0]},
						{"origin": [-23, 135, 4], "size": [40, 3, 4], "uv": [0, 0]},
						{"origin": [-20, 135, 2], "size": [34, 3, 4], "uv": [0, 0]},
						{"origin": [-21, 131, 4], "size": [36, 4, 4], "uv": [0, 0]},
						{"origin": [18, 144, -1], "size": [2, 28, 4], "uv": [0, 0]},
						{"origin": [20, 144, 1], "size": [2, 28, 4], "uv": [0, 0]},
						{"origin": [22, 144, 3], "size": [2, 28, 4], "uv": [0, 0]},
						{"origin": [23, 144, 5], "size": [2, 28, 5], "uv": [0, 0]},
						{"origin": [7, 172, -3], "size": [5, 3, 4], "uv": [0, 0]},
						{"origin": [-18, 172, -3], "size": [5, 3, 4], "uv": [0, 0]},
						{"origin": [16, 172, -1], "size": [2, 3, 4], "uv": [0, 0]},
						{"origin": [-24, 172, -1], "size": [2, 3, 4], "uv": [0, 0]},
						{"origin": [18, 172, 1], "size": [2, 3, 4], "uv": [0, 0]},
						{"origin": [-26, 172, 1], "size": [2, 3, 4], "uv": [0, 0]},
						{"origin": [-28, 172, 3], "size": [2, 3, 4], "uv": [0, 0]},
						{"origin": [-30, 172, 5], "size": [2, 3, 5], "uv": [0, 0]},
						{"origin": [20, 172, 3], "size": [2, 3, 4], "uv": [0, 0]},
						{"origin": [22, 172, 5], "size": [2, 3, 5], "uv": [0, 0]},
						{"origin": [12, 172, -2], "size": [4, 3, 5], "uv": [0, 0]},
						{"origin": [-22, 172, -2], "size": [4, 3, 5], "uv": [0, 0]},
						{"origin": [-10, 172, -2], "size": [4, 3, 5], "uv": [0, 0]},
						{"origin": [-24, 175, 3], "size": [3, 2, 5], "uv": [0, 0]},
						{"origin": [15, 175, 3], "size": [3, 2, 5], "uv": [0, 0]},
						{"origin": [-22, 175, 1], "size": [4, 2, 5], "uv": [0, 0]},
						{"origin": [12, 175, 1], "size": [4, 2, 5], "uv": [0, 0]},
						{"origin": [-18, 175, -1], "size": [5, 2, 5], "uv": [0, 0]},
						{"origin": [7, 175, -1], "size": [5, 2, 5], "uv": [0, 0]},
						{"origin": [-13, 175, -2], "size": [20, 2, 4], "uv": [0, 0]},
						{"origin": [-13, 175, -2], "size": [20, 2, 4], "uv": [0, 0]},
						{"origin": [-7, 175, -4], "size": [8, 2, 5], "uv": [0, 0]},
						{"origin": [-10, 175, -3], "size": [14, 2, 5], "uv": [0, 0]},
						{"origin": [-27, 175, 8], "size": [3, 2, 12], "uv": [0, 0]},
						{"origin": [21, 174, 8], "size": [3, 2, 12], "uv": [0, 0]},
						{"origin": [-30, 174, 8], "size": [3, 2, 12], "uv": [0, 0]},
						{"origin": [23, 172, 8], "size": [2, 3, 12], "uv": [0, 0]},
						{"origin": [-31, 172, 8], "size": [2, 3, 12], "uv": [0, 0]},
						{"origin": [24, 144, 8], "size": [2, 28, 12], "uv": [0, 0]},
						{"origin": [-32, 144, 8], "size": [2, 28, 12], "uv": [0, 0]},
						{"origin": [23, 141, 8], "size": [2, 3, 12], "uv": [0, 0]},
						{"origin": [-31, 141, 8], "size": [2, 3, 12], "uv": [0, 0]},
						{"origin": [21, 138, 8], "size": [2, 3, 12], "uv": [0, 0]},
						{"origin": [-29, 138, 8], "size": [2, 3, 12], "uv": [0, 0]},
						{"origin": [19, 135, 8], "size": [2, 3, 12], "uv": [0, 0]},
						{"origin": [-27, 135, 8], "size": [2, 3, 12], "uv": [0, 0]},
						{"origin": [17, 131, 8], "size": [2, 4, 12], "uv": [0, 0]},
						{"origin": [-25, 131, 8], "size": [2, 4, 12], "uv": [0, 0]},
						{"origin": [15, 126, 8], "size": [2, 5, 12], "uv": [0, 0]},
						{"origin": [-23, 126, 8], "size": [2, 5, 12], "uv": [0, 0]},
						{"origin": [13, 121, 8], "size": [2, 5, 12], "uv": [0, 0]},
						{"origin": [-21, 121, 8], "size": [2, 5, 12], "uv": [0, 0]}
					]
				},
				{
					"name": "brao",
					"parent": "part1",
					"pivot": [25, 170, 12],
					"rotation": [-15, 0, 0]
				},
				{
					"name": "cm3",
					"parent": "brao",
					"pivot": [24, 170.51923, 13],
					"rotation": [0, 0, -40],
					"cubes": [
						{"origin": [16, 120, 10], "size": [16, 52, 6], "uv": [0, 0]},
						{"origin": [17, 120, 8], "size": [14, 52, 10], "uv": [0, 0]},
						{"origin": [18, 120, 7], "size": [12, 52, 12], "uv": [0, 0]},
						{"origin": [19, 120, 6], "size": [10, 52, 14], "uv": [0, 0]},
						{"origin": [21, 120, 5], "size": [6, 52, 16], "uv": [0, 0]},
						{"origin": [16, 129, 8], "size": [16, 41, 10], "uv": [0, 0]},
						{"origin": [17, 129, 7], "size": [14, 41, 12], "uv": [0, 0]},
						{"origin": [18, 129, 6], "size": [12, 41, 14], "uv": [0, 0]},
						{"origin": [19, 129, 5], "size": [10, 41, 16], "uv": [0, 0]},
						{"origin": [21, 129, 4], "size": [6, 41, 18], "uv": [0, 0]},
						{"origin": [21, 138, 3], "size": [6, 29, 20], "uv": [0, 0]},
						{"origin": [19, 138, 4], "size": [10, 29, 18], "uv": [0, 0]},
						{"origin": [18, 138, 5], "size": [12, 29, 16], "uv": [0, 0]},
						{"origin": [17, 138, 6], "size": [14, 29, 14], "uv": [0, 0]},
						{"origin": [16, 138, 7], "size": [16, 29, 12], "uv": [0, 0]},
						{"origin": [15, 138, 8], "size": [18, 29, 10], "uv": [0, 0]},
						{"origin": [15, 129, 10], "size": [18, 41, 6], "uv": [0, 0]},
						{"origin": [14, 138, 10], "size": [20, 29, 6], "uv": [0, 0]},
						{"origin": [13, 146, 10], "size": [22, 16, 6], "uv": [0, 0]},
						{"origin": [14, 146, 8], "size": [20, 16, 10], "uv": [0, 0]},
						{"origin": [15, 146, 7], "size": [18, 16, 12], "uv": [0, 0]},
						{"origin": [16, 146, 6], "size": [16, 16, 14], "uv": [0, 0]},
						{"origin": [17, 146, 5], "size": [14, 16, 16], "uv": [0, 0]},
						{"origin": [18, 146, 4], "size": [12, 16, 18], "uv": [0, 0]},
						{"origin": [19, 146, 3], "size": [10, 16, 20], "uv": [0, 0]},
						{"origin": [21, 146, 2], "size": [6, 16, 22], "uv": [0, 0]}
					]
				},
				{
					"name": "bx4",
					"parent": "brao",
					"pivot": [56, 133.51923, 16],
					"rotation": [-74.49591, 14.47751, -36.03287],
					"cubes": [
						{"origin": [50, 86, 15], "size": [12, 49, 2], "uv": [0, 0]},
						{"origin": [51, 83, 13], "size": [10, 52, 6], "uv": [0, 0]},
						{"origin": [52, 83, 12], "size": [8, 52, 8], "uv": [0, 0]},
						{"origin": [53, 83, 11], "size": [6, 52, 10], "uv": [0, 0]},
						{"origin": [55, 86, 10], "size": [2, 49, 12], "uv": [0, 0]},
						{"origin": [50, 92, 13], "size": [12, 41, 6], "uv": [0, 0]},
						{"origin": [51, 92, 12], "size": [10, 41, 8], "uv": [0, 0]},
						{"origin": [52, 92, 11], "size": [8, 41, 10], "uv": [0, 0]},
						{"origin": [53, 92, 10], "size": [6, 41, 12], "uv": [0, 0]},
						{"origin": [55, 92, 9], "size": [2, 41, 14], "uv": [0, 0]},
						{"origin": [55, 101, 8], "size": [2, 29, 16], "uv": [0, 0]},
						{"origin": [53, 101, 9], "size": [6, 29, 14], "uv": [0, 0]},
						{"origin": [52, 101, 10], "size": [8, 29, 12], "uv": [0, 0]},
						{"origin": [51, 101, 11], "size": [10, 29, 10], "uv": [0, 0]},
						{"origin": [50, 101, 12], "size": [12, 29, 8], "uv": [0, 0]},
						{"origin": [49, 101, 13], "size": [14, 29, 6], "uv": [0, 0]},
						{"origin": [49, 92, 15], "size": [14, 41, 2], "uv": [0, 0]},
						{"origin": [48, 101, 15], "size": [16, 29, 2], "uv": [0, 0]},
						{"origin": [47, 109, 15], "size": [18, 16, 2], "uv": [0, 0]},
						{"origin": [48, 109, 13], "size": [16, 16, 6], "uv": [0, 0]},
						{"origin": [49, 109, 12], "size": [14, 16, 8], "uv": [0, 0]},
						{"origin": [50, 109, 11], "size": [12, 16, 10], "uv": [0, 0]},
						{"origin": [51, 109, 10], "size": [10, 16, 12], "uv": [0, 0]},
						{"origin": [52, 109, 9], "size": [8, 16, 14], "uv": [0, 0]},
						{"origin": [53, 109, 8], "size": [6, 16, 16], "uv": [0, 0]},
						{"origin": [55, 109, 7], "size": [2, 16, 18], "uv": [0, 0]}
					]
				},
				{
					"name": "hand3",
					"parent": "bx4",
					"pivot": [56, 84.4359, 15.5],
					"rotation": [-4.62934, 24.59477, -21.00966],
					"cubes": [
						{"origin": [54, 69.51923, 9], "size": [4, 14, 13], "uv": [0, 0]},
						{"origin": [54, 68.51923, 11], "size": [4, 15, 9], "uv": [0, 0]},
						{"origin": [54, 71.51923, 8], "size": [4, 10, 15], "uv": [0, 0]},
						{"origin": [53, 71.51923, 9], "size": [6, 10, 13], "uv": [0, 0]},
						{"origin": [52, 71.51923, 11], "size": [8, 10, 9], "uv": [0, 0]},
						{"origin": [53, 69.51923, 11], "size": [6, 14, 9], "uv": [0, 0]}
					]
				},
				{
					"name": "dd17",
					"parent": "hand3",
					"pivot": [55, 71, 21],
					"rotation": [25, 0, 25],
					"cubes": [
						{"origin": [53.42262, 60.45476, 18.87301], "size": [5, 12, 3], "uv": [0, 0]},
						{"origin": [54.42262, 60.45476, 17.87301], "size": [3, 12, 5], "uv": [0, 0]}
					]
				},
				{
					"name": "dd18",
					"parent": "dd17",
					"pivot": [55.42262, 60.45476, 18.87301],
					"rotation": [0, 0, 42.5],
					"cubes": [
						{"origin": [53.36093, 51.04189, 18.87301], "size": [5, 10, 3], "uv": [0, 0]},
						{"origin": [54.36093, 50.04189, 18.87301], "size": [3, 11, 3], "uv": [0, 0]},
						{"origin": [54.36093, 51.04189, 17.87301], "size": [3, 10, 5], "uv": [0, 0]}
					]
				},
				{
					"name": "dd19",
					"parent": "hand3",
					"pivot": [55, 70, 16],
					"rotation": [-2.5, 0, 25],
					"cubes": [
						{"origin": [53.42262, 59.45476, 13.87301], "size": [5, 12, 3], "uv": [0, 0]},
						{"origin": [54.42262, 59.45476, 12.87301], "size": [3, 12, 5], "uv": [0, 0]}
					]
				},
				{
					"name": "dd20",
					"parent": "dd19",
					"pivot": [55.42262, 59.45476, 13.87301],
					"rotation": [0, 0, 42.5],
					"cubes": [
						{"origin": [53.36093, 50.04189, 13.87301], "size": [5, 10, 3], "uv": [0, 0]},
						{"origin": [54.36093, 49.04189, 13.87301], "size": [3, 11, 3], "uv": [0, 0]},
						{"origin": [54.36093, 50.04189, 12.87301], "size": [3, 10, 5], "uv": [0, 0]}
					]
				},
				{
					"name": "dd21",
					"parent": "hand3",
					"pivot": [55, 77, 10],
					"rotation": [-84.43211, 32.91941, -5.9142],
					"cubes": [
						{"origin": [53.42262, 66.45476, 7.87301], "size": [5, 12, 3], "uv": [0, 0]},
						{"origin": [54.42262, 66.45476, 6.87301], "size": [3, 12, 5], "uv": [0, 0]}
					]
				},
				{
					"name": "dd22",
					"parent": "dd21",
					"pivot": [55.42262, 66.45476, 7.87301],
					"rotation": [0, 0, 42.5],
					"cubes": [
						{"origin": [53.36093, 57.04189, 7.87301], "size": [5, 10, 3], "uv": [0, 0]},
						{"origin": [54.36093, 56.04189, 7.87301], "size": [3, 11, 3], "uv": [0, 0]},
						{"origin": [54.36093, 57.04189, 6.87301], "size": [3, 10, 5], "uv": [0, 0]}
					]
				},
				{
					"name": "dd23",
					"parent": "hand3",
					"pivot": [55, 72, 10],
					"rotation": [-32.5, 0, 25],
					"cubes": [
						{"origin": [53.84524, 59.99033, 9.50321], "size": [5, 12, 3], "uv": [0, 0]},
						{"origin": [54.84524, 59.99033, 8.50321], "size": [3, 12, 5], "uv": [0, 0]}
					]
				},
				{
					"name": "dd24",
					"parent": "dd23",
					"pivot": [55.84524, 59.99033, 9.50321],
					"rotation": [0, 0, 42.5],
					"cubes": [
						{"origin": [53.78355, 50.57746, 9.50321], "size": [5, 10, 3], "uv": [0, 0]},
						{"origin": [54.78355, 49.57746, 9.50321], "size": [3, 11, 3], "uv": [0, 0]},
						{"origin": [54.78355, 50.57746, 8.50321], "size": [3, 10, 5], "uv": [0, 0]}
					]
				},
				{
					"name": "brao2",
					"parent": "part1",
					"pivot": [-23, 170, 12],
					"rotation": [-2.66399, 14.76689, 79.65473]
				},
				{
					"name": "cm4",
					"parent": "brao2",
					"pivot": [-24, 170.51923, 13],
					"rotation": [0, 0, -40],
					"cubes": [
						{"origin": [-32, 120, 10], "size": [16, 52, 6], "uv": [0, 0]},
						{"origin": [-31, 120, 8], "size": [14, 52, 10], "uv": [0, 0]},
						{"origin": [-30, 120, 7], "size": [12, 52, 12], "uv": [0, 0]},
						{"origin": [-29, 120, 6], "size": [10, 52, 14], "uv": [0, 0]},
						{"origin": [-27, 120, 5], "size": [6, 52, 16], "uv": [0, 0]},
						{"origin": [-32, 129, 8], "size": [16, 41, 10], "uv": [0, 0]},
						{"origin": [-31, 129, 7], "size": [14, 41, 12], "uv": [0, 0]},
						{"origin": [-30, 129, 6], "size": [12, 41, 14], "uv": [0, 0]},
						{"origin": [-29, 129, 5], "size": [10, 41, 16], "uv": [0, 0]},
						{"origin": [-27, 129, 4], "size": [6, 41, 18], "uv": [0, 0]},
						{"origin": [-27, 138, 3], "size": [6, 29, 20], "uv": [0, 0]},
						{"origin": [-29, 138, 4], "size": [10, 29, 18], "uv": [0, 0]},
						{"origin": [-30, 138, 5], "size": [12, 29, 16], "uv": [0, 0]},
						{"origin": [-31, 138, 6], "size": [14, 29, 14], "uv": [0, 0]},
						{"origin": [-32, 138, 7], "size": [16, 29, 12], "uv": [0, 0]},
						{"origin": [-33, 138, 8], "size": [18, 29, 10], "uv": [0, 0]},
						{"origin": [-33, 129, 10], "size": [18, 41, 6], "uv": [0, 0]},
						{"origin": [-34, 138, 10], "size": [20, 29, 6], "uv": [0, 0]},
						{"origin": [-35, 146, 10], "size": [22, 16, 6], "uv": [0, 0]},
						{"origin": [-34, 146, 8], "size": [20, 16, 10], "uv": [0, 0]},
						{"origin": [-33, 146, 7], "size": [18, 16, 12], "uv": [0, 0]},
						{"origin": [-32, 146, 6], "size": [16, 16, 14], "uv": [0, 0]},
						{"origin": [-31, 146, 5], "size": [14, 16, 16], "uv": [0, 0]},
						{"origin": [-30, 146, 4], "size": [12, 16, 18], "uv": [0, 0]},
						{"origin": [-29, 146, 3], "size": [10, 16, 20], "uv": [0, 0]},
						{"origin": [-27, 146, 2], "size": [6, 16, 22], "uv": [0, 0]}
					]
				},
				{
					"name": "bx3",
					"parent": "brao2",
					"pivot": [8, 133.51923, 16],
					"rotation": [-67.18821, -9.23186, -43.86032],
					"cubes": [
						{"origin": [2, 86, 15], "size": [12, 49, 2], "uv": [0, 0]},
						{"origin": [3, 83, 13], "size": [10, 52, 6], "uv": [0, 0]},
						{"origin": [4, 83, 12], "size": [8, 52, 8], "uv": [0, 0]},
						{"origin": [5, 83, 11], "size": [6, 52, 10], "uv": [0, 0]},
						{"origin": [7, 86, 10], "size": [2, 49, 12], "uv": [0, 0]},
						{"origin": [2, 92, 13], "size": [12, 41, 6], "uv": [0, 0]},
						{"origin": [3, 92, 12], "size": [10, 41, 8], "uv": [0, 0]},
						{"origin": [4, 92, 11], "size": [8, 41, 10], "uv": [0, 0]},
						{"origin": [5, 92, 10], "size": [6, 41, 12], "uv": [0, 0]},
						{"origin": [7, 92, 9], "size": [2, 41, 14], "uv": [0, 0]},
						{"origin": [7, 101, 8], "size": [2, 29, 16], "uv": [0, 0]},
						{"origin": [5, 101, 9], "size": [6, 29, 14], "uv": [0, 0]},
						{"origin": [4, 101, 10], "size": [8, 29, 12], "uv": [0, 0]},
						{"origin": [3, 101, 11], "size": [10, 29, 10], "uv": [0, 0]},
						{"origin": [2, 101, 12], "size": [12, 29, 8], "uv": [0, 0]},
						{"origin": [1, 101, 13], "size": [14, 29, 6], "uv": [0, 0]},
						{"origin": [1, 92, 15], "size": [14, 41, 2], "uv": [0, 0]},
						{"origin": [0, 101, 15], "size": [16, 29, 2], "uv": [0, 0]},
						{"origin": [-1, 109, 15], "size": [18, 16, 2], "uv": [0, 0]},
						{"origin": [0, 109, 13], "size": [16, 16, 6], "uv": [0, 0]},
						{"origin": [1, 109, 12], "size": [14, 16, 8], "uv": [0, 0]},
						{"origin": [2, 109, 11], "size": [12, 16, 10], "uv": [0, 0]},
						{"origin": [3, 109, 10], "size": [10, 16, 12], "uv": [0, 0]},
						{"origin": [4, 109, 9], "size": [8, 16, 14], "uv": [0, 0]},
						{"origin": [5, 109, 8], "size": [6, 16, 16], "uv": [0, 0]},
						{"origin": [7, 109, 7], "size": [2, 16, 18], "uv": [0, 0]}
					]
				},
				{
					"name": "hand2",
					"parent": "bx3",
					"pivot": [8, 84.4359, 15.5],
					"rotation": [-154.63651, 17.71395, -148.92165],
					"cubes": [
						{"origin": [6, 69.51923, 9], "size": [4, 14, 13], "uv": [0, 0]},
						{"origin": [6, 68.51923, 11], "size": [4, 15, 9], "uv": [0, 0]},
						{"origin": [6, 71.51923, 8], "size": [4, 10, 15], "uv": [0, 0]},
						{"origin": [5, 71.51923, 9], "size": [6, 10, 13], "uv": [0, 0]},
						{"origin": [4, 71.51923, 11], "size": [8, 10, 9], "uv": [0, 0]},
						{"origin": [5, 69.51923, 11], "size": [6, 14, 9], "uv": [0, 0]}
					]
				},
				{
					"name": "dd9",
					"parent": "hand2",
					"pivot": [7, 71, 21],
					"rotation": [25, 0, 25],
					"cubes": [
						{"origin": [5.42262, 60.45476, 18.87301], "size": [5, 12, 3], "uv": [0, 0]},
						{"origin": [6.42262, 60.45476, 17.87301], "size": [3, 12, 5], "uv": [0, 0]}
					]
				},
				{
					"name": "dd10",
					"parent": "dd9",
					"pivot": [7.42262, 60.45476, 18.87301],
					"rotation": [0, 0, 42.5],
					"cubes": [
						{"origin": [5.36093, 51.04189, 18.87301], "size": [5, 10, 3], "uv": [0, 0]},
						{"origin": [6.36093, 50.04189, 18.87301], "size": [3, 11, 3], "uv": [0, 0]},
						{"origin": [6.36093, 51.04189, 17.87301], "size": [3, 10, 5], "uv": [0, 0]}
					]
				},
				{
					"name": "dd11",
					"parent": "hand2",
					"pivot": [7, 70, 16],
					"rotation": [-2.5, 0, 25],
					"cubes": [
						{"origin": [5.42262, 59.45476, 13.87301], "size": [5, 12, 3], "uv": [0, 0]},
						{"origin": [6.42262, 59.45476, 12.87301], "size": [3, 12, 5], "uv": [0, 0]}
					]
				},
				{
					"name": "dd12",
					"parent": "dd11",
					"pivot": [7.42262, 59.45476, 13.87301],
					"rotation": [0, 0, 42.5],
					"cubes": [
						{"origin": [5.36093, 50.04189, 13.87301], "size": [5, 10, 3], "uv": [0, 0]},
						{"origin": [6.36093, 49.04189, 13.87301], "size": [3, 11, 3], "uv": [0, 0]},
						{"origin": [6.36093, 50.04189, 12.87301], "size": [3, 10, 5], "uv": [0, 0]}
					]
				},
				{
					"name": "dd13",
					"parent": "hand2",
					"pivot": [7, 77, 20],
					"rotation": [67.48209, -33.90147, 8.77795],
					"cubes": [
						{"origin": [5.42262, 66.45476, 17.87301], "size": [5, 12, 3], "uv": [0, 0]},
						{"origin": [6.42262, 66.45476, 16.87301], "size": [3, 12, 5], "uv": [0, 0]}
					]
				},
				{
					"name": "dd14",
					"parent": "dd13",
					"pivot": [7.42262, 66.45476, 17.87301],
					"rotation": [0, 0, 42.5],
					"cubes": [
						{"origin": [5.36093, 57.04189, 17.87301], "size": [5, 10, 3], "uv": [0, 0]},
						{"origin": [6.36093, 56.04189, 17.87301], "size": [3, 11, 3], "uv": [0, 0]},
						{"origin": [6.36093, 57.04189, 16.87301], "size": [3, 10, 5], "uv": [0, 0]}
					]
				},
				{
					"name": "dd15",
					"parent": "hand2",
					"pivot": [7, 72, 10],
					"rotation": [-32.5, 0, 25],
					"cubes": [
						{"origin": [5.84524, 59.99033, 9.50321], "size": [5, 12, 3], "uv": [0, 0]},
						{"origin": [6.84524, 59.99033, 8.50321], "size": [3, 12, 5], "uv": [0, 0]}
					]
				},
				{
					"name": "dd16",
					"parent": "dd15",
					"pivot": [7.84524, 59.99033, 9.50321],
					"rotation": [0, 0, 42.5],
					"cubes": [
						{"origin": [5.78355, 50.57746, 9.50321], "size": [5, 10, 3], "uv": [0, 0]},
						{"origin": [6.78355, 49.57746, 9.50321], "size": [3, 11, 3], "uv": [0, 0]},
						{"origin": [6.78355, 50.57746, 8.50321], "size": [3, 10, 5], "uv": [0, 0]}
					]
				},
				{
					"name": "part2",
					"parent": "banban",
					"pivot": [0, 118, 13],
					"rotation": [-7.5, 0, 0]
				},
				{
					"name": "falda",
					"parent": "part2",
					"pivot": [0, 159, 0],
					"cubes": [
						{"origin": [13, 101, 8], "size": [2, 20, 11], "uv": [0, 0]},
						{"origin": [-15, 101, 6], "size": [28, 20, 2], "uv": [0, 0]},
						{"origin": [-15, 101, 19], "size": [28, 20, 2], "uv": [0, 0]},
						{"origin": [-17, 101, 8], "size": [2, 20, 11], "uv": [0, 0]},
						{"origin": [-17, 118, 6], "size": [2, 3, 15], "uv": [0, 0]},
						{"origin": [13, 118, 6], "size": [2, 3, 15], "uv": [0, 0]}
					]
				},
				{
					"name": "perna",
					"parent": "part2",
					"pivot": [9, 110, 14],
					"rotation": [-12.08971, -10.1363, -8.59571]
				},
				{
					"name": "cm",
					"parent": "perna",
					"pivot": [9, 109.51923, 13],
					"cubes": [
						{"origin": [2, 62, 11], "size": [14, 49, 4], "uv": [0, 0]},
						{"origin": [3, 62, 9], "size": [12, 49, 8], "uv": [0, 0]},
						{"origin": [4, 62, 8], "size": [10, 49, 10], "uv": [0, 0]},
						{"origin": [5, 62, 7], "size": [8, 49, 12], "uv": [0, 0]},
						{"origin": [7, 62, 6], "size": [4, 49, 14], "uv": [0, 0]},
						{"origin": [2, 71, 9], "size": [14, 38, 8], "uv": [0, 0]},
						{"origin": [3, 71, 8], "size": [12, 38, 10], "uv": [0, 0]},
						{"origin": [4, 71, 7], "size": [10, 38, 12], "uv": [0, 0]},
						{"origin": [5, 71, 6], "size": [8, 38, 14], "uv": [0, 0]},
						{"origin": [7, 71, 5], "size": [4, 38, 16], "uv": [0, 0]},
						{"origin": [7, 80, 4], "size": [4, 26, 18], "uv": [0, 0]},
						{"origin": [5, 80, 5], "size": [8, 26, 16], "uv": [0, 0]},
						{"origin": [4, 80, 6], "size": [10, 26, 14], "uv": [0, 0]},
						{"origin": [3, 80, 7], "size": [12, 26, 12], "uv": [0, 0]},
						{"origin": [2, 80, 8], "size": [14, 26, 10], "uv": [0, 0]},
						{"origin": [1, 80, 9], "size": [16, 26, 8], "uv": [0, 0]},
						{"origin": [1, 71, 11], "size": [16, 38, 4], "uv": [0, 0]},
						{"origin": [0, 80, 11], "size": [18, 26, 4], "uv": [0, 0]},
						{"origin": [-1, 88, 11], "size": [20, 13, 4], "uv": [0, 0]},
						{"origin": [0, 88, 9], "size": [18, 13, 8], "uv": [0, 0]},
						{"origin": [1, 88, 8], "size": [16, 13, 10], "uv": [0, 0]},
						{"origin": [2, 88, 7], "size": [14, 13, 12], "uv": [0, 0]},
						{"origin": [3, 88, 6], "size": [12, 13, 14], "uv": [0, 0]},
						{"origin": [4, 88, 5], "size": [10, 13, 16], "uv": [0, 0]},
						{"origin": [5, 88, 4], "size": [8, 13, 18], "uv": [0, 0]},
						{"origin": [7, 88, 3], "size": [4, 13, 20], "uv": [0, 0]}
					]
				},
				{
					"name": "bx",
					"parent": "perna",
					"pivot": [9, 63.51923, 13],
					"rotation": [-25, 0, -180],
					"cubes": [
						{"origin": [2, 63, 11], "size": [14, 60, 4], "uv": [0, 0]},
						{"origin": [3, 63, 9], "size": [12, 60, 8], "uv": [0, 0]},
						{"origin": [4, 63, 8], "size": [10, 60, 10], "uv": [0, 0]},
						{"origin": [5, 63, 7], "size": [8, 60, 12], "uv": [0, 0]},
						{"origin": [7, 63, 6], "size": [4, 60, 14], "uv": [0, 0]},
						{"origin": [2, 72, 9], "size": [14, 49, 8], "uv": [0, 0]},
						{"origin": [3, 72, 8], "size": [12, 49, 10], "uv": [0, 0]},
						{"origin": [4, 72, 7], "size": [10, 49, 12], "uv": [0, 0]},
						{"origin": [5, 72, 6], "size": [8, 49, 14], "uv": [0, 0]},
						{"origin": [7, 72, 5], "size": [4, 49, 16], "uv": [0, 0]},
						{"origin": [7, 81, 4], "size": [4, 37, 18], "uv": [0, 0]},
						{"origin": [5, 81, 5], "size": [8, 37, 16], "uv": [0, 0]},
						{"origin": [4, 81, 6], "size": [10, 37, 14], "uv": [0, 0]},
						{"origin": [3, 81, 7], "size": [12, 37, 12], "uv": [0, 0]},
						{"origin": [2, 81, 8], "size": [14, 37, 10], "uv": [0, 0]},
						{"origin": [1, 81, 9], "size": [16, 37, 8], "uv": [0, 0]},
						{"origin": [1, 72, 11], "size": [16, 49, 4], "uv": [0, 0]},
						{"origin": [0, 81, 11], "size": [18, 37, 4], "uv": [0, 0]},
						{"origin": [-1, 89, 11], "size": [20, 24, 4], "uv": [0, 0]},
						{"origin": [0, 89, 9], "size": [18, 24, 8], "uv": [0, 0]},
						{"origin": [1, 89, 8], "size": [16, 24, 10], "uv": [0, 0]},
						{"origin": [2, 89, 7], "size": [14, 24, 12], "uv": [0, 0]},
						{"origin": [3, 89, 6], "size": [12, 24, 14], "uv": [0, 0]},
						{"origin": [4, 89, 5], "size": [10, 24, 16], "uv": [0, 0]},
						{"origin": [5, 89, 4], "size": [8, 24, 18], "uv": [0, 0]},
						{"origin": [7, 89, 3], "size": [4, 24, 20], "uv": [0, 0]}
					]
				},
				{
					"name": "pe",
					"parent": "bx",
					"pivot": [9, 118.21923, 11.85],
					"cubes": [
						{"origin": [3, 117.51923, -3], "size": [12, 12, 25], "uv": [0, 0]},
						{"origin": [3, 118.51923, -7], "size": [12, 11, 15], "uv": [0, 0]},
						{"origin": [3, 119.51923, -8], "size": [12, 10, 16], "uv": [0, 0]},
						{"origin": [3, 121.51923, -9], "size": [12, 8, 17], "uv": [0, 0]},
						{"origin": [0, 121.51923, -7], "size": [18, 8, 15], "uv": [0, 0]},
						{"origin": [1, 119.51923, -7], "size": [16, 10, 15], "uv": [0, 0]},
						{"origin": [1, 121.51923, -8], "size": [16, 8, 16], "uv": [0, 0]},
						{"origin": [1, 118.51923, -3], "size": [16, 11, 26], "uv": [0, 0]},
						{"origin": [0, 119.51923, -3], "size": [18, 10, 25], "uv": [0, 0]},
						{"origin": [-1, 121.51923, -3], "size": [20, 8, 23], "uv": [0, 0]}
					]
				},
				{
					"name": "perna2",
					"parent": "part2",
					"pivot": [-11, 110, 14],
					"rotation": [-9.4417, 9.66933, 8.67033]
				},
				{
					"name": "cm2",
					"parent": "perna2",
					"pivot": [-11, 109.51923, 13],
					"cubes": [
						{"origin": [-18, 62, 11], "size": [14, 49, 4], "uv": [0, 0]},
						{"origin": [-17, 62, 9], "size": [12, 49, 8], "uv": [0, 0]},
						{"origin": [-16, 62, 8], "size": [10, 49, 10], "uv": [0, 0]},
						{"origin": [-15, 62, 7], "size": [8, 49, 12], "uv": [0, 0]},
						{"origin": [-13, 62, 6], "size": [4, 49, 14], "uv": [0, 0]},
						{"origin": [-18, 71, 9], "size": [14, 38, 8], "uv": [0, 0]},
						{"origin": [-17, 71, 8], "size": [12, 38, 10], "uv": [0, 0]},
						{"origin": [-16, 71, 7], "size": [10, 38, 12], "uv": [0, 0]},
						{"origin": [-15, 71, 6], "size": [8, 38, 14], "uv": [0, 0]},
						{"origin": [-13, 71, 5], "size": [4, 38, 16], "uv": [0, 0]},
						{"origin": [-13, 80, 4], "size": [4, 26, 18], "uv": [0, 0]},
						{"origin": [-15, 80, 5], "size": [8, 26, 16], "uv": [0, 0]},
						{"origin": [-16, 80, 6], "size": [10, 26, 14], "uv": [0, 0]},
						{"origin": [-17, 80, 7], "size": [12, 26, 12], "uv": [0, 0]},
						{"origin": [-18, 80, 8], "size": [14, 26, 10], "uv": [0, 0]},
						{"origin": [-19, 80, 9], "size": [16, 26, 8], "uv": [0, 0]},
						{"origin": [-19, 71, 11], "size": [16, 38, 4], "uv": [0, 0]},
						{"origin": [-20, 80, 11], "size": [18, 26, 4], "uv": [0, 0]},
						{"origin": [-21, 88, 11], "size": [20, 13, 4], "uv": [0, 0]},
						{"origin": [-20, 88, 9], "size": [18, 13, 8], "uv": [0, 0]},
						{"origin": [-19, 88, 8], "size": [16, 13, 10], "uv": [0, 0]},
						{"origin": [-18, 88, 7], "size": [14, 13, 12], "uv": [0, 0]},
						{"origin": [-17, 88, 6], "size": [12, 13, 14], "uv": [0, 0]},
						{"origin": [-16, 88, 5], "size": [10, 13, 16], "uv": [0, 0]},
						{"origin": [-15, 88, 4], "size": [8, 13, 18], "uv": [0, 0]},
						{"origin": [-13, 88, 3], "size": [4, 13, 20], "uv": [0, 0]}
					]
				},
				{
					"name": "bx2",
					"parent": "perna2",
					"pivot": [-11, 63.51923, 13],
					"rotation": [-20.15366, -2.82074, 178.56978],
					"cubes": [
						{"origin": [-18, 63, 11], "size": [14, 60, 4], "uv": [0, 0]},
						{"origin": [-17, 63, 9], "size": [12, 60, 8], "uv": [0, 0]},
						{"origin": [-16, 63, 8], "size": [10, 60, 10], "uv": [0, 0]},
						{"origin": [-15, 63, 7], "size": [8, 60, 12], "uv": [0, 0]},
						{"origin": [-13, 63, 6], "size": [4, 60, 14], "uv": [0, 0]},
						{"origin": [-18, 72, 9], "size": [14, 49, 8], "uv": [0, 0]},
						{"origin": [-17, 72, 8], "size": [12, 49, 10], "uv": [0, 0]},
						{"origin": [-16, 72, 7], "size": [10, 49, 12], "uv": [0, 0]},
						{"origin": [-15, 72, 6], "size": [8, 49, 14], "uv": [0, 0]},
						{"origin": [-13, 72, 5], "size": [4, 49, 16], "uv": [0, 0]},
						{"origin": [-13, 81, 4], "size": [4, 37, 18], "uv": [0, 0]},
						{"origin": [-15, 81, 5], "size": [8, 37, 16], "uv": [0, 0]},
						{"origin": [-16, 81, 6], "size": [10, 37, 14], "uv": [0, 0]},
						{"origin": [-17, 81, 7], "size": [12, 37, 12], "uv": [0, 0]},
						{"origin": [-18, 81, 8], "size": [14, 37, 10], "uv": [0, 0]},
						{"origin": [-19, 81, 9], "size": [16, 37, 8], "uv": [0, 0]},
						{"origin": [-19, 72, 11], "size": [16, 49, 4], "uv": [0, 0]},
						{"origin": [-20, 81, 11], "size": [18, 37, 4], "uv": [0, 0]},
						{"origin": [-21, 89, 11], "size": [20, 24, 4], "uv": [0, 0]},
						{"origin": [-20, 89, 9], "size": [18, 24, 8], "uv": [0, 0]},
						{"origin": [-19, 89, 8], "size": [16, 24, 10], "uv": [0, 0]},
						{"origin": [-18, 89, 7], "size": [14, 24, 12], "uv": [0, 0]},
						{"origin": [-17, 89, 6], "size": [12, 24, 14], "uv": [0, 0]},
						{"origin": [-16, 89, 5], "size": [10, 24, 16], "uv": [0, 0]},
						{"origin": [-15, 89, 4], "size": [8, 24, 18], "uv": [0, 0]},
						{"origin": [-13, 89, 3], "size": [4, 24, 20], "uv": [0, 0]}
					]
				},
				{
					"name": "pe2",
					"parent": "bx2",
					"pivot": [-11, 118.21923, 11.85],
					"cubes": [
						{"origin": [-17, 117.51923, -3], "size": [12, 12, 25], "uv": [0, 0]},
						{"origin": [-17, 118.51923, -7], "size": [12, 11, 15], "uv": [0, 0]},
						{"origin": [-17, 119.51923, -8], "size": [12, 10, 16], "uv": [0, 0]},
						{"origin": [-17, 121.51923, -9], "size": [12, 8, 17], "uv": [0, 0]},
						{"origin": [-20, 121.51923, -7], "size": [18, 8, 15], "uv": [0, 0]},
						{"origin": [-19, 119.51923, -7], "size": [16, 10, 15], "uv": [0, 0]},
						{"origin": [-19, 121.51923, -8], "size": [16, 8, 16], "uv": [0, 0]},
						{"origin": [-19, 118.51923, -3], "size": [16, 11, 26], "uv": [0, 0]},
						{"origin": [-20, 119.51923, -3], "size": [18, 10, 25], "uv": [0, 0]},
						{"origin": [-21, 121.51923, -3], "size": [20, 8, 23], "uv": [0, 0]}
					]
				}
			]
		}
	]
}