{
	"format_version": "1.12.0",
	"minecraft:geometry": [
		{
			"description": {
				"identifier": "geometry.death",
				"texture_width": 260,
				"texture_height": 260,
				"visible_bounds_width": 15,
				"visible_bounds_height": 8.5,
				"visible_bounds_offset": [0, 3.75, 0]
			},
			"bones": [
				{
					"name": "jumbojosh",
					"pivot": [0, 11, 54],
					"rotation": [92.5, 0, 0]
				},
				{
					"name": "part1",
					"parent": "jumbojosh",
					"pivot": [0, 97, 51]
				},
				{
					"name": "quadril",
					"parent": "part1",
					"pivot": [0, 65, 55],
					"cubes": [
						{"origin": [-16, 65, 51], "size": [32, 15, 8], "uv": [0, 0]},
						{"origin": [-15, 65, 49], "size": [30, 15, 12], "uv": [0, 0]},
						{"origin": [-14, 65, 47], "size": [28, 15, 16], "uv": [0, 0]},
						{"origin": [-13, 65, 46], "size": [26, 15, 18], "uv": [0, 0]},
						{"origin": [-11, 65, 45], "size": [22, 15, 20], "uv": [0, 0]},
						{"origin": [-9, 65, 44], "size": [18, 15, 22], "uv": [0, 0]}
					]
				},
				{
					"name": "corpo",
					"parent": "quadril",
					"pivot": [0, 80, 51],
					"rotation": [2.5, 0, 0],
					"cubes": [
						{"origin": [-10, 97, 51], "size": [20, 5, 8], "uv": [0, 0]},
						{"origin": [-13, 95, 51], "size": [26, 2, 8], "uv": [0, 0]},
						{"origin": [-15, 94, 51], "size": [30, 2, 8], "uv": [0, 0]},
						{"origin": [-16, 93, 51], "size": [32, 2, 8], "uv": [0, 0]},
						{"origin": [-17, 79, 51], "size": [34, 14, 8], "uv": [0, 0]},
						{"origin": [-16, 79, 49], "size": [32, 14, 12], "uv": [0, 0]},
						{"origin": [-15, 79, 47], "size": [30, 14, 16], "uv": [0, 0]},
						{"origin": [-14, 79, 46], "size": [28, 14, 18], "uv": [0, 0]},
						{"origin": [-14, 81, 47], "size": [28, 14, 16], "uv": [0, 0]},
						{"origin": [-14, 81, 49], "size": [28, 15, 12], "uv": [0, 0]},
						{"origin": [-15, 81, 49], "size": [30, 14, 12], "uv": [0, 0]},
						{"origin": [-11, 79, 44], "size": [22, 14, 22], "uv": [0, 0]},
						{"origin": [-11, 91, 45], "size": [22, 4, 20], "uv": [0, 0]},
						{"origin": [-11, 91, 46], "size": [22, 5, 18], "uv": [0, 0]},
						{"origin": [-11, 91, 47], "size": [22, 6, 16], "uv": [0, 0]},
						{"origin": [-9, 79, 43], "size": [18, 14, 24], "uv": [0, 0]},
						{"origin": [-9, 79, 44], "size": [18, 16, 22], "uv": [0, 0]},
						{"origin": [-9, 79, 46], "size": [18, 18, 18], "uv": [0, 0]},
						{"origin": [-9, 79, 45], "size": [18, 17, 20], "uv": [0, 0]},
						{"origin": [-13, 79, 45], "size": [26, 14, 20], "uv": [0, 0]},
						{"origin": [-13, 79, 46], "size": [26, 16, 18], "uv": [0, 0]},
						{"origin": [-13, 79, 47], "size": [26, 17, 16], "uv": [0, 0]},
						{"origin": [-13, 79, 49], "size": [26, 18, 12], "uv": [0, 0]},
						{"origin": [-9, 97, 49], "size": [18, 5, 12], "uv": [0, 0]},
						{"origin": [-8, 97, 48], "size": [16, 5, 14], "uv": [0, 0]},
						{"origin": [-6, 97, 47], "size": [12, 5, 16], "uv": [0, 0]}
					]
				},
				{
					"name": "ad",
					"parent": "corpo",
					"pivot": [0, 100, 55],
					"rotation": [-50, 0, 0]
				},
				{
					"name": "mask2",
					"parent": "ad",
					"pivot": [0, 124, 55],
					"rotation": [180, 0, 0],
					"cubes": [
						{"origin": [-9, 121, 61], "size": [18, 2, 3], "uv": [0, 0]},
						{"origin": [-9, 122, 64], "size": [18, 2, 3], "uv": [0, 0]},
						{"origin": [-9, 123, 67], "size": [18, 2, 2], "uv": [0, 0]},
						{"origin": [-9, 124, 68], "size": [18, 2, 2], "uv": [0, 0]},
						{"origin": [-9, 125, 69], "size": [18, 2, 2], "uv": [0, 0]},
						{"origin": [-9, 126, 70], "size": [18, 2, 2], "uv": [0, 0]},
						{"origin": [-9, 128, 71], "size": [18, 4, 2], "uv": [0, 0]},
						{"origin": [-18, 132, 69], "size": [36, 5, 1], "pivot": [0, 137, 70.5], "rotation": [2.5, 0, 0], "uv": [4, 210]},
						{"origin": [-17, 137, 69], "size": [34, 3, 1], "pivot": [0, 137, 70.5], "rotation": [17.5, 0, 0], "uv": [4, 210]},
						{"origin": [-15, 139, 69], "size": [30, 4, 1], "pivot": [0, 137, 70.5], "rotation": [17.5, 0, 0], "uv": [4, 210]},
						{"origin": [-9, 132, 72], "size": [18, 2, 2], "uv": [0, 0]},
						{"origin": [-9, 120, 53], "size": [18, 2, 8], "uv": [0, 0]},
						{"origin": [9, 121, 53], "size": [4, 2, 8], "uv": [0, 0]},
						{"origin": [-13, 121, 53], "size": [4, 2, 8], "uv": [0, 0]},
						{"origin": [-13, 122, 61], "size": [4, 2, 3], "uv": [0, 0]},
						{"origin": [9, 122, 61], "size": [4, 2, 3], "uv": [0, 0]},
						{"origin": [-16, 123, 61], "size": [3, 2, 3], "uv": [0, 0]},
						{"origin": [13, 123, 61], "size": [3, 2, 3], "uv": [0, 0]},
						{"origin": [-18, 125, 64], "size": [2, 2, 3], "uv": [0, 0]},
						{"origin": [16, 125, 64], "size": [2, 2, 3], "uv": [0, 0]},
						{"origin": [-18, 126, 67], "size": [2, 2, 2], "uv": [0, 0]},
						{"origin": [16, 126, 67], "size": [2, 2, 2], "uv": [0, 0]},
						{"origin": [-18, 131, 69], "size": [2, 2, 2], "uv": [0, 0]},
						{"origin": [16, 131, 69], "size": [2, 2, 2], "uv": [0, 0]},
						{"origin": [-18, 128, 68], "size": [2, 3, 2], "uv": [0, 0]},
						{"origin": [16, 128, 68], "size": [2, 3, 2], "uv": [0, 0]},
						{"origin": [-18, 124, 61], "size": [2, 2, 3], "uv": [0, 0]},
						{"origin": [16, 124, 61], "size": [2, 2, 3], "uv": [0, 0]},
						{"origin": [-20, 125, 61], "size": [2, 2, 3], "uv": [0, 0]},
						{"origin": [18, 125, 61], "size": [2, 2, 3], "uv": [0, 0]},
						{"origin": [-21, 126, 61], "size": [2, 2, 3], "uv": [0, 0]},
						{"origin": [19, 126, 61], "size": [2, 2, 3], "uv": [0, 0]},
						{"origin": [-22, 128, 61], "size": [2, 3, 3], "uv": [0, 0]},
						{"origin": [20, 128, 61], "size": [2, 3, 3], "uv": [0, 0]},
						{"origin": [-23, 131, 61], "size": [2, 2, 3], "uv": [0, 0]},
						{"origin": [21, 131, 61], "size": [2, 2, 3], "uv": [0, 0]},
						{"origin": [-21, 128, 64], "size": [2, 2, 2], "uv": [0, 0]},
						{"origin": [19, 128, 64], "size": [2, 2, 2], "uv": [0, 0]},
						{"origin": [-21, 129, 64], "size": [2, 2, 3], "uv": [0, 0]},
						{"origin": [19, 129, 64], "size": [2, 2, 3], "uv": [0, 0]},
						{"origin": [-22, 131, 64], "size": [2, 2, 3], "uv": [0, 0]},
						{"origin": [20, 131, 64], "size": [2, 2, 3], "uv": [0, 0]},
						{"origin": [-20, 126, 64], "size": [2, 2, 3], "uv": [0, 0]},
						{"origin": [18, 126, 64], "size": [2, 2, 3], "uv": [0, 0]},
						{"origin": [-20, 127, 66], "size": [2, 2, 2], "uv": [0, 0]},
						{"origin": [18, 127, 66], "size": [2, 2, 2], "uv": [0, 0]},
						{"origin": [-20, 128, 67], "size": [2, 3, 2], "uv": [0, 0]},
						{"origin": [18, 128, 67], "size": [2, 3, 2], "uv": [0, 0]},
						{"origin": [-20, 131, 68], "size": [2, 2, 2], "uv": [0, 0]},
						{"origin": [18, 131, 68], "size": [2, 2, 2], "uv": [0, 0]},
						{"origin": [-21, 131, 67], "size": [2, 2, 2], "uv": [0, 0]},
						{"origin": [19, 131, 67], "size": [2, 2, 2], "uv": [0, 0]},
						{"origin": [-16, 124, 64], "size": [3, 2, 3], "uv": [0, 0]},
						{"origin": [13, 124, 64], "size": [3, 2, 3], "uv": [0, 0]},
						{"origin": [-16, 125, 67], "size": [3, 2, 2], "uv": [0, 0]},
						{"origin": [13, 125, 67], "size": [3, 2, 2], "uv": [0, 0]},
						{"origin": [-16, 126, 68], "size": [3, 2, 2], "uv": [0, 0]},
						{"origin": [13, 126, 68], "size": [3, 2, 2], "uv": [0, 0]},
						{"origin": [-16, 131, 70], "size": [3, 2, 2], "uv": [0, 0]},
						{"origin": [13, 131, 70], "size": [3, 2, 2], "uv": [0, 0]},
						{"origin": [-16, 128, 69], "size": [3, 3, 2], "uv": [0, 0]},
						{"origin": [13, 128, 69], "size": [3, 3, 2], "uv": [0, 0]},
						{"origin": [-13, 123, 64], "size": [4, 2, 3], "uv": [0, 0]},
						{"origin": [9, 123, 64], "size": [4, 2, 3], "uv": [0, 0]},
						{"origin": [-13, 124, 67], "size": [4, 2, 2], "uv": [0, 0]},
						{"origin": [9, 124, 67], "size": [4, 2, 2], "uv": [0, 0]},
						{"origin": [-13, 125, 68], "size": [4, 2, 2], "uv": [0, 0]},
						{"origin": [9, 125, 68], "size": [4, 2, 2], "uv": [0, 0]},
						{"origin": [-13, 131, 71], "size": [4, 2, 2], "uv": [0, 0]},
						{"origin": [9, 131, 71], "size": [4, 2, 2], "uv": [0, 0]},
						{"origin": [-13, 126, 69], "size": [4, 2, 2], "uv": [0, 0]},
						{"origin": [9, 126, 69], "size": [4, 2, 2], "uv": [0, 0]},
						{"origin": [-13, 128, 70], "size": [4, 3, 2], "uv": [0, 0]},
						{"origin": [9, 128, 70], "size": [4, 3, 2], "uv": [0, 0]},
						{"origin": [-16, 122, 53], "size": [3, 2, 8], "uv": [0, 0]},
						{"origin": [13, 122, 53], "size": [3, 2, 8], "uv": [0, 0]},
						{"origin": [16, 123, 53], "size": [2, 2, 8], "uv": [0, 0]},
						{"origin": [18, 124, 53], "size": [2, 2, 8], "uv": [0, 0]},
						{"origin": [19, 125, 53], "size": [2, 2, 8], "uv": [0, 0]},
						{"origin": [-21, 125, 53], "size": [2, 2, 8], "uv": [0, 0]},
						{"origin": [-22, 126, 53], "size": [2, 2, 8], "uv": [0, 0]},
						{"origin": [20, 126, 53], "size": [2, 2, 8], "uv": [0, 0]},
						{"origin": [21, 128, 53], "size": [2, 3, 8], "uv": [0, 0]},
						{"origin": [-23, 128, 53], "size": [2, 3, 8], "uv": [0, 0]},
						{"origin": [22, 131, 53], "size": [2, 4, 8], "uv": [0, 0]},
						{"origin": [-24, 131, 53], "size": [2, 4, 8], "uv": [0, 0]},
						{"origin": [-20, 124, 53], "size": [2, 2, 8], "uv": [0, 0]},
						{"origin": [-18, 123, 53], "size": [2, 2, 8], "uv": [0, 0]}
					]
				},
				{
					"name": "mask3",
					"parent": "mask2",
					"pivot": [-0.0049, 133.96032, 65.74894],
					"rotation": [0, 0, 180],
					"cubes": [
						{"origin": [-9.0098, 120.92064, 61], "size": [18, 2, 3], "uv": [0, 0]},
						{"origin": [-9.0098, 121.92064, 64], "size": [18, 2, 3], "uv": [0, 0]},
						{"origin": [-9.0098, 122.92064, 67], "size": [18, 2, 2], "uv": [0, 0]},
						{"origin": [-9.0098, 123.92064, 68], "size": [18, 2, 2], "uv": [0, 0]},
						{"origin": [-9.0098, 124.92064, 69], "size": [18, 1, 2], "uv": [0, 0]},
						{"origin": [-9.0098, 125.92064, 69], "size": [3, 3, 1], "uv": [31, 125]},
						{"origin": [-6.0098, 125.92064, 69], "size": [3, 3, 1], "uv": [31, 125]},
						{"origin": [-3.0098, 125.92064, 69], "size": [3, 3, 1], "uv": [31, 125]},
						{"origin": [-0.0098, 125.92064, 69], "size": [3, 3, 1], "uv": [31, 125]},
						{"origin": [2.9902, 125.92064, 69], "size": [3, 3, 1], "uv": [31, 125]},
						{"origin": [2.9902, 120.92064, 71], "size": [3, 2, 1], "pivot": [4.4902, 127.42064, 69.5], "rotation": [0, 0, -180], "uv": [31, 125]},
						{"origin": [5.9902, 120.92064, 71], "size": [3, 2, 1], "pivot": [4.4902, 127.42064, 69.5], "rotation": [0, 0, -180], "uv": [31, 125]},
						{"origin": [-0.0098, 120.92064, 71], "size": [3, 2, 1], "pivot": [4.4902, 127.42064, 69.5], "rotation": [0, 0, -180], "uv": [31, 125]},
						{"origin": [8.9902, 120.92064, 71], "size": [3, 2, 1], "pivot": [4.4902, 127.42064, 69.5], "rotation": [0, 0, -180], "uv": [31, 125]},
						{"origin": [11.9902, 120.92064, 71], "size": [3, 2, 1], "pivot": [4.4902, 127.42064, 69.5], "rotation": [0, 0, -180], "uv": [31, 125]},
						{"origin": [14.9902, 120.92064, 71], "size": [3, 2, 1], "pivot": [4.4902, 127.42064, 69.5], "rotation": [0, 0, -180], "uv": [31, 125]},
						{"origin": [17.9902, 119.92064, 71], "size": [3, 3, 1], "pivot": [4.4902, 127.42064, 69.5], "rotation": [0, 0, -180], "uv": [31, 125]},
						{"origin": [-3.0098, 119.92064, 71], "size": [3, 3, 1], "pivot": [4.4902, 127.42064, 69.5], "rotation": [0, 0, -180], "uv": [31, 125]},
						{"origin": [20.9902, 119.92064, 70], "size": [3, 3, 1], "pivot": [4.4902, 127.42064, 69.5], "rotation": [0, 0, -180], "uv": [31, 125]},
						{"origin": [-6.0098, 119.92064, 70], "size": [3, 3, 1], "pivot": [4.4902, 127.42064, 69.5], "rotation": [0, 0, -180], "uv": [31, 125]},
						{"origin": [-18.0098, 133.92064, 70], "size": [3, 3, 1], "pivot": [-16.5098, 134.42064, 70.5], "rotation": [7.5, 0, -180], "uv": [31, 125]},
						{"origin": [-51.0098, 133.92064, 70], "size": [3, 3, 1], "pivot": [-16.5098, 134.42064, 70.5], "rotation": [7.5, 0, -180], "uv": [31, 125]},
						{"origin": [8.9902, 126.92064, 69], "size": [3, 3, 1], "uv": [31, 125]},
						{"origin": [-12.0098, 126.92064, 69], "size": [3, 3, 1], "uv": [31, 125]},
						{"origin": [11.9902, 126.92064, 69], "size": [3, 3, 1], "pivot": [13.4902, 129.42064, 69.5], "rotation": [-10, 0, 0], "uv": [31, 125]},
						{"origin": [-15.0098, 126.92064, 69], "size": [3, 3, 1], "pivot": [13.4902, 129.42064, 69.5], "rotation": [-10, 0, 0], "uv": [31, 125]},
						{"origin": [13.9902, 127.92064, 69], "size": [3, 3, 1], "pivot": [13.4902, 129.42064, 69.5], "rotation": [-12.5, 0, 0], "uv": [31, 125]},
						{"origin": [-17.0098, 127.92064, 69], "size": [3, 3, 1], "pivot": [13.4902, 129.42064, 69.5], "rotation": [-12.5, 0, 0], "uv": [31, 125]},
						{"origin": [5.9902, 125.92064, 69], "size": [3, 3, 1], "uv": [31, 125]},
						{"origin": [-9.0098, 119.92064, 53], "size": [18, 2, 8], "uv": [0, 0]},
						{"origin": [8.9902, 120.92064, 53], "size": [4, 2, 8], "uv": [0, 0]},
						{"origin": [-13.0098, 120.92064, 53], "size": [4, 2, 8], "uv": [0, 0]},
						{"origin": [-13.0098, 121.92064, 61], "size": [4, 2, 3], "uv": [0, 0]},
						{"origin": [8.9902, 121.92064, 61], "size": [4, 2, 3], "uv": [0, 0]},
						{"origin": [-16.0098, 122.92064, 61], "size": [3, 2, 3], "uv": [0, 0]},
						{"origin": [12.9902, 122.92064, 61], "size": [3, 2, 3], "uv": [0, 0]},
						{"origin": [-18.0098, 124.92064, 64], "size": [2, 2, 3], "uv": [0, 0]},
						{"origin": [15.9902, 124.92064, 64], "size": [2, 2, 3], "uv": [0, 0]},
						{"origin": [-18.0098, 125.92064, 67], "size": [2, 2, 2], "uv": [0, 0]},
						{"origin": [15.9902, 125.92064, 67], "size": [2, 2, 2], "uv": [0, 0]},
						{"origin": [-18.0098, 130.92064, 69], "size": [1, 1, 2], "uv": [0, 0]},
						{"origin": [16.9902, 130.92064, 69], "size": [1, 1, 2], "uv": [0, 0]},
						{"origin": [-17.0098, 127.92064, 68], "size": [1, 2, 2], "uv": [0, 0]},
						{"origin": [-18.0098, 127.92064, 68], "size": [1, 3, 2], "uv": [0, 0]},
						{"origin": [15.9902, 127.92064, 68], "size": [2, 2, 2], "uv": [0, 0]},
						{"origin": [16.9902, 128.92064, 68], "size": [1, 2, 2], "uv": [0, 0]},
						{"origin": [-18.0098, 123.92064, 61], "size": [2, 2, 3], "uv": [0, 0]},
						{"origin": [15.9902, 123.92064, 61], "size": [2, 2, 3], "uv": [0, 0]},
						{"origin": [-20.0098, 124.92064, 61], "size": [2, 2, 3], "uv": [0, 0]},
						{"origin": [17.9902, 124.92064, 61], "size": [2, 2, 3], "uv": [0, 0]},
						{"origin": [-21.0098, 125.92064, 61], "size": [2, 2, 3], "uv": [0, 0]},
						{"origin": [18.9902, 125.92064, 61], "size": [2, 2, 3], "uv": [0, 0]},
						{"origin": [-22.0098, 127.92064, 61], "size": [2, 3, 3], "uv": [0, 0]},
						{"origin": [19.9902, 127.92064, 61], "size": [2, 3, 3], "uv": [0, 0]},
						{"origin": [-23.0098, 130.92064, 61], "size": [2, 4, 3], "uv": [0, 0]},
						{"origin": [20.9902, 130.92064, 61], "size": [2, 5, 3], "uv": [0, 0]},
						{"origin": [-21.0098, 127.92064, 64], "size": [2, 2, 2], "uv": [0, 0]},
						{"origin": [18.9902, 127.92064, 64], "size": [2, 2, 2], "uv": [0, 0]},
						{"origin": [-21.0098, 128.92064, 64], "size": [2, 2, 3], "uv": [0, 0]},
						{"origin": [18.9902, 128.92064, 64], "size": [2, 2, 3], "uv": [0, 0]},
						{"origin": [-22.0098, 130.92064, 64], "size": [2, 4, 3], "uv": [0, 0]},
						{"origin": [19.9902, 130.92064, 64], "size": [2, 4, 3], "uv": [0, 0]},
						{"origin": [-20.0098, 125.92064, 64], "size": [2, 2, 3], "uv": [0, 0]},
						{"origin": [17.9902, 125.92064, 64], "size": [2, 2, 3], "uv": [0, 0]},
						{"origin": [-20.0098, 126.92064, 66], "size": [2, 2, 2], "uv": [0, 0]},
						{"origin": [17.9902, 126.92064, 66], "size": [2, 2, 2], "uv": [0, 0]},
						{"origin": [-20.0098, 127.92064, 67], "size": [2, 3, 2], "uv": [0, 0]},
						{"origin": [17.9902, 127.92064, 67], "size": [2, 3, 2], "uv": [0, 0]},
						{"origin": [-20.0098, 130.92064, 68], "size": [2, 4, 2], "uv": [0, 0]},
						{"origin": [17.9902, 130.92064, 68], "size": [2, 4, 2], "uv": [0, 0]},
						{"origin": [-21.0098, 130.92064, 67], "size": [2, 5, 2], "uv": [0, 0]},
						{"origin": [18.9902, 130.92064, 67], "size": [2, 4, 2], "uv": [0, 0]},
						{"origin": [-16.0098, 123.92064, 64], "size": [3, 2, 3], "uv": [0, 0]},
						{"origin": [12.9902, 123.92064, 64], "size": [3, 2, 3], "uv": [0, 0]},
						{"origin": [-16.0098, 124.92064, 67], "size": [3, 2, 2], "uv": [0, 0]},
						{"origin": [12.9902, 124.92064, 67], "size": [3, 2, 2], "uv": [0, 0]},
						{"origin": [-16.0098, 125.92064, 68], "size": [3, 2, 2], "uv": [0, 0]},
						{"origin": [12.9902, 125.92064, 68], "size": [3, 2, 2], "uv": [0, 0]},
						{"origin": [-16.0098, 127.92064, 69], "size": [1, 1, 2], "uv": [0, 0]},
						{"origin": [14.9902, 127.92064, 69], "size": [1, 1, 2], "uv": [0, 0]},
						{"origin": [-13.0098, 122.92064, 64], "size": [4, 2, 3], "uv": [0, 0]},
						{"origin": [8.9902, 122.92064, 64], "size": [4, 2, 3], "uv": [0, 0]},
						{"origin": [-13.0098, 123.92064, 67], "size": [4, 2, 2], "uv": [0, 0]},
						{"origin": [8.9902, 123.92064, 67], "size": [4, 2, 2], "uv": [0, 0]},
						{"origin": [-13.0098, 124.92064, 68], "size": [4, 2, 2], "uv": [0, 0]},
						{"origin": [8.9902, 124.92064, 68], "size": [4, 2, 2], "uv": [0, 0]},
						{"origin": [-13.0098, 125.92064, 69], "size": [4, 1, 2], "uv": [0, 0]},
						{"origin": [8.9902, 125.92064, 69], "size": [4, 1, 2], "uv": [0, 0]},
						{"origin": [-16.0098, 121.92064, 53], "size": [3, 2, 8], "uv": [0, 0]},
						{"origin": [12.9902, 121.92064, 53], "size": [3, 2, 8], "uv": [0, 0]},
						{"origin": [15.9902, 122.92064, 53], "size": [2, 2, 8], "uv": [0, 0]},
						{"origin": [17.9902, 123.92064, 53], "size": [2, 2, 8], "uv": [0, 0]},
						{"origin": [18.9902, 124.92064, 53], "size": [2, 2, 8], "uv": [0, 0]},
						{"origin": [-21.0098, 124.92064, 53], "size": [2, 2, 8], "uv": [0, 0]},
						{"origin": [-22.0098, 125.92064, 53], "size": [2, 2, 8], "uv": [0, 0]},
						{"origin": [19.9902, 125.92064, 53], "size": [2, 2, 8], "uv": [0, 0]},
						{"origin": [20.9902, 127.92064, 53], "size": [2, 3, 8], "uv": [0, 0]},
						{"origin": [-23.0098, 127.92064, 53], "size": [2, 3, 8], "uv": [0, 0]},
						{"origin": [21.9902, 130.92064, 53], "size": [2, 4, 8], "uv": [0, 0]},
						{"origin": [-24.0098, 130.92064, 53], "size": [2, 4, 8], "uv": [0, 0]},
						{"origin": [-20.0098, 123.92064, 53], "size": [2, 2, 8], "uv": [0, 0]},
						{"origin": [-18.0098, 122.92064, 53], "size": [2, 2, 8], "uv": [0, 0]}
					]
				},
				{
					"name": "mask4",
					"parent": "mask2",
					"pivot": [0, 124, 55],
					"rotation": [180, 0, 180],
					"cubes": [
						{"origin": [-9, 121, 61], "size": [18, 2, 3], "uv": [0, 0]},
						{"origin": [-9, 122, 64], "size": [18, 2, 3], "uv": [0, 0]},
						{"origin": [-9, 123, 67], "size": [18, 2, 2], "uv": [0, 0]},
						{"origin": [-9, 124, 68], "size": [18, 2, 2], "uv": [0, 0]},
						{"origin": [-9, 125, 69], "size": [18, 2, 2], "uv": [0, 0]},
						{"origin": [-9, 126, 70], "size": [18, 2, 2], "uv": [0, 0]},
						{"origin": [-9, 128, 71], "size": [18, 3, 2], "uv": [0, 0]},
						{"origin": [-9, 131, 72], "size": [18, 3, 2], "uv": [0, 0]},
						{"origin": [-9, 120, 53], "size": [18, 2, 8], "uv": [0, 0]},
						{"origin": [9, 121, 53], "size": [4, 2, 8], "uv": [0, 0]},
						{"origin": [-13, 121, 53], "size": [4, 2, 8], "uv": [0, 0]},
						{"origin": [-13, 122, 61], "size": [4, 2, 3], "uv": [0, 0]},
						{"origin": [9, 122, 61], "size": [4, 2, 3], "uv": [0, 0]},
						{"origin": [-16, 123, 61], "size": [3, 2, 3], "uv": [0, 0]},
						{"origin": [13, 123, 61], "size": [3, 2, 3], "uv": [0, 0]},
						{"origin": [-18, 125, 64], "size": [2, 2, 3], "uv": [0, 0]},
						{"origin": [16, 125, 64], "size": [2, 2, 3], "uv": [0, 0]},
						{"origin": [-18, 126, 67], "size": [2, 2, 2], "uv": [0, 0]},
						{"origin": [16, 126, 67], "size": [2, 2, 2], "uv": [0, 0]},
						{"origin": [-18, 131, 69], "size": [2, 3, 2], "uv": [0, 0]},
						{"origin": [16, 131, 69], "size": [2, 3, 2], "uv": [0, 0]},
						{"origin": [-18, 128, 68], "size": [2, 3, 2], "uv": [0, 0]},
						{"origin": [16, 128, 68], "size": [2, 3, 2], "uv": [0, 0]},
						{"origin": [-18, 124, 61], "size": [2, 2, 3], "uv": [0, 0]},
						{"origin": [16, 124, 61], "size": [2, 2, 3], "uv": [0, 0]},
						{"origin": [-20, 125, 61], "size": [2, 2, 3], "uv": [0, 0]},
						{"origin": [18, 125, 61], "size": [2, 2, 3], "uv": [0, 0]},
						{"origin": [-21, 126, 61], "size": [2, 2, 3], "uv": [0, 0]},
						{"origin": [19, 126, 61], "size": [2, 2, 3], "uv": [0, 0]},
						{"origin": [-22, 128, 61], "size": [2, 3, 3], "uv": [0, 0]},
						{"origin": [20, 128, 61], "size": [2, 3, 3], "uv": [0, 0]},
						{"origin": [-23, 131, 61], "size": [2, 3, 3], "uv": [0, 0]},
						{"origin": [21, 131, 61], "size": [2, 3, 3], "uv": [0, 0]},
						{"origin": [-21, 128, 64], "size": [2, 2, 2], "uv": [0, 0]},
						{"origin": [19, 128, 64], "size": [2, 2, 2], "uv": [0, 0]},
						{"origin": [-21, 129, 64], "size": [2, 2, 3], "uv": [0, 0]},
						{"origin": [19, 129, 64], "size": [2, 2, 3], "uv": [0, 0]},
						{"origin": [-22, 131, 64], "size": [2, 3, 3], "uv": [0, 0]},
						{"origin": [20, 131, 64], "size": [2, 3, 3], "uv": [0, 0]},
						{"origin": [-20, 126, 64], "size": [2, 2, 3], "uv": [0, 0]},
						{"origin": [18, 126, 64], "size": [2, 2, 3], "uv": [0, 0]},
						{"origin": [-20, 127, 66], "size": [2, 2, 2], "uv": [0, 0]},
						{"origin": [18, 127, 66], "size": [2, 2, 2], "uv": [0, 0]},
						{"origin": [-20, 128, 67], "size": [2, 3, 2], "uv": [0, 0]},
						{"origin": [18, 128, 67], "size": [2, 3, 2], "uv": [0, 0]},
						{"origin": [-20, 131, 68], "size": [2, 3, 2], "uv": [0, 0]},
						{"origin": [18, 131, 68], "size": [2, 3, 2], "uv": [0, 0]},
						{"origin": [-21, 131, 67], "size": [2, 3, 2], "uv": [0, 0]},
						{"origin": [19, 131, 67], "size": [2, 3, 2], "uv": [0, 0]},
						{"origin": [-16, 124, 64], "size": [3, 2, 3], "uv": [0, 0]},
						{"origin": [13, 124, 64], "size": [3, 2, 3], "uv": [0, 0]},
						{"origin": [-16, 125, 67], "size": [3, 2, 2], "uv": [0, 0]},
						{"origin": [13, 125, 67], "size": [3, 2, 2], "uv": [0, 0]},
						{"origin": [-16, 126, 68], "size": [3, 2, 2], "uv": [0, 0]},
						{"origin": [13, 126, 68], "size": [3, 2, 2], "uv": [0, 0]},
						{"origin": [-16, 131, 70], "size": [3, 3, 2], "uv": [0, 0]},
						{"origin": [13, 131, 70], "size": [3, 3, 2], "uv": [0, 0]},
						{"origin": [-16, 128, 69], "size": [3, 3, 2], "uv": [0, 0]},
						{"origin": [13, 128, 69], "size": [3, 3, 2], "uv": [0, 0]},
						{"origin": [-13, 123, 64], "size": [4, 2, 3], "uv": [0, 0]},
						{"origin": [9, 123, 64], "size": [4, 2, 3], "uv": [0, 0]},
						{"origin": [-13, 124, 67], "size": [4, 2, 2], "uv": [0, 0]},
						{"origin": [9, 124, 67], "size": [4, 2, 2], "uv": [0, 0]},
						{"origin": [-13, 125, 68], "size": [4, 2, 2], "uv": [0, 0]},
						{"origin": [9, 125, 68], "size": [4, 2, 2], "uv": [0, 0]},
						{"origin": [-13, 131, 71], "size": [4, 3, 2], "uv": [0, 0]},
						{"origin": [9, 131, 71], "size": [4, 3, 2], "uv": [0, 0]},
						{"origin": [-13, 126, 69], "size": [4, 2, 2], "uv": [0, 0]},
						{"origin": [9, 126, 69], "size": [4, 2, 2], "uv": [0, 0]},
						{"origin": [-13, 128, 70], "size": [4, 3, 2], "uv": [0, 0]},
						{"origin": [9, 128, 70], "size": [4, 3, 2], "uv": [0, 0]},
						{"origin": [-16, 122, 53], "size": [3, 2, 8], "uv": [0, 0]},
						{"origin": [13, 122, 53], "size": [3, 2, 8], "uv": [0, 0]},
						{"origin": [16, 123, 53], "size": [2, 2, 8], "uv": [0, 0]},
						{"origin": [18, 124, 53], "size": [2, 2, 8], "uv": [0, 0]},
						{"origin": [19, 125, 53], "size": [2, 2, 8], "uv": [0, 0]},
						{"origin": [-21, 125, 53], "size": [2, 2, 8], "uv": [0, 0]},
						{"origin": [-22, 126, 53], "size": [2, 2, 8], "uv": [0, 0]},
						{"origin": [20, 126, 53], "size": [2, 2, 8], "uv": [0, 0]},
						{"origin": [21, 128, 53], "size": [2, 3, 8], "uv": [0, 0]},
						{"origin": [-23, 128, 53], "size": [2, 3, 8], "uv": [0, 0]},
						{"origin": [22, 131, 53], "size": [2, 4, 8], "uv": [0, 0]},
						{"origin": [-24, 131, 53], "size": [2, 4, 8], "uv": [0, 0]},
						{"origin": [-20, 124, 53], "size": [2, 2, 8], "uv": [0, 0]},
						{"origin": [-18, 123, 53], "size": [2, 2, 8], "uv": [0, 0]}
					]
				},
				{
					"name": "mask5",
					"parent": "mask4",
					"pivot": [0, 144, 55],
					"rotation": [0, 0, 180],
					"cubes": [
						{"origin": [-9, 141, 61], "size": [18, 2, 3], "uv": [0, 0]},
						{"origin": [-9, 142, 64], "size": [18, 2, 3], "uv": [0, 0]},
						{"origin": [-9, 143, 67], "size": [18, 2, 2], "uv": [0, 0]},
						{"origin": [-9, 144, 68], "size": [18, 2, 2], "uv": [0, 0]},
						{"origin": [-9, 145, 69], "size": [18, 2, 2], "uv": [0, 0]},
						{"origin": [-9, 146, 70], "size": [18, 2, 2], "uv": [0, 0]},
						{"origin": [-9, 148, 71], "size": [18, 3, 2], "uv": [0, 0]},
						{"origin": [-9, 151, 72], "size": [18, 3, 2], "uv": [0, 0]},
						{"origin": [-9, 140, 53], "size": [18, 2, 8], "uv": [0, 0]},
						{"origin": [9, 141, 53], "size": [4, 2, 8], "uv": [0, 0]},
						{"origin": [-13, 141, 53], "size": [4, 2, 8], "uv": [0, 0]},
						{"origin": [-13, 142, 61], "size": [4, 2, 3], "uv": [0, 0]},
						{"origin": [9, 142, 61], "size": [4, 2, 3], "uv": [0, 0]},
						{"origin": [-16, 143, 61], "size": [3, 2, 3], "uv": [0, 0]},
						{"origin": [13, 143, 61], "size": [3, 2, 3], "uv": [0, 0]},
						{"origin": [-18, 145, 64], "size": [2, 2, 3], "uv": [0, 0]},
						{"origin": [16, 145, 64], "size": [2, 2, 3], "uv": [0, 0]},
						{"origin": [-18, 146, 67], "size": [2, 2, 2], "uv": [0, 0]},
						{"origin": [16, 146, 67], "size": [2, 2, 2], "uv": [0, 0]},
						{"origin": [-18, 151, 69], "size": [2, 3, 2], "uv": [0, 0]},
						{"origin": [16, 151, 69], "size": [2, 3, 2], "uv": [0, 0]},
						{"origin": [-18, 148, 68], "size": [2, 3, 2], "uv": [0, 0]},
						{"origin": [16, 148, 68], "size": [2, 3, 2], "uv": [0, 0]},
						{"origin": [-18, 144, 61], "size": [2, 2, 3], "uv": [0, 0]},
						{"origin": [16, 144, 61], "size": [2, 2, 3], "uv": [0, 0]},
						{"origin": [-20, 145, 61], "size": [2, 2, 3], "uv": [0, 0]},
						{"origin": [18, 145, 61], "size": [2, 2, 3], "uv": [0, 0]},
						{"origin": [-21, 146, 61], "size": [2, 2, 3], "uv": [0, 0]},
						{"origin": [19, 146, 61], "size": [2, 2, 3], "uv": [0, 0]},
						{"origin": [-22, 148, 61], "size": [2, 3, 3], "uv": [0, 0]},
						{"origin": [20, 148, 61], "size": [2, 3, 3], "uv": [0, 0]},
						{"origin": [-23, 151, 61], "size": [2, 3, 3], "uv": [0, 0]},
						{"origin": [21, 151, 61], "size": [2, 3, 3], "uv": [0, 0]},
						{"origin": [-21, 148, 64], "size": [2, 2, 2], "uv": [0, 0]},
						{"origin": [19, 148, 64], "size": [2, 2, 2], "uv": [0, 0]},
						{"origin": [-21, 149, 64], "size": [2, 2, 3], "uv": [0, 0]},
						{"origin": [19, 149, 64], "size": [2, 2, 3], "uv": [0, 0]},
						{"origin": [-22, 151, 64], "size": [2, 3, 3], "uv": [0, 0]},
						{"origin": [20, 151, 64], "size": [2, 3, 3], "uv": [0, 0]},
						{"origin": [-20, 146, 64], "size": [2, 2, 3], "uv": [0, 0]},
						{"origin": [18, 146, 64], "size": [2, 2, 3], "uv": [0, 0]},
						{"origin": [-20, 147, 66], "size": [2, 2, 2], "uv": [0, 0]},
						{"origin": [18, 147, 66], "size": [2, 2, 2], "uv": [0, 0]},
						{"origin": [-20, 148, 67], "size": [2, 3, 2], "uv": [0, 0]},
						{"origin": [18, 148, 67], "size": [2, 3, 2], "uv": [0, 0]},
						{"origin": [-20, 151, 68], "size": [2, 3, 2], "uv": [0, 0]},
						{"origin": [18, 151, 68], "size": [2, 3, 2], "uv": [0, 0]},
						{"origin": [-21, 151, 67], "size": [2, 3, 2], "uv": [0, 0]},
						{"origin": [19, 151, 67], "size": [2, 3, 2], "uv": [0, 0]},
						{"origin": [-16, 144, 64], "size": [3, 2, 3], "uv": [0, 0]},
						{"origin": [13, 144, 64], "size": [3, 2, 3], "uv": [0, 0]},
						{"origin": [-16, 145, 67], "size": [3, 2, 2], "uv": [0, 0]},
						{"origin": [13, 145, 67], "size": [3, 2, 2], "uv": [0, 0]},
						{"origin": [-16, 146, 68], "size": [3, 2, 2], "uv": [0, 0]},
						{"origin": [13, 146, 68], "size": [3, 2, 2], "uv": [0, 0]},
						{"origin": [-16, 151, 70], "size": [3, 3, 2], "uv": [0, 0]},
						{"origin": [13, 151, 70], "size": [3, 3, 2], "uv": [0, 0]},
						{"origin": [-16, 148, 69], "size": [3, 3, 2], "uv": [0, 0]},
						{"origin": [13, 148, 69], "size": [3, 3, 2], "uv": [0, 0]},
						{"origin": [-13, 143, 64], "size": [4, 2, 3], "uv": [0, 0]},
						{"origin": [9, 143, 64], "size": [4, 2, 3], "uv": [0, 0]},
						{"origin": [-13, 144, 67], "size": [4, 2, 2], "uv": [0, 0]},
						{"origin": [9, 144, 67], "size": [4, 2, 2], "uv": [0, 0]},
						{"origin": [-13, 145, 68], "size": [4, 2, 2], "uv": [0, 0]},
						{"origin": [9, 145, 68], "size": [4, 2, 2], "uv": [0, 0]},
						{"origin": [-13, 151, 71], "size": [4, 3, 2], "uv": [0, 0]},
						{"origin": [9, 151, 71], "size": [4, 3, 2], "uv": [0, 0]},
						{"origin": [-13, 146, 69], "size": [4, 2, 2], "uv": [0, 0]},
						{"origin": [9, 146, 69], "size": [4, 2, 2], "uv": [0, 0]},
						{"origin": [-13, 148, 70], "size": [4, 3, 2], "uv": [0, 0]},
						{"origin": [9, 148, 70], "size": [4, 3, 2], "uv": [0, 0]},
						{"origin": [-16, 142, 53], "size": [3, 2, 8], "uv": [0, 0]},
						{"origin": [13, 142, 53], "size": [3, 2, 8], "uv": [0, 0]},
						{"origin": [16, 143, 53], "size": [2, 2, 8], "uv": [0, 0]},
						{"origin": [18, 144, 53], "size": [2, 2, 8], "uv": [0, 0]},
						{"origin": [19, 145, 53], "size": [2, 2, 8], "uv": [0, 0]},
						{"origin": [-21, 145, 53], "size": [2, 2, 8], "uv": [0, 0]},
						{"origin": [-22, 146, 53], "size": [2, 2, 8], "uv": [0, 0]},
						{"origin": [20, 146, 53], "size": [2, 2, 8], "uv": [0, 0]},
						{"origin": [21, 148, 53], "size": [2, 3, 8], "uv": [0, 0]},
						{"origin": [-23, 148, 53], "size": [2, 3, 8], "uv": [0, 0]},
						{"origin": [22, 151, 53], "size": [2, 4, 8], "uv": [0, 0]},
						{"origin": [-24, 151, 53], "size": [2, 4, 8], "uv": [0, 0]},
						{"origin": [-20, 144, 53], "size": [2, 2, 8], "uv": [0, 0]},
						{"origin": [-18, 143, 53], "size": [2, 2, 8], "uv": [0, 0]}
					]
				},
				{
					"name": "eye",
					"parent": "ad",
					"pivot": [-10, 121, 38],
					"rotation": [-5, 0, 0]
				},
				{
					"name": "bol",
					"parent": "eye",
					"pivot": [-3, 96, 55],
					"cubes": [
						{"origin": [-14, 118, 37], "size": [9, 5, 4], "uv": [188, 16]},
						{"origin": [-13, 117, 37], "size": [7, 7, 4], "uv": [188, 16]},
						{"origin": [-12, 116, 37], "size": [5, 9, 4], "uv": [188, 16]},
						{"origin": [-12, 123, 31], "size": [5, 2, 8], "pivot": [-9.5, 123.5, 38], "rotation": [90, 0, 0], "uv": [188, 16]},
						{"origin": [-12, 123, 32], "size": [5, 3, 6], "pivot": [-9.5, 123.5, 38], "rotation": [90, 0, 0], "uv": [188, 16]},
						{"origin": [-13, 123, 32], "size": [7, 2, 6], "pivot": [-9.5, 123.5, 38], "rotation": [90, 0, 0], "uv": [188, 16]},
						{"origin": [-12, 119.5, 33.5], "size": [5, 2, 8], "pivot": [-9.5, 120.5, 37.5], "rotation": [90, 0, 90], "uv": [188, 16]},
						{"origin": [-13, 119.5, 34.5], "size": [7, 2, 6], "pivot": [-9.5, 120.5, 37.5], "rotation": [90, 0, 90], "uv": [188, 16]},
						{"origin": [-12, 120.5, 34.5], "size": [5, 2, 6], "pivot": [-9.5, 120.5, 37.5], "rotation": [90, 0, 90], "uv": [188, 16]},
						{"origin": [-8, 120, 37], "size": [8, 6, 4], "pivot": [-8, 124.5, 38], "rotation": [0, 0, 90], "uv": [188, 16]},
						{"origin": [-7, 119, 37], "size": [6, 8, 4], "pivot": [-8, 124.5, 38], "rotation": [0, 0, 90], "uv": [188, 16]},
						{"origin": [-7, 120, 36], "size": [6, 6, 3], "pivot": [-8, 124.5, 38], "rotation": [0, 0, 90], "uv": [188, 16]},
						{"origin": [-12, 117, 36], "size": [5, 7, 3], "uv": [188, 16]},
						{"origin": [-13, 118, 36], "size": [7, 5, 3], "uv": [188, 16]}
					]
				},
				{
					"name": "black",
					"parent": "eye",
					"pivot": [-9.5, 120.5, 36],
					"cubes": [
						{"origin": [-11, 118, 35], "size": [3, 5, 2], "uv": [42, 222]},
						{"origin": [-15.5, 119.5, 35], "size": [4, 4, 2], "pivot": [-11.5, 121, 36], "rotation": [0, 0, -180], "uv": [42, 222]},
						{"origin": [-12, 119, 35], "size": [5, 3, 2], "uv": [42, 222]}
					]
				},
				{
					"name": "eye2",
					"parent": "ad",
					"pivot": [9, 121, 38],
					"rotation": [-10, 0, 0]
				},
				{
					"name": "bol2",
					"parent": "eye2",
					"pivot": [16, 96, 55],
					"cubes": [
						{"origin": [5, 118, 37], "size": [9, 5, 4], "uv": [188, 16]},
						{"origin": [6, 117, 37], "size": [7, 7, 4], "uv": [188, 16]},
						{"origin": [7, 116, 37], "size": [5, 9, 4], "uv": [188, 16]},
						{"origin": [7, 123, 31], "size": [5, 2, 8], "pivot": [9.5, 123.5, 38], "rotation": [90, 0, 0], "uv": [188, 16]},
						{"origin": [7, 123, 32], "size": [5, 3, 6], "pivot": [9.5, 123.5, 38], "rotation": [90, 0, 0], "uv": [188, 16]},
						{"origin": [6, 123, 32], "size": [7, 2, 6], "pivot": [9.5, 123.5, 38], "rotation": [90, 0, 0], "uv": [188, 16]},
						{"origin": [7, 119.5, 33.5], "size": [5, 2, 8], "pivot": [9.5, 120.5, 37.5], "rotation": [90, 0, 90], "uv": [188, 16]},
						{"origin": [6, 119.5, 34.5], "size": [7, 2, 6], "pivot": [9.5, 120.5, 37.5], "rotation": [90, 0, 90], "uv": [188, 16]},
						{"origin": [7, 120.5, 34.5], "size": [5, 2, 6], "pivot": [9.5, 120.5, 37.5], "rotation": [90, 0, 90], "uv": [188, 16]},
						{"origin": [11, 120, 37], "size": [8, 6, 5], "pivot": [11, 124.5, 38], "rotation": [0, 0, 90], "uv": [188, 16]},
						{"origin": [12, 119, 37], "size": [6, 8, 4], "pivot": [11, 124.5, 38], "rotation": [0, 0, 90], "uv": [188, 16]},
						{"origin": [12, 120, 36], "size": [6, 6, 3], "pivot": [11, 124.5, 38], "rotation": [0, 0, 90], "uv": [188, 16]},
						{"origin": [7, 117, 36], "size": [5, 7, 3], "uv": [188, 16]},
						{"origin": [6, 118, 36], "size": [7, 5, 3], "uv": [188, 16]}
					]
				},
				{
					"name": "black2",
					"parent": "eye2",
					"pivot": [9.5, 120.5, 36],
					"cubes": [
						{"origin": [8, 118, 35], "size": [3, 5, 2], "uv": [42, 222]},
						{"origin": [3.5, 119.5, 35], "size": [4, 4, 2], "pivot": [7.5, 121, 36], "rotation": [0, 0, -180], "uv": [42, 222]},
						{"origin": [7, 119, 35], "size": [5, 3, 2], "uv": [42, 222]}
					]
				},
				{
					"name": "brao",
					"parent": "corpo",
					"pivot": [18, 93, 56],
					"rotation": [-37.37301, 81.62373, -44.81096]
				},
				{
					"name": "Cm6",
					"parent": "brao",
					"pivot": [20, 91, 56.5],
					"cubes": [
						{"origin": [14, 81, 54], "size": [11, 11, 3], "uv": [0, 0]},
						{"origin": [15, 81, 54], "size": [9, 13, 3], "uv": [0, 0]},
						{"origin": [16, 81, 54], "size": [7, 14, 3], "uv": [0, 0]},
						{"origin": [18, 81, 54], "size": [3, 15, 3], "uv": [0, 0]},
						{"origin": [18, 81, 52], "size": [3, 14, 7], "uv": [0, 0]},
						{"origin": [18, 81, 51], "size": [3, 13, 9], "uv": [0, 0]},
						{"origin": [16, 81, 52], "size": [7, 13, 7], "uv": [0, 0]},
						{"origin": [16, 81, 51], "size": [7, 11, 9], "uv": [0, 0]},
						{"origin": [18, 81, 50], "size": [3, 11, 11], "uv": [0, 0]},
						{"origin": [15, 81, 52], "size": [9, 11, 7], "uv": [0, 0]}
					]
				},
				{
					"name": "cm7",
					"parent": "Cm6",
					"pivot": [20, 81, 56.5],
					"cubes": [
						{"origin": [13, 69, 54], "size": [13, 13, 3], "uv": [0, 0]},
						{"origin": [15, 69, 51], "size": [9, 13, 9], "uv": [0, 0]},
						{"origin": [16, 69, 50], "size": [7, 13, 11], "uv": [0, 0]},
						{"origin": [18, 69, 49], "size": [3, 13, 13], "uv": [0, 0]},
						{"origin": [14, 69, 52], "size": [11, 13, 7], "uv": [0, 0]}
					]
				},
				{
					"name": "cm8",
					"parent": "cm7",
					"pivot": [20, 69, 56.5],
					"cubes": [
						{"origin": [12, 56, 54], "size": [15, 14, 3], "uv": [0, 0]},
						{"origin": [14, 56, 51], "size": [11, 14, 9], "uv": [0, 0]},
						{"origin": [15, 56, 50], "size": [9, 14, 11], "uv": [0, 0]},
						{"origin": [16, 56, 49], "size": [7, 14, 13], "uv": [0, 0]},
						{"origin": [18, 56, 48], "size": [3, 14, 15], "uv": [0, 0]},
						{"origin": [13, 56, 52], "size": [13, 14, 7], "uv": [0, 0]}
					]
				},
				{
					"name": "cm9",
					"parent": "cm8",
					"pivot": [20, 56, 56.5],
					"rotation": [7.5, 0, 0],
					"cubes": [
						{"origin": [11, 44, 54], "size": [17, 13, 3], "uv": [0, 0]},
						{"origin": [13, 44, 51], "size": [13, 13, 9], "uv": [0, 0]},
						{"origin": [14, 44, 50], "size": [11, 13, 11], "uv": [0, 0]},
						{"origin": [15, 44, 49], "size": [9, 13, 13], "uv": [0, 0]},
						{"origin": [16, 44, 48], "size": [7, 13, 15], "uv": [0, 0]},
						{"origin": [18, 44, 47], "size": [3, 13, 17], "uv": [0, 0]},
						{"origin": [12, 44, 52], "size": [15, 13, 7], "uv": [0, 0]}
					]
				},
				{
					"name": "cm10",
					"parent": "cm9",
					"pivot": [20, 44, 56.5],
					"rotation": [20, 0, 0],
					"cubes": [
						{"origin": [10, 31, 54], "size": [19, 14, 3], "uv": [0, 0]},
						{"origin": [12, 31, 51], "size": [15, 14, 9], "uv": [0, 0]},
						{"origin": [13, 31, 50], "size": [13, 14, 11], "uv": [0, 0]},
						{"origin": [14, 31, 49], "size": [11, 14, 13], "uv": [0, 0]},
						{"origin": [15, 31, 48], "size": [9, 14, 15], "uv": [0, 0]},
						{"origin": [16, 31, 47], "size": [7, 14, 17], "uv": [0, 0]},
						{"origin": [18, 31, 46], "size": [3, 14, 19], "uv": [0, 0]},
						{"origin": [11, 31, 52], "size": [17, 14, 7], "uv": [0, 0]}
					]
				},
				{
					"name": "cm11",
					"parent": "cm10",
					"pivot": [20, 31, 56.5],
					"rotation": [40, 0, 0],
					"cubes": [
						{"origin": [9, 19, 54], "size": [21, 13, 3], "uv": [0, 0]},
						{"origin": [11, 19, 51], "size": [17, 13, 9], "uv": [0, 0]},
						{"origin": [12, 19, 50], "size": [15, 13, 11], "uv": [0, 0]},
						{"origin": [13, 19, 49], "size": [13, 13, 13], "uv": [0, 0]},
						{"origin": [14, 19, 48], "size": [11, 13, 15], "uv": [0, 0]},
						{"origin": [15, 19, 47], "size": [9, 13, 17], "uv": [0, 0]},
						{"origin": [18, 19, 45], "size": [3, 13, 21], "uv": [0, 0]},
						{"origin": [16, 19, 46], "size": [7, 13, 19], "uv": [0, 0]},
						{"origin": [10, 19, 52], "size": [19, 13, 7], "uv": [0, 0]}
					]
				},
				{
					"name": "cm12",
					"parent": "cm11",
					"pivot": [20, 19, 56.5],
					"rotation": [30, 0, 0],
					"cubes": [
						{"origin": [8, 6, 54], "size": [23, 14, 3], "uv": [0, 0]},
						{"origin": [10, 6, 51], "size": [19, 14, 9], "uv": [0, 0]},
						{"origin": [11, 6, 50], "size": [17, 14, 11], "uv": [0, 0]},
						{"origin": [12, 6, 49], "size": [15, 14, 13], "uv": [0, 0]},
						{"origin": [13, 6, 48], "size": [13, 14, 15], "uv": [0, 0]},
						{"origin": [14, 6, 47], "size": [11, 14, 17], "uv": [0, 0]},
						{"origin": [15, 6, 46], "size": [9, 14, 19], "uv": [0, 0]},
						{"origin": [16, 6, 45], "size": [7, 14, 21], "uv": [0, 0]},
						{"origin": [18, 6, 44], "size": [3, 14, 23], "uv": [0, 0]},
						{"origin": [9, 6, 52], "size": [21, 14, 7], "uv": [0, 0]}
					]
				},
				{
					"name": "cm13",
					"parent": "cm12",
					"pivot": [20, 6, 56.5],
					"cubes": [
						{"origin": [12, -7, 52], "size": [16, 14, 7], "uv": [0, 0]},
						{"origin": [13, -9, 52], "size": [14, 2, 7], "uv": [0, 0]},
						{"origin": [14, -9, 50], "size": [12, 2, 11], "uv": [0, 0]},
						{"origin": [15, -9, 49], "size": [10, 2, 13], "uv": [0, 0]},
						{"origin": [16, -9, 48], "size": [8, 2, 15], "uv": [0, 0]},
						{"origin": [17, -9, 47], "size": [6, 2, 17], "uv": [0, 0]},
						{"origin": [18, -9, 46], "size": [4, 2, 19], "uv": [0, 0]},
						{"origin": [18, -10, 47], "size": [4, 3, 17], "uv": [163, 209]},
						{"origin": [16, -10, 49], "size": [8, 3, 13], "uv": [184, 223]},
						{"origin": [17, -10, 48], "size": [6, 3, 15], "uv": [174, 214]},
						{"origin": [15, -10, 50], "size": [10, 3, 11], "uv": [172, 222]},
						{"origin": [18, -11, 49], "size": [4, 4, 13], "uv": [177, 205]},
						{"origin": [17, -11, 50], "size": [6, 4, 11], "uv": [174, 218]},
						{"origin": [14, -7, 49], "size": [12, 14, 13], "uv": [0, 0]},
						{"origin": [15, -7, 48], "size": [10, 14, 15], "uv": [0, 0]},
						{"origin": [16, -7, 47], "size": [8, 14, 17], "uv": [0, 0]},
						{"origin": [17, -7, 46], "size": [6, 14, 19], "uv": [0, 0]},
						{"origin": [18, -7, 45], "size": [4, 14, 21], "uv": [0, 0]},
						{"origin": [13, -7, 50], "size": [14, 14, 11], "uv": [0, 0]}
					]
				},
				{
					"name": "cm14",
					"parent": "cm12",
					"pivot": [20, 7, 50.5],
					"rotation": [-54.06134, 12.2403, 8.73739],
					"cubes": [
						{"origin": [15, -8, 45], "size": [8, 2, 2], "uv": [0, 0]},
						{"origin": [16, -8, 44], "size": [6, 2, 4], "uv": [0, 0]},
						{"origin": [17, -8, 43], "size": [4, 2, 6], "uv": [0, 0]},
						{"origin": [18, -8, 42], "size": [2, 2, 8], "uv": [0, 0]},
						{"origin": [18, -9, 43], "size": [2, 3, 6], "uv": [0, 0]},
						{"origin": [16, -9, 45], "size": [6, 3, 2], "uv": [0, 0]},
						{"origin": [17, -9, 44], "size": [4, 3, 4], "uv": [0, 0]},
						{"origin": [18, -10, 45], "size": [2, 4, 2], "uv": [0, 0]},
						{"origin": [14, -6, 45], "size": [10, 14, 2], "uv": [0, 0]},
						{"origin": [15, -6, 44], "size": [8, 14, 4], "uv": [0, 0]},
						{"origin": [16, -6, 43], "size": [6, 14, 6], "uv": [0, 0]},
						{"origin": [17, -6, 42], "size": [4, 14, 8], "uv": [0, 0]},
						{"origin": [18, -6, 41], "size": [2, 14, 10], "uv": [0, 0]}
					]
				},
				{
					"name": "brao2",
					"parent": "corpo",
					"pivot": [-20, 86, 57],
					"rotation": [2.13108, 6.34145, 155.73776]
				},
				{
					"name": "Cm15",
					"parent": "brao2",
					"pivot": [-21.95442, 83.61592, 57.85195],
					"cubes": [
						{"origin": [-27.95442, 73.61592, 55.35195], "size": [11, 11, 3], "uv": [0, 0]},
						{"origin": [-26.95442, 73.61592, 55.35195], "size": [9, 13, 3], "uv": [0, 0]},
						{"origin": [-25.95442, 73.61592, 55.35195], "size": [7, 14, 3], "uv": [0, 0]},
						{"origin": [-23.95442, 73.61592, 55.35195], "size": [3, 15, 3], "uv": [0, 0]},
						{"origin": [-23.95442, 73.61592, 53.35195], "size": [3, 14, 7], "uv": [0, 0]},
						{"origin": [-23.95442, 73.61592, 52.35195], "size": [3, 13, 9], "uv": [0, 0]},
						{"origin": [-25.95442, 73.61592, 53.35195], "size": [7, 13, 7], "uv": [0, 0]},
						{"origin": [-25.95442, 73.61592, 52.35195], "size": [7, 11, 9], "uv": [0, 0]},
						{"origin": [-23.95442, 73.61592, 51.35195], "size": [3, 11, 11], "uv": [0, 0]},
						{"origin": [-26.95442, 73.61592, 53.35195], "size": [9, 11, 7], "uv": [0, 0]}
					]
				},
				{
					"name": "cm16",
					"parent": "Cm15",
					"pivot": [-21.95442, 73.61592, 57.85195],
					"cubes": [
						{"origin": [-28.95442, 61.61592, 55.35195], "size": [13, 13, 3], "uv": [0, 0]},
						{"origin": [-26.95442, 61.61592, 52.35195], "size": [9, 13, 9], "uv": [0, 0]},
						{"origin": [-25.95442, 61.61592, 51.35195], "size": [7, 13, 11], "uv": [0, 0]},
						{"origin": [-23.95442, 61.61592, 50.35195], "size": [3, 13, 13], "uv": [0, 0]},
						{"origin": [-27.95442, 61.61592, 53.35195], "size": [11, 13, 7], "uv": [0, 0]}
					]
				},
				{
					"name": "cm17",
					"parent": "cm16",
					"pivot": [-21.95442, 61.61592, 57.85195],
					"cubes": [
						{"origin": [-29.95442, 48.61592, 55.35195], "size": [15, 14, 3], "uv": [0, 0]},
						{"origin": [-27.95442, 48.61592, 52.35195], "size": [11, 14, 9], "uv": [0, 0]},
						{"origin": [-26.95442, 48.61592, 51.35195], "size": [9, 14, 11], "uv": [0, 0]},
						{"origin": [-25.95442, 48.61592, 50.35195], "size": [7, 14, 13], "uv": [0, 0]},
						{"origin": [-23.95442, 48.61592, 49.35195], "size": [3, 14, 15], "uv": [0, 0]},
						{"origin": [-28.95442, 48.61592, 53.35195], "size": [13, 14, 7], "uv": [0, 0]}
					]
				},
				{
					"name": "cm18",
					"parent": "cm17",
					"pivot": [-21.95442, 48.61592, 57.85195],
					"cubes": [
						{"origin": [-30.95442, 36.61592, 55.35195], "size": [17, 13, 3], "uv": [0, 0]},
						{"origin": [-28.95442, 36.61592, 52.35195], "size": [13, 13, 9], "uv": [0, 0]},
						{"origin": [-27.95442, 36.61592, 51.35195], "size": [11, 13, 11], "uv": [0, 0]},
						{"origin": [-26.95442, 36.61592, 50.35195], "size": [9, 13, 13], "uv": [0, 0]},
						{"origin": [-25.95442, 36.61592, 49.35195], "size": [7, 13, 15], "uv": [0, 0]},
						{"origin": [-23.95442, 36.61592, 48.35195], "size": [3, 13, 17], "uv": [0, 0]},
						{"origin": [-29.95442, 36.61592, 53.35195], "size": [15, 13, 7], "uv": [0, 0]}
					]
				},
				{
					"name": "cm19",
					"parent": "cm18",
					"pivot": [-21.95442, 36.61592, 57.85195],
					"rotation": [4.88206, -1.08089, 12.45392],
					"cubes": [
						{"origin": [-31.95442, 23.61592, 55.35195], "size": [19, 14, 3], "uv": [0, 0]},
						{"origin": [-29.95442, 23.61592, 52.35195], "size": [15, 14, 9], "uv": [0, 0]},
						{"origin": [-28.95442, 23.61592, 51.35195], "size": [13, 14, 11], "uv": [0, 0]},
						{"origin": [-27.95442, 23.61592, 50.35195], "size": [11, 14, 13], "uv": [0, 0]},
						{"origin": [-26.95442, 23.61592, 49.35195], "size": [9, 14, 15], "uv": [0, 0]},
						{"origin": [-25.95442, 23.61592, 48.35195], "size": [7, 14, 17], "uv": [0, 0]},
						{"origin": [-23.95442, 23.61592, 47.35195], "size": [3, 14, 19], "uv": [0, 0]},
						{"origin": [-30.95442, 23.61592, 53.35195], "size": [17, 14, 7], "uv": [0, 0]}
					]
				},
				{
					"name": "cm20",
					"parent": "cm19",
					"pivot": [-21.95442, 23.61592, 57.85195],
					"rotation": [-168.39128, 84.41125, -153.50045],
					"cubes": [
						{"origin": [-32.95442, 11.61592, 55.35195], "size": [21, 13, 3], "uv": [0, 0]},
						{"origin": [-30.95442, 11.61592, 52.35195], "size": [17, 13, 9], "uv": [0, 0]},
						{"origin": [-29.95442, 11.61592, 51.35195], "size": [15, 13, 11], "uv": [0, 0]},
						{"origin": [-28.95442, 11.61592, 50.35195], "size": [13, 13, 13], "uv": [0, 0]},
						{"origin": [-27.95442, 11.61592, 49.35195], "size": [11, 13, 15], "uv": [0, 0]},
						{"origin": [-26.95442, 11.61592, 48.35195], "size": [9, 13, 17], "uv": [0, 0]},
						{"origin": [-23.95442, 11.61592, 46.35195], "size": [3, 13, 21], "uv": [0, 0]},
						{"origin": [-25.95442, 11.61592, 47.35195], "size": [7, 13, 19], "uv": [0, 0]},
						{"origin": [-31.95442, 11.61592, 53.35195], "size": [19, 13, 7], "uv": [0, 0]}
					]
				},
				{
					"name": "cm21",
					"parent": "cm20",
					"pivot": [-21.95442, 11.61592, 57.85195],
					"rotation": [-22.5, 0, 0],
					"cubes": [
						{"origin": [-33.95442, -1.38408, 55.35195], "size": [23, 14, 3], "uv": [0, 0]},
						{"origin": [-31.95442, -1.38408, 52.35195], "size": [19, 14, 9], "uv": [0, 0]},
						{"origin": [-30.95442, -1.38408, 51.35195], "size": [17, 14, 11], "uv": [0, 0]},
						{"origin": [-29.95442, -1.38408, 50.35195], "size": [15, 14, 13], "uv": [0, 0]},
						{"origin": [-28.95442, -1.38408, 49.35195], "size": [13, 14, 15], "uv": [0, 0]},
						{"origin": [-27.95442, -1.38408, 48.35195], "size": [11, 14, 17], "uv": [0, 0]},
						{"origin": [-26.95442, -1.38408, 47.35195], "size": [9, 14, 19], "uv": [0, 0]},
						{"origin": [-25.95442, -1.38408, 46.35195], "size": [7, 14, 21], "uv": [0, 0]},
						{"origin": [-23.95442, -1.38408, 45.35195], "size": [3, 14, 23], "uv": [0, 0]},
						{"origin": [-32.95442, -1.38408, 53.35195], "size": [21, 14, 7], "uv": [0, 0]}
					]
				},
				{
					"name": "cm22",
					"parent": "cm21",
					"pivot": [-21.95442, -1.38408, 57.85195],
					"cubes": [
						{"origin": [-29.95442, -14.38408, 53.35195], "size": [16, 14, 7], "uv": [0, 0]},
						{"origin": [-28.95442, -16.38408, 53.35195], "size": [14, 2, 7], "uv": [0, 0]},
						{"origin": [-27.95442, -16.38408, 51.35195], "size": [12, 2, 11], "uv": [0, 0]},
						{"origin": [-26.95442, -16.38408, 50.35195], "size": [10, 2, 13], "uv": [0, 0]},
						{"origin": [-25.95442, -16.38408, 49.35195], "size": [8, 2, 15], "uv": [0, 0]},
						{"origin": [-24.95442, -16.38408, 48.35195], "size": [6, 2, 17], "uv": [0, 0]},
						{"origin": [-23.95442, -16.38408, 47.35195], "size": [4, 2, 19], "uv": [0, 0]},
						{"origin": [-23.95442, -17.38408, 48.35195], "size": [4, 3, 17], "uv": [0, 0]},
						{"origin": [-25.95442, -17.38408, 50.35195], "size": [8, 3, 13], "uv": [0, 0]},
						{"origin": [-24.95442, -17.38408, 49.35195], "size": [6, 3, 15], "uv": [0, 0]},
						{"origin": [-26.95442, -17.38408, 51.35195], "size": [10, 3, 11], "uv": [0, 0]},
						{"origin": [-23.95442, -18.38408, 50.35195], "size": [4, 4, 13], "uv": [0, 0]},
						{"origin": [-24.95442, -18.38408, 51.35195], "size": [6, 4, 11], "uv": [0, 0]},
						{"origin": [-27.95442, -14.38408, 50.35195], "size": [12, 14, 13], "uv": [0, 0]},
						{"origin": [-26.95442, -14.38408, 49.35195], "size": [10, 14, 15], "uv": [0, 0]},
						{"origin": [-25.95442, -14.38408, 48.35195], "size": [8, 14, 17], "uv": [0, 0]},
						{"origin": [-24.95442, -14.38408, 47.35195], "size": [6, 14, 19], "uv": [0, 0]},
						{"origin": [-23.95442, -14.38408, 46.35195], "size": [4, 14, 21], "uv": [0, 0]},
						{"origin": [-28.95442, -14.38408, 51.35195], "size": [14, 14, 11], "uv": [0, 0]}
					]
				},
				{
					"name": "cm23",
					"parent": "cm21",
					"pivot": [-21.95442, -0.38408, 51.85195],
					"rotation": [-52.31056, -20.25437, -14.97401],
					"cubes": [
						{"origin": [-26.95442, -15.38408, 46.35195], "size": [8, 2, 2], "uv": [0, 0]},
						{"origin": [-25.95442, -15.38408, 45.35195], "size": [6, 2, 4], "uv": [0, 0]},
						{"origin": [-24.95442, -15.38408, 44.35195], "size": [4, 2, 6], "uv": [0, 0]},
						{"origin": [-23.95442, -15.38408, 43.35195], "size": [2, 2, 8], "uv": [0, 0]},
						{"origin": [-23.95442, -16.38408, 44.35195], "size": [2, 3, 6], "uv": [0, 0]},
						{"origin": [-25.95442, -16.38408, 46.35195], "size": [6, 3, 2], "uv": [0, 0]},
						{"origin": [-24.95442, -16.38408, 45.35195], "size": [4, 3, 4], "uv": [0, 0]},
						{"origin": [-23.95442, -17.38408, 46.35195], "size": [2, 4, 2], "uv": [0, 0]},
						{"origin": [-27.95442, -13.38408, 46.35195], "size": [10, 14, 2], "uv": [0, 0]},
						{"origin": [-26.95442, -13.38408, 45.35195], "size": [8, 14, 4], "uv": [0, 0]},
						{"origin": [-25.95442, -13.38408, 44.35195], "size": [6, 14, 6], "uv": [0, 0]},
						{"origin": [-24.95442, -13.38408, 43.35195], "size": [4, 14, 8], "uv": [0, 0]},
						{"origin": [-23.95442, -13.38408, 42.35195], "size": [2, 14, 10], "uv": [0, 0]}
					]
				},
				{
					"name": "part2",
					"parent": "jumbojosh",
					"pivot": [0, 67, 51],
					"rotation": [-5, 0, 0]
				},
				{
					"name": "falda",
					"parent": "part2",
					"pivot": [0, 94, 51],
					"cubes": [
						{"origin": [-14, 47, 51], "size": [28, 8, 8], "uv": [0, 0]},
						{"origin": [-13, 46, 51], "size": [26, 9, 8], "uv": [0, 0]},
						{"origin": [-11, 45, 51], "size": [22, 9, 8], "uv": [0, 0]},
						{"origin": [-11, 46, 48], "size": [22, 8, 14], "uv": [0, 0]},
						{"origin": [-9, 46, 47], "size": [18, 8, 16], "uv": [0, 0]},
						{"origin": [-9, 45, 49], "size": [18, 9, 12], "uv": [0, 0]},
						{"origin": [-10, 45, 50], "size": [20, 9, 10], "uv": [0, 0]},
						{"origin": [-12, 46, 49], "size": [24, 8, 12], "uv": [0, 0]},
						{"origin": [-13, 47, 49], "size": [26, 8, 12], "uv": [0, 0]},
						{"origin": [-12, 47, 48], "size": [24, 8, 14], "uv": [0, 0]},
						{"origin": [-11, 47, 47], "size": [22, 8, 16], "uv": [0, 0]},
						{"origin": [-9, 47, 46], "size": [18, 8, 18], "uv": [0, 0]},
						{"origin": [-15, 49, 51], "size": [30, 17, 8], "uv": [0, 0]},
						{"origin": [-14, 49, 49], "size": [28, 17, 12], "uv": [0, 0]},
						{"origin": [-11, 49, 46], "size": [22, 17, 18], "uv": [0, 0]},
						{"origin": [-9, 49, 45], "size": [18, 17, 20], "uv": [0, 0]},
						{"origin": [-13, 49, 47], "size": [26, 17, 16], "uv": [0, 0]}
					]
				},
				{
					"name": "perna",
					"parent": "part2",
					"pivot": [8, 46, 55]
				},
				{
					"name": "Cm",
					"parent": "perna",
					"pivot": [8, 46, 55.5],
					"cubes": [
						{"origin": [2, 36, 53], "size": [12, 11, 4], "uv": [0, 0]},
						{"origin": [4, 36, 50], "size": [8, 11, 10], "uv": [0, 0]},
						{"origin": [6, 36, 49], "size": [4, 11, 12], "uv": [0, 0]},
						{"origin": [3, 36, 51], "size": [10, 11, 8], "uv": [0, 0]}
					]
				},
				{
					"name": "cm2",
					"parent": "Cm",
					"pivot": [8, 36, 55.5],
					"cubes": [
						{"origin": [1, 24, 53], "size": [14, 13, 4], "uv": [0, 0]},
						{"origin": [3, 24, 50], "size": [10, 13, 10], "uv": [0, 0]},
						{"origin": [4, 24, 49], "size": [8, 13, 12], "uv": [0, 0]},
						{"origin": [6, 24, 48], "size": [4, 13, 14], "uv": [0, 0]},
						{"origin": [2, 24, 51], "size": [12, 13, 8], "uv": [0, 0]}
					]
				},
				{
					"name": "cm3",
					"parent": "cm2",
					"pivot": [8, 24, 55.5],
					"cubes": [
						{"origin": [0, 11, 53], "size": [16, 14, 4], "uv": [0, 0]},
						{"origin": [2, 11, 50], "size": [12, 14, 10], "uv": [0, 0]},
						{"origin": [3, 11, 49], "size": [10, 14, 12], "uv": [0, 0]},
						{"origin": [4, 11, 48], "size": [8, 14, 14], "uv": [0, 0]},
						{"origin": [6, 11, 47], "size": [4, 14, 16], "uv": [0, 0]},
						{"origin": [1, 11, 51], "size": [14, 14, 8], "uv": [0, 0]}
					]
				},
				{
					"name": "perna2",
					"parent": "part2",
					"pivot": [-8, 46, 55]
				},
				{
					"name": "Cm4",
					"parent": "perna2",
					"pivot": [-8, 46, 55.5],
					"cubes": [
						{"origin": [-14, 36, 53], "size": [12, 11, 4], "uv": [0, 0]},
						{"origin": [-12, 36, 50], "size": [8, 11, 10], "uv": [0, 0]},
						{"origin": [-10, 36, 49], "size": [4, 11, 12], "uv": [0, 0]},
						{"origin": [-13, 36, 51], "size": [10, 11, 8], "uv": [0, 0]}
					]
				},
				{
					"name": "cm5",
					"parent": "Cm4",
					"pivot": [-8, 36, 55.5],
					"cubes": [
						{"origin": [-15, 24, 53], "size": [14, 13, 4], "uv": [0, 0]},
						{"origin": [-13, 24, 50], "size": [10, 13, 10], "uv": [0, 0]},
						{"origin": [-12, 24, 49], "size": [8, 13, 12], "uv": [0, 0]},
						{"origin": [-10, 24, 48], "size": [4, 13, 14], "uv": [0, 0]},
						{"origin": [-14, 24, 51], "size": [12, 13, 8], "uv": [0, 0]}
					]
				},
				{
					"name": "cm24",
					"parent": "cm5",
					"pivot": [-8, 24, 55.5],
					"cubes": [
						{"origin": [-16, 11, 53], "size": [16, 14, 4], "uv": [0, 0]},
						{"origin": [-14, 11, 50], "size": [12, 14, 10], "uv": [0, 0]},
						{"origin": [-13, 11, 49], "size": [10, 14, 12], "uv": [0, 0]},
						{"origin": [-12, 11, 48], "size": [8, 14, 14], "uv": [0, 0]},
						{"origin": [-10, 11, 47], "size": [4, 14, 16], "uv": [0, 0]},
						{"origin": [-15, 11, 51], "size": [14, 14, 8], "uv": [0, 0]}
					]
				}
			]
		}
	]
}