{
	"format_version": "1.12.0",
	"minecraft:geometry": [
		{
			"description": {
				"identifier": "geometry.poster5",
				"texture_width": 50,
				"texture_height": 50,
				"visible_bounds_width": 21,
				"visible_bounds_height": 16,
				"visible_bounds_offset": [0, 7, 0]
			},
			"bones": [
				{
					"name": "bb_main",
					"pivot": [-43, 31, 23],
					"cubes": [
						{"origin": [-40, 9, 22], "size": [11, 51, 2], "inflate": 19, "uv": [9, 0]},
						{"origin": [-13, 9, 22], "size": [11, 51, 2], "inflate": 19, "uv": [15, 0]},
						{"origin": [36, 9, 22], "size": [11, 51, 2], "inflate": 19, "uv": [26, 0]}
					]
				}
			]
		}
	]
}