{
	"format_version": "1.12.0",
	"minecraft:geometry": [
		{
			"description": {
				"identifier": "geometry.slow_seline",
				"texture_width": 260,
				"texture_height": 260,
				"visible_bounds_width": 11,
				"visible_bounds_height": 8.5,
				"visible_bounds_offset": [0, 3.75, 0]
			},
			"bones": [
				{
					"name": "slow_seline",
					"pivot": [0, 64, -42]
				},
				{
					"name": "part1",
					"parent": "slow_seline",
					"pivot": [0, 64, -42]
				},
				{
					"name": "pescoso2",
					"parent": "part1",
					"pivot": [0, 6, -39.5],
					"cubes": [
						{"origin": [-10, 5, -42], "size": [20, 22, 5], "uv": [0, 0]},
						{"origin": [-9, 5, -44], "size": [18, 22, 9], "uv": [0, 0]},
						{"origin": [-9, 5, -43], "size": [18, 31, 7], "uv": [0, 0]},
						{"origin": [-8, 5, -46], "size": [16, 22, 13], "uv": [0, 0]},
						{"origin": [-8, 5, -45], "size": [16, 28, 11], "uv": [0, 0]},
						{"origin": [-7, 5, -46], "size": [14, 28, 13], "uv": [0, 0]},
						{"origin": [-6, 5, -47], "size": [12, 22, 15], "uv": [0, 0]},
						{"origin": [-5, 5, -47], "size": [10, 31, 15], "uv": [0, 0]},
						{"origin": [-4, 5, -48], "size": [8, 22, 17], "uv": [0, 0]}
					]
				},
				{
					"name": "pescoso3",
					"parent": "pescoso2",
					"pivot": [0, 26.5, -39.5],
					"cubes": [
						{"origin": [-4, 26, -47], "size": [8, 15, 15], "uv": [0, 0]},
						{"origin": [-6, 26, -46], "size": [12, 15, 13], "uv": [0, 0]},
						{"origin": [-5, 26, -46], "size": [10, 22, 13], "uv": [0, 0]},
						{"origin": [-7, 26, -45], "size": [14, 15, 11], "uv": [0, 0]},
						{"origin": [-8, 26, -44], "size": [16, 15, 9], "uv": [0, 0]},
						{"origin": [-8, 26, -43], "size": [16, 22, 7], "uv": [0, 0]},
						{"origin": [-9, 26, -42], "size": [18, 15, 5], "uv": [0, 0]}
					]
				},
				{
					"name": "pesciso2",
					"parent": "pescoso3",
					"pivot": [0, 40, -39.5],
					"cubes": [
						{"origin": [-8, 40, -42], "size": [16, 12, 5], "uv": [0, 0]},
						{"origin": [-7, 40, -43], "size": [14, 17, 7], "uv": [0, 0]},
						{"origin": [-7, 40, -44], "size": [14, 12, 9], "uv": [0, 0]},
						{"origin": [-6, 40, -45], "size": [12, 12, 11], "uv": [0, 0]},
						{"origin": [-5, 40, -45], "size": [10, 17, 11], "uv": [0, 0]},
						{"origin": [-4, 40, -46], "size": [8, 12, 13], "uv": [0, 0]}
					]
				},
				{
					"name": "pescoso4",
					"parent": "pesciso2",
					"pivot": [0, 51.5, -39.5],
					"cubes": [
						{"origin": [-7, 51, -42], "size": [14, 9, 5], "uv": [0, 0]},
						{"origin": [-6, 51, -44], "size": [12, 9, 9], "uv": [0, 0]},
						{"origin": [-4, 51, -45], "size": [8, 9, 11], "uv": [0, 0]}
					]
				},
				{
					"name": "pescoso5",
					"parent": "pescoso4",
					"pivot": [0, 59.875, -39.125],
					"cubes": [
						{"origin": [-5, 59, -43], "size": [10, 7, 7], "uv": [0, 0]},
						{"origin": [-4, 59, -44], "size": [8, 5, 9], "uv": [0, 0]},
						{"origin": [-4, 62, -41], "size": [8, 5, 6], "uv": [0, 0]},
						{"origin": [-6, 59, -42], "size": [12, 8, 5], "uv": [0, 0]}
					]
				},
				{
					"name": "ad",
					"parent": "pescoso5",
					"pivot": [0, 64, -42]
				},
				{
					"name": "mask",
					"parent": "ad",
					"pivot": [0, 64, -42],
					"cubes": [
						{"origin": [-7, 64, -43], "size": [14, 2, 4], "uv": [0, 0]},
						{"origin": [7, 65, -43], "size": [4, 2, 4], "uv": [0, 0]},
						{"origin": [-11, 65, -43], "size": [4, 2, 4], "uv": [0, 0]},
						{"origin": [11, 66, -43], "size": [3, 2, 4], "uv": [0, 0]},
						{"origin": [-14, 66, -43], "size": [3, 2, 4], "uv": [0, 0]},
						{"origin": [14, 67, -43], "size": [2, 2, 4], "uv": [0, 0]},
						{"origin": [-16, 67, -43], "size": [2, 2, 4], "uv": [0, 0]},
						{"origin": [-19, 69, -43], "size": [2, 2, 4], "uv": [0, 0]},
						{"origin": [-18, 68, -43], "size": [2, 2, 4], "uv": [0, 0]},
						{"origin": [16, 68, -43], "size": [2, 2, 4], "uv": [0, 0]},
						{"origin": [17, 69, -43], "size": [2, 2, 4], "uv": [0, 0]},
						{"origin": [-21, 73, -43], "size": [2, 2, 4], "uv": [0, 0]},
						{"origin": [-21, 78, -43], "size": [2, 2, 4], "uv": [0, 0]},
						{"origin": [19, 78, -43], "size": [2, 2, 4], "uv": [0, 0]},
						{"origin": [16, 79, -43], "size": [3, 2, 4], "uv": [0, 0]},
						{"origin": [16, 78, -45], "size": [3, 2, 4], "uv": [0, 0]},
						{"origin": [-19, 78, -45], "size": [3, 2, 4], "uv": [0, 0]},
						{"origin": [-19, 79, -43], "size": [3, 2, 4], "uv": [0, 0]},
						{"origin": [-19, 79, -43], "size": [3, 2, 4], "uv": [0, 0]},
						{"origin": [-16, 80, -43], "size": [5, 2, 4], "uv": [0, 0]},
						{"origin": [11, 80, -43], "size": [5, 2, 4], "uv": [0, 0]},
						{"origin": [11, 79, -45], "size": [5, 2, 4], "uv": [0, 0]},
						{"origin": [-16, 79, -45], "size": [5, 2, 4], "uv": [0, 0]},
						{"origin": [11, 77, -47], "size": [5, 1, 4], "uv": [0, 0]},
						{"origin": [-16, 77, -47], "size": [5, 1, 4], "uv": [0, 0]},
						{"origin": [11, 78, -46], "size": [5, 2, 4], "uv": [0, 0]},
						{"origin": [-16, 78, -46], "size": [5, 2, 4], "uv": [0, 0]},
						{"origin": [-11, 81, -43], "size": [22, 2, 4], "uv": [0, 0]},
						{"origin": [-11, 66, -41], "size": [22, 16, 4], "uv": [0, 0]},
						{"origin": [-16, 68, -41], "size": [32, 13, 4], "uv": [0, 0]},
						{"origin": [-19, 70, -41], "size": [38, 10, 4], "uv": [0, 0]},
						{"origin": [-21, 74, -41], "size": [42, 4, 4], "uv": [0, 0]},
						{"origin": [-11, 67, -39], "size": [22, 14, 3], "uv": [0, 0]},
						{"origin": [-16, 69, -39], "size": [32, 11, 3], "uv": [0, 0]},
						{"origin": [-11, 80, -45], "size": [22, 2, 4], "uv": [0, 0]},
						{"origin": [-11, 79, -46], "size": [22, 2, 4], "uv": [0, 0]},
						{"origin": [-11, 78, -47], "size": [22, 2, 4], "uv": [0, 0]},
						{"origin": [-13, 78, -47], "size": [26, 1, 4], "uv": [0, 0]},
						{"origin": [-11, 76, -48], "size": [22, 2, 4], "uv": [0, 0]},
						{"origin": [-10, 76, -48], "size": [20, 3, 4], "uv": [0, 0]},
						{"origin": [-9, 76, -49], "size": [18, 1, 4], "uv": [0, 0]},
						{"origin": [9, 74, -49], "size": [2, 2, 4], "uv": [198, 24]},
						{"origin": [-11, 74, -49], "size": [1, 2, 4], "uv": [198, 24]},
						{"origin": [-11, 72, -48], "size": [1, 2, 4], "uv": [198, 24]},
						{"origin": [-11, 68, -46], "size": [1, 2, 4], "uv": [198, 24]},
						{"origin": [-11, 67, -44], "size": [1, 2, 4], "uv": [198, 24]},
						{"origin": [-11, 70, -47], "size": [1, 2, 4], "uv": [198, 24]},
						{"origin": [16, 76, -47], "size": [2, 2, 4], "uv": [198, 24]},
						{"origin": [18, 75, -45], "size": [2, 3, 4], "uv": [198, 24]},
						{"origin": [-20, 75, -45], "size": [2, 3, 4], "uv": [198, 24]},
						{"origin": [18, 73, -44], "size": [1, 2, 3], "uv": [198, 24]},
						{"origin": [-19, 73, -44], "size": [1, 2, 3], "uv": [198, 24]},
						{"origin": [16, 74, -47], "size": [2, 4, 4], "uv": [198, 24]},
						{"origin": [-18, 74, -47], "size": [2, 4, 4], "uv": [198, 24]},
						{"origin": [16, 73, -46], "size": [2, 2, 4], "uv": [198, 24]},
						{"origin": [16, 72, -46], "size": [2, 2, 4], "uv": [198, 24]},
						{"origin": [-18, 72, -46], "size": [2, 2, 4], "uv": [198, 24]},
						{"origin": [15, 70, -45], "size": [2, 2, 4], "uv": [198, 24]},
						{"origin": [16, 71, -45], "size": [2, 2, 4], "uv": [198, 24]},
						{"origin": [-18, 71, -45], "size": [2, 2, 4], "uv": [198, 24]},
						{"origin": [-17, 70, -45], "size": [2, 2, 4], "uv": [198, 24]},
						{"origin": [11, 75, -49], "size": [5, 2, 4], "uv": [198, 24]},
						{"origin": [-16, 75, -49], "size": [5, 2, 4], "uv": [198, 24]},
						{"origin": [-16, 73, -48], "size": [5, 2, 4], "uv": [198, 24]},
						{"origin": [-16, 71, -47], "size": [5, 2, 4], "uv": [198, 24]},
						{"origin": [-14, 69, -46], "size": [3, 2, 4], "uv": [198, 24]},
						{"origin": [-16, 70, -46], "size": [5, 1, 4], "uv": [198, 24]},
						{"origin": [-16, 69, -45], "size": [5, 2, 4], "uv": [198, 24]},
						{"origin": [-14, 68, -45], "size": [3, 2, 4], "uv": [198, 24]},
						{"origin": [11, 73, -48], "size": [5, 2, 4], "uv": [198, 24]},
						{"origin": [11, 71, -47], "size": [5, 2, 4], "uv": [198, 24]},
						{"origin": [11, 69, -46], "size": [3, 2, 4], "uv": [198, 24]},
						{"origin": [14, 70, -46], "size": [2, 2, 4], "uv": [198, 24]},
						{"origin": [14, 69, -45], "size": [2, 2, 4], "uv": [198, 24]},
						{"origin": [11, 68, -45], "size": [3, 2, 4], "uv": [198, 24]},
						{"origin": [9, 72, -48], "size": [2, 2, 4], "uv": [198, 24]},
						{"origin": [9, 70, -47], "size": [2, 2, 4], "uv": [198, 24]},
						{"origin": [9, 68, -46], "size": [2, 2, 4], "uv": [198, 24]},
						{"origin": [9, 67, -44], "size": [2, 2, 4], "uv": [198, 24]},
						{"origin": [-2, 72, -47], "size": [3, 4, 4], "uv": [52, 205]},
						{"origin": [-6, 72, -47], "size": [3, 4, 4], "uv": [52, 205]},
						{"origin": [6, 71, -47], "size": [3, 5, 4], "uv": [52, 205]},
						{"origin": [-10, 71, -47], "size": [3, 5, 4], "uv": [52, 205]},
						{"origin": [-6, 71, -47], "size": [8, 1, 4], "uv": [183, 217]},
						{"origin": [-7, 71, -47], "size": [1, 5, 4], "uv": [183, 217]},
						{"origin": [-3, 72, -47], "size": [1, 4, 4], "uv": [183, 217]},
						{"origin": [1, 72, -47], "size": [1, 4, 4], "uv": [183, 217]},
						{"origin": [5, 71, -47], "size": [1, 5, 4], "uv": [183, 217]},
						{"origin": [2, 71, -47], "size": [3, 5, 4], "uv": [52, 205]},
						{"origin": [2, 65, -43], "size": [3, 7, 4], "pivot": [3.5, 66.5, -43], "rotation": [27.5, 0, 0], "uv": [52, 205]},
						{"origin": [-2, 65, -43], "size": [3, 7, 4], "pivot": [3.5, 66.5, -43], "rotation": [27.5, 0, 0], "uv": [52, 205]},
						{"origin": [-6, 65, -43], "size": [3, 7, 4], "pivot": [3.5, 66.5, -43], "rotation": [27.5, 0, 0], "uv": [52, 205]},
						{"origin": [-10, 65, -43], "size": [3, 6, 4], "pivot": [3.5, 66.5, -43], "rotation": [27.5, 0, 0], "uv": [52, 205]},
						{"origin": [6, 65, -43], "size": [3, 6, 4], "pivot": [3.5, 66.5, -43], "rotation": [27.5, 0, 0], "uv": [52, 205]},
						{"origin": [-7, 65, -43], "size": [1, 7, 4], "pivot": [3.5, 66.5, -43], "rotation": [27.5, 0, 0], "uv": [198, 229]},
						{"origin": [1, 65, -43], "size": [1, 7, 4], "pivot": [3.5, 66.5, -43], "rotation": [27.5, 0, 0], "uv": [198, 229]},
						{"origin": [5, 65, -43], "size": [1, 7, 4], "pivot": [3.5, 66.5, -43], "rotation": [27.5, 0, 0], "uv": [198, 229]},
						{"origin": [-3, 65, -43], "size": [1, 7, 4], "pivot": [3.5, 66.5, -43], "rotation": [27.5, 0, 0], "uv": [198, 229]},
						{"origin": [-10, 71, -44], "size": [4, 1, 4], "pivot": [3.5, 66.5, -43], "rotation": [27.5, 0, 0], "uv": [198, 229]},
						{"origin": [2, 71, -44], "size": [7, 1, 4], "pivot": [3.5, 66.5, -43], "rotation": [27.5, 0, 0], "uv": [198, 229]},
						{"origin": [19, 73, -43], "size": [2, 2, 4], "uv": [0, 0]},
						{"origin": [20, 75, -43], "size": [2, 3, 4], "uv": [0, 0]},
						{"origin": [-22, 75, -43], "size": [2, 3, 4], "uv": [0, 0]},
						{"origin": [18, 71, -43], "size": [2, 2, 4], "uv": [0, 0]},
						{"origin": [-20, 71, -43], "size": [2, 2, 4], "uv": [0, 0]}
					]
				},
				{
					"name": "antena",
					"parent": "ad",
					"pivot": [11, 82, -42],
					"rotation": [0, 0, 2.5],
					"cubes": [
						{"origin": [10, 81, -43], "size": [2, 4, 2], "uv": [0, 0]}
					]
				},
				{
					"name": "antena2",
					"parent": "antena",
					"pivot": [11, 85, -42],
					"cubes": [
						{"origin": [10, 84, -43], "size": [2, 4, 2], "uv": [0, 0]}
					]
				},
				{
					"name": "antena3",
					"parent": "antena2",
					"pivot": [11, 88, -42],
					"cubes": [
						{"origin": [10, 87, -43], "size": [2, 4, 2], "uv": [0, 0]}
					]
				},
				{
					"name": "antena4",
					"parent": "antena3",
					"pivot": [11, 91, -42],
					"cubes": [
						{"origin": [10, 90, -43], "size": [2, 4, 2], "uv": [0, 0]}
					]
				},
				{
					"name": "antena5",
					"parent": "antena4",
					"pivot": [11, 94, -42],
					"cubes": [
						{"origin": [10, 93, -43], "size": [2, 4, 2], "uv": [0, 0]}
					]
				},
				{
					"name": "antena6",
					"parent": "antena5",
					"pivot": [11, 97, -42],
					"cubes": [
						{"origin": [10, 96, -43], "size": [2, 4, 2], "uv": [0, 0]}
					]
				},
				{
					"name": "antena7",
					"parent": "antena6",
					"pivot": [11, 100, -42],
					"cubes": [
						{"origin": [10, 99, -43], "size": [2, 4, 2], "uv": [0, 0]}
					]
				},
				{
					"name": "antena8",
					"parent": "antena7",
					"pivot": [11, 103, -42],
					"cubes": [
						{"origin": [10, 102, -43], "size": [2, 4, 2], "uv": [0, 0]}
					]
				},
				{
					"name": "eye",
					"parent": "antena8",
					"pivot": [11, 103, -42],
					"cubes": [
						{"origin": [9, 106, -44], "size": [4, 9, 4], "uv": [49, 222]},
						{"origin": [9, 107, -45], "size": [4, 7, 6], "uv": [49, 222]},
						{"origin": [8, 108, -45], "size": [6, 5, 6], "uv": [49, 222]},
						{"origin": [9, 108, -44], "size": [4, 5, 6], "uv": [49, 222]},
						{"origin": [10, 108, -47], "size": [2, 5, 7], "uv": [186, 226]},
						{"origin": [11, 111, -47], "size": [4, 3, 7], "pivot": [11, 112.5, -43], "rotation": [0, 0, 90], "uv": [186, 226]},
						{"origin": [10, 109, -44], "size": [6, 7, 4], "pivot": [11, 112.5, -43], "rotation": [0, 0, 90], "uv": [56, 242]},
						{"origin": [9, 110, -44], "size": [8, 5, 4], "pivot": [11, 112.5, -43], "rotation": [0, 0, 90], "uv": [56, 242]},
						{"origin": [7, 109, -45], "size": [8, 3, 6], "pivot": [11, 110.5, -42], "rotation": [-90, 0, 90], "uv": [56, 242]},
						{"origin": [7, 109, -45], "size": [8, 3, 6], "pivot": [11, 110.5, -42], "rotation": [-90, 0, 180], "uv": [56, 242]},
						{"origin": [10, 110, -45], "size": [6, 5, 6], "pivot": [11, 112.5, -43], "rotation": [0, 0, 90], "uv": [56, 242]},
						{"origin": [11, 109, -45], "size": [4, 7, 6], "pivot": [11, 112.5, -43], "rotation": [0, 0, 90], "uv": [56, 242]},
						{"origin": [9, 111, -45], "size": [8, 3, 6], "pivot": [11, 112.5, -43], "rotation": [0, 0, 90], "uv": [56, 242]},
						{"origin": [8, 107, -44], "size": [6, 7, 4], "pivot": [11, 110.5, -42], "rotation": [-90, 0, 90], "uv": [56, 242]},
						{"origin": [8, 107, -44], "size": [6, 7, 4], "pivot": [11, 110.5, -42], "rotation": [-90, 0, 180], "uv": [56, 242]},
						{"origin": [9, 109, -47], "size": [4, 3, 7], "uv": [186, 226]},
						{"origin": [8, 107, -44], "size": [6, 7, 4], "uv": [49, 222]},
						{"origin": [7, 108, -44], "size": [8, 5, 4], "uv": [49, 222]}
					]
				},
				{
					"name": "antena9",
					"parent": "ad",
					"pivot": [-11, 82, -42],
					"rotation": [0, 0, -5],
					"cubes": [
						{"origin": [-12, 81, -43], "size": [2, 4, 2], "uv": [0, 0]}
					]
				},
				{
					"name": "antena10",
					"parent": "antena9",
					"pivot": [-11, 85, -42],
					"cubes": [
						{"origin": [-12, 84, -43], "size": [2, 4, 2], "uv": [0, 0]}
					]
				},
				{
					"name": "antena11",
					"parent": "antena10",
					"pivot": [-11, 88, -42],
					"cubes": [
						{"origin": [-12, 87, -43], "size": [2, 4, 2], "uv": [0, 0]}
					]
				},
				{
					"name": "antena12",
					"parent": "antena11",
					"pivot": [-11, 91, -42],
					"cubes": [
						{"origin": [-12, 90, -43], "size": [2, 4, 2], "uv": [0, 0]}
					]
				},
				{
					"name": "antena13",
					"parent": "antena12",
					"pivot": [-11, 94, -42],
					"cubes": [
						{"origin": [-12, 93, -43], "size": [2, 4, 2], "uv": [0, 0]}
					]
				},
				{
					"name": "antena14",
					"parent": "antena13",
					"pivot": [-11, 97, -42],
					"cubes": [
						{"origin": [-12, 96, -43], "size": [2, 4, 2], "uv": [0, 0]}
					]
				},
				{
					"name": "antena15",
					"parent": "antena14",
					"pivot": [-11, 100, -42],
					"cubes": [
						{"origin": [-12, 99, -43], "size": [2, 4, 2], "uv": [0, 0]}
					]
				},
				{
					"name": "antena16",
					"parent": "antena15",
					"pivot": [-11, 103, -42],
					"cubes": [
						{"origin": [-12, 102, -43], "size": [2, 4, 2], "uv": [0, 0]}
					]
				},
				{
					"name": "eye2",
					"parent": "antena16",
					"pivot": [-11, 103, -42],
					"cubes": [
						{"origin": [-13, 106, -44], "size": [4, 9, 4], "uv": [49, 222]},
						{"origin": [-13, 107, -45], "size": [4, 7, 6], "uv": [49, 222]},
						{"origin": [-14, 108, -45], "size": [6, 5, 6], "uv": [49, 222]},
						{"origin": [-13, 108, -44], "size": [4, 5, 6], "uv": [49, 222]},
						{"origin": [-12, 108, -47], "size": [2, 5, 7], "uv": [186, 226]},
						{"origin": [-11, 111, -47], "size": [4, 3, 7], "pivot": [-11, 112.5, -43], "rotation": [0, 0, 90], "uv": [186, 226]},
						{"origin": [-12, 109, -44], "size": [6, 7, 4], "pivot": [-11, 112.5, -43], "rotation": [0, 0, 90], "uv": [56, 242]},
						{"origin": [-13, 110, -44], "size": [8, 5, 4], "pivot": [-11, 112.5, -43], "rotation": [0, 0, 90], "uv": [56, 242]},
						{"origin": [-15, 109, -45], "size": [8, 3, 6], "pivot": [-11, 110.5, -42], "rotation": [-90, 0, 90], "uv": [56, 242]},
						{"origin": [-15, 109, -45], "size": [8, 3, 6], "pivot": [-11, 110.5, -42], "rotation": [-90, 0, 180], "uv": [56, 242]},
						{"origin": [-12, 110, -45], "size": [6, 5, 6], "pivot": [-11, 112.5, -43], "rotation": [0, 0, 90], "uv": [56, 242]},
						{"origin": [-11, 109, -45], "size": [4, 7, 6], "pivot": [-11, 112.5, -43], "rotation": [0, 0, 90], "uv": [56, 242]},
						{"origin": [-13, 111, -45], "size": [8, 3, 6], "pivot": [-11, 112.5, -43], "rotation": [0, 0, 90], "uv": [56, 242]},
						{"origin": [-14, 107, -44], "size": [6, 7, 4], "pivot": [-11, 110.5, -42], "rotation": [-90, 0, 90], "uv": [56, 242]},
						{"origin": [-14, 107, -44], "size": [6, 7, 4], "pivot": [-11, 110.5, -42], "rotation": [-90, 0, 180], "uv": [56, 242]},
						{"origin": [-13, 109, -47], "size": [4, 3, 7], "uv": [186, 226]},
						{"origin": [-14, 107, -44], "size": [6, 7, 4], "uv": [49, 222]},
						{"origin": [-15, 108, -44], "size": [8, 5, 4], "uv": [49, 222]}
					]
				},
				{
					"name": "corpo",
					"parent": "part1",
					"pivot": [0, 8, -38.5],
					"rotation": [90, 0, 0],
					"cubes": [
						{"origin": [-10, -28, -41], "size": [20, 37, 5], "uv": [0, 0]},
						{"origin": [-9, -28, -43], "size": [18, 44, 9], "uv": [0, 0]},
						{"origin": [-8, -28, -45], "size": [16, 43, 13], "uv": [0, 0]},
						{"origin": [-6, -28, -46], "size": [12, 41, 15], "uv": [0, 0]},
						{"origin": [-4, -28, -47], "size": [8, 37, 17], "uv": [0, 0]}
					]
				},
				{
					"name": "bone",
					"parent": "part1",
					"pivot": [0, 2.60526, 9.52632],
					"cubes": [
						{"origin": [-5, 15, -23], "size": [10, 6, 3], "uv": [150, 33]},
						{"origin": [-5, 40, -21], "size": [10, 4, 3], "uv": [150, 33]},
						{"origin": [-5, 44, -19], "size": [10, 3, 3], "uv": [150, 33]},
						{"origin": [-5, 47, -17], "size": [10, 3, 3], "uv": [150, 33]},
						{"origin": [-5, 49, -15], "size": [10, 3, 3], "uv": [150, 33]},
						{"origin": [-5, 51, -13], "size": [10, 3, 3], "uv": [150, 33]},
						{"origin": [-5, 53, -11], "size": [10, 3, 3], "uv": [150, 33]},
						{"origin": [-5, 55, -9], "size": [10, 3, 3], "uv": [150, 33]},
						{"origin": [-5, 57, -6], "size": [10, 3, 4], "uv": [150, 33]},
						{"origin": [-7, 59, -2], "size": [14, 3, 5], "uv": [150, 33]},
						{"origin": [-6, 61, 3], "size": [12, 3, 7], "uv": [150, 33]},
						{"origin": [-6, 63, 10], "size": [12, 3, 18], "uv": [150, 33]},
						{"origin": [18, 4, 2], "size": [1, 59, 26], "pivot": [18.5, 35, 15], "rotation": [0, 0, 5], "uv": [150, 33]},
						{"origin": [-18, 8, 2], "size": [1, 59, 26], "pivot": [18.5, 35, 15], "rotation": [0, 0, -5], "uv": [150, 33]},
						{"origin": [-18, 8, -9], "size": [1, 54, 11], "pivot": [18.5, 35, 15], "rotation": [0, 0, -5], "uv": [150, 33]},
						{"origin": [-18, 8, -16], "size": [1, 49, 7], "pivot": [18.5, 35, 15], "rotation": [0, 0, -5], "uv": [150, 33]},
						{"origin": [-18, 14, -20], "size": [1, 35, 4], "pivot": [18.5, 35, 15], "rotation": [0, 0, -5], "uv": [150, 33]},
						{"origin": [-18, 18, -22], "size": [1, 26, 2], "pivot": [18.5, 35, 15], "rotation": [0, 0, -5], "uv": [150, 33]},
						{"origin": [18, 4, -9], "size": [1, 55, 11], "pivot": [18.5, 35, 15], "rotation": [0, 0, 5], "uv": [150, 33]},
						{"origin": [18, 4, -15], "size": [1, 49, 6], "pivot": [18.5, 35, 15], "rotation": [0, 0, 5], "uv": [150, 33]},
						{"origin": [18, 8, -20], "size": [1, 39, 5], "pivot": [18.5, 35, 15], "rotation": [0, 0, 5], "uv": [150, 33]},
						{"origin": [18, 17, -23], "size": [1, 23, 3], "pivot": [18.5, 35, 15], "rotation": [0, 0, 5], "uv": [150, 33]},
						{"origin": [-5, 11, -21], "size": [10, 4, 3], "uv": [150, 33]},
						{"origin": [-5, 8, -19], "size": [10, 3, 3], "uv": [150, 33]},
						{"origin": [-5, 5, -17], "size": [10, 3, 3], "uv": [150, 33]},
						{"origin": [-5, 2, -15], "size": [10, 3, 3], "uv": [150, 33]},
						{"origin": [-5, 1, -12], "size": [10, 3, 36], "uv": [150, 33]},
						{"origin": [-5, 21, -25], "size": [10, 14, 3], "uv": [150, 33]},
						{"origin": [-5, 35, -23], "size": [10, 5, 3], "uv": [150, 33]}
					]
				},
				{
					"name": "bone2",
					"parent": "bone",
					"pivot": [6, 2.60526, 9.52632],
					"rotation": [0, 0, 5],
					"cubes": [
						{"origin": [0, 15, -24], "size": [10, 7, 4], "uv": [150, 33]},
						{"origin": [0, 40, -22], "size": [10, 5, 4], "uv": [150, 33]},
						{"origin": [0, 44, -20], "size": [10, 4, 4], "uv": [150, 33]},
						{"origin": [0, 47, -18], "size": [10, 4, 4], "uv": [150, 33]},
						{"origin": [0, 49, -16], "size": [10, 4, 4], "uv": [150, 33]},
						{"origin": [0, 51, -14], "size": [10, 4, 4], "uv": [150, 33]},
						{"origin": [0, 53, -12], "size": [10, 4, 4], "uv": [150, 33]},
						{"origin": [0, 55, -10], "size": [10, 4, 4], "uv": [150, 33]},
						{"origin": [0, 57, -7], "size": [10, 4, 5], "uv": [150, 33]},
						{"origin": [0, 59, -3], "size": [10, 4, 6], "uv": [150, 33]},
						{"origin": [0, 61, 2], "size": [10, 4, 8], "uv": [150, 33]},
						{"origin": [0, 63, 9], "size": [10, 4, 19], "uv": [150, 33]},
						{"origin": [0, 11, -22], "size": [10, 5, 4], "uv": [150, 33]},
						{"origin": [0, 8, -20], "size": [10, 4, 4], "uv": [150, 33]},
						{"origin": [0, 5, -18], "size": [10, 4, 4], "uv": [150, 33]},
						{"origin": [0, 2, -16], "size": [10, 4, 4], "uv": [150, 33]},
						{"origin": [0, 1, -13], "size": [10, 4, 37], "uv": [150, 33]},
						{"origin": [0, 21, -26], "size": [10, 15, 4], "uv": [150, 33]},
						{"origin": [0, 35, -24], "size": [10, 6, 4], "uv": [150, 33]}
					]
				},
				{
					"name": "bone7",
					"parent": "bone",
					"pivot": [-4, 2.60526, 9.52632],
					"rotation": [0, 0, -5],
					"cubes": [
						{"origin": [-10, 15, -24], "size": [10, 7, 4], "uv": [150, 33]},
						{"origin": [-10, 40, -22], "size": [10, 5, 4], "uv": [150, 33]},
						{"origin": [-10, 44, -20], "size": [10, 4, 4], "uv": [150, 33]},
						{"origin": [-10, 47, -18], "size": [10, 4, 4], "uv": [150, 33]},
						{"origin": [-10, 49, -16], "size": [10, 4, 4], "uv": [150, 33]},
						{"origin": [-10, 51, -14], "size": [10, 4, 4], "uv": [150, 33]},
						{"origin": [-10, 53, -12], "size": [10, 4, 4], "uv": [150, 33]},
						{"origin": [-10, 55, -10], "size": [10, 4, 4], "uv": [150, 33]},
						{"origin": [-10, 57, -7], "size": [10, 4, 5], "uv": [150, 33]},
						{"origin": [-10, 59, -3], "size": [10, 4, 6], "uv": [150, 33]},
						{"origin": [-10, 61, 2], "size": [10, 4, 8], "uv": [150, 33]},
						{"origin": [-10, 63, 9], "size": [10, 4, 19], "uv": [150, 33]},
						{"origin": [-10, 11, -22], "size": [10, 5, 4], "uv": [150, 33]},
						{"origin": [-10, 8, -20], "size": [10, 4, 4], "uv": [150, 33]},
						{"origin": [-10, 5, -18], "size": [10, 4, 4], "uv": [150, 33]},
						{"origin": [-10, 2, -16], "size": [10, 4, 4], "uv": [150, 33]},
						{"origin": [-10, 1, -13], "size": [10, 4, 37], "uv": [150, 33]},
						{"origin": [-10, 21, -26], "size": [10, 15, 4], "uv": [150, 33]},
						{"origin": [-10, 35, -24], "size": [10, 6, 4], "uv": [150, 33]}
					]
				},
				{
					"name": "bone3",
					"parent": "bone",
					"pivot": [6, 2.60526, 9.52632],
					"rotation": [0, 0, 5],
					"cubes": [
						{"origin": [5, 15, -25], "size": [5, 8, 5], "uv": [150, 33]},
						{"origin": [5, 40, -23], "size": [5, 6, 5], "uv": [150, 33]},
						{"origin": [5, 44, -21], "size": [5, 5, 5], "uv": [150, 33]},
						{"origin": [5, 47, -19], "size": [5, 5, 5], "uv": [150, 33]},
						{"origin": [5, 49, -17], "size": [5, 5, 5], "uv": [150, 33]},
						{"origin": [5, 51, -15], "size": [5, 5, 5], "uv": [150, 33]},
						{"origin": [5, 53, -13], "size": [5, 5, 5], "uv": [150, 33]},
						{"origin": [5, 55, -11], "size": [5, 5, 5], "uv": [150, 33]},
						{"origin": [5, 57, -8], "size": [5, 5, 6], "uv": [150, 33]},
						{"origin": [5, 59, -4], "size": [5, 5, 7], "uv": [150, 33]},
						{"origin": [5, 61, 1], "size": [5, 5, 9], "uv": [150, 33]},
						{"origin": [5, 63, 8], "size": [5, 5, 20], "uv": [150, 33]},
						{"origin": [5, 11, -23], "size": [5, 6, 5], "uv": [150, 33]},
						{"origin": [5, 8, -21], "size": [5, 5, 5], "uv": [150, 33]},
						{"origin": [5, 5, -19], "size": [5, 5, 5], "uv": [150, 33]},
						{"origin": [5, 2, -17], "size": [5, 5, 5], "uv": [150, 33]},
						{"origin": [5, 1, -14], "size": [5, 5, 38], "uv": [150, 33]},
						{"origin": [5, 21, -27], "size": [5, 16, 5], "uv": [150, 33]},
						{"origin": [5, 35, -25], "size": [5, 7, 5], "uv": [150, 33]}
					]
				},
				{
					"name": "bone8",
					"parent": "bone",
					"pivot": [-9, 2.60526, 9.52632],
					"rotation": [0, 0, -5],
					"cubes": [
						{"origin": [-10, 15, -25], "size": [5, 8, 5], "uv": [150, 33]},
						{"origin": [-10, 40, -23], "size": [5, 6, 5], "uv": [150, 33]},
						{"origin": [-10, 44, -21], "size": [5, 5, 5], "uv": [150, 33]},
						{"origin": [-10, 47, -19], "size": [5, 5, 5], "uv": [150, 33]},
						{"origin": [-10, 49, -17], "size": [5, 5, 5], "uv": [150, 33]},
						{"origin": [-10, 51, -15], "size": [5, 5, 5], "uv": [150, 33]},
						{"origin": [-10, 53, -13], "size": [5, 5, 5], "uv": [150, 33]},
						{"origin": [-10, 55, -11], "size": [5, 5, 5], "uv": [150, 33]},
						{"origin": [-10, 57, -8], "size": [5, 5, 6], "uv": [150, 33]},
						{"origin": [-10, 59, -4], "size": [5, 5, 7], "uv": [150, 33]},
						{"origin": [-10, 61, 1], "size": [5, 5, 9], "uv": [150, 33]},
						{"origin": [-10, 63, 8], "size": [5, 5, 20], "uv": [150, 33]},
						{"origin": [-10, 11, -23], "size": [5, 6, 5], "uv": [150, 33]},
						{"origin": [-10, 8, -21], "size": [5, 5, 5], "uv": [150, 33]},
						{"origin": [-10, 5, -19], "size": [5, 5, 5], "uv": [150, 33]},
						{"origin": [-10, 2, -17], "size": [5, 5, 5], "uv": [150, 33]},
						{"origin": [-10, 1, -14], "size": [5, 5, 38], "uv": [150, 33]},
						{"origin": [-10, 21, -27], "size": [5, 16, 5], "uv": [150, 33]},
						{"origin": [-10, 35, -25], "size": [5, 7, 5], "uv": [150, 33]}
					]
				},
				{
					"name": "bone9",
					"parent": "bone",
					"pivot": [-14, 3.60526, 8.52632],
					"rotation": [0, 0, -5],
					"cubes": [
						{"origin": [-15, 16, -26], "size": [5, 8, 6], "uv": [150, 33]},
						{"origin": [-15, 41, -24], "size": [5, 6, 6], "uv": [150, 33]},
						{"origin": [-15, 45, -22], "size": [5, 5, 6], "uv": [150, 33]},
						{"origin": [-15, 48, -20], "size": [5, 5, 6], "uv": [150, 33]},
						{"origin": [-15, 50, -18], "size": [5, 5, 6], "uv": [150, 33]},
						{"origin": [-15, 52, -16], "size": [5, 5, 6], "uv": [150, 33]},
						{"origin": [-15, 54, -14], "size": [5, 5, 6], "uv": [150, 33]},
						{"origin": [-15, 56, -12], "size": [5, 5, 6], "uv": [150, 33]},
						{"origin": [-15, 58, -9], "size": [5, 5, 7], "uv": [150, 33]},
						{"origin": [-15, 60, -5], "size": [5, 5, 8], "uv": [150, 33]},
						{"origin": [-15, 62, 0], "size": [5, 5, 10], "uv": [150, 33]},
						{"origin": [-15, 64, 7], "size": [5, 5, 21], "uv": [150, 33]},
						{"origin": [-15, 12, -24], "size": [5, 6, 6], "uv": [150, 33]},
						{"origin": [-15, 9, -22], "size": [5, 5, 6], "uv": [150, 33]},
						{"origin": [-15, 6, -20], "size": [5, 5, 6], "uv": [150, 33]},
						{"origin": [-15, 3, -18], "size": [5, 5, 6], "uv": [150, 33]},
						{"origin": [-15, 2, -15], "size": [5, 5, 39], "uv": [150, 33]},
						{"origin": [-15, 22, -28], "size": [5, 16, 6], "uv": [150, 33]},
						{"origin": [-15, 36, -26], "size": [5, 7, 6], "uv": [150, 33]}
					]
				},
				{
					"name": "bone4",
					"parent": "bone",
					"pivot": [6, 2.60526, 9.52632],
					"rotation": [0, 0, 5],
					"cubes": [
						{"origin": [10, 15, -26], "size": [5, 9, 6], "uv": [150, 33]},
						{"origin": [10, 40, -24], "size": [5, 7, 6], "uv": [150, 33]},
						{"origin": [10, 44, -22], "size": [5, 6, 6], "uv": [150, 33]},
						{"origin": [10, 47, -20], "size": [5, 6, 6], "uv": [150, 33]},
						{"origin": [10, 49, -18], "size": [5, 6, 6], "uv": [150, 33]},
						{"origin": [10, 51, -16], "size": [5, 6, 6], "uv": [150, 33]},
						{"origin": [10, 53, -14], "size": [5, 6, 6], "uv": [150, 33]},
						{"origin": [10, 55, -12], "size": [5, 6, 6], "uv": [150, 33]},
						{"origin": [10, 57, -9], "size": [5, 6, 7], "uv": [150, 33]},
						{"origin": [10, 59, -5], "size": [5, 6, 8], "uv": [150, 33]},
						{"origin": [10, 61, 0], "size": [5, 6, 10], "uv": [150, 33]},
						{"origin": [10, 63, 7], "size": [5, 6, 21], "uv": [150, 33]},
						{"origin": [10, 11, -24], "size": [5, 7, 6], "uv": [150, 33]},
						{"origin": [10, 8, -22], "size": [5, 6, 6], "uv": [150, 33]},
						{"origin": [10, 5, -20], "size": [5, 6, 6], "uv": [150, 33]},
						{"origin": [10, 2, -18], "size": [5, 6, 6], "uv": [150, 33]},
						{"origin": [10, 1, -15], "size": [5, 6, 39], "uv": [150, 33]},
						{"origin": [10, 21, -28], "size": [5, 17, 6], "uv": [150, 33]},
						{"origin": [10, 35, -26], "size": [5, 8, 6], "uv": [150, 33]}
					]
				},
				{
					"name": "bone5",
					"parent": "bone",
					"pivot": [6, 2.60526, 9.52632],
					"rotation": [0, 0, 5],
					"cubes": [
						{"origin": [15, 15, -24], "size": [3, 8, 4], "uv": [150, 33]},
						{"origin": [15, 40, -22], "size": [3, 6, 4], "uv": [150, 33]},
						{"origin": [15, 44, -20], "size": [3, 5, 4], "uv": [150, 33]},
						{"origin": [15, 47, -18], "size": [3, 5, 4], "uv": [150, 33]},
						{"origin": [15, 49, -16], "size": [3, 5, 4], "uv": [150, 33]},
						{"origin": [15, 51, -14], "size": [3, 5, 4], "uv": [150, 33]},
						{"origin": [15, 53, -12], "size": [3, 5, 4], "uv": [150, 33]},
						{"origin": [15, 55, -10], "size": [3, 5, 4], "uv": [150, 33]},
						{"origin": [15, 57, -7], "size": [3, 5, 5], "uv": [150, 33]},
						{"origin": [15, 59, -3], "size": [3, 5, 6], "uv": [150, 33]},
						{"origin": [15, 61, 2], "size": [3, 5, 8], "uv": [150, 33]},
						{"origin": [15, 63, 9], "size": [3, 5, 19], "uv": [150, 33]},
						{"origin": [15, 11, -22], "size": [3, 6, 4], "uv": [150, 33]},
						{"origin": [15, 8, -20], "size": [3, 5, 4], "uv": [150, 33]},
						{"origin": [15, 5, -18], "size": [3, 5, 4], "uv": [150, 33]},
						{"origin": [15, 2, -16], "size": [3, 5, 4], "uv": [150, 33]},
						{"origin": [15, 1, -13], "size": [3, 5, 37], "uv": [150, 33]},
						{"origin": [15, 21, -26], "size": [3, 16, 4], "uv": [150, 33]},
						{"origin": [15, 35, -24], "size": [3, 7, 4], "uv": [150, 33]}
					]
				},
				{
					"name": "bone10",
					"parent": "bone",
					"pivot": [-26, 0.60526, 9.52632],
					"rotation": [0, 0, -5],
					"cubes": [
						{"origin": [-17, 13, -24], "size": [3, 8, 4], "uv": [150, 33]},
						{"origin": [-17, 38, -22], "size": [3, 6, 4], "uv": [150, 33]},
						{"origin": [-17, 42, -20], "size": [3, 5, 4], "uv": [150, 33]},
						{"origin": [-17, 45, -18], "size": [3, 5, 4], "uv": [150, 33]},
						{"origin": [-17, 47, -16], "size": [3, 5, 4], "uv": [150, 33]},
						{"origin": [-17, 49, -14], "size": [3, 5, 4], "uv": [150, 33]},
						{"origin": [-17, 51, -12], "size": [3, 5, 4], "uv": [150, 33]},
						{"origin": [-17, 53, -10], "size": [3, 5, 4], "uv": [150, 33]},
						{"origin": [-17, 55, -7], "size": [3, 5, 5], "uv": [150, 33]},
						{"origin": [-17, 57, -3], "size": [3, 5, 6], "uv": [150, 33]},
						{"origin": [-17, 59, 2], "size": [3, 5, 8], "uv": [150, 33]},
						{"origin": [-17, 61, 9], "size": [3, 5, 19], "uv": [150, 33]},
						{"origin": [-17, 9, -22], "size": [3, 6, 4], "uv": [150, 33]},
						{"origin": [-17, 6, -20], "size": [3, 5, 4], "uv": [150, 33]},
						{"origin": [-17, 3, -18], "size": [3, 5, 4], "uv": [150, 33]},
						{"origin": [-17, 0, -16], "size": [3, 5, 4], "uv": [150, 33]},
						{"origin": [-17, -1, -13], "size": [3, 5, 37], "uv": [150, 33]},
						{"origin": [-17, 19, -26], "size": [3, 16, 4], "uv": [150, 33]},
						{"origin": [-17, 33, -24], "size": [3, 7, 4], "uv": [150, 33]}
					]
				},
				{
					"name": "bone11",
					"parent": "bone",
					"pivot": [-26, 0.60526, 9.52632],
					"rotation": [0, 0, -5],
					"cubes": [
						{"origin": [-18, 13, -23], "size": [1, 6, 3], "uv": [150, 33]},
						{"origin": [-18, 38, -21], "size": [1, 4, 3], "uv": [150, 33]},
						{"origin": [-18, 42, -19], "size": [1, 3, 3], "uv": [150, 33]},
						{"origin": [-18, 45, -17], "size": [1, 3, 3], "uv": [150, 33]},
						{"origin": [-18, 47, -15], "size": [1, 3, 3], "uv": [150, 33]},
						{"origin": [-18, 49, -13], "size": [1, 3, 3], "uv": [150, 33]},
						{"origin": [-18, 51, -11], "size": [1, 3, 3], "uv": [150, 33]},
						{"origin": [-18, 53, -9], "size": [1, 3, 3], "uv": [150, 33]},
						{"origin": [-18, 55, -6], "size": [1, 3, 4], "uv": [150, 33]},
						{"origin": [-18, 57, -2], "size": [1, 3, 5], "uv": [150, 33]},
						{"origin": [-18, 59, 3], "size": [1, 3, 7], "uv": [150, 33]},
						{"origin": [-18, 61, 10], "size": [1, 3, 18], "uv": [150, 33]},
						{"origin": [-18, 9, -21], "size": [1, 4, 3], "uv": [150, 33]},
						{"origin": [-18, 6, -19], "size": [1, 3, 3], "uv": [150, 33]},
						{"origin": [-18, 3, -17], "size": [1, 3, 3], "uv": [150, 33]},
						{"origin": [-18, 0, -15], "size": [1, 3, 3], "uv": [150, 33]},
						{"origin": [-18, -1, -12], "size": [1, 3, 36], "uv": [150, 33]},
						{"origin": [-18, 19, -25], "size": [1, 14, 3], "uv": [150, 33]},
						{"origin": [-18, 33, -23], "size": [1, 5, 3], "uv": [150, 33]}
					]
				},
				{
					"name": "bone6",
					"parent": "bone",
					"pivot": [6, 2.60526, 9.52632],
					"rotation": [0, 0, 5],
					"cubes": [
						{"origin": [18, 15, -23], "size": [1, 6, 3], "uv": [150, 33]},
						{"origin": [18, 40, -21], "size": [1, 4, 3], "uv": [150, 33]},
						{"origin": [18, 44, -19], "size": [1, 3, 3], "uv": [150, 33]},
						{"origin": [18, 47, -17], "size": [1, 3, 3], "uv": [150, 33]},
						{"origin": [18, 49, -15], "size": [1, 3, 3], "uv": [150, 33]},
						{"origin": [18, 51, -13], "size": [1, 3, 3], "uv": [150, 33]},
						{"origin": [18, 53, -11], "size": [1, 3, 3], "uv": [150, 33]},
						{"origin": [18, 55, -9], "size": [1, 3, 3], "uv": [150, 33]},
						{"origin": [18, 57, -6], "size": [1, 3, 4], "uv": [150, 33]},
						{"origin": [18, 59, -2], "size": [1, 3, 5], "uv": [150, 33]},
						{"origin": [18, 61, 3], "size": [1, 3, 7], "uv": [150, 33]},
						{"origin": [18, 63, 10], "size": [1, 3, 18], "uv": [150, 33]},
						{"origin": [18, 11, -21], "size": [1, 4, 3], "uv": [150, 33]},
						{"origin": [18, 8, -19], "size": [1, 3, 3], "uv": [150, 33]},
						{"origin": [18, 5, -17], "size": [1, 3, 3], "uv": [150, 33]},
						{"origin": [18, 2, -15], "size": [1, 3, 3], "uv": [150, 33]},
						{"origin": [18, 1, -12], "size": [1, 3, 36], "uv": [150, 33]},
						{"origin": [18, 21, -25], "size": [1, 14, 3], "uv": [150, 33]},
						{"origin": [18, 35, -23], "size": [1, 5, 3], "uv": [150, 33]}
					]
				},
				{
					"name": "bone12",
					"parent": "bone",
					"pivot": [1, 2.60526, 27.52632],
					"rotation": [0, 180, 0],
					"cubes": [
						{"origin": [-4, 15, -5], "size": [10, 6, 3], "uv": [150, 33]},
						{"origin": [-4, 40, -3], "size": [10, 4, 3], "uv": [150, 33]},
						{"origin": [-4, 44, -1], "size": [10, 3, 3], "uv": [150, 33]},
						{"origin": [-4, 47, 1], "size": [10, 3, 3], "uv": [150, 33]},
						{"origin": [-4, 49, 3], "size": [10, 3, 3], "uv": [150, 33]},
						{"origin": [-4, 51, 5], "size": [10, 3, 3], "uv": [150, 33]},
						{"origin": [-4, 53, 7], "size": [10, 3, 3], "uv": [150, 33]},
						{"origin": [-4, 55, 9], "size": [10, 3, 3], "uv": [150, 33]},
						{"origin": [-4, 57, 12], "size": [10, 3, 4], "uv": [150, 33]},
						{"origin": [-6, 59, 16], "size": [14, 3, 5], "uv": [150, 33]},
						{"origin": [-5, 61, 21], "size": [12, 3, 7], "uv": [150, 33]},
						{"origin": [-5, 63, 28], "size": [12, 3, 18], "uv": [150, 33]},
						{"origin": [19, 4, 20], "size": [1, 59, 26], "pivot": [19.5, 35, 33], "rotation": [0, 0, 5], "uv": [150, 33]},
						{"origin": [-17, 8, 20], "size": [1, 59, 26], "pivot": [19.5, 35, 33], "rotation": [0, 0, -5], "uv": [150, 33]},
						{"origin": [-17, 8, 9], "size": [1, 54, 11], "pivot": [19.5, 35, 33], "rotation": [0, 0, -5], "uv": [150, 33]},
						{"origin": [-17, 8, 2], "size": [1, 49, 7], "pivot": [19.5, 35, 33], "rotation": [0, 0, -5], "uv": [150, 33]},
						{"origin": [-17, 14, -2], "size": [1, 35, 4], "pivot": [19.5, 35, 33], "rotation": [0, 0, -5], "uv": [150, 33]},
						{"origin": [-17, 18, -4], "size": [1, 26, 2], "pivot": [19.5, 35, 33], "rotation": [0, 0, -5], "uv": [150, 33]},
						{"origin": [19, 4, 9], "size": [1, 55, 11], "pivot": [19.5, 35, 33], "rotation": [0, 0, 5], "uv": [150, 33]},
						{"origin": [19, 4, 3], "size": [1, 49, 6], "pivot": [19.5, 35, 33], "rotation": [0, 0, 5], "uv": [150, 33]},
						{"origin": [19, 8, -2], "size": [1, 39, 5], "pivot": [19.5, 35, 33], "rotation": [0, 0, 5], "uv": [150, 33]},
						{"origin": [19, 17, -5], "size": [1, 23, 3], "pivot": [19.5, 35, 33], "rotation": [0, 0, 5], "uv": [150, 33]},
						{"origin": [-4, 11, -3], "size": [10, 4, 3], "uv": [150, 33]},
						{"origin": [-4, 8, -1], "size": [10, 3, 3], "uv": [150, 33]},
						{"origin": [-4, 5, 1], "size": [10, 3, 3], "uv": [150, 33]},
						{"origin": [-4, 2, 3], "size": [10, 3, 3], "uv": [150, 33]},
						{"origin": [-4, 1, 6], "size": [10, 3, 36], "uv": [150, 33]},
						{"origin": [-4, 21, -7], "size": [10, 14, 3], "uv": [150, 33]},
						{"origin": [-4, 35, -5], "size": [10, 5, 3], "uv": [150, 33]}
					]
				},
				{
					"name": "bone13",
					"parent": "bone12",
					"pivot": [7, 2.60526, 27.52632],
					"rotation": [0, 0, 5],
					"cubes": [
						{"origin": [1, 15, -6], "size": [10, 7, 4], "uv": [150, 33]},
						{"origin": [1, 40, -4], "size": [10, 5, 4], "uv": [150, 33]},
						{"origin": [1, 44, -2], "size": [10, 4, 4], "uv": [150, 33]},
						{"origin": [1, 47, 0], "size": [10, 4, 4], "uv": [150, 33]},
						{"origin": [1, 49, 2], "size": [10, 4, 4], "uv": [150, 33]},
						{"origin": [1, 51, 4], "size": [10, 4, 4], "uv": [150, 33]},
						{"origin": [1, 53, 6], "size": [10, 4, 4], "uv": [150, 33]},
						{"origin": [1, 55, 8], "size": [10, 4, 4], "uv": [150, 33]},
						{"origin": [1, 57, 11], "size": [10, 4, 5], "uv": [150, 33]},
						{"origin": [1, 59, 15], "size": [10, 4, 6], "uv": [150, 33]},
						{"origin": [1, 61, 20], "size": [10, 4, 8], "uv": [150, 33]},
						{"origin": [1, 63, 27], "size": [10, 4, 19], "uv": [150, 33]},
						{"origin": [1, 11, -4], "size": [10, 5, 4], "uv": [150, 33]},
						{"origin": [1, 8, -2], "size": [10, 4, 4], "uv": [150, 33]},
						{"origin": [1, 5, 0], "size": [10, 4, 4], "uv": [150, 33]},
						{"origin": [1, 2, 2], "size": [10, 4, 4], "uv": [150, 33]},
						{"origin": [1, 1, 5], "size": [10, 4, 37], "uv": [150, 33]},
						{"origin": [1, 21, -8], "size": [10, 15, 4], "uv": [150, 33]},
						{"origin": [1, 35, -6], "size": [10, 6, 4], "uv": [150, 33]}
					]
				},
				{
					"name": "bone14",
					"parent": "bone12",
					"pivot": [-3, 2.60526, 27.52632],
					"rotation": [0, 0, -5],
					"cubes": [
						{"origin": [-9, 15, -6], "size": [10, 7, 4], "uv": [150, 33]},
						{"origin": [-9, 40, -4], "size": [10, 5, 4], "uv": [150, 33]},
						{"origin": [-9, 44, -2], "size": [10, 4, 4], "uv": [150, 33]},
						{"origin": [-9, 47, 0], "size": [10, 4, 4], "uv": [150, 33]},
						{"origin": [-9, 49, 2], "size": [10, 4, 4], "uv": [150, 33]},
						{"origin": [-9, 51, 4], "size": [10, 4, 4], "uv": [150, 33]},
						{"origin": [-9, 53, 6], "size": [10, 4, 4], "uv": [150, 33]},
						{"origin": [-9, 55, 8], "size": [10, 4, 4], "uv": [150, 33]},
						{"origin": [-9, 57, 11], "size": [10, 4, 5], "uv": [150, 33]},
						{"origin": [-9, 59, 15], "size": [10, 4, 6], "uv": [150, 33]},
						{"origin": [-9, 61, 20], "size": [10, 4, 8], "uv": [150, 33]},
						{"origin": [-9, 63, 27], "size": [10, 4, 19], "uv": [150, 33]},
						{"origin": [-9, 11, -4], "size": [10, 5, 4], "uv": [150, 33]},
						{"origin": [-9, 8, -2], "size": [10, 4, 4], "uv": [150, 33]},
						{"origin": [-9, 5, 0], "size": [10, 4, 4], "uv": [150, 33]},
						{"origin": [-9, 2, 2], "size": [10, 4, 4], "uv": [150, 33]},
						{"origin": [-9, 1, 5], "size": [10, 4, 37], "uv": [150, 33]},
						{"origin": [-9, 21, -8], "size": [10, 15, 4], "uv": [150, 33]},
						{"origin": [-9, 35, -6], "size": [10, 6, 4], "uv": [150, 33]}
					]
				},
				{
					"name": "bone15",
					"parent": "bone12",
					"pivot": [7, 2.60526, 27.52632],
					"rotation": [0, 0, 5],
					"cubes": [
						{"origin": [6, 15, -7], "size": [5, 8, 5], "uv": [150, 33]},
						{"origin": [6, 40, -5], "size": [5, 6, 5], "uv": [150, 33]},
						{"origin": [6, 44, -3], "size": [5, 5, 5], "uv": [150, 33]},
						{"origin": [6, 47, -1], "size": [5, 5, 5], "uv": [150, 33]},
						{"origin": [6, 49, 1], "size": [5, 5, 5], "uv": [150, 33]},
						{"origin": [6, 51, 3], "size": [5, 5, 5], "uv": [150, 33]},
						{"origin": [6, 53, 5], "size": [5, 5, 5], "uv": [150, 33]},
						{"origin": [6, 55, 7], "size": [5, 5, 5], "uv": [150, 33]},
						{"origin": [6, 57, 10], "size": [5, 5, 6], "uv": [150, 33]},
						{"origin": [6, 59, 14], "size": [5, 5, 7], "uv": [150, 33]},
						{"origin": [6, 61, 19], "size": [5, 5, 9], "uv": [150, 33]},
						{"origin": [6, 63, 26], "size": [5, 5, 20], "uv": [150, 33]},
						{"origin": [6, 11, -5], "size": [5, 6, 5], "uv": [150, 33]},
						{"origin": [6, 8, -3], "size": [5, 5, 5], "uv": [150, 33]},
						{"origin": [6, 5, -1], "size": [5, 5, 5], "uv": [150, 33]},
						{"origin": [6, 2, 1], "size": [5, 5, 5], "uv": [150, 33]},
						{"origin": [6, 1, 4], "size": [5, 5, 38], "uv": [150, 33]},
						{"origin": [6, 21, -9], "size": [5, 16, 5], "uv": [150, 33]},
						{"origin": [6, 35, -7], "size": [5, 7, 5], "uv": [150, 33]}
					]
				},
				{
					"name": "bone16",
					"parent": "bone12",
					"pivot": [-8, 2.60526, 27.52632],
					"rotation": [0, 0, -5],
					"cubes": [
						{"origin": [-9, 15, -7], "size": [5, 8, 5], "uv": [150, 33]},
						{"origin": [-9, 40, -5], "size": [5, 6, 5], "uv": [150, 33]},
						{"origin": [-9, 44, -3], "size": [5, 5, 5], "uv": [150, 33]},
						{"origin": [-9, 47, -1], "size": [5, 5, 5], "uv": [150, 33]},
						{"origin": [-9, 49, 1], "size": [5, 5, 5], "uv": [150, 33]},
						{"origin": [-9, 51, 3], "size": [5, 5, 5], "uv": [150, 33]},
						{"origin": [-9, 53, 5], "size": [5, 5, 5], "uv": [150, 33]},
						{"origin": [-9, 55, 7], "size": [5, 5, 5], "uv": [150, 33]},
						{"origin": [-9, 57, 10], "size": [5, 5, 6], "uv": [150, 33]},
						{"origin": [-9, 59, 14], "size": [5, 5, 7], "uv": [150, 33]},
						{"origin": [-9, 61, 19], "size": [5, 5, 9], "uv": [150, 33]},
						{"origin": [-9, 63, 26], "size": [5, 5, 20], "uv": [150, 33]},
						{"origin": [-9, 11, -5], "size": [5, 6, 5], "uv": [150, 33]},
						{"origin": [-9, 8, -3], "size": [5, 5, 5], "uv": [150, 33]},
						{"origin": [-9, 5, -1], "size": [5, 5, 5], "uv": [150, 33]},
						{"origin": [-9, 2, 1], "size": [5, 5, 5], "uv": [150, 33]},
						{"origin": [-9, 1, 4], "size": [5, 5, 38], "uv": [150, 33]},
						{"origin": [-9, 21, -9], "size": [5, 16, 5], "uv": [150, 33]},
						{"origin": [-9, 35, -7], "size": [5, 7, 5], "uv": [150, 33]}
					]
				},
				{
					"name": "bone17",
					"parent": "bone12",
					"pivot": [-13, 3.60526, 26.52632],
					"rotation": [0, 0, -5],
					"cubes": [
						{"origin": [-14, 16, -8], "size": [5, 8, 6], "uv": [150, 33]},
						{"origin": [-14, 41, -6], "size": [5, 6, 6], "uv": [150, 33]},
						{"origin": [-14, 45, -4], "size": [5, 5, 6], "uv": [150, 33]},
						{"origin": [-14, 48, -2], "size": [5, 5, 6], "uv": [150, 33]},
						{"origin": [-14, 50, 0], "size": [5, 5, 6], "uv": [150, 33]},
						{"origin": [-14, 52, 2], "size": [5, 5, 6], "uv": [150, 33]},
						{"origin": [-14, 54, 4], "size": [5, 5, 6], "uv": [150, 33]},
						{"origin": [-14, 56, 6], "size": [5, 5, 6], "uv": [150, 33]},
						{"origin": [-14, 58, 9], "size": [5, 5, 7], "uv": [150, 33]},
						{"origin": [-14, 60, 13], "size": [5, 5, 8], "uv": [150, 33]},
						{"origin": [-14, 62, 18], "size": [5, 5, 10], "uv": [150, 33]},
						{"origin": [-14, 64, 25], "size": [5, 5, 21], "uv": [150, 33]},
						{"origin": [-14, 12, -6], "size": [5, 6, 6], "uv": [150, 33]},
						{"origin": [-14, 9, -4], "size": [5, 5, 6], "uv": [150, 33]},
						{"origin": [-14, 6, -2], "size": [5, 5, 6], "uv": [150, 33]},
						{"origin": [-14, 3, 0], "size": [5, 5, 6], "uv": [150, 33]},
						{"origin": [-14, 2, 3], "size": [5, 5, 39], "uv": [150, 33]},
						{"origin": [-14, 22, -10], "size": [5, 16, 6], "uv": [150, 33]},
						{"origin": [-14, 36, -8], "size": [5, 7, 6], "uv": [150, 33]}
					]
				},
				{
					"name": "bone18",
					"parent": "bone12",
					"pivot": [7, 2.60526, 27.52632],
					"rotation": [0, 0, 5],
					"cubes": [
						{"origin": [11, 15, -8], "size": [5, 9, 6], "uv": [150, 33]},
						{"origin": [11, 40, -6], "size": [5, 7, 6], "uv": [150, 33]},
						{"origin": [11, 44, -4], "size": [5, 6, 6], "uv": [150, 33]},
						{"origin": [11, 47, -2], "size": [5, 6, 6], "uv": [150, 33]},
						{"origin": [11, 49, 0], "size": [5, 6, 6], "uv": [150, 33]},
						{"origin": [11, 51, 2], "size": [5, 6, 6], "uv": [150, 33]},
						{"origin": [11, 53, 4], "size": [5, 6, 6], "uv": [150, 33]},
						{"origin": [11, 55, 6], "size": [5, 6, 6], "uv": [150, 33]},
						{"origin": [11, 57, 9], "size": [5, 6, 7], "uv": [150, 33]},
						{"origin": [11, 59, 13], "size": [5, 6, 8], "uv": [150, 33]},
						{"origin": [11, 61, 18], "size": [5, 6, 10], "uv": [150, 33]},
						{"origin": [11, 63, 25], "size": [5, 6, 21], "uv": [150, 33]},
						{"origin": [11, 11, -6], "size": [5, 7, 6], "uv": [150, 33]},
						{"origin": [11, 8, -4], "size": [5, 6, 6], "uv": [150, 33]},
						{"origin": [11, 5, -2], "size": [5, 6, 6], "uv": [150, 33]},
						{"origin": [11, 2, 0], "size": [5, 6, 6], "uv": [150, 33]},
						{"origin": [11, 1, 3], "size": [5, 6, 39], "uv": [150, 33]},
						{"origin": [11, 21, -10], "size": [5, 17, 6], "uv": [150, 33]},
						{"origin": [11, 35, -8], "size": [5, 8, 6], "uv": [150, 33]}
					]
				},
				{
					"name": "bone19",
					"parent": "bone12",
					"pivot": [7, 2.60526, 27.52632],
					"rotation": [0, 0, 5],
					"cubes": [
						{"origin": [16, 15, -6], "size": [3, 8, 4], "uv": [150, 33]},
						{"origin": [16, 40, -4], "size": [3, 6, 4], "uv": [150, 33]},
						{"origin": [16, 44, -2], "size": [3, 5, 4], "uv": [150, 33]},
						{"origin": [16, 47, 0], "size": [3, 5, 4], "uv": [150, 33]},
						{"origin": [16, 49, 2], "size": [3, 5, 4], "uv": [150, 33]},
						{"origin": [16, 51, 4], "size": [3, 5, 4], "uv": [150, 33]},
						{"origin": [16, 53, 6], "size": [3, 5, 4], "uv": [150, 33]},
						{"origin": [16, 55, 8], "size": [3, 5, 4], "uv": [150, 33]},
						{"origin": [16, 57, 11], "size": [3, 5, 5], "uv": [150, 33]},
						{"origin": [16, 59, 15], "size": [3, 5, 6], "uv": [150, 33]},
						{"origin": [16, 61, 20], "size": [3, 5, 8], "uv": [150, 33]},
						{"origin": [16, 63, 27], "size": [3, 5, 19], "uv": [150, 33]},
						{"origin": [16, 11, -4], "size": [3, 6, 4], "uv": [150, 33]},
						{"origin": [16, 8, -2], "size": [3, 5, 4], "uv": [150, 33]},
						{"origin": [16, 5, 0], "size": [3, 5, 4], "uv": [150, 33]},
						{"origin": [16, 2, 2], "size": [3, 5, 4], "uv": [150, 33]},
						{"origin": [16, 1, 5], "size": [3, 5, 37], "uv": [150, 33]},
						{"origin": [16, 21, -8], "size": [3, 16, 4], "uv": [150, 33]},
						{"origin": [16, 35, -6], "size": [3, 7, 4], "uv": [150, 33]}
					]
				},
				{
					"name": "bone20",
					"parent": "bone12",
					"pivot": [-25, 0.60526, 27.52632],
					"rotation": [0, 0, -5],
					"cubes": [
						{"origin": [-16, 13, -6], "size": [3, 8, 4], "uv": [150, 33]},
						{"origin": [-16, 38, -4], "size": [3, 6, 4], "uv": [150, 33]},
						{"origin": [-16, 42, -2], "size": [3, 5, 4], "uv": [150, 33]},
						{"origin": [-16, 45, 0], "size": [3, 5, 4], "uv": [150, 33]},
						{"origin": [-16, 47, 2], "size": [3, 5, 4], "uv": [150, 33]},
						{"origin": [-16, 49, 4], "size": [3, 5, 4], "uv": [150, 33]},
						{"origin": [-16, 51, 6], "size": [3, 5, 4], "uv": [150, 33]},
						{"origin": [-16, 53, 8], "size": [3, 5, 4], "uv": [150, 33]},
						{"origin": [-16, 55, 11], "size": [3, 5, 5], "uv": [150, 33]},
						{"origin": [-16, 57, 15], "size": [3, 5, 6], "uv": [150, 33]},
						{"origin": [-16, 59, 20], "size": [3, 5, 8], "uv": [150, 33]},
						{"origin": [-16, 61, 27], "size": [3, 5, 19], "uv": [150, 33]},
						{"origin": [-16, 9, -4], "size": [3, 6, 4], "uv": [150, 33]},
						{"origin": [-16, 6, -2], "size": [3, 5, 4], "uv": [150, 33]},
						{"origin": [-16, 3, 0], "size": [3, 5, 4], "uv": [150, 33]},
						{"origin": [-16, 0, 2], "size": [3, 5, 4], "uv": [150, 33]},
						{"origin": [-16, -1, 5], "size": [3, 5, 37], "uv": [150, 33]},
						{"origin": [-16, 19, -8], "size": [3, 16, 4], "uv": [150, 33]},
						{"origin": [-16, 33, -6], "size": [3, 7, 4], "uv": [150, 33]}
					]
				},
				{
					"name": "bone21",
					"parent": "bone12",
					"pivot": [-25, 0.60526, 27.52632],
					"rotation": [0, 0, -5],
					"cubes": [
						{"origin": [-17, 13, -5], "size": [1, 6, 3], "uv": [150, 33]},
						{"origin": [-17, 38, -3], "size": [1, 4, 3], "uv": [150, 33]},
						{"origin": [-17, 42, -1], "size": [1, 3, 3], "uv": [150, 33]},
						{"origin": [-17, 45, 1], "size": [1, 3, 3], "uv": [150, 33]},
						{"origin": [-17, 47, 3], "size": [1, 3, 3], "uv": [150, 33]},
						{"origin": [-17, 49, 5], "size": [1, 3, 3], "uv": [150, 33]},
						{"origin": [-17, 51, 7], "size": [1, 3, 3], "uv": [150, 33]},
						{"origin": [-17, 53, 9], "size": [1, 3, 3], "uv": [150, 33]},
						{"origin": [-17, 55, 12], "size": [1, 3, 4], "uv": [150, 33]},
						{"origin": [-17, 57, 16], "size": [1, 3, 5], "uv": [150, 33]},
						{"origin": [-17, 59, 21], "size": [1, 3, 7], "uv": [150, 33]},
						{"origin": [-17, 61, 28], "size": [1, 3, 18], "uv": [150, 33]},
						{"origin": [-17, 9, -3], "size": [1, 4, 3], "uv": [150, 33]},
						{"origin": [-17, 6, -1], "size": [1, 3, 3], "uv": [150, 33]},
						{"origin": [-17, 3, 1], "size": [1, 3, 3], "uv": [150, 33]},
						{"origin": [-17, 0, 3], "size": [1, 3, 3], "uv": [150, 33]},
						{"origin": [-17, -1, 6], "size": [1, 3, 36], "uv": [150, 33]},
						{"origin": [-17, 19, -7], "size": [1, 14, 3], "uv": [150, 33]},
						{"origin": [-17, 33, -5], "size": [1, 5, 3], "uv": [150, 33]}
					]
				},
				{
					"name": "bone22",
					"parent": "bone12",
					"pivot": [7, 2.60526, 27.52632],
					"rotation": [0, 0, 5],
					"cubes": [
						{"origin": [19, 15, -5], "size": [1, 6, 3], "uv": [150, 33]},
						{"origin": [19, 40, -3], "size": [1, 4, 3], "uv": [150, 33]},
						{"origin": [19, 44, -1], "size": [1, 3, 3], "uv": [150, 33]},
						{"origin": [19, 47, 1], "size": [1, 3, 3], "uv": [150, 33]},
						{"origin": [19, 49, 3], "size": [1, 3, 3], "uv": [150, 33]},
						{"origin": [19, 51, 5], "size": [1, 3, 3], "uv": [150, 33]},
						{"origin": [19, 53, 7], "size": [1, 3, 3], "uv": [150, 33]},
						{"origin": [19, 55, 9], "size": [1, 3, 3], "uv": [150, 33]},
						{"origin": [19, 57, 12], "size": [1, 3, 4], "uv": [150, 33]},
						{"origin": [19, 59, 16], "size": [1, 3, 5], "uv": [150, 33]},
						{"origin": [19, 61, 21], "size": [1, 3, 7], "uv": [150, 33]},
						{"origin": [19, 63, 28], "size": [1, 3, 18], "uv": [150, 33]},
						{"origin": [19, 11, -3], "size": [1, 4, 3], "uv": [150, 33]},
						{"origin": [19, 8, -1], "size": [1, 3, 3], "uv": [150, 33]},
						{"origin": [19, 5, 1], "size": [1, 3, 3], "uv": [150, 33]},
						{"origin": [19, 2, 3], "size": [1, 3, 3], "uv": [150, 33]},
						{"origin": [19, 1, 6], "size": [1, 3, 36], "uv": [150, 33]},
						{"origin": [19, 21, -7], "size": [1, 14, 3], "uv": [150, 33]},
						{"origin": [19, 35, -5], "size": [1, 5, 3], "uv": [150, 33]}
					]
				}
			]
		}
	]
}