{
	"format_version": "1.12.0",
	"minecraft:geometry": [
		{
			"description": {
				"identifier": "geometry.stinger_flynn",
				"texture_width": 260,
				"texture_height": 260,
				"visible_bounds_width": 7,
				"visible_bounds_height": 7,
				"visible_bounds_offset": [0, 2.5, 0]
			},
			"bones": [
				{
					"name": "stingerflynn",
					"pivot": [-1, 63, 0]
				},
				{
					"name": "part1",
					"parent": "stingerflynn",
					"pivot": [-1, 63, 0]
				},
				{
					"name": "ad",
					"parent": "part1",
					"pivot": [-1, 76, 0]
				},
				{
					"name": "mask",
					"parent": "ad",
					"pivot": [-1, 70, 2],
					"cubes": [
						{"origin": [-5, 85, -5], "size": [10, 2, 10], "uv": [0, 0]},
						{"origin": [-8, 84, -5], "size": [3, 2, 10], "uv": [0, 0]},
						{"origin": [5, 84, -5], "size": [3, 2, 10], "uv": [0, 0]},
						{"origin": [8, 83, -5], "size": [2, 2, 10], "uv": [0, 0]},
						{"origin": [-10, 83, -5], "size": [2, 2, 10], "uv": [0, 0]},
						{"origin": [-12, 82, -5], "size": [2, 2, 10], "uv": [0, 0]},
						{"origin": [-13, 81, -5], "size": [2, 2, 10], "uv": [0, 0]},
						{"origin": [-14, 80, -5], "size": [2, 2, 10], "uv": [0, 0]},
						{"origin": [-15, 79, -5], "size": [2, 2, 10], "uv": [0, 0]},
						{"origin": [10, 82, -5], "size": [2, 2, 10], "uv": [0, 0]},
						{"origin": [11, 81, -5], "size": [2, 2, 10], "uv": [0, 0]},
						{"origin": [12, 80, -5], "size": [2, 2, 10], "uv": [0, 0]},
						{"origin": [13, 79, -5], "size": [2, 2, 10], "uv": [0, 0]},
						{"origin": [14, 78, -5], "size": [2, 2, 10], "uv": [0, 0]},
						{"origin": [-16, 78, -5], "size": [2, 2, 10], "uv": [0, 0]},
						{"origin": [15, 75, -5], "size": [2, 3, 10], "uv": [0, 0]},
						{"origin": [-17, 75, -5], "size": [2, 3, 10], "uv": [0, 0]},
						{"origin": [16, 71, -5], "size": [2, 4, 10], "uv": [0, 0]},
						{"origin": [-18, 71, -5], "size": [2, 4, 10], "uv": [0, 0]},
						{"origin": [17, 66, -5], "size": [2, 4, 10], "uv": [0, 0]},
						{"origin": [17, 66, -4], "size": [2, 5, 8], "uv": [0, 0]},
						{"origin": [-19, 66, -4], "size": [2, 5, 8], "uv": [0, 0]},
						{"origin": [-19, 66, -5], "size": [2, 4, 10], "uv": [0, 0]}
					]
				},
				{
					"name": "mask2",
					"parent": "mask",
					"pivot": [1, 70, -1],
					"rotation": [0, -90, 0],
					"cubes": [
						{"origin": [-6, 84, -5], "size": [3, 2, 10], "uv": [0, 0]},
						{"origin": [-8, 83, -5], "size": [2, 2, 10], "uv": [0, 0]},
						{"origin": [-10, 82, -5], "size": [2, 2, 10], "uv": [0, 0]},
						{"origin": [-11, 81, -5], "size": [2, 2, 10], "uv": [0, 0]},
						{"origin": [-12, 80, -5], "size": [2, 2, 10], "uv": [0, 0]},
						{"origin": [-12, 80, -5], "size": [2, 2, 10], "uv": [0, 0]},
						{"origin": [-13, 79, -5], "size": [2, 2, 10], "uv": [0, 0]},
						{"origin": [-14, 78, -5], "size": [2, 2, 10], "uv": [0, 0]},
						{"origin": [-15, 75, -5], "size": [2, 3, 10], "uv": [0, 0]},
						{"origin": [-16, 71, -5], "size": [2, 4, 10], "uv": [0, 0]},
						{"origin": [-17, 66, -5], "size": [2, 4, 10], "uv": [0, 0]},
						{"origin": [-17, 66, -4], "size": [2, 5, 8], "uv": [0, 0]}
					]
				},
				{
					"name": "ladlad",
					"parent": "mask",
					"pivot": [-1, 70, 2],
					"cubes": [
						{"origin": [4, 66, -18], "size": [4, 5, 2], "uv": [0, 0]},
						{"origin": [4, 66, -18], "size": [3, 7, 2], "uv": [0, 0]},
						{"origin": [4, 66, -18], "size": [2, 8, 2], "uv": [0, 0]},
						{"origin": [8, 66, -17], "size": [2, 5, 2], "uv": [0, 0]},
						{"origin": [7, 71, -17], "size": [2, 2, 2], "uv": [0, 0]},
						{"origin": [10, 71, -15], "size": [2, 2, 2], "uv": [0, 0]},
						{"origin": [8, 75, -15], "size": [2, 2, 2], "uv": [0, 0]},
						{"origin": [7, 77, -15], "size": [2, 2, 2], "uv": [0, 0]},
						{"origin": [8, 77, -14], "size": [2, 2, 2], "uv": [0, 0]},
						{"origin": [5, 78, -15], "size": [2, 2, 2], "uv": [0, 0]},
						{"origin": [5, 79, -14], "size": [2, 2, 2], "uv": [0, 0]},
						{"origin": [5, 80, -13], "size": [2, 2, 2], "uv": [0, 0]},
						{"origin": [5, 81, -12], "size": [2, 2, 2], "uv": [0, 0]},
						{"origin": [5, 82, -10], "size": [2, 2, 2], "uv": [0, 0]},
						{"origin": [7, 82, -9], "size": [2, 2, 2], "uv": [0, 0]},
						{"origin": [7, 81, -11], "size": [2, 2, 2], "uv": [0, 0]},
						{"origin": [9, 80, -11], "size": [2, 2, 2], "uv": [0, 0]},
						{"origin": [10, 79, -11], "size": [2, 2, 2], "uv": [0, 0]},
						{"origin": [11, 78, -11], "size": [2, 2, 2], "uv": [0, 0]},
						{"origin": [12, 75, -11], "size": [2, 3, 2], "uv": [0, 0]},
						{"origin": [10, 75, -13], "size": [2, 3, 2], "uv": [0, 0]},
						{"origin": [11, 75, -12], "size": [2, 3, 2], "uv": [0, 0]},
						{"origin": [10, 77, -12], "size": [2, 3, 2], "uv": [0, 0]},
						{"origin": [9, 79, -12], "size": [2, 2, 2], "uv": [0, 0]},
						{"origin": [9, 78, -13], "size": [2, 2, 2], "uv": [0, 0]},
						{"origin": [9, 75, -14], "size": [2, 3, 2], "uv": [0, 0]},
						{"origin": [9, 81, -9], "size": [2, 2, 2], "uv": [0, 0]},
						{"origin": [10, 80, -9], "size": [2, 2, 2], "uv": [0, 0]},
						{"origin": [11, 79, -9], "size": [2, 2, 2], "uv": [0, 0]},
						{"origin": [12, 78, -9], "size": [2, 2, 2], "uv": [0, 0]},
						{"origin": [7, 79, -13], "size": [2, 2, 2], "uv": [0, 0]},
						{"origin": [7, 80, -12], "size": [2, 2, 2], "uv": [0, 0]},
						{"origin": [7, 78, -14], "size": [2, 2, 2], "uv": [0, 0]},
						{"origin": [5, 83, -8], "size": [3, 2, 3], "uv": [0, 0]},
						{"origin": [8, 82, -7], "size": [2, 2, 2], "uv": [0, 0]},
						{"origin": [10, 81, -7], "size": [2, 2, 2], "uv": [0, 0]},
						{"origin": [11, 80, -7], "size": [2, 2, 2], "uv": [0, 0]},
						{"origin": [12, 79, -7], "size": [2, 2, 2], "uv": [0, 0]},
						{"origin": [9, 73, -15], "size": [2, 2, 2], "uv": [0, 0]},
						{"origin": [9, 71, -16], "size": [2, 2, 2], "uv": [0, 0]},
						{"origin": [8, 73, -16], "size": [2, 2, 2], "uv": [0, 0]},
						{"origin": [7, 75, -16], "size": [2, 2, 2], "uv": [0, 0]},
						{"origin": [5, 77, -16], "size": [2, 2, 2], "uv": [0, 0]},
						{"origin": [6, 76, -16], "size": [2, 2, 2], "uv": [0, 0]},
						{"origin": [6, 73, -17], "size": [2, 2, 2], "uv": [0, 0]},
						{"origin": [5, 74, -17], "size": [2, 2, 2], "uv": [0, 0]},
						{"origin": [4, 75, -17], "size": [2, 2, 2], "uv": [0, 0]},
						{"origin": [15, 66, -10], "size": [2, 5, 2], "uv": [0, 0]},
						{"origin": [15, 71, -9], "size": [2, 2, 2], "uv": [0, 0]},
						{"origin": [14, 71, -11], "size": [2, 2, 2], "uv": [0, 0]},
						{"origin": [13, 71, -12], "size": [2, 2, 2], "uv": [0, 0]},
						{"origin": [11, 71, -14], "size": [2, 2, 2], "uv": [0, 0]},
						{"origin": [11, 73, -13], "size": [2, 2, 2], "uv": [0, 0]},
						{"origin": [12, 73, -12], "size": [2, 2, 2], "uv": [0, 0]},
						{"origin": [10, 73, -14], "size": [2, 2, 2], "uv": [0, 0]},
						{"origin": [12, 71, -13], "size": [2, 2, 2], "uv": [0, 0]},
						{"origin": [13, 73, -11], "size": [2, 2, 2], "uv": [0, 0]},
						{"origin": [13, 75, -10], "size": [2, 2, 2], "uv": [0, 0]},
						{"origin": [12, 77, -10], "size": [2, 2, 2], "uv": [0, 0]},
						{"origin": [13, 77, -9], "size": [2, 2, 2], "uv": [0, 0]},
						{"origin": [13, 78, -7], "size": [2, 2, 2], "uv": [0, 0]},
						{"origin": [14, 73, -10], "size": [2, 2, 2], "uv": [0, 0]},
						{"origin": [14, 75, -9], "size": [2, 2, 2], "uv": [0, 0]},
						{"origin": [14, 76, -8], "size": [2, 2, 2], "uv": [0, 0]},
						{"origin": [14, 77, -7], "size": [2, 2, 2], "uv": [0, 0]},
						{"origin": [15, 73, -8], "size": [2, 2, 2], "uv": [0, 0]},
						{"origin": [15, 74, -7], "size": [2, 2, 2], "uv": [0, 0]},
						{"origin": [15, 75, -6], "size": [2, 2, 2], "uv": [0, 0]},
						{"origin": [14, 66, -12], "size": [2, 5, 2], "uv": [0, 0]},
						{"origin": [10, 66, -16], "size": [2, 5, 2], "uv": [0, 0]},
						{"origin": [11, 66, -15], "size": [2, 5, 2], "uv": [0, 0]},
						{"origin": [12, 66, -14], "size": [2, 5, 2], "uv": [0, 0]},
						{"origin": [13, 66, -13], "size": [2, 5, 2], "uv": [0, 0]},
						{"origin": [16, 66, -8], "size": [2, 5, 4], "uv": [0, 0]},
						{"origin": [16, 66, -7], "size": [2, 7, 3], "uv": [0, 0]},
						{"origin": [16, 66, -6], "size": [2, 8, 2], "uv": [0, 0]}
					]
				},
				{
					"name": "ladlad2",
					"parent": "ladlad",
					"pivot": [-11.06579, 75.92105, -10.93421],
					"rotation": [0, 90, 0],
					"cubes": [
						{"origin": [-18, 66, -18], "size": [4, 5, 3], "uv": [0, 0]},
						{"origin": [-18, 66, -18], "size": [3, 7, 3], "uv": [0, 0]},
						{"origin": [-18, 66, -18], "size": [2, 8, 3], "uv": [0, 0]},
						{"origin": [-14, 66, -17], "size": [2, 5, 3], "uv": [0, 0]},
						{"origin": [-15, 71, -17], "size": [2, 2, 3], "uv": [0, 0]},
						{"origin": [-12, 71, -15], "size": [2, 2, 3], "uv": [0, 0]},
						{"origin": [-14, 75, -15], "size": [2, 2, 3], "uv": [0, 0]},
						{"origin": [-15, 77, -15], "size": [2, 2, 3], "uv": [0, 0]},
						{"origin": [-14, 77, -14], "size": [2, 2, 3], "uv": [0, 0]},
						{"origin": [-17, 78, -15], "size": [2, 2, 3], "uv": [0, 0]},
						{"origin": [-17, 79, -14], "size": [2, 2, 3], "uv": [0, 0]},
						{"origin": [-17, 80, -13], "size": [2, 2, 3], "uv": [0, 0]},
						{"origin": [-17, 81, -12], "size": [2, 2, 3], "uv": [0, 0]},
						{"origin": [-17, 82, -10], "size": [2, 2, 3], "uv": [0, 0]},
						{"origin": [-15, 82, -9], "size": [2, 2, 3], "uv": [0, 0]},
						{"origin": [-15, 81, -11], "size": [2, 2, 3], "uv": [0, 0]},
						{"origin": [-13, 80, -11], "size": [2, 2, 3], "uv": [0, 0]},
						{"origin": [-12, 79, -11], "size": [2, 2, 3], "uv": [0, 0]},
						{"origin": [-11, 78, -11], "size": [2, 2, 3], "uv": [0, 0]},
						{"origin": [-10, 75, -11], "size": [2, 3, 3], "uv": [0, 0]},
						{"origin": [-12, 75, -13], "size": [2, 3, 3], "uv": [0, 0]},
						{"origin": [-11, 75, -12], "size": [2, 3, 3], "uv": [0, 0]},
						{"origin": [-12, 77, -12], "size": [2, 3, 3], "uv": [0, 0]},
						{"origin": [-13, 79, -12], "size": [2, 2, 3], "uv": [0, 0]},
						{"origin": [-13, 78, -13], "size": [2, 2, 3], "uv": [0, 0]},
						{"origin": [-13, 75, -14], "size": [2, 3, 3], "uv": [0, 0]},
						{"origin": [-13, 81, -9], "size": [2, 2, 3], "uv": [0, 0]},
						{"origin": [-12, 80, -9], "size": [2, 2, 3], "uv": [0, 0]},
						{"origin": [-11, 79, -9], "size": [2, 2, 3], "uv": [0, 0]},
						{"origin": [-10, 78, -9], "size": [2, 2, 3], "uv": [0, 0]},
						{"origin": [-15, 79, -13], "size": [2, 2, 3], "uv": [0, 0]},
						{"origin": [-15, 80, -12], "size": [2, 2, 3], "uv": [0, 0]},
						{"origin": [-15, 78, -14], "size": [2, 2, 3], "uv": [0, 0]},
						{"origin": [-17, 83, -8], "size": [3, 2, 4], "uv": [0, 0]},
						{"origin": [-14, 82, -7], "size": [2, 2, 3], "uv": [0, 0]},
						{"origin": [-12, 81, -7], "size": [2, 2, 3], "uv": [0, 0]},
						{"origin": [-11, 80, -7], "size": [2, 2, 3], "uv": [0, 0]},
						{"origin": [-10, 79, -7], "size": [2, 2, 3], "uv": [0, 0]},
						{"origin": [-13, 73, -15], "size": [2, 2, 3], "uv": [0, 0]},
						{"origin": [-13, 71, -16], "size": [2, 2, 3], "uv": [0, 0]},
						{"origin": [-14, 73, -16], "size": [2, 2, 3], "uv": [0, 0]},
						{"origin": [-15, 75, -16], "size": [2, 2, 3], "uv": [0, 0]},
						{"origin": [-17, 77, -16], "size": [2, 2, 3], "uv": [0, 0]},
						{"origin": [-16, 76, -16], "size": [2, 2, 3], "uv": [0, 0]},
						{"origin": [-16, 73, -17], "size": [2, 2, 3], "uv": [0, 0]},
						{"origin": [-17, 74, -17], "size": [2, 2, 3], "uv": [0, 0]},
						{"origin": [-18, 75, -17], "size": [2, 2, 3], "uv": [0, 0]},
						{"origin": [-7, 66, -10], "size": [2, 5, 3], "uv": [0, 0]},
						{"origin": [-7, 71, -9], "size": [2, 2, 3], "uv": [0, 0]},
						{"origin": [-8, 71, -11], "size": [2, 2, 3], "uv": [0, 0]},
						{"origin": [-9, 71, -12], "size": [2, 2, 3], "uv": [0, 0]},
						{"origin": [-11, 71, -14], "size": [2, 2, 3], "uv": [0, 0]},
						{"origin": [-11, 73, -13], "size": [2, 2, 3], "uv": [0, 0]},
						{"origin": [-10, 73, -12], "size": [2, 2, 3], "uv": [0, 0]},
						{"origin": [-12, 73, -14], "size": [2, 2, 3], "uv": [0, 0]},
						{"origin": [-10, 71, -13], "size": [2, 2, 3], "uv": [0, 0]},
						{"origin": [-9, 73, -11], "size": [2, 2, 3], "uv": [0, 0]},
						{"origin": [-9, 75, -10], "size": [2, 2, 3], "uv": [0, 0]},
						{"origin": [-10, 77, -10], "size": [2, 2, 3], "uv": [0, 0]},
						{"origin": [-9, 77, -9], "size": [2, 2, 3], "uv": [0, 0]},
						{"origin": [-9, 78, -7], "size": [2, 2, 3], "uv": [0, 0]},
						{"origin": [-8, 73, -10], "size": [2, 2, 3], "uv": [0, 0]},
						{"origin": [-8, 75, -9], "size": [2, 2, 3], "uv": [0, 0]},
						{"origin": [-8, 76, -8], "size": [2, 2, 3], "uv": [0, 0]},
						{"origin": [-8, 77, -7], "size": [2, 2, 3], "uv": [0, 0]},
						{"origin": [-7, 73, -8], "size": [2, 2, 3], "uv": [0, 0]},
						{"origin": [-7, 74, -7], "size": [2, 2, 3], "uv": [0, 0]},
						{"origin": [-7, 75, -6], "size": [2, 2, 3], "uv": [0, 0]},
						{"origin": [-8, 66, -12], "size": [2, 5, 3], "uv": [0, 0]},
						{"origin": [-12, 66, -16], "size": [2, 5, 3], "uv": [0, 0]},
						{"origin": [-11, 66, -15], "size": [2, 5, 3], "uv": [0, 0]},
						{"origin": [-10, 66, -14], "size": [2, 5, 3], "uv": [0, 0]},
						{"origin": [-9, 66, -13], "size": [2, 5, 3], "uv": [0, 0]},
						{"origin": [-6, 66, -8], "size": [2, 5, 5], "uv": [0, 0]},
						{"origin": [-6, 66, -7], "size": [2, 7, 4], "uv": [0, 0]},
						{"origin": [-6, 66, -6], "size": [2, 8, 3], "uv": [0, 0]}
					]
				},
				{
					"name": "mask3",
					"parent": "mask",
					"pivot": [0, 78.52174, 0],
					"rotation": [0, 180, 0],
					"cubes": [
						{"origin": [-5, 85, -5], "size": [10, 2, 10], "uv": [0, 0]},
						{"origin": [-8, 84, -5], "size": [3, 2, 10], "uv": [0, 0]},
						{"origin": [5, 84, -5], "size": [3, 2, 10], "uv": [0, 0]},
						{"origin": [8, 83, -5], "size": [2, 2, 10], "uv": [0, 0]},
						{"origin": [-10, 83, -5], "size": [2, 2, 10], "uv": [0, 0]},
						{"origin": [-12, 82, -5], "size": [2, 2, 10], "uv": [0, 0]},
						{"origin": [-13, 81, -5], "size": [2, 2, 10], "uv": [0, 0]},
						{"origin": [-14, 80, -5], "size": [2, 2, 10], "uv": [0, 0]},
						{"origin": [-15, 79, -5], "size": [2, 2, 10], "uv": [0, 0]},
						{"origin": [10, 82, -5], "size": [2, 2, 10], "uv": [0, 0]},
						{"origin": [11, 81, -5], "size": [2, 2, 10], "uv": [0, 0]},
						{"origin": [12, 80, -5], "size": [2, 2, 10], "uv": [0, 0]},
						{"origin": [13, 79, -5], "size": [2, 2, 10], "uv": [0, 0]},
						{"origin": [14, 78, -5], "size": [2, 2, 10], "uv": [0, 0]},
						{"origin": [-16, 78, -5], "size": [2, 2, 10], "uv": [0, 0]},
						{"origin": [15, 75, -5], "size": [2, 3, 10], "uv": [0, 0]},
						{"origin": [-17, 75, -5], "size": [2, 3, 10], "uv": [0, 0]},
						{"origin": [16, 71, -5], "size": [2, 4, 10], "uv": [0, 0]},
						{"origin": [-18, 71, -5], "size": [2, 4, 10], "uv": [0, 0]},
						{"origin": [17, 66, -5], "size": [2, 4, 10], "uv": [0, 0]},
						{"origin": [17, 66, -4], "size": [2, 5, 8], "uv": [0, 0]},
						{"origin": [-19, 66, -4], "size": [2, 5, 8], "uv": [0, 0]},
						{"origin": [-19, 66, -5], "size": [2, 4, 10], "uv": [0, 0]}
					]
				},
				{
					"name": "mask4",
					"parent": "mask3",
					"pivot": [1, 70, -1],
					"rotation": [0, -90, 0],
					"cubes": [
						{"origin": [-6, 84, -5], "size": [3, 2, 10], "uv": [0, 0]},
						{"origin": [-8, 83, -5], "size": [2, 2, 10], "uv": [0, 0]},
						{"origin": [-10, 82, -5], "size": [2, 2, 10], "uv": [0, 0]},
						{"origin": [-11, 81, -5], "size": [2, 2, 10], "uv": [0, 0]},
						{"origin": [-12, 80, -5], "size": [2, 2, 10], "uv": [0, 0]},
						{"origin": [-12, 80, -5], "size": [2, 2, 10], "uv": [0, 0]},
						{"origin": [-13, 79, -5], "size": [2, 2, 10], "uv": [0, 0]},
						{"origin": [-14, 78, -5], "size": [2, 2, 10], "uv": [0, 0]},
						{"origin": [-15, 75, -5], "size": [2, 3, 10], "uv": [0, 0]},
						{"origin": [-16, 71, -5], "size": [2, 4, 10], "uv": [0, 0]},
						{"origin": [-17, 66, -5], "size": [2, 4, 10], "uv": [0, 0]},
						{"origin": [-17, 66, -4], "size": [2, 5, 8], "uv": [0, 0]}
					]
				},
				{
					"name": "ladlad3",
					"parent": "mask3",
					"pivot": [-1, 70, 2],
					"cubes": [
						{"origin": [4, 66, -18], "size": [4, 5, 2], "uv": [0, 0]},
						{"origin": [4, 66, -18], "size": [3, 7, 2], "uv": [0, 0]},
						{"origin": [4, 66, -18], "size": [2, 8, 2], "uv": [0, 0]},
						{"origin": [8, 66, -17], "size": [2, 5, 2], "uv": [0, 0]},
						{"origin": [7, 71, -17], "size": [2, 2, 2], "uv": [0, 0]},
						{"origin": [10, 71, -15], "size": [2, 2, 2], "uv": [0, 0]},
						{"origin": [8, 75, -15], "size": [2, 2, 2], "uv": [0, 0]},
						{"origin": [7, 77, -15], "size": [2, 2, 2], "uv": [0, 0]},
						{"origin": [8, 77, -14], "size": [2, 2, 2], "uv": [0, 0]},
						{"origin": [5, 78, -15], "size": [2, 2, 2], "uv": [0, 0]},
						{"origin": [5, 79, -14], "size": [2, 2, 2], "uv": [0, 0]},
						{"origin": [5, 80, -13], "size": [2, 2, 2], "uv": [0, 0]},
						{"origin": [5, 81, -12], "size": [2, 2, 2], "uv": [0, 0]},
						{"origin": [5, 82, -10], "size": [2, 2, 2], "uv": [0, 0]},
						{"origin": [7, 82, -9], "size": [2, 2, 2], "uv": [0, 0]},
						{"origin": [7, 81, -11], "size": [2, 2, 2], "uv": [0, 0]},
						{"origin": [9, 80, -11], "size": [2, 2, 2], "uv": [0, 0]},
						{"origin": [10, 79, -11], "size": [2, 2, 2], "uv": [0, 0]},
						{"origin": [11, 78, -11], "size": [2, 2, 2], "uv": [0, 0]},
						{"origin": [12, 75, -11], "size": [2, 3, 2], "uv": [0, 0]},
						{"origin": [10, 75, -13], "size": [2, 3, 2], "uv": [0, 0]},
						{"origin": [11, 75, -12], "size": [2, 3, 2], "uv": [0, 0]},
						{"origin": [10, 77, -12], "size": [2, 3, 2], "uv": [0, 0]},
						{"origin": [9, 79, -12], "size": [2, 2, 2], "uv": [0, 0]},
						{"origin": [9, 78, -13], "size": [2, 2, 2], "uv": [0, 0]},
						{"origin": [9, 75, -14], "size": [2, 3, 2], "uv": [0, 0]},
						{"origin": [9, 81, -9], "size": [2, 2, 2], "uv": [0, 0]},
						{"origin": [10, 80, -9], "size": [2, 2, 2], "uv": [0, 0]},
						{"origin": [11, 79, -9], "size": [2, 2, 2], "uv": [0, 0]},
						{"origin": [12, 78, -9], "size": [2, 2, 2], "uv": [0, 0]},
						{"origin": [7, 79, -13], "size": [2, 2, 2], "uv": [0, 0]},
						{"origin": [7, 80, -12], "size": [2, 2, 2], "uv": [0, 0]},
						{"origin": [7, 78, -14], "size": [2, 2, 2], "uv": [0, 0]},
						{"origin": [5, 83, -8], "size": [3, 2, 3], "uv": [0, 0]},
						{"origin": [8, 82, -7], "size": [2, 2, 2], "uv": [0, 0]},
						{"origin": [10, 81, -7], "size": [2, 2, 2], "uv": [0, 0]},
						{"origin": [11, 80, -7], "size": [2, 2, 2], "uv": [0, 0]},
						{"origin": [12, 79, -7], "size": [2, 2, 2], "uv": [0, 0]},
						{"origin": [9, 73, -15], "size": [2, 2, 2], "uv": [0, 0]},
						{"origin": [9, 71, -16], "size": [2, 2, 2], "uv": [0, 0]},
						{"origin": [8, 73, -16], "size": [2, 2, 2], "uv": [0, 0]},
						{"origin": [7, 75, -16], "size": [2, 2, 2], "uv": [0, 0]},
						{"origin": [5, 77, -16], "size": [2, 2, 2], "uv": [0, 0]},
						{"origin": [6, 76, -16], "size": [2, 2, 2], "uv": [0, 0]},
						{"origin": [6, 73, -17], "size": [2, 2, 2], "uv": [0, 0]},
						{"origin": [5, 74, -17], "size": [2, 2, 2], "uv": [0, 0]},
						{"origin": [4, 75, -17], "size": [2, 2, 2], "uv": [0, 0]},
						{"origin": [15, 66, -10], "size": [2, 5, 2], "uv": [0, 0]},
						{"origin": [15, 71, -9], "size": [2, 2, 2], "uv": [0, 0]},
						{"origin": [14, 71, -11], "size": [2, 2, 2], "uv": [0, 0]},
						{"origin": [13, 71, -12], "size": [2, 2, 2], "uv": [0, 0]},
						{"origin": [11, 71, -14], "size": [2, 2, 2], "uv": [0, 0]},
						{"origin": [11, 73, -13], "size": [2, 2, 2], "uv": [0, 0]},
						{"origin": [12, 73, -12], "size": [2, 2, 2], "uv": [0, 0]},
						{"origin": [10, 73, -14], "size": [2, 2, 2], "uv": [0, 0]},
						{"origin": [12, 71, -13], "size": [2, 2, 2], "uv": [0, 0]},
						{"origin": [13, 73, -11], "size": [2, 2, 2], "uv": [0, 0]},
						{"origin": [13, 75, -10], "size": [2, 2, 2], "uv": [0, 0]},
						{"origin": [12, 77, -10], "size": [2, 2, 2], "uv": [0, 0]},
						{"origin": [13, 77, -9], "size": [2, 2, 2], "uv": [0, 0]},
						{"origin": [13, 78, -7], "size": [2, 2, 2], "uv": [0, 0]},
						{"origin": [14, 73, -10], "size": [2, 2, 2], "uv": [0, 0]},
						{"origin": [14, 75, -9], "size": [2, 2, 2], "uv": [0, 0]},
						{"origin": [14, 76, -8], "size": [2, 2, 2], "uv": [0, 0]},
						{"origin": [14, 77, -7], "size": [2, 2, 2], "uv": [0, 0]},
						{"origin": [15, 73, -8], "size": [2, 2, 2], "uv": [0, 0]},
						{"origin": [15, 74, -7], "size": [2, 2, 2], "uv": [0, 0]},
						{"origin": [15, 75, -6], "size": [2, 2, 2], "uv": [0, 0]},
						{"origin": [14, 66, -12], "size": [2, 5, 2], "uv": [0, 0]},
						{"origin": [10, 66, -16], "size": [2, 5, 2], "uv": [0, 0]},
						{"origin": [11, 66, -15], "size": [2, 5, 2], "uv": [0, 0]},
						{"origin": [12, 66, -14], "size": [2, 5, 2], "uv": [0, 0]},
						{"origin": [13, 66, -13], "size": [2, 5, 2], "uv": [0, 0]},
						{"origin": [16, 66, -8], "size": [2, 5, 4], "uv": [0, 0]},
						{"origin": [16, 66, -7], "size": [2, 7, 3], "uv": [0, 0]},
						{"origin": [16, 66, -6], "size": [2, 8, 2], "uv": [0, 0]}
					]
				},
				{
					"name": "ladlad4",
					"parent": "ladlad3",
					"pivot": [-11.06579, 75.92105, -10.93421],
					"rotation": [0, 90, 0],
					"cubes": [
						{"origin": [-18, 66, -18], "size": [4, 5, 3], "uv": [0, 0]},
						{"origin": [-18, 66, -18], "size": [3, 7, 3], "uv": [0, 0]},
						{"origin": [-18, 66, -18], "size": [2, 8, 3], "uv": [0, 0]},
						{"origin": [-14, 66, -17], "size": [2, 5, 3], "uv": [0, 0]},
						{"origin": [-15, 71, -17], "size": [2, 2, 3], "uv": [0, 0]},
						{"origin": [-12, 71, -15], "size": [2, 2, 3], "uv": [0, 0]},
						{"origin": [-14, 75, -15], "size": [2, 2, 3], "uv": [0, 0]},
						{"origin": [-15, 77, -15], "size": [2, 2, 3], "uv": [0, 0]},
						{"origin": [-14, 77, -14], "size": [2, 2, 3], "uv": [0, 0]},
						{"origin": [-17, 78, -15], "size": [2, 2, 3], "uv": [0, 0]},
						{"origin": [-17, 79, -14], "size": [2, 2, 3], "uv": [0, 0]},
						{"origin": [-17, 80, -13], "size": [2, 2, 3], "uv": [0, 0]},
						{"origin": [-17, 81, -12], "size": [2, 2, 3], "uv": [0, 0]},
						{"origin": [-17, 82, -10], "size": [2, 2, 3], "uv": [0, 0]},
						{"origin": [-15, 82, -9], "size": [2, 2, 3], "uv": [0, 0]},
						{"origin": [-15, 81, -11], "size": [2, 2, 3], "uv": [0, 0]},
						{"origin": [-13, 80, -11], "size": [2, 2, 3], "uv": [0, 0]},
						{"origin": [-12, 79, -11], "size": [2, 2, 3], "uv": [0, 0]},
						{"origin": [-11, 78, -11], "size": [2, 2, 3], "uv": [0, 0]},
						{"origin": [-10, 75, -11], "size": [2, 3, 3], "uv": [0, 0]},
						{"origin": [-12, 75, -13], "size": [2, 3, 3], "uv": [0, 0]},
						{"origin": [-11, 75, -12], "size": [2, 3, 3], "uv": [0, 0]},
						{"origin": [-12, 77, -12], "size": [2, 3, 3], "uv": [0, 0]},
						{"origin": [-13, 79, -12], "size": [2, 2, 3], "uv": [0, 0]},
						{"origin": [-13, 78, -13], "size": [2, 2, 3], "uv": [0, 0]},
						{"origin": [-13, 75, -14], "size": [2, 3, 3], "uv": [0, 0]},
						{"origin": [-13, 81, -9], "size": [2, 2, 3], "uv": [0, 0]},
						{"origin": [-12, 80, -9], "size": [2, 2, 3], "uv": [0, 0]},
						{"origin": [-11, 79, -9], "size": [2, 2, 3], "uv": [0, 0]},
						{"origin": [-10, 78, -9], "size": [2, 2, 3], "uv": [0, 0]},
						{"origin": [-15, 79, -13], "size": [2, 2, 3], "uv": [0, 0]},
						{"origin": [-15, 80, -12], "size": [2, 2, 3], "uv": [0, 0]},
						{"origin": [-15, 78, -14], "size": [2, 2, 3], "uv": [0, 0]},
						{"origin": [-17, 83, -8], "size": [3, 2, 4], "uv": [0, 0]},
						{"origin": [-14, 82, -7], "size": [2, 2, 3], "uv": [0, 0]},
						{"origin": [-12, 81, -7], "size": [2, 2, 3], "uv": [0, 0]},
						{"origin": [-11, 80, -7], "size": [2, 2, 3], "uv": [0, 0]},
						{"origin": [-10, 79, -7], "size": [2, 2, 3], "uv": [0, 0]},
						{"origin": [-13, 73, -15], "size": [2, 2, 3], "uv": [0, 0]},
						{"origin": [-13, 71, -16], "size": [2, 2, 3], "uv": [0, 0]},
						{"origin": [-14, 73, -16], "size": [2, 2, 3], "uv": [0, 0]},
						{"origin": [-15, 75, -16], "size": [2, 2, 3], "uv": [0, 0]},
						{"origin": [-17, 77, -16], "size": [2, 2, 3], "uv": [0, 0]},
						{"origin": [-16, 76, -16], "size": [2, 2, 3], "uv": [0, 0]},
						{"origin": [-16, 73, -17], "size": [2, 2, 3], "uv": [0, 0]},
						{"origin": [-17, 74, -17], "size": [2, 2, 3], "uv": [0, 0]},
						{"origin": [-18, 75, -17], "size": [2, 2, 3], "uv": [0, 0]},
						{"origin": [-7, 66, -10], "size": [2, 5, 3], "uv": [0, 0]},
						{"origin": [-7, 71, -9], "size": [2, 2, 3], "uv": [0, 0]},
						{"origin": [-8, 71, -11], "size": [2, 2, 3], "uv": [0, 0]},
						{"origin": [-9, 71, -12], "size": [2, 2, 3], "uv": [0, 0]},
						{"origin": [-11, 71, -14], "size": [2, 2, 3], "uv": [0, 0]},
						{"origin": [-11, 73, -13], "size": [2, 2, 3], "uv": [0, 0]},
						{"origin": [-10, 73, -12], "size": [2, 2, 3], "uv": [0, 0]},
						{"origin": [-12, 73, -14], "size": [2, 2, 3], "uv": [0, 0]},
						{"origin": [-10, 71, -13], "size": [2, 2, 3], "uv": [0, 0]},
						{"origin": [-9, 73, -11], "size": [2, 2, 3], "uv": [0, 0]},
						{"origin": [-9, 75, -10], "size": [2, 2, 3], "uv": [0, 0]},
						{"origin": [-10, 77, -10], "size": [2, 2, 3], "uv": [0, 0]},
						{"origin": [-9, 77, -9], "size": [2, 2, 3], "uv": [0, 0]},
						{"origin": [-9, 78, -7], "size": [2, 2, 3], "uv": [0, 0]},
						{"origin": [-8, 73, -10], "size": [2, 2, 3], "uv": [0, 0]},
						{"origin": [-8, 75, -9], "size": [2, 2, 3], "uv": [0, 0]},
						{"origin": [-8, 76, -8], "size": [2, 2, 3], "uv": [0, 0]},
						{"origin": [-8, 77, -7], "size": [2, 2, 3], "uv": [0, 0]},
						{"origin": [-7, 73, -8], "size": [2, 2, 3], "uv": [0, 0]},
						{"origin": [-7, 74, -7], "size": [2, 2, 3], "uv": [0, 0]},
						{"origin": [-7, 75, -6], "size": [2, 2, 3], "uv": [0, 0]},
						{"origin": [-8, 66, -12], "size": [2, 5, 3], "uv": [0, 0]},
						{"origin": [-12, 66, -16], "size": [2, 5, 3], "uv": [0, 0]},
						{"origin": [-11, 66, -15], "size": [2, 5, 3], "uv": [0, 0]},
						{"origin": [-10, 66, -14], "size": [2, 5, 3], "uv": [0, 0]},
						{"origin": [-9, 66, -13], "size": [2, 5, 3], "uv": [0, 0]},
						{"origin": [-6, 66, -8], "size": [2, 5, 5], "uv": [0, 0]},
						{"origin": [-6, 66, -7], "size": [2, 7, 4], "uv": [0, 0]},
						{"origin": [-6, 66, -6], "size": [2, 8, 3], "uv": [0, 0]}
					]
				},
				{
					"name": "eye",
					"parent": "ad",
					"pivot": [-1, 76, -18],
					"rotation": [-20, 0, 0]
				},
				{
					"name": "bool",
					"parent": "eye",
					"pivot": [-1, 78, 1],
					"cubes": [
						{"origin": [-2, 81, -19], "size": [4, 1, 3], "uv": [0, 0]},
						{"origin": [-2, 71, -19], "size": [4, 1, 3], "uv": [0, 0]},
						{"origin": [2, 72, -19], "size": [2, 1, 3], "uv": [0, 0]},
						{"origin": [4, 73, -19], "size": [1, 7, 3], "uv": [0, 0]},
						{"origin": [-5, 73, -19], "size": [1, 7, 3], "uv": [0, 0]},
						{"origin": [-4, 73, -18], "size": [8, 7, 2], "uv": [45, 107]},
						{"origin": [-2, 72, -18], "size": [4, 9, 2], "uv": [45, 107]},
						{"origin": [2, 80, -19], "size": [2, 1, 3], "uv": [0, 0]},
						{"origin": [-4, 80, -19], "size": [2, 1, 3], "uv": [0, 0]},
						{"origin": [-4, 72, -19], "size": [2, 1, 3], "uv": [0, 0]}
					]
				},
				{
					"name": "black",
					"parent": "eye",
					"pivot": [0, 76.5, -17.5],
					"cubes": [
						{"origin": [-1, 74, -19], "size": [2, 5, 3], "uv": [49, 212]},
						{"origin": [-2, 75, -19], "size": [4, 3, 3], "uv": [49, 212]},
						{"origin": [-4, 77, -19], "size": [4, 3, 3], "pivot": [0, 78.5, -18], "rotation": [0, 0, -90], "uv": [49, 212]},
						{"origin": [-3, 76, -19], "size": [2, 5, 3], "pivot": [0, 78.5, -18], "rotation": [0, 0, -90], "uv": [49, 212]}
					]
				},
				{
					"name": "tentaculos",
					"parent": "part1",
					"pivot": [-1, 65, 0]
				},
				{
					"name": "cm",
					"parent": "tentaculos",
					"pivot": [11.375, 65.4375, -11.625],
					"cubes": [
						{"origin": [5, 60, -17], "size": [3, 9, 2], "uv": [0, 0]},
						{"origin": [6, 57, -16], "size": [2, 5, 2], "uv": [0, 0]},
						{"origin": [6, 57, -16], "size": [2, 5, 2], "uv": [0, 0]},
						{"origin": [8, 55, -15], "size": [2, 7, 2], "uv": [0, 0]},
						{"origin": [10, 54, -14], "size": [2, 9, 2], "uv": [0, 0]},
						{"origin": [11, 54, -13], "size": [2, 10, 2], "uv": [0, 0]},
						{"origin": [13, 55, -10], "size": [2, 9, 2], "uv": [0, 0]},
						{"origin": [12, 54, -12], "size": [2, 10, 2], "uv": [0, 0]},
						{"origin": [14, 56, -8], "size": [2, 6, 2], "uv": [0, 0]},
						{"origin": [8, 61, -16], "size": [2, 8, 2], "uv": [0, 0]},
						{"origin": [10, 62, -15], "size": [2, 7, 2], "uv": [0, 0]},
						{"origin": [11, 63, -14], "size": [2, 6, 2], "uv": [0, 0]},
						{"origin": [12, 63, -13], "size": [2, 6, 2], "uv": [0, 0]},
						{"origin": [12, 65, -13], "size": [2, 2, 2], "uv": [0, 0]},
						{"origin": [12, 65, -13], "size": [2, 2, 2], "uv": [0, 0]},
						{"origin": [13, 62, -12], "size": [2, 7, 2], "uv": [0, 0]},
						{"origin": [14, 61, -10], "size": [2, 8, 2], "uv": [0, 0]},
						{"origin": [15, 60, -8], "size": [2, 9, 3], "uv": [0, 0]},
						{"origin": [16, 65, -5], "size": [2, 4, 4], "uv": [0, 0]},
						{"origin": [16, 64, -5], "size": [2, 3, 2], "uv": [0, 0]},
						{"origin": [16, 62, -5], "size": [2, 5, 1], "uv": [0, 0]},
						{"origin": [1, 65, -18], "size": [4, 4, 2], "uv": [0, 0]},
						{"origin": [3, 64, -18], "size": [2, 3, 2], "uv": [0, 0]},
						{"origin": [4, 62, -18], "size": [1, 5, 2], "uv": [0, 0]}
					]
				},
				{
					"name": "long",
					"parent": "cm",
					"pivot": [11, 58, -11],
					"cubes": [
						{"origin": [10, 49, -13], "size": [2, 10, 4], "uv": [0, 0]},
						{"origin": [9, 49, -12], "size": [4, 10, 2], "uv": [0, 0]}
					]
				},
				{
					"name": "long2",
					"parent": "long",
					"pivot": [11, 49, -11],
					"cubes": [
						{"origin": [10, 40, -13], "size": [2, 10, 4], "uv": [0, 0]},
						{"origin": [9, 40, -12], "size": [4, 10, 2], "uv": [0, 0]}
					]
				},
				{
					"name": "long3",
					"parent": "long2",
					"pivot": [11, 40, -11],
					"cubes": [
						{"origin": [10, 31, -13], "size": [2, 10, 4], "uv": [0, 0]},
						{"origin": [9, 31, -12], "size": [4, 10, 2], "uv": [0, 0]}
					]
				},
				{
					"name": "long4",
					"parent": "long3",
					"pivot": [11, 31, -11],
					"cubes": [
						{"origin": [10, 22, -12], "size": [2, 10, 2], "uv": [0, 0]}
					]
				},
				{
					"name": "long5",
					"parent": "long4",
					"pivot": [11, 22, -11],
					"cubes": [
						{"origin": [10, 13, -12], "size": [2, 10, 2], "uv": [0, 0]}
					]
				},
				{
					"name": "long6",
					"parent": "long5",
					"pivot": [11, 13, -11],
					"rotation": [0, 90, 0],
					"cubes": [
						{"origin": [10, 6, -14], "size": [2, 7, 6], "uv": [0, 0]},
						{"origin": [9, 6, -13], "size": [4, 7, 4], "uv": [0, 0]},
						{"origin": [10, 2, -12], "size": [2, 9, 2], "uv": [0, 0]},
						{"origin": [9, 8, -14], "size": [4, 4, 6], "uv": [0, 0]},
						{"origin": [10, 4, -13], "size": [2, 10, 4], "uv": [0, 0]},
						{"origin": [9, 4, -12], "size": [4, 10, 2], "uv": [0, 0]}
					]
				},
				{
					"name": "cm2",
					"parent": "tentaculos",
					"pivot": [-11.625, 65.4375, -11.625],
					"rotation": [0, 90, 0],
					"cubes": [
						{"origin": [-18, 60, -17], "size": [3, 9, 2], "uv": [0, 0]},
						{"origin": [-17, 57, -16], "size": [2, 5, 2], "uv": [0, 0]},
						{"origin": [-17, 57, -16], "size": [2, 5, 2], "uv": [0, 0]},
						{"origin": [-15, 55, -15], "size": [2, 7, 2], "uv": [0, 0]},
						{"origin": [-13, 54, -14], "size": [2, 9, 2], "uv": [0, 0]},
						{"origin": [-12, 54, -13], "size": [2, 10, 2], "uv": [0, 0]},
						{"origin": [-10, 55, -10], "size": [2, 9, 2], "uv": [0, 0]},
						{"origin": [-11, 54, -12], "size": [2, 10, 2], "uv": [0, 0]},
						{"origin": [-9, 56, -8], "size": [2, 6, 2], "uv": [0, 0]},
						{"origin": [-15, 61, -16], "size": [2, 8, 2], "uv": [0, 0]},
						{"origin": [-13, 62, -15], "size": [2, 7, 2], "uv": [0, 0]},
						{"origin": [-12, 63, -14], "size": [2, 6, 2], "uv": [0, 0]},
						{"origin": [-11, 63, -13], "size": [2, 6, 2], "uv": [0, 0]},
						{"origin": [-11, 65, -13], "size": [2, 2, 2], "uv": [0, 0]},
						{"origin": [-11, 65, -13], "size": [2, 2, 2], "uv": [0, 0]},
						{"origin": [-10, 62, -12], "size": [2, 7, 2], "uv": [0, 0]},
						{"origin": [-9, 61, -10], "size": [2, 8, 2], "uv": [0, 0]},
						{"origin": [-8, 60, -8], "size": [2, 9, 3], "uv": [0, 0]},
						{"origin": [-7, 65, -5], "size": [2, 4, 4], "uv": [0, 0]},
						{"origin": [-7, 64, -5], "size": [2, 3, 2], "uv": [0, 0]},
						{"origin": [-7, 62, -5], "size": [2, 5, 1], "uv": [0, 0]},
						{"origin": [-22, 65, -18], "size": [4, 4, 2], "uv": [0, 0]},
						{"origin": [-20, 64, -18], "size": [2, 3, 2], "uv": [0, 0]},
						{"origin": [-19, 62, -18], "size": [1, 5, 2], "uv": [0, 0]}
					]
				},
				{
					"name": "long7",
					"parent": "cm2",
					"pivot": [-12, 58, -11],
					"cubes": [
						{"origin": [-13, 49, -13], "size": [2, 10, 4], "uv": [0, 0]},
						{"origin": [-14, 49, -12], "size": [4, 10, 2], "uv": [0, 0]}
					]
				},
				{
					"name": "long8",
					"parent": "long7",
					"pivot": [-12, 49, -11],
					"cubes": [
						{"origin": [-13, 40, -13], "size": [2, 10, 4], "uv": [0, 0]},
						{"origin": [-14, 40, -12], "size": [4, 10, 2], "uv": [0, 0]}
					]
				},
				{
					"name": "long9",
					"parent": "long8",
					"pivot": [-12, 40, -11],
					"cubes": [
						{"origin": [-13, 31, -13], "size": [2, 10, 4], "uv": [0, 0]},
						{"origin": [-14, 31, -12], "size": [4, 10, 2], "uv": [0, 0]}
					]
				},
				{
					"name": "long10",
					"parent": "long9",
					"pivot": [-12, 31, -11],
					"cubes": [
						{"origin": [-13, 22, -12], "size": [2, 10, 2], "uv": [0, 0]}
					]
				},
				{
					"name": "long11",
					"parent": "long10",
					"pivot": [-12, 22, -11],
					"cubes": [
						{"origin": [-13, 13, -12], "size": [2, 10, 2], "uv": [0, 0]}
					]
				},
				{
					"name": "long12",
					"parent": "long11",
					"pivot": [-12, 13, -11],
					"rotation": [0, 90, 0],
					"cubes": [
						{"origin": [-13, 6, -14], "size": [2, 7, 6], "uv": [0, 0]},
						{"origin": [-14, 6, -13], "size": [4, 7, 4], "uv": [0, 0]},
						{"origin": [-13, 2, -12], "size": [2, 9, 2], "uv": [0, 0]},
						{"origin": [-14, 8, -14], "size": [4, 4, 6], "uv": [0, 0]},
						{"origin": [-13, 4, -13], "size": [2, 10, 4], "uv": [0, 0]},
						{"origin": [-14, 4, -12], "size": [4, 10, 2], "uv": [0, 0]}
					]
				},
				{
					"name": "tentaculos2",
					"parent": "tentaculos",
					"pivot": [1, 63, 0],
					"rotation": [0, 180, 0]
				},
				{
					"name": "cm3",
					"parent": "tentaculos2",
					"pivot": [13.375, 65.4375, -11.625],
					"cubes": [
						{"origin": [7, 60, -17], "size": [3, 10, 2], "uv": [0, 0]},
						{"origin": [8, 57, -16], "size": [2, 5, 2], "uv": [0, 0]},
						{"origin": [8, 57, -16], "size": [2, 5, 2], "uv": [0, 0]},
						{"origin": [10, 55, -15], "size": [2, 7, 2], "uv": [0, 0]},
						{"origin": [12, 54, -14], "size": [2, 9, 2], "uv": [0, 0]},
						{"origin": [13, 54, -13], "size": [2, 10, 2], "uv": [0, 0]},
						{"origin": [15, 55, -10], "size": [2, 9, 2], "uv": [0, 0]},
						{"origin": [14, 54, -12], "size": [2, 10, 2], "uv": [0, 0]},
						{"origin": [16, 56, -8], "size": [2, 6, 2], "uv": [0, 0]},
						{"origin": [10, 61, -16], "size": [2, 9, 2], "uv": [0, 0]},
						{"origin": [12, 62, -15], "size": [2, 8, 2], "uv": [0, 0]},
						{"origin": [13, 63, -14], "size": [2, 7, 2], "uv": [0, 0]},
						{"origin": [14, 63, -13], "size": [2, 7, 2], "uv": [0, 0]},
						{"origin": [14, 65, -13], "size": [2, 2, 2], "uv": [0, 0]},
						{"origin": [14, 65, -13], "size": [2, 2, 2], "uv": [0, 0]},
						{"origin": [15, 62, -12], "size": [2, 8, 2], "uv": [0, 0]},
						{"origin": [16, 61, -10], "size": [2, 9, 2], "uv": [0, 0]},
						{"origin": [17, 60, -8], "size": [2, 9, 3], "uv": [0, 0]},
						{"origin": [18, 65, -5], "size": [2, 4, 4], "uv": [0, 0]},
						{"origin": [18, 64, -5], "size": [2, 3, 2], "uv": [0, 0]},
						{"origin": [18, 62, -5], "size": [2, 5, 1], "uv": [0, 0]},
						{"origin": [3, 65, -18], "size": [4, 5, 2], "uv": [0, 0]},
						{"origin": [5, 64, -18], "size": [2, 3, 2], "uv": [0, 0]},
						{"origin": [6, 62, -18], "size": [1, 5, 2], "uv": [0, 0]}
					]
				},
				{
					"name": "long13",
					"parent": "cm3",
					"pivot": [13, 58, -11],
					"cubes": [
						{"origin": [12, 49, -13], "size": [2, 10, 4], "uv": [0, 0]},
						{"origin": [11, 49, -12], "size": [4, 10, 2], "uv": [0, 0]}
					]
				},
				{
					"name": "long14",
					"parent": "long13",
					"pivot": [13, 49, -11],
					"cubes": [
						{"origin": [12, 40, -13], "size": [2, 10, 4], "uv": [0, 0]},
						{"origin": [11, 40, -12], "size": [4, 10, 2], "uv": [0, 0]}
					]
				},
				{
					"name": "long15",
					"parent": "long14",
					"pivot": [13, 40, -11],
					"cubes": [
						{"origin": [12, 31, -13], "size": [2, 10, 4], "uv": [0, 0]},
						{"origin": [11, 31, -12], "size": [4, 10, 2], "uv": [0, 0]}
					]
				},
				{
					"name": "long16",
					"parent": "long15",
					"pivot": [13, 31, -11],
					"cubes": [
						{"origin": [12, 22, -12], "size": [2, 10, 2], "uv": [0, 0]}
					]
				},
				{
					"name": "long17",
					"parent": "long16",
					"pivot": [13, 22, -11],
					"cubes": [
						{"origin": [12, 13, -12], "size": [2, 10, 2], "uv": [0, 0]}
					]
				},
				{
					"name": "long18",
					"parent": "long17",
					"pivot": [13, 13, -11],
					"rotation": [0, 90, 0],
					"cubes": [
						{"origin": [12, 6, -14], "size": [2, 7, 6], "uv": [0, 0]},
						{"origin": [11, 6, -13], "size": [4, 7, 4], "uv": [0, 0]},
						{"origin": [12, 2, -12], "size": [2, 9, 2], "uv": [0, 0]},
						{"origin": [11, 8, -14], "size": [4, 4, 6], "uv": [0, 0]},
						{"origin": [12, 4, -13], "size": [2, 10, 4], "uv": [0, 0]},
						{"origin": [11, 4, -12], "size": [4, 10, 2], "uv": [0, 0]}
					]
				},
				{
					"name": "cm4",
					"parent": "tentaculos2",
					"pivot": [-9.625, 65.4375, -11.625],
					"rotation": [0, 90, 0],
					"cubes": [
						{"origin": [-16, 60, -17], "size": [3, 9, 2], "uv": [0, 0]},
						{"origin": [-15, 57, -16], "size": [2, 5, 2], "uv": [0, 0]},
						{"origin": [-15, 57, -16], "size": [2, 5, 2], "uv": [0, 0]},
						{"origin": [-13, 55, -15], "size": [2, 7, 2], "uv": [0, 0]},
						{"origin": [-11, 54, -14], "size": [2, 9, 2], "uv": [0, 0]},
						{"origin": [-10, 54, -13], "size": [2, 10, 2], "uv": [0, 0]},
						{"origin": [-8, 55, -10], "size": [2, 9, 2], "uv": [0, 0]},
						{"origin": [-9, 54, -12], "size": [2, 10, 2], "uv": [0, 0]},
						{"origin": [-7, 56, -8], "size": [2, 6, 2], "uv": [0, 0]},
						{"origin": [-13, 61, -16], "size": [2, 9, 2], "uv": [0, 0]},
						{"origin": [-11, 62, -15], "size": [2, 8, 2], "uv": [0, 0]},
						{"origin": [-10, 63, -14], "size": [2, 7, 2], "uv": [0, 0]},
						{"origin": [-9, 63, -13], "size": [2, 7, 2], "uv": [0, 0]},
						{"origin": [-9, 65, -13], "size": [2, 2, 2], "uv": [0, 0]},
						{"origin": [-9, 65, -13], "size": [2, 2, 2], "uv": [0, 0]},
						{"origin": [-8, 62, -12], "size": [2, 8, 2], "uv": [0, 0]},
						{"origin": [-7, 61, -10], "size": [2, 9, 2], "uv": [0, 0]},
						{"origin": [-6, 60, -8], "size": [2, 10, 3], "uv": [0, 0]},
						{"origin": [-5, 65, -5], "size": [2, 5, 4], "uv": [0, 0]},
						{"origin": [-5, 64, -5], "size": [2, 3, 2], "uv": [0, 0]},
						{"origin": [-5, 62, -5], "size": [2, 5, 1], "uv": [0, 0]},
						{"origin": [-20, 65, -18], "size": [4, 4, 2], "uv": [0, 0]},
						{"origin": [-18, 64, -18], "size": [2, 3, 2], "uv": [0, 0]},
						{"origin": [-17, 62, -18], "size": [1, 5, 2], "uv": [0, 0]}
					]
				},
				{
					"name": "long19",
					"parent": "cm4",
					"pivot": [-10, 58, -11],
					"cubes": [
						{"origin": [-11, 49, -13], "size": [2, 10, 4], "uv": [0, 0]},
						{"origin": [-12, 49, -12], "size": [4, 10, 2], "uv": [0, 0]}
					]
				},
				{
					"name": "long20",
					"parent": "long19",
					"pivot": [-10, 49, -11],
					"cubes": [
						{"origin": [-11, 40, -13], "size": [2, 10, 4], "uv": [0, 0]},
						{"origin": [-12, 40, -12], "size": [4, 10, 2], "uv": [0, 0]}
					]
				},
				{
					"name": "long21",
					"parent": "long20",
					"pivot": [-10, 40, -11],
					"cubes": [
						{"origin": [-11, 31, -13], "size": [2, 10, 4], "uv": [0, 0]},
						{"origin": [-12, 31, -12], "size": [4, 10, 2], "uv": [0, 0]}
					]
				},
				{
					"name": "long22",
					"parent": "long21",
					"pivot": [-10, 31, -11],
					"cubes": [
						{"origin": [-11, 22, -12], "size": [2, 10, 2], "uv": [0, 0]}
					]
				},
				{
					"name": "long23",
					"parent": "long22",
					"pivot": [-10, 22, -11],
					"cubes": [
						{"origin": [-11, 13, -12], "size": [2, 10, 2], "uv": [0, 0]}
					]
				},
				{
					"name": "long24",
					"parent": "long23",
					"pivot": [-10, 13, -11],
					"rotation": [0, 90, 0],
					"cubes": [
						{"origin": [-11, 6, -14], "size": [2, 7, 6], "uv": [0, 0]},
						{"origin": [-12, 6, -13], "size": [4, 7, 4], "uv": [0, 0]},
						{"origin": [-11, 2, -12], "size": [2, 9, 2], "uv": [0, 0]},
						{"origin": [-12, 8, -14], "size": [4, 4, 6], "uv": [0, 0]},
						{"origin": [-11, 4, -13], "size": [2, 10, 4], "uv": [0, 0]},
						{"origin": [-12, 4, -12], "size": [4, 10, 2], "uv": [0, 0]}
					]
				},
				{
					"name": "long25",
					"parent": "tentaculos",
					"pivot": [5, 66, 0],
					"cubes": [
						{"origin": [4, 49, -2], "size": [2, 24, 4], "uv": [0, 0]},
						{"origin": [3, 49, -1], "size": [4, 20, 2], "uv": [0, 0]}
					]
				},
				{
					"name": "long26",
					"parent": "long25",
					"pivot": [5, 49, 0],
					"cubes": [
						{"origin": [4, 40, -2], "size": [2, 10, 4], "uv": [0, 0]},
						{"origin": [3, 40, -1], "size": [4, 10, 2], "uv": [0, 0]}
					]
				},
				{
					"name": "long27",
					"parent": "long26",
					"pivot": [5, 40, 0],
					"cubes": [
						{"origin": [4, 31, -2], "size": [2, 10, 4], "uv": [0, 0]},
						{"origin": [3, 31, -1], "size": [4, 10, 2], "uv": [0, 0]}
					]
				},
				{
					"name": "long28",
					"parent": "long27",
					"pivot": [5, 31, 0],
					"cubes": [
						{"origin": [4, 22, -1], "size": [2, 10, 2], "uv": [0, 0]}
					]
				},
				{
					"name": "long29",
					"parent": "long28",
					"pivot": [5, 22, 0],
					"cubes": [
						{"origin": [4, 13, -1], "size": [2, 10, 2], "uv": [0, 0]}
					]
				},
				{
					"name": "long30",
					"parent": "long29",
					"pivot": [5, 13, 0],
					"rotation": [0, 90, 0],
					"cubes": [
						{"origin": [4, 6, -3], "size": [2, 7, 6], "uv": [0, 0]},
						{"origin": [3, 6, -2], "size": [4, 7, 4], "uv": [0, 0]},
						{"origin": [4, 2, -1], "size": [2, 9, 2], "uv": [0, 0]},
						{"origin": [3, 8, -3], "size": [4, 4, 6], "uv": [0, 0]},
						{"origin": [4, 4, -2], "size": [2, 10, 4], "uv": [0, 0]},
						{"origin": [3, 4, -1], "size": [4, 10, 2], "uv": [0, 0]}
					]
				},
				{
					"name": "long31",
					"parent": "tentaculos",
					"pivot": [-5, 66, 0],
					"cubes": [
						{"origin": [-6, 49, -2], "size": [2, 24, 4], "uv": [0, 0]},
						{"origin": [-7, 49, -1], "size": [4, 20, 2], "uv": [0, 0]}
					]
				},
				{
					"name": "long32",
					"parent": "long31",
					"pivot": [-5, 49, 0],
					"cubes": [
						{"origin": [-6, 40, -2], "size": [2, 10, 4], "uv": [0, 0]},
						{"origin": [-7, 40, -1], "size": [4, 10, 2], "uv": [0, 0]}
					]
				},
				{
					"name": "long33",
					"parent": "long32",
					"pivot": [-5, 40, 0],
					"cubes": [
						{"origin": [-6, 31, -2], "size": [2, 10, 4], "uv": [0, 0]},
						{"origin": [-7, 31, -1], "size": [4, 10, 2], "uv": [0, 0]}
					]
				},
				{
					"name": "long34",
					"parent": "long33",
					"pivot": [-5, 31, 0],
					"cubes": [
						{"origin": [-6, 22, -1], "size": [2, 10, 2], "uv": [0, 0]}
					]
				},
				{
					"name": "long35",
					"parent": "long34",
					"pivot": [-5, 22, 0],
					"cubes": [
						{"origin": [-6, 13, -1], "size": [2, 10, 2], "uv": [0, 0]}
					]
				},
				{
					"name": "long36",
					"parent": "long35",
					"pivot": [-5, 13, 0],
					"rotation": [0, 90, 0],
					"cubes": [
						{"origin": [-6, 6, -3], "size": [2, 7, 6], "uv": [0, 0]},
						{"origin": [-7, 6, -2], "size": [4, 7, 4], "uv": [0, 0]},
						{"origin": [-6, 2, -1], "size": [2, 9, 2], "uv": [0, 0]},
						{"origin": [-7, 8, -3], "size": [4, 4, 6], "uv": [0, 0]},
						{"origin": [-6, 4, -2], "size": [2, 10, 4], "uv": [0, 0]},
						{"origin": [-7, 4, -1], "size": [4, 10, 2], "uv": [0, 0]}
					]
				}
			]
		}
	]
}