{
	"format_version" : "1.10.0",
	"animation_controllers" : {
	"controller.animation.main": {
	  "initial_state": "box",
	  "states": {
		"box": {
		  "animations": [
			"stand"
		  ],
		  "blend_transition": 0.15,
		  "blend_via_shortest_path": true,
		  "transitions": [
			{
			  "walking": "query.is_moving && query.is_on_ground"
			},
			{
			  "attacking": "variable.attack_time > 0.0"
			},
			{
			  "jumping": "!query.is_on_ground && !query.is_in_water"
			},
			{
				"sitting": "query.is_sitting || query.is_riding"
								}
		  ]
		},
		"walking": {
		  "animations": [
			"walk"
		  ],
		  "blend_transition": 0.15,
		  "blend_via_shortest_path": true,
		  "transitions": [
			{
			  "box": "!(query.is_moving) && query.is_on_ground && query.ground_speed <= 0.2 || query.is_in_water"
			},
			{
			  "attacking": "variable.attack_time > 0.0"
			},
			{
			  "jumping": "!query.is_on_ground && !query.is_in_water"
			},
			{
				"sitting": "query.is_sitting || query.is_riding"
								}
		  ]
		},
		"sitting": {
		  "animations": [
			"sit"
		  ],
		  "blend_transition": 0.15,
		  "blend_via_shortest_path": true,
		  "transitions": [
			{
			  "box": "!query.is_sitting && !query.is_riding"
			},
			{
			  "jumping": "!query.is_on_ground && !query.is_in_water"
			}
		  ]
		},
		"jumping": {
		  "animations": [
			"jump"
		  ],
		  "blend_transition": 0.1,
		  "blend_via_shortest_path": true,
		  "transitions": [
			{
			  "box": "query.is_on_ground || query.is_in_water"
			}
		  ]
		},
		"attacking": {
		  "animations": [
			"attack"
		  ],
		  "blend_transition": 0.15,
		  "blend_via_shortest_path": true,
		  "transitions": [
			{
			  "box": "query.all_animations_finished"
			}
		  ]
		}
	  }
	}
  }
}