{
  "format_version": "1.12.0",
  "minecraft:geometry": [
    {
      "description": {
        "identifier": "geometry.bd_banban",
        "texture_width": 64,
        "texture_height": 64,
        "visible_bounds_width": 3,
        "visible_bounds_height": 4,
        "visible_bounds_offset": [
          0,
          1,
          0
        ]
      },
      "bones": [
        {
          "name": "root",
          "pivot": [
            0,
            0,
            0
          ]
        },
        {
          "name": "waist",
          "parent": "root",
          "pivot": [
            0,
            0,
            0
          ]
        },
        {
          "name": "body",
          "parent": "waist",
          "pivot": [
            0,
            10,
            0
          ],
          "cubes": [
            {
              "origin": [
                -4,
                10,
                -3
              ],
              "size": [
                8,
                16,
                6
              ],
              "uv": [
                0,
                0
              ]
            }
          ]
        },
        {
          "name": "head",
          "parent": "body",
          "pivot": [
            0,
            26,
            0
          ],
          "rotation": [
            0,
            7.5,
            0
          ],
          "cubes": [
            {
              "origin": [
                -4,
                26,
                -3
              ],
              "size": [
                8,
                8,
                6
              ],
              "uv": [
                0,
                22
              ]
            },
            {
              "origin": [
                -2,
                24,
                -4
              ],
              "size": [
                2,
                4,
                1
              ],
              "pivot": [
                -1,
                28,
                -3
              ],
              "rotation": [
                -7.5,
                0,
                12.5
              ],
              "uv": [
                0,
                0
              ]
            },
            {
              "origin": [
                -4,
                34,
                -1
              ],
              "size": [
                3,
                4,
                3
              ],
              "uv": [
                0,
                43
              ]
            },
            {
              "origin": [
                1,
                34,
                -1
              ],
              "size": [
                3,
                4,
                3
              ],
              "uv": [
                0,
                43
              ]
            },
            {
              "origin": [
                2,
                38,
                0
              ],
              "size": [
                1,
                1,
                1
              ],
              "uv": [
                22,
                0
              ]
            },
            {
              "origin": [
                -3,
                38,
                0
              ],
              "size": [
                1,
                1,
                1
              ],
              "uv": [
                0,
                22
              ]
            }
          ]
        },
        {
          "name": "rightArm",
          "parent": "body",
          "pivot": [
            -3.5,
            25.5,
            0.5
          ],
          "rotation": [
            25,
            0,
            0
          ],
          "cubes": [
            {
              "origin": [
                -5,
                17,
                -1
              ],
              "size": [
                3,
                9,
                3
              ],
              "uv": [
                15,
                10
              ]
            }
          ]
        },
        {
          "name": "rightArm2",
          "parent": "rightArm",
          "pivot": [
            -3,
            17,
            0
          ],
          "rotation": [
            0,
            0,
            -27.5
          ],
          "cubes": [
            {
              "origin": [
                -5,
                11,
                -1
              ],
              "size": [
                3,
                6,
                3
              ],
              "uv": [
                12,
                6
              ]
            }
          ]
        },
        {
          "name": "rightArm3",
          "parent": "rightArm2",
          "pivot": [
            -3,
            12,
            0
          ],
          "cubes": [
            {
              "origin": [
                -5.5,
                8.5,
                -1.5
              ],
              "size": [
                4,
                4,
                4
              ],
              "uv": [
                28,
                26
              ]
            }
          ]
        },
        {
          "name": "leftArm",
          "parent": "body",
          "pivot": [
            3.5,
            25.5,
            0.5
          ],
          "rotation": [
            172.54859,
            -1.30874,
            64.68409
          ],
          "cubes": [
            {
              "origin": [
                2,
                17,
                -1
              ],
              "size": [
                3,
                9,
                3
              ],
              "uv": [
                12,
                10
              ]
            }
          ]
        },
        {
          "name": "leftArm2",
          "parent": "leftArm",
          "pivot": [
            4,
            17,
            0
          ],
          "rotation": [
            0,
            0,
            50
          ],
          "cubes": [
            {
              "origin": [
                2,
                11,
                -1
              ],
              "size": [
                3,
                6,
                3
              ],
              "uv": [
                13,
                6
              ]
            }
          ]
        },
        {
          "name": "leftArm3",
          "parent": "leftArm2",
          "pivot": [
            3,
            12,
            0
          ],
          "cubes": [
            {
              "origin": [
                1.5,
                8.5,
                -1.5
              ],
              "size": [
                4,
                4,
                4
              ],
              "uv": [
                0,
                56
              ]
            }
          ]
        },
        {
          "name": "rightLeg",
          "parent": "root",
          "pivot": [
            -2.16667,
            10.08333,
            0.75
          ],
          "cubes": [
            {
              "origin": [
                -4,
                5,
                -1
              ],
              "size": [
                3,
                5,
                3
              ],
              "uv": [
                11,
                4
              ]
            }
          ]
        },
        {
          "name": "rightLeg2",
          "parent": "rightLeg",
          "pivot": [
            -3,
            5,
            0
          ],
          "cubes": [
            {
              "origin": [
                -4,
                2,
                -1
              ],
              "size": [
                3,
                3,
                3
              ],
              "uv": [
                6,
                10
              ]
            },
            {
              "origin": [
                -4.5,
                -0.5,
                -1.5
              ],
              "size": [
                4,
                3,
                4
              ],
              "uv": [
                8,
                15
              ]
            },
            {
              "origin": [
                -4,
                -0.75,
                -2.75
              ],
              "size": [
                3,
                3,
                2
              ],
              "uv": [
                14,
                30
              ]
            }
          ]
        },
        {
          "name": "leftLeg",
          "parent": "root",
          "pivot": [
            2.83333,
            10.08333,
            0.75
          ],
          "cubes": [
            {
              "origin": [
                1,
                5,
                -1
              ],
              "size": [
                3,
                5,
                3
              ],
              "uv": [
                13,
                5
              ]
            }
          ]
        },
        {
          "name": "leftLeg2",
          "parent": "leftLeg",
          "pivot": [
            2,
            5,
            0
          ],
          "cubes": [
            {
              "origin": [
                1,
                2,
                -1
              ],
              "size": [
                3,
                3,
                3
              ],
              "uv": [
                12,
                6
              ]
            },
            {
              "origin": [
                0.5,
                -0.5,
                -1.5
              ],
              "size": [
                4,
                3,
                4
              ],
              "uv": [
                6,
                15
              ]
            },
            {
              "origin": [
                1,
                -0.75,
                -2.75
              ],
              "size": [
                3,
                3,
                2
              ],
              "uv": [
                16,
                17
              ]
            }
          ]
        }
      ]
    }
  ]
}