{
   "format_version": "1.10.0",
   "minecraft:client_entity": {
      "description": {
         "identifier": "zm:pacman",
         "textures": {
            "default": "textures/entity/pacman"
         },
         "materials": {
            "default": "skeleton"
         },
         "geometry": {
            "default": "geometry.pacman"
         },
         "render_controllers": [
            "controller.render.default"
         ],
         "animations": {
            "walk": "animation.pacman.walk",
            "look_at_target": "animation.common.look_at_target",
            "idle": "animation.pacman.idle",
            "move": "controller.animation.pacman.move",
            "general": "controller.animation.pacman.general",
            "attack": "animation.pacman.attack"
         },
         "scripts": {
            "animate": [
               "move",
               "general",
               "look_at_target"
            ],
            "pre_animation": [
               "variable.random = math.round(math.random(0,3));",
               "variable.random1 = math.round(math.random(0,2));",
               "variable.attack = Math.sin(variable.attack_time * 30.0);"
            ],
            "scale": "1.2"
         },
         "spawn_egg": {
            "texture": "pac",
            "texture_index": 0
         }
      }
   }
}