{
  "format_version": "1.12.0",
  "minecraft:geometry": [
    {
      "description": {
        "identifier": "geometry.bd69_banban",
        "texture_width": 128,
        "texture_height": 128,
        "visible_bounds_width": 3,
        "visible_bounds_height": 7,
        "visible_bounds_offset": [
          0,
          2.5,
          0
        ]
      },
      "bones": [
        {
          "name": "bb_main",
          "cubes": [
            {
              "origin": [
                -7.0,
                0.0,
                -6.0
              ],
              "size": [
                5.0,
                3.0,
                9.0
              ],
              "uv": [
                0,
                53
              ],
              "inflate": 0
            },
            {
              "origin": [
                2.0,
                0.0,
                -6.0
              ],
              "size": [
                5.0,
                3.0,
                9.0
              ],
              "uv": [
                44,
                9
              ],
              "inflate": 0
            },
            {
              "origin": [
                -7.0,
                3.0,
                -2.0
              ],
              "size": [
                5.0,
                28.0,
                5.0
              ],
              "uv": [
                51,
                51
              ],
              "inflate": 0
            },
            {
              "origin": [
                -7.0,
                31.0,
                -3.0
              ],
              "size": [
                14.0,
                3.0,
                6.0
              ],
              "uv": [
                34,
                0
              ],
              "inflate": 0
            },
            {
              "origin": [
                -6.0,
                34.0,
                -3.0
              ],
              "size": [
                12.0,
                24.0,
                6.0
              ],
              "uv": [
                0,
                23
              ],
              "inflate": 0
            },
            {
              "origin": [
                2.0,
                3.0,
                -2.0
              ],
              "size": [
                5.0,
                28.0,
                5.0
              ],
              "uv": [
                36,
                23
              ],
              "inflate": 0
            },
            {
              "origin": [
                -11.0,
                47.0,
                -2.0
              ],
              "size": [
                5.0,
                11.0,
                4.0
              ],
              "uv": [
                0,
                65
              ],
              "inflate": 0
            },
            {
              "origin": [
                -11.0,
                36.0,
                -2.0
              ],
              "size": [
                5.0,
                11.0,
                4.0
              ],
              "uv": [
                56,
                21
              ],
              "inflate": 0
            },
            {
              "origin": [
                6.0,
                47.0,
                -2.0
              ],
              "size": [
                5.0,
                11.0,
                4.0
              ],
              "uv": [
                56,
                36
              ],
              "inflate": 0
            },
            {
              "origin": [
                6.0,
                36.0,
                -2.0
              ],
              "size": [
                5.0,
                11.0,
                4.0
              ],
              "uv": [
                28,
                56
              ],
              "inflate": 0
            },
            {
              "origin": [
                6.0,
                32.0,
                -3.0
              ],
              "size": [
                5.0,
                4.0,
                6.0
              ],
              "uv": [
                68,
                45
              ],
              "inflate": 0
            },
            {
              "origin": [
                -11.0,
                32.0,
                -3.0
              ],
              "size": [
                5.0,
                4.0,
                6.0
              ],
              "uv": [
                68,
                3
              ],
              "inflate": 0
            },
            {
              "origin": [
                -6.0,
                58.0,
                -5.0
              ],
              "size": [
                12.0,
                13.0,
                10.0
              ],
              "uv": [
                0,
                0
              ],
              "inflate": 0
            },
            {
              "origin": [
                -6.0,
                70.0,
                -2.0
              ],
              "size": [
                4.0,
                10.0,
                4.0
              ],
              "uv": [
                34,
                71
              ],
              "inflate": 0
            },
            {
              "origin": [
                2.0,
                70.0,
                -2.0
              ],
              "size": [
                4.0,
                10.0,
                4.0
              ],
              "uv": [
                18,
                71
              ],
              "inflate": 0
            },
            {
              "origin": [
                1.0,
                66.0,
                -7.0
              ],
              "size": [
                4.0,
                4.0,
                4.0
              ],
              "uv": [
                70,
                32
              ],
              "inflate": 0
            },
            {
              "origin": [
                -5.0,
                66.0,
                -7.0
              ],
              "size": [
                4.0,
                4.0,
                4.0
              ],
              "uv": [
                70,
                17
              ],
              "inflate": 0
            }
          ]
        }
      ]
    }
  ]
}