{
    "format_version": "1.10.0",
    "animation_controllers": {
        "controller.animation.pac_man_d.died": {
            "states": {
                "default": {
                    "transitions": [{
                            "sound": "query.is_sheared"
                        }
                    ],
                    "on_entry": [
						"/stopsound @a mob.pac_man.step1"
                    ]
                },
                "pac_man_d_died": {
                    "transitions": [{
                            "default": "!query.is_sheared"
                        }
                    ],
                    "on_entry": [
                        "/stopsound @a mob.pac_man.step1"
                    ]
                }
            }
        }
    }
}