{
  "format_version": "1.12.0",
  "minecraft:geometry": [
    {
      "description": {
        "identifier": "geometry.yg_blue",
        "texture_width": 64,
        "texture_height": 64,
        "visible_bounds_width": 3,
        "visible_bounds_height": 3.5,
        "visible_bounds_offset": [
          0,
          1.25,
          0
        ]
      },
      "bones": [
        {
          "name": "Root"
        },
        {
          "name": "Body",
          "pivot": [
            -0.5,
            10.5,
            -1.5
          ],
          "cubes": [
            {
              "origin": [
                -5.0,
                16.0,
                -5.0
              ],
              "size": [
                9.0,
                8.0,
                7.0
              ],
              "uv": [
                0,
                16
              ],
              "inflate": 0
            },
            {
              "origin": [
                -4.5,
                10.0,
                -5.0
              ],
              "size": [
                8.0,
                6.0,
                7.0
              ],
              "uv": [
                25,
                9
              ],
              "inflate": 0
            }
          ],
          "parent": "Root"
        },
        {
          "name": "Head",
          "pivot": [
            -0.525,
            24,
            -1.5
          ],
          "cubes": [
            {
              "origin": [
                -4.5,
                24.0,
                -5.5
              ],
              "size": [
                8.0,
                8.0,
                8.0
              ],
              "uv": [
                0,
                0
              ],
              "inflate": 0
            },
            {
              "origin": [
                -3.5,
                32.0,
                -4.5
              ],
              "size": [
                6.0,
                4.0,
                6.0
              ],
              "uv": [
                0,
                31
              ],
              "inflate": 0
            },
            {
              "origin": [
                -4.3,
                27.5,
                -6.0
              ],
              "size": [
                3.0,
                3.0,
                1.0
              ],
              "uv": [
                0,
                4
              ],
              "inflate": 0
            },
            {
              "origin": [
                0.2,
                27.5,
                -6.0
              ],
              "size": [
                3.0,
                3.0,
                1.0
              ],
              "uv": [
                0,
                0
              ],
              "inflate": 0
            }
          ],
          "parent": "Body"
        },
        {
          "name": "Rightarm",
          "pivot": [
            -7,
            23,
            -1.5
          ],
          "cubes": [
            {
              "origin": [
                -9.0,
                10.0,
                -3.5
              ],
              "size": [
                4.0,
                14.0,
                4.0
              ],
              "uv": [
                28,
                27
              ],
              "inflate": 0
            }
          ],
          "parent": "Body"
        },
        {
          "name": "Leaftarm",
          "pivot": [
            6,
            23,
            -1.5
          ],
          "cubes": [
            {
              "origin": [
                4.0,
                10.0,
                -3.5
              ],
              "size": [
                4.0,
                14.0,
                4.0
              ],
              "uv": [
                28,
                27
              ],
              "inflate": 0
            }
          ],
          "parent": "Body"
        },
        {
          "name": "Rightleg",
          "pivot": [
            -3,
            10,
            -1.5
          ],
          "cubes": [
            {
              "origin": [
                -5.0,
                0.0,
                -3.5
              ],
              "size": [
                4.0,
                10.0,
                4.0
              ],
              "uv": [
                0,
                41
              ],
              "inflate": 0
            }
          ],
          "parent": "Root"
        },
        {
          "name": "Leaftleg",
          "pivot": [
            2,
            10,
            -1.5
          ],
          "cubes": [
            {
              "origin": [
                0.0,
                0.0,
                -3.5
              ],
              "size": [
                4.0,
                10.0,
                4.0
              ],
              "uv": [
                0,
                41
              ],
              "inflate": 0
            }
          ],
          "parent": "Root"
        }
      ]
    }
  ]
}