{
  "format_version": "1.12.0",
  "minecraft:geometry": [
    {
      "description": {
        "identifier": "geometry.yg_orange",
        "texture_width": 128,
        "texture_height": 128,
        "visible_bounds_width": 4,
        "visible_bounds_height": 3.5,
        "visible_bounds_offset": [
          0,
          1.25,
          0
        ]
      },
      "bones": [
        {
          "name": "Root",
          "pivot": [
            0,
            -1,
            0
          ]
        },
        {
          "name": "Body",
          "pivot": [
            0,
            8.73472,
            2.56478
          ],
          "cubes": [
            {
              "origin": [
                -2.0,
                18.43934,
                -10.06066
              ],
              "size": [
                4.0,
                4.0,
                10.0
              ],
              "pivot": [
                0.0,
                20.43934,
                -5.06066
              ],
              "rotation": [
                -45.0,
                0.0,
                0.0
              ],
              "uv": [
                22,
                25
              ],
              "inflate": 0
            },
            {
              "origin": [
                -2.0,
                6.90762,
                -0.47281
              ],
              "size": [
                4.0,
                10.0,
                4.0
              ],
              "pivot": [
                0.0,
                9.40762,
                -1.47281
              ],
              "rotation": [
                25.0,
                0.0,
                0.0
              ],
              "uv": [
                35,
                39
              ],
              "inflate": 0
            },
            {
              "origin": [
                -2.0,
                6.04652,
                1.1551
              ],
              "size": [
                4.0,
                4.0,
                5.0
              ],
              "pivot": [
                0.0,
                8.04652,
                3.6551
              ],
              "rotation": [
                -30.0,
                0.0,
                0.0
              ],
              "uv": [
                46,
                0
              ],
              "inflate": 0
            },
            {
              "origin": [
                -2.0,
                4.59052,
                5.05128
              ],
              "size": [
                4.0,
                4.0,
                7.0
              ],
              "pivot": [
                0.0,
                6.59052,
                8.55128
              ],
              "rotation": [
                -7.5,
                0.0,
                0.0
              ],
              "uv": [
                0,
                34
              ],
              "inflate": 0
            },
            {
              "origin": [
                -1.5,
                4.15597,
                11.98864
              ],
              "size": [
                3.0,
                3.0,
                7.0
              ],
              "pivot": [
                0.0,
                5.65597,
                15.48864
              ],
              "rotation": [
                -7.5,
                0.0,
                0.0
              ],
              "uv": [
                15,
                39
              ],
              "inflate": 0
            }
          ],
          "parent": "Root"
        },
        {
          "name": "Head",
          "pivot": [
            0,
            22.2,
            -6.4
          ],
          "cubes": [
            {
              "origin": [
                -4.0,
                21.0,
                -14.0
              ],
              "size": [
                8.0,
                5.0,
                8.0
              ],
              "uv": [
                0,
                0
              ],
              "inflate": 0
            },
            {
              "origin": [
                -4.5,
                25.0,
                -12.0
              ],
              "size": [
                4.0,
                4.0,
                4.0
              ],
              "uv": [
                47,
                35
              ],
              "inflate": 0
            },
            {
              "origin": [
                0.5,
                25.0,
                -12.0
              ],
              "size": [
                4.0,
                4.0,
                4.0
              ],
              "uv": [
                46,
                15
              ],
              "inflate": 0
            },
            {
              "origin": [
                -3.5,
                24.0,
                -23.0
              ],
              "size": [
                7.0,
                2.0,
                9.0
              ],
              "uv": [
                23,
                4
              ],
              "inflate": 0
            },
            {
              "origin": [
                -3.5,
                23.0,
                -23.0
              ],
              "size": [
                7.0,
                1.0,
                9.0
              ],
              "uv": [
                0,
                24
              ],
              "inflate": 0
            }
          ],
          "parent": "Body"
        },
        {
          "name": "Jaw",
          "pivot": [
            0,
            22.75,
            -13.5
          ],
          "cubes": [
            {
              "origin": [
                -3.5,
                23.0,
                -23.0
              ],
              "size": [
                7.0,
                1.0,
                9.0
              ],
              "uv": [
                23,
                15
              ],
              "inflate": 0
            },
            {
              "origin": [
                -3.5,
                21.0,
                -23.0
              ],
              "size": [
                7.0,
                2.0,
                9.0
              ],
              "uv": [
                0,
                13
              ],
              "inflate": 0
            }
          ],
          "parent": "Head"
        },
        {
          "name": "Rightarm",
          "pivot": [
            -2.32491,
            16.07855,
            -1
          ],
          "cubes": [
            {
              "origin": [
                -8.0,
                15.0,
                -2.0
              ],
              "size": [
                6.0,
                2.0,
                2.0
              ],
              "uv": [
                51,
                25
              ],
              "inflate": 0
            },
            {
              "origin": [
                -9.25738,
                15.0,
                -7.13094
              ],
              "size": [
                2.0,
                2.0,
                7.0
              ],
              "pivot": [
                -8.25738,
                16.0,
                -3.63094
              ],
              "rotation": [
                0.0,
                20.0,
                0.0
              ],
              "uv": [
                0,
                45
              ],
              "inflate": 0
            },
            {
              "origin": [
                -10.77643,
                16.27127,
                -8.74578
              ],
              "size": [
                1.0,
                1.0,
                3.0
              ],
              "pivot": [
                -10.27643,
                16.77127,
                -7.24578
              ],
              "rotation": [
                -17.5,
                37.5,
                0.0
              ],
              "uv": [
                23,
                29
              ],
              "inflate": 0
            },
            {
              "origin": [
                -9.5643,
                15.49429,
                -9.47807
              ],
              "size": [
                1.0,
                1.0,
                3.0
              ],
              "pivot": [
                -9.0643,
                15.99429,
                -7.97807
              ],
              "rotation": [
                2.00013,
                -7.46914,
                -1.78262
              ],
              "uv": [
                23,
                25
              ],
              "inflate": 0
            },
            {
              "origin": [
                -9.89762,
                15.42082,
                -10.84335
              ],
              "size": [
                1.0,
                1.0,
                2.0
              ],
              "pivot": [
                -9.39762,
                15.92082,
                -9.84335
              ],
              "rotation": [
                2.58909,
                39.99754,
                0.1423
              ],
              "uv": [
                28,
                39
              ],
              "inflate": 0
            },
            {
              "origin": [
                -11.75269,
                16.93132,
                -10.13535
              ],
              "size": [
                1.0,
                1.0,
                2.0
              ],
              "pivot": [
                -11.25269,
                17.43132,
                -9.13535
              ],
              "rotation": [
                -14.19691,
                13.41235,
                7.50698
              ],
              "uv": [
                15,
                37
              ],
              "inflate": 0
            },
            {
              "origin": [
                -10.79715,
                14.88225,
                -8.77278
              ],
              "size": [
                1.0,
                1.0,
                3.0
              ],
              "pivot": [
                -10.29715,
                15.38225,
                -7.27278
              ],
              "rotation": [
                7.5,
                37.5,
                0.0
              ],
              "uv": [
                24,
                4
              ],
              "inflate": 0
            },
            {
              "origin": [
                -11.55369,
                14.62842,
                -10.12247
              ],
              "size": [
                1.0,
                1.0,
                2.0
              ],
              "pivot": [
                -11.05369,
                15.12842,
                -9.12247
              ],
              "rotation": [
                5.94843,
                -2.24982,
                -4.81653
              ],
              "uv": [
                0,
                37
              ],
              "inflate": 0
            }
          ],
          "parent": "Body"
        },
        {
          "name": "Leaftarm",
          "pivot": [
            2.32491,
            16.07855,
            -1
          ],
          "cubes": [
            {
              "origin": [
                2.0,
                15.0,
                -2.0
              ],
              "size": [
                6.0,
                2.0,
                2.0
              ],
              "uv": [
                18,
                49
              ],
              "inflate": 0
            },
            {
              "origin": [
                7.25738,
                15.0,
                -7.13094
              ],
              "size": [
                2.0,
                2.0,
                7.0
              ],
              "pivot": [
                8.25738,
                16.0,
                -3.63094
              ],
              "rotation": [
                0.0,
                -20.0,
                0.0
              ],
              "uv": [
                40,
                25
              ],
              "inflate": 0
            },
            {
              "origin": [
                9.77643,
                16.27127,
                -8.74578
              ],
              "size": [
                1.0,
                1.0,
                3.0
              ],
              "pivot": [
                10.27643,
                16.77127,
                -7.24578
              ],
              "rotation": [
                -17.5,
                -37.5,
                0.0
              ],
              "uv": [
                23,
                15
              ],
              "inflate": 0
            },
            {
              "origin": [
                8.5643,
                15.49429,
                -9.47807
              ],
              "size": [
                1.0,
                1.0,
                3.0
              ],
              "pivot": [
                9.0643,
                15.99429,
                -7.97807
              ],
              "rotation": [
                2.00013,
                7.46914,
                1.78262
              ],
              "uv": [
                0,
                4
              ],
              "inflate": 0
            },
            {
              "origin": [
                8.89762,
                15.42082,
                -10.84335
              ],
              "size": [
                1.0,
                1.0,
                2.0
              ],
              "pivot": [
                9.39762,
                15.92082,
                -9.84335
              ],
              "rotation": [
                2.58909,
                -39.99754,
                -0.1423
              ],
              "uv": [
                15,
                34
              ],
              "inflate": 0
            },
            {
              "origin": [
                10.75269,
                16.93132,
                -10.13535
              ],
              "size": [
                1.0,
                1.0,
                2.0
              ],
              "pivot": [
                11.25269,
                17.43132,
                -9.13535
              ],
              "rotation": [
                -14.19691,
                -13.41235,
                -7.50698
              ],
              "uv": [
                0,
                34
              ],
              "inflate": 0
            },
            {
              "origin": [
                9.79714,
                14.88225,
                -8.77279
              ],
              "size": [
                1.0,
                1.0,
                3.0
              ],
              "pivot": [
                10.29714,
                15.38225,
                -7.27279
              ],
              "rotation": [
                7.5,
                -37.5,
                0.0
              ],
              "uv": [
                0,
                0
              ],
              "inflate": 0
            },
            {
              "origin": [
                10.55369,
                14.62842,
                -10.12247
              ],
              "size": [
                1.0,
                1.0,
                2.0
              ],
              "pivot": [
                11.05369,
                15.12842,
                -9.12247
              ],
              "rotation": [
                5.94843,
                2.24982,
                4.81653
              ],
              "uv": [
                23,
                19
              ],
              "inflate": 0
            }
          ],
          "parent": "Body"
        },
        {
          "name": "Rightleg",
          "pivot": [
            -1.24031,
            9.0804,
            1.66667
          ],
          "cubes": [
            {
              "origin": [
                -6.81262,
                7.15476,
                1.0
              ],
              "size": [
                6.0,
                2.0,
                2.0
              ],
              "pivot": [
                -3.81262,
                8.15476,
                2.0
              ],
              "rotation": [
                0.0,
                0.0,
                -25.0
              ],
              "uv": [
                46,
                9
              ],
              "inflate": 0
            },
            {
              "origin": [
                -6.95416,
                0.79322,
                1.0
              ],
              "size": [
                2.0,
                7.0,
                2.0
              ],
              "uv": [
                0,
                24
              ],
              "inflate": 0
            },
            {
              "origin": [
                -6.5,
                -0.20678,
                -1.0
              ],
              "size": [
                1.0,
                1.0,
                4.0
              ],
              "uv": [
                53,
                48
              ],
              "inflate": 0
            },
            {
              "origin": [
                -6.77586,
                -0.20678,
                -1.09534
              ],
              "size": [
                1.0,
                1.0,
                4.0
              ],
              "pivot": [
                -6.27586,
                0.29322,
                1.90466
              ],
              "rotation": [
                0.0,
                22.5,
                0.0
              ],
              "uv": [
                34,
                53
              ],
              "inflate": 0
            },
            {
              "origin": [
                -6.07926,
                -0.20678,
                -1.11522
              ],
              "size": [
                1.0,
                1.0,
                4.0
              ],
              "pivot": [
                -5.57926,
                0.29322,
                1.88478
              ],
              "rotation": [
                0.0,
                -22.5,
                0.0
              ],
              "uv": [
                24,
                53
              ],
              "inflate": 0
            }
          ],
          "parent": "Root"
        },
        {
          "name": "Leftleg",
          "pivot": [
            1.24031,
            9.0804,
            1.66667
          ],
          "cubes": [
            {
              "origin": [
                0.81262,
                7.15476,
                1.0
              ],
              "size": [
                6.0,
                2.0,
                2.0
              ],
              "pivot": [
                3.81262,
                8.15476,
                2.0
              ],
              "rotation": [
                0.0,
                0.0,
                25.0
              ],
              "uv": [
                24,
                0
              ],
              "inflate": 0
            },
            {
              "origin": [
                4.95416,
                0.79322,
                1.0
              ],
              "size": [
                2.0,
                7.0,
                2.0
              ],
              "uv": [
                0,
                13
              ],
              "inflate": 0
            },
            {
              "origin": [
                5.5,
                -0.20678,
                -1.0
              ],
              "size": [
                1.0,
                1.0,
                4.0
              ],
              "uv": [
                14,
                53
              ],
              "inflate": 0
            },
            {
              "origin": [
                5.77586,
                -0.20678,
                -1.09534
              ],
              "size": [
                1.0,
                1.0,
                4.0
              ],
              "pivot": [
                6.27586,
                0.29322,
                1.90466
              ],
              "rotation": [
                0.0,
                -22.5,
                0.0
              ],
              "uv": [
                51,
                43
              ],
              "inflate": 0
            },
            {
              "origin": [
                5.07926,
                -0.20678,
                -1.11522
              ],
              "size": [
                1.0,
                1.0,
                4.0
              ],
              "pivot": [
                5.57926,
                0.29322,
                1.88478
              ],
              "rotation": [
                0.0,
                22.5,
                0.0
              ],
              "uv": [
                47,
                49
              ],
              "inflate": 0
            }
          ],
          "parent": "Root"
        }
      ]
    }
  ]
}