{
  "format_version": "1.12.0",
  "minecraft:geometry": [
    {
      "description": {
        "identifier": "geometry.yg_purplefm",
        "texture_width": 64,
        "texture_height": 64,
        "visible_bounds_width": 5,
        "visible_bounds_height": 3.5,
        "visible_bounds_offset": [
          0,
          1.25,
          0
        ]
      },
      "bones": [
        {
          "name": "Root",
          "pivot": [
            0,
            22,
            0
          ]
        },
        {
          "name": "Body",
          "pivot": [
            0,
            4,
            2.5
          ],
          "cubes": [
            {
              "origin": [
                -1.5,
                3.0,
                1.0
              ],
              "size": [
                3.0,
                6.0,
                3.0
              ],
              "uv": [
                31,
                31
              ],
              "inflate": 0
            }
          ],
          "parent": "Root"
        },
        {
          "name": "Body2",
          "pivot": [
            0,
            9,
            2.5
          ],
          "cubes": [
            {
              "origin": [
                -1.5,
                9.0,
                1.0
              ],
              "size": [
                3.0,
                6.0,
                3.0
              ],
              "uv": [
                15,
                34
              ],
              "inflate": 0
            }
          ],
          "parent": "Body"
        },
        {
          "name": "Body3",
          "pivot": [
            0,
            15,
            2.5
          ],
          "cubes": [
            {
              "origin": [
                -1.5,
                15.0,
                1.0
              ],
              "size": [
                3.0,
                6.0,
                3.0
              ],
              "uv": [
                34,
                19
              ],
              "inflate": 0
            }
          ],
          "parent": "Body2"
        },
        {
          "name": "Rightarm",
          "pivot": [
            -1.5,
            19,
            2.5
          ],
          "cubes": [
            {
              "origin": [
                -8.0,
                18.0,
                1.5
              ],
              "size": [
                7.0,
                2.0,
                2.0
              ],
              "uv": [
                0,
                32
              ],
              "inflate": 0
            }
          ],
          "parent": "Body3"
        },
        {
          "name": "bone5",
          "pivot": [
            -8.5,
            19,
            2.5
          ],
          "cubes": [
            {
              "origin": [
                -15.0,
                18.0,
                1.5
              ],
              "size": [
                7.0,
                2.0,
                2.0
              ],
              "uv": [
                16,
                30
              ],
              "inflate": 0
            }
          ],
          "parent": "Rightarm"
        },
        {
          "name": "bone6",
          "pivot": [
            -15.5,
            19,
            2.5
          ],
          "cubes": [
            {
              "origin": [
                -22.0,
                18.0,
                1.5
              ],
              "size": [
                7.0,
                2.0,
                2.0
              ],
              "uv": [
                0,
                28
              ],
              "inflate": 0
            }
          ],
          "parent": "bone5"
        },
        {
          "name": "bone7",
          "pivot": [
            -21.8909,
            19,
            2.5
          ],
          "cubes": [
            {
              "origin": [
                -25.0,
                17.0,
                2.0
              ],
              "size": [
                3.0,
                4.0,
                1.0
              ],
              "uv": [
                40,
                28
              ],
              "inflate": 0
            },
            {
              "origin": [
                -29.0,
                20.0,
                2.0
              ],
              "size": [
                4.0,
                1.0,
                1.0
              ],
              "pivot": [
                -25.0,
                20.5,
                2.5
              ],
              "rotation": [
                0.0,
                0.0,
                12.5
              ],
              "uv": [
                30,
                45
              ],
              "inflate": 0
            },
            {
              "origin": [
                -26.49273,
                21.30951,
                2.0
              ],
              "size": [
                4.0,
                1.0,
                1.0
              ],
              "pivot": [
                -24.49273,
                20.80951,
                2.5
              ],
              "rotation": [
                0.0,
                0.0,
                32.5
              ],
              "uv": [
                44,
                13
              ],
              "inflate": 0
            },
            {
              "origin": [
                -29.0,
                19.0,
                2.0
              ],
              "size": [
                4.0,
                1.0,
                1.0
              ],
              "pivot": [
                -25.0,
                19.5,
                2.5
              ],
              "rotation": [
                0.0,
                0.0,
                5.0
              ],
              "uv": [
                20,
                45
              ],
              "inflate": 0
            },
            {
              "origin": [
                -29.0,
                18.0,
                2.0
              ],
              "size": [
                4.0,
                1.0,
                1.0
              ],
              "pivot": [
                -25.0,
                18.5,
                2.5
              ],
              "rotation": [
                0.0,
                0.0,
                -5.0
              ],
              "uv": [
                10,
                45
              ],
              "inflate": 0
            },
            {
              "origin": [
                -29.0,
                17.0,
                2.0
              ],
              "size": [
                4.0,
                1.0,
                1.0
              ],
              "pivot": [
                -25.0,
                17.5,
                2.5
              ],
              "rotation": [
                0.0,
                0.0,
                -12.5
              ],
              "uv": [
                0,
                45
              ],
              "inflate": 0
            }
          ],
          "parent": "bone6"
        },
        {
          "name": "Leftarm",
          "pivot": [
            1.5,
            19,
            2.5
          ],
          "cubes": [
            {
              "origin": [
                1.0,
                18.0,
                1.5
              ],
              "size": [
                7.0,
                2.0,
                2.0
              ],
              "uv": [
                16,
                26
              ],
              "inflate": 0
            }
          ],
          "parent": "Body3"
        },
        {
          "name": "bone8",
          "pivot": [
            7.5,
            19,
            2.5
          ],
          "cubes": [
            {
              "origin": [
                8.0,
                18.0,
                1.5
              ],
              "size": [
                7.0,
                2.0,
                2.0
              ],
              "uv": [
                0,
                24
              ],
              "inflate": 0
            }
          ],
          "parent": "Leftarm"
        },
        {
          "name": "bone9",
          "pivot": [
            15.5,
            19,
            2.5
          ],
          "cubes": [
            {
              "origin": [
                15.0,
                18.0,
                1.5
              ],
              "size": [
                7.0,
                2.0,
                2.0
              ],
              "uv": [
                16,
                22
              ],
              "inflate": 0
            }
          ],
          "parent": "bone8"
        },
        {
          "name": "bone10",
          "pivot": [
            21.8909,
            19,
            2.5
          ],
          "cubes": [
            {
              "origin": [
                22.0,
                17.0,
                2.0
              ],
              "size": [
                3.0,
                4.0,
                1.0
              ],
              "uv": [
                27,
                40
              ],
              "inflate": 0
            },
            {
              "origin": [
                25.0,
                20.0,
                2.0
              ],
              "size": [
                4.0,
                1.0,
                1.0
              ],
              "pivot": [
                25.0,
                20.5,
                2.5
              ],
              "rotation": [
                0.0,
                0.0,
                -12.5
              ],
              "uv": [
                44,
                11
              ],
              "inflate": 0
            },
            {
              "origin": [
                22.49273,
                21.30951,
                2.0
              ],
              "size": [
                4.0,
                1.0,
                1.0
              ],
              "pivot": [
                24.49273,
                20.80951,
                2.5
              ],
              "rotation": [
                0.0,
                0.0,
                -32.5
              ],
              "uv": [
                44,
                6
              ],
              "inflate": 0
            },
            {
              "origin": [
                25.0,
                19.0,
                2.0
              ],
              "size": [
                4.0,
                1.0,
                1.0
              ],
              "pivot": [
                25.0,
                19.5,
                2.5
              ],
              "rotation": [
                0.0,
                0.0,
                -5.0
              ],
              "uv": [
                44,
                4
              ],
              "inflate": 0
            },
            {
              "origin": [
                25.0,
                18.0,
                2.0
              ],
              "size": [
                4.0,
                1.0,
                1.0
              ],
              "pivot": [
                25.0,
                18.5,
                2.5
              ],
              "rotation": [
                0.0,
                0.0,
                5.0
              ],
              "uv": [
                42,
                43
              ],
              "inflate": 0
            },
            {
              "origin": [
                25.0,
                17.0,
                2.0
              ],
              "size": [
                4.0,
                1.0,
                1.0
              ],
              "pivot": [
                25.0,
                17.5,
                2.5
              ],
              "rotation": [
                0.0,
                0.0,
                12.5
              ],
              "uv": [
                43,
                41
              ],
              "inflate": 0
            }
          ],
          "parent": "bone9"
        },
        {
          "name": "Body4",
          "pivot": [
            0,
            21,
            2.5
          ],
          "cubes": [
            {
              "origin": [
                -1.5,
                21.0,
                1.0
              ],
              "size": [
                3.0,
                6.0,
                3.0
              ],
              "uv": [
                0,
                36
              ],
              "inflate": 0
            }
          ],
          "parent": "Body3"
        },
        {
          "name": "Head",
          "pivot": [
            0,
            25,
            2
          ],
          "cubes": [
            {
              "origin": [
                -4.0,
                22.0,
                0.0
              ],
              "size": [
                8.0,
                8.0,
                2.0
              ],
              "uv": [
                0,
                10
              ],
              "inflate": 0
            }
          ],
          "parent": "Body4"
        },
        {
          "name": "bone",
          "pivot": [
            0,
            30,
            0
          ],
          "cubes": [
            {
              "origin": [
                -4.0,
                22.0,
                -2.0
              ],
              "size": [
                8.0,
                8.0,
                2.0
              ],
              "uv": [
                0,
                0
              ],
              "inflate": 0
            },
            {
              "origin": [
                0.5,
                26.0,
                -3.0
              ],
              "size": [
                3.0,
                3.0,
                1.0
              ],
              "uv": [
                38,
                0
              ],
              "inflate": 0
            },
            {
              "origin": [
                -3.5,
                26.0,
                -3.0
              ],
              "size": [
                3.0,
                3.0,
                1.0
              ],
              "uv": [
                35,
                40
              ],
              "inflate": 0
            }
          ],
          "parent": "Head"
        },
        {
          "name": "Rightleg",
          "pivot": [
            -1.5,
            5,
            2.5
          ],
          "cubes": [
            {
              "origin": [
                -8.0,
                4.0,
                1.5
              ],
              "size": [
                7.0,
                2.0,
                2.0
              ],
              "uv": [
                0,
                20
              ],
              "inflate": 0
            }
          ],
          "parent": "Body"
        },
        {
          "name": "bone14",
          "pivot": [
            -8.5,
            5,
            2.5
          ],
          "cubes": [
            {
              "origin": [
                -15.0,
                4.0,
                1.5
              ],
              "size": [
                7.0,
                2.0,
                2.0
              ],
              "uv": [
                18,
                18
              ],
              "inflate": 0
            }
          ],
          "parent": "Rightleg"
        },
        {
          "name": "bone15",
          "pivot": [
            -15.5,
            5,
            2.5
          ],
          "cubes": [
            {
              "origin": [
                -22.0,
                4.0,
                1.5
              ],
              "size": [
                7.0,
                2.0,
                2.0
              ],
              "uv": [
                18,
                8
              ],
              "inflate": 0
            }
          ],
          "parent": "bone14"
        },
        {
          "name": "bone16",
          "pivot": [
            -21.8909,
            5,
            2.5
          ],
          "cubes": [
            {
              "origin": [
                -25.0,
                4.5,
                0.5
              ],
              "size": [
                3.0,
                1.0,
                4.0
              ],
              "uv": [
                34,
                4
              ],
              "inflate": 0
            },
            {
              "origin": [
                -29.0,
                4.5,
                3.5
              ],
              "size": [
                4.0,
                1.0,
                1.0
              ],
              "pivot": [
                -25.0,
                5.0,
                4.0
              ],
              "rotation": [
                0.0,
                12.5,
                0.0
              ],
              "uv": [
                12,
                43
              ],
              "inflate": 0
            },
            {
              "origin": [
                -25.41813,
                4.5,
                -0.49629
              ],
              "size": [
                4.0,
                1.0,
                1.0
              ],
              "pivot": [
                -23.41813,
                5.0,
                -0.99629
              ],
              "rotation": [
                0.0,
                -32.5,
                0.0
              ],
              "uv": [
                42,
                39
              ],
              "inflate": 0
            },
            {
              "origin": [
                -29.0,
                4.5,
                2.5
              ],
              "size": [
                4.0,
                1.0,
                1.0
              ],
              "pivot": [
                -25.0,
                5.0,
                3.0
              ],
              "rotation": [
                0.0,
                5.0,
                0.0
              ],
              "uv": [
                36,
                9
              ],
              "inflate": 0
            },
            {
              "origin": [
                -29.0,
                4.5,
                1.5
              ],
              "size": [
                4.0,
                1.0,
                1.0
              ],
              "pivot": [
                -25.0,
                5.0,
                2.0
              ],
              "rotation": [
                0.0,
                -5.0,
                0.0
              ],
              "uv": [
                34,
                17
              ],
              "inflate": 0
            },
            {
              "origin": [
                -29.0,
                4.5,
                0.5
              ],
              "size": [
                4.0,
                1.0,
                1.0
              ],
              "pivot": [
                -25.0,
                5.0,
                1.0
              ],
              "rotation": [
                0.0,
                -12.5,
                0.0
              ],
              "uv": [
                20,
                16
              ],
              "inflate": 0
            }
          ],
          "parent": "bone15"
        },
        {
          "name": "Leftleg",
          "pivot": [
            1.5,
            5,
            2.5
          ],
          "cubes": [
            {
              "origin": [
                1.0,
                4.0,
                1.5
              ],
              "size": [
                7.0,
                2.0,
                2.0
              ],
              "uv": [
                20,
                12
              ],
              "inflate": 0
            }
          ],
          "parent": "Body"
        },
        {
          "name": "bone11",
          "pivot": [
            8.5,
            5,
            2.5
          ],
          "cubes": [
            {
              "origin": [
                8.0,
                4.0,
                1.5
              ],
              "size": [
                7.0,
                2.0,
                2.0
              ],
              "uv": [
                20,
                4
              ],
              "inflate": 0
            }
          ],
          "parent": "Leftleg"
        },
        {
          "name": "bone12",
          "pivot": [
            15.5,
            5,
            2.5
          ],
          "cubes": [
            {
              "origin": [
                15.0,
                4.0,
                1.5
              ],
              "size": [
                7.0,
                2.0,
                2.0
              ],
              "uv": [
                20,
                0
              ],
              "inflate": 0
            }
          ],
          "parent": "bone11"
        },
        {
          "name": "bone13",
          "pivot": [
            21.8909,
            5,
            2.5
          ],
          "cubes": [
            {
              "origin": [
                22.0,
                4.5,
                0.5
              ],
              "size": [
                3.0,
                1.0,
                4.0
              ],
              "uv": [
                34,
                12
              ],
              "inflate": 0
            },
            {
              "origin": [
                25.0,
                4.5,
                3.5
              ],
              "size": [
                4.0,
                1.0,
                1.0
              ],
              "pivot": [
                25.0,
                5.0,
                4.0
              ],
              "rotation": [
                0.0,
                -12.5,
                0.0
              ],
              "uv": [
                43,
                37
              ],
              "inflate": 0
            },
            {
              "origin": [
                21.41813,
                4.5,
                -0.49629
              ],
              "size": [
                4.0,
                1.0,
                1.0
              ],
              "pivot": [
                23.41813,
                5.0,
                -0.99629
              ],
              "rotation": [
                0.0,
                32.5,
                0.0
              ],
              "uv": [
                43,
                35
              ],
              "inflate": 0
            },
            {
              "origin": [
                25.0,
                4.5,
                2.5
              ],
              "size": [
                4.0,
                1.0,
                1.0
              ],
              "pivot": [
                25.0,
                5.0,
                3.0
              ],
              "rotation": [
                0.0,
                -5.0,
                0.0
              ],
              "uv": [
                43,
                33
              ],
              "inflate": 0
            },
            {
              "origin": [
                25.0,
                4.5,
                1.5
              ],
              "size": [
                4.0,
                1.0,
                1.0
              ],
              "pivot": [
                25.0,
                5.0,
                2.0
              ],
              "rotation": [
                0.0,
                5.0,
                0.0
              ],
              "uv": [
                43,
                20
              ],
              "inflate": 0
            },
            {
              "origin": [
                25.0,
                4.5,
                0.5
              ],
              "size": [
                4.0,
                1.0,
                1.0
              ],
              "pivot": [
                25.0,
                5.0,
                1.0
              ],
              "rotation": [
                0.0,
                12.5,
                0.0
              ],
              "uv": [
                43,
                18
              ],
              "inflate": 0
            }
          ],
          "parent": "bone12"
        }
      ]
    }
  ]
}