{
	"format_version": "1.8.0",
	"animations": {
		"animation.ic_door.open": {
			"animation_length": 0.6667,
			"sound_effects": {
				"0.1": {
					"effect": "open"
				}
			},
			"bones": {
				"door": {
					"rotation": {
						"0.0": {
							"post": [0, -90, 0],
							"lerp_mode": "catmullrom"
						},
						"0.5": {
							"post": [0, 2.5, 0],
							"lerp_mode": "catmullrom"
						},
						"0.5833": {
							"post": [0, -5, 0],
							"lerp_mode": "catmullrom"
						},
						"0.6667": [0, 0, 0]
					}
				}
			}
		},
		"animation.ic_door.open_lock": {
			"animation_length": 1000,
			"sound_effects": {
				"0.5": {
					"effect": "open"
				}
			},
			"bones": {
				"door": {
					"rotation": {
						"0.5": {
							"pre": [0, -90, 0],
							"post": [0, -90, 0],
							"lerp_mode": "catmullrom"
						},
						"1.0": {
							"post": [0, 2.5, 0],
							"lerp_mode": "catmullrom"
						},
						"1.0833": {
							"post": [0, -5, 0],
							"lerp_mode": "catmullrom"
						},
						"1.1667": [0, 0, 0],
						"1000": [0, 0, 0] 
					}
				},
				"lock": {
					"rotation": {
						"0.0": {
							"post": [0, 0, 0],
							"lerp_mode": "catmullrom"
						},
						"0.25": [-95.2108, -1.93709, 17.42012],
						"1000": [-95.2108, -1.93709, 17.42012]
					},
					"position": {
						"0.0": {
							"post": [0, 0, 0],
							"lerp_mode": "catmullrom"
						},
						"0.25": [0, -11.75, -1],
						"1000": [0, -11.75, -1]
					},
					"scale": {
						"0.0": [1, 1, 1],
						"0.3333": [1, 1, 1],
						"0.5": [0, 0, 0],
						"1000": [0, 0, 0] 
					}
				}
			}
		},
		"animation.ic_door.close": {
			"animation_length": 1,
			"sound_effects": {
				"0.1": {
					"effect": "close"
				}
			},
			"bones": {
				"door": {
					"rotation": {
						"0.0": {
							"post": [0, 90, 0],
							"lerp_mode": "catmullrom"
						},
						"0.5": {
							"post": [0, 0, 0],
							"lerp_mode": "catmullrom"
						},
						"0.5833": {
							"post": [0, 11.25, 0],
							"lerp_mode": "catmullrom"
						},
						"0.6667": [0, 0, 0]
					}
				},
				"lock": {
					"scale": {
						"0.0": [0, 0, 0],
						"0.8333": [0, 0, 0],
						"0.9167": [1, 1, 1]
					}
				}
			}
		}
	}
}