{
  "entity_sounds": {
    "entities": {
      "bedrock:truck_mitsubishi_center_antobollo_sawit": {
        "volume": 1.0,
        "pitch": [
          0.8,
          1.2
        ],
        "events": {
          "ambient": "mob.bedrock_truck_mitsubishi_center_antobollo_sawit.say",
          "hurt": "mob.bedrock_truck_mitsubishi_center_antobollo_sawit.hit",
          "death": "mob.bedrock_truck_mitsubishi_center_antobollo_sawit.death",
          "step": "mob.bedrock_truck_mitsubishi_center_antobollo_sawit.walk"
        }
      },
      "bedrock:truck_mitsubishi_center_antobollo": {
        "volume": 1.0,
        "pitch": [
          0.8,
          1.2
        ],
        "events": {
          "ambient": "mob.bedrock_truck_mitsubishi_center_antobollo.say",
          "hurt": "mob.bedrock_truck_mitsubishi_center_antobollo.hit",
          "death": "mob.bedrock_truck_mitsubishi_center_antobollo.death",
          "step": "mob.bedrock_truck_mitsubishi_center_antobollo.walk"
        }
      },
      "bedrock:truck_mitsubishi_center_antobollo_terpal": {
        "volume": 1.0,
        "pitch": [
          0.8,
          1.2
        ],
        "events": {
          "ambient": "mob.bedrock_truck_mitsubishi_center_antobollo_terpal.say",
          "hurt": "mob.bedrock_truck_mitsubishi_center_antobollo_terpal.hit",
          "death": "mob.bedrock_truck_mitsubishi_center_antobollo_terpal.death",
          "step": "mob.bedrock_truck_mitsubishi_center_antobollo_terpal.walk"
        }
      }
    }
  }
}