{
	"format_version": "1.12.0",
	"minecraft:geometry": [
		{
			"description": {
				"identifier": "geometry.arrow",
				"texture_width": 64,
				"texture_height": 64,
				"visible_bounds_width": 2,
				"visible_bounds_height": 1.5,
				"visible_bounds_offset": [0, 0.25, 0]
			},
			"bones": [
				{
					"name": "body",
					"pivot": [0, 0, 0],
					"cubes": [
						{"origin": [-2, -1, -3], "size": [4, 2, 5], "uv": [20, 10]},
						{"origin": [-8, -0.5, 0], "size": [6, 1, 8], "uv": [20, 1]},
						{"origin": [-8, -0.5, -9], "size": [6, 1, 8], "uv": [0, 9]},
						{"origin": [2, -0.5, 0], "size": [6, 1, 8], "uv": [0, 18]},
						{"origin": [2, -0.5, -9], "size": [6, 1, 8], "uv": [0, 0]}
					]
				}
			]
		}
	]
}