{
	"format_version": "1.12.0",
	"minecraft:geometry": [
		{
			"description": {
				"identifier": "geometry.ic_jeff",
				"texture_width": 256,
				"texture_height": 256,
				"visible_bounds_width": 5,
				"visible_bounds_height": 5.5,
				"visible_bounds_offset": [0, 2.25, 0]
			},
			"bones": [
				{
					"name": "Main",
					"pivot": [0, 0, 0],
					"cubes": [
						{"origin": [-32, 40, -10], "size": [64, 2, 32], "uv": [0, 0]},
						{"origin": [30, 0, -10], "size": [2, 40, 32], "uv": [0, 34], "mirror": true},
						{"origin": [20, 0, -30], "size": [2, 40, 30], "pivot": [0, 0, 0], "rotation": [0, -90, 0], "uv": [2, 37], "mirror": true},
						{"origin": [20, 0, 0], "size": [2, 40, 30], "pivot": [0, 0, 0], "rotation": [0, -90, 0], "uv": [2, 37], "mirror": true},
						{"origin": [-32, 0, -10], "size": [2, 40, 32], "uv": [0, 34]},
						{
							"origin": [-31.5, 0, -0.5],
							"size": [62, 41, 21],
							"uv": {
								"north": {"uv": [2, 2], "uv_size": [2, 2]},
								"east": {"uv": [0, 2], "uv_size": [2, 2]},
								"south": {"uv": [6, 2], "uv_size": [2, 2]},
								"west": {"uv": [4, 2], "uv_size": [2, 2]},
								"up": {"uv": [6, 4], "uv_size": [-2, -2]},
								"down": {"uv": [8, 2], "uv_size": [-2, -2]}
							}
						}
					]
				},
				{
					"name": "table",
					"parent": "Main",
					"pivot": [0, 0, -9],
					"cubes": [
						{"origin": [-22.97615, 0, -19.72738], "size": [12, 12, 12], "uv": [36, 34]},
						{"origin": [-6, 42, -10], "size": [12, 12, 12], "uv": [36, 34]},
						{"origin": [-9, 0, -22], "size": [12, 12, 12], "pivot": [-3, 6, -14], "rotation": [0, 10, 0], "uv": [36, 34]},
						{"origin": [11.22048, 0, -20.36381], "size": [12, 12, 12], "pivot": [17.22048, 6, -14.36381], "rotation": [0, -15, 0], "uv": [36, 34]},
						{"origin": [-1, 11.5, -21], "size": [16, 1, 7], "pivot": [7, 12, -17.5], "rotation": [0, -7.5, 0], "uv": [0, 107]},
						{"origin": [-29, 11.5, -19], "size": [16, 1, 7], "pivot": [-21, 12, -15.5], "rotation": [0, -7.5, 0], "uv": [0, 107]},
						{"origin": [-14, 45.5, -23], "size": [16, 1, 7], "pivot": [-6, 51, -15.5], "rotation": [90, 0, -25], "uv": [0, 107]},
						{"origin": [-14, 45, -18], "size": [16, 1, 7], "pivot": [-6, 51, -15.5], "rotation": [90, 0, 17.5], "uv": [0, 107]},
						{"origin": [-12, 46, -17], "size": [16, 1, 7], "pivot": [-6, 51, -15.5], "rotation": [90, 0, 0], "uv": [0, 107]},
						{"origin": [-5, 45.75, -17], "size": [16, 1, 7], "pivot": [-6, 51, -15.5], "rotation": [90, 0, 0], "uv": [0, 107]},
						{"origin": [-6, 45.75, -25], "size": [16, 1, 7], "pivot": [-6, 51, -15.5], "rotation": [90, 0, 0], "uv": [0, 107]},
						{"origin": [-11, 46, -25], "size": [16, 1, 7], "pivot": [-6, 51, -15.5], "rotation": [90, 0, 0], "uv": [0, 107]},
						{"origin": [-12, 49.25, -19], "size": [23, 0, 15], "pivot": [-0.5, 49, -11.5], "rotation": [90, 0, 0], "uv": [-12, 145]},
						{"origin": [-4, 45, -21], "size": [16, 1, 7], "pivot": [-6, 51, -15.5], "rotation": [90, 0, 17.5], "uv": [0, 107]},
						{"origin": [-5, 45.25, -23], "size": [16, 1, 7], "pivot": [-6, 51, -15.5], "rotation": [90, 0, -25], "uv": [0, 107]},
						{"origin": [-29, 11.5, -19], "size": [16, 1, 7], "pivot": [-21, 12, -15.5], "rotation": [0, -7.5, 0], "uv": [0, 107]},
						{"origin": [-15.05708, 11.4, -19.30734], "size": [16, 1, 7], "pivot": [-6.05708, 12, -16.80734], "rotation": [0, 25, 0], "uv": [0, 107]},
						{"origin": [7, 12.5, -20], "size": [5, 1, 5], "pivot": [9.5, 13, -17.5], "rotation": [0, -32.5, 0], "uv": [0, 14]},
						{"origin": [0, 12.5, -17], "size": [5, 1, 5], "pivot": [9.5, 13, -17.5], "rotation": [0, -32.5, 0], "uv": [0, 22]},
						{"origin": [-7.01277, 12.5, -19.52932], "size": [5, 1, 5], "pivot": [-4.76277, 13, -23.02932], "rotation": [0, -15, 0], "uv": [0, 36]},
						{"origin": [-16.37096, 12.5, -17.61709], "size": [5, 1, 5], "pivot": [-13.87096, 13, -15.11709], "rotation": [0, 17.5, 0], "uv": [0, 36]},
						{"origin": [16, 12, -14], "size": [5, 5, 5], "pivot": [19.5, 16, -11.5], "rotation": [0, -20, 0], "uv": [0, 42]},
						{"origin": [17, 17, -13], "size": [3, 1, 3], "pivot": [19.5, 16, -11.5], "rotation": [0, -20, 0], "uv": [0, 56]},
						{"origin": [-22, 12, -10], "size": [8, 5, 2], "uv": [0, 123]},
						{"origin": [-20, 15, -9], "size": [1, 5, 0], "pivot": [-21.5, 18.5, -9], "rotation": [0, 0, -25], "uv": [0, 131]},
						{"origin": [-17.76477, 16.93893, -9], "size": [1, 5, 0], "pivot": [-19.26477, 18.43893, -9], "rotation": [0, 0, 25], "uv": [0, 131]}
					]
				},
				{
					"name": "jeff",
					"parent": "Main",
					"pivot": [0, 23, 0]
				},
				{
					"name": "right_tentacle",
					"parent": "jeff",
					"pivot": [-17, 25, 0],
					"cubes": [
						{
							"origin": [-18, 23, -10],
							"size": [4, 4, 12],
							"uv": {
								"north": {"uv": [2, 2], "uv_size": [2, 2]},
								"east": {"uv": [0, 2], "uv_size": [2, 2]},
								"south": {"uv": [6, 2], "uv_size": [2, 2]},
								"west": {"uv": [4, 2], "uv_size": [2, 2]},
								"up": {"uv": [2, 0], "uv_size": [2, 2]},
								"down": {"uv": [4, 2], "uv_size": [2, -2]}
							}
						}
					]
				},
				{
					"name": "tentacle_2",
					"parent": "right_tentacle",
					"pivot": [-16, 25, -9],
					"cubes": [
						{
							"origin": [-17.5, 23.5, -18],
							"size": [3, 3, 10],
							"uv": {
								"north": {"uv": [2, 2], "uv_size": [2, 2]},
								"east": {"uv": [0, 2], "uv_size": [2, 2]},
								"south": {"uv": [6, 2], "uv_size": [2, 2]},
								"west": {"uv": [4, 2], "uv_size": [2, 2]},
								"up": {"uv": [2, 0], "uv_size": [2, 2]},
								"down": {"uv": [4, 2], "uv_size": [2, -2]}
							}
						}
					]
				},
				{
					"name": "tentacle_3",
					"parent": "tentacle_2",
					"pivot": [-16, 25, -19],
					"cubes": [
						{
							"origin": [-17, 24, -26],
							"size": [2, 2, 10],
							"uv": {
								"north": {"uv": [2, 2], "uv_size": [2, 2]},
								"east": {"uv": [0, 2], "uv_size": [2, 2]},
								"south": {"uv": [6, 2], "uv_size": [2, 2]},
								"west": {"uv": [4, 2], "uv_size": [2, 2]},
								"up": {"uv": [2, 0], "uv_size": [2, 2]},
								"down": {"uv": [4, 2], "uv_size": [2, -2]}
							}
						}
					]
				},
				{
					"name": "left_tentacle",
					"parent": "jeff",
					"pivot": [13, 25, 0],
					"cubes": [
						{
							"origin": [12, 23, -10],
							"size": [4, 4, 12],
							"uv": {
								"north": {"uv": [2, 2], "uv_size": [2, 2]},
								"east": {"uv": [0, 2], "uv_size": [2, 2]},
								"south": {"uv": [6, 2], "uv_size": [2, 2]},
								"west": {"uv": [4, 2], "uv_size": [2, 2]},
								"up": {"uv": [2, 0], "uv_size": [2, 2]},
								"down": {"uv": [4, 2], "uv_size": [2, -2]}
							}
						}
					]
				},
				{
					"name": "tentacle_5",
					"parent": "left_tentacle",
					"pivot": [14, 25, -9],
					"cubes": [
						{
							"origin": [12.5, 23.5, -18],
							"size": [3, 3, 10],
							"uv": {
								"north": {"uv": [2, 2], "uv_size": [2, 2]},
								"east": {"uv": [0, 2], "uv_size": [2, 2]},
								"south": {"uv": [6, 2], "uv_size": [2, 2]},
								"west": {"uv": [4, 2], "uv_size": [2, 2]},
								"up": {"uv": [2, 0], "uv_size": [2, 2]},
								"down": {"uv": [4, 2], "uv_size": [2, -2]}
							}
						}
					]
				},
				{
					"name": "tentacle_6",
					"parent": "tentacle_5",
					"pivot": [14, 25, -19],
					"cubes": [
						{
							"origin": [13, 24, -26],
							"size": [2, 2, 10],
							"uv": {
								"north": {"uv": [2, 2], "uv_size": [2, 2]},
								"east": {"uv": [0, 2], "uv_size": [2, 2]},
								"south": {"uv": [6, 2], "uv_size": [2, 2]},
								"west": {"uv": [4, 2], "uv_size": [2, 2]},
								"up": {"uv": [2, 0], "uv_size": [2, 2]},
								"down": {"uv": [4, 2], "uv_size": [2, -2]}
							}
						}
					]
				},
				{
					"name": "eyes",
					"parent": "jeff",
					"pivot": [0, 23, 0],
					"cubes": [
						{"origin": [-6, 21, -1], "size": [4, 4, 0], "uv": [0, 7]},
						{"origin": [1, 21, -1], "size": [4, 4, 0], "uv": [0, 7]}
					]
				}
			]
		}
	]
}