{
  "format_version": "1.8.0",
  "minecraft:client_entity": {
    "description": {
      "identifier": "bedrock:truck_mitsubishi_center_antobollo_sawit",
      "materials": {
        "default": "cars"
      },
      "textures": {
        "default": "textures/entity/pamobile/bedrock_truck_mitsubishi_center_antobollo_sawit"
      },
      "geometry": {
        "default": "geometry.bedrock_truck_mitsubishi_center_antobollo_sawit"
      },
      "spawn_egg": {
        "texture": "bedrock:truck_mitsubishi_center_antobollo_sawit",
        "texture_index": 0
      },
      "render_controllers": [
        "controller.render.cars"
      ],
      "enable_attachables": true
    }
  }
}