{
	"format_version": "1.12.0",
	"minecraft:geometry": [
		{
			"description": {
				"identifier": "geometry.kimetsu_tanjiro_demon",
				"texture_width": 64,
				"texture_height": 64,
				"visible_bounds_width": 3,
				"visible_bounds_height": 3.5,
				"visible_bounds_offset": [0, 1.25, 0]
			},
			"bones": [
				{
					"name": "root",
					"pivot": [0, 0, 0]
				},
				{
					"name": "waist",
					"parent": "root",
					"pivot": [0, 12, 0]
				},
				{
					"name": "Body",
					"parent": "waist",
					"pivot": [0, 24, 0],
					"cubes": [
						{
							"origin": [-4, 12, -2],
							"size": [8, 12, 4],
							"uv": {
								"north": {"uv": [20, 20], "uv_size": [8, 12]},
								"east": {"uv": [16, 20], "uv_size": [4, 12]},
								"south": {"uv": [32, 20], "uv_size": [8, 12]},
								"west": {"uv": [28, 20], "uv_size": [4, 12]},
								"up": {"uv": [20, 16], "uv_size": [8, 4]},
								"down": {"uv": [28, 20], "uv_size": [8, -4]}
							}
						}
					]
				},
				{
					"name": "Tentacles",
					"parent": "Body",
					"pivot": [0, 19, 3],
					"rotation": [-90, 0, 0],
					"cubes": [
						{
							"origin": [-1, 18, 1],
							"size": [2, 1, 5],
							"uv": {
								"north": {"uv": [3.25, 49.5], "uv_size": [5.5, 3.5]},
								"east": {"uv": [3.25, 49.5], "uv_size": [5.5, 3.5]},
								"south": {"uv": [3.25, 49.5], "uv_size": [5.5, 3.5]},
								"west": {"uv": [3.25, 49.5], "uv_size": [5.5, 3.5]},
								"up": {"uv": [8.75, 53], "uv_size": [-5.5, -3.5]},
								"down": {"uv": [8.75, 53], "uv_size": [-5.5, -3.5]}
							}
						},
						{
							"origin": [2, 18, 2],
							"size": [1, 1, 5],
							"uv": {
								"north": {"uv": [3.25, 49.5], "uv_size": [5.5, 3.5]},
								"east": {"uv": [3.25, 49.5], "uv_size": [5.5, 3.5]},
								"south": {"uv": [3.25, 49.5], "uv_size": [5.5, 3.5]},
								"west": {"uv": [3.25, 49.5], "uv_size": [5.5, 3.5]},
								"up": {"uv": [8.75, 53], "uv_size": [-5.5, -3.5]},
								"down": {"uv": [8.75, 53], "uv_size": [-5.5, -3.5]}
							}
						},
						{
							"origin": [1, 18, 0],
							"size": [1, 1, 5],
							"uv": {
								"north": {"uv": [3.25, 49.5], "uv_size": [5.5, 3.5]},
								"east": {"uv": [3.25, 49.5], "uv_size": [5.5, 3.5]},
								"south": {"uv": [3.25, 49.5], "uv_size": [5.5, 3.5]},
								"west": {"uv": [3.25, 49.5], "uv_size": [5.5, 3.5]},
								"up": {"uv": [8.75, 53], "uv_size": [-5.5, -3.5]},
								"down": {"uv": [8.75, 53], "uv_size": [-5.5, -3.5]}
							}
						},
						{
							"origin": [-2, 18, 0],
							"size": [1, 1, 3],
							"uv": {
								"north": {"uv": [3.25, 49.5], "uv_size": [5.5, 3.5]},
								"east": {"uv": [3.25, 49.5], "uv_size": [5.5, 3.5]},
								"south": {"uv": [3.25, 49.5], "uv_size": [5.5, 3.5]},
								"west": {"uv": [3.25, 49.5], "uv_size": [5.5, 3.5]},
								"up": {"uv": [8.75, 53], "uv_size": [-5.5, -3.5]},
								"down": {"uv": [8.75, 53], "uv_size": [-5.5, -3.5]}
							}
						},
						{
							"origin": [-2, 18, 5],
							"size": [1, 1, 3],
							"uv": {
								"north": {"uv": [3.25, 49.5], "uv_size": [5.5, 3.5]},
								"east": {"uv": [3.25, 49.5], "uv_size": [5.5, 3.5]},
								"south": {"uv": [3.25, 49.5], "uv_size": [5.5, 3.5]},
								"west": {"uv": [3.25, 49.5], "uv_size": [5.5, 3.5]},
								"up": {"uv": [8.75, 53], "uv_size": [-5.5, -3.5]},
								"down": {"uv": [8.75, 53], "uv_size": [-5.5, -3.5]}
							}
						},
						{
							"origin": [-3, 18, 1],
							"size": [1, 1, 4],
							"uv": {
								"north": {"uv": [3.25, 49.5], "uv_size": [5.5, 3.5]},
								"east": {"uv": [3.25, 49.5], "uv_size": [5.5, 3.5]},
								"south": {"uv": [3.25, 49.5], "uv_size": [5.5, 3.5]},
								"west": {"uv": [3.25, 49.5], "uv_size": [5.5, 3.5]},
								"up": {"uv": [8.75, 53], "uv_size": [-5.5, -3.5]},
								"down": {"uv": [8.75, 53], "uv_size": [-5.5, -3.5]}
							}
						}
					]
				},
				{
					"name": "Tentacle1",
					"parent": "Tentacles",
					"pivot": [2, 17, 1],
					"rotation": [-72.5, -45, 0],
					"cubes": [
						{
							"origin": [1, 17, -6],
							"size": [2, 2, 7],
							"uv": {
								"north": {"uv": [2.25, 55.25], "uv_size": [5.5, 3.5]},
								"east": {"uv": [2.25, 55.25], "uv_size": [5.5, 3.5]},
								"south": {"uv": [2.25, 55.25], "uv_size": [5.5, 3.5]},
								"west": {"uv": [2.25, 55.25], "uv_size": [5.5, 3.5]},
								"up": {"uv": [7.75, 58.75], "uv_size": [-5.5, -3.5]},
								"down": {"uv": [7.75, 58.75], "uv_size": [-5.5, -3.5]}
							}
						},
						{
							"origin": [1, 17, -2],
							"size": [2, 2, 2],
							"inflate": 0.1,
							"uv": {
								"north": {"uv": [2.25, 55.25], "uv_size": [5.5, 3.5]},
								"east": {"uv": [2.25, 55.25], "uv_size": [5.5, 3.5]},
								"south": {"uv": [2.25, 55.25], "uv_size": [5.5, 3.5]},
								"west": {"uv": [2.25, 55.25], "uv_size": [5.5, 3.5]},
								"up": {"uv": [7.75, 58.75], "uv_size": [-5.5, -3.5]},
								"down": {"uv": [7.75, 58.75], "uv_size": [-5.5, -3.5]}
							}
						},
						{
							"origin": [1, 17, -5],
							"size": [2, 2, 2],
							"inflate": 0.1,
							"uv": {
								"north": {"uv": [2.25, 55.25], "uv_size": [5.5, 3.5]},
								"east": {"uv": [2.25, 55.25], "uv_size": [5.5, 3.5]},
								"south": {"uv": [2.25, 55.25], "uv_size": [5.5, 3.5]},
								"west": {"uv": [2.25, 55.25], "uv_size": [5.5, 3.5]},
								"up": {"uv": [7.75, 58.75], "uv_size": [-5.5, -3.5]},
								"down": {"uv": [7.75, 58.75], "uv_size": [-5.5, -3.5]}
							}
						}
					]
				},
				{
					"name": "Tentacle2",
					"parent": "Tentacle1",
					"pivot": [2, 18, -6],
					"rotation": [65, 0, 0],
					"cubes": [
						{
							"origin": [1, 17, -13],
							"size": [2, 2, 7],
							"uv": {
								"north": {"uv": [2.25, 55.25], "uv_size": [5.5, 3.5]},
								"east": {"uv": [2.25, 55.25], "uv_size": [5.5, 3.5]},
								"south": {"uv": [2.25, 55.25], "uv_size": [5.5, 3.5]},
								"west": {"uv": [2.25, 55.25], "uv_size": [5.5, 3.5]},
								"up": {"uv": [7.75, 58.75], "uv_size": [-5.5, -3.5]},
								"down": {"uv": [7.75, 58.75], "uv_size": [-5.5, -3.5]}
							}
						},
						{
							"origin": [1, 17, -9],
							"size": [2, 2, 2],
							"inflate": 0.1,
							"uv": {
								"north": {"uv": [2.25, 55.25], "uv_size": [5.5, 3.5]},
								"east": {"uv": [2.25, 55.25], "uv_size": [5.5, 3.5]},
								"south": {"uv": [2.25, 55.25], "uv_size": [5.5, 3.5]},
								"west": {"uv": [2.25, 55.25], "uv_size": [5.5, 3.5]},
								"up": {"uv": [7.75, 58.75], "uv_size": [-5.5, -3.5]},
								"down": {"uv": [7.75, 58.75], "uv_size": [-5.5, -3.5]}
							}
						},
						{
							"origin": [1, 17, -12],
							"size": [2, 2, 2],
							"inflate": 0.1,
							"uv": {
								"north": {"uv": [2.25, 55.25], "uv_size": [5.5, 3.5]},
								"east": {"uv": [2.25, 55.25], "uv_size": [5.5, 3.5]},
								"south": {"uv": [2.25, 55.25], "uv_size": [5.5, 3.5]},
								"west": {"uv": [2.25, 55.25], "uv_size": [5.5, 3.5]},
								"up": {"uv": [7.75, 58.75], "uv_size": [-5.5, -3.5]},
								"down": {"uv": [7.75, 58.75], "uv_size": [-5.5, -3.5]}
							}
						}
					]
				},
				{
					"name": "Tentacle3",
					"parent": "Tentacle2",
					"pivot": [2, 18, -13],
					"rotation": [60, 0, 0],
					"cubes": [
						{
							"origin": [1, 17, -20],
							"size": [2, 2, 7],
							"uv": {
								"north": {"uv": [2.25, 55.25], "uv_size": [5.5, 3.5]},
								"east": {"uv": [2.25, 55.25], "uv_size": [5.5, 3.5]},
								"south": {"uv": [2.25, 55.25], "uv_size": [5.5, 3.5]},
								"west": {"uv": [2.25, 55.25], "uv_size": [5.5, 3.5]},
								"up": {"uv": [7.75, 58.75], "uv_size": [-5.5, -3.5]},
								"down": {"uv": [7.75, 58.75], "uv_size": [-5.5, -3.5]}
							}
						},
						{
							"origin": [1, 17, -16],
							"size": [2, 2, 2],
							"inflate": 0.1,
							"uv": {
								"north": {"uv": [2.25, 55.25], "uv_size": [5.5, 3.5]},
								"east": {"uv": [2.25, 55.25], "uv_size": [5.5, 3.5]},
								"south": {"uv": [2.25, 55.25], "uv_size": [5.5, 3.5]},
								"west": {"uv": [2.25, 55.25], "uv_size": [5.5, 3.5]},
								"up": {"uv": [7.75, 58.75], "uv_size": [-5.5, -3.5]},
								"down": {"uv": [7.75, 58.75], "uv_size": [-5.5, -3.5]}
							}
						},
						{
							"origin": [1, 17, -19],
							"size": [2, 2, 2],
							"inflate": 0.1,
							"uv": {
								"north": {"uv": [2.25, 55.25], "uv_size": [5.5, 3.5]},
								"east": {"uv": [2.25, 55.25], "uv_size": [5.5, 3.5]},
								"south": {"uv": [2.25, 55.25], "uv_size": [5.5, 3.5]},
								"west": {"uv": [2.25, 55.25], "uv_size": [5.5, 3.5]},
								"up": {"uv": [7.75, 58.75], "uv_size": [-5.5, -3.5]},
								"down": {"uv": [7.75, 58.75], "uv_size": [-5.5, -3.5]}
							}
						}
					]
				},
				{
					"name": "Tentacle4",
					"parent": "Tentacle3",
					"pivot": [2, 18, -20],
					"rotation": [30, 0, 0],
					"cubes": [
						{
							"origin": [1, 17, -27],
							"size": [2, 2, 7],
							"uv": {
								"north": {"uv": [2.25, 55.25], "uv_size": [5.5, 3.5]},
								"east": {"uv": [2.25, 55.25], "uv_size": [5.5, 3.5]},
								"south": {"uv": [2.25, 55.25], "uv_size": [5.5, 3.5]},
								"west": {"uv": [2.25, 55.25], "uv_size": [5.5, 3.5]},
								"up": {"uv": [7.75, 58.75], "uv_size": [-5.5, -3.5]},
								"down": {"uv": [7.75, 58.75], "uv_size": [-5.5, -3.5]}
							}
						},
						{
							"origin": [1, 17, -23],
							"size": [2, 2, 2],
							"inflate": 0.1,
							"uv": {
								"north": {"uv": [2.25, 55.25], "uv_size": [5.5, 3.5]},
								"east": {"uv": [2.25, 55.25], "uv_size": [5.5, 3.5]},
								"south": {"uv": [2.25, 55.25], "uv_size": [5.5, 3.5]},
								"west": {"uv": [2.25, 55.25], "uv_size": [5.5, 3.5]},
								"up": {"uv": [7.75, 58.75], "uv_size": [-5.5, -3.5]},
								"down": {"uv": [7.75, 58.75], "uv_size": [-5.5, -3.5]}
							}
						},
						{
							"origin": [1, 17, -26],
							"size": [2, 2, 2],
							"inflate": 0.1,
							"uv": {
								"north": {"uv": [2.25, 55.25], "uv_size": [5.5, 3.5]},
								"east": {"uv": [2.25, 55.25], "uv_size": [5.5, 3.5]},
								"south": {"uv": [2.25, 55.25], "uv_size": [5.5, 3.5]},
								"west": {"uv": [2.25, 55.25], "uv_size": [5.5, 3.5]},
								"up": {"uv": [7.75, 58.75], "uv_size": [-5.5, -3.5]},
								"down": {"uv": [7.75, 58.75], "uv_size": [-5.5, -3.5]}
							}
						}
					]
				},
				{
					"name": "Tentacle5",
					"parent": "Tentacle4",
					"pivot": [2, 18, -27],
					"rotation": [12.5, 0, 0],
					"cubes": [
						{
							"origin": [1, 17, -34],
							"size": [2, 2, 7],
							"uv": {
								"north": {"uv": [2.25, 55.25], "uv_size": [5.5, 3.5]},
								"east": {"uv": [2.25, 55.25], "uv_size": [5.5, 3.5]},
								"south": {"uv": [2.25, 55.25], "uv_size": [5.5, 3.5]},
								"west": {"uv": [2.25, 55.25], "uv_size": [5.5, 3.5]},
								"up": {"uv": [7.75, 58.75], "uv_size": [-5.5, -3.5]},
								"down": {"uv": [7.75, 58.75], "uv_size": [-5.5, -3.5]}
							}
						},
						{
							"origin": [1, 17, -35],
							"size": [2, 2, 1],
							"inflate": -0.1,
							"uv": {
								"north": {"uv": [2.25, 55.25], "uv_size": [5.5, 3.5]},
								"east": {"uv": [2.25, 55.25], "uv_size": [5.5, 3.5]},
								"south": {"uv": [2.25, 55.25], "uv_size": [5.5, 3.5]},
								"west": {"uv": [2.25, 55.25], "uv_size": [5.5, 3.5]},
								"up": {"uv": [7.75, 58.75], "uv_size": [-5.5, -3.5]},
								"down": {"uv": [7.75, 58.75], "uv_size": [-5.5, -3.5]}
							}
						},
						{
							"origin": [1, 17, -36],
							"size": [2, 2, 2],
							"inflate": -0.2,
							"uv": {
								"north": {"uv": [2.25, 55.25], "uv_size": [5.5, 3.5]},
								"east": {"uv": [2.25, 55.25], "uv_size": [5.5, 3.5]},
								"south": {"uv": [2.25, 55.25], "uv_size": [5.5, 3.5]},
								"west": {"uv": [2.25, 55.25], "uv_size": [5.5, 3.5]},
								"up": {"uv": [7.75, 58.75], "uv_size": [-5.5, -3.5]},
								"down": {"uv": [7.75, 58.75], "uv_size": [-5.5, -3.5]}
							}
						},
						{
							"origin": [1, 17, -37],
							"size": [2, 2, 2],
							"inflate": -0.3,
							"uv": {
								"north": {"uv": [2.25, 55.25], "uv_size": [5.5, 3.5]},
								"east": {"uv": [2.25, 55.25], "uv_size": [5.5, 3.5]},
								"south": {"uv": [2.25, 55.25], "uv_size": [5.5, 3.5]},
								"west": {"uv": [2.25, 55.25], "uv_size": [5.5, 3.5]},
								"up": {"uv": [7.75, 58.75], "uv_size": [-5.5, -3.5]},
								"down": {"uv": [7.75, 58.75], "uv_size": [-5.5, -3.5]}
							}
						},
						{
							"origin": [1, 17, -38],
							"size": [2, 2, 2],
							"inflate": -0.4,
							"uv": {
								"north": {"uv": [2.25, 55.25], "uv_size": [5.5, 3.5]},
								"east": {"uv": [2.25, 55.25], "uv_size": [5.5, 3.5]},
								"south": {"uv": [2.25, 55.25], "uv_size": [5.5, 3.5]},
								"west": {"uv": [2.25, 55.25], "uv_size": [5.5, 3.5]},
								"up": {"uv": [7.75, 58.75], "uv_size": [-5.5, -3.5]},
								"down": {"uv": [7.75, 58.75], "uv_size": [-5.5, -3.5]}
							}
						},
						{
							"origin": [1, 17, -30],
							"size": [2, 2, 2],
							"inflate": 0.1,
							"uv": {
								"north": {"uv": [2.25, 55.25], "uv_size": [5.5, 3.5]},
								"east": {"uv": [2.25, 55.25], "uv_size": [5.5, 3.5]},
								"south": {"uv": [2.25, 55.25], "uv_size": [5.5, 3.5]},
								"west": {"uv": [2.25, 55.25], "uv_size": [5.5, 3.5]},
								"up": {"uv": [7.75, 58.75], "uv_size": [-5.5, -3.5]},
								"down": {"uv": [7.75, 58.75], "uv_size": [-5.5, -3.5]}
							}
						},
						{
							"origin": [1, 17, -33],
							"size": [2, 2, 2],
							"inflate": 0.1,
							"uv": {
								"north": {"uv": [2.25, 55.25], "uv_size": [5.5, 3.5]},
								"east": {"uv": [2.25, 55.25], "uv_size": [5.5, 3.5]},
								"south": {"uv": [2.25, 55.25], "uv_size": [5.5, 3.5]},
								"west": {"uv": [2.25, 55.25], "uv_size": [5.5, 3.5]},
								"up": {"uv": [7.75, 58.75], "uv_size": [-5.5, -3.5]},
								"down": {"uv": [7.75, 58.75], "uv_size": [-5.5, -3.5]}
							}
						}
					]
				},
				{
					"name": "Tentacle16",
					"parent": "Tentacles",
					"pivot": [2, 18, 3],
					"rotation": [125, -45, 180],
					"cubes": [
						{
							"origin": [1, 18, -4],
							"size": [2, 2, 7],
							"uv": {
								"north": {"uv": [2.25, 55.25], "uv_size": [5.5, 3.5]},
								"east": {"uv": [2.25, 55.25], "uv_size": [5.5, 3.5]},
								"south": {"uv": [2.25, 55.25], "uv_size": [5.5, 3.5]},
								"west": {"uv": [2.25, 55.25], "uv_size": [5.5, 3.5]},
								"up": {"uv": [7.75, 58.75], "uv_size": [-5.5, -3.5]},
								"down": {"uv": [7.75, 58.75], "uv_size": [-5.5, -3.5]}
							}
						},
						{
							"origin": [1, 18, 0],
							"size": [2, 2, 2],
							"inflate": 0.1,
							"uv": {
								"north": {"uv": [2.25, 55.25], "uv_size": [5.5, 3.5]},
								"east": {"uv": [2.25, 55.25], "uv_size": [5.5, 3.5]},
								"south": {"uv": [2.25, 55.25], "uv_size": [5.5, 3.5]},
								"west": {"uv": [2.25, 55.25], "uv_size": [5.5, 3.5]},
								"up": {"uv": [7.75, 58.75], "uv_size": [-5.5, -3.5]},
								"down": {"uv": [7.75, 58.75], "uv_size": [-5.5, -3.5]}
							}
						},
						{
							"origin": [1, 18, -3],
							"size": [2, 2, 2],
							"inflate": 0.1,
							"uv": {
								"north": {"uv": [2.25, 55.25], "uv_size": [5.5, 3.5]},
								"east": {"uv": [2.25, 55.25], "uv_size": [5.5, 3.5]},
								"south": {"uv": [2.25, 55.25], "uv_size": [5.5, 3.5]},
								"west": {"uv": [2.25, 55.25], "uv_size": [5.5, 3.5]},
								"up": {"uv": [7.75, 58.75], "uv_size": [-5.5, -3.5]},
								"down": {"uv": [7.75, 58.75], "uv_size": [-5.5, -3.5]}
							}
						}
					]
				},
				{
					"name": "Tentacle17",
					"parent": "Tentacle16",
					"pivot": [2, 19, -4],
					"rotation": [65, 0, 0],
					"cubes": [
						{
							"origin": [1, 18, -11],
							"size": [2, 2, 7],
							"uv": {
								"north": {"uv": [2.25, 55.25], "uv_size": [5.5, 3.5]},
								"east": {"uv": [2.25, 55.25], "uv_size": [5.5, 3.5]},
								"south": {"uv": [2.25, 55.25], "uv_size": [5.5, 3.5]},
								"west": {"uv": [2.25, 55.25], "uv_size": [5.5, 3.5]},
								"up": {"uv": [7.75, 58.75], "uv_size": [-5.5, -3.5]},
								"down": {"uv": [7.75, 58.75], "uv_size": [-5.5, -3.5]}
							}
						},
						{
							"origin": [1, 18, -7],
							"size": [2, 2, 2],
							"inflate": 0.1,
							"uv": {
								"north": {"uv": [2.25, 55.25], "uv_size": [5.5, 3.5]},
								"east": {"uv": [2.25, 55.25], "uv_size": [5.5, 3.5]},
								"south": {"uv": [2.25, 55.25], "uv_size": [5.5, 3.5]},
								"west": {"uv": [2.25, 55.25], "uv_size": [5.5, 3.5]},
								"up": {"uv": [7.75, 58.75], "uv_size": [-5.5, -3.5]},
								"down": {"uv": [7.75, 58.75], "uv_size": [-5.5, -3.5]}
							}
						},
						{
							"origin": [1, 18, -10],
							"size": [2, 2, 2],
							"inflate": 0.1,
							"uv": {
								"north": {"uv": [2.25, 55.25], "uv_size": [5.5, 3.5]},
								"east": {"uv": [2.25, 55.25], "uv_size": [5.5, 3.5]},
								"south": {"uv": [2.25, 55.25], "uv_size": [5.5, 3.5]},
								"west": {"uv": [2.25, 55.25], "uv_size": [5.5, 3.5]},
								"up": {"uv": [7.75, 58.75], "uv_size": [-5.5, -3.5]},
								"down": {"uv": [7.75, 58.75], "uv_size": [-5.5, -3.5]}
							}
						}
					]
				},
				{
					"name": "Tentacle18",
					"parent": "Tentacle17",
					"pivot": [2, 19, -11],
					"rotation": [60, 0, 0],
					"cubes": [
						{
							"origin": [1, 18, -18],
							"size": [2, 2, 7],
							"uv": {
								"north": {"uv": [2.25, 55.25], "uv_size": [5.5, 3.5]},
								"east": {"uv": [2.25, 55.25], "uv_size": [5.5, 3.5]},
								"south": {"uv": [2.25, 55.25], "uv_size": [5.5, 3.5]},
								"west": {"uv": [2.25, 55.25], "uv_size": [5.5, 3.5]},
								"up": {"uv": [7.75, 58.75], "uv_size": [-5.5, -3.5]},
								"down": {"uv": [7.75, 58.75], "uv_size": [-5.5, -3.5]}
							}
						},
						{
							"origin": [1, 18, -14],
							"size": [2, 2, 2],
							"inflate": 0.1,
							"uv": {
								"north": {"uv": [2.25, 55.25], "uv_size": [5.5, 3.5]},
								"east": {"uv": [2.25, 55.25], "uv_size": [5.5, 3.5]},
								"south": {"uv": [2.25, 55.25], "uv_size": [5.5, 3.5]},
								"west": {"uv": [2.25, 55.25], "uv_size": [5.5, 3.5]},
								"up": {"uv": [7.75, 58.75], "uv_size": [-5.5, -3.5]},
								"down": {"uv": [7.75, 58.75], "uv_size": [-5.5, -3.5]}
							}
						},
						{
							"origin": [1, 18, -17],
							"size": [2, 2, 2],
							"inflate": 0.1,
							"uv": {
								"north": {"uv": [2.25, 55.25], "uv_size": [5.5, 3.5]},
								"east": {"uv": [2.25, 55.25], "uv_size": [5.5, 3.5]},
								"south": {"uv": [2.25, 55.25], "uv_size": [5.5, 3.5]},
								"west": {"uv": [2.25, 55.25], "uv_size": [5.5, 3.5]},
								"up": {"uv": [7.75, 58.75], "uv_size": [-5.5, -3.5]},
								"down": {"uv": [7.75, 58.75], "uv_size": [-5.5, -3.5]}
							}
						}
					]
				},
				{
					"name": "Tentacle19",
					"parent": "Tentacle18",
					"pivot": [2, 19, -18],
					"rotation": [30, 0, 0],
					"cubes": [
						{
							"origin": [1, 18, -25],
							"size": [2, 2, 7],
							"uv": {
								"north": {"uv": [2.25, 55.25], "uv_size": [5.5, 3.5]},
								"east": {"uv": [2.25, 55.25], "uv_size": [5.5, 3.5]},
								"south": {"uv": [2.25, 55.25], "uv_size": [5.5, 3.5]},
								"west": {"uv": [2.25, 55.25], "uv_size": [5.5, 3.5]},
								"up": {"uv": [7.75, 58.75], "uv_size": [-5.5, -3.5]},
								"down": {"uv": [7.75, 58.75], "uv_size": [-5.5, -3.5]}
							}
						},
						{
							"origin": [1, 18, -21],
							"size": [2, 2, 2],
							"inflate": 0.1,
							"uv": {
								"north": {"uv": [2.25, 55.25], "uv_size": [5.5, 3.5]},
								"east": {"uv": [2.25, 55.25], "uv_size": [5.5, 3.5]},
								"south": {"uv": [2.25, 55.25], "uv_size": [5.5, 3.5]},
								"west": {"uv": [2.25, 55.25], "uv_size": [5.5, 3.5]},
								"up": {"uv": [7.75, 58.75], "uv_size": [-5.5, -3.5]},
								"down": {"uv": [7.75, 58.75], "uv_size": [-5.5, -3.5]}
							}
						},
						{
							"origin": [1, 18, -24],
							"size": [2, 2, 2],
							"inflate": 0.1,
							"uv": {
								"north": {"uv": [2.25, 55.25], "uv_size": [5.5, 3.5]},
								"east": {"uv": [2.25, 55.25], "uv_size": [5.5, 3.5]},
								"south": {"uv": [2.25, 55.25], "uv_size": [5.5, 3.5]},
								"west": {"uv": [2.25, 55.25], "uv_size": [5.5, 3.5]},
								"up": {"uv": [7.75, 58.75], "uv_size": [-5.5, -3.5]},
								"down": {"uv": [7.75, 58.75], "uv_size": [-5.5, -3.5]}
							}
						}
					]
				},
				{
					"name": "Tentacle20",
					"parent": "Tentacle19",
					"pivot": [2, 19, -25],
					"rotation": [12.5, 0, 0],
					"cubes": [
						{
							"origin": [1, 18, -32],
							"size": [2, 2, 7],
							"uv": {
								"north": {"uv": [2.25, 55.25], "uv_size": [5.5, 3.5]},
								"east": {"uv": [2.25, 55.25], "uv_size": [5.5, 3.5]},
								"south": {"uv": [2.25, 55.25], "uv_size": [5.5, 3.5]},
								"west": {"uv": [2.25, 55.25], "uv_size": [5.5, 3.5]},
								"up": {"uv": [7.75, 58.75], "uv_size": [-5.5, -3.5]},
								"down": {"uv": [7.75, 58.75], "uv_size": [-5.5, -3.5]}
							}
						},
						{
							"origin": [1, 18, -33],
							"size": [2, 2, 1],
							"inflate": -0.1,
							"uv": {
								"north": {"uv": [2.25, 55.25], "uv_size": [5.5, 3.5]},
								"east": {"uv": [2.25, 55.25], "uv_size": [5.5, 3.5]},
								"south": {"uv": [2.25, 55.25], "uv_size": [5.5, 3.5]},
								"west": {"uv": [2.25, 55.25], "uv_size": [5.5, 3.5]},
								"up": {"uv": [7.75, 58.75], "uv_size": [-5.5, -3.5]},
								"down": {"uv": [7.75, 58.75], "uv_size": [-5.5, -3.5]}
							}
						},
						{
							"origin": [1, 18, -34],
							"size": [2, 2, 2],
							"inflate": -0.2,
							"uv": {
								"north": {"uv": [2.25, 55.25], "uv_size": [5.5, 3.5]},
								"east": {"uv": [2.25, 55.25], "uv_size": [5.5, 3.5]},
								"south": {"uv": [2.25, 55.25], "uv_size": [5.5, 3.5]},
								"west": {"uv": [2.25, 55.25], "uv_size": [5.5, 3.5]},
								"up": {"uv": [7.75, 58.75], "uv_size": [-5.5, -3.5]},
								"down": {"uv": [7.75, 58.75], "uv_size": [-5.5, -3.5]}
							}
						},
						{
							"origin": [1, 18, -35],
							"size": [2, 2, 2],
							"inflate": -0.3,
							"uv": {
								"north": {"uv": [2.25, 55.25], "uv_size": [5.5, 3.5]},
								"east": {"uv": [2.25, 55.25], "uv_size": [5.5, 3.5]},
								"south": {"uv": [2.25, 55.25], "uv_size": [5.5, 3.5]},
								"west": {"uv": [2.25, 55.25], "uv_size": [5.5, 3.5]},
								"up": {"uv": [7.75, 58.75], "uv_size": [-5.5, -3.5]},
								"down": {"uv": [7.75, 58.75], "uv_size": [-5.5, -3.5]}
							}
						},
						{
							"origin": [1, 18, -36],
							"size": [2, 2, 2],
							"inflate": -0.4,
							"uv": {
								"north": {"uv": [2.25, 55.25], "uv_size": [5.5, 3.5]},
								"east": {"uv": [2.25, 55.25], "uv_size": [5.5, 3.5]},
								"south": {"uv": [2.25, 55.25], "uv_size": [5.5, 3.5]},
								"west": {"uv": [2.25, 55.25], "uv_size": [5.5, 3.5]},
								"up": {"uv": [7.75, 58.75], "uv_size": [-5.5, -3.5]},
								"down": {"uv": [7.75, 58.75], "uv_size": [-5.5, -3.5]}
							}
						},
						{
							"origin": [1, 18, -28],
							"size": [2, 2, 2],
							"inflate": 0.1,
							"uv": {
								"north": {"uv": [2.25, 55.25], "uv_size": [5.5, 3.5]},
								"east": {"uv": [2.25, 55.25], "uv_size": [5.5, 3.5]},
								"south": {"uv": [2.25, 55.25], "uv_size": [5.5, 3.5]},
								"west": {"uv": [2.25, 55.25], "uv_size": [5.5, 3.5]},
								"up": {"uv": [7.75, 58.75], "uv_size": [-5.5, -3.5]},
								"down": {"uv": [7.75, 58.75], "uv_size": [-5.5, -3.5]}
							}
						},
						{
							"origin": [1, 18, -31],
							"size": [2, 2, 2],
							"inflate": 0.1,
							"uv": {
								"north": {"uv": [2.25, 55.25], "uv_size": [5.5, 3.5]},
								"east": {"uv": [2.25, 55.25], "uv_size": [5.5, 3.5]},
								"south": {"uv": [2.25, 55.25], "uv_size": [5.5, 3.5]},
								"west": {"uv": [2.25, 55.25], "uv_size": [5.5, 3.5]},
								"up": {"uv": [7.75, 58.75], "uv_size": [-5.5, -3.5]},
								"down": {"uv": [7.75, 58.75], "uv_size": [-5.5, -3.5]}
							}
						}
					]
				},
				{
					"name": "Tentacle6",
					"parent": "Tentacles",
					"pivot": [-2, 17, 1],
					"rotation": [-72.5, 45, 0],
					"cubes": [
						{
							"origin": [-3, 17, -6],
							"size": [2, 2, 7],
							"uv": {
								"north": {"uv": [2.25, 55.25], "uv_size": [5.5, 3.5]},
								"east": {"uv": [2.25, 55.25], "uv_size": [5.5, 3.5]},
								"south": {"uv": [2.25, 55.25], "uv_size": [5.5, 3.5]},
								"west": {"uv": [2.25, 55.25], "uv_size": [5.5, 3.5]},
								"up": {"uv": [7.75, 58.75], "uv_size": [-5.5, -3.5]},
								"down": {"uv": [7.75, 58.75], "uv_size": [-5.5, -3.5]}
							}
						},
						{
							"origin": [-3, 17, -2],
							"size": [2, 2, 2],
							"inflate": 0.1,
							"uv": {
								"north": {"uv": [2.25, 55.25], "uv_size": [5.5, 3.5]},
								"east": {"uv": [2.25, 55.25], "uv_size": [5.5, 3.5]},
								"south": {"uv": [2.25, 55.25], "uv_size": [5.5, 3.5]},
								"west": {"uv": [2.25, 55.25], "uv_size": [5.5, 3.5]},
								"up": {"uv": [7.75, 58.75], "uv_size": [-5.5, -3.5]},
								"down": {"uv": [7.75, 58.75], "uv_size": [-5.5, -3.5]}
							}
						},
						{
							"origin": [-3, 17, -5],
							"size": [2, 2, 2],
							"inflate": 0.1,
							"uv": {
								"north": {"uv": [2.25, 55.25], "uv_size": [5.5, 3.5]},
								"east": {"uv": [2.25, 55.25], "uv_size": [5.5, 3.5]},
								"south": {"uv": [2.25, 55.25], "uv_size": [5.5, 3.5]},
								"west": {"uv": [2.25, 55.25], "uv_size": [5.5, 3.5]},
								"up": {"uv": [7.75, 58.75], "uv_size": [-5.5, -3.5]},
								"down": {"uv": [7.75, 58.75], "uv_size": [-5.5, -3.5]}
							}
						}
					]
				},
				{
					"name": "Tentacle7",
					"parent": "Tentacle6",
					"pivot": [-2, 18, -6],
					"rotation": [65, 0, 0],
					"cubes": [
						{
							"origin": [-3, 17, -13],
							"size": [2, 2, 7],
							"uv": {
								"north": {"uv": [2.25, 55.25], "uv_size": [5.5, 3.5]},
								"east": {"uv": [2.25, 55.25], "uv_size": [5.5, 3.5]},
								"south": {"uv": [2.25, 55.25], "uv_size": [5.5, 3.5]},
								"west": {"uv": [2.25, 55.25], "uv_size": [5.5, 3.5]},
								"up": {"uv": [7.75, 58.75], "uv_size": [-5.5, -3.5]},
								"down": {"uv": [7.75, 58.75], "uv_size": [-5.5, -3.5]}
							}
						},
						{
							"origin": [-3, 17, -9],
							"size": [2, 2, 2],
							"inflate": 0.1,
							"uv": {
								"north": {"uv": [2.25, 55.25], "uv_size": [5.5, 3.5]},
								"east": {"uv": [2.25, 55.25], "uv_size": [5.5, 3.5]},
								"south": {"uv": [2.25, 55.25], "uv_size": [5.5, 3.5]},
								"west": {"uv": [2.25, 55.25], "uv_size": [5.5, 3.5]},
								"up": {"uv": [7.75, 58.75], "uv_size": [-5.5, -3.5]},
								"down": {"uv": [7.75, 58.75], "uv_size": [-5.5, -3.5]}
							}
						},
						{
							"origin": [-3, 17, -12],
							"size": [2, 2, 2],
							"inflate": 0.1,
							"uv": {
								"north": {"uv": [2.25, 55.25], "uv_size": [5.5, 3.5]},
								"east": {"uv": [2.25, 55.25], "uv_size": [5.5, 3.5]},
								"south": {"uv": [2.25, 55.25], "uv_size": [5.5, 3.5]},
								"west": {"uv": [2.25, 55.25], "uv_size": [5.5, 3.5]},
								"up": {"uv": [7.75, 58.75], "uv_size": [-5.5, -3.5]},
								"down": {"uv": [7.75, 58.75], "uv_size": [-5.5, -3.5]}
							}
						}
					]
				},
				{
					"name": "Tentacle8",
					"parent": "Tentacle7",
					"pivot": [-2, 18, -13],
					"rotation": [60, 0, 0],
					"cubes": [
						{
							"origin": [-3, 17, -20],
							"size": [2, 2, 7],
							"uv": {
								"north": {"uv": [2.25, 55.25], "uv_size": [5.5, 3.5]},
								"east": {"uv": [2.25, 55.25], "uv_size": [5.5, 3.5]},
								"south": {"uv": [2.25, 55.25], "uv_size": [5.5, 3.5]},
								"west": {"uv": [2.25, 55.25], "uv_size": [5.5, 3.5]},
								"up": {"uv": [7.75, 58.75], "uv_size": [-5.5, -3.5]},
								"down": {"uv": [7.75, 58.75], "uv_size": [-5.5, -3.5]}
							}
						},
						{
							"origin": [-3, 17, -16],
							"size": [2, 2, 2],
							"inflate": 0.1,
							"uv": {
								"north": {"uv": [2.25, 55.25], "uv_size": [5.5, 3.5]},
								"east": {"uv": [2.25, 55.25], "uv_size": [5.5, 3.5]},
								"south": {"uv": [2.25, 55.25], "uv_size": [5.5, 3.5]},
								"west": {"uv": [2.25, 55.25], "uv_size": [5.5, 3.5]},
								"up": {"uv": [7.75, 58.75], "uv_size": [-5.5, -3.5]},
								"down": {"uv": [7.75, 58.75], "uv_size": [-5.5, -3.5]}
							}
						},
						{
							"origin": [-3, 17, -19],
							"size": [2, 2, 2],
							"inflate": 0.1,
							"uv": {
								"north": {"uv": [2.25, 55.25], "uv_size": [5.5, 3.5]},
								"east": {"uv": [2.25, 55.25], "uv_size": [5.5, 3.5]},
								"south": {"uv": [2.25, 55.25], "uv_size": [5.5, 3.5]},
								"west": {"uv": [2.25, 55.25], "uv_size": [5.5, 3.5]},
								"up": {"uv": [7.75, 58.75], "uv_size": [-5.5, -3.5]},
								"down": {"uv": [7.75, 58.75], "uv_size": [-5.5, -3.5]}
							}
						}
					]
				},
				{
					"name": "Tentacle9",
					"parent": "Tentacle8",
					"pivot": [-2, 18, -20],
					"rotation": [30, 0, 0],
					"cubes": [
						{
							"origin": [-3, 17, -27],
							"size": [2, 2, 7],
							"uv": {
								"north": {"uv": [2.25, 55.25], "uv_size": [5.5, 3.5]},
								"east": {"uv": [2.25, 55.25], "uv_size": [5.5, 3.5]},
								"south": {"uv": [2.25, 55.25], "uv_size": [5.5, 3.5]},
								"west": {"uv": [2.25, 55.25], "uv_size": [5.5, 3.5]},
								"up": {"uv": [7.75, 58.75], "uv_size": [-5.5, -3.5]},
								"down": {"uv": [7.75, 58.75], "uv_size": [-5.5, -3.5]}
							}
						},
						{
							"origin": [-3, 17, -23],
							"size": [2, 2, 2],
							"inflate": 0.1,
							"uv": {
								"north": {"uv": [2.25, 55.25], "uv_size": [5.5, 3.5]},
								"east": {"uv": [2.25, 55.25], "uv_size": [5.5, 3.5]},
								"south": {"uv": [2.25, 55.25], "uv_size": [5.5, 3.5]},
								"west": {"uv": [2.25, 55.25], "uv_size": [5.5, 3.5]},
								"up": {"uv": [7.75, 58.75], "uv_size": [-5.5, -3.5]},
								"down": {"uv": [7.75, 58.75], "uv_size": [-5.5, -3.5]}
							}
						},
						{
							"origin": [-3, 17, -26],
							"size": [2, 2, 2],
							"inflate": 0.1,
							"uv": {
								"north": {"uv": [2.25, 55.25], "uv_size": [5.5, 3.5]},
								"east": {"uv": [2.25, 55.25], "uv_size": [5.5, 3.5]},
								"south": {"uv": [2.25, 55.25], "uv_size": [5.5, 3.5]},
								"west": {"uv": [2.25, 55.25], "uv_size": [5.5, 3.5]},
								"up": {"uv": [7.75, 58.75], "uv_size": [-5.5, -3.5]},
								"down": {"uv": [7.75, 58.75], "uv_size": [-5.5, -3.5]}
							}
						}
					]
				},
				{
					"name": "Tentacle10",
					"parent": "Tentacle9",
					"pivot": [-2, 18, -27],
					"rotation": [12.5, 0, 0],
					"cubes": [
						{
							"origin": [-3, 17, -34],
							"size": [2, 2, 7],
							"uv": {
								"north": {"uv": [2.25, 55.25], "uv_size": [5.5, 3.5]},
								"east": {"uv": [2.25, 55.25], "uv_size": [5.5, 3.5]},
								"south": {"uv": [2.25, 55.25], "uv_size": [5.5, 3.5]},
								"west": {"uv": [2.25, 55.25], "uv_size": [5.5, 3.5]},
								"up": {"uv": [7.75, 58.75], "uv_size": [-5.5, -3.5]},
								"down": {"uv": [7.75, 58.75], "uv_size": [-5.5, -3.5]}
							}
						},
						{
							"origin": [-3, 17, -35],
							"size": [2, 2, 1],
							"inflate": -0.1,
							"uv": {
								"north": {"uv": [2.25, 55.25], "uv_size": [5.5, 3.5]},
								"east": {"uv": [2.25, 55.25], "uv_size": [5.5, 3.5]},
								"south": {"uv": [2.25, 55.25], "uv_size": [5.5, 3.5]},
								"west": {"uv": [2.25, 55.25], "uv_size": [5.5, 3.5]},
								"up": {"uv": [7.75, 58.75], "uv_size": [-5.5, -3.5]},
								"down": {"uv": [7.75, 58.75], "uv_size": [-5.5, -3.5]}
							}
						},
						{
							"origin": [-3, 17, -36],
							"size": [2, 2, 2],
							"inflate": -0.2,
							"uv": {
								"north": {"uv": [2.25, 55.25], "uv_size": [5.5, 3.5]},
								"east": {"uv": [2.25, 55.25], "uv_size": [5.5, 3.5]},
								"south": {"uv": [2.25, 55.25], "uv_size": [5.5, 3.5]},
								"west": {"uv": [2.25, 55.25], "uv_size": [5.5, 3.5]},
								"up": {"uv": [7.75, 58.75], "uv_size": [-5.5, -3.5]},
								"down": {"uv": [7.75, 58.75], "uv_size": [-5.5, -3.5]}
							}
						},
						{
							"origin": [-3, 17, -37],
							"size": [2, 2, 2],
							"inflate": -0.3,
							"uv": {
								"north": {"uv": [2.25, 55.25], "uv_size": [5.5, 3.5]},
								"east": {"uv": [2.25, 55.25], "uv_size": [5.5, 3.5]},
								"south": {"uv": [2.25, 55.25], "uv_size": [5.5, 3.5]},
								"west": {"uv": [2.25, 55.25], "uv_size": [5.5, 3.5]},
								"up": {"uv": [7.75, 58.75], "uv_size": [-5.5, -3.5]},
								"down": {"uv": [7.75, 58.75], "uv_size": [-5.5, -3.5]}
							}
						},
						{
							"origin": [-3, 17, -38],
							"size": [2, 2, 2],
							"inflate": -0.4,
							"uv": {
								"north": {"uv": [2.25, 55.25], "uv_size": [5.5, 3.5]},
								"east": {"uv": [2.25, 55.25], "uv_size": [5.5, 3.5]},
								"south": {"uv": [2.25, 55.25], "uv_size": [5.5, 3.5]},
								"west": {"uv": [2.25, 55.25], "uv_size": [5.5, 3.5]},
								"up": {"uv": [7.75, 58.75], "uv_size": [-5.5, -3.5]},
								"down": {"uv": [7.75, 58.75], "uv_size": [-5.5, -3.5]}
							}
						},
						{
							"origin": [-3, 17, -30],
							"size": [2, 2, 2],
							"inflate": 0.1,
							"uv": {
								"north": {"uv": [2.25, 55.25], "uv_size": [5.5, 3.5]},
								"east": {"uv": [2.25, 55.25], "uv_size": [5.5, 3.5]},
								"south": {"uv": [2.25, 55.25], "uv_size": [5.5, 3.5]},
								"west": {"uv": [2.25, 55.25], "uv_size": [5.5, 3.5]},
								"up": {"uv": [7.75, 58.75], "uv_size": [-5.5, -3.5]},
								"down": {"uv": [7.75, 58.75], "uv_size": [-5.5, -3.5]}
							}
						},
						{
							"origin": [-3, 17, -33],
							"size": [2, 2, 2],
							"inflate": 0.1,
							"uv": {
								"north": {"uv": [2.25, 55.25], "uv_size": [5.5, 3.5]},
								"east": {"uv": [2.25, 55.25], "uv_size": [5.5, 3.5]},
								"south": {"uv": [2.25, 55.25], "uv_size": [5.5, 3.5]},
								"west": {"uv": [2.25, 55.25], "uv_size": [5.5, 3.5]},
								"up": {"uv": [7.75, 58.75], "uv_size": [-5.5, -3.5]},
								"down": {"uv": [7.75, 58.75], "uv_size": [-5.5, -3.5]}
							}
						}
					]
				},
				{
					"name": "Tentacle11",
					"parent": "Tentacles",
					"pivot": [-1, 17, 3],
					"rotation": [125, 45, 180],
					"cubes": [
						{
							"origin": [-2, 17, -4],
							"size": [2, 2, 7],
							"uv": {
								"north": {"uv": [2.25, 55.25], "uv_size": [5.5, 3.5]},
								"east": {"uv": [2.25, 55.25], "uv_size": [5.5, 3.5]},
								"south": {"uv": [2.25, 55.25], "uv_size": [5.5, 3.5]},
								"west": {"uv": [2.25, 55.25], "uv_size": [5.5, 3.5]},
								"up": {"uv": [7.75, 58.75], "uv_size": [-5.5, -3.5]},
								"down": {"uv": [7.75, 58.75], "uv_size": [-5.5, -3.5]}
							}
						},
						{
							"origin": [-2, 17, 0],
							"size": [2, 2, 2],
							"inflate": 0.1,
							"uv": {
								"north": {"uv": [2.25, 55.25], "uv_size": [5.5, 3.5]},
								"east": {"uv": [2.25, 55.25], "uv_size": [5.5, 3.5]},
								"south": {"uv": [2.25, 55.25], "uv_size": [5.5, 3.5]},
								"west": {"uv": [2.25, 55.25], "uv_size": [5.5, 3.5]},
								"up": {"uv": [7.75, 58.75], "uv_size": [-5.5, -3.5]},
								"down": {"uv": [7.75, 58.75], "uv_size": [-5.5, -3.5]}
							}
						},
						{
							"origin": [-2, 17, -3],
							"size": [2, 2, 2],
							"inflate": 0.1,
							"uv": {
								"north": {"uv": [2.25, 55.25], "uv_size": [5.5, 3.5]},
								"east": {"uv": [2.25, 55.25], "uv_size": [5.5, 3.5]},
								"south": {"uv": [2.25, 55.25], "uv_size": [5.5, 3.5]},
								"west": {"uv": [2.25, 55.25], "uv_size": [5.5, 3.5]},
								"up": {"uv": [7.75, 58.75], "uv_size": [-5.5, -3.5]},
								"down": {"uv": [7.75, 58.75], "uv_size": [-5.5, -3.5]}
							}
						}
					]
				},
				{
					"name": "Tentacle12",
					"parent": "Tentacle11",
					"pivot": [-1, 18, -4],
					"rotation": [65, 0, 0],
					"cubes": [
						{
							"origin": [-2, 17, -11],
							"size": [2, 2, 7],
							"uv": {
								"north": {"uv": [2.25, 55.25], "uv_size": [5.5, 3.5]},
								"east": {"uv": [2.25, 55.25], "uv_size": [5.5, 3.5]},
								"south": {"uv": [2.25, 55.25], "uv_size": [5.5, 3.5]},
								"west": {"uv": [2.25, 55.25], "uv_size": [5.5, 3.5]},
								"up": {"uv": [7.75, 58.75], "uv_size": [-5.5, -3.5]},
								"down": {"uv": [7.75, 58.75], "uv_size": [-5.5, -3.5]}
							}
						},
						{
							"origin": [-2, 17, -7],
							"size": [2, 2, 2],
							"inflate": 0.1,
							"uv": {
								"north": {"uv": [2.25, 55.25], "uv_size": [5.5, 3.5]},
								"east": {"uv": [2.25, 55.25], "uv_size": [5.5, 3.5]},
								"south": {"uv": [2.25, 55.25], "uv_size": [5.5, 3.5]},
								"west": {"uv": [2.25, 55.25], "uv_size": [5.5, 3.5]},
								"up": {"uv": [7.75, 58.75], "uv_size": [-5.5, -3.5]},
								"down": {"uv": [7.75, 58.75], "uv_size": [-5.5, -3.5]}
							}
						},
						{
							"origin": [-2, 17, -10],
							"size": [2, 2, 2],
							"inflate": 0.1,
							"uv": {
								"north": {"uv": [2.25, 55.25], "uv_size": [5.5, 3.5]},
								"east": {"uv": [2.25, 55.25], "uv_size": [5.5, 3.5]},
								"south": {"uv": [2.25, 55.25], "uv_size": [5.5, 3.5]},
								"west": {"uv": [2.25, 55.25], "uv_size": [5.5, 3.5]},
								"up": {"uv": [7.75, 58.75], "uv_size": [-5.5, -3.5]},
								"down": {"uv": [7.75, 58.75], "uv_size": [-5.5, -3.5]}
							}
						}
					]
				},
				{
					"name": "Tentacle13",
					"parent": "Tentacle12",
					"pivot": [-1, 18, -11],
					"rotation": [60, 0, 0],
					"cubes": [
						{
							"origin": [-2, 17, -18],
							"size": [2, 2, 7],
							"uv": {
								"north": {"uv": [2.25, 55.25], "uv_size": [5.5, 3.5]},
								"east": {"uv": [2.25, 55.25], "uv_size": [5.5, 3.5]},
								"south": {"uv": [2.25, 55.25], "uv_size": [5.5, 3.5]},
								"west": {"uv": [2.25, 55.25], "uv_size": [5.5, 3.5]},
								"up": {"uv": [7.75, 58.75], "uv_size": [-5.5, -3.5]},
								"down": {"uv": [7.75, 58.75], "uv_size": [-5.5, -3.5]}
							}
						},
						{
							"origin": [-2, 17, -14],
							"size": [2, 2, 2],
							"inflate": 0.1,
							"uv": {
								"north": {"uv": [2.25, 55.25], "uv_size": [5.5, 3.5]},
								"east": {"uv": [2.25, 55.25], "uv_size": [5.5, 3.5]},
								"south": {"uv": [2.25, 55.25], "uv_size": [5.5, 3.5]},
								"west": {"uv": [2.25, 55.25], "uv_size": [5.5, 3.5]},
								"up": {"uv": [7.75, 58.75], "uv_size": [-5.5, -3.5]},
								"down": {"uv": [7.75, 58.75], "uv_size": [-5.5, -3.5]}
							}
						},
						{
							"origin": [-2, 17, -17],
							"size": [2, 2, 2],
							"inflate": 0.1,
							"uv": {
								"north": {"uv": [2.25, 55.25], "uv_size": [5.5, 3.5]},
								"east": {"uv": [2.25, 55.25], "uv_size": [5.5, 3.5]},
								"south": {"uv": [2.25, 55.25], "uv_size": [5.5, 3.5]},
								"west": {"uv": [2.25, 55.25], "uv_size": [5.5, 3.5]},
								"up": {"uv": [7.75, 58.75], "uv_size": [-5.5, -3.5]},
								"down": {"uv": [7.75, 58.75], "uv_size": [-5.5, -3.5]}
							}
						}
					]
				},
				{
					"name": "Tentacle14",
					"parent": "Tentacle13",
					"pivot": [-1, 18, -18],
					"rotation": [30, 0, 0],
					"cubes": [
						{
							"origin": [-2, 17, -25],
							"size": [2, 2, 7],
							"uv": {
								"north": {"uv": [2.25, 55.25], "uv_size": [5.5, 3.5]},
								"east": {"uv": [2.25, 55.25], "uv_size": [5.5, 3.5]},
								"south": {"uv": [2.25, 55.25], "uv_size": [5.5, 3.5]},
								"west": {"uv": [2.25, 55.25], "uv_size": [5.5, 3.5]},
								"up": {"uv": [7.75, 58.75], "uv_size": [-5.5, -3.5]},
								"down": {"uv": [7.75, 58.75], "uv_size": [-5.5, -3.5]}
							}
						},
						{
							"origin": [-2, 17, -21],
							"size": [2, 2, 2],
							"inflate": 0.1,
							"uv": {
								"north": {"uv": [2.25, 55.25], "uv_size": [5.5, 3.5]},
								"east": {"uv": [2.25, 55.25], "uv_size": [5.5, 3.5]},
								"south": {"uv": [2.25, 55.25], "uv_size": [5.5, 3.5]},
								"west": {"uv": [2.25, 55.25], "uv_size": [5.5, 3.5]},
								"up": {"uv": [7.75, 58.75], "uv_size": [-5.5, -3.5]},
								"down": {"uv": [7.75, 58.75], "uv_size": [-5.5, -3.5]}
							}
						},
						{
							"origin": [-2, 17, -24],
							"size": [2, 2, 2],
							"inflate": 0.1,
							"uv": {
								"north": {"uv": [2.25, 55.25], "uv_size": [5.5, 3.5]},
								"east": {"uv": [2.25, 55.25], "uv_size": [5.5, 3.5]},
								"south": {"uv": [2.25, 55.25], "uv_size": [5.5, 3.5]},
								"west": {"uv": [2.25, 55.25], "uv_size": [5.5, 3.5]},
								"up": {"uv": [7.75, 58.75], "uv_size": [-5.5, -3.5]},
								"down": {"uv": [7.75, 58.75], "uv_size": [-5.5, -3.5]}
							}
						}
					]
				},
				{
					"name": "Tentacle15",
					"parent": "Tentacle14",
					"pivot": [-1, 18, -25],
					"rotation": [12.5, 0, 0],
					"cubes": [
						{
							"origin": [-2, 17, -32],
							"size": [2, 2, 7],
							"uv": {
								"north": {"uv": [2.25, 55.25], "uv_size": [5.5, 3.5]},
								"east": {"uv": [2.25, 55.25], "uv_size": [5.5, 3.5]},
								"south": {"uv": [2.25, 55.25], "uv_size": [5.5, 3.5]},
								"west": {"uv": [2.25, 55.25], "uv_size": [5.5, 3.5]},
								"up": {"uv": [7.75, 58.75], "uv_size": [-5.5, -3.5]},
								"down": {"uv": [7.75, 58.75], "uv_size": [-5.5, -3.5]}
							}
						},
						{
							"origin": [-2, 17, -33],
							"size": [2, 2, 1],
							"inflate": -0.1,
							"uv": {
								"north": {"uv": [2.25, 55.25], "uv_size": [5.5, 3.5]},
								"east": {"uv": [2.25, 55.25], "uv_size": [5.5, 3.5]},
								"south": {"uv": [2.25, 55.25], "uv_size": [5.5, 3.5]},
								"west": {"uv": [2.25, 55.25], "uv_size": [5.5, 3.5]},
								"up": {"uv": [7.75, 58.75], "uv_size": [-5.5, -3.5]},
								"down": {"uv": [7.75, 58.75], "uv_size": [-5.5, -3.5]}
							}
						},
						{
							"origin": [-2, 17, -34],
							"size": [2, 2, 2],
							"inflate": -0.2,
							"uv": {
								"north": {"uv": [2.25, 55.25], "uv_size": [5.5, 3.5]},
								"east": {"uv": [2.25, 55.25], "uv_size": [5.5, 3.5]},
								"south": {"uv": [2.25, 55.25], "uv_size": [5.5, 3.5]},
								"west": {"uv": [2.25, 55.25], "uv_size": [5.5, 3.5]},
								"up": {"uv": [7.75, 58.75], "uv_size": [-5.5, -3.5]},
								"down": {"uv": [7.75, 58.75], "uv_size": [-5.5, -3.5]}
							}
						},
						{
							"origin": [-2, 17, -35],
							"size": [2, 2, 2],
							"inflate": -0.3,
							"uv": {
								"north": {"uv": [2.25, 55.25], "uv_size": [5.5, 3.5]},
								"east": {"uv": [2.25, 55.25], "uv_size": [5.5, 3.5]},
								"south": {"uv": [2.25, 55.25], "uv_size": [5.5, 3.5]},
								"west": {"uv": [2.25, 55.25], "uv_size": [5.5, 3.5]},
								"up": {"uv": [7.75, 58.75], "uv_size": [-5.5, -3.5]},
								"down": {"uv": [7.75, 58.75], "uv_size": [-5.5, -3.5]}
							}
						},
						{
							"origin": [-2, 17, -36],
							"size": [2, 2, 2],
							"inflate": -0.4,
							"uv": {
								"north": {"uv": [2.25, 55.25], "uv_size": [5.5, 3.5]},
								"east": {"uv": [2.25, 55.25], "uv_size": [5.5, 3.5]},
								"south": {"uv": [2.25, 55.25], "uv_size": [5.5, 3.5]},
								"west": {"uv": [2.25, 55.25], "uv_size": [5.5, 3.5]},
								"up": {"uv": [7.75, 58.75], "uv_size": [-5.5, -3.5]},
								"down": {"uv": [7.75, 58.75], "uv_size": [-5.5, -3.5]}
							}
						},
						{
							"origin": [-2, 17, -28],
							"size": [2, 2, 2],
							"inflate": 0.1,
							"uv": {
								"north": {"uv": [2.25, 55.25], "uv_size": [5.5, 3.5]},
								"east": {"uv": [2.25, 55.25], "uv_size": [5.5, 3.5]},
								"south": {"uv": [2.25, 55.25], "uv_size": [5.5, 3.5]},
								"west": {"uv": [2.25, 55.25], "uv_size": [5.5, 3.5]},
								"up": {"uv": [7.75, 58.75], "uv_size": [-5.5, -3.5]},
								"down": {"uv": [7.75, 58.75], "uv_size": [-5.5, -3.5]}
							}
						},
						{
							"origin": [-2, 17, -31],
							"size": [2, 2, 2],
							"inflate": 0.1,
							"uv": {
								"north": {"uv": [2.25, 55.25], "uv_size": [5.5, 3.5]},
								"east": {"uv": [2.25, 55.25], "uv_size": [5.5, 3.5]},
								"south": {"uv": [2.25, 55.25], "uv_size": [5.5, 3.5]},
								"west": {"uv": [2.25, 55.25], "uv_size": [5.5, 3.5]},
								"up": {"uv": [7.75, 58.75], "uv_size": [-5.5, -3.5]},
								"down": {"uv": [7.75, 58.75], "uv_size": [-5.5, -3.5]}
							}
						}
					]
				},
				{
					"name": "Big_tentacle",
					"parent": "Tentacles",
					"pivot": [-2, 18, 2],
					"rotation": [135, -82.5, 180],
					"cubes": [
						{
							"origin": [-4, 17, -9],
							"size": [4, 2, 11],
							"uv": {
								"north": {"uv": [3.25, 49.75], "uv_size": [5.5, 3.5]},
								"east": {"uv": [3.25, 49.75], "uv_size": [5.5, 3.5]},
								"south": {"uv": [3.25, 49.75], "uv_size": [5.5, 3.5]},
								"west": {"uv": [3.25, 49.75], "uv_size": [5.5, 3.5]},
								"up": {"uv": [8.75, 53.25], "uv_size": [-5.5, -3.5]},
								"down": {"uv": [8.75, 53.25], "uv_size": [-5.5, -3.5]}
							}
						},
						{
							"origin": [-3, 19, -3],
							"size": [2, 2, 4],
							"uv": {
								"north": {"uv": [3.25, 49.75], "uv_size": [5.5, 3.5]},
								"east": {"uv": [3.25, 49.75], "uv_size": [5.5, 3.5]},
								"south": {"uv": [3.25, 49.75], "uv_size": [5.5, 3.5]},
								"west": {"uv": [3.25, 49.75], "uv_size": [5.5, 3.5]},
								"up": {"uv": [8.75, 53.25], "uv_size": [-5.5, -3.5]},
								"down": {"uv": [8.75, 53.25], "uv_size": [-5.5, -3.5]}
							}
						},
						{
							"origin": [-3, 15, -3],
							"size": [2, 2, 4],
							"uv": {
								"north": {"uv": [3.25, 49.75], "uv_size": [5.5, 3.5]},
								"east": {"uv": [3.25, 49.75], "uv_size": [5.5, 3.5]},
								"south": {"uv": [3.25, 49.75], "uv_size": [5.5, 3.5]},
								"west": {"uv": [3.25, 49.75], "uv_size": [5.5, 3.5]},
								"up": {"uv": [8.75, 53.25], "uv_size": [-5.5, -3.5]},
								"down": {"uv": [8.75, 53.25], "uv_size": [-5.5, -3.5]}
							}
						},
						{
							"origin": [-3, 15, -8],
							"size": [2, 2, 4],
							"uv": {
								"north": {"uv": [3.25, 49.75], "uv_size": [5.5, 3.5]},
								"east": {"uv": [3.25, 49.75], "uv_size": [5.5, 3.5]},
								"south": {"uv": [3.25, 49.75], "uv_size": [5.5, 3.5]},
								"west": {"uv": [3.25, 49.75], "uv_size": [5.5, 3.5]},
								"up": {"uv": [8.75, 53.25], "uv_size": [-5.5, -3.5]},
								"down": {"uv": [8.75, 53.25], "uv_size": [-5.5, -3.5]}
							}
						},
						{
							"origin": [-3, 19, -8],
							"size": [2, 2, 4],
							"uv": {
								"north": {"uv": [3.25, 49.75], "uv_size": [5.5, 3.5]},
								"east": {"uv": [3.25, 49.75], "uv_size": [5.5, 3.5]},
								"south": {"uv": [3.25, 49.75], "uv_size": [5.5, 3.5]},
								"west": {"uv": [3.25, 49.75], "uv_size": [5.5, 3.5]},
								"up": {"uv": [8.75, 53.25], "uv_size": [-5.5, -3.5]},
								"down": {"uv": [8.75, 53.25], "uv_size": [-5.5, -3.5]}
							}
						}
					]
				},
				{
					"name": "Big_tentacle2",
					"parent": "Big_tentacle",
					"pivot": [-2, 18, -9],
					"rotation": [62.5, 0, 0],
					"cubes": [
						{
							"origin": [-4, 17, -20],
							"size": [4, 2, 11],
							"uv": {
								"north": {"uv": [3.25, 49.75], "uv_size": [5.5, 3.5]},
								"east": {"uv": [3.25, 49.75], "uv_size": [5.5, 3.5]},
								"south": {"uv": [3.25, 49.75], "uv_size": [5.5, 3.5]},
								"west": {"uv": [3.25, 49.75], "uv_size": [5.5, 3.5]},
								"up": {"uv": [8.75, 53.25], "uv_size": [-5.5, -3.5]},
								"down": {"uv": [8.75, 53.25], "uv_size": [-5.5, -3.5]}
							}
						},
						{
							"origin": [-3, 19, -14],
							"size": [2, 2, 4],
							"uv": {
								"north": {"uv": [3.25, 49.75], "uv_size": [5.5, 3.5]},
								"east": {"uv": [3.25, 49.75], "uv_size": [5.5, 3.5]},
								"south": {"uv": [3.25, 49.75], "uv_size": [5.5, 3.5]},
								"west": {"uv": [3.25, 49.75], "uv_size": [5.5, 3.5]},
								"up": {"uv": [8.75, 53.25], "uv_size": [-5.5, -3.5]},
								"down": {"uv": [8.75, 53.25], "uv_size": [-5.5, -3.5]}
							}
						},
						{
							"origin": [-3, 15, -14],
							"size": [2, 2, 4],
							"uv": {
								"north": {"uv": [3.25, 49.75], "uv_size": [5.5, 3.5]},
								"east": {"uv": [3.25, 49.75], "uv_size": [5.5, 3.5]},
								"south": {"uv": [3.25, 49.75], "uv_size": [5.5, 3.5]},
								"west": {"uv": [3.25, 49.75], "uv_size": [5.5, 3.5]},
								"up": {"uv": [8.75, 53.25], "uv_size": [-5.5, -3.5]},
								"down": {"uv": [8.75, 53.25], "uv_size": [-5.5, -3.5]}
							}
						},
						{
							"origin": [-3, 15, -19],
							"size": [2, 2, 4],
							"uv": {
								"north": {"uv": [3.25, 49.75], "uv_size": [5.5, 3.5]},
								"east": {"uv": [3.25, 49.75], "uv_size": [5.5, 3.5]},
								"south": {"uv": [3.25, 49.75], "uv_size": [5.5, 3.5]},
								"west": {"uv": [3.25, 49.75], "uv_size": [5.5, 3.5]},
								"up": {"uv": [8.75, 53.25], "uv_size": [-5.5, -3.5]},
								"down": {"uv": [8.75, 53.25], "uv_size": [-5.5, -3.5]}
							}
						},
						{
							"origin": [-3, 19, -19],
							"size": [2, 2, 4],
							"uv": {
								"north": {"uv": [3.25, 49.75], "uv_size": [5.5, 3.5]},
								"east": {"uv": [3.25, 49.75], "uv_size": [5.5, 3.5]},
								"south": {"uv": [3.25, 49.75], "uv_size": [5.5, 3.5]},
								"west": {"uv": [3.25, 49.75], "uv_size": [5.5, 3.5]},
								"up": {"uv": [8.75, 53.25], "uv_size": [-5.5, -3.5]},
								"down": {"uv": [8.75, 53.25], "uv_size": [-5.5, -3.5]}
							}
						}
					]
				},
				{
					"name": "Big_tentacle3",
					"parent": "Big_tentacle2",
					"pivot": [-2, 18, -20],
					"rotation": [52.5, 0, 0],
					"cubes": [
						{
							"origin": [-4, 17, -31],
							"size": [4, 2, 11],
							"uv": {
								"north": {"uv": [3.25, 49.75], "uv_size": [5.5, 3.5]},
								"east": {"uv": [3.25, 49.75], "uv_size": [5.5, 3.5]},
								"south": {"uv": [3.25, 49.75], "uv_size": [5.5, 3.5]},
								"west": {"uv": [3.25, 49.75], "uv_size": [5.5, 3.5]},
								"up": {"uv": [8.75, 53.25], "uv_size": [-5.5, -3.5]},
								"down": {"uv": [8.75, 53.25], "uv_size": [-5.5, -3.5]}
							}
						},
						{
							"origin": [-3, 19, -25],
							"size": [2, 2, 4],
							"uv": {
								"north": {"uv": [3.25, 49.75], "uv_size": [5.5, 3.5]},
								"east": {"uv": [3.25, 49.75], "uv_size": [5.5, 3.5]},
								"south": {"uv": [3.25, 49.75], "uv_size": [5.5, 3.5]},
								"west": {"uv": [3.25, 49.75], "uv_size": [5.5, 3.5]},
								"up": {"uv": [8.75, 53.25], "uv_size": [-5.5, -3.5]},
								"down": {"uv": [8.75, 53.25], "uv_size": [-5.5, -3.5]}
							}
						},
						{
							"origin": [-3, 15, -25],
							"size": [2, 2, 4],
							"uv": {
								"north": {"uv": [3.25, 49.75], "uv_size": [5.5, 3.5]},
								"east": {"uv": [3.25, 49.75], "uv_size": [5.5, 3.5]},
								"south": {"uv": [3.25, 49.75], "uv_size": [5.5, 3.5]},
								"west": {"uv": [3.25, 49.75], "uv_size": [5.5, 3.5]},
								"up": {"uv": [8.75, 53.25], "uv_size": [-5.5, -3.5]},
								"down": {"uv": [8.75, 53.25], "uv_size": [-5.5, -3.5]}
							}
						},
						{
							"origin": [-3, 15, -30],
							"size": [2, 2, 4],
							"uv": {
								"north": {"uv": [3.25, 49.75], "uv_size": [5.5, 3.5]},
								"east": {"uv": [3.25, 49.75], "uv_size": [5.5, 3.5]},
								"south": {"uv": [3.25, 49.75], "uv_size": [5.5, 3.5]},
								"west": {"uv": [3.25, 49.75], "uv_size": [5.5, 3.5]},
								"up": {"uv": [8.75, 53.25], "uv_size": [-5.5, -3.5]},
								"down": {"uv": [8.75, 53.25], "uv_size": [-5.5, -3.5]}
							}
						},
						{
							"origin": [-3, 19, -30],
							"size": [2, 2, 4],
							"uv": {
								"north": {"uv": [3.25, 49.75], "uv_size": [5.5, 3.5]},
								"east": {"uv": [3.25, 49.75], "uv_size": [5.5, 3.5]},
								"south": {"uv": [3.25, 49.75], "uv_size": [5.5, 3.5]},
								"west": {"uv": [3.25, 49.75], "uv_size": [5.5, 3.5]},
								"up": {"uv": [8.75, 53.25], "uv_size": [-5.5, -3.5]},
								"down": {"uv": [8.75, 53.25], "uv_size": [-5.5, -3.5]}
							}
						}
					]
				},
				{
					"name": "Big_tentacle4",
					"parent": "Big_tentacle3",
					"pivot": [-2, 18, -31],
					"rotation": [45, 0, 0],
					"cubes": [
						{
							"origin": [-4, 17, -42],
							"size": [4, 2, 11],
							"uv": {
								"north": {"uv": [3.25, 49.75], "uv_size": [5.5, 3.5]},
								"east": {"uv": [3.25, 49.75], "uv_size": [5.5, 3.5]},
								"south": {"uv": [3.25, 49.75], "uv_size": [5.5, 3.5]},
								"west": {"uv": [3.25, 49.75], "uv_size": [5.5, 3.5]},
								"up": {"uv": [8.75, 53.25], "uv_size": [-5.5, -3.5]},
								"down": {"uv": [8.75, 53.25], "uv_size": [-5.5, -3.5]}
							}
						},
						{
							"origin": [-3, 19, -36],
							"size": [2, 2, 4],
							"uv": {
								"north": {"uv": [3.25, 49.75], "uv_size": [5.5, 3.5]},
								"east": {"uv": [3.25, 49.75], "uv_size": [5.5, 3.5]},
								"south": {"uv": [3.25, 49.75], "uv_size": [5.5, 3.5]},
								"west": {"uv": [3.25, 49.75], "uv_size": [5.5, 3.5]},
								"up": {"uv": [8.75, 53.25], "uv_size": [-5.5, -3.5]},
								"down": {"uv": [8.75, 53.25], "uv_size": [-5.5, -3.5]}
							}
						},
						{
							"origin": [-3, 15, -36],
							"size": [2, 2, 4],
							"uv": {
								"north": {"uv": [3.25, 49.75], "uv_size": [5.5, 3.5]},
								"east": {"uv": [3.25, 49.75], "uv_size": [5.5, 3.5]},
								"south": {"uv": [3.25, 49.75], "uv_size": [5.5, 3.5]},
								"west": {"uv": [3.25, 49.75], "uv_size": [5.5, 3.5]},
								"up": {"uv": [8.75, 53.25], "uv_size": [-5.5, -3.5]},
								"down": {"uv": [8.75, 53.25], "uv_size": [-5.5, -3.5]}
							}
						},
						{
							"origin": [-3, 15, -41],
							"size": [2, 2, 4],
							"uv": {
								"north": {"uv": [3.25, 49.75], "uv_size": [5.5, 3.5]},
								"east": {"uv": [3.25, 49.75], "uv_size": [5.5, 3.5]},
								"south": {"uv": [3.25, 49.75], "uv_size": [5.5, 3.5]},
								"west": {"uv": [3.25, 49.75], "uv_size": [5.5, 3.5]},
								"up": {"uv": [8.75, 53.25], "uv_size": [-5.5, -3.5]},
								"down": {"uv": [8.75, 53.25], "uv_size": [-5.5, -3.5]}
							}
						},
						{
							"origin": [-3, 19, -41],
							"size": [2, 2, 4],
							"uv": {
								"north": {"uv": [3.25, 49.75], "uv_size": [5.5, 3.5]},
								"east": {"uv": [3.25, 49.75], "uv_size": [5.5, 3.5]},
								"south": {"uv": [3.25, 49.75], "uv_size": [5.5, 3.5]},
								"west": {"uv": [3.25, 49.75], "uv_size": [5.5, 3.5]},
								"up": {"uv": [8.75, 53.25], "uv_size": [-5.5, -3.5]},
								"down": {"uv": [8.75, 53.25], "uv_size": [-5.5, -3.5]}
							}
						}
					]
				},
				{
					"name": "Big_tentacle5",
					"parent": "Big_tentacle4",
					"pivot": [-2, 18, -41],
					"rotation": [45, 0, 0],
					"cubes": [
						{
							"origin": [-4, 17, -52],
							"size": [4, 2, 11],
							"uv": {
								"north": {"uv": [3.25, 49.75], "uv_size": [5.5, 3.5]},
								"east": {"uv": [3.25, 49.75], "uv_size": [5.5, 3.5]},
								"south": {"uv": [3.25, 49.75], "uv_size": [5.5, 3.5]},
								"west": {"uv": [3.25, 49.75], "uv_size": [5.5, 3.5]},
								"up": {"uv": [8.75, 53.25], "uv_size": [-5.5, -3.5]},
								"down": {"uv": [8.75, 53.25], "uv_size": [-5.5, -3.5]}
							}
						},
						{
							"origin": [-4, 17, -53],
							"size": [4, 2, 2],
							"inflate": -0.1,
							"uv": {
								"north": {"uv": [3.25, 49.75], "uv_size": [5.5, 3.5]},
								"east": {"uv": [3.25, 49.75], "uv_size": [5.5, 3.5]},
								"south": {"uv": [3.25, 49.75], "uv_size": [5.5, 3.5]},
								"west": {"uv": [3.25, 49.75], "uv_size": [5.5, 3.5]},
								"up": {"uv": [8.75, 53.25], "uv_size": [-5.5, -3.5]},
								"down": {"uv": [8.75, 53.25], "uv_size": [-5.5, -3.5]}
							}
						},
						{
							"origin": [-4, 17, -54],
							"size": [4, 2, 2],
							"inflate": -0.2,
							"uv": {
								"north": {"uv": [3.25, 49.75], "uv_size": [5.5, 3.5]},
								"east": {"uv": [3.25, 49.75], "uv_size": [5.5, 3.5]},
								"south": {"uv": [3.25, 49.75], "uv_size": [5.5, 3.5]},
								"west": {"uv": [3.25, 49.75], "uv_size": [5.5, 3.5]},
								"up": {"uv": [8.75, 53.25], "uv_size": [-5.5, -3.5]},
								"down": {"uv": [8.75, 53.25], "uv_size": [-5.5, -3.5]}
							}
						},
						{
							"origin": [-4, 17, -55],
							"size": [4, 2, 2],
							"inflate": -0.3,
							"uv": {
								"north": {"uv": [3.25, 49.75], "uv_size": [5.5, 3.5]},
								"east": {"uv": [3.25, 49.75], "uv_size": [5.5, 3.5]},
								"south": {"uv": [3.25, 49.75], "uv_size": [5.5, 3.5]},
								"west": {"uv": [3.25, 49.75], "uv_size": [5.5, 3.5]},
								"up": {"uv": [8.75, 53.25], "uv_size": [-5.5, -3.5]},
								"down": {"uv": [8.75, 53.25], "uv_size": [-5.5, -3.5]}
							}
						},
						{
							"origin": [-4, 17, -56],
							"size": [3, 2, 2],
							"inflate": -0.3,
							"uv": {
								"north": {"uv": [3.25, 49.75], "uv_size": [5.5, 3.5]},
								"east": {"uv": [3.25, 49.75], "uv_size": [5.5, 3.5]},
								"south": {"uv": [3.25, 49.75], "uv_size": [5.5, 3.5]},
								"west": {"uv": [3.25, 49.75], "uv_size": [5.5, 3.5]},
								"up": {"uv": [8.75, 53.25], "uv_size": [-5.5, -3.5]},
								"down": {"uv": [8.75, 53.25], "uv_size": [-5.5, -3.5]}
							}
						},
						{
							"origin": [-4, 17, -57],
							"size": [2, 2, 2],
							"inflate": -0.3,
							"uv": {
								"north": {"uv": [3.25, 49.75], "uv_size": [5.5, 3.5]},
								"east": {"uv": [3.25, 49.75], "uv_size": [5.5, 3.5]},
								"south": {"uv": [3.25, 49.75], "uv_size": [5.5, 3.5]},
								"west": {"uv": [3.25, 49.75], "uv_size": [5.5, 3.5]},
								"up": {"uv": [8.75, 53.25], "uv_size": [-5.5, -3.5]},
								"down": {"uv": [8.75, 53.25], "uv_size": [-5.5, -3.5]}
							}
						},
						{
							"origin": [-3, 19, -46],
							"size": [2, 2, 4],
							"uv": {
								"north": {"uv": [3.25, 49.75], "uv_size": [5.5, 3.5]},
								"east": {"uv": [3.25, 49.75], "uv_size": [5.5, 3.5]},
								"south": {"uv": [3.25, 49.75], "uv_size": [5.5, 3.5]},
								"west": {"uv": [3.25, 49.75], "uv_size": [5.5, 3.5]},
								"up": {"uv": [8.75, 53.25], "uv_size": [-5.5, -3.5]},
								"down": {"uv": [8.75, 53.25], "uv_size": [-5.5, -3.5]}
							}
						},
						{
							"origin": [-3, 15, -46],
							"size": [2, 2, 4],
							"uv": {
								"north": {"uv": [3.25, 49.75], "uv_size": [5.5, 3.5]},
								"east": {"uv": [3.25, 49.75], "uv_size": [5.5, 3.5]},
								"south": {"uv": [3.25, 49.75], "uv_size": [5.5, 3.5]},
								"west": {"uv": [3.25, 49.75], "uv_size": [5.5, 3.5]},
								"up": {"uv": [8.75, 53.25], "uv_size": [-5.5, -3.5]},
								"down": {"uv": [8.75, 53.25], "uv_size": [-5.5, -3.5]}
							}
						},
						{
							"origin": [-3, 15, -51],
							"size": [2, 2, 4],
							"uv": {
								"north": {"uv": [3.25, 49.75], "uv_size": [5.5, 3.5]},
								"east": {"uv": [3.25, 49.75], "uv_size": [5.5, 3.5]},
								"south": {"uv": [3.25, 49.75], "uv_size": [5.5, 3.5]},
								"west": {"uv": [3.25, 49.75], "uv_size": [5.5, 3.5]},
								"up": {"uv": [8.75, 53.25], "uv_size": [-5.5, -3.5]},
								"down": {"uv": [8.75, 53.25], "uv_size": [-5.5, -3.5]}
							}
						},
						{
							"origin": [-3, 19, -51],
							"size": [2, 2, 4],
							"uv": {
								"north": {"uv": [3.25, 49.75], "uv_size": [5.5, 3.5]},
								"east": {"uv": [3.25, 49.75], "uv_size": [5.5, 3.5]},
								"south": {"uv": [3.25, 49.75], "uv_size": [5.5, 3.5]},
								"west": {"uv": [3.25, 49.75], "uv_size": [5.5, 3.5]},
								"up": {"uv": [8.75, 53.25], "uv_size": [-5.5, -3.5]},
								"down": {"uv": [8.75, 53.25], "uv_size": [-5.5, -3.5]}
							}
						}
					]
				},
				{
					"name": "Head",
					"parent": "Body",
					"pivot": [0, 24, 0],
					"cubes": [
						{
							"origin": [-4, 24, -4],
							"size": [8, 8, 8],
							"uv": {
								"north": {"uv": [8, 8], "uv_size": [8, 8]},
								"east": {"uv": [0, 8], "uv_size": [8, 8]},
								"south": {"uv": [24, 8], "uv_size": [8, 8]},
								"west": {"uv": [16, 8], "uv_size": [8, 8]},
								"up": {"uv": [8, 0], "uv_size": [8, 8]},
								"down": {"uv": [16, 8], "uv_size": [8, -8]}
							}
						},
						{
							"origin": [-4, 24, -4],
							"size": [8, 8, 8],
							"inflate": 0.5,
							"uv": {
								"north": {"uv": [40, 8], "uv_size": [8, 8]},
								"east": {"uv": [32, 8], "uv_size": [8, 8]},
								"south": {"uv": [56, 8], "uv_size": [8, 8]},
								"west": {"uv": [48, 8], "uv_size": [8, 8]},
								"up": {"uv": [40, 0], "uv_size": [8, 8]},
								"down": {"uv": [48, 8], "uv_size": [8, -8]}
							}
						}
					]
				},
				{
					"name": "RightArm",
					"parent": "Body",
					"pivot": [-5, 22, 0],
					"cubes": [
						{
							"origin": [-8, 12, -2],
							"size": [4, 12, 4],
							"uv": {
								"north": {"uv": [44, 20], "uv_size": [4, 12]},
								"east": {"uv": [40, 20], "uv_size": [4, 12]},
								"south": {"uv": [52, 20], "uv_size": [4, 12]},
								"west": {"uv": [48, 20], "uv_size": [4, 12]},
								"up": {"uv": [44, 16], "uv_size": [4, 4]},
								"down": {"uv": [48, 20], "uv_size": [4, -4]}
							}
						}
					]
				},
				{
					"name": "LeftArm",
					"parent": "Body",
					"pivot": [5, 22, 0],
					"cubes": [
						{
							"origin": [4, 12, -2],
							"size": [4, 12, 4],
							"inflate": 0.001,
							"uv": {
								"north": {"uv": [49, 20], "uv_size": [-1, -4]},
								"east": {"uv": [49, 20], "uv_size": [-1, -4]},
								"south": {"uv": [49, 20], "uv_size": [-1, -4]},
								"west": {"uv": [49, 20], "uv_size": [-1, -4]},
								"up": {"uv": [48, 16], "uv_size": [1, 4]},
								"down": {"uv": [48, 16], "uv_size": [4, 4]}
							}
						}
					]
				},
				{
					"name": "LeftArm2",
					"parent": "LeftArm",
					"pivot": [4, 25, 0],
					"cubes": [
						{
							"origin": [4, 23, -2.5],
							"size": [4, 1, 1],
							"uv": {
								"north": {"uv": [47.75, 23.5], "uv_size": [1, 1]},
								"east": {"uv": [47.75, 23.5], "uv_size": [1, 1]},
								"south": {"uv": [47.75, 23.5], "uv_size": [1, 1]},
								"west": {"uv": [47.75, 23.5], "uv_size": [1, 1]},
								"up": {"uv": [48.75, 24.5], "uv_size": [-1, -1]},
								"down": {"uv": [48.75, 24.5], "uv_size": [-1, -1]}
							}
						},
						{
							"origin": [4, 23, 1.5],
							"size": [4, 1, 1],
							"uv": {
								"north": {"uv": [47.75, 23.5], "uv_size": [1, 1]},
								"east": {"uv": [47.75, 23.5], "uv_size": [1, 1]},
								"south": {"uv": [47.75, 23.5], "uv_size": [1, 1]},
								"west": {"uv": [47.75, 23.5], "uv_size": [1, 1]},
								"up": {"uv": [48.75, 24.5], "uv_size": [-1, -1]},
								"down": {"uv": [48.75, 24.5], "uv_size": [-1, -1]}
							}
						},
						{
							"origin": [4, 23.5, -2],
							"size": [4, 1, 4],
							"uv": {
								"north": {"uv": [47.75, 23.5], "uv_size": [1, 1]},
								"east": {"uv": [47.75, 23.5], "uv_size": [1, 1]},
								"south": {"uv": [47.75, 23.5], "uv_size": [1, 1]},
								"west": {"uv": [47.75, 23.5], "uv_size": [1, 1]},
								"up": {"uv": [48.75, 24.5], "uv_size": [-1, -1]},
								"down": {"uv": [48.75, 24.5], "uv_size": [-1, -1]}
							}
						},
						{
							"origin": [3.95, 20, -2],
							"size": [1, 4, 4],
							"uv": {
								"north": {"uv": [47.75, 23.5], "uv_size": [1, 1]},
								"east": {"uv": [47.75, 23.5], "uv_size": [1, 1]},
								"south": {"uv": [47.75, 23.5], "uv_size": [1, 1]},
								"west": {"uv": [47.75, 23.5], "uv_size": [1, 1]},
								"up": {"uv": [48.75, 24.5], "uv_size": [-1, -1]},
								"down": {"uv": [48.75, 24.5], "uv_size": [-1, -1]}
							}
						},
						{
							"origin": [3.95, 19, -2],
							"size": [1, 1, 4],
							"uv": {
								"north": {"uv": [39, 29.5], "uv_size": [1, 1]},
								"east": {"uv": [39, 29.5], "uv_size": [1, 1]},
								"south": {"uv": [39, 29.5], "uv_size": [1, 1]},
								"west": {"uv": [39, 29.5], "uv_size": [1, 1]},
								"up": {"uv": [40, 30.5], "uv_size": [-1, -1]},
								"down": {"uv": [40, 30.5], "uv_size": [-1, -1]}
							}
						},
						{
							"origin": [7, 22, -2.5],
							"size": [1, 1, 1],
							"uv": {
								"north": {"uv": [47.75, 23.5], "uv_size": [1, 1]},
								"east": {"uv": [47.75, 23.5], "uv_size": [1, 1]},
								"south": {"uv": [47.75, 23.5], "uv_size": [1, 1]},
								"west": {"uv": [47.75, 23.5], "uv_size": [1, 1]},
								"up": {"uv": [48.75, 24.5], "uv_size": [-1, -1]},
								"down": {"uv": [48.75, 24.5], "uv_size": [-1, -1]}
							}
						},
						{
							"origin": [7, 22, 1.5],
							"size": [1, 1, 1],
							"uv": {
								"north": {"uv": [47.75, 23.5], "uv_size": [1, 1]},
								"east": {"uv": [47.75, 23.5], "uv_size": [1, 1]},
								"south": {"uv": [47.75, 23.5], "uv_size": [1, 1]},
								"west": {"uv": [47.75, 23.5], "uv_size": [1, 1]},
								"up": {"uv": [48.75, 24.5], "uv_size": [-1, -1]},
								"down": {"uv": [48.75, 24.5], "uv_size": [-1, -1]}
							}
						},
						{
							"origin": [5, 21, -2.5],
							"size": [1, 2, 1],
							"uv": {
								"north": {"uv": [47.75, 23.5], "uv_size": [1, 1]},
								"east": {"uv": [47.75, 23.5], "uv_size": [1, 1]},
								"south": {"uv": [47.75, 23.5], "uv_size": [1, 1]},
								"west": {"uv": [47.75, 23.5], "uv_size": [1, 1]},
								"up": {"uv": [48.75, 24.5], "uv_size": [-1, -1]},
								"down": {"uv": [48.75, 24.5], "uv_size": [-1, -1]}
							}
						},
						{
							"origin": [6, 21, 1.5],
							"size": [1, 2, 1],
							"uv": {
								"north": {"uv": [47.75, 23.5], "uv_size": [1, 1]},
								"east": {"uv": [47.75, 23.5], "uv_size": [1, 1]},
								"south": {"uv": [47.75, 23.5], "uv_size": [1, 1]},
								"west": {"uv": [47.75, 23.5], "uv_size": [1, 1]},
								"up": {"uv": [48.75, 24.5], "uv_size": [-1, -1]},
								"down": {"uv": [48.75, 24.5], "uv_size": [-1, -1]}
							}
						},
						{
							"origin": [4, 20, -2.5],
							"size": [2, 1, 1],
							"uv": {
								"north": {"uv": [47.75, 23.5], "uv_size": [1, 1]},
								"east": {"uv": [47.75, 23.5], "uv_size": [1, 1]},
								"south": {"uv": [47.75, 23.5], "uv_size": [1, 1]},
								"west": {"uv": [47.75, 23.5], "uv_size": [1, 1]},
								"up": {"uv": [48.75, 24.5], "uv_size": [-1, -1]},
								"down": {"uv": [48.75, 24.5], "uv_size": [-1, -1]}
							}
						},
						{
							"origin": [4, 20, 1.5],
							"size": [2, 1, 1],
							"uv": {
								"north": {"uv": [47.75, 23.5], "uv_size": [1, 1]},
								"east": {"uv": [47.75, 23.5], "uv_size": [1, 1]},
								"south": {"uv": [47.75, 23.5], "uv_size": [1, 1]},
								"west": {"uv": [47.75, 23.5], "uv_size": [1, 1]},
								"up": {"uv": [48.75, 24.5], "uv_size": [-1, -1]},
								"down": {"uv": [48.75, 24.5], "uv_size": [-1, -1]}
							}
						},
						{
							"origin": [7, 21, -2.5],
							"size": [1, 1, 1],
							"uv": {
								"north": {"uv": [39, 29.5], "uv_size": [1, 1]},
								"east": {"uv": [39, 29.5], "uv_size": [1, 1]},
								"south": {"uv": [39, 29.5], "uv_size": [1, 1]},
								"west": {"uv": [39, 29.5], "uv_size": [1, 1]},
								"up": {"uv": [40, 30.5], "uv_size": [-1, -1]},
								"down": {"uv": [40, 30.5], "uv_size": [-1, -1]}
							}
						},
						{
							"origin": [7, 21, 1.5],
							"size": [1, 1, 1],
							"uv": {
								"north": {"uv": [39, 29.5], "uv_size": [1, 1]},
								"east": {"uv": [39, 29.5], "uv_size": [1, 1]},
								"south": {"uv": [39, 29.5], "uv_size": [1, 1]},
								"west": {"uv": [39, 29.5], "uv_size": [1, 1]},
								"up": {"uv": [40, 30.5], "uv_size": [-1, -1]},
								"down": {"uv": [40, 30.5], "uv_size": [-1, -1]}
							}
						},
						{
							"origin": [4, 19, -2.5],
							"size": [2, 1, 1],
							"uv": {
								"north": {"uv": [39, 29.5], "uv_size": [1, 1]},
								"east": {"uv": [39, 29.5], "uv_size": [1, 1]},
								"south": {"uv": [39, 29.5], "uv_size": [1, 1]},
								"west": {"uv": [39, 29.5], "uv_size": [1, 1]},
								"up": {"uv": [40, 30.5], "uv_size": [-1, -1]},
								"down": {"uv": [40, 30.5], "uv_size": [-1, -1]}
							}
						},
						{
							"origin": [4, 19, 1.5],
							"size": [2, 1, 1],
							"uv": {
								"north": {"uv": [39, 29.5], "uv_size": [1, 1]},
								"east": {"uv": [39, 29.5], "uv_size": [1, 1]},
								"south": {"uv": [39, 29.5], "uv_size": [1, 1]},
								"west": {"uv": [39, 29.5], "uv_size": [1, 1]},
								"up": {"uv": [40, 30.5], "uv_size": [-1, -1]},
								"down": {"uv": [40, 30.5], "uv_size": [-1, -1]}
							}
						},
						{
							"origin": [6, 20, -2.5],
							"size": [1, 1, 1],
							"uv": {
								"north": {"uv": [39, 29.5], "uv_size": [1, 1]},
								"east": {"uv": [39, 29.5], "uv_size": [1, 1]},
								"south": {"uv": [39, 29.5], "uv_size": [1, 1]},
								"west": {"uv": [39, 29.5], "uv_size": [1, 1]},
								"up": {"uv": [40, 30.5], "uv_size": [-1, -1]},
								"down": {"uv": [40, 30.5], "uv_size": [-1, -1]}
							}
						},
						{
							"origin": [6, 20, 1.5],
							"size": [1, 1, 1],
							"uv": {
								"north": {"uv": [39, 29.5], "uv_size": [1, 1]},
								"east": {"uv": [39, 29.5], "uv_size": [1, 1]},
								"south": {"uv": [39, 29.5], "uv_size": [1, 1]},
								"west": {"uv": [39, 29.5], "uv_size": [1, 1]},
								"up": {"uv": [40, 30.5], "uv_size": [-1, -1]},
								"down": {"uv": [40, 30.5], "uv_size": [-1, -1]}
							}
						},
						{
							"origin": [8, 22, -2.5],
							"size": [1, 1, 1],
							"uv": {
								"north": {"uv": [39, 29.5], "uv_size": [1, 1]},
								"east": {"uv": [39, 29.5], "uv_size": [1, 1]},
								"south": {"uv": [39, 29.5], "uv_size": [1, 1]},
								"west": {"uv": [39, 29.5], "uv_size": [1, 1]},
								"up": {"uv": [40, 30.5], "uv_size": [-1, -1]},
								"down": {"uv": [40, 30.5], "uv_size": [-1, -1]}
							}
						},
						{
							"origin": [8, 22, 1.5],
							"size": [1, 1, 1],
							"uv": {
								"north": {"uv": [39, 29.5], "uv_size": [1, 1]},
								"east": {"uv": [39, 29.5], "uv_size": [1, 1]},
								"south": {"uv": [39, 29.5], "uv_size": [1, 1]},
								"west": {"uv": [39, 29.5], "uv_size": [1, 1]},
								"up": {"uv": [40, 30.5], "uv_size": [-1, -1]},
								"down": {"uv": [40, 30.5], "uv_size": [-1, -1]}
							}
						},
						{
							"origin": [8, 23, -2.5],
							"size": [1, 1, 1],
							"uv": {
								"north": {"uv": [39, 29.5], "uv_size": [1, 1]},
								"east": {"uv": [39, 29.5], "uv_size": [1, 1]},
								"south": {"uv": [39, 29.5], "uv_size": [1, 1]},
								"west": {"uv": [39, 29.5], "uv_size": [1, 1]},
								"up": {"uv": [40, 30.5], "uv_size": [-1, -1]},
								"down": {"uv": [40, 30.5], "uv_size": [-1, -1]}
							}
						},
						{
							"origin": [8, 23, 1.5],
							"size": [1, 1, 1],
							"uv": {
								"north": {"uv": [39, 29.5], "uv_size": [1, 1]},
								"east": {"uv": [39, 29.5], "uv_size": [1, 1]},
								"south": {"uv": [39, 29.5], "uv_size": [1, 1]},
								"west": {"uv": [39, 29.5], "uv_size": [1, 1]},
								"up": {"uv": [40, 30.5], "uv_size": [-1, -1]},
								"down": {"uv": [40, 30.5], "uv_size": [-1, -1]}
							}
						},
						{
							"origin": [8, 23.5, -2],
							"size": [1, 1, 4],
							"uv": {
								"north": {"uv": [39, 29.5], "uv_size": [1, 1]},
								"east": {"uv": [39, 29.5], "uv_size": [1, 1]},
								"south": {"uv": [39, 29.5], "uv_size": [1, 1]},
								"west": {"uv": [39, 29.5], "uv_size": [1, 1]},
								"up": {"uv": [40, 30.5], "uv_size": [-1, -1]},
								"down": {"uv": [40, 30.5], "uv_size": [-1, -1]}
							}
						},
						{
							"origin": [4, 22, -2.5],
							"size": [1, 1, 1],
							"uv": {
								"north": {"uv": [47.75, 23.5], "uv_size": [1, 1]},
								"east": {"uv": [47.75, 23.5], "uv_size": [1, 1]},
								"south": {"uv": [47.75, 23.5], "uv_size": [1, 1]},
								"west": {"uv": [47.75, 23.5], "uv_size": [1, 1]},
								"up": {"uv": [48.75, 24.5], "uv_size": [-1, -1]},
								"down": {"uv": [48.75, 24.5], "uv_size": [-1, -1]}
							}
						},
						{
							"origin": [4, 22, 1.5],
							"size": [1, 1, 1],
							"uv": {
								"north": {"uv": [47.75, 23.5], "uv_size": [1, 1]},
								"east": {"uv": [47.75, 23.5], "uv_size": [1, 1]},
								"south": {"uv": [47.75, 23.5], "uv_size": [1, 1]},
								"west": {"uv": [47.75, 23.5], "uv_size": [1, 1]},
								"up": {"uv": [48.75, 24.5], "uv_size": [-1, -1]},
								"down": {"uv": [48.75, 24.5], "uv_size": [-1, -1]}
							}
						}
					]
				},
				{
					"name": "RightLeg",
					"parent": "root",
					"pivot": [-1.9, 12, 0],
					"cubes": [
						{
							"origin": [-3.9, 0, -2],
							"size": [4, 12, 4],
							"uv": {
								"north": {"uv": [4, 20], "uv_size": [4, 12]},
								"east": {"uv": [0, 20], "uv_size": [4, 12]},
								"south": {"uv": [12, 20], "uv_size": [4, 12]},
								"west": {"uv": [8, 20], "uv_size": [4, 12]},
								"up": {"uv": [4, 16], "uv_size": [4, 4]},
								"down": {"uv": [8, 20], "uv_size": [4, -4]}
							}
						}
					]
				},
				{
					"name": "LeftLeg",
					"parent": "root",
					"pivot": [1.9, 12, 0],
					"cubes": [
						{
							"origin": [-0.1, 0, -2],
							"size": [4, 12, 4],
							"uv": {
								"north": {"uv": [8, 20], "uv_size": [-4, 12]},
								"east": {"uv": [12, 20], "uv_size": [-4, 12]},
								"south": {"uv": [16, 20], "uv_size": [-4, 12]},
								"west": {"uv": [4, 20], "uv_size": [-4, 12]},
								"up": {"uv": [8, 16], "uv_size": [-4, 4]},
								"down": {"uv": [12, 20], "uv_size": [-4, -4]}
							}
						}
					]
				}
			]
		}
	]
}