{
	"format_version": "1.12.0",
	"minecraft:geometry": [
		{
			"description": {
				"identifier": "geometry.kimetsu_nezuko",
				"texture_width": 225,
				"texture_height": 225,
				"visible_bounds_width": 3,
				"visible_bounds_height": 3.5,
				"visible_bounds_offset": [0, 1.25, 0]
			},
			"bones": [
				{
					"name": "root",
					"pivot": [0, 0, 0]
				},
				{
					"name": "waist",
					"parent": "root",
					"pivot": [0, 12, 0]
				},
				{
					"name": "Body",
					"parent": "waist",
					"pivot": [0, 24, 0],
					"cubes": [
						{"origin": [-4, 12, -2], "size": [8, 12, 4], "uv": [16, 16]}
					]
				},
				{
					"name": "body2",
					"parent": "Body",
					"pivot": [0, 24, 0],
					"cubes": [
						{
							"origin": [-3.82445, 24.01638, 2.2],
							"size": [2.3, 0.2, 0.4],
							"uv": {
								"north": {"uv": [86.5, 131], "uv_size": [37.75, 62]},
								"east": {"uv": [86.5, 131], "uv_size": [37.75, 62]},
								"south": {"uv": [86.5, 131], "uv_size": [37.75, 62]},
								"west": {"uv": [86.5, 131], "uv_size": [37.75, 62]},
								"up": {"uv": [124.25, 193], "uv_size": [-37.75, -62]},
								"down": {"uv": [124.25, 193], "uv_size": [-37.75, -62]}
							}
						},
						{
							"origin": [-4.2, 12.8, -2.2],
							"size": [0.2, 11.2, 4.3],
							"uv": {
								"north": {"uv": [86.5, 131], "uv_size": [37.75, 62]},
								"east": {"uv": [86.5, 131], "uv_size": [37.75, 62]},
								"south": {"uv": [86.5, 131], "uv_size": [37.75, 62]},
								"west": {"uv": [86.5, 131], "uv_size": [37.75, 62]},
								"up": {"uv": [124.25, 193], "uv_size": [-37.75, -62]},
								"down": {"uv": [124.25, 193], "uv_size": [-37.75, -62]}
							}
						},
						{
							"origin": [-2, 24, 2],
							"size": [2, 0.2, 0.6],
							"uv": {
								"north": {"uv": [86.5, 131], "uv_size": [37.75, 62]},
								"east": {"uv": [86.5, 131], "uv_size": [37.75, 62]},
								"south": {"uv": [86.5, 131], "uv_size": [37.75, 62]},
								"west": {"uv": [86.5, 131], "uv_size": [37.75, 62]},
								"up": {"uv": [124.25, 193], "uv_size": [-37.75, -62]},
								"down": {"uv": [124.25, 193], "uv_size": [-37.75, -62]}
							}
						},
						{
							"origin": [-4.19199, 12.2, 2.0701],
							"size": [1, 11.8, 0.3],
							"pivot": [-3.69199, 17.7, 2.2201],
							"rotation": [0, -30, 0],
							"uv": {
								"north": {"uv": [86.5, 131], "uv_size": [37.75, 62]},
								"east": {"uv": [86.5, 131], "uv_size": [37.75, 62]},
								"south": {"uv": [86.5, 131], "uv_size": [37.75, 62]},
								"west": {"uv": [86.5, 131], "uv_size": [37.75, 62]},
								"up": {"uv": [124.25, 193], "uv_size": [-37.75, -62]},
								"down": {"uv": [124.25, 193], "uv_size": [-37.75, -62]}
							}
						},
						{
							"origin": [-3.33397, 11.5, 2.3],
							"size": [3.3, 12.5, 0.3],
							"uv": {
								"north": {"uv": [86.5, 131], "uv_size": [37.75, 62]},
								"east": {"uv": [86.5, 131], "uv_size": [37.75, 62]},
								"south": {"uv": [86.5, 131], "uv_size": [37.75, 62]},
								"west": {"uv": [86.5, 131], "uv_size": [37.75, 62]},
								"up": {"uv": [124.25, 193], "uv_size": [-37.75, -62]},
								"down": {"uv": [124.25, 193], "uv_size": [-37.75, -62]}
							}
						},
						{
							"origin": [-4, 12.8, -2.3],
							"size": [2, 11.2, 0.2],
							"uv": {
								"north": {"uv": [86.5, 131], "uv_size": [37.75, 62]},
								"east": {"uv": [86.5, 131], "uv_size": [37.75, 62]},
								"south": {"uv": [86.5, 131], "uv_size": [37.75, 62]},
								"west": {"uv": [86.5, 131], "uv_size": [37.75, 62]},
								"up": {"uv": [124.25, 193], "uv_size": [-37.75, -62]},
								"down": {"uv": [124.25, 193], "uv_size": [-37.75, -62]}
							}
						},
						{
							"origin": [2, 24, 2.2],
							"size": [1.3, 0.2, 0.4],
							"uv": {
								"north": {"uv": [86.5, 131], "uv_size": [37.75, 62]},
								"east": {"uv": [86.5, 131], "uv_size": [37.75, 62]},
								"south": {"uv": [86.5, 131], "uv_size": [37.75, 62]},
								"west": {"uv": [86.5, 131], "uv_size": [37.75, 62]},
								"up": {"uv": [124.25, 193], "uv_size": [-37.75, -62]},
								"down": {"uv": [124.25, 193], "uv_size": [-37.75, -62]}
							}
						},
						{
							"origin": [0, 24, 2],
							"size": [2, 0.2, 0.6],
							"uv": {
								"north": {"uv": [86.5, 131], "uv_size": [37.75, 62]},
								"east": {"uv": [86.5, 131], "uv_size": [37.75, 62]},
								"south": {"uv": [86.5, 131], "uv_size": [37.75, 62]},
								"west": {"uv": [86.5, 131], "uv_size": [37.75, 62]},
								"up": {"uv": [124.25, 193], "uv_size": [-37.75, -62]},
								"down": {"uv": [124.25, 193], "uv_size": [-37.75, -62]}
							}
						},
						{
							"origin": [3.19199, 12.2, 2.0701],
							"size": [1, 11.8, 0.3],
							"pivot": [3.69199, 17.7, 2.2201],
							"rotation": [0, 30, 0],
							"uv": {
								"north": {"uv": [86.5, 131], "uv_size": [37.75, 62]},
								"east": {"uv": [86.5, 131], "uv_size": [37.75, 62]},
								"south": {"uv": [86.5, 131], "uv_size": [37.75, 62]},
								"west": {"uv": [86.5, 131], "uv_size": [37.75, 62]},
								"up": {"uv": [124.25, 193], "uv_size": [-37.75, -62]},
								"down": {"uv": [124.25, 193], "uv_size": [-37.75, -62]}
							}
						},
						{
							"origin": [4, 12.8, -2.2],
							"size": [0.2, 11.2, 4.3],
							"uv": {
								"north": {"uv": [86.5, 131], "uv_size": [37.75, 62]},
								"east": {"uv": [86.5, 131], "uv_size": [37.75, 62]},
								"south": {"uv": [86.5, 131], "uv_size": [37.75, 62]},
								"west": {"uv": [86.5, 131], "uv_size": [37.75, 62]},
								"up": {"uv": [124.25, 193], "uv_size": [-37.75, -62]},
								"down": {"uv": [124.25, 193], "uv_size": [-37.75, -62]}
							}
						},
						{
							"origin": [2, 24, -2.2],
							"size": [2.2, 0.2, 4.4],
							"uv": {
								"north": {"uv": [86.5, 131], "uv_size": [37.75, 62]},
								"east": {"uv": [86.5, 131], "uv_size": [37.75, 62]},
								"south": {"uv": [86.5, 131], "uv_size": [37.75, 62]},
								"west": {"uv": [86.5, 131], "uv_size": [37.75, 62]},
								"up": {"uv": [124.25, 193], "uv_size": [-37.75, -62]},
								"down": {"uv": [124.25, 193], "uv_size": [-37.75, -62]}
							}
						},
						{
							"origin": [-4.2, 24, -2.2],
							"size": [2.2, 0.2, 4.4],
							"uv": {
								"north": {"uv": [86.5, 131], "uv_size": [37.75, 62]},
								"east": {"uv": [86.5, 131], "uv_size": [37.75, 62]},
								"south": {"uv": [86.5, 131], "uv_size": [37.75, 62]},
								"west": {"uv": [86.5, 131], "uv_size": [37.75, 62]},
								"up": {"uv": [124.25, 193], "uv_size": [-37.75, -62]},
								"down": {"uv": [124.25, 193], "uv_size": [-37.75, -62]}
							}
						},
						{
							"origin": [-0.06603, 11.5, 2.3],
							"size": [3.4, 12.5, 0.3],
							"uv": {
								"north": {"uv": [86.5, 131], "uv_size": [37.75, 62]},
								"east": {"uv": [86.5, 131], "uv_size": [37.75, 62]},
								"south": {"uv": [86.5, 131], "uv_size": [37.75, 62]},
								"west": {"uv": [86.5, 131], "uv_size": [37.75, 62]},
								"up": {"uv": [124.25, 193], "uv_size": [-37.75, -62]},
								"down": {"uv": [124.25, 193], "uv_size": [-37.75, -62]}
							}
						},
						{
							"origin": [2, 24, -2.2],
							"size": [2.2, 0.2, 4.4],
							"uv": {
								"north": {"uv": [86.5, 131], "uv_size": [37.75, 62]},
								"east": {"uv": [86.5, 131], "uv_size": [37.75, 62]},
								"south": {"uv": [86.5, 131], "uv_size": [37.75, 62]},
								"west": {"uv": [86.5, 131], "uv_size": [37.75, 62]},
								"up": {"uv": [124.25, 193], "uv_size": [-37.75, -62]},
								"down": {"uv": [124.25, 193], "uv_size": [-37.75, -62]}
							}
						},
						{
							"origin": [2, 12.8, -2.3],
							"size": [2, 11.2, 0.2],
							"uv": {
								"north": {"uv": [86.5, 131], "uv_size": [37.75, 62]},
								"east": {"uv": [86.5, 131], "uv_size": [37.75, 62]},
								"south": {"uv": [86.5, 131], "uv_size": [37.75, 62]},
								"west": {"uv": [86.5, 131], "uv_size": [37.75, 62]},
								"up": {"uv": [124.25, 193], "uv_size": [-37.75, -62]},
								"down": {"uv": [124.25, 193], "uv_size": [-37.75, -62]}
							}
						},
						{
							"origin": [-3.3, 12.8, -2.1],
							"size": [5.9, 11.2, 0.2],
							"uv": {
								"north": {"uv": [143.5, 96.5], "uv_size": [37.75, 62]},
								"east": {"uv": [143.5, 96.5], "uv_size": [37.75, 62]},
								"south": {"uv": [143.5, 96.5], "uv_size": [37.75, 62]},
								"west": {"uv": [143.5, 96.5], "uv_size": [37.75, 62]},
								"up": {"uv": [181.25, 158.5], "uv_size": [-37.75, -62]},
								"down": {"uv": [181.25, 158.5], "uv_size": [-37.75, -62]}
							}
						},
						{
							"origin": [-2.2, 15.6, -2.2],
							"size": [4.3, 2.2, 0.1],
							"uv": {
								"north": {"uv": [138.5, 169.25], "uv_size": [56.25, 24.25]},
								"east": {"uv": [138.5, 169.25], "uv_size": [56.25, 24.25]},
								"south": {"uv": [138.5, 169.25], "uv_size": [56.25, 24.25]},
								"west": {"uv": [138.5, 169.25], "uv_size": [56.25, 24.25]},
								"up": {"uv": [194.75, 193.5], "uv_size": [-56.25, -24.25]},
								"down": {"uv": [194.75, 193.5], "uv_size": [-56.25, -24.25]}
							}
						},
						{
							"origin": [11.1, 17.7, -2.2],
							"size": [2.3, 2.3, 0.2],
							"pivot": [0, 0, -0.1],
							"rotation": [0, 0, -38.5],
							"uv": {
								"north": {"uv": [78, 92.25], "uv_size": [37.75, 9.75]},
								"east": {"uv": [78, 92.25], "uv_size": [37.75, 9.75]},
								"south": {"uv": [78, 92.25], "uv_size": [37.75, 9.75]},
								"west": {"uv": [78, 92.25], "uv_size": [37.75, 9.75]},
								"up": {"uv": [115.75, 102], "uv_size": [-37.75, -9.75]},
								"down": {"uv": [115.75, 102], "uv_size": [-37.75, -9.75]}
							}
						},
						{
							"origin": [-13.2, 18.4, -2.2],
							"size": [2.2, 2, 0.2],
							"pivot": [0, 0, -0.1],
							"rotation": [0, 0, 37.5],
							"uv": {
								"north": {"uv": [78, 92.25], "uv_size": [37.75, 9.75]},
								"east": {"uv": [78, 92.25], "uv_size": [37.75, 9.75]},
								"south": {"uv": [78, 92.25], "uv_size": [37.75, 9.75]},
								"west": {"uv": [78, 92.25], "uv_size": [37.75, 9.75]},
								"up": {"uv": [115.75, 102], "uv_size": [-37.75, -9.75]},
								"down": {"uv": [115.75, 102], "uv_size": [-37.75, -9.75]}
							}
						}
					]
				},
				{
					"name": "bone24",
					"parent": "body2",
					"pivot": [0, 1.4, 4.4],
					"rotation": [18.5, 0, 0]
				},
				{
					"name": "bone2",
					"parent": "bone24",
					"pivot": [-5.75852, 9.0883, 5.55977],
					"rotation": [10, 0, 0],
					"cubes": [
						{
							"origin": [-5.58937, 6.00372, 7.19942],
							"size": [0.2, 10, 0.7],
							"pivot": [-5.48937, 9.50372, 7.29942],
							"rotation": [0, 45, 15],
							"uv": {
								"north": {"uv": [85.75, 122.75], "uv_size": [37.75, 62]},
								"east": {"uv": [85.75, 122.75], "uv_size": [37.75, 62]},
								"south": {"uv": [85.75, 122.75], "uv_size": [37.75, 62]},
								"west": {"uv": [85.75, 122.75], "uv_size": [37.75, 62]},
								"up": {"uv": [123.5, 184.75], "uv_size": [-37.75, -62]},
								"down": {"uv": [123.5, 184.75], "uv_size": [-37.75, -62]}
							}
						},
						{
							"origin": [-5.36809, 6.01498, 3.34706],
							"size": [0.2, 10, 3.3],
							"pivot": [-5.26809, 11.51498, 5.49706],
							"rotation": [0, 0, 15],
							"uv": {
								"north": {"uv": [85.75, 122.75], "uv_size": [37.75, 62]},
								"east": {"uv": [85.75, 122.75], "uv_size": [37.75, 62]},
								"south": {"uv": [85.75, 122.75], "uv_size": [37.75, 62]},
								"west": {"uv": [85.75, 122.75], "uv_size": [37.75, 62]},
								"up": {"uv": [123.5, 184.75], "uv_size": [-37.75, -62]},
								"down": {"uv": [123.5, 184.75], "uv_size": [-37.75, -62]}
							}
						},
						{
							"origin": [-2.00589, 5.02995, 7.88728],
							"size": [0.175, 10, 2.475],
							"pivot": [-1.93303, 8.52995, 7.98728],
							"rotation": [0, 90, 7],
							"uv": {
								"north": {"uv": [85.75, 122.75], "uv_size": [37.75, 62]},
								"east": {"uv": [85.75, 122.75], "uv_size": [37.75, 62]},
								"south": {"uv": [85.75, 122.75], "uv_size": [37.75, 62]},
								"west": {"uv": [85.75, 122.75], "uv_size": [37.75, 62]},
								"up": {"uv": [123.5, 184.75], "uv_size": [-37.75, -62]},
								"down": {"uv": [123.5, 184.75], "uv_size": [-37.75, -62]}
							}
						},
						{
							"origin": [-4.52445, 5.71895, 7.86228],
							"size": [0.2, 10, 3.075],
							"pivot": [-4.42659, 9.21895, 7.96228],
							"rotation": [0, 90, 15],
							"uv": {
								"north": {"uv": [85.75, 122.75], "uv_size": [37.75, 62]},
								"east": {"uv": [85.75, 122.75], "uv_size": [37.75, 62]},
								"south": {"uv": [85.75, 122.75], "uv_size": [37.75, 62]},
								"west": {"uv": [85.75, 122.75], "uv_size": [37.75, 62]},
								"up": {"uv": [123.5, 184.75], "uv_size": [-37.75, -62]},
								"down": {"uv": [123.5, 184.75], "uv_size": [-37.75, -62]}
							}
						},
						{
							"origin": [-5.12166, 5.87839, 7.64028],
							"size": [0.2, 10, 0.7],
							"pivot": [-5.02166, 9.37839, 7.74028],
							"rotation": [0, 67.5, 15],
							"uv": {
								"north": {"uv": [85.75, 122.75], "uv_size": [37.75, 62]},
								"east": {"uv": [85.75, 122.75], "uv_size": [37.75, 62]},
								"south": {"uv": [85.75, 122.75], "uv_size": [37.75, 62]},
								"west": {"uv": [85.75, 122.75], "uv_size": [37.75, 62]},
								"up": {"uv": [123.5, 184.75], "uv_size": [-37.75, -62]},
								"down": {"uv": [123.5, 184.75], "uv_size": [-37.75, -62]}
							}
						},
						{
							"origin": [-5.85852, 6.07583, 6.60683],
							"size": [0.2, 10, 0.7],
							"pivot": [-5.75852, 9.57583, 6.70683],
							"rotation": [0, 22.5, 15],
							"uv": {
								"north": {"uv": [85.75, 122.75], "uv_size": [37.75, 62]},
								"east": {"uv": [85.75, 122.75], "uv_size": [37.75, 62]},
								"south": {"uv": [85.75, 122.75], "uv_size": [37.75, 62]},
								"west": {"uv": [85.75, 122.75], "uv_size": [37.75, 62]},
								"up": {"uv": [123.5, 184.75], "uv_size": [-37.75, -62]},
								"down": {"uv": [123.5, 184.75], "uv_size": [-37.75, -62]}
							}
						}
					]
				},
				{
					"name": "bone14",
					"parent": "bone24",
					"pivot": [4.42659, 8.73142, 6.81522],
					"rotation": [10, 0, 0],
					"cubes": [
						{
							"origin": [-1.36627, 4.84989, 8.97046],
							"size": [0.175, 10, 2.675],
							"pivot": [-1.29341, 8.34989, 8.07046],
							"rotation": [0, 90, -7],
							"uv": {
								"north": {"uv": [86.5, 131], "uv_size": [37.75, 62]},
								"east": {"uv": [86.5, 131], "uv_size": [37.75, 62]},
								"south": {"uv": [86.5, 131], "uv_size": [37.75, 62]},
								"west": {"uv": [86.5, 131], "uv_size": [37.75, 62]},
								"up": {"uv": [124.25, 193], "uv_size": [-37.75, -62]},
								"down": {"uv": [124.25, 193], "uv_size": [-37.75, -62]}
							}
						},
						{
							"origin": [5.03868, 6.21053, 3.4281],
							"size": [0.2, 10, 3.3],
							"pivot": [5.13868, 12.21053, 5.5781],
							"rotation": [0, 0, -15],
							"uv": {
								"north": {"uv": [86.5, 131], "uv_size": [37.75, 62]},
								"east": {"uv": [86.5, 131], "uv_size": [37.75, 62]},
								"south": {"uv": [86.5, 131], "uv_size": [37.75, 62]},
								"west": {"uv": [86.5, 131], "uv_size": [37.75, 62]},
								"up": {"uv": [124.25, 193], "uv_size": [-37.75, -62]},
								"down": {"uv": [124.25, 193], "uv_size": [-37.75, -62]}
							}
						},
						{
							"origin": [5.65852, 6.28842, 6.68787],
							"size": [0.2, 10, 0.7],
							"pivot": [5.75852, 9.78842, 6.78787],
							"rotation": [0, -22.5, -15],
							"uv": {
								"north": {"uv": [86.5, 131], "uv_size": [37.75, 62]},
								"east": {"uv": [86.5, 131], "uv_size": [37.75, 62]},
								"south": {"uv": [86.5, 131], "uv_size": [37.75, 62]},
								"west": {"uv": [86.5, 131], "uv_size": [37.75, 62]},
								"up": {"uv": [124.25, 193], "uv_size": [-37.75, -62]},
								"down": {"uv": [124.25, 193], "uv_size": [-37.75, -62]}
							}
						},
						{
							"origin": [5.38937, 6.21631, 7.28046],
							"size": [0.2, 10, 0.7],
							"pivot": [5.48937, 9.71631, 7.38046],
							"rotation": [0, -45, -15],
							"uv": {
								"north": {"uv": [86.5, 131], "uv_size": [37.75, 62]},
								"east": {"uv": [86.5, 131], "uv_size": [37.75, 62]},
								"south": {"uv": [86.5, 131], "uv_size": [37.75, 62]},
								"west": {"uv": [86.5, 131], "uv_size": [37.75, 62]},
								"up": {"uv": [124.25, 193], "uv_size": [-37.75, -62]},
								"down": {"uv": [124.25, 193], "uv_size": [-37.75, -62]}
							}
						},
						{
							"origin": [4.92166, 6.09098, 7.72132],
							"size": [0.2, 10, 0.7],
							"pivot": [5.02166, 9.59098, 7.82132],
							"rotation": [0, -67.5, -15],
							"uv": {
								"north": {"uv": [86.5, 131], "uv_size": [37.75, 62]},
								"east": {"uv": [86.5, 131], "uv_size": [37.75, 62]},
								"south": {"uv": [86.5, 131], "uv_size": [37.75, 62]},
								"west": {"uv": [86.5, 131], "uv_size": [37.75, 62]},
								"up": {"uv": [124.25, 193], "uv_size": [-37.75, -62]},
								"down": {"uv": [124.25, 193], "uv_size": [-37.75, -62]}
							}
						},
						{
							"origin": [4.32659, 5.93154, 7.94332],
							"size": [0.2, 10, 3.05],
							"pivot": [4.42659, 9.43154, 8.04332],
							"rotation": [0, -90, -15],
							"uv": {
								"north": {"uv": [86.5, 131], "uv_size": [37.75, 62]},
								"east": {"uv": [86.5, 131], "uv_size": [37.75, 62]},
								"south": {"uv": [86.5, 131], "uv_size": [37.75, 62]},
								"west": {"uv": [86.5, 131], "uv_size": [37.75, 62]},
								"up": {"uv": [124.25, 193], "uv_size": [-37.75, -62]},
								"down": {"uv": [124.25, 193], "uv_size": [-37.75, -62]}
							}
						}
					]
				},
				{
					"name": "bone",
					"parent": "body2",
					"pivot": [0, 0, 0],
					"cubes": [
						{
							"origin": [0.2, 19.4, -2.5],
							"size": [3.1, 3.9, 1.4],
							"pivot": [2, 21.15, -3.2],
							"rotation": [-14, -5, 0],
							"uv": {
								"north": {"uv": [143.5, 96.5], "uv_size": [37.75, 62]},
								"east": {"uv": [143.5, 96.5], "uv_size": [37.75, 62]},
								"south": {"uv": [143.5, 96.5], "uv_size": [37.75, 62]},
								"west": {"uv": [143.5, 96.5], "uv_size": [37.75, 62]},
								"up": {"uv": [181.25, 158.5], "uv_size": [-37.75, -62]},
								"down": {"uv": [181.25, 158.5], "uv_size": [-37.75, -62]}
							}
						},
						{
							"origin": [-3.1, 19.4, -2.5],
							"size": [3, 3.9, 1.4],
							"pivot": [-2, 21.15, -3.2],
							"rotation": [-14, 5, 0],
							"uv": {
								"north": {"uv": [143.5, 96.5], "uv_size": [37.75, 62]},
								"east": {"uv": [143.5, 96.5], "uv_size": [37.75, 62]},
								"south": {"uv": [143.5, 96.5], "uv_size": [37.75, 62]},
								"west": {"uv": [143.5, 96.5], "uv_size": [37.75, 62]},
								"up": {"uv": [181.25, 158.5], "uv_size": [-37.75, -62]},
								"down": {"uv": [181.25, 158.5], "uv_size": [-37.75, -62]}
							}
						}
					]
				},
				{
					"name": "bone3",
					"parent": "body2",
					"pivot": [-5.48937, 4.20372, -0.00058],
					"rotation": [24, 0, 0]
				},
				{
					"name": "bone4",
					"parent": "bone3",
					"pivot": [-3.66324, 4.29746, -0.51817],
					"cubes": [
						{
							"origin": [-6.78643, 4.12562, -1.58758],
							"size": [0.2, 8, 3.075],
							"pivot": [-2.33131, 3.94058, 0.73728],
							"rotation": [0, 90, 15],
							"uv": {
								"north": {"uv": [186.25, 106.5], "uv_size": [-30.25, 60.25]},
								"east": {"uv": [186.25, 106.5], "uv_size": [-30.25, 60.25]},
								"south": {"uv": [186.25, 106.5], "uv_size": [-30.25, 60.25]},
								"west": {"uv": [186.25, 106.5], "uv_size": [-30.25, 60.25]},
								"up": {"uv": [156, 166.75], "uv_size": [30.25, -60.25]},
								"down": {"uv": [156, 166.75], "uv_size": [30.25, -0.75]}
							}
						},
						{
							"origin": [-8.14834, 4.41039, 1.48225],
							"size": [0.2, 8, 0.7],
							"pivot": [-3.39409, 4.22535, 0.07442],
							"rotation": [0, 45, 15],
							"uv": {
								"north": {"uv": [186.25, 106.5], "uv_size": [-30.25, 60.25]},
								"east": {"uv": [186.25, 106.5], "uv_size": [-30.25, 60.25]},
								"south": {"uv": [186.25, 106.5], "uv_size": [-30.25, 60.25]},
								"west": {"uv": [186.25, 106.5], "uv_size": [-30.25, 60.25]},
								"up": {"uv": [156, 166.75], "uv_size": [30.25, -60.25]},
								"down": {"uv": [156, 166.75], "uv_size": [30.25, -0.75]}
							}
						},
						{
							"origin": [-7.90337, 4.28506, 0.02724],
							"size": [0.2, 8, 0.7],
							"pivot": [-2.92638, 4.10002, 0.51528],
							"rotation": [0, 67.5, 15],
							"uv": {
								"north": {"uv": [186.25, 106.5], "uv_size": [-30.25, 60.25]},
								"east": {"uv": [186.25, 106.5], "uv_size": [-30.25, 60.25]},
								"south": {"uv": [186.25, 106.5], "uv_size": [-30.25, 60.25]},
								"west": {"uv": [186.25, 106.5], "uv_size": [-30.25, 60.25]},
								"up": {"uv": [156, 166.75], "uv_size": [30.25, -60.25]},
								"down": {"uv": [156, 166.75], "uv_size": [30.25, -0.75]}
							}
						},
						{
							"origin": [-7.48618, 4.4825, 2.556],
							"size": [0.2, 7.5, 0.7],
							"pivot": [-3.66324, 4.29746, -0.51817],
							"rotation": [0, 22.5, 15],
							"uv": {
								"north": {"uv": [186.25, 106.5], "uv_size": [-30.25, 60.25]},
								"east": {"uv": [186.25, 106.5], "uv_size": [-30.25, 60.25]},
								"south": {"uv": [186.25, 106.5], "uv_size": [-30.25, 60.25]},
								"west": {"uv": [186.25, 106.5], "uv_size": [-30.25, 60.25]},
								"up": {"uv": [156, 166.75], "uv_size": [30.25, -60.25]},
								"down": {"uv": [156, 166.75], "uv_size": [30.25, -0.75]}
							}
						}
					]
				},
				{
					"name": "bone5",
					"parent": "bone3",
					"pivot": [3.35248, 3.70544, 0.4478],
					"cubes": [
						{
							"origin": [-7.53143, 4.02516, 2.2448],
							"size": [0.175, 7.7, 3.975],
							"pivot": [-3.08383, 2.9169, 0.7448],
							"rotation": [0, 90, 0],
							"uv": {
								"north": {"uv": [186.25, 106.5], "uv_size": [-30.25, 60.25]},
								"east": {"uv": [186.25, 106.5], "uv_size": [-30.25, 60.25]},
								"south": {"uv": [186.25, 106.5], "uv_size": [-30.25, 60.25]},
								"west": {"uv": [186.25, 106.5], "uv_size": [-30.25, 60.25]},
								"up": {"uv": [156, 166.75], "uv_size": [30.25, -60.25]},
								"down": {"uv": [156, 166.75], "uv_size": [30.25, -0.75]}
							}
						},
						{
							"origin": [7.11777, 4.07926, -1.81366],
							"size": [0.2, 7.8, 3.05],
							"pivot": [2.84303, 3.49642, 0.71766],
							"rotation": [0, -90, -15],
							"uv": {
								"north": {"uv": [186.25, 106.5], "uv_size": [-30.25, 60.25]},
								"east": {"uv": [186.25, 106.5], "uv_size": [-30.25, 60.25]},
								"south": {"uv": [186.25, 106.5], "uv_size": [-30.25, 60.25]},
								"west": {"uv": [186.25, 106.5], "uv_size": [-30.25, 60.25]},
								"up": {"uv": [156, 166.75], "uv_size": [30.25, -60.25]},
								"down": {"uv": [156, 166.75], "uv_size": [30.25, -0.75]}
							}
						},
						{
							"origin": [7.99534, 4.43614, 2.47353],
							"size": [0.2, 6.7, 0.7],
							"pivot": [4.17495, 3.8533, -0.53778],
							"rotation": [0, -22.5, -15],
							"uv": {
								"north": {"uv": [186.25, 106.5], "uv_size": [-30.25, 60.25]},
								"east": {"uv": [186.25, 106.5], "uv_size": [-30.25, 60.25]},
								"south": {"uv": [186.25, 106.5], "uv_size": [-30.25, 60.25]},
								"west": {"uv": [186.25, 106.5], "uv_size": [-30.25, 60.25]},
								"up": {"uv": [156, 166.75], "uv_size": [30.25, -60.25]},
								"down": {"uv": [156, 166.75], "uv_size": [30.25, -0.75]}
							}
						},
						{
							"origin": [8.59253, 4.36061, 1.32901],
							"size": [0.2, 7.9, 0.7],
							"pivot": [3.87992, 3.87777, 0.05481],
							"rotation": [0, -45, -15],
							"uv": {
								"north": {"uv": [186.25, 106.5], "uv_size": [-30.25, 60.25]},
								"east": {"uv": [186.25, 106.5], "uv_size": [-30.25, 60.25]},
								"south": {"uv": [186.25, 106.5], "uv_size": [-30.25, 60.25]},
								"west": {"uv": [186.25, 106.5], "uv_size": [-30.25, 60.25]},
								"up": {"uv": [156, 166.75], "uv_size": [30.25, -60.25]},
								"down": {"uv": [156, 166.75], "uv_size": [30.25, -0.75]}
							}
						},
						{
							"origin": [8.31025, 4.2387, -0.17644],
							"size": [0.2, 7.8, 0.7],
							"pivot": [3.4381, 3.65586, 0.49566],
							"rotation": [0, -67.5, -15],
							"uv": {
								"north": {"uv": [186.25, 106.5], "uv_size": [-30.25, 60.25]},
								"east": {"uv": [186.25, 106.5], "uv_size": [-30.25, 60.25]},
								"south": {"uv": [186.25, 106.5], "uv_size": [-30.25, 60.25]},
								"west": {"uv": [186.25, 106.5], "uv_size": [-30.25, 60.25]},
								"up": {"uv": [156, 166.75], "uv_size": [30.25, -60.25]},
								"down": {"uv": [156, 166.75], "uv_size": [30.25, -0.75]}
							}
						}
					]
				},
				{
					"name": "bone6",
					"parent": "bone3",
					"pivot": [5.71063, 4.00372, 0.89942],
					"rotation": [-140.97487, 2.00642, -179.92012]
				},
				{
					"name": "bone7",
					"parent": "bone6",
					"pivot": [7.53676, 4.09746, 0.38183],
					"cubes": [
						{
							"origin": [4.49086, 3.89694, -0.86677],
							"size": [0.2, 8, 3.075],
							"pivot": [8.86869, 3.74058, 1.63728],
							"rotation": [0, 90, 15],
							"uv": {
								"north": {"uv": [186.25, 106.5], "uv_size": [-30.25, 60.25]},
								"east": {"uv": [186.25, 106.5], "uv_size": [-30.25, 60.25]},
								"south": {"uv": [186.25, 106.5], "uv_size": [-30.25, 60.25]},
								"west": {"uv": [186.25, 106.5], "uv_size": [-30.25, 60.25]},
								"up": {"uv": [156, 166.75], "uv_size": [30.25, -60.25]},
								"down": {"uv": [156, 166.75], "uv_size": [30.25, -0.75]}
							}
						},
						{
							"origin": [2.97959, 4.18171, 2.2009],
							"size": [0.2, 8, 0.7],
							"pivot": [7.80591, 4.02535, 0.97442],
							"rotation": [0, 45, 15],
							"uv": {
								"north": {"uv": [186.25, 106.5], "uv_size": [-30.25, 60.25]},
								"east": {"uv": [186.25, 106.5], "uv_size": [-30.25, 60.25]},
								"south": {"uv": [186.25, 106.5], "uv_size": [-30.25, 60.25]},
								"west": {"uv": [186.25, 106.5], "uv_size": [-30.25, 60.25]},
								"up": {"uv": [156, 166.75], "uv_size": [30.25, -60.25]},
								"down": {"uv": [156, 166.75], "uv_size": [30.25, -0.75]}
							}
						},
						{
							"origin": [3.29945, 4.05638, 0.7321],
							"size": [0.2, 8, 0.7],
							"pivot": [8.27362, 3.90002, 1.41528],
							"rotation": [0, 67.5, 15],
							"uv": {
								"north": {"uv": [186.25, 106.5], "uv_size": [-30.25, 60.25]},
								"east": {"uv": [186.25, 106.5], "uv_size": [-30.25, 60.25]},
								"south": {"uv": [186.25, 106.5], "uv_size": [-30.25, 60.25]},
								"west": {"uv": [186.25, 106.5], "uv_size": [-30.25, 60.25]},
								"up": {"uv": [156, 166.75], "uv_size": [30.25, -60.25]},
								"down": {"uv": [156, 166.75], "uv_size": [30.25, -0.75]}
							}
						},
						{
							"origin": [3.34853, 4.34264, 3.25996],
							"size": [0.2, 7.9, 0.7],
							"pivot": [7.2815, 4.18628, 0.32462],
							"rotation": [0, 24.5, 15],
							"uv": {
								"north": {"uv": [186.25, 106.5], "uv_size": [-30.25, 60.25]},
								"east": {"uv": [186.25, 106.5], "uv_size": [-30.25, 60.25]},
								"south": {"uv": [186.25, 106.5], "uv_size": [-30.25, 60.25]},
								"west": {"uv": [186.25, 106.5], "uv_size": [-30.25, 60.25]},
								"up": {"uv": [156, 166.75], "uv_size": [30.25, -60.25]},
								"down": {"uv": [156, 166.75], "uv_size": [30.25, -0.75]}
							}
						}
					]
				},
				{
					"name": "bone17",
					"parent": "bone6",
					"pivot": [14.55248, 3.50544, 1.3478],
					"cubes": [
						{
							"origin": [18.20117, 3.97261, -0.75088],
							"size": [0.2, 7.8, 3.05],
							"pivot": [14.04303, 3.29642, 1.61766],
							"rotation": [0, -90, -15],
							"uv": {
								"north": {"uv": [186.25, 106.5], "uv_size": [-30.25, 60.25]},
								"east": {"uv": [186.25, 106.5], "uv_size": [-30.25, 60.25]},
								"south": {"uv": [186.25, 106.5], "uv_size": [-30.25, 60.25]},
								"west": {"uv": [186.25, 106.5], "uv_size": [-30.25, 60.25]},
								"up": {"uv": [156, 166.75], "uv_size": [30.25, -60.25]},
								"down": {"uv": [156, 166.75], "uv_size": [30.25, -0.75]}
							}
						},
						{
							"origin": [18.97446, 4.42607, 2.8281],
							"size": [0.2, 7.7, 1.2],
							"pivot": [15.34907, 3.74988, 0.36222],
							"rotation": [0, -22.5, -15],
							"uv": {
								"north": {"uv": [186.25, 106.5], "uv_size": [-30.25, 60.25]},
								"east": {"uv": [186.25, 106.5], "uv_size": [-30.25, 60.25]},
								"south": {"uv": [186.25, 106.5], "uv_size": [-30.25, 60.25]},
								"west": {"uv": [186.25, 106.5], "uv_size": [-30.25, 60.25]},
								"up": {"uv": [156, 166.75], "uv_size": [30.25, -60.25]},
								"down": {"uv": [156, 166.75], "uv_size": [30.25, -0.75]}
							}
						},
						{
							"origin": [19.595, 4.25396, 2.26167],
							"size": [0.2, 7.9, 0.7],
							"pivot": [15.07992, 3.67777, 0.95481],
							"rotation": [0, -45, -15],
							"uv": {
								"north": {"uv": [186.25, 106.5], "uv_size": [-30.25, 60.25]},
								"east": {"uv": [186.25, 106.5], "uv_size": [-30.25, 60.25]},
								"south": {"uv": [186.25, 106.5], "uv_size": [-30.25, 60.25]},
								"west": {"uv": [186.25, 106.5], "uv_size": [-30.25, 60.25]},
								"up": {"uv": [156, 166.75], "uv_size": [30.25, -60.25]},
								"down": {"uv": [156, 166.75], "uv_size": [30.25, -0.75]}
							}
						},
						{
							"origin": [19.34026, 4.13205, 0.82933],
							"size": [0.2, 7.8, 0.7],
							"pivot": [14.6381, 3.45586, 1.39566],
							"rotation": [0, -67.5, -15],
							"uv": {
								"north": {"uv": [186.25, 106.5], "uv_size": [-30.25, 60.25]},
								"east": {"uv": [186.25, 106.5], "uv_size": [-30.25, 60.25]},
								"south": {"uv": [186.25, 106.5], "uv_size": [-30.25, 60.25]},
								"west": {"uv": [186.25, 106.5], "uv_size": [-30.25, 60.25]},
								"up": {"uv": [156, 166.75], "uv_size": [30.25, -60.25]},
								"down": {"uv": [156, 166.75], "uv_size": [30.25, -0.75]}
							}
						}
					]
				},
				{
					"name": "bone18",
					"parent": "bone3",
					"pivot": [1.41063, 2.40372, 3.59942],
					"rotation": [-77.04189, 59.9552, -95.40982]
				},
				{
					"name": "bone19",
					"parent": "bone18",
					"pivot": [3.23676, 2.49746, 3.08183],
					"cubes": [
						{
							"origin": [-0.67984, 2.48278, 2.674],
							"size": [0.2, 7.8, 2.275],
							"pivot": [4.54311, 2.45127, 4.00333],
							"rotation": [0, 90, 15],
							"uv": {
								"north": {"uv": [186.25, 106.5], "uv_size": [-30.25, 60.25]},
								"east": {"uv": [186.25, 106.5], "uv_size": [-30.25, 60.25]},
								"south": {"uv": [186.25, 106.5], "uv_size": [-30.25, 60.25]},
								"west": {"uv": [186.25, 106.5], "uv_size": [-30.25, 60.25]},
								"up": {"uv": [156, 166.75], "uv_size": [30.25, -60.25]},
								"down": {"uv": [156, 166.75], "uv_size": [30.25, -0.75]}
							}
						},
						{
							"origin": [-1.77641, 2.76147, 2.82344],
							"size": [0.2, 7.9, 0.975],
							"pivot": [3.44654, 2.71718, 4.00333],
							"rotation": [0, 90, 19],
							"uv": {
								"north": {"uv": [186.25, 106.5], "uv_size": [-30.25, 60.25]},
								"east": {"uv": [186.25, 106.5], "uv_size": [-30.25, 60.25]},
								"south": {"uv": [186.25, 106.5], "uv_size": [-30.25, 60.25]},
								"west": {"uv": [186.25, 106.5], "uv_size": [-30.25, 60.25]},
								"up": {"uv": [156, 166.75], "uv_size": [30.25, -60.25]},
								"down": {"uv": [156, 166.75], "uv_size": [30.25, -0.75]}
							}
						}
					]
				},
				{
					"name": "bone20",
					"parent": "bone18",
					"pivot": [10.25248, 1.90544, 4.0478],
					"cubes": [
						{
							"origin": [-1.39984, 2.23695, 5.65998],
							"size": [0.175, 8, 1.775],
							"pivot": [3.81559, 1.4276, 4.01085],
							"rotation": [0, 90, 0],
							"uv": {
								"north": {"uv": [186.25, 106.5], "uv_size": [-30.25, 60.25]},
								"east": {"uv": [186.25, 106.5], "uv_size": [-30.25, 60.25]},
								"south": {"uv": [186.25, 106.5], "uv_size": [-30.25, 60.25]},
								"west": {"uv": [186.25, 106.5], "uv_size": [-30.25, 60.25]},
								"up": {"uv": [156, 166.75], "uv_size": [30.25, -60.25]},
								"down": {"uv": [156, 166.75], "uv_size": [30.25, -0.75]}
							}
						},
						{
							"origin": [0.1296, 2.06606, 6.84937],
							"size": [0.175, 8, 0.575],
							"pivot": [4.83065, 1.07076, 4.68748],
							"rotation": [-180, 86, 176],
							"uv": {
								"north": {"uv": [186.25, 106.5], "uv_size": [-30.25, 60.25]},
								"east": {"uv": [186.25, 106.5], "uv_size": [-30.25, 60.25]},
								"south": {"uv": [186.25, 106.5], "uv_size": [-30.25, 60.25]},
								"west": {"uv": [186.25, 106.5], "uv_size": [-30.25, 60.25]},
								"up": {"uv": [156, 166.75], "uv_size": [30.25, -60.25]},
								"down": {"uv": [156, 166.75], "uv_size": [30.25, -0.75]}
							}
						}
					]
				},
				{
					"name": "bone21",
					"parent": "bone18",
					"pivot": [8.41063, 3.20372, 1.59942],
					"rotation": [-146.72243, -7.2558, -162.99178]
				},
				{
					"name": "bone22",
					"parent": "bone21",
					"pivot": [10.23676, 3.29746, 1.08183],
					"cubes": [
						{
							"origin": [5.40778, 2.35208, 0.57195],
							"size": [0.2, 7.9, 2.275],
							"pivot": [10.50721, 2.24429, 1.73553],
							"rotation": [0, 90, 15],
							"uv": {
								"north": {"uv": [186.25, 106.5], "uv_size": [-30.25, 60.25]},
								"east": {"uv": [186.25, 106.5], "uv_size": [-30.25, 60.25]},
								"south": {"uv": [186.25, 106.5], "uv_size": [-30.25, 60.25]},
								"west": {"uv": [186.25, 106.5], "uv_size": [-30.25, 60.25]},
								"up": {"uv": [156, 166.75], "uv_size": [30.25, -60.25]},
								"down": {"uv": [156, 166.75], "uv_size": [30.25, -0.75]}
							}
						},
						{
							"origin": [5.40778, 2.35208, 0.27195],
							"size": [0.2, 2.9, 0.375],
							"pivot": [10.50721, 2.24429, 1.73553],
							"rotation": [0, 90, 15],
							"uv": {
								"north": {"uv": [186.25, 142.75], "uv_size": [-30.25, 24]},
								"east": {"uv": [186.25, 142.75], "uv_size": [-30.25, 24]},
								"south": {"uv": [186.25, 142.75], "uv_size": [-30.25, 24]},
								"west": {"uv": [186.25, 142.75], "uv_size": [-30.25, 24]},
								"up": {"uv": [156, 166.75], "uv_size": [30.25, -24]},
								"down": {"uv": [156, 166.75], "uv_size": [30.25, -0.75]}
							}
						},
						{
							"origin": [5.68866, 2.37584, 0.45824],
							"size": [0.2, 3, 0.275],
							"pivot": [10.40391, 2.15669, 2.11971],
							"rotation": [0, 90, 15],
							"uv": {
								"north": {"uv": [186.25, 138.25], "uv_size": [-30.25, 28.5]},
								"east": {"uv": [186.25, 138.25], "uv_size": [-30.25, 28.5]},
								"south": {"uv": [186.25, 138.25], "uv_size": [-30.25, 28.5]},
								"west": {"uv": [186.25, 138.25], "uv_size": [-30.25, 28.5]},
								"up": {"uv": [156, 166.75], "uv_size": [30.25, -28.5]},
								"down": {"uv": [156, 166.75], "uv_size": [30.25, -0.75]}
							}
						},
						{
							"origin": [5.98405, 2.51911, 0.15012],
							"size": [0.2, 3.2, 0],
							"pivot": [10.50721, 2.24429, 1.73553],
							"rotation": [0, 90, 15],
							"uv": {
								"north": {"uv": [186.25, 106.5], "uv_size": [-30.25, 60.25]},
								"east": {"uv": [186.25, 106.5], "uv_size": [-30.25, 60.25]},
								"south": {"uv": [186.25, 106.5], "uv_size": [-30.25, 60.25]},
								"west": {"uv": [186.25, 106.5], "uv_size": [-30.25, 60.25]},
								"up": {"uv": [156, 166.75], "uv_size": [30.25, -60.25]},
								"down": {"uv": [156, 166.75], "uv_size": [30.25, -0.75]}
							}
						}
					]
				},
				{
					"name": "bone23",
					"parent": "bone21",
					"pivot": [17.25248, 2.70544, 2.0478],
					"cubes": [
						{
							"origin": [4.68778, 2.06075, 3.57202],
							"size": [0.175, 7.5, 1.775],
							"pivot": [9.77969, 1.22061, 1.74305],
							"rotation": [0, 90, 0],
							"uv": {
								"north": {"uv": [186.25, 106.5], "uv_size": [-30.25, 60.25]},
								"east": {"uv": [186.25, 106.5], "uv_size": [-30.25, 60.25]},
								"south": {"uv": [186.25, 106.5], "uv_size": [-30.25, 60.25]},
								"west": {"uv": [186.25, 106.5], "uv_size": [-30.25, 60.25]},
								"up": {"uv": [156, 166.75], "uv_size": [30.25, -60.25]},
								"down": {"uv": [156, 166.75], "uv_size": [30.25, -0.75]}
							}
						},
						{
							"origin": [5.75543, 1.87926, 4.22814],
							"size": [0.175, 6.8, 0.775],
							"pivot": [10.81835, 1.01517, 1.94374],
							"rotation": [-180, 86, 176],
							"uv": {
								"north": {"uv": [186.25, 106.5], "uv_size": [-30.25, 60.25]},
								"east": {"uv": [186.25, 106.5], "uv_size": [-30.25, 60.25]},
								"south": {"uv": [186.25, 106.5], "uv_size": [-30.25, 60.25]},
								"west": {"uv": [186.25, 106.5], "uv_size": [-30.25, 60.25]},
								"up": {"uv": [156, 166.75], "uv_size": [30.25, -60.25]},
								"down": {"uv": [156, 166.75], "uv_size": [30.25, -0.75]}
							}
						}
					]
				},
				{
					"name": "Head",
					"parent": "Body",
					"pivot": [0, 24, 0],
					"cubes": [
						{"origin": [-4, 24, -4], "size": [8, 8, 8], "uv": [0, 0]},
						{"origin": [-4, 24, -4], "size": [8, 8, 8], "inflate": 0.3, "uv": [32, 0]}
					]
				},
				{
					"name": "Hairs",
					"parent": "Head",
					"pivot": [0, 31.2, -3]
				},
				{
					"name": "bone26",
					"parent": "Hairs",
					"pivot": [3.88461, 28.95716, -3.39007],
					"rotation": [20, 117, 9],
					"cubes": [
						{
							"origin": [3.69644, 16.44563, -5.80101],
							"size": [2.7368, 4.7968, 2.7368],
							"inflate": -0.8,
							"pivot": [5.06484, 22.68603, -5.24461],
							"rotation": [-2, -37, 17.5],
							"uv": {
								"north": {"uv": [24, 8], "uv_size": [8, 8]},
								"east": {"uv": [24, 8], "uv_size": [8, 8]},
								"south": {"uv": [24, 8], "uv_size": [8, 8]},
								"west": {"uv": [24, 8], "uv_size": [8, 8]},
								"up": {"uv": [32, 16], "uv_size": [-8, -8]},
								"down": {"uv": [32, 16], "uv_size": [-8, -8]}
							}
						},
						{
							"origin": [2.56773, 19.55557, -5.92076],
							"size": [2.7368, 10.7968, 2.7368],
							"inflate": -0.8,
							"pivot": [4.30731, 20.52, -4.25241],
							"rotation": [-6, 0, -1],
							"uv": {
								"north": {"uv": [24, 8], "uv_size": [8, 8]},
								"east": {"uv": [24, 8], "uv_size": [8, 8]},
								"south": {"uv": [24, 8], "uv_size": [8, 8]},
								"west": {"uv": [24, 8], "uv_size": [8, 8]},
								"up": {"uv": [32, 16], "uv_size": [-8, -8]},
								"down": {"uv": [32, 16], "uv_size": [-8, -8]}
							}
						},
						{
							"origin": [2.29724, 13.66603, -5.81981],
							"size": [2.7744, 5.2104, 2.7744],
							"inflate": -0.9,
							"pivot": [3.68444, 18.30123, -5.24461],
							"rotation": [20.5, -37, -27.5],
							"uv": {
								"north": {"uv": [24, 8], "uv_size": [8, 8]},
								"east": {"uv": [24, 8], "uv_size": [8, 8]},
								"south": {"uv": [24, 8], "uv_size": [8, 8]},
								"west": {"uv": [24, 8], "uv_size": [8, 8]},
								"up": {"uv": [32, 16], "uv_size": [-8, -8]},
								"down": {"uv": [32, 16], "uv_size": [-8, -8]}
							}
						},
						{
							"origin": [2.70801, 11.21675, -5.41302],
							"size": [2.8496, 5.2856, 2.8496],
							"inflate": -1.1,
							"pivot": [4.13281, 13.85955, -3.98822],
							"rotation": [-19.5, -37, 5.5],
							"uv": {
								"north": {"uv": [24, 8], "uv_size": [8, 8]},
								"east": {"uv": [24, 8], "uv_size": [8, 8]},
								"south": {"uv": [24, 8], "uv_size": [8, 8]},
								"west": {"uv": [24, 8], "uv_size": [8, 8]},
								"up": {"uv": [32, 16], "uv_size": [-8, -8]},
								"down": {"uv": [32, 16], "uv_size": [-8, -8]}
							}
						}
					]
				},
				{
					"name": "bone27",
					"parent": "Hairs",
					"pivot": [5.38864, 24.88538, -4.12413],
					"rotation": [24, 101, 6],
					"cubes": [
						{
							"origin": [4.84549, 23.4372, -5.49574],
							"size": [2.60038, 4.41318, 2.60038],
							"inflate": -0.8,
							"pivot": [6.14569, 29.02476, -4.91011],
							"rotation": [-2, -37, 17.5],
							"uv": {
								"north": {"uv": [24, 8], "uv_size": [8, 8]},
								"east": {"uv": [24, 8], "uv_size": [8, 8]},
								"south": {"uv": [24, 8], "uv_size": [8, 8]},
								"west": {"uv": [24, 8], "uv_size": [8, 8]},
								"up": {"uv": [32, 16], "uv_size": [-8, -8]},
								"down": {"uv": [32, 16], "uv_size": [-8, -8]}
							}
						},
						{
							"origin": [3.85223, 26.17394, -5.60112],
							"size": [2.60038, 6.17318, 2.60038],
							"inflate": -0.8,
							"pivot": [5.47906, 27.11865, -4.03697],
							"rotation": [-6, 0, -1],
							"uv": {
								"north": {"uv": [24, 8], "uv_size": [8, 8]},
								"east": {"uv": [24, 8], "uv_size": [8, 8]},
								"south": {"uv": [24, 8], "uv_size": [8, 8]},
								"west": {"uv": [24, 8], "uv_size": [8, 8]},
								"up": {"uv": [32, 16], "uv_size": [-8, -8]},
								"down": {"uv": [32, 16], "uv_size": [-8, -8]}
							}
						},
						{
							"origin": [3.6022, 20.97916, -5.52428],
							"size": [2.65747, 4.80115, 2.65747],
							"inflate": -0.9,
							"pivot": [4.93093, 25.16613, -4.91011],
							"rotation": [20.5, -37, -27.5],
							"uv": {
								"north": {"uv": [24, 8], "uv_size": [8, 8]},
								"east": {"uv": [24, 8], "uv_size": [8, 8]},
								"south": {"uv": [24, 8], "uv_size": [8, 8]},
								"west": {"uv": [24, 8], "uv_size": [8, 8]},
								"up": {"uv": [32, 16], "uv_size": [-8, -8]},
								"down": {"uv": [32, 16], "uv_size": [-8, -8]}
							}
						},
						{
							"origin": [3.93967, 18.79979, -5.19031],
							"size": [2.77165, 4.91533, 2.77165],
							"inflate": -1.1,
							"pivot": [5.3255, 21.25745, -3.80448],
							"rotation": [-19.5, -37, 5.5],
							"uv": {
								"north": {"uv": [24, 8], "uv_size": [8, 8]},
								"east": {"uv": [24, 8], "uv_size": [8, 8]},
								"south": {"uv": [24, 8], "uv_size": [8, 8]},
								"west": {"uv": [24, 8], "uv_size": [8, 8]},
								"up": {"uv": [32, 16], "uv_size": [-8, -8]},
								"down": {"uv": [32, 16], "uv_size": [-8, -8]}
							}
						}
					]
				},
				{
					"name": "bone28",
					"parent": "Hairs",
					"pivot": [-5.38864, 24.88538, -4.12413],
					"rotation": [24, -101, -6],
					"cubes": [
						{
							"origin": [-7.44588, 23.4372, -5.49574],
							"size": [2.60038, 4.41318, 2.60038],
							"inflate": -0.8,
							"pivot": [-6.14569, 29.02476, -4.91011],
							"rotation": [-2, 37, -17.5],
							"uv": {
								"north": {"uv": [24, 8], "uv_size": [8, 8]},
								"east": {"uv": [24, 8], "uv_size": [8, 8]},
								"south": {"uv": [24, 8], "uv_size": [8, 8]},
								"west": {"uv": [24, 8], "uv_size": [8, 8]},
								"up": {"uv": [32, 16], "uv_size": [-8, -8]},
								"down": {"uv": [32, 16], "uv_size": [-8, -8]}
							}
						},
						{
							"origin": [-6.45262, 26.17394, -5.60112],
							"size": [2.60038, 6.17318, 2.60038],
							"inflate": -0.8,
							"pivot": [-5.47906, 27.11865, -4.03697],
							"rotation": [-6, 0, 1],
							"uv": {
								"north": {"uv": [24, 8], "uv_size": [8, 8]},
								"east": {"uv": [24, 8], "uv_size": [8, 8]},
								"south": {"uv": [24, 8], "uv_size": [8, 8]},
								"west": {"uv": [24, 8], "uv_size": [8, 8]},
								"up": {"uv": [32, 16], "uv_size": [-8, -8]},
								"down": {"uv": [32, 16], "uv_size": [-8, -8]}
							}
						},
						{
							"origin": [-6.25967, 20.97916, -5.52428],
							"size": [2.65747, 4.80115, 2.65747],
							"inflate": -0.9,
							"pivot": [-4.93093, 25.16613, -4.91011],
							"rotation": [20.5, 37, 27.5],
							"uv": {
								"north": {"uv": [24, 8], "uv_size": [8, 8]},
								"east": {"uv": [24, 8], "uv_size": [8, 8]},
								"south": {"uv": [24, 8], "uv_size": [8, 8]},
								"west": {"uv": [24, 8], "uv_size": [8, 8]},
								"up": {"uv": [32, 16], "uv_size": [-8, -8]},
								"down": {"uv": [32, 16], "uv_size": [-8, -8]}
							}
						},
						{
							"origin": [-6.71132, 18.79979, -5.19031],
							"size": [2.77165, 4.91533, 2.77165],
							"inflate": -1.1,
							"pivot": [-5.3255, 21.25745, -3.80448],
							"rotation": [-19.5, 37, -5.5],
							"uv": {
								"north": {"uv": [24, 8], "uv_size": [8, 8]},
								"east": {"uv": [24, 8], "uv_size": [8, 8]},
								"south": {"uv": [24, 8], "uv_size": [8, 8]},
								"west": {"uv": [24, 8], "uv_size": [8, 8]},
								"up": {"uv": [32, 16], "uv_size": [-8, -8]},
								"down": {"uv": [32, 16], "uv_size": [-8, -8]}
							}
						}
					]
				},
				{
					"name": "bone29",
					"parent": "Hairs",
					"pivot": [-3.88461, 28.95716, -3.39007],
					"rotation": [20, -117, -9],
					"cubes": [
						{
							"origin": [-6.43324, 16.44563, -5.80101],
							"size": [2.7368, 4.7968, 2.7368],
							"inflate": -0.8,
							"pivot": [-5.06484, 22.68603, -5.24461],
							"rotation": [-2, 37, -17.5],
							"uv": {
								"north": {"uv": [24, 8], "uv_size": [8, 8]},
								"east": {"uv": [24, 8], "uv_size": [8, 8]},
								"south": {"uv": [24, 8], "uv_size": [8, 8]},
								"west": {"uv": [24, 8], "uv_size": [8, 8]},
								"up": {"uv": [32, 16], "uv_size": [-8, -8]},
								"down": {"uv": [32, 16], "uv_size": [-8, -8]}
							}
						},
						{
							"origin": [-5.30453, 19.55557, -5.92076],
							"size": [2.7368, 10.7968, 2.7368],
							"inflate": -0.8,
							"pivot": [-4.30731, 20.52, -4.25241],
							"rotation": [-6, 0, 1],
							"uv": {
								"north": {"uv": [24, 8], "uv_size": [8, 8]},
								"east": {"uv": [24, 8], "uv_size": [8, 8]},
								"south": {"uv": [24, 8], "uv_size": [8, 8]},
								"west": {"uv": [24, 8], "uv_size": [8, 8]},
								"up": {"uv": [32, 16], "uv_size": [-8, -8]},
								"down": {"uv": [32, 16], "uv_size": [-8, -8]}
							}
						},
						{
							"origin": [-5.07164, 13.66603, -5.81981],
							"size": [2.7744, 5.2104, 2.7744],
							"inflate": -0.9,
							"pivot": [-3.68444, 18.30123, -5.24461],
							"rotation": [20.5, 37, 27.5],
							"uv": {
								"north": {"uv": [24, 8], "uv_size": [8, 8]},
								"east": {"uv": [24, 8], "uv_size": [8, 8]},
								"south": {"uv": [24, 8], "uv_size": [8, 8]},
								"west": {"uv": [24, 8], "uv_size": [8, 8]},
								"up": {"uv": [32, 16], "uv_size": [-8, -8]},
								"down": {"uv": [32, 16], "uv_size": [-8, -8]}
							}
						},
						{
							"origin": [-5.55761, 11.21675, -5.41302],
							"size": [2.8496, 5.2856, 2.8496],
							"inflate": -1.1,
							"pivot": [-4.13281, 13.85955, -3.98822],
							"rotation": [-19.5, 37, -5.5],
							"uv": {
								"north": {"uv": [24, 8], "uv_size": [8, 8]},
								"east": {"uv": [24, 8], "uv_size": [8, 8]},
								"south": {"uv": [24, 8], "uv_size": [8, 8]},
								"west": {"uv": [24, 8], "uv_size": [8, 8]},
								"up": {"uv": [32, 16], "uv_size": [-8, -8]},
								"down": {"uv": [32, 16], "uv_size": [-8, -8]}
							}
						}
					]
				},
				{
					"name": "bone30",
					"parent": "Hairs",
					"pivot": [-3.88461, 25.95716, 3.89007],
					"rotation": [-29, 108, -20],
					"cubes": [
						{
							"origin": [-6.22018, 10.51825, 4.1847],
							"size": [2.7368, 4.7968, 2.7368],
							"inflate": -0.8,
							"pivot": [-4.85178, 16.75865, 6.3651],
							"rotation": [2, -37, -17.5],
							"uv": {
								"north": {"uv": [24, 8], "uv_size": [8, 8]},
								"east": {"uv": [24, 8], "uv_size": [8, 8]},
								"south": {"uv": [24, 8], "uv_size": [8, 8]},
								"west": {"uv": [24, 8], "uv_size": [8, 8]},
								"up": {"uv": [32, 16], "uv_size": [-8, -8]},
								"down": {"uv": [32, 16], "uv_size": [-8, -8]}
							}
						},
						{
							"origin": [-5.09148, 13.62818, 4.30446],
							"size": [2.7368, 13.7968, 2.7368],
							"inflate": -0.8,
							"pivot": [-4.09425, 14.59262, 5.37291],
							"rotation": [6, 0, 1],
							"uv": {
								"north": {"uv": [24, 8], "uv_size": [8, 8]},
								"east": {"uv": [24, 8], "uv_size": [8, 8]},
								"south": {"uv": [24, 8], "uv_size": [8, 8]},
								"west": {"uv": [24, 8], "uv_size": [8, 8]},
								"up": {"uv": [32, 16], "uv_size": [-8, -8]},
								"down": {"uv": [32, 16], "uv_size": [-8, -8]}
							}
						},
						{
							"origin": [-4.85858, 7.73865, 4.1659],
							"size": [2.7744, 5.2104, 2.7744],
							"inflate": -0.9,
							"pivot": [-3.47138, 12.37385, 6.3651],
							"rotation": [-20.5, -37, 27.5],
							"uv": {
								"north": {"uv": [24, 8], "uv_size": [8, 8]},
								"east": {"uv": [24, 8], "uv_size": [8, 8]},
								"south": {"uv": [24, 8], "uv_size": [8, 8]},
								"west": {"uv": [24, 8], "uv_size": [8, 8]},
								"up": {"uv": [32, 16], "uv_size": [-8, -8]},
								"down": {"uv": [32, 16], "uv_size": [-8, -8]}
							}
						},
						{
							"origin": [-5.34455, 5.28937, 3.68391],
							"size": [2.8496, 5.2856, 2.8496],
							"inflate": -1.1,
							"pivot": [-3.91975, 7.93217, 5.10871],
							"rotation": [19.5, -37, -5.5],
							"uv": {
								"north": {"uv": [24, 8], "uv_size": [8, 8]},
								"east": {"uv": [24, 8], "uv_size": [8, 8]},
								"south": {"uv": [24, 8], "uv_size": [8, 8]},
								"west": {"uv": [24, 8], "uv_size": [8, 8]},
								"up": {"uv": [32, 16], "uv_size": [-8, -8]},
								"down": {"uv": [32, 16], "uv_size": [-8, -8]}
							}
						}
					]
				},
				{
					"name": "bone31",
					"parent": "Hairs",
					"pivot": [3.88461, 25.95716, 3.89007],
					"rotation": [-29, -108, 20],
					"cubes": [
						{
							"origin": [3.48338, 10.51825, 4.1847],
							"size": [2.7368, 4.7968, 2.7368],
							"inflate": -0.8,
							"pivot": [4.85178, 16.75865, 6.3651],
							"rotation": [2, 37, 17.5],
							"uv": {
								"north": {"uv": [24, 8], "uv_size": [8, 8]},
								"east": {"uv": [24, 8], "uv_size": [8, 8]},
								"south": {"uv": [24, 8], "uv_size": [8, 8]},
								"west": {"uv": [24, 8], "uv_size": [8, 8]},
								"up": {"uv": [32, 16], "uv_size": [-8, -8]},
								"down": {"uv": [32, 16], "uv_size": [-8, -8]}
							}
						},
						{
							"origin": [2.35468, 13.62818, 4.30446],
							"size": [2.7368, 13.7968, 2.7368],
							"inflate": -0.8,
							"pivot": [4.09425, 14.59262, 5.37291],
							"rotation": [6, 0, -1],
							"uv": {
								"north": {"uv": [24, 8], "uv_size": [8, 8]},
								"east": {"uv": [24, 8], "uv_size": [8, 8]},
								"south": {"uv": [24, 8], "uv_size": [8, 8]},
								"west": {"uv": [24, 8], "uv_size": [8, 8]},
								"up": {"uv": [32, 16], "uv_size": [-8, -8]},
								"down": {"uv": [32, 16], "uv_size": [-8, -8]}
							}
						},
						{
							"origin": [2.08418, 7.73865, 4.1659],
							"size": [2.7744, 5.2104, 2.7744],
							"inflate": -0.9,
							"pivot": [3.47138, 12.37385, 6.3651],
							"rotation": [-20.5, 37, -27.5],
							"uv": {
								"north": {"uv": [24, 8], "uv_size": [8, 8]},
								"east": {"uv": [24, 8], "uv_size": [8, 8]},
								"south": {"uv": [24, 8], "uv_size": [8, 8]},
								"west": {"uv": [24, 8], "uv_size": [8, 8]},
								"up": {"uv": [32, 16], "uv_size": [-8, -8]},
								"down": {"uv": [32, 16], "uv_size": [-8, -8]}
							}
						},
						{
							"origin": [2.49495, 5.28937, 3.68391],
							"size": [2.8496, 5.2856, 2.8496],
							"inflate": -1.1,
							"pivot": [3.91975, 7.93217, 5.10871],
							"rotation": [19.5, 37, 5.5],
							"uv": {
								"north": {"uv": [24, 8], "uv_size": [8, 8]},
								"east": {"uv": [24, 8], "uv_size": [8, 8]},
								"south": {"uv": [24, 8], "uv_size": [8, 8]},
								"west": {"uv": [24, 8], "uv_size": [8, 8]},
								"up": {"uv": [32, 16], "uv_size": [-8, -8]},
								"down": {"uv": [32, 16], "uv_size": [-8, -8]}
							}
						}
					]
				},
				{
					"name": "bone32",
					"parent": "Hairs",
					"pivot": [3.88461, 28.95716, 3.89007],
					"rotation": [-44, -108, 20],
					"cubes": [
						{
							"origin": [3.48338, 13.51825, 4.1847],
							"size": [2.7368, 4.7968, 2.7368],
							"inflate": -0.8,
							"pivot": [4.85178, 19.75865, 6.3651],
							"rotation": [2, 37, 17.5],
							"uv": {
								"north": {"uv": [24, 8], "uv_size": [8, 8]},
								"east": {"uv": [24, 8], "uv_size": [8, 8]},
								"south": {"uv": [24, 8], "uv_size": [8, 8]},
								"west": {"uv": [24, 8], "uv_size": [8, 8]},
								"up": {"uv": [32, 16], "uv_size": [-8, -8]},
								"down": {"uv": [32, 16], "uv_size": [-8, -8]}
							}
						},
						{
							"origin": [2.35468, 16.62818, 4.30446],
							"size": [2.7368, 13.7968, 2.7368],
							"inflate": -0.8,
							"pivot": [4.09425, 17.59262, 5.37291],
							"rotation": [6, 0, -1],
							"uv": {
								"north": {"uv": [24, 8], "uv_size": [8, 8]},
								"east": {"uv": [24, 8], "uv_size": [8, 8]},
								"south": {"uv": [24, 8], "uv_size": [8, 8]},
								"west": {"uv": [24, 8], "uv_size": [8, 8]},
								"up": {"uv": [32, 16], "uv_size": [-8, -8]},
								"down": {"uv": [32, 16], "uv_size": [-8, -8]}
							}
						},
						{
							"origin": [2.08418, 10.73865, 4.1659],
							"size": [2.7744, 5.2104, 2.7744],
							"inflate": -0.9,
							"pivot": [3.47138, 15.37385, 6.3651],
							"rotation": [-20.5, 37, -27.5],
							"uv": {
								"north": {"uv": [24, 8], "uv_size": [8, 8]},
								"east": {"uv": [24, 8], "uv_size": [8, 8]},
								"south": {"uv": [24, 8], "uv_size": [8, 8]},
								"west": {"uv": [24, 8], "uv_size": [8, 8]},
								"up": {"uv": [32, 16], "uv_size": [-8, -8]},
								"down": {"uv": [32, 16], "uv_size": [-8, -8]}
							}
						},
						{
							"origin": [2.49495, 8.28937, 3.68391],
							"size": [2.8496, 5.2856, 2.8496],
							"inflate": -1.1,
							"pivot": [3.91975, 10.93217, 5.10871],
							"rotation": [19.5, 37, 5.5],
							"uv": {
								"north": {"uv": [24, 8], "uv_size": [8, 8]},
								"east": {"uv": [24, 8], "uv_size": [8, 8]},
								"south": {"uv": [24, 8], "uv_size": [8, 8]},
								"west": {"uv": [24, 8], "uv_size": [8, 8]},
								"up": {"uv": [32, 16], "uv_size": [-8, -8]},
								"down": {"uv": [32, 16], "uv_size": [-8, -8]}
							}
						}
					]
				},
				{
					"name": "bone33",
					"parent": "Hairs",
					"pivot": [-3.88461, 28.95716, 3.89007],
					"rotation": [-44, 108, -20],
					"cubes": [
						{
							"origin": [-6.22018, 13.51825, 4.1847],
							"size": [2.7368, 4.7968, 2.7368],
							"inflate": -0.8,
							"pivot": [-4.85178, 19.75865, 6.3651],
							"rotation": [2, -37, -17.5],
							"uv": {
								"north": {"uv": [24, 8], "uv_size": [8, 8]},
								"east": {"uv": [24, 8], "uv_size": [8, 8]},
								"south": {"uv": [24, 8], "uv_size": [8, 8]},
								"west": {"uv": [24, 8], "uv_size": [8, 8]},
								"up": {"uv": [32, 16], "uv_size": [-8, -8]},
								"down": {"uv": [32, 16], "uv_size": [-8, -8]}
							}
						},
						{
							"origin": [-5.09148, 16.62818, 4.30446],
							"size": [2.7368, 13.7968, 2.7368],
							"inflate": -0.8,
							"pivot": [-4.09425, 17.59262, 5.37291],
							"rotation": [6, 0, 1],
							"uv": {
								"north": {"uv": [24, 8], "uv_size": [8, 8]},
								"east": {"uv": [24, 8], "uv_size": [8, 8]},
								"south": {"uv": [24, 8], "uv_size": [8, 8]},
								"west": {"uv": [24, 8], "uv_size": [8, 8]},
								"up": {"uv": [32, 16], "uv_size": [-8, -8]},
								"down": {"uv": [32, 16], "uv_size": [-8, -8]}
							}
						},
						{
							"origin": [-4.85858, 10.73865, 4.1659],
							"size": [2.7744, 5.2104, 2.7744],
							"inflate": -0.9,
							"pivot": [-3.47138, 15.37385, 6.3651],
							"rotation": [-20.5, -37, 27.5],
							"uv": {
								"north": {"uv": [24, 8], "uv_size": [8, 8]},
								"east": {"uv": [24, 8], "uv_size": [8, 8]},
								"south": {"uv": [24, 8], "uv_size": [8, 8]},
								"west": {"uv": [24, 8], "uv_size": [8, 8]},
								"up": {"uv": [32, 16], "uv_size": [-8, -8]},
								"down": {"uv": [32, 16], "uv_size": [-8, -8]}
							}
						},
						{
							"origin": [-5.34455, 8.28937, 3.68391],
							"size": [2.8496, 5.2856, 2.8496],
							"inflate": -1.1,
							"pivot": [-3.91975, 10.93217, 5.10871],
							"rotation": [19.5, -37, -5.5],
							"uv": {
								"north": {"uv": [24, 8], "uv_size": [8, 8]},
								"east": {"uv": [24, 8], "uv_size": [8, 8]},
								"south": {"uv": [24, 8], "uv_size": [8, 8]},
								"west": {"uv": [24, 8], "uv_size": [8, 8]},
								"up": {"uv": [32, 16], "uv_size": [-8, -8]},
								"down": {"uv": [32, 16], "uv_size": [-8, -8]}
							}
						}
					]
				},
				{
					"name": "bone34",
					"parent": "Hairs",
					"pivot": [-3.88461, 22.95716, 3.89007],
					"rotation": [-39, 108, -20],
					"cubes": [
						{
							"origin": [-6.22018, 7.51825, 4.1847],
							"size": [2.7368, 4.7968, 2.7368],
							"inflate": -0.8,
							"pivot": [-4.85178, 13.75865, 6.3651],
							"rotation": [2, -37, -17.5],
							"uv": {
								"north": {"uv": [24, 8], "uv_size": [8, 8]},
								"east": {"uv": [24, 8], "uv_size": [8, 8]},
								"south": {"uv": [24, 8], "uv_size": [8, 8]},
								"west": {"uv": [24, 8], "uv_size": [8, 8]},
								"up": {"uv": [32, 16], "uv_size": [-8, -8]},
								"down": {"uv": [32, 16], "uv_size": [-8, -8]}
							}
						},
						{
							"origin": [-5.09148, 10.62818, 4.30446],
							"size": [2.7368, 13.7968, 2.7368],
							"inflate": -0.8,
							"pivot": [-4.09425, 11.59262, 5.37291],
							"rotation": [6, 0, 1],
							"uv": {
								"north": {"uv": [24, 8], "uv_size": [8, 8]},
								"east": {"uv": [24, 8], "uv_size": [8, 8]},
								"south": {"uv": [24, 8], "uv_size": [8, 8]},
								"west": {"uv": [24, 8], "uv_size": [8, 8]},
								"up": {"uv": [32, 16], "uv_size": [-8, -8]},
								"down": {"uv": [32, 16], "uv_size": [-8, -8]}
							}
						},
						{
							"origin": [-4.85858, 4.73865, 4.1659],
							"size": [2.7744, 5.2104, 2.7744],
							"inflate": -0.9,
							"pivot": [-3.47138, 9.37385, 6.3651],
							"rotation": [-20.5, -37, 27.5],
							"uv": {
								"north": {"uv": [24, 8], "uv_size": [8, 8]},
								"east": {"uv": [24, 8], "uv_size": [8, 8]},
								"south": {"uv": [24, 8], "uv_size": [8, 8]},
								"west": {"uv": [24, 8], "uv_size": [8, 8]},
								"up": {"uv": [32, 16], "uv_size": [-8, -8]},
								"down": {"uv": [32, 16], "uv_size": [-8, -8]}
							}
						},
						{
							"origin": [-5.34455, 2.28937, 3.68391],
							"size": [2.8496, 5.2856, 2.8496],
							"inflate": -1.1,
							"pivot": [-3.91975, 4.93217, 5.10871],
							"rotation": [19.5, -37, -5.5],
							"uv": {
								"north": {"uv": [24, 8], "uv_size": [8, 8]},
								"east": {"uv": [24, 8], "uv_size": [8, 8]},
								"south": {"uv": [24, 8], "uv_size": [8, 8]},
								"west": {"uv": [24, 8], "uv_size": [8, 8]},
								"up": {"uv": [32, 16], "uv_size": [-8, -8]},
								"down": {"uv": [32, 16], "uv_size": [-8, -8]}
							}
						}
					]
				},
				{
					"name": "bone35",
					"parent": "Hairs",
					"pivot": [3.88461, 22.95716, 3.89007],
					"rotation": [-39, -108, 20],
					"cubes": [
						{
							"origin": [3.48338, 7.51825, 4.1847],
							"size": [2.7368, 4.7968, 2.7368],
							"inflate": -0.8,
							"pivot": [4.85178, 13.75865, 6.3651],
							"rotation": [2, 37, 17.5],
							"uv": {
								"north": {"uv": [24, 8], "uv_size": [8, 8]},
								"east": {"uv": [24, 8], "uv_size": [8, 8]},
								"south": {"uv": [24, 8], "uv_size": [8, 8]},
								"west": {"uv": [24, 8], "uv_size": [8, 8]},
								"up": {"uv": [32, 16], "uv_size": [-8, -8]},
								"down": {"uv": [32, 16], "uv_size": [-8, -8]}
							}
						},
						{
							"origin": [2.35468, 10.62818, 4.30446],
							"size": [2.7368, 13.7968, 2.7368],
							"inflate": -0.8,
							"pivot": [4.09425, 11.59262, 5.37291],
							"rotation": [6, 0, -1],
							"uv": {
								"north": {"uv": [24, 8], "uv_size": [8, 8]},
								"east": {"uv": [24, 8], "uv_size": [8, 8]},
								"south": {"uv": [24, 8], "uv_size": [8, 8]},
								"west": {"uv": [24, 8], "uv_size": [8, 8]},
								"up": {"uv": [32, 16], "uv_size": [-8, -8]},
								"down": {"uv": [32, 16], "uv_size": [-8, -8]}
							}
						},
						{
							"origin": [2.08418, 4.73865, 4.1659],
							"size": [2.7744, 5.2104, 2.7744],
							"inflate": -0.9,
							"pivot": [3.47138, 9.37385, 6.3651],
							"rotation": [-20.5, 37, -27.5],
							"uv": {
								"north": {"uv": [24, 8], "uv_size": [8, 8]},
								"east": {"uv": [24, 8], "uv_size": [8, 8]},
								"south": {"uv": [24, 8], "uv_size": [8, 8]},
								"west": {"uv": [24, 8], "uv_size": [8, 8]},
								"up": {"uv": [32, 16], "uv_size": [-8, -8]},
								"down": {"uv": [32, 16], "uv_size": [-8, -8]}
							}
						},
						{
							"origin": [2.49495, 2.28937, 3.68391],
							"size": [2.8496, 5.2856, 2.8496],
							"inflate": -1.1,
							"pivot": [3.91975, 4.93217, 5.10871],
							"rotation": [19.5, 37, 5.5],
							"uv": {
								"north": {"uv": [24, 8], "uv_size": [8, 8]},
								"east": {"uv": [24, 8], "uv_size": [8, 8]},
								"south": {"uv": [24, 8], "uv_size": [8, 8]},
								"west": {"uv": [24, 8], "uv_size": [8, 8]},
								"up": {"uv": [32, 16], "uv_size": [-8, -8]},
								"down": {"uv": [32, 16], "uv_size": [-8, -8]}
							}
						}
					]
				},
				{
					"name": "bone36",
					"parent": "Hairs",
					"pivot": [3.88461, 25.95716, 3.89007],
					"rotation": [-41, -108, 20],
					"cubes": [
						{
							"origin": [3.48338, 10.51825, 4.1847],
							"size": [2.7368, 4.7968, 2.7368],
							"inflate": -0.8,
							"pivot": [4.85178, 16.75865, 6.3651],
							"rotation": [2, 37, 17.5],
							"uv": {
								"north": {"uv": [24, 8], "uv_size": [8, 8]},
								"east": {"uv": [24, 8], "uv_size": [8, 8]},
								"south": {"uv": [24, 8], "uv_size": [8, 8]},
								"west": {"uv": [24, 8], "uv_size": [8, 8]},
								"up": {"uv": [32, 16], "uv_size": [-8, -8]},
								"down": {"uv": [32, 16], "uv_size": [-8, -8]}
							}
						},
						{
							"origin": [2.35468, 13.62818, 4.30446],
							"size": [2.7368, 13.7968, 2.7368],
							"inflate": -0.8,
							"pivot": [4.09425, 14.59262, 5.37291],
							"rotation": [6, 0, -1],
							"uv": {
								"north": {"uv": [24, 8], "uv_size": [8, 8]},
								"east": {"uv": [24, 8], "uv_size": [8, 8]},
								"south": {"uv": [24, 8], "uv_size": [8, 8]},
								"west": {"uv": [24, 8], "uv_size": [8, 8]},
								"up": {"uv": [32, 16], "uv_size": [-8, -8]},
								"down": {"uv": [32, 16], "uv_size": [-8, -8]}
							}
						},
						{
							"origin": [2.08418, 7.73865, 4.1659],
							"size": [2.7744, 5.2104, 2.7744],
							"inflate": -0.9,
							"pivot": [3.47138, 12.37385, 6.3651],
							"rotation": [-20.5, 37, -27.5],
							"uv": {
								"north": {"uv": [24, 8], "uv_size": [8, 8]},
								"east": {"uv": [24, 8], "uv_size": [8, 8]},
								"south": {"uv": [24, 8], "uv_size": [8, 8]},
								"west": {"uv": [24, 8], "uv_size": [8, 8]},
								"up": {"uv": [32, 16], "uv_size": [-8, -8]},
								"down": {"uv": [32, 16], "uv_size": [-8, -8]}
							}
						},
						{
							"origin": [2.49495, 5.28937, 3.68391],
							"size": [2.8496, 5.2856, 2.8496],
							"inflate": -1.1,
							"pivot": [3.91975, 7.93217, 5.10871],
							"rotation": [19.5, 37, 5.5],
							"uv": {
								"north": {"uv": [24, 8], "uv_size": [8, 8]},
								"east": {"uv": [24, 8], "uv_size": [8, 8]},
								"south": {"uv": [24, 8], "uv_size": [8, 8]},
								"west": {"uv": [24, 8], "uv_size": [8, 8]},
								"up": {"uv": [32, 16], "uv_size": [-8, -8]},
								"down": {"uv": [32, 16], "uv_size": [-8, -8]}
							}
						}
					]
				},
				{
					"name": "bone37",
					"parent": "Hairs",
					"pivot": [-3.88461, 25.95716, 3.89007],
					"rotation": [-41, 108, -20],
					"cubes": [
						{
							"origin": [-6.22018, 10.51825, 4.1847],
							"size": [2.7368, 4.7968, 2.7368],
							"inflate": -0.8,
							"pivot": [-4.85178, 16.75865, 6.3651],
							"rotation": [2, -37, -17.5],
							"uv": {
								"north": {"uv": [24, 8], "uv_size": [8, 8]},
								"east": {"uv": [24, 8], "uv_size": [8, 8]},
								"south": {"uv": [24, 8], "uv_size": [8, 8]},
								"west": {"uv": [24, 8], "uv_size": [8, 8]},
								"up": {"uv": [32, 16], "uv_size": [-8, -8]},
								"down": {"uv": [32, 16], "uv_size": [-8, -8]}
							}
						},
						{
							"origin": [-5.09148, 13.62818, 4.30446],
							"size": [2.7368, 13.7968, 2.7368],
							"inflate": -0.8,
							"pivot": [-4.09425, 14.59262, 5.37291],
							"rotation": [6, 0, 1],
							"uv": {
								"north": {"uv": [24, 8], "uv_size": [8, 8]},
								"east": {"uv": [24, 8], "uv_size": [8, 8]},
								"south": {"uv": [24, 8], "uv_size": [8, 8]},
								"west": {"uv": [24, 8], "uv_size": [8, 8]},
								"up": {"uv": [32, 16], "uv_size": [-8, -8]},
								"down": {"uv": [32, 16], "uv_size": [-8, -8]}
							}
						},
						{
							"origin": [-4.85858, 7.73865, 4.1659],
							"size": [2.7744, 5.2104, 2.7744],
							"inflate": -0.9,
							"pivot": [-3.47138, 12.37385, 6.3651],
							"rotation": [-20.5, -37, 27.5],
							"uv": {
								"north": {"uv": [24, 8], "uv_size": [8, 8]},
								"east": {"uv": [24, 8], "uv_size": [8, 8]},
								"south": {"uv": [24, 8], "uv_size": [8, 8]},
								"west": {"uv": [24, 8], "uv_size": [8, 8]},
								"up": {"uv": [32, 16], "uv_size": [-8, -8]},
								"down": {"uv": [32, 16], "uv_size": [-8, -8]}
							}
						},
						{
							"origin": [-5.34455, 5.28937, 3.68391],
							"size": [2.8496, 5.2856, 2.8496],
							"inflate": -1.1,
							"pivot": [-3.91975, 7.93217, 5.10871],
							"rotation": [19.5, -37, -5.5],
							"uv": {
								"north": {"uv": [24, 8], "uv_size": [8, 8]},
								"east": {"uv": [24, 8], "uv_size": [8, 8]},
								"south": {"uv": [24, 8], "uv_size": [8, 8]},
								"west": {"uv": [24, 8], "uv_size": [8, 8]},
								"up": {"uv": [32, 16], "uv_size": [-8, -8]},
								"down": {"uv": [32, 16], "uv_size": [-8, -8]}
							}
						}
					]
				},
				{
					"name": "bone38",
					"parent": "Hairs",
					"pivot": [2.98461, 27.45716, 3.99007],
					"rotation": [-19, -108, 15],
					"cubes": [
						{
							"origin": [2.58338, 12.01825, 4.2847],
							"size": [2.7368, 4.7968, 2.7368],
							"inflate": -0.8,
							"pivot": [3.95178, 18.25865, 6.4651],
							"rotation": [2, 37, 17.5],
							"uv": {
								"north": {"uv": [24, 8], "uv_size": [8, 8]},
								"east": {"uv": [24, 8], "uv_size": [8, 8]},
								"south": {"uv": [24, 8], "uv_size": [8, 8]},
								"west": {"uv": [24, 8], "uv_size": [8, 8]},
								"up": {"uv": [32, 16], "uv_size": [-8, -8]},
								"down": {"uv": [32, 16], "uv_size": [-8, -8]}
							}
						},
						{
							"origin": [1.45468, 15.12818, 4.40446],
							"size": [2.7368, 13.7968, 2.7368],
							"inflate": -0.8,
							"pivot": [3.19425, 16.09262, 5.47291],
							"rotation": [6, 0, -1],
							"uv": {
								"north": {"uv": [24, 8], "uv_size": [8, 8]},
								"east": {"uv": [24, 8], "uv_size": [8, 8]},
								"south": {"uv": [24, 8], "uv_size": [8, 8]},
								"west": {"uv": [24, 8], "uv_size": [8, 8]},
								"up": {"uv": [32, 16], "uv_size": [-8, -8]},
								"down": {"uv": [32, 16], "uv_size": [-8, -8]}
							}
						},
						{
							"origin": [1.18418, 9.23865, 4.2659],
							"size": [2.7744, 5.2104, 2.7744],
							"inflate": -0.9,
							"pivot": [2.57138, 13.87385, 6.4651],
							"rotation": [-20.5, 37, -27.5],
							"uv": {
								"north": {"uv": [24, 8], "uv_size": [8, 8]},
								"east": {"uv": [24, 8], "uv_size": [8, 8]},
								"south": {"uv": [24, 8], "uv_size": [8, 8]},
								"west": {"uv": [24, 8], "uv_size": [8, 8]},
								"up": {"uv": [32, 16], "uv_size": [-8, -8]},
								"down": {"uv": [32, 16], "uv_size": [-8, -8]}
							}
						},
						{
							"origin": [1.59495, 6.78937, 3.78391],
							"size": [2.8496, 5.2856, 2.8496],
							"inflate": -1.1,
							"pivot": [3.01975, 9.43217, 5.20871],
							"rotation": [19.5, 37, 5.5],
							"uv": {
								"north": {"uv": [24, 8], "uv_size": [8, 8]},
								"east": {"uv": [24, 8], "uv_size": [8, 8]},
								"south": {"uv": [24, 8], "uv_size": [8, 8]},
								"west": {"uv": [24, 8], "uv_size": [8, 8]},
								"up": {"uv": [32, 16], "uv_size": [-8, -8]},
								"down": {"uv": [32, 16], "uv_size": [-8, -8]}
							}
						}
					]
				},
				{
					"name": "bone39",
					"parent": "Hairs",
					"pivot": [-2.98461, 27.45716, 3.99007],
					"rotation": [-19, 108, -15],
					"cubes": [
						{
							"origin": [-5.32018, 12.01825, 4.2847],
							"size": [2.7368, 4.7968, 2.7368],
							"inflate": -0.8,
							"pivot": [-3.95178, 18.25865, 6.4651],
							"rotation": [2, -37, -17.5],
							"uv": {
								"north": {"uv": [24, 8], "uv_size": [8, 8]},
								"east": {"uv": [24, 8], "uv_size": [8, 8]},
								"south": {"uv": [24, 8], "uv_size": [8, 8]},
								"west": {"uv": [24, 8], "uv_size": [8, 8]},
								"up": {"uv": [32, 16], "uv_size": [-8, -8]},
								"down": {"uv": [32, 16], "uv_size": [-8, -8]}
							}
						},
						{
							"origin": [-4.19148, 15.12818, 4.40446],
							"size": [2.7368, 13.7968, 2.7368],
							"inflate": -0.8,
							"pivot": [-3.19425, 16.09262, 5.47291],
							"rotation": [6, 0, 1],
							"uv": {
								"north": {"uv": [24, 8], "uv_size": [8, 8]},
								"east": {"uv": [24, 8], "uv_size": [8, 8]},
								"south": {"uv": [24, 8], "uv_size": [8, 8]},
								"west": {"uv": [24, 8], "uv_size": [8, 8]},
								"up": {"uv": [32, 16], "uv_size": [-8, -8]},
								"down": {"uv": [32, 16], "uv_size": [-8, -8]}
							}
						},
						{
							"origin": [-3.95858, 9.23865, 4.2659],
							"size": [2.7744, 5.2104, 2.7744],
							"inflate": -0.9,
							"pivot": [-2.57138, 13.87385, 6.4651],
							"rotation": [-20.5, -37, 27.5],
							"uv": {
								"north": {"uv": [24, 8], "uv_size": [8, 8]},
								"east": {"uv": [24, 8], "uv_size": [8, 8]},
								"south": {"uv": [24, 8], "uv_size": [8, 8]},
								"west": {"uv": [24, 8], "uv_size": [8, 8]},
								"up": {"uv": [32, 16], "uv_size": [-8, -8]},
								"down": {"uv": [32, 16], "uv_size": [-8, -8]}
							}
						},
						{
							"origin": [-4.44455, 6.78937, 3.78391],
							"size": [2.8496, 5.2856, 2.8496],
							"inflate": -1.1,
							"pivot": [-3.01975, 9.43217, 5.20871],
							"rotation": [19.5, -37, -5.5],
							"uv": {
								"north": {"uv": [24, 8], "uv_size": [8, 8]},
								"east": {"uv": [24, 8], "uv_size": [8, 8]},
								"south": {"uv": [24, 8], "uv_size": [8, 8]},
								"west": {"uv": [24, 8], "uv_size": [8, 8]},
								"up": {"uv": [32, 16], "uv_size": [-8, -8]},
								"down": {"uv": [32, 16], "uv_size": [-8, -8]}
							}
						}
					]
				},
				{
					"name": "bone40",
					"parent": "Hairs",
					"pivot": [-0.41539, 28.85716, 3.99007],
					"rotation": [-24, -116, 19],
					"cubes": [
						{
							"origin": [-0.81662, 13.41825, 4.2847],
							"size": [2.7368, 4.7968, 2.7368],
							"inflate": -0.8,
							"pivot": [0.55178, 19.65865, 6.4651],
							"rotation": [2, 37, 17.5],
							"uv": {
								"north": {"uv": [24, 8], "uv_size": [8, 8]},
								"east": {"uv": [24, 8], "uv_size": [8, 8]},
								"south": {"uv": [24, 8], "uv_size": [8, 8]},
								"west": {"uv": [24, 8], "uv_size": [8, 8]},
								"up": {"uv": [32, 16], "uv_size": [-8, -8]},
								"down": {"uv": [32, 16], "uv_size": [-8, -8]}
							}
						},
						{
							"origin": [-1.94532, 16.52818, 4.40446],
							"size": [2.7368, 13.7968, 2.7368],
							"inflate": -0.8,
							"pivot": [-0.20575, 17.49262, 5.47291],
							"rotation": [6, 0, -1],
							"uv": {
								"north": {"uv": [24, 8], "uv_size": [8, 8]},
								"east": {"uv": [24, 8], "uv_size": [8, 8]},
								"south": {"uv": [24, 8], "uv_size": [8, 8]},
								"west": {"uv": [24, 8], "uv_size": [8, 8]},
								"up": {"uv": [32, 16], "uv_size": [-8, -8]},
								"down": {"uv": [32, 16], "uv_size": [-8, -8]}
							}
						},
						{
							"origin": [-2.21582, 10.63865, 4.2659],
							"size": [2.7744, 5.2104, 2.7744],
							"inflate": -0.9,
							"pivot": [-0.82862, 15.27385, 6.4651],
							"rotation": [-20.5, 37, -27.5],
							"uv": {
								"north": {"uv": [24, 8], "uv_size": [8, 8]},
								"east": {"uv": [24, 8], "uv_size": [8, 8]},
								"south": {"uv": [24, 8], "uv_size": [8, 8]},
								"west": {"uv": [24, 8], "uv_size": [8, 8]},
								"up": {"uv": [32, 16], "uv_size": [-8, -8]},
								"down": {"uv": [32, 16], "uv_size": [-8, -8]}
							}
						},
						{
							"origin": [-1.80505, 8.18937, 3.78391],
							"size": [2.8496, 5.2856, 2.8496],
							"inflate": -1.1,
							"pivot": [-0.38025, 10.83217, 5.20871],
							"rotation": [19.5, 37, 5.5],
							"uv": {
								"north": {"uv": [24, 8], "uv_size": [8, 8]},
								"east": {"uv": [24, 8], "uv_size": [8, 8]},
								"south": {"uv": [24, 8], "uv_size": [8, 8]},
								"west": {"uv": [24, 8], "uv_size": [8, 8]},
								"up": {"uv": [32, 16], "uv_size": [-8, -8]},
								"down": {"uv": [32, 16], "uv_size": [-8, -8]}
							}
						}
					]
				},
				{
					"name": "bone41",
					"parent": "Hairs",
					"pivot": [0.41539, 28.85716, 3.99007],
					"rotation": [-24, 116, -19],
					"cubes": [
						{
							"origin": [-1.92018, 13.41825, 4.2847],
							"size": [2.7368, 4.7968, 2.7368],
							"inflate": -0.8,
							"pivot": [-0.55178, 19.65865, 6.4651],
							"rotation": [2, -37, -17.5],
							"uv": {
								"north": {"uv": [24, 8], "uv_size": [8, 8]},
								"east": {"uv": [24, 8], "uv_size": [8, 8]},
								"south": {"uv": [24, 8], "uv_size": [8, 8]},
								"west": {"uv": [24, 8], "uv_size": [8, 8]},
								"up": {"uv": [32, 16], "uv_size": [-8, -8]},
								"down": {"uv": [32, 16], "uv_size": [-8, -8]}
							}
						},
						{
							"origin": [-0.79148, 16.52818, 4.40446],
							"size": [2.7368, 13.7968, 2.7368],
							"inflate": -0.8,
							"pivot": [0.20575, 17.49262, 5.47291],
							"rotation": [6, 0, 1],
							"uv": {
								"north": {"uv": [24, 8], "uv_size": [8, 8]},
								"east": {"uv": [24, 8], "uv_size": [8, 8]},
								"south": {"uv": [24, 8], "uv_size": [8, 8]},
								"west": {"uv": [24, 8], "uv_size": [8, 8]},
								"up": {"uv": [32, 16], "uv_size": [-8, -8]},
								"down": {"uv": [32, 16], "uv_size": [-8, -8]}
							}
						},
						{
							"origin": [-0.55858, 10.63865, 4.2659],
							"size": [2.7744, 5.2104, 2.7744],
							"inflate": -0.9,
							"pivot": [0.82862, 15.27385, 6.4651],
							"rotation": [-20.5, -37, 27.5],
							"uv": {
								"north": {"uv": [24, 8], "uv_size": [8, 8]},
								"east": {"uv": [24, 8], "uv_size": [8, 8]},
								"south": {"uv": [24, 8], "uv_size": [8, 8]},
								"west": {"uv": [24, 8], "uv_size": [8, 8]},
								"up": {"uv": [32, 16], "uv_size": [-8, -8]},
								"down": {"uv": [32, 16], "uv_size": [-8, -8]}
							}
						},
						{
							"origin": [-1.04455, 8.18937, 3.78391],
							"size": [2.8496, 5.2856, 2.8496],
							"inflate": -1.1,
							"pivot": [0.38025, 10.83217, 5.20871],
							"rotation": [19.5, -37, -5.5],
							"uv": {
								"north": {"uv": [24, 8], "uv_size": [8, 8]},
								"east": {"uv": [24, 8], "uv_size": [8, 8]},
								"south": {"uv": [24, 8], "uv_size": [8, 8]},
								"west": {"uv": [24, 8], "uv_size": [8, 8]},
								"up": {"uv": [32, 16], "uv_size": [-8, -8]},
								"down": {"uv": [32, 16], "uv_size": [-8, -8]}
							}
						}
					]
				},
				{
					"name": "bone42",
					"parent": "Hairs",
					"pivot": [-1.48461, 34.05716, 3.99007],
					"rotation": [-24, 116, -19],
					"cubes": [
						{
							"origin": [-3.82018, 18.61825, 4.2847],
							"size": [2.7368, 4.7968, 2.7368],
							"inflate": -0.8,
							"pivot": [-2.45178, 24.85865, 6.4651],
							"rotation": [2, -37, -17.5],
							"uv": {
								"north": {"uv": [24, 8], "uv_size": [8, 8]},
								"east": {"uv": [24, 8], "uv_size": [8, 8]},
								"south": {"uv": [24, 8], "uv_size": [8, 8]},
								"west": {"uv": [24, 8], "uv_size": [8, 8]},
								"up": {"uv": [32, 16], "uv_size": [-8, -8]},
								"down": {"uv": [32, 16], "uv_size": [-8, -8]}
							}
						},
						{
							"origin": [-2.69148, 21.72818, 4.40446],
							"size": [2.7368, 9.7968, 2.7368],
							"inflate": -0.8,
							"pivot": [-1.69425, 22.69262, 5.47291],
							"rotation": [6, 0, 8],
							"uv": {
								"north": {"uv": [24, 8], "uv_size": [8, 8]},
								"east": {"uv": [24, 8], "uv_size": [8, 8]},
								"south": {"uv": [24, 8], "uv_size": [8, 8]},
								"west": {"uv": [24, 8], "uv_size": [8, 8]},
								"up": {"uv": [32, 16], "uv_size": [-8, -8]},
								"down": {"uv": [32, 16], "uv_size": [-8, -8]}
							}
						},
						{
							"origin": [-2.45858, 15.83865, 4.2659],
							"size": [2.7744, 5.2104, 2.7744],
							"inflate": -0.9,
							"pivot": [-1.07138, 20.47385, 6.4651],
							"rotation": [-20.5, -37, 27.5],
							"uv": {
								"north": {"uv": [24, 8], "uv_size": [8, 8]},
								"east": {"uv": [24, 8], "uv_size": [8, 8]},
								"south": {"uv": [24, 8], "uv_size": [8, 8]},
								"west": {"uv": [24, 8], "uv_size": [8, 8]},
								"up": {"uv": [32, 16], "uv_size": [-8, -8]},
								"down": {"uv": [32, 16], "uv_size": [-8, -8]}
							}
						},
						{
							"origin": [-2.94455, 13.38937, 3.78391],
							"size": [2.8496, 5.2856, 2.8496],
							"inflate": -1.1,
							"pivot": [-1.51975, 16.03217, 5.20871],
							"rotation": [19.5, -37, -5.5],
							"uv": {
								"north": {"uv": [24, 8], "uv_size": [8, 8]},
								"east": {"uv": [24, 8], "uv_size": [8, 8]},
								"south": {"uv": [24, 8], "uv_size": [8, 8]},
								"west": {"uv": [24, 8], "uv_size": [8, 8]},
								"up": {"uv": [32, 16], "uv_size": [-8, -8]},
								"down": {"uv": [32, 16], "uv_size": [-8, -8]}
							}
						}
					]
				},
				{
					"name": "bone43",
					"parent": "Hairs",
					"pivot": [0.18461, 34.05716, 3.99007],
					"rotation": [-24, -116, 19],
					"cubes": [
						{
							"origin": [-0.21662, 18.61825, 4.2847],
							"size": [2.7368, 4.7968, 2.7368],
							"inflate": -0.8,
							"pivot": [1.15178, 24.85865, 6.4651],
							"rotation": [2, 37, 17.5],
							"uv": {
								"north": {"uv": [24, 8], "uv_size": [8, 8]},
								"east": {"uv": [24, 8], "uv_size": [8, 8]},
								"south": {"uv": [24, 8], "uv_size": [8, 8]},
								"west": {"uv": [24, 8], "uv_size": [8, 8]},
								"up": {"uv": [32, 16], "uv_size": [-8, -8]},
								"down": {"uv": [32, 16], "uv_size": [-8, -8]}
							}
						},
						{
							"origin": [-1.34532, 21.72818, 4.40446],
							"size": [2.7368, 9.7968, 2.7368],
							"inflate": -0.8,
							"pivot": [0.39425, 22.69262, 5.47291],
							"rotation": [6, 0, -8],
							"uv": {
								"north": {"uv": [24, 8], "uv_size": [8, 8]},
								"east": {"uv": [24, 8], "uv_size": [8, 8]},
								"south": {"uv": [24, 8], "uv_size": [8, 8]},
								"west": {"uv": [24, 8], "uv_size": [8, 8]},
								"up": {"uv": [32, 16], "uv_size": [-8, -8]},
								"down": {"uv": [32, 16], "uv_size": [-8, -8]}
							}
						},
						{
							"origin": [-1.61582, 15.83865, 4.2659],
							"size": [2.7744, 5.2104, 2.7744],
							"inflate": -0.9,
							"pivot": [-0.22862, 20.47385, 6.4651],
							"rotation": [-20.5, 37, -27.5],
							"uv": {
								"north": {"uv": [24, 8], "uv_size": [8, 8]},
								"east": {"uv": [24, 8], "uv_size": [8, 8]},
								"south": {"uv": [24, 8], "uv_size": [8, 8]},
								"west": {"uv": [24, 8], "uv_size": [8, 8]},
								"up": {"uv": [32, 16], "uv_size": [-8, -8]},
								"down": {"uv": [32, 16], "uv_size": [-8, -8]}
							}
						},
						{
							"origin": [-1.20505, 13.38937, 3.78391],
							"size": [2.8496, 5.2856, 2.8496],
							"inflate": -1.1,
							"pivot": [0.21975, 16.03217, 5.20871],
							"rotation": [19.5, 37, 5.5],
							"uv": {
								"north": {"uv": [24, 8], "uv_size": [8, 8]},
								"east": {"uv": [24, 8], "uv_size": [8, 8]},
								"south": {"uv": [24, 8], "uv_size": [8, 8]},
								"west": {"uv": [24, 8], "uv_size": [8, 8]},
								"up": {"uv": [32, 16], "uv_size": [-8, -8]},
								"down": {"uv": [32, 16], "uv_size": [-8, -8]}
							}
						}
					]
				},
				{
					"name": "bone44",
					"parent": "Hairs",
					"pivot": [-3.98461, 27.95716, -2.79007],
					"rotation": [14, -117, -5],
					"cubes": [
						{
							"origin": [-6.40428, 23.38367, -4.09605],
							"size": [2.7368, 6.7968, 2.7368],
							"inflate": -0.8,
							"pivot": [-5.03588, 29.62407, -3.53965],
							"rotation": [-2, 37, -17.5],
							"uv": {
								"north": {"uv": [24, 8], "uv_size": [8, 8]},
								"east": {"uv": [24, 8], "uv_size": [8, 8]},
								"south": {"uv": [24, 8], "uv_size": [8, 8]},
								"west": {"uv": [24, 8], "uv_size": [8, 8]},
								"up": {"uv": [32, 16], "uv_size": [-8, -8]},
								"down": {"uv": [32, 16], "uv_size": [-8, -8]}
							}
						},
						{
							"origin": [-5.04268, 20.60407, -4.11485],
							"size": [2.7744, 5.2104, 2.7744],
							"inflate": -0.9,
							"pivot": [-3.65548, 25.23927, -3.53965],
							"rotation": [20.5, 37, 27.5],
							"uv": {
								"north": {"uv": [24, 8], "uv_size": [8, 8]},
								"east": {"uv": [24, 8], "uv_size": [8, 8]},
								"south": {"uv": [24, 8], "uv_size": [8, 8]},
								"west": {"uv": [24, 8], "uv_size": [8, 8]},
								"up": {"uv": [32, 16], "uv_size": [-8, -8]},
								"down": {"uv": [32, 16], "uv_size": [-8, -8]}
							}
						},
						{
							"origin": [-5.52865, 18.15479, -3.70806],
							"size": [2.8496, 5.2856, 2.8496],
							"inflate": -1.1,
							"pivot": [-4.10385, 20.79759, -2.28326],
							"rotation": [-19.5, 37, -5.5],
							"uv": {
								"north": {"uv": [24, 8], "uv_size": [8, 8]},
								"east": {"uv": [24, 8], "uv_size": [8, 8]},
								"south": {"uv": [24, 8], "uv_size": [8, 8]},
								"west": {"uv": [24, 8], "uv_size": [8, 8]},
								"up": {"uv": [32, 16], "uv_size": [-8, -8]},
								"down": {"uv": [32, 16], "uv_size": [-8, -8]}
							}
						}
					]
				},
				{
					"name": "bone45",
					"parent": "Hairs",
					"pivot": [0, 0.2, 0]
				},
				{
					"name": "RightArm",
					"parent": "Body",
					"pivot": [-5, 22, 0],
					"cubes": [
						{"origin": [-8, 12, -2], "size": [4, 12, 4], "uv": [40, 16]}
					]
				},
				{
					"name": "leftArm3",
					"parent": "RightArm",
					"pivot": [-5, 22, 0],
					"cubes": [
						{
							"origin": [-8, 15, 2],
							"size": [4, 9, 0.2],
							"uv": {
								"north": {"uv": [83.5, 133.5], "uv_size": [37.75, 62]},
								"east": {"uv": [83.5, 133.5], "uv_size": [37.75, 62]},
								"south": {"uv": [83.5, 133.5], "uv_size": [37.75, 62]},
								"west": {"uv": [83.5, 133.5], "uv_size": [37.75, 62]},
								"up": {"uv": [121.25, 195.5], "uv_size": [-37.75, -62]},
								"down": {"uv": [121.25, 195.5], "uv_size": [-37.75, -62]}
							}
						},
						{
							"origin": [-8.2, 15, -2.2],
							"size": [0.2, 9, 4.4],
							"uv": {
								"north": {"uv": [83.5, 133.5], "uv_size": [37.75, 62]},
								"east": {"uv": [83.5, 133.5], "uv_size": [37.75, 62]},
								"south": {"uv": [83.5, 133.5], "uv_size": [37.75, 62]},
								"west": {"uv": [83.5, 133.5], "uv_size": [37.75, 62]},
								"up": {"uv": [121.25, 195.5], "uv_size": [-37.75, -62]},
								"down": {"uv": [121.25, 195.5], "uv_size": [-37.75, -62]}
							}
						},
						{
							"origin": [-4, 15, -2.2],
							"size": [0.2, 9, 4.4],
							"uv": {
								"north": {"uv": [83.5, 133.5], "uv_size": [37.75, 62]},
								"east": {"uv": [83.5, 133.5], "uv_size": [37.75, 62]},
								"south": {"uv": [83.5, 133.5], "uv_size": [37.75, 62]},
								"west": {"uv": [83.5, 133.5], "uv_size": [37.75, 62]},
								"up": {"uv": [121.25, 195.5], "uv_size": [-37.75, -62]},
								"down": {"uv": [121.25, 195.5], "uv_size": [-37.75, -62]}
							}
						},
						{
							"origin": [-8.2, 20, -2.2],
							"size": [4.4, 4.1, 4.4],
							"uv": {
								"north": {"uv": [83.5, 133.5], "uv_size": [37.75, 62]},
								"east": {"uv": [83.5, 133.5], "uv_size": [37.75, 62]},
								"south": {"uv": [83.5, 133.5], "uv_size": [37.75, 62]},
								"west": {"uv": [83.5, 133.5], "uv_size": [37.75, 62]},
								"up": {"uv": [121.25, 195.5], "uv_size": [-37.75, -62]},
								"down": {"uv": [121.25, 195.5], "uv_size": [-37.75, -62]}
							}
						},
						{
							"origin": [-8, 15, -2.2],
							"size": [4, 9, 0.2],
							"uv": {
								"north": {"uv": [83.5, 133.5], "uv_size": [37.75, 62]},
								"east": {"uv": [83.5, 133.5], "uv_size": [37.75, 62]},
								"south": {"uv": [83.5, 133.5], "uv_size": [37.75, 62]},
								"west": {"uv": [83.5, 133.5], "uv_size": [37.75, 62]},
								"up": {"uv": [121.25, 195.5], "uv_size": [-37.75, -62]},
								"down": {"uv": [121.25, 195.5], "uv_size": [-37.75, -62]}
							}
						}
					]
				},
				{
					"name": "bone8",
					"parent": "leftArm3",
					"pivot": [0, 0, 0],
					"rotation": [-15, 0, 0]
				},
				{
					"name": "bone13",
					"parent": "leftArm3",
					"pivot": [0, -5, 0],
					"rotation": [10, 0, 0]
				},
				{
					"name": "bone15",
					"parent": "leftArm3",
					"pivot": [0, 0, 0],
					"rotation": [0, 0, 12.5]
				},
				{
					"name": "bone16",
					"parent": "leftArm3",
					"pivot": [0, 0, 0],
					"rotation": [0, 0, -10]
				},
				{
					"name": "LeftArm",
					"parent": "Body",
					"pivot": [5, 22, 0],
					"cubes": [
						{"origin": [4, 12, -2], "size": [4, 12, 4], "uv": [40, 16], "mirror": true}
					]
				},
				{
					"name": "leftArm2",
					"parent": "LeftArm",
					"pivot": [5, 22, 0],
					"cubes": [
						{
							"origin": [4, 15, 2],
							"size": [4, 9, 0.2],
							"uv": {
								"north": {"uv": [90.5, 130.25], "uv_size": [37.75, 62]},
								"east": {"uv": [90.5, 130.25], "uv_size": [37.75, 62]},
								"south": {"uv": [90.5, 130.25], "uv_size": [37.75, 62]},
								"west": {"uv": [90.5, 130.25], "uv_size": [37.75, 62]},
								"up": {"uv": [128.25, 192.25], "uv_size": [-37.75, -62]},
								"down": {"uv": [128.25, 192.25], "uv_size": [-37.75, -62]}
							}
						},
						{
							"origin": [3.8, 15, -2.2],
							"size": [0.2, 9, 4.4],
							"uv": {
								"north": {"uv": [90.5, 130.25], "uv_size": [37.75, 62]},
								"east": {"uv": [90.5, 130.25], "uv_size": [37.75, 62]},
								"south": {"uv": [90.5, 130.25], "uv_size": [37.75, 62]},
								"west": {"uv": [90.5, 130.25], "uv_size": [37.75, 62]},
								"up": {"uv": [128.25, 192.25], "uv_size": [-37.75, -62]},
								"down": {"uv": [128.25, 192.25], "uv_size": [-37.75, -62]}
							}
						},
						{
							"origin": [8, 15, -2.2],
							"size": [0.2, 9, 4.4],
							"uv": {
								"north": {"uv": [90.5, 130.25], "uv_size": [37.75, 62]},
								"east": {"uv": [90.5, 130.25], "uv_size": [37.75, 62]},
								"south": {"uv": [90.5, 130.25], "uv_size": [37.75, 62]},
								"west": {"uv": [90.5, 130.25], "uv_size": [37.75, 62]},
								"up": {"uv": [128.25, 192.25], "uv_size": [-37.75, -62]},
								"down": {"uv": [128.25, 192.25], "uv_size": [-37.75, -62]}
							}
						},
						{
							"origin": [3.8, 20, -2.2],
							"size": [4.4, 4.1, 4.4],
							"uv": {
								"north": {"uv": [90.5, 130.25], "uv_size": [37.75, 62]},
								"east": {"uv": [90.5, 130.25], "uv_size": [37.75, 62]},
								"south": {"uv": [90.5, 130.25], "uv_size": [37.75, 62]},
								"west": {"uv": [90.5, 130.25], "uv_size": [37.75, 62]},
								"up": {"uv": [128.25, 192.25], "uv_size": [-37.75, -62]},
								"down": {"uv": [128.25, 192.25], "uv_size": [-37.75, -62]}
							}
						},
						{
							"origin": [4, 15, -2.2],
							"size": [4, 9, 0.2],
							"uv": {
								"north": {"uv": [90.5, 130.25], "uv_size": [37.75, 62]},
								"east": {"uv": [90.5, 130.25], "uv_size": [37.75, 62]},
								"south": {"uv": [90.5, 130.25], "uv_size": [37.75, 62]},
								"west": {"uv": [90.5, 130.25], "uv_size": [37.75, 62]},
								"up": {"uv": [128.25, 192.25], "uv_size": [-37.75, -62]},
								"down": {"uv": [128.25, 192.25], "uv_size": [-37.75, -62]}
							}
						}
					]
				},
				{
					"name": "bone9",
					"parent": "leftArm2",
					"pivot": [0, 0, 0],
					"rotation": [-15, 0, 0]
				},
				{
					"name": "bone10",
					"parent": "leftArm2",
					"pivot": [0, -5, 0],
					"rotation": [10, 0, 0]
				},
				{
					"name": "bone11",
					"parent": "leftArm2",
					"pivot": [0, 0, 0],
					"rotation": [0, 0, 12.5]
				},
				{
					"name": "bone12",
					"parent": "leftArm2",
					"pivot": [0, 0, 0],
					"rotation": [0, 0, -10]
				},
				{
					"name": "RightLeg",
					"parent": "root",
					"pivot": [-1.9, 12, 0],
					"cubes": [
						{"origin": [-3.9, 0, -2], "size": [4, 12, 4], "uv": [0, 16]}
					]
				},
				{
					"name": "rightLeg2",
					"parent": "RightLeg",
					"pivot": [-1.9, 12, 0],
					"cubes": [
						{
							"origin": [-3.75, 4.8, -1.7],
							"size": [3.5, 0.1, 3.6],
							"inflate": 0.5,
							"uv": {
								"north": {"uv": [90.5, 130.25], "uv_size": [37.75, 62]},
								"east": {"uv": [90.5, 130.25], "uv_size": [37.75, 62]},
								"south": {"uv": [90.5, 130.25], "uv_size": [37.75, 62]},
								"west": {"uv": [90.5, 130.25], "uv_size": [37.75, 62]},
								"up": {"uv": [128.25, 192.25], "uv_size": [-37.75, -62]},
								"down": {"uv": [128.25, 192.25], "uv_size": [-37.75, -62]}
							}
						},
						{
							"origin": [-3.55, 3.7, -1.7],
							"size": [3.3, 0.1, 3.6],
							"inflate": 0.5,
							"uv": {
								"north": {"uv": [90.5, 130.25], "uv_size": [37.75, 62]},
								"east": {"uv": [90.5, 130.25], "uv_size": [37.75, 62]},
								"south": {"uv": [90.5, 130.25], "uv_size": [37.75, 62]},
								"west": {"uv": [90.5, 130.25], "uv_size": [37.75, 62]},
								"up": {"uv": [128.25, 192.25], "uv_size": [-37.75, -62]},
								"down": {"uv": [128.25, 192.25], "uv_size": [-37.75, -62]}
							}
						},
						{
							"origin": [-3.55, 0.4, -1.6],
							"size": [3.2, 2.3, 3.4],
							"inflate": 0.5,
							"uv": {
								"north": {"uv": [90.5, 130.25], "uv_size": [37.75, 62]},
								"east": {"uv": [90.5, 130.25], "uv_size": [37.75, 62]},
								"south": {"uv": [90.5, 130.25], "uv_size": [37.75, 62]},
								"west": {"uv": [90.5, 130.25], "uv_size": [37.75, 62]},
								"up": {"uv": [128.25, 192.25], "uv_size": [-37.75, -62]},
								"down": {"uv": [128.25, 192.25], "uv_size": [-37.75, -62]}
							}
						}
					]
				},
				{
					"name": "LeftLeg",
					"parent": "root",
					"pivot": [1.9, 12, 0],
					"cubes": [
						{"origin": [-0.1, 0, -2], "size": [4, 12, 4], "uv": [0, 16], "mirror": true}
					]
				},
				{
					"name": "leftLeg2",
					"parent": "LeftLeg",
					"pivot": [1.9, 12, 0],
					"cubes": [
						{
							"origin": [0.25, 4.8, -1.7],
							"size": [3.4, 0.1, 3.6],
							"inflate": 0.5,
							"uv": {
								"north": {"uv": [90.5, 130.25], "uv_size": [37.75, 62]},
								"east": {"uv": [90.5, 130.25], "uv_size": [37.75, 62]},
								"south": {"uv": [90.5, 130.25], "uv_size": [37.75, 62]},
								"west": {"uv": [90.5, 130.25], "uv_size": [37.75, 62]},
								"up": {"uv": [128.25, 192.25], "uv_size": [-37.75, -62]},
								"down": {"uv": [128.25, 192.25], "uv_size": [-37.75, -62]}
							}
						},
						{
							"origin": [0.25, 3.7, -1.7],
							"size": [3.2, 0.1, 3.6],
							"inflate": 0.5,
							"uv": {
								"north": {"uv": [90.5, 130.25], "uv_size": [37.75, 62]},
								"east": {"uv": [90.5, 130.25], "uv_size": [37.75, 62]},
								"south": {"uv": [90.5, 130.25], "uv_size": [37.75, 62]},
								"west": {"uv": [90.5, 130.25], "uv_size": [37.75, 62]},
								"up": {"uv": [128.25, 192.25], "uv_size": [-37.75, -62]},
								"down": {"uv": [128.25, 192.25], "uv_size": [-37.75, -62]}
							}
						},
						{
							"origin": [0.35, 0.4, -1.6],
							"size": [3.1, 2.3, 3.4],
							"inflate": 0.5,
							"uv": {
								"north": {"uv": [90.5, 130.25], "uv_size": [37.75, 62]},
								"east": {"uv": [90.5, 130.25], "uv_size": [37.75, 62]},
								"south": {"uv": [90.5, 130.25], "uv_size": [37.75, 62]},
								"west": {"uv": [90.5, 130.25], "uv_size": [37.75, 62]},
								"up": {"uv": [128.25, 192.25], "uv_size": [-37.75, -62]},
								"down": {"uv": [128.25, 192.25], "uv_size": [-37.75, -62]}
							}
						}
					]
				}
			]
		}
	]
}