{
  "resource_pack_name": "vanilla",
  "texture_name": "atlas.terrain",
  "padding": 8,
  "num_mip_levels": 4,
  "texture_data": {
	"double_plant_grass_top": {
      "textures": [
        "textures/blocks/double_plant_grass_top"
      ]
    },
	"double_plant_grass_bottom": {
      "textures": [
        "textures/blocks/double_plant_grass_bottom"
      ]
    },
	"tallgrass": {
      "textures": [
        "textures/blocks/tallgrass"
      ]
    },
  "flower_dandelion": {
      "textures": "textures/blocks/flower_dandelion"
    },
  "flower_rose": {
      "textures": [
        "textures/blocks/flower_rose"
      ]
    },
  "flower_blue_orchid": {
      "textures": [
        "textures/blocks/flower_blue_orchid"
      ]
    },
  "flower_allium": {
      "textures": [
        "textures/blocks/flower_allium"
      ]
    },
  "flower_houstonia": {
      "textures": [
        "textures/blocks/flower_houstonia"
      ]
    },
  "flower_tulip_red": {
      "textures": [
        "textures/blocks/flower_tulip_red"
      ]
    },
  "flower_tulip_orange": {
      "textures": [
        "textures/blocks/flower_tulip_orange"
      ]
    },
  "flower_tulip_white": {
      "textures": [
        "textures/blocks/flower_tulip_white"
      ]
    },
  "flower_tulip_pink": {
      "textures": [
        "textures/blocks/flower_tulip_pink"
      ]
    },
  "flower_oxeye_daisy": {
      "textures": [
        "textures/blocks/flower_oxeye_daisy"
      ]
    },
  "flower_cornflower": {
      "textures": [
        "textures/blocks/flower_cornflower"
      ]
    },
  "flower_lily_of_the_valley": {
      "textures": [
        "textures/blocks/flower_lily_of_the_valley"
      ]
    },
  "flower_wither_rose": {
      "textures": [
        "textures/blocks/flower_wither_rose"
      ]
    },
  "leaves_oak": {
      "textures": [
        "textures/blocks/leaves_oak"
      ]
    },
  "leaves_spruce": {
      "textures": [
        "textures/blocks/leaves_spruce"
      ]
    },
  "leaves_birch": {
      "textures": [
        "textures/blocks/leaves_birch"
      ]
    },
  "leaves_jungle": {
      "textures": [
        "textures/blocks/leaves_jungle"
      ]
    },
  "leaves_acacia": {
      "textures": [
        "textures/blocks/leaves_acacia"
      ]
    },
  "leaves_big_oak": {
      "textures": [
        "textures/blocks/leaves_big_oak"
      ]
    }
   }
 }