{
  "format_version": "1.12.0",
  "minecraft:geometry": [
    {
      "description": {
        "identifier": "geometry.os_bb",
        "texture_width": 128,
        "texture_height": 128,
        "visible_bounds_width": 3,
        "visible_bounds_height": 5.5,
        "visible_bounds_offset": [
          0,
          2.25,
          0
        ]
      },
      "bones": [
        {
          "name": "root"
        },
        {
          "name": "waist",
          "parent": "root"
        },
        {
          "name": "body",
          "pivot": [
            0,
            27,
            -0.5
          ],
          "cubes": [
            {
              "origin": [
                -4.0,
                27.0,
                -4.0
              ],
              "size": [
                8.0,
                15.0,
                7.0
              ],
              "uv": [
                0,
                17
              ],
              "inflate": 0
            }
          ],
          "parent": "waist"
        },
        {
          "name": "head",
          "pivot": [
            0,
            42,
            -0.5
          ],
          "cubes": [
            {
              "origin": [
                -5.0,
                42.0,
                -4.5
              ],
              "size": [
                10.0,
                9.0,
                8.0
              ],
              "uv": [
                0,
                0
              ],
              "inflate": 0
            },
            {
              "origin": [
                -1.0,
                41.0,
                -5.5
              ],
              "size": [
                2.0,
                3.0,
                1.0
              ],
              "uv": [
                0,
                17
              ],
              "inflate": 0
            },
            {
              "origin": [
                -5.0,
                51.0,
                -2.5
              ],
              "size": [
                4.0,
                5.0,
                4.0
              ],
              "uv": [
                24,
                49
              ],
              "inflate": 0
            },
            {
              "origin": [
                1.0,
                51.0,
                -2.5
              ],
              "size": [
                4.0,
                5.0,
                4.0
              ],
              "uv": [
                24,
                49
              ],
              "inflate": 0
            },
            {
              "origin": [
                1.0,
                56.0,
                -0.5
              ],
              "size": [
                4.0,
                4.0,
                0.0
              ],
              "uv": [
                54,
                50
              ],
              "inflate": 0
            },
            {
              "origin": [
                -5.0,
                56.0,
                -0.5
              ],
              "size": [
                4.0,
                4.0,
                0.0
              ],
              "uv": [
                0,
                4
              ],
              "inflate": 0
            },
            {
              "origin": [
                -3.0,
                56.0,
                -2.5
              ],
              "size": [
                0.0,
                4.0,
                4.0
              ],
              "uv": [
                54,
                46
              ],
              "inflate": 0
            },
            {
              "origin": [
                3.0,
                56.0,
                -2.5
              ],
              "size": [
                0.0,
                4.0,
                4.0
              ],
              "uv": [
                0,
                0
              ],
              "inflate": 0
            }
          ],
          "parent": "body"
        },
        {
          "name": "eyeball",
          "pivot": [
            -2.5,
            47.5,
            -4.5
          ],
          "cubes": [
            {
              "origin": [
                -4.0,
                46.0,
                -5.5
              ],
              "size": [
                3.0,
                3.0,
                3.0
              ],
              "uv": [
                56,
                22
              ],
              "inflate": 0
            }
          ],
          "parent": "head"
        },
        {
          "name": "eyeball2",
          "pivot": [
            2.5,
            47.5,
            -4.5
          ],
          "cubes": [
            {
              "origin": [
                1.0,
                46.0,
                -5.5
              ],
              "size": [
                3.0,
                3.0,
                3.0
              ],
              "uv": [
                56,
                22
              ],
              "inflate": 0
            }
          ],
          "parent": "head"
        },
        {
          "name": "righArm",
          "pivot": [
            -4,
            41,
            -0.5
          ],
          "cubes": [
            {
              "origin": [
                -7.0,
                33.0,
                -2.5
              ],
              "size": [
                3.0,
                9.0,
                4.0
              ],
              "uv": [
                40,
                45
              ],
              "inflate": 0
            }
          ],
          "parent": "body"
        },
        {
          "name": "righArm2",
          "pivot": [
            -5,
            33,
            -0.5
          ],
          "cubes": [
            {
              "origin": [
                -7.0,
                21.0,
                -2.5
              ],
              "size": [
                3.0,
                12.0,
                4.0
              ],
              "uv": [
                30,
                33
              ],
              "inflate": 0
            }
          ],
          "parent": "righArm"
        },
        {
          "name": "righArm3",
          "pivot": [
            -6,
            21,
            -0.5
          ],
          "cubes": [
            {
              "origin": [
                -7.0,
                17.0,
                -2.5
              ],
              "size": [
                2.0,
                4.0,
                4.0
              ],
              "pivot": [
                -6.0,
                21.0,
                -0.5
              ],
              "rotation": [
                0.0,
                0.0,
                22.5
              ],
              "uv": [
                50,
                54
              ],
              "inflate": 0
            },
            {
              "origin": [
                -7.68297,
                14.46088,
                -2.5
              ],
              "size": [
                2.0,
                3.0,
                4.0
              ],
              "pivot": [
                -8.0,
                17.0,
                -0.5
              ],
              "rotation": [
                0.0,
                0.0,
                -30.0
              ],
              "uv": [
                12,
                55
              ],
              "inflate": 0
            },
            {
              "origin": [
                -6.0,
                17.0,
                -2.5
              ],
              "size": [
                2.0,
                4.0,
                2.0
              ],
              "pivot": [
                -5.0,
                20.0,
                -0.5
              ],
              "rotation": [
                0.0,
                0.0,
                -15.0
              ],
              "uv": [
                24,
                58
              ],
              "inflate": 0
            }
          ],
          "parent": "righArm2"
        },
        {
          "name": "leftArm",
          "pivot": [
            4,
            41,
            -0.5
          ],
          "cubes": [
            {
              "origin": [
                4.0,
                33.0,
                -2.5
              ],
              "size": [
                3.0,
                9.0,
                4.0
              ],
              "uv": [
                44,
                32
              ],
              "inflate": 0
            }
          ],
          "parent": "body"
        },
        {
          "name": "leftArm2",
          "pivot": [
            6,
            33,
            -0.5
          ],
          "cubes": [
            {
              "origin": [
                4.0,
                21.0,
                -2.5
              ],
              "size": [
                3.0,
                12.0,
                4.0
              ],
              "uv": [
                30,
                17
              ],
              "inflate": 0
            }
          ],
          "parent": "leftArm"
        },
        {
          "name": "leftArm3",
          "pivot": [
            5,
            21,
            -0.5
          ],
          "cubes": [
            {
              "origin": [
                3.0,
                17.0,
                -2.5
              ],
              "size": [
                2.0,
                4.0,
                4.0
              ],
              "pivot": [
                5.0,
                21.0,
                -0.5
              ],
              "rotation": [
                0.0,
                0.0,
                22.5
              ],
              "uv": [
                54,
                28
              ],
              "inflate": 0
            },
            {
              "origin": [
                2.31703,
                15.46088,
                -2.5
              ],
              "size": [
                2.0,
                3.0,
                4.0
              ],
              "pivot": [
                3.0,
                17.0,
                -0.5
              ],
              "rotation": [
                0.0,
                0.0,
                -30.0
              ],
              "uv": [
                0,
                55
              ],
              "inflate": 0
            },
            {
              "origin": [
                4.0,
                17.0,
                -0.5
              ],
              "size": [
                2.0,
                4.0,
                2.0
              ],
              "pivot": [
                6.0,
                20.0,
                -0.5
              ],
              "rotation": [
                0.0,
                0.0,
                -15.0
              ],
              "uv": [
                28,
                0
              ],
              "inflate": 0
            }
          ],
          "parent": "leftArm2",
          "rotation": [
            0,
            177.5,
            0
          ]
        },
        {
          "name": "righLeg",
          "pivot": [
            -1.5,
            26.5,
            -0.5
          ],
          "cubes": [
            {
              "origin": [
                -3.0,
                14.0,
                -2.0
              ],
              "size": [
                3.0,
                13.0,
                3.0
              ],
              "uv": [
                44,
                16
              ],
              "inflate": 0
            }
          ],
          "parent": "root"
        },
        {
          "name": "righLeg2",
          "pivot": [
            -1.5,
            13.5,
            -0.5
          ],
          "cubes": [
            {
              "origin": [
                -3.0,
                1.0,
                -2.0
              ],
              "size": [
                3.0,
                13.0,
                3.0
              ],
              "uv": [
                12,
                39
              ],
              "inflate": 0
            }
          ],
          "parent": "righLeg"
        },
        {
          "name": "righLeg3",
          "pivot": [
            -1.5,
            1.5,
            -0.5
          ],
          "cubes": [
            {
              "origin": [
                -3.0,
                0.0,
                -5.0
              ],
              "size": [
                3.0,
                2.0,
                6.0
              ],
              "uv": [
                48,
                8
              ],
              "inflate": 0
            }
          ],
          "parent": "righLeg2",
          "rotation": [
            0,
            17.5,
            0
          ]
        },
        {
          "name": "leftLeg",
          "pivot": [
            1.5,
            26.5,
            -0.5
          ],
          "cubes": [
            {
              "origin": [
                0.0,
                14.0,
                -2.0
              ],
              "size": [
                3.0,
                13.0,
                3.0
              ],
              "uv": [
                0,
                39
              ],
              "inflate": 0
            }
          ],
          "parent": "root"
        },
        {
          "name": "leftLeg2",
          "pivot": [
            1.5,
            13.5,
            -0.5
          ],
          "cubes": [
            {
              "origin": [
                0.0,
                1.0,
                -2.0
              ],
              "size": [
                3.0,
                13.0,
                3.0
              ],
              "uv": [
                36,
                0
              ],
              "inflate": 0
            }
          ],
          "parent": "leftLeg"
        },
        {
          "name": "leftLeg3",
          "pivot": [
            1.5,
            1.5,
            -0.5
          ],
          "cubes": [
            {
              "origin": [
                0.0,
                0.0,
                -5.0
              ],
              "size": [
                3.0,
                2.0,
                6.0
              ],
              "uv": [
                48,
                0
              ],
              "inflate": 0
            }
          ],
          "parent": "leftLeg2",
          "rotation": [
            0,
            -17.5,
            0
          ]
        }
      ]
    }
  ]
}