{
  "format_version": "1.8.0",
  "animations": {
    "animation.yg_drone_track.fly": {
      "loop": true,
      "animation_length": 2,
      "bones": {
        "Drone": {
          "position": {
            "0.0": {
              "post": [
                0,
                1,
                0
              ],
              "lerp_mode": "catmullrom"
            },
            "1.0": {
              "post": [
                0,
                0,
                0
              ],
              "lerp_mode": "catmullrom"
            },
            "2.0": {
              "post": [
                0,
                1,
                0
              ],
              "lerp_mode": "catmullrom"
            }
          }
        }
      }
    },
    "animation.yg_drone_track.propeller": {
      "loop": true,
      "animation_length": 2,
      "bones": {
        "Propeller": {
          "rotation": {
            "0.0": [
              0,
              0,
              0
            ],
            "2.0": [
              0,
              360,
              0
            ]
          }
        },
        "Propeller2": {
          "rotation": {
            "0.0": [
              0,
              0,
              0
            ],
            "2.0": [
              0,
              360,
              0
            ]
          }
        },
        "Propeller3": {
          "rotation": {
            "0.0": [
              0,
              0,
              0
            ],
            "2.0": [
              0,
              360,
              0
            ]
          }
        },
        "Propeller4": {
          "rotation": {
            "0.0": [
              0,
              0,
              0
            ],
            "2.0": [
              0,
              360,
              0
            ]
          }
        }
      }
    },
    "animation.yg_drone_track.move": {
      "loop": true,
      "animation_length": 2,
      "anim_time_update": "query.modified_distance_moved * 0.1",
      "bones": {
        "Drone": {
          "rotation": {
            "0.0": {
              "post": [
                7.5,
                0,
                0
              ],
              "lerp_mode": "catmullrom"
            },
            "0.5": {
              "post": [
                1.08959,
                0.09532,
                -4.99909
              ],
              "lerp_mode": "catmullrom"
            },
            "1.0": {
              "post": [
                5,
                0,
                0
              ],
              "lerp_mode": "catmullrom"
            },
            "1.5": {
              "post": [
                6.49272,
                2.19535,
                3.07903
              ],
              "lerp_mode": "catmullrom"
            },
            "2.0": {
              "post": [
                7.5,
                0,
                0
              ],
              "lerp_mode": "catmullrom"
            }
          },
          "position": {
            "0.0": {
              "post": [
                0,
                1,
                0
              ],
              "lerp_mode": "catmullrom"
            },
            "1.0": {
              "post": [
                0,
                0,
                0
              ],
              "lerp_mode": "catmullrom"
            },
            "2.0": {
              "post": [
                0,
                1,
                0
              ],
              "lerp_mode": "catmullrom"
            }
          }
        }
      }
    }
  }
}