{"entity_sounds":{"entities":{"yg:blue":{"events":{"attack":{"pitch":1,"sound":"mob.jumpscare.attack","volume":50},"step":{"pitch":1,"sound":"mob.blue.step","volume":10}},"pitch":[1],"volume":50},"yg:green":{"events":{"attack":{"pitch":1,"sound":"mob.jumpscare.attack","volume":50},"step":{"pitch":1,"sound":"mob.green.step","volume":10}},"pitch":[1],"volume":50},"yg:orange":{"events":{"attack":{"pitch":1,"sound":"mob.jumpscare.attack","volume":50}},"pitch":[1],"volume":50},"yg:purple":{"events":{"attack":{"pitch":1,"sound":"mob.jumpscare.attack","volume":50}},"pitch":[1],"volume":50},"yg:purplefm":{"events":{"attack":{"pitch":1,"sound":"mob.jumpscare.attack","volume":50}},"pitch":[1],"volume":50},"yg:red":{"events":{"attack":{"pitch":1,"sound":"mob.jumpscare.attack","volume":50}},"pitch":[1],"volume":50}}}}