{
   "content" : [
      {
         "path" : "contents.json"
      },
      {
         "path" : "models/entity/skull_skeleton.geo.json"
      },
      {
         "path" : "pack_icon.png"
      },
      {
         "path" : "textures/painting/kz.png"
      },
      {
         "path" : "entity/skull.entity.json"
      },
      {
         "path" : "textures/texture_list.json"
      },
      {
         "path" : "manifest.json"
      },
      {
         "path" : "textures/entity/skulls/skeleton.png"
      }
   ],
   "version" : 1
}
