{
    "format_version" : "1.8.0",
   "minecraft:entity" : {
      "description": {
         "identifier": "npc:kennydev91",
         "is_spawnable" : true,
         "is_experimental" : true,
         "is_summonable" : true
      },
      "components" : {
            "minecraft:type_family": {
                "family": [ "player" ]
                },
            "minecraft:damage_sensor": [
                {
                "cause": "all",
                "deals_damage": false
                }
              ],
            "minecraft:health": {
                "value": 20,
                "max": 20
                },
            "minecraft:collision_box": {
                "width": 0.6,
                "height": 1.8
                },
            "minecraft:nameable" : {
                "alwaysShow" : true,
                "allowNameTagRenaming" : true
                },
            "minecraft:has_gravity" : {
                "value" : false
                }, 
            "minecraft:push_through": {
                "value": 1
            }
      }
   }
}