{
  "format_version": "1.12.0",
  "minecraft:geometry": [
    {
      "description": {
        "identifier": "geometry.mr_jumbo_death",
        "texture_width": 128,
        "texture_height": 128,
        "visible_bounds_width": 4,
        "visible_bounds_height": 2.5,
        "visible_bounds_offset": [
          0,
          0.75,
          0
        ]
      },
      "bones": [
        {
          "name": "Root",
          "pivot": [
            0,
            5,
            21
          ],
          "rotation": [
            90,
            0,
            0
          ]
        },
        {
          "name": "Body",
          "pivot": [
            0,
            20,
            21
          ],
          "cubes": [
            {
              "origin": [
                -5.0,
                20.0,
                17.0
              ],
              "size": [
                10.0,
                8.0,
                8.0
              ],
              "uv": [
                36,
                32
              ],
              "inflate": 0
            }
          ],
          "parent": "Root"
        },
        {
          "name": "bone2",
          "pivot": [
            0,
            27,
            21
          ],
          "cubes": [
            {
              "origin": [
                -6.0,
                27.0,
                16.0
              ],
              "size": [
                12.0,
                10.0,
                10.0
              ],
              "uv": [
                0,
                20
              ],
              "inflate": 0
            }
          ],
          "parent": "Body"
        },
        {
          "name": "RightArm",
          "pivot": [
            -5,
            37,
            21
          ],
          "cubes": [
            {
              "origin": [
                -9.0,
                28.0,
                19.0
              ],
              "size": [
                4.0,
                9.0,
                4.0
              ],
              "uv": [
                64,
                23
              ],
              "inflate": 0
            }
          ],
          "parent": "bone2",
          "rotation": [
            0,
            -27.5,
            17.5
          ]
        },
        {
          "name": "bone4",
          "pivot": [
            -7,
            28,
            21
          ],
          "cubes": [
            {
              "origin": [
                -9.5,
                20.0,
                18.5
              ],
              "size": [
                5.0,
                8.0,
                5.0
              ],
              "uv": [
                0,
                53
              ],
              "inflate": 0
            }
          ],
          "parent": "RightArm"
        },
        {
          "name": "bone5",
          "pivot": [
            -7,
            20,
            21
          ],
          "cubes": [
            {
              "origin": [
                -10.0,
                13.0,
                18.0
              ],
              "size": [
                6.0,
                7.0,
                6.0
              ],
              "uv": [
                42,
                14
              ],
              "inflate": 0
            }
          ],
          "parent": "bone4"
        },
        {
          "name": "bone6",
          "pivot": [
            -7,
            13,
            21
          ],
          "cubes": [
            {
              "origin": [
                -9.5,
                8.0,
                18.0
              ],
              "size": [
                5.0,
                5.0,
                6.0
              ],
              "uv": [
                40,
                48
              ],
              "inflate": 0
            }
          ],
          "parent": "bone5"
        },
        {
          "name": "bone7",
          "pivot": [
            -7,
            13,
            18
          ],
          "cubes": [
            {
              "origin": [
                -8.0,
                8.0,
                16.0
              ],
              "size": [
                3.0,
                4.0,
                2.0
              ],
              "pivot": [
                1.0,
                5.0,
                21.0
              ],
              "rotation": [
                -10.0,
                0.0,
                0.0
              ],
              "uv": [
                0,
                20
              ],
              "inflate": 0
            }
          ],
          "parent": "bone6"
        },
        {
          "name": "LeftArm",
          "pivot": [
            5,
            34,
            19
          ],
          "cubes": [
            {
              "origin": [
                5.0,
                25.0,
                17.0
              ],
              "size": [
                4.0,
                9.0,
                4.0
              ],
              "uv": [
                40,
                59
              ],
              "inflate": 0
            }
          ],
          "parent": "bone2",
          "rotation": [
            -177.95169,
            -1.43364,
            32.47437
          ]
        },
        {
          "name": "bone9",
          "pivot": [
            7,
            25,
            19
          ],
          "cubes": [
            {
              "origin": [
                4.5,
                17.0,
                16.5
              ],
              "size": [
                5.0,
                8.0,
                5.0
              ],
              "uv": [
                48,
                0
              ],
              "inflate": 0
            }
          ],
          "parent": "LeftArm"
        },
        {
          "name": "bone10",
          "pivot": [
            7,
            17,
            19
          ],
          "cubes": [
            {
              "origin": [
                4.0,
                10.0,
                16.0
              ],
              "size": [
                6.0,
                7.0,
                6.0
              ],
              "uv": [
                0,
                40
              ],
              "inflate": 0
            }
          ],
          "parent": "bone9"
        },
        {
          "name": "bone11",
          "pivot": [
            7,
            10,
            19
          ],
          "cubes": [
            {
              "origin": [
                4.5,
                5.0,
                16.0
              ],
              "size": [
                5.0,
                5.0,
                6.0
              ],
              "uv": [
                18,
                47
              ],
              "inflate": 0
            }
          ],
          "parent": "bone10"
        },
        {
          "name": "bone12",
          "pivot": [
            7,
            10,
            16
          ],
          "cubes": [
            {
              "origin": [
                5.0,
                5.0,
                14.0
              ],
              "size": [
                3.0,
                4.0,
                2.0
              ],
              "pivot": [
                14.0,
                2.0,
                19.0
              ],
              "rotation": [
                -10.0,
                0.0,
                0.0
              ],
              "uv": [
                0,
                0
              ],
              "inflate": 0
            }
          ],
          "parent": "bone11"
        },
        {
          "name": "Head",
          "pivot": [
            0,
            37,
            21
          ],
          "cubes": [
            {
              "origin": [
                -7.0,
                37.0,
                15.7
              ],
              "size": [
                14.0,
                10.0,
                10.6
              ],
              "uv": [
                0,
                0
              ],
              "inflate": 0
            }
          ],
          "parent": "bone2",
          "rotation": [
            -1.8555,
            7.68388,
            4.7115
          ]
        },
        {
          "name": "bone14",
          "pivot": [
            0,
            39,
            16
          ],
          "cubes": [
            {
              "origin": [
                -6.0,
                37.0,
                15.6
              ],
              "size": [
                12.0,
                4.0,
                0.0
              ],
              "uv": [
                56,
                48
              ],
              "inflate": 0
            }
          ],
          "parent": "Head"
        },
        {
          "name": "bone8",
          "pivot": [
            -3,
            43,
            16
          ],
          "cubes": [
            {
              "origin": [
                -5.0,
                41.4,
                15.0
              ],
              "size": [
                3.0,
                3.0,
                2.0
              ],
              "uv": [
                38,
                0
              ],
              "inflate": 0
            },
            {
              "origin": [
                -4.9,
                41.5,
                14.9
              ],
              "size": [
                2.8,
                2.8,
                0.0
              ],
              "uv": [
                4,
                6
              ],
              "inflate": 0
            }
          ],
          "parent": "Head",
          "rotation": [
            0,
            5,
            0
          ]
        },
        {
          "name": "bone13",
          "pivot": [
            3,
            43,
            16
          ],
          "cubes": [
            {
              "origin": [
                2.0,
                41.4,
                15.0
              ],
              "size": [
                3.0,
                3.0,
                2.0
              ],
              "uv": [
                34,
                25
              ],
              "inflate": 0
            },
            {
              "origin": [
                2.1,
                41.5,
                14.9
              ],
              "size": [
                2.8,
                2.8,
                0.0
              ],
              "uv": [
                0,
                6
              ],
              "inflate": 0
            }
          ],
          "parent": "Head",
          "rotation": [
            0,
            -5,
            0
          ]
        },
        {
          "name": "LeftLeg",
          "pivot": [
            3,
            20,
            21
          ],
          "cubes": [
            {
              "origin": [
                1.0,
                13.0,
                19.0
              ],
              "size": [
                4.0,
                7.0,
                4.0
              ],
              "uv": [
                64,
                9
              ],
              "inflate": 0
            }
          ],
          "parent": "Root",
          "rotation": [
            0.85553,
            -2.34914,
            -22.51754
          ]
        },
        {
          "name": "bone3",
          "pivot": [
            3,
            13,
            21
          ],
          "cubes": [
            {
              "origin": [
                0.5,
                5.0,
                18.5
              ],
              "size": [
                5.0,
                8.0,
                5.0
              ],
              "uv": [
                57,
                54
              ],
              "inflate": 0
            }
          ],
          "parent": "LeftLeg"
        },
        {
          "name": "RightLeg",
          "pivot": [
            -3,
            20,
            21
          ],
          "cubes": [
            {
              "origin": [
                -5.0,
                13.0,
                19.0
              ],
              "size": [
                4.0,
                7.0,
                4.0
              ],
              "uv": [
                0,
                66
              ],
              "inflate": 0
            }
          ],
          "parent": "Root",
          "rotation": [
            0,
            -15,
            2.5
          ]
        },
        {
          "name": "bone",
          "pivot": [
            -3,
            13,
            21
          ],
          "cubes": [
            {
              "origin": [
                -5.5,
                5.0,
                18.5
              ],
              "size": [
                5.0,
                8.0,
                5.0
              ],
              "uv": [
                20,
                58
              ],
              "inflate": 0
            }
          ],
          "parent": "RightLeg"
        }
      ]
    }
  ]
}