{
  "format_version": "1.12.0",
  "minecraft:geometry": [
    {
      "description": {
        "identifier": "geometry.mr_mini_opila",
        "texture_width": 64,
        "texture_height": 64,
        "visible_bounds_width": 3,
        "visible_bounds_height": 2.5,
        "visible_bounds_offset": [
          0,
          0.75,
          0
        ]
      },
      "bones": [
        {
          "name": "leg0",
          "pivot": [
            -2,
            6,
            0
          ],
          "cubes": [
            {
              "origin": [
                -3.0,
                1.0,
                -1.0
              ],
              "size": [
                2.0,
                6.0,
                2.0
              ],
              "uv": [
                28,
                32
              ],
              "inflate": 0
            }
          ],
          "rotation": [
            0,
            2.5,
            0
          ]
        },
        {
          "name": "bone",
          "pivot": [
            -2,
            2,
            0
          ],
          "cubes": [
            {
              "origin": [
                -3.3,
                0.0,
                -1.3
              ],
              "size": [
                2.6,
                2.0,
                2.6
              ],
              "uv": [
                36,
                37
              ],
              "inflate": 0
            },
            {
              "origin": [
                -1.5,
                0.0,
                -4.0
              ],
              "size": [
                1.0,
                1.5,
                4.0
              ],
              "pivot": [
                -2.0,
                0.0,
                0.0
              ],
              "rotation": [
                0.0,
                -10.0,
                0.0
              ],
              "uv": [
                16,
                36
              ],
              "inflate": 0
            },
            {
              "origin": [
                -3.5,
                0.0,
                -4.0
              ],
              "size": [
                1.0,
                1.5,
                4.0
              ],
              "pivot": [
                -2.0,
                0.0,
                0.0
              ],
              "rotation": [
                0.0,
                10.0,
                0.0
              ],
              "uv": [
                36,
                6
              ],
              "inflate": 0
            },
            {
              "origin": [
                -2.5,
                0.0,
                -4.0
              ],
              "size": [
                1.0,
                1.5,
                6.0
              ],
              "uv": [
                14,
                28
              ],
              "inflate": 0
            }
          ],
          "parent": "leg0"
        },
        {
          "name": "tors0",
          "pivot": [
            0,
            6,
            0
          ],
          "cubes": [
            {
              "origin": [
                -3.0,
                6.0,
                -4.0
              ],
              "size": [
                6.0,
                6.0,
                8.0
              ],
              "uv": [
                0,
                14
              ],
              "inflate": 0
            },
            {
              "origin": [
                -2.5,
                5.0,
                6.0
              ],
              "size": [
                5.0,
                4.0,
                2.0
              ],
              "pivot": [
                0.0,
                0.0,
                0.0
              ],
              "rotation": [
                20.0,
                0.0,
                0.0
              ],
              "uv": [
                29,
                0
              ],
              "inflate": 0
            },
            {
              "origin": [
                0.0,
                5.1,
                6.6
              ],
              "size": [
                0.0,
                4.0,
                5.0
              ],
              "pivot": [
                0.0,
                0.0,
                0.0
              ],
              "rotation": [
                20.0,
                0.0,
                0.0
              ],
              "uv": [
                8,
                23
              ],
              "inflate": 0
            }
          ]
        },
        {
          "name": "bone2",
          "pivot": [
            0,
            9,
            -4
          ],
          "cubes": [
            {
              "origin": [
                -2.0,
                7.0,
                -6.0
              ],
              "size": [
                4.0,
                8.0,
                4.0
              ],
              "uv": [
                24,
                10
              ],
              "inflate": 0
            }
          ],
          "parent": "tors0"
        },
        {
          "name": "head",
          "pivot": [
            0,
            13,
            -4
          ],
          "cubes": [
            {
              "origin": [
                -3.5,
                13.0,
                -8.0
              ],
              "size": [
                7.0,
                7.0,
                7.0
              ],
              "uv": [
                0,
                0
              ],
              "inflate": 0
            },
            {
              "origin": [
                -4.0,
                13.0,
                -8.1
              ],
              "size": [
                8.0,
                7.0,
                0.0
              ],
              "uv": [
                3,
                53
              ],
              "inflate": 0
            },
            {
              "origin": [
                -3.5,
                19.0,
                -3.0
              ],
              "size": [
                1.0,
                5.0,
                0.0
              ],
              "pivot": [
                0.0,
                24.0,
                -3.0
              ],
              "rotation": [
                -20.30179,
                -14.90835,
                -34.81608
              ],
              "uv": [
                0,
                0
              ],
              "inflate": 0
            },
            {
              "origin": [
                2.5,
                19.0,
                -3.0
              ],
              "size": [
                1.0,
                5.0,
                0.0
              ],
              "pivot": [
                0.0,
                24.0,
                -3.0
              ],
              "rotation": [
                -20.30179,
                14.90835,
                34.81608
              ],
              "uv": [
                2,
                0
              ],
              "inflate": 0
            },
            {
              "origin": [
                -0.5,
                19.0,
                -3.0
              ],
              "size": [
                1.0,
                4.0,
                0.0
              ],
              "pivot": [
                0.0,
                24.0,
                -3.0
              ],
              "rotation": [
                -25.0,
                0.0,
                0.0
              ],
              "uv": [
                4,
                0
              ],
              "inflate": 0
            },
            {
              "origin": [
                -1.5,
                14.5,
                -11.0
              ],
              "size": [
                3.0,
                2.0,
                3.0
              ],
              "uv": [
                30,
                22
              ],
              "inflate": 0
            }
          ],
          "parent": "bone2"
        },
        {
          "name": "bone4",
          "pivot": [
            0,
            15,
            -8
          ],
          "cubes": [
            {
              "origin": [
                -1.0,
                13.5,
                -10.0
              ],
              "size": [
                2.0,
                1.0,
                2.0
              ],
              "uv": [
                28,
                7
              ],
              "inflate": 0
            }
          ],
          "parent": "head"
        },
        {
          "name": "bone6",
          "pivot": [
            -3,
            9,
            -2
          ],
          "cubes": [
            {
              "origin": [
                -4.0,
                7.0,
                -3.0
              ],
              "size": [
                1.0,
                4.0,
                6.0
              ],
              "uv": [
                0,
                28
              ],
              "inflate": 0
            }
          ],
          "parent": "tors0"
        },
        {
          "name": "bone7",
          "pivot": [
            3,
            9,
            -2
          ],
          "cubes": [
            {
              "origin": [
                3.0,
                7.0,
                -3.0
              ],
              "size": [
                1.0,
                4.0,
                6.0
              ],
              "uv": [
                22,
                22
              ],
              "inflate": 0
            }
          ],
          "parent": "tors0"
        },
        {
          "name": "leg1",
          "pivot": [
            2,
            6,
            0
          ],
          "cubes": [
            {
              "origin": [
                1.0,
                1.0,
                -1.0
              ],
              "size": [
                2.0,
                6.0,
                2.0
              ],
              "uv": [
                0,
                14
              ],
              "inflate": 0
            }
          ],
          "rotation": [
            0,
            -2.5,
            0
          ]
        },
        {
          "name": "bone3",
          "pivot": [
            2,
            2,
            0
          ],
          "cubes": [
            {
              "origin": [
                0.7,
                0.0,
                -1.3
              ],
              "size": [
                2.6,
                2.0,
                2.6
              ],
              "uv": [
                36,
                33
              ],
              "inflate": 0
            },
            {
              "origin": [
                2.5,
                0.0,
                -4.0
              ],
              "size": [
                1.0,
                1.5,
                4.0
              ],
              "pivot": [
                2.0,
                0.0,
                0.0
              ],
              "rotation": [
                0.0,
                -10.0,
                0.0
              ],
              "uv": [
                10,
                35
              ],
              "inflate": 0
            },
            {
              "origin": [
                0.5,
                0.0,
                -4.0
              ],
              "size": [
                1.0,
                1.5,
                4.0
              ],
              "pivot": [
                2.0,
                0.0,
                0.0
              ],
              "rotation": [
                0.0,
                10.0,
                0.0
              ],
              "uv": [
                34,
                28
              ],
              "inflate": 0
            },
            {
              "origin": [
                1.5,
                0.0,
                -4.0
              ],
              "size": [
                1.0,
                1.5,
                6.0
              ],
              "uv": [
                21,
                0
              ],
              "inflate": 0
            }
          ],
          "parent": "leg1"
        }
      ]
    }
  ]
}