{
  "format_version": "1.12.0",
  "minecraft:geometry": [
    {
      "description": {
        "identifier": "geometry.mr_opila_statue",
        "texture_width": 64,
        "texture_height": 64,
        "visible_bounds_width": 3,
        "visible_bounds_height": 3.5,
        "visible_bounds_offset": [
          0,
          1.25,
          0
        ]
      },
      "bones": [
        {
          "name": "RightLeg",
          "pivot": [
            -2.5,
            6,
            0
          ],
          "cubes": [
            {
              "origin": [
                -3.84345,
                1.99905,
                -1.3038
              ],
              "size": [
                2.6,
                7.0,
                2.6
              ],
              "uv": [
                0,
                40
              ],
              "inflate": 0
            }
          ],
          "rotation": [
            0,
            5,
            2.5
          ]
        },
        {
          "name": "bone2",
          "pivot": [
            -2.54345,
            6.99905,
            -0.0038
          ],
          "cubes": [
            {
              "origin": [
                -3.84345,
                0.99905,
                -1.3038
              ],
              "size": [
                2.6,
                6.0,
                2.6
              ],
              "uv": [
                26,
                42
              ],
              "inflate": 0
            }
          ],
          "parent": "RightLeg"
        },
        {
          "name": "bone3",
          "pivot": [
            -2.54345,
            1.99905,
            -0.0038
          ],
          "cubes": [
            {
              "origin": [
                -4.44345,
                -0.00095,
                -2.0038
              ],
              "size": [
                3.8,
                2.1,
                3.7
              ],
              "uv": [
                0,
                5
              ],
              "inflate": 0
            },
            {
              "origin": [
                -3.04345,
                -0.00095,
                -5.2038
              ],
              "size": [
                1.0,
                1.8,
                3.2
              ],
              "uv": [
                46,
                11
              ],
              "inflate": 0
            },
            {
              "origin": [
                -3.24345,
                -0.00095,
                1.5962
              ],
              "size": [
                1.4,
                1.8,
                2.0
              ],
              "uv": [
                34,
                9
              ],
              "inflate": 0
            },
            {
              "origin": [
                -4.04345,
                -0.00095,
                -5.2038
              ],
              "size": [
                1.0,
                1.8,
                3.2
              ],
              "pivot": [
                -2.54345,
                -0.00095,
                -0.0038
              ],
              "rotation": [
                0.0,
                15.0,
                0.0
              ],
              "uv": [
                46,
                0
              ],
              "inflate": 0
            },
            {
              "origin": [
                -2.04345,
                -0.00095,
                -5.2038
              ],
              "size": [
                1.0,
                1.8,
                3.2
              ],
              "pivot": [
                -2.54345,
                -0.00095,
                -0.0038
              ],
              "rotation": [
                0.0,
                -15.0,
                0.0
              ],
              "uv": [
                42,
                44
              ],
              "inflate": 0
            }
          ],
          "parent": "bone2",
          "rotation": [
            0,
            0,
            -2.5
          ]
        },
        {
          "name": "LeftLeg",
          "pivot": [
            2.5,
            6,
            0
          ],
          "cubes": [
            {
              "origin": [
                1.24345,
                1.99905,
                -1.3038
              ],
              "size": [
                2.6,
                7.0,
                2.6
              ],
              "uv": [
                24,
                20
              ],
              "inflate": 0
            }
          ],
          "rotation": [
            0,
            -5,
            -2.5
          ]
        },
        {
          "name": "bone5",
          "pivot": [
            2.54345,
            6.99905,
            -0.0038
          ],
          "cubes": [
            {
              "origin": [
                1.24345,
                0.99905,
                -1.3038
              ],
              "size": [
                2.6,
                6.0,
                2.6
              ],
              "uv": [
                18,
                42
              ],
              "inflate": 0
            }
          ],
          "parent": "LeftLeg"
        },
        {
          "name": "bone6",
          "pivot": [
            2.54345,
            1.99905,
            -0.0038
          ],
          "cubes": [
            {
              "origin": [
                0.64345,
                -0.00095,
                -2.0038
              ],
              "size": [
                3.8,
                2.1,
                3.7
              ],
              "uv": [
                0,
                0
              ],
              "inflate": 0
            },
            {
              "origin": [
                2.04345,
                -0.00095,
                -5.2038
              ],
              "size": [
                1.0,
                1.8,
                3.2
              ],
              "uv": [
                34,
                44
              ],
              "inflate": 0
            },
            {
              "origin": [
                1.84345,
                -0.00095,
                1.5962
              ],
              "size": [
                1.4,
                1.8,
                2.0
              ],
              "uv": [
                28,
                9
              ],
              "inflate": 0
            },
            {
              "origin": [
                1.04345,
                -0.00095,
                -5.2038
              ],
              "size": [
                1.0,
                1.8,
                3.2
              ],
              "pivot": [
                2.54345,
                -0.00095,
                -0.0038
              ],
              "rotation": [
                0.0,
                15.0,
                0.0
              ],
              "uv": [
                44,
                26
              ],
              "inflate": 0
            },
            {
              "origin": [
                3.04345,
                -0.00095,
                -5.2038
              ],
              "size": [
                1.0,
                1.8,
                3.2
              ],
              "pivot": [
                2.54345,
                -0.00095,
                -0.0038
              ],
              "rotation": [
                0.0,
                -15.0,
                0.0
              ],
              "uv": [
                8,
                44
              ],
              "inflate": 0
            }
          ],
          "parent": "bone5",
          "rotation": [
            0,
            0,
            2.5
          ]
        },
        {
          "name": "Body",
          "pivot": [
            0,
            -2,
            0
          ]
        },
        {
          "name": "bone",
          "pivot": [
            0,
            3,
            0
          ],
          "cubes": [
            {
              "origin": [
                -4.4,
                2.7,
                -6.0
              ],
              "size": [
                8.8,
                8.6,
                12.0
              ],
              "uv": [
                0,
                0
              ],
              "inflate": 0
            }
          ],
          "parent": "Body",
          "rotation": [
            -10,
            0,
            0
          ]
        },
        {
          "name": "bone11",
          "pivot": [
            -4.3,
            7,
            -4
          ],
          "cubes": [
            {
              "origin": [
                -5.3,
                4.7,
                4.0
              ],
              "size": [
                1.0,
                4.6,
                1.0
              ],
              "uv": [
                18,
                20
              ],
              "inflate": 0
            },
            {
              "origin": [
                -5.3,
                4.0,
                -5.0
              ],
              "size": [
                1.0,
                6.0,
                9.0
              ],
              "uv": [
                35,
                11
              ],
              "inflate": 0
            }
          ],
          "parent": "bone",
          "rotation": [
            0,
            -5,
            0
          ]
        },
        {
          "name": "bone8",
          "pivot": [
            0,
            7,
            6
          ],
          "cubes": [
            {
              "origin": [
                -3.6,
                3.4,
                6.0
              ],
              "size": [
                7.2,
                7.2,
                2.0
              ],
              "pivot": [
                0.0,
                -11.0,
                0.0
              ],
              "rotation": [
                2.5,
                0.0,
                0.0
              ],
              "uv": [
                28,
                0
              ],
              "inflate": 0
            },
            {
              "origin": [
                0.0,
                3.4,
                6.0
              ],
              "size": [
                0.0,
                7.2,
                7.0
              ],
              "pivot": [
                0.0,
                -11.0,
                0.0
              ],
              "rotation": [
                2.5,
                0.0,
                0.0
              ],
              "uv": [
                24,
                28
              ],
              "inflate": 0
            }
          ],
          "parent": "bone"
        },
        {
          "name": "Head",
          "pivot": [
            0,
            8,
            -5
          ],
          "cubes": [
            {
              "origin": [
                -3.0,
                5.0,
                -9.0
              ],
              "size": [
                6.0,
                14.0,
                6.0
              ],
              "uv": [
                0,
                20
              ],
              "inflate": 0
            },
            {
              "origin": [
                -2.0,
                13.0,
                -13.0
              ],
              "size": [
                4.0,
                2.0,
                4.0
              ],
              "uv": [
                34,
                38
              ],
              "inflate": 0
            },
            {
              "origin": [
                -1.8,
                12.0,
                -13.0
              ],
              "size": [
                3.6,
                1.0,
                1.0
              ],
              "uv": [
                0,
                10
              ],
              "inflate": 0
            }
          ],
          "parent": "bone",
          "rotation": [
            -5,
            0,
            0
          ]
        },
        {
          "name": "bone9",
          "pivot": [
            -2,
            16,
            -9
          ],
          "cubes": [
            {
              "origin": [
                -2.50661,
                15.2,
                -9.66523
              ],
              "size": [
                2.2,
                2.2,
                2.0
              ],
              "uv": [
                44,
                7
              ],
              "inflate": 0
            },
            {
              "origin": [
                -2.30661,
                15.4,
                -9.76523
              ],
              "size": [
                1.8,
                1.8,
                0.0
              ],
              "uv": [
                0,
                1
              ],
              "inflate": 0
            }
          ],
          "parent": "Head",
          "rotation": [
            0,
            2.5,
            0
          ]
        },
        {
          "name": "bone7",
          "pivot": [
            0,
            19,
            -6
          ],
          "cubes": [
            {
              "origin": [
                9.4,
                16.0,
                -10.3
              ],
              "size": [
                1.0,
                3.0,
                1.0
              ],
              "pivot": [
                0.0,
                -11.0,
                -0.3
              ],
              "rotation": [
                -10.0,
                5.0,
                -20.0
              ],
              "uv": [
                46,
                15
              ],
              "inflate": 0
            },
            {
              "origin": [
                -10.4,
                16.0,
                -10.3
              ],
              "size": [
                1.0,
                3.0,
                1.0
              ],
              "pivot": [
                0.0,
                -11.0,
                -0.3
              ],
              "rotation": [
                -10.0,
                -5.0,
                20.0
              ],
              "uv": [
                40,
                14
              ],
              "inflate": 0
            },
            {
              "origin": [
                -0.5,
                17.0,
                -10.3
              ],
              "size": [
                1.0,
                4.0,
                1.0
              ],
              "pivot": [
                0.0,
                -11.0,
                -0.3
              ],
              "rotation": [
                -7.5,
                0.0,
                0.0
              ],
              "uv": [
                40,
                9
              ],
              "inflate": 0
            }
          ],
          "parent": "Head"
        },
        {
          "name": "bone4",
          "pivot": [
            0,
            13,
            -9
          ],
          "cubes": [
            {
              "origin": [
                -1.6,
                12.0,
                -12.0
              ],
              "size": [
                3.2,
                1.0,
                3.0
              ],
              "uv": [
                8,
                40
              ],
              "inflate": 0
            }
          ],
          "parent": "Head",
          "rotation": [
            45,
            0,
            0
          ]
        },
        {
          "name": "bone10",
          "pivot": [
            2,
            16,
            -9
          ],
          "cubes": [
            {
              "origin": [
                0.30661,
                15.2,
                -9.66523
              ],
              "size": [
                2.2,
                2.2,
                2.0
              ],
              "uv": [
                42,
                33
              ],
              "inflate": 0
            },
            {
              "origin": [
                0.50661,
                15.4,
                -9.76523
              ],
              "size": [
                1.8,
                1.8,
                0.0
              ],
              "uv": [
                0,
                0
              ],
              "inflate": 0
            }
          ],
          "parent": "Head",
          "rotation": [
            0,
            -2.5,
            0
          ]
        },
        {
          "name": "bone12",
          "pivot": [
            4.3,
            7,
            -4
          ],
          "cubes": [
            {
              "origin": [
                4.3,
                4.7,
                4.0
              ],
              "size": [
                1.0,
                4.6,
                1.0
              ],
              "uv": [
                0,
                20
              ],
              "inflate": 0
            },
            {
              "origin": [
                4.3,
                4.0,
                -5.0
              ],
              "size": [
                1.0,
                6.0,
                9.0
              ],
              "uv": [
                24,
                20
              ],
              "inflate": 0
            }
          ],
          "parent": "bone",
          "rotation": [
            0,
            5,
            0
          ]
        }
      ]
    }
  ]
}