{
  "format_version": "1.12.0",
  "minecraft:geometry": [
    {
      "description": {
        "identifier": "geometry.mr_slow_seline",
        "texture_width": 256,
        "texture_height": 256,
        "visible_bounds_width": 4,
        "visible_bounds_height": 4.5,
        "visible_bounds_offset": [
          0,
          1.75,
          0
        ]
      },
      "bones": [
        {
          "name": "Body",
          "cubes": [
            {
              "origin": [
                -6.6,
                0.0,
                -10.0
              ],
              "size": [
                13.2,
                6.0,
                24.0
              ],
              "uv": [
                51,
                20
              ],
              "inflate": 0
            },
            {
              "origin": [
                -7.5,
                5.0,
                -7.0
              ],
              "size": [
                15.0,
                21.0,
                21.0
              ],
              "pivot": [
                0.0,
                0.0,
                0.0
              ],
              "rotation": [
                -7.5,
                0.0,
                0.0
              ],
              "uv": [
                0,
                44
              ],
              "inflate": 0
            },
            {
              "origin": [
                -6.5,
                5.0,
                -8.0
              ],
              "size": [
                13.0,
                21.0,
                23.0
              ],
              "pivot": [
                0.0,
                0.0,
                0.0
              ],
              "rotation": [
                -7.5,
                0.0,
                0.0
              ],
              "uv": [
                0,
                0
              ],
              "inflate": 0
            },
            {
              "origin": [
                -6.5,
                4.0,
                -7.0
              ],
              "size": [
                13.0,
                23.0,
                21.0
              ],
              "pivot": [
                0.0,
                0.0,
                0.0
              ],
              "rotation": [
                -7.5,
                0.0,
                0.0
              ],
              "uv": [
                51,
                65
              ],
              "inflate": 0
            }
          ]
        },
        {
          "name": "bone3",
          "pivot": [
            0,
            4,
            -10
          ],
          "cubes": [
            {
              "origin": [
                -5.5,
                0.0,
                -13.75
              ],
              "size": [
                11.0,
                8.0,
                8.5
              ],
              "uv": [
                91,
                0
              ],
              "inflate": 0
            }
          ],
          "parent": "Body"
        },
        {
          "name": "bone4",
          "pivot": [
            0,
            8,
            -10
          ],
          "cubes": [
            {
              "origin": [
                -4.5,
                7.0,
                -13.25
              ],
              "size": [
                9.0,
                18.0,
                7.5
              ],
              "uv": [
                0,
                86
              ],
              "inflate": 0
            }
          ],
          "parent": "bone3"
        },
        {
          "name": "Head",
          "pivot": [
            0,
            23,
            -9
          ],
          "cubes": [
            {
              "origin": [
                -6.0,
                23.0,
                -14.0
              ],
              "size": [
                12.0,
                8.0,
                9.0
              ],
              "uv": [
                49,
                0
              ],
              "inflate": 0
            },
            {
              "origin": [
                -5.0,
                31.0,
                -14.0
              ],
              "size": [
                10.0,
                4.0,
                9.0
              ],
              "uv": [
                51,
                50
              ],
              "inflate": 0
            }
          ],
          "parent": "bone4"
        },
        {
          "name": "bone5",
          "pivot": [
            3,
            35,
            -11
          ],
          "cubes": [
            {
              "origin": [
                2.0,
                35.0,
                -11.9
              ],
              "size": [
                2.0,
                8.0,
                2.0
              ],
              "uv": [
                8,
                12
              ],
              "inflate": 0
            }
          ],
          "parent": "Head"
        },
        {
          "name": "bone8",
          "pivot": [
            3,
            42,
            -11
          ],
          "cubes": [
            {
              "origin": [
                1.5,
                42.0,
                -12.8
              ],
              "size": [
                3.0,
                3.0,
                3.0
              ],
              "uv": [
                8,
                6
              ],
              "inflate": 0
            },
            {
              "origin": [
                1.4,
                41.9,
                -11.8
              ],
              "size": [
                3.2,
                3.2,
                2.1
              ],
              "uv": [
                0,
                44
              ],
              "inflate": 0
            }
          ],
          "parent": "bone5"
        },
        {
          "name": "bone6",
          "pivot": [
            -3,
            35,
            -11
          ],
          "cubes": [
            {
              "origin": [
                -4.0,
                35.0,
                -11.9
              ],
              "size": [
                2.0,
                8.0,
                2.0
              ],
              "uv": [
                0,
                6
              ],
              "inflate": 0
            }
          ],
          "parent": "Head"
        },
        {
          "name": "bone7",
          "pivot": [
            -3,
            42,
            -11
          ],
          "cubes": [
            {
              "origin": [
                -4.5,
                42.0,
                -12.8
              ],
              "size": [
                3.0,
                3.0,
                3.0
              ],
              "uv": [
                0,
                0
              ],
              "inflate": 0
            },
            {
              "origin": [
                -4.6,
                41.9,
                -11.8
              ],
              "size": [
                3.2,
                3.2,
                2.1
              ],
              "uv": [
                12,
                0
              ],
              "inflate": 0
            }
          ],
          "parent": "bone6"
        },
        {
          "name": "bone",
          "pivot": [
            0,
            3,
            14
          ],
          "cubes": [
            {
              "origin": [
                -5.0,
                0.0,
                14.0
              ],
              "size": [
                10.0,
                5.0,
                8.0
              ],
              "uv": [
                89,
                50
              ],
              "inflate": 0
            }
          ],
          "parent": "Body"
        },
        {
          "name": "bone2",
          "parent": "Body"
        }
      ]
    }
  ]
}