{
	"format_version": "1.12.0",
	"minecraft:geometry": [
		{
			"description": {
				"identifier": "geometry.ambush",
				"texture_width": 32,
				"texture_height": 32,
				"visible_bounds_width": 4,
				"visible_bounds_height": 3.5,
				"visible_bounds_offset": [0, 1.25, 0]
			},
			"bones": [
				{
					"name": "Root",
					"pivot": [0, 0, 0],
					"cubes": [
						{"origin": [-17, 0, 0], "size": [33, 33, 0], "uv": [0, 0]}
					],
					"locators": {
						"light": [0, 7, 0]
					}
				}
			]
		}
	]
}