{
	"format_version": "1.12.0",
	"minecraft:geometry": [
		{
			"description": {
				"identifier": "geometry.bananapeel",
				"texture_width": 64,
				"texture_height": 64,
				"visible_bounds_width": 3,
				"visible_bounds_height": 2.5,
				"visible_bounds_offset": [0, 0.75, 0]
			},
			"bones": [
				{
					"name": "All",
					"pivot": [0, -3, 0],
					"cubes": [
						{"origin": [-2, 0, -10], "size": [4, 1, 11], "pivot": [0, -3, 0], "rotation": [3.41384, 64.08152, 4.37077], "uv": [0, 0]},
						{"origin": [-1, 0, -10], "size": [3, 1, 8], "pivot": [0, -3, 0], "rotation": [177.94843, 43.36015, 179.89072], "uv": [0, 21]},
						{"origin": [-2, 1, -8], "size": [4, 1, 8], "pivot": [0, -3, 0], "rotation": [15.23704, -4.49497, -1.60172], "uv": [16, 13]},
						{"origin": [-2, 1, 0], "size": [4, 1, 8], "pivot": [0, -3, 0], "rotation": [47.00771, 88.26911, 60.79589], "uv": [0, 12]},
						{"origin": [-2, 0, 0], "size": [4, 1, 8], "pivot": [0, -3, 0], "rotation": [-2.5, 0, 0], "uv": [19, 0]},
						{"origin": [-3, 1, -2], "size": [1, 10, 4], "pivot": [-2, 0, 0], "rotation": [0, 0, -2.5], "uv": [32, 22]},
						{"origin": [1, 1, -2], "size": [1, 10, 4], "pivot": [-2, 0, 0], "rotation": [0, 0, -2.5], "uv": [10, 30]},
						{"origin": [0, 0, -4], "size": [1, 11, 4], "pivot": [-2, 0, 0], "rotation": [133.54105, -83.91011, -138.50594], "uv": [0, 30]},
						{"origin": [-5, 0, -4], "size": [1, 11, 4], "pivot": [-2, 0, 0], "rotation": [-127.01357, -83.02725, 121.68254], "uv": [22, 22]},
						{"origin": [4, 10, -1], "size": [1, 3, 3], "pivot": [0, -3, 0], "rotation": [0, 0, -15], "uv": [0, 0]},
						{"origin": [-3, 11, -2], "size": [4, 1, 4], "uv": [32, 9]},
						{"origin": [-2, 12, -1], "size": [2, 4, 2], "uv": [0, 0]}
					]
				}
			]
		}
	]
}