{
	"format_version": "1.12.0",
	"minecraft:geometry": [
		{
			"description": {
				"identifier": "geometry.bomb_crucifix",
				"texture_width": 128,
				"texture_height": 128,
				"visible_bounds_width": 5,
				"visible_bounds_height": 2.5,
				"visible_bounds_offset": [0, 0.75, 0]
			},
			"bones": [
				{
					"name": "root",
					"pivot": [0, 9, 0],
					"cubes": [
						{"origin": [-6, 9, -7], "size": [12, 12, 12], "uv": [0, 104]},
						{"origin": [-2, 23, -3], "size": [4, 7, 4], "uv": [34, 38]},
						{"origin": [17, 5, -3], "size": [2, 8, 4], "pivot": [0, 9, 0], "rotation": [0, 0, -90], "uv": [0, 24]},
						{"origin": [-1, 8, -8], "size": [2, 14, 14], "uv": [0, 24]},
						{"origin": [-7, 3, -7], "size": [2, 14, 14], "pivot": [0, 9, 0], "rotation": [90, 0, 90], "uv": [34, 10]},
						{"origin": [-4, 21, -5], "size": [8, 2, 8], "uv": [0, 38]}
					]
				}
			]
		}
	]
}