{
	"format_version": "1.12.0",
	"minecraft:geometry": [
		{
			"description": {
				"identifier": "geometry.crucifix",
				"texture_width": 256,
				"texture_height": 256,
				"visible_bounds_width": 5,
				"visible_bounds_height": 8,
				"visible_bounds_offset": [0, 0, 0]
			},
			"bones": [
				{
					"name": "Root2",
					"pivot": [0, 0, 0],
					"cubes": [
						{"origin": [-19.5, 0.2, -20], "size": [39, 0, 40], "uv": [0, 114]}
					],
					"locators": {
						"effect2": [0, 4, 0]
					}
				},
				{
					"name": "Chain5",
					"parent": "Root2",
					"pivot": [-12.5, 0.5, -13.5],
					"rotation": [-22.90981, -39.85571, 33.4032],
					"cubes": [
						{"origin": [-14, 0, -14], "size": [3, 4, 1], "uv": [8, 128]},
						{"origin": [-14, 6, -14], "size": [3, 4, 1], "uv": [8, 128]},
						{"origin": [-14, 12, -14], "size": [3, 4, 1], "uv": [8, 128]},
						{"origin": [-14, 18, -14], "size": [3, 4, 1], "uv": [8, 128]},
						{"origin": [-14, 24, -14], "size": [3, 4, 1], "uv": [8, 128]},
						{"origin": [-13, 3, -15], "size": [1, 4, 3], "uv": [0, 128]},
						{"origin": [-13, 9, -15], "size": [1, 4, 3], "uv": [0, 128]},
						{"origin": [-13, 15, -15], "size": [1, 4, 3], "uv": [0, 128]},
						{"origin": [-13, 27, -15], "size": [1, 4, 3], "uv": [0, 128]},
						{"origin": [-13, 21, -15], "size": [1, 4, 3], "uv": [0, 128]}
					]
				},
				{
					"name": "Chain6",
					"parent": "Root2",
					"pivot": [12.5, 0.5, -13.5],
					"rotation": [-22.90981, 39.85571, -33.4032],
					"cubes": [
						{"origin": [11, 0, -14], "size": [3, 4, 1], "uv": [8, 123], "mirror": true},
						{"origin": [11, 6, -14], "size": [3, 4, 1], "uv": [8, 123], "mirror": true},
						{"origin": [11, 12, -14], "size": [3, 4, 1], "uv": [8, 123], "mirror": true},
						{"origin": [11, 18, -14], "size": [3, 4, 1], "uv": [8, 123], "mirror": true},
						{"origin": [11, 24, -14], "size": [3, 4, 1], "uv": [8, 123], "mirror": true},
						{"origin": [12, 3, -15], "size": [1, 4, 3], "uv": [0, 123], "mirror": true},
						{"origin": [12, 9, -15], "size": [1, 4, 3], "uv": [0, 123], "mirror": true},
						{"origin": [12, 15, -15], "size": [1, 4, 3], "uv": [0, 123], "mirror": true},
						{"origin": [12, 27, -15], "size": [1, 4, 3], "uv": [0, 123], "mirror": true},
						{"origin": [12, 21, -15], "size": [1, 4, 3], "uv": [0, 123], "mirror": true}
					]
				},
				{
					"name": "Chain7",
					"parent": "Root2",
					"pivot": [12.5, 0.5, 12.5],
					"rotation": [22.90981, -39.85571, -33.4032],
					"cubes": [
						{"origin": [11, 0, 12], "size": [3, 4, 1], "uv": [8, 123], "mirror": true},
						{"origin": [11, 6, 12], "size": [3, 4, 1], "uv": [8, 123], "mirror": true},
						{"origin": [11, 12, 12], "size": [3, 4, 1], "uv": [8, 123], "mirror": true},
						{"origin": [11, 18, 12], "size": [3, 4, 1], "uv": [8, 123], "mirror": true},
						{"origin": [11, 24, 12], "size": [3, 4, 1], "uv": [8, 123], "mirror": true},
						{"origin": [12, 3, 11], "size": [1, 4, 3], "uv": [0, 123], "mirror": true},
						{"origin": [12, 9, 11], "size": [1, 4, 3], "uv": [0, 123], "mirror": true},
						{"origin": [12, 15, 11], "size": [1, 4, 3], "uv": [0, 123], "mirror": true},
						{"origin": [12, 27, 11], "size": [1, 4, 3], "uv": [0, 123], "mirror": true},
						{"origin": [12, 21, 11], "size": [1, 4, 3], "uv": [0, 123], "mirror": true}
					]
				},
				{
					"name": "Chain8",
					"parent": "Root2",
					"pivot": [-12.5, 0.5, 12.5],
					"rotation": [22.90981, 39.85571, 33.4032],
					"cubes": [
						{"origin": [-14, 0, 12], "size": [3, 4, 1], "uv": [8, 123]},
						{"origin": [-14, 6, 12], "size": [3, 4, 1], "uv": [8, 123]},
						{"origin": [-14, 12, 12], "size": [3, 4, 1], "uv": [8, 123]},
						{"origin": [-14, 18, 12], "size": [3, 4, 1], "uv": [8, 123]},
						{"origin": [-14, 24, 12], "size": [3, 4, 1], "uv": [8, 123]},
						{"origin": [-13, 3, 11], "size": [1, 4, 3], "uv": [0, 123]},
						{"origin": [-13, 9, 11], "size": [1, 4, 3], "uv": [0, 123]},
						{"origin": [-13, 15, 11], "size": [1, 4, 3], "uv": [0, 123]},
						{"origin": [-13, 27, 11], "size": [1, 4, 3], "uv": [0, 123]},
						{"origin": [-13, 21, 11], "size": [1, 4, 3], "uv": [0, 123]}
					]
				},
				{
					"name": "Root",
					"pivot": [0, 0, 0],
					"cubes": [
						{"origin": [-19.5, 0.2, -20], "size": [39, 0, 40], "uv": [0, 0]}
					],
					"locators": {
						"effect": [0, 4, 0]
					}
				},
				{
					"name": "Chain",
					"parent": "Root",
					"pivot": [-12.5, 0.5, -13.5],
					"rotation": [-22.90981, -39.85571, 33.4032],
					"cubes": [
						{"origin": [-14, 0, -14], "size": [3, 4, 1], "uv": [8, 14]},
						{"origin": [-14, 6, -14], "size": [3, 4, 1], "uv": [8, 14]},
						{"origin": [-14, 12, -14], "size": [3, 4, 1], "uv": [8, 14]},
						{"origin": [-14, 18, -14], "size": [3, 4, 1], "uv": [8, 14]},
						{"origin": [-14, 24, -14], "size": [3, 4, 1], "uv": [8, 14]},
						{"origin": [-13, 3, -15], "size": [1, 4, 3], "uv": [0, 14]},
						{"origin": [-13, 9, -15], "size": [1, 4, 3], "uv": [0, 14]},
						{"origin": [-13, 15, -15], "size": [1, 4, 3], "uv": [0, 14]},
						{"origin": [-13, 27, -15], "size": [1, 4, 3], "uv": [0, 14]},
						{"origin": [-13, 21, -15], "size": [1, 4, 3], "uv": [0, 14]}
					]
				},
				{
					"name": "Chain2",
					"parent": "Root",
					"pivot": [12.5, 0.5, -13.5],
					"rotation": [-22.90981, 39.85571, -33.4032],
					"cubes": [
						{"origin": [11, 0, -14], "size": [3, 4, 1], "uv": [8, 9], "mirror": true},
						{"origin": [11, 6, -14], "size": [3, 4, 1], "uv": [8, 9], "mirror": true},
						{"origin": [11, 12, -14], "size": [3, 4, 1], "uv": [8, 9], "mirror": true},
						{"origin": [11, 18, -14], "size": [3, 4, 1], "uv": [8, 9], "mirror": true},
						{"origin": [11, 24, -14], "size": [3, 4, 1], "uv": [8, 9], "mirror": true},
						{"origin": [12, 3, -15], "size": [1, 4, 3], "uv": [0, 9], "mirror": true},
						{"origin": [12, 9, -15], "size": [1, 4, 3], "uv": [0, 9], "mirror": true},
						{"origin": [12, 15, -15], "size": [1, 4, 3], "uv": [0, 9], "mirror": true},
						{"origin": [12, 27, -15], "size": [1, 4, 3], "uv": [0, 9], "mirror": true},
						{"origin": [12, 21, -15], "size": [1, 4, 3], "uv": [0, 9], "mirror": true}
					]
				},
				{
					"name": "Chain3",
					"parent": "Root",
					"pivot": [12.5, 0.5, 12.5],
					"rotation": [22.90981, -39.85571, -33.4032],
					"cubes": [
						{"origin": [11, 0, 12], "size": [3, 4, 1], "uv": [8, 9], "mirror": true},
						{"origin": [11, 6, 12], "size": [3, 4, 1], "uv": [8, 9], "mirror": true},
						{"origin": [11, 12, 12], "size": [3, 4, 1], "uv": [8, 9], "mirror": true},
						{"origin": [11, 18, 12], "size": [3, 4, 1], "uv": [8, 9], "mirror": true},
						{"origin": [11, 24, 12], "size": [3, 4, 1], "uv": [8, 9], "mirror": true},
						{"origin": [12, 3, 11], "size": [1, 4, 3], "uv": [0, 9], "mirror": true},
						{"origin": [12, 9, 11], "size": [1, 4, 3], "uv": [0, 9], "mirror": true},
						{"origin": [12, 15, 11], "size": [1, 4, 3], "uv": [0, 9], "mirror": true},
						{"origin": [12, 27, 11], "size": [1, 4, 3], "uv": [0, 9], "mirror": true},
						{"origin": [12, 21, 11], "size": [1, 4, 3], "uv": [0, 9], "mirror": true}
					]
				},
				{
					"name": "Chain4",
					"parent": "Root",
					"pivot": [-12.5, 0.5, 12.5],
					"rotation": [22.90981, 39.85571, 33.4032],
					"cubes": [
						{"origin": [-14, 0, 12], "size": [3, 4, 1], "uv": [8, 9]},
						{"origin": [-14, 6, 12], "size": [3, 4, 1], "uv": [8, 9]},
						{"origin": [-14, 12, 12], "size": [3, 4, 1], "uv": [8, 9]},
						{"origin": [-14, 18, 12], "size": [3, 4, 1], "uv": [8, 9]},
						{"origin": [-14, 24, 12], "size": [3, 4, 1], "uv": [8, 9]},
						{"origin": [-13, 3, 11], "size": [1, 4, 3], "uv": [0, 9]},
						{"origin": [-13, 9, 11], "size": [1, 4, 3], "uv": [0, 9]},
						{"origin": [-13, 15, 11], "size": [1, 4, 3], "uv": [0, 9]},
						{"origin": [-13, 27, 11], "size": [1, 4, 3], "uv": [0, 9]},
						{"origin": [-13, 21, 11], "size": [1, 4, 3], "uv": [0, 9]}
					]
				},
				{
					"name": "Cross",
					"pivot": [0, 33, -18.5],
					"cubes": [
						{"origin": [-1, 31.70163, -22.5], "size": [3, 2.59674, 7], "pivot": [0, 34, -19], "rotation": [0, 90, 0], "uv": [159, 141]},
						{"origin": [-7, 38.70163, -21.5], "size": [3, 2.59674, 11], "pivot": [-6, 34, -19], "rotation": [0, 90, 90], "uv": [159, 141]}
					]
				},
				{
					"name": "hexadecagon",
					"parent": "Cross",
					"pivot": [3, 33, -20],
					"rotation": [0, 90, 0],
					"cubes": [
						{"origin": [1, 33.70163, -20.5], "size": [3, 0.59674, 3], "pivot": [2, 34, -19], "rotation": [45, 0, 0], "uv": [159, 141]},
						{"origin": [1, 33.70163, -20.5], "size": [3, 0.59674, 3], "pivot": [2, 34, -19], "rotation": [22.5, 0, 0], "uv": [159, 141]},
						{"origin": [1, 33.70163, -20.5], "size": [3, 0.59674, 3], "uv": [159, 141]},
						{"origin": [1, 33.70163, -20.5], "size": [3, 0.59674, 3], "pivot": [2, 34, -19], "rotation": [-22.5, 0, 0], "uv": [159, 141]},
						{"origin": [1, 33.70163, -20.5], "size": [3, 0.59674, 3], "pivot": [2, 34, -19], "rotation": [-45, 0, 0], "uv": [159, 141]},
						{"origin": [1, 32.5, -19.29837], "size": [3, 3, 0.59674], "pivot": [2, 34, -19], "rotation": [22.5, 0, 0], "uv": [159, 141]},
						{"origin": [1, 32.5, -19.29837], "size": [3, 3, 0.59674], "uv": [159, 141]},
						{"origin": [1, 32.5, -19.29837], "size": [3, 3, 0.59674], "pivot": [2, 34, -19], "rotation": [-22.5, 0, 0], "uv": [159, 141]}
					]
				},
				{
					"name": "hexadecagon2",
					"parent": "Cross",
					"pivot": [3, 31, -20],
					"rotation": [0, 90, 0],
					"cubes": [
						{"origin": [1, 31.70163, -20.5], "size": [3, 0.59674, 3], "pivot": [2, 32, -19], "rotation": [45, 0, 0], "uv": [159, 141]},
						{"origin": [1, 31.70163, -20.5], "size": [3, 0.59674, 3], "pivot": [2, 32, -19], "rotation": [22.5, 0, 0], "uv": [159, 141]},
						{"origin": [1, 31.70163, -20.5], "size": [3, 0.59674, 3], "uv": [159, 141]},
						{"origin": [1, 31.70163, -20.5], "size": [3, 0.59674, 3], "pivot": [2, 32, -19], "rotation": [-22.5, 0, 0], "uv": [159, 141]},
						{"origin": [1, 31.70163, -20.5], "size": [3, 0.59674, 3], "pivot": [2, 32, -19], "rotation": [-45, 0, 0], "uv": [159, 141]},
						{"origin": [1, 30.5, -19.29837], "size": [3, 3, 0.59674], "pivot": [2, 32, -19], "rotation": [22.5, 0, 0], "uv": [159, 141]},
						{"origin": [1, 30.5, -19.29837], "size": [3, 3, 0.59674], "uv": [159, 141]},
						{"origin": [1, 30.5, -19.29837], "size": [3, 3, 0.59674], "pivot": [2, 32, -19], "rotation": [-22.5, 0, 0], "uv": [159, 141]}
					]
				},
				{
					"name": "hexadecagon3",
					"parent": "Cross",
					"pivot": [5, 32, -20],
					"rotation": [0, 90, 0],
					"cubes": [
						{"origin": [3, 32.70163, -20.5], "size": [3, 0.59674, 3], "pivot": [4, 33, -19], "rotation": [45, 0, 0], "uv": [159, 141]},
						{"origin": [3, 32.70163, -20.5], "size": [3, 0.59674, 3], "pivot": [4, 33, -19], "rotation": [22.5, 0, 0], "uv": [159, 141]},
						{"origin": [3, 32.70163, -20.5], "size": [3, 0.59674, 3], "uv": [159, 141]},
						{"origin": [3, 32.70163, -20.5], "size": [3, 0.59674, 3], "pivot": [4, 33, -19], "rotation": [-22.5, 0, 0], "uv": [159, 141]},
						{"origin": [3, 32.70163, -20.5], "size": [3, 0.59674, 3], "pivot": [4, 33, -19], "rotation": [-45, 0, 0], "uv": [159, 141]},
						{"origin": [3, 31.5, -19.29837], "size": [3, 3, 0.59674], "pivot": [4, 33, -19], "rotation": [22.5, 0, 0], "uv": [159, 141]},
						{"origin": [3, 31.5, -19.29837], "size": [3, 3, 0.59674], "uv": [159, 141]},
						{"origin": [3, 31.5, -19.29837], "size": [3, 3, 0.59674], "pivot": [4, 33, -19], "rotation": [-22.5, 0, 0], "uv": [159, 141]}
					]
				},
				{
					"name": "hexadecagon4",
					"parent": "Cross",
					"pivot": [-7, 32, -20],
					"rotation": [0, 90, 0],
					"cubes": [
						{"origin": [-9, 32.70163, -20.5], "size": [3, 0.59674, 3], "pivot": [-8, 33, -19], "rotation": [45, 0, 0], "uv": [159, 141]},
						{"origin": [-9, 32.70163, -20.5], "size": [3, 0.59674, 3], "pivot": [-8, 33, -19], "rotation": [22.5, 0, 0], "uv": [159, 141]},
						{"origin": [-9, 32.70163, -20.5], "size": [3, 0.59674, 3], "uv": [159, 141]},
						{"origin": [-9, 32.70163, -20.5], "size": [3, 0.59674, 3], "pivot": [-8, 33, -19], "rotation": [-22.5, 0, 0], "uv": [159, 141]},
						{"origin": [-9, 32.70163, -20.5], "size": [3, 0.59674, 3], "pivot": [-8, 33, -19], "rotation": [-45, 0, 0], "uv": [159, 141]},
						{"origin": [-9, 31.5, -19.29837], "size": [3, 3, 0.59674], "pivot": [-8, 33, -19], "rotation": [22.5, 0, 0], "uv": [159, 141]},
						{"origin": [-9, 31.5, -19.29837], "size": [3, 3, 0.59674], "uv": [159, 141]},
						{"origin": [-9, 31.5, -19.29837], "size": [3, 3, 0.59674], "pivot": [-8, 33, -19], "rotation": [-22.5, 0, 0], "uv": [159, 141]}
					]
				},
				{
					"name": "hexadecagon5",
					"parent": "Cross",
					"pivot": [-5, 31, -20],
					"rotation": [0, 90, 0],
					"cubes": [
						{"origin": [-7, 31.70163, -20.5], "size": [3, 0.59674, 3], "pivot": [-6, 32, -19], "rotation": [45, 0, 0], "uv": [159, 141]},
						{"origin": [-7, 31.70163, -20.5], "size": [3, 0.59674, 3], "pivot": [-6, 32, -19], "rotation": [22.5, 0, 0], "uv": [159, 141]},
						{"origin": [-7, 31.70163, -20.5], "size": [3, 0.59674, 3], "uv": [159, 141]},
						{"origin": [-7, 31.70163, -20.5], "size": [3, 0.59674, 3], "pivot": [-6, 32, -19], "rotation": [-22.5, 0, 0], "uv": [159, 141]},
						{"origin": [-7, 31.70163, -20.5], "size": [3, 0.59674, 3], "pivot": [-6, 32, -19], "rotation": [-45, 0, 0], "uv": [159, 141]},
						{"origin": [-7, 30.5, -19.29837], "size": [3, 3, 0.59674], "pivot": [-6, 32, -19], "rotation": [22.5, 0, 0], "uv": [159, 141]},
						{"origin": [-7, 30.5, -19.29837], "size": [3, 3, 0.59674], "uv": [159, 141]},
						{"origin": [-7, 30.5, -19.29837], "size": [3, 3, 0.59674], "pivot": [-6, 32, -19], "rotation": [-22.5, 0, 0], "uv": [159, 141]}
					]
				},
				{
					"name": "hexadecagon6",
					"parent": "Cross",
					"pivot": [-5, 33, -20],
					"rotation": [0, 90, 0],
					"cubes": [
						{"origin": [-7, 33.70163, -20.5], "size": [3, 0.59674, 3], "pivot": [-6, 34, -19], "rotation": [45, 0, 0], "uv": [159, 141]},
						{"origin": [-7, 33.70163, -20.5], "size": [3, 0.59674, 3], "pivot": [-6, 34, -19], "rotation": [22.5, 0, 0], "uv": [159, 141]},
						{"origin": [-7, 33.70163, -20.5], "size": [3, 0.59674, 3], "uv": [159, 141]},
						{"origin": [-7, 33.70163, -20.5], "size": [3, 0.59674, 3], "pivot": [-6, 34, -19], "rotation": [-22.5, 0, 0], "uv": [159, 141]},
						{"origin": [-7, 33.70163, -20.5], "size": [3, 0.59674, 3], "pivot": [-6, 34, -19], "rotation": [-45, 0, 0], "uv": [159, 141]},
						{"origin": [-7, 32.5, -19.29837], "size": [3, 3, 0.59674], "pivot": [-6, 34, -19], "rotation": [22.5, 0, 0], "uv": [159, 141]},
						{"origin": [-7, 32.5, -19.29837], "size": [3, 3, 0.59674], "uv": [159, 141]},
						{"origin": [-7, 32.5, -19.29837], "size": [3, 3, 0.59674], "pivot": [-6, 34, -19], "rotation": [-22.5, 0, 0], "uv": [159, 141]}
					]
				},
				{
					"name": "hexadecagon7",
					"parent": "Cross",
					"pivot": [-1, 37, -20],
					"rotation": [0, 90, 0],
					"cubes": [
						{"origin": [-3, 37.70163, -20.5], "size": [3, 0.59674, 3], "pivot": [-2, 38, -19], "rotation": [45, 0, 0], "uv": [159, 141]},
						{"origin": [-3, 37.70163, -20.5], "size": [3, 0.59674, 3], "pivot": [-2, 38, -19], "rotation": [22.5, 0, 0], "uv": [159, 141]},
						{"origin": [-3, 37.70163, -20.5], "size": [3, 0.59674, 3], "uv": [159, 141]},
						{"origin": [-3, 37.70163, -20.5], "size": [3, 0.59674, 3], "pivot": [-2, 38, -19], "rotation": [-22.5, 0, 0], "uv": [159, 141]},
						{"origin": [-3, 37.70163, -20.5], "size": [3, 0.59674, 3], "pivot": [-2, 38, -19], "rotation": [-45, 0, 0], "uv": [159, 141]},
						{"origin": [-3, 36.5, -19.29837], "size": [3, 3, 0.59674], "pivot": [-2, 38, -19], "rotation": [22.5, 0, 0], "uv": [159, 141]},
						{"origin": [-3, 36.5, -19.29837], "size": [3, 3, 0.59674], "uv": [159, 141]},
						{"origin": [-3, 36.5, -19.29837], "size": [3, 3, 0.59674], "pivot": [-2, 38, -19], "rotation": [-22.5, 0, 0], "uv": [159, 141]}
					]
				},
				{
					"name": "hexadecagon12",
					"parent": "Cross",
					"pivot": [-1, 23, -20],
					"rotation": [0, 90, 0],
					"cubes": [
						{"origin": [-3, 23.70163, -20.5], "size": [3, 0.59674, 3], "pivot": [-2, 24, -19], "rotation": [45, 0, 0], "uv": [159, 141]},
						{"origin": [-3, 23.70163, -20.5], "size": [3, 0.59674, 3], "pivot": [-2, 24, -19], "rotation": [22.5, 0, 0], "uv": [159, 141]},
						{"origin": [-3, 23.70163, -20.5], "size": [3, 0.59674, 3], "uv": [159, 141]},
						{"origin": [-3, 23.70163, -20.5], "size": [3, 0.59674, 3], "pivot": [-2, 24, -19], "rotation": [-22.5, 0, 0], "uv": [159, 141]},
						{"origin": [-3, 23.70163, -20.5], "size": [3, 0.59674, 3], "pivot": [-2, 24, -19], "rotation": [-45, 0, 0], "uv": [159, 141]},
						{"origin": [-3, 22.5, -19.29837], "size": [3, 3, 0.59674], "pivot": [-2, 24, -19], "rotation": [22.5, 0, 0], "uv": [159, 141]},
						{"origin": [-3, 22.5, -19.29837], "size": [3, 3, 0.59674], "uv": [159, 141]},
						{"origin": [-3, 22.5, -19.29837], "size": [3, 3, 0.59674], "pivot": [-2, 24, -19], "rotation": [-22.5, 0, 0], "uv": [159, 141]}
					]
				},
				{
					"name": "hexadecagon8",
					"parent": "Cross",
					"pivot": [-2, 36, -20],
					"rotation": [0, 90, 0],
					"cubes": [
						{"origin": [-4, 36.70163, -20.5], "size": [3, 0.59674, 3], "pivot": [-3, 37, -19], "rotation": [45, 0, 0], "uv": [159, 141]},
						{"origin": [-4, 36.70163, -20.5], "size": [3, 0.59674, 3], "pivot": [-3, 37, -19], "rotation": [22.5, 0, 0], "uv": [159, 141]},
						{"origin": [-4, 36.70163, -20.5], "size": [3, 0.59674, 3], "uv": [159, 141]},
						{"origin": [-4, 36.70163, -20.5], "size": [3, 0.59674, 3], "pivot": [-3, 37, -19], "rotation": [-22.5, 0, 0], "uv": [159, 141]},
						{"origin": [-4, 36.70163, -20.5], "size": [3, 0.59674, 3], "pivot": [-3, 37, -19], "rotation": [-45, 0, 0], "uv": [159, 141]},
						{"origin": [-4, 35.5, -19.29837], "size": [3, 3, 0.59674], "pivot": [-3, 37, -19], "rotation": [22.5, 0, 0], "uv": [159, 141]},
						{"origin": [-4, 35.5, -19.29837], "size": [3, 3, 0.59674], "uv": [159, 141]},
						{"origin": [-4, 35.5, -19.29837], "size": [3, 3, 0.59674], "pivot": [-3, 37, -19], "rotation": [-22.5, 0, 0], "uv": [159, 141]}
					]
				},
				{
					"name": "hexadecagon11",
					"parent": "Cross",
					"pivot": [-2, 24, -20],
					"rotation": [0, 90, 0],
					"cubes": [
						{"origin": [-4, 24.70163, -20.5], "size": [3, 0.59674, 3], "pivot": [-3, 25, -19], "rotation": [45, 0, 0], "uv": [159, 141]},
						{"origin": [-4, 24.70163, -20.5], "size": [3, 0.59674, 3], "pivot": [-3, 25, -19], "rotation": [22.5, 0, 0], "uv": [159, 141]},
						{"origin": [-4, 24.70163, -20.5], "size": [3, 0.59674, 3], "uv": [159, 141]},
						{"origin": [-4, 24.70163, -20.5], "size": [3, 0.59674, 3], "pivot": [-3, 25, -19], "rotation": [-22.5, 0, 0], "uv": [159, 141]},
						{"origin": [-4, 24.70163, -20.5], "size": [3, 0.59674, 3], "pivot": [-3, 25, -19], "rotation": [-45, 0, 0], "uv": [159, 141]},
						{"origin": [-4, 23.5, -19.29837], "size": [3, 3, 0.59674], "pivot": [-3, 25, -19], "rotation": [22.5, 0, 0], "uv": [159, 141]},
						{"origin": [-4, 23.5, -19.29837], "size": [3, 3, 0.59674], "uv": [159, 141]},
						{"origin": [-4, 23.5, -19.29837], "size": [3, 3, 0.59674], "pivot": [-3, 25, -19], "rotation": [-22.5, 0, 0], "uv": [159, 141]}
					]
				},
				{
					"name": "hexadecagon9",
					"parent": "Cross",
					"pivot": [0, 36, -20],
					"rotation": [0, 90, 0],
					"cubes": [
						{"origin": [-2, 36.70163, -20.5], "size": [3, 0.59674, 3], "pivot": [-1, 37, -19], "rotation": [45, 0, 0], "uv": [159, 141]},
						{"origin": [-2, 36.70163, -20.5], "size": [3, 0.59674, 3], "pivot": [-1, 37, -19], "rotation": [22.5, 0, 0], "uv": [159, 141]},
						{"origin": [-2, 36.70163, -20.5], "size": [3, 0.59674, 3], "uv": [159, 141]},
						{"origin": [-2, 36.70163, -20.5], "size": [3, 0.59674, 3], "pivot": [-1, 37, -19], "rotation": [-22.5, 0, 0], "uv": [159, 141]},
						{"origin": [-2, 36.70163, -20.5], "size": [3, 0.59674, 3], "pivot": [-1, 37, -19], "rotation": [-45, 0, 0], "uv": [159, 141]},
						{"origin": [-2, 35.5, -19.29837], "size": [3, 3, 0.59674], "pivot": [-1, 37, -19], "rotation": [22.5, 0, 0], "uv": [159, 141]},
						{"origin": [-2, 35.5, -19.29837], "size": [3, 3, 0.59674], "uv": [159, 141]},
						{"origin": [-2, 35.5, -19.29837], "size": [3, 3, 0.59674], "pivot": [-1, 37, -19], "rotation": [-22.5, 0, 0], "uv": [159, 141]}
					]
				},
				{
					"name": "hexadecagon10",
					"parent": "Cross",
					"pivot": [0, 24, -20],
					"rotation": [0, 90, 0],
					"cubes": [
						{"origin": [-2, 24.70163, -20.5], "size": [3, 0.59674, 3], "pivot": [-1, 25, -19], "rotation": [45, 0, 0], "uv": [159, 141]},
						{"origin": [-2, 24.70163, -20.5], "size": [3, 0.59674, 3], "pivot": [-1, 25, -19], "rotation": [22.5, 0, 0], "uv": [159, 141]},
						{"origin": [-2, 24.70163, -20.5], "size": [3, 0.59674, 3], "uv": [159, 141]},
						{"origin": [-2, 24.70163, -20.5], "size": [3, 0.59674, 3], "pivot": [-1, 25, -19], "rotation": [-22.5, 0, 0], "uv": [159, 141]},
						{"origin": [-2, 24.70163, -20.5], "size": [3, 0.59674, 3], "pivot": [-1, 25, -19], "rotation": [-45, 0, 0], "uv": [159, 141]},
						{"origin": [-2, 23.5, -19.29837], "size": [3, 3, 0.59674], "pivot": [-1, 25, -19], "rotation": [22.5, 0, 0], "uv": [159, 141]},
						{"origin": [-2, 23.5, -19.29837], "size": [3, 3, 0.59674], "uv": [159, 141]},
						{"origin": [-2, 23.5, -19.29837], "size": [3, 3, 0.59674], "pivot": [-1, 25, -19], "rotation": [-22.5, 0, 0], "uv": [159, 141]}
					]
				},
				{
					"name": "Cross2",
					"pivot": [0, 33, -18.5],
					"cubes": [
						{"origin": [-1, 31.70163, -22.5], "size": [3, 2.59674, 7], "pivot": [0, 34, -19], "rotation": [0, 90, 0], "uv": [158, 234]},
						{"origin": [-7, 38.70163, -21.5], "size": [3, 2.59674, 11], "pivot": [-6, 34, -19], "rotation": [0, 90, 90], "uv": [158, 234]}
					]
				},
				{
					"name": "hexadecagon13",
					"parent": "Cross2",
					"pivot": [3, 33, -20],
					"rotation": [0, 90, 0],
					"cubes": [
						{"origin": [1, 33.70163, -20.5], "size": [3, 0.59674, 3], "pivot": [2, 34, -19], "rotation": [45, 0, 0], "uv": [158, 234]},
						{"origin": [1, 33.70163, -20.5], "size": [3, 0.59674, 3], "pivot": [2, 34, -19], "rotation": [22.5, 0, 0], "uv": [158, 234]},
						{"origin": [1, 33.70163, -20.5], "size": [3, 0.59674, 3], "uv": [158, 234]},
						{"origin": [1, 33.70163, -20.5], "size": [3, 0.59674, 3], "pivot": [2, 34, -19], "rotation": [-22.5, 0, 0], "uv": [158, 234]},
						{"origin": [1, 33.70163, -20.5], "size": [3, 0.59674, 3], "pivot": [2, 34, -19], "rotation": [-45, 0, 0], "uv": [158, 234]},
						{"origin": [1, 32.5, -19.29837], "size": [3, 3, 0.59674], "pivot": [2, 34, -19], "rotation": [22.5, 0, 0], "uv": [158, 234]},
						{"origin": [1, 32.5, -19.29837], "size": [3, 3, 0.59674], "uv": [158, 234]},
						{"origin": [1, 32.5, -19.29837], "size": [3, 3, 0.59674], "pivot": [2, 34, -19], "rotation": [-22.5, 0, 0], "uv": [158, 234]}
					]
				},
				{
					"name": "hexadecagon14",
					"parent": "Cross2",
					"pivot": [3, 31, -20],
					"rotation": [0, 90, 0],
					"cubes": [
						{"origin": [1, 31.70163, -20.5], "size": [3, 0.59674, 3], "pivot": [2, 32, -19], "rotation": [45, 0, 0], "uv": [158, 234]},
						{"origin": [1, 31.70163, -20.5], "size": [3, 0.59674, 3], "pivot": [2, 32, -19], "rotation": [22.5, 0, 0], "uv": [158, 234]},
						{"origin": [1, 31.70163, -20.5], "size": [3, 0.59674, 3], "uv": [158, 234]},
						{"origin": [1, 31.70163, -20.5], "size": [3, 0.59674, 3], "pivot": [2, 32, -19], "rotation": [-22.5, 0, 0], "uv": [158, 234]},
						{"origin": [1, 31.70163, -20.5], "size": [3, 0.59674, 3], "pivot": [2, 32, -19], "rotation": [-45, 0, 0], "uv": [158, 234]},
						{"origin": [1, 30.5, -19.29837], "size": [3, 3, 0.59674], "pivot": [2, 32, -19], "rotation": [22.5, 0, 0], "uv": [158, 234]},
						{"origin": [1, 30.5, -19.29837], "size": [3, 3, 0.59674], "uv": [158, 234]},
						{"origin": [1, 30.5, -19.29837], "size": [3, 3, 0.59674], "pivot": [2, 32, -19], "rotation": [-22.5, 0, 0], "uv": [158, 234]}
					]
				},
				{
					"name": "hexadecagon15",
					"parent": "Cross2",
					"pivot": [5, 32, -20],
					"rotation": [0, 90, 0],
					"cubes": [
						{"origin": [3, 32.70163, -20.5], "size": [3, 0.59674, 3], "pivot": [4, 33, -19], "rotation": [45, 0, 0], "uv": [158, 234]},
						{"origin": [3, 32.70163, -20.5], "size": [3, 0.59674, 3], "pivot": [4, 33, -19], "rotation": [22.5, 0, 0], "uv": [158, 234]},
						{"origin": [3, 32.70163, -20.5], "size": [3, 0.59674, 3], "uv": [158, 234]},
						{"origin": [3, 32.70163, -20.5], "size": [3, 0.59674, 3], "pivot": [4, 33, -19], "rotation": [-22.5, 0, 0], "uv": [158, 234]},
						{"origin": [3, 32.70163, -20.5], "size": [3, 0.59674, 3], "pivot": [4, 33, -19], "rotation": [-45, 0, 0], "uv": [158, 234]},
						{"origin": [3, 31.5, -19.29837], "size": [3, 3, 0.59674], "pivot": [4, 33, -19], "rotation": [22.5, 0, 0], "uv": [158, 234]},
						{"origin": [3, 31.5, -19.29837], "size": [3, 3, 0.59674], "uv": [158, 234]},
						{"origin": [3, 31.5, -19.29837], "size": [3, 3, 0.59674], "pivot": [4, 33, -19], "rotation": [-22.5, 0, 0], "uv": [158, 234]}
					]
				},
				{
					"name": "hexadecagon16",
					"parent": "Cross2",
					"pivot": [-7, 32, -20],
					"rotation": [0, 90, 0],
					"cubes": [
						{"origin": [-9, 32.70163, -20.5], "size": [3, 0.59674, 3], "pivot": [-8, 33, -19], "rotation": [45, 0, 0], "uv": [158, 234]},
						{"origin": [-9, 32.70163, -20.5], "size": [3, 0.59674, 3], "pivot": [-8, 33, -19], "rotation": [22.5, 0, 0], "uv": [158, 234]},
						{"origin": [-9, 32.70163, -20.5], "size": [3, 0.59674, 3], "uv": [158, 234]},
						{"origin": [-9, 32.70163, -20.5], "size": [3, 0.59674, 3], "pivot": [-8, 33, -19], "rotation": [-22.5, 0, 0], "uv": [158, 234]},
						{"origin": [-9, 32.70163, -20.5], "size": [3, 0.59674, 3], "pivot": [-8, 33, -19], "rotation": [-45, 0, 0], "uv": [158, 234]},
						{"origin": [-9, 31.5, -19.29837], "size": [3, 3, 0.59674], "pivot": [-8, 33, -19], "rotation": [22.5, 0, 0], "uv": [158, 234]},
						{"origin": [-9, 31.5, -19.29837], "size": [3, 3, 0.59674], "uv": [158, 234]},
						{"origin": [-9, 31.5, -19.29837], "size": [3, 3, 0.59674], "pivot": [-8, 33, -19], "rotation": [-22.5, 0, 0], "uv": [158, 234]}
					]
				},
				{
					"name": "hexadecagon17",
					"parent": "Cross2",
					"pivot": [-5, 31, -20],
					"rotation": [0, 90, 0],
					"cubes": [
						{"origin": [-7, 31.70163, -20.5], "size": [3, 0.59674, 3], "pivot": [-6, 32, -19], "rotation": [45, 0, 0], "uv": [158, 234]},
						{"origin": [-7, 31.70163, -20.5], "size": [3, 0.59674, 3], "pivot": [-6, 32, -19], "rotation": [22.5, 0, 0], "uv": [158, 234]},
						{"origin": [-7, 31.70163, -20.5], "size": [3, 0.59674, 3], "uv": [158, 234]},
						{"origin": [-7, 31.70163, -20.5], "size": [3, 0.59674, 3], "pivot": [-6, 32, -19], "rotation": [-22.5, 0, 0], "uv": [158, 234]},
						{"origin": [-7, 31.70163, -20.5], "size": [3, 0.59674, 3], "pivot": [-6, 32, -19], "rotation": [-45, 0, 0], "uv": [158, 234]},
						{"origin": [-7, 30.5, -19.29837], "size": [3, 3, 0.59674], "pivot": [-6, 32, -19], "rotation": [22.5, 0, 0], "uv": [158, 234]},
						{"origin": [-7, 30.5, -19.29837], "size": [3, 3, 0.59674], "uv": [158, 234]},
						{"origin": [-7, 30.5, -19.29837], "size": [3, 3, 0.59674], "pivot": [-6, 32, -19], "rotation": [-22.5, 0, 0], "uv": [158, 234]}
					]
				},
				{
					"name": "hexadecagon18",
					"parent": "Cross2",
					"pivot": [-5, 33, -20],
					"rotation": [0, 90, 0],
					"cubes": [
						{"origin": [-7, 33.70163, -20.5], "size": [3, 0.59674, 3], "pivot": [-6, 34, -19], "rotation": [45, 0, 0], "uv": [158, 234]},
						{"origin": [-7, 33.70163, -20.5], "size": [3, 0.59674, 3], "pivot": [-6, 34, -19], "rotation": [22.5, 0, 0], "uv": [158, 234]},
						{"origin": [-7, 33.70163, -20.5], "size": [3, 0.59674, 3], "uv": [158, 234]},
						{"origin": [-7, 33.70163, -20.5], "size": [3, 0.59674, 3], "pivot": [-6, 34, -19], "rotation": [-22.5, 0, 0], "uv": [158, 234]},
						{"origin": [-7, 33.70163, -20.5], "size": [3, 0.59674, 3], "pivot": [-6, 34, -19], "rotation": [-45, 0, 0], "uv": [158, 234]},
						{"origin": [-7, 32.5, -19.29837], "size": [3, 3, 0.59674], "pivot": [-6, 34, -19], "rotation": [22.5, 0, 0], "uv": [158, 234]},
						{"origin": [-7, 32.5, -19.29837], "size": [3, 3, 0.59674], "uv": [158, 234]},
						{"origin": [-7, 32.5, -19.29837], "size": [3, 3, 0.59674], "pivot": [-6, 34, -19], "rotation": [-22.5, 0, 0], "uv": [158, 234]}
					]
				},
				{
					"name": "hexadecagon19",
					"parent": "Cross2",
					"pivot": [-1, 37, -20],
					"rotation": [0, 90, 0],
					"cubes": [
						{"origin": [-3, 37.70163, -20.5], "size": [3, 0.59674, 3], "pivot": [-2, 38, -19], "rotation": [45, 0, 0], "uv": [158, 234]},
						{"origin": [-3, 37.70163, -20.5], "size": [3, 0.59674, 3], "pivot": [-2, 38, -19], "rotation": [22.5, 0, 0], "uv": [158, 234]},
						{"origin": [-3, 37.70163, -20.5], "size": [3, 0.59674, 3], "uv": [158, 234]},
						{"origin": [-3, 37.70163, -20.5], "size": [3, 0.59674, 3], "pivot": [-2, 38, -19], "rotation": [-22.5, 0, 0], "uv": [158, 234]},
						{"origin": [-3, 37.70163, -20.5], "size": [3, 0.59674, 3], "pivot": [-2, 38, -19], "rotation": [-45, 0, 0], "uv": [158, 234]},
						{"origin": [-3, 36.5, -19.29837], "size": [3, 3, 0.59674], "pivot": [-2, 38, -19], "rotation": [22.5, 0, 0], "uv": [158, 234]},
						{"origin": [-3, 36.5, -19.29837], "size": [3, 3, 0.59674], "uv": [158, 234]},
						{"origin": [-3, 36.5, -19.29837], "size": [3, 3, 0.59674], "pivot": [-2, 38, -19], "rotation": [-22.5, 0, 0], "uv": [158, 234]}
					]
				},
				{
					"name": "hexadecagon20",
					"parent": "Cross2",
					"pivot": [-1, 23, -20],
					"rotation": [0, 90, 0],
					"cubes": [
						{"origin": [-3, 23.70163, -20.5], "size": [3, 0.59674, 3], "pivot": [-2, 24, -19], "rotation": [45, 0, 0], "uv": [158, 234]},
						{"origin": [-3, 23.70163, -20.5], "size": [3, 0.59674, 3], "pivot": [-2, 24, -19], "rotation": [22.5, 0, 0], "uv": [158, 234]},
						{"origin": [-3, 23.70163, -20.5], "size": [3, 0.59674, 3], "uv": [158, 234]},
						{"origin": [-3, 23.70163, -20.5], "size": [3, 0.59674, 3], "pivot": [-2, 24, -19], "rotation": [-22.5, 0, 0], "uv": [158, 234]},
						{"origin": [-3, 23.70163, -20.5], "size": [3, 0.59674, 3], "pivot": [-2, 24, -19], "rotation": [-45, 0, 0], "uv": [158, 234]},
						{"origin": [-3, 22.5, -19.29837], "size": [3, 3, 0.59674], "pivot": [-2, 24, -19], "rotation": [22.5, 0, 0], "uv": [158, 234]},
						{"origin": [-3, 22.5, -19.29837], "size": [3, 3, 0.59674], "uv": [158, 234]},
						{"origin": [-3, 22.5, -19.29837], "size": [3, 3, 0.59674], "pivot": [-2, 24, -19], "rotation": [-22.5, 0, 0], "uv": [158, 234]}
					]
				},
				{
					"name": "hexadecagon21",
					"parent": "Cross2",
					"pivot": [-2, 36, -20],
					"rotation": [0, 90, 0],
					"cubes": [
						{"origin": [-4, 36.70163, -20.5], "size": [3, 0.59674, 3], "pivot": [-3, 37, -19], "rotation": [45, 0, 0], "uv": [158, 234]},
						{"origin": [-4, 36.70163, -20.5], "size": [3, 0.59674, 3], "pivot": [-3, 37, -19], "rotation": [22.5, 0, 0], "uv": [158, 234]},
						{"origin": [-4, 36.70163, -20.5], "size": [3, 0.59674, 3], "uv": [158, 234]},
						{"origin": [-4, 36.70163, -20.5], "size": [3, 0.59674, 3], "pivot": [-3, 37, -19], "rotation": [-22.5, 0, 0], "uv": [158, 234]},
						{"origin": [-4, 36.70163, -20.5], "size": [3, 0.59674, 3], "pivot": [-3, 37, -19], "rotation": [-45, 0, 0], "uv": [158, 234]},
						{"origin": [-4, 35.5, -19.29837], "size": [3, 3, 0.59674], "pivot": [-3, 37, -19], "rotation": [22.5, 0, 0], "uv": [158, 234]},
						{"origin": [-4, 35.5, -19.29837], "size": [3, 3, 0.59674], "uv": [158, 234]},
						{"origin": [-4, 35.5, -19.29837], "size": [3, 3, 0.59674], "pivot": [-3, 37, -19], "rotation": [-22.5, 0, 0], "uv": [158, 234]}
					]
				},
				{
					"name": "hexadecagon22",
					"parent": "Cross2",
					"pivot": [-2, 24, -20],
					"rotation": [0, 90, 0],
					"cubes": [
						{"origin": [-4, 24.70163, -20.5], "size": [3, 0.59674, 3], "pivot": [-3, 25, -19], "rotation": [45, 0, 0], "uv": [158, 234]},
						{"origin": [-4, 24.70163, -20.5], "size": [3, 0.59674, 3], "pivot": [-3, 25, -19], "rotation": [22.5, 0, 0], "uv": [158, 234]},
						{"origin": [-4, 24.70163, -20.5], "size": [3, 0.59674, 3], "uv": [158, 234]},
						{"origin": [-4, 24.70163, -20.5], "size": [3, 0.59674, 3], "pivot": [-3, 25, -19], "rotation": [-22.5, 0, 0], "uv": [158, 234]},
						{"origin": [-4, 24.70163, -20.5], "size": [3, 0.59674, 3], "pivot": [-3, 25, -19], "rotation": [-45, 0, 0], "uv": [158, 234]},
						{"origin": [-4, 23.5, -19.29837], "size": [3, 3, 0.59674], "pivot": [-3, 25, -19], "rotation": [22.5, 0, 0], "uv": [158, 234]},
						{"origin": [-4, 23.5, -19.29837], "size": [3, 3, 0.59674], "uv": [158, 234]},
						{"origin": [-4, 23.5, -19.29837], "size": [3, 3, 0.59674], "pivot": [-3, 25, -19], "rotation": [-22.5, 0, 0], "uv": [158, 234]}
					]
				},
				{
					"name": "hexadecagon23",
					"parent": "Cross2",
					"pivot": [0, 36, -20],
					"rotation": [0, 90, 0],
					"cubes": [
						{"origin": [-2, 36.70163, -20.5], "size": [3, 0.59674, 3], "pivot": [-1, 37, -19], "rotation": [45, 0, 0], "uv": [158, 234]},
						{"origin": [-2, 36.70163, -20.5], "size": [3, 0.59674, 3], "pivot": [-1, 37, -19], "rotation": [22.5, 0, 0], "uv": [158, 234]},
						{"origin": [-2, 36.70163, -20.5], "size": [3, 0.59674, 3], "uv": [158, 234]},
						{"origin": [-2, 36.70163, -20.5], "size": [3, 0.59674, 3], "pivot": [-1, 37, -19], "rotation": [-22.5, 0, 0], "uv": [158, 234]},
						{"origin": [-2, 36.70163, -20.5], "size": [3, 0.59674, 3], "pivot": [-1, 37, -19], "rotation": [-45, 0, 0], "uv": [158, 234]},
						{"origin": [-2, 35.5, -19.29837], "size": [3, 3, 0.59674], "pivot": [-1, 37, -19], "rotation": [22.5, 0, 0], "uv": [158, 234]},
						{"origin": [-2, 35.5, -19.29837], "size": [3, 3, 0.59674], "uv": [158, 234]},
						{"origin": [-2, 35.5, -19.29837], "size": [3, 3, 0.59674], "pivot": [-1, 37, -19], "rotation": [-22.5, 0, 0], "uv": [158, 234]}
					]
				},
				{
					"name": "hexadecagon24",
					"parent": "Cross2",
					"pivot": [0, 24, -20],
					"rotation": [0, 90, 0],
					"cubes": [
						{"origin": [-2, 24.70163, -20.5], "size": [3, 0.59674, 3], "pivot": [-1, 25, -19], "rotation": [45, 0, 0], "uv": [158, 234]},
						{"origin": [-2, 24.70163, -20.5], "size": [3, 0.59674, 3], "pivot": [-1, 25, -19], "rotation": [22.5, 0, 0], "uv": [158, 234]},
						{"origin": [-2, 24.70163, -20.5], "size": [3, 0.59674, 3], "uv": [158, 234]},
						{"origin": [-2, 24.70163, -20.5], "size": [3, 0.59674, 3], "pivot": [-1, 25, -19], "rotation": [-22.5, 0, 0], "uv": [158, 234]},
						{"origin": [-2, 24.70163, -20.5], "size": [3, 0.59674, 3], "pivot": [-1, 25, -19], "rotation": [-45, 0, 0], "uv": [158, 234]},
						{"origin": [-2, 23.5, -19.29837], "size": [3, 3, 0.59674], "pivot": [-1, 25, -19], "rotation": [22.5, 0, 0], "uv": [158, 234]},
						{"origin": [-2, 23.5, -19.29837], "size": [3, 3, 0.59674], "uv": [158, 234]},
						{"origin": [-2, 23.5, -19.29837], "size": [3, 3, 0.59674], "pivot": [-1, 25, -19], "rotation": [-22.5, 0, 0], "uv": [158, 234]}
					]
				}
			]
		}
	]
}