{
	"format_version": "1.12.0",
	"minecraft:geometry": [
		{
			"description": {
				"identifier": "geometry.cf_item",
				"texture_width": 128,
				"texture_height": 128,
				"visible_bounds_width": 4,
				"visible_bounds_height": 4.5,
				"visible_bounds_offset": [0, 1.75, 0]
			},
			"bones": [
				{
					"name": "Cross",
					"pivot": [0, 0, 0],
					"cubes": [
						{"origin": [2.5, 17.39782, -11], "size": [4, 3, 16], "pivot": [4, 21, 1], "rotation": [0, 90, 0], "uv": [64, 1]},
						{"origin": [2.5, 15.39782, -3], "size": [4, 3, 18], "pivot": [4, 21, 1], "rotation": [0, 90, 90], "uv": [64, 1]}
					]
				},
				{
					"name": "hexadecagon",
					"parent": "Cross",
					"pivot": [4, 19, 0],
					"rotation": [0, 90, 0],
					"cubes": [
						{"origin": [1.5, 19.39782, -1], "size": [4, 1, 4], "pivot": [3, 20, 1], "rotation": [45, 0, 0], "uv": [64, 1]},
						{"origin": [1.5, 19.39782, -1], "size": [4, 1, 4], "pivot": [3, 20, 1], "rotation": [22.5, 0, 0], "uv": [64, 1]},
						{"origin": [1.5, 19.39782, -1], "size": [4, 1, 4], "uv": [64, 1]},
						{"origin": [1.5, 19.39782, -1], "size": [4, 1, 4], "pivot": [3, 20, 1], "rotation": [-22.5, 0, 0], "uv": [64, 1]},
						{"origin": [1.5, 19.39782, -1], "size": [4, 1, 4], "pivot": [3, 20, 1], "rotation": [-45, 0, 0], "uv": [64, 1]},
						{"origin": [1.5, 18, 0.60218], "size": [4, 4, 0.79565], "pivot": [3, 20, 1], "rotation": [22.5, 0, 0], "uv": [64, 1]},
						{"origin": [1.5, 18, 0.60218], "size": [4, 4, 0.79565], "uv": [64, 1]},
						{"origin": [1.5, 18, 0.60218], "size": [4, 4, 0.79565], "pivot": [3, 20, 1], "rotation": [-22.5, 0, 0], "uv": [64, 1]}
					]
				},
				{
					"name": "hexadecagon2",
					"parent": "Cross",
					"pivot": [4, 17, 0],
					"rotation": [0, 90, 0],
					"cubes": [
						{"origin": [1.5, 17.39782, -1], "size": [4, 1, 4], "pivot": [3, 18, 1], "rotation": [45, 0, 0], "uv": [64, 1]},
						{"origin": [1.5, 17.39782, -1], "size": [4, 1, 4], "pivot": [3, 18, 1], "rotation": [22.5, 0, 0], "uv": [64, 1]},
						{"origin": [1.5, 17.39782, -1], "size": [4, 1, 4], "uv": [64, 1]},
						{"origin": [1.5, 17.39782, -1], "size": [4, 1, 4], "pivot": [3, 18, 1], "rotation": [-22.5, 0, 0], "uv": [64, 1]},
						{"origin": [1.5, 17.39782, -1], "size": [4, 1, 4], "pivot": [3, 18, 1], "rotation": [-45, 0, 0], "uv": [64, 1]},
						{"origin": [1.5, 16, 0.60218], "size": [4, 4, 0.79565], "pivot": [3, 18, 1], "rotation": [22.5, 0, 0], "uv": [64, 1]},
						{"origin": [1.5, 16, 0.60218], "size": [4, 4, 0.79565], "uv": [64, 1]},
						{"origin": [1.5, 16, 0.60218], "size": [4, 4, 0.79565], "pivot": [3, 18, 1], "rotation": [-22.5, 0, 0], "uv": [64, 1]}
					]
				},
				{
					"name": "hexadecagon3",
					"parent": "Cross",
					"pivot": [6, 18, 0],
					"rotation": [0, 90, 0],
					"cubes": [
						{"origin": [3.5, 18.39782, -1], "size": [4, 1, 4], "pivot": [5, 19, 1], "rotation": [45, 0, 0], "uv": [64, 1]},
						{"origin": [3.5, 18.39782, -1], "size": [4, 1, 4], "pivot": [5, 19, 1], "rotation": [22.5, 0, 0], "uv": [64, 1]},
						{"origin": [3.5, 18.39782, -1], "size": [4, 1, 4], "uv": [64, 1]},
						{"origin": [3.5, 18.39782, -1], "size": [4, 1, 4], "pivot": [5, 19, 1], "rotation": [-22.5, 0, 0], "uv": [64, 1]},
						{"origin": [3.5, 18.39782, -1], "size": [4, 1, 4], "pivot": [5, 19, 1], "rotation": [-45, 0, 0], "uv": [64, 1]},
						{"origin": [3.5, 17, 0.60218], "size": [4, 4, 0.79565], "pivot": [5, 19, 1], "rotation": [22.5, 0, 0], "uv": [64, 1]},
						{"origin": [3.5, 17, 0.60218], "size": [4, 4, 0.79565], "uv": [64, 1]},
						{"origin": [3.5, 17, 0.60218], "size": [4, 4, 0.79565], "pivot": [5, 19, 1], "rotation": [-22.5, 0, 0], "uv": [64, 1]}
					]
				},
				{
					"name": "hexadecagon4",
					"parent": "Cross",
					"pivot": [-8, 18, 0],
					"rotation": [0, 90, 0],
					"cubes": [
						{"origin": [-10.5, 18.39782, -1], "size": [4, 1, 4], "pivot": [-9, 19, 1], "rotation": [45, 0, 0], "uv": [64, 1]},
						{"origin": [-10.5, 18.39782, -1], "size": [4, 1, 4], "pivot": [-9, 19, 1], "rotation": [22.5, 0, 0], "uv": [64, 1]},
						{"origin": [-10.5, 18.39782, -1], "size": [4, 1, 4], "uv": [64, 1]},
						{"origin": [-10.5, 18.39782, -1], "size": [4, 1, 4], "pivot": [-9, 19, 1], "rotation": [-22.5, 0, 0], "uv": [64, 1]},
						{"origin": [-10.5, 18.39782, -1], "size": [4, 1, 4], "pivot": [-9, 19, 1], "rotation": [-45, 0, 0], "uv": [64, 1]},
						{"origin": [-10.5, 17, 0.60218], "size": [4, 4, 0.79565], "pivot": [-9, 19, 1], "rotation": [22.5, 0, 0], "uv": [64, 1]},
						{"origin": [-10.5, 17, 0.60218], "size": [4, 4, 0.79565], "uv": [64, 1]},
						{"origin": [-10.5, 17, 0.60218], "size": [4, 4, 0.79565], "pivot": [-9, 19, 1], "rotation": [-22.5, 0, 0], "uv": [64, 1]}
					]
				},
				{
					"name": "hexadecagon5",
					"parent": "Cross",
					"pivot": [-6, 19, 0],
					"rotation": [0, 90, 0],
					"cubes": [
						{"origin": [-8.5, 19.39782, -1], "size": [4, 1, 4], "pivot": [-7, 20, 1], "rotation": [45, 0, 0], "uv": [64, 1]},
						{"origin": [-8.5, 19.39782, -1], "size": [4, 1, 4], "pivot": [-7, 20, 1], "rotation": [22.5, 0, 0], "uv": [64, 1]},
						{"origin": [-8.5, 19.39782, -1], "size": [4, 1, 4], "uv": [64, 1]},
						{"origin": [-8.5, 19.39782, -1], "size": [4, 1, 4], "pivot": [-7, 20, 1], "rotation": [-22.5, 0, 0], "uv": [64, 1]},
						{"origin": [-8.5, 19.39782, -1], "size": [4, 1, 4], "pivot": [-7, 20, 1], "rotation": [-45, 0, 0], "uv": [64, 1]},
						{"origin": [-8.5, 18, 0.60218], "size": [4, 4, 0.79565], "pivot": [-7, 20, 1], "rotation": [22.5, 0, 0], "uv": [64, 1]},
						{"origin": [-8.5, 18, 0.60218], "size": [4, 4, 0.79565], "uv": [64, 1]},
						{"origin": [-8.5, 18, 0.60218], "size": [4, 4, 0.79565], "pivot": [-7, 20, 1], "rotation": [-22.5, 0, 0], "uv": [64, 1]}
					]
				},
				{
					"name": "hexadecagon6",
					"parent": "Cross",
					"pivot": [-6, 17, 0],
					"rotation": [0, 90, 0],
					"cubes": [
						{"origin": [-8.5, 17.39782, -1], "size": [4, 1, 4], "pivot": [-7, 18, 1], "rotation": [45, 0, 0], "uv": [64, 1]},
						{"origin": [-8.5, 17.39782, -1], "size": [4, 1, 4], "pivot": [-7, 18, 1], "rotation": [22.5, 0, 0], "uv": [64, 1]},
						{"origin": [-8.5, 17.39782, -1], "size": [4, 1, 4], "uv": [64, 1]},
						{"origin": [-8.5, 17.39782, -1], "size": [4, 1, 4], "pivot": [-7, 18, 1], "rotation": [-22.5, 0, 0], "uv": [64, 1]},
						{"origin": [-8.5, 17.39782, -1], "size": [4, 1, 4], "pivot": [-7, 18, 1], "rotation": [-45, 0, 0], "uv": [64, 1]},
						{"origin": [-8.5, 16, 0.60218], "size": [4, 4, 0.79565], "pivot": [-7, 18, 1], "rotation": [22.5, 0, 0], "uv": [64, 1]},
						{"origin": [-8.5, 16, 0.60218], "size": [4, 4, 0.79565], "uv": [64, 1]},
						{"origin": [-8.5, 16, 0.60218], "size": [4, 4, 0.79565], "pivot": [-7, 18, 1], "rotation": [-22.5, 0, 0], "uv": [64, 1]}
					]
				},
				{
					"name": "hexadecagon7",
					"parent": "Cross",
					"pivot": [-2, 8, 0],
					"rotation": [0, 90, 0],
					"cubes": [
						{"origin": [-4.5, 8.39782, -1], "size": [4, 1, 4], "pivot": [-3, 9, 1], "rotation": [45, 0, 0], "uv": [64, 1]},
						{"origin": [-4.5, 8.39782, -1], "size": [4, 1, 4], "pivot": [-3, 9, 1], "rotation": [22.5, 0, 0], "uv": [64, 1]},
						{"origin": [-4.5, 8.39782, -1], "size": [4, 1, 4], "uv": [64, 1]},
						{"origin": [-4.5, 8.39782, -1], "size": [4, 1, 4], "pivot": [-3, 9, 1], "rotation": [-22.5, 0, 0], "uv": [64, 1]},
						{"origin": [-4.5, 8.39782, -1], "size": [4, 1, 4], "pivot": [-3, 9, 1], "rotation": [-45, 0, 0], "uv": [64, 1]},
						{"origin": [-4.5, 7, 0.60218], "size": [4, 4, 0.79565], "pivot": [-3, 9, 1], "rotation": [22.5, 0, 0], "uv": [64, 1]},
						{"origin": [-4.5, 7, 0.60218], "size": [4, 4, 0.79565], "uv": [64, 1]},
						{"origin": [-4.5, 7, 0.60218], "size": [4, 4, 0.79565], "pivot": [-3, 9, 1], "rotation": [-22.5, 0, 0], "uv": [64, 1]}
					]
				},
				{
					"name": "hexadecagon8",
					"parent": "Cross",
					"pivot": [0, 8, 0],
					"rotation": [0, 90, 0],
					"cubes": [
						{"origin": [-2.5, 8.39782, -1], "size": [4, 1, 4], "pivot": [-1, 9, 1], "rotation": [45, 0, 0], "uv": [64, 1]},
						{"origin": [-2.5, 8.39782, -1], "size": [4, 1, 4], "pivot": [-1, 9, 1], "rotation": [22.5, 0, 0], "uv": [64, 1]},
						{"origin": [-2.5, 8.39782, -1], "size": [4, 1, 4], "uv": [64, 1]},
						{"origin": [-2.5, 8.39782, -1], "size": [4, 1, 4], "pivot": [-1, 9, 1], "rotation": [-22.5, 0, 0], "uv": [64, 1]},
						{"origin": [-2.5, 8.39782, -1], "size": [4, 1, 4], "pivot": [-1, 9, 1], "rotation": [-45, 0, 0], "uv": [64, 1]},
						{"origin": [-2.5, 7, 0.60218], "size": [4, 4, 0.79565], "pivot": [-1, 9, 1], "rotation": [22.5, 0, 0], "uv": [64, 1]},
						{"origin": [-2.5, 7, 0.60218], "size": [4, 4, 0.79565], "uv": [64, 1]},
						{"origin": [-2.5, 7, 0.60218], "size": [4, 4, 0.79565], "pivot": [-1, 9, 1], "rotation": [-22.5, 0, 0], "uv": [64, 1]}
					]
				},
				{
					"name": "hexadecagon9",
					"parent": "Cross",
					"pivot": [-1, 7, 0],
					"rotation": [0, 90, 0],
					"cubes": [
						{"origin": [-3.5, 7.39782, -1], "size": [4, 1, 4], "pivot": [-2, 8, 1], "rotation": [45, 0, 0], "uv": [64, 1]},
						{"origin": [-3.5, 7.39782, -1], "size": [4, 1, 4], "pivot": [-2, 8, 1], "rotation": [22.5, 0, 0], "uv": [64, 1]},
						{"origin": [-3.5, 7.39782, -1], "size": [4, 1, 4], "uv": [64, 1]},
						{"origin": [-3.5, 7.39782, -1], "size": [4, 1, 4], "pivot": [-2, 8, 1], "rotation": [-22.5, 0, 0], "uv": [64, 1]},
						{"origin": [-3.5, 7.39782, -1], "size": [4, 1, 4], "pivot": [-2, 8, 1], "rotation": [-45, 0, 0], "uv": [64, 1]},
						{"origin": [-3.5, 6, 0.60218], "size": [4, 4, 0.79565], "pivot": [-2, 8, 1], "rotation": [22.5, 0, 0], "uv": [64, 1]},
						{"origin": [-3.5, 6, 0.60218], "size": [4, 4, 0.79565], "uv": [64, 1]},
						{"origin": [-3.5, 6, 0.60218], "size": [4, 4, 0.79565], "pivot": [-2, 8, 1], "rotation": [-22.5, 0, 0], "uv": [64, 1]}
					]
				},
				{
					"name": "hexadecagon10",
					"parent": "Cross",
					"pivot": [-1, 24, 0],
					"rotation": [0, 90, 0],
					"cubes": [
						{"origin": [-3.5, 24.39782, -1], "size": [4, 1, 4], "pivot": [-2, 25, 1], "rotation": [45, 0, 0], "uv": [64, 1]},
						{"origin": [-3.5, 24.39782, -1], "size": [4, 1, 4], "pivot": [-2, 25, 1], "rotation": [22.5, 0, 0], "uv": [64, 1]},
						{"origin": [-3.5, 24.39782, -1], "size": [4, 1, 4], "uv": [64, 1]},
						{"origin": [-3.5, 24.39782, -1], "size": [4, 1, 4], "pivot": [-2, 25, 1], "rotation": [-22.5, 0, 0], "uv": [64, 1]},
						{"origin": [-3.5, 24.39782, -1], "size": [4, 1, 4], "pivot": [-2, 25, 1], "rotation": [-45, 0, 0], "uv": [64, 1]},
						{"origin": [-3.5, 23, 0.60218], "size": [4, 4, 0.79565], "pivot": [-2, 25, 1], "rotation": [22.5, 0, 0], "uv": [64, 1]},
						{"origin": [-3.5, 23, 0.60218], "size": [4, 4, 0.79565], "uv": [64, 1]},
						{"origin": [-3.5, 23, 0.60218], "size": [4, 4, 0.79565], "pivot": [-2, 25, 1], "rotation": [-22.5, 0, 0], "uv": [64, 1]}
					]
				},
				{
					"name": "hexadecagon11",
					"parent": "Cross",
					"pivot": [-2, 23, 0],
					"rotation": [0, 90, 0],
					"cubes": [
						{"origin": [-4.5, 23.39782, -1], "size": [4, 1, 4], "pivot": [-3, 24, 1], "rotation": [45, 0, 0], "uv": [64, 1]},
						{"origin": [-4.5, 23.39782, -1], "size": [4, 1, 4], "pivot": [-3, 24, 1], "rotation": [22.5, 0, 0], "uv": [64, 1]},
						{"origin": [-4.5, 23.39782, -1], "size": [4, 1, 4], "uv": [64, 1]},
						{"origin": [-4.5, 23.39782, -1], "size": [4, 1, 4], "pivot": [-3, 24, 1], "rotation": [-22.5, 0, 0], "uv": [64, 1]},
						{"origin": [-4.5, 23.39782, -1], "size": [4, 1, 4], "pivot": [-3, 24, 1], "rotation": [-45, 0, 0], "uv": [64, 1]},
						{"origin": [-4.5, 22, 0.60218], "size": [4, 4, 0.79565], "pivot": [-3, 24, 1], "rotation": [22.5, 0, 0], "uv": [64, 1]},
						{"origin": [-4.5, 22, 0.60218], "size": [4, 4, 0.79565], "uv": [64, 1]},
						{"origin": [-4.5, 22, 0.60218], "size": [4, 4, 0.79565], "pivot": [-3, 24, 1], "rotation": [-22.5, 0, 0], "uv": [64, 1]}
					]
				},
				{
					"name": "hexadecagon12",
					"parent": "Cross",
					"pivot": [0, 23, 0],
					"rotation": [0, 90, 0],
					"cubes": [
						{"origin": [-2.5, 23.39782, -1], "size": [4, 1, 4], "pivot": [-1, 24, 1], "rotation": [45, 0, 0], "uv": [64, 1]},
						{"origin": [-2.5, 23.39782, -1], "size": [4, 1, 4], "pivot": [-1, 24, 1], "rotation": [22.5, 0, 0], "uv": [64, 1]},
						{"origin": [-2.5, 23.39782, -1], "size": [4, 1, 4], "uv": [64, 1]},
						{"origin": [-2.5, 23.39782, -1], "size": [4, 1, 4], "pivot": [-1, 24, 1], "rotation": [-22.5, 0, 0], "uv": [64, 1]},
						{"origin": [-2.5, 23.39782, -1], "size": [4, 1, 4], "pivot": [-1, 24, 1], "rotation": [-45, 0, 0], "uv": [64, 1]},
						{"origin": [-2.5, 22, 0.60218], "size": [4, 4, 0.79565], "pivot": [-1, 24, 1], "rotation": [22.5, 0, 0], "uv": [64, 1]},
						{"origin": [-2.5, 22, 0.60218], "size": [4, 4, 0.79565], "uv": [64, 1]},
						{"origin": [-2.5, 22, 0.60218], "size": [4, 4, 0.79565], "pivot": [-1, 24, 1], "rotation": [-22.5, 0, 0], "uv": [64, 1]}
					]
				}
			]
		}
	]
}