{
	"format_version": "1.12.0",
	"minecraft:geometry": [
		{
			"description": {
				"identifier": "geometry.figure",
				"texture_width": 128,
				"texture_height": 128,
				"visible_bounds_width": 6,
				"visible_bounds_height": 4.5,
				"visible_bounds_offset": [0, 1.75, 0]
			},
			"bones": [
				{
					"name": "all",
					"pivot": [0, 0, 0]
				},
				{
					"name": "Body",
					"parent": "all",
					"pivot": [0, 29, 0],
					"cubes": [
						{"origin": [-4, 29, -3], "size": [8, 8, 6], "uv": [0, 16]}
					]
				},
				{
					"name": "Body2",
					"parent": "Body",
					"pivot": [0, 37, 0],
					"cubes": [
						{"origin": [-4, 35, -3], "size": [8, 9, 6], "inflate": 0.8, "uv": [22, 24]},
						{"origin": [1, 37, -3.9], "size": [4, 7, 0], "pivot": [5, 41, -4], "rotation": [0, -7.5, 0], "uv": [24, 0]},
						{"origin": [1, 35, -3.9], "size": [4, 3, 0], "pivot": [5, 41, -4], "rotation": [0, -7.5, 0], "uv": [24, 0]},
						{"origin": [1, 37, -3.9], "size": [4, 7, 0], "pivot": [5, 41, -4], "rotation": [0, -7.5, 0], "uv": [24, 0]},
						{"origin": [-5, 37, -3.9], "size": [4, 7, 0], "pivot": [-5, 41, -4], "rotation": [0, 7.5, 0], "uv": [0, 0]},
						{"origin": [-5, 35, -3.9], "size": [4, 3, 0], "pivot": [-5, 41, -4], "rotation": [0, 7.5, 0], "uv": [0, 0]}
					]
				},
				{
					"name": "Head",
					"parent": "Body2",
					"pivot": [0, 45, 0],
					"cubes": [
						{"origin": [-5, 46.8, -4], "size": [10, 9, 8], "uv": [0, 0]},
						{"origin": [-2, 45, -2], "size": [4, 2, 4], "uv": [0, 37]}
					],
					"locators": {
						"light": [0, 48.8, -3]
					}
				},
				{
					"name": "Arm",
					"parent": "Body2",
					"pivot": [-6, 43, 0],
					"cubes": [
						{"origin": [-8, 33, -2], "size": [4, 12, 4], "inflate": -0.3, "uv": [16, 56]}
					]
				},
				{
					"name": "Arm2",
					"parent": "Arm",
					"pivot": [-6, 33, 0],
					"cubes": [
						{"origin": [-8, 22, -2], "size": [4, 12, 4], "inflate": -0.3, "uv": [50, 16]}
					]
				},
				{
					"name": "Arm3",
					"parent": "Arm2",
					"pivot": [-6, 22, 0],
					"cubes": [
						{"origin": [-8, 11, -2], "size": [4, 12, 4], "inflate": -0.3, "uv": [48, 49]}
					]
				},
				{
					"name": "Hand",
					"parent": "Arm3",
					"pivot": [-6, 11, 0],
					"cubes": [
						{"origin": [-9, 8, -2], "size": [5, 5, 4], "inflate": -0.25, "pivot": [-6, 11, 0], "rotation": [0, 0, -45], "uv": [60, 61]}
					]
				},
				{
					"name": "Arm4",
					"parent": "Body2",
					"pivot": [6, 43, 0],
					"cubes": [
						{"origin": [4, 33, -2], "size": [4, 12, 4], "inflate": -0.3, "uv": [0, 49]}
					]
				},
				{
					"name": "Arm5",
					"parent": "Arm4",
					"pivot": [6, 33, 0],
					"cubes": [
						{"origin": [4, 22, -2], "size": [4, 12, 4], "inflate": -0.3, "uv": [48, 33]}
					]
				},
				{
					"name": "Arm6",
					"parent": "Arm5",
					"pivot": [6, 22, 0],
					"cubes": [
						{"origin": [4, 11, -2], "size": [4, 12, 4], "inflate": -0.3, "uv": [48, 0]}
					]
				},
				{
					"name": "Hand2",
					"parent": "Arm6",
					"pivot": [6, 11, 0],
					"cubes": [
						{"origin": [3, 8, -2], "size": [5, 5, 4], "inflate": -0.25, "pivot": [6, 11, 0], "rotation": [0, 0, -45], "uv": [32, 61]}
					]
				},
				{
					"name": "Rightleg",
					"parent": "all",
					"pivot": [-2, 29, 0],
					"cubes": [
						{"origin": [-4, 15, -2], "size": [4, 15, 4], "inflate": -0.3, "uv": [32, 37]}
					]
				},
				{
					"name": "Rightleg2",
					"parent": "Rightleg",
					"pivot": [-2, 15, 0],
					"cubes": [
						{"origin": [-4, 1, -2], "size": [4, 15, 4], "inflate": -0.3, "uv": [16, 37]}
					]
				},
				{
					"name": "Foot",
					"parent": "Rightleg2",
					"pivot": [-2, 2, 0],
					"cubes": [
						{"origin": [-4, 0, -2], "size": [4, 2, 4], "uv": [62, 12]}
					]
				},
				{
					"name": "Leftleg",
					"parent": "all",
					"pivot": [2, 29, 0],
					"cubes": [
						{"origin": [0, 15, -2], "size": [4, 15, 4], "inflate": -0.3, "uv": [32, 0]}
					]
				},
				{
					"name": "Leftleg2",
					"parent": "Leftleg",
					"pivot": [2, 15, 0],
					"cubes": [
						{"origin": [0, 1, -2], "size": [4, 15, 4], "inflate": -0.3, "uv": [0, 30]}
					]
				},
				{
					"name": "Foot2",
					"parent": "Leftleg2",
					"pivot": [2, 2, 0],
					"cubes": [
						{"origin": [0, 0, -2], "size": [4, 2, 4], "uv": [60, 45]}
					]
				}
			]
		}
	]
}