{
	"format_version": "1.12.0",
	"minecraft:geometry": [
		{
			"description": {
				"identifier": "geometry.glitch",
				"texture_width": 128,
				"texture_height": 128,
				"visible_bounds_width": 4,
				"visible_bounds_height": 4,
				"visible_bounds_offset": [0, 1, 0]
			},
			"bones": [
				{
					"name": "All",
					"pivot": [0, 0, 0],
					"locators": {
						"glitch": [0, 19, 2]
					}
				},
				{
					"name": "Body",
					"parent": "All",
					"pivot": [0, 16.00107, -0.10868],
					"cubes": [
						{"origin": [-4, 25.00428, -2.43474], "size": [8, 5, 5], "inflate": -0.1, "pivot": [0, 27.50428, 0.06526], "rotation": [7.5, 0, 0], "uv": [23, 21]},
						{"origin": [-1.5, 26, -2], "size": [3, 4, 4], "inflate": 0.35, "pivot": [0, 23, 0], "rotation": [0, 0, -27.5], "uv": [0, 56]},
						{"origin": [-3, 16, -1.5], "size": [6, 2, 4], "uv": [48, 27]},
						{"origin": [-3.5, 17, -2], "size": [7, 9, 4], "uv": [0, 26]},
						{"origin": [0.5, 20, -2], "size": [4, 4, 4], "inflate": 0.2, "pivot": [0, 23, 0], "rotation": [0, 0, -27.5], "uv": [48, 49]},
						{"origin": [0.5, 20, -2], "size": [4, 4, 4], "inflate": 0.2, "pivot": [0, 23, 0], "rotation": [0, 0, -27.5], "uv": [48, 49]},
						{"origin": [-1.5, 28, -2], "size": [3, 3, 3], "uv": [36, 56]}
					]
				},
				{
					"name": "Head",
					"parent": "Body",
					"pivot": [0, 30, 0],
					"cubes": [
						{"origin": [-4, 30, -4], "size": [8, 8, 8], "uv": [0, 0]},
						{"origin": [7, 33, -4], "size": [6, 2, 8], "inflate": 0.35, "pivot": [-1, 7, 0], "rotation": [0, 0, -22.5], "uv": [0, 16]}
					]
				},
				{
					"name": "Rightarm",
					"parent": "Body",
					"pivot": [-4.5, 29, 0],
					"cubes": [
						{"origin": [-7, 22, -2], "size": [3, 8, 4], "uv": [12, 48]}
					]
				},
				{
					"name": "bone",
					"parent": "Rightarm",
					"pivot": [-5.5, 21.5, 0],
					"cubes": [
						{"origin": [-7, 9, -2], "size": [3, 13, 4], "uv": [32, 0]},
						{"origin": [-3, 17, -2], "size": [3, 2, 4], "inflate": 0.35, "pivot": [-1, 7, 0], "rotation": [0, 0, -22.5], "uv": [56, 8]}
					]
				},
				{
					"name": "Leftarm",
					"parent": "Body",
					"pivot": [4.5, 29, 0],
					"cubes": [
						{"origin": [4, 22, -2], "size": [3, 8, 4], "uv": [46, 0]},
						{"origin": [3.64454, 24.04895, -2], "size": [3, 2, 4], "inflate": 0.35, "pivot": [6, 25, 0], "rotation": [-1.88749, -1.10501, 27.22383], "uv": [52, 33]}
					]
				},
				{
					"name": "bone4",
					"parent": "Leftarm",
					"pivot": [5.5, 21.5, 0],
					"cubes": [
						{"origin": [4, 9, -2], "size": [3, 13, 4], "uv": [22, 31]}
					]
				},
				{
					"name": "Rightleg",
					"parent": "All",
					"pivot": [-2, 16, 0],
					"cubes": [
						{"origin": [-4, 9, -2], "size": [4, 8, 4], "uv": [32, 44]}
					]
				},
				{
					"name": "bone2",
					"parent": "Rightleg",
					"pivot": [-2, 8.5, 0],
					"cubes": [
						{"origin": [-4, 6, -2], "size": [3, 2, 4], "inflate": 0.35, "pivot": [-1, 7, 0], "rotation": [0, 0, -22.5], "uv": [22, 56]},
						{"origin": [-4, 0, -2], "size": [4, 9, 4], "uv": [36, 31]}
					]
				},
				{
					"name": "Leftleg",
					"parent": "All",
					"pivot": [2, 16, 0],
					"cubes": [
						{"origin": [0, 9, -2], "size": [4, 8, 4], "uv": [44, 13]},
						{"origin": [0, 10, -4], "size": [4, 5, 4], "inflate": -0.3, "pivot": [0, 11, 0], "rotation": [0, -27.5, 0], "uv": [48, 40]}
					]
				},
				{
					"name": "bone3",
					"parent": "Leftleg",
					"pivot": [2, 8.5, 0],
					"cubes": [
						{"origin": [0, 0, -2], "size": [4, 9, 4], "uv": [0, 39]},
						{"origin": [1.68717, 3.45461, -2], "size": [3, 2, 4], "inflate": 0.35, "pivot": [3, 6, 0], "rotation": [0, 0, 27.5], "uv": [56, 21]},
						{"origin": [1, 8.5, -1], "size": [2, 2, 2], "uv": [0, 4]},
						{"origin": [1, 8.5, -1], "size": [2, 2, 2], "uv": [0, 0]}
					]
				}
			]
		}
	]
}