{"format_version":"1.12.0","minecraft:geometry":[{"bones":[{"name":"Root","pivot":[0,0,0]},{"cubes":[{"origin":[-6,5,-6],"size":[12,20,12],"uv":[0,0]},{"inflate":-0.3,"origin":[-6,24,-6],"size":[12,2,12],"uv":[36,19]},{"inflate":-0.6,"origin":[-6,25,-6],"size":[12,2,12],"uv":[0,31]}],"locators":{"halt":[0,14,0]},"name":"Halt","parent":"Root","pivot":[0,14,0]},{"cubes":[{"origin":[-4.5,17.5,-7],"size":[3,3,0],"uv":[0,3]}],"name":"Eye","parent":"All","pivot":[-3,19,-6]},{"cubes":[{"origin":[1.5,17.5,-7],"size":[3,3,0],"uv":[0,0]}],"name":"Eye2","parent":"All","pivot":[3,19,-7]}],"description":{"identifier":"geometry.halt","texture_height":128,"texture_width":128,"visible_bounds_height":3.5,"visible_bounds_offset":[0,1.25,0],"visible_bounds_width":2}}]}