{
	"format_version": "1.12.0",
	"minecraft:geometry": [
		{
			"description": {
				"identifier": "geometry.rush",
				"texture_width": 32,
				"texture_height": 32,
				"visible_bounds_width": 6,
				"visible_bounds_height": 4,
				"visible_bounds_offset": [0, 1, 0]
			},
			"bones": [
				{
					"name": "Root",
					"pivot": [0, 0, 0],
					"cubes": [
						{"origin": [-8, 0, 0], "size": [16, 16, 0], "uv": [0, 0]}
					],
					"locators": {
						"rush": [0, 3, 0]
					}
				},
				{
					"name": "Smoke",
					"parent": "Root",
					"pivot": [0, 8, 0],
					"cubes": [
						{"origin": [-9, 9, 0.1], "size": [17, 20, 0], "pivot": [0, 8, 0], "rotation": [0, 0, 5], "uv": [0, 16]},
						{"origin": [-8, 12, 0.1], "size": [6, 17, 0], "pivot": [0, 8, 0], "rotation": [0, 0, -15], "uv": [0, 16]},
						{"origin": [-9, 9, 0.1], "size": [18, 20, 0], "pivot": [0, 8, 0], "rotation": [0, 0, -172.5], "uv": [0, 16]},
						{"origin": [-10, 9, 0.1], "size": [19, 20, 0], "pivot": [0, 8, 0], "rotation": [0, 0, 130], "uv": [0, 16]},
						{"origin": [-6, 9, 0.1], "size": [15, 20, 0], "pivot": [0, 8, 0], "rotation": [0, 0, -115], "uv": [0, 16]},
						{"origin": [-10, 9, 0.1], "size": [18, 22, 0], "pivot": [0, 8, 0], "rotation": [0, 0, -55], "uv": [0, 16]},
						{"origin": [-12, 9, 0.1], "size": [22, 23, 0], "pivot": [0, 8, 0], "rotation": [-1.43944, -0.57126, 71.40919], "uv": [0, 16]}
					]
				}
			]
		}
	]
}