{
	"format_version": "1.12.0",
	"minecraft:geometry": [
		{
			"description": {
				"identifier": "geometry.screech",
				"texture_width": 64,
				"texture_height": 64,
				"visible_bounds_width": 3,
				"visible_bounds_height": 3.5,
				"visible_bounds_offset": [0, 1.25, 0]
			},
			"bones": [
				{
					"name": "Root",
					"pivot": [0, 0, 0]
				},
				{
					"name": "head",
					"parent": "Root",
					"pivot": [0, 16, 0],
					"cubes": [
						{"origin": [-3, 16, -2], "size": [6, 4, 4], "uv": [0, 0]},
						{"origin": [-3, 15, -2], "size": [6, 2, 4], "inflate": -0.15, "uv": [16, 4]},
						{"origin": [-2.5, 17, -2.5], "size": [2, 2, 2], "inflate": -0.15, "uv": [24, 0]},
						{"origin": [3, 14, -2], "size": [0, 6, 4], "uv": [33, -4]},
						{"origin": [-3, 14, -2], "size": [0, 6, 4], "uv": [33, -4]},
						{"origin": [3, 14, -2], "size": [0, 6, 4], "uv": [33, -4]},
						{"origin": [0.5, 17, -2.5], "size": [2, 2, 2], "inflate": -0.15, "uv": [16, 0]}
					]
				},
				{
					"name": "mouth",
					"parent": "head",
					"pivot": [1, 16, 2],
					"cubes": [
						{"origin": [-3, 14, -2], "size": [6, 2, 4], "uv": [0, 14]},
						{"origin": [-3, 15, -2], "size": [6, 2, 4], "inflate": -0.15, "uv": [0, 8]}
					]
				},
				{
					"name": "tentacles",
					"parent": "head",
					"pivot": [0, 17, 2]
				},
				{
					"name": "bone",
					"parent": "tentacles",
					"pivot": [-2, 20, 1],
					"rotation": [0, 0, -20],
					"cubes": [
						{"origin": [-3, 19, 0], "size": [2, 4, 2], "inflate": -0.2, "uv": [16, 30]}
					]
				},
				{
					"name": "bone2",
					"parent": "bone",
					"pivot": [-2, 23, 1],
					"rotation": [0, 0, 17.5],
					"cubes": [
						{"origin": [-3, 22, 0], "size": [2, 4, 2], "inflate": -0.3, "uv": [28, 28]}
					]
				},
				{
					"name": "bone3",
					"parent": "tentacles",
					"pivot": [2, 20, 1],
					"rotation": [0, 0, 20],
					"cubes": [
						{"origin": [1, 19, 0], "size": [2, 4, 2], "inflate": -0.2, "uv": [8, 28]}
					]
				},
				{
					"name": "bone4",
					"parent": "bone3",
					"pivot": [2, 23, 1],
					"rotation": [0, 0, -12.5],
					"cubes": [
						{"origin": [1, 22, 0], "size": [2, 4, 2], "inflate": -0.3, "uv": [26, 16]}
					]
				},
				{
					"name": "bone5",
					"parent": "tentacles",
					"pivot": [-2, 14, 1],
					"rotation": [0, 0, -160],
					"cubes": [
						{"origin": [-3, 13, 0], "size": [2, 4, 2], "inflate": -0.2, "uv": [26, 10]}
					]
				},
				{
					"name": "bone6",
					"parent": "bone5",
					"pivot": [-2, 17, 1],
					"rotation": [0, 0, -17.5],
					"cubes": [
						{"origin": [-3, 16, 0], "size": [2, 4, 2], "inflate": -0.3, "uv": [0, 26]}
					]
				},
				{
					"name": "bone7",
					"parent": "tentacles",
					"pivot": [2, 14, 1],
					"rotation": [0, 0, 160],
					"cubes": [
						{"origin": [1, 13, 0], "size": [2, 4, 2], "inflate": -0.2, "uv": [22, 24]}
					]
				},
				{
					"name": "bone8",
					"parent": "bone7",
					"pivot": [2, 17, 1],
					"rotation": [0, 0, -20],
					"cubes": [
						{"origin": [1, 16, 0], "size": [2, 4, 2], "inflate": -0.3, "uv": [14, 24]}
					]
				},
				{
					"name": "bone9",
					"parent": "tentacles",
					"pivot": [-3, 17, 1],
					"rotation": [0, 0, -80],
					"cubes": [
						{"origin": [-4, 16, 0], "size": [2, 4, 2], "inflate": -0.2, "uv": [8, 20]}
					]
				},
				{
					"name": "bone10",
					"parent": "bone9",
					"pivot": [-3, 20, 1],
					"rotation": [1.34478, 1.32817, -10.12756],
					"cubes": [
						{"origin": [-4, 19, 0], "size": [2, 4, 2], "inflate": -0.3, "uv": [0, 20]}
					]
				},
				{
					"name": "bone11",
					"parent": "tentacles",
					"pivot": [3, 17, 1],
					"rotation": [0, 0, 97.5],
					"cubes": [
						{"origin": [2, 16, 0], "size": [2, 4, 2], "inflate": -0.2, "uv": [18, 18]}
					]
				},
				{
					"name": "bone12",
					"parent": "bone11",
					"pivot": [3, 20, 1],
					"rotation": [0, 0, 22.5],
					"cubes": [
						{"origin": [2, 19, 0], "size": [2, 4, 2], "inflate": -0.3, "uv": [18, 12]}
					]
				}
			]
		}
	]
}