{
	"format_version": "1.12.0",
	"minecraft:geometry": [
		{
			"description": {
				"identifier": "geometry.seek",
				"texture_width": 128,
				"texture_height": 128,
				"visible_bounds_width": 4,
				"visible_bounds_height": 4,
				"visible_bounds_offset": [0, 1, 0]
			},
			"bones": [
				{
					"name": "All",
					"pivot": [0, 0, 0]
				},
				{
					"name": "Body",
					"parent": "All",
					"pivot": [0, 16.00107, -0.10868],
					"cubes": [
						{"origin": [-4, 25.00428, -2.43474], "size": [8, 5, 5], "pivot": [0, 27.50428, 0.06526], "rotation": [7.5, 0, 0], "uv": [0, 16]},
						{"origin": [-3, 16, -1.5], "size": [6, 2, 4], "uv": [46, 38]},
						{"origin": [-3.5, 17, -2], "size": [7, 9, 4], "uv": [22, 22]},
						{"origin": [-1.5, 28, -2], "size": [3, 3, 3], "uv": [16, 48]}
					]
				},
				{
					"name": "Head",
					"parent": "Body",
					"pivot": [0, 30, 0],
					"cubes": [
						{"origin": [-4, 30, -4], "size": [8, 8, 8], "uv": [0, 0]},
						{"origin": [-3.4096, 30.6928, -31.1024], "size": [6.8192, 6.6144, 2.2048], "pivot": [0, 35, -17], "rotation": [0, 180, 0], "uv": [108, 118.1808]}
					]
				},
				{
					"name": "Rightarm",
					"parent": "Body",
					"pivot": [-4.5, 29, 0],
					"cubes": [
						{"origin": [-7, 22, -2], "size": [3, 8, 4], "uv": [46, 0]}
					]
				},
				{
					"name": "bone",
					"parent": "Rightarm",
					"pivot": [-5.5, 21.5, 0],
					"cubes": [
						{"origin": [-7, 9, -2], "size": [3, 13, 4], "uv": [32, 0]}
					]
				},
				{
					"name": "Leftarm",
					"parent": "Body",
					"pivot": [4.5, 29, 0],
					"cubes": [
						{"origin": [4, 22, -2], "size": [3, 8, 4], "uv": [42, 44]}
					]
				},
				{
					"name": "bone4",
					"parent": "Leftarm",
					"pivot": [5.5, 21.5, 0],
					"cubes": [
						{"origin": [4, 9, -2], "size": [3, 13, 4], "uv": [0, 26]}
					]
				},
				{
					"name": "Rightleg",
					"parent": "All",
					"pivot": [-2, 16, 0],
					"cubes": [
						{"origin": [-4, 9, -2], "size": [4, 8, 4], "uv": [44, 26]}
					]
				},
				{
					"name": "bone2",
					"parent": "Rightleg",
					"pivot": [-2, 8.5, 0],
					"cubes": [
						{"origin": [-4, 0, -2], "size": [4, 9, 4], "uv": [30, 35]}
					]
				},
				{
					"name": "Leftleg",
					"parent": "All",
					"pivot": [2, 16, 0],
					"cubes": [
						{"origin": [0, 9, -2], "size": [4, 8, 4], "uv": [0, 44]}
					]
				},
				{
					"name": "bone3",
					"parent": "Leftleg",
					"pivot": [2, 8.5, 0],
					"cubes": [
						{"origin": [0, 0, -2], "size": [4, 9, 4], "uv": [14, 35]},
						{"origin": [1, 8.5, -1], "size": [2, 2, 2], "uv": [0, 4]},
						{"origin": [1, 8.5, -1], "size": [2, 2, 2], "uv": [0, 0]}
					]
				}
			]
		}
	]
}