{"format_version":"1.8.0","minecraft:entity":{"component_groups":{"despawn":{"minecraft:instant_despawn":{"remove_child_entities":false}},"fail":{"minecraft:variant":{"value":1}}},"components":{"minecraft:balloonable":{},"minecraft:behavior.float":{"priority":0},"minecraft:can_climb":{},"minecraft:collision_box":{"height":1,"width":0.1},"minecraft:damage_sensor":{"triggers":{"cause":"all","deals_damage":false}},"minecraft:entity_sensor":{"event":"fail","event_filters":{"all_of":[{"subject":"other","test":"is_family","value":"doors_undead"}]},"relative_range":false,"require_all":false,"sensor_range":1},"minecraft:experience_reward":{"on_death":"query.last_hit_by_player ? 10 : 0"},"minecraft:fire_immune":true,"minecraft:health":{"max":50,"value":50},"minecraft:jump.static":{},"minecraft:knockback_resistance":{"max":0.5,"value":0.5},"minecraft:loot":{"table":"loot_tables/entities/robot.json"},"minecraft:movement.basic":{},"minecraft:navigation.walk":{"avoid_damage_blocks":true},"minecraft:physics":{},"minecraft:pushable":{"is_pushable":false,"is_pushable_by_piston":false},"minecraft:rideable":{"family_types":["doors_monster"],"pull_in_entities":true,"rider_can_interact":false,"seat_count":1,"seats":[{"position":[0,0,0]}]},"minecraft:scale":{"value":1},"minecraft:type_family":{"family":["crucifix"]},"minecraft:variant":{"value":0}},"description":{"animations":{"controller":"controller.animation.crucifix","fail":"animation.crucifix.fail","success":"animation.crucifix.success"},"identifier":"roy:crucifix_chain","is_experimental":false,"is_spawnable":false,"is_summonable":true,"scripts":{"animate":["controller"]}},"events":{"despawn_crucifix":{"add":{"component_groups":["despawn"]}},"fail":{"add":{"component_groups":["fail"]}}}}}