{"format_version":"1.16.100","minecraft:entity":{"component_groups":{"seen":{"minecraft:area_attack":{"cause":"contact","damage_per_tick":3,"damage_range":5,"entity_filter":{"all_of":[{"operator":"!=","subject":"other","test":"is_family","value":"doors_monster"}]}},"minecraft:behavior.hurt_by_target":{"priority":1},"minecraft:behavior.melee_attack":{"priority":3,"reach_multiplier":0}},"unseen":{"minecraft:movement":{"value":0.2}}},"components":{"minecraft:annotation.break_door":{"break_time":10,"min_difficulty":"easy"},"minecraft:attack":{"damage":2},"minecraft:balloonable":{},"minecraft:behavior.float":{"priority":0},"minecraft:behavior.hurt_by_target":{"priority":4},"minecraft:behavior.look_at_player":{"look_distance":6,"priority":7,"probability":0.02},"minecraft:behavior.owner_hurt_by_target":{"priority":1},"minecraft:behavior.owner_hurt_target":{"priority":2},"minecraft:behavior.random_look_around":{"priority":9},"minecraft:can_climb":{},"minecraft:collision_box":{"height":1.7,"width":1},"minecraft:damage_sensor":{"triggers":{"cause":"fall","deals_damage":false}},"minecraft:experience_reward":{"on_death":"query.last_hit_by_player ? 10 : 0"},"minecraft:fall_damage":{"value":0},"minecraft:fire_immune":{},"minecraft:fire_immune":true,"minecraft:health":{"max":300,"value":300},"minecraft:jump.static":{},"minecraft:knockback_resistance":{"max":1,"value":1},"minecraft:leashable":{"hard_distance":6,"max_distance":10,"soft_distance":4},"minecraft:lookat":{"filters":{"all_of":[{"subject":"other","test":"is_family","value":"player"},{"domain":"head","operator":"not","subject":"other","test":"has_equipment","value":"carved_pumpkin"}]},"look_cooldown":0,"search_radius":32,"set_target":true},"minecraft:loot":{"table":"loot_tables/entities/robot.json"},"minecraft:nameable":{"allowNameTagRenaming":false,"alwaysShow":false},"minecraft:navigation.walk":{"avoid_damage_blocks":false},"minecraft:physics":{},"minecraft:pushable":{"is_pushable":true,"is_pushable_by_piston":false},"minecraft:scale":{"value":1},"minecraft:type_family":{"family":["mob","guardian","doors_monster","weeper","eyes"]},"minecraft:underwater_movement":{"value":0.02}},"description":{"identifier":"roy:eyes","is_experimental":false,"is_spawnable":true,"is_summonable":true},"events":{"seen":{"add":{"component_groups":["seen"]}},"unseen":{"add":{"component_groups":["unseen"]},"remove":{"component_groups":["seen"]}}}}}