{"format_version":"1.16.100","minecraft:entity":{"component_groups":{},"components":{"minecraft:annotation.break_door":{"break_time":10,"min_difficulty":"easy"},"minecraft:attack":{"damage":12},"minecraft:balloonable":{},"minecraft:behavior.float":{"priority":0},"minecraft:behavior.hurt_by_target":{"priority":4},"minecraft:behavior.look_at_player":{"look_distance":6,"priority":7,"probability":0.02},"minecraft:behavior.melee_attack":{"melee_fov":360,"priority":0,"reach_multiplier":1.6,"speed_multiplier":1.25,"track_target":true},"minecraft:behavior.move_towards_target":{"priority":1,"speed_multiplier":1.2,"within_radius":32},"minecraft:behavior.nearest_attackable_target":{"entity_types":[{"filters":{"all_of":[{"subject":"other","test":"is_moving","value":true},{"subject":"other","test":"is_sneaking","value":false}],"any_of":[{"subject":"other","test":"is_family","value":"player"},{"operator":"!=","subject":"other","test":"is_family","value":"doors"}]},"max_dist":128}],"must_see":false,"must_see_forget_duration":1000,"priority":2,"reselect_targets":true,"within_radius":128},"minecraft:behavior.owner_hurt_by_target":{"priority":1},"minecraft:behavior.owner_hurt_target":{"priority":2},"minecraft:behavior.random_look_around":{"priority":9},"minecraft:behavior.random_stroll":{"priority":6,"speed_multiplier":0.9},"minecraft:behavior.roar":{"duration":4.2,"priority":2},"minecraft:can_climb":{},"minecraft:collision_box":{"height":3,"width":0.8},"minecraft:damage_sensor":{"triggers":{"cause":"fall","deals_damage":false}},"minecraft:experience_reward":{"on_death":"query.last_hit_by_player ? 10 : 0"},"minecraft:fall_damage":{"value":0},"minecraft:fire_immune":{},"minecraft:fire_immune":true,"minecraft:follow_range":{"value":64},"minecraft:health":{"max":300,"value":300},"minecraft:jump.static":{},"minecraft:knockback_resistance":{"max":1,"value":1},"minecraft:leashable":{"hard_distance":6,"max_distance":10,"soft_distance":4},"minecraft:loot":{"table":"loot_tables/entities/robot.json"},"minecraft:movement":{"value":0.3},"minecraft:movement.basic":{},"minecraft:nameable":{"allowNameTagRenaming":false,"alwaysShow":false},"minecraft:navigation.walk":{"avoid_damage_blocks":false},"minecraft:physics":{},"minecraft:pushable":{"is_pushable":true,"is_pushable_by_piston":false},"minecraft:rideable":{"rider_can_interact":false,"seat_count":1,"seats":[{"lock_rider_rotation":45,"position":[0,2.1,1.25],"rotate_rider_by":180}]},"minecraft:scale":{"value":1.2},"minecraft:type_family":{"family":["doors_monster","doors_undead","figure"]},"minecraft:underwater_movement":{"value":0.02}},"description":{"animations":{"jumpscare":"controller.animation.figure_jumpscare","shake":"animation.figure.shake"},"identifier":"roy:figure","is_experimental":false,"is_spawnable":true,"is_summonable":true,"scripts":{"animate":["jumpscare"]}},"events":{}}}