{"format_version":"1.8.0","minecraft:entity":{"component_groups":{},"components":{"minecraft:annotation.open_door":{},"minecraft:attack":{"damage":10},"minecraft:behavior.float":{"priority":1},"minecraft:behavior.hurt_by_target":{"priority":1},"minecraft:behavior.look_at_player":{"look_distance":6,"priority":8,"probability":0.02},"minecraft:behavior.melee_attack":{"priority":3,"speed_multiplier":1.28,"track_target":true},"minecraft:behavior.move_indoors":{"priority":4,"speed_multiplier":0.8},"minecraft:behavior.nearest_attackable_target":{"entity_types":[{"filters":{"any_of":[{"subject":"other","test":"is_family","value":"illager"},{"subject":"other","test":"is_family","value":"snowgolem"},{"subject":"other","test":"is_family","value":"irongolem"},{"subject":"other","test":"is_family","value":"vex"}]},"max_dist":35},{"filters":{"any_of":[{"subject":"other","test":"is_family","value":"villager"},{"subject":"other","test":"is_family","value":"player"},{"subject":"other","test":"is_family","value":"wandering_trader"}]},"max_dist":35,"must_see":false},{"filters":{"all_of":[{"subject":"other","test":"is_family","value":"baby_turtle"},{"operator":"!=","subject":"other","test":"in_water","value":true}]},"max_dist":35}],"must_see":true,"must_see_forget_duration":17,"priority":2,"reselect_targets":true,"within_radius":25},"minecraft:behavior.open_door":{"close_door_after":true,"priority":6},"minecraft:behavior.random_look_around":{"priority":9},"minecraft:behavior.random_stroll":{"priority":7,"speed_multiplier":1},"minecraft:behavior.restrict_open_door":{"priority":5},"minecraft:can_climb":{},"minecraft:collision_box":{"height":1.8,"width":0.6},"minecraft:follow_range":{"max":30,"value":30},"minecraft:health":{"max":650,"value":650},"minecraft:is_hidden_when_invisible":{},"minecraft:jump.static":{},"minecraft:knockback_resistance":{"value":0.8},"minecraft:leashable":{"can_be_stolen":true,"hard_distance":6,"max_distance":10,"soft_distance":4},"minecraft:loot":{"table":"loot_tables/entities/null.json"},"minecraft:movement":{"value":0.25},"minecraft:movement.basic":{},"minecraft:nameable":{},"minecraft:navigation.walk":{"avoid_damage_blocks":true,"avoid_water":false,"can_break_doors":true,"can_open_doors":false,"can_open_iron_doors":false,"can_pass_doors":true,"can_path_over_water":true,"can_walk":true,"is_amphibious":true},"minecraft:physics":{},"minecraft:pushable":{"is_pushable":true,"is_pushable_by_piston":true},"minecraft:rideable":{"rider_can_interact":false,"seat_count":1,"seats":[{"lock_rider_rotation":1,"position":[0,0.7,1],"rotate_rider_by":180}]},"minecraft:scale":{"value":1},"minecraft:type_family":{"family":["doors_undead","doors_monster","seek"]}},"description":{"animations":{"jumpscare":"controller.animation.glitch_jumpscare"},"identifier":"roy:glitch","is_experimental":false,"is_spawnable":true,"is_summonable":true,"scripts":{"animate":["jumpscare"]}},"events":{}}}