{"format_version":"1.12.0","minecraft:entity":{"component_groups":{"minecraft:exploding":{"minecraft:explode":{"causesFire":true,"fuseLength":0,"fuseLit":true,"maxResistance":2,"power":3},"minecraft:is_charged":{},"minecraft:spawn_entity":[{"max_wait_time":0,"min_wait_time":0,"num_to_spawn":1,"single_use":false,"spawn_entity":"roy:kill","spawn_sound":""}]}},"components":{"minecraft:collision_box":{"height":0.25,"width":0.25},"minecraft:damage_sensor":[{"deals_damage":false,"on_damage":{"filters":{"subject":"other","test":"is_family","value":"lightning"}}}],"minecraft:fire_immune":true,"minecraft:health":{"max":13,"min":13,"value":13},"minecraft:physics":{},"minecraft:projectile":{"anchor":1,"gravity":0,"hit_sound":"bow.hit","offset":[0,-0.1,0],"onHit":{"definition_event":{"affectProjectile":true,"eventTrigger":{"event":"minecraft:explode","target":"self"}},"impact_damage":{"damage":1.0E20,"destroyonhit":false,"knockback":false,"semirandomdiffdamage":false},"mob_effect":{"amplifier":999999999999,"durationeasy":60,"durationhard":300,"durationnormal":180,"effect":"wither"}},"power":5,"should_bounce":true,"uncertainty_base":1,"uncertainty_multiplier":0}},"description":{"identifier":"roy:bom","is_experimental":false,"is_spawnable":false,"is_summonable":true,"runtime_identifier":"minecraft:snowball"},"events":{"minecraft:explode":{"add":{"component_groups":["minecraft:exploding"]}}}}}