{"format_version":"1.12.0","minecraft:entity":{"components":{"minecraft:collision_box":{"height":0.5,"width":0.5},"minecraft:damage_sensor":[{"deals_damage":false,"on_damage":{"filters":{"all_of":[{"test":"has_damage","value":"all"}]}}}],"minecraft:explode":{"causesFire":true,"destroyAffectedByGriefing":true,"fireAffectedByGriefing":true,"fuseLength":3,"fuseLit":true,"power":0},"minecraft:health":{"max":13,"min":13,"value":13},"minecraft:is_charged":{}},"description":{"animations":{"a":"controller.animation._kill"},"identifier":"roy:kill","is_experimental":false,"is_spawnable":false,"is_summonable":true,"runtime_identifier":"minecraft:tnt","scripts":{"animate":["a"]}},"events":{"minecraft:explode":{"add":{"component_groups":["minecraft:exploding"]}}}}}