{"format_version":"1.8.0","minecraft:entity":{"component_groups":{"minecraft:start_spawn":{"minecraft:timer":{"time":4.54167,"time_down_event":{"event":"minecraft:finish_spawn"}}},"minecraft:welcome_seek":{"minecraft:transformation":{"into":"roy:seek"}}},"components":{"minecraft:collision_box":{"height":1.8,"width":0.6},"minecraft:damage_sensor":{"triggers":[{"deals_damage":false,"on_damage":{}}]},"minecraft:fire_immune":{},"minecraft:health":{"max":1,"min":1,"value":1},"minecraft:physics":{},"minecraft:pushable":{"is_pushable":true,"is_pushable_by_piston":true},"minecraft:scale":{"value":1}},"description":{"identifier":"roy:seek_spawn","is_experimental":false,"is_spawnable":true,"is_summonable":true},"events":{"minecraft:entity_spawned":{"add":{"component_groups":["minecraft:start_spawn"]}},"minecraft:finish_spawn":{"add":{"component_groups":["minecraft:welcome_seek"]}}}}}