{"format_version":"1.8.0","minecraft:entity":{"component_groups":{},"components":{"minecraft:annotation.open_door":{},"minecraft:area_attack":{"cause":"contact","damage_per_tick":9999,"damage_range":0.1,"entity_filter":{"all_of":[{"operator":"!=","subject":"other","test":"is_family","value":"doors"}]}},"minecraft:behavior.hurt_by_target":{"priority":1},"minecraft:behavior.look_at_player":{"look_distance":6,"priority":8,"probability":0.02},"minecraft:behavior.move_indoors":{"priority":4,"speed_multiplier":0.8},"minecraft:behavior.open_door":{"close_door_after":true,"priority":6},"minecraft:behavior.random_look_around":{"priority":9},"minecraft:behavior.random_stroll":{"priority":7,"speed_multiplier":1},"minecraft:behavior.restrict_open_door":{"priority":5},"minecraft:can_climb":{},"minecraft:collision_box":{"height":1.8,"width":0.6},"minecraft:damage_sensor":{"triggers":{"cause":"all","deals_damage":false}},"minecraft:fall_damage":{"value":0},"minecraft:follow_range":{"max":30,"value":30},"minecraft:health":{"max":3000,"value":3000},"minecraft:is_hidden_when_invisible":{},"minecraft:jump.static":{},"minecraft:knockback_resistance":{"value":0.9},"minecraft:leashable":{"can_be_stolen":true,"hard_distance":6,"max_distance":10,"soft_distance":4},"minecraft:loot":{"table":"loot_tables/entities/null.json"},"minecraft:movement":{"value":0},"minecraft:movement.basic":{},"minecraft:nameable":{},"minecraft:navigation.walk":{"avoid_damage_blocks":true,"can_break_doors":true,"can_open_doors":true,"can_open_iron_doors":true,"can_pass_doors":true,"can_walk":true,"is_amphibious":true},"minecraft:physics":{},"minecraft:pushable":{"is_pushable":true,"is_pushable_by_piston":true},"minecraft:pushable":{"is_pushable":false,"is_pushable_by_piston":false},"minecraft:scale":{"value":1},"minecraft:type_family":{"family":["doors_undead","doors_monster","mob","shadow"]}},"description":{"identifier":"roy:shadow","is_experimental":false,"is_spawnable":true,"is_summonable":true},"events":{}}}