{
  "format_version": "1.12.0",
  "minecraft:entity": {
    "description": {
      "identifier": "ic:suitcase",
      "is_spawnable": true,
      "is_summonable": true,
      "is_experimental": false
    },
    "components": {
    "minecraft:damage_sensor": {
      "damage_conditions": [
          {
            "filters": { "test": "in_lava", "subject": "self", "operator": "==", "value": true },
            "cause": "lava",
            "damage_per_tick": 4
          }
        ], 
        "triggers": {
          "cause": "all",
          "deals_damage": false
        }
      },
      "minecraft:is_stackable": {
      },
      "minecraft:type_family": {
        "family": [ "doors", "inanimate" ]
      },
      "minecraft:collision_box": {
        "width": 0.7,
        "height": 0.4
      },
      "minecraft:health": {
        "value": 20
      },
      "minecraft:scale": {
        "value": 1.0
      },
      "minecraft:physics": {
      },
      "minecraft:pushable": {
        "is_pushable": true,
        "is_pushable_by_piston": true
      }
    }
  }
}
