{"format_version":"1.8.0","animations":{"animation.yg_ambush.jumpscare":{"animation_length":2,"bones":{"Root":{"rotation":[0,0,0],"position":{"0.0":[0,0,30],"0.25":{"pre":[0,0,30],"post":[0,0,20]},"0.5":{"pre":[0,0,20],"post":[0,0,32]},"0.75":{"pre":[0,0,32],"post":[0,0,20]},"1.0":{"pre":[0,0,20],"post":[0,0,-1]}}}}},"animation.yg_ambush.general":{"loop":true,"animation_length":2,"bones":{"Root":{"position":{"0.0":{"post":[0,0,0],"lerp_mode":"catmullrom"},"1.0":{"post":[0,1,0],"lerp_mode":"catmullrom"},"2.0":{"post":[0,0,0],"lerp_mode":"catmullrom"}}}},"particle_effects":{"0.0":{"effect":"monster_light","locator":"mlight"}}}}}