{
  "format_version": "1.8.0",
  "animations": {
    "animation.yg_a90.general": {
      "loop": true,
      "animation_length": 2,
      "bones": {
        "Root": {
          "position": {
            "0.0": [
              0,
              0,
              0
            ],
            "0.1667": [
              1,
              0.17,
              0
            ],
            "0.2083": [
              -1.05,
              0.21,
              0
            ],
            "0.25": [
              1,
              0.17,
              0
            ],
            "0.2917": [
              -1.05,
              0.21,
              0
            ],
            "0.3333": [
              1,
              0.17,
              0
            ],
            "0.375": [
              -1.05,
              0.21,
              0
            ],
            "1.0": [
              0,
              1,
              0
            ],
            "1.25": [
              -1.05,
              0.21,
              0
            ],
            "1.2917": [
              1,
              0.17,
              0
            ],
            "1.3333": [
              -1.05,
              0.21,
              0
            ],
            "1.375": [
              1,
              0.17,
              0
            ],
            "1.4167": [
              -1.05,
              0.21,
              0
            ],
            "1.4583": [
              1,
              0.17,
              0
            ],
            "2.0": [
              0,
              0,
              0
            ]
          }
        }
      }
    }
  }
}