{"format_version":"1.8.0","animations":{"animation.yg_eyes.spawn":{"animation_length":2,"bones":{"Shine":{"rotation":{"0.0":{"post":[0,0,0],"lerp_mode":"catmullrom"},"2.0":{"post":[0,0,360],"lerp_mode":"catmullrom"}},"scale":{"0.0":{"post":[0,0,1],"lerp_mode":"catmullrom"},"2.0":{"post":[1,1,1],"lerp_mode":"catmullrom"}}},"Eyes":{"scale":{"0.0":{"post":[0,0,0],"lerp_mode":"catmullrom"},"0.25":{"post":[0,0,0],"lerp_mode":"catmullrom"},"2.0":{"post":[1,1,1],"lerp_mode":"catmullrom"}}}}},"animation.yg_eyes.general":{"loop":true,"animation_length":2.5,"bones":{"Root":{"position":{"0.0":{"post":[0,0,0],"lerp_mode":"catmullrom"},"1.0":{"post":[0,1,0],"lerp_mode":"catmullrom"},"2.5":{"post":[0,0,0],"lerp_mode":"catmullrom"}}}}}}}