{"format_version":"1.8.0","animations":{"animation.yg_figure.general":{"loop":true,"animation_length":2,"bones":{"Body":{"rotation":{"0.0":{"post":[5,0,0],"lerp_mode":"catmullrom"},"0.5":{"post":[5.00642,8.87515,0.51153],"lerp_mode":"catmullrom"},"1.0":{"post":[5.63304,-27.38656,-2.59775],"lerp_mode":"catmullrom"},"1.5":{"post":[8.346,9.99873,3.62207],"lerp_mode":"catmullrom"},"2.0":{"post":[5,0,0],"lerp_mode":"catmullrom"}}},"Head":{"rotation":{"0.0":{"post":[-5.17544,14.94159,-1.3378],"lerp_mode":"catmullrom"},"1.0":{"post":[-5.40961,-22.40972,2.06754],"lerp_mode":"catmullrom"},"2.0":{"post":[-5.17544,14.94159,-1.3378],"lerp_mode":"catmullrom"}}},"Rightarm":{"rotation":{"0.0":{"post":[-20,0,12.5],"lerp_mode":"catmullrom"},"0.5":{"post":[-4.56985,0.13349,25.58322],"lerp_mode":"catmullrom"},"1.0":{"post":[9.91615,-1.29876,19.88733],"lerp_mode":"catmullrom"},"1.5":{"post":[1.62647,-1.1088,29.15129],"lerp_mode":"catmullrom"},"2.0":{"post":[-20,0,12.5],"lerp_mode":"catmullrom"}}},"bone":{"rotation":{"0.0":{"post":[6.61383,-2.42855,15.88962],"lerp_mode":"catmullrom"},"1.0":{"post":[5.93509,-3.8001,28.3329],"lerp_mode":"catmullrom"},"1.5":{"post":[6.93939,0.94202,-11.87967],"lerp_mode":"catmullrom"},"2.0":{"post":[6.61383,-2.42855,15.88962],"lerp_mode":"catmullrom"}}},"bone2":{"rotation":{"0.0":{"post":[0,0,-17.5],"lerp_mode":"catmullrom"},"1.0":{"post":[0,0,-27.5],"lerp_mode":"catmullrom"},"1.5":{"post":[0,0,6.875],"lerp_mode":"catmullrom"},"2.0":{"post":[0,0,-17.5],"lerp_mode":"catmullrom"}}},"bone3":{"rotation":{"0.0":{"post":[0,0,-25],"lerp_mode":"catmullrom"},"1.0":{"post":[0,0,-37.5],"lerp_mode":"catmullrom"},"1.5":{"post":[0,0,10.46875],"lerp_mode":"catmullrom"},"2.0":{"post":[0,0,-25],"lerp_mode":"catmullrom"}}},"Leftarm":{"rotation":{"0.0":{"post":[0,0,-12.5],"lerp_mode":"catmullrom"},"0.5":{"post":[-5.7494,-1.6501,-25.56308],"lerp_mode":"catmullrom"},"1.0":{"post":[-12.39638,-1.61888,-19.82417],"lerp_mode":"catmullrom"},"1.5":{"post":[-16.40354,-4.51333,-28.60487],"lerp_mode":"catmullrom"},"2.0":{"post":[0,0,-12.5],"lerp_mode":"catmullrom"}}},"bone7":{"rotation":{"0.0":{"post":[0,0,-12.5],"lerp_mode":"catmullrom"},"1.0":{"post":[0,0,-20],"lerp_mode":"catmullrom"},"1.5":{"post":[0,0,8.28125],"lerp_mode":"catmullrom"},"2.0":{"post":[0,0,-12.5],"lerp_mode":"catmullrom"}}},"bone8":{"rotation":{"0.0":{"post":[0,0,15],"lerp_mode":"catmullrom"},"1.0":{"post":[0,0,32.5],"lerp_mode":"catmullrom"},"1.5":{"post":[0,0,-10.15625],"lerp_mode":"catmullrom"},"2.0":{"post":[0,0,15],"lerp_mode":"catmullrom"}}},"bone9":{"rotation":{"0.0":{"post":[0,0,30],"lerp_mode":"catmullrom"},"1.0":{"post":[0,0,47.5],"lerp_mode":"catmullrom"},"1.5":{"post":[0,0,-15.15625],"lerp_mode":"catmullrom"},"2.0":{"post":[0,0,30],"lerp_mode":"catmullrom"}}}},"particle_effects":{"0.0":{"effect":"figure_light","locator":"light"}}},"animation.yg_figure.move":{"loop":true,"animation_length":1,"anim_time_update":"query.modified_distance_moved * 0.1","bones":{"Root":{"position":{"0.0":{"post":[0,-1,0],"lerp_mode":"catmullrom"},"0.25":{"post":[0,0,0],"lerp_mode":"catmullrom"},"0.5":{"post":[0,-1,0],"lerp_mode":"catmullrom"},"0.75":{"post":[0,0,0],"lerp_mode":"catmullrom"},"1.0":{"post":[0,-1,0],"lerp_mode":"catmullrom"}}},"Body":{"rotation":{"0.0":{"post":[0,5,0],"lerp_mode":"catmullrom"},"0.5":{"post":[0,-5,0],"lerp_mode":"catmullrom"},"1.0":{"post":[0,5,0],"lerp_mode":"catmullrom"}}},"Rightarm":{"rotation":{"0.0":{"post":[0,0,10],"lerp_mode":"catmullrom"},"0.5":{"post":[0,0,27.5],"lerp_mode":"catmullrom"},"1.0":{"post":[0,0,10],"lerp_mode":"catmullrom"}}},"bone":{"rotation":{"0.0":{"post":[0,0,15],"lerp_mode":"catmullrom"},"0.5":{"post":[0,0,25],"lerp_mode":"catmullrom"},"1.0":{"post":[0,0,15],"lerp_mode":"catmullrom"}}},"bone2":{"rotation":{"0.0":{"post":[0,0,-20],"lerp_mode":"catmullrom"},"0.5":{"post":[0,0,-27.5],"lerp_mode":"catmullrom"},"1.0":{"post":[0,0,-20],"lerp_mode":"catmullrom"}}},"bone3":{"rotation":{"0.0":{"post":[0,0,-20],"lerp_mode":"catmullrom"},"0.5":{"post":[0,0,-30],"lerp_mode":"catmullrom"},"1.0":{"post":[0,0,-20],"lerp_mode":"catmullrom"}}},"Leftarm":{"rotation":{"0.0":{"post":[0,0,-10],"lerp_mode":"catmullrom"},"0.5":{"post":[0,0,-22.5],"lerp_mode":"catmullrom"},"1.0":{"post":[0,0,-10],"lerp_mode":"catmullrom"}}},"bone7":{"rotation":{"0.0":{"post":[0,0,-20],"lerp_mode":"catmullrom"},"0.5":{"post":[0,0,-32.5],"lerp_mode":"catmullrom"},"1.0":{"post":[0,0,-20],"lerp_mode":"catmullrom"}}},"bone8":{"rotation":{"0.0":{"post":[0,0,27.5],"lerp_mode":"catmullrom"},"0.5":{"post":[0,0,40],"lerp_mode":"catmullrom"},"1.0":{"post":[0,0,27.5],"lerp_mode":"catmullrom"}}},"bone9":{"rotation":{"0.0":{"post":[0,0,17.5],"lerp_mode":"catmullrom"},"0.5":{"post":[0,0,27.5],"lerp_mode":"catmullrom"},"1.0":{"post":[0,0,17.5],"lerp_mode":"catmullrom"}}},"Rightleg":{"rotation":{"0.0":{"post":[-25,0,0],"lerp_mode":"catmullrom"},"0.25":{"post":[-1.25,0,0],"lerp_mode":"catmullrom"},"0.5":{"post":[22.5,0,0],"lerp_mode":"catmullrom"},"0.75":{"post":[-1.25,0,0],"lerp_mode":"catmullrom"},"1.0":{"post":[-25,0,0],"lerp_mode":"catmullrom"}},"position":{"0.0":{"post":[0,0,-1],"lerp_mode":"catmullrom"},"0.25":{"post":[0,0,0],"lerp_mode":"catmullrom"},"0.5":{"post":[0,0,1],"lerp_mode":"catmullrom"},"0.75":{"post":[0,0,0],"lerp_mode":"catmullrom"},"1.0":{"post":[0,0,-1],"lerp_mode":"catmullrom"}}},"bone4":{"rotation":{"0.0":{"post":[10,0,0],"lerp_mode":"catmullrom"},"0.25":{"post":[-1.25,0,0],"lerp_mode":"catmullrom"},"0.5":{"post":[12.5,0,0],"lerp_mode":"catmullrom"},"0.75":{"post":[-1.25,0,0],"lerp_mode":"catmullrom"},"1.0":{"post":[10,0,0],"lerp_mode":"catmullrom"}}},"bone5":{"rotation":{"0.0":{"post":[17.5,0,0],"lerp_mode":"catmullrom"},"0.5":{"post":[17.32054,-0.99605,-1.97598],"lerp_mode":"catmullrom"},"0.75":{"post":[-1.25,0,0],"lerp_mode":"catmullrom"},"1.0":{"post":[17.5,0,0],"lerp_mode":"catmullrom"}}},"bone6":{"rotation":{"0.0":{"post":[7.24047,-1.72921,0.81389],"lerp_mode":"catmullrom"},"0.25":{"post":[-1.25,0,0],"lerp_mode":"catmullrom"},"0.5":{"post":[20,0,0],"lerp_mode":"catmullrom"},"0.75":{"post":[-1.25,0,0],"lerp_mode":"catmullrom"},"1.0":{"post":[7.24047,-1.72921,0.81389],"lerp_mode":"catmullrom"}}},"Leftleg":{"rotation":{"0.0":{"post":[22.5,0,0],"lerp_mode":"catmullrom"},"0.25":{"post":[-1.25,0,0],"lerp_mode":"catmullrom"},"0.5":{"post":[-25,0,0],"lerp_mode":"catmullrom"},"0.75":{"post":[-1.25,0,0],"lerp_mode":"catmullrom"},"1.0":{"post":[22.5,0,0],"lerp_mode":"catmullrom"}},"position":{"0.0":{"post":[0,0,1],"lerp_mode":"catmullrom"},"0.25":{"post":[0,2,0],"lerp_mode":"catmullrom"},"0.5":{"post":[0,0,-1],"lerp_mode":"catmullrom"},"1.0":{"post":[0,0,1],"lerp_mode":"catmullrom"}}},"bone10":{"rotation":{"0.0":{"post":[12.5,0,0],"lerp_mode":"catmullrom"},"0.25":{"post":[-1.25,0,0],"lerp_mode":"catmullrom"},"0.5":{"post":[10,0,0],"lerp_mode":"catmullrom"},"0.75":{"post":[-1.25,0,0],"lerp_mode":"catmullrom"},"1.0":{"post":[12.5,0,0],"lerp_mode":"catmullrom"}}},"bone11":{"rotation":{"0.0":{"post":[17.32054,-0.99605,-1.97598],"lerp_mode":"catmullrom"},"0.25":{"post":[-1.25,0,0],"lerp_mode":"catmullrom"},"0.5":{"post":[17.5,0,0],"lerp_mode":"catmullrom"},"1.0":{"post":[17.32054,-0.99605,-1.97598],"lerp_mode":"catmullrom"}}},"bone12":{"rotation":{"0.0":{"post":[20,0,0],"lerp_mode":"catmullrom"},"0.25":{"post":[-1.25,0,0],"lerp_mode":"catmullrom"},"0.5":{"post":[7.24047,-1.72921,0.81389],"lerp_mode":"catmullrom"},"0.75":{"post":[-1.25,0,0],"lerp_mode":"catmullrom"},"1.0":{"post":[20,0,0],"lerp_mode":"catmullrom"}}}}},"animation.yg_figure.looking":{"loop":true,"bones":{"Head":{"rotation":{"0.0":{"post":["query.target_x_rotation-this","query.target_y_rotation-this",0],"lerp_mode":"catmullrom"}}}}},"animation.yg_figure.attack":{"animation_length":0.83333,"bones":{"Body":{"rotation":{"0.0":{"post":[0,0,0],"lerp_mode":"catmullrom"},"0.1667":{"post":[17.5,0,0],"lerp_mode":"catmullrom"},"0.3333":{"post":[-17.5,0,0],"lerp_mode":"catmullrom"},"0.6667":{"post":[-17.5,0,0],"lerp_mode":"catmullrom"},"0.8333":{"post":[0,0,0],"lerp_mode":"catmullrom"}}},"Head":{"rotation":{"0.0":{"post":[0,0,0],"lerp_mode":"catmullrom"},"0.1667":{"post":[35,0,0],"lerp_mode":"catmullrom"},"0.3333":{"post":[-17.5,0,0],"lerp_mode":"catmullrom"},"0.6667":{"post":[-17.5,0,0],"lerp_mode":"catmullrom"},"0.8333":{"post":[0,0,0],"lerp_mode":"catmullrom"}}},"Rightarm":{"rotation":{"0.0":{"post":[0,0,0],"lerp_mode":"catmullrom"},"0.1667":{"post":[19.14314,-5.90316,16.50371],"lerp_mode":"catmullrom"},"0.3333":{"post":[-132.5,0,0],"lerp_mode":"catmullrom"},"0.6667":{"post":[-132.5,0,0],"lerp_mode":"catmullrom"},"0.8333":{"post":[0,0,0],"lerp_mode":"catmullrom"}}},"bone":{"rotation":{"0.0":{"post":[0,0,0],"lerp_mode":"catmullrom"},"0.1667":{"post":[25,0,0],"lerp_mode":"catmullrom"},"0.3333":{"post":[-30,0,0],"lerp_mode":"catmullrom"},"0.6667":{"post":[-30,0,0],"lerp_mode":"catmullrom"},"0.8333":{"post":[0,0,0],"lerp_mode":"catmullrom"}}},"bone2":{"rotation":{"0.0":{"post":[0,0,0],"lerp_mode":"catmullrom"},"0.1667":{"post":[27.5,0,0],"lerp_mode":"catmullrom"},"0.3333":{"post":[-27.5,0,0],"lerp_mode":"catmullrom"},"0.6667":{"post":[-27.5,0,0],"lerp_mode":"catmullrom"},"0.8333":{"post":[0,0,0],"lerp_mode":"catmullrom"}}},"bone3":{"rotation":{"0.0":{"post":[0,0,0],"lerp_mode":"catmullrom"},"0.1667":{"post":[27.5,0,0],"lerp_mode":"catmullrom"},"0.3333":{"post":[-40,0,0],"lerp_mode":"catmullrom"},"0.6667":{"post":[-40,0,0],"lerp_mode":"catmullrom"},"0.8333":{"post":[0,0,0],"lerp_mode":"catmullrom"}}},"Leftarm":{"rotation":{"0.0":{"post":[0,0,0],"lerp_mode":"catmullrom"},"0.1667":{"post":[18.88172,6.71771,-18.88172],"lerp_mode":"catmullrom"},"0.3333":{"post":[-132.5,0,0],"lerp_mode":"catmullrom"},"0.6667":{"post":[-132.5,0,0],"lerp_mode":"catmullrom"},"0.8333":{"post":[0,0,0],"lerp_mode":"catmullrom"}}},"bone7":{"rotation":{"0.0":{"post":[0,0,0],"lerp_mode":"catmullrom"},"0.1667":{"post":[25,0,0],"lerp_mode":"catmullrom"},"0.3333":{"post":[-30,0,0],"lerp_mode":"catmullrom"},"0.6667":{"post":[-30,0,0],"lerp_mode":"catmullrom"},"0.8333":{"post":[0,0,0],"lerp_mode":"catmullrom"}}},"bone8":{"rotation":{"0.0":{"post":[0,0,0],"lerp_mode":"catmullrom"},"0.1667":{"post":[27.5,0,0],"lerp_mode":"catmullrom"},"0.3333":{"post":[-27.5,0,0],"lerp_mode":"catmullrom"},"0.6667":{"post":[-27.5,0,0],"lerp_mode":"catmullrom"},"0.8333":{"post":[0,0,0],"lerp_mode":"catmullrom"}}},"bone9":{"rotation":{"0.0":{"post":[0,0,0],"lerp_mode":"catmullrom"},"0.1667":{"post":[27.5,0,0],"lerp_mode":"catmullrom"},"0.3333":{"post":[-40,0,0],"lerp_mode":"catmullrom"},"0.6667":{"post":[-40,0,0],"lerp_mode":"catmullrom"},"0.8333":{"post":[0,0,0],"lerp_mode":"catmullrom"}}}}},"animation.yg_figure.jumpscare":{"animation_length":2,"bones":{"Body":{"rotation":{"0.0":{"post":[0,0,0],"lerp_mode":"catmullrom"},"0.1667":{"post":[-7.5,0,0],"lerp_mode":"catmullrom"},"0.3333":{"post":[12.5,0,0],"lerp_mode":"catmullrom"},"1.8333":{"post":[12.5,0,0],"lerp_mode":"catmullrom"},"2.0":{"post":[0,0,0],"lerp_mode":"catmullrom"}}},"Head":{"rotation":{"0.0":{"post":[0,0,0],"lerp_mode":"catmullrom"},"0.1667":{"post":[-12.5,0,0],"lerp_mode":"catmullrom"},"0.3333":{"post":[-10,0,0],"lerp_mode":"catmullrom"},"1.8333":{"post":[-10,0,0],"lerp_mode":"catmullrom"},"2.0":{"post":[0,0,0],"lerp_mode":"catmullrom"}}},"Rightarm":{"rotation":{"0.0":{"post":[0,0,0],"lerp_mode":"catmullrom"},"0.1667":{"post":[0,0,10],"lerp_mode":"catmullrom"},"0.3333":{"post":[-56.2576,14.6914,9.61518],"lerp_mode":"catmullrom"},"1.8333":{"post":[-56.2576,14.6914,9.61518],"lerp_mode":"catmullrom"},"2.0":{"post":[0,0,0],"lerp_mode":"catmullrom"}}},"bone":{"rotation":{"0.0":{"post":[0,0,0],"lerp_mode":"catmullrom"},"0.1667":{"post":[0,0,7.5],"lerp_mode":"catmullrom"},"0.3333":{"post":[-25,0,0],"lerp_mode":"catmullrom"},"1.8333":{"post":[-25,0,0],"lerp_mode":"catmullrom"},"2.0":{"post":[0,0,0],"lerp_mode":"catmullrom"}}},"bone2":{"rotation":{"0.0":{"post":[0,0,0],"lerp_mode":"catmullrom"},"0.1667":{"post":[0,0,12.5],"lerp_mode":"catmullrom"},"0.3333":{"post":[0,0,-60],"lerp_mode":"catmullrom"},"1.8333":{"post":[0,0,-60],"lerp_mode":"catmullrom"},"2.0":{"post":[0,0,0],"lerp_mode":"catmullrom"}}},"bone3":{"rotation":{"0.0":{"post":[0,0,0],"lerp_mode":"catmullrom"},"0.1667":{"post":[0,0,12.5],"lerp_mode":"catmullrom"},"0.3333":{"post":[0,0,-57.5],"lerp_mode":"catmullrom"},"1.8333":{"post":[0,0,-57.5],"lerp_mode":"catmullrom"},"2.0":{"post":[0,0,0],"lerp_mode":"catmullrom"}}},"Leftarm":{"rotation":{"0.0":{"post":[0,0,0],"lerp_mode":"catmullrom"},"0.1667":{"post":[0,0,-10],"lerp_mode":"catmullrom"},"0.3333":{"post":[-56.2576,-14.6914,-9.61518],"lerp_mode":"catmullrom"},"1.8333":{"post":[-56.2576,-14.6914,-9.61518],"lerp_mode":"catmullrom"},"2.0":{"post":[0,0,0],"lerp_mode":"catmullrom"}}},"bone7":{"rotation":{"0.0":{"post":[0,0,0],"lerp_mode":"catmullrom"},"0.1667":{"post":[0,0,-10],"lerp_mode":"catmullrom"},"0.3333":{"post":[-22.5,0,0],"lerp_mode":"catmullrom"},"1.8333":{"post":[-22.5,0,0],"lerp_mode":"catmullrom"},"2.0":{"post":[0,0,0],"lerp_mode":"catmullrom"}}},"bone8":{"rotation":{"0.0":{"post":[0,0,0],"lerp_mode":"catmullrom"},"0.1667":{"post":[0,0,-7.5],"lerp_mode":"catmullrom"},"0.3333":{"post":[0,0,65],"lerp_mode":"catmullrom"},"1.8333":{"post":[0,0,65],"lerp_mode":"catmullrom"},"2.0":{"post":[0,0,0],"lerp_mode":"catmullrom"}}},"bone9":{"rotation":{"0.0":{"post":[0,0,0],"lerp_mode":"catmullrom"},"0.1667":{"post":[0,0,-12.5],"lerp_mode":"catmullrom"},"0.3333":{"post":[0,0,57.5],"lerp_mode":"catmullrom"},"1.8333":{"post":[0,0,57.5],"lerp_mode":"catmullrom"},"2.0":{"post":[0,0,0],"lerp_mode":"catmullrom"}}}}}}}