{
  "format_version": "1.8.0",
  "animations": {
    "animation.yg_jack.general": {
      "loop": true,
      "animation_length": 2,
      "bones": {
        "Body": {
          "rotation": {
            "0.0": {
              "post": [
                2.5,
                0,
                0
              ],
              "lerp_mode": "catmullrom"
            },
            "1.0": {
              "post": [
                0,
                0,
                0
              ],
              "lerp_mode": "catmullrom"
            },
            "2.0": {
              "post": [
                2.5,
                0,
                0
              ],
              "lerp_mode": "catmullrom"
            }
          }
        }
      }
    },
    "animation.yg_jack.looking": {
      "loop": true,
      "bones": {
        "Head": {
          "rotation": [
            "query.target_x_rotation-this",
            "query.target_y_rotation-this",
            0
          ]
        }
      }
    },
    "animation.yg_jack.attack": {
      "animation_length": 1,
      "bones": {
        "Head": {
          "rotation": {
            "0.0": {
              "post": [
                0,
                0,
                0
              ],
              "lerp_mode": "catmullrom"
            },
            "0.25": {
              "post": [
                12.5,
                0,
                0
              ],
              "lerp_mode": "catmullrom"
            },
            "0.5": {
              "post": [
                -12.5,
                0,
                0
              ],
              "lerp_mode": "catmullrom"
            },
            "0.5833": {
              "post": [
                -12.48848,
                -0.54094,
                -2.44081
              ],
              "lerp_mode": "catmullrom"
            },
            "0.6667": {
              "post": [
                -12.43954,
                1.21539,
                5.49253
              ],
              "lerp_mode": "catmullrom"
            },
            "0.75": {
              "post": [
                -12.48848,
                -0.54094,
                -2.44081
              ],
              "lerp_mode": "catmullrom"
            },
            "0.8333": {
              "post": [
                -12.43954,
                1.21539,
                5.49253
              ],
              "lerp_mode": "catmullrom"
            },
            "0.9167": {
              "post": [
                -12.5,
                0,
                0
              ],
              "lerp_mode": "catmullrom"
            },
            "1.0": {
              "post": [
                0,
                0,
                0
              ],
              "lerp_mode": "catmullrom"
            }
          }
        },
        "Body": {
          "rotation": {
            "0.0": {
              "post": [
                0,
                0,
                0
              ],
              "lerp_mode": "catmullrom"
            },
            "0.25": {
              "post": [
                -10,
                0,
                0
              ],
              "lerp_mode": "catmullrom"
            },
            "0.5": {
              "post": [
                17.5,
                0,
                0
              ],
              "lerp_mode": "catmullrom"
            },
            "0.5833": {
              "post": [
                17.48436,
                -0.75155,
                2.38443
              ],
              "lerp_mode": "catmullrom"
            },
            "0.6667": {
              "post": [
                17.41792,
                1.6887,
                -5.36628
              ],
              "lerp_mode": "catmullrom"
            },
            "0.75": {
              "post": [
                17.48436,
                -0.75155,
                2.38443
              ],
              "lerp_mode": "catmullrom"
            },
            "0.8333": {
              "post": [
                17.41792,
                1.6887,
                -5.36628
              ],
              "lerp_mode": "catmullrom"
            },
            "0.9167": {
              "post": [
                17.5,
                0,
                0
              ],
              "lerp_mode": "catmullrom"
            },
            "1.0": {
              "post": [
                0,
                0,
                0
              ],
              "lerp_mode": "catmullrom"
            }
          }
        },
        "Root": {
          "position": {
            "0.0": {
              "post": [
                0,
                0,
                11
              ],
              "lerp_mode": "catmullrom"
            }
          }
        }
      }
    }
  }
}