{"format_version":"1.8.0","animations":{"animation.yg_rush.general":{"loop":true,"animation_length":2,"bones":{"Root":{"position":{"0.0":{"post":[0,0,0],"lerp_mode":"catmullrom"},"1.0":{"post":[0,1,0],"lerp_mode":"catmullrom"},"2.0":{"post":[0,0,0],"lerp_mode":"catmullrom"}}},"Shadow":{"rotation":{"0.0":{"post":[0,0,0],"lerp_mode":"catmullrom"},"2.0":{"post":[0,0,360],"lerp_mode":"catmullrom"}}}},"particle_effects":{"0.0":{"effect":"rush","locator":"rush"}}},"animation.yg_rush.jumpscare":{"animation_length":2,"bones":{"Root":{"rotation":{"0.0":{"post":[0,0,0],"lerp_mode":"catmullrom"},"0.1667":{"post":[5,0,0],"lerp_mode":"catmullrom"},"0.3333":{"post":[-2.5,0,0],"lerp_mode":"catmullrom"},"1.8333":{"post":[-2.5,0,0],"lerp_mode":"catmullrom"},"2.0":{"post":[0,0,0],"lerp_mode":"catmullrom"}}},"Jaw":{"position":{"0.0":{"post":[0,0,0],"lerp_mode":"catmullrom"},"0.1667":{"post":[0,0.5,0],"lerp_mode":"catmullrom"},"0.3333":{"post":[0,-3,0],"lerp_mode":"catmullrom"},"1.8333":{"post":[0,-3,0],"lerp_mode":"catmullrom"},"2.0":{"post":[0,0,0],"lerp_mode":"catmullrom"}}}}}}}