{"format_version":"1.8.0","animations":{"animation.yg_seek_in_car.spawn":{"animation_length":3,"bones":{"Root":{"rotation":{"0.0":[0,0,0],"0.1667":[0,0,42.5],"0.3333":[124.23216,47.13536,60.50648],"0.5":[196.57078,-34.68993,210.6124],"0.5833":[0,0,0],"1.0":[0,0,0],"1.25":[0,20,0],"1.75":[0,-17.5,0],"2.0":[0,0,0]},"position":{"0.0":[0,-48,0],"0.5":[0,44,0],"0.8333":[0,-48,0],"1.0":[0,0,0]},"scale":1},"Rightarm":{"rotation":{"2.0":[0,0,0],"2.25":[-55,0,0],"2.5":[0,0,0],"2.8333":[0,0,0],"3.0":[-87.5,0,0]},"scale":1},"Leftarm":{"rotation":{"2.8333":[0,0,0],"3.0":[-87.5,0,0]}},"Rightleg":{"rotation":{"2.8333":[0,0,0],"3.0":[-87.5,0,0]}},"Leftleg":{"rotation":{"2.8333":[0,0,0],"3.0":[-87.5,0,0]}},"Car":{"position":{"0.0":[0,-23,0],"2.8333":[0,0,0]},"scale":{"0.0":[0,-0.1,0],"2.8333":[0,-0.1,0],"3.0":[1,1,1]}}}},"animation.yg_seek_in_car.general":{"loop":true,"bones":{"Rightarm":{"rotation":[-90,0,0]},"Leftarm":{"rotation":[-90,0,0]},"Rightleg":{"rotation":[-90,0,0]},"Leftleg":{"rotation":[-90,0,0]}}}}}