{"format_version":"1.8.0","animations":{"animation.yg_seek.general":{"loop":true,"animation_length":2,"bones":{"Body":{"rotation":{"0.0":{"post":[5,0,0],"lerp_mode":"catmullrom"},"1.0":{"post":[7.5,0,0],"lerp_mode":"catmullrom"},"1.5":{"post":[1.40625,0,0],"lerp_mode":"catmullrom"},"2.0":{"post":[5,0,0],"lerp_mode":"catmullrom"}}},"Rightarm":{"rotation":{"0.0":{"post":[7.5,0,5],"lerp_mode":"catmullrom"},"1.0":{"post":[15,0,5],"lerp_mode":"catmullrom"},"2.0":{"post":[7.5,0,5],"lerp_mode":"catmullrom"}}},"bone":{"rotation":{"0.0":{"post":[-30,0,0],"lerp_mode":"catmullrom"},"1.0":{"post":[-37.5,0,0],"lerp_mode":"catmullrom"},"1.5":{"post":[-26.71875,0,0],"lerp_mode":"catmullrom"},"2.0":{"post":[-30,0,0],"lerp_mode":"catmullrom"}}},"Leftarm":{"rotation":{"0.0":{"post":[7.5,0,-7.5],"lerp_mode":"catmullrom"},"1.0":{"post":[15,0,-7.5],"lerp_mode":"catmullrom"},"2.0":{"post":[7.5,0,-7.5],"lerp_mode":"catmullrom"}}},"bone4":{"rotation":{"0.0":{"post":[-32.5,0,0],"lerp_mode":"catmullrom"},"1.0":{"post":[-37.5,0,0],"lerp_mode":"catmullrom"},"1.5":{"post":[-30.3125,0,0],"lerp_mode":"catmullrom"},"2.0":{"post":[-32.5,0,0],"lerp_mode":"catmullrom"}}}}},"animation.yg_seek.move":{"loop":true,"animation_length":1,"anim_time_update":"query.modified_distance_moved * 0.1","bones":{"Body":{"rotation":{"0.0":{"post":[17.78951,10.82458,3.80594],"lerp_mode":"catmullrom"},"0.5":{"post":[17.65101,-8.24435,-2.25496],"lerp_mode":"catmullrom"},"1.0":{"post":[17.78951,10.82458,3.80594],"lerp_mode":"catmullrom"}}},"Rightarm":{"rotation":{"0.0":{"post":[22.5,0,5],"lerp_mode":"catmullrom"},"0.5":{"post":[-27.5,0,5],"lerp_mode":"catmullrom"},"1.0":{"post":[22.5,0,5],"lerp_mode":"catmullrom"}}},"bone":{"rotation":{"0.0":{"post":[0,0,0],"lerp_mode":"catmullrom"},"0.5":{"post":[-40,0,0],"lerp_mode":"catmullrom"},"1.0":{"post":[0,0,0],"lerp_mode":"catmullrom"}}},"Rightleg":{"rotation":{"0.0":{"post":[-45,0,0],"lerp_mode":"catmullrom"},"0.25":{"post":[0,0,0],"lerp_mode":"catmullrom"},"0.5":{"post":[35,0,0],"lerp_mode":"catmullrom"},"0.75":{"post":[0,0,0],"lerp_mode":"catmullrom"},"1.0":{"post":[-45,0,0],"lerp_mode":"catmullrom"}},"position":{"0.0":[0,0,-1],"0.25":[0,0,0],"0.5":[0,0,1],"0.75":[0,2,0],"1.0":[0,0,-1]}},"bone2":{"rotation":{"0.0":{"post":[45,0,0],"lerp_mode":"catmullrom"},"0.2083":{"post":[0,0,0],"lerp_mode":"catmullrom"},"0.5":{"post":[30,0,0],"lerp_mode":"catmullrom"},"1.0":{"post":[45,0,0],"lerp_mode":"catmullrom"}}},"Root":{"position":{"0.0":[0,-2,0],"0.25":[0,0,0],"0.5":[0,-2,0],"0.75":[0,0,0],"1.0":[0,-2,0]}},"Leftarm":{"rotation":{"0.0":{"post":[-25,0,-5],"lerp_mode":"catmullrom"},"0.5":{"post":[25,0,-5],"lerp_mode":"catmullrom"},"1.0":{"post":[-25,0,-5],"lerp_mode":"catmullrom"}}},"bone4":{"rotation":{"0.0":{"post":[-30,0,0],"lerp_mode":"catmullrom"},"0.5":{"post":[0,0,0],"lerp_mode":"catmullrom"},"1.0":{"post":[-30,0,0],"lerp_mode":"catmullrom"}}},"Leftleg":{"rotation":{"0.0":{"post":[35,0,0],"lerp_mode":"catmullrom"},"0.25":{"post":[0,0,0],"lerp_mode":"catmullrom"},"0.5":{"post":[-45,0,0],"lerp_mode":"catmullrom"},"0.75":{"post":[0,0,0],"lerp_mode":"catmullrom"},"1.0":{"post":[35,0,0],"lerp_mode":"catmullrom"}},"position":{"0.0":{"post":[0,0,1],"lerp_mode":"catmullrom"},"0.25":{"post":[0,2,0],"lerp_mode":"catmullrom"},"0.5":{"post":[0,0,-1],"lerp_mode":"catmullrom"},"0.75":{"post":[0,0,0],"lerp_mode":"catmullrom"},"1.0":{"post":[0,0,1],"lerp_mode":"catmullrom"}}},"bone3":{"rotation":{"0.0":{"post":[30,0,0],"lerp_mode":"catmullrom"},"0.5":{"post":[45,0,0],"lerp_mode":"catmullrom"},"0.75":{"post":[0,0,0],"lerp_mode":"catmullrom"},"1.0":{"post":[30,0,0],"lerp_mode":"catmullrom"}}}}},"animation.yg_seek.looking":{"loop":true,"bones":{"Head":{"rotation":{"0.0":{"post":["query.target_x_rotation-this","query.target_y_rotation-this",0],"lerp_mode":"catmullrom"}}}}},"animation.yg_seek.spawn":{"loop":"hold_on_last_frame","animation_length":3,"bones":{"Head":{"rotation":{"0.0":{"post":[0,0,0],"lerp_mode":"catmullrom"},"0.6667":{"post":[47.5,0,0],"lerp_mode":"catmullrom"},"0.8333":{"post":[7.5,0,0],"lerp_mode":"catmullrom"},"2.0":{"post":[20,0,0],"lerp_mode":"catmullrom"},"2.5":{"post":[0,0,0],"lerp_mode":"catmullrom"}},"position":{"0.0":{"post":[0,0,0],"lerp_mode":"catmullrom"}}},"Body":{"rotation":{"0.0":{"post":[0,0,0],"lerp_mode":"catmullrom"},"1.0":{"post":[30,0,0],"lerp_mode":"catmullrom"},"2.0":{"post":[20,0,0],"lerp_mode":"catmullrom"},"2.5":{"post":[0,0,0],"lerp_mode":"catmullrom"}},"position":{"0.0":{"post":[0,0,0],"lerp_mode":"catmullrom"}}},"Rightarm":{"rotation":{"0.0":{"post":[0,0,0],"lerp_mode":"catmullrom"},"1.0":{"post":[0,0,35],"lerp_mode":"catmullrom"},"1.5":{"post":[0,0,35.83333],"lerp_mode":"catmullrom"},"2.0":{"post":[0,0,10.46875],"lerp_mode":"catmullrom"},"2.5":{"post":[0,0,0],"lerp_mode":"catmullrom"}},"position":{"0.0":{"post":[0,0,0],"lerp_mode":"catmullrom"}}},"bone":{"rotation":{"0.0":{"post":[0,0,0],"lerp_mode":"catmullrom"},"1.0":{"post":[-42.5,0,0],"lerp_mode":"catmullrom"},"1.5":{"post":[-45.83333,0,0],"lerp_mode":"catmullrom"},"2.0":{"post":[-53.125,0,0],"lerp_mode":"catmullrom"},"2.5":{"post":[0,0,0],"lerp_mode":"catmullrom"}},"position":{"0.0":{"post":[0,0,0],"lerp_mode":"catmullrom"}}},"Rightleg":{"rotation":[0,0,0],"position":[0,0,0]},"bone2":{"rotation":[0,0,0],"position":[0,0,0]},"Root":{"rotation":[0,0,0],"position":{"0.0":[0,-39,0],"2.5":[0,0,0]}},"E":{"scale":{"0.0":{"post":[0,1,0],"lerp_mode":"catmullrom"},"2.5":{"post":[1,1,1],"lerp_mode":"catmullrom"},"3.0":{"post":[0,1,0],"lerp_mode":"catmullrom"}}},"Leftarm":{"rotation":{"0.0":{"post":[0,0,0],"lerp_mode":"catmullrom"},"0.5":{"post":[-132.5,0,0],"lerp_mode":"catmullrom"},"1.0":{"post":[-95,0,0],"lerp_mode":"catmullrom"},"1.25":{"post":[-72.5,0,0],"lerp_mode":"catmullrom"},"2.5":{"post":[0,0,0],"lerp_mode":"catmullrom"}},"position":{"0.0":{"post":[0,0,0],"lerp_mode":"catmullrom"}}},"bone4":{"rotation":{"0.0":{"post":[0,0,0],"lerp_mode":"catmullrom"},"0.5":{"post":[22.5,0,0],"lerp_mode":"catmullrom"},"1.0":{"post":[-27.5,0,0],"lerp_mode":"catmullrom"},"1.25":{"post":[-37.5,0,0],"lerp_mode":"catmullrom"},"2.5":{"post":[0,0,0],"lerp_mode":"catmullrom"}},"position":{"0.0":{"post":[0,0,0],"lerp_mode":"catmullrom"}}},"Leftleg":{"rotation":{"0.0":{"post":[0,0,0],"lerp_mode":"catmullrom"},"1.5":{"post":[-57.5,0,0],"lerp_mode":"catmullrom"},"2.0":{"post":[-72.5,0,0],"lerp_mode":"catmullrom"},"2.5":{"post":[0,0,0],"lerp_mode":"catmullrom"}},"position":{"0.0":{"post":[0,0,0],"lerp_mode":"catmullrom"}}},"bone3":{"rotation":{"0.0":{"post":[0,0,0],"lerp_mode":"catmullrom"},"1.5":{"post":[70,0,0],"lerp_mode":"catmullrom"},"2.5":{"post":[0,0,0],"lerp_mode":"catmullrom"}},"position":{"0.0":{"post":[0,0,0],"lerp_mode":"catmullrom"}}}}},"animation.yg_seek.attack":{"animation_length":0.83333,"bones":{"Body":{"rotation":{"0.0":{"post":[0,0,0],"lerp_mode":"catmullrom"},"0.1667":{"post":[0,20,0],"lerp_mode":"catmullrom"},"0.3333":{"post":[15,-20,0],"lerp_mode":"catmullrom"},"0.6667":{"post":[15,-20,0],"lerp_mode":"catmullrom"},"0.8333":{"post":[0,0,0],"lerp_mode":"catmullrom"}}},"Head":{"rotation":{"0.0":{"post":[0,0,0],"lerp_mode":"catmullrom"},"0.1667":{"post":[0,-10,0],"lerp_mode":"catmullrom"},"0.3333":{"post":[0,10,0],"lerp_mode":"catmullrom"},"0.6667":{"post":[0,10,0],"lerp_mode":"catmullrom"},"0.8333":{"post":[0,0,0],"lerp_mode":"catmullrom"}}},"Rightarm":{"rotation":{"0.0":{"post":[0,0,0],"lerp_mode":"catmullrom"},"0.1667":{"post":[17.5,0,20],"lerp_mode":"catmullrom"},"0.3333":{"post":[-74.98441,-48.18037,33.49707],"lerp_mode":"catmullrom"},"0.6667":{"post":[-74.98441,-48.18037,33.49707],"lerp_mode":"catmullrom"},"0.8333":{"post":[0,0,0],"lerp_mode":"catmullrom"}}},"bone":{"rotation":{"0.0":{"post":[0,0,0],"lerp_mode":"catmullrom"},"0.1667":{"post":[-35,0,0],"lerp_mode":"catmullrom"},"0.3333":{"post":[-36.5527,-20.43663,-32.15172],"lerp_mode":"catmullrom"},"0.6667":{"post":[-36.5527,-20.43663,-32.15172],"lerp_mode":"catmullrom"},"0.8333":{"post":[0,0,0],"lerp_mode":"catmullrom"}}},"Leftarm":{"rotation":{"0.0":{"post":[0,0,0],"lerp_mode":"catmullrom"},"0.1667":{"post":[0,0,-15],"lerp_mode":"catmullrom"},"0.3333":{"post":[10,0,-15],"lerp_mode":"catmullrom"},"0.6667":{"post":[10,0,-15],"lerp_mode":"catmullrom"},"0.8333":{"post":[0,0,0],"lerp_mode":"catmullrom"}}},"bone4":{"rotation":{"0.0":{"post":[0,0,0],"lerp_mode":"catmullrom"},"0.1667":{"post":[-7.5,0,0],"lerp_mode":"catmullrom"},"0.3333":{"post":[-22.5,0,0],"lerp_mode":"catmullrom"},"0.6667":{"post":[-22.5,0,0],"lerp_mode":"catmullrom"},"0.8333":{"post":[0,0,0],"lerp_mode":"catmullrom"}}}}},"animation.yg_seek.jumpscare":{"animation_length":2,"bones":{"Body":{"rotation":{"0.0":{"post":[0,0,0],"lerp_mode":"catmullrom"},"0.1667":{"post":[-5,0,0],"lerp_mode":"catmullrom"},"0.3333":{"post":[15,0,0],"lerp_mode":"catmullrom"},"1.8333":{"post":[15,0,0],"lerp_mode":"catmullrom"},"2.0":{"post":[0,0,0],"lerp_mode":"catmullrom"}}},"Head":{"rotation":{"0.0":{"post":[0,0,0],"lerp_mode":"catmullrom"},"0.1667":{"post":[-15,0,0],"lerp_mode":"catmullrom"},"0.3333":{"post":[-10,0,0],"lerp_mode":"catmullrom"},"1.8333":{"post":[-10,0,0],"lerp_mode":"catmullrom"},"2.0":{"post":[0,0,0],"lerp_mode":"catmullrom"}}},"Rightarm":{"rotation":{"0.0":{"post":[0,0,0],"lerp_mode":"catmullrom"},"0.1667":{"post":[19.71975,-3.40487,9.40804],"lerp_mode":"catmullrom"},"0.3333":{"post":[-52.5,0,0],"lerp_mode":"catmullrom"},"1.8333":{"post":[-52.5,0,0],"lerp_mode":"catmullrom"},"2.0":{"post":[0,0,0],"lerp_mode":"catmullrom"}}},"bone":{"rotation":{"0.0":{"post":[0,0,0],"lerp_mode":"catmullrom"},"0.1667":{"post":[-35,0,0],"lerp_mode":"catmullrom"},"0.3333":{"post":[-37.5,0,0],"lerp_mode":"catmullrom"},"1.8333":{"post":[-37.5,0,0],"lerp_mode":"catmullrom"},"2.0":{"post":[0,0,0],"lerp_mode":"catmullrom"}}},"Leftarm":{"rotation":{"0.0":{"post":[0,0,0],"lerp_mode":"catmullrom"},"0.1667":{"post":[19.8423,2.55868,-7.05239],"lerp_mode":"catmullrom"},"0.3333":{"post":[-52.5,0,0],"lerp_mode":"catmullrom"},"1.8333":{"post":[-52.5,0,0],"lerp_mode":"catmullrom"},"2.0":{"post":[0,0,0],"lerp_mode":"catmullrom"}}},"bone4":{"rotation":{"0.0":{"post":[0,0,0],"lerp_mode":"catmullrom"},"0.1667":{"post":[-35,0,0],"lerp_mode":"catmullrom"},"0.3333":{"post":[-37.5,0,0],"lerp_mode":"catmullrom"},"1.8333":{"post":[-37.5,0,0],"lerp_mode":"catmullrom"},"2.0":{"post":[0,0,0],"lerp_mode":"catmullrom"}}}}}}}