{
	"format_version": "1.8.0",
	"animations": {
		"animation.yg_snare.general": {
			"loop": true,
			"bones": {
				"Spike": {
					"position": [0, -7, 0]
				}
			}
		},
		"animation.yg_snare.jumpscare": {
			"animation_length": 2.5,
			"bones": {
				"Spike": {
					"position": {
						"0.0": {
							"post": [0, -7, 0],
							"lerp_mode": "catmullrom"
						},
						"0.1667": {
							"post": [0, 0, 0],
							"lerp_mode": "catmullrom"
						},
						"2.3333": {
							"post": [0, 0, 0],
							"lerp_mode": "catmullrom"
						},
						"2.5": {
							"post": [0, -7, 0],
							"lerp_mode": "catmullrom"
						}
					}
				}
			}
		}
	}
}