{"entity_sounds":{"entities":{"yg:ambush":{"events":{"attack":{"pitch":1,"sound":"mob.yg_ambush.attack","volume":50},"step":{"pitch":1,"sound":"mob.yg_ambush.step","volume":10}},"pitch":[1],"volume":50},"yg:a60":{"events":{"attack":{"pitch":1,"sound":"mob.yg_a60.attack","volume":50}},"pitch":[1],"volume":50},"yg:eye":{"events":{"attack":{"pitch":1,"sound":"mob.yg_eye.attack","volume":50}},"pitch":[1],"volume":50},"yg:glitch":{"events":{"attack":{"pitch":1,"sound":"mob.yg_glitch.attack","volume":50}},"pitch":[1],"volume":50},"yg:timothy":{"events":{"attack":{"pitch":1,"sound":"mob.yg_timothy.attack","volume":50}},"pitch":[1],"volume":50},"yg:seek":{"events":{"attack":{"pitch":1,"sound":"mob.yg_seek.attack","volume":50}},"pitch":[1],"volume":50},"yg:seek_in_car":{"events":{"attack":{"pitch":1,"sound":"mob.yg_seek.attack","volume":50}},"pitch":[1],"volume":50},"yg:jack":{"events":{"attack":{"pitch":1,"sound":"mob.yg_jack.attack","volume":50}},"pitch":[1],"volume":50},"yg:screech":{"events":{"attack":{"pitch":1,"sound":"mob.yg_screech.attack","volume":50},"angry":{"pitch":1,"sound":"mob.yg_screech.angry","volume":50}},"pitch":[1],"volume":50},"yg:figure":{"events":{"ambient":"mob.yg_figure.ambient","step":{"pitch":1,"sound":"mob.yg_figure.step","volume":10},"attack":{"pitch":1,"sound":"mob.yg_figure.attack","volume":50}},"pitch":[1],"volume":50},"yg:figure_light":{"events":{"ambient":"mob.yg_figure.ambient","step":{"pitch":1,"sound":"mob.yg_figure.step","volume":10},"attack":{"pitch":1,"sound":"mob.yg_figure.attack","volume":50}},"pitch":[1],"volume":50},"yg:noob_figure":{"events":{"ambient":"mob.yg_figure.ambient","step":{"pitch":1,"sound":"mob.yg_figure.step","volume":10},"attack":{"pitch":1,"sound":"mob.yg_figure.attack","volume":50}},"pitch":[1],"volume":50},"yg:halt":{"events":{"ambient":"mob.yg_halt.ambient","attack":{"pitch":1,"sound":"mob.yg_halt.attack","volume":50}},"pitch":[1],"volume":50},"yg:rush":{"events":{"ambient":"mob.yg_rush.ambient","attack":{"pitch":1,"sound":"mob.yg_rush.attack","volume":50},"step":{"pitch":1,"sound":"mob.yg_rush.step","volume":10}},"pitch":[1],"volume":50},"yg:depth":{"events":{"attack":{"pitch":1,"sound":"mob.yg_depth.attack","volume":50}},"pitch":[1],"volume":50},"yg:dupe":{"events":{"attack":{"pitch":1,"sound":"mob.yg_dupe.attack","volume":50}},"pitch":[1],"volume":50},"yg:silence":{"events":{"attack":{"pitch":1,"sound":"mob.yg_silence.attack","volume":50}},"pitch":[1],"volume":50},"yg:greed":{"events":{"attack":{"pitch":1,"sound":"mob.yg_greed.attack","volume":50}},"pitch":[1],"volume":50}}}}