{
	"format_version": "1.10.0",
	"minecraft:client_entity": {
		"description": {
			"identifier": "lk:opila_bird_scream",
			"materials": {
				"default": "entity_alphatest"
			},
			"textures": {
				"default": "textures/entity/opila_bird_scream"
			},
			"geometry": {
				"default": "geometry.opila_bird_scream"
			},
			"render_controllers": [
				"controller.render.opila_bird_scream"
			],
			"spawn_egg": {
				"texture": "lk_opila_bird_scream_egg",
				"texture_index": 0
			},
			"animations": {
				"hide": "animation.lk_opila_bird_scream.hide"
			}
		}
	}
}