{
	"format_version": "1.12.0",
	"minecraft:geometry": [
		{
			"description": {
				"identifier": "geometry.ic_door_locked_open",
				"texture_width": 128,
				"texture_height": 128,
				"visible_bounds_width": 3,
				"visible_bounds_height": 3.5,
				"visible_bounds_offset": [0, 1.25, 0]
			},
			"bones": [
				{
					"name": "main",
					"pivot": [0, 0, 0]
				},
				{
					"name": "door",
					"parent": "main",
					"pivot": [8, 16, 0],
					"rotation": [0, 90, 0],
					"cubes": [
						{"origin": [-8, 0, -1], "size": [16, 32, 2], "uv": [0, 0]},
						{"origin": [-4, 21, -2], "size": [8, 5, 1], "uv": [39, 0]},
						{"origin": [-6.25, 11.5, -1.5], "size": [1, 3, 1], "uv": [38, 40]}
					]
				},
				{
					"name": "knob",
					"parent": "door",
					"pivot": [-6, 13, 0],
					"cubes": [
						{
							"origin": [-6, 12.5, -2],
							"size": [3, 1, 0.5],
							"uv": {
								"north": {"uv": [39, 41], "uv_size": [3, 1]},
								"east": {"uv": [38, 41], "uv_size": [1, 1]},
								"south": {"uv": [43, 41], "uv_size": [3, 1]},
								"west": {"uv": [42, 41], "uv_size": [1, 1]},
								"up": {"uv": [39, 40], "uv_size": [3, 1]},
								"down": {"uv": [42, 41], "uv_size": [3, -1]}
							}
						}
					]
				},
				{
					"name": "lock",
					"parent": "door",
					"pivot": [-6.5, 12, -2],
					"rotation": [5, 0, -20],
					"cubes": [
						{"origin": [-7.5, 11, -2.5], "size": [3, 2, 1], "uv": [0, 66]},
						{"origin": [-8, 7, -2.5], "size": [4, 4, 1], "uv": [0, 34]}
					]
				}
			]
		}
	]
}