{
	"format_version": "1.12.0",
	"minecraft:geometry": [
		{
			"description": {
				"identifier": "geometry.ic_gate_large_open",
				"texture_width": 128,
				"texture_height": 128,
				"visible_bounds_width": 11,
				"visible_bounds_height": 4.5,
				"visible_bounds_offset": [0, 1.75, 0]
			},
			"bones": [
				{
					"name": "main",
					"pivot": [0, 0, 0]
				},
				{
					"name": "lever",
					"parent": "main",
					"pivot": [48, 23, -8],
					"cubes": [
						{"origin": [46, 18, -9], "size": [4, 13, 1], "uv": [0, 51]}
					]
				},
				{
					"name": "switch",
					"parent": "lever",
					"pivot": [48, 20, -8],
					"cubes": [
						{"origin": [47.5, 20, -13], "size": [1, 1, 4], "uv": [26, 51]},
						{"origin": [47, 19.5, -14], "size": [2, 2, 2], "uv": [32, 51]}
					]
				},
				{
					"name": "left_door",
					"parent": "main",
					"pivot": [59, 23, 0],
					"cubes": [
						{"origin": [35, 0, -1.5], "size": [40, 48, 3], "uv": [0, 0]},
						{"origin": [32, 8, -2], "size": [6, 6, 2], "uv": [10, 51]}
					]
				},
				{
					"name": "right_door",
					"parent": "main",
					"pivot": [-61, 23, 0],
					"cubes": [
						{"origin": [-77, 0, -1.5], "size": [40, 48, 3], "uv": [0, 0], "mirror": true},
						{"origin": [-40, 31, -2], "size": [6, 6, 2], "uv": [10, 51], "mirror": true}
					]
				}
			]
		}
	]
}