{
	"format_version": "1.12.0",
	"minecraft:geometry": [
		{
			"description": {
				"identifier": "geometry.ic_grand_door_open",
				"texture_width": 64,
				"texture_height": 64,
				"visible_bounds_width": 5,
				"visible_bounds_height": 4.5,
				"visible_bounds_offset": [0, 1.75, 0]
			},
			"bones": [
				{
					"name": "main",
					"pivot": [0, 0, 0]
				},
				{
					"name": "left_door",
					"parent": "main",
					"pivot": [24, 23, 0],
					"rotation": [0, 90, 0],
					"cubes": [
						{"origin": [0, 0, -1.5], "size": [24, 48, 3], "uv": [0, 0]},
						{"origin": [0.5, 18, -3], "size": [2, 8, 2], "uv": [0, 51]},
						{"origin": [0.5, 18, 1], "size": [2, 8, 2], "uv": [0, 51]}
					]
				},
				{
					"name": "right_door",
					"parent": "main",
					"pivot": [-24, 23, 0],
					"rotation": [0, -90, 0],
					"cubes": [
						{"origin": [-24, 0, -1.5], "size": [24, 48, 3], "uv": [0, 0], "mirror": true},
						{"origin": [-2.5, 18, -3], "size": [2, 8, 2], "uv": [0, 51], "mirror": true},
						{"origin": [-2.5, 18, 1], "size": [2, 8, 2], "uv": [0, 51], "mirror": true}
					]
				}
			]
		}
	]
}