{
	"format_version": "1.12.0",
	"minecraft:geometry": [
		{
			"description": {
				"identifier": "geometry.ic_locker",
				"texture_width": 128,
				"texture_height": 128,
				"visible_bounds_width": 3,
				"visible_bounds_height": 4.5,
				"visible_bounds_offset": [0, 1.75, 0]
			},
			"bones": [
				{
					"name": "root",
					"pivot": [0, 1, 0],
					"cubes": [
						{"origin": [-9, 1, -9], "size": [1, 32, 18], "uv": [38, 38]},
						{"origin": [-9, 1, -8], "size": [2, 32, 16], "pivot": [0, 1, 0], "rotation": [0, 90, 0], "uv": [72, 0]},
						{"origin": [8, 1, -9], "size": [1, 32, 18], "uv": [0, 38]},
						{"origin": [-9, 33, -9], "size": [18, 1, 18], "uv": [0, 19]},
						{"origin": [-9, 0, -9], "size": [18, 1, 18], "uv": [0, 0]}
					]
				},
				{
					"name": "door",
					"parent": "root",
					"pivot": [8, 18, -9],
					"cubes": [
						{"origin": [7, 1, -10], "size": [2, 32, 1], "uv": [82, 76]},
						{"origin": [-7, 31, -10], "size": [14, 2, 1], "uv": [20, 41]},
						{"origin": [-7, 1, -10], "size": [14, 2, 1], "uv": [20, 38]},
						{"origin": [-9, 1, -10], "size": [2, 32, 1], "uv": [76, 76]},
						{"origin": [-7, 3, -9.5], "size": [14, 28, 0], "uv": [76, 48]}
					]
				}
			]
		}
	]
}