{
	"format_version": "1.12.0",
	"minecraft:geometry": [
		{
			"description": {
				"identifier": "geometry.ic_table1",
				"texture_width": 128,
				"texture_height": 128,
				"visible_bounds_width": 5,
				"visible_bounds_height": 2.5,
				"visible_bounds_offset": [0, 0.75, 0]
			},
			"bones": [
				{
					"name": "main",
					"pivot": [-13, 0, 0],
					"cubes": [
						{"origin": [-7.5, 0, -7.5], "size": [15, 15, 15], "uv": [0, 17]},
						{"origin": [-6, 0.5, -8.5], "size": [12, 4, 15], "uv": [45, 32]},
						{"origin": [-6, 5.5, -8.5], "size": [12, 4, 15], "uv": [45, 32]},
						{"origin": [-6, 10.5, -8.5], "size": [12, 4, 15], "uv": [45, 32]},
						{
							"origin": [-8.5, 15, -8.5],
							"size": [17, 1, 17],
							"uv": {
								"north": {"uv": [28, 87], "uv_size": [17, 1]},
								"east": {"uv": [11, 87], "uv_size": [17, 1]},
								"south": {"uv": [62, 87], "uv_size": [17, 1]},
								"west": {"uv": [45, 87], "uv_size": [17, 1]},
								"up": {"uv": [28, 70], "uv_size": [17, 17]},
								"down": {"uv": [64, 87], "uv_size": [17, -17]}
							}
						},
						{"origin": [-8, 0, -8], "size": [2, 15, 2], "uv": [0, 66]},
						{"origin": [6, 0, -8], "size": [2, 15, 2], "uv": [0, 66]},
						{"origin": [-8, 0, 6], "size": [2, 15, 2], "uv": [0, 66]},
						{"origin": [6, 0, 6], "size": [2, 15, 2], "uv": [0, 66]}
					]
				}
			]
		}
	]
}