{"packs":[{"can_be_redownloaded":false,"name":"ch2 banban","uuid":"40640296-71dc-4916-a3a2-844cd9f6fe8c","version":[0,0,1]},{"can_be_redownloaded":false,"name":"mod banban kindergarden","uuid":"d0a448c2-7a93-438c-b0e0-d1f3afc05a86","version":[0,0,1]},{"can_be_redownloaded":false,"name":"(GoB) Garten of BanBan 2 v3.1","uuid":"b6e647d8-a48c-46c2-801c-b0b72273ba6c","version":[3,1,1]},{"can_be_redownloaded":false,"name":"Garten Of Banban 3 ","uuid":"b6a09ec4-8e92-4ca2-a1a6-01cb996675b5","version":[1,19,81]},{"can_be_redownloaded":false,"name":"§l§fGarten of §ab§fa§cn§5b§da§6n §93 §fAddon","uuid":"08b6d1fd-2481-45f4-8601-af209e5ae82f","version":[0,0,1]}]}
