{
  "format_version": "1.8.0",
  "animations": {
    "animation.yg_sussy_wussy.general": {
      "loop": true,
      "animation_length": 2,
      "bones": {
        "Body": {
          "rotation": {
            "0.0": {
              "post": [
                0,
                0,
                -5
              ],
              "lerp_mode": "catmullrom"
            },
            "1.0": {
              "post": [
                5,
                0,
                7.5
              ],
              "lerp_mode": "catmullrom"
            },
            "1.5": {
              "post": [
                0,
                0,
                7.5
              ],
              "lerp_mode": "catmullrom"
            },
            "2.0": {
              "post": [
                0,
                0,
                -5
              ],
              "lerp_mode": "catmullrom"
            }
          }
        },
        "Head": {
          "rotation": {
            "0.0": {
              "post": [
                0,
                0,
                10
              ],
              "lerp_mode": "catmullrom"
            },
            "1.0": {
              "post": [
                7.5,
                0,
                -7.5
              ],
              "lerp_mode": "catmullrom"
            },
            "1.5": {
              "post": [
                0,
                0,
                -2.5
              ],
              "lerp_mode": "catmullrom"
            },
            "2.0": {
              "post": [
                0,
                0,
                10
              ],
              "lerp_mode": "catmullrom"
            }
          }
        },
        "Rightarm": {
          "rotation": {
            "0.0": {
              "post": [
                0,
                0,
                5
              ],
              "lerp_mode": "catmullrom"
            },
            "1.0": {
              "post": [
                -2.5,
                0,
                -10
              ],
              "lerp_mode": "catmullrom"
            },
            "2.0": {
              "post": [
                0,
                0,
                5
              ],
              "lerp_mode": "catmullrom"
            }
          }
        },
        "Leftarm": {
          "rotation": {
            "0.0": {
              "post": [
                0,
                0,
                7.5
              ],
              "lerp_mode": "catmullrom"
            },
            "1.0": {
              "post": [
                -5,
                0,
                -7.5
              ],
              "lerp_mode": "catmullrom"
            },
            "2.0": {
              "post": [
                0,
                0,
                7.5
              ],
              "lerp_mode": "catmullrom"
            }
          }
        }
      }
    },
    "animation.yg_sussy_wussy.looking": {
      "loop": true,
      "bones": {
        "Head": {
          "rotation": {
            "0.0": {
              "post": [
                "query.target_x_rotation-this",
                "query.target_y_rotation-this",
                0
              ],
              "lerp_mode": "catmullrom"
            }
          }
        }
      }
    },
    "animation.yg_sussy_wussy.move": {
      "loop": true,
      "animation_length": 1,
      "anim_time_update": "query.modified_distance_moved * 0.1",
      "bones": {
        "Root": {
          "rotation": {
            "0.0": {
              "post": [
                0,
                -10,
                0
              ],
              "lerp_mode": "catmullrom"
            },
            "0.5": {
              "post": [
                0,
                10,
                0
              ],
              "lerp_mode": "catmullrom"
            },
            "1.0": {
              "post": [
                0,
                -10,
                0
              ],
              "lerp_mode": "catmullrom"
            }
          },
          "position": {
            "0.0": {
              "post": [
                0,
                -1,
                0
              ],
              "lerp_mode": "catmullrom"
            },
            "0.25": {
              "post": [
                0,
                0,
                0
              ],
              "lerp_mode": "catmullrom"
            },
            "0.5": {
              "post": [
                0,
                -1,
                0
              ],
              "lerp_mode": "catmullrom"
            },
            "0.75": {
              "post": [
                0,
                0,
                0
              ],
              "lerp_mode": "catmullrom"
            },
            "1.0": {
              "post": [
                0,
                -1,
                0
              ],
              "lerp_mode": "catmullrom"
            }
          }
        },
        "Body": {
          "rotation": {
            "0.0": {
              "post": [
                6.3392,
                9.21452,
                8.44909
              ],
              "lerp_mode": "catmullrom"
            },
            "0.5": {
              "post": [
                10.98238,
                -14.3042,
                -5.20206
              ],
              "lerp_mode": "catmullrom"
            },
            "1.0": {
              "post": [
                6.3392,
                9.21452,
                8.44909
              ],
              "lerp_mode": "catmullrom"
            }
          }
        },
        "Head": {
          "rotation": {
            "0.0": {
              "post": [
                0,
                0,
                -10
              ],
              "lerp_mode": "catmullrom"
            },
            "0.5": {
              "post": [
                0,
                0,
                12.5
              ],
              "lerp_mode": "catmullrom"
            },
            "0.75": {
              "post": [
                10,
                0,
                2.65625
              ],
              "lerp_mode": "catmullrom"
            },
            "1.0": {
              "post": [
                0,
                0,
                -10
              ],
              "lerp_mode": "catmullrom"
            }
          }
        },
        "Rightarm": {
          "rotation": {
            "0.0": {
              "post": [
                -47.5,
                0,
                0
              ],
              "lerp_mode": "catmullrom"
            },
            "0.25": {
              "post": [
                -67.46564,
                20.17366,
                8.23875
              ],
              "lerp_mode": "catmullrom"
            },
            "0.5": {
              "post": [
                -87.5,
                0,
                0
              ],
              "lerp_mode": "catmullrom"
            },
            "0.75": {
              "post": [
                -64.96851,
                -25.25199,
                -11.26653
              ],
              "lerp_mode": "catmullrom"
            },
            "1.0": {
              "post": [
                -47.5,
                0,
                0
              ],
              "lerp_mode": "catmullrom"
            }
          }
        },
        "Leftarm": {
          "rotation": {
            "0.0": {
              "post": [
                -82.5,
                0,
                0
              ],
              "lerp_mode": "catmullrom"
            },
            "0.25": {
              "post": [
                -61.69995,
                26.94622,
                13.71217
              ],
              "lerp_mode": "catmullrom"
            },
            "0.5": {
              "post": [
                -47.5,
                0,
                0
              ],
              "lerp_mode": "catmullrom"
            },
            "0.75": {
              "post": [
                -62.40541,
                -19.58371,
                -9.97665
              ],
              "lerp_mode": "catmullrom"
            },
            "1.0": {
              "post": [
                -82.5,
                0,
                0
              ],
              "lerp_mode": "catmullrom"
            }
          }
        },
        "Rightleg": {
          "rotation": {
            "0.0": {
              "post": [
                -30,
                0,
                0
              ],
              "lerp_mode": "catmullrom"
            },
            "0.5": {
              "post": [
                42.5,
                0,
                0
              ],
              "lerp_mode": "catmullrom"
            },
            "1.0": {
              "post": [
                -30,
                0,
                0
              ],
              "lerp_mode": "catmullrom"
            }
          },
          "position": {
            "0.0": {
              "post": [
                0,
                0,
                -1
              ],
              "lerp_mode": "catmullrom"
            },
            "0.25": {
              "post": [
                0,
                0,
                0
              ],
              "lerp_mode": "catmullrom"
            },
            "0.5": {
              "post": [
                0,
                0,
                1
              ],
              "lerp_mode": "catmullrom"
            },
            "0.75": {
              "post": [
                0,
                2,
                0
              ],
              "lerp_mode": "catmullrom"
            },
            "1.0": {
              "post": [
                0,
                0,
                -1
              ],
              "lerp_mode": "catmullrom"
            }
          }
        },
        "Leftleg": {
          "rotation": {
            "0.0": {
              "post": [
                42.5,
                0,
                0
              ],
              "lerp_mode": "catmullrom"
            },
            "0.5": {
              "post": [
                -30,
                0,
                0
              ],
              "lerp_mode": "catmullrom"
            },
            "1.0": {
              "post": [
                42.5,
                0,
                0
              ],
              "lerp_mode": "catmullrom"
            }
          },
          "position": {
            "0.0": {
              "post": [
                0,
                0,
                1
              ],
              "lerp_mode": "catmullrom"
            },
            "0.25": {
              "post": [
                0,
                2,
                0
              ],
              "lerp_mode": "catmullrom"
            },
            "0.5": {
              "post": [
                0,
                0,
                -1
              ],
              "lerp_mode": "catmullrom"
            },
            "0.75": {
              "post": [
                0,
                0,
                0
              ],
              "lerp_mode": "catmullrom"
            },
            "1.0": {
              "post": [
                0,
                0,
                1
              ],
              "lerp_mode": "catmullrom"
            }
          }
        }
      }
    },
    "animation.yg_sussy_wussy.attack": {
      "animation_length": 0.83333,
      "bones": {
        "Body": {
          "rotation": {
            "0.0": {
              "post": [
                0,
                0,
                0
              ],
              "lerp_mode": "catmullrom"
            },
            "0.1667": {
              "post": [
                -15,
                0,
                0
              ],
              "lerp_mode": "catmullrom"
            },
            "0.3333": {
              "post": [
                17.5,
                0,
                0
              ],
              "lerp_mode": "catmullrom"
            },
            "0.6667": {
              "post": [
                17.5,
                0,
                0
              ],
              "lerp_mode": "catmullrom"
            },
            "0.8333": {
              "post": [
                0,
                0,
                0
              ],
              "lerp_mode": "catmullrom"
            }
          }
        },
        "Head": {
          "rotation": {
            "0.0": {
              "post": [
                0,
                0,
                0
              ],
              "lerp_mode": "catmullrom"
            },
            "0.1667": {
              "post": [
                -17.5,
                0,
                0
              ],
              "lerp_mode": "catmullrom"
            },
            "0.3333": {
              "post": [
                17.5,
                0,
                0
              ],
              "lerp_mode": "catmullrom"
            },
            "0.6667": {
              "post": [
                17.5,
                0,
                0
              ],
              "lerp_mode": "catmullrom"
            },
            "0.8333": {
              "post": [
                0,
                0,
                0
              ],
              "lerp_mode": "catmullrom"
            }
          }
        },
        "Rightarm": {
          "rotation": {
            "0.0": {
              "post": [
                0,
                0,
                0
              ],
              "lerp_mode": "catmullrom"
            },
            "0.1667": {
              "post": [
                50,
                0,
                0
              ],
              "lerp_mode": "catmullrom"
            },
            "0.3333": {
              "post": [
                -65.43798,
                -22.9824,
                -10.11783
              ],
              "lerp_mode": "catmullrom"
            },
            "0.6667": {
              "post": [
                -65.43798,
                -22.9824,
                -10.11783
              ],
              "lerp_mode": "catmullrom"
            },
            "0.8333": {
              "post": [
                0,
                0,
                0
              ],
              "lerp_mode": "catmullrom"
            }
          }
        },
        "Leftarm": {
          "rotation": {
            "0.0": {
              "post": [
                0,
                0,
                0
              ],
              "lerp_mode": "catmullrom"
            },
            "0.1667": {
              "post": [
                50,
                0,
                0
              ],
              "lerp_mode": "catmullrom"
            },
            "0.3333": {
              "post": [
                -65.43798,
                22.9824,
                10.11783
              ],
              "lerp_mode": "catmullrom"
            },
            "0.6667": {
              "post": [
                -65.43798,
                22.9824,
                10.11783
              ],
              "lerp_mode": "catmullrom"
            },
            "0.8333": {
              "post": [
                0,
                0,
                0
              ],
              "lerp_mode": "catmullrom"
            }
          }
        }
      }
    },
    "animation.yg_sussy_wussy.jumpscare": {
      "animation_length": 2.04167,
      "bones": {
        "Body": {
          "rotation": {
            "0.0": {
              "post": [
                0,
                0,
                0
              ],
              "lerp_mode": "catmullrom"
            },
            "0.1667": {
              "post": [
                -17.5,
                0,
                0
              ],
              "lerp_mode": "catmullrom"
            },
            "0.3333": {
              "post": [
                15,
                0,
                0
              ],
              "lerp_mode": "catmullrom"
            },
            "1.8333": {
              "post": [
                15,
                0,
                0
              ],
              "lerp_mode": "catmullrom"
            },
            "2.0417": {
              "post": [
                0,
                0,
                0
              ],
              "lerp_mode": "catmullrom"
            }
          }
        },
        "Head": {
          "rotation": {
            "0.0": {
              "post": [
                0,
                0,
                0
              ],
              "lerp_mode": "catmullrom"
            },
            "0.1667": {
              "post": [
                -12.5,
                0,
                0
              ],
              "lerp_mode": "catmullrom"
            },
            "0.3333": {
              "post": [
                -5,
                0,
                0
              ],
              "lerp_mode": "catmullrom"
            },
            "0.5": {
              "post": [
                -4.68042,
                -0.40902,
                -4.98328
              ],
              "lerp_mode": "catmullrom"
            },
            "0.75": {
              "post": [
                -4.87122,
                -12.74086,
                4.69083
              ],
              "lerp_mode": "catmullrom"
            },
            "1.0": {
              "post": [
                -4.89486,
                1.00175,
                11.31869
              ],
              "lerp_mode": "catmullrom"
            },
            "1.25": {
              "post": [
                -5.16058,
                9.88731,
                -1.18462
              ],
              "lerp_mode": "catmullrom"
            },
            "1.5": {
              "post": [
                -5.21849,
                -1.17691,
                -12.38736
              ],
              "lerp_mode": "catmullrom"
            },
            "1.8333": {
              "post": [
                -5,
                0,
                0
              ],
              "lerp_mode": "catmullrom"
            },
            "2.0417": {
              "post": [
                0,
                0,
                0
              ],
              "lerp_mode": "catmullrom"
            }
          }
        },
        "Rightarm": {
          "rotation": {
            "0.0": {
              "post": [
                0,
                0,
                0
              ],
              "lerp_mode": "catmullrom"
            },
            "0.1667": {
              "post": [
                56.87402,
                -10.51794,
                6.79286
              ],
              "lerp_mode": "catmullrom"
            },
            "0.3333": {
              "post": [
                -82.32005,
                -12.39135,
                -1.6575
              ],
              "lerp_mode": "catmullrom"
            },
            "1.8333": {
              "post": [
                -82.32005,
                -12.39135,
                -1.6575
              ],
              "lerp_mode": "catmullrom"
            },
            "2.0417": {
              "post": [
                0,
                0,
                0
              ],
              "lerp_mode": "catmullrom"
            }
          }
        },
        "Leftarm": {
          "rotation": {
            "0.0": {
              "post": [
                0,
                0,
                0
              ],
              "lerp_mode": "catmullrom"
            },
            "0.1667": {
              "post": [
                56.87402,
                10.51794,
                -6.79286
              ],
              "lerp_mode": "catmullrom"
            },
            "0.3333": {
              "post": [
                -82.43603,
                7.43547,
                0.98448
              ],
              "lerp_mode": "catmullrom"
            },
            "1.8333": {
              "post": [
                -82.43603,
                7.43547,
                0.98448
              ],
              "lerp_mode": "catmullrom"
            },
            "2.0417": {
              "post": [
                0,
                0,
                0
              ],
              "lerp_mode": "catmullrom"
            }
          }
        }
      }
    }
  }
}