{
    "format_version" : "1.8.0",
   "minecraft:entity" : {
      "description": {
         "identifier": "mcpe:avanza",
         "is_spawnable" : true,
         "is_experimental" : true,
         "is_summonable" : true
      },
      "components" : {
        "minecraft:type_family": {
         "family": [ "kendaraan" ]
          },
          "minecraft:health": {
            "value": 20,
             "max": 20
           },
           "minecraft:collision_box": {
             "width": 0.6,
             "height": 1.8
            },
            "minecraft:movement": {
              "value": 0.2
            },
            "minecraft:nameable" : {
             "alwaysShow" : true,
             "allowNameTagRenaming" : true
            },
            "minecraft:push_through": {
              "value": 1
           }, 
           "minecraft:rideable": {
             "priority": 0,
             "seat_count": 4,
             "crouching_skip_interact": true,
             "interact_text": "Naik",
             "pull_in_entities": true,

            "seats": [
            {
            "position": [ -0.3, 0.5, -0.6 ],
            "min_rider_count": 1,
            "max_rider_count": 4
          },
          {
						"position": [ 0.3, 0.3, -0.6 ],
						"min_rider_count": 2,
						"max_rider_count": 4
					},
					{
						"position": [ -0.3, 0.3, -1.8 ],
						"min_rider_count": 3,
						"max_rider_count": 4
					},
             {
						"position": [ 0.3, 0.3, -1.8 ],
						"min_rider_count": 4,
						"max_rider_count": 4
					}
        ]
      },
      "minecraft:input_ground_controlled": {},
      "minecraft:physics": {}
     }
  }
}