{
    "format_version" : "1.8.0",
   "minecraft:entity" : {
      "description": {
         "identifier": "mcpe:travel_isuzu",
         "is_spawnable" : true,
         "is_experimental" : true,
         "is_summonable" : true
      },
      "components" : {
        "minecraft:type_family": {
         "family": [ "kendaraan" ]
          },
          "minecraft:health": {
            "value": 20,
             "max": 20
           },
           "minecraft:collision_box": {
             "width": 0.6,
             "height": 1.8
            },
            "minecraft:movement": {
              "value": 0.2
            },
            "minecraft:nameable" : {
             "alwaysShow" : true,
             "allowNameTagRenaming" : true
            },
            "minecraft:push_through": {
              "value": 1
           }, 
           "minecraft:rideable": {
             "priority": 0,
             "seat_count": 7,
             "crouching_skip_interact": true,
             "interact_text": "Naik",
             "family_types": [ 
             "player"
            ],
            "seats": [
            {
            "position": [ -0.3, 0.9, 0 ],
            "min_rider_count": 1,
            "max_rider_count": 7
          },
          {
						"position": [ -0.3, 0.9, -1 ],
						"min_rider_count": 2,
						"max_rider_count": 7
					},
					{
						"position": [ -0.3, 0.9, -2.1 ],
						"min_rider_count": 3,
						"max_rider_count": 7
					},
             {
						"position": [ -0.3, 0.9, -3.4 ],
						"min_rider_count": 4,
						"max_rider_count": 7
					},
					{
						"position": [ -0.3, 0.9, -4.6 ],
						"min_rider_count": 5,
						"max_rider_count": 7
					},
             {
						"position": [ -0.3, 0.9, -5.8 ],
						"min_rider_count": 6,
						"max_rider_count": 7
					},
					{
						"position": [ -0.3, 0.9, 7.2 ],
						"min_rider_count": 7,
						"max_rider_count": 7
					}
        ]
      },
      "minecraft:input_ground_controlled": {},
      "minecraft:physics": {}
     }
  }
}