{"format_version":"1.10.0","minecraft:attachable":{"description":{"identifier":"yg:stinger_flynn_morph.player","item":{"yg:stinger_flynn_morph":"query.owner_identifier == 'minecraft:player'"},"materials":{"default":"armor","enchanted":"armor_enchanted"},"textures":{"default":"textures/entity/yg_stinger_flynn","enchanted":"textures/misc/enchanted_item_glint"},"geometry":{"default":"geometry.yg_stinger_flynn_morph"},"scripts":{"animate":["general","attack"],"pre_animation":["variable.random = math.round(math.random(0,2));"],"parent_setup":"variable.helmet_layer_visible = 0.0;"},"animations":{"gazo_general":"animation.yg_stinger_flynn_morph.general","general":"controller.animation.yg_stinger_flynn_morph.general","attack0":"animation.yg_stinger_flynn_morph.attack","attack":"controller.animation.yg_stinger_flynn_morph.attack","jumpscare":"animation.yg_stinger_flynn_morph.jumpscare"},"render_controllers":["controller.render.armor"]}}}