{
  "format_version": "1.10.0",
  "minecraft:client_entity": {
    "description": {
      "identifier": "ic:a90",
      "textures": {
        "default": "textures/entity/null"
      },
      "materials": {
        "default": "entity_emissive_alpha"
      },
      "geometry": {
        "default": "geometry.null"
      },
      "spawn_egg": {
        "texture": "ic:a90",
        "texture_index": 0
      },
      "render_controllers": [
        "controller.render.default"
      ],
      "scripts": {
      "should_update_bones_and_effects_offscreen": true,
        "animate": [
        "far",
        "close"
        ]
      }
    }
  }
}