{
  "format_version": "1.10.0",
  "minecraft:client_entity": {
    "description": {
      "identifier": "ic:bob",
      "textures": {
        "default": "textures/entity/ic_bob"
      },
      "materials": {
        "default": "entity_alphatest"
      },
      "geometry": {
        "default": "geometry.ic_bob"
      },
      "particle_effects": {
        "fly": "ic:bob_particle"
      },
      "spawn_egg": {
        "texture": "ic:bob",
        "texture_index": 0
      },
      "render_controllers": [
        "controller.render.default"
      ],
      "animations": {
        "default": "animation.bob.default",
        "secret_anim": "animation.ic_bob.secret_anim" 
      },
      "scripts": {
      "should_update_bones_and_effects_offscreen": true,
        "animate": [
        "default"
        ]
      }
    }
  }
}