{
  "format_version": "1.10.0",
  "minecraft:client_entity": {
    "description": {
      "identifier": "ic:crucifix_activate_extended",
      "textures": {
        "default": "textures/entity/ic_crucifix_activated_extended"
      },
      "materials": {
        "default": "entity_emissive_alpha",
        "chains": "entity_beam_additive" 
      },
      "geometry": {
        "default": "geometry.crucifix_activated_extended"
      },
      "sound_effects": {
        "success": "crucifix.activated.success"
      },
      "particle_effects": {
      "light": "ic:curious_light",
        "crucifix_blue": "ic:curious_light"
      },
      "render_controllers": [
        "controller.render.crucifix"
      ],
      "animations": {
      "default": "animation.crucifix.default", 
        "success": "animation.crucifix.activate_extended", 
        "crucifix_controls" : "controller.animation.crucifix"
      },
      "scripts": {
        "animate": [
          "crucifix_controls"
        ]
      }
    }
  }
}