{
  "format_version": "1.10.0",
  "minecraft:client_entity": {
    "description": {
      "identifier": "ic:rush",
      "textures": {
        "default": "textures/entity/ic_rush"
      },
      "materials": {
        "default": "entity_alphatest"
      },
      "geometry": {
        "default": "geometry.ic_rush"
      },
      "sound_effects": {
        "ambient_far": "mob.rush.ambient_far",
        "ambient_close": "mob.rush.ambient_close"
      },
      "particle_effects": {
        "rush_particle": "ic:rush_particle"
      },
      "spawn_egg": {
        "texture": "ic:rush",
        "texture_index": 0
      },
      "render_controllers": [
        "controller.render.default"
      ],
      "animations": {
        "idle": "animation.rush.stationary",
        "far": "animation.rush.far",
        "close": "animation.rush.close",
        "banish": "animation.ic_entity.banished"
      },
      "scripts": {
      "should_update_bones_and_effects_offscreen": true,
        "animate": [
        { "idle": "!query.is_riding"},
        "far",
        "close",
        {"banish" : "query.is_riding"}
        ]
      }
    }
  }
}