{
  "format_version": "1.10.0",
  "minecraft:client_entity": {
    "description": {
      "identifier": "ic:seek_eyes",
      "textures": {
        "default": "textures/entity/ic_seek_eyes"
      },
      "materials": {
        "default": "entity_emissive_alpha"
      },
      "geometry": {
        "default": "geometry.ic_seek_eyes"
      },
      "spawn_egg": {
        "texture": "ic:seek_eyes",
        "texture_index": 0
      },
      "render_controllers": [
        "controller.render.default"
      ],
      "animations": {
        "default": "animation.ic_seek_eyes.default",
        "small": "animation.ic_seek_eyes.small",
        "medium": "animation.ic_seek_eyes.medium",
        "large": "animation.ic_seek_eyes.large"
      },
      "scripts": {
      "should_update_bones_and_effects_offscreen": true,
        "animate": [
        "default",
        {"small" : "query.variant == 0"},
        {"medium" : "query.variant == 1"},
        {"large" : "query.variant == 2"}
        ]
      }
    }
  }
}