{
  "format_version": "1.10.0",
  "minecraft:client_entity": {
    "description": {
      "identifier": "ic:seek",
      "textures": {
        "default": "textures/entity/ic_seek"
      },
      "materials": {
        "default": "entity_emissive_alpha"
      },
      "geometry": {
        "default": "geometry.ic_seek"
      },
      "render_controllers": [
        "controller.render.default"
      ],
      "sound_effects": {
        "step_1": "mob.seek.step_1",
        "step_2": "mob.seek.step_2" 
      },
      "animations": {
      "head" : "animation.humanoid.look_at_target.default",
        "walk": "animation.ic_seek.chase",
        "chained": "animation.ic_seek.crucifix",
        "idle": "animation.ic_seek.idle",
        "rise": "animation.ic_seek.rise", 
        "jumpscare": "animation.ic_seek.jumpscare", 
        "seek_controls" : "controller.animation.seek"
      },
      "scripts": {
      "should_update_bones_and_effects_offscreen": true,
        "animate": [
        "head",
        {"chained": "query.is_riding"},
          "seek_controls"
        ]
      }
    }
  }
}