{
  "format_version": "1.10",
  "minecraft:item": {
    "description": {
      "identifier": "ic:vitamins",
      "category": "Equipment" 
    },
    "components": {
      "minecraft:hand_equipped": false,
      "minecraft:stacked_by_data": false,
      "minecraft:max_stack_size": 3, 
      "minecraft:display_name": {
        "value": "§lVitamins"
      },
      "minecraft:icon": {
        "texture": "ic:vitamins"
      },
      "minecraft:creative_category": {
        "parent": "itemGroup.name.tools"
      }, 
      "minecraft:use_duration": 16,
      "minecraft:food": {
        "nutrition": 4,
        "saturation_modifier": "normal",
        "can_always_eat": true,
        "effects": [
          {
            "name": "speed",
            "chance": 1.0,
            "duration": 8,
            "amplifier": 2
          }
        ]
      }
    }
  }
}