{
  "format_version": "1.16.100",
  "minecraft:item": {
    "description": {
      "identifier": "ic:lockpick", 
      "category": "Equipment" 
    },
    "components": {
      "minecraft:display_name": {
        "value": "§lLockpick§r§f\n\n§oRight Click on the lower\nhalf of locked doors"
      },
		"minecraft:creative_category": {
        "parent": "itemGroup.name.tools"
      },
      "minecraft:stacked_by_data": false,
      "minecraft:allow_off_hand": false,
      "minecraft:hand_equipped": false,
      "minecraft:max_stack_size": 3, 
      "minecraft:icon": {
        "texture": "ic:lockpick"
      }
     }, 
     "events": {
		"open": {
			"sequence": [
				{
					"damage": {
						"type": "none",
						"amount": 0,
						"target": "self"
					}, 
					"run_command": {
							"command": [
								"particle minecraft:camera_shoot_particle ^ ^ ^"
							]
						}
				}
			]
		}
	} 
  }
}