{
  "format_version": "1.16.100",
  "minecraft:item": {
    "description": {
      "identifier": "ic:tablet", 
      "category": "Equipment" 
    },
    "components": {
      "minecraft:display_name": {
        "value": "§lNVCS - 3000"
      },
		"minecraft:durability": {
			"max_durability": 10
		},
		"minecraft:creative_category": {
        "parent": "itemGroup.name.tools"
      },
		"minecraft:on_use": {
			"on_use": {
				"event":"use"
			}		
		},
      "minecraft:stacked_by_data": false,
      "minecraft:cooldown": {
        "category": "tablet",
        "duration": 5
      },
      "minecraft:allow_off_hand": false,
      "minecraft:hand_equipped": true,
      "minecraft:use_duration": 17,
      "minecraft:max_stack_size": 1,
      "minecraft:icon": {
        "texture": "ic:tablet"
      }
     }, 
     "events": {
		"use": {
			"sequence": [
				{
					"run_command": {
							"command": [
								"effect @s night_vision 4 1 true"
							]
						}
				}
			]
		}
	} 
  }
}