{
	"file_path": "C:\\Users\\user\\AppData\\Local\\Packages\\Microsoft.MinecraftUWP_8wekyb3d8bbwe\\LocalState\\games\\com.mojang\\minecraftWorlds\\UqhrXyJPAAA=\\resource_packs\\RP\\textures\\item_texture.json",
	"file_type": "item_texture",
	"format_version": 1,
	"file_uuid": "91471658_0b75_4d87_9eb1_a4c7448f6613",
	"file_version": 54,
	"cache_content": {
		"children": [
			{
				"data": "bridgeRP",
				"key": "resource_pack_name"
			},
			{
				"data": "atlas.items",
				"key": "texture_name"
			},
			{
				"open": {
					"resource_pack_name": "bridgeRP",
					"texture_name": "atlas.items",
					"texture_data": {
						"puerta": {
							"textures": [
								"textures/items/spawn_egg/Bunker_door_spawn_egg"
							]
						},
						"rotador": {
							"textures": [
								"textures/items/herramientas/Rotador"
							]
						},
						"factory": {
							"textures": [
								"textures/items/spawn_egg/factory_spawnegg"
							]
						},
						"desarmador": {
							"textures": [
								"textures/items/herramientas/desarmadorrt"
							]
						},
						"stick_farmer": {
							"textures": [
								"textures/items/herramientas/Farm_stick"
							]
						},
						"nuke": {
							"textures": [
								"textures/items/spawn_egg/nuke egg"
							]
						},
						"garage": {
							"textures": [
								"textures/items/spawn_egg/garage_door_top"
							]
						},
						"shoji": {
							"textures": [
								"textures/items/spawn_egg/shoji_door_upper"
							]
						},
						"rusty": {
							"textures": [
								"textures/items/spawn_egg/big_door_rusty_3x3"
							]
						},
						"sliding_wood": {
							"textures": [
								"textures/items/spawn_egg/sliding_door_wood"
							]
						},
						"sliding_iron": {
							"textures": [
								"textures/items/spawn_egg/sliding_door_iron"
							]
						},
						"big_door1": {
							"textures": [
								"textures/items/spawn_egg/big_door_oak_3x3"
							]
						},
						"trap": {
							"textures": [
								"textures/items/spawn_egg/sliding_trapdoor"
							]
						},
						"birch": {
							"textures": [
								"textures/items/spawn_egg/big_door_birch_3x3"
							]
						},
						"dark_oak": {
							"textures": [
								"textures/items/spawn_egg/big_door_dark_oak_3x3"
							]
						},
						"acacia": {
							"textures": [
								"textures/items/spawn_egg/big_door_acacia_3x3"
							]
						},
						"jungle": {
							"textures": [
								"textures/items/spawn_egg/big_door_jungle_3x3"
							]
						},
						"big_iron": {
							"textures": [
								"textures/items/spawn_egg/big_door_iron_3x3"
							]
						},
						"big_door_spruce": {
							"textures": [
								"textures/items/spawn_egg/big_door_spruce_3x3"
							]
						},
						"carriage": {
							"textures": [
								"textures/items/spawn_egg/carriage_door_item"
							]
						},
						"medieval": {
							"textures": [
								"textures/items/spawn_egg/medieval_door_item"
							]
						},
						"h": {
							"textures": [
								"textures/items/spawn_egg/hitech"
							]
						},
						"oak_door": {
							"textures": [
								"textures/items/spawn_egg/door_wood"
							]
						},
						"birch_door": {
							"textures": [
								"textures/items/spawn_egg/door_birch"
							]
						},
						"spruce_door_lower": {
							"textures": [
								"textures/items/spawn_egg/door_spruce"
							]
						},
						"iron_door": {
							"textures": [
								"textures/items/spawn_egg/door_iron"
							]
						},
						"dark_oak_door": {
							"textures": [
								"textures/items/spawn_egg/door_dark_oak"
							]
						},
						"jungle_door": {
							"textures": [
								"textures/items/spawn_egg/door_jungle"
							]
						},
						"acacia_door": {
							"textures": [
								"textures/items/spawn_egg/door_acacia"
							]
						},
						"crimson_door": {
							"textures": [
								"textures/items/spawn_egg/crimson_door"
							]
						},
						"warped": {
							"textures": [
								"textures/items/spawn_egg/warped_door"
							]
						},
						"jail": {
							"textures": [
								"textures/items/spawn_egg/jail_door_lower"
							]
						},
						"w": {
							"textures": [
								"textures/items/spawn_egg/warped_door_3x3"
							]
						},
						"c": {
							"textures": [
								"textures/items/spawn_egg/crimson_door_3x3"
							]
						},
						"bunker2.0": {
							"textures": [
								"textures/items/spawn_egg/bunker20"
							]
						},
						"movedor": {
							"textures": [
								"textures/items/herramientas/movedor"
							]
						},
						"log": {
							"textures": [
								"textures/items/spawn_egg/extra/doors_item_barn1"
							]
						},
						"dungeon": {
							"textures": [
								"textures/items/spawn_egg/extra/doors_item_dungeon2"
							]
						},
						"camuf_book": {
							"textures": [
								"textures/items/spawn_egg/camuflages/camuflage_door_bookshelf"
							]
						},
						"camuf_cobbles": {
							"textures": [
								"textures/items/spawn_egg/camuflages/camuflage_door_cobblestone"
							]
						},
						"camuf_dirt": {
							"textures": [
								"textures/items/spawn_egg/camuflages/camuflage_door_dirt"
							]
						},
						"camuf_oak": {
							"textures": [
								"textures/items/spawn_egg/camuflages/camuflage_door_oak"
							]
						},
						"camuf_log_oak": {
							"textures": [
								"textures/items/spawn_egg/camuflages/camuflage_door_oak_log"
							]
						},
						"camuf_stone": {
							"textures": [
								"textures/items/spawn_egg/camuflages/camuflage_door_stone"
							]
						},
						"camuf_stone_brick": {
							"textures": [
								"textures/items/spawn_egg/camuflages/camuflage_door_stone_brick"
							]
						},
						"yellow": {
							"textures": [
								"textures/items/spawn_egg/cortains/Cortina amarilla"
							]
						},
						"cyan": {
							"textures": [
								"textures/items/spawn_egg/cortains/Cortina cyan"
							]
						},
						"blue": {
							"textures": [
								"textures/items/spawn_egg/cortains/Cortina azul oscuro"
							]
						},
						"magenta": {
							"textures": [
								"textures/items/spawn_egg/cortains/Cortina morado claro"
							]
						},
						"red": {
							"textures": [
								"textures/items/spawn_egg/cortains/Cortina roja"
							]
						},
						"black": {
							"textures": [
								"textures/items/spawn_egg/cortains/Cortina negra"
							]
						},
						"white": {
							"textures": [
								"textures/items/spawn_egg/cortains/Cortina blanca"
							]
						},
						"pink": {
							"textures": [
								"textures/items/spawn_egg/cortains/Cortina rosada"
							]
						},
						"green_lime": {
							"textures": [
								"textures/items/spawn_egg/cortains/Cortina verde claro"
							]
						},
						"brown": {
							"textures": [
								"textures/items/spawn_egg/cortains/Cortina marron"
							]
						},
						"green": {
							"textures": [
								"textures/items/spawn_egg/cortains/Cortina verde oscuro"
							]
						},
						"skyblue": {
							"textures": [
								"textures/items/spawn_egg/cortains/Cortina azul claro"
							]
						},
						"dark_gray": {
							"textures": [
								"textures/items/spawn_egg/cortains/Cortina gris oscuro"
							]
						},
						"gray": {
							"textures": [
								"textures/items/spawn_egg/cortains/Cortina gris"
							]
						},
						"naranja": {
							"textures": [
								"textures/items/spawn_egg/cortains/Cortina naranja"
							]
						},
						"morado": {
							"textures": [
								"textures/items/spawn_egg/cortains/Cortina morado"
							]
						},
						"camuf_mossy": {
							"textures": [
								"textures/items/spawn_egg/camuflages/camuflage_door_cobblestone_mossy"
							]
						}
					}
				},
				"key": "texture_data",
				"children": [
					{
						"key": "puerta",
						"is_minified": true,
						"children": {
							"textures": [
								"textures/items/spawn_egg/Bunker_door_spawn_egg"
							]
						}
					},
					{
						"key": "rotador",
						"is_minified": true,
						"children": {
							"textures": [
								"textures/items/herramientas/Rotador"
							]
						}
					},
					{
						"key": "factory",
						"is_minified": true,
						"children": {
							"textures": [
								"textures/items/spawn_egg/factory_spawnegg"
							]
						}
					},
					{
						"key": "desarmador",
						"is_minified": true,
						"children": {
							"textures": [
								"textures/items/herramientas/desarmadorrt"
							]
						}
					},
					{
						"key": "stick_farmer",
						"is_minified": true,
						"children": {
							"textures": [
								"textures/items/herramientas/Farm_stick"
							]
						}
					},
					{
						"key": "nuke",
						"is_minified": true,
						"children": {
							"textures": [
								"textures/items/spawn_egg/nuke egg"
							]
						}
					},
					{
						"key": "garage",
						"is_minified": true,
						"children": {
							"textures": [
								"textures/items/spawn_egg/garage_door_top"
							]
						}
					},
					{
						"key": "shoji",
						"is_minified": true,
						"children": {
							"textures": [
								"textures/items/spawn_egg/shoji_door_upper"
							]
						}
					},
					{
						"key": "rusty",
						"is_minified": true,
						"children": {
							"textures": [
								"textures/items/spawn_egg/big_door_rusty_3x3"
							]
						}
					},
					{
						"key": "sliding_wood",
						"is_minified": true,
						"children": {
							"textures": [
								"textures/items/spawn_egg/sliding_door_wood"
							]
						}
					},
					{
						"key": "sliding_iron",
						"is_minified": true,
						"children": {
							"textures": [
								"textures/items/spawn_egg/sliding_door_iron"
							]
						}
					},
					{
						"key": "big_door1",
						"is_minified": true,
						"children": {
							"textures": [
								"textures/items/spawn_egg/big_door_oak_3x3"
							]
						}
					},
					{
						"key": "trap",
						"is_minified": true,
						"children": {
							"textures": [
								"textures/items/spawn_egg/sliding_trapdoor"
							]
						}
					},
					{
						"key": "birch",
						"is_minified": true,
						"children": {
							"textures": [
								"textures/items/spawn_egg/big_door_birch_3x3"
							]
						}
					},
					{
						"key": "dark_oak",
						"is_minified": true,
						"children": {
							"textures": [
								"textures/items/spawn_egg/big_door_dark_oak_3x3"
							]
						}
					},
					{
						"key": "acacia",
						"is_minified": true,
						"children": {
							"textures": [
								"textures/items/spawn_egg/big_door_acacia_3x3"
							]
						}
					},
					{
						"key": "jungle",
						"is_minified": true,
						"children": {
							"textures": [
								"textures/items/spawn_egg/big_door_jungle_3x3"
							]
						}
					},
					{
						"key": "big_iron",
						"is_minified": true,
						"children": {
							"textures": [
								"textures/items/spawn_egg/big_door_iron_3x3"
							]
						}
					},
					{
						"key": "big_door_spruce",
						"is_minified": true,
						"children": {
							"textures": [
								"textures/items/spawn_egg/big_door_spruce_3x3"
							]
						}
					},
					{
						"key": "carriage",
						"is_minified": true,
						"children": {
							"textures": [
								"textures/items/spawn_egg/carriage_door_item"
							]
						}
					},
					{
						"key": "medieval",
						"is_minified": true,
						"children": {
							"textures": [
								"textures/items/spawn_egg/medieval_door_item"
							]
						}
					},
					{
						"key": "h",
						"is_minified": true,
						"children": {
							"textures": [
								"textures/items/spawn_egg/hitech"
							]
						}
					},
					{
						"key": "oak_door",
						"is_minified": true,
						"children": {
							"textures": [
								"textures/items/spawn_egg/door_wood"
							]
						}
					},
					{
						"key": "birch_door",
						"is_minified": true,
						"children": {
							"textures": [
								"textures/items/spawn_egg/door_birch"
							]
						}
					},
					{
						"key": "spruce_door_lower",
						"is_minified": true,
						"children": {
							"textures": [
								"textures/items/spawn_egg/door_spruce"
							]
						}
					},
					{
						"key": "iron_door",
						"is_minified": true,
						"children": {
							"textures": [
								"textures/items/spawn_egg/door_iron"
							]
						}
					},
					{
						"key": "dark_oak_door",
						"is_minified": true,
						"children": {
							"textures": [
								"textures/items/spawn_egg/door_dark_oak"
							]
						}
					},
					{
						"key": "jungle_door",
						"is_minified": true,
						"children": {
							"textures": [
								"textures/items/spawn_egg/door_jungle"
							]
						}
					},
					{
						"key": "acacia_door",
						"is_minified": true,
						"children": {
							"textures": [
								"textures/items/spawn_egg/door_acacia"
							]
						}
					},
					{
						"key": "crimson_door",
						"is_minified": true,
						"children": {
							"textures": [
								"textures/items/spawn_egg/crimson_door"
							]
						}
					},
					{
						"key": "warped",
						"is_minified": true,
						"children": {
							"textures": [
								"textures/items/spawn_egg/warped_door"
							]
						}
					},
					{
						"key": "jail",
						"is_minified": true,
						"children": {
							"textures": [
								"textures/items/spawn_egg/jail_door_lower"
							]
						}
					},
					{
						"key": "w",
						"is_minified": true,
						"children": {
							"textures": [
								"textures/items/spawn_egg/warped_door_3x3"
							]
						}
					},
					{
						"key": "c",
						"is_minified": true,
						"children": {
							"textures": [
								"textures/items/spawn_egg/crimson_door_3x3"
							]
						}
					},
					{
						"key": "bunker2.0",
						"is_minified": true,
						"children": {
							"textures": [
								"textures/items/spawn_egg/bunker20"
							]
						}
					},
					{
						"key": "movedor",
						"is_minified": true,
						"children": {
							"textures": [
								"textures/items/herramientas/movedor"
							]
						}
					},
					{
						"key": "log",
						"is_minified": true,
						"children": {
							"textures": [
								"textures/items/spawn_egg/extra/doors_item_barn1"
							]
						}
					},
					{
						"key": "dungeon",
						"is_minified": true,
						"children": {
							"textures": [
								"textures/items/spawn_egg/extra/doors_item_dungeon2"
							]
						}
					},
					{
						"key": "camuf_book",
						"is_minified": true,
						"children": {
							"textures": [
								"textures/items/spawn_egg/camuflages/camuflage_door_bookshelf"
							]
						}
					},
					{
						"key": "camuf_cobbles",
						"is_minified": true,
						"children": {
							"textures": [
								"textures/items/spawn_egg/camuflages/camuflage_door_cobblestone"
							]
						}
					},
					{
						"key": "camuf_dirt",
						"is_minified": true,
						"children": {
							"textures": [
								"textures/items/spawn_egg/camuflages/camuflage_door_dirt"
							]
						}
					},
					{
						"key": "camuf_oak",
						"is_minified": true,
						"children": {
							"textures": [
								"textures/items/spawn_egg/camuflages/camuflage_door_oak"
							]
						}
					},
					{
						"key": "camuf_log_oak",
						"is_minified": true,
						"children": {
							"textures": [
								"textures/items/spawn_egg/camuflages/camuflage_door_oak_log"
							]
						}
					},
					{
						"key": "camuf_stone",
						"is_minified": true,
						"children": {
							"textures": [
								"textures/items/spawn_egg/camuflages/camuflage_door_stone"
							]
						}
					},
					{
						"key": "camuf_stone_brick",
						"is_minified": true,
						"children": {
							"textures": [
								"textures/items/spawn_egg/camuflages/camuflage_door_stone_brick"
							]
						}
					},
					{
						"key": "yellow",
						"is_minified": true,
						"children": {
							"textures": [
								"textures/items/spawn_egg/cortains/Cortina amarilla"
							]
						}
					},
					{
						"key": "cyan",
						"is_minified": true,
						"children": {
							"textures": [
								"textures/items/spawn_egg/cortains/Cortina cyan"
							]
						}
					},
					{
						"key": "blue",
						"is_minified": true,
						"children": {
							"textures": [
								"textures/items/spawn_egg/cortains/Cortina azul oscuro"
							]
						}
					},
					{
						"key": "magenta",
						"is_minified": true,
						"children": {
							"textures": [
								"textures/items/spawn_egg/cortains/Cortina morado claro"
							]
						}
					},
					{
						"key": "red",
						"is_minified": true,
						"children": {
							"textures": [
								"textures/items/spawn_egg/cortains/Cortina roja"
							]
						}
					},
					{
						"key": "black",
						"is_minified": true,
						"children": {
							"textures": [
								"textures/items/spawn_egg/cortains/Cortina negra"
							]
						}
					},
					{
						"key": "white",
						"is_minified": true,
						"children": {
							"textures": [
								"textures/items/spawn_egg/cortains/Cortina blanca"
							]
						}
					},
					{
						"key": "pink",
						"is_minified": true,
						"children": {
							"textures": [
								"textures/items/spawn_egg/cortains/Cortina rosada"
							]
						}
					},
					{
						"key": "green_lime",
						"is_minified": true,
						"children": {
							"textures": [
								"textures/items/spawn_egg/cortains/Cortina verde claro"
							]
						}
					},
					{
						"key": "brown",
						"is_minified": true,
						"children": {
							"textures": [
								"textures/items/spawn_egg/cortains/Cortina marron"
							]
						}
					},
					{
						"key": "green",
						"is_minified": true,
						"children": {
							"textures": [
								"textures/items/spawn_egg/cortains/Cortina verde oscuro"
							]
						}
					},
					{
						"key": "skyblue",
						"is_minified": true,
						"children": {
							"textures": [
								"textures/items/spawn_egg/cortains/Cortina azul claro"
							]
						}
					},
					{
						"key": "dark_gray",
						"is_minified": true,
						"children": {
							"textures": [
								"textures/items/spawn_egg/cortains/Cortina gris oscuro"
							]
						}
					},
					{
						"key": "gray",
						"is_minified": true,
						"children": {
							"textures": [
								"textures/items/spawn_egg/cortains/Cortina gris"
							]
						}
					},
					{
						"key": "naranja",
						"is_minified": true,
						"children": {
							"textures": [
								"textures/items/spawn_egg/cortains/Cortina naranja"
							]
						}
					},
					{
						"key": "morado",
						"is_minified": true,
						"children": {
							"textures": [
								"textures/items/spawn_egg/cortains/Cortina morado"
							]
						}
					},
					{
						"open": {
							"puerta": {
								"textures": [
									"textures/items/spawn_egg/Bunker_door_spawn_egg"
								]
							},
							"rotador": {
								"textures": [
									"textures/items/herramientas/Rotador"
								]
							},
							"factory": {
								"textures": [
									"textures/items/spawn_egg/factory_spawnegg"
								]
							},
							"desarmador": {
								"textures": [
									"textures/items/herramientas/desarmadorrt"
								]
							},
							"stick_farmer": {
								"textures": [
									"textures/items/herramientas/Farm_stick"
								]
							},
							"nuke": {
								"textures": [
									"textures/items/spawn_egg/nuke egg"
								]
							},
							"garage": {
								"textures": [
									"textures/items/spawn_egg/garage_door_top"
								]
							},
							"shoji": {
								"textures": [
									"textures/items/spawn_egg/shoji_door_upper"
								]
							},
							"rusty": {
								"textures": [
									"textures/items/spawn_egg/big_door_rusty_3x3"
								]
							},
							"sliding_wood": {
								"textures": [
									"textures/items/spawn_egg/sliding_door_wood"
								]
							},
							"sliding_iron": {
								"textures": [
									"textures/items/spawn_egg/sliding_door_iron"
								]
							},
							"big_door1": {
								"textures": [
									"textures/items/spawn_egg/big_door_oak_3x3"
								]
							},
							"trap": {
								"textures": [
									"textures/items/spawn_egg/sliding_trapdoor"
								]
							},
							"birch": {
								"textures": [
									"textures/items/spawn_egg/big_door_birch_3x3"
								]
							},
							"dark_oak": {
								"textures": [
									"textures/items/spawn_egg/big_door_dark_oak_3x3"
								]
							},
							"acacia": {
								"textures": [
									"textures/items/spawn_egg/big_door_acacia_3x3"
								]
							},
							"jungle": {
								"textures": [
									"textures/items/spawn_egg/big_door_jungle_3x3"
								]
							},
							"big_iron": {
								"textures": [
									"textures/items/spawn_egg/big_door_iron_3x3"
								]
							},
							"big_door_spruce": {
								"textures": [
									"textures/items/spawn_egg/big_door_spruce_3x3"
								]
							},
							"carriage": {
								"textures": [
									"textures/items/spawn_egg/carriage_door_item"
								]
							},
							"medieval": {
								"textures": [
									"textures/items/spawn_egg/medieval_door_item"
								]
							},
							"h": {
								"textures": [
									"textures/items/spawn_egg/hitech"
								]
							},
							"oak_door": {
								"textures": [
									"textures/items/spawn_egg/door_wood"
								]
							},
							"birch_door": {
								"textures": [
									"textures/items/spawn_egg/door_birch"
								]
							},
							"spruce_door_lower": {
								"textures": [
									"textures/items/spawn_egg/door_spruce"
								]
							},
							"iron_door": {
								"textures": [
									"textures/items/spawn_egg/door_iron"
								]
							},
							"dark_oak_door": {
								"textures": [
									"textures/items/spawn_egg/door_dark_oak"
								]
							},
							"jungle_door": {
								"textures": [
									"textures/items/spawn_egg/door_jungle"
								]
							},
							"acacia_door": {
								"textures": [
									"textures/items/spawn_egg/door_acacia"
								]
							},
							"crimson_door": {
								"textures": [
									"textures/items/spawn_egg/crimson_door"
								]
							},
							"warped": {
								"textures": [
									"textures/items/spawn_egg/warped_door"
								]
							},
							"jail": {
								"textures": [
									"textures/items/spawn_egg/jail_door_lower"
								]
							},
							"w": {
								"textures": [
									"textures/items/spawn_egg/warped_door_3x3"
								]
							},
							"c": {
								"textures": [
									"textures/items/spawn_egg/crimson_door_3x3"
								]
							},
							"bunker2.0": {
								"textures": [
									"textures/items/spawn_egg/bunker20"
								]
							},
							"movedor": {
								"textures": [
									"textures/items/herramientas/movedor"
								]
							},
							"log": {
								"textures": [
									"textures/items/spawn_egg/extra/doors_item_barn1"
								]
							},
							"dungeon": {
								"textures": [
									"textures/items/spawn_egg/extra/doors_item_dungeon2"
								]
							},
							"camuf_book": {
								"textures": [
									"textures/items/spawn_egg/camuflages/camuflage_door_bookshelf"
								]
							},
							"camuf_cobbles": {
								"textures": [
									"textures/items/spawn_egg/camuflages/camuflage_door_cobblestone"
								]
							},
							"camuf_dirt": {
								"textures": [
									"textures/items/spawn_egg/camuflages/camuflage_door_dirt"
								]
							},
							"camuf_oak": {
								"textures": [
									"textures/items/spawn_egg/camuflages/camuflage_door_oak"
								]
							},
							"camuf_log_oak": {
								"textures": [
									"textures/items/spawn_egg/camuflages/camuflage_door_oak_log"
								]
							},
							"camuf_stone": {
								"textures": [
									"textures/items/spawn_egg/camuflages/camuflage_door_stone"
								]
							},
							"camuf_stone_brick": {
								"textures": [
									"textures/items/spawn_egg/camuflages/camuflage_door_stone_brick"
								]
							},
							"yellow": {
								"textures": [
									"textures/items/spawn_egg/cortains/Cortina amarilla"
								]
							},
							"cyan": {
								"textures": [
									"textures/items/spawn_egg/cortains/Cortina cyan"
								]
							},
							"blue": {
								"textures": [
									"textures/items/spawn_egg/cortains/Cortina azul oscuro"
								]
							},
							"magenta": {
								"textures": [
									"textures/items/spawn_egg/cortains/Cortina morado claro"
								]
							},
							"red": {
								"textures": [
									"textures/items/spawn_egg/cortains/Cortina roja"
								]
							},
							"black": {
								"textures": [
									"textures/items/spawn_egg/cortains/Cortina negra"
								]
							},
							"white": {
								"textures": [
									"textures/items/spawn_egg/cortains/Cortina blanca"
								]
							},
							"pink": {
								"textures": [
									"textures/items/spawn_egg/cortains/Cortina rosada"
								]
							},
							"green_lime": {
								"textures": [
									"textures/items/spawn_egg/cortains/Cortina verde claro"
								]
							},
							"brown": {
								"textures": [
									"textures/items/spawn_egg/cortains/Cortina marron"
								]
							},
							"green": {
								"textures": [
									"textures/items/spawn_egg/cortains/Cortina verde oscuro"
								]
							},
							"skyblue": {
								"textures": [
									"textures/items/spawn_egg/cortains/Cortina azul claro"
								]
							},
							"dark_gray": {
								"textures": [
									"textures/items/spawn_egg/cortains/Cortina gris oscuro"
								]
							},
							"gray": {
								"textures": [
									"textures/items/spawn_egg/cortains/Cortina gris"
								]
							},
							"naranja": {
								"textures": [
									"textures/items/spawn_egg/cortains/Cortina naranja"
								]
							},
							"morado": {
								"textures": [
									"textures/items/spawn_egg/cortains/Cortina morado"
								]
							},
							"camuf_mossy": {
								"textures": [
									"textures/items/spawn_egg/camuflages/camuflage_door_cobblestone_mossy"
								]
							}
						},
						"key": "camuf_mossy",
						"children": [
							{
								"open": {
									"textures": [
										"textures/items/spawn_egg/camuflages/camuflage_door_cobblestone_mossy"
									]
								},
								"key": "textures",
								"is_minified": true,
								"children": [
									"textures/items/spawn_egg/camuflages/camuflage_door_cobblestone_mossy"
								]
							}
						]
					}
				]
			}
		]
	}
}