{
  "resource_pack_name": "vanilla",
  "texture_name": "atlas.items",
  "texture_data": {
  "ic:goblino": {
      "textures": "textures/items/spawn_eggs/ic_goblino"
    },
    "ic:jeff": {
      "textures": "textures/items/spawn_eggs/ic_jeff"
    },
    "ic:seek": {
      "textures": "textures/items/spawn_eggs/ic_seek"
    },
    "ic:rush": {
      "textures": "textures/items/spawn_eggs/ic_rush"
    },
    "ic:figure": {
      "textures": "textures/items/spawn_eggs/ic_figure"
    },
    "ic:glitch": {
      "textures": "textures/items/spawn_eggs/ic_glitch"
    },
    "ic:ambush": {
      "textures": "textures/items/spawn_eggs/ic_ambush"
    },
    "ic:eyes": {
      "textures": "textures/items/spawn_eggs/ic_eyes"
    },
    "ic:dupe": {
      "textures": "textures/items/spawn_eggs/ic_dupe"
    },
    "ic:timothy": {
      "textures": "textures/items/spawn_eggs/ic_timothy"
    },
    "ic:screech": {
      "textures": "textures/items/spawn_eggs/ic_screech"
    },
    "ic:snare": {
      "textures": "textures/items/spawn_eggs/ic_snare"
    },
    "ic:halt": {
      "textures": "textures/items/spawn_eggs/ic_halt"
    },
    "ic:jack": {
      "textures": "textures/items/spawn_eggs/ic_jack"
    },
  "ic:door": {
      "textures": "textures/items/ic_door"
    },
    "ic:door_lock": {
      "textures": "textures/items/ic_door_locked"
    },
    "ic:door_skull": {
      "textures": "textures/items/ic_door_skull"
    },
    "ic:door_main": {
      "textures": "textures/items/ic_door_main"
    },
    "ic:wardrobe": {
      "textures": "textures/items/ic_wardrobe"
    },
    "ic:suitcase": {
      "textures": "textures/items/ic_suitcase"
    },
    "ic:rack": {
      "textures": "textures/items/ic_rack"
    },
    "ic:table1": {
      "textures": "textures/items/ic_table1"
    },
    "ic:table2": {
      "textures": "textures/items/ic_table2"
    },
    "ic:table3": {
      "textures": "textures/items/ic_table3"
    },
    "ic:entity_remover": {
      "textures": "textures/items/ic_entity_remover"
    },
    "ic:key_normal": {
      "textures": "textures/items/ic_key"
    },
    "ic:key_skull": {
      "textures": "textures/items/ic_skeleton_key"
    },
    "ic:lockpick": {
      "textures": "textures/items/ic_lockpick"
    },
    "ic:crucifix": {
      "textures": "textures/items/ic_crucifix"
    },
    "ic:lighter": {
      "textures": "textures/items/ic_lighter"
    },
    "ic:flashlight": {
      "textures": "textures/items/ic_flashlight"
    },
    "ic:vitamins": {
      "textures": "textures/items/ic_vitamins"
    }  
  }
}