{
  "resource_pack_name": "vanilla",
  "texture_name": "atlas.terrain",
  "padding": 8,
  "num_mip_levels": 4,
  "texture_data": {
    "ic_wall_patterned_green": {
      "textures": [
        "textures/blocks/ic_wall_patterned_green"
      ]
    } ,
    "ic_wall_patterned_blue": {
      "textures": [
        "textures/blocks/ic_wall_patterned_blue"
      ]
    },
    "ic_wall_patterned_red": {
      "textures": [
        "textures/blocks/ic_wall_patterned_red"
      ]
    },
    "ic_wall_patterned_gray": {
      "textures": [
        "textures/blocks/ic_wall_patterned_gray"
      ]
    },
    "ic_wooden_floor": {
      "textures": [
        "textures/blocks/ic_wooden_floor"
      ]
    }  
  }
}