{"format_version":"1.16.100","minecraft:item":{"description":{"identifier":"yg:crucifix","category":"items"},"components":{"minecraft:hand_equipped":true,"minecraft:max_stack_size":1,"minecraft:foil":false,"minecraft:icon":{"texture":"yg:crucifix"},"minecraft:display_name":{"value":"Crucifix"},"minecraft:cooldown":{"category":"crucifix","duration":5},"minecraft:on_use":{"on_use":{"event":"on_use_event"}}},"events":{"on_use_event":{"swing":{},"run_command":{"command":["summon yg:crucifix_chain ~ ~ ~","playsound mob.evocation_illager.prepare_summon @s ~ ~ ~"]}},"hurt":{"damage":{"type":"magic","amount":1,"target":"self"}}}}}