{
	"format_version": "1.10.0",
	"particle_effect": {
		"description": {
			"identifier": "water:deadcalm0",
			"basic_render_parameters": {
				"material": "particles_alpha",
				"texture": "textures/particle/particles"
			}
		},
		"components": {
			"minecraft:emitter_rate_steady": {
				"spawn_rate": 1080,
				"max_particles": 1080
			},
			"minecraft:emitter_lifetime_once": {
				"active_time": 3
			},
			"minecraft:emitter_shape_disc": {
				"offset": [0, -0.5, 0],
				"radius": 0.5,
				"surface_only": true,
				"direction": "outwards"
			},
			"minecraft:particle_lifetime_expression": {
				"max_lifetime": 1
			},
			"minecraft:particle_initial_speed": 10,
			"minecraft:particle_motion_dynamic": {
				"linear_acceleration": [0, "math.sin(variable.emitter_age * 360) * 5", 0]
			},
			"minecraft:particle_appearance_billboard": {
				"size": ["0.25 - (variable.particle_age * 0.15)", "0.25 - (variable.particle_age * 0.15)"],
				"facing_camera_mode": "rotate_xyz",
				"uv": {
					"texture_width": 128,
					"texture_height": 128,
					"uv": [48, 88],
					"uv_size": [8, 8]
				}
			},
			"minecraft:particle_motion_collision": {
				"coefficient_of_restitution": 0.5,
				"collision_radius": 0.1
			},
			"minecraft:particle_appearance_tinting": {
				"color": {
					"interpolant": "variable.particle_lifetime / variable.particle_age",
					"gradient": {
						"2.02": "#FF23D6FF",
						"2.13": "#FF1042FF"
					}
				}
			}
		}
	}
}