{
	"format_version": "1.10.0",
	"particle_effect": {
		"description": {
			"identifier": "water:whirlpool0",
			"basic_render_parameters": {
				"material": "particles_alpha",
				"texture": "textures/particle/particles"
			}
		},
		"components": {
			"minecraft:emitter_rate_instant": {
				"num_particles": 600
			},
			"minecraft:emitter_lifetime_once": {
				"active_time": 0.6
			},
			"minecraft:emitter_shape_point": {
				"offset": ["math.sin(variable.particle_random_2 * 360) * (1-variable.particle_random_1 * 1.5)", 0, "math.cos(variable.particle_random_2 * -360) * (1-variable.particle_random_1)"]
			},
			"minecraft:particle_lifetime_expression": {
				"max_lifetime": 1
			},
			"minecraft:particle_initial_spin": {
				"rotation": "math.random(180, -180)"
			},
			"minecraft:particle_initial_speed": 0.5,
			"minecraft:particle_motion_dynamic": {
				"linear_acceleration": [0.1, 0.1, 0.1],
				"linear_drag_coefficient": 1
			},
			"minecraft:particle_appearance_billboard": {
				"size": ["0.2 - (variable.particle_age * 0.2)", "0.2 - (variable.particle_age * 0.2)"],
				"facing_camera_mode": "rotate_xyz",
				"uv": {
					"texture_width": 16,
					"texture_height": 16,
					"uv": ["math.floor(variable.particle_random_1 * 5) + 3", 0],
					"uv_size": [1, 1]
				}
			},
			"minecraft:particle_appearance_tinting": {
				"color": {
					"interpolant": "variable.particle_random_1",
					"gradient": {
						"0.0": "#FFD1D1D1",
						"0.16": "#FF28A6FF",
						"0.46": "#FF3B27FF",
						"0.58": "#FF272066",
						"0.72": "#FF2A46E1",
						"0.98": "#FF1C4299"
					}
				}
			}
		}
	}
}