{"format_version":"1.10.0","minecraft:client_entity":{"description":{"identifier":"yg:ambush","materials":{"default":"witch"},"textures":{"default":"textures/entity/yg_ambush"},"geometry":{"default":"geometry.yg_ambush"},"scripts":{"animate":["general"],"scale":"2"},"animations":{"general":"controller.animation.yg_ambush.general","gazo_general":"animation.yg_ambush.general","jumpscare":"animation.yg_ambush.jumpscare"},"render_controllers":["controller.render.witch"],"spawn_egg":{"texture":"yg:ambush","texture_index":0},"particle_effects":{"monster_light":"yg:ambush_light"}}}}