{"format_version":"1.10.0","minecraft:client_entity":{"description":{"identifier":"yg:bob","materials":{"default":"witch"},"textures":{"default":"textures/entity/yg_bob"},"geometry":{"default":"geometry.yg_bob"},"scripts":{"animate":["move","general","attack"],"pre_animation":["variable.random = math.round(math.random(0,2));"]},"animations":{"moving":"animation.yg_bob.move","move":"controller.animation.yg_bob.move","gazo_general":"animation.yg_bob.general","general":"controller.animation.yg_bob.general","attack0":"animation.yg_bob.attack","attack":"controller.animation.yg_bob.attack","look_at_target":"animation.yg_bob.looking","jumpscare":"animation.yg_bob.jumpscare"},"render_controllers":["controller.render.witch"],"spawn_egg":{"texture":"yg:bob","texture_index":0}}}}