{"format_version":"1.10.0","minecraft:client_entity":{"description":{"identifier":"yg:dupe","materials":{"default":"enderman"},"textures":{"default":"textures/entity/yg_dupe"},"geometry":{"default":"geometry.yg_dupe"},"scripts":{"animate":["move","general","attack"],"pre_animation":["variable.random = math.round(math.random(0,2));"]},"animations":{"moving":"animation.yg_dupe.move","move":"controller.animation.yg_dupe.move","gazo_general":"animation.yg_dupe.general","general":"controller.animation.yg_dupe.general","attack0":"animation.yg_dupe.attack","attack":"controller.animation.yg_dupe.attack","look_at_target":"animation.yg_dupe.looking","jumpscare":"animation.yg_dupe.jumpscare"},"render_controllers":["controller.render.witch"],"spawn_egg":{"texture":"yg:dupe","texture_index":0}}}}