{"format_version":"1.10.0","minecraft:client_entity":{"description":{"identifier":"yg:el_goblino","materials":{"default":"enderman"},"textures":{"default":"textures/entity/yg_el_goblino"},"geometry":{"default":"geometry.yg_el_goblino"},"scripts":{"animate":["move","general","attack"],"pre_animation":["variable.random = math.round(math.random(0,2));"]},"animations":{"moving":"animation.yg_el_goblino.move","move":"controller.animation.yg_el_goblino.move","gazo_general":"animation.yg_el_goblino.general","general":"controller.animation.yg_el_goblino.general","attack0":"animation.yg_el_goblino.attack","attack":"controller.animation.yg_el_goblino.attack","look_at_target":"animation.yg_el_goblino.looking"},"render_controllers":["controller.render.witch"],"spawn_egg":{"texture":"yg:el_goblino","texture_index":0}}}}