{"format_version":"1.10.0","minecraft:client_entity":{"description":{"identifier":"yg:eyes","materials":{"default":"enderman"},"textures":{"default":"textures/entity/yg_eyes"},"geometry":{"default":"geometry.yg_eyes"},"scripts":{"animate":["general","spawn"],"scale":"2"},"animations":{"general":"controller.animation.yg_eyes.general","gazo_general":"animation.yg_eyes.general","spawn":"animation.yg_eyes.spawn"},"render_controllers":["controller.render.witch"],"spawn_egg":{"texture":"yg:eyes","texture_index":0}}}}