{"format_version":"1.10.0","minecraft:client_entity":{"description":{"identifier":"yg:greed","materials":{"default":"witch"},"textures":{"default":"textures/entity/yg_greed"},"geometry":{"default":"geometry.yg_greed"},"scripts":{"animate":["general"],"scale":"2"},"animations":{"general":"controller.animation.yg_greed.general","gazo_general":"animation.yg_greed.general","jumpscare":"animation.yg_greed.jumpscare"},"render_controllers":["controller.render.witch"],"spawn_egg":{"texture":"yg:greed","texture_index":0}}}}