{"format_version":"1.10.0","minecraft:client_entity":{"description":{"identifier":"yg:glitch","materials":{"default":"witch"},"textures":{"default":"textures/entity/yg_glitch"},"geometry":{"default":"geometry.yg_glitch"},"scripts":{"animate":["move","general","attack"],"pre_animation":["variable.random = math.round(math.random(0,2));"]},"animations":{"moving":"animation.yg_glitch.move","move":"controller.animation.yg_glitch.move","gazo_general":"animation.yg_glitch.general","general":"controller.animation.yg_glitch.general","attack0":"animation.yg_glitch.attack","attack":"controller.animation.yg_glitch.attack","look_at_target":"animation.yg_glitch.looking","jumpscare":"animation.yg_glitch.jumpscare"},"render_controllers":["controller.render.witch"],"spawn_egg":{"texture":"yg:glitch","texture_index":0},"particle_effects":{"glitch":"yg:glitch"}}}}