{"format_version":"1.10.0","minecraft:client_entity":{"description":{"identifier":"yg:halt","materials":{"default":"enderman"},"textures":{"halt":"textures/entity/yg_halt","halt2":"textures/entity/yg_halt2","halt3":"textures/entity/yg_halt3"},"geometry":{"default":"geometry.yg_halt"},"scripts":{"animate":["general"],"scale":"2"},"animations":{"general":"controller.animation.yg_halt.general","gazo_general":"animation.yg_halt.general"},"render_controllers":["controller.render.yg_halt"],"spawn_egg":{"texture":"yg:halt","texture_index":0}}}}