{"format_version":"1.10.0","minecraft:client_entity":{"description":{"identifier":"yg:jeff_the_killer","materials":{"default":"witch"},"textures":{"default":"textures/entity/yg_jeff_the_killer"},"geometry":{"default":"geometry.yg_jeff_the_killer"},"scripts":{"animate":["move","general","attack"],"pre_animation":["variable.random = math.round(math.random(0,2));"]},"animations":{"moving":"animation.yg_jeff_the_killer.move","move":"controller.animation.yg_jeff_the_killer.move","gazo_general":"animation.yg_jeff_the_killer.general","general":"controller.animation.yg_jeff_the_killer.general","attack0":"animation.yg_jeff_the_killer.attack","attack":"controller.animation.yg_jeff_the_killer.attack","look_at_target":"animation.yg_jeff_the_killer.looking"},"render_controllers":["controller.render.witch"],"spawn_egg":{"texture":"yg:jeff_the_killer","texture_index":0}}}}