{"format_version":"1.10.0","minecraft:client_entity":{"description":{"identifier":"yg:jack","materials":{"default":"witch"},"textures":{"default":"textures/entity/yg_jack"},"geometry":{"default":"geometry.yg_jack"},"scripts":{"animate":["general"],"scale":"2"},"animations":{"general":"controller.animation.yg_jack.general","gazo_general":"animation.yg_jack.general","jumpscare":"animation.yg_jack.jumpscare"},"render_controllers":["controller.render.witch"],"spawn_egg":{"texture":"yg:jack","texture_index":0}}}}