{"format_version":"1.10.0","minecraft:client_entity":{"description":{"identifier":"yg:noob_figure","materials":{"default":"witch"},"textures":{"default":"textures/entity/yg_noob_figure"},"geometry":{"default":"geometry.yg_noob_figure"},"scripts":{"animate":["move","general","attack"],"pre_animation":["variable.random = math.round(math.random(0,2));"]},"animations":{"moving":"animation.yg_figure.move","move":"controller.animation.yg_figure.move","gazo_general":"animation.yg_figure.general","general":"controller.animation.yg_figure.general","attack0":"animation.yg_figure.attack","attack":"controller.animation.yg_figure.attack","look_at_target":"animation.yg_figure.looking","jumpscare":"animation.yg_figure.jumpscare"},"render_controllers":["controller.render.witch"],"spawn_egg":{"texture":"yg:noob_figure","texture_index":0}}}}