{"format_version":"1.10.0","minecraft:client_entity":{"description":{"identifier":"yg:rush","materials":{"default":"enderman"},"textures":{"default":"textures/entity/yg_rush"},"geometry":{"default":"geometry.yg_rush"},"scripts":{"animate":["general"],"scale":"2"},"animations":{"general":"controller.animation.yg_rush.general","gazo_general":"animation.yg_rush.general","jumpscare":"animation.yg_rush.jumpscare"},"render_controllers":["controller.render.witch"],"spawn_egg":{"texture":"yg:rush","texture_index":0},"particle_effects":{"rush":"yg:rush_particle"}}}}