{"format_version":"1.10.0","minecraft:client_entity":{"description":{"identifier":"yg:snare","materials":{"default":"witch"},"textures":{"default":"textures/entity/yg_snare"},"geometry":{"default":"geometry.yg_snare"},"scripts":{"animate":["general"]},"animations":{"general":"controller.animation.yg_snare.general","gazo_general":"animation.yg_snare.general","jumpscare":"animation.yg_snare.jumpscare"},"render_controllers":["controller.render.witch"],"spawn_egg":{"texture":"yg:snare","texture_index":0}}}}