{"format_version":"1.10.0","minecraft:client_entity":{"description":{"identifier":"yg:surge","materials":{"default":"enderman"},"textures":{"default":"textures/entity/yg_surge","angry":"textures/entity/yg_surge_angry"},"geometry":{"default":"geometry.yg_surge"},"scripts":{"animate":["general"],"scale":"2"},"animations":{"general":"controller.animation.yg_surge.general","gazo_general":"animation.yg_surge.general"},"render_controllers":["controller.render.yg_surge"],"spawn_egg":{"texture":"yg:surge","texture_index":0}}}}