{"format_version":"1.10.0","minecraft:client_entity":{"description":{"identifier":"yg:seek","materials":{"default":"witch"},"textures":{"default":"textures/entity/yg_seek"},"geometry":{"default":"geometry.yg_seek"},"scripts":{"animate":["move","general","attack"],"pre_animation":["variable.random = math.round(math.random(0,2));"]},"animations":{"moving":"animation.yg_seek.move","move":"controller.animation.yg_seek.move","gazo_general":"animation.yg_seek.general","general":"controller.animation.yg_seek.general","attack0":"animation.yg_seek.attack","attack":"controller.animation.yg_seek.attack","look_at_target":"animation.yg_seek.looking","jumpscare":"animation.yg_seek.jumpscare"},"render_controllers":["controller.render.witch"],"spawn_egg":{"texture":"yg:seek","texture_index":0}}}}