{"format_version":"1.10.0","minecraft:client_entity":{"description":{"identifier":"yg:screech","materials":{"default":"enderman"},"textures":{"default":"textures/entity/yg_screech"},"geometry":{"default":"geometry.yg_screech"},"scripts":{"animate":["general","attack"],"pre_animation":["variable.random = math.round(math.random(0,2));"]},"animations":{"gazo_general":"animation.yg_screech.general","general":"controller.animation.yg_screech.general","attack0":"animation.yg_screech.attack","attack":"controller.animation.yg_screech.attack"},"render_controllers":["controller.render.witch"],"spawn_egg":{"texture":"yg:screech","texture_index":0}}}}