{"format_version":"1.10.0","minecraft:client_entity":{"description":{"identifier":"yg:timothy","materials":{"default":"enderman"},"textures":{"default":"textures/entity/yg_timothy"},"geometry":{"default":"geometry.yg_timothy"},"scripts":{"animate":["move","general","attack"],"pre_animation":["variable.random = math.round(math.random(0,2));"]},"animations":{"moving":"animation.yg_timothy.move","gazo_general":"animation.yg_timothy.general","attack0":"animation.yg_timothy.attack","climbing":"animation.yg_timothy.climbing","look_at_target":"animation.yg_timothy.looking","move":"controller.animation.yg_timothy.move","general":"controller.animation.yg_timothy.general","attack":"controller.animation.yg_timothy.attack"},"render_controllers":["controller.render.witch"],"spawn_egg":{"texture":"yg:timothy","texture_index":0}}}}