{"format_version":"1.10.0","minecraft:client_entity":{"description":{"identifier":"yg:watcher","materials":{"default":"enderman"},"textures":{"default":"textures/entity/yg_watcher"},"geometry":{"default":"geometry.yg_watcher"},"scripts":{"animate":["move","general","attack"],"pre_animation":["variable.random = math.round(math.random(0,2));"]},"animations":{"moving":"animation.yg_watcher.move","move":"controller.animation.yg_watcher.move","gazo_general":"animation.yg_watcher.general","general":"controller.animation.yg_watcher.general","attack0":"animation.yg_watcher.attack","attack":"controller.animation.yg_watcher.attack","look_at_target":"animation.yg_watcher.looking","jumpscare":"animation.yg_watcher.jumpscare"},"render_controllers":["controller.render.witch"],"spawn_egg":{"texture":"yg:watcher","texture_index":0}}}}