{
	"format_version": "1.12.0",
	"minecraft:geometry": [
		{
			"description": {
				"identifier": "geometry.drillingmoon",
				"texture_width": 128,
				"texture_height": 128,
				"visible_bounds_width": 4,
				"visible_bounds_height": 5,
				"visible_bounds_offset": [0, 1.5, 0]
			},
			"bones": [
				{
					"name": "Moon",
					"pivot": [0, 7, 0],
					"cubes": [
						{
							"origin": [-1, 4.38881, -9.1],
							"size": [2, 5.22238, 4.6],
							"pivot": [2, 7, 0],
							"rotation": [45, 0, 0],
							"uv": {
								"north": {"uv": [26, 44], "uv_size": [12, 6]},
								"east": {"uv": [26, 44], "uv_size": [12, 6]},
								"south": {"uv": [26, 44], "uv_size": [12, 6]},
								"west": {"uv": [26, 44], "uv_size": [12, 6]},
								"up": {"uv": [38, 50], "uv_size": [-12, -6]},
								"down": {"uv": [38, 50], "uv_size": [-12, -6]}
							}
						},
						{
							"origin": [-1, 4.38881, -9.1],
							"size": [2, 5.22238, 4.6],
							"pivot": [2, 7, 0],
							"rotation": [22.5, 0, 0],
							"uv": {
								"north": {"uv": [26, 44], "uv_size": [12, 6]},
								"east": {"uv": [26, 44], "uv_size": [12, 6]},
								"south": {"uv": [26, 44], "uv_size": [12, 6]},
								"west": {"uv": [26, 44], "uv_size": [12, 6]},
								"up": {"uv": [38, 50], "uv_size": [-12, -6]},
								"down": {"uv": [38, 50], "uv_size": [-12, -6]}
							}
						},
						{
							"origin": [-1, 4.38881, -9.1],
							"size": [2, 5.22238, 4.6],
							"uv": {
								"north": {"uv": [26, 44], "uv_size": [12, 6]},
								"east": {"uv": [26, 44], "uv_size": [12, 6]},
								"south": {"uv": [26, 44], "uv_size": [12, 6]},
								"west": {"uv": [26, 44], "uv_size": [12, 6]},
								"up": {"uv": [38, 50], "uv_size": [-12, -6]},
								"down": {"uv": [38, 50], "uv_size": [-12, -6]}
							}
						},
						{
							"origin": [-1, 4.38881, -9.1],
							"size": [2, 5.22238, 4.6],
							"pivot": [2, 7, 0],
							"rotation": [-22.5, 0, 0],
							"uv": {
								"north": {"uv": [26, 44], "uv_size": [12, 6]},
								"east": {"uv": [26, 44], "uv_size": [12, 6]},
								"south": {"uv": [26, 44], "uv_size": [12, 6]},
								"west": {"uv": [26, 44], "uv_size": [12, 6]},
								"up": {"uv": [38, 50], "uv_size": [-12, -6]},
								"down": {"uv": [38, 50], "uv_size": [-12, -6]}
							}
						},
						{
							"origin": [-1, 4.38881, -9.1],
							"size": [2, 5.22238, 4.6],
							"pivot": [2, 7, 0],
							"rotation": [-45, 0, 0],
							"uv": {
								"north": {"uv": [26, 44], "uv_size": [12, 6]},
								"east": {"uv": [26, 44], "uv_size": [12, 6]},
								"south": {"uv": [26, 44], "uv_size": [12, 6]},
								"west": {"uv": [26, 44], "uv_size": [12, 6]},
								"up": {"uv": [38, 50], "uv_size": [-12, -6]},
								"down": {"uv": [38, 50], "uv_size": [-12, -6]}
							}
						},
						{
							"origin": [-1, 4.38881, 4.5],
							"size": [2, 5.22238, 4.6],
							"pivot": [2, 7, 0],
							"rotation": [45, 0, 0],
							"uv": {
								"north": {"uv": [26, 44], "uv_size": [12, 6]},
								"east": {"uv": [26, 44], "uv_size": [12, 6]},
								"south": {"uv": [26, 44], "uv_size": [12, 6]},
								"west": {"uv": [26, 44], "uv_size": [12, 6]},
								"up": {"uv": [38, 50], "uv_size": [-12, -6]},
								"down": {"uv": [38, 50], "uv_size": [-12, -6]}
							}
						},
						{
							"origin": [-1, 4.38881, 4.5],
							"size": [2, 5.22238, 4.6],
							"pivot": [2, 7, 0],
							"rotation": [22.5, 0, 0],
							"uv": {
								"north": {"uv": [26, 44], "uv_size": [12, 6]},
								"east": {"uv": [26, 44], "uv_size": [12, 6]},
								"south": {"uv": [26, 44], "uv_size": [12, 6]},
								"west": {"uv": [26, 44], "uv_size": [12, 6]},
								"up": {"uv": [38, 50], "uv_size": [-12, -6]},
								"down": {"uv": [38, 50], "uv_size": [-12, -6]}
							}
						},
						{
							"origin": [-1, 4.38881, 4.5],
							"size": [2, 5.22238, 4.6],
							"uv": {
								"north": {"uv": [26, 44], "uv_size": [12, 6]},
								"east": {"uv": [26, 44], "uv_size": [12, 6]},
								"south": {"uv": [26, 44], "uv_size": [12, 6]},
								"west": {"uv": [26, 44], "uv_size": [12, 6]},
								"up": {"uv": [38, 50], "uv_size": [-12, -6]},
								"down": {"uv": [38, 50], "uv_size": [-12, -6]}
							}
						},
						{
							"origin": [-1, 4.38881, 4.5],
							"size": [2, 5.22238, 4.6],
							"pivot": [2, 7, 0],
							"rotation": [-22.5, 0, 0],
							"uv": {
								"north": {"uv": [26, 44], "uv_size": [12, 6]},
								"east": {"uv": [26, 44], "uv_size": [12, 6]},
								"south": {"uv": [26, 44], "uv_size": [12, 6]},
								"west": {"uv": [26, 44], "uv_size": [12, 6]},
								"up": {"uv": [38, 50], "uv_size": [-12, -6]},
								"down": {"uv": [38, 50], "uv_size": [-12, -6]}
							}
						},
						{
							"origin": [-1, 4.38881, 4.5],
							"size": [2, 5.22238, 4.6],
							"pivot": [2, 7, 0],
							"rotation": [-45, 0, 0],
							"uv": {
								"north": {"uv": [26, 44], "uv_size": [12, 6]},
								"east": {"uv": [26, 44], "uv_size": [12, 6]},
								"south": {"uv": [26, 44], "uv_size": [12, 6]},
								"west": {"uv": [26, 44], "uv_size": [12, 6]},
								"up": {"uv": [38, 50], "uv_size": [-12, -6]},
								"down": {"uv": [38, 50], "uv_size": [-12, -6]}
							}
						},
						{
							"origin": [-1, -2.1, -2.61119],
							"size": [2, 4.6, 5.22238],
							"pivot": [2, 7, 0],
							"rotation": [22.5, 0, 0],
							"uv": {
								"north": {"uv": [26, 44], "uv_size": [12, 6]},
								"east": {"uv": [26, 44], "uv_size": [12, 6]},
								"south": {"uv": [26, 44], "uv_size": [12, 6]},
								"west": {"uv": [26, 44], "uv_size": [12, 6]},
								"up": {"uv": [38, 50], "uv_size": [-12, -6]},
								"down": {"uv": [38, 50], "uv_size": [-12, -6]}
							}
						},
						{
							"origin": [-1, -2.1, -2.61119],
							"size": [2, 4.6, 5.22238],
							"uv": {
								"north": {"uv": [26, 44], "uv_size": [12, 6]},
								"east": {"uv": [26, 44], "uv_size": [12, 6]},
								"south": {"uv": [26, 44], "uv_size": [12, 6]},
								"west": {"uv": [26, 44], "uv_size": [12, 6]},
								"up": {"uv": [38, 50], "uv_size": [-12, -6]},
								"down": {"uv": [38, 50], "uv_size": [-12, -6]}
							}
						},
						{
							"origin": [-1, -2.1, -2.61119],
							"size": [2, 4.6, 5.22238],
							"pivot": [2, 7, 0],
							"rotation": [-22.5, 0, 0],
							"uv": {
								"north": {"uv": [26, 44], "uv_size": [12, 6]},
								"east": {"uv": [26, 44], "uv_size": [12, 6]},
								"south": {"uv": [26, 44], "uv_size": [12, 6]},
								"west": {"uv": [26, 44], "uv_size": [12, 6]},
								"up": {"uv": [38, 50], "uv_size": [-12, -6]},
								"down": {"uv": [38, 50], "uv_size": [-12, -6]}
							}
						},
						{
							"origin": [-1, 11.5, -2.61119],
							"size": [2, 4.6, 5.22238],
							"pivot": [2, 7, 0],
							"rotation": [22.5, 0, 0],
							"uv": {
								"north": {"uv": [26, 44], "uv_size": [12, 6]},
								"east": {"uv": [26, 44], "uv_size": [12, 6]},
								"south": {"uv": [26, 44], "uv_size": [12, 6]},
								"west": {"uv": [26, 44], "uv_size": [12, 6]},
								"up": {"uv": [38, 50], "uv_size": [-12, -6]},
								"down": {"uv": [38, 50], "uv_size": [-12, -6]}
							}
						},
						{
							"origin": [-1, 11.5, -2.61119],
							"size": [2, 4.6, 5.22238],
							"uv": {
								"north": {"uv": [26, 44], "uv_size": [12, 6]},
								"east": {"uv": [26, 44], "uv_size": [12, 6]},
								"south": {"uv": [26, 44], "uv_size": [12, 6]},
								"west": {"uv": [26, 44], "uv_size": [12, 6]},
								"up": {"uv": [38, 50], "uv_size": [-12, -6]},
								"down": {"uv": [38, 50], "uv_size": [-12, -6]}
							}
						},
						{
							"origin": [1.1, 13.5, -3],
							"size": [0, 6, 6],
							"uv": {
								"north": {"uv": [0, 0], "uv_size": [64, 64]},
								"east": {"uv": [0, 0], "uv_size": [64, 64]},
								"south": {"uv": [0, 0], "uv_size": [64, 64]},
								"west": {"uv": [0, 0], "uv_size": [64, 64]},
								"up": {"uv": [64, 64], "uv_size": [-64, -64]},
								"down": {"uv": [64, 64], "uv_size": [-64, -64]}
							}
						},
						{
							"origin": [-1, 13.5, -3],
							"size": [0, 6, 6],
							"uv": {
								"north": {"uv": [0, 0], "uv_size": [64, 64]},
								"east": {"uv": [0, 0], "uv_size": [64, 64]},
								"south": {"uv": [0, 0], "uv_size": [64, 64]},
								"west": {"uv": [0, 0], "uv_size": [64, 64]},
								"up": {"uv": [64, 64], "uv_size": [-64, -64]},
								"down": {"uv": [64, 64], "uv_size": [-64, -64]}
							}
						},
						{
							"origin": [1.1, 4, 5.5],
							"size": [0, 6, 6],
							"pivot": [2, 7, 0],
							"rotation": [-90, 0, 0],
							"uv": {
								"north": {"uv": [0, 0], "uv_size": [64, 64]},
								"east": {"uv": [0, 0], "uv_size": [64, 64]},
								"south": {"uv": [0, 0], "uv_size": [64, 64]},
								"west": {"uv": [0, 0], "uv_size": [64, 64]},
								"up": {"uv": [64, 64], "uv_size": [-64, -64]},
								"down": {"uv": [64, 64], "uv_size": [-64, -64]}
							}
						},
						{
							"origin": [-1, 4, 5.5],
							"size": [0, 6, 6],
							"pivot": [2, 7, 0],
							"rotation": [-90, 0, 0],
							"uv": {
								"north": {"uv": [0, 0], "uv_size": [64, 64]},
								"east": {"uv": [0, 0], "uv_size": [64, 64]},
								"south": {"uv": [0, 0], "uv_size": [64, 64]},
								"west": {"uv": [0, 0], "uv_size": [64, 64]},
								"up": {"uv": [64, 64], "uv_size": [-64, -64]},
								"down": {"uv": [64, 64], "uv_size": [-64, -64]}
							}
						},
						{
							"origin": [1.1, 4.5, -11],
							"size": [0, 6, 6],
							"pivot": [2, 7, 0],
							"rotation": [45, 0, 0],
							"uv": {
								"north": {"uv": [0, 0], "uv_size": [64, 64]},
								"east": {"uv": [0, 0], "uv_size": [64, 64]},
								"south": {"uv": [0, 0], "uv_size": [64, 64]},
								"west": {"uv": [0, 0], "uv_size": [64, 64]},
								"up": {"uv": [64, 64], "uv_size": [-64, -64]},
								"down": {"uv": [64, 64], "uv_size": [-64, -64]}
							}
						},
						{
							"origin": [-1, 4.5, -11],
							"size": [0, 6, 6],
							"pivot": [2, 7, 0],
							"rotation": [45, 0, 0],
							"uv": {
								"north": {"uv": [0, 0], "uv_size": [64, 64]},
								"east": {"uv": [0, 0], "uv_size": [64, 64]},
								"south": {"uv": [0, 0], "uv_size": [64, 64]},
								"west": {"uv": [0, 0], "uv_size": [64, 64]},
								"up": {"uv": [64, 64], "uv_size": [-64, -64]},
								"down": {"uv": [64, 64], "uv_size": [-64, -64]}
							}
						},
						{
							"origin": [1.1, 4.5, 5],
							"size": [0, 6, 6],
							"pivot": [2, 7, 0],
							"rotation": [-45, 0, 0],
							"uv": {
								"north": {"uv": [0, 0], "uv_size": [64, 64]},
								"east": {"uv": [0, 0], "uv_size": [64, 64]},
								"south": {"uv": [0, 0], "uv_size": [64, 64]},
								"west": {"uv": [0, 0], "uv_size": [64, 64]},
								"up": {"uv": [64, 64], "uv_size": [-64, -64]},
								"down": {"uv": [64, 64], "uv_size": [-64, -64]}
							}
						},
						{
							"origin": [-1, 4.5, 5],
							"size": [0, 6, 6],
							"pivot": [2, 7, 0],
							"rotation": [-45, 0, 0],
							"uv": {
								"north": {"uv": [0, 0], "uv_size": [64, 64]},
								"east": {"uv": [0, 0], "uv_size": [64, 64]},
								"south": {"uv": [0, 0], "uv_size": [64, 64]},
								"west": {"uv": [0, 0], "uv_size": [64, 64]},
								"up": {"uv": [64, 64], "uv_size": [-64, -64]},
								"down": {"uv": [64, 64], "uv_size": [-64, -64]}
							}
						},
						{
							"origin": [1.1, 4.5, 6],
							"size": [0, 6, 6],
							"pivot": [2, 7, 0],
							"rotation": [45, 0, 0],
							"uv": {
								"north": {"uv": [0, 0], "uv_size": [64, 64]},
								"east": {"uv": [0, 0], "uv_size": [64, 64]},
								"south": {"uv": [0, 0], "uv_size": [64, 64]},
								"west": {"uv": [0, 0], "uv_size": [64, 64]},
								"up": {"uv": [64, 64], "uv_size": [-64, -64]},
								"down": {"uv": [64, 64], "uv_size": [-64, -64]}
							}
						},
						{
							"origin": [-1, 4.5, 6],
							"size": [0, 6, 6],
							"pivot": [2, 7, 0],
							"rotation": [45, 0, 0],
							"uv": {
								"north": {"uv": [0, 0], "uv_size": [64, 64]},
								"east": {"uv": [0, 0], "uv_size": [64, 64]},
								"south": {"uv": [0, 0], "uv_size": [64, 64]},
								"west": {"uv": [0, 0], "uv_size": [64, 64]},
								"up": {"uv": [64, 64], "uv_size": [-64, -64]},
								"down": {"uv": [64, 64], "uv_size": [-64, -64]}
							}
						},
						{
							"origin": [1.1, 4.5, 5],
							"size": [0, 6, 6],
							"uv": {
								"north": {"uv": [0, 0], "uv_size": [64, 64]},
								"east": {"uv": [0, 0], "uv_size": [64, 64]},
								"south": {"uv": [0, 0], "uv_size": [64, 64]},
								"west": {"uv": [0, 0], "uv_size": [64, 64]},
								"up": {"uv": [64, 64], "uv_size": [-64, -64]},
								"down": {"uv": [64, 64], "uv_size": [-64, -64]}
							}
						},
						{
							"origin": [-1, 4.5, 5],
							"size": [0, 6, 6],
							"uv": {
								"north": {"uv": [0, 0], "uv_size": [64, 64]},
								"east": {"uv": [0, 0], "uv_size": [64, 64]},
								"south": {"uv": [0, 0], "uv_size": [64, 64]},
								"west": {"uv": [0, 0], "uv_size": [64, 64]},
								"up": {"uv": [64, 64], "uv_size": [-64, -64]},
								"down": {"uv": [64, 64], "uv_size": [-64, -64]}
							}
						},
						{
							"origin": [1.1, 4.5, -11],
							"size": [0, 6, 6],
							"uv": {
								"north": {"uv": [0, 0], "uv_size": [64, 64]},
								"east": {"uv": [0, 0], "uv_size": [64, 64]},
								"south": {"uv": [0, 0], "uv_size": [64, 64]},
								"west": {"uv": [0, 0], "uv_size": [64, 64]},
								"up": {"uv": [64, 64], "uv_size": [-64, -64]},
								"down": {"uv": [64, 64], "uv_size": [-64, -64]}
							}
						},
						{
							"origin": [-1, 4.5, -11],
							"size": [0, 6, 6],
							"uv": {
								"north": {"uv": [0, 0], "uv_size": [64, 64]},
								"east": {"uv": [0, 0], "uv_size": [64, 64]},
								"south": {"uv": [0, 0], "uv_size": [64, 64]},
								"west": {"uv": [0, 0], "uv_size": [64, 64]},
								"up": {"uv": [64, 64], "uv_size": [-64, -64]},
								"down": {"uv": [64, 64], "uv_size": [-64, -64]}
							}
						},
						{
							"origin": [1.1, 4.5, -11],
							"size": [0, 6, 6],
							"pivot": [2, 7, 0],
							"rotation": [-45, 0, 0],
							"uv": {
								"north": {"uv": [0, 0], "uv_size": [64, 64]},
								"east": {"uv": [0, 0], "uv_size": [64, 64]},
								"south": {"uv": [0, 0], "uv_size": [64, 64]},
								"west": {"uv": [0, 0], "uv_size": [64, 64]},
								"up": {"uv": [64, 64], "uv_size": [-64, -64]},
								"down": {"uv": [64, 64], "uv_size": [-64, -64]}
							}
						},
						{
							"origin": [-1, 4.5, -11],
							"size": [0, 6, 6],
							"pivot": [2, 7, 0],
							"rotation": [-45, 0, 0],
							"uv": {
								"north": {"uv": [0, 0], "uv_size": [64, 64]},
								"east": {"uv": [0, 0], "uv_size": [64, 64]},
								"south": {"uv": [0, 0], "uv_size": [64, 64]},
								"west": {"uv": [0, 0], "uv_size": [64, 64]},
								"up": {"uv": [64, 64], "uv_size": [-64, -64]},
								"down": {"uv": [64, 64], "uv_size": [-64, -64]}
							}
						},
						{
							"origin": [-1, 11.5, -2.61119],
							"size": [2, 4.6, 5.22238],
							"pivot": [2, 7, 0],
							"rotation": [-22.5, 0, 0],
							"uv": {
								"north": {"uv": [26, 44], "uv_size": [12, 6]},
								"east": {"uv": [26, 44], "uv_size": [12, 6]},
								"south": {"uv": [26, 44], "uv_size": [12, 6]},
								"west": {"uv": [26, 44], "uv_size": [12, 6]},
								"up": {"uv": [38, 50], "uv_size": [-12, -6]},
								"down": {"uv": [38, 50], "uv_size": [-12, -6]}
							}
						}
					]
				},
				{
					"name": "Moon3",
					"parent": "Moon",
					"pivot": [6, 7, 0],
					"cubes": [
						{
							"origin": [5, 4.38881, -9.1],
							"size": [2, 5.22238, 4.6],
							"pivot": [8, 7, 0],
							"rotation": [45, 0, 0],
							"uv": {
								"north": {"uv": [26, 44], "uv_size": [12, 6]},
								"east": {"uv": [26, 44], "uv_size": [12, 6]},
								"south": {"uv": [26, 44], "uv_size": [12, 6]},
								"west": {"uv": [26, 44], "uv_size": [12, 6]},
								"up": {"uv": [38, 50], "uv_size": [-12, -6]},
								"down": {"uv": [38, 50], "uv_size": [-12, -6]}
							}
						},
						{
							"origin": [5, 4.38881, -9.1],
							"size": [2, 5.22238, 4.6],
							"pivot": [8, 7, 0],
							"rotation": [22.5, 0, 0],
							"uv": {
								"north": {"uv": [26, 44], "uv_size": [12, 6]},
								"east": {"uv": [26, 44], "uv_size": [12, 6]},
								"south": {"uv": [26, 44], "uv_size": [12, 6]},
								"west": {"uv": [26, 44], "uv_size": [12, 6]},
								"up": {"uv": [38, 50], "uv_size": [-12, -6]},
								"down": {"uv": [38, 50], "uv_size": [-12, -6]}
							}
						},
						{
							"origin": [5, 4.38881, -9.1],
							"size": [2, 5.22238, 4.6],
							"uv": {
								"north": {"uv": [26, 44], "uv_size": [12, 6]},
								"east": {"uv": [26, 44], "uv_size": [12, 6]},
								"south": {"uv": [26, 44], "uv_size": [12, 6]},
								"west": {"uv": [26, 44], "uv_size": [12, 6]},
								"up": {"uv": [38, 50], "uv_size": [-12, -6]},
								"down": {"uv": [38, 50], "uv_size": [-12, -6]}
							}
						},
						{
							"origin": [5, 4.38881, -9.1],
							"size": [2, 5.22238, 4.6],
							"pivot": [8, 7, 0],
							"rotation": [-22.5, 0, 0],
							"uv": {
								"north": {"uv": [26, 44], "uv_size": [12, 6]},
								"east": {"uv": [26, 44], "uv_size": [12, 6]},
								"south": {"uv": [26, 44], "uv_size": [12, 6]},
								"west": {"uv": [26, 44], "uv_size": [12, 6]},
								"up": {"uv": [38, 50], "uv_size": [-12, -6]},
								"down": {"uv": [38, 50], "uv_size": [-12, -6]}
							}
						},
						{
							"origin": [5, 4.38881, -9.1],
							"size": [2, 5.22238, 4.6],
							"pivot": [8, 7, 0],
							"rotation": [-45, 0, 0],
							"uv": {
								"north": {"uv": [26, 44], "uv_size": [12, 6]},
								"east": {"uv": [26, 44], "uv_size": [12, 6]},
								"south": {"uv": [26, 44], "uv_size": [12, 6]},
								"west": {"uv": [26, 44], "uv_size": [12, 6]},
								"up": {"uv": [38, 50], "uv_size": [-12, -6]},
								"down": {"uv": [38, 50], "uv_size": [-12, -6]}
							}
						},
						{
							"origin": [5, 4.38881, 4.5],
							"size": [2, 5.22238, 4.6],
							"pivot": [8, 7, 0],
							"rotation": [45, 0, 0],
							"uv": {
								"north": {"uv": [26, 44], "uv_size": [12, 6]},
								"east": {"uv": [26, 44], "uv_size": [12, 6]},
								"south": {"uv": [26, 44], "uv_size": [12, 6]},
								"west": {"uv": [26, 44], "uv_size": [12, 6]},
								"up": {"uv": [38, 50], "uv_size": [-12, -6]},
								"down": {"uv": [38, 50], "uv_size": [-12, -6]}
							}
						},
						{
							"origin": [5, 4.38881, 4.5],
							"size": [2, 5.22238, 4.6],
							"pivot": [8, 7, 0],
							"rotation": [22.5, 0, 0],
							"uv": {
								"north": {"uv": [26, 44], "uv_size": [12, 6]},
								"east": {"uv": [26, 44], "uv_size": [12, 6]},
								"south": {"uv": [26, 44], "uv_size": [12, 6]},
								"west": {"uv": [26, 44], "uv_size": [12, 6]},
								"up": {"uv": [38, 50], "uv_size": [-12, -6]},
								"down": {"uv": [38, 50], "uv_size": [-12, -6]}
							}
						},
						{
							"origin": [5, 4.38881, 4.5],
							"size": [2, 5.22238, 4.6],
							"uv": {
								"north": {"uv": [26, 44], "uv_size": [12, 6]},
								"east": {"uv": [26, 44], "uv_size": [12, 6]},
								"south": {"uv": [26, 44], "uv_size": [12, 6]},
								"west": {"uv": [26, 44], "uv_size": [12, 6]},
								"up": {"uv": [38, 50], "uv_size": [-12, -6]},
								"down": {"uv": [38, 50], "uv_size": [-12, -6]}
							}
						},
						{
							"origin": [5, 4.38881, 4.5],
							"size": [2, 5.22238, 4.6],
							"pivot": [8, 7, 0],
							"rotation": [-22.5, 0, 0],
							"uv": {
								"north": {"uv": [26, 44], "uv_size": [12, 6]},
								"east": {"uv": [26, 44], "uv_size": [12, 6]},
								"south": {"uv": [26, 44], "uv_size": [12, 6]},
								"west": {"uv": [26, 44], "uv_size": [12, 6]},
								"up": {"uv": [38, 50], "uv_size": [-12, -6]},
								"down": {"uv": [38, 50], "uv_size": [-12, -6]}
							}
						},
						{
							"origin": [5, 4.38881, 4.5],
							"size": [2, 5.22238, 4.6],
							"pivot": [8, 7, 0],
							"rotation": [-45, 0, 0],
							"uv": {
								"north": {"uv": [26, 44], "uv_size": [12, 6]},
								"east": {"uv": [26, 44], "uv_size": [12, 6]},
								"south": {"uv": [26, 44], "uv_size": [12, 6]},
								"west": {"uv": [26, 44], "uv_size": [12, 6]},
								"up": {"uv": [38, 50], "uv_size": [-12, -6]},
								"down": {"uv": [38, 50], "uv_size": [-12, -6]}
							}
						},
						{
							"origin": [5, -2.1, -2.61119],
							"size": [2, 4.6, 5.22238],
							"pivot": [8, 7, 0],
							"rotation": [22.5, 0, 0],
							"uv": {
								"north": {"uv": [26, 44], "uv_size": [12, 6]},
								"east": {"uv": [26, 44], "uv_size": [12, 6]},
								"south": {"uv": [26, 44], "uv_size": [12, 6]},
								"west": {"uv": [26, 44], "uv_size": [12, 6]},
								"up": {"uv": [38, 50], "uv_size": [-12, -6]},
								"down": {"uv": [38, 50], "uv_size": [-12, -6]}
							}
						},
						{
							"origin": [5, -2.1, -2.61119],
							"size": [2, 4.6, 5.22238],
							"uv": {
								"north": {"uv": [26, 44], "uv_size": [12, 6]},
								"east": {"uv": [26, 44], "uv_size": [12, 6]},
								"south": {"uv": [26, 44], "uv_size": [12, 6]},
								"west": {"uv": [26, 44], "uv_size": [12, 6]},
								"up": {"uv": [38, 50], "uv_size": [-12, -6]},
								"down": {"uv": [38, 50], "uv_size": [-12, -6]}
							}
						},
						{
							"origin": [5, -2.1, -2.61119],
							"size": [2, 4.6, 5.22238],
							"pivot": [8, 7, 0],
							"rotation": [-22.5, 0, 0],
							"uv": {
								"north": {"uv": [26, 44], "uv_size": [12, 6]},
								"east": {"uv": [26, 44], "uv_size": [12, 6]},
								"south": {"uv": [26, 44], "uv_size": [12, 6]},
								"west": {"uv": [26, 44], "uv_size": [12, 6]},
								"up": {"uv": [38, 50], "uv_size": [-12, -6]},
								"down": {"uv": [38, 50], "uv_size": [-12, -6]}
							}
						},
						{
							"origin": [5, 11.5, -2.61119],
							"size": [2, 4.6, 5.22238],
							"pivot": [8, 7, 0],
							"rotation": [22.5, 0, 0],
							"uv": {
								"north": {"uv": [26, 44], "uv_size": [12, 6]},
								"east": {"uv": [26, 44], "uv_size": [12, 6]},
								"south": {"uv": [26, 44], "uv_size": [12, 6]},
								"west": {"uv": [26, 44], "uv_size": [12, 6]},
								"up": {"uv": [38, 50], "uv_size": [-12, -6]},
								"down": {"uv": [38, 50], "uv_size": [-12, -6]}
							}
						},
						{
							"origin": [5, 11.5, -2.61119],
							"size": [2, 4.6, 5.22238],
							"uv": {
								"north": {"uv": [26, 44], "uv_size": [12, 6]},
								"east": {"uv": [26, 44], "uv_size": [12, 6]},
								"south": {"uv": [26, 44], "uv_size": [12, 6]},
								"west": {"uv": [26, 44], "uv_size": [12, 6]},
								"up": {"uv": [38, 50], "uv_size": [-12, -6]},
								"down": {"uv": [38, 50], "uv_size": [-12, -6]}
							}
						},
						{
							"origin": [7.1, 13.5, -3],
							"size": [0, 6, 6],
							"uv": {
								"north": {"uv": [0, 0], "uv_size": [64, 64]},
								"east": {"uv": [0, 0], "uv_size": [64, 64]},
								"south": {"uv": [0, 0], "uv_size": [64, 64]},
								"west": {"uv": [0, 0], "uv_size": [64, 64]},
								"up": {"uv": [64, 64], "uv_size": [-64, -64]},
								"down": {"uv": [64, 64], "uv_size": [-64, -64]}
							}
						},
						{
							"origin": [5, 13.5, -3],
							"size": [0, 6, 6],
							"uv": {
								"north": {"uv": [0, 0], "uv_size": [64, 64]},
								"east": {"uv": [0, 0], "uv_size": [64, 64]},
								"south": {"uv": [0, 0], "uv_size": [64, 64]},
								"west": {"uv": [0, 0], "uv_size": [64, 64]},
								"up": {"uv": [64, 64], "uv_size": [-64, -64]},
								"down": {"uv": [64, 64], "uv_size": [-64, -64]}
							}
						},
						{
							"origin": [7.1, 4, 5.5],
							"size": [0, 6, 6],
							"pivot": [8, 7, 0],
							"rotation": [-90, 0, 0],
							"uv": {
								"north": {"uv": [0, 0], "uv_size": [64, 64]},
								"east": {"uv": [0, 0], "uv_size": [64, 64]},
								"south": {"uv": [0, 0], "uv_size": [64, 64]},
								"west": {"uv": [0, 0], "uv_size": [64, 64]},
								"up": {"uv": [64, 64], "uv_size": [-64, -64]},
								"down": {"uv": [64, 64], "uv_size": [-64, -64]}
							}
						},
						{
							"origin": [5, 4, 5.5],
							"size": [0, 6, 6],
							"pivot": [8, 7, 0],
							"rotation": [-90, 0, 0],
							"uv": {
								"north": {"uv": [0, 0], "uv_size": [64, 64]},
								"east": {"uv": [0, 0], "uv_size": [64, 64]},
								"south": {"uv": [0, 0], "uv_size": [64, 64]},
								"west": {"uv": [0, 0], "uv_size": [64, 64]},
								"up": {"uv": [64, 64], "uv_size": [-64, -64]},
								"down": {"uv": [64, 64], "uv_size": [-64, -64]}
							}
						},
						{
							"origin": [7.1, 4.5, -11],
							"size": [0, 6, 6],
							"pivot": [8, 7, 0],
							"rotation": [45, 0, 0],
							"uv": {
								"north": {"uv": [0, 0], "uv_size": [64, 64]},
								"east": {"uv": [0, 0], "uv_size": [64, 64]},
								"south": {"uv": [0, 0], "uv_size": [64, 64]},
								"west": {"uv": [0, 0], "uv_size": [64, 64]},
								"up": {"uv": [64, 64], "uv_size": [-64, -64]},
								"down": {"uv": [64, 64], "uv_size": [-64, -64]}
							}
						},
						{
							"origin": [5, 4.5, -11],
							"size": [0, 6, 6],
							"pivot": [8, 7, 0],
							"rotation": [45, 0, 0],
							"uv": {
								"north": {"uv": [0, 0], "uv_size": [64, 64]},
								"east": {"uv": [0, 0], "uv_size": [64, 64]},
								"south": {"uv": [0, 0], "uv_size": [64, 64]},
								"west": {"uv": [0, 0], "uv_size": [64, 64]},
								"up": {"uv": [64, 64], "uv_size": [-64, -64]},
								"down": {"uv": [64, 64], "uv_size": [-64, -64]}
							}
						},
						{
							"origin": [7.1, 4.5, 5],
							"size": [0, 6, 6],
							"pivot": [8, 7, 0],
							"rotation": [-45, 0, 0],
							"uv": {
								"north": {"uv": [0, 0], "uv_size": [64, 64]},
								"east": {"uv": [0, 0], "uv_size": [64, 64]},
								"south": {"uv": [0, 0], "uv_size": [64, 64]},
								"west": {"uv": [0, 0], "uv_size": [64, 64]},
								"up": {"uv": [64, 64], "uv_size": [-64, -64]},
								"down": {"uv": [64, 64], "uv_size": [-64, -64]}
							}
						},
						{
							"origin": [5, 4.5, 5],
							"size": [0, 6, 6],
							"pivot": [8, 7, 0],
							"rotation": [-45, 0, 0],
							"uv": {
								"north": {"uv": [0, 0], "uv_size": [64, 64]},
								"east": {"uv": [0, 0], "uv_size": [64, 64]},
								"south": {"uv": [0, 0], "uv_size": [64, 64]},
								"west": {"uv": [0, 0], "uv_size": [64, 64]},
								"up": {"uv": [64, 64], "uv_size": [-64, -64]},
								"down": {"uv": [64, 64], "uv_size": [-64, -64]}
							}
						},
						{
							"origin": [7.1, 4.5, 6],
							"size": [0, 6, 6],
							"pivot": [8, 7, 0],
							"rotation": [45, 0, 0],
							"uv": {
								"north": {"uv": [0, 0], "uv_size": [64, 64]},
								"east": {"uv": [0, 0], "uv_size": [64, 64]},
								"south": {"uv": [0, 0], "uv_size": [64, 64]},
								"west": {"uv": [0, 0], "uv_size": [64, 64]},
								"up": {"uv": [64, 64], "uv_size": [-64, -64]},
								"down": {"uv": [64, 64], "uv_size": [-64, -64]}
							}
						},
						{
							"origin": [5, 4.5, 6],
							"size": [0, 6, 6],
							"pivot": [8, 7, 0],
							"rotation": [45, 0, 0],
							"uv": {
								"north": {"uv": [0, 0], "uv_size": [64, 64]},
								"east": {"uv": [0, 0], "uv_size": [64, 64]},
								"south": {"uv": [0, 0], "uv_size": [64, 64]},
								"west": {"uv": [0, 0], "uv_size": [64, 64]},
								"up": {"uv": [64, 64], "uv_size": [-64, -64]},
								"down": {"uv": [64, 64], "uv_size": [-64, -64]}
							}
						},
						{
							"origin": [7.1, 4.5, 5],
							"size": [0, 6, 6],
							"uv": {
								"north": {"uv": [0, 0], "uv_size": [64, 64]},
								"east": {"uv": [0, 0], "uv_size": [64, 64]},
								"south": {"uv": [0, 0], "uv_size": [64, 64]},
								"west": {"uv": [0, 0], "uv_size": [64, 64]},
								"up": {"uv": [64, 64], "uv_size": [-64, -64]},
								"down": {"uv": [64, 64], "uv_size": [-64, -64]}
							}
						},
						{
							"origin": [5, 4.5, 5],
							"size": [0, 6, 6],
							"uv": {
								"north": {"uv": [0, 0], "uv_size": [64, 64]},
								"east": {"uv": [0, 0], "uv_size": [64, 64]},
								"south": {"uv": [0, 0], "uv_size": [64, 64]},
								"west": {"uv": [0, 0], "uv_size": [64, 64]},
								"up": {"uv": [64, 64], "uv_size": [-64, -64]},
								"down": {"uv": [64, 64], "uv_size": [-64, -64]}
							}
						},
						{
							"origin": [7.1, 4.5, -11],
							"size": [0, 6, 6],
							"uv": {
								"north": {"uv": [0, 0], "uv_size": [64, 64]},
								"east": {"uv": [0, 0], "uv_size": [64, 64]},
								"south": {"uv": [0, 0], "uv_size": [64, 64]},
								"west": {"uv": [0, 0], "uv_size": [64, 64]},
								"up": {"uv": [64, 64], "uv_size": [-64, -64]},
								"down": {"uv": [64, 64], "uv_size": [-64, -64]}
							}
						},
						{
							"origin": [5, 4.5, -11],
							"size": [0, 6, 6],
							"uv": {
								"north": {"uv": [0, 0], "uv_size": [64, 64]},
								"east": {"uv": [0, 0], "uv_size": [64, 64]},
								"south": {"uv": [0, 0], "uv_size": [64, 64]},
								"west": {"uv": [0, 0], "uv_size": [64, 64]},
								"up": {"uv": [64, 64], "uv_size": [-64, -64]},
								"down": {"uv": [64, 64], "uv_size": [-64, -64]}
							}
						},
						{
							"origin": [7.1, 4.5, -11],
							"size": [0, 6, 6],
							"pivot": [8, 7, 0],
							"rotation": [-45, 0, 0],
							"uv": {
								"north": {"uv": [0, 0], "uv_size": [64, 64]},
								"east": {"uv": [0, 0], "uv_size": [64, 64]},
								"south": {"uv": [0, 0], "uv_size": [64, 64]},
								"west": {"uv": [0, 0], "uv_size": [64, 64]},
								"up": {"uv": [64, 64], "uv_size": [-64, -64]},
								"down": {"uv": [64, 64], "uv_size": [-64, -64]}
							}
						},
						{
							"origin": [5, 4.5, -11],
							"size": [0, 6, 6],
							"pivot": [8, 7, 0],
							"rotation": [-45, 0, 0],
							"uv": {
								"north": {"uv": [0, 0], "uv_size": [64, 64]},
								"east": {"uv": [0, 0], "uv_size": [64, 64]},
								"south": {"uv": [0, 0], "uv_size": [64, 64]},
								"west": {"uv": [0, 0], "uv_size": [64, 64]},
								"up": {"uv": [64, 64], "uv_size": [-64, -64]},
								"down": {"uv": [64, 64], "uv_size": [-64, -64]}
							}
						},
						{
							"origin": [5, 11.5, -2.61119],
							"size": [2, 4.6, 5.22238],
							"pivot": [8, 7, 0],
							"rotation": [-22.5, 0, 0],
							"uv": {
								"north": {"uv": [26, 44], "uv_size": [12, 6]},
								"east": {"uv": [26, 44], "uv_size": [12, 6]},
								"south": {"uv": [26, 44], "uv_size": [12, 6]},
								"west": {"uv": [26, 44], "uv_size": [12, 6]},
								"up": {"uv": [38, 50], "uv_size": [-12, -6]},
								"down": {"uv": [38, 50], "uv_size": [-12, -6]}
							}
						}
					]
				},
				{
					"name": "Moon2",
					"parent": "Moon",
					"pivot": [-6, 7, 0],
					"cubes": [
						{
							"origin": [-7, 4.38881, -9.1],
							"size": [2, 5.22238, 4.6],
							"pivot": [-4, 7, 0],
							"rotation": [45, 0, 0],
							"uv": {
								"north": {"uv": [26, 44], "uv_size": [12, 6]},
								"east": {"uv": [26, 44], "uv_size": [12, 6]},
								"south": {"uv": [26, 44], "uv_size": [12, 6]},
								"west": {"uv": [26, 44], "uv_size": [12, 6]},
								"up": {"uv": [38, 50], "uv_size": [-12, -6]},
								"down": {"uv": [38, 50], "uv_size": [-12, -6]}
							}
						},
						{
							"origin": [-7, 4.38881, -9.1],
							"size": [2, 5.22238, 4.6],
							"pivot": [-4, 7, 0],
							"rotation": [22.5, 0, 0],
							"uv": {
								"north": {"uv": [26, 44], "uv_size": [12, 6]},
								"east": {"uv": [26, 44], "uv_size": [12, 6]},
								"south": {"uv": [26, 44], "uv_size": [12, 6]},
								"west": {"uv": [26, 44], "uv_size": [12, 6]},
								"up": {"uv": [38, 50], "uv_size": [-12, -6]},
								"down": {"uv": [38, 50], "uv_size": [-12, -6]}
							}
						},
						{
							"origin": [-7, 4.38881, -9.1],
							"size": [2, 5.22238, 4.6],
							"uv": {
								"north": {"uv": [26, 44], "uv_size": [12, 6]},
								"east": {"uv": [26, 44], "uv_size": [12, 6]},
								"south": {"uv": [26, 44], "uv_size": [12, 6]},
								"west": {"uv": [26, 44], "uv_size": [12, 6]},
								"up": {"uv": [38, 50], "uv_size": [-12, -6]},
								"down": {"uv": [38, 50], "uv_size": [-12, -6]}
							}
						},
						{
							"origin": [-7, 4.38881, -9.1],
							"size": [2, 5.22238, 4.6],
							"pivot": [-4, 7, 0],
							"rotation": [-22.5, 0, 0],
							"uv": {
								"north": {"uv": [26, 44], "uv_size": [12, 6]},
								"east": {"uv": [26, 44], "uv_size": [12, 6]},
								"south": {"uv": [26, 44], "uv_size": [12, 6]},
								"west": {"uv": [26, 44], "uv_size": [12, 6]},
								"up": {"uv": [38, 50], "uv_size": [-12, -6]},
								"down": {"uv": [38, 50], "uv_size": [-12, -6]}
							}
						},
						{
							"origin": [-7, 4.38881, -9.1],
							"size": [2, 5.22238, 4.6],
							"pivot": [-4, 7, 0],
							"rotation": [-45, 0, 0],
							"uv": {
								"north": {"uv": [26, 44], "uv_size": [12, 6]},
								"east": {"uv": [26, 44], "uv_size": [12, 6]},
								"south": {"uv": [26, 44], "uv_size": [12, 6]},
								"west": {"uv": [26, 44], "uv_size": [12, 6]},
								"up": {"uv": [38, 50], "uv_size": [-12, -6]},
								"down": {"uv": [38, 50], "uv_size": [-12, -6]}
							}
						},
						{
							"origin": [-7, 4.38881, 4.5],
							"size": [2, 5.22238, 4.6],
							"pivot": [-4, 7, 0],
							"rotation": [45, 0, 0],
							"uv": {
								"north": {"uv": [26, 44], "uv_size": [12, 6]},
								"east": {"uv": [26, 44], "uv_size": [12, 6]},
								"south": {"uv": [26, 44], "uv_size": [12, 6]},
								"west": {"uv": [26, 44], "uv_size": [12, 6]},
								"up": {"uv": [38, 50], "uv_size": [-12, -6]},
								"down": {"uv": [38, 50], "uv_size": [-12, -6]}
							}
						},
						{
							"origin": [-7, 4.38881, 4.5],
							"size": [2, 5.22238, 4.6],
							"pivot": [-4, 7, 0],
							"rotation": [22.5, 0, 0],
							"uv": {
								"north": {"uv": [26, 44], "uv_size": [12, 6]},
								"east": {"uv": [26, 44], "uv_size": [12, 6]},
								"south": {"uv": [26, 44], "uv_size": [12, 6]},
								"west": {"uv": [26, 44], "uv_size": [12, 6]},
								"up": {"uv": [38, 50], "uv_size": [-12, -6]},
								"down": {"uv": [38, 50], "uv_size": [-12, -6]}
							}
						},
						{
							"origin": [-7, 4.38881, 4.5],
							"size": [2, 5.22238, 4.6],
							"uv": {
								"north": {"uv": [26, 44], "uv_size": [12, 6]},
								"east": {"uv": [26, 44], "uv_size": [12, 6]},
								"south": {"uv": [26, 44], "uv_size": [12, 6]},
								"west": {"uv": [26, 44], "uv_size": [12, 6]},
								"up": {"uv": [38, 50], "uv_size": [-12, -6]},
								"down": {"uv": [38, 50], "uv_size": [-12, -6]}
							}
						},
						{
							"origin": [-7, 4.38881, 4.5],
							"size": [2, 5.22238, 4.6],
							"pivot": [-4, 7, 0],
							"rotation": [-22.5, 0, 0],
							"uv": {
								"north": {"uv": [26, 44], "uv_size": [12, 6]},
								"east": {"uv": [26, 44], "uv_size": [12, 6]},
								"south": {"uv": [26, 44], "uv_size": [12, 6]},
								"west": {"uv": [26, 44], "uv_size": [12, 6]},
								"up": {"uv": [38, 50], "uv_size": [-12, -6]},
								"down": {"uv": [38, 50], "uv_size": [-12, -6]}
							}
						},
						{
							"origin": [-7, 4.38881, 4.5],
							"size": [2, 5.22238, 4.6],
							"pivot": [-4, 7, 0],
							"rotation": [-45, 0, 0],
							"uv": {
								"north": {"uv": [26, 44], "uv_size": [12, 6]},
								"east": {"uv": [26, 44], "uv_size": [12, 6]},
								"south": {"uv": [26, 44], "uv_size": [12, 6]},
								"west": {"uv": [26, 44], "uv_size": [12, 6]},
								"up": {"uv": [38, 50], "uv_size": [-12, -6]},
								"down": {"uv": [38, 50], "uv_size": [-12, -6]}
							}
						},
						{
							"origin": [-7, -2.1, -2.61119],
							"size": [2, 4.6, 5.22238],
							"pivot": [-4, 7, 0],
							"rotation": [22.5, 0, 0],
							"uv": {
								"north": {"uv": [26, 44], "uv_size": [12, 6]},
								"east": {"uv": [26, 44], "uv_size": [12, 6]},
								"south": {"uv": [26, 44], "uv_size": [12, 6]},
								"west": {"uv": [26, 44], "uv_size": [12, 6]},
								"up": {"uv": [38, 50], "uv_size": [-12, -6]},
								"down": {"uv": [38, 50], "uv_size": [-12, -6]}
							}
						},
						{
							"origin": [-7, -2.1, -2.61119],
							"size": [2, 4.6, 5.22238],
							"uv": {
								"north": {"uv": [26, 44], "uv_size": [12, 6]},
								"east": {"uv": [26, 44], "uv_size": [12, 6]},
								"south": {"uv": [26, 44], "uv_size": [12, 6]},
								"west": {"uv": [26, 44], "uv_size": [12, 6]},
								"up": {"uv": [38, 50], "uv_size": [-12, -6]},
								"down": {"uv": [38, 50], "uv_size": [-12, -6]}
							}
						},
						{
							"origin": [-7, -2.1, -2.61119],
							"size": [2, 4.6, 5.22238],
							"pivot": [-4, 7, 0],
							"rotation": [-22.5, 0, 0],
							"uv": {
								"north": {"uv": [26, 44], "uv_size": [12, 6]},
								"east": {"uv": [26, 44], "uv_size": [12, 6]},
								"south": {"uv": [26, 44], "uv_size": [12, 6]},
								"west": {"uv": [26, 44], "uv_size": [12, 6]},
								"up": {"uv": [38, 50], "uv_size": [-12, -6]},
								"down": {"uv": [38, 50], "uv_size": [-12, -6]}
							}
						},
						{
							"origin": [-7, 11.5, -2.61119],
							"size": [2, 4.6, 5.22238],
							"pivot": [-4, 7, 0],
							"rotation": [22.5, 0, 0],
							"uv": {
								"north": {"uv": [26, 44], "uv_size": [12, 6]},
								"east": {"uv": [26, 44], "uv_size": [12, 6]},
								"south": {"uv": [26, 44], "uv_size": [12, 6]},
								"west": {"uv": [26, 44], "uv_size": [12, 6]},
								"up": {"uv": [38, 50], "uv_size": [-12, -6]},
								"down": {"uv": [38, 50], "uv_size": [-12, -6]}
							}
						},
						{
							"origin": [-7, 11.5, -2.61119],
							"size": [2, 4.6, 5.22238],
							"uv": {
								"north": {"uv": [26, 44], "uv_size": [12, 6]},
								"east": {"uv": [26, 44], "uv_size": [12, 6]},
								"south": {"uv": [26, 44], "uv_size": [12, 6]},
								"west": {"uv": [26, 44], "uv_size": [12, 6]},
								"up": {"uv": [38, 50], "uv_size": [-12, -6]},
								"down": {"uv": [38, 50], "uv_size": [-12, -6]}
							}
						},
						{
							"origin": [-4.9, 13.5, -3],
							"size": [0, 6, 6],
							"uv": {
								"north": {"uv": [0, 0], "uv_size": [64, 64]},
								"east": {"uv": [0, 0], "uv_size": [64, 64]},
								"south": {"uv": [0, 0], "uv_size": [64, 64]},
								"west": {"uv": [0, 0], "uv_size": [64, 64]},
								"up": {"uv": [64, 64], "uv_size": [-64, -64]},
								"down": {"uv": [64, 64], "uv_size": [-64, -64]}
							}
						},
						{
							"origin": [-7, 13.5, -3],
							"size": [0, 6, 6],
							"uv": {
								"north": {"uv": [0, 0], "uv_size": [64, 64]},
								"east": {"uv": [0, 0], "uv_size": [64, 64]},
								"south": {"uv": [0, 0], "uv_size": [64, 64]},
								"west": {"uv": [0, 0], "uv_size": [64, 64]},
								"up": {"uv": [64, 64], "uv_size": [-64, -64]},
								"down": {"uv": [64, 64], "uv_size": [-64, -64]}
							}
						},
						{
							"origin": [-4.9, 4, 5.5],
							"size": [0, 6, 6],
							"pivot": [-4, 7, 0],
							"rotation": [-90, 0, 0],
							"uv": {
								"north": {"uv": [0, 0], "uv_size": [64, 64]},
								"east": {"uv": [0, 0], "uv_size": [64, 64]},
								"south": {"uv": [0, 0], "uv_size": [64, 64]},
								"west": {"uv": [0, 0], "uv_size": [64, 64]},
								"up": {"uv": [64, 64], "uv_size": [-64, -64]},
								"down": {"uv": [64, 64], "uv_size": [-64, -64]}
							}
						},
						{
							"origin": [-7, 4, 5.5],
							"size": [0, 6, 6],
							"pivot": [-4, 7, 0],
							"rotation": [-90, 0, 0],
							"uv": {
								"north": {"uv": [0, 0], "uv_size": [64, 64]},
								"east": {"uv": [0, 0], "uv_size": [64, 64]},
								"south": {"uv": [0, 0], "uv_size": [64, 64]},
								"west": {"uv": [0, 0], "uv_size": [64, 64]},
								"up": {"uv": [64, 64], "uv_size": [-64, -64]},
								"down": {"uv": [64, 64], "uv_size": [-64, -64]}
							}
						},
						{
							"origin": [-4.9, 4.5, -11],
							"size": [0, 6, 6],
							"pivot": [-4, 7, 0],
							"rotation": [45, 0, 0],
							"uv": {
								"north": {"uv": [0, 0], "uv_size": [64, 64]},
								"east": {"uv": [0, 0], "uv_size": [64, 64]},
								"south": {"uv": [0, 0], "uv_size": [64, 64]},
								"west": {"uv": [0, 0], "uv_size": [64, 64]},
								"up": {"uv": [64, 64], "uv_size": [-64, -64]},
								"down": {"uv": [64, 64], "uv_size": [-64, -64]}
							}
						},
						{
							"origin": [-7, 4.5, -11],
							"size": [0, 6, 6],
							"pivot": [-4, 7, 0],
							"rotation": [45, 0, 0],
							"uv": {
								"north": {"uv": [0, 0], "uv_size": [64, 64]},
								"east": {"uv": [0, 0], "uv_size": [64, 64]},
								"south": {"uv": [0, 0], "uv_size": [64, 64]},
								"west": {"uv": [0, 0], "uv_size": [64, 64]},
								"up": {"uv": [64, 64], "uv_size": [-64, -64]},
								"down": {"uv": [64, 64], "uv_size": [-64, -64]}
							}
						},
						{
							"origin": [-4.9, 4.5, 5],
							"size": [0, 6, 6],
							"pivot": [-4, 7, 0],
							"rotation": [-45, 0, 0],
							"uv": {
								"north": {"uv": [0, 0], "uv_size": [64, 64]},
								"east": {"uv": [0, 0], "uv_size": [64, 64]},
								"south": {"uv": [0, 0], "uv_size": [64, 64]},
								"west": {"uv": [0, 0], "uv_size": [64, 64]},
								"up": {"uv": [64, 64], "uv_size": [-64, -64]},
								"down": {"uv": [64, 64], "uv_size": [-64, -64]}
							}
						},
						{
							"origin": [-7, 4.5, 5],
							"size": [0, 6, 6],
							"pivot": [-4, 7, 0],
							"rotation": [-45, 0, 0],
							"uv": {
								"north": {"uv": [0, 0], "uv_size": [64, 64]},
								"east": {"uv": [0, 0], "uv_size": [64, 64]},
								"south": {"uv": [0, 0], "uv_size": [64, 64]},
								"west": {"uv": [0, 0], "uv_size": [64, 64]},
								"up": {"uv": [64, 64], "uv_size": [-64, -64]},
								"down": {"uv": [64, 64], "uv_size": [-64, -64]}
							}
						},
						{
							"origin": [-4.9, 4.5, 6],
							"size": [0, 6, 6],
							"pivot": [-4, 7, 0],
							"rotation": [45, 0, 0],
							"uv": {
								"north": {"uv": [0, 0], "uv_size": [64, 64]},
								"east": {"uv": [0, 0], "uv_size": [64, 64]},
								"south": {"uv": [0, 0], "uv_size": [64, 64]},
								"west": {"uv": [0, 0], "uv_size": [64, 64]},
								"up": {"uv": [64, 64], "uv_size": [-64, -64]},
								"down": {"uv": [64, 64], "uv_size": [-64, -64]}
							}
						},
						{
							"origin": [-7, 4.5, 6],
							"size": [0, 6, 6],
							"pivot": [-4, 7, 0],
							"rotation": [45, 0, 0],
							"uv": {
								"north": {"uv": [0, 0], "uv_size": [64, 64]},
								"east": {"uv": [0, 0], "uv_size": [64, 64]},
								"south": {"uv": [0, 0], "uv_size": [64, 64]},
								"west": {"uv": [0, 0], "uv_size": [64, 64]},
								"up": {"uv": [64, 64], "uv_size": [-64, -64]},
								"down": {"uv": [64, 64], "uv_size": [-64, -64]}
							}
						},
						{
							"origin": [-4.9, 4.5, 5],
							"size": [0, 6, 6],
							"uv": {
								"north": {"uv": [0, 0], "uv_size": [64, 64]},
								"east": {"uv": [0, 0], "uv_size": [64, 64]},
								"south": {"uv": [0, 0], "uv_size": [64, 64]},
								"west": {"uv": [0, 0], "uv_size": [64, 64]},
								"up": {"uv": [64, 64], "uv_size": [-64, -64]},
								"down": {"uv": [64, 64], "uv_size": [-64, -64]}
							}
						},
						{
							"origin": [-7, 4.5, 5],
							"size": [0, 6, 6],
							"uv": {
								"north": {"uv": [0, 0], "uv_size": [64, 64]},
								"east": {"uv": [0, 0], "uv_size": [64, 64]},
								"south": {"uv": [0, 0], "uv_size": [64, 64]},
								"west": {"uv": [0, 0], "uv_size": [64, 64]},
								"up": {"uv": [64, 64], "uv_size": [-64, -64]},
								"down": {"uv": [64, 64], "uv_size": [-64, -64]}
							}
						},
						{
							"origin": [-4.9, 4.5, -11],
							"size": [0, 6, 6],
							"uv": {
								"north": {"uv": [0, 0], "uv_size": [64, 64]},
								"east": {"uv": [0, 0], "uv_size": [64, 64]},
								"south": {"uv": [0, 0], "uv_size": [64, 64]},
								"west": {"uv": [0, 0], "uv_size": [64, 64]},
								"up": {"uv": [64, 64], "uv_size": [-64, -64]},
								"down": {"uv": [64, 64], "uv_size": [-64, -64]}
							}
						},
						{
							"origin": [-7, 4.5, -11],
							"size": [0, 6, 6],
							"uv": {
								"north": {"uv": [0, 0], "uv_size": [64, 64]},
								"east": {"uv": [0, 0], "uv_size": [64, 64]},
								"south": {"uv": [0, 0], "uv_size": [64, 64]},
								"west": {"uv": [0, 0], "uv_size": [64, 64]},
								"up": {"uv": [64, 64], "uv_size": [-64, -64]},
								"down": {"uv": [64, 64], "uv_size": [-64, -64]}
							}
						},
						{
							"origin": [-4.9, 4.5, -11],
							"size": [0, 6, 6],
							"pivot": [-4, 7, 0],
							"rotation": [-45, 0, 0],
							"uv": {
								"north": {"uv": [0, 0], "uv_size": [64, 64]},
								"east": {"uv": [0, 0], "uv_size": [64, 64]},
								"south": {"uv": [0, 0], "uv_size": [64, 64]},
								"west": {"uv": [0, 0], "uv_size": [64, 64]},
								"up": {"uv": [64, 64], "uv_size": [-64, -64]},
								"down": {"uv": [64, 64], "uv_size": [-64, -64]}
							}
						},
						{
							"origin": [-7, 4.5, -11],
							"size": [0, 6, 6],
							"pivot": [-4, 7, 0],
							"rotation": [-45, 0, 0],
							"uv": {
								"north": {"uv": [0, 0], "uv_size": [64, 64]},
								"east": {"uv": [0, 0], "uv_size": [64, 64]},
								"south": {"uv": [0, 0], "uv_size": [64, 64]},
								"west": {"uv": [0, 0], "uv_size": [64, 64]},
								"up": {"uv": [64, 64], "uv_size": [-64, -64]},
								"down": {"uv": [64, 64], "uv_size": [-64, -64]}
							}
						},
						{
							"origin": [-7, 11.5, -2.61119],
							"size": [2, 4.6, 5.22238],
							"pivot": [-4, 7, 0],
							"rotation": [-22.5, 0, 0],
							"uv": {
								"north": {"uv": [26, 44], "uv_size": [12, 6]},
								"east": {"uv": [26, 44], "uv_size": [12, 6]},
								"south": {"uv": [26, 44], "uv_size": [12, 6]},
								"west": {"uv": [26, 44], "uv_size": [12, 6]},
								"up": {"uv": [38, 50], "uv_size": [-12, -6]},
								"down": {"uv": [38, 50], "uv_size": [-12, -6]}
							}
						}
					]
				}
			]
		}
	]
}