{
	"format_version": "1.12.0",
	"minecraft:geometry": [
		{
			"description": {
				"identifier": "geometry.kimetsu_tomioka_head",
				"texture_width": 410,
				"texture_height": 410,
				"visible_bounds_width": 4,
				"visible_bounds_height": 3.5,
				"visible_bounds_offset": [0, 1.25, 0]
			},
			"bones": [
				{
					"name": "Head",
					"pivot": [0, 24, 0],
					"cubes": [
						{"origin": [-4, 24, -4], "size": [8, 8, 8], "inflate": 0.51, "uv": [0, 0]},
						{"origin": [-4, 24, -4], "size": [8, 8, 8], "inflate": 0.53, "uv": [32, 0]}
					]
				},
				{
					"name": "toc",
					"parent": "Head",
					"pivot": [0, 29, 3],
					"rotation": [-18, 0, 0],
					"cubes": [
						{
							"origin": [-1.4, 27.19062, 3.83875],
							"size": [2.8, 2.2, 4],
							"uv": {
								"north": {"uv": [23, 13], "uv_size": [2, 2]},
								"east": {"uv": [19, 13], "uv_size": [4, 2]},
								"south": {"uv": [29, 13], "uv_size": [2, 2]},
								"west": {"uv": [25, 13], "uv_size": [4, 2]},
								"up": {"uv": [23, 9], "uv_size": [2, 4]},
								"down": {"uv": [25, 13], "uv_size": [2, -4]}
							}
						},
						{
							"origin": [-0.9, 27.59062, 2.83875],
							"size": [1.8, 1.7, 1],
							"uv": {
								"north": {"uv": [22, 11], "uv_size": [1, 1]},
								"east": {"uv": [21, 11], "uv_size": [1, 1]},
								"south": {"uv": [24, 11], "uv_size": [1, 1]},
								"west": {"uv": [23, 11], "uv_size": [1, 1]},
								"up": {"uv": [22, 10], "uv_size": [1, 1]},
								"down": {"uv": [23, 11], "uv_size": [1, -1]}
							}
						},
						{
							"origin": [-0.5, 28.79062, 4.03875],
							"size": [1, 1, 4.7],
							"uv": {
								"north": {"uv": [23, 13], "uv_size": [1, 1]},
								"east": {"uv": [19, 13], "uv_size": [4, 1]},
								"south": {"uv": [28, 13], "uv_size": [1, 1]},
								"west": {"uv": [24, 13], "uv_size": [4, 1]},
								"up": {"uv": [23, 9], "uv_size": [1, 4]},
								"down": {"uv": [24, 13], "uv_size": [1, -4]}
							}
						}
					]
				},
				{
					"name": "bone25",
					"parent": "toc",
					"pivot": [0, 22.79062, -2.06125],
					"rotation": [-6, 0, 0],
					"cubes": [
						{
							"origin": [-0.5, 29.99062, 3.13875],
							"size": [1, 1, 3.9],
							"uv": {
								"north": {"uv": [22, 12], "uv_size": [1, 1]},
								"east": {"uv": [19, 12], "uv_size": [3, 1]},
								"south": {"uv": [26, 12], "uv_size": [1, 1]},
								"west": {"uv": [23, 12], "uv_size": [3, 1]},
								"up": {"uv": [22, 9], "uv_size": [1, 3]},
								"down": {"uv": [23, 12], "uv_size": [1, -3]}
							}
						}
					]
				},
				{
					"name": "bone8",
					"parent": "toc",
					"pivot": [2.1, 22.39062, 0.43875],
					"rotation": [0, -30, 0],
					"cubes": [
						{
							"origin": [0.41088, 28.79062, 4.8603],
							"size": [1, 1, 4.4],
							"pivot": [2.1, 22.39062, 0.43875],
							"rotation": [0, 12.5, 0],
							"uv": {
								"north": {"uv": [23, 13], "uv_size": [1, 1]},
								"east": {"uv": [19, 13], "uv_size": [4, 1]},
								"south": {"uv": [28, 13], "uv_size": [1, 1]},
								"west": {"uv": [24, 13], "uv_size": [4, 1]},
								"up": {"uv": [23, 9], "uv_size": [1, 4]},
								"down": {"uv": [24, 13], "uv_size": [1, -4]}
							}
						}
					]
				},
				{
					"name": "bone15",
					"parent": "bone8",
					"pivot": [0, 22.39062, 0.43875],
					"rotation": [0, 37.5, 0],
					"cubes": [
						{
							"origin": [-1.68912, 28.79062, 4.8603],
							"size": [1, 1, 4.4],
							"pivot": [0, 22.39062, 0.43875],
							"rotation": [0, 12.5, 0],
							"uv": {
								"north": {"uv": [23, 13], "uv_size": [1, 1]},
								"east": {"uv": [19, 13], "uv_size": [4, 1]},
								"south": {"uv": [28, 13], "uv_size": [1, 1]},
								"west": {"uv": [24, 13], "uv_size": [4, 1]},
								"up": {"uv": [23, 9], "uv_size": [1, 4]},
								"down": {"uv": [24, 13], "uv_size": [1, -4]}
							}
						}
					]
				},
				{
					"name": "bone13",
					"parent": "toc",
					"pivot": [0, 29.39062, -0.16125],
					"rotation": [-65, 0, 0],
					"cubes": [
						{
							"origin": [-1, 32.64062, 3.83875],
							"size": [2, 2.75, 4.3],
							"uv": {
								"north": {"uv": [23, 13], "uv_size": [2, 2]},
								"east": {"uv": [19, 13], "uv_size": [4, 2]},
								"south": {"uv": [29, 13], "uv_size": [2, 2]},
								"west": {"uv": [25, 13], "uv_size": [4, 2]},
								"up": {"uv": [23, 9], "uv_size": [2, 4]},
								"down": {"uv": [25, 13], "uv_size": [2, -4]}
							}
						},
						{
							"origin": [-0.5, 35.84062, 5.83875],
							"size": [1.1, 0.55, 4.3],
							"uv": {
								"north": {"uv": [23, 13], "uv_size": [1, 0]},
								"east": {"uv": [19, 13], "uv_size": [4, 0]},
								"south": {"uv": [28, 13], "uv_size": [1, 0]},
								"west": {"uv": [24, 13], "uv_size": [4, 0]},
								"up": {"uv": [23, 9], "uv_size": [1, 4]},
								"down": {"uv": [24, 13], "uv_size": [1, -4]}
							}
						},
						{
							"origin": [-2.64058, 33.14077, 2.30257],
							"size": [1, 1.1, 3.9],
							"pivot": [0, 29.39062, -0.16125],
							"rotation": [0.52239, 5.24826, 11.36081],
							"uv": {
								"north": {"uv": [22, 12], "uv_size": [1, 1]},
								"east": {"uv": [19, 12], "uv_size": [3, 1]},
								"south": {"uv": [26, 12], "uv_size": [1, 1]},
								"west": {"uv": [23, 12], "uv_size": [3, 1]},
								"up": {"uv": [22, 9], "uv_size": [1, 3]},
								"down": {"uv": [23, 12], "uv_size": [1, -3]}
							}
						},
						{
							"origin": [1, 33.99062, 2.83875],
							"size": [1, 1.4, 3.9],
							"uv": {
								"north": {"uv": [22, 12], "uv_size": [1, 1]},
								"east": {"uv": [19, 12], "uv_size": [3, 1]},
								"south": {"uv": [26, 12], "uv_size": [1, 1]},
								"west": {"uv": [23, 12], "uv_size": [3, 1]},
								"up": {"uv": [22, 9], "uv_size": [1, 3]},
								"down": {"uv": [23, 12], "uv_size": [1, -3]}
							}
						}
					]
				},
				{
					"name": "bone21",
					"parent": "bone13",
					"pivot": [0, 29.39062, -0.16125],
					"rotation": [-3, 0, 0],
					"cubes": [
						{
							"origin": [0.9, 33.84062, 3.83875],
							"size": [1, 1.15, 5.2],
							"uv": {
								"north": {"uv": [24, 14], "uv_size": [1, 1]},
								"east": {"uv": [19, 14], "uv_size": [5, 1]},
								"south": {"uv": [30, 14], "uv_size": [1, 1]},
								"west": {"uv": [25, 14], "uv_size": [5, 1]},
								"up": {"uv": [24, 9], "uv_size": [1, 5]},
								"down": {"uv": [25, 14], "uv_size": [1, -5]}
							}
						},
						{
							"origin": [-2.1, 33.84062, 3.83875],
							"size": [1, 1.15, 5.2],
							"uv": {
								"north": {"uv": [24, 14], "uv_size": [1, 1]},
								"east": {"uv": [19, 14], "uv_size": [5, 1]},
								"south": {"uv": [30, 14], "uv_size": [1, 1]},
								"west": {"uv": [25, 14], "uv_size": [5, 1]},
								"up": {"uv": [24, 9], "uv_size": [1, 5]},
								"down": {"uv": [25, 14], "uv_size": [1, -5]}
							}
						}
					]
				},
				{
					"name": "bone22",
					"parent": "bone21",
					"pivot": [0, 29.39062, -0.16125],
					"rotation": [-10, 0, 0],
					"cubes": [
						{
							"origin": [0.9, 34.14062, 3.43875],
							"size": [1, 0.85, 3.9],
							"pivot": [0, 29.39062, -0.16125],
							"rotation": [-4, 0, 0],
							"uv": {
								"north": {"uv": [19, 12], "uv_size": [1, 0]},
								"east": {"uv": [16, 12], "uv_size": [3, 0]},
								"south": {"uv": [23, 12], "uv_size": [1, 0]},
								"west": {"uv": [20, 12], "uv_size": [3, 0]},
								"up": {"uv": [19, 9], "uv_size": [1, 3]},
								"down": {"uv": [20, 12], "uv_size": [1, -3]}
							}
						},
						{
							"origin": [-2.1, 34.14062, 3.43875],
							"size": [1, 0.85, 3.9],
							"pivot": [0, 29.39062, -0.16125],
							"rotation": [-4, 0, 0],
							"uv": {
								"north": {"uv": [22, 12], "uv_size": [1, 0]},
								"east": {"uv": [19, 12], "uv_size": [3, 0]},
								"south": {"uv": [26, 12], "uv_size": [1, 0]},
								"west": {"uv": [23, 12], "uv_size": [3, 0]},
								"up": {"uv": [22, 9], "uv_size": [1, 3]},
								"down": {"uv": [23, 12], "uv_size": [1, -3]}
							}
						}
					]
				},
				{
					"name": "bone19",
					"parent": "bone13",
					"pivot": [0, 29.39062, -0.16125],
					"cubes": [
						{
							"origin": [-0.8, 35.84062, 5.83875],
							"size": [1.1, 0.55, 3.7],
							"pivot": [0, 29.39062, -0.16125],
							"rotation": [0, -7.5, 0],
							"uv": {
								"north": {"uv": [22, 12], "uv_size": [1, 0]},
								"east": {"uv": [19, 12], "uv_size": [3, 0]},
								"south": {"uv": [26, 12], "uv_size": [1, 0]},
								"west": {"uv": [23, 12], "uv_size": [3, 0]},
								"up": {"uv": [22, 9], "uv_size": [1, 3]},
								"down": {"uv": [23, 12], "uv_size": [1, -3]}
							}
						}
					]
				},
				{
					"name": "bone20",
					"parent": "bone19",
					"pivot": [-0.9, 29.39062, -0.06125],
					"rotation": [0, 26, 0],
					"cubes": [
						{
							"origin": [-1.7, 35.84062, 5.93875],
							"size": [1.1, 0.55, 3.7],
							"pivot": [-0.9, 29.39062, -0.06125],
							"rotation": [0, -7.5, 0],
							"uv": {
								"north": {"uv": [19, 12], "uv_size": [1, 0]},
								"east": {"uv": [16, 12], "uv_size": [3, 0]},
								"south": {"uv": [23, 12], "uv_size": [1, 0]},
								"west": {"uv": [20, 12], "uv_size": [3, 0]},
								"up": {"uv": [19, 9], "uv_size": [1, 3]},
								"down": {"uv": [20, 12], "uv_size": [1, -3]}
							}
						}
					]
				},
				{
					"name": "bone16",
					"parent": "bone13",
					"pivot": [0, 29.39062, -0.16125],
					"rotation": [0, -20, 0],
					"cubes": [
						{
							"origin": [-2.04058, 33.14077, 2.30257],
							"size": [1, 1.1, 3.9],
							"pivot": [0, 29.39062, -0.16125],
							"rotation": [0.52239, 5.24826, 11.36081],
							"uv": {
								"north": {"uv": [22, 12], "uv_size": [1, 1]},
								"east": {"uv": [19, 12], "uv_size": [3, 1]},
								"south": {"uv": [26, 12], "uv_size": [1, 1]},
								"west": {"uv": [23, 12], "uv_size": [3, 1]},
								"up": {"uv": [22, 9], "uv_size": [1, 3]},
								"down": {"uv": [23, 12], "uv_size": [1, -3]}
							}
						},
						{
							"origin": [-2.04058, 34.84077, 2.60257],
							"size": [1, 0.9, 4.5],
							"pivot": [0, 29.39062, -0.16125],
							"rotation": [-5.45591, 1.26644, 11.74242],
							"uv": {
								"north": {"uv": [23, 13], "uv_size": [1, 0]},
								"east": {"uv": [19, 13], "uv_size": [4, 0]},
								"south": {"uv": [28, 13], "uv_size": [1, 0]},
								"west": {"uv": [24, 13], "uv_size": [4, 0]},
								"up": {"uv": [23, 9], "uv_size": [1, 4]},
								"down": {"uv": [24, 13], "uv_size": [1, -4]}
							}
						}
					]
				},
				{
					"name": "bone23",
					"parent": "bone16",
					"pivot": [0, 29.39062, -0.16125],
					"cubes": [
						{
							"origin": [-1.74058, 32.24077, 3.10257],
							"size": [1, 0.8, 3.5],
							"pivot": [0, 29.39062, -0.16125],
							"rotation": [-4.47761, 5.24826, 11.36081],
							"uv": {
								"north": {"uv": [22, 12], "uv_size": [1, 0]},
								"east": {"uv": [19, 12], "uv_size": [3, 0]},
								"south": {"uv": [26, 12], "uv_size": [1, 0]},
								"west": {"uv": [23, 12], "uv_size": [3, 0]},
								"up": {"uv": [22, 9], "uv_size": [1, 3]},
								"down": {"uv": [23, 12], "uv_size": [1, -3]}
							}
						}
					]
				},
				{
					"name": "bone18",
					"parent": "bone16",
					"pivot": [0, 29.39062, -0.66125],
					"rotation": [0, 43.5, 0],
					"cubes": [
						{
							"origin": [-2.04058, 33.14077, 1.80257],
							"size": [1, 1.1, 3.9],
							"pivot": [0, 29.39062, -0.66125],
							"rotation": [0.52239, 5.24826, 11.36081],
							"uv": {
								"north": {"uv": [19, 11], "uv_size": [1, 1]},
								"east": {"uv": [16, 11], "uv_size": [3, 1]},
								"south": {"uv": [23, 11], "uv_size": [1, 1]},
								"west": {"uv": [20, 11], "uv_size": [3, 1]},
								"up": {"uv": [19, 8], "uv_size": [1, 3]},
								"down": {"uv": [20, 11], "uv_size": [1, -3]}
							}
						},
						{
							"origin": [-2.04058, 34.54077, 2.90257],
							"size": [1, 1.1, 3.9],
							"pivot": [0, 29.39062, -0.66125],
							"rotation": [0.5208, 2.74836, 11.33799],
							"uv": {
								"north": {"uv": [19, 12], "uv_size": [1, 1]},
								"east": {"uv": [16, 12], "uv_size": [3, 1]},
								"south": {"uv": [23, 12], "uv_size": [1, 1]},
								"west": {"uv": [20, 12], "uv_size": [3, 1]},
								"up": {"uv": [19, 9], "uv_size": [1, 3]},
								"down": {"uv": [20, 12], "uv_size": [1, -3]}
							}
						}
					]
				},
				{
					"name": "bone17",
					"parent": "bone13",
					"pivot": [0, 30.64062, 2.33875],
					"rotation": [-20, 0, 0],
					"cubes": [
						{
							"origin": [-0.7, 34.99062, 6.33875],
							"size": [1.5, 1.55, 1.9],
							"uv": {
								"north": {"uv": [20, 10], "uv_size": [1, 1]},
								"east": {"uv": [19, 10], "uv_size": [1, 1]},
								"south": {"uv": [22, 10], "uv_size": [1, 1]},
								"west": {"uv": [21, 10], "uv_size": [1, 1]},
								"up": {"uv": [20, 9], "uv_size": [1, 1]},
								"down": {"uv": [21, 10], "uv_size": [1, -1]}
							}
						},
						{
							"origin": [-0.5, 35.19062, 8.03875],
							"size": [0.9, 0.95, 1.2],
							"uv": {
								"north": {"uv": [20, 10], "uv_size": [0, 0]},
								"east": {"uv": [19, 10], "uv_size": [1, 0]},
								"south": {"uv": [21, 10], "uv_size": [0, 0]},
								"west": {"uv": [20, 10], "uv_size": [1, 0]},
								"up": {"uv": [20, 9], "uv_size": [0, 1]},
								"down": {"uv": [20, 10], "uv_size": [0, -1]}
							}
						}
					]
				},
				{
					"name": "bone24",
					"parent": "bone17",
					"pivot": [0, 30.64062, 2.33875],
					"cubes": [
						{
							"origin": [-0.2, 35.99062, 6.53875],
							"size": [0.6, 0.85, 2.8],
							"pivot": [0, 30.64062, 2.33875],
							"rotation": [6, 0, 0],
							"uv": {
								"north": {"uv": [21, 11], "uv_size": [0, 0]},
								"east": {"uv": [19, 11], "uv_size": [2, 0]},
								"south": {"uv": [23, 11], "uv_size": [0, 0]},
								"west": {"uv": [21, 11], "uv_size": [2, 0]},
								"up": {"uv": [21, 9], "uv_size": [0, 2]},
								"down": {"uv": [21, 11], "uv_size": [0, -2]}
							}
						}
					]
				},
				{
					"name": "bone26",
					"parent": "bone13",
					"pivot": [0, 30.49062, 0.33875],
					"rotation": [5, 0, 0],
					"cubes": [
						{
							"origin": [-1, 34.89062, 4.33875],
							"size": [2, 1.6, 3],
							"uv": {
								"north": {"uv": [22, 12], "uv_size": [2, 1]},
								"east": {"uv": [19, 12], "uv_size": [3, 1]},
								"south": {"uv": [27, 12], "uv_size": [2, 1]},
								"west": {"uv": [24, 12], "uv_size": [3, 1]},
								"up": {"uv": [22, 9], "uv_size": [2, 3]},
								"down": {"uv": [24, 12], "uv_size": [2, -3]}
							}
						},
						{
							"origin": [-0.45, 36.49062, 3.93875],
							"size": [0.95, 0.7, 4],
							"uv": {
								"north": {"uv": [23, 13], "uv_size": [0, 0]},
								"east": {"uv": [19, 13], "uv_size": [4, 0]},
								"south": {"uv": [27, 13], "uv_size": [0, 0]},
								"west": {"uv": [23, 13], "uv_size": [4, 0]},
								"up": {"uv": [23, 9], "uv_size": [0, 4]},
								"down": {"uv": [23, 13], "uv_size": [0, -4]}
							}
						}
					]
				},
				{
					"name": "bone27",
					"parent": "bone26",
					"pivot": [-1.6, 30.49062, 0.33875],
					"rotation": [0, 17.5, 0],
					"cubes": [
						{
							"origin": [-0.7, 34.89062, 5.33875],
							"size": [0.8, 1.1, 3.4],
							"uv": {
								"north": {"uv": [22, 12], "uv_size": [0, 1]},
								"east": {"uv": [19, 12], "uv_size": [3, 1]},
								"south": {"uv": [25, 12], "uv_size": [0, 1]},
								"west": {"uv": [22, 12], "uv_size": [3, 1]},
								"up": {"uv": [22, 9], "uv_size": [0, 3]},
								"down": {"uv": [22, 12], "uv_size": [0, -3]}
							}
						}
					]
				},
				{
					"name": "bone28",
					"parent": "bone27",
					"pivot": [-1.6, 30.49062, 0.33875],
					"cubes": [
						{
							"origin": [-0.1, 34.89062, 4.03875],
							"size": [0.8, 1.1, 3.4],
							"pivot": [-1.6, 30.49062, 0.33875],
							"rotation": [0, -37.5, 0],
							"uv": {
								"north": {"uv": [22, 12], "uv_size": [0, 1]},
								"east": {"uv": [19, 12], "uv_size": [3, 1]},
								"south": {"uv": [25, 12], "uv_size": [0, 1]},
								"west": {"uv": [22, 12], "uv_size": [3, 1]},
								"up": {"uv": [22, 9], "uv_size": [0, 3]},
								"down": {"uv": [22, 12], "uv_size": [0, -3]}
							}
						}
					]
				}
			]
		}
	]
}