{
	"format_version": "1.12.0",
	"minecraft:geometry": [
		{
			"description": {
				"identifier": "geometry.kimetsu_nezuko_demon_head",
				"texture_width": 225,
				"texture_height": 225,
				"visible_bounds_width": 3,
				"visible_bounds_height": 3.5,
				"visible_bounds_offset": [0, 1.25, 0]
			},
			"bones": [
				{
					"name": "Head",
					"pivot": [0, 24, 0],
					"cubes": [
						{"origin": [-4, 24, -4], "size": [8, 8, 8], "inflate": 0.51, "uv": [0, 0]},
						{"origin": [-4, 24, -4], "size": [8, 8, 8], "inflate": 0.53, "uv": [32, 0]}
					]
				},
				{
					"name": "Horn",
					"parent": "Head",
					"pivot": [-2, 30, -4],
					"rotation": [-60, 0, 90],
					"cubes": [
						{
							"origin": [-1.16496, 29.0859, -3.99391],
							"size": [0.5, 1.11719, 0.5],
							"uv": {
								"north": {"uv": [40, 9.5], "uv_size": [0.5, 0.5]},
								"east": {"uv": [40, 9.5], "uv_size": [0.5, 0.5]},
								"south": {"uv": [40, 9.5], "uv_size": [0.5, 0.5]},
								"west": {"uv": [40, 9.5], "uv_size": [0.5, 0.5]},
								"up": {"uv": [40.5, 10], "uv_size": [-0.5, -0.5]},
								"down": {"uv": [40.5, 10], "uv_size": [-0.5, -0.5]}
							}
						},
						{
							"origin": [-1.54969, 28.5591, -3.99391],
							"size": [0.5, 1.2, 0.5],
							"pivot": [-2.54953, 28.45543, -3.78915],
							"rotation": [0, 0, 22.5],
							"uv": {
								"north": {"uv": [40, 9.5], "uv_size": [0.5, 0.5]},
								"east": {"uv": [40, 9.5], "uv_size": [0.5, 0.5]},
								"south": {"uv": [40, 9.5], "uv_size": [0.5, 0.5]},
								"west": {"uv": [40, 9.5], "uv_size": [0.5, 0.5]},
								"up": {"uv": [40.5, 10], "uv_size": [-0.5, -0.5]},
								"down": {"uv": [40.5, 10], "uv_size": [-0.5, -0.5]}
							}
						},
						{
							"origin": [-1.70353, 28.00408, -3.99391],
							"size": [0.5, 1.1211, 0.5],
							"pivot": [-2.54953, 28.45543, -3.78915],
							"rotation": [0, 0, 45],
							"uv": {
								"north": {"uv": [40, 9.5], "uv_size": [0.5, 0.5]},
								"east": {"uv": [40, 9.5], "uv_size": [0.5, 0.5]},
								"south": {"uv": [40, 9.5], "uv_size": [0.5, 0.5]},
								"west": {"uv": [40, 9.5], "uv_size": [0.5, 0.5]},
								"up": {"uv": [40.5, 10], "uv_size": [-0.5, -0.5]},
								"down": {"uv": [40.5, 10], "uv_size": [-0.5, -0.5]}
							}
						},
						{
							"origin": [-1.70353, 28.00408, -4.4275],
							"size": [0.36328, 0.66407, 1.32812],
							"pivot": [-2.54953, 28.45543, -3.78915],
							"rotation": [0, 0, 45],
							"uv": {
								"north": {"uv": [40, 9.5], "uv_size": [0.5, 0.5]},
								"east": {"uv": [40, 9.5], "uv_size": [0.5, 0.5]},
								"south": {"uv": [40, 9.5], "uv_size": [0.5, 0.5]},
								"west": {"uv": [40, 9.5], "uv_size": [0.5, 0.5]},
								"up": {"uv": [40.5, 10], "uv_size": [-0.5, -0.5]},
								"down": {"uv": [40.5, 10], "uv_size": [-0.5, -0.5]}
							}
						},
						{
							"origin": [-3.57252, 27.03916, -3.99391],
							"size": [1.12109, 0.5, 0.5],
							"pivot": [-2.54953, 28.45543, -3.78915],
							"rotation": [0, 0, -22.5],
							"uv": {
								"north": {"uv": [40, 9.5], "uv_size": [0.5, 0.5]},
								"east": {"uv": [40, 9.5], "uv_size": [0.5, 0.5]},
								"south": {"uv": [40, 9.5], "uv_size": [0.5, 0.5]},
								"west": {"uv": [40, 9.5], "uv_size": [0.5, 0.5]},
								"up": {"uv": [40.5, 10], "uv_size": [-0.5, -0.5]},
								"down": {"uv": [40.5, 10], "uv_size": [-0.5, -0.5]}
							}
						},
						{
							"origin": [-3.34596, 27.20713, -4.365],
							"size": [0.89453, 0.33203, 1.19922],
							"pivot": [-2.54953, 28.45543, -3.78915],
							"rotation": [0, 0, -22.5],
							"uv": {
								"north": {"uv": [40, 9.5], "uv_size": [0.5, 0.5]},
								"east": {"uv": [40, 9.5], "uv_size": [0.5, 0.5]},
								"south": {"uv": [40, 9.5], "uv_size": [0.5, 0.5]},
								"west": {"uv": [40, 9.5], "uv_size": [0.5, 0.5]},
								"up": {"uv": [40.5, 10], "uv_size": [-0.5, -0.5]},
								"down": {"uv": [40.5, 10], "uv_size": [-0.5, -0.5]}
							}
						},
						{
							"origin": [-4.07376, 26.75549, -3.99391],
							"size": [1.12109, 0.5, 0.5],
							"uv": {
								"north": {"uv": [40, 9.5], "uv_size": [0.5, 0.5]},
								"east": {"uv": [40, 9.5], "uv_size": [0.5, 0.5]},
								"south": {"uv": [40, 9.5], "uv_size": [0.5, 0.5]},
								"west": {"uv": [40, 9.5], "uv_size": [0.5, 0.5]},
								"up": {"uv": [40.5, 10], "uv_size": [-0.5, -0.5]},
								"down": {"uv": [40.5, 10], "uv_size": [-0.5, -0.5]}
							}
						},
						{
							"origin": [-3.9097, 27.07189, -4.28688],
							"size": [1.12109, 0.5, 0.5],
							"uv": {
								"north": {"uv": [40, 9.5], "uv_size": [0.5, 0.5]},
								"east": {"uv": [40, 9.5], "uv_size": [0.5, 0.5]},
								"south": {"uv": [40, 9.5], "uv_size": [0.5, 0.5]},
								"west": {"uv": [40, 9.5], "uv_size": [0.5, 0.5]},
								"up": {"uv": [40.5, 10], "uv_size": [-0.5, -0.5]},
								"down": {"uv": [40.5, 10], "uv_size": [-0.5, -0.5]}
							}
						},
						{
							"origin": [-4.17829, 26.30159, -3.99391],
							"size": [0.87109, 0.5, 0.5],
							"pivot": [-2.54953, 28.45543, -3.78915],
							"rotation": [0, 0, 22.5],
							"uv": {
								"north": {"uv": [40, 9.5], "uv_size": [0.5, 0.5]},
								"east": {"uv": [40, 9.5], "uv_size": [0.5, 0.5]},
								"south": {"uv": [40, 9.5], "uv_size": [0.5, 0.5]},
								"west": {"uv": [40, 9.5], "uv_size": [0.5, 0.5]},
								"up": {"uv": [40.5, 10], "uv_size": [-0.5, -0.5]},
								"down": {"uv": [40.5, 10], "uv_size": [-0.5, -0.5]}
							}
						},
						{
							"origin": [-2.47988, 28.1738, -2.98707],
							"size": [0.5, 1.2, 0.5],
							"pivot": [-2.54953, 28.45543, -3.78915],
							"rotation": [0, 0, 22.5],
							"uv": {
								"north": {"uv": [40, 9.5], "uv_size": [0.5, 0.5]},
								"east": {"uv": [40, 9.5], "uv_size": [0.5, 0.5]},
								"south": {"uv": [40, 9.5], "uv_size": [0.5, 0.5]},
								"west": {"uv": [40, 9.5], "uv_size": [0.5, 0.5]},
								"up": {"uv": [40.5, 10], "uv_size": [-0.5, -0.5]},
								"down": {"uv": [40.5, 10], "uv_size": [-0.5, -0.5]}
							}
						},
						{
							"origin": [-2.47988, 28.1738, -5.00074],
							"size": [0.5, 1.2, 0.5],
							"pivot": [-2.54953, 28.45543, -3.78915],
							"rotation": [0, 0, 22.5],
							"uv": {
								"north": {"uv": [40, 9.5], "uv_size": [0.5, 0.5]},
								"east": {"uv": [40, 9.5], "uv_size": [0.5, 0.5]},
								"south": {"uv": [40, 9.5], "uv_size": [0.5, 0.5]},
								"west": {"uv": [40, 9.5], "uv_size": [0.5, 0.5]},
								"up": {"uv": [40.5, 10], "uv_size": [-0.5, -0.5]},
								"down": {"uv": [40.5, 10], "uv_size": [-0.5, -0.5]}
							}
						},
						{
							"origin": [-2.17129, 28.1738, -4.74293],
							"size": [0.5, 1.39532, 1.89063],
							"pivot": [-2.54953, 28.45543, -3.78915],
							"rotation": [0, 0, 22.5],
							"uv": {
								"north": {"uv": [40, 9.5], "uv_size": [0.5, 0.5]},
								"east": {"uv": [40, 9.5], "uv_size": [0.5, 0.5]},
								"south": {"uv": [40, 9.5], "uv_size": [0.5, 0.5]},
								"west": {"uv": [40, 9.5], "uv_size": [0.5, 0.5]},
								"up": {"uv": [40.5, 10], "uv_size": [-0.5, -0.5]},
								"down": {"uv": [40.5, 10], "uv_size": [-0.5, -0.5]}
							}
						},
						{
							"origin": [-1.84316, 28.1738, -4.49293],
							"size": [0.5, 1.51641, 1.51953],
							"pivot": [-2.54953, 28.45543, -3.78915],
							"rotation": [0, 0, 22.5],
							"uv": {
								"north": {"uv": [40, 9.5], "uv_size": [0.5, 0.5]},
								"east": {"uv": [40, 9.5], "uv_size": [0.5, 0.5]},
								"south": {"uv": [40, 9.5], "uv_size": [0.5, 0.5]},
								"west": {"uv": [40, 9.5], "uv_size": [0.5, 0.5]},
								"up": {"uv": [40.5, 10], "uv_size": [-0.5, -0.5]},
								"down": {"uv": [40.5, 10], "uv_size": [-0.5, -0.5]}
							}
						},
						{
							"origin": [-1.72207, 28.1738, -4.2898],
							"size": [0.5, 1.51641, 1.09765],
							"pivot": [-2.54953, 28.45543, -3.78915],
							"rotation": [0, 0, 22.5],
							"uv": {
								"north": {"uv": [40, 9.5], "uv_size": [0.5, 0.5]},
								"east": {"uv": [40, 9.5], "uv_size": [0.5, 0.5]},
								"south": {"uv": [40, 9.5], "uv_size": [0.5, 0.5]},
								"west": {"uv": [40, 9.5], "uv_size": [0.5, 0.5]},
								"up": {"uv": [40.5, 10], "uv_size": [-0.5, -0.5]},
								"down": {"uv": [40.5, 10], "uv_size": [-0.5, -0.5]}
							}
						},
						{
							"origin": [-2.24551, 27.53709, -4.49293],
							"size": [0.5, 1.2, 1.5],
							"pivot": [-2.54953, 28.45543, -3.78915],
							"rotation": [0, 0, 22.5],
							"uv": {
								"north": {"uv": [40, 9.5], "uv_size": [0.5, 0.5]},
								"east": {"uv": [40, 9.5], "uv_size": [0.5, 0.5]},
								"south": {"uv": [40, 9.5], "uv_size": [0.5, 0.5]},
								"west": {"uv": [40, 9.5], "uv_size": [0.5, 0.5]},
								"up": {"uv": [40.5, 10], "uv_size": [-0.5, -0.5]},
								"down": {"uv": [40.5, 10], "uv_size": [-0.5, -0.5]}
							}
						},
						{
							"origin": [-2.41547, 27.63199, -4.80543],
							"size": [0.5, 0.78125, 2.10156],
							"pivot": [-2.54953, 28.45543, -3.78915],
							"rotation": [0, 0, 45],
							"uv": {
								"north": {"uv": [40, 9.5], "uv_size": [0.5, 0.5]},
								"east": {"uv": [40, 9.5], "uv_size": [0.5, 0.5]},
								"south": {"uv": [40, 9.5], "uv_size": [0.5, 0.5]},
								"west": {"uv": [40, 9.5], "uv_size": [0.5, 0.5]},
								"up": {"uv": [40.5, 10], "uv_size": [-0.5, -0.5]},
								"down": {"uv": [40.5, 10], "uv_size": [-0.5, -0.5]}
							}
						},
						{
							"origin": [-2.67876, 27.94812, -4.76029],
							"size": [0.65625, 1.26953, 0.5],
							"pivot": [-2.54953, 28.45543, -3.78915],
							"rotation": [0, 22.5, 0],
							"uv": {
								"north": {"uv": [40, 9.5], "uv_size": [0.5, 0.5]},
								"east": {"uv": [40, 9.5], "uv_size": [0.5, 0.5]},
								"south": {"uv": [40, 9.5], "uv_size": [0.5, 0.5]},
								"west": {"uv": [40, 9.5], "uv_size": [0.5, 0.5]},
								"up": {"uv": [40.5, 10], "uv_size": [-0.5, -0.5]},
								"down": {"uv": [40.5, 10], "uv_size": [-0.5, -0.5]}
							}
						},
						{
							"origin": [-2.39594, 27.81168, -4.94215],
							"size": [0.48047, 0.60156, 2.40235],
							"pivot": [-2.54953, 28.45543, -3.78915],
							"rotation": [0, 0, 45],
							"uv": {
								"north": {"uv": [40, 9.5], "uv_size": [0.5, 0.5]},
								"east": {"uv": [40, 9.5], "uv_size": [0.5, 0.5]},
								"south": {"uv": [40, 9.5], "uv_size": [0.5, 0.5]},
								"west": {"uv": [40, 9.5], "uv_size": [0.5, 0.5]},
								"up": {"uv": [40.5, 10], "uv_size": [-0.5, -0.5]},
								"down": {"uv": [40.5, 10], "uv_size": [-0.5, -0.5]}
							}
						},
						{
							"origin": [-4.40358, 27.55451, -4.42262],
							"size": [1.33593, 0.74219, 1.34766],
							"pivot": [-2.54953, 28.45543, -3.78915],
							"rotation": [0, 0, -22.5],
							"uv": {
								"north": {"uv": [40, 9.5], "uv_size": [0.5, 0.5]},
								"east": {"uv": [40, 9.5], "uv_size": [0.5, 0.5]},
								"south": {"uv": [40, 9.5], "uv_size": [0.5, 0.5]},
								"west": {"uv": [40, 9.5], "uv_size": [0.5, 0.5]},
								"up": {"uv": [40.5, 10], "uv_size": [-0.5, -0.5]},
								"down": {"uv": [40.5, 10], "uv_size": [-0.5, -0.5]}
							}
						},
						{
							"origin": [-3.54812, 27.55451, -4.68824],
							"size": [0.48047, 0.8086, 1.83594],
							"pivot": [-2.54953, 28.45543, -3.78915],
							"rotation": [0, 0, -22.5],
							"uv": {
								"north": {"uv": [40, 9.5], "uv_size": [0.5, 0.5]},
								"east": {"uv": [40, 9.5], "uv_size": [0.5, 0.5]},
								"south": {"uv": [40, 9.5], "uv_size": [0.5, 0.5]},
								"west": {"uv": [40, 9.5], "uv_size": [0.5, 0.5]},
								"up": {"uv": [40.5, 10], "uv_size": [-0.5, -0.5]},
								"down": {"uv": [40.5, 10], "uv_size": [-0.5, -0.5]}
							}
						},
						{
							"origin": [-4.0364, 27.55451, -4.59449],
							"size": [0.48047, 0.5, 1.67578],
							"pivot": [-2.54953, 28.45543, -3.78915],
							"rotation": [0, 0, -22.5],
							"uv": {
								"north": {"uv": [40, 9.5], "uv_size": [0.5, 0.5]},
								"east": {"uv": [40, 9.5], "uv_size": [0.5, 0.5]},
								"south": {"uv": [40, 9.5], "uv_size": [0.5, 0.5]},
								"west": {"uv": [40, 9.5], "uv_size": [0.5, 0.5]},
								"up": {"uv": [40.5, 10], "uv_size": [-0.5, -0.5]},
								"down": {"uv": [40.5, 10], "uv_size": [-0.5, -0.5]}
							}
						},
						{
							"origin": [-4.33327, 27.55451, -4.52808],
							"size": [0.30859, 0.5, 1.54296],
							"pivot": [-2.54953, 28.45543, -3.78915],
							"rotation": [0, 0, -22.5],
							"uv": {
								"north": {"uv": [40, 9.5], "uv_size": [0.5, 0.5]},
								"east": {"uv": [40, 9.5], "uv_size": [0.5, 0.5]},
								"south": {"uv": [40, 9.5], "uv_size": [0.5, 0.5]},
								"west": {"uv": [40, 9.5], "uv_size": [0.5, 0.5]},
								"up": {"uv": [40.5, 10], "uv_size": [-0.5, -0.5]},
								"down": {"uv": [40.5, 10], "uv_size": [-0.5, -0.5]}
							}
						},
						{
							"origin": [-4.24581, 26.99561, -4.28199],
							"size": [0.32812, 0.41797, 1.0625],
							"uv": {
								"north": {"uv": [40, 9.5], "uv_size": [0.5, 0.5]},
								"east": {"uv": [40, 9.5], "uv_size": [0.5, 0.5]},
								"south": {"uv": [40, 9.5], "uv_size": [0.5, 0.5]},
								"west": {"uv": [40, 9.5], "uv_size": [0.5, 0.5]},
								"up": {"uv": [40.5, 10], "uv_size": [-0.5, -0.5]},
								"down": {"uv": [40.5, 10], "uv_size": [-0.5, -0.5]}
							}
						},
						{
							"origin": [-3.04877, 26.22373, -4.1023],
							"size": [0.33203, 0.29687, 0.73047],
							"pivot": [-2.54953, 28.45543, -3.78915],
							"rotation": [0, 0, 45],
							"uv": {
								"north": {"uv": [40, 9.5], "uv_size": [0.5, 0.5]},
								"east": {"uv": [40, 9.5], "uv_size": [0.5, 0.5]},
								"south": {"uv": [40, 9.5], "uv_size": [0.5, 0.5]},
								"west": {"uv": [40, 9.5], "uv_size": [0.5, 0.5]},
								"up": {"uv": [40.5, 10], "uv_size": [-0.5, -0.5]},
								"down": {"uv": [40.5, 10], "uv_size": [-0.5, -0.5]}
							}
						},
						{
							"origin": [-3.41007, 27.78851, -4.07594],
							"size": [0.5, 1.2, 0.58203],
							"pivot": [-2.54953, 28.45543, -3.78915],
							"rotation": [0, 0, 22.5],
							"uv": {
								"north": {"uv": [40, 9.5], "uv_size": [0.5, 0.5]},
								"east": {"uv": [40, 9.5], "uv_size": [0.5, 0.5]},
								"south": {"uv": [40, 9.5], "uv_size": [0.5, 0.5]},
								"west": {"uv": [40, 9.5], "uv_size": [0.5, 0.5]},
								"up": {"uv": [40.5, 10], "uv_size": [-0.5, -0.5]},
								"down": {"uv": [40.5, 10], "uv_size": [-0.5, -0.5]}
							}
						},
						{
							"origin": [-3.32023, 27.31194, -4.45875],
							"size": [0.5, 1.61797, 1.32812],
							"pivot": [-2.54953, 28.45543, -3.78915],
							"rotation": [0, 0, 22.5],
							"uv": {
								"north": {"uv": [40, 9.5], "uv_size": [0.5, 0.5]},
								"east": {"uv": [40, 9.5], "uv_size": [0.5, 0.5]},
								"south": {"uv": [40, 9.5], "uv_size": [0.5, 0.5]},
								"west": {"uv": [40, 9.5], "uv_size": [0.5, 0.5]},
								"up": {"uv": [40.5, 10], "uv_size": [-0.5, -0.5]},
								"down": {"uv": [40.5, 10], "uv_size": [-0.5, -0.5]}
							}
						},
						{
							"origin": [-3.12741, 26.92005, -4.19313],
							"size": [0.5, 0.78125, 0.86329],
							"pivot": [-2.54953, 28.45543, -3.78915],
							"rotation": [0, 0, 45],
							"uv": {
								"north": {"uv": [40, 9.5], "uv_size": [0.5, 0.5]},
								"east": {"uv": [40, 9.5], "uv_size": [0.5, 0.5]},
								"south": {"uv": [40, 9.5], "uv_size": [0.5, 0.5]},
								"west": {"uv": [40, 9.5], "uv_size": [0.5, 0.5]},
								"up": {"uv": [40.5, 10], "uv_size": [-0.5, -0.5]},
								"down": {"uv": [40.5, 10], "uv_size": [-0.5, -0.5]}
							}
						},
						{
							"origin": [-5.07597, 27.93981, -3.99391],
							"size": [1.07813, 0.5, 0.5],
							"pivot": [-2.54953, 28.45543, -3.78915],
							"rotation": [0, 0, -22.5],
							"uv": {
								"north": {"uv": [40, 9.5], "uv_size": [0.5, 0.5]},
								"east": {"uv": [40, 9.5], "uv_size": [0.5, 0.5]},
								"south": {"uv": [40, 9.5], "uv_size": [0.5, 0.5]},
								"west": {"uv": [40, 9.5], "uv_size": [0.5, 0.5]},
								"up": {"uv": [40.5, 10], "uv_size": [-0.5, -0.5]},
								"down": {"uv": [40.5, 10], "uv_size": [-0.5, -0.5]}
							}
						},
						{
							"origin": [-5.16272, 29.13597, -3.99391],
							"size": [0.26953, 0.27343, 0.5],
							"pivot": [-2.54953, 28.45543, -3.78915],
							"rotation": [0, 0, -45],
							"uv": {
								"north": {"uv": [40, 9.5], "uv_size": [0.5, 0.5]},
								"east": {"uv": [40, 9.5], "uv_size": [0.5, 0.5]},
								"south": {"uv": [40, 9.5], "uv_size": [0.5, 0.5]},
								"west": {"uv": [40, 9.5], "uv_size": [0.5, 0.5]},
								"up": {"uv": [40.5, 10], "uv_size": [-0.5, -0.5]},
								"down": {"uv": [40.5, 10], "uv_size": [-0.5, -0.5]}
							}
						},
						{
							"origin": [-3.17863, 29.0859, -3.99391],
							"size": [0.5, 1.11719, 0.5],
							"uv": {
								"north": {"uv": [40, 9.5], "uv_size": [0.5, 0.5]},
								"east": {"uv": [40, 9.5], "uv_size": [0.5, 0.5]},
								"south": {"uv": [40, 9.5], "uv_size": [0.5, 0.5]},
								"west": {"uv": [40, 9.5], "uv_size": [0.5, 0.5]},
								"up": {"uv": [40.5, 10], "uv_size": [-0.5, -0.5]},
								"down": {"uv": [40.5, 10], "uv_size": [-0.5, -0.5]}
							}
						},
						{
							"origin": [-1.23006, 29.0859, -3.75713],
							"size": [0.5, 1.11719, 0.5],
							"pivot": [-2.54953, 28.45543, -3.78915],
							"rotation": [0, 22.5, 0],
							"uv": {
								"north": {"uv": [40, 9.5], "uv_size": [0.5, 0.5]},
								"east": {"uv": [40, 9.5], "uv_size": [0.5, 0.5]},
								"south": {"uv": [40, 9.5], "uv_size": [0.5, 0.5]},
								"west": {"uv": [40, 9.5], "uv_size": [0.5, 0.5]},
								"up": {"uv": [40.5, 10], "uv_size": [-0.5, -0.5]},
								"down": {"uv": [40.5, 10], "uv_size": [-0.5, -0.5]}
							}
						},
						{
							"origin": [-3.24373, 29.0859, -3.75713],
							"size": [0.5, 1.11719, 0.5],
							"pivot": [-2.54953, 28.45543, -3.78915],
							"rotation": [0, 22.5, 0],
							"uv": {
								"north": {"uv": [40, 9.5], "uv_size": [0.5, 0.5]},
								"east": {"uv": [40, 9.5], "uv_size": [0.5, 0.5]},
								"south": {"uv": [40, 9.5], "uv_size": [0.5, 0.5]},
								"west": {"uv": [40, 9.5], "uv_size": [0.5, 0.5]},
								"up": {"uv": [40.5, 10], "uv_size": [-0.5, -0.5]},
								"down": {"uv": [40.5, 10], "uv_size": [-0.5, -0.5]}
							}
						},
						{
							"origin": [-1.19543, 29.0859, -4.23758],
							"size": [0.5, 1.11719, 0.5],
							"pivot": [-2.54953, 28.45543, -3.78915],
							"rotation": [0, -22.5, 0],
							"uv": {
								"north": {"uv": [40, 9.5], "uv_size": [0.5, 0.5]},
								"east": {"uv": [40, 9.5], "uv_size": [0.5, 0.5]},
								"south": {"uv": [40, 9.5], "uv_size": [0.5, 0.5]},
								"west": {"uv": [40, 9.5], "uv_size": [0.5, 0.5]},
								"up": {"uv": [40.5, 10], "uv_size": [-0.5, -0.5]},
								"down": {"uv": [40.5, 10], "uv_size": [-0.5, -0.5]}
							}
						},
						{
							"origin": [-3.2091, 27.73043, -4.23758],
							"size": [0.5, 2.47266, 0.5],
							"pivot": [-2.54953, 28.45543, -3.78915],
							"rotation": [0, -22.5, 0],
							"uv": {
								"north": {"uv": [40, 9.5], "uv_size": [0.5, 0.5]},
								"east": {"uv": [40, 9.5], "uv_size": [0.5, 0.5]},
								"south": {"uv": [40, 9.5], "uv_size": [0.5, 0.5]},
								"west": {"uv": [40, 9.5], "uv_size": [0.5, 0.5]},
								"up": {"uv": [40.5, 10], "uv_size": [-0.5, -0.5]},
								"down": {"uv": [40.5, 10], "uv_size": [-0.5, -0.5]}
							}
						},
						{
							"origin": [-1.38081, 29.0859, -3.56328],
							"size": [0.5, 1.11719, 0.5],
							"pivot": [-2.54953, 28.45543, -3.78915],
							"rotation": [0, 45, 0],
							"uv": {
								"north": {"uv": [40, 9.5], "uv_size": [0.5, 0.5]},
								"east": {"uv": [40, 9.5], "uv_size": [0.5, 0.5]},
								"south": {"uv": [40, 9.5], "uv_size": [0.5, 0.5]},
								"west": {"uv": [40, 9.5], "uv_size": [0.5, 0.5]},
								"up": {"uv": [40.5, 10], "uv_size": [-0.5, -0.5]},
								"down": {"uv": [40.5, 10], "uv_size": [-0.5, -0.5]}
							}
						},
						{
							"origin": [-3.43355, 27.87137, -3.81328],
							"size": [0.53907, 1.35125, 0.66406],
							"pivot": [-2.54953, 28.45543, -3.78915],
							"rotation": [0, 45, 0],
							"uv": {
								"north": {"uv": [40, 9.5], "uv_size": [0.5, 0.5]},
								"east": {"uv": [40, 9.5], "uv_size": [0.5, 0.5]},
								"south": {"uv": [40, 9.5], "uv_size": [0.5, 0.5]},
								"west": {"uv": [40, 9.5], "uv_size": [0.5, 0.5]},
								"up": {"uv": [40.5, 10], "uv_size": [-0.5, -0.5]},
								"down": {"uv": [40.5, 10], "uv_size": [-0.5, -0.5]}
							}
						},
						{
							"origin": [-3.39448, 29.0859, -3.56328],
							"size": [0.5, 1.11719, 0.5],
							"pivot": [-2.54953, 28.45543, -3.78915],
							"rotation": [0, 45, 0],
							"uv": {
								"north": {"uv": [40, 9.5], "uv_size": [0.5, 0.5]},
								"east": {"uv": [40, 9.5], "uv_size": [0.5, 0.5]},
								"south": {"uv": [40, 9.5], "uv_size": [0.5, 0.5]},
								"west": {"uv": [40, 9.5], "uv_size": [0.5, 0.5]},
								"up": {"uv": [40.5, 10], "uv_size": [-0.5, -0.5]},
								"down": {"uv": [40.5, 10], "uv_size": [-0.5, -0.5]}
							}
						},
						{
							"origin": [-2.23689, 29.0859, -2.75029],
							"size": [0.5, 1.11719, 0.5],
							"pivot": [-2.54953, 28.45543, -3.78915],
							"rotation": [0, 22.5, 0],
							"uv": {
								"north": {"uv": [40, 9.5], "uv_size": [0.5, 0.5]},
								"east": {"uv": [40, 9.5], "uv_size": [0.5, 0.5]},
								"south": {"uv": [40, 9.5], "uv_size": [0.5, 0.5]},
								"west": {"uv": [40, 9.5], "uv_size": [0.5, 0.5]},
								"up": {"uv": [40.5, 10], "uv_size": [-0.5, -0.5]},
								"down": {"uv": [40.5, 10], "uv_size": [-0.5, -0.5]}
							}
						},
						{
							"origin": [-2.23689, 28.24215, -4.76396],
							"size": [0.5, 1.96094, 0.5],
							"pivot": [-2.54953, 28.45543, -3.78915],
							"rotation": [0, 22.5, 0],
							"uv": {
								"north": {"uv": [40, 9.5], "uv_size": [0.5, 0.5]},
								"east": {"uv": [40, 9.5], "uv_size": [0.5, 0.5]},
								"south": {"uv": [40, 9.5], "uv_size": [0.5, 0.5]},
								"west": {"uv": [40, 9.5], "uv_size": [0.5, 0.5]},
								"up": {"uv": [40.5, 10], "uv_size": [-0.5, -0.5]},
								"down": {"uv": [40.5, 10], "uv_size": [-0.5, -0.5]}
							}
						},
						{
							"origin": [-2.20226, 29.0859, -5.24441],
							"size": [0.5, 1.11719, 0.5],
							"pivot": [-2.54953, 28.45543, -3.78915],
							"rotation": [0, -22.5, 0],
							"uv": {
								"north": {"uv": [40, 9.5], "uv_size": [0.5, 0.5]},
								"east": {"uv": [40, 9.5], "uv_size": [0.5, 0.5]},
								"south": {"uv": [40, 9.5], "uv_size": [0.5, 0.5]},
								"west": {"uv": [40, 9.5], "uv_size": [0.5, 0.5]},
								"up": {"uv": [40.5, 10], "uv_size": [-0.5, -0.5]},
								"down": {"uv": [40.5, 10], "uv_size": [-0.5, -0.5]}
							}
						},
						{
							"origin": [-2.20226, 28.17574, -3.23074],
							"size": [0.5, 2.02735, 0.5],
							"pivot": [-2.54953, 28.45543, -3.78915],
							"rotation": [0, -22.5, 0],
							"uv": {
								"north": {"uv": [40, 9.5], "uv_size": [0.5, 0.5]},
								"east": {"uv": [40, 9.5], "uv_size": [0.5, 0.5]},
								"south": {"uv": [40, 9.5], "uv_size": [0.5, 0.5]},
								"west": {"uv": [40, 9.5], "uv_size": [0.5, 0.5]},
								"up": {"uv": [40.5, 10], "uv_size": [-0.5, -0.5]},
								"down": {"uv": [40.5, 10], "uv_size": [-0.5, -0.5]}
							}
						},
						{
							"origin": [-2.17179, 29.0859, -2.98707],
							"size": [0.5, 1.11719, 0.5],
							"uv": {
								"north": {"uv": [40, 9.5], "uv_size": [0.5, 0.5]},
								"east": {"uv": [40, 9.5], "uv_size": [0.5, 0.5]},
								"south": {"uv": [40, 9.5], "uv_size": [0.5, 0.5]},
								"west": {"uv": [40, 9.5], "uv_size": [0.5, 0.5]},
								"up": {"uv": [40.5, 10], "uv_size": [-0.5, -0.5]},
								"down": {"uv": [40.5, 10], "uv_size": [-0.5, -0.5]}
							}
						},
						{
							"origin": [-2.17179, 29.0859, -5.00074],
							"size": [0.5, 1.11719, 0.5],
							"uv": {
								"north": {"uv": [40, 9.5], "uv_size": [0.5, 0.5]},
								"east": {"uv": [40, 9.5], "uv_size": [0.5, 0.5]},
								"south": {"uv": [40, 9.5], "uv_size": [0.5, 0.5]},
								"west": {"uv": [40, 9.5], "uv_size": [0.5, 0.5]},
								"up": {"uv": [40.5, 10], "uv_size": [-0.5, -0.5]},
								"down": {"uv": [40.5, 10], "uv_size": [-0.5, -0.5]}
							}
						},
						{
							"origin": [-2.38765, 29.0859, -2.55644],
							"size": [0.5, 1.11719, 0.5],
							"pivot": [-2.54953, 28.45543, -3.78915],
							"rotation": [0, 45, 0],
							"uv": {
								"north": {"uv": [40, 9.5], "uv_size": [0.5, 0.5]},
								"east": {"uv": [40, 9.5], "uv_size": [0.5, 0.5]},
								"south": {"uv": [40, 9.5], "uv_size": [0.5, 0.5]},
								"west": {"uv": [40, 9.5], "uv_size": [0.5, 0.5]},
								"up": {"uv": [40.5, 10], "uv_size": [-0.5, -0.5]},
								"down": {"uv": [40.5, 10], "uv_size": [-0.5, -0.5]}
							}
						},
						{
							"origin": [-2.38765, 29.0859, -4.57011],
							"size": [0.5, 1.11719, 0.5],
							"pivot": [-2.54953, 28.45543, -3.78915],
							"rotation": [0, 45, 0],
							"uv": {
								"north": {"uv": [40, 9.5], "uv_size": [0.5, 0.5]},
								"east": {"uv": [40, 9.5], "uv_size": [0.5, 0.5]},
								"south": {"uv": [40, 9.5], "uv_size": [0.5, 0.5]},
								"west": {"uv": [40, 9.5], "uv_size": [0.5, 0.5]},
								"up": {"uv": [40.5, 10], "uv_size": [-0.5, -0.5]},
								"down": {"uv": [40.5, 10], "uv_size": [-0.5, -0.5]}
							}
						},
						{
							"origin": [-2.38765, 27.71481, -4.57011],
							"size": [0.28906, 1.47656, 0.5],
							"pivot": [-2.54953, 28.45543, -3.78915],
							"rotation": [0, 45, 0],
							"uv": {
								"north": {"uv": [40, 9.5], "uv_size": [0.5, 0.5]},
								"east": {"uv": [40, 9.5], "uv_size": [0.5, 0.5]},
								"south": {"uv": [40, 9.5], "uv_size": [0.5, 0.5]},
								"west": {"uv": [40, 9.5], "uv_size": [0.5, 0.5]},
								"up": {"uv": [40.5, 10], "uv_size": [-0.5, -0.5]},
								"down": {"uv": [40.5, 10], "uv_size": [-0.5, -0.5]}
							}
						},
						{
							"origin": [-2.43452, 27.87887, -4.6248],
							"size": [0.625, 1.39062, 0.5],
							"pivot": [-2.54953, 28.45543, -3.78915],
							"rotation": [0, 45, 0],
							"uv": {
								"north": {"uv": [40, 9.5], "uv_size": [0.5, 0.5]},
								"east": {"uv": [40, 9.5], "uv_size": [0.5, 0.5]},
								"south": {"uv": [40, 9.5], "uv_size": [0.5, 0.5]},
								"west": {"uv": [40, 9.5], "uv_size": [0.5, 0.5]},
								"up": {"uv": [40.5, 10], "uv_size": [-0.5, -0.5]},
								"down": {"uv": [40.5, 10], "uv_size": [-0.5, -0.5]}
							}
						}
					]
				},
				{
					"name": "Hairs",
					"parent": "Head",
					"pivot": [0, 31.2, -3]
				},
				{
					"name": "bone26",
					"parent": "Hairs",
					"pivot": [3.88461, 28.95716, -3.39007],
					"rotation": [20, 117, 9],
					"cubes": [
						{
							"origin": [3.69644, 16.44563, -5.80101],
							"size": [2.7368, 4.7968, 2.7368],
							"inflate": -0.8,
							"pivot": [5.06484, 22.68603, -5.24461],
							"rotation": [-2, -37, 17.5],
							"uv": {
								"north": {"uv": [24, 8], "uv_size": [8, 8]},
								"east": {"uv": [24, 8], "uv_size": [8, 8]},
								"south": {"uv": [24, 8], "uv_size": [8, 8]},
								"west": {"uv": [24, 8], "uv_size": [8, 8]},
								"up": {"uv": [32, 16], "uv_size": [-8, -8]},
								"down": {"uv": [32, 16], "uv_size": [-8, -8]}
							}
						},
						{
							"origin": [2.56773, 19.55557, -5.92076],
							"size": [2.7368, 10.7968, 2.7368],
							"inflate": -0.8,
							"pivot": [4.30731, 20.52, -4.25241],
							"rotation": [-6, 0, -1],
							"uv": {
								"north": {"uv": [24, 8], "uv_size": [8, 8]},
								"east": {"uv": [24, 8], "uv_size": [8, 8]},
								"south": {"uv": [24, 8], "uv_size": [8, 8]},
								"west": {"uv": [24, 8], "uv_size": [8, 8]},
								"up": {"uv": [32, 16], "uv_size": [-8, -8]},
								"down": {"uv": [32, 16], "uv_size": [-8, -8]}
							}
						},
						{
							"origin": [2.29724, 13.66603, -5.81981],
							"size": [2.7744, 5.2104, 2.7744],
							"inflate": -0.9,
							"pivot": [3.68444, 18.30123, -5.24461],
							"rotation": [20.5, -37, -27.5],
							"uv": {
								"north": {"uv": [24, 8], "uv_size": [8, 8]},
								"east": {"uv": [24, 8], "uv_size": [8, 8]},
								"south": {"uv": [24, 8], "uv_size": [8, 8]},
								"west": {"uv": [24, 8], "uv_size": [8, 8]},
								"up": {"uv": [32, 16], "uv_size": [-8, -8]},
								"down": {"uv": [32, 16], "uv_size": [-8, -8]}
							}
						},
						{
							"origin": [2.70801, 11.21675, -5.41302],
							"size": [2.8496, 5.2856, 2.8496],
							"inflate": -1.1,
							"pivot": [4.13281, 13.85955, -3.98822],
							"rotation": [-19.5, -37, 5.5],
							"uv": {
								"north": {"uv": [24, 8], "uv_size": [8, 8]},
								"east": {"uv": [24, 8], "uv_size": [8, 8]},
								"south": {"uv": [24, 8], "uv_size": [8, 8]},
								"west": {"uv": [24, 8], "uv_size": [8, 8]},
								"up": {"uv": [32, 16], "uv_size": [-8, -8]},
								"down": {"uv": [32, 16], "uv_size": [-8, -8]}
							}
						}
					]
				},
				{
					"name": "bone27",
					"parent": "Hairs",
					"pivot": [5.38864, 24.88538, -4.12413],
					"rotation": [24, 101, 6],
					"cubes": [
						{
							"origin": [4.84549, 23.4372, -5.49574],
							"size": [2.60038, 4.41318, 2.60038],
							"inflate": -0.8,
							"pivot": [6.14569, 29.02476, -4.91011],
							"rotation": [-2, -37, 17.5],
							"uv": {
								"north": {"uv": [24, 8], "uv_size": [8, 8]},
								"east": {"uv": [24, 8], "uv_size": [8, 8]},
								"south": {"uv": [24, 8], "uv_size": [8, 8]},
								"west": {"uv": [24, 8], "uv_size": [8, 8]},
								"up": {"uv": [32, 16], "uv_size": [-8, -8]},
								"down": {"uv": [32, 16], "uv_size": [-8, -8]}
							}
						},
						{
							"origin": [3.85223, 26.17394, -5.60112],
							"size": [2.60038, 6.17318, 2.60038],
							"inflate": -0.8,
							"pivot": [5.47906, 27.11865, -4.03697],
							"rotation": [-6, 0, -1],
							"uv": {
								"north": {"uv": [24, 8], "uv_size": [8, 8]},
								"east": {"uv": [24, 8], "uv_size": [8, 8]},
								"south": {"uv": [24, 8], "uv_size": [8, 8]},
								"west": {"uv": [24, 8], "uv_size": [8, 8]},
								"up": {"uv": [32, 16], "uv_size": [-8, -8]},
								"down": {"uv": [32, 16], "uv_size": [-8, -8]}
							}
						},
						{
							"origin": [3.6022, 20.97916, -5.52428],
							"size": [2.65747, 4.80115, 2.65747],
							"inflate": -0.9,
							"pivot": [4.93093, 25.16613, -4.91011],
							"rotation": [20.5, -37, -27.5],
							"uv": {
								"north": {"uv": [24, 8], "uv_size": [8, 8]},
								"east": {"uv": [24, 8], "uv_size": [8, 8]},
								"south": {"uv": [24, 8], "uv_size": [8, 8]},
								"west": {"uv": [24, 8], "uv_size": [8, 8]},
								"up": {"uv": [32, 16], "uv_size": [-8, -8]},
								"down": {"uv": [32, 16], "uv_size": [-8, -8]}
							}
						},
						{
							"origin": [3.93967, 18.79979, -5.19031],
							"size": [2.77165, 4.91533, 2.77165],
							"inflate": -1.1,
							"pivot": [5.3255, 21.25745, -3.80448],
							"rotation": [-19.5, -37, 5.5],
							"uv": {
								"north": {"uv": [24, 8], "uv_size": [8, 8]},
								"east": {"uv": [24, 8], "uv_size": [8, 8]},
								"south": {"uv": [24, 8], "uv_size": [8, 8]},
								"west": {"uv": [24, 8], "uv_size": [8, 8]},
								"up": {"uv": [32, 16], "uv_size": [-8, -8]},
								"down": {"uv": [32, 16], "uv_size": [-8, -8]}
							}
						}
					]
				},
				{
					"name": "bone28",
					"parent": "Hairs",
					"pivot": [-5.38864, 24.88538, -4.12413],
					"rotation": [24, -101, -6],
					"cubes": [
						{
							"origin": [-7.44588, 23.4372, -5.49574],
							"size": [2.60038, 4.41318, 2.60038],
							"inflate": -0.8,
							"pivot": [-6.14569, 29.02476, -4.91011],
							"rotation": [-2, 37, -17.5],
							"uv": {
								"north": {"uv": [24, 8], "uv_size": [8, 8]},
								"east": {"uv": [24, 8], "uv_size": [8, 8]},
								"south": {"uv": [24, 8], "uv_size": [8, 8]},
								"west": {"uv": [24, 8], "uv_size": [8, 8]},
								"up": {"uv": [32, 16], "uv_size": [-8, -8]},
								"down": {"uv": [32, 16], "uv_size": [-8, -8]}
							}
						},
						{
							"origin": [-6.45262, 26.17394, -5.60112],
							"size": [2.60038, 6.17318, 2.60038],
							"inflate": -0.8,
							"pivot": [-5.47906, 27.11865, -4.03697],
							"rotation": [-6, 0, 1],
							"uv": {
								"north": {"uv": [24, 8], "uv_size": [8, 8]},
								"east": {"uv": [24, 8], "uv_size": [8, 8]},
								"south": {"uv": [24, 8], "uv_size": [8, 8]},
								"west": {"uv": [24, 8], "uv_size": [8, 8]},
								"up": {"uv": [32, 16], "uv_size": [-8, -8]},
								"down": {"uv": [32, 16], "uv_size": [-8, -8]}
							}
						},
						{
							"origin": [-6.25967, 20.97916, -5.52428],
							"size": [2.65747, 4.80115, 2.65747],
							"inflate": -0.9,
							"pivot": [-4.93093, 25.16613, -4.91011],
							"rotation": [20.5, 37, 27.5],
							"uv": {
								"north": {"uv": [24, 8], "uv_size": [8, 8]},
								"east": {"uv": [24, 8], "uv_size": [8, 8]},
								"south": {"uv": [24, 8], "uv_size": [8, 8]},
								"west": {"uv": [24, 8], "uv_size": [8, 8]},
								"up": {"uv": [32, 16], "uv_size": [-8, -8]},
								"down": {"uv": [32, 16], "uv_size": [-8, -8]}
							}
						},
						{
							"origin": [-6.71132, 18.79979, -5.19031],
							"size": [2.77165, 4.91533, 2.77165],
							"inflate": -1.1,
							"pivot": [-5.3255, 21.25745, -3.80448],
							"rotation": [-19.5, 37, -5.5],
							"uv": {
								"north": {"uv": [24, 8], "uv_size": [8, 8]},
								"east": {"uv": [24, 8], "uv_size": [8, 8]},
								"south": {"uv": [24, 8], "uv_size": [8, 8]},
								"west": {"uv": [24, 8], "uv_size": [8, 8]},
								"up": {"uv": [32, 16], "uv_size": [-8, -8]},
								"down": {"uv": [32, 16], "uv_size": [-8, -8]}
							}
						}
					]
				},
				{
					"name": "bone29",
					"parent": "Hairs",
					"pivot": [-3.88461, 28.95716, -3.39007],
					"rotation": [20, -117, -9],
					"cubes": [
						{
							"origin": [-6.43324, 16.44563, -5.80101],
							"size": [2.7368, 4.7968, 2.7368],
							"inflate": -0.8,
							"pivot": [-5.06484, 22.68603, -5.24461],
							"rotation": [-2, 37, -17.5],
							"uv": {
								"north": {"uv": [24, 8], "uv_size": [8, 8]},
								"east": {"uv": [24, 8], "uv_size": [8, 8]},
								"south": {"uv": [24, 8], "uv_size": [8, 8]},
								"west": {"uv": [24, 8], "uv_size": [8, 8]},
								"up": {"uv": [32, 16], "uv_size": [-8, -8]},
								"down": {"uv": [32, 16], "uv_size": [-8, -8]}
							}
						},
						{
							"origin": [-5.30453, 19.55557, -5.92076],
							"size": [2.7368, 10.7968, 2.7368],
							"inflate": -0.8,
							"pivot": [-4.30731, 20.52, -4.25241],
							"rotation": [-6, 0, 1],
							"uv": {
								"north": {"uv": [24, 8], "uv_size": [8, 8]},
								"east": {"uv": [24, 8], "uv_size": [8, 8]},
								"south": {"uv": [24, 8], "uv_size": [8, 8]},
								"west": {"uv": [24, 8], "uv_size": [8, 8]},
								"up": {"uv": [32, 16], "uv_size": [-8, -8]},
								"down": {"uv": [32, 16], "uv_size": [-8, -8]}
							}
						},
						{
							"origin": [-5.07164, 13.66603, -5.81981],
							"size": [2.7744, 5.2104, 2.7744],
							"inflate": -0.9,
							"pivot": [-3.68444, 18.30123, -5.24461],
							"rotation": [20.5, 37, 27.5],
							"uv": {
								"north": {"uv": [24, 8], "uv_size": [8, 8]},
								"east": {"uv": [24, 8], "uv_size": [8, 8]},
								"south": {"uv": [24, 8], "uv_size": [8, 8]},
								"west": {"uv": [24, 8], "uv_size": [8, 8]},
								"up": {"uv": [32, 16], "uv_size": [-8, -8]},
								"down": {"uv": [32, 16], "uv_size": [-8, -8]}
							}
						},
						{
							"origin": [-5.55761, 11.21675, -5.41302],
							"size": [2.8496, 5.2856, 2.8496],
							"inflate": -1.1,
							"pivot": [-4.13281, 13.85955, -3.98822],
							"rotation": [-19.5, 37, -5.5],
							"uv": {
								"north": {"uv": [24, 8], "uv_size": [8, 8]},
								"east": {"uv": [24, 8], "uv_size": [8, 8]},
								"south": {"uv": [24, 8], "uv_size": [8, 8]},
								"west": {"uv": [24, 8], "uv_size": [8, 8]},
								"up": {"uv": [32, 16], "uv_size": [-8, -8]},
								"down": {"uv": [32, 16], "uv_size": [-8, -8]}
							}
						}
					]
				},
				{
					"name": "bone30",
					"parent": "Hairs",
					"pivot": [-3.88461, 25.95716, 3.89007],
					"rotation": [-29, 108, -20],
					"cubes": [
						{
							"origin": [-6.22018, 10.51825, 4.1847],
							"size": [2.7368, 4.7968, 2.7368],
							"inflate": -0.8,
							"pivot": [-4.85178, 16.75865, 6.3651],
							"rotation": [2, -37, -17.5],
							"uv": {
								"north": {"uv": [24, 8], "uv_size": [8, 8]},
								"east": {"uv": [24, 8], "uv_size": [8, 8]},
								"south": {"uv": [24, 8], "uv_size": [8, 8]},
								"west": {"uv": [24, 8], "uv_size": [8, 8]},
								"up": {"uv": [32, 16], "uv_size": [-8, -8]},
								"down": {"uv": [32, 16], "uv_size": [-8, -8]}
							}
						},
						{
							"origin": [-5.09148, 13.62818, 4.30446],
							"size": [2.7368, 13.7968, 2.7368],
							"inflate": -0.8,
							"pivot": [-4.09425, 14.59262, 5.37291],
							"rotation": [6, 0, 1],
							"uv": {
								"north": {"uv": [24, 8], "uv_size": [8, 8]},
								"east": {"uv": [24, 8], "uv_size": [8, 8]},
								"south": {"uv": [24, 8], "uv_size": [8, 8]},
								"west": {"uv": [24, 8], "uv_size": [8, 8]},
								"up": {"uv": [32, 16], "uv_size": [-8, -8]},
								"down": {"uv": [32, 16], "uv_size": [-8, -8]}
							}
						},
						{
							"origin": [-4.85858, 7.73865, 4.1659],
							"size": [2.7744, 5.2104, 2.7744],
							"inflate": -0.9,
							"pivot": [-3.47138, 12.37385, 6.3651],
							"rotation": [-20.5, -37, 27.5],
							"uv": {
								"north": {"uv": [24, 8], "uv_size": [8, 8]},
								"east": {"uv": [24, 8], "uv_size": [8, 8]},
								"south": {"uv": [24, 8], "uv_size": [8, 8]},
								"west": {"uv": [24, 8], "uv_size": [8, 8]},
								"up": {"uv": [32, 16], "uv_size": [-8, -8]},
								"down": {"uv": [32, 16], "uv_size": [-8, -8]}
							}
						},
						{
							"origin": [-5.34455, 5.28937, 3.68391],
							"size": [2.8496, 5.2856, 2.8496],
							"inflate": -1.1,
							"pivot": [-3.91975, 7.93217, 5.10871],
							"rotation": [19.5, -37, -5.5],
							"uv": {
								"north": {"uv": [24, 8], "uv_size": [8, 8]},
								"east": {"uv": [24, 8], "uv_size": [8, 8]},
								"south": {"uv": [24, 8], "uv_size": [8, 8]},
								"west": {"uv": [24, 8], "uv_size": [8, 8]},
								"up": {"uv": [32, 16], "uv_size": [-8, -8]},
								"down": {"uv": [32, 16], "uv_size": [-8, -8]}
							}
						}
					]
				},
				{
					"name": "bone31",
					"parent": "Hairs",
					"pivot": [3.88461, 25.95716, 3.89007],
					"rotation": [-29, -108, 20],
					"cubes": [
						{
							"origin": [3.48338, 10.51825, 4.1847],
							"size": [2.7368, 4.7968, 2.7368],
							"inflate": -0.8,
							"pivot": [4.85178, 16.75865, 6.3651],
							"rotation": [2, 37, 17.5],
							"uv": {
								"north": {"uv": [24, 8], "uv_size": [8, 8]},
								"east": {"uv": [24, 8], "uv_size": [8, 8]},
								"south": {"uv": [24, 8], "uv_size": [8, 8]},
								"west": {"uv": [24, 8], "uv_size": [8, 8]},
								"up": {"uv": [32, 16], "uv_size": [-8, -8]},
								"down": {"uv": [32, 16], "uv_size": [-8, -8]}
							}
						},
						{
							"origin": [2.35468, 13.62818, 4.30446],
							"size": [2.7368, 13.7968, 2.7368],
							"inflate": -0.8,
							"pivot": [4.09425, 14.59262, 5.37291],
							"rotation": [6, 0, -1],
							"uv": {
								"north": {"uv": [24, 8], "uv_size": [8, 8]},
								"east": {"uv": [24, 8], "uv_size": [8, 8]},
								"south": {"uv": [24, 8], "uv_size": [8, 8]},
								"west": {"uv": [24, 8], "uv_size": [8, 8]},
								"up": {"uv": [32, 16], "uv_size": [-8, -8]},
								"down": {"uv": [32, 16], "uv_size": [-8, -8]}
							}
						},
						{
							"origin": [2.08418, 7.73865, 4.1659],
							"size": [2.7744, 5.2104, 2.7744],
							"inflate": -0.9,
							"pivot": [3.47138, 12.37385, 6.3651],
							"rotation": [-20.5, 37, -27.5],
							"uv": {
								"north": {"uv": [24, 8], "uv_size": [8, 8]},
								"east": {"uv": [24, 8], "uv_size": [8, 8]},
								"south": {"uv": [24, 8], "uv_size": [8, 8]},
								"west": {"uv": [24, 8], "uv_size": [8, 8]},
								"up": {"uv": [32, 16], "uv_size": [-8, -8]},
								"down": {"uv": [32, 16], "uv_size": [-8, -8]}
							}
						},
						{
							"origin": [2.49495, 5.28937, 3.68391],
							"size": [2.8496, 5.2856, 2.8496],
							"inflate": -1.1,
							"pivot": [3.91975, 7.93217, 5.10871],
							"rotation": [19.5, 37, 5.5],
							"uv": {
								"north": {"uv": [24, 8], "uv_size": [8, 8]},
								"east": {"uv": [24, 8], "uv_size": [8, 8]},
								"south": {"uv": [24, 8], "uv_size": [8, 8]},
								"west": {"uv": [24, 8], "uv_size": [8, 8]},
								"up": {"uv": [32, 16], "uv_size": [-8, -8]},
								"down": {"uv": [32, 16], "uv_size": [-8, -8]}
							}
						}
					]
				},
				{
					"name": "bone32",
					"parent": "Hairs",
					"pivot": [3.88461, 28.95716, 3.89007],
					"rotation": [-44, -108, 20],
					"cubes": [
						{
							"origin": [3.48338, 13.51825, 4.1847],
							"size": [2.7368, 4.7968, 2.7368],
							"inflate": -0.8,
							"pivot": [4.85178, 19.75865, 6.3651],
							"rotation": [2, 37, 17.5],
							"uv": {
								"north": {"uv": [24, 8], "uv_size": [8, 8]},
								"east": {"uv": [24, 8], "uv_size": [8, 8]},
								"south": {"uv": [24, 8], "uv_size": [8, 8]},
								"west": {"uv": [24, 8], "uv_size": [8, 8]},
								"up": {"uv": [32, 16], "uv_size": [-8, -8]},
								"down": {"uv": [32, 16], "uv_size": [-8, -8]}
							}
						},
						{
							"origin": [2.35468, 16.62818, 4.30446],
							"size": [2.7368, 13.7968, 2.7368],
							"inflate": -0.8,
							"pivot": [4.09425, 17.59262, 5.37291],
							"rotation": [6, 0, -1],
							"uv": {
								"north": {"uv": [24, 8], "uv_size": [8, 8]},
								"east": {"uv": [24, 8], "uv_size": [8, 8]},
								"south": {"uv": [24, 8], "uv_size": [8, 8]},
								"west": {"uv": [24, 8], "uv_size": [8, 8]},
								"up": {"uv": [32, 16], "uv_size": [-8, -8]},
								"down": {"uv": [32, 16], "uv_size": [-8, -8]}
							}
						},
						{
							"origin": [2.08418, 10.73865, 4.1659],
							"size": [2.7744, 5.2104, 2.7744],
							"inflate": -0.9,
							"pivot": [3.47138, 15.37385, 6.3651],
							"rotation": [-20.5, 37, -27.5],
							"uv": {
								"north": {"uv": [24, 8], "uv_size": [8, 8]},
								"east": {"uv": [24, 8], "uv_size": [8, 8]},
								"south": {"uv": [24, 8], "uv_size": [8, 8]},
								"west": {"uv": [24, 8], "uv_size": [8, 8]},
								"up": {"uv": [32, 16], "uv_size": [-8, -8]},
								"down": {"uv": [32, 16], "uv_size": [-8, -8]}
							}
						},
						{
							"origin": [2.49495, 8.28937, 3.68391],
							"size": [2.8496, 5.2856, 2.8496],
							"inflate": -1.1,
							"pivot": [3.91975, 10.93217, 5.10871],
							"rotation": [19.5, 37, 5.5],
							"uv": {
								"north": {"uv": [24, 8], "uv_size": [8, 8]},
								"east": {"uv": [24, 8], "uv_size": [8, 8]},
								"south": {"uv": [24, 8], "uv_size": [8, 8]},
								"west": {"uv": [24, 8], "uv_size": [8, 8]},
								"up": {"uv": [32, 16], "uv_size": [-8, -8]},
								"down": {"uv": [32, 16], "uv_size": [-8, -8]}
							}
						}
					]
				},
				{
					"name": "bone33",
					"parent": "Hairs",
					"pivot": [-3.88461, 28.95716, 3.89007],
					"rotation": [-44, 108, -20],
					"cubes": [
						{
							"origin": [-6.22018, 13.51825, 4.1847],
							"size": [2.7368, 4.7968, 2.7368],
							"inflate": -0.8,
							"pivot": [-4.85178, 19.75865, 6.3651],
							"rotation": [2, -37, -17.5],
							"uv": {
								"north": {"uv": [24, 8], "uv_size": [8, 8]},
								"east": {"uv": [24, 8], "uv_size": [8, 8]},
								"south": {"uv": [24, 8], "uv_size": [8, 8]},
								"west": {"uv": [24, 8], "uv_size": [8, 8]},
								"up": {"uv": [32, 16], "uv_size": [-8, -8]},
								"down": {"uv": [32, 16], "uv_size": [-8, -8]}
							}
						},
						{
							"origin": [-5.09148, 16.62818, 4.30446],
							"size": [2.7368, 13.7968, 2.7368],
							"inflate": -0.8,
							"pivot": [-4.09425, 17.59262, 5.37291],
							"rotation": [6, 0, 1],
							"uv": {
								"north": {"uv": [24, 8], "uv_size": [8, 8]},
								"east": {"uv": [24, 8], "uv_size": [8, 8]},
								"south": {"uv": [24, 8], "uv_size": [8, 8]},
								"west": {"uv": [24, 8], "uv_size": [8, 8]},
								"up": {"uv": [32, 16], "uv_size": [-8, -8]},
								"down": {"uv": [32, 16], "uv_size": [-8, -8]}
							}
						},
						{
							"origin": [-4.85858, 10.73865, 4.1659],
							"size": [2.7744, 5.2104, 2.7744],
							"inflate": -0.9,
							"pivot": [-3.47138, 15.37385, 6.3651],
							"rotation": [-20.5, -37, 27.5],
							"uv": {
								"north": {"uv": [24, 8], "uv_size": [8, 8]},
								"east": {"uv": [24, 8], "uv_size": [8, 8]},
								"south": {"uv": [24, 8], "uv_size": [8, 8]},
								"west": {"uv": [24, 8], "uv_size": [8, 8]},
								"up": {"uv": [32, 16], "uv_size": [-8, -8]},
								"down": {"uv": [32, 16], "uv_size": [-8, -8]}
							}
						},
						{
							"origin": [-5.34455, 8.28937, 3.68391],
							"size": [2.8496, 5.2856, 2.8496],
							"inflate": -1.1,
							"pivot": [-3.91975, 10.93217, 5.10871],
							"rotation": [19.5, -37, -5.5],
							"uv": {
								"north": {"uv": [24, 8], "uv_size": [8, 8]},
								"east": {"uv": [24, 8], "uv_size": [8, 8]},
								"south": {"uv": [24, 8], "uv_size": [8, 8]},
								"west": {"uv": [24, 8], "uv_size": [8, 8]},
								"up": {"uv": [32, 16], "uv_size": [-8, -8]},
								"down": {"uv": [32, 16], "uv_size": [-8, -8]}
							}
						}
					]
				},
				{
					"name": "bone34",
					"parent": "Hairs",
					"pivot": [-3.88461, 22.95716, 3.89007],
					"rotation": [-39, 108, -20],
					"cubes": [
						{
							"origin": [-6.22018, 7.51825, 4.1847],
							"size": [2.7368, 4.7968, 2.7368],
							"inflate": -0.8,
							"pivot": [-4.85178, 13.75865, 6.3651],
							"rotation": [2, -37, -17.5],
							"uv": {
								"north": {"uv": [24, 8], "uv_size": [8, 8]},
								"east": {"uv": [24, 8], "uv_size": [8, 8]},
								"south": {"uv": [24, 8], "uv_size": [8, 8]},
								"west": {"uv": [24, 8], "uv_size": [8, 8]},
								"up": {"uv": [32, 16], "uv_size": [-8, -8]},
								"down": {"uv": [32, 16], "uv_size": [-8, -8]}
							}
						},
						{
							"origin": [-5.09148, 10.62818, 4.30446],
							"size": [2.7368, 13.7968, 2.7368],
							"inflate": -0.8,
							"pivot": [-4.09425, 11.59262, 5.37291],
							"rotation": [6, 0, 1],
							"uv": {
								"north": {"uv": [24, 8], "uv_size": [8, 8]},
								"east": {"uv": [24, 8], "uv_size": [8, 8]},
								"south": {"uv": [24, 8], "uv_size": [8, 8]},
								"west": {"uv": [24, 8], "uv_size": [8, 8]},
								"up": {"uv": [32, 16], "uv_size": [-8, -8]},
								"down": {"uv": [32, 16], "uv_size": [-8, -8]}
							}
						},
						{
							"origin": [-4.85858, 4.73865, 4.1659],
							"size": [2.7744, 5.2104, 2.7744],
							"inflate": -0.9,
							"pivot": [-3.47138, 9.37385, 6.3651],
							"rotation": [-20.5, -37, 27.5],
							"uv": {
								"north": {"uv": [24, 8], "uv_size": [8, 8]},
								"east": {"uv": [24, 8], "uv_size": [8, 8]},
								"south": {"uv": [24, 8], "uv_size": [8, 8]},
								"west": {"uv": [24, 8], "uv_size": [8, 8]},
								"up": {"uv": [32, 16], "uv_size": [-8, -8]},
								"down": {"uv": [32, 16], "uv_size": [-8, -8]}
							}
						},
						{
							"origin": [-5.34455, 2.28937, 3.68391],
							"size": [2.8496, 5.2856, 2.8496],
							"inflate": -1.1,
							"pivot": [-3.91975, 4.93217, 5.10871],
							"rotation": [19.5, -37, -5.5],
							"uv": {
								"north": {"uv": [24, 8], "uv_size": [8, 8]},
								"east": {"uv": [24, 8], "uv_size": [8, 8]},
								"south": {"uv": [24, 8], "uv_size": [8, 8]},
								"west": {"uv": [24, 8], "uv_size": [8, 8]},
								"up": {"uv": [32, 16], "uv_size": [-8, -8]},
								"down": {"uv": [32, 16], "uv_size": [-8, -8]}
							}
						}
					]
				},
				{
					"name": "bone35",
					"parent": "Hairs",
					"pivot": [3.88461, 22.95716, 3.89007],
					"rotation": [-39, -108, 20],
					"cubes": [
						{
							"origin": [3.48338, 7.51825, 4.1847],
							"size": [2.7368, 4.7968, 2.7368],
							"inflate": -0.8,
							"pivot": [4.85178, 13.75865, 6.3651],
							"rotation": [2, 37, 17.5],
							"uv": {
								"north": {"uv": [24, 8], "uv_size": [8, 8]},
								"east": {"uv": [24, 8], "uv_size": [8, 8]},
								"south": {"uv": [24, 8], "uv_size": [8, 8]},
								"west": {"uv": [24, 8], "uv_size": [8, 8]},
								"up": {"uv": [32, 16], "uv_size": [-8, -8]},
								"down": {"uv": [32, 16], "uv_size": [-8, -8]}
							}
						},
						{
							"origin": [2.35468, 10.62818, 4.30446],
							"size": [2.7368, 13.7968, 2.7368],
							"inflate": -0.8,
							"pivot": [4.09425, 11.59262, 5.37291],
							"rotation": [6, 0, -1],
							"uv": {
								"north": {"uv": [24, 8], "uv_size": [8, 8]},
								"east": {"uv": [24, 8], "uv_size": [8, 8]},
								"south": {"uv": [24, 8], "uv_size": [8, 8]},
								"west": {"uv": [24, 8], "uv_size": [8, 8]},
								"up": {"uv": [32, 16], "uv_size": [-8, -8]},
								"down": {"uv": [32, 16], "uv_size": [-8, -8]}
							}
						},
						{
							"origin": [2.08418, 4.73865, 4.1659],
							"size": [2.7744, 5.2104, 2.7744],
							"inflate": -0.9,
							"pivot": [3.47138, 9.37385, 6.3651],
							"rotation": [-20.5, 37, -27.5],
							"uv": {
								"north": {"uv": [24, 8], "uv_size": [8, 8]},
								"east": {"uv": [24, 8], "uv_size": [8, 8]},
								"south": {"uv": [24, 8], "uv_size": [8, 8]},
								"west": {"uv": [24, 8], "uv_size": [8, 8]},
								"up": {"uv": [32, 16], "uv_size": [-8, -8]},
								"down": {"uv": [32, 16], "uv_size": [-8, -8]}
							}
						},
						{
							"origin": [2.49495, 2.28937, 3.68391],
							"size": [2.8496, 5.2856, 2.8496],
							"inflate": -1.1,
							"pivot": [3.91975, 4.93217, 5.10871],
							"rotation": [19.5, 37, 5.5],
							"uv": {
								"north": {"uv": [24, 8], "uv_size": [8, 8]},
								"east": {"uv": [24, 8], "uv_size": [8, 8]},
								"south": {"uv": [24, 8], "uv_size": [8, 8]},
								"west": {"uv": [24, 8], "uv_size": [8, 8]},
								"up": {"uv": [32, 16], "uv_size": [-8, -8]},
								"down": {"uv": [32, 16], "uv_size": [-8, -8]}
							}
						}
					]
				},
				{
					"name": "bone36",
					"parent": "Hairs",
					"pivot": [3.88461, 25.95716, 3.89007],
					"rotation": [-41, -108, 20],
					"cubes": [
						{
							"origin": [3.48338, 10.51825, 4.1847],
							"size": [2.7368, 4.7968, 2.7368],
							"inflate": -0.8,
							"pivot": [4.85178, 16.75865, 6.3651],
							"rotation": [2, 37, 17.5],
							"uv": {
								"north": {"uv": [24, 8], "uv_size": [8, 8]},
								"east": {"uv": [24, 8], "uv_size": [8, 8]},
								"south": {"uv": [24, 8], "uv_size": [8, 8]},
								"west": {"uv": [24, 8], "uv_size": [8, 8]},
								"up": {"uv": [32, 16], "uv_size": [-8, -8]},
								"down": {"uv": [32, 16], "uv_size": [-8, -8]}
							}
						},
						{
							"origin": [2.35468, 13.62818, 4.30446],
							"size": [2.7368, 13.7968, 2.7368],
							"inflate": -0.8,
							"pivot": [4.09425, 14.59262, 5.37291],
							"rotation": [6, 0, -1],
							"uv": {
								"north": {"uv": [24, 8], "uv_size": [8, 8]},
								"east": {"uv": [24, 8], "uv_size": [8, 8]},
								"south": {"uv": [24, 8], "uv_size": [8, 8]},
								"west": {"uv": [24, 8], "uv_size": [8, 8]},
								"up": {"uv": [32, 16], "uv_size": [-8, -8]},
								"down": {"uv": [32, 16], "uv_size": [-8, -8]}
							}
						},
						{
							"origin": [2.08418, 7.73865, 4.1659],
							"size": [2.7744, 5.2104, 2.7744],
							"inflate": -0.9,
							"pivot": [3.47138, 12.37385, 6.3651],
							"rotation": [-20.5, 37, -27.5],
							"uv": {
								"north": {"uv": [24, 8], "uv_size": [8, 8]},
								"east": {"uv": [24, 8], "uv_size": [8, 8]},
								"south": {"uv": [24, 8], "uv_size": [8, 8]},
								"west": {"uv": [24, 8], "uv_size": [8, 8]},
								"up": {"uv": [32, 16], "uv_size": [-8, -8]},
								"down": {"uv": [32, 16], "uv_size": [-8, -8]}
							}
						},
						{
							"origin": [2.49495, 5.28937, 3.68391],
							"size": [2.8496, 5.2856, 2.8496],
							"inflate": -1.1,
							"pivot": [3.91975, 7.93217, 5.10871],
							"rotation": [19.5, 37, 5.5],
							"uv": {
								"north": {"uv": [24, 8], "uv_size": [8, 8]},
								"east": {"uv": [24, 8], "uv_size": [8, 8]},
								"south": {"uv": [24, 8], "uv_size": [8, 8]},
								"west": {"uv": [24, 8], "uv_size": [8, 8]},
								"up": {"uv": [32, 16], "uv_size": [-8, -8]},
								"down": {"uv": [32, 16], "uv_size": [-8, -8]}
							}
						}
					]
				},
				{
					"name": "bone37",
					"parent": "Hairs",
					"pivot": [-3.88461, 25.95716, 3.89007],
					"rotation": [-41, 108, -20],
					"cubes": [
						{
							"origin": [-6.22018, 10.51825, 4.1847],
							"size": [2.7368, 4.7968, 2.7368],
							"inflate": -0.8,
							"pivot": [-4.85178, 16.75865, 6.3651],
							"rotation": [2, -37, -17.5],
							"uv": {
								"north": {"uv": [24, 8], "uv_size": [8, 8]},
								"east": {"uv": [24, 8], "uv_size": [8, 8]},
								"south": {"uv": [24, 8], "uv_size": [8, 8]},
								"west": {"uv": [24, 8], "uv_size": [8, 8]},
								"up": {"uv": [32, 16], "uv_size": [-8, -8]},
								"down": {"uv": [32, 16], "uv_size": [-8, -8]}
							}
						},
						{
							"origin": [-5.09148, 13.62818, 4.30446],
							"size": [2.7368, 13.7968, 2.7368],
							"inflate": -0.8,
							"pivot": [-4.09425, 14.59262, 5.37291],
							"rotation": [6, 0, 1],
							"uv": {
								"north": {"uv": [24, 8], "uv_size": [8, 8]},
								"east": {"uv": [24, 8], "uv_size": [8, 8]},
								"south": {"uv": [24, 8], "uv_size": [8, 8]},
								"west": {"uv": [24, 8], "uv_size": [8, 8]},
								"up": {"uv": [32, 16], "uv_size": [-8, -8]},
								"down": {"uv": [32, 16], "uv_size": [-8, -8]}
							}
						},
						{
							"origin": [-4.85858, 7.73865, 4.1659],
							"size": [2.7744, 5.2104, 2.7744],
							"inflate": -0.9,
							"pivot": [-3.47138, 12.37385, 6.3651],
							"rotation": [-20.5, -37, 27.5],
							"uv": {
								"north": {"uv": [24, 8], "uv_size": [8, 8]},
								"east": {"uv": [24, 8], "uv_size": [8, 8]},
								"south": {"uv": [24, 8], "uv_size": [8, 8]},
								"west": {"uv": [24, 8], "uv_size": [8, 8]},
								"up": {"uv": [32, 16], "uv_size": [-8, -8]},
								"down": {"uv": [32, 16], "uv_size": [-8, -8]}
							}
						},
						{
							"origin": [-5.34455, 5.28937, 3.68391],
							"size": [2.8496, 5.2856, 2.8496],
							"inflate": -1.1,
							"pivot": [-3.91975, 7.93217, 5.10871],
							"rotation": [19.5, -37, -5.5],
							"uv": {
								"north": {"uv": [24, 8], "uv_size": [8, 8]},
								"east": {"uv": [24, 8], "uv_size": [8, 8]},
								"south": {"uv": [24, 8], "uv_size": [8, 8]},
								"west": {"uv": [24, 8], "uv_size": [8, 8]},
								"up": {"uv": [32, 16], "uv_size": [-8, -8]},
								"down": {"uv": [32, 16], "uv_size": [-8, -8]}
							}
						}
					]
				},
				{
					"name": "bone38",
					"parent": "Hairs",
					"pivot": [2.98461, 27.45716, 3.99007],
					"rotation": [-19, -108, 15],
					"cubes": [
						{
							"origin": [2.58338, 12.01825, 4.2847],
							"size": [2.7368, 4.7968, 2.7368],
							"inflate": -0.8,
							"pivot": [3.95178, 18.25865, 6.4651],
							"rotation": [2, 37, 17.5],
							"uv": {
								"north": {"uv": [24, 8], "uv_size": [8, 8]},
								"east": {"uv": [24, 8], "uv_size": [8, 8]},
								"south": {"uv": [24, 8], "uv_size": [8, 8]},
								"west": {"uv": [24, 8], "uv_size": [8, 8]},
								"up": {"uv": [32, 16], "uv_size": [-8, -8]},
								"down": {"uv": [32, 16], "uv_size": [-8, -8]}
							}
						},
						{
							"origin": [1.45468, 15.12818, 4.40446],
							"size": [2.7368, 13.7968, 2.7368],
							"inflate": -0.8,
							"pivot": [3.19425, 16.09262, 5.47291],
							"rotation": [6, 0, -1],
							"uv": {
								"north": {"uv": [24, 8], "uv_size": [8, 8]},
								"east": {"uv": [24, 8], "uv_size": [8, 8]},
								"south": {"uv": [24, 8], "uv_size": [8, 8]},
								"west": {"uv": [24, 8], "uv_size": [8, 8]},
								"up": {"uv": [32, 16], "uv_size": [-8, -8]},
								"down": {"uv": [32, 16], "uv_size": [-8, -8]}
							}
						},
						{
							"origin": [1.18418, 9.23865, 4.2659],
							"size": [2.7744, 5.2104, 2.7744],
							"inflate": -0.9,
							"pivot": [2.57138, 13.87385, 6.4651],
							"rotation": [-20.5, 37, -27.5],
							"uv": {
								"north": {"uv": [24, 8], "uv_size": [8, 8]},
								"east": {"uv": [24, 8], "uv_size": [8, 8]},
								"south": {"uv": [24, 8], "uv_size": [8, 8]},
								"west": {"uv": [24, 8], "uv_size": [8, 8]},
								"up": {"uv": [32, 16], "uv_size": [-8, -8]},
								"down": {"uv": [32, 16], "uv_size": [-8, -8]}
							}
						},
						{
							"origin": [1.59495, 6.78937, 3.78391],
							"size": [2.8496, 5.2856, 2.8496],
							"inflate": -1.1,
							"pivot": [3.01975, 9.43217, 5.20871],
							"rotation": [19.5, 37, 5.5],
							"uv": {
								"north": {"uv": [24, 8], "uv_size": [8, 8]},
								"east": {"uv": [24, 8], "uv_size": [8, 8]},
								"south": {"uv": [24, 8], "uv_size": [8, 8]},
								"west": {"uv": [24, 8], "uv_size": [8, 8]},
								"up": {"uv": [32, 16], "uv_size": [-8, -8]},
								"down": {"uv": [32, 16], "uv_size": [-8, -8]}
							}
						}
					]
				},
				{
					"name": "bone39",
					"parent": "Hairs",
					"pivot": [-2.98461, 27.45716, 3.99007],
					"rotation": [-19, 108, -15],
					"cubes": [
						{
							"origin": [-5.32018, 12.01825, 4.2847],
							"size": [2.7368, 4.7968, 2.7368],
							"inflate": -0.8,
							"pivot": [-3.95178, 18.25865, 6.4651],
							"rotation": [2, -37, -17.5],
							"uv": {
								"north": {"uv": [24, 8], "uv_size": [8, 8]},
								"east": {"uv": [24, 8], "uv_size": [8, 8]},
								"south": {"uv": [24, 8], "uv_size": [8, 8]},
								"west": {"uv": [24, 8], "uv_size": [8, 8]},
								"up": {"uv": [32, 16], "uv_size": [-8, -8]},
								"down": {"uv": [32, 16], "uv_size": [-8, -8]}
							}
						},
						{
							"origin": [-4.19148, 15.12818, 4.40446],
							"size": [2.7368, 13.7968, 2.7368],
							"inflate": -0.8,
							"pivot": [-3.19425, 16.09262, 5.47291],
							"rotation": [6, 0, 1],
							"uv": {
								"north": {"uv": [24, 8], "uv_size": [8, 8]},
								"east": {"uv": [24, 8], "uv_size": [8, 8]},
								"south": {"uv": [24, 8], "uv_size": [8, 8]},
								"west": {"uv": [24, 8], "uv_size": [8, 8]},
								"up": {"uv": [32, 16], "uv_size": [-8, -8]},
								"down": {"uv": [32, 16], "uv_size": [-8, -8]}
							}
						},
						{
							"origin": [-3.95858, 9.23865, 4.2659],
							"size": [2.7744, 5.2104, 2.7744],
							"inflate": -0.9,
							"pivot": [-2.57138, 13.87385, 6.4651],
							"rotation": [-20.5, -37, 27.5],
							"uv": {
								"north": {"uv": [24, 8], "uv_size": [8, 8]},
								"east": {"uv": [24, 8], "uv_size": [8, 8]},
								"south": {"uv": [24, 8], "uv_size": [8, 8]},
								"west": {"uv": [24, 8], "uv_size": [8, 8]},
								"up": {"uv": [32, 16], "uv_size": [-8, -8]},
								"down": {"uv": [32, 16], "uv_size": [-8, -8]}
							}
						},
						{
							"origin": [-4.44455, 6.78937, 3.78391],
							"size": [2.8496, 5.2856, 2.8496],
							"inflate": -1.1,
							"pivot": [-3.01975, 9.43217, 5.20871],
							"rotation": [19.5, -37, -5.5],
							"uv": {
								"north": {"uv": [24, 8], "uv_size": [8, 8]},
								"east": {"uv": [24, 8], "uv_size": [8, 8]},
								"south": {"uv": [24, 8], "uv_size": [8, 8]},
								"west": {"uv": [24, 8], "uv_size": [8, 8]},
								"up": {"uv": [32, 16], "uv_size": [-8, -8]},
								"down": {"uv": [32, 16], "uv_size": [-8, -8]}
							}
						}
					]
				},
				{
					"name": "bone40",
					"parent": "Hairs",
					"pivot": [-0.41539, 28.85716, 3.99007],
					"rotation": [-24, -116, 19],
					"cubes": [
						{
							"origin": [-0.81662, 13.41825, 4.2847],
							"size": [2.7368, 4.7968, 2.7368],
							"inflate": -0.8,
							"pivot": [0.55178, 19.65865, 6.4651],
							"rotation": [2, 37, 17.5],
							"uv": {
								"north": {"uv": [24, 8], "uv_size": [8, 8]},
								"east": {"uv": [24, 8], "uv_size": [8, 8]},
								"south": {"uv": [24, 8], "uv_size": [8, 8]},
								"west": {"uv": [24, 8], "uv_size": [8, 8]},
								"up": {"uv": [32, 16], "uv_size": [-8, -8]},
								"down": {"uv": [32, 16], "uv_size": [-8, -8]}
							}
						},
						{
							"origin": [-1.94532, 16.52818, 4.40446],
							"size": [2.7368, 13.7968, 2.7368],
							"inflate": -0.8,
							"pivot": [-0.20575, 17.49262, 5.47291],
							"rotation": [6, 0, -1],
							"uv": {
								"north": {"uv": [24, 8], "uv_size": [8, 8]},
								"east": {"uv": [24, 8], "uv_size": [8, 8]},
								"south": {"uv": [24, 8], "uv_size": [8, 8]},
								"west": {"uv": [24, 8], "uv_size": [8, 8]},
								"up": {"uv": [32, 16], "uv_size": [-8, -8]},
								"down": {"uv": [32, 16], "uv_size": [-8, -8]}
							}
						},
						{
							"origin": [-2.21582, 10.63865, 4.2659],
							"size": [2.7744, 5.2104, 2.7744],
							"inflate": -0.9,
							"pivot": [-0.82862, 15.27385, 6.4651],
							"rotation": [-20.5, 37, -27.5],
							"uv": {
								"north": {"uv": [24, 8], "uv_size": [8, 8]},
								"east": {"uv": [24, 8], "uv_size": [8, 8]},
								"south": {"uv": [24, 8], "uv_size": [8, 8]},
								"west": {"uv": [24, 8], "uv_size": [8, 8]},
								"up": {"uv": [32, 16], "uv_size": [-8, -8]},
								"down": {"uv": [32, 16], "uv_size": [-8, -8]}
							}
						},
						{
							"origin": [-1.80505, 8.18937, 3.78391],
							"size": [2.8496, 5.2856, 2.8496],
							"inflate": -1.1,
							"pivot": [-0.38025, 10.83217, 5.20871],
							"rotation": [19.5, 37, 5.5],
							"uv": {
								"north": {"uv": [24, 8], "uv_size": [8, 8]},
								"east": {"uv": [24, 8], "uv_size": [8, 8]},
								"south": {"uv": [24, 8], "uv_size": [8, 8]},
								"west": {"uv": [24, 8], "uv_size": [8, 8]},
								"up": {"uv": [32, 16], "uv_size": [-8, -8]},
								"down": {"uv": [32, 16], "uv_size": [-8, -8]}
							}
						}
					]
				},
				{
					"name": "bone41",
					"parent": "Hairs",
					"pivot": [0.41539, 28.85716, 3.99007],
					"rotation": [-24, 116, -19],
					"cubes": [
						{
							"origin": [-1.92018, 13.41825, 4.2847],
							"size": [2.7368, 4.7968, 2.7368],
							"inflate": -0.8,
							"pivot": [-0.55178, 19.65865, 6.4651],
							"rotation": [2, -37, -17.5],
							"uv": {
								"north": {"uv": [24, 8], "uv_size": [8, 8]},
								"east": {"uv": [24, 8], "uv_size": [8, 8]},
								"south": {"uv": [24, 8], "uv_size": [8, 8]},
								"west": {"uv": [24, 8], "uv_size": [8, 8]},
								"up": {"uv": [32, 16], "uv_size": [-8, -8]},
								"down": {"uv": [32, 16], "uv_size": [-8, -8]}
							}
						},
						{
							"origin": [-0.79148, 16.52818, 4.40446],
							"size": [2.7368, 13.7968, 2.7368],
							"inflate": -0.8,
							"pivot": [0.20575, 17.49262, 5.47291],
							"rotation": [6, 0, 1],
							"uv": {
								"north": {"uv": [24, 8], "uv_size": [8, 8]},
								"east": {"uv": [24, 8], "uv_size": [8, 8]},
								"south": {"uv": [24, 8], "uv_size": [8, 8]},
								"west": {"uv": [24, 8], "uv_size": [8, 8]},
								"up": {"uv": [32, 16], "uv_size": [-8, -8]},
								"down": {"uv": [32, 16], "uv_size": [-8, -8]}
							}
						},
						{
							"origin": [-0.55858, 10.63865, 4.2659],
							"size": [2.7744, 5.2104, 2.7744],
							"inflate": -0.9,
							"pivot": [0.82862, 15.27385, 6.4651],
							"rotation": [-20.5, -37, 27.5],
							"uv": {
								"north": {"uv": [24, 8], "uv_size": [8, 8]},
								"east": {"uv": [24, 8], "uv_size": [8, 8]},
								"south": {"uv": [24, 8], "uv_size": [8, 8]},
								"west": {"uv": [24, 8], "uv_size": [8, 8]},
								"up": {"uv": [32, 16], "uv_size": [-8, -8]},
								"down": {"uv": [32, 16], "uv_size": [-8, -8]}
							}
						},
						{
							"origin": [-1.04455, 8.18937, 3.78391],
							"size": [2.8496, 5.2856, 2.8496],
							"inflate": -1.1,
							"pivot": [0.38025, 10.83217, 5.20871],
							"rotation": [19.5, -37, -5.5],
							"uv": {
								"north": {"uv": [24, 8], "uv_size": [8, 8]},
								"east": {"uv": [24, 8], "uv_size": [8, 8]},
								"south": {"uv": [24, 8], "uv_size": [8, 8]},
								"west": {"uv": [24, 8], "uv_size": [8, 8]},
								"up": {"uv": [32, 16], "uv_size": [-8, -8]},
								"down": {"uv": [32, 16], "uv_size": [-8, -8]}
							}
						}
					]
				},
				{
					"name": "bone42",
					"parent": "Hairs",
					"pivot": [-1.48461, 34.05716, 3.99007],
					"rotation": [-24, 116, -19],
					"cubes": [
						{
							"origin": [-3.82018, 18.61825, 4.2847],
							"size": [2.7368, 4.7968, 2.7368],
							"inflate": -0.8,
							"pivot": [-2.45178, 24.85865, 6.4651],
							"rotation": [2, -37, -17.5],
							"uv": {
								"north": {"uv": [24, 8], "uv_size": [8, 8]},
								"east": {"uv": [24, 8], "uv_size": [8, 8]},
								"south": {"uv": [24, 8], "uv_size": [8, 8]},
								"west": {"uv": [24, 8], "uv_size": [8, 8]},
								"up": {"uv": [32, 16], "uv_size": [-8, -8]},
								"down": {"uv": [32, 16], "uv_size": [-8, -8]}
							}
						},
						{
							"origin": [-2.69148, 21.72818, 4.40446],
							"size": [2.7368, 9.7968, 2.7368],
							"inflate": -0.8,
							"pivot": [-1.69425, 22.69262, 5.47291],
							"rotation": [6, 0, 8],
							"uv": {
								"north": {"uv": [24, 8], "uv_size": [8, 8]},
								"east": {"uv": [24, 8], "uv_size": [8, 8]},
								"south": {"uv": [24, 8], "uv_size": [8, 8]},
								"west": {"uv": [24, 8], "uv_size": [8, 8]},
								"up": {"uv": [32, 16], "uv_size": [-8, -8]},
								"down": {"uv": [32, 16], "uv_size": [-8, -8]}
							}
						},
						{
							"origin": [-2.45858, 15.83865, 4.2659],
							"size": [2.7744, 5.2104, 2.7744],
							"inflate": -0.9,
							"pivot": [-1.07138, 20.47385, 6.4651],
							"rotation": [-20.5, -37, 27.5],
							"uv": {
								"north": {"uv": [24, 8], "uv_size": [8, 8]},
								"east": {"uv": [24, 8], "uv_size": [8, 8]},
								"south": {"uv": [24, 8], "uv_size": [8, 8]},
								"west": {"uv": [24, 8], "uv_size": [8, 8]},
								"up": {"uv": [32, 16], "uv_size": [-8, -8]},
								"down": {"uv": [32, 16], "uv_size": [-8, -8]}
							}
						},
						{
							"origin": [-2.94455, 13.38937, 3.78391],
							"size": [2.8496, 5.2856, 2.8496],
							"inflate": -1.1,
							"pivot": [-1.51975, 16.03217, 5.20871],
							"rotation": [19.5, -37, -5.5],
							"uv": {
								"north": {"uv": [24, 8], "uv_size": [8, 8]},
								"east": {"uv": [24, 8], "uv_size": [8, 8]},
								"south": {"uv": [24, 8], "uv_size": [8, 8]},
								"west": {"uv": [24, 8], "uv_size": [8, 8]},
								"up": {"uv": [32, 16], "uv_size": [-8, -8]},
								"down": {"uv": [32, 16], "uv_size": [-8, -8]}
							}
						}
					]
				},
				{
					"name": "bone43",
					"parent": "Hairs",
					"pivot": [0.18461, 34.05716, 3.99007],
					"rotation": [-24, -116, 19],
					"cubes": [
						{
							"origin": [-0.21662, 18.61825, 4.2847],
							"size": [2.7368, 4.7968, 2.7368],
							"inflate": -0.8,
							"pivot": [1.15178, 24.85865, 6.4651],
							"rotation": [2, 37, 17.5],
							"uv": {
								"north": {"uv": [24, 8], "uv_size": [8, 8]},
								"east": {"uv": [24, 8], "uv_size": [8, 8]},
								"south": {"uv": [24, 8], "uv_size": [8, 8]},
								"west": {"uv": [24, 8], "uv_size": [8, 8]},
								"up": {"uv": [32, 16], "uv_size": [-8, -8]},
								"down": {"uv": [32, 16], "uv_size": [-8, -8]}
							}
						},
						{
							"origin": [-1.34532, 21.72818, 4.40446],
							"size": [2.7368, 9.7968, 2.7368],
							"inflate": -0.8,
							"pivot": [0.39425, 22.69262, 5.47291],
							"rotation": [6, 0, -8],
							"uv": {
								"north": {"uv": [24, 8], "uv_size": [8, 8]},
								"east": {"uv": [24, 8], "uv_size": [8, 8]},
								"south": {"uv": [24, 8], "uv_size": [8, 8]},
								"west": {"uv": [24, 8], "uv_size": [8, 8]},
								"up": {"uv": [32, 16], "uv_size": [-8, -8]},
								"down": {"uv": [32, 16], "uv_size": [-8, -8]}
							}
						},
						{
							"origin": [-1.61582, 15.83865, 4.2659],
							"size": [2.7744, 5.2104, 2.7744],
							"inflate": -0.9,
							"pivot": [-0.22862, 20.47385, 6.4651],
							"rotation": [-20.5, 37, -27.5],
							"uv": {
								"north": {"uv": [24, 8], "uv_size": [8, 8]},
								"east": {"uv": [24, 8], "uv_size": [8, 8]},
								"south": {"uv": [24, 8], "uv_size": [8, 8]},
								"west": {"uv": [24, 8], "uv_size": [8, 8]},
								"up": {"uv": [32, 16], "uv_size": [-8, -8]},
								"down": {"uv": [32, 16], "uv_size": [-8, -8]}
							}
						},
						{
							"origin": [-1.20505, 13.38937, 3.78391],
							"size": [2.8496, 5.2856, 2.8496],
							"inflate": -1.1,
							"pivot": [0.21975, 16.03217, 5.20871],
							"rotation": [19.5, 37, 5.5],
							"uv": {
								"north": {"uv": [24, 8], "uv_size": [8, 8]},
								"east": {"uv": [24, 8], "uv_size": [8, 8]},
								"south": {"uv": [24, 8], "uv_size": [8, 8]},
								"west": {"uv": [24, 8], "uv_size": [8, 8]},
								"up": {"uv": [32, 16], "uv_size": [-8, -8]},
								"down": {"uv": [32, 16], "uv_size": [-8, -8]}
							}
						}
					]
				},
				{
					"name": "bone44",
					"parent": "Hairs",
					"pivot": [-3.98461, 27.95716, -2.79007],
					"rotation": [14, -117, -5],
					"cubes": [
						{
							"origin": [-6.40428, 23.38367, -4.09605],
							"size": [2.7368, 6.7968, 2.7368],
							"inflate": -0.8,
							"pivot": [-5.03588, 29.62407, -3.53965],
							"rotation": [-2, 37, -17.5],
							"uv": {
								"north": {"uv": [24, 8], "uv_size": [8, 8]},
								"east": {"uv": [24, 8], "uv_size": [8, 8]},
								"south": {"uv": [24, 8], "uv_size": [8, 8]},
								"west": {"uv": [24, 8], "uv_size": [8, 8]},
								"up": {"uv": [32, 16], "uv_size": [-8, -8]},
								"down": {"uv": [32, 16], "uv_size": [-8, -8]}
							}
						},
						{
							"origin": [-5.04268, 20.60407, -4.11485],
							"size": [2.7744, 5.2104, 2.7744],
							"inflate": -0.9,
							"pivot": [-3.65548, 25.23927, -3.53965],
							"rotation": [20.5, 37, 27.5],
							"uv": {
								"north": {"uv": [24, 8], "uv_size": [8, 8]},
								"east": {"uv": [24, 8], "uv_size": [8, 8]},
								"south": {"uv": [24, 8], "uv_size": [8, 8]},
								"west": {"uv": [24, 8], "uv_size": [8, 8]},
								"up": {"uv": [32, 16], "uv_size": [-8, -8]},
								"down": {"uv": [32, 16], "uv_size": [-8, -8]}
							}
						},
						{
							"origin": [-5.52865, 18.15479, -3.70806],
							"size": [2.8496, 5.2856, 2.8496],
							"inflate": -1.1,
							"pivot": [-4.10385, 20.79759, -2.28326],
							"rotation": [-19.5, 37, -5.5],
							"uv": {
								"north": {"uv": [24, 8], "uv_size": [8, 8]},
								"east": {"uv": [24, 8], "uv_size": [8, 8]},
								"south": {"uv": [24, 8], "uv_size": [8, 8]},
								"west": {"uv": [24, 8], "uv_size": [8, 8]},
								"up": {"uv": [32, 16], "uv_size": [-8, -8]},
								"down": {"uv": [32, 16], "uv_size": [-8, -8]}
							}
						}
					]
				},
				{
					"name": "bone45",
					"parent": "Hairs",
					"pivot": [0, 0.2, 0]
				}
			]
		}
	]
}