{
  "format_version": "1.12.0",
  "minecraft:geometry": [
    {
      "description": {
        "identifier": "geometry.kimetsu_tentacle_tanjiro",
        "texture_width": 64,
        "texture_height": 64,
        "visible_bounds_width": 4,
        "visible_bounds_height": 3.5,
        "visible_bounds_offset": [
          0,
          1.25,
          0
        ]
      },
      "bones": [
        {
          "name": "waist",
          "pivot": [
            0,
            12,
            0
          ]
        },
        {
          "name": "Body",
          "parent": "waist",
          "pivot": [
            0,
            24,
            0
          ]
        },
        {
          "name": "Tentacles",
          "parent": "Body",
          "pivot": [
            0,
            19,
            3
          ],
          "rotation": [
            -90,
            0,
            0
          ],
          "cubes": [
            {
              "origin": [
                -1,
                18,
                1
              ],
              "size": [
                2,
                1,
                5
              ],
              "uv": [
                0,
                0
              ]
            },
            {
              "origin": [
                2,
                18,
                2
              ],
              "size": [
                1,
                1,
                5
              ],
              "uv": [
                0,
                0
              ]
            },
            {
              "origin": [
                1,
                18,
                0
              ],
              "size": [
                1,
                1,
                5
              ],
              "uv": [
                0,
                0
              ]
            },
            {
              "origin": [
                -2,
                18,
                0
              ],
              "size": [
                1,
                1,
                3
              ],
              "uv": [
                0,
                0
              ]
            },
            {
              "origin": [
                -2,
                18,
                5
              ],
              "size": [
                1,
                1,
                3
              ],
              "uv": [
                0,
                0
              ]
            },
            {
              "origin": [
                -3,
                18,
                1
              ],
              "size": [
                1,
                1,
                4
              ],
              "uv": [
                0,
                0
              ]
            }
          ]
        },
        {
          "name": "Tentacle1",
          "parent": "Tentacles",
          "pivot": [
            2,
            17,
            1
          ],
          "rotation": [
            -72.5,
            -45,
            0
          ],
          "cubes": [
            {
              "origin": [
                1,
                17,
                -6
              ],
              "size": [
                2,
                2,
                7
              ],
              "uv": [
                46,
                26
              ]
            },
            {
              "origin": [
                1,
                17,
                -2
              ],
              "size": [
                2,
                2,
                2
              ],
              "inflate": 0.1,
              "uv": [
                46,
                26
              ]
            },
            {
              "origin": [
                1,
                17,
                -5
              ],
              "size": [
                2,
                2,
                2
              ],
              "inflate": 0.1,
              "uv": [
                46,
                26
              ]
            }
          ]
        },
        {
          "name": "Tentacle2",
          "parent": "Tentacle1",
          "pivot": [
            2,
            18,
            -6
          ],
          "rotation": [
            65,
            0,
            0
          ],
          "cubes": [
            {
              "origin": [
                1,
                17,
                -13
              ],
              "size": [
                2,
                2,
                7
              ],
              "uv": [
                46,
                26
              ]
            },
            {
              "origin": [
                1,
                17,
                -9
              ],
              "size": [
                2,
                2,
                2
              ],
              "inflate": 0.1,
              "uv": [
                46,
                26
              ]
            },
            {
              "origin": [
                1,
                17,
                -12
              ],
              "size": [
                2,
                2,
                2
              ],
              "inflate": 0.1,
              "uv": [
                46,
                26
              ]
            }
          ]
        },
        {
          "name": "Tentacle3",
          "parent": "Tentacle2",
          "pivot": [
            2,
            18,
            -13
          ],
          "rotation": [
            60,
            0,
            0
          ],
          "cubes": [
            {
              "origin": [
                1,
                17,
                -20
              ],
              "size": [
                2,
                2,
                7
              ],
              "uv": [
                46,
                26
              ]
            },
            {
              "origin": [
                1,
                17,
                -16
              ],
              "size": [
                2,
                2,
                2
              ],
              "inflate": 0.1,
              "uv": [
                46,
                26
              ]
            },
            {
              "origin": [
                1,
                17,
                -19
              ],
              "size": [
                2,
                2,
                2
              ],
              "inflate": 0.1,
              "uv": [
                46,
                26
              ]
            }
          ]
        },
        {
          "name": "Tentacle4",
          "parent": "Tentacle3",
          "pivot": [
            2,
            18,
            -20
          ],
          "rotation": [
            30,
            0,
            0
          ],
          "cubes": [
            {
              "origin": [
                1,
                17,
                -27
              ],
              "size": [
                2,
                2,
                7
              ],
              "uv": [
                46,
                26
              ]
            },
            {
              "origin": [
                1,
                17,
                -23
              ],
              "size": [
                2,
                2,
                2
              ],
              "inflate": 0.1,
              "uv": [
                46,
                26
              ]
            },
            {
              "origin": [
                1,
                17,
                -26
              ],
              "size": [
                2,
                2,
                2
              ],
              "inflate": 0.1,
              "uv": [
                46,
                26
              ]
            }
          ]
        },
        {
          "name": "Tentacle5",
          "parent": "Tentacle4",
          "pivot": [
            2,
            18,
            -27
          ],
          "rotation": [
            12.5,
            0,
            0
          ],
          "cubes": [
            {
              "origin": [
                1,
                17,
                -34
              ],
              "size": [
                2,
                2,
                7
              ],
              "uv": [
                46,
                26
              ]
            },
            {
              "origin": [
                1,
                17,
                -35
              ],
              "size": [
                2,
                2,
                1
              ],
              "inflate": -0.1,
              "uv": [
                46,
                26
              ]
            },
            {
              "origin": [
                1,
                17,
                -36
              ],
              "size": [
                2,
                2,
                2
              ],
              "inflate": -0.2,
              "uv": [
                46,
                26
              ]
            },
            {
              "origin": [
                1,
                17,
                -37
              ],
              "size": [
                2,
                2,
                2
              ],
              "inflate": -0.3,
              "uv": [
                46,
                26
              ]
            },
            {
              "origin": [
                1,
                17,
                -38
              ],
              "size": [
                2,
                2,
                2
              ],
              "inflate": -0.4,
              "uv": [
                46,
                26
              ]
            },
            {
              "origin": [
                1,
                17,
                -30
              ],
              "size": [
                2,
                2,
                2
              ],
              "inflate": 0.1,
              "uv": [
                46,
                26
              ]
            },
            {
              "origin": [
                1,
                17,
                -33
              ],
              "size": [
                2,
                2,
                2
              ],
              "inflate": 0.1,
              "uv": [
                46,
                26
              ]
            }
          ]
        },
        {
          "name": "Tentacle16",
          "parent": "Tentacles",
          "pivot": [
            2,
            18,
            3
          ],
          "rotation": [
            125,
            -45,
            180
          ],
          "cubes": [
            {
              "origin": [
                1,
                18,
                -4
              ],
              "size": [
                2,
                2,
                7
              ],
              "uv": [
                46,
                26
              ]
            },
            {
              "origin": [
                1,
                18,
                0
              ],
              "size": [
                2,
                2,
                2
              ],
              "inflate": 0.1,
              "uv": [
                46,
                26
              ]
            },
            {
              "origin": [
                1,
                18,
                -3
              ],
              "size": [
                2,
                2,
                2
              ],
              "inflate": 0.1,
              "uv": [
                46,
                26
              ]
            }
          ]
        },
        {
          "name": "Tentacle17",
          "parent": "Tentacle16",
          "pivot": [
            2,
            19,
            -4
          ],
          "rotation": [
            65,
            0,
            0
          ],
          "cubes": [
            {
              "origin": [
                1,
                18,
                -11
              ],
              "size": [
                2,
                2,
                7
              ],
              "uv": [
                46,
                26
              ]
            },
            {
              "origin": [
                1,
                18,
                -7
              ],
              "size": [
                2,
                2,
                2
              ],
              "inflate": 0.1,
              "uv": [
                46,
                26
              ]
            },
            {
              "origin": [
                1,
                18,
                -10
              ],
              "size": [
                2,
                2,
                2
              ],
              "inflate": 0.1,
              "uv": [
                46,
                26
              ]
            }
          ]
        },
        {
          "name": "Tentacle18",
          "parent": "Tentacle17",
          "pivot": [
            2,
            19,
            -11
          ],
          "rotation": [
            60,
            0,
            0
          ],
          "cubes": [
            {
              "origin": [
                1,
                18,
                -18
              ],
              "size": [
                2,
                2,
                7
              ],
              "uv": [
                46,
                26
              ]
            },
            {
              "origin": [
                1,
                18,
                -14
              ],
              "size": [
                2,
                2,
                2
              ],
              "inflate": 0.1,
              "uv": [
                46,
                26
              ]
            },
            {
              "origin": [
                1,
                18,
                -17
              ],
              "size": [
                2,
                2,
                2
              ],
              "inflate": 0.1,
              "uv": [
                46,
                26
              ]
            }
          ]
        },
        {
          "name": "Tentacle19",
          "parent": "Tentacle18",
          "pivot": [
            2,
            19,
            -18
          ],
          "rotation": [
            30,
            0,
            0
          ],
          "cubes": [
            {
              "origin": [
                1,
                18,
                -25
              ],
              "size": [
                2,
                2,
                7
              ],
              "uv": [
                46,
                26
              ]
            },
            {
              "origin": [
                1,
                18,
                -21
              ],
              "size": [
                2,
                2,
                2
              ],
              "inflate": 0.1,
              "uv": [
                46,
                26
              ]
            },
            {
              "origin": [
                1,
                18,
                -24
              ],
              "size": [
                2,
                2,
                2
              ],
              "inflate": 0.1,
              "uv": [
                46,
                26
              ]
            }
          ]
        },
        {
          "name": "Tentacle20",
          "parent": "Tentacle19",
          "pivot": [
            2,
            19,
            -25
          ],
          "rotation": [
            12.5,
            0,
            0
          ],
          "cubes": [
            {
              "origin": [
                1,
                18,
                -32
              ],
              "size": [
                2,
                2,
                7
              ],
              "uv": [
                46,
                26
              ]
            },
            {
              "origin": [
                1,
                18,
                -33
              ],
              "size": [
                2,
                2,
                1
              ],
              "inflate": -0.1,
              "uv": [
                46,
                26
              ]
            },
            {
              "origin": [
                1,
                18,
                -34
              ],
              "size": [
                2,
                2,
                2
              ],
              "inflate": -0.2,
              "uv": [
                46,
                26
              ]
            },
            {
              "origin": [
                1,
                18,
                -35
              ],
              "size": [
                2,
                2,
                2
              ],
              "inflate": -0.3,
              "uv": [
                46,
                26
              ]
            },
            {
              "origin": [
                1,
                18,
                -36
              ],
              "size": [
                2,
                2,
                2
              ],
              "inflate": -0.4,
              "uv": [
                46,
                26
              ]
            },
            {
              "origin": [
                1,
                18,
                -28
              ],
              "size": [
                2,
                2,
                2
              ],
              "inflate": 0.1,
              "uv": [
                46,
                26
              ]
            },
            {
              "origin": [
                1,
                18,
                -31
              ],
              "size": [
                2,
                2,
                2
              ],
              "inflate": 0.1,
              "uv": [
                46,
                26
              ]
            }
          ]
        },
        {
          "name": "Tentacle6",
          "parent": "Tentacles",
          "pivot": [
            -2,
            17,
            1
          ],
          "rotation": [
            -72.5,
            45,
            0
          ],
          "cubes": [
            {
              "origin": [
                -3,
                17,
                -6
              ],
              "size": [
                2,
                2,
                7
              ],
              "uv": [
                46,
                26
              ]
            },
            {
              "origin": [
                -3,
                17,
                -2
              ],
              "size": [
                2,
                2,
                2
              ],
              "inflate": 0.1,
              "uv": [
                46,
                26
              ]
            },
            {
              "origin": [
                -3,
                17,
                -5
              ],
              "size": [
                2,
                2,
                2
              ],
              "inflate": 0.1,
              "uv": [
                46,
                26
              ]
            }
          ]
        },
        {
          "name": "Tentacle7",
          "parent": "Tentacle6",
          "pivot": [
            -2,
            18,
            -6
          ],
          "rotation": [
            65,
            0,
            0
          ],
          "cubes": [
            {
              "origin": [
                -3,
                17,
                -13
              ],
              "size": [
                2,
                2,
                7
              ],
              "uv": [
                46,
                26
              ]
            },
            {
              "origin": [
                -3,
                17,
                -9
              ],
              "size": [
                2,
                2,
                2
              ],
              "inflate": 0.1,
              "uv": [
                46,
                26
              ]
            },
            {
              "origin": [
                -3,
                17,
                -12
              ],
              "size": [
                2,
                2,
                2
              ],
              "inflate": 0.1,
              "uv": [
                46,
                26
              ]
            }
          ]
        },
        {
          "name": "Tentacle8",
          "parent": "Tentacle7",
          "pivot": [
            -2,
            18,
            -13
          ],
          "rotation": [
            60,
            0,
            0
          ],
          "cubes": [
            {
              "origin": [
                -3,
                17,
                -20
              ],
              "size": [
                2,
                2,
                7
              ],
              "uv": [
                46,
                26
              ]
            },
            {
              "origin": [
                -3,
                17,
                -16
              ],
              "size": [
                2,
                2,
                2
              ],
              "inflate": 0.1,
              "uv": [
                46,
                26
              ]
            },
            {
              "origin": [
                -3,
                17,
                -19
              ],
              "size": [
                2,
                2,
                2
              ],
              "inflate": 0.1,
              "uv": [
                46,
                26
              ]
            }
          ]
        },
        {
          "name": "Tentacle9",
          "parent": "Tentacle8",
          "pivot": [
            -2,
            18,
            -20
          ],
          "rotation": [
            30,
            0,
            0
          ],
          "cubes": [
            {
              "origin": [
                -3,
                17,
                -27
              ],
              "size": [
                2,
                2,
                7
              ],
              "uv": [
                46,
                26
              ]
            },
            {
              "origin": [
                -3,
                17,
                -23
              ],
              "size": [
                2,
                2,
                2
              ],
              "inflate": 0.1,
              "uv": [
                46,
                26
              ]
            },
            {
              "origin": [
                -3,
                17,
                -26
              ],
              "size": [
                2,
                2,
                2
              ],
              "inflate": 0.1,
              "uv": [
                46,
                26
              ]
            }
          ]
        },
        {
          "name": "Tentacle10",
          "parent": "Tentacle9",
          "pivot": [
            -2,
            18,
            -27
          ],
          "rotation": [
            12.5,
            0,
            0
          ],
          "cubes": [
            {
              "origin": [
                -3,
                17,
                -34
              ],
              "size": [
                2,
                2,
                7
              ],
              "uv": [
                46,
                26
              ]
            },
            {
              "origin": [
                -3,
                17,
                -35
              ],
              "size": [
                2,
                2,
                1
              ],
              "inflate": -0.1,
              "uv": [
                46,
                26
              ]
            },
            {
              "origin": [
                -3,
                17,
                -36
              ],
              "size": [
                2,
                2,
                2
              ],
              "inflate": -0.2,
              "uv": [
                46,
                26
              ]
            },
            {
              "origin": [
                -3,
                17,
                -37
              ],
              "size": [
                2,
                2,
                2
              ],
              "inflate": -0.3,
              "uv": [
                46,
                26
              ]
            },
            {
              "origin": [
                -3,
                17,
                -38
              ],
              "size": [
                2,
                2,
                2
              ],
              "inflate": -0.4,
              "uv": [
                46,
                26
              ]
            },
            {
              "origin": [
                -3,
                17,
                -30
              ],
              "size": [
                2,
                2,
                2
              ],
              "inflate": 0.1,
              "uv": [
                46,
                26
              ]
            },
            {
              "origin": [
                -3,
                17,
                -33
              ],
              "size": [
                2,
                2,
                2
              ],
              "inflate": 0.1,
              "uv": [
                46,
                26
              ]
            }
          ]
        },
        {
          "name": "Tentacle11",
          "parent": "Tentacles",
          "pivot": [
            -1,
            17,
            3
          ],
          "rotation": [
            125,
            45,
            180
          ],
          "cubes": [
            {
              "origin": [
                -2,
                17,
                -4
              ],
              "size": [
                2,
                2,
                7
              ],
              "uv": [
                46,
                26
              ]
            },
            {
              "origin": [
                -2,
                17,
                0
              ],
              "size": [
                2,
                2,
                2
              ],
              "inflate": 0.1,
              "uv": [
                46,
                26
              ]
            },
            {
              "origin": [
                -2,
                17,
                -3
              ],
              "size": [
                2,
                2,
                2
              ],
              "inflate": 0.1,
              "uv": [
                46,
                26
              ]
            }
          ]
        },
        {
          "name": "Tentacle12",
          "parent": "Tentacle11",
          "pivot": [
            -1,
            18,
            -4
          ],
          "rotation": [
            65,
            0,
            0
          ],
          "cubes": [
            {
              "origin": [
                -2,
                17,
                -11
              ],
              "size": [
                2,
                2,
                7
              ],
              "uv": [
                46,
                26
              ]
            },
            {
              "origin": [
                -2,
                17,
                -7
              ],
              "size": [
                2,
                2,
                2
              ],
              "inflate": 0.1,
              "uv": [
                46,
                26
              ]
            },
            {
              "origin": [
                -2,
                17,
                -10
              ],
              "size": [
                2,
                2,
                2
              ],
              "inflate": 0.1,
              "uv": [
                46,
                26
              ]
            }
          ]
        },
        {
          "name": "Tentacle13",
          "parent": "Tentacle12",
          "pivot": [
            -1,
            18,
            -11
          ],
          "rotation": [
            60,
            0,
            0
          ],
          "cubes": [
            {
              "origin": [
                -2,
                17,
                -18
              ],
              "size": [
                2,
                2,
                7
              ],
              "uv": [
                46,
                26
              ]
            },
            {
              "origin": [
                -2,
                17,
                -14
              ],
              "size": [
                2,
                2,
                2
              ],
              "inflate": 0.1,
              "uv": [
                46,
                26
              ]
            },
            {
              "origin": [
                -2,
                17,
                -17
              ],
              "size": [
                2,
                2,
                2
              ],
              "inflate": 0.1,
              "uv": [
                46,
                26
              ]
            }
          ]
        },
        {
          "name": "Tentacle14",
          "parent": "Tentacle13",
          "pivot": [
            -1,
            18,
            -18
          ],
          "rotation": [
            30,
            0,
            0
          ],
          "cubes": [
            {
              "origin": [
                -2,
                17,
                -25
              ],
              "size": [
                2,
                2,
                7
              ],
              "uv": [
                46,
                26
              ]
            },
            {
              "origin": [
                -2,
                17,
                -21
              ],
              "size": [
                2,
                2,
                2
              ],
              "inflate": 0.1,
              "uv": [
                46,
                26
              ]
            },
            {
              "origin": [
                -2,
                17,
                -24
              ],
              "size": [
                2,
                2,
                2
              ],
              "inflate": 0.1,
              "uv": [
                46,
                26
              ]
            }
          ]
        },
        {
          "name": "Tentacle15",
          "parent": "Tentacle14",
          "pivot": [
            -1,
            18,
            -25
          ],
          "rotation": [
            12.5,
            0,
            0
          ],
          "cubes": [
            {
              "origin": [
                -2,
                17,
                -32
              ],
              "size": [
                2,
                2,
                7
              ],
              "uv": [
                46,
                26
              ]
            },
            {
              "origin": [
                -2,
                17,
                -33
              ],
              "size": [
                2,
                2,
                1
              ],
              "inflate": -0.1,
              "uv": [
                46,
                26
              ]
            },
            {
              "origin": [
                -2,
                17,
                -34
              ],
              "size": [
                2,
                2,
                2
              ],
              "inflate": -0.2,
              "uv": [
                46,
                26
              ]
            },
            {
              "origin": [
                -2,
                17,
                -35
              ],
              "size": [
                2,
                2,
                2
              ],
              "inflate": -0.3,
              "uv": [
                46,
                26
              ]
            },
            {
              "origin": [
                -2,
                17,
                -36
              ],
              "size": [
                2,
                2,
                2
              ],
              "inflate": -0.4,
              "uv": [
                46,
                26
              ]
            },
            {
              "origin": [
                -2,
                17,
                -28
              ],
              "size": [
                2,
                2,
                2
              ],
              "inflate": 0.1,
              "uv": [
                46,
                26
              ]
            },
            {
              "origin": [
                -2,
                17,
                -31
              ],
              "size": [
                2,
                2,
                2
              ],
              "inflate": 0.1,
              "uv": [
                46,
                26
              ]
            }
          ]
        },
        {
          "name": "Big_tentacle",
          "parent": "Tentacles",
          "pivot": [
            -2,
            18,
            2
          ],
          "rotation": [
            135,
            -82.5,
            180
          ],
          "cubes": [
            {
              "origin": [
                -4,
                17,
                -9
              ],
              "size": [
                4,
                2,
                11
              ],
              "uv": [
                0,
                0
              ]
            },
            {
              "origin": [
                -3,
                19,
                -3
              ],
              "size": [
                2,
                2,
                4
              ],
              "uv": [
                0,
                0
              ]
            },
            {
              "origin": [
                -3,
                15,
                -3
              ],
              "size": [
                2,
                2,
                4
              ],
              "uv": [
                0,
                0
              ]
            },
            {
              "origin": [
                -3,
                15,
                -8
              ],
              "size": [
                2,
                2,
                4
              ],
              "uv": [
                0,
                0
              ]
            },
            {
              "origin": [
                -3,
                19,
                -8
              ],
              "size": [
                2,
                2,
                4
              ],
              "uv": [
                0,
                0
              ]
            }
          ]
        },
        {
          "name": "Big_tentacle2",
          "parent": "Big_tentacle",
          "pivot": [
            -2,
            18,
            -9
          ],
          "rotation": [
            62.5,
            0,
            0
          ],
          "cubes": [
            {
              "origin": [
                -4,
                17,
                -20
              ],
              "size": [
                4,
                2,
                11
              ],
              "uv": [
                0,
                0
              ]
            },
            {
              "origin": [
                -3,
                19,
                -14
              ],
              "size": [
                2,
                2,
                4
              ],
              "uv": [
                0,
                0
              ]
            },
            {
              "origin": [
                -3,
                15,
                -14
              ],
              "size": [
                2,
                2,
                4
              ],
              "uv": [
                0,
                0
              ]
            },
            {
              "origin": [
                -3,
                15,
                -19
              ],
              "size": [
                2,
                2,
                4
              ],
              "uv": [
                0,
                0
              ]
            },
            {
              "origin": [
                -3,
                19,
                -19
              ],
              "size": [
                2,
                2,
                4
              ],
              "uv": [
                0,
                0
              ]
            }
          ]
        },
        {
          "name": "Big_tentacle3",
          "parent": "Big_tentacle2",
          "pivot": [
            -2,
            18,
            -20
          ],
          "rotation": [
            52.5,
            0,
            0
          ],
          "cubes": [
            {
              "origin": [
                -4,
                17,
                -31
              ],
              "size": [
                4,
                2,
                11
              ],
              "uv": [
                0,
                0
              ]
            },
            {
              "origin": [
                -3,
                19,
                -25
              ],
              "size": [
                2,
                2,
                4
              ],
              "uv": [
                0,
                0
              ]
            },
            {
              "origin": [
                -3,
                15,
                -25
              ],
              "size": [
                2,
                2,
                4
              ],
              "uv": [
                0,
                0
              ]
            },
            {
              "origin": [
                -3,
                15,
                -30
              ],
              "size": [
                2,
                2,
                4
              ],
              "uv": [
                0,
                0
              ]
            },
            {
              "origin": [
                -3,
                19,
                -30
              ],
              "size": [
                2,
                2,
                4
              ],
              "uv": [
                0,
                0
              ]
            }
          ]
        },
        {
          "name": "Big_tentacle4",
          "parent": "Big_tentacle3",
          "pivot": [
            -2,
            18,
            -31
          ],
          "rotation": [
            45,
            0,
            0
          ],
          "cubes": [
            {
              "origin": [
                -4,
                17,
                -42
              ],
              "size": [
                4,
                2,
                11
              ],
              "uv": [
                0,
                0
              ]
            },
            {
              "origin": [
                -3,
                19,
                -36
              ],
              "size": [
                2,
                2,
                4
              ],
              "uv": [
                0,
                0
              ]
            },
            {
              "origin": [
                -3,
                15,
                -36
              ],
              "size": [
                2,
                2,
                4
              ],
              "uv": [
                0,
                0
              ]
            },
            {
              "origin": [
                -3,
                15,
                -41
              ],
              "size": [
                2,
                2,
                4
              ],
              "uv": [
                0,
                0
              ]
            },
            {
              "origin": [
                -3,
                19,
                -41
              ],
              "size": [
                2,
                2,
                4
              ],
              "uv": [
                0,
                0
              ]
            }
          ]
        },
        {
          "name": "Big_tentacle5",
          "parent": "Big_tentacle4",
          "pivot": [
            -2,
            18,
            -41
          ],
          "rotation": [
            45,
            0,
            0
          ],
          "cubes": [
            {
              "origin": [
                -4,
                17,
                -52
              ],
              "size": [
                4,
                2,
                11
              ],
              "uv": [
                0,
                0
              ]
            },
            {
              "origin": [
                -4,
                17,
                -53
              ],
              "size": [
                4,
                2,
                2
              ],
              "inflate": -0.1,
              "uv": [
                0,
                0
              ]
            },
            {
              "origin": [
                -4,
                17,
                -54
              ],
              "size": [
                4,
                2,
                2
              ],
              "inflate": -0.2,
              "uv": [
                0,
                0
              ]
            },
            {
              "origin": [
                -4,
                17,
                -55
              ],
              "size": [
                4,
                2,
                2
              ],
              "inflate": -0.3,
              "uv": [
                0,
                0
              ]
            },
            {
              "origin": [
                -4,
                17,
                -56
              ],
              "size": [
                3,
                2,
                2
              ],
              "inflate": -0.3,
              "uv": [
                0,
                0
              ]
            },
            {
              "origin": [
                -4,
                17,
                -57
              ],
              "size": [
                2,
                2,
                2
              ],
              "inflate": -0.3,
              "uv": [
                0,
                0
              ]
            },
            {
              "origin": [
                -3,
                19,
                -46
              ],
              "size": [
                2,
                2,
                4
              ],
              "uv": [
                0,
                0
              ]
            },
            {
              "origin": [
                -3,
                15,
                -46
              ],
              "size": [
                2,
                2,
                4
              ],
              "uv": [
                0,
                0
              ]
            },
            {
              "origin": [
                -3,
                15,
                -51
              ],
              "size": [
                2,
                2,
                4
              ],
              "uv": [
                0,
                0
              ]
            },
            {
              "origin": [
                -3,
                19,
                -51
              ],
              "size": [
                2,
                2,
                4
              ],
              "uv": [
                0,
                0
              ]
            }
          ]
        }
      ]
    }
  ]
}