{
	"format_version": "1.12.0",
	"minecraft:geometry": [
		{
			"description": {
				"identifier": "geometry.kimetsu_nezuko_bamboo",
				"texture_width": 225,
				"texture_height": 225,
				"visible_bounds_width": 3,
				"visible_bounds_height": 3.5,
				"visible_bounds_offset": [0, 1.25, 0]
			},
			"bones": [
				{
					"name": "Head",
					"pivot": [0, 24, 0]
				},
				{
					"name": "Bamboo",
					"parent": "Head",
					"pivot": [0, 25, -4.5],
					"cubes": [
						{
							"origin": [-3.2832, 24.89115, -5.4472],
							"size": [6.5664, 0.21769, 1.0944],
							"pivot": [0, 25, -4.9],
							"rotation": [45, 0, 0],
							"uv": {
								"north": {"uv": [42, 15], "uv_size": [4.25, 1]},
								"east": {"uv": [42.75, 15], "uv_size": [2.75, 1]},
								"south": {"uv": [42, 15], "uv_size": [4.25, 1]},
								"west": {"uv": [42.75, 15], "uv_size": [2.75, 1]},
								"up": {"uv": [46.25, 16], "uv_size": [-4.25, -1]},
								"down": {"uv": [46.25, 16], "uv_size": [-4.25, -1]}
							}
						},
						{
							"origin": [-3.2832, 24.89115, -5.4472],
							"size": [6.5664, 0.21769, 1.0944],
							"pivot": [0, 25, -4.9],
							"rotation": [22.5, 0, 0],
							"uv": {
								"north": {"uv": [42, 15], "uv_size": [4.25, 1]},
								"east": {"uv": [42.75, 15], "uv_size": [2.75, 1]},
								"south": {"uv": [42, 15], "uv_size": [4.25, 1]},
								"west": {"uv": [42.75, 15], "uv_size": [2.75, 1]},
								"up": {"uv": [46.25, 16], "uv_size": [-4.25, -1]},
								"down": {"uv": [46.25, 16], "uv_size": [-4.25, -1]}
							}
						},
						{
							"origin": [-3.2832, 24.89115, -5.4472],
							"size": [6.5664, 0.21769, 1.0944],
							"uv": {
								"north": {"uv": [42, 15], "uv_size": [4.25, 1]},
								"east": {"uv": [42.75, 15], "uv_size": [2.75, 1]},
								"south": {"uv": [42, 15], "uv_size": [4.25, 1]},
								"west": {"uv": [42.75, 15], "uv_size": [2.75, 1]},
								"up": {"uv": [46.25, 16], "uv_size": [-4.25, -1]},
								"down": {"uv": [46.25, 16], "uv_size": [-4.25, -1]}
							}
						},
						{
							"origin": [-3.2832, 24.89115, -5.4472],
							"size": [6.5664, 0.21769, 1.0944],
							"pivot": [0, 25, -4.9],
							"rotation": [-22.5, 0, 0],
							"uv": {
								"north": {"uv": [42, 15], "uv_size": [4.25, 1]},
								"east": {"uv": [42.75, 15], "uv_size": [2.75, 1]},
								"south": {"uv": [42, 15], "uv_size": [4.25, 1]},
								"west": {"uv": [42.75, 15], "uv_size": [2.75, 1]},
								"up": {"uv": [46.25, 16], "uv_size": [-4.25, -1]},
								"down": {"uv": [46.25, 16], "uv_size": [-4.25, -1]}
							}
						},
						{
							"origin": [-3.2832, 24.89115, -5.4472],
							"size": [6.5664, 0.21769, 1.0944],
							"pivot": [0, 25, -4.9],
							"rotation": [-45, 0, 0],
							"uv": {
								"north": {"uv": [42, 15], "uv_size": [4.25, 1]},
								"east": {"uv": [42.75, 15], "uv_size": [2.75, 1]},
								"south": {"uv": [42, 15], "uv_size": [4.25, 1]},
								"west": {"uv": [42.75, 15], "uv_size": [2.75, 1]},
								"up": {"uv": [46.25, 16], "uv_size": [-4.25, -1]},
								"down": {"uv": [46.25, 16], "uv_size": [-4.25, -1]}
							}
						},
						{
							"origin": [-3.2832, 24.4528, -5.00885],
							"size": [6.5664, 1.0944, 0.21769],
							"pivot": [0, 25, -4.9],
							"rotation": [22.5, 0, 0],
							"uv": {
								"north": {"uv": [42, 15], "uv_size": [4.25, 1]},
								"east": {"uv": [42.75, 15], "uv_size": [2.75, 1]},
								"south": {"uv": [42, 15], "uv_size": [4.25, 1]},
								"west": {"uv": [42.75, 15], "uv_size": [2.75, 1]},
								"up": {"uv": [46.25, 16], "uv_size": [-4.25, -1]},
								"down": {"uv": [46.25, 16], "uv_size": [-4.25, -1]}
							}
						},
						{
							"origin": [-3.2832, 24.4528, -5.00885],
							"size": [6.5664, 1.0944, 0.21769],
							"uv": {
								"north": {"uv": [42, 15], "uv_size": [4.25, 1]},
								"east": {"uv": [42.75, 15], "uv_size": [2.75, 1]},
								"south": {"uv": [42, 15], "uv_size": [4.25, 1]},
								"west": {"uv": [42.75, 15], "uv_size": [2.75, 1]},
								"up": {"uv": [46.25, 16], "uv_size": [-4.25, -1]},
								"down": {"uv": [46.25, 16], "uv_size": [-4.25, -1]}
							}
						},
						{
							"origin": [-3.2832, 24.4528, -5.00885],
							"size": [6.5664, 1.0944, 0.21769],
							"pivot": [0, 25, -4.9],
							"rotation": [-22.5, 0, 0],
							"uv": {
								"north": {"uv": [42, 15], "uv_size": [4.25, 1]},
								"east": {"uv": [42.75, 15], "uv_size": [2.75, 1]},
								"south": {"uv": [42, 15], "uv_size": [4.25, 1]},
								"west": {"uv": [42.75, 15], "uv_size": [2.75, 1]},
								"up": {"uv": [46.25, 16], "uv_size": [-4.25, -1]},
								"down": {"uv": [46.25, 16], "uv_size": [-4.25, -1]}
							}
						}
					]
				}
			]
		}
	]
}