{
	"format_version": "1.12.0",
	"minecraft:geometry": [
		{
			"description": {
				"identifier": "geometry.kimetsu_tanjiro_head1",
				"texture_width": 400,
				"texture_height": 400,
				"visible_bounds_width": 5,
				"visible_bounds_height": 3.5,
				"visible_bounds_offset": [0, 1.25, 0]
			},
			"bones": [
				{
					"name": "Head",
					"pivot": [0, 24, 0],
					"cubes": [
						{"origin": [-4, 24, -4], "size": [8, 8, 8], "inflate": 0.51, "uv": [211.3, 0]},
						{"origin": [-4, 24, -4], "size": [8, 8, 8], "inflate": 0.57, "uv": [243.3, 0]}
					]
				},
				{
					"name": "Accessories4",
					"parent": "Head",
					"pivot": [-4, 26, -2],
					"cubes": [
						{
							"origin": [-4.6, 22, -3],
							"size": [0, 4, 2],
							"uv": {
								"north": {"uv": [0, 0], "uv_size": [0, 3]},
								"east": {"uv": [0, 0], "uv_size": [2, 3]},
								"south": {"uv": [0, 0], "uv_size": [0, 3]},
								"west": {"uv": [2, 33.75], "uv_size": [3.75, 8.5]},
								"up": {"uv": [0, 2], "uv_size": [0, -2]},
								"down": {"uv": [0, 2], "uv_size": [0, -2]}
							}
						}
					]
				},
				{
					"name": "Accessories3",
					"parent": "Head",
					"pivot": [4, 26, -2],
					"cubes": [
						{
							"origin": [4.6, 22, -3],
							"size": [0, 4, 2],
							"uv": {
								"north": {"uv": [0, 0], "uv_size": [0, 3]},
								"east": {"uv": [0, 0], "uv_size": [2, 3]},
								"south": {"uv": [0, 0], "uv_size": [0, 3]},
								"west": {"uv": [2, 33.75], "uv_size": [3.75, 8.5]},
								"up": {"uv": [0, 2], "uv_size": [0, -2]},
								"down": {"uv": [0, 2], "uv_size": [0, -2]}
							}
						}
					]
				}
			]
		}
	]
}