{
	"sc.fnafsb.jumpscare1": {
        "category": "neutral",
        "sounds": ["sounds/sc_fnafsb/jumpscare1"]
    },
	"sc.fnafsb.jumpscare2": {
        "category": "neutral",
        "sounds": ["sounds/sc_fnafsb/jumpscare2"]
    },
	"sc.fnafsb.jumpscare3": {
        "category": "neutral",
        "sounds": ["sounds/sc_fnafsb/jumpscare3"]
    },
	"sc.fnafsb.jumpscare4": {
        "category": "neutral",
        "sounds": ["sounds/sc_fnafsb/jumpscare4"]
    },
	"sc.fnafsb.hunting": {
        "category": "neutral",
        "max_distance": 200.0,
        "sounds": ["sounds/sc_fnafsb/hunting"]
    },
	"sc.fnafsb.moving1": {
        "category": "neutral",
        "max_distance": 20.0,
        "sounds": ["sounds/sc_fnafsb/moving1"]
    },
	"sc.freddy.hurt1": {
        "category": "neutral",
        "sounds": ["sounds/sc_fnafsb/glamrocks/freddy/hurt1"]
    },
	"sc.freddy.hurt2": {
        "category": "neutral",
        "sounds": ["sounds/sc_fnafsb/glamrocks/freddy/hurt2"]
    },
	"sc.freddy.hurt3": {
        "category": "neutral",
        "sounds": ["sounds/sc_fnafsb/glamrocks/freddy/hurt3"]
    },
	"sc.freddy.hurt4": {
        "category": "neutral",
        "sounds": ["sounds/sc_fnafsb/glamrocks/freddy/hurt4"]
    },
	"sc.sun.intro": {
        "category": "neutral",
        "max_distance": 200.0,
        "sounds": ["sounds/sc_fnafsb/daycare_attendant/sun/intro"]
    },
	"sc.sun.transformation": {
        "category": "neutral",
        "max_distance": 200.0,
        "sounds": ["sounds/sc_fnafsb/daycare_attendant/sun/transformation"]
    },
	"sc.glamrocks.moving": {
        "category": "neutral",
        "sounds": ["sounds/sc_fnafsb/glamrocks/glamrocks_moving"]
    },
	"sc.moon.intro": {
        "category": "neutral",
        "max_distance": 200.0,
        "sounds": ["sounds/sc_fnafsb/daycare_attendant/moon/intro"]
    },
	"sc.moon.talk1": {
        "category": "neutral",
        "sounds": ["sounds/sc_fnafsb/daycare_attendant/moon/talk1"]
    },
	"sc.moon.talk2": {
        "category": "neutral",
        "sounds": ["sounds/sc_fnafsb/daycare_attendant/moon/talk2"]
    },
	"sc.moon.talk3": {
        "category": "neutral",
        "sounds": ["sounds/sc_fnafsb/daycare_attendant/moon/talk3"]
    },
	"sc.moon.talk4": {
        "category": "neutral",
        "sounds": ["sounds/sc_fnafsb/daycare_attendant/moon/talk4"]
    },
	"sc.moon.talk5": {
        "category": "neutral",
        "sounds": ["sounds/sc_fnafsb/daycare_attendant/moon/talk5"]
    },
	"sc.moon.talk6": {
        "category": "neutral",
        "sounds": ["sounds/sc_fnafsb/daycare_attendant/moon/talk6"]
    },
	"sc.moon.talk7": {
        "category": "neutral",
        "sounds": ["sounds/sc_fnafsb/daycare_attendant/moon/talk7"]
    },
	"sc.monty.talk1": {
        "category": "neutral",
        "sounds": ["sounds/sc_fnafsb/glamrocks/monty/talk1"]
    },
	"sc.monty.talk2": {
        "category": "neutral",
        "sounds": ["sounds/sc_fnafsb/glamrocks/monty/talk2"]
    },
	"sc.monty.talk3": {
        "category": "neutral",
        "sounds": ["sounds/sc_fnafsb/glamrocks/monty/talk3"]
    },
	"sc.monty.talk4": {
        "category": "neutral",
        "sounds": ["sounds/sc_fnafsb/glamrocks/monty/talk4"]
    },
	"sc.monty.talk5": {
        "category": "neutral",
        "sounds": ["sounds/sc_fnafsb/glamrocks/monty/talk5"]
    },
	"sc.monty.talk6": {
        "category": "neutral",
        "sounds": ["sounds/sc_fnafsb/glamrocks/monty/talk6"]
    },
	"sc.monty.talk7": {
        "category": "neutral",
        "sounds": ["sounds/sc_fnafsb/glamrocks/monty/talk7"]
    },
	"sc.monty.talk8": {
        "category": "neutral",
        "sounds": ["sounds/sc_fnafsb/glamrocks/monty/talk8"]
    },
	"sc.monty.talk9": {
        "category": "neutral",
        "sounds": ["sounds/sc_fnafsb/glamrocks/monty/talk9"]
    },
	"sc.monty.talk10": {
        "category": "neutral",
        "sounds": ["sounds/sc_fnafsb/glamrocks/monty/talk10"]
    },
	"sc.monty.talk11": {
        "category": "neutral",
        "sounds": ["sounds/sc_fnafsb/glamrocks/monty/talk11"]
    },
	"sc.monty.talk12": {
        "category": "neutral",
        "sounds": ["sounds/sc_fnafsb/glamrocks/monty/talk12"]
    },
	"sc.monty.talk13": {
        "category": "neutral",
        "sounds": ["sounds/sc_fnafsb/glamrocks/monty/talk3"]
    },
	"sc.monty.talk13": {
        "category": "neutral",
        "sounds": ["sounds/sc_fnafsb/glamrocks/monty/talk13"]
    },
	"sc.monty.talk14": {
        "category": "neutral",
        "sounds": ["sounds/sc_fnafsb/glamrocks/monty/talk14"]
    },
	"sc.monty.talk15": {
        "category": "neutral",
        "sounds": ["sounds/sc_fnafsb/glamrocks/monty/talk15"]
    },
	"sc.monty.talk16": {
        "category": "neutral",
        "sounds": ["sounds/sc_fnafsb/glamrocks/monty/talk16"]
    },
	"sc.monty.talk17": {
        "category": "neutral",
        "sounds": ["sounds/sc_fnafsb/glamrocks/monty/talk17"]
    },
	"sc.monty.talk18": {
        "category": "neutral",
        "sounds": ["sounds/sc_fnafsb/glamrocks/monty/talk18"]
    },
	"sc.monty.laugh": {
        "category": "neutral",
        "sounds": ["sounds/sc_fnafsb/glamrocks/monty/laugh"]
    },
	"sc.monty.saw1": {
        "category": "neutral",
        "sounds": ["sounds/sc_fnafsb/glamrocks/monty/saw1"]
    },
	"sc.monty.saw2": {
        "category": "neutral",
        "sounds": ["sounds/sc_fnafsb/glamrocks/monty/saw2"]
    },
	"sc.roxanne.talk1": {
        "category": "neutral",
        "sounds": ["sounds/sc_fnafsb/glamrocks/roxanne/talk1"]
    },
	"sc.roxanne.talk2": {
        "category": "neutral",
        "sounds": ["sounds/sc_fnafsb/glamrocks/roxanne/talk2"]
    },
	"sc.roxanne.talk3": {
        "category": "neutral",
        "sounds": ["sounds/sc_fnafsb/glamrocks/roxanne/talk3"]
    },
	"sc.roxanne.talk4": {
        "category": "neutral",
        "sounds": ["sounds/sc_fnafsb/glamrocks/roxanne/talk4"]
    },
	"sc.roxanne.talk5": {
        "category": "neutral",
        "sounds": ["sounds/sc_fnafsb/glamrocks/roxanne/talk5"]
    },
	"sc.roxanne.talk6": {
        "category": "neutral",
        "sounds": ["sounds/sc_fnafsb/glamrocks/roxanne/talk6"]
    },
	"sc.roxanne.talk7": {
        "category": "neutral",
        "sounds": ["sounds/sc_fnafsb/glamrocks/roxanne/talk7"]
    },
	"sc.roxanne.talk8": {
        "category": "neutral",
        "sounds": ["sounds/sc_fnafsb/glamrocks/roxanne/talk8"]
    },
	"sc.roxanne.talk9": {
        "category": "neutral",
        "sounds": ["sounds/sc_fnafsb/glamrocks/roxanne/talk9"]
    },
	"sc.roxanne.talk10": {
        "category": "neutral",
        "sounds": ["sounds/sc_fnafsb/glamrocks/roxanne/talk10"]
    },
	"sc.roxanne.talk11": {
        "category": "neutral",
        "sounds": ["sounds/sc_fnafsb/glamrocks/roxanne/talk11"]
    },
	"sc.roxanne.talk12": {
        "category": "neutral",
        "sounds": ["sounds/sc_fnafsb/glamrocks/roxanne/talk12"]
    },
	"sc.roxanne.talk13": {
        "category": "neutral",
        "sounds": ["sounds/sc_fnafsb/glamrocks/roxanne/talk3"]
    },
	"sc.roxanne.talk13": {
        "category": "neutral",
        "sounds": ["sounds/sc_fnafsb/glamrocks/roxanne/talk13"]
    },
	"sc.roxanne.talk14": {
        "category": "neutral",
        "sounds": ["sounds/sc_fnafsb/glamrocks/roxanne/talk14"]
    },
	"sc.roxanne.talk15": {
        "category": "neutral",
        "sounds": ["sounds/sc_fnafsb/glamrocks/roxanne/talk15"]
    },
	"sc.roxanne.talk16": {
        "category": "neutral",
        "sounds": ["sounds/sc_fnafsb/glamrocks/roxanne/talk16"]
    },
	"sc.roxanne.talk17": {
        "category": "neutral",
        "sounds": ["sounds/sc_fnafsb/glamrocks/roxanne/talk17"]
    },
	"sc.roxanne.talk18": {
        "category": "neutral",
        "sounds": ["sounds/sc_fnafsb/glamrocks/roxanne/talk18"]
    },
	"sc.roxanne.talk19": {
        "category": "neutral",
        "sounds": ["sounds/sc_fnafsb/glamrocks/roxanne/talk18"]
    },
	"sc.roxanne.talk20": {
        "category": "neutral",
        "sounds": ["sounds/sc_fnafsb/glamrocks/roxanne/talk20"]
    },
	"sc.roxanne.saw1": {
        "category": "neutral",
        "sounds": ["sounds/sc_fnafsb/glamrocks/roxanne/saw1"]
    },
	"sc.roxanne.saw2": {
        "category": "neutral",
        "sounds": ["sounds/sc_fnafsb/glamrocks/roxanne/saw2"]
    },
	"sc.dj_music_man.theme": {
        "category": "neutral",
        "max_distance": 200.0,
        "sounds": ["sounds/sc_fnafsb/dj_music_man/theme"]
    },
	"sc.dj_music_man.step": {
        "category": "neutral",
        "max_distance": 100.0,
        "sounds": ["sounds/sc_fnafsb/dj_music_man/step1",
		"sounds/sc_fnafsb/dj_music_man/step2",
		"sounds/sc_fnafsb/dj_music_man/step3"
		]
    },
	"sc.vanny.talk1": {
        "category": "neutral",
        "sounds": ["sounds/sc_fnafsb/vanny/talk1"]
    },
	"sc.vanny.talk2": {
        "category": "neutral",
        "sounds": ["sounds/sc_fnafsb/vanny/talk2_1",
		"sounds/sc_fnafsb/vanny/talk2_2",
		"sounds/sc_fnafsb/vanny/talk2_3",
		"sounds/sc_fnafsb/vanny/talk2_4"
		]
    },
	"sc.vanny.talk3": {
        "category": "neutral",
        "sounds": ["sounds/sc_fnafsb/vanny/talk3_1",
		"sounds/sc_fnafsb/vanny/talk3_2",
		"sounds/sc_fnafsb/vanny/talk3_3"
		]
    },
	"sc.burntrap.idle": {
        "category": "neutral",
        "sounds": ["sounds/sc_fnafsb/burntrap/idle1",
		"sounds/sc_fnafsb/burntrap/idle2",
		"sounds/sc_fnafsb/burntrap/idle3",
		"sounds/sc_fnafsb/burntrap/idle4"
		]
    },
	"sc.burntrap.step": {
        "category": "neutral",
        "sounds": ["sounds/sc_fnafsb/burntrap/step"]
    },
	"sc.burntrap.hurt": {
        "category": "neutral",
        "sounds": ["sounds/sc_fnafsb/burntrap/hurt1",
		"sounds/sc_fnafsb/burntrap/hurt2"
		]
},
	"sc.burntrap.talk1": {
        "category": "neutral",
        "sounds": ["sounds/sc_fnafsb/burntrap/talk1"]
    }
}
