{
  "pa:change_mehhsk": {
    "textures": "pa_change_mehhsk",
    "sound": "normal"
  },
  "pa:lucky": {
    "textures": "pa_lucky",
    "sound": "normal"
  },
  "pa:change_meftgh": {
    "textures": "pa_change_meftgh",
    "sound": "normal"
  },
  "pa:change_mebbb": {
    "textures": {
      "up": "pa_change_mebbb_up",
      "down": "pa_change_mebbb_down",
      "side": "pa_change_mebbb_side"
    },
    "sound": "normal"
  },
  "pa:change_mehhj": {
    "textures": {
      "up": "pa_change_mehhj_up",
      "down": "pa_change_mehhj_down",
      "side": "pa_change_mehhj_side"
    },
    "sound": "normal"
  },
  "pa:change_mekjk": {
    "textures": {
      "up": "pa_change_mekjk_up",
      "down": "pa_change_mekjk_down",
      "north": "pa_change_mekjk_north",
      "south": "pa_change_mekjk_south",
      "east": "pa_change_mekjk_east",
      "west": "pa_change_mekjk_west"
    },
    "sound": "normal"
  },
  "pa:change_mejjlkfddx": {
    "textures": {
      "up": "pa_change_mejjlkfddx_up",
      "down": "pa_change_mejjlkfddx_down",
      "north": "pa_change_mejjlkfddx_north",
      "south": "pa_change_mejjlkfddx_south",
      "east": "pa_change_mejjlkfddx_east",
      "west": "pa_change_mejjlkfddx_west"
    },
    "sound": "normal"
  },
  "pa:change_merrrrr": {
    "textures": {
      "up": "pa_change_merrrrr_up",
      "down": "pa_change_merrrrr_down",
      "north": "pa_change_merrrrr_north",
      "south": "pa_change_merrrrr_south",
      "east": "pa_change_merrrrr_east",
      "west": "pa_change_merrrrr_west"
    },
    "sound": "normal"
  },
  "pa:barragr": {
    "textures": {
      "up": "pa_barragr_up",
      "down": "pa_barragr_down",
      "side": "pa_barragr_side"
    },
    "sound": "normal"
  },
  "pa:change_mebjkkkknvc": {
    "textures": {
      "up": "pa_change_mebjkkkknvc_up",
      "down": "pa_change_mebjkkkknvc_down",
      "north": "pa_change_mebjkkkknvc_north",
      "south": "pa_change_mebjkkkknvc_south",
      "east": "pa_change_mebjkkkknvc_east",
      "west": "pa_change_mebjkkkknvc_west"
    },
    "sound": "normal"
  },
  "pa:change_mehhbbbbbkk": {
    "textures": {
      "up": "pa_change_mehhbbbbbkk_up",
      "down": "pa_change_mehhbbbbbkk_down",
      "north": "pa_change_mehhbbbbbkk_north",
      "south": "pa_change_mehhbbbbbkk_south",
      "east": "pa_change_mehhbbbbbkk_east",
      "west": "pa_change_mehhbbbbbkk_west"
    },
    "sound": "normal"
  },
  "pa:change_mennnnne": {
    "textures": {
      "up": "pa_change_mennnnne_up",
      "down": "pa_change_mennnnne_down",
      "north": "pa_change_mennnnne_north",
      "south": "pa_change_mennnnne_south",
      "east": "pa_change_mennnnne_east",
      "west": "pa_change_mennnnne_west"
    },
    "sound": "normal"
  },
  "pa:change_medddvvg": {
    "textures": {
      "up": "pa_change_medddvvg_up",
      "down": "pa_change_medddvvg_down",
      "north": "pa_change_medddvvg_north",
      "south": "pa_change_medddvvg_south",
      "east": "pa_change_medddvvg_east",
      "west": "pa_change_medddvvg_west"
    },
    "sound": "normal"
  },
  "pa:change_mekkko": {
    "textures": {
      "up": "pa_change_mekkko_up",
      "down": "pa_change_mekkko_down",
      "north": "pa_change_mekkko_north",
      "south": "pa_change_mekkko_south",
      "east": "pa_change_mekkko_east",
      "west": "pa_change_mekkko_west"
    },
    "sound": "normal"
  },
  "pa:comst": {
    "textures": "pa_comst",
    "sound": "normal"
  },
  "pa:empblo": {
    "textures": {
      "up": "pa_empblo_up",
      "down": "pa_empblo_down",
      "side": "pa_empblo_side"
    },
    "sound": "normal"
  },
  "pa:pswit": {
    "textures": {
      "up": "pa_pswit_up",
      "down": "pa_pswit_down",
      "side": "pa_pswit_side"
    },
    "sound": "normal"
  },
  "pa:pow": {
    "textures": {
      "up": "pa_pow_up",
      "down": "pa_pow_down",
      "side": "pa_pow_side"
    },
    "sound": "normal"
  },
  "pa:spike": {
    "textures": "pa_spike",
    "sound": "normal"
  },
  "pa:esse": {
    "textures": "pa_esse",
    "sound": "normal"
  },
  "format_version": [
    1,
    1,
    0
  ]
}