{
  "format_version": "1.10",
  "render_controllers": {
    "controller.render.crucifix": {
      "geometry": "geometry.default",
      "materials": [ { "*": "material.default",
                                     "chain1": "material.chains",
                                     "chain2": "material.chains", 
                                     "chain3": "material.chains",
                                     "chain4": "material.chains",
                                     "chain5": "material.chains",
                                     "chain6": "material.chains",
                                     "chain7": "material.chains",
                                     "chain8": "material.chains", 
                                     "chain9": "material.chains",
                                     "chain10": "material.chains",
                                     "chain11": "material.chains",
                                     "chain12": "material.chains"
                               } ],
      "textures": [ "texture.default"]
    }
  }
}
