{
  "format_version": "1.10.0",
  "animation_controllers": {
    "controller.animation.jumpscare_ambush": {
      "initial_state": "default",
      "states": {
        "default": {
          "transitions": [
            {
              "attack": "variable.attack_time \u003e 0 \u0026\u0026 !query.is_stunned"
            },
            {
              "add": "query.has_rider \u0026\u0026 !query.is_stunned"
            }
          ]
        },
        "attack": {
          "transitions": [
            {
              "default": "1.0"
            }
          ],
          "on_entry": [
            "/function jumpscare_dr",
            "/tag @s add ambush"
          ]
        },
        "add": {
          "transitions": [
            {
              "default": "1.0"
            }
          ],
          "on_entry": [
            "/scoreboard objectives add ambush dummy",
            "/scoreboard players add @e[r\u003d3,type\u003d!ag1:ambush,family\u003d!dr] ambush 1",
            "/execute @e[scores\u003d{ambush\u003d8..1000}] ~ ~ ~ effect @e[type\u003dag1:ambush,r\u003d2] instant_health 255 255",
            "/execute @e[scores\u003d{ambush\u003d8..1000}] ~ ~ ~ tag @e[type\u003dag1:ambush,r\u003d2] remove ambush",
            "/kill @e[scores\u003d{ambush\u003d8..1000}]",
            "/scoreboard players set @a[scores\u003d{ambush\u003d8..1000}] ambush 0"
          ]
        }
      }
    }
  }
}