{
  "format_version": "1.10.0",
  "animation_controllers": {
    "controller.animation.jumpscare_eb": {
      "initial_state": "default",
      "states": {
        "default": {
          "transitions": [
            {
              "attack": "variable.attack_time \u003e 0 \u0026\u0026 !query.is_stunned"
            },
            {
              "add": "query.has_rider \u0026\u0026 !query.is_stunned"
            }
          ]
        },
        "attack": {
          "transitions": [
            {
              "default": "1.0"
            }
          ],
          "on_entry": [
            "/function jumpscare_dr",
            "/tag @s add eb"
          ]
        },
        "add": {
          "transitions": [
            {
              "default": "1.0"
            }
          ],
          "on_entry": [
            "/scoreboard objectives add eb dummy",
            "/scoreboard players add @e[r\u003d3,type\u003d!ag1:el_goblino,family\u003d!dr] eb 1",
            "/execute @e[scores\u003d{eb\u003d8..1000}] ~ ~ ~ event entity @e[type\u003dag1:el_goblino] ag1:jumpscare_stop",
            "/execute @e[scores\u003d{eb\u003d8..1000}] ~ ~ ~ tag @e[type\u003dag1:el_goblino,r\u003d2] remove eb",
            "/effect @e[scores\u003d{eb\u003d8..1000}] instant_damage 1 1",
            "/ride @e[scores\u003d{eb\u003d8..1000}] stop_riding",
            "/scoreboard players set @a[scores\u003d{eb\u003d8..1000}] eb 0"
          ]
        }
      }
    }
  }
}