{
  "format_version": "1.10.0",
  "animation_controllers": {
    "controller.animation.jumpscare_figure": {
      "initial_state": "default",
      "states": {
        "default": {
          "transitions": [
            {
              "attack": "variable.attack_time \u003e 0 \u0026\u0026 !query.is_stunned"
            },
            {
              "add": "query.has_rider \u0026\u0026 !query.is_stunned"
            }
          ]
        },
        "attack": {
          "transitions": [
            {
              "default": "1.0"
            }
          ],
          "on_entry": [
            "/function jumpscare_dr",
            "/tag @s add figure"
          ]
        },
        "add": {
          "transitions": [
            {
              "default": "1.0"
            }
          ],
          "on_entry": [
            "/scoreboard objectives add figure dummy",
            "/scoreboard players add @e[r\u003d3,type\u003d!ag1:figure,family\u003d!dr] figure 1",
            "/execute @e[scores\u003d{figure\u003d8..1000}] ~ ~ ~ event entity @e[type\u003dag1:figure] ag1:jumpscare_stop",
            "/execute @e[scores\u003d{figure\u003d8..1000}] ~ ~ ~ tag @e[type\u003dag1:figure,r\u003d2] remove figure",
            "/kill @e[scores\u003d{figure\u003d8..1000}]",
            "/scoreboard players set @a[scores\u003d{figure\u003d8..1000}] figure 0"
          ]
        }
      }
    }
  }
}