{
  "format_version": "1.10.0",
  "animation_controllers": {
    "controller.animation.jumpscare_gli": {
      "initial_state": "default",
      "states": {
        "default": {
          "transitions": [
            {
              "attack": "variable.attack_time \u003e 0 \u0026\u0026 !query.is_stunned"
            },
            {
              "add": "query.has_rider \u0026\u0026 !query.is_stunned"
            }
          ]
        },
        "attack": {
          "transitions": [
            {
              "default": "1.0"
            }
          ],
          "on_entry": [
            "/function jumpscare_dr",
            "/tag @s add glitch"
          ]
        },
        "add": {
          "transitions": [
            {
              "default": "1.0"
            }
          ],
          "on_entry": [
            "/scoreboard objectives add glitch dummy",
            "/scoreboard players add @e[r\u003d3,type\u003dag1:glitch] glitch 1",
            "/execute @e[scores\u003d{glitch\u003d8..1000}] ~ ~ ~ tag @e[type\u003dag1:glitch,r\u003d2] remove glitch",
            "/tp @s @e[type\u003dag1:glitch_teleport_place]",
            "/scoreboard players set @a[scores\u003d{glitch\u003d8..1000}] glitch 0",
            "/kill @e[scores\u003d{glitch\u003d8..1000}]"
          ]
        }
      }
    }
  }
}