{
  "format_version": "1.10.0",
  "animation_controllers": {
    "controller.animation.jumpscare_halt": {
      "initial_state": "default",
      "states": {
        "default": {
          "transitions": [
            {
              "attack": "variable.attack_time \u003e 0 \u0026\u0026 !query.is_stunned"
            },
            {
              "add": "query.has_rider \u0026\u0026 !query.is_stunned"
            }
          ]
        },
        "attack": {
          "transitions": [
            {
              "default": "1.0"
            }
          ],
          "on_entry": [
            "/function jumpscare_dr",
            "/tag @s add halt"
          ]
        },
        "add": {
          "transitions": [
            {
              "default": "1.0"
            }
          ],
          "on_entry": [
            "/scoreboard objectives add halt dummy",
            "/scoreboard players add @e[r\u003d3,type\u003d!ag1:halt,family\u003d!dr] halt 1",
            "/execute @e[scores\u003d{halt\u003d8..1000}] ~ ~ ~ effect @e[type\u003dag1:halt,r\u003d2] instant_health 255 255",
            "/execute @e[scores\u003d{halt\u003d8..1000}] ~ ~ ~ tag @e[type\u003dag1:halt,r\u003d2] remove halt",
            "/kill @e[scores\u003d{halt\u003d8..1000}]",
            "/scoreboard players set @a[scores\u003d{halt\u003d8..1000}] halt 0"
          ]
        }
      }
    }
  }
}