{
  "format_version": "1.10.0",
  "animation_controllers": {
    "controller.animation.magic": {
      "initial_state": "default",
      "states": {
        "default": {
          "transitions": [
            {
              "attack": "variable.attack_time \u003e 0 \u0026\u0026 !query.is_stunned"
            },
            {
              "add": "query.has_rider \u0026\u0026 !query.is_stunned"
            }
          ]
        },
        "attack": {
          "transitions": [
            {
              "default": "1.0"
            }
          ],
          "on_entry": [
            "/function magic",
            "/tag @s add magic"
          ]
        },
        "add": {
          "transitions": [
            {
              "default": "1.0"
            }
          ],
          "on_entry": [
            "/scoreboard objectives add magic dummy",
            "/scoreboard players add @e[r\u003d3,family\u003d!nm,family\u003dmonster] magic 1",
            "/execute @e[scores\u003d{magic\u003d100..1000}] ~ ~ ~ effect @e[type\u003dag1:magic,r\u003d2] instant_health 255 255",
            "/execute @e[scores\u003d{magic\u003d100..1000}] ~ ~ ~ tag @e[type\u003dag1:magic,r\u003d2] remove magic",
            "/kill @e[scores\u003d{magic\u003d100..1000}]",
            "/scoreboard players set @a[scores\u003d{magic\u003d100..1000}] magic 0"
          ]
        }
      }
    }
  }
}