{
  "format_version": "1.10.0",
  "animation_controllers": {
    "controller.animation.jumpscare_screech": {
      "initial_state": "default",
      "states": {
        "default": {
          "transitions": [
            {
              "attack": "variable.attack_time \u003e 0 \u0026\u0026 !query.is_stunned"
            },
            {
              "add": "query.has_rider \u0026\u0026 !query.is_stunned"
            }
          ]
        },
        "attack": {
          "transitions": [
            {
              "default": "1.0"
            }
          ],
          "on_entry": [
            "/function jumpscare_dr",
            "/tag @s add screech"
          ]
        },
        "add": {
          "transitions": [
            {
              "default": "1.0"
            }
          ],
          "on_entry": [
            "/scoreboard objectives add screech dummy",
            "/scoreboard players add @s screech 1",
            "/execute @e[scores\u003d{screech\u003d8..1000}] ~ ~ ~ tag @s remove screech",
            "/kill @e[scores\u003d{screech\u003d8..1000}]",
            "/scoreboard players set @a[scores\u003d{screech\u003d8..1000}] screech 0"
          ]
        }
      }
    }
  }
}