{
  "format_version": "1.10.0",
  "animation_controllers": {
    "controller.animation.jumpscare_seek": {
      "initial_state": "default",
      "states": {
        "default": {
          "transitions": [
            {
              "attack": "variable.attack_time \u003e 0 \u0026\u0026 !query.is_stunned"
            },
            {
              "add": "query.has_rider \u0026\u0026 !query.is_stunned"
            }
          ]
        },
        "attack": {
          "transitions": [
            {
              "default": "1.0"
            }
          ],
          "on_entry": [
            "/function jumpscare_dr",
            "/tag @s add seek"
          ]
        },
        "add": {
          "transitions": [
            {
              "default": "1.0"
            }
          ],
          "on_entry": [
            "/scoreboard objectives add seek dummy",
            "/scoreboard players add @e[r\u003d3,type\u003d!ag1:seek,family\u003d!dr] seek 1",
            "/execute @e[scores\u003d{seek\u003d8..1000}] ~ ~ ~ event entity @e[type\u003dag1:seek] ag1:jumpscare_stop",
            "/execute @e[scores\u003d{seek\u003d8..1000}] ~ ~ ~ tag @e[type\u003dag1:seek,r\u003d2] remove seek",
            "/kill @e[scores\u003d{seek\u003d8..1000}]",
            "/scoreboard players set @a[scores\u003d{seek\u003d8..1000}] seek 0"
          ]
        }
      }
    }
  }
}