{
  "format_version": "1.12.0",
  "minecraft:geometry": [
    {
      "description": {
        "identifier": "geometry.cy_banban_s",
        "texture_width": 128,
        "texture_height": 128,
        "visible_bounds_width": 3,
        "visible_bounds_height": 6,
        "visible_bounds_offset": [
          0,
          2,
          0
        ]
      },
      "bones": [
        {
          "name": "root",
          "pivot": [
            0,
            5,
            0
          ]
        },
        {
          "name": "waist",
          "pivot": [
            0,
            5,
            0
          ],
          "parent": "root"
        },
        {
          "name": "body",
          "pivot": [
            0,
            20,
            0
          ],
          "cubes": [
            {
              "origin": [
                -6.0,
                20.0,
                -4.0
              ],
              "size": [
                12.0,
                18.0,
                8.0
              ],
              "uv": [
                0,
                26
              ],
              "inflate": 0
            }
          ],
          "parent": "waist"
        },
        {
          "name": "rightarm",
          "pivot": [
            -8,
            38,
            0
          ],
          "cubes": [
            {
              "origin": [
                -10.0,
                27.0,
                -2.0
              ],
              "size": [
                4.0,
                11.0,
                4.0
              ],
              "uv": [
                55,
                85
              ],
              "inflate": 0
            },
            {
              "origin": [
                -10.0,
                28.0,
                -2.0
              ],
              "size": [
                4.0,
                10.0,
                4.0
              ],
              "uv": [
                16,
                93
              ],
              "inflate": 0.3
            }
          ],
          "parent": "body"
        },
        {
          "name": "rightarm2",
          "pivot": [
            -8,
            27,
            0
          ],
          "cubes": [
            {
              "origin": [
                -10.0,
                16.0,
                -2.0
              ],
              "size": [
                4.0,
                10.0,
                4.0
              ],
              "uv": [
                94,
                14
              ],
              "inflate": 0
            },
            {
              "origin": [
                -10.0,
                13.0,
                -2.0
              ],
              "size": [
                2.0,
                3.0,
                4.0
              ],
              "pivot": [
                -9.0,
                14.5,
                0.0
              ],
              "rotation": [
                0.0,
                0.0,
                -5.0
              ],
              "uv": [
                58,
                24
              ],
              "inflate": 0
            },
            {
              "origin": [
                -8.0,
                13.0,
                -4.0
              ],
              "size": [
                2.0,
                3.0,
                2.0
              ],
              "pivot": [
                -7.0,
                14.5,
                -1.5
              ],
              "rotation": [
                -50.0,
                0.0,
                0.0
              ],
              "uv": [
                0,
                26
              ],
              "inflate": 0
            },
            {
              "origin": [
                -10.0,
                17.0,
                -2.0
              ],
              "size": [
                4.0,
                10.0,
                4.0
              ],
              "uv": [
                88,
                0
              ],
              "inflate": 0.3
            }
          ],
          "parent": "rightarm"
        },
        {
          "name": "leftarm",
          "pivot": [
            8,
            38,
            0
          ],
          "cubes": [
            {
              "origin": [
                6.0,
                27.0,
                -2.0
              ],
              "size": [
                4.0,
                11.0,
                4.0
              ],
              "uv": [
                39,
                85
              ],
              "inflate": 0
            },
            {
              "origin": [
                6.0,
                28.0,
                -2.0
              ],
              "size": [
                4.0,
                10.0,
                4.0
              ],
              "uv": [
                87,
                87
              ],
              "inflate": 0.3
            }
          ],
          "parent": "body"
        },
        {
          "name": "leftarm2",
          "pivot": [
            8,
            27,
            0
          ],
          "cubes": [
            {
              "origin": [
                6.0,
                16.0,
                -2.0
              ],
              "size": [
                4.0,
                11.0,
                4.0
              ],
              "uv": [
                0,
                85
              ],
              "inflate": 0
            },
            {
              "origin": [
                8.0,
                13.0,
                -2.0
              ],
              "size": [
                2.0,
                3.0,
                4.0
              ],
              "pivot": [
                9.0,
                14.5,
                0.0
              ],
              "rotation": [
                0.0,
                0.0,
                2.5
              ],
              "uv": [
                0,
                0
              ],
              "inflate": 0
            },
            {
              "origin": [
                6.0,
                13.0,
                -4.0
              ],
              "size": [
                2.0,
                3.0,
                2.0
              ],
              "pivot": [
                9.0,
                14.5,
                -1.5
              ],
              "rotation": [
                -50.0,
                0.0,
                0.0
              ],
              "uv": [
                0,
                7
              ],
              "inflate": 0
            },
            {
              "origin": [
                6.0,
                17.0,
                -2.0
              ],
              "size": [
                4.0,
                10.0,
                4.0
              ],
              "uv": [
                71,
                87
              ],
              "inflate": 0.3
            }
          ],
          "parent": "leftarm"
        },
        {
          "name": "head",
          "pivot": [
            0,
            38,
            0
          ],
          "cubes": [
            {
              "origin": [
                -7.0,
                38.0,
                -6.0
              ],
              "size": [
                14.0,
                14.0,
                12.0
              ],
              "uv": [
                0,
                0
              ],
              "inflate": 0
            }
          ],
          "parent": "body"
        },
        {
          "name": "hat",
          "pivot": [
            -4,
            50,
            0
          ],
          "cubes": [
            {
              "origin": [
                -7.0,
                51.0,
                -3.0
              ],
              "size": [
                6.0,
                2.0,
                6.0
              ],
              "uv": [
                78,
                79
              ],
              "inflate": -0.2
            },
            {
              "origin": [
                -7.0,
                52.0,
                -3.0
              ],
              "size": [
                6.0,
                2.0,
                6.0
              ],
              "uv": [
                78,
                71
              ],
              "inflate": -0.4
            },
            {
              "origin": [
                -7.0,
                53.0,
                -3.0
              ],
              "size": [
                6.0,
                2.0,
                6.0
              ],
              "uv": [
                60,
                77
              ],
              "inflate": -0.6
            },
            {
              "origin": [
                -7.0,
                53.0,
                -3.0
              ],
              "size": [
                6.0,
                3.0,
                6.0
              ],
              "uv": [
                76,
                58
              ],
              "inflate": -0.8
            },
            {
              "origin": [
                -7.0,
                54.0,
                -3.0
              ],
              "size": [
                6.0,
                3.0,
                6.0
              ],
              "uv": [
                76,
                49
              ],
              "inflate": -1
            },
            {
              "origin": [
                -7.0,
                54.0,
                -3.0
              ],
              "size": [
                6.0,
                4.0,
                6.0
              ],
              "uv": [
                18,
                73
              ],
              "inflate": -1.2
            },
            {
              "origin": [
                -7.0,
                55.0,
                -3.0
              ],
              "size": [
                6.0,
                4.0,
                6.0
              ],
              "uv": [
                70,
                18
              ],
              "inflate": -1.4
            },
            {
              "origin": [
                -7.0,
                56.0,
                -3.0
              ],
              "size": [
                6.0,
                4.0,
                6.0
              ],
              "uv": [
                60,
                67
              ],
              "inflate": -1.6
            },
            {
              "origin": [
                -7.0,
                56.0,
                -3.0
              ],
              "size": [
                6.0,
                5.0,
                6.0
              ],
              "uv": [
                18,
                62
              ],
              "inflate": -1.8
            },
            {
              "origin": [
                -7.0,
                57.0,
                -3.0
              ],
              "size": [
                6.0,
                5.0,
                6.0
              ],
              "uv": [
                58,
                44
              ],
              "inflate": -2
            },
            {
              "origin": [
                -7.0,
                57.0,
                -3.0
              ],
              "size": [
                6.0,
                6.0,
                6.0
              ],
              "uv": [
                52,
                12
              ],
              "inflate": -2.2
            },
            {
              "origin": [
                -7.0,
                58.0,
                -3.0
              ],
              "size": [
                6.0,
                6.0,
                6.0
              ],
              "uv": [
                0,
                52
              ],
              "inflate": -2.4
            },
            {
              "origin": [
                -7.0,
                59.0,
                -3.0
              ],
              "size": [
                6.0,
                6.0,
                6.0
              ],
              "uv": [
                34,
                50
              ],
              "inflate": -2.6
            }
          ],
          "parent": "head"
        },
        {
          "name": "hat2",
          "pivot": [
            4,
            50,
            0
          ],
          "cubes": [
            {
              "origin": [
                1.0,
                51.0,
                -3.0
              ],
              "size": [
                6.0,
                2.0,
                6.0
              ],
              "uv": [
                36,
                77
              ],
              "inflate": -0.2
            },
            {
              "origin": [
                1.0,
                52.0,
                -3.0
              ],
              "size": [
                6.0,
                2.0,
                6.0
              ],
              "uv": [
                0,
                77
              ],
              "inflate": -0.4
            },
            {
              "origin": [
                1.0,
                53.0,
                -3.0
              ],
              "size": [
                6.0,
                2.0,
                6.0
              ],
              "uv": [
                70,
                10
              ],
              "inflate": -0.6
            },
            {
              "origin": [
                1.0,
                53.0,
                -3.0
              ],
              "size": [
                6.0,
                3.0,
                6.0
              ],
              "uv": [
                76,
                37
              ],
              "inflate": -0.8
            },
            {
              "origin": [
                1.0,
                54.0,
                -3.0
              ],
              "size": [
                6.0,
                3.0,
                6.0
              ],
              "uv": [
                76,
                28
              ],
              "inflate": -1
            },
            {
              "origin": [
                1.0,
                54.0,
                -3.0
              ],
              "size": [
                6.0,
                4.0,
                6.0
              ],
              "uv": [
                36,
                67
              ],
              "inflate": -1.2
            },
            {
              "origin": [
                1.0,
                55.0,
                -3.0
              ],
              "size": [
                6.0,
                4.0,
                6.0
              ],
              "uv": [
                0,
                67
              ],
              "inflate": -1.4
            },
            {
              "origin": [
                1.0,
                56.0,
                -3.0
              ],
              "size": [
                6.0,
                4.0,
                6.0
              ],
              "uv": [
                64,
                0
              ],
              "inflate": -1.6
            },
            {
              "origin": [
                1.0,
                56.0,
                -3.0
              ],
              "size": [
                6.0,
                5.0,
                6.0
              ],
              "uv": [
                58,
                32
              ],
              "inflate": -1.8
            },
            {
              "origin": [
                1.0,
                57.0,
                -3.0
              ],
              "size": [
                6.0,
                5.0,
                6.0
              ],
              "uv": [
                52,
                56
              ],
              "inflate": -2
            },
            {
              "origin": [
                1.0,
                57.0,
                -3.0
              ],
              "size": [
                6.0,
                6.0,
                6.0
              ],
              "uv": [
                40,
                38
              ],
              "inflate": -2.2
            },
            {
              "origin": [
                1.0,
                58.0,
                -3.0
              ],
              "size": [
                6.0,
                6.0,
                6.0
              ],
              "uv": [
                40,
                26
              ],
              "inflate": -2.4
            },
            {
              "origin": [
                1.0,
                59.0,
                -3.0
              ],
              "size": [
                6.0,
                6.0,
                6.0
              ],
              "uv": [
                40,
                0
              ],
              "inflate": -2.6
            }
          ],
          "parent": "head"
        },
        {
          "name": "balleye",
          "pivot": [
            -3.5,
            47.5,
            -5.5
          ],
          "cubes": [
            {
              "origin": [
                -6.0,
                45.0,
                -6.5
              ],
              "size": [
                5.0,
                5.0,
                3.0
              ],
              "uv": [
                32,
                100
              ],
              "inflate": 0
            },
            {
              "origin": [
                -6.0,
                45.0,
                -7.5
              ],
              "size": [
                5.0,
                5.0,
                3.0
              ],
              "uv": [
                99,
                77
              ],
              "inflate": -0.8
            }
          ],
          "parent": "head"
        },
        {
          "name": "balleye2",
          "pivot": [
            3.5,
            47.5,
            -5.5
          ],
          "cubes": [
            {
              "origin": [
                1.0,
                45.0,
                -6.5
              ],
              "size": [
                5.0,
                5.0,
                3.0
              ],
              "uv": [
                97,
                55
              ],
              "inflate": 0
            },
            {
              "origin": [
                1.0,
                45.0,
                -7.5
              ],
              "size": [
                5.0,
                5.0,
                3.0
              ],
              "uv": [
                94,
                46
              ],
              "inflate": -0.8
            }
          ],
          "parent": "head"
        },
        {
          "name": "rightleg",
          "pivot": [
            -4,
            20,
            0
          ],
          "cubes": [
            {
              "origin": [
                -6.0,
                10.0,
                -2.0
              ],
              "size": [
                4.0,
                10.0,
                4.0
              ],
              "uv": [
                100,
                28
              ],
              "inflate": 0
            }
          ],
          "parent": "root"
        },
        {
          "name": "rightleg2",
          "pivot": [
            -4,
            10,
            0
          ],
          "cubes": [
            {
              "origin": [
                -6.0,
                0.0,
                -2.0
              ],
              "size": [
                4.0,
                10.0,
                4.0
              ],
              "uv": [
                0,
                100
              ],
              "inflate": 0
            },
            {
              "origin": [
                -6.0,
                0.0,
                -5.0
              ],
              "size": [
                4.0,
                3.0,
                3.0
              ],
              "uv": [
                32,
                26
              ],
              "inflate": 0
            }
          ],
          "parent": "rightleg"
        },
        {
          "name": "leftleg",
          "pivot": [
            4,
            20,
            0
          ],
          "cubes": [
            {
              "origin": [
                2.0,
                10.0,
                -2.0
              ],
              "size": [
                4.0,
                10.0,
                4.0
              ],
              "uv": [
                99,
                97
              ],
              "inflate": 0
            }
          ],
          "parent": "root"
        },
        {
          "name": "leftleg2",
          "pivot": [
            4,
            10,
            0
          ],
          "cubes": [
            {
              "origin": [
                2.0,
                0.0,
                -2.0
              ],
              "size": [
                4.0,
                10.0,
                4.0
              ],
              "uv": [
                96,
                63
              ],
              "inflate": 0
            },
            {
              "origin": [
                2.0,
                0.0,
                -5.0
              ],
              "size": [
                4.0,
                3.0,
                3.0
              ],
              "uv": [
                21,
                83
              ],
              "inflate": 0
            }
          ],
          "parent": "leftleg"
        }
      ]
    }
  ]
}