{
  "format_version": "1.12.0",
  "minecraft:geometry": [
    {
      "description": {
        "identifier": "geometry.cy_jumbo_josh_s",
        "texture_width": 256,
        "texture_height": 256,
        "visible_bounds_width": 10,
        "visible_bounds_height": 9,
        "visible_bounds_offset": [
          0,
          0.5,
          0
        ]
      },
      "bones": [
        {
          "name": "root",
          "pivot": [
            0,
            4,
            10
          ]
        },
        {
          "name": "waist",
          "parent": "root",
          "pivot": [
            0,
            4,
            10
          ]
        },
        {
          "name": "body",
          "parent": "waist",
          "pivot": [
            0,
            21,
            7
          ],
          "cubes": [
            {
              "origin": [
                -8,
                19,
                -1
              ],
              "size": [
                16,
                16,
                12
              ],
              "inflate": 0.2,
              "pivot": [
                0,
                24,
                7
              ],
              "rotation": [
                90,
                0,
                0
              ],
              "uv": [
                56,
                49
              ]
            },
            {
              "origin": [
                -8,
                19.00267,
                -8.15023
              ],
              "size": [
                16,
                11,
                12
              ],
              "inflate": 0.2,
              "pivot": [
                0,
                23.00267,
                -2.15023
              ],
              "rotation": [
                40,
                0,
                0
              ],
              "uv": [
                0,
                61
              ]
            },
            {
              "origin": [
                -8,
                24.73291,
                -11.32778
              ],
              "size": [
                16,
                10,
                12
              ],
              "inflate": 0.2,
              "uv": [
                44,
                77
              ]
            }
          ]
        },
        {
          "name": "head",
          "parent": "body",
          "pivot": [
            0,
            37,
            -5
          ],
          "cubes": [
            {
              "origin": [
                -10,
                37,
                -12
              ],
              "size": [
                20,
                15,
                14
              ],
              "uv": [
                0,
                0
              ]
            },
            {
              "origin": [
                -10,
                51,
                -12
              ],
              "size": [
                20,
                2,
                14
              ],
              "uv": [
                0,
                45
              ]
            },
            {
              "origin": [
                -9,
                52,
                -12
              ],
              "size": [
                18,
                2,
                14
              ],
              "uv": [
                56,
                31
              ]
            },
            {
              "origin": [
                -11,
                37,
                -12
              ],
              "size": [
                3,
                15,
                14
              ],
              "uv": [
                86,
                85
              ]
            },
            {
              "origin": [
                -12,
                38,
                -12
              ],
              "size": [
                3,
                13,
                14
              ],
              "uv": [
                106,
                17
              ]
            },
            {
              "origin": [
                8,
                37,
                -12
              ],
              "size": [
                3,
                15,
                14
              ],
              "uv": [
                0,
                84
              ]
            },
            {
              "origin": [
                9,
                38,
                -12
              ],
              "size": [
                3,
                13,
                14
              ],
              "uv": [
                66,
                101
              ]
            },
            {
              "origin": [
                -11,
                37,
                2
              ],
              "size": [
                22,
                15,
                1
              ],
              "uv": [
                105,
                0
              ]
            },
            {
              "origin": [
                -11,
                37,
                -13
              ],
              "size": [
                22,
                15,
                1
              ],
              "uv": [
                34,
                99
              ]
            },
            {
              "origin": [
                -10,
                37,
                -14
              ],
              "size": [
                20,
                16,
                1
              ],
              "uv": [
                106,
                77
              ]
            },
            {
              "origin": [
                -9,
                35,
                -14
              ],
              "size": [
                18,
                1,
                1
              ],
              "uv": [
                106,
                97
              ]
            },
            {
              "origin": [
                -10,
                51,
                -13
              ],
              "size": [
                20,
                2,
                1
              ],
              "uv": [
                54,
                0
              ]
            },
            {
              "origin": [
                -9,
                52,
                -13
              ],
              "size": [
                18,
                2,
                1
              ],
              "uv": [
                106,
                94
              ]
            },
            {
              "origin": [
                -10,
                36,
                -14
              ],
              "size": [
                20,
                1,
                1
              ],
              "uv": [
                54,
                7
              ]
            },
            {
              "origin": [
                -9,
                35,
                -13
              ],
              "size": [
                18,
                2,
                1
              ],
              "uv": [
                54,
                9
              ]
            },
            {
              "origin": [
                -10,
                52,
                2
              ],
              "size": [
                20,
                1,
                1
              ],
              "uv": [
                54,
                5
              ]
            },
            {
              "origin": [
                -9,
                53,
                2
              ],
              "size": [
                18,
                1,
                1
              ],
              "uv": [
                54,
                47
              ]
            },
            {
              "origin": [
                -9,
                35,
                2
              ],
              "size": [
                18,
                1,
                1
              ],
              "uv": [
                54,
                12
              ]
            },
            {
              "origin": [
                -10,
                36,
                2
              ],
              "size": [
                20,
                1,
                1
              ],
              "uv": [
                54,
                3
              ]
            },
            {
              "origin": [
                -10,
                36,
                -13
              ],
              "size": [
                20,
                1,
                15
              ],
              "uv": [
                0,
                29
              ]
            },
            {
              "origin": [
                -9,
                35,
                -12
              ],
              "size": [
                18,
                2,
                14
              ],
              "uv": [
                55,
                15
              ]
            }
          ]
        },
        {
          "name": "balleye",
          "parent": "head",
          "pivot": [
            -5.5,
            45.5,
            -14
          ],
          "cubes": [
            {
              "origin": [
                -8,
                43,
                -15
              ],
              "size": [
                6,
                6,
                3
              ],
              "uv": [
                132,
                62
              ]
            },
            {
              "origin": [
                -8,
                43,
                -16
              ],
              "size": [
                6,
                6,
                3
              ],
              "inflate": -0.8,
              "uv": [
                132,
                53
              ]
            }
          ]
        },
        {
          "name": "balleye2",
          "parent": "head",
          "pivot": [
            5.5,
            45.5,
            -14
          ],
          "cubes": [
            {
              "origin": [
                2,
                43,
                -15
              ],
              "size": [
                6,
                6,
                3
              ],
              "uv": [
                132,
                44
              ]
            },
            {
              "origin": [
                2,
                43,
                -16
              ],
              "size": [
                6,
                6,
                3
              ],
              "inflate": -0.8,
              "uv": [
                20,
                131
              ]
            }
          ]
        },
        {
          "name": "leftarm",
          "parent": "body",
          "pivot": [
            12,
            29,
            -5
          ],
          "cubes": [
            {
              "origin": [
                8,
                12,
                -7
              ],
              "size": [
                5,
                20,
                5
              ],
              "uv": [
                0,
                113
              ]
            }
          ]
        },
        {
          "name": "leftArm2",
          "parent": "leftarm",
          "pivot": [
            12,
            13,
            -5
          ],
          "cubes": [
            {
              "origin": [
                7,
                7,
                -8
              ],
              "size": [
                7,
                9,
                7
              ],
              "uv": [
                20,
                115
              ]
            },
            {
              "origin": [
                8,
                0,
                -8
              ],
              "size": [
                5,
                7,
                7
              ],
              "uv": [
                48,
                121
              ]
            },
            {
              "origin": [
                9,
                4,
                -11
              ],
              "size": [
                3,
                3,
                4
              ],
              "pivot": [
                10.5,
                5.5,
                -7
              ],
              "rotation": [
                30,
                0,
                0
              ],
              "uv": [
                0,
                7
              ]
            }
          ]
        },
        {
          "name": "rightarm",
          "parent": "body",
          "pivot": [
            -9,
            29,
            -6
          ],
          "cubes": [
            {
              "origin": [
                -13,
                12,
                -8
              ],
              "size": [
                5,
                20,
                5
              ],
              "uv": [
                112,
                47
              ]
            }
          ]
        },
        {
          "name": "rightarm2",
          "parent": "rightarm",
          "pivot": [
            -9,
            13,
            -6
          ],
          "cubes": [
            {
              "origin": [
                -14,
                7,
                -9
              ],
              "size": [
                7,
                9,
                7
              ],
              "uv": [
                113,
                107
              ]
            },
            {
              "origin": [
                -13,
                0,
                -9
              ],
              "size": [
                5,
                7,
                7
              ],
              "uv": [
                20,
                84
              ]
            },
            {
              "origin": [
                -12,
                4,
                -12
              ],
              "size": [
                3,
                3,
                4
              ],
              "pivot": [
                -10.5,
                5.5,
                -8
              ],
              "rotation": [
                30,
                0,
                0
              ],
              "uv": [
                0,
                0
              ]
            }
          ]
        },
        {
          "name": "Rightleg",
          "parent": "root",
          "pivot": [
            -7,
            16,
            10
          ],
          "cubes": [
            {
              "origin": [
                -9,
                8,
                7
              ],
              "size": [
                5,
                8,
                5
              ],
              "uv": [
                72,
                128
              ]
            }
          ]
        },
        {
          "name": "Rightleg2",
          "parent": "Rightleg",
          "pivot": [
            -7,
            8,
            10
          ],
          "cubes": [
            {
              "origin": [
                -9,
                0,
                7
              ],
              "size": [
                5,
                8,
                5
              ],
              "uv": [
                126,
                16
              ]
            }
          ]
        },
        {
          "name": "leftleg",
          "parent": "root",
          "pivot": [
            6,
            16,
            10
          ],
          "cubes": [
            {
              "origin": [
                4,
                8,
                7
              ],
              "size": [
                5,
                8,
                5
              ],
              "uv": [
                115,
                123
              ]
            }
          ]
        },
        {
          "name": "leftleg2",
          "parent": "leftleg",
          "pivot": [
            6,
            8,
            10
          ],
          "cubes": [
            {
              "origin": [
                4,
                0,
                7
              ],
              "size": [
                5,
                8,
                5
              ],
              "uv": [
                95,
                123
              ]
            }
          ]
        }
      ]
    }
  ]
}