{
  "format_version": "1.12.0",
  "minecraft:geometry": [
    {
      "description": {
        "identifier": "geometry.cy_opila_chicks",
        "texture_width": 128,
        "texture_height": 128,
        "visible_bounds_width": 3,
        "visible_bounds_height": 5,
        "visible_bounds_offset": [
          0,
          1.5,
          0
        ]
      },
      "bones": [
        {
          "name": "root",
          "pivot": [
            0,
            -5,
            0
          ]
        },
        {
          "name": "waist",
          "pivot": [
            0,
            -5,
            0
          ],
          "parent": "root"
        },
        {
          "name": "body",
          "pivot": [
            0,
            10,
            0
          ],
          "cubes": [
            {
              "origin": [
                -5.0,
                10.0,
                -7.0
              ],
              "size": [
                10.0,
                10.0,
                13.0
              ],
              "uv": [
                0,
                0
              ],
              "inflate": 0
            },
            {
              "origin": [
                -4.0,
                10.0,
                -9.0
              ],
              "size": [
                8.0,
                12.0,
                6.0
              ],
              "pivot": [
                0.0,
                13.0,
                -8.5
              ],
              "rotation": [
                37.5,
                0.0,
                0.0
              ],
              "uv": [
                34,
                37
              ],
              "inflate": 0
            },
            {
              "origin": [
                -4.0,
                10.0,
                4.0
              ],
              "size": [
                8.0,
                8.0,
                6.0
              ],
              "pivot": [
                0.0,
                15.5,
                9.0
              ],
              "rotation": [
                -25.0,
                0.0,
                0.0
              ],
              "uv": [
                40,
                17
              ],
              "inflate": 0
            }
          ],
          "parent": "waist"
        },
        {
          "name": "Head",
          "pivot": [
            0,
            19,
            -8
          ],
          "cubes": [
            {
              "origin": [
                -5.0,
                20.0,
                -15.0
              ],
              "size": [
                10.0,
                10.0,
                10.0
              ],
              "uv": [
                0,
                23
              ],
              "inflate": 0
            },
            {
              "origin": [
                -1.0,
                21.0,
                -18.0
              ],
              "size": [
                2.0,
                1.0,
                3.0
              ],
              "uv": [
                33,
                9
              ],
              "inflate": 0
            },
            {
              "origin": [
                -2.0,
                22.0,
                -19.0
              ],
              "size": [
                4.0,
                2.0,
                4.0
              ],
              "uv": [
                40,
                31
              ],
              "inflate": 0
            },
            {
              "origin": [
                -4.0,
                30.0,
                -14.0
              ],
              "size": [
                8.0,
                1.0,
                8.0
              ],
              "uv": [
                33,
                0
              ],
              "inflate": 0
            },
            {
              "origin": [
                -1.0,
                31.0,
                -11.0
              ],
              "size": [
                2.0,
                4.0,
                0.0
              ],
              "uv": [
                40,
                31
              ],
              "inflate": 0
            },
            {
              "origin": [
                -2.0,
                31.0,
                -11.0
              ],
              "size": [
                2.0,
                4.0,
                0.0
              ],
              "pivot": [
                0.0,
                31.0,
                -11.0
              ],
              "rotation": [
                0.0,
                0.0,
                -30.0
              ],
              "uv": [
                0,
                0
              ],
              "inflate": 0
            },
            {
              "origin": [
                0.0,
                31.0,
                -11.0
              ],
              "size": [
                2.0,
                4.0,
                0.0
              ],
              "pivot": [
                0.0,
                31.0,
                -11.0
              ],
              "rotation": [
                0.0,
                0.0,
                30.0
              ],
              "uv": [
                8,
                0
              ],
              "inflate": 0
            },
            {
              "origin": [
                -4.0,
                25.0,
                -16.0
              ],
              "size": [
                3.0,
                3.0,
                3.0
              ],
              "uv": [
                57,
                0
              ],
              "inflate": 0
            },
            {
              "origin": [
                1.0,
                25.0,
                -16.0
              ],
              "size": [
                3.0,
                3.0,
                3.0
              ],
              "uv": [
                56,
                37
              ],
              "inflate": 0
            },
            {
              "origin": [
                1.0,
                25.0,
                -16.7
              ],
              "size": [
                3.0,
                3.0,
                3.0
              ],
              "uv": [
                56,
                31
              ],
              "inflate": -0.4
            },
            {
              "origin": [
                -4.0,
                25.0,
                -16.7
              ],
              "size": [
                3.0,
                3.0,
                3.0
              ],
              "uv": [
                49,
                55
              ],
              "inflate": -0.4
            }
          ],
          "parent": "body"
        },
        {
          "name": "Jaw",
          "pivot": [
            0,
            21,
            -15.5
          ],
          "parent": "Head"
        },
        {
          "name": "Wing2",
          "pivot": [
            7,
            15.5,
            -4.75
          ],
          "cubes": [
            {
              "origin": [
                5.0,
                13.0,
                0.0
              ],
              "size": [
                2.0,
                5.0,
                3.0
              ],
              "uv": [
                30,
                23
              ],
              "inflate": 0
            },
            {
              "origin": [
                5.0,
                12.0,
                -4.0
              ],
              "size": [
                2.0,
                7.0,
                4.0
              ],
              "uv": [
                0,
                0
              ],
              "inflate": 0
            },
            {
              "origin": [
                5.0,
                14.0,
                3.0
              ],
              "size": [
                2.0,
                3.0,
                2.0
              ],
              "uv": [
                59,
                59
              ],
              "inflate": 0
            }
          ],
          "parent": "body"
        },
        {
          "name": "Wing3",
          "pivot": [
            -5,
            15.5,
            -4.75
          ],
          "cubes": [
            {
              "origin": [
                -7.0,
                12.0,
                -5.0
              ],
              "size": [
                2.0,
                7.0,
                5.0
              ],
              "uv": [
                35,
                55
              ],
              "inflate": 0
            },
            {
              "origin": [
                -7.0,
                13.0,
                0.0
              ],
              "size": [
                2.0,
                5.0,
                3.0
              ],
              "uv": [
                0,
                23
              ],
              "inflate": 0
            },
            {
              "origin": [
                -7.0,
                14.0,
                3.0
              ],
              "size": [
                2.0,
                3.0,
                2.0
              ],
              "uv": [
                22,
                43
              ],
              "inflate": 0
            }
          ],
          "parent": "body"
        },
        {
          "name": "rightleg",
          "pivot": [
            -3,
            10,
            0
          ],
          "cubes": [
            {
              "origin": [
                -4.0,
                6.0,
                -1.0
              ],
              "size": [
                2.0,
                4.0,
                2.0
              ],
              "uv": [
                0,
                59
              ],
              "inflate": 0
            }
          ],
          "parent": "root"
        },
        {
          "name": "rightleg2",
          "pivot": [
            -3,
            6,
            0
          ],
          "cubes": [
            {
              "origin": [
                -4.0,
                2.0,
                -1.0
              ],
              "size": [
                2.0,
                4.0,
                2.0
              ],
              "uv": [
                27,
                58
              ],
              "inflate": 0
            }
          ],
          "parent": "rightleg"
        },
        {
          "name": "rightfoot",
          "pivot": [
            -3,
            1.6,
            0
          ],
          "cubes": [
            {
              "origin": [
                -4.18,
                -0.18,
                -1.18
              ],
              "size": [
                2.36,
                2.36,
                2.36
              ],
              "uv": [
                8,
                60
              ],
              "inflate": 0
            },
            {
              "origin": [
                -4.0,
                0.0,
                -6.0
              ],
              "size": [
                2.0,
                1.0,
                7.0
              ],
              "uv": [
                11,
                52
              ],
              "inflate": 0
            },
            {
              "origin": [
                -4.0,
                0.0,
                -6.0
              ],
              "size": [
                2.0,
                1.0,
                7.0
              ],
              "pivot": [
                -3.0,
                0.5,
                0.5
              ],
              "rotation": [
                0.0,
                22.5,
                0.0
              ],
              "uv": [
                0,
                51
              ],
              "inflate": 0
            },
            {
              "origin": [
                -4.0,
                0.0,
                -6.0
              ],
              "size": [
                2.0,
                1.0,
                7.0
              ],
              "pivot": [
                -3.0,
                0.5,
                0.5
              ],
              "rotation": [
                0.0,
                -22.5,
                0.0
              ],
              "uv": [
                22,
                48
              ],
              "inflate": 0
            }
          ],
          "parent": "rightleg2"
        },
        {
          "name": "leftleg",
          "pivot": [
            3,
            10,
            0
          ],
          "cubes": [
            {
              "origin": [
                2.0,
                6.0,
                -1.0
              ],
              "size": [
                2.0,
                4.0,
                2.0
              ],
              "uv": [
                57,
                9
              ],
              "inflate": 0
            }
          ],
          "parent": "root"
        },
        {
          "name": "leftleg2",
          "pivot": [
            3,
            5,
            0
          ],
          "cubes": [
            {
              "origin": [
                2.0,
                2.0,
                -1.0
              ],
              "size": [
                2.0,
                4.0,
                2.0
              ],
              "uv": [
                33,
                0
              ],
              "inflate": 0
            }
          ],
          "parent": "leftleg"
        },
        {
          "name": "leftfoot",
          "pivot": [
            3,
            1.6,
            0
          ],
          "cubes": [
            {
              "origin": [
                1.82,
                -0.18,
                -1.18
              ],
              "size": [
                2.36,
                2.36,
                2.36
              ],
              "uv": [
                43,
                9
              ],
              "inflate": 0
            },
            {
              "origin": [
                2.0,
                0.0,
                -6.0
              ],
              "size": [
                2.0,
                1.0,
                7.0
              ],
              "uv": [
                46,
                9
              ],
              "inflate": 0
            },
            {
              "origin": [
                2.0,
                0.0,
                -6.0
              ],
              "size": [
                2.0,
                1.0,
                7.0
              ],
              "pivot": [
                3.0,
                0.5,
                0.5
              ],
              "rotation": [
                0.0,
                22.5,
                0.0
              ],
              "uv": [
                11,
                44
              ],
              "inflate": 0
            },
            {
              "origin": [
                2.0,
                0.0,
                -6.0
              ],
              "size": [
                2.0,
                1.0,
                7.0
              ],
              "pivot": [
                3.0,
                0.5,
                0.5
              ],
              "rotation": [
                0.0,
                -22.5,
                0.0
              ],
              "uv": [
                0,
                43
              ],
              "inflate": 0
            }
          ],
          "parent": "leftleg2"
        }
      ]
    }
  ]
}