{
  "format_version": "1.12.0",
  "minecraft:geometry": [
    {
      "description": {
        "identifier": "geometry.cy_queen_bouncelia",
        "texture_width": 128,
        "texture_height": 128,
        "visible_bounds_width": 3,
        "visible_bounds_height": 3.5,
        "visible_bounds_offset": [
          0,
          1.25,
          0
        ]
      },
      "bones": [
        {
          "name": "root",
          "pivot": [
            0,
            0,
            0
          ]
        },
        {
          "name": "rightleg",
          "parent": "root",
          "pivot": [
            -3,
            16,
            0
          ],
          "cubes": [
            {
              "origin": [
                -4,
                8,
                -1
              ],
              "size": [
                2,
                3,
                2
              ],
              "uv": [
                44,
                59
              ]
            },
            {
              "origin": [
                -4,
                11,
                -2
              ],
              "size": [
                2,
                4,
                4
              ],
              "inflate": 0.5,
              "uv": [
                12,
                53
              ]
            }
          ]
        },
        {
          "name": "rightleg2",
          "parent": "rightleg",
          "pivot": [
            -3,
            8,
            0
          ],
          "cubes": [
            {
              "origin": [
                -4,
                0,
                -1
              ],
              "size": [
                2,
                8,
                2
              ],
              "uv": [
                26,
                19
              ]
            },
            {
              "origin": [
                -4,
                0,
                -4
              ],
              "size": [
                2,
                2,
                3
              ],
              "uv": [
                60,
                58
              ]
            }
          ]
        },
        {
          "name": "leftleg",
          "parent": "root",
          "pivot": [
            3,
            16,
            0
          ],
          "cubes": [
            {
              "origin": [
                2,
                8,
                -1
              ],
              "size": [
                2,
                3,
                2
              ],
              "uv": [
                38,
                24
              ]
            },
            {
              "origin": [
                2,
                11,
                -2
              ],
              "size": [
                2,
                4,
                4
              ],
              "inflate": 0.5,
              "uv": [
                54,
                50
              ]
            }
          ]
        },
        {
          "name": "leftleg2",
          "parent": "leftleg",
          "pivot": [
            3,
            8,
            0
          ],
          "cubes": [
            {
              "origin": [
                2,
                0,
                -1
              ],
              "size": [
                2,
                8,
                2
              ],
              "uv": [
                0,
                19
              ]
            },
            {
              "origin": [
                2,
                0,
                -4
              ],
              "size": [
                2,
                2,
                3
              ],
              "uv": [
                60,
                43
              ]
            }
          ]
        },
        {
          "name": "Body",
          "parent": "root",
          "pivot": [
            0,
            14,
            0
          ],
          "cubes": [
            {
              "origin": [
                -4,
                11,
                -5
              ],
              "size": [
                8,
                10,
                10
              ],
              "uv": [
                0,
                19
              ]
            },
            {
              "origin": [
                -3,
                12,
                5
              ],
              "size": [
                6,
                8,
                1
              ],
              "uv": [
                40,
                50
              ]
            },
            {
              "origin": [
                -3,
                24,
                -10
              ],
              "size": [
                6,
                2,
                5
              ],
              "uv": [
                43,
                43
              ]
            },
            {
              "origin": [
                -4,
                15.06654,
                -7.41543
              ],
              "size": [
                8,
                6,
                6
              ],
              "pivot": [
                0,
                19.06654,
                -6.41543
              ],
              "rotation": [
                -70,
                0,
                0
              ],
              "uv": [
                38,
                12
              ]
            },
            {
              "origin": [
                -4,
                17.63816,
                -10.51622
              ],
              "size": [
                8,
                6,
                6
              ],
              "pivot": [
                0,
                21.13816,
                -7.01622
              ],
              "rotation": [
                -90,
                0,
                0
              ],
              "uv": [
                38,
                0
              ]
            },
            {
              "origin": [
                -4,
                13.03109,
                -6.58013
              ],
              "size": [
                8,
                7,
                4
              ],
              "pivot": [
                1,
                16.53109,
                -7.58013
              ],
              "rotation": [
                -30,
                0,
                0
              ],
              "uv": [
                0,
                39
              ]
            }
          ]
        },
        {
          "name": "tail",
          "parent": "Body",
          "pivot": [
            -1,
            14,
            7
          ],
          "rotation": [
            -50,
            0,
            0
          ],
          "cubes": [
            {
              "origin": [
                -2,
                12.24168,
                2.48838
              ],
              "size": [
                4,
                3,
                4
              ],
              "pivot": [
                0,
                13.24168,
                4.48838
              ],
              "rotation": [
                -20,
                0,
                0
              ],
              "uv": [
                54,
                24
              ]
            },
            {
              "origin": [
                -2,
                12.24168,
                6.48838
              ],
              "size": [
                4,
                3,
                4
              ],
              "pivot": [
                0,
                13.24168,
                4.48838
              ],
              "rotation": [
                -20,
                0,
                0
              ],
              "uv": [
                0,
                50
              ]
            },
            {
              "origin": [
                -2,
                12.24168,
                10.48838
              ],
              "size": [
                4,
                3,
                4
              ],
              "pivot": [
                0,
                13.24168,
                4.48838
              ],
              "rotation": [
                -20,
                0,
                0
              ],
              "uv": [
                49,
                36
              ]
            },
            {
              "origin": [
                -2,
                9.53297,
                12.81702
              ],
              "size": [
                4,
                3,
                8
              ],
              "pivot": [
                0,
                11.03297,
                14.81702
              ],
              "rotation": [
                22.5,
                0,
                0
              ],
              "uv": [
                38,
                24
              ]
            }
          ]
        },
        {
          "name": "head",
          "parent": "Body",
          "pivot": [
            0,
            27,
            -7
          ],
          "cubes": [
            {
              "origin": [
                -5,
                26,
                -12
              ],
              "size": [
                10,
                10,
                9
              ],
              "uv": [
                0,
                0
              ]
            },
            {
              "origin": [
                -3,
                26,
                -16
              ],
              "size": [
                6,
                4,
                4
              ],
              "uv": [
                20,
                48
              ]
            }
          ]
        },
        {
          "name": "eye",
          "parent": "head",
          "pivot": [
            2.6,
            33,
            -11.6
          ],
          "cubes": [
            {
              "origin": [
                0.6,
                31,
                -12.6
              ],
              "size": [
                4,
                4,
                2
              ],
              "uv": [
                24,
                56
              ]
            }
          ]
        },
        {
          "name": "eye2",
          "parent": "head",
          "pivot": [
            -2.4,
            33,
            -11.6
          ],
          "cubes": [
            {
              "origin": [
                -4.6,
                31,
                -12.6
              ],
              "size": [
                4,
                4,
                2
              ],
              "uv": [
                29,
                0
              ]
            }
          ]
        },
        {
          "name": "kinghat",
          "parent": "head",
          "pivot": [
            0,
            36,
            -9
          ],
          "cubes": [
            {
              "origin": [
                -3,
                36,
                -10
              ],
              "size": [
                6,
                2,
                6
              ],
              "uv": [
                24,
                40
              ]
            },
            {
              "origin": [
                -3,
                38,
                -10
              ],
              "size": [
                1,
                2,
                0
              ],
              "uv": [
                8,
                27
              ]
            },
            {
              "origin": [
                -3,
                38,
                -4
              ],
              "size": [
                1,
                2,
                0
              ],
              "uv": [
                0,
                0
              ]
            },
            {
              "origin": [
                -3,
                38,
                -5
              ],
              "size": [
                0,
                2,
                1
              ],
              "uv": [
                8,
                24
              ]
            },
            {
              "origin": [
                -3,
                38,
                -10
              ],
              "size": [
                0,
                2,
                1
              ],
              "uv": [
                8,
                22
              ]
            },
            {
              "origin": [
                3,
                38,
                -10
              ],
              "size": [
                0,
                2,
                1
              ],
              "uv": [
                8,
                20
              ]
            },
            {
              "origin": [
                3,
                38,
                -8
              ],
              "size": [
                0,
                2,
                2
              ],
              "uv": [
                32,
                17
              ]
            },
            {
              "origin": [
                -3,
                38,
                -8
              ],
              "size": [
                0,
                2,
                2
              ],
              "uv": [
                6,
                17
              ]
            },
            {
              "origin": [
                3,
                38,
                -5
              ],
              "size": [
                0,
                2,
                1
              ],
              "uv": [
                0,
                18
              ]
            },
            {
              "origin": [
                -1,
                38,
                -10
              ],
              "size": [
                2,
                2,
                0
              ],
              "uv": [
                34,
                21
              ]
            },
            {
              "origin": [
                -1,
                38,
                -4
              ],
              "size": [
                2,
                2,
                0
              ],
              "uv": [
                33,
                6
              ]
            },
            {
              "origin": [
                2,
                38,
                -10
              ],
              "size": [
                1,
                2,
                0
              ],
              "uv": [
                26,
                19
              ]
            },
            {
              "origin": [
                2,
                38,
                -4
              ],
              "size": [
                1,
                2,
                0
              ],
              "uv": [
                6,
                0
              ]
            }
          ]
        },
        {
          "name": "ear",
          "parent": "head",
          "pivot": [
            3.5,
            35,
            -7
          ],
          "rotation": [
            0,
            0,
            30
          ],
          "cubes": [
            {
              "origin": [
                2,
                34,
                -8
              ],
              "size": [
                3,
                4,
                2
              ],
              "uv": [
                60,
                12
              ]
            }
          ]
        },
        {
          "name": "ear2",
          "parent": "head",
          "pivot": [
            -3.5,
            35,
            -7
          ],
          "rotation": [
            0,
            0,
            -30
          ],
          "cubes": [
            {
              "origin": [
                -5,
                34,
                -8
              ],
              "size": [
                3,
                4,
                2
              ],
              "uv": [
                60,
                0
              ]
            }
          ]
        },
        {
          "name": "rightarm",
          "parent": "Body",
          "pivot": [
            -5,
            21,
            -7
          ],
          "cubes": [
            {
              "origin": [
                -6,
                14,
                -8
              ],
              "size": [
                2,
                7,
                2
              ],
              "uv": [
                36,
                59
              ]
            }
          ]
        },
        {
          "name": "rightarm2",
          "parent": "rightarm",
          "pivot": [
            -5,
            14.25,
            -7
          ],
          "rotation": [
            -50,
            0,
            0
          ],
          "cubes": [
            {
              "origin": [
                -6,
                7,
                -8
              ],
              "size": [
                2,
                7,
                2
              ],
              "uv": [
                52,
                58
              ]
            },
            {
              "origin": [
                -6,
                7,
                -8
              ],
              "size": [
                2,
                2,
                2
              ],
              "inflate": 0.3,
              "uv": [
                16,
                61
              ]
            }
          ]
        },
        {
          "name": "stick",
          "parent": "rightarm2",
          "pivot": [
            -5,
            7.5,
            -6.5
          ],
          "cubes": [
            {
              "origin": [
                -5.5,
                5.59582,
                -22.40344
              ],
              "size": [
                1,
                1,
                3
              ],
              "pivot": [
                -5,
                6.09582,
                -22.40344
              ],
              "rotation": [
                30,
                0,
                0
              ],
              "uv": [
                59,
                32
              ]
            },
            {
              "origin": [
                -5.5,
                8.40418,
                -22.40344
              ],
              "size": [
                1,
                1,
                3
              ],
              "pivot": [
                -5,
                8.90418,
                -22.40344
              ],
              "rotation": [
                -30,
                0,
                0
              ],
              "uv": [
                38,
                35
              ]
            },
            {
              "origin": [
                -5.5,
                7,
                -18
              ],
              "size": [
                1,
                1,
                15
              ],
              "uv": [
                21,
                24
              ]
            },
            {
              "origin": [
                -5.5,
                8.90418,
                -22.03742
              ],
              "size": [
                1,
                1,
                2
              ],
              "pivot": [
                -5,
                9.40418,
                -21.03742
              ],
              "rotation": [
                30,
                0,
                0
              ],
              "uv": [
                38,
                29
              ]
            },
            {
              "origin": [
                -5.5,
                5.09582,
                -22.03742
              ],
              "size": [
                1,
                1,
                2
              ],
              "pivot": [
                -5,
                5.59582,
                -21.03742
              ],
              "rotation": [
                -30,
                0,
                0
              ],
              "uv": [
                29,
                6
              ]
            },
            {
              "origin": [
                -5.5,
                4.1528,
                -20.32767
              ],
              "size": [
                1,
                4,
                2
              ],
              "pivot": [
                -5,
                6.6528,
                -18.82767
              ],
              "rotation": [
                -50,
                0,
                0
              ],
              "uv": [
                24,
                40
              ]
            },
            {
              "origin": [
                -5.5,
                6.8472,
                -20.32767
              ],
              "size": [
                1,
                4,
                2
              ],
              "pivot": [
                -5,
                8.3472,
                -18.82767
              ],
              "rotation": [
                50,
                0,
                0
              ],
              "uv": [
                38,
                12
              ]
            }
          ]
        },
        {
          "name": "leftarm",
          "parent": "Body",
          "pivot": [
            5,
            21,
            -7
          ],
          "cubes": [
            {
              "origin": [
                4,
                14,
                -8
              ],
              "size": [
                2,
                7,
                2
              ],
              "uv": [
                0,
                57
              ]
            }
          ]
        },
        {
          "name": "leftarm2",
          "parent": "leftarm",
          "pivot": [
            5,
            14.25,
            -7
          ],
          "rotation": [
            -50,
            0,
            0
          ],
          "cubes": [
            {
              "origin": [
                4,
                7,
                -8
              ],
              "size": [
                2,
                7,
                2
              ],
              "uv": [
                0,
                0
              ]
            },
            {
              "origin": [
                4,
                7,
                -8
              ],
              "size": [
                2,
                2,
                2
              ],
              "inflate": 0.3,
              "uv": [
                8,
                61
              ]
            }
          ]
        }
      ]
    }
  ]
}