{
  "format_version": "1.12.0",
  "minecraft:geometry": [
    {
      "description": {
        "identifier": "geometry.cy_tamataki_chamataki",
        "texture_width": 128,
        "texture_height": 128,
        "visible_bounds_width": 5,
        "visible_bounds_height": 3.5,
        "visible_bounds_offset": [
          0,
          1.25,
          0
        ]
      },
      "bones": [
        {
          "name": "root",
          "pivot": [
            0,
            0,
            0
          ]
        },
        {
          "name": "body",
          "parent": "root",
          "pivot": [
            -1,
            15,
            2
          ],
          "cubes": [
            {
              "origin": [
                -8,
                15,
                -7
              ],
              "size": [
                16,
                12,
                16
              ],
              "uv": [
                0,
                0
              ]
            },
            {
              "origin": [
                -8,
                20.36231,
                13.49951
              ],
              "size": [
                16,
                1,
                1
              ],
              "uv": [
                44,
                43
              ]
            },
            {
              "origin": [
                -8,
                20.63769,
                13.49951
              ],
              "size": [
                16,
                1,
                1
              ],
              "uv": [
                44,
                41
              ]
            },
            {
              "origin": [
                -8,
                19.80304,
                4.71139
              ],
              "size": [
                16,
                5,
                8
              ],
              "pivot": [
                -1,
                21.30304,
                9.21139
              ],
              "rotation": [
                -50,
                0,
                0
              ],
              "uv": [
                44,
                28
              ]
            },
            {
              "origin": [
                -8,
                17.91138,
                6.24348
              ],
              "size": [
                16,
                5,
                7
              ],
              "pivot": [
                -1,
                19.41138,
                10.74348
              ],
              "rotation": [
                50,
                0,
                0
              ],
              "uv": [
                48,
                0
              ]
            },
            {
              "origin": [
                -7,
                16,
                -8
              ],
              "size": [
                15,
                10,
                1
              ],
              "uv": [
                64,
                12
              ]
            },
            {
              "origin": [
                8,
                20.5,
                -7
              ],
              "size": [
                1,
                1,
                20
              ],
              "uv": [
                22,
                29
              ]
            },
            {
              "origin": [
                -9,
                20.5,
                -7
              ],
              "size": [
                1,
                1,
                20
              ],
              "uv": [
                0,
                28
              ]
            }
          ]
        },
        {
          "name": "neck",
          "parent": "body",
          "pivot": [
            -3,
            21,
            -9
          ],
          "rotation": [
            0,
            10,
            0
          ],
          "cubes": [
            {
              "origin": [
                -6,
                18,
                -14
              ],
              "size": [
                5,
                5,
                7
              ],
              "uv": [
                73,
                63
              ]
            },
            {
              "origin": [
                -6,
                18.09808,
                -18.36603
              ],
              "size": [
                5,
                5,
                6
              ],
              "pivot": [
                -3,
                21.09808,
                -13.36603
              ],
              "rotation": [
                -30,
                0,
                0
              ],
              "uv": [
                24,
                83
              ]
            }
          ]
        },
        {
          "name": "head",
          "parent": "neck",
          "pivot": [
            -4,
            21,
            -18
          ],
          "cubes": [
            {
              "origin": [
                -9,
                21,
                -23
              ],
              "size": [
                10,
                10,
                10
              ],
              "uv": [
                40,
                50
              ]
            }
          ]
        },
        {
          "name": "neck2",
          "parent": "body",
          "pivot": [
            4,
            21,
            -9
          ],
          "rotation": [
            0,
            -10,
            0
          ],
          "cubes": [
            {
              "origin": [
                1,
                18,
                -14
              ],
              "size": [
                6,
                5,
                7
              ],
              "uv": [
                52,
                70
              ]
            },
            {
              "origin": [
                1,
                18.09808,
                -18.36603
              ],
              "size": [
                6,
                5,
                6
              ],
              "pivot": [
                4,
                21.09808,
                -13.36603
              ],
              "rotation": [
                -30,
                0,
                0
              ],
              "uv": [
                46,
                82
              ]
            }
          ]
        },
        {
          "name": "head2",
          "parent": "neck2",
          "pivot": [
            4,
            21,
            -18
          ],
          "cubes": [
            {
              "origin": [
                -1,
                21,
                -23
              ],
              "size": [
                10,
                10,
                10
              ],
              "uv": [
                0,
                50
              ]
            },
            {
              "origin": [
                1,
                30.72339,
                -20.70569
              ],
              "size": [
                6,
                4,
                6
              ],
              "pivot": [
                4.5,
                30.72339,
                -15.70569
              ],
              "rotation": [
                35,
                0,
                0
              ],
              "uv": [
                0,
                83
              ]
            }
          ]
        },
        {
          "name": "mg",
          "parent": "head2",
          "pivot": [
            3.5,
            23.5,
            -20.5
          ],
          "rotation": [
            30,
            0,
            0
          ],
          "cubes": [
            {
              "origin": [
                2,
                23,
                -26
              ],
              "size": [
                4,
                1,
                5
              ],
              "uv": [
                87,
                0
              ]
            }
          ]
        },
        {
          "name": "tail",
          "parent": "body",
          "pivot": [
            -1,
            18,
            12
          ],
          "cubes": [
            {
              "origin": [
                -3,
                31.00355,
                15.80061
              ],
              "size": [
                5,
                5,
                8
              ],
              "pivot": [
                -0.5,
                33.50355,
                19.80061
              ],
              "rotation": [
                10,
                0,
                0
              ],
              "uv": [
                70,
                41
              ]
            },
            {
              "origin": [
                -3,
                28.09983,
                13.77122
              ],
              "size": [
                5,
                5,
                5
              ],
              "pivot": [
                -0.5,
                30.59983,
                14.77122
              ],
              "rotation": [
                50,
                0,
                0
              ],
              "uv": [
                22,
                38
              ]
            },
            {
              "origin": [
                -3,
                26.44076,
                12.21332
              ],
              "size": [
                5,
                5,
                5
              ],
              "uv": [
                22,
                28
              ]
            },
            {
              "origin": [
                -3,
                18,
                11
              ],
              "size": [
                5,
                5,
                8
              ],
              "uv": [
                0,
                70
              ]
            },
            {
              "origin": [
                -3,
                29.50316,
                19.74402
              ],
              "size": [
                5,
                6,
                5
              ],
              "pivot": [
                -0.5,
                32.00316,
                20.74402
              ],
              "rotation": [
                20,
                0,
                0
              ],
              "uv": [
                0,
                28
              ]
            },
            {
              "origin": [
                -3,
                26.00171,
                18.37487
              ],
              "size": [
                5,
                5,
                7
              ],
              "pivot": [
                -0.5,
                28.50171,
                22.37487
              ],
              "rotation": [
                80,
                0,
                0
              ],
              "uv": [
                71,
                75
              ]
            },
            {
              "origin": [
                -3,
                20.17115,
                15.65604
              ],
              "size": [
                5,
                5,
                8
              ],
              "pivot": [
                -0.5,
                22.67115,
                19.65604
              ],
              "rotation": [
                50,
                0,
                0
              ],
              "uv": [
                26,
                70
              ]
            }
          ]
        },
        {
          "name": "leftleg",
          "parent": "root",
          "pivot": [
            6,
            16,
            -5
          ],
          "cubes": [
            {
              "origin": [
                3.5,
                8,
                -6.5
              ],
              "size": [
                4,
                8,
                4
              ],
              "uv": [
                88,
                37
              ]
            }
          ]
        },
        {
          "name": "leftleg2",
          "parent": "leftleg",
          "pivot": [
            6,
            8,
            -5
          ],
          "cubes": [
            {
              "origin": [
                3.5,
                0,
                -6.5
              ],
              "size": [
                4,
                8,
                4
              ],
              "uv": [
                86,
                87
              ]
            },
            {
              "origin": [
                3.5,
                0,
                -8.5
              ],
              "size": [
                4,
                4,
                6
              ],
              "uv": [
                84,
                23
              ]
            }
          ]
        },
        {
          "name": "leftleg3",
          "parent": "root",
          "pivot": [
            7,
            16,
            8
          ],
          "cubes": [
            {
              "origin": [
                5.5,
                8,
                6.5
              ],
              "size": [
                2,
                8,
                2
              ],
              "uv": [
                16,
                93
              ]
            }
          ]
        },
        {
          "name": "leftleg4",
          "parent": "leftleg3",
          "pivot": [
            7,
            8,
            8
          ],
          "cubes": [
            {
              "origin": [
                5.5,
                0,
                6.5
              ],
              "size": [
                2,
                8,
                2
              ],
              "uv": [
                8,
                93
              ]
            },
            {
              "origin": [
                5.5,
                0,
                2.5
              ],
              "size": [
                2,
                2,
                4
              ],
              "uv": [
                70,
                54
              ]
            },
            {
              "origin": [
                3.5,
                0,
                3.5
              ],
              "size": [
                2,
                2,
                6
              ],
              "pivot": [
                5,
                1,
                6.5
              ],
              "rotation": [
                0,
                50,
                0
              ],
              "uv": [
                91,
                49
              ]
            },
            {
              "origin": [
                6.5,
                0,
                0.5
              ],
              "size": [
                2,
                2,
                7
              ],
              "pivot": [
                5,
                1,
                6.5
              ],
              "rotation": [
                0,
                -50,
                0
              ],
              "uv": [
                80,
                54
              ]
            }
          ]
        },
        {
          "name": "rightleg3",
          "parent": "root",
          "pivot": [
            -5,
            16,
            6
          ],
          "cubes": [
            {
              "origin": [
                -7.5,
                8,
                4.5
              ],
              "size": [
                4,
                8,
                4
              ],
              "uv": [
                70,
                87
              ]
            }
          ]
        },
        {
          "name": "rightleg4",
          "parent": "rightleg3",
          "pivot": [
            -5,
            8,
            6
          ],
          "cubes": [
            {
              "origin": [
                -7.5,
                0,
                4.5
              ],
              "size": [
                4,
                8,
                4
              ],
              "uv": [
                0,
                0
              ]
            },
            {
              "origin": [
                -7.5,
                0,
                2.5
              ],
              "size": [
                4,
                4,
                6
              ],
              "uv": [
                30,
                50
              ]
            }
          ]
        },
        {
          "name": "rightleg",
          "parent": "root",
          "pivot": [
            -6,
            16,
            -5
          ],
          "cubes": [
            {
              "origin": [
                -7.5,
                8,
                -6.5
              ],
              "size": [
                2,
                8,
                2
              ],
              "uv": [
                0,
                93
              ]
            }
          ]
        },
        {
          "name": "rightleg2",
          "parent": "rightleg",
          "pivot": [
            -6,
            8,
            -5
          ],
          "cubes": [
            {
              "origin": [
                -7.5,
                0,
                -6.5
              ],
              "size": [
                2,
                8,
                2
              ],
              "uv": [
                0,
                49
              ]
            },
            {
              "origin": [
                -7.5,
                0,
                -10.5
              ],
              "size": [
                2,
                2,
                4
              ],
              "uv": [
                44,
                70
              ]
            },
            {
              "origin": [
                -9.5,
                0,
                -9.5
              ],
              "size": [
                2,
                2,
                6
              ],
              "pivot": [
                -8,
                1,
                -6.5
              ],
              "rotation": [
                0,
                50,
                0
              ],
              "uv": [
                18,
                70
              ]
            },
            {
              "origin": [
                -6.5,
                0,
                -12.5
              ],
              "size": [
                2,
                2,
                7
              ],
              "pivot": [
                -8,
                1,
                -6.5
              ],
              "rotation": [
                0,
                -50,
                0
              ],
              "uv": [
                0,
                39
              ]
            }
          ]
        }
      ]
    }
  ]
}