{
  "format_version": "1.10.0",
  "render_controllers": {
    "controller.render.e_sat": {
      "textures": [ "Array.e[ math.floor(q.count([q.get_nearby_entities(71.5)])) ]" ],
      "is_hurt_color": { },
      "on_fire_color": { },
      "overlay_color": { "r": "1.0", "g": "1.0", "b": "1.0", "a": 1.0 }, 
      "geometry": "Geometry.e_sat",
      "materials": [ { "*": "Material.default" } ],
      "arrays": {
        "textures": {
          "Array.e": [
            "Texture.nol", 
            "Texture.satu", 
            "Texture.dua", 
            "Texture.tiga", 
            "Texture.empat", 
            "Texture.lima", 
            "Texture.enam", 
            "Texture.tujuh", 
            "Texture.delapan", 
            "Texture.sembilan"
          ]
        }
      }
    }, 
    
    "controller.render.e_pul": {
      "textures": [ "Array.e[ math.floor(q.count([q.get_nearby_entities(71.5)])/10) ]" ],
      "is_hurt_color": { },
      "on_fire_color": { },
      "overlay_color": { "r": "1.0", "g": "1.0", "b": "1.0", "a": 1.0 }, 
      "geometry": "Geometry.e_pul",
      "part_visibility": [ { "*": "q.count([q.get_nearby_entities(71.5)]) >= 10" } ], 
      "materials": [ { "*": "Material.default" } ],
      "arrays": {
        "textures": {
          "Array.e": [
            "Texture.nol", 
            "Texture.satu", 
            "Texture.dua", 
            "Texture.tiga", 
            "Texture.empat", 
            "Texture.lima", 
            "Texture.enam", 
            "Texture.tujuh", 
            "Texture.delapan", 
            "Texture.sembilan"
          ]
        }
      }
    }, 
    
    "controller.render.e_rat": {
      "textures": [ "Array.e[ math.floor(q.count([q.get_nearby_entities(71.5)])/100) ]" ],
      "is_hurt_color": { },
      "on_fire_color": { },
      "overlay_color": { "r": "1.0", "g": "1.0", "b": "1.0", "a": 1.0 }, 
      "geometry": "Geometry.e_rat",
      "part_visibility": [ { "*": "q.count([q.get_nearby_entities(71.5)]) >= 100" } ], 
      "materials": [ { "*": "Material.default" } ],
      "arrays": {
        "textures": {
          "Array.e": [
            "Texture.nol", 
            "Texture.satu", 
            "Texture.dua", 
            "Texture.tiga", 
            "Texture.empat", 
            "Texture.lima", 
            "Texture.enam", 
            "Texture.tujuh", 
            "Texture.delapan", 
            "Texture.sembilan"
          ]
        }
      }
    }, 
    
    "controller.render.e_rib": {
      "textures": [ "Array.e[ math.floor(q.count([q.get_nearby_entities(71.5)])/1000) ]" ],
      "is_hurt_color": { },
      "on_fire_color": { },
      "overlay_color": { "r": "1.0", "g": "1.0", "b": "1.0", "a": 1.0 }, 
      "geometry": "Geometry.e_rib",
      "part_visibility": [ { "*": "q.count([q.get_nearby_entities(71.5)]) >= 1000" } ], 
      "materials": [ { "*": "Material.default" } ],
      "arrays": {
        "textures": {
          "Array.e": [
            "Texture.nol", 
            "Texture.satu", 
            "Texture.dua", 
            "Texture.tiga", 
            "Texture.empat", 
            "Texture.lima", 
            "Texture.enam", 
            "Texture.tujuh", 
            "Texture.delapan", 
            "Texture.sembilan"
          ]
        }
      }
    }, 
    
    "controller.render.e_pulrib": {
      "textures": [ "Array.e[ math.floor(q.count([q.get_nearby_entities(71.5)])/10000) ]" ],
      "is_hurt_color": { },
      "on_fire_color": { },
      "overlay_color": { "r": "1.0", "g": "1.0", "b": "1.0", "a": 1.0 }, 
      "geometry": "Geometry.e_pulrib",
      "part_visibility": [ { "*": "q.count([q.get_nearby_entities(71.5)]) >= 10000" } ], 
      "materials": [ { "*": "Material.default" } ],
      "arrays": {
        "textures": {
          "Array.e": [
            "Texture.nol", 
            "Texture.satu", 
            "Texture.dua", 
            "Texture.tiga", 
            "Texture.empat", 
            "Texture.lima", 
            "Texture.enam", 
            "Texture.tujuh", 
            "Texture.delapan", 
            "Texture.sembilan"
          ]
        }
      }
    }, 
    
    "controller.render.e_ratrib": {
      "textures": [ "Array.e[ math.floor(q.count([q.get_nearby_entities(71.5)])/100000) ]" ],
      "is_hurt_color": { },
      "on_fire_color": { },
      "overlay_color": { "r": "1.0", "g": "1.0", "b": "1.0", "a": 1.0 }, 
      "geometry": "Geometry.e_ratrib",
      "part_visibility": [ { "*": "q.count([q.get_nearby_entities(71.5)]) >= 100000" } ], 
      "materials": [ { "*": "Material.default" } ],
      "arrays": {
        "textures": {
          "Array.e": [
            "Texture.nol", 
            "Texture.satu", 
            "Texture.dua", 
            "Texture.tiga", 
            "Texture.empat", 
            "Texture.lima", 
            "Texture.enam", 
            "Texture.tujuh", 
            "Texture.delapan", 
            "Texture.sembilan"
          ]
        }
      }
    }, 
    
    "controller.render.e_jt": {
      "textures": [ "Array.e[ math.floor(q.count([q.get_nearby_entities(71.5)])/1000000) ]" ],
      "is_hurt_color": { },
      "on_fire_color": { },
      "overlay_color": { "r": "1.0", "g": "1.0", "b": "1.0", "a": 1.0 }, 
      "geometry": "Geometry.e_jt",
      "part_visibility": [ { "*": "q.count([q.get_nearby_entities(71.5)]) >= 1000000" } ], 
      "materials": [ { "*": "Material.default" } ],
      "arrays": {
        "textures": {
          "Array.e": [
            "Texture.nol", 
            "Texture.satu", 
            "Texture.dua", 
            "Texture.tiga", 
            "Texture.empat", 
            "Texture.lima", 
            "Texture.enam", 
            "Texture.tujuh", 
            "Texture.delapan", 
            "Texture.sembilan"
          ]
        }
      }
    }, 
    
    "controller.render.e": {
      "textures": [ "Texture.e" ],
      "is_hurt_color": { },
      "on_fire_color": { },
      "overlay_color": { "r": "1.0", "g": "1.0", "b": "1.0", "a": 1.0 }, 
      "geometry": "Geometry.e",
      "materials": [ { "*": "Material.default" } ]
    }, 
    
    "controller.render.e_bg": {
      "textures": [ "Texture.bbg" ],
      "is_hurt_color": { "r": "1.0", "g": "1.0", "b": "1.0", "a": 0.1 },
      "on_fire_color": { "r": "1.0", "g": "1.0", "b": "1.0", "a": 0.1 }, 
      "overlay_color": { "r": "1.0", "g": "1.0", "b": "1.0", "a": 0.1 }, 
      "geometry": "Geometry.e_bg",
      "materials": [ { "*": "Material.default" } ]
    }
  }
}