{
  "format_version": "1.12.0",
  "minecraft:geometry": [
    {
      "description": {
        "identifier": "geometry.yg_banbaleena",
        "texture_width": 64,
        "texture_height": 64,
        "visible_bounds_width": 3,
        "visible_bounds_height": 6,
        "visible_bounds_offset": [
          0,
          1,
          0
        ]
      },
      "bones": [
        {
          "name": "Root",
          "pivot": [
            0,
            28,
            0
          ]
        },
        {
          "name": "Body",
          "pivot": [
            0,
            14,
            0
          ],
          "cubes": [
            {
              "origin": [
                -4.0,
                14.0,
                -2.5
              ],
              "size": [
                8.0,
                14.0,
                5.0
              ],
              "uv": [
                0,
                17
              ],
              "inflate": 0
            }
          ],
          "parent": "Root"
        },
        {
          "name": "Head",
          "pivot": [
            0,
            28,
            0
          ],
          "cubes": [
            {
              "origin": [
                -4.0,
                28.0,
                -4.0
              ],
              "size": [
                8.0,
                9.0,
                8.0
              ],
              "uv": [
                0,
                0
              ],
              "inflate": 0
            },
            {
              "origin": [
                -3.5,
                32.0,
                -4.96593
              ],
              "size": [
                3.0,
                3.0,
                2.0
              ],
              "pivot": [
                -2.0,
                33.5,
                -3.96593
              ],
              "rotation": [
                0.0,
                15.0,
                0.0
              ],
              "uv": [
                0,
                36
              ],
              "inflate": 0
            },
            {
              "origin": [
                -3.11551,
                32.5,
                -5.05614
              ],
              "size": [
                2.0,
                2.0,
                1.0
              ],
              "pivot": [
                -2.11551,
                33.5,
                -4.55614
              ],
              "rotation": [
                0.0,
                15.0,
                0.0
              ],
              "uv": [
                0,
                0
              ],
              "inflate": 0
            },
            {
              "origin": [
                1.11551,
                32.5,
                -5.05614
              ],
              "size": [
                2.0,
                2.0,
                1.0
              ],
              "pivot": [
                2.11551,
                33.5,
                -4.55614
              ],
              "rotation": [
                0.0,
                -15.0,
                0.0
              ],
              "uv": [
                0,
                0
              ],
              "inflate": 0,
              "mirror": true
            },
            {
              "origin": [
                0.5,
                32.0,
                -4.96593
              ],
              "size": [
                3.0,
                3.0,
                2.0
              ],
              "pivot": [
                2.0,
                33.5,
                -3.96593
              ],
              "rotation": [
                0.0,
                -15.0,
                0.0
              ],
              "uv": [
                0,
                36
              ],
              "inflate": 0,
              "mirror": true
            },
            {
              "origin": [
                -3.5,
                37.0,
                -1.5
              ],
              "size": [
                3.0,
                5.0,
                3.0
              ],
              "uv": [
                32,
                8
              ],
              "inflate": 0
            },
            {
              "origin": [
                -0.5,
                36.93058,
                -1.6
              ],
              "size": [
                5.0,
                4.0,
                0.0
              ],
              "uv": [
                32,
                35
              ],
              "inflate": 0
            },
            {
              "origin": [
                0.5,
                37.0,
                -1.5
              ],
              "size": [
                3.0,
                5.0,
                3.0
              ],
              "uv": [
                24,
                0
              ],
              "inflate": 0
            }
          ],
          "parent": "Body"
        },
        {
          "name": "Rightarm",
          "pivot": [
            -4,
            26.5,
            0
          ],
          "cubes": [
            {
              "origin": [
                -7.0,
                13.0,
                -2.0
              ],
              "size": [
                3.0,
                15.0,
                4.0
              ],
              "uv": [
                22,
                35
              ],
              "inflate": 0
            }
          ],
          "parent": "Body"
        },
        {
          "name": "Leftarm",
          "pivot": [
            4,
            26.5,
            0
          ],
          "cubes": [
            {
              "origin": [
                4.0,
                13.0,
                -2.0
              ],
              "size": [
                3.0,
                15.0,
                4.0
              ],
              "uv": [
                22,
                35
              ],
              "inflate": 0,
              "mirror": true
            }
          ],
          "parent": "Body"
        },
        {
          "name": "Rightleg",
          "pivot": [
            -2.5,
            14,
            0
          ],
          "cubes": [
            {
              "origin": [
                -4.5,
                0.0,
                -2.0
              ],
              "size": [
                4.0,
                14.0,
                4.0
              ],
              "uv": [
                26,
                17
              ],
              "inflate": 0
            }
          ],
          "parent": "Root"
        },
        {
          "name": "Leftleg",
          "pivot": [
            2.5,
            14,
            0
          ],
          "cubes": [
            {
              "origin": [
                0.5,
                0.0,
                -2.0
              ],
              "size": [
                4.0,
                14.0,
                4.0
              ],
              "uv": [
                26,
                17
              ],
              "inflate": 0,
              "mirror": true
            }
          ],
          "parent": "Root"
        }
      ]
    }
  ]
}