{
  "tiers": [
    {
      "trades": [
        {
          "wants": [
            {
              "item": "minecraft:gold_ingot",
              "quantity": {
                "min": 10,
                "max": 10
              }
            }
          ],
          "gives": [
            {
              "item": "ic:lockpick"
            }
          ]
        },
        {
          "wants": [
            {
              "item": "minecraft:gold_ingot",
              "quantity": {
                "min": 10,
                "max": 10
              }
            }
          ],
          "gives": [
            {
              "item": "ic:vitamins"
            }
          ]
        },
        {
          "wants": [
            {
              "item": "minecraft:gold_ingot",
              "quantity": {
                "min": 15,
                "max": 15
              }
            }
          ],
          "gives": [
            {
              "item": "ic:lighter"
            }
          ]
        },
        {
          "wants": [
            {
              "item": "minecraft:gold_ingot",
              "quantity": {
                "min": 20,
                "max": 20
              }
            }
          ],
          "gives": [
            {
              "item": "ic:flashlight"
            }
          ]
        },
        {
          "wants": [
            {
              "item": "minecraft:gold_ingot",
              "quantity": {
                "min": 40,
                "max": 40
              }
            }
          ],
          "gives": [
            {
              "item": "ic:crucifix"
            }
          ]
        },
        {
          "wants": [
            {
              "item": "minecraft:gold_ingot",
              "quantity": {
                "min": 40,
                "max": 40
              }
            }
          ],
          "gives": [
            {
              "item": "ic:key_skull"
            }
          ]
        }    
      ]
    }
  ]
}
