{
	"format_version": "1.8.0",
	"animations": {
		"animation.slayer.jump": {
			"loop": true,
			"bones": {
				"Head": {
					"rotation": [22.5, 0, 0]
				},
				"RightArm": {
					"rotation": [15, 0, 22.5]
				},
				"LeftArm": {
					"rotation": [17.5, 0, -37.5]
				},
				"RightLeg": {
					"rotation": [15.19403, -0.40968, 12.98285],
					"position": [0, 3, -4]
				},
				"LeftLeg": {
					"rotation": [20, 0, 0],
					"position": [0, 0, -1]
				}
			}
		},
		"animation.demon.jump": {
			"loop": true,
			"bones": {
				"waist": {
					"rotation": [22.5, 0, 0]
				},
				"Head": {
					"rotation": [-7.5, 0, 0]
				},
				"RightArm": {
					"rotation": [17.5, 0, 20]
				},
				"LeftArm": {
					"rotation": [31.60659, 7.99365, -12.73415]
				},
				"RightLeg": {
					"rotation": [4.44093, -5.73576, 11.12501],
					"position": [0, 2, -3]
				},
				"LeftLeg": {
					"rotation": [21.99727, 6.07888, -13.68815]
				}
			}
		}
	}
}