{
	"format_version": "1.8.0",
	"animations": {
		"animation.demon.idle": {
			"loop": true,
			"animation_length": 2,
			"bones": {
				"Head": {
					"rotation": {
						"0.0": [0, 0, 0],
						"1.0": [10, 0, 0],
						"2.0": [0, 0, 0]
					}
				},
				"RightArm": {
					"rotation": {
						"0.0": [0, 0, 7.5],
						"1.0": [0, 0, 0],
						"2.0": [0, 0, 7.5]
					}
				},
				"LeftArm": {
					"rotation": {
						"0.0": [0, 0, -12.5],
						"1.0": [0, 0, 0],
						"2.0": [0, 0, -12.5]
					}
				},
				"Tentacle1": {
					"rotation": {
						"0.0": [0, 0, 0],
						"1.0": [-37.5, 0, 0],
						"2.0": [0, 0, 0]
					}
				},
				"Tentacle3": {
					"rotation": {
						"0.0": [0, 0, 0],
						"1.0": [-50, 0, 0],
						"2.0": [0, 0, 0]
					}
				},
				"Tentacle4": {
					"rotation": {
						"0.0": [0, 0, 0],
						"1.0": [17.5, 0, 0],
						"2.0": [0, 0, 0]
					}
				},
				"Tentacle5": {
					"rotation": {
						"0.0": [0, 0, 0],
						"1.0": [47.5, 0, 0],
						"2.0": [0, 0, 0]
					}
				},
				"Tentacle16": {
					"rotation": {
						"0.0": [0, 0, 0],
						"1.0": [-15, 0, 0],
						"2.0": [0, 0, 0]
					}
				},
				"Tentacle17": {
					"rotation": {
						"0.0": [0, 0, 0],
						"1.0": [-45, 0, 0],
						"2.0": [0, 0, 0]
					}
				},
				"Tentacle18": {
					"rotation": {
						"0.0": [0, 0, 0],
						"1.0": [-15, 0, 0],
						"2.0": [0, 0, 0]
					}
				},
				"Tentacle20": {
					"rotation": {
						"0.0": [0, 0, 0],
						"1.0": [22.5, 0, 0],
						"2.0": [0, 0, 0]
					}
				},
				"Tentacle6": {
					"rotation": {
						"0.0": [0, 0, 0],
						"1.0": [-37.5, 0, 0],
						"2.0": [0, 0, 0]
					}
				},
				"Tentacle8": {
					"rotation": {
						"0.0": [0, 0, 0],
						"1.0": [-47.5, 0, 0],
						"2.0": [0, 0, 0]
					}
				},
				"Tentacle9": {
					"rotation": {
						"0.0": [0, 0, 0],
						"1.0": [40, 0, 0],
						"2.0": [0, 0, 0]
					}
				},
				"Tentacle10": {
					"rotation": {
						"0.0": [0, 0, 0],
						"1.0": [40, 0, 0],
						"2.0": [0, 0, 0]
					}
				},
				"Tentacle11": {
					"rotation": {
						"0.0": [0, 0, 0],
						"1.0": [-38.48811, -0.1315, -2.09487],
						"2.0": [0, 0, 0]
					}
				},
				"Tentacle13": {
					"rotation": {
						"0.0": [0, 0, 0],
						"1.0": [-47.5, 0, 0],
						"2.0": [0, 0, 0]
					}
				},
				"Tentacle14": {
					"rotation": {
						"0.0": [0, 0, 0],
						"1.0": [25, 0, 0],
						"2.0": [0, 0, 0]
					}
				},
				"Tentacle15": {
					"rotation": {
						"0.0": [0, 0, 0],
						"1.0": [17.5, 0, 0],
						"2.0": [0, 0, 0]
					}
				},
				"Big_tentacle": {
					"rotation": {
						"0.0": [0, 0, 0],
						"1.0": [-35, 0, 0],
						"2.0": [0, 0, 0]
					}
				},
				"Big_tentacle3": {
					"rotation": {
						"0.0": [0, 0, 0],
						"1.0": [-32.5, 0, 0],
						"2.0": [0, 0, 0]
					}
				},
				"Big_tentacle5": {
					"rotation": {
						"0.0": [0, 0, 0],
						"1.0": [-27.5, 0, 0],
						"2.0": [0, 0, 0]
					}
				}
			}
		},
		"animation.slayer.idle": {
			"loop": true,
			"animation_length": 2,
			"bones": {
				"Head": {
					"rotation": {
						"0.0": [0, 0, 0],
						"1.0": [10, 0, 0],
						"2.0": [0, 0, 0]
					}
				},
				"RightArm": {
					"rotation": {
						"0.0": [0, 0, 0],
						"1.0": [0, 0, 7.5],
						"2.0": [0, 0, 0]
					}
				},
				"LeftArm": {
					"rotation": {
						"0.0": [0, 0, 0],
						"1.0": [0, 0, -12.5],
						"2.0": [0, 0, 0]
					}
				}
			}
		},
		"animation.demon.idle2": {
			"loop": true,
			"animation_length": 2,
			"bones": {
				"Head": {
					"rotation": {
						"0.0": [0, 0, 0],
						"1.0": [12.5, 0, 0],
						"2.0": [0, 0, 0]
					}
				},
				"RightArm": {
					"rotation": {
						"0.0": [0, 0, 0],
						"1.0": [0, 0, 10],
						"1.9583": [0, 0, 0]
					}
				},
				"LeftArm": {
					"rotation": {
						"0.0": [0, 0, 0],
						"1.0": [0, 0, -10],
						"2.0": [0, 0, 0]
					}
				},
				"Tentacle1": {
					"rotation": {
						"0.0": [0, 0, 0],
						"1.0": [0, 20, 0],
						"2.0": [0, 0, 0]
					}
				},
				"Tentacle2": {
					"rotation": {
						"0.0": [0, 0, 0],
						"1.0": [0, 20, 0],
						"2.0": [0, 0, 0]
					}
				},
				"Tentacle3": {
					"rotation": {
						"0.0": [0, 0, 0],
						"1.0": [0, 17.5, 0],
						"2.0": [0, 0, 0]
					}
				},
				"Tentacle4": {
					"rotation": {
						"0.0": [0, 0, 0],
						"1.0": [0, 17.5, 0],
						"2.0": [0, 0, 0]
					}
				},
				"Tentacle5": {
					"rotation": {
						"0.0": [0, 0, 0],
						"1.0": [0, 32.5, 0],
						"2.0": [0, 0, 0]
					}
				},
				"Tentacle6": {
					"rotation": {
						"0.0": [0, 0, 0],
						"1.0": [0, 17.5, 0],
						"2.0": [0, 0, 0]
					}
				},
				"Tentacle7": {
					"rotation": {
						"0.0": [0, 0, 0],
						"1.0": [0, 25, 0],
						"2.0": [0, 0, 0]
					}
				},
				"Tentacle8": {
					"rotation": {
						"0.0": [0, 0, 0],
						"1.0": [-2.5, 20, 0],
						"2.0": [0, 0, 0]
					}
				}
			}
		},
		"animation.demon.idle3": {
			"loop": true,
			"animation_length": 2,
			"bones": {
				"Tentacle1": {
					"rotation": {
						"0.0": [0, 0, 0],
						"1.0": [-45, 0, 0],
						"2.0": [0, 0, 0]
					}
				},
				"Tentacle2": {
					"rotation": {
						"0.0": [0, 0, 0],
						"1.0": [-27.5, 0, 0],
						"2.0": [0, 0, 0]
					}
				},
				"Tentacle3": {
					"rotation": {
						"0.0": [0, 0, 0],
						"1.0": [-27.5, 0, 0],
						"2.0": [0, 0, 0]
					}
				},
				"Tentacle4": {
					"rotation": {
						"0.0": [0, 0, 0],
						"1.0": [-17.5, 0, 0],
						"2.0": [0, 0, 0]
					}
				}
			}
		},
		"animation.demon.idle4": {
			"loop": true,
			"animation_length": 2,
			"bones": {
				"Head": {
					"rotation": {
						"0.0": [0, 0, 0],
						"1.0": [10, 0, 0],
						"2.0": [0, 0, 0]
					}
				},
				"RightArm": {
					"rotation": {
						"0.0": [0, 0, 0],
						"1.0": [0, 0, 7.5],
						"2.0": [0, 0, 0]
					}
				},
				"LeftArm": {
					"rotation": {
						"0.0": [0, 0, 0],
						"1.0": [0, 0, -12.5],
						"2.0": [0, 0, 0]
					}
				}
			}
		}
	}
}