{
	"format_version": "1.8.0",
	"animations": {
		"animation.mob.walking": {
			"loop": true,
			"animation_length": 0.75,
			"override_previous_animation": true,
			"bones": {
				"Body": {
					"position": {
						"0.0": [0, -2, 0],
						"0.1667": [0, -1, 0],
						"0.375": [0, -2, 0],
						"0.5417": [0, -1, 0],
						"0.75": [0, -2, 0]
					}
				},
				"Head": {
					"rotation": {
						"0.0": [0, 0, 0],
						"0.125": [7.5, 0, 0],
						"0.375": [0, 0, 0],
						"0.5": [7.32, 0, 0],
						"0.75": [0, 0, 0]
					}
				},
				"RightArm": {
					"rotation": {
						"0.0": [-15, 0, 0],
						"0.375": [30, 0, 0],
						"0.75": [-15, 0, 0]
					}
				},
				"LeftArm": {
					"rotation": {
						"0.0": [30, 0, 0],
						"0.375": [-15, 0, 0],
						"0.5": [0, 0, 0],
						"0.75": [30, 0, 0]
					}
				},
				"RightLeg": {
					"rotation": {
						"0.0": [22.5, 0, 0],
						"0.1667": [-20, 0, 0],
						"0.375": [-27.5, 0, 0],
						"0.5": [-10.83, 0, 0],
						"0.75": [22.5, 0, 0]
					}
				},
				"LeftLeg": {
					"rotation": {
						"0.0": [-27.5, 0, 0],
						"0.375": [22.5, 0, 0],
						"0.5": [-10.9, 0, 0],
						"0.5417": [-20, 0, 0],
						"0.75": [-27.5, 0, 0]
					}
				}
			}
		}
	}
}