{
	"format_version": "1.8.0",
	"animations": {
		"animation.slayer.sit": {
			"loop": true,
			"animation_length": 1,
			"bones": {
				"root": {
					"position": [0, -10, 0]
				},
				"Head": {
					"rotation": {
						"0.0": [0, 0, 0],
						"0.5": [12.5, 0, 0],
						"1.0": [0, 0, 0]
					}
				},
				"RightArm": {
					"rotation": [12.5, 0, 7.5],
					"position": [0, -2, 1]
				},
				"LeftArm": {
					"rotation": [-41.5123, 10.07026, 11.17505]
				},
				"RightLeg": {
					"rotation": [-90, 22.5, 0]
				},
				"LeftLeg": {
					"rotation": [-25.38636, -12.22219, -2.52829],
					"position": [1, 5, -3]
				}
			}
		},
		"animation.slayer.sit2": {
			"loop": true,
			"animation_length": 1,
			"bones": {
				"root": {
					"position": [0, -10, 0]
				},
				"RightLeg": {
					"rotation": [-90, 7.5, 0]
				},
				"LeftLeg": {
					"rotation": [-90, -10, 0]
				},
				"Head": {
					"rotation": {
						"0.0": [0, 0, -12.5],
						"0.5": [0, 0, 10],
						"1.0": [0, 0, -12.5]
					}
				},
				"RightArm": {
					"rotation": [-38.22592, -10.63951, -19.88111]
				},
				"LeftArm": {
					"rotation": [-32.47528, 1.34295, 22.10886]
				}
			}
		},
		"animation.slayer.sit3": {
			"loop": true,
			"animation_length": 1,
			"bones": {
				"root": {
					"position": [0, -10, 0]
				},
				"RightLeg": {
					"rotation": [-7.5, 0, -50],
					"position": [-3, 3, -4]
				},
				"LeftLeg": {
					"rotation": [0, 0, 50],
					"position": [4, 3, -4]
				},
				"Head": {
					"rotation": {
						"0.0": [0, 0, 0],
						"0.5": [10, 0, 0],
						"1.0": [0, 0, 0]
					}
				},
				"RightArm": {
					"rotation": [-35, 0, 0]
				},
				"LeftArm": {
					"rotation": [-45, 0, 0]
				}
			}
		},
		"animation.slayer.sit4": {
			"loop": true,
			"animation_length": 1,
			"bones": {
				"root": {
					"position": [0, -10, 0]
				},
				"Head": {
					"rotation": {
						"0.0": [30, 0, 0],
						"0.5": [50, 0, 0],
						"1.0": [30, 0, 0]
					}
				},
				"RightArm": {
					"rotation": [84.99526, -2.49048, 7.71803],
					"position": [0, -2, 1]
				},
				"LeftArm": {
					"rotation": [-41.5123, 10.07026, 11.17505]
				},
				"RightLeg": {
					"rotation": [-90, 22.5, 0]
				},
				"LeftLeg": {
					"rotation": [-25.38636, -12.22219, -2.52829],
					"position": [1, 5, -3]
				},
				"waist": {
					"rotation": [-37.5, 0, 0]
				}
			}
		},
		"animation.slayer.sit5": {
			"loop": true,
			"animation_length": 1,
			"bones": {
				"root": {
					"position": [0, -10, 0]
				},
				"RightLeg": {
					"rotation": [25, 0, 0],
					"position": [0, 5, -7]
				},
				"LeftLeg": {
					"rotation": [67.00992, 11.53486, -4.8493],
					"position": [1, 1, -2]
				},
				"waist": {
					"rotation": [17.5, 0, 0],
					"position": [0, 2, 0]
				},
				"Head": {
					"rotation": {
						"0.0": [25, 0, 0],
						"0.5": [32.5, 0, 0],
						"1.0": [25, 0, 0]
					}
				},
				"RightArm": {
					"rotation": [-49.13788, -21.48944, -17.58347]
				},
				"LeftArm": {
					"rotation": [47.5, 0, 0]
				}
			}
		},
		"animation.slayer.sit6": {
			"loop": true,
			"animation_length": 1,
			"bones": {
				"root": {
					"position": [0, -10, 0]
				},
				"Head": {
					"rotation": {
						"0.0": [0, 0, 0],
						"0.5": [10, 0, 0],
						"1.0": [0, 0, 0]
					}
				},
				"RightArm": {
					"rotation": [0, 0, 7.5]
				},
				"LeftArm": {
					"rotation": [0, 0, -7.5]
				},
				"RightLeg": {
					"rotation": [-90, 2.5, 0]
				},
				"LeftLeg": {
					"rotation": [-90, -2.5, 0]
				}
			}
		}
	}
}