{
  "format_version": "1.8.0",
  "animations": {
    "animation.mr_evil_baby.move": {
      "loop": true,
      "animation_length": 1,
      "bones": {
        "Body": {
          "rotation": {
            "0.0": [
              2.5,
              0,
              0
            ],
            "0.25": [
              0,
              0,
              0
            ],
            "0.5": [
              2.5,
              0,
              0
            ],
            "0.75": [
              0,
              0,
              0
            ],
            "1.0": [
              2.5,
              0,
              0
            ]
          },
          "position": {
            "0.0": [
              0,
              0,
              0
            ],
            "0.25": [
              0,
              0.5,
              0
            ],
            "0.5": [
              0,
              0,
              0
            ],
            "0.75": [
              0,
              0.5,
              0
            ],
            "1.0": [
              0,
              0,
              0
            ]
          }
        },
        "bone2": {
          "rotation": {
            "0.0": [
              2.78005,
              0.3999,
              2.35422
            ],
            "0.25": [
              0,
              0,
              0
            ],
            "0.5": [
              2.19651,
              0.07363,
              -2.60332
            ],
            "0.75": [
              0,
              0,
              0
            ],
            "1.0": [
              2.78005,
              0.3999,
              2.35422
            ]
          },
          "position": {
            "0.0": [
              0,
              0,
              0
            ],
            "0.25": [
              0,
              0,
              0
            ],
            "0.5": [
              0,
              0,
              0
            ],
            "0.75": [
              0,
              0,
              0
            ],
            "1.0": [
              0,
              0,
              0
            ]
          }
        },
        "bone3": {
          "rotation": {
            "0.0": [
              5,
              0,
              0
            ],
            "0.25": [
              0,
              0,
              0
            ],
            "0.5": [
              4.85939,
              0.16113,
              -1.15989
            ],
            "0.75": [
              0,
              0,
              0
            ],
            "1.0": [
              4.86557,
              -0.27086,
              -1.13126
            ]
          }
        },
        "bone4": {
          "rotation": {
            "0.0": [
              0,
              0,
              0
            ],
            "0.25": [
              0,
              0,
              0
            ],
            "0.5": [
              0,
              0,
              0
            ],
            "0.75": [
              0,
              0,
              0
            ],
            "1.0": [
              0,
              0,
              0
            ]
          },
          "position": {
            "0.0": [
              0,
              0,
              0
            ],
            "0.25": [
              0,
              1,
              0
            ],
            "0.5": [
              0,
              0,
              0
            ],
            "0.75": [
              0,
              1,
              0
            ],
            "1.0": [
              0,
              0,
              0
            ]
          },
          "scale": {
            "0.0": [
              1,
              1,
              1
            ],
            "0.25": [
              1,
              1,
              1
            ],
            "0.5": [
              1,
              1,
              1
            ],
            "0.75": [
              1,
              1,
              1
            ],
            "1.0": [
              1,
              1,
              1
            ]
          }
        },
        "Ver": {
          "rotation": {
            "0.0": [
              0,
              0,
              0
            ],
            "0.25": [
              5.809,
              0.17009,
              -2.35818
            ],
            "0.5": [
              0,
              0,
              0
            ],
            "0.75": [
              4.99527,
              -0.21782,
              2.4905
            ],
            "1.0": [
              0,
              0,
              0
            ]
          }
        },
        "Head": {
          "rotation": {
            "0.0": [
              0,
              0,
              0
            ],
            "0.25": [
              2.35194,
              0.11043,
              2.89831
            ],
            "0.5": [
              0,
              0,
              0
            ],
            "0.75": [
              2.56232,
              -0.6124,
              -2.04565
            ],
            "1.0": [
              0,
              0,
              0
            ]
          },
          "position": {
            "0.0": [
              0,
              0,
              0
            ],
            "0.25": [
              0,
              0,
              -1
            ],
            "0.5": [
              0,
              0,
              0
            ],
            "0.75": [
              0,
              0,
              -1
            ],
            "1.0": [
              0,
              0,
              0
            ]
          }
        },
        "bone6": {
          "rotation": [
            0,
            0,
            0
          ]
        },
        "bone": {
          "rotation": {
            "0.0": [
              0,
              0,
              0
            ],
            "0.25": [
              4.82127,
              -1.21201,
              -0.58963
            ],
            "0.5": [
              0,
              0,
              0
            ],
            "0.75": [
              4.89825,
              -0.79465,
              -0.6484
            ],
            "1.0": [
              0,
              0,
              0
            ]
          }
        }
      }
    },
    "animation.mr_evil_baby.general": {
      "loop": true,
      "animation_length": 2,
      "bones": {
        "bone2": {
          "rotation": {
            "0.0": [
              0,
              0,
              0
            ],
            "1.0": [
              2.5,
              0,
              0
            ],
            "2.0": [
              0,
              0,
              0
            ]
          }
        },
        "bone3": {
          "rotation": {
            "0.0": [
              0,
              0,
              0
            ],
            "1.0": [
              -5,
              0,
              0
            ],
            "2.0": [
              0,
              0,
              0
            ]
          }
        },
        "bone4": {
          "rotation": {
            "0.0": [
              0,
              0,
              0
            ],
            "1.0": [
              0,
              0,
              0
            ],
            "2.0": [
              0,
              0,
              0
            ]
          },
          "position": {
            "0.0": [
              0,
              0,
              0
            ],
            "1.0": [
              0,
              0.7,
              0
            ],
            "2.0": [
              0,
              0,
              0
            ]
          }
        },
        "Ver": {
          "rotation": {
            "0.0": [
              0,
              0,
              0
            ],
            "0.8333": [
              0,
              0,
              0
            ],
            "0.9167": [
              0,
              0,
              -2.5
            ],
            "1.0": [
              0,
              0,
              2.5
            ],
            "1.0833": [
              0,
              0,
              -2.5
            ],
            "1.1667": [
              0,
              0,
              0
            ],
            "2.0": [
              0,
              0,
              0
            ]
          },
          "position": {
            "0.8333": [
              0,
              0,
              0
            ],
            "0.9167": [
              1,
              0,
              0
            ],
            "1.0": [
              -1,
              0,
              0
            ],
            "1.0833": [
              1,
              0,
              0
            ],
            "1.1667": [
              0,
              0,
              0
            ]
          },
          "scale": {
            "0.0": [
              1,
              1,
              1
            ],
            "1.0": [
              1.1,
              1.1,
              1
            ],
            "2.0": [
              1,
              1,
              1
            ]
          }
        },
        "Head": {
          "rotation": {
            "0.0": [
              0,
              0,
              0
            ],
            "1.0": [
              0,
              0,
              0
            ],
            "2.0": [
              0,
              0,
              0
            ]
          },
          "position": {
            "0.0": [
              0,
              0,
              0
            ],
            "1.0": [
              0,
              0,
              -0.8
            ],
            "2.0": [
              0,
              0,
              0
            ]
          }
        },
        "bone": {
          "rotation": {
            "0.0": [
              0,
              0,
              0
            ],
            "1.0": [
              5,
              0,
              0
            ],
            "2.0": [
              0,
              0,
              0
            ]
          },
          "position": {
            "0.0": [
              0,
              0,
              0
            ],
            "1.0": [
              0,
              0,
              0
            ],
            "2.0": [
              0,
              0,
              0
            ]
          }
        }
      }
    }
  }
}