{
  "format_version": "1.8.0",
  "animations": {
    "animation.mr_yellow_baby.move": {
      "loop": true,
      "animation_length": 1,
      "bones": {
        "Root": {
          "rotation": [
            52.4,
            3.88,
            1.91
          ],
          "position": [
            0,
            1,
            0
          ]
        },
        "LeftLeg": {
          "rotation": {
            "0.0": [
              122.71045,
              8.11794,
              -12.62561
            ],
            "0.5": [
              122.84,
              5.41,
              -8.42
            ],
            "0.75": [
              127.77522,
              6.76397,
              -10.5228
            ],
            "1.0": [
              122.71045,
              8.11794,
              -12.62561
            ]
          },
          "position": {
            "0.0": [
              0,
              0,
              0
            ],
            "0.5": [
              0,
              0,
              0
            ],
            "0.75": [
              0,
              1,
              0
            ],
            "1.0": [
              0,
              0,
              0
            ]
          },
          "scale": {
            "0.0": [
              1,
              1,
              0.8
            ],
            "0.5": [
              1,
              1,
              1
            ],
            "1.0": [
              1,
              1,
              0.8
            ]
          }
        },
        "RightLeg": {
          "rotation": {
            "0.0": [
              118.37071,
              -9.70633,
              4.49857
            ],
            "0.25": [
              123.1428,
              -10.88792,
              6.71528
            ],
            "0.5": [
              117.91489,
              -12.06951,
              8.93198
            ],
            "1.0": [
              118.37,
              -9.71,
              4.5
            ]
          },
          "position": {
            "0.0": [
              0,
              0,
              0
            ],
            "0.25": [
              0,
              1,
              0
            ],
            "0.5": [
              0,
              0,
              0
            ],
            "0.75": [
              0,
              0,
              0
            ],
            "1.0": [
              0,
              0,
              0
            ]
          },
          "scale": {
            "0.0": [
              1,
              1,
              1
            ],
            "0.5": [
              1,
              1,
              0.8
            ],
            "1.0": [
              1,
              1,
              1
            ]
          }
        },
        "Body": {
          "rotation": {
            "0.0": [
              0,
              -2.5,
              0
            ],
            "0.25": [
              -2.39057,
              -4.99761,
              -2.50716
            ],
            "0.5": [
              0,
              -2.5,
              0
            ],
            "0.75": [
              -2.60901,
              0.00238,
              2.49762
            ],
            "1.0": [
              0,
              -2.5,
              0
            ]
          },
          "position": {
            "0.0": [
              0,
              0,
              0
            ],
            "0.25": [
              0,
              0.3,
              0.3
            ],
            "0.5": [
              0,
              0,
              0
            ],
            "0.75": [
              0,
              0.3,
              0.3
            ],
            "1.0": [
              0,
              0,
              0
            ]
          }
        },
        "Head": {
          "rotation": {
            "0.0": [
              -27.52235,
              -2.21738,
              1.15495
            ],
            "0.25": [
              -31.80947,
              1.66369,
              4.21897
            ],
            "0.5": [
              -27.52,
              -2.22,
              1.15
            ],
            "0.75": [
              -32.25717,
              -4.89951,
              -3.07995
            ],
            "1.0": [
              -27.52,
              -2.22,
              1.15
            ]
          }
        },
        "RightArm": {
          "rotation": {
            "0.0": [
              -89.21,
              10.32,
              8.08
            ],
            "0.5": [
              -88.98865,
              22.79819,
              8.85203
            ],
            "0.75": [
              -104.09933,
              16.55909,
              8.46602
            ],
            "1.0": [
              -89.21,
              10.32,
              8.08
            ]
          },
          "position": {
            "0.0": [
              0,
              0,
              -1
            ],
            "0.5": [
              0,
              -1,
              0
            ],
            "0.75": [
              0,
              0.5,
              0.5
            ],
            "1.0": [
              0,
              0,
              -1
            ]
          }
        },
        "bone": {
          "rotation": {
            "0.0": [
              0,
              0,
              0
            ],
            "0.5": [
              0,
              0,
              -15
            ],
            "1.0": [
              0,
              0,
              0
            ]
          }
        },
        "LeftArm": {
          "rotation": {
            "0.0": [
              -88.04024,
              -27.24548,
              -2.50734
            ],
            "0.25": [
              -103.25451,
              -16.31105,
              2.30277
            ],
            "0.5": [
              -88.4,
              -14.78,
              -1.51
            ],
            "1.0": [
              -88.04024,
              -27.24548,
              -2.50734
            ]
          },
          "position": {
            "0.0": [
              0,
              -1,
              0
            ],
            "0.25": [
              0,
              0.5,
              0.5
            ],
            "0.5": [
              0,
              0,
              -1
            ],
            "1.0": [
              0,
              -1,
              0
            ]
          }
        },
        "bone2": {
          "rotation": {
            "0.0": [
              0,
              0,
              15
            ],
            "0.5": [
              0,
              0,
              0
            ],
            "1.0": [
              0,
              0,
              15
            ]
          }
        }
      }
    },
    "animation.mr_yellow_baby.general": {
      "loop": true,
      "animation_length": 2,
      "bones": {
        "Body": {
          "rotation": {
            "0.0": [
              0,
              0,
              0
            ],
            "0.5": [
              1.41648,
              -0.06472,
              -1.98203
            ],
            "1.0": [
              2.5,
              0,
              0
            ],
            "1.5": [
              1.08642,
              0.09225,
              0.98208
            ],
            "2.0": [
              0,
              0,
              0
            ]
          }
        },
        "Head": {
          "rotation": {
            "0.0": [
              0,
              0,
              0
            ],
            "0.5": [
              2.5,
              0,
              -2.5
            ],
            "1.0": [
              0,
              0,
              0
            ],
            "1.5": [
              2.35561,
              -0.61164,
              3.04947
            ],
            "2.0": [
              0,
              0,
              0
            ]
          }
        },
        "RightArm": {
          "rotation": {
            "0.0": [
              0,
              0,
              0
            ],
            "0.5": [
              3.24296,
              0.38666,
              4.9319
            ],
            "1.0": [
              0,
              0,
              0
            ],
            "2.0": [
              0,
              0,
              0
            ]
          }
        },
        "LeftArm": {
          "rotation": {
            "0.0": [
              0,
              0,
              0
            ],
            "1.0": [
              0,
              0,
              0
            ],
            "1.5": [
              2.5,
              0,
              -5
            ],
            "2.0": [
              0,
              0,
              0
            ]
          }
        }
      }
    }
  }
}