{
	"format_version": "1.12.0",
	"minecraft:geometry": [
		{
			"description": {
				"identifier": "geometry.fst_ambush",
				"texture_width": 128,
				"texture_height": 128,
				"visible_bounds_width": 4,
				"visible_bounds_height": 4.5,
				"visible_bounds_offset": [0, 1.75, 0]
			},
			"bones": [
				{
					"name": "bone",
					"pivot": [0, 0, 0],
					"cubes": [
						{"origin": [-15, 0, -1], "size": [30, 39, 2], "uv": [0, 45]}
					]
				},
				{
					"name": "bone2",
					"pivot": [0, 26, 0],
					"cubes": [
						{"origin": [-18, 3, -0.9], "size": [37, 45, 0], "uv": [0, 0]}
					]
				}
			]
		}
	]
}