{
	"format_version": "1.12.0",
	"minecraft:geometry": [
		{
			"description": {
				"identifier": "geometry.fst_crucifix",
				"texture_width": 208,
				"texture_height": 208,
				"visible_bounds_width": 5,
				"visible_bounds_height": 5,
				"visible_bounds_offset": [0, 1.5, 0]
			},
			"bones": [
				{
					"name": "Crucifix",
					"pivot": [0, 0, 0],
					"cubes": [
						{"origin": [-18, 0, -19], "size": [37, 0, 37], "uv": [-4, 0]}
					],
					"locators": {
						"effect": [0, 0, 0]
					}
				},
				{
					"name": "Crucifixchain",
					"parent": "Crucifix",
					"pivot": [0, 0, 0]
				},
				{
					"name": "Chain",
					"parent": "Crucifixchain",
					"pivot": [0, 0, 0],
					"cubes": [
						{"origin": [-1, 1, -14], "size": [3, 29, 0], "pivot": [0, 0, -14], "rotation": [-15, 0, 0], "uv": [202, 179]}
					]
				},
				{
					"name": "Chain2",
					"parent": "Chain",
					"pivot": [-1, 0, 26],
					"cubes": [
						{"origin": [-1, 1, 14], "size": [3, 29, 0], "pivot": [-1, 0, 13], "rotation": [15, 0, 0], "uv": [202, 179]}
					]
				},
				{
					"name": "Chain3",
					"parent": "Crucifixchain",
					"pivot": [0, 0, 0],
					"rotation": [0, 92.5, 0],
					"cubes": [
						{"origin": [-1, 1, -14], "size": [3, 29, 0], "pivot": [0, 0, -14], "rotation": [-15, 0, 0], "uv": [202, 179]}
					]
				},
				{
					"name": "Chain4",
					"parent": "Chain3",
					"pivot": [-1, 0, 26],
					"cubes": [
						{"origin": [-1, 1, 14], "size": [3, 29, 0], "pivot": [-1, 0, 13], "rotation": [15, 0, 0], "uv": [202, 179]}
					]
				},
				{
					"name": "Cross",
					"pivot": [23, 37, -32],
					"cubes": [
						{"origin": [22, 25, -33], "size": [2, 17, 2], "uv": [103, 94]},
						{"origin": [18, 36, -33], "size": [10, 2, 2], "uv": [89, 98]}
					]
				}
			]
		}
	]
}