{
  "format_version": "1.12.0",
  "minecraft:geometry": [
    {
      "description": {
        "identifier": "geometry.fst_crucifix_item",
        "texture_width": 32,
        "texture_height": 32,
        "visible_bounds_width": 3,
        "visible_bounds_height": 2.5,
        "visible_bounds_offset": [
          0,
          0.75,
          0
        ]
      },
      "bones": [
        {
          "name": "Crucifix item",
          "pivot": [
            -6,
            11,
            -9
          ],
          "cubes": [
            {
              "origin": [
                -7.0,
                11.0,
                -10.0
              ],
              "size": [
                2.0,
                10.0,
                2.0
              ],
              "uv": [
                0,
                4
              ],
              "inflate": 0
            },
            {
              "origin": [
                -14.0,
                7.0,
                -10.0
              ],
              "size": [
                2.0,
                2.0,
                2.0
              ],
              "pivot": [
                -6.0,
                11.0,
                -9.0
              ],
              "rotation": [
                0.0,
                0.0,
                137.5
              ],
              "uv": [
                8,
                12
              ],
              "inflate": 0
            },
            {
              "origin": [
                -10.0,
                17.18771,
                -10.0
              ],
              "size": [
                2.0,
                2.0,
                2.0
              ],
              "pivot": [
                -9.0,
                18.0,
                -9.0
              ],
              "rotation": [
                0.0,
                0.0,
                137.5
              ],
              "uv": [
                8,
                8
              ],
              "inflate": 0
            },
            {
              "origin": [
                -9.0,
                17.0,
                -10.0
              ],
              "size": [
                6.0,
                2.0,
                2.0
              ],
              "uv": [
                0,
                0
              ],
              "inflate": 0
            },
            {
              "origin": [
                -7.0,
                10.0,
                -10.0
              ],
              "size": [
                2.0,
                2.0,
                2.0
              ],
              "pivot": [
                -6.0,
                11.0,
                -9.0
              ],
              "rotation": [
                0.0,
                0.0,
                137.5
              ],
              "uv": [
                14,
                2
              ],
              "inflate": 0
            },
            {
              "origin": [
                -13.88,
                17.18771,
                -10.0
              ],
              "size": [
                2.0,
                2.0,
                2.0
              ],
              "pivot": [
                -9.0,
                18.0,
                -9.0
              ],
              "rotation": [
                0.0,
                0.0,
                137.5
              ],
              "uv": [
                8,
                4
              ],
              "inflate": 0
            }
          ]
        }
      ]
    }
  ]
}