{
	"format_version": "1.12.0",
	"minecraft:geometry": [
		{
			"description": {
				"identifier": "geometry.Halt",
				"texture_width": 128,
				"texture_height": 128,
				"visible_bounds_width": 3,
				"visible_bounds_height": 4.5,
				"visible_bounds_offset": [0, 1.75, 0]
			},
			"bones": [
				{
					"name": "bone",
					"pivot": [0, 0, 0],
					"cubes": [
						{"origin": [-16, 2, -17], "size": [32, 40, 32], "uv": [0, 0]}
					]
				},
				{
					"name": "bone2",
					"pivot": [0, 0, 0],
					"cubes": [
						{"origin": [7, 27, -19], "size": [4, 4, 0], "uv": [0, 4]},
						{"origin": [-11, 27, -19], "size": [4, 4, 0], "uv": [0, 0]}
					]
				}
			]
		}
	]
}