{
	"format_version": "1.12.0",
	"minecraft:geometry": [
		{
			"description": {
				"identifier": "geometry.fst_rush",
				"texture_width": 80,
				"texture_height": 80,
				"visible_bounds_width": 4,
				"visible_bounds_height": 3.5,
				"visible_bounds_offset": [0, 1.25, 0]
			},
			"bones": [
				{
					"name": "bone",
					"pivot": [0, 0, 0],
					"cubes": [
						{"origin": [-16, 1, -1], "size": [32, 32, 1], "uv": [0, 36]}
					]
				},
				{
					"name": "bone2",
					"pivot": [0, 18, 0],
					"cubes": [
						{"origin": [-18, -1, -0.9], "size": [36, 36, 0], "uv": [0, 0]}
					]
				}
			]
		}
	]
}