{
	"format_version": "1.12.0",
	"minecraft:geometry": [
		{
			"description": {
				"identifier": "geometry.fst_seek",
				"texture_width": 64,
				"texture_height": 64,
				"visible_bounds_width": 3,
				"visible_bounds_height": 4.5,
				"visible_bounds_offset": [0, 1.75, 0]
			},
			"bones": [
				{
					"name": "RightLeg",
					"pivot": [-2, 17, 0],
					"cubes": [
						{"origin": [-4, 0, -2], "size": [4, 17, 4], "uv": [36, 0]}
					]
				},
				{
					"name": "LeftLeg",
					"pivot": [2, 17, 0],
					"cubes": [
						{"origin": [0, 0, -2], "size": [4, 17, 4], "uv": [32, 21]}
					]
				},
				{
					"name": "bone",
					"pivot": [0, 0, 0],
					"cubes": [
						{"origin": [-6, 17, -3], "size": [12, 19, 6], "uv": [0, 0]}
					]
				},
				{
					"name": "RightArm",
					"pivot": [7, 33, 0],
					"cubes": [
						{"origin": [7, 19, -1], "size": [1, 2, 2], "uv": [0, 0]},
						{"origin": [6, 21, -1.5], "size": [3, 13, 3], "uv": [10, 41]}
					]
				},
				{
					"name": "LeftArm",
					"pivot": [-7, 33, 0],
					"cubes": [
						{"origin": [-9, 21, -1.5], "size": [3, 13, 3], "uv": [0, 41]},
						{"origin": [-8, 19, -1], "size": [1, 2, 2], "uv": [0, 0]}
					]
				},
				{
					"name": "Head"
					"pivot": [0, 0, 0],
					"cubes": [
						{"origin": [-4, 36, -4], "size": [8, 8, 8], "uv": [0, 25]}
					]
				}
			]
		}
	]
}