{
  "format_version": "1.8.0",
  "animations": {
    "animation.os_j.walk": {
      "loop": true,
      "animation_length": 1,
      "bones": {
        "root": {
          "position": {
            "0.0": [
              0,
              -3,
              0
            ],
            "0.25": [
              0,
              -1,
              0
            ],
            "0.5": [
              0,
              -1,
              -1
            ],
            "0.75": [
              0,
              -2,
              0
            ],
            "1.0": [
              0,
              -3,
              0
            ]
          }
        },
        "body": {
          "rotation": [
            5,
            0,
            0
          ]
        },
        "body2": {
          "rotation": [
            7.5,
            0,
            0
          ]
        },
        "body3": {
          "rotation": [
            5,
            0,
            0
          ]
        },
        "head": {
          "rotation": [
            -12.5,
            0,
            0
          ]
        },
        "rightArm": {
          "rotation": {
            "0.0": [
              -32.5,
              0,
              0
            ],
            "0.5": [
              37.5,
              0,
              0
            ],
            "1.0": [
              -32.5,
              0,
              0
            ]
          }
        },
        "rightArm2": {
          "rotation": {
            "0.0": [
              -20,
              0,
              0
            ],
            "0.5": [
              -15,
              0,
              0
            ],
            "1.0": [
              -20,
              0,
              0
            ]
          }
        },
        "rightArm3": {
          "rotation": {
            "0.0": [
              -17.5,
              0,
              0
            ],
            "0.5": [
              -7.5,
              0,
              0
            ],
            "1.0": [
              -17.5,
              0,
              0
            ]
          }
        },
        "rightArm4": {
          "rotation": {
            "0.0": [
              -15,
              0,
              0
            ],
            "0.5": [
              -2.5,
              0,
              0
            ],
            "1.0": [
              -15,
              0,
              0
            ]
          }
        },
        "leftArm": {
          "rotation": {
            "0.0": [
              40,
              0,
              0
            ],
            "0.5": [
              -30,
              0,
              0
            ],
            "1.0": [
              40,
              0,
              0
            ]
          }
        },
        "leftArm2": {
          "rotation": {
            "0.0": [
              -12.5,
              0,
              0
            ],
            "0.5": [
              -22.5,
              0,
              0
            ],
            "1.0": [
              -12.5,
              0,
              0
            ]
          }
        },
        "leftArm3": {
          "rotation": {
            "0.0": [
              -17.5,
              0,
              0
            ],
            "0.5": [
              -32.5,
              0,
              0
            ],
            "1.0": [
              -17.5,
              0,
              0
            ]
          }
        },
        "leftArm4": {
          "rotation": {
            "0.0": [
              -17.5,
              0,
              0
            ],
            "0.5": [
              -35,
              0,
              0
            ],
            "1.0": [
              -17.5,
              0,
              0
            ]
          }
        },
        "rightLeg": {
          "rotation": {
            "0.0": [
              57.5,
              0,
              0
            ],
            "0.25": [
              50,
              0,
              0
            ],
            "0.5": [
              -77.5,
              0,
              0
            ],
            "0.75": [
              -37.5,
              0,
              0
            ],
            "1.0": [
              57.5,
              0,
              0
            ]
          },
          "position": {
            "0.0": [
              0,
              0,
              0
            ],
            "0.25": [
              0,
              0,
              1
            ],
            "0.5": [
              0,
              0,
              -3
            ],
            "0.75": [
              0,
              0,
              -4
            ],
            "1.0": [
              0,
              0,
              0
            ]
          }
        },
        "rightLeg2": {
          "rotation": {
            "0.0": [
              -20,
              0,
              0
            ],
            "0.25": [
              32.5,
              0,
              0
            ],
            "0.5": [
              40,
              0,
              0
            ],
            "0.75": [
              17.5,
              0,
              0
            ],
            "1.0": [
              -20,
              0,
              0
            ]
          }
        },
        "rightLeg3": {
          "rotation": {
            "0.0": [
              -35,
              0,
              0
            ],
            "0.25": [
              32.5,
              0,
              0
            ],
            "0.75": [
              22.5,
              0,
              0
            ],
            "1.0": [
              -35,
              0,
              0
            ]
          }
        },
        "leftLeg": {
          "rotation": {
            "0.0": [
              -80,
              0,
              0
            ],
            "0.25": [
              -27.5,
              0,
              0
            ],
            "0.5": [
              37.35694,
              1.31264,
              -0.08215
            ],
            "0.75": [
              27.35694,
              1.31264,
              -0.08215
            ],
            "1.0": [
              -80,
              0,
              0
            ]
          },
          "position": {
            "0.0": [
              0,
              2,
              -3
            ],
            "0.25": [
              0,
              0,
              -2
            ],
            "0.5": [
              0,
              0,
              1
            ],
            "1.0": [
              0,
              2,
              -3
            ]
          }
        },
        "leftLeg2": {
          "rotation": {
            "0.0": [
              52.5,
              0,
              0
            ],
            "0.25": [
              5,
              0,
              0
            ],
            "0.5": [
              -50,
              0,
              0
            ],
            "0.75": [
              25,
              0,
              0
            ],
            "1.0": [
              52.5,
              0,
              0
            ]
          }
        },
        "leftLeg3": {
          "rotation": {
            "0.0": [
              32.5,
              0,
              0
            ],
            "0.25": [
              20.0718,
              -1.03038,
              -0.75253
            ],
            "0.5": [
              -7.4282,
              -1.03038,
              -0.75253
            ],
            "0.75": [
              25.0718,
              -1.03038,
              -0.75253
            ],
            "1.0": [
              32.5,
              0,
              0
            ]
          }
        }
      }
    },
    "animation.os_j.bob": {
      "loop": true,
      "animation_length": 4,
      "bones": {
        "body": {
          "rotation": {
            "0.0": [
              -2.5,
              0,
              0
            ],
            "2.0": [
              5,
              0,
              0
            ],
            "4.0": [
              -2.5,
              0,
              0
            ]
          }
        },
        "rightArm": {
          "rotation": {
            "0.0": [
              0,
              0,
              2.5
            ],
            "2.0": [
              0,
              0,
              0
            ],
            "4.0": [
              0,
              0,
              2.5
            ]
          }
        },
        "leftArm": {
          "rotation": {
            "0.0": [
              0,
              0,
              -2.5
            ],
            "2.0": [
              0,
              0,
              0
            ],
            "4.0": [
              0,
              0,
              -2.5
            ]
          }
        }
      }
    },
    "animation.os_j.jumpscare": {
      "loop": "hold_on_last_frame",
      "animation_length": 0.75,
      "bones": {
        "body": {
          "rotation": {
            "0.0": [
              0,
              0,
              0
            ],
            "0.25": [
              -5,
              0,
              0
            ],
            "0.75": [
              40,
              0,
              0
            ]
          }
        },
        "body2": {
          "rotation": {
            "0.0": [
              0,
              0,
              0
            ],
            "0.25": [
              -10,
              0,
              0
            ],
            "0.75": [
              25,
              0,
              0
            ]
          }
        },
        "body3": {
          "rotation": {
            "0.0": [
              0,
              0,
              0
            ],
            "0.25": [
              -15,
              0,
              0
            ],
            "0.75": [
              35,
              0,
              0
            ]
          }
        },
        "rightArm": {
          "rotation": {
            "0.0": [
              0,
              0,
              0
            ],
            "0.25": [
              -60,
              0,
              0
            ],
            "0.75": [
              -77.5,
              0,
              0
            ]
          }
        },
        "rightArm2": {
          "rotation": {
            "0.0": [
              0,
              0,
              0
            ],
            "0.25": [
              -30,
              0,
              0
            ]
          }
        },
        "rightArm3": {
          "rotation": {
            "0.0": [
              0,
              0,
              0
            ],
            "0.25": [
              -22.5,
              0,
              0
            ]
          }
        },
        "rightArm4": {
          "rotation": {
            "0.0": [
              0,
              0,
              0
            ],
            "0.25": [
              -32.5,
              0,
              0
            ]
          }
        },
        "leftArm": {
          "rotation": {
            "0.0": [
              0,
              0,
              0
            ],
            "0.25": [
              -77.5,
              0,
              0
            ],
            "0.75": [
              -82.5,
              0,
              0
            ]
          }
        },
        "leftArm2": {
          "rotation": {
            "0.0": [
              0,
              0,
              0
            ],
            "0.25": [
              -32.5,
              0,
              0
            ]
          }
        },
        "leftArm3": {
          "rotation": {
            "0.0": [
              0,
              0,
              0
            ],
            "0.25": [
              -25,
              0,
              0
            ]
          }
        },
        "leftArm4": {
          "rotation": {
            "0.0": [
              0,
              0,
              0
            ],
            "0.25": [
              -35,
              0,
              0
            ]
          }
        }
      }
    },
    "animation.os_j.dead": {
      "loop": true,
      "animation_length": 1,
      "bones": {
        "root": {
          "rotation": [
            90,
            0,
            0
          ],
          "position": [
            0,
            5,
            37
          ]
        },
        "body": {
          "rotation": [
            0,
            0,
            -5
          ]
        },
        "body2": {
          "rotation": [
            0,
            0,
            5
          ]
        },
        "body3": {
          "rotation": [
            0,
            0,
            -7.5
          ]
        },
        "head": {
          "rotation": [
            -10,
            0,
            -7.5
          ]
        },
        "rightArm": {
          "rotation": [
            0,
            0,
            -5
          ]
        },
        "rightArm2": {
          "rotation": [
            0,
            0,
            20
          ]
        },
        "rightArm3": {
          "rotation": [
            0,
            0,
            15
          ]
        },
        "rightArm4": {
          "rotation": [
            0,
            0,
            12.5
          ]
        },
        "leftArm": {
          "rotation": [
            0,
            0,
            -7.5
          ]
        },
        "leftArm2": {
          "rotation": [
            0,
            0,
            12.5
          ]
        },
        "leftArm3": {
          "rotation": [
            0,
            0,
            -20
          ]
        },
        "leftArm4": {
          "rotation": [
            0,
            0,
            10
          ]
        },
        "rightLeg": {
          "rotation": [
            0,
            0,
            15
          ]
        },
        "rightLeg2": {
          "rotation": [
            0,
            0,
            -5
          ]
        },
        "leftLeg": {
          "rotation": [
            0,
            0,
            5
          ]
        },
        "leftLeg2": {
          "rotation": [
            0,
            0,
            5
          ]
        }
      }
    }
  }
}