{
	"format_version": "1.8.0",
	"animations": {
		"animation.akaza01": {
			"loop": true,
			"animation_length": 0.1,
			"override_previous_animation": true,
			"bones": {
				"waist": {
					"rotation": [10.32006, 1.24742, -1.29456]
				},
				"head": {
					"rotation": ["-10+query.target_x_rotation", "-4+query.target_y_rotation", -1]
				},
				"leftArm": {
					"rotation": [-16.47027, 24.09293, -71.8817],
					"position": [1, -1, 0]
				},
				"rightArm": {
					"rotation": [-16.80857, -26.48829, 72.6734],
					"position": [-1, -1, 0]
				},
				"leftLeg": {
					"rotation": [0, -55, -15],
					"position": [0, 0, 0]
				},
				"rightLeg": {
					"rotation": [0, 60, 15]
				}
			}
		},
		"animation.akaza02": {
			"loop": true,
			"animation_length": 0.1,
			"override_previous_animation": true,
			"bones": {
				"waist": {
					"rotation": [10.32006, 1.24742, -1.29456]
				},
				"head": {
					"rotation": ["-10+query.target_x_rotation", "-4+query.target_y_rotation", -1]
				},
				"leftArm": {
					"rotation": [47.94409, 68.23336, 38.93313],
					"position": [1, 0, 1]
				},
				"rightArm": {
					"rotation": [-90, 0, 0],
					"position": [0, -1, 0]
				},
				"leftLeg": {
					"rotation": [0, -55, -15],
					"position": [0, 0, 0]
				},
				"rightLeg": {
					"rotation": [0, 60, 15]
				}
			}
		},
		"animation.akaza03": {
			"loop": true,
			"animation_length": 2,
			"override_previous_animation": true,
			"bones": {
				"waist": {
					"rotation": [10.32006, 1.24742, -1.29456]
				},
				"head": {
					"rotation": ["-10+query.target_x_rotation", "-4+query.target_y_rotation", -1]
				},
				"leftArm": {
					"rotation": {
						"0.0": [107.94409, 68.23336, 38.93313],
						"1.0": [107.94, 68.23, 38.93],
						"1.25": [102.94, 158.23, 38.93]
					},
					"position": [1, 0, 1]
				},
				"rightArm": {
					"rotation": {
						"0.0": [5, 0, 75],
						"1.0": [5, 0, 75],
						"1.25": [-95, 0, 75]
					},
					"position": [0, -1, 0]
				},
				"leftLeg": {
					"rotation": [0, -55, -15],
					"position": [0, 0, 0]
				},
				"rightLeg": {
					"rotation": [0, 60, 15]
				},
				"root": {
					"rotation": {
						"0.0": [0, 0, 0],
						"0.25": [-187.5, 0, 0],
						"0.5": [-187.5, 175, 0],
						"1.5": [-187.5, 175, 0]
					}
				}
			}
		},
		"animation.akaza04": {
			"loop": true,
			"animation_length": 0.1,
			"override_previous_animation": true,
			"bones": {
				"waist": {
					"rotation": [10.32006, 1.24742, -1.29456]
				},
				"head": {
					"rotation": ["-10+query.target_x_rotation", "-4+query.target_y_rotation", -1]
				},
				"leftArm": {
					"rotation": [-75.59155, -3.37688, -101.97593],
					"position": [1, -1, 1]
				},
				"rightArm": {
					"rotation": [-90, 0, 17.5],
					"position": [0, -1, 0]
				},
				"leftLeg": {
					"rotation": [0, -55, -15],
					"position": [0, 0, 0]
				},
				"rightLeg": {
					"rotation": [0, 60, 15]
				}
			}
		},
		"animation.akaza05": {
			"loop": true,
			"animation_length": 1,
			"override_previous_animation": true,
			"bones": {
				"P1": {
					"rotation": {
						"0.0": [0, 0, 0],
						"1.0": [0, -360, 0]
					}
				},
				"P2": {
					"rotation": {
						"0.0": [0, 0, 0],
						"1.0": [0, 360, 0]
					}
				}
			}
		}
	}
}