{
	"format_version": "1.8.0",
	"animations": {
		"animation.beast0": {
			"loop": true,
			"animation_length": 0.08333,
			"override_previous_animation": true,
			"bones": {
				"root": {
					"rotation": [0, "query.target_y_rotation - this + 180 * v.is_first_person", 0]
				},
				"rightArm": {
					"rotation": [-90, 0, 45]
				},
				"leftArm": {
					"rotation": [-90, 0, -45]
				}
			},
			"particle_effects": {
				"0.0": [
					{
						"effect": "beast0",
						"locator": "point1"
					},
					{
						"effect": "beast0",
						"locator": "point2"
					}
				]
			}
		},
		"animation.beast1": {
			"animation_length": 1,
			"override_previous_animation": true,
			"bones": {
				"root": {
					"rotation": [0, "query.target_y_rotation - this + 180 * v.is_first_person", 0]
				},
				"rightArm": {
					"rotation": [-90, 0, 0]
				},
				"NichirinR": {
					"rotation": [-90, 0, 0]
				},
				"leftArm": {
					"rotation": [-90, 0, 0]
				},
				"NichirinL": {
					"rotation": [-90, 0, 0]
				}
			},
			"particle_effects": {
				"0.0": [
					{
						"effect": "beast1",
						"locator": "point1"
					},
					{
						"effect": "beast1",
						"locator": "point2"
					}
				],
				"0.0833": [
					{
						"effect": "beast1",
						"locator": "point1"
					},
					{
						"effect": "beast1",
						"locator": "point2"
					}
				],
				"0.1667": [
					{
						"effect": "beast1",
						"locator": "point1"
					},
					{
						"effect": "beast1",
						"locator": "point2"
					}
				],
				"0.25": [
					{
						"effect": "beast1",
						"locator": "point1"
					},
					{
						"effect": "beast1",
						"locator": "point2"
					}
				],
				"0.3333": [
					{
						"effect": "beast1",
						"locator": "point1"
					},
					{
						"effect": "beast1",
						"locator": "point2"
					}
				],
				"0.4167": [
					{
						"effect": "beast1",
						"locator": "point1"
					},
					{
						"effect": "beast1",
						"locator": "point2"
					}
				],
				"0.5": [
					{
						"effect": "beast1",
						"locator": "point1"
					},
					{
						"effect": "beast1",
						"locator": "point2"
					}
				],
				"0.5833": [
					{
						"effect": "beast1",
						"locator": "point1"
					},
					{
						"effect": "beast1",
						"locator": "point2"
					}
				],
				"0.6667": [
					{
						"effect": "beast1",
						"locator": "point1"
					},
					{
						"effect": "beast1",
						"locator": "point2"
					}
				],
				"0.75": [
					{
						"effect": "beast1",
						"locator": "point1"
					},
					{
						"effect": "beast1",
						"locator": "point2"
					}
				],
				"0.8333": [
					{
						"effect": "beast1",
						"locator": "point1"
					},
					{
						"effect": "beast1",
						"locator": "point2"
					}
				],
				"0.9167": [
					{
						"effect": "beast1",
						"locator": "point1"
					},
					{
						"effect": "beast1",
						"locator": "point2"
					}
				],
				"1.0": [
					{
						"effect": "beast1",
						"locator": "point1"
					},
					{
						"effect": "beast1",
						"locator": "point2"
					}
				]
			}
		},
		"animation.beast2": {
			"loop": true,
			"animation_length": 1,
			"override_previous_animation": true,
			"bones": {
				"root": {
					"rotation": [0, "query.target_y_rotation - this + 180 * v.is_first_person", 0]
				},
				"rightArm": {
					"rotation": {
						"0.0": [-90, 10, 0],
						"0.5": [-3.45118, 9.39129, -20.28356]
					}
				},
				"NichirinR": {
					"rotation": [0, 30, 0]
				},
				"leftArm": {
					"rotation": {
						"0.0": [-90, 10, 0],
						"0.5": [3.45118, 9.39129, 20.28356]
					}
				},
				"NichirinL": {
					"rotation": [0, -30, 0]
				}
			},
			"particle_effects": {
				"0.0": [
					{
						"effect": "beast2",
						"locator": "point1"
					},
					{
						"effect": "beast2",
						"locator": "point2"
					}
				],
				"0.0833": [
					{
						"effect": "beast0",
						"locator": "point1"
					},
					{
						"effect": "beast0",
						"locator": "point2"
					}
				],
				"0.1667": [
					{
						"effect": "beast2",
						"locator": "point1"
					},
					{
						"effect": "beast2",
						"locator": "point2"
					}
				],
				"0.25": [
					{
						"effect": "beast0",
						"locator": "point1"
					},
					{
						"effect": "beast0",
						"locator": "point2"
					}
				],
				"0.3333": [
					{
						"effect": "beast2",
						"locator": "point1"
					},
					{
						"effect": "beast2",
						"locator": "point2"
					}
				],
				"0.4167": [
					{
						"effect": "beast0",
						"locator": "point1"
					},
					{
						"effect": "beast0",
						"locator": "point2"
					}
				],
				"0.5": [
					{
						"effect": "beast2",
						"locator": "point1"
					},
					{
						"effect": "beast2",
						"locator": "point2"
					}
				]
			}
		}
	}
}
