{
	"format_version": "1.8.0",
	"animations": {
		"animation.bloodsickle01": {
			"loop": "hold_on_last_frame",
			"animation_length": 0.2,
			"override_previous_animation": true,
			"bones": {
				"root": {
					"position": {
						"0.0": [0, -1, 0],
						"0.2": [0, -3, 0]
					}
				},
				"body": {
					"rotation": {
						"0.0": [0, 0, 0],
						"0.2": [49.90973, 2.89422, 1.54905]
					},
					"position": {
						"0.0": [0, 0, 0],
						"0.2": [0, -5, -9]
					}
				},
				"head": {
					"rotation": {
						"0.0": [0, 0, 0],
						"0.2": [12.5, 0, 0]
					}
				},
				"leftArm": {
					"rotation": {
						"0.0": [3.41527, 19.291, 5.38152],
						"0.2": [-239.08473, 19.291, 5.38152]
					}
				},
				"rightArm": {
					"rotation": {
						"0.0": [0.91527, -19.291, -5.38152],
						"0.2": [-244.08473, -19.291, -5.38152]
					}
				},
				"leftLeg": {
					"rotation": {
						"0.0": [-0.00508, 1.5716, -2.09118],
						"0.2": [24.91643, 2.11089, -4.53359]
					}
				},
				"rightLeg": {
					"rotation": {
						"0.0": [-0.14937, -0.53584, 0.52827],
						"0.2": [-39.02504, 9.57658, 11.59948]
					}
				}
			}
		},
		"animation.bloodsickle1": {
			"animation_length": 1.7,
			"override_previous_animation": true,
			"bones": {
				"root": {
					"rotation": [25, 0, 0],
					"position": [0, -3, 0]
				},
				"body": {
					"rotation": {
						"0.0": [29.21178, 5.1607, 3.18361],
						"1.0": [-30, 0, 0],
						"1.1": [10, 0, 0],
						"1.3": [10, 0, 0],
						"1.5": [-30, 0, 0]
					},
					"position": {
						"0.0": [0, -1, -6],
						"1.0": [0, -2, 6],
						"1.1": [0, 0, -2],
						"1.3": [0, 0, -2],
						"1.5": [0, -1, 6]
					}
				},
				"head": {
					"rotation": {
						"0.0": [-32.5, 0, 0],
						"0.1": [-17.5, 0, 0],
						"0.5": [7.5, 0, 0]
					}
				},
				"leftArm": {
					"rotation": {
						"0.0": [270.87918, -10.70549, 4.9158],
						"0.2": [50.87918, -10.70549, 34.9158],
						"0.3": [265.87918, -10.70549, 4.9158],
						"0.4": [55.87918, -10.70549, 44.9158],
						"0.5": [280.87918, -10.70549, 4.9158],
						"0.6": [43.37918, -10.70549, 29.9158],
						"0.7": [263.37918, -10.70549, 4.9158],
						"0.8": [55.87918, -10.70549, 29.9158],
						"0.9": [275.87918, -10.70549, 4.9158],
						"1.1": [275.88, -10.71, 4.92],
						"1.3": [275.88, -10.71, 4.92],
						"1.5": [48.38, -10.71, 4.92]
					}
				},
				"rightArm": {
					"rotation": {
						"0.0": [270.95875, 25.70359, -4.66327],
						"0.1": [68.48489, 3.69673, -48.81018],
						"0.2": [253.48489, 3.69673, -23.81018],
						"0.3": [60.98489, 3.69673, -48.81018],
						"0.4": [258.48489, 3.69673, -23.81018],
						"0.5": [65.98489, 3.69673, -53.81018],
						"0.6": [273.48489, 3.69673, -23.81018],
						"0.7": [60.98489, 3.69673, -48.81018],
						"0.8": [268.48489, 3.69673, -23.81018],
						"0.9": [33.48489, 3.69673, -53.81018],
						"1.1": [278.48, 3.7, -23.81],
						"1.3": [278.48, 3.7, -23.81],
						"1.5": [43.48, 3.7, -23.81]
					}
				},
				"leftLeg": {
					"rotation": [24.91643, 2.11089, -4.53359]
				},
				"rightLeg": {
					"rotation": [-39.02504, 9.57658, 11.59948]
				}
			},
			"sound_effects": {
				"0.0": {
					"effect": "sweep"
				},
				"0.2": {
					"effect": "sweep"
				},
				"0.4": {
					"effect": "sweep"
				},
				"0.6": {
					"effect": "sweep"
				},
				"0.8": {
					"effect": "sweep"
				},
				"1.0": {
					"effect": "sweep"
				},
				"1.2": {
					"effect": "sweep"
				},
				"1.5": {
					"effect": "explode"
				}
			},
			"particle_effects": {
				"0.0": [
					{
						"effect": "bloodsickle2",
						"locator": "p1"
					},
					{
						"effect": "bloodsickle2",
						"locator": "p2"
					}
				],
				"0.2": [
					{
						"effect": "bloodsickle2",
						"locator": "p1"
					},
					{
						"effect": "bloodsickle2",
						"locator": "p2"
					}
				],
				"0.5": [
					{
						"effect": "bloodsickle2",
						"locator": "p1"
					},
					{
						"effect": "bloodsickle2",
						"locator": "p2"
					}
				],
				"0.8": [
					{
						"effect": "bloodsickle2",
						"locator": "p1"
					},
					{
						"effect": "bloodsickle2",
						"locator": "p2"
					}
				],
				"1.0": [
					{
						"effect": "bloodsickle2",
						"locator": "p1"
					},
					{
						"effect": "bloodsickle2",
						"locator": "p2"
					}
				],
				"1.3": [
					{
						"effect": "bloodsickle2",
						"locator": "p1"
					},
					{
						"effect": "bloodsickle2",
						"locator": "p2"
					}
				]
			}
		},
		"animation.bloodsickle2": {
			"animation_length": 1.5,
			"override_previous_animation": true,
			"bones": {
				"head": {
					"rotation": {
						"0.0": [-32.5, 0, 0],
						"0.1": [-17.5, 0, 0],
						"0.5": [7.5, 0, 0]
					}
				},
				"leftArm": {
					"rotation": [0, 0, -90]
				},
				"rightArm": {
					"rotation": [0, 0, 87.5]
				},
				"leftLeg": {
					"rotation": [24.91643, 2.11089, -4.53359]
				},
				"rightLeg": {
					"rotation": [-39.02504, 9.57658, 11.59948]
				},
				"chigama": {
					"rotation": [-90, 90, -90]
				},
				"chigama2": {
					"rotation": [-90, -90, 90]
				}
			},
			"sound_effects": {
				"0.3": {
					"effect": "scythes"
				}
			},
			"particle_effects": {
				"0.3": [
					{
						"effect": "bloodsickle4",
						"locator": "p1"
					},
					{
						"effect": "bloodsickle4",
						"locator": "p2"
					}
				]
			}
		},
		"animation.bloodsickle02": {
			"loop": "hold_on_last_frame",
			"animation_length": 0.5,
			"override_previous_animation": true,
			"bones": {
				"head": {
					"rotation": {
						"0.0": [-32.5, 0, 0],
						"0.1": [-17.5, 0, 0],
						"0.5": [7.5, 0, 0]
					}
				},
				"leftArm": {
					"rotation": {
						"0.0": [0, 0, 0],
						"0.2": [0, 0, -90]
					}
				},
				"rightArm": {
					"rotation": {
						"0.0": [0, 0, 0],
						"0.2": [0, 0, 87.5]
					}
				},
				"leftLeg": {
					"rotation": [24.91643, 2.11089, -4.53359]
				},
				"rightLeg": {
					"rotation": [-39.02504, 9.57658, 11.59948]
				},
				"chigama": {
					"rotation": {
						"0.0": [0, -2.5, 0],
						"0.2": [-90, 90, -90]
					}
				},
				"chigama2": {
					"rotation": {
						"0.0": [0, 0, 0],
						"0.2": [-90, -90, 90]
					}
				}
			}
		},
		"animation.bloodsickle3": {
			"animation_length": 1,
			"override_previous_animation": true,
			"bones": {
				"root": {
					"rotation": {
						"0.0": [-0.75563, 12.70001, 15.57939],
						"0.1": [-8.391, -7.10374, -21.05942],
						"0.3": [0, 0, 0]
					}
				},
				"body": {
					"rotation": {
						"0.0": [-20, 0, 0],
						"0.2": [0, 0, 0],
						"0.4": [20, 0, 0],
						"0.5": [0, 0, 0],
						"0.7": [20, 0, 0],
						"0.8": [0, 0, 0]
					},
					"position": {
						"0.0": [0, 0, 4],
						"0.2": [0, 0, 0],
						"0.4": [0, 0, -4],
						"0.5": [0, 0, 0],
						"0.7": [0, 0, -4],
						"0.8": [0, 0, 0]
					}
				},
				"head": {
					"rotation": {
						"0.0": [15, 0, 0],
						"0.2": [-20, 0, 0],
						"0.5": [-5, 0, 0],
						"0.8": [-10, 0, 0]
					}
				},
				"leftArm": {
					"rotation": {
						"0.2": [0, 0, 0],
						"0.4": [-215.3335, 13.47157, 18.19144],
						"0.6": [-12.8335, 13.47157, 18.19144]
					}
				},
				"rightArm": {
					"rotation": {
						"0.0": [-201.26765, -7.52076, -18.58597],
						"0.3": [-33.76765, -7.52076, -18.58597],
						"0.5": [-33.77, -7.52, -18.59],
						"0.6": [-219.95176, -20.94934, -33.925],
						"0.8": [-22.45176, -20.94934, -33.925]
					}
				}
			}
		},
		"animation.bloodsickle03": {
			"loop": "hold_on_last_frame",
			"animation_length": 0.5,
			"override_previous_animation": true,
			"bones": {
				"head": {
					"rotation": {
						"0.0": [-32.5, 0, 0],
						"0.1": [-17.5, 0, 0],
						"0.5": [12.54624, 4.88119, 1.08482]
					}
				},
				"leftArm": {
					"rotation": [0, 0, 0]
				},
				"rightArm": {
					"rotation": {
						"0.0": [0, 0, 0],
						"0.2": [-206.06663, -9.08661, -17.89244]
					}
				},
				"leftLeg": {
					"rotation": [14.24768, 6.27967, -13.64973]
				},
				"rightLeg": {
					"rotation": [-16.52504, 9.57658, 11.59948]
				},
				"chigama": {
					"rotation": {
						"0.0": [0, -2.5, 0],
						"0.2": [-90, 90, -90]
					}
				},
				"chigama2": {
					"rotation": {
						"0.0": [0, 0, 0],
						"0.2": [-90, -90, 90]
					}
				},
				"root": {
					"rotation": {
						"0.0": [0, 0, 0],
						"0.2": [-10, 0, 0]
					}
				}
			}
		}
	}
}