{
	"format_version": "1.8.0",
	"animations": {
		"animation.daki_sash": {
			"loop": true,
			"override_previous_animation": true,
			"bones": {
				"Cld1": {
					"rotation": [0, 0, -45]
				},
				"Cl1": {
					"rotation": ["0+Math.cos(query.life_time * 100) * 45", "0+Math.cos(query.life_time * 100) * -25", "0+Math.cos(query.life_time * 100) * -30"]
				},
				"Cl2": {
					"rotation": ["0+Math.cos(query.life_time * 100) * 40", "0+Math.cos(query.life_time * 100) * 15", "0+Math.cos(query.life_time * 100) * -30"]
				},
				"Cl3": {
					"rotation": ["0+Math.cos(query.life_time * 100) * 15", 0, "0+Math.cos(query.life_time * 100) * -10"]
				},
				"Cld2": {
					"rotation": [0, 0, 45]
				},
				"Cl4": {
					"rotation": ["0+Math.cos(query.life_time * 100) * 45", "0+Math.cos(query.life_time * 100) * 25", "0+Math.cos(query.life_time * 100) * 30"]
				},
				"Cl5": {
					"rotation": ["0+Math.cos(query.life_time * 100) * 40", "0+Math.cos(query.life_time * 100) * -15", "0+Math.cos(query.life_time * 100) * 30"]
				},
				"Cl6": {
					"rotation": ["0+Math.cos(query.life_time * 100) * 15", 0, "0+Math.cos(query.life_time * 100) * 10"]
				}
			}
		},
		"animation.daki_sash_atk": {
			"animation_length": 0.5,
			"override_previous_animation": true,
			"bones": {
				"Cld1": {
					"rotation": {
						"0.0": [0, 0, 0],
						"0.2": [45, 0, 0]
					},
					"position": {
						"0.0": [0, 0, 0],
						"0.2": [0, -2, -2]
					}
				},
				"Cl1": {
					"rotation": {
						"0.0": [0, 0, 0],
						"0.2": [25.5341, -42.1651, -10.9384]
					},
					"position": {
						"0.0": [0, 0, 0],
						"0.2": [0, 2, -4]
					}
				},
				"Clo2": {
					"rotation": {
						"0.0": [0, 0, 0],
						"0.4": [27.5, 0, 0]
					}
				},
				"Clo4": {
					"rotation": {
						"0.0": [0, 0, 0],
						"0.35": [15.68313, -5.03173, -16.09605]
					}
				},
				"Clo6": {
					"rotation": {
						"0.0": [0, 0, 0],
						"0.3": [37.5, 0, 0]
					}
				},
				"Clo8": {
					"rotation": {
						"0.0": [0, 0, 0],
						"0.25": [10, 0, 0]
					}
				},
				"Cl2": {
					"rotation": {
						"0.0": [0, 0, 0],
						"0.2": [71.76808, -11.3349, -37.3282]
					},
					"position": {
						"0.0": [0, 0, 0],
						"0.2": [0, 1, 0]
					}
				},
				"Clo15": {
					"rotation": {
						"0.0": [0, 0, 0],
						"0.25": [10, 0, 0]
					}
				},
				"Clo17": {
					"rotation": {
						"0.0": [0, 0, 0],
						"0.3": [15, 0, 0]
					}
				},
				"Clo19": {
					"rotation": {
						"0.0": [0, 0, 0],
						"0.3": [25, 0, 0]
					}
				},
				"Clo21": {
					"rotation": {
						"0.0": [0, 0, 0],
						"0.25": [25, 0, 0]
					}
				},
				"Cl3": {
					"rotation": {
						"0.0": [0, 0, 0],
						"0.2": [30.09263, -59.6047, 6.8285]
					}
				},
				"Clo28": {
					"rotation": {
						"0.0": [0, 0, 0],
						"0.3": [17.5, 0, 0]
					}
				},
				"Clo30": {
					"rotation": {
						"0.0": [0, 0, 0],
						"0.2": [12.5, 0, 0]
					}
				},
				"Clo32": {
					"rotation": {
						"0.0": [0, 0, 0],
						"0.25": [17.5, 0, 0]
					}
				},
				"Clo34": {
					"rotation": {
						"0.0": [0, 0, 0],
						"0.3": [20, 0, 0]
					}
				},
				"Clo36": {
					"rotation": {
						"0.0": [0, 0, 0],
						"0.3": [25, 0, 0]
					}
				},
				"Cld2": {
					"rotation": {
						"0.0": [0, 0, 0],
						"0.2": [45, 0, 0]
					},
					"position": {
						"0.0": [0, 0, 0],
						"0.2": [0, -2, -2]
					}
				},
				"Cl4": {
					"rotation": {
						"0.0": [0, 0, 0],
						"0.2": [25.5341, 42.16506, 10.93844]
					},
					"position": {
						"0.0": [0, 0, 0],
						"0.2": [0, 2, -4]
					}
				},
				"Clo41": {
					"rotation": {
						"0.0": [0, 0, 0],
						"0.3": [52.5, 0, 0]
					}
				},
				"Clo43": {
					"rotation": {
						"0.0": [0, 0, 0],
						"0.35": [25, 0, 0]
					}
				},
				"Clo45": {
					"rotation": {
						"0.0": [0, 0, 0],
						"0.25": [17.5, 0, 0]
					}
				},
				"Clo47": {
					"rotation": {
						"0.0": [0, 0, 0],
						"0.3": [15, 0, 0]
					}
				},
				"Cl5": {
					"rotation": {
						"0.0": [0, 0, 0],
						"0.2": [71.76808, 11.33487, 37.32821]
					},
					"position": {
						"0.0": [0, 0, 0],
						"0.2": [0, 1, 0]
					}
				},
				"Clo54": {
					"rotation": {
						"0.0": [0, 0, 0],
						"0.25": [12.5, 0, 0]
					}
				},
				"Clo56": {
					"rotation": {
						"0.0": [0, 0, 0],
						"0.35": [15, 0, 0]
					}
				},
				"Clo58": {
					"rotation": {
						"0.0": [0, 0, 0],
						"0.25": [17.5, 0, 0]
					}
				},
				"Clo60": {
					"rotation": {
						"0.0": [0, 0, 0],
						"0.3": [22.5, 0, 0]
					}
				},
				"Cl6": {
					"rotation": {
						"0.0": [0, 0, 0],
						"0.2": [30.09263, 59.60471, -6.82848]
					}
				},
				"Clo67": {
					"rotation": {
						"0.0": [0, 0, 0],
						"0.25": [12.5, 0, 0]
					}
				},
				"Clo69": {
					"rotation": {
						"0.0": [0, 0, 0],
						"0.35": [12.5, 0, 0]
					},
					"scale": [1, 1, 1]
				},
				"Clo71": {
					"rotation": {
						"0.0": [0, 0, 0],
						"0.3": [15, 0, 0]
					}
				},
				"Clo73": {
					"rotation": {
						"0.0": [0, 0, 0],
						"0.3": [20, 0, 0]
					}
				},
				"Clo75": {
					"rotation": {
						"0.0": [0, 0, 0],
						"0.3": [25, 0, 0]
					}
				}
			}
		},
		"animation.daki_sash_block": {
			"loop": "hold_on_last_frame",
			"animation_length": 0.3,
			"override_previous_animation": true,
			"bones": {
				"Cld1": {
					"rotation": {
						"0.0": [0, 0, 0],
						"0.15": [0, 0, -45]
					}
				},
				"Clo1": {
					"rotation": {
						"0.15": [0, 0, 0],
						"0.3": [90, 0, 0]
					}
				},
				"Clo3": {
					"rotation": {
						"0.15": [0, 0, 0],
						"0.3": [25, 0, 0]
					}
				},
				"Clo5": {
					"rotation": {
						"0.15": [0, 0, 0],
						"0.3": [25, 0, 0]
					}
				},
				"Clo7": {
					"rotation": {
						"0.15": [0, 0, 0],
						"0.3": [25, 0, 0]
					}
				},
				"Clo9": {
					"rotation": {
						"0.15": [0, 0, 0],
						"0.3": [25, 0, 0]
					}
				},
				"Clo14": {
					"rotation": {
						"0.15": [0, 0, 0],
						"0.3": [90, 0, 0]
					}
				},
				"Clo16": {
					"rotation": {
						"0.15": [0, 0, 0],
						"0.3": [25, 0, 0]
					}
				},
				"Clo18": {
					"rotation": {
						"0.15": [0, 0, 0],
						"0.3": [25, 0, 0]
					}
				},
				"Clo20": {
					"rotation": {
						"0.15": [0, 0, 0],
						"0.3": [25, 0, 0]
					}
				},
				"Clo22": {
					"rotation": {
						"0.15": [0, 0, 0],
						"0.3": [25, 0, 0]
					}
				},
				"Clo24": {
					"rotation": {
						"0.15": [0, 0, 0],
						"0.3": [25, 0, 0]
					}
				},
				"Clo27": {
					"rotation": {
						"0.15": [0, 0, 0],
						"0.3": [90, 0, 0]
					}
				},
				"Clo29": {
					"rotation": {
						"0.15": [0, 0, 0],
						"0.3": [25, 0, 0]
					}
				},
				"Clo31": {
					"rotation": {
						"0.15": [0, 0, 0],
						"0.3": [25, 0, 0]
					}
				},
				"Clo33": {
					"rotation": {
						"0.15": [0, 0, 0],
						"0.3": [25, 0, 0]
					}
				},
				"Cld2": {
					"rotation": {
						"0.0": [0, 0, 0],
						"0.15": [0, 0, 45]
					}
				},
				"Clo40": {
					"rotation": {
						"0.15": [0, 0, 0],
						"0.3": [90, 0, 0]
					}
				},
				"Clo42": {
					"rotation": {
						"0.15": [0, 0, 0],
						"0.3": [25, 0, 0]
					}
				},
				"Clo44": {
					"rotation": {
						"0.15": [0, 0, 0],
						"0.3": [25, 0, 0]
					}
				},
				"Clo46": {
					"rotation": {
						"0.15": [0, 0, 0],
						"0.3": [25, 0, 0]
					}
				},
				"Clo48": {
					"rotation": {
						"0.15": [0, 0, 0],
						"0.3": [25, 0, 0]
					}
				},
				"Clo53": {
					"rotation": {
						"0.15": [0, 0, 0],
						"0.3": [90, 0, 0]
					}
				},
				"Clo55": {
					"rotation": {
						"0.15": [0, 0, 0],
						"0.3": [25, 0, 0]
					}
				},
				"Clo57": {
					"rotation": {
						"0.15": [0, 0, 0],
						"0.3": [25, 0, 0]
					}
				},
				"Clo59": {
					"rotation": {
						"0.15": [0, 0, 0],
						"0.3": [25, 0, 0]
					}
				},
				"Clo61": {
					"rotation": {
						"0.15": [0, 0, 0],
						"0.3": [25, 0, 0]
					}
				},
				"Clo63": {
					"rotation": {
						"0.15": [0, 0, 0],
						"0.3": [25, 0, 0]
					}
				},
				"Clo66": {
					"rotation": {
						"0.15": [0, 0, 0],
						"0.3": [90, 0, 0]
					}
				},
				"Clo68": {
					"rotation": {
						"0.15": [0, 0, 0],
						"0.3": [25, 0, 0]
					}
				},
				"Clo70": {
					"rotation": {
						"0.15": [0, 0, 0],
						"0.3": [25, 0, 0]
					}
				},
				"Clo72": {
					"rotation": {
						"0.15": [0, 0, 0],
						"0.3": [25, 0, 0]
					}
				}
			}
		}
	}
}