{
	"format_version": "1.8.0",
	"animations": {
		"animation.enmu_hand": {
			"loop": true,
			"animation_length": 4,
			"override_previous_animation": true,
			"bones": {
				"enmu_hand": {
					"rotation": {
						"0.0": [0, 0, 0],
						"1.0": [-5, 0, 0],
						"2.0": [0, 0, 0]
					}
				},
				"finger1": {
					"rotation": {
						"0.0": [0, 0, 0],
						"0.65": [12.5, 0, 0],
						"1.65": [12.5, 0, 0],
						"3.5": [0, 0, 0]
					}
				},
				"fingerd1": {
					"rotation": {
						"0.0": [0, 0, 0],
						"0.45": [35.1027, 4.09405, 2.87277],
						"1.45": [35.1027, 4.09405, 2.87277],
						"3.7": [0, 0, 0]
					}
				},
				"finger2": {
					"rotation": {
						"0.0": [0, 0, 0],
						"1.0": [25, 0, 0],
						"2.0": [25, 0, 0],
						"3.75": [0, 0, 0]
					}
				},
				"fingerd2": {
					"rotation": {
						"0.0": [0, 0, 0],
						"0.65": [35, 0, 0],
						"1.65": [35, 0, 0],
						"3.95": [0, 0, 0]
					}
				},
				"finger3": {
					"rotation": {
						"0.0": [0, 0, 0],
						"0.6": [32.5, 0, 0],
						"1.6": [32.5, 0, 0],
						"3.95": [0, 0, 0]
					}
				},
				"fingerd3": {
					"rotation": {
						"0.0": [0, 0, 0],
						"1.35": [32.5, 0, 0],
						"2.35": [32.5, 0, 0],
						"3.95": [0, 0, 0]
					}
				},
				"finger4": {
					"rotation": {
						"0.0": [0, 0, 0],
						"1.0": [42.5, 0, 0],
						"2.0": [42.5, 0, 0],
						"4.0": [0, 0, 0]
					}
				},
				"fingerd4": {
					"rotation": {
						"0.0": [0, 0, 0],
						"0.5": [27.5, 0, 0],
						"1.5": [27.5, 0, 0],
						"4.0": [0, 0, 0]
					}
				},
				"finger5": {
					"rotation": {
						"0.0": [0, 0, 0],
						"1.0": [15, -7.5, 12.5],
						"3.5": [0, 0, 0]
					}
				},
				"fingerd5": {
					"rotation": {
						"0.0": [0, 0, 0],
						"1.0": [40.0375, -20.24347, -6.78832],
						"3.3": [0, 0, 0]
					}
				},
				"mouth_up": {
					"position": {
						"0.5": [0, 0, 0],
						"0.65": [0, -0.4, 0],
						"0.75": [0, -0.25, 0],
						"0.85": [0, 0.025, 0],
						"1.0": [0, 0, 0],
						"2.5": [0, 0, 0],
						"3.0": [0, -0.4, 0],
						"3.5": [0, 0, 0]
					},
					"scale": [1, 1, 1]
				},
				"mouth_down": {
					"position": {
						"0.5": [0, 0, 0],
						"0.65": [0, 0.1, 0],
						"0.75": [0, 0, 0],
						"0.85": [0, 0.05, 0],
						"1.0": [0, 0, 0],
						"2.5": [0, 0, 0],
						"2.75": [0, -0.02, 0],
						"3.0": [0, 0.1, 0],
						"3.25": [0, -0.07, 0],
						"3.5": [0, 0, 0]
					}
				}
			}
		}
	}
}