{
	"format_version": "1.8.0",
	"animations": {
		"animation.enmu_tentacle": {
			"loop": true,
			"animation_length": 1,
			"override_previous_animation": true,
			"bones": {
				"tentacle2": {
					"rotation": {
						"0.0": [0, 0, 0],
						"0.25": [-4.91492, 0.64686, 14.98637],
						"0.5": [25, 0, 0],
						"0.75": [37.58508, -0.64686, -14.98637],
						"1.0": [0, 0, 0]
					}
				},
				"tentacle3": {
					"rotation": {
						"0.0": [0, 0, 0],
						"0.5": [30, 0, 0],
						"1.0": [0, 0, 0]
					}
				},
				"tentacle4": {
					"rotation": {
						"0.0": [0, 0, 0],
						"0.5": [20, 0, 0],
						"1.0": [0, 0, 0]
					}
				},
				"tentacle5": {
					"rotation": {
						"0.0": [0, 0, 0],
						"0.5": [30, 0, 0],
						"1.0": [0, 0, 0]
					}
				},
				"tentacle6": {
					"rotation": {
						"0.0": [0, 0, 0],
						"0.5": [27.5, 0, 0],
						"1.0": [0, 0, 0]
					}
				}
			}
		}
	}
}