{
	"format_version": "1.8.0",
	"animations": {
		"animation.fish1": {
			"animation_length": 0.7,
			"override_previous_animation": true,
			"bones": {
				"body": {
				"rotation": {
				"0.0": ["-q.target_x_rotation", "-q.body_y_rotation", 0],
				"0.0": [15, -31, 26],
				"0.2": [63, -72, -33],
				"0.5": [0, 0, 0]
					},
					"position": {
						"0.0": [-15, 20, 20],
						"0.2": [-13, 12, 4],
						"0.5": [0, 0, 0]
					},
					"scale": {
						"0.0": [1, 1, 0.5],
						"0.2": [1, 1, 1]
					}
				}
			}
		},
		"animation.fish2": {
			"animation_length": 0.7,
			"override_previous_animation": true,
			"bones": {
				"body": {
				"rotation": {
				"0.0": ["-q.target_x_rotation", "-q.body_y_rotation", 0],
				"0.0": [20.04299, 19.15786, -9.85824],
				"0.2": [58.65733, 68.38338, 23.41226],
				"0.5": [0, 0, 0]
					},
					"position": {
						"0.0": [15, 20, 20],
						"0.2": [13, 12, 4],
						"0.5": [0, 0, 0]
					},
					"scale": {
						"0.0": [1, 1, 0.5],
						"0.2": [1, 1, 1]
					}
				}
			}
		}
	}
}
