{
	"format_version": "1.8.0",
	"animations": {
		"animation.flame0": {
			"loop": true,
			"animation_length": 0.25,
			"override_previous_animation": true,
			"bones": {
				"root": {
					"rotation": [0, "query.target_y_rotation - this + 180 * v.is_first_person", 0]
				},
				"rightArm": {
					"rotation": [-151.36675, 3.36063, -32.03444]
				}
			},
			"particle_effects": {
				"0.0": [
					{
						"effect": "flame0",
						"locator": "effect1"
					},
					{
						"effect": "flame0",
						"locator": "effect2"
					},
					{
						"effect": "flame0",
						"locator": "effect3"
					},
					{
						"effect": "flame0",
						"locator": "effect4"
					},
					{
						"effect": "flame0",
						"locator": "effect5"
					}
				]
			}
		},
		"animation.flame1": {
			"animation_length": 1,
			"override_previous_animation": true,
			"bones": {
				"root": {
					"rotation": [0, "query.target_y_rotation - this + 180 * v.is_first_person", 0]
				},
				"leftArm": {
					"rotation": {
						"0.0": [-28.65787, 49.18271, 54.16472],
						"0.5": [-28.66, 49.18, 54.16],
						"0.75": [-20.34079, 18.26587, 13.36186]
					}
				},
				"rightArm": {
					"rotation": {
						"0.0": [-117.56624, 17.7856, -64.08178],
						"0.5": [-117.57, 17.79, -64.08],
						"0.75": [-27.57, 17.79, -64.08]
					}
				}
			},
			"particle_effects": {
				"0.0": [
					{
						"effect": "flame1",
						"locator": "effect3"
					},
					{
						"effect": "flame1",
						"locator": "effect2"
					},
					{
						"effect": "flame1",
						"locator": "effect1"
					},
					{
						"effect": "flame1",
						"locator": "effect4"
					},
					{
						"effect": "flame1",
						"locator": "effect5"
					}
				],
				"0.25": [
					{
						"effect": "flame1",
						"locator": "effect3"
					},
					{
						"effect": "flame1",
						"locator": "effect2"
					},
					{
						"effect": "flame1",
						"locator": "effect1"
					},
					{
						"effect": "flame1",
						"locator": "effect4"
					},
					{
						"effect": "flame1",
						"locator": "effect5"
					}
				],
				"0.5": [
					{
						"effect": "flame1",
						"locator": "effect3"
					},
					{
						"effect": "flame1",
						"locator": "effect2"
					},
					{
						"effect": "flame1",
						"locator": "effect1"
					},
					{
						"effect": "flame1",
						"locator": "effect4"
					},
					{
						"effect": "flame1",
						"locator": "effect5"
					}
				],
				"0.75": [
					{
						"effect": "flame1",
						"locator": "effect3"
					},
					{
						"effect": "flame1",
						"locator": "effect2"
					},
					{
						"effect": "flame1",
						"locator": "effect1"
					},
					{
						"effect": "flame1",
						"locator": "effect4"
					},
					{
						"effect": "flame1",
						"locator": "effect5"
					}
				]
			}
		},
		"animation.flame2": {
			"animation_length": 0.66667,
			"override_previous_animation": true,
			"bones": {
				"root": {
					"rotation": [0, "query.target_y_rotation - this + 180 * v.is_first_person", 0]
				},
				"leftArm": {
					"rotation": {
						"0.0": [-28.65787, 49.18271, 54.16472],
						"0.25": [-20.34079, 18.26587, 13.36186]
					}
				},
				"rightArm": {
					"rotation": {
						"0.0": [-159.19227, 13.17823, -3.46713],
						"0.25": [-17.65303, -17.96791, 2.90399]
					}
				}
			},
			"particle_effects": {
				"0.0": [
					{
						"effect": "flame1",
						"locator": "effect3"
					},
					{
						"effect": "flame1",
						"locator": "effect2"
					},
					{
						"effect": "flame1",
						"locator": "effect1"
					},
					{
						"effect": "flame1",
						"locator": "effect4"
					},
					{
						"effect": "flame1",
						"locator": "effect5"
					}
				],
				"0.25": [
					{
						"effect": "flame1",
						"locator": "effect3"
					},
					{
						"effect": "flame1",
						"locator": "effect2"
					},
					{
						"effect": "flame1",
						"locator": "effect1"
					},
					{
						"effect": "flame1",
						"locator": "effect4"
					},
					{
						"effect": "flame1",
						"locator": "effect5"
					}
				]
			}
		},
		"animation.flame3": {
			"animation_length": 1.5,
			"override_previous_animation": true,
			"bones": {
				"leftArm": {
					"rotation": {
						"0.0": [-49.47633, 28.02432, 21.88151],
						"0.5": [-50.29918, 26.10916, 20.06981],
						"0.75": [-15.60557, 3.0104, -23.11725]
					}
				},
				"rightArm": {
					"rotation": {
						"0.0": [-54.73561, -42.66242, -1.8762],
						"0.5": [-54.74, -42.66, -1.88],
						"0.75": [7.76, -42.66, -1.88]
					}
				},
				"root": {
					"rotation": {
						"0.0": [0, "query.target_y_rotation - this + 180 * v.is_first_person", 0],
						"0.5": [10, "query.target_y_rotation - this + 180 * v.is_first_person", 0]
					}
				},
				"waist": {
					"rotation": {
						"0.0": [0, 0, 0],
						"0.5": [15, 0, 0]
					}
				}
			},
			"particle_effects": {
				"0.5": [
					{
						"effect": "flame1",
						"locator": "effect3"
					},
					{
						"effect": "flame1",
						"locator": "effect2"
					},
					{
						"effect": "flame1",
						"locator": "effect1"
					},
					{
						"effect": "flame1",
						"locator": "effect4"
					},
					{
						"effect": "flame1",
						"locator": "effect5"
					}
				],
				"0.75": [
					{
						"effect": "flame1",
						"locator": "effect3"
					},
					{
						"effect": "flame1",
						"locator": "effect2"
					},
					{
						"effect": "flame1",
						"locator": "effect1"
					},
					{
						"effect": "flame1",
						"locator": "effect4"
					},
					{
						"effect": "flame1",
						"locator": "effect5"
					}
				],
				"1.0": [
					{
						"effect": "flame1",
						"locator": "effect3"
					},
					{
						"effect": "flame1",
						"locator": "effect2"
					},
					{
						"effect": "flame1",
						"locator": "effect1"
					},
					{
						"effect": "flame1",
						"locator": "effect4"
					},
					{
						"effect": "flame1",
						"locator": "effect5"
					}
				],
				"1.25": [
					{
						"effect": "flame1",
						"locator": "effect3"
					},
					{
						"effect": "flame1",
						"locator": "effect2"
					},
					{
						"effect": "flame1",
						"locator": "effect1"
					},
					{
						"effect": "flame1",
						"locator": "effect4"
					},
					{
						"effect": "flame1",
						"locator": "effect5"
					}
				]
			}
		},
		"animation.flame4": {
			"animation_length": 1.5,
			"override_previous_animation": true,
			"bones": {
				"root": {
					"rotation": [0, "query.target_y_rotation - this + 180 * v.is_first_person", 0]
				},
				"leftArm": {
					"rotation": {
						"0.0": [-93.33962, 66.61523, -4.26572],
						"0.5": [-50.29918, 26.10916, 20.06981],
						"0.75": [-15.60557, 3.0104, -23.11725]
					}
				},
				"rightArm": {
					"rotation": {
						"0.0": [-222.23561, -42.66242, -1.8762],
						"0.5": [-54.74, -42.66, -1.88],
						"0.75": [-33.21919, -29.42613, 62.61166]
					}
				},
				"waist": {
					"rotation": {
						"0.0": [0, 0, 0],
						"0.5": [25.76926, -13.56626, -6.46066]
					}
				},
				"body": {
					"rotation": [0, 0, 0]
				},
				"head": {
					"rotation": {
						"0.0": [0, 0, 0],
						"0.5": [10, 0, 0]
					}
				}
			},
			"particle_effects": {
				"0.5": [
					{
						"effect": "flame1",
						"locator": "effect3"
					},
					{
						"effect": "flame1",
						"locator": "effect2"
					},
					{
						"effect": "flame1",
						"locator": "effect1"
					},
					{
						"effect": "flame1",
						"locator": "effect4"
					},
					{
						"effect": "flame1",
						"locator": "effect5"
					}
				],
				"0.75": [
					{
						"effect": "flame1",
						"locator": "effect3"
					},
					{
						"effect": "flame1",
						"locator": "effect2"
					},
					{
						"effect": "flame1",
						"locator": "effect1"
					},
					{
						"effect": "flame1",
						"locator": "effect4"
					},
					{
						"effect": "flame1",
						"locator": "effect5"
					}
				],
				"1.0": [
					{
						"effect": "flame1",
						"locator": "effect3"
					},
					{
						"effect": "flame1",
						"locator": "effect2"
					},
					{
						"effect": "flame1",
						"locator": "effect1"
					},
					{
						"effect": "flame1",
						"locator": "effect4"
					},
					{
						"effect": "flame1",
						"locator": "effect5"
					}
				],
				"1.25": [
					{
						"effect": "flame1",
						"locator": "effect3"
					},
					{
						"effect": "flame1",
						"locator": "effect2"
					},
					{
						"effect": "flame1",
						"locator": "effect1"
					},
					{
						"effect": "flame1",
						"locator": "effect4"
					},
					{
						"effect": "flame1",
						"locator": "effect5"
					}
				]
			}
		},
		"animation.flame5": {
			"animation_length": 1.5,
			"override_previous_animation": true,
			"bones": {
				"leftArm": {
					"rotation": {
						"0.0": [-93.33962, 66.61523, -4.26572],
						"0.5": [-50.29918, 26.10916, 20.06981],
						"0.75": [-15.60557, 3.0104, -23.11725]
					}
				},
				"rightArm": {
					"rotation": {
						"0.0": [-222.23561, -42.66242, -1.8762],
						"0.5": [-222.23561, -42.66242, -1.8762],
						"0.75": [-54.74, -42.66, -1.88],
						"1.0": [-33.21919, -29.42613, 62.61166]
					}
				},
				"waist": {
					"rotation": {
						"0.0": [0, 0, 0],
						"0.5": [24.6305, -30.29418, -6.06336]
					}
				},
				"body": {
					"rotation": {
						"0.0": [0, 0, 0],
						"0.5": [-22.5, 0, 0]
					},
					"position": {
						"0.0": [0, 0, 0],
						"0.5": [0, -1, 5]
					}
				},
				"head": {
					"rotation": {
						"0.0": [0, 0, 0],
						"0.5": [0, 15, 0]
					}
				},
				"root": {
					"rotation": {
						"0.0": [0, "query.target_y_rotation - this + 180 * v.is_first_person", 0],
						"0.25": [10, "query.target_y_rotation - this + 180 * v.is_first_person", 0]
					}
				}
			},
			"particle_effects": {
				"0.0": [
					{
						"effect": "flame1",
						"locator": "effect3"
					},
					{
						"effect": "flame1",
						"locator": "effect2"
					},
					{
						"effect": "flame1",
						"locator": "effect1"
					},
					{
						"effect": "flame1",
						"locator": "effect4"
					},
					{
						"effect": "flame1",
						"locator": "effect5"
					}
				],
				"0.0833": [
					{
						"effect": "flame1",
						"locator": "effect3"
					},
					{
						"effect": "flame1",
						"locator": "effect2"
					},
					{
						"effect": "flame1",
						"locator": "effect1"
					},
					{
						"effect": "flame1",
						"locator": "effect4"
					},
					{
						"effect": "flame1",
						"locator": "effect5"
					}
				],
				"0.1667": [
					{
						"effect": "flame1",
						"locator": "effect3"
					},
					{
						"effect": "flame1",
						"locator": "effect2"
					},
					{
						"effect": "flame1",
						"locator": "effect1"
					},
					{
						"effect": "flame1",
						"locator": "effect4"
					},
					{
						"effect": "flame1",
						"locator": "effect5"
					}
				],
				"0.25": [
					{
						"effect": "flame1",
						"locator": "effect3"
					},
					{
						"effect": "flame1",
						"locator": "effect2"
					},
					{
						"effect": "flame1",
						"locator": "effect1"
					},
					{
						"effect": "flame1",
						"locator": "effect4"
					},
					{
						"effect": "flame1",
						"locator": "effect5"
					}
				],
				"0.3333": [
					{
						"effect": "flame1",
						"locator": "effect3"
					},
					{
						"effect": "flame1",
						"locator": "effect2"
					},
					{
						"effect": "flame1",
						"locator": "effect1"
					},
					{
						"effect": "flame1",
						"locator": "effect4"
					},
					{
						"effect": "flame1",
						"locator": "effect5"
					}
				],
				"0.4167": [
					{
						"effect": "flame1",
						"locator": "effect3"
					},
					{
						"effect": "flame1",
						"locator": "effect2"
					},
					{
						"effect": "flame1",
						"locator": "effect1"
					},
					{
						"effect": "flame1",
						"locator": "effect4"
					},
					{
						"effect": "flame1",
						"locator": "effect5"
					}
				],
				"0.5": [
					{
						"effect": "flame1",
						"locator": "effect3"
					},
					{
						"effect": "flame1",
						"locator": "effect2"
					},
					{
						"effect": "flame1",
						"locator": "effect1"
					},
					{
						"effect": "flame1",
						"locator": "effect4"
					},
					{
						"effect": "flame1",
						"locator": "effect5"
					}
				],
				"0.5833": [
					{
						"effect": "flame1",
						"locator": "effect3"
					},
					{
						"effect": "flame1",
						"locator": "effect2"
					},
					{
						"effect": "flame1",
						"locator": "effect1"
					},
					{
						"effect": "flame1",
						"locator": "effect4"
					},
					{
						"effect": "flame1",
						"locator": "effect5"
					}
				],
				"0.6667": [
					{
						"effect": "flame1",
						"locator": "effect3"
					},
					{
						"effect": "flame1",
						"locator": "effect2"
					},
					{
						"effect": "flame1",
						"locator": "effect1"
					},
					{
						"effect": "flame1",
						"locator": "effect4"
					},
					{
						"effect": "flame1",
						"locator": "effect5"
					}
				],
				"0.75": [
					{
						"effect": "flame1",
						"locator": "effect3"
					},
					{
						"effect": "flame1",
						"locator": "effect2"
					},
					{
						"effect": "flame1",
						"locator": "effect1"
					},
					{
						"effect": "flame1",
						"locator": "effect4"
					},
					{
						"effect": "flame1",
						"locator": "effect5"
					}
				],
				"0.8333": [
					{
						"effect": "flame1",
						"locator": "effect3"
					},
					{
						"effect": "flame1",
						"locator": "effect2"
					},
					{
						"effect": "flame1",
						"locator": "effect1"
					},
					{
						"effect": "flame1",
						"locator": "effect4"
					},
					{
						"effect": "flame1",
						"locator": "effect5"
					}
				],
				"0.9167": [
					{
						"effect": "flame1",
						"locator": "effect3"
					},
					{
						"effect": "flame1",
						"locator": "effect2"
					},
					{
						"effect": "flame1",
						"locator": "effect1"
					},
					{
						"effect": "flame1",
						"locator": "effect4"
					},
					{
						"effect": "flame1",
						"locator": "effect5"
					}
				],
				"1.0": [
					{
						"effect": "flame1",
						"locator": "effect3"
					},
					{
						"effect": "flame1",
						"locator": "effect2"
					},
					{
						"effect": "flame1",
						"locator": "effect1"
					},
					{
						"effect": "flame1",
						"locator": "effect4"
					},
					{
						"effect": "flame1",
						"locator": "effect5"
					}
				],
				"1.0833": [
					{
						"effect": "flame1",
						"locator": "effect3"
					},
					{
						"effect": "flame1",
						"locator": "effect2"
					},
					{
						"effect": "flame1",
						"locator": "effect1"
					},
					{
						"effect": "flame1",
						"locator": "effect4"
					},
					{
						"effect": "flame1",
						"locator": "effect5"
					}
				],
				"1.1667": [
					{
						"effect": "flame1",
						"locator": "effect3"
					},
					{
						"effect": "flame1",
						"locator": "effect2"
					},
					{
						"effect": "flame1",
						"locator": "effect1"
					},
					{
						"effect": "flame1",
						"locator": "effect4"
					},
					{
						"effect": "flame1",
						"locator": "effect5"
					}
				],
				"1.25": [
					{
						"effect": "flame1",
						"locator": "effect3"
					},
					{
						"effect": "flame1",
						"locator": "effect2"
					},
					{
						"effect": "flame1",
						"locator": "effect1"
					},
					{
						"effect": "flame1",
						"locator": "effect4"
					},
					{
						"effect": "flame1",
						"locator": "effect5"
					}
				],
				"1.3333": [
					{
						"effect": "flame1",
						"locator": "effect3"
					},
					{
						"effect": "flame1",
						"locator": "effect2"
					},
					{
						"effect": "flame1",
						"locator": "effect1"
					},
					{
						"effect": "flame1",
						"locator": "effect4"
					},
					{
						"effect": "flame1",
						"locator": "effect5"
					}
				],
				"1.4167": [
					{
						"effect": "flame1",
						"locator": "effect3"
					},
					{
						"effect": "flame1",
						"locator": "effect2"
					},
					{
						"effect": "flame1",
						"locator": "effect1"
					},
					{
						"effect": "flame1",
						"locator": "effect4"
					},
					{
						"effect": "flame1",
						"locator": "effect5"
					}
				]
			}
		}
	}
}