{
	"format_version": "1.8.0",
	"animations": {
		"animation.nichirin_first_person": {
			"loop": true,
			"animation_length": 0.125,
			"bones": {
				"rightArm": {
					"rotation": [0, 40, 60],
					"position": [2.5, 3.5, -3]
				}
			}
		},
		"animation.nichirins_first_person": {
			"loop": true,
			"animation_length": 0.125,
			"bones": {
				"rightArm": {
					"rotation": [0, 40, 60],
					"position": [2.5, 3.5, -3]
				},
				"leftArm": {
					"rotation": [-90, 180, 5],
					"position": [-15, -7, 10]
				}
			}
		}
	}
}
