{
	"format_version": "1.8.0",
	"animations": {
		"animation.love5": {
			"animation_length": 0.5,
			"override_previous_animation": true,
			"bones": {
				"root": {
					"rotation": {
						"0.0": [0, "query.target_y_rotation - this + 180 * v.is_first_person", 0],
						"0.5": [0, "query.target_y_rotation - this + 540 * v.is_first_person - 360", 0]
					}
				},
				"waist": {
					"rotation": {
						"0.0": [0, 0, 0],
						"0.25": [45, 0, 0],
						"0.5": [0, 0, 0]
					}
				},
				"head": {
					"rotation": {
						"0.0": [0, 0, 0],
						"0.25": [45, 0, 0],
						"0.5": [0, 0, 0]
					}
				},
				"rightArm": {
					"rotation": {
						"0.0": [0, 0, 0],
						"0.1": [-90, 0, -90],
						"0.4": [-90, 0, -90],
						"0.5": [-17.89244, 9.08661, -26.43337]
					}
				}
			}
		},
		"animation.love4": {
			"animation_length": 1.5,
			"override_previous_animation": true,
			"bones": {
				"root": {
					"rotation": [0, "query.target_y_rotation - this + 180 * v.is_first_person", 0]
				},
				"rightArm": {
					"rotation": {
						"0.0": [0, 0, 0],
						"0.1": [-149.74333, -16.56473, -26.6345],
						"0.15": [-149.74, -16.56, -26.63],
						"0.3": [32.76, -16.56, -26.63]
					}
				}
			},
			"particle_effects": {
				"0.3": [
					{
						"effect": "love4",
						"locator": "p1"
					},
					{
						"effect": "love4",
						"locator": "p2"
					},
					{
						"effect": "love4",
						"locator": "p3"
					},
					{
						"effect": "love4",
						"locator": "p4"
					},
					{
						"effect": "love4",
						"locator": "p5"
					}
				]
			}
		},
		"animation.love3": {
			"animation_length": 2,
			"override_previous_animation": true,
			"bones": {
				"root": {
					"rotation": {
						"0.0": [0, "query.target_y_rotation - this + 180 * v.is_first_person", 0],
						"0.2": [20, "query.target_y_rotation - this + 180 * v.is_first_person", 0]
					}
				},
				"waist": {
					"rotation": {
						"0.0": [0, 0, 0],
						"0.2": [-20, 37.5, 0],
						"0.3": [0, -37.5, 0],
						"0.4": [12.5, -37.5, 0],
						"0.5": [-20, 42.5, 0],
						"0.6": [15, -40, 0],
						"0.7": [0, 27.5, 0],
						"0.8": [-12.5, 27.5, 0],
						"1.0": [25, -32.5, 0],
						"1.1": [-12.5, 35, 0],
						"1.2": [0, 35, 0],
						"1.4": [12.5, -42.5, 0]
					}
				},
				"rightArm": {
					"rotation": {
						"0.0": [0, 0, 0],
						"0.1": [-216.65996, -17.26588, -21.741],
						"0.15": [-216.65996, -17.26588, -21.741],
						"0.3": [-19.15996, -17.26588, -21.741],
						"0.4": [-19.16, -17.27, -21.74],
						"0.5": [-207.47673, -10.9369, -60.56171],
						"0.6": [-22.47673, -10.9369, -60.56171],
						"0.7": [-230.36368, 19.5414, -51.20732],
						"0.8": [-230.36, 19.54, -51.21],
						"0.9": [-31.10904, -8.23614, -34.07821],
						"1.0": [-31.11, -8.24, -34.08],
						"1.1": [-255.17293, 10.6946, -53.70966],
						"1.2": [-255.17, 10.69, -53.71],
						"1.4": [-40.116, -32.05589, -17.50684]
					}
				}
			},
			"particle_effects": {
				"0.0": [
					{
						"effect": "love3",
						"locator": "p1"
					},
					{
						"effect": "love3",
						"locator": "p2"
					},
					{
						"effect": "love3",
						"locator": "p3"
					},
					{
						"effect": "love3",
						"locator": "p4"
					},
					{
						"effect": "love3",
						"locator": "p5"
					},
					{
						"effect": "love03",
						"locator": "p1"
					},
					{
						"effect": "love03",
						"locator": "p2"
					},
					{
						"effect": "love03",
						"locator": "p3"
					},
					{
						"effect": "love03",
						"locator": "p4"
					},
					{
						"effect": "love03",
						"locator": "p5"
					}
				],
				"0.5": [
					{
						"effect": "love3",
						"locator": "p6"
					},
					{
						"effect": "love3",
						"locator": "p7"
					},
					{
						"effect": "love3",
						"locator": "p8"
					},
					{
						"effect": "love3",
						"locator": "p9"
					},
					{
						"effect": "love3",
						"locator": "p10"
					},
					{
						"effect": "love03",
						"locator": "p6"
					},
					{
						"effect": "love03",
						"locator": "p7"
					},
					{
						"effect": "love03",
						"locator": "p8"
					},
					{
						"effect": "love03",
						"locator": "p9"
					},
					{
						"effect": "love03",
						"locator": "p10"
					}
				]
			}
		},
		"animation.love2": {
			"animation_length": 1.5,
			"override_previous_animation": true,
			"bones": {
				"root": {
					"rotation": {
						"0.0": [0, "query.target_y_rotation - this + 180 * v.is_first_person", 0],
						"0.1": [0, "query.target_y_rotation - this + 180 * v.is_first_person + 20", 0],
						"0.3": [0, "query.target_y_rotation - this + 180 * v.is_first_person -7.5", 0],
						"0.4": [0, "query.target_y_rotation - this + 180 * v.is_first_person + 55", 0],
						"0.7": [0, "query.target_y_rotation - this + 180 * v.is_first_person -45", 0],
						"0.8": [0, "query.target_y_rotation - this + 180 * v.is_first_person -45", 0],
						"0.9": [0, "query.target_y_rotation - this + 180 * v.is_first_person -5", 0],
						"1.1": [0, "query.target_y_rotation - this + 180 * v.is_first_person -160", 0]
					}
				},
				"waist": {
					"rotation": {
						"0.0": [0, 0, 0],
						"0.1": [0, 27.5, 0],
						"0.3": [0, -30, 0],
						"0.4": [0, 30, 0],
						"0.5": [0, 30, 0],
						"0.7": [0, -30, 0],
						"0.8": [0, -30, 0],
						"0.9": [0, 20, 0],
						"1.1": [0, -5, 0]
					}
				},
				"rightArm": {
					"rotation": {
						"0.0": [0, 0, 0],
						"0.1": [-228.69575, 31.16686, -30.49835],
						"0.3": [-32.03074, 19.77322, -55.25192],
						"0.4": [-212.89822, 30.18227, -39.68861],
						"0.5": [-212.9, 30.18, -39.69],
						"0.7": [31.23454, -10.00587, 6.68468],
						"0.8": [31.23, -10.01, 6.68],
						"0.9": [-239.73784, 1.1781, -12.9317],
						"1.0": [-239.74, 1.18, -12.93],
						"1.1": [52.76, 1.18, -12.93]
					}
				}
			},
			"particle_effects": {
				"0.0": [
					{
						"effect": "love2",
						"locator": "p1"
					},
					{
						"effect": "love2",
						"locator": "p2"
					},
					{
						"effect": "love2",
						"locator": "p3"
					},
					{
						"effect": "love2",
						"locator": "p4"
					},
					{
						"effect": "love2",
						"locator": "p5"
					},
					{
						"effect": "love2",
						"locator": "p6"
					},
					{
						"effect": "love2",
						"locator": "p7"
					},
					{
						"effect": "love2",
						"locator": "p8"
					},
					{
						"effect": "love2",
						"locator": "p9"
					},
					{
						"effect": "love2",
						"locator": "p10"
					}
				],
				"0.5": [
					{
						"effect": "love2",
						"locator": "p1"
					},
					{
						"effect": "love2",
						"locator": "p2"
					},
					{
						"effect": "love2",
						"locator": "p3"
					},
					{
						"effect": "love2",
						"locator": "p4"
					},
					{
						"effect": "love2",
						"locator": "p5"
					},
					{
						"effect": "love2",
						"locator": "p6"
					},
					{
						"effect": "love2",
						"locator": "p7"
					},
					{
						"effect": "love2",
						"locator": "p8"
					},
					{
						"effect": "love2",
						"locator": "p9"
					},
					{
						"effect": "love2",
						"locator": "p10"
					}
				]
			}
		},
		"animation.love0": {
			"loop": true,
			"animation_length": 0.2,
			"override_previous_animation": true,
			"bones": {
				"root": {
					"rotation": [0, "query.target_y_rotation - this + 180 * v.is_first_person", 0]
				},
				"rightArm": {
					"rotation": [-222.18626, -17.38772, -18.2489]
				}
			},
			"particle_effects": {
				"0.0": [
					{
						"effect": "love1",
						"locator": "p1"
					},
					{
						"effect": "love1",
						"locator": "p2"
					},
					{
						"effect": "love1",
						"locator": "p3"
					},
					{
						"effect": "love1",
						"locator": "p4"
					},
					{
						"effect": "love1",
						"locator": "p5"
					},
					{
						"effect": "love1",
						"locator": "p6"
					},
					{
						"effect": "love1",
						"locator": "p7"
					},
					{
						"effect": "love1",
						"locator": "p8"
					},
					{
						"effect": "love1",
						"locator": "p9"
					},
					{
						"effect": "love1",
						"locator": "p10"
					}
				]
			}
		},
		"animation.love1": {
			"animation_length": 1,
			"override_previous_animation": true,
			"bones": {
				"root": {
					"rotation": [0, "query.target_y_rotation - this + 180 * v.is_first_person", 0]
				},
				"rightArm": {
					"rotation": {
						"0.0": [0, 0, 0],
						"0.1": [-137.20513, -18.88952, -16.68541],
						"0.3": [-9.70513, -18.88952, -16.68541],
						"0.4": [-21.15085, -0.45902, 44.28207],
						"0.5": [18.84915, -0.45902, 44.28207],
						"0.6": [-136.18136, 17.80062, -27.15125],
						"0.7": [-138.60208, -4.51656, -47.47152],
						"0.9": [8.89792, -4.51656, -47.47152]
					}
				}
			},
			"particle_effects": {
				"0.0": [
					{
						"effect": "love01",
						"locator": "p1"
					},
					{
						"effect": "love1",
						"locator": "p1"
					},
					{
						"effect": "love1",
						"locator": "p2"
					},
					{
						"effect": "love1",
						"locator": "p3"
					},
					{
						"effect": "love1",
						"locator": "p4"
					},
					{
						"effect": "love1",
						"locator": "p5"
					},
					{
						"effect": "love1",
						"locator": "p6"
					},
					{
						"effect": "love1",
						"locator": "p7"
					},
					{
						"effect": "love1",
						"locator": "p8"
					},
					{
						"effect": "love1",
						"locator": "p9"
					},
					{
						"effect": "love1",
						"locator": "p10"
					}
				],
				"0.1": [
					{
						"effect": "love1",
						"locator": "p1"
					},
					{
						"effect": "love1",
						"locator": "p2"
					},
					{
						"effect": "love1",
						"locator": "p3"
					},
					{
						"effect": "love1",
						"locator": "p4"
					},
					{
						"effect": "love1",
						"locator": "p5"
					},
					{
						"effect": "love1",
						"locator": "p6"
					},
					{
						"effect": "love1",
						"locator": "p7"
					},
					{
						"effect": "love1",
						"locator": "p8"
					},
					{
						"effect": "love1",
						"locator": "p9"
					},
					{
						"effect": "love1",
						"locator": "p10"
					}
				],
				"0.2": [
					{
						"effect": "love1",
						"locator": "p1"
					},
					{
						"effect": "love1",
						"locator": "p2"
					},
					{
						"effect": "love1",
						"locator": "p3"
					},
					{
						"effect": "love1",
						"locator": "p4"
					},
					{
						"effect": "love1",
						"locator": "p5"
					},
					{
						"effect": "love1",
						"locator": "p6"
					},
					{
						"effect": "love1",
						"locator": "p7"
					},
					{
						"effect": "love1",
						"locator": "p8"
					},
					{
						"effect": "love1",
						"locator": "p9"
					},
					{
						"effect": "love1",
						"locator": "p10"
					}
				],
				"0.3": [
					{
						"effect": "love1",
						"locator": "p1"
					},
					{
						"effect": "love1",
						"locator": "p2"
					},
					{
						"effect": "love1",
						"locator": "p3"
					},
					{
						"effect": "love1",
						"locator": "p4"
					},
					{
						"effect": "love1",
						"locator": "p5"
					},
					{
						"effect": "love1",
						"locator": "p6"
					},
					{
						"effect": "love1",
						"locator": "p7"
					},
					{
						"effect": "love1",
						"locator": "p8"
					},
					{
						"effect": "love1",
						"locator": "p9"
					},
					{
						"effect": "love1",
						"locator": "p10"
					}
				],
				"0.4": [
					{
						"effect": "love1",
						"locator": "p1"
					},
					{
						"effect": "love1",
						"locator": "p2"
					},
					{
						"effect": "love1",
						"locator": "p3"
					},
					{
						"effect": "love1",
						"locator": "p4"
					},
					{
						"effect": "love1",
						"locator": "p5"
					},
					{
						"effect": "love1",
						"locator": "p6"
					},
					{
						"effect": "love1",
						"locator": "p7"
					},
					{
						"effect": "love1",
						"locator": "p8"
					},
					{
						"effect": "love1",
						"locator": "p9"
					},
					{
						"effect": "love1",
						"locator": "p10"
					}
				],
				"0.5": [
					{
						"effect": "love1",
						"locator": "p1"
					},
					{
						"effect": "love1",
						"locator": "p2"
					},
					{
						"effect": "love1",
						"locator": "p3"
					},
					{
						"effect": "love1",
						"locator": "p4"
					},
					{
						"effect": "love1",
						"locator": "p5"
					},
					{
						"effect": "love1",
						"locator": "p6"
					},
					{
						"effect": "love1",
						"locator": "p7"
					},
					{
						"effect": "love1",
						"locator": "p8"
					},
					{
						"effect": "love1",
						"locator": "p9"
					},
					{
						"effect": "love1",
						"locator": "p10"
					}
				],
				"0.6": [
					{
						"effect": "love1",
						"locator": "p1"
					},
					{
						"effect": "love1",
						"locator": "p2"
					},
					{
						"effect": "love1",
						"locator": "p3"
					},
					{
						"effect": "love1",
						"locator": "p4"
					},
					{
						"effect": "love1",
						"locator": "p5"
					},
					{
						"effect": "love1",
						"locator": "p6"
					},
					{
						"effect": "love1",
						"locator": "p7"
					},
					{
						"effect": "love1",
						"locator": "p8"
					},
					{
						"effect": "love1",
						"locator": "p9"
					},
					{
						"effect": "love1",
						"locator": "p10"
					}
				],
				"0.7": [
					{
						"effect": "love1",
						"locator": "p1"
					},
					{
						"effect": "love1",
						"locator": "p2"
					},
					{
						"effect": "love1",
						"locator": "p3"
					},
					{
						"effect": "love1",
						"locator": "p4"
					},
					{
						"effect": "love1",
						"locator": "p5"
					},
					{
						"effect": "love1",
						"locator": "p6"
					},
					{
						"effect": "love1",
						"locator": "p7"
					},
					{
						"effect": "love1",
						"locator": "p8"
					},
					{
						"effect": "love1",
						"locator": "p9"
					},
					{
						"effect": "love1",
						"locator": "p10"
					}
				],
				"0.8": [
					{
						"effect": "love1",
						"locator": "p1"
					},
					{
						"effect": "love1",
						"locator": "p2"
					},
					{
						"effect": "love1",
						"locator": "p3"
					},
					{
						"effect": "love1",
						"locator": "p4"
					},
					{
						"effect": "love1",
						"locator": "p5"
					},
					{
						"effect": "love1",
						"locator": "p6"
					},
					{
						"effect": "love1",
						"locator": "p7"
					},
					{
						"effect": "love1",
						"locator": "p8"
					},
					{
						"effect": "love1",
						"locator": "p9"
					},
					{
						"effect": "love1",
						"locator": "p10"
					}
				],
				"0.9": [
					{
						"effect": "love1",
						"locator": "p1"
					},
					{
						"effect": "love1",
						"locator": "p2"
					},
					{
						"effect": "love1",
						"locator": "p3"
					},
					{
						"effect": "love1",
						"locator": "p4"
					},
					{
						"effect": "love1",
						"locator": "p5"
					},
					{
						"effect": "love1",
						"locator": "p6"
					},
					{
						"effect": "love1",
						"locator": "p7"
					},
					{
						"effect": "love1",
						"locator": "p8"
					},
					{
						"effect": "love1",
						"locator": "p9"
					},
					{
						"effect": "love1",
						"locator": "p10"
					}
				]
			}
		}
	}
}
