{
	"format_version": "1.8.0",
	"animations": {
		"animation.mist0": {
			"loop": true,
			"animation_length": 0.25,
			"override_previous_animation": true,
			"bones": {
				"root": {
					"rotation": [0, "query.target_y_rotation - this + 180 * v.is_first_person", 0]
				},
				"rightArm": {
					"rotation": [-23.50914, 35.02813, -7.44383]
				}
			},
			"particle_effects": {
				"0.0": [
					{
						"effect": "mist1",
						"locator": "effect1"
					},
					{
						"effect": "mist1",
						"locator": "effect2"
					},
					{
						"effect": "mist1",
						"locator": "effect3"
					},
					{
						"effect": "mist1",
						"locator": "effect4"
					},
					{
						"effect": "mist1",
						"locator": "effect5"
					}
				]
			}
		},
		"animation.mist1": {
			"animation_length": 1,
			"override_previous_animation": true,
			"bones": {
				"root": {
					"rotation": [0, "query.target_y_rotation - this + 180 * v.is_first_person", 0]
				},
				"rightArm": {
					"rotation": {
						"0.0": [0, 0, 0],
						"0.1667": [-90, 0, 0]
					}
				},
				"NichirinR": {
					"rotation": {
						"0.0833": [0, 0, 0],
						"0.3333": [-90, 0, 0]
					},
					"position": {
						"0.1667": [0, 0, 0],
						"0.3333": [0, 3, 0],
						"0.4167": [0, 3, 0],
						"0.5833": [0, 0, 0]
					}
				}
			},
			"sound_effects": {
				"0.5833": {
					"effect": "fizz"
				}
			},
			"particle_effects": {
				"0.5833": {
					"effect": "mist1",
					"locator": "effect5"
				}
			}
		},
		"animation.mist2": {
			"animation_length": 1.5,
			"override_previous_animation": true,
			"bones": {
				"root": {
					"rotation": [0, "query.target_y_rotation - this + 180 * v.is_first_person", 0]
				},
				"rightArm": {
					"rotation": {
						"0.0": [0, 0, 0],
						"0.1667": [-187.69263, -6.40865, -39.56869],
						"0.5": [-42.69263, -6.40865, -39.56869],
						"0.6667": [-189.47484, -36.09095, -34.81773],
						"1.0": [-54.47484, -36.09095, -34.81773]
					}
				}
			},
			"sound_effects": {
				"0.1667": {
					"effect": "sweep"
				},
				"0.25": {
					"effect": "sweep"
				},
				"0.3333": {
					"effect": "sweep"
				},
				"0.4167": {
					"effect": "sweep"
				},
				"0.5": {
					"effect": "sweep"
				},
				"0.5833": {
					"effect": "sweep"
				},
				"0.6667": {
					"effect": "sweep"
				},
				"0.75": {
					"effect": "sweep"
				},
				"0.8333": {
					"effect": "sweep"
				},
				"0.9167": {
					"effect": "sweep"
				},
				"1.0": {
					"effect": "sweep"
				}
			},
			"particle_effects": {
				"0.0": {
					"effect": "mist2"
				}
			}
		},
		"animation.mist3": {
			"animation_length": 1,
			"override_previous_animation": true,
			"bones": {
				"root": {
					"rotation": {
						"0.2917": [0, "query.target_y_rotation - this + 180 * v.is_first_person", 0],
						"1.0": [0, "query.target_y_rotation - this + 540 * v.is_first_person - 360", 0]
					}
				},
				"body": {
					"rotation": {
						"0.0": [0, 0, 0],
						"0.0833": [25, 0, 0],
						"0.25": [26.39218, -18.05776, -8.74472],
						"0.75": [0, 0, 0]
					},
					"position": {
						"0.0": [0, 0, 0],
						"0.0833": [0, -1, -5],
						"0.25": [0, -1, -5],
						"0.75": [0, 0, 0]
					}
				},
				"rightArm": {
					"rotation": {
						"0.0": [0, 0, 0],
						"0.25": [-90, 0, -90]
					}
				}
			},
			"particle_effects": {
				"0.25": {
					"effect": "mist3",
					"locator": "effect5"
				}
			}
		}
	}
}