{
	"format_version": "1.8.0",
	"animations": {
		"animation.mobattack1": {
			"animation_length": 0.5,
			"bones": {
				"waist": {
					"rotation": {
						"0.0": [0, 0, 0],
						"0.0833": [-15, 30, 0],
						"0.25": [0, -30, 0]
					}
				},
				"rightArm": {
					"rotation": {
						"0.0": [0, 0, 0],
						"0.0833": [13.64973, -6.27967, 24.24769],
						"0.25": [-106.62005, -36.13432, 38.26656]
					}
				}
			}
		},
		"animation.mobattack2": {
			"animation_length": 0.5,
			"bones": {
				"waist": {
					"rotation": {
						"0.0": [0, 0, 0],
						"0.0833": [-15, -30, 0],
						"0.25": [20, 0, 0]
					}
				},
				"rightLeg": {
					"rotation": {
						"0.0": [0, 0, 0],
						"0.0833": [40, -15, 0],
						"0.25": [-100, -15, 0]
					}
				}
			}
		}
	}
}
