{
	"format_version": "1.8.0",
	"animations": {
		"animation.mobsleep": {
			"animation_length": 3,
			"override_previous_animation": true,
			"bones": {
				"waist": {
					"rotation": {
						"0.0": [0, 0, 0],
						"0.5": [10, 0, 0]
					}
				},
				"head": {
					"rotation": {
						"0.0": [0, 0, 0],
						"0.25": [60, 0, 0],
						"0.5": [55, 0, 0],
						"1.0": [60, 0, 0],
						"1.5": [55, 0, 0],
						"2.0": [60, 0, 0],
						"2.5": [55, 0, 0],
						"3.0": [60, 0, 0]
					}
				},
				"rightArm": {
					"rotation": {
						"0.0": [0, 0, 0],
						"0.5": [-15, 0, 0]
					}
				},
				"leftArm": {
					"rotation": {
						"0.0": [0, 0, 0],
						"0.5": [-15, 0, 0]
					}
				}
			}
		},
		"animation.enmu": {
			"animation_length": 1.2,
			"override_previous_animation": true,
			"bones": {
				"waist": {
					"rotation": {
						"0.0": [0, 0, 0],
						"0.1": [-20, 0, 0],
						"0.3": [-15, 0, 0],
						"0.45": [-20, 0, 0],
						"0.6": [-15, 0, 0],
						"0.75": [-20, 0, 0],
						"0.9": [-15, 0, 0],
						"1.05": [-20, 0, 0]
					}
				},
				"head": {
					"rotation": {
						"0.0": [0, 0, 0],
						"0.5": [-5, 0, 0]
					}
				},
				"leftArm": {
					"rotation": {
						"0.0": [0, 0, 0],
						"0.3": [-105.61249, 36.46498, -9.42961]
					}
				},
				"leftArm2": {
					"rotation": {
						"0.0": [0, 0, 0],
						"0.3": [-22.5, 0, 0]
					}
				}
			}
		},
		"animation.enmu_hand": {
			"loop": true,
			"animation_length": 1.2,
			"override_previous_animation": true,
			"bones": {
				"up": {
					"position": {
						"0.0": [0, 0, 0],
						"0.3": [0, -0.25, -0.1],
						"0.8": [0, 0, 0]
					}
				},
				"down": {
					"position": {
						"0.0": [0, 0, 0],
						"0.3": [0, 0.25, 0],
						"0.8": [0, 0, 0]
					}
				}
			}
		},
		"animation.zohakuten_sound_wave": {
			"animation_length": 2.5,
			"override_previous_animation": true,
			"bones": {
				"waist": {
					"rotation": {
						"0.0": [0, 0, 0],
						"0.2": [-20, 0, 0]
					}
				},
				"head": {
					"rotation": {
						"0.0": [0, 0, 0],
						"0.2": [20, 0, 0]
					}
				},
				"soundwaves": {
					"rotation": {
						"0.0": [0, 0, 0],
						"2.5": [0, 0, 720]
					}
				},
				"sound_wave1": {
					"position": {
						"0.0": [0, 0, 0],
						"0.2": [0, 0, -4]
					},
					"scale": {
						"0.0": [1, 1, 1],
						"0.2": [2.5, 2.5, 2.5]
					}
				},
				"leftArm": {
					"rotation": {
						"0.0": [0, 0, 0],
						"0.2": [0, 0, -45]
					}
				},
				"rightArm": {
					"rotation": {
						"0.0": [0, 0, 0],
						"0.2": [0, 0, 45]
					}
				},
				"sound_wave2": {
					"position": {
						"0.0": [0, 0, 0],
						"0.3": [0, 0, -7]
					},
					"scale": {
						"0.0": [1, 1, 1],
						"0.3": [5, 5, 5]
					}
				},
				"sound_wave3": {
					"position": {
						"0.0": [0, 0, 0],
						"0.4": [0, 0, -12]
					},
					"scale": {
						"0.0": [1, 1, 1],
						"0.4": [8, 8, 8]
					}
				},
				"sound_wave4": {
					"position": {
						"0.0": [0, 0, 0],
						"0.5": [0, 0, -21]
					},
					"scale": {
						"0.0": [1, 1, 1],
						"0.5": [12, 12, 12]
					}
				},
				"sound_wave5": {
					"position": {
						"0.0": [0, 0, 0],
						"0.6": [0, 0, -33]
					},
					"scale": {
						"0.0": [1, 1, 1],
						"0.6": [16, 16, 16]
					}
				}
			}
		},
		"animation.nakime": {
			"loop": "hold_on_last_frame",
			"animation_length": 0.5,
			"override_previous_animation": true,
			"bones": {
				"root": {
					"position": {
						"0.0": [0, 0, 0],
						"0.25": [0, -4, 0],
						"0.5": [0, -12, 0]
					}
				},
				"head": {
					"rotation": {
						"0.0": [0, 0, 0],
						"0.5": [25, 0, 0]
					}
				},
				"rightArm": {
					"rotation": {
						"0.0": [0, 0, 0],
						"0.5": [-45, 0, 0]
					}
				},
				"leftLeg": {
					"rotation": {
						"0.0": [0, 0, 0],
						"0.25": [-70, -5, 0],
						"0.5": [-90, -10, 0]
					},
					"position": {
						"0.0": [0, 0, 0],
						"0.5": [0, 1, 0]
					}
				},
				"rightLeg": {
					"rotation": {
						"0.0": [0, 0, 0],
						"0.25": [-70, 5, 0],
						"0.5": [-90, 10, 0]
					},
					"position": {
						"0.0": [0, 0, 0],
						"0.5": [0, 1, 0]
					}
				}
			}
		},
		"animation.gyokko.tp": {
			"animation_length": 0.6,
			"override_previous_animation": true,
			"bones": {
				"gyo": {
					"rotation": {
						"0.0": [-30, 0, 0],
						"0.2": {
							"pre": [15.34721, -12.06754, -3.28396],
							"post": [15.34721, -12.06754, -3.28396],
							"lerp_mode": "catmullrom"
						},
						"0.5": {
							"post": [0, 0, 0],
							"lerp_mode": "catmullrom"
						}
					},
					"position": {
						"0.0": [0, 0, 0],
						"0.2": {
							"pre": [0, 6, 0],
							"post": [0, 6, 0],
							"lerp_mode": "catmullrom"
						},
						"0.5": {
							"post": [0, 0, 0],
							"lerp_mode": "catmullrom"
						}
					},
					"scale": {
						"0.0": [0, 0, 0],
						"0.2": {
							"pre": [0.8, 0.4, 0.8],
							"post": [0.8, 0.4, 0.8],
							"lerp_mode": "catmullrom"
						},
						"0.5": {
							"post": [1, 1, 1],
							"lerp_mode": "catmullrom"
						}
					}
				},
				"bac1": {
					"rotation": {
						"0.0": [0, 0, 0],
						"0.2": {
							"pre": [-60, 0, 0],
							"post": [-60, 0, 0],
							"lerp_mode": "catmullrom"
						},
						"0.5": {
							"post": [0, 0, 0],
							"lerp_mode": "catmullrom"
						}
					}
				},
				"bac2": {
					"rotation": {
						"0.0": [0, 0, 0],
						"0.2": {
							"pre": [-60, 0, 0],
							"post": [-60, 0, 0],
							"lerp_mode": "catmullrom"
						},
						"0.5": {
							"post": [0, 0, 0],
							"lerp_mode": "catmullrom"
						}
					}
				},
				"head": {
					"rotation": {
						"0.0": [0, 0, 0],
						"0.2": {
							"pre": [45, 0, 0],
							"post": [45, 0, 0],
							"lerp_mode": "catmullrom"
						},
						"0.5": {
							"post": [0, 0, 0],
							"lerp_mode": "catmullrom"
						}
					}
				}
			}
		},
		"animation.gyutaro.stop": {
			"loop": true,
			"animation_length": 1,
			"override_previous_animation": true,
			"bones": {
				"waist": {
					"rotation": {
						"0.0": [0, 0, 5],
						"0.5": [-12.45392, 1.08089, 4.88206],
						"1.0": [0, 0, 5]
					}
				},
				"leftArm": {
					"rotation": {
						"0.0": [-4.83045, -1.29256, -24.94548],
						"0.5": [-15.92053, 4.20854, -24.66569],
						"1.0": [-4.83045, -1.29256, -24.94548]
					}
				},
				"leftArm2": {
					"rotation": {
						"0.0": [-47.5, 0, 0],
						"0.5": [-60, 0, 0],
						"1.0": [-47.5, 0, 0]
					}
				},
				"rightArm": {
					"rotation": {
						"0.0": [-4.83045, -1.29256, 24.9455],
						"0.5": [-14.30625, 13.68002, 22.74522],
						"1.0": [-4.83045, -1.29256, 24.9455]
					}
				},
				"rightArm2": {
					"rotation": {
						"0.0": [-45, 0, 0],
						"0.5": [-55, 0, 0],
						"1.0": [-45, 0, 0]
					}
				},
				"rightLeg": {
					"rotation": [10, 0, 5]
				},
				"leftLeg": {
					"rotation": [-10, 0, -5]
				},
				"leftLeg2": {
					"rotation": [10, 0, 0]
				},
				"waist2": {
					"rotation": {
						"0.0": [14.94548, 1.29256, -4.83045],
						"0.5": [24.91643, 2.11089, -4.53359],
						"1.0": [14.94548, 1.29256, -4.83045]
					}
				}
			}
		},
		"animation.gyutaro.move": {
			"loop": true,
			"animation_length": 1,
			"override_previous_animation": true,
			"bones": {
				"waist": {
					"rotation": {
						"0.0": [0, 0, 0],
						"0.25": [5, 10, 0],
						"0.75": [5, -10, 0],
						"1.0": [0, 0, 0]
					}
				},
				"leftArm": {
					"rotation": {
						"0.0": [-4.83045, -1.29256, -24.94548],
						"0.25": [5.92053, -4.20854, -24.66569],
						"0.75": [-15.92053, 4.20854, -24.66569],
						"1.0": [-4.83045, -1.29256, -24.94548]
					}
				},
				"leftArm2": {
					"rotation": {
						"0.0": [-15, 0, 0],
						"0.25": [-34.89743, 2.86544, 4.09918],
						"0.75": [-44.89078, 3.53329, 3.54002],
						"1.0": [-15, 0, 0]
					}
				},
				"rightArm": {
					"rotation": {
						"0.0": [-4.83045, -1.29256, 24.9455],
						"0.25": [15.92053, -4.20854, 24.6657],
						"0.75": [-14.30625, 13.68002, 22.74522],
						"1.0": [-4.83045, -1.29256, 24.9455]
					}
				},
				"rightArm2": {
					"rotation": {
						"0.0": [-15, 0, 0],
						"0.25": [-34.89743, -2.86544, -4.09918],
						"0.75": [-44.89078, -3.53329, -3.54002],
						"1.0": [-15, 0, 0]
					}
				},
				"rightLeg": {
					"rotation": {
						"0.0": [0, 0, 0],
						"0.25": [-45, 0, 0],
						"0.75": [45, 0, 0],
						"1.0": [0, 0, 0]
					}
				},
				"rightLeg2": {
					"rotation": {
						"0.0": [0, 0, 0],
						"0.25": [45, 0, -5],
						"0.4": [0, 0, 0],
						"0.7": [42.5, 0, 0],
						"1.0": [0, 0, 0]
					}
				},
				"leftLeg": {
					"rotation": {
						"0.0": [0, 0, 0],
						"0.25": [45, 0, 0],
						"0.75": [-45, 0, 0],
						"1.0": [0, 0, 0]
					}
				},
				"leftLeg2": {
					"rotation": {
						"0.0": [0, 0, 0],
						"0.25": [45, 0, 0],
						"0.5": [0, 0, 0],
						"0.75": [45, 0, 0],
						"0.9": [0, 0, 0]
					}
				},
				"waist2": {
					"rotation": {
						"0.0": [15, 0, 0],
						"0.5": [25, 0, 0],
						"1.0": [15, 0, 0]
					}
				}
			}
		},
		"animation.gyutaro.run": {
			"loop": true,
			"animation_length": 0.6,
			"override_previous_animation": true,
			"bones": {
				"waist": {
					"rotation": {
						"0.0": [0, 0, 0],
						"0.2": [5, 10, 0],
						"0.4": [5, -10, 0],
						"0.6": [0, 0, 0]
					}
				},
				"leftArm": {
					"rotation": {
						"0.0": [-26.16888, -24.67642, -31.7485],
						"0.3": [16.57947, 4.20854, -24.66569],
						"0.6": [-26.16888, -24.67642, -31.7485]
					}
				},
				"leftArm2": {
					"rotation": {
						"0.0": [-15, 0, 0],
						"0.2": [-34.89743, 2.86544, 4.09918],
						"0.4": [-44.89078, 3.53329, 3.54002],
						"0.6": [-15, 0, 0]
					}
				},
				"rightArm": {
					"rotation": {
						"0.0": [40.92053, -4.20854, 24.6657],
						"0.3": [-51.80625, 13.68002, 22.74522],
						"0.6": [40.92053, -4.20854, 24.6657]
					}
				},
				"rightArm2": {
					"rotation": {
						"0.0": [-15, 0, 0],
						"0.2": [-34.89743, -2.86544, -4.09918],
						"0.4": [-44.89078, -3.53329, -3.54002],
						"0.6": [-15, 0, 0]
					}
				},
				"rightLeg": {
					"rotation": {
						"0.0": [0, 0, 0],
						"0.15": [-45, 0, 0],
						"0.45": [45, 0, 0],
						"0.6": [0, 0, 0]
					}
				},
				"rightLeg2": {
					"rotation": {
						"0.0": [0, 0, 0],
						"0.15": [45, 0, -5],
						"0.25": [0, 0, 0],
						"0.45": [42.5, 0, 0],
						"0.6": [0, 0, 0]
					}
				},
				"leftLeg": {
					"rotation": {
						"0.0": [0, 0, 0],
						"0.15": [45, 0, 0],
						"0.45": [-45, 0, 0],
						"0.6": [0, 0, 0]
					}
				},
				"leftLeg2": {
					"rotation": {
						"0.0": [0, 0, 0],
						"0.15": [45, 0, 0],
						"0.35": [0, 0, 0],
						"0.45": [45, 0, 0],
						"0.6": [0, 0, 0]
					}
				},
				"waist2": {
					"rotation": {
						"0.0": [25, 0, 0],
						"0.3": [45, 0, 0],
						"0.6": [25, 0, 0]
					}
				}
			}
		},
		"animation.gyutaro.jump": {
			"loop": true,
			"animation_length": 1,
			"override_previous_animation": true,
			"bones": {
				"waist": {
					"rotation": {
						"0.0": [0, 0, 0],
						"0.3": [-5, 0, 0]
					}
				},
				"leftArm": {
					"rotation": {
						"0.0": [0, 0, 0],
						"0.3": [-4.83045, -1.29256, -24.94548]
					}
				},
				"leftArm2": {
					"rotation": {
						"0.0": [0, 0, 0],
						"0.3": [-30, 0, 0]
					}
				},
				"rightArm": {
					"rotation": {
						"0.0": [0, 0, 0],
						"0.3": [-4.83045, -1.29256, 24.9455]
					}
				},
				"rightArm2": {
					"rotation": {
						"0.0": [0, 0, 0],
						"0.3": [-45, 0, 0]
					}
				},
				"rightLeg": {
					"rotation": {
						"0.0": [0, 0, 0],
						"0.3": [-14.65993, 3.21132, 12.08681]
					}
				},
				"rightLeg2": {
					"rotation": {
						"0.0": [0, 0, 0],
						"0.3": [27.5, 0, 0]
					}
				},
				"leftLeg": {
					"rotation": {
						"0.0": [0, 0, 0],
						"0.3": [22.5, 0, -17.5]
					}
				},
				"leftLeg2": {
					"rotation": {
						"0.0": [0, 0, 0],
						"0.3": [25, 0, 0]
					}
				},
				"waist2": {
					"rotation": {
						"0.0": [0, 0, 0],
						"0.3": [15, 0, 0]
					}
				},
				"root": {
					"rotation": {
						"0.0": [0, 0, 0],
						"0.3": [5, 0, 0]
					}
				}
			}
		},
		"animation.gyutaro.attack": {
			"animation_length": 0.55,
			"override_previous_animation": true,
			"bones": {
				"leftArm": {
					"rotation": {
						"0.1": [180, 0, 45],
						"0.25": [325, 0, 45]
					}
				},
				"rightArm": {
					"rotation": {
						"0.0": [-180, 0, -45],
						"0.15": [-35, 0, -45]
					}
				},
				"waist2": {
					"rotation": {
						"0.0": [0, 0, 0],
						"0.1": [22.5, 27.5, 0],
						"0.2": [18.65712, -10.65075, -5.4578],
						"0.5": [0, 0, 0]
					}
				}
			}
		}
	}
}