{
	"format_version": "1.8.0",
	"animations": {
		"animation.oni_armL": {
			"animation_length": 3,
			"bones": {
				"LeftArm": {
					"position": {
						"0.0": [-3, 2, 0],
						"1.0": [-3, 2, 0],
						"3.0": [0, 0, 0]
					},
					"scale": {
						"0.0": [0, 0, 0],
						"1.0": [0, 0, 0],
						"3.0": [1, 1, 1]
					}
				}
			}
		},
		"animation.oni_armR": {
			"animation_length": 3,
			"bones": {
				"RightArm": {
					"position": {
						"0.0": [3, 2, 0],
						"1.0": [3, 2, 0],
						"3.0": [0, 0, 0]
					},
					"scale": {
						"0.0": [0, 0, 0],
						"1.0": [0, 0, 0],
						"3.0": [1, 1, 1]
					}
				}
			}
		},
		"animation.oni_legL": {
			"animation_length": 3,
			"bones": {
				"LeftLeg": {
					"position": {
						"0.0": [0, 12, 0],
						"1.0": [0, 12, 0],
						"3.0": [0, 0, 0]
					},
					"scale": {
						"0.0": [0, 0, 0],
						"1.0": [0, 0, 0],
						"3.0": [1, 1, 1]
					}
				}
			}
		},
		"animation.oni_legR": {
			"animation_length": 3,
			"bones": {
				"RightLeg": {
					"position": {
						"0.0": [0, 12, 0],
						"1.0": [0, 12, 0],
						"3.0": [0, 0, 0]
					},
					"scale": {
						"0.0": [0, 0, 0],
						"1.0": [0, 0, 0],
						"3.0": [1, 1, 1]
					}
				}
			}
		},
		"animation.oni_death": {
			"animation_length": 1.25,
			"bones": {
				"Head": {
					"scale": 0
				}
			}
		}
	}
}