{
	"format_version": "1.8.0",
	"animations": {
		"animation.rool": {
			"animation_length": 0.5,
			"override_previous_animation": true,
			"bones": {
				"root": {
					"rotation": {
						"0.0": [0, 0, 0],
						"0.5": [360, 0, 0]
					},
					"position": {
						"0.0": [0, 0, 0],
						"0.1": [0, 18, 12],
						"0.15": [0, 24.33, 7],
						"0.2": [0, 28.17, 2],
						"0.25": [0, 19, 0],
						"0.3": [0, 15, 0],
						"0.35": [0, 12.25, 0],
						"0.4": [0, 10.17, 0],
						"0.45": [0, 5.09, -2],
						"0.5": [0, 0, 0]
					}
				},
				"waist": {
					"rotation": {
						"0.0": [0, 0, 0],
						"0.25": [92.5, 0, 0],
						"0.5": [0, 0, 0]
					}
				},
				"head": {
					"rotation": {
						"0.0": [0, 0, 0],
						"0.25": [75, 0, 0],
						"0.5": [0, 0, 0]
					}
				},
				"rightLeg": {
					"rotation": {
						"0.0": [0, 0, 0],
						"0.25": [0, 0, 10],
						"0.5": [0, 0, 0]
					}
				},
				"leftLeg": {
					"rotation": {
						"0.0": [0, 0, 0],
						"0.25": [0, 0, -10],
						"0.5": [0, 0, 0]
					}
				}
			}
		}
	}
}