{
	"format_version": "1.8.0",
	"animations": {
		"animation.scene011": {
			"loop": true,
			"animation_length": 1,
			"override_previous_animation": true,
			"bones": {
				"root": {
					"rotation": [0, -180, 0],
					"position": [0, 0, -50]
				},
				"waist": {
					"rotation": {
						"0.0": [0, 0, 0],
						"0.5": [10, 0, 0],
						"1.0": [0, 0, 0]
					}
				},
				"head": {
					"rotation": {
						"0.0": [0, 0, 0],
						"0.5": [2.5, 0, 0],
						"1.0": [0, 0, 0]
					}
				},
				"leftArm": {
					"rotation": [-90, 0, -15]
				},
				"rightArm": {
					"rotation": [10.47479, 17.22575, 18.13388]
				}
			}
		},
		"animation.scene11": {
			"loop": true,
			"animation_length": 0.8,
			"override_previous_animation": true,
			"bones": {
				"root": {
					"position": [0, 8, 4]
				},
				"waist": {
					"rotation": [10, 0, 0]
				},
				"leftLeg": {
					"rotation": [-78.99034, -24.59477, -4.62934]
				},
				"rightLeg": {
					"rotation": [-78.99034, 24.59477, 4.62934]
				}
			}
		},
		"animation.scene010": {
			"loop": true,
			"animation_length": 1,
			"override_previous_animation": true,
			"bones": {
				"waist": {
					"rotation": {
						"0.0": [15, 0, 0],
						"0.5": [10, 0, 0],
						"1.0": [15, 0, 0]
					}
				},
				"head": {
					"rotation": {
						"0.0": [-15, 0, 0],
						"0.5": [-5, 0, 0],
						"1.0": [-15, 0, 0]
					}
				},
				"leftArm": {
					"rotation": [22.5, 0, -20]
				},
				"rightArm": {
					"rotation": [-5, 0, 25]
				},
				"leftLeg": {
					"rotation": [0, 0, -10]
				},
				"rightLeg": {
					"rotation": [0, 0, 10]
				}
			}
		},
		"animation.scene10": {
			"loop": true,
			"animation_length": 1,
			"override_previous_animation": true,
			"bones": {
				"root": {
					"rotation": [0, -180, 0],
					"position": [0, 0, -50]
				},
				"waist": {
					"rotation": {
						"0.0": [0, 0, 0],
						"0.5": [10, 0, 0],
						"1.0": [0, 0, 0]
					}
				},
				"head": {
					"rotation": {
						"0.0": [-5, 0, 0],
						"0.5": [0, 0, 0],
						"1.0": [-5, 0, 0]
					}
				},
				"leftArm": {
					"rotation": [0, 0, -20]
				},
				"rightArm": {
					"rotation": [0, 0, 20]
				},
				"leftLeg": {
					"rotation": [-1.83803, -5.6992, -18.99997]
				},
				"rightLeg": {
					"rotation": [0, 0, 20]
				}
			}
		},
		"animation.scene09": {
			"loop": true,
			"animation_length": 0.5,
			"override_previous_animation": true,
			"bones": {
				"root": {
					"rotation": [0, -180, 0],
					"position": [0, 0, -50]
				},
				"waist": {
					"rotation": {
						"0.0": [25, 0, 0],
						"0.25": [35, 0, 0],
						"0.5": [25, 0, 0]
					}
				},
				"head": {
					"rotation": {
						"0.0": [-22.5, 0, 0],
						"0.25": [-30, 0, 0],
						"0.5": [-22.5, 0, 0]
					}
				},
				"rightArm": {
					"rotation": {
						"0.0": [5, 0, 22.5],
						"0.25": [5.51385, 24.89837, 24.8273],
						"0.5": [5, 0, 22.5]
					}
				},
				"rightArm2": {
					"rotation": [-57.5, 0, 0]
				},
				"leftArm": {
					"rotation": {
						"0.0": [25, 0, -25],
						"0.25": [27.22644, -22.52101, -36.14843],
						"0.5": [25, 0, -25]
					}
				},
				"leftArm2": {
					"rotation": [-70, 0, 0]
				}
			}
		},
		"animation.scene9": {
			"loop": true,
			"animation_length": 0.5,
			"override_previous_animation": true,
			"bones": {
				"waist": {
					"rotation": {
						"0.0": [-5, 0, 0],
						"0.25": [-7, 0, 0],
						"0.5": [-5, 0, 0]
					},
					"position": {
						"0.0": [0, 0, 0],
						"0.15": [0, 0.4, 0],
						"0.25": [0, 0.5, 0],
						"0.35": [0, 0.2, 0],
						"0.5": [0, 0, 0]
					}
				},
				"leftArm": {
					"rotation": [-41.26013, 45.1761, 52.47544]
				},
				"rightArm": {
					"rotation": [-55.08, -59.62, -8.58]
				}
			}
		},
		"animation.scene1": {
			"loop": true,
			"bones": {
				"waist": {
					"rotation": ["5+Math.cos(query.life_time * 600) * -2", 0, 0]
				},
				"head": {
					"rotation": ["5+Math.cos(query.life_time * 600) * -2", 0, 0]
				},
				"RightArmU": {
					"rotation": ["-58.5636+Math.cos(query.life_time * 600) * 2", -8.86714, "-61.8521+Math.cos(query.life_time * 600) * -2"]
				},
				"LeftArmU": {
					"rotation": [-91.99734, 52.13001, "-18.0689+Math.cos(query.life_time * 600) * 5"]
				},
				"LeftArmD": {
					"rotation": ["-10+Math.cos(query.life_time * 600) * 5", 0, 0]
				},
				"RightLegU": {
					"rotation": [0, 0, "5+Math.cos(query.life_time * 600) * 2"]
				},
				"RightLegD": {
					"rotation": [0, 0, "-5+Math.cos(query.life_time * 600) * -2"]
				},
				"LeftLegU": {
					"rotation": [0, 0, "-5+Math.cos(query.life_time * 600) * -2"]
				},
				"LeftLegD": {
					"rotation": [0, 0, "5+Math.cos(query.life_time * 600) * 2"]
				},
				"axe": {
					"rotation": [0, 15, 0],
					"position": [1, 0, 0]
				}
			}
		},
		"animation.scene2": {
			"loop": true,
			"bones": {
				"waist": {
					"rotation": ["10+Math.cos(query.life_time * 300) * -2", 0, 0]
				},
				"head": {
					"rotation": ["10+Math.cos(query.life_time * 300) * -2", 0, 0]
				},
				"RightArmU": {
					"rotation": ["-190+Math.cos(query.life_time * 300) * -2", "81+Math.cos(query.life_time * 300) * 2", -154.65332]
				},
				"LeftArmU": {
					"rotation": [0, 0, "-20+Math.cos(query.life_time * 300) * -2"]
				},
				"LeftArmD": {
					"rotation": ["-15+Math.cos(query.life_time * 300) * -2", 0, 0]
				},
				"RightLegU": {
					"rotation": ["30+Math.cos(query.life_time * 300) * 2", 3.53542, "6+Math.cos(query.life_time * 300) * 5"]
				},
				"RightLegD": {
					"rotation": ["50+Math.cos(query.life_time * 300) * 2", 2.16825, "-5+Math.cos(query.life_time * 300) * 5"]
				},
				"LeftLegU": {
					"rotation": ["-60+Math.cos(query.life_time * 300) * -2", 0, "-5+Math.cos(query.life_time * 300) * 5"]
				},
				"LeftLegD": {
					"rotation": ["52+Math.cos(query.life_time * 300) * 2", 0, "5+Math.cos(query.life_time * 300) * -5"]
				},
				"axe": {
					"rotation": [-88.90046, 42.54799, -91.09954],
					"position": [5, -9, 4]
				},
				"root": {
					"position": [0, -5, 0]
				},
				"Log": {
					"scale": 0
				}
			}
		},
		"animation.scene02": {
			"loop": true,
			"bones": {
				"waist": {
					"rotation": [0, 0, 0]
				},
				"head": {
					"rotation": ["5+Math.cos(query.life_time * 300) * -5", 0, 0]
				},
				"RightArmU": {
					"rotation": ["-162+Math.cos(query.life_time * 300) * -2", "81+Math.cos(query.life_time * 300) * -2", -154.65332]
				},
				"LeftArmU": {
					"rotation": ["-14+Math.cos(query.life_time * 300) * -2", 9.93191, 18.73499]
				},
				"LeftArmD": {
					"rotation": ["-15+Math.cos(query.life_time * 300) * -2", 0, 0]
				},
				"RightLegU": {
					"rotation": ["-12+Math.cos(query.life_time * 300) * -2", 3.53542, 6.12589]
				},
				"RightLegD": {
					"rotation": [-0.19899, 2.16825, "-5+Math.cos(query.life_time * 300) * 2"]
				},
				"LeftLegU": {
					"rotation": ["-27+Math.cos(query.life_time * 300) * -2", 0, -5]
				},
				"LeftLegD": {
					"rotation": ["73+Math.cos(query.life_time * 300) * 2", 15.74419, -7.49325]
				},
				"root": {
					"rotation": [0, 87.5, 90],
					"position": [-16, 1, -51]
				},
				"RightArmD": {
					"rotation": [0, 0, "-20+Math.cos(query.life_time * 300) * -2"]
				},
				"blood": {
					"position": [0, 0, -50]
				}
			}
		},
		"animation.scene3": {
			"loop": true,
			"bones": {
				"waist": {
					"rotation": ["5+Math.cos(query.life_time * 300) * -2", 0, 0]
				},
				"head": {
					"rotation": ["10+Math.cos(query.life_time * 300) * -2", 0, 0]
				},
				"RightArmU": {
					"rotation": ["-102.2386+Math.cos(query.life_time * 300) * -2", "69.22+Math.cos(query.life_time * 300) * 2", -68.19588]
				},
				"LeftArmU": {
					"rotation": [-67.50238, -2.49762, "-19.891+Math.cos(query.life_time * 300) * -2"]
				},
				"LeftArmD": {
					"rotation": ["-15+Math.cos(query.life_time * 300) * -2", 0, 0]
				},
				"RightLegU": {
					"rotation": [-21.64108, 17.81624, 7.88999]
				},
				"RightLegD": {
					"rotation": [22.5, 0, 0]
				},
				"LeftLegU": {
					"rotation": [1.67229, -1.31889, -12.3372]
				},
				"LeftLegD": {
					"rotation": [19.82027, -0.69893, -2.07433]
				},
				"root": {
					"position": [0, 0, 7]
				},
				"RightArmD": {
					"rotation": [0, 0, -20]
				}
			}
		},
		"animation.scene4": {
			"loop": true,
			"bones": {
				"waist": {
					"rotation": ["10+Math.cos(query.life_time * 600) * -2", 0, 0]
				},
				"head": {
					"rotation": ["-2.5+Math.cos(query.life_time * 600) * -2", 0, 0]
				},
				"RightArmU": {
					"rotation": ["-3.6334+Math.cos(query.life_time * 600) * 2", 59.83589, "41.7971+Math.cos(query.life_time * 600) * -2"]
				},
				"LeftArmU": {
					"rotation": [-8.76712, 14.64345, "-16.8123+Math.cos(query.life_time * 600) * 5"]
				},
				"LeftArmD": {
					"rotation": ["-10+Math.cos(query.life_time * 600) * 5", 0, 0]
				},
				"RightLegU": {
					"rotation": [11.11592, 0.64711, "-0.1954+Math.cos(query.life_time * 600) * 2"]
				},
				"RightLegD": {
					"rotation": [20, 0, "-5+Math.cos(query.life_time * 600) * -2"]
				},
				"LeftLegU": {
					"rotation": [-9.62963, -0.24449, "-7.6679+Math.cos(query.life_time * 600) * -2"]
				},
				"LeftLegD": {
					"rotation": [12.5, 0, "5+Math.cos(query.life_time * 600) * 2"]
				},
				"axe": {
					"rotation": [0, 15, 0],
					"position": [1, 0, 0]
				},
				"Log": {
					"scale": [0, 0, -0.1]
				},
				"root": {
					"position": [0, -1, 0]
				}
			}
		},
		"animation.scene5": {
			"loop": true,
			"bones": {
				"waist": {
					"rotation": [0, 0, 0]
				},
				"head": {
					"rotation": ["5+Math.cos(query.life_time * 300) * -5", 0, 0]
				},
				"RightArm": {
					"rotation": [-54.86842, -42.10854, -7.84676]
				},
				"LeftArm": {
					"rotation": ["-43.9627+Math.cos(query.life_time * 300) * -2", 53.7848, 13.52771]
				},
				"LeftArmD": {
					"rotation": ["-15+Math.cos(query.life_time * 300) * -2", 0, 0]
				},
				"RightLegU": {
					"rotation": ["-1.9821+Math.cos(query.life_time * 300) * -2", 3.60605, 6.9158]
				},
				"RightLegD": {
					"rotation": [-0.19899, 2.16825, "-5+Math.cos(query.life_time * 300) * 2"]
				},
				"LeftLegU": {
					"rotation": [0, 0, -12.5]
				},
				"LeftLegD": {
					"rotation": [0, 0, 7.5]
				},
				"root": {
					"rotation": [-180, -7.5, -180],
					"position": [0, 0, -50]
				},
				"RightArmD": {
					"rotation": [-12.5, 0, 0]
				}
			}
		},
		"animation.scene6": {
			"loop": true,
			"bones": {
				"waist": {
					"rotation": [0, 0, 0]
				},
				"head": {
					"rotation": ["15+Math.cos(query.life_time * 300) * -5", 0, 0]
				},
				"RightArm": {
					"rotation": [12.63158, -42.10854, -7.84676]
				},
				"LeftArm": {
					"rotation": ["13.5373+Math.cos(query.life_time * 300) * -2", 53.7848, 13.52771]
				},
				"LeftArmD": {
					"rotation": ["-15+Math.cos(query.life_time * 300) * -2", 0, 0]
				},
				"RightLegU": {
					"rotation": ["-1.9821+Math.cos(query.life_time * 300) * -2", 3.60605, 6.9158]
				},
				"RightLegD": {
					"rotation": [-0.19899, 2.16825, "-5+Math.cos(query.life_time * 300) * 2"]
				},
				"LeftLegU": {
					"rotation": [0, 0, -12.5]
				},
				"LeftLegD": {
					"rotation": [0, 0, 7.5]
				},
				"root": {
					"rotation": [-180, -7.5, -180],
					"position": [0, 0, -30]
				},
				"RightArmD": {
					"rotation": [-12.5, 0, 0]
				}
			}
		},
		"animation.scene7": {
			"loop": true,
			"bones": {
				"waist": {
					"rotation": ["10+Math.cos(query.life_time * 600) * -2", 0, 0]
				},
				"head": {
					"rotation": ["-2.5+Math.cos(query.life_time * 600) * -2", 0, 0]
				},
				"RightArmU": {
					"rotation": ["-57.3896+Math.cos(query.life_time * 600) * 2", -35.57641, "-8.6126+Math.cos(query.life_time * 600) * -2"]
				},
				"LeftArmU": {
					"rotation": [-46.07399, 18.87788, "19.1835+Math.cos(query.life_time * 600) * 5"]
				},
				"LeftArmD": {
					"rotation": ["-10+Math.cos(query.life_time * 600) * 5", 0, 0]
				},
				"RightLegU": {
					"rotation": [11.11592, 0.64711, "-0.1954+Math.cos(query.life_time * 600) * 2"]
				},
				"RightLegD": {
					"rotation": [20, 0, "-5+Math.cos(query.life_time * 600) * -2"]
				},
				"LeftLegU": {
					"rotation": [-9.62963, -0.24449, "-7.6679+Math.cos(query.life_time * 600) * -2"]
				},
				"LeftLegD": {
					"rotation": [12.5, 0, "5+Math.cos(query.life_time * 600) * 2"]
				},
				"axe": {
					"scale": 0
				},
				"Log": {
					"scale": [0, 0, -0.1]
				},
				"root": {
					"position": [0, -1, 0]
				}
			}
		},
		"animation.scene8": {
			"loop": true,
			"bones": {
				"waist": {
					"rotation": [0, 0, 0]
				},
				"head": {
					"rotation": ["5+Math.cos(query.life_time * 300) * -5", 0, 0]
				},
				"RightArm": {
					"rotation": [-54.86842, -42.10854, -7.84676]
				},
				"LeftArm": {
					"rotation": ["-43.9627+Math.cos(query.life_time * 300) * -2", 53.7848, 13.52771]
				},
				"LeftArmD": {
					"rotation": ["-15+Math.cos(query.life_time * 300) * -2", 0, 0]
				},
				"RightLegU": {
					"rotation": ["-1.9821+Math.cos(query.life_time * 300) * -2", 3.60605, 6.9158]
				},
				"RightLegD": {
					"rotation": [-0.19899, 2.16825, "-5+Math.cos(query.life_time * 300) * 2"]
				},
				"LeftLegU": {
					"rotation": [0, 0, -12.5]
				},
				"LeftLegD": {
					"rotation": [0, 0, 7.5]
				},
				"root": {
					"rotation": [-449.99999, -82.5, -0.00001],
					"position": [13, 18, -50]
				},
				"RightArmD": {
					"rotation": [-12.5, 0, 0]
				},
				"Legs": {
					"rotation": [27.5, 0, 0]
				}
			}
		}
	}
}
