{
	"format_version": "1.8.0",
	"animations": {
		"animation.serpent5": {
			"loop": true,
			"animation_length": 1,
			"override_previous_animation": true,
			"bones": {
				"head": {
					"rotation": {
						"0.0": [0, 0, 0],
						"0.25": [0, -45, 0],
						"0.5": [0, 0, 0],
						"0.75": [0, 45, 0],
						"1.0": [0, 0, 0]
					},
					"position": {
						"0.0": [0, 0, 0],
						"0.25": [30, 10, -20],
						"0.5": [0, 0, 0],
						"0.75": [-20, 10, -15],
						"1.0": [0, 0, 0]
					}
				},
				"head2": {
					"scale": 0
				}
			},
			"particle_effects": {
				"0.0": [
					{
						"effect": "serpent1",
						"locator": "effect"
					},
					{
						"effect": "serpent1",
						"locator": "effect"
					},
					{
						"effect": "serpent1",
						"locator": "effect"
					},
					{
						"effect": "serpent1",
						"locator": "effect"
					}
				]
			}
		},
		"animation.serpent4": {
			"loop": true,
			"animation_length": 1,
			"override_previous_animation": true,
			"bones": {
				"head": {
					"rotation": {
						"0.0": [0, 0, 0],
						"0.25": [0, -45, 0],
						"0.5": [0, 0, 0],
						"0.75": [0, 45, 0],
						"1.0": [0, 0, 0]
					},
					"position": {
						"0.0": [0, 0, 0],
						"0.25": [0, 10, 0],
						"0.5": [0, 0, 0],
						"0.75": [0, 10, 0],
						"1.0": [0, 0, 0]
					}
				},
				"head2": {
					"rotation": {
						"0.0": [0, 0, 0],
						"0.25": [0, 45, 0],
						"0.5": [0, 0, 0],
						"0.75": [-6.13271, -42.60861, 16.10501],
						"1.0": [0, 0, 0]
					},
					"position": {
						"0.0": [0, 0, 0],
						"0.25": [0, 10, 0],
						"0.5": [0, 0, 0],
						"0.75": [0, 10, 0],
						"1.0": [0, 0, 0]
					}
				}
			},
			"particle_effects": {
				"0.0": [
					{
						"effect": "serpent1",
						"locator": "effect"
					},
					{
						"effect": "serpent1",
						"locator": "effect"
					},
					{
						"effect": "serpent1",
						"locator": "effect"
					},
					{
						"effect": "serpent1",
						"locator": "effect"
					},
					{
						"effect": "serpent1",
						"locator": "effect2"
					},
					{
						"effect": "serpent1",
						"locator": "effect2"
					},
					{
						"effect": "serpent1",
						"locator": "effect2"
					},
					{
						"effect": "serpent1",
						"locator": "effect2"
					}
				]
			}
		},
		"animation.serpent3": {
			"animation_length": 1.5,
			"override_previous_animation": true,
			"bones": {
				"root": {
					"rotation": {
						"0.0": [0, "query.target_y_rotation - this + 180 * v.is_first_person", 0],
						"1.0": [0, "query.target_y_rotation - this + 540 * v.is_first_person - 360", 0]
					}
				},
				"waist": {
					"rotation": {
						"0.0": [0, 0, 0],
						"0.25": [-49.10661, 20.70481, -22.20765],
						"0.65": [33.31444, -28.02994, -17.16371],
						"1.0": [0, 0, 0]
					}
				},
				"head": {
					"rotation": {
						"0.0": [0, 0, 0],
						"0.25": [-20, 0, 0],
						"0.65": [-31.83, 0, 0],
						"1.0": [0, 0, 0]
					}
				},
				"rightArm": {
					"rotation": {
						"0.0": [0, 0, 0],
						"0.3": [-146.69333, 49.80597, -111.59135],
						"1.0": [-19.4332, -12.06027, -86.83376]
					}
				}
			}
		},
		"animation.serpent2": {
			"animation_length": 1,
			"override_previous_animation": true,
			"bones": {
				"root": {
					"rotation": [0, "query.target_y_rotation - this + 180 * v.is_first_person", 0]
				},
				"waist": {
					"rotation": {
						"0.0": [0, 0, 0],
						"0.1": [-20, 22.5, 0],
						"0.3": [0, -22.5, 0]
					}
				},
				"rightArm": {
					"rotation": {
						"0.0": [0, 0, 0],
						"0.1": [-209.12962, 4.92385, -79.96258],
						"0.3": [-21.56036, 14.82758, -37.92391]
					}
				}
			}
		},
		"animation.serpent0": {
			"loop": true,
			"animation_length": 0.25,
			"override_previous_animation": true,
			"bones": {
				"root": {
					"rotation": [0, "query.target_y_rotation - this + 180 * v.is_first_person", 0]
				},
				"rightArm": {
					"rotation": [-23.50914, 35.02813, -7.44383]
				}
			},
			"particle_effects": {
				"0.0": [
					{
						"effect": "serpent0",
						"locator": "effect1"
					},
					{
						"effect": "serpent0",
						"locator": "effect2"
					},
					{
						"effect": "serpent0",
						"locator": "effect3"
					},
					{
						"effect": "serpent0",
						"locator": "effect4"
					},
					{
						"effect": "serpent0",
						"locator": "effect5"
					}
				]
			}
		},
		"animation.serpent001": {
			"animation_length": 2,
			"override_previous_animation": true,
			"bones": {
				"head": {
					"rotation": {
						"0.0": [0, 75, 0],
						"0.15": [0, -60, 0],
						"0.3": [-186.78277, -52.22734, -180.87538],
						"0.45": [-191.99157, 22.51558, -187.96919],
						"0.6": [-245.44727, 76.91179, -240.58428],
						"0.75": [-354.12468, 43.96148, -341.64226],
						"0.9": [-367.69946, -28.30358, -348.00845]
					},
					"position": {
						"0.0": [0, 0, 0],
						"0.15": [-43, 10, -14],
						"0.3": [2, 20, -51],
						"0.45": [53, 23, -9],
						"0.6": [32, 35, 34],
						"0.75": [-16, 44, 28],
						"0.9": [-45, 58, -14],
						"1.05": [-20, 63, -62]
					},
					"scale": {
						"1.5": [1, 1, 1],
						"1.55": [-0.1, 0, 0]
					}
				}
			},
			"particle_effects": {
				"0.0": [
					{
						"effect": "serpent1",
						"locator": "effect"
					},
					{
						"effect": "serpent1",
						"locator": "effect"
					},
					{
						"effect": "serpent1",
						"locator": "effect"
					},
					{
						"effect": "serpent1",
						"locator": "effect"
					},
					{
						"effect": "serpent1",
						"locator": "effect"
					},
					{
						"effect": "serpent1",
						"locator": "effect"
					}
				],
				"0.1": [
					{
						"effect": "serpent1",
						"locator": "effect"
					},
					{
						"effect": "serpent1",
						"locator": "effect"
					},
					{
						"effect": "serpent1",
						"locator": "effect"
					},
					{
						"effect": "serpent1",
						"locator": "effect"
					},
					{
						"effect": "serpent1",
						"locator": "effect"
					},
					{
						"effect": "serpent1",
						"locator": "effect"
					}
				],
				"0.2": [
					{
						"effect": "serpent1",
						"locator": "effect"
					},
					{
						"effect": "serpent1",
						"locator": "effect"
					},
					{
						"effect": "serpent1",
						"locator": "effect"
					},
					{
						"effect": "serpent1",
						"locator": "effect"
					},
					{
						"effect": "serpent1",
						"locator": "effect"
					},
					{
						"effect": "serpent1",
						"locator": "effect"
					}
				]
			}
		},
		"animation.serpent01": {
			"animation_length": 2,
			"override_previous_animation": true,
			"bones": {
				"head": {
					"rotation": {
						"0.0": [0, 75, 0],
						"0.75": [0, -315, 0]
					},
					"position": {
						"0.0": [0, 0, 0],
						"0.15": [-43, 10, -14],
						"0.3": [2, 0, -51],
						"0.45": [53, 10, -9],
						"0.6": [32, 0, 34],
						"0.75": [-16, 10, 28]
					},
					"scale": {
						"0.75": [1, 1, 1],
						"0.8": [-0.1, 0, 0]
					}
				}
			},
			"particle_effects": {
				"0.0": [
					{
						"effect": "serpent1",
						"locator": "effect"
					},
					{
						"effect": "serpent1",
						"locator": "effect"
					},
					{
						"effect": "serpent1",
						"locator": "effect"
					},
					{
						"effect": "serpent1",
						"locator": "effect"
					},
					{
						"effect": "serpent1",
						"locator": "effect"
					},
					{
						"effect": "serpent1",
						"locator": "effect"
					}
				]
			}
		},
		"animation.serpent1": {
			"animation_length": 2,
			"override_previous_animation": true,
			"bones": {
				"head": {
					"rotation": {
						"0.0": [0, 75, 0],
						"0.75": [0, -315, 0]
					},
					"position": {
						"0.0": [0, 0, 0],
						"0.15": [-43, 0, -14],
						"0.3": [2, 0, -51],
						"0.45": [53, 0, -9],
						"0.6": [32, 0, 34],
						"0.75": [-16, 0, 28]
					},
					"scale": {
						"0.75": [1, 1, 1],
						"0.8": [-0.1, 0, 0]
					}
				}
			},
			"particle_effects": {
				"0.0": [
					{
						"effect": "serpent1",
						"locator": "effect"
					},
					{
						"effect": "serpent1",
						"locator": "effect"
					},
					{
						"effect": "serpent1",
						"locator": "effect"
					},
					{
						"effect": "serpent1",
						"locator": "effect"
					},
					{
						"effect": "serpent1",
						"locator": "effect"
					},
					{
						"effect": "serpent1",
						"locator": "effect"
					}
				]
			}
		}
	}
}
