{
	"format_version": "1.8.0",
	"animations": {
		"animation.sound1": {
			"loop": true,
			"animation_length": 2,
			"override_previous_animation": true,
			"bones": {
				"root": {
					"rotation": [0, "query.target_y_rotation - this + 180 * v.is_first_person", 0]
				},
				"rightArm": {
					"rotation": {
						"0.0": [0, 0, 0],
						"0.4": [-360.26, -1.98, 6.51],
						"0.5": [-450.32652, -2.4786, -82.49294],
						"0.7": [-385.32652, -2.4786, -82.49294],
						"1.0": [-381.55809, 25.39496, 9.09899],
						"1.2": [-99.26801, 6.96149, -33.96524],
						"1.4": [-24.26801, 6.96149, -33.96524],
						"1.7": [-433.94678, 11.38499, -18.31607],
						"1.8": [-393.94678, 11.38499, -18.31607],
						"2.0": [0, 0, 0]
					}
				},
				"NichirinR": {
					"rotation": {
						"0.0": [0, 0, 0],
						"0.5": [360, 0, 0]
					}
				},
				"leftArm": {
					"rotation": {
						"0.0": [0, 0, 0],
						"0.2": [-194, 0, 9],
						"0.5": [-485, 0, -40],
						"0.8": [-350, 0, -40],
						"1.0": [-350, 0, -40],
						"1.2": [-184.12, -0.51, -6.13],
						"1.3": [-101.18314, -0.75936, 10.81108],
						"1.4": [-28.02949, 6.39671, 24.01874],
						"1.8": [-388.64939, 1.64035, 15.19803],
						"2.0": [0, 0, 0]
					}
				},
				"NichirinL": {
					"rotation": {
						"0.0": [0, 0, 0],
						"0.5": [360, 0, 0]
					}
				},
				"body": {
					"rotation": {
						"0.0": [0, 0, 0],
						"0.2": [10, -12.5, 0],
						"0.4": [0, 7.5, 0],
						"0.6": [-10, 7.5, 0],
						"0.7": [-10, 7.5, 0],
						"0.9": [10, 17.5, 0],
						"1.1": [10, 17.5, 0],
						"1.3": [-10, 17.5, 0],
						"1.5": [5, -2.5, 0],
						"1.7": [5, -2.5, 0],
						"2.0": [0, 0, 0]
					},
					"position": {
						"0.0": [0, 0, 0],
						"0.2": [0, 0, -2],
						"0.4": [0, 0, 0],
						"0.6": [0, 0, 2],
						"0.7": [0, 0, 2],
						"0.9": [-1, 0, -2],
						"1.1": [-1, 0, -2],
						"1.3": [0, 0, 2],
						"1.5": [0, 0, -1],
						"1.7": [0, 0, -1],
						"2.0": [0, 0, 0]
					}
				},
				"head": {
					"rotation": {
						"0.0": [0, 0, 0],
						"0.2": [9.49501, -0.98945, 2.90033],
						"0.5": [4.5, -0.99, 2.9],
						"0.8": [4.5, -15.99, 2.9],
						"1.0": [-5.5, -15.99, 2.9],
						"1.3": [-5.5, -15.99, 2.9],
						"1.5": [-5.5, 9.01, 2.9],
						"1.7": [-3, 9.01, 2.9],
						"1.8": [-10.5, 9.01, 2.9],
						"2.0": [0, 0, 0]
					}
				}
			}
		},
		"animation.sound2": {
			"loop": true,
			"animation_length": 0.5,
			"override_previous_animation": true,
			"bones": {
				"root": {
					"rotation": [0, "query.target_y_rotation - this + 180 * v.is_first_person", 0]
				},
				"rightArm": {
					"rotation": {
						"0.0": [0, 0, 0],
						"0.5": [-360, 0, 0]
					}
				},
				"NichirinR": {
					"rotation": {
						"0.0": [0, 0, 0],
						"0.5": [360, 0, 0]
					}
				},
				"leftArm": {
					"rotation": {
						"0.0": [0, 0, 0],
						"0.5": [-360, 0, 0]
					}
				},
				"NichirinL": {
					"rotation": {
						"0.0": [0, 0, 0],
						"0.5": [360, 0, 0]
					}
				}
			}
		},
		"animation.sound0": {
			"loop": true,
			"animation_length": 0.08333,
			"override_previous_animation": true,
			"bones": {
				"root": {
					"rotation": [0, "query.target_y_rotation - this + 180 * v.is_first_person", 0]
				},
				"rightArm": {
					"rotation": [-95, 0, 25]
				},
				"leftArm": {
					"rotation": [-85, 0, -25]
				}
			}
		}
	}
}