{
	"format_version": "1.8.0",
	"animations": {
		"animation.swordattack01": {
			"animation_length": 0.75,
			"bones": {
				"waist": {
					"rotation": {
						"0.0": [0, 0, 0],
						"0.0833": [-12.5, 25, 0],
						"0.1667": [0, 25, 0],
						"0.3333": [0, -25, 0]
					}
				},
				"rightArm": {
					"rotation": {
						"0.0": [0, 0, 0],
						"0.0833": [-193.64973, -6.27967, -24.24769],
						"0.1667": [-193.65, -6.28, -24.25],
						"0.5": [-16.73901, -14.51946, -48.27616]
					}
				}
			},
			"sound_effects": {
				"0.25": {
					"effect": "sword"
				}
			},
			"particle_effects": {
				"0.0": [
					{
						"effect": "effect",
						"locator": "p1"
					},
					{
						"effect": "effect",
						"locator": "p2"
					},
					{
						"effect": "effect",
						"locator": "p3"
					},
					{
						"effect": "effect",
						"locator": "p4"
					},
					{
						"effect": "effect",
						"locator": "p5"
					},
					{
						"effect": "effect",
						"locator": "p6"
					},
					{
						"effect": "effect",
						"locator": "p7"
					},
					{
						"effect": "effect",
						"locator": "p8"
					},
					{
						"effect": "effect",
						"locator": "p9"
					},
					{
						"effect": "effect",
						"locator": "p10"
					}
				]
			}
		},
		"animation.swordattack02": {
			"animation_length": 0.75,
			"bones": {
				"waist": {
					"rotation": {
						"0.0": [0, 0, 0],
						"0.0833": [-12.5, 25, 0],
						"0.1667": [0, 25, 0],
						"0.3333": [0, -25, 0]
					}
				},
				"rightArm": {
					"rotation": {
						"0.0": [0, 0, 0],
						"0.0833": [-225, 0, -90],
						"0.1667": [-225, 0, -90],
						"0.5": [-60, 0, -90]
					}
				}
			},
			"sound_effects": {
				"0.25": {
					"effect": "sword"
				}
			},
			"particle_effects": {
				"0.0": [
					{
						"effect": "effect",
						"locator": "p1"
					},
					{
						"effect": "effect",
						"locator": "p2"
					},
					{
						"effect": "effect",
						"locator": "p3"
					},
					{
						"effect": "effect",
						"locator": "p4"
					},
					{
						"effect": "effect",
						"locator": "p5"
					},
					{
						"effect": "effect",
						"locator": "p6"
					},
					{
						"effect": "effect",
						"locator": "p7"
					},
					{
						"effect": "effect",
						"locator": "p8"
					},
					{
						"effect": "effect",
						"locator": "p9"
					},
					{
						"effect": "effect",
						"locator": "p10"
					}
				]
			}
		},
		"animation.swordattack1": {
			"animation_length": 0.75,
			"bones": {
				"waist": {
					"rotation": {
						"0.0": [0, 0, 0],
						"0.0833": [-12.5, 25, 0],
						"0.1667": [0, 25, 0],
						"0.3333": [0, -25, 0]
					}
				},
				"rightArm": {
					"rotation": {
						"0.0": [0, 0, 0],
						"0.0833": [-193.64973, -6.27967, -24.24769],
						"0.1667": [-193.65, -6.28, -24.25],
						"0.5": [-16.73901, -14.51946, -48.27616]
					}
				}
			},
			"sound_effects": {
				"0.25": {
					"effect": "sword"
				}
			},
			"particle_effects": {
				"0.0": [
					{
						"effect": "effect",
						"locator": "effect1"
					},
					{
						"effect": "effect",
						"locator": "effect2"
					},
					{
						"effect": "effect",
						"locator": "effect3"
					},
					{
						"effect": "effect",
						"locator": "effect4"
					},
					{
						"effect": "effect",
						"locator": "effect5"
					}
				]
			}
		},
		"animation.swordattack2": {
			"animation_length": 0.75,
			"bones": {
				"waist": {
					"rotation": {
						"0.0": [0, 0, 0],
						"0.0833": [-12.5, 25, 0],
						"0.1667": [0, 25, 0],
						"0.3333": [0, -25, 0]
					}
				},
				"rightArm": {
					"rotation": {
						"0.0": [0, 0, 0],
						"0.0833": [-225, 0, -90],
						"0.1667": [-225, 0, -90],
						"0.5": [-60, 0, -90]
					}
				}
			},
			"sound_effects": {
				"0.25": {
					"effect": "sword"
				}
			},
			"particle_effects": {
				"0.0": [
					{
						"effect": "effect",
						"locator": "effect1"
					},
					{
						"effect": "effect",
						"locator": "effect2"
					},
					{
						"effect": "effect",
						"locator": "effect3"
					},
					{
						"effect": "effect",
						"locator": "effect4"
					},
					{
						"effect": "effect",
						"locator": "effect5"
					}
				]
			}
		},
		"animation.swordattack3": {
			"animation_length": 1.16667,
			"bones": {
				"waist": {
					"rotation": {
						"0.0": [0, 0, 0],
						"0.0833": [-12.5, 25, 0],
						"0.1667": [0, 25, 0],
						"0.3333": [0, -25, 0],
						"0.5": [0, -25, 0],
						"0.5833": [0, -25, 0],
						"0.8333": [0, 37.5, 0]
					}
				},
				"rightArm": {
					"rotation": {
						"0.0": [0, 0, 0],
						"0.0833": [-193.64973, -6.27967, -24.24769],
						"0.1667": [-193.65, -6.28, -24.25],
						"0.5": [-16.73901, -14.51946, -48.27616]
					}
				},
				"leftArm": {
					"rotation": {
						"0.3333": [0, 0, 0],
						"0.5": [-191.36081, 5.24826, 24.47761],
						"0.5833": [-191.36, 5.25, 24.48],
						"1.0": [-21.91403, 1.5546, 15.16978]
					}
				}
			},
			"sound_effects": {
				"0.25": {
					"effect": "sword"
				}
			},
			"particle_effects": {
				"0.0": [
					{
						"effect": "effect",
						"locator": "effect1"
					},
					{
						"effect": "effect",
						"locator": "effect2"
					},
					{
						"effect": "effect",
						"locator": "effect3"
					},
					{
						"effect": "effect",
						"locator": "effect4"
					},
					{
						"effect": "effect",
						"locator": "effect5"
					},
					{
						"effect": "effect",
						"locator": "effect6"
					},
					{
						"effect": "effect",
						"locator": "effect7"
					},
					{
						"effect": "effect",
						"locator": "effect8"
					},
					{
						"effect": "effect",
						"locator": "effect9"
					},
					{
						"effect": "effect",
						"locator": "effect10"
					}
				]
			}
		},
		"animation.swordattack4": {
			"animation_length": 0.75,
			"bones": {
				"waist": {
					"rotation": {
						"0.0": [0, 0, 0],
						"0.0833": [-12.5, 25, 0],
						"0.1667": [0, 25, 0],
						"0.5": [0, -25, 0]
					}
				},
				"rightArm": {
					"rotation": {
						"0.0": [0, 0, 0],
						"0.0833": [-225, 0, -90],
						"0.1667": [-225, 0, -90],
						"0.5": [-60, 0, -90]
					}
				},
				"leftArm": {
					"rotation": {
						"0.0": [0, 0, 0],
						"0.0833": [-225, 0, 90],
						"0.1667": [-225, 0, 90],
						"0.5": [-60, 0, 90]
					}
				}
			},
			"sound_effects": {
				"0.25": {
					"effect": "sword"
				}
			},
			"particle_effects": {
				"0.0": [
					{
						"effect": "effect",
						"locator": "effect1"
					},
					{
						"effect": "effect",
						"locator": "effect2"
					},
					{
						"effect": "effect",
						"locator": "effect3"
					},
					{
						"effect": "effect",
						"locator": "effect4"
					},
					{
						"effect": "effect",
						"locator": "effect5"
					},
					{
						"effect": "effect",
						"locator": "effect6"
					},
					{
						"effect": "effect",
						"locator": "effect7"
					},
					{
						"effect": "effect",
						"locator": "effect8"
					},
					{
						"effect": "effect",
						"locator": "effect9"
					},
					{
						"effect": "effect",
						"locator": "effect10"
					}
				]
			}
		}
	}
}
