{
	"format_version": "1.8.0",
	"animations": {
		"animation.sword1": {
			"animation_length": 0.5,
			"override_previous_animation": true,
			"bones": {
				"waist": {
					"rotation": {
						"0.0": [0, 0, 0],
						"0.15": [-16.4012, 32.12939, -3.0422],
						"0.2": [-16.4012, 32.12939, -3.0422],
						"0.4": [10.527, -19.00053, 2.82756]
					}
				},
				"rightArm": {
					"rotation": {
						"0.0": [0, 0, 0],
						"0.15": [-196.35021, -4.34386, -24.53801],
						"0.2": [-196.35021, -4.34386, -24.53801],
						"0.4": [-26.35021, -4.34386, -24.53801]
					}
				}
			}
		},
		"animation.sword2": {
			"animation_length": 0.4,
			"override_previous_animation": true,
			"bones": {
				"waist": {
					"rotation": {
						"0.0": [0, 0, 0],
						"0.1": [-5.51385, 24.89837, -2.3273],
						"0.15": [-5.51, 24.9, -2.33],
						"0.3": [7.52734, -20.27492, 4.48499]
					}
				},
				"rightArm": {
					"rotation": {
						"0.0": [0, 0, 0],
						"0.1": [0, 90, 90],
						"0.15": [0, 90, 90],
						"0.3": [-90, -45, 0]
					}
				}
			}
		},
		"animation.sword3": {
			"animation_length": 0.5,
			"override_previous_animation": true,
			"bones": {
				"waist": {
					"rotation": {
						"0.0": [0, 0, 0],
						"0.15": [59.51995, 11.86554, 19.25656],
						"0.2": [58.39341, 7.99365, 12.73415],
						"0.3": [-12.92638, -14.63639, 3.31914]
					}
				},
				"rightArm": {
					"rotation": {
						"0.0": [0, 0, 0],
						"0.15": [0, 180, 0],
						"0.2": [0, 180, 0],
						"0.3": [180, 180, 0]
					},
					"position": {
						"0.0": [0, 0, 0],
						"0.15": [-2, 0, 0]
					}
				}
			}
		},
		"animation.swords1": {
			"animation_length": 0.4,
			"override_previous_animation": true,
			"bones": {
				"waist": {
					"rotation": {
						"0.0": [0, 0, 0],
						"0.1": [-10, 0, 0],
						"0.15": [-10, 0, 0],
						"0.3": [10, 0, 0]
					}
				},
				"leftArm": {
					"rotation": {
						"0.0": [0, 0, 0],
						"0.1": [-170, 0, 25],
						"0.15": [-170, 0, 25],
						"0.3": [-30, 0, 25]
					}
				},
				"rightArm": {
					"rotation": {
						"0.0": [0, 0, 0],
						"0.1": [-170, 0, -25],
						"0.15": [-170, 0, -25],
						"0.3": [-30, 0, -25]
					}
				}
			}
		},
		"animation.swords2": {
			"animation_length": 0.5,
			"override_previous_animation": true,
			"bones": {
				"leftArm": {
					"rotation": {
						"0.0": [0, 0, 0],
						"0.1": [-90, 0, 0],
						"0.15": [-90, 0, -90],
						"0.3": [-10, 0, -90]
					}
				},
				"rightArm": {
					"rotation": {
						"0.0": [0, 0, 0],
						"0.1": [-90, 0, 0],
						"0.15": [-90, 0, 90],
						"0.3": [-10, 0, 90]
					}
				}
			}
		},
		"animation.swords3": {
			"animation_length": 0.4,
			"override_previous_animation": true,
			"bones": {
				"leftArm": {
					"rotation": {
						"0.0": [0, 0, 0],
						"0.1": [-180, 0, 15],
						"0.15": [-180, 0, 15],
						"0.3": [0, 0, -15]
					}
				},
				"rightArm": {
					"rotation": {
						"0.0": [0, 0, 0],
						"0.1": [-180, 0, -15],
						"0.15": [-180, 0, -15],
						"0.3": [0, 0, 15]
					}
				}
			}
		}
	}
}