{
	"format_version": "1.8.0",
	"animations": {
		"animation.tentacle_vase": {
			"loop": true,
			"bones": {
				"ten4": {
					"rotation": {
						"0.0": [0, 0, "12+Math.cos(query.life_time * 100) * -32"]
					}
				},
				"ten5": {
					"rotation": {
						"0.0": [0, 0, "-17+Math.cos(query.life_time * 100) * 30"]
					}
				},
				"ten10": {
					"rotation": {
						"0.0": ["10+Math.cos(query.life_time * 100) * -2", 0, "-30+Math.cos(query.life_time * 100) * 28"]
					}
				},
				"ten11": {
					"rotation": {
						"0.0": ["-5+Math.cos(query.life_time * 100) * 3", 0, "25+Math.cos(query.life_time * 100) * -55"]
					}
				},
				"ten16": {
					"rotation": {
						"0.0": ["-30+Math.cos(query.life_time * 100) * 32", -4.98093, -8.6822]
					}
				},
				"ten17": {
					"rotation": {
						"0.0": ["25+Math.cos(query.life_time * 100) * -35", -10.54794, "14+Math.cos(query.life_time * 100) * -14"]
					}
				},
				"ten22": {
					"rotation": {
						"0.0": ["32+Math.cos(query.life_time * 100) * -32", 0, 0]
					}
				},
				"ten23": {
					"rotation": {
						"0.0": ["-27+Math.cos(query.life_time * 100) * 37", 0, 0]
					}
				}
			}
		}
	}
}
