{
	"format_version": "1.8.0",
	"animations": {
		"animation.thunder0": {
			"loop": true,
			"animation_length": 0.2,
			"override_previous_animation": true,
			"bones": {
				"root": {
					"rotation": [0, "query.target_y_rotation - this + 180 * v.is_first_person", 0]
				},
				"rightArm": {
					"rotation": [-32.81658, 59.80983, -36.72517]
				},
				"waist": {
					"rotation": [35, 0, 0]
				},
				"head": {
					"rotation": [25, 0, 0]
				},
				"leftArm": {
					"rotation": [-15.84766, 19.58991, 49.74702]
				}
			},
			"particle_effects": {
				"0.0": [
					{
						"effect": "thunder1",
						"locator": "effect1"
					},
					{
						"effect": "thunder1",
						"locator": "effect2"
					},
					{
						"effect": "thunder1",
						"locator": "effect3"
					},
					{
						"effect": "thunder1",
						"locator": "effect4"
					},
					{
						"effect": "thunder1",
						"locator": "effect5"
					}
				]
			}
		},
		"animation.thunder1": {
			"animation_length": 2,
			"override_previous_animation": true,
			"bones": {
				"root": {
					"rotation": [0, "query.target_y_rotation - this + 180 * v.is_first_person", 0]
				},
				"waist": {
					"rotation": {
						"0.0": [0, 0, 0],
						"0.1": [45, 0, 0]
					}
				},
				"head": {
					"rotation": {
						"0.0": [0, 0, 0],
						"0.1": [25, 0, 0]
					}
				},
				"leftArm": {
					"rotation": {
						"0.0": [0, 0, 0],
						"0.1": [-15.66097, 35.35124, 58.54111]
					}
				},
				"rightArm": {
					"rotation": {
						"0.0": [0, 0, 0],
						"0.1": [-44.31282, 72.39303, -45.68718]
					}
				},
				"leftLeg": {
					"rotation": {
						"0.0": [0, 0, 0],
						"0.1": [0, 0, -5]
					}
				},
				"rightLeg": {
					"rotation": {
						"0.0": [0, 0, 0],
						"0.1": [0, 0, 5]
					}
				}
			}
		}
	}
}
