{
	"format_version": "1.8.0",
	"animations": {
		"animation.player.haori": {
			"loop": true,
			"animation_length": 0.7,
			"bones": {
			"RTape": {
					"rotation": {
						"0.0": ["-10 * math.min(1,query.ground_speed)", "-10 * math.min(1,query.ground_speed)", 0],
						"0.35": ["5 * math.min(1,query.ground_speed)", "3 * math.min(1,query.ground_speed)", 0],
						"0.7": ["-10 * math.min(1,query.ground_speed)", "-10 * math.min(1,query.ground_speed)", 0]
					}
				},
			"LTape": {
					"rotation": {
						"0.0": ["-10 * math.min(1,query.ground_speed)", "-10 * math.min(1,query.ground_speed)", 0],
						"0.35": ["5 * math.min(1,query.ground_speed)", "3 * math.min(1,query.ground_speed)", 0],
						"0.7": ["-10 * math.min(1,query.ground_speed)", "-10 * math.min(1,query.ground_speed)", 0]
					}
				}
			}
		}
	}
}
