{
	"format_version": "1.8.0",
	"animations": {
		"animation.water10": {
			"loop": true,
			"animation_length": 1,
			"override_previous_animation": true,
			"bones": {
				"Dragon": {
					"rotation": {
						"0.0": [0, 0, 0],
						"0.25": [0, -90, 5],
						"0.4": [1, -144, 0],
						"0.65": [0.58, -234, 0],
						"0.8": [-12.17, -288, 0],
						"1.0": [0, -360, 0]
					},
					"position": {
						"0.0": [0, 0, 0],
						"0.25": [0, -40, 0],
						"0.45": [0, -10, 0],
						"0.65": [0, -15, 0],
						"0.8": [0, 0, 0]
					}
				},
				"Water10": {
					"position": [-26, 1030, 0],
					"scale": [7, 7, 7]
				}
			},
			"particle_effects": {
				"0.0": {
					"effect": "water5",
					"locator": "water1"
				},
				"0.1": {
					"effect": "water5",
					"locator": "water1"
				},
				"0.2": {
					"effect": "water5",
					"locator": "water1"
				},
				"0.3": {
					"effect": "water5",
					"locator": "water1"
				},
				"0.4": {
					"effect": "water5",
					"locator": "water1"
				},
				"0.5": {
					"effect": "water5",
					"locator": "water1"
				}
			}
		}
	}
}