{
	"format_version": "1.8.0",
	"animations": {
		"animation.wind9": {
			"animation_length": 1.5,
			"override_previous_animation": true,
			"bones": {
				"root": {
					"rotation": {
						"0.0": [0, "query.target_y_rotation - this + 180 * v.is_first_person", 0],
						"0.1": [-180, "query.target_y_rotation - this + 180 * v.is_first_person", 0],
						"0.2": [-180, "query.target_y_rotation - this + 180 * v.is_first_person+170", 0],
						"0.7": [180, "query.target_y_rotation - this + 180 * v.is_first_person+170", 0]
					}
				},
				"waist": {
					"rotation": {
						"0.0": [0, 0, 0],
						"0.2": [47.5, 0, 0],
						"0.7": [10, 0, 0]
					}
				},
				"head": {
					"rotation": {
						"0.0": [0, 0, 0],
						"0.2": [-65, 0, 0],
						"0.7": [30, 0, 0]
					}
				},
				"rightArm": {
					"rotation": {
						"0.0": [0, 0, 0],
						"0.2": [-90, 0, 0],
						"0.7": [45, 0, 0]
					}
				}
			},
			"particle_effects": {
				"0.0": {
					"effect": "wind6"
				}
			}
		},
		"animation.wind8": {
			"animation_length": 1.5,
			"override_previous_animation": true,
			"bones": {
				"root": {
					"rotation": {
						"0.0": [0, "query.target_y_rotation - this + 180 * v.is_first_person", 0],
						"1.0": [0, "query.target_y_rotation - this + 180 * v.is_first_person-360", 0]
					}
				},
				"head": {
					"rotation": {
						"0.0": [0, 0, 0],
						"1.0": [0, -355, 0]
					}
				},
				"rightArm": {
					"rotation": {
						"0.0": [0, 0, 0],
						"0.1": [0, 0, 67.5],
						"0.2": [-180, 55, -112.5],
						"0.3": [-137.5, 55, -112.5]
					}
				}
			},
			"particle_effects": {
				"0.0": [
					{
						"effect": "wind5",
						"locator": "effect1"
					},
					{
						"effect": "wind01",
						"locator": "effect1"
					}
				],
				"0.5": {
					"effect": "wind5",
					"locator": "effect1"
				}
			}
		},
		"animation.wind7": {
			"animation_length": 2,
			"override_previous_animation": true,
			"bones": {
				"root": {
					"rotation": [0, "query.target_y_rotation - this + 180 * v.is_first_person", 0]
				},
				"rightArm": {
					"rotation": {
						"0.0": [0, 0, 0],
						"0.1": [-90, 0, 0],
						"0.2": [-90, 0, -45],
						"0.3": [-90, 0, -45],
						"0.5": [35, 0, -45],
						"0.7": [35, 0, -45],
						"0.8": [-26.341, -23.92746, 95.67731],
						"1.0": [76.159, -23.92746, 95.67731]
					}
				}
			},
			"particle_effects": {
				"0.0": [
					{
						"effect": "wind4",
						"locator": "effect1"
					},
					{
						"effect": "wind4",
						"locator": "effect2"
					},
					{
						"effect": "wind4",
						"locator": "effect3"
					},
					{
						"effect": "wind4",
						"locator": "effect4"
					},
					{
						"effect": "wind4",
						"locator": "effect5"
					}
				]
			}
		},
		"animation.wind6": {
			"animation_length": 1.0,
			"override_previous_animation": true,
			"bones": {
				"root": {
					"rotation": [0, "query.target_y_rotation - this + 180 * v.is_first_person", 0]
				},
				"rightArm": {
					"rotation": {
						"0.0": [0, 0, 0],
						"0.15": [-264.68153, 5.29571, -44.75386],
						"0.2": [-264.68, 5.3, -44.75],
						"1.0": [-10.94216, 30.86636, 16.25046]
					}
				}
			},
			"particle_effects": {
				"0.0": {
					"effect": "wind3",
					"locator": "effect5"
				},
				"0.2": {
					"effect": "wind3",
					"locator": "effect5"
				},
				"0.4": {
					"effect": "wind3",
					"locator": "effect5"
				},
				"0.6": {
					"effect": "wind3",
					"locator": "effect5"
				},
				"0.8": {
					"effect": "wind3",
					"locator": "effect5"
				}
			}
		},
		"animation.wind5": {
			"animation_length": 2,
			"override_previous_animation": true,
			"bones": {
				"root": {
					"rotation": [0, "query.target_y_rotation - this + 180 * v.is_first_person", 0]
				},
				"head": {
					"rotation": {
						"1.0": [0, 0, 0],
						"1.2": [22.81179, 9.23186, 3.86032]
					}
				},
				"leftArm": {
					"rotation": {
						"0.0": [0, 0, 0],
						"0.1": [0, 0, -25],
						"1.0": [0, 0, -25]
					}
				},
				"rightArm": {
					"rotation": {
						"0.0": [0, 0, 0],
						"0.1": [-219.32466, -7.9972, -9.63846],
						"1.0": [-219.32, -8, -9.64],
						"1.2": [-19.32, -8, -9.64]
					}
				}
			}
		},
		"animation.wind4": {
			"animation_length": 2,
			"override_previous_animation": true,
			"bones": {
				"root": {
					"rotation": [0, "query.target_y_rotation - this + 180 * v.is_first_person", 0]
				},
				"rightArm": {
					"rotation": {
						"0.0": [0, 0, 0],
						"0.1": [-180, 0, -42.5],
						"0.15": [-180, 0, -42.5],
						"0.3": [37.5, 0, -42.5]
					}
				}
			},
			"particle_effects": {
				"0.0": [
					{
						"effect": "wind2",
						"locator": "effect1"
					},
					{
						"effect": "wind2",
						"locator": "effect2"
					},
					{
						"effect": "wind2",
						"locator": "effect3"
					},
					{
						"effect": "wind2",
						"locator": "effect4"
					},
					{
						"effect": "wind2",
						"locator": "effect5"
					}
				]
			}
		},
		"animation.wind3": {
			"animation_length": 0.5,
			"override_previous_animation": true,
			"bones": {
				"root": {
					"rotation": {
						"0.0": [0, "query.target_y_rotation - this + 180 * v.is_first_person", 0],
						"0.5": [0, "query.target_y_rotation - this + 180 * v.is_first_person-360", 0]
					}
				},
				"head": {
					"rotation": {
						"0.0": [0, 0, 0],
						"0.25": [45, 0, 0],
						"0.5": [0, 0, 0]
					}
				},
				"rightArm": {
					"rotation": {
						"0.0": [0, 0, 0],
						"0.1": [-90, 0, -90],
						"0.4": [-90, 0, -90],
						"0.5": [-17.89244, 9.08661, -26.43337]
					}
				}
			}
		},
		"animation.wind0": {
			"loop": true,
			"animation_length": 0.25,
			"override_previous_animation": true,
			"bones": {
				"root": {
					"rotation": [0, "query.target_y_rotation - this + 180 * v.is_first_person", 0]
				},
				"rightArm": {
					"rotation": [-23.50914, 35.02813, -7.44383]
				}
			},
			"particle_effects": {
				"0.0": [
					{
						"effect": "wind0",
						"locator": "effect1"
					},
					{
						"effect": "wind0",
						"locator": "effect2"
					},
					{
						"effect": "wind0",
						"locator": "effect3"
					},
					{
						"effect": "wind0",
						"locator": "effect4"
					},
					{
						"effect": "wind0",
						"locator": "effect5"
					}
				]
			}
		},
		"animation.wind1": {
			"animation_length": 1.5,
			"override_previous_animation": true,
			"bones": {
				"root": {
					"rotation": {
						"0.0": [0, "query.target_y_rotation - this + 180 * v.is_first_person", 0],
						"1.0": [0, "query.target_y_rotation - this + 180 * v.is_first_person-360", 0]
					}
				},
				"head": {
					"rotation": {
						"0.0": [0, 0, 0],
						"1.0": [0, -355, 0]
					}
				},
				"rightArm": {
					"rotation": {
						"0.0": [0, 0, 0],
						"0.1": [0, 0, 67.5],
						"0.2": [-180, 55, -112.5],
						"0.3": [-137.5, 55, -112.5]
					}
				}
			},
			"particle_effects": {
				"0.0": [
					{
						"effect": "wind1",
						"locator": "effect1"
					},
					{
						"effect": "wind01",
						"locator": "effect1"
					}
				],
				"0.5": {
					"effect": "wind1",
					"locator": "effect1"
				}
			}
		}
	}
}
