{
	"format_version": "1.10.0",
	"particle_effect": {
		"description": {
			"identifier": "sun:clearbluesky1",
			"basic_render_parameters": {
				"material": "particles_alpha",
				"texture": "textures/particle/particles"
			}
		},
		"components": {
			"minecraft:emitter_rate_steady": {
				"spawn_rate": 1500,
				"max_particles": 1500
			},
			"minecraft:emitter_lifetime_once": {
				"active_time": 1
			},
			"minecraft:emitter_shape_point": {
				"offset": ["(variable.emitter_age+0.5)*Math.cos(variable.particle_random_1*360)*5", "(variable.emitter_age+0.5)*Math.sin(variable.particle_random_1*360)*5-1", 0]
			},
			"minecraft:particle_lifetime_expression": {
				"max_lifetime": 0.5
			},
			"minecraft:particle_initial_speed": 0,
			"minecraft:particle_motion_dynamic": {},
			"minecraft:particle_appearance_billboard": {
				"size": ["0.15*(1-variable.particle_age)", "0.15*(1-variable.particle_age)"],
				"facing_camera_mode": "lookat_xyz",
				"uv": {
					"texture_width": 16,
					"texture_height": 16,
					"uv": ["math.floor(variable.particle_random_1 * 8)", 9],
					"uv_size": [1, 1]
				}
			},
			"minecraft:particle_appearance_tinting": {
				"color": {
					"interpolant": "v.particle_age / v.particle_lifetime",
					"gradient": {
						"0.0": "#FFE5792C",
						"0.45": "#FFDC2323",
						"1.0": "#FFA22828"
					}
				}
			}
		}
	}
}