{
	"format_version": "1.10.0",
	"particle_effect": {
		"description": {
			"identifier": "sun:dragon1",
			"basic_render_parameters": {
				"material": "particles_alpha",
				"texture": "textures/particle/particles"
			}
		},
		"components": {
			"minecraft:emitter_rate_steady": {
				"spawn_rate": 600,
				"max_particles": 600
			},
			"minecraft:emitter_lifetime_once": {
				"active_time": 1.5
			},
			"minecraft:emitter_shape_sphere": {
				"radius": 1.2,
				"direction": "outwards"
			},
			"minecraft:particle_lifetime_expression": {
				"max_lifetime": 0.5
			},
			"minecraft:particle_initial_speed": 1,
			"minecraft:particle_motion_dynamic": {},
			"minecraft:particle_appearance_billboard": {
				"size": ["0.25*(1-variable.particle_age)", "0.25*(1-variable.particle_age)"],
				"facing_camera_mode": "lookat_xyz",
				"uv": {
					"texture_width": 128,
					"texture_height": 128,
					"uv": [32, 72],
					"uv_size": [8, 8]
				}
			},
			"minecraft:particle_appearance_tinting": {
				"color": {
					"interpolant": "v.particle_age / v.particle_lifetime",
					"gradient": {
						"0.0": "#FFDAC7C7",
						"0.2": "#FFDA912B",
						"0.4": "#FFC5F835",
						"0.67": "#FFCF2C2C",
						"1.0": "#FF8D2424"
					}
				}
			}
		}
	}
}