{
	"format_version": "1.10.0",
	"particle_effect": {
		"description": {
			"identifier": "ic:figure_particle",
			"basic_render_parameters": {
				"material": "particles_blend",
				"texture": "textures/particles/ic_figure_light"
			}
		},
		"components": {
			"minecraft:emitter_rate_steady": {
				"spawn_rate": 2,
				"max_particles": 100
			},
			"minecraft:emitter_lifetime_looping": {
				"active_time": 1
			},
			"minecraft:emitter_shape_point": {
				"direction": [1, 0, 0]
			},
			"minecraft:particle_lifetime_expression": {
				"max_lifetime": 2
			},
			"minecraft:particle_initial_speed": 2.5,
			"minecraft:particle_motion_dynamic": {},
			"minecraft:particle_appearance_billboard": {
				"size": [0.3, 0.3],
				"facing_camera_mode": "rotate_xyz",
				"uv": {
					"texture_width": 16,
					"texture_height": 16,
					"uv": [0, 0],
					"uv_size": [16, 16]
				}
			},
			"minecraft:particle_appearance_lighting": {},
			"minecraft:particle_motion_collision": {
				"expire_on_contact": true
			}
		}
	}
}