{"format_version":"1.10.0","minecraft:client_entity":{"description":{"identifier":"yg:pacman_exe","materials":{"default":"enderman"},"textures":{"default":"textures/entity/yg_pacman_exe"},"geometry":{"default":"geometry.yg_pacman_exe"},"scripts":{"animate":["move","general","attack_controllers"],"pre_animation":["variable.attack = Math.sin(variable.attack_time * 30.0);"],"scale":"2"},"animations":{"attack":"animation.yg_pacman_exe.attack","attack_controllers":"controller.animation.yg_pacman_exe.attack","general":"controller.animation.yg_pacman_exe.general","gazo_general":"animation.yg_pacman_exe.general","move":"controller.animation.yg_pacman_exe.move","moving":"animation.yg_pacman_exe.move"},"render_controllers":["controller.render.witch"],"spawn_egg":{"texture":"yg:pacman_exe","texture_index":0}}}}