{
  "resource_pack_name": "vanilla",
  "texture_name": "atlas.items",
  "texture_data": {
    "yg:two": {
      "textures": "textures/items/yg_two"
    },
    "yg:one": {
      "textures": "textures/items/yg_one"
    },
    "yg:zero": {
      "textures": "textures/items/yg_zero"
    },
    "yg:three": {
      "textures": "textures/items/yg_three"
    },
    "yg:four": {
      "textures": "textures/items/yg_four"
    },
    "yg:five": {
      "textures": "textures/items/yg_five"
    },
    "yg:six": {
      "textures": "textures/items/yg_six"
    },
    "yg:seven": {
      "textures": "textures/items/yg_seven"
    },
    "yg:eight": {
      "textures": "textures/items/yg_eight"
    },
    "yg:ten": {
      "textures": "textures/items/yg_ten"
    },
    "yg:nine": {
      "textures": "textures/items/yg_nine"
    }
  }
}