{"format_version":"1.8.0","minecraft:entity":{"description":{"identifier":"yg:pacman_death","is_spawnable":false,"is_summonable":true,"is_experimental":false},"component_groups":{"minecraft:start_death":{"minecraft:timer":{"time":2,"time_down_event":{"event":"minecraft:finish_death"}}},"minecraft:welcome_death":{"minecraft:spawn_entity":[{"min_wait_time":0,"max_wait_time":0,"single_use":true,"spawn_entity":"minecraft:xp_orb","num_to_spawn":50}],"minecraft:health":{"value":0,"max":0}}},"components":{"minecraft:damage_sensor":{"triggers":[{"on_damage":{},"deals_damage":false}]},"minecraft:health":{"min":1,"max":1,"value":1},"minecraft:fire_immune":{},"minecraft:physics":{},"minecraft:pushable":{"is_pushable":true,"is_pushable_by_piston":true},"minecraft:collision_box":{"width":3,"height":3}},"events":{"minecraft:entity_transformed":{"add":{"component_groups":["minecraft:start_death"]}},"minecraft:finish_death":{"add":{"component_groups":["minecraft:welcome_death"]}}}}}