{"format_version":"1.8.0","minecraft:entity":{"description":{"identifier":"yg:pacman_exe","is_spawnable":true,"is_summonable":true,"is_experimental":false},"component_groups":{"minecraft:is_dead":{"minecraft:transformation":{"into":"yg:pacman_death"}}},"components":{"minecraft:is_hidden_when_invisible":{},"minecraft:nameable":{},"minecraft:type_family":{"family":["monster","mob","undead"]},"minecraft:collision_box":{"width":3,"height":3},"minecraft:movement.basic":{},"minecraft:navigation.walk":{"avoid_damage_blocks":true,"is_amphibious":true,"can_pass_doors":true,"can_break_doors":true,"can_open_doors":true,"can_open_iron_doors":true,"can_walk":true,"can_path_over_water":true,"avoid_water":false},"minecraft:movement":{"value":0.25},"minecraft:scale":{"value":1},"minecraft:jump.static":{},"minecraft:can_climb":{},"minecraft:attack":{"damage":50},"minecraft:health":{"value":700,"max":700},"minecraft:follow_range":{"value":30,"max":30},"minecraft:leashable":{"soft_distance":4,"hard_distance":6,"max_distance":10,"can_be_stolen":true},"minecraft:loot":{"table":"loot_tables/entities/null.json"},"minecraft:behavior.nearest_attackable_target":{"priority":2,"must_see":true,"reselect_targets":true,"within_radius":25,"must_see_forget_duration":17,"entity_types":[{"filters":{"any_of":[{"test":"is_family","subject":"other","value":"illager"},{"test":"is_family","subject":"other","value":"snowgolem"},{"test":"is_family","subject":"other","value":"irongolem"},{"test":"is_family","subject":"other","value":"vex"}]},"max_dist":35},{"filters":{"any_of":[{"test":"is_family","subject":"other","value":"villager"},{"test":"is_family","subject":"other","value":"player"},{"test":"is_family","subject":"other","value":"wandering_trader"}]},"max_dist":35,"must_see":false},{"filters":{"all_of":[{"test":"is_family","subject":"other","value":"baby_turtle"},{"test":"in_water","subject":"other","operator":"!=","value":true}]},"max_dist":35}]},"minecraft:behavior.melee_attack":{"priority":3,"track_target":true,"speed_multiplier":1.32},"minecraft:behavior.random_stroll":{"priority":7,"speed_multiplier":1},"minecraft:behavior.look_at_player":{"priority":8,"look_distance":6,"probability":0.02},"minecraft:behavior.random_look_around":{"priority":9},"minecraft:behavior.hurt_by_target":{"priority":1},"minecraft:knockback_resistance":{"value":0.8},"minecraft:physics":{},"minecraft:pushable":{"is_pushable":true,"is_pushable_by_piston":true},"minecraft:annotation.open_door":{},"minecraft:behavior.move_indoors":{"priority":4,"speed_multiplier":0.8},"minecraft:behavior.restrict_open_door":{"priority":5},"minecraft:behavior.open_door":{"priority":6,"close_door_after":true},"minecraft:behavior.float":{"priority":1},"minecraft:damage_sensor":[{"on_damage":{"filters":{"all_of":[{"test":"has_damage","value":"fatal"}]},"event":"minecraft:event_spawn_dead"},"triggers":[{"on_damage":{"filters":{"test":"is_family","subject":"other","value":"lightning"}},"deals_damage":false},{"on_damage":{"filters":{"test":"is_family","subject":"other","value":"undead"}},"deals_damage":false},{"cause":"fall","deals_damage":false},{"cause":"fire_tick","deals_damage":false},{"cause":"block_explosion","deals_damage":false},{"cause":"entity_explosion","deals_damage":false},{"cause":"projectile","deals_damage":false},{"cause":"void","deals_damage":false},{"cause":"wither","deals_damage":false},{"cause":"magic","deals_damage":false},{"cause":"fire","deals_damage":false},{"on_damage":{"filters":{"all_of":[{"test":"is_family","subject":"other","value":"irongolem"}]}},"deals_damage":false}]}]},"events":{"minecraft:event_spawn_dead":{"add":{"component_groups":["minecraft:is_dead"]}}}}}