{
  "format_version": "1.8.0",
  "minecraft:client_entity": {
    "description": {
      "identifier": "jp:nabnab_climb_v2",
      "min_engine_version": "1.8.0",
      "materials": {
        "default": "witch"
      },
      "textures": {
        "default": "textures/entity/pamobile/jp_nabnab_climb_v2"
      },
      "geometry": {
        "default": "geometry.jp_nabnab_climb_v2"
      },
      "scripts": {
        "scale": "0.9375"
      },
      "animations": {
        "villager_general": "animation.mr_nabnab_climb_v2.general",
        "look_at_target": "animation.mr_nabnab_climb_v2.look_at_target",
        "move": "animation.jp_nabnab_climb_v2.walk",
        "general": "animation.mr_nabnab_climb_v2.general"
      },
      "animation_controllers": [
        {
          "general": "controller.animation.witch.general"
        },
        {
          "move": "controller.animation.villager.move"
        }
      ],
      "render_controllers": [
        "controller.render.witch"
      ],
      "spawn_egg": {
        "texture": "jp:nabnab_climb_v2",
        "texture_index": 0
      }
    }
  }
}