{
  "entity_sounds": {
    "entities": {
      "ag1:figure": {
        "volume": 100,
        "pitch": [
          1
        ],
        "events": {
          "attack": "figure_ag1.jum",
          "hurt": "figure_ag1.hurt",
          "death": "figure_ag1.death",
          "ambient": "figure_ag1.ambient",
          "step": "custom_ag1.step"
        }
      },
      "ag1:rush": {
        "volume": 0.4,
        "pitch": [
          1
        ],
        "events": {
          "attack": "rush_ag1.jum",
          "ambient": "rush_ag1.ambient"
        }
      },
      "ag1:ambush": {
        "volume": 0.4,
        "pitch": [
          1
        ],
        "events": {
          "attack": "ambush_ag1.jum",
          "ambient": "ambush_ag1.ambient"
        }
      },
      "ag1:halt": {
        "volume": 100,
        "pitch": [
          1
        ],
        "events": {
          "ambient": "halt_ag1.ambient"
        }
      },
      "ag1:seek": {
        "volume": 100,
        "pitch": [
          1
        ],
        "events": {
          "attack": "seek_ag1.jum",
          "death": "seek_ag1.death",
          "step": "custom_ag1.step"
        }
      },
      "ag1:screech": {
        "volume": 100,
        "pitch": [
          1
        ],
        "events": {
          "attack": "screech_ag1.jum",
          "ambient": "screech_ag1.ambient"
        }
      },
      "ag1:glitch": {
        "volume": 100,
        "pitch": [
          1
        ],
        "events": {
          "attack": "glitch_ag1.jum"
        }
      }
    }
  }
}