{"stats":{"minecraft:used":{"minecraft:light_blue_carpet":18,"minecraft:quartz_bricks":466,"minecraft:dark_oak_stairs":1,"minecraft:netherite_sword":17,"minecraft:blue_terracotta":13,"minecraft:jungle_leaves":107,"minecraft:end_rod":67,"minecraft:iron_bars":934,"minecraft:polished_deepslate":36,"minecraft:lodestone":26,"minecraft:sandstone_stairs":4,"minecraft:orange_concrete":1207,"minecraft:light_gray_stained_glass_pane":162,"minecraft:yellow_shulker_box":1,"minecraft:armor_stand":3,"minecraft:red_concrete":615,"minecraft:gray_carpet":27,"minecraft:dispenser":7,"minecraft:dark_oak_sign":6,"minecraft:oak_planks":235,"minecraft:red_nether_bricks":12,"minecraft:oak_sign":58,"minecraft:light_blue_terracotta":1747,"minecraft:black_carpet":80,"minecraft:spruce_planks":22,"minecraft:chest":3,"minecraft:white_terracotta":222,"minecraft:sandstone":23,"minecraft:brown_concrete":466,"minecraft:spruce_sign":18,"minecraft:warped_sign":9,"minecraft:quartz_stairs":43,"minecraft:bell":5,"minecraft:horse_spawn_egg":2,"minecraft:spruce_leaves":31,"minecraft:torch":6,"minecraft:pink_concrete":668,"minecraft:polished_blackstone_pressure_plate":6,"minecraft:brewing_stand":1,"minecraft:target":60,"minecraft:orange_carpet":15,"minecraft:warped_wart_block":21,"minecraft:yellow_terracotta":1057,"minecraft:white_carpet":11,"minecraft:light_blue_concrete":344,"minecraft:hopper":2,"minecraft:magenta_bed":1,"minecraft:nether_bricks":64,"minecraft:spruce_stairs":14,"minecraft:birch_sign":15,"minecraft:blast_furnace":65,"minecraft:yellow_stained_glass_pane":16,"minecraft:yellow_concrete":1302,"minecraft:yellow_carpet":10,"minecraft:pink_terracotta":16,"minecraft:lime_shulker_box":1,"minecraft:gray_concrete":28,"minecraft:beehive":2,"minecraft:spruce_fence":2,"minecraft:dead_brain_coral_block":413,"minecraft:blue_concrete":617,"minecraft:spruce_log":29,"minecraft:red_shulker_box":1,"minecraft:deepslate_brick_stairs":50,"minecraft:milk_bucket":7,"minecraft:shroomlight":10,"minecraft:polished_deepslate_stairs":560,"minecraft:deepslate_tile_wall":10,"minecraft:birch_fence":21,"minecraft:redstone_torch":8,"minecraft:piston":22,"minecraft:dark_oak_planks":6,"minecraft:netherite_block":54,"minecraft:stone_brick_slab":10,"minecraft:acacia_stairs":6,"minecraft:green_concrete":129,"minecraft:black_concrete":2773,"minecraft:sea_lantern":1188,"minecraft:cyan_terracotta":4905,"minecraft:jungle_log":223,"minecraft:black_stained_glass_pane":51,"minecraft:lime_carpet":130,"minecraft:acacia_sign":12,"minecraft:cyan_shulker_box":43,"minecraft:gray_stained_glass_pane":1179,"minecraft:light_gray_concrete":336,"minecraft:heavy_weighted_pressure_plate":59,"minecraft:stone_button":1,"minecraft:grass_block":39,"minecraft:oak_stairs":2,"minecraft:cyan_bed":1,"minecraft:smooth_sandstone":6,"minecraft:slime_block":41,"minecraft:warped_fence":14,"minecraft:orange_shulker_box":12,"minecraft:quartz_block":5,"minecraft:magenta_concrete":197,"minecraft:cyan_concrete":220,"minecraft:red_terracotta":1342,"minecraft:blue_shulker_box":2,"minecraft:iron_door":308,"minecraft:purple_bed":1,"minecraft:magenta_terracotta":77,"minecraft:cyan_stained_glass_pane":8,"minecraft:scaffolding":15,"minecraft:stone_brick_stairs":156,"minecraft:warped_stairs":32,"minecraft:waxed_oxidized_cut_copper_stairs":3,"minecraft:item_frame":139,"minecraft:crimson_sign":6,"minecraft:yellow_concrete_powder":1,"minecraft:blue_carpet":23,"minecraft:red_carpet":2,"minecraft:jungle_sign":3,"minecraft:tripwire_hook":9,"minecraft:purple_concrete":375,"minecraft:nether_wart_block":11,"minecraft:potion":24,"minecraft:lime_concrete":1385,"minecraft:brown_carpet":37,"minecraft:yellow_glazed_terracotta":11,"minecraft:furnace":60,"minecraft:iron_trapdoor":32,"minecraft:crimson_stairs":11,"minecraft:acacia_pressure_plate":20,"minecraft:smithing_table":32,"minecraft:grindstone":2,"minecraft:deepslate_tile_stairs":95,"minecraft:white_stained_glass_pane":2,"minecraft:dark_oak_fence":423,"minecraft:gray_bed":30,"minecraft:lapis_block":55,"minecraft:acacia_fence":13,"minecraft:chain":612,"minecraft:glass_pane":47,"minecraft:yellow_bed":2,"minecraft:horn_coral_block":4,"minecraft:stone_pressure_plate":111,"minecraft:white_concrete":1937,"minecraft:purple_carpet":7,"minecraft:orange_terracotta":811,"minecraft:brown_mushroom_block":14,"minecraft:light_gray_bed":3,"minecraft:soul_torch":2,"minecraft:brown_bed":1},"minecraft:dropped":{"minecraft:lime_concrete":1,"minecraft:light_gray_stained_glass_pane":1,"minecraft:sea_lantern":1,"minecraft:wooden_axe":1,"minecraft:black_concrete":3,"minecraft:dead_brain_coral_block":2},"minecraft:killed":{"minecraft:horse":4},"minecraft:custom":{"minecraft:interact_with_smithing_table":1,"minecraft:interact_with_furnace":1,"minecraft:mob_kills":4,"minecraft:open_shulker_box":3,"minecraft:bell_ring":6,"minecraft:leave_game":40,"minecraft:time_since_death":1601200,"minecraft:climb_one_cm":1697,"minecraft:time_since_rest":1601200,"minecraft:sprint_one_cm":716348,"minecraft:walk_one_cm":1747788,"minecraft:drop":9,"minecraft:damage_dealt":1779,"minecraft:fly_one_cm":9085495,"minecraft:open_chest":6,"minecraft:crouch_one_cm":59175,"minecraft:play_time":1601200,"minecraft:sneak_time":65976,"minecraft:jump":3076,"minecraft:interact_with_blast_furnace":1,"minecraft:total_world_time":2848335},"minecraft:picked_up":{"minecraft:wooden_axe":1,"minecraft:black_carpet":3,"minecraft:iron_door":23,"minecraft:leather":1,"minecraft:gray_carpet":7,"minecraft:redstone_torch":3,"minecraft:scaffolding":96,"minecraft:lime_concrete":1,"minecraft:soul_torch":2,"minecraft:light_gray_stained_glass_pane":1,"minecraft:sea_lantern":1,"minecraft:stone_pressure_plate":2,"minecraft:dead_brain_coral_block":2,"minecraft:black_concrete":3,"minecraft:birch_sign":1}},"DataVersion":2975}