{
	"format_version": "1.16.100",
	"minecraft:item": {
		"description": {
			"identifier": "sc:normal",
			"category": "equipment"
		},
		"components": {
			"minecraft:max_stack_size": 1,
			"minecraft:use_duration": 0.1,
			"minecraft:icon": {
				"texture": "back_to_normal"
			},
			"minecraft:display_name": {
				"value": "§lBack To Normal"
			},
			"minecraft:on_use": {
				"on_use": {
					"event": "sc:monty",
					"target": "self"
				}
			},
			"minecraft:hand_equipped": true,
			"minecraft:creative_category": {
				"parent": "itemGroup.name.arrow"
			},
			"minecraft:render_offsets": {
				"main_hand": {
					"third_person": {
						"scale": [
							0,
							0,
							0
						]
					},
					"first_person": {
						"scale": [
							0.002,
							0.002,
							0.002
						]
					}
				}
			}
		},
		"events": {
			"sc:monty": {
				"run_command": {
					"command": [
						"function rim"
					],
					"target": "holder"
				}
			}
		}
	}
}