{
	"format_version": "1.16.100",
	"minecraft:item": {
		"description": {
			"identifier": "sc:talk",
			"category": "equipment"
		},
		"components": {
			"minecraft:cooldown": {
				"category": "talk",
				"duration": 5
			},
			"minecraft:max_stack_size": 1,
			"minecraft:use_duration": 0.1,
			"minecraft:icon": {
				"texture": "talk"
			},
			"minecraft:display_name": {
				"value": "Talk"
			},
			"minecraft:on_use": {
				"on_use": {
					"event": "sc:talk",
					"target": "self"
				}
			},
			"minecraft:hand_equipped": true,
			"minecraft:render_offsets": {
				"main_hand": {
					"third_person": {
						"scale": [
							0,
							0,
							0
						]
					},
					"first_person": {
						"scale": [
							0.002,
							0.002,
							0.002
						]
					}
				}
			},
			"minecraft:creative_category": {
				"parent": "itemGroup.name.arrow"
			}
		},
		"events": {
			"sc:talk": {
				"run_command": {
					"command": [
						"event entity @s[tag=monty] monty_talk",
						"event entity @s[tag=moon] moon_talk",
						"event entity @s[tag=vanny] vanny_talk"
					],
					"target": "holder"
				}
			}
		}
	}
}