{"ambush.at":{"category":"hostile","sounds":[{"name":"sounds/ambush/ambush_at","volume":1.1}]},"ambush.js":{"category":"hostile","sounds":[{"name":"sounds/ambush/ambush_js","volume":1.1}]},"banana.slip":{"category":"hostile","sounds":[{"name":"sounds/mobs/banana","volume":1.1}]},"crucifix.fail":{"category":"hostile","sounds":[{"name":"sounds/mobs/crucifix_fail","volume":1.1}]},"crucifix.success":{"category":"hostile","sounds":[{"name":"sounds/mobs/crucifix_success","volume":1.1}]},"dupe.js":{"category":"hostile","sounds":[{"name":"sounds/dupe/dupe_js","volume":1.1}]},"eyes.at":{"category":"hostile","sounds":[{"name":"sounds/eyes/eyes_at","volume":1.1}]},"figure.at":{"category":"hostile","sounds":[{"name":"sounds/figure/figure_at","volume":1.1}]},"figure.js":{"category":"hostile","sounds":[{"name":"sounds/figure/figure_js","volume":1.1}]},"figure.step":{"category":"hostile","sounds":[{"name":"sounds/figure/figure_step","volume":1.1}]},"glitch.js":{"category":"hostile","sounds":[{"name":"sounds/glitch/glitch_js","volume":1.1}]},"halt.at":{"category":"hostile","sounds":[{"name":"sounds/halt/halt_at","volume":1.1}]},"halt.js":{"category":"hostile","sounds":[{"name":"sounds/halt/halt_js","volume":1.1}]},"jack.js":{"category":"hostile","sounds":[{"name":"sounds/jack/jack_js","volume":1.1}]},"player.dead":{"category":"hostile","sounds":[{"name":"sounds/dead","volume":1.1}]},"rush.at":{"category":"hostile","sounds":[{"name":"sounds/rush/rush_at","volume":1.1}]},"rush.js":{"category":"hostile","sounds":[{"name":"sounds/rush/rush_js","volume":1.1}]},"rush.near":{"category":"hostile","sounds":[{"name":"sounds/rush/rush_near","volume":1.1}]},"screech.attack":{"category":"hostile","sounds":[{"name":"sounds/screech/screech_attack","volume":1.1}]},"screech.psst":{"category":"hostile","sounds":[{"name":"sounds/screech/screech_psst","volume":1.1}]},"seek.far":{"category":"hostile","sounds":[{"name":"sounds/seek/far","volume":1.1}]},"seek.js":{"category":"hostile","sounds":[{"name":"sounds/seek/seek_js","volume":1.1}]},"seek.spawn":{"category":"hostile","sounds":[{"name":"sounds/seek/seek_chase","volume":1.1}]},"seek.step":{"category":"hostile","sounds":[{"name":"sounds/seek/seek_step","volume":1.1}]}}