{
	"format_version": "1.8.0",
	"animations": {
		"animation.moon.darkmooneveningplaces": {
			"animation_length": 0.91667,
			"bones": {
				"waist": {
					"rotation": {
						"0.0": [0, 0, 0],
						"0.1667": [27.5, 0, 0],
						"0.375": [27.5, 0, 0],
						"0.5417": [0, 0, 0]
					}
				},
				"RightArm": {
					"rotation": {
						"0.0": [0, 0, 0],
						"0.1667": [-124.99815, -2.49925, 89.99877],
						"0.375": [-124.99815, -2.49925, 89.99877],
						"0.5417": [78.60012, 77.25469, 168.87269]
					}
				},
				"LeftArm": {
					"rotation": {
						"0.0": [0, 0, 0],
						"0.1667": [-91.80868, 31.94715, -6.31274],
						"0.375": [-91.81, 31.95, -6.31],
						"0.5417": [-267.5086, -51.93654, 172.68602]
					}
				},
				"RightLeg": {
					"rotation": {
						"0.0": [0, 0, 0],
						"0.1667": [-32.5, 0, 0],
						"0.375": [-32.5, 0, 0],
						"0.5417": [14.29691, -1.31785, 5.95652]
					}
				},
				"LeftLeg": {
					"rotation": {
						"0.0": [0, 0, 0],
						"0.1667": [32.5, 0, 0],
						"0.375": [32.5, 0, 0],
						"0.5417": [-10.8476, 1.88701, -9.7982]
					}
				}
			},
			"particle_effects": {
				"0.5": {
					"effect": "darkmoon0"
				},
				"0.5417": {
					"effect": "darkmoon1"
				}
			}
		},
		"animation.moon.pearlflowermoongazing": {
			"animation_length": 1.33333,
			"bones": {
				"RightArm": {
					"rotation": {
						"0.0": [0, 0, 0],
						"0.1667": [-121.65712, -30.32448, -12.2921],
						"0.375": [-121.66, -30.32, -12.29],
						"0.625": [-44.16, -30.32, -12.29]
					},
					"position": {
						"0.0": [0, 0, 0],
						"0.1667": [0, 2, -2],
						"0.375": [0, 2, -2],
						"0.625": [0, 0, 0]
					}
				},
				"LeftArm": {
					"rotation": {
						"0.0": [0, 0, 0],
						"0.1667": [-96.61274, 49.36927, 25.62216],
						"0.375": [-96.61, 49.37, 25.62],
						"0.625": [-46.31812, 32.58824, 11.01902]
					},
					"position": {
						"0.0": [0, 0, 0],
						"0.1667": [-1, 1, -1],
						"0.375": [-1, 1, -1],
						"0.625": [0, 0, 0]
					}
				},
				"root": {
					"position": {
						"0.0": [0, 0, 0],
						"0.1667": [0, 3, -5],
						"0.375": [0, 3, -5],
						"0.625": [0, 0, 0]
					}
				},
				"waist": {
					"rotation": {
						"0.0": [0, 0, 0],
						"0.1667": [-32.5, 0, 0],
						"0.375": [-32.5, 0, 0],
						"0.625": [50, 0, 0]
					}
				},
				"RightLeg": {
					"rotation": {
						"0.0": [0, 0, 0],
						"0.1667": [36.54514, -9.06524, 12.0012],
						"0.375": [36.54514, -9.06524, 12.0012],
						"0.625": [31.88034, -6.6782, 10.59061]
					},
					"position": {
						"0.0": [0, 0, 0],
						"0.1667": [0, 3, -4],
						"0.375": [0, 3, -4],
						"0.625": [0, 0, 0]
					}
				},
				"LeftLeg": {
					"rotation": {
						"0.0": [0, 0, 0],
						"0.1667": [21.21641, 2.39884, -6.97637],
						"0.375": [21.22, 2.4, -6.98],
						"0.625": [-31.28, 2.4, -6.98]
					}
				}
			},
			"particle_effects": {
				"0.9167": {
					"effect": "pearlflower0"
				},
				"0.9583": {
					"effect": "pearlflower1"
				},
				"1.0": {
					"effect": "pearlflower2"
				},
				"1.0417": {
					"effect": "pearlflower3"
				},
				"1.0833": {
					"effect": "pearlflower4"
				},
				"1.125": {
					"effect": "pearlflower5"
				}
			}
		},
		"animation.moon.loathsomemoonchains": {
			"animation_length": 1.33333,
			"bones": {
				"waist": {
					"rotation": {
						"0.0": [0, 0, 0],
						"0.1667": [27.5, 0, 0],
						"0.375": [27.5, 0, 0],
						"0.5417": [0, 0, 0]
					}
				},
				"RightArm": {
					"rotation": {
						"0.0": [0, 0, 0],
						"0.1667": [-124.99815, -2.49925, 89.99877],
						"0.375": [-124.99815, -2.49925, 89.99877],
						"0.5417": [78.60012, 77.25469, 168.87269]
					}
				},
				"LeftArm": {
					"rotation": {
						"0.0": [0, 0, 0],
						"0.1667": [-91.80868, 31.94715, -6.31274],
						"0.375": [-91.81, 31.95, -6.31],
						"0.5417": [-267.5086, -51.93654, 172.68602]
					}
				},
				"RightLeg": {
					"rotation": {
						"0.0": [0, 0, 0],
						"0.1667": [-32.5, 0, 0],
						"0.375": [-32.5, 0, 0],
						"0.5417": [14.29691, -1.31785, 5.95652]
					}
				},
				"LeftLeg": {
					"rotation": {
						"0.0": [0, 0, 0],
						"0.1667": [32.5, 0, 0],
						"0.375": [32.5, 0, 0],
						"0.5417": [-10.8476, 1.88701, -9.7982]
					}
				}
			},
			"particle_effects": {
				"0.5417": {
					"effect": "loathsomemoon1"
				},
				"0.5833": {
					"effect": "loathsomemoon2"
				},
				"0.625": {
					"effect": "loathsomemoon3"
				},
				"0.6667": {
					"effect": "loathsomemoon4"
				}
			}
		},
		"animation.moon.moonspiritcalamitouseddy": {
			"animation_length": 1.54167,
			"bones": {
				"root": {
					"position": {
						"0.0": [0, 0, 0],
						"0.125": [0, 3, -5],
						"0.3333": [0, 3, -5],
						"0.5833": [0, 0, 0]
					}
				},
				"waist": {
					"rotation": {
						"0.0": [0, 0, 0],
						"0.125": [-32.5, 0, 0],
						"0.3333": [-32.5, 0, 0],
						"0.5833": [50, 0, 0],
						"0.8333": [50, 0, 0],
						"1.0": [0, 0, 0]
					}
				},
				"RightArm": {
					"rotation": {
						"0.0": [0, 0, 0],
						"0.125": [-121.65712, -30.32448, -12.2921],
						"0.3333": [-121.66, -30.32, -12.29],
						"0.5833": [-44.16, -30.32, -12.29],
						"0.8333": [-44.16, -30.32, -12.29],
						"1.0": [-28.19497, 45.36054, 68.18309]
					},
					"position": {
						"0.0": [0, 0, 0],
						"0.125": [0, 2, -2],
						"0.3333": [0, 2, -2],
						"0.5833": [0, 0, 0]
					}
				},
				"LeftArm": {
					"relative_to": {
						"rotation": "entity"
					},
					"rotation": {
						"0.0": [0, 0, 0.01],
						"0.125": [-96.61274, 49.36927, 25.62216],
						"0.3333": [-96.61, 49.37, 25.62],
						"0.5833": [-46.31812, 32.58824, 11.01902],
						"0.8333": [-46.31812, 32.58824, 11.01902],
						"1.0": [-46.31812, 32.58824, -121.48098]
					},
					"position": {
						"0.0": [0, 0, 0],
						"0.125": [-1, 1, -1],
						"0.3333": [-1, 1, -1],
						"0.5833": [0, 0, 0]
					}
				},
				"RightLeg": {
					"rotation": {
						"0.0": [0, 0, 0],
						"0.125": [36.54514, -9.06524, 12.0012],
						"0.3333": [36.54514, -9.06524, 12.0012],
						"0.5833": [31.88034, -6.6782, 10.59061],
						"0.8333": [31.88034, -6.6782, 10.59061],
						"1.0": [0, 0, 0]
					},
					"position": {
						"0.0": [0, 0, 0],
						"0.125": [0, 3, -4],
						"0.3333": [0, 3, -4],
						"0.5833": [0, 0, 0]
					}
				},
				"LeftLeg": {
					"rotation": {
						"0.0": [0, 0, 0],
						"0.125": [21.21641, 2.39884, -6.97637],
						"0.3333": [21.22, 2.4, -6.98],
						"0.5833": [-31.28, 2.4, -6.98],
						"0.8333": [-31.28, 2.4, -6.98],
						"1.0": [0, 0, 0]
					}
				}
			},
			"particle_effects": {
				"0.75": {
					"effect": "mooncalamitous0_1"
				},
				"0.7917": {
					"effect": "mooncalamitous1_1"
				},
				"0.8333": {
					"effect": "mooncalamitous0_2"
				},
				"0.875": {
					"effect": "mooncalamitous1_2"
				},
				"0.9167": {
					"effect": "mooncalamitous0_3"
				},
				"0.9583": {
					"effect": "mooncalamitous1_3"
				},
				"1.0": {
					"effect": "mooncalamitous0_4"
				},
				"1.0417": {
					"effect": "mooncalamitous1_4"
				}
			}
		},
		"animation.moon.perpetuallonelymoonincessant": {
			"animation_length": 1.625,
			"bones": {
				"root": {
					"rotation": {
						"0.0": [0, 0, 0],
						"0.1667": [-12.5, 0, 0],
						"0.375": [-12.5, 0, 0],
						"0.5": [27.5, 0, 0],
						"0.7083": [27.5, 0, 0]
					},
					"position": {
						"0.0": [0, 0, 0],
						"0.1667": [0, 7, 4],
						"0.375": [0, 7, 4],
						"0.5": [0, 1, 4],
						"0.7083": [0, 1, 4]
					}
				},
				"waist": {
					"rotation": {
						"0.0": [0, 0, 0],
						"0.1667": [-42.5, 0, 0],
						"0.375": [-42.5, 0, 0],
						"0.5": [22.5, 0, 0],
						"0.7083": [22.5, 0, 0]
					}
				},
				"RightArm": {
					"rotation": {
						"0.0": [0, 0, 0],
						"0.1667": [-44.31081, -26.06465, -24.23178],
						"0.375": [-44.31081, -26.06465, -24.23178],
						"0.5": [-59.08994, -20.71501, -18.50097],
						"0.7083": [-59.09, -20.72, -18.5]
					}
				},
				"LeftArm": {
					"rotation": {
						"0.0": [0, 0, 0],
						"0.1667": [-44.95208, 30.66101, 27.05847],
						"0.375": [-44.95208, 30.66101, 27.05847],
						"0.5": [-62.20412, 28.02432, 11.17023],
						"0.7083": [-62.2, 28.02, 11.17]
					}
				},
				"RightLeg": {
					"rotation": {
						"0.0": [0, 0, 0],
						"0.1667": [20, 0, 0],
						"0.375": [20, 0, 0],
						"0.5": [-35, 0, 0],
						"0.7083": [-35, 0, 0]
					}
				},
				"LeftLeg": {
					"rotation": {
						"0.0": [0, 0, 0],
						"0.1667": [-35, 0, 0],
						"0.375": [-35, 0, 0],
						"0.5": [30, 0, 0],
						"0.7083": [30, 0, 0]
					}
				}
			},
			"particle_effects": {
				"0.5": {
					"effect": "perpetuallonely0_1"
				},
				"0.5417": {
					"effect": "perpetuallonely1_1"
				},
				"0.5833": {
					"effect": "perpetuallonely0_2"
				},
				"0.625": {
					"effect": "perpetuallonely1_2"
				},
				"0.6667": {
					"effect": "perpetuallonely0_3"
				},
				"0.7083": {
					"effect": "perpetuallonely1_3"
				},
				"0.7917": {
					"effect": "perpetuallonely2"
				}
			}
		},
		"animation.moon.catastrophetenmancrescensmoons": {
			"animation_length": 1.45833,
			"bones": {
				"waist": {
					"rotation": {
						"0.0": [0, 0, 0],
						"0.2083": [27.5, -40, 0],
						"0.4167": [27.5, -40, 0],
						"0.6667": [0, 0, 0]
					}
				},
				"RightArm": {
					"rotation": {
						"0.0": [0, 0, 0],
						"0.2083": [-116.17419, -47.33514, 55.87648],
						"0.4167": [-116.17, -47.34, 55.88],
						"0.6667": [73.83, -47.34, 55.88]
					}
				},
				"LeftArm": {
					"rotation": {
						"0.0": [0, 0, 0],
						"0.2083": [-71.15641, 21.40584, 7.09999],
						"0.4167": [-71.16, 21.41, 7.1],
						"0.6667": [-59.60319, -53.54645, -25.25979]
					}
				},
				"RightLeg": {
					"rotation": {
						"0.0": [0, 0, 0],
						"0.2083": [-17.5, 0, 0],
						"0.4167": [-17.5, 0, 0],
						"0.6667": [0, 0, 0]
					}
				},
				"LeftLeg": {
					"rotation": {
						"0.0": [0, 0, 0],
						"0.2083": [13.79026, -7.99135, -10.47976],
						"0.4167": [13.79, -7.99, -10.48],
						"0.6667": [0, 0, 0]
					}
				}
			},
			"particle_effects": {
				"0.6667": {
					"effect": "catastrophetenman0_1"
				},
				"0.7083": {
					"effect": "catastrophetenman1_1"
				},
				"0.75": {
					"effect": "catastrophetenman0_2"
				},
				"0.7917": {
					"effect": "catastrophetenman1_2"
				},
				"0.8333": {
					"effect": "catastrophetenman0_3"
				},
				"0.875": {
					"effect": "catastrophetenman1_3"
				},
				"0.9167": {
					"effect": "catastrophetenman0_4"
				},
				"0.9583": {
					"effect": "catastrophetenman1_4"
				}
			}
		},
		"animation.moon.mirrorofmisfortunemoonlit": {
			"animation_length": 1.95833,
			"bones": {
				"root": {
					"rotation": {
						"0.0": [0, 0, 0],
						"0.2083": [0, -35, 0],
						"0.4167": [0, -35, 0],
						"0.625": [0, 50, 0]
					}
				},
				"waist": {
					"rotation": {
						"0.0": [0, 0, 0],
						"0.2083": [36.33914, -24.94169, -17.23442],
						"0.4167": [36.34, -24.94, -17.23],
						"0.625": [25.62598, 10.51794, 6.79286]
					}
				},
				"Head": {
					"rotation": {
						"0.4167": [0, 0, 0],
						"0.625": [0, -32.5, 0]
					}
				},
				"RightArm": {
					"rotation": {
						"0.0": [0, 0, 0],
						"0.2083": [-129.08972, -26.34348, 80.8595],
						"0.4167": [-129.09, -26.34, 80.86],
						"0.625": [50.91, -26.34, 80.86]
					}
				},
				"LeftArm": {
					"rotation": {
						"0.0": [0, 0, 0],
						"0.2083": [-77.03654, 32.46527, 1.59176],
						"0.4167": [-77.04, 32.47, 1.59],
						"0.625": [-69.29058, -57.65229, -23.166]
					}
				},
				"RightLeg": {
					"rotation": {
						"0.0": [0, 0, 0],
						"0.2083": [33.42675, 1.13496, 3.13601],
						"0.4167": [33.42675, 1.13496, 3.13601],
						"0.625": [-19.71975, 3.40487, 9.40804]
					}
				},
				"LeftLeg": {
					"rotation": {
						"0.0": [0, 0, 0],
						"0.2083": [-25, 0, -3.33333],
						"0.4167": [-25, 0, -3.33333],
						"0.625": [15, 0, -10]
					}
				},
				"Locator1": {
					"rotation": [0, 42.5, 0],
					"position": [29, 11, 8]
				},
				"Locator2": {
					"rotation": [0, -42.5, 0],
					"position": [-29, 11, 8]
				},
				"Locator3": {
					"rotation": [0, 27.5, 0],
					"position": [-23, 11, 29]
				},
				"Locator4": {
					"rotation": [0, -27.5, 0],
					"position": [22, 11, 29]
				},
				"Locator5": {
					"position": [0, 11, 18]
				}
			},
			"particle_effects": {
				"0.625": {
					"effect": "mirrorofmisfortune0_1"
				},
				"0.6667": {
					"effect": "mirrorofmisfortune0_2"
				},
				"0.7917": {
					"effect": "mirrorofmissfortune1_1",
					"locator": "lmaopisankang"
				},
				"0.8333": {
					"effect": "mirrorofmissfortune1_2",
					"locator": "apabila"
				},
				"0.875": {
					"effect": "mirrorofmissfortune1_3",
					"locator": "slametkopling"
				},
				"0.9167": {
					"effect": "mirrorofmissfortune1_4",
					"locator": "terkadang"
				},
				"0.9583": {
					"effect": "mirrorofmissfortune1_5",
					"locator": "anjim"
				}
			}
		},
		"animation.moon.moonbowhalfmoon": {
			"animation_length": 1.625,
			"bones": {
				"root": {
					"rotation": {
						"0.0": [0, 0, 0],
						"0.1667": [-12.5, 0, 0],
						"0.375": [-12.5, 0, 0],
						"0.5": [27.5, 0, 0],
						"0.7083": [27.5, 0, 0]
					},
					"position": {
						"0.0": [0, 0, 0],
						"0.1667": [0, 7, 4],
						"0.375": [0, 7, 4],
						"0.5": [0, 1, 4],
						"0.7083": [0, 1, 4]
					}
				},
				"waist": {
					"rotation": {
						"0.0": [0, 0, 0],
						"0.1667": [-42.5, 0, 0],
						"0.375": [-42.5, 0, 0],
						"0.5": [22.5, 0, 0],
						"0.7083": [22.5, 0, 0]
					}
				},
				"RightArm": {
					"rotation": {
						"0.0": [0, 0, 0],
						"0.1667": [-44.31081, -26.06465, -24.23178],
						"0.375": [-44.31081, -26.06465, -24.23178],
						"0.5": [-59.08994, -20.71501, -18.50097],
						"0.7083": [-59.09, -20.72, -18.5]
					}
				},
				"LeftArm": {
					"rotation": {
						"0.0": [0, 0, 0],
						"0.1667": [-44.95208, 30.66101, 27.05847],
						"0.375": [-44.95208, 30.66101, 27.05847],
						"0.5": [-62.20412, 28.02432, 11.17023],
						"0.7083": [-62.2, 28.02, 11.17]
					}
				},
				"RightLeg": {
					"rotation": {
						"0.0": [0, 0, 0],
						"0.1667": [20, 0, 0],
						"0.375": [20, 0, 0],
						"0.5": [-35, 0, 0],
						"0.7083": [-35, 0, 0]
					}
				},
				"LeftLeg": {
					"rotation": {
						"0.0": [0, 0, 0],
						"0.1667": [-35, 0, 0],
						"0.375": [-35, 0, 0],
						"0.5": [30, 0, 0],
						"0.7083": [30, 0, 0]
					}
				}
			},
			"particle_effects": {
				"0.7083": {
					"effect": "moonbowhalfmoon0_1"
				},
				"0.75": {
					"effect": "moonbowhalfmoon1_1"
				},
				"0.7917": {
					"effect": "moonbowhalfmoon0_2"
				},
				"0.8333": {
					"effect": "moonbowhalfmoon1_2"
				},
				"0.875": {
					"effect": "moonbowhalfmoon0_3"
				},
				"0.9167": {
					"effect": "moonbowhalfmoon1_3"
				},
				"0.9583": {
					"effect": "moonbowhalfmoon0_4"
				},
				"1.0": {
					"effect": "moonbowhalfmoon1_4"
				},
				"1.0417": {
					"effect": "moonbowhalfmoon0_5"
				},
				"1.0833": {
					"effect": "moonbowhalfmoon1_5"
				},
				"1.125": {
					"effect": "moonbowhalfmoon0_6"
				},
				"1.1667": {
					"effect": "moonbowhalfmoon1_6"
				}
			}
		},
		"animation.moon.waningmoonswaths": {
			"animation_length": 1.41667,
			"bones": {
				"root": {
					"rotation": {
						"0.0": [0, 0, 0],
						"0.2083": [0, -35, 0],
						"0.4167": [0, -35, 0],
						"0.625": [0, 50, 0]
					}
				},
				"waist": {
					"rotation": {
						"0.0": [0, 0, 0],
						"0.2083": [36.33914, -24.94169, -17.23442],
						"0.4167": [36.34, -24.94, -17.23],
						"0.625": [25.62598, 10.51794, 6.79286]
					}
				},
				"Head": {
					"rotation": {
						"0.4167": [0, 0, 0],
						"0.625": [0, -32.5, 0]
					}
				},
				"RightArm": {
					"rotation": {
						"0.0": [0, 0, 0],
						"0.2083": [-129.08972, -26.34348, 80.8595],
						"0.4167": [-129.09, -26.34, 80.86],
						"0.625": [50.91, -26.34, 80.86]
					}
				},
				"LeftArm": {
					"rotation": {
						"0.0": [0, 0, 0],
						"0.2083": [-77.03654, 32.46527, 1.59176],
						"0.4167": [-77.04, 32.47, 1.59],
						"0.625": [-69.29058, -57.65229, -23.166]
					}
				},
				"RightLeg": {
					"rotation": {
						"0.0": [0, 0, 0],
						"0.2083": [33.42675, 1.13496, 3.13601],
						"0.4167": [33.42675, 1.13496, 3.13601],
						"0.625": [-19.71975, 3.40487, 9.40804]
					}
				},
				"LeftLeg": {
					"rotation": {
						"0.0": [0, 0, 0],
						"0.2083": [-25, 0, -3.33333],
						"0.4167": [-25, 0, -3.33333],
						"0.625": [15, 0, -10]
					}
				}
			},
			"particle_effects": {
				"0.625": {
					"effect": "waningmoon0_1"
				},
				"0.6667": {
					"effect": "waningmoon1_1"
				},
				"0.7083": {
					"effect": "waningmoon0_2"
				},
				"0.75": {
					"effect": "waningmoon1_2"
				},
				"0.7917": {
					"effect": "waningmoon0_3"
				},
				"0.8333": {
					"effect": "waningmoon1_3"
				},
				"0.875": {
					"effect": "waningmoon0_4"
				},
				"0.9167": {
					"effect": "waningmoon1_4"
				}
			}
		},
		"animation.moon.moondragonringtail": {
			"animation_length": 0.875,
			"bones": {
				"root": {
					"rotation": {
						"0.0": [0, 0, 0],
						"0.1667": [0, 95, 0],
						"0.3333": [0, 95, 0],
						"0.5": [0, -65, 0]
					},
					"position": {
						"0.0": [0, 0, 0],
						"0.1667": [-1, -3, -1],
						"0.3333": [-1, -3, -1],
						"0.5": [0, 0, 0]
					}
				},
				"waist": {
					"rotation": {
						"0.0": [0, 0, 0],
						"0.1667": [25, 0, 0],
						"0.3333": [25, 0, 0]
					}
				},
				"RightArm": {
					"rotation": {
						"0.0": [0, 0, 0],
						"0.1667": [-83.9037, -34.84748, 29.00774],
						"0.3333": [-83.9, -34.85, 29.01],
						"0.5": [-52.23407, -3.07051, -75.70485]
					}
				},
				"LeftArm": {
					"rotation": {
						"0.0": [0, 0, 0],
						"0.1667": [-55.38568, 41.92831, 24.75948],
						"0.3333": [-55.39, 41.93, 24.76]
					}
				},
				"RightLeg": {
					"rotation": {
						"0.0": [0, 0, 0],
						"0.1667": [-25.62661, -3.08536, -8.44069],
						"0.3333": [-25.62661, -3.08536, -8.44069],
						"0.5": [9.8193, -7.37724, 13.74673]
					}
				},
				"LeftLeg": {
					"rotation": {
						"0.0": [0, 0, 0],
						"0.1667": [52.5, 0, 0],
						"0.3333": [52.5, 0, 0],
						"0.5": [-17.43745, -1.50179, -4.76968]
					}
				}
			},
			"particle_effects": {
				"0.4167": {
					"effect": "dragonringtail0_2"
				},
				"0.4583": {
					"effect": "dragonringtail0_1"
				},
				"0.5": {
					"effect": "dragonringtail"
				}
			}
		},
		"animation.moon.drillingslashesmoonthroughbambooleaves": {
			"animation_length": 1.70833,
			"bones": {
				"root": {
					"position": {
						"0.0": [0, 0, 0],
						"0.1667": [0, 3, -5],
						"0.375": [0, 3, -5],
						"0.625": [0, 0, 0]
					}
				},
				"waist": {
					"rotation": {
						"0.0": [0, 0, 0],
						"0.1667": [-32.5, 0, 0],
						"0.375": [-32.5, 0, 0],
						"0.625": [50, 0, 0]
					}
				},
				"RightArm": {
					"rotation": {
						"0.0": [0, 0, 0],
						"0.1667": [-121.65712, -30.32448, -12.2921],
						"0.375": [-121.66, -30.32, -12.29],
						"0.625": [-44.16, -30.32, -12.29]
					},
					"position": {
						"0.0": [0, 0, 0],
						"0.1667": [0, 2, -2],
						"0.375": [0, 2, -2],
						"0.625": [0, 0, 0]
					}
				},
				"LeftArm": {
					"rotation": {
						"0.0": [0, 0, 0],
						"0.1667": [-96.61274, 49.36927, 25.62216],
						"0.375": [-96.61, 49.37, 25.62],
						"0.625": [-46.31812, 32.58824, 11.01902]
					},
					"position": {
						"0.0": [0, 0, 0],
						"0.1667": [-1, 1, -1],
						"0.375": [-1, 1, -1],
						"0.625": [0, 0, 0]
					}
				},
				"RightLeg": {
					"rotation": {
						"0.0": [0, 0, 0],
						"0.1667": [36.54514, -9.06524, 12.0012],
						"0.375": [36.54514, -9.06524, 12.0012],
						"0.625": [31.88034, -6.6782, 10.59061]
					},
					"position": {
						"0.0": [0, 0, 0],
						"0.1667": [0, 3, -4],
						"0.375": [0, 3, -4],
						"0.625": [0, 0, 0]
					}
				},
				"LeftLeg": {
					"rotation": {
						"0.0": [0, 0, 0],
						"0.1667": [21.21641, 2.39884, -6.97637],
						"0.375": [21.22, 2.4, -6.98],
						"0.625": [-31.28, 2.4, -6.98]
					}
				}
			},
			"particle_effects": {
				"0.5833": [
					{
						"effect": "drillingslash0_1"
					},
					{
						"effect": "drillingslash0_2"
					},
					{
						"effect": "drillingslash0_3"
					}
				],
				"0.625": [
					{
						"effect": "drillingslash1_1"
					},
					{
						"effect": "drillingslash1_2"
					},
					{
						"effect": "drillingslash1_3"
					}
				]
			}
		}
	}
}