{
	"format_version": "1.8.0",
	"animations": {
		"animation.sun.dragonhaloheadsun": {
			"animation_length": 2.41667,
			"override_previous_animation": true,
			"bones": {
				"Head": {
					"rotation": {
						"0.0": [0, 0, 0],
						"0.2083": [10.47479, 17.22575, 3.13388],
						"1.5833": [10.47, 17.23, 3.13],
						"1.6667": [13.08619, -17.07228, -3.90399]
					}
				},
				"RightArm": {
					"rotation": {
						"0.0": [0, 0, 0],
						"0.2083": [-97.69009, 0.95645, -22.48072],
						"1.5833": [-97.69, 0.96, -22.48],
						"1.6667": [-34.32594, -0.94, -89.00578]
					},
					"position": {
						"1.5833": [0, 0, 0],
						"1.6667": [-1, 0, -2]
					}
				},
				"LeftArm": {
					"rotation": {
						"0.0": [0, 0, 0],
						"0.2083": [-42.75772, 51.87369, 53.03615],
						"1.5833": [-42.76, 51.87, 53.04],
						"1.6667": [31.63272, 5.07855, -19.37006]
					},
					"position": {
						"0.0": [0, 0, 0],
						"0.2083": [-2, 1, -3],
						"1.5833": [-2, 1, -3],
						"1.6667": [0, 0, 0]
					}
				},
				"RightLeg": {
					"rotation": {
						"0.0": [0, 0, 0],
						"0.2083": [30, 0, 0],
						"1.5833": [30, 0, 0],
						"1.6667": [-32.5, 0, 0]
					}
				},
				"LeftLeg": {
					"rotation": {
						"0.0": [0, 0, 0],
						"0.2083": [-22.5, 0, 0],
						"1.5833": [-22.5, 0, 0],
						"1.6667": [32.5, 0, 0]
					}
				},
				"waist": {
					"rotation": {
						"0.0": [0, 0, 0],
						"0.2083": [28.06681, 11.06861, 5.84485],
						"1.5833": [28.07, 11.07, 5.84],
						"1.6667": [0, -47.5, 0]
					}
				},
				"root": {
					"rotation": {
						"1.5833": [0, 0, 0],
						"1.875": [0, -370, 0]
					}
				},
				"Locator1": {
					"position": [0, 36, -28]
				},
				"Locator2": {
					"position": [0, 34, -24]
				},
				"Locator": {
					"position": [-12, 19, 25]
				}
			},
			"particle_effects": {
				"0.0833": [
					{
						"effect": "dragon2",
						"locator": "ngawi"
					},
					{
						"effect": "dragon2",
						"locator": "ngawi"
					},
					{
						"effect": "dragon2",
						"locator": "ngawi"
					},
					{
						"effect": "dragon2",
						"locator": "ngawi"
					},
					{
						"effect": "dragon2",
						"locator": "ngawi"
					},
					{
						"effect": "dragon2",
						"locator": "ngawi"
					},
					{
						"effect": "dragon2",
						"locator": "ngawi"
					},
					{
						"effect": "dragon2",
						"locator": "ngawi"
					},
					{
						"effect": "dragon2",
						"locator": "ngawi"
					},
					{
						"effect": "dragon2",
						"locator": "ngawi"
					},
					{
						"effect": "dragon2",
						"locator": "ngawi"
					},
					{
						"effect": "dragon2",
						"locator": "ngawi"
					},
					{
						"effect": "dragon2",
						"locator": "ngawi"
					},
					{
						"effect": "dragon2",
						"locator": "ngawi"
					},
					{
						"effect": "dragon2",
						"locator": "ngawi"
					}
				],
				"0.125": [
					{
						"effect": "dragon1",
						"locator": "ngawi"
					},
					{
						"effect": "dragon1",
						"locator": "ngawi"
					},
					{
						"effect": "dragon1",
						"locator": "ngawi"
					},
					{
						"effect": "dragon1",
						"locator": "ngawi"
					},
					{
						"effect": "dragon1",
						"locator": "ngawi"
					},
					{
						"effect": "dragon1",
						"locator": "ngawi"
					},
					{
						"effect": "dragon1",
						"locator": "ngawi"
					},
					{
						"effect": "dragon1",
						"locator": "ngawi"
					},
					{
						"effect": "dragon1",
						"locator": "ngawi"
					},
					{
						"effect": "dragon1",
						"locator": "ngawi"
					},
					{
						"effect": "dragon1",
						"locator": "ngawi"
					},
					{
						"effect": "dragon1",
						"locator": "ngawi"
					},
					{
						"effect": "dragon1",
						"locator": "ngawi"
					},
					{
						"effect": "dragon1",
						"locator": "ngawi"
					},
					{
						"effect": "dragon1",
						"locator": "ngawi"
					}
				],
				"0.2083": {
					"effect": "sunslash3"
				},
				"0.25": {
					"effect": "sunslash2"
				},
				"0.375": {
					"effect": "Beneficent_radience1",
					"locator": "anjim"
				},
				"0.4167": {
					"effect": "beneficent_radience2",
					"locator": "terkadang"
				},
				"0.5417": {
					"effect": "dance"
				},
				"0.5833": {
					"effect": "solarheathaze"
				},
				"0.7083": {
					"effect": "Beneficent_radience1",
					"locator": "anjim"
				},
				"0.75": {
					"effect": "beneficent_radience2",
					"locator": "terkadang"
				},
				"0.875": {
					"effect": "sunslash1"
				},
				"0.9167": {
					"effect": "dance"
				},
				"1.0417": {
					"effect": "Beneficent_radience1",
					"locator": "anjim"
				},
				"1.0833": {
					"effect": "beneficent_radience2",
					"locator": "terkadang"
				},
				"1.2083": {
					"effect": "flamedance"
				},
				"1.25": {
					"effect": "dance"
				},
				"1.375": {
					"effect": "Beneficent_radience1",
					"locator": "anjim"
				},
				"1.4167": {
					"effect": "beneficent_radience2",
					"locator": "terkadang"
				},
				"1.5417": {
					"effect": "solarheathaze"
				},
				"1.5833": {
					"effect": "sunslash1"
				},
				"1.7083": {
					"effect": "Beneficent_radience1",
					"locator": "anjim"
				},
				"1.75": {
					"effect": "beneficent_radience2",
					"locator": "terkadang"
				},
				"1.875": {
					"effect": "sunslash3"
				},
				"1.9167": {
					"effect": "sunslash2"
				}
			}
		},
		"animation.sun.dance": {
			"animation_length": 0.95833,
			"override_previous_animation": true,
			"bones": {
				"root": {
					"rotation": {
						"0.0": [0, 0, 0],
						"0.1667": [-12.5, 0, 0],
						"0.375": [-12.5, 0, 0],
						"0.5": [27.5, 0, 0],
						"0.7083": [27.5, 0, 0],
						"0.7917": [0, 0, 0]
					},
					"position": {
						"0.0": [0, 0, 0],
						"0.1667": [0, 7, 4],
						"0.375": [0, 7, 4],
						"0.5": [0, 1, 4],
						"0.7083": [0, 1, 4],
						"0.7917": [0, 0, 0]
					}
				},
				"waist": {
					"rotation": {
						"0.0": [0, 0, 0],
						"0.1667": [-42.5, 0, 0],
						"0.375": [-42.5, 0, 0],
						"0.5": [22.5, 0, 0],
						"0.7083": [22.5, 0, 0],
						"0.7917": [0, 0, 0]
					}
				},
				"LeftArm": {
					"rotation": {
						"0.0": [0, 0, 0],
						"0.1667": [-44.95208, 30.66101, 27.05847],
						"0.375": [-44.95208, 30.66101, 27.05847],
						"0.5": [-62.20412, 28.02432, 11.17023],
						"0.7083": [-62.2, 28.02, 11.17],
						"0.7917": [0, 0, 0]
					}
				},
				"RightArm": {
					"rotation": {
						"0.0": [0, 0, 0],
						"0.1667": [-44.31081, -26.06465, -24.23178],
						"0.375": [-44.31081, -26.06465, -24.23178],
						"0.5": [-59.08994, -20.71501, -18.50097],
						"0.7083": [-59.09, -20.72, -18.5],
						"0.7917": [0, 0, 0]
					}
				},
				"LeftLeg": {
					"rotation": {
						"0.0": [0, 0, 0],
						"0.1667": [-35, 0, 0],
						"0.375": [-35, 0, 0],
						"0.5": [30, 0, 0],
						"0.7083": [30, 0, 0],
						"0.7917": [0, 0, 0]
					}
				},
				"RightLeg": {
					"rotation": {
						"0.0": [0, 0, 0],
						"0.1667": [20, 0, 0],
						"0.375": [20, 0, 0],
						"0.5": [-35, 0, 0],
						"0.7083": [-35, 0, 0],
						"0.7917": [0, 0, 0]
					}
				}
			},
			"particle_effects": {
				"0.5": {
					"effect": "Dance"
				}
			}
		},
		"animation.sun.firewheel": {
			"animation_length": 1.41667,
			"override_previous_animation": true,
			"bones": {
				"root": {
					"rotation": {
						"0.0": [0, 0, 0],
						"0.1667": [-12.5, 0, 0],
						"0.375": [-12.5, 0, 0],
						"0.9583": [720, 0, 0]
					},
					"position": {
						"0.0": [0, 0, 0],
						"0.1667": [0, 7, 4],
						"0.375": [0, 7, 4],
						"0.5": [0, 30, -5],
						"0.7083": [0, 30, -5],
						"0.9583": [0, 0, 0]
					}
				},
				"waist": {
					"rotation": {
						"0.0": [0, 0, 0],
						"0.1667": [-42.5, 0, 0],
						"0.375": [-42.5, 0, 0],
						"0.5": [22.5, 0, 0],
						"0.7083": [22.5, 0, 0],
						"0.7917": [0, 0, 0]
					}
				},
				"LeftArm": {
					"rotation": {
						"0.0": [0, 0, 0],
						"0.1667": [-44.95208, 30.66101, 27.05847],
						"0.375": [-44.95208, 30.66101, 27.05847],
						"0.5": [-62.20412, 28.02432, 11.17023],
						"0.7083": [-62.2, 28.02, 11.17],
						"0.7917": [0, 0, 0]
					}
				},
				"RightArm": {
					"rotation": {
						"0.0": [0, 0, 0],
						"0.1667": [-44.31081, -26.06465, -24.23178],
						"0.375": [-44.31081, -26.06465, -24.23178],
						"0.5": [-59.08994, -20.71501, -18.50097],
						"0.7083": [-59.09, -20.72, -18.5],
						"0.7917": [0, 0, 0]
					}
				},
				"LeftLeg": {
					"rotation": {
						"0.0": [0, 0, 0],
						"0.1667": [-35, 0, 0],
						"0.375": [-35, 0, 0],
						"0.5": [30, 0, 0],
						"0.7083": [30, 0, 0],
						"0.7917": [0, 0, 0]
					}
				},
				"RightLeg": {
					"rotation": {
						"0.0": [0, 0, 0],
						"0.1667": [20, 0, 0],
						"0.375": [20, 0, 0],
						"0.5": [-35, 0, 0],
						"0.7083": [-35, 0, 0],
						"0.7917": [0, 0, 0]
					}
				}
			},
			"particle_effects": {
				"0.4583": {
					"effect": "Fire_wheel"
				}
			}
		},
		"animation.sun.flamedance": {
			"animation_length": 1.58333,
			"override_previous_animation": true,
			"bones": {
				"root": {
					"rotation": {
						"0.0": [0, 0, 0],
						"0.1667": [-12.5, 0, 0],
						"0.375": [-12.5, 0, 0],
						"0.5": [27.5, 0, 0],
						"0.7083": [27.5, 0, 0],
						"0.8333": [15, 0, 0],
						"0.9583": [15, 0, 0],
						"1.125": [0, 0, 0]
					},
					"position": {
						"0.0": [0, 0, 0],
						"0.1667": [0, 7, 4],
						"0.375": [0, 7, 4],
						"0.5": [0, 1, 4],
						"0.7083": [0, 1, 4],
						"0.8333": [0, 0, 0],
						"0.9583": [0, 0, 0]
					}
				},
				"waist": {
					"rotation": {
						"0.0": [0, 0, 0],
						"0.1667": [-42.5, 0, 0],
						"0.375": [-42.5, 0, 0],
						"0.5": [22.5, 0, 0],
						"0.7083": [22.5, 0, 0],
						"0.8333": [0, 0, 0],
						"0.9583": [0, 0, 0]
					}
				},
				"LeftArm": {
					"rotation": {
						"0.0": [0, 0, 0],
						"0.1667": [-44.95208, 30.66101, 27.05847],
						"0.375": [-44.95208, 30.66101, 27.05847],
						"0.5": [-62.20412, 28.02432, 11.17023],
						"0.7083": [-62.2, 28.02, 11.17],
						"0.8333": [-64.06408, 27.81816, 14.21699],
						"0.9583": [-64.06408, 27.81816, 14.21699],
						"1.125": [-54.04831, -45.4709, -30.08177]
					}
				},
				"RightArm": {
					"rotation": {
						"0.0": [0, 0, 0],
						"0.1667": [-44.31081, -26.06465, -24.23178],
						"0.375": [-44.31081, -26.06465, -24.23178],
						"0.5": [-59.08994, -20.71501, -18.50097],
						"0.7083": [-59.09, -20.72, -18.5],
						"0.8333": [-114.46069, -36.5802, 84.39383],
						"0.9583": [-114.46, -36.58, 84.39],
						"1.125": [-7.75044, -11.85006, 80.32009]
					}
				},
				"LeftLeg": {
					"rotation": {
						"0.0": [0, 0, 0],
						"0.1667": [-35, 0, 0],
						"0.375": [-35, 0, 0],
						"0.5": [30, 0, 0],
						"0.7083": [30, 0, 0],
						"0.8333": [-37.5, 0, 0],
						"0.9583": [-37.5, 0, 0],
						"1.125": [22.5, 0, 0]
					}
				},
				"RightLeg": {
					"rotation": {
						"0.0": [0, 0, 0],
						"0.1667": [20, 0, 0],
						"0.375": [20, 0, 0],
						"0.5": [-35, 0, 0],
						"0.7083": [-35, 0, 0],
						"0.8333": [15, 0, 0],
						"0.9583": [15, 0, 0],
						"1.125": [-22.5, 0, 0]
					}
				}
			},
			"particle_effects": {
				"0.5": {
					"effect": "Dance"
				},
				"1.1667": {
					"effect": "flamedance"
				}
			}
		},
		"animation.sun.solarheathaze": {
			"animation_length": 1.58333,
			"override_previous_animation": true,
			"bones": {
				"root": {
					"rotation": {
						"0.0": [0, 0, 0],
						"0.25": [0, 180, 0],
						"0.5417": [0, 360, 0],
						"0.7083": [0, 387.5, 0],
						"1.0": [0, 387.5, 0],
						"1.3333": [0, 387.5, 0],
						"1.4583": [0, 360, 0]
					}
				},
				"Head": {
					"rotation": {
						"0.5417": [0, 0, 0],
						"0.7083": [0, -32.5, 0],
						"1.3333": [0, -32.5, 0],
						"1.4583": [0, 0, 0]
					}
				},
				"LeftArm": {
					"rotation": {
						"0.0": [0, 0, 0],
						"0.1667": [-60.14615, 24.30509, 22.26914],
						"0.375": [-60.15, 24.31, 22.27],
						"0.5417": [-67.33978, -19.98015, -0.90956],
						"0.7083": [-50.84894, -55.00671, -26.49307],
						"1.3333": [-50.85, -55.01, -26.49],
						"1.4583": [0, 0, 0]
					},
					"position": {
						"0.0": [0, 0, 0],
						"0.1667": [-1, 0, 1],
						"0.375": [-1, 0, 1],
						"0.5417": [0, 0, 0]
					}
				},
				"RightArm": {
					"rotation": {
						"0.0": [0, 0, 0],
						"0.1667": [-112.14877, -30.82804, 85.09741],
						"0.375": [-112.15, -30.83, 85.1],
						"0.5417": [-45.02436, -11.29196, 53.43093],
						"0.7083": [31.71939, -8.97756, 43.54711],
						"1.3333": [31.72, -8.98, 43.55],
						"1.4583": [0, 0, 0]
					},
					"position": {
						"0.0": [0, 0, 0],
						"0.1667": [0, -1, 1],
						"0.375": [0, -1, 1],
						"0.5417": [0, 0, 0]
					}
				},
				"LeftLeg": {
					"rotation": {
						"0.0": [0, 0, 0],
						"0.1667": [-11.91684, -2.17771, -7.31479],
						"0.375": [-11.92, -2.18, -7.31],
						"0.5417": [25.58, -2.18, -7.31],
						"1.3333": [25.58, -2.18, -7.31],
						"1.4583": [0, 0, 0]
					}
				},
				"RightLeg": {
					"rotation": {
						"0.0": [0, 0, 0],
						"0.1667": [12.31594, -2.15393, 9.76758],
						"0.375": [12.32, -2.15, 9.77],
						"0.5417": [-12.68, -2.15, 9.77],
						"1.3333": [-12.68, -2.15, 9.77],
						"1.4583": [0, 0, 0]
					}
				}
			},
			"particle_effects": {
				"0.5": {
					"effect": "solarheathaze"
				}
			}
		},
		"animation.sun.settingsuntransformation": {
			"animation_length": 1.29167,
			"override_previous_animation": true,
			"bones": {
				"root": {
					"rotation": {
						"0.0": [0, 0, 0],
						"0.25": [0, 0, 164],
						"0.5833": [3.52183, -2.88583, 196],
						"1.0": [0, 0, 360]
					},
					"position": {
						"0.0": [0, 0, 0],
						"0.0833": [-17, 10, 0],
						"0.1667": [-28, 26, 0],
						"0.25": [-21, 52, 0],
						"0.3333": [-10, 61, 0],
						"0.4167": [0, 65, 0],
						"0.5": [10, 61, 0],
						"0.5833": [20, 57, 0],
						"0.6667": [28, 46, 0],
						"0.75": [35, 30, 0],
						"0.8333": [27, 16, 0],
						"0.9167": [16, 5, 0],
						"1.0": [0, 0, 0]
					}
				},
				"waist": {
					"rotation": {
						"0.0": [0, 0, 0],
						"0.25": [-20, 0, 0],
						"0.5833": [25, 0, 0],
						"1.0": [25, 0, 0],
						"1.125": [0, 0, 0]
					}
				},
				"LeftArm": {
					"rotation": {
						"0.0": [0, 0, 0],
						"0.125": [-90, 0, 0],
						"0.2917": [-89.72914, 34.18305, -1.68588],
						"0.4167": [-89.72914, 34.18305, -1.68588],
						"0.5": [89.28704, -71.68202, -181.16123],
						"0.9583": [89.29, -71.68, -181.16],
						"1.125": [0, 0, 0]
					}
				},
				"RightArm": {
					"rotation": {
						"0.0": [0, 0, 0],
						"0.125": [-90, 0, 0],
						"0.2917": [-120.13348, -7.16369, 91.25953],
						"0.4167": [-120.13348, -7.16369, 91.25953],
						"0.5": [17.36652, -7.16369, 91.25953],
						"0.9583": [17.37, -7.16, 91.26],
						"1.125": [0, 0, 0]
					}
				},
				"LeftLeg": {
					"rotation": {
						"0.0": [0, 0, 0],
						"0.125": [-14.33501, -4.46375, -16.93839],
						"0.2917": [23.16499, -4.46375, -16.93839],
						"0.4583": [-49.33501, -4.46375, -16.93839],
						"0.625": [40.66499, -4.46375, -16.93839],
						"0.9583": [40.66, -4.46, -16.94],
						"1.125": [0, 0, 0]
					}
				},
				"RightLeg": {
					"rotation": {
						"0.0": [0, 0, 0],
						"0.125": [14.78217, -2.57594, 9.6658],
						"0.2917": [-32.71783, -2.57594, 9.6658],
						"0.4583": [39.78217, -2.57594, 9.6658],
						"0.625": [-40.21783, -2.57594, 9.6658],
						"0.9583": [-40.22, -2.58, 9.67],
						"1.125": [0, 0, 0]
					}
				}
			},
			"particle_effects": {
				"0.4583": {
					"effect": "Settingsun"
				}
			}
		},
		"animation.sun.ragingsun": {
			"animation_length": 1.41667,
			"override_previous_animation": true,
			"bones": {
				"root": {
					"rotation": {
						"0.0": [0, 0, 0],
						"0.1667": [0, -42.5, 0],
						"0.3333": [0, -42.5, 0],
						"0.5": [0, 75, 0],
						"0.6667": [0, 75, 0],
						"0.875": [0, -87.5, 0],
						"1.0833": [0, -87.5, 0],
						"1.2917": [0, 0, 0]
					}
				},
				"waist": {
					"rotation": {
						"0.0": [0, 0, 0],
						"0.1667": [0, -37.5, 0],
						"0.3333": [0, -37.5, 0],
						"0.5": [0, 37.5, 0],
						"0.6667": [0, 37.5, 0],
						"0.875": [0, -32.5, 0],
						"1.0833": [0, -32.5, 0],
						"1.2917": [0, 0, 0]
					}
				},
				"Head": {
					"rotation": {
						"0.0": [0, 0, 0],
						"0.1667": [0, 40, 0],
						"0.3333": [0, 40, 0],
						"0.5": [0, -62.5, 0],
						"0.6667": [0, -62.5, 0],
						"0.875": [0, 82.5, 0],
						"1.0833": [0, 82.5, 0],
						"1.2917": [0, 0, 0]
					}
				},
				"LeftArm": {
					"rotation": {
						"0.0": [0, 0, 0],
						"0.1667": [-73.2643, 41.26755, 11.21792],
						"0.3333": [-73.26, 41.27, 11.22],
						"1.0833": [-73.26, 41.27, 11.22],
						"1.2917": [0, 0, 0]
					}
				},
				"RightArm": {
					"rotation": {
						"0.0": [0, 0, 0],
						"0.1667": [-111.59044, -19.98015, 87.33978],
						"0.3333": [-111.59, -19.98, 87.34],
						"0.5": [-111.59, -19.98, 87.34],
						"0.6667": [-111.59, -19.98, 87.34],
						"0.875": [-68.78761, 5.10546, -95.88642],
						"1.0833": [-68.79, 5.11, -95.89],
						"1.2917": [0, 0, 0]
					}
				},
				"LeftLeg": {
					"rotation": {
						"0.0": [0, 0, 0],
						"0.1667": [15, 0, -7.5],
						"0.3333": [15, 0, -7.5],
						"0.5": [-22.5, 0, -7.5],
						"0.6667": [-22.5, 0, -7.5],
						"0.875": [14.69317, 0.14248, -6.30567],
						"1.0833": [14.69, 0.14, -6.31],
						"1.2917": [0, 0, 0]
					}
				},
				"RightLeg": {
					"rotation": {
						"0.0": [0, 0, 0],
						"0.1667": [-17.35932, 2.24944, 7.15656],
						"0.3333": [-17.36, 2.25, 7.16],
						"0.5": [15.14, 2.25, 7.16],
						"0.6667": [15.14, 2.25, 7.16],
						"0.875": [-27.36, 2.25, 7.16],
						"1.0833": [-27.36, 2.25, 7.16],
						"1.2917": [0, 0, 0]
					}
				}
			},
			"particle_effects": {
				"0.6667": {
					"effect": "Ragingsun2"
				},
				"0.9583": {
					"effect": "Ragingsun1"
				}
			}
		},
		"animation.sun.sunflowerthrust": {
			"animation_length": 0.91667,
			"bones": {
				"root": {
					"rotation": {
						"0.0": [0, 0, 0],
						"0.1667": [30.64014, 29.55048, 10.81883],
						"0.3333": [30.64, 29.55, 10.82],
						"0.5": [-7.5, 10, 0],
						"0.7083": [-7.5, 10, 0],
						"0.8333": [0, 0, 0]
					},
					"position": {
						"0.0": [0, 0, 0],
						"0.1667": [0, 1, 4],
						"0.3333": [0, 1, 4],
						"0.5": [0, 0, -4],
						"0.7083": [0, 0, -4],
						"0.8333": [0, 0, 0]
					}
				},
				"waist": {
					"rotation": {
						"0.0": [0, 0, 0],
						"0.1667": [20, 42.5, 0],
						"0.3333": [20, 42.5, 0],
						"0.5": [37.0662, -26.94622, -18.89595],
						"0.7083": [37.07, -26.95, -18.9],
						"0.8333": [0, 0, 0]
					}
				},
				"Head": {
					"rotation": {
						"0.0": [0, 0, 0],
						"0.1667": [12.5, -35, 0],
						"0.3333": [12.5, -35, 0],
						"0.5": [0, 0, 0]
					}
				},
				"LeftArm": {
					"rotation": {
						"0.0": [0, 0, 0],
						"0.1667": [-35.38568, 41.92831, 24.75948],
						"0.3333": [-35.39, 41.93, 24.76],
						"0.7083": [-35.39, 41.93, 24.76],
						"0.8333": [0, 0, 0]
					}
				},
				"RightArm": {
					"rotation": {
						"0.0": [0, 0, 0],
						"0.1667": [-36.85755, -13.11116, -10.514],
						"0.3333": [-36.86, -13.11, -10.51],
						"0.7083": [-36.86, -13.11, -10.51],
						"0.8333": [0, 0, 0]
					}
				},
				"LeftLeg": {
					"rotation": {
						"0.0": [0, 0, 0],
						"0.1667": [-33.39059, -12.43385, -6.71496],
						"0.3333": [-33.39, -12.43, -6.71],
						"0.5": [35, -2.5, 0],
						"0.7083": [35, -2.5, 0],
						"0.8333": [0, 0, 0]
					}
				},
				"RightLeg": {
					"rotation": {
						"0.0": [0, 0, 0],
						"0.1667": [-2.5, 0, 0],
						"0.3333": [-2.5, 0, 0],
						"0.5": [-20, 0, 0],
						"0.7083": [-20, 0, 0],
						"0.8333": [0, 0, 0]
					}
				},
				"Locator1": {
					"position": [0, 40, 30]
				},
				"Locator2": {
					"position": [0, 30, -3]
				}
			},
			"particle_effects": {
				"0.4583": {
					"effect": "sunflowerthrust"
				},
				"0.5": {
					"effect": "sunflowerthrust0"
				},
				"0.5417": {
					"effect": "sunflowerthrust1",
					"locator": "terkadang"
				},
				"0.5833": {
					"effect": "sunflowerthrust2",
					"locator": "anjim"
				}
			}
		},
		"animation.sun.burningbonessummersun": {
			"animation_length": 0.95833,
			"override_previous_animation": true,
			"bones": {
				"waist": {
					"rotation": {
						"0.0": [0, 0, 0],
						"0.1667": [45, 0, 0],
						"0.375": [45, 0, 0],
						"0.5": [0, 0, 0]
					}
				},
				"Head": {
					"rotation": {
						"0.0": [0, 0, 0],
						"0.1667": [-25, 0, 0],
						"0.375": [-25, 0, 0],
						"0.5": [7.5, 0, 0]
					}
				},
				"LeftArm": {
					"rotation": {
						"0.0": [0, 0, 0],
						"0.1667": [-43.26848, 37.76124, 26.56505],
						"0.375": [-43.27, 37.76, 26.57],
						"0.5": [-86.74631, -14.37996, -13.44505]
					}
				},
				"RightArm": {
					"rotation": {
						"0.0": [0, 0, 0],
						"0.1667": [-84.63162, -48.65514, 43.87903],
						"0.375": [-84.63, -48.66, 43.88],
						"0.5": [7.96227, -7.6269, 67.00901]
					}
				},
				"LeftLeg": {
					"rotation": {
						"0.0": [0, 0, 0],
						"0.1667": [-4.95744, -0.65182, -7.47178],
						"0.375": [-4.96, -0.65, -7.47],
						"0.5": [17.54, -0.65, -7.47]
					}
				},
				"RightLeg": {
					"rotation": {
						"0.0": [0, 0, 0],
						"0.1667": [12.31594, -2.15393, 9.76758],
						"0.375": [12.32, -2.15, 9.77],
						"0.5": [-25.18, -2.15, 9.77]
					}
				}
			},
			"particle_effects": {
				"0.5": {
					"effect": "burningbones0"
				},
				"0.5417": {
					"effect": "burningbones1"
				},
				"0.5833": {
					"effect": "burningbones2"
				}
			}
		},
		"animation.sun.beneficentradience": {
			"animation_length": 2,
			"override_previous_animation": true,
			"bones": {
				"Head": {
					"rotation": {
						"0.0": [0, 0, 0],
						"0.2083": [10.47479, 17.22575, 3.13388],
						"1.5833": [10.47, 17.23, 3.13],
						"1.6667": [13.08619, -17.07228, -3.90399]
					}
				},
				"RightArm": {
					"rotation": {
						"0.0": [0, 0, 0],
						"0.2083": [-97.69009, 0.95645, -22.48072],
						"1.5833": [-97.69, 0.96, -22.48],
						"1.6667": [-34.32594, -0.94, -89.00578]
					},
					"position": {
						"1.5833": [0, 0, 0],
						"1.6667": [-1, 0, -2]
					}
				},
				"LeftArm": {
					"rotation": {
						"0.0": [0, 0, 0],
						"0.2083": [-42.75772, 51.87369, 53.03615],
						"1.5833": [-42.76, 51.87, 53.04],
						"1.6667": [31.63272, 5.07855, -19.37006]
					},
					"position": {
						"0.0": [0, 0, 0],
						"0.2083": [-2, 1, -3],
						"1.5833": [-2, 1, -3],
						"1.6667": [0, 0, 0]
					}
				},
				"RightLeg": {
					"rotation": {
						"0.0": [0, 0, 0],
						"0.2083": [30, 0, 0],
						"1.5833": [30, 0, 0],
						"1.6667": [-32.5, 0, 0]
					}
				},
				"LeftLeg": {
					"rotation": {
						"0.0": [0, 0, 0],
						"0.2083": [-22.5, 0, 0],
						"1.5833": [-22.5, 0, 0],
						"1.6667": [32.5, 0, 0]
					}
				},
				"waist": {
					"rotation": {
						"0.0": [0, 0, 0],
						"0.2083": [28.06681, 11.06861, 5.84485],
						"1.5833": [28.07, 11.07, 5.84],
						"1.6667": [0, -47.5, 0]
					}
				},
				"root": {
					"rotation": {
						"1.5833": [0, 0, 0],
						"1.6667": [14.34161, -29.65523, 5.33227]
					}
				},
				"Locator1": {
					"position": [0, 36, -28]
				},
				"Locator2": {
					"position": [0, 34, -24]
				}
			},
			"particle_effects": {
				"0.1667": {
					"effect": "Beneficent_radience1",
					"locator": "anjim"
				},
				"0.2083": {
					"effect": "Beneficent_radience2",
					"locator": "terkadang"
				},
				"0.3333": {
					"effect": "Beneficent_radience1",
					"locator": "anjim"
				},
				"0.375": {
					"effect": "Beneficent_radience2",
					"locator": "terkadang"
				},
				"0.5": {
					"effect": "Beneficent_radience1",
					"locator": "anjim"
				},
				"0.5417": {
					"effect": "Beneficent_radience2",
					"locator": "terkadang"
				},
				"0.6667": {
					"effect": "Beneficent_radience1",
					"locator": "anjim"
				},
				"0.7083": {
					"effect": "Beneficent_radience2",
					"locator": "terkadang"
				},
				"0.8333": {
					"effect": "Beneficent_radience1",
					"locator": "anjim"
				},
				"0.875": {
					"effect": "Beneficent_radience2",
					"locator": "terkadang"
				},
				"1.0": {
					"effect": "Beneficent_radience1",
					"locator": "anjim"
				},
				"1.0417": {
					"effect": "Beneficent_radience2",
					"locator": "terkadang"
				},
				"1.1667": {
					"effect": "Beneficent_radience1",
					"locator": "anjim"
				},
				"1.2083": {
					"effect": "Beneficent_radience2",
					"locator": "terkadang"
				},
				"1.3333": {
					"effect": "Beneficent_radience1",
					"locator": "anjim"
				},
				"1.375": {
					"effect": "Beneficent_radience2",
					"locator": "terkadang"
				},
				"1.5": {
					"effect": "Beneficent_radience1",
					"locator": "anjim"
				},
				"1.5417": {
					"effect": "Beneficent_radience2",
					"locator": "terkadang"
				}
			}
		},
		"animation.sun.clearbluesky": {
			"animation_length": 1.58333,
			"override_previous_animation": true,
			"bones": {
				"root": {
					"rotation": {
						"0.0": [0, 0, 0],
						"0.1667": [90, 0, 0],
						"0.2917": [90, 0, -45],
						"0.375": [90, 0, -75],
						"0.875": [90, 0, 755]
					},
					"position": [0, 0, 0]
				},
				"LeftArm": {
					"rotation": {
						"0.0": [0, 0, 0],
						"0.1667": [-98.9961, 39.47074, -5.65467],
						"0.375": [-98.9961, 39.47074, -5.65467],
						"0.5417": [-97.04274, -10.10563, 1.33392]
					}
				},
				"RightArm": {
					"rotation": {
						"0.0": [0, 0, 0],
						"0.1667": [-117.5, 0, 90],
						"0.375": [-117.5, 0, 90],
						"0.5417": [-15, 0, 90]
					}
				},
				"LeftLeg": {
					"rotation": {
						"0.0": [0, 0, 0],
						"0.125": [31.28223, 9.29798, -14.89149],
						"0.375": [18.78223, 9.29798, -14.89149]
					}
				},
				"RightLeg": {
					"rotation": {
						"0.0": [0, 0, 0],
						"0.125": [-29.14743, 7.43547, 13.06431],
						"0.375": [-6.64743, 7.43547, 13.06431]
					}
				}
			},
			"particle_effects": {
				"0.4167": {
					"effect": "Clearbluesky1"
				},
				"0.4583": {
					"effect": "Clearbluesky2"
				}
			}
		}
	}
}