{
	"format_version": "1.8.0",
	"animations": {
		"animation.water.waterwheel2": {
			"animation_length": 1,
			"bones": {
				"root": {
					"rotation": {
						"0.0": [0, 0, 0],
						"0.75": [0, 720, 0]
					}
				},
				"waist": {
					"rotation": [20, 0, 0]
				},
				"Head": {
					"rotation": [0, -25, 0]
				},
				"RightArm": {
					"rotation": {
						"0.0": [-87.25285, -12.19908, 77.20638],
						"0.75": [37.74715, -12.19908, 77.20638]
					}
				},
				"LeftArm": {
					"rotation": {
						"0.0": [-57.50142, -21.46902, -13.12427],
						"0.75": [-24.14318, -56.77371, -61.81088]
					}
				},
				"RightLeg": {
					"rotation": {
						"0.0": [-25, 0, 10],
						"0.75": [15, 0, 10]
					}
				},
				"LeftLeg": {
					"rotation": {
						"0.0": [19.37006, 5.07855, -14.13272],
						"0.75": [-15.62994, 5.07855, -14.13272]
					}
				}
			},
			"particle_effects": {
				"0.2917": {
					"effect": "waterwheel2"
				},
				"0.375": {
					"effect": "waterwheel2"
				},
				"0.4583": {
					"effect": "waterwheel2"
				},
				"0.5417": {
					"effect": "waterwheel2"
				},
				"0.625": {
					"effect": "waterwheel2"
				}
			}
		},
		"animation.water.waterwheel": {
			"animation_length": 1.41667,
			"override_previous_animation": true,
			"bones": {
				"root": {
					"rotation": {
						"0.0": [0, 0, 0],
						"0.1667": [-12.5, 0, 0],
						"0.375": [-12.5, 0, 0],
						"0.9583": [720, 0, 0]
					},
					"position": {
						"0.0": [0, 0, 0],
						"0.1667": [0, 7, 4],
						"0.375": [0, 7, 4],
						"0.5": [0, 30, -5],
						"0.7083": [0, 30, -5],
						"0.9583": [0, 0, 0]
					}
				},
				"waist": {
					"rotation": {
						"0.0": [0, 0, 0],
						"0.1667": [-42.5, 0, 0],
						"0.375": [-42.5, 0, 0],
						"0.5": [22.5, 0, 0],
						"0.7083": [22.5, 0, 0],
						"0.7917": [0, 0, 0]
					}
				},
				"LeftArm": {
					"rotation": {
						"0.0": [0, 0, 0],
						"0.1667": [-44.95208, 30.66101, 27.05847],
						"0.375": [-44.95208, 30.66101, 27.05847],
						"0.5": [-62.20412, 28.02432, 11.17023],
						"0.7083": [-62.2, 28.02, 11.17],
						"0.7917": [0, 0, 0]
					}
				},
				"RightArm": {
					"rotation": {
						"0.0": [0, 0, 0],
						"0.1667": [-44.31081, -26.06465, -24.23178],
						"0.375": [-44.31081, -26.06465, -24.23178],
						"0.5": [-59.08994, -20.71501, -18.50097],
						"0.7083": [-59.09, -20.72, -18.5],
						"0.7917": [0, 0, 0]
					}
				},
				"LeftLeg": {
					"rotation": {
						"0.0": [0, 0, 0],
						"0.1667": [-35, 0, 0],
						"0.375": [-35, 0, 0],
						"0.5": [30, 0, 0],
						"0.7083": [30, 0, 0],
						"0.7917": [0, 0, 0]
					}
				},
				"RightLeg": {
					"rotation": {
						"0.0": [0, 0, 0],
						"0.1667": [20, 0, 0],
						"0.375": [20, 0, 0],
						"0.5": [-35, 0, 0],
						"0.7083": [-35, 0, 0],
						"0.7917": [0, 0, 0]
					}
				}
			},
			"particle_effects": {
				"0.4583": {
					"effect": "waterwheel"
				}
			}
		},
		"animation.water.watersurface": {
			"animation_length": 0.66667,
			"bones": {
				"root": {
					"position": {
						"0.0": [0, -2, 0],
						"0.25": [0, 0, 0]
					}
				},
				"waist": {
					"relative_to": {
						"rotation": "entity"
					},
					"rotation": {
						"0.0": [32.5, 0, 0],
						"0.25": [0, 0, 0.01]
					}
				},
				"RightArm": {
					"rotation": {
						"0.0": [-120, 0, 92.5],
						"0.25": [27.5, 0, 92.5]
					}
				},
				"LeftArm": {
					"rotation": {
						"0.0": [-117.5, 0, -97.5],
						"0.25": [35, 0, -97.5]
					}
				},
				"RightLeg": {
					"rotation": {
						"0.0": [-30, 0, 0],
						"0.25": [17.5, 0, 0]
					}
				},
				"LeftLeg": {
					"rotation": {
						"0.0": [37.5, 0, 0],
						"0.25": [-17.5, 0, 0]
					}
				}
			},
			"particle_effects": {
				"0.25": {
					"effect": "Watersurface"
				}
			}
		},
		"animation.water.blessedrainafterdrought": {
			"animation_length": 0.66667,
			"bones": {
				"root": {
					"position": {
						"0.0": [0, -2, 0],
						"0.25": [0, 0, 0]
					}
				},
				"waist": {
					"relative_to": {
						"rotation": "entity"
					},
					"rotation": {
						"0.0": [32.5, 0, 0],
						"0.25": [0, 0, 0.01]
					}
				},
				"RightArm": {
					"rotation": {
						"0.0": [-120, 0, 92.5],
						"0.25": [27.5, 0, 92.5]
					}
				},
				"LeftArm": {
					"rotation": {
						"0.0": [-117.5, 0, -97.5],
						"0.25": [35, 0, -97.5]
					}
				},
				"RightLeg": {
					"rotation": {
						"0.0": [-30, 0, 0],
						"0.25": [17.5, 0, 0]
					}
				},
				"LeftLeg": {
					"rotation": {
						"0.0": [37.5, 0, 0],
						"0.25": [-17.5, 0, 0]
					}
				}
			},
			"particle_effects": {
				"0.25": {
					"effect": "blessedrain"
				}
			}
		},
		"animation.water.rippletrust": {
			"animation_length": 1.375,
			"bones": {
				"root": {
					"rotation": {
						"0.0": [0, 0, 0],
						"0.2917": [0, 32.5, 0],
						"0.5": [0, 32.5, 0],
						"0.7083": [0, 0, 0]
					}
				},
				"Head": {
					"rotation": {
						"0.0": [0, 0, 0],
						"0.2917": [0, -27.5, 0],
						"0.5": [0, -27.5, 0],
						"0.7083": [0, 0, 0]
					}
				},
				"RightArm": {
					"rotation": {
						"0.0": [0, 0, 0],
						"0.2917": [37.25235, -15.7627, 19.65736],
						"0.5": [37.25, -15.76, 19.66],
						"0.7083": [-84.51257, -6.56467, -5.20013]
					},
					"position": {
						"0.5": [0, 0, 0],
						"0.7083": [1, 0, -3]
					}
				},
				"LeftArm": {
					"rotation": {
						"0.0": [0, 0, 0],
						"0.2917": [-41.57337, -19.05681, -20.20848],
						"0.5": [-41.57, -19.06, -20.21],
						"0.7083": [53.43, -19.06, -20.21]
					}
				},
				"RightLeg": {
					"rotation": {
						"0.0": [0, 0, 0],
						"0.2917": [-17.5, 0, 12.5],
						"0.5": [-17.5, 0, 12.5],
						"0.7083": [12.5, 0, 12.5]
					}
				},
				"LeftLeg": {
					"rotation": {
						"0.0": [0, 0, 0],
						"0.2917": [20, 0, -5],
						"0.5": [20, 0, -5],
						"0.7083": [-5, 0, -5]
					}
				},
				"rightitem": {
					"rotation": {
						"0.5417": [0, 0, 0],
						"0.7083": [90, 0, 0]
					},
					"position": {
						"0.5417": [0, 0, 0],
						"0.7083": [0, -6, -2]
					}
				}
			},
			"particle_effects": {
				"0.7083": {
					"effect": "rippletrust1"
				},
				"0.75": {
					"effect": "rippletrust2"
				},
				"0.7917": {
					"effect": "rippletrust3"
				},
				"0.8333": {
					"effect": "rippletrust4"
				},
				"0.875": {
					"effect": "rippletrust5"
				}
			}
		},
		"animation.water.flowingdance": {
			"animation_length": 1.79167,
			"bones": {
				"root": {
					"rotation": {
						"0.0": [0, 0, 0],
						"0.2083": [0, -40, 0],
						"0.375": [0, -40, 0],
						"0.5417": [0, 90, 0],
						"0.7083": [0, 90, 0],
						"0.8333": [0, -50, 0],
						"1.0417": [0, 115, 0],
						"1.2083": [0, 115, 0],
						"1.375": [0, -70, 0]
					}
				},
				"waist": {
					"rotation": {
						"0.0": [0, 0, 0],
						"0.2083": [0, -12.5, 0],
						"0.375": [0, -12.5, 0]
					}
				},
				"RightArm": {
					"rotation": {
						"0.0": [0, 0, 0],
						"0.2083": [-125.74385, -2.28494, 105.73669],
						"0.375": [-125.74, -2.28, 105.74],
						"0.5417": [-125.74, -2.28, 105.74],
						"0.6667": [-54.45344, -0.32836, -79.20388],
						"0.8333": [-54.45344, -0.32836, -79.20388],
						"0.9583": [-125.55447, -14.47101, 92.90703],
						"1.0833": [-125.55, -14.47, 92.91],
						"1.2083": [-56.34727, 5.57687, -96.36957]
					}
				},
				"LeftArm": {
					"rotation": {
						"0.0": [0, 0, 0],
						"0.2083": [-65.44729, 23.03568, 33.65181],
						"0.375": [-65.45, 23.04, 33.65]
					}
				},
				"RightLeg": {
					"rotation": {
						"0.0": [0, 0, 0],
						"0.2083": [-20, 0, 0],
						"0.375": [-20, 0, 0]
					}
				},
				"LeftLeg": {
					"rotation": {
						"0.0": [0, 0, 0],
						"0.2083": [25, 0, 0],
						"0.375": [25, 0, 0]
					}
				}
			},
			"particle_effects": {
				"0.5": {
					"effect": "flowingdance0"
				},
				"0.7083": {
					"effect": "flowingdance"
				},
				"0.9583": {
					"effect": "Watersurface"
				},
				"1.1667": {
					"effect": "flowingdance2"
				}
			}
		},
		"animation.water.strikingtide": {
			"animation_length": 1.29167,
			"bones": {
				"root": {
					"rotation": {
						"0.0": [0, 0, 0],
						"0.1667": [0, -42.5, 0],
						"0.3333": [0, -42.5, 0],
						"0.5": [0, 75, 0],
						"0.6667": [0, 75, 0],
						"0.875": [0, -87.5, 0],
						"1.0833": [0, -87.5, 0],
						"1.2917": [0, 0, 0]
					}
				},
				"waist": {
					"rotation": {
						"0.0": [0, 0, 0],
						"0.1667": [0, -37.5, 0],
						"0.3333": [0, -37.5, 0],
						"0.5": [0, 37.5, 0],
						"0.6667": [0, 37.5, 0],
						"0.875": [0, -32.5, 0],
						"1.0833": [0, -32.5, 0],
						"1.2917": [0, 0, 0]
					}
				},
				"Head": {
					"rotation": {
						"0.0": [0, 0, 0],
						"0.1667": [0, 40, 0],
						"0.3333": [0, 40, 0],
						"0.5": [0, -62.5, 0],
						"0.6667": [0, -62.5, 0],
						"0.875": [0, 82.5, 0],
						"1.0833": [0, 82.5, 0],
						"1.2917": [0, 0, 0]
					}
				},
				"RightArm": {
					"rotation": {
						"0.0": [0, 0, 0],
						"0.1667": [-111.59044, -19.98015, 87.33978],
						"0.3333": [-111.59, -19.98, 87.34],
						"0.5": [-111.59, -19.98, 87.34],
						"0.6667": [-111.59, -19.98, 87.34],
						"0.875": [-68.78761, 5.10546, -95.88642],
						"1.0833": [-68.79, 5.11, -95.89],
						"1.2917": [0, 0, 0]
					}
				},
				"LeftArm": {
					"rotation": {
						"0.0": [0, 0, 0],
						"0.1667": [-73.2643, 41.26755, 11.21792],
						"0.3333": [-73.26, 41.27, 11.22],
						"1.0833": [-73.26, 41.27, 11.22],
						"1.2917": [0, 0, 0]
					}
				},
				"RightLeg": {
					"rotation": {
						"0.0": [0, 0, 0],
						"0.1667": [-17.35932, 2.24944, 7.15656],
						"0.3333": [-17.36, 2.25, 7.16],
						"0.5": [15.14, 2.25, 7.16],
						"0.6667": [15.14, 2.25, 7.16],
						"0.875": [-27.36, 2.25, 7.16],
						"1.0833": [-27.36, 2.25, 7.16],
						"1.2917": [0, 0, 0]
					}
				},
				"LeftLeg": {
					"rotation": {
						"0.0": [0, 0, 0],
						"0.1667": [15, 0, -7.5],
						"0.3333": [15, 0, -7.5],
						"0.5": [-22.5, 0, -7.5],
						"0.6667": [-22.5, 0, -7.5],
						"0.875": [14.69317, 0.14248, -6.30567],
						"1.0833": [14.69, 0.14, -6.31],
						"1.2917": [0, 0, 0]
					}
				}
			},
			"particle_effects": {
				"0.6667": {
					"effect": "strikingtide2"
				},
				"0.875": {
					"effect": "strikingtide1"
				}
			}
		},
		"animation.water.waterfallbasin": {
			"animation_length": 1.875,
			"bones": {
				"root": {
					"position": {
						"0.0": [0, 0, 0],
						"0.2083": [0, 13, 15],
						"0.5833": [0, 13, 15],
						"0.7917": [0, 0, 15]
					}
				},
				"waist": {
					"rotation": {
						"0.0": [0, 0, 0],
						"0.2083": [-30, 0, 0],
						"0.5833": [-30, 0, 0],
						"0.7917": [47.5, 0, 0]
					}
				},
				"Head": {
					"rotation": {
						"0.0": [0, 0, 0],
						"0.2083": [17.5, 0, 0],
						"0.5833": [17.5, 0, 0]
					}
				},
				"RightArm": {
					"rotation": {
						"0.0": [0, 0, 0],
						"0.2083": [-219.32269, 23.92746, 26.341],
						"0.5833": [-219.32, 23.93, 26.34],
						"0.7917": [-40.42682, -30.78825, -27.2167]
					}
				},
				"LeftArm": {
					"rotation": {
						"0.0": [0, 0, 0],
						"0.2083": [-220.144, -22.32924, -24.25045],
						"0.5833": [-220.14, -22.33, -24.25],
						"0.7917": [-37.75243, 22.11735, 27.90716]
					}
				},
				"RightLeg": {
					"rotation": {
						"0.0": [0, 0, 0],
						"0.2083": [25, 0, 0],
						"0.5833": [25, 0, 0],
						"0.7917": [27.5, 0, 0]
					}
				},
				"LeftLeg": {
					"rotation": {
						"0.0": [0, 0, 0],
						"0.2083": [32.5, 0, 0],
						"0.5833": [32.5, 0, 0],
						"0.7917": [-20, 0, 0]
					},
					"position": {
						"0.0": [0, 0, 0],
						"0.2083": [0, 3, -3],
						"0.5833": [0, 3, -3],
						"0.7917": [0, 0, 0]
					}
				}
			},
			"particle_effects": {
				"0.8333": [
					{
						"effect": "waterfall0"
					},
					{
						"effect": "waterfall1"
					},
					{
						"effect": "waterfall2"
					},
					{
						"effect": "waterfall3"
					},
					{
						"effect": "waterfall4"
					},
					{
						"effect": "waterfall5"
					}
				],
				"0.875": [
					{
						"effect": "waterfall12"
					},
					{
						"effect": "waterfall13"
					},
					{
						"effect": "waterfall14"
					},
					{
						"effect": "waterfall15"
					},
					{
						"effect": "waterfall16"
					},
					{
						"effect": "waterfall17"
					}
				],
				"0.9167": [
					{
						"effect": "waterfall6"
					},
					{
						"effect": "waterfall7"
					},
					{
						"effect": "waterfall8"
					},
					{
						"effect": "waterfall9"
					},
					{
						"effect": "waterfall10"
					},
					{
						"effect": "waterfall11"
					}
				],
				"0.9583": [
					{
						"effect": "waterfall0_1"
					},
					{
						"effect": "waterfall0_2"
					},
					{
						"effect": "waterfall0_3"
					}
				]
			}
		},
		"animation.water.deadcalm": {
			"animation_length": 3.5,
			"bones": {
				"RightArm": {
					"rotation": {
						"0.0": [-123.37758, -61.78995, 86.49956],
						"0.125": [32.9317, -33.95427, 48.41423]
					}
				}
			}
		},
		"animation.water.seiseiruten": {
			"animation_length": 2.41667,
			"override_previous_animation": true,
			"bones": {
				"Head": {
					"rotation": {
						"0.0": [0, 0, 0],
						"0.2083": [10.47479, 17.22575, 3.13388],
						"1.5833": [10.47, 17.23, 3.13],
						"1.6667": [13.08619, -17.07228, -3.90399]
					}
				},
				"RightArm": {
					"rotation": {
						"0.0": [0, 0, 0],
						"0.2083": [-97.69009, 0.95645, -22.48072],
						"1.5833": [-97.69, 0.96, -22.48],
						"1.6667": [-34.32594, -0.94, -89.00578]
					},
					"position": {
						"1.5833": [0, 0, 0],
						"1.6667": [-1, 0, -2]
					}
				},
				"LeftArm": {
					"rotation": {
						"0.0": [0, 0, 0],
						"0.2083": [-42.75772, 51.87369, 53.03615],
						"1.5833": [-42.76, 51.87, 53.04],
						"1.6667": [31.63272, 5.07855, -19.37006]
					},
					"position": {
						"0.0": [0, 0, 0],
						"0.2083": [-2, 1, -3],
						"1.5833": [-2, 1, -3],
						"1.6667": [0, 0, 0]
					}
				},
				"RightLeg": {
					"rotation": {
						"0.0": [0, 0, 0],
						"0.2083": [30, 0, 0],
						"1.5833": [30, 0, 0],
						"1.6667": [-32.5, 0, 0]
					}
				},
				"LeftLeg": {
					"rotation": {
						"0.0": [0, 0, 0],
						"0.2083": [-22.5, 0, 0],
						"1.5833": [-22.5, 0, 0],
						"1.6667": [32.5, 0, 0]
					}
				},
				"waist": {
					"rotation": {
						"0.0": [0, 0, 0],
						"0.2083": [28.06681, 11.06861, 5.84485],
						"1.5833": [28.07, 11.07, 5.84],
						"1.6667": [0, -47.5, 0]
					}
				},
				"root": {
					"rotation": {
						"1.5833": [0, 0, 0],
						"1.875": [0, -370, 0]
					}
				},
				"Locator1": {
					"position": [0, 36, -28]
				},
				"Locator2": {
					"position": [0, 34, -24]
				},
				"Locator": {
					"position": [-12, 19, 25]
				}
			},
			"particle_effects": {
				"0.0833": [
					{
						"effect": "seiseiruten1",
						"locator": "water"
					},
					{
						"effect": "seiseiruten1",
						"locator": "water"
					},
					{
						"effect": "seiseiruten1",
						"locator": "water"
					},
					{
						"effect": "seiseiruten1",
						"locator": "water"
					},
					{
						"effect": "seiseiruten1",
						"locator": "water"
					},
					{
						"effect": "seiseiruten1",
						"locator": "water"
					},
					{
						"effect": "seiseiruten1",
						"locator": "water"
					},
					{
						"effect": "seiseiruten1",
						"locator": "water"
					},
					{
						"effect": "seiseiruten1",
						"locator": "water"
					},
					{
						"effect": "seiseiruten1",
						"locator": "water"
					},
					{
						"effect": "seiseiruten1",
						"locator": "water"
					},
					{
						"effect": "seiseiruten1",
						"locator": "water"
					},
					{
						"effect": "seiseiruten1",
						"locator": "water"
					},
					{
						"effect": "seiseiruten1",
						"locator": "water"
					},
					{
						"effect": "seiseiruten1",
						"locator": "water"
					}
				],
				"0.125": [
					{
						"effect": "seiseiruten2",
						"locator": "water"
					},
					{
						"effect": "seiseiruten2",
						"locator": "water"
					},
					{
						"effect": "seiseiruten2",
						"locator": "water"
					},
					{
						"effect": "seiseiruten2",
						"locator": "water"
					},
					{
						"effect": "seiseiruten2",
						"locator": "water"
					},
					{
						"effect": "seiseiruten2",
						"locator": "water"
					},
					{
						"effect": "seiseiruten2",
						"locator": "water"
					},
					{
						"effect": "seiseiruten2",
						"locator": "water"
					},
					{
						"effect": "seiseiruten2",
						"locator": "water"
					},
					{
						"effect": "seiseiruten2",
						"locator": "water"
					},
					{
						"effect": "seiseiruten2",
						"locator": "water"
					},
					{
						"effect": "seiseiruten2",
						"locator": "water"
					},
					{
						"effect": "seiseiruten2",
						"locator": "water"
					},
					{
						"effect": "seiseiruten2",
						"locator": "water"
					},
					{
						"effect": "seiseiruten2",
						"locator": "water"
					}
				],
				"0.2083": {
					"effect": "watersurface"
				},
				"0.25": {
					"effect": "flowingdance0"
				},
				"0.375": {
					"effect": "flowingdance1"
				},
				"0.4167": {
					"effect": "flowingdance2"
				},
				"0.5417": {
					"effect": "watersurface"
				},
				"0.5833": {
					"effect": "flowingdance0"
				},
				"0.7083": {
					"effect": "flowingdance1"
				},
				"0.75": {
					"effect": "flowingdance2"
				},
				"0.875": {
					"effect": "watersurface"
				},
				"0.9167": {
					"effect": "flowingdance0"
				},
				"1.0417": {
					"effect": "flowingdance1"
				},
				"1.0833": {
					"effect": "flowingdance2"
				},
				"1.2083": {
					"effect": "watersurface"
				},
				"1.25": {
					"effect": "flowingdance0"
				},
				"1.375": {
					"effect": "flowingdance1"
				},
				"1.4167": {
					"effect": "flowingdance2"
				},
				"1.5417": {
					"effect": "watersurface"
				},
				"1.5833": {
					"effect": "flowingdance0"
				},
				"1.7083": {
					"effect": "flowingdance1"
				},
				"1.75": {
					"effect": "flowingdance2"
				},
				"1.875": {
					"effect": "watersurface"
				},
				"1.9167": {
					"effect": "flowingdance0"
				}
			}
		},
		"animation.water.splashingwaterflow": {
			"animation_length": 2.41667,
			"override_previous_animation": true,
			"bones": {
				"Head": {
					"rotation": {
						"0.0": [0, 0, 0],
						"0.2083": [10.47479, 17.22575, 3.13388],
						"1.5833": [10.47, 17.23, 3.13],
						"1.6667": [13.08619, -17.07228, -3.90399]
					}
				},
				"RightArm": {
					"rotation": {
						"0.0": [0, 0, 0],
						"0.2083": [-97.69009, 0.95645, -22.48072],
						"1.5833": [-97.69, 0.96, -22.48],
						"1.6667": [-34.32594, -0.94, -89.00578]
					},
					"position": {
						"1.5833": [0, 0, 0],
						"1.6667": [-1, 0, -2]
					}
				},
				"LeftArm": {
					"rotation": {
						"0.0": [0, 0, 0],
						"0.2083": [-42.75772, 51.87369, 53.03615],
						"1.5833": [-42.76, 51.87, 53.04],
						"1.6667": [31.63272, 5.07855, -19.37006]
					},
					"position": {
						"0.0": [0, 0, 0],
						"0.2083": [-2, 1, -3],
						"1.5833": [-2, 1, -3],
						"1.6667": [0, 0, 0]
					}
				},
				"RightLeg": {
					"rotation": {
						"0.0": [0, 0, 0],
						"0.2083": [30, 0, 0],
						"1.5833": [30, 0, 0],
						"1.6667": [-32.5, 0, 0]
					}
				},
				"LeftLeg": {
					"rotation": {
						"0.0": [0, 0, 0],
						"0.2083": [-22.5, 0, 0],
						"1.5833": [-22.5, 0, 0],
						"1.6667": [32.5, 0, 0]
					}
				},
				"waist": {
					"rotation": {
						"0.0": [0, 0, 0],
						"0.2083": [28.06681, 11.06861, 5.84485],
						"1.5833": [28.07, 11.07, 5.84],
						"1.6667": [0, -47.5, 0]
					}
				},
				"root": {
					"rotation": {
						"1.5833": [0, 0, 0],
						"1.875": [0, -370, 0]
					}
				},
				"Locator1": {
					"position": [0, 36, -28]
				},
				"Locator2": {
					"position": [0, 34, -24]
				},
				"Locator": {
					"position": [-12, 19, 25]
				}
			},
			"particle_effects": {
				"0.25": {
					"effect": "splashingwater"
				},
				"0.3333": {
					"effect": "splashingwater"
				},
				"0.4167": {
					"effect": "splashingwater"
				},
				"0.5": {
					"effect": "splashingwater"
				},
				"0.5833": {
					"effect": "splashingwater"
				},
				"0.6667": {
					"effect": "splashingwater"
				},
				"0.75": {
					"effect": "splashingwater"
				},
				"0.8333": {
					"effect": "splashingwater"
				},
				"0.9167": {
					"effect": "splashingwater"
				},
				"1.0": {
					"effect": "splashingwater"
				},
				"1.0833": {
					"effect": "splashingwater"
				},
				"1.1667": {
					"effect": "splashingwater"
				},
				"1.25": {
					"effect": "splashingwater"
				},
				"1.3333": {
					"effect": "splashingwater"
				},
				"1.4167": {
					"effect": "splashingwater"
				},
				"1.5": {
					"effect": "splashingwater"
				},
				"1.5833": {
					"effect": "splashingwater"
				},
				"1.6667": {
					"effect": "splashingwater"
				},
				"1.875": {
					"effect": "Watersurface"
				}
			}
		},
		"animation.water.whirlpool": {
			"animation_length": 1.20833,
			"bones": {
				"root": {
					"rotation": {
						"0.0": [0, 0, 0],
						"0.5833": [0, 360, 0]
					}
				},
				"waist": {
					"rotation": {
						"0.0": [0, 0, 0],
						"0.25": [15, 0, 0],
						"0.5833": [8.44236, 27.24513, 3.88714]
					}
				},
				"Head": {
					"rotation": {
						"0.4167": [0, 0, 0],
						"0.5833": [0, -25, 0]
					}
				},
				"RightArm": {
					"rotation": {
						"0.0": [0, 0, 0],
						"0.1667": [-101.22868, -28.38343, 84.9791],
						"0.4167": [-101.22868, -28.38343, 84.9791],
						"0.5833": [58.77132, -28.38343, 84.9791]
					}
				},
				"LeftArm": {
					"rotation": {
						"0.0": [0, 0, 0],
						"0.1667": [-71.12294, 30.72472, 16.79004],
						"0.4167": [-71.12294, 30.72472, 16.79004],
						"0.5833": [-70.975, -31.42078, -3.31025]
					}
				},
				"RightLeg": {
					"rotation": {
						"0.0": [0, 0, 0],
						"0.25": [-10, 0, 0],
						"0.5833": [22.19157, -3.81024, 9.25249]
					}
				},
				"LeftLeg": {
					"rotation": {
						"0.0": [0, 0, 0],
						"0.25": [17.5, 0, 0],
						"0.5833": [-24.81197, -3.1622, -6.80423]
					}
				}
			},
			"particle_effects": {
				"0.625": [
					{
						"effect": "whirlpool0"
					},
					{
						"effect": "whirlpool1"
					},
					{
						"effect": "whirlpool2"
					},
					{
						"effect": "whirlpool3"
					},
					{
						"effect": "whirlpool4"
					},
					{
						"effect": "whirlpool5"
					}
				]
			}
		}
	}
}