{"format_version":"1.10.0","minecraft:client_entity":{"description":{"identifier":"yg:seek","materials":{"default":"witch"},"textures":{"default":"textures/entity/doors/yg_seek"},"geometry":{"default":"geometry.yg_seek"},"scripts":{"animate":["move","spawn","general","attack_controllers","looking_at"],"pre_animation":["variable.attack = Math.sin(variable.attack_time * 30.0);"],"scale":"0.7"},"animations":{"attack":"animation.yg_seek.attack","attack_controllers":"controller.animation.yg_seek.attack","general":"controller.animation.yg_seek.general","gazo_general":"animation.yg_seek.general","looking":"animation.yg_seek.looking","looking_at":"controller.animation.yg_seek.looking_at","move":"controller.animation.yg_seek.move","moving":"animation.yg_seek.move","spawn":"animation.yg_seek.spawn"},"render_controllers":["controller.render.witch"],"spawn_egg":{"base_color":"#000000","overlay_color":"#737373"}}}}