{"format_version":"1.10.0","minecraft:client_entity":{"description":{"animations":{"moving":"animation.yg_timothy.move","gazo_general":"animation.yg_timothy.general","running":"animation.yg_timothy.move","climbing":"animation.yg_timothy.climbing","looking":"animation.yg_timothy.looking","attack_controllers":"controller.animation.yg_timothy.attack","attack":"animation.yg_timothy.attack","move":"controller.animation.yg_timothy.move","general":"controller.animation.yg_timothy.general","looking_at":"controller.animation.yg_timothy.looking_at"},"render_controllers":["controller.render.witch"],"identifier":"yg:timothy","materials":{"default":"witch"},"textures":{"default":"textures/entity/doors/yg_timothy"},"geometry":{"default":"geometry.yg_timothy"},"scripts":{"animate":["move","general","attack_controllers","looking_at"],"pre_animation":["variable.attack = Math.sin(variable.attack_time * 30.0);"]},"spawn_egg":{"base_color":"#000000","overlay_color":"#e6d5d5"}}}}