{
  "format_version": "1.8.0",
  "animations": {
    "animation.yg_orange.general": {
      "loop": true,
      "animation_length": 2,
      "bones": {
        "Jaw": {
          "rotation": {
            "0.0": {
              "post": [
                12.5,
                0,
                0
              ],
              "lerp_mode": "catmullrom"
            },
            "1.0": {
              "post": [
                2.5,
                0,
                0
              ],
              "lerp_mode": "catmullrom"
            },
            "2.0": {
              "post": [
                12.5,
                0,
                0
              ],
              "lerp_mode": "catmullrom"
            }
          }
        }
      }
    },
    "animation.yg_orange.looking": {
      "loop": true,
      "animation_length": 0.29167,
      "bones": {
        "Head": {
          "rotation": [
            "query.target_x_rotation-this",
            "query.target_y_rotation-this",
            0
          ]
        }
      }
    },
    "animation.yg_orange.attack": {
      "animation_length": 1,
      "bones": {
        "Head": {
          "rotation": {
            "0.0": [
              9.25249,
              -3.81024,
              22.19157
            ],
            "0.1667": [
              2.5,
              0,
              0
            ],
            "0.25": [
              -5.00133,
              0,
              0
            ],
            "0.2917": [
              10,
              0,
              0
            ],
            "0.5": [
              13.91775,
              2.32012,
              36.16032
            ],
            "0.5833": [
              0.47708,
              -15.95097,
              36.33523
            ],
            "0.6667": [
              13.91775,
              2.32012,
              36.16032
            ],
            "0.75": [
              0.47708,
              -15.95097,
              36.33523
            ],
            "0.8333": [
              0.47708,
              -15.95097,
              36.33523
            ],
            "0.9167": [
              0.47708,
              -15.95097,
              36.33523
            ],
            "1.0": [
              9.25249,
              -3.81024,
              22.19157
            ]
          }
        },
        "Jaw": {
          "rotation": {
            "0.0": [
              0,
              0,
              0
            ],
            "0.2917": [
              35,
              0,
              0
            ],
            "0.9167": [
              35,
              0,
              0
            ],
            "1.0": [
              0,
              0,
              0
            ]
          }
        },
        "Body": {
          "rotation": {
            "0.0": [
              2.5,
              0,
              0
            ],
            "0.25": [
              12.5,
              0,
              0
            ],
            "0.5": [
              2.5,
              0,
              0
            ],
            "0.75": [
              12.5,
              0,
              0
            ],
            "1.0": [
              2.5,
              0,
              0
            ]
          }
        },
        "Rightarm": {
          "rotation": {
            "0.0": [
              0,
              -22.5,
              0
            ],
            "0.5": [
              0,
              -40,
              0
            ],
            "1.0": [
              0,
              -22.5,
              0
            ]
          }
        },
        "Leaftarm": {
          "rotation": {
            "0.0": [
              0,
              17.5,
              0
            ],
            "0.5": [
              0,
              37.5,
              0
            ],
            "1.0": [
              0,
              17.5,
              0
            ]
          }
        }
      }
    },
    "animation.yg_orange.move": {
      "loop": true,
      "animation_length": 1,
      "anim_time_update": "query.modified_distance_moved * 0.1",
      "bones": {
        "Root": {
          "position": {
            "0.0": [
              0,
              -1,
              0
            ],
            "0.25": [
              0,
              0,
              0
            ],
            "0.5": [
              0,
              -1,
              0
            ],
            "0.75": [
              0,
              0,
              0
            ],
            "1.0": [
              0,
              -1,
              0
            ]
          }
        },
        "Body": {
          "rotation": {
            "0.0": {
              "post": [
                7.5,
                0,
                0
              ],
              "lerp_mode": "catmullrom"
            },
            "0.5": {
              "post": [
                5,
                0,
                0
              ],
              "lerp_mode": "catmullrom"
            },
            "1.0": {
              "post": [
                7.5,
                0,
                0
              ],
              "lerp_mode": "catmullrom"
            }
          }
        },
        "Head": {
          "rotation": {
            "0.0": [
              -5,
              0,
              0
            ],
            "0.5": [
              -0.30614,
              -0.98115,
              1.37695
            ],
            "1.0": [
              -5,
              0,
              0
            ]
          }
        },
        "Jaw": {
          "rotation": {
            "0.0": [
              10,
              0,
              0
            ],
            "0.5": [
              5,
              0,
              0
            ],
            "1.0": [
              10,
              0,
              0
            ]
          }
        },
        "Rightarm": {
          "rotation": {
            "0.0": {
              "post": [
                0,
                -5,
                0
              ],
              "lerp_mode": "catmullrom"
            },
            "0.5": {
              "post": [
                0,
                7.5,
                0
              ],
              "lerp_mode": "catmullrom"
            },
            "1.0": {
              "post": [
                0,
                -5,
                0
              ],
              "lerp_mode": "catmullrom"
            }
          }
        },
        "Leaftarm": {
          "rotation": {
            "0.0": {
              "post": [
                0,
                -7.5,
                0
              ],
              "lerp_mode": "catmullrom"
            },
            "0.5": {
              "post": [
                0,
                5,
                0
              ],
              "lerp_mode": "catmullrom"
            },
            "1.0": {
              "post": [
                0,
                -7.5,
                0
              ],
              "lerp_mode": "catmullrom"
            }
          }
        },
        "Rightleg": {
          "rotation": {
            "0.0": {
              "post": [
                25,
                0,
                0
              ],
              "lerp_mode": "catmullrom"
            },
            "0.5": {
              "post": [
                -19.50759,
                -4.37912,
                -0.2642
              ],
              "lerp_mode": "catmullrom"
            },
            "1.0": {
              "post": [
                25,
                0,
                0
              ],
              "lerp_mode": "catmullrom"
            }
          }
        },
        "Leftleg": {
          "rotation": {
            "0.0": {
              "post": [
                -19.50759,
                -4.37912,
                -0.2642
              ],
              "lerp_mode": "catmullrom"
            },
            "0.5": {
              "post": [
                25,
                0,
                0
              ],
              "lerp_mode": "catmullrom"
            },
            "1.0": {
              "post": [
                -19.50759,
                -4.37912,
                -0.2642
              ],
              "lerp_mode": "catmullrom"
            }
          }
        }
      }
    }
  }
}