{
  "format_version": "1.8.0",
  "animations": {
    "animation.yg_purplefm.general": {
      "loop": true,
      "bones": {
        "Head": {
          "rotation": [
            -12.5,
            0,
            0
          ]
        },
        "Body4": {
          "rotation": [
            10,
            0,
            0
          ]
        },
        "Body3": {
          "rotation": [
            10,
            0,
            0
          ]
        },
        "Body2": {
          "rotation": [
            15,
            0,
            0
          ]
        },
        "Body": {
          "rotation": [
            -10,
            0,
            0
          ]
        },
        "Rightarm": {
          "rotation": [
            0,
            -12.5,
            0
          ]
        },
        "bone5": {
          "rotation": [
            49.96501,
            -74.15389,
            -52.15232
          ]
        },
        "bone6": {
          "rotation": [
            23.24122,
            -51.37417,
            -28.79789
          ]
        },
        "bone7": {
          "rotation": [
            91.52251,
            1.98315,
            -52.47365
          ]
        },
        "Leftarm": {
          "rotation": [
            111.81491,
            32.87267,
            59.91562
          ]
        },
        "bone8": {
          "rotation": [
            0,
            7.5,
            0
          ]
        },
        "bone9": {
          "rotation": [
            0,
            5,
            0
          ]
        },
        "bone10": {
          "rotation": [
            0,
            -65,
            0
          ]
        },
        "Leftleg": {
          "rotation": [
            8.23761,
            12.98137,
            -26.9889
          ]
        },
        "bone11": {
          "rotation": [
            0,
            0,
            42.5
          ]
        },
        "bone12": {
          "rotation": [
            0,
            0,
            47.5
          ]
        },
        "bone13": {
          "rotation": [
            -4.39212,
            -3.48269,
            -57.11596
          ]
        },
        "Rightleg": {
          "rotation": [
            -12.04335,
            -33.32005,
            30.59329
          ]
        },
        "bone14": {
          "rotation": [
            0,
            0,
            -50
          ]
        },
        "bone15": {
          "rotation": [
            0,
            0,
            -47.5
          ]
        },
        "bone16": {
          "rotation": [
            -0.30316,
            1.23924,
            64.83132
          ]
        }
      }
    },
    "animation.yg_purplefm.attack": {
      "animation_length": 0.5,
      "bones": {
        "Head": {
          "rotation": {
            "0.0": [
              -12.5,
              0,
              0
            ],
            "0.1667": [
              -67.5,
              0,
              0
            ],
            "0.3333": [
              -30,
              0,
              0
            ],
            "0.5": [
              -12.5,
              0,
              0
            ]
          }
        },
        "Body4": {
          "rotation": {
            "0.0": [
              10,
              0,
              0
            ],
            "0.1667": [
              -12.5,
              0,
              0
            ],
            "0.3333": [
              42.5,
              0,
              0
            ],
            "0.5": [
              10,
              0,
              0
            ]
          }
        },
        "Body3": {
          "rotation": {
            "0.0": [
              10,
              0,
              0
            ],
            "0.1667": [
              -10,
              0,
              0
            ],
            "0.3333": [
              40,
              0,
              0
            ],
            "0.5": [
              10,
              0,
              0
            ]
          }
        },
        "Body2": {
          "rotation": {
            "0.0": [
              15,
              0,
              0
            ],
            "0.1667": [
              -7.5,
              0,
              0
            ],
            "0.3333": [
              30,
              0,
              0
            ],
            "0.5": [
              15,
              0,
              0
            ]
          }
        },
        "Body": {
          "rotation": {
            "0.0": [
              -10,
              0,
              0
            ],
            "0.5": [
              -10,
              0,
              0
            ]
          }
        },
        "Rightarm": {
          "rotation": {
            "0.0": [
              0,
              -12.5,
              0
            ],
            "0.1667": [
              -44.00703,
              -10.54529,
              -10.72858
            ],
            "0.3333": [
              -94.57267,
              -30.49062,
              -9.13926
            ],
            "0.5": [
              0,
              -12.5,
              0
            ]
          }
        },
        "bone5": {
          "rotation": {
            "0.0": [
              49.96501,
              -74.15389,
              -52.15232
            ],
            "0.1667": [
              0,
              0,
              -37.5
            ],
            "0.3333": [
              0,
              0,
              -62.5
            ],
            "0.5": [
              49.96501,
              -74.15389,
              -52.15232
            ]
          }
        },
        "bone6": {
          "rotation": {
            "0.0": [
              23.24122,
              -51.37417,
              -28.79789
            ],
            "0.1667": [
              -90,
              0,
              -37.5
            ],
            "0.3333": [
              -90,
              0,
              -62.5
            ],
            "0.5": [
              23.24122,
              -51.37417,
              -28.79789
            ]
          }
        },
        "bone7": {
          "rotation": {
            "0.0": [
              91.52251,
              1.98315,
              -52.47365
            ],
            "0.1667": [
              -189.13039,
              -34.65749,
              5.22206
            ],
            "0.3333": [
              -360,
              30,
              0
            ],
            "0.5": [
              91.52251,
              1.98315,
              -52.47365
            ]
          }
        },
        "Leftarm": {
          "rotation": {
            "0.0": [
              111.81491,
              32.87267,
              59.91562
            ],
            "0.1667": [
              0,
              15,
              0
            ],
            "0.3333": [
              -9.09255,
              23.93633,
              29.95781
            ],
            "0.5": [
              111.81491,
              32.87267,
              59.91562
            ]
          }
        },
        "bone8": {
          "rotation": {
            "0.0": [
              0,
              7.5,
              0
            ],
            "0.1667": [
              0,
              30,
              0
            ],
            "0.3333": [
              0,
              50,
              0
            ],
            "0.5": [
              0,
              7.5,
              0
            ]
          }
        },
        "bone9": {
          "rotation": {
            "0.0": [
              0,
              5,
              0
            ],
            "0.1667": [
              0,
              35,
              0
            ],
            "0.3333": [
              0,
              90,
              0
            ],
            "0.5": [
              0,
              5,
              0
            ]
          }
        },
        "bone10": {
          "rotation": {
            "0.0": [
              0,
              -65,
              0
            ],
            "0.1667": [
              0,
              -22.5,
              0
            ],
            "0.3333": [
              0,
              -13.75,
              0
            ],
            "0.5": [
              0,
              -65,
              0
            ]
          }
        },
        "Leftleg": {
          "rotation": [
            8.23761,
            12.98137,
            -26.9889
          ]
        },
        "bone11": {
          "rotation": [
            0,
            0,
            42.5
          ]
        },
        "bone12": {
          "rotation": [
            0,
            0,
            47.5
          ]
        },
        "bone13": {
          "rotation": [
            -4.39212,
            -3.48269,
            -57.11596
          ]
        },
        "Rightleg": {
          "rotation": [
            -12.04335,
            -33.32005,
            30.59329
          ]
        },
        "bone14": {
          "rotation": [
            0,
            0,
            -50
          ]
        },
        "bone15": {
          "rotation": [
            0,
            0,
            -47.5
          ]
        },
        "bone16": {
          "rotation": [
            -0.30316,
            1.23924,
            64.83132
          ]
        },
        "bone": {
          "rotation": {
            "0.0": [
              0,
              0,
              0
            ],
            "0.1667": [
              -45,
              0,
              0
            ],
            "0.3333": [
              -70,
              0,
              0
            ],
            "0.5": [
              0,
              0,
              0
            ]
          }
        }
      }
    },
    "animation.yg_purplefm.looking": {
      "loop": true,
      "bones": {
        "Head": {
          "rotation": [
            "query.target_x_rotation-this",
            "query.target_y_rotation-this",
            0
          ]
        }
      }
    },
    "animation.yg_purplefm.move": {
      "loop": true,
      "animation_length": 1,
      "anim_time_update": "query.modified_distance_moved * 0.1",
      "bones": {
        "Head": {
          "rotation": [
            -85,
            0,
            0
          ]
        },
        "Body4": {
          "rotation": [
            5,
            0,
            0
          ]
        },
        "Body3": {
          "rotation": [
            10,
            0,
            0
          ]
        },
        "Body2": {
          "rotation": [
            -22.5,
            0,
            0
          ]
        },
        "Body": {
          "rotation": [
            87.5,
            0,
            0
          ],
          "position": [
            0,
            0,
            6
          ]
        },
        "Rightarm": {
          "rotation": {
            "0.0": {
              "post": [
                14.72765,
                31.63886,
                7.85085
              ],
              "lerp_mode": "catmullrom"
            },
            "0.1667": {
              "post": [
                45.68718,
                72.39303,
                44.31282
              ],
              "lerp_mode": "catmullrom"
            },
            "0.3333": {
              "post": [
                19.87297,
                65.54884,
                63.73651
              ],
              "lerp_mode": "catmullrom"
            },
            "0.5": {
              "post": [
                8.70532,
                21.61916,
                48.75188
              ],
              "lerp_mode": "catmullrom"
            },
            "0.6667": {
              "post": [
                14.72765,
                31.63886,
                7.85085
              ],
              "lerp_mode": "catmullrom"
            }
          }
        },
        "bone5": {
          "rotation": [
            0,
            -72.5,
            0
          ]
        },
        "bone6": {
          "rotation": [
            0,
            -35,
            0
          ]
        },
        "bone7": {
          "rotation": [
            0,
            70,
            0
          ]
        },
        "Leftarm": {
          "rotation": {
            "0.3333": {
              "post": [
                14.72765,
                -31.63886,
                -7.85085
              ],
              "lerp_mode": "catmullrom"
            },
            "0.5": {
              "post": [
                32.95098,
                -66.55151,
                -30.73838
              ],
              "lerp_mode": "catmullrom"
            },
            "0.6667": {
              "post": [
                15.57626,
                -58.3989,
                -58.8791
              ],
              "lerp_mode": "catmullrom"
            },
            "0.8333": {
              "post": [
                8.70532,
                -21.61916,
                -48.75188
              ],
              "lerp_mode": "catmullrom"
            },
            "1.0": {
              "post": [
                14.72765,
                -31.63886,
                -7.85085
              ],
              "lerp_mode": "catmullrom"
            }
          }
        },
        "bone8": {
          "rotation": [
            0,
            65,
            0
          ]
        },
        "bone9": {
          "rotation": [
            0,
            40,
            0
          ]
        },
        "bone10": {
          "rotation": [
            0,
            -72.5,
            0
          ]
        },
        "Leftleg": {
          "rotation": {
            "0.0": {
              "post": [
                -90,
                -42.5,
                0
              ],
              "lerp_mode": "catmullrom"
            },
            "0.1667": {
              "post": [
                -90,
                -82.5,
                0
              ],
              "lerp_mode": "catmullrom"
            },
            "0.3333": {
              "post": [
                -91.57195,
                -81.44055,
                -23.42034
              ],
              "lerp_mode": "catmullrom"
            },
            "0.5": {
              "post": [
                -90.31207,
                -41.4433,
                -24.76824
              ],
              "lerp_mode": "catmullrom"
            },
            "0.6667": {
              "post": [
                -90,
                -42.5,
                0
              ],
              "lerp_mode": "catmullrom"
            }
          }
        },
        "bone11": {
          "rotation": [
            0,
            0,
            60
          ]
        },
        "bone12": {
          "rotation": [
            0,
            0,
            50
          ]
        },
        "bone13": {
          "rotation": [
            0,
            0,
            -65
          ]
        },
        "Rightleg": {
          "rotation": {
            "0.3333": {
              "post": [
                -90,
                32.5,
                0
              ],
              "lerp_mode": "catmullrom"
            },
            "0.5": {
              "post": [
                -90,
                67.5,
                0
              ],
              "lerp_mode": "catmullrom"
            },
            "0.6667": {
              "post": [
                -90.29273,
                66.74818,
                17.21389
              ],
              "lerp_mode": "catmullrom"
            },
            "0.8333": {
              "post": [
                -90.1359,
                31.74838,
                17.41134
              ],
              "lerp_mode": "catmullrom"
            },
            "1.0": {
              "post": [
                -90,
                32.5,
                0
              ],
              "lerp_mode": "catmullrom"
            }
          }
        },
        "bone14": {
          "rotation": [
            0,
            0,
            -52.5
          ]
        },
        "bone15": {
          "rotation": [
            0,
            0,
            -30
          ]
        },
        "bone16": {
          "rotation": [
            0,
            0,
            50
          ]
        }
      }
    }
  }
}