{
  "format_version": "1.8.0",
  "animations": {
    "animation.yg_purple.general": {
      "loop": true,
      "animation_length": 2,
      "bones": {
        "Rightarm": {
          "rotation": {
            "0.0": [
              -2.5,
              0,
              0
            ],
            "1.0": [
              -7.5,
              0,
              0
            ],
            "2.0": [
              -2.5,
              0,
              0
            ]
          },
          "position": {
            "0.0": [
              0,
              0,
              1
            ],
            "1.0": [
              0,
              0,
              0
            ],
            "2.0": [
              0,
              0,
              1
            ]
          }
        },
        "Leaftarm": {
          "rotation": {
            "0.0": [
              -5,
              0,
              0
            ],
            "1.0": [
              0,
              0,
              0
            ],
            "2.0": [
              -5,
              0,
              0
            ]
          },
          "position": {
            "0.0": [
              0,
              0,
              -1
            ],
            "1.0": [
              0,
              0,
              1
            ],
            "2.0": [
              0,
              0,
              -1
            ]
          }
        }
      }
    },
    "animation.yg_purple.attack": {
      "animation_length": 1,
      "bones": {
        "Rightarm": {
          "rotation": {
            "0.0": [
              0,
              0,
              0
            ],
            "0.25": [
              -7.5,
              0,
              0
            ],
            "0.5": [
              -23.33333,
              0,
              0
            ],
            "0.75": [
              5,
              0,
              0
            ],
            "1.0": [
              0,
              0,
              0
            ]
          },
          "position": {
            "0.0": [
              0,
              0,
              11
            ],
            "0.4167": [
              0,
              0,
              0
            ],
            "0.5833": [
              0,
              0,
              -6
            ],
            "1.0": [
              0,
              0,
              11
            ]
          }
        },
        "Leaftarm": {
          "rotation": {
            "0.0": [
              0,
              0,
              0
            ],
            "0.25": [
              -10,
              0,
              0
            ],
            "0.5": [
              -20,
              0,
              0
            ],
            "0.75": [
              5,
              0,
              0
            ],
            "1.0": [
              0,
              0,
              0
            ]
          },
          "position": {
            "0.0": [
              0,
              0,
              11
            ],
            "0.4167": [
              0,
              0,
              2
            ],
            "0.5833": [
              0,
              0,
              -6
            ],
            "1.0": [
              0,
              0,
              11
            ]
          }
        },
        "Vent2": {
          "rotation": {
            "0.0": [
              0,
              0,
              0
            ],
            "0.25": [
              0,
              0,
              0
            ],
            "0.4167": [
              87.5,
              0,
              0
            ],
            "0.9167": [
              87.5,
              0,
              0
            ],
            "1.0": [
              0,
              0,
              0
            ]
          }
        }
      }
    }
  }
}