{
  "format_version": "1.8.0",
  "animations": {
    "animation.yg_pink.general": {
      "loop": true,
      "animation_length": 2,
      "bones": {
        "Body": {
          "position": {
            "0.0": {
              "post": [
                0,
                -2,
                0
              ],
              "lerp_mode": "catmullrom"
            },
            "1.0": {
              "post": [
                0,
                0,
                0
              ],
              "lerp_mode": "catmullrom"
            },
            "2.0": {
              "post": [
                0,
                -2,
                0
              ],
              "lerp_mode": "catmullrom"
            }
          }
        },
        "Rightleg": {
          "rotation": {
            "0.0": {
              "post": [
                0,
                0,
                7.5
              ],
              "lerp_mode": "catmullrom"
            },
            "1.0": {
              "post": [
                0,
                0,
                -2.5
              ],
              "lerp_mode": "catmullrom"
            },
            "2.0": {
              "post": [
                0,
                0,
                7.5
              ],
              "lerp_mode": "catmullrom"
            }
          }
        },
        "Leftleg": {
          "rotation": {
            "0.0": {
              "post": [
                0,
                0,
                -7.5
              ],
              "lerp_mode": "catmullrom"
            },
            "1.0": {
              "post": [
                0,
                0,
                2.5
              ],
              "lerp_mode": "catmullrom"
            },
            "2.0": {
              "post": [
                0,
                0,
                -7.5
              ],
              "lerp_mode": "catmullrom"
            }
          }
        },
        "Root": {
          "position": {
            "0.0": [
              0,
              -1,
              0
            ],
            "1.0": [
              0,
              0,
              0
            ],
            "2.0": [
              0,
              -1,
              0
            ]
          }
        }
      }
    },
    "animation.yg_pink.move": {
      "loop": true,
      "animation_length": 1,
      "anim_time_update": "query.modified_distance_moved * 0.1",
      "bones": {
        "Body": {
          "position": [
            0,
            -1,
            0
          ]
        },
        "Rightleg": {
          "rotation": {
            "0.0": {
              "post": [
                -20,
                0,
                0
              ],
              "lerp_mode": "catmullrom"
            },
            "0.5": {
              "post": [
                27.5,
                0,
                0
              ],
              "lerp_mode": "catmullrom"
            },
            "0.75": [
              0,
              0,
              0
            ],
            "1.0": {
              "post": [
                -20,
                0,
                0
              ],
              "lerp_mode": "catmullrom"
            }
          }
        },
        "Leftleg": {
          "rotation": {
            "0.0": {
              "post": [
                27.5,
                0,
                0
              ],
              "lerp_mode": "catmullrom"
            },
            "0.25": [
              0,
              0,
              0
            ],
            "0.5": {
              "post": [
                -20,
                0,
                0
              ],
              "lerp_mode": "catmullrom"
            },
            "1.0": {
              "post": [
                27.5,
                0,
                0
              ],
              "lerp_mode": "catmullrom"
            }
          }
        },
        "Root": {
          "position": {
            "0.0": [
              0,
              -1,
              0
            ],
            "0.25": [
              0,
              1,
              0
            ],
            "0.5": [
              0,
              -1,
              0
            ],
            "0.75": [
              0,
              1,
              0
            ],
            "1.0": [
              0,
              -1,
              0
            ]
          }
        }
      }
    },
    "animation.yg_pink.attack": {
      "animation_length": 0.58333,
      "bones": {
        "Body": {
          "rotation": {
            "0.0": [
              0,
              0,
              0
            ],
            "0.1667": [
              -20,
              0,
              0
            ],
            "0.3333": [
              45,
              0,
              0
            ],
            "0.5": [
              57.5,
              0,
              0
            ],
            "0.5833": [
              0,
              0,
              0
            ]
          }
        },
        "Mouth": {
          "position": [
            0,
            0,
            0
          ],
          "scale": {
            "0.0": [
              1,
              1,
              1
            ],
            "0.1667": [
              1.7,
              1,
              1
            ],
            "0.3333": [
              2.5,
              3.3,
              1
            ],
            "0.5": [
              1,
              1,
              1
            ],
            "0.5833": [
              1,
              1,
              1
            ]
          }
        }
      }
    }
  }
}