{"entity_sounds":{"entities":{"yg:zero":{"events":{"ambient":"mob.yg_zero.ambient"},"pitch":[1],"volume":50},"yg:one":{"events":{"ambient":"mob.yg_one.ambient"},"pitch":[1],"volume":50},"yg:two":{"events":{"ambient":"mob.yg_two.ambient"},"pitch":[1],"volume":50},"yg:three":{"events":{"ambient":"mob.yg_three.ambient"},"pitch":[1],"volume":50},"yg:four":{"events":{"ambient":"mob.yg_four.ambient"},"pitch":[1],"volume":50},"yg:five":{"events":{"ambient":"mob.yg_five.ambient"},"pitch":[1],"volume":50},"yg:six":{"events":{"ambient":"mob.yg_six.ambient"},"pitch":[1],"volume":50},"yg:seven":{"events":{"ambient":"mob.yg_seven.ambient"},"pitch":[1],"volume":50},"yg:eight":{"events":{"ambient":"mob.yg_eight.ambient"},"pitch":[1],"volume":50},"yg:nine":{"events":{"ambient":"mob.yg_nine.ambient"},"pitch":[1],"volume":50},"yg:ten":{"events":{"ambient":"mob.yg_ten.ambient"},"pitch":[1],"volume":50}}}}