{
	"format_version": "1.12.0",
	"minecraft:geometry": [
		{
			"description": {
				"identifier": "geometry.ic_lighter",
				"texture_width": 32,
				"texture_height": 32,
				"visible_bounds_width": 2,
				"visible_bounds_height": 1.5,
				"visible_bounds_offset": [0, 0.25, 0]
			},
			"bones": [
				{
					"name": "rightitem",
					"pivot": [0, 0, 0],
					"cubes": [
						{"origin": [-1, 0, -2], "size": [2, 3, 3], "uv": [0, 6]},
						{"origin": [0, 2.75, -1], "size": [0, 1, 1], "uv": [0, 6]},
						{
							"origin": [-0.75, 0.25, -1.75],
							"size": [1.5, 3, 2.5],
							"uv": {
								"north": {"uv": [3, 3], "uv_size": [2, 3]},
								"east": {"uv": [0, 3], "uv_size": [3, 3]},
								"south": {"uv": [8, 3], "uv_size": [2, 3]},
								"west": {"uv": [5, 3], "uv_size": [3, 3]},
								"up": {"uv": [3, 0], "uv_size": [2, 3]},
								"down": {"uv": [5, 3], "uv_size": [2, -3]}
							}
						}
					],
					"locators": {
						"locator": [0, 3.5, -0.5]
					}
				},
				{
					"name": "lid",
					"parent": "rightitem",
					"pivot": [0, 3, -2],
					"rotation": [0, 0, 0],
					"cubes": [
						{"origin": [-1, 3, -2], "size": [2, 2, 3], "uv": [7, 3]}
					]
				},
				{
					"name": "flame",
					"parent": "rightitem",
					"pivot": [0, 3, -0.5],
					"cubes": [
						{
							"origin": [0, 3, -1.5],
							"size": [0, 3, 2],
							"pivot": [0, 4.5, -0.5],
							"rotation": [0, -140, 0],
							"uv": {
								"north": {"uv": [5, 18], "uv_size": [0, 7]},
								"east": {"uv": [0, 18], "uv_size": [5, 7]},
								"south": {"uv": [10, 18], "uv_size": [0, 7]},
								"west": {"uv": [5, 18], "uv_size": [5, 7]},
								"up": {"uv": [5, 13], "uv_size": [0, 5]},
								"down": {"uv": [5, 18], "uv_size": [0, -5]}
							}
						},
						{
							"origin": [0, 3, -1.5],
							"size": [0, 3, 2],
							"pivot": [0, 4.5, -0.5],
							"rotation": [0, -37.5, 0],
							"uv": {
								"north": {"uv": [5, 18], "uv_size": [0, 7]},
								"east": {"uv": [0, 18], "uv_size": [5, 7]},
								"south": {"uv": [10, 18], "uv_size": [0, 7]},
								"west": {"uv": [5, 18], "uv_size": [5, 7]},
								"up": {"uv": [5, 13], "uv_size": [0, 5]},
								"down": {"uv": [5, 18], "uv_size": [0, -5]}
							}
						},
						{
							"origin": [-0.5, 3, -1],
							"size": [0, 3, 2],
							"pivot": [0, 4, 0],
							"rotation": [0, -90, 0],
							"uv": {
								"north": {"uv": [5, 18], "uv_size": [0, 7]},
								"east": {"uv": [0, 18], "uv_size": [5, 7]},
								"south": {"uv": [10, 18], "uv_size": [0, 7]},
								"west": {"uv": [5, 18], "uv_size": [5, 7]},
								"up": {"uv": [5, 13], "uv_size": [0, 5]},
								"down": {"uv": [5, 18], "uv_size": [0, -5]}
							}
						}
					]
				}
			]
		}
	]
}