{
	"format_version": "1.10.0",
	"animation_controllers": {
	"controller.animation.a90": {
		"initial_state": "default",
		"states": {
		  "default": {
			"transitions": [
			  {
				"trigger": "q.is_alive && q.count(query.get_nearby_entities(15, 'ic:a90')) > 0"
			  }
			]
		  },
		  "trigger": {
			"animations": [
			    "wait"
			 ], 
			"transitions": [
			  {
				"attack": "q.count(query.get_nearby_entities(15, 'ic:a90')) > 0 && query.is_item_name_any('slot.armor.feet','minecraft:chainmail_boots') && query.is_moving"
			  },
			{
				"default": "!query.is_item_name_any('slot.armor.feet','minecraft:chainmail_boots') && q.count(query.get_nearby_entities(15, 'ic:a90')) <= 0"
			  }
			]
		  },
		"attack": {
			"animations": [
			    "attack"
			 ], 
			"transitions": [
			{
				"default": "query.any_animation_finished"
			  }
			]
		  }
		}
	  } 
	}
}