{
	"format_version" : "1.17.30",
	"animation_controllers" : {
	"controller.animation.ic_candle": {
	"initial_state": "default",
	"states": {
		"default": {
		"animations": [
				"close",
				"close_default" 
			],
		"transitions": [{
							"ic_ignite": "query.is_item_name_any('slot.armor.head','minecraft:sand')"
						 }
		],
		"blend_transition": 0.0
	  },
	  "ic_ignite": {
		"animations": [
			"open",
			"open_default"  
		],
		"transitions": [{
				"default": "!query.is_item_name_any('slot.armor.head','minecraft:sand')"
		}
		],
		"blend_transition": 0.0   
	}
                  }
                }
			}
		}