{
  "resource_pack_name": "Addon Maker Resource",
  "texture_name": "atlas.items",
  "texture_data": {
    "egg_camel": {
      "textures": "textures/items/egg_camel"
    },
    "egg_lion": {
      "textures": "textures/items/egg_lion"
    },
    "egg_penguin": {
      "textures": "textures/items/egg_penguin"
    },
    "egg_tiger": {
      "textures": "textures/items/egg_tiger"
    },
    "egg_elephant": {
      "textures": "textures/items/egg_elephant"
    },
    "egg_deer": {
      "textures": "textures/items/egg_deer"
    },
    "egg_panther": {
      "textures": "textures/items/egg_panther"
    },
    "egg_frog": {
      "textures": "textures/items/egg_frog"
    },
    "egg_crocodile": {
      "textures": "textures/items/egg_crocodile"
    },
    "egg_mouse": {
      "textures": "textures/items/egg_mouse"
    },
    "gallardo": {
      "textures": "textures/items/gallardo"
    },
    "bench": {
      "textures": "textures/items/bench"
    },
    "christmas_tree": {
      "textures": "textures/items/christmas_tree"
    },
    "tivi": {
      "textures": "textures/items/tivi"
    },
    "closet": {
      "textures": "textures/items/closet"
    },
    "laptop": {
      "textures": "textures/items/laptop"
    },
    "piano": {
      "textures": "textures/items/piano"
    },
    "armchairs": {
      "textures": "textures/items/armchairs"
    },
    "chair": {
      "textures": "textures/items/chair"
    },
    "big_table": {
      "textures": "textures/items/big_table"
    },
    "small_table": {
      "textures": "textures/items/small_table"
    },
    "drone": {
      "textures": "textures/items/drone"
    },
    "colorful_gifts": {
      "textures": "textures/items/colorful_gifts"
    },
    "pa:villager_with_playerdevi_model": {
      "textures": "textures/items/pamobile/pa_villager_with_playerdevi_model"
    },
    "pa:villager_with_playerdzul_model": {
      "textures": "textures/items/pamobile/pa_villager_with_playerdzul_model"
    },
    "pa:villager_with_playerehsan_model": {
      "textures": "textures/items/pamobile/pa_villager_with_playerehsan_model"
    },
    "pa:villager_with_playerjarjit_model": {
      "textures": "textures/items/pamobile/pa_villager_with_playerjarjit_model"
    },
    "pa:villager_with_playerfizi_model": {
      "textures": "textures/items/pamobile/pa_villager_with_playerfizi_model"
    },
    "pa:villager_with_playermelati_model": {
      "textures": "textures/items/pamobile/pa_villager_with_playermelati_model"
    },
    "pa:villager_with_playerjasmin_model": {
      "textures": "textures/items/pamobile/pa_villager_with_playerjasmin_model"
    },
    "pa:villager_with_playeripin_model": {
      "textures": "textures/items/pamobile/pa_villager_with_playeripin_model"
    },
    "pa:villager_with_playerijat_model": {
      "textures": "textures/items/pamobile/pa_villager_with_playerijat_model"
    },
    "pa:villager_with_playerkakros_model": {
      "textures": "textures/items/pamobile/pa_villager_with_playerkakros_model"
    },
    "pa:villager_with_playermail_model": {
      "textures": "textures/items/pamobile/pa_villager_with_playermail_model"
    },
    "pa:villager_with_playermeimei_model": {
      "textures": "textures/items/pamobile/pa_villager_with_playermeimei_model"
    },
    "pa:villager_with_playeropah_model": {
      "textures": "textures/items/pamobile/pa_villager_with_playeropah_model"
    },
    "pa:villager_with_playersalleh_model": {
      "textures": "textures/items/pamobile/pa_villager_with_playersalleh_model"
    },
    "pa:villager_with_playersusanti_model": {
      "textures": "textures/items/pamobile/pa_villager_with_playersusanti_model"
    },
    "pa:villager_with_playertokdalang_model": {
      "textures": "textures/items/pamobile/pa_villager_with_playertokdalang_model"
    },
    "pa:villager_with_playerunclemuthu_model": {
      "textures": "textures/items/pamobile/pa_villager_with_playerunclemuthu_model"
    },
    "pa:villager_with_playerupin_model": {
      "textures": "textures/items/pamobile/pa_villager_with_playerupin_model"
    }
  }
}