{
	"format_version": "1.8.0",
	"animations": {
		"animation.banned.mob": {
			"animation_length": 12,
			"bones": {
				"bone": {
					"position": {
						"0.0": [0, 0, 0],
						"2.7083": [0, 0.97, 0],
						"3.75": [0, 59.81, 0],
						"6.0": [0, 89.97, 0],
						"6.5": [0, -61, 0],
						"6.75": [0, -61, 0],
						"12.0": [0, -2864, 0]
					}
				},
				"bone2": {
					"position": {
						"0.0": [0, 0, 0],
						"2.7083": [0, 0.97, 0],
						"3.75": [0, 59.81, 0],
						"6.0": [0, 89.97, 0],
						"6.5": [0, -61, 0],
						"6.75": [0, -61, 0],
						"12.0": [0, -2864, 0]
					}
				},
				"eye": {
					"position": {
						"0.0": [0, 0, 0],
						"2.7083": [0, 0.97, 0],
						"3.75": [0, 59.81, 0],
						"6.0": [0, 89.97, 0],
						"6.5": [0, -61, 0],
						"6.75": [0, -61, 0],
						"12.0": [0, -2864, 0]
					}
				}
			}
		}
	}
}