{
	"format_version": "1.8.0",
	"animations": {
		"animation.crucifix.fst": {
			"loop": true,
			"animation_length": 7.16667,
			"bones": {
				"Crucifix": {
					"rotation": {
						"0.0": [0, -132.5, 0],
						"7.1667": [0, -1330, 0]
					},
					"scale": {
						"7.0417": [1, 1, 1],
						"7.1667": [0, 1, 0.1]
					}
				},
				"Cross": {
					"rotation": {
						"0.0": [0, -337.5, 0],
						"6.8333": [0, -1075, 0]
					},
					"scale": {
						"6.8333": [1, 1, 1],
						"7.0": [0, 0, 1]
					}
				}
			}
		}
	}
}