{
  "format_version": "1.16.100",
  "minecraft:fog_settings": {
      "description": {
        "identifier": "vocktilesfog:custom_fog_desert"
      },
      "distance": {
      "air": {
		"fog_start": 0,
		"fog_end": 1.8,
		"fog_color": "#fffdc3",
		"render_distance_type": "render"
	  },
      "water": {
        "fog_start": 0,
        "fog_end": 96,
        "fog_color": "#4df6ff",
        "render_distance_type": "fixed"
	  },
	  "weather": {
		"fog_start": 0,
		"fog_end": 144,
		"fog_color": "#fffdc3",
		"render_distance_type": "fixed"
      }
    }
  }
}