{
  "format_version": "1.16.100",
  "minecraft:fog_settings": {
      "description": {
        "identifier": "vocktilesfog:custom_fog_lukewarm_ocean"
      },
      "distance": {
      "air": {
		"fog_start": 0,
		"fog_end": 1.8,
		"fog_color": "#96deff",
		"render_distance_type": "render"
	  },
	  "water": {
        "fog_start": 0,
        "fog_end": 96,
        "fog_color": "#3aace0",
        "render_distance_type": "fixed"
	  },
	  "weather": {
		"fog_start": 0,
		"fog_end": 112,
		"fog_color": "#96deff",
		"render_distance_type": "fixed"  
      }
    }
  }
}