{"format_version":"1.10.0","minecraft:client_entity":{"description":{"animations":{"extermination":"animation.entity.extermination","general":"animation.ambush.general"},"geometry":{"default":"geometry.ambush"},"identifier":"roy:ambush","materials":{"default":"witch"},"particle_effects":{"rush":"roy:ambush_particle"},"particle_effects":{"ambush":"roy:ambush_particle"},"render_controllers":["controller.render.witch"],"scripts":{"animate":["general",{"extermination":"query.is_riding"}]},"spawn_egg":{"base_color":"#2B2B2B","overlay_color":"#4B4B4B"},"textures":{"default":"textures/entity/ambush"}}}}