{"format_version":"1.10.0","minecraft:client_entity":{"description":{"animations":{"crucifix":"controller.animation.crucifix","fail":"animation.crucifix.fail","success":"animation.crucifix.success"},"geometry":{"default":"geometry.crucifix"},"identifier":"roy:crucifix_chain","materials":{"default":"enderman"},"particle_effects":{"blue":"roy:crucifix_blue","red":"roy:crucifix_red"},"render_controllers":["controller.render.witch"],"scripts":{"animate":["crucifix"]},"spawn_egg":{"base_color":"#A50B0B","overlay_color":"#480808"},"textures":{"default":"textures/entity/crucifix"}}}}