{"format_version":"1.10.0","minecraft:client_entity":{"description":{"animations":{"attack":"animation.figure.js","attack_controllers":"controller.animation.figure.attack","general":"animation.figure.general","general_controllers":"controller.animation.figure.general","look":"animation.common.look_at_target","move":"controller.animation.figure.move","moving":"animation.figure.move"},"geometry":{"default":"geometry.figure"},"identifier":"roy:figure","materials":{"default":"witch"},"render_controllers":["controller.render.witch"],"scripts":{"animate":["move","general_controllers","attack_controllers","look"],"pre_animation":["variable.attack = Math.sin(variable.attack_time * 30.0);"],"scale":"0.8"},"spawn_egg":{"base_color":"#5C231D","overlay_color":"#A67467"},"textures":{"default":"textures/entity/figure"}}}}