{"format_version":"1.10.0","minecraft:client_entity":{"description":{"animations":{"attack":"animation.glitch.js","attack_controllers":"controller.animation.glitch.attack","extermination":"animation.glitch.notdestroyed","general":"animation.glitch.pose","move":"controller.animation.glitch.move","moving":"animation.glitch.running"},"geometry":{"default":"geometry.glitch"},"identifier":"roy:glitch","materials":{"default":"witch"},"particle_effects":{"glitch":"roy:glitch_particle"},"render_controllers":["controller.render.witch"],"scripts":{"animate":["move","general",{"extermination":"query.is_riding"}],"pre_animation":["variable.attack = Math.sin(variable.attack_time * 30.0);"]},"spawn_egg":{"base_color":"#1D0022","overlay_color":"#450C57"},"textures":{"default":"textures/entity/glitch"}}}}