{"format_version":"1.10.0","minecraft:client_entity":{"description":{"animations":{"extermination":"animation.entity.extermination","general":"animation.rush.general","far":"animation.rush.far","near":"animation.rush.near"},"geometry":{"default":"geometry.rush"},"identifier":"roy:rush","materials":{"default":"witch"},"particle_effects":{"rush":"roy:rush_particle"},"render_controllers":["controller.render.witch"],"scripts":{"animate":["general",{"extermination":"query.is_riding"},"near","far"]},"spawn_egg":{"base_color":"#2B2B2B","overlay_color":"#4B4B4B"},"textures":{"default":"textures/entity/rush"},"sound_effects":{"ambient_far":"rush.far","ambient_near":"rush.near"}}}}