{"format_version":"1.10.0","minecraft:client_entity":{"description":{"animations":{"attack":"animation.screech.attack","attack_controllers":"controller.animation.screech.attack","extermination":"animation.entity.extermination","general":"controller.animation.screech.general","general":"animation.screech.general","move":"controller.animation.screech.move","moving":"animation.screech.move"},"geometry":{"default":"geometry.screech"},"identifier":"roy:screech","materials":{"default":"enderman"},"render_controllers":["controller.render.witch"],"scripts":{"animate":["move","general","attack_controllers",{"extermination":"query.is_riding"}],"pre_animation":["variable.attack = Math.sin(variable.attack_time * 30.0);"]},"spawn_egg":{"base_color":"#9D9893","overlay_color":"#2A2929"},"textures":{"default":"textures/entity/screech"}}}}