{"format_version":"1.10.0","minecraft:client_entity":{"description":{"animations":{"attack":"animation.seek.js","attack_controllers":"controller.animation.seek.attack","extermination":"animation.seek.notdestroyed","look":"animation.common.look_at_target","move":"controller.animation.seek.move","moving":"animation.seek.running"},"geometry":{"default":"geometry.seek"},"identifier":"roy:seek","materials":{"default":"witch"},"render_controllers":["controller.render.witch"],"scripts":{"animate":["move",{"extermination":"query.is_riding"},"look"],"pre_animation":["variable.attack = Math.sin(variable.attack_time * 30.0);"]},"spawn_egg":{"base_color":"#000000","overlay_color":"#999999"},"textures":{"default":"textures/entity/seek"}}}}