{"format_version":"1.8.0","minecraft:entity":{"description":{"identifier":"yg:captain_fiddels_dead","is_spawnable":false,"is_summonable":true,"is_experimental":false},"component_groups":{"cf":{"minecraft:variant":{"value":0}},"cf1":{"minecraft:variant":{"value":1}},"cf2":{"minecraft:variant":{"value":2}},"cf3":{"minecraft:variant":{"value":3}},"cf4":{"minecraft:variant":{"value":4}},"cf5":{"minecraft:variant":{"value":5}},"cf6":{"minecraft:variant":{"value":6}},"cf7":{"minecraft:variant":{"value":7},"minecraft:scale":{"value":3},"minecraft:attack":{"damage":100}}},"components":{"minecraft:collision_box":{"width":0.6,"height":0.3},"minecraft:scale":{"value":1},"minecraft:health":{"value":10,"max":10},"minecraft:knockback_resistance":{"value":999},"minecraft:physics":{},"minecraft:pushable":{"is_pushable":false,"is_pushable_by_piston":false},"minecraft:damage_sensor":{"triggers":{"cause":"all","deals_damage":false}}},"events":{"minecraft:entity_spawned":{"sequence":[{"filters":{"test":"has_component","operator":"!=","value":"minecraft:variant"},"randomize":[{"weight":20,"add":{"component_groups":["cf"]}},{"weight":20,"add":{"component_groups":["cf1"]}},{"weight":20,"add":{"component_groups":["cf2"]}},{"weight":20,"add":{"component_groups":["cf3"]}},{"weight":20,"add":{"component_groups":["cf4"]}},{"weight":20,"add":{"component_groups":["cf5"]}},{"weight":20,"add":{"component_groups":["cf6"]}},{"weight":20,"add":{"component_groups":["cf7"]}}]}]}}}}