{
	"file_path": "C:\\Users\\user\\AppData\\Local\\Packages\\Microsoft.MinecraftUWP_8wekyb3d8bbwe\\LocalState\\games\\com.mojang\\development_behavior_packs\\MALISIS DOOR V.3 BETA BP\\loot_tables\\black_bank.json",
	"file_type": "loot_table",
	"format_version": 1,
	"file_uuid": "8a8ed8db_e749_43c7_8bcf_ee5cf960fc1e",
	"file_version": 10,
	"cache_content": {
		"children": [
			{
				"open": {
					"pools": [
						{
							"rolls": 1,
							"entries": [
								{
									"type": "item",
									"name": "minecraft:spawn_egg",
									"weight": 1,
									"functions": [
										{
											"function": "set_actor_id",
											"id": "md:black_bank_door"
										}
									]
								}
							]
						}
					]
				},
				"key": "pools",
				"children": [
					{
						"open": [
							{
								"rolls": 1,
								"entries": [
									{
										"type": "item",
										"name": "minecraft:spawn_egg",
										"weight": 1,
										"functions": [
											{
												"function": "set_actor_id",
												"id": "md:black_bank_door"
											}
										]
									}
								]
							}
						],
						"children": [
							{
								"data": "1",
								"key": "rolls"
							},
							{
								"open": {
									"rolls": 1,
									"entries": [
										{
											"type": "item",
											"name": "minecraft:spawn_egg",
											"weight": 1,
											"functions": [
												{
													"function": "set_actor_id",
													"id": "md:black_bank_door"
												}
											]
										}
									]
								},
								"key": "entries",
								"children": [
									{
										"open": [
											{
												"type": "item",
												"name": "minecraft:spawn_egg",
												"weight": 1,
												"functions": [
													{
														"function": "set_actor_id",
														"id": "md:black_bank_door"
													}
												]
											}
										],
										"children": [
											{
												"data": "item",
												"key": "type"
											},
											{
												"data": "minecraft:spawn_egg",
												"key": "name"
											},
											{
												"data": "1",
												"key": "weight"
											},
											{
												"open": {
													"type": "item",
													"name": "minecraft:spawn_egg",
													"weight": 1,
													"functions": [
														{
															"function": "set_actor_id",
															"id": "md:black_bank_door"
														}
													]
												},
												"key": "functions",
												"children": [
													{
														"open": [
															{
																"function": "set_actor_id",
																"id": "md:black_bank_door"
															}
														],
														"is_minified": true,
														"children": {
															"function": "set_actor_id",
															"id": "md:black_bank_door"
														}
													}
												]
											}
										]
									}
								]
							}
						]
					}
				]
			}
		]
	}
}