{
	"format_version": "1.8.0",
	"animations": {
		"animation.pacman.walk": {
			"loop": true,
			"animation_length": 1,
			"bones": {
				"bone": {
					"rotation": {
						"0.0": {
							"post": [2.5, 0, 0],
							"lerp_mode": "catmullrom"
						},
						"0.5": {
							"post": [0, 0, 0],
							"lerp_mode": "catmullrom"
						},
						"1.0": {
							"post": [2.5, 0, 0],
							"lerp_mode": "catmullrom"
						}
					}
				},
				"bone2": {
					"rotation": {
						"0.0": {
							"post": [0, 0, 0],
							"lerp_mode": "catmullrom"
						},
						"0.5": {
							"post": [2.5, 0, 0],
							"lerp_mode": "catmullrom"
						},
						"1.0": {
							"post": [0, 0, 0],
							"lerp_mode": "catmullrom"
						}
					}
				}
			}
		},
		"animation.pacman.attack": {
			"animation_length": 1,
			"bones": {
				"main": {
					"position": [0, 14, 0]
				},
				"body": {
					"rotation": {
						"0.0": [0, 0, -2.5],
						"0.0417": [0, 0, 10],
						"0.0833": [0, 0, -5],
						"0.125": [0, 0, 12.5],
						"0.1667": [0, 0, -2.5],
						"0.2083": [0, 0, 10],
						"0.25": [0, 0, -5],
						"0.2917": [0, 0, 12.5],
						"0.3333": [0, 0, -2.5],
						"0.375": [0, 0, 10],
						"0.4167": [0, 0, -5],
						"0.4583": [0, 0, 12.5],
						"0.5": [0, 0, -2.5],
						"0.5417": [0, 0, 10],
						"0.5833": [0, 0, -5],
						"0.625": [0, 0, 12.5],
						"0.6667": [0, 0, -2.5],
						"0.7083": [0, 0, 10],
						"0.75": [0, 0, -5],
						"0.7917": [0, 0, 12.5],
						"0.8333": [0, 0, -2.5],
						"0.875": [0, 0, 10],
						"0.9167": [0, 0, -5],
						"0.9583": [0, 0, 12.5]
					}
				},
				"bone": {
					"rotation": [-22.5, 0, 0]
				},
				"bone2": {
					"rotation": [20, 0, 0]
				}
			}
		},
		"animation.pacman.idle": {
			"loop": true,
			"animation_length": 2,
			"bones": {
				"bone": {
					"rotation": {
						"0.0": {
							"post": [0, 0, 0],
							"lerp_mode": "catmullrom"
						},
						"1.0": {
							"post": [-2.5, 0, 0],
							"lerp_mode": "catmullrom"
						},
						"2.0": {
							"post": [0, 0, 0],
							"lerp_mode": "catmullrom"
						}
					}
				}
			}
		}
	}
}