{
	"format_version": "1.10.0",
	"animation_controllers": {
	"controller.animation.crucifix": {
		"initial_state": "default",
		"states": {
		  "default": {
		"animations": [
			    "return"
			 ], 
			"transitions": [
			  {
				"activate": "query.has_rider"
			  }
			]
		  },
		  "activate": {
			"animations": [
			    {"success" : "query.variant ==0"},
			{"fail" : "query.variant ==1"}
			 ], 
			"transitions": [
			  {
				"default": "query.any_animation_finished"
			  }
			]
		  }
		}
	  } 
	}
}