{
	"format_version": "1.10.0",
	"animation_controllers": {
	  "controller.animation.jumpscare_dupe": {
		"initial_state": "default",
		"states": {
		  "default": {
			"transitions": [
			  {
				"attack": "variable.attack_time > 0 && !query.is_stunned"
			  },
			  {
				"add": "query.has_rider && !query.is_stunned"
			  }
			]
		  },
		  "attack": {
			"transitions": [
			  {
				"default": "1.0"
			  }
			],
			"on_entry": [
                "/function jumpscare_dupe", 
				"/tag @s add dupe"
			 ]
		  },
		  "add": {
			"transitions": [
			  {
				"default": "1.0"
			  }
			],
			"on_entry": [
				"/scoreboard objectives add dupe dummy",
				"/effect @e[r=4,type=!ic:dupe] blindness 1 1 true",  
				"/scoreboard players add @e[r=3,family=!doors] dupe 1",
				"/execute @e[scores={dupe=8..1000}] ~ ~ ~event entity @e[type=ic:dupe,r=5] ic:jumpscare_stop",
				"/execute @e[scores={dupe=8..1000}] ~ ~ ~tag @e[type=ic:dupe,r=5] remove dupe",
				"/execute @e[scores={dupe=8..1000}] ~ ~ ~event entity @e[type=ic:dupe,r=2] ic:despawn",
				"/scoreboard players set @a[scores={dupe=8..1000}] dupe 0"
			 ]
		  }
		}
	  }
  }
}