{
	"format_version": "1.10.0",
	"animation_controllers": {
	  "controller.animation.jumpscare_screech": {
		"initial_state": "default",
		"states": {
		  "default": {
			"transitions": [
			  {
				"attack": "variable.attack_time > 0 && !query.is_stunned"
			  },
			  {
				"add": "query.has_rider && !query.is_stunned"
			  }
			]
		  },
		  "attack": {
			"transitions": [
			  {
				"default": "1.0"
			  }
			],
			"on_entry": [
                "/function jumpscare_screech", 
				"/tag @s add screech"
			 ]
		  },
		  "add": {
			"transitions": [
			  {
				"default": "1.0"
			  }
			],
			"on_entry": [
				"/scoreboard objectives add screech dummy",
				"/scoreboard players add @e[r=3,family=!doors] screech 1",
				"/execute @e[scores={screech=6..1000}] ~ ~ ~event entity @e[type=ic:screech,r=5] ic:jumpscare_stop",
				"/execute @e[scores={screech=6..1000}] ~ ~ ~tag @e[type=ic:screech,r=5] remove screech",
				"/execute @e[scores={screech=6..1000}] ~ ~ ~event entity @e[type=ic:screech,r=2] ic:despawn",
				"/effect @e[scores={screech=2..1000}] wither 2 100 true",
				"/scoreboard players set @a[scores={screech=6..1000}] screech 0"
			 ]
		  }
		}
	  }
  }
}