{
	"format_version": "1.10.0",
	"animation_controllers": {
	  "controller.animation.jumpscare_timothy": {
		"initial_state": "default",
		"states": {
		  "default": {
			"transitions": [
			  {
				"attack": "variable.attack_time > 0 && !query.is_stunned"
			  },
			  {
				"add": "query.has_rider && !query.is_stunned"
			  }
			]
		  },
		  "attack": {
			"transitions": [
			  {
				"default": "1.0"
			  }
			],
			"on_entry": [
                "/function jumpscare_timothy", 
				"/tag @s add timothy"
			 ]
		  },
		  "add": {
			"transitions": [
			  {
				"default": "1.0"
			  }
			],
			"on_entry": [
				"/scoreboard objectives add timothy dummy",
				"/scoreboard players add @e[r=3,family=!doors] timothy 1",
				"/execute @e[scores={timothy=10..1000}] ~ ~ ~ event entity @e[type=ic:timothy,r=5] ic:jumpscare_stop",
				"/execute @e[scores={timothy=10..1000}] ~ ~ ~ tag @e[type=ic:timothy,r=5] remove timothy",
				"/execute @e[scores={timothy=10..1000}] ~ ~ ~ event entity @e[type=ic:timothy,r=2] ic:despawn",
				"/scoreboard players set @a[scores={timothy=10..1000}] timothy 0"
			 ]
		  }
		}
	  }
  }
}