{
  "format_version": "1.12.0",
  "minecraft:geometry": [
    {
      "description": {
        "identifier": "geometry.mr_nabnab",
        "texture_width": 128,
        "texture_height": 128,
        "visible_bounds_width": 3,
        "visible_bounds_height": 4.5,
        "visible_bounds_offset": [
          0,
          1.75,
          0
        ]
      },
      "bones": [
        {
          "name": "Root"
        },
        {
          "name": "Body",
          "pivot": [
            0,
            17,
            0
          ],
          "cubes": [
            {
              "origin": [
                4.0,
                17.0,
                -4.2
              ],
              "size": [
                2.0,
                13.0,
                3.2
              ],
              "uv": [
                0,
                55
              ],
              "inflate": 0
            },
            {
              "origin": [
                0.0,
                18.0,
                -3.7
              ],
              "size": [
                4.0,
                10.0,
                0.0
              ],
              "pivot": [
                4.0,
                23.0,
                -3.0
              ],
              "rotation": [
                0.0,
                -7.5,
                0.0
              ],
              "uv": [
                62,
                48
              ],
              "inflate": 0
            },
            {
              "origin": [
                -4.0,
                18.0,
                -3.7
              ],
              "size": [
                4.0,
                10.0,
                0.0
              ],
              "pivot": [
                -4.0,
                23.0,
                -4.0
              ],
              "rotation": [
                0.0,
                7.5,
                0.0
              ],
              "uv": [
                22,
                56
              ],
              "inflate": 0
            },
            {
              "origin": [
                -6.0,
                17.0,
                -4.2
              ],
              "size": [
                2.0,
                13.0,
                3.2
              ],
              "uv": [
                33,
                54
              ],
              "inflate": 0
            },
            {
              "origin": [
                -4.0,
                28.0,
                -4.2
              ],
              "size": [
                8.0,
                2.0,
                3.2
              ],
              "uv": [
                31,
                49
              ],
              "inflate": 0
            },
            {
              "origin": [
                -4.0,
                17.0,
                -4.2
              ],
              "size": [
                8.0,
                1.0,
                3.2
              ],
              "uv": [
                50,
                21
              ],
              "inflate": 0
            },
            {
              "origin": [
                -4.0,
                27.0,
                -4.2
              ],
              "size": [
                1.0,
                1.0,
                3.2
              ],
              "uv": [
                62,
                58
              ],
              "inflate": 0
            },
            {
              "origin": [
                -4.0,
                18.0,
                -4.2
              ],
              "size": [
                1.0,
                1.0,
                3.2
              ],
              "uv": [
                43,
                62
              ],
              "inflate": 0
            },
            {
              "origin": [
                3.0,
                27.0,
                -4.2
              ],
              "size": [
                1.0,
                1.0,
                3.2
              ],
              "uv": [
                12,
                42
              ],
              "inflate": 0
            },
            {
              "origin": [
                3.0,
                18.0,
                -4.2
              ],
              "size": [
                1.0,
                1.0,
                3.2
              ],
              "uv": [
                36,
                36
              ],
              "inflate": 0
            },
            {
              "origin": [
                -6.0,
                17.0,
                -1.1
              ],
              "size": [
                12.0,
                13.0,
                6.2
              ],
              "uv": [
                0,
                0
              ],
              "inflate": 0
            },
            {
              "origin": [
                -5.5,
                30.0,
                -3.6
              ],
              "size": [
                11.0,
                7.0,
                8.2
              ],
              "uv": [
                0,
                19
              ],
              "inflate": 0
            }
          ],
          "parent": "Root"
        },
        {
          "name": "bone6",
          "pivot": [
            0,
            23.6,
            -2.3
          ],
          "cubes": [
            {
              "origin": [
                -3.0,
                22.6,
                -4.3
              ],
              "size": [
                6.0,
                2.0,
                2.0
              ],
              "uv": [
                50,
                29
              ],
              "inflate": 0
            },
            {
              "origin": [
                -3.0,
                22.6,
                -12.3
              ],
              "size": [
                6.0,
                2.0,
                2.0
              ],
              "uv": [
                50,
                25
              ],
              "inflate": 0
            },
            {
              "origin": [
                -4.0,
                22.6,
                -10.3
              ],
              "size": [
                8.0,
                2.0,
                6.0
              ],
              "uv": [
                30,
                13
              ],
              "inflate": 0
            }
          ],
          "parent": "Body",
          "rotation": [
            62,
            0,
            0
          ]
        },
        {
          "name": "bone7",
          "pivot": [
            0,
            23.6,
            -12.3
          ],
          "cubes": [
            {
              "origin": [
                -3.0,
                22.6,
                -22.3
              ],
              "size": [
                6.0,
                2.0,
                10.0
              ],
              "uv": [
                28,
                24
              ],
              "inflate": 0
            },
            {
              "origin": [
                -2.0,
                22.6,
                -23.3
              ],
              "size": [
                4.0,
                2.0,
                1.0
              ],
              "uv": [
                30,
                0
              ],
              "inflate": 0
            }
          ],
          "parent": "bone6",
          "rotation": [
            36,
            0,
            0
          ]
        },
        {
          "name": "Head",
          "pivot": [
            0,
            34,
            -3
          ],
          "cubes": [
            {
              "origin": [
                -1.3,
                32.7,
                -4.5
              ],
              "size": [
                2.6,
                2.6,
                2.0
              ],
              "uv": [
                18,
                34
              ],
              "inflate": 0
            },
            {
              "origin": [
                -1.0,
                33.0,
                -4.6
              ],
              "size": [
                2.0,
                2.0,
                0.0
              ],
              "uv": [
                0,
                4
              ],
              "inflate": 0
            }
          ],
          "parent": "Body",
          "rotation": [
            -2.5,
            0,
            0
          ]
        },
        {
          "name": "bone5",
          "pivot": [
            -0.7,
            37,
            0
          ],
          "cubes": [
            {
              "origin": [
                -3.7,
                36.0,
                -2.5
              ],
              "size": [
                6.0,
                2.0,
                6.0
              ],
              "uv": [
                0,
                34
              ],
              "inflate": 0
            },
            {
              "origin": [
                -2.6,
                39.0,
                -1.4
              ],
              "size": [
                3.8,
                3.0,
                3.8
              ],
              "uv": [
                58,
                14
              ],
              "inflate": 0
            },
            {
              "origin": [
                -3.2,
                38.0,
                -2.0
              ],
              "size": [
                5.0,
                2.0,
                5.0
              ],
              "uv": [
                16,
                49
              ],
              "inflate": 0
            },
            {
              "origin": [
                -2.0,
                41.0,
                -0.8
              ],
              "size": [
                2.6,
                2.0,
                2.6
              ],
              "uv": [
                0,
                19
              ],
              "inflate": 0
            }
          ],
          "parent": "Body",
          "rotation": [
            0,
            -5,
            -2.5
          ]
        },
        {
          "name": "LeftArm",
          "pivot": [
            4,
            30,
            0
          ],
          "cubes": [
            {
              "origin": [
                3.5,
                21.0,
                -1.5
              ],
              "size": [
                4.0,
                9.0,
                4.0
              ],
              "uv": [
                24,
                36
              ],
              "inflate": 0
            }
          ],
          "parent": "Body",
          "rotation": [
            0,
            0,
            -15
          ]
        },
        {
          "name": "bone4",
          "pivot": [
            6,
            21,
            0
          ],
          "cubes": [
            {
              "origin": [
                4.0,
                11.0,
                -1.0
              ],
              "size": [
                3.0,
                11.0,
                3.0
              ],
              "uv": [
                52,
                0
              ],
              "inflate": 0
            }
          ],
          "parent": "LeftArm",
          "rotation": [
            -15,
            0,
            0
          ]
        },
        {
          "name": "RightArm",
          "pivot": [
            -4,
            30,
            0
          ],
          "cubes": [
            {
              "origin": [
                -7.5,
                21.0,
                -1.5
              ],
              "size": [
                4.0,
                9.0,
                4.0
              ],
              "uv": [
                36,
                0
              ],
              "inflate": 0
            }
          ],
          "parent": "Body",
          "rotation": [
            0,
            0,
            15
          ]
        },
        {
          "name": "bone2",
          "pivot": [
            -6,
            21,
            0
          ],
          "cubes": [
            {
              "origin": [
                -7.0,
                11.0,
                -1.0
              ],
              "size": [
                3.0,
                11.0,
                3.0
              ],
              "uv": [
                50,
                51
              ],
              "inflate": 0
            }
          ],
          "parent": "RightArm",
          "rotation": [
            -15,
            0,
            0
          ]
        },
        {
          "name": "bone9",
          "pivot": [
            -3,
            31,
            -3
          ],
          "cubes": [
            {
              "origin": [
                -4.3,
                29.7,
                -4.5
              ],
              "size": [
                2.6,
                2.6,
                2.0
              ],
              "uv": [
                30,
                21
              ],
              "inflate": 0
            },
            {
              "origin": [
                -4.0,
                30.0,
                -4.6
              ],
              "size": [
                2.0,
                2.0,
                0.0
              ],
              "uv": [
                0,
                2
              ],
              "inflate": 0
            }
          ],
          "parent": "Body",
          "rotation": [
            2.5,
            7.5,
            2.5
          ]
        },
        {
          "name": "bone10",
          "pivot": [
            3,
            31,
            -3
          ],
          "cubes": [
            {
              "origin": [
                1.7,
                29.7,
                -4.5
              ],
              "size": [
                2.6,
                2.6,
                2.0
              ],
              "uv": [
                0,
                23
              ],
              "inflate": 0
            },
            {
              "origin": [
                2.0,
                30.0,
                -4.6
              ],
              "size": [
                2.0,
                2.0,
                0.0
              ],
              "uv": [
                0,
                0
              ],
              "inflate": 0
            }
          ],
          "parent": "Body",
          "rotation": [
            2.5,
            -7.5,
            -2.5
          ]
        },
        {
          "name": "LeftLeg",
          "pivot": [
            3,
            17,
            0
          ],
          "cubes": [
            {
              "origin": [
                1.8,
                9.0,
                -1.2
              ],
              "size": [
                3.4,
                9.0,
                3.4
              ],
              "uv": [
                10,
                56
              ],
              "inflate": 0
            }
          ],
          "parent": "Root",
          "rotation": [
            -5,
            -2.5,
            -2.5
          ]
        },
        {
          "name": "bone3",
          "pivot": [
            4,
            9,
            0
          ],
          "cubes": [
            {
              "origin": [
                1.3,
                0.0,
                -1.7
              ],
              "size": [
                4.4,
                9.0,
                4.4
              ],
              "uv": [
                40,
                36
              ],
              "inflate": 0
            }
          ],
          "parent": "LeftLeg",
          "rotation": [
            7.5,
            0,
            0
          ]
        },
        {
          "name": "RightLeg",
          "pivot": [
            -3,
            17,
            0
          ],
          "cubes": [
            {
              "origin": [
                -5.2,
                9.0,
                -1.2
              ],
              "size": [
                3.4,
                9.0,
                3.4
              ],
              "uv": [
                56,
                36
              ],
              "inflate": 0
            }
          ],
          "parent": "Root",
          "rotation": [
            -5,
            2.5,
            2.5
          ]
        },
        {
          "name": "bone",
          "pivot": [
            -4,
            9,
            0
          ],
          "cubes": [
            {
              "origin": [
                -5.7,
                0.0,
                -1.7
              ],
              "size": [
                4.4,
                9.0,
                4.4
              ],
              "uv": [
                0,
                42
              ],
              "inflate": 0
            }
          ],
          "parent": "RightLeg",
          "rotation": [
            7.5,
            0,
            0
          ]
        }
      ]
    }
  ]
}