{
  "format_version": "1.12.0",
  "minecraft:geometry": [
    {
      "description": {
        "identifier": "geometry.mr_sit",
        "texture_width": 64,
        "texture_height": 64,
        "visible_bounds_width": 2,
        "visible_bounds_height": 2.5,
        "visible_bounds_offset": [
          0,
          0.75,
          0
        ]
      },
      "bones": [
        {
          "name": "Body",
          "cubes": [
            {
              "origin": [
                -4.0,
                0.0,
                -4.0
              ],
              "size": [
                2.0,
                7.0,
                2.0
              ],
              "uv": [
                8,
                29
              ],
              "inflate": 0
            },
            {
              "origin": [
                2.0,
                0.0,
                -4.0
              ],
              "size": [
                2.0,
                7.0,
                2.0
              ],
              "uv": [
                28,
                10
              ],
              "inflate": 0
            },
            {
              "origin": [
                2.0,
                0.0,
                2.0
              ],
              "size": [
                2.0,
                17.0,
                2.0
              ],
              "uv": [
                0,
                22
              ],
              "inflate": 0
            },
            {
              "origin": [
                -4.0,
                0.0,
                2.0
              ],
              "size": [
                2.0,
                17.0,
                2.0
              ],
              "uv": [
                20,
                10
              ],
              "inflate": 0
            },
            {
              "origin": [
                -4.0,
                7.0,
                -4.0
              ],
              "size": [
                8.0,
                2.0,
                8.0
              ],
              "uv": [
                0,
                0
              ],
              "inflate": 0
            },
            {
              "origin": [
                -2.0,
                10.0,
                2.0
              ],
              "size": [
                4.0,
                1.0,
                2.0
              ],
              "uv": [
                32,
                25
              ],
              "inflate": 0
            },
            {
              "origin": [
                -2.0,
                12.0,
                2.0
              ],
              "size": [
                4.0,
                1.0,
                2.0
              ],
              "uv": [
                28,
                22
              ],
              "inflate": 0
            },
            {
              "origin": [
                -2.0,
                14.0,
                2.0
              ],
              "size": [
                4.0,
                1.0,
                2.0
              ],
              "uv": [
                28,
                19
              ],
              "inflate": 0
            },
            {
              "origin": [
                -2.0,
                16.0,
                2.0
              ],
              "size": [
                4.0,
                1.0,
                2.0
              ],
              "uv": [
                24,
                5
              ],
              "inflate": 0
            }
          ]
        },
        {
          "name": "bone",
          "pivot": [
            0,
            9,
            -0.1
          ],
          "parent": "Body",
          "rotation": [
            0,
            37.5,
            0
          ]
        }
      ]
    }
  ]
}