{
	"format_version": "1.12.0",
	"minecraft:geometry": [
		{
			"description": {
				"identifier": "geometry.Figure",
				"texture_width": 128,
				"texture_height": 128,
				"visible_bounds_width": 5,
				"visible_bounds_height": 4.5,
				"visible_bounds_offset": [0, 1.75, 0]
			},
			"bones": [
				{
					"name": "bone",
					"pivot": [0, 0, 0]
				},
				{
					"name": "RightLeg",
					"parent": "bone",
					"pivot": [0, 0, 0],
					"cubes": [
						{"origin": [-6, 0, -2], "size": [4, 23, 4], "uv": [52, 57]}
					]
				},
				{
					"name": "LeftLeg",
					"parent": "bone",
					"pivot": [0, 0, 0],
					"cubes": [
						{"origin": [2, 0, -2], "size": [4, 23, 4], "uv": [36, 56]}
					]
				},
				{
					"name": "bone2",
					"pivot": [0, 0, 0],
					"cubes": [
						{"origin": [-2, 44, -2], "size": [4, 2, 4], "uv": [0, 0]},
						{"origin": [-7, 21, -3], "size": [14, 24, 6], "uv": [48, 21]},
						{"origin": [-5, 46, -5], "size": [10, 10, 10], "uv": [30, 0]},
						{"origin": [-4, 47, -3], "size": [8, 8, 0], "uv": [23, 110]}
					]
				},
				{
					"name": "bone3",
					"parent": "bone2",
					"pivot": [-9, 39, 0],
					"cubes": [
						{"origin": [-8, 39, -4], "size": [1, 1, 8], "uv": [102, 115]},
						{"origin": [7, 39, -4], "size": [1, 1, 8], "uv": [113, 124]},
						{"origin": [-8, 39, -4], "size": [16, 1, 1], "uv": [113, 124]},
						{"origin": [-8, 39, 3], "size": [16, 1, 1], "uv": [113, 124]}
					]
				},
				{
					"name": "bone4",
					"parent": "bone2",
					"pivot": [-9, 37, 0],
					"cubes": [
						{"origin": [-8, 37, -4], "size": [1, 1, 8], "uv": [102, 115]},
						{"origin": [7, 37, -4], "size": [1, 1, 8], "uv": [113, 124]},
						{"origin": [-8, 37, -4], "size": [16, 1, 1], "uv": [113, 124]},
						{"origin": [-8, 37, 3], "size": [16, 1, 1], "uv": [113, 124]}
					]
				},
				{
					"name": "bone7",
					"parent": "bone2",
					"pivot": [-9, 42, 0],
					"cubes": [
						{"origin": [-8, 42, -4], "size": [1, 1, 8], "uv": [102, 115]},
						{"origin": [7, 42, -4], "size": [1, 1, 8], "uv": [113, 124]},
						{"origin": [-8, 42, -4], "size": [16, 1, 1], "uv": [113, 124]},
						{"origin": [-8, 42, 3], "size": [16, 1, 1], "uv": [113, 124]}
					]
				},
				{
					"name": "RightArm",
					"parent": "bone2",
					"pivot": [1, 40, -4],
					"rotation": [86.33105, -9.01933, 100.70646],
					"cubes": [
						{"origin": [4.57919, 40.89684, 2.89573], "size": [3, 3, 24], "pivot": [25.57919, 0.89684, 19.89573], "rotation": [16.95433, 13.24052, -2.44937], "uv": [0, 0]},
						{"origin": [3.57919, 40.89684, 23.89573], "size": [17, 3, 3], "pivot": [25.57919, 0.89684, 19.89573], "rotation": [5.43397, -9.77264, -2.52718], "uv": [51, 51]}
					]
				},
				{
					"name": "LeftArm",
					"parent": "bone2",
					"pivot": [1, 42, 0],
					"rotation": [72.5, 0, 0],
					"cubes": [
						{"origin": [-21, 40.59516, -18.62451], "size": [3, 3, 24], "pivot": [1, 0.59516, -1.62451], "rotation": [17.5, 12.5, 0], "uv": [0, 27]},
						{"origin": [-21, 40.59516, 2.37549], "size": [17, 3, 3], "pivot": [1, 0.59516, -1.62451], "rotation": [5, -10, 0], "uv": [0, 54]}
					]
				}
			]
		}
	]
}