{
"format_version": [
    1,
    1,
    0
  ],
  "ic_wall_patterned_green": {
    "textures": "ic_wall_patterned_green",
    "sound": "stone"
  },
  "ic_wall_patterned_blue": {
    "textures": "ic_wall_patterned_blue",
    "sound": "stone"
  },
  "ic_wall_patterned_red": {
    "textures": "ic_wall_patterned_red",
    "sound": "stone"
  },
  "ic_wall_patterned_gray": {
    "textures": "ic_wall_patterned_gray",
    "sound": "stone"
  },
  "ic_wooden_floor": {
    "textures": "ic_wooden_floor",
    "sound": "wood"
  } 
}