{
  "format_version": "1.8.0",
	"animations": {
		"animation.cy_queen_bouncelia.general": {
			"loop": true,
			"animation_length": 4,
			"bones": {
				"Body": {
					"rotation": {
						"0.0": [0, 0, 0],
						"2.0": [-2.5, 0, 0],
						"4.0": [0, 0, 0]
					}
				},
				"rightarm": {
					"rotation": {
						"0.0": [0, 0, 0],
						"2.0": [0, 0, 5],
						"4.0": [0, 0, 0]
					}
				},
				"leftarm": {
					"rotation": {
						"0.0": [0, 0, 0],
						"2.0": [0, 0, -5],
						"4.0": [0, 0, 0]
					}
				}
			}
		},
		"animation.cy_queen_bouncelia.move": {
			"loop": true,
			"animation_length": 1,
			"bones": {
				"rightleg": {
					"rotation": {
						"0.0": [-20, 0, 0],
						"0.25": [0, 0, 0],
						"0.5": [40, 0, 0],
						"0.75": [0, 0, 0],
						"1.0": [-19.81446, -1.26688, -2.20893]
					},
					"position": {
						"0.0": [0, -1, 0],
						"0.25": [0, 0, 0],
						"0.5": [0, -1, 0],
						"0.75": [0, 0, 0],
						"1.0": [0, -1, 0]
					}
				},
				"leftleg": {
					"rotation": {
						"0.0": [-20, 0, 0],
						"0.25": [0, 0, 0],
						"0.5": [40, 0, 0],
						"0.75": [0, 0, 0],
						"1.0": [-20, 0, 0]
					},
					"position": {
						"0.0": [0, -1, 0],
						"0.25": [0, 0, 0],
						"0.5": [0, -1, 0],
						"0.75": [0, 0, 0],
						"1.0": [0, -1, 0]
					}
				},
				"Body": {
					"rotation": {
						"0.0": [9.97002, -0.49501, 0.55436],
						"0.25": [0, 0, 0],
						"0.5": [-5, 0, 0],
						"0.75": [0, 0, 0],
						"1.0": [12.5, 0, 0]
					},
					"position": {
						"0.0": [0, -1, 0],
						"0.25": [0, 0, 0],
						"0.5": [0, -1, 0],
						"0.75": [0, 0, 0],
						"1.0": [0, -1, 0]
					}
				},
				"rightarm": {
					"rotation": {
						"0.0": [-10, 0, 0],
						"0.25": [0, 0, 0],
						"0.5": [20, 0, 0],
						"0.75": [0, 0, 0],
						"1.0": [-10, 0, 0]
					}
				},
				"leftarm": {
					"rotation": {
						"0.0": [-12.5, 0, 0],
						"0.25": [0, 0, 0],
						"0.5": [19.92346, -1.20133, -1.51042],
						"0.75": [0, 0, 0],
						"1.0": [-9.9982, -0.1641, 0.11103]
					}
				}
			}
		},
		"animation.cy_queen_bouncelia.attack": {
			"animation_length": 0.54167,
			"bones": {
				"Body": {
					"rotation": {
						"0.0": [0, 0, 0],
						"0.2083": [0, 0, 0],
						"0.25": [-5, 0, 0],
						"0.4167": [10, 0, 0],
						"0.4583": [7.5, 0, 0],
						"0.5": [0, 0, 0]
					}
				},
				"rightarm": {
					"rotation": {
						"0.0": [0, 0, 0],
						"0.25": [-120, 0, 0],
						"0.2917": [-120, 0, 0],
						"0.3333": [30, 0, 0],
						"0.375": [30, 0, 0],
						"0.5": [0, 0, 0]
					}
				}
			}
		}
	}
}