{
  "format_version": "1.8.0",
	"animations": {
		"animation.cy_tamataki_chamataki.stationary": {
			"loop": true,
			"animation_length": 4,
			"bones": {
				"neck": {
					"rotation": {
						"0.0": [0, 0, 0],
						"2.0": [5.09753, 4.98063, 0.45054],
						"4.0": [0, 0, 0]
					}
				},
				"neck2": {
					"rotation": {
						"0.0": [0, 0, 0],
						"2.0": [-5.09753, -4.98063, 0.45054],
						"4.0": [0, 0, 0]
					}
				},
				"tail": {
					"rotation": {
						"0.0": [0, 7.5, 0],
						"2.0": [0, -10, 0],
						"4.0": [0, 7.5, 0]
					}
				}
			}
		},
		"animation.cy_tamataki_chamataki.attack": {
			"animation_length": 0.5,
			"bones": {
				"head2": {
					"rotation": {
						"0.0": [0, 0, 0],
						"0.125": [-30, 0, 0],
						"0.25": [0, 0, 0]
					}
				},
				"mg": {
					"rotation": {
						"0.0": [-22.5, 0, 0],
						"0.2917": [-22.5, 0, 0],
						"0.5": [-22.5, 0, 0]
					},
					"position": {
						"0.0": [0, -1, 0],
						"0.125": [0, -1, 0],
						"0.25": [0, -1, 0],
						"0.2917": [0, -1, 5],
						"0.5": [0, -1, 0]
					},
					"scale": {
						"0.0": [1, 1, 1],
						"0.25": [1, 1, 1],
						"0.2917": [1, 1, 14.6],
						"0.5": [1, 1, 1]
					}
				}
			}
		},
		"animation.cy_tamataki_chamataki.walk": {
			"loop": true,
			"animation_length": 1,
			"bones": {
				"body": {
					"position": {
						"0.0": [0, -1, 0],
						"0.25": [0, 0, 0],
						"0.5": [0, -1, 0],
						"0.75": [0, 0, 0],
						"1.0": [0, -1, 0]
					}
				},
				"leftleg": {
					"rotation": {
						"0.0": [-20, 0, 0],
						"0.25": [0, 0, 0],
						"0.5": [20, 0, 0],
						"0.75": [0, 0, 0],
						"1.0": [-20, 0, 0]
					},
					"position": {
						"0.0": [0, -1, 0],
						"0.25": [0, 0, 0],
						"0.5": [0, -1, 0],
						"0.75": [0, 0, 0],
						"1.0": [0, -1, 0]
					}
				},
				"leftleg2": {
					"rotation": {
						"0.0": [0, 0, 0],
						"0.25": [0, 0, 0],
						"0.5": [40, 0, 0],
						"0.75": [0, 0, 0],
						"1.0": [0, 0, 0]
					},
					"position": {
						"0.0": [0, 0, 0],
						"0.25": [0, 0, 0],
						"0.5": [0, 1, 0],
						"0.75": [0, 0, 0],
						"1.0": [0, 0, 0]
					}
				},
				"leftleg3": {
					"rotation": {
						"0.0": [20, 0, 0],
						"0.25": [0, 0, 0],
						"0.5": [-20, 0, 0],
						"0.75": [0, 0, 0],
						"1.0": [20, 0, 0]
					},
					"position": {
						"0.0": [0, -1, 0],
						"0.25": [0, 0, 0],
						"0.5": [0, -2, 0],
						"0.75": [0, 0, 0],
						"1.0": [0, -1, 0]
					}
				},
				"leftleg4": {
					"rotation": {
						"0.0": [37.5, 0, 0],
						"0.25": [0, 0, 0],
						"0.5": [0, 0, 0],
						"0.75": [0, 0, 0],
						"1.0": [40, 0, 0]
					},
					"position": {
						"0.0": [0, 1, 0],
						"0.25": [0, 0, 0],
						"0.5": [0, 0, 0],
						"0.75": [0, 0, 0],
						"1.0": [0, 1, 0]
					}
				},
				"rightleg3": {
					"rotation": {
						"0.0": [-20, 0, 0],
						"0.25": [0, 0, 0],
						"0.5": [20, 0, 0],
						"0.75": [0, 0, 0],
						"1.0": [-20, 0, 0]
					},
					"position": {
						"0.0": [0, -1, 0],
						"0.25": [0, 0, 0],
						"0.5": [0, -1, 0],
						"0.75": [0, 0, 0],
						"1.0": [0, -1, 0]
					},
					"scale": 1
				},
				"rightleg4": {
					"rotation": {
						"0.0": [0, 0, 0],
						"0.25": [0, 0, 0],
						"0.5": [40, 0, 0],
						"0.75": [0, 0, 0],
						"1.0": [0, 0, 0]
					},
					"position": {
						"0.0": [0, 0, 0],
						"0.25": [0, 0, 0],
						"0.5": [0, 1, 0],
						"0.75": [0, 0, 0],
						"1.0": [0, 0, 0]
					}
				},
				"rightleg": {
					"rotation": {
						"0.0": [20, 0, 0],
						"0.25": [0, 0, 0],
						"0.5": [-20, 0, 0],
						"0.75": [0, 0, 0],
						"1.0": [20, 0, 0]
					},
					"position": {
						"0.0": [0, -1, 0],
						"0.25": [0, 0, 0],
						"0.5": [0, -2, 0],
						"0.75": [0, 0, 0],
						"1.0": [0, -1, 0]
					}
				},
				"rightleg2": {
					"rotation": {
						"0.0": [37.5, 0, 0],
						"0.25": [0, 0, 0],
						"0.5": [0, 0, 0],
						"0.75": [0, 0, 0],
						"1.0": [40, 0, 0]
					},
					"position": {
						"0.0": [0, 1, 0],
						"0.25": [0, 0, 0],
						"0.5": [0, 0, 0],
						"0.75": [0, 0, 0],
						"1.0": [0, 1, 0]
					}
				}
			}
		},
		"animation.cy_tamataki_chamataki.climb": {
			"loop": true,
			"animation_length": 1,
			"bones": {
				"body": {
					"position": {
						"0.0": [0, -1, 0],
						"0.25": [0, 0, 0],
						"0.5": [0, -1, 0],
						"0.75": [0, 0, 0],
						"1.0": [0, -1, 0]
					}
				},
				"leftleg": {
					"rotation": {
						"0.0": [-20, 0, 0],
						"0.25": [0, 0, 0],
						"0.5": [20, 0, 0],
						"0.75": [0, 0, 0],
						"1.0": [-20, 0, 0]
					},
					"position": {
						"0.0": [0, -1, 0],
						"0.25": [0, 0, 0],
						"0.5": [0, -1, 0],
						"0.75": [0, 0, 0],
						"1.0": [0, -1, 0]
					}
				},
				"leftleg2": {
					"rotation": {
						"0.0": [0, 0, 0],
						"0.25": [0, 0, 0],
						"0.5": [40, 0, 0],
						"0.75": [0, 0, 0],
						"1.0": [0, 0, 0]
					},
					"position": {
						"0.0": [0, 0, 0],
						"0.25": [0, 0, 0],
						"0.5": [0, 1, 0],
						"0.75": [0, 0, 0],
						"1.0": [0, 0, 0]
					}
				},
				"leftleg3": {
					"rotation": {
						"0.0": [20, 0, 0],
						"0.25": [0, 0, 0],
						"0.5": [-20, 0, 0],
						"0.75": [0, 0, 0],
						"1.0": [20, 0, 0]
					},
					"position": {
						"0.0": [0, -1, 0],
						"0.25": [0, 0, 0],
						"0.5": [0, -2, 0],
						"0.75": [0, 0, 0],
						"1.0": [0, -1, 0]
					}
				},
				"leftleg4": {
					"rotation": {
						"0.0": [37.5, 0, 0],
						"0.25": [0, 0, 0],
						"0.5": [0, 0, 0],
						"0.75": [0, 0, 0],
						"1.0": [40, 0, 0]
					},
					"position": {
						"0.0": [0, 1, 0],
						"0.25": [0, 0, 0],
						"0.5": [0, 0, 0],
						"0.75": [0, 0, 0],
						"1.0": [0, 1, 0]
					}
				},
				"rightleg3": {
					"rotation": {
						"0.0": [-20, 0, 0],
						"0.25": [0, 0, 0],
						"0.5": [20, 0, 0],
						"0.75": [0, 0, 0],
						"1.0": [-20, 0, 0]
					},
					"position": {
						"0.0": [0, -1, 0],
						"0.25": [0, 0, 0],
						"0.5": [0, -1, 0],
						"0.75": [0, 0, 0],
						"1.0": [0, -1, 0]
					},
					"scale": 1
				},
				"rightleg4": {
					"rotation": {
						"0.0": [0, 0, 0],
						"0.25": [0, 0, 0],
						"0.5": [40, 0, 0],
						"0.75": [0, 0, 0],
						"1.0": [0, 0, 0]
					},
					"position": {
						"0.0": [0, 0, 0],
						"0.25": [0, 0, 0],
						"0.5": [0, 1, 0],
						"0.75": [0, 0, 0],
						"1.0": [0, 0, 0]
					}
				},
				"rightleg": {
					"rotation": {
						"0.0": [20, 0, 0],
						"0.25": [0, 0, 0],
						"0.5": [-20, 0, 0],
						"0.75": [0, 0, 0],
						"1.0": [20, 0, 0]
					},
					"position": {
						"0.0": [0, -1, 0],
						"0.25": [0, 0, 0],
						"0.5": [0, -2, 0],
						"0.75": [0, 0, 0],
						"1.0": [0, -1, 0]
					}
				},
				"rightleg2": {
					"rotation": {
						"0.0": [37.5, 0, 0],
						"0.25": [0, 0, 0],
						"0.5": [0, 0, 0],
						"0.75": [0, 0, 0],
						"1.0": [40, 0, 0]
					},
					"position": {
						"0.0": [0, 1, 0],
						"0.25": [0, 0, 0],
						"0.5": [0, 0, 0],
						"0.75": [0, 0, 0],
						"1.0": [0, 1, 0]
					}
				},
				"root": {
					"rotation": [-90, 0, 0],
					"position": [0, 17, 0]
				}
			}
		}
  }
}