{
  "format_version": "1.12",
  "minecraft:recipe_shaped": {
    "description": {
      "identifier": "remote_aeaf12e2"
    },
    "tags": [
      "crafting_table"
    ],
    "pattern": [
      "ABA",
      "CDC",
      "CCC"
    ],
    "key": {
      "A": {
        "item": "minecraft:redstone",
        "data": 0
      },
      "B": {
        "item": "minecraft:lightning_rod",
        "data": 0
      },
      "C": {
        "item": "minecraft:iron_ingot",
        "data": 0
      },
      "D": {
        "item": "minecraft:wooden_button",
        "data": 0
      }
    },
    "result": {
      "item": "yg:remote",
      "count": 1
    }
  }
}