{
  "format_version": "1.10.0",
  "minecraft:client_entity": {
    "description": {
      "identifier": "ic:table3",
      "textures": {
        "default": "textures/entity/furnitures/ic_table"
      },
      "materials": {
        "default": "skeleton"
      },
      "geometry": {
        "default": "geometry.ic_table2"
      },
      "render_controllers": [
        "controller.render.default"
      ],
      "spawn_egg": {
        "texture": "ic:table3",
        "texture_index": 0
      }
    }
  }
}