{
  "format_version": "1.10.0",
  "minecraft:client_entity": {
    "description": {
      "identifier": "ic:wardrobe",
      "textures": {
        "default": "textures/entity/furnitures/ic_closet"
      },
      "animations": {
        "interact": "animation.ic_closet.interact",
        "interact_controller": "controller.animation.ic_closet.interact"
      },
      "scripts": {
        "animate": [
            "interact_controller"
        ]
      }, 
      "materials": {
        "default": "entity_alphatest"
      },
      "sound_effects": {
        "interact": "wardrobe.player.interact"
      },
      "spawn_egg": {
        "texture": "ic:wardrobe",
        "texture_index": 0
      },
      "render_controllers": [
        "controller.render.default"
      ],
      "geometry": {
        "default": "geometry.ic_closet"
      }
    }
  }
}