{
  "format_version": "1.10.0",
  "animation_controllers": {
    "controller.animation.akaza_atk": {
      "states": {
        "default": {
          "transitions": [
            { 
              "walk": "(1.0)"
            }
          ]
        },
        "walk": {
          "transitions": [ { "default": "variable.time = (variable.time ?? 0);variable.time = variable.time < 2 ? variable.time + 1:0;return variable.time == 0;" } ],
          "on_entry": [ "/playsound random.explode @a[r=30] ~~~ 1 0.8 0", "/particle ds:akaza2 ~~~", "/particle ds:akaza3 ~~~", "/particle ds:ranshiki_circle ~~~" ]
        }
      }
    },
    "controller.animation.akaza_atk2": {
      "states": {
        "default": {
          "transitions": [
            { 
              "walk": "(1.0)"
            }
          ]
        },
        "walk": {
          "transitions": [ { "default": "variable.time = (variable.time ?? 0);variable.time = variable.time < 2 ? variable.time + 1:0;return variable.time == 0;" } ],
          "on_entry": [ "/playsound random.explode @a[r=30] ~~~ 1 0.8 0", "/particle ds:akaza4 ~~~", "/particle ds:akaza5 ~~~" ]
        }
      }
    }
  }
}
