{
  "format_version": "1.10.0",
  "animation_controllers": {
    "controller.animation.beastbreath": {
      "initial_state": "default",
      "states": {
        "default": {
          "transitions": [
            {
              "water0.1": "query.get_equipped_item_name('main_hand')=='nichirin_inosuke' && query.is_using_item"
            },
            {
              "water0.1": "query.equipped_item_any_tag('slot.weapon.mainhand','nichirin0') && query.is_using_item && query.scoreboard('breath') == 2"
            }
          ],
          "on_entry": [
            "/tag @s remove beast1",
            "/tag @s remove beast2"
          ]
        },
        "water0.1": {
          "transitions": [
            {
              "water0.2": "query.is_using_item"
            },
            {
              "water1": "!query.is_using_item"
            }
          ],
          "on_entry": [
            "/execute @s[scores={res=20..}] ~~~ playanimation @s[scores={form=1}] animation.beast0 one",
            "/execute @s[scores={res=25..}] ~~~ playanimation @s[scores={form=2}] animation.beast0 one",
            "/execute @s[scores={res=30..}] ~~~ playanimation @s[scores={form=3}] animation.beast0 one"
          ]
        },
        "water0.2": {
          "transitions": [
            {
              "water0.1": "query.is_using_item"
            },
            {
              "water1": "!query.is_using_item"
            }
          ],
          "on_entry": [
            "/execute @s[scores={res=20..}] ~~~ playanimation @s[scores={form=1}] animation.beast0 one",
            "/execute @s[scores={res=25..}] ~~~ playanimation @s[scores={form=2}] animation.beast0 one",
            "/execute @s[scores={res=30..}] ~~~ playanimation @s[scores={form=3}] animation.beast0 one"
          ]
        },
        "water1": {
          "transitions": [
            {
              "default": "variable.time = (variable.time ?? 0);variable.time = variable.time < 25 ? variable.time + 1:0;return variable.time == 0;"
            }
          ],
          "on_entry": [
            "/execute @s[scores={res=35..}] ~~~ event entity @s[scores={form=3}] minecraft:event_beastcut",
            "/execute @s[scores={res=35..}] ~~~ scoreboard players remove @s[scores={form=3}] res 35",
            "/execute @s[scores={form=3}] ~~~ playsound item.trident.throw @a[r=15] ~~~ 0.5 1 0",

            "/execute @s[scores={res=25..}] ^^^3 damage @e[r=2,type=!item] 20 entity_attack entity @s[scores={form=2}]",
            "/execute @s[scores={res=25..}] ~~~ camerashake add @s[scores={form=2}] 1.25 0.5 positional",
            "/execute @s[scores={res=25..}] ~~~ playanimation @s[scores={form=2}] animation.beast2 one",
            "/execute @s[scores={res=25..}] ~~~ scoreboard players remove @s[scores={form=2}] res 25",
            "/execute @s[scores={form=2}] ~~~ playsound item.trident.throw @a[r=15] ~~~ 0.5 1 0",

           "/execute @s[scores={res=20..}] ~~~ tag @s[scores={form=1}] add beast1",
           "/execute @s[scores={res=20..}] ^^-0.5^-0.5 execute @s[scores={form=1}] ~~~ summon ds:impulse ~~~ impulse2",
            "/execute @s[scores={res=20..}] ^^^3 damage @e[r=2,type=!item] 15 entity_attack entity @s[scores={form=1}]",
            "/execute @s[scores={res=20..}] ~~~ camerashake add @s[scores={form=1}] 1 0.5 positional",
            "/execute @s[scores={res=20..}] ~~~ playanimation @s[scores={form=1}] animation.beast1 one",
            "/execute @s[scores={res=20..}] ~~~ scoreboard players remove @s[scores={form=1}] res 20",
            "/execute @s[scores={form=1}] ~~~ playsound item.trident.throw @a[r=15] ~~~ 0.5 1 0"
          ]
        }

      }
    }
  }
}
