{
  "format_version": "1.10.0",
  "animation_controllers": {
    "controller.animation.blood": {
      "states": {
        "default": {
          "transitions": [
            { 
              "1": "(1.0)"
            }
          ]
        },
        "1": {
          "transitions": [ { "default": "(1.0)" } ],
          "on_entry": [ "/execute @s[tag=blood] ~~~ particle ds:blood2 ~~2~" ]
        }
      }
    },
    "controller.animation.blood2": {
      "states": {
        "default": {
          "transitions": [
            { 
              "1": "(1.0)"
            }
          ]
        },
        "1": {
          "transitions": [ { "default": "(1.0)" } ],
          "on_entry": [ "/particle ds:blood3 ~~~" ]
        }
      }
    }
  }
}
