{
  "format_version": "1.10.0",
  "animation_controllers": {
    "controller.animation.breaths": {
      "states": {
        "default": {
          "transitions": [
            { "breath1": "query.equipped_item_any_tag('slot.weapon.mainhand','breath') && (query.is_using_item == 1.0)" },
            { "breath0": "(query.get_equipped_item_name == 'breath') && (query.is_using_item == 1.0)" },
            { "breath00": "(query.get_equipped_item_name == 'breath_gold') && (query.is_using_item == 1.0)" }
          ]
        },
	
        "breath00": {
          "on_entry": [
            "/particle ds:respiracao ^^1^0.1",
            "/scoreboard players add @s res3 5",
            "/scoreboard players add @s res 10",
		    "/playsound mob.horse.breathe @a[r=15] ~~0.5~ 1 0.8 0"
		  ],
          "transitions": [ { "breath00.1": "variable.time = (variable.time ?? 0);variable.time = variable.time < 10 ? variable.time + 1:0;return variable.time == 0;" }, { "default": "(query.is_using_item == 0.0)" } ]
		},
        "breath00.1": {
          "on_entry": [
            "/particle ds:respiracao ^^1^0.1",
            "/scoreboard players add @s res 10",
            "/scoreboard players add @s res3 5",
		    "/playsound mob.horse.breathe @a[r=15] ~~0.5~ 1 1.2 0"
		  ],
          "transitions": [ { "default": "variable.time = (variable.time ?? 0);variable.time = variable.time < 10 ? variable.time + 1:0;return variable.time == 0;" }, { "default": "(query.is_using_item == 0.0)" } ]
		},	
        "breath0": {
          "on_entry": [
            "/particle ds:respiracao ^^1^0.1",
            "/scoreboard players add @s res3 1",
            "/scoreboard players add @s res 5",
		    "/playsound mob.horse.breathe @a[r=15] ~~0.5~ 1 0.9 0"
		  ],
          "transitions": [ { "breath0.1": "variable.time = (variable.time ?? 0);variable.time = variable.time < 20 ? variable.time + 1:0;return variable.time == 0;" }, { "default": "(query.is_using_item == 0.0)" } ]
		},
        "breath0.1": {
          "on_entry": [
            "/particle ds:respiracao ^^1^0.1",
            "/scoreboard players add @s res 5",
            "/scoreboard players add @s res3 1",
		    "/playsound mob.horse.breathe @a[r=15] ~~0.5~ 1 1.1 0"
		  ],
          "transitions": [ { "default": "variable.time = (variable.time ?? 0);variable.time = variable.time < 20 ? variable.time + 1:0;return variable.time == 0;" }, { "default": "(query.is_using_item == 0.0)" } ]
		},
        "breath1": {
          "on_entry": [
            "/particle ds:respiracao ^^1^0.1",
		    "/playsound mob.horse.breathe @a[r=15] ~~0.5~ 1 0.9 0"
		  ],
          "transitions": [ { "breath1.1": "variable.time = (variable.time ?? 0);variable.time = variable.time < 20 ? variable.time + 1:0;return variable.time == 0;" }, { "default": "(query.is_using_item == 0.0)" } ]
		},
        "breath1.1": {
          "on_entry": [
            "/particle ds:respiracao ^^1^0.1",
		    "/playsound mob.horse.breathe @a[r=15] ~~0.5~ 1 1.1 0"
		  ],
          "transitions": [ { "breath1.2": "variable.time = (variable.time ?? 0);variable.time = variable.time < 20 ? variable.time + 1:0;return variable.time == 0;" }, { "default": "(query.is_using_item == 0.0)" } ]
		},
        "breath1.2": {
          "on_entry": [
            "/particle ds:respiracao ^^1^0.1",
		    "/playsound mob.horse.breathe @a[r=15] ~~0.5~ 1 0.8 0"
		  ],
          "transitions": [ { "breath1.3": "variable.time = (variable.time ?? 0);variable.time = variable.time < 20 ? variable.time + 1:0;return variable.time == 0;" }, { "default": "(query.is_using_item == 0.0)" } ]
		},
        "breath1.3": {
          "on_entry": [
            "/particle ds:respiracao ^^1^0.1",
		    "/playsound mob.horse.breathe @a[r=15] ~~0.5~ 1 1.3 0"
		  ],
          "transitions": [ { "breath1.4": "variable.time = (variable.time ?? 0);variable.time = variable.time < 20 ? variable.time + 1:0;return variable.time == 0;" }, { "default": "(query.is_using_item == 0.0)" } ]
		},
         "breath1.4": {
          "on_entry": [
            "/particle ds:respiracao ^^1^0.1",
		    "/playsound mob.horse.breathe @a[r=15] ~~0.5~ 1 0.7 0"
		  ],
          "transitions": [ { "breath1.5": "variable.time = (variable.time ?? 0);variable.time = variable.time < 20 ? variable.time + 1:0;return variable.time == 0;" }, { "default": "(query.is_using_item == 0.0)" } ]
		},
        "breath1.5": {
          "on_entry": [
            "/particle ds:respiracao ^^1^0.1",
		    "/playsound mob.horse.breathe @a[r=15] ~~0.5~ 1 0.9 0"
		  ],
          "transitions": [ { "default": "variable.time = (variable.time ?? 0);variable.time = variable.time < 20 ? variable.time + 1:0;return variable.time == 0;" }, { "moon": "(query.get_equipped_item_name == 'breath_moon')" }, { "sound": "(query.get_equipped_item_name == 'breath_sound')" }, { "water": "(query.get_equipped_item_name == 'breath_water')" }, { "mist": "(query.get_equipped_item_name == 'breath_mist')" }, { "beast": "(query.get_equipped_item_name == 'breath_beast')" }, { "love": "(query.get_equipped_item_name == 'breath_love')" },
{ "wind": "(query.get_equipped_item_name == 'breath_wind')" },{ "serpent": "(query.get_equipped_item_name == 'breath_serpent')" },{ "thunder": "(query.get_equipped_item_name == 'breath_thunder')" },
{ "flame": "(query.get_equipped_item_name == 'breath_flame')" }, { "sun": "(query.get_equipped_item_name == 'breath_sun')" } ]
		},
        "moon": {
          "on_entry": [
            "/playsound random.levelup @s",
            "/scoreboard players set @s breath 11"

		  ],
          "transitions": [ { "default": "(1.0)" } ]
		},
        "sound": {
          "on_entry": [
            "/playsound random.levelup @s",
            "/scoreboard players set @s breath 4"

		  ],
          "transitions": [ { "default": "(1.0)" } ]
		},
        "water": {
          "on_entry": [
            "/playsound random.levelup @s",
            "/scoreboard players set @s breath 1"

		  ],
          "transitions": [ { "default": "(1.0)" } ]
		},
        "mist": {
          "on_entry": [
            "/playsound random.levelup @s",
            "/scoreboard players set @s breath 3"

		  ],
          "transitions": [ { "default": "(1.0)" } ]
		},
        "flame": {
          "on_entry": [
            "/playsound random.levelup @s",
            "/scoreboard players set @s breath 6"

		  ],
          "transitions": [ { "default": "(1.0)" } ]
		},
        "love": {
          "on_entry": [
            "/playsound random.levelup @s",
            "/scoreboard players set @s breath 7"

		  ],
          "transitions": [ { "default": "(1.0)" } ]
		},
        "wind": {
          "on_entry": [
            "/playsound random.levelup @s",
            "/scoreboard players set @s breath 8"

		  ],
          "transitions": [ { "default": "(1.0)" } ]
		},
        "serpent": {
          "on_entry": [
            "/playsound random.levelup @s",
            "/scoreboard players set @s breath 9"

		  ],
          "transitions": [ { "default": "(1.0)" } ]
		},
        "thunder": {
          "on_entry": [
            "/playsound random.levelup @s",
            "/scoreboard players set @s breath 10"

		  ],
          "transitions": [ { "default": "(1.0)" } ]
		},
        "beast": {
          "on_entry": [
            "/playsound random.levelup @s",
            "/scoreboard players set @s breath 2"

		  ],
          "transitions": [ { "default": "(1.0)" } ]
		},
        "sun": {
          "on_entry": [
            "/playsound random.levelup @s",
            "/scoreboard players set @s breath 5"

		  ],
          "transitions": [ { "default": "(1.0)" } ]
		}
	  }
	}
  }
}
