{
  "format_version":"1.16.100",
  "animation_controllers":{
    "controller.animation.death":{
      "states":{
        "default":{
          "transitions":[
            {"1":"query.health <= 25 && query.mark_variant != 0"}
          ]
        },
        "1":{
          "transitions":[
            {"2":"variable.time = (variable.time ?? 0);variable.time = variable.time < 200 ? variable.time + 1:0;return variable.time == 0;"}
          ],
          "on_entry":[
            "/scoreboard players add @p[scores={q=2}] tp 25",
            "/scoreboard players set @p[scores={q=2}] q 0",
            "/playanimation @s animation.human_death",
            "/playsound blood2 @a[r=15]",
            "/replaceitem entity @s slot.weapon.mainhand 0 air",
            "/tag @s add dead"
          ]
        },
        "2":{
          "on_entry":[
            "/tag @s add despawn"
          ]
        }
      }
    },
    "controller.animation.death2":{
      "states":{
        "default":{
          "transitions":[
            {"1":"query.health <= 25 && query.variant != 0"}
          ]
        },
        "1":{
          "transitions":[
            {"2":"variable.time = (variable.time ?? 0);variable.time = variable.time < 200 ? variable.time + 1:0;return variable.time == 0;"}
          ],
          "on_entry":[
            "/scoreboard players add @p[scores={q=7}] tp 75",
            "/scoreboard players set @p[scores={q=7}] q 0",
            "/playanimation @s animation.human_death",
            "/playsound blood2 @a[r=15]",
            "/replaceitem entity @s slot.weapon.mainhand 0 air",
            "/tag @s add dead"
          ]
        },
        "2":{
          "on_entry":[
            "/tag @s add despawn"
          ]
        }
      }
    },
    "controller.animation.death3":{
      "states":{
        "default":{
          "transitions":[
            {"1":"query.health <= 25 && query.variant != 0"}
          ]
        },
        "1":{
          "transitions":[
            {"2":"variable.time = (variable.time ?? 0);variable.time = variable.time < 200 ? variable.time + 1:0;return variable.time == 0;"}
          ],
          "on_entry":[
            "/scoreboard players add @p[scores={q=8}] tp 75",
            "/scoreboard players set @p[scores={q=8}] q 0",
            "/playanimation @s animation.human_death",
            "/playsound blood2 @a[r=15]",
            "/replaceitem entity @s slot.weapon.mainhand 0 air",
            "/tag @s add dead"
          ]
        },
        "2":{
          "on_entry":[
            "/tag @s add despawn"
          ]
        }
      }
    },
    "controller.animation.death4":{
      "states":{
        "default":{
          "transitions":[
            {"1":"query.health <= 25 && query.variant != 0"}
          ]
        },
        "1":{
          "transitions":[
            {"2":"variable.time = (variable.time ?? 0);variable.time = variable.time < 200 ? variable.time + 1:0;return variable.time == 0;"}
          ],
          "on_entry":[
            "/scoreboard players add @p[scores={q=11}] tp 115",
            "/scoreboard players set @p[scores={q=11}] q 0",
            "/playanimation @s animation.human_death",
            "/playsound blood2 @a[r=15]",
            "/replaceitem entity @s slot.weapon.mainhand 0 air",
            "/tag @s add dead"
          ]
        },
        "2":{
          "on_entry":[
            "/tag @s add despawn"
          ]
        }
      }
    },
    "controller.animation.death5":{
      "states":{
        "default":{
          "transitions":[
            {"1":"query.health <= 25 && query.variant != 0"}
          ]
        },
        "1":{
          "transitions":[
            {"2":"variable.time = (variable.time ?? 0);variable.time = variable.time < 200 ? variable.time + 1:0;return variable.time == 0;"}
          ],
          "on_entry":[
            "/scoreboard players add @p[scores={q=14}] tp 130",
            "/scoreboard players set @p[scores={q=14}] q 0",
            "/playanimation @s animation.human_death",
            "/playsound blood2 @a[r=15]",
            "/replaceitem entity @s slot.weapon.mainhand 0 air",
            "/tag @s add dead"
          ]
        },
        "2":{
          "on_entry":[
            "/tag @s add despawn"
          ]
        }
      }
    }
  }
}
