{
  "format_version": "1.10.0",
  "animation_controllers": {
    "controller.animation.drum": {
      "states": {
        "default": {
          "transitions": [
            { 
              "1": "(1.0)"
            }
          ]
        },
        "1": {
          "transitions": [ { "2": "variable.time = (variable.time ?? 0);variable.time = variable.time < 1 ? variable.time + 1:0;return variable.time == 0;" } ],
          "on_entry": [ "/particle ds:drum ~~~" ]
        },
        "2": {
          "transitions": [ { "3": "variable.time = (variable.time ?? 0);variable.time = variable.time < 1 ? variable.time + 1:0;return variable.time == 0;" } ],
          "on_entry": [ "/particle ds:drum ~~~" ]
        },
        "3": {
          "transitions": [ { "4": "variable.time = (variable.time ?? 0);variable.time = variable.time < 1 ? variable.time + 1:0;return variable.time == 0;" } ],
          "on_entry": [ "/particle ds:drum ~~~" ]
        },
        "4": {
          "transitions": [ { "5": "variable.time = (variable.time ?? 0);variable.time = variable.time < 1 ? variable.time + 1:0;return variable.time == 0;" } ],
          "on_entry": [ "/particle ds:drum ~~~" ]
        },
        "5": {
          "transitions": [ { "1": "variable.time = (variable.time ?? 0);variable.time = variable.time < 1 ? variable.time + 1:0;return variable.time == 0;" } ],
          "on_entry": [ "/particle ds:drum ~~~", "/particle ds:drum2 ~~~", "/playsound random.explode @a[r=15] ~~~ 0.5 0.7 0" ]
        }
      }
    },
    "controller.animation.blood50": {
      "states": {
        "default": {
          "transitions": [
            { 
              "1": "(1.0)"
            }
          ]
        },
        "1": {
          "transitions": [ { "default": "(1.0)" } ],
          "on_entry": [ "/particle ds:blood3 ~~~" ]
        }
      }
    }
  }
}
