{
  "format_version": "1.10.0",
  "animation_controllers": {
    "controller.animation.flamebreath": {
      "initial_state": "default",
      "states": {
        "default": {
          "transitions": [
            {
              "water0.1": "query.get_equipped_item_name('main_hand')=='nichirin_rengoku' && query.is_using_item"
            },
            {
              "water0.1": "query.equipped_item_any_tag('slot.weapon.mainhand','nichirin0') && query.is_using_item && query.scoreboard('breath') == 6"
            }
          ],
          "on_entry": [
            "/tag @s remove flame1",
            "/tag @s remove flame2",
            "/tag @s remove flame3",
            "/tag @s remove flame4",
            "/tag @s remove flame5"
          ]
        },
        "water0.1": {
          "transitions": [
            {
              "water0.2": "query.is_using_item"
            },
            {
              "water1": "!query.is_using_item"
            }
          ],
          "on_entry": [
            "/execute @s[scores={res=10..}] ~~~ playanimation @s[scores={form=1}] animation.flame0 one",
            "/execute @s[scores={res=15..}] ~~~ playanimation @s[scores={form=2}] animation.flame0 one",
            "/execute @s[scores={res=20..}] ~~~ playanimation @s[scores={form=3}] animation.flame0 one",
            "/execute @s[scores={res=25..}] ~~~ playanimation @s[scores={form=4}] animation.flame0 one",
            "/execute @s[scores={res=35..}] ~~~ playanimation @s[scores={form=5}] animation.flame0 one",
            "/execute @s[scores={res=40..}] ~~~ playanimation @s[scores={form=6}] animation.flame0 one",
            "/execute @s[scores={res=40..}] ~~~ execute @s[scores={form=6}] ~~~ particle ds:flame4 ~~~"
          ]
        },
        "water0.2": {
          "transitions": [
            {
              "water0.1": "query.is_using_item"
            },
            {
              "water1": "!query.is_using_item"
            }
          ],
          "on_entry": [
            "/execute @s[scores={res=10..}] ~~~ playanimation @s[scores={form=1}] animation.flame0 one",
            "/execute @s[scores={res=15..}] ~~~ playanimation @s[scores={form=2}] animation.flame0 one",
            "/execute @s[scores={res=20..}] ~~~ playanimation @s[scores={form=3}] animation.flame0 one",
            "/execute @s[scores={res=25..}] ~~~ playanimation @s[scores={form=4}] animation.flame0 one",
            "/execute @s[scores={res=35..}] ~~~ playanimation @s[scores={form=5}] animation.flame0 one",
            "/execute @s[scores={res=40..}] ~~~ playanimation @s[scores={form=6}] animation.flame0 one",
            "/execute @s[scores={res=40..}] ~~~ execute @s[scores={form=6}] ~~~ particle ds:flame4 ~~~"
          ]
        },
        "water2": {
          "transitions": [
            {
              "water3": "variable.time = (variable.time ?? 0);variable.time = variable.time < 20 ? variable.time + 1:0;return variable.time == 0;"
            }
          ],
          "on_entry": [
           "/execute @s[scores={res=40..}] ~~~ tag @s[scores={form=6}] add flame5",
           "/execute @s[scores={res=40..}] ^^-0.5^-0.5 execute @s[scores={form=6}] ~~~ summon ds:impulse ~~~ impulse8",
            "/execute @s[scores={res=40..}] ^^^3 damage @e[r=2,type=!item] 25 entity_attack entity @s[scores={form=6}]",
            "/execute @s[scores={res=40..}] ~~~ camerashake add @s[scores={form=6}] 1.3 0.5 positional",
            "/execute @s[scores={res=40..}] ~~~ playanimation @s[scores={form=6}] animation.flame5 one",
            "/execute @s[scores={res=40..}] ~~~ execute @s[scores={form=6}] ~~~ particle ds:flame3 ~~~",
            "/execute @s[scores={form=6}] ~~~ playsound fire.fire @a[r=15] ~~~ 0.5 1 0",
            "/execute @s[scores={res=40..}] ~~~ scoreboard players remove @s[scores={form=6}] res 40"
          ]
        },
        "water3": {
          "transitions": [
            {
              "default": "variable.time = (variable.time ?? 0);variable.time = variable.time < 25 ? variable.time + 1:0;return variable.time == 0;"
            }
          ],
          "on_entry": [
            "/execute @s ^^^3 damage @e[r=2,type=!item] 25 entity_attack entity @s",
            "/camerashake add @s 1.35 0.5 positional",
            "/particle ds:flame5 ~~~",
            "/playsound fire.fire @a[r=15] ~~~ 0.5 1 0"
          ]
        },
        "water1": {
          "transitions": [
            {
              "default": "variable.time = (variable.time ?? 0);variable.time = variable.time < 25 ? variable.time + 1:0;return variable.time == 0;"
            },
            {
              "water2": "query.scoreboard('form') == 6 && query.scoreboard('res') >= 40"
            }
          ],
          "on_entry": [
            "/execute @s[scores={res=35..}] ~~~ execute @s[scores={form=5}] ~~~ event entity @s minecraft:event_flame_dragon",
            "/execute @s[scores={res=35..}] ~~~ camerashake add @s[scores={form=5}] 1.5 0.5 positional",
            "/execute @s[scores={res=35..}] ~~~ scoreboard players remove @s[scores={form=5}] res 35",
            "/execute @s[scores={form=5}] ~~~ playsound fire.fire @a[r=15] ~~~ 0.5 1 0",
            "/execute @s[scores={form=5}] ~~~ playsound mob.blaze.shoot @a[r=15] ~~~ 1 0.8 0",
            "/execute @s[scores={res=35..}] ~~~ playanimation @s[scores={form=5}] animation.flame1 one",

            "/execute @s[scores={res=25..}] ~~~ execute @s[scores={form=4}] ~~~ particle ds:flame2 ~~~",
            "/execute @s[scores={res=25..}] ^^^3 damage @e[r=2,type=!item] 22 entity_attack entity @s[scores={form=4}]",
            "/execute @s[scores={res=25..}] ~~~ camerashake add @s[scores={form=4}] 1.2 0.5 positional",
            "/execute @s[scores={res=25..}] ~~~ playanimation @s[scores={form=4}] animation.flame4 one",
            "/execute @s[scores={res=25..}] ~~~ scoreboard players remove @s[scores={form=4}] res 25",
            "/execute @s[scores={form=4}] ~~~ playsound fire.fire @a[r=15] ~~~ 0.5 1 0",

            "/execute @s[scores={res=20..}] ~~~ effect @s[scores={form=3}] levitation 1 3 true",
            "/execute @s[scores={res=20..}] ~~~ effect @s[scores={form=3}] slow_falling 3 0 true",
            "/execute @s[scores={res=20..}] ^^^3 damage @e[r=2,type=!item] 20 entity_attack entity @s[scores={form=3}]",
            "/execute @s[scores={res=20..}] ~~~ camerashake add @s[scores={form=3}] 1.15 0.5 positional",
            "/execute @s[scores={res=20..}] ~~~ playanimation @s[scores={form=3}] animation.flame3 one",
            "/execute @s[scores={res=20..}] ~~~ scoreboard players remove @s[scores={form=3}] res 20",
            "/execute @s[scores={form=3}] ~~~ playsound fire.fire @a[r=15] ~~~ 0.5 1 0",

            "/execute @s[scores={res=15..}] ^^^3 damage @e[r=2,type=!item] 15 entity_attack entity @s[scores={form=2}]",
            "/execute @s[scores={res=15..}] ~~~ camerashake add @s[scores={form=2}] 1.1 0.5 positional",
            "/execute @s[scores={res=15..}] ~~~ playanimation @s[scores={form=2}] animation.flame2 one",
            "/execute @s[scores={res=15..}] ~~~ scoreboard players remove @s[scores={form=2}] res 18",
            "/execute @s[scores={form=2}] ~~~ playsound fire.fire @a[r=15] ~~~ 0.5 1 0",

           "/execute @s[scores={res=10..}] ~~~ tag @s[scores={form=1}] add flame1",
           "/execute @s[scores={res=10..}] ^^-0.5^-0.5 execute @s[scores={form=1}] ~~~ summon ds:impulse ~~~ impulse7",
            "/execute @s[scores={res=10..}] ^^^3 damage @e[r=2,type=!item] 15 entity_attack entity @s[scores={form=1}]",
            "/execute @s[scores={res=10..}] ~~~ camerashake add @s[scores={form=1}] 1 0.5 positional",
            "/execute @s[scores={res=10..}] ~~~ playanimation @s[scores={form=1}] animation.flame1 one",
            "/execute @s[scores={res=10..}] ~~~ scoreboard players remove @s[scores={form=1}] res 10",
            "/execute @s[scores={form=1}] ~~~ playsound fire.fire @a[r=15] ~~~ 0.5 1 0"
          ]
        }

      }
    }
  }
}
