{
  "format_version":"1.16.100",
  "animation_controllers":{
    "controller.animation.forms":{
      "states":{
        "default":{
          "transitions":[
            {"water1":"query.get_equipped_item_name('main_hand')=='nichirin_tanjiro' && variable.attack_time && query.is_sneaking"},
            {"water1":"query.equipped_item_any_tag('slot.weapon.mainhand','nichirin0') && variable.attack_time && query.is_sneaking && query.scoreboard('breath') == 1"},
            {"water2":"query.get_equipped_item_name('main_hand')=='nichirin_tomioka' && variable.attack_time && query.is_sneaking"},
            {"beast1":"query.get_equipped_item_name('main_hand')=='nichirin_inosuke' && variable.attack_time && query.is_sneaking"},
            {"beast1":"query.equipped_item_any_tag('slot.weapon.mainhand','nichirin0') && variable.attack_time && query.is_sneaking && query.scoreboard('breath') == 2"},
            {"sound1":"query.get_equipped_item_name('main_hand')=='nichirin_uzui' && variable.attack_time && query.is_sneaking"},
            {"sound1":"query.equipped_item_any_tag('slot.weapon.mainhand','nichirin0') && variable.attack_time && query.is_sneaking && query.scoreboard('breath') == 4"},
            {"mist1":"query.get_equipped_item_name('main_hand')=='nichirin_tokito' && variable.attack_time && query.is_sneaking"},
            {"mist1":"query.equipped_item_any_tag('slot.weapon.mainhand','nichirin0') && variable.attack_time && query.is_sneaking && query.scoreboard('breath') == 3"},

{"flame1":"query.get_equipped_item_name('main_hand')=='nichirin_rengoku' && variable.attack_time && query.is_sneaking"},
            {"flame1":"query.equipped_item_any_tag('slot.weapon.mainhand','nichirin0') && variable.attack_time && query.is_sneaking && query.scoreboard('breath') == 6"},

{"love1":"query.get_equipped_item_name('main_hand')=='nichirin_mitsuri' && variable.attack_time && query.is_sneaking"},
            {"love1":"query.equipped_item_any_tag('slot.weapon.mainhand','nichirin0') && variable.attack_time && query.is_sneaking && query.scoreboard('breath') == 7"},

{"wind1":"query.get_equipped_item_name('main_hand')=='nichirin_sanemi' && variable.attack_time && query.is_sneaking"},
            {"wind1":"query.equipped_item_any_tag('slot.weapon.mainhand','nichirin0') && variable.attack_time && query.is_sneaking && query.scoreboard('breath') == 8"},

{"thunder1":"query.get_equipped_item_name('main_hand')=='nichirin_zenitsu' && variable.attack_time && query.is_sneaking"},
            {"thunder1":"query.equipped_item_any_tag('slot.weapon.mainhand','nichirin0') && variable.attack_time && query.is_sneaking && query.scoreboard('breath') == 10"},

{"serpent1":"query.get_equipped_item_name('main_hand')=='nichirin_obanai' && variable.attack_time && query.is_sneaking"},
            {"serpent1":"query.equipped_item_any_tag('slot.weapon.mainhand','nichirin0') && variable.attack_time && query.is_sneaking && query.scoreboard('breath') == 9"},

{"moon1":"query.get_equipped_item_name('main_hand')=='nichirin_kokushibou' && variable.attack_time && query.is_sneaking"},
            {"moon1":"query.equipped_item_any_tag('slot.weapon.mainhand','nichirin0') && variable.attack_time && query.is_sneaking && query.scoreboard('breath') == 11"},
            {"sun1":"query.get_equipped_item_name('main_hand')=='nichirin_yoriichi' && variable.attack_time && query.is_sneaking"},
            {"sun1":"query.equipped_item_any_tag('slot.weapon.mainhand','nichirin0') && variable.attack_time && query.is_sneaking && query.scoreboard('breath') == 5"}
          ]
        },
        "water1":{
          "transitions":[
            {"1.6":"variable.time = (variable.time ?? 0);variable.time = variable.time < 2 ? variable.time + 1:0;return variable.time == 0;"}
          ],
          "on_entry":[
           "/playsound armor.equip_iron @a[r=10] ~~~ 0.5 0.8 0",
           "/scoreboard players add @s form 1",
           "/scoreboard players set @s[scores={form=11..}] form 1",
           "/function waterform"
          ]
        },
       "water2":{
          "transitions":[
            {"1.6":"variable.time = (variable.time ?? 0);variable.time = variable.time < 2 ? variable.time + 1:0;return variable.time == 0;"}
          ],
          "on_entry":[
           "/playsound armor.equip_iron @a[r=10] ~~~ 0.5 0.8 0",
           "/scoreboard players add @s form 1",
           "/scoreboard players set @s[scores={form=12..}] form 1",
           "/function waterform"
          ]
        },
       "beast1":{
          "transitions":[
            {"1.6":"variable.time = (variable.time ?? 0);variable.time = variable.time < 2 ? variable.time + 1:0;return variable.time == 0;"}
          ],
          "on_entry":[
           "/playsound armor.equip_iron @a[r=10] ~~~ 0.5 0.8 0",
           "/scoreboard players add @s form 1",
           "/scoreboard players set @s[scores={form=4..}] form 1",
           "/function beastform"
          ]
        },
       "sound1":{
          "transitions":[
            {"1.6":"variable.time = (variable.time ?? 0);variable.time = variable.time < 2 ? variable.time + 1:0;return variable.time == 0;"}
          ],
          "on_entry":[
           "/playsound armor.equip_iron @a[r=10] ~~~ 0.5 0.8 0",
           "/scoreboard players add @s form 1",
           "/scoreboard players set @s[scores={form=4..}] form 1",
           "/function soundform"
          ]
        },
       "mist1":{
          "transitions":[
            {"1.6":"variable.time = (variable.time ?? 0);variable.time = variable.time < 2 ? variable.time + 1:0;return variable.time == 0;"}
          ],
          "on_entry":[
           "/playsound armor.equip_iron @a[r=10] ~~~ 0.5 0.8 0",
           "/scoreboard players add @s form 1",
           "/scoreboard players set @s[scores={form=8..}] form 1",
           "/function mistform"
          ]
        },
       "flame1":{
          "transitions":[
            {"1.6":"variable.time = (variable.time ?? 0);variable.time = variable.time < 2 ? variable.time + 1:0;return variable.time == 0;"}
          ],
          "on_entry":[
           "/playsound armor.equip_iron @a[r=10] ~~~ 0.5 0.8 0",
           "/scoreboard players add @s form 1",
           "/scoreboard players set @s[scores={form=8..}] form 1",
           "/function flameform"
          ]
        },
       "love1":{
          "transitions":[
            {"1.6":"variable.time = (variable.time ?? 0);variable.time = variable.time < 2 ? variable.time + 1:0;return variable.time == 0;"}
          ],
          "on_entry":[
           "/playsound armor.equip_iron @a[r=10] ~~~ 0.5 0.8 0",
           "/scoreboard players add @s form 1",
           "/scoreboard players set @s[scores={form=6..}] form 1",
           "/function loveform"
          ]
        },
       "wind1":{
          "transitions":[
            {"1.6":"variable.time = (variable.time ?? 0);variable.time = variable.time < 2 ? variable.time + 1:0;return variable.time == 0;"}
          ],
          "on_entry":[
           "/playsound armor.equip_iron @a[r=10] ~~~ 0.5 0.8 0",
           "/scoreboard players add @s form 1",
           "/scoreboard players set @s[scores={form=10..}] form 1",
           "/function windform"
          ]
        },
       "thunder1":{
          "transitions":[
            {"1.6":"variable.time = (variable.time ?? 0);variable.time = variable.time < 2 ? variable.time + 1:0;return variable.time == 0;"}
          ],
          "on_entry":[
           "/playsound armor.equip_iron @a[r=10] ~~~ 0.5 0.8 0",
           "/scoreboard players add @s form 1",
           "/scoreboard players set @s[scores={form=6..}] form 1",
           "/function thunderform"
          ]
        },
       "serpent1":{
          "transitions":[
            {"1.6":"variable.time = (variable.time ?? 0);variable.time = variable.time < 2 ? variable.time + 1:0;return variable.time == 0;"}
          ],
          "on_entry":[
           "/playsound armor.equip_iron @a[r=10] ~~~ 0.5 0.8 0",
           "/scoreboard players add @s form 1",
           "/scoreboard players set @s[scores={form=6..}] form 1",
           "/function serpentform"
          ]
        },
       "moon1":{
          "transitions":[
            {"1.6":"variable.time = (variable.time ?? 0);variable.time = variable.time < 2 ? variable.time + 1:0;return variable.time == 0;"}
          ],
          "on_entry":[
           "/playsound armor.equip_iron @a[r=10] ~~~ 0.5 0.8 0",
           "/scoreboard players add @s form 1",
           "/scoreboard players set @s[scores={form=6..}] form 1",
           "/function moonform"
          ]
        },
       "sun1":{
          "transitions":[
            {"1.6":"variable.time = (variable.time ?? 0);variable.time = variable.time < 2 ? variable.time + 1:0;return variable.time == 0;"}
          ],
          "on_entry":[
           "/playsound armor.equip_iron @a[r=10] ~~~ 0.5 0.8 0",
           "/scoreboard players add @s form 1",
           "/scoreboard players set @s[scores={form=13..}] form 1",
           "/function sunform"
          ]
        },
        "1.6":{
          "transitions":[
            {"1.7":"variable.time = (variable.time ?? 0);variable.time = variable.time < 2 ? variable.time + 1:0;return variable.time == 0;"}
          ]
        },
        "1.7":{
          "transitions":[
            {"1.8":"variable.time = (variable.time ?? 0);variable.time = variable.time < 2 ? variable.time + 1:0;return variable.time == 0;"}
          ]
        },
        "1.8":{
          "transitions":[
            {"default":"variable.time = (variable.time ?? 0);variable.time = variable.time < 2 ? variable.time + 1:0;return variable.time == 0;"}
          ]
        }
        
      }
    }
  }
}
