{
  "format_version":"1.16.100",
  "animation_controllers":{
    "controller.animation.headhand":{
      "states":{
        "default":{
          "transitions":[ 
{"1":"query.scoreboard('q') == 9 && query.get_equipped_item_name('main_hand')=='head_oni1' || query.get_equipped_item_name('main_hand')=='head_oni2' || query.get_equipped_item_name('main_hand')=='head_oni3' || query.get_equipped_item_name('main_hand')=='head_oni4'"},

{"3":"query.scoreboard('q') == 13 && query.get_equipped_item_name('main_hand')=='siringa_blood'"},

{"2":"query.scoreboard('q') == 10 &&
query.get_equipped_item_name('main_hand')=='head_slayer1' || query.get_equipped_item_name('main_hand')=='head_slayer2' || query.get_equipped_item_name('main_hand')=='head_slayer3' || query.get_equipped_item_name('main_hand')=='head_slayer4'"}
          ]},
        "1":{"transitions":[{"default":"(1.0)"}],
          "on_entry":[
            "/scoreboard players add @s tp 100",
            "/scoreboard players set @s q 0",
            "/replaceitem entity @s slot.weapon.mainhand 1 air",
            "/playsound random.levelup @s ~~~ 0.7 0.8 0"
          ]},
        "3":{"transitions":[{"default":"(1.0)"}],
          "on_entry":[
            "/scoreboard players add @s tp 130",
            "/scoreboard players set @s q 0",
            "/replaceitem entity @s slot.weapon.mainhand 1 air",
            "/playsound random.levelup @s ~~~ 0.7 0.8 0"
          ]},
        "2":{"transitions":[{"default":"(1.0)"}],
          "on_entry":[
            "/scoreboard players add @s tp 100",
            "/scoreboard players set @s q 0",
            "/replaceitem entity @s slot.weapon.mainhand 1 air",
            "/playsound random.levelup @s ~~~ 0.7 0.8 0"
          ]}
      }
    },
    "controller.animation.headoff":{
      "states":{
        "default":{
          "transitions":[
            {"1":"query.health <= 10 && query.mark_variant != 0"}
          ]
        },
        "1":{
          "transitions":[
            {"2":"query.all_animations_finished"}
          ],
          "on_entry":[
            "/scoreboard players add @p[scores={q=1}] tp 25",
            "/scoreboard players set @p[scores={q=1}] q 0",
            "/playanimation @s animation.oni_death",
            "/playsound blood2 @a[r=15]",
            "/tag @s add blood",
	       	"/give @a[tag=!slayer,r=10] ds:nichirin 0 1",
            "/give @a[tag=!slayer,r=10] ds:clothing_slayer",
            "/give @a[tag=!slayer,r=10] ds:pants_slayer",
            "/tag @a[tag=!slayer,r=10] add slayer"
          ]
        },
        "2":{
          "on_entry":[
            "/kill @s"
          ]
        }
      }
    },
    "controller.animation.headoff2":{
      "states":{
        "default":{
          "transitions":[
            {"1":"query.health <= 10 && query.mark_variant != 0"}
          ]
        },
        "1":{
          "transitions":[
            {"2":"query.all_animations_finished"}
          ],
          "on_entry":[
            "/scoreboard players add @p[scores={q=3}] tp 50",
            "/scoreboard players set @p[scores={q=3}] q 0",
            "/playanimation @s animation.oni_death",
            "/playsound blood2 @a[r=15]",
            "/tag @s add blood"
          ]
        },
        "2":{
          "on_entry":[
            "/kill @s"
          ]
        }
      }
    },
    "controller.animation.headoff3":{
      "states":{
        "default":{
          "transitions":[
            {"1":"query.health <= 10 && query.variant != 0"}
          ]
        },
        "1":{
          "transitions":[
            {"2":"query.all_animations_finished"}
          ],
          "on_entry":[
            "/scoreboard players add @p[scores={q=4}] tp 50",
            "/scoreboard players set @p[scores={q=4}] q 0",
            "/playanimation @s animation.oni_death",
            "/playsound blood2 @a[r=15]",
            "/tag @s add blood"
          ]
        },
        "2":{
          "on_entry":[
            "/kill @s"
          ]
        }
      }
    },
    "controller.animation.headoff4":{
      "states":{
        "default":{
          "transitions":[
            {"1":"query.health <= 10 && query.mark_variant != 0"}
          ]
        },
        "1":{
          "transitions":[
            {"2":"query.all_animations_finished"}
          ],
          "on_entry":[
            "/scoreboard players add @p[scores={q=5}] tp 50",
            "/scoreboard players set @p[scores={q=5}] q 0",
            "/playanimation @s animation.oni_death",
            "/playsound blood2 @a[r=15]",
            "/tag @s add blood"
          ]
        },
        "2":{
          "on_entry":[
            "/kill @s"
          ]
        }
      }
    },
    "controller.animation.headoff5":{
      "states":{
        "default":{
          "transitions":[
            {"1":"query.health <= 10 && query.variant != 0"}
          ]
        },
        "1":{
          "transitions":[
            {"2":"query.all_animations_finished"}
          ],
          "on_entry":[
            "/scoreboard players add @p[scores={q=6}] tp 75",
            "/scoreboard players set @p[scores={q=6}] q 0",
            "/playanimation @s animation.oni_death",
            "/playsound blood2 @a[r=15]",
            "/tag @s add blood"
          ]
        },
        "2":{
          "on_entry":[
            "/kill @s"
          ]
        }
      }
    },
    "controller.animation.headoff6":{
      "states":{
        "default":{
          "transitions":[
            {"1":"query.health <= 10 && query.mark_variant != 0"}
          ]
        },
        "1":{
          "transitions":[
            {"2":"query.all_animations_finished"}
          ],
          "on_entry":[
            "/scoreboard players add @p[scores={q=12}] tp 115",
            "/scoreboard players set @p[scores={q=12}] q 0",
            "/playanimation @s animation.oni_death",
            "/playsound blood2 @a[r=15]",
            "/tag @s add blood"
          ]
        },
        "2":{
          "on_entry":[
            "/kill @s"
          ]
        }
      }
    },
    "controller.animation.headoff_daki":{
      "states":{
        "default":{
          "transitions":[
            {"1":"query.health <= 50 && query.mark_variant != 0"}
          ]
        },
        "1":{
          "transitions":[
            {"2":"query.all_animations_finished"}
          ],
          "on_entry":[
            "/playanimation @s animation.oni_death",
            "/playsound blood2 @a[r=15]",
            "/tag @s add blood",
            "/summon ds:gyutaro ~~~"
          ]
        },
        "2":{
          "on_entry":[
            "/tag @s remove blood"
          ]
        }
      }
    }
  }
}
