{
	"format_version": "1.10.0",
	"animation_controllers": {
		"controller.animation.health": {
			"states": {
				"default": {
					"transitions": [
						{"0": "!query.is_alive"},
						{"0_0": "query.health == 0"},
						{"1": "query.health == 1"},
						{"2": "query.health == 2"},
						{"3": "query.health == 3"},
						{"4": "query.health == 4"},
						{"5": "query.health == 5"},
						{"6": "query.health == 6"},
						{"7": "query.health == 7"},
						{"8": "query.health == 8"},
						{"9": "query.health == 9"},
						{"10": "query.health == 10"},
						{"11": "query.health == 11"},
						{"12": "query.health == 12"},
						{"13": "query.health == 13"},
						{"14": "query.health == 14"},
						{"15": "query.health == 15"},
						{"16": "query.health == 16"},
						{"17": "query.health == 17"},
						{"18": "query.health == 18"},
						{"19": "query.health == 19"},
						{"20": "query.health == 20"},
						{"21": "query.health == 21"},
						{"22": "query.health == 22"},
						{"23": "query.health == 23"},
						{"24": "query.health == 24"},
						{"25": "query.health == 25"},
						{"26": "query.health == 26"},
						{"27": "query.health == 27"},
						{"28": "query.health == 28"},
						{"29": "query.health == 29"},
						{"30": "query.health == 30"},
						{"31": "query.health == 31"},
						{"32": "query.health == 32"},
						{"33": "query.health == 33"},
						{"34": "query.health == 34"},
						{"35": "query.health == 35"},
						{"36": "query.health == 36"},
						{"37": "query.health == 37"},
						{"38": "query.health == 38"},
						{"39": "query.health == 39"},
						{"40": "query.health == 40"},
						{"41": "query.health == 41"},
						{"42": "query.health == 42"},
						{"43": "query.health == 43"},
						{"44": "query.health == 44"},
						{"45": "query.health == 45"},
						{"46": "query.health == 46"},
						{"47": "query.health == 47"},
						{"48": "query.health == 48"},
						{"49": "query.health == 49"},
						{"50": "query.health == 50"},
						{"51": "query.health == 51"},
						{"52": "query.health == 52"},
						{"53": "query.health == 53"},
						{"54": "query.health == 54"},
						{"55": "query.health == 55"},
						{"56": "query.health == 56"},
						{"57": "query.health == 57"},
						{"58": "query.health == 58"},
						{"59": "query.health == 59"},
						{"60": "query.health == 60"},
						{"61": "query.health == 61"},
						{"62": "query.health == 62"},
						{"63": "query.health == 63"},
						{"64": "query.health == 64"},
						{"65": "query.health == 65"},
						{"66": "query.health == 66"},
						{"67": "query.health == 67"},
						{"68": "query.health == 68"},
						{"69": "query.health == 69"},
						{"70": "query.health == 70"},
						{"71": "query.health == 71"},
						{"72": "query.health == 72"},
						{"73": "query.health == 73"},
						{"74": "query.health == 74"},
						{"75": "query.health == 75"},
						{"76": "query.health == 76"},
						{"77": "query.health == 77"},
						{"78": "query.health == 78"},
						{"79": "query.health == 79"},
						{"80": "query.health == 80"},
						{"81": "query.health == 81"},
						{"82": "query.health == 82"},
						{"83": "query.health == 83"},
						{"84": "query.health == 84"},
						{"85": "query.health == 85"},
						{"86": "query.health == 86"},
						{"87": "query.health == 87"},
						{"88": "query.health == 88"},
						{"89": "query.health == 89"},
						{"90": "query.health == 90"},
						{"91": "query.health == 91"},
						{"92": "query.health == 92"},
						{"93": "query.health == 93"},
						{"94": "query.health == 94"},
						{"95": "query.health == 95"},
						{"96": "query.health == 96"},
						{"97": "query.health == 97"},
						{"98": "query.health == 98"},
						{"99": "query.health == 99"},
						{"100": "query.health == 100"},
						{"101": "query.health == 101"},
						{"102": "query.health == 102"},
						{"103": "query.health == 103"},
						{"104": "query.health == 104"},
						{"105": "query.health == 105"},
						{"106": "query.health == 106"},
						{"107": "query.health == 107"},
						{"108": "query.health == 108"},
						{"109": "query.health == 109"},
						{"110": "query.health == 110"},
						{"111": "query.health == 111"},
						{"112": "query.health == 112"},
						{"113": "query.health == 113"},
						{"114": "query.health == 114"},
						{"115": "query.health == 115"},
						{"116": "query.health == 116"},
						{"117": "query.health == 117"},
						{"118": "query.health == 118"},
						{"119": "query.health == 119"},
						{"120": "query.health == 120"},
						{"121": "query.health == 121"},
						{"122": "query.health == 122"},
						{"123": "query.health == 123"},
						{"124": "query.health == 124"},
						{"125": "query.health == 125"},
						{"126": "query.health == 126"},
						{"127": "query.health == 127"},
						{"128": "query.health == 128"},
						{"129": "query.health == 129"},
						{"130": "query.health == 130"},
						{"131": "query.health == 131"},
						{"132": "query.health == 132"},
						{"133": "query.health == 133"},
						{"134": "query.health == 134"},
						{"135": "query.health == 135"},
						{"136": "query.health == 136"},
						{"137": "query.health == 137"},
						{"138": "query.health == 138"},
						{"139": "query.health == 139"},
						{"140": "query.health == 140"},
						{"141": "query.health == 141"},
						{"142": "query.health == 142"},
						{"143": "query.health == 143"},
						{"144": "query.health == 144"},
						{"145": "query.health == 145"},
						{"146": "query.health == 146"},
						{"147": "query.health == 147"},
						{"148": "query.health == 148"},
						{"149": "query.health == 149"},
						{"150": "query.health == 150"},
						{"151": "query.health == 151"},
						{"152": "query.health == 152"},
						{"153": "query.health == 153"},
						{"154": "query.health == 154"},
						{"155": "query.health == 155"},
						{"156": "query.health == 156"},
						{"157": "query.health == 157"},
						{"158": "query.health == 158"},
						{"159": "query.health == 159"},
						{"160": "query.health == 160"},
						{"161": "query.health == 161"},
						{"162": "query.health == 162"},
						{"163": "query.health == 163"},
						{"164": "query.health == 164"},
						{"165": "query.health == 165"},
						{"166": "query.health == 166"},
						{"167": "query.health == 167"},
						{"168": "query.health == 168"},
						{"169": "query.health == 169"},
						{"170": "query.health == 170"},
						{"171": "query.health == 171"},
						{"172": "query.health == 172"},
						{"173": "query.health == 173"},
						{"174": "query.health == 174"},
						{"175": "query.health == 175"},
						{"176": "query.health == 176"},
						{"177": "query.health == 177"},
						{"178": "query.health == 178"},
						{"179": "query.health == 179"},
						{"180": "query.health == 180"},
						{"181": "query.health == 181"},
						{"182": "query.health == 182"},
						{"183": "query.health == 183"},
						{"184": "query.health == 184"},
						{"185": "query.health == 185"},
						{"186": "query.health == 186"},
						{"187": "query.health == 187"},
						{"188": "query.health == 188"},
						{"189": "query.health == 189"},
						{"190": "query.health == 190"},
						{"191": "query.health == 191"},
						{"192": "query.health == 192"},
						{"193": "query.health == 193"},
						{"194": "query.health == 194"},
						{"195": "query.health == 195"},
						{"196": "query.health == 196"},
						{"197": "query.health == 197"},
						{"198": "query.health == 198"},
						{"199": "query.health == 199"},
						{"200": "query.health == 200"},
						{"201": "query.health == 201"},
						{"202": "query.health == 202"},
						{"203": "query.health == 203"},
						{"204": "query.health == 204"},
						{"205": "query.health == 205"},
						{"206": "query.health == 206"},
						{"207": "query.health == 207"},
						{"208": "query.health == 208"},
						{"209": "query.health == 209"},
						{"210": "query.health == 210"},
						{"211": "query.health == 211"},
						{"212": "query.health == 212"},
						{"213": "query.health == 213"},
						{"214": "query.health == 214"},
						{"215": "query.health == 215"},
						{"216": "query.health == 216"},
						{"217": "query.health == 217"},
						{"218": "query.health == 218"},
						{"219": "query.health == 219"},
						{"220": "query.health == 220"},
						{"221": "query.health == 221"},
						{"222": "query.health == 222"},
						{"223": "query.health == 223"},
						{"224": "query.health == 224"},
						{"225": "query.health == 225"},
						{"226": "query.health == 226"},
						{"227": "query.health == 227"},
						{"228": "query.health == 228"},
						{"229": "query.health == 229"},
						{"230": "query.health == 230"},
						{"231": "query.health == 231"},
						{"232": "query.health == 231"},
						{"233": "query.health == 233"},
						{"234": "query.health == 234"},
						{"235": "query.health == 235"},
						{"236": "query.health == 236"},
						{"237": "query.health == 237"},
						{"238": "query.health == 238"},
						{"239": "query.health == 239"},
						{"240": "query.health == 240"},
						{"241": "query.health == 241"},
						{"242": "query.health == 242"},
						{"243": "query.health == 243"},
						{"244": "query.health == 244"},
						{"245": "query.health == 245"},
						{"246": "query.health == 246"},
						{"247": "query.health == 247"},
						{"248": "query.health == 248"},
						{"249": "query.health == 249"},
						{"250": "query.health == 250"},
						{"251": "query.health == 251"},
						{"252": "query.health == 252"},
						{"253": "query.health == 253"},
						{"254": "query.health == 254"},
						{"255": "query.health == 255"},
						{"256": "query.health == 256"},
						{"257": "query.health == 257"},
						{"258": "query.health == 258"},
						{"259": "query.health == 259"},
						{"260": "query.health == 260"},
						{"261": "query.health == 261"},
						{"262": "query.health == 262"},
						{"263": "query.health == 263"},
						{"264": "query.health == 264"},
						{"265": "query.health == 265"},
						{"266": "query.health == 266"},
						{"267": "query.health == 267"},
						{"268": "query.health == 268"},
						{"269": "query.health == 269"},
						{"270": "query.health == 270"},
						{"271": "query.health == 271"},
						{"272": "query.health == 272"},
						{"273": "query.health == 273"},
						{"274": "query.health == 274"},
						{"275": "query.health == 275"},
						{"276": "query.health == 276"},
						{"277": "query.health == 277"},
						{"278": "query.health == 278"},
						{"279": "query.health == 279"},
						{"280": "query.health == 280"},
						{"281": "query.health == 281"},
						{"282": "query.health == 282"},
						{"283": "query.health == 283"},
						{"284": "query.health == 284"},
						{"285": "query.health == 285"},
						{"286": "query.health == 286"},
						{"287": "query.health == 287"},
						{"288": "query.health == 288"},
						{"289": "query.health == 289"},
						{"290": "query.health == 290"},
						{"291": "query.health == 291"},
						{"292": "query.health == 292"},
						{"293": "query.health == 293"},
						{"294": "query.health == 294"},
						{"295": "query.health == 295"},
						{"296": "query.health == 296"},
						{"297": "query.health == 297"},
						{"298": "query.health == 298"},
						{"299": "query.health == 299"},
						{"300": "query.health == 300"},
						{"301": "query.health == 301"},
						{"302": "query.health == 302"},
						{"303": "query.health == 303"},
						{"304": "query.health == 304"},
						{"305": "query.health == 305"},
						{"306": "query.health == 306"},
						{"307": "query.health == 307"},
						{"308": "query.health == 308"},
						{"309": "query.health == 309"},
						{"310": "query.health == 310"},
						{"311": "query.health == 311"},
						{"312": "query.health == 312"},
						{"313": "query.health == 313"},
						{"314": "query.health == 314"},
						{"315": "query.health == 315"},
						{"316": "query.health == 316"},
						{"317": "query.health == 317"},
						{"318": "query.health == 318"},
						{"319": "query.health == 319"},
						{"320": "query.health == 320"},
						{"321": "query.health == 321"},
						{"322": "query.health == 322"},
						{"323": "query.health == 323"},
						{"324": "query.health == 324"},
						{"325": "query.health == 325"},
						{"326": "query.health == 326"},
						{"327": "query.health == 327"},
						{"328": "query.health == 328"},
						{"329": "query.health == 329"},
						{"330": "query.health == 330"},
						{"331": "query.health == 331"},
						{"332": "query.health == 332"},
						{"333": "query.health == 333"},
						{"334": "query.health == 334"},
						{"335": "query.health == 335"},
						{"336": "query.health == 336"},
						{"337": "query.health == 337"},
						{"338": "query.health == 338"},
						{"339": "query.health == 339"},
						{"340": "query.health == 340"},
						{"341": "query.health == 341"},
						{"342": "query.health == 342"},
						{"343": "query.health == 343"},
						{"344": "query.health == 344"},
						{"345": "query.health == 345"},
						{"346": "query.health == 346"},
						{"347": "query.health == 347"},
						{"348": "query.health == 348"},
						{"349": "query.health == 349"},
						{"350": "query.health == 350"},
						{"351": "query.health == 351"},
						{"352": "query.health == 352"},
						{"353": "query.health == 353"},
						{"354": "query.health == 354"},
						{"355": "query.health == 355"},
						{"356": "query.health == 356"},
						{"357": "query.health == 357"},
						{"358": "query.health == 358"},
						{"359": "query.health == 359"},
						{"360": "query.health == 360"},
						{"361": "query.health == 361"},
						{"362": "query.health == 362"},
						{"363": "query.health == 363"},
						{"364": "query.health == 364"},
						{"365": "query.health == 365"},
						{"366": "query.health == 366"},
						{"367": "query.health == 367"},
						{"368": "query.health == 368"},
						{"369": "query.health == 369"},
						{"370": "query.health == 370"},
						{"371": "query.health == 371"},
						{"372": "query.health == 372"},
						{"373": "query.health == 373"},
						{"374": "query.health == 374"},
						{"375": "query.health == 375"},
						{"376": "query.health == 376"},
						{"377": "query.health == 377"},
						{"378": "query.health == 378"},
						{"379": "query.health == 379"},
						{"380": "query.health == 380"},
						{"381": "query.health == 381"},
						{"382": "query.health == 382"},
						{"383": "query.health == 383"},
						{"384": "query.health == 384"},
						{"385": "query.health == 385"},
						{"386": "query.health == 386"},
						{"387": "query.health == 387"},
						{"388": "query.health == 388"},
						{"389": "query.health == 389"},
						{"390": "query.health == 390"},
						{"391": "query.health == 391"},
						{"392": "query.health == 392"},
						{"393": "query.health == 393"},
						{"394": "query.health == 394"},
						{"395": "query.health == 395"},
						{"396": "query.health == 396"},
						{"397": "query.health == 397"},
						{"398": "query.health == 398"},
						{"399": "query.health == 399"},
						{"400": "query.health == 400"},
						{"401": "query.health == 401"},
						{"402": "query.health == 402"},
						{"403": "query.health == 403"},
						{"404": "query.health == 404"},
						{"405": "query.health == 405"},
						{"406": "query.health == 406"},
						{"407": "query.health == 407"},
						{"408": "query.health == 408"},
						{"409": "query.health == 409"},
						{"410": "query.health == 410"},
						{"411": "query.health == 411"},
						{"412": "query.health == 412"},
						{"413": "query.health == 413"},
						{"414": "query.health == 414"},
						{"415": "query.health == 415"},
						{"416": "query.health == 416"},
						{"417": "query.health == 417"},
						{"418": "query.health == 418"},
						{"419": "query.health == 419"},
						{"420": "query.health == 420"},
						{"421": "query.health == 421"},
						{"422": "query.health == 422"},
						{"423": "query.health == 423"},
						{"424": "query.health == 424"},
						{"425": "query.health == 425"},
						{"426": "query.health == 426"},
						{"427": "query.health == 427"},
						{"428": "query.health == 428"},
						{"429": "query.health == 429"},
						{"430": "query.health == 430"},
						{"431": "query.health == 431"},
						{"432": "query.health == 432"},
						{"433": "query.health == 433"},
						{"434": "query.health == 434"},
						{"435": "query.health == 435"},
						{"436": "query.health == 436"},
						{"437": "query.health == 437"},
						{"438": "query.health == 438"},
						{"439": "query.health == 439"},
						{"440": "query.health == 440"},
						{"441": "query.health == 441"},
						{"442": "query.health == 442"},
						{"443": "query.health == 443"},
						{"444": "query.health == 444"},
						{"445": "query.health == 445"},
						{"446": "query.health == 446"},
						{"447": "query.health == 447"},
						{"448": "query.health == 448"},
						{"449": "query.health == 449"},
						{"450": "query.health == 450"},
						{"451": "query.health == 451"},
						{"452": "query.health == 452"},
						{"453": "query.health == 453"},
						{"454": "query.health == 454"},
						{"455": "query.health == 455"},
						{"456": "query.health == 456"},
						{"457": "query.health == 457"},
						{"458": "query.health == 458"},
						{"459": "query.health == 459"},
						{"460": "query.health == 460"},
						{"461": "query.health == 461"},
						{"462": "query.health == 462"},
						{"463": "query.health == 463"},
						{"464": "query.health == 464"},
						{"465": "query.health == 465"},
						{"466": "query.health == 466"},
						{"467": "query.health == 467"},
						{"468": "query.health == 468"},
						{"469": "query.health == 469"},
						{"470": "query.health == 470"},
						{"471": "query.health == 471"},
						{"472": "query.health == 472"},
						{"473": "query.health == 473"},
						{"474": "query.health == 474"},
						{"475": "query.health == 475"},
						{"476": "query.health == 476"},
						{"477": "query.health == 477"},
						{"478": "query.health == 478"},
						{"479": "query.health == 479"},
						{"480": "query.health == 480"},
						{"481": "query.health == 481"},
						{"482": "query.health == 482"},
						{"483": "query.health == 483"},
						{"484": "query.health == 484"},
						{"485": "query.health == 485"},
						{"486": "query.health == 486"},
						{"487": "query.health == 487"},
						{"488": "query.health == 488"},
						{"489": "query.health == 489"},
						{"490": "query.health == 490"},
						{"491": "query.health == 491"},
						{"492": "query.health == 492"},
						{"493": "query.health == 493"},
						{"494": "query.health == 494"},
						{"495": "query.health == 495"},
						{"496": "query.health == 496"},
						{"497": "query.health == 497"},
						{"498": "query.health == 498"},
						{"499": "query.health == 499"},
						{"500": "query.health == 500"}
					]
				},
				"0": { "transitions": [ {"default": "query.health != 0"} ], "on_entry": [ "/scoreboard players set @s health 0"] },
				"0_0": { "transitions": [ {"default": "query.health != 0"} ], "on_entry": [ "/scoreboard players set @s health 0"] },
				"1": { "transitions": [ {"default": "query.health != 1"} ], "on_entry": [ "/scoreboard players set @s health 1" ] },
				"2": { "transitions": [ {"default": "query.health != 2"} ], "on_entry": [ "/scoreboard players set @s health 2" ] },
				"3": { "transitions": [ {"default": "query.health != 3"} ], "on_entry": [ "/scoreboard players set @s health 3" ] },
				"4": { "transitions": [ {"default": "query.health != 4"} ], "on_entry": [ "/scoreboard players set @s health 4" ] },
				"5": { "transitions": [ {"default": "query.health != 5"} ], "on_entry": [ "/scoreboard players set @s health 5" ] },
				"6": { "transitions": [ {"default": "query.health != 6"} ], "on_entry": [ "/scoreboard players set @s health 6" ] },
				"7": { "transitions": [ {"default": "query.health != 7"} ], "on_entry": [ "/scoreboard players set @s health 7" ] },
				"8": { "transitions": [ {"default": "query.health != 8"} ], "on_entry": [ "/scoreboard players set @s health 8" ] },
				"9": { "transitions": [ {"default": "query.health != 9"} ], "on_entry": [ "/scoreboard players set @s health 9" ] },
				"10": { "transitions": [ {"default": "query.health != 10"} ], "on_entry": [ "/scoreboard players set @s health 10" ] },
				"11": { "transitions": [ {"default": "query.health != 11"} ], "on_entry": [ "/scoreboard players set @s health 11" ] },
				"12": { "transitions": [ {"default": "query.health != 12"} ], "on_entry": [ "/scoreboard players set @s health 12" ] },
				"13": { "transitions": [ {"default": "query.health != 13"} ], "on_entry": [ "/scoreboard players set @s health 13" ] },
				"14": { "transitions": [ {"default": "query.health != 14"} ], "on_entry": [ "/scoreboard players set @s health 14" ] },
				"15": { "transitions": [ {"default": "query.health != 15"} ], "on_entry": [ "/scoreboard players set @s health 15" ] },
				"16": { "transitions": [ {"default": "query.health != 16"} ], "on_entry": [ "/scoreboard players set @s health 16" ] },
				"17": { "transitions": [ {"default": "query.health != 17"} ], "on_entry": [ "/scoreboard players set @s health 17" ] },
				"18": { "transitions": [ {"default": "query.health != 18"} ], "on_entry": [ "/scoreboard players set @s health 18" ] },
				"19": { "transitions": [ {"default": "query.health != 19"} ], "on_entry": [ "/scoreboard players set @s health 19" ] },
				"20": { "transitions": [ {"default": "query.health != 20"} ], "on_entry": [ "/scoreboard players set @s health 20"] },
				"21": { "transitions": [ {"default": "query.health != 21"} ], "on_entry": [ "/scoreboard players set @s health 21" ] },
				"22": { "transitions": [ {"default": "query.health != 22"} ], "on_entry": [ "/scoreboard players set @s health 22" ] },
				"23": { "transitions": [ {"default": "query.health != 23"} ], "on_entry": [ "/scoreboard players set @s health 23" ] },
				"24": { "transitions": [ {"default": "query.health != 24"} ], "on_entry": [ "/scoreboard players set @s health 24" ] },
				"25": { "transitions": [ {"default": "query.health != 25"} ], "on_entry": [ "/scoreboard players set @s health 25" ] },
				"26": { "transitions": [ {"default": "query.health != 26"} ], "on_entry": [ "/scoreboard players set @s health 26" ] },
				"27": { "transitions": [ {"default": "query.health != 27"} ], "on_entry": [ "/scoreboard players set @s health 27" ] },
				"28": { "transitions": [ {"default": "query.health != 28"} ], "on_entry": [ "/scoreboard players set @s health 28" ] },
				"29": { "transitions": [ {"default": "query.health != 29"} ], "on_entry": [ "/scoreboard players set @s health 29" ] },
				"30": { "transitions": [ {"default": "query.health != 30"} ], "on_entry": [ "/scoreboard players set @s health 30" ] },
				"31": { "transitions": [ {"default": "query.health != 31"} ], "on_entry": [ "/scoreboard players set @s health 31" ] },
				"32": { "transitions": [ {"default": "query.health != 32"} ], "on_entry": [ "/scoreboard players set @s health 32" ] },
				"33": { "transitions": [ {"default": "query.health != 33"} ], "on_entry": [ "/scoreboard players set @s health 33" ] },
				"34": { "transitions": [ {"default": "query.health != 34"} ], "on_entry": [ "/scoreboard players set @s health 34" ] },
				"35": { "transitions": [ {"default": "query.health != 35"} ], "on_entry": [ "/scoreboard players set @s health 35" ] },
				"36": { "transitions": [ {"default": "query.health != 36"} ], "on_entry": [ "/scoreboard players set @s health 36" ] },
				"37": { "transitions": [ {"default": "query.health != 37"} ], "on_entry": [ "/scoreboard players set @s health 37" ] },
				"38": { "transitions": [ {"default": "query.health != 38"} ], "on_entry": [ "/scoreboard players set @s health 38" ] },
				"39": { "transitions": [ {"default": "query.health != 39"} ], "on_entry": [ "/scoreboard players set @s health 39" ] },
				"40": { "transitions": [ {"default": "query.health != 40"} ], "on_entry": [ "/scoreboard players set @s health 40" ] },
				"41": { "transitions": [ {"default": "query.health != 41"} ], "on_entry": [ "/scoreboard players set @s health 41" ] },
				"42": { "transitions": [ {"default": "query.health != 42"} ], "on_entry": [ "/scoreboard players set @s health 42" ] },
				"43": { "transitions": [ {"default": "query.health != 43"} ], "on_entry": [ "/scoreboard players set @s health 43" ] },
				"44": { "transitions": [ {"default": "query.health != 44"} ], "on_entry": [ "/scoreboard players set @s health 44" ] },
				"45": { "transitions": [ {"default": "query.health != 45"} ], "on_entry": [ "/scoreboard players set @s health 45" ] },
				"46": { "transitions": [ {"default": "query.health != 46"} ], "on_entry": [ "/scoreboard players set @s health 46" ] },
				"47": { "transitions": [ {"default": "query.health != 47"} ], "on_entry": [ "/scoreboard players set @s health 47" ] },
				"48": { "transitions": [ {"default": "query.health != 48"} ], "on_entry": [ "/scoreboard players set @s health 48" ] },
				"49": { "transitions": [ {"default": "query.health != 49"} ], "on_entry": [ "/scoreboard players set @s health 49" ] },
				"50": { "transitions": [ {"default": "query.health != 50"} ], "on_entry": [ "/scoreboard players set @s health 50" ] },
				"51": { "transitions": [ {"default": "query.health != 51"} ], "on_entry": [ "/scoreboard players set @s health 51" ] },
				"52": { "transitions": [ {"default": "query.health != 52"} ], "on_entry": [ "/scoreboard players set @s health 52" ] },
				"53": { "transitions": [ {"default": "query.health != 53"} ], "on_entry": [ "/scoreboard players set @s health 53" ] },
				"54": { "transitions": [ {"default": "query.health != 54"} ], "on_entry": [ "/scoreboard players set @s health 54" ] },
				"55": { "transitions": [ {"default": "query.health != 55"} ], "on_entry": [ "/scoreboard players set @s health 55" ] },
				"56": { "transitions": [ {"default": "query.health != 56"} ], "on_entry": [ "/scoreboard players set @s health 56" ] },
				"57": { "transitions": [ {"default": "query.health != 57"} ], "on_entry": [ "/scoreboard players set @s health 57" ] },
				"58": { "transitions": [ {"default": "query.health != 58"} ], "on_entry": [ "/scoreboard players set @s health 58" ] },
				"59": { "transitions": [ {"default": "query.health != 59"} ], "on_entry": [ "/scoreboard players set @s health 59" ] },
				"60": { "transitions": [ {"default": "query.health != 60"} ], "on_entry": [ "/scoreboard players set @s health 60" ] },
				"61": { "transitions": [ {"default": "query.health != 61"} ], "on_entry": [ "/scoreboard players set @s health 61" ] },
				"62": { "transitions": [ {"default": "query.health != 62"} ], "on_entry": [ "/scoreboard players set @s health 62" ] },
				"63": { "transitions": [ {"default": "query.health != 63"} ], "on_entry": [ "/scoreboard players set @s health 63" ] },
				"64": { "transitions": [ {"default": "query.health != 64"} ], "on_entry": [ "/scoreboard players set @s health 64" ] },
				"65": { "transitions": [ {"default": "query.health != 65"} ], "on_entry": [ "/scoreboard players set @s health 65" ] },
				"66": { "transitions": [ {"default": "query.health != 66"} ], "on_entry": [ "/scoreboard players set @s health 66" ] },
				"67": { "transitions": [ {"default": "query.health != 67"} ], "on_entry": [ "/scoreboard players set @s health 67" ] },
				"68": { "transitions": [ {"default": "query.health != 68"} ], "on_entry": [ "/scoreboard players set @s health 68" ] },
				"69": { "transitions": [ {"default": "query.health != 69"} ], "on_entry": [ "/scoreboard players set @s health 69" ] },
				"70": { "transitions": [ {"default": "query.health != 70"} ], "on_entry": [ "/scoreboard players set @s health 70" ] },
				"71": { "transitions": [ {"default": "query.health != 71"} ], "on_entry": [ "/scoreboard players set @s health 71" ] },
				"72": { "transitions": [ {"default": "query.health != 72"} ], "on_entry": [ "/scoreboard players set @s health 72" ] },
				"73": { "transitions": [ {"default": "query.health != 73"} ], "on_entry": [ "/scoreboard players set @s health 73" ] },
				"74": { "transitions": [ {"default": "query.health != 74"} ], "on_entry": [ "/scoreboard players set @s health 74" ] },
				"75": { "transitions": [ {"default": "query.health != 75"} ], "on_entry": [ "/scoreboard players set @s health 75" ] },
				"76": { "transitions": [ {"default": "query.health != 76"} ], "on_entry": [ "/scoreboard players set @s health 76" ] },
				"77": { "transitions": [ {"default": "query.health != 77"} ], "on_entry": [ "/scoreboard players set @s health 77" ] },
				"78": { "transitions": [ {"default": "query.health != 78"} ], "on_entry": [ "/scoreboard players set @s health 78" ] },
				"79": { "transitions": [ {"default": "query.health != 79"} ], "on_entry": [ "/scoreboard players set @s health 79" ] },
				"80": { "transitions": [ {"default": "query.health != 80"} ], "on_entry": [ "/scoreboard players set @s health 80" ] },
				"81": { "transitions": [ {"default": "query.health != 81"} ], "on_entry": [ "/scoreboard players set @s health 81" ] },
				"82": { "transitions": [ {"default": "query.health != 82"} ], "on_entry": [ "/scoreboard players set @s health 82" ] },
				"83": { "transitions": [ {"default": "query.health != 83"} ], "on_entry": [ "/scoreboard players set @s health 83" ] },
				"84": { "transitions": [ {"default": "query.health != 84"} ], "on_entry": [ "/scoreboard players set @s health 84" ] },
				"85": { "transitions": [ {"default": "query.health != 85"} ], "on_entry": [ "/scoreboard players set @s health 85" ] },
				"86": { "transitions": [ {"default": "query.health != 86"} ], "on_entry": [ "/scoreboard players set @s health 86" ] },
				"87": { "transitions": [ {"default": "query.health != 87"} ], "on_entry": [ "/scoreboard players set @s health 87" ] },
				"88": { "transitions": [ {"default": "query.health != 88"} ], "on_entry": [ "/scoreboard players set @s health 88" ] },
				"89": { "transitions": [ {"default": "query.health != 89"} ], "on_entry": [ "/scoreboard players set @s health 89" ] },
				"90": { "transitions": [ {"default": "query.health != 90"} ], "on_entry": [ "/scoreboard players set @s health 90" ] },
				"91": { "transitions": [ {"default": "query.health != 91"} ], "on_entry": [ "/scoreboard players set @s health 91" ] },
				"92": { "transitions": [ {"default": "query.health != 92"} ], "on_entry": [ "/scoreboard players set @s health 92" ] },
				"93": { "transitions": [ {"default": "query.health != 93"} ], "on_entry": [ "/scoreboard players set @s health 93" ] },
				"94": { "transitions": [ {"default": "query.health != 94"} ], "on_entry": [ "/scoreboard players set @s health 94" ] },
				"95": { "transitions": [ {"default": "query.health != 95"} ], "on_entry": [ "/scoreboard players set @s health 95" ] },
				"96": { "transitions": [ {"default": "query.health != 96"} ], "on_entry": [ "/scoreboard players set @s health 96" ] },
				"97": { "transitions": [ {"default": "query.health != 97"} ], "on_entry": [ "/scoreboard players set @s health 97" ] },
				"98": { "transitions": [ {"default": "query.health != 98"} ], "on_entry": [ "/scoreboard players set @s health 98" ] },
				"99": { "transitions": [ {"default": "query.health != 99"} ], "on_entry": [ "/scoreboard players set @s health 99" ] },
				"100": { "transitions": [ {"default": "query.health != 100"} ], "on_entry": [ "/scoreboard players set @s health 100" ] },
				"101": { "transitions": [ {"default": "query.health != 101"} ], "on_entry": [ "/scoreboard players set @s health 101" ] },
				"102": { "transitions": [ {"default": "query.health != 102"} ], "on_entry": [ "/scoreboard players set @s health 102" ] },
				"103": { "transitions": [ {"default": "query.health != 103"} ], "on_entry": [ "/scoreboard players set @s health 103" ] },
				"104": { "transitions": [ {"default": "query.health != 104"} ], "on_entry": [ "/scoreboard players set @s health 104" ] },
				"105": { "transitions": [ {"default": "query.health != 105"} ], "on_entry": [ "/scoreboard players set @s health 105" ] },
				"106": { "transitions": [ {"default": "query.health != 106"} ], "on_entry": [ "/scoreboard players set @s health 106" ] },
				"107": { "transitions": [ {"default": "query.health != 107"} ], "on_entry": [ "/scoreboard players set @s health 107" ] },
				"108": { "transitions": [ {"default": "query.health != 108"} ], "on_entry": [ "/scoreboard players set @s health 108" ] },
				"109": { "transitions": [ {"default": "query.health != 109"} ], "on_entry": [ "/scoreboard players set @s health 109" ] },
				"110": { "transitions": [ {"default": "query.health != 110"} ], "on_entry": [ "/scoreboard players set @s health 110" ] },
				"111": { "transitions": [ {"default": "query.health != 111"} ], "on_entry": [ "/scoreboard players set @s health 111" ] },
				"112": { "transitions": [ {"default": "query.health != 112"} ], "on_entry": [ "/scoreboard players set @s health 112" ] },
				"113": { "transitions": [ {"default": "query.health != 113"} ], "on_entry": [ "/scoreboard players set @s health 113" ] },
				"114": { "transitions": [ {"default": "query.health != 114"} ], "on_entry": [ "/scoreboard players set @s health 114" ] },
				"115": { "transitions": [ {"default": "query.health != 115"} ], "on_entry": [ "/scoreboard players set @s health 115" ] },
				"116": { "transitions": [ {"default": "query.health != 116"} ], "on_entry": [ "/scoreboard players set @s health 116" ] },
				"117": { "transitions": [ {"default": "query.health != 117"} ], "on_entry": [ "/scoreboard players set @s health 117" ] },
				"118": { "transitions": [ {"default": "query.health != 118"} ], "on_entry": [ "/scoreboard players set @s health 118" ] },
				"119": { "transitions": [ {"default": "query.health != 119"} ], "on_entry": [ "/scoreboard players set @s health 119" ] },
				"120": { "transitions": [ {"default": "query.health != 120"} ], "on_entry": [ "/scoreboard players set @s health 120" ] },
				"121": { "transitions": [ {"default": "query.health != 121"} ], "on_entry": [ "/scoreboard players set @s health 121" ] },
				"122": { "transitions": [ {"default": "query.health != 122"} ], "on_entry": [ "/scoreboard players set @s health 122" ] },
				"123": { "transitions": [ {"default": "query.health != 123"} ], "on_entry": [ "/scoreboard players set @s health 123" ] },
				"124": { "transitions": [ {"default": "query.health != 124"} ], "on_entry": [ "/scoreboard players set @s health 124" ] },
				"125": { "transitions": [ {"default": "query.health != 125"} ], "on_entry": [ "/scoreboard players set @s health 125" ] },
				"126": { "transitions": [ {"default": "query.health != 126"} ], "on_entry": [ "/scoreboard players set @s health 126" ] },
				"127": { "transitions": [ {"default": "query.health != 127"} ], "on_entry": [ "/scoreboard players set @s health 127" ] },
				"128": { "transitions": [ {"default": "query.health != 128"} ], "on_entry": [ "/scoreboard players set @s health 128" ] },
				"129": { "transitions": [ {"default": "query.health != 129"} ], "on_entry": [ "/scoreboard players set @s health 129" ] },
				"130": { "transitions": [ {"default": "query.health != 130"} ], "on_entry": [ "/scoreboard players set @s health 130" ] },
				"131": { "transitions": [ {"default": "query.health != 131"} ], "on_entry": [ "/scoreboard players set @s health 131" ] },
				"132": { "transitions": [ {"default": "query.health != 132"} ], "on_entry": [ "/scoreboard players set @s health 132" ] },
				"133": { "transitions": [ {"default": "query.health != 133"} ], "on_entry": [ "/scoreboard players set @s health 133" ] },
				"134": { "transitions": [ {"default": "query.health != 134"} ], "on_entry": [ "/scoreboard players set @s health 134" ] },
				"135": { "transitions": [ {"default": "query.health != 135"} ], "on_entry": [ "/scoreboard players set @s health 135" ] },
				"136": { "transitions": [ {"default": "query.health != 136"} ], "on_entry": [ "/scoreboard players set @s health 136" ] },
				"137": { "transitions": [ {"default": "query.health != 137"} ], "on_entry": [ "/scoreboard players set @s health 137" ] },
				"138": { "transitions": [ {"default": "query.health != 138"} ], "on_entry": [ "/scoreboard players set @s health 138" ] },
				"139": { "transitions": [ {"default": "query.health != 139"} ], "on_entry": [ "/scoreboard players set @s health 139" ] },
				"140": { "transitions": [ {"default": "query.health != 140"} ], "on_entry": [ "/scoreboard players set @s health 140" ] },
				"141": { "transitions": [ {"default": "query.health != 141"} ], "on_entry": [ "/scoreboard players set @s health 141" ] },
				"142": { "transitions": [ {"default": "query.health != 142"} ], "on_entry": [ "/scoreboard players set @s health 142" ] },
				"143": { "transitions": [ {"default": "query.health != 143"} ], "on_entry": [ "/scoreboard players set @s health 143" ] },
				"144": { "transitions": [ {"default": "query.health != 144"} ], "on_entry": [ "/scoreboard players set @s health 144" ] },
				"145": { "transitions": [ {"default": "query.health != 145"} ], "on_entry": [ "/scoreboard players set @s health 145" ] },
				"146": { "transitions": [ {"default": "query.health != 146"} ], "on_entry": [ "/scoreboard players set @s health 146" ] },
				"147": { "transitions": [ {"default": "query.health != 147"} ], "on_entry": [ "/scoreboard players set @s health 147" ] },
				"148": { "transitions": [ {"default": "query.health != 148"} ], "on_entry": [ "/scoreboard players set @s health 148" ] },
				"149": { "transitions": [ {"default": "query.health != 149"} ], "on_entry": [ "/scoreboard players set @s health 149" ] },
				"150": { "transitions": [ {"default": "query.health != 150"} ], "on_entry": [ "/scoreboard players set @s health 150" ] },
				"151": { "transitions": [ {"default": "query.health != 151"} ], "on_entry": [ "/scoreboard players set @s health 151" ] },
				"152": { "transitions": [ {"default": "query.health != 152"} ], "on_entry": [ "/scoreboard players set @s health 152" ] },
				"153": { "transitions": [ {"default": "query.health != 153"} ], "on_entry": [ "/scoreboard players set @s health 153" ] },
				"154": { "transitions": [ {"default": "query.health != 154"} ], "on_entry": [ "/scoreboard players set @s health 154" ] },
				"155": { "transitions": [ {"default": "query.health != 155"} ], "on_entry": [ "/scoreboard players set @s health 155" ] },
				"156": { "transitions": [ {"default": "query.health != 156"} ], "on_entry": [ "/scoreboard players set @s health 156" ] },
				"157": { "transitions": [ {"default": "query.health != 157"} ], "on_entry": [ "/scoreboard players set @s health 157" ] },
				"158": { "transitions": [ {"default": "query.health != 158"} ], "on_entry": [ "/scoreboard players set @s health 158" ] },
				"159": { "transitions": [ {"default": "query.health != 159"} ], "on_entry": [ "/scoreboard players set @s health 159" ] },
				"160": { "transitions": [ {"default": "query.health != 160"} ], "on_entry": [ "/scoreboard players set @s health 160" ] },
				"161": { "transitions": [ {"default": "query.health != 161"} ], "on_entry": [ "/scoreboard players set @s health 161" ] },
				"162": { "transitions": [ {"default": "query.health != 162"} ], "on_entry": [ "/scoreboard players set @s health 162" ] },
				"163": { "transitions": [ {"default": "query.health != 163"} ], "on_entry": [ "/scoreboard players set @s health 163" ] },
				"164": { "transitions": [ {"default": "query.health != 164"} ], "on_entry": [ "/scoreboard players set @s health 164" ] },
				"165": { "transitions": [ {"default": "query.health != 165"} ], "on_entry": [ "/scoreboard players set @s health 165" ] },
				"166": { "transitions": [ {"default": "query.health != 166"} ], "on_entry": [ "/scoreboard players set @s health 166" ] },
				"167": { "transitions": [ {"default": "query.health != 167"} ], "on_entry": [ "/scoreboard players set @s health 167" ] },
				"168": { "transitions": [ {"default": "query.health != 168"} ], "on_entry": [ "/scoreboard players set @s health 168" ] },
				"169": { "transitions": [ {"default": "query.health != 169"} ], "on_entry": [ "/scoreboard players set @s health 169" ] },
				"170": { "transitions": [ {"default": "query.health != 170"} ], "on_entry": [ "/scoreboard players set @s health 170" ] },
				"171": { "transitions": [ {"default": "query.health != 171"} ], "on_entry": [ "/scoreboard players set @s health 171" ] },
				"172": { "transitions": [ {"default": "query.health != 172"} ], "on_entry": [ "/scoreboard players set @s health 172" ] },
				"173": { "transitions": [ {"default": "query.health != 173"} ], "on_entry": [ "/scoreboard players set @s health 173" ] },
				"174": { "transitions": [ {"default": "query.health != 174"} ], "on_entry": [ "/scoreboard players set @s health 174" ] },
				"175": { "transitions": [ {"default": "query.health != 175"} ], "on_entry": [ "/scoreboard players set @s health 175" ] },
				"176": { "transitions": [ {"default": "query.health != 176"} ], "on_entry": [ "/scoreboard players set @s health 176" ] },
				"177": { "transitions": [ {"default": "query.health != 177"} ], "on_entry": [ "/scoreboard players set @s health 177" ] },
				"178": { "transitions": [ {"default": "query.health != 178"} ], "on_entry": [ "/scoreboard players set @s health 178" ] },
				"179": { "transitions": [ {"default": "query.health != 179"} ], "on_entry": [ "/scoreboard players set @s health 179" ] },
				"180": { "transitions": [ {"default": "query.health != 180"} ], "on_entry": [ "/scoreboard players set @s health 180" ] },
				"181": { "transitions": [ {"default": "query.health != 181"} ], "on_entry": [ "/scoreboard players set @s health 181" ] },
				"182": { "transitions": [ {"default": "query.health != 182"} ], "on_entry": [ "/scoreboard players set @s health 182" ] },
				"183": { "transitions": [ {"default": "query.health != 183"} ], "on_entry": [ "/scoreboard players set @s health 183" ] },
				"184": { "transitions": [ {"default": "query.health != 184"} ], "on_entry": [ "/scoreboard players set @s health 184" ] },
				"185": { "transitions": [ {"default": "query.health != 185"} ], "on_entry": [ "/scoreboard players set @s health 185" ] },
				"186": { "transitions": [ {"default": "query.health != 186"} ], "on_entry": [ "/scoreboard players set @s health 186" ] },
				"187": { "transitions": [ {"default": "query.health != 187"} ], "on_entry": [ "/scoreboard players set @s health 187" ] },
				"188": { "transitions": [ {"default": "query.health != 188"} ], "on_entry": [ "/scoreboard players set @s health 188" ] },
				"189": { "transitions": [ {"default": "query.health != 189"} ], "on_entry": [ "/scoreboard players set @s health 189" ] },
				"190": { "transitions": [ {"default": "query.health != 190"} ], "on_entry": [ "/scoreboard players set @s health 190" ] },
				"191": { "transitions": [ {"default": "query.health != 191"} ], "on_entry": [ "/scoreboard players set @s health 191" ] },
				"192": { "transitions": [ {"default": "query.health != 192"} ], "on_entry": [ "/scoreboard players set @s health 192" ] },
				"193": { "transitions": [ {"default": "query.health != 193"} ], "on_entry": [ "/scoreboard players set @s health 193" ] },
				"194": { "transitions": [ {"default": "query.health != 194"} ], "on_entry": [ "/scoreboard players set @s health 194" ] },
				"195": { "transitions": [ {"default": "query.health != 195"} ], "on_entry": [ "/scoreboard players set @s health 195" ] },
				"196": { "transitions": [ {"default": "query.health != 196"} ], "on_entry": [ "/scoreboard players set @s health 196" ] },
				"197": { "transitions": [ {"default": "query.health != 197"} ], "on_entry": [ "/scoreboard players set @s health 197" ] },
				"198": { "transitions": [ {"default": "query.health != 198"} ], "on_entry": [ "/scoreboard players set @s health 198" ] },
				"199": { "transitions": [ {"default": "query.health != 199"} ], "on_entry": [ "/scoreboard players set @s health 199" ] },
				"200": { "transitions": [ {"default": "query.health != 200"} ], "on_entry": [ "/scoreboard players set @s health 200" ] },
				"201": { "transitions": [ {"default": "query.health != 201"} ], "on_entry": [ "/scoreboard players set @s health 201" ] },
				"202": { "transitions": [ {"default": "query.health != 202"} ], "on_entry": [ "/scoreboard players set @s health 202" ] },
				"203": { "transitions": [ {"default": "query.health != 203"} ], "on_entry": [ "/scoreboard players set @s health 203" ] },
				"204": { "transitions": [ {"default": "query.health != 204"} ], "on_entry": [ "/scoreboard players set @s health 204" ] },
				"205": { "transitions": [ {"default": "query.health != 2"} ], "on_entry": [ "/scoreboard players set @s health 205" ] },
				"206": { "transitions": [ {"default": "query.health != 206"} ], "on_entry": [ "/scoreboard players set @s health 206" ] },
				"207": { "transitions": [ {"default": "query.health != 207"} ], "on_entry": [ "/scoreboard players set @s health 207" ] },
				"208": { "transitions": [ {"default": "query.health != 208"} ], "on_entry": [ "/scoreboard players set @s health 208" ] },
				"209": { "transitions": [ {"default": "query.health != 209"} ], "on_entry": [ "/scoreboard players set @s health 209" ] },
				"210": { "transitions": [ {"default": "query.health != 210"} ], "on_entry": [ "/scoreboard players set @s health 210" ] },
				"211": { "transitions": [ {"default": "query.health != 211"} ], "on_entry": [ "/scoreboard players set @s health 211" ] },
				"212": { "transitions": [ {"default": "query.health != 212"} ], "on_entry": [ "/scoreboard players set @s health 211" ] },
				"213": { "transitions": [ {"default": "query.health != 213"} ], "on_entry": [ "/scoreboard players set @s health 213" ] },
				"214": { "transitions": [ {"default": "query.health != 214"} ], "on_entry": [ "/scoreboard players set @s health 214" ] },
				"215": { "transitions": [ {"default": "query.health != 215"} ], "on_entry": [ "/scoreboard players set @s health 215" ] },
				"216": { "transitions": [ {"default": "query.health != 216"} ], "on_entry": [ "/scoreboard players set @s health 216" ] },
				"217": { "transitions": [ {"default": "query.health != 217"} ], "on_entry": [ "/scoreboard players set @s health 217" ] },
				"218": { "transitions": [ {"default": "query.health != 218"} ], "on_entry": [ "/scoreboard players set @s health 218" ] },
				"219": { "transitions": [ {"default": "query.health != 219"} ], "on_entry": [ "/scoreboard players set @s health 219" ] },
				"220": { "transitions": [ {"default": "query.health != 220"} ], "on_entry": [ "/scoreboard players set @s health 220" ] },
				"221": { "transitions": [ {"default": "query.health != 221"} ], "on_entry": [ "/scoreboard players set @s health 221" ] },
				"222": { "transitions": [ {"default": "query.health != 222"} ], "on_entry": [ "/scoreboard players set @s health 222" ] },
				"223": { "transitions": [ {"default": "query.health != 223"} ], "on_entry": [ "/scoreboard players set @s health 223" ] },
				"224": { "transitions": [ {"default": "query.health != 224"} ], "on_entry": [ "/scoreboard players set @s health 224" ] },
				"225": { "transitions": [ {"default": "query.health != 225"} ], "on_entry": [ "/scoreboard players set @s health 225" ] },
				"226": { "transitions": [ {"default": "query.health != 226"} ], "on_entry": [ "/scoreboard players set @s health 226" ] },
				"227": { "transitions": [ {"default": "query.health != 227"} ], "on_entry": [ "/scoreboard players set @s health 227" ] },
				"228": { "transitions": [ {"default": "query.health != 228"} ], "on_entry": [ "/scoreboard players set @s health 228" ] },
				"229": { "transitions": [ {"default": "query.health != 229"} ], "on_entry": [ "/scoreboard players set @s health 229" ] },
				"230": { "transitions": [ {"default": "query.health != 230"} ], "on_entry": [ "/scoreboard players set @s health 230" ] },
				"231": { "transitions": [ {"default": "query.health != 231"} ], "on_entry": [ "/scoreboard players set @s health 231" ] },
				"232": { "transitions": [ {"default": "query.health != 232"} ], "on_entry": [ "/scoreboard players set @s health 232" ] },
				"233": { "transitions": [ {"default": "query.health != 233"} ], "on_entry": [ "/scoreboard players set @s health 233" ] },
				"234": { "transitions": [ {"default": "query.health != 234"} ], "on_entry": [ "/scoreboard players set @s health 234" ] },
				"235": { "transitions": [ {"default": "query.health != 235"} ], "on_entry": [ "/scoreboard players set @s health 235" ] },
				"236": { "transitions": [ {"default": "query.health != 236"} ], "on_entry": [ "/scoreboard players set @s health 236" ] },
				"237": { "transitions": [ {"default": "query.health != 237"} ], "on_entry": [ "/scoreboard players set @s health 237" ] },
				"238": { "transitions": [ {"default": "query.health != 238"} ], "on_entry": [ "/scoreboard players set @s health 238" ] },
				"239": { "transitions": [ {"default": "query.health != 239"} ], "on_entry": [ "/scoreboard players set @s health 239" ] },
				"240": { "transitions": [ {"default": "query.health != 240"} ], "on_entry": [ "/scoreboard players set @s health 240" ] },
				"241": { "transitions": [ {"default": "query.health != 241"} ], "on_entry": [ "/scoreboard players set @s health 241" ] },
				"242": { "transitions": [ {"default": "query.health != 242"} ], "on_entry": [ "/scoreboard players set @s health 242" ] },
				"243": { "transitions": [ {"default": "query.health != 243"} ], "on_entry": [ "/scoreboard players set @s health 243" ] },
				"244": { "transitions": [ {"default": "query.health != 244"} ], "on_entry": [ "/scoreboard players set @s health 244" ] },
				"245": { "transitions": [ {"default": "query.health != 245"} ], "on_entry": [ "/scoreboard players set @s health 245" ] },
				"246": { "transitions": [ {"default": "query.health != 246"} ], "on_entry": [ "/scoreboard players set @s health 246" ] },
				"247": { "transitions": [ {"default": "query.health != 247"} ], "on_entry": [ "/scoreboard players set @s health 247" ] },
				"248": { "transitions": [ {"default": "query.health != 248"} ], "on_entry": [ "/scoreboard players set @s health 248" ] },
				"249": { "transitions": [ {"default": "query.health != 249"} ], "on_entry": [ "/scoreboard players set @s health 249" ] },
				"250": { "transitions": [ {"default": "query.health != 250"} ], "on_entry": [ "/scoreboard players set @s health 250" ] },
				"251": { "transitions": [ {"default": "query.health != 251"} ], "on_entry": [ "/scoreboard players set @s health 251" ] },
				"252": { "transitions": [ {"default": "query.health != 252"} ], "on_entry": [ "/scoreboard players set @s health 252" ] },
				"253": { "transitions": [ {"default": "query.health != 253"} ], "on_entry": [ "/scoreboard players set @s health 253" ] },
				"254": { "transitions": [ {"default": "query.health != 254"} ], "on_entry": [ "/scoreboard players set @s health 254" ] },
				"255": { "transitions": [ {"default": "query.health != 255"} ], "on_entry": [ "/scoreboard players set @s health 255" ] },
				"256": { "transitions": [ {"default": "query.health != 256"} ], "on_entry": [ "/scoreboard players set @s health 256" ] },
				"257": { "transitions": [ {"default": "query.health != 257"} ], "on_entry": [ "/scoreboard players set @s health 257" ] },
				"258": { "transitions": [ {"default": "query.health != 258"} ], "on_entry": [ "/scoreboard players set @s health 258" ] },
				"259": { "transitions": [ {"default": "query.health != 259"} ], "on_entry": [ "/scoreboard players set @s health 259" ] },
				"260": { "transitions": [ {"default": "query.health != 260"} ], "on_entry": [ "/scoreboard players set @s health 260" ] },
				"261": { "transitions": [ {"default": "query.health != 261"} ], "on_entry": [ "/scoreboard players set @s health 261" ] },
				"262": { "transitions": [ {"default": "query.health != 262"} ], "on_entry": [ "/scoreboard players set @s health 262" ] },
				"263": { "transitions": [ {"default": "query.health != 263"} ], "on_entry": [ "/scoreboard players set @s health 263" ] },
				"264": { "transitions": [ {"default": "query.health != 264"} ], "on_entry": [ "/scoreboard players set @s health 264" ] },
				"265": { "transitions": [ {"default": "query.health != 265"} ], "on_entry": [ "/scoreboard players set @s health 265" ] },
				"266": { "transitions": [ {"default": "query.health != 266"} ], "on_entry": [ "/scoreboard players set @s health 266" ] },
				"267": { "transitions": [ {"default": "query.health != 267"} ], "on_entry": [ "/scoreboard players set @s health 267" ] },
				"268": { "transitions": [ {"default": "query.health != 268"} ], "on_entry": [ "/scoreboard players set @s health 268" ] },
				"269": { "transitions": [ {"default": "query.health != 269"} ], "on_entry": [ "/scoreboard players set @s health 269" ] },
				"270": { "transitions": [ {"default": "query.health != 270"} ], "on_entry": [ "/scoreboard players set @s health 270" ] },
				"271": { "transitions": [ {"default": "query.health != 271"} ], "on_entry": [ "/scoreboard players set @s health 271" ] },
				"272": { "transitions": [ {"default": "query.health != 272"} ], "on_entry": [ "/scoreboard players set @s health 272" ] },
				"273": { "transitions": [ {"default": "query.health != 273"} ], "on_entry": [ "/scoreboard players set @s health 273" ] },
				"274": { "transitions": [ {"default": "query.health != 274"} ], "on_entry": [ "/scoreboard players set @s health 274" ] },
				"275": { "transitions": [ {"default": "query.health != 275"} ], "on_entry": [ "/scoreboard players set @s health 275" ] },
				"276": { "transitions": [ {"default": "query.health != 276"} ], "on_entry": [ "/scoreboard players set @s health 276" ] },
				"277": { "transitions": [ {"default": "query.health != 277"} ], "on_entry": [ "/scoreboard players set @s health 277" ] },
				"278": { "transitions": [ {"default": "query.health != 278"} ], "on_entry": [ "/scoreboard players set @s health 278" ] },
				"279": { "transitions": [ {"default": "query.health != 279"} ], "on_entry": [ "/scoreboard players set @s health 279" ] },
				"280": { "transitions": [ {"default": "query.health != 280"} ], "on_entry": [ "/scoreboard players set @s health 280" ] },
				"281": { "transitions": [ {"default": "query.health != 281"} ], "on_entry": [ "/scoreboard players set @s health 281" ] },
				"282": { "transitions": [ {"default": "query.health != 282"} ], "on_entry": [ "/scoreboard players set @s health 282" ] },
				"283": { "transitions": [ {"default": "query.health != 283"} ], "on_entry": [ "/scoreboard players set @s health 283" ] },
				"284": { "transitions": [ {"default": "query.health != 284"} ], "on_entry": [ "/scoreboard players set @s health 284" ] },
				"285": { "transitions": [ {"default": "query.health != 285"} ], "on_entry": [ "/scoreboard players set @s health 285" ] },
				"286": { "transitions": [ {"default": "query.health != 286"} ], "on_entry": [ "/scoreboard players set @s health 286" ] },
				"287": { "transitions": [ {"default": "query.health != 287"} ], "on_entry": [ "/scoreboard players set @s health 287" ] },
				"288": { "transitions": [ {"default": "query.health != 288"} ], "on_entry": [ "/scoreboard players set @s health 288" ] },
				"289": { "transitions": [ {"default": "query.health != 289"} ], "on_entry": [ "/scoreboard players set @s health 289" ] },
				"290": { "transitions": [ {"default": "query.health != 290"} ], "on_entry": [ "/scoreboard players set @s health 290" ] },
				"291": { "transitions": [ {"default": "query.health != 291"} ], "on_entry": [ "/scoreboard players set @s health 291" ] },
				"292": { "transitions": [ {"default": "query.health != 292"} ], "on_entry": [ "/scoreboard players set @s health 292" ] },
				"293": { "transitions": [ {"default": "query.health != 293"} ], "on_entry": [ "/scoreboard players set @s health 293" ] },
				"294": { "transitions": [ {"default": "query.health != 294"} ], "on_entry": [ "/scoreboard players set @s health 294" ] },
				"295": { "transitions": [ {"default": "query.health != 295"} ], "on_entry": [ "/scoreboard players set @s health 295" ] },
				"296": { "transitions": [ {"default": "query.health != 296"} ], "on_entry": [ "/scoreboard players set @s health 296" ] },
				"297": { "transitions": [ {"default": "query.health != 297"} ], "on_entry": [ "/scoreboard players set @s health 297" ] },
				"298": { "transitions": [ {"default": "query.health != 298"} ], "on_entry": [ "/scoreboard players set @s health 298" ] },
				"299": { "transitions": [ {"default": "query.health != 299"} ], "on_entry": [ "/scoreboard players set @s health 299" ] },
				"300": { "transitions": [ {"default": "query.health != 300"} ], "on_entry": [ "/scoreboard players set @s health 300" ] },
				"301": { "transitions": [ {"default": "query.health != 301"} ], "on_entry": [ "/scoreboard players set @s health 301" ] },
				"302": { "transitions": [ {"default": "query.health != 302"} ], "on_entry": [ "/scoreboard players set @s health 302" ] },
				"303": { "transitions": [ {"default": "query.health != 303"} ], "on_entry": [ "/scoreboard players set @s health 303" ] },
				"304": { "transitions": [ {"default": "query.health != 304"} ], "on_entry": [ "/scoreboard players set @s health 304" ] },
				"305": { "transitions": [ {"default": "query.health != 305"} ], "on_entry": [ "/scoreboard players set @s health 305" ] },
				"306": { "transitions": [ {"default": "query.health != 306"} ], "on_entry": [ "/scoreboard players set @s health 306" ] },
				"307": { "transitions": [ {"default": "query.health != 307"} ], "on_entry": [ "/scoreboard players set @s health 307" ] },
				"308": { "transitions": [ {"default": "query.health != 308"} ], "on_entry": [ "/scoreboard players set @s health 308" ] },
				"309": { "transitions": [ {"default": "query.health != 309"} ], "on_entry": [ "/scoreboard players set @s health 309" ] },
				"310": { "transitions": [ {"default": "query.health != 310"} ], "on_entry": [ "/scoreboard players set @s health 310" ] },
				"311": { "transitions": [ {"default": "query.health != 311"} ], "on_entry": [ "/scoreboard players set @s health 311" ] },
				"312": { "transitions": [ {"default": "query.health != 312"} ], "on_entry": [ "/scoreboard players set @s health 312" ] },
				"313": { "transitions": [ {"default": "query.health != 313"} ], "on_entry": [ "/scoreboard players set @s health 313" ] },
				"314": { "transitions": [ {"default": "query.health != 314"} ], "on_entry": [ "/scoreboard players set @s health 314" ] },
				"315": { "transitions": [ {"default": "query.health != 315"} ], "on_entry": [ "/scoreboard players set @s health 315" ] },
				"316": { "transitions": [ {"default": "query.health != 316"} ], "on_entry": [ "/scoreboard players set @s health 316" ] },
				"317": { "transitions": [ {"default": "query.health != 317"} ], "on_entry": [ "/scoreboard players set @s health 317" ] },
				"318": { "transitions": [ {"default": "query.health != 318"} ], "on_entry": [ "/scoreboard players set @s health 318" ] },
				"319": { "transitions": [ {"default": "query.health != 319"} ], "on_entry": [ "/scoreboard players set @s health 319" ] },
				"320": { "transitions": [ {"default": "query.health != 320"} ], "on_entry": [ "/scoreboard players set @s health 320"] },
				"321": { "transitions": [ {"default": "query.health != 331"} ], "on_entry": [ "/scoreboard players set @s health 321" ] },
				"322": { "transitions": [ {"default": "query.health != 322"} ], "on_entry": [ "/scoreboard players set @s health 322" ] },
				"323": { "transitions": [ {"default": "query.health != 323"} ], "on_entry": [ "/scoreboard players set @s health 323" ] },
				"324": { "transitions": [ {"default": "query.health != 324"} ], "on_entry": [ "/scoreboard players set @s health 324" ] },
				"325": { "transitions": [ {"default": "query.health != 325"} ], "on_entry": [ "/scoreboard players set @s health 325" ] },
				"326": { "transitions": [ {"default": "query.health != 326"} ], "on_entry": [ "/scoreboard players set @s health 326" ] },
				"327": { "transitions": [ {"default": "query.health != 327"} ], "on_entry": [ "/scoreboard players set @s health 327" ] },
				"328": { "transitions": [ {"default": "query.health != 328"} ], "on_entry": [ "/scoreboard players set @s health 328" ] },
				"329": { "transitions": [ {"default": "query.health != 329"} ], "on_entry": [ "/scoreboard players set @s health 329" ] },
				"330": { "transitions": [ {"default": "query.health != 330"} ], "on_entry": [ "/scoreboard players set @s health 330" ] },
				"331": { "transitions": [ {"default": "query.health != 331"} ], "on_entry": [ "/scoreboard players set @s health 331" ] },
				"332": { "transitions": [ {"default": "query.health != 333"} ], "on_entry": [ "/scoreboard players set @s health 332" ] },
				"333": { "transitions": [ {"default": "query.health != 333"} ], "on_entry": [ "/scoreboard players set @s health 333" ] },
				"334": { "transitions": [ {"default": "query.health != 334"} ], "on_entry": [ "/scoreboard players set @s health 334" ] },
				"335": { "transitions": [ {"default": "query.health != 335"} ], "on_entry": [ "/scoreboard players set @s health 335" ] },
				"336": { "transitions": [ {"default": "query.health != 336"} ], "on_entry": [ "/scoreboard players set @s health 336" ] },
				"337": { "transitions": [ {"default": "query.health != 337"} ], "on_entry": [ "/scoreboard players set @s health 337" ] },
				"338": { "transitions": [ {"default": "query.health != 338"} ], "on_entry": [ "/scoreboard players set @s health 338" ] },
				"339": { "transitions": [ {"default": "query.health != 339"} ], "on_entry": [ "/scoreboard players set @s health 339" ] },
				"340": { "transitions": [ {"default": "query.health != 340"} ], "on_entry": [ "/scoreboard players set @s health 340" ] },
				"341": { "transitions": [ {"default": "query.health != 341"} ], "on_entry": [ "/scoreboard players set @s health 341" ] },
				"342": { "transitions": [ {"default": "query.health != 342"} ], "on_entry": [ "/scoreboard players set @s health 342" ] },
				"343": { "transitions": [ {"default": "query.health != 343"} ], "on_entry": [ "/scoreboard players set @s health 343" ] },
				"344": { "transitions": [ {"default": "query.health != 344"} ], "on_entry": [ "/scoreboard players set @s health 344" ] },
				"345": { "transitions": [ {"default": "query.health != 345"} ], "on_entry": [ "/scoreboard players set @s health 345" ] },
				"346": { "transitions": [ {"default": "query.health != 346"} ], "on_entry": [ "/scoreboard players set @s health 346" ] },
				"347": { "transitions": [ {"default": "query.health != 347"} ], "on_entry": [ "/scoreboard players set @s health 347" ] },
				"348": { "transitions": [ {"default": "query.health != 348"} ], "on_entry": [ "/scoreboard players set @s health 348" ] },
				"349": { "transitions": [ {"default": "query.health != 349"} ], "on_entry": [ "/scoreboard players set @s health 349" ] },
				"350": { "transitions": [ {"default": "query.health != 350"} ], "on_entry": [ "/scoreboard players set @s health 350" ] },
				"351": { "transitions": [ {"default": "query.health != 351"} ], "on_entry": [ "/scoreboard players set @s health 351" ] },
				"352": { "transitions": [ {"default": "query.health != 352"} ], "on_entry": [ "/scoreboard players set @s health 352" ] },
				"353": { "transitions": [ {"default": "query.health != 353"} ], "on_entry": [ "/scoreboard players set @s health 353" ] },
				"354": { "transitions": [ {"default": "query.health != 354"} ], "on_entry": [ "/scoreboard players set @s health 354" ] },
				"355": { "transitions": [ {"default": "query.health != 355"} ], "on_entry": [ "/scoreboard players set @s health 355" ] },
				"356": { "transitions": [ {"default": "query.health != 356"} ], "on_entry": [ "/scoreboard players set @s health 356" ] },
				"357": { "transitions": [ {"default": "query.health != 357"} ], "on_entry": [ "/scoreboard players set @s health 357" ] },
				"358": { "transitions": [ {"default": "query.health != 358"} ], "on_entry": [ "/scoreboard players set @s health 358" ] },
				"359": { "transitions": [ {"default": "query.health != 359"} ], "on_entry": [ "/scoreboard players set @s health 359" ] },
				"360": { "transitions": [ {"default": "query.health != 360"} ], "on_entry": [ "/scoreboard players set @s health 360" ] },
				"361": { "transitions": [ {"default": "query.health != 361"} ], "on_entry": [ "/scoreboard players set @s health 361" ] },
				"362": { "transitions": [ {"default": "query.health != 362"} ], "on_entry": [ "/scoreboard players set @s health 362" ] },
				"363": { "transitions": [ {"default": "query.health != 363"} ], "on_entry": [ "/scoreboard players set @s health 363" ] },
				"364": { "transitions": [ {"default": "query.health != 364"} ], "on_entry": [ "/scoreboard players set @s health 364" ] },
				"365": { "transitions": [ {"default": "query.health != 365"} ], "on_entry": [ "/scoreboard players set @s health 365" ] },
				"366": { "transitions": [ {"default": "query.health != 366"} ], "on_entry": [ "/scoreboard players set @s health 366" ] },
				"367": { "transitions": [ {"default": "query.health != 367"} ], "on_entry": [ "/scoreboard players set @s health 367" ] },
				"368": { "transitions": [ {"default": "query.health != 368"} ], "on_entry": [ "/scoreboard players set @s health 368" ] },
				"369": { "transitions": [ {"default": "query.health != 369"} ], "on_entry": [ "/scoreboard players set @s health 369" ] },
				"370": { "transitions": [ {"default": "query.health != 370"} ], "on_entry": [ "/scoreboard players set @s health 370" ] },
				"371": { "transitions": [ {"default": "query.health != 371"} ], "on_entry": [ "/scoreboard players set @s health 371" ] },
				"372": { "transitions": [ {"default": "query.health != 372"} ], "on_entry": [ "/scoreboard players set @s health 372" ] },
				"373": { "transitions": [ {"default": "query.health != 373"} ], "on_entry": [ "/scoreboard players set @s health 373" ] },
				"374": { "transitions": [ {"default": "query.health != 374"} ], "on_entry": [ "/scoreboard players set @s health 374" ] },
				"375": { "transitions": [ {"default": "query.health != 375"} ], "on_entry": [ "/scoreboard players set @s health 375" ] },
				"376": { "transitions": [ {"default": "query.health != 376"} ], "on_entry": [ "/scoreboard players set @s health 376" ] },
				"377": { "transitions": [ {"default": "query.health != 377"} ], "on_entry": [ "/scoreboard players set @s health 377" ] },
				"378": { "transitions": [ {"default": "query.health != 378"} ], "on_entry": [ "/scoreboard players set @s health 378" ] },
				"379": { "transitions": [ {"default": "query.health != 379"} ], "on_entry": [ "/scoreboard players set @s health 379" ] },
				"380": { "transitions": [ {"default": "query.health != 380"} ], "on_entry": [ "/scoreboard players set @s health 380" ] },
				"381": { "transitions": [ {"default": "query.health != 381"} ], "on_entry": [ "/scoreboard players set @s health 381" ] },
				"382": { "transitions": [ {"default": "query.health != 382"} ], "on_entry": [ "/scoreboard players set @s health 382" ] },
				"383": { "transitions": [ {"default": "query.health != 383"} ], "on_entry": [ "/scoreboard players set @s health 383" ] },
				"384": { "transitions": [ {"default": "query.health != 384"} ], "on_entry": [ "/scoreboard players set @s health 384" ] },
				"385": { "transitions": [ {"default": "query.health != 385"} ], "on_entry": [ "/scoreboard players set @s health 385" ] },
				"386": { "transitions": [ {"default": "query.health != 386"} ], "on_entry": [ "/scoreboard players set @s health 386" ] },
				"387": { "transitions": [ {"default": "query.health != 387"} ], "on_entry": [ "/scoreboard players set @s health 387" ] },
				"388": { "transitions": [ {"default": "query.health != 388"} ], "on_entry": [ "/scoreboard players set @s health 388" ] },
				"389": { "transitions": [ {"default": "query.health != 389"} ], "on_entry": [ "/scoreboard players set @s health 389" ] },
				"390": { "transitions": [ {"default": "query.health != 390"} ], "on_entry": [ "/scoreboard players set @s health 390" ] },
				"391": { "transitions": [ {"default": "query.health != 391"} ], "on_entry": [ "/scoreboard players set @s health 391" ] },
				"392": { "transitions": [ {"default": "query.health != 392"} ], "on_entry": [ "/scoreboard players set @s health 392" ] },
				"393": { "transitions": [ {"default": "query.health != 393"} ], "on_entry": [ "/scoreboard players set @s health 393" ] },
				"394": { "transitions": [ {"default": "query.health != 394"} ], "on_entry": [ "/scoreboard players set @s health 394" ] },
				"395": { "transitions": [ {"default": "query.health != 395"} ], "on_entry": [ "/scoreboard players set @s health 395" ] },
				"396": { "transitions": [ {"default": "query.health != 396"} ], "on_entry": [ "/scoreboard players set @s health 396" ] },
				"397": { "transitions": [ {"default": "query.health != 397"} ], "on_entry": [ "/scoreboard players set @s health 397" ] },
				"398": { "transitions": [ {"default": "query.health != 398"} ], "on_entry": [ "/scoreboard players set @s health 398" ] },
				"399": { "transitions": [ {"default": "query.health != 399"} ], "on_entry": [ "/scoreboard players set @s health 399" ] },
				"400": { "transitions": [ {"default": "query.health != 400"} ], "on_entry": [ "/scoreboard players set @s health 400"] },
				"401": { "transitions": [ {"default": "query.health != 401"} ], "on_entry": [ "/scoreboard players set @s health 401" ] },
				"402": { "transitions": [ {"default": "query.health != 402"} ], "on_entry": [ "/scoreboard players set @s health 402" ] },
				"403": { "transitions": [ {"default": "query.health != 403"} ], "on_entry": [ "/scoreboard players set @s health 403" ] },
				"404": { "transitions": [ {"default": "query.health != 404"} ], "on_entry": [ "/scoreboard players set @s health 404" ] },
				"405": { "transitions": [ {"default": "query.health != 405"} ], "on_entry": [ "/scoreboard players set @s health 405" ] },
				"406": { "transitions": [ {"default": "query.health != 406"} ], "on_entry": [ "/scoreboard players set @s health 406" ] },
				"407": { "transitions": [ {"default": "query.health != 407"} ], "on_entry": [ "/scoreboard players set @s health 407" ] },
				"408": { "transitions": [ {"default": "query.health != 408"} ], "on_entry": [ "/scoreboard players set @s health 408" ] },
				"409": { "transitions": [ {"default": "query.health != 409"} ], "on_entry": [ "/scoreboard players set @s health 409" ] },
				"410": { "transitions": [ {"default": "query.health != 410"} ], "on_entry": [ "/scoreboard players set @s health 410" ] },
				"411": { "transitions": [ {"default": "query.health != 411"} ], "on_entry": [ "/scoreboard players set @s health 411" ] },
				"412": { "transitions": [ {"default": "query.health != 412"} ], "on_entry": [ "/scoreboard players set @s health 412" ] },
				"413": { "transitions": [ {"default": "query.health != 413"} ], "on_entry": [ "/scoreboard players set @s health 413" ] },
				"414": { "transitions": [ {"default": "query.health != 414"} ], "on_entry": [ "/scoreboard players set @s health 414" ] },
				"415": { "transitions": [ {"default": "query.health != 415"} ], "on_entry": [ "/scoreboard players set @s health 415" ] },
				"416": { "transitions": [ {"default": "query.health != 416"} ], "on_entry": [ "/scoreboard players set @s health 416" ] },
				"417": { "transitions": [ {"default": "query.health != 417"} ], "on_entry": [ "/scoreboard players set @s health 417" ] },
				"418": { "transitions": [ {"default": "query.health != 418"} ], "on_entry": [ "/scoreboard players set @s health 418" ] },
				"419": { "transitions": [ {"default": "query.health != 419"} ], "on_entry": [ "/scoreboard players set @s health 419" ] },
				"420": { "transitions": [ {"default": "query.health != 420"} ], "on_entry": [ "/scoreboard players set @s health 420"] },
				"421": { "transitions": [ {"default": "query.health != 421"} ], "on_entry": [ "/scoreboard players set @s health 421" ] },
				"422": { "transitions": [ {"default": "query.health != 422"} ], "on_entry": [ "/scoreboard players set @s health 422" ] },
				"423": { "transitions": [ {"default": "query.health != 423"} ], "on_entry": [ "/scoreboard players set @s health 423" ] },
				"424": { "transitions": [ {"default": "query.health != 424"} ], "on_entry": [ "/scoreboard players set @s health 424" ] },
				"425": { "transitions": [ {"default": "query.health != 425"} ], "on_entry": [ "/scoreboard players set @s health 425" ] },
				"426": { "transitions": [ {"default": "query.health != 426"} ], "on_entry": [ "/scoreboard players set @s health 426" ] },
				"427": { "transitions": [ {"default": "query.health != 427"} ], "on_entry": [ "/scoreboard players set @s health 427" ] },
				"428": { "transitions": [ {"default": "query.health != 428"} ], "on_entry": [ "/scoreboard players set @s health 428" ] },
				"429": { "transitions": [ {"default": "query.health != 429"} ], "on_entry": [ "/scoreboard players set @s health 429" ] },
				"430": { "transitions": [ {"default": "query.health != 430"} ], "on_entry": [ "/scoreboard players set @s health 430" ] },
				"431": { "transitions": [ {"default": "query.health != 431"} ], "on_entry": [ "/scoreboard players set @s health 431" ] },
				"432": { "transitions": [ {"default": "query.health != 432"} ], "on_entry": [ "/scoreboard players set @s health 432" ] },
				"433": { "transitions": [ {"default": "query.health != 433"} ], "on_entry": [ "/scoreboard players set @s health 433" ] },
				"434": { "transitions": [ {"default": "query.health != 434"} ], "on_entry": [ "/scoreboard players set @s health 434" ] },
				"435": { "transitions": [ {"default": "query.health != 435"} ], "on_entry": [ "/scoreboard players set @s health 435" ] },
				"436": { "transitions": [ {"default": "query.health != 436"} ], "on_entry": [ "/scoreboard players set @s health 436" ] },
				"437": { "transitions": [ {"default": "query.health != 437"} ], "on_entry": [ "/scoreboard players set @s health 437" ] },
				"438": { "transitions": [ {"default": "query.health != 438"} ], "on_entry": [ "/scoreboard players set @s health 438" ] },
				"439": { "transitions": [ {"default": "query.health != 439"} ], "on_entry": [ "/scoreboard players set @s health 439" ] },
				"440": { "transitions": [ {"default": "query.health != 440"} ], "on_entry": [ "/scoreboard players set @s health 440" ] },
				"441": { "transitions": [ {"default": "query.health != 441"} ], "on_entry": [ "/scoreboard players set @s health 441" ] },
				"442": { "transitions": [ {"default": "query.health != 442"} ], "on_entry": [ "/scoreboard players set @s health 442" ] },
				"443": { "transitions": [ {"default": "query.health != 443"} ], "on_entry": [ "/scoreboard players set @s health 443" ] },
				"444": { "transitions": [ {"default": "query.health != 444"} ], "on_entry": [ "/scoreboard players set @s health 444" ] },
				"445": { "transitions": [ {"default": "query.health != 445"} ], "on_entry": [ "/scoreboard players set @s health 445" ] },
				"446": { "transitions": [ {"default": "query.health != 446"} ], "on_entry": [ "/scoreboard players set @s health 446" ] },
				"447": { "transitions": [ {"default": "query.health != 447"} ], "on_entry": [ "/scoreboard players set @s health 447" ] },
				"448": { "transitions": [ {"default": "query.health != 448"} ], "on_entry": [ "/scoreboard players set @s health 448" ] },
				"449": { "transitions": [ {"default": "query.health != 449"} ], "on_entry": [ "/scoreboard players set @s health 449" ] },
				"450": { "transitions": [ {"default": "query.health != 450"} ], "on_entry": [ "/scoreboard players set @s health 450" ] },
				"451": { "transitions": [ {"default": "query.health != 451"} ], "on_entry": [ "/scoreboard players set @s health 451" ] },
				"452": { "transitions": [ {"default": "query.health != 452"} ], "on_entry": [ "/scoreboard players set @s health 452" ] },
				"453": { "transitions": [ {"default": "query.health != 453"} ], "on_entry": [ "/scoreboard players set @s health 453" ] },
				"454": { "transitions": [ {"default": "query.health != 454"} ], "on_entry": [ "/scoreboard players set @s health 454" ] },
				"455": { "transitions": [ {"default": "query.health != 455"} ], "on_entry": [ "/scoreboard players set @s health 455" ] },
				"456": { "transitions": [ {"default": "query.health != 4456"} ], "on_entry": [ "/scoreboard players set @s health 456" ] },
				"457": { "transitions": [ {"default": "query.health != 457"} ], "on_entry": [ "/scoreboard players set @s health 457" ] },
				"458": { "transitions": [ {"default": "query.health != 458"} ], "on_entry": [ "/scoreboard players set @s health 458" ] },
				"459": { "transitions": [ {"default": "query.health != 459"} ], "on_entry": [ "/scoreboard players set @s health 459" ] },
				"460": { "transitions": [ {"default": "query.health != 460"} ], "on_entry": [ "/scoreboard players set @s health 460" ] },
				"461": { "transitions": [ {"default": "query.health != 461"} ], "on_entry": [ "/scoreboard players set @s health 461" ] },
				"462": { "transitions": [ {"default": "query.health != 462"} ], "on_entry": [ "/scoreboard players set @s health 462" ] },
				"463": { "transitions": [ {"default": "query.health != 463"} ], "on_entry": [ "/scoreboard players set @s health 463" ] },
				"464": { "transitions": [ {"default": "query.health != 464"} ], "on_entry": [ "/scoreboard players set @s health 464" ] },
				"465": { "transitions": [ {"default": "query.health != 465"} ], "on_entry": [ "/scoreboard players set @s health 465" ] },
				"466": { "transitions": [ {"default": "query.health != 466"} ], "on_entry": [ "/scoreboard players set @s health 466" ] },
				"467": { "transitions": [ {"default": "query.health != 467"} ], "on_entry": [ "/scoreboard players set @s health 467" ] },
				"468": { "transitions": [ {"default": "query.health != 468"} ], "on_entry": [ "/scoreboard players set @s health 468" ] },
				"469": { "transitions": [ {"default": "query.health != 469"} ], "on_entry": [ "/scoreboard players set @s health 469" ] },
				"470": { "transitions": [ {"default": "query.health != 470"} ], "on_entry": [ "/scoreboard players set @s health 470" ] },
				"471": { "transitions": [ {"default": "query.health != 471"} ], "on_entry": [ "/scoreboard players set @s health 471" ] },
				"472": { "transitions": [ {"default": "query.health != 472"} ], "on_entry": [ "/scoreboard players set @s health 472" ] },
				"473": { "transitions": [ {"default": "query.health != 473"} ], "on_entry": [ "/scoreboard players set @s health 473" ] },
				"474": { "transitions": [ {"default": "query.health != 474"} ], "on_entry": [ "/scoreboard players set @s health 474" ] },
				"475": { "transitions": [ {"default": "query.health != 475"} ], "on_entry": [ "/scoreboard players set @s health 475" ] },
				"476": { "transitions": [ {"default": "query.health != 476"} ], "on_entry": [ "/scoreboard players set @s health 476" ] },
				"477": { "transitions": [ {"default": "query.health != 477"} ], "on_entry": [ "/scoreboard players set @s health 477" ] },
				"478": { "transitions": [ {"default": "query.health != 478"} ], "on_entry": [ "/scoreboard players set @s health 478" ] },
				"479": { "transitions": [ {"default": "query.health != 479"} ], "on_entry": [ "/scoreboard players set @s health 479" ] },
				"480": { "transitions": [ {"default": "query.health != 480"} ], "on_entry": [ "/scoreboard players set @s health 480" ] },
				"481": { "transitions": [ {"default": "query.health != 481"} ], "on_entry": [ "/scoreboard players set @s health 481" ] },
				"482": { "transitions": [ {"default": "query.health != 482"} ], "on_entry": [ "/scoreboard players set @s health 482" ] },
				"483": { "transitions": [ {"default": "query.health != 483"} ], "on_entry": [ "/scoreboard players set @s health 483" ] },
				"484": { "transitions": [ {"default": "query.health != 484"} ], "on_entry": [ "/scoreboard players set @s health 484" ] },
				"485": { "transitions": [ {"default": "query.health != 485"} ], "on_entry": [ "/scoreboard players set @s health 485" ] },
				"486": { "transitions": [ {"default": "query.health != 486"} ], "on_entry": [ "/scoreboard players set @s health 486" ] },
				"487": { "transitions": [ {"default": "query.health != 487"} ], "on_entry": [ "/scoreboard players set @s health 487" ] },
				"488": { "transitions": [ {"default": "query.health != 488"} ], "on_entry": [ "/scoreboard players set @s health 488" ] },
				"489": { "transitions": [ {"default": "query.health != 489"} ], "on_entry": [ "/scoreboard players set @s health 489" ] },
				"490": { "transitions": [ {"default": "query.health != 490"} ], "on_entry": [ "/scoreboard players set @s health 490" ] },
				"491": { "transitions": [ {"default": "query.health != 491"} ], "on_entry": [ "/scoreboard players set @s health 491" ] },
				"492": { "transitions": [ {"default": "query.health != 492"} ], "on_entry": [ "/scoreboard players set @s health 492" ] },
				"493": { "transitions": [ {"default": "query.health != 493"} ], "on_entry": [ "/scoreboard players set @s health 493" ] },
				"494": { "transitions": [ {"default": "query.health != 494"} ], "on_entry": [ "/scoreboard players set @s health 494" ] },
				"495": { "transitions": [ {"default": "query.health != 495"} ], "on_entry": [ "/scoreboard players set @s health 495" ] },
				"496": { "transitions": [ {"default": "query.health != 496"} ], "on_entry": [ "/scoreboard players set @s health 496" ] },
				"497": { "transitions": [ {"default": "query.health != 497"} ], "on_entry": [ "/scoreboard players set @s health 497" ] },
				"498": { "transitions": [ {"default": "query.health != 498"} ], "on_entry": [ "/scoreboard players set @s health 498" ] },
				"499": { "transitions": [ {"default": "query.health != 499"} ], "on_entry": [ "/scoreboard players set @s health 499" ] },
				"500": { "transitions": [ {"default": "query.health != 500"} ], "on_entry": [ "/scoreboard players set @s health 500" ] }
			}
		}
	}
}
