{
  "format_version": "1.10.0",
  "animation_controllers": {
    "controller.animation.hp": {
      "states": {
        "default": {
          "transitions": [
            { 
              "h1": "query.scoreboard('hp') == 1"
            },
           { 
              "h2": "query.scoreboard('hp') == 2"
            },
           { 
              "h3": "query.scoreboard('hp') == 4"
            },
           { 
              "h4": "query.scoreboard('hp') == 6"
            },
           { 
              "h5": "query.scoreboard('hp') == 10"
            },
           { 
              "h6": "query.scoreboard('hp') == 12"
            },
           { 
              "h7": "query.scoreboard('hp') == 15"
            },
           { 
              "h8": "query.scoreboard('hp') >= 20"
            }
          ]
        },
        "h1": {
          "transitions": [ { "default": "(1.0)" } ],
          "on_entry": [ "/event entity @s ds:health_1" ]
        },
        "h2": {
          "transitions": [ { "default": "(1.0)" } ],
          "on_entry": [ "/event entity @s ds:health_2" ]
        },
        "h3": {
          "transitions": [ { "default": "(1.0)" } ],
          "on_entry": [ "/event entity @s ds:health_3" ]
        },
        "h4": {
          "transitions": [ { "default": "(1.0)" } ],
          "on_entry": [ "/event entity @s ds:health_4" ]
        },
        "h5": {
          "transitions": [ { "default": "(1.0)" } ],
          "on_entry": [ "/event entity @s ds:health_5" ]
        },
        "h6": {
          "transitions": [ { "default": "(1.0)" } ],
          "on_entry": [ "/event entity @s ds:health_6" ]
        },
        "h7": {
          "transitions": [ { "default": "(1.0)" } ],
          "on_entry": [ "/event entity @s ds:health_7" ]
        },
        "h8": {
          "transitions": [ { "default": "(1.0)" } ],
          "on_entry": [ "/event entity @s ds:health_8" ]
        }
      }
    }
  }
}
