{
  "format_version": "1.10.0",
  "animation_controllers": {
    "controller.animation.kekki": {
      "states": {
        "default": {
          "on_entry": [ "/scoreboard players set @s blood 0" ],
          "transitions": [
            { 
              "k1": "query.scoreboard('blood') == 1"
            },
           { 
              "k2": "query.scoreboard('blood') == 2"
            },
           { 
              "k3": "query.scoreboard('blood') == 3"
            },
           { 
              "k4": "query.scoreboard('blood') == 4"
            },
           { 
              "k5": "query.scoreboard('blood') == 5"
            },
           { 
              "k6": "query.scoreboard('blood') == 6"
            },
           { 
              "k7": "query.scoreboard('blood') == 7"
            },
           { 
              "k8": "query.scoreboard('blood') == 8"
            },
           { 
              "k9": "query.scoreboard('blood') == 9"
            },
           { 
              "k10": "query.scoreboard('blood') == 10"
            },
           { 
              "k11": "query.scoreboard('blood') == 11"
            }
          ]
        },
        "k1":{
         "transitions":[
            {"k01":"variable.time = (variable.time ?? 0);variable.time = variable.time < 5 ? variable.time + 1:0;return variable.time == 0;"}
          ]
        },
        "k01": {
          "transitions": [ { "default": "(1.0)" } ],
          "on_entry": [ "/function blood_akaza" ]
        },
        "k2":{
         "transitions":[
            {"k02":"variable.time = (variable.time ?? 0);variable.time = variable.time < 5 ? variable.time + 1:0;return variable.time == 0;"}
          ]
        },
        "k02": {
          "transitions": [ { "default": "(1.0)" } ],
          "on_entry": [ "/function blood_doma" ]
        },
        "k3":{
         "transitions":[
            {"k03":"variable.time = (variable.time ?? 0);variable.time = variable.time < 5 ? variable.time + 1:0;return variable.time == 0;"}
          ]
        },
        "k03": {
          "transitions": [ { "default": "(1.0)" } ],
          "on_entry": [ "/function blood_enmu" ]
        },
        "k4":{
         "transitions":[
            {"k04":"variable.time = (variable.time ?? 0);variable.time = variable.time < 5 ? variable.time + 1:0;return variable.time == 0;"}
          ]
        },
        "k04": {
          "transitions": [ { "default": "(1.0)" } ],
          "on_entry": [ "/function blood_gyokko" ]
        },
        "k5":{
         "transitions":[
            {"k05":"variable.time = (variable.time ?? 0);variable.time = variable.time < 5 ? variable.time + 1:0;return variable.time == 0;"}
          ]
        },
        "k05": {
          "transitions": [ { "default": "(1.0)" } ],
          "on_entry": [ "/function blood_gyutaro" ]
        },
        "k6":{
         "transitions":[
            {"k06":"variable.time = (variable.time ?? 0);variable.time = variable.time < 5 ? variable.time + 1:0;return variable.time == 0;"}
          ]
        },
        "k06": {
          "transitions": [ { "default": "(1.0)" } ],
          "on_entry": [ "/function blood_kyogai" ]
        },
        "k7":{
         "transitions":[
            {"k07":"variable.time = (variable.time ?? 0);variable.time = variable.time < 5 ? variable.time + 1:0;return variable.time == 0;"}
          ]
        },
        "k07": {
          "transitions": [ { "default": "(1.0)" } ],
          "on_entry": [ "/function blood_nakime" ]
        },
        "k8":{
         "transitions":[
            {"k08":"variable.time = (variable.time ?? 0);variable.time = variable.time < 5 ? variable.time + 1:0;return variable.time == 0;"}
          ]
        },
        "k08": {
          "transitions": [ { "default": "(1.0)" } ],
          "on_entry": [ "/function blood_rui" ]
        },
        "k9":{
         "transitions":[
            {"k09":"variable.time = (variable.time ?? 0);variable.time = variable.time < 5 ? variable.time + 1:0;return variable.time == 0;"}
          ]
        },
        "k09": {
          "transitions": [ { "default": "(1.0)" } ],
          "on_entry": [ "/function blood_slasher" ]
        },
        "k10":{
         "transitions":[
            {"k010":"variable.time = (variable.time ?? 0);variable.time = variable.time < 5 ? variable.time + 1:0;return variable.time == 0;"}
          ]
        },
        "k010": {
          "transitions": [ { "default": "(1.0)" } ],
          "on_entry": [ "/function blood_susamaru" ]
        },
        "k11":{
         "transitions":[
            {"k011":"variable.time = (variable.time ?? 0);variable.time = variable.time < 5 ? variable.time + 1:0;return variable.time == 0;"}
          ]
        },
        "k011": {
          "transitions": [ { "default": "(1.0)" } ],
          "on_entry": [ "/function blood_yahaba" ]
        }
      }
    }
  }
}
