{
  "format_version": "1.10.0",
  "animation_controllers": {
    "controller.animation.kekki1": {
      "initial_state": "default",
      "states": {
        "default": {
          "transitions": [
            {
              "kekki0.1": "query.get_equipped_item_name('main_hand')=='rui_kekki3' && query.is_using_item && query.has_any_family('oni') == 1.0"
            },
            {
              "kekki0.2": "query.get_equipped_item_name('main_hand')=='drum' && query.is_using_item && query.has_any_family('oni') == 1.0"
            },
            {
              "kekki0.3": "query.get_equipped_item_name('main_hand')=='yahaba_hand' && query.is_using_item && query.has_any_family('oni') == 1.0"
            },
           {
              "kekki0.4": "query.get_equipped_item_name('main_hand')=='leque1' && query.is_using_item && query.has_any_family('oni') == 1.0"
            },
           {
              "kekki0.5": "query.get_equipped_item_name('main_hand')=='leque2' && query.is_using_item && query.has_any_family('oni') == 1.0"
            },
           {
              "kekki0.6": "query.get_equipped_item_name('main_hand')=='leque3' && query.is_using_item && query.has_any_family('oni') == 1.0"
            },
           {
              "kekki0.7": "query.get_equipped_item_name('main_hand')=='leque4' && query.is_using_item && query.has_any_family('oni') == 1.0"
            },
           {
              "kekki0.8": "query.get_equipped_item_name('main_hand')=='ballkekki' && query.is_using_item && query.has_any_family('oni') == 1.0"
            },
           {
              "kekki0.9": "query.get_equipped_item_name('main_hand')=='akaza_kekki1' && query.is_using_item && query.has_any_family('oni') == 1.0"
            },
           {
              "kekki1.0": "query.get_equipped_item_name('main_hand')=='akaza_kekki2' && query.is_using_item && query.has_any_family('oni') == 1.0"
            },
           {
              "kekki1.1": "query.get_equipped_item_name('main_hand')=='akaza_kekki3' && query.is_using_item && query.has_any_family('oni') == 1.0"
            },
           {
              "kekki1.2": "query.get_equipped_item_name('main_hand')=='gyokko_kekki1' && query.is_using_item && query.has_any_family('oni') == 1.0"
            },
           {
              "kekki1.3": "query.get_equipped_item_name('main_hand')=='gyokko_kekki2' && query.is_using_item && query.has_any_family('oni') == 1.0"
            },
           {
              "kekki1.4": "query.get_equipped_item_name('main_hand')=='gyokko_kekki3' && query.is_using_item && query.has_any_family('oni') == 1.0"
            },
           {
              "kekki1.5": "query.get_equipped_item_name('main_hand')=='slasher_kekki' && query.has_any_family('oni') == 1.0"
            },
           {
              "kekki1.6": "query.is_item_name_any('slot.armor.chest', 0, 'ds:daki_sash') && query.is_sneaking"
            },
            {
"kekki1":"query.equipped_item_any_tag('slot.weapon.mainhand','ruikekki') && query.is_sneaking && query.has_any_family('oni') == 1.0"
            },
            {
"kekki2":"query.equipped_item_any_tag('slot.weapon.mainhand','gyukekki') && query.is_sneaking && query.has_any_family('oni') == 1.0"
            },
            {
"kekki3":"query.equipped_item_any_tag('slot.weapon.mainhand','domakekki') && query.is_sneaking && query.has_any_family('oni') == 1.0"
            },
            {
"kekki4":"query.equipped_item_any_tag('slot.weapon.mainhand','akazakekki') && query.is_sneaking && query.has_any_family('oni') == 1.0"
            },
            {
"kekki5":"query.equipped_item_any_tag('slot.weapon.mainhand','gyokekki') && query.is_sneaking && query.has_any_family('oni') == 1.0"
            },
            {
"kekki6":"query.equipped_item_any_tag('slot.weapon.mainhand','enmukekki') && query.is_sneaking && query.has_any_family('oni') == 1.0"
            }
          ]
        },
        "kekki1.6": {
          "transitions": [
            {
              "default": "(1.0)"
            }
          ],
          "on_entry": [
          "/effect @s resistance 1 3"
          ]
        },
        "kekki1.5": {
          "transitions": [
            {
              "kekki1.50": "variable.time = (variable.time ?? 0);variable.time = variable.time < 5 ? variable.time + 1:0;return variable.time == 0;"
            },
            {
              "default": "query.get_equipped_item_name('main_hand')!='slasher_kekki' || query.has_any_family('oni') == 0.0"
            }
          ],
          "on_entry": [
          "/effect @s speed 1 9",
	        "/particle ds:slasher ~~-1~"
          ]
        },
        "kekki1.50": {
          "transitions": [
            {
              "kekki1.5": "(1.0)"
            }
          ]
        },
        "kekki1.2": {
          "transitions": [
            {
              "default": "variable.time = (variable.time ?? 0);variable.time = variable.time < 3 ? variable.time + 1:0;return variable.time == 0;"
            }
          ],
          "on_entry": [
          "/playsound bubble.pop @a[r=15] ~~~ 0.7 0.8 0",
	       "@s minecraft:event_fish"
          ]
        },
        "kekki1.3": {
          "transitions": [
            {
              "default": "variable.time = (variable.time ?? 0);variable.time = variable.time < 80 ? variable.time + 1:0;return variable.time == 0;"
            }
          ],
          "on_entry": [
          "/execute @e[r=10,c=3,rm=3,type=!item,type=!xp_orb] ~~~ summon ds:water_vase ~~~",
          "/playsound bucket.fill_water @a[r=15] ~~~ 0.7 0.8 0"
          ]
        },
        "kekki1.4": {
          "transitions": [
            {
              "default": "variable.time = (variable.time ?? 0);variable.time = variable.time < 5 ? variable.time + 1:0;return variable.time == 0;"
            }
          ],
          "on_entry": [
        "/tag @e[rm=1] add gyo1",
	     "/summon ds:tentacle_vase ~~~",
		  "/summon ds:tentacle_vase ~~~",
		  "/summon ds:tentacle_vase ~~~",
		  "/summon ds:tentacle_vase ~~~",
        "/spreadplayers ~~ 1 10 @e[r=3,type=ds:tentacle_vase]"
          ]
        },
        "kekki0.1": {
          "transitions": [
            {
              "default": "(1.0)"
            }
          ],
          "on_entry": [
            "/tp @s ^^^ facing ^^1^100",
            "/particle ds:rui_kekkired ^^1^2",
            "/effect @s resistance 1 3 true"
          ]
        },
        "kekki0.2": {
          "transitions": [
            {
              "default": "variable.time = (variable.time ?? 0);variable.time = variable.time < 30 ? variable.time + 1:0;return variable.time == 0;"
            }
          ],
          "on_entry": [
            "/playsound drum @a[r=15] ~~~ 0.7 0.8 0",
		    "@s minecraft:event_drum"
          ]
        },
        "kekki0.3": {
          "transitions": [
            {
              "kekki0.03": "variable.time = (variable.time ?? 0);variable.time = variable.time < 5 ? variable.time + 1:0;return variable.time == 0;"
            }
          ],
          "on_entry": [
            "/playsound mob.witch.throw @a[r=15] ~~~ 0.7 0.8 0",
		    "@s minecraft:event_yahaba_arrow"
          ]
        },
        "kekki0.03": {
          "transitions": [
            {
              "kekki0.003": "variable.time = (variable.time ?? 0);variable.time = variable.time < 5 ? variable.time + 1:0;return variable.time == 0;"
            }
          ],
          "on_entry": [
            "/playsound mob.witch.throw @a[r=15] ~~~ 0.7 0.8 0",
		    "@s minecraft:event_yahaba_arrow"
          ]
        },
        "kekki0.8": {
          "transitions": [
            {
              "default": "variable.time = (variable.time ?? 0);variable.time = variable.time < 5 ? variable.time + 1:0;return variable.time == 0;"
            }
          ],
          "on_entry": [
            "/playsound mob.witch.throw @a[r=15] ~~~ 0.7 0.8 0",
		    "@s minecraft:event_susamaru_ball"
          ]
        },
        "kekki1.0": {
          "transitions": [
            {
              "kekki1.00": "variable.time = (variable.time ?? 0);variable.time = variable.time < 25 ? variable.time + 1:0;return variable.time == 0;"
            },
            {
              "default": "!query.is_using_item"
            }
          ],
          "on_entry": [
            "/summon ds:akaza_circle ~~~", "/playsound akaza @a[r=25] ~~~ 5 1 0"
          ]
        },
        "kekki1.00": {
          "transitions": [
            {
              "default": "variable.time = (variable.time ?? 0);variable.time = variable.time < 50 ? variable.time + 1:0;return variable.time == 0;"
            }
          ],
          "on_entry": [
            "/effect @s haste 15 2 true", "/effect @s speed 15 5 true", "/playsound random.levelup @a[r=15] ~~~ 1 0.7 0"
          ]
        },
        "kekki1.1": {
          "transitions": [
            {
              "kekki1.100": "variable.time = (variable.time ?? 0);variable.time = variable.time < 5 ? variable.time + 1:0;return variable.time == 0;"
            },
            {
              "kekki1.10": "!query.is_using_item"
            }
          ],
          "on_entry": [
            "/particle ds:akaza1"
          ]
        },
        "kekki1.100": {
          "transitions": [
            {
              "kekki1.1": "variable.time = (variable.time ?? 0);variable.time = variable.time < 5 ? variable.time + 1:0;return variable.time == 0;"
            },
            {
              "kekki1.10": "!query.is_using_item"
            }
          ],
          "on_entry": [
            "/particle ds:akaza1"
          ]
        },
        "kekki1.10": {
          "transitions": [
            {
              "kekki1.1000": "variable.time = (variable.time ?? 0);variable.time = variable.time < 30 ? variable.time + 1:0;return variable.time == 0;"
            }
          ],
          "on_entry": [
          "/playanimation @s animation.akaza03",
          "/effect @s levitation 1 10 true",
          "/effect @s slow_falling 3 5 true"
          ]
        },
        "kekki1.1000": {
          "transitions": [
            {
              "default": "variable.time = (variable.time ?? 0);variable.time = variable.time < 35 ? variable.time + 1:0;return variable.time == 0;"
            }
          ],
          "on_entry": [
            "/playsound mob.witch.throw @a[r=15] ~~~ 0.7 0.8 0",
		    "@s minecraft:event_akaza_atk2"
          ]
        },
        "kekki0.9": {
          "transitions": [
            {
              "kekki0.009": "variable.time = (variable.time ?? 0);variable.time = variable.time < 5 ? variable.time + 1:0;return variable.time == 0;"
            },
            {
              "kekki0.09": "!query.is_using_item"
            }
          ],
          "on_entry": [
            "/particle ds:akaza1"
          ]
        },
        "kekki0.009": {
          "transitions": [
            {
              "kekki0.9": "variable.time = (variable.time ?? 0);variable.time = variable.time < 5 ? variable.time + 1:0;return variable.time == 0;"
            },
            {
              "kekki0.09": "!query.is_using_item"
            }
          ],
          "on_entry": [
            "/particle ds:akaza1"
          ]
        },
        "kekki0.09": {
          "transitions": [
            {
              "default": "variable.time = (variable.time ?? 0);variable.time = variable.time < 35 ? variable.time + 1:0;return variable.time == 0;"
            }
          ],
          "on_entry": [
            "/playsound mob.witch.throw @a[r=15] ~~~ 0.7 0.8 0",
		    "@s minecraft:event_akaza_atk"
          ]
        },
        "kekki0.003": {
          "transitions": [
            {
              "default": "variable.time = (variable.time ?? 0);variable.time = variable.time < 30 ? variable.time + 1:0;return variable.time == 0;"
            }
          ],
          "on_entry": [
            "/playsound mob.witch.throw @a[r=15] ~~~ 0.7 0.8 0",
		    "@s minecraft:event_yahaba_arrow"
          ]
        },
        "kekki0.4": {
          "transitions": [
            {
              "kekki0.04": "variable.time = (variable.time ?? 0);variable.time = variable.time < 50 ? variable.time + 1:0;return variable.time == 0;"
            }
          ],
          "on_entry": [
            "/playsound random.fizz @a[r=15] ~~~ 0.7 0.8 0",
            "/tag @s add lotus1",
            "/execute @s ^^^3 damage @e[r=2,type=!item] 15 entity_attack entity @s",
		    "/summon ds:lotus ~~~",
		    "/summon ds:lotus ~~~",
		    "/summon ds:lotus ~~~",
		    "/summon ds:lotus ~~~",
		    "/summon ds:lotus ~~~",
            "/spreadplayers ~~ 1 10 @e[r=3,type=ds:lotus]",
            "/particle ds:leque ^^^3"
          ]
        },
        "kekki0.04": {
          "transitions": [
            {
              "default": "variable.time = (variable.time ?? 0);variable.time = variable.time < 10 ? variable.time + 1:0;return variable.time == 0;"
            }
          ],
          "on_entry": [
            "/tag @s remove lotus1"
          ]
        },
        "kekki0.5": {
          "transitions": [
            {
              "kekki0.05": "variable.time = (variable.time ?? 0);variable.time = variable.time < 20 ? variable.time + 1:0;return variable.time == 0;"
            }
          ],
          "on_entry": [
            "/playsound random.fizz @a[r=15] ~~~ 0.7 0.8 0",
            "/playsound mob.player.hurt_freeze @a[r=15] ~~~ 0.8 0.7 0",
            "/tag @s add lotus2",
            "/effect @e[r=5,tag=!lotus2] slowness 5 2 true",
            "/execute @s ^^^ damage @e[r=5,rm=0.01,type=!item] 20 entity_attack entity @s",
            "/particle ds:leque2 ^^^"
          ]
        },
        "kekki0.05": {
          "transitions": [
            {
              "default": "variable.time = (variable.time ?? 0);variable.time = variable.time < 10 ? variable.time + 1:0;return variable.time == 0;"
            }
          ],
          "on_entry": [
            "/tag @s remove lotus2"
          ]
        },
        "kekki0.7": {
          "transitions": [
            {
              "default": "variable.time = (variable.time ?? 0);variable.time = variable.time < 10 ? variable.time + 1:0;return variable.time == 0;"
            }
          ],
          "on_entry": [
            "@s minecraft:event_icekid",
            "/playsound random.fizz @a[r=15] ~~~ 0.7 0.8 0",
            "/playsound mob.player.hurt_freeze @a[r=15] ~~~ 0.8 0.7 0"
          ]
        },
        "kekki0.6": {
          "transitions": [
            {
              "kekki0.06": "variable.time = (variable.time ?? 0);variable.time = variable.time < 20 ? variable.time + 1:0;return variable.time == 0;"
            }
          ],
          "on_entry": [
            "/playsound random.fizz @a[r=15] ~~~ 0.7 0.8 0",
            "/playsound mob.player.hurt_freeze @a[r=15] ~~~ 0.8 0.7 0",
            "/tag @s add lotus3",
            "/execute @s ^^5^5 summon ds:cristal ~~~",
            "/execute @s ^^5^5 summon ds:cristal ~-2~~",
            "/execute @s ^^5^5 summon ds:cristal ~2~~",
            "/execute @s ^^5^5 summon ds:cristal ~~~-2",
            "/execute @s ^^5^5 summon ds:cristal ~~~2",
            "/execute @s ^^5^5 summon ds:cristal ~2~~2",
            "/execute @s ^^5^5 summon ds:cristal ~-2~~-2",
            "/execute @s ^^5^5 summon ds:cristal ~-2~~2",
            "/execute @s ^^5^5 summon ds:cristal ~2~~-2",
            "/execute @s ^^5^5 summon ds:cristal ~4~1~",
            "/execute @s ^^5^5 summon ds:cristal ~-4~2~",
            "/execute @s ^^5^5 summon ds:cristal ~~~4",
            "/execute @s ^^5^5 summon ds:cristal ~~~-4",
            "/execute @s ^^5^5 summon ds:cristal ~-4~~4",
            "/execute @s ^^5^5 summon ds:cristal ~4~~-4",
            "/execute @s ^^5^5 summon ds:cristal ~4~~4",
            "/execute @s ^^5^5 summon ds:cristal ~-4~~-4"
          ]
        },
        "kekki0.06": {
          "transitions": [
            {
              "default": "variable.time = (variable.time ?? 0);variable.time = variable.time < 10 ? variable.time + 1:0;return variable.time == 0;"
            }
          ],
          "on_entry": [
            "/tag @s remove lotus3"
          ]
        },
        "kekki1":{
          "transitions":[
            {"default":"!query.is_sneaking"}
          ],
          "on_entry": [
            "/playsound mob.spider.say @a[r=10] ~~~ 0.5 1 0",
            "/scoreboard players add @s kekki 1",
            "/scoreboard players set @s[scores={kekki=4..}] kekki 1",
            "/function kekkijutsu1"
          ]
        },
        "kekki2":{
          "transitions":[
            {"default":"!query.is_sneaking"}
          ],
          "on_entry": [
            "/playsound beacon.activate @a[r=10] ~~~ 0.8 0.5 0",
            "/scoreboard players add @s kekki 1",
            "/scoreboard players set @s[scores={kekki=5..}] kekki 1",
            "/function kekkijutsu2"
          ]
        },
        "kekki3":{
          "transitions":[
            {"default":"!query.is_sneaking"}
          ],
          "on_entry": [
            "/playsound armor.equip_generic @a[r=10] ~~~ 0.8 0.8 0",
            "/scoreboard players add @s kekki 1",
            "/scoreboard players set @s[scores={kekki=5..}] kekki 1",
            "/function kekkijutsu3"
          ]
        },
        "kekki4":{
          "transitions":[
            {"default":"!query.is_sneaking"}
          ],
          "on_entry": [
            "/playsound armor.equip_generic @a[r=10] ~~~ 0.8 0.8 0",
            "/scoreboard players add @s kekki 1",
            "/scoreboard players set @s[scores={kekki=4..}] kekki 1",
            "/function kekkijutsu4"
          ]
        },
        "kekki5":{
          "transitions":[
            {"default":"!query.is_sneaking"}
          ],
          "on_entry": [
            "/playsound armor.equip_generic @a[r=10] ~~~ 0.8 0.8 0",
            "/scoreboard players add @s kekki 1",
            "/scoreboard players set @s[scores={kekki=4..}] kekki 1",
            "/function kekkijutsu5"
          ]
        },
        "kekki6":{
          "transitions":[
            {"default":"!query.is_sneaking"}
          ],
          "on_entry": [
            "/playsound armor.equip_generic @a[r=10] ~~~ 0.8 0.8 0",
            "/scoreboard players add @s kekki 1",
            "/scoreboard players set @s[scores={kekki=3..}] kekki 1",
            "/function kekkijutsu6"
          ]
        }

      }
    }
  }
}