{
  "format_version":"1.16.100",
  "animation_controllers":{
    "controller.animation.light":{
      "states":{
        "default":{
          "transitions":[
            {"0":"query.is_item_name_any('slot.armor.head','ds:sakkat_lantern')"},
            {"1":"!query.is_item_name_any('slot.armor.head','ds:sakkat_lantern')"}
          ]
        },
        "0":{
         "transitions":[
            {"default":"(1.0)"}
          ],
          "on_entry":[
            "/function light"
          ]
        },
        "1":{
         "transitions":[
            {"default":"(1.0)"}
          ],
          "on_entry":[
            "/fill ~-3~-3~-3 ~3~3~3 air 0 replace light_block 15"
          ]
        }
      }
    }
  }
}
