{
  "format_version": "1.10.0",
  "animation_controllers": {
    "controller.animation.mistbreath": {
      "initial_state": "default",
      "states": {
        "default": {
          "transitions": [
            {
              "water0.1": "query.get_equipped_item_name('main_hand')=='nichirin_tokito' && query.is_using_item"
            },
            {
              "water0.1": "query.equipped_item_any_tag('slot.weapon.mainhand','nichirin0') && query.is_using_item && query.scoreboard('breath') == 3"
            }
          ],
          "on_entry": [
            "/tag @s remove mist1",
            "/tag @s remove mist2",
            "/tag @s remove mist3",
            "/tag @s remove mist4",
            "/tag @s remove mist5",
            "/tag @s remove mist6",
            "/tag @s remove mist7"
          ]
        },
        "water0.1": {
          "transitions": [
            {
              "water0.2": "query.is_using_item"
            },
            {
              "water1": "!query.is_using_item"
            }
          ],
          "on_entry": [
            "/execute @s[scores={res=15..}] ~~~ playanimation @s[scores={form=1}] animation.mist0 one",
            "/execute @s[scores={res=30..}] ~~~ playanimation @s[scores={form=2}] animation.mist0 one",
            "/execute @s[scores={res=35..}] ~~~ playanimation @s[scores={form=3}] animation.mist0 one",
           "/execute @s[scores={res=20..}] ~~~ playanimation @s[scores={form=4}] animation.mist0 one",
           "/execute @s[scores={res=25..}] ~~~ playanimation @s[scores={form=5}] animation.mist0 one",
           "/execute @s[scores={res=30..}] ~~~ playanimation @s[scores={form=6}] animation.mist0 one",
           "/execute @s[scores={res=40..}] ~~~ playanimation @s[scores={form=7}] animation.mist0 one"
          ]
        },
        "water0.2": {
          "transitions": [
            {
              "water0.1": "query.is_using_item"
            },
            {
              "water1": "!query.is_using_item"
            }
          ],
          "on_entry": [
            "/execute @s[scores={res=15..}] ~~~ playanimation @s[scores={form=1}] animation.mist0 one",
            "/execute @s[scores={res=30..}] ~~~ playanimation @s[scores={form=2}] animation.mist0 one",
            "/execute @s[scores={res=35..}] ~~~ playanimation @s[scores={form=3}] animation.mist0 one",
           "/execute @s[scores={res=20..}] ~~~ playanimation @s[scores={form=4}] animation.mist0 one",
           "/execute @s[scores={res=25..}] ~~~ playanimation @s[scores={form=5}] animation.mist0 one",
           "/execute @s[scores={res=30..}] ~~~ playanimation @s[scores={form=6}] animation.mist0 one",
           "/execute @s[scores={res=40..}] ~~~ playanimation @s[scores={form=7}] animation.mist0 one"
          ]
        },
        "water0.8": {
          "transitions": [
            {
              "water0.9": "variable.time = (variable.time ?? 0);variable.time = variable.time < 2 ? variable.time + 1:0;return variable.time == 0;"
            },
           {
              "water0.5": "query.scoreboard('time') >= 10"
            },
            {
              "water0.5": "!query.equipped_item_any_tag('slot.weapon.mainhand','nichirin')"
            }
          ],
          "on_entry": [
            "/execute @s[tag=mist4] ^^^ damage @e[r=3,rm=0.01,type=!item] 13 entity_attack entity @s",
            "/execute @s[tag=mist5] ^^^ damage @e[r=4,rm=0.01,type=!item] 16 entity_attack entity @s",
            "/camerashake add @s 1.15 0.5 positional",
            "/scoreboard players add @s time 1",
            "/execute @s[tag=mist5] ~~~ particle ds:mist5 ^^^1",
            "/execute @s[tag=mist5] ~~~ playsound sweep @a[r=15] ~~~ 0.8 1 0",
            "/particle ds:mist4 ~~~",
            "/effect @s speed 2 5 true",
            "/playsound random.fizz @a[r=15] ~~~ 0.5 1 0"
          ]
        },
        "water0.9": {
          "transitions": [
            {
              "water0.08": "variable.time = (variable.time ?? 0);variable.time = variable.time < 2 ? variable.time + 1:0;return variable.time == 0;"
            },
           {
              "water0.5": "query.scoreboard('time') >= 10"
            },
            {
              "water0.5": "!query.equipped_item_any_tag('slot.weapon.mainhand','nichirin')"
            }
          ],
          "on_entry": [
            "/scoreboard players add @s time 1",
            "/execute @s[tag=mist5] ~~~ particle ds:mist5 ^^^1",
            "/execute @s[tag=mist5] ~~~ playsound sweep @a[r=15] ~~~ 0.8 1 0",
            "/particle ds:mist4 ~~~",
            "/effect @s speed 2 5 true"
          ]
        },
        "water0.08": {
          "transitions": [
            {
              "water0.8": "variable.time = (variable.time ?? 0);variable.time = variable.time < 2 ? variable.time + 1:0;return variable.time == 0;"
            },
           {
              "water0.5": "query.scoreboard('time') >= 10"
            },
            {
              "water0.5": "!query.equipped_item_any_tag('slot.weapon.mainhand','nichirin')"
            }
          ],
          "on_entry": [
            "/execute @s[tag=mist4] ^^^ damage @e[r=3,rm=0.01,type=!item] 13 entity_attack entity @s",
            "/execute @s[tag=mist5] ^^^ damage @e[r=4,rm=0.01,type=!item] 16 entity_attack entity @s",
            "/camerashake add @s 1.15 0.5 positional",
            "/execute @s[tag=mist5] ~~~ particle ds:mist5 ^^^1",
            "/execute @s[tag=mist5] ~~~ playsound sweep @a[r=15] ~~~ 0.8 1 0",
            "/scoreboard players add @s time 1",
            "/particle ds:mist4 ~~~",
            "/effect @s speed 2 5 true"
          ]
        },
        "water1.1": {
          "transitions": [
            {
              "water1.2": "variable.time = (variable.time ?? 0);variable.time = variable.time < 5 ? variable.time + 1:0;return variable.time == 0;"
            },
           {
              "water0.5": "query.scoreboard('time') >= 20"
            },
            {
              "water0.5": "!query.equipped_item_any_tag('slot.weapon.mainhand','nichirin')"
            }
          ],
          "on_entry": [
            "/execute @e[r=5,tag=!mist7,type=!ds:damage01] ~~~ tp @p[r=5,tag=mist7] ^^^-1 facing @s",
            "/execute @s ^^^3 damage @e[r=2,type=!item] 20 entity_attack entity @s",
            "/camerashake add @s 1.25 0.5 positional",
            "/scoreboard players add @s time 1",
            "/particle ds:mist5 ^^^1",
            "/playsound sweep @a[r=15] ~~~ 0.8 1 0",
            "/particle ds:mist4 ~~~",
            "/playsound random.fizz @a[r=15] ~~~ 0.5 1 0"
          ]
        },
        "water1.2": {
          "transitions": [
            {
              "water1.3": "variable.time = (variable.time ?? 0);variable.time = variable.time < 5 ? variable.time + 1:0;return variable.time == 0;"
            },
           {
              "water0.5": "query.scoreboard('time') >= 20"
            },
            {
              "water0.5": "!query.equipped_item_any_tag('slot.weapon.mainhand','nichirin')"
            }
          ],
          "on_entry": [
            "/execute @e[r=5,tag=!mist7,type=!ds:damage01] ~~~ tp @p[r=5,tag=mist7] ^^^-1 facing @s",
            "/execute @s ^^^3 damage @e[r=2,type=!item] 20 entity_attack entity @s",
            "/camerashake add @s 1.25 0.5 positional",
            "/scoreboard players add @s time 1",
            "/particle ds:mist5 ^^^1",
            "/playsound sweep @a[r=15] ~~~ 0.8 1 0",
            "/particle ds:mist4 ~~~",
            "/playsound random.fizz @a[r=15] ~~~ 0.5 1 0"
          ]
        },
        "water1.3": {
          "transitions": [
            {
              "water1.1": "variable.time = (variable.time ?? 0);variable.time = variable.time < 5 ? variable.time + 1:0;return variable.time == 0;"
            },
           {
              "water0.5": "query.scoreboard('time') >= 20"
            },
            {
              "water0.5": "!query.equipped_item_any_tag('slot.weapon.mainhand','nichirin')"
            }
          ],
          "on_entry": [
            "/execute @e[r=5,tag=!mist7] ~~~ tp @p[r=5,tag=mist7] ^^^-1 facing @s",
            "/execute @s ^^^3 damage @e[r=2,type=!item] 20 entity_attack entity @s",
            "/camerashake add @s 1.25 0.5 positional",
            "/scoreboard players add @s time 1",
            "/particle ds:mist5 ^^^1",
            "/playsound sweep @a[r=15] ~~~ 0.8 1 0",
            "/particle ds:mist4 ~~~",
            "/playsound random.fizz @a[r=15] ~~~ 0.5 1 0"
          ]
        },
        "water0.5": {
          "transitions": [
            {
              "default": "variable.time = (variable.time ?? 0);variable.time = variable.time < 25 ? variable.time + 1:0;return variable.time == 0;"
            }
          ],
          "on_entry": [
            "/scoreboard players set @s time 0"
          ]
        },
        "water1": {
          "transitions": [
            {
              "default": "variable.time = (variable.time ?? 0);variable.time = variable.time < 25 ? variable.time + 1:0;return variable.time == 0;"
            },
           {
              "water0.8": "query.scoreboard('time') >= 1 && query.scoreboard('form') == 4"
            },
           {
              "water0.8": "query.scoreboard('time') >= 1 && query.scoreboard('form') == 5"
            },
           {
              "water1.1": "query.scoreboard('time') >= 1 && query.scoreboard('form') == 7"
            }
          ],
          "on_entry": [
            "/execute @s[scores={res=40..}] ~~~ tag @s[scores={form=7}] add mist7",
            "/execute @s[scores={res=40..}] ~~~ scoreboard players set @s[scores={form=7}] time 2",
            "/execute @s[scores={res=40..}] ~~~ scoreboard players remove @s[scores={form=7}] res 40",
            "/execute @s[scores={form=7}] ~~~ playsound random.fizz @a[r=15] ~~~ 0.5 1 0",

            "/execute @s[scores={res=30..}] ~~~ effect @s[scores={form=6}] levitation 1 10 true",
            "/execute @s[scores={res=30..}] ^^^ damage @e[r=6,rm=0.01,type=!item] 25 entity_attack entity @s[scores={form=6}]",
            "/execute @s[scores={res=30..}] ~~~ camerashake add @s[scores={form=6}] 1.5 0.5 positional",
            "/execute @s[scores={res=30..}] ~~~ execute @s[scores={form=6}] ~~~ particle ds:mist06 ~~2.5~",
           "/execute @s[scores={res=30..}] ~~~ execute @s[scores={form=6}] ~~~ particle ds:mist006 ~~2.5~",
            "/execute @s[scores={res=30..}] ~~~ execute @s[scores={form=6}] ~~~ particle ds:mist06 ~~2~-3",
            "/execute @s[scores={res=30..}] ~~~ execute @s[scores={form=6}] ~~~ particle ds:mist6 ~5~4~",
            "/execute @s[scores={res=30..}] ~~~ execute @s[scores={form=6}] ~~~ particle ds:mist6 ~-4~3~",
            "/execute @s[scores={res=30..}] ~~~ scoreboard players remove @s[scores={form=6}] res 30",
            "/execute @s[scores={form=6}] ~~~ playsound sweep @a[r=15] ~~~ 0.8 1.2 0",
            "/execute @s[scores={form=6}] ~~~ playsound random.fizz @a[r=15] ~~~ 0.5 1 0",

            "/execute @s[scores={res=25..}] ~~~ tag @s[scores={form=5}] add mist5",
            "/execute @s[scores={res=25..}] ~~~ tag @s[scores={form=5}] add mist4",
            "/execute @s[scores={res=25..}] ~~~ scoreboard players set @s[scores={form=5}] time 2",
           "/execute @s[scores={res=25..}] ^^0.5^-1.5 execute @s[scores={form=5}] ~~~ summon ds:impulse ~~~ impulse6",
            "/execute @s[scores={res=25..}] ~~~ scoreboard players remove @s[scores={form=5}] res 25",
            "/execute @s[scores={form=5}] ~~~ playsound random.fizz @a[r=15] ~~~ 0.5 1 0",
            "/execute @s[scores={res=25..}] ~~~ tag @s[scores={form=5}] remove mist4",

            "/execute @s[scores={res=20..}] ~~~ tag @s[scores={form=4}] add mist4",
            "/execute @s[scores={res=20..}] ~~~ scoreboard players set @s[scores={form=4}] time 2",
           "/execute @s[scores={res=20..}] ^^0.5^-1.5 execute @s[scores={form=4}] ~~~ summon ds:impulse ~~~ impulse6",
            "/execute @s[scores={res=20..}] ~~~ scoreboard players remove @s[scores={form=4}] res 20",
            "/execute @s[scores={form=4}] ~~~ playsound random.fizz @a[r=15] ~~~ 0.5 1 0",

            "/execute @s[scores={res=35..}] ^^^ damage @e[r=5,rm=0.01,type=!item] 20 entity_attack entity @s[scores={form=3}]",
            "/execute @s[scores={res=35..}] ~~~ camerashake add @s[scores={form=3}] 1.25 0.5 positional",
            "/execute @s[scores={res=35..}] ~~~ execute @s[scores={form=3}] ~~~ particle ds:mist03 ~~1~",
            "/execute @s[scores={res=35..}] ~~~ playanimation @s[scores={form=3}] animation.mist3 one",
            "/execute @s[scores={res=35..}] ~~~ scoreboard players remove @s[scores={form=3}] res 35",
            "/execute @s[scores={form=3}] ~~~ playsound random.fizz @a[r=15] ~~~ 0.5 1 0",

            "/execute @s[scores={res=30..}] ^^^3 damage @e[r=2,type=!item] 18 entity_attack entity @s[scores={form=2}]",
            "/execute @s[scores={res=30..}] ~~~ camerashake add @s[scores={form=2}] 1.1 0.5 positional",
            "/execute @s[scores={res=30..}] ~~~ playanimation @s[scores={form=2}] animation.mist2 one",
            "/execute @s[scores={res=30..}] ~~~ scoreboard players remove @s[scores={form=2}] res 30",
            "/execute @s[scores={form=2}] ~~~ playsound random.fizz @a[r=15] ~~~ 0.5 1 0",

           "/execute @s[scores={res=15..}] ~~~ tag @s[scores={form=1}] add mist1",
           "/execute @s[scores={res=15..}] ^^-0.5^-1 execute @s[scores={form=1}] ~~~ summon ds:impulse ~~~ impulse5",
            "/execute @s[scores={res=15..}] ^^^3 damage @e[r=2,type=!item] 15 entity_attack entity @s[scores={form=1}]",
            "/execute @s[scores={res=15..}] ~~~ camerashake add @s[scores={form=1}] 1 0.5 positional",
            "/execute @s[scores={res=15..}] ~~~ playanimation @s[scores={form=1}] animation.mist1 one",
            "/execute @s[scores={res=15..}] ~~~ scoreboard players remove @s[scores={form=1}] res 15",
            "/execute @s[scores={form=1}] ~~~ playsound random.fizz @a[r=15] ~~~ 0.5 1 0"
          ]
        }

      }
    }
  }
}
