{
  "format_version": "1.10.0",
  "animation_controllers": {
    "controller.animation.moonbreath": {
      "initial_state": "default",
      "states": {
        "default": {
          "transitions": [
            {
              "water0.1": "query.get_equipped_item_name('main_hand')=='nichirin_kokushibou' && query.is_using_item"
            },
            {
              "water0.1": "query.equipped_item_any_tag('slot.weapon.mainhand','nichirin0') && query.is_using_item && query.scoreboard('breath') == 11"
            }
          ]
        },
        "water0.1": {
          "transitions": [
            {
              "water0.2": "query.is_using_item"
            },
            {
              "water1": "!query.is_using_item"
            }
          ],
          "on_entry": [
          ]
        },
        "water0.2": {
          "transitions": [
            {
              "water0.1": "query.is_using_item"
            },
            {
              "water1": "!query.is_using_item"
            }
          ],
          "on_entry": [
          ]
        },
        "water2": {
          "transitions": [
            {
              "water3": "variable.time = (variable.time ?? 0);variable.time = variable.time < 15 ? variable.time + 1:0;return variable.time == 0;"
            }
          ]
        },
        "water3": {
          "transitions": [
            {
              "default": "variable.time = (variable.time ?? 0);variable.time = variable.time < 5 ? variable.time + 1:0;return variable.time == 0;"
            }
          ],
          "on_entry": [
            "/execute @s ^^^3 damage @e[r=2,type=!item] 12 entity_attack entity @s",
            "/playsound mob.witch.throw @a[r=15] ~~~ 1 0.5 0",
            "/scoreboard players remove @s res 20",
            "/camerashake add @s 0.5 1 positional",
            "/event entity @s minecraft:event_mooncut"
          ]
        },
        "water4": {
          "transitions": [
            {
              "water5": "variable.time = (variable.time ?? 0);variable.time = variable.time < 15 ? variable.time + 1:0;return variable.time == 0;"
            }
          ]
        },
        "water5": {
          "transitions": [
            {
              "default": "variable.time = (variable.time ?? 0);variable.time = variable.time < 5 ? variable.time + 1:0;return variable.time == 0;"
            }
          ],
          "on_entry": [
            "/execute @s ^^^6 damage @e[r=5,type=!item] 15 entity_attack entity @s",
            "/playsound mob.blaze.shoot @a[r=15] ~~~ 1 1.7 0",
            "/scoreboard players remove @s res 25",
            "/camerashake add @s 1.5 1 positional"
          ]
        },
        "water6": {
          "transitions": [
            {
              "water7": "variable.time = (variable.time ?? 0);variable.time = variable.time < 15 ? variable.time + 1:0;return variable.time == 0;"
            }
          ]
        },
        "water7": {
          "transitions": [
            {
              "default": "variable.time = (variable.time ?? 0);variable.time = variable.time < 5 ? variable.time + 1:0;return variable.time == 0;"
            }
          ],
          "on_entry": [
            "/execute @s ^^^6.5 damage @e[r=5.5,type=!item] 18 entity_attack entity @s",
            "/playsound item.trident.riptide_1 @a[r=15] ~~~ 1 1.5 0",
            "/scoreboard players remove @s res 30",
            "/camerashake add @s 1.5 1 positional"
          ]
        },
        "water8": {
          "transitions": [
            {
              "water9": "variable.time = (variable.time ?? 0);variable.time = variable.time < 5 ? variable.time + 1:0;return variable.time == 0;"
            }
          ]
        },
        "water9": {
          "transitions": [
            {
              "water10": "variable.time = (variable.time ?? 0);variable.time = variable.time < 10 ? variable.time + 1:0;return variable.time == 0;"
            }
          ],
          "on_entry": [
            "/execute @s ^^^6.5 damage @e[r=5.5,type=!item] 20 entity_attack entity @s",
            "/scoreboard players remove @s res 40",
            "/summon ds:moon_p ^^1^3",
            "/summon ds:moon_p ^^1^3",
            "/summon ds:moon_p ^^1^3",
            "/summon ds:moon_p ^^1^3",
            "/summon ds:moon_p ^^1^3",
            "/summon ds:moon_p ^^1^3",
            "/summon ds:moon_p ^^1^3",
            "/summon ds:moon_p ^^1^3",
            "/camerashake add @s 0.75 1.5 positional"
          ]
        },
        "water10": {
          "transitions": [
            {
              "water11": "variable.time = (variable.time ?? 0);variable.time = variable.time < 10 ? variable.time + 1:0;return variable.time == 0;"
            }
          ],
          "on_entry": [
            "/execute @s ^^^6.5 damage @e[r=5.5,type=!item] 20 entity_attack entity @s",
            "/summon ds:moon_p ^^1^3",
            "/summon ds:moon_p ^^1^3",
            "/summon ds:moon_p ^^1^3",
            "/summon ds:moon_p ^^1^3",
            "/summon ds:moon_p ^^1^3",
            "/summon ds:moon_p ^^1^3",
            "/summon ds:moon_p ^^1^3",
            "/summon ds:moon_p ^^1^3",
            "/camerashake add @s 0.75 1.5 positional"
          ]
        },
        "water11": {
          "transitions": [
            {
              "default": "variable.time = (variable.time ?? 0);variable.time = variable.time < 5 ? variable.time + 1:0;return variable.time == 0;"
            }
          ],
          "on_entry": [
            "/execute @s ^^^6.5 damage @e[r=5.5,type=!item] 20 entity_attack entity @s",
            "/summon ds:moon_p ^^1^3",
            "/summon ds:moon_p ^^1^3",
            "/summon ds:moon_p ^^1^3",
            "/summon ds:moon_p ^^1^3",
            "/summon ds:moon_p ^^1^3",
            "/summon ds:moon_p ^^1^3",
            "/summon ds:moon_p ^^1^3",
            "/summon ds:moon_p ^^1^3",
            "/camerashake add @s 0.75 1.5 positional"
          ]
        },
        "water1": {
          "transitions": [
            {
              "default": "variable.time = (variable.time ?? 0);variable.time = variable.time < 25 ? variable.time + 1:0;return variable.time == 0;"
            },
            {
              "water2": "query.scoreboard('form') == 2 && query.scoreboard('res') >= 20"
            },
            {
              "water4": "query.scoreboard('form') == 3 && query.scoreboard('res') >= 25"
            },
            {
              "water6": "query.scoreboard('form') == 4 && query.scoreboard('res') >= 30"
            },
            {
              "water8": "query.scoreboard('form') == 5 && query.scoreboard('res') >= 40"
            }
          ],
          "on_entry": [
            "/execute @s[scores={res=40..}] ^^^3 damage @e[r=2,type=!item] 10 entity_attack entity @s[scores={form=5}]",
            "/execute @s[scores={res=40..}] ~~~ playanimation @s[scores={form=5}] animation.moon5 one",
            "/execute @s[scores={res=40..}] ~~~ camerashake add @s[scores={form=5}] 0.75 1.5 positional",
            "/execute @s[scores={form=5}] ~~~ playsound mob.blaze.death @a[r=15] ~~~ 1 0.5 0",
            "/execute @s[scores={form=5}] ~~~ playsound random.explode @a[r=15] ~~~ 1 2 0",

            "/execute @s[scores={res=30..}] ^^^6.5 damage @e[r=5.5,type=!item] 18 entity_attack entity @s[scores={form=4}]",
            "/execute @s[scores={res=30..}] ~~~ playanimation @s[scores={form=4}] animation.moon4 one",
            "/execute @s[scores={res=30..}] ~~~ camerashake add @s[scores={form=4}] 1 1 positional",
            "/execute @s[scores={form=4}] ~~~ playsound item.trident.riptide_1 @a[r=15] ~~~ 1 1.5 0",

            "/execute @s[scores={res=25..}] ^^^6 damage @e[r=5,type=!item] 15 entity_attack entity @s[scores={form=3}]",
            "/execute @s[scores={res=25..}] ~~~ playanimation @s[scores={form=3}] animation.moon3 one",
            "/execute @s[scores={res=25..}] ~~~ camerashake add @s[scores={form=3}] 1 1 positional",
            "/execute @s[scores={form=3}] ~~~ playsound mob.blaze.shoot @a[r=15] ~~~ 1 1.7 0",

            "/execute @s[scores={res=20..}] ^^^3 damage @e[r=2,type=!item] 12 entity_attack entity @s[scores={form=2}]",
            "/execute @s[scores={res=20..}] ~~~ playanimation @s[scores={form=2}] animation.moon2 one",
            "/execute @s[scores={res=20..}] ~~~ camerashake add @s[scores={form=2}] 0.5 0.5 positional",
            "/execute @s[scores={form=2}] ~~~ playsound mob.witch.throw @a[r=15] ~~~ 1 0.5 0",

            "/execute @s[scores={res=10..}] ^^^3 damage @e[r=2,type=!item] 15 entity_attack entity @s[scores={form=1}]",
            "/execute @s[scores={res=10..}] ~~~ playanimation @s[scores={form=1}] animation.moon1 one",
            "/execute @s[scores={res=10..}] ~~~ camerashake add @s[scores={form=1}] 1 0.5 positional",
            "/execute @s[scores={res=10..}] ~~~ scoreboard players remove @s[scores={form=1}] res 10",
            "/execute @s[scores={form=1}] ~~~ playsound mob.blaze.death @a[r=15] ~~~ 1 2 0"
          ]
        }

      }
    }
  }
}
