{
  "format_version":"1.16.100",
  "animation_controllers":{
    "controller.animation.respiracao":{
      "states":{
        "default":{
          "transitions":[
            {"1":"query.equipped_item_any_tag('slot.weapon.mainhand','nichirin') && query.is_sneaking"},
            {"1":"query.equipped_item_any_tag('slot.weapon.mainhand','nichirins') && query.is_sneaking"}
          ]
        },
        "1":{
          "transitions":[
            {"2":"variable.time = (variable.time ?? 0);variable.time = variable.time < 5 ? variable.time + 1:0;return variable.time == 0;"},
           {"default":"!query.equipped_item_any_tag('slot.weapon.mainhand','nichirin')"},
           {"default":"!query.is_sneaking"}
          ],
          "on_entry":[
            "/particle ds:respiracao ^^1^0.1",
            "/execute @s[tag=hashira] ~~~ particle ds:regen ^^^",
            "/effect @s[tag=hashira] regeneration 1 3 true",
            "/scoreboard players add @s[scores={res=-999999..149}] res 1",
            "/scoreboard players add @s[tag=hashira,scores={res=-999999..149}] res 1"
          ]
        },
        "2":{
          "transitions":[
            {"1":"variable.time = (variable.time ?? 0);variable.time = variable.time < 2 ? variable.time + 1:0;return variable.time == 0;"}
          ],
          "on_entry":[
           "/particle ds:respiracao ^^1^0.1",
            "/execute @s[tag=hashira] ~~~ particle ds:regen ^^^",
            "/effect @s[tag=hashira] regeneration 1 3 true",
            "/scoreboard players add @s[scores={res=-999999..149}] res 1",
            "/scoreboard players add @s[tag=hashira,scores={res=-999999..149}] res 1"
          ]
        }
        
      }
    }
  }
}
