{
  "format_version":"1.16.100",
  "animation_controllers":{
    "controller.animation.rool":{
      "states":{
        "default":{
          "transitions":[
            {"0":"query.is_sprinting && !query.is_on_ground"}
          ]
        },
        "2":{
         "transitions":[
            {"default":"query.is_on_ground"}
          ]
        },
        "0":{
         "transitions":[
            {"1":"variable.time = (variable.time ?? 0);variable.time = variable.time < 5 ? variable.time + 1:0;return variable.time == 0;"}
          ],
          "on_entry":[
            "/tag @s add rool",
            "/particle ds:rool ^^-0.5^-0.5",
            "/playanimation @s animation.rool",
            "/summon ds:rool ^^-0.5^-1 rool"
          ]
        },
        "1":{
         "transitions":[
            {"2":"variable.time = (variable.time ?? 0);variable.time = variable.time < 50 ? variable.time + 1:0;return variable.time == 0;"}
          ],
          "on_entry":[
            "/tag @s remove rool"
          ]
        }
      }
    }
  }
}
