{
  "format_version": "1.10.0",
  "animation_controllers": {
    "controller.animation.rui_kekki": {
      "states": {
        "default": {
          "transitions": [
            { 
              "ground": "query.is_on_ground"
            }
          ]
        },
        "ground": {
          "transitions": [ { "default": "(1.0)" } ],
          "on_entry": [ "/event entity @s ds:be_explosion" ]
        }
      }
    },
    "controller.animation.rui_kekki01": {
      "states": {
        "default": {
          "transitions": [
            { 
              "particle": "(1.0)"
            }
          ]
        },
        "particle": {
          "transitions": [ { "default": "(1.0)" } ],
          "on_entry": [ "/particle ds:rui_kekki ~~~", "particle ds:rui_kekkired ^-1^^", "particle ds:rui_kekkired ^1^^" ]
        }
      }
    },
    "controller.animation.rui_kekki1": {
      "states": {
        "default": {
          "transitions": [
            { 
              "1": "(1.0)"
            }
          ]
        },
        "1": {
          "transitions": [ { "2": "(1.0" } ],
          "on_entry": [ "/function ruikekki" ]
        }
      }
    },
    "controller.animation.rui_kekki2": {
      "states": {
        "default": {
          "transitions": [
            { 
              "1": "(1.0)"
            }
          ]
        },
        "1": {
          "transitions": [ { "default": "(1.0" } ],
          "on_entry": [ "/particle ds:rui3 ~~~", "particle ds:rui3 ~-2~~", "particle ds:rui3 ~2~~", "particle ds:rui3 ~~~2", "particle ds:rui3 ~~~-2" ]
        }
      }
    }
  }
}
