{
  "format_version": "1.10.0",
  "animation_controllers": {
    "controller.animation.sakura_layer": {
      "initial_state": "default",
      "states": {
        "default": {
          "transitions": [
            { 
              "layer": "query.is_on_ground"
            }
          ]
        },
        "layer": {
          "transitions": [ { "place": "variable.time = (variable.time ?? 0);variable.time = variable.time < 200 ? variable.time + 1:0;return variable.time == 0;" } ]
        },
        "place": {
          "transitions": [ { "default": "(1.0)" } ],
          "on_entry": [ "/execute @s ~~~ detect ~~-1~ grass 0 setblock ~~~ ds:sakura_leaves_layer", "/event entity @s of:be_despawn" ]
        }
      }
    }
  }
}
