{
  "format_version": "1.10.0",
  "animation_controllers": {
    "controller.animation.scenes": {
      "states": {
        "default": {
          "transitions": [
            { 
              "sc1": "query.scoreboard('scene') == 1"
            },
            { 
              "sc2": "query.scoreboard('scene') == 2"
            },
            { 
              "sc3": "query.scoreboard('scene') == 3"
            },
            { 
              "sc4": "query.scoreboard('scene') == 4"
            },
            { 
              "sc5": "query.scoreboard('scene') == 5"
            },
            { 
              "sc6": "query.scoreboard('scene') == 6"
            },
            { 
              "sc7": "query.scoreboard('scene') == 7"
            },
            { 
              "sc8": "query.scoreboard('scene') == 8"
            },
            { 
              "sc9": "query.scoreboard('scene') == 9"
            },
            { 
              "sc10": "query.scoreboard('scene') == 10"
            },
            { 
              "sc11": "query.scoreboard('scene') == 11"
            },
            { 
              "sc12": "query.scoreboard('scene') == 12"
            },
            { 
              "sc13": "query.scoreboard('scene') == 13"
            },
            { 
              "sc14": "query.scoreboard('scene') == 14"
            },
            { 
              "sc15": "query.scoreboard('scene') == 15"
            }
          ]
        },
        "sc15": {
          "transitions": [ { "sc015": "variable.time = (variable.time ?? 0);variable.time = variable.time < 2 ? variable.time + 1:0;return variable.time == 0;" }, { "sc0015": "query.scoreboard('scene') >= 30" } ],
          "on_entry": [ "/tp @s ~~~ facing @e[type=ds:sc_daki,c=1]", "/scoreboard players add @s scene 1" ]
        },
        "sc015": {
          "transitions": [ { "sc15": "variable.time = (variable.time ?? 0);variable.time = variable.time < 2 ? variable.time + 1:0;return variable.time == 0;" }, { "sc0015": "query.scoreboard('scene') >= 30" } ],
          "on_entry": [ "/effect @s slowness 2 1 true" ]
        },
        "sc0015": {
          "transitions": [ { "default": "(1.0)" } ],
          "on_entry": [ "/scoreboard players set @s scene 0", "/summon ds:daki ~~~ saga", "/summon ds:gyutaro ~~~ saga", "/summon ds:uzui ~~~ saga" ]
        },

        "sc14": {
          "transitions": [ { "sc014": "variable.time = (variable.time ?? 0);variable.time = variable.time < 2 ? variable.time + 1:0;return variable.time == 0;" }, { "sc0014": "query.scoreboard('scene') >= 30" } ],
          "on_entry": [ "/tp @s ~~~ facing @e[type=ds:sc_daki,c=1]", "/scoreboard players add @s scene 1" ]
        },
        "sc014": {
          "transitions": [ { "sc14": "variable.time = (variable.time ?? 0);variable.time = variable.time < 2 ? variable.time + 1:0;return variable.time == 0;" }, { "sc0014": "query.scoreboard('scene') >= 30" } ],
          "on_entry": [ "/effect @s slowness 2 1 true" ]
        },
        "sc0014": {
          "transitions": [ { "default": "(1.0)" } ],
          "on_entry": [ "/scoreboard players set @s scene 0", "/summon ds:daki ~~~ saga" ]
        },

        "sc13": {
          "transitions": [ { "sc013": "variable.time = (variable.time ?? 0);variable.time = variable.time < 2 ? variable.time + 1:0;return variable.time == 0;" }, { "sc0013": "query.scoreboard('scene') >= 30" } ],
          "on_entry": [ "/tp @s ~~~ facing @e[type=ds:sc_akaza,c=1]", "/scoreboard players add @s scene 1" ]
        },
        "sc013": {
          "transitions": [ { "sc13": "variable.time = (variable.time ?? 0);variable.time = variable.time < 2 ? variable.time + 1:0;return variable.time == 0;" }, { "sc0013": "query.scoreboard('scene') >= 30" } ],
          "on_entry": [ "/effect @s slowness 2 1 true" ]
        },
        "sc0013": {
          "transitions": [ { "default": "(1.0)" } ],
          "on_entry": [ "/scoreboard players set @s scene 0", "/summon ds:rengoku ~~~ saga", "/summon ds:akaza ~~~ saga" ]
        },

        "sc12": {
          "transitions": [ { "sc012": "variable.time = (variable.time ?? 0);variable.time = variable.time < 2 ? variable.time + 1:0;return variable.time == 0;" }, { "sc0012": "query.scoreboard('scene') >= 30" } ],
          "on_entry": [ "/tp @s ~~~ facing @e[type=ds:sc_enmu,c=1]", "/scoreboard players add @s scene 1" ]
        },
        "sc012": {
          "transitions": [ { "sc12": "variable.time = (variable.time ?? 0);variable.time = variable.time < 2 ? variable.time + 1:0;return variable.time == 0;" }, { "sc0012": "query.scoreboard('scene') >= 30" } ],
          "on_entry": [ "/effect @s slowness 2 1 true" ]
        },
        "sc0012": {
          "transitions": [ { "default": "(1.0)" } ],
          "on_entry": [ "/scoreboard players set @s scene 0", "/summon ds:enmu ~~~ saga" ]
        },

        "sc11": {
          "transitions": [ { "sc011": "variable.time = (variable.time ?? 0);variable.time = variable.time < 2 ? variable.time + 1:0;return variable.time == 0;" }, { "sc0011": "query.scoreboard('scene') >= 30" } ],
          "on_entry": [ "/tp @s ~~~ facing @e[type=ds:sc_rengoku,c=1]", "/scoreboard players add @s scene 1" ]
        },
        "sc011": {
          "transitions": [ { "sc11": "variable.time = (variable.time ?? 0);variable.time = variable.time < 2 ? variable.time + 1:0;return variable.time == 0;" }, { "sc0011": "query.scoreboard('scene') >= 30" } ],
          "on_entry": [ "/effect @s slowness 2 1 true" ]
        },
        "sc0011": {
          "transitions": [ { "default": "(1.0)" } ],
          "on_entry": [ "/scoreboard players set @s scene 0", "/summon ds:slasher ~~~ saga" ]
        },

        "sc10": {
          "transitions": [ { "sc010": "variable.time = (variable.time ?? 0);variable.time = variable.time < 2 ? variable.time + 1:0;return variable.time == 0;" }, { "sc0010": "query.scoreboard('scene') >= 20" } ],
          "on_entry": [ "/tp @s ~~~ facing @e[type=ds:sc_tomioka,c=1]", "/scoreboard players add @s scene 1" ]
        },
        "sc010": {
          "transitions": [ { "sc10": "variable.time = (variable.time ?? 0);variable.time = variable.time < 2 ? variable.time + 1:0;return variable.time == 0;" }, { "sc0010": "query.scoreboard('scene') >= 20" } ],
          "on_entry": [ "/effect @s slowness 2 1 true" ]
        },
        "sc0010": {
          "transitions": [ { "default": "(1.0)" } ],
          "on_entry": [ "/scoreboard players set @s scene 0", "/summon ds:tomioka ~~~ saga2", "/summon ds:rui ~~~ saga" ]
        },

        "sc9": {
          "transitions": [ { "sc09": "variable.time = (variable.time ?? 0);variable.time = variable.time < 2 ? variable.time + 1:0;return variable.time == 0;" }, { "sc009": "query.scoreboard('scene') >= 20" } ],
          "on_entry": [ "/tp @s ~~~ facing @e[type=ds:sc_zenitsu,c=1]", "/scoreboard players add @s scene 1" ]
        },
        "sc09": {
          "transitions": [ { "sc9": "variable.time = (variable.time ?? 0);variable.time = variable.time < 2 ? variable.time + 1:0;return variable.time == 0;" }, { "sc009": "query.scoreboard('scene') >= 20" } ],
          "on_entry": [ "/effect @s slowness 2 1 true" ]
        },
        "sc009": {
          "transitions": [ { "default": "(1.0)" } ],
          "on_entry": [ "/scoreboard players set @s scene 0", "/summon ds:zenitsu ~~~ saga", "/summon ds:rui_spider ~~~ saga" ]
        },

        "sc8": {
          "transitions": [ { "sc08": "variable.time = (variable.time ?? 0);variable.time = variable.time < 2 ? variable.time + 1:0;return variable.time == 0;" }, { "sc008": "query.scoreboard('scene') >= 20" } ],
          "on_entry": [ "/tp @s ~~~ facing @e[type=ds:sc_tanjiro,c=1]", "/scoreboard players add @s scene 1" ]
        },
        "sc08": {
          "transitions": [ { "sc8": "variable.time = (variable.time ?? 0);variable.time = variable.time < 2 ? variable.time + 1:0;return variable.time == 0;" }, { "sc008": "query.scoreboard('scene') >= 20" } ],
          "on_entry": [ "/effect @s slowness 2 1 true" ]
        },
        "sc008": {
          "transitions": [ { "default": "(1.0)" } ],
          "on_entry": [ "/scoreboard players set @s scene 0", "/summon ds:kyogai ~~~ saga" ]
        },

        "sc7": {
          "transitions": [ { "sc07": "variable.time = (variable.time ?? 0);variable.time = variable.time < 2 ? variable.time + 1:0;return variable.time == 0;" }, { "sc007": "query.scoreboard('scene') >= 20" } ],
          "on_entry": [ "/tp @s ~~~ facing @e[type=ds:sc_tanjiro,c=1]", "/scoreboard players add @s scene 1" ]
        },
        "sc07": {
          "transitions": [ { "sc7": "variable.time = (variable.time ?? 0);variable.time = variable.time < 2 ? variable.time + 1:0;return variable.time == 0;" }, { "sc007": "query.scoreboard('scene') >= 20" } ],
          "on_entry": [ "/effect @s slowness 2 1 true" ]
        },
        "sc007": {
          "transitions": [ { "default": "(1.0)" } ],
          "on_entry": [ "/scoreboard players set @s scene 0", "/summon ds:yahaba", "/summon ds:susamaru ~~~ saga" ]
        },

        "sc6": {
          "transitions": [ { "sc06": "variable.time = (variable.time ?? 0);variable.time = variable.time < 2 ? variable.time + 1:0;return variable.time == 0;" }, { "sc006": "query.scoreboard('scene') >= 20" } ],
          "on_entry": [ "/tp @s ~~~ facing @e[type=ds:sc_tanjiro,c=1]", "/scoreboard players add @s scene 1" ]
        },
        "sc06": {
          "transitions": [ { "sc6": "variable.time = (variable.time ?? 0);variable.time = variable.time < 2 ? variable.time + 1:0;return variable.time == 0;" }, { "sc006": "query.scoreboard('scene') >= 20" } ],
          "on_entry": [ "/effect @s slowness 2 1 true" ]
        },
        "sc006": {
          "transitions": [ { "default": "(1.0)" } ],
          "on_entry": [ "/scoreboard players set @s scene 0", "/summon ds:numa ~~~ saga" ]
        },

        "sc5": {
          "transitions": [ { "sc05": "variable.time = (variable.time ?? 0);variable.time = variable.time < 2 ? variable.time + 1:0;return variable.time == 0;" }, { "sc005": "query.scoreboard('scene') >= 20" } ],
          "on_entry": [ "/tp @s ~~~ facing @e[type=ds:oni_mao,c=1]", "/scoreboard players add @s scene 1" ]
        },
        "sc05": {
          "transitions": [ { "sc5": "variable.time = (variable.time ?? 0);variable.time = variable.time < 2 ? variable.time + 1:0;return variable.time == 0;" }, { "sc005": "query.scoreboard('scene') >= 20" } ],
          "on_entry": [ "/effect @s slowness 2 1 true" ]
        },
        "sc005": {
          "transitions": [ { "default": "(1.0)" } ],
          "on_entry": [ "/scoreboard players set @s scene 0", "/execute @e[type=ds:oni_mao,c=1] ~~~ say §l§2Vou Te Devorar Raposinha!" ]
        },


        "sc4": {
          "transitions": [ { "sc04": "variable.time = (variable.time ?? 0);variable.time = variable.time < 2 ? variable.time + 1:0;return variable.time == 0;" }, { "sc004": "query.scoreboard('scene') >= 20" } ],
          "on_entry": [ "/tp @s ~~~ facing @e[type=ds:sc_tanjiro,c=1]", "/scoreboard players add @s scene 1" ]
        },
        "sc04": {
          "transitions": [ { "sc4": "variable.time = (variable.time ?? 0);variable.time = variable.time < 2 ? variable.time + 1:0;return variable.time == 0;" }, { "sc004": "query.scoreboard('scene') >= 20" } ],
          "on_entry": [ "/effect @s slowness 2 1 true" ]
        },
        "sc004": {
          "transitions": [ { "default": "(1.0)" } ],
          "on_entry": [ "/scoreboard players set @s scene 0", "/summon ds:sabito ~~~ saga" ]
        },


        "sc3": {
          "transitions": [ { "sc03": "variable.time = (variable.time ?? 0);variable.time = variable.time < 2 ? variable.time + 1:0;return variable.time == 0;" }, { "sc003": "query.scoreboard('scene') >= 20" } ],
          "on_entry": [ "/tp @s ~~~ facing @e[type=ds:sc_tanjiro,c=1]", "/scoreboard players add @s scene 1" ]
        },
        "sc03": {
          "transitions": [ { "sc3": "variable.time = (variable.time ?? 0);variable.time = variable.time < 2 ? variable.time + 1:0;return variable.time == 0;" }, { "sc003": "query.scoreboard('scene') >= 20" } ],
          "on_entry": [ "/effect @s slowness 2 1 true" ]
        },
        "sc003": {
          "transitions": [ { "default": "(1.0)" } ],
          "on_entry": [ "/scoreboard players set @s scene 0", "/summon ds:pedra ~~~" ]
        },


        "sc2": {
          "transitions": [ { "sc02": "variable.time = (variable.time ?? 0);variable.time = variable.time < 2 ? variable.time + 1:0;return variable.time == 0;" }, { "sc002": "query.scoreboard('scene') >= 20" } ],
          "on_entry": [ "/tp @s ~~~ facing @e[type=ds:sc_tanjiro,c=1]", "/scoreboard players add @s scene 1" ]
        },
        "sc02": {
          "transitions": [ { "sc2": "variable.time = (variable.time ?? 0);variable.time = variable.time < 2 ? variable.time + 1:0;return variable.time == 0;" }, { "sc002": "query.scoreboard('scene') >= 20" } ],
          "on_entry": [ "/effect @s slowness 2 1 true" ]
        },
        "sc002": {
          "transitions": [ { "scn2": "(1.0)" } ],
          "on_entry": [ "/scoreboard players set @s scene 0", "/summon ds:sc_tanjiro ~5~~ minecraft:scene3", "/summon ds:sc_nezuko ~5~~ minecraft:scene2", "/summon ds:sc_tomioka ~5~~" ]
        },


        "scn2": {
          "transitions": [ { "scn02": "variable.time = (variable.time ?? 0);variable.time = variable.time < 2 ? variable.time + 1:0;return variable.time == 0;" }, { "scn002": "query.scoreboard('scene') >= 20" } ],
          "on_entry": [ "/tp @s ~~~ facing @e[type=ds:sc_tanjiro,c=1]", "/scoreboard players add @s scene 1" ]
        },
        "scn02": {
          "transitions": [ { "scn2": "variable.time = (variable.time ?? 0);variable.time = variable.time < 2 ? variable.time + 1:0;return variable.time == 0;" }, { "scn002": "query.scoreboard('scene') >= 20" } ],
          "on_entry": [ "/effect @s slowness 2 1 true" ]
        },
        "scn002": {
          "transitions": [ { "default": "(1.0)" } ],
          "on_entry": [ "/scoreboard players set @s scene 0", "/summon ds:tomioka ~~~ saga" ]
        },


        "sc1": {
          "transitions": [ { "sc01": "variable.time = (variable.time ?? 0);variable.time = variable.time < 2 ? variable.time + 1:0;return variable.time == 0;" }, { "sc001": "query.scoreboard('scene') >= 20" } ],
          "on_entry": [ "/tp @s ~~~ facing @e[type=ds:sc_tanjiro,c=1]", "/scoreboard players add @s scene 1" ]
        },
        "sc01": {
          "transitions": [ { "sc1": "variable.time = (variable.time ?? 0);variable.time = variable.time < 2 ? variable.time + 1:0;return variable.time == 0;" }, { "sc001": "query.scoreboard('scene') >= 20" } ],
          "on_entry": [ "/effect @s slowness 2 1 true" ]
        },
        "sc001": {
          "transitions": [ { "scn1": "(1.0)" } ],
          "on_entry": [ "/scoreboard players set @s scene 0", "/summon ds:sc_tanjiro ~5~~ minecraft:scene2", "/summon ds:sc_nezuko ~5~~" ]
        },


        "scn1": {
          "transitions": [ { "scn01": "variable.time = (variable.time ?? 0);variable.time = variable.time < 2 ? variable.time + 1:0;return variable.time == 0;" }, { "scn001": "query.scoreboard('scene') >= 20" } ],
          "on_entry": [ "/tp @s ~~~ facing @e[type=ds:sc_tanjiro,c=1]", "/scoreboard players add @s scene 1" ]
        },
        "scn01": {
          "transitions": [ { "scn1": "variable.time = (variable.time ?? 0);variable.time = variable.time < 2 ? variable.time + 1:0;return variable.time == 0;" }, { "scn001": "query.scoreboard('scene') >= 20" } ],
          "on_entry": [ "/effect @s slowness 2 1 true" ]
        },
        "scn001": {
          "transitions": [ { "default": "(1.0)" } ],
          "on_entry": [ "/scoreboard players set @s scene 0", "/summon ds:oni ~~~ saga" ]
        }
      }
    }
  }
}
