{
  "format_version": "1.10.0",
  "animation_controllers": {
    "controller.animation.serpentbreath": {
      "initial_state": "default",
      "states": {
        "default": {
          "transitions": [
            {
              "water0.1": "query.get_equipped_item_name('main_hand')=='nichirin_obanai' && query.is_using_item"
            },
            {
              "water0.1": "query.equipped_item_any_tag('slot.weapon.mainhand','nichirin0') && query.is_using_item && query.scoreboard('breath') == 9"
            }
          ],
          "on_entry": [
            "/tag @s remove serpent1",
            "/tag @s remove serpent2",
            "/tag @s remove serpent3",
            "/tag @s remove serpent4",
            "/tag @s remove serpent5"
          ]
        },
        "water0.1": {
          "transitions": [
            {
              "water0.2": "query.is_using_item"
            },
            {
              "water1": "!query.is_using_item"
            }
          ],
          "on_entry": [
            "/execute @s[scores={res=15..}] ~~~ playanimation @s[scores={form=1}] animation.serpent0 one",
            "/execute @s[scores={res=20..}] ~~~ playanimation @s[scores={form=2}] animation.serpent0 one",
            "/execute @s[scores={res=25..}] ~~~ playanimation @s[scores={form=3}] animation.serpent0 one",
            "/execute @s[scores={res=35..}] ~~~ playanimation @s[scores={form=4}] animation.serpent0 one",
            "/execute @s[scores={res=30..}] ~~~ playanimation @s[scores={form=5}] animation.serpent0 one"
          ]
        },
        "water0.2": {
          "transitions": [
            {
              "water0.1": "query.is_using_item"
            },
            {
              "water1": "!query.is_using_item"
            }
          ],
          "on_entry": [
            "/execute @s[scores={res=15..}] ~~~ playanimation @s[scores={form=1}] animation.serpent0 one",
            "/execute @s[scores={res=20..}] ~~~ playanimation @s[scores={form=2}] animation.serpent0 one",
            "/execute @s[scores={res=25..}] ~~~ playanimation @s[scores={form=3}] animation.serpent0 one",
            "/execute @s[scores={res=35..}] ~~~ playanimation @s[scores={form=4}] animation.serpent0 one",
            "/execute @s[scores={res=30..}] ~~~ playanimation @s[scores={form=5}] animation.serpent0 one"
          ]
        },
        "water0.8": {
          "transitions": [
            {
              "water0.9": "variable.time = (variable.time ?? 0);variable.time = variable.time < 2 ? variable.time + 1:0;return variable.time == 0;"
            },
           {
              "water0.5": "query.scoreboard('time') >= 30"
            },
            {
              "water0.5": "!query.equipped_item_any_tag('slot.weapon.mainhand','nichirin')"
            }
          ],
          "on_entry": [
            "/tp @e[r=10,type=ds:serpent2,family=s1,c=1] ^^^1 facing ^^^100",
            "/effect @s speed 2 3 true",
            "/scoreboard players add @s time 1"
          ]
        },
        "water0.9": {
          "transitions": [
            {
              "water0.8": "variable.time = (variable.time ?? 0);variable.time = variable.time < 2 ? variable.time + 1:0;return variable.time == 0;"
            },
           {
              "water0.5": "query.scoreboard('time') >= 30"
            },
            {
              "water0.5": "!query.equipped_item_any_tag('slot.weapon.mainhand','nichirin')"
            }
          ],
          "on_entry": [
            "/tp @e[r=10,type=ds:serpent2,family=s1,c=1] ^^^1 facing ^^^100",
            "/effect @s speed 2 3 true",
            "/scoreboard players add @s time 1"
          ]
        },
        "water1.2": {
          "transitions": [
            {
              "water1.3": "variable.time = (variable.time ?? 0);variable.time = variable.time < 2 ? variable.time + 1:0;return variable.time == 0;"
            },
           {
              "water0.5": "query.scoreboard('time') >= 30"
            },
            {
              "water0.5": "!query.equipped_item_any_tag('slot.weapon.mainhand','nichirin')"
            }
          ],
          "on_entry": [
            "/tp @e[r=10,type=ds:serpent2,family=s2,c=1] ^^^1 facing ^^^100",
            "/effect @s speed 2 4 true",
            "/scoreboard players add @s time 1"
          ]
        },
        "water1.3": {
          "transitions": [
            {
              "water1.2": "variable.time = (variable.time ?? 0);variable.time = variable.time < 2 ? variable.time + 1:0;return variable.time == 0;"
            },
           {
              "water0.5": "query.scoreboard('time') >= 30"
            },
            {
              "water0.5": "!query.equipped_item_any_tag('slot.weapon.mainhand','nichirin')"
            }
          ],
          "on_entry": [
            "/tp @e[r=10,type=ds:serpent2,family=s2,c=1] ^^^1 facing ^^^100",
            "/effect @s speed 2 4 true",
            "/scoreboard players add @s time 1"
          ]
        },
        "water0.5": {
          "transitions": [
            {
              "default": "variable.time = (variable.time ?? 0);variable.time = variable.time < 25 ? variable.time + 1:0;return variable.time == 0;"
            }
          ],
          "on_entry": [
            "/scoreboard players set @s time 0"
          ]
        },
        "water1": {
          "transitions": [
            {
              "default": "variable.time = (variable.time ?? 0);variable.time = variable.time < 25 ? variable.time + 1:0;return variable.time == 0;"
            },
           {
              "water0.8": "query.scoreboard('time') >= 1 && query.scoreboard('form') == 4"
            },
           {
              "water1.2": "query.scoreboard('time') >= 1 && query.scoreboard('form') == 5"
            }
          ],
          "on_entry": [
            "/execute @s[scores={res=30..}] ~~~ tag @s[scores={form=5}] add serpent5",
            "/execute @s[scores={res=30..}] ~~~ execute @s[scores={form=5}] ~~~ summon ds:serpent2 ~~~ s2",
            "/execute @s[scores={res=30..}] ~~~ scoreboard players set @s[scores={form=5}] time 2",
            "/execute @s[scores={res=30..}] ~~~ scoreboard players remove @s[scores={form=5}] res 30",
            "/execute @s[scores={form=5}] ~~~ playsound mob.spider.say @a[r=15] ~~~ 0.5 1 0",

            "/execute @s[scores={res=35..}] ~~~ tag @s[scores={form=4}] add serpent4",
            "/execute @s[scores={res=35..}] ~~~ execute @s[scores={form=4}] ~~~ summon ds:serpent2 ~~~ s1",
            "/execute @s[scores={res=35..}] ~~~ scoreboard players set @s[scores={form=4}] time 2",
            "/execute @s[scores={res=35..}] ~~~ scoreboard players remove @s[scores={form=4}] res 35",
            "/execute @s[scores={form=4}] ~~~ playsound mob.spider.say @a[r=15] ~~~ 0.5 1 0",

           "/execute @s[scores={res=25..}] ~~~ tag @s[scores={form=3}] add serpent3",
            "/execute @s[scores={res=25..}] ~~~ execute @s[scores={form=3}] ~~~ summon ds:serpent ^^^1 dmg3",
            "/execute @s[scores={res=25..}] ~~~ playanimation @s[scores={form=3}] animation.serpent3 one",
            "/execute @s[scores={res=25..}] ~~~ scoreboard players remove @s[scores={form=3}] res 25",
            "/execute @s[scores={form=3}] ~~~ playsound item.trident.throw @a[r=15] ~~~ 0.5 1 0",

           "/execute @s[scores={res=20..}] ~~~ tag @s[scores={form=2}] add serpent2",
            "/execute @s[scores={res=20..}] ~~~ execute @s[scores={form=2}] ~~~ execute @e[r=5,c=1,rm=1] ~~~ tp @p[tag=serpent2,r=10] ^^^-1 facing @s",
            "/execute @s[scores={res=20..}] ~~~ execute @s[scores={form=2}] ~~~ summon ds:serpent ^^^1 dmg2",
            "/execute @s[scores={res=20..}] ~~~ playanimation @s[scores={form=2}] animation.serpent2 one",
            "/execute @s[scores={res=20..}] ~~~ scoreboard players remove @s[scores={form=2}] res 20",
            "/execute @s[scores={form=2}] ~~~ playsound item.trident.throw @a[r=15] ~~~ 0.5 1 0",

           "/execute @s[scores={res=15..}] ~~~ tag @s[scores={form=1}] add serpent1",
            "/execute @s[scores={res=15..}] ~~~ execute @s[scores={form=1}] ~~~ summon ds:serpent ^^^1 dmg1",
            "/execute @s[scores={res=15..}] ~~~ playanimation @s[scores={form=1}] animation.serpent2 one",
            "/execute @s[scores={res=15..}] ~~~ scoreboard players remove @s[scores={form=1}] res 15",
            "/execute @s[scores={form=1}] ~~~ playsound item.trident.throw @a[r=15] ~~~ 0.5 1 0"
          ]
        }

      }
    }
  }
}
