{
  "format_version": "1.10.0",
  "animation_controllers": {
    "controller.animation.sickle": {
      "states": {
        "default": {
          "transitions": [
            { "throw_sickle": "(query.get_equipped_item_name == 'blood_sickle1') && (query.is_using_item == 1.0) && query.has_any_family('oni') == 1.0" },
            { "sickle_blood0": "(query.get_equipped_item_name == 'blood_sickle2') && (query.is_using_item == 1.0) && query.has_any_family('oni') == 1.0" },
            { "sickle_blood02": "(query.get_equipped_item_name == 'blood_sickle3') && (query.is_using_item == 1.0) && query.has_any_family('oni') == 1.0" },
            { "sickle_blood05": "(query.get_equipped_item_name == 'blood_sickle4') && (query.is_using_item == 1.0) && query.has_any_family('oni') == 1.0" }
          ]
        },

       "sickle_blood0": {
          "transitions": [ { "sickle_blood": "(query.get_equipped_item_name == 'blood_sickle2') && (query.is_using_item == 0.0)" } ]
		},
       "sickle_blood02": {
          "transitions": [ { "sickle_blood03": "(query.get_equipped_item_name == 'blood_sickle3') && (query.is_using_item == 0.0)" } ]
		},
      "sickle_blood05": {
          "transitions": [ { "sickle_blood06": "(query.get_equipped_item_name == 'blood_sickle4') && (query.is_using_item == 0.0)" } ]
		},
		
        "throw_sickle": {
          "on_entry": [
        "/tag @s add sickle",
        "/function sickle",
		    "/playsound mob.witch.throw @a[r=15] ~~~ 1 0.9 0",
		    "@s minecraft:event_throwing_sickle"
		  ],
          "transitions": [ { "default": "(1.0)" } ]
		},
        "sickle_blood": {
          "on_entry": [
        "/execute @s ^^^3 damage @e[r=2,type=!item] 22 entity_attack entity @s",
		    "/playsound mob.witch.throw @a[r=15] ~~~ 1 0.9 0",
		    "/playanimation @s animation.bloodsickle1"
		  ],
          "transitions": [ { "sickle_blood01": "variable.time = (variable.time ?? 0);variable.time = variable.time < 20 ? variable.time + 1:0;return variable.time == 0;" } ]
		},
        "sickle_blood03": {
          "on_entry": [
        "/execute @s ^3^^ damage @e[r=2.5,type=!item] 20 entity_attack entity @s",
        "/execute @s ^-3^^ damage @e[r=2.5,type=!item] 20 entity_attack entity @s",
		    "/playanimation @s animation.bloodsickle2"
		  ],
          "transitions": [ { "sickle_blood04": "variable.time = (variable.time ?? 0);variable.time = variable.time < 20 ? variable.time + 1:0;return variable.time == 0;" } ]
		},
       "sickle_blood06": {
          "on_entry": [
		    "/playsound mob.witch.throw @a[r=15] ~~~ 1 0.8 0",
		    "/playanimation @s animation.bloodsickle3",
		    "@s minecraft:event_flying_blood"
		  ],
          "transitions": [ { "sickle_blood07": "variable.time = (variable.time ?? 0);variable.time = variable.time < 10 ? variable.time + 1:0;return variable.time == 0;" } ]
		},
       "sickle_blood07": {
          "on_entry": [
		    "/playsound mob.witch.throw @a[r=15] ~~~ 1 0.8 0",
		    "@s minecraft:event_flying_blood"
		  ],
          "transitions": [ { "sickle_blood08": "variable.time = (variable.time ?? 0);variable.time = variable.time < 10 ? variable.time + 1:0;return variable.time == 0;" } ]
		},
       "sickle_blood08": {
          "on_entry": [
		    "/playsound mob.witch.throw @a[r=15] ~~~ 1 0.8 0",
		    "@s minecraft:event_flying_blood"
		  ],
          "transitions": [ { "default": "variable.time = (variable.time ?? 0);variable.time = variable.time < 10 ? variable.time + 1:0;return variable.time == 0;" } ]
		},
        "sickle_blood01": {
          "on_entry": [
            "/particle ds:bloodsickle3 ~~~",
            "/tag @s remove sickle2"

		  ],
          "transitions": [ { "default": "(1.0)" } ]
		},
        "sickle_blood04": {
          "on_entry": [
            "/tag @s remove sickle3"

		  ],
          "transitions": [ { "default": "(1.0)" } ]
		}
	  }
	},
	
    "controller.animation.sickle_thrown": {
      "states": {
        "default": {
          "on_entry": [
		    "/playsound mob.witch.throw @a[r=15] ~~~ 1 0.8 0",
		    "/effect @e[r=2,family=!gyukekki,tag=!sickle] fatal_poison 5 5"
		  ],
          "transitions": [ { "repeat": "(1.0)" } ]
        },
        "repeat": {
          "transitions": [ { "default": "(1.0)" } ]
		}
	  }
	},
    "controller.animation.sickle_returning": {
      "states": {
        "default": {
          "on_entry": [
		    "/playsound mob.witch.throw @a[r=15] ~~~ 1 0.8 0",
		    "/tp ^^^0.8 facing @p[tag=sickle]"
		  ],
          "transitions": [ { "repeat": "(1.0)" } ]
        },
        "repeat": {
          "on_entry": [
		    "/tp ^^^0.8 facing @p[tag=sickle]"
		  ],
          "transitions": [ { "default": "(1.0)" } ]
		}
	  }
	}
  }
}
