{
  "format_version": "1.10.0",
  "animation_controllers": {
    "controller.animation.soundbreath": {
      "initial_state": "default",
      "states": {
        "default": {
          "transitions": [
            {
              "water00.1": "query.get_equipped_item_name('main_hand')=='nichirin_uzui' && query.is_using_item"
            },
            {
              "water0.1": "query.equipped_item_any_tag('slot.weapon.mainhand','nichirin0') && query.is_using_item && query.scoreboard('breath') == 4"
            }
          ],
          "on_entry": [
            "/tag @s remove sound1",
            "/tag @s remove sound2",
            "/tag @s remove sound3"
          ]
        },
        "water00.1": {
          "transitions": [
            {
              "water0.1": "(1.0)"
            }
          ],
          "on_entry": [
            "/playsound use.chain @a[r=15] ~~~ 0.7 0.8 0"
          ]
        },
        "water0.1": {
          "transitions": [
            {
              "water0.2": "query.is_using_item"
            },
            {
              "water1": "!query.is_using_item"
            }
          ],
          "on_entry": [
            "/execute @s[scores={res=20..}] ~~~ playanimation @s[scores={form=1}] animation.sound0 one",
            "/execute @s[scores={res=35..}] ~~~ playanimation @s[scores={form=2}] animation.sound0 one",
            "/execute @s[scores={res=40..}] ~~~ playanimation @s[scores={form=3}] animation.sound0 one"
          ]
        },
        "water0.2": {
          "transitions": [
            {
              "water0.1": "query.is_using_item"
            },
            {
              "water1": "!query.is_using_item"
            }
          ],
          "on_entry": [
            "/execute @s[scores={res=20..}] ~~~ playanimation @s[scores={form=1}] animation.sound0 one",
            "/execute @s[scores={res=35..}] ~~~ playanimation @s[scores={form=2}] animation.sound0 one",
            "/execute @s[scores={res=40..}] ~~~ playanimation @s[scores={form=3}] animation.sound0 one"
          ]
        },
        "water0.8": {
          "transitions": [
            {
              "water0.9": "variable.time = (variable.time ?? 0);variable.time = variable.time < 5 ? variable.time + 1:0;return variable.time == 0;"
            },
           {
              "water0.5": "query.scoreboard('time') >= 10"
            },
            {
              "water0.5": "!query.equipped_item_any_tag('slot.weapon.mainhand','nichirins')"
            }
          ],
          "on_entry": [
            "/playanimation @s animation.sound1 one",
            "/execute @s ^2.5^^ damage @e[r=2,type=!item] 10 entity_attack entity @s",
            "/execute @s ^-2.5^^ damage @e[r=2,type=!item] 10 entity_attack entity @s",
            "/camerashake add @s 1.1 0.5 positional",
            "/scoreboard players add @s time 1",
            "/particle ds:sound1 ^-3^3^3",
            "/particle ds:sound01 ^3^3^3",
            "/particle ds:sound1 ^3^3^3",
            "/particle ds:sound01 ^-3^3^3",
            "/playsound random.explode @a[r=15] ~~~ 0.5 0.6 0",
            "/playsound firework.blast @a[r=15] ~~~ 0.6 0.8 0",
            "/playsound firework.twinkle @a[r=15] ~~~ 1.5 0.5 0"
          ]
        },
        "water0.9": {
          "transitions": [
            {
              "water0.08": "variable.time = (variable.time ?? 0);variable.time = variable.time < 5 ? variable.time + 1:0;return variable.time == 0;"
            },
           {
              "water0.5": "query.scoreboard('time') >= 10"
            },
            {
              "water0.5": "!query.equipped_item_any_tag('slot.weapon.mainhand','nichirins')"
            }
          ],
          "on_entry": [
            "/execute @s ^2.5^^ damage @e[r=2,type=!item] 10 entity_attack entity @s",
            "/execute @s ^-2.5^^ damage @e[r=2,type=!item] 10 entity_attack entity @s",
            "/camerashake add @s 1.1 0.5 positional",
            "/scoreboard players add @s time 1",
            "/particle ds:sound1 ^-3^3^3",
            "/particle ds:sound01 ^3^3^3",
            "/particle ds:sound1 ^3^3^3",
            "/particle ds:sound01 ^-3^3^3",
            "/playsound random.explode @a[r=15] ~~~ 0.5 0.6 0"
          ]
        },
        "water0.08": {
          "transitions": [
            {
              "water0.8": "variable.time = (variable.time ?? 0);variable.time = variable.time < 5 ? variable.time + 1:0;return variable.time == 0;"
            },
           {
              "water0.5": "query.scoreboard('time') >= 10"
            },
            {
              "water0.5": "!query.equipped_item_any_tag('slot.weapon.mainhand','nichirins')"
            }
          ],
          "on_entry": [
            "/execute @s ^2.5^^ damage @e[r=2,type=!item] 10 entity_attack entity @s",
            "/execute @s ^-2.5^^ damage @e[r=2,type=!item] 10 entity_attack entity @s",
            "/camerashake add @s 1.1 0.5 positional",
            "/scoreboard players add @s time 1",
            "/particle ds:sound1 ^-3^3^3",
            "/particle ds:sound01 ^3^3^3",
            "/particle ds:sound1 ^3^3^3",
            "/particle ds:sound01 ^-3^3^3",
            "/playsound random.explode @a[r=15] ~~~ 0.5 0.6 0",
            "/playsound firework.blast @a[r=15] ~~~ 0.6 0.8 0",
            "/playsound firework.twinkle @a[r=15] ~~~ 1.5 0.5 0"
          ]
        },
        "water1.0": {
          "transitions": [
            {
              "water1.1": "variable.time = (variable.time ?? 0);variable.time = variable.time < 10 ? variable.time + 1:0;return variable.time == 0;"
            },
            {
              "water0.5": "!query.equipped_item_any_tag('slot.weapon.mainhand','nichirins')"
            }
          ]
        },
        "water1.1": {
          "transitions": [
            {
              "water1.2": "variable.time = (variable.time ?? 0);variable.time = variable.time < 2 ? variable.time + 1:0;return variable.time == 0;"
            },
           {
              "water0.5": "query.scoreboard('time') >= 30"
            },
            {
              "water0.5": "!query.equipped_item_any_tag('slot.weapon.mainhand','nichirins')"
            }
          ],
          "on_entry": [
            "/effect @s speed 2 5 true",
            "/playanimation @s animation.sound2 one",
            "/execute @s ^3^^ damage @e[r=2.5,type=!item] 15 entity_attack entity @s",
            "/execute @s ^-3^^ damage @e[r=2.5,type=!item] 15 entity_attack entity @s",
            "/camerashake add @s 1.2 0.5 positional",
            "/scoreboard players add @s time 1",
            "/particle ds:sound2 ^-5^3^",
            "/particle ds:sound2 ^5^3^",
            "/particle ds:sound1 ^-5^3^",
            "/particle ds:sound01 ^5^3^",
            "/particle ds:sound1 ^5^3^",
            "/particle ds:sound01 ^-5^3^",
            "/playsound random.explode @a[r=15] ~~~ 0.5 0.6 0",
            "/playsound firework.large_blast @a[r=15] ~~~ 0.6 0.7 0",
            "/playsound firework.twinkle @a[r=15] ~~~ 1.5 0.5 0"
          ]
        },
        "water1.2": {
          "transitions": [
            {
              "water1.3": "variable.time = (variable.time ?? 0);variable.time = variable.time < 2 ? variable.time + 1:0;return variable.time == 0;"
            },
           {
              "water0.5": "query.scoreboard('time') >= 30"
            },
            {
              "water0.5": "!query.equipped_item_any_tag('slot.weapon.mainhand','nichirins')"
            }
          ],
          "on_entry": [
            "/effect @s speed 2 5 true",
            "/execute @s ^3^^ damage @e[r=2.5,type=!item] 15 entity_attack entity @s",
            "/execute @s ^-3^^ damage @e[r=2.5,type=!item] 15 entity_attack entity @s",
            "/camerashake add @s 1.2 0.5 positional",
            "/scoreboard players add @s time 1",
           "/particle ds:sound2 ^-5^3^",
            "/particle ds:sound2 ^5^3^",
            "/particle ds:sound1 ^-5^3^",
            "/particle ds:sound01 ^5^3^",
            "/particle ds:sound1 ^5^3^",
            "/particle ds:sound01 ^-5^3^",
            "/playsound random.explode @a[r=15] ~~~ 0.5 0.6 0"
          ]
        },
        "water1.3": {
          "transitions": [
            {
              "water1.1": "variable.time = (variable.time ?? 0);variable.time = variable.time < 2 ? variable.time + 1:0;return variable.time == 0;"
            },
           {
              "water0.5": "query.scoreboard('time') >= 30"
            },
            {
              "water0.5": "!query.equipped_item_any_tag('slot.weapon.mainhand','nichirins')"
            }
          ],
          "on_entry": [
            "/effect @s speed 2 5 true",
            "/execute @s ^3^^ damage @e[r=2.5,type=!item] 15 entity_attack entity @s",
            "/execute @s ^-3^^ damage @e[r=2.5,type=!item] 15 entity_attack entity @s",
            "/camerashake add @s 1.2 0.5 positional",
            "/scoreboard players add @s time 1",
           "/particle ds:sound2 ^-5^3^",
            "/particle ds:sound2 ^5^3^",
            "/particle ds:sound1 ^-5^3^",
            "/particle ds:sound01 ^5^3^",
            "/particle ds:sound1 ^5^3^",
            "/particle ds:sound01 ^-5^3^",
            "/playsound random.explode @a[r=15] ~~~ 0.5 0.6 0",
            "/playsound firework.blast @a[r=15] ~~~ 0.6 0.8 0",
            "/playsound firework.twinkle @a[r=15] ~~~ 1.5 0.5 0"
          ]
        },
        "water0.5": {
          "transitions": [
            {
              "default": "variable.time = (variable.time ?? 0);variable.time = variable.time < 25 ? variable.time + 1:0;return variable.time == 0;"
            }
          ],
          "on_entry": [
            "/scoreboard players set @s time 0"
          ]
        },
        "water1": {
          "transitions": [
            {
              "default": "variable.time = (variable.time ?? 0);variable.time = variable.time < 25 ? variable.time + 1:0;return variable.time == 0;"
            },
           {
              "water0.8": "query.scoreboard('time') >= 1 && query.scoreboard('form') == 2"
            },
           {
              "water1.0": "query.scoreboard('time') >= 1 && query.scoreboard('form') == 3"
            }
          ],
          "on_entry": [
            "/execute @s[scores={res=40..}] ~~~ tag @s[scores={form=3}] add sound3",
            "/execute @s[scores={res=40..}] ~~~ scoreboard players set @s[scores={form=3}] time 2",
            "/execute @s[scores={res=40..}] ~~~ scoreboard players remove @s[scores={form=3}] res 40",
            "/execute @s[scores={form=3}] ~~~ playsound random.fuse @a[r=15] ~~~ 0.5 1 0",
            "/execute @s[scores={form=3}] ~~~ playsound firework.launch @a[r=15] ~~~ 0.4 0.9 0",

            "/execute @s[scores={res=35..}] ~~~ tag @s[scores={form=2}] add sound2",
            "/execute @s[scores={res=35..}] ~~~ scoreboard players set @s[scores={form=2}] time 2",
            "/execute @s[scores={res=35..}] ~~~ scoreboard players remove @s[scores={form=2}] res 35",
            "/execute @s[scores={form=2}] ~~~ playsound random.fuse @a[r=15] ~~~ 0.5 1 0",

           "/execute @s[scores={res=20..}] ~~~ execute @s[scores={form=1}] ^^^1 fill ~-3~-3~-3 ~3~3~3 dirt 0 replace grass",
           "/execute @s[scores={res=20..}] ~~~ execute @s[scores={form=1}] ^^^1 fill ~-3~-3~-3 ~3~3~3 air 0 replace leaves",
           "/execute @s[scores={res=20..}] ~~~ execute @s[scores={form=1}] ^^^1 fill ~-3~-3~-3 ~3~3~3 air 0 replace leaves 2",
           "/execute @s[scores={res=20..}] ~~~ execute @s[scores={form=1}] ^^^1 fill ~-3~-3~-3 ~3~3~3 air 0 replace leaves 3",
           "/execute @s[scores={res=20..}] ~~~ execute @s[scores={form=1}] ^^^1 fill ~-3~-3~-3 ~3~3~3 air 0 replace leaves 4",
           "/execute @s[scores={res=20..}] ~~~ execute @s[scores={form=1}] ^^^1 fill ~-3~-3~-3 ~3~3~3 air 0 replace leaves 5",
           "/execute @s[scores={res=20..}] ~~~ execute @s[scores={form=1}] ^^^1 fill ~-3~-3~-3 ~3~3~3 air 0 replace leaves 6",
           "/execute @s[scores={res=20..}] ~~~ execute @s[scores={form=1}] ^^^1 fill ~-3~-3~-3 ~3~3~3 air 0 replace leaves 7",
           "/execute @s[scores={res=20..}] ~~~ execute @s[scores={form=1}] ^^^1 fill ~-3~-3~-3 ~3~3~3 air 0 replace leaves 8",
           "/execute @s[scores={res=20..}] ~~~ execute @s[scores={form=1}] ^^^1 fill ~-3~-3~-3 ~3~3~3 air 0 replace leaves 9",
           "/execute @s[scores={res=20..}] ~~~ execute @s[scores={form=1}] ^^^1 fill ~-3~-3~-3 ~3~3~3 air 0 replace leaves 10",
           "/execute @s[scores={res=20..}] ^^3^3 execute @s[scores={form=1}] ~~~ particle ds:sound1 ~~~",
          "/execute @s[scores={res=20..}] ^^3^3 execute @s[scores={form=1}] ~~~ particle ds:sound01 ~~~",
            "/execute @s[scores={res=20..}] ^^^3 damage @e[r=2,type=!item] 15 entity_attack entity @s[scores={form=1}]",
            "/execute @s[scores={res=20..}] ~~~ camerashake add @s[scores={form=1}] 1 0.5 positional",
            "/execute @s[scores={res=20..}] ~~~ scoreboard players remove @s[scores={form=1}] res 20",
            "/execute @s[scores={form=1}] ~~~ playsound random.explode @a[r=15] ~~~ 0.5 0.8 0"
          ]
        }

      }
    }
  }
}
