{
  "format_version": "1.10.0",
  "animation_controllers": {
    "controller.animation.sunbreath": {
      "initial_state": "default",
      "states": {
        "default": {
          "transitions": [
            {
              "water0.1": "query.get_equipped_item_name('main_hand')=='nichirin_yoriichi' && query.is_using_item"
            },
            {
              "water0.1": "query.equipped_item_any_tag('slot.weapon.mainhand','nichirin0') && query.is_using_item && query.scoreboard('breath') == 5"
            }
          ],
          "on_entry": [
            "/tag @s remove sun1",
            "/tag @s remove sun2",
            "/tag @s remove sun3",
            "/tag @s remove sun4",
            "/tag @s remove sun5",
            "/tag @s remove sun6",
            "/tag @s remove sun7",
            "/tag @s remove sun8",
            "/tag @s remove sun9",
            "/tag @s remove sun10",
            "/tag @s remove sun12"
          ]
        },
        "water0.1": {
          "transitions": [
            {
              "water0.2": "query.is_using_item"
            },
            {
              "water1": "!query.is_using_item"
            }
          ],
          "on_entry": [
            "/playsound fire.fire @a[r=15] ~~~ 0.5 1 0",
            "/execute @s[scores={res=20..}] ~~~ playanimation @s[scores={form=1}] animation.sun0 one",
            "/execute @s[scores={res=35..}] ~~~ playanimation @s[scores={form=2}] animation.sun0 one",
            "/execute @s[scores={res=30..}] ~~~ playanimation @s[scores={form=3}] animation.sun0 one",
            "/execute @s[scores={res=40..}] ~~~ playanimation @s[scores={form=4}] animation.sun0 one",
            "/execute @s[scores={res=25..}] ~~~ playanimation @s[scores={form=5}] animation.sun0 one",
            "/execute @s[scores={res=50..}] ~~~ playanimation @s[scores={form=6}] animation.sun0 one",
            "/execute @s[scores={res=30..}] ~~~ playanimation @s[scores={form=7}] animation.sun0 one",
            "/execute @s[scores={res=25..}] ~~~ playanimation @s[scores={form=8}] animation.sun0 one",
            "/execute @s[scores={res=15..}] ~~~ playanimation @s[scores={form=9}] animation.sun0 one",
            "/execute @s[scores={res=20..}] ~~~ playanimation @s[scores={form=10}] animation.sun0 one",
            "/execute @s[scores={res=25..}] ~~~ playanimation @s[scores={form=11}] animation.sun0 one",
            "/execute @s[scores={res=30..}] ~~~ playanimation @s[scores={form=12}] animation.sun0 one"
          ]
        },
        "water0.2": {
          "transitions": [
            {
              "water0.1": "query.is_using_item"
            },
            {
              "water1": "!query.is_using_item"
            }
          ],
          "on_entry": [
            "/execute @s[scores={res=20..}] ~~~ playanimation @s[scores={form=1}] animation.sun0 one",
            "/execute @s[scores={res=35..}] ~~~ playanimation @s[scores={form=2}] animation.sun0 one",
            "/execute @s[scores={res=30..}] ~~~ playanimation @s[scores={form=3}] animation.sun0 one",
            "/execute @s[scores={res=40..}] ~~~ playanimation @s[scores={form=4}] animation.sun0 one",
            "/execute @s[scores={res=25..}] ~~~ playanimation @s[scores={form=5}] animation.sun0 one",
            "/execute @s[scores={res=50..}] ~~~ playanimation @s[scores={form=6}] animation.sun0 one",
            "/execute @s[scores={res=30..}] ~~~ playanimation @s[scores={form=7}] animation.sun0 one",
            "/execute @s[scores={res=25..}] ~~~ playanimation @s[scores={form=8}] animation.sun0 one",
            "/execute @s[scores={res=15..}] ~~~ playanimation @s[scores={form=9}] animation.sun0 one",
            "/execute @s[scores={res=20..}] ~~~ playanimation @s[scores={form=10}] animation.sun0 one",
            "/execute @s[scores={res=25..}] ~~~ playanimation @s[scores={form=11}] animation.sun0 one",
            "/execute @s[scores={res=30..}] ~~~ playanimation @s[scores={form=12}] animation.sun0 one"
          ]
        },
        "water0.8": {
          "transitions": [
            {
              "water0.9": "variable.time = (variable.time ?? 0);variable.time = variable.time < 5 ? variable.time + 1:0;return variable.time == 0;"
            },
           {
              "water0.5": "query.scoreboard('time') >= 30"
            },
            {
              "water0.5": "!query.equipped_item_any_tag('slot.weapon.mainhand','nichirin')"
            }
          ],
          "on_entry": [
            "/damage @e[r=3,rm=0.01,type=!item] 22 entity_attack entity @s",
            "/camerashake add @s 1.25 0.5 positional",
            "/playanimation @s animation.sun6",
            "/scoreboard players add @s time 1",
            "/particle ds:sun06 ~~~",
            "/effect @s speed 2 5 true",
            "/playsound mob.blaze.shoot @a[r=15] ~~~ 0.5 1 0"
          ]
        },
        "water0.9": {
          "transitions": [
            {
              "water0.08": "variable.time = (variable.time ?? 0);variable.time = variable.time < 5 ? variable.time + 1:0;return variable.time == 0;"
            },
           {
              "water0.5": "query.scoreboard('time') >= 30"
            },
            {
              "water0.5": "!query.equipped_item_any_tag('slot.weapon.mainhand','nichirin')"
            }
          ],
          "on_entry": [
            "/scoreboard players add @s time 1",
            "/particle ds:sun06 ~~~",
            "/effect @s speed 2 5 true"
          ]
        },
        "water0.08": {
          "transitions": [
            {
              "water0.8": "variable.time = (variable.time ?? 0);variable.time = variable.time < 5 ? variable.time + 1:0;return variable.time == 0;"
            },
           {
              "water0.5": "query.scoreboard('time') >= 30"
            },
            {
              "water0.5": "!query.equipped_item_any_tag('slot.weapon.mainhand','nichirin')"
            }
          ],
          "on_entry": [
            "/damage @e[r=3,rm=0.01,type=!item] 22 entity_attack entity @s",
            "/camerashake add @s 1.25 0.5 positional",
            "/scoreboard players add @s time 1",
            "/particle ds:sun06 ~~~",
            "/effect @s speed 2 5 true"
          ]
        },
        "water0.5": {
          "transitions": [
            {
              "default": "variable.time = (variable.time ?? 0);variable.time = variable.time < 10 ? variable.time + 1:0;return variable.time == 0;"
            }
          ],
          "on_entry": [
            "/scoreboard players set @s time 0"
          ]
        },
        "water1": {
          "transitions": [
            {
              "default": "variable.time = (variable.time ?? 0);variable.time = variable.time < 25 ? variable.time + 1:0;return variable.time == 0;"
            },
           {
              "water0.8": "query.scoreboard('time') >= 1 && query.scoreboard('form') == 6"
            }
          ],
          "on_entry": [
            "/execute @s[scores={res=30..}] ^^^3 damage @e[r=2,type=!item] 35 entity_attack entity @s[scores={form=12}]",
            "/execute @s[scores={res=30..}] ~~~ camerashake add @s[scores={form=12}] 1.5 0.5 positional",
            "/execute @s[scores={res=30..}] ~~~ playanimation @s[scores={form=12}] animation.sun11 one",
            "/execute @s[scores={res=30..}] ~~~ scoreboard players remove @s[scores={form=12}] res 30",
           "/execute @s[scores={form=12}] ~~~ playsound mob.blaze.shoot @a[r=15] ~~~ 0.5 1 0",

            "/execute @s[scores={res=25..}] ~~~ event entity @s[scores={form=11}] minecraft:event_rainbow",
            "/execute @s[scores={form=11}] ~~~ playsound mob.blaze.shoot @a[r=15] ~~~ 0.5 1 0",
            "/execute @s[scores={form=11}] ~~~ particle ds:sun11 ~~~",
            "/execute @s[scores={res=25..}] ~~~ scoreboard players remove @s[scores={form=11}] res 25",
            "/execute @s[scores={form=11}] ~~~ playsound item.trident.throw @a[r=15] ~~~ 0.5 1 0",

            "/execute @s[scores={res=20..}] ~~~ tp @s[scores={form=10}] ~~5~",
            "/execute @s[scores={res=20..}] ~~~ effect @s[scores={form=10}] slow_falling 2 10 true",
            "/execute @s[scores={res=20..}] ~~~ tag @s[scores={form=10}] add sun10",
            "/execute @s[scores={res=20..}] ^^^ damage @e[r=5,rm=0.01,type=!item] 30 entity_attack entity @s[scores={form=10}]",
            "/execute @s[scores={res=20..}] ~~~ camerashake add @s[scores={form=10}] 1.35 0.5 positional",
            "/execute @s[scores={res=20..}] ~~~ execute @s[scores={form=10}] ~~~ summon ds:impulse ^^-0.5^-1 impulse4",
            "/execute @s[scores={res=20..}] ~~~ playanimation @s[scores={form=10}] animation.sun1 one",
            "/execute @s[scores={res=20..}] ~~~ scoreboard players remove @s[scores={form=10}] res 20",
            "/execute @s[scores={form=10}] ~~~ playsound mob.blaze.shoot @a[r=15] ~~~ 0.5 1 0",

            "/execute @s[scores={res=15..}] ~~~ tag @s[scores={form=9}] add sun9",
            "/execute @s[scores={res=15..}] ~~~ execute @s[scores={form=9}] ~~~ summon ds:impulse ^^-0.5^-1 impulse3",
            "/execute @s[scores={res=15..}] ^^^3 damage @e[r=2,type=!item] 35 entity_attack entity @s[scores={form=9}]",
            "/execute @s[scores={res=15..}] ~~~ camerashake add @s[scores={form=9}] 1.4 0.5 positional",
            "/execute @s[scores={res=15..}] ~~~ playanimation @s[scores={form=9}] animation.sun9 one",
            "/execute @s[scores={res=15..}] ~~~ scoreboard players remove @s[scores={form=9}] res 15",
           "/execute @s[scores={form=9}] ~~~ playsound mob.blaze.shoot @a[r=15] ~~~ 0.5 1 0",

            "/execute @s[scores={res=25..}] ^^^3 damage @e[r=2,type=!item] 25 entity_attack entity @s[scores={form=8}]",
            "/execute @s[scores={res=25..}] ~~~ camerashake add @s[scores={form=8}] 1.25 0.5 positional",
            "/execute @s[scores={res=25..}] ~~~ playanimation @s[scores={form=8}] animation.sun8 one",
            "/execute @s[scores={res=25..}] ~~~ scoreboard players remove @s[scores={form=8}] res 25",
           "/execute @s[scores={form=8}] ~~~ playsound mob.blaze.shoot @a[r=15] ~~~ 0.5 1 0",

            "/execute @s[scores={res=30..}] ^^^3 damage @e[r=2,type=!item] 32 entity_attack entity @s[scores={form=7}]",
            "/execute @s[scores={res=30..}] ~~~ camerashake add @s[scores={form=7}] 1.35 0.5 positional",
            "/execute @s[scores={res=30..}] ~~~ playanimation @s[scores={form=7}] animation.sun7 one",
            "/execute @s[scores={res=30..}] ~~~ scoreboard players remove @s[scores={form=7}] res 30",
           "/execute @s[scores={form=7}] ~~~ playsound mob.blaze.shoot @a[r=15] ~~~ 0.5 1 0",

            "/execute @s[scores={res=50..}] ~~~ scoreboard players set @s[scores={form=6}] time 2",
            "/execute @s[scores={res=50..}] ~~~ scoreboard players remove @s[scores={form=6}] res 50",
            "/execute @s[scores={form=6}] ~~~ playsound mob.enderdragon.growl @a[r=15] ~~~ 0.5 1 0",

            "/execute @s[scores={res=25..}] ^^^3 damage @e[r=2,type=!item] 30 entity_attack entity @s[scores={form=5}]",
            "/execute @s[scores={res=25..}] ~~~ camerashake add @s[scores={form=5}] 1.3 0.5 positional",
            "/execute @s[scores={res=25..}] ~~~ playanimation @s[scores={form=5}] animation.sun5 one",
            "/execute @s[scores={res=25..}] ~~~ scoreboard players remove @s[scores={form=5}] res 25",
           "/execute @s[scores={form=5}] ~~~ playsound mob.blaze.shoot @a[r=15] ~~~ 0.5 1 0",

            "/execute @s[scores={res=40..}] ^^^4 damage @e[r=3,type=!item] 28 entity_attack entity @s[scores={form=4}]",
            "/execute @s[scores={res=40..}] ~~~ camerashake add @s[scores={form=4}] 1.25 0.5 positional",
            "/execute @s[scores={res=40..}] ~~~ playanimation @s[scores={form=4}] animation.sun4 one",
            "/execute @s[scores={res=40..}] ~~~ scoreboard players remove @s[scores={form=4}] res 40",
           "/execute @s[scores={form=4}] ~~~ playsound mob.blaze.shoot @a[r=15] ~~~ 0.5 1 0",

            "/execute @s[scores={res=30..}] ^^^3 damage @e[r=2,type=!item] 25 entity_attack entity @s[scores={form=3}]",
            "/execute @s[scores={res=30..}] ~~~ camerashake add @s[scores={form=3}] 1.2 0.5 positional",
            "/execute @s[scores={res=30..}] ~~~ playanimation @s[scores={form=3}] animation.sun3 one",
            "/execute @s[scores={res=30..}] ~~~ scoreboard players remove @s[scores={form=3}] res 30",
           "/execute @s[scores={form=3}] ~~~ playsound mob.blaze.shoot @a[r=15] ~~~ 0.5 1 0",

            "/execute @s[scores={res=35..}] ~~~ effect @s[scores={form=2}] levitation 1 10 true",
            "/execute @s[scores={res=35..}] ^^^ damage @e[r=4,rm=0.01,type=!item] 22 entity_attack entity @s[scores={form=2}]",
            "/execute @s[scores={res=35..}] ~~~ camerashake add @s[scores={form=2}] 1.15 0.5 positional",
            "/execute @s[scores={res=35..}] ~~~ playanimation @s[scores={form=2}] animation.sun2 one",
            "/execute @s[scores={res=35..}] ~~~ scoreboard players remove @s[scores={form=2}] res 35",
            "/execute @s[scores={form=2}] ~~~ playsound mob.blaze.shoot @a[r=15] ~~~ 0.5 1 0",

            "/execute @s[scores={res=20..}] ~~~ tp @s[scores={form=1}] ~~5~",
            "/execute @s[scores={res=20..}] ~~~ effect @s[scores={form=1}] slow_falling 2 10 true",
            "/execute @s[scores={res=20..}] ^^^ damage @e[r=5,rm=0.01,type=!item] 20 entity_attack entity @s[scores={form=1}]",
            "/execute @s[scores={res=20..}] ~~~ camerashake add @s[scores={form=1}] 1 0.5 positional",
            "/execute @s[scores={res=20..}] ~~~ playanimation @s[scores={form=1}] animation.sun1 one",
            "/execute @s[scores={res=20..}] ~~~ scoreboard players remove @s[scores={form=1}] res 20",
            "/execute @s[scores={form=1}] ~~~ playsound mob.blaze.shoot @a[r=15] ~~~ 0.5 1 0"
          ]
        }

      }
    }
  }
}
