{
  "format_version":"1.16.100",
  "animation_controllers":{
    "controller.animation.sword":{
      "states":{
        "default":{
          "transitions":[
            {"draw":"query.equipped_item_any_tag('slot.weapon.mainhand','nichirin')"},
            {"draw2":"query.equipped_item_any_tag('slot.weapon.mainhand','nichirins')"}
          ]
        },
        "draw":{
          "transitions":[
           {"drawing1":"query.is_sprinting"}
          ],
          "on_entry":[
            "/playsound sword @a[r=10] ~~~ 1.2 0.9 0"
          ]
        },
        "draw2":{
          "transitions":[
           {"drawing1": "query.is_sprinting"}
          ],
          "on_entry":[
            "/playsound sword @a[r=10] ~~~ 1.2 0.6 0"
          ]
        },
        "drawing1":{
          "transitions":[
           {"drawing2":"query.equipped_item_any_tag('slot.weapon.mainhand','nichirin')"},
           {"default":"!query.equipped_item_any_tag('slot.weapon.mainhand','nichirin') || !query.is_sprinting"}
          ],
          "on_entry":[
            "/effect @s[tag=!hashira] speed 1 1 true",
            "/effect @s[tag=hashira] speed 1 6 true"
          ]
        },
        "drawing2":{
          "transitions":[
           {"drawing1":"query.equipped_item_any_tag('slot.weapon.mainhand','nichirin')"},
           {"default":"!query.equipped_item_any_tag('slot.weapon.mainhand','nichirin') || !query.is_sprinting"}
          ],
          "on_entry":[
            "/effect @s[tag=!hashira] speed 1 1 true",
            "/effect @s[tag=hashira] speed 1 6 true"
          ]
        }
        
      }
    }
  }
}
