{
  "format_version": "1.10.0",
  "animation_controllers": {
    "controller.animation.thunderbreath": {
      "initial_state": "default",
      "states": {
        "default": {
          "transitions": [
            {
              "water0.1": "query.get_equipped_item_name('main_hand')=='nichirin_zenitsu' && query.is_using_item"
            },
            {
              "water0.1": "query.equipped_item_any_tag('slot.weapon.mainhand','nichirin0') && query.is_using_item && query.scoreboard('breath') == 10"
            }
          ],
          "on_entry": [
            "/tag @s remove thunder1",
            "/tag @s remove thunder2",
            "/tag @s remove thunder3"
          ]
        },
        "water0.1": {
          "transitions": [
            {
              "water0.2": "query.is_using_item"
            },
            {
              "water1": "!query.is_using_item"
            }
          ],
          "on_entry": [
            "/execute @s[scores={res=20..}] ~~~ playanimation @s[scores={form=1}] animation.thunder0 one",
            "/execute @s[scores={res=35..}] ~~~ playanimation @s[scores={form=2}] animation.thunder0 one",
            "/execute @s[scores={res=40..}] ~~~ playanimation @s[scores={form=3}] animation.thunder0 one",
            "/execute @s[scores={res=50..}] ~~~ playanimation @s[scores={form=4}] animation.thunder0 one",
            "/execute @s[scores={res=45..}] ~~~ playanimation @s[scores={form=5}] animation.thunder0 one"
          ]
        },
        "water0.2": {
          "transitions": [
            {
              "water0.1": "query.is_using_item"
            },
            {
              "water1": "!query.is_using_item"
            }
          ],
          "on_entry": [
            "/execute @s[scores={res=20..}] ~~~ playanimation @s[scores={form=1}] animation.thunder0 one",
            "/execute @s[scores={res=35..}] ~~~ playanimation @s[scores={form=2}] animation.thunder0 one",
            "/execute @s[scores={res=40..}] ~~~ playanimation @s[scores={form=3}] animation.thunder0 one",
            "/execute @s[scores={res=50..}] ~~~ playanimation @s[scores={form=4}] animation.thunder0 one",
            "/execute @s[scores={res=45..}] ~~~ playanimation @s[scores={form=5}] animation.thunder0 one"
          ]
        },
        "thunder1": {
          "transitions": [
            {
              "default": "query.get_equipped_item_name('main_hand')!='nichirin_zenitsu' && !query.equipped_item_any_tag('slot.weapon.mainhand','nichirin0')"
            },
            {
              "thunder2": "variable.time = (variable.time ?? 0);variable.time = variable.time < 15 ? variable.time + 1:0;return variable.time == 0;"
            }
          ],
          "on_entry": [
           "/scoreboard players remove @s res 35",
           "/effect @s slowness 1 5 true",
           "/tag @s add thunder2",
           "/particle ds:thunder ~~~",
           "/effect @s fire_resistance 1 25 true",
           "/summon lightning_bolt ~~~",
           "/execute @s ^^-0.5^-0.5 summon ds:impulse01 ^^-0.5^-1 impulse2",
           "/execute @s ^^^3 damage @e[r=2,type=!item] 20 entity_attack entity @s",
            "/camerashake add @s 1.5 0.25 positional",
            "/playanimation @s animation.thunder1 one",
            "/playsound ambient.weather.lightning.impact @a[r=15] ~~~ 1.5 0.8 0"
          ]
        },
        "thunder2": {
          "transitions": [
            {
              "default": "query.get_equipped_item_name('main_hand')!='nichirin_zenitsu' && !query.equipped_item_any_tag('slot.weapon.mainhand','nichirin0')"
            },
            {
              "thunder3": "variable.time = (variable.time ?? 0);variable.time = variable.time < 15 ? variable.time + 1:0;return variable.time == 0;"
            }
          ],
          "on_entry": [
           "/effect @s slowness 1 5 true",
           "/particle ds:thunder ~~~",
           "/effect @s fire_resistance 1 25 true",
           "/summon lightning_bolt ~~~",
           "/execute @s ^^-0.5^-0.5 summon ds:impulse01 ^^-0.5^-1 impulse2",
           "/execute @s ^^^3 damage @e[r=2,type=!item] 20 entity_attack entity @s",
            "/camerashake add @s 1.5 0.25 positional",
            "/playanimation @s animation.thunder1 one",
            "/playsound ambient.weather.lightning.impact @a[r=15] ~~~ 1.5 0.8 0"
          ]
        },
        "thunder3": {
          "transitions": [
            {
              "default": "query.get_equipped_item_name('main_hand')!='nichirin_zenitsu' && !query.equipped_item_any_tag('slot.weapon.mainhand','nichirin0')"
            },
            {
              "thunder4": "variable.time = (variable.time ?? 0);variable.time = variable.time < 15 ? variable.time + 1:0;return variable.time == 0;"
            }
          ],
          "on_entry": [
           "/effect @s slowness 1 5 true",
           "/particle ds:thunder ~~~",
           "/effect @s fire_resistance 1 25 true",
           "/summon lightning_bolt ~~~",
           "/execute @s ^^-0.5^-0.5 summon ds:impulse01 ^^-0.5^-1 impulse2",
           "/execute @s ^^^3 damage @e[r=2,type=!item] 20 entity_attack entity @s",
            "/camerashake add @s 1.5 0.25 positional",
            "/playanimation @s animation.thunder1 one",
            "/playsound ambient.weather.lightning.impact @a[r=15] ~~~ 1.5 0.8 0"
          ]
        },
        "thunder4": {
          "transitions": [
            {
              "default": "query.get_equipped_item_name('main_hand')!='nichirin_zenitsu' && !query.equipped_item_any_tag('slot.weapon.mainhand','nichirin0')"
            },
            {
              "thunder5": "variable.time = (variable.time ?? 0);variable.time = variable.time < 15 ? variable.time + 1:0;return variable.time == 0;"
            }
          ],
          "on_entry": [
           "/effect @s slowness 1 5 true",
           "/particle ds:thunder ~~~",
           "/effect @s fire_resistance 1 25 true",
           "/summon lightning_bolt ~~~",
           "/execute @s ^^-0.5^-0.5 summon ds:impulse01 ^^-0.5^-1 impulse2",
           "/execute @s ^^^3 damage @e[r=2,type=!item] 20 entity_attack entity @s",
            "/camerashake add @s 1.5 0.25 positional",
            "/playanimation @s animation.thunder1 one",
            "/playsound ambient.weather.lightning.impact @a[r=15] ~~~ 1.5 0.8 0"
          ]
        },
        "thunder5": {
          "transitions": [
            {
              "default": "query.get_equipped_item_name('main_hand')!='nichirin_zenitsu' && !query.equipped_item_any_tag('slot.weapon.mainhand','nichirin0')"
            },
            {
              "thunder6": "variable.time = (variable.time ?? 0);variable.time = variable.time < 15 ? variable.time + 1:0;return variable.time == 0;"
            }
          ],
          "on_entry": [
           "/effect @s slowness 1 5 true",
           "/particle ds:thunder ~~~",
           "/effect @s fire_resistance 1 25 true",
           "/summon lightning_bolt ~~~",
           "/execute @s ^^-0.5^-0.5 summon ds:impulse01 ^^-0.5^-1 impulse2",
           "/execute @s ^^^3 damage @e[r=2,type=!item] 20 entity_attack entity @s",
            "/camerashake add @s 1.5 0.25 positional",
            "/playanimation @s animation.thunder1 one",
            "/playsound ambient.weather.lightning.impact @a[r=15] ~~~ 1.5 0.8 0"
          ]
        },
        "thunder6": {
          "transitions": [
            {
              "default": "variable.time = (variable.time ?? 0);variable.time = variable.time < 30 ? variable.time + 1:0;return variable.time == 0;"
            }
          ],
          "on_entry": [
           "/particle ds:thunder ~~~",
           "/effect @s fire_resistance 1 25 true",
           "/summon lightning_bolt ~~~",
           "/execute @s ^^-0.5^-0.5 summon ds:impulse01 ^^-0.5^-1 impulse2",
           "/execute @s ^^^3 damage @e[r=2,type=!item] 20 entity_attack entity @s",
            "/camerashake add @s 1.5 0.25 positional",
            "/playanimation @s animation.thunder1 one",
            "/playsound ambient.weather.lightning.impact @a[r=15] ~~~ 1.5 0.8 0"
          ]
        },
        "water1": {
          "transitions": [
            {
              "water10": "variable.time = (variable.time ?? 0);variable.time = variable.time < 25 ? variable.time + 1:0;return variable.time == 0;"
            }
          ],
          "on_entry": [
            "/particle ds:thunder ~~~",
            "/effect @s[scores={form=1..3}] blindness 3 2 true",
            "/effect @s slowness 2 10 true",
            "/playsound ambient.weather.thunder @a[r=15] ~~~ 1.5 0.6 0"
          ]
        },

        "water10": {
          "transitions": [
            {
              "default": "variable.time = (variable.time ?? 0);variable.time = variable.time < 30 ? variable.time + 1:0;return variable.time == 0;"
            },
            {
              "thunder1": "query.scoreboard('form') == 2 && query.scoreboard('res') >= 35"
            },
            {
              "thunder01": "query.scoreboard('form') == 3 && query.scoreboard('res') >= 40"
            }
          ],
          "on_entry": [
            "/execute @s[scores={res=45..}] ~~~ execute @s[scores={form=5}] ~~~ event entity @s minecraft:event_thunder_dragon",
            "/execute @s[scores={res=45..}] ~~~ scoreboard players remove @s[scores={form=5}] res 45",
           "/execute @s[scores={res=45..}] ~~~ effect @s[scores={form=5}] fire_resistance 2 25 true",

           "/execute @s[scores={res=50..}] ~~~ event entity @s[scores={form=4}] minecraft:event_thunder_tp",
           "/execute @s[scores={res=50..}] ~~~ tag @s[scores={form=4}] add thunder4",
           "/execute @s[scores={res=50..}] ~~~ execute @s[scores={form=4}] ~~~ particle ds:thunder ~~~",
           "/execute @s[scores={res=50..}] ~~~ effect @s[scores={form=4}] fire_resistance 1 25 true",
           "/execute @s[scores={res=50..}] ~~~ execute @s[scores={form=4}] ~~~ summon lightning_bolt ~~~",
            "/execute @s[scores={res=50..}] ~~~ playanimation @s[scores={form=4}] animation.thunder1 one",
            "/execute @s[scores={res=50..}] ~~~ scoreboard players remove @s[scores={form=4}] res 50",
            "/execute @s[scores={form=4}] ~~~ playsound ambient.weather.lightning.impact @a[r=15] ~~~ 1.5 0.8 0",

           "/execute @s[scores={res=20..}] ~~~ tag @s[scores={form=1}] add thunder1",
           "/execute @s[scores={res=20..}] ~~~ execute @s[scores={form=1}] ~~~ particle ds:thunder ~~~",
           "/execute @s[scores={res=20..}] ~~~ effect @s[scores={form=1}] fire_resistance 1 25 true",
           "/execute @s[scores={res=20..}] ~~~ execute @s[scores={form=1}] ~~~ summon lightning_bolt ~~~",
           "/execute @s[scores={res=20..}] ^^-0.5^-0.5 execute @s[scores={form=1}] ~~~ summon ds:impulse01 ^^-0.5^-1 impulse1",
            "/execute @s[scores={res=20..}] ^^^3 damage @e[r=2,type=!item] 25 entity_attack entity @s[scores={form=1}]",
            "/execute @s[scores={res=20..}] ~~~ camerashake add @s[scores={form=1}] 2 0.5 positional",
            "/execute @s[scores={res=20..}] ~~~ playanimation @s[scores={form=1}] animation.thunder1 one",
            "/execute @s[scores={res=20..}] ~~~ scoreboard players remove @s[scores={form=1}] res 20",
            "/execute @s[scores={form=1}] ~~~ playsound ambient.weather.lightning.impact @a[r=15] ~~~ 1.5 0.8 0"
          ]
        },

        "thunder01": {
          "transitions": [
            {
              "default": "query.get_equipped_item_name('main_hand')!='nichirin_zenitsu' && !query.equipped_item_any_tag('slot.weapon.mainhand','nichirin0')"
            },
            {
              "thunder02": "variable.time = (variable.time ?? 0);variable.time = variable.time < 10 ? variable.time + 1:0;return variable.time == 0;"
            }
          ],
          "on_entry": [
           "/scoreboard players remove @s res 40",
           "/effect @s slowness 1 5 true",
           "/tag @s add thunder3",
           "/particle ds:thunder ~~~",
           "/effect @s fire_resistance 1 25 true",
           "/summon lightning_bolt ~~~",
           "/execute @s ^^-0.5^-0.5 summon ds:impulse01 ^^-0.5^-1 impulse3",
           "/execute @s ^^^3 damage @e[r=2,type=!item] 22 entity_attack entity @s",
            "/camerashake add @s 1.5 0.25 positional",
            "/playanimation @s animation.thunder1 one",
            "/playsound ambient.weather.lightning.impact @a[r=15] ~~~ 1.5 0.8 0"
          ]
        },
        "thunder02": {
          "transitions": [
            {
              "default": "query.get_equipped_item_name('main_hand')!='nichirin_zenitsu' && !query.equipped_item_any_tag('slot.weapon.mainhand','nichirin0')"
            },
            {
              "thunder03": "variable.time = (variable.time ?? 0);variable.time = variable.time < 10 ? variable.time + 1:0;return variable.time == 0;"
            }
          ],
          "on_entry": [
           "/effect @s slowness 1 5 true",
           "/particle ds:thunder ~~~",
           "/effect @s fire_resistance 1 25 true",
           "/summon lightning_bolt ~~~",
           "/execute @s ^^-0.5^-0.5 summon ds:impulse01 ^^-0.5^-1 impulse3",
           "/execute @s ^^^3 damage @e[r=2,type=!item] 22 entity_attack entity @s",
            "/camerashake add @s 1.5 0.25 positional",
            "/playanimation @s animation.thunder1 one",
            "/playsound ambient.weather.lightning.impact @a[r=15] ~~~ 1.5 0.8 0"
          ]
        },
        "thunder03": {
          "transitions": [
            {
              "default": "query.get_equipped_item_name('main_hand')!='nichirin_zenitsu' && !query.equipped_item_any_tag('slot.weapon.mainhand','nichirin0')"
            },
            {
              "thunder04": "variable.time = (variable.time ?? 0);variable.time = variable.time < 10 ? variable.time + 1:0;return variable.time == 0;"
            }
          ],
          "on_entry": [
           "/effect @s slowness 1 5 true",
           "/particle ds:thunder ~~~",
           "/effect @s fire_resistance 1 25 true",
           "/summon lightning_bolt ~~~",
           "/execute @s ^^-0.5^-0.5 summon ds:impulse01 ^^-0.5^-1 impulse3",
           "/execute @s ^^^3 damage @e[r=2,type=!item] 22 entity_attack entity @s",
            "/camerashake add @s 1.5 0.25 positional",
            "/playanimation @s animation.thunder1 one",
            "/playsound ambient.weather.lightning.impact @a[r=15] ~~~ 1.5 0.8 0"
          ]
        },
        "thunder04": {
          "transitions": [
            {
              "default": "query.get_equipped_item_name('main_hand')!='nichirin_zenitsu' && !query.equipped_item_any_tag('slot.weapon.mainhand','nichirin0')"
            },
            {
              "thunder05": "variable.time = (variable.time ?? 0);variable.time = variable.time < 10 ? variable.time + 1:0;return variable.time == 0;"
            }
          ],
          "on_entry": [
           "/effect @s slowness 1 5 true",
           "/particle ds:thunder ~~~",
           "/effect @s fire_resistance 1 25 true",
           "/summon lightning_bolt ~~~",
           "/execute @s ^^-0.5^-0.5 summon ds:impulse01 ^^-0.5^-1 impulse3",
           "/execute @s ^^^3 damage @e[r=2,type=!item] 22 entity_attack entity @s",
            "/camerashake add @s 1.5 0.25 positional",
            "/playanimation @s animation.thunder1 one",
            "/playsound ambient.weather.lightning.impact @a[r=15] ~~~ 1.5 0.8 0"
          ]
        },
        "thunder05": {
          "transitions": [
            {
              "default": "query.get_equipped_item_name('main_hand')!='nichirin_zenitsu' && !query.equipped_item_any_tag('slot.weapon.mainhand','nichirin0')"
            },
            {
              "thunder06": "variable.time = (variable.time ?? 0);variable.time = variable.time < 10 ? variable.time + 1:0;return variable.time == 0;"
            }
          ],
          "on_entry": [
           "/effect @s slowness 1 5 true",
           "/particle ds:thunder ~~~",
           "/effect @s fire_resistance 1 25 true",
           "/summon lightning_bolt ~~~",
           "/execute @s ^^-0.5^-0.5 summon ds:impulse01 ^^-0.5^-1 impulse3",
           "/execute @s ^^^3 damage @e[r=2,type=!item] 22 entity_attack entity @s",
            "/camerashake add @s 1.5 0.25 positional",
            "/playanimation @s animation.thunder1 one",
            "/playsound ambient.weather.lightning.impact @a[r=15] ~~~ 1.5 0.8 0"
          ]
        },
        "thunder06": {
          "transitions": [
            {
              "default": "variable.time = (variable.time ?? 0);variable.time = variable.time < 30 ? variable.time + 1:0;return variable.time == 0;"
            }
          ],
          "on_entry": [
           "/particle ds:thunder ~~~",
           "/effect @s fire_resistance 1 25 true",
           "/summon lightning_bolt ~~~",
           "/execute @s ^^-0.5^-0.5 summon ds:impulse01 ^^-0.5^-1 impulse3",
            "/execute @s ^^^3 damage @e[r=2,type=!item] 22 entity_attack entity @s",
            "/camerashake add @s 1.5 0.25 positional",
            "/playanimation @s animation.thunder1 one",
            "/playsound ambient.weather.lightning.impact @a[r=15] ~~~ 1.5 0.8 0"
          ]
        }

      }
    }
  }
}
