{
  "format_version": "1.10.0",
  "animation_controllers": {
    "controller.animation.waterbreath": {
      "initial_state": "default",
      "states": {
        "default": {
          "transitions": [
            {
              "water0.1": "query.equipped_item_any_tag('slot.weapon.mainhand','nichirin1') && query.is_using_item"
            },
            {
              "water0.1": "query.equipped_item_any_tag('slot.weapon.mainhand','nichirin0') && query.is_using_item && query.scoreboard('breath') == 1"
            }
          ],
          "on_entry": [
            "/tag @s remove water1",
            "/tag @s remove water2",
            "/tag @s remove water3",
            "/tag @s remove water4",
            "/tag @s remove water5",
            "/tag @s remove water6",
            "/tag @s remove water7",
            "/tag @s remove water8",
            "/tag @s remove water9",
            "/tag @s remove water10",
            "/tag @s remove water11",
            "/tag @s remove tp"
          ]
        },
        "water0.1": {
          "transitions": [
            {
              "water0.2": "query.is_using_item"
            },
            {
              "water1": "!query.is_using_item && query.is_on_ground"
            },
            {
              "water1.5": "!query.is_using_item && !query.is_on_ground"
            }
          ],
          "on_entry": [
            "/execute @s[scores={res=20..}] ~~~ playanimation @s[scores={form=1}] animation.water01 one",
            "/execute @s[scores={res=40..}] ~~~ playanimation @s[scores={form=2}] animation.water02 one",
            "/execute @s[scores={res=50..}] ~~~ playanimation @s[scores={form=3}] animation.water01 one",
            "/execute @s[scores={res=30..}] ~~~ playanimation @s[scores={form=4}] animation.water01 one",
            "/execute @s[scores={res=10..}] ~~~ playanimation @s[scores={form=5}] animation.water02 one",
            "/execute @s[scores={res=35..}] ~~~ playanimation @s[scores={form=6}] animation.water02 one",
            "/execute @s[scores={res=25..}] ~~~ playanimation @s[scores={form=7}] animation.water02 one",
            "/execute @s[scores={res=45..}] ~~~ playanimation @s[scores={form=8}] animation.water03 one",
            "/execute @s[scores={res=15..}] ~~~ playanimation @s[scores={form=9}] animation.water02 one",
            "/execute @s[scores={res=100..}] ~~~ playanimation @s[scores={form=10}] animation.water02 one",
            "/execute @s[scores={res=10..}] ~~~ playanimation @s[scores={form=11}] animation.water02 one"
          ]
        },
        "water0.2": {
          "transitions": [
            {
              "water0.1": "query.is_using_item"
            },
            {
              "water1": "!query.is_using_item && query.is_on_ground"
            },
            {
              "water1.5": "!query.is_using_item && !query.is_on_ground"
            }
          ],
          "on_entry": [
            "/execute @s[scores={res=20..}] ~~~ playanimation @s[scores={form=1}] animation.water01 one",
            "/execute @s[scores={res=40..}] ~~~ playanimation @s[scores={form=2}] animation.water02 one",
            "/execute @s[scores={res=50..}] ~~~ playanimation @s[scores={form=3}] animation.water01 one",
            "/execute @s[scores={res=30..}] ~~~ playanimation @s[scores={form=4}] animation.water01 one",
            "/execute @s[scores={res=10..}] ~~~ playanimation @s[scores={form=5}] animation.water02 one",
            "/execute @s[scores={res=35..}] ~~~ playanimation @s[scores={form=6}] animation.water02 one",
            "/execute @s[scores={res=25..}] ~~~ playanimation @s[scores={form=7}] animation.water02 one",
            "/execute @s[scores={res=45..}] ~~~ playanimation @s[scores={form=8}] animation.water03 one",
            "/execute @s[scores={res=15..}] ~~~ playanimation @s[scores={form=9}] animation.water02 one",
            "/execute @s[scores={res=100..}] ~~~ playanimation @s[scores={form=10}] animation.water02 one",
            "/execute @s[scores={res=10..}] ~~~ playanimation @s[scores={form=11}] animation.water02 one"
          ]
        },
        "water0.3": {
          "transitions": [
            {
              "water0.4": "variable.time = (variable.time ?? 0);variable.time = variable.time < 2 ? variable.time + 1:0;return variable.time == 0;"
            },
           {
              "water0.5": "query.scoreboard('time') >= 30"
            }
          ],
          "on_entry": [
            "/scoreboard players add @s time 1",
            "/particle ds:water2",
            "/execute @e[r=2,type=!item,type=!xp_orb,tag=!water3] ~~~ playanimation @s animation.water3 one",
            "/execute @s ^^^3 damage @e[r=2,type=!item] 22 entity_attack entity @s",
            "/camerashake add @s 1.15 0.5 positional"
          ]
        },
        "water0.4": {
          "transitions": [
            {
              "water0.3": "variable.time = (variable.time ?? 0);variable.time = variable.time < 2 ? variable.time + 1:0;return variable.time == 0;"
            },
           {
              "water0.5": "query.scoreboard('time') >= 30"
            }
          ],
          "on_entry": [
            "/scoreboard players add @s time 1",
            "/particle ds:water2",
            "/execute @e[r=2,type=!item,type=!xp_orb,tag=!water3] ~~~ playanimation @p[tag=water3] animation.water3 one",
            "/execute @s ^^^3 damage @e[r=2,type=!item] 22 entity_attack entity @s",
            "/camerashake add @s 1.15 0.5 positional"
          ]
        },
        "water0.6": {
          "transitions": [
            {
              "water0.7": "variable.time = (variable.time ?? 0);variable.time = variable.time < 2 ? variable.time + 1:0;return variable.time == 0;"
            },
           {
              "water0.5": "query.scoreboard('time') >= 40"
            }
          ],
          "on_entry": [
            "/scoreboard players add @s time 1",
            "/particle ds:water9 ~~~",
            "/effect @s speed 2 5 true",
            "/playsound random.splash @a[r=15] ~~~ 0.5 1 0"
          ]
        },
        "water0.7": {
          "transitions": [
            {
              "water0.6": "variable.time = (variable.time ?? 0);variable.time = variable.time < 2 ? variable.time + 1:0;return variable.time == 0;"
            },
           {
              "water0.5": "query.scoreboard('time') >= 40"
            }
          ],
          "on_entry": [
            "/scoreboard players add @s time 1",
            "/particle ds:water9 ~~~",
            "/effect @s speed 2 5 true"
          ]
        },
        "water0.8": {
          "transitions": [
            {
              "water0.9": "variable.time = (variable.time ?? 0);variable.time = variable.time < 5 ? variable.time + 1:0;return variable.time == 0;"
            },
           {
              "water0.5": "query.scoreboard('time') >= 50"
            },
            {
              "water0.5": "!query.equipped_item_any_tag('slot.weapon.mainhand','nichirin')"
            }
          ],
          "on_entry": [
            "/execute @s ^^^3 damage @e[r=2,type=!item] 18 entity_attack entity @s",
            "/camerashake add @s 1.1 0.5 positional",
            "/playanimation @s animation.water10",
            "/scoreboard players add @s time 1",
            "/particle ds:water2 ~~~",
            "/effect @s speed 2 5 true",
            "/playsound random.splash @a[r=15] ~~~ 0.5 1 0"
          ]
        },
        "water0.9": {
          "transitions": [
            {
              "water0.08": "variable.time = (variable.time ?? 0);variable.time = variable.time < 5 ? variable.time + 1:0;return variable.time == 0;"
            },
           {
              "water0.5": "query.scoreboard('time') >= 50"
            },
            {
              "water0.5": "!query.equipped_item_any_tag('slot.weapon.mainhand','nichirin')"
            }
          ],
          "on_entry": [
            "/scoreboard players add @s time 1",
            "/particle ds:water2 ~~~",
            "/effect @s speed 2 5 true"
          ]
        },
        "water0.08": {
          "transitions": [
            {
              "water0.8": "variable.time = (variable.time ?? 0);variable.time = variable.time < 5 ? variable.time + 1:0;return variable.time == 0;"
            },
           {
              "water0.5": "query.scoreboard('time') >= 50"
            },
            {
              "water0.5": "!query.equipped_item_any_tag('slot.weapon.mainhand','nichirin')"
            }
          ],
          "on_entry": [
            "/execute @s ^^^3 damage @e[r=2,type=!item] 18 entity_attack entity @s",
            "/camerashake add @s 1.1 0.5 positional",
            "/scoreboard players add @s time 1",
            "/particle ds:water2 ~~~",
            "/effect @s speed 2 5 true"
          ]
        },
        "water0.5": {
          "transitions": [
            {
              "default": "variable.time = (variable.time ?? 0);variable.time = variable.time < 10 ? variable.time + 1:0;return variable.time == 0;"
            }
          ],
          "on_entry": [
            "/scoreboard players set @s time 0"
          ]
        },
        "water1.1": {
          "transitions": [
            {
              "default": "variable.time = (variable.time ?? 0);variable.time = variable.time < 40 ? variable.time + 1:0;return variable.time == 0;"
            }
          ],
          "on_entry": [
            "/particle ds:water4 ~~-1~"
          ]
        },
        "water1": {
          "transitions": [
            {
              "default": "variable.time = (variable.time ?? 0);variable.time = variable.time < 25 ? variable.time + 1:0;return variable.time == 0;"
            },
           {
              "water0.3": "query.scoreboard('time') >= 1 && query.scoreboard('form') == 3"
            },
           {
              "water1.1": "query.scoreboard('form') == 6"
            },
           {
              "water1.1": "query.scoreboard('form') == 8"
            },
           {
              "water0.6": "query.scoreboard('time') >= 1 && query.scoreboard('form') == 9"
            },
           {
              "water0.8": "query.scoreboard('time') >= 1 && query.scoreboard('form') == 10"
            }
          ],
          "on_entry": [
            "/execute @s[scores={res=10..}] ^^^ damage @e[r=6,rm=0.01,type=!item] 12 entity_attack entity @s[scores={form=11}]",
            "/execute @s[scores={res=10..}] ~~~ camerashake add @s[scores={form=11}] 1 1 positional",
            "/execute @s[scores={res=10..}] ~~~ execute @s[scores={form=11}] ~~~ particle ds:water11 ~~~",
            "/execute @s[scores={res=10..}] ~~~ execute @s[scores={form=11}] ~~~ particle ds:water011 ~~~",
            "/execute @s[scores={res=10..}] ~~~ scoreboard players remove @s[scores={form=11}] res 10",
            "/execute @s[scores={form=11}] ~~~ playsound nagi @a[r=15] ~~~ 1 1 0",

            "/execute @s[scores={res=100..}] ~~~ tag @s[scores={form=10}] add water10",
            "/execute @s[scores={res=100..}] ~~~ scoreboard players set @s[scores={form=10}] time 2",
            "/execute @s[scores={res=100..}] ~~~ scoreboard players remove @s[scores={form=10}] res 100",
            "/execute @s[scores={form=10}] ~~~ playsound liquid.water @a[r=15] ~~~ 0.5 1 0",

            "/execute @s[scores={res=15..}] ~~~ tag @s[scores={form=9}] add water9",
            "/execute @s[scores={res=15..}] ~~~ scoreboard players set @s[scores={form=9}] time 2",
            "/execute @s[scores={res=15..}] ~~~ scoreboard players remove @s[scores={form=9}] res 15",
            "/execute @s[scores={form=9}] ~~~ playsound liquid.water @a[r=15] ~~~ 0.5 1 0",

            "/execute @s[scores={res=45..}] ^^^3 damage @e[r=2,type=!item] 30 entity_attack entity @s[scores={form=8}]",
            "/execute @s[scores={res=45..}] ~~~ camerashake add @s[scores={form=8}] 1.35 0.5 positional",
            "/execute @s[scores={res=45..}] ~~~ playanimation @s[scores={form=8}] animation.water7 one",
            "/execute @s[scores={res=45..}] ~~~ scoreboard players remove @s[scores={form=8}] res 45",
            "/execute @s[scores={form=8}] ~~~ playsound liquid.water @a[r=15] ~~~ 0.5 1 0",

            "/execute @s[scores={res=25..}] ~~~ execute @s[scores={form=7}] ~~~ function waterparticle",
            "/execute @s[scores={res=25..}] ^^^3 damage @e[r=2,type=!item] 28 entity_attack entity @s[scores={form=7}]",
            "/execute @s[scores={res=25..}] ~~~ camerashake add @s[scores={form=7}] 1.3 0.5 positional",
            "/execute @s[scores={res=25..}] ~~~ playanimation @s[scores={form=7}] animation.water6 one",
            "/execute @s[scores={res=25..}] ~~~ scoreboard players remove @s[scores={form=7}] res 25",
            "/execute @s[scores={form=7}] ~~~ playsound liquid.water @a[r=15] ~~~ 0.5 1 0",

            "/execute @s[scores={res=35..}] ^^^3 damage @e[r=2,type=!item] 25 entity_attack entity @s[scores={form=6}]",
            "/execute @s[scores={res=35..}] ~~~ camerashake add @s[scores={form=6}] 1.25 0.5 positional",
            "/execute @s[scores={res=35..}] ~~~ playanimation @s[scores={form=6}] animation.water5 one",
            "/execute @s[scores={res=35..}] ~~~ scoreboard players remove @s[scores={form=6}] res 35",
            "/execute @s[scores={form=6}] ~~~ playsound liquid.water @a[r=15] ~~~ 0.5 1 0",

            "/execute @s[scores={res=10..}] ~~~ tag @s[scores={form=5}] add water5",
            "/execute @s[scores={res=10..}] ~~~ execute @s[scores={form=5}] ~~~ summon ds:impulse ^^-0.5^-0.5 impulse1",
            "/execute @s[scores={res=10..}] ^^^3 damage @e[r=2,type=!item] 22 entity_attack entity @s[scores={form=5}]",
            "/execute @s[scores={res=10..}] ^^^6 damage @e[r=3,type=!item] 22 entity_attack entity @s[scores={form=5}]",
            "/execute @s[scores={res=10..}] ~~~ camerashake add @s[scores={form=5}] 1.2 0.5 positional",
            "/execute @s[scores={res=10..}] ~~~ playanimation @s[scores={form=5}] animation.water1 one",
            "/execute @s[scores={res=10..}] ~~~ scoreboard players remove @s[scores={form=5}] res 10",
            "/execute @s[scores={form=5}] ~~~ playsound liquid.water @a[r=15] ~~~ 0.5 1 0",

            "/execute @s[scores={res=30..}] ^^^3 damage @e[r=2,type=!item] 20 entity_attack entity @s[scores={form=4}]",
            "/execute @s[scores={res=30..}] ~~~ camerashake add @s[scores={form=4}] 1.15 0.5 positional",
            "/execute @s[scores={res=30..}] ~~~ playanimation @s[scores={form=4}] animation.water4 one",
            "/execute @s[scores={res=30..}] ~~~ scoreboard players remove @s[scores={form=4}] res 30",
            "/execute @s[scores={form=4}] ~~~ playsound liquid.water @a[r=15] ~~~ 0.5 1 0",

            "/execute @s[scores={res=50..}] ~~~ tag @s[scores={form=3}] add water3",
            "/execute @s[scores={res=50..}] ~~~ scoreboard players set @s[scores={form=3}] time 2",
            "/execute @s[scores={res=50..}] ~~~ effect @s[scores={form=3}] speed 5 5 true",
            "/execute @s[scores={res=50..}] ~~~ scoreboard players remove @s[scores={form=3}] res 50",
            "/execute @s[scores={form=3}] ~~~ playsound liquid.water @a[r=15] ~~~ 0.5 1 0",

            "/execute @s[scores={res=40..}] ^^^ damage @e[r=4,rm=0.01,type=!item] 18 entity_attack entity @s[scores={form=2}]",
            "/execute @s[scores={res=40..}] ~~~ camerashake add @s[scores={form=2}] 1.1 0.5 positional",
            "/execute @s[scores={res=40..}] ~~~ playanimation @s[scores={form=2}] animation.water2 one",
            "/execute @s[scores={res=40..}] ~~~ scoreboard players remove @s[scores={form=2}] res 40",
            "/execute @s[scores={form=2}] ~~~ playsound liquid.water @a[r=15] ~~~ 0.5 1 0",

            "/execute @s[scores={res=20..}] ^^^3 damage @e[r=2,type=!item] 15 entity_attack entity @s[scores={form=1}]",
            "/execute @s[scores={res=20..}] ~~~ camerashake add @s[scores={form=1}] 1 0.5 positional",
            "/execute @s[scores={res=20..}] ~~~ playanimation @s[scores={form=1}] animation.water1 one",
            "/execute @s[scores={res=20..}] ~~~ scoreboard players remove @s[scores={form=1}] res 20",
            "/execute @s[scores={form=1}] ~~~ playsound liquid.water @a[r=15] ~~~ 0.5 1 0"
          ]
        },
        "water1.5": {
          "transitions": [
            {
              "default": "variable.time = (variable.time ?? 0);variable.time = variable.time < 20 ? variable.time + 1:0;return variable.time == 0;"
            }
          ],
          "on_entry": [
            "/execute @s[scores={res=40..}] ~~~ tp @s[scores={form=2}] ~~1~",
            "/execute @s[scores={res=40..}] ~~~ tag @s[scores={form=2}] add tp",
            "/execute @s[scores={res=40..}] ^^^ damage @e[r=4,rm=0.01,type=!item] 20 entity_attack entity @s[scores={form=2}]",
            "/execute @s[scores={res=40..}] ~~~ camerashake add @s[scores={form=2}] 1.5 0.25 positional",
            "/execute @s[scores={res=40..}] ~~~ playanimation @s[scores={form=2}] animation.water2.5 one",
            "/execute @s[scores={res=40..}] ~~~ scoreboard players remove @s[scores={form=2}] res 40",
            "/execute @s[scores={form=2}] ~~~ playsound liquid.water @a[r=15] ~~~ 0.5 1 0"
          ]
        }

      }
    }
  }
}
