{
  "format_version": "1.10.0",
  "animation_controllers": {
    "controller.animation.windbreath": {
      "initial_state": "default",
      "states": {
        "default": {
          "transitions": [
            {
              "water0.1": "query.get_equipped_item_name('main_hand')=='nichirin_sanemi' && query.is_using_item"
            },
            {
              "water0.1": "query.equipped_item_any_tag('slot.weapon.mainhand','nichirin0') && query.is_using_item && query.scoreboard('breath') == 8"
            }
          ],
          "on_entry": [
            "/tag @s remove wind1",
            "/tag @s remove wind2",
            "/tag @s remove wind3",
            "/tag @s remove wind4",
            "/tag @s remove wind5",
            "/tag @s remove wind6",
            "/tag @s remove wind7",
            "/tag @s remove wind8",
            "/tag @s remove wind9"
          ]
        },
        "water0.1": {
          "transitions": [
            {
              "water0.2": "query.is_using_item"
            },
            {
              "water1": "!query.is_using_item"
            }
          ],
          "on_entry": [
            "/execute @s[scores={res=30..}] ~~~ playanimation @s[scores={form=1}] animation.wind0 one",
            "/execute @s[scores={res=35..}] ~~~ playanimation @s[scores={form=2}] animation.wind0 one",
            "/execute @s[scores={res=25..}] ~~~ playanimation @s[scores={form=3}] animation.wind0 one",
            "/execute @s[scores={res=40..}] ~~~ playanimation @s[scores={form=4}] animation.wind0 one",
            "/execute @s[scores={res=35..}] ~~~ playanimation @s[scores={form=5}] animation.wind0 one",
            "/execute @s[scores={res=20..}] ~~~ playanimation @s[scores={form=6}] animation.wind0 one",
            "/execute @s[scores={res=30..}] ~~~ playanimation @s[scores={form=7}] animation.wind0 one",
            "/execute @s[scores={res=35..}] ~~~ playanimation @s[scores={form=8}] animation.wind0 one",
            "/execute @s[scores={res=30..}] ~~~ playanimation @s[scores={form=9}] animation.wind0 one"
          ]
        },
        "water0.2": {
          "transitions": [
            {
              "water0.1": "query.is_using_item"
            },
            {
              "water1": "!query.is_using_item"
            }
          ],
          "on_entry": [
            "/execute @s[scores={res=30..}] ~~~ playanimation @s[scores={form=1}] animation.wind0 one",
            "/execute @s[scores={res=35..}] ~~~ playanimation @s[scores={form=2}] animation.wind0 one",
            "/execute @s[scores={res=25..}] ~~~ playanimation @s[scores={form=3}] animation.wind0 one",
            "/execute @s[scores={res=40..}] ~~~ playanimation @s[scores={form=4}] animation.wind0 one",
           "/execute @s[scores={res=35..}] ~~~ playanimation @s[scores={form=5}] animation.wind0 one",
            "/execute @s[scores={res=20..}] ~~~ playanimation @s[scores={form=6}] animation.wind0 one",
            "/execute @s[scores={res=30..}] ~~~ playanimation @s[scores={form=7}] animation.wind0 one",
            "/execute @s[scores={res=35..}] ~~~ playanimation @s[scores={form=8}] animation.wind0 one",
            "/execute @s[scores={res=30..}] ~~~ playanimation @s[scores={form=9}] animation.wind0 one"
          ]
        },
        "wind1": {
          "transitions": [
            {
              "default": "query.get_equipped_item_name('main_hand')!='nichirin_sanemi' && !query.equipped_item_any_tag('slot.weapon.mainhand','nichirin0')"
            },
            {
              "wind2": "variable.time = (variable.time ?? 0);variable.time = variable.time < 30 ? variable.time + 1:0;return variable.time == 0;"
            }
          ],
          "on_entry": [
            "/scoreboard players remove @s[scores={form=5}] res 35",
           "/execute @s[scores={form=5}] ~~~ playanimation @s animation.wind5 one",
           "/execute @s[scores={form=5}] ~~~ effect @s levitation 2 5 true"
          ]
        },
        "wind2": {
          "transitions": [
            {
              "default": "variable.time = (variable.time ?? 0);variable.time = variable.time < 25 ? variable.time + 1:0;return variable.time == 0;"
            }
          ],
          "on_entry": [
            "/tag @s[scores={form=5}] add wind5",
           "/damage @e[r=5,rm=0.01,type=!item] 25 entity_attack entity @s[scores={form=5}]",
            "/camerashake add @s[scores={form=5}] 1.25 0.5 positional",
           "/execute @s[scores={form=5}] ~~~ particle ds:wind5 ~~-5~",
            "/execute @s[scores={form=5}] ~~~ playsound item.trident.throw @a[r=15] ~~~ 0.5 1 0"
          ]
        },
        "wind3": {
          "transitions": [
            {
              "default": "query.get_equipped_item_name('main_hand')!='nichirin_sanemi' && !query.equipped_item_any_tag('slot.weapon.mainhand','nichirin0')"
            },
            {
              "wind4": "variable.time = (variable.time ?? 0);variable.time = variable.time < 30 ? variable.time + 1:0;return variable.time == 0;"
            }
          ],
          "on_entry": [
            "/scoreboard players remove @s[scores={form=9}] res 30",
           "/execute @s[scores={form=9}] ~~~ effect @s levitation 2 6 true"
          ]
        },
        "wind4": {
          "transitions": [
            {
              "default": "variable.time = (variable.time ?? 0);variable.time = variable.time < 25 ? variable.time + 1:0;return variable.time == 0;"
            }
          ],
          "on_entry": [
            "/tag @s[scores={form=9}] add wind9",
           "/damage @e[r=6,rm=0.01,type=!item] 30 entity_attack entity @s[scores={form=9}]",
            "/camerashake add @s[scores={form=9}] 1.5 0.5 positional",
           "/execute @s[scores={form=9}] ~~~ playanimation @s animation.wind9 one",
           "/execute @s[scores={form=9}] ~~~ effect @s feather_falling 3 1 true",
            "/execute @s[scores={form=9}] ~~~ playsound item.trident.throw @a[r=15] ~~~ 0.5 1 0"
          ]
        },
        "water1": {
          "transitions": [
            {
              "default": "variable.time = (variable.time ?? 0);variable.time = variable.time < 25 ? variable.time + 1:0;return variable.time == 0;"
            },
           {
              "wind1": "query.scoreboard('form') == 5 && query.scoreboard('res') >= 35"
            },
           {
              "wind3": "query.scoreboard('form') == 9 && query.scoreboard('res') >= 30"
            }
          ],
          "on_entry": [
           "/execute @s[scores={res=35..}] ~~~ tag @s[scores={form=8}] add wind8",
           "/execute @s[scores={res=35..}] ^^-0.5^-0.5 execute @s[scores={form=8}] ~~~ summon ds:impulse ^^-0.5^-1 impulse14",
           "/execute @s[scores={res=35..}] ^^^4 damage @e[r=3,type=!item] 35 entity_attack entity @s[scores={form=8}]",
            "/execute @s[scores={res=35..}] ~~~ camerashake add @s[scores={form=8}] 1.4 0.5 positional",
            "/execute @s[scores={res=35..}] ~~~ playanimation @s[scores={form=8}] animation.wind8 one",
            "/execute @s[scores={res=35..}] ~~~ scoreboard players remove @s[scores={form=8}] res 35",
            "/execute @s[scores={form=8}] ~~~ playsound item.trident.throw @a[r=15] ~~~ 0.5 1 0",

           "/execute @s[scores={res=30..}] ~~~ tag @s[scores={form=7}] add wind7",
           "/execute @s[scores={res=30..}] ^^-0.5^-0.5 execute @s[scores={form=7}] ~~~ summon ds:impulse ^^-0.5^-1 impulse13",
           "/execute @s[scores={res=30..}] ^^^5 damage @e[r=4,type=!item] 32 entity_attack entity @s[scores={form=7}]",
            "/execute @s[scores={res=30..}] ~~~ camerashake add @s[scores={form=7}] 1.35 0.5 positional",
            "/execute @s[scores={res=30..}] ~~~ playanimation @s[scores={form=7}] animation.wind7 one",
            "/execute @s[scores={res=30..}] ~~~ scoreboard players remove @s[scores={form=7}] res 30",
            "/execute @s[scores={form=7}] ~~~ playsound item.trident.throw @a[r=15] ~~~ 0.5 1 0",

           "/execute @s[scores={res=20..}] ^^^ damage @e[r=5,rm=0.01,type=!item] 28 entity_attack entity @s[scores={form=6}]",
            "/execute @s[scores={res=20..}] ~~~ camerashake add @s[scores={form=6}] 1.3 0.5 positional",
            "/execute @s[scores={res=20..}] ~~~ playanimation @s[scores={form=6}] animation.wind6 one",
            "/execute @s[scores={res=20..}] ~~~ scoreboard players remove @s[scores={form=6}] res 20",

           "/execute @s[scores={res=40..}] ^^^3 damage @e[r=2,type=!item] 25 entity_attack entity @s[scores={form=4}]",
            "/execute @s[scores={res=40..}] ~~~ camerashake add @s[scores={form=4}] 1.2 0.5 positional",
            "/execute @s[scores={res=40..}] ~~~ playanimation @s[scores={form=4}] animation.wind4 one",
            "/execute @s[scores={res=40..}] ~~~ scoreboard players remove @s[scores={form=4}] res 40",

           "/execute @s[scores={res=25..}] ^^^3 damage @e[r=2,type=!item] 22 entity_attack entity @s[scores={form=3}]",
            "/execute @s[scores={res=25..}] ~~~ camerashake add @s[scores={form=3}] 1.1 0.5 positional",
            "/execute @s[scores={res=25..}] ~~~ playanimation @s[scores={form=3}] animation.wind3 one",
            "/execute @s[scores={res=25..}] ~~~ execute @s[scores={form=3}] ~~~ particle ds:wind03 ~~~",
            "/execute @s[scores={res=25..}] ~~~ execute @s[scores={form=3}] ~~~ particle ds:wind3 ~~~",
            "/execute @s[scores={res=25..}] ~~~ scoreboard players remove @s[scores={form=3}] res 25",

            "/execute @s[scores={res=35..}] ~~~ event entity @s[scores={form=2}] minecraft:event_windclaws",
            "/execute @s[scores={res=35..}] ~~~ scoreboard players remove @s[scores={form=2}] res 35",
            "/execute @s[scores={form=2}] ~~~ playsound item.trident.throw @a[r=15] ~~~ 0.5 1 0",

           "/execute @s[scores={res=30..}] ~~~ tag @s[scores={form=1}] add wind1",
           "/execute @s[scores={res=30..}] ^^-0.5^-0.5 execute @s[scores={form=1}] ~~~ summon ds:impulse ^^-0.5^-1 impulse12",
            "/execute @s[scores={res=30..}] ^^^3 damage @e[r=2,type=!item] 16 entity_attack entity @s[scores={form=1}]",
            "/execute @s[scores={res=30..}] ~~~ camerashake add @s[scores={form=1}] 1 0.5 positional",
            "/execute @s[scores={res=30..}] ~~~ playanimation @s[scores={form=1}] animation.wind1 one",
            "/execute @s[scores={res=30..}] ~~~ scoreboard players remove @s[scores={form=1}] res 30",
            "/execute @s[scores={form=1}] ~~~ playsound item.trident.throw @a[r=15] ~~~ 0.5 1 0"
          ]
        }

      }
    }
  }
}
