{
  "format_version": "1.10.0",
  "animation_controllers": {
    "controller.animation.windclaws": {
      "states": {
        "default": {
          "transitions": [
            { 
              "walk": "(1.0)"
            }
          ]
        },
        "walk": {
          "transitions": [ { "default": "variable.time = (variable.time ?? 0);variable.time = variable.time < 10 ? variable.time + 1:0;return variable.time == 0;" } ],
          "on_entry": [ "/particle ds:wind01 ~~~" ]
        }
      }
    }
  }
}
