{"format_version":"1.10.0","animation_controllers":{"controller.animation.yg_amanda.general":{"initial_state":"moving","states":{"moving":{"animations":[{"moving":"variable.move_speed"},{"gazo_general":"variable.is_idling"}],"blend_transition":0.1,"variables":{"is_idling":{"input":"query.modified_move_speed","remap_curve":{"0":1,"1":0}},"move_speed":{"input":"query.modified_move_speed","remap_curve":{"0":0,"1":1}}}}}},"controller.animation.yg_amanda.looking_at":{"states":{"default":{"animations":["looking"]}}}}}