{
  "format_version": "1.10.0",
  "geometry.hovercraft": {
    "texturewidth": 512,
    "textureheight": 512,
    "visible_bounds_width": 7,
    "visible_bounds_height": 3,
    "visible_bounds_offset": [
      0,
      1.5,
      0
    ],
    "bones": [
      {
        "name": "hovercraft",
        "pivot": [
          0,
          2,
          0
        ],
        "cubes": [
          {
            "origin": [
              -17.0,
              10.0,
              -20.0
            ],
            "size": [
              34.0,
              2.0,
              57.0
            ],
            "uv": [
              0,
              0
            ],
            "inflate": 0
          },
          {
            "origin": [
              -15.0,
              9.0,
              -18.0
            ],
            "size": [
              30.0,
              1.0,
              53.0
            ],
            "uv": [
              0,
              0
            ],
            "inflate": 0
          },
          {
            "origin": [
              5.0,
              12.0,
              -4.0
            ],
            "size": [
              9.0,
              1.0,
              8.0
            ],
            "uv": [
              0,
              341
            ],
            "inflate": 0
          },
          {
            "origin": [
              4.0,
              13.0,
              -5.0
            ],
            "size": [
              11.0,
              2.0,
              10.0
            ],
            "uv": [
              126,
              329
            ],
            "inflate": 0
          },
          {
            "origin": [
              -17.0,
              11.0,
              -21.0
            ],
            "size": [
              34.0,
              11.0,
              1.0
            ],
            "uv": [
              104,
              265
            ],
            "inflate": 0
          },
          {
            "origin": [
              -17.0,
              22.0,
              -20.0
            ],
            "size": [
              34.0,
              1.0,
              8.0
            ],
            "uv": [
              104,
              256
            ],
            "inflate": 0
          },
          {
            "origin": [
              17.0,
              11.0,
              -20.0
            ],
            "size": [
              1.0,
              11.0,
              57.0
            ],
            "uv": [
              0,
              67
            ],
            "inflate": 0
          },
          {
            "origin": [
              -17.0,
              12.0,
              -13.0
            ],
            "size": [
              34.0,
              10.0,
              1.0
            ],
            "uv": [
              70,
              310
            ],
            "inflate": 0
          },
          {
            "origin": [
              -14.0,
              12.0,
              -4.0
            ],
            "size": [
              9.0,
              1.0,
              8.0
            ],
            "uv": [
              68,
              341
            ],
            "inflate": 0
          },
          {
            "origin": [
              -15.0,
              13.0,
              17.0
            ],
            "size": [
              11.0,
              2.0,
              10.0
            ],
            "uv": [
              42,
              329
            ],
            "inflate": 0
          },
          {
            "origin": [
              -1.0,
              12.0,
              -9.0
            ],
            "size": [
              3.0,
              1.0,
              3.0
            ],
            "uv": [
              130,
              371
            ],
            "inflate": 0
          },
          {
            "origin": [
              5.0,
              12.0,
              18.0
            ],
            "size": [
              9.0,
              1.0,
              8.0
            ],
            "uv": [
              168,
              329
            ],
            "inflate": 0
          },
          {
            "origin": [
              -14.0,
              12.0,
              18.0
            ],
            "size": [
              9.0,
              1.0,
              8.0
            ],
            "uv": [
              34,
              341
            ],
            "inflate": 0
          },
          {
            "origin": [
              4.0,
              13.0,
              17.0
            ],
            "size": [
              11.0,
              2.0,
              10.0
            ],
            "uv": [
              0,
              329
            ],
            "inflate": 0
          },
          {
            "origin": [
              -15.0,
              13.0,
              -5.0
            ],
            "size": [
              11.0,
              2.0,
              10.0
            ],
            "uv": [
              84,
              329
            ],
            "inflate": 0
          },
          {
            "origin": [
              -18.0,
              11.0,
              -20.0
            ],
            "size": [
              1.0,
              11.0,
              57.0
            ],
            "uv": [
              182,
              0
            ],
            "inflate": 0
          },
          {
            "origin": [
              -16.0,
              12.0,
              -22.0
            ],
            "size": [
              32.0,
              9.0,
              1.0
            ],
            "uv": [
              140,
              310
            ],
            "inflate": 0
          },
          {
            "origin": [
              -15.0,
              13.0,
              -23.0
            ],
            "size": [
              30.0,
              7.0,
              1.0
            ],
            "uv": [
              62,
              321
            ],
            "inflate": 0
          },
          {
            "origin": [
              -14.0,
              14.0,
              -24.0
            ],
            "size": [
              28.0,
              4.0,
              1.0
            ],
            "uv": [
              182,
              321
            ],
            "inflate": 0
          },
          {
            "origin": [
              18.0,
              13.0,
              -19.0
            ],
            "size": [
              1.0,
              8.0,
              55.0
            ],
            "uv": [
              116,
              67
            ],
            "inflate": 0
          },
          {
            "origin": [
              19.0,
              14.0,
              -18.0
            ],
            "size": [
              1.0,
              6.0,
              53.0
            ],
            "uv": [
              0,
              197
            ],
            "inflate": 0
          },
          {
            "origin": [
              20.0,
              15.0,
              -17.0
            ],
            "size": [
              1.0,
              3.0,
              51.0
            ],
            "uv": [
              108,
              197
            ],
            "inflate": 0
          },
          {
            "origin": [
              -19.0,
              13.0,
              -19.0
            ],
            "size": [
              1.0,
              8.0,
              55.0
            ],
            "uv": [
              0,
              134
            ],
            "inflate": 0
          },
          {
            "origin": [
              -20.0,
              14.0,
              -18.0
            ],
            "size": [
              1.0,
              6.0,
              53.0
            ],
            "uv": [
              112,
              134
            ],
            "inflate": 0
          },
          {
            "origin": [
              -21.0,
              15.0,
              -17.0
            ],
            "size": [
              1.0,
              3.0,
              51.0
            ],
            "uv": [
              0,
              256
            ],
            "inflate": 0
          },
          {
            "origin": [
              -17.0,
              11.0,
              37.0
            ],
            "size": [
              34.0,
              11.0,
              1.0
            ],
            "uv": [
              0,
              310
            ],
            "inflate": 0
          },
          {
            "origin": [
              -16.0,
              13.0,
              38.0
            ],
            "size": [
              32.0,
              8.0,
              1.0
            ],
            "uv": [
              206,
              310
            ],
            "inflate": 0
          },
          {
            "origin": [
              -15.0,
              13.0,
              39.0
            ],
            "size": [
              30.0,
              7.0,
              1.0
            ],
            "uv": [
              0,
              321
            ],
            "inflate": 0
          },
          {
            "origin": [
              -14.0,
              14.0,
              40.0
            ],
            "size": [
              28.0,
              4.0,
              1.0
            ],
            "uv": [
              124,
              321
            ],
            "inflate": 0
          }
        ]
      },
      {
        "name": "seat2",
        "pivot": [
          10,
          15,
          3
        ],
        "cubes": [
          {
            "origin": [
              4.0,
              15.0,
              3.0
            ],
            "size": [
              11.0,
              11.0,
              2.0
            ],
            "uv": [
              102,
              341
            ],
            "inflate": 0
          }
        ],
        "parent": "hovercraft",
        "rotation": [
          -10,
          0,
          0
        ]
      },
      {
        "name": "headrest2",
        "pivot": [
          10,
          26,
          3
        ],
        "cubes": [
          {
            "origin": [
              11.0,
              26.0,
              4.0
            ],
            "size": [
              1.0,
              1.0,
              1.0
            ],
            "uv": [
              8,
              392
            ],
            "inflate": 0
          },
          {
            "origin": [
              7.0,
              26.0,
              4.0
            ],
            "size": [
              1.0,
              1.0,
              1.0
            ],
            "uv": [
              4,
              392
            ],
            "inflate": 0
          },
          {
            "origin": [
              6.0,
              27.0,
              3.0
            ],
            "size": [
              7.0,
              4.0,
              2.0
            ],
            "uv": [
              54,
              354
            ],
            "inflate": 0
          }
        ],
        "parent": "seat2"
      },
      {
        "name": "seat4",
        "pivot": [
          10,
          15,
          25
        ],
        "cubes": [
          {
            "origin": [
              4.0,
              15.0,
              25.0
            ],
            "size": [
              11.0,
              11.0,
              2.0
            ],
            "uv": [
              128,
              341
            ],
            "inflate": 0
          }
        ],
        "parent": "hovercraft",
        "rotation": [
          -10,
          0,
          0
        ]
      },
      {
        "name": "headrest4",
        "pivot": [
          10,
          26,
          25
        ],
        "cubes": [
          {
            "origin": [
              11.0,
              26.0,
              26.0
            ],
            "size": [
              1.0,
              1.0,
              1.0
            ],
            "uv": [
              108,
              392
            ],
            "inflate": 0
          },
          {
            "origin": [
              7.0,
              26.0,
              26.0
            ],
            "size": [
              1.0,
              1.0,
              1.0
            ],
            "uv": [
              76,
              386
            ],
            "inflate": 0
          },
          {
            "origin": [
              6.0,
              27.0,
              25.0
            ],
            "size": [
              7.0,
              4.0,
              2.0
            ],
            "uv": [
              36,
              360
            ],
            "inflate": 0
          }
        ],
        "parent": "seat4"
      },
      {
        "name": "seat3",
        "pivot": [
          -9,
          15,
          3
        ],
        "cubes": [
          {
            "origin": [
              -15.0,
              15.0,
              3.0
            ],
            "size": [
              11.0,
              11.0,
              2.0
            ],
            "uv": [
              154,
              341
            ],
            "inflate": 0
          }
        ],
        "parent": "hovercraft",
        "rotation": [
          -10,
          0,
          0
        ]
      },
      {
        "name": "headrest3",
        "pivot": [
          -9,
          26,
          3
        ],
        "cubes": [
          {
            "origin": [
              -8.0,
              26.0,
              4.0
            ],
            "size": [
              1.0,
              1.0,
              1.0
            ],
            "uv": [
              72,
              386
            ],
            "inflate": 0
          },
          {
            "origin": [
              -12.0,
              26.0,
              4.0
            ],
            "size": [
              1.0,
              1.0,
              1.0
            ],
            "uv": [
              104,
              392
            ],
            "inflate": 0
          },
          {
            "origin": [
              -13.0,
              27.0,
              3.0
            ],
            "size": [
              7.0,
              4.0,
              2.0
            ],
            "uv": [
              54,
              360
            ],
            "inflate": 0
          }
        ],
        "parent": "seat3"
      },
      {
        "name": "seat5",
        "pivot": [
          -9,
          15,
          25
        ],
        "cubes": [
          {
            "origin": [
              -15.0,
              15.0,
              25.0
            ],
            "size": [
              11.0,
              11.0,
              2.0
            ],
            "uv": [
              180,
              341
            ],
            "inflate": 0
          }
        ],
        "parent": "hovercraft",
        "rotation": [
          -10,
          0,
          0
        ]
      },
      {
        "name": "headrest5",
        "pivot": [
          -9,
          26,
          25
        ],
        "cubes": [
          {
            "origin": [
              -8.0,
              26.0,
              26.0
            ],
            "size": [
              1.0,
              1.0,
              1.0
            ],
            "uv": [
              84,
              392
            ],
            "inflate": 0
          },
          {
            "origin": [
              -12.0,
              26.0,
              26.0
            ],
            "size": [
              1.0,
              1.0,
              1.0
            ],
            "uv": [
              76,
              392
            ],
            "inflate": 0
          },
          {
            "origin": [
              -13.0,
              27.0,
              25.0
            ],
            "size": [
              7.0,
              4.0,
              2.0
            ],
            "uv": [
              36,
              354
            ],
            "inflate": 0
          }
        ],
        "parent": "seat5"
      },
      {
        "name": "steering",
        "pivot": [
          10,
          19,
          -12
        ],
        "cubes": [
          {
            "origin": [
              -10.0,
              19.0,
              -15.0
            ],
            "size": [
              1.0,
              1.0,
              8.0
            ],
            "uv": [
              0,
              358
            ],
            "inflate": 0
          },
          {
            "origin": [
              -13.0,
              17.0,
              -7.0
            ],
            "size": [
              1.0,
              5.0,
              1.0
            ],
            "uv": [
              6,
              386
            ],
            "inflate": 0
          },
          {
            "origin": [
              -7.0,
              17.0,
              -7.0
            ],
            "size": [
              1.0,
              5.0,
              1.0
            ],
            "uv": [
              22,
              386
            ],
            "inflate": 0
          },
          {
            "origin": [
              -12.0,
              19.0,
              -7.0
            ],
            "size": [
              5.0,
              2.0,
              1.0
            ],
            "uv": [
              100,
              382
            ],
            "inflate": 0
          }
        ],
        "parent": "hovercraft",
        "rotation": [
          20,
          0,
          0
        ]
      },
      {
        "name": "gears",
        "pivot": [
          0,
          13,
          -7
        ],
        "cubes": [
          {
            "origin": [
              0.0,
              13.0,
              -8.0
            ],
            "size": [
              1.0,
              5.0,
              1.0
            ],
            "uv": [
              18,
              386
            ],
            "inflate": 0
          },
          {
            "origin": [
              -1.0,
              18.0,
              -8.0
            ],
            "size": [
              3.0,
              1.0,
              1.0
            ],
            "uv": [
              10,
              388
            ],
            "inflate": 0
          }
        ],
        "parent": "hovercraft",
        "rotation": [
          -15,
          0,
          0
        ]
      },
      {
        "name": "pedal1",
        "pivot": [
          11,
          12,
          -10
        ],
        "cubes": [
          {
            "origin": [
              -10.0,
              12.0,
              -11.0
            ],
            "size": [
              2.0,
              4.0,
              1.0
            ],
            "uv": [
              0,
              386
            ],
            "inflate": 0
          }
        ],
        "parent": "hovercraft",
        "rotation": [
          15,
          0,
          0
        ]
      },
      {
        "name": "pedal2",
        "pivot": [
          11,
          12,
          -10
        ],
        "cubes": [
          {
            "origin": [
              -13.0,
              12.0,
              -11.0
            ],
            "size": [
              2.0,
              4.0,
              1.0
            ],
            "uv": [
              132,
              377
            ],
            "inflate": 0
          }
        ],
        "parent": "hovercraft",
        "rotation": [
          15,
          0,
          0
        ]
      },
      {
        "name": "bone",
        "pivot": [
          0,
          2,
          0
        ],
        "cubes": [
          {
            "origin": [
              -5.0,
              38.0,
              38.0
            ],
            "size": [
              8.0,
              1.0,
              1.0
            ],
            "uv": [
              0,
              371
            ],
            "inflate": 0
          },
          {
            "origin": [
              -8.0,
              36.0,
              38.0
            ],
            "size": [
              1.0,
              1.0,
              1.0
            ],
            "uv": [
              16,
              392
            ],
            "inflate": 0
          },
          {
            "origin": [
              -9.0,
              34.0,
              38.0
            ],
            "size": [
              1.0,
              2.0,
              1.0
            ],
            "uv": [
              64,
              386
            ],
            "inflate": 0
          },
          {
            "origin": [
              -7.0,
              37.0,
              38.0
            ],
            "size": [
              2.0,
              1.0,
              1.0
            ],
            "uv": [
              44,
              390
            ],
            "inflate": 0
          },
          {
            "origin": [
              -10.0,
              26.0,
              38.0
            ],
            "size": [
              1.0,
              8.0,
              1.0
            ],
            "uv": [
              120,
              377
            ],
            "inflate": 0
          },
          {
            "origin": [
              3.0,
              37.0,
              38.0
            ],
            "size": [
              2.0,
              1.0,
              1.0
            ],
            "uv": [
              34,
              388
            ],
            "inflate": 0
          },
          {
            "origin": [
              5.0,
              36.0,
              38.0
            ],
            "size": [
              1.0,
              1.0,
              1.0
            ],
            "uv": [
              0,
              392
            ],
            "inflate": 0
          },
          {
            "origin": [
              6.0,
              34.0,
              38.0
            ],
            "size": [
              1.0,
              2.0,
              1.0
            ],
            "uv": [
              60,
              386
            ],
            "inflate": 0
          },
          {
            "origin": [
              7.0,
              26.0,
              38.0
            ],
            "size": [
              1.0,
              8.0,
              1.0
            ],
            "uv": [
              124,
              377
            ],
            "inflate": 0
          },
          {
            "origin": [
              6.0,
              24.0,
              38.0
            ],
            "size": [
              1.0,
              2.0,
              1.0
            ],
            "uv": [
              56,
              386
            ],
            "inflate": 0
          },
          {
            "origin": [
              -9.0,
              24.0,
              38.0
            ],
            "size": [
              1.0,
              2.0,
              1.0
            ],
            "uv": [
              56,
              389
            ],
            "inflate": 0
          },
          {
            "origin": [
              -8.0,
              23.0,
              38.0
            ],
            "size": [
              1.0,
              1.0,
              1.0
            ],
            "uv": [
              36,
              392
            ],
            "inflate": 0
          },
          {
            "origin": [
              5.0,
              23.0,
              38.0
            ],
            "size": [
              1.0,
              1.0,
              1.0
            ],
            "uv": [
              52,
              392
            ],
            "inflate": 0
          },
          {
            "origin": [
              -7.0,
              22.0,
              38.0
            ],
            "size": [
              2.0,
              1.0,
              1.0
            ],
            "uv": [
              26,
              390
            ],
            "inflate": 0
          },
          {
            "origin": [
              3.0,
              22.0,
              38.0
            ],
            "size": [
              2.0,
              1.0,
              1.0
            ],
            "uv": [
              34,
              386
            ],
            "inflate": 0
          },
          {
            "origin": [
              -5.0,
              21.0,
              38.0
            ],
            "size": [
              8.0,
              1.0,
              1.0
            ],
            "uv": [
              0,
              373
            ],
            "inflate": 0
          },
          {
            "origin": [
              -3.0,
              29.0,
              38.0
            ],
            "size": [
              3.0,
              1.0,
              1.0
            ],
            "uv": [
              10,
              386
            ],
            "inflate": 0
          },
          {
            "origin": [
              -2.0,
              30.0,
              38.0
            ],
            "size": [
              1.0,
              1.0,
              1.0
            ],
            "uv": [
              32,
              392
            ],
            "inflate": 0
          },
          {
            "origin": [
              -2.0,
              28.0,
              38.0
            ],
            "size": [
              1.0,
              1.0,
              1.0
            ],
            "uv": [
              76,
              388
            ],
            "inflate": 0
          },
          {
            "origin": [
              -5.0,
              21.0,
              39.0
            ],
            "size": [
              1.0,
              1.0,
              5.0
            ],
            "uv": [
              30,
              371
            ],
            "inflate": 0
          },
          {
            "origin": [
              2.0,
              21.0,
              39.0
            ],
            "size": [
              1.0,
              1.0,
              5.0
            ],
            "uv": [
              94,
              371
            ],
            "inflate": 0
          },
          {
            "origin": [
              2.0,
              38.0,
              39.0
            ],
            "size": [
              1.0,
              1.0,
              5.0
            ],
            "uv": [
              82,
              371
            ],
            "inflate": 0
          },
          {
            "origin": [
              -5.0,
              38.0,
              39.0
            ],
            "size": [
              1.0,
              1.0,
              5.0
            ],
            "uv": [
              70,
              371
            ],
            "inflate": 0
          },
          {
            "origin": [
              -10.0,
              33.0,
              39.0
            ],
            "size": [
              1.0,
              1.0,
              5.0
            ],
            "uv": [
              58,
              371
            ],
            "inflate": 0
          },
          {
            "origin": [
              -10.0,
              26.0,
              39.0
            ],
            "size": [
              1.0,
              1.0,
              5.0
            ],
            "uv": [
              106,
              371
            ],
            "inflate": 0
          },
          {
            "origin": [
              7.0,
              26.0,
              39.0
            ],
            "size": [
              1.0,
              1.0,
              5.0
            ],
            "uv": [
              118,
              371
            ],
            "inflate": 0
          },
          {
            "origin": [
              7.0,
              33.0,
              39.0
            ],
            "size": [
              1.0,
              1.0,
              5.0
            ],
            "uv": [
              18,
              371
            ],
            "inflate": 0
          },
          {
            "origin": [
              -5.0,
              38.0,
              44.0
            ],
            "size": [
              8.0,
              1.0,
              1.0
            ],
            "uv": [
              0,
              375
            ],
            "inflate": 0
          },
          {
            "origin": [
              7.0,
              26.0,
              44.0
            ],
            "size": [
              1.0,
              8.0,
              1.0
            ],
            "uv": [
              112,
              377
            ],
            "inflate": 0
          },
          {
            "origin": [
              -10.0,
              26.0,
              44.0
            ],
            "size": [
              1.0,
              8.0,
              1.0
            ],
            "uv": [
              116,
              377
            ],
            "inflate": 0
          },
          {
            "origin": [
              -9.0,
              34.0,
              44.0
            ],
            "size": [
              1.0,
              2.0,
              1.0
            ],
            "uv": [
              68,
              386
            ],
            "inflate": 0
          },
          {
            "origin": [
              -8.0,
              36.0,
              44.0
            ],
            "size": [
              1.0,
              1.0,
              1.0
            ],
            "uv": [
              56,
              392
            ],
            "inflate": 0
          },
          {
            "origin": [
              -7.0,
              37.0,
              44.0
            ],
            "size": [
              2.0,
              1.0,
              1.0
            ],
            "uv": [
              50,
              386
            ],
            "inflate": 0
          },
          {
            "origin": [
              3.0,
              37.0,
              44.0
            ],
            "size": [
              2.0,
              1.0,
              1.0
            ],
            "uv": [
              50,
              388
            ],
            "inflate": 0
          },
          {
            "origin": [
              5.0,
              36.0,
              44.0
            ],
            "size": [
              1.0,
              1.0,
              1.0
            ],
            "uv": [
              68,
              392
            ],
            "inflate": 0
          },
          {
            "origin": [
              6.0,
              34.0,
              44.0
            ],
            "size": [
              1.0,
              2.0,
              1.0
            ],
            "uv": [
              60,
              389
            ],
            "inflate": 0
          },
          {
            "origin": [
              -5.0,
              21.0,
              44.0
            ],
            "size": [
              8.0,
              1.0,
              1.0
            ],
            "uv": [
              80,
              354
            ],
            "inflate": 0
          },
          {
            "origin": [
              -7.0,
              22.0,
              44.0
            ],
            "size": [
              2.0,
              1.0,
              1.0
            ],
            "uv": [
              50,
              390
            ],
            "inflate": 0
          },
          {
            "origin": [
              -8.0,
              23.0,
              44.0
            ],
            "size": [
              1.0,
              1.0,
              1.0
            ],
            "uv": [
              88,
              392
            ],
            "inflate": 0
          },
          {
            "origin": [
              -9.0,
              24.0,
              44.0
            ],
            "size": [
              1.0,
              2.0,
              1.0
            ],
            "uv": [
              64,
              389
            ],
            "inflate": 0
          },
          {
            "origin": [
              3.0,
              22.0,
              44.0
            ],
            "size": [
              2.0,
              1.0,
              1.0
            ],
            "uv": [
              34,
              390
            ],
            "inflate": 0
          },
          {
            "origin": [
              5.0,
              23.0,
              44.0
            ],
            "size": [
              1.0,
              1.0,
              1.0
            ],
            "uv": [
              100,
              392
            ],
            "inflate": 0
          },
          {
            "origin": [
              6.0,
              24.0,
              44.0
            ],
            "size": [
              1.0,
              2.0,
              1.0
            ],
            "uv": [
              68,
              389
            ],
            "inflate": 0
          },
          {
            "origin": [
              1.0,
              22.0,
              37.0
            ],
            "size": [
              1.0,
              16.0,
              1.0
            ],
            "uv": [
              76,
              354
            ],
            "inflate": 0
          },
          {
            "origin": [
              -4.0,
              22.0,
              37.0
            ],
            "size": [
              1.0,
              16.0,
              1.0
            ],
            "uv": [
              72,
              354
            ],
            "inflate": 0
          }
        ],
        "parent": "hovercraft"
      },
      {
        "name": "bone2",
        "pivot": [
          7,
          34,
          37
        ],
        "cubes": [
          {
            "origin": [
              7.0,
              33.0,
              37.0
            ],
            "size": [
              17.0,
              1.0,
              1.0
            ],
            "uv": [
              0,
              354
            ],
            "inflate": 0
          }
        ],
        "parent": "bone",
        "rotation": [
          0,
          -5,
          65
        ]
      },
      {
        "name": "bone3",
        "pivot": [
          -9,
          34,
          37
        ],
        "cubes": [
          {
            "origin": [
              -26.0,
              33.0,
              37.0
            ],
            "size": [
              17.0,
              1.0,
              1.0
            ],
            "uv": [
              0,
              356
            ],
            "inflate": 0
          }
        ],
        "parent": "bone",
        "rotation": [
          0,
          5,
          -70
        ]
      },
      {
        "name": "turbine",
        "pivot": [
          -1.5,
          29.5,
          38
        ],
        "cubes": [
          {
            "origin": [
              4.0,
              31.0,
              39.0
            ],
            "size": [
              1.0,
              1.0,
              4.0
            ],
            "uv": [
              10,
              377
            ],
            "inflate": 0
          },
          {
            "origin": [
              3.0,
              30.0,
              39.0
            ],
            "size": [
              1.0,
              1.0,
              4.0
            ],
            "uv": [
              20,
              377
            ],
            "inflate": 0
          },
          {
            "origin": [
              -4.0,
              31.0,
              42.0
            ],
            "size": [
              1.0,
              1.0,
              1.0
            ],
            "uv": [
              20,
              392
            ],
            "inflate": 0
          },
          {
            "origin": [
              -3.0,
              26.0,
              39.0
            ],
            "size": [
              1.0,
              1.0,
              1.0
            ],
            "uv": [
              72,
              390
            ],
            "inflate": 0
          },
          {
            "origin": [
              0.0,
              31.0,
              39.0
            ],
            "size": [
              1.0,
              1.0,
              1.0
            ],
            "uv": [
              44,
              392
            ],
            "inflate": 0
          },
          {
            "origin": [
              -1.0,
              26.0,
              39.0
            ],
            "size": [
              1.0,
              1.0,
              1.0
            ],
            "uv": [
              76,
              390
            ],
            "inflate": 0
          },
          {
            "origin": [
              1.0,
              30.0,
              39.0
            ],
            "size": [
              1.0,
              1.0,
              1.0
            ],
            "uv": [
              80,
              392
            ],
            "inflate": 0
          },
          {
            "origin": [
              -1.0,
              32.0,
              39.0
            ],
            "size": [
              1.0,
              1.0,
              1.0
            ],
            "uv": [
              40,
              392
            ],
            "inflate": 0
          },
          {
            "origin": [
              -4.0,
              27.0,
              39.0
            ],
            "size": [
              1.0,
              1.0,
              1.0
            ],
            "uv": [
              72,
              388
            ],
            "inflate": 0
          },
          {
            "origin": [
              -5.0,
              29.0,
              39.0
            ],
            "size": [
              7.0,
              1.0,
              1.0
            ],
            "uv": [
              42,
              371
            ],
            "inflate": 0
          },
          {
            "origin": [
              -3.0,
              32.0,
              39.0
            ],
            "size": [
              1.0,
              1.0,
              1.0
            ],
            "uv": [
              60,
              392
            ],
            "inflate": 0
          },
          {
            "origin": [
              1.0,
              28.0,
              39.0
            ],
            "size": [
              1.0,
              1.0,
              1.0
            ],
            "uv": [
              72,
              392
            ],
            "inflate": 0
          },
          {
            "origin": [
              -3.0,
              32.0,
              42.0
            ],
            "size": [
              3.0,
              1.0,
              1.0
            ],
            "uv": [
              26,
              386
            ],
            "inflate": 0
          },
          {
            "origin": [
              0.0,
              27.0,
              39.0
            ],
            "size": [
              1.0,
              1.0,
              1.0
            ],
            "uv": [
              48,
              392
            ],
            "inflate": 0
          },
          {
            "origin": [
              1.0,
              28.0,
              42.0
            ],
            "size": [
              1.0,
              3.0,
              1.0
            ],
            "uv": [
              40,
              386
            ],
            "inflate": 0
          },
          {
            "origin": [
              2.0,
              29.0,
              39.0
            ],
            "size": [
              1.0,
              1.0,
              4.0
            ],
            "uv": [
              70,
              377
            ],
            "inflate": 0
          },
          {
            "origin": [
              -4.0,
              35.0,
              39.0
            ],
            "size": [
              1.0,
              1.0,
              4.0
            ],
            "uv": [
              0,
              377
            ],
            "inflate": 0
          },
          {
            "origin": [
              -5.0,
              28.0,
              42.0
            ],
            "size": [
              1.0,
              3.0,
              1.0
            ],
            "uv": [
              44,
              386
            ],
            "inflate": 0
          },
          {
            "origin": [
              -4.0,
              31.0,
              39.0
            ],
            "size": [
              1.0,
              1.0,
              1.0
            ],
            "uv": [
              64,
              392
            ],
            "inflate": 0
          },
          {
            "origin": [
              -2.0,
              26.0,
              39.0
            ],
            "size": [
              1.0,
              7.0,
              1.0
            ],
            "uv": [
              128,
              377
            ],
            "inflate": 0
          },
          {
            "origin": [
              -5.0,
              28.0,
              39.0
            ],
            "size": [
              1.0,
              1.0,
              1.0
            ],
            "uv": [
              96,
              392
            ],
            "inflate": 0
          },
          {
            "origin": [
              -3.0,
              34.0,
              39.0
            ],
            "size": [
              1.0,
              1.0,
              4.0
            ],
            "uv": [
              142,
              371
            ],
            "inflate": 0
          },
          {
            "origin": [
              0.0,
              31.0,
              42.0
            ],
            "size": [
              1.0,
              1.0,
              1.0
            ],
            "uv": [
              12,
              392
            ],
            "inflate": 0
          },
          {
            "origin": [
              -3.0,
              26.0,
              42.0
            ],
            "size": [
              3.0,
              1.0,
              1.0
            ],
            "uv": [
              26,
              388
            ],
            "inflate": 0
          },
          {
            "origin": [
              -2.0,
              25.0,
              39.0
            ],
            "size": [
              1.0,
              1.0,
              4.0
            ],
            "uv": [
              90,
              377
            ],
            "inflate": 0
          },
          {
            "origin": [
              0.0,
              27.0,
              42.0
            ],
            "size": [
              1.0,
              1.0,
              1.0
            ],
            "uv": [
              24,
              392
            ],
            "inflate": 0
          },
          {
            "origin": [
              -5.0,
              30.0,
              39.0
            ],
            "size": [
              1.0,
              1.0,
              1.0
            ],
            "uv": [
              92,
              392
            ],
            "inflate": 0
          },
          {
            "origin": [
              -6.0,
              29.0,
              39.0
            ],
            "size": [
              1.0,
              1.0,
              4.0
            ],
            "uv": [
              100,
              377
            ],
            "inflate": 0
          },
          {
            "origin": [
              -2.0,
              33.0,
              39.0
            ],
            "size": [
              1.0,
              1.0,
              4.0
            ],
            "uv": [
              80,
              377
            ],
            "inflate": 0
          },
          {
            "origin": [
              -4.0,
              27.0,
              42.0
            ],
            "size": [
              1.0,
              1.0,
              1.0
            ],
            "uv": [
              28,
              392
            ],
            "inflate": 0
          },
          {
            "origin": [
              -7.0,
              28.0,
              39.0
            ],
            "size": [
              1.0,
              1.0,
              4.0
            ],
            "uv": [
              40,
              377
            ],
            "inflate": 0
          },
          {
            "origin": [
              0.0,
              23.0,
              39.0
            ],
            "size": [
              1.0,
              1.0,
              4.0
            ],
            "uv": [
              50,
              377
            ],
            "inflate": 0
          },
          {
            "origin": [
              -1.0,
              24.0,
              39.0
            ],
            "size": [
              1.0,
              1.0,
              4.0
            ],
            "uv": [
              60,
              377
            ],
            "inflate": 0
          },
          {
            "origin": [
              -8.0,
              27.0,
              39.0
            ],
            "size": [
              1.0,
              1.0,
              4.0
            ],
            "uv": [
              30,
              377
            ],
            "inflate": 0
          }
        ],
        "parent": "bone"
      }
    ]
  }
}
