{
  "format_version": "1.8.0",
  "animations": {
    "animation.mr_captain_head.scene": {
      "loop": true,
      "animation_length": 2,
      "bones": {
        "bone2": {
          "position": {
            "0.0": [
              0,
              0,
              0
            ],
            "0.5": [
              -0.4,
              -0.3,
              0
            ],
            "1.0": [
              -0.5,
              0.5,
              0
            ],
            "1.5": [
              0.8,
              0,
              0
            ],
            "2.0": [
              0,
              0,
              0
            ]
          }
        }
      }
    }
  }
}