{
  "format_version": "1.8.0",
  "animations": {
    "animation.mr_captain_arm.new": {
      "loop": true,
      "animation_length": 3,
      "bones": {
        "Arm": {
          "rotation": {
            "0.0": [
              0,
              0,
              0
            ],
            "1.5": [
              0,
              2.5,
              0
            ],
            "3.0": [
              0,
              0,
              0
            ]
          }
        },
        "bone": {
          "rotation": {
            "0.0": [
              0,
              0,
              0
            ],
            "1.5": [
              -1.95155,
              7.24305,
              -15.12353
            ],
            "3.0": [
              0,
              0,
              0
            ]
          }
        },
        "bone2": {
          "rotation": {
            "0.0": [
              0,
              0,
              0
            ],
            "1.5": [
              0,
              -7.5,
              0
            ],
            "3.0": [
              0,
              0,
              0
            ]
          }
        },
        "bone3": {
          "rotation": {
            "0.0": [
              0,
              0,
              0
            ],
            "1.5": [
              0,
              12.5,
              0
            ],
            "3.0": [
              0,
              0,
              0
            ]
          }
        }
      }
    }
  }
}