{
  "format_version": "1.8.0",
  "animations": {
    "animation.mr_jumbo_josh.walk": {
      "loop": true,
      "animation_length": 1,
      "bones": {
        "RightLeg": {
          "rotation": {
            "0.0": [
              -7.5,
              0,
              0
            ],
            "0.5": [
              10,
              0,
              0
            ],
            "1.0": [
              -7.5,
              0,
              0
            ]
          },
          "position": {
            "0.0": [
              0,
              0,
              -1
            ],
            "0.5": [
              0,
              0,
              1
            ],
            "0.75": [
              0,
              1,
              0
            ],
            "1.0": [
              0,
              0,
              -1
            ]
          }
        },
        "LeftLeg": {
          "rotation": {
            "0.0": [
              10,
              0,
              0
            ],
            "0.5": [
              -7.5,
              0,
              0
            ],
            "1.0": [
              10,
              0,
              0
            ]
          },
          "position": {
            "0.0": [
              0,
              0,
              1
            ],
            "0.25": [
              0,
              1,
              0
            ],
            "0.5": [
              0,
              0,
              -1
            ],
            "1.0": [
              0,
              0,
              1
            ]
          }
        },
        "Body": {
          "rotation": {
            "0.0": [
              0,
              2.5,
              0
            ],
            "0.25": [
              2.5,
              0,
              0
            ],
            "0.5": [
              0,
              -2.5,
              0
            ],
            "0.75": [
              2.5,
              0,
              0
            ],
            "1.0": [
              0,
              2.5,
              0
            ]
          },
          "position": {
            "0.0": [
              0,
              -1,
              0
            ],
            "0.25": [
              0,
              0,
              0
            ],
            "0.5": [
              0,
              -1,
              0
            ],
            "0.75": [
              0,
              0,
              0
            ],
            "1.0": [
              0,
              -1,
              0
            ]
          }
        },
        "RightArm": {
          "rotation": {
            "0.0": [
              2.5,
              0,
              0
            ],
            "0.5": [
              -2.50673,
              -4.88622,
              2.71603
            ],
            "1.0": [
              2.5,
              0,
              0
            ]
          }
        },
        "LeftArm": {
          "rotation": {
            "0.0": [
              -2.50673,
              4.88622,
              -2.71603
            ],
            "0.5": [
              2.5,
              0,
              0
            ],
            "1.0": [
              -2.50673,
              4.88622,
              -2.71603
            ]
          }
        },
        "Head": {
          "rotation": {
            "0.0": [
              2.5,
              0,
              0
            ],
            "0.25": [
              2.49762,
              -0.10901,
              2.49762
            ],
            "0.5": [
              2.5,
              0,
              0
            ],
            "0.75": [
              2.49762,
              0.10901,
              -2.49762
            ],
            "1.0": [
              2.5,
              0,
              0
            ]
          }
        }
      }
    }
  }
}