{
  "format_version": "1.8.0",
  "animations": {
    "animation.mr_zophius.general": {
      "loop": true,
      "animation_length": 3,
      "bones": {
        "Body": {
          "rotation": {
            "0.0": [
              0,
              0,
              0
            ],
            "1.5": [
              2.5,
              0,
              0
            ],
            "3.0": [
              0,
              0,
              0
            ]
          }
        },
        "bone": {
          "rotation": {
            "0.0": [
              0,
              0,
              0
            ],
            "1.5": [
              -2.49762,
              0.10901,
              2.49762
            ],
            "3.0": [
              0,
              0,
              0
            ]
          }
        },
        "bone2": {
          "rotation": {
            "0.0": [
              0,
              0,
              0
            ],
            "1.5": [
              2.49762,
              0.10901,
              -2.49762
            ],
            "3.0": [
              0,
              0,
              0
            ]
          }
        },
        "Head": {
          "rotation": {
            "0.0": [
              0,
              0,
              0
            ],
            "1.5": [
              0,
              0,
              2.5
            ],
            "3.0": [
              0,
              0,
              0
            ]
          }
        },
        "bone3": {
          "scale": {
            "0.0": [
              1,
              1,
              1
            ],
            "1.5": [
              1,
              1.1,
              1
            ],
            "3.0": [
              1,
              1,
              1
            ]
          }
        }
      }
    }
  }
}