{
	"format_version": "1.8.0",
	"animations": {
		"animation.pac_man_d.died": {
			"animation_length": 32,
			"bones": {
				"Waist": {
					"rotation": [-85, 0, 0],
					"position": [0, 6.8, -11]
				},
				"Body": {
					"rotation": {
						"0.0": [-30, 0, 0],
						"0.2833": [-30, 0, 0],
						"1.0333": [55, 0, 0]
					}
				},
				"Jaw": {
					"rotation": {
						"0.0": [30, 0, 0],
						"0.2833": [30, 0, 0],
						"1.0333": [-55, 0, 0]
					}
				},
				"Body2": {
					"position": {
						"1.2333": [0, 0, 0],
						"1.2833": [0, 0, 15]
					}
				}
			}
		}
	}
}