{
	"format_version": "1.8.0",
	"animations": {
		"animation.scardey_d.died": {
			"animation_length": 30,
			"bones": {
				"Body": {
					"rotation": {
						"0.0": [0, 0, 0],
						"1.0333": [450, 0, 0],
						"1.7667": [405, 0, 0],
						"2.0833": [450, 0, 0]
					},
					"position": {
						"0.0": [0, 20, 0],
						"0.5167": [0, -7, 0]
					}
				},
				"Lids": {
					"position": {
						"1.7667": [0, 0, 0],
						"1.9167": [0, 0, 0],
						"2.0833": [0, -2, 0]
					}
				},
				"Body2": {
					"rotation": {
						"0.0": [0, 0, 0],
						"1.0333": [450, 0, 0],
						"1.7667": [405, 0, 0],
						"2.0833": [450, 0, 0]
					},
					"position": {
						"0.0": [0, 20, 0],
						"0.5167": [0, -7, 0]
					}
				}
			}
		}
	}
}