{
  "root_panel": {
    "modifications": [
      {
        "array_name": "controls", 
        "operation": "insert_front", 
        "value": {
          "player_renderer3": {
            "type": "custom",
            "layer": 10,
            "renderer": "live_player_renderer",
            "size": [20, 20],
            "offset": [ -40, -1000 ],
            "anchor_from": "top_left",
            "anchor_to": "top_left"
          }
        }
      }
    ]
  }, 
  "hud_content": { "$hud_player_rend_desktop_offset|default": [ 15, 22 ] }, 
  "root_panel/chat_stack": { "offset": [ 0, 20 ] }
}