{
	"format_version": "1.12.0",
	"minecraft:geometry": [
		{
			"description": {
				"identifier": "geometry.ic_suitcase",
				"texture_width": 64,
				"texture_height": 64,
				"visible_bounds_width": 3,
				"visible_bounds_height": 1.5,
				"visible_bounds_offset": [0, 0.25, 0]
			},
			"bones": [
				{
					"name": "main",
					"pivot": [0, 0, -0.5],
					"cubes": [
						{"origin": [-8, 0, -5.5], "size": [16, 5, 14], "uv": [0, 0]},
						{"origin": [-3, 2, -8.5], "size": [6, 0, 3], "uv": [0, 19]}
					]
				}
			]
		}
	]
}