{
  "animation_controllers": {
    "controller.animation.cy_queen_bouncelia.attack": {
      "states": {
        "attack1": {
          "animations": [
            "attack"
          ],
          "blend_transition": 0.1,
          "transitions": [
            {
              "default": "query.all_animations_finished"
            }
          ]
        },
        "default": {
          "blend_transition": 0.1,
          "transitions": [
            {
              "attack1": "variable.attack_time \u003e 0"
            }
          ]
        }
      }
    },
    "controller.animation.cy_queen_bouncelia.general": {
      "initial_state": "moving",
      "states": {
        "moving": {
          "animations": [
            {
              "moving": "variable.move_speed"
            },
            {
              "bunzo_general": "variable.is_idling"
            }
          ],
          "blend_transition": 0.1,
          "variables": {
            "is_idling": {
              "input": "query.modified_move_speed",
              "remap_curve": {
                "0": 1,
                "1": 0
              }
            },
            "move_speed": {
              "input": "query.modified_move_speed",
              "remap_curve": {
                "0": 0,
                "1": 1
              }
            }
          }
        }
      }
    },
    "controller.animation.cy_queen_bouncelia.looking_at": {
      "states": {
        "default": {
          "animations": [
            "looking"
          ]
        }
      }
    }
  },
  "format_version": "1.10.0"
}