{
	"format_version": "1.12.0",
	"minecraft:geometry": [
		{
			"description": {
				"identifier": "geometry.ic_candle",
				"texture_width": 32,
				"texture_height": 32,
				"visible_bounds_width": 2,
				"visible_bounds_height": 2.5,
				"visible_bounds_offset": [0, 0.75, 0]
			},
			"bones": [
				{
					"name": "rightitem",
					"pivot": [0, 0, 0],
					"cubes": [
						{"origin": [-2, 0.75, -2], "size": [4, 1, 4], "uv": [0, 5]},
						{"origin": [-2, 1.75, -2], "size": [4, 1, 4], "uv": [0, 0]},
						{"origin": [-1.5, 0, -1.5], "size": [3, 1, 3], "uv": [8, 10]},
						{"origin": [0, 0, 1.5], "size": [0, 3, 2], "uv": [0, 3]}
					]
				},
				{
					"name": "candle_full",
					"parent": "rightitem",
					"pivot": [0, -1, 0],
					"cubes": [
						{"origin": [-1, 1.75, -1], "size": [2, 7, 2], "uv": [0, 10]},
						{"origin": [0, 8.25, -0.5], "size": [0, 1, 1], "pivot": [0, 8.75, 0], "rotation": [0, -30, 0], "uv": [0, 0]}
					]
				},
				{
					"name": "flame_1",
					"parent": "candle_full",
					"pivot": [0, 8.75, 0],
					"cubes": [
						{
							"origin": [0, 8.75, -1.5],
							"size": [0, 3, 3],
							"pivot": [0, 8.75, 0],
							"rotation": [0, -90, 0],
							"uv": {
								"north": {"uv": [30, 30], "uv_size": [0, 2]},
								"east": {"uv": [18, 20], "uv_size": [12, 12]},
								"south": {"uv": [32, 30], "uv_size": [0, 2]},
								"west": {"uv": [30, 30], "uv_size": [2, 2]},
								"up": {"uv": [30, 28], "uv_size": [0, 2]},
								"down": {"uv": [30, 30], "uv_size": [0, -2]}
							}
						}
					]
				}
			]
		}
	]
}