{
	"format_version": "1.12.0",
	"minecraft:geometry": [
		{
			"description": {
				"identifier": "geometry.ic_tablet",
				"texture_width": 128,
				"texture_height": 128,
				"visible_bounds_width": 2,
				"visible_bounds_height": 1.5,
				"visible_bounds_offset": [0, 0.25, 0]
			},
			"bones": [
				{
					"name": "rightitem",
					"pivot": [0, 0, 0]
				},
				{
					"name": "bg",
					"parent": "rightitem",
					"pivot": [0, 0, 0]
				},
				{
					"name": "main",
					"parent": "rightitem",
					"pivot": [0, 0, 0],
					"cubes": [
						{
							"origin": [-3, -2.5, -2],
							"size": [8, 6, 2],
							"uv": {
								"north": {"uv": [18, 20], "uv_size": [14, 12]},
								"east": {"uv": [0, 2], "uv_size": [2, 6]},
								"south": {"uv": [18, 8], "uv_size": [14, 12]},
								"west": {"uv": [10, 2], "uv_size": [2, 6]},
								"up": {"uv": [2, 0], "uv_size": [8, 2]},
								"down": {"uv": [10, 2], "uv_size": [8, -2]}
							}
						},
						{"origin": [-6, -2.5, -2], "size": [3, 6, 2], "uv": [0, 15]},
						{"origin": [-2.5, -2, -2], "size": [7, 5, 2], "uv": [0, 8]},
						{
							"origin": [-2.5, -2, -1],
							"size": [7, 5, 0],
							"pivot": [1, 0.5, -1],
							"rotation": [0, 180, 0],
							"uv": {
								"north": {"uv": [30, 58], "uv_size": [98, 70]},
								"east": {"uv": [114, 0], "uv_size": [0, 5]},
								"south": {"uv": [121, 0], "uv_size": [7, 5]},
								"west": {"uv": [121, 0], "uv_size": [0, 5]},
								"up": {"uv": [114, 0], "uv_size": [7, 0]},
								"down": {"uv": [121, 0], "uv_size": [7, 0]}
							}
						}
					]
				}
			]
		}
	]
}