{"format_version":"1.10.0","minecraft:client_entity":{"description":{"identifier":"yg:amanda","materials":{"default":"witch"},"textures":{"default":"textures/entity/yg_amanda"},"geometry":{"default":"geometry.yg_amanda"},"scripts":{"animate":["move","general","looking_at"]},"animations":{"general":"controller.animation.yg_amanda.general","gazo_general":"animation.yg_amanda.general","looking":"animation.yg_amanda.looking","looking_at":"controller.animation.yg_amanda.looking_at","move":"controller.animation.yg_amanda.move","moving":"animation.yg_amanda.move"},"render_controllers":["controller.render.witch"],"spawn_egg":{"base_color":"#E89023","overlay_color":"#704E27"}}}}