{"format_version":"1.10.0","minecraft:client_entity":{"description":{"identifier":"yg:amanda_monster","materials":{"default":"witch"},"textures":{"default":"textures/entity/yg_amanda_monster"},"geometry":{"default":"geometry.yg_amanda_monster"},"scripts":{"animate":["move","general","attack_controllers","looking_at"],"pre_animation":["variable.attack = Math.sin(variable.attack_time * 30.0);"]},"animations":{"attack":"animation.yg_amanda_monster.attack","attack_controllers":"controller.animation.yg_amanda_monster.attack","general":"controller.animation.yg_amanda_monster.general","gazo_general":"animation.yg_amanda_monster.general","looking":"animation.yg_amanda_monster.looking","looking_at":"controller.animation.yg_amanda_monster.looking_at","move":"controller.animation.yg_amanda_monster.move","moving":"animation.yg_amanda_monster.move"},"render_controllers":["controller.render.witch"],"spawn_egg":{"base_color":"#96A5A3","overlay_color":"#5D6A68"}}}}