{"format_version":"1.10.0","minecraft:client_entity":{"description":{"identifier":"yg:mr_butcher","materials":{"default":"witch"},"textures":{"default":"textures/entity/yg_mr_butcher"},"geometry":{"default":"geometry.yg_mr_butcher"},"scripts":{"animate":["move","general","attack_controllers","looking_at"],"pre_animation":["variable.attack = Math.sin(variable.attack_time * 30.0);"]},"animations":{"attack":"animation.yg_mr_butcher.attack","attack_controllers":"controller.animation.yg_mr_butcher.attack","general":"controller.animation.yg_mr_butcher.general","gazo_general":"animation.yg_mr_butcher.general","looking":"animation.yg_mr_butcher.looking","looking_at":"controller.animation.yg_mr_butcher.looking_at","move":"controller.animation.yg_mr_butcher.move","moving":"animation.yg_mr_butcher.move"},"render_controllers":["controller.render.witch"],"spawn_egg":{"base_color":"#AD2C2C","overlay_color":"#4845BA"}}}}