{"format_version":"1.10.0","minecraft:client_entity":{"description":{"identifier":"yg:wooly","materials":{"default":"witch"},"textures":{"default":"textures/entity/yg_wooly"},"geometry":{"default":"geometry.yg_wooly"},"scripts":{"animate":["move","general","looking_at"]},"animations":{"general":"controller.animation.yg_wooly.general","gazo_general":"animation.yg_wooly.general","looking":"animation.yg_wooly.looking","looking_at":"controller.animation.yg_wooly.looking_at","move":"controller.animation.yg_wooly.move","moving":"animation.yg_wooly.move"},"render_controllers":["controller.render.witch"],"spawn_egg":{"base_color":"#EEEEEE","overlay_color":"#202020"}}}}