{
  "format_version": "1.10.0",
  "animation_controllers": {
    "controller.animation.kimetsu_kimono_nezuko": {
      "states": {
        "default": {
          "transitions": [
            {
              "walking": "(1.0)"
            }
          ],
          "on_entry": [
            "/function kimetsu_kimono_nezuko"
          ]
        },
        "walking": {
          "transitions": [
            {
              "default": "query.get_equipped_item_name=='kimono_nezuko' && query.is_using_item"
            }
          ],
          "on_entry": [
            "/function kimetsu_kimono_nezuko"
          ]
        }
      }
    }
  }
}