{
  "format_version": "1.10.0",
  "animation_controllers": {
    "controller.animation.kimetsu_yoriichi_head": {
      "states": {
        "default": {
          "transitions": [
            {
              "walking": "(1.0)"
            }
          ],
          "on_entry": [
            "/function kimetsu_yoriichi_head"
          ]
        },
        "walking": {
          "transitions": [
            {
              "default": "query.get_equipped_item_name=='yoriichi_head' && query.is_using_item"
            }
          ],
          "on_entry": [
            "/function kimetsu_yoriichi_head"
          ]
        }
      }
    }
  }
}