{
	"format_version": "1.12.0",
	"minecraft:geometry": [
		{
			"description": {
				"identifier": "geometry.jumbo_josh",
				"texture_width": 64,
				"texture_height": 64,
				"visible_bounds_width": 4,
				"visible_bounds_height": 4,
				"visible_bounds_offset": [
					0,
					1,
					0
				]
			},
			"bones": [
				{
					"name": "jumbo_josh",
					"pivot": [
						0,
						0,
						0
					]
				},
				{
					"name": "larm",
					"parent": "jumbo_josh",
					"pivot": [
						5,
						22.75,
						0.5
					],
					"cubes": [
						{
							"origin": [
								5,
								13,
								-2
							],
							"size": [
								2.25,
								10,
								5
							],
							"uv": [
								48,
								48
							]
						}
					]
				},
				{
					"name": "larm2",
					"parent": "larm",
					"pivot": [
						7,
						12.75,
						0.5
					],
					"cubes": [
						{
							"origin": [
								5,
								2,
								-2
							],
							"size": [
								3,
								11,
								5
							],
							"uv": [
								34,
								6
							]
						},
						{
							"origin": [
								5.06989,
								1.10545,
								-2
							],
							"size": [
								3,
								1,
								5
							],
							"pivot": [
								7.5,
								2,
								0.5
							],
							"rotation": [
								0,
								0,
								-12.5
							],
							"uv": [
								33,
								28
							]
						}
					]
				},
				{
					"name": "rarm",
					"parent": "jumbo_josh",
					"pivot": [
						-5,
						22.75,
						0.5
					],
					"cubes": [
						{
							"origin": [
								-7.25,
								13,
								-2
							],
							"size": [
								2.25,
								10,
								5
							],
							"uv": [
								50,
								1
							]
						}
					]
				},
				{
					"name": "rarm2",
					"parent": "rarm",
					"pivot": [
						-7,
						11.75,
						0.5
					],
					"cubes": [
						{
							"origin": [
								-8,
								2,
								-2
							],
							"size": [
								3,
								11,
								5
							],
							"uv": [
								37,
								37
							]
						},
						{
							"origin": [
								-7.75,
								1.5,
								-2
							],
							"size": [
								3,
								1,
								5
							],
							"pivot": [
								-7.75,
								2.5,
								0.5
							],
							"rotation": [
								0,
								0,
								22.5
							],
							"uv": [
								44,
								29
							]
						}
					]
				},
				{
					"name": "rleg",
					"parent": "jumbo_josh",
					"pivot": [
						-3,
						6,
						0.5
					],
					"cubes": [
						{
							"origin": [
								-5,
								0,
								-2.5
							],
							"size": [
								4,
								6,
								6
							],
							"uv": [
								20,
								47
							]
						}
					]
				},
				{
					"name": "lleg",
					"parent": "jumbo_josh",
					"pivot": [
						3,
						6,
						0.5
					],
					"cubes": [
						{
							"origin": [
								1,
								0,
								-2.5
							],
							"size": [
								4,
								6,
								6
							],
							"uv": [
								0,
								42
							]
						}
					]
				},
				{
					"name": "head",
					"parent": "jumbo_josh",
					"pivot": [
						0,
						24,
						1
					],
					"cubes": [
						{
							"origin": [
								-6,
								24,
								-4
							],
							"size": [
								12,
								8,
								9
							],
							"uv": [
								0,
								25
							]
						},
						{
							"origin": [
								1.75,
								27.75,
								-4.5
							],
							"size": [
								3.25,
								3.25,
								1.25
							],
							"pivot": [
								4,
								29,
								-4.25
							],
							"rotation": [
								-5.23116,
								4.75756,
								-2.9359
							],
							"uv": [
								0,
								29
							]
						},
						{
							"origin": [
								-5,
								27.75,
								-4.5
							],
							"size": [
								3.25,
								3.25,
								1.25
							],
							"pivot": [
								-3,
								29,
								-4.25
							],
							"rotation": [
								2.27522,
								-2.70615,
								4.89169
							],
							"uv": [
								0,
								25
							]
						},
						{
							"origin": [
								-4.5,
								28,
								-4.75
							],
							"size": [
								2.25,
								2.25,
								1.5
							],
							"pivot": [
								-3,
								28.75,
								-5.25
							],
							"rotation": [
								7.52832,
								-4.95712,
								-0.65426
							],
							"uv": [
								0,
								3
							]
						},
						{
							"origin": [
								2.25,
								28,
								-4.75
							],
							"size": [
								2.25,
								2.25,
								1.5
							],
							"pivot": [
								4,
								28.75,
								-5.25
							],
							"rotation": [
								5.019,
								4.98093,
								0.43688
							],
							"uv": [
								0,
								0
							]
						},
						{
							"origin": [
								-5.75,
								24.25,
								-4.25
							],
							"size": [
								11.5,
								3.25,
								3.25
							],
							"uv": [
								33,
								22
							]
						},
						{
							"origin": [
								-5.75,
								24.25,
								-3.25
							],
							"size": [
								11.5,
								3.25,
								3.25
							],
							"uv": [
								27,
								0
							]
						}
					]
				},
				{
					"name": "body",
					"parent": "jumbo_josh",
					"pivot": [
						0,
						23,
						0.5
					],
					"cubes": [
						{
							"origin": [
								-5,
								6,
								-3
							],
							"size": [
								10,
								18,
								7
							],
							"uv": [
								0,
								0
							]
						}
					]
				}
			]
		}
	]
}