{
  "format_version": "1.10.0",
  "minecraft:client_entity": {
    "description": {
      "identifier": "max:opila_burd_blue_car",
      "textures": {
        "default": "textures/entity/pamobile/max_opila_burd_blue_car"
      },
      "materials": {
        "default": "skeleton"
      },
      "geometry": {
        "default": "geometry.max_opila_burd_blue_car"
      },
      "render_controllers": [
        "controller.render.translucence"
      ],
      "spawn_egg": {
        "texture": "max:opila_burd_blue_car",
        "texture_index": 0
      },
      "animations": {
        "walk": "ld_opila.move",
        "idle": "ld opila.general"
      },
      "scripts": {
        "animate": [
          "root",
          {
            "walk": "query.is_moving"
          },
          {
            "idle": "!query.is_moving"
          }
        ]
      }
    }
  }
}