{
  "format_version": "1.8.0",
  "minecraft:client_entity": {
    "description": {
      "identifier": "max:banban",
      "min_engine_version": "1.8.0",
      "materials": {
        "default": "witch"
      },
      "textures": {
        "default": "textures/entity/pamobile/max_banban"
      },
      "geometry": {
        "default": "geometry.max_banban"
      },
      "scripts": {
        "scale": "0.9375"
      },
      "animations": {
        "villager_general": "animation.banban.general",
        "look_at_target": "animation.banban.look",
        "move": "banban.walk",
        "general": "animation.banban.general"
      },
      "animation_controllers": [
        {
          "general": "controller.animation.max_banban.general"
        },
        {
          "move": "controller.animation.villager.move"
        }
      ],
      "render_controllers": [
        "controller.render.witch"
      ],
      "spawn_egg": {
        "texture": "max:banban",
        "texture_index": 0
      }
    }
  }
}