{
  "format_version": "1.10.0",
  "minecraft:client_entity": {
    "description": {
      "identifier": "mr:drone_on",
      "materials": {
        "default": "iron_golem"
      },
      "textures": {
        "default": "textures/entity/pamobile/mr_drone_on"
      },
      "geometry": {
        "default": "geometry.mr_drone_on"
      },
      "spawn_egg": {
        "texture": "mr:drone_on",
        "texture_index": 0
      },
      "animations": {
        "walk_to_target": "animation.mr_drone_on.new",
        "attack": "animation.mr_drone_on.new",
        "flower": "animation.mr_drone_on.new",
        "look_at_target": "animation.mr_drone_on.new",
        "move_to_target": "animation.mr_drone_on.new",
        "move": "animation.mr_drone_on.new",
        "move_controller": "animation.mr_drone_on.new",
        "arm_controller": "animation.mr_drone_on.new",
        "walk": "animation.mr_drone_on.new"
      },
      "scripts": {
        "animate": [
          "look_at_target",
          "move_controller",
          "arm_controller"
        ],
        "pre_animation": [
          "variable.modified_tcos0 = Math.clamp(((Math.cos(query.modified_distance_moved * 13.5) * Math.min(query.modified_move_speed, 0.6) / variable.gliding_speed_value) * 25.0), -12.5, 12.5);"
        ]
      },
      "render_controllers": [
        "controller.render.iron_golem"
      ]
    }
  }
}