{
  "format_version": "1.10.0",
  "minecraft:client_entity": {
    "description": {
      "identifier": "ic:dupe",
      "textures": {
        "default": "textures/entity/ic_dupe"
      },
      "materials": {
        "default": "entity_emissive_alpha"
      },
      "geometry": {
        "default": "geometry.ic_dupe"
      },
      "spawn_egg": {
        "texture": "ic:dupe",
        "texture_index": 0
      },
      "render_controllers": [
        "controller.render.default"
      ],
      "animations": {
        "idle": "animation.dupe.stationary",
        "banish": "animation.ic_entity.banished"
      },
      "scripts": {
        "animate": [
        "idle",
        {"banish" : "query.is_riding"}
        ]
      }
    }
  }
}