{
  "format_version": "1.10.0",
  "minecraft:client_entity": {
    "description": {
      "identifier": "ic:goblino",
      "textures": {
        "default": "textures/entity/ic_goblino"
      },
      "materials": {
        "default": "entity_emissive_alpha"
      },
      "geometry": {
        "default": "geometry.ic_goblino"
      },
      "render_controllers": [
        "controller.render.default"
      ],
      "spawn_egg": {
        "texture": "ic:goblino",
        "texture_index": 0
      },
      "animations": {
      "head" : "animation.entity.look_at_target.default",
        "walk": "animation.ic_goblino.move",
        "idle": "animation.ic_goblino.idle",
        "goblino_controls" : "controller.animation.ic_goblino"
      },
      "scripts": {
        "animate": [
        "head",
          "goblino_controls"
        ]
      }
    }
  }
}