{
  "format_version": "1.10.0",
  "minecraft:client_entity": {
    "description": {
      "identifier": "ic:jeff",
      "textures": {
        "default": "textures/entity/ic_jeff"
      },
      "animations": {
        "jeff_anim": "animation.ic_jeff.idle",
        "jeff_sound": "animation.ic_jeff.idle_sound",
        "jeff_anim2": "animation.ic_jeff.idle2"
      },
      "scripts": {
        "animate": [
        "jeff_sound",
            "jeff_anim",
            "jeff_anim2" 
        ]
      }, 
      "sound_effects": {
        "jeff": "mob.jeff.chill"
      },
      "materials": {
        "default": "entity_emissive_alpha"
      },
      "spawn_egg": {
        "texture": "ic:jeff",
        "texture_index": 0
      },
      "render_controllers": [
        "controller.render.default"
      ],
      "geometry": {
        "default": "geometry.ic_jeff"
      }
    }
  }
}