{"mob.yg_zero.ambient":{"category":" neutral","max_distance":80,"sounds":["sounds/mob/0"]},"mob.yg_one.ambient":{"category":" neutral","max_distance":80,"sounds":["sounds/mob/1"]},"mob.yg_two.ambient":{"category":" neutral","max_distance":80,"sounds":["sounds/mob/2"]},"mob.yg_three.ambient":{"category":" neutral","max_distance":80,"sounds":["sounds/mob/3"]},"mob.yg_four.ambient":{"category":" neutral","max_distance":80,"sounds":["sounds/mob/4"]},"mob.yg_five.ambient":{"category":" neutral","max_distance":80,"sounds":["sounds/mob/5"]},"mob.yg_six.ambient":{"category":" neutral","max_distance":80,"sounds":["sounds/mob/6"]},"mob.yg_seven.ambient":{"category":" neutral","max_distance":80,"sounds":["sounds/mob/7"]},"mob.yg_eight.ambient":{"category":" neutral","max_distance":80,"sounds":["sounds/mob/8"]},"mob.yg_nine.ambient":{"category":" neutral","max_distance":80,"sounds":["sounds/mob/9"]},"mob.yg_ten.ambient":{"category":" neutral","max_distance":80,"sounds":["sounds/mob/10"]}}