{
	"file_path": "C:\\Users\\user\\AppData\\Local\\Packages\\Microsoft.MinecraftUWP_8wekyb3d8bbwe\\LocalState\\games\\com.mojang\\development_behavior_packs\\Door Plus(MALISIS DOORS) BP\\animation_controllers\\bridge\\commands_Acacia_Door_Rotada.json",
	"file_type": "animation_controller",
	"format_version": 1,
	"file_uuid": "b36ca29c_61ad_4ed9_9106_2a8fe9ed2e6f",
	"file_version": 1,
	"cache_content": {
		"children": [
			{
				"data": "1.10.0",
				"key": "format_version"
			},
			{
				"open": {
					"format_version": "1.10.0",
					"animation_controllers": {
						"controller.animation.bridge_Acacia_Door_Rotada.execute_commands": {
							"states": {
								"default": {
									"transitions": [
										{
											"execute_command_id_5": "query.skin_id == 5"
										},
										{
											"execute_command_id_4": "query.skin_id == 4"
										},
										{
											"execute_command_id_3": "query.skin_id == 3"
										},
										{
											"execute_command_id_2": "query.skin_id == 2"
										},
										{
											"execute_command_id_1": "query.skin_id == 1"
										}
									]
								},
								"execute_command_id_1": {
									"transitions": [
										{
											"default": "query.skin_id != 1"
										}
									],
									"on_entry": [
										"/fill ~ ~ ~1 ~ ~2 ~-1 air",
										"/playsound random.door_open @a ~ ~ ~",
										"@s bridge:remove_command_id_1"
									]
								},
								"execute_command_id_2": {
									"transitions": [
										{
											"default": "query.skin_id != 2"
										}
									],
									"on_entry": [
										"/fill ~ ~ ~1 ~ ~2 ~-1 air",
										"/playsound random.door_open @a ~ ~ ~",
										"@s bridge:remove_command_id_2"
									]
								},
								"execute_command_id_3": {
									"transitions": [
										{
											"default": "query.skin_id != 3"
										}
									],
									"on_entry": [
										"/fill ~ ~ ~1 ~ ~2 ~1 barrier",
										"/fill ~ ~ ~-1 ~ ~2 ~-1 barrier",
										"/playsound random.door_close @a ~ ~ ~",
										"@s bridge:remove_command_id_3"
									]
								},
								"execute_command_id_4": {
									"transitions": [
										{
											"default": "query.skin_id != 4"
										}
									],
									"on_entry": [
										"/fill ~ ~ ~1 ~ ~2 ~-1 air",
										"/playsound random.door_open @a ~ ~ ~",
										"@s bridge:remove_command_id_4"
									]
								},
								"execute_command_id_5": {
									"transitions": [
										{
											"default": "query.skin_id != 5"
										}
									],
									"on_entry": [
										"/fill ~ ~ ~1 ~ ~2 ~1 barrier",
										"/fill ~ ~ ~-1 ~ ~2 ~-1 barrier",
										"/playsound random.door_close @a ~ ~ ~",
										"@s bridge:remove_command_id_5"
									]
								}
							}
						}
					}
				},
				"key": "animation_controllers",
				"children": [
					{
						"open": {
							"controller.animation.bridge_Acacia_Door_Rotada.execute_commands": {
								"states": {
									"default": {
										"transitions": [
											{
												"execute_command_id_5": "query.skin_id == 5"
											},
											{
												"execute_command_id_4": "query.skin_id == 4"
											},
											{
												"execute_command_id_3": "query.skin_id == 3"
											},
											{
												"execute_command_id_2": "query.skin_id == 2"
											},
											{
												"execute_command_id_1": "query.skin_id == 1"
											}
										]
									},
									"execute_command_id_1": {
										"transitions": [
											{
												"default": "query.skin_id != 1"
											}
										],
										"on_entry": [
											"/fill ~ ~ ~1 ~ ~2 ~-1 air",
											"/playsound random.door_open @a ~ ~ ~",
											"@s bridge:remove_command_id_1"
										]
									},
									"execute_command_id_2": {
										"transitions": [
											{
												"default": "query.skin_id != 2"
											}
										],
										"on_entry": [
											"/fill ~ ~ ~1 ~ ~2 ~-1 air",
											"/playsound random.door_open @a ~ ~ ~",
											"@s bridge:remove_command_id_2"
										]
									},
									"execute_command_id_3": {
										"transitions": [
											{
												"default": "query.skin_id != 3"
											}
										],
										"on_entry": [
											"/fill ~ ~ ~1 ~ ~2 ~1 barrier",
											"/fill ~ ~ ~-1 ~ ~2 ~-1 barrier",
											"/playsound random.door_close @a ~ ~ ~",
											"@s bridge:remove_command_id_3"
										]
									},
									"execute_command_id_4": {
										"transitions": [
											{
												"default": "query.skin_id != 4"
											}
										],
										"on_entry": [
											"/fill ~ ~ ~1 ~ ~2 ~-1 air",
											"/playsound random.door_open @a ~ ~ ~",
											"@s bridge:remove_command_id_4"
										]
									},
									"execute_command_id_5": {
										"transitions": [
											{
												"default": "query.skin_id != 5"
											}
										],
										"on_entry": [
											"/fill ~ ~ ~1 ~ ~2 ~1 barrier",
											"/fill ~ ~ ~-1 ~ ~2 ~-1 barrier",
											"/playsound random.door_close @a ~ ~ ~",
											"@s bridge:remove_command_id_5"
										]
									}
								}
							}
						},
						"key": "controller.animation.bridge_Acacia_Door_Rotada.execute_commands",
						"is_minified": true,
						"children": {
							"states": {
								"default": {
									"transitions": [
										{
											"execute_command_id_5": "query.skin_id == 5"
										},
										{
											"execute_command_id_4": "query.skin_id == 4"
										},
										{
											"execute_command_id_3": "query.skin_id == 3"
										},
										{
											"execute_command_id_2": "query.skin_id == 2"
										},
										{
											"execute_command_id_1": "query.skin_id == 1"
										}
									]
								},
								"execute_command_id_1": {
									"transitions": [
										{
											"default": "query.skin_id != 1"
										}
									],
									"on_entry": [
										"/fill ~ ~ ~1 ~ ~2 ~-1 air",
										"/playsound random.door_open @a ~ ~ ~",
										"@s bridge:remove_command_id_1"
									]
								},
								"execute_command_id_2": {
									"transitions": [
										{
											"default": "query.skin_id != 2"
										}
									],
									"on_entry": [
										"/fill ~ ~ ~1 ~ ~2 ~-1 air",
										"/playsound random.door_open @a ~ ~ ~",
										"@s bridge:remove_command_id_2"
									]
								},
								"execute_command_id_3": {
									"transitions": [
										{
											"default": "query.skin_id != 3"
										}
									],
									"on_entry": [
										"/fill ~ ~ ~1 ~ ~2 ~1 barrier",
										"/fill ~ ~ ~-1 ~ ~2 ~-1 barrier",
										"/playsound random.door_close @a ~ ~ ~",
										"@s bridge:remove_command_id_3"
									]
								},
								"execute_command_id_4": {
									"transitions": [
										{
											"default": "query.skin_id != 4"
										}
									],
									"on_entry": [
										"/fill ~ ~ ~1 ~ ~2 ~-1 air",
										"/playsound random.door_open @a ~ ~ ~",
										"@s bridge:remove_command_id_4"
									]
								},
								"execute_command_id_5": {
									"transitions": [
										{
											"default": "query.skin_id != 5"
										}
									],
									"on_entry": [
										"/fill ~ ~ ~1 ~ ~2 ~1 barrier",
										"/fill ~ ~ ~-1 ~ ~2 ~-1 barrier",
										"/playsound random.door_close @a ~ ~ ~",
										"@s bridge:remove_command_id_5"
									]
								}
							}
						}
					}
				]
			}
		]
	}
}