{
	"file_path": "C:\\Users\\user\\AppData\\Local\\Packages\\Microsoft.MinecraftUWP_8wekyb3d8bbwe\\LocalState\\games\\com.mojang\\minecraftWorlds\\a51dX4kRAQA=\\behavior_packs\\Door_PlusMALISIS_DOORS\\animation_controllers\\bridge\\commands_Birch_Door.json",
	"file_type": "animation_controller",
	"format_version": 1,
	"file_uuid": "55f29f4a_15ec_4f17_b2e5_9241cd029670",
	"file_version": 2,
	"cache_content": {
		"children": [
			{
				"data": "1.10.0",
				"key": "format_version"
			},
			{
				"open": {
					"format_version": "1.10.0",
					"animation_controllers": {
						"controller.animation.bridge_Birch_Door.execute_commands": {
							"states": {
								"default": {
									"transitions": [
										{
											"execute_command_id_5": "query.skin_id == 5"
										},
										{
											"execute_command_id_4": "query.skin_id == 4"
										},
										{
											"execute_command_id_3": "query.skin_id == 3"
										},
										{
											"execute_command_id_2": "query.skin_id == 2"
										},
										{
											"execute_command_id_1": "query.skin_id == 1"
										}
									]
								},
								"execute_command_id_1": {
									"transitions": [
										{
											"default": "query.skin_id != 1"
										}
									],
									"on_entry": [
										"/fill ~1 ~ ~ ~-1 ~2 ~ air",
										"/playsound random.door_close @a ~ ~ ~",
										"@s bridge:remove_command_id_1"
									]
								},
								"execute_command_id_2": {
									"transitions": [
										{
											"default": "query.skin_id != 2"
										}
									],
									"on_entry": [
										"/fill ~1 ~ ~ ~1 ~2 ~ air",
										"/fill ~-1 ~ ~ ~-1 ~2 ~ air",
										"/playsound random.door_close @a ~ ~ ~",
										"@s bridge:remove_command_id_2"
									]
								},
								"execute_command_id_3": {
									"transitions": [
										{
											"default": "query.skin_id != 3"
										}
									],
									"on_entry": [
										"/fill ~1 ~ ~ ~1 ~2 ~ barrier",
										"/fill ~-1 ~ ~ ~-1 ~2 ~ barrier",
										"/playsound random.door_close @a ~ ~ ~",
										"@s bridge:remove_command_id_3"
									]
								},
								"execute_command_id_4": {
									"transitions": [
										{
											"default": "query.skin_id != 4"
										}
									],
									"on_entry": [
										"/playsound random.door_close @a ~ ~ ~",
										"/fill ~1 ~ ~ ~-1 ~2 ~ air",
										"@s bridge:remove_command_id_4"
									]
								},
								"execute_command_id_5": {
									"transitions": [
										{
											"default": "query.skin_id != 5"
										}
									],
									"on_entry": [
										"/fill ~1 ~ ~ ~1 ~2 ~ barrier",
										"/fill ~-1 ~ ~ ~-1 ~2 ~ barrier",
										"/playsound random.door_close @a ~ ~ ~",
										"@s bridge:remove_command_id_5"
									]
								}
							}
						}
					}
				},
				"key": "animation_controllers",
				"children": [
					{
						"open": {
							"controller.animation.bridge_Birch_Door.execute_commands": {
								"states": {
									"default": {
										"transitions": [
											{
												"execute_command_id_5": "query.skin_id == 5"
											},
											{
												"execute_command_id_4": "query.skin_id == 4"
											},
											{
												"execute_command_id_3": "query.skin_id == 3"
											},
											{
												"execute_command_id_2": "query.skin_id == 2"
											},
											{
												"execute_command_id_1": "query.skin_id == 1"
											}
										]
									},
									"execute_command_id_1": {
										"transitions": [
											{
												"default": "query.skin_id != 1"
											}
										],
										"on_entry": [
											"/fill ~1 ~ ~ ~-1 ~2 ~ air",
											"/playsound random.door_close @a ~ ~ ~",
											"@s bridge:remove_command_id_1"
										]
									},
									"execute_command_id_2": {
										"transitions": [
											{
												"default": "query.skin_id != 2"
											}
										],
										"on_entry": [
											"/fill ~1 ~ ~ ~1 ~2 ~ air",
											"/fill ~-1 ~ ~ ~-1 ~2 ~ air",
											"/playsound random.door_close @a ~ ~ ~",
											"@s bridge:remove_command_id_2"
										]
									},
									"execute_command_id_3": {
										"transitions": [
											{
												"default": "query.skin_id != 3"
											}
										],
										"on_entry": [
											"/fill ~1 ~ ~ ~1 ~2 ~ barrier",
											"/fill ~-1 ~ ~ ~-1 ~2 ~ barrier",
											"/playsound random.door_close @a ~ ~ ~",
											"@s bridge:remove_command_id_3"
										]
									},
									"execute_command_id_4": {
										"transitions": [
											{
												"default": "query.skin_id != 4"
											}
										],
										"on_entry": [
											"/playsound random.door_close @a ~ ~ ~",
											"/fill ~1 ~ ~ ~-1 ~2 ~ air",
											"@s bridge:remove_command_id_4"
										]
									},
									"execute_command_id_5": {
										"transitions": [
											{
												"default": "query.skin_id != 5"
											}
										],
										"on_entry": [
											"/fill ~1 ~ ~ ~1 ~2 ~ barrier",
											"/fill ~-1 ~ ~ ~-1 ~2 ~ barrier",
											"/playsound random.door_close @a ~ ~ ~",
											"@s bridge:remove_command_id_5"
										]
									}
								}
							}
						},
						"key": "controller.animation.bridge_Birch_Door.execute_commands",
						"children": [
							{
								"open": {
									"states": {
										"default": {
											"transitions": [
												{
													"execute_command_id_5": "query.skin_id == 5"
												},
												{
													"execute_command_id_4": "query.skin_id == 4"
												},
												{
													"execute_command_id_3": "query.skin_id == 3"
												},
												{
													"execute_command_id_2": "query.skin_id == 2"
												},
												{
													"execute_command_id_1": "query.skin_id == 1"
												}
											]
										},
										"execute_command_id_1": {
											"transitions": [
												{
													"default": "query.skin_id != 1"
												}
											],
											"on_entry": [
												"/fill ~1 ~ ~ ~-1 ~2 ~ air",
												"/playsound random.door_close @a ~ ~ ~",
												"@s bridge:remove_command_id_1"
											]
										},
										"execute_command_id_2": {
											"transitions": [
												{
													"default": "query.skin_id != 2"
												}
											],
											"on_entry": [
												"/fill ~1 ~ ~ ~1 ~2 ~ air",
												"/fill ~-1 ~ ~ ~-1 ~2 ~ air",
												"/playsound random.door_close @a ~ ~ ~",
												"@s bridge:remove_command_id_2"
											]
										},
										"execute_command_id_3": {
											"transitions": [
												{
													"default": "query.skin_id != 3"
												}
											],
											"on_entry": [
												"/fill ~1 ~ ~ ~1 ~2 ~ barrier",
												"/fill ~-1 ~ ~ ~-1 ~2 ~ barrier",
												"/playsound random.door_close @a ~ ~ ~",
												"@s bridge:remove_command_id_3"
											]
										},
										"execute_command_id_4": {
											"transitions": [
												{
													"default": "query.skin_id != 4"
												}
											],
											"on_entry": [
												"/playsound random.door_close @a ~ ~ ~",
												"/fill ~1 ~ ~ ~-1 ~2 ~ air",
												"@s bridge:remove_command_id_4"
											]
										},
										"execute_command_id_5": {
											"transitions": [
												{
													"default": "query.skin_id != 5"
												}
											],
											"on_entry": [
												"/fill ~1 ~ ~ ~1 ~2 ~ barrier",
												"/fill ~-1 ~ ~ ~-1 ~2 ~ barrier",
												"/playsound random.door_close @a ~ ~ ~",
												"@s bridge:remove_command_id_5"
											]
										}
									}
								},
								"key": "states",
								"children": [
									{
										"open": {
											"default": {
												"transitions": [
													{
														"execute_command_id_5": "query.skin_id == 5"
													},
													{
														"execute_command_id_4": "query.skin_id == 4"
													},
													{
														"execute_command_id_3": "query.skin_id == 3"
													},
													{
														"execute_command_id_2": "query.skin_id == 2"
													},
													{
														"execute_command_id_1": "query.skin_id == 1"
													}
												]
											},
											"execute_command_id_1": {
												"transitions": [
													{
														"default": "query.skin_id != 1"
													}
												],
												"on_entry": [
													"/fill ~1 ~ ~ ~-1 ~2 ~ air",
													"/playsound random.door_close @a ~ ~ ~",
													"@s bridge:remove_command_id_1"
												]
											},
											"execute_command_id_2": {
												"transitions": [
													{
														"default": "query.skin_id != 2"
													}
												],
												"on_entry": [
													"/fill ~1 ~ ~ ~1 ~2 ~ air",
													"/fill ~-1 ~ ~ ~-1 ~2 ~ air",
													"/playsound random.door_close @a ~ ~ ~",
													"@s bridge:remove_command_id_2"
												]
											},
											"execute_command_id_3": {
												"transitions": [
													{
														"default": "query.skin_id != 3"
													}
												],
												"on_entry": [
													"/fill ~1 ~ ~ ~1 ~2 ~ barrier",
													"/fill ~-1 ~ ~ ~-1 ~2 ~ barrier",
													"/playsound random.door_close @a ~ ~ ~",
													"@s bridge:remove_command_id_3"
												]
											},
											"execute_command_id_4": {
												"transitions": [
													{
														"default": "query.skin_id != 4"
													}
												],
												"on_entry": [
													"/playsound random.door_close @a ~ ~ ~",
													"/fill ~1 ~ ~ ~-1 ~2 ~ air",
													"@s bridge:remove_command_id_4"
												]
											},
											"execute_command_id_5": {
												"transitions": [
													{
														"default": "query.skin_id != 5"
													}
												],
												"on_entry": [
													"/fill ~1 ~ ~ ~1 ~2 ~ barrier",
													"/fill ~-1 ~ ~ ~-1 ~2 ~ barrier",
													"/playsound random.door_close @a ~ ~ ~",
													"@s bridge:remove_command_id_5"
												]
											}
										},
										"key": "default",
										"children": [
											{
												"open": {
													"transitions": [
														{
															"execute_command_id_5": "query.skin_id == 5"
														},
														{
															"execute_command_id_4": "query.skin_id == 4"
														},
														{
															"execute_command_id_3": "query.skin_id == 3"
														},
														{
															"execute_command_id_2": "query.skin_id == 2"
														},
														{
															"execute_command_id_1": "query.skin_id == 1"
														}
													]
												},
												"key": "transitions",
												"children": [
													{
														"is_minified": true,
														"children": {
															"execute_command_id_5": "query.skin_id == 5"
														}
													},
													{
														"open": [
															{
																"execute_command_id_5": "query.skin_id == 5"
															},
															{
																"execute_command_id_4": "query.skin_id == 4"
															},
															{
																"execute_command_id_3": "query.skin_id == 3"
															},
															{
																"execute_command_id_2": "query.skin_id == 2"
															},
															{
																"execute_command_id_1": "query.skin_id == 1"
															}
														],
														"is_minified": true,
														"children": {
															"execute_command_id_4": "query.skin_id == 4"
														}
													},
													{
														"is_minified": true,
														"children": {
															"execute_command_id_3": "query.skin_id == 3"
														}
													},
													{
														"is_minified": true,
														"children": {
															"execute_command_id_2": "query.skin_id == 2"
														}
													},
													{
														"is_minified": true,
														"children": {
															"execute_command_id_1": "query.skin_id == 1"
														}
													}
												]
											}
										]
									},
									{
										"open": {
											"default": {
												"transitions": [
													{
														"execute_command_id_5": "query.skin_id == 5"
													},
													{
														"execute_command_id_4": "query.skin_id == 4"
													},
													{
														"execute_command_id_3": "query.skin_id == 3"
													},
													{
														"execute_command_id_2": "query.skin_id == 2"
													},
													{
														"execute_command_id_1": "query.skin_id == 1"
													}
												]
											},
											"execute_command_id_1": {
												"transitions": [
													{
														"default": "query.skin_id != 1"
													}
												],
												"on_entry": [
													"/fill ~1 ~ ~ ~-1 ~2 ~ air",
													"/playsound random.door_close @a ~ ~ ~",
													"@s bridge:remove_command_id_1"
												]
											},
											"execute_command_id_2": {
												"transitions": [
													{
														"default": "query.skin_id != 2"
													}
												],
												"on_entry": [
													"/fill ~1 ~ ~ ~1 ~2 ~ air",
													"/fill ~-1 ~ ~ ~-1 ~2 ~ air",
													"/playsound random.door_close @a ~ ~ ~",
													"@s bridge:remove_command_id_2"
												]
											},
											"execute_command_id_3": {
												"transitions": [
													{
														"default": "query.skin_id != 3"
													}
												],
												"on_entry": [
													"/fill ~1 ~ ~ ~1 ~2 ~ barrier",
													"/fill ~-1 ~ ~ ~-1 ~2 ~ barrier",
													"/playsound random.door_close @a ~ ~ ~",
													"@s bridge:remove_command_id_3"
												]
											},
											"execute_command_id_4": {
												"transitions": [
													{
														"default": "query.skin_id != 4"
													}
												],
												"on_entry": [
													"/playsound random.door_close @a ~ ~ ~",
													"/fill ~1 ~ ~ ~-1 ~2 ~ air",
													"@s bridge:remove_command_id_4"
												]
											},
											"execute_command_id_5": {
												"transitions": [
													{
														"default": "query.skin_id != 5"
													}
												],
												"on_entry": [
													"/fill ~1 ~ ~ ~1 ~2 ~ barrier",
													"/fill ~-1 ~ ~ ~-1 ~2 ~ barrier",
													"/playsound random.door_close @a ~ ~ ~",
													"@s bridge:remove_command_id_5"
												]
											}
										},
										"key": "execute_command_id_1",
										"children": [
											{
												"open": {
													"transitions": [
														{
															"default": "query.skin_id != 1"
														}
													],
													"on_entry": [
														"/fill ~1 ~ ~ ~-1 ~2 ~ air",
														"/playsound random.door_close @a ~ ~ ~",
														"@s bridge:remove_command_id_1"
													]
												},
												"key": "transitions",
												"is_minified": true,
												"children": [
													{
														"default": "query.skin_id != 1"
													}
												]
											},
											{
												"open": {
													"transitions": [
														{
															"default": "query.skin_id != 1"
														}
													],
													"on_entry": [
														"/fill ~1 ~ ~ ~-1 ~2 ~ air",
														"/playsound random.door_close @a ~ ~ ~",
														"@s bridge:remove_command_id_1"
													]
												},
												"key": "on_entry",
												"is_minified": true,
												"children": [
													"/fill ~1 ~ ~ ~-1 ~2 ~ air",
													"/playsound random.door_close @a ~ ~ ~",
													"@s bridge:remove_command_id_1"
												]
											}
										]
									},
									{
										"open": {
											"default": {
												"transitions": [
													{
														"execute_command_id_5": "query.skin_id == 5"
													},
													{
														"execute_command_id_4": "query.skin_id == 4"
													},
													{
														"execute_command_id_3": "query.skin_id == 3"
													},
													{
														"execute_command_id_2": "query.skin_id == 2"
													},
													{
														"execute_command_id_1": "query.skin_id == 1"
													}
												]
											},
											"execute_command_id_1": {
												"transitions": [
													{
														"default": "query.skin_id != 1"
													}
												],
												"on_entry": [
													"/fill ~1 ~ ~ ~-1 ~2 ~ air",
													"/playsound random.door_close @a ~ ~ ~",
													"@s bridge:remove_command_id_1"
												]
											},
											"execute_command_id_2": {
												"transitions": [
													{
														"default": "query.skin_id != 2"
													}
												],
												"on_entry": [
													"/fill ~1 ~ ~ ~1 ~2 ~ air",
													"/fill ~-1 ~ ~ ~-1 ~2 ~ air",
													"/playsound random.door_close @a ~ ~ ~",
													"@s bridge:remove_command_id_2"
												]
											},
											"execute_command_id_3": {
												"transitions": [
													{
														"default": "query.skin_id != 3"
													}
												],
												"on_entry": [
													"/fill ~1 ~ ~ ~1 ~2 ~ barrier",
													"/fill ~-1 ~ ~ ~-1 ~2 ~ barrier",
													"/playsound random.door_close @a ~ ~ ~",
													"@s bridge:remove_command_id_3"
												]
											},
											"execute_command_id_4": {
												"transitions": [
													{
														"default": "query.skin_id != 4"
													}
												],
												"on_entry": [
													"/playsound random.door_close @a ~ ~ ~",
													"/fill ~1 ~ ~ ~-1 ~2 ~ air",
													"@s bridge:remove_command_id_4"
												]
											},
											"execute_command_id_5": {
												"transitions": [
													{
														"default": "query.skin_id != 5"
													}
												],
												"on_entry": [
													"/fill ~1 ~ ~ ~1 ~2 ~ barrier",
													"/fill ~-1 ~ ~ ~-1 ~2 ~ barrier",
													"/playsound random.door_close @a ~ ~ ~",
													"@s bridge:remove_command_id_5"
												]
											}
										},
										"key": "execute_command_id_2",
										"children": [
											{
												"open": {
													"transitions": [
														{
															"default": "query.skin_id != 2"
														}
													],
													"on_entry": [
														"/fill ~1 ~ ~ ~1 ~2 ~ air",
														"/fill ~-1 ~ ~ ~-1 ~2 ~ air",
														"/playsound random.door_close @a ~ ~ ~",
														"@s bridge:remove_command_id_2"
													]
												},
												"key": "transitions",
												"children": [
													{
														"open": [
															{
																"default": "query.skin_id != 2"
															}
														],
														"is_minified": true,
														"children": {
															"default": "query.skin_id != 2"
														}
													}
												]
											},
											{
												"open": {
													"transitions": [
														{
															"default": "query.skin_id != 2"
														}
													],
													"on_entry": [
														"/fill ~1 ~ ~ ~1 ~2 ~ air",
														"/fill ~-1 ~ ~ ~-1 ~2 ~ air",
														"/playsound random.door_close @a ~ ~ ~",
														"@s bridge:remove_command_id_2"
													]
												},
												"key": "on_entry",
												"is_minified": true,
												"children": [
													"/fill ~1 ~ ~ ~1 ~2 ~ air",
													"/fill ~-1 ~ ~ ~-1 ~2 ~ air",
													"/playsound random.door_close @a ~ ~ ~",
													"@s bridge:remove_command_id_2"
												]
											}
										]
									},
									{
										"open": {
											"default": {
												"transitions": [
													{
														"execute_command_id_5": "query.skin_id == 5"
													},
													{
														"execute_command_id_4": "query.skin_id == 4"
													},
													{
														"execute_command_id_3": "query.skin_id == 3"
													},
													{
														"execute_command_id_2": "query.skin_id == 2"
													},
													{
														"execute_command_id_1": "query.skin_id == 1"
													}
												]
											},
											"execute_command_id_1": {
												"transitions": [
													{
														"default": "query.skin_id != 1"
													}
												],
												"on_entry": [
													"/fill ~1 ~ ~ ~-1 ~2 ~ air",
													"/playsound random.door_close @a ~ ~ ~",
													"@s bridge:remove_command_id_1"
												]
											},
											"execute_command_id_2": {
												"transitions": [
													{
														"default": "query.skin_id != 2"
													}
												],
												"on_entry": [
													"/fill ~1 ~ ~ ~1 ~2 ~ air",
													"/fill ~-1 ~ ~ ~-1 ~2 ~ air",
													"/playsound random.door_close @a ~ ~ ~",
													"@s bridge:remove_command_id_2"
												]
											},
											"execute_command_id_3": {
												"transitions": [
													{
														"default": "query.skin_id != 3"
													}
												],
												"on_entry": [
													"/fill ~1 ~ ~ ~1 ~2 ~ barrier",
													"/fill ~-1 ~ ~ ~-1 ~2 ~ barrier",
													"/playsound random.door_close @a ~ ~ ~",
													"@s bridge:remove_command_id_3"
												]
											},
											"execute_command_id_4": {
												"transitions": [
													{
														"default": "query.skin_id != 4"
													}
												],
												"on_entry": [
													"/playsound random.door_close @a ~ ~ ~",
													"/fill ~1 ~ ~ ~-1 ~2 ~ air",
													"@s bridge:remove_command_id_4"
												]
											},
											"execute_command_id_5": {
												"transitions": [
													{
														"default": "query.skin_id != 5"
													}
												],
												"on_entry": [
													"/fill ~1 ~ ~ ~1 ~2 ~ barrier",
													"/fill ~-1 ~ ~ ~-1 ~2 ~ barrier",
													"/playsound random.door_close @a ~ ~ ~",
													"@s bridge:remove_command_id_5"
												]
											}
										},
										"key": "execute_command_id_3",
										"children": [
											{
												"open": {
													"transitions": [
														{
															"default": "query.skin_id != 3"
														}
													],
													"on_entry": [
														"/fill ~1 ~ ~ ~1 ~2 ~ barrier",
														"/fill ~-1 ~ ~ ~-1 ~2 ~ barrier",
														"/playsound random.door_close @a ~ ~ ~",
														"@s bridge:remove_command_id_3"
													]
												},
												"key": "transitions",
												"children": [
													{
														"open": [
															{
																"default": "query.skin_id != 3"
															}
														],
														"is_minified": true,
														"children": {
															"default": "query.skin_id != 3"
														}
													}
												]
											},
											{
												"open": {
													"transitions": [
														{
															"default": "query.skin_id != 3"
														}
													],
													"on_entry": [
														"/fill ~1 ~ ~ ~1 ~2 ~ barrier",
														"/fill ~-1 ~ ~ ~-1 ~2 ~ barrier",
														"/playsound random.door_close @a ~ ~ ~",
														"@s bridge:remove_command_id_3"
													]
												},
												"key": "on_entry",
												"is_minified": true,
												"children": [
													"/fill ~1 ~ ~ ~1 ~2 ~ barrier",
													"/fill ~-1 ~ ~ ~-1 ~2 ~ barrier",
													"/playsound random.door_close @a ~ ~ ~",
													"@s bridge:remove_command_id_3"
												]
											}
										]
									},
									{
										"open": {
											"default": {
												"transitions": [
													{
														"execute_command_id_5": "query.skin_id == 5"
													},
													{
														"execute_command_id_4": "query.skin_id == 4"
													},
													{
														"execute_command_id_3": "query.skin_id == 3"
													},
													{
														"execute_command_id_2": "query.skin_id == 2"
													},
													{
														"execute_command_id_1": "query.skin_id == 1"
													}
												]
											},
											"execute_command_id_1": {
												"transitions": [
													{
														"default": "query.skin_id != 1"
													}
												],
												"on_entry": [
													"/fill ~1 ~ ~ ~-1 ~2 ~ air",
													"/playsound random.door_close @a ~ ~ ~",
													"@s bridge:remove_command_id_1"
												]
											},
											"execute_command_id_2": {
												"transitions": [
													{
														"default": "query.skin_id != 2"
													}
												],
												"on_entry": [
													"/fill ~1 ~ ~ ~1 ~2 ~ air",
													"/fill ~-1 ~ ~ ~-1 ~2 ~ air",
													"/playsound random.door_close @a ~ ~ ~",
													"@s bridge:remove_command_id_2"
												]
											},
											"execute_command_id_3": {
												"transitions": [
													{
														"default": "query.skin_id != 3"
													}
												],
												"on_entry": [
													"/fill ~1 ~ ~ ~1 ~2 ~ barrier",
													"/fill ~-1 ~ ~ ~-1 ~2 ~ barrier",
													"/playsound random.door_close @a ~ ~ ~",
													"@s bridge:remove_command_id_3"
												]
											},
											"execute_command_id_4": {
												"transitions": [
													{
														"default": "query.skin_id != 4"
													}
												],
												"on_entry": [
													"/playsound random.door_close @a ~ ~ ~",
													"/fill ~1 ~ ~ ~-1 ~2 ~ air",
													"@s bridge:remove_command_id_4"
												]
											},
											"execute_command_id_5": {
												"transitions": [
													{
														"default": "query.skin_id != 5"
													}
												],
												"on_entry": [
													"/fill ~1 ~ ~ ~1 ~2 ~ barrier",
													"/fill ~-1 ~ ~ ~-1 ~2 ~ barrier",
													"/playsound random.door_close @a ~ ~ ~",
													"@s bridge:remove_command_id_5"
												]
											}
										},
										"key": "execute_command_id_4",
										"children": [
											{
												"open": {
													"transitions": [
														{
															"default": "query.skin_id != 4"
														}
													],
													"on_entry": [
														"/playsound random.door_close @a ~ ~ ~",
														"/fill ~1 ~ ~ ~-1 ~2 ~ air",
														"@s bridge:remove_command_id_4"
													]
												},
												"key": "transitions",
												"children": [
													{
														"open": [
															{
																"default": "query.skin_id != 4"
															}
														],
														"is_minified": true,
														"children": {
															"default": "query.skin_id != 4"
														}
													}
												]
											},
											{
												"open": {
													"transitions": [
														{
															"default": "query.skin_id != 4"
														}
													],
													"on_entry": [
														"/playsound random.door_close @a ~ ~ ~",
														"/fill ~1 ~ ~ ~-1 ~2 ~ air",
														"@s bridge:remove_command_id_4"
													]
												},
												"key": "on_entry",
												"is_minified": true,
												"children": [
													"/playsound random.door_close @a ~ ~ ~",
													"/fill ~1 ~ ~ ~-1 ~2 ~ air",
													"@s bridge:remove_command_id_4"
												]
											}
										]
									},
									{
										"open": {
											"default": {
												"transitions": [
													{
														"execute_command_id_5": "query.skin_id == 5"
													},
													{
														"execute_command_id_4": "query.skin_id == 4"
													},
													{
														"execute_command_id_3": "query.skin_id == 3"
													},
													{
														"execute_command_id_2": "query.skin_id == 2"
													},
													{
														"execute_command_id_1": "query.skin_id == 1"
													}
												]
											},
											"execute_command_id_1": {
												"transitions": [
													{
														"default": "query.skin_id != 1"
													}
												],
												"on_entry": [
													"/fill ~1 ~ ~ ~-1 ~2 ~ air",
													"/playsound random.door_close @a ~ ~ ~",
													"@s bridge:remove_command_id_1"
												]
											},
											"execute_command_id_2": {
												"transitions": [
													{
														"default": "query.skin_id != 2"
													}
												],
												"on_entry": [
													"/fill ~1 ~ ~ ~1 ~2 ~ air",
													"/fill ~-1 ~ ~ ~-1 ~2 ~ air",
													"/playsound random.door_close @a ~ ~ ~",
													"@s bridge:remove_command_id_2"
												]
											},
											"execute_command_id_3": {
												"transitions": [
													{
														"default": "query.skin_id != 3"
													}
												],
												"on_entry": [
													"/fill ~1 ~ ~ ~1 ~2 ~ barrier",
													"/fill ~-1 ~ ~ ~-1 ~2 ~ barrier",
													"/playsound random.door_close @a ~ ~ ~",
													"@s bridge:remove_command_id_3"
												]
											},
											"execute_command_id_4": {
												"transitions": [
													{
														"default": "query.skin_id != 4"
													}
												],
												"on_entry": [
													"/playsound random.door_close @a ~ ~ ~",
													"/fill ~1 ~ ~ ~-1 ~2 ~ air",
													"@s bridge:remove_command_id_4"
												]
											},
											"execute_command_id_5": {
												"transitions": [
													{
														"default": "query.skin_id != 5"
													}
												],
												"on_entry": [
													"/fill ~1 ~ ~ ~1 ~2 ~ barrier",
													"/fill ~-1 ~ ~ ~-1 ~2 ~ barrier",
													"/playsound random.door_close @a ~ ~ ~",
													"@s bridge:remove_command_id_5"
												]
											}
										},
										"key": "execute_command_id_5",
										"children": [
											{
												"key": "transitions",
												"is_minified": true,
												"children": [
													{
														"default": "query.skin_id != 5"
													}
												]
											},
											{
												"open": {
													"transitions": [
														{
															"default": "query.skin_id != 5"
														}
													],
													"on_entry": [
														"/fill ~1 ~ ~ ~1 ~2 ~ barrier",
														"/fill ~-1 ~ ~ ~-1 ~2 ~ barrier",
														"/playsound random.door_close @a ~ ~ ~",
														"@s bridge:remove_command_id_5"
													]
												},
												"key": "on_entry",
												"is_minified": true,
												"children": [
													"/fill ~1 ~ ~ ~1 ~2 ~ barrier",
													"/fill ~-1 ~ ~ ~-1 ~2 ~ barrier",
													"/playsound random.door_close @a ~ ~ ~",
													"@s bridge:remove_command_id_5"
												]
											}
										]
									}
								]
							}
						]
					}
				]
			}
		]
	}
}