{
  "format_version": "1.12.0",
  "minecraft:geometry": [
    {
      "description": {
        "identifier": "geometry.mr_jumbo_josh",
        "texture_width": 128,
        "texture_height": 128,
        "visible_bounds_width": 3,
        "visible_bounds_height": 5,
        "visible_bounds_offset": [
          0,
          1.5,
          0
        ]
      },
      "bones": [
        {
          "name": "Root"
        },
        {
          "name": "Body",
          "pivot": [
            0,
            15,
            0
          ],
          "cubes": [
            {
              "origin": [
                -5.0,
                14.0,
                -4.0
              ],
              "size": [
                10.0,
                8.0,
                8.0
              ],
              "uv": [
                36,
                32
              ],
              "inflate": 0
            },
            {
              "origin": [
                -5.6,
                19.0,
                -4.4
              ],
              "size": [
                11.2,
                3.0,
                8.8
              ],
              "uv": [
                85,
                101
              ],
              "inflate": 0
            }
          ],
          "parent": "Root"
        },
        {
          "name": "bone2",
          "pivot": [
            0,
            22,
            0
          ],
          "cubes": [
            {
              "origin": [
                -6.0,
                22.0,
                -5.0
              ],
              "size": [
                12.0,
                10.0,
                10.0
              ],
              "uv": [
                0,
                20
              ],
              "inflate": 0
            }
          ],
          "parent": "Body"
        },
        {
          "name": "RightArm",
          "pivot": [
            -5,
            32,
            0
          ],
          "cubes": [
            {
              "origin": [
                -9.0,
                23.0,
                -2.0
              ],
              "size": [
                4.0,
                9.0,
                4.0
              ],
              "uv": [
                64,
                23
              ],
              "inflate": 0
            }
          ],
          "parent": "bone2",
          "rotation": [
            0,
            0,
            2.5
          ]
        },
        {
          "name": "bone4",
          "pivot": [
            -7,
            23,
            0
          ],
          "cubes": [
            {
              "origin": [
                -9.5,
                15.0,
                -2.5
              ],
              "size": [
                5.0,
                8.0,
                5.0
              ],
              "uv": [
                0,
                53
              ],
              "inflate": 0
            }
          ],
          "parent": "RightArm"
        },
        {
          "name": "bone5",
          "pivot": [
            -7,
            15,
            0
          ],
          "cubes": [
            {
              "origin": [
                -10.0,
                8.0,
                -3.0
              ],
              "size": [
                6.0,
                7.0,
                6.0
              ],
              "uv": [
                42,
                14
              ],
              "inflate": 0
            }
          ],
          "parent": "bone4"
        },
        {
          "name": "bone6",
          "pivot": [
            -7,
            8,
            0
          ],
          "cubes": [
            {
              "origin": [
                -9.5,
                3.0,
                -3.0
              ],
              "size": [
                5.0,
                5.0,
                6.0
              ],
              "uv": [
                40,
                48
              ],
              "inflate": 0
            }
          ],
          "parent": "bone5"
        },
        {
          "name": "bone7",
          "pivot": [
            -7,
            8,
            -3
          ],
          "cubes": [
            {
              "origin": [
                -8.0,
                3.0,
                -5.0
              ],
              "size": [
                3.0,
                4.0,
                2.0
              ],
              "pivot": [
                1.0,
                0.0,
                0.0
              ],
              "rotation": [
                -10.0,
                0.0,
                0.0
              ],
              "uv": [
                0,
                20
              ],
              "inflate": 0
            }
          ],
          "parent": "bone6"
        },
        {
          "name": "LeftArm",
          "pivot": [
            5,
            32,
            0
          ],
          "cubes": [
            {
              "origin": [
                5.0,
                23.0,
                -2.0
              ],
              "size": [
                4.0,
                9.0,
                4.0
              ],
              "uv": [
                40,
                59
              ],
              "inflate": 0
            }
          ],
          "parent": "bone2",
          "rotation": [
            0,
            0,
            -2.5
          ]
        },
        {
          "name": "bone9",
          "pivot": [
            7,
            23,
            0
          ],
          "cubes": [
            {
              "origin": [
                4.5,
                15.0,
                -2.5
              ],
              "size": [
                5.0,
                8.0,
                5.0
              ],
              "uv": [
                48,
                0
              ],
              "inflate": 0
            }
          ],
          "parent": "LeftArm"
        },
        {
          "name": "bone10",
          "pivot": [
            7,
            15,
            0
          ],
          "cubes": [
            {
              "origin": [
                4.0,
                8.0,
                -3.0
              ],
              "size": [
                6.0,
                7.0,
                6.0
              ],
              "uv": [
                0,
                40
              ],
              "inflate": 0
            }
          ],
          "parent": "bone9"
        },
        {
          "name": "bone11",
          "pivot": [
            7,
            8,
            0
          ],
          "cubes": [
            {
              "origin": [
                4.5,
                3.0,
                -3.0
              ],
              "size": [
                5.0,
                5.0,
                6.0
              ],
              "uv": [
                18,
                47
              ],
              "inflate": 0
            }
          ],
          "parent": "bone10"
        },
        {
          "name": "bone12",
          "pivot": [
            7,
            8,
            -3
          ],
          "cubes": [
            {
              "origin": [
                5.0,
                3.0,
                -5.0
              ],
              "size": [
                3.0,
                4.0,
                2.0
              ],
              "pivot": [
                14.0,
                0.0,
                0.0
              ],
              "rotation": [
                -10.0,
                0.0,
                0.0
              ],
              "uv": [
                0,
                0
              ],
              "inflate": 0
            }
          ],
          "parent": "bone11"
        },
        {
          "name": "Head",
          "pivot": [
            0,
            32,
            0
          ],
          "cubes": [
            {
              "origin": [
                -7.0,
                32.0,
                -5.3
              ],
              "size": [
                14.0,
                10.0,
                10.6
              ],
              "uv": [
                0,
                0
              ],
              "inflate": 0
            },
            {
              "origin": [
                -8.0,
                33.0,
                -4.3
              ],
              "size": [
                16.0,
                8.0,
                8.6
              ],
              "uv": [
                0,
                85
              ],
              "inflate": 0
            }
          ],
          "parent": "bone2"
        },
        {
          "name": "bone14",
          "pivot": [
            0,
            34,
            -5
          ],
          "cubes": [
            {
              "origin": [
                -6.0,
                32.0,
                -5.4
              ],
              "size": [
                12.0,
                4.0,
                0.0
              ],
              "uv": [
                56,
                48
              ],
              "inflate": 0
            }
          ],
          "parent": "Head"
        },
        {
          "name": "bone8",
          "pivot": [
            -3,
            38,
            -5
          ],
          "cubes": [
            {
              "origin": [
                -5.0,
                36.4,
                -6.0
              ],
              "size": [
                3.0,
                3.0,
                2.0
              ],
              "uv": [
                38,
                0
              ],
              "inflate": 0
            },
            {
              "origin": [
                -4.9,
                36.5,
                -6.1
              ],
              "size": [
                2.8,
                2.8,
                0.0
              ],
              "uv": [
                4,
                6
              ],
              "inflate": 0
            }
          ],
          "parent": "Head",
          "rotation": [
            0,
            5,
            0
          ]
        },
        {
          "name": "bone13",
          "pivot": [
            3,
            38,
            -5
          ],
          "cubes": [
            {
              "origin": [
                2.0,
                36.4,
                -6.0
              ],
              "size": [
                3.0,
                3.0,
                2.0
              ],
              "uv": [
                34,
                25
              ],
              "inflate": 0
            },
            {
              "origin": [
                2.1,
                36.5,
                -6.1
              ],
              "size": [
                2.8,
                2.8,
                0.0
              ],
              "uv": [
                0,
                6
              ],
              "inflate": 0
            }
          ],
          "parent": "Head",
          "rotation": [
            0,
            -5,
            0
          ]
        },
        {
          "name": "LeftLeg",
          "pivot": [
            3,
            15,
            0
          ],
          "cubes": [
            {
              "origin": [
                1.0,
                8.0,
                -2.0
              ],
              "size": [
                4.0,
                7.0,
                4.0
              ],
              "uv": [
                64,
                9
              ],
              "inflate": 0
            }
          ],
          "parent": "Root",
          "rotation": [
            0,
            -2.5,
            -2.5
          ]
        },
        {
          "name": "bone3",
          "pivot": [
            3,
            8,
            0
          ],
          "cubes": [
            {
              "origin": [
                0.5,
                0.0,
                -2.5
              ],
              "size": [
                5.0,
                8.0,
                5.0
              ],
              "uv": [
                57,
                54
              ],
              "inflate": 0
            }
          ],
          "parent": "LeftLeg"
        },
        {
          "name": "RightLeg",
          "pivot": [
            -3,
            15,
            0
          ],
          "cubes": [
            {
              "origin": [
                -5.0,
                8.0,
                -2.0
              ],
              "size": [
                4.0,
                7.0,
                4.0
              ],
              "uv": [
                0,
                66
              ],
              "inflate": 0
            }
          ],
          "parent": "Root",
          "rotation": [
            0,
            2.5,
            2.5
          ]
        },
        {
          "name": "bone",
          "pivot": [
            -3,
            8,
            0
          ],
          "cubes": [
            {
              "origin": [
                -5.5,
                0.0,
                -2.5
              ],
              "size": [
                5.0,
                8.0,
                5.0
              ],
              "uv": [
                20,
                58
              ],
              "inflate": 0
            }
          ],
          "parent": "RightLeg"
        }
      ]
    }
  ]
}