{
  "format_version": "1.12.0",
  "minecraft:geometry": [
    {
      "description": {
        "identifier": "geometry.mr_mini_opila_blue",
        "texture_width": 64,
        "texture_height": 64,
        "visible_bounds_width": 3,
        "visible_bounds_height": 2.5,
        "visible_bounds_offset": [
          0,
          0.75,
          0
        ]
      },
      "bones": [
        {
          "name": "Root"
        },
        {
          "name": "Body",
          "pivot": [
            0,
            6,
            0
          ],
          "cubes": [
            {
              "origin": [
                -3.0,
                6.0,
                -4.0
              ],
              "size": [
                6.0,
                6.0,
                8.0
              ],
              "uv": [
                0,
                15
              ],
              "inflate": 0
            },
            {
              "origin": [
                -2.5,
                6.5,
                -5.0
              ],
              "size": [
                5.0,
                5.0,
                10.0
              ],
              "uv": [
                0,
                0
              ],
              "inflate": 0
            },
            {
              "origin": [
                0.0,
                5.5,
                4.0
              ],
              "size": [
                0.0,
                5.0,
                6.0
              ],
              "pivot": [
                0.0,
                -1.0,
                0.0
              ],
              "rotation": [
                10.0,
                0.0,
                0.0
              ],
              "uv": [
                0,
                23
              ],
              "inflate": 0
            }
          ],
          "parent": "Root"
        },
        {
          "name": "bone6",
          "pivot": [
            -3,
            9,
            -3
          ],
          "cubes": [
            {
              "origin": [
                -3.5,
                7.0,
                -3.0
              ],
              "size": [
                1.0,
                4.0,
                6.0
              ],
              "uv": [
                24,
                10
              ],
              "inflate": 0
            }
          ],
          "parent": "Body"
        },
        {
          "name": "bone7",
          "pivot": [
            3,
            9,
            -3
          ],
          "cubes": [
            {
              "origin": [
                2.5,
                7.0,
                -3.0
              ],
              "size": [
                1.0,
                4.0,
                6.0
              ],
              "uv": [
                20,
                0
              ],
              "inflate": 0
            }
          ],
          "parent": "Body"
        },
        {
          "name": "Head",
          "pivot": [
            0,
            9,
            -4
          ],
          "cubes": [
            {
              "origin": [
                -2.1,
                7.0,
                -5.6
              ],
              "size": [
                4.2,
                9.0,
                4.2
              ],
              "uv": [
                24,
                25
              ],
              "inflate": 0
            },
            {
              "origin": [
                -1.6,
                14.0,
                -5.7
              ],
              "size": [
                1.2,
                1.0,
                0.0
              ],
              "uv": [
                11,
                46
              ],
              "inflate": 0
            },
            {
              "origin": [
                0.4,
                14.0,
                -5.7
              ],
              "size": [
                1.2,
                1.0,
                0.0
              ],
              "uv": [
                11,
                46
              ],
              "inflate": 0
            },
            {
              "origin": [
                0.0,
                15.6,
                -12.8
              ],
              "size": [
                1.0,
                2.0,
                0.0
              ],
              "pivot": [
                0.0,
                -1.4,
                -7.8
              ],
              "rotation": [
                -30.90365,
                -2.57279,
                -4.28872
              ],
              "uv": [
                6,
                0
              ],
              "inflate": 0
            },
            {
              "origin": [
                -1.0,
                15.6,
                -12.8
              ],
              "size": [
                1.0,
                2.0,
                0.0
              ],
              "pivot": [
                0.0,
                -1.4,
                -7.8
              ],
              "rotation": [
                -30.90365,
                2.57279,
                4.28872
              ],
              "uv": [
                0,
                6
              ],
              "inflate": 0
            },
            {
              "origin": [
                -0.5,
                15.6,
                -12.8
              ],
              "size": [
                1.0,
                2.5,
                0.0
              ],
              "pivot": [
                0.0,
                -1.4,
                -7.8
              ],
              "rotation": [
                -30.0,
                0.0,
                0.0
              ],
              "uv": [
                0,
                0
              ],
              "inflate": 0
            },
            {
              "origin": [
                -1.6,
                12.6,
                -7.0
              ],
              "size": [
                3.2,
                1.0,
                3.0
              ],
              "uv": [
                28,
                20
              ],
              "inflate": 0
            },
            {
              "origin": [
                -1.3,
                14.0,
                -2.7
              ],
              "size": [
                2.6,
                1.0,
                1.5
              ],
              "pivot": [
                0.0,
                -1.4,
                0.0
              ],
              "rotation": [
                20.0,
                0.0,
                0.0
              ],
              "uv": [
                20,
                0
              ],
              "inflate": 0
            }
          ],
          "parent": "Body"
        },
        {
          "name": "bone5",
          "pivot": [
            0,
            12.6,
            -5.7
          ],
          "cubes": [
            {
              "origin": [
                -1.1,
                11.6,
                -7.1
              ],
              "size": [
                2.2,
                1.0,
                2.2
              ],
              "uv": [
                0,
                6
              ],
              "inflate": 0
            }
          ],
          "parent": "Head"
        },
        {
          "name": "LeftLeg",
          "pivot": [
            2,
            7,
            0
          ],
          "cubes": [
            {
              "origin": [
                1.0,
                5.0,
                -1.0
              ],
              "size": [
                2.0,
                3.0,
                2.0
              ],
              "uv": [
                32,
                8
              ],
              "inflate": 0
            }
          ],
          "parent": "Root",
          "rotation": [
            0,
            0,
            -2.5
          ]
        },
        {
          "name": "bone3",
          "pivot": [
            2,
            5,
            0
          ],
          "cubes": [
            {
              "origin": [
                1.0,
                1.0,
                -1.0
              ],
              "size": [
                2.0,
                4.0,
                2.0
              ],
              "uv": [
                0,
                0
              ],
              "inflate": 0
            }
          ],
          "parent": "LeftLeg"
        },
        {
          "name": "bone4",
          "pivot": [
            2,
            2,
            0
          ],
          "cubes": [
            {
              "origin": [
                0.5,
                0.0,
                -3.0
              ],
              "size": [
                3.0,
                2.0,
                4.5
              ],
              "uv": [
                28,
                0
              ],
              "inflate": 0
            }
          ],
          "parent": "bone3",
          "rotation": [
            0,
            0,
            2.5
          ]
        },
        {
          "name": "RightLeg",
          "pivot": [
            -2,
            7,
            0
          ],
          "cubes": [
            {
              "origin": [
                -3.0,
                5.0,
                -1.0
              ],
              "size": [
                2.0,
                3.0,
                2.0
              ],
              "uv": [
                0,
                34
              ],
              "inflate": 0
            }
          ],
          "parent": "Root",
          "rotation": [
            0,
            0,
            2.5
          ]
        },
        {
          "name": "bone",
          "pivot": [
            -2,
            5,
            0
          ],
          "cubes": [
            {
              "origin": [
                -3.0,
                1.0,
                -1.0
              ],
              "size": [
                2.0,
                4.0,
                2.0
              ],
              "uv": [
                0,
                15
              ],
              "inflate": 0
            }
          ],
          "parent": "RightLeg"
        },
        {
          "name": "bone2",
          "pivot": [
            -2,
            2,
            0
          ],
          "cubes": [
            {
              "origin": [
                -3.5,
                0.0,
                -3.0
              ],
              "size": [
                3.0,
                2.0,
                4.5
              ],
              "uv": [
                8,
                30
              ],
              "inflate": 0
            }
          ],
          "parent": "bone",
          "rotation": [
            0,
            0,
            -2.5
          ]
        }
      ]
    }
  ]
}