{
  "format_version": "1.12.0",
  "minecraft:geometry": [
    {
      "description": {
        "identifier": "geometry.mr_sheriff",
        "texture_width": 128,
        "texture_height": 128,
        "visible_bounds_width": 3,
        "visible_bounds_height": 3.5,
        "visible_bounds_offset": [
          0,
          1.25,
          0
        ]
      },
      "bones": [
        {
          "name": "Root",
          "pivot": [
            0,
            -2,
            0
          ]
        },
        {
          "name": "Body",
          "pivot": [
            0,
            8,
            0
          ],
          "cubes": [
            {
              "origin": [
                -5.6,
                8.0,
                -4.6
              ],
              "size": [
                11.2,
                8.0,
                9.2
              ],
              "uv": [
                0,
                0
              ],
              "inflate": 0
            }
          ],
          "parent": "Root"
        },
        {
          "name": "bone3",
          "pivot": [
            0,
            16,
            0
          ],
          "cubes": [
            {
              "origin": [
                -5.0,
                16.0,
                -4.0
              ],
              "size": [
                10.0,
                5.0,
                8.0
              ],
              "uv": [
                32,
                9
              ],
              "inflate": 0
            }
          ],
          "parent": "Body"
        },
        {
          "name": "RightArm",
          "pivot": [
            -5,
            21,
            0
          ],
          "cubes": [
            {
              "origin": [
                -7.0,
                15.0,
                -2.0
              ],
              "size": [
                3.0,
                6.0,
                4.0
              ],
              "uv": [
                14,
                43
              ],
              "inflate": 0
            }
          ],
          "parent": "bone3",
          "rotation": [
            0,
            0,
            7.5
          ]
        },
        {
          "name": "bone4",
          "pivot": [
            -6,
            15,
            0
          ],
          "cubes": [
            {
              "origin": [
                -7.5,
                7.0,
                -2.5
              ],
              "size": [
                4.0,
                8.0,
                5.0
              ],
              "uv": [
                31,
                38
              ],
              "inflate": 0
            }
          ],
          "parent": "RightArm"
        },
        {
          "name": "LeftArm",
          "pivot": [
            5,
            21,
            0
          ],
          "cubes": [
            {
              "origin": [
                4.0,
                15.0,
                -2.0
              ],
              "size": [
                3.0,
                6.0,
                4.0
              ],
              "uv": [
                0,
                43
              ],
              "inflate": 0
            }
          ],
          "parent": "bone3",
          "rotation": [
            0,
            0,
            -7.5
          ]
        },
        {
          "name": "bone5",
          "pivot": [
            6,
            15,
            0
          ],
          "cubes": [
            {
              "origin": [
                3.5,
                7.0,
                -2.5
              ],
              "size": [
                4.0,
                8.0,
                5.0
              ],
              "uv": [
                35,
                25
              ],
              "inflate": 0
            }
          ],
          "parent": "LeftArm"
        },
        {
          "name": "Head",
          "pivot": [
            0,
            21,
            0
          ],
          "cubes": [
            {
              "origin": [
                -5.0,
                26.0,
                -4.2
              ],
              "size": [
                10.0,
                5.0,
                8.4
              ],
              "uv": [
                0,
                30
              ],
              "inflate": 0
            },
            {
              "origin": [
                -6.0,
                21.0,
                -4.4
              ],
              "size": [
                12.0,
                5.0,
                8.8
              ],
              "uv": [
                0,
                17
              ],
              "inflate": 0
            },
            {
              "origin": [
                0.0,
                31.0,
                -2.0
              ],
              "size": [
                4.0,
                3.0,
                4.0
              ],
              "uv": [
                49,
                34
              ],
              "inflate": 0
            },
            {
              "origin": [
                -4.0,
                32.3,
                -1.8
              ],
              "size": [
                4.0,
                2.0,
                3.6
              ],
              "pivot": [
                0.0,
                -5.0,
                0.0
              ],
              "rotation": [
                0.0,
                0.0,
                5.0
              ],
              "uv": [
                25,
                51
              ],
              "inflate": 0
            },
            {
              "origin": [
                4.0,
                32.0,
                -1.8
              ],
              "size": [
                4.0,
                2.0,
                3.6
              ],
              "pivot": [
                0.0,
                -5.0,
                0.0
              ],
              "rotation": [
                0.0,
                0.0,
                -5.0
              ],
              "uv": [
                49,
                41
              ],
              "inflate": 0
            }
          ],
          "parent": "bone3"
        },
        {
          "name": "bone6",
          "pivot": [
            2,
            28,
            -4
          ],
          "cubes": [
            {
              "origin": [
                0.8,
                26.3,
                -5.0
              ],
              "size": [
                2.4,
                2.4,
                2.0
              ],
              "uv": [
                0,
                4
              ],
              "inflate": 0
            },
            {
              "origin": [
                1.0,
                26.5,
                -5.1
              ],
              "size": [
                2.0,
                2.0,
                0.0
              ],
              "uv": [
                4,
                17
              ],
              "inflate": 0
            }
          ],
          "parent": "Head",
          "rotation": [
            0,
            -2.5,
            0
          ]
        },
        {
          "name": "bone7",
          "pivot": [
            -2,
            28,
            -4
          ],
          "cubes": [
            {
              "origin": [
                -3.2,
                26.3,
                -5.0
              ],
              "size": [
                2.4,
                2.4,
                2.0
              ],
              "uv": [
                0,
                0
              ],
              "inflate": 0
            },
            {
              "origin": [
                -3.0,
                26.5,
                -5.1
              ],
              "size": [
                2.0,
                2.0,
                0.0
              ],
              "uv": [
                0,
                17
              ],
              "inflate": 0
            }
          ],
          "parent": "Head",
          "rotation": [
            0,
            2.5,
            0
          ]
        },
        {
          "name": "LeftLeg",
          "pivot": [
            3,
            8,
            0
          ],
          "cubes": [
            {
              "origin": [
                1.0,
                4.0,
                -2.0
              ],
              "size": [
                4.0,
                4.0,
                4.0
              ],
              "uv": [
                47,
                0
              ],
              "inflate": 0
            }
          ],
          "parent": "Root",
          "rotation": [
            0,
            -2.5,
            -2.5
          ]
        },
        {
          "name": "bone2",
          "pivot": [
            3,
            4,
            0
          ],
          "cubes": [
            {
              "origin": [
                0.8,
                0.0,
                -2.2
              ],
              "size": [
                4.4,
                4.0,
                4.4
              ],
              "uv": [
                31,
                0
              ],
              "inflate": 0
            }
          ],
          "parent": "LeftLeg"
        },
        {
          "name": "RightLeg",
          "pivot": [
            -3,
            8,
            0
          ],
          "cubes": [
            {
              "origin": [
                -5.0,
                4.0,
                -2.0
              ],
              "size": [
                4.0,
                4.0,
                4.0
              ],
              "uv": [
                48,
                22
              ],
              "inflate": 0
            }
          ],
          "parent": "Root",
          "rotation": [
            0,
            2.5,
            2.5
          ]
        },
        {
          "name": "bone",
          "pivot": [
            -3,
            4,
            0
          ],
          "cubes": [
            {
              "origin": [
                -5.2,
                0.0,
                -2.2
              ],
              "size": [
                4.4,
                4.0,
                4.4
              ],
              "uv": [
                45,
                47
              ],
              "inflate": 0
            }
          ],
          "parent": "RightLeg"
        }
      ]
    }
  ]
}