{
  "format_version": "1.12.0",
  "minecraft:geometry": [
    {
      "description": {
        "identifier": "geometry.mr_spider_nabnab",
        "texture_width": 128,
        "texture_height": 128,
        "visible_bounds_width": 6,
        "visible_bounds_height": 5,
        "visible_bounds_offset": [
          0,
          1.5,
          0
        ]
      },
      "bones": [
        {
          "name": "Root",
          "pivot": [
            0,
            7,
            -24
          ],
          "rotation": [
            -90,
            0,
            0
          ]
        },
        {
          "name": "Body",
          "pivot": [
            0,
            24,
            -24
          ],
          "cubes": [
            {
              "origin": [
                4.0,
                24.0,
                -28.2
              ],
              "size": [
                2.0,
                13.0,
                3.2
              ],
              "uv": [
                0,
                55
              ],
              "inflate": 0
            },
            {
              "origin": [
                0.0,
                25.0,
                -27.7
              ],
              "size": [
                4.0,
                10.0,
                0.0
              ],
              "pivot": [
                4.0,
                30.0,
                -27.0
              ],
              "rotation": [
                0.0,
                -7.5,
                0.0
              ],
              "uv": [
                62,
                48
              ],
              "inflate": 0
            },
            {
              "origin": [
                -4.0,
                25.0,
                -27.7
              ],
              "size": [
                4.0,
                10.0,
                0.0
              ],
              "pivot": [
                -4.0,
                30.0,
                -28.0
              ],
              "rotation": [
                0.0,
                7.5,
                0.0
              ],
              "uv": [
                22,
                56
              ],
              "inflate": 0
            },
            {
              "origin": [
                -6.0,
                24.0,
                -28.2
              ],
              "size": [
                2.0,
                13.0,
                3.2
              ],
              "uv": [
                33,
                54
              ],
              "inflate": 0
            },
            {
              "origin": [
                -4.0,
                35.0,
                -28.2
              ],
              "size": [
                8.0,
                2.0,
                3.2
              ],
              "uv": [
                31,
                49
              ],
              "inflate": 0
            },
            {
              "origin": [
                -4.0,
                24.0,
                -28.2
              ],
              "size": [
                8.0,
                1.0,
                3.2
              ],
              "uv": [
                50,
                21
              ],
              "inflate": 0
            },
            {
              "origin": [
                -4.0,
                34.0,
                -28.2
              ],
              "size": [
                1.0,
                1.0,
                3.2
              ],
              "uv": [
                62,
                58
              ],
              "inflate": 0
            },
            {
              "origin": [
                -4.0,
                25.0,
                -28.2
              ],
              "size": [
                1.0,
                1.0,
                3.2
              ],
              "uv": [
                43,
                62
              ],
              "inflate": 0
            },
            {
              "origin": [
                3.0,
                34.0,
                -28.2
              ],
              "size": [
                1.0,
                1.0,
                3.2
              ],
              "uv": [
                12,
                42
              ],
              "inflate": 0
            },
            {
              "origin": [
                3.0,
                25.0,
                -28.2
              ],
              "size": [
                1.0,
                1.0,
                3.2
              ],
              "uv": [
                36,
                36
              ],
              "inflate": 0
            },
            {
              "origin": [
                -6.0,
                24.0,
                -25.1
              ],
              "size": [
                12.0,
                13.0,
                6.2
              ],
              "uv": [
                0,
                0
              ],
              "inflate": 0
            },
            {
              "origin": [
                -5.5,
                37.0,
                -27.6
              ],
              "size": [
                11.0,
                7.0,
                8.2
              ],
              "uv": [
                0,
                19
              ],
              "inflate": 0
            }
          ],
          "parent": "Root"
        },
        {
          "name": "bone6",
          "pivot": [
            0,
            32.6,
            -26.3
          ],
          "cubes": [
            {
              "origin": [
                -3.0,
                31.6,
                -28.3
              ],
              "size": [
                6.0,
                2.0,
                2.0
              ],
              "uv": [
                50,
                29
              ],
              "inflate": 0
            },
            {
              "origin": [
                -3.0,
                31.6,
                -36.3
              ],
              "size": [
                6.0,
                2.0,
                2.0
              ],
              "uv": [
                50,
                25
              ],
              "inflate": 0
            },
            {
              "origin": [
                -4.0,
                31.6,
                -34.3
              ],
              "size": [
                8.0,
                2.0,
                6.0
              ],
              "uv": [
                30,
                13
              ],
              "inflate": 0
            }
          ],
          "parent": "Body",
          "rotation": [
            77.69408,
            6.1442,
            -5.63184
          ]
        },
        {
          "name": "bone7",
          "pivot": [
            0,
            32.6,
            -36.3
          ],
          "cubes": [
            {
              "origin": [
                -3.0,
                31.6,
                -46.3
              ],
              "size": [
                6.0,
                2.0,
                10.0
              ],
              "uv": [
                28,
                24
              ],
              "inflate": 0
            },
            {
              "origin": [
                -2.0,
                31.6,
                -47.3
              ],
              "size": [
                4.0,
                2.0,
                1.0
              ],
              "uv": [
                30,
                0
              ],
              "inflate": 0
            }
          ],
          "parent": "bone6",
          "rotation": [
            71.52161,
            5.56985,
            17.75359
          ]
        },
        {
          "name": "Head",
          "pivot": [
            0,
            41,
            -27
          ],
          "cubes": [
            {
              "origin": [
                -1.3,
                39.7,
                -28.5
              ],
              "size": [
                2.6,
                2.6,
                2.0
              ],
              "uv": [
                18,
                34
              ],
              "inflate": 0
            },
            {
              "origin": [
                -1.0,
                40.0,
                -28.6
              ],
              "size": [
                2.0,
                2.0,
                0.0
              ],
              "uv": [
                0,
                4
              ],
              "inflate": 0
            }
          ],
          "parent": "Body",
          "rotation": [
            22.5,
            0,
            0
          ]
        },
        {
          "name": "bone5",
          "pivot": [
            -0.7,
            44,
            -24
          ],
          "cubes": [
            {
              "origin": [
                -3.7,
                43.0,
                -26.5
              ],
              "size": [
                6.0,
                2.0,
                6.0
              ],
              "uv": [
                0,
                34
              ],
              "inflate": 0
            },
            {
              "origin": [
                -2.6,
                46.0,
                -25.4
              ],
              "size": [
                3.8,
                3.0,
                3.8
              ],
              "uv": [
                58,
                14
              ],
              "inflate": 0
            },
            {
              "origin": [
                -3.2,
                45.0,
                -26.0
              ],
              "size": [
                5.0,
                2.0,
                5.0
              ],
              "uv": [
                16,
                49
              ],
              "inflate": 0
            },
            {
              "origin": [
                -2.0,
                48.0,
                -24.8
              ],
              "size": [
                2.6,
                2.0,
                2.6
              ],
              "uv": [
                0,
                19
              ],
              "inflate": 0
            }
          ],
          "parent": "Body",
          "rotation": [
            0,
            -5,
            -2.5
          ]
        },
        {
          "name": "LeftArm",
          "pivot": [
            4,
            34,
            -24
          ],
          "cubes": [
            {
              "origin": [
                3.5,
                25.0,
                -25.5
              ],
              "size": [
                4.0,
                9.0,
                4.0
              ],
              "uv": [
                24,
                36
              ],
              "inflate": 0
            }
          ],
          "parent": "Body",
          "rotation": [
            0,
            0,
            -105
          ]
        },
        {
          "name": "bone4",
          "pivot": [
            6,
            25,
            -24
          ],
          "cubes": [
            {
              "origin": [
                4.0,
                15.0,
                -25.0
              ],
              "size": [
                3.0,
                11.0,
                3.0
              ],
              "uv": [
                52,
                0
              ],
              "inflate": 0
            }
          ],
          "parent": "LeftArm",
          "rotation": [
            40,
            0,
            0
          ]
        },
        {
          "name": "RightArm",
          "pivot": [
            -4,
            34,
            -24
          ],
          "cubes": [
            {
              "origin": [
                -7.5,
                25.0,
                -25.5
              ],
              "size": [
                4.0,
                9.0,
                4.0
              ],
              "uv": [
                36,
                0
              ],
              "inflate": 0
            }
          ],
          "parent": "Body",
          "rotation": [
            0,
            0,
            105
          ]
        },
        {
          "name": "bone2",
          "pivot": [
            -6,
            25,
            -24
          ],
          "cubes": [
            {
              "origin": [
                -7.0,
                15.0,
                -25.0
              ],
              "size": [
                3.0,
                11.0,
                3.0
              ],
              "uv": [
                50,
                51
              ],
              "inflate": 0
            }
          ],
          "parent": "RightArm",
          "rotation": [
            40,
            0,
            0
          ]
        },
        {
          "name": "bone9",
          "pivot": [
            -3,
            38,
            -27
          ],
          "cubes": [
            {
              "origin": [
                -4.3,
                36.7,
                -28.5
              ],
              "size": [
                2.6,
                2.6,
                2.0
              ],
              "uv": [
                30,
                21
              ],
              "inflate": 0
            },
            {
              "origin": [
                -4.0,
                37.0,
                -28.6
              ],
              "size": [
                2.0,
                2.0,
                0.0
              ],
              "uv": [
                0,
                2
              ],
              "inflate": 0
            }
          ],
          "parent": "Body",
          "rotation": [
            2.5,
            7.5,
            2.5
          ]
        },
        {
          "name": "bone10",
          "pivot": [
            3,
            38,
            -27
          ],
          "cubes": [
            {
              "origin": [
                1.7,
                36.7,
                -28.5
              ],
              "size": [
                2.6,
                2.6,
                2.0
              ],
              "uv": [
                0,
                23
              ],
              "inflate": 0
            },
            {
              "origin": [
                2.0,
                37.0,
                -28.6
              ],
              "size": [
                2.0,
                2.0,
                0.0
              ],
              "uv": [
                0,
                0
              ],
              "inflate": 0
            }
          ],
          "parent": "Body",
          "rotation": [
            2.5,
            -7.5,
            -2.5
          ]
        },
        {
          "name": "LeftLeg",
          "pivot": [
            3,
            24,
            -24
          ],
          "cubes": [
            {
              "origin": [
                1.8,
                16.0,
                -25.2
              ],
              "size": [
                3.4,
                9.0,
                3.4
              ],
              "uv": [
                10,
                56
              ],
              "inflate": 0
            }
          ],
          "parent": "Root",
          "rotation": [
            5.5087,
            -3.32943,
            -12.47857
          ]
        },
        {
          "name": "bone3",
          "pivot": [
            4,
            16,
            -24
          ],
          "cubes": [
            {
              "origin": [
                1.3,
                7.0,
                -25.7
              ],
              "size": [
                4.4,
                9.0,
                4.4
              ],
              "uv": [
                40,
                36
              ],
              "inflate": 0
            }
          ],
          "parent": "LeftLeg",
          "rotation": [
            40,
            0,
            0
          ]
        },
        {
          "name": "RightLeg",
          "pivot": [
            -3,
            24,
            -24
          ],
          "cubes": [
            {
              "origin": [
                -5.2,
                16.0,
                -25.2
              ],
              "size": [
                3.4,
                9.0,
                3.4
              ],
              "uv": [
                56,
                36
              ],
              "inflate": 0
            }
          ],
          "parent": "Root",
          "rotation": [
            5.5087,
            3.32943,
            12.47857
          ]
        },
        {
          "name": "bone",
          "pivot": [
            -4,
            16,
            -24
          ],
          "cubes": [
            {
              "origin": [
                -5.7,
                7.0,
                -25.7
              ],
              "size": [
                4.4,
                9.0,
                4.4
              ],
              "uv": [
                0,
                42
              ],
              "inflate": 0
            }
          ],
          "parent": "RightLeg",
          "rotation": [
            40,
            0,
            0
          ]
        }
      ]
    }
  ]
}