{
  "mob.os_b.attack": {
    "category": " neutral",
    "sounds": [
      "sounds/mob/os_b/attack"
    ]
  },
  "mob.os_j.attack": {
    "category": " neutral",
    "sounds": [
      "sounds/mob/os_j/attack"
    ]
  },
  "mob.os_o.attack": {
    "category": " neutral",
    "sounds": [
      "sounds/mob/os_o/attack"
    ]
  },
  "mob.os_nn.attack": {
    "category": " neutral",
    "sounds": [
      "sounds/mob/os_nn/attack"
    ]
  },
  "mob.os_ss.attack": {
    "category": " neutral",
    "sounds": [
      "sounds/mob/os_ss/attack"
    ]
  }
}