{
	"format_version": "1.10.0",
	"geometry.cherry": {
		"texturewidth": 64,
		"textureheight": 64,
		"visible_bounds_width": 3,
		"visible_bounds_height": 2,
		"visible_bounds_offset": [0, 0, 0],
		"bones": [
			{
				"name": "Body_whole",
				"pivot": [0, 0, 0]
			},
			{
				"name": "Cherry",
				"parent": "Body_whole",
				"pivot": [-4, -3, 0],
				"cubes": [
					{"origin": [-8, 7, -4], "size": [8, 8, 8], "uv": [0, 16]},
					{"origin": [-7, 6, -3], "size": [6, 1, 6], "uv": [0, 32]},
					{"origin": [-7, 15, -3], "size": [6, 1, 6], "uv": [26, 26]},
					{"origin": [0, 8, -3], "size": [1, 6, 6], "uv": [40, 40]},
					{"origin": [-9, 8, -3], "size": [1, 6, 6], "uv": [0, 39]},
					{"origin": [-7, 8, -5], "size": [6, 6, 1], "uv": [14, 45]},
					{"origin": [-7, 8, 4], "size": [6, 6, 1], "uv": [44, 23]}
				]
			},
			{
				"name": "Cherry2",
				"parent": "Body_whole",
				"pivot": [8, 2, 0],
				"cubes": [
					{"origin": [4, 12, -4], "size": [8, 8, 8], "uv": [0, 0]},
					{"origin": [5, 11, -3], "size": [6, 1, 6], "uv": [24, 16]},
					{"origin": [5, 20, -3], "size": [6, 1, 6], "uv": [24, 0]},
					{"origin": [12, 13, -3], "size": [1, 6, 6], "uv": [32, 33]},
					{"origin": [3, 13, -3], "size": [1, 6, 6], "uv": [18, 33]},
					{"origin": [5, 13, -5], "size": [6, 6, 1], "uv": [42, 14]},
					{"origin": [5, 13, 4], "size": [6, 6, 1], "uv": [32, 7]}
				]
			},
			{
				"name": "Stim",
				"parent": "Body_whole",
				"pivot": [-5.8, 0, 0],
				"rotation": [0, 0, 20],
				"cubes": [
					{"origin": [-8.8, 16, -1], "size": [2, 6, 2], "uv": [46, 5]}
				]
			},
			{
				"name": "Stim4",
				"parent": "Body_whole",
				"pivot": [6.3, 20.9, 0],
				"rotation": [0, 0, 12],
				"cubes": [
					{"origin": [5.01355, 20.49684, -1], "size": [2, 8.5, 2], "uv": [28, 45]}
				]
			},
			{
				"name": "Stim2",
				"parent": "Body_whole",
				"pivot": [0.2, 21.2, 0],
				"rotation": [0, 0, 40],
				"cubes": [
					{"origin": [-1.08645, 20.79684, -1], "size": [2, 6, 2], "uv": [0, 16]}
				]
			},
			{
				"name": "Stim3",
				"parent": "Body_whole",
				"pivot": [4, 25.7, 0],
				"rotation": [0, 0, 50],
				"cubes": [
					{"origin": [2.71355, 25.29684, -1], "size": [2, 6, 2], "uv": [0, 0]}
				]
			}
		]
	}
}