{
	"format_version": "1.12.0",
	"minecraft:geometry": [
		{
			"description": {
				"identifier": "geometry.ghost",
				"texture_width": 128,
				"texture_height": 128,
				"visible_bounds_width": 2,
				"visible_bounds_height": 2,
				"visible_bounds_offset": [0, 0, 0]
			},
			"bones": [
				{
					"name": "Body_whole",
					"pivot": [0, 0, 0]
				},
				{
					"name": "Body",
					"parent": "Body_whole",
					"pivot": [0, 13, 1]
				},
				{
					"name": "BodyLayer",
					"parent": "Body",
					"pivot": [-1, 0, 1],
					"rotation": [0, 0, 5],
					"cubes": [
						{"origin": [-6.7, 2.3, -5], "size": [1, 6, 11], "pivot": [-5.7, 7.3, 1], "rotation": [0, 0, -20], "uv": [77, 6]},
						{"origin": [-6.19599, 4.12832, -5], "size": [1.4, 6, 11], "pivot": [-5.7, 7.3, 1], "rotation": [0, 0, -20], "uv": [64, 43]},
						{"origin": [-4.80233, 5.51851, -5], "size": [1, 6, 11], "pivot": [-5.7, 7.3, 1], "rotation": [0, 0, -20], "uv": [64, 26]},
						{"origin": [-2.36349, 2.91564, -5], "size": [1.4, 6.5, 11], "pivot": [-5.7, 7.3, 1], "rotation": [0, 0, -20], "uv": [64, 0]},
						{"origin": [-1.26122, 4.05204, -5], "size": [1.1, 6, 11], "pivot": [-5.7, 7.3, 1], "rotation": [0, 0, -20], "uv": [64, 64]},
						{"origin": [0.78127, 2.19603, -5], "size": [1.7, 6.5, 11], "pivot": [-5.7, 7.3, 1], "rotation": [0, 0, -20], "uv": [30, 59]},
						{"origin": [2.49388, 3.77056, -5], "size": [1, 6, 11], "pivot": [-5.7, 7.3, 1], "rotation": [0, 0, -20], "uv": [0, 56]},
						{"origin": [-5.50612, -3.02944, -5], "size": [3, 9.8, 11], "pivot": [-5.7, 7.3, 1], "rotation": [0, 0, -95], "uv": [36, 0]},
						{"origin": [5.49388, -2.82944, -5], "size": [2.5, 9.4, 11], "pivot": [-5.7, 7.3, 1], "rotation": [0, 0, -95], "uv": [15, 47]},
						{"origin": [-3.50612, -4.02944, -5], "size": [3, 12.7, 11], "pivot": [-5.7, 7.3, 1], "rotation": [0, 0, -95], "uv": [19, 19]},
						{"origin": [-1.80612, -4.62944, -5], "size": [4.7, 13.7, 11], "pivot": [-5.7, 7.3, 1], "rotation": [0, 0, -95], "uv": [0, 0]},
						{"origin": [2.49388, -4.12944, -5], "size": [2.2, 12.9, 11], "pivot": [-5.7, 7.3, 1], "rotation": [0, 0, -95], "uv": [0, 31]},
						{"origin": [4.49388, -3.72944, -5], "size": [2.1, 11.7, 11], "pivot": [-5.7, 7.3, 1], "rotation": [0, 0, -95], "uv": [36, 36]},
						{"origin": [6.49388, -2.42944, -5], "size": [1.9, 8.7, 11], "pivot": [-5.7, 7.3, 1], "rotation": [0, 0, -95], "uv": [51, 51]},
						{"origin": [-4, 2.6, -5], "size": [1, 6, 11], "pivot": [-3, 7.6, 1], "rotation": [0, 0, 11], "uv": [77, 77]},
						{"origin": [-3.3, 2.7, -5], "size": [1, 6, 11], "pivot": [-2.3, 7.7, 1], "rotation": [0, 0, -31], "uv": [26, 76]},
						{"origin": [0, 3.3, -5], "size": [1, 6, 11], "pivot": [1, 8.3, 1], "rotation": [0, 0, 9], "uv": [0, 73]},
						{"origin": [0.6, 3.3, -5], "size": [1, 6, 11], "pivot": [1.6, 8.3, 1], "rotation": [0, 0, -19], "uv": [43, 70]},
						{"origin": [1.6, -0.2, -5], "size": [1, 6, 11], "pivot": [2.6, 4.8, 1], "rotation": [0, 0, -164], "uv": [13, 67]},
						{"origin": [4.84678, 9.0417, -5], "size": [1, 4, 11], "pivot": [5.51275, 11.61181, 1], "rotation": [0, 0, 21], "uv": [90, 0]},
						{"origin": [-8.15585, 8.26358, -5], "size": [1, 4.2, 11], "pivot": [-6.34197, 10.57466, 1], "rotation": [0, 0, -25], "uv": [90, 90]},
						{"origin": [-8.97826, 11.52799, -5], "size": [1, 4, 11], "pivot": [-8.73031, 13.77869, 1], "rotation": [0, 0, -5], "uv": [0, 90]},
						{"origin": [5.22174, 11.52799, -5], "size": [1, 4, 11], "pivot": [-8.73031, 13.77869, 1], "rotation": [0, 0, -5], "uv": [39, 87]},
						{"origin": [4.16427, 16.63752, -5], "size": [1, 4, 11], "pivot": [4.86779, 18.98365, 1], "rotation": [0, 0, -21], "uv": [13, 84]},
						{"origin": [-6.87637, 10.71987, -5], "size": [1, 4.2, 11], "pivot": [4.86779, 18.98365, 1], "rotation": [0, 0, 21], "uv": [56, 83]},
						{"origin": [-6.34653, 19.21876, -5], "size": [1, 4, 11], "pivot": [-6.65067, 20.98737, 1], "rotation": [0, 0, 39], "uv": [77, 49]},
						{"origin": [-8.05049, 22.70613, -5], "size": [1, 6.9, 11], "pivot": [-6.65067, 20.98737, 1], "rotation": [0, 0, 85], "uv": [51, 20]},
						{"origin": [2.69129, 21.30023, -5], "size": [1, 4, 11], "pivot": [5.20404, 22.02453, 1], "rotation": [0, 0, -47], "uv": [77, 32]}
					]
				},
				{
					"name": "Eye",
					"parent": "Body",
					"pivot": [-1, 0, 1.4],
					"cubes": [
						{"origin": [-4, 15, -5.6], "size": [2, 4, 1], "uv": [0, 5]},
						{"origin": [-5, 16, -5.6], "size": [1, 2, 1], "uv": [19, 0]},
						{"origin": [-2, 16, -5.6], "size": [1, 2, 1], "uv": [6, 3]}
					]
				},
				{
					"name": "Eye2",
					"parent": "Body",
					"pivot": [5, 0, 1.3],
					"cubes": [
						{"origin": [2, 15, -5.7], "size": [2, 4, 1], "uv": [0, 0]},
						{"origin": [1, 16, -5.7], "size": [1, 2, 1], "uv": [6, 0]},
						{"origin": [4, 16, -5.7], "size": [1, 2, 1], "uv": [6, 6]}
					]
				},
				{
					"name": "Lids",
					"parent": "Body",
					"pivot": [0, 13, 1],
					"cubes": [
						{"origin": [-5, 19, -6], "size": [4, 3, 1], "uv": [37, 13]},
						{"origin": [1, 19, -6], "size": [4, 3, 1], "uv": [37, 13]}
					]
				}
			]
		}
	]
}