{
	"format_version": "1.12.0",
	"minecraft:geometry": [
		{
			"description": {
				"identifier": "geometry.pac_man",
				"texture_width": 128,
				"texture_height": 128,
				"visible_bounds_width": 3,
				"visible_bounds_height": 2,
				"visible_bounds_offset": [0, 0, 0]
			},
			"bones": [
				{
					"name": "Body_whole",
					"pivot": [0, 0, 1]
				},
				{
					"name": "Waist",
					"parent": "Body_whole",
					"pivot": [0, 0, 1]
				},
				{
					"name": "Body2",
					"parent": "Waist",
					"pivot": [0, 0, 1]
				},
				{
					"name": "Body",
					"parent": "Body2",
					"pivot": [0, 10.7, 1.5],
					"cubes": [
						{"origin": [-5, 3.3, 4.8], "size": [10, 9.4, 1], "uv": [45, 69]},
						{"origin": [-5, 5.7, 6.6], "size": [10, 7, 0.8], "uv": [24, 47]},
						{"origin": [-5, 6.7, 6.8], "size": [10, 5, 1.6], "uv": [80, 5]},
						{"origin": [-5, 4.1, 5.8], "size": [10, 8.6, 1], "uv": [0, 78]},
						{"origin": [-5, 2.5, 3.8], "size": [10, 10.2, 1], "uv": [46, 56]},
						{"origin": [-5, 5.7, -0.2], "size": [10, 5, 2], "uv": [70, 34]},
						{"origin": [-5, 9.23341, 8.37984], "size": [10, 1, 2.4], "pivot": [0, 8.8, 8.4], "rotation": [86, 0, 0], "uv": [79, 30]},
						{"origin": [-5, 4.56379, 5.1306], "size": [10, 1, 4.4], "pivot": [0, 5.1, 6.9], "rotation": [57, 0, 0], "uv": [56, 8]},
						{"origin": [-5, 7.3, -13.4], "size": [10, 1, 7.4], "pivot": [0, 7.3, -7], "rotation": [-138, 0, 0], "uv": [0, 8]},
						{"origin": [-5, 1.7, 1.8], "size": [10, 11, 2], "uv": [0, 24]},
						{"origin": [-5, 1.5, 0.8], "size": [10, 9.2, 2], "uv": [44, 45]},
						{"origin": [-5, 1.6, -1.2], "size": [10, 9.1, 2], "uv": [22, 36]},
						{"origin": [-5, 1.6, -2.2], "size": [10, 9.1, 2], "uv": [0, 45]},
						{"origin": [-5, 1.7, -3.2], "size": [10, 9, 1], "uv": [67, 69]},
						{"origin": [-5, 2.5, -4.2], "size": [10, 7.1, 1], "uv": [71, 79]},
						{"origin": [-5, 3.1, -5.2], "size": [10, 5.8, 1], "uv": [45, 83]},
						{"origin": [-5, 3.7, -6.2], "size": [10, 4.1, 1], "uv": [0, 87]},
						{"origin": [-5, 4.7, -7.2], "size": [10, 2.3, 1], "uv": [67, 87]}
					]
				},
				{
					"name": "Layer4",
					"parent": "Body",
					"pivot": [0, 2.2, 4],
					"cubes": [
						{"origin": [-5, 0.66379, -1.5694], "size": [10, 1, 4.4], "pivot": [0, 1.2, 0.2], "rotation": [1, 0, 0], "uv": [58, 13]}
					]
				},
				{
					"name": "Layer3",
					"parent": "Body",
					"pivot": [0, 5.1, 6.9],
					"cubes": [
						{"origin": [-5, 1.66379, 2.2306], "size": [10, 1, 4.4], "pivot": [0, 2.2, 4], "rotation": [37, 0, 0], "uv": [58, 0]}
					]
				},
				{
					"name": "Layer2",
					"parent": "Body",
					"pivot": [0, 8.8, 8.4],
					"cubes": [
						{"origin": [-5, 4.56379, 5.1306], "size": [10, 1, 4.4], "pivot": [0, 5.1, 6.9], "rotation": [57, 0, 0], "uv": [46, 31]}
					]
				},
				{
					"name": "Layer1",
					"parent": "Body",
					"pivot": [0, 10.7, 1.5],
					"cubes": [
						{"origin": [-5, 8.26379, 6.6306], "size": [10, 1, 2.4], "pivot": [0, 8.8, 8.4], "rotation": [86, 0, 0], "uv": [22, 87]}
					]
				},
				{
					"name": "Layer5",
					"parent": "Body",
					"pivot": [0, 10.7, 1.5],
					"cubes": [
						{"origin": [-5, 1.76379, -5.4694], "size": [10, 1, 4.4], "pivot": [0, 2.3, -3.7], "rotation": [-28, 0, 0], "uv": [58, 18]}
					]
				},
				{
					"name": "Layer6",
					"parent": "Body",
					"pivot": [0, 2.3, -3.7],
					"cubes": [
						{"origin": [-5, 1.2, -10.6], "size": [10, 1, 4.4], "pivot": [0, 1.2, -4.2], "rotation": [-48, 0, 0], "uv": [68, 46]}
					]
				},
				{
					"name": "Jaw",
					"parent": "Body2",
					"pivot": [0, 10, 1.6],
					"cubes": [
						{"origin": [-5, 6.7, 5.8], "size": [10, 6.3, 2.2], "uv": [0, 70]},
						{"origin": [-5, 10.7, 6.8], "size": [10, 4.3, 0.3], "uv": [24, 70]},
						{"origin": [-5, 6.5, 5.8], "size": [10, 9.2, 1], "uv": [23, 77]},
						{"origin": [-5, 6.5, 4.8], "size": [10, 10.2, 1], "uv": [57, 23]},
						{"origin": [-5, 6.7, 3.8], "size": [10, 11, 1], "uv": [0, 56]},
						{"origin": [-5, 8.7, -1.2], "size": [10, 10.9, 2], "uv": [34, 0]},
						{"origin": [-5, 15.2, -6.2], "size": [10, 2.4, 1], "uv": [58, 5]},
						{"origin": [-5, 13.8, -5.2], "size": [10, 4.7, 1], "uv": [85, 17]},
						{"origin": [-5, 12.8, -4.2], "size": [10, 6.1, 1], "uv": [79, 23]},
						{"origin": [-5, 11.6, -3.2], "size": [10, 7.3, 1], "uv": [0, 37]},
						{"origin": [-5, 8.7, 0.8], "size": [10, 10, 2], "uv": [24, 24]},
						{"origin": [-5, 9.7, -2.2], "size": [10, 10, 2], "uv": [34, 12]},
						{"origin": [-5, 9.7, -0.2], "size": [10, 9, 2], "uv": [22, 54]},
						{"origin": [-5, 8.7, 1.8], "size": [10, 9.7, 2], "uv": [46, 34]},
						{"origin": [-5, 11, -9.4], "size": [10, 1, 7.4], "pivot": [0, 11, -3], "rotation": [-51, 0, 0], "uv": [0, 16]}
					]
				},
				{
					"name": "Layer9",
					"parent": "Jaw",
					"pivot": [0, 16.4, 5.4],
					"cubes": [
						{"origin": [-5, 16.05138, 3.08478], "size": [10, 1, 4.3], "pivot": [0, 16.4, 5.4], "rotation": [-45, 0, 0], "uv": [18, 65]}
					]
				},
				{
					"name": "Layer7",
					"parent": "Jaw",
					"pivot": [0, 11, 8.3],
					"cubes": [
						{"origin": [-5, 10.46379, 6.5306], "size": [10, 1, 2.2], "pivot": [0, 11, 8.3], "rotation": [94, 0, 0], "uv": [82, 14]}
					]
				},
				{
					"name": "Layer8",
					"parent": "Jaw",
					"pivot": [0, 10, 1.6],
					"cubes": [
						{"origin": [-5, 12.65138, 5.08478], "size": [10, 1, 4.4], "pivot": [0, 13, 7.5], "rotation": [-70, 0, 0], "uv": [64, 64]}
					]
				},
				{
					"name": "Layer10",
					"parent": "Jaw",
					"pivot": [0, 10, 1.6],
					"cubes": [
						{"origin": [-5, 18.25138, -0.31522], "size": [10, 1, 4.4], "pivot": [0, 18.6, 2.1], "rotation": [-20, 0, 0], "uv": [66, 41]}
					]
				},
				{
					"name": "Layer11",
					"parent": "Jaw",
					"pivot": [0, 10, 1.6],
					"cubes": [
						{"origin": [-5, 18.85138, -4.31522], "size": [10, 1, 4.4], "pivot": [0, 19.2, -1.9], "rotation": [5, 0, 0], "uv": [67, 52]}
					]
				},
				{
					"name": "Layer12",
					"parent": "Jaw",
					"pivot": [0, 10, 1.6],
					"cubes": [
						{"origin": [-5, 20.2, -8.6], "size": [10, 1, 4.4], "pivot": [0, 20.2, -2.2], "rotation": [42, 0, 0], "uv": [68, 57]}
					]
				},
				{
					"name": "Cover",
					"parent": "Body2",
					"pivot": [0, 0, -3.1],
					"cubes": [
						{"origin": [-5, 8.26379, 6.5306], "size": [10, 1, 2.4], "pivot": [0, 8.8, 8.3], "rotation": [86, 0, 0], "uv": [82, 11]},
						{"origin": [-5, 10.46379, 6.4306], "size": [10, 1, 2.2], "pivot": [0, 11, 8.2], "rotation": [94, 0, 0], "uv": [82, 0]},
						{"origin": [-5, 6.46379, 5.0306], "size": [10, 1, 3.4], "pivot": [0, 7, 8], "rotation": [52, 0, 0], "uv": [45, 79]},
						{"origin": [-5, 11.2, 7.7], "size": [10, 1, 1], "pivot": [0, 11.2, 7.7], "rotation": [13, 0, 0], "uv": [42, 67]}
					]
				}
			]
		}
	]
}