{
	"format_version": "1.10.0",
	"geometry.pelot": {
		"texturewidth": 64,
		"textureheight": 64,
		"visible_bounds_width": 2,
		"visible_bounds_height": 2,
		"visible_bounds_offset": [0, 0, 0],
		"bones": [
			{
				"name": "Body_whole",
				"pivot": [0, 0, 0]
			},
			{
				"name": "pelot",
				"parent": "Body_whole",
				"pivot": [0, 0, 0],
				"cubes": [
					{"origin": [-4, 10, -4], "size": [8, 8, 8], "uv": [0, 0]},
					{"origin": [-3, 9, -3], "size": [6, 1, 6], "uv": [0, 0]},
					{"origin": [-3, 18, -3], "size": [6, 1, 6], "uv": [0, 0]},
					{"origin": [4, 11, -3], "size": [1, 6, 6], "uv": [0, 0]},
					{"origin": [-5, 11, -3], "size": [1, 6, 6], "uv": [0, 0]},
					{"origin": [-3, 11, -5], "size": [6, 6, 1], "uv": [0, 0]},
					{"origin": [-3, 11, 4], "size": [6, 6, 1], "uv": [0, 0]}
				]
			}
		]
	}
}