{
	"format_version": "1.12.0",
	"minecraft:geometry": [
		{
			"description": {
				"identifier": "geometry.scardey",
				"texture_width": 256,
				"texture_height": 256,
				"visible_bounds_width": 2,
				"visible_bounds_height": 2,
				"visible_bounds_offset": [0, 0, 0]
			},
			"bones": [
				{
					"name": "Body_whole",
					"pivot": [0, 0, 0]
				},
				{
					"name": "Body",
					"parent": "Body_whole",
					"pivot": [0, 13, 1]
				},
				{
					"name": "BodyLayer",
					"parent": "Body",
					"pivot": [-1, 0, 1],
					"rotation": [0, 0, 5],
					"cubes": [
						{"origin": [-6.7, 2.3, -5], "size": [1, 6, 11], "pivot": [-5.7, 7.3, 1], "rotation": [0, 0, -20], "uv": [111, 89]},
						{"origin": [-6.19599, 4.12832, -5], "size": [1.4, 6, 11], "pivot": [-5.7, 7.3, 1], "rotation": [0, 0, -20], "uv": [111, 72]},
						{"origin": [-4.80233, 5.51851, -5], "size": [1, 6, 11], "pivot": [-5.7, 7.3, 1], "rotation": [0, 0, -20], "uv": [111, 55]},
						{"origin": [-2.36349, 2.91564, -5], "size": [1.4, 6.5, 11], "pivot": [-5.7, 7.3, 1], "rotation": [0, 0, -20], "uv": [111, 111]},
						{"origin": [-1.26122, 4.05204, -5], "size": [1.1, 6, 11], "pivot": [-5.7, 7.3, 1], "rotation": [0, 0, -20], "uv": [54, 110]},
						{"origin": [0.78127, 2.19603, -5], "size": [1.7, 6.5, 11], "pivot": [-5.7, 7.3, 1], "rotation": [0, 0, -20], "uv": [13, 109]},
						{"origin": [2.49388, 3.77056, -5], "size": [1, 6, 11], "pivot": [-5.7, 7.3, 1], "rotation": [0, 0, -20], "uv": [107, 32]},
						{"origin": [-5.50612, -3.02944, -5], "size": [3, 9.8, 11], "pivot": [-5.7, 7.3, 1], "rotation": [0, 0, -95], "uv": [32, 64]},
						{"origin": [5.49388, -2.82944, -5], "size": [2.5, 9.4, 11], "pivot": [-5.7, 7.3, 1], "rotation": [0, 0, -95], "uv": [68, 0]},
						{"origin": [-3.50612, -4.02944, -5], "size": [3, 12.7, 11], "pivot": [-5.7, 7.3, 1], "rotation": [0, 0, -95], "uv": [38, 38]},
						{"origin": [-1.80612, -4.62944, -5], "size": [4.7, 13.7, 11], "pivot": [-5.7, 7.3, 1], "rotation": [0, 0, -95], "uv": [19, 19]},
						{"origin": [2.49388, -4.12944, -5], "size": [2.2, 12.9, 11], "pivot": [-5.7, 7.3, 1], "rotation": [0, 0, -95], "uv": [17, 50]},
						{"origin": [4.49388, -3.72944, -5], "size": [2.1, 11.7, 11], "pivot": [-5.7, 7.3, 1], "rotation": [0, 0, -95], "uv": [0, 62]},
						{"origin": [6.49388, -2.42944, -5], "size": [1.9, 8.7, 11], "pivot": [-5.7, 7.3, 1], "rotation": [0, 0, -95], "uv": [15, 73]},
						{"origin": [-4, 2.6, -5], "size": [1, 6, 11], "pivot": [-3, 7.6, 1], "rotation": [0, 0, 11], "uv": [107, 6]},
						{"origin": [-3.3, 2.7, -5], "size": [1, 6, 11], "pivot": [-2.3, 7.7, 1], "rotation": [0, 0, -31], "uv": [75, 104]},
						{"origin": [0, 3.3, -5], "size": [1, 6, 11], "pivot": [1, 8.3, 1], "rotation": [0, 0, 9], "uv": [26, 103]},
						{"origin": [0.6, 3.3, -5], "size": [1, 6, 11], "pivot": [1.6, 8.3, 1], "rotation": [0, 0, -19], "uv": [0, 101]},
						{"origin": [1.6, -0.2, -5], "size": [1, 6, 11], "pivot": [2.6, 4.8, 1], "rotation": [0, 0, -164], "uv": [98, 66]},
						{"origin": [4.84678, 9.0417, -5], "size": [1, 4, 11], "pivot": [5.51275, 11.61181, 1], "rotation": [0, 0, 21], "uv": [39, 131]},
						{"origin": [-8.15585, 8.26358, -5], "size": [1, 4.2, 11], "pivot": [-6.34197, 10.57466, 1], "rotation": [0, 0, -25], "uv": [101, 128]},
						{"origin": [-8.97826, 11.52799, -5], "size": [1, 4, 11], "pivot": [-8.73031, 13.77869, 1], "rotation": [0, 0, -5], "uv": [52, 127]},
						{"origin": [5.22174, 11.52799, -5], "size": [1, 4, 11], "pivot": [-8.73031, 13.77869, 1], "rotation": [0, 0, -5], "uv": [13, 126]},
						{"origin": [4.16427, 16.63752, -5], "size": [1, 4, 11], "pivot": [4.86779, 18.98365, 1], "rotation": [0, 0, -21], "uv": [124, 95]},
						{"origin": [-6.87637, 10.71987, -5], "size": [1, 4.2, 11], "pivot": [4.86779, 18.98365, 1], "rotation": [0, 0, 21], "uv": [124, 78]},
						{"origin": [-6.34653, 19.21876, -5], "size": [1, 4, 11], "pivot": [-6.65067, 20.98737, 1], "rotation": [0, 0, 39], "uv": [124, 61]},
						{"origin": [-8.05049, 22.70613, -5], "size": [1, 6.9, 11], "pivot": [-6.65067, 20.98737, 1], "rotation": [0, 0, 85], "uv": [98, 49]},
						{"origin": [2.69129, 21.30023, -5], "size": [1, 4, 11], "pivot": [5.20404, 22.02453, 1], "rotation": [0, 0, -47], "uv": [124, 124]}
					]
				},
				{
					"name": "Eye",
					"parent": "Body",
					"pivot": [-1, 0, 1.4],
					"cubes": [
						{"origin": [-4.4, 16, -5.6], "size": [3, 3, 1], "uv": [0, 28]}
					]
				},
				{
					"name": "Eye2",
					"parent": "Body",
					"pivot": [5, 0, 1.3],
					"cubes": [
						{"origin": [1.4, 16, -5.7], "size": [3, 3, 1], "uv": [16, 24]}
					]
				},
				{
					"name": "Lids",
					"parent": "Body",
					"pivot": [0, 13, 1],
					"cubes": [
						{"origin": [-5, 19, -6], "size": [4, 3, 1], "uv": [19, 4]},
						{"origin": [1, 19, -6], "size": [4, 3, 1], "uv": [19, 0]}
					]
				},
				{
					"name": "Mouth",
					"parent": "Body",
					"pivot": [0, 13, 1],
					"cubes": [
						{"origin": [-3.6, 14, -6], "size": [2, 1, 1], "uv": [14, 28]},
						{"origin": [-1.6, 13, -6], "size": [2, 1, 1], "uv": [8, 28]},
						{"origin": [0.4, 14, -6], "size": [2, 1, 1], "uv": [24, 26]},
						{"origin": [2.4, 13, -6], "size": [2, 1, 1], "uv": [24, 9]},
						{"origin": [-4.6, 13, -6], "size": [1, 1, 1], "uv": [24, 28]}
					]
				},
				{
					"name": "Body_whole2",
					"pivot": [0, 0, 1]
				},
				{
					"name": "Body2",
					"parent": "Body_whole2",
					"pivot": [0, 13, 2]
				},
				{
					"name": "BodyLayer2",
					"parent": "Body2",
					"pivot": [-1, 0, 2],
					"rotation": [0, 0, 5],
					"cubes": [
						{"origin": [-6.7, 2.3, -4], "size": [1, 6, 11], "pivot": [-5.7, 7.3, 2], "rotation": [0, 0, -20], "uv": [98, 98]},
						{"origin": [-6.19599, 4.12832, -4], "size": [1.4, 6, 11], "pivot": [-5.7, 7.3, 2], "rotation": [0, 0, -20], "uv": [41, 97]},
						{"origin": [-4.80233, 5.51851, -4], "size": [1, 6, 11], "pivot": [-5.7, 7.3, 2], "rotation": [0, 0, -20], "uv": [94, 26]},
						{"origin": [-2.36349, 2.91564, -4], "size": [1.4, 6.5, 11], "pivot": [-5.7, 7.3, 2], "rotation": [0, 0, -20], "uv": [94, 0]},
						{"origin": [-1.26122, 4.05204, -4], "size": [1.1, 6, 11], "pivot": [-5.7, 7.3, 2], "rotation": [0, 0, -20], "uv": [13, 92]},
						{"origin": [0.78127, 2.19603, -4], "size": [1.7, 6.5, 11], "pivot": [-5.7, 7.3, 2], "rotation": [0, 0, -20], "uv": [62, 91]},
						{"origin": [2.49388, 3.77056, -4], "size": [1, 6, 11], "pivot": [-5.7, 7.3, 2], "rotation": [0, 0, -20], "uv": [28, 86]},
						{"origin": [-5.50612, -3.02944, -4], "size": [3, 9.8, 11], "pivot": [-5.7, 7.3, 2], "rotation": [0, 0, -95], "uv": [55, 55]},
						{"origin": [5.49388, -2.82944, -4], "size": [2.5, 9.4, 11], "pivot": [-5.7, 7.3, 2], "rotation": [0, 0, -95], "uv": [66, 34]},
						{"origin": [-3.50612, -4.02944, -4], "size": [3, 12.7, 11], "pivot": [-5.7, 7.3, 2], "rotation": [0, 0, -95], "uv": [0, 32]},
						{"origin": [-1.80612, -4.62944, -4], "size": [4.7, 13.7, 11], "pivot": [-5.7, 7.3, 2], "rotation": [0, 0, -95], "uv": [0, 0]},
						{"origin": [2.49388, -4.12944, -4], "size": [2.2, 12.9, 11], "pivot": [-5.7, 7.3, 2], "rotation": [0, 0, -95], "uv": [38, 0]},
						{"origin": [4.49388, -3.72944, -4], "size": [2.1, 11.7, 11], "pivot": [-5.7, 7.3, 2], "rotation": [0, 0, -95], "uv": [53, 12]},
						{"origin": [6.49388, -2.42944, -4], "size": [1.9, 8.7, 11], "pivot": [-5.7, 7.3, 2], "rotation": [0, 0, -95], "uv": [72, 72]},
						{"origin": [-4, 2.6, -4], "size": [1, 6, 11], "pivot": [-3, 7.6, 2], "rotation": [0, 0, 11], "uv": [85, 60]},
						{"origin": [-3.3, 2.7, -4], "size": [1, 6, 11], "pivot": [-2.3, 7.7, 2], "rotation": [0, 0, -31], "uv": [85, 85]},
						{"origin": [0, 3.3, -4], "size": [1, 6, 11], "pivot": [1, 8.3, 2], "rotation": [0, 0, 9], "uv": [0, 84]},
						{"origin": [0.6, 3.3, -4], "size": [1, 6, 11], "pivot": [1.6, 8.3, 2], "rotation": [0, 0, -19], "uv": [81, 43]},
						{"origin": [1.6, -0.2, -4], "size": [1, 6, 11], "pivot": [2.6, 4.8, 2], "rotation": [0, 0, -164], "uv": [81, 20]},
						{"origin": [4.84678, 9.0417, -4], "size": [1, 4, 11], "pivot": [5.51275, 11.61181, 2], "rotation": [0, 0, 21], "uv": [67, 121]},
						{"origin": [-8.15585, 8.26358, -4], "size": [1, 4.2, 11], "pivot": [-6.34197, 10.57466, 2], "rotation": [0, 0, -25], "uv": [120, 38]},
						{"origin": [-8.97826, 11.52799, -4], "size": [1, 4, 11], "pivot": [-8.73031, 13.77869, 2], "rotation": [0, 0, -5], "uv": [120, 15]},
						{"origin": [5.22174, 11.52799, -4], "size": [1, 4, 11], "pivot": [-8.73031, 13.77869, 2], "rotation": [0, 0, -5], "uv": [120, 0]},
						{"origin": [4.16427, 16.63752, -4], "size": [1, 4, 11], "pivot": [4.86779, 18.98365, 2], "rotation": [0, 0, -21], "uv": [26, 120]},
						{"origin": [-6.87637, 10.71987, -4], "size": [1, 4.2, 11], "pivot": [4.86779, 18.98365, 2], "rotation": [0, 0, 21], "uv": [0, 118]},
						{"origin": [-6.34653, 19.21876, -4], "size": [1, 4, 11], "pivot": [-6.65067, 20.98737, 2], "rotation": [0, 0, 39], "uv": [88, 117]},
						{"origin": [-8.05049, 22.70613, -4], "size": [1, 6.9, 11], "pivot": [-6.65067, 20.98737, 2], "rotation": [0, 0, 85], "uv": [49, 80]},
						{"origin": [2.69129, 21.30023, -4], "size": [1, 4, 11], "pivot": [5.20404, 22.02453, 2], "rotation": [0, 0, -47], "uv": [39, 116]}
					]
				},
				{
					"name": "Eye3",
					"parent": "Body2",
					"pivot": [-1, 0, 2.4],
					"cubes": [
						{"origin": [-4.4, 16, -4.6], "size": [3, 3, 1], "uv": [8, 24]}
					]
				},
				{
					"name": "Eye4",
					"parent": "Body2",
					"pivot": [5, 0, 2.3],
					"cubes": [
						{"origin": [1.4, 16, -4.7], "size": [3, 3, 1], "uv": [0, 24]}
					]
				},
				{
					"name": "Lids2",
					"parent": "Body2",
					"pivot": [0, 13, 2],
					"cubes": [
						{"origin": [-5, 19, -5], "size": [4, 3, 1], "uv": [0, 4]},
						{"origin": [1, 19, -5], "size": [4, 3, 1], "uv": [0, 0]}
					]
				},
				{
					"name": "Mouth2",
					"parent": "Body2",
					"pivot": [0, 13, 2],
					"cubes": [
						{"origin": [-3.6, 14, -5], "size": [2, 1, 1], "uv": [24, 24]},
						{"origin": [-1.6, 13, -5], "size": [2, 1, 1], "uv": [19, 8]},
						{"origin": [0.4, 14, -5], "size": [2, 1, 1], "uv": [5, 9]},
						{"origin": [2.4, 13, -5], "size": [2, 1, 1], "uv": [0, 8]},
						{"origin": [-4.6, 13, -5], "size": [1, 1, 1], "uv": [20, 28]}
					]
				}
			]
		}
	]
}