{
	"format_version": "1.12.0",
	"minecraft:geometry": [
		{
			"description": {
				"identifier": "geometry.ftl_sc_daycare_attendant",
				"texture_width": 198,
				"texture_height": 198,
				"visible_bounds_width": 9,
				"visible_bounds_height": 12.5,
				"visible_bounds_offset": [0, 5.75, 0]
			},
			"bones": [
				{
					"name": "waist",
					"pivot": [0, 0, 0]
				},
				{
					"name": "bodywaist",
					"parent": "waist",
					"pivot": [0, 51, 0],
					"cubes": [
						{"origin": [-4.5, 50, -3], "size": [9, 6, 6], "uv": [85, 70]}
					]
				},
				{
					"name": "body",
					"parent": "bodywaist",
					"pivot": [0, 55, 0],
					"cubes": [
						{"origin": [-5, 54, -3.5], "size": [10, 12, 7], "uv": [50, 64]},
						{"origin": [-5.5, 50.5, -5.5], "size": [11, 3, 11], "inflate": 1.1, "uv": [62, 41]}
					]
				},
				{
					"name": "topbody",
					"parent": "body",
					"pivot": [0, 65, 0],
					"cubes": [
						{"origin": [-5.5, 64, -4], "size": [11, 11, 8], "uv": [12, 64]},
						{"origin": [-6, 63.5, -4.5], "size": [12, 12, 9], "uv": [0, 83]},
						{"origin": [-5.5, 72.5, -5.5], "size": [11, 3, 11], "inflate": 0.1, "uv": [61, 27]},
						{"origin": [-2, 67.5, 3.5], "size": [4, 1, 5], "uv": [0, 105]}
					]
				},
				{
					"name": "neck",
					"parent": "topbody",
					"pivot": [0, 73, 0],
					"cubes": [
						{"origin": [-1.5, 72, -1.5], "size": [3, 13, 3], "uv": [0, 64]}
					]
				},
				{
					"name": "neckpeice",
					"parent": "neck",
					"pivot": [0, 85, 0],
					"rotation": [90, 0, 0],
					"cubes": [
						{"origin": [-1.5, 85, -1.5], "size": [3, 7, 3], "uv": [0, 64]}
					]
				},
				{
					"name": "head",
					"parent": "neckpeice",
					"pivot": [0, 90, 0],
					"rotation": [-90, 0, 0],
					"cubes": [
						{"origin": [-7, 83, -6], "size": [14, 14, 6], "uv": [0, 0]},
						{"origin": [-7.5, 82.5, -6.5], "size": [15, 15, 7], "uv": [0, 20]},
						{"origin": [-5.5, 85.5, 0.1], "size": [11, 9, 2], "uv": [95, 0]},
						{"origin": [-8, 82, -7], "size": [16, 16, 4], "uv": [0, 42]}
					]
				},
				{
					"name": "hat",
					"parent": "head",
					"pivot": [0, 96, -3],
					"rotation": [-15, 0, 0],
					"cubes": [
						{"origin": [-10, 95, -11], "size": [20, 4, 17], "inflate": -2.9, "uv": [33, 130]}
					]
				},
				{
					"name": "hatpart1",
					"parent": "hat",
					"pivot": [0, 99, -3],
					"rotation": [-12.5, 0, 0],
					"cubes": [
						{"origin": [-8, 94, -10], "size": [16, 12, 15], "inflate": -3, "uv": [136, 0]}
					]
				},
				{
					"name": "hatpart2",
					"parent": "hatpart1",
					"pivot": [0, 103, -3],
					"rotation": [-20, 0, 0],
					"cubes": [
						{"origin": [-7, 99, -9], "size": [14, 10, 13], "inflate": -3, "uv": [140, 4]}
					]
				},
				{
					"name": "hatpart3",
					"parent": "hatpart2",
					"pivot": [0, 107, -3],
					"rotation": [-22.5, 0, 0],
					"cubes": [
						{"origin": [-6, 102, -8], "size": [12, 11, 11], "inflate": -3, "uv": [144, 5]}
					]
				},
				{
					"name": "hatpart4",
					"parent": "hatpart3",
					"pivot": [0, 110, -3],
					"rotation": [-22.5, 0, 0],
					"cubes": [
						{"origin": [-5, 106, -7], "size": [10, 10, 9], "inflate": -3, "uv": [149, 8]}
					]
				},
				{
					"name": "hatpart5",
					"parent": "hatpart4",
					"pivot": [0, 113, -2],
					"rotation": [-37.5, 0, 0],
					"cubes": [
						{"origin": [-4, 109, -6], "size": [8, 10, 8], "inflate": -3, "uv": [150, 6]}
					]
				},
				{
					"name": "hatpart6",
					"parent": "hatpart5",
					"pivot": [0, 116, -2.5],
					"rotation": [-27.5, 0, 0],
					"cubes": [
						{"origin": [-3, 112.73135, -4.9217], "size": [6, 9, 5], "inflate": -3, "uv": [155, 9]},
						{"origin": [-1.5, 116.51015, -3.69863], "size": [3, 3, 3], "pivot": [0, 119.01015, -3.19863], "rotation": [67.5, 0, 0], "uv": [62, 106]}
					]
				},
				{
					"name": "sun",
					"parent": "head",
					"pivot": [0, 90, -1.5],
					"cubes": [
						{"origin": [-13, 77, -2], "size": [26, 26, 1], "uv": [40, 0]}
					]
				},
				{
					"name": "rightarm",
					"parent": "topbody",
					"pivot": [-5, 72, 0],
					"cubes": [
						{"origin": [-7, 70.5, -1.5], "size": [3, 3, 3], "uv": [0, 64]},
						{"origin": [-23.5, 70, -2], "size": [17, 4, 4], "uv": [66, 83]}
					]
				},
				{
					"name": "rightarmpeice",
					"parent": "rightarm",
					"pivot": [-23, 72, 0],
					"cubes": [
						{"origin": [-25, 70.5, -1.5], "size": [3, 3, 3], "uv": [0, 64]},
						{"origin": [-41, 70.5, -1.5], "size": [3, 3, 3], "uv": [0, 64]},
						{"origin": [-40.5, 70, -2], "size": [16, 4, 4], "uv": [68, 91]},
						{"origin": [-39.5, 70, -5], "size": [3, 3, 3], "pivot": [-38, 72.5, -3.5], "rotation": [12.5, 0, 0], "uv": [108, 105]},
						{"origin": [-39.5, 70.0237, 1.78356], "size": [3, 3, 3], "pivot": [-38, 71.5237, 3.28356], "rotation": [165, 0, 0], "uv": [108, 105]},
						{"origin": [-40.5, 63, -2], "size": [5, 7, 4], "uv": [82, 100]}
					]
				},
				{
					"name": "righthand",
					"parent": "rightarmpeice",
					"pivot": [-41, 72, 0],
					"cubes": [
						{"origin": [-50, 70.4, -4.5], "size": [10, 3.2, 9], "uv": [90, 112]}
					]
				},
				{
					"name": "rightfinger1",
					"parent": "righthand",
					"pivot": [-50, 72.3, -3.25],
					"rotation": [0, -7.5, 0],
					"cubes": [
						{"origin": [-55, 71, -4.5], "size": [5, 2.6, 2.5], "uv": [83, 84]}
					]
				},
				{
					"name": "rightfingerpeice1",
					"parent": "rightfinger1",
					"pivot": [-55, 72.3, -3.25],
					"rotation": [0, 0, -22.5],
					"cubes": [
						{"origin": [-59, 71, -4.5], "size": [4, 2.6, 2.5], "uv": [83, 84]}
					]
				},
				{
					"name": "rightfingertip1",
					"parent": "rightfingerpeice1",
					"pivot": [-59, 72.3, -3.25],
					"rotation": [0, 0, -17.5],
					"cubes": [
						{"origin": [-63.5, 71, -4.5], "size": [4.5, 2.6, 2.5], "uv": [103, 118]}
					]
				},
				{
					"name": "rightfinger2",
					"parent": "righthand",
					"pivot": [-50, 72.3, 3.25],
					"rotation": [0, 7.5, 0],
					"cubes": [
						{"origin": [-55, 71, 2], "size": [5, 2.6, 2.5], "uv": [83, 84]}
					]
				},
				{
					"name": "rightfingerpeice2",
					"parent": "rightfinger2",
					"pivot": [-55, 72.3, 3.25],
					"rotation": [0, 0, -22.5],
					"cubes": [
						{"origin": [-59, 71, 2], "size": [4, 2.6, 2.5], "uv": [83, 84]}
					]
				},
				{
					"name": "rightfingertip2",
					"parent": "rightfingerpeice2",
					"pivot": [-59, 72.3, 3.25],
					"rotation": [0, 0, -17.5],
					"cubes": [
						{"origin": [-63.3, 71, 2], "size": [4.3, 2.6, 2.5], "uv": [103, 118]}
					]
				},
				{
					"name": "rightfinger3",
					"parent": "righthand",
					"pivot": [-50, 72.3, 1.05],
					"rotation": [0, 2.5, 0],
					"cubes": [
						{"origin": [-55, 71, -0.2], "size": [5, 2.6, 2.5], "uv": [83, 84]}
					]
				},
				{
					"name": "rightfingerpeice3",
					"parent": "rightfinger3",
					"pivot": [-55, 72.3, 1.05],
					"rotation": [0, 0, -22.5],
					"cubes": [
						{"origin": [-59, 71, -0.2], "size": [4, 2.6, 2.5], "uv": [83, 84]}
					]
				},
				{
					"name": "rightfingertip3",
					"parent": "rightfingerpeice3",
					"pivot": [-59, 72.3, 1.05],
					"rotation": [0, 0, -17.5],
					"cubes": [
						{"origin": [-63.8, 71, -0.2], "size": [4.8, 2.6, 2.5], "uv": [103, 118]}
					]
				},
				{
					"name": "rightfinger4",
					"parent": "righthand",
					"pivot": [-50, 72.3, -1.05],
					"rotation": [0, -2.5, 0],
					"cubes": [
						{"origin": [-55, 71, -2.3], "size": [5, 2.6, 2.5], "uv": [83, 84]}
					]
				},
				{
					"name": "rightfingerpeice4",
					"parent": "rightfinger4",
					"pivot": [-55, 72.3, -1.05],
					"rotation": [0, 0, -22.5],
					"cubes": [
						{"origin": [-59, 71, -2.3], "size": [4, 2.6, 2.5], "uv": [83, 84]}
					]
				},
				{
					"name": "rightfingertip4",
					"parent": "rightfingerpeice4",
					"pivot": [-59, 72.3, -1.05],
					"rotation": [0, 0, -17.5],
					"cubes": [
						{"origin": [-64.1, 71, -2.3], "size": [5.1, 2.6, 2.5], "uv": [103, 118]}
					]
				},
				{
					"name": "rightfinger5",
					"parent": "righthand",
					"pivot": [-44.5, 72, -4.05],
					"rotation": [12.45891, -27.51235, -25.56145],
					"cubes": [
						{"origin": [-49.5, 70.7, -5.3], "size": [5, 2.6, 2.5], "uv": [83, 84]}
					]
				},
				{
					"name": "rightfingerpeice5",
					"parent": "rightfinger5",
					"pivot": [-49.5, 72, -4.05],
					"rotation": [0, 12.5, 0],
					"cubes": [
						{"origin": [-53.5, 70.7, -5.3], "size": [4, 2.6, 2.5], "uv": [83, 84]}
					]
				},
				{
					"name": "rightfingertip5",
					"parent": "rightfingerpeice5",
					"pivot": [-53.5, 72, -4.05],
					"rotation": [0, 10, 0],
					"cubes": [
						{"origin": [-57.7, 70.7, -5.3], "size": [4.2, 2.6, 2.5], "uv": [103, 118]}
					]
				},
				{
					"name": "leftarm",
					"parent": "topbody",
					"pivot": [5, 72, 0],
					"cubes": [
						{"origin": [4, 70.5, -1.5], "size": [3, 3, 3], "uv": [0, 64], "mirror": true},
						{"origin": [6.5, 70, -2], "size": [17, 4, 4], "uv": [66, 83], "mirror": true}
					]
				},
				{
					"name": "leftarmpeice",
					"parent": "leftarm",
					"pivot": [23, 72, 0],
					"cubes": [
						{"origin": [22, 70.5, -1.5], "size": [3, 3, 3], "uv": [0, 64], "mirror": true},
						{"origin": [38, 70.5, -1.5], "size": [3, 3, 3], "uv": [0, 64], "mirror": true},
						{"origin": [24.5, 70, -2], "size": [16, 4, 4], "uv": [68, 91], "mirror": true},
						{"origin": [36.5, 70, -5], "size": [3, 3, 3], "pivot": [38, 72.5, -3.5], "rotation": [12.5, 0, 0], "uv": [108, 105], "mirror": true},
						{"origin": [36.5, 70.0237, 1.78356], "size": [3, 3, 3], "pivot": [38, 71.5237, 3.28356], "rotation": [165, 0, 0], "uv": [108, 105], "mirror": true},
						{"origin": [35.5, 63, -2], "size": [5, 7, 4], "uv": [82, 100], "mirror": true}
					]
				},
				{
					"name": "lefthand",
					"parent": "leftarmpeice",
					"pivot": [41, 72, 0],
					"cubes": [
						{"origin": [40, 70.4, -4.5], "size": [10, 3.2, 9], "uv": [90, 112], "mirror": true}
					]
				},
				{
					"name": "leftfinger1",
					"parent": "lefthand",
					"pivot": [50, 72.3, -3.25],
					"rotation": [0, 7.5, 0],
					"cubes": [
						{"origin": [50, 71, -4.5], "size": [5, 2.6, 2.5], "uv": [83, 84], "mirror": true}
					]
				},
				{
					"name": "leftfingerpeice1",
					"parent": "leftfinger1",
					"pivot": [55, 72.3, -3.25],
					"rotation": [0, 0, 22.5],
					"cubes": [
						{"origin": [55, 71, -4.5], "size": [4, 2.6, 2.5], "uv": [83, 84], "mirror": true}
					]
				},
				{
					"name": "leftfingertip1",
					"parent": "leftfingerpeice1",
					"pivot": [59, 72.3, -3.25],
					"rotation": [0, 0, 17.5],
					"cubes": [
						{"origin": [59, 71, -4.5], "size": [4.5, 2.6, 2.5], "uv": [103, 118], "mirror": true}
					]
				},
				{
					"name": "leftfinger2",
					"parent": "lefthand",
					"pivot": [50, 72.3, 3.25],
					"rotation": [0, -7.5, 0],
					"cubes": [
						{"origin": [50, 71, 2], "size": [5, 2.6, 2.5], "uv": [83, 84], "mirror": true}
					]
				},
				{
					"name": "leftfingerpeice2",
					"parent": "leftfinger2",
					"pivot": [55, 72.3, 3.25],
					"rotation": [0, 0, 22.5],
					"cubes": [
						{"origin": [55, 71, 2], "size": [4, 2.6, 2.5], "uv": [83, 84], "mirror": true}
					]
				},
				{
					"name": "leftfingertip2",
					"parent": "leftfingerpeice2",
					"pivot": [59, 72.3, 3.25],
					"rotation": [0, 0, 17.5],
					"cubes": [
						{"origin": [59, 71, 2], "size": [4.3, 2.6, 2.5], "uv": [103, 118], "mirror": true}
					]
				},
				{
					"name": "leftfinger3",
					"parent": "lefthand",
					"pivot": [50, 72.3, 1.05],
					"rotation": [0, -2.5, 0],
					"cubes": [
						{"origin": [50, 71, -0.2], "size": [5, 2.6, 2.5], "uv": [83, 84], "mirror": true}
					]
				},
				{
					"name": "leftfingerpeice3",
					"parent": "leftfinger3",
					"pivot": [55, 72.3, 1.05],
					"rotation": [0, 0, 22.5],
					"cubes": [
						{"origin": [55, 71, -0.2], "size": [4, 2.6, 2.5], "uv": [83, 84], "mirror": true}
					]
				},
				{
					"name": "leftfingertip3",
					"parent": "leftfingerpeice3",
					"pivot": [59, 72.3, 1.05],
					"rotation": [0, 0, 17.5],
					"cubes": [
						{"origin": [59, 71, -0.2], "size": [4.8, 2.6, 2.5], "uv": [103, 118], "mirror": true}
					]
				},
				{
					"name": "leftfinger4",
					"parent": "lefthand",
					"pivot": [50, 72.3, -1.05],
					"rotation": [0, 2.5, 0],
					"cubes": [
						{"origin": [50, 71, -2.3], "size": [5, 2.6, 2.5], "uv": [83, 84], "mirror": true}
					]
				},
				{
					"name": "leftfingerpeice4",
					"parent": "leftfinger4",
					"pivot": [55, 72.3, -1.05],
					"rotation": [0, 0, 22.5],
					"cubes": [
						{"origin": [55, 71, -2.3], "size": [4, 2.6, 2.5], "uv": [83, 84], "mirror": true}
					]
				},
				{
					"name": "leftfingertip4",
					"parent": "leftfingerpeice4",
					"pivot": [59, 72.3, -1.05],
					"rotation": [0, 0, 17.5],
					"cubes": [
						{"origin": [59, 71, -2.3], "size": [5.1, 2.6, 2.5], "uv": [103, 118], "mirror": true}
					]
				},
				{
					"name": "leftfinger5",
					"parent": "lefthand",
					"pivot": [44.5, 72, -4.05],
					"rotation": [12.45891, 27.51235, 25.56145],
					"cubes": [
						{"origin": [44.5, 70.7, -5.3], "size": [5, 2.6, 2.5], "uv": [83, 84], "mirror": true}
					]
				},
				{
					"name": "leftfingerpeice5",
					"parent": "leftfinger5",
					"pivot": [49.5, 72, -4.05],
					"rotation": [0, -12.5, 0],
					"cubes": [
						{"origin": [49.5, 70.7, -5.3], "size": [4, 2.6, 2.5], "uv": [83, 84], "mirror": true}
					]
				},
				{
					"name": "leftfingertip5",
					"parent": "leftfingerpeice5",
					"pivot": [53.5, 72, -4.05],
					"rotation": [0, -10, 0],
					"cubes": [
						{"origin": [53.5, 70.7, -5.3], "size": [4.2, 2.6, 2.5], "uv": [103, 118], "mirror": true}
					]
				},
				{
					"name": "rightleg",
					"parent": "waist",
					"pivot": [-2.2, 51, 0],
					"cubes": [
						{"origin": [-4.7, 49, -2.5], "size": [5, 3, 5], "uv": [108, 13]},
						{"origin": [-4.7, 47, -2.5], "size": [5, 2, 5], "inflate": 0.5, "pivot": [-2.2, 48, 0], "rotation": [0, 0, -180], "uv": [108, 13]},
						{"origin": [-4.7, 44, -2.5], "size": [5, 2, 5], "inflate": 1, "uv": [108, 13]},
						{"origin": [-4.7, 41, -2.5], "size": [5, 1, 5], "inflate": 1.5, "pivot": [-2.2, 41.5, 0], "rotation": [0, 0, -180], "uv": [108, 13]},
						{"origin": [-4.7, 35, -2.5], "size": [5, 3, 5], "inflate": 2, "uv": [108, 13]}
					]
				},
				{
					"name": "rightlegpeice",
					"parent": "rightleg",
					"pivot": [-1.7, 34, -0.5],
					"cubes": [
						{"origin": [-4.7, 32, -2.5], "size": [5, 2, 5], "inflate": 2.5, "pivot": [-2.2, 33, 0], "rotation": [0, 0, -180], "uv": [108, 13]},
						{"origin": [-4.7, 24, -2.5], "size": [5, 2, 5], "inflate": 2.5, "pivot": [-2.2, 25, 0], "rotation": [0, 0, -180], "uv": [108, 13]},
						{"origin": [-4.7, 26, -2.5], "size": [5, 3, 5], "inflate": 3, "uv": [108, 13]},
						{"origin": [-4.7, 21, -2.5], "size": [5, 2, 5], "inflate": 0.5, "pivot": [-2.2, 21, 0], "rotation": [0, 0, -180], "uv": [108, 13]},
						{"origin": [-4.7, 22, -2.5], "size": [5, 2, 5], "inflate": 1, "pivot": [-2.2, 22, 0], "rotation": [0, 0, -180], "uv": [108, 13]},
						{"origin": [-4.7, 23, -2.5], "size": [5, 2, 5], "inflate": 1.5, "pivot": [-2.2, 23, 0], "rotation": [0, 0, -180], "uv": [108, 13]},
						{"origin": [-4.7, 24, -2.5], "size": [5, 2, 5], "inflate": 2, "pivot": [-2.2, 24, 0], "rotation": [0, 0, -180], "uv": [108, 13]},
						{"origin": [-4.2, 4, -2], "size": [4, 17, 4], "uv": [112, 21]},
						{"origin": [-7.7, 14.1, -5.5], "size": [11, 3, 11], "inflate": -0.5, "uv": [61, 27]}
					]
				},
				{
					"name": "rightfoot",
					"parent": "rightlegpeice",
					"pivot": [-2.2, 5.5, 0],
					"cubes": [
						{"origin": [-4.7, 1, -2.5], "size": [5, 5, 5], "uv": [42, 47]},
						{"origin": [-5.2, 0.5, -4], "size": [6, 6, 7], "uv": [102, 92]},
						{"origin": [-4.7, 0.5, -9], "size": [5, 5, 5], "uv": [108, 82]},
						{"origin": [-3.7, 1.7, -15.4], "size": [3, 9, 9], "pivot": [-2.2, 3.5, -11.5], "rotation": [-12.5, 0, 0], "uv": [104, 52]}
					]
				},
				{
					"name": "leftleg",
					"parent": "waist",
					"pivot": [2.1, 51, 0],
					"cubes": [
						{"origin": [-0.4, 49, -2.5], "size": [5, 3, 5], "uv": [108, 13], "mirror": true},
						{"origin": [-0.4, 47, -2.5], "size": [5, 2, 5], "inflate": 0.5, "pivot": [2.1, 48, 0], "rotation": [0, 0, 180], "uv": [108, 13], "mirror": true},
						{"origin": [-0.4, 44, -2.5], "size": [5, 2, 5], "inflate": 1, "uv": [108, 13], "mirror": true},
						{"origin": [-0.4, 41, -2.5], "size": [5, 1, 5], "inflate": 1.5, "pivot": [2.1, 41.5, 0], "rotation": [0, 0, 180], "uv": [108, 13], "mirror": true},
						{"origin": [-0.4, 35, -2.5], "size": [5, 3, 5], "inflate": 2, "uv": [108, 13], "mirror": true}
					]
				},
				{
					"name": "leftlegpeice",
					"parent": "leftleg",
					"pivot": [1.6, 34, -0.5],
					"cubes": [
						{"origin": [-0.4, 32, -2.5], "size": [5, 2, 5], "inflate": 2.5, "pivot": [2.1, 33, 0], "rotation": [0, 0, 180], "uv": [108, 13], "mirror": true},
						{"origin": [-0.4, 24, -2.5], "size": [5, 2, 5], "inflate": 2.5, "pivot": [2.1, 25, 0], "rotation": [0, 0, 180], "uv": [108, 13], "mirror": true},
						{"origin": [-0.4, 26, -2.5], "size": [5, 3, 5], "inflate": 3, "uv": [108, 13], "mirror": true},
						{"origin": [-0.4, 21, -2.5], "size": [5, 2, 5], "inflate": 0.5, "pivot": [2.1, 21, 0], "rotation": [0, 0, 180], "uv": [108, 13], "mirror": true},
						{"origin": [-0.4, 22, -2.5], "size": [5, 2, 5], "inflate": 1, "pivot": [2.1, 22, 0], "rotation": [0, 0, 180], "uv": [108, 13], "mirror": true},
						{"origin": [-0.4, 23, -2.5], "size": [5, 2, 5], "inflate": 1.5, "pivot": [2.1, 23, 0], "rotation": [0, 0, 180], "uv": [108, 13], "mirror": true},
						{"origin": [-0.4, 24, -2.5], "size": [5, 2, 5], "inflate": 2, "pivot": [2.1, 24, 0], "rotation": [0, 0, 180], "uv": [108, 13], "mirror": true},
						{"origin": [0.1, 4, -2], "size": [4, 17, 4], "uv": [112, 21], "mirror": true},
						{"origin": [-3.4, 14.1, -5.5], "size": [11, 3, 11], "inflate": -0.5, "uv": [61, 27], "mirror": true}
					]
				},
				{
					"name": "leftfoot",
					"parent": "leftlegpeice",
					"pivot": [2.1, 5.5, 0],
					"cubes": [
						{"origin": [-0.4, 1, -2.5], "size": [5, 5, 5], "uv": [42, 47], "mirror": true},
						{"origin": [-0.9, 0.5, -4], "size": [6, 6, 7], "uv": [102, 92], "mirror": true},
						{"origin": [-0.4, 0.5, -9], "size": [5, 5, 5], "uv": [108, 82], "mirror": true},
						{"origin": [0.6, 1.7, -15.4], "size": [3, 9, 9], "pivot": [2.1, 3.5, -11.5], "rotation": [-12.5, 0, 0], "uv": [104, 52], "mirror": true}
					]
				}
			]
		}
	]
}
\\"": \\\\""?\\\"": \\\\""?\\\"": \\\\""?\\\"": \\\\""?\\\"": \\\\""?\\\"": \\\\""?\\\"": \\\\""?\\\"": \\\\""?\\\"": \\\\""?\\\"": \\\\""?\\\"": \\\\""?\\\"": \\\\""?\\\"": \\\\""?\\\"": \\\\""?\\\"": \\\\""?\\\"": \\\\""?\\\"": \\\\""?\\\"": \\\\""?\\\"": \\\\""?\\\"": \\\\""?\\\"": \\\\""?\\\"": \\\\""?\\\"": \\\\""?\\\"": \\\\""?\\\"": \\\\""?\\\"": \\\\""?\\\"": \\\\""?\\\"": \\\\""?\\\"": \\\\""?\\\"": \\\\""?\\\"": \\\\""?\\\"": \\\\""?\\\"": \\\\""?\\\"": \\\\""?\\\"": \\\\""?\\\"": \\\\""?\\\"": \\\\""?\\\"": \\\\""?\\\"": \\\\""?\\\"": \\\\""?\\\"": \\\\""?\\\"": \\\\""?\\\"": \\\\""?\\\"": \\\\""?\\\"": \\\\""?\\\"": \\\\""?\\\"": \\\\""?\\\"": \\\\""?\\\"": \\\\""?\\\"": \\\\""?\\\"": \\\\""?\]}}}}}