{
  "resource_pack_name": "vanilla",
  "texture_name": "atlas.items",
  "texture_data": {
    "egg_camel": {
      "textures": "textures/items/egg_camel"
    },
    "egg_lion": {
      "textures": "textures/items/egg_lion"
    },
    "egg_penguin": {
      "textures": "textures/items/egg_penguin"
    },
    "egg_tiger": {
      "textures": "textures/items/egg_tiger"
    },
    "egg_elephant": {
      "textures": "textures/items/egg_elephant"
    },
    "egg_deer": {
      "textures": "textures/items/egg_deer"
    },
    "egg_panther": {
      "textures": "textures/items/egg_panther"
    },
    "egg_frog": {
      "textures": "textures/items/egg_frog"
    },
    "egg_crocodile": {
      "textures": "textures/items/egg_crocodile"
    },
    "egg_mouse": {
      "textures": "textures/items/egg_mouse"
    },
    "gallardo": {
      "textures": "textures/items/gallardo"
    },
    "bench": {
      "textures": "textures/items/bench"
    },
    "christmas_tree": {
      "textures": "textures/items/christmas_tree"
    },
    "tivi": {
      "textures": "textures/items/tivi"
    },
    "closet": {
      "textures": "textures/items/closet"
    },
    "laptop": {
      "textures": "textures/items/laptop"
    },
    "piano": {
      "textures": "textures/items/piano"
    },
    "armchairs": {
      "textures": "textures/items/armchairs"
    },
    "chair": {
      "textures": "textures/items/chair"
    },
    "big_table": {
      "textures": "textures/items/big_table"
    },
    "small_table": {
      "textures": "textures/items/small_table"
    },
    "drone": {
      "textures": "textures/items/drone"
    },
    "colorful_gifts": {
      "textures": "textures/items/colorful_gifts"
    },
    "mr:opila_birds": {
      "textures": "textures/items/pamobile/mr_opila_birds"
    },
    "mr:banban": {
      "textures": "textures/items/pamobile/mr_banban"
    },
    "mr:banbaleena": {
      "textures": "textures/items/pamobile/mr_banbaleena"
    },
    "mr:nabnab": {
      "textures": "textures/items/pamobile/mr_nabnab"
    },
    "mr:jumbo_josh": {
      "textures": "textures/items/pamobile/mr_jumbo_josh"
    },
    "mr:opila_statue": {
      "textures": "textures/items/pamobile/mr_opila_statue"
    },
    "mr:nab_scen": {
      "textures": "textures/items/pamobile/mr_nab_scen"
    },
    "mr:nab_climb": {
      "textures": "textures/items/pamobile/mr_nab_climb"
    },
    "mr_drone_tracks": {
      "textures": "textures/items/pamobile/mr_drone_tracks"
    },
    "mr:slow_seline": {
      "textures": "textures/items/pamobile/mr_slow_seline"
    },
    "mr:mini_opila": {
      "textures": "textures/items/pamobile/mr_mini_opila"
    },
    "mr:mini_opila_blue": {
      "textures": "textures/items/pamobile/mr_mini_opila_blue"
    },
    "mr:dead_jumbo": {
      "textures": "textures/items/pamobile/mr_dead_jumbo"
    },
    "mr:captain_all": {
      "textures": "textures/items/pamobile/mr_captain_all"
    },
    "mr:captain_dead_all": {
      "textures": "textures/items/pamobile/mr_captain_dead_all"
    },
    "mr:stinger_flynn": {
      "textures": "textures/items/pamobile/mr_stinger_flynn"
    },
    "mr:spider_nabnab": {
      "textures": "textures/items/pamobile/mr_spider_nabnab"
    },
    "mr:zophius": {
      "textures": "textures/items/pamobile/mr_zophius"
    },
    "mr:opila_scene": {
      "textures": "textures/items/pamobile/mr_opila_scene"
    },
    "mr:opila_scenev2": {
      "textures": "textures/items/pamobile/mr_opila_scenev2"
    },
    "mr:jumbo_scen": {
      "textures": "textures/items/pamobile/mr_jumbo_scen"
    },
    "mr:seline": {
      "textures": "textures/items/pamobile/mr_seline"
    },
    "mr:opila_egg": {
      "textures": "textures/items/pamobile/mr_opila_egg"
    },
    "mr:captain_arm": {
      "textures": "textures/items/pamobile/mr_captain_arm"
    },
    "mr:dec1": {
      "textures": "textures/items/pamobile/mr_dec1"
    },
    "mr:captain_head": {
      "textures": "textures/items/pamobile/mr_captain_head"
    },
    "mr:arm_jumbo": {
      "textures": "textures/items/pamobile/mr_arm_jumbo"
    },
    "mr:dec2": {
      "textures": "textures/items/pamobile/mr_dec2"
    },
    "mr:dec3": {
      "textures": "textures/items/pamobile/mr_dec3"
    },
    "mr:sit": {
      "textures": "textures/items/pamobile/mr_sit"
    },
    "mr:sheriff": {
      "textures": "textures/items/pamobile/mr_sheriff"
    }
  }
}