{
  "format_version": "1.8.0",
  "animations": {
    "animation.witch.general": {
      "loop": true,
      "bones": {
        "nose": {
          "rotation": [
            "(variable.isholdingitem ? -25.7831 : (math.sin(query.life_time * 57.296) * 4.5)) - this",
            0,
            "(math.cos(query.life_time * 57.296) * 2.5) - this"
          ]
        }
      }
    },
    "animation.witch.villager_general": {
      "loop": true,
      "bones": {
        "arms": {
          "rotation": [
            "-42.97 - this",
            0,
            0
          ],
          "position": [
            0,
            -1,
            -1
          ]
        }
      }
    },
    "animation.witch.move": {
      "loop": true,
      "anim_time_update": "query.modified_distance_moved",
      "bones": {
        "leg0": {
          "rotation": [
            "(math.cos(query.anim_time * 38.17) * 40.0) - this",
            "-this",
            0
          ]
        },
        "leg1": {
          "rotation": [
            "(math.cos(query.anim_time * 38.17 + 180) * 40.0) - this",
            "-this",
            0
          ]
        }
      }
    },
    "Banban.walk": {
      "loop": true,
      "animation_length": 1,
      "bones": {
        "leg0": {
          "rotation": {
            "0.0": [
              -15,
              0,
              0
            ],
            "0.5": [
              10,
              0,
              0
            ],
            "1.0": [
              -15,
              0,
              0
            ]
          },
          "position": {
            "0.0": [
              0,
              0,
              -1
            ],
            "0.5": [
              0,
              0,
              1
            ],
            "0.75": [
              0,
              1,
              0
            ],
            "1.0": [
              0,
              0,
              -1
            ]
          }
        },
        "bone": {
          "rotation": {
            "0.0": [
              10,
              0,
              0
            ],
            "0.5": [
              -15,
              0,
              0
            ],
            "1.0": [
              10,
              0,
              0
            ]
          },
          "position": {
            "0.0": [
              0,
              0,
              1
            ],
            "0.25": [
              0,
              1,
              0
            ],
            "0.5": [
              0,
              0,
              -1
            ],
            "1.0": [
              0,
              0,
              1
            ]
          }
        },
        "tors": {
          "rotation": {
            "0.0": [
              2.39088,
              -2.49762,
              2.50238
            ],
            "0.25": [
              0,
              0,
              0
            ],
            "0.5": [
              2.39088,
              2.49762,
              -2.50238
            ],
            "0.75": [
              0,
              0,
              0
            ],
            "1.0": [
              2.39088,
              -2.49762,
              2.50238
            ]
          },
          "position": {
            "0.0": [
              0,
              -1,
              0
            ],
            "0.25": [
              0,
              0,
              0
            ],
            "0.5": [
              0,
              -1,
              0
            ],
            "0.75": [
              0,
              0,
              0
            ],
            "1.0": [
              0,
              -1,
              0
            ]
          }
        },
        "head0": {
          "relative_to": {
            "rotation": "entity"
          },
          "rotation": [
            0,
            0,
            0.01
          ]
        },
        "arm0": {
          "rotation": {
            "0.0": [
              10,
              0,
              0
            ],
            "0.5": [
              -9.96271,
              0.86717,
              4.92442
            ],
            "1.0": [
              10,
              0,
              0
            ]
          }
        },
        "arm1": {
          "rotation": {
            "0.0": [
              -9.99067,
              -0.43399,
              -2.46207
            ],
            "0.5": [
              10,
              0,
              0
            ],
            "1.0": [
              -9.99067,
              -0.43399,
              -2.46207
            ]
          }
        },
        "bone3": {
          "rotation": {
            "0.0": [
              0,
              0,
              -7.5
            ],
            "0.5": [
              -0.75869,
              2.22496,
              9.70573
            ],
            "1.0": [
              0,
              0,
              -7.5
            ]
          }
        },
        "bone4": {
          "relative_to": {
            "rotation": "entity"
          },
          "rotation": [
            0,
            0,
            0.01
          ]
        },
        "bone5": {
          "relative_to": {
            "rotation": "entity"
          },
          "rotation": [
            0,
            0,
            0.01
          ]
        },
        "bone6": {
          "rotation": {
            "0.0": [
              -15.2253,
              10.94964,
              2.21604
            ],
            "0.5": [
              0,
              0,
              0
            ],
            "1.0": [
              -15.2253,
              10.94964,
              2.21604
            ]
          }
        },
        "bone7": {
          "rotation": {
            "0.0": [
              0,
              0,
              0
            ],
            "0.5": [
              -15.2253,
              -10.94964,
              -2.21604
            ],
            "1.0": [
              0,
              0,
              0
            ]
          }
        },
        "bone8": {
          "rotation": {
            "0.0": [
              0,
              0,
              0
            ],
            "0.5": [
              12.5,
              0,
              0
            ],
            "1.0": [
              0,
              0,
              0
            ]
          }
        },
        "bone9": {
          "rotation": {
            "0.0": [
              12.5,
              0,
              0
            ],
            "0.5": [
              0,
              0,
              0
            ],
            "1.0": [
              12.5,
              0,
              0
            ]
          }
        }
      }
    },
    "animation.Banban.general": {
      "loop": true,
      "animation_length": 0.5,
      "bones": {
        "tors": {
          "rotation": {
            "0.0": [
              2.5,
              0,
              0
            ],
            "0.1": [
              5,
              0,
              0
            ],
            "0.2": [
              7.5,
              0,
              0
            ],
            "0.3": [
              5,
              0,
              0
            ],
            "0.4": [
              2.5,
              0,
              0
            ],
            "0.5": [
              0,
              0,
              0
            ]
          }
        }
      }
    },
    "animation.Banban.look": {
      "loop": true,
      "animation_length": 0.54167
    }
  }
}