{
  "format_version": "1.8.0",
  "animations": {
    "animation.witch.general": {
      "loop": true,
      "bones": {
        "nose": {
          "rotation": [
            "(variable.isholdingitem ? -25.7831 : (math.sin(query.life_time * 57.296) * 4.5)) - this",
            0,
            "(math.cos(query.life_time * 57.296) * 2.5) - this"
          ]
        }
      }
    },
    "animation.witch.villager_general": {
      "loop": true,
      "bones": {
        "arms": {
          "rotation": [
            "-42.97 - this",
            0,
            0
          ],
          "position": [
            0,
            -1,
            -1
          ]
        }
      }
    },
    "animation.witch.move": {
      "loop": true,
      "anim_time_update": "query.modified_distance_moved",
      "bones": {
        "leg0": {
          "rotation": [
            "(math.cos(query.anim_time * 38.17) * 40.0) - this",
            "-this",
            0
          ]
        },
        "leg1": {
          "rotation": [
            "(math.cos(query.anim_time * 38.17 + 180) * 40.0) - this",
            "-this",
            0
          ]
        }
      }
    },
    "animation.max_slow_seline.walk": {
      "loop": true,
      "animation_length": 1,
      "bones": {
        "tors0": {
          "position": {
            "0.0": [
              0,
              0,
              0
            ],
            "0.5": [
              0,
              0,
              -1
            ],
            "1.0": [
              0,
              0,
              0
            ]
          }
        },
        "bone2": {
          "rotation": {
            "0.0": [
              0,
              0,
              0
            ],
            "0.5": [
              17.5,
              0,
              0
            ],
            "1.0": [
              0,
              0,
              0
            ]
          }
        },
        "bone3": {
          "rotation": {
            "0.0": [
              0,
              0,
              0
            ],
            "0.5": [
              15,
              0,
              0
            ],
            "1.0": [
              0,
              0,
              0
            ]
          }
        },
        "head0": {
          "rotation": {
            "0.0": [
              0,
              0,
              0
            ],
            "0.5": [
              -30,
              0,
              0
            ],
            "1.0": [
              0,
              0,
              0
            ]
          }
        },
        "bone4": {
          "rotation": {
            "0.0": [
              0,
              0,
              0
            ],
            "0.5": [
              7.5,
              0,
              10
            ],
            "1.0": [
              0,
              0,
              0
            ]
          }
        },
        "bone5": {
          "relative_to": {
            "rotation": "entity"
          },
          "rotation": [
            0,
            0,
            0.01
          ]
        },
        "bone6": {
          "rotation": {
            "0.0": [
              0,
              0,
              0
            ],
            "0.5": [
              7.5,
              0,
              -7.5
            ],
            "1.0": [
              0,
              0,
              0
            ]
          }
        },
        "bone7": {
          "relative_to": {
            "rotation": "entity"
          },
          "rotation": [
            0,
            0,
            0.01
          ]
        },
        "bone8": {
          "scale": {
            "0.0": [
              1,
              1,
              1
            ],
            "0.5": [
              1,
              1,
              0.6
            ],
            "1.0": [
              1,
              1,
              1
            ]
          }
        }
      }
    },
    "animation.max_slow_seline.general_1": {
      "loop": true,
      "animation_length": 0.5
    },
    "animation.max_slow_seline.look": {
      "loop": true,
      "animation_length": 0.54167
    },
    "animation.slow_selin.hello??": {
      "animation_length": 2.04167,
      "bones": {
        "bone2": {
          "rotation": {
            "0.125": [
              10,
              0,
              0
            ],
            "0.25": [
              22.5,
              0,
              0
            ],
            "0.375": [
              42.5,
              0,
              0
            ],
            "1.5417": [
              25,
              0,
              0
            ],
            "1.6667": [
              2.5,
              0,
              0
            ]
          }
        },
        "bone3": {
          "rotation": {
            "0.0": [
              -5,
              0,
              0
            ],
            "0.9583": [
              27.5,
              0,
              0
            ],
            "1.625": [
              -10,
              0,
              0
            ]
          }
        },
        "bone4": {
          "rotation": {
            "0.5833": [
              0,
              -82.5,
              0
            ],
            "0.875": [
              92.5,
              -82.5,
              0
            ],
            "1.0": [
              97.5,
              -82.5,
              0
            ],
            "1.2917": [
              -2.5,
              -82.5,
              0
            ]
          },
          "position": [
            0,
            -1,
            0
          ],
          "scale": {
            "0.0": [
              1,
              1.1,
              1
            ],
            "0.9583": [
              1,
              2.1708,
              1
            ],
            "1.0": [
              1,
              1.8,
              1
            ],
            "1.2917": [
              1,
              1,
              1
            ]
          }
        },
        "bone5": {
          "rotation": {
            "0.0": [
              0,
              80,
              0
            ],
            "1.0": [
              -87.5,
              32.5,
              0
            ],
            "1.1667": [
              -87.4276,
              -34.94814,
              -2.81808
            ],
            "1.2917": [
              28.00013,
              84.5975,
              21.56467
            ]
          },
          "position": [
            0,
            0,
            -1
          ],
          "scale": {
            "0.0": [
              1,
              0.9,
              0.8
            ],
            "1.0": [
              1,
              0.9,
              0.5
            ],
            "1.2917": [
              1,
              0.9,
              0.7
            ]
          }
        },
        "bone6": {
          "rotation": {
            "0.2083": [
              0,
              -5,
              0
            ],
            "0.5833": [
              0,
              95,
              0
            ],
            "0.75": [
              -92.5,
              85,
              -180
            ],
            "1.0417": [
              -117.5,
              85,
              -180
            ],
            "1.1667": [
              0,
              90,
              -6.02161
            ],
            "1.2917": [
              0,
              90,
              3.97839
            ]
          },
          "position": {
            "0.0": [
              0,
              -3,
              0
            ],
            "1.2917": [
              0,
              -5,
              0
            ]
          },
          "scale": [
            1,
            1.6,
            1
          ]
        },
        "bone7": {
          "rotation": {
            "0.0": [
              -5,
              0,
              0
            ],
            "0.8333": [
              -75,
              0,
              0
            ],
            "1.2917": [
              21.05302,
              -68.69404,
              -19.72874
            ]
          },
          "position": {
            "0.0": [
              0,
              -1,
              0
            ],
            "0.8333": [
              0,
              -1,
              -1
            ]
          },
          "scale": {
            "0.0": [
              1,
              0.6,
              0.9
            ],
            "0.8333": [
              1,
              0.9,
              0.5
            ],
            "0.9167": [
              1,
              0.7,
              1
            ],
            "1.2917": [
              0.9,
              0.6,
              1
            ]
          }
        }
      }
    }
  }
}