{
  "format_version": "1.8.0",
  "animations": {
    "animation.mr_drone_green.walk": {
      "loop": true,
      "animation_length": 2,
      "bones": {
        "tors0": {
          "rotation": {
            "0.0": [
              0,
              0,
              0
            ],
            "1.0": [
              0,
              0,
              0
            ],
            "2.0": [
              0,
              0,
              0
            ]
          },
          "position": {
            "0.0": [
              0,
              0,
              0
            ],
            "0.5": [
              0,
              -1,
              0
            ],
            "1.0": [
              0,
              0,
              0
            ],
            "1.5": [
              0,
              -1,
              0
            ],
            "2.0": [
              0,
              0,
              0
            ]
          }
        },
        "bone": {
          "rotation": {
            "0.0": [
              0,
              0,
              0
            ],
            "2.0": [
              0,
              -720,
              0
            ]
          }
        },
        "bone2": {
          "rotation": {
            "0.0": [
              0,
              0,
              0
            ],
            "2.0": [
              0,
              -720,
              0
            ]
          }
        },
        "bone3": {
          "rotation": {
            "0.0": [
              0,
              0,
              0
            ],
            "2.0": [
              0,
              720,
              0
            ]
          }
        },
        "bone4": {
          "rotation": {
            "0.0": [
              0,
              0,
              0
            ],
            "2.0": [
              0,
              720,
              0
            ]
          }
        }
      }
    }
  }
}