{
  "format_version": "1.8.0",
  "animations": {
    "animation.mr_drone_on.new": {
      "loop": true,
      "animation_length": 1,
      "bones": {
        "tors": {
          "rotation": {
            "0.0": [
              0,
              0,
              0
            ],
            "0.25": [
              0,
              0,
              -2.5
            ],
            "0.5": [
              0,
              0,
              0
            ],
            "0.75": [
              0,
              0,
              2.5
            ],
            "1.0": [
              0,
              0,
              0
            ]
          },
          "scale": {
            "0.0": [
              1,
              1,
              1
            ],
            "0.25": [
              1,
              1.1,
              1
            ],
            "0.5": [
              1,
              1,
              1
            ],
            "0.75": [
              1,
              1.1,
              1
            ],
            "1.0": [
              1,
              1,
              1
            ]
          }
        }
      }
    }
  }
}