{
	"file_path": "C:\\Users\\user\\AppData\\Local\\Packages\\Microsoft.MinecraftUWP_8wekyb3d8bbwe\\LocalState\\games\\com.mojang\\development_behavior_packs\\MALISIS DOOR V.3 BETA BP\\animation_controllers\\bloques1.json",
	"file_type": "animation_controller",
	"format_version": 1,
	"file_uuid": "e970a24b_b386_40c5_a245_3b577e1c4c3f",
	"file_version": 19,
	"cache_content": {
		"children": [
			{
				"data": "1.10.0",
				"key": "format_version"
			},
			{
				"open": {
					"format_version": "1.10.0",
					"animation_controllers": {
						"controller.animation.bloques1": {
							"initial_state": "default",
							"states": {
								"default": {
									"on_entry": [
										"/fill ~ ~ ~1 ~ ~2 ~-1 air"
									]
								}
							}
						},
						"controller.animation.bloques2": {
							"initial_state": "default",
							"states": {
								"default": {
									"on_entry": [
										"/fill ~1 ~ ~ ~-1 ~2 ~ air"
									]
								}
							}
						},
						"controller.animation.bloques3": {
							"states": {
								"default": {
									"on_entry": [
										"/fill ~ ~ ~-1 ~ ~1 ~-1 air"
									]
								}
							},
							"initial_state": "default"
						},
						"controller.animation.bloques4": {
							"states": {
								"default": {
									"on_entry": [
										"/fill ~1 ~ ~ ~1 ~1 ~ air"
									]
								}
							},
							"initial_state": "default"
						},
						"controller.animation.bloques5": {
							"initial_state": "default",
							"states": {
								"default": {
									"on_entry": [
										"/fill ~ ~ ~1 ~ ~3 ~-1 air"
									]
								}
							}
						},
						"controller.animation.bloques6": {
							"initial_state": "default",
							"states": {
								"default": {
									"on_entry": [
										"/fill ~1 ~ ~ ~-1 ~3 ~ air"
									]
								}
							}
						},
						"controller.animation.saloonr": {
							"initial_state": "default",
							"states": {
								"default": {
									"on_entry": [
										"/fill ~1 ~ ~ ~1 ~1 ~ air"
									]
								}
							}
						},
						"controller.animation.saloon": {
							"initial_state": "default",
							"states": {
								"default": {
									"on_entry": [
										"/fill ~ ~ ~-1 ~ ~1 ~-1 air"
									]
								}
							}
						},
						"controller.animation.garage": {
							"initial_state": "default",
							"states": {
								"default": {
									"on_entry": [
										"/fill ~2 ~ ~ ~-2 ~2 ~ air"
									]
								}
							}
						},
						"controller.animation.garager": {
							"initial_state": "default",
							"states": {
								"default": {
									"on_entry": [
										"/fill ~ ~ ~2 ~ ~2 ~-2 air"
									]
								}
							}
						},
						"controller.animation.2x2r": {
							"initial_state": "default",
							"states": {
								"default": {
									"on_entry": [
										"/fill ~ ~ ~-1 ~ ~1 ~1 air"
									]
								}
							}
						},
						"controller.animation.2x2": {
							"initial_state": "default",
							"states": {
								"default": {
									"on_entry": [
										"/fill ~1 ~ ~ ~-1 ~1 ~ air"
									]
								}
							}
						},
						"controller.animation.sound": {
							"initial_state": "default",
							"states": {
								"default": {
									"on_entry": [
										"/playsound carriage @p"
									]
								}
							}
						}
					}
				},
				"key": "animation_controllers",
				"children": [
					{
						"open": {
							"controller.animation.bloques1": {
								"initial_state": "default",
								"states": {
									"default": {
										"on_entry": [
											"/fill ~ ~ ~1 ~ ~2 ~-1 air"
										]
									}
								}
							},
							"controller.animation.bloques2": {
								"initial_state": "default",
								"states": {
									"default": {
										"on_entry": [
											"/fill ~1 ~ ~ ~-1 ~2 ~ air"
										]
									}
								}
							},
							"controller.animation.bloques3": {
								"states": {
									"default": {
										"on_entry": [
											"/fill ~ ~ ~-1 ~ ~1 ~-1 air"
										]
									}
								},
								"initial_state": "default"
							},
							"controller.animation.bloques4": {
								"states": {
									"default": {
										"on_entry": [
											"/fill ~1 ~ ~ ~1 ~1 ~ air"
										]
									}
								},
								"initial_state": "default"
							},
							"controller.animation.bloques5": {
								"initial_state": "default",
								"states": {
									"default": {
										"on_entry": [
											"/fill ~ ~ ~1 ~ ~3 ~-1 air"
										]
									}
								}
							},
							"controller.animation.bloques6": {
								"initial_state": "default",
								"states": {
									"default": {
										"on_entry": [
											"/fill ~1 ~ ~ ~-1 ~3 ~ air"
										]
									}
								}
							},
							"controller.animation.saloonr": {
								"initial_state": "default",
								"states": {
									"default": {
										"on_entry": [
											"/fill ~1 ~ ~ ~1 ~1 ~ air"
										]
									}
								}
							},
							"controller.animation.saloon": {
								"initial_state": "default",
								"states": {
									"default": {
										"on_entry": [
											"/fill ~ ~ ~-1 ~ ~1 ~-1 air"
										]
									}
								}
							},
							"controller.animation.garage": {
								"initial_state": "default",
								"states": {
									"default": {
										"on_entry": [
											"/fill ~2 ~ ~ ~-2 ~2 ~ air"
										]
									}
								}
							},
							"controller.animation.garager": {
								"initial_state": "default",
								"states": {
									"default": {
										"on_entry": [
											"/fill ~ ~ ~2 ~ ~2 ~-2 air"
										]
									}
								}
							},
							"controller.animation.2x2r": {
								"initial_state": "default",
								"states": {
									"default": {
										"on_entry": [
											"/fill ~ ~ ~-1 ~ ~1 ~1 air"
										]
									}
								}
							},
							"controller.animation.2x2": {
								"initial_state": "default",
								"states": {
									"default": {
										"on_entry": [
											"/fill ~1 ~ ~ ~-1 ~1 ~ air"
										]
									}
								}
							},
							"controller.animation.sound": {
								"initial_state": "default",
								"states": {
									"default": {
										"on_entry": [
											"/playsound carriage @p"
										]
									}
								}
							}
						},
						"key": "controller.animation.bloques1",
						"children": [
							{
								"data": "default",
								"key": "initial_state"
							},
							{
								"open": {
									"initial_state": "default",
									"states": {
										"default": {
											"on_entry": [
												"/fill ~ ~ ~1 ~ ~2 ~-1 air"
											]
										}
									}
								},
								"key": "states",
								"children": [
									{
										"open": {
											"default": {
												"on_entry": [
													"/fill ~ ~ ~1 ~ ~2 ~-1 air"
												]
											}
										},
										"key": "default",
										"children": [
											{
												"open": {
													"on_entry": [
														"/fill ~ ~ ~1 ~ ~2 ~-1 air"
													]
												},
												"key": "on_entry",
												"is_minified": true,
												"children": [
													"/fill ~ ~ ~1 ~ ~2 ~-1 air"
												]
											}
										]
									}
								]
							}
						]
					},
					{
						"open": {
							"controller.animation.bloques1": {
								"initial_state": "default",
								"states": {
									"default": {
										"on_entry": [
											"/fill ~ ~ ~1 ~ ~2 ~-1 air"
										]
									}
								}
							},
							"controller.animation.bloques2": {
								"initial_state": "default",
								"states": {
									"default": {
										"on_entry": [
											"/fill ~1 ~ ~ ~-1 ~2 ~ air"
										]
									}
								}
							},
							"controller.animation.bloques3": {
								"states": {
									"default": {
										"on_entry": [
											"/fill ~ ~ ~-1 ~ ~1 ~-1 air"
										]
									}
								},
								"initial_state": "default"
							},
							"controller.animation.bloques4": {
								"states": {
									"default": {
										"on_entry": [
											"/fill ~1 ~ ~ ~1 ~1 ~ air"
										]
									}
								},
								"initial_state": "default"
							},
							"controller.animation.bloques5": {
								"initial_state": "default",
								"states": {
									"default": {
										"on_entry": [
											"/fill ~ ~ ~1 ~ ~3 ~-1 air"
										]
									}
								}
							},
							"controller.animation.bloques6": {
								"initial_state": "default",
								"states": {
									"default": {
										"on_entry": [
											"/fill ~1 ~ ~ ~-1 ~3 ~ air"
										]
									}
								}
							},
							"controller.animation.saloonr": {
								"initial_state": "default",
								"states": {
									"default": {
										"on_entry": [
											"/fill ~1 ~ ~ ~1 ~1 ~ air"
										]
									}
								}
							},
							"controller.animation.saloon": {
								"initial_state": "default",
								"states": {
									"default": {
										"on_entry": [
											"/fill ~ ~ ~-1 ~ ~1 ~-1 air"
										]
									}
								}
							},
							"controller.animation.garage": {
								"initial_state": "default",
								"states": {
									"default": {
										"on_entry": [
											"/fill ~2 ~ ~ ~-2 ~2 ~ air"
										]
									}
								}
							},
							"controller.animation.garager": {
								"initial_state": "default",
								"states": {
									"default": {
										"on_entry": [
											"/fill ~ ~ ~2 ~ ~2 ~-2 air"
										]
									}
								}
							},
							"controller.animation.2x2r": {
								"initial_state": "default",
								"states": {
									"default": {
										"on_entry": [
											"/fill ~ ~ ~-1 ~ ~1 ~1 air"
										]
									}
								}
							},
							"controller.animation.2x2": {
								"initial_state": "default",
								"states": {
									"default": {
										"on_entry": [
											"/fill ~1 ~ ~ ~-1 ~1 ~ air"
										]
									}
								}
							},
							"controller.animation.sound": {
								"initial_state": "default",
								"states": {
									"default": {
										"on_entry": [
											"/playsound carriage @p"
										]
									}
								}
							}
						},
						"key": "controller.animation.bloques2",
						"children": [
							{
								"data": "default",
								"key": "initial_state"
							},
							{
								"open": {
									"initial_state": "default",
									"states": {
										"default": {
											"on_entry": [
												"/fill ~1 ~ ~ ~-1 ~2 ~ air"
											]
										}
									}
								},
								"key": "states",
								"children": [
									{
										"open": {
											"default": {
												"on_entry": [
													"/fill ~1 ~ ~ ~-1 ~2 ~ air"
												]
											}
										},
										"key": "default",
										"children": [
											{
												"open": {
													"on_entry": [
														"/fill ~1 ~ ~ ~-1 ~2 ~ air"
													]
												},
												"key": "on_entry",
												"is_minified": true,
												"children": [
													"/fill ~1 ~ ~ ~-1 ~2 ~ air"
												]
											}
										]
									}
								]
							}
						]
					},
					{
						"key": "controller.animation.bloques3",
						"children": [
							{
								"open": {
									"states": {
										"default": {
											"on_entry": [
												"/fill ~ ~ ~-1 ~ ~1 ~-1 air"
											]
										}
									},
									"initial_state": "default"
								},
								"key": "states",
								"children": [
									{
										"open": {
											"default": {
												"on_entry": [
													"/fill ~ ~ ~-1 ~ ~1 ~-1 air"
												]
											}
										},
										"key": "default",
										"children": [
											{
												"open": {
													"on_entry": [
														"/fill ~ ~ ~-1 ~ ~1 ~-1 air"
													]
												},
												"key": "on_entry",
												"is_minified": true,
												"children": [
													"/fill ~ ~ ~-1 ~ ~1 ~-1 air"
												]
											}
										]
									}
								]
							},
							{
								"data": "default",
								"key": "initial_state"
							}
						]
					},
					{
						"open": {
							"controller.animation.bloques1": {
								"initial_state": "default",
								"states": {
									"default": {
										"on_entry": [
											"/fill ~ ~ ~1 ~ ~2 ~-1 air"
										]
									}
								}
							},
							"controller.animation.bloques2": {
								"initial_state": "default",
								"states": {
									"default": {
										"on_entry": [
											"/fill ~1 ~ ~ ~-1 ~2 ~ air"
										]
									}
								}
							},
							"controller.animation.bloques3": {
								"states": {
									"default": {
										"on_entry": [
											"/fill ~ ~ ~-1 ~ ~1 ~-1 air"
										]
									}
								},
								"initial_state": "default"
							},
							"controller.animation.bloques4": {
								"states": {
									"default": {
										"on_entry": [
											"/fill ~1 ~ ~ ~1 ~1 ~ air"
										]
									}
								},
								"initial_state": "default"
							},
							"controller.animation.bloques5": {
								"initial_state": "default",
								"states": {
									"default": {
										"on_entry": [
											"/fill ~ ~ ~1 ~ ~3 ~-1 air"
										]
									}
								}
							},
							"controller.animation.bloques6": {
								"initial_state": "default",
								"states": {
									"default": {
										"on_entry": [
											"/fill ~1 ~ ~ ~-1 ~3 ~ air"
										]
									}
								}
							},
							"controller.animation.saloonr": {
								"initial_state": "default",
								"states": {
									"default": {
										"on_entry": [
											"/fill ~1 ~ ~ ~1 ~1 ~ air"
										]
									}
								}
							},
							"controller.animation.saloon": {
								"initial_state": "default",
								"states": {
									"default": {
										"on_entry": [
											"/fill ~ ~ ~-1 ~ ~1 ~-1 air"
										]
									}
								}
							},
							"controller.animation.garage": {
								"initial_state": "default",
								"states": {
									"default": {
										"on_entry": [
											"/fill ~2 ~ ~ ~-2 ~2 ~ air"
										]
									}
								}
							},
							"controller.animation.garager": {
								"initial_state": "default",
								"states": {
									"default": {
										"on_entry": [
											"/fill ~ ~ ~2 ~ ~2 ~-2 air"
										]
									}
								}
							},
							"controller.animation.2x2r": {
								"initial_state": "default",
								"states": {
									"default": {
										"on_entry": [
											"/fill ~ ~ ~-1 ~ ~1 ~1 air"
										]
									}
								}
							},
							"controller.animation.2x2": {
								"initial_state": "default",
								"states": {
									"default": {
										"on_entry": [
											"/fill ~1 ~ ~ ~-1 ~1 ~ air"
										]
									}
								}
							},
							"controller.animation.sound": {
								"initial_state": "default",
								"states": {
									"default": {
										"on_entry": [
											"/playsound carriage @p"
										]
									}
								}
							}
						},
						"key": "controller.animation.bloques4",
						"children": [
							{
								"open": {
									"states": {
										"default": {
											"on_entry": [
												"/fill ~1 ~ ~ ~1 ~1 ~ air"
											]
										}
									},
									"initial_state": "default"
								},
								"key": "states",
								"children": [
									{
										"open": {
											"default": {
												"on_entry": [
													"/fill ~1 ~ ~ ~1 ~1 ~ air"
												]
											}
										},
										"key": "default",
										"children": [
											{
												"open": {
													"on_entry": [
														"/fill ~1 ~ ~ ~1 ~1 ~ air"
													]
												},
												"key": "on_entry",
												"is_minified": true,
												"children": [
													"/fill ~1 ~ ~ ~1 ~1 ~ air"
												]
											}
										]
									}
								]
							},
							{
								"data": "default",
								"key": "initial_state"
							}
						]
					},
					{
						"open": {
							"controller.animation.bloques1": {
								"initial_state": "default",
								"states": {
									"default": {
										"on_entry": [
											"/fill ~ ~ ~1 ~ ~2 ~-1 air"
										]
									}
								}
							},
							"controller.animation.bloques2": {
								"initial_state": "default",
								"states": {
									"default": {
										"on_entry": [
											"/fill ~1 ~ ~ ~-1 ~2 ~ air"
										]
									}
								}
							},
							"controller.animation.bloques3": {
								"states": {
									"default": {
										"on_entry": [
											"/fill ~ ~ ~-1 ~ ~1 ~-1 air"
										]
									}
								},
								"initial_state": "default"
							},
							"controller.animation.bloques4": {
								"states": {
									"default": {
										"on_entry": [
											"/fill ~1 ~ ~ ~1 ~1 ~ air"
										]
									}
								},
								"initial_state": "default"
							},
							"controller.animation.bloques5": {
								"initial_state": "default",
								"states": {
									"default": {
										"on_entry": [
											"/fill ~ ~ ~1 ~ ~3 ~-1 air"
										]
									}
								}
							},
							"controller.animation.bloques6": {
								"initial_state": "default",
								"states": {
									"default": {
										"on_entry": [
											"/fill ~1 ~ ~ ~-1 ~3 ~ air"
										]
									}
								}
							},
							"controller.animation.saloonr": {
								"initial_state": "default",
								"states": {
									"default": {
										"on_entry": [
											"/fill ~1 ~ ~ ~1 ~1 ~ air"
										]
									}
								}
							},
							"controller.animation.saloon": {
								"initial_state": "default",
								"states": {
									"default": {
										"on_entry": [
											"/fill ~ ~ ~-1 ~ ~1 ~-1 air"
										]
									}
								}
							},
							"controller.animation.garage": {
								"initial_state": "default",
								"states": {
									"default": {
										"on_entry": [
											"/fill ~2 ~ ~ ~-2 ~2 ~ air"
										]
									}
								}
							},
							"controller.animation.garager": {
								"initial_state": "default",
								"states": {
									"default": {
										"on_entry": [
											"/fill ~ ~ ~2 ~ ~2 ~-2 air"
										]
									}
								}
							},
							"controller.animation.2x2r": {
								"initial_state": "default",
								"states": {
									"default": {
										"on_entry": [
											"/fill ~ ~ ~-1 ~ ~1 ~1 air"
										]
									}
								}
							},
							"controller.animation.2x2": {
								"initial_state": "default",
								"states": {
									"default": {
										"on_entry": [
											"/fill ~1 ~ ~ ~-1 ~1 ~ air"
										]
									}
								}
							},
							"controller.animation.sound": {
								"initial_state": "default",
								"states": {
									"default": {
										"on_entry": [
											"/playsound carriage @p"
										]
									}
								}
							}
						},
						"key": "controller.animation.bloques5",
						"children": [
							{
								"data": "default",
								"key": "initial_state"
							},
							{
								"open": {
									"initial_state": "default",
									"states": {
										"default": {
											"on_entry": [
												"/fill ~ ~ ~1 ~ ~3 ~-1 air"
											]
										}
									}
								},
								"key": "states",
								"children": [
									{
										"open": {
											"default": {
												"on_entry": [
													"/fill ~ ~ ~1 ~ ~3 ~-1 air"
												]
											}
										},
										"key": "default",
										"children": [
											{
												"open": {
													"on_entry": [
														"/fill ~ ~ ~1 ~ ~3 ~-1 air"
													]
												},
												"key": "on_entry",
												"is_minified": true,
												"children": [
													"/fill ~ ~ ~1 ~ ~3 ~-1 air"
												]
											}
										]
									}
								]
							}
						]
					},
					{
						"key": "controller.animation.bloques6",
						"children": [
							{
								"data": "default",
								"key": "initial_state"
							},
							{
								"open": {
									"initial_state": "default",
									"states": {
										"default": {
											"on_entry": [
												"/fill ~1 ~ ~ ~-1 ~3 ~ air"
											]
										}
									}
								},
								"key": "states",
								"children": [
									{
										"open": {
											"default": {
												"on_entry": [
													"/fill ~1 ~ ~ ~-1 ~3 ~ air"
												]
											}
										},
										"key": "default",
										"children": [
											{
												"open": {
													"on_entry": [
														"/fill ~1 ~ ~ ~-1 ~3 ~ air"
													]
												},
												"key": "on_entry",
												"is_minified": true,
												"children": [
													"/fill ~1 ~ ~ ~-1 ~3 ~ air"
												]
											}
										]
									}
								]
							}
						]
					},
					{
						"key": "controller.animation.saloonr",
						"children": [
							{
								"data": "default",
								"key": "initial_state"
							},
							{
								"open": {
									"initial_state": "default",
									"states": {
										"default": {
											"on_entry": [
												"/fill ~1 ~ ~ ~1 ~1 ~ air"
											]
										}
									}
								},
								"key": "states",
								"children": [
									{
										"open": {
											"default": {
												"on_entry": [
													"/fill ~1 ~ ~ ~1 ~1 ~ air"
												]
											}
										},
										"key": "default",
										"children": [
											{
												"open": {
													"on_entry": [
														"/fill ~1 ~ ~ ~1 ~1 ~ air"
													]
												},
												"key": "on_entry",
												"is_minified": true,
												"children": [
													"/fill ~1 ~ ~ ~1 ~1 ~ air"
												]
											}
										]
									}
								]
							}
						]
					},
					{
						"open": {
							"controller.animation.bloques1": {
								"initial_state": "default",
								"states": {
									"default": {
										"on_entry": [
											"/fill ~ ~ ~1 ~ ~2 ~-1 air"
										]
									}
								}
							},
							"controller.animation.bloques2": {
								"initial_state": "default",
								"states": {
									"default": {
										"on_entry": [
											"/fill ~1 ~ ~ ~-1 ~2 ~ air"
										]
									}
								}
							},
							"controller.animation.bloques3": {
								"states": {
									"default": {
										"on_entry": [
											"/fill ~ ~ ~-1 ~ ~1 ~-1 air"
										]
									}
								},
								"initial_state": "default"
							},
							"controller.animation.bloques4": {
								"states": {
									"default": {
										"on_entry": [
											"/fill ~1 ~ ~ ~1 ~1 ~ air"
										]
									}
								},
								"initial_state": "default"
							},
							"controller.animation.bloques5": {
								"initial_state": "default",
								"states": {
									"default": {
										"on_entry": [
											"/fill ~ ~ ~1 ~ ~3 ~-1 air"
										]
									}
								}
							},
							"controller.animation.bloques6": {
								"initial_state": "default",
								"states": {
									"default": {
										"on_entry": [
											"/fill ~1 ~ ~ ~-1 ~3 ~ air"
										]
									}
								}
							},
							"controller.animation.saloonr": {
								"initial_state": "default",
								"states": {
									"default": {
										"on_entry": [
											"/fill ~1 ~ ~ ~1 ~1 ~ air"
										]
									}
								}
							},
							"controller.animation.saloon": {
								"initial_state": "default",
								"states": {
									"default": {
										"on_entry": [
											"/fill ~ ~ ~-1 ~ ~1 ~-1 air"
										]
									}
								}
							},
							"controller.animation.garage": {
								"initial_state": "default",
								"states": {
									"default": {
										"on_entry": [
											"/fill ~2 ~ ~ ~-2 ~2 ~ air"
										]
									}
								}
							},
							"controller.animation.garager": {
								"initial_state": "default",
								"states": {
									"default": {
										"on_entry": [
											"/fill ~ ~ ~2 ~ ~2 ~-2 air"
										]
									}
								}
							},
							"controller.animation.2x2r": {
								"initial_state": "default",
								"states": {
									"default": {
										"on_entry": [
											"/fill ~ ~ ~-1 ~ ~1 ~1 air"
										]
									}
								}
							},
							"controller.animation.2x2": {
								"initial_state": "default",
								"states": {
									"default": {
										"on_entry": [
											"/fill ~1 ~ ~ ~-1 ~1 ~ air"
										]
									}
								}
							},
							"controller.animation.sound": {
								"initial_state": "default",
								"states": {
									"default": {
										"on_entry": [
											"/playsound carriage @p"
										]
									}
								}
							}
						},
						"key": "controller.animation.saloon",
						"children": [
							{
								"data": "default",
								"key": "initial_state"
							},
							{
								"open": {
									"initial_state": "default",
									"states": {
										"default": {
											"on_entry": [
												"/fill ~ ~ ~-1 ~ ~1 ~-1 air"
											]
										}
									}
								},
								"key": "states",
								"children": [
									{
										"open": {
											"default": {
												"on_entry": [
													"/fill ~ ~ ~-1 ~ ~1 ~-1 air"
												]
											}
										},
										"key": "default",
										"children": [
											{
												"open": {
													"on_entry": [
														"/fill ~ ~ ~-1 ~ ~1 ~-1 air"
													]
												},
												"key": "on_entry",
												"is_minified": true,
												"children": [
													"/fill ~ ~ ~-1 ~ ~1 ~-1 air"
												]
											}
										]
									}
								]
							}
						]
					},
					{
						"open": {
							"controller.animation.bloques1": {
								"initial_state": "default",
								"states": {
									"default": {
										"on_entry": [
											"/fill ~ ~ ~1 ~ ~2 ~-1 air"
										]
									}
								}
							},
							"controller.animation.bloques2": {
								"initial_state": "default",
								"states": {
									"default": {
										"on_entry": [
											"/fill ~1 ~ ~ ~-1 ~2 ~ air"
										]
									}
								}
							},
							"controller.animation.bloques3": {
								"states": {
									"default": {
										"on_entry": [
											"/fill ~ ~ ~-1 ~ ~1 ~-1 air"
										]
									}
								},
								"initial_state": "default"
							},
							"controller.animation.bloques4": {
								"states": {
									"default": {
										"on_entry": [
											"/fill ~1 ~ ~ ~1 ~1 ~ air"
										]
									}
								},
								"initial_state": "default"
							},
							"controller.animation.bloques5": {
								"initial_state": "default",
								"states": {
									"default": {
										"on_entry": [
											"/fill ~ ~ ~1 ~ ~3 ~-1 air"
										]
									}
								}
							},
							"controller.animation.bloques6": {
								"initial_state": "default",
								"states": {
									"default": {
										"on_entry": [
											"/fill ~1 ~ ~ ~-1 ~3 ~ air"
										]
									}
								}
							},
							"controller.animation.saloonr": {
								"initial_state": "default",
								"states": {
									"default": {
										"on_entry": [
											"/fill ~1 ~ ~ ~1 ~1 ~ air"
										]
									}
								}
							},
							"controller.animation.saloon": {
								"initial_state": "default",
								"states": {
									"default": {
										"on_entry": [
											"/fill ~ ~ ~-1 ~ ~1 ~-1 air"
										]
									}
								}
							},
							"controller.animation.garage": {
								"initial_state": "default",
								"states": {
									"default": {
										"on_entry": [
											"/fill ~2 ~ ~ ~-2 ~2 ~ air"
										]
									}
								}
							},
							"controller.animation.garager": {
								"initial_state": "default",
								"states": {
									"default": {
										"on_entry": [
											"/fill ~ ~ ~2 ~ ~2 ~-2 air"
										]
									}
								}
							},
							"controller.animation.2x2r": {
								"initial_state": "default",
								"states": {
									"default": {
										"on_entry": [
											"/fill ~ ~ ~-1 ~ ~1 ~1 air"
										]
									}
								}
							},
							"controller.animation.2x2": {
								"initial_state": "default",
								"states": {
									"default": {
										"on_entry": [
											"/fill ~1 ~ ~ ~-1 ~1 ~ air"
										]
									}
								}
							},
							"controller.animation.sound": {
								"initial_state": "default",
								"states": {
									"default": {
										"on_entry": [
											"/playsound carriage @p"
										]
									}
								}
							}
						},
						"key": "controller.animation.garage",
						"children": [
							{
								"data": "default",
								"key": "initial_state"
							},
							{
								"open": {
									"initial_state": "default",
									"states": {
										"default": {
											"on_entry": [
												"/fill ~2 ~ ~ ~-2 ~2 ~ air"
											]
										}
									}
								},
								"key": "states",
								"children": [
									{
										"open": {
											"default": {
												"on_entry": [
													"/fill ~2 ~ ~ ~-2 ~2 ~ air"
												]
											}
										},
										"key": "default",
										"children": [
											{
												"open": {
													"on_entry": [
														"/fill ~2 ~ ~ ~-2 ~2 ~ air"
													]
												},
												"key": "on_entry",
												"is_minified": true,
												"children": [
													"/fill ~2 ~ ~ ~-2 ~2 ~ air"
												]
											}
										]
									}
								]
							}
						]
					},
					{
						"open": {
							"controller.animation.bloques1": {
								"initial_state": "default",
								"states": {
									"default": {
										"on_entry": [
											"/fill ~ ~ ~1 ~ ~2 ~-1 air"
										]
									}
								}
							},
							"controller.animation.bloques2": {
								"initial_state": "default",
								"states": {
									"default": {
										"on_entry": [
											"/fill ~1 ~ ~ ~-1 ~2 ~ air"
										]
									}
								}
							},
							"controller.animation.bloques3": {
								"states": {
									"default": {
										"on_entry": [
											"/fill ~ ~ ~-1 ~ ~1 ~-1 air"
										]
									}
								},
								"initial_state": "default"
							},
							"controller.animation.bloques4": {
								"states": {
									"default": {
										"on_entry": [
											"/fill ~1 ~ ~ ~1 ~1 ~ air"
										]
									}
								},
								"initial_state": "default"
							},
							"controller.animation.bloques5": {
								"initial_state": "default",
								"states": {
									"default": {
										"on_entry": [
											"/fill ~ ~ ~1 ~ ~3 ~-1 air"
										]
									}
								}
							},
							"controller.animation.bloques6": {
								"initial_state": "default",
								"states": {
									"default": {
										"on_entry": [
											"/fill ~1 ~ ~ ~-1 ~3 ~ air"
										]
									}
								}
							},
							"controller.animation.saloonr": {
								"initial_state": "default",
								"states": {
									"default": {
										"on_entry": [
											"/fill ~1 ~ ~ ~1 ~1 ~ air"
										]
									}
								}
							},
							"controller.animation.saloon": {
								"initial_state": "default",
								"states": {
									"default": {
										"on_entry": [
											"/fill ~ ~ ~-1 ~ ~1 ~-1 air"
										]
									}
								}
							},
							"controller.animation.garage": {
								"initial_state": "default",
								"states": {
									"default": {
										"on_entry": [
											"/fill ~2 ~ ~ ~-2 ~2 ~ air"
										]
									}
								}
							},
							"controller.animation.garager": {
								"initial_state": "default",
								"states": {
									"default": {
										"on_entry": [
											"/fill ~ ~ ~2 ~ ~2 ~-2 air"
										]
									}
								}
							},
							"controller.animation.2x2r": {
								"initial_state": "default",
								"states": {
									"default": {
										"on_entry": [
											"/fill ~ ~ ~-1 ~ ~1 ~1 air"
										]
									}
								}
							},
							"controller.animation.2x2": {
								"initial_state": "default",
								"states": {
									"default": {
										"on_entry": [
											"/fill ~1 ~ ~ ~-1 ~1 ~ air"
										]
									}
								}
							},
							"controller.animation.sound": {
								"initial_state": "default",
								"states": {
									"default": {
										"on_entry": [
											"/playsound carriage @p"
										]
									}
								}
							}
						},
						"key": "controller.animation.garager",
						"children": [
							{
								"data": "default",
								"key": "initial_state"
							},
							{
								"open": {
									"initial_state": "default",
									"states": {
										"default": {
											"on_entry": [
												"/fill ~ ~ ~2 ~ ~2 ~-2 air"
											]
										}
									}
								},
								"key": "states",
								"children": [
									{
										"open": {
											"default": {
												"on_entry": [
													"/fill ~ ~ ~2 ~ ~2 ~-2 air"
												]
											}
										},
										"key": "default",
										"children": [
											{
												"open": {
													"on_entry": [
														"/fill ~ ~ ~2 ~ ~2 ~-2 air"
													]
												},
												"key": "on_entry",
												"is_minified": true,
												"children": [
													"/fill ~ ~ ~2 ~ ~2 ~-2 air"
												]
											}
										]
									}
								]
							}
						]
					},
					{
						"open": {
							"controller.animation.bloques1": {
								"initial_state": "default",
								"states": {
									"default": {
										"on_entry": [
											"/fill ~ ~ ~1 ~ ~2 ~-1 air"
										]
									}
								}
							},
							"controller.animation.bloques2": {
								"initial_state": "default",
								"states": {
									"default": {
										"on_entry": [
											"/fill ~1 ~ ~ ~-1 ~2 ~ air"
										]
									}
								}
							},
							"controller.animation.bloques3": {
								"states": {
									"default": {
										"on_entry": [
											"/fill ~ ~ ~-1 ~ ~1 ~-1 air"
										]
									}
								},
								"initial_state": "default"
							},
							"controller.animation.bloques4": {
								"states": {
									"default": {
										"on_entry": [
											"/fill ~1 ~ ~ ~1 ~1 ~ air"
										]
									}
								},
								"initial_state": "default"
							},
							"controller.animation.bloques5": {
								"initial_state": "default",
								"states": {
									"default": {
										"on_entry": [
											"/fill ~ ~ ~1 ~ ~3 ~-1 air"
										]
									}
								}
							},
							"controller.animation.bloques6": {
								"initial_state": "default",
								"states": {
									"default": {
										"on_entry": [
											"/fill ~1 ~ ~ ~-1 ~3 ~ air"
										]
									}
								}
							},
							"controller.animation.saloonr": {
								"initial_state": "default",
								"states": {
									"default": {
										"on_entry": [
											"/fill ~1 ~ ~ ~1 ~1 ~ air"
										]
									}
								}
							},
							"controller.animation.saloon": {
								"initial_state": "default",
								"states": {
									"default": {
										"on_entry": [
											"/fill ~ ~ ~-1 ~ ~1 ~-1 air"
										]
									}
								}
							},
							"controller.animation.garage": {
								"initial_state": "default",
								"states": {
									"default": {
										"on_entry": [
											"/fill ~2 ~ ~ ~-2 ~2 ~ air"
										]
									}
								}
							},
							"controller.animation.garager": {
								"initial_state": "default",
								"states": {
									"default": {
										"on_entry": [
											"/fill ~ ~ ~2 ~ ~2 ~-2 air"
										]
									}
								}
							},
							"controller.animation.2x2r": {
								"initial_state": "default",
								"states": {
									"default": {
										"on_entry": [
											"/fill ~ ~ ~-1 ~ ~1 ~1 air"
										]
									}
								}
							},
							"controller.animation.2x2": {
								"initial_state": "default",
								"states": {
									"default": {
										"on_entry": [
											"/fill ~1 ~ ~ ~-1 ~1 ~ air"
										]
									}
								}
							},
							"controller.animation.sound": {
								"initial_state": "default",
								"states": {
									"default": {
										"on_entry": [
											"/playsound carriage @p"
										]
									}
								}
							}
						},
						"key": "controller.animation.2x2r",
						"children": [
							{
								"data": "default",
								"key": "initial_state"
							},
							{
								"open": {
									"initial_state": "default",
									"states": {
										"default": {
											"on_entry": [
												"/fill ~ ~ ~-1 ~ ~1 ~1 air"
											]
										}
									}
								},
								"key": "states",
								"children": [
									{
										"open": {
											"default": {
												"on_entry": [
													"/fill ~ ~ ~-1 ~ ~1 ~1 air"
												]
											}
										},
										"key": "default",
										"children": [
											{
												"open": {
													"on_entry": [
														"/fill ~ ~ ~-1 ~ ~1 ~1 air"
													]
												},
												"key": "on_entry",
												"is_minified": true,
												"children": [
													"/fill ~ ~ ~-1 ~ ~1 ~1 air"
												]
											}
										]
									}
								]
							}
						]
					},
					{
						"open": {
							"controller.animation.bloques1": {
								"initial_state": "default",
								"states": {
									"default": {
										"on_entry": [
											"/fill ~ ~ ~1 ~ ~2 ~-1 air"
										]
									}
								}
							},
							"controller.animation.bloques2": {
								"initial_state": "default",
								"states": {
									"default": {
										"on_entry": [
											"/fill ~1 ~ ~ ~-1 ~2 ~ air"
										]
									}
								}
							},
							"controller.animation.bloques3": {
								"states": {
									"default": {
										"on_entry": [
											"/fill ~ ~ ~-1 ~ ~1 ~-1 air"
										]
									}
								},
								"initial_state": "default"
							},
							"controller.animation.bloques4": {
								"states": {
									"default": {
										"on_entry": [
											"/fill ~1 ~ ~ ~1 ~1 ~ air"
										]
									}
								},
								"initial_state": "default"
							},
							"controller.animation.bloques5": {
								"initial_state": "default",
								"states": {
									"default": {
										"on_entry": [
											"/fill ~ ~ ~1 ~ ~3 ~-1 air"
										]
									}
								}
							},
							"controller.animation.bloques6": {
								"initial_state": "default",
								"states": {
									"default": {
										"on_entry": [
											"/fill ~1 ~ ~ ~-1 ~3 ~ air"
										]
									}
								}
							},
							"controller.animation.saloonr": {
								"initial_state": "default",
								"states": {
									"default": {
										"on_entry": [
											"/fill ~1 ~ ~ ~1 ~1 ~ air"
										]
									}
								}
							},
							"controller.animation.saloon": {
								"initial_state": "default",
								"states": {
									"default": {
										"on_entry": [
											"/fill ~ ~ ~-1 ~ ~1 ~-1 air"
										]
									}
								}
							},
							"controller.animation.garage": {
								"initial_state": "default",
								"states": {
									"default": {
										"on_entry": [
											"/fill ~2 ~ ~ ~-2 ~2 ~ air"
										]
									}
								}
							},
							"controller.animation.garager": {
								"initial_state": "default",
								"states": {
									"default": {
										"on_entry": [
											"/fill ~ ~ ~2 ~ ~2 ~-2 air"
										]
									}
								}
							},
							"controller.animation.2x2r": {
								"initial_state": "default",
								"states": {
									"default": {
										"on_entry": [
											"/fill ~ ~ ~-1 ~ ~1 ~1 air"
										]
									}
								}
							},
							"controller.animation.2x2": {
								"initial_state": "default",
								"states": {
									"default": {
										"on_entry": [
											"/fill ~1 ~ ~ ~-1 ~1 ~ air"
										]
									}
								}
							},
							"controller.animation.sound": {
								"initial_state": "default",
								"states": {
									"default": {
										"on_entry": [
											"/playsound carriage @p"
										]
									}
								}
							}
						},
						"key": "controller.animation.2x2",
						"children": [
							{
								"open": {
									"initial_state": "default",
									"states": {
										"default": {
											"on_entry": [
												"/fill ~1 ~ ~ ~-1 ~1 ~ air"
											]
										}
									}
								},
								"data": "default",
								"key": "initial_state"
							},
							{
								"open": {
									"initial_state": "default",
									"states": {
										"default": {
											"on_entry": [
												"/fill ~1 ~ ~ ~-1 ~1 ~ air"
											]
										}
									}
								},
								"key": "states",
								"children": [
									{
										"open": {
											"default": {
												"on_entry": [
													"/fill ~1 ~ ~ ~-1 ~1 ~ air"
												]
											}
										},
										"key": "default",
										"children": [
											{
												"open": {
													"on_entry": [
														"/fill ~1 ~ ~ ~-1 ~1 ~ air"
													]
												},
												"key": "on_entry",
												"is_minified": true,
												"children": [
													"/fill ~1 ~ ~ ~-1 ~1 ~ air"
												]
											}
										]
									}
								]
							}
						]
					},
					{
						"open": {
							"controller.animation.bloques1": {
								"initial_state": "default",
								"states": {
									"default": {
										"on_entry": [
											"/fill ~ ~ ~1 ~ ~2 ~-1 air"
										]
									}
								}
							},
							"controller.animation.bloques2": {
								"initial_state": "default",
								"states": {
									"default": {
										"on_entry": [
											"/fill ~1 ~ ~ ~-1 ~2 ~ air"
										]
									}
								}
							},
							"controller.animation.bloques3": {
								"states": {
									"default": {
										"on_entry": [
											"/fill ~ ~ ~-1 ~ ~1 ~-1 air"
										]
									}
								},
								"initial_state": "default"
							},
							"controller.animation.bloques4": {
								"states": {
									"default": {
										"on_entry": [
											"/fill ~1 ~ ~ ~1 ~1 ~ air"
										]
									}
								},
								"initial_state": "default"
							},
							"controller.animation.bloques5": {
								"initial_state": "default",
								"states": {
									"default": {
										"on_entry": [
											"/fill ~ ~ ~1 ~ ~3 ~-1 air"
										]
									}
								}
							},
							"controller.animation.bloques6": {
								"initial_state": "default",
								"states": {
									"default": {
										"on_entry": [
											"/fill ~1 ~ ~ ~-1 ~3 ~ air"
										]
									}
								}
							},
							"controller.animation.saloonr": {
								"initial_state": "default",
								"states": {
									"default": {
										"on_entry": [
											"/fill ~1 ~ ~ ~1 ~1 ~ air"
										]
									}
								}
							},
							"controller.animation.saloon": {
								"initial_state": "default",
								"states": {
									"default": {
										"on_entry": [
											"/fill ~ ~ ~-1 ~ ~1 ~-1 air"
										]
									}
								}
							},
							"controller.animation.garage": {
								"initial_state": "default",
								"states": {
									"default": {
										"on_entry": [
											"/fill ~2 ~ ~ ~-2 ~2 ~ air"
										]
									}
								}
							},
							"controller.animation.garager": {
								"initial_state": "default",
								"states": {
									"default": {
										"on_entry": [
											"/fill ~ ~ ~2 ~ ~2 ~-2 air"
										]
									}
								}
							},
							"controller.animation.2x2r": {
								"initial_state": "default",
								"states": {
									"default": {
										"on_entry": [
											"/fill ~ ~ ~-1 ~ ~1 ~1 air"
										]
									}
								}
							},
							"controller.animation.2x2": {
								"initial_state": "default",
								"states": {
									"default": {
										"on_entry": [
											"/fill ~1 ~ ~ ~-1 ~1 ~ air"
										]
									}
								}
							},
							"controller.animation.sound": {
								"initial_state": "default",
								"states": {
									"default": {
										"on_entry": [
											"/playsound carriage @p"
										]
									}
								}
							}
						},
						"key": "controller.animation.sound",
						"children": [
							{
								"data": "default",
								"key": "initial_state"
							},
							{
								"open": {
									"initial_state": "default",
									"states": {
										"default": {
											"on_entry": [
												"/playsound carriage @p"
											]
										}
									}
								},
								"key": "states",
								"children": [
									{
										"open": {
											"default": {
												"on_entry": [
													"/playsound carriage @p"
												]
											}
										},
										"key": "default",
										"children": [
											{
												"open": {
													"on_entry": [
														"/playsound carriage @p"
													]
												},
												"key": "on_entry",
												"is_minified": true,
												"children": [
													"/playsound carriage @p"
												]
											}
										]
									}
								]
							}
						]
					}
				]
			}
		]
	}
}