{
	"file_path": "C:\\Users\\user\\AppData\\Local\\Packages\\Microsoft.MinecraftUWP_8wekyb3d8bbwe\\LocalState\\games\\com.mojang\\development_behavior_packs\\MALISIS DOOR V.3 BETA BP\\animation_controllers\\commands_garage_door_rotada.json.json",
	"file_type": "animation_controller",
	"format_version": 1,
	"file_uuid": "df412572_039d_4b5d_ba45_3b71abcee9da",
	"file_version": 5,
	"cache_content": {
		"children": [
			{
				"data": "1.10.0",
				"key": "format_version"
			},
			{
				"open": {
					"format_version": "1.10.0",
					"animation_controllers": {
						"controller.animation.bridge_garage_door_rotada.execute_commands": {
							"states": {
								"default": {
									"transitions": [
										{
											"execute_command_id_4": "query.skin_id == 4"
										},
										{
											"execute_command_id_3": "query.skin_id == 3"
										},
										{
											"execute_command_id_2": "query.skin_id == 2"
										},
										{
											"execute_command_id_1": "query.skin_id == 1"
										}
									]
								},
								"execute_command_id_1": {
									"transitions": [
										{
											"default": "query.skin_id != 1"
										}
									],
									"on_entry": [
										"@s bridge:remove_command_id_1"
									]
								},
								"execute_command_id_3": {
									"transitions": [
										{
											"default": "query.skin_id != 3"
										}
									],
									"on_entry": [
										"@s bridge:remove_command_id_3"
									]
								},
								"execute_command_id_4": {
									"transitions": [
										{
											"default": "query.skin_id != 4"
										}
									],
									"on_entry": [
										"@s bridge:remove_command_id_4"
									]
								}
							}
						}
					}
				},
				"key": "animation_controllers",
				"children": [
					{
						"open": {
							"controller.animation.bridge_garage_door_rotada.execute_commands": {
								"states": {
									"default": {
										"transitions": [
											{
												"execute_command_id_4": "query.skin_id == 4"
											},
											{
												"execute_command_id_3": "query.skin_id == 3"
											},
											{
												"execute_command_id_2": "query.skin_id == 2"
											},
											{
												"execute_command_id_1": "query.skin_id == 1"
											}
										]
									},
									"execute_command_id_1": {
										"transitions": [
											{
												"default": "query.skin_id != 1"
											}
										],
										"on_entry": [
											"@s bridge:remove_command_id_1"
										]
									},
									"execute_command_id_3": {
										"transitions": [
											{
												"default": "query.skin_id != 3"
											}
										],
										"on_entry": [
											"@s bridge:remove_command_id_3"
										]
									},
									"execute_command_id_4": {
										"transitions": [
											{
												"default": "query.skin_id != 4"
											}
										],
										"on_entry": [
											"@s bridge:remove_command_id_4"
										]
									}
								}
							}
						},
						"key": "controller.animation.bridge_garage_door_rotada.execute_commands",
						"children": [
							{
								"open": {
									"states": {
										"default": {
											"transitions": [
												{
													"execute_command_id_4": "query.skin_id == 4"
												},
												{
													"execute_command_id_3": "query.skin_id == 3"
												},
												{
													"execute_command_id_2": "query.skin_id == 2"
												},
												{
													"execute_command_id_1": "query.skin_id == 1"
												}
											]
										},
										"execute_command_id_1": {
											"transitions": [
												{
													"default": "query.skin_id != 1"
												}
											],
											"on_entry": [
												"@s bridge:remove_command_id_1"
											]
										},
										"execute_command_id_3": {
											"transitions": [
												{
													"default": "query.skin_id != 3"
												}
											],
											"on_entry": [
												"@s bridge:remove_command_id_3"
											]
										},
										"execute_command_id_4": {
											"transitions": [
												{
													"default": "query.skin_id != 4"
												}
											],
											"on_entry": [
												"@s bridge:remove_command_id_4"
											]
										}
									}
								},
								"key": "states",
								"children": [
									{
										"open": {
											"default": {
												"transitions": [
													{
														"execute_command_id_4": "query.skin_id == 4"
													},
													{
														"execute_command_id_3": "query.skin_id == 3"
													},
													{
														"execute_command_id_2": "query.skin_id == 2"
													},
													{
														"execute_command_id_1": "query.skin_id == 1"
													}
												]
											},
											"execute_command_id_1": {
												"transitions": [
													{
														"default": "query.skin_id != 1"
													}
												],
												"on_entry": [
													"@s bridge:remove_command_id_1"
												]
											},
											"execute_command_id_3": {
												"transitions": [
													{
														"default": "query.skin_id != 3"
													}
												],
												"on_entry": [
													"@s bridge:remove_command_id_3"
												]
											},
											"execute_command_id_4": {
												"transitions": [
													{
														"default": "query.skin_id != 4"
													}
												],
												"on_entry": [
													"@s bridge:remove_command_id_4"
												]
											}
										},
										"key": "default",
										"children": [
											{
												"open": {
													"transitions": [
														{
															"execute_command_id_4": "query.skin_id == 4"
														},
														{
															"execute_command_id_3": "query.skin_id == 3"
														},
														{
															"execute_command_id_2": "query.skin_id == 2"
														},
														{
															"execute_command_id_1": "query.skin_id == 1"
														}
													]
												},
												"key": "transitions",
												"children": [
													{
														"open": [
															{
																"execute_command_id_4": "query.skin_id == 4"
															},
															{
																"execute_command_id_3": "query.skin_id == 3"
															},
															{
																"execute_command_id_2": "query.skin_id == 2"
															},
															{
																"execute_command_id_1": "query.skin_id == 1"
															}
														],
														"is_minified": true,
														"children": {
															"execute_command_id_4": "query.skin_id == 4"
														}
													},
													{
														"is_minified": true,
														"children": {
															"execute_command_id_3": "query.skin_id == 3"
														}
													},
													{
														"is_minified": true,
														"children": {
															"execute_command_id_2": "query.skin_id == 2"
														}
													},
													{
														"is_minified": true,
														"children": {
															"execute_command_id_1": "query.skin_id == 1"
														}
													}
												]
											}
										]
									},
									{
										"open": {
											"default": {
												"transitions": [
													{
														"execute_command_id_4": "query.skin_id == 4"
													},
													{
														"execute_command_id_3": "query.skin_id == 3"
													},
													{
														"execute_command_id_2": "query.skin_id == 2"
													},
													{
														"execute_command_id_1": "query.skin_id == 1"
													}
												]
											},
											"execute_command_id_1": {
												"transitions": [
													{
														"default": "query.skin_id != 1"
													}
												],
												"on_entry": [
													"@s bridge:remove_command_id_1"
												]
											},
											"execute_command_id_3": {
												"transitions": [
													{
														"default": "query.skin_id != 3"
													}
												],
												"on_entry": [
													"@s bridge:remove_command_id_3"
												]
											},
											"execute_command_id_4": {
												"transitions": [
													{
														"default": "query.skin_id != 4"
													}
												],
												"on_entry": [
													"@s bridge:remove_command_id_4"
												]
											}
										},
										"key": "execute_command_id_1",
										"children": [
											{
												"key": "transitions",
												"is_minified": true,
												"children": [
													{
														"default": "query.skin_id != 1"
													}
												]
											},
											{
												"open": {
													"transitions": [
														{
															"default": "query.skin_id != 1"
														}
													],
													"on_entry": [
														"@s bridge:remove_command_id_1"
													]
												},
												"key": "on_entry",
												"is_minified": true,
												"children": [
													"@s bridge:remove_command_id_1"
												]
											}
										]
									},
									{
										"open": {
											"default": {
												"transitions": [
													{
														"execute_command_id_4": "query.skin_id == 4"
													},
													{
														"execute_command_id_3": "query.skin_id == 3"
													},
													{
														"execute_command_id_2": "query.skin_id == 2"
													},
													{
														"execute_command_id_1": "query.skin_id == 1"
													}
												]
											},
											"execute_command_id_1": {
												"transitions": [
													{
														"default": "query.skin_id != 1"
													}
												],
												"on_entry": [
													"@s bridge:remove_command_id_1"
												]
											},
											"execute_command_id_3": {
												"transitions": [
													{
														"default": "query.skin_id != 3"
													}
												],
												"on_entry": [
													"@s bridge:remove_command_id_3"
												]
											},
											"execute_command_id_4": {
												"transitions": [
													{
														"default": "query.skin_id != 4"
													}
												],
												"on_entry": [
													"@s bridge:remove_command_id_4"
												]
											}
										},
										"key": "execute_command_id_3",
										"children": [
											{
												"key": "transitions",
												"is_minified": true,
												"children": [
													{
														"default": "query.skin_id != 3"
													}
												]
											},
											{
												"open": {
													"transitions": [
														{
															"default": "query.skin_id != 3"
														}
													],
													"on_entry": [
														"@s bridge:remove_command_id_3"
													]
												},
												"key": "on_entry",
												"is_minified": true,
												"children": [
													"@s bridge:remove_command_id_3"
												]
											}
										]
									},
									{
										"open": {
											"default": {
												"transitions": [
													{
														"execute_command_id_4": "query.skin_id == 4"
													},
													{
														"execute_command_id_3": "query.skin_id == 3"
													},
													{
														"execute_command_id_2": "query.skin_id == 2"
													},
													{
														"execute_command_id_1": "query.skin_id == 1"
													}
												]
											},
											"execute_command_id_1": {
												"transitions": [
													{
														"default": "query.skin_id != 1"
													}
												],
												"on_entry": [
													"@s bridge:remove_command_id_1"
												]
											},
											"execute_command_id_3": {
												"transitions": [
													{
														"default": "query.skin_id != 3"
													}
												],
												"on_entry": [
													"@s bridge:remove_command_id_3"
												]
											},
											"execute_command_id_4": {
												"transitions": [
													{
														"default": "query.skin_id != 4"
													}
												],
												"on_entry": [
													"@s bridge:remove_command_id_4"
												]
											}
										},
										"key": "execute_command_id_4",
										"children": [
											{
												"key": "transitions",
												"is_minified": true,
												"children": [
													{
														"default": "query.skin_id != 4"
													}
												]
											},
											{
												"open": {
													"transitions": [
														{
															"default": "query.skin_id != 4"
														}
													],
													"on_entry": [
														"@s bridge:remove_command_id_4"
													]
												},
												"key": "on_entry",
												"is_minified": true,
												"children": [
													"@s bridge:remove_command_id_4"
												]
											}
										]
									}
								]
							}
						]
					}
				]
			}
		]
	}
}