{
	"file_path": "C:\\Users\\user\\AppData\\Local\\Packages\\Microsoft.MinecraftUWP_8wekyb3d8bbwe\\LocalState\\games\\com.mojang\\development_behavior_packs\\MALISIS DOOR V.3 BETA BP\\animation_controllers\\commands_trap_door.json.json",
	"file_type": "animation_controller",
	"format_version": 1,
	"file_uuid": "59f4fd6b_dbd5_4b0b_bee5_420a9750c9b6",
	"file_version": 3,
	"cache_content": {
		"children": [
			{
				"data": "1.10.0",
				"key": "format_version"
			},
			{
				"open": {
					"format_version": "1.10.0",
					"animation_controllers": {
						"controller.animation.bridge_trapo.execute_commands": {
							"states": {
								"default": {
									"transitions": [
										{
											"execute_command_id_1": "query.skin_id == 1"
										}
									]
								},
								"execute_command_id_1": {
									"transitions": [
										{
											"default": "query.skin_id != 1"
										}
									],
									"on_entry": [
										"/playsound trapo @p",
										"@s bridge:remove_command_id_1"
									]
								}
							}
						}
					}
				},
				"key": "animation_controllers",
				"children": [
					{
						"open": {
							"controller.animation.bridge_trapo.execute_commands": {
								"states": {
									"default": {
										"transitions": [
											{
												"execute_command_id_1": "query.skin_id == 1"
											}
										]
									},
									"execute_command_id_1": {
										"transitions": [
											{
												"default": "query.skin_id != 1"
											}
										],
										"on_entry": [
											"/playsound trapo @p",
											"@s bridge:remove_command_id_1"
										]
									}
								}
							}
						},
						"key": "controller.animation.bridge_trapo.execute_commands",
						"children": [
							{
								"open": {
									"states": {
										"default": {
											"transitions": [
												{
													"execute_command_id_1": "query.skin_id == 1"
												}
											]
										},
										"execute_command_id_1": {
											"transitions": [
												{
													"default": "query.skin_id != 1"
												}
											],
											"on_entry": [
												"/playsound trapo @p",
												"@s bridge:remove_command_id_1"
											]
										}
									}
								},
								"key": "states",
								"children": [
									{
										"open": {
											"default": {
												"transitions": [
													{
														"execute_command_id_1": "query.skin_id == 1"
													}
												]
											},
											"execute_command_id_1": {
												"transitions": [
													{
														"default": "query.skin_id != 1"
													}
												],
												"on_entry": [
													"/playsound trapo @p",
													"@s bridge:remove_command_id_1"
												]
											}
										},
										"key": "default",
										"is_minified": true,
										"children": {
											"transitions": [
												{
													"execute_command_id_1": "query.skin_id == 1"
												}
											]
										}
									},
									{
										"open": {
											"default": {
												"transitions": [
													{
														"execute_command_id_1": "query.skin_id == 1"
													}
												]
											},
											"execute_command_id_1": {
												"transitions": [
													{
														"default": "query.skin_id != 1"
													}
												],
												"on_entry": [
													"/playsound trapo @p",
													"@s bridge:remove_command_id_1"
												]
											}
										},
										"key": "execute_command_id_1",
										"children": [
											{
												"key": "transitions",
												"is_minified": true,
												"children": [
													{
														"default": "query.skin_id != 1"
													}
												]
											},
											{
												"open": {
													"transitions": [
														{
															"default": "query.skin_id != 1"
														}
													],
													"on_entry": [
														"/playsound trapo @p",
														"@s bridge:remove_command_id_1"
													]
												},
												"key": "on_entry",
												"is_minified": true,
												"children": [
													"/playsound trapo @p",
													"@s bridge:remove_command_id_1"
												]
											}
										]
									}
								]
							}
						]
					}
				]
			}
		]
	}
}