{
	"file_path": "C:\\Users\\user\\AppData\\Local\\Packages\\Microsoft.MinecraftUWP_8wekyb3d8bbwe\\LocalState\\games\\com.mojang\\development_behavior_packs\\MALISIS DOOR V.3 BETA BP\\animation_controllers\\commands_garage_door.json.json",
	"file_type": "animation_controller",
	"format_version": 1,
	"file_uuid": "ef86391a_d009_4038_a50a_7574f3b067d7",
	"file_version": 7,
	"cache_content": {
		"children": [
			{
				"data": "1.10.0",
				"key": "format_version"
			},
			{
				"open": {
					"format_version": "1.10.0",
					"animation_controllers": {
						"controller.animation.bridge_garage_door.execute_commands": {
							"states": {
								"default": {
									"transitions": [
										{
											"execute_command_id_5": "query.skin_id == 5"
										},
										{
											"execute_command_id_4": "query.skin_id == 4"
										},
										{
											"execute_command_id_3": "query.skin_id == 3"
										},
										{
											"execute_command_id_2": "query.skin_id == 2"
										},
										{
											"execute_command_id_1": "query.skin_id == 1"
										}
									]
								},
								"execute_command_id_1": {
									"transitions": [
										{
											"default": "query.skin_id != 1"
										}
									],
									"on_entry": [
										"/fill ~1 ~ ~ ~-1 ~2 ~ air",
										"@s bridge:remove_command_id_1"
									]
								},
								"execute_command_id_4": {
									"transitions": [
										{
											"default": "query.skin_id != 4"
										}
									],
									"on_entry": [
										"@s bridge:remove_command_id_4"
									]
								},
								"execute_command_id_5": {
									"transitions": [
										{
											"default": "query.skin_id != 5"
										}
									],
									"on_entry": [
										"/fill ~1 ~ ~ ~-1 ~2 ~ air 0",
										"@s bridge:remove_command_id_5"
									]
								}
							}
						}
					}
				},
				"key": "animation_controllers",
				"children": [
					{
						"open": {
							"controller.animation.bridge_garage_door.execute_commands": {
								"states": {
									"default": {
										"transitions": [
											{
												"execute_command_id_5": "query.skin_id == 5"
											},
											{
												"execute_command_id_4": "query.skin_id == 4"
											},
											{
												"execute_command_id_3": "query.skin_id == 3"
											},
											{
												"execute_command_id_2": "query.skin_id == 2"
											},
											{
												"execute_command_id_1": "query.skin_id == 1"
											}
										]
									},
									"execute_command_id_1": {
										"transitions": [
											{
												"default": "query.skin_id != 1"
											}
										],
										"on_entry": [
											"/fill ~1 ~ ~ ~-1 ~2 ~ air",
											"@s bridge:remove_command_id_1"
										]
									},
									"execute_command_id_4": {
										"transitions": [
											{
												"default": "query.skin_id != 4"
											}
										],
										"on_entry": [
											"@s bridge:remove_command_id_4"
										]
									},
									"execute_command_id_5": {
										"transitions": [
											{
												"default": "query.skin_id != 5"
											}
										],
										"on_entry": [
											"/fill ~1 ~ ~ ~-1 ~2 ~ air 0",
											"@s bridge:remove_command_id_5"
										]
									}
								}
							}
						},
						"key": "controller.animation.bridge_garage_door.execute_commands",
						"children": [
							{
								"open": {
									"states": {
										"default": {
											"transitions": [
												{
													"execute_command_id_5": "query.skin_id == 5"
												},
												{
													"execute_command_id_4": "query.skin_id == 4"
												},
												{
													"execute_command_id_3": "query.skin_id == 3"
												},
												{
													"execute_command_id_2": "query.skin_id == 2"
												},
												{
													"execute_command_id_1": "query.skin_id == 1"
												}
											]
										},
										"execute_command_id_1": {
											"transitions": [
												{
													"default": "query.skin_id != 1"
												}
											],
											"on_entry": [
												"/fill ~1 ~ ~ ~-1 ~2 ~ air",
												"@s bridge:remove_command_id_1"
											]
										},
										"execute_command_id_4": {
											"transitions": [
												{
													"default": "query.skin_id != 4"
												}
											],
											"on_entry": [
												"@s bridge:remove_command_id_4"
											]
										},
										"execute_command_id_5": {
											"transitions": [
												{
													"default": "query.skin_id != 5"
												}
											],
											"on_entry": [
												"/fill ~1 ~ ~ ~-1 ~2 ~ air 0",
												"@s bridge:remove_command_id_5"
											]
										}
									}
								},
								"key": "states",
								"children": [
									{
										"key": "default",
										"is_minified": true,
										"children": {
											"transitions": [
												{
													"execute_command_id_5": "query.skin_id == 5"
												},
												{
													"execute_command_id_4": "query.skin_id == 4"
												},
												{
													"execute_command_id_3": "query.skin_id == 3"
												},
												{
													"execute_command_id_2": "query.skin_id == 2"
												},
												{
													"execute_command_id_1": "query.skin_id == 1"
												}
											]
										}
									},
									{
										"open": {
											"default": {
												"transitions": [
													{
														"execute_command_id_5": "query.skin_id == 5"
													},
													{
														"execute_command_id_4": "query.skin_id == 4"
													},
													{
														"execute_command_id_3": "query.skin_id == 3"
													},
													{
														"execute_command_id_2": "query.skin_id == 2"
													},
													{
														"execute_command_id_1": "query.skin_id == 1"
													}
												]
											},
											"execute_command_id_1": {
												"transitions": [
													{
														"default": "query.skin_id != 1"
													}
												],
												"on_entry": [
													"/fill ~1 ~ ~ ~-1 ~2 ~ air",
													"@s bridge:remove_command_id_1"
												]
											},
											"execute_command_id_4": {
												"transitions": [
													{
														"default": "query.skin_id != 4"
													}
												],
												"on_entry": [
													"@s bridge:remove_command_id_4"
												]
											},
											"execute_command_id_5": {
												"transitions": [
													{
														"default": "query.skin_id != 5"
													}
												],
												"on_entry": [
													"/fill ~1 ~ ~ ~-1 ~2 ~ air 0",
													"@s bridge:remove_command_id_5"
												]
											}
										},
										"key": "execute_command_id_1",
										"children": [
											{
												"key": "transitions",
												"is_minified": true,
												"children": [
													{
														"default": "query.skin_id != 1"
													}
												]
											},
											{
												"open": {
													"transitions": [
														{
															"default": "query.skin_id != 1"
														}
													],
													"on_entry": [
														"/fill ~1 ~ ~ ~-1 ~2 ~ air",
														"@s bridge:remove_command_id_1"
													]
												},
												"key": "on_entry",
												"is_minified": true,
												"children": [
													"/fill ~1 ~ ~ ~-1 ~2 ~ air",
													"@s bridge:remove_command_id_1"
												]
											}
										]
									},
									{
										"open": {
											"default": {
												"transitions": [
													{
														"execute_command_id_5": "query.skin_id == 5"
													},
													{
														"execute_command_id_4": "query.skin_id == 4"
													},
													{
														"execute_command_id_3": "query.skin_id == 3"
													},
													{
														"execute_command_id_2": "query.skin_id == 2"
													},
													{
														"execute_command_id_1": "query.skin_id == 1"
													}
												]
											},
											"execute_command_id_1": {
												"transitions": [
													{
														"default": "query.skin_id != 1"
													}
												],
												"on_entry": [
													"/fill ~1 ~ ~ ~-1 ~2 ~ air",
													"@s bridge:remove_command_id_1"
												]
											},
											"execute_command_id_4": {
												"transitions": [
													{
														"default": "query.skin_id != 4"
													}
												],
												"on_entry": [
													"@s bridge:remove_command_id_4"
												]
											},
											"execute_command_id_5": {
												"transitions": [
													{
														"default": "query.skin_id != 5"
													}
												],
												"on_entry": [
													"/fill ~1 ~ ~ ~-1 ~2 ~ air 0",
													"@s bridge:remove_command_id_5"
												]
											}
										},
										"key": "execute_command_id_4",
										"children": [
											{
												"key": "transitions",
												"is_minified": true,
												"children": [
													{
														"default": "query.skin_id != 4"
													}
												]
											},
											{
												"open": {
													"transitions": [
														{
															"default": "query.skin_id != 4"
														}
													],
													"on_entry": [
														"@s bridge:remove_command_id_4"
													]
												},
												"key": "on_entry",
												"is_minified": true,
												"children": [
													"@s bridge:remove_command_id_4"
												]
											}
										]
									},
									{
										"open": {
											"default": {
												"transitions": [
													{
														"execute_command_id_5": "query.skin_id == 5"
													},
													{
														"execute_command_id_4": "query.skin_id == 4"
													},
													{
														"execute_command_id_3": "query.skin_id == 3"
													},
													{
														"execute_command_id_2": "query.skin_id == 2"
													},
													{
														"execute_command_id_1": "query.skin_id == 1"
													}
												]
											},
											"execute_command_id_1": {
												"transitions": [
													{
														"default": "query.skin_id != 1"
													}
												],
												"on_entry": [
													"/fill ~1 ~ ~ ~-1 ~2 ~ air",
													"@s bridge:remove_command_id_1"
												]
											},
											"execute_command_id_4": {
												"transitions": [
													{
														"default": "query.skin_id != 4"
													}
												],
												"on_entry": [
													"@s bridge:remove_command_id_4"
												]
											},
											"execute_command_id_5": {
												"transitions": [
													{
														"default": "query.skin_id != 5"
													}
												],
												"on_entry": [
													"/fill ~1 ~ ~ ~-1 ~2 ~ air 0",
													"@s bridge:remove_command_id_5"
												]
											}
										},
										"key": "execute_command_id_5",
										"children": [
											{
												"key": "transitions",
												"is_minified": true,
												"children": [
													{
														"default": "query.skin_id != 5"
													}
												]
											},
											{
												"open": {
													"transitions": [
														{
															"default": "query.skin_id != 5"
														}
													],
													"on_entry": [
														"/fill ~1 ~ ~ ~-1 ~2 ~ air 0",
														"@s bridge:remove_command_id_5"
													]
												},
												"key": "on_entry",
												"is_minified": true,
												"children": [
													"/fill ~1 ~ ~ ~-1 ~2 ~ air 0",
													"@s bridge:remove_command_id_5"
												]
											}
										]
									}
								]
							}
						]
					}
				]
			}
		]
	}
}