{
  "format_version": "1.12.0",
  "minecraft:geometry": [
    {
      "description": {
        "identifier": "geometry.bd69_slow_seline",
        "texture_width": 128,
        "texture_height": 128,
        "visible_bounds_width": 6,
        "visible_bounds_height": 5,
        "visible_bounds_offset": [
          0,
          1.5,
          0
        ]
      },
      "bones": [
        {
          "name": "bb_main",
          "cubes": [
            {
              "origin": [
                -8.0,
                21.0,
                -6.0
              ],
              "size": [
                17.0,
                7.0,
                6.0
              ],
              "uv": [
                2,
                22
              ],
              "inflate": 0
            },
            {
              "origin": [
                -3.0,
                0.0,
                -5.0
              ],
              "size": [
                6.0,
                23.0,
                2.0
              ],
              "uv": [
                66,
                11
              ],
              "inflate": 0
            },
            {
              "origin": [
                6.0,
                27.0,
                -4.0
              ],
              "size": [
                2.0,
                12.0,
                2.0
              ],
              "uv": [
                8,
                0
              ],
              "inflate": 0
            },
            {
              "origin": [
                5.0,
                39.0,
                -4.0
              ],
              "size": [
                4.0,
                4.0,
                2.0
              ],
              "uv": [
                72,
                36
              ],
              "inflate": 0
            },
            {
              "origin": [
                -8.0,
                39.0,
                -4.0
              ],
              "size": [
                4.0,
                4.0,
                2.0
              ],
              "uv": [
                72,
                36
              ],
              "inflate": 0
            },
            {
              "origin": [
                -7.0,
                27.0,
                -4.0
              ],
              "size": [
                2.0,
                12.0,
                2.0
              ],
              "uv": [
                9,
                2
              ],
              "inflate": 0
            },
            {
              "origin": [
                -7.0,
                0.0,
                -3.0
              ],
              "size": [
                16.0,
                20.0,
                2.0
              ],
              "uv": [
                0,
                53
              ],
              "inflate": 0
            },
            {
              "origin": [
                -7.0,
                0.0,
                20.0
              ],
              "size": [
                16.0,
                20.0,
                2.0
              ],
              "uv": [
                0,
                53
              ],
              "inflate": 0
            },
            {
              "origin": [
                -7.0,
                0.0,
                -1.0
              ],
              "size": [
                16.0,
                21.0,
                2.0
              ],
              "uv": [
                0,
                52
              ],
              "inflate": 0
            },
            {
              "origin": [
                -7.0,
                0.0,
                18.0
              ],
              "size": [
                16.0,
                21.0,
                2.0
              ],
              "uv": [
                0,
                53
              ],
              "inflate": 0
            },
            {
              "origin": [
                -7.0,
                0.0,
                1.0
              ],
              "size": [
                16.0,
                22.0,
                17.0
              ],
              "uv": [
                0,
                36
              ],
              "inflate": 0
            },
            {
              "origin": [
                -55.0,
                0.0,
                -17.0
              ],
              "size": [
                16.0,
                22.0,
                17.0
              ],
              "pivot": [
                -23.0,
                0.0,
                0.0
              ],
              "rotation": [
                0.0,
                180.0,
                0.0
              ],
              "uv": [
                0,
                36
              ],
              "inflate": 0
            }
          ]
        }
      ]
    }
  ]
}