{
	"format_version": "1.12.0",
	"minecraft:geometry": [
		{
			"description": {
				"identifier": "geometry.pacman",
				"texture_width": 512,
				"texture_height": 512,
				"visible_bounds_width": 5,
				"visible_bounds_height": 5.5,
				"visible_bounds_offset": [0, 2.25, 0]
			},
			"bones": [
				{
					"name": "main",
					"pivot": [0, 18, 0]
				},
				{
					"name": "body",
					"parent": "main",
					"pivot": [0, 18, 0]
				},
				{
					"name": "bone2",
					"parent": "body",
					"pivot": [0, 30, 24],
					"rotation": [25, 0, 0],
					"cubes": [
						{"origin": [-18, 18, -19], "size": [36, 3, 38], "uv": [0, 117]},
						{"origin": [20, 22, -19], "size": [3, 7, 38], "uv": [82, 161]},
						{"origin": [22.5, 29, -19], "size": [0, 7, 38], "uv": [122, 52]},
						{"origin": [-22.5, 29, -19], "size": [0, 7, 38], "uv": [122, 59]},
						{"origin": [-23, 22, -19], "size": [3, 7, 38], "uv": [164, 161]},
						{"origin": [-18, 23, 21], "size": [36, 6, 3], "uv": [164, 104]},
						{"origin": [-18, 29, -23], "size": [36, 10, 0], "uv": [44, 171]},
						{"origin": [-18, 23, -24], "size": [36, 6, 3], "uv": [170, 52]},
						{"origin": [-20, 21, -21], "size": [40, 8, 42], "uv": [0, 67]}
					]
				},
				{
					"name": "bone",
					"parent": "body",
					"pivot": [0, 29, 24],
					"rotation": [-5, 0, 0],
					"cubes": [
						{"origin": [-18, 29, 21], "size": [36, 23, 3], "uv": [122, 0]},
						{"origin": [20, 29, -19], "size": [3, 23, 38], "uv": [126, 29]},
						{"origin": [-20, 29, -21], "size": [40, 25, 42], "uv": [0, 0]},
						{"origin": [-18, 54, -19], "size": [36, 3, 38], "uv": [110, 120]},
						{"origin": [-23, 29, -19], "size": [3, 23, 38], "uv": [0, 158]},
						{"origin": [-22, 19, -19], "size": [0, 10, 37], "uv": [126, 124]},
						{"origin": [22, 19, -19], "size": [0, 10, 37], "uv": [44, 124]},
						{"origin": [-18, 29, -24], "size": [36, 23, 3], "uv": [170, 26]},
						{"origin": [-8, 35, -30], "size": [10, 11, 3], "pivot": [0, 18, 0], "rotation": [0, 15, 0], "uv": [0, 14]},
						{"origin": [-2, 35, -30], "size": [10, 11, 3], "pivot": [0, 18, 0], "rotation": [0, -15, 0], "uv": [0, 0]},
						{"origin": [-18, 19, -23], "size": [36, 10, 0], "uv": [126, 171]}
					]
				}
			]
		}
	]
}