{
  "format_version": "1.8.0",
  "animations": {
    "animation.cy_slow_sellers_s.stationary": {
      "loop": true,
      "animation_length": 8,
      "bones": {
        "rightarm": {
          "rotation": {
            "0.0": [
              0,
              0,
              10
            ],
            "0.5": [
              0,
              0,
              7.5
            ],
            "1.0": [
              0,
              0,
              -2.5
            ],
            "1.5": [
              0,
              0,
              -2.5
            ],
            "3.0": [
              0,
              0,
              -2.5
            ],
            "3.5": [
              0,
              0,
              2.5
            ],
            "4.0": [
              0,
              0,
              10
            ]
          }
        },
        "leftarm": {
          "rotation": {
            "0.0": [
              0,
              0,
              0
            ],
            "0.5": [
              0,
              0,
              0
            ],
            "1.0": [
              0,
              0,
              0
            ],
            "1.5": [
              0,
              0,
              -5
            ],
            "2.0": [
              0,
              0,
              -15
            ],
            "3.0": [
              0,
              0,
              0
            ]
          }
        },
        "Neck": {
          "rotation": {
            "0.0": [
              0,
              0,
              0
            ],
            "4.0": [
              -5,
              0,
              0
            ],
            "8.0": [
              0,
              0,
              0
            ]
          }
        }
      }
    },
    "animation.cy_slow_sellers_s.looking": {
      "animation_length": 20.91667,
      "bones": {
        "Body": {
          "rotation": [
            0,
            0,
            0
          ],
          "position": [
            0,
            0,
            0
          ]
        },
        "rightarm": {
          "rotation": {
            "0.0": [
              0,
              0,
              0
            ],
            "20.9167": [
              0,
              0,
              0
            ]
          },
          "position": [
            0,
            0,
            0
          ]
        },
        "rightarm2": {
          "rotation": [
            0,
            0,
            0
          ],
          "position": [
            0,
            0,
            0
          ]
        },
        "leftarm": {
          "rotation": [
            0,
            0,
            0
          ],
          "position": [
            0,
            0,
            0
          ]
        },
        "leftarm2": {
          "rotation": [
            0,
            0,
            0
          ],
          "position": [
            0,
            0,
            0
          ]
        },
        "head": {
          "rotation": [
            0,
            0,
            0
          ],
          "position": [
            0,
            0,
            0
          ]
        },
        "leftleg": {
          "rotation": [
            0,
            0,
            0
          ],
          "position": [
            0,
            0,
            0
          ]
        },
        "leftleg2": {
          "rotation": [
            0,
            0,
            0
          ],
          "position": [
            0,
            0,
            0
          ]
        }
      }
    },
    "animation.cy_slow_sellers_s.walk": {
      "loop": true
    },
    "animation.cy_slow_sellers_s.Jumpscare": {
      "animation_length": 1.375,
      "bones": {
        "body": {
          "rotation": {
            "0.0": [
              0,
              0,
              0
            ],
            "0.25": [
              0,
              0,
              0
            ],
            "1.0833": [
              0,
              0,
              0
            ],
            "1.1667": [
              20,
              0,
              0
            ]
          },
          "position": {
            "0.0": [
              0,
              0,
              0
            ],
            "0.25": [
              0,
              0,
              0
            ],
            "1.0833": [
              0,
              0,
              0
            ],
            "1.1667": [
              0,
              0,
              0
            ]
          }
        },
        "rightarm": {
          "rotation": {
            "0.0": [
              0,
              0,
              0
            ],
            "0.25": [
              -30,
              0,
              0
            ],
            "0.2917": [
              -80,
              0,
              0
            ]
          },
          "position": {
            "0.0": [
              0,
              0,
              0
            ],
            "0.25": [
              0,
              0,
              0
            ]
          }
        },
        "rightarm2": {
          "rotation": {
            "0.0": [
              0,
              0,
              0
            ],
            "0.25": [
              -30,
              0,
              0
            ],
            "0.2917": [
              0,
              0,
              0
            ],
            "0.8333": [
              0,
              0,
              0
            ],
            "0.9167": [
              0,
              0,
              -50
            ]
          },
          "position": {
            "0.0": [
              0,
              0,
              0
            ],
            "0.25": [
              0,
              0,
              0
            ],
            "0.8333": [
              0,
              0,
              0
            ]
          }
        },
        "leftarm": {
          "rotation": {
            "0.0": [
              0,
              0,
              0
            ],
            "0.25": [
              -30,
              0,
              0
            ],
            "0.2917": [
              -80,
              0,
              0
            ]
          },
          "position": {
            "0.0": [
              0,
              0,
              0
            ],
            "0.25": [
              0,
              0,
              0
            ]
          }
        },
        "leftarm2": {
          "rotation": {
            "0.0": [
              0,
              0,
              0
            ],
            "0.25": [
              -30,
              0,
              0
            ],
            "0.2917": [
              0,
              0,
              0
            ],
            "0.8333": [
              0,
              0,
              0
            ],
            "0.9167": [
              0,
              0,
              47.5
            ]
          },
          "position": {
            "0.0": [
              0,
              0,
              0
            ],
            "0.25": [
              0,
              0,
              0
            ],
            "0.8333": [
              0,
              0,
              0
            ]
          }
        },
        "head": {
          "rotation": {
            "0.0": [
              0,
              0,
              0
            ],
            "0.2917": [
              0,
              0,
              0
            ],
            "0.3333": [
              0,
              0,
              -10
            ],
            "0.375": [
              0,
              0,
              10
            ],
            "0.4167": [
              0,
              0,
              -10
            ],
            "0.4583": [
              0,
              0,
              10
            ],
            "0.5": [
              0,
              0,
              -10
            ],
            "0.5417": [
              0,
              0,
              10
            ],
            "0.5833": [
              0,
              0,
              -10
            ],
            "0.625": [
              0,
              0,
              15
            ],
            "0.6667": [
              0,
              0,
              -5
            ],
            "0.7083": [
              0,
              0,
              15
            ],
            "0.75": [
              0,
              0,
              -15
            ],
            "0.7917": [
              0,
              0,
              5
            ],
            "0.8333": [
              0,
              0,
              -15
            ],
            "0.875": [
              0,
              0,
              0
            ],
            "0.9167": [
              0,
              0,
              0
            ],
            "1.0833": [
              0,
              0,
              0
            ],
            "1.1667": [
              -17.5,
              0,
              0
            ]
          },
          "position": {
            "0.0": [
              0,
              0,
              0
            ],
            "0.2917": [
              0,
              0,
              0
            ],
            "0.3333": [
              0,
              0,
              0
            ],
            "0.375": [
              0,
              0,
              0
            ],
            "1.0833": [
              0,
              0,
              0
            ],
            "1.1667": [
              0,
              0,
              -2
            ]
          }
        }
      }
    },
    "animation.cy_slow_sellers_s.attack": {
      "loop": true,
      "animation_length": 0.54167,
      "bones": {
        "Neck": {
          "rotation": {
            "0.0": [
              0,
              0,
              0
            ],
            "0.1667": [
              -10,
              0,
              0
            ],
            "0.3333": [
              17.5,
              0,
              0
            ],
            "0.5": [
              17.5,
              0,
              0
            ],
            "0.5417": [
              0,
              0,
              0
            ]
          },
          "position": [
            0,
            0,
            0
          ]
        }
      }
    }
  }
}