{
  "format_version": "1.12.0",
  "minecraft:geometry": [
    {
      "description": {
        "identifier": "geometry.jp_banbaleena_v2",
        "texture_width": 64,
        "texture_height": 64,
        "visible_bounds_width": 3,
        "visible_bounds_height": 4,
        "visible_bounds_offset": [
          0,
          1,
          0
        ]
      },
      "bones": [
        {
          "name": "RightLeg",
          "pivot": [
            -2,
            12,
            0
          ],
          "rotation": [
            0,
            2.5,
            2.5
          ],
          "cubes": [
            {
              "origin": [
                -4,
                7,
                -2
              ],
              "size": [
                4,
                5,
                4
              ],
              "uv": [
                0,
                34
              ]
            }
          ]
        },
        {
          "name": "bone",
          "parent": "RightLeg",
          "pivot": [
            -2,
            7,
            0
          ],
          "cubes": [
            {
              "origin": [
                -4,
                0,
                -2
              ],
              "size": [
                4,
                7,
                4
              ],
              "uv": [
                28,
                23
              ]
            }
          ]
        },
        {
          "name": "bone2",
          "parent": "bone",
          "pivot": [
            -2,
            2,
            0
          ],
          "rotation": [
            0,
            0,
            -2.5
          ]
        },
        {
          "name": "LeftLeg",
          "pivot": [
            2,
            12,
            0
          ],
          "rotation": [
            0,
            -2.5,
            -2.5
          ],
          "cubes": [
            {
              "origin": [
                0,
                7,
                -2
              ],
              "size": [
                4,
                5,
                4
              ],
              "uv": [
                32,
                0
              ]
            }
          ]
        },
        {
          "name": "bone3",
          "parent": "LeftLeg",
          "pivot": [
            2,
            7,
            0
          ],
          "cubes": [
            {
              "origin": [
                0,
                0,
                -2
              ],
              "size": [
                4,
                7,
                4
              ],
              "uv": [
                28,
                12
              ]
            }
          ]
        },
        {
          "name": "bone4",
          "parent": "bone3",
          "pivot": [
            2,
            2,
            0
          ],
          "rotation": [
            0,
            0,
            2.5
          ]
        },
        {
          "name": "Body",
          "pivot": [
            0,
            13,
            0
          ],
          "cubes": [
            {
              "origin": [
                -4,
                12,
                -3
              ],
              "size": [
                8,
                12,
                6
              ],
              "uv": [
                0,
                16
              ]
            }
          ]
        },
        {
          "name": "RightArm",
          "parent": "Body",
          "pivot": [
            -4,
            23,
            0
          ],
          "rotation": [
            2.5,
            0,
            2.5
          ],
          "cubes": [
            {
              "origin": [
                -7,
                17,
                -1.8
              ],
              "size": [
                3,
                7,
                3.6
              ],
              "uv": [
                0,
                43
              ]
            }
          ]
        },
        {
          "name": "bone5",
          "parent": "RightArm",
          "pivot": [
            -6,
            17,
            0
          ],
          "rotation": [
            -7.5,
            0,
            0
          ],
          "cubes": [
            {
              "origin": [
                -7.19564,
                10.90048,
                -1.99129
              ],
              "size": [
                3.4,
                6,
                4
              ],
              "uv": [
                30,
                34
              ]
            }
          ]
        },
        {
          "name": "bone6",
          "parent": "bone5",
          "pivot": [
            -5,
            11,
            0
          ],
          "cubes": [
            {
              "origin": [
                -6.7,
                8,
                -1.5
              ],
              "size": [
                2.4,
                3,
                3
              ],
              "uv": [
                12,
                44
              ]
            }
          ]
        },
        {
          "name": "LeftArm",
          "parent": "Body",
          "pivot": [
            4,
            23,
            0
          ],
          "rotation": [
            2.5,
            0,
            -2.5
          ],
          "cubes": [
            {
              "origin": [
                4,
                17,
                -1.8
              ],
              "size": [
                3,
                7,
                3.6
              ],
              "uv": [
                41,
                41
              ]
            }
          ]
        },
        {
          "name": "bone7",
          "parent": "LeftArm",
          "pivot": [
            6,
            17,
            0
          ],
          "rotation": [
            -7.5,
            0,
            0
          ],
          "cubes": [
            {
              "origin": [
                3.8,
                11,
                -2
              ],
              "size": [
                3.4,
                6,
                4
              ],
              "uv": [
                16,
                34
              ]
            }
          ]
        },
        {
          "name": "bone8",
          "parent": "bone7",
          "pivot": [
            5,
            11,
            0
          ],
          "cubes": [
            {
              "origin": [
                4.3,
                8,
                -1.5
              ],
              "size": [
                2.4,
                3,
                3
              ],
              "uv": [
                41,
                31
              ]
            }
          ]
        },
        {
          "name": "Head",
          "parent": "Body",
          "pivot": [
            0,
            24.4,
            0
          ],
          "cubes": [
            {
              "origin": [
                -4,
                23.9,
                -3
              ],
              "size": [
                8,
                8.5,
                6
              ],
              "uv": [
                2,
                2
              ]
            },
            {
              "origin": [
                -4,
                32.4,
                -1.5
              ],
              "size": [
                3,
                3.5,
                3
              ],
              "uv": [
                41,
                20
              ]
            },
            {
              "origin": [
                1,
                32.4,
                -1.5
              ],
              "size": [
                3,
                3.5,
                3
              ],
              "uv": [
                40,
                9
              ]
            },
            {
              "origin": [
                -1,
                24.3,
                -1
              ],
              "size": [
                2,
                2,
                2
              ],
              "uv": [
                24,
                3
              ]
            },
            {
              "origin": [
                -3,
                32.4,
                -2
              ],
              "size": [
                5,
                3,
                0
              ],
              "pivot": [
                0,
                24.4,
                0
              ],
              "rotation": [
                0,
                0,
                25
              ],
              "uv": [
                24,
                0
              ]
            }
          ]
        },
        {
          "name": "bone10",
          "parent": "Head",
          "pivot": [
            -2,
            28.4,
            -4
          ],
          "cubes": [
            {
              "origin": [
                -3.2,
                28.2,
                -4.5
              ],
              "size": [
                2.4,
                2.4,
                2
              ],
              "uv": [
                0,
                4
              ]
            },
            {
              "origin": [
                -3,
                28.5,
                -4.7
              ],
              "size": [
                1.9,
                1.8,
                1
              ],
              "uv": [
                0,
                18
              ]
            }
          ]
        },
        {
          "name": "bone9",
          "parent": "Head",
          "pivot": [
            -1.6,
            26.2,
            -4
          ],
          "rotation": [
            -2.5,
            0,
            7.5
          ]
        },
        {
          "name": "bone11",
          "parent": "Head",
          "pivot": [
            2,
            28.4,
            -4
          ],
          "cubes": [
            {
              "origin": [
                0.8,
                28.2,
                -4.5
              ],
              "size": [
                2.4,
                2.4,
                2
              ],
              "uv": [
                0,
                0
              ]
            },
            {
              "origin": [
                1.1,
                28.5,
                -4.7
              ],
              "size": [
                1.8,
                1.8,
                1
              ],
              "uv": [
                0,
                16
              ]
            }
          ]
        }
      ]
    }
  ]
}