{
  "format_version": "1.12.0",
  "minecraft:geometry": [
    {
      "description": {
        "identifier": "geometry.jp_banban_v2",
        "texture_width": 64,
        "texture_height": 64,
        "visible_bounds_width": 3,
        "visible_bounds_height": 4,
        "visible_bounds_offset": [
          0,
          1,
          0
        ]
      },
      "bones": [
        {
          "name": "RightLeg",
          "pivot": [
            -2,
            12,
            0
          ],
          "rotation": [
            0,
            2.5,
            2.5
          ],
          "cubes": [
            {
              "origin": [
                -4,
                7,
                -2
              ],
              "size": [
                4,
                5,
                4
              ],
              "uv": [
                24,
                31
              ]
            }
          ]
        },
        {
          "name": "bone",
          "parent": "RightLeg",
          "pivot": [
            -2,
            7,
            0
          ],
          "cubes": [
            {
              "origin": [
                -4,
                0,
                -2
              ],
              "size": [
                4,
                7,
                4
              ],
              "uv": [
                28,
                11
              ]
            }
          ]
        },
        {
          "name": "bone2",
          "parent": "bone",
          "pivot": [
            -2,
            2,
            0
          ],
          "rotation": [
            0,
            0,
            -2.5
          ]
        },
        {
          "name": "LeftLeg",
          "pivot": [
            2,
            12,
            0
          ],
          "rotation": [
            0,
            -2.5,
            -2.5
          ],
          "cubes": [
            {
              "origin": [
                0,
                7,
                -2
              ],
              "size": [
                4,
                5,
                4
              ],
              "uv": [
                28,
                22
              ]
            }
          ]
        },
        {
          "name": "bone3",
          "parent": "LeftLeg",
          "pivot": [
            2,
            7,
            0
          ],
          "cubes": [
            {
              "origin": [
                0,
                0,
                -2
              ],
              "size": [
                4,
                7,
                4
              ],
              "uv": [
                28,
                0
              ]
            }
          ]
        },
        {
          "name": "bone4",
          "parent": "bone3",
          "pivot": [
            2,
            2,
            0
          ],
          "rotation": [
            0,
            0,
            2.5
          ]
        },
        {
          "name": "Body",
          "pivot": [
            0,
            13,
            0
          ],
          "cubes": [
            {
              "origin": [
                -4,
                12,
                -3
              ],
              "size": [
                8,
                12,
                6
              ],
              "uv": [
                0,
                0
              ]
            }
          ]
        },
        {
          "name": "RightArm",
          "parent": "Body",
          "pivot": [
            -4,
            23,
            0
          ],
          "rotation": [
            2.5,
            0,
            2.5
          ],
          "cubes": [
            {
              "origin": [
                -7,
                17,
                -1.8
              ],
              "size": [
                3,
                7,
                3.6
              ],
              "uv": [
                0,
                42
              ]
            }
          ]
        },
        {
          "name": "bone5",
          "parent": "RightArm",
          "pivot": [
            -6,
            17,
            0
          ],
          "rotation": [
            -7.5,
            0,
            0
          ],
          "cubes": [
            {
              "origin": [
                -7.2,
                11,
                -2
              ],
              "size": [
                3.4,
                6,
                4
              ],
              "uv": [
                14,
                36
              ]
            }
          ]
        },
        {
          "name": "bone6",
          "parent": "bone5",
          "pivot": [
            -5,
            11,
            0
          ],
          "cubes": [
            {
              "origin": [
                -6.7,
                8,
                -1.5
              ],
              "size": [
                2.4,
                3,
                3
              ],
              "uv": [
                25,
                43
              ]
            }
          ]
        },
        {
          "name": "LeftArm",
          "parent": "Body",
          "pivot": [
            4,
            23,
            0
          ],
          "rotation": [
            2.5,
            0,
            -2.5
          ],
          "cubes": [
            {
              "origin": [
                4,
                17,
                -1.8
              ],
              "size": [
                3,
                7,
                3.6
              ],
              "uv": [
                37,
                37
              ]
            }
          ]
        },
        {
          "name": "bone7",
          "parent": "LeftArm",
          "pivot": [
            6,
            17,
            0
          ],
          "rotation": [
            -7.5,
            0,
            0
          ],
          "cubes": [
            {
              "origin": [
                3.8,
                11,
                -2
              ],
              "size": [
                3.4,
                6,
                4
              ],
              "uv": [
                0,
                32
              ]
            }
          ]
        },
        {
          "name": "bone8",
          "parent": "bone7",
          "pivot": [
            5,
            11,
            0
          ],
          "cubes": [
            {
              "origin": [
                4.3,
                8,
                -1.5
              ],
              "size": [
                2.4,
                3,
                3
              ],
              "uv": [
                41,
                19
              ]
            }
          ]
        },
        {
          "name": "Head",
          "parent": "Body",
          "pivot": [
            0,
            24.4,
            0
          ],
          "cubes": [
            {
              "origin": [
                -4,
                23.9,
                -3
              ],
              "size": [
                8,
                8.5,
                6
              ],
              "uv": [
                0,
                18
              ]
            },
            {
              "origin": [
                -4,
                32.4,
                -1.5
              ],
              "size": [
                3,
                3.5,
                3
              ],
              "uv": [
                41,
                8
              ]
            },
            {
              "origin": [
                -3.6,
                35.9,
                -1.1
              ],
              "size": [
                2.2,
                1,
                2.2
              ],
              "uv": [
                28,
                40
              ]
            },
            {
              "origin": [
                -4.2,
                33.5,
                -1.7
              ],
              "size": [
                3.4,
                1,
                3.4
              ],
              "uv": [
                40,
                0
              ]
            },
            {
              "origin": [
                1,
                32.4,
                -1.5
              ],
              "size": [
                3,
                3.5,
                3
              ],
              "uv": [
                40,
                31
              ]
            },
            {
              "origin": [
                1.4,
                35.9,
                -1.1
              ],
              "size": [
                2.2,
                1,
                2.2
              ],
              "uv": [
                19,
                32
              ]
            },
            {
              "origin": [
                0.8,
                33.5,
                -1.7
              ],
              "size": [
                3.4,
                1,
                3.4
              ],
              "uv": [
                10,
                32
              ]
            }
          ]
        },
        {
          "name": "bone10",
          "parent": "Head",
          "pivot": [
            -2,
            28.4,
            -4
          ],
          "cubes": [
            {
              "origin": [
                -3.2,
                28.5,
                -3.5
              ],
              "size": [
                2.4,
                2.4,
                2
              ],
              "uv": [
                22,
                20
              ]
            }
          ]
        },
        {
          "name": "bone9",
          "parent": "Head",
          "pivot": [
            -1.6,
            26.2,
            -4
          ],
          "rotation": [
            -2.5,
            0,
            7.5
          ],
          "cubes": [
            {
              "origin": [
                -2.79216,
                23.15463,
                -3.3
              ],
              "size": [
                2,
                3,
                1
              ],
              "uv": [
                0,
                0
              ]
            }
          ]
        },
        {
          "name": "bone11",
          "parent": "Head",
          "pivot": [
            2,
            28.4,
            -4
          ],
          "cubes": [
            {
              "origin": [
                0.8,
                28.5,
                -3.5
              ],
              "size": [
                2.4,
                2.4,
                2
              ],
              "uv": [
                22,
                0
              ]
            }
          ]
        }
      ]
    }
  ]
}