{
  "format_version": "1.12.0",
  "minecraft:geometry": [
    {
      "description": {
        "identifier": "geometry.jp_captain_dead",
        "texture_width": 64,
        "texture_height": 64,
        "visible_bounds_width": 3,
        "visible_bounds_height": 2.5,
        "visible_bounds_offset": [
          0,
          0.75,
          0
        ]
      },
      "bones": [
        {
          "name": "RightLeg",
          "pivot": [
            -1,
            3,
            5
          ],
          "rotation": [
            17.5,
            12.5,
            0
          ],
          "cubes": [
            {
              "origin": [
                -2.6,
                3.1,
                -1.6
              ],
              "size": [
                2.2,
                6,
                3.2
              ],
              "pivot": [
                0,
                3,
                0
              ],
              "rotation": [
                -90,
                0,
                0
              ],
              "uv": [
                32,
                0
              ]
            }
          ]
        },
        {
          "name": "LeftLeg",
          "pivot": [
            1,
            3,
            5
          ],
          "rotation": [
            20,
            -15,
            0
          ],
          "cubes": [
            {
              "origin": [
                0.4,
                3,
                -1.6
              ],
              "size": [
                2.2,
                6,
                3.2
              ],
              "pivot": [
                0,
                3,
                0
              ],
              "rotation": [
                -90,
                0,
                0
              ],
              "uv": [
                12,
                27
              ]
            }
          ]
        },
        {
          "name": "Body",
          "pivot": [
            0,
            5,
            0
          ],
          "cubes": [
            {
              "origin": [
                -3,
                8,
                -3
              ],
              "size": [
                6,
                1,
                6
              ],
              "pivot": [
                0,
                3,
                0
              ],
              "rotation": [
                -90,
                0,
                0
              ],
              "uv": [
                0,
                20
              ]
            },
            {
              "origin": [
                -4,
                9,
                -3
              ],
              "size": [
                8,
                4,
                6
              ],
              "pivot": [
                0,
                3,
                0
              ],
              "rotation": [
                -90,
                0,
                0
              ],
              "uv": [
                0,
                10
              ]
            },
            {
              "origin": [
                -5,
                13,
                -3
              ],
              "size": [
                10,
                4,
                6
              ],
              "pivot": [
                0,
                3,
                0
              ],
              "rotation": [
                -90,
                0,
                0
              ],
              "uv": [
                0,
                0
              ]
            },
            {
              "origin": [
                -4,
                17,
                1.7
              ],
              "size": [
                8,
                4,
                0
              ],
              "pivot": [
                0,
                9,
                -3
              ],
              "rotation": [
                -77.5,
                0,
                0
              ],
              "uv": [
                22,
                10
              ]
            }
          ]
        },
        {
          "name": "bone",
          "parent": "Body",
          "pivot": [
            -2,
            0,
            0
          ],
          "cubes": [
            {
              "origin": [
                -3.2,
                12.8,
                -3.6
              ],
              "size": [
                2.4,
                2.4,
                2
              ],
              "pivot": [
                0,
                3,
                0
              ],
              "rotation": [
                -90,
                0,
                0
              ],
              "uv": [
                33,
                18
              ]
            },
            {
              "origin": [
                -3.1,
                12.9,
                -3.7
              ],
              "size": [
                1.6,
                1.7,
                1
              ],
              "pivot": [
                0,
                3,
                0
              ],
              "rotation": [
                -90,
                0,
                0
              ],
              "uv": [
                0,
                2
              ]
            }
          ]
        },
        {
          "name": "RightArm",
          "parent": "Body",
          "pivot": [
            -5,
            3,
            13
          ],
          "rotation": [
            7.5,
            22.5,
            0
          ],
          "cubes": [
            {
              "origin": [
                -7,
                6,
                -1.5
              ],
              "size": [
                3,
                10,
                3
              ],
              "pivot": [
                0,
                3,
                0
              ],
              "rotation": [
                -90,
                0,
                0
              ],
              "uv": [
                0,
                27
              ]
            }
          ]
        },
        {
          "name": "LeftArm",
          "parent": "Body",
          "pivot": [
            5,
            3,
            13
          ],
          "rotation": [
            10,
            -22.5,
            0
          ],
          "cubes": [
            {
              "origin": [
                4,
                -5,
                9.5
              ],
              "size": [
                3,
                10,
                3
              ],
              "pivot": [
                0,
                3,
                11
              ],
              "rotation": [
                -90,
                0,
                0
              ],
              "uv": [
                24,
                20
              ]
            }
          ]
        },
        {
          "name": "bone2",
          "parent": "Body",
          "pivot": [
            2,
            0,
            0
          ],
          "cubes": [
            {
              "origin": [
                0.8,
                12.8,
                -3.6
              ],
              "size": [
                2.4,
                2.4,
                2
              ],
              "pivot": [
                0,
                3,
                0
              ],
              "rotation": [
                -90,
                0,
                0
              ],
              "uv": [
                28,
                14
              ]
            },
            {
              "origin": [
                1.5,
                13.4,
                -3.7
              ],
              "size": [
                1.6,
                1.7,
                1
              ],
              "pivot": [
                0,
                3,
                0
              ],
              "rotation": [
                -90,
                0,
                0
              ],
              "uv": [
                0,
                0
              ]
            }
          ]
        }
      ]
    }
  ]
}