{
  "format_version": "1.12.0",
  "minecraft:geometry": [
    {
      "description": {
        "identifier": "geometry.jp_captain_fiddels",
        "texture_width": 64,
        "texture_height": 64,
        "visible_bounds_width": 2,
        "visible_bounds_height": 2.5,
        "visible_bounds_offset": [
          0,
          0.75,
          0
        ]
      },
      "bones": [
        {
          "name": "RightLeg",
          "pivot": [
            -2,
            5,
            0
          ],
          "cubes": [
            {
              "origin": [
                -2.6,
                0.1,
                -1.6
              ],
              "size": [
                2.2,
                6,
                3.2
              ],
              "uv": [
                32,
                0
              ]
            }
          ]
        },
        {
          "name": "LeftLeg",
          "pivot": [
            2,
            5,
            0
          ],
          "cubes": [
            {
              "origin": [
                0.4,
                0,
                -1.6
              ],
              "size": [
                2.2,
                6,
                3.2
              ],
              "uv": [
                12,
                27
              ]
            }
          ]
        },
        {
          "name": "Body",
          "pivot": [
            0,
            5,
            0
          ],
          "cubes": [
            {
              "origin": [
                -3,
                5,
                -3
              ],
              "size": [
                6,
                1,
                6
              ],
              "uv": [
                0,
                20
              ]
            },
            {
              "origin": [
                -4,
                6,
                -3
              ],
              "size": [
                8,
                4,
                6
              ],
              "uv": [
                0,
                10
              ]
            },
            {
              "origin": [
                -5,
                10,
                -3
              ],
              "size": [
                10,
                4,
                6
              ],
              "uv": [
                0,
                0
              ]
            },
            {
              "origin": [
                -4,
                6,
                -3
              ],
              "size": [
                8,
                4,
                0
              ],
              "pivot": [
                0,
                6,
                -3
              ],
              "rotation": [
                12.5,
                0,
                0
              ],
              "uv": [
                22,
                10
              ]
            }
          ]
        },
        {
          "name": "bone",
          "parent": "Body",
          "pivot": [
            -2,
            0,
            0
          ],
          "cubes": [
            {
              "origin": [
                -3.2,
                9.8,
                -3.6
              ],
              "size": [
                2.4,
                2.4,
                2
              ],
              "uv": [
                33,
                18
              ]
            },
            {
              "origin": [
                -2.6,
                10,
                -3.7
              ],
              "size": [
                1.6,
                1.7,
                1
              ],
              "uv": [
                0,
                2
              ]
            }
          ]
        },
        {
          "name": "RightArm",
          "parent": "Body",
          "pivot": [
            -4,
            13,
            0
          ],
          "cubes": [
            {
              "origin": [
                -7,
                3,
                -1.5
              ],
              "size": [
                3,
                10,
                3
              ],
              "uv": [
                0,
                27
              ]
            }
          ]
        },
        {
          "name": "LeftArm",
          "parent": "Body",
          "pivot": [
            4,
            13,
            0
          ],
          "cubes": [
            {
              "origin": [
                4,
                3,
                -1.5
              ],
              "size": [
                3,
                10,
                3
              ],
              "uv": [
                24,
                20
              ]
            }
          ]
        },
        {
          "name": "bone2",
          "parent": "Body",
          "pivot": [
            2,
            0,
            0
          ],
          "cubes": [
            {
              "origin": [
                0.8,
                9.8,
                -3.6
              ],
              "size": [
                2.4,
                2.4,
                2
              ],
              "uv": [
                28,
                14
              ]
            },
            {
              "origin": [
                1,
                10,
                -3.7
              ],
              "size": [
                1.6,
                1.7,
                1
              ],
              "uv": [
                0,
                0
              ]
            }
          ]
        }
      ]
    }
  ]
}