{
  "format_version": "1.12.0",
  "minecraft:geometry": [
    {
      "description": {
        "identifier": "geometry.jp_drone_reds",
        "texture_width": 64,
        "texture_height": 64,
        "visible_bounds_width": 3,
        "visible_bounds_height": 2.5,
        "visible_bounds_offset": [
          0,
          0.75,
          0
        ]
      },
      "bones": [
        {
          "name": "bone",
          "pivot": [
            0,
            21,
            0
          ],
          "cubes": [
            {
              "origin": [
                -1.5,
                20.7,
                -1.5
              ],
              "size": [
                3.0,
                2.6,
                3.0
              ],
              "uv": [
                0,
                0
              ],
              "inflate": 0
            },
            {
              "origin": [
                -1.0,
                21.2,
                -7.0
              ],
              "size": [
                2.0,
                1.0,
                14.0
              ],
              "pivot": [
                0.0,
                23.2,
                0.0
              ],
              "rotation": [
                0.0,
                -45.0,
                0.0
              ],
              "uv": [
                0,
                15
              ],
              "inflate": 0
            },
            {
              "origin": [
                -1.0,
                21.2,
                -7.0
              ],
              "size": [
                2.0,
                1.0,
                14.0
              ],
              "pivot": [
                0.0,
                23.2,
                0.0
              ],
              "rotation": [
                0.0,
                -135.0,
                0.0
              ],
              "uv": [
                0,
                0
              ],
              "inflate": 0
            }
          ]
        },
        {
          "name": "Body",
          "pivot": [
            -5,
            21,
            -5
          ],
          "cubes": [
            {
              "origin": [
                -8.0,
                21.0,
                -9.0
              ],
              "size": [
                6.0,
                2.0,
                2.0
              ],
              "uv": [
                38,
                4
              ],
              "inflate": 0
            },
            {
              "origin": [
                -9.0,
                21.0,
                -8.0
              ],
              "size": [
                2.0,
                2.0,
                6.0
              ],
              "uv": [
                26,
                32
              ],
              "inflate": 0
            },
            {
              "origin": [
                -3.0,
                21.0,
                -8.0
              ],
              "size": [
                2.0,
                2.0,
                6.0
              ],
              "uv": [
                16,
                30
              ],
              "inflate": 0
            },
            {
              "origin": [
                -8.0,
                21.0,
                -3.0
              ],
              "size": [
                6.0,
                2.0,
                2.0
              ],
              "uv": [
                38,
                0
              ],
              "inflate": 0
            }
          ],
          "parent": "bone"
        },
        {
          "name": "bone3",
          "pivot": [
            -5,
            21,
            -5
          ],
          "cubes": [
            {
              "origin": [
                -5.5,
                21.5,
                -7.0
              ],
              "size": [
                1.0,
                1.0,
                4.0
              ],
              "uv": [
                0,
                20
              ],
              "inflate": 0
            }
          ],
          "parent": "Body"
        },
        {
          "name": "Body2",
          "pivot": [
            5,
            21,
            -5
          ],
          "cubes": [
            {
              "origin": [
                2.0,
                21.0,
                -9.0
              ],
              "size": [
                6.0,
                2.0,
                2.0
              ],
              "uv": [
                0,
                38
              ],
              "inflate": 0
            },
            {
              "origin": [
                1.0,
                21.0,
                -8.0
              ],
              "size": [
                2.0,
                2.0,
                6.0
              ],
              "uv": [
                0,
                30
              ],
              "inflate": 0
            },
            {
              "origin": [
                7.0,
                21.0,
                -8.0
              ],
              "size": [
                2.0,
                2.0,
                6.0
              ],
              "uv": [
                28,
                10
              ],
              "inflate": 0
            },
            {
              "origin": [
                2.0,
                21.0,
                -3.0
              ],
              "size": [
                6.0,
                2.0,
                2.0
              ],
              "uv": [
                36,
                32
              ],
              "inflate": 0
            }
          ],
          "parent": "bone"
        },
        {
          "name": "bone2",
          "pivot": [
            5,
            21,
            -5
          ],
          "cubes": [
            {
              "origin": [
                4.5,
                21.5,
                -7.0
              ],
              "size": [
                1.0,
                1.0,
                4.0
              ],
              "uv": [
                18,
                23
              ],
              "inflate": 0
            }
          ],
          "parent": "Body2"
        },
        {
          "name": "Body3",
          "pivot": [
            5,
            21,
            5
          ],
          "cubes": [
            {
              "origin": [
                2.0,
                21.0,
                1.0
              ],
              "size": [
                6.0,
                2.0,
                2.0
              ],
              "uv": [
                36,
                26
              ],
              "inflate": 0
            },
            {
              "origin": [
                1.0,
                21.0,
                2.0
              ],
              "size": [
                2.0,
                2.0,
                6.0
              ],
              "uv": [
                28,
                2
              ],
              "inflate": 0
            },
            {
              "origin": [
                7.0,
                21.0,
                2.0
              ],
              "size": [
                2.0,
                2.0,
                6.0
              ],
              "uv": [
                26,
                24
              ],
              "inflate": 0
            },
            {
              "origin": [
                2.0,
                21.0,
                7.0
              ],
              "size": [
                6.0,
                2.0,
                2.0
              ],
              "uv": [
                36,
                22
              ],
              "inflate": 0
            }
          ],
          "parent": "bone"
        },
        {
          "name": "bone4",
          "pivot": [
            5,
            21,
            5
          ],
          "cubes": [
            {
              "origin": [
                4.5,
                21.5,
                3.0
              ],
              "size": [
                1.0,
                1.0,
                4.0
              ],
              "uv": [
                0,
                15
              ],
              "inflate": 0
            }
          ],
          "parent": "Body3"
        },
        {
          "name": "Body4",
          "pivot": [
            -5,
            21,
            5
          ],
          "cubes": [
            {
              "origin": [
                -8.0,
                21.0,
                1.0
              ],
              "size": [
                6.0,
                2.0,
                2.0
              ],
              "uv": [
                34,
                18
              ],
              "inflate": 0
            },
            {
              "origin": [
                -9.0,
                21.0,
                2.0
              ],
              "size": [
                2.0,
                2.0,
                6.0
              ],
              "uv": [
                18,
                15
              ],
              "inflate": 0
            },
            {
              "origin": [
                -3.0,
                21.0,
                2.0
              ],
              "size": [
                2.0,
                2.0,
                6.0
              ],
              "uv": [
                18,
                0
              ],
              "inflate": 0
            },
            {
              "origin": [
                -8.0,
                21.0,
                7.0
              ],
              "size": [
                6.0,
                2.0,
                2.0
              ],
              "uv": [
                18,
                10
              ],
              "inflate": 0
            }
          ],
          "parent": "bone"
        },
        {
          "name": "bone5",
          "pivot": [
            -5,
            21,
            5
          ],
          "cubes": [
            {
              "origin": [
                -5.5,
                21.5,
                3.0
              ],
              "size": [
                1.0,
                1.0,
                4.0
              ],
              "uv": [
                0,
                5
              ],
              "inflate": 0
            }
          ],
          "parent": "Body4"
        }
      ]
    }
  ]
}