{
  "format_version": "1.12.0",
  "minecraft:geometry": [
    {
      "description": {
        "identifier": "geometry.jp_evil_banban_v2",
        "texture_width": 64,
        "texture_height": 64,
        "visible_bounds_width": 3,
        "visible_bounds_height": 4,
        "visible_bounds_offset": [
          0,
          1,
          0
        ]
      },
      "bones": [
        {
          "name": "RightLeg",
          "pivot": [
            -2,
            12,
            0
          ],
          "rotation": [
            0,
            2.5,
            2.5
          ],
          "cubes": [
            {
              "origin": [
                -4,
                7,
                -2
              ],
              "size": [
                4,
                5,
                4
              ],
              "uv": [
                32,
                32
              ]
            }
          ]
        },
        {
          "name": "bone",
          "parent": "RightLeg",
          "pivot": [
            -2,
            7,
            0
          ],
          "cubes": [
            {
              "origin": [
                -4,
                0,
                -2
              ],
              "size": [
                4,
                7,
                4
              ],
              "uv": [
                28,
                8
              ]
            }
          ]
        },
        {
          "name": "bone2",
          "parent": "bone",
          "pivot": [
            -2,
            2,
            0
          ],
          "rotation": [
            0,
            0,
            -2.5
          ]
        },
        {
          "name": "LeftLeg",
          "pivot": [
            2,
            12,
            0
          ],
          "rotation": [
            0,
            -2.5,
            -2.5
          ],
          "cubes": [
            {
              "origin": [
                0,
                7,
                -2
              ],
              "size": [
                4,
                5,
                4
              ],
              "uv": [
                16,
                32
              ]
            }
          ]
        },
        {
          "name": "bone3",
          "parent": "LeftLeg",
          "pivot": [
            2,
            7,
            0
          ],
          "cubes": [
            {
              "origin": [
                0,
                0,
                -2
              ],
              "size": [
                4,
                7,
                4
              ],
              "uv": [
                0,
                26
              ]
            }
          ]
        },
        {
          "name": "bone4",
          "parent": "bone3",
          "pivot": [
            2,
            2,
            0
          ],
          "rotation": [
            0,
            0,
            2.5
          ]
        },
        {
          "name": "Body",
          "pivot": [
            0,
            13,
            0
          ],
          "cubes": [
            {
              "origin": [
                -4,
                12,
                -3
              ],
              "size": [
                8,
                6,
                6
              ],
              "uv": [
                22,
                20
              ]
            },
            {
              "origin": [
                -5,
                18,
                -3
              ],
              "size": [
                10,
                6,
                6
              ],
              "uv": [
                0,
                0
              ]
            }
          ]
        },
        {
          "name": "RightArm",
          "parent": "Body",
          "pivot": [
            -5,
            23,
            0
          ],
          "rotation": [
            2.5,
            0,
            2.5
          ],
          "cubes": [
            {
              "origin": [
                -8,
                17,
                -1.8
              ],
              "size": [
                3,
                7,
                3.6
              ],
              "uv": [
                26,
                41
              ]
            }
          ]
        },
        {
          "name": "bone5",
          "parent": "RightArm",
          "pivot": [
            -7,
            17,
            0
          ],
          "rotation": [
            -7.5,
            0,
            0
          ],
          "cubes": [
            {
              "origin": [
                -8.2,
                11,
                -2
              ],
              "size": [
                3.4,
                6,
                4
              ],
              "uv": [
                40,
                0
              ]
            }
          ]
        },
        {
          "name": "bone6",
          "parent": "bone5",
          "pivot": [
            -6,
            11,
            0
          ],
          "cubes": [
            {
              "origin": [
                -7.7,
                8,
                -1.5
              ],
              "size": [
                2.4,
                3,
                3
              ],
              "uv": [
                44,
                16
              ]
            }
          ]
        },
        {
          "name": "LeftArm",
          "parent": "Body",
          "pivot": [
            5,
            23,
            0
          ],
          "rotation": [
            2.5,
            0,
            -2.5
          ],
          "cubes": [
            {
              "origin": [
                5,
                17,
                -1.8
              ],
              "size": [
                3,
                7,
                3.6
              ],
              "uv": [
                14,
                41
              ]
            }
          ]
        },
        {
          "name": "bone7",
          "parent": "LeftArm",
          "pivot": [
            7,
            17,
            0
          ],
          "rotation": [
            -7.5,
            0,
            0
          ],
          "cubes": [
            {
              "origin": [
                4.8,
                11,
                -2
              ],
              "size": [
                3.4,
                6,
                4
              ],
              "uv": [
                0,
                37
              ]
            }
          ]
        },
        {
          "name": "bone8",
          "parent": "bone7",
          "pivot": [
            6,
            11,
            0
          ],
          "cubes": [
            {
              "origin": [
                5.3,
                8,
                -1.5
              ],
              "size": [
                2.4,
                3,
                3
              ],
              "uv": [
                44,
                10
              ]
            }
          ]
        },
        {
          "name": "Head",
          "parent": "Body",
          "pivot": [
            0,
            24.4,
            0
          ],
          "cubes": [
            {
              "origin": [
                -4,
                23.9,
                -3
              ],
              "size": [
                8,
                8.5,
                6
              ],
              "uv": [
                0,
                12
              ]
            },
            {
              "origin": [
                -4,
                32,
                -1.5
              ],
              "size": [
                3,
                3.5,
                3
              ],
              "pivot": [
                -3,
                32,
                0
              ],
              "rotation": [
                0,
                0,
                -12.5
              ],
              "uv": [
                38,
                41
              ]
            },
            {
              "origin": [
                -4,
                34.9,
                -1
              ],
              "size": [
                2,
                3.5,
                1.9
              ],
              "pivot": [
                -3,
                36,
                0
              ],
              "rotation": [
                0,
                0,
                15
              ],
              "uv": [
                22,
                12
              ]
            },
            {
              "origin": [
                1,
                32.4,
                -1.5
              ],
              "size": [
                3,
                3.5,
                3
              ],
              "pivot": [
                0,
                34,
                0
              ],
              "rotation": [
                0,
                0,
                10
              ],
              "uv": [
                26,
                0
              ]
            },
            {
              "origin": [
                9,
                33.7,
                -1
              ],
              "size": [
                1.9,
                3.5,
                2.2
              ],
              "pivot": [
                0,
                0,
                0
              ],
              "rotation": [
                0,
                0,
                -12
              ],
              "uv": [
                0,
                0
              ]
            },
            {
              "origin": [
                -5.9,
                27.6,
                -3.2
              ],
              "size": [
                3,
                2,
                2
              ],
              "pivot": [
                0,
                24.4,
                0.8
              ],
              "rotation": [
                0,
                0,
                25
              ],
              "uv": [
                44,
                22
              ]
            },
            {
              "origin": [
                3,
                27.6,
                -3.2
              ],
              "size": [
                3,
                2,
                2
              ],
              "pivot": [
                0,
                24.4,
                0.8
              ],
              "rotation": [
                0,
                0,
                -27.5
              ],
              "uv": [
                12,
                26
              ]
            }
          ]
        },
        {
          "name": "bone10",
          "parent": "Head",
          "pivot": [
            -2,
            28.4,
            -4
          ]
        },
        {
          "name": "bone9",
          "parent": "Head",
          "pivot": [
            -1.6,
            26.2,
            -4
          ],
          "rotation": [
            -2.5,
            0,
            7.5
          ],
          "cubes": [
            {
              "origin": [
                -2.79216,
                23.15463,
                -3.3
              ],
              "size": [
                2,
                3,
                1
              ],
              "uv": [
                0,
                12
              ]
            },
            {
              "origin": [
                -0.49216,
                21.15463,
                -3.3
              ],
              "size": [
                1.5,
                2.3,
                1
              ],
              "pivot": [
                0,
                0,
                0
              ],
              "rotation": [
                0,
                0,
                -5
              ],
              "uv": [
                0,
                26
              ]
            }
          ]
        },
        {
          "name": "bone11",
          "parent": "Head",
          "pivot": [
            2,
            28.4,
            -4
          ]
        }
      ]
    }
  ]
}