{
  "format_version": "1.12.0",
  "minecraft:geometry": [
    {
      "description": {
        "identifier": "geometry.jp_jumbo_josh",
        "texture_width": 128,
        "texture_height": 128,
        "visible_bounds_width": 4,
        "visible_bounds_height": 4.5,
        "visible_bounds_offset": [
          0,
          1.75,
          0
        ]
      },
      "bones": [
        {
          "name": "Root",
          "pivot": [
            0,
            0,
            0
          ]
        },
        {
          "name": "Body",
          "parent": "Root",
          "pivot": [
            0,
            15,
            0
          ],
          "cubes": [
            {
              "origin": [
                -5,
                11,
                9
              ],
              "size": [
                10,
                8,
                10
              ],
              "uv": [
                32,
                30
              ]
            },
            {
              "origin": [
                -5,
                13,
                -4
              ],
              "size": [
                10,
                8,
                8
              ],
              "pivot": [
                0,
                0,
                0
              ],
              "rotation": [
                -17.5,
                0,
                0
              ],
              "uv": [
                0,
                40
              ]
            },
            {
              "origin": [
                -5,
                15,
                3
              ],
              "size": [
                10,
                5,
                8
              ],
              "pivot": [
                0,
                0,
                0
              ],
              "rotation": [
                17.5,
                0,
                0
              ],
              "uv": [
                48,
                15
              ]
            }
          ]
        },
        {
          "name": "bone2",
          "parent": "Body",
          "pivot": [
            0,
            20,
            0
          ],
          "cubes": [
            {
              "origin": [
                -6,
                20,
                -4
              ],
              "size": [
                12,
                8,
                9
              ],
              "uv": [
                0,
                23
              ]
            }
          ]
        },
        {
          "name": "RightArm",
          "parent": "bone2",
          "pivot": [
            -6,
            28,
            0
          ],
          "rotation": [
            0,
            0,
            2.5
          ],
          "cubes": [
            {
              "origin": [
                -9.17543,
                21.03981,
                -2
              ],
              "size": [
                4,
                7,
                4
              ],
              "uv": [
                76,
                11
              ]
            }
          ]
        },
        {
          "name": "bone4",
          "parent": "RightArm",
          "pivot": [
            -7.17543,
            21.03981,
            0
          ],
          "cubes": [
            {
              "origin": [
                -9.67543,
                15.03981,
                -2.5
              ],
              "size": [
                5,
                6,
                5
              ],
              "uv": [
                67,
                43
              ]
            }
          ]
        },
        {
          "name": "bone5",
          "parent": "bone4",
          "pivot": [
            -7.17543,
            15.03981,
            0
          ],
          "cubes": [
            {
              "origin": [
                -10.17543,
                6.03981,
                -3
              ],
              "size": [
                6,
                9,
                6
              ],
              "uv": [
                58,
                55
              ]
            }
          ]
        },
        {
          "name": "bone6",
          "parent": "bone5",
          "pivot": [
            -7.17543,
            6.03981,
            0
          ],
          "cubes": [
            {
              "origin": [
                -10.67543,
                0.03981,
                -4
              ],
              "size": [
                7,
                6,
                7
              ],
              "uv": [
                0,
                56
              ]
            }
          ]
        },
        {
          "name": "bone7",
          "parent": "bone6",
          "pivot": [
            -7.17543,
            5.03981,
            -3
          ],
          "cubes": [
            {
              "origin": [
                -6.17543,
                0.03981,
                -6
              ],
              "size": [
                3,
                4,
                2
              ],
              "pivot": [
                0.82457,
                -2.96019,
                0
              ],
              "rotation": [
                -10,
                0,
                0
              ],
              "uv": [
                0,
                6
              ]
            }
          ]
        },
        {
          "name": "LeftArm",
          "parent": "bone2",
          "pivot": [
            5,
            28,
            0
          ],
          "rotation": [
            0,
            0,
            -2.5
          ],
          "cubes": [
            {
              "origin": [
                5.17448,
                20.99619,
                -2
              ],
              "size": [
                4,
                7,
                4
              ],
              "uv": [
                63,
                70
              ]
            }
          ]
        },
        {
          "name": "bone9",
          "parent": "LeftArm",
          "pivot": [
            7.17448,
            20.99619,
            0
          ],
          "cubes": [
            {
              "origin": [
                4.67448,
                14.99619,
                -2.5
              ],
              "size": [
                5,
                6,
                5
              ],
              "uv": [
                43,
                67
              ]
            }
          ]
        },
        {
          "name": "bone10",
          "parent": "bone9",
          "pivot": [
            7.17448,
            14.99619,
            0
          ],
          "cubes": [
            {
              "origin": [
                4.17448,
                5.99619,
                -3
              ],
              "size": [
                6,
                9,
                6
              ],
              "uv": [
                56,
                0
              ]
            }
          ]
        },
        {
          "name": "bone11",
          "parent": "bone10",
          "pivot": [
            7.17448,
            5.99619,
            0
          ],
          "cubes": [
            {
              "origin": [
                3.67448,
                -0.00381,
                -4
              ],
              "size": [
                7,
                6,
                7
              ],
              "uv": [
                36,
                48
              ]
            }
          ]
        },
        {
          "name": "bone12",
          "parent": "bone11",
          "pivot": [
            7.17448,
            4.99619,
            -3
          ],
          "cubes": [
            {
              "origin": [
                3.17448,
                -0.00381,
                -6
              ],
              "size": [
                3,
                4,
                2
              ],
              "pivot": [
                14.17448,
                -3.00381,
                0
              ],
              "rotation": [
                -10,
                0,
                0
              ],
              "uv": [
                0,
                0
              ]
            }
          ]
        },
        {
          "name": "Head",
          "parent": "bone2",
          "pivot": [
            0,
            27,
            0
          ],
          "cubes": [
            {
              "origin": [
                -8,
                27,
                -6.3
              ],
              "size": [
                16,
                11,
                12.6
              ],
              "uv": [
                0,
                0
              ]
            }
          ]
        },
        {
          "name": "bone14",
          "parent": "Head",
          "pivot": [
            0,
            34,
            -5
          ]
        },
        {
          "name": "bone8",
          "parent": "Head",
          "pivot": [
            -3,
            38,
            -5
          ],
          "rotation": [
            0,
            5,
            0
          ]
        },
        {
          "name": "bone13",
          "parent": "Head",
          "pivot": [
            3,
            38,
            -5
          ],
          "rotation": [
            0,
            -5,
            0
          ]
        },
        {
          "name": "LeftLeg",
          "parent": "Root",
          "pivot": [
            3,
            13,
            17
          ],
          "rotation": [
            0,
            -2.5,
            -2.5
          ],
          "cubes": [
            {
              "origin": [
                1.08716,
                5.9981,
                14.99619
              ],
              "size": [
                4,
                7,
                4
              ],
              "uv": [
                16,
                69
              ]
            }
          ]
        },
        {
          "name": "bone3",
          "parent": "LeftLeg",
          "pivot": [
            3.08716,
            5.9981,
            16.99619
          ],
          "cubes": [
            {
              "origin": [
                0.58716,
                -0.0019,
                14.49619
              ],
              "size": [
                5,
                6,
                5
              ],
              "uv": [
                62,
                28
              ]
            }
          ]
        },
        {
          "name": "RightLeg",
          "parent": "Root",
          "pivot": [
            -3,
            13,
            17
          ],
          "rotation": [
            0,
            2.5,
            2.5
          ],
          "cubes": [
            {
              "origin": [
                -5.08716,
                5.9981,
                14.99619
              ],
              "size": [
                4,
                7,
                4
              ],
              "uv": [
                0,
                69
              ]
            }
          ]
        },
        {
          "name": "bone",
          "parent": "RightLeg",
          "pivot": [
            -3.08716,
            5.9981,
            16.99619
          ],
          "cubes": [
            {
              "origin": [
                -5.58716,
                -0.0019,
                14.49619
              ],
              "size": [
                5,
                6,
                5
              ],
              "uv": [
                28,
                61
              ]
            }
          ]
        }
      ]
    }
  ]
}