{
  "format_version": "1.12.0",
  "minecraft:geometry": [
    {
      "description": {
        "identifier": "geometry.jp_jp_kabob_man",
        "texture_width": 64,
        "texture_height": 64,
        "visible_bounds_width": 3,
        "visible_bounds_height": 3.5,
        "visible_bounds_offset": [
          0,
          1.25,
          0
        ]
      },
      "bones": [
        {
          "name": "RightLeg",
          "pivot": [
            -2,
            12,
            0
          ],
          "rotation": [
            0,
            2.5,
            2.5
          ]
        },
        {
          "name": "bone",
          "parent": "RightLeg",
          "pivot": [
            -2,
            7,
            0
          ]
        },
        {
          "name": "bone2",
          "parent": "bone",
          "pivot": [
            -2,
            2,
            0
          ],
          "rotation": [
            0,
            0,
            -2.5
          ]
        },
        {
          "name": "LeftLeg",
          "pivot": [
            2,
            12,
            0
          ],
          "rotation": [
            0,
            -2.5,
            -2.5
          ]
        },
        {
          "name": "bone3",
          "parent": "LeftLeg",
          "pivot": [
            2,
            7,
            0
          ]
        },
        {
          "name": "bone4",
          "parent": "bone3",
          "pivot": [
            2,
            2,
            0
          ],
          "rotation": [
            0,
            0,
            2.5
          ]
        },
        {
          "name": "Body",
          "pivot": [
            0,
            13,
            0
          ],
          "cubes": [
            {
              "origin": [
                -1,
                4,
                -1
              ],
              "size": [
                2,
                26,
                2
              ],
              "uv": [
                0,
                8
              ]
            },
            {
              "origin": [
                -7,
                2,
                -1
              ],
              "size": [
                14,
                2,
                2
              ],
              "uv": [
                0,
                4
              ]
            },
            {
              "origin": [
                -8,
                1,
                -2
              ],
              "size": [
                3,
                4,
                4
              ],
              "uv": [
                8,
                16
              ]
            },
            {
              "origin": [
                5,
                1,
                -2
              ],
              "size": [
                3,
                4,
                4
              ],
              "uv": [
                8,
                8
              ]
            },
            {
              "origin": [
                -12,
                14,
                -2
              ],
              "size": [
                2,
                4,
                4
              ],
              "uv": [
                18,
                20
              ]
            },
            {
              "origin": [
                -14,
                15,
                -1
              ],
              "size": [
                2,
                2,
                2
              ],
              "uv": [
                18,
                8
              ]
            },
            {
              "origin": [
                12,
                15,
                -1
              ],
              "size": [
                2,
                2,
                2
              ],
              "uv": [
                30,
                13
              ]
            },
            {
              "origin": [
                10,
                14,
                -2
              ],
              "size": [
                2,
                4,
                4
              ],
              "uv": [
                18,
                12
              ]
            },
            {
              "origin": [
                -10,
                15,
                -1
              ],
              "size": [
                20,
                2,
                2
              ],
              "uv": [
                0,
                0
              ]
            },
            {
              "origin": [
                -3,
                13,
                1
              ],
              "size": [
                6,
                7,
                2
              ],
              "uv": [
                48,
                55
              ]
            }
          ]
        },
        {
          "name": "RightArm",
          "parent": "Body",
          "pivot": [
            -4,
            23,
            0
          ],
          "rotation": [
            2.5,
            0,
            2.5
          ]
        },
        {
          "name": "bone5",
          "parent": "RightArm",
          "pivot": [
            -6,
            17,
            0
          ],
          "rotation": [
            -7.5,
            0,
            0
          ]
        },
        {
          "name": "bone6",
          "parent": "bone5",
          "pivot": [
            -5,
            11,
            0
          ]
        },
        {
          "name": "LeftArm",
          "parent": "Body",
          "pivot": [
            4,
            23,
            0
          ],
          "rotation": [
            2.5,
            0,
            -2.5
          ]
        },
        {
          "name": "bone7",
          "parent": "LeftArm",
          "pivot": [
            6,
            17,
            0
          ],
          "rotation": [
            -7.5,
            0,
            0
          ]
        },
        {
          "name": "bone8",
          "parent": "bone7",
          "pivot": [
            5,
            11,
            0
          ]
        },
        {
          "name": "Head",
          "parent": "Body",
          "pivot": [
            0,
            24.4,
            0
          ],
          "cubes": [
            {
              "origin": [
                16,
                27.8,
                -1.5
              ],
              "size": [
                3,
                2.5,
                3
              ],
              "pivot": [
                0,
                0,
                0
              ],
              "rotation": [
                0,
                0,
                -41
              ],
              "uv": [
                27,
                17
              ]
            },
            {
              "origin": [
                16.4,
                30.3,
                -1.1
              ],
              "size": [
                2.2,
                1,
                2.2
              ],
              "pivot": [
                0,
                0,
                0
              ],
              "rotation": [
                0,
                0,
                -41
              ],
              "uv": [
                20,
                33
              ]
            },
            {
              "origin": [
                17.1,
                20.3,
                -0.7
              ],
              "size": [
                1.2,
                10,
                1.2
              ],
              "pivot": [
                0,
                0,
                0
              ],
              "rotation": [
                0,
                0,
                -41
              ],
              "uv": [
                29,
                29
              ]
            },
            {
              "origin": [
                15.8,
                27.9,
                -1.7
              ],
              "size": [
                3.4,
                1,
                3.4
              ],
              "pivot": [
                0,
                0,
                0
              ],
              "rotation": [
                0,
                0,
                -41
              ],
              "uv": [
                17,
                29
              ]
            },
            {
              "origin": [
                -21.4,
                26.2,
                -1.6
              ],
              "size": [
                3,
                2.5,
                3
              ],
              "pivot": [
                0,
                0,
                0
              ],
              "rotation": [
                0,
                0,
                46
              ],
              "uv": [
                26,
                8
              ]
            },
            {
              "origin": [
                -21,
                28.7,
                -1.2
              ],
              "size": [
                2.2,
                1,
                2.2
              ],
              "pivot": [
                0,
                0,
                0
              ],
              "rotation": [
                0,
                0,
                46
              ],
              "uv": [
                30,
                22
              ]
            },
            {
              "origin": [
                -20.5,
                19.5,
                -0.7
              ],
              "size": [
                1.2,
                9,
                1.2
              ],
              "pivot": [
                0,
                0,
                0
              ],
              "rotation": [
                0,
                0,
                46
              ],
              "uv": [
                8,
                32
              ]
            },
            {
              "origin": [
                -21.6,
                26.3,
                -1.8
              ],
              "size": [
                3.4,
                1,
                3.4
              ],
              "pivot": [
                0,
                0,
                0
              ],
              "rotation": [
                0,
                0,
                46
              ],
              "uv": [
                27,
                25
              ]
            }
          ]
        },
        {
          "name": "bone10",
          "parent": "Head",
          "pivot": [
            -2,
            28.4,
            -4
          ],
          "cubes": [
            {
              "origin": [
                -2.2,
                27.5,
                -2.5
              ],
              "size": [
                2.4,
                2.4,
                2
              ],
              "pivot": [
                0,
                0,
                0
              ],
              "rotation": [
                0,
                25,
                0
              ],
              "uv": [
                12,
                33
              ]
            }
          ]
        },
        {
          "name": "bone9",
          "parent": "Head",
          "pivot": [
            -1.6,
            26.2,
            -4
          ],
          "rotation": [
            -2.5,
            0,
            7.5
          ]
        },
        {
          "name": "bone11",
          "parent": "Head",
          "pivot": [
            2,
            28.4,
            -4
          ],
          "cubes": [
            {
              "origin": [
                -0.2,
                27.5,
                -2.5
              ],
              "size": [
                2.4,
                2.4,
                2
              ],
              "pivot": [
                0,
                0,
                0
              ],
              "rotation": [
                0,
                -25,
                0
              ],
              "uv": [
                32,
                4
              ]
            }
          ]
        }
      ]
    }
  ]
}