{
  "format_version": "1.12.0",
  "minecraft:geometry": [
    {
      "description": {
        "identifier": "geometry.jp_mini_opila_blue",
        "texture_width": 64,
        "texture_height": 64,
        "visible_bounds_width": 3,
        "visible_bounds_height": 2.5,
        "visible_bounds_offset": [
          0,
          0.75,
          0
        ]
      },
      "bones": [
        {
          "name": "leg0",
          "pivot": [
            -2,
            6,
            0
          ],
          "rotation": [
            0,
            2.5,
            0
          ],
          "cubes": [
            {
              "origin": [
                -3,
                1,
                -1
              ],
              "size": [
                2,
                6,
                2
              ],
              "uv": [
                28,
                32
              ]
            }
          ]
        },
        {
          "name": "bone",
          "parent": "leg0",
          "pivot": [
            -2,
            2,
            0
          ],
          "cubes": [
            {
              "origin": [
                -3.3,
                0,
                -1.3
              ],
              "size": [
                2.6,
                2,
                2.6
              ],
              "uv": [
                36,
                37
              ]
            },
            {
              "origin": [
                -1.5,
                0,
                -4
              ],
              "size": [
                1,
                1.5,
                4
              ],
              "pivot": [
                -2,
                0,
                0
              ],
              "rotation": [
                0,
                -10,
                0
              ],
              "uv": [
                16,
                36
              ]
            },
            {
              "origin": [
                -3.5,
                0,
                -4
              ],
              "size": [
                1,
                1.5,
                4
              ],
              "pivot": [
                -2,
                0,
                0
              ],
              "rotation": [
                0,
                10,
                0
              ],
              "uv": [
                36,
                6
              ]
            },
            {
              "origin": [
                -2.5,
                0,
                -4
              ],
              "size": [
                1,
                1.5,
                6
              ],
              "uv": [
                14,
                28
              ]
            }
          ]
        },
        {
          "name": "tors0",
          "pivot": [
            0,
            6,
            0
          ],
          "cubes": [
            {
              "origin": [
                -3,
                6,
                -4
              ],
              "size": [
                6,
                6,
                8
              ],
              "uv": [
                0,
                14
              ]
            },
            {
              "origin": [
                -2.5,
                5,
                6
              ],
              "size": [
                5,
                4,
                2
              ],
              "pivot": [
                0,
                0,
                0
              ],
              "rotation": [
                20,
                0,
                0
              ],
              "uv": [
                29,
                0
              ]
            },
            {
              "origin": [
                0,
                5.1,
                6.6
              ],
              "size": [
                0,
                4,
                5
              ],
              "pivot": [
                0,
                0,
                0
              ],
              "rotation": [
                20,
                0,
                0
              ],
              "uv": [
                8,
                23
              ]
            }
          ]
        },
        {
          "name": "bone2",
          "parent": "tors0",
          "pivot": [
            0,
            9,
            -4
          ],
          "cubes": [
            {
              "origin": [
                -2,
                7,
                -6
              ],
              "size": [
                4,
                8,
                4
              ],
              "uv": [
                24,
                10
              ]
            }
          ]
        },
        {
          "name": "head",
          "parent": "bone2",
          "pivot": [
            0,
            13,
            -4
          ],
          "cubes": [
            {
              "origin": [
                -3.5,
                13,
                -8
              ],
              "size": [
                7,
                7,
                7
              ],
              "uv": [
                0,
                0
              ]
            },
            {
              "origin": [
                0.6,
                17,
                -8.7
              ],
              "size": [
                2,
                2,
                1
              ],
              "uv": [
                58,
                61
              ]
            },
            {
              "origin": [
                -2.5,
                17,
                -8.8
              ],
              "size": [
                2,
                2,
                1
              ],
              "uv": [
                58,
                61
              ]
            },
            {
              "origin": [
                -3.5,
                19,
                -3
              ],
              "size": [
                1,
                5,
                0
              ],
              "pivot": [
                0,
                24,
                -3
              ],
              "rotation": [
                -20.30179,
                -14.90835,
                -34.81608
              ],
              "uv": [
                0,
                0
              ]
            },
            {
              "origin": [
                2.5,
                19,
                -3
              ],
              "size": [
                1,
                5,
                0
              ],
              "pivot": [
                0,
                24,
                -3
              ],
              "rotation": [
                -20.30179,
                14.90835,
                34.81608
              ],
              "uv": [
                4,
                0
              ]
            },
            {
              "origin": [
                -0.5,
                19,
                -3
              ],
              "size": [
                1,
                4,
                0
              ],
              "pivot": [
                0,
                24,
                -3
              ],
              "rotation": [
                -25,
                0,
                0
              ],
              "uv": [
                2,
                0
              ]
            },
            {
              "origin": [
                -1.5,
                14.5,
                -11
              ],
              "size": [
                3,
                2,
                3
              ],
              "uv": [
                30,
                22
              ]
            }
          ]
        },
        {
          "name": "bone4",
          "parent": "head",
          "pivot": [
            0,
            15,
            -8
          ],
          "cubes": [
            {
              "origin": [
                -1,
                13.5,
                -10
              ],
              "size": [
                2,
                1,
                2
              ],
              "uv": [
                28,
                7
              ]
            }
          ]
        },
        {
          "name": "bone6",
          "parent": "tors0",
          "pivot": [
            -3,
            9,
            -2
          ],
          "cubes": [
            {
              "origin": [
                -4,
                7,
                -3
              ],
              "size": [
                1,
                4,
                6
              ],
              "uv": [
                0,
                28
              ]
            }
          ]
        },
        {
          "name": "bone7",
          "parent": "tors0",
          "pivot": [
            3,
            9,
            -2
          ],
          "cubes": [
            {
              "origin": [
                3,
                7,
                -3
              ],
              "size": [
                1,
                4,
                6
              ],
              "uv": [
                22,
                22
              ]
            }
          ]
        },
        {
          "name": "leg1",
          "pivot": [
            2,
            6,
            0
          ],
          "rotation": [
            0,
            -2.5,
            0
          ],
          "cubes": [
            {
              "origin": [
                1,
                1,
                -1
              ],
              "size": [
                2,
                6,
                2
              ],
              "uv": [
                0,
                14
              ]
            }
          ]
        },
        {
          "name": "bone3",
          "parent": "leg1",
          "pivot": [
            2,
            2,
            0
          ],
          "cubes": [
            {
              "origin": [
                0.7,
                0,
                -1.3
              ],
              "size": [
                2.6,
                2,
                2.6
              ],
              "uv": [
                36,
                33
              ]
            },
            {
              "origin": [
                2.5,
                0,
                -4
              ],
              "size": [
                1,
                1.5,
                4
              ],
              "pivot": [
                2,
                0,
                0
              ],
              "rotation": [
                0,
                -10,
                0
              ],
              "uv": [
                10,
                35
              ]
            },
            {
              "origin": [
                0.5,
                0,
                -4
              ],
              "size": [
                1,
                1.5,
                4
              ],
              "pivot": [
                2,
                0,
                0
              ],
              "rotation": [
                0,
                10,
                0
              ],
              "uv": [
                34,
                28
              ]
            },
            {
              "origin": [
                1.5,
                0,
                -4
              ],
              "size": [
                1,
                1.5,
                6
              ],
              "uv": [
                21,
                0
              ]
            }
          ]
        }
      ]
    }
  ]
}