{
  "format_version": "1.12.0",
  "minecraft:geometry": [
    {
      "description": {
        "identifier": "geometry.jp_nabnaleena_climb_v2",
        "texture_width": 128,
        "texture_height": 128,
        "visible_bounds_width": 4,
        "visible_bounds_height": 4.5,
        "visible_bounds_offset": [
          0,
          1.75,
          0
        ]
      },
      "bones": [
        {
          "name": "RightLeg",
          "pivot": [
            -3,
            12,
            0
          ],
          "rotation": [
            -5.23605,
            -17.4219,
            1.79034
          ],
          "cubes": [
            {
              "origin": [
                -6.22977,
                -6.7672,
                8.93547
              ],
              "size": [
                4.7,
                9,
                4.4
              ],
              "pivot": [
                0,
                -0.01903,
                -0.43578
              ],
              "rotation": [
                87.89332,
                -2.61912,
                2.28115
              ],
              "uv": [
                44,
                45
              ]
            }
          ]
        },
        {
          "name": "bone",
          "parent": "RightLeg",
          "pivot": [
            -4,
            10.98097,
            6.56422
          ],
          "rotation": [
            67.5,
            0,
            0
          ],
          "cubes": [
            {
              "origin": [
                -5.72977,
                -15.16837,
                8.21371
              ],
              "size": [
                3.6,
                9,
                3
              ],
              "pivot": [
                0,
                0.91177,
                -0.63695
              ],
              "rotation": [
                87.89323,
                -2.29907,
                2.60341
              ],
              "uv": [
                58,
                0
              ]
            }
          ]
        },
        {
          "name": "LeftLeg",
          "pivot": [
            3,
            11,
            -1
          ],
          "rotation": [
            -2.12619,
            19.9858,
            -0.81427
          ],
          "cubes": [
            {
              "origin": [
                1.67339,
                -6.28141,
                8.37312
              ],
              "size": [
                4.7,
                9,
                4.4
              ],
              "pivot": [
                0.04362,
                0.03121,
                -0.21096
              ],
              "rotation": [
                87.89285,
                2.49618,
                -2.41507
              ],
              "uv": [
                32,
                36
              ]
            }
          ]
        },
        {
          "name": "bone3",
          "parent": "LeftLeg",
          "pivot": [
            4.04362,
            10.03121,
            6.78904
          ],
          "rotation": [
            70,
            0,
            0
          ],
          "cubes": [
            {
              "origin": [
                2.17339,
                -14.58356,
                7.71494
              ],
              "size": [
                3.6,
                9,
                3
              ],
              "pivot": [
                0.04362,
                0.95345,
                -0.2816
              ],
              "rotation": [
                87.89419,
                2.15972,
                -2.7201
              ],
              "uv": [
                57,
                55
              ]
            }
          ]
        },
        {
          "name": "Body",
          "pivot": [
            0,
            12,
            0
          ],
          "cubes": [
            {
              "origin": [
                4,
                26.3,
                11.8
              ],
              "size": [
                2,
                13,
                3.2
              ],
              "pivot": [
                0,
                9.3,
                16
              ],
              "rotation": [
                88,
                0,
                0
              ],
              "uv": [
                34,
                49
              ]
            },
            {
              "origin": [
                -3,
                46.3,
                -12.7
              ],
              "size": [
                4,
                10,
                0
              ],
              "pivot": [
                4,
                32.3,
                13
              ],
              "rotation": [
                88.0171,
                -0.261,
                -7.49548
              ],
              "uv": [
                44,
                58
              ]
            },
            {
              "origin": [
                -1,
                46.3,
                -13.7
              ],
              "size": [
                4,
                10,
                0
              ],
              "pivot": [
                -4,
                32.3,
                12
              ],
              "rotation": [
                88.0171,
                0.261,
                7.49548
              ],
              "uv": [
                58,
                18
              ]
            },
            {
              "origin": [
                -6,
                26.3,
                11.8
              ],
              "size": [
                2,
                13,
                3.2
              ],
              "pivot": [
                0,
                9.3,
                16
              ],
              "rotation": [
                88,
                0,
                0
              ],
              "uv": [
                24,
                47
              ]
            },
            {
              "origin": [
                -4,
                37.3,
                11.8
              ],
              "size": [
                8,
                2,
                3.2
              ],
              "pivot": [
                0,
                9.3,
                16
              ],
              "rotation": [
                88,
                0,
                0
              ],
              "uv": [
                36,
                7
              ]
            },
            {
              "origin": [
                -4,
                26.3,
                11.8
              ],
              "size": [
                8,
                1,
                3.2
              ],
              "pivot": [
                0,
                9.3,
                16
              ],
              "rotation": [
                88,
                0,
                0
              ],
              "uv": [
                44,
                36
              ]
            },
            {
              "origin": [
                -6,
                26.3,
                14.9
              ],
              "size": [
                12,
                13,
                6.2
              ],
              "pivot": [
                0,
                9.3,
                16
              ],
              "rotation": [
                88,
                0,
                0
              ],
              "uv": [
                0,
                0
              ]
            },
            {
              "origin": [
                -5.5,
                39.3,
                12.4
              ],
              "size": [
                11,
                7,
                8.2
              ],
              "pivot": [
                0,
                9.3,
                16
              ],
              "rotation": [
                88,
                0,
                0
              ],
              "uv": [
                0,
                19
              ]
            },
            {
              "origin": [
                -11,
                10,
                -25
              ],
              "size": [
                9,
                0,
                5
              ],
              "pivot": [
                0,
                12,
                0
              ],
              "rotation": [
                0,
                -30,
                0
              ],
              "uv": [
                105,
                123
              ]
            }
          ]
        },
        {
          "name": "bone6",
          "parent": "Body",
          "pivot": [
            0,
            8.6,
            -6.3
          ],
          "rotation": [
            9.5,
            0,
            0
          ]
        },
        {
          "name": "bone7",
          "parent": "bone6",
          "pivot": [
            0,
            -1.37913,
            -6.59793
          ],
          "rotation": [
            16,
            0,
            0
          ]
        },
        {
          "name": "bone8",
          "parent": "Body",
          "pivot": [
            0,
            8,
            -18
          ],
          "rotation": [
            -2.5,
            0,
            0
          ],
          "cubes": [
            {
              "origin": [
                -1.3,
                18.10854,
                3.8783
              ],
              "size": [
                2.6,
                2.6,
                2
              ],
              "pivot": [
                0,
                0.62954,
                -1.14838
              ],
              "rotation": [
                88,
                0,
                0
              ],
              "uv": [
                12,
                34
              ]
            },
            {
              "origin": [
                -1,
                18.40854,
                3.7783
              ],
              "size": [
                2,
                2,
                1
              ],
              "pivot": [
                0,
                0.62954,
                -1.14838
              ],
              "rotation": [
                88,
                0,
                0
              ],
              "uv": [
                30,
                3
              ]
            }
          ]
        },
        {
          "name": "bone9",
          "parent": "bone8",
          "pivot": [
            -4,
            6.62954,
            -15.14838
          ],
          "rotation": [
            2.5,
            7.5,
            2.5
          ],
          "cubes": [
            {
              "origin": [
                -7.5422,
                14.1993,
                5.17652
              ],
              "size": [
                2.6,
                2.6,
                2
              ],
              "pivot": [
                -2.52644,
                0.15037,
                -0.17344
              ],
              "rotation": [
                86.99209,
                -9.45207,
                5.57793
              ],
              "uv": [
                30,
                21
              ]
            },
            {
              "origin": [
                -7.2422,
                14.4993,
                5.07652
              ],
              "size": [
                2,
                2,
                1
              ],
              "pivot": [
                -2.52644,
                0.15037,
                -0.17344
              ],
              "rotation": [
                86.99209,
                -9.45207,
                5.57793
              ],
              "uv": [
                0,
                3
              ]
            }
          ]
        },
        {
          "name": "bone10",
          "parent": "bone8",
          "pivot": [
            3,
            6.62954,
            -16.14838
          ],
          "rotation": [
            2.5,
            -7.5,
            -2.5
          ],
          "cubes": [
            {
              "origin": [
                5.06323,
                14.11817,
                5.03484
              ],
              "size": [
                2.6,
                2.6,
                2
              ],
              "pivot": [
                2.64747,
                0.06923,
                -0.31512
              ],
              "rotation": [
                86.99209,
                9.45207,
                -5.57793
              ],
              "uv": [
                0,
                23
              ]
            },
            {
              "origin": [
                5.36323,
                14.41817,
                4.93484
              ],
              "size": [
                2,
                2,
                1
              ],
              "pivot": [
                2.64747,
                0.06923,
                -0.31512
              ],
              "rotation": [
                86.99209,
                9.45207,
                -5.57793
              ],
              "uv": [
                0,
                0
              ]
            }
          ]
        },
        {
          "name": "bone5",
          "parent": "Body",
          "pivot": [
            -0.7,
            10,
            -21
          ],
          "rotation": [
            0,
            -5,
            -2.5
          ]
        },
        {
          "name": "LeftArm",
          "parent": "Body",
          "pivot": [
            5,
            12,
            -14
          ],
          "rotation": [
            0,
            62.5,
            -20
          ],
          "cubes": [
            {
              "origin": [
                4.35869,
                5.53556,
                8.35273
              ],
              "size": [
                4,
                9,
                4
              ],
              "pivot": [
                6.21667,
                -0.74351,
                0
              ],
              "rotation": [
                87.83537,
                22.48554,
                19.1718
              ],
              "uv": [
                16,
                34
              ]
            }
          ]
        },
        {
          "name": "bone4",
          "parent": "LeftArm",
          "pivot": [
            5.21667,
            10.25649,
            -6
          ],
          "rotation": [
            62.5,
            0,
            0
          ],
          "cubes": [
            {
              "origin": [
                2.85869,
                -6.20059,
                4.53443
              ],
              "size": [
                3,
                11,
                3
              ],
              "pivot": [
                6.21667,
                0.46866,
                -2.79264
              ],
              "rotation": [
                87.48659,
                14.47071,
                23.62761
              ],
              "uv": [
                12,
                47
              ]
            }
          ]
        },
        {
          "name": "RightArm",
          "parent": "Body",
          "pivot": [
            -5,
            11,
            -14
          ],
          "rotation": [
            0,
            -60,
            20
          ],
          "cubes": [
            {
              "origin": [
                -8.70071,
                5.47525,
                8.35273
              ],
              "size": [
                4,
                9,
                4
              ],
              "pivot": [
                -6.55869,
                -0.80382,
                0
              ],
              "rotation": [
                87.87176,
                -19.9873,
                -19.27225
              ],
              "uv": [
                0,
                34
              ]
            }
          ]
        },
        {
          "name": "bone2",
          "parent": "RightArm",
          "pivot": [
            -7.55869,
            9.19618,
            -6
          ],
          "rotation": [
            55,
            0,
            0
          ],
          "cubes": [
            {
              "origin": [
                -6.20071,
                -6.29498,
                4.27561
              ],
              "size": [
                3,
                11,
                3
              ],
              "pivot": [
                -6.55869,
                0.37428,
                -3.05145
              ],
              "rotation": [
                87.48659,
                -14.47071,
                -23.62761
              ],
              "uv": [
                0,
                47
              ]
            }
          ]
        }
      ]
    }
  ]
}