{
  "format_version": "1.12.0",
  "minecraft:geometry": [
    {
      "description": {
        "identifier": "geometry.jp_nabnaleena",
        "texture_width": 128,
        "texture_height": 128,
        "visible_bounds_width": 4,
        "visible_bounds_height": 4.5,
        "visible_bounds_offset": [
          0,
          1.75,
          0
        ]
      },
      "bones": [
        {
          "name": "RightLeg",
          "pivot": [
            -3,
            17,
            0
          ],
          "rotation": [
            -5,
            2.5,
            0
          ],
          "cubes": [
            {
              "origin": [
                -5.8,
                8,
                -1.8
              ],
              "size": [
                4.7,
                9,
                4.4
              ],
              "uv": [
                44,
                45
              ]
            }
          ]
        },
        {
          "name": "bone",
          "parent": "RightLeg",
          "pivot": [
            -4,
            9,
            0
          ],
          "rotation": [
            7.5,
            0,
            0
          ],
          "cubes": [
            {
              "origin": [
                -5.3,
                0,
                -1.3
              ],
              "size": [
                3.6,
                9,
                3
              ],
              "uv": [
                58,
                0
              ]
            }
          ]
        },
        {
          "name": "LeftLeg",
          "pivot": [
            3,
            17,
            0
          ],
          "rotation": [
            -5,
            -2.5,
            0
          ],
          "cubes": [
            {
              "origin": [
                1.2,
                8,
                -1.8
              ],
              "size": [
                4.7,
                9,
                4.4
              ],
              "uv": [
                32,
                36
              ]
            }
          ]
        },
        {
          "name": "bone3",
          "parent": "LeftLeg",
          "pivot": [
            4,
            9,
            0
          ],
          "rotation": [
            7.5,
            0,
            0
          ],
          "cubes": [
            {
              "origin": [
                1.7,
                0,
                -1.3
              ],
              "size": [
                3.6,
                9,
                3
              ],
              "uv": [
                57,
                55
              ]
            }
          ]
        },
        {
          "name": "Body",
          "pivot": [
            0,
            17,
            0
          ],
          "cubes": [
            {
              "origin": [
                4,
                17,
                -4.2
              ],
              "size": [
                2,
                13,
                3.2
              ],
              "uv": [
                34,
                49
              ]
            },
            {
              "origin": [
                0,
                18,
                -3.7
              ],
              "size": [
                4,
                10,
                0
              ],
              "pivot": [
                4,
                23,
                -3
              ],
              "rotation": [
                0,
                -7.5,
                0
              ],
              "uv": [
                44,
                58
              ]
            },
            {
              "origin": [
                -4,
                18,
                -2.7
              ],
              "size": [
                4,
                10,
                0
              ],
              "pivot": [
                -4,
                23,
                -4
              ],
              "rotation": [
                0,
                7.5,
                0
              ],
              "uv": [
                58,
                18
              ]
            },
            {
              "origin": [
                -6,
                17,
                -4.2
              ],
              "size": [
                2,
                13,
                3.2
              ],
              "uv": [
                24,
                47
              ]
            },
            {
              "origin": [
                -4,
                28,
                -4.2
              ],
              "size": [
                8,
                2,
                3.2
              ],
              "uv": [
                36,
                7
              ]
            },
            {
              "origin": [
                -4,
                17,
                -4.2
              ],
              "size": [
                8,
                1,
                3.2
              ],
              "uv": [
                44,
                36
              ]
            },
            {
              "origin": [
                -6,
                17,
                -1.1
              ],
              "size": [
                12,
                13,
                6.2
              ],
              "uv": [
                0,
                0
              ]
            },
            {
              "origin": [
                -5.5,
                30,
                -3.6
              ],
              "size": [
                11,
                7,
                8.2
              ],
              "uv": [
                0,
                19
              ]
            },
            {
              "origin": [
                -9,
                37,
                -1
              ],
              "size": [
                9,
                5,
                0
              ],
              "pivot": [
                0,
                17,
                0
              ],
              "rotation": [
                0,
                0,
                27.5
              ],
              "uv": [
                110,
                123
              ]
            }
          ]
        },
        {
          "name": "bone6",
          "parent": "Body",
          "pivot": [
            0,
            21.6,
            -1.3
          ],
          "rotation": [
            57,
            0,
            0
          ]
        },
        {
          "name": "bone7",
          "parent": "bone6",
          "pivot": [
            0,
            21.6,
            -11.3
          ],
          "rotation": [
            36,
            0,
            0
          ]
        },
        {
          "name": "bone8",
          "parent": "Body",
          "pivot": [
            0,
            34,
            -3
          ],
          "rotation": [
            -2.5,
            0,
            0
          ],
          "cubes": [
            {
              "origin": [
                -1.3,
                32.7,
                -4.5
              ],
              "size": [
                2.6,
                2.6,
                2
              ],
              "uv": [
                12,
                34
              ]
            },
            {
              "origin": [
                -1,
                33,
                -4.6
              ],
              "size": [
                2,
                2,
                1
              ],
              "uv": [
                30,
                3
              ]
            }
          ]
        },
        {
          "name": "bone9",
          "parent": "bone8",
          "pivot": [
            -3,
            31,
            -3
          ],
          "rotation": [
            2.5,
            7.5,
            2.5
          ],
          "cubes": [
            {
              "origin": [
                -4.3,
                29.7,
                -4.5
              ],
              "size": [
                2.6,
                2.6,
                2
              ],
              "uv": [
                30,
                21
              ]
            },
            {
              "origin": [
                -4,
                30,
                -4.6
              ],
              "size": [
                2,
                2,
                1
              ],
              "uv": [
                0,
                3
              ]
            }
          ]
        },
        {
          "name": "bone10",
          "parent": "bone8",
          "pivot": [
            3,
            31,
            -3
          ],
          "rotation": [
            2.5,
            -7.5,
            -2.5
          ],
          "cubes": [
            {
              "origin": [
                1.7,
                29.7,
                -4.5
              ],
              "size": [
                2.6,
                2.6,
                2
              ],
              "uv": [
                0,
                23
              ]
            },
            {
              "origin": [
                2,
                30,
                -4.6
              ],
              "size": [
                2,
                2,
                1
              ],
              "uv": [
                0,
                0
              ]
            }
          ]
        },
        {
          "name": "bone5",
          "parent": "Body",
          "pivot": [
            -0.7,
            37,
            0
          ],
          "rotation": [
            0,
            -5,
            -2.5
          ]
        },
        {
          "name": "LeftArm",
          "parent": "Body",
          "pivot": [
            4,
            30,
            0
          ],
          "rotation": [
            0,
            0,
            -20
          ],
          "cubes": [
            {
              "origin": [
                3.5,
                21,
                -1.5
              ],
              "size": [
                4,
                9,
                4
              ],
              "uv": [
                16,
                34
              ]
            }
          ]
        },
        {
          "name": "bone4",
          "parent": "LeftArm",
          "pivot": [
            6,
            21,
            0
          ],
          "rotation": [
            -15,
            0,
            0
          ],
          "cubes": [
            {
              "origin": [
                4,
                11,
                -1
              ],
              "size": [
                3,
                11,
                3
              ],
              "uv": [
                12,
                47
              ]
            }
          ]
        },
        {
          "name": "RightArm",
          "parent": "Body",
          "pivot": [
            -4,
            30,
            0
          ],
          "rotation": [
            0,
            0,
            20
          ],
          "cubes": [
            {
              "origin": [
                -7.5,
                21,
                -1.5
              ],
              "size": [
                4,
                9,
                4
              ],
              "uv": [
                0,
                34
              ]
            }
          ]
        },
        {
          "name": "bone2",
          "parent": "RightArm",
          "pivot": [
            -6,
            21,
            0
          ],
          "rotation": [
            -15,
            0,
            0
          ],
          "cubes": [
            {
              "origin": [
                -7,
                11,
                -1
              ],
              "size": [
                3,
                11,
                3
              ],
              "uv": [
                0,
                47
              ]
            }
          ]
        }
      ]
    }
  ]
}