{
  "format_version": "1.12.0",
  "minecraft:geometry": [
    {
      "description": {
        "identifier": "geometry.jp_opil_pose",
        "texture_width": 128,
        "texture_height": 128,
        "visible_bounds_width": 4,
        "visible_bounds_height": 3.5,
        "visible_bounds_offset": [
          0,
          1.25,
          0
        ]
      },
      "bones": [
        {
          "name": "Parteabajo",
          "pivot": [
            0,
            1,
            0
          ],
          "rotation": [
            -92.5,
            0,
            0
          ]
        },
        {
          "name": "Pierna",
          "parent": "Parteabajo",
          "pivot": [
            2,
            4,
            0
          ],
          "cubes": [
            {
              "origin": [
                1,
                0,
                -1
              ],
              "size": [
                2,
                4,
                2
              ],
              "uv": [
                46,
                70
              ]
            }
          ]
        },
        {
          "name": "Pantorrilla",
          "parent": "Pierna",
          "pivot": [
            2.02995,
            0,
            -0.04136
          ],
          "cubes": [
            {
              "origin": [
                1,
                -5,
                -1
              ],
              "size": [
                2,
                5,
                2
              ],
              "uv": [
                0,
                70
              ]
            },
            {
              "origin": [
                1,
                -5,
                -4
              ],
              "size": [
                1,
                1,
                3
              ],
              "uv": [
                40,
                77
              ]
            },
            {
              "origin": [
                1.5,
                -5,
                -4.2
              ],
              "size": [
                1,
                1,
                3
              ],
              "pivot": [
                1.3,
                -4.5,
                -0.4
              ],
              "rotation": [
                0,
                -27.5,
                0
              ],
              "uv": [
                32,
                77
              ]
            },
            {
              "origin": [
                2.70819,
                -5,
                -4.26566
              ],
              "size": [
                1,
                1,
                3
              ],
              "pivot": [
                1.98293,
                -4.5,
                -1.1169
              ],
              "rotation": [
                0,
                -52.5,
                0
              ],
              "uv": [
                24,
                77
              ]
            }
          ]
        },
        {
          "name": "Pierna2",
          "parent": "Parteabajo",
          "pivot": [
            -2,
            4,
            0
          ],
          "cubes": [
            {
              "origin": [
                -3,
                0,
                -1
              ],
              "size": [
                2,
                4,
                2
              ],
              "uv": [
                38,
                70
              ]
            }
          ]
        },
        {
          "name": "Pantorrilla2",
          "parent": "Pierna2",
          "pivot": [
            -2.02995,
            0,
            -0.04136
          ],
          "cubes": [
            {
              "origin": [
                -3,
                -5,
                -1
              ],
              "size": [
                2,
                5,
                2
              ],
              "uv": [
                56,
                63
              ]
            },
            {
              "origin": [
                -2,
                -5,
                -4
              ],
              "size": [
                1,
                1,
                3
              ],
              "uv": [
                16,
                77
              ]
            },
            {
              "origin": [
                -2.5,
                -5,
                -4.2
              ],
              "size": [
                1,
                1,
                3
              ],
              "pivot": [
                -1.3,
                -4.5,
                -0.4
              ],
              "rotation": [
                0,
                27.5,
                0
              ],
              "uv": [
                8,
                77
              ]
            },
            {
              "origin": [
                -3.70819,
                -5,
                -4.26566
              ],
              "size": [
                1,
                1,
                3
              ],
              "pivot": [
                -1.98293,
                -4.5,
                -1.1169
              ],
              "rotation": [
                0,
                52.5,
                0
              ],
              "uv": [
                0,
                77
              ]
            }
          ]
        },
        {
          "name": "Opilabird",
          "pivot": [
            0,
            -7,
            0
          ],
          "rotation": [
            -20,
            0,
            0
          ]
        },
        {
          "name": "Parteaeriba",
          "parent": "Opilabird",
          "pivot": [
            0,
            -7,
            0
          ],
          "cubes": [
            {
              "origin": [
                -5,
                2,
                -5
              ],
              "size": [
                10,
                12,
                10
              ],
              "uv": [
                0,
                0
              ]
            },
            {
              "origin": [
                -4,
                6.71892,
                -10.73215
              ],
              "size": [
                8,
                6,
                8
              ],
              "pivot": [
                0,
                7.71892,
                -7.73215
              ],
              "rotation": [
                -40,
                0,
                0
              ],
              "uv": [
                0,
                22
              ]
            },
            {
              "origin": [
                -3.4,
                9.12224,
                -11.00584
              ],
              "size": [
                6.8,
                5.1,
                6.8
              ],
              "pivot": [
                0,
                8.27224,
                -7.45584
              ],
              "rotation": [
                -12.5,
                0,
                0
              ],
              "uv": [
                48,
                36
              ]
            },
            {
              "origin": [
                -4,
                3,
                5
              ],
              "size": [
                8,
                10,
                4
              ],
              "uv": [
                0,
                36
              ]
            },
            {
              "origin": [
                -4,
                4,
                6
              ],
              "size": [
                8,
                7,
                4
              ],
              "uv": [
                24,
                36
              ]
            },
            {
              "origin": [
                -0.24253,
                8,
                9.86907
              ],
              "size": [
                1,
                1,
                4
              ],
              "pivot": [
                0,
                8.5,
                9.82899
              ],
              "rotation": [
                -15.91527,
                19.291,
                -5.38152
              ],
              "uv": [
                28,
                70
              ]
            },
            {
              "origin": [
                -0.5,
                8,
                10
              ],
              "size": [
                1,
                1,
                4
              ],
              "pivot": [
                0,
                8.5,
                9.82899
              ],
              "rotation": [
                -15,
                0,
                0
              ],
              "uv": [
                18,
                70
              ]
            },
            {
              "origin": [
                -0.75747,
                8,
                9.86907
              ],
              "size": [
                1,
                1,
                4
              ],
              "pivot": [
                0,
                8.5,
                9.82899
              ],
              "rotation": [
                -15.91527,
                -19.291,
                5.38152
              ],
              "uv": [
                8,
                70
              ]
            },
            {
              "origin": [
                -5,
                4,
                5
              ],
              "size": [
                10,
                7,
                4
              ],
              "uv": [
                32,
                22
              ]
            }
          ]
        },
        {
          "name": "Ala",
          "parent": "Parteaeriba",
          "pivot": [
            -6,
            6.88654,
            -4.19816
          ],
          "cubes": [
            {
              "origin": [
                -7,
                4,
                -4
              ],
              "size": [
                2,
                6,
                7
              ],
              "pivot": [
                -6,
                8,
                -4.25
              ],
              "rotation": [
                15,
                0,
                0
              ],
              "uv": [
                18,
                50
              ]
            },
            {
              "origin": [
                -7,
                5,
                -5
              ],
              "size": [
                2,
                4,
                3
              ],
              "pivot": [
                -6,
                8,
                -4.25
              ],
              "rotation": [
                15,
                0,
                0
              ],
              "uv": [
                46,
                63
              ]
            },
            {
              "origin": [
                -7,
                6.87644,
                1.99801
              ],
              "size": [
                2,
                4,
                4
              ],
              "pivot": [
                -6,
                8.94579,
                2.87548
              ],
              "rotation": [
                -10,
                0,
                0
              ],
              "uv": [
                48,
                50
              ]
            },
            {
              "origin": [
                -7,
                7.33527,
                4.87776
              ],
              "size": [
                2,
                2,
                4
              ],
              "pivot": [
                -6,
                7.98797,
                5.90814
              ],
              "rotation": [
                -40,
                0,
                0
              ],
              "uv": [
                12,
                63
              ]
            }
          ]
        },
        {
          "name": "Ala2",
          "parent": "Parteaeriba",
          "pivot": [
            6,
            6.88654,
            -4.19816
          ],
          "cubes": [
            {
              "origin": [
                5,
                4,
                -4
              ],
              "size": [
                2,
                6,
                7
              ],
              "pivot": [
                6,
                8,
                -4.25
              ],
              "rotation": [
                15,
                0,
                0
              ],
              "uv": [
                0,
                50
              ]
            },
            {
              "origin": [
                5,
                5,
                -5
              ],
              "size": [
                2,
                4,
                3
              ],
              "pivot": [
                6,
                8,
                -4.25
              ],
              "rotation": [
                15,
                0,
                0
              ],
              "uv": [
                36,
                63
              ]
            },
            {
              "origin": [
                5,
                6.87644,
                1.99801
              ],
              "size": [
                2,
                4,
                4
              ],
              "pivot": [
                6,
                8.94579,
                2.87548
              ],
              "rotation": [
                -10,
                0,
                0
              ],
              "uv": [
                36,
                50
              ]
            },
            {
              "origin": [
                5,
                7.33527,
                4.87776
              ],
              "size": [
                2,
                2,
                4
              ],
              "pivot": [
                6,
                7.98797,
                5.90814
              ],
              "rotation": [
                -40,
                0,
                0
              ],
              "uv": [
                0,
                63
              ]
            }
          ]
        },
        {
          "name": "Head",
          "parent": "Parteaeriba",
          "pivot": [
            -0.01517,
            10.91149,
            -8.42874
          ],
          "cubes": [
            {
              "origin": [
                -3.4,
                15.6974,
                -17.08861
              ],
              "size": [
                6.8,
                5.1,
                7.8
              ],
              "pivot": [
                0,
                13.2474,
                -14.18861
              ],
              "rotation": [
                -72.5,
                0,
                0
              ],
              "uv": [
                60,
                22
              ]
            },
            {
              "origin": [
                -3.405,
                20.195,
                -15.135
              ],
              "size": [
                2.61,
                2.61,
                0.87
              ],
              "uv": {
                "north": {
                  "uv": [
                    96,
                    101
                  ],
                  "uv_size": [
                    2,
                    2
                  ]
                },
                "east": {
                  "uv": [
                    96,
                    101
                  ],
                  "uv_size": [
                    0,
                    2
                  ]
                },
                "south": {
                  "uv": [
                    98,
                    101
                  ],
                  "uv_size": [
                    2,
                    2
                  ]
                },
                "west": {
                  "uv": [
                    98,
                    101
                  ],
                  "uv_size": [
                    0,
                    2
                  ]
                },
                "up": {
                  "uv": [
                    96,
                    101
                  ],
                  "uv_size": [
                    2,
                    0
                  ]
                },
                "down": {
                  "uv": [
                    98,
                    101
                  ],
                  "uv_size": [
                    2,
                    0
                  ]
                }
              }
            },
            {
              "origin": [
                -3.005,
                20.395,
                -15.335
              ],
              "size": [
                2.11,
                2.11,
                0.87
              ],
              "uv": {
                "north": {
                  "uv": [
                    95,
                    53
                  ],
                  "uv_size": [
                    2,
                    2
                  ]
                },
                "east": {
                  "uv": [
                    95,
                    53
                  ],
                  "uv_size": [
                    0,
                    2
                  ]
                },
                "south": {
                  "uv": [
                    97,
                    53
                  ],
                  "uv_size": [
                    2,
                    2
                  ]
                },
                "west": {
                  "uv": [
                    97,
                    53
                  ],
                  "uv_size": [
                    0,
                    2
                  ]
                },
                "up": {
                  "uv": [
                    95,
                    53
                  ],
                  "uv_size": [
                    2,
                    0
                  ]
                },
                "down": {
                  "uv": [
                    97,
                    53
                  ],
                  "uv_size": [
                    2,
                    0
                  ]
                }
              }
            },
            {
              "origin": [
                0.795,
                20.195,
                -15.135
              ],
              "size": [
                2.61,
                2.61,
                0.87
              ],
              "uv": {
                "north": {
                  "uv": [
                    95,
                    111
                  ],
                  "uv_size": [
                    2,
                    2
                  ]
                },
                "east": {
                  "uv": [
                    95,
                    111
                  ],
                  "uv_size": [
                    0,
                    2
                  ]
                },
                "south": {
                  "uv": [
                    97,
                    111
                  ],
                  "uv_size": [
                    2,
                    2
                  ]
                },
                "west": {
                  "uv": [
                    97,
                    111
                  ],
                  "uv_size": [
                    0,
                    2
                  ]
                },
                "up": {
                  "uv": [
                    95,
                    111
                  ],
                  "uv_size": [
                    2,
                    0
                  ]
                },
                "down": {
                  "uv": [
                    97,
                    111
                  ],
                  "uv_size": [
                    2,
                    0
                  ]
                }
              }
            },
            {
              "origin": [
                0.895,
                20.395,
                -15.335
              ],
              "size": [
                2.11,
                2.11,
                0.87
              ],
              "uv": {
                "north": {
                  "uv": [
                    95,
                    54
                  ],
                  "uv_size": [
                    2,
                    2
                  ]
                },
                "east": {
                  "uv": [
                    95,
                    54
                  ],
                  "uv_size": [
                    0,
                    2
                  ]
                },
                "south": {
                  "uv": [
                    97,
                    54
                  ],
                  "uv_size": [
                    2,
                    2
                  ]
                },
                "west": {
                  "uv": [
                    97,
                    54
                  ],
                  "uv_size": [
                    0,
                    2
                  ]
                },
                "up": {
                  "uv": [
                    95,
                    54
                  ],
                  "uv_size": [
                    2,
                    0
                  ]
                },
                "down": {
                  "uv": [
                    97,
                    54
                  ],
                  "uv_size": [
                    2,
                    0
                  ]
                }
              }
            },
            {
              "origin": [
                -4,
                16,
                -15
              ],
              "size": [
                8,
                9,
                7
              ],
              "uv": [
                40,
                0
              ]
            },
            {
              "origin": [
                -1.68,
                17.42,
                -18.34
              ],
              "size": [
                3.36,
                2.36,
                3.68
              ],
              "pivot": [
                0,
                19,
                -17
              ],
              "rotation": [
                10,
                0,
                0
              ],
              "uv": [
                24,
                63
              ]
            },
            {
              "origin": [
                -1.3608,
                16.71616,
                -20.58296
              ],
              "size": [
                2.7216,
                1.9116,
                2.9808
              ],
              "pivot": [
                0,
                18.17196,
                -19.39256
              ],
              "rotation": [
                30,
                0,
                0
              ],
              "uv": [
                0,
                81
              ]
            },
            {
              "origin": [
                -0.91174,
                15.59856,
                -21.77318
              ],
              "size": [
                1.82347,
                1.28077,
                1.99714
              ],
              "pivot": [
                0,
                16.73894,
                -20.87461
              ],
              "rotation": [
                59,
                0,
                0
              ],
              "uv": [
                20,
                81
              ]
            },
            {
              "origin": [
                -2,
                24,
                -13
              ],
              "size": [
                1,
                3,
                1
              ],
              "pivot": [
                -0.5,
                26.5,
                -12.5
              ],
              "rotation": [
                0,
                0,
                -22.5
              ],
              "uv": [
                16,
                81
              ]
            },
            {
              "origin": [
                -0.61732,
                24.57612,
                -13
              ],
              "size": [
                1,
                3,
                1
              ],
              "pivot": [
                -0.11732,
                25.57612,
                -12.5
              ],
              "rotation": [
                1.99492,
                3.39984,
                -2.82911
              ],
              "uv": [
                12,
                81
              ]
            },
            {
              "origin": [
                0.45371,
                24.82935,
                -13.08261
              ],
              "size": [
                1,
                3,
                1
              ],
              "pivot": [
                0.95371,
                26.12935,
                -12.58261
              ],
              "rotation": [
                2.90183,
                2.66822,
                14.17928
              ],
              "uv": [
                8,
                81
              ]
            }
          ]
        },
        {
          "name": "Boca",
          "parent": "Head",
          "pivot": [
            0,
            16.14558,
            -14.49709
          ],
          "rotation": [
            65,
            0,
            0
          ],
          "cubes": [
            {
              "origin": [
                -1,
                15.3,
                -17.5
              ],
              "size": [
                2,
                1.3,
                2
              ],
              "pivot": [
                0,
                15.7,
                -15.7
              ],
              "rotation": [
                -27.5,
                0,
                0
              ],
              "uv": [
                56,
                77
              ]
            },
            {
              "origin": [
                -1,
                15.2,
                -15.7
              ],
              "size": [
                2,
                1.6,
                1
              ],
              "uv": [
                49,
                78
              ]
            }
          ]
        }
      ]
    }
  ]
}