{
  "format_version": "1.12.0",
  "minecraft:geometry": [
    {
      "description": {
        "identifier": "geometry.jp_stinger_flynns",
        "texture_width": 64,
        "texture_height": 64,
        "visible_bounds_width": 3,
        "visible_bounds_height": 3.5,
        "visible_bounds_offset": [
          0,
          1.25,
          0
        ]
      },
      "bones": [
        {
          "name": "Root",
          "pivot": [
            0,
            7,
            0
          ]
        },
        {
          "name": "Body",
          "parent": "Root",
          "pivot": [
            0,
            11,
            0
          ],
          "cubes": [
            {
              "origin": [
                -5,
                16,
                -5
              ],
              "size": [
                10,
                3,
                10
              ],
              "uv": [
                0,
                13
              ]
            },
            {
              "origin": [
                -5,
                13,
                -5
              ],
              "size": [
                10,
                3,
                10
              ],
              "uv": [
                0,
                0
              ]
            },
            {
              "origin": [
                -4.6,
                19,
                -4.6
              ],
              "size": [
                9.2,
                4,
                9.2
              ],
              "uv": [
                0,
                26
              ]
            },
            {
              "origin": [
                -3.6,
                22,
                -3.6
              ],
              "size": [
                7.2,
                2,
                7.2
              ],
              "uv": [
                27,
                26
              ]
            }
          ]
        },
        {
          "name": "bone19",
          "parent": "Body",
          "pivot": [
            0,
            19,
            -4
          ],
          "cubes": [
            {
              "origin": [
                -1.8,
                20,
                -4.3
              ],
              "size": [
                3.6,
                2.6,
                2
              ],
              "uv": [
                46,
                0
              ]
            },
            {
              "origin": [
                -0.8,
                20,
                -4.4
              ],
              "size": [
                1.6,
                2,
                1
              ],
              "uv": [
                27,
                26
              ]
            }
          ]
        },
        {
          "name": "LeftLeg2",
          "parent": "Root",
          "pivot": [
            3,
            7,
            3
          ]
        },
        {
          "name": "bone13",
          "parent": "LeftLeg2",
          "pivot": [
            3,
            15,
            3
          ],
          "rotation": [
            0,
            -10,
            -2.5
          ],
          "cubes": [
            {
              "origin": [
                2,
                9,
                2
              ],
              "size": [
                2,
                6,
                2
              ],
              "uv": [
                36,
                35
              ]
            }
          ]
        },
        {
          "name": "bone14",
          "parent": "bone13",
          "pivot": [
            3,
            9,
            3
          ],
          "rotation": [
            -0.01893,
            -0.43523,
            -0.01893
          ],
          "cubes": [
            {
              "origin": [
                2,
                5,
                2
              ],
              "size": [
                2,
                4,
                2
              ],
              "uv": [
                0,
                46
              ]
            }
          ]
        },
        {
          "name": "bone15",
          "parent": "bone14",
          "pivot": [
            3,
            5,
            3
          ],
          "rotation": [
            0,
            0,
            -5
          ],
          "cubes": [
            {
              "origin": [
                2,
                0,
                2
              ],
              "size": [
                2,
                5,
                2
              ],
              "uv": [
                24,
                39
              ]
            }
          ]
        },
        {
          "name": "LeftLeg3",
          "parent": "Root",
          "pivot": [
            3,
            7,
            -3
          ]
        },
        {
          "name": "bone16",
          "parent": "LeftLeg3",
          "pivot": [
            3,
            15,
            -3
          ],
          "rotation": [
            0,
            10,
            -2.5
          ],
          "cubes": [
            {
              "origin": [
                2,
                9,
                -4
              ],
              "size": [
                2,
                6,
                2
              ],
              "uv": [
                30,
                13
              ]
            }
          ]
        },
        {
          "name": "bone17",
          "parent": "bone16",
          "pivot": [
            3,
            9,
            -3
          ],
          "rotation": [
            0.04256,
            0.65182,
            2.47178
          ],
          "cubes": [
            {
              "origin": [
                2,
                5,
                -4
              ],
              "size": [
                2,
                4,
                2
              ],
              "uv": [
                44,
                35
              ]
            }
          ]
        },
        {
          "name": "bone18",
          "parent": "bone17",
          "pivot": [
            3,
            5,
            -3
          ],
          "rotation": [
            0,
            0,
            -5
          ],
          "cubes": [
            {
              "origin": [
                2,
                0,
                -4
              ],
              "size": [
                2,
                5,
                2
              ],
              "uv": [
                16,
                39
              ]
            }
          ]
        },
        {
          "name": "LeftLeg",
          "parent": "Root",
          "pivot": [
            3,
            7,
            0
          ]
        },
        {
          "name": "bone10",
          "parent": "LeftLeg",
          "pivot": [
            3,
            16,
            0
          ],
          "rotation": [
            -22.5,
            0,
            -82.5
          ],
          "cubes": [
            {
              "origin": [
                2,
                10,
                -1
              ],
              "size": [
                2,
                6,
                2
              ],
              "uv": [
                30,
                0
              ]
            }
          ]
        },
        {
          "name": "bone11",
          "parent": "bone10",
          "pivot": [
            3,
            10,
            0
          ],
          "rotation": [
            -25,
            0,
            -35
          ],
          "cubes": [
            {
              "origin": [
                2,
                6,
                -1
              ],
              "size": [
                2,
                4,
                2
              ],
              "uv": [
                44,
                5
              ]
            }
          ]
        },
        {
          "name": "bone12",
          "parent": "bone11",
          "pivot": [
            3,
            6,
            0
          ],
          "rotation": [
            -20,
            0,
            30
          ],
          "cubes": [
            {
              "origin": [
                2,
                1,
                -1
              ],
              "size": [
                2,
                5,
                2
              ],
              "uv": [
                8,
                39
              ]
            }
          ]
        },
        {
          "name": "RightLeg3",
          "parent": "Root",
          "pivot": [
            -3,
            7,
            -3
          ]
        },
        {
          "name": "bone7",
          "parent": "RightLeg3",
          "pivot": [
            -3,
            15,
            -3
          ],
          "rotation": [
            0,
            -10,
            2.5
          ],
          "cubes": [
            {
              "origin": [
                -4,
                9,
                -4
              ],
              "size": [
                2,
                6,
                2
              ],
              "uv": [
                0,
                26
              ]
            }
          ]
        },
        {
          "name": "bone8",
          "parent": "bone7",
          "pivot": [
            -3,
            9,
            -3
          ],
          "rotation": [
            -2.45744,
            -0.65182,
            -2.47179
          ],
          "cubes": [
            {
              "origin": [
                -4,
                5,
                -4
              ],
              "size": [
                2,
                4,
                2
              ],
              "uv": [
                32,
                43
              ]
            }
          ]
        },
        {
          "name": "bone9",
          "parent": "bone8",
          "pivot": [
            -3,
            5,
            -3
          ],
          "rotation": [
            0,
            0,
            5
          ],
          "cubes": [
            {
              "origin": [
                -4,
                0,
                -4
              ],
              "size": [
                2,
                5,
                2
              ],
              "uv": [
                0,
                39
              ]
            }
          ]
        },
        {
          "name": "RightLeg2",
          "parent": "Root",
          "pivot": [
            -3,
            7,
            0
          ]
        },
        {
          "name": "bone4",
          "parent": "RightLeg2",
          "pivot": [
            -3,
            16,
            0
          ],
          "rotation": [
            -27.5,
            0,
            82.5
          ],
          "cubes": [
            {
              "origin": [
                -4,
                10,
                -1
              ],
              "size": [
                2,
                6,
                2
              ],
              "uv": [
                0,
                13
              ]
            }
          ]
        },
        {
          "name": "bone5",
          "parent": "bone4",
          "pivot": [
            -3,
            10,
            0
          ],
          "rotation": [
            -30,
            0,
            40
          ],
          "cubes": [
            {
              "origin": [
                -4,
                6,
                -1
              ],
              "size": [
                2,
                4,
                2
              ],
              "uv": [
                42,
                41
              ]
            }
          ]
        },
        {
          "name": "bone6",
          "parent": "bone5",
          "pivot": [
            -3,
            6,
            0
          ],
          "rotation": [
            -15,
            0,
            -30
          ],
          "cubes": [
            {
              "origin": [
                -4,
                1,
                -1
              ],
              "size": [
                2,
                5,
                2
              ],
              "uv": [
                38,
                11
              ]
            }
          ]
        },
        {
          "name": "RightLeg",
          "parent": "Root",
          "pivot": [
            -3,
            7,
            3
          ]
        },
        {
          "name": "bone",
          "parent": "RightLeg",
          "pivot": [
            -3,
            15,
            3
          ],
          "rotation": [
            0,
            10,
            2.5
          ],
          "cubes": [
            {
              "origin": [
                -4,
                9,
                2
              ],
              "size": [
                2,
                6,
                2
              ],
              "uv": [
                0,
                0
              ]
            }
          ]
        },
        {
          "name": "bone2",
          "parent": "bone",
          "pivot": [
            -3,
            9,
            3
          ],
          "rotation": [
            -0.00473,
            0.21782,
            2.5095
          ],
          "cubes": [
            {
              "origin": [
                -4,
                5,
                2
              ],
              "size": [
                2,
                4,
                2
              ],
              "uv": [
                40,
                18
              ]
            }
          ]
        },
        {
          "name": "bone3",
          "parent": "bone2",
          "pivot": [
            -3,
            5,
            3
          ],
          "rotation": [
            0,
            0,
            5
          ],
          "cubes": [
            {
              "origin": [
                -4,
                0,
                2
              ],
              "size": [
                2,
                5,
                2
              ],
              "uv": [
                38,
                0
              ]
            }
          ]
        }
      ]
    }
  ]
}