{
  "format_version": "1.12.0",
  "minecraft:geometry": [
    {
      "description": {
        "identifier": "geometry.jp_sheriff_toadster",
        "texture_width": 128,
        "texture_height": 128,
        "visible_bounds_width": 3,
        "visible_bounds_height": 3.5,
        "visible_bounds_offset": [
          0,
          1.25,
          0
        ]
      },
      "bones": [
        {
          "name": "Root",
          "pivot": [
            0,
            -2,
            0
          ]
        },
        {
          "name": "Body",
          "parent": "Root",
          "pivot": [
            0,
            8,
            0
          ],
          "cubes": [
            {
              "origin": [
                -5.6,
                8,
                -4.6
              ],
              "size": [
                11.2,
                8,
                9.2
              ],
              "uv": [
                0,
                0
              ]
            }
          ]
        },
        {
          "name": "bone3",
          "parent": "Body",
          "pivot": [
            0,
            16,
            0
          ],
          "cubes": [
            {
              "origin": [
                -5,
                16,
                -4
              ],
              "size": [
                10,
                5,
                8
              ],
              "uv": [
                32,
                9
              ]
            }
          ]
        },
        {
          "name": "RightArm",
          "parent": "bone3",
          "pivot": [
            -5,
            20,
            0
          ],
          "rotation": [
            0,
            0,
            7.5
          ],
          "cubes": [
            {
              "origin": [
                -7,
                14,
                -2
              ],
              "size": [
                3,
                6,
                4
              ],
              "uv": [
                44,
                44
              ]
            }
          ]
        },
        {
          "name": "bone4",
          "parent": "RightArm",
          "pivot": [
            -6,
            14,
            0
          ],
          "cubes": [
            {
              "origin": [
                -6.5,
                8,
                -1.5
              ],
              "size": [
                2,
                6,
                3
              ],
              "uv": [
                0,
                51
              ]
            }
          ]
        },
        {
          "name": "LeftArm",
          "parent": "bone3",
          "pivot": [
            5,
            20,
            0
          ],
          "rotation": [
            0,
            0,
            -7.5
          ],
          "cubes": [
            {
              "origin": [
                4,
                14,
                -2
              ],
              "size": [
                3,
                6,
                4
              ],
              "uv": [
                16,
                44
              ]
            }
          ]
        },
        {
          "name": "bone5",
          "parent": "LeftArm",
          "pivot": [
            6,
            14,
            0
          ],
          "cubes": [
            {
              "origin": [
                4.5,
                8,
                -1.5
              ],
              "size": [
                2,
                6,
                3
              ],
              "uv": [
                30,
                48
              ]
            }
          ]
        },
        {
          "name": "Head",
          "parent": "bone3",
          "pivot": [
            0,
            21,
            0
          ],
          "cubes": [
            {
              "origin": [
                -5,
                26,
                -4.2
              ],
              "size": [
                10,
                5,
                8.4
              ],
              "uv": [
                0,
                30
              ]
            },
            {
              "origin": [
                10.4,
                19.2,
                -4.4
              ],
              "size": [
                2.7,
                5,
                8.8
              ],
              "pivot": [
                0,
                0,
                0
              ],
              "rotation": [
                0,
                0,
                -12.5
              ],
              "uv": [
                28,
                35
              ]
            },
            {
              "origin": [
                -13.1,
                19.2,
                -4.4
              ],
              "size": [
                2.6,
                5,
                8.8
              ],
              "pivot": [
                0,
                0,
                0
              ],
              "rotation": [
                0,
                0,
                12.5
              ],
              "uv": [
                32,
                22
              ]
            },
            {
              "origin": [
                -6,
                21,
                -4.4
              ],
              "size": [
                12,
                5,
                8.8
              ],
              "uv": [
                0,
                17
              ]
            },
            {
              "origin": [
                -6.7,
                30.9,
                -2
              ],
              "size": [
                3,
                3.9,
                3
              ],
              "pivot": [
                0,
                0,
                0
              ],
              "rotation": [
                0,
                0,
                17.5
              ],
              "uv": [
                44,
                22
              ]
            },
            {
              "origin": [
                -7.7,
                30.9,
                -3
              ],
              "size": [
                5,
                1.1,
                5
              ],
              "pivot": [
                0,
                0,
                0
              ],
              "rotation": [
                0,
                0,
                17.5
              ],
              "uv": [
                31,
                0
              ]
            }
          ]
        },
        {
          "name": "bone6",
          "parent": "Head",
          "pivot": [
            2,
            28,
            -4
          ],
          "rotation": [
            0,
            -2.5,
            0
          ],
          "cubes": [
            {
              "origin": [
                0.8,
                26.3,
                -5
              ],
              "size": [
                2.4,
                2.4,
                2
              ],
              "uv": [
                0,
                34
              ]
            },
            {
              "origin": [
                1,
                26.5,
                -5.1
              ],
              "size": [
                2,
                2,
                1
              ],
              "uv": [
                31,
                6
              ]
            }
          ]
        },
        {
          "name": "bone7",
          "parent": "Head",
          "pivot": [
            -2,
            28,
            -4
          ],
          "rotation": [
            0,
            2.5,
            0
          ],
          "cubes": [
            {
              "origin": [
                -3.2,
                26.3,
                -5
              ],
              "size": [
                2.4,
                2.4,
                2
              ],
              "uv": [
                0,
                30
              ]
            },
            {
              "origin": [
                -3,
                26.5,
                -5.1
              ],
              "size": [
                2,
                2,
                1
              ],
              "uv": [
                0,
                6
              ]
            }
          ]
        },
        {
          "name": "LeftLeg",
          "parent": "Root",
          "pivot": [
            3,
            8,
            0
          ],
          "rotation": [
            0,
            -2.5,
            -2.5
          ],
          "cubes": [
            {
              "origin": [
                1,
                4,
                -2
              ],
              "size": [
                4,
                4,
                4
              ],
              "uv": [
                0,
                43
              ]
            }
          ]
        },
        {
          "name": "bone2",
          "parent": "LeftLeg",
          "pivot": [
            3,
            4,
            0
          ],
          "cubes": [
            {
              "origin": [
                1.8,
                0,
                -1.2
              ],
              "size": [
                2.4,
                4,
                2.4
              ],
              "uv": [
                0,
                17
              ]
            }
          ]
        },
        {
          "name": "RightLeg",
          "parent": "Root",
          "pivot": [
            -3,
            8,
            0
          ],
          "rotation": [
            0,
            2.5,
            2.5
          ],
          "cubes": [
            {
              "origin": [
                -5,
                4,
                -2
              ],
              "size": [
                4,
                4,
                4
              ],
              "uv": [
                40,
                35
              ]
            }
          ]
        },
        {
          "name": "bone",
          "parent": "RightLeg",
          "pivot": [
            -3,
            4,
            0
          ],
          "cubes": [
            {
              "origin": [
                -4.2,
                0,
                -1.2
              ],
              "size": [
                2.4,
                4,
                2.4
              ],
              "uv": [
                0,
                0
              ]
            }
          ]
        }
      ]
    }
  ]
}