{
  "format_version": "1.12.0",
  "minecraft:geometry": [
    {
      "description": {
        "identifier": "geometry.jp_slow_seline",
        "texture_width": 128,
        "texture_height": 128,
        "visible_bounds_width": 4,
        "visible_bounds_height": 5,
        "visible_bounds_offset": [
          0,
          1.5,
          0
        ]
      },
      "bones": [
        {
          "name": "Body",
          "pivot": [
            0,
            0,
            0
          ],
          "cubes": [
            {
              "origin": [
                -6.6,
                0,
                -7
              ],
              "size": [
                13.2,
                6,
                17
              ],
              "uv": [
                0,
                34
              ]
            },
            {
              "origin": [
                -7.5,
                5,
                -7
              ],
              "size": [
                15,
                17,
                17
              ],
              "pivot": [
                0,
                0,
                0
              ],
              "rotation": [
                -7.5,
                0,
                0
              ],
              "uv": [
                0,
                0
              ]
            }
          ]
        },
        {
          "name": "bone3",
          "parent": "Body",
          "pivot": [
            0,
            3,
            -7
          ],
          "cubes": [
            {
              "origin": [
                -4.5,
                0,
                -13.75
              ],
              "size": [
                9,
                8,
                8.5
              ],
              "uv": [
                43,
                34
              ]
            }
          ]
        },
        {
          "name": "bone4",
          "parent": "bone3",
          "pivot": [
            0,
            8,
            -10
          ],
          "cubes": [
            {
              "origin": [
                -3.5,
                7,
                -13.25
              ],
              "size": [
                7,
                13,
                6.5
              ],
              "uv": [
                34,
                61
              ]
            }
          ]
        },
        {
          "name": "Head",
          "parent": "bone4",
          "pivot": [
            0,
            19,
            -9
          ],
          "cubes": [
            {
              "origin": [
                -4.4,
                19,
                -14
              ],
              "size": [
                9.4,
                6,
                8
              ],
              "uv": [
                0,
                57
              ]
            },
            {
              "origin": [
                7.6,
                18.4,
                -14
              ],
              "size": [
                4.4,
                6,
                8
              ],
              "pivot": [
                0,
                0,
                0
              ],
              "rotation": [
                0,
                0,
                -7.5
              ],
              "uv": [
                64,
                13
              ]
            },
            {
              "origin": [
                -12.4,
                18,
                -14
              ],
              "size": [
                4.6,
                6,
                8
              ],
              "pivot": [
                0,
                0,
                0
              ],
              "rotation": [
                0,
                0,
                10
              ],
              "uv": [
                60,
                61
              ]
            },
            {
              "origin": [
                -5,
                25,
                -14
              ],
              "size": [
                10,
                2,
                8
              ],
              "uv": [
                51,
                50
              ]
            }
          ]
        },
        {
          "name": "bone5",
          "parent": "Head",
          "pivot": [
            4,
            27,
            -11
          ],
          "cubes": [
            {
              "origin": [
                3.5,
                27,
                -11.3
              ],
              "size": [
                1,
                8,
                1
              ],
              "uv": [
                10,
                34
              ]
            }
          ]
        },
        {
          "name": "bone8",
          "parent": "bone5",
          "pivot": [
            4,
            34,
            -11
          ],
          "cubes": [
            {
              "origin": [
                2.5,
                34,
                -12.8
              ],
              "size": [
                3,
                3,
                3
              ],
              "uv": [
                0,
                6
              ]
            },
            {
              "origin": [
                2.4,
                33.9,
                -11.8
              ],
              "size": [
                3.2,
                3.2,
                2.1
              ],
              "uv": [
                0,
                34
              ]
            }
          ]
        },
        {
          "name": "bone6",
          "parent": "Head",
          "pivot": [
            -4,
            27,
            -11
          ],
          "cubes": [
            {
              "origin": [
                -4.5,
                27,
                -11.1
              ],
              "size": [
                1,
                8,
                1
              ],
              "uv": [
                12,
                0
              ]
            }
          ]
        },
        {
          "name": "bone7",
          "parent": "bone6",
          "pivot": [
            -4,
            34,
            -11
          ],
          "cubes": [
            {
              "origin": [
                -5.5,
                34,
                -12.8
              ],
              "size": [
                3,
                3,
                3
              ],
              "uv": [
                0,
                0
              ]
            },
            {
              "origin": [
                -5.6,
                33.9,
                -11.8
              ],
              "size": [
                3.2,
                3.2,
                2.1
              ],
              "uv": [
                0,
                12
              ]
            }
          ]
        },
        {
          "name": "bone",
          "parent": "Body",
          "pivot": [
            0,
            2,
            9
          ],
          "cubes": [
            {
              "origin": [
                -5,
                0,
                9
              ],
              "size": [
                10,
                5,
                8
              ],
              "uv": [
                47,
                0
              ]
            }
          ]
        },
        {
          "name": "bone2",
          "parent": "Body",
          "pivot": [
            0,
            0,
            0
          ]
        }
      ]
    }
  ]
}