{
  "format_version": "1.12.0",
  "minecraft:geometry": [
    {
      "description": {
        "identifier": "geometry.jp_tarta_birds_v2",
        "texture_width": 64,
        "texture_height": 64,
        "visible_bounds_width": 3,
        "visible_bounds_height": 4,
        "visible_bounds_offset": [
          0,
          1,
          0
        ]
      },
      "bones": [
        {
          "name": "RightLeg",
          "pivot": [
            -2.5,
            11,
            0
          ],
          "rotation": [
            0,
            5,
            2.5
          ],
          "cubes": [
            {
              "origin": [
                -3.34345,
                6.99905,
                -0.9038
              ],
              "size": [
                1.6,
                7,
                1.6
              ],
              "uv": [
                0,
                44
              ]
            }
          ]
        },
        {
          "name": "bone2",
          "parent": "RightLeg",
          "pivot": [
            -2.54345,
            6.99905,
            -0.0038
          ],
          "cubes": [
            {
              "origin": [
                -3.34345,
                0.99905,
                -0.9038
              ],
              "size": [
                1.6,
                6,
                1.6
              ],
              "uv": [
                8,
                44
              ]
            }
          ]
        },
        {
          "name": "bone3",
          "parent": "bone2",
          "pivot": [
            -2.54345,
            1.99905,
            -0.0038
          ],
          "rotation": [
            0,
            0,
            -2.5
          ],
          "cubes": [
            {
              "origin": [
                -4.44345,
                -0.00095,
                -2.0038
              ],
              "size": [
                3.8,
                2.1,
                3.7
              ],
              "uv": [
                0,
                5
              ]
            },
            {
              "origin": [
                -3.04345,
                -0.00095,
                -5.2038
              ],
              "size": [
                1,
                1.8,
                3.2
              ],
              "uv": [
                42,
                43
              ]
            },
            {
              "origin": [
                -3.24345,
                -0.00095,
                1.5962
              ],
              "size": [
                1.4,
                1.8,
                2
              ],
              "uv": [
                28,
                9
              ]
            },
            {
              "origin": [
                -4.04345,
                -0.00095,
                -5.2038
              ],
              "size": [
                1,
                1.8,
                3.2
              ],
              "pivot": [
                -2.54345,
                -0.00095,
                -0.0038
              ],
              "rotation": [
                0,
                15,
                0
              ],
              "uv": [
                34,
                43
              ]
            },
            {
              "origin": [
                -2.04345,
                -0.00095,
                -5.2038
              ],
              "size": [
                1,
                1.8,
                3.2
              ],
              "pivot": [
                -2.54345,
                -0.00095,
                -0.0038
              ],
              "rotation": [
                0,
                -15,
                0
              ],
              "uv": [
                43,
                6
              ]
            }
          ]
        },
        {
          "name": "LeftLeg",
          "pivot": [
            2.5,
            11,
            0
          ],
          "rotation": [
            0,
            -5,
            -2.5
          ],
          "cubes": [
            {
              "origin": [
                1.74345,
                6.99905,
                -0.9038
              ],
              "size": [
                1.6,
                7,
                1.6
              ],
              "uv": [
                40,
                9
              ]
            }
          ]
        },
        {
          "name": "bone5",
          "parent": "LeftLeg",
          "pivot": [
            2.54345,
            6.99905,
            -0.0038
          ],
          "cubes": [
            {
              "origin": [
                1.74345,
                0.99905,
                -0.9038
              ],
              "size": [
                1.6,
                6,
                1.6
              ],
              "uv": [
                4,
                44
              ]
            }
          ]
        },
        {
          "name": "bone6",
          "parent": "bone5",
          "pivot": [
            2.54345,
            1.99905,
            -0.0038
          ],
          "rotation": [
            0,
            0,
            2.5
          ],
          "cubes": [
            {
              "origin": [
                0.64345,
                -0.00095,
                -2.0038
              ],
              "size": [
                3.8,
                2.1,
                3.7
              ],
              "uv": [
                0,
                0
              ]
            },
            {
              "origin": [
                2.04345,
                -0.00095,
                -5.2038
              ],
              "size": [
                1,
                1.8,
                3.2
              ],
              "uv": [
                29,
                42
              ]
            },
            {
              "origin": [
                1.84345,
                -0.00095,
                1.5962
              ],
              "size": [
                1.4,
                1.8,
                2
              ],
              "uv": [
                27,
                20
              ]
            },
            {
              "origin": [
                1.04345,
                -0.00095,
                -5.2038
              ],
              "size": [
                1,
                1.8,
                3.2
              ],
              "pivot": [
                2.54345,
                -0.00095,
                -0.0038
              ],
              "rotation": [
                0,
                15,
                0
              ],
              "uv": [
                21,
                42
              ]
            },
            {
              "origin": [
                3.04345,
                -0.00095,
                -5.2038
              ],
              "size": [
                1,
                1.8,
                3.2
              ],
              "pivot": [
                2.54345,
                -0.00095,
                -0.0038
              ],
              "rotation": [
                0,
                -15,
                0
              ],
              "uv": [
                16,
                40
              ]
            }
          ]
        },
        {
          "name": "Body",
          "pivot": [
            0,
            -2,
            0
          ]
        },
        {
          "name": "bone",
          "parent": "Body",
          "pivot": [
            0,
            11,
            0
          ],
          "cubes": [
            {
              "origin": [
                -4.4,
                10.7,
                -6
              ],
              "size": [
                8.8,
                8.6,
                12
              ],
              "uv": [
                0,
                0
              ]
            }
          ]
        },
        {
          "name": "bone11",
          "parent": "bone",
          "pivot": [
            -4.3,
            15,
            -4
          ],
          "cubes": [
            {
              "origin": [
                -5.3,
                12.7,
                4
              ],
              "size": [
                1,
                4.6,
                1
              ],
              "uv": [
                16,
                44
              ]
            },
            {
              "origin": [
                -5.3,
                12,
                -5
              ],
              "size": [
                1,
                6,
                9
              ],
              "uv": [
                35,
                11
              ]
            }
          ]
        },
        {
          "name": "bone8",
          "parent": "bone",
          "pivot": [
            0,
            15,
            6
          ],
          "cubes": [
            {
              "origin": [
                -3.6,
                11.4,
                6
              ],
              "size": [
                7.2,
                7.2,
                2
              ],
              "pivot": [
                0,
                -3,
                0
              ],
              "rotation": [
                2.5,
                0,
                0
              ],
              "uv": [
                28,
                0
              ]
            },
            {
              "origin": [
                0,
                11.4,
                6
              ],
              "size": [
                0,
                7.2,
                7
              ],
              "pivot": [
                0,
                -3,
                0
              ],
              "rotation": [
                2.5,
                0,
                0
              ],
              "uv": [
                24,
                28
              ]
            }
          ]
        },
        {
          "name": "Head",
          "parent": "bone",
          "pivot": [
            0,
            16,
            -5
          ],
          "cubes": [
            {
              "origin": [
                -3,
                13,
                -9
              ],
              "size": [
                6,
                14,
                6
              ],
              "uv": [
                0,
                20
              ]
            },
            {
              "origin": [
                -2,
                21,
                -11
              ],
              "size": [
                4,
                2,
                2
              ],
              "uv": [
                38,
                35
              ]
            },
            {
              "origin": [
                -1.7,
                22.8,
                -7.6
              ],
              "size": [
                3.4,
                2,
                2
              ],
              "pivot": [
                0,
                0,
                0
              ],
              "rotation": [
                12.5,
                0,
                0
              ],
              "uv": [
                38,
                39
              ]
            },
            {
              "origin": [
                -1.3,
                23.9,
                -2.9
              ],
              "size": [
                2.6,
                2,
                2
              ],
              "pivot": [
                0,
                0,
                0
              ],
              "rotation": [
                27.5,
                0,
                0
              ],
              "uv": [
                24,
                24
              ]
            }
          ]
        },
        {
          "name": "bone9",
          "parent": "Head",
          "pivot": [
            -2,
            24,
            -9
          ],
          "rotation": [
            0,
            2.5,
            0
          ],
          "cubes": [
            {
              "origin": [
                -2.70661,
                23.2,
                -9.66523
              ],
              "size": [
                2.2,
                2.2,
                2
              ],
              "uv": [
                8,
                40
              ]
            },
            {
              "origin": [
                -2.50661,
                23.4,
                -9.76523
              ],
              "size": [
                1.8,
                1.8,
                1
              ],
              "uv": [
                4,
                10
              ]
            }
          ]
        },
        {
          "name": "bone7",
          "parent": "Head",
          "pivot": [
            0,
            27,
            -6
          ],
          "cubes": [
            {
              "origin": [
                9.4,
                24,
                -10.3
              ],
              "size": [
                1,
                3,
                1
              ],
              "pivot": [
                0,
                -3,
                -0.3
              ],
              "rotation": [
                -10,
                5,
                -20
              ],
              "uv": [
                44,
                30
              ]
            },
            {
              "origin": [
                -10.4,
                24,
                -10.3
              ],
              "size": [
                1,
                3,
                1
              ],
              "pivot": [
                0,
                -3,
                -0.3
              ],
              "rotation": [
                -10,
                -5,
                20
              ],
              "uv": [
                44,
                26
              ]
            },
            {
              "origin": [
                -0.5,
                25,
                -10.3
              ],
              "size": [
                1,
                4,
                1
              ],
              "pivot": [
                0,
                -3,
                -0.3
              ],
              "rotation": [
                -7.5,
                0,
                0
              ],
              "uv": [
                12,
                44
              ]
            }
          ]
        },
        {
          "name": "bone4",
          "parent": "Head",
          "pivot": [
            0,
            21,
            -9
          ],
          "rotation": [
            20,
            0,
            0
          ],
          "cubes": [
            {
              "origin": [
                -1.6,
                20,
                -12
              ],
              "size": [
                3.2,
                1,
                3
              ],
              "uv": [
                18,
                20
              ]
            }
          ]
        },
        {
          "name": "bone10",
          "parent": "Head",
          "pivot": [
            2,
            24,
            -9
          ],
          "rotation": [
            0,
            -2.5,
            0
          ],
          "cubes": [
            {
              "origin": [
                0.50661,
                23.2,
                -9.66523
              ],
              "size": [
                2.2,
                2.2,
                2
              ],
              "uv": [
                0,
                40
              ]
            },
            {
              "origin": [
                0.70661,
                23.4,
                -9.76523
              ],
              "size": [
                1.8,
                1.8,
                1
              ],
              "uv": [
                0,
                10
              ]
            }
          ]
        },
        {
          "name": "bone12",
          "parent": "bone",
          "pivot": [
            4.3,
            15,
            -4
          ],
          "cubes": [
            {
              "origin": [
                4.3,
                12.7,
                4
              ],
              "size": [
                1,
                4.6,
                1
              ],
              "uv": [
                0,
                20
              ]
            },
            {
              "origin": [
                4.3,
                12,
                -5
              ],
              "size": [
                1,
                6,
                9
              ],
              "uv": [
                24,
                20
              ]
            }
          ]
        }
      ]
    }
  ]
}