{
  "format_version": "1.12.0",
  "minecraft:geometry": [
    {
      "description": {
        "identifier": "geometry.jp_tamata_pult_bullet",
        "texture_width": 32,
        "texture_height": 32,
        "visible_bounds_width": 4,
        "visible_bounds_height": 4,
        "visible_bounds_offset": [
          0,
          1,
          0
        ]
      },
      "bones": [
        {
          "name": "1",
          "pivot": [
            -0.5,
            3,
            0
          ],
          "rotation": [
            -45,
            0,
            0
          ],
          "cubes": [
            {
              "origin": [
                -3.5,
                0,
                -4
              ],
              "size": [
                7.1,
                7,
                7
              ],
              "pivot": [
                -0.5,
                3,
                0
              ],
              "rotation": [
                45,
                0,
                0
              ],
              "uv": {
                "north": {
                  "uv": [
                    0,
                    0
                  ],
                  "uv_size": [
                    7,
                    7
                  ]
                },
                "east": {
                  "uv": [
                    0,
                    7
                  ],
                  "uv_size": [
                    7,
                    7
                  ]
                },
                "south": {
                  "uv": [
                    7,
                    0
                  ],
                  "uv_size": [
                    7,
                    7
                  ]
                },
                "west": {
                  "uv": [
                    7,
                    7
                  ],
                  "uv_size": [
                    7,
                    7
                  ]
                },
                "up": {
                  "uv": [
                    0,
                    14
                  ],
                  "uv_size": [
                    7,
                    7
                  ]
                },
                "down": {
                  "uv": [
                    14,
                    7
                  ],
                  "uv_size": [
                    7,
                    -7
                  ]
                }
              }
            }
          ]
        }
      ]
    }
  ]
}