{
  "format_version": "1.12.0",
  "minecraft:geometry": [
    {
      "description": {
        "identifier": "geometry.jp_tamataki_chamataci",
        "texture_width": 128,
        "texture_height": 128,
        "visible_bounds_width": 8,
        "visible_bounds_height": 5,
        "visible_bounds_offset": [
          0,
          1.5,
          0
        ]
      },
      "bones": [
        {
          "name": "Root",
          "pivot": [
            0,
            0,
            0
          ]
        },
        {
          "name": "Body",
          "parent": "Root",
          "pivot": [
            0,
            15,
            0
          ],
          "cubes": [
            {
              "origin": [
                -7,
                6,
                -1
              ],
              "size": [
                14,
                8,
                21
              ],
              "uv": [
                0,
                32
              ]
            },
            {
              "origin": [
                -2,
                9.75685,
                19.30369
              ],
              "size": [
                4,
                4,
                12.5
              ],
              "pivot": [
                0,
                8.4,
                23.2
              ],
              "rotation": [
                3,
                0,
                0
              ],
              "uv": [
                32,
                61
              ]
            },
            {
              "origin": [
                -2,
                10.30889,
                32.51702
              ],
              "size": [
                4,
                4,
                12.5
              ],
              "pivot": [
                0,
                8.4,
                32.2
              ],
              "rotation": [
                20.5,
                0,
                0
              ],
              "uv": [
                0,
                61
              ]
            },
            {
              "origin": [
                -2,
                14.27035,
                45.21955
              ],
              "size": [
                4,
                4,
                10.5
              ],
              "pivot": [
                0,
                11.4,
                43.2
              ],
              "rotation": [
                30.5,
                0,
                0
              ],
              "uv": [
                0,
                77
              ]
            },
            {
              "origin": [
                -2,
                4.37035,
                54.21955
              ],
              "size": [
                4,
                4,
                10.5
              ],
              "pivot": [
                0,
                11.4,
                43.2
              ],
              "rotation": [
                74.5,
                0,
                0
              ],
              "uv": [
                0,
                77
              ]
            },
            {
              "origin": [
                -2,
                -18.52965,
                36.91955
              ],
              "size": [
                4,
                4,
                10.5
              ],
              "pivot": [
                0,
                11.4,
                43.2
              ],
              "rotation": [
                178.5,
                0,
                0
              ],
              "uv": [
                0,
                77
              ]
            },
            {
              "origin": [
                -2,
                -7.92965,
                54.81955
              ],
              "size": [
                4,
                4,
                10.5
              ],
              "pivot": [
                0,
                11.4,
                43.2
              ],
              "rotation": [
                115.5,
                0,
                0
              ],
              "uv": [
                0,
                77
              ]
            },
            {
              "origin": [
                -2,
                20.87035,
                72.61955
              ],
              "size": [
                4,
                4,
                10.3
              ],
              "pivot": [
                0,
                40.2,
                61
              ],
              "rotation": [
                -122.5,
                0,
                0
              ],
              "uv": [
                0,
                77
              ]
            },
            {
              "origin": [
                -2,
                12.47035,
                50.61955
              ],
              "size": [
                4,
                4,
                10.3
              ],
              "pivot": [
                0,
                40.2,
                61
              ],
              "rotation": [
                -51.5,
                0,
                0
              ],
              "uv": [
                0,
                77
              ]
            },
            {
              "origin": [
                -2,
                31.57035,
                35.61955
              ],
              "size": [
                4,
                4,
                9.5
              ],
              "pivot": [
                0,
                40.2,
                61
              ],
              "rotation": [
                22,
                0,
                0
              ],
              "uv": [
                28,
                77
              ]
            }
          ]
        },
        {
          "name": "bone2",
          "parent": "Body",
          "pivot": [
            0,
            20,
            0
          ],
          "cubes": [
            {
              "origin": [
                -9,
                14,
                -2
              ],
              "size": [
                16,
                9,
                23
              ],
              "uv": [
                0,
                0
              ]
            },
            {
              "origin": [
                -10,
                13,
                -3
              ],
              "size": [
                18,
                1,
                25
              ],
              "uv": [
                0,
                102
              ]
            }
          ]
        },
        {
          "name": "RightArm",
          "parent": "bone2",
          "pivot": [
            -5,
            6,
            2
          ],
          "rotation": [
            0,
            0,
            2.5
          ],
          "cubes": [
            {
              "origin": [
                -6.1341,
                -0.02475,
                0
              ],
              "size": [
                4,
                7,
                4
              ],
              "pivot": [
                -0.95867,
                -0.06456,
                0
              ],
              "rotation": [
                0,
                0,
                -2.5
              ],
              "uv": [
                20,
                61
              ]
            }
          ]
        },
        {
          "name": "bone4",
          "parent": "RightArm",
          "pivot": [
            -8.1341,
            20.97525,
            0
          ]
        },
        {
          "name": "bone5",
          "parent": "bone4",
          "pivot": [
            -8.1341,
            14.97525,
            0
          ]
        },
        {
          "name": "bone6",
          "parent": "bone5",
          "pivot": [
            -8.1341,
            5.97525,
            0
          ]
        },
        {
          "name": "bone7",
          "parent": "bone6",
          "pivot": [
            -8.1341,
            4.97525,
            -3
          ]
        },
        {
          "name": "LeftArm",
          "parent": "bone2",
          "pivot": [
            4,
            6,
            2
          ],
          "rotation": [
            0,
            0,
            -2.5
          ],
          "cubes": [
            {
              "origin": [
                2.13315,
                -0.06837,
                0
              ],
              "size": [
                4,
                7,
                4
              ],
              "pivot": [
                0.95867,
                -0.06456,
                0
              ],
              "rotation": [
                0,
                0,
                2.5
              ],
              "uv": [
                0,
                32
              ]
            },
            {
              "origin": [
                2.13315,
                -0.06837,
                -2
              ],
              "size": [
                2,
                1,
                3
              ],
              "pivot": [
                0.95867,
                -0.06456,
                0
              ],
              "rotation": [
                0,
                10,
                2.5
              ],
              "uv": [
                12,
                11
              ]
            },
            {
              "origin": [
                4.13315,
                -0.06837,
                -3
              ],
              "size": [
                2,
                1,
                3
              ],
              "pivot": [
                0.95867,
                -0.06456,
                0
              ],
              "rotation": [
                0,
                -7.5,
                2.5
              ],
              "uv": [
                12,
                0
              ]
            }
          ]
        },
        {
          "name": "bone9",
          "parent": "LeftArm",
          "pivot": [
            8.13315,
            20.93163,
            0
          ]
        },
        {
          "name": "bone10",
          "parent": "bone9",
          "pivot": [
            8.13315,
            14.93163,
            0
          ]
        },
        {
          "name": "bone11",
          "parent": "bone10",
          "pivot": [
            8.13315,
            5.93163,
            0
          ]
        },
        {
          "name": "bone12",
          "parent": "bone11",
          "pivot": [
            8.13315,
            4.93163,
            -3
          ]
        },
        {
          "name": "Head",
          "parent": "bone2",
          "pivot": [
            -4,
            9,
            0
          ],
          "rotation": [
            0,
            17.5,
            0
          ],
          "cubes": [
            {
              "origin": [
                -6.18513,
                7,
                -12.09718
              ],
              "size": [
                4,
                4,
                12.6
              ],
              "uv": [
                58,
                49
              ]
            },
            {
              "origin": [
                -8.18513,
                5,
                -15.79718
              ],
              "size": [
                8,
                10,
                6
              ],
              "uv": [
                75,
                26
              ]
            }
          ]
        },
        {
          "name": "bone14",
          "parent": "Head",
          "pivot": [
            -0.18513,
            34,
            -3.79718
          ]
        },
        {
          "name": "bone8",
          "parent": "Head",
          "pivot": [
            -3.18513,
            38,
            -3.79718
          ],
          "rotation": [
            0,
            5,
            0
          ]
        },
        {
          "name": "bone13",
          "parent": "Head",
          "pivot": [
            2.81487,
            38,
            -3.79718
          ],
          "rotation": [
            0,
            -5,
            0
          ]
        },
        {
          "name": "LeftLeg",
          "parent": "Root",
          "pivot": [
            4,
            6,
            17
          ],
          "rotation": [
            0,
            -2.5,
            -2.5
          ],
          "cubes": [
            {
              "origin": [
                1.39411,
                0.03506,
                15.02645
              ],
              "size": [
                4,
                7,
                4
              ],
              "pivot": [
                0.30695,
                0.03696,
                0.03026
              ],
              "rotation": [
                0,
                2.5,
                2.5
              ],
              "uv": [
                0,
                11
              ]
            }
          ]
        },
        {
          "name": "bone3",
          "parent": "LeftLeg",
          "pivot": [
            3.39411,
            6.03506,
            17.02645
          ]
        },
        {
          "name": "RightLeg",
          "parent": "Root",
          "pivot": [
            -4,
            6,
            17
          ],
          "rotation": [
            0,
            2.5,
            2.5
          ],
          "cubes": [
            {
              "origin": [
                -5.39411,
                0.03506,
                15.02645
              ],
              "size": [
                4,
                7,
                4
              ],
              "pivot": [
                -0.30695,
                0.03696,
                0.03026
              ],
              "rotation": [
                0,
                -2.5,
                -2.5
              ],
              "uv": [
                0,
                0
              ]
            },
            {
              "origin": [
                -7.39411,
                0.03506,
                12.52645
              ],
              "size": [
                2,
                0.6,
                2
              ],
              "pivot": [
                -0.30695,
                0.03696,
                0.03026
              ],
              "rotation": [
                0,
                5,
                -2.5
              ],
              "uv": [
                14,
                6
              ]
            },
            {
              "origin": [
                -0.79411,
                0.03506,
                13.32645
              ],
              "size": [
                2,
                0.6,
                2
              ],
              "pivot": [
                -0.30695,
                0.03696,
                0.03026
              ],
              "rotation": [
                0,
                -12.5,
                -2.5
              ],
              "uv": [
                14,
                4
              ]
            }
          ]
        },
        {
          "name": "bone",
          "parent": "RightLeg",
          "pivot": [
            -3.39411,
            6.03506,
            17.02645
          ]
        },
        {
          "name": "Head2",
          "parent": "Root",
          "pivot": [
            5,
            9,
            -1
          ],
          "rotation": [
            0,
            -15,
            0
          ],
          "cubes": [
            {
              "origin": [
                2.41542,
                7,
                -13.14461
              ],
              "size": [
                4,
                4,
                12.6
              ],
              "uv": [
                55,
                0
              ]
            },
            {
              "origin": [
                0.41542,
                6,
                -20.84461
              ],
              "size": [
                8,
                7,
                10
              ],
              "uv": [
                49,
                32
              ]
            },
            {
              "origin": [
                2.41542,
                19,
                -31.84461
              ],
              "size": [
                4,
                1,
                5
              ],
              "pivot": [
                8.41542,
                27,
                0.15539
              ],
              "rotation": [
                27.5,
                0,
                0
              ],
              "uv": [
                0,
                43
              ]
            },
            {
              "origin": [
                -1.58458,
                9,
                -16.84461
              ],
              "size": [
                12,
                3,
                3
              ],
              "uv": [
                55,
                16
              ]
            },
            {
              "origin": [
                1.41542,
                22,
                -24.84461
              ],
              "size": [
                6,
                3,
                10
              ],
              "pivot": [
                8.41542,
                27,
                0.15539
              ],
              "rotation": [
                35,
                0,
                0
              ],
              "uv": [
                64,
                65
              ]
            }
          ]
        },
        {
          "name": "bone15",
          "parent": "Head2",
          "pivot": [
            8.41542,
            34,
            -4.84461
          ]
        },
        {
          "name": "bone16",
          "parent": "Head2",
          "pivot": [
            5.41542,
            38,
            -4.84461
          ],
          "rotation": [
            0,
            5,
            0
          ]
        },
        {
          "name": "bone17",
          "parent": "Head2",
          "pivot": [
            11.41542,
            38,
            -4.84461
          ],
          "rotation": [
            0,
            -5,
            0
          ]
        }
      ]
    }
  ]
}