{
  "format_version": "1.12.0",
  "minecraft:geometry": [
    {
      "description": {
        "identifier": "geometry.jp_zophius",
        "texture_width": 128,
        "texture_height": 128,
        "visible_bounds_width": 3,
        "visible_bounds_height": 5.5,
        "visible_bounds_offset": [
          0,
          2.25,
          0
        ]
      },
      "bones": [
        {
          "name": "Body",
          "pivot": [
            0,
            0,
            0
          ],
          "rotation": [
            0,
            90,
            0
          ],
          "cubes": [
            {
              "origin": [
                -4.6,
                0,
                -4
              ],
              "size": [
                8,
                9,
                8
              ],
              "uv": [
                0,
                29
              ]
            }
          ]
        },
        {
          "name": "bone",
          "parent": "Body",
          "pivot": [
            0,
            15,
            0
          ],
          "rotation": [
            2.5,
            0,
            0
          ],
          "cubes": [
            {
              "origin": [
                -3.7,
                9,
                -3
              ],
              "size": [
                6,
                16,
                6
              ],
              "pivot": [
                0,
                15,
                0
              ],
              "rotation": [
                -2.49762,
                -0.10901,
                -2.49762
              ],
              "uv": [
                32,
                29
              ]
            }
          ]
        },
        {
          "name": "bone2",
          "parent": "Body",
          "pivot": [
            0,
            38,
            0
          ],
          "rotation": [
            15,
            0,
            0
          ],
          "cubes": [
            {
              "origin": [
                -2.5,
                21,
                -2
              ],
              "size": [
                4,
                16,
                4
              ],
              "pivot": [
                0,
                38,
                0
              ],
              "rotation": [
                -14.98637,
                0.64686,
                2.41492
              ],
              "uv": [
                0,
                46
              ]
            }
          ]
        },
        {
          "name": "Head",
          "parent": "Body",
          "pivot": [
            0,
            50,
            -3
          ],
          "cubes": [
            {
              "origin": [
                0,
                35,
                -7
              ],
              "size": [
                9,
                15,
                14
              ],
              "pivot": [
                0,
                50,
                -3
              ],
              "rotation": [
                0,
                0,
                7.5
              ],
              "uv": [
                0,
                0
              ]
            }
          ]
        }
      ]
    }
  ]
}