{
  "format_version": "1.12.0",
  "minecraft:geometry": [
    {
      "description": {
        "identifier": "geometry.yk_boton",
        "texture_width": 64,
        "texture_height": 64,
        "visible_bounds_width": 4,
        "visible_bounds_height": 3,
        "visible_bounds_offset": [
          0,
          0.5,
          0
        ]
      },
      "bones": [
        {
          "name": "Ladpared",
          "pivot": [
            -7,
            0,
            0
          ],
          "cubes": [
            {
              "origin": [
                -7,
                1,
                -8
              ],
              "size": [
                14,
                14,
                1
              ],
              "uv": {
                "north": {
                  "uv": [
                    0,
                    0
                  ],
                  "uv_size": [
                    14,
                    14
                  ]
                },
                "east": {
                  "uv": [
                    22,
                    8
                  ],
                  "uv_size": [
                    1,
                    14
                  ]
                },
                "south": {
                  "uv": [
                    0,
                    14
                  ],
                  "uv_size": [
                    14,
                    14
                  ]
                },
                "west": {
                  "uv": [
                    22,
                    22
                  ],
                  "uv_size": [
                    1,
                    14
                  ]
                },
                "up": {
                  "uv": [
                    23,
                    8
                  ],
                  "uv_size": [
                    14,
                    1
                  ]
                },
                "down": {
                  "uv": [
                    23,
                    10
                  ],
                  "uv_size": [
                    14,
                    -1
                  ]
                }
              }
            },
            {
              "origin": [
                6,
                1,
                -7
              ],
              "size": [
                1,
                14,
                1
              ],
              "uv": {
                "north": {
                  "uv": [
                    23,
                    10
                  ],
                  "uv_size": [
                    1,
                    14
                  ]
                },
                "east": {
                  "uv": [
                    24,
                    10
                  ],
                  "uv_size": [
                    1,
                    14
                  ]
                },
                "south": {
                  "uv": [
                    18,
                    24
                  ],
                  "uv_size": [
                    1,
                    14
                  ]
                },
                "west": {
                  "uv": [
                    19,
                    24
                  ],
                  "uv_size": [
                    1,
                    14
                  ]
                },
                "up": {
                  "uv": [
                    0,
                    36
                  ],
                  "uv_size": [
                    1,
                    1
                  ]
                },
                "down": {
                  "uv": [
                    11,
                    37
                  ],
                  "uv_size": [
                    1,
                    -1
                  ]
                }
              }
            },
            {
              "origin": [
                -7,
                1,
                -7
              ],
              "size": [
                1,
                14,
                1
              ],
              "uv": {
                "north": {
                  "uv": [
                    20,
                    24
                  ],
                  "uv_size": [
                    1,
                    14
                  ]
                },
                "east": {
                  "uv": [
                    21,
                    24
                  ],
                  "uv_size": [
                    1,
                    14
                  ]
                },
                "south": {
                  "uv": [
                    23,
                    24
                  ],
                  "uv_size": [
                    1,
                    14
                  ]
                },
                "west": {
                  "uv": [
                    24,
                    24
                  ],
                  "uv_size": [
                    1,
                    14
                  ]
                },
                "up": {
                  "uv": [
                    12,
                    36
                  ],
                  "uv_size": [
                    1,
                    1
                  ]
                },
                "down": {
                  "uv": [
                    13,
                    37
                  ],
                  "uv_size": [
                    1,
                    -1
                  ]
                }
              }
            },
            {
              "origin": [
                -7,
                1,
                -7
              ],
              "size": [
                14,
                1,
                1
              ],
              "uv": {
                "north": {
                  "uv": [
                    25,
                    10
                  ],
                  "uv_size": [
                    14,
                    1
                  ]
                },
                "east": {
                  "uv": [
                    14,
                    36
                  ],
                  "uv_size": [
                    1,
                    1
                  ]
                },
                "south": {
                  "uv": [
                    25,
                    11
                  ],
                  "uv_size": [
                    14,
                    1
                  ]
                },
                "west": {
                  "uv": [
                    15,
                    36
                  ],
                  "uv_size": [
                    1,
                    1
                  ]
                },
                "up": {
                  "uv": [
                    25,
                    12
                  ],
                  "uv_size": [
                    14,
                    1
                  ]
                },
                "down": {
                  "uv": [
                    25,
                    14
                  ],
                  "uv_size": [
                    14,
                    -1
                  ]
                }
              }
            },
            {
              "origin": [
                -7,
                14,
                -7
              ],
              "size": [
                14,
                1,
                1
              ],
              "uv": {
                "north": {
                  "uv": [
                    25,
                    14
                  ],
                  "uv_size": [
                    14,
                    1
                  ]
                },
                "east": {
                  "uv": [
                    16,
                    36
                  ],
                  "uv_size": [
                    1,
                    1
                  ]
                },
                "south": {
                  "uv": [
                    25,
                    15
                  ],
                  "uv_size": [
                    14,
                    1
                  ]
                },
                "west": {
                  "uv": [
                    17,
                    36
                  ],
                  "uv_size": [
                    1,
                    1
                  ]
                },
                "up": {
                  "uv": [
                    25,
                    16
                  ],
                  "uv_size": [
                    14,
                    1
                  ]
                },
                "down": {
                  "uv": [
                    25,
                    18
                  ],
                  "uv_size": [
                    14,
                    -1
                  ]
                }
              }
            },
            {
              "origin": [
                -2,
                6,
                -7
              ],
              "size": [
                4,
                4,
                1
              ],
              "uv": {
                "north": {
                  "uv": [
                    22,
                    0
                  ],
                  "uv_size": [
                    4,
                    4
                  ]
                },
                "east": {
                  "uv": [
                    29,
                    33
                  ],
                  "uv_size": [
                    1,
                    4
                  ]
                },
                "south": {
                  "uv": [
                    22,
                    4
                  ],
                  "uv_size": [
                    4,
                    4
                  ]
                },
                "west": {
                  "uv": [
                    30,
                    33
                  ],
                  "uv_size": [
                    1,
                    4
                  ]
                },
                "up": {
                  "uv": [
                    33,
                    27
                  ],
                  "uv_size": [
                    4,
                    1
                  ]
                },
                "down": {
                  "uv": [
                    33,
                    29
                  ],
                  "uv_size": [
                    4,
                    -1
                  ]
                }
              }
            }
          ]
        },
        {
          "name": "Boton",
          "parent": "Ladpared",
          "pivot": [
            0,
            8,
            -5.95
          ],
          "cubes": [
            {
              "origin": [
                3,
                6,
                -5
              ],
              "size": [
                2,
                4,
                1
              ],
              "uv": {
                "north": {
                  "uv": [
                    28,
                    4
                  ],
                  "uv_size": [
                    2,
                    4
                  ]
                },
                "east": {
                  "uv": [
                    10,
                    32
                  ],
                  "uv_size": [
                    1,
                    4
                  ]
                },
                "south": {
                  "uv": [
                    10,
                    28
                  ],
                  "uv_size": [
                    2,
                    4
                  ]
                },
                "west": {
                  "uv": [
                    11,
                    32
                  ],
                  "uv_size": [
                    1,
                    4
                  ]
                },
                "up": {
                  "uv": [
                    36,
                    2
                  ],
                  "uv_size": [
                    2,
                    1
                  ]
                },
                "down": {
                  "uv": [
                    3,
                    37
                  ],
                  "uv_size": [
                    2,
                    -1
                  ]
                }
              }
            },
            {
              "origin": [
                4,
                6,
                -6
              ],
              "size": [
                2,
                4,
                1
              ],
              "uv": {
                "north": {
                  "uv": [
                    26,
                    4
                  ],
                  "uv_size": [
                    2,
                    4
                  ]
                },
                "east": {
                  "uv": [
                    6,
                    30
                  ],
                  "uv_size": [
                    1,
                    4
                  ]
                },
                "south": {
                  "uv": [
                    27,
                    18
                  ],
                  "uv_size": [
                    2,
                    4
                  ]
                },
                "west": {
                  "uv": [
                    7,
                    30
                  ],
                  "uv_size": [
                    1,
                    4
                  ]
                },
                "up": {
                  "uv": [
                    34,
                    3
                  ],
                  "uv_size": [
                    2,
                    1
                  ]
                },
                "down": {
                  "uv": [
                    4,
                    35
                  ],
                  "uv_size": [
                    2,
                    -1
                  ]
                }
              }
            },
            {
              "origin": [
                2,
                6,
                -4
              ],
              "size": [
                2,
                4,
                1
              ],
              "uv": {
                "north": {
                  "uv": [
                    29,
                    18
                  ],
                  "uv_size": [
                    2,
                    4
                  ]
                },
                "east": {
                  "uv": [
                    16,
                    32
                  ],
                  "uv_size": [
                    1,
                    4
                  ]
                },
                "south": {
                  "uv": [
                    29,
                    22
                  ],
                  "uv_size": [
                    2,
                    4
                  ]
                },
                "west": {
                  "uv": [
                    17,
                    32
                  ],
                  "uv_size": [
                    1,
                    4
                  ]
                },
                "up": {
                  "uv": [
                    36,
                    6
                  ],
                  "uv_size": [
                    2,
                    1
                  ]
                },
                "down": {
                  "uv": [
                    7,
                    37
                  ],
                  "uv_size": [
                    2,
                    -1
                  ]
                }
              }
            },
            {
              "origin": [
                3,
                10,
                -6
              ],
              "size": [
                2,
                2,
                1
              ],
              "uv": {
                "north": {
                  "uv": [
                    30,
                    0
                  ],
                  "uv_size": [
                    2,
                    2
                  ]
                },
                "east": {
                  "uv": [
                    31,
                    33
                  ],
                  "uv_size": [
                    1,
                    2
                  ]
                },
                "south": {
                  "uv": [
                    2,
                    30
                  ],
                  "uv_size": [
                    2,
                    2
                  ]
                },
                "west": {
                  "uv": [
                    32,
                    33
                  ],
                  "uv_size": [
                    1,
                    2
                  ]
                },
                "up": {
                  "uv": [
                    33,
                    29
                  ],
                  "uv_size": [
                    2,
                    1
                  ]
                },
                "down": {
                  "uv": [
                    33,
                    33
                  ],
                  "uv_size": [
                    2,
                    -1
                  ]
                }
              }
            },
            {
              "origin": [
                2,
                11,
                -6
              ],
              "size": [
                2,
                2,
                1
              ],
              "uv": {
                "north": {
                  "uv": [
                    30,
                    2
                  ],
                  "uv_size": [
                    2,
                    2
                  ]
                },
                "east": {
                  "uv": [
                    33,
                    33
                  ],
                  "uv_size": [
                    1,
                    2
                  ]
                },
                "south": {
                  "uv": [
                    4,
                    30
                  ],
                  "uv_size": [
                    2,
                    2
                  ]
                },
                "west": {
                  "uv": [
                    0,
                    34
                  ],
                  "uv_size": [
                    1,
                    2
                  ]
                },
                "up": {
                  "uv": [
                    34,
                    0
                  ],
                  "uv_size": [
                    2,
                    1
                  ]
                },
                "down": {
                  "uv": [
                    1,
                    35
                  ],
                  "uv_size": [
                    2,
                    -1
                  ]
                }
              }
            },
            {
              "origin": [
                -2,
                12,
                -6
              ],
              "size": [
                4,
                2,
                1
              ],
              "uv": {
                "north": {
                  "uv": [
                    26,
                    0
                  ],
                  "uv_size": [
                    4,
                    2
                  ]
                },
                "east": {
                  "uv": [
                    34,
                    1
                  ],
                  "uv_size": [
                    1,
                    2
                  ]
                },
                "south": {
                  "uv": [
                    26,
                    2
                  ],
                  "uv_size": [
                    4,
                    2
                  ]
                },
                "west": {
                  "uv": [
                    3,
                    34
                  ],
                  "uv_size": [
                    1,
                    2
                  ]
                },
                "up": {
                  "uv": [
                    30,
                    4
                  ],
                  "uv_size": [
                    4,
                    1
                  ]
                },
                "down": {
                  "uv": [
                    30,
                    6
                  ],
                  "uv_size": [
                    4,
                    -1
                  ]
                }
              }
            },
            {
              "origin": [
                -2,
                4,
                -4
              ],
              "size": [
                4,
                8,
                1
              ],
              "uv": {
                "north": {
                  "uv": [
                    18,
                    0
                  ],
                  "uv_size": [
                    4,
                    8
                  ]
                },
                "east": {
                  "uv": [
                    25,
                    28
                  ],
                  "uv_size": [
                    1,
                    8
                  ]
                },
                "south": {
                  "uv": [
                    18,
                    8
                  ],
                  "uv_size": [
                    4,
                    8
                  ]
                },
                "west": {
                  "uv": [
                    26,
                    28
                  ],
                  "uv_size": [
                    1,
                    8
                  ]
                },
                "up": {
                  "uv": [
                    29,
                    32
                  ],
                  "uv_size": [
                    4,
                    1
                  ]
                },
                "down": {
                  "uv": [
                    33,
                    19
                  ],
                  "uv_size": [
                    4,
                    -1
                  ]
                }
              }
            },
            {
              "origin": [
                -2,
                3,
                -5
              ],
              "size": [
                4,
                10,
                1
              ],
              "uv": {
                "north": {
                  "uv": [
                    14,
                    0
                  ],
                  "uv_size": [
                    4,
                    10
                  ]
                },
                "east": {
                  "uv": [
                    25,
                    18
                  ],
                  "uv_size": [
                    1,
                    10
                  ]
                },
                "south": {
                  "uv": [
                    14,
                    10
                  ],
                  "uv_size": [
                    4,
                    10
                  ]
                },
                "west": {
                  "uv": [
                    26,
                    18
                  ],
                  "uv_size": [
                    1,
                    10
                  ]
                },
                "up": {
                  "uv": [
                    32,
                    6
                  ],
                  "uv_size": [
                    4,
                    1
                  ]
                },
                "down": {
                  "uv": [
                    32,
                    8
                  ],
                  "uv_size": [
                    4,
                    -1
                  ]
                }
              }
            },
            {
              "origin": [
                3,
                4,
                -6
              ],
              "size": [
                2,
                2,
                1
              ],
              "uv": {
                "north": {
                  "uv": [
                    31,
                    22
                  ],
                  "uv_size": [
                    2,
                    2
                  ]
                },
                "east": {
                  "uv": [
                    27,
                    34
                  ],
                  "uv_size": [
                    1,
                    2
                  ]
                },
                "south": {
                  "uv": [
                    31,
                    24
                  ],
                  "uv_size": [
                    2,
                    2
                  ]
                },
                "west": {
                  "uv": [
                    28,
                    34
                  ],
                  "uv_size": [
                    1,
                    2
                  ]
                },
                "up": {
                  "uv": [
                    34,
                    33
                  ],
                  "uv_size": [
                    2,
                    1
                  ]
                },
                "down": {
                  "uv": [
                    34,
                    35
                  ],
                  "uv_size": [
                    2,
                    -1
                  ]
                }
              }
            },
            {
              "origin": [
                2,
                4,
                -5
              ],
              "size": [
                2,
                8,
                1
              ],
              "uv": {
                "north": {
                  "uv": [
                    18,
                    16
                  ],
                  "uv_size": [
                    2,
                    8
                  ]
                },
                "east": {
                  "uv": [
                    8,
                    28
                  ],
                  "uv_size": [
                    1,
                    8
                  ]
                },
                "south": {
                  "uv": [
                    14,
                    20
                  ],
                  "uv_size": [
                    2,
                    8
                  ]
                },
                "west": {
                  "uv": [
                    9,
                    28
                  ],
                  "uv_size": [
                    1,
                    8
                  ]
                },
                "up": {
                  "uv": [
                    36,
                    0
                  ],
                  "uv_size": [
                    2,
                    1
                  ]
                },
                "down": {
                  "uv": [
                    36,
                    2
                  ],
                  "uv_size": [
                    2,
                    -1
                  ]
                }
              }
            },
            {
              "origin": [
                2,
                3,
                -6
              ],
              "size": [
                2,
                2,
                1
              ],
              "uv": {
                "north": {
                  "uv": [
                    32,
                    2
                  ],
                  "uv_size": [
                    2,
                    2
                  ]
                },
                "east": {
                  "uv": [
                    32,
                    35
                  ],
                  "uv_size": [
                    1,
                    2
                  ]
                },
                "south": {
                  "uv": [
                    4,
                    32
                  ],
                  "uv_size": [
                    2,
                    2
                  ]
                },
                "west": {
                  "uv": [
                    33,
                    35
                  ],
                  "uv_size": [
                    1,
                    2
                  ]
                },
                "up": {
                  "uv": [
                    35,
                    32
                  ],
                  "uv_size": [
                    2,
                    1
                  ]
                },
                "down": {
                  "uv": [
                    34,
                    36
                  ],
                  "uv_size": [
                    2,
                    -1
                  ]
                }
              }
            },
            {
              "origin": [
                -2,
                2,
                -6
              ],
              "size": [
                4,
                2,
                1
              ],
              "uv": {
                "north": {
                  "uv": [
                    0,
                    28
                  ],
                  "uv_size": [
                    4,
                    2
                  ]
                },
                "east": {
                  "uv": [
                    2,
                    35
                  ],
                  "uv_size": [
                    1,
                    2
                  ]
                },
                "south": {
                  "uv": [
                    4,
                    28
                  ],
                  "uv_size": [
                    4,
                    2
                  ]
                },
                "west": {
                  "uv": [
                    35,
                    22
                  ],
                  "uv_size": [
                    1,
                    2
                  ]
                },
                "up": {
                  "uv": [
                    31,
                    30
                  ],
                  "uv_size": [
                    4,
                    1
                  ]
                },
                "down": {
                  "uv": [
                    31,
                    32
                  ],
                  "uv_size": [
                    4,
                    -1
                  ]
                }
              }
            },
            {
              "origin": [
                -4,
                3,
                -6
              ],
              "size": [
                2,
                2,
                1
              ],
              "uv": {
                "north": {
                  "uv": [
                    32,
                    0
                  ],
                  "uv_size": [
                    2,
                    2
                  ]
                },
                "east": {
                  "uv": [
                    35,
                    29
                  ],
                  "uv_size": [
                    1,
                    2
                  ]
                },
                "south": {
                  "uv": [
                    2,
                    32
                  ],
                  "uv_size": [
                    2,
                    2
                  ]
                },
                "west": {
                  "uv": [
                    31,
                    35
                  ],
                  "uv_size": [
                    1,
                    2
                  ]
                },
                "up": {
                  "uv": [
                    35,
                    24
                  ],
                  "uv_size": [
                    2,
                    1
                  ]
                },
                "down": {
                  "uv": [
                    35,
                    32
                  ],
                  "uv_size": [
                    2,
                    -1
                  ]
                }
              }
            },
            {
              "origin": [
                -6,
                6,
                -6
              ],
              "size": [
                2,
                4,
                1
              ],
              "uv": {
                "north": {
                  "uv": [
                    27,
                    22
                  ],
                  "uv_size": [
                    2,
                    4
                  ]
                },
                "east": {
                  "uv": [
                    27,
                    30
                  ],
                  "uv_size": [
                    1,
                    4
                  ]
                },
                "south": {
                  "uv": [
                    27,
                    26
                  ],
                  "uv_size": [
                    2,
                    4
                  ]
                },
                "west": {
                  "uv": [
                    28,
                    30
                  ],
                  "uv_size": [
                    1,
                    4
                  ]
                },
                "up": {
                  "uv": [
                    34,
                    4
                  ],
                  "uv_size": [
                    2,
                    1
                  ]
                },
                "down": {
                  "uv": [
                    34,
                    6
                  ],
                  "uv_size": [
                    2,
                    -1
                  ]
                }
              }
            },
            {
              "origin": [
                -4,
                4,
                -5
              ],
              "size": [
                2,
                8,
                1
              ],
              "uv": {
                "north": {
                  "uv": [
                    16,
                    20
                  ],
                  "uv_size": [
                    2,
                    8
                  ]
                },
                "east": {
                  "uv": [
                    12,
                    28
                  ],
                  "uv_size": [
                    1,
                    8
                  ]
                },
                "south": {
                  "uv": [
                    20,
                    16
                  ],
                  "uv_size": [
                    2,
                    8
                  ]
                },
                "west": {
                  "uv": [
                    13,
                    28
                  ],
                  "uv_size": [
                    1,
                    8
                  ]
                },
                "up": {
                  "uv": [
                    36,
                    3
                  ],
                  "uv_size": [
                    2,
                    1
                  ]
                },
                "down": {
                  "uv": [
                    36,
                    5
                  ],
                  "uv_size": [
                    2,
                    -1
                  ]
                }
              }
            },
            {
              "origin": [
                -5,
                4,
                -6
              ],
              "size": [
                2,
                2,
                1
              ],
              "uv": {
                "north": {
                  "uv": [
                    31,
                    26
                  ],
                  "uv_size": [
                    2,
                    2
                  ]
                },
                "east": {
                  "uv": [
                    1,
                    35
                  ],
                  "uv_size": [
                    1,
                    2
                  ]
                },
                "south": {
                  "uv": [
                    31,
                    28
                  ],
                  "uv_size": [
                    2,
                    2
                  ]
                },
                "west": {
                  "uv": [
                    35,
                    1
                  ],
                  "uv_size": [
                    1,
                    2
                  ]
                },
                "up": {
                  "uv": [
                    4,
                    35
                  ],
                  "uv_size": [
                    2,
                    1
                  ]
                },
                "down": {
                  "uv": [
                    35,
                    22
                  ],
                  "uv_size": [
                    2,
                    -1
                  ]
                }
              }
            },
            {
              "origin": [
                -5,
                6,
                -5
              ],
              "size": [
                2,
                4,
                1
              ],
              "uv": {
                "north": {
                  "uv": [
                    14,
                    28
                  ],
                  "uv_size": [
                    2,
                    4
                  ]
                },
                "east": {
                  "uv": [
                    14,
                    32
                  ],
                  "uv_size": [
                    1,
                    4
                  ]
                },
                "south": {
                  "uv": [
                    16,
                    28
                  ],
                  "uv_size": [
                    2,
                    4
                  ]
                },
                "west": {
                  "uv": [
                    15,
                    32
                  ],
                  "uv_size": [
                    1,
                    4
                  ]
                },
                "up": {
                  "uv": [
                    5,
                    36
                  ],
                  "uv_size": [
                    2,
                    1
                  ]
                },
                "down": {
                  "uv": [
                    36,
                    6
                  ],
                  "uv_size": [
                    2,
                    -1
                  ]
                }
              }
            },
            {
              "origin": [
                -4,
                6,
                -4
              ],
              "size": [
                2,
                4,
                1
              ],
              "uv": {
                "north": {
                  "uv": [
                    29,
                    26
                  ],
                  "uv_size": [
                    2,
                    4
                  ]
                },
                "east": {
                  "uv": [
                    33,
                    19
                  ],
                  "uv_size": [
                    1,
                    4
                  ]
                },
                "south": {
                  "uv": [
                    0,
                    30
                  ],
                  "uv_size": [
                    2,
                    4
                  ]
                },
                "west": {
                  "uv": [
                    33,
                    23
                  ],
                  "uv_size": [
                    1,
                    4
                  ]
                },
                "up": {
                  "uv": [
                    36,
                    7
                  ],
                  "uv_size": [
                    2,
                    1
                  ]
                },
                "down": {
                  "uv": [
                    9,
                    37
                  ],
                  "uv_size": [
                    2,
                    -1
                  ]
                }
              }
            },
            {
              "origin": [
                -5,
                10,
                -6
              ],
              "size": [
                2,
                2,
                1
              ],
              "uv": {
                "north": {
                  "uv": [
                    30,
                    6
                  ],
                  "uv_size": [
                    2,
                    2
                  ]
                },
                "east": {
                  "uv": [
                    6,
                    34
                  ],
                  "uv_size": [
                    1,
                    2
                  ]
                },
                "south": {
                  "uv": [
                    29,
                    30
                  ],
                  "uv_size": [
                    2,
                    2
                  ]
                },
                "west": {
                  "uv": [
                    7,
                    34
                  ],
                  "uv_size": [
                    1,
                    2
                  ]
                },
                "up": {
                  "uv": [
                    34,
                    19
                  ],
                  "uv_size": [
                    2,
                    1
                  ]
                },
                "down": {
                  "uv": [
                    34,
                    21
                  ],
                  "uv_size": [
                    2,
                    -1
                  ]
                }
              }
            },
            {
              "origin": [
                -4,
                11,
                -6
              ],
              "size": [
                2,
                2,
                1
              ],
              "uv": {
                "north": {
                  "uv": [
                    31,
                    18
                  ],
                  "uv_size": [
                    2,
                    2
                  ]
                },
                "east": {
                  "uv": [
                    34,
                    21
                  ],
                  "uv_size": [
                    1,
                    2
                  ]
                },
                "south": {
                  "uv": [
                    31,
                    20
                  ],
                  "uv_size": [
                    2,
                    2
                  ]
                },
                "west": {
                  "uv": [
                    34,
                    23
                  ],
                  "uv_size": [
                    1,
                    2
                  ]
                },
                "up": {
                  "uv": [
                    34,
                    25
                  ],
                  "uv_size": [
                    2,
                    1
                  ]
                },
                "down": {
                  "uv": [
                    34,
                    27
                  ],
                  "uv_size": [
                    2,
                    -1
                  ]
                }
              }
            }
          ]
        }
      ]
    }
  ]
}