{
  "format_version": "1.12.0",
  "minecraft:geometry": [
    {
      "description": {
        "identifier": "geometry.yk_box",
        "texture_width": 128,
        "texture_height": 128,
        "visible_bounds_width": 2,
        "visible_bounds_height": 2.5,
        "visible_bounds_offset": [
          0,
          0.75,
          0
        ]
      },
      "bones": [
        {
          "name": "bone",
          "pivot": [
            0,
            0,
            0
          ],
          "cubes": [
            {
              "origin": [
                -7,
                0,
                6
              ],
              "size": [
                13,
                13,
                1
              ],
              "uv": [
                56,
                42
              ]
            },
            {
              "origin": [
                6,
                0,
                -6
              ],
              "size": [
                1,
                13,
                13
              ],
              "uv": [
                0,
                42
              ]
            },
            {
              "origin": [
                -6,
                0,
                -7
              ],
              "size": [
                13,
                13,
                1
              ],
              "uv": [
                28,
                42
              ]
            },
            {
              "origin": [
                -6,
                0,
                -6
              ],
              "size": [
                12,
                1,
                12
              ],
              "uv": [
                0,
                0
              ]
            },
            {
              "origin": [
                -7,
                13,
                -7
              ],
              "size": [
                7,
                1,
                14
              ],
              "pivot": [
                -6.5,
                13.5,
                0
              ],
              "rotation": [
                0,
                0,
                -17.5
              ],
              "uv": [
                0,
                15
              ]
            },
            {
              "origin": [
                0,
                13,
                -7
              ],
              "size": [
                7,
                1,
                14
              ],
              "pivot": [
                6.5,
                13.5,
                0
              ],
              "rotation": [
                0,
                0,
                5
              ],
              "uv": [
                48,
                0
              ]
            },
            {
              "origin": [
                -7,
                0,
                -7
              ],
              "size": [
                1,
                13,
                14
              ],
              "uv": [
                42,
                15
              ]
            }
          ]
        }
      ]
    }
  ]
}