{
  "format_version": "1.12.0",
  "minecraft:geometry": [
    {
      "description": {
        "identifier": "geometry.yk_banpos3",
        "texture_width": 64,
        "texture_height": 64,
        "visible_bounds_width": 4,
        "visible_bounds_height": 3,
        "visible_bounds_offset": [
          0,
          0.5,
          0
        ]
      },
      "bones": [
        {
          "name": "Ladpared",
          "pivot": [
            -7,
            0,
            0
          ],
          "cubes": [
            {
              "origin": [
                -8,
                0,
                -8
              ],
              "size": [
                16,
                16,
                1
              ],
              "uv": {
                "north": {
                  "uv": [
                    0,
                    39.125
                  ],
                  "uv_size": [
                    25.75,
                    24.875
                  ]
                },
                "east": {
                  "uv": [
                    0,
                    39.75
                  ],
                  "uv_size": [
                    30.5,
                    24.25
                  ]
                },
                "south": {
                  "uv": [
                    13.915,
                    13.1
                  ],
                  "uv_size": [
                    10.805,
                    22.38
                  ]
                },
                "west": {
                  "uv": [
                    1.44,
                    46.625
                  ],
                  "uv_size": [
                    19,
                    17.375
                  ]
                },
                "up": {
                  "uv": [
                    28.75,
                    35.5
                  ],
                  "uv_size": [
                    35.25,
                    28.5
                  ]
                },
                "down": {
                  "uv": [
                    9.36,
                    64
                  ],
                  "uv_size": [
                    32.875,
                    -18.75
                  ]
                }
              }
            }
          ]
        }
      ]
    }
  ]
}