{
  "format_version": "1.12.0",
  "minecraft:geometry": [
    {
      "description": {
        "identifier": "geometry.yk_door3",
        "texture_width": 128,
        "texture_height": 128,
        "visible_bounds_width": 2,
        "visible_bounds_height": 3.5,
        "visible_bounds_offset": [
          0,
          1.25,
          0
        ]
      },
      "bones": [
        {
          "name": "Doors",
          "pivot": [
            0,
            0,
            0
          ]
        },
        {
          "name": "Door",
          "parent": "Doors",
          "pivot": [
            -7.87961,
            16,
            0
          ],
          "cubes": [
            {
              "origin": [
                3.88993,
                9.44334,
                1
              ],
              "size": [
                2,
                8,
                1
              ],
              "pivot": [
                4.38993,
                13.84334,
                1.5
              ],
              "rotation": [
                0,
                0,
                -52.5
              ],
              "uv": [
                0,
                37
              ]
            },
            {
              "origin": [
                3.88993,
                14.55666,
                1
              ],
              "size": [
                2,
                8,
                1
              ],
              "pivot": [
                4.38993,
                18.15666,
                1.5
              ],
              "rotation": [
                0,
                0,
                52.5
              ],
              "uv": [
                0,
                36
              ]
            },
            {
              "origin": [
                7,
                16,
                1
              ],
              "size": [
                1,
                14,
                1
              ],
              "uv": [
                36,
                6
              ]
            },
            {
              "origin": [
                -6,
                15,
                1
              ],
              "size": [
                8,
                2,
                1
              ],
              "uv": [
                36,
                3
              ]
            },
            {
              "origin": [
                -8,
                0,
                1
              ],
              "size": [
                2,
                32,
                1
              ],
              "uv": [
                0,
                34
              ]
            },
            {
              "origin": [
                7,
                2,
                1
              ],
              "size": [
                1,
                14,
                1
              ],
              "uv": [
                36,
                21
              ]
            },
            {
              "origin": [
                -6,
                15,
                -2
              ],
              "size": [
                8,
                2,
                1
              ],
              "uv": [
                36,
                3
              ]
            },
            {
              "origin": [
                7,
                16,
                -2
              ],
              "size": [
                1,
                14,
                1
              ],
              "uv": [
                36,
                6
              ]
            },
            {
              "origin": [
                3.88993,
                14.55666,
                -2
              ],
              "size": [
                2,
                8,
                1
              ],
              "pivot": [
                4.38993,
                18.15666,
                -1.5
              ],
              "rotation": [
                0,
                0,
                52.5
              ],
              "uv": [
                0,
                39
              ]
            },
            {
              "origin": [
                3.88993,
                9.44334,
                -2
              ],
              "size": [
                2,
                8,
                1
              ],
              "pivot": [
                4.38993,
                13.84334,
                -1.5
              ],
              "rotation": [
                0,
                0,
                -52.5
              ],
              "uv": [
                0,
                36
              ]
            },
            {
              "origin": [
                7,
                2,
                -2
              ],
              "size": [
                1,
                14,
                1
              ],
              "uv": [
                36,
                21
              ]
            },
            {
              "origin": [
                -8,
                0,
                -2
              ],
              "size": [
                2,
                32,
                1
              ],
              "uv": [
                0,
                34
              ]
            },
            {
              "origin": [
                -8,
                0,
                -1
              ],
              "size": [
                16,
                32,
                2
              ],
              "uv": [
                0,
                0
              ]
            },
            {
              "origin": [
                -6,
                30,
                1
              ],
              "size": [
                14,
                2,
                1
              ],
              "uv": [
                36,
                0
              ]
            },
            {
              "origin": [
                -6,
                30,
                -2
              ],
              "size": [
                14,
                2,
                1
              ],
              "uv": [
                36,
                0
              ]
            },
            {
              "origin": [
                -6,
                0,
                -2
              ],
              "size": [
                14,
                2,
                1
              ],
              "uv": [
                6,
                34
              ]
            },
            {
              "origin": [
                -6,
                0,
                1
              ],
              "size": [
                14,
                2,
                1
              ],
              "uv": [
                6,
                34
              ]
            }
          ]
        },
        {
          "name": "Door2",
          "parent": "Doors",
          "pivot": [
            23.87961,
            16,
            0
          ],
          "cubes": [
            {
              "origin": [
                10.11007,
                9.44334,
                1
              ],
              "size": [
                2,
                8,
                1
              ],
              "pivot": [
                11.61007,
                13.84334,
                1.5
              ],
              "rotation": [
                0,
                0,
                52.5
              ],
              "uv": [
                0,
                44
              ],
              "mirror": true
            },
            {
              "origin": [
                10.11007,
                14.55666,
                1
              ],
              "size": [
                2,
                8,
                1
              ],
              "pivot": [
                11.61007,
                18.15666,
                1.5
              ],
              "rotation": [
                0,
                0,
                -52.5
              ],
              "uv": [
                0,
                36
              ],
              "mirror": true
            },
            {
              "origin": [
                8,
                16,
                1
              ],
              "size": [
                1,
                14,
                1
              ],
              "uv": [
                36,
                6
              ],
              "mirror": true
            },
            {
              "origin": [
                14,
                15,
                1
              ],
              "size": [
                8,
                2,
                1
              ],
              "uv": [
                36,
                3
              ],
              "mirror": true
            },
            {
              "origin": [
                22,
                0,
                1
              ],
              "size": [
                2,
                32,
                1
              ],
              "uv": [
                0,
                34
              ],
              "mirror": true
            },
            {
              "origin": [
                8,
                2,
                1
              ],
              "size": [
                1,
                14,
                1
              ],
              "uv": [
                36,
                21
              ],
              "mirror": true
            },
            {
              "origin": [
                14,
                15,
                -2
              ],
              "size": [
                8,
                2,
                1
              ],
              "uv": [
                36,
                3
              ],
              "mirror": true
            },
            {
              "origin": [
                8,
                16,
                -2
              ],
              "size": [
                1,
                14,
                1
              ],
              "uv": [
                36,
                6
              ],
              "mirror": true
            },
            {
              "origin": [
                10.11007,
                14.55666,
                -2
              ],
              "size": [
                2,
                8,
                1
              ],
              "pivot": [
                11.61007,
                18.15666,
                -1.5
              ],
              "rotation": [
                0,
                0,
                -52.5
              ],
              "uv": [
                0,
                36
              ],
              "mirror": true
            },
            {
              "origin": [
                10.11007,
                9.44334,
                -2
              ],
              "size": [
                2,
                8,
                1
              ],
              "pivot": [
                11.61007,
                13.84334,
                -1.5
              ],
              "rotation": [
                0,
                0,
                52.5
              ],
              "uv": [
                0,
                36
              ],
              "mirror": true
            },
            {
              "origin": [
                8,
                2,
                -2
              ],
              "size": [
                1,
                14,
                1
              ],
              "uv": [
                36,
                21
              ],
              "mirror": true
            },
            {
              "origin": [
                22,
                0,
                -2
              ],
              "size": [
                2,
                32,
                1
              ],
              "uv": [
                0,
                34
              ],
              "mirror": true
            },
            {
              "origin": [
                8,
                0,
                -1
              ],
              "size": [
                16,
                32,
                2
              ],
              "uv": [
                0,
                0
              ],
              "mirror": true
            },
            {
              "origin": [
                8,
                30,
                1
              ],
              "size": [
                14,
                2,
                1
              ],
              "uv": [
                36,
                0
              ],
              "mirror": true
            },
            {
              "origin": [
                8,
                30,
                -2
              ],
              "size": [
                14,
                2,
                1
              ],
              "uv": [
                36,
                0
              ],
              "mirror": true
            },
            {
              "origin": [
                8,
                0,
                -2
              ],
              "size": [
                14,
                2,
                1
              ],
              "uv": [
                6,
                34
              ],
              "mirror": true
            },
            {
              "origin": [
                8,
                0,
                1
              ],
              "size": [
                14,
                2,
                1
              ],
              "uv": [
                6,
                34
              ],
              "mirror": true
            }
          ]
        }
      ]
    }
  ]
}