{
  "format_version": "1.12.0",
  "minecraft:geometry": [
    {
      "description": {
        "identifier": "geometry.yk_minib",
        "texture_width": 32,
        "texture_height": 32,
        "visible_bounds_width": 4,
        "visible_bounds_height": 3,
        "visible_bounds_offset": [
          0,
          0.5,
          0
        ]
      },
      "bones": [
        {
          "name": "Ladpared",
          "pivot": [
            0,
            6.66271,
            -6.19162
          ],
          "cubes": [
            {
              "origin": [
                -2.4,
                7.3,
                -6.75
              ],
              "size": [
                4.8,
                1.5,
                1.2
              ],
              "inflate": 0.5,
              "uv": {
                "north": {
                  "uv": [
                    0,
                    8
                  ],
                  "uv_size": [
                    5,
                    2
                  ]
                },
                "east": {
                  "uv": [
                    12,
                    11
                  ],
                  "uv_size": [
                    1,
                    2
                  ]
                },
                "south": {
                  "uv": [
                    5,
                    8
                  ],
                  "uv_size": [
                    5,
                    2
                  ]
                },
                "west": {
                  "uv": [
                    2,
                    13
                  ],
                  "uv_size": [
                    1,
                    2
                  ]
                },
                "up": {
                  "uv": [
                    9,
                    10
                  ],
                  "uv_size": [
                    5,
                    1
                  ]
                },
                "down": {
                  "uv": [
                    10,
                    10
                  ],
                  "uv_size": [
                    5,
                    -1
                  ]
                }
              }
            },
            {
              "origin": [
                -2.6,
                8.7,
                -6.45
              ],
              "size": [
                5.2,
                0.1,
                1.2
              ],
              "inflate": 0.5,
              "pivot": [
                0,
                8.55,
                -6.15
              ],
              "rotation": [
                36,
                0,
                0
              ],
              "uv": {
                "north": {
                  "uv": [
                    2,
                    11
                  ],
                  "uv_size": [
                    5,
                    1
                  ]
                },
                "east": {
                  "uv": [
                    3,
                    13
                  ],
                  "uv_size": [
                    1,
                    1
                  ]
                },
                "south": {
                  "uv": [
                    7,
                    11
                  ],
                  "uv_size": [
                    5,
                    1
                  ]
                },
                "west": {
                  "uv": [
                    4,
                    13
                  ],
                  "uv_size": [
                    1,
                    1
                  ]
                },
                "up": {
                  "uv": [
                    2,
                    12
                  ],
                  "uv_size": [
                    5,
                    1
                  ]
                },
                "down": {
                  "uv": [
                    7,
                    13
                  ],
                  "uv_size": [
                    5,
                    -1
                  ]
                }
              }
            },
            {
              "origin": [
                -3.4,
                2.8,
                -7
              ],
              "size": [
                6.8,
                7.5,
                1.2
              ],
              "inflate": 0.5,
              "uv": [
                0,
                0
              ]
            }
          ]
        }
      ]
    }
  ]
}