{
	"format_version": "1.8.0",
	"animations": {
		"animation.lk_opila_bird_scream.hide": {
			"loop": "hold_on_last_frame",
			"animation_length": 1.16667,
			"bones": {
				"opila_bird": {
					"rotation": {
						"0.0": [
							0,
							0,
							0
						],
						"0.625": [
							0,
							62.5,
							0
						]
					},
					"position": {
						"0.0": [
							0,
							0,
							0
						],
						"0.625": [
							14,
							0,
							16
						],
						"1.0": [
							42,
							0,
							16
						]
					}
				}
			}
		}
	}
}