{
  "format_version": "1.8.0",
  "animations": {
    "animation.mr_captain_all.move": {
      "loop": true,
      "animation_length": 1,
      "bones": {
        "Body": {
          "rotation": {
            "0.0": [
              0,
              2.5,
              0
            ],
            "0.25": [
              5,
              0,
              -2.5
            ],
            "0.5": [
              0,
              -2.5,
              0
            ],
            "0.75": [
              5,
              0,
              2.5
            ],
            "1.0": [
              0,
              2.5,
              0
            ]
          },
          "position": {
            "0.0": [
              0,
              0,
              0
            ],
            "0.25": [
              0,
              1,
              0
            ],
            "0.5": [
              0,
              0,
              0
            ],
            "0.75": [
              0,
              1,
              0
            ],
            "1.0": [
              0,
              0,
              0
            ]
          }
        },
        "bone5": {
          "relative_to": {
            "rotation": "entity"
          },
          "rotation": [
            0,
            0,
            0.01
          ]
        },
        "bone6": {
          "relative_to": {
            "rotation": "entity"
          },
          "rotation": [
            0,
            0,
            0.01
          ]
        },
        "RightArm": {
          "rotation": {
            "0.0": [
              7.5,
              0,
              0
            ],
            "0.5": [
              -7.5,
              0,
              0
            ],
            "1.0": [
              7.5,
              0,
              0
            ]
          }
        },
        "LeftArm": {
          "rotation": {
            "0.0": [
              -7.5,
              0,
              0
            ],
            "0.5": [
              7.5,
              0,
              0
            ],
            "1.0": [
              -7.5,
              0,
              0
            ]
          }
        },
        "LeftLeg": {
          "rotation": {
            "0.0": [
              17.5,
              0,
              0
            ],
            "0.5": [
              -15,
              0,
              0
            ],
            "1.0": [
              17.5,
              0,
              0
            ]
          },
          "position": {
            "0.0": [
              0,
              0,
              1
            ],
            "0.25": [
              0,
              1,
              0
            ],
            "0.5": [
              0,
              0,
              -1
            ],
            "1.0": [
              0,
              0,
              1
            ]
          }
        },
        "RightLeg": {
          "rotation": {
            "0.0": [
              -15,
              0,
              0
            ],
            "0.5": [
              17.5,
              0,
              0
            ],
            "1.0": [
              -15,
              0,
              0
            ]
          },
          "position": {
            "0.0": [
              0,
              0,
              -1
            ],
            "0.5": [
              0,
              0,
              1
            ],
            "0.75": [
              0,
              1,
              0
            ],
            "1.0": [
              0,
              0,
              -1
            ]
          }
        }
      }
    }
  }
}