{
  "format_version": "1.8.0",
  "animations": {
    "animation.mr_jumbo_scen.scn": {
      "animation_length": 10,
      "bones": {
        "Root": {
          "rotation": {
            "0.0": [
              0,
              0,
              0
            ],
            "5.0": [
              0,
              0,
              0
            ],
            "9.5": [
              0,
              0,
              0
            ],
            "10.0": [
              0,
              0,
              0
            ]
          },
          "position": {
            "0.0": [
              0,
              -48,
              0
            ],
            "5.0": [
              0,
              0,
              0
            ],
            "9.5": [
              0,
              0,
              0
            ],
            "10.0": [
              0,
              0,
              0
            ]
          }
        },
        "Body": {
          "rotation": {
            "0.0": [
              0,
              0,
              0
            ],
            "4.5": [
              0.0674,
              -0.45018,
              4.97899
            ],
            "4.75": [
              0.14454,
              -0.43163,
              -5.02129
            ],
            "5.0": [
              0.10638,
              -0.44259,
              -0.02116
            ]
          },
          "position": {
            "4.25": [
              0,
              0,
              0
            ],
            "4.5": [
              0,
              1,
              0
            ],
            "4.75": [
              0,
              -1,
              0
            ],
            "5.0": [
              0,
              1,
              0
            ],
            "5.25": [
              0,
              0,
              0
            ]
          }
        },
        "RightArm": {
          "rotation": {
            "0.0": [
              0,
              0,
              0
            ],
            "4.0": [
              135.9889,
              87.0987,
              219.94614
            ],
            "4.5": [
              163.49,
              87.1,
              219.95
            ],
            "4.75": [
              163.49,
              87.1,
              219.95
            ],
            "5.0": [
              163.49,
              87.1,
              219.95
            ]
          },
          "position": {
            "0.0": [
              0,
              0,
              0
            ],
            "4.0": [
              0,
              -3,
              -2
            ],
            "4.5": [
              0,
              -2,
              -2
            ],
            "4.75": [
              0,
              -2,
              -2
            ],
            "5.0": [
              0,
              -2,
              -2
            ]
          }
        },
        "bone4": {
          "rotation": {
            "4.0": [
              -92.5,
              0,
              0
            ],
            "4.5": [
              -117.5,
              0,
              0
            ],
            "4.75": [
              -123.64456,
              -21.91669,
              11.07168
            ]
          },
          "position": [
            0,
            0,
            0
          ]
        },
        "bone5": {
          "rotation": [
            0,
            0,
            0
          ]
        },
        "bone6": {
          "rotation": {
            "3.5": [
              0,
              0,
              0
            ],
            "4.0": [
              0,
              0,
              0
            ],
            "4.5": [
              0,
              0,
              0
            ],
            "4.75": [
              0,
              0,
              -87.5
            ]
          }
        },
        "LeftArm": {
          "rotation": {
            "0.0": [
              0,
              0,
              0
            ],
            "4.0": [
              0,
              0,
              0
            ],
            "4.5": [
              8.82329,
              -85.90925,
              -55.46217
            ],
            "4.75": [
              -21.68609,
              -74.89858,
              -50.87234
            ],
            "5.0": [
              -4.18609,
              -74.89858,
              -50.87234
            ]
          },
          "position": {
            "0.0": [
              0,
              0,
              0
            ],
            "4.0": [
              0,
              0,
              0
            ],
            "4.75": [
              0,
              -2,
              -2
            ]
          }
        },
        "bone9": {
          "rotation": {
            "0.0": [
              0,
              0,
              0
            ],
            "4.5": [
              -110,
              0,
              0
            ],
            "5.0": [
              -119.99664,
              8.38973,
              -15.9418
            ]
          }
        },
        "bone10": {
          "rotation": [
            0,
            0,
            0
          ]
        },
        "bone11": {
          "rotation": {
            "4.5": [
              0,
              0,
              0
            ],
            "4.75": [
              0,
              0,
              82.5
            ]
          }
        },
        "Head": {
          "rotation": {
            "0.0": [
              -62.5,
              0,
              0
            ],
            "5.0": [
              0,
              0,
              0
            ],
            "5.25": [
              0,
              0,
              5
            ],
            "5.5": [
              0,
              0,
              0
            ],
            "5.75": [
              0,
              0,
              -5
            ],
            "6.0": [
              0,
              0,
              0
            ]
          }
        },
        "bone14": {
          "scale": {
            "5.25": [
              1,
              1,
              1
            ],
            "5.5": [
              1.1,
              1,
              1
            ],
            "5.75": [
              1,
              1,
              1
            ],
            "6.0": [
              1.1,
              1,
              1
            ],
            "6.25": [
              1,
              1,
              1
            ]
          }
        }
      }
    }
  }
}