{
  "format_version": "1.8.0",
  "animations": {
    "animation.mr_opila_scenev2.new": {
      "animation_length": 10,
      "bones": {
        "Root": {
          "rotation": {
            "0.0": [
              0,
              0,
              0
            ],
            "8.75": [
              0,
              0,
              0
            ],
            "9.0": [
              0,
              90,
              0
            ],
            "9.9583": [
              -179.99989,
              88.75,
              -179.99989
            ],
            "10.0": [
              0,
              0,
              0
            ]
          },
          "position": {
            "0.0": [
              -7,
              45,
              0
            ],
            "9.0": [
              -6,
              45,
              0
            ],
            "9.9583": [
              34,
              44.5,
              0
            ],
            "10.0": [
              0,
              0,
              0
            ]
          }
        },
        "Body": {
          "rotation": {
            "8.5": [
              0,
              0,
              0
            ],
            "8.75": [
              0,
              0,
              0
            ],
            "9.0": [
              9.43601,
              -14.09128,
              -13.30592
            ],
            "9.25": [
              0,
              0,
              0
            ]
          },
          "position": {
            "8.5": [
              0,
              0,
              0
            ],
            "8.75": [
              0,
              0,
              0
            ],
            "9.0": [
              0,
              -1,
              0
            ],
            "9.25": [
              0,
              0,
              0
            ],
            "9.5": [
              0,
              -1,
              0
            ],
            "9.75": [
              0,
              0,
              0
            ],
            "10.0": [
              0,
              0,
              0
            ]
          }
        },
        "Head": {
          "rotation": {
            "0.0": [
              -0.78499,
              -1.87225,
              -9.77945
            ],
            "8.5": [
              0,
              0,
              -10
            ],
            "8.75": [
              0,
              0,
              0
            ],
            "9.0": [
              0,
              -70,
              0
            ],
            "9.25": [
              0,
              0,
              0
            ],
            "10.0": [
              0,
              0,
              0
            ]
          },
          "position": {
            "0.0": [
              -1,
              0,
              0
            ],
            "8.5": [
              -1,
              0,
              0
            ],
            "8.75": [
              0,
              0,
              0
            ],
            "9.0": [
              1,
              0,
              0
            ]
          }
        },
        "bone8": {
          "relative_to": {
            "rotation": "entity"
          },
          "rotation": {
            "9.0": [
              0,
              0,
              0.01
            ],
            "9.25": [
              -360,
              87.5,
              -360
            ]
          }
        },
        "bone9": {
          "relative_to": {
            "rotation": "entity"
          },
          "rotation": {
            "9.0": [
              0,
              0,
              0.01
            ],
            "9.25": [
              0,
              90,
              0
            ]
          }
        },
        "LeftLeg": {
          "rotation": {
            "8.75": [
              0,
              0,
              0
            ],
            "8.875": [
              0.44067,
              -7.49038,
              -2.53852
            ],
            "9.0": [
              10,
              0,
              0
            ],
            "9.25": [
              0,
              0,
              0
            ],
            "9.5": [
              10,
              0,
              0
            ],
            "9.75": [
              0,
              0,
              0
            ],
            "10.0": [
              0,
              0,
              0
            ]
          },
          "position": {
            "9.0": [
              0,
              0,
              1
            ],
            "9.25": [
              0,
              1,
              -1
            ],
            "9.5": [
              0,
              0,
              1
            ],
            "9.75": [
              0,
              1,
              -1
            ],
            "10.0": [
              0,
              0,
              0
            ]
          }
        },
        "bone5": {
          "relative_to": {
            "rotation": "entity"
          },
          "rotation": {
            "8.5": [
              0,
              0,
              0.01
            ],
            "8.75": [
              0,
              0,
              0.01
            ],
            "9.0": [
              2.72535,
              47.44052,
              1.19768
            ],
            "9.25": [
              26.49955,
              84.41125,
              24.10872
            ]
          }
        },
        "RightLeg": {
          "rotation": {
            "8.75": [
              0,
              0,
              0
            ],
            "8.875": [
              0.3996,
              11.13239,
              4.89266
            ],
            "9.0": [
              0,
              0,
              0
            ],
            "9.25": [
              10,
              0,
              0
            ],
            "9.5": [
              0,
              0,
              0
            ],
            "9.75": [
              10,
              0,
              0
            ],
            "10.0": [
              0,
              0,
              0
            ]
          },
          "position": {
            "8.75": [
              0,
              0,
              -1
            ],
            "9.0": [
              0,
              1,
              -1
            ],
            "9.25": [
              0,
              0,
              1
            ],
            "9.5": [
              0,
              1,
              -1
            ],
            "9.75": [
              0,
              0,
              1
            ],
            "10.0": [
              0,
              0,
              0
            ]
          }
        },
        "bone2": {
          "relative_to": {
            "rotation": "entity"
          },
          "rotation": {
            "8.5": [
              0,
              0,
              0.01
            ],
            "8.75": [
              0,
              0,
              0.01
            ],
            "8.875": [
              14.87182,
              58.37232,
              17.06092
            ],
            "9.0": [
              -161.66882,
              82.09657,
              -159.00494
            ],
            "9.25": [
              -135.02728,
              86.46503,
              -132.47272
            ]
          }
        }
      }
    }
  }
}