{
  "format_version": "1.8.0",
  "animations": {
    "animation.mr_jumbo_josh.walk": {
      "loop": true,
      "animation_length": 1,
      "bones": {
        "Body": {
          "rotation": {
            "0.0": [
              2.47014,
              2.1805,
              0.33866
            ],
            "0.25": [
              0.51514,
              0.17135,
              -2.43958
            ],
            "0.5": [
              2.47133,
              -2.81486,
              0.12318
            ],
            "0.75": [
              -0.52197,
              -0.14926,
              2.44103
            ],
            "1.0": [
              2.5,
              2.5,
              0
            ]
          },
          "position": {
            "0.0": [
              0,
              -1,
              0
            ],
            "0.25": [
              0,
              0,
              0
            ],
            "0.5": [
              0,
              -1,
              0
            ],
            "0.75": [
              0,
              0,
              0
            ],
            "1.0": [
              0,
              -1,
              0
            ]
          }
        },
        "RightArm": {
          "rotation": {
            "0.0": [
              7.5,
              0,
              0
            ],
            "0.5": [
              -5,
              0,
              0
            ],
            "1.0": [
              7.5,
              0,
              0
            ]
          }
        },
        "LeftArm": {
          "rotation": {
            "0.0": [
              -4.74564,
              -0.68367,
              1.44741
            ],
            "0.5": [
              7.5,
              0,
              0
            ],
            "1.0": [
              -4.74872,
              -0.71299,
              1.42371
            ]
          }
        },
        "Head": {
          "relative_to": {
            "rotation": "entity"
          },
          "rotation": [
            0,
            0,
            0.01
          ]
        },
        "LeftLeg": {
          "rotation": {
            "0.0": [
              10,
              0,
              0
            ],
            "0.5": [
              -7.5,
              0,
              0
            ],
            "1.0": [
              10,
              0,
              0
            ]
          },
          "position": {
            "0.0": [
              0,
              0,
              1
            ],
            "0.25": [
              0,
              2,
              0
            ],
            "0.5": [
              0,
              0,
              -1
            ],
            "1.0": [
              0,
              0,
              1
            ]
          }
        },
        "bone3": {
          "rotation": {
            "0.0": [
              0,
              0,
              0
            ],
            "0.5": [
              4.65364,
              1.64219,
              0.8749
            ],
            "1.0": [
              0,
              0,
              0
            ]
          }
        },
        "RightLeg": {
          "rotation": {
            "0.0": [
              -7.5,
              0,
              0
            ],
            "0.5": [
              10,
              0,
              0
            ],
            "1.0": [
              -7.5,
              0,
              0
            ]
          },
          "position": {
            "0.0": [
              0,
              0,
              -1
            ],
            "0.5": [
              0,
              0,
              1
            ],
            "0.75": [
              0,
              2,
              0
            ],
            "1.0": [
              0,
              0,
              -1
            ]
          }
        },
        "bone": {
          "rotation": {
            "0.0": [
              5,
              0,
              0
            ],
            "0.5": [
              0,
              0,
              0
            ],
            "1.0": [
              5,
              0,
              0
            ]
          }
        }
      }
    }
  }
}