{
  "format_version": "1.8.0",
  "animations": {
    "animation.mr_nab_scen.scene": {
      "animation_length": 10,
      "bones": {
        "Root": {
          "rotation": {
            "2.5": [
              0,
              0,
              0
            ],
            "3.0": [
              0,
              0,
              -12.5
            ]
          },
          "position": {
            "0.0": [
              64,
              48,
              0
            ],
            "0.5": [
              28,
              48,
              0
            ],
            "2.5": [
              12.8,
              47.6,
              0
            ],
            "3.0": [
              9,
              49,
              0
            ]
          }
        },
        "bone6": {
          "rotation": {
            "2.5": [
              0,
              0,
              0
            ],
            "3.0": [
              -1.57575,
              1.43476,
              9.75114
            ]
          }
        },
        "RightArm": {
          "rotation": {
            "2.5": [
              0,
              0,
              0
            ],
            "3.0": [
              1.06875,
              4.83519,
              14.20868
            ]
          }
        },
        "LeftLeg": {
          "rotation": {
            "2.5": [
              0,
              0,
              0
            ],
            "3.0": [
              0,
              0,
              -15
            ]
          }
        }
      }
    }
  }
}