{
  "format_version": "1.8.0",
  "animations": {
    "animation.mr_nabnab.move": {
      "loop": true,
      "animation_length": 1,
      "bones": {
        "Body": {
          "rotation": {
            "0.0": [
              4.82145,
              3.47185,
              1.18582
            ],
            "0.25": [
              0,
              0,
              -5
            ],
            "0.5": [
              5,
              -2.5,
              0
            ],
            "0.75": [
              0,
              0,
              5
            ],
            "1.0": [
              4.82145,
              3.47185,
              1.18582
            ]
          },
          "position": {
            "0.0": [
              0,
              -1,
              0
            ],
            "0.25": [
              0,
              1,
              0
            ],
            "0.5": [
              0,
              -1,
              0
            ],
            "0.75": [
              0,
              1,
              0
            ],
            "1.0": [
              0,
              -1,
              0
            ]
          }
        },
        "bone6": {
          "rotation": {
            "0.0": [
              0,
              0,
              0
            ],
            "0.25": [
              10,
              -7.5,
              0
            ],
            "0.5": [
              0,
              0,
              0
            ],
            "0.75": [
              7.5,
              7.5,
              0
            ],
            "1.0": [
              0,
              0,
              0
            ]
          }
        },
        "bone7": {
          "rotation": {
            "0.0": [
              0,
              0,
              0
            ],
            "0.25": [
              -9.67961,
              -1.88828,
              -1.61215
            ],
            "0.5": [
              0,
              0,
              0
            ],
            "0.75": [
              -10.40495,
              1.98896,
              1.45255
            ],
            "1.0": [
              0,
              0,
              0
            ]
          }
        },
        "bone5": {
          "rotation": {
            "0.0": [
              0,
              0,
              0
            ],
            "0.25": [
              0,
              0,
              -12.5
            ],
            "0.5": [
              0,
              0,
              0
            ],
            "0.75": [
              0,
              0,
              7.5
            ],
            "1.0": [
              0,
              0,
              0
            ]
          }
        },
        "LeftArm": {
          "rotation": {
            "0.0": [
              -10,
              0,
              0
            ],
            "0.5": [
              9.37661,
              3.05459,
              1.93551
            ],
            "1.0": [
              -10,
              0,
              0
            ]
          }
        },
        "bone4": {
          "rotation": {
            "0.0": [
              -10,
              0,
              0
            ],
            "0.5": [
              0,
              0,
              0
            ],
            "1.0": [
              -10,
              0,
              0
            ]
          }
        },
        "RightArm": {
          "rotation": {
            "0.0": [
              10,
              0,
              0
            ],
            "0.5": [
              -10,
              0,
              0
            ],
            "1.0": [
              10,
              0,
              0
            ]
          }
        },
        "bone2": {
          "rotation": {
            "0.0": [
              0,
              0,
              0
            ],
            "0.5417": [
              -10,
              0,
              0
            ],
            "1.0": [
              0,
              0,
              0
            ]
          }
        },
        "LeftLeg": {
          "rotation": {
            "0.0": [
              17.5,
              0,
              0
            ],
            "0.5": [
              -12.38021,
              -0.74938,
              -2.38807
            ],
            "1.0": [
              17.5,
              0,
              0
            ]
          },
          "position": {
            "0.0": [
              0,
              0,
              0
            ],
            "0.25": [
              0,
              2,
              0
            ],
            "0.5": [
              0,
              0,
              0
            ],
            "1.0": [
              0,
              0,
              0
            ]
          }
        },
        "RightLeg": {
          "rotation": {
            "0.0": [
              -12.38021,
              0.74938,
              2.38807
            ],
            "0.5": [
              15,
              0,
              0
            ],
            "1.0": [
              -12.38021,
              0.74938,
              2.38807
            ]
          },
          "position": {
            "0.0": [
              0,
              0,
              0
            ],
            "0.5": [
              0,
              0,
              0
            ],
            "0.75": [
              0,
              2,
              0
            ],
            "1.0": [
              0,
              0,
              0
            ]
          }
        }
      }
    }
  }
}