{
  "format_version": "1.8.0",
  "animations": {
    "animation.mr_opila_birds.walk": {
      "loop": true,
      "animation_length": 1,
      "bones": {
        "RightLeg": {
          "rotation": {
            "0.0": [
              -9.88317,
              0.43168,
              2.46522
            ],
            "0.5": [
              12.39027,
              -1.60629,
              -0.17701
            ],
            "1.0": [
              -9.88317,
              0.43168,
              2.46522
            ]
          },
          "position": {
            "0.0": [
              0,
              0,
              -1
            ],
            "0.5": [
              0,
              0,
              1
            ],
            "0.75": [
              0,
              2,
              0
            ],
            "1.0": [
              0,
              0,
              -1
            ]
          }
        },
        "bone": {
          "rotation": {
            "0.0": [
              5,
              0,
              0
            ],
            "0.5": [
              20,
              0,
              0
            ],
            "1.0": [
              5,
              0,
              0
            ]
          }
        },
        "bone2": {
          "relative_to": {
            "rotation": "entity"
          },
          "rotation": {
            "0.0": [
              0,
              0,
              2.5
            ],
            "0.5": [
              15,
              0,
              2.5
            ],
            "0.75": [
              -2.26202,
              2.00338,
              1.47436
            ],
            "1.0": [
              0,
              0,
              2.5
            ]
          }
        },
        "LeftLeg": {
          "rotation": {
            "0.0": [
              12.5,
              0,
              0
            ],
            "0.5": [
              -9.88317,
              -0.43168,
              -2.46522
            ],
            "1.0": [
              12.5,
              0,
              0
            ]
          },
          "position": {
            "0.0": [
              0,
              0,
              1
            ],
            "0.25": [
              0,
              2,
              0
            ],
            "0.5": [
              0,
              0,
              -1
            ],
            "1.0": [
              0,
              0,
              1
            ]
          }
        },
        "bone4": {
          "rotation": {
            "0.0": [
              20,
              0,
              0
            ],
            "0.5": [
              5,
              0,
              0
            ],
            "1.0": [
              20,
              0,
              0
            ]
          }
        },
        "bone5": {
          "relative_to": {
            "rotation": "entity"
          },
          "rotation": {
            "0.0": [
              15,
              0,
              -2.5
            ],
            "0.25": [
              -2.5,
              0,
              -2.5
            ],
            "0.5": [
              0,
              0,
              -2.5
            ],
            "1.0": [
              15,
              0,
              -2.5
            ]
          }
        },
        "Body": {
          "rotation": {
            "0.0": [
              4.89169,
              2.70615,
              -2.27522
            ],
            "0.25": [
              0,
              0,
              0
            ],
            "0.5": [
              4.89169,
              -2.70615,
              2.27522
            ],
            "0.75": [
              0,
              0,
              0
            ],
            "1.0": [
              4.89169,
              2.70615,
              -2.27522
            ]
          },
          "position": {
            "0.0": [
              0,
              0,
              0
            ],
            "0.25": [
              0,
              1,
              0
            ],
            "0.5": [
              0,
              0,
              0
            ],
            "0.75": [
              0,
              1,
              0
            ],
            "1.0": [
              0,
              0,
              0
            ]
          }
        },
        "bone3": {
          "rotation": {
            "0.0": [
              5,
              -10,
              0
            ],
            "0.25": [
              0,
              0,
              0
            ],
            "0.5": [
              5,
              -10,
              0
            ],
            "0.75": [
              0,
              0,
              0
            ],
            "1.0": [
              5,
              -10,
              0
            ]
          }
        },
        "bone6": {
          "rotation": {
            "0.0": [
              5,
              10,
              0
            ],
            "0.25": [
              0,
              0,
              0
            ],
            "0.5": [
              5,
              10,
              0
            ],
            "0.75": [
              0,
              0,
              0
            ],
            "1.0": [
              5,
              10,
              0
            ]
          }
        },
        "Head": {
          "rotation": {
            "0.0": [
              7.5,
              0,
              7.5
            ],
            "0.25": [
              0,
              0,
              0
            ],
            "0.5": [
              7.5,
              0,
              -7.5
            ],
            "0.75": [
              0,
              0,
              0
            ],
            "1.0": [
              7.5,
              0,
              7.5
            ]
          }
        },
        "bone7": {
          "rotation": {
            "0.0": [
              0,
              0,
              0
            ],
            "0.25": [
              25,
              0,
              0
            ],
            "0.5": [
              0,
              0,
              0
            ],
            "0.75": [
              25,
              0,
              0
            ],
            "1.0": [
              0,
              0,
              0
            ]
          }
        },
        "bone8": {
          "relative_to": {
            "rotation": "entity"
          },
          "rotation": [
            0,
            0,
            0.01
          ]
        },
        "bone9": {
          "relative_to": {
            "rotation": "entity"
          },
          "rotation": [
            0,
            0,
            0.01
          ]
        }
      }
    }
  }
}