{
  "format_version": "1.8.0",
  "animations": {
    "animation.mr_zophius.gen": {
      "loop": true,
      "animation_length": 3,
      "bones": {
        "bone": {
          "rotation": {
            "0.0": [
              0,
              0,
              0
            ],
            "1.5": [
              1.97977,
              -0.03455,
              0.98941
            ],
            "3.0": [
              0,
              0,
              0
            ]
          }
        },
        "bone5": {
          "rotation": {
            "0.0": [
              0,
              0,
              0
            ],
            "1.5": [
              0,
              0,
              -2.5
            ],
            "3.0": [
              0,
              0,
              0
            ]
          }
        }
      }
    }
  }
}