{
  "resource_pack_name": "vanilla",
  "texture_name": "atlas.items",
  "texture_data": {
  "ic:goblino": {
      "textures": "textures/items/spawn_eggs/ic_goblino"
    },
    "ic:jeff": {
      "textures": "textures/items/spawn_eggs/ic_jeff"
    },
    "ic:seek": {
      "textures": "textures/items/spawn_eggs/ic_seek"
    },
    "ic:rush": {
      "textures": "textures/items/spawn_eggs/ic_rush"
    },
    "ic:figure": {
      "textures": "textures/items/spawn_eggs/ic_figure"
    },
    "ic:glitch": {
      "textures": "textures/items/spawn_eggs/ic_glitch"
    },
    "ic:ambush": {
      "textures": "textures/items/spawn_eggs/ic_ambush"
    },
    "ic:eyes": {
      "textures": "textures/items/spawn_eggs/ic_eyes"
    },
    "ic:dupe": {
      "textures": "textures/items/spawn_eggs/ic_dupe"
    },
    "ic:timothy": {
      "textures": "textures/items/spawn_eggs/ic_timothy"
    },
    "ic:screech": {
      "textures": "textures/items/spawn_eggs/ic_screech"
    },
    "ic:snare": {
      "textures": "textures/items/spawn_eggs/ic_snare"
    },
    "ic:halt": {
      "textures": "textures/items/spawn_eggs/ic_halt"
    },
    "ic:jack": {
      "textures": "textures/items/spawn_eggs/ic_jack"
    },
    "ic:seek_eyes": {
      "textures": "textures/items/spawn_eggs/ic_seek_eyes"
    },
    "ic:bob": {
      "textures": "textures/items/spawn_eggs/ic_bob"
    },
    "ic:a60": {
      "textures": "textures/items/spawn_eggs/ic_a60"
    },
    "ic:a90": {
      "textures": "textures/items/spawn_eggs/ic_a90"
    },
    "ic:a120": {
      "textures": "textures/items/spawn_eggs/ic_a120"
    },
    "ic:seek_hand": {
      "textures": "textures/items/spawn_eggs/ic_seek_hand"
    },
    "ic:rift": {
      "textures": "textures/items/spawn_eggs/ic_rift"
    },
  "ic:door": {
      "textures": "textures/items/ic_door"
    },
    "ic:door_lock": {
      "textures": "textures/items/ic_door_locked"
    },
    "ic:door_skull": {
      "textures": "textures/items/ic_door_skull"
    },
    "ic:door_main": {
      "textures": "textures/items/ic_door_main"
    },
    "ic:wardrobe": {
      "textures": "textures/items/ic_wardrobe"
    },
    "ic:cupboard": {
      "textures": "textures/items/ic_cupboard"
    },
    "ic:locker": {
      "textures": "textures/items/ic_locker"
    },
    "ic:grand_door": {
      "textures": "textures/items/ic_grand_door"
    },
    "ic:gate_large": {
      "textures": "textures/items/ic_gate_large"
    },
    "ic:suitcase": {
      "textures": "textures/items/ic_suitcase"
    },
    "ic:rack": {
      "textures": "textures/items/ic_rack"
    },
    "ic:table1": {
      "textures": "textures/items/ic_table1"
    },
    "ic:table2": {
      "textures": "textures/items/ic_table2"
    },
    "ic:table3": {
      "textures": "textures/items/ic_table3"
    },
    "ic:entity_remover": {
      "textures": "textures/items/ic_entity_remover"
    },
    "ic:key_normal": {
      "textures": "textures/items/ic_key"
    },
    "ic:key_skull": {
      "textures": "textures/items/ic_skeleton_key"
    },
    "ic:lockpick": {
      "textures": "textures/items/ic_lockpick"
    },
    "ic:crucifix": {
      "textures": "textures/items/ic_crucifix"
    },
    "ic:lighter": {
      "textures": "textures/items/ic_lighter"
    },
    "ic:flashlight": {
      "textures": "textures/items/ic_flashlight"
    },
    "ic:tablet": {
      "textures": "textures/items/ic_tablet"
    },
    "ic:crucifix_extended": {
      "textures": "textures/items/ic_crucifix_extended"
    },
    "ic:gummy_flashlight": {
      "textures": "textures/items/ic_gummy_flashlight"
    },
    "ic:candle": {
      "textures": "textures/items/ic_candle"
    },
    "ic:vitamins": {
      "textures": "textures/items/ic_vitamins"
    }  
  }
}