{
	"format_version": "1.12.0",
	"minecraft:geometry": [
		{
			"description": {
				"identifier": "geometry.akaza",
				"texture_width": 64,
				"texture_height": 64,
				"visible_bounds_width": 3,
				"visible_bounds_height": 3,
				"visible_bounds_offset": [0, 1.5, 0]
			},
			"bones": [
				{
					"name": "root",
					"pivot": [0, 0, 0]
				},
				{
					"name": "waist",
					"parent": "root",
					"pivot": [0, 12, 0]
				},
				{
					"name": "body",
					"parent": "waist",
					"pivot": [0, 24, 0],
					"cubes": [
						{
							"origin": [-4, 12, -2],
							"size": [8, 12, 4],
							"uv": {
								"north": {"uv": [0, 40], "uv_size": [17, 24]},
								"east": {"uv": [26, 40], "uv_size": [7, 24]},
								"south": {"uv": [17, 40], "uv_size": [17, 24]},
								"west": {"uv": [17, 40], "uv_size": [9, 24]},
								"up": {"uv": [0, 41], "uv_size": [17, -1]},
								"down": {"uv": [28, 0], "uv_size": [7, 9]}
							}
						}
					]
				},
				{
					"name": "head",
					"parent": "body",
					"pivot": [0, 24, 0],
					"cubes": [
						{
							"origin": [-4, 24, -4],
							"size": [8, 8, 8],
							"uv": {
								"north": {"uv": [9, 0], "uv_size": [18, 19]},
								"east": {"uv": [0, 0], "uv_size": [9, 19]},
								"south": {"uv": [9, 19], "uv_size": [18, 19]},
								"west": {"uv": [0, 19], "uv_size": [9, 19]},
								"up": {"uv": [26, 37], "uv_size": [-16, -17]},
								"down": {"uv": [20, 18], "uv_size": [-4, -2]}
							}
						}
					]
				},
				{
					"name": "hat",
					"parent": "head",
					"pivot": [0, 24, 0],
					"cubes": [
						{
							"origin": [-3.82, 24.18, -3.82],
							"size": [7.64, 7.64, 7.64],
							"inflate": 0.5,
							"uv": {
								"north": {"uv": [38, 32], "uv_size": [10, 7]},
								"east": {"uv": [31, 29], "uv_size": [7, 10]},
								"south": {"uv": [55, 30], "uv_size": [8, 10]},
								"west": {"uv": [48, 29], "uv_size": [7, 10]},
								"up": {"uv": [48, 32], "uv_size": [-10, -8]},
								"down": {"uv": [48, 64], "uv_size": [-10, -12]}
							}
						}
					]
				},
				{
					"name": "cape",
					"parent": "body",
					"pivot": [0, 24, 3]
				},
				{
					"name": "leftArm",
					"parent": "body",
					"pivot": [5, 22, 0],
					"cubes": [
						{
							"origin": [4, 12, -2],
							"size": [4, 12, 4],
							"uv": {
								"north": {"uv": [28, 0], "uv_size": [7, 24]},
								"east": {"uv": [28, 0], "uv_size": [7, 24]},
								"south": {"uv": [28, 0], "uv_size": [7, 24]},
								"west": {"uv": [28, 0], "uv_size": [7, 24]},
								"up": {"uv": [35, 9], "uv_size": [-7, -9]},
								"down": {"uv": [35, 24], "uv_size": [-7, -1]}
							}
						}
					]
				},
				{
					"name": "leftItem",
					"parent": "leftArm",
					"pivot": [6, 15, 1]
				},
				{
					"name": "rightArm",
					"parent": "body",
					"pivot": [-5, 22, 0],
					"cubes": [
						{
							"origin": [-8, 12, -2],
							"size": [4, 12, 4],
							"uv": {
								"north": {"uv": [28, 0], "uv_size": [7, 24]},
								"east": {"uv": [28, 0], "uv_size": [7, 24]},
								"south": {"uv": [28, 0], "uv_size": [7, 24]},
								"west": {"uv": [28, 0], "uv_size": [7, 24]},
								"up": {"uv": [35, 8], "uv_size": [-7, -8]},
								"down": {"uv": [35, 24], "uv_size": [-7, -1]}
							}
						}
					]
				},
				{
					"name": "rightItem",
					"parent": "rightArm",
					"pivot": [-6, 15, 1],
					"locators": {
						"lead_hold": [-6, 15, 1]
					}
				},
				{
					"name": "leftLeg",
					"parent": "root",
					"pivot": [1.9, 12, 0],
					"cubes": [
						{
							"origin": [-0.1, 0, -2],
							"size": [4, 12, 4],
							"uv": {
								"north": {"uv": [45, 0], "uv_size": [9, 24]},
								"east": {"uv": [45, 0], "uv_size": [9, 24]},
								"south": {"uv": [45, 0], "uv_size": [9, 24]},
								"west": {"uv": [45, 0], "uv_size": [9, 24]},
								"up": {"uv": [54, 6], "uv_size": [-9, -6]},
								"down": {"uv": [54, 24], "uv_size": [-9, -1]}
							}
						}
					]
				},
				{
					"name": "rightLeg",
					"parent": "root",
					"pivot": [-1.9, 12, 0],
					"cubes": [
						{
							"origin": [-3.9, 0, -2],
							"size": [4, 12, 4],
							"uv": {
								"north": {"uv": [54, 0], "uv_size": [9, 24]},
								"east": {"uv": [54, 0], "uv_size": [9, 24]},
								"south": {"uv": [54, 0], "uv_size": [9, 24]},
								"west": {"uv": [54, 0], "uv_size": [9, 24]},
								"up": {"uv": [63, 5], "uv_size": [-9, -5]},
								"down": {"uv": [63, 24], "uv_size": [-9, -1]}
							}
						}
					]
				}
			]
		}
	]
}
