{
	"format_version": "1.12.0",
	"minecraft:geometry": [
		{
			"description": {
				"identifier": "geometry.crow",
				"texture_width": 32,
				"texture_height": 32,
				"visible_bounds_width": 2,
				"visible_bounds_height": 1.5,
				"visible_bounds_offset": [0, 0.25, 0]
			},
			"bones": [
				{
					"name": "body",
					"pivot": [0, 4.5, -4],
					"rotation": [65, 0, 0],
					"cubes": [
						{
							"origin": [-1.5, -1.5, -5.5],
							"size": [3, 6, 2],
							"uv": {
								"north": {"uv": [19, 31], "uv_size": [12, -12]},
								"east": {"uv": [19, 31], "uv_size": [12, -12]},
								"south": {"uv": [19, 31], "uv_size": [2, -12]},
								"west": {"uv": [19, 31], "uv_size": [12, -12]},
								"up": {"uv": [31, 19], "uv_size": [-12, 12]},
								"down": {"uv": [31, 19], "uv_size": [-12, 12]}
							}
						}
					]
				},
				{
					"name": "wing0",
					"parent": "body",
					"pivot": [1.5, 4.1, -3.8],
					"rotation": [10, 0, 0],
					"cubes": [
						{
							"origin": [1, -0.9, -6.3],
							"size": [1, 5, 3],
							"uv": {
								"north": {"uv": [25, 19], "uv_size": [6, 12]},
								"east": {"uv": [19, 19], "uv_size": [1, 12]},
								"south": {"uv": [19, 19], "uv_size": [1, 12]},
								"west": {"uv": [25, 19], "uv_size": [6, 12]},
								"up": {"uv": [31, 31], "uv_size": [-6, -12]},
								"down": {"uv": [31, 31], "uv_size": [-6, -12]}
							}
						}
					]
				},
				{
					"name": "wing1",
					"parent": "body",
					"pivot": [-1.5, 4.1, -3.8],
					"rotation": [10, 0, 0],
					"cubes": [
						{
							"origin": [-2, -0.9, -6.3],
							"size": [1, 5, 3],
							"uv": {
								"north": {"uv": [19, 31], "uv_size": [6, -12]},
								"east": {"uv": [19, 31], "uv_size": [6, -12]},
								"south": {"uv": [19, 31], "uv_size": [1, -12]},
								"west": {"uv": [19, 31], "uv_size": [1, -12]},
								"up": {"uv": [25, 19], "uv_size": [-6, 12]},
								"down": {"uv": [25, 19], "uv_size": [-6, 12]}
							}
						}
					]
				},
				{
					"name": "head",
					"pivot": [0, 4.3, -3.8],
					"cubes": [
						{
							"origin": [-1, 3.8, -4.8],
							"size": [2, 2, 2],
							"uv": {
								"north": {"uv": [19, 19], "uv_size": [12, 12]},
								"east": {"uv": [31, 1], "uv_size": [-12, 12]},
								"south": {"uv": [19, 19], "uv_size": [12, 12]},
								"west": {"uv": [19, 1], "uv_size": [12, 12]},
								"up": {"uv": [20, 31], "uv_size": [-1, -12]},
								"down": {"uv": [31, 31], "uv_size": [-12, -12]}
							}
						},
						{
							"origin": [-0.5, 3.8, -5.7],
							"size": [1, 1, 1],
							"uv": {
								"north": {"uv": [19, 19], "uv_size": [12, 12]},
								"east": {"uv": [19, 19], "uv_size": [12, 12]},
								"south": {"uv": [19, 19], "uv_size": [12, 12]},
								"west": {"uv": [19, 19], "uv_size": [12, 12]},
								"up": {"uv": [31, 31], "uv_size": [-12, -12]},
								"down": {"uv": [31, 31], "uv_size": [-12, -12]}
							}
						}
					]
				},
				{
					"name": "tail",
					"pivot": [0, 2.9, 1.2],
					"rotation": [50, 0, 0],
					"cubes": [
						{
							"origin": [-1.5, -0.52784, 4.77098],
							"size": [3, 3, 0.5],
							"pivot": [0, -1.42784, 2.57098],
							"rotation": [50, 0, 0],
							"uv": {
								"north": {"uv": [19, 19], "uv_size": [12, 12]},
								"east": {"uv": [19, 19], "uv_size": [12, 12]},
								"south": {"uv": [19, 19], "uv_size": [1, 12]},
								"west": {"uv": [19, 19], "uv_size": [12, 12]},
								"up": {"uv": [20, 31], "uv_size": [-1, -12]},
								"down": {"uv": [31, 31], "uv_size": [-12, -12]}
							}
						}
					]
				},
				{
					"name": "leg0",
					"pivot": [1.5, 1, -0.5],
					"cubes": [
						{
							"origin": [0.5, 0, -1.5],
							"size": [1, 2, 1],
							"uv": {
								"north": {"uv": [19, 19], "uv_size": [12, 12]},
								"east": {"uv": [19, 19], "uv_size": [12, 12]},
								"south": {"uv": [19, 19], "uv_size": [12, 12]},
								"west": {"uv": [19, 19], "uv_size": [12, 12]},
								"up": {"uv": [31, 31], "uv_size": [-12, -12]},
								"down": {"uv": [31, 31], "uv_size": [-12, -12]}
							}
						},
						{
							"origin": [0.5, 0, -2.5],
							"size": [1, 0.1, 1],
							"uv": {
								"north": {"uv": [19, 19], "uv_size": [12, 12]},
								"east": {"uv": [19, 19], "uv_size": [12, 12]},
								"south": {"uv": [19, 19], "uv_size": [12, 12]},
								"west": {"uv": [19, 19], "uv_size": [12, 12]},
								"up": {"uv": [31, 31], "uv_size": [-12, -12]},
								"down": {"uv": [31, 31], "uv_size": [-12, -12]}
							}
						}
					]
				},
				{
					"name": "leg1",
					"pivot": [-0.5, 1, -0.5],
					"cubes": [
						{
							"origin": [-1.5, 0, -1.5],
							"size": [1, 2, 1],
							"uv": {
								"north": {"uv": [19, 19], "uv_size": [12, 12]},
								"east": {"uv": [19, 19], "uv_size": [12, 12]},
								"south": {"uv": [19, 19], "uv_size": [12, 12]},
								"west": {"uv": [19, 19], "uv_size": [12, 12]},
								"up": {"uv": [31, 31], "uv_size": [-12, -12]},
								"down": {"uv": [31, 31], "uv_size": [-12, -12]}
							}
						},
						{
							"origin": [-1.5, 0, -2.5],
							"size": [1, 0.1, 1],
							"uv": {
								"north": {"uv": [19, 19], "uv_size": [12, 12]},
								"east": {"uv": [19, 19], "uv_size": [12, 12]},
								"south": {"uv": [19, 19], "uv_size": [12, 12]},
								"west": {"uv": [19, 19], "uv_size": [12, 12]},
								"up": {"uv": [31, 31], "uv_size": [-12, -12]},
								"down": {"uv": [31, 31], "uv_size": [-12, -12]}
							}
						}
					]
				},
				{
					"name": "hide",
					"pivot": [0, 0, 0]
				}
			]
		}
	]
}