{
	"format_version": "1.12.0",
	"minecraft:geometry": [
		{
			"description": {
				"identifier": "geometry.daki",
				"texture_width": 64,
				"texture_height": 64,
				"visible_bounds_width": 3,
				"visible_bounds_height": 3,
				"visible_bounds_offset": [0, 1.5, 0]
			},
			"bones": [
				{
					"name": "root",
					"pivot": [0, 0, 0]
				},
				{
					"name": "waist",
					"parent": "root",
					"pivot": [0, 12, 0]
				},
				{
					"name": "body",
					"parent": "waist",
					"pivot": [0, 24, 0],
					"cubes": [
						{
							"origin": [-3.5, 12, -2],
							"size": [7, 9, 4],
							"uv": {
								"north": {"uv": [0, 46.75], "uv_size": [17.5, 17.25]},
								"east": {"uv": [17.5, 46.75], "uv_size": [4, 17.25]},
								"south": {"uv": [17.5, 46.75], "uv_size": [17, 17.25]},
								"west": {"uv": [17.5, 46.75], "uv_size": [4, 17.25]},
								"up": {"uv": [0, 41], "uv_size": [17.5, -1]},
								"down": {"uv": [28, 20], "uv_size": [7, -4]}
							}
						},
						{
							"origin": [-3.5, 21, -2],
							"size": [7, 3, 4],
							"uv": {
								"north": {"uv": [0, 40], "uv_size": [17.5, 6.75]},
								"east": {"uv": [16.5, 40], "uv_size": [4, 6.75]},
								"south": {"uv": [17.5, 40], "uv_size": [17, 6.75]},
								"west": {"uv": [16.5, 40], "uv_size": [4, 6.75]},
								"up": {"uv": [0, 41], "uv_size": [17.5, -1]},
								"down": {"uv": [28, 20], "uv_size": [7, -4]}
							}
						},
						{
							"origin": [-3.465, 19.8, -2.99985],
							"size": [6.93, 4.2, 2.9997],
							"pivot": [0, 22.5, -1.5],
							"rotation": [-15, 0, 0],
							"uv": {
								"north": {"uv": [0, 40], "uv_size": [17.5, 6]},
								"east": {"uv": [16.5, 40], "uv_size": [4, 7.5]},
								"south": {"uv": [18.5, 42], "uv_size": [15, 22]},
								"west": {"uv": [16.5, 40], "uv_size": [4, 7.5]},
								"up": {"uv": [0, 41], "uv_size": [17.5, -1]},
								"down": {"uv": [0, 45.75], "uv_size": [17.25, 1.75]}
							}
						},
						{
							"origin": [-3.96688, 12.06612, 1.6],
							"size": [7.93376, 11.86776, 0],
							"inflate": 0.5,
							"pivot": [0, 24, 3.46688],
							"rotation": [2.44148, -0.11122, 0.52381],
							"uv": {
								"north": {"uv": [50, 41.25], "uv_size": [8, 8]},
								"east": {"uv": [57.75, 45.5], "uv_size": [-5, 3]},
								"south": {"uv": [64, 35.25], "uv_size": [-6, 4]},
								"west": {"uv": [51.25, 41], "uv_size": [5, 3]},
								"up": {"uv": [57, 43.25], "uv_size": [6, -2]},
								"down": {"uv": [60.5, 45.25], "uv_size": [-10, 7]}
							}
						}
					]
				},
				{
					"name": "head",
					"parent": "body",
					"pivot": [0, 24, 0],
					"cubes": [
						{
							"origin": [-3.6, 24, -3.6],
							"size": [7.2, 7.2, 7.2],
							"uv": {
								"north": {"uv": [9, 0], "uv_size": [18, 19]},
								"east": {"uv": [0, 0], "uv_size": [9, 19]},
								"south": {"uv": [9, 19], "uv_size": [18, 19]},
								"west": {"uv": [0, 0], "uv_size": [9, 19]},
								"up": {"uv": [26, 30], "uv_size": [-16, -10]},
								"down": {"uv": [20, 17], "uv_size": [-4, 0]}
							}
						}
					]
				},
				{
					"name": "hat",
					"parent": "head",
					"pivot": [0, 21.6, 0],
					"cubes": [
						{
							"origin": [-3.52019, 24.10951, -3.52019],
							"size": [7.04038, 6.98098, 7.04038],
							"inflate": 0.5,
							"uv": {
								"north": {"uv": [40.5, 28], "uv_size": [8.5, 8]},
								"east": {"uv": [56, 33], "uv_size": [-5, 3]},
								"south": {"uv": [64, 33], "uv_size": [-6, 3]},
								"west": {"uv": [51, 33], "uv_size": [5, 3]},
								"up": {"uv": [58, 33], "uv_size": [6, 3]},
								"down": {"uv": [58, 28], "uv_size": [-6, 2.75]}
							}
						},
						{
							"origin": [14.47981, 30.10951, -2.47981],
							"size": [0.04038, 0.98098, 0],
							"inflate": 0.5,
							"pivot": [7.5, 30.1, 3.52019],
							"rotation": [0, 0, 125],
							"uv": {
								"north": {"uv": [36, 36.75], "uv_size": [2.25, 5.5]},
								"east": {"uv": [52, 43.25], "uv_size": [8, 8]},
								"south": {"uv": [52, 43.25], "uv_size": [8, 8]},
								"west": {"uv": [52, 43.25], "uv_size": [8, 8]},
								"up": {"uv": [60, 51.25], "uv_size": [-8, -8]},
								"down": {"uv": [60, 51.25], "uv_size": [-8, -8]}
							}
						},
						{
							"origin": [4.47981, 28.10951, -0.47981],
							"size": [0.04038, 0.98098, 0],
							"inflate": 0.5,
							"pivot": [7.5, 30.1, 3.52019],
							"rotation": [0, 0, 45],
							"uv": {
								"north": {"uv": [40.75, 36.75], "uv_size": [4.5, 5.5]},
								"east": {"uv": [52, 43.25], "uv_size": [8, 8]},
								"south": {"uv": [52, 43.25], "uv_size": [8, 8]},
								"west": {"uv": [52, 43.25], "uv_size": [8, 8]},
								"up": {"uv": [60, 51.25], "uv_size": [-8, -8]},
								"down": {"uv": [60, 51.25], "uv_size": [-8, -8]}
							}
						},
						{
							"origin": [-4.52019, 28.10951, -0.47981],
							"size": [0.04038, 0.98098, 0],
							"inflate": 0.5,
							"pivot": [-7.5, 30.1, 3.52019],
							"rotation": [0, 0, -45],
							"uv": {
								"north": {"uv": [45.25, 36.75], "uv_size": [-4.5, 5.5]},
								"east": {"uv": [60, 43.25], "uv_size": [-8, 8]},
								"south": {"uv": [60, 43.25], "uv_size": [-8, 8]},
								"west": {"uv": [60, 43.25], "uv_size": [-8, 8]},
								"up": {"uv": [52, 51.25], "uv_size": [8, -8]},
								"down": {"uv": [52, 51.25], "uv_size": [8, -8]}
							}
						},
						{
							"origin": [2.13666, 33.76636, -0.47981],
							"size": [0.04038, 0.98098, 0],
							"inflate": 0.5,
							"pivot": [-0.5, 30.1, -1.47981],
							"rotation": [0, 0, 65],
							"uv": {
								"north": {"uv": [40.75, 36.75], "uv_size": [4.5, 5.5]},
								"east": {"uv": [52, 43.25], "uv_size": [8, 8]},
								"south": {"uv": [52, 43.25], "uv_size": [8, 8]},
								"west": {"uv": [52, 43.25], "uv_size": [8, 8]},
								"up": {"uv": [60, 51.25], "uv_size": [-8, -8]},
								"down": {"uv": [60, 51.25], "uv_size": [-8, -8]}
							}
						},
						{
							"origin": [-2.17705, 33.76636, -0.47981],
							"size": [0.04038, 0.98098, 0],
							"inflate": 0.5,
							"pivot": [0.5, 30.1, -1.47981],
							"rotation": [0, 0, -65],
							"uv": {
								"north": {"uv": [45.25, 36.75], "uv_size": [-4.5, 5.5]},
								"east": {"uv": [60, 43.25], "uv_size": [-8, 8]},
								"south": {"uv": [60, 43.25], "uv_size": [-8, 8]},
								"west": {"uv": [60, 43.25], "uv_size": [-8, 8]},
								"up": {"uv": [52, 51.25], "uv_size": [8, -8]},
								"down": {"uv": [52, 51.25], "uv_size": [8, -8]}
							}
						},
						{
							"origin": [3.29143, 32.95375, -0.47981],
							"size": [0.04038, 0.98098, 0],
							"inflate": 0.5,
							"pivot": [1.5, 30.1, -1.47981],
							"rotation": [0, 0, 100],
							"uv": {
								"north": {"uv": [40.75, 36.75], "uv_size": [4.5, 5.5]},
								"east": {"uv": [52, 43.25], "uv_size": [8, 8]},
								"south": {"uv": [52, 43.25], "uv_size": [8, 8]},
								"west": {"uv": [52, 43.25], "uv_size": [8, 8]},
								"up": {"uv": [60, 51.25], "uv_size": [-8, -8]},
								"down": {"uv": [60, 51.25], "uv_size": [-8, -8]}
							}
						},
						{
							"origin": [-3.33181, 32.95375, -0.47981],
							"size": [0.04038, 0.98098, 0],
							"inflate": 0.5,
							"pivot": [-1.5, 30.1, -1.47981],
							"rotation": [0, 0, -100],
							"uv": {
								"north": {"uv": [45.25, 36.75], "uv_size": [-4.5, 5.5]},
								"east": {"uv": [60, 43.25], "uv_size": [-8, 8]},
								"south": {"uv": [60, 43.25], "uv_size": [-8, 8]},
								"west": {"uv": [60, 43.25], "uv_size": [-8, 8]},
								"up": {"uv": [52, 51.25], "uv_size": [8, -8]},
								"down": {"uv": [52, 51.25], "uv_size": [8, -8]}
							}
						},
						{
							"origin": [-14.52019, 30.10951, -2.47981],
							"size": [0.04038, 0.98098, 0],
							"inflate": 0.5,
							"pivot": [-7.5, 30.1, 3.52019],
							"rotation": [0, 0, -125],
							"uv": {
								"north": {"uv": [38.25, 36.75], "uv_size": [-2.25, 5.5]},
								"east": {"uv": [60, 43.25], "uv_size": [-8, 8]},
								"south": {"uv": [60, 43.25], "uv_size": [-8, 8]},
								"west": {"uv": [60, 43.25], "uv_size": [-8, 8]},
								"up": {"uv": [52, 51.25], "uv_size": [8, -8]},
								"down": {"uv": [52, 51.25], "uv_size": [8, -8]}
							}
						},
						{
							"origin": [13.47981, 29.10951, -2.47981],
							"size": [0.04038, 0.98098, 0],
							"inflate": 0.5,
							"pivot": [7.5, 30.1, 3.52019],
							"rotation": [0, 0, 125],
							"uv": {
								"north": {"uv": [36, 36.75], "uv_size": [2.25, 5.5]},
								"east": {"uv": [52, 43.25], "uv_size": [8, 8]},
								"south": {"uv": [52, 43.25], "uv_size": [8, 8]},
								"west": {"uv": [52, 43.25], "uv_size": [8, 8]},
								"up": {"uv": [60, 51.25], "uv_size": [-8, -8]},
								"down": {"uv": [60, 51.25], "uv_size": [-8, -8]}
							}
						},
						{
							"origin": [-13.52019, 29.10951, -2.47981],
							"size": [0.04038, 0.98098, 0],
							"inflate": 0.5,
							"pivot": [-7.5, 30.1, 3.52019],
							"rotation": [0, 0, -125],
							"uv": {
								"north": {"uv": [38.25, 36.75], "uv_size": [-2.25, 5.5]},
								"east": {"uv": [60, 43.25], "uv_size": [-8, 8]},
								"south": {"uv": [60, 43.25], "uv_size": [-8, 8]},
								"west": {"uv": [60, 43.25], "uv_size": [-8, 8]},
								"up": {"uv": [52, 51.25], "uv_size": [8, -8]},
								"down": {"uv": [52, 51.25], "uv_size": [8, -8]}
							}
						}
					]
				},
				{
					"name": "cape",
					"parent": "body",
					"pivot": [0, 24, 3]
				},
				{
					"name": "leftArm",
					"parent": "body",
					"pivot": [5, 22, 0],
					"cubes": [
						{
							"origin": [3.2, 12, -1.8],
							"size": [3.6, 12, 3.6],
							"uv": {
								"north": {"uv": [46, 0], "uv_size": [-9.5, 24]},
								"east": {"uv": [46, 0], "uv_size": [-9.5, 24]},
								"south": {"uv": [46, 0], "uv_size": [-9.5, 24]},
								"west": {"uv": [46, 0], "uv_size": [-9.5, 24]},
								"up": {"uv": [36.5, 9], "uv_size": [9.5, -9]},
								"down": {"uv": [36.5, 24], "uv_size": [9.5, -4]}
							}
						}
					]
				},
				{
					"name": "rightArm",
					"parent": "body",
					"pivot": [-5, 22, 0],
					"cubes": [
						{
							"origin": [-6.8, 12, -1.8],
							"size": [3.6, 12, 3.6],
							"uv": {
								"north": {"uv": [36.5, 0], "uv_size": [9.5, 24]},
								"east": {"uv": [36.5, 0], "uv_size": [9.5, 24]},
								"south": {"uv": [36.5, 0], "uv_size": [9.5, 24]},
								"west": {"uv": [36.5, 0], "uv_size": [9.5, 24]},
								"up": {"uv": [46, 9], "uv_size": [-9.5, -9]},
								"down": {"uv": [46, 24], "uv_size": [-9.5, -4]}
							}
						}
					]
				},
				{
					"name": "leftLeg",
					"parent": "root",
					"pivot": [1.9, 12, 0],
					"cubes": [
						{
							"origin": [0, 0, -1.8],
							"size": [3.6, 12, 3.6],
							"uv": {
								"north": {"uv": [36.5, 0], "uv_size": [-9, 24]},
								"east": {"uv": [55, 0], "uv_size": [9, 24]},
								"south": {"uv": [27.5, 0], "uv_size": [9, 24]},
								"west": {"uv": [46, 0], "uv_size": [9, 24]},
								"up": {"uv": [55, 7.75], "uv_size": [9, -7.75]},
								"down": {"uv": [30.5, 22], "uv_size": [0, 0.25]}
							}
						}
					]
				},
				{
					"name": "rightLeg",
					"parent": "root",
					"pivot": [-1.9, 12, 0],
					"cubes": [
						{
							"origin": [-3.6, 0, -1.8],
							"size": [3.6, 12, 3.6],
							"uv": {
								"north": {"uv": [27.5, 0], "uv_size": [9, 24]},
								"east": {"uv": [46, 0], "uv_size": [9, 24]},
								"south": {"uv": [36.5, 0], "uv_size": [-9, 24]},
								"west": {"uv": [55, 0], "uv_size": [9, 24]},
								"up": {"uv": [64, 7.75], "uv_size": [-9, -7.75]},
								"down": {"uv": [32, 22], "uv_size": [-0.75, -1]}
							}
						}
					]
				}
			]
		}
	]
}