{
	"format_version": "1.12.0",
	"minecraft:geometry": [
		{
			"description": {
				"identifier": "geometry.enmu",
				"texture_width": 64,
				"texture_height": 64,
				"visible_bounds_width": 3,
				"visible_bounds_height": 3,
				"visible_bounds_offset": [0, 1.5, 0]
			},
			"bones": [
				{
					"name": "root",
					"pivot": [0, 0, 0]
				},
				{
					"name": "waist",
					"parent": "root",
					"pivot": [0, 12, 0]
				},
				{
					"name": "body",
					"parent": "waist",
					"pivot": [0, 24, 0],
					"cubes": [
						{
							"origin": [-4, 12, -2],
							"size": [8, 12, 4],
							"uv": {
								"north": {"uv": [0, 40], "uv_size": [17, 24]},
								"east": {"uv": [2, 40], "uv_size": [-2, 24]},
								"south": {"uv": [17, 40], "uv_size": [17, 24]},
								"west": {"uv": [0, 40], "uv_size": [2, 24]},
								"up": {"uv": [0, 43], "uv_size": [17, -3]},
								"down": {"uv": [22, 59], "uv_size": [8, -4]}
							}
						}
					]
				},
				{
					"name": "head",
					"parent": "body",
					"pivot": [0, 24, 0],
					"cubes": [
						{
							"origin": [-4, 24, -4],
							"size": [8, 8, 8],
							"uv": {
								"north": {"uv": [9, 0], "uv_size": [18, 19]},
								"east": {"uv": [0, 0], "uv_size": [9, 19]},
								"south": {"uv": [9, 19], "uv_size": [18, 19]},
								"west": {"uv": [9, 0], "uv_size": [-9, 19]},
								"up": {"uv": [27, 38], "uv_size": [-18, -19]},
								"down": {"uv": [24, 18], "uv_size": [-12, -1]}
							}
						},
						{
							"origin": [-4.4, 23.6, -4.4],
							"size": [8.8, 8.8, 8.8],
							"uv": {
								"north": {"uv": [45, 0], "uv_size": [9, 10]},
								"east": {"uv": [54, 0], "uv_size": [5, 10]},
								"south": {"uv": [55, 10], "uv_size": [9, 10]},
								"west": {"uv": [59, 0], "uv_size": [-5, 10]},
								"up": {"uv": [55, 20], "uv_size": [-10, -10]},
								"down": {"uv": [63, 23], "uv_size": [-17, -2]}
							}
						}
					]
				},
				{
					"name": "rightArm",
					"parent": "body",
					"pivot": [-5, 22, 0],
					"cubes": [
						{
							"origin": [-8, 18, -2],
							"size": [4, 6, 4],
							"uv": {
								"north": {"uv": [27, 0], "uv_size": [9, 12]},
								"east": {"uv": [36, 0], "uv_size": [-9, 12]},
								"south": {"uv": [27, 0], "uv_size": [9, 12]},
								"west": {"uv": [36, 0], "uv_size": [-9, 12]},
								"up": {"uv": [36, 4], "uv_size": [-9, -4]},
								"down": {"uv": [40.25, 22], "uv_size": [0.25, -1]}
							}
						}
					]
				},
				{
					"name": "rightArm2",
					"parent": "rightArm",
					"pivot": [-5, 18, 2],
					"cubes": [
						{
							"origin": [-8, 12, -2],
							"size": [4, 6, 4],
							"uv": {
								"north": {"uv": [27, 12], "uv_size": [9, 12]},
								"east": {"uv": [36, 12], "uv_size": [-9, 12]},
								"south": {"uv": [27, 12], "uv_size": [9, 12]},
								"west": {"uv": [36, 12], "uv_size": [-9, 12]},
								"up": {"uv": [36, 4], "uv_size": [-9, -4]},
								"down": {"uv": [35, 22], "uv_size": [-7, -1]}
							}
						}
					]
				},
				{
					"name": "leftArm",
					"parent": "body",
					"pivot": [5, 22, 0],
					"cubes": [
						{
							"origin": [4, 18, -2],
							"size": [4, 6, 4],
							"uv": {
								"north": {"uv": [36, 0], "uv_size": [-9, 12]},
								"east": {"uv": [27, 0], "uv_size": [9, 12]},
								"south": {"uv": [36, 0], "uv_size": [-9, 12]},
								"west": {"uv": [27, 0], "uv_size": [9, 12]},
								"up": {"uv": [27, 4], "uv_size": [9, -4]},
								"down": {"uv": [40.5, 22], "uv_size": [-0.25, -1]}
							}
						}
					]
				},
				{
					"name": "leftArm2",
					"parent": "leftArm",
					"pivot": [5, 18, 2],
					"cubes": [
						{
							"origin": [4, 12, -2],
							"size": [4, 6, 4],
							"uv": {
								"north": {"uv": [36, 12], "uv_size": [-9, 12]},
								"east": {"uv": [27, 12], "uv_size": [9, 12]},
								"south": {"uv": [36, 12], "uv_size": [-9, 12]},
								"west": {"uv": [27, 12], "uv_size": [9, 12]},
								"up": {"uv": [27, 4], "uv_size": [9, -4]},
								"down": {"uv": [28, 22], "uv_size": [7, -1]}
							}
						}
					]
				},
				{
					"name": "Enmu_hand",
					"parent": "leftArm2",
					"pivot": [0, 0, 0]
				},
				{
					"name": "up",
					"parent": "Enmu_hand",
					"pivot": [6, 13.75, -2.1],
					"cubes": [
						{
							"origin": [4.425, 13.2, -2.1],
							"size": [3.15, 1.1, 0],
							"uv": {
								"north": {"uv": [33.5, 25], "uv_size": [-5, 2]},
								"east": {"uv": [64, 0], "uv_size": [0, 0]},
								"south": {"uv": [64, 0], "uv_size": [0, 0]},
								"west": {"uv": [64, 0], "uv_size": [0, 0]},
								"up": {"uv": [64, 0], "uv_size": [0, 0]},
								"down": {"uv": [64, 0], "uv_size": [0, 0]}
							}
						}
					]
				},
				{
					"name": "down",
					"parent": "Enmu_hand",
					"pivot": [6, 12.65, -2.1],
					"cubes": [
						{
							"origin": [4.425, 12.1, -2.1],
							"size": [3.15, 1.1, 0],
							"uv": {
								"north": {"uv": [33.5, 27], "uv_size": [-5, 2]},
								"east": {"uv": [64, 0], "uv_size": [0, 0]},
								"south": {"uv": [64, 0], "uv_size": [0, 0]},
								"west": {"uv": [64, 0], "uv_size": [0, 0]},
								"up": {"uv": [64, 0], "uv_size": [0, 0]},
								"down": {"uv": [64, 0], "uv_size": [0, 0]}
							}
						}
					]
				},
				{
					"name": "rightLeg",
					"parent": "root",
					"pivot": [-1.9, 12, 0],
					"cubes": [
						{
							"origin": [-3.9, 6, -2],
							"size": [4, 6, 4],
							"uv": {
								"north": {"uv": [36, 0], "uv_size": [9, 12]},
								"east": {"uv": [45, 0], "uv_size": [-9, 12]},
								"south": {"uv": [36, 0], "uv_size": [9, 12]},
								"west": {"uv": [45, 0], "uv_size": [-9, 12]},
								"up": {"uv": [45, 4], "uv_size": [-9, -4]},
								"down": {"uv": [32.25, 23], "uv_size": [1.25, -0.25]}
							}
						},
						{
							"origin": [-4, 3, 2],
							"size": [4, 10, 0],
							"pivot": [0, 12, 2],
							"rotation": [5, 0, 0],
							"uv": {
								"north": {"uv": [59, 61], "uv_size": [4, 3]},
								"east": {"uv": [59, 61], "uv_size": [4, 3]},
								"south": {"uv": [45, 24], "uv_size": [9, 15]},
								"west": {"uv": [59, 61], "uv_size": [4, 3]},
								"up": {"uv": [59, 61], "uv_size": [4, 3]},
								"down": {"uv": [59, 61], "uv_size": [4, 3]}
							}
						},
						{
							"origin": [-7, 3, 2],
							"size": [3, 10, 0],
							"pivot": [-4, 12, 2],
							"rotation": [26.74021, -78.83105, -26.30249],
							"uv": {
								"north": {"uv": [59, 61], "uv_size": [4, 3]},
								"east": {"uv": [59, 61], "uv_size": [4, 3]},
								"south": {"uv": [37, 24], "uv_size": [8, 15]},
								"west": {"uv": [59, 61], "uv_size": [4, 3]},
								"up": {"uv": [59, 61], "uv_size": [4, 3]},
								"down": {"uv": [59, 61], "uv_size": [4, 3]}
							}
						},
						{
							"origin": [-4, 3, -2],
							"size": [4, 10, 0],
							"pivot": [0, 12, -2],
							"rotation": [-5, 0, 0],
							"uv": {
								"north": {"uv": [54, 39], "uv_size": [-9, 15]},
								"east": {"uv": [63, 61], "uv_size": [-4, 3]},
								"south": {"uv": [63, 61], "uv_size": [-4, 3]},
								"west": {"uv": [63, 61], "uv_size": [-4, 3]},
								"up": {"uv": [59, 64], "uv_size": [4, -3]},
								"down": {"uv": [59, 64], "uv_size": [4, -3]}
							}
						},
						{
							"origin": [-7, 3, -2],
							"size": [3, 10, 0],
							"pivot": [-4, 12, -2],
							"rotation": [-26.74021, 78.83105, -26.30249],
							"uv": {
								"north": {"uv": [46, 39], "uv_size": [8, 15]},
								"east": {"uv": [59, 61], "uv_size": [4, 3]},
								"south": {"uv": [59, 61], "uv_size": [4, 3]},
								"west": {"uv": [59, 61], "uv_size": [4, 3]},
								"up": {"uv": [63, 64], "uv_size": [-4, -3]},
								"down": {"uv": [63, 64], "uv_size": [-4, -3]}
							}
						}
					]
				},
				{
					"name": "rightLeg2",
					"parent": "rightLeg",
					"pivot": [-1.9, 6, -2],
					"cubes": [
						{
							"origin": [-3.9, 0, -2],
							"size": [4, 6, 4],
							"uv": {
								"north": {"uv": [36, 12], "uv_size": [9, 12]},
								"east": {"uv": [45, 12], "uv_size": [-9, 12]},
								"south": {"uv": [36, 12], "uv_size": [9, 12]},
								"west": {"uv": [45, 12], "uv_size": [-9, 12]},
								"up": {"uv": [36, 4], "uv_size": [-9, -4]},
								"down": {"uv": [45, 24], "uv_size": [-9, -1]}
							}
						}
					]
				},
				{
					"name": "leftLeg",
					"parent": "root",
					"pivot": [1.9, 12, 0],
					"cubes": [
						{
							"origin": [-0.1, 6, -2],
							"size": [4, 6, 4],
							"uv": {
								"north": {"uv": [45, 0], "uv_size": [-9, 12]},
								"east": {"uv": [36, 0], "uv_size": [9, 12]},
								"south": {"uv": [45, 0], "uv_size": [-9, 12]},
								"west": {"uv": [36, 0], "uv_size": [9, 12]},
								"up": {"uv": [36, 4], "uv_size": [9, -4]},
								"down": {"uv": [33.5, 23], "uv_size": [-1.25, -0.25]}
							}
						},
						{
							"origin": [4, 3, -2],
							"size": [3, 10, 0],
							"pivot": [4, 12, -2],
							"rotation": [-26.74021, -78.83105, 26.30249],
							"uv": {
								"north": {"uv": [54, 39], "uv_size": [-8, 15]},
								"east": {"uv": [63, 61], "uv_size": [-4, 3]},
								"south": {"uv": [63, 61], "uv_size": [-4, 3]},
								"west": {"uv": [63, 61], "uv_size": [-4, 3]},
								"up": {"uv": [59, 64], "uv_size": [4, -3]},
								"down": {"uv": [59, 64], "uv_size": [4, -3]}
							}
						},
						{
							"origin": [0, 3, 2],
							"size": [4, 10, 0],
							"pivot": [0, 12, 2],
							"rotation": [5, 0, 0],
							"uv": {
								"north": {"uv": [63, 61], "uv_size": [-4, 3]},
								"east": {"uv": [63, 61], "uv_size": [-4, 3]},
								"south": {"uv": [54, 24], "uv_size": [-9, 15]},
								"west": {"uv": [63, 61], "uv_size": [-4, 3]},
								"up": {"uv": [63, 61], "uv_size": [-4, 3]},
								"down": {"uv": [63, 61], "uv_size": [-4, 3]}
							}
						},
						{
							"origin": [4, 3, 2],
							"size": [3, 10, 0],
							"pivot": [4, 12, 2],
							"rotation": [26.74021, 78.83105, 26.30249],
							"uv": {
								"north": {"uv": [63, 61], "uv_size": [-4, 3]},
								"east": {"uv": [63, 61], "uv_size": [-4, 3]},
								"south": {"uv": [45, 24], "uv_size": [-8, 15]},
								"west": {"uv": [63, 61], "uv_size": [-4, 3]},
								"up": {"uv": [63, 61], "uv_size": [-4, 3]},
								"down": {"uv": [63, 61], "uv_size": [-4, 3]}
							}
						},
						{
							"origin": [0, 3, -2],
							"size": [4, 10, 0],
							"pivot": [0, 12, -2],
							"rotation": [-5, 0, 0],
							"uv": {
								"north": {"uv": [45, 39], "uv_size": [9, 15]},
								"east": {"uv": [59, 61], "uv_size": [4, 3]},
								"south": {"uv": [59, 61], "uv_size": [4, 3]},
								"west": {"uv": [59, 61], "uv_size": [4, 3]},
								"up": {"uv": [63, 64], "uv_size": [-4, -3]},
								"down": {"uv": [63, 64], "uv_size": [-4, -3]}
							}
						}
					]
				},
				{
					"name": "leftLeg2",
					"parent": "leftLeg",
					"pivot": [1.9, 6, -2],
					"cubes": [
						{
							"origin": [-0.1, 0, -2],
							"size": [4, 6, 4],
							"uv": {
								"north": {"uv": [45, 12], "uv_size": [-9, 12]},
								"east": {"uv": [36, 12], "uv_size": [9, 12]},
								"south": {"uv": [45, 12], "uv_size": [-9, 12]},
								"west": {"uv": [36, 12], "uv_size": [9, 12]},
								"up": {"uv": [27, 4], "uv_size": [9, -4]},
								"down": {"uv": [36, 24], "uv_size": [9, -1]}
							}
						}
					]
				}
			]
		}
	]
}