{
	"format_version": "1.12.0",
	"minecraft:geometry": [
		{
			"description": {
				"identifier": "geometry.gyokko",
				"texture_width": 128,
				"texture_height": 128,
				"visible_bounds_width": 3,
				"visible_bounds_height": 4.5,
				"visible_bounds_offset": [0, 1.75, 0]
			},
			"bones": [
				{
					"name": "vas1",
					"pivot": [0, 3, 0],
					"cubes": [
						{
							"origin": [-4, 0, -3],
							"size": [7, 1, 7],
							"uv": {
								"north": {"uv": [62, 21], "uv_size": [7, 1]},
								"east": {"uv": [87, 39], "uv_size": [7, 1]},
								"south": {"uv": [87, 40], "uv_size": [7, 1]},
								"west": {"uv": [87, 41], "uv_size": [7, 1]},
								"up": {"uv": [74, 24], "uv_size": [7, 7]},
								"down": {"uv": [74, 38], "uv_size": [7, -7]}
							}
						},
						{
							"origin": [-5, 0, -2],
							"size": [1, 1, 5],
							"uv": {
								"north": {"uv": [67, 58], "uv_size": [1, 1]},
								"east": {"uv": [88, 22], "uv_size": [5, 1]},
								"south": {"uv": [67, 59], "uv_size": [1, 1]},
								"west": {"uv": [88, 23], "uv_size": [5, 1]},
								"up": {"uv": [23, 88], "uv_size": [1, 5]},
								"down": {"uv": [24, 93], "uv_size": [1, -5]}
							}
						},
						{
							"origin": [3, 0, -2],
							"size": [1, 1, 5],
							"uv": {
								"north": {"uv": [67, 60], "uv_size": [1, 1]},
								"east": {"uv": [88, 24], "uv_size": [5, 1]},
								"south": {"uv": [67, 61], "uv_size": [1, 1]},
								"west": {"uv": [88, 25], "uv_size": [5, 1]},
								"up": {"uv": [47, 88], "uv_size": [1, 5]},
								"down": {"uv": [48, 93], "uv_size": [1, -5]}
							}
						},
						{
							"origin": [-3, 0, 4],
							"size": [5, 1, 1],
							"uv": {
								"north": {"uv": [63, 87], "uv_size": [5, 1]},
								"east": {"uv": [24, 52], "uv_size": [1, 1]},
								"south": {"uv": [7, 88], "uv_size": [5, 1]},
								"west": {"uv": [57, 44], "uv_size": [1, 1]},
								"up": {"uv": [88, 17], "uv_size": [5, 1]},
								"down": {"uv": [18, 89], "uv_size": [5, -1]}
							}
						},
						{
							"origin": [-3, 0, -4],
							"size": [5, 1, 1],
							"uv": {
								"north": {"uv": [88, 18], "uv_size": [5, 1]},
								"east": {"uv": [57, 45], "uv_size": [1, 1]},
								"south": {"uv": [88, 19], "uv_size": [5, 1]},
								"west": {"uv": [21, 61], "uv_size": [1, 1]},
								"up": {"uv": [88, 20], "uv_size": [5, 1]},
								"down": {"uv": [88, 22], "uv_size": [5, -1]}
							}
						},
						{
							"origin": [-4, 3, -3],
							"size": [7, 1, 7],
							"uv": {
								"north": {"uv": [88, 13], "uv_size": [7, 1]},
								"east": {"uv": [88, 14], "uv_size": [7, 1]},
								"south": {"uv": [88, 15], "uv_size": [7, 1]},
								"west": {"uv": [88, 16], "uv_size": [7, 1]},
								"up": {"uv": [49, 75], "uv_size": [7, 7]},
								"down": {"uv": [76, 59], "uv_size": [7, -7]}
							}
						},
						{
							"origin": [-3.2, 0.8, -2.4],
							"size": [5.6, 3.8, 5.6],
							"uv": {
								"north": {"uv": [61, 40], "uv_size": [5.5, 3.75]},
								"east": {"uv": [73, 85], "uv_size": [5.5, 3.75]},
								"south": {"uv": [87, 0], "uv_size": [5.5, 3.75]},
								"west": {"uv": [12, 87], "uv_size": [5.5, 3.75]},
								"up": {"uv": [56, 81], "uv_size": [5.5, 5.5]},
								"down": {"uv": [62, 86.5], "uv_size": [5.5, -5.5]}
							}
						},
						{
							"origin": [-5, 4, -3],
							"size": [2, 1, 7],
							"uv": {
								"north": {"uv": [25, 41], "uv_size": [2, 1]},
								"east": {"uv": [87, 42], "uv_size": [7, 1]},
								"south": {"uv": [36, 42], "uv_size": [2, 1]},
								"west": {"uv": [87, 43], "uv_size": [7, 1]},
								"up": {"uv": [11, 40], "uv_size": [2, 7]},
								"down": {"uv": [8, 69], "uv_size": [2, -7]}
							}
						},
						{
							"origin": [-5, 5, -3],
							"size": [1, 5, 7],
							"uv": {
								"north": {"uv": [27, 36], "uv_size": [1, 5]},
								"east": {"uv": [77, 80], "uv_size": [7, 5]},
								"south": {"uv": [74, 52], "uv_size": [1, 5]},
								"west": {"uv": [81, 5], "uv_size": [7, 5]},
								"up": {"uv": [10, 62], "uv_size": [1, 7]},
								"down": {"uv": [45, 91], "uv_size": [1, -7]}
							}
						},
						{
							"origin": [-6, 10, -3],
							"size": [1, 1, 7],
							"uv": {
								"north": {"uv": [27, 41], "uv_size": [1, 1]},
								"east": {"uv": [88, 9], "uv_size": [7, 1]},
								"south": {"uv": [38, 42], "uv_size": [1, 1]},
								"west": {"uv": [88, 10], "uv_size": [7, 1]},
								"up": {"uv": [80, 85], "uv_size": [1, 7]},
								"down": {"uv": [81, 92], "uv_size": [1, -7]}
							}
						},
						{
							"origin": [-5, 10, -4],
							"size": [1, 1, 9],
							"uv": {
								"north": {"uv": [24, 50], "uv_size": [1, 1]},
								"east": {"uv": [87, 37], "uv_size": [9, 1]},
								"south": {"uv": [24, 51], "uv_size": [1, 1]},
								"west": {"uv": [87, 38], "uv_size": [9, 1]},
								"up": {"uv": [54, 82], "uv_size": [1, 9]},
								"down": {"uv": [55, 91], "uv_size": [1, -9]}
							}
						},
						{
							"origin": [4, 10, -3],
							"size": [1, 1, 7],
							"uv": {
								"north": {"uv": [38, 43], "uv_size": [1, 1]},
								"east": {"uv": [88, 11], "uv_size": [7, 1]},
								"south": {"uv": [38, 44], "uv_size": [1, 1]},
								"west": {"uv": [88, 12], "uv_size": [7, 1]},
								"up": {"uv": [82, 85], "uv_size": [1, 7]},
								"down": {"uv": [83, 92], "uv_size": [1, -7]}
							}
						},
						{
							"origin": [3, 10, -4],
							"size": [1, 1, 9],
							"uv": {
								"north": {"uv": [38, 45], "uv_size": [1, 1]},
								"east": {"uv": [87, 4], "uv_size": [9, 1]},
								"south": {"uv": [13, 49], "uv_size": [1, 1]},
								"west": {"uv": [87, 36], "uv_size": [9, 1]},
								"up": {"uv": [13, 40], "uv_size": [1, 9]},
								"down": {"uv": [53, 91], "uv_size": [1, -9]}
							}
						},
						{
							"origin": [3, 5, -3],
							"size": [1, 5, 7],
							"uv": {
								"north": {"uv": [75, 52], "uv_size": [1, 5]},
								"east": {"uv": [81, 10], "uv_size": [7, 5]},
								"south": {"uv": [47, 77], "uv_size": [1, 5]},
								"west": {"uv": [81, 15], "uv_size": [7, 5]},
								"up": {"uv": [46, 84], "uv_size": [1, 7]},
								"down": {"uv": [79, 92], "uv_size": [1, -7]}
							}
						},
						{
							"origin": [2, 4, -3],
							"size": [2, 1, 7],
							"uv": {
								"north": {"uv": [36, 43], "uv_size": [2, 1]},
								"east": {"uv": [87, 44], "uv_size": [7, 1]},
								"south": {"uv": [36, 44], "uv_size": [2, 1]},
								"west": {"uv": [87, 45], "uv_size": [7, 1]},
								"up": {"uv": [56, 66], "uv_size": [2, 7]},
								"down": {"uv": [6, 78], "uv_size": [2, -7]}
							}
						},
						{
							"origin": [-3, 4, -4],
							"size": [5, 1, 2],
							"uv": {
								"north": {"uv": [64, 73], "uv_size": [5, 1]},
								"east": {"uv": [36, 45], "uv_size": [2, 1]},
								"south": {"uv": [26, 74], "uv_size": [5, 1]},
								"west": {"uv": [11, 47], "uv_size": [2, 1]},
								"up": {"uv": [31, 53], "uv_size": [5, 2]},
								"down": {"uv": [31, 57], "uv_size": [5, -2]}
							}
						},
						{
							"origin": [-4, 5, -4],
							"size": [7, 5, 1],
							"uv": {
								"north": {"uv": [81, 20], "uv_size": [7, 5]},
								"east": {"uv": [81, 20], "uv_size": [7, 5]},
								"south": {"uv": [81, 20], "uv_size": [7, 5]},
								"west": {"uv": [81, 20], "uv_size": [7, 5]},
								"up": {"uv": [88, 25], "uv_size": [-7, -5]},
								"down": {"uv": [88, 25], "uv_size": [-7, -5]}
							}
						},
						{
							"origin": [-3, 4, 3],
							"size": [5, 1, 2],
							"uv": {
								"north": {"uv": [26, 75], "uv_size": [5, 1]},
								"east": {"uv": [11, 48], "uv_size": [2, 1]},
								"south": {"uv": [26, 76], "uv_size": [5, 1]},
								"west": {"uv": [11, 49], "uv_size": [2, 1]},
								"up": {"uv": [69, 36], "uv_size": [5, 2]},
								"down": {"uv": [69, 40], "uv_size": [5, -2]}
							}
						},
						{
							"origin": [-4, 5, 4],
							"size": [7, 5, 1],
							"uv": {
								"north": {"uv": [80, 0], "uv_size": [7, 5]},
								"east": {"uv": [25, 36], "uv_size": [1, 5]},
								"south": {"uv": [70, 80], "uv_size": [7, 5]},
								"west": {"uv": [26, 36], "uv_size": [1, 5]},
								"up": {"uv": [87, 46], "uv_size": [7, 1]},
								"down": {"uv": [87, 48], "uv_size": [7, -1]}
							}
						},
						{
							"origin": [-4, 10, 4],
							"size": [7, 1, 2],
							"uv": {
								"north": {"uv": [88, 5], "uv_size": [7, 1]},
								"east": {"uv": [22, 50], "uv_size": [2, 1]},
								"south": {"uv": [88, 6], "uv_size": [7, 1]},
								"west": {"uv": [22, 51], "uv_size": [2, 1]},
								"up": {"uv": [50, 44], "uv_size": [7, 2]},
								"down": {"uv": [87, 32], "uv_size": [7, -2]}
							}
						},
						{
							"origin": [-4, 10, -5],
							"size": [7, 1, 2],
							"uv": {
								"north": {"uv": [88, 7], "uv_size": [7, 1]},
								"east": {"uv": [22, 52], "uv_size": [2, 1]},
								"south": {"uv": [88, 8], "uv_size": [7, 1]},
								"west": {"uv": [19, 61], "uv_size": [2, 1]},
								"up": {"uv": [87, 32], "uv_size": [7, 2]},
								"down": {"uv": [87, 36], "uv_size": [7, -2]}
							}
						}
					]
				},
				{
					"name": "gyo",
					"pivot": [0, 0, 0]
				},
				{
					"name": "corp",
					"parent": "gyo",
					"pivot": [0, 11, 0],
					"cubes": [
						{
							"origin": [-4, 8, -3],
							"size": [7, 9, 7],
							"uv": {
								"north": {"uv": [76, 59], "uv_size": [7, 7]},
								"east": {"uv": [76, 66], "uv_size": [7, 7]},
								"south": {"uv": [76, 73], "uv_size": [7, 7]},
								"west": {"uv": [26, 77], "uv_size": [7, 7]},
								"up": {"uv": [33, 77], "uv_size": [7, 7]},
								"down": {"uv": [40, 84], "uv_size": [7, -7]}
							}
						},
						{
							"origin": [-0.7, 15.3, -3.7],
							"size": [4.4, 8.4, 8.4],
							"uv": {
								"north": {"uv": [22, 53], "uv_size": [8.5, 8.5]},
								"east": {"uv": [31, 57], "uv_size": [8.5, 8.5]},
								"south": {"uv": [40, 57], "uv_size": [8.5, 8.5]},
								"west": {"uv": [49, 57], "uv_size": [8.5, 8.5]},
								"up": {"uv": [58, 44], "uv_size": [8.5, 8.5]},
								"down": {"uv": [58, 61.5], "uv_size": [8.5, -8.5]}
							}
						},
						{
							"origin": [-4.7, 15.3, -3.7],
							"size": [4.4, 8.4, 8.4],
							"uv": {
								"north": {"uv": [30.5, 53], "uv_size": [-8.5, 8.5]},
								"east": {"uv": [57.5, 57], "uv_size": [-8.5, 8.5]},
								"south": {"uv": [48.5, 57], "uv_size": [-8.5, 8.5]},
								"west": {"uv": [39.5, 57], "uv_size": [-8.5, 8.5]},
								"up": {"uv": [66.5, 44], "uv_size": [-8.5, 8.5]},
								"down": {"uv": [66.5, 61.5], "uv_size": [-8.5, -8.5]}
							}
						},
						{
							"origin": [-0.506, 22.206, -5.044],
							"size": [5.55, 13.588, 11.088],
							"uv": {
								"north": {"uv": [28, 0], "uv_size": [11, 13.5]},
								"east": {"uv": [28, 14], "uv_size": [11, 13.5]},
								"south": {"uv": [28, 28], "uv_size": [11, 13.5]},
								"west": {"uv": [14, 36], "uv_size": [11, 13.5]},
								"up": {"uv": [0, 40], "uv_size": [11, 11]},
								"down": {"uv": [25, 53], "uv_size": [11, -11]}
							}
						},
						{
							"origin": [-6, 22.206, -5.044],
							"size": [5.5, 13.588, 11.088],
							"uv": {
								"north": {"uv": [39, 0], "uv_size": [-11, 13.5]},
								"east": {"uv": [25, 36], "uv_size": [-11, 13.5]},
								"south": {"uv": [39, 28], "uv_size": [-11, 13.5]},
								"west": {"uv": [39, 14], "uv_size": [-11, 13.5]},
								"up": {"uv": [11, 40], "uv_size": [-11, 11]},
								"down": {"uv": [36, 53], "uv_size": [-11, -11]}
							}
						},
						{
							"origin": [-7.1, 33.2472, -6.1528],
							"size": [6.6, 5.5056, 13.3056],
							"uv": {
								"north": {"uv": [27.25, 0], "uv_size": [-13.25, 5.5]},
								"east": {"uv": [27.25, 0], "uv_size": [-13.25, 5.5]},
								"south": {"uv": [27.25, 0], "uv_size": [-13.25, 5.5]},
								"west": {"uv": [27.25, 0], "uv_size": [-13.25, 5.5]},
								"up": {"uv": [14, 5.5], "uv_size": [13.25, -5.5]},
								"down": {"uv": [14, 5.5], "uv_size": [13.25, -5.5]}
							}
						},
						{
							"origin": [-0.5, 33.2472, -6.1528],
							"size": [6.6, 5.5056, 13.3056],
							"uv": {
								"north": {"uv": [14, 0], "uv_size": [13.25, 5.5]},
								"east": {"uv": [14, 0], "uv_size": [13.25, 5.5]},
								"south": {"uv": [14, 0], "uv_size": [13.25, 5.5]},
								"west": {"uv": [14, 0], "uv_size": [13.25, 5.5]},
								"up": {"uv": [27.25, 5.5], "uv_size": [-13.25, -5.5]},
								"down": {"uv": [27.25, 5.5], "uv_size": [-13.25, -5.5]}
							}
						},
						{
							"origin": [-7.1, 27.2472, -6.1528],
							"size": [6.6, 6.5056, 13.3056],
							"uv": {
								"north": {"uv": [27.25, 5], "uv_size": [-13.25, 6.5]},
								"east": {"uv": [13.25, 28], "uv_size": [-13.25, 11.5]},
								"south": {"uv": [27.25, 24], "uv_size": [-13.25, 11.5]},
								"west": {"uv": [27.25, 12], "uv_size": [-13.25, 11.5]},
								"up": {"uv": [13.25, 0], "uv_size": [-13.25, 13.25]},
								"down": {"uv": [13.25, 27.25], "uv_size": [-13.25, -13.25]}
							}
						},
						{
							"origin": [-0.5, 27.2472, -6.1528],
							"size": [6.6, 6.5056, 13.3056],
							"uv": {
								"north": {"uv": [14, 5], "uv_size": [13.25, 6.5]},
								"east": {"uv": [14, 12], "uv_size": [13.25, 11.5]},
								"south": {"uv": [14, 24], "uv_size": [13.25, 11.5]},
								"west": {"uv": [0, 28], "uv_size": [13.25, 11.5]},
								"up": {"uv": [0, 0], "uv_size": [13.25, 13.25]},
								"down": {"uv": [0, 27.25], "uv_size": [13.25, -13.25]}
							}
						}
					]
				},
				{
					"name": "bac1",
					"parent": "corp",
					"pivot": [6, 36.75, 0.5],
					"cubes": [
						{
							"origin": [5.7, 29.6, -3.35],
							"size": [6.6, 8.8, 7.7],
							"uv": {
								"north": {"uv": [62, 12], "uv_size": [6.5, 8.75]},
								"east": {"uv": [62, 12], "uv_size": [6.5, 8.75]},
								"south": {"uv": [62, 12], "uv_size": [6.5, 8.75]},
								"west": {"uv": [62, 12], "uv_size": [6.5, 8.75]},
								"up": {"uv": [68.5, 20.75], "uv_size": [-6.5, -8.75]},
								"down": {"uv": [68.5, 20.75], "uv_size": [-6.5, -8.75]}
							}
						},
						{
							"origin": [6.6, 21.8, -2.3],
							"size": [4.8, 11.4, 5.6],
							"uv": {
								"north": {"uv": [68, 0], "uv_size": [4.75, 11.5]},
								"east": {"uv": [68, 0], "uv_size": [4.75, 11.5]},
								"south": {"uv": [68, 0], "uv_size": [4.75, 11.5]},
								"west": {"uv": [68, 0], "uv_size": [4.75, 11.5]},
								"up": {"uv": [72.75, 11.5], "uv_size": [-4.75, -11.5]},
								"down": {"uv": [72.75, 11.5], "uv_size": [-4.75, -11.5]}
							}
						}
					]
				},
				{
					"name": "barc1",
					"parent": "bac1",
					"pivot": [9, 22.10892, 1.17034],
					"cubes": [
						{
							"origin": [6.408, 14.10339, -6.64632],
							"size": [5.184, 10.312, 6.048],
							"pivot": [1.224, 3.55939, -4.05432],
							"rotation": [-12.5, 0, 0],
							"uv": {
								"north": {"uv": [13, 70], "uv_size": [5.25, 10.25]},
								"east": {"uv": [13, 70], "uv_size": [5.25, 10.25]},
								"south": {"uv": [13, 70], "uv_size": [5.25, 10.25]},
								"west": {"uv": [13, 70], "uv_size": [5.25, 10.25]},
								"up": {"uv": [18.25, 80.25], "uv_size": [-5.25, -10.25]},
								"down": {"uv": [18.25, 80.25], "uv_size": [-5.25, -10.25]}
							}
						},
						{
							"origin": [6.624, 10.92126, -6.05428],
							"size": [4.752, 5.586, 5.544],
							"pivot": [1.872, 5.08926, -3.67828],
							"rotation": [-12.5, 0, 0],
							"uv": {
								"north": {"uv": [83, 60], "uv_size": [4.75, 5.5]},
								"east": {"uv": [83, 60], "uv_size": [4.75, 5.5]},
								"south": {"uv": [83, 60], "uv_size": [4.75, 5.5]},
								"west": {"uv": [83, 60], "uv_size": [4.75, 5.5]},
								"up": {"uv": [87.75, 65.5], "uv_size": [-4.75, -5.5]},
								"down": {"uv": [87.75, 65.5], "uv_size": [-4.75, -0.5]}
							}
						}
					]
				},
				{
					"name": "bac2",
					"parent": "corp",
					"pivot": [-6, 36.75, 0.5],
					"cubes": [
						{
							"origin": [-12.3, 29.6, -3.35],
							"size": [6.6, 8.8, 7.7],
							"uv": {
								"north": {"uv": [67, 40], "uv_size": [6.5, 8.75]},
								"east": {"uv": [67, 40], "uv_size": [6.5, 8.75]},
								"south": {"uv": [67, 40], "uv_size": [6.5, 8.75]},
								"west": {"uv": [67, 40], "uv_size": [6.5, 8.75]},
								"up": {"uv": [73.5, 48.75], "uv_size": [-6.5, -8.75]},
								"down": {"uv": [73.5, 48.75], "uv_size": [-6.5, -8.75]}
							}
						},
						{
							"origin": [-11.4, 21.8, -2.3],
							"size": [4.8, 11.4, 5.6],
							"uv": {
								"north": {"uv": [69, 24], "uv_size": [4.75, 11.5]},
								"east": {"uv": [69, 24], "uv_size": [4.75, 11.5]},
								"south": {"uv": [69, 24], "uv_size": [4.75, 11.5]},
								"west": {"uv": [69, 24], "uv_size": [4.75, 11.5]},
								"up": {"uv": [73.75, 35.5], "uv_size": [-4.75, -11.5]},
								"down": {"uv": [73.75, 35.5], "uv_size": [-4.75, -11.5]}
							}
						}
					]
				},
				{
					"name": "barc2",
					"parent": "bac2",
					"pivot": [-9, 22.10892, 1.17034],
					"cubes": [
						{
							"origin": [-11.592, 14.10339, -6.64632],
							"size": [5.184, 10.312, 6.048],
							"pivot": [-1.224, 3.55939, -4.05432],
							"rotation": [-12.5, 0, 0],
							"uv": {
								"north": {"uv": [70, 69], "uv_size": [5.25, 10.25]},
								"east": {"uv": [70, 69], "uv_size": [5.25, 10.25]},
								"south": {"uv": [70, 69], "uv_size": [5.25, 10.25]},
								"west": {"uv": [70, 69], "uv_size": [5.25, 10.25]},
								"up": {"uv": [75.25, 79.25], "uv_size": [-5.25, -10.25]},
								"down": {"uv": [75.25, 79.25], "uv_size": [-5.25, -10.25]}
							}
						},
						{
							"origin": [-11.376, 10.92126, -6.05428],
							"size": [4.752, 5.586, 5.544],
							"pivot": [-1.872, 5.08926, -3.67828],
							"rotation": [-12.5, 0, 0],
							"uv": {
								"north": {"uv": [40, 84], "uv_size": [4.75, 5.5]},
								"east": {"uv": [40, 84], "uv_size": [4.75, 5.5]},
								"south": {"uv": [40, 84], "uv_size": [4.75, 5.5]},
								"west": {"uv": [40, 84], "uv_size": [4.75, 5.5]},
								"up": {"uv": [44.75, 89.5], "uv_size": [-4.75, -5.5]},
								"down": {"uv": [44.75, 89.5], "uv_size": [-4.75, -1.5]}
							}
						}
					]
				},
				{
					"name": "head",
					"parent": "corp",
					"pivot": [0, 39, 0],
					"cubes": [
						{
							"origin": [-5.6, 38.2, -4.7],
							"size": [5.2, 10.6, 10.4],
							"uv": {
								"north": {"uv": [11, 50], "uv_size": [10.5, 10.5]},
								"east": {"uv": [50, 22], "uv_size": [10.5, 10.5]},
								"south": {"uv": [50, 33], "uv_size": [10.5, 10.5]},
								"west": {"uv": [0, 51], "uv_size": [10.5, 10.5]},
								"up": {"uv": [51, 0], "uv_size": [10.5, 10.5]},
								"down": {"uv": [51, 21.5], "uv_size": [10.5, -10.5]}
							}
						},
						{
							"origin": [-0.5, 38.2, -4.7],
							"size": [5.2, 10.6, 10.4],
							"uv": {
								"north": {"uv": [21.5, 50], "uv_size": [-10.5, 10.5]},
								"east": {"uv": [10.5, 51], "uv_size": [-10.5, 10.5]},
								"south": {"uv": [60.5, 33], "uv_size": [-10.5, 10.5]},
								"west": {"uv": [60.5, 22], "uv_size": [-10.5, 10.5]},
								"up": {"uv": [61.5, 0], "uv_size": [-10.5, 10.5]},
								"down": {"uv": [61.5, 21.5], "uv_size": [-10.5, -10.5]}
							}
						}
					]
				},
				{
					"name": "cabl",
					"parent": "head",
					"pivot": [1, 0, 0],
					"cubes": [
						{
							"origin": [-5.25, 33.25, -6.2],
							"size": [2.5, 5.5, 0],
							"pivot": [-4, 36, -6.2],
							"rotation": [0, 0, -12.5],
							"uv": {
								"north": {"uv": [0, 117], "uv_size": [11, 11]},
								"east": {"uv": [27, 105], "uv_size": [12, 11]},
								"south": {"uv": [11, 117], "uv_size": [11, 11]},
								"west": {"uv": [23, 117], "uv_size": [12, 11]},
								"up": {"uv": [14, 104], "uv_size": [11, 12]},
								"down": {"uv": [3, 117], "uv_size": [11, -12]}
							}
						},
						{
							"origin": [-6.3, 34, -6.24],
							"size": [2.5, 5.5, 0],
							"uv": {
								"north": {"uv": [0, 117], "uv_size": [11, 11]},
								"east": {"uv": [27, 105], "uv_size": [12, 11]},
								"south": {"uv": [11, 117], "uv_size": [11, 11]},
								"west": {"uv": [23, 117], "uv_size": [12, 11]},
								"up": {"uv": [14, 104], "uv_size": [11, 12]},
								"down": {"uv": [3, 117], "uv_size": [11, -12]}
							}
						},
						{
							"origin": [-6.3, 36.75, -3.49],
							"size": [2.5, 4.5, 0],
							"pivot": [-5.05, 39.5, -3.49],
							"rotation": [-90, 0, 0],
							"uv": {
								"north": {"uv": [0, 117], "uv_size": [11, 11]},
								"east": {"uv": [27, 105], "uv_size": [12, 11]},
								"south": {"uv": [11, 117], "uv_size": [11, 11]},
								"west": {"uv": [23, 117], "uv_size": [12, 11]},
								"up": {"uv": [14, 104], "uv_size": [11, 12]},
								"down": {"uv": [3, 117], "uv_size": [11, -12]}
							}
						},
						{
							"origin": [-6.3, 37.9736, -1.29373],
							"size": [2.5, 6.5, 0],
							"pivot": [-5.05, 41.2236, -0.29373],
							"rotation": [-40, 0, 0],
							"uv": {
								"north": {"uv": [0, 117], "uv_size": [11, 11]},
								"east": {"uv": [27, 105], "uv_size": [12, 11]},
								"south": {"uv": [11, 117], "uv_size": [11, 11]},
								"west": {"uv": [23, 117], "uv_size": [12, 11]},
								"up": {"uv": [14, 104], "uv_size": [11, 12]},
								"down": {"uv": [3, 117], "uv_size": [11, -12]}
							}
						},
						{
							"origin": [-5.9, 37.9736, 0.70627],
							"size": [2.5, 6.5, 0],
							"pivot": [-5.05, 41.2236, -0.29373],
							"rotation": [-40, 0, 0],
							"uv": {
								"north": {"uv": [0, 117], "uv_size": [11, 11]},
								"east": {"uv": [27, 105], "uv_size": [12, 11]},
								"south": {"uv": [11, 117], "uv_size": [11, 11]},
								"west": {"uv": [23, 117], "uv_size": [12, 11]},
								"up": {"uv": [14, 104], "uv_size": [11, 12]},
								"down": {"uv": [3, 117], "uv_size": [11, -12]}
							}
						},
						{
							"origin": [-5.6, 37.9736, 2.70627],
							"size": [2.5, 5.5, 0],
							"pivot": [-5.05, 41.2236, -0.29373],
							"rotation": [-40, 0, 0],
							"uv": {
								"north": {"uv": [0, 117], "uv_size": [11, 11]},
								"east": {"uv": [27, 105], "uv_size": [12, 11]},
								"south": {"uv": [11, 117], "uv_size": [11, 11]},
								"west": {"uv": [23, 117], "uv_size": [12, 11]},
								"up": {"uv": [14, 104], "uv_size": [11, 12]},
								"down": {"uv": [3, 117], "uv_size": [11, -12]}
							}
						},
						{
							"origin": [-6.3, 37.9736, -1.29373],
							"size": [2.5, 6.5, 0],
							"pivot": [-5.05, 41.2236, -0.29373],
							"rotation": [-98.84179, 49.41933, -101.57495],
							"uv": {
								"north": {"uv": [0, 117], "uv_size": [11, 11]},
								"east": {"uv": [27, 105], "uv_size": [12, 11]},
								"south": {"uv": [11, 117], "uv_size": [11, 11]},
								"west": {"uv": [23, 117], "uv_size": [12, 11]},
								"up": {"uv": [14, 104], "uv_size": [11, 12]},
								"down": {"uv": [3, 117], "uv_size": [11, -12]}
							}
						},
						{
							"origin": [-4.08151, 40.86797, 1.75367],
							"size": [2.5, 6.5, 0],
							"pivot": [-2.83151, 44.11797, 1.75367],
							"rotation": [176.15821, 49.41933, -101.57495],
							"uv": {
								"north": {"uv": [0, 128], "uv_size": [11, -11]},
								"east": {"uv": [27, 105], "uv_size": [12, 11]},
								"south": {"uv": [11, 117], "uv_size": [11, 11]},
								"west": {"uv": [23, 117], "uv_size": [12, 11]},
								"up": {"uv": [14, 104], "uv_size": [11, 12]},
								"down": {"uv": [3, 117], "uv_size": [11, -12]}
							}
						},
						{
							"origin": [-3.74736, 38.83353, 2.62249],
							"size": [2.5, 6.5, 0],
							"pivot": [-2.49736, 42.08353, 2.62249],
							"rotation": [176.15821, 49.41933, -101.57495],
							"uv": {
								"north": {"uv": [0, 128], "uv_size": [11, -11]},
								"east": {"uv": [27, 105], "uv_size": [12, 11]},
								"south": {"uv": [11, 117], "uv_size": [11, 11]},
								"west": {"uv": [23, 117], "uv_size": [12, 11]},
								"up": {"uv": [14, 104], "uv_size": [11, 12]},
								"down": {"uv": [3, 117], "uv_size": [11, -12]}
							}
						},
						{
							"origin": [-3.46648, 36.79459, 3.49668],
							"size": [2.5, 6.5, 0],
							"pivot": [-2.21648, 40.04459, 3.49668],
							"rotation": [176.15821, 49.41933, -101.57495],
							"uv": {
								"north": {"uv": [0, 128], "uv_size": [11, -11]},
								"east": {"uv": [27, 105], "uv_size": [12, 11]},
								"south": {"uv": [11, 117], "uv_size": [11, 11]},
								"west": {"uv": [23, 117], "uv_size": [12, 11]},
								"up": {"uv": [14, 104], "uv_size": [11, 12]},
								"down": {"uv": [3, 117], "uv_size": [11, -12]}
							}
						},
						{
							"origin": [-8.3, 37.9736, -1.22],
							"size": [2.5, 5.5, 0],
							"pivot": [-5.05, 41.2236, -0.29373],
							"rotation": [-98.84179, 49.41933, -101.57495],
							"uv": {
								"north": {"uv": [0, 117], "uv_size": [11, 11]},
								"east": {"uv": [27, 105], "uv_size": [12, 11]},
								"south": {"uv": [11, 117], "uv_size": [11, 11]},
								"west": {"uv": [23, 117], "uv_size": [12, 11]},
								"up": {"uv": [14, 104], "uv_size": [11, 12]},
								"down": {"uv": [3, 117], "uv_size": [11, -12]}
							}
						},
						{
							"origin": [-10.3, 37.9736, -1.2],
							"size": [2.5, 4.5, 0],
							"pivot": [-5.05, 41.2236, -0.29373],
							"rotation": [-98.84179, 49.41933, -101.57495],
							"uv": {
								"north": {"uv": [0, 117], "uv_size": [11, 11]},
								"east": {"uv": [27, 105], "uv_size": [12, 11]},
								"south": {"uv": [11, 117], "uv_size": [11, 11]},
								"west": {"uv": [23, 117], "uv_size": [12, 11]},
								"up": {"uv": [14, 104], "uv_size": [11, 12]},
								"down": {"uv": [3, 117], "uv_size": [11, -12]}
							}
						},
						{
							"origin": [-6.3, 37.9736, -3.29373],
							"size": [2.5, 6.5, 0],
							"pivot": [-5.05, 41.2236, -2.29373],
							"rotation": [-98.84179, 49.41933, -101.57495],
							"uv": {
								"north": {"uv": [0, 117], "uv_size": [11, 11]},
								"east": {"uv": [27, 105], "uv_size": [12, 11]},
								"south": {"uv": [11, 117], "uv_size": [11, 11]},
								"west": {"uv": [23, 117], "uv_size": [12, 11]},
								"up": {"uv": [14, 104], "uv_size": [11, 12]},
								"down": {"uv": [3, 117], "uv_size": [11, -12]}
							}
						},
						{
							"origin": [-6.3, 37.9736, -3.29373],
							"size": [2.5, 6.5, 0],
							"pivot": [-5.05, 41.2236, -2.29373],
							"rotation": [-40, 0, 0],
							"uv": {
								"north": {"uv": [0, 117], "uv_size": [11, 11]},
								"east": {"uv": [27, 105], "uv_size": [12, 11]},
								"south": {"uv": [11, 117], "uv_size": [11, 11]},
								"west": {"uv": [23, 117], "uv_size": [12, 11]},
								"up": {"uv": [14, 104], "uv_size": [11, 12]},
								"down": {"uv": [3, 117], "uv_size": [11, -12]}
							}
						},
						{
							"origin": [-4.08151, 40.86797, -0.24633],
							"size": [2.5, 6.5, 0],
							"pivot": [-2.83151, 44.11797, -0.24633],
							"rotation": [176.15821, 49.41933, -101.57495],
							"uv": {
								"north": {"uv": [0, 128], "uv_size": [11, -11]},
								"east": {"uv": [27, 105], "uv_size": [12, 11]},
								"south": {"uv": [11, 117], "uv_size": [11, 11]},
								"west": {"uv": [23, 117], "uv_size": [12, 11]},
								"up": {"uv": [14, 104], "uv_size": [11, 12]},
								"down": {"uv": [3, 117], "uv_size": [11, -12]}
							}
						},
						{
							"origin": [-5.9, 37.9736, -1.29373],
							"size": [2.5, 6.5, 0],
							"pivot": [-5.05, 41.2236, -2.29373],
							"rotation": [-40, 0, 0],
							"uv": {
								"north": {"uv": [0, 117], "uv_size": [11, 11]},
								"east": {"uv": [27, 105], "uv_size": [12, 11]},
								"south": {"uv": [11, 117], "uv_size": [11, 11]},
								"west": {"uv": [23, 117], "uv_size": [12, 11]},
								"up": {"uv": [14, 104], "uv_size": [11, 12]},
								"down": {"uv": [3, 117], "uv_size": [11, -12]}
							}
						},
						{
							"origin": [-8.3, 37.9736, -3.22],
							"size": [2.5, 5.5, 0],
							"pivot": [-5.05, 41.2236, -2.29373],
							"rotation": [-98.84179, 49.41933, -101.57495],
							"uv": {
								"north": {"uv": [0, 117], "uv_size": [11, 11]},
								"east": {"uv": [27, 105], "uv_size": [12, 11]},
								"south": {"uv": [11, 117], "uv_size": [11, 11]},
								"west": {"uv": [23, 117], "uv_size": [12, 11]},
								"up": {"uv": [14, 104], "uv_size": [11, 12]},
								"down": {"uv": [3, 117], "uv_size": [11, -12]}
							}
						},
						{
							"origin": [-3.74736, 38.83353, 0.62249],
							"size": [2.5, 6.5, 0],
							"pivot": [-2.49736, 42.08353, 0.62249],
							"rotation": [176.15821, 49.41933, -101.57495],
							"uv": {
								"north": {"uv": [0, 128], "uv_size": [11, -11]},
								"east": {"uv": [27, 105], "uv_size": [12, 11]},
								"south": {"uv": [11, 117], "uv_size": [11, 11]},
								"west": {"uv": [23, 117], "uv_size": [12, 11]},
								"up": {"uv": [14, 104], "uv_size": [11, 12]},
								"down": {"uv": [3, 117], "uv_size": [11, -12]}
							}
						},
						{
							"origin": [-10.3, 37.9736, -3.2],
							"size": [2.5, 4.5, 0],
							"pivot": [-5.05, 41.2236, -2.29373],
							"rotation": [-98.84179, 49.41933, -101.57495],
							"uv": {
								"north": {"uv": [0, 117], "uv_size": [11, 11]},
								"east": {"uv": [27, 105], "uv_size": [12, 11]},
								"south": {"uv": [11, 117], "uv_size": [11, 11]},
								"west": {"uv": [23, 117], "uv_size": [12, 11]},
								"up": {"uv": [14, 104], "uv_size": [11, 12]},
								"down": {"uv": [3, 117], "uv_size": [11, -12]}
							}
						},
						{
							"origin": [-3.46648, 36.79459, 1.49668],
							"size": [2.5, 6.5, 0],
							"pivot": [-2.21648, 40.04459, 1.49668],
							"rotation": [176.15821, 49.41933, -101.57495],
							"uv": {
								"north": {"uv": [0, 128], "uv_size": [11, -11]},
								"east": {"uv": [27, 105], "uv_size": [12, 11]},
								"south": {"uv": [11, 117], "uv_size": [11, 11]},
								"west": {"uv": [23, 117], "uv_size": [12, 11]},
								"up": {"uv": [14, 104], "uv_size": [11, 12]},
								"down": {"uv": [3, 117], "uv_size": [11, -12]}
							}
						},
						{
							"origin": [-5.6, 37.9736, 0.70627],
							"size": [2.5, 5.5, 0],
							"pivot": [-5.05, 41.2236, -2.29373],
							"rotation": [-40, 0, 0],
							"uv": {
								"north": {"uv": [0, 117], "uv_size": [11, 11]},
								"east": {"uv": [27, 105], "uv_size": [12, 11]},
								"south": {"uv": [11, 117], "uv_size": [11, 11]},
								"west": {"uv": [23, 117], "uv_size": [12, 11]},
								"up": {"uv": [14, 104], "uv_size": [11, 12]},
								"down": {"uv": [3, 117], "uv_size": [11, -12]}
							}
						},
						{
							"origin": [-6.3, 39.9736, -0.29373],
							"size": [2.5, 6.5, 0],
							"pivot": [-5.05, 43.2236, 0.70627],
							"rotation": [-98.84179, 49.41933, -101.57495],
							"uv": {
								"north": {"uv": [0, 117], "uv_size": [11, 11]},
								"east": {"uv": [27, 105], "uv_size": [12, 11]},
								"south": {"uv": [11, 117], "uv_size": [11, 11]},
								"west": {"uv": [23, 117], "uv_size": [12, 11]},
								"up": {"uv": [14, 104], "uv_size": [11, 12]},
								"down": {"uv": [3, 117], "uv_size": [11, -12]}
							}
						},
						{
							"origin": [-6.3, 39.9736, -0.29373],
							"size": [2.5, 6.5, 0],
							"pivot": [-5.05, 43.2236, 0.70627],
							"rotation": [-40, 0, 0],
							"uv": {
								"north": {"uv": [0, 117], "uv_size": [11, 11]},
								"east": {"uv": [27, 105], "uv_size": [12, 11]},
								"south": {"uv": [11, 117], "uv_size": [11, 11]},
								"west": {"uv": [23, 117], "uv_size": [12, 11]},
								"up": {"uv": [14, 104], "uv_size": [11, 12]},
								"down": {"uv": [3, 117], "uv_size": [11, -12]}
							}
						},
						{
							"origin": [-4.08151, 42.86797, 2.75367],
							"size": [2.5, 6.5, 0],
							"pivot": [-2.83151, 46.11797, 2.75367],
							"rotation": [176.15821, 49.41933, -101.57495],
							"uv": {
								"north": {"uv": [0, 128], "uv_size": [11, -11]},
								"east": {"uv": [27, 105], "uv_size": [12, 11]},
								"south": {"uv": [11, 117], "uv_size": [11, 11]},
								"west": {"uv": [23, 117], "uv_size": [12, 11]},
								"up": {"uv": [14, 104], "uv_size": [11, 12]},
								"down": {"uv": [3, 117], "uv_size": [11, -12]}
							}
						},
						{
							"origin": [-5.9, 39.9736, 1.70627],
							"size": [2.5, 6.5, 0],
							"pivot": [-5.05, 43.2236, 0.70627],
							"rotation": [-40, 0, 0],
							"uv": {
								"north": {"uv": [0, 117], "uv_size": [11, 11]},
								"east": {"uv": [27, 105], "uv_size": [12, 11]},
								"south": {"uv": [11, 117], "uv_size": [11, 11]},
								"west": {"uv": [23, 117], "uv_size": [12, 11]},
								"up": {"uv": [14, 104], "uv_size": [11, 12]},
								"down": {"uv": [3, 117], "uv_size": [11, -12]}
							}
						},
						{
							"origin": [-8.3, 39.9736, -0.22],
							"size": [2.5, 5.5, 0],
							"pivot": [-5.05, 43.2236, 0.70627],
							"rotation": [-98.84179, 49.41933, -101.57495],
							"uv": {
								"north": {"uv": [0, 117], "uv_size": [11, 11]},
								"east": {"uv": [27, 105], "uv_size": [12, 11]},
								"south": {"uv": [11, 117], "uv_size": [11, 11]},
								"west": {"uv": [23, 117], "uv_size": [12, 11]},
								"up": {"uv": [14, 104], "uv_size": [11, 12]},
								"down": {"uv": [3, 117], "uv_size": [11, -12]}
							}
						},
						{
							"origin": [-3.74736, 40.83353, 3.62249],
							"size": [2.5, 6.5, 0],
							"pivot": [-2.49736, 44.08353, 3.62249],
							"rotation": [176.15821, 49.41933, -101.57495],
							"uv": {
								"north": {"uv": [0, 128], "uv_size": [11, -11]},
								"east": {"uv": [27, 105], "uv_size": [12, 11]},
								"south": {"uv": [11, 117], "uv_size": [11, 11]},
								"west": {"uv": [23, 117], "uv_size": [12, 11]},
								"up": {"uv": [14, 104], "uv_size": [11, 12]},
								"down": {"uv": [3, 117], "uv_size": [11, -12]}
							}
						},
						{
							"origin": [-10.3, 39.9736, -0.2],
							"size": [2.5, 4.5, 0],
							"pivot": [-5.05, 43.2236, 0.70627],
							"rotation": [-98.84179, 49.41933, -101.57495],
							"uv": {
								"north": {"uv": [0, 117], "uv_size": [11, 11]},
								"east": {"uv": [27, 105], "uv_size": [12, 11]},
								"south": {"uv": [11, 117], "uv_size": [11, 11]},
								"west": {"uv": [23, 117], "uv_size": [12, 11]},
								"up": {"uv": [14, 104], "uv_size": [11, 12]},
								"down": {"uv": [3, 117], "uv_size": [11, -12]}
							}
						},
						{
							"origin": [-3.46648, 38.79459, 4.49668],
							"size": [2.5, 6.5, 0],
							"pivot": [-2.21648, 42.04459, 4.49668],
							"rotation": [176.15821, 49.41933, -101.57495],
							"uv": {
								"north": {"uv": [0, 128], "uv_size": [11, -11]},
								"east": {"uv": [27, 105], "uv_size": [12, 11]},
								"south": {"uv": [11, 117], "uv_size": [11, 11]},
								"west": {"uv": [23, 117], "uv_size": [12, 11]},
								"up": {"uv": [14, 104], "uv_size": [11, 12]},
								"down": {"uv": [3, 117], "uv_size": [11, -12]}
							}
						},
						{
							"origin": [-5.6, 39.9736, 3.70627],
							"size": [2.5, 5.5, 0],
							"pivot": [-5.05, 43.2236, 0.70627],
							"rotation": [-40, 0, 0],
							"uv": {
								"north": {"uv": [0, 117], "uv_size": [11, 11]},
								"east": {"uv": [27, 105], "uv_size": [12, 11]},
								"south": {"uv": [11, 117], "uv_size": [11, 11]},
								"west": {"uv": [23, 117], "uv_size": [12, 11]},
								"up": {"uv": [14, 104], "uv_size": [11, 12]},
								"down": {"uv": [3, 117], "uv_size": [11, -12]}
							}
						},
						{
							"origin": [-5.3, 39.9736, 5.70627],
							"size": [2.5, 4.5, 0],
							"pivot": [-5.05, 43.2236, 0.70627],
							"rotation": [-40, 0, 0],
							"uv": {
								"north": {"uv": [0, 117], "uv_size": [11, 11]},
								"east": {"uv": [27, 105], "uv_size": [12, 11]},
								"south": {"uv": [11, 117], "uv_size": [11, 11]},
								"west": {"uv": [23, 117], "uv_size": [12, 11]},
								"up": {"uv": [14, 104], "uv_size": [11, 12]},
								"down": {"uv": [3, 117], "uv_size": [11, -12]}
							}
						},
						{
							"origin": [-7.76433, 38.12475, 2.38587],
							"size": [2.5, 6.5, 0],
							"pivot": [-4.12896, 39.68079, 3.21846],
							"rotation": [176.15821, 49.41933, -74.07495],
							"uv": {
								"north": {"uv": [0, 128], "uv_size": [11, -11]},
								"east": {"uv": [27, 105], "uv_size": [12, 11]},
								"south": {"uv": [11, 117], "uv_size": [11, 11]},
								"west": {"uv": [23, 117], "uv_size": [12, 11]},
								"up": {"uv": [14, 104], "uv_size": [11, 12]},
								"down": {"uv": [3, 117], "uv_size": [11, -12]}
							}
						},
						{
							"origin": [-5.3, 33.87459, 6.71115],
							"size": [2.5, 6.5, 0],
							"pivot": [-4.12896, 39.68079, 3.21846],
							"rotation": [-40, 0, 27.5],
							"uv": {
								"north": {"uv": [0, 117], "uv_size": [11, 11]},
								"east": {"uv": [27, 105], "uv_size": [12, 11]},
								"south": {"uv": [11, 117], "uv_size": [11, 11]},
								"west": {"uv": [23, 117], "uv_size": [12, 11]},
								"up": {"uv": [14, 104], "uv_size": [11, 12]},
								"down": {"uv": [3, 117], "uv_size": [11, -12]}
							}
						},
						{
							"origin": [-7.76433, 33.87459, 1.59577],
							"size": [2.5, 6.5, 0],
							"pivot": [-4.12896, 39.68079, 3.21846],
							"rotation": [-98.84179, 49.41933, -74.07495],
							"uv": {
								"north": {"uv": [0, 117], "uv_size": [11, 11]},
								"east": {"uv": [27, 105], "uv_size": [12, 11]},
								"south": {"uv": [11, 117], "uv_size": [11, 11]},
								"west": {"uv": [23, 117], "uv_size": [12, 11]},
								"up": {"uv": [14, 104], "uv_size": [11, 12]},
								"down": {"uv": [3, 117], "uv_size": [11, -12]}
							}
						},
						{
							"origin": [-5.76433, 38.19198, 1.38793],
							"size": [2.5, 6.5, 0],
							"pivot": [-4.12896, 39.68079, 3.21846],
							"rotation": [176.15821, 49.41933, -74.07495],
							"uv": {
								"north": {"uv": [0, 128], "uv_size": [11, -11]},
								"east": {"uv": [27, 105], "uv_size": [12, 11]},
								"south": {"uv": [11, 117], "uv_size": [11, 11]},
								"west": {"uv": [23, 117], "uv_size": [12, 11]},
								"up": {"uv": [14, 104], "uv_size": [11, 12]},
								"down": {"uv": [3, 117], "uv_size": [11, -12]}
							}
						},
						{
							"origin": [-3.76433, 38.20569, 0.38531],
							"size": [2.5, 6.5, 0],
							"pivot": [-4.12896, 39.68079, 3.21846],
							"rotation": [176.15821, 49.41933, -74.07495],
							"uv": {
								"north": {"uv": [0, 128], "uv_size": [11, -11]},
								"east": {"uv": [27, 105], "uv_size": [12, 11]},
								"south": {"uv": [11, 117], "uv_size": [11, 11]},
								"west": {"uv": [23, 117], "uv_size": [12, 11]},
								"up": {"uv": [14, 104], "uv_size": [11, 12]},
								"down": {"uv": [3, 117], "uv_size": [11, -12]}
							}
						},
						{
							"origin": [-3.76433, 33.87459, 1.50204],
							"size": [2.5, 8.5, 0],
							"pivot": [-4.12896, 39.68079, 3.21846],
							"rotation": [-98.84179, 49.41933, -74.07495],
							"uv": {
								"north": {"uv": [0, 117], "uv_size": [11, 11]},
								"east": {"uv": [27, 105], "uv_size": [12, 11]},
								"south": {"uv": [11, 117], "uv_size": [11, 11]},
								"west": {"uv": [23, 117], "uv_size": [12, 11]},
								"up": {"uv": [14, 104], "uv_size": [11, 12]},
								"down": {"uv": [3, 117], "uv_size": [11, -12]}
							}
						},
						{
							"origin": [-5.9, 33.87459, 2.71115],
							"size": [2.5, 8.5, 0],
							"pivot": [-4.12896, 39.68079, 3.21846],
							"rotation": [-40, 0, 27.5],
							"uv": {
								"north": {"uv": [0, 117], "uv_size": [11, 11]},
								"east": {"uv": [27, 105], "uv_size": [12, 11]},
								"south": {"uv": [11, 117], "uv_size": [11, 11]},
								"west": {"uv": [23, 117], "uv_size": [12, 11]},
								"up": {"uv": [14, 104], "uv_size": [11, 12]},
								"down": {"uv": [3, 117], "uv_size": [11, -12]}
							}
						},
						{
							"origin": [-5.76433, 33.87459, 1.57577],
							"size": [2.5, 7.5, 0],
							"pivot": [-4.12896, 39.68079, 3.21846],
							"rotation": [-98.84179, 49.41933, -74.07495],
							"uv": {
								"north": {"uv": [0, 117], "uv_size": [11, 11]},
								"east": {"uv": [27, 105], "uv_size": [12, 11]},
								"south": {"uv": [11, 117], "uv_size": [11, 11]},
								"west": {"uv": [23, 117], "uv_size": [12, 11]},
								"up": {"uv": [14, 104], "uv_size": [11, 12]},
								"down": {"uv": [3, 117], "uv_size": [11, -12]}
							}
						},
						{
							"origin": [-5.6, 33.87459, 4.71115],
							"size": [2.5, 7.5, 0],
							"pivot": [-4.12896, 39.68079, 3.21846],
							"rotation": [-40, 0, 27.5],
							"uv": {
								"north": {"uv": [0, 117], "uv_size": [11, 11]},
								"east": {"uv": [27, 105], "uv_size": [12, 11]},
								"south": {"uv": [11, 117], "uv_size": [11, 11]},
								"west": {"uv": [23, 117], "uv_size": [12, 11]},
								"up": {"uv": [14, 104], "uv_size": [11, 12]},
								"down": {"uv": [3, 117], "uv_size": [11, -12]}
							}
						},
						{
							"origin": [-6.3, 33.87459, 0.71115],
							"size": [2.5, 8.5, 0],
							"pivot": [-4.12896, 39.68079, 3.21846],
							"rotation": [-40, 0, 27.5],
							"uv": {
								"north": {"uv": [0, 117], "uv_size": [11, 11]},
								"east": {"uv": [27, 105], "uv_size": [12, 11]},
								"south": {"uv": [11, 117], "uv_size": [11, 11]},
								"west": {"uv": [23, 117], "uv_size": [12, 11]},
								"up": {"uv": [14, 104], "uv_size": [11, 12]},
								"down": {"uv": [3, 117], "uv_size": [11, -12]}
							}
						},
						{
							"origin": [-8.55, 34, -5.99],
							"size": [2.5, 5.5, 0],
							"pivot": [-6.3, 35.5, -5.99],
							"rotation": [0, 90, 0],
							"uv": {
								"north": {"uv": [0, 117], "uv_size": [11, 11]},
								"east": {"uv": [27, 105], "uv_size": [12, 11]},
								"south": {"uv": [11, 117], "uv_size": [11, 11]},
								"west": {"uv": [23, 117], "uv_size": [12, 11]},
								"up": {"uv": [14, 104], "uv_size": [11, 12]},
								"down": {"uv": [3, 117], "uv_size": [11, -12]}
							}
						},
						{
							"origin": [-10.55, 34.2, -5.97],
							"size": [2.5, 5.5, 0],
							"pivot": [-6.3, 35.5, -5.99],
							"rotation": [0, 90, 0],
							"uv": {
								"north": {"uv": [0, 117], "uv_size": [11, 11]},
								"east": {"uv": [27, 105], "uv_size": [12, 11]},
								"south": {"uv": [11, 117], "uv_size": [11, 11]},
								"west": {"uv": [23, 117], "uv_size": [12, 11]},
								"up": {"uv": [14, 104], "uv_size": [11, 12]},
								"down": {"uv": [3, 117], "uv_size": [11, -12]}
							}
						},
						{
							"origin": [-2.25, 33.25, -6.16],
							"size": [2.5, 5.5, 0],
							"pivot": [-1, 36, -6.2],
							"rotation": [0, 0, -30],
							"uv": {
								"north": {"uv": [0, 117], "uv_size": [11, 11]},
								"east": {"uv": [27, 105], "uv_size": [12, 11]},
								"south": {"uv": [11, 117], "uv_size": [11, 11]},
								"west": {"uv": [23, 117], "uv_size": [12, 11]},
								"up": {"uv": [14, 104], "uv_size": [11, 12]},
								"down": {"uv": [3, 117], "uv_size": [11, -12]}
							}
						},
						{
							"origin": [-2.25, 33.25, -6.22],
							"size": [2.5, 5.5, 0],
							"pivot": [-1, 36, -6.2],
							"rotation": [0, 0, 27.5],
							"uv": {
								"north": {"uv": [0, 117], "uv_size": [11, 11]},
								"east": {"uv": [27, 105], "uv_size": [12, 11]},
								"south": {"uv": [11, 117], "uv_size": [11, 11]},
								"west": {"uv": [23, 117], "uv_size": [12, 11]},
								"up": {"uv": [14, 104], "uv_size": [11, 12]},
								"down": {"uv": [3, 117], "uv_size": [11, -12]}
							}
						},
						{
							"origin": [-4.25, 31.25, -6.18],
							"size": [2.5, 5.5, 0],
							"pivot": [-1, 36, -6.2],
							"rotation": [0, 0, -7.5],
							"uv": {
								"north": {"uv": [0, 117], "uv_size": [11, 11]},
								"east": {"uv": [27, 105], "uv_size": [12, 11]},
								"south": {"uv": [11, 117], "uv_size": [11, 11]},
								"west": {"uv": [23, 117], "uv_size": [12, 11]},
								"up": {"uv": [14, 104], "uv_size": [11, 12]},
								"down": {"uv": [3, 117], "uv_size": [11, -12]}
							}
						}
					]
				},
				{
					"name": "cabl2",
					"parent": "head",
					"pivot": [-2, 0, 0],
					"cubes": [
						{
							"origin": [-0.4, 39, -6],
							"size": [5.4, 11, 12],
							"uv": {
								"north": {"uv": [47, 46], "uv_size": [-11, 11]},
								"east": {"uv": [51, 11], "uv_size": [-12, 11]},
								"south": {"uv": [58, 46], "uv_size": [-11, 11]},
								"west": {"uv": [51, 0], "uv_size": [-12, 11]},
								"up": {"uv": [50, 22], "uv_size": [-11, 12]},
								"down": {"uv": [50, 46], "uv_size": [-11, -12]}
							}
						},
						{
							"origin": [1.75, 33.25, -6.2],
							"size": [2.5, 5.5, 0],
							"pivot": [3, 36, -6.2],
							"rotation": [0, 0, 12.5],
							"uv": {
								"north": {"uv": [11, 117], "uv_size": [-11, 11]},
								"east": {"uv": [35, 117], "uv_size": [-12, 11]},
								"south": {"uv": [22, 117], "uv_size": [-11, 11]},
								"west": {"uv": [39, 105], "uv_size": [-12, 11]},
								"up": {"uv": [25, 104], "uv_size": [-11, 12]},
								"down": {"uv": [14, 117], "uv_size": [-11, -12]}
							}
						},
						{
							"origin": [2.8, 34, -6.24],
							"size": [2.5, 5.5, 0],
							"uv": {
								"north": {"uv": [11, 117], "uv_size": [-11, 11]},
								"east": {"uv": [35, 117], "uv_size": [-12, 11]},
								"south": {"uv": [22, 117], "uv_size": [-11, 11]},
								"west": {"uv": [39, 105], "uv_size": [-12, 11]},
								"up": {"uv": [25, 104], "uv_size": [-11, 12]},
								"down": {"uv": [14, 117], "uv_size": [-11, -12]}
							}
						},
						{
							"origin": [2.8, 36.75, -3.49],
							"size": [2.5, 4.5, 0],
							"pivot": [4.05, 39.5, -3.49],
							"rotation": [-90, 0, 0],
							"uv": {
								"north": {"uv": [11, 117], "uv_size": [-11, 11]},
								"east": {"uv": [35, 117], "uv_size": [-12, 11]},
								"south": {"uv": [22, 117], "uv_size": [-11, 11]},
								"west": {"uv": [39, 105], "uv_size": [-12, 11]},
								"up": {"uv": [25, 104], "uv_size": [-11, 12]},
								"down": {"uv": [14, 117], "uv_size": [-11, -12]}
							}
						},
						{
							"origin": [2.8, 37.9736, -1.29373],
							"size": [2.5, 6.5, 0],
							"pivot": [4.05, 41.2236, -0.29373],
							"rotation": [-40, 0, 0],
							"uv": {
								"north": {"uv": [11, 117], "uv_size": [-11, 11]},
								"east": {"uv": [35, 117], "uv_size": [-12, 11]},
								"south": {"uv": [22, 117], "uv_size": [-11, 11]},
								"west": {"uv": [39, 105], "uv_size": [-12, 11]},
								"up": {"uv": [25, 104], "uv_size": [-11, 12]},
								"down": {"uv": [14, 117], "uv_size": [-11, -12]}
							}
						},
						{
							"origin": [2.4, 37.9736, 0.70627],
							"size": [2.5, 6.5, 0],
							"pivot": [4.05, 41.2236, -0.29373],
							"rotation": [-40, 0, 0],
							"uv": {
								"north": {"uv": [11, 117], "uv_size": [-11, 11]},
								"east": {"uv": [35, 117], "uv_size": [-12, 11]},
								"south": {"uv": [22, 117], "uv_size": [-11, 11]},
								"west": {"uv": [39, 105], "uv_size": [-12, 11]},
								"up": {"uv": [25, 104], "uv_size": [-11, 12]},
								"down": {"uv": [14, 117], "uv_size": [-11, -12]}
							}
						},
						{
							"origin": [2.1, 37.9736, 2.70627],
							"size": [2.5, 5.5, 0],
							"pivot": [4.05, 41.2236, -0.29373],
							"rotation": [-40, 0, 0],
							"uv": {
								"north": {"uv": [11, 117], "uv_size": [-11, 11]},
								"east": {"uv": [35, 117], "uv_size": [-12, 11]},
								"south": {"uv": [22, 117], "uv_size": [-11, 11]},
								"west": {"uv": [39, 105], "uv_size": [-12, 11]},
								"up": {"uv": [25, 104], "uv_size": [-11, 12]},
								"down": {"uv": [14, 117], "uv_size": [-11, -12]}
							}
						},
						{
							"origin": [2.8, 37.9736, -1.29373],
							"size": [2.5, 6.5, 0],
							"pivot": [4.05, 41.2236, -0.29373],
							"rotation": [-98.84179, -49.41933, 101.57495],
							"uv": {
								"north": {"uv": [11, 117], "uv_size": [-11, 11]},
								"east": {"uv": [35, 117], "uv_size": [-12, 11]},
								"south": {"uv": [22, 117], "uv_size": [-11, 11]},
								"west": {"uv": [39, 105], "uv_size": [-12, 11]},
								"up": {"uv": [25, 104], "uv_size": [-11, 12]},
								"down": {"uv": [14, 117], "uv_size": [-11, -12]}
							}
						},
						{
							"origin": [0.58151, 40.86797, 1.75367],
							"size": [2.5, 6.5, 0],
							"pivot": [1.83151, 44.11797, 1.75367],
							"rotation": [176.15821, -49.41933, 101.57495],
							"uv": {
								"north": {"uv": [11, 128], "uv_size": [-11, -11]},
								"east": {"uv": [35, 117], "uv_size": [-12, 11]},
								"south": {"uv": [22, 117], "uv_size": [-11, 11]},
								"west": {"uv": [39, 105], "uv_size": [-12, 11]},
								"up": {"uv": [25, 104], "uv_size": [-11, 12]},
								"down": {"uv": [14, 117], "uv_size": [-11, -12]}
							}
						},
						{
							"origin": [0.24736, 38.83353, 2.62249],
							"size": [2.5, 6.5, 0],
							"pivot": [1.49736, 42.08353, 2.62249],
							"rotation": [176.15821, -49.41933, 101.57495],
							"uv": {
								"north": {"uv": [11, 128], "uv_size": [-11, -11]},
								"east": {"uv": [35, 117], "uv_size": [-12, 11]},
								"south": {"uv": [22, 117], "uv_size": [-11, 11]},
								"west": {"uv": [39, 105], "uv_size": [-12, 11]},
								"up": {"uv": [25, 104], "uv_size": [-11, 12]},
								"down": {"uv": [14, 117], "uv_size": [-11, -12]}
							}
						},
						{
							"origin": [-0.03352, 36.79459, 3.49668],
							"size": [2.5, 6.5, 0],
							"pivot": [1.21648, 40.04459, 3.49668],
							"rotation": [176.15821, -49.41933, 101.57495],
							"uv": {
								"north": {"uv": [11, 128], "uv_size": [-11, -11]},
								"east": {"uv": [35, 117], "uv_size": [-12, 11]},
								"south": {"uv": [22, 117], "uv_size": [-11, 11]},
								"west": {"uv": [39, 105], "uv_size": [-12, 11]},
								"up": {"uv": [25, 104], "uv_size": [-11, 12]},
								"down": {"uv": [14, 117], "uv_size": [-11, -12]}
							}
						},
						{
							"origin": [4.8, 37.9736, -1.22],
							"size": [2.5, 5.5, 0],
							"pivot": [4.05, 41.2236, -0.29373],
							"rotation": [-98.84179, -49.41933, 101.57495],
							"uv": {
								"north": {"uv": [11, 117], "uv_size": [-11, 11]},
								"east": {"uv": [35, 117], "uv_size": [-12, 11]},
								"south": {"uv": [22, 117], "uv_size": [-11, 11]},
								"west": {"uv": [39, 105], "uv_size": [-12, 11]},
								"up": {"uv": [25, 104], "uv_size": [-11, 12]},
								"down": {"uv": [14, 117], "uv_size": [-11, -12]}
							}
						},
						{
							"origin": [6.8, 37.9736, -1.2],
							"size": [2.5, 4.5, 0],
							"pivot": [4.05, 41.2236, -0.29373],
							"rotation": [-98.84179, -49.41933, 101.57495],
							"uv": {
								"north": {"uv": [11, 117], "uv_size": [-11, 11]},
								"east": {"uv": [35, 117], "uv_size": [-12, 11]},
								"south": {"uv": [22, 117], "uv_size": [-11, 11]},
								"west": {"uv": [39, 105], "uv_size": [-12, 11]},
								"up": {"uv": [25, 104], "uv_size": [-11, 12]},
								"down": {"uv": [14, 117], "uv_size": [-11, -12]}
							}
						},
						{
							"origin": [2.8, 37.9736, -3.29373],
							"size": [2.5, 6.5, 0],
							"pivot": [4.05, 41.2236, -2.29373],
							"rotation": [-98.84179, -49.41933, 101.57495],
							"uv": {
								"north": {"uv": [11, 117], "uv_size": [-11, 11]},
								"east": {"uv": [35, 117], "uv_size": [-12, 11]},
								"south": {"uv": [22, 117], "uv_size": [-11, 11]},
								"west": {"uv": [39, 105], "uv_size": [-12, 11]},
								"up": {"uv": [25, 104], "uv_size": [-11, 12]},
								"down": {"uv": [14, 117], "uv_size": [-11, -12]}
							}
						},
						{
							"origin": [2.8, 37.9736, -3.29373],
							"size": [2.5, 6.5, 0],
							"pivot": [4.05, 41.2236, -2.29373],
							"rotation": [-40, 0, 0],
							"uv": {
								"north": {"uv": [11, 117], "uv_size": [-11, 11]},
								"east": {"uv": [35, 117], "uv_size": [-12, 11]},
								"south": {"uv": [22, 117], "uv_size": [-11, 11]},
								"west": {"uv": [39, 105], "uv_size": [-12, 11]},
								"up": {"uv": [25, 104], "uv_size": [-11, 12]},
								"down": {"uv": [14, 117], "uv_size": [-11, -12]}
							}
						},
						{
							"origin": [0.58151, 40.86797, -0.24633],
							"size": [2.5, 6.5, 0],
							"pivot": [1.83151, 44.11797, -0.24633],
							"rotation": [176.15821, -49.41933, 101.57495],
							"uv": {
								"north": {"uv": [11, 128], "uv_size": [-11, -11]},
								"east": {"uv": [35, 117], "uv_size": [-12, 11]},
								"south": {"uv": [22, 117], "uv_size": [-11, 11]},
								"west": {"uv": [39, 105], "uv_size": [-12, 11]},
								"up": {"uv": [25, 104], "uv_size": [-11, 12]},
								"down": {"uv": [14, 117], "uv_size": [-11, -12]}
							}
						},
						{
							"origin": [2.4, 37.9736, -1.29373],
							"size": [2.5, 6.5, 0],
							"pivot": [4.05, 41.2236, -2.29373],
							"rotation": [-40, 0, 0],
							"uv": {
								"north": {"uv": [11, 117], "uv_size": [-11, 11]},
								"east": {"uv": [35, 117], "uv_size": [-12, 11]},
								"south": {"uv": [22, 117], "uv_size": [-11, 11]},
								"west": {"uv": [39, 105], "uv_size": [-12, 11]},
								"up": {"uv": [25, 104], "uv_size": [-11, 12]},
								"down": {"uv": [14, 117], "uv_size": [-11, -12]}
							}
						},
						{
							"origin": [4.8, 37.9736, -3.22],
							"size": [2.5, 5.5, 0],
							"pivot": [4.05, 41.2236, -2.29373],
							"rotation": [-98.84179, -49.41933, 101.57495],
							"uv": {
								"north": {"uv": [11, 117], "uv_size": [-11, 11]},
								"east": {"uv": [35, 117], "uv_size": [-12, 11]},
								"south": {"uv": [22, 117], "uv_size": [-11, 11]},
								"west": {"uv": [39, 105], "uv_size": [-12, 11]},
								"up": {"uv": [25, 104], "uv_size": [-11, 12]},
								"down": {"uv": [14, 117], "uv_size": [-11, -12]}
							}
						},
						{
							"origin": [0.24736, 38.83353, 0.62249],
							"size": [2.5, 6.5, 0],
							"pivot": [1.49736, 42.08353, 0.62249],
							"rotation": [176.15821, -49.41933, 101.57495],
							"uv": {
								"north": {"uv": [11, 128], "uv_size": [-11, -11]},
								"east": {"uv": [35, 117], "uv_size": [-12, 11]},
								"south": {"uv": [22, 117], "uv_size": [-11, 11]},
								"west": {"uv": [39, 105], "uv_size": [-12, 11]},
								"up": {"uv": [25, 104], "uv_size": [-11, 12]},
								"down": {"uv": [14, 117], "uv_size": [-11, -12]}
							}
						},
						{
							"origin": [6.8, 37.9736, -3.2],
							"size": [2.5, 4.5, 0],
							"pivot": [4.05, 41.2236, -2.29373],
							"rotation": [-98.84179, -49.41933, 101.57495],
							"uv": {
								"north": {"uv": [11, 117], "uv_size": [-11, 11]},
								"east": {"uv": [35, 117], "uv_size": [-12, 11]},
								"south": {"uv": [22, 117], "uv_size": [-11, 11]},
								"west": {"uv": [39, 105], "uv_size": [-12, 11]},
								"up": {"uv": [25, 104], "uv_size": [-11, 12]},
								"down": {"uv": [14, 117], "uv_size": [-11, -12]}
							}
						},
						{
							"origin": [-0.03352, 36.79459, 1.49668],
							"size": [2.5, 6.5, 0],
							"pivot": [1.21648, 40.04459, 1.49668],
							"rotation": [176.15821, -49.41933, 101.57495],
							"uv": {
								"north": {"uv": [11, 128], "uv_size": [-11, -11]},
								"east": {"uv": [35, 117], "uv_size": [-12, 11]},
								"south": {"uv": [22, 117], "uv_size": [-11, 11]},
								"west": {"uv": [39, 105], "uv_size": [-12, 11]},
								"up": {"uv": [25, 104], "uv_size": [-11, 12]},
								"down": {"uv": [14, 117], "uv_size": [-11, -12]}
							}
						},
						{
							"origin": [2.1, 37.9736, 0.70627],
							"size": [2.5, 5.5, 0],
							"pivot": [4.05, 41.2236, -2.29373],
							"rotation": [-40, 0, 0],
							"uv": {
								"north": {"uv": [11, 117], "uv_size": [-11, 11]},
								"east": {"uv": [35, 117], "uv_size": [-12, 11]},
								"south": {"uv": [22, 117], "uv_size": [-11, 11]},
								"west": {"uv": [39, 105], "uv_size": [-12, 11]},
								"up": {"uv": [25, 104], "uv_size": [-11, 12]},
								"down": {"uv": [14, 117], "uv_size": [-11, -12]}
							}
						},
						{
							"origin": [2.8, 39.9736, -0.29373],
							"size": [2.5, 6.5, 0],
							"pivot": [4.05, 43.2236, 0.70627],
							"rotation": [-98.84179, -49.41933, 101.57495],
							"uv": {
								"north": {"uv": [11, 117], "uv_size": [-11, 11]},
								"east": {"uv": [35, 117], "uv_size": [-12, 11]},
								"south": {"uv": [22, 117], "uv_size": [-11, 11]},
								"west": {"uv": [39, 105], "uv_size": [-12, 11]},
								"up": {"uv": [25, 104], "uv_size": [-11, 12]},
								"down": {"uv": [14, 117], "uv_size": [-11, -12]}
							}
						},
						{
							"origin": [2.8, 39.9736, -0.29373],
							"size": [2.5, 6.5, 0],
							"pivot": [4.05, 43.2236, 0.70627],
							"rotation": [-40, 0, 0],
							"uv": {
								"north": {"uv": [11, 117], "uv_size": [-11, 11]},
								"east": {"uv": [35, 117], "uv_size": [-12, 11]},
								"south": {"uv": [22, 117], "uv_size": [-11, 11]},
								"west": {"uv": [39, 105], "uv_size": [-12, 11]},
								"up": {"uv": [25, 104], "uv_size": [-11, 12]},
								"down": {"uv": [14, 117], "uv_size": [-11, -12]}
							}
						},
						{
							"origin": [0.58151, 42.86797, 2.75367],
							"size": [2.5, 6.5, 0],
							"pivot": [1.83151, 46.11797, 2.75367],
							"rotation": [176.15821, -49.41933, 101.57495],
							"uv": {
								"north": {"uv": [11, 128], "uv_size": [-11, -11]},
								"east": {"uv": [35, 117], "uv_size": [-12, 11]},
								"south": {"uv": [22, 117], "uv_size": [-11, 11]},
								"west": {"uv": [39, 105], "uv_size": [-12, 11]},
								"up": {"uv": [25, 104], "uv_size": [-11, 12]},
								"down": {"uv": [14, 117], "uv_size": [-11, -12]}
							}
						},
						{
							"origin": [2.4, 39.9736, 1.70627],
							"size": [2.5, 6.5, 0],
							"pivot": [4.05, 43.2236, 0.70627],
							"rotation": [-40, 0, 0],
							"uv": {
								"north": {"uv": [11, 117], "uv_size": [-11, 11]},
								"east": {"uv": [35, 117], "uv_size": [-12, 11]},
								"south": {"uv": [22, 117], "uv_size": [-11, 11]},
								"west": {"uv": [39, 105], "uv_size": [-12, 11]},
								"up": {"uv": [25, 104], "uv_size": [-11, 12]},
								"down": {"uv": [14, 117], "uv_size": [-11, -12]}
							}
						},
						{
							"origin": [4.8, 39.9736, -0.22],
							"size": [2.5, 5.5, 0],
							"pivot": [4.05, 43.2236, 0.70627],
							"rotation": [-98.84179, -49.41933, 101.57495],
							"uv": {
								"north": {"uv": [11, 117], "uv_size": [-11, 11]},
								"east": {"uv": [35, 117], "uv_size": [-12, 11]},
								"south": {"uv": [22, 117], "uv_size": [-11, 11]},
								"west": {"uv": [39, 105], "uv_size": [-12, 11]},
								"up": {"uv": [25, 104], "uv_size": [-11, 12]},
								"down": {"uv": [14, 117], "uv_size": [-11, -12]}
							}
						},
						{
							"origin": [0.24736, 40.83353, 3.62249],
							"size": [2.5, 6.5, 0],
							"pivot": [1.49736, 44.08353, 3.62249],
							"rotation": [176.15821, -49.41933, 101.57495],
							"uv": {
								"north": {"uv": [11, 128], "uv_size": [-11, -11]},
								"east": {"uv": [35, 117], "uv_size": [-12, 11]},
								"south": {"uv": [22, 117], "uv_size": [-11, 11]},
								"west": {"uv": [39, 105], "uv_size": [-12, 11]},
								"up": {"uv": [25, 104], "uv_size": [-11, 12]},
								"down": {"uv": [14, 117], "uv_size": [-11, -12]}
							}
						},
						{
							"origin": [6.8, 39.9736, -0.2],
							"size": [2.5, 4.5, 0],
							"pivot": [4.05, 43.2236, 0.70627],
							"rotation": [-98.84179, -49.41933, 101.57495],
							"uv": {
								"north": {"uv": [11, 117], "uv_size": [-11, 11]},
								"east": {"uv": [35, 117], "uv_size": [-12, 11]},
								"south": {"uv": [22, 117], "uv_size": [-11, 11]},
								"west": {"uv": [39, 105], "uv_size": [-12, 11]},
								"up": {"uv": [25, 104], "uv_size": [-11, 12]},
								"down": {"uv": [14, 117], "uv_size": [-11, -12]}
							}
						},
						{
							"origin": [-0.03352, 38.79459, 4.49668],
							"size": [2.5, 6.5, 0],
							"pivot": [1.21648, 42.04459, 4.49668],
							"rotation": [176.15821, -49.41933, 101.57495],
							"uv": {
								"north": {"uv": [11, 128], "uv_size": [-11, -11]},
								"east": {"uv": [35, 117], "uv_size": [-12, 11]},
								"south": {"uv": [22, 117], "uv_size": [-11, 11]},
								"west": {"uv": [39, 105], "uv_size": [-12, 11]},
								"up": {"uv": [25, 104], "uv_size": [-11, 12]},
								"down": {"uv": [14, 117], "uv_size": [-11, -12]}
							}
						},
						{
							"origin": [2.1, 39.9736, 3.70627],
							"size": [2.5, 5.5, 0],
							"pivot": [4.05, 43.2236, 0.70627],
							"rotation": [-40, 0, 0],
							"uv": {
								"north": {"uv": [11, 117], "uv_size": [-11, 11]},
								"east": {"uv": [35, 117], "uv_size": [-12, 11]},
								"south": {"uv": [22, 117], "uv_size": [-11, 11]},
								"west": {"uv": [39, 105], "uv_size": [-12, 11]},
								"up": {"uv": [25, 104], "uv_size": [-11, 12]},
								"down": {"uv": [14, 117], "uv_size": [-11, -12]}
							}
						},
						{
							"origin": [1.8, 39.9736, 5.70627],
							"size": [2.5, 4.5, 0],
							"pivot": [4.05, 43.2236, 0.70627],
							"rotation": [-40, 0, 0],
							"uv": {
								"north": {"uv": [11, 117], "uv_size": [-11, 11]},
								"east": {"uv": [35, 117], "uv_size": [-12, 11]},
								"south": {"uv": [22, 117], "uv_size": [-11, 11]},
								"west": {"uv": [39, 105], "uv_size": [-12, 11]},
								"up": {"uv": [25, 104], "uv_size": [-11, 12]},
								"down": {"uv": [14, 117], "uv_size": [-11, -12]}
							}
						},
						{
							"origin": [4.26433, 38.12475, 2.38587],
							"size": [2.5, 6.5, 0],
							"pivot": [3.12896, 39.68079, 3.21846],
							"rotation": [176.15821, -49.41933, 74.07495],
							"uv": {
								"north": {"uv": [11, 128], "uv_size": [-11, -11]},
								"east": {"uv": [35, 117], "uv_size": [-12, 11]},
								"south": {"uv": [22, 117], "uv_size": [-11, 11]},
								"west": {"uv": [39, 105], "uv_size": [-12, 11]},
								"up": {"uv": [25, 104], "uv_size": [-11, 12]},
								"down": {"uv": [14, 117], "uv_size": [-11, -12]}
							}
						},
						{
							"origin": [1.8, 33.87459, 6.71115],
							"size": [2.5, 6.5, 0],
							"pivot": [3.12896, 39.68079, 3.21846],
							"rotation": [-40, 0, -27.5],
							"uv": {
								"north": {"uv": [11, 117], "uv_size": [-11, 11]},
								"east": {"uv": [35, 117], "uv_size": [-12, 11]},
								"south": {"uv": [22, 117], "uv_size": [-11, 11]},
								"west": {"uv": [39, 105], "uv_size": [-12, 11]},
								"up": {"uv": [25, 104], "uv_size": [-11, 12]},
								"down": {"uv": [14, 117], "uv_size": [-11, -12]}
							}
						},
						{
							"origin": [4.26433, 33.87459, 1.59577],
							"size": [2.5, 6.5, 0],
							"pivot": [3.12896, 39.68079, 3.21846],
							"rotation": [-98.84179, -49.41933, 74.07495],
							"uv": {
								"north": {"uv": [11, 117], "uv_size": [-11, 11]},
								"east": {"uv": [35, 117], "uv_size": [-12, 11]},
								"south": {"uv": [22, 117], "uv_size": [-11, 11]},
								"west": {"uv": [39, 105], "uv_size": [-12, 11]},
								"up": {"uv": [25, 104], "uv_size": [-11, 12]},
								"down": {"uv": [14, 117], "uv_size": [-11, -12]}
							}
						},
						{
							"origin": [2.26433, 38.19198, 1.38793],
							"size": [2.5, 6.5, 0],
							"pivot": [3.12896, 39.68079, 3.21846],
							"rotation": [176.15821, -49.41933, 74.07495],
							"uv": {
								"north": {"uv": [11, 128], "uv_size": [-11, -11]},
								"east": {"uv": [35, 117], "uv_size": [-12, 11]},
								"south": {"uv": [22, 117], "uv_size": [-11, 11]},
								"west": {"uv": [39, 105], "uv_size": [-12, 11]},
								"up": {"uv": [25, 104], "uv_size": [-11, 12]},
								"down": {"uv": [14, 117], "uv_size": [-11, -12]}
							}
						},
						{
							"origin": [0.26433, 38.20569, 0.38531],
							"size": [2.5, 6.5, 0],
							"pivot": [3.12896, 39.68079, 3.21846],
							"rotation": [176.15821, -49.41933, 74.07495],
							"uv": {
								"north": {"uv": [11, 128], "uv_size": [-11, -11]},
								"east": {"uv": [35, 117], "uv_size": [-12, 11]},
								"south": {"uv": [22, 117], "uv_size": [-11, 11]},
								"west": {"uv": [39, 105], "uv_size": [-12, 11]},
								"up": {"uv": [25, 104], "uv_size": [-11, 12]},
								"down": {"uv": [14, 117], "uv_size": [-11, -12]}
							}
						},
						{
							"origin": [0.26433, 33.87459, 1.50204],
							"size": [2.5, 8.5, 0],
							"pivot": [3.12896, 39.68079, 3.21846],
							"rotation": [-98.84179, -49.41933, 74.07495],
							"uv": {
								"north": {"uv": [11, 117], "uv_size": [-11, 11]},
								"east": {"uv": [35, 117], "uv_size": [-12, 11]},
								"south": {"uv": [22, 117], "uv_size": [-11, 11]},
								"west": {"uv": [39, 105], "uv_size": [-12, 11]},
								"up": {"uv": [25, 104], "uv_size": [-11, 12]},
								"down": {"uv": [14, 117], "uv_size": [-11, -12]}
							}
						},
						{
							"origin": [2.4, 33.87459, 2.71115],
							"size": [2.5, 8.5, 0],
							"pivot": [3.12896, 39.68079, 3.21846],
							"rotation": [-40, 0, -27.5],
							"uv": {
								"north": {"uv": [11, 117], "uv_size": [-11, 11]},
								"east": {"uv": [35, 117], "uv_size": [-12, 11]},
								"south": {"uv": [22, 117], "uv_size": [-11, 11]},
								"west": {"uv": [39, 105], "uv_size": [-12, 11]},
								"up": {"uv": [25, 104], "uv_size": [-11, 12]},
								"down": {"uv": [14, 117], "uv_size": [-11, -12]}
							}
						},
						{
							"origin": [2.26433, 33.87459, 1.57577],
							"size": [2.5, 7.5, 0],
							"pivot": [3.12896, 39.68079, 3.21846],
							"rotation": [-98.84179, -49.41933, 74.07495],
							"uv": {
								"north": {"uv": [11, 117], "uv_size": [-11, 11]},
								"east": {"uv": [35, 117], "uv_size": [-12, 11]},
								"south": {"uv": [22, 117], "uv_size": [-11, 11]},
								"west": {"uv": [39, 105], "uv_size": [-12, 11]},
								"up": {"uv": [25, 104], "uv_size": [-11, 12]},
								"down": {"uv": [14, 117], "uv_size": [-11, -12]}
							}
						},
						{
							"origin": [2.1, 33.87459, 4.71115],
							"size": [2.5, 7.5, 0],
							"pivot": [3.12896, 39.68079, 3.21846],
							"rotation": [-40, 0, -27.5],
							"uv": {
								"north": {"uv": [11, 117], "uv_size": [-11, 11]},
								"east": {"uv": [35, 117], "uv_size": [-12, 11]},
								"south": {"uv": [22, 117], "uv_size": [-11, 11]},
								"west": {"uv": [39, 105], "uv_size": [-12, 11]},
								"up": {"uv": [25, 104], "uv_size": [-11, 12]},
								"down": {"uv": [14, 117], "uv_size": [-11, -12]}
							}
						},
						{
							"origin": [2.8, 33.87459, 0.71115],
							"size": [2.5, 8.5, 0],
							"pivot": [3.12896, 39.68079, 3.21846],
							"rotation": [-40, 0, -27.5],
							"uv": {
								"north": {"uv": [11, 117], "uv_size": [-11, 11]},
								"east": {"uv": [35, 117], "uv_size": [-12, 11]},
								"south": {"uv": [22, 117], "uv_size": [-11, 11]},
								"west": {"uv": [39, 105], "uv_size": [-12, 11]},
								"up": {"uv": [25, 104], "uv_size": [-11, 12]},
								"down": {"uv": [14, 117], "uv_size": [-11, -12]}
							}
						},
						{
							"origin": [5.05, 34, -5.99],
							"size": [2.5, 5.5, 0],
							"pivot": [5.3, 35.5, -5.99],
							"rotation": [0, -90, 0],
							"uv": {
								"north": {"uv": [11, 117], "uv_size": [-11, 11]},
								"east": {"uv": [35, 117], "uv_size": [-12, 11]},
								"south": {"uv": [22, 117], "uv_size": [-11, 11]},
								"west": {"uv": [39, 105], "uv_size": [-12, 11]},
								"up": {"uv": [25, 104], "uv_size": [-11, 12]},
								"down": {"uv": [14, 117], "uv_size": [-11, -12]}
							}
						},
						{
							"origin": [7.05, 34.2, -5.97],
							"size": [2.5, 5.5, 0],
							"pivot": [5.3, 35.5, -5.99],
							"rotation": [0, -90, 0],
							"uv": {
								"north": {"uv": [11, 117], "uv_size": [-11, 11]},
								"east": {"uv": [35, 117], "uv_size": [-12, 11]},
								"south": {"uv": [22, 117], "uv_size": [-11, 11]},
								"west": {"uv": [39, 105], "uv_size": [-12, 11]},
								"up": {"uv": [25, 104], "uv_size": [-11, 12]},
								"down": {"uv": [14, 117], "uv_size": [-11, -12]}
							}
						},
						{
							"origin": [-1.25, 33.25, -6.16],
							"size": [2.5, 5.5, 0],
							"pivot": [0, 36, -6.2],
							"rotation": [0, 0, 30],
							"uv": {
								"north": {"uv": [11, 117], "uv_size": [-11, 11]},
								"east": {"uv": [35, 117], "uv_size": [-12, 11]},
								"south": {"uv": [22, 117], "uv_size": [-11, 11]},
								"west": {"uv": [39, 105], "uv_size": [-12, 11]},
								"up": {"uv": [25, 104], "uv_size": [-11, 12]},
								"down": {"uv": [14, 117], "uv_size": [-11, -12]}
							}
						},
						{
							"origin": [-1.25, 33.25, -6.22],
							"size": [2.5, 5.5, 0],
							"pivot": [0, 36, -6.2],
							"rotation": [0, 0, -27.5],
							"uv": {
								"north": {"uv": [11, 117], "uv_size": [-11, 11]},
								"east": {"uv": [35, 117], "uv_size": [-12, 11]},
								"south": {"uv": [22, 117], "uv_size": [-11, 11]},
								"west": {"uv": [39, 105], "uv_size": [-12, 11]},
								"up": {"uv": [25, 104], "uv_size": [-11, 12]},
								"down": {"uv": [14, 117], "uv_size": [-11, -12]}
							}
						},
						{
							"origin": [0.75, 31.25, -6.18],
							"size": [2.5, 5.5, 0],
							"pivot": [0, 36, -6.2],
							"rotation": [0, 0, 7.5],
							"uv": {
								"north": {"uv": [11, 117], "uv_size": [-11, 11]},
								"east": {"uv": [35, 117], "uv_size": [-12, 11]},
								"south": {"uv": [22, 117], "uv_size": [-11, 11]},
								"west": {"uv": [39, 105], "uv_size": [-12, 11]},
								"up": {"uv": [25, 104], "uv_size": [-11, 12]},
								"down": {"uv": [14, 117], "uv_size": [-11, -12]}
							}
						},
						{
							"origin": [-6, 39, -6],
							"size": [6, 11, 12],
							"uv": {
								"north": {"uv": [36, 46], "uv_size": [11, 11]},
								"east": {"uv": [39, 0], "uv_size": [12, 11]},
								"south": {"uv": [47, 46], "uv_size": [11, 11]},
								"west": {"uv": [39, 11], "uv_size": [12, 11]},
								"up": {"uv": [39, 22], "uv_size": [11, 12]},
								"down": {"uv": [39, 46], "uv_size": [11, -12]}
							}
						}
					]
				}
			]
		}
	]
}
