{
	"format_version": "1.12.0",
	"minecraft:geometry": [
		{
			"description": {
				"identifier": "geometry.gyomei",
				"texture_width": 64,
				"texture_height": 64,
				"visible_bounds_width": 3,
				"visible_bounds_height": 3,
				"visible_bounds_offset": [0, 1.5, 0]
			},
			"bones": [
				{
					"name": "root",
					"pivot": [0, 0, 0]
				},
				{
					"name": "waist",
					"parent": "root",
					"pivot": [0, 12, 0]
				},
				{
					"name": "body",
					"parent": "waist",
					"pivot": [0, 24, 0],
					"cubes": [
						{
							"origin": [-4, 12, -2],
							"size": [8, 12, 4],
							"uv": {
								"north": {"uv": [0, 40], "uv_size": [17, 24]},
								"east": {"uv": [15, 40], "uv_size": [2, 24]},
								"south": {"uv": [58, 0], "uv_size": [5, 14]},
								"west": {"uv": [0, 40], "uv_size": [3, 24]},
								"up": {"uv": [17, 42], "uv_size": [-17, -2]},
								"down": {"uv": [17, 64], "uv_size": [-17, -1]}
							}
						}
					]
				},
				{
					"name": "head",
					"parent": "body",
					"pivot": [0, 24, 0],
					"cubes": [
						{
							"origin": [-4, 24, -4],
							"size": [8, 8, 8],
							"uv": {
								"north": {"uv": [9, 0], "uv_size": [18, 19]},
								"east": {"uv": [0, 0], "uv_size": [9, 19]},
								"south": {"uv": [9, 19], "uv_size": [18, 19]},
								"west": {"uv": [0, 19], "uv_size": [9, 19]},
								"up": {"uv": [26, 23], "uv_size": [-16, -3]},
								"down": {"uv": [20, 17], "uv_size": [-4, 0]}
							}
						}
					]
				},
				{
					"name": "hat",
					"parent": "head",
					"pivot": [0, 24, 0],
					"cubes": [
						{
							"origin": [-3.5608, 24.4692, -3.5608],
							"size": [7.1216, 7.0616, 7.1216],
							"inflate": 0.75,
							"uv": {
								"north": {"uv": [40, 32], "uv_size": [8, 5]},
								"east": {"uv": [38, 32], "uv_size": [-6, 14]},
								"south": {"uv": [63, 32], "uv_size": [-6, 16]},
								"west": {"uv": [49, 32], "uv_size": [6, 12]},
								"up": {"uv": [48, 32], "uv_size": [-8, -8]},
								"down": {"uv": [49, 37], "uv_size": [-10, 7]}
							}
						}
					]
				},
				{
					"name": "cape",
					"parent": "body",
					"pivot": [0, 24, 3]
				},
				{
					"name": "leftArm",
					"parent": "body",
					"pivot": [5, 22, 0],
					"cubes": [
						{
							"origin": [4, 12, -2],
							"size": [4, 12, 4],
							"uv": {
								"north": {"uv": [36, 0], "uv_size": [9, 24]},
								"east": {"uv": [36, 0], "uv_size": [9, 24]},
								"south": {"uv": [36, 0], "uv_size": [9, 24]},
								"west": {"uv": [36, 0], "uv_size": [9, 24]},
								"up": {"uv": [45, 15], "uv_size": [-9, -15]},
								"down": {"uv": [58, 21], "uv_size": [2, 1]}
							}
						}
					]
				},
				{
					"name": "leftItem",
					"parent": "leftArm",
					"pivot": [6, 15, 1]
				},
				{
					"name": "rightArm",
					"parent": "body",
					"pivot": [-5, 22, 0],
					"cubes": [
						{
							"origin": [-8, 12, -2],
							"size": [4, 12, 4],
							"uv": {
								"north": {"uv": [36, 0], "uv_size": [9, 24]},
								"east": {"uv": [36, 0], "uv_size": [9, 24]},
								"south": {"uv": [36, 0], "uv_size": [9, 24]},
								"west": {"uv": [36, 0], "uv_size": [9, 24]},
								"up": {"uv": [45, 15], "uv_size": [-9, -15]},
								"down": {"uv": [61, 23], "uv_size": [-3, -1]}
							}
						}
					]
				},
				{
					"name": "rightItem",
					"parent": "rightArm",
					"pivot": [-6, 15, 1],
					"locators": {
						"lead_hold": [-6, 15, 1]
					}
				},
				{
					"name": "leftLeg",
					"parent": "root",
					"pivot": [1.9, 12, 0],
					"cubes": [
						{
							"origin": [-0.1, 0, -2],
							"size": [4, 12, 4],
							"uv": {
								"north": {"uv": [54, 0], "uv_size": [9, 24]},
								"east": {"uv": [54, 0], "uv_size": [9, 24]},
								"south": {"uv": [54, 0], "uv_size": [9, 24]},
								"west": {"uv": [54, 0], "uv_size": [9, 24]},
								"up": {"uv": [63, 14], "uv_size": [-9, -14]},
								"down": {"uv": [60, 22], "uv_size": [-6, 0]}
							}
						}
					]
				},
				{
					"name": "rightLeg",
					"parent": "root",
					"pivot": [-1.9, 12, 0],
					"cubes": [
						{
							"origin": [-3.9, 0, -2],
							"size": [4, 12, 4],
							"uv": {
								"north": {"uv": [54, 0], "uv_size": [9, 24]},
								"east": {"uv": [54, 0], "uv_size": [9, 24]},
								"south": {"uv": [54, 0], "uv_size": [9, 24]},
								"west": {"uv": [54, 0], "uv_size": [9, 24]},
								"up": {"uv": [63, 14], "uv_size": [-9, -14]},
								"down": {"uv": [59, 22], "uv_size": [0, 0]}
							}
						}
					]
				}
			]
		}
	]
}