{
	"format_version": "1.12.0",
	"minecraft:geometry": [
		{
			"description": {
				"identifier": "geometry.gyutaro",
				"texture_width": 64,
				"texture_height": 64,
				"visible_bounds_width": 3,
				"visible_bounds_height": 3,
				"visible_bounds_offset": [0, 1.5, 0]
			},
			"bones": [
				{
					"name": "root",
					"pivot": [0, 0, 0]
				},
				{
					"name": "waist",
					"parent": "root",
					"pivot": [0, 12, 0],
					"cubes": [
						{
							"origin": [-3, 12, -1],
							"size": [6, 5.5, 2],
							"uv": {
								"north": {"uv": [0, 54], "uv_size": [17, 10]},
								"east": {"uv": [17, 54], "uv_size": [9, 10]},
								"south": {"uv": [17, 54], "uv_size": [17, 10]},
								"west": {"uv": [26, 54], "uv_size": [8, 10]},
								"up": {"uv": [0, 40], "uv_size": [17, 1]},
								"down": {"uv": [16, 18], "uv_size": [4, -1]}
							}
						}
					]
				},
				{
					"name": "waist2",
					"parent": "waist",
					"pivot": [0, 17, 1]
				},
				{
					"name": "body",
					"parent": "waist2",
					"pivot": [0, 24, 0],
					"cubes": [
						{
							"origin": [-4, 19, -2],
							"size": [8, 5, 4],
							"uv": {
								"north": {"uv": [0, 40], "uv_size": [17, 14]},
								"east": {"uv": [17, 40], "uv_size": [9, 24]},
								"south": {"uv": [17, 40], "uv_size": [17, 13]},
								"west": {"uv": [26, 40], "uv_size": [8, 24]},
								"up": {"uv": [0, 40], "uv_size": [17, 1]},
								"down": {"uv": [16, 18], "uv_size": [4, -1]}
							}
						},
						{
							"origin": [-3.28, 17.45, -1.64],
							"size": [6.56, 4.1, 3.28],
							"uv": {
								"north": {"uv": [0, 40], "uv_size": [17, 6]},
								"east": {"uv": [17, 40], "uv_size": [9, 24]},
								"south": {"uv": [17, 40], "uv_size": [17, 13]},
								"west": {"uv": [26, 40], "uv_size": [8, 24]},
								"up": {"uv": [0, 40], "uv_size": [17, 1]},
								"down": {"uv": [16, 18], "uv_size": [4, -1]}
							}
						},
						{
							"origin": [-4.4, 11.4, -2.2],
							"size": [8.8, 13.2, 4.4],
							"uv": {
								"north": {"uv": [47, 40], "uv_size": [17, 24]},
								"east": {"uv": [37, 40], "uv_size": [5, 24]},
								"south": {"uv": [37, 40], "uv_size": [5, 24]},
								"west": {"uv": [36, 40], "uv_size": [6, 24]},
								"up": {"uv": [64, 40], "uv_size": [-17, -4]},
								"down": {"uv": [64, 64], "uv_size": [-17, -24]}
							}
						}
					]
				},
				{
					"name": "head",
					"parent": "body",
					"pivot": [0, 24, 0],
					"cubes": [
						{
							"origin": [-4, 24, -4],
							"size": [8, 8, 8],
							"uv": {
								"north": {"uv": [8, 0], "uv_size": [19, 19]},
								"east": {"uv": [0, 0], "uv_size": [8, 19]},
								"south": {"uv": [9, 20], "uv_size": [17, 17]},
								"west": {"uv": [0, 19], "uv_size": [8, 19]},
								"up": {"uv": [26, 37], "uv_size": [-17, -17]},
								"down": {"uv": [20, 18], "uv_size": [-3, -1]}
							}
						}
					]
				},
				{
					"name": "hat",
					"parent": "head",
					"pivot": [0, 24, 0],
					"cubes": [
						{
							"origin": [-4, 24, -4],
							"size": [8, 8, 8],
							"inflate": 0.5,
							"uv": {
								"north": {"uv": [40, 32], "uv_size": [4, 4]},
								"east": {"uv": [32, 32], "uv_size": [4, 4]},
								"south": {"uv": [56, 32], "uv_size": [4, 4]},
								"west": {"uv": [48, 32], "uv_size": [4, 4]},
								"up": {"uv": [40, 28], "uv_size": [4, 4]},
								"down": {"uv": [48, 32], "uv_size": [4, -4]}
							}
						}
					]
				},
				{
					"name": "cape",
					"parent": "body",
					"pivot": [0, 24, 3]
				},
				{
					"name": "leftArm",
					"parent": "body",
					"pivot": [5, 22, 0],
					"cubes": [
						{
							"origin": [4, 18, -2],
							"size": [4, 6, 4],
							"uv": {
								"north": {"uv": [36, 0], "uv_size": [-9, 12]},
								"east": {"uv": [36, 0], "uv_size": [-9, 12]},
								"south": {"uv": [36, 0], "uv_size": [-9, 12]},
								"west": {"uv": [36, 0], "uv_size": [-9, 12]},
								"up": {"uv": [27, 7], "uv_size": [9, -7]},
								"down": {"uv": [27, 24], "uv_size": [2, -1]}
							}
						},
						{
							"origin": [3.8, 17.4, -2.2],
							"size": [4.4, 7.2, 4.4],
							"uv": {
								"north": {"uv": [40, 0], "uv_size": [4, 12]},
								"east": {"uv": [36, 0], "uv_size": [4, 12]},
								"south": {"uv": [40, 0], "uv_size": [4, 12]},
								"west": {"uv": [36, 0], "uv_size": [4, 12]},
								"up": {"uv": [44, 64], "uv_size": [-4, -24]},
								"down": {"uv": [41, 64], "uv_size": [-4, -24]}
							}
						}
					]
				},
				{
					"name": "leftArm2",
					"parent": "leftArm",
					"pivot": [5, 18, 2],
					"cubes": [
						{
							"origin": [4, 12, -2],
							"size": [4, 6, 4],
							"uv": {
								"north": {"uv": [36, 12], "uv_size": [-9, 12]},
								"east": {"uv": [36, 12], "uv_size": [-9, 12]},
								"south": {"uv": [36, 12], "uv_size": [-9, 12]},
								"west": {"uv": [36, 12], "uv_size": [-9, 12]},
								"up": {"uv": [27, 7], "uv_size": [9, -7]},
								"down": {"uv": [27, 24], "uv_size": [2, -1]}
							}
						},
						{
							"origin": [3.8, 11.4, -2.2],
							"size": [4.4, 7.2, 4.4],
							"uv": {
								"north": {"uv": [40, 12], "uv_size": [4, 12]},
								"east": {"uv": [36, 12], "uv_size": [4, 12]},
								"south": {"uv": [40, 12], "uv_size": [4, 12]},
								"west": {"uv": [36, 12], "uv_size": [4, 12]},
								"up": {"uv": [44, 64], "uv_size": [-4, -24]},
								"down": {"uv": [41, 64], "uv_size": [-4, -24]}
							}
						}
					]
				},
				{
					"name": "rightArm",
					"parent": "body",
					"pivot": [-5, 22, 0],
					"cubes": [
						{
							"origin": [-8, 18, -2],
							"size": [4, 6, 4],
							"uv": {
								"north": {"uv": [27, 0], "uv_size": [9, 12]},
								"east": {"uv": [27, 0], "uv_size": [9, 12]},
								"south": {"uv": [27, 0], "uv_size": [9, 12]},
								"west": {"uv": [27, 0], "uv_size": [9, 12]},
								"up": {"uv": [36, 7], "uv_size": [-9, -7]},
								"down": {"uv": [29, 24], "uv_size": [-2, -1]}
							}
						},
						{
							"origin": [-8.2, 17.4, -2.2],
							"size": [4.4, 7.2, 4.4],
							"uv": {
								"north": {"uv": [44, 0], "uv_size": [-4, 12]},
								"east": {"uv": [40, 0], "uv_size": [-4, 12]},
								"south": {"uv": [44, 0], "uv_size": [-4, 12]},
								"west": {"uv": [40, 0], "uv_size": [-4, 12]},
								"up": {"uv": [40, 64], "uv_size": [4, -24]},
								"down": {"uv": [37, 64], "uv_size": [4, -24]}
							}
						}
					]
				},
				{
					"name": "rightArm2",
					"parent": "rightArm",
					"pivot": [-5, 18, 2],
					"cubes": [
						{
							"origin": [-8, 12, -2],
							"size": [4, 6, 4],
							"uv": {
								"north": {"uv": [27, 12], "uv_size": [9, 12]},
								"east": {"uv": [27, 12], "uv_size": [9, 12]},
								"south": {"uv": [27, 12], "uv_size": [9, 12]},
								"west": {"uv": [27, 12], "uv_size": [9, 12]},
								"up": {"uv": [36, 7], "uv_size": [-9, -7]},
								"down": {"uv": [29, 24], "uv_size": [-2, -1]}
							}
						},
						{
							"origin": [-8.2, 11.4, -2.2],
							"size": [4.4, 7.2, 4.4],
							"uv": {
								"north": {"uv": [44, 12], "uv_size": [-4, 12]},
								"east": {"uv": [40, 12], "uv_size": [-4, 12]},
								"south": {"uv": [44, 12], "uv_size": [-4, 12]},
								"west": {"uv": [40, 12], "uv_size": [-4, 12]},
								"up": {"uv": [40, 64], "uv_size": [4, -24]},
								"down": {"uv": [37, 64], "uv_size": [4, -24]}
							}
						}
					]
				},
				{
					"name": "leftLeg",
					"parent": "root",
					"pivot": [1.9, 12, 0],
					"cubes": [
						{
							"origin": [-0.1, 6, -2],
							"size": [4, 6, 4],
							"uv": {
								"north": {"uv": [54, 0], "uv_size": [-9, 14]},
								"east": {"uv": [45, 0], "uv_size": [9, 14]},
								"south": {"uv": [54, 0], "uv_size": [-9, 14]},
								"west": {"uv": [45, 0], "uv_size": [9, 14]},
								"up": {"uv": [45, 8], "uv_size": [9, -8]},
								"down": {"uv": [45, 24], "uv_size": [9, -24]}
							}
						}
					]
				},
				{
					"name": "leftLeg2",
					"parent": "leftLeg",
					"pivot": [1.9, 6, -2],
					"cubes": [
						{
							"origin": [-0.1, 0, -2],
							"size": [4, 2, 4],
							"uv": {
								"north": {"uv": [25, 17], "uv_size": [-9, 1]},
								"east": {"uv": [25, 17], "uv_size": [-9, 1]},
								"south": {"uv": [25, 17], "uv_size": [-9, 1]},
								"west": {"uv": [25, 17], "uv_size": [-9, 1]},
								"up": {"uv": [16, 18], "uv_size": [9, -1]},
								"down": {"uv": [16, 18], "uv_size": [9, -1]}
							}
						},
						{
							"origin": [-0.1, 2, -2],
							"size": [4, 4, 4],
							"uv": {
								"north": {"uv": [54, 14], "uv_size": [-9, 10]},
								"east": {"uv": [45, 14], "uv_size": [9, 10]},
								"south": {"uv": [54, 14], "uv_size": [-9, 10]},
								"west": {"uv": [45, 14], "uv_size": [9, 10]},
								"up": {"uv": [45, 8], "uv_size": [9, -8]},
								"down": {"uv": [45, 24], "uv_size": [9, -24]}
							}
						}
					]
				},
				{
					"name": "rightLeg",
					"parent": "root",
					"pivot": [-1.9, 12, 0],
					"cubes": [
						{
							"origin": [-3.9, 6, -2],
							"size": [4, 6, 4],
							"uv": {
								"north": {"uv": [45, 0], "uv_size": [9, 14]},
								"east": {"uv": [54, 0], "uv_size": [-9, 14]},
								"south": {"uv": [45, 0], "uv_size": [9, 14]},
								"west": {"uv": [54, 0], "uv_size": [-9, 14]},
								"up": {"uv": [54, 8], "uv_size": [-9, -8]},
								"down": {"uv": [54, 24], "uv_size": [-9, -24]}
							}
						}
					]
				},
				{
					"name": "rightLeg2",
					"parent": "rightLeg",
					"pivot": [-1.9, 6, -2],
					"cubes": [
						{
							"origin": [-3.9, 0, -2],
							"size": [4, 2, 4],
							"uv": {
								"north": {"uv": [16, 17], "uv_size": [9, 1]},
								"east": {"uv": [16, 17], "uv_size": [9, 1]},
								"south": {"uv": [16, 17], "uv_size": [9, 1]},
								"west": {"uv": [16, 17], "uv_size": [9, 1]},
								"up": {"uv": [25, 18], "uv_size": [-9, -1]},
								"down": {"uv": [25, 18], "uv_size": [-9, -1]}
							}
						},
						{
							"origin": [-3.9, 2, -2],
							"size": [4, 4, 4],
							"uv": {
								"north": {"uv": [45, 14], "uv_size": [9, 10]},
								"east": {"uv": [54, 14], "uv_size": [-9, 10]},
								"south": {"uv": [45, 14], "uv_size": [9, 10]},
								"west": {"uv": [54, 14], "uv_size": [-9, 10]},
								"up": {"uv": [54, 8], "uv_size": [-9, -8]},
								"down": {"uv": [54, 24], "uv_size": [-9, -24]}
							}
						}
					]
				}
			]
		}
	]
}