{
	"format_version": "1.12.0",
	"minecraft:geometry": [
		{
			"description": {
				"identifier": "geometry.haganezuka",
				"texture_width": 64,
				"texture_height": 64,
				"visible_bounds_width": 3,
				"visible_bounds_height": 3,
				"visible_bounds_offset": [0, 1.5, 0]
			},
			"bones": [
				{
					"name": "root",
					"pivot": [0, 0, 0]
				},
				{
					"name": "waist",
					"parent": "root",
					"pivot": [0, 12, 0]
				},
				{
					"name": "body",
					"parent": "waist",
					"pivot": [0, 24, 0],
					"cubes": [
						{
							"origin": [-4, 12, -2],
							"size": [8, 12, 4],
							"uv": {
								"north": {"uv": [0, 40], "uv_size": [17, 24]},
								"east": {"uv": [4, 40], "uv_size": [-4, 24]},
								"south": {"uv": [17, 40], "uv_size": [17, 24]},
								"west": {"uv": [0, 40], "uv_size": [4, 24]},
								"up": {"uv": [1, 41], "uv_size": [15, -1]},
								"down": {"uv": [6, 63], "uv_size": [2, 0]}
							}
						}
					]
				},
				{
					"name": "head",
					"parent": "body",
					"pivot": [0, 24, 0],
					"cubes": [
						{
							"origin": [-4, 24, -4],
							"size": [8, 8, 8],
							"uv": {
								"north": {"uv": [9, 0], "uv_size": [18, 19]},
								"east": {"uv": [9, 19], "uv_size": [18, 19]},
								"south": {"uv": [9, 19], "uv_size": [18, 19]},
								"west": {"uv": [9, 19], "uv_size": [18, 19]},
								"up": {"uv": [27, 38], "uv_size": [-18, -19]},
								"down": {"uv": [27, 38], "uv_size": [-18, -19]}
							}
						}
					]
				},
				{
					"name": "hat",
					"parent": "head",
					"pivot": [0, 24, 0]
				},
				{
					"name": "cape",
					"parent": "body",
					"pivot": [0, 24, 3]
				},
				{
					"name": "leftArm",
					"parent": "body",
					"pivot": [5, 22, 0],
					"cubes": [
						{
							"origin": [4, 12, -2],
							"size": [4, 12, 4],
							"uv": {
								"north": {"uv": [28, 0], "uv_size": [7, 24]},
								"east": {"uv": [28, 0], "uv_size": [7, 24]},
								"south": {"uv": [28, 0], "uv_size": [7, 24]},
								"west": {"uv": [28, 0], "uv_size": [7, 24]},
								"up": {"uv": [35, 16], "uv_size": [-7, -16]},
								"down": {"uv": [35, 24], "uv_size": [-7, -1]}
							}
						}
					]
				},
				{
					"name": "leftItem",
					"parent": "leftArm",
					"pivot": [6, 15, 1]
				},
				{
					"name": "rightArm",
					"parent": "body",
					"pivot": [-5, 22, 0],
					"cubes": [
						{
							"origin": [-8, 12, -2],
							"size": [4, 12, 4],
							"uv": {
								"north": {"uv": [28, 0], "uv_size": [7, 24]},
								"east": {"uv": [28, 0], "uv_size": [7, 24]},
								"south": {"uv": [28, 0], "uv_size": [7, 24]},
								"west": {"uv": [28, 0], "uv_size": [7, 24]},
								"up": {"uv": [35, 16], "uv_size": [-7, -16]},
								"down": {"uv": [35, 24], "uv_size": [-7, -1]}
							}
						}
					]
				},
				{
					"name": "rightItem",
					"parent": "rightArm",
					"pivot": [-6, 15, 1],
					"locators": {
						"lead_hold": [-6, 15, 1]
					}
				},
				{
					"name": "leftLeg",
					"parent": "root",
					"pivot": [1.9, 12, 0],
					"cubes": [
						{
							"origin": [-0.1, 0, -2],
							"size": [4, 12, 4],
							"uv": {
								"north": {"uv": [45, 0], "uv_size": [9, 24]},
								"east": {"uv": [45, 0], "uv_size": [9, 24]},
								"south": {"uv": [45, 0], "uv_size": [9, 24]},
								"west": {"uv": [45, 0], "uv_size": [9, 24]},
								"up": {"uv": [54, 6], "uv_size": [-9, -6]},
								"down": {"uv": [54, 24], "uv_size": [-9, -1]}
							}
						}
					]
				},
				{
					"name": "rightLeg",
					"parent": "root",
					"pivot": [-1.9, 12, 0],
					"cubes": [
						{
							"origin": [-3.9, 0, -2],
							"size": [4, 12, 4],
							"uv": {
								"north": {"uv": [45, 0], "uv_size": [9, 24]},
								"east": {"uv": [45, 0], "uv_size": [9, 24]},
								"south": {"uv": [45, 0], "uv_size": [9, 24]},
								"west": {"uv": [45, 0], "uv_size": [9, 24]},
								"up": {"uv": [54, 5], "uv_size": [-9, -5]},
								"down": {"uv": [54, 24], "uv_size": [-9, -1]}
							}
						}
					]
				}
			]
		}
	]
}
