{
	"format_version": "1.12.0",
	"minecraft:geometry": [
		{
			"description": {
				"identifier": "geometry.hantengu",
				"texture_width": 64,
				"texture_height": 64,
				"visible_bounds_width": 2,
				"visible_bounds_height": 3.5,
				"visible_bounds_offset": [0, 1.25, 0]
			},
			"bones": [
				{
					"name": "root",
					"pivot": [0, 0, 0]
				},
				{
					"name": "waist",
					"parent": "root",
					"pivot": [0, 12, 0]
				},
				{
					"name": "body",
					"parent": "waist",
					"pivot": [0, 24, 0],
					"cubes": [
						{
							"origin": [-4, 3, -1],
							"size": [8, 8, 4],
							"uv": {
								"north": {"uv": [0, 46.5], "uv_size": [17, 17.5]},
								"east": {"uv": [0, 54], "uv_size": [1.5, 10]},
								"south": {"uv": [17, 46.5], "uv_size": [17, 17.5]},
								"west": {"uv": [3.25, 46.5], "uv_size": [13.75, 17.5]},
								"up": {"uv": [17, 64], "uv_size": [-17, -29]},
								"down": {"uv": [17, 64], "uv_size": [-17, -17.5]}
							}
						},
						{
							"origin": [-4, 11, -2],
							"size": [8, 7, 6],
							"uv": {
								"north": {"uv": [0, 35], "uv_size": [17, 11.5]},
								"east": {"uv": [0, 53.5], "uv_size": [1.5, 10.5]},
								"south": {"uv": [17, 35], "uv_size": [17, 11.5]},
								"west": {"uv": [14.75, 37], "uv_size": [2.5, 4.5]},
								"up": {"uv": [0, 64], "uv_size": [17, -17.5]},
								"down": {"uv": [34, 56.5], "uv_size": [-17, -10]}
							}
						}
					]
				},
				{
					"name": "head",
					"parent": "body",
					"pivot": [0, 24, 0],
					"cubes": [
						{
							"origin": [-3, 19, -3],
							"size": [6, 5, 6],
							"uv": {
								"north": {"uv": [9, 0], "uv_size": [18, 14.75]},
								"east": {"uv": [18.25, 22.75], "uv_size": [2.25, 5.5]},
								"south": {"uv": [18.25, 22.75], "uv_size": [2.25, 5.5]},
								"west": {"uv": [18.25, 22.75], "uv_size": [2.25, 5.5]},
								"up": {"uv": [20.5, 28.25], "uv_size": [-2.25, -5.5]},
								"down": {"uv": [20.5, 28.25], "uv_size": [-2.25, -5.5]}
							}
						},
						{
							"origin": [-2, 18, -3],
							"size": [4, 1, 6],
							"uv": {
								"north": {"uv": [12.25, 15], "uv_size": [11.75, 3]},
								"east": {"uv": [3.75, 5], "uv_size": [2.5, 6.25]},
								"south": {"uv": [3.75, 5], "uv_size": [2.5, 6.25]},
								"west": {"uv": [3.75, 5], "uv_size": [2.5, 6.25]},
								"up": {"uv": [6.25, 11.25], "uv_size": [-2.5, -6.25]},
								"down": {"uv": [6.25, 11.25], "uv_size": [-2.5, -6.25]}
							}
						},
						{
							"origin": [0.27624, 10.16152, -2.9],
							"size": [1.4, 1, 5.9],
							"pivot": [-8.32376, 16.16152, 0],
							"rotation": [0, 0, -45],
							"uv": {
								"north": {"uv": [3.75, 5], "uv_size": [2, 5.25]},
								"east": {"uv": [3.75, 5], "uv_size": [2, 5.25]},
								"south": {"uv": [3.75, 5], "uv_size": [2, 5.25]},
								"west": {"uv": [3.75, 5], "uv_size": [2, 5.25]},
								"up": {"uv": [5.75, 10.25], "uv_size": [-2, -5.25]},
								"down": {"uv": [5.75, 10.25], "uv_size": [-2, -5.25]}
							}
						},
						{
							"origin": [-1.67624, 10.16152, -2.9],
							"size": [1.4, 1, 5.9],
							"pivot": [8.32376, 16.16152, 0],
							"rotation": [0, 0, 45],
							"uv": {
								"north": {"uv": [5.75, 5], "uv_size": [-2, 5.25]},
								"east": {"uv": [5.75, 5], "uv_size": [-2, 5.25]},
								"south": {"uv": [5.75, 5], "uv_size": [-2, 5.25]},
								"west": {"uv": [5.75, 5], "uv_size": [-2, 5.25]},
								"up": {"uv": [3.75, 10.25], "uv_size": [2, -5.25]},
								"down": {"uv": [3.75, 10.25], "uv_size": [2, -5.25]}
							}
						},
						{
							"origin": [-1.8, 21, -3.8],
							"size": [3.6, 3.6, 3.6],
							"uv": {
								"north": {"uv": [13.25, 0], "uv_size": [9.5, 8.75]},
								"east": {"uv": [0, 3.25], "uv_size": [6, 2.75]},
								"south": {"uv": [18.25, 22.75], "uv_size": [2.25, 5.5]},
								"west": {"uv": [4.25, 3.75], "uv_size": [0.5, 1.5]},
								"up": {"uv": [20.5, 28.25], "uv_size": [-2.25, -5.5]},
								"down": {"uv": [20.5, 28.25], "uv_size": [-2.25, -5.5]}
							}
						},
						{
							"origin": [-0.2, 16.7, -0.8],
							"size": [4, 5.6, 5.6],
							"uv": {
								"north": {"uv": [4.75, 24.75], "uv_size": [2.75, 3.5]},
								"east": {"uv": [4.75, 24.75], "uv_size": [2.75, 3.5]},
								"south": {"uv": [4.75, 24.75], "uv_size": [2.75, 3.5]},
								"west": {"uv": [4.75, 24.75], "uv_size": [2.75, 3.5]},
								"up": {"uv": [7.5, 28.25], "uv_size": [-2.75, -3.5]},
								"down": {"uv": [7.5, 28.25], "uv_size": [-2.75, -3.5]}
							}
						},
						{
							"origin": [-3.8, 16.7, -0.8],
							"size": [4, 5.6, 5.6],
							"uv": {
								"north": {"uv": [7.5, 24.75], "uv_size": [-2.75, 3.5]},
								"east": {"uv": [7.5, 24.75], "uv_size": [-2.75, 3.5]},
								"south": {"uv": [7.5, 24.75], "uv_size": [-2.75, 3.5]},
								"west": {"uv": [7.5, 24.75], "uv_size": [-2.75, 3.5]},
								"up": {"uv": [4.75, 28.25], "uv_size": [2.75, -3.5]},
								"down": {"uv": [4.75, 28.25], "uv_size": [2.75, -3.5]}
							}
						},
						{
							"origin": [-0.2, 18.7, -1.8],
							"size": [4, 4.6, 5.6],
							"uv": {
								"north": {"uv": [4.75, 24.75], "uv_size": [2.75, 3.5]},
								"east": {"uv": [4.75, 24.75], "uv_size": [2.75, 3.5]},
								"south": {"uv": [4.75, 24.75], "uv_size": [2.75, 3.5]},
								"west": {"uv": [4.75, 24.75], "uv_size": [2.75, 3.5]},
								"up": {"uv": [7.5, 28.25], "uv_size": [-2.75, -3.5]},
								"down": {"uv": [7.5, 28.25], "uv_size": [-2.75, -3.5]}
							}
						},
						{
							"origin": [-3.8, 18.7, -1.8],
							"size": [4, 4.6, 5.6],
							"uv": {
								"north": {"uv": [7.5, 24.75], "uv_size": [-2.75, 3.5]},
								"east": {"uv": [7.5, 24.75], "uv_size": [-2.75, 3.5]},
								"south": {"uv": [7.5, 24.75], "uv_size": [-2.75, 3.5]},
								"west": {"uv": [7.5, 24.75], "uv_size": [-2.75, 3.5]},
								"up": {"uv": [4.75, 28.25], "uv_size": [2.75, -3.5]},
								"down": {"uv": [4.75, 28.25], "uv_size": [2.75, -3.5]}
							}
						}
					]
				},
				{
					"name": "cf1",
					"parent": "head",
					"pivot": [5, 24, -7],
					"rotation": [174.52292, -6.78573, -154.58445],
					"cubes": [
						{
							"origin": [7.2, 22, -10.8],
							"size": [1.6, 1.6, 1.6],
							"uv": {
								"north": {"uv": [34, 60], "uv_size": [4, 4]},
								"east": {"uv": [34, 60], "uv_size": [4, 4]},
								"south": {"uv": [34, 60], "uv_size": [4, 4]},
								"west": {"uv": [34, 60], "uv_size": [4, 4]},
								"up": {"uv": [38, 64], "uv_size": [-4, -4]},
								"down": {"uv": [38, 64], "uv_size": [-4, -4]}
							}
						},
						{
							"origin": [7.2, 21.15065, -11.13029],
							"size": [1.6, 1.6, 1.6],
							"pivot": [8, 21.95065, -10.33029],
							"rotation": [-42.5, 0, 0],
							"uv": {
								"north": {"uv": [34, 60], "uv_size": [4, 4]},
								"east": {"uv": [34, 60], "uv_size": [4, 4]},
								"south": {"uv": [34, 60], "uv_size": [4, 4]},
								"west": {"uv": [34, 60], "uv_size": [4, 4]},
								"up": {"uv": [38, 64], "uv_size": [-4, -4]},
								"down": {"uv": [38, 64], "uv_size": [-4, -4]}
							}
						},
						{
							"origin": [7.28, 23.07397, -10.7542],
							"size": [1.44, 1.44, 1.44],
							"pivot": [8, 22.89397, -10.0342],
							"rotation": [20, 0, 0],
							"uv": {
								"north": {"uv": [34, 60], "uv_size": [4, 4]},
								"east": {"uv": [34, 60], "uv_size": [4, 4]},
								"south": {"uv": [34, 60], "uv_size": [4, 4]},
								"west": {"uv": [34, 60], "uv_size": [4, 4]},
								"up": {"uv": [38, 64], "uv_size": [-4, -4]},
								"down": {"uv": [38, 64], "uv_size": [-4, -4]}
							}
						},
						{
							"origin": [7.4096, 24.0334, -11.04057],
							"size": [1.1808, 1.1808, 1.1808],
							"pivot": [8, 23.85325, -10.73063],
							"rotation": [35, 0, 0],
							"uv": {
								"north": {"uv": [34, 60], "uv_size": [4, 4]},
								"east": {"uv": [34, 60], "uv_size": [4, 4]},
								"south": {"uv": [34, 60], "uv_size": [4, 4]},
								"west": {"uv": [34, 60], "uv_size": [4, 4]},
								"up": {"uv": [38, 64], "uv_size": [-4, -4]},
								"down": {"uv": [38, 64], "uv_size": [-4, -4]}
							}
						}
					]
				},
				{
					"name": "cf2",
					"parent": "head",
					"pivot": [-5, 24, -7],
					"rotation": [174.52292, 6.78573, 154.58445],
					"cubes": [
						{
							"origin": [-8.8, 22, -10.8],
							"size": [1.6, 1.6, 1.6],
							"uv": {
								"north": {"uv": [38, 60], "uv_size": [-4, 4]},
								"east": {"uv": [38, 60], "uv_size": [-4, 4]},
								"south": {"uv": [38, 60], "uv_size": [-4, 4]},
								"west": {"uv": [38, 60], "uv_size": [-4, 4]},
								"up": {"uv": [34, 64], "uv_size": [4, -4]},
								"down": {"uv": [34, 64], "uv_size": [4, -4]}
							}
						},
						{
							"origin": [-8.8, 21.15065, -11.13029],
							"size": [1.6, 1.6, 1.6],
							"pivot": [-8, 21.95065, -10.33029],
							"rotation": [-42.5, 0, 0],
							"uv": {
								"north": {"uv": [38, 60], "uv_size": [-4, 4]},
								"east": {"uv": [38, 60], "uv_size": [-4, 4]},
								"south": {"uv": [38, 60], "uv_size": [-4, 4]},
								"west": {"uv": [38, 60], "uv_size": [-4, 4]},
								"up": {"uv": [34, 64], "uv_size": [4, -4]},
								"down": {"uv": [34, 64], "uv_size": [4, -4]}
							}
						},
						{
							"origin": [-8.72, 23.07397, -10.7542],
							"size": [1.44, 1.44, 1.44],
							"pivot": [-8, 22.89397, -10.0342],
							"rotation": [20, 0, 0],
							"uv": {
								"north": {"uv": [38, 60], "uv_size": [-4, 4]},
								"east": {"uv": [38, 60], "uv_size": [-4, 4]},
								"south": {"uv": [38, 60], "uv_size": [-4, 4]},
								"west": {"uv": [38, 60], "uv_size": [-4, 4]},
								"up": {"uv": [34, 64], "uv_size": [4, -4]},
								"down": {"uv": [34, 64], "uv_size": [4, -4]}
							}
						},
						{
							"origin": [-8.5904, 24.0334, -11.04057],
							"size": [1.1808, 1.1808, 1.1808],
							"pivot": [-8, 23.85325, -10.73063],
							"rotation": [35, 0, 0],
							"uv": {
								"north": {"uv": [38, 60], "uv_size": [-4, 4]},
								"east": {"uv": [38, 60], "uv_size": [-4, 4]},
								"south": {"uv": [38, 60], "uv_size": [-4, 4]},
								"west": {"uv": [38, 60], "uv_size": [-4, 4]},
								"up": {"uv": [34, 64], "uv_size": [4, -4]},
								"down": {"uv": [34, 64], "uv_size": [4, -4]}
							}
						}
					]
				},
				{
					"name": "rightArm",
					"parent": "body",
					"pivot": [-6, 14, 0],
					"cubes": [
						{
							"origin": [-7, 9, -1],
							"size": [3, 9, 3],
							"uv": {
								"north": {"uv": [30.5, 64], "uv_size": [-5.5, -16.75]},
								"east": {"uv": [30.5, 64], "uv_size": [-5.5, -16.75]},
								"south": {"uv": [30.5, 64], "uv_size": [-5.5, -16.75]},
								"west": {"uv": [30.5, 64], "uv_size": [-5.5, -16.75]},
								"up": {"uv": [25, 47.25], "uv_size": [5.5, 5.25]},
								"down": {"uv": [25, 59], "uv_size": [5.5, 5]}
							}
						},
						{
							"origin": [-6.85, 7, -0.85],
							"size": [2.7, 2, 2.7],
							"uv": {
								"north": {"uv": [21, 32], "uv_size": [-3.5, -7.75]},
								"east": {"uv": [21, 32], "uv_size": [-3.5, -7.75]},
								"south": {"uv": [21, 32], "uv_size": [-3.5, -7.75]},
								"west": {"uv": [21, 32], "uv_size": [-3.5, -7.75]},
								"up": {"uv": [17.5, 24.25], "uv_size": [3.5, 7.75]},
								"down": {"uv": [17.5, 24.25], "uv_size": [3.5, 7.75]}
							}
						}
					]
				},
				{
					"name": "leftArm",
					"parent": "body",
					"pivot": [6, 14, 0],
					"cubes": [
						{
							"origin": [4, 9, -1],
							"size": [3, 9, 3],
							"uv": {
								"north": {"uv": [13.5, 40], "uv_size": [2, 1]},
								"east": {"uv": [13.5, 40], "uv_size": [2, 1]},
								"south": {"uv": [13.5, 40], "uv_size": [2, 1]},
								"west": {"uv": [13.5, 40], "uv_size": [2, 1]},
								"up": {"uv": [15.5, 41], "uv_size": [-2, -1]},
								"down": {"uv": [15.5, 41], "uv_size": [-2, -1]}
							}
						},
						{
							"origin": [4.15, 7, -0.85],
							"size": [2.7, 2, 2.7],
							"uv": {
								"north": {"uv": [13.5, 25.25], "uv_size": [4, 7.25]},
								"east": {"uv": [13.5, 25.25], "uv_size": [4, 7.25]},
								"south": {"uv": [13.5, 25.25], "uv_size": [4, 7.25]},
								"west": {"uv": [13.5, 25.25], "uv_size": [4, 7.25]},
								"up": {"uv": [17.5, 32.5], "uv_size": [-4, -7.25]},
								"down": {"uv": [17.5, 32.5], "uv_size": [-4, -7.25]}
							}
						}
					]
				},
				{
					"name": "rightLeg",
					"parent": "root",
					"pivot": [-1.9, 3, 0],
					"cubes": [
						{
							"origin": [-3.85, 1, -2.75],
							"size": [2.7, 1, 4.5],
							"uv": {
								"north": {"uv": [2.5, 6.75], "uv_size": [0.75, 5]},
								"east": {"uv": [2.5, 6.75], "uv_size": [0.75, 5]},
								"south": {"uv": [2.5, 6.75], "uv_size": [0.75, 5]},
								"west": {"uv": [2.5, 6.75], "uv_size": [0.75, 5]},
								"up": {"uv": [3.25, 11.75], "uv_size": [-0.75, -5]},
								"down": {"uv": [3.25, 11.75], "uv_size": [-0.75, -5]}
							}
						},
						{
							"origin": [-4, 0, -3],
							"size": [3, 1, 5],
							"uv": {
								"north": {"uv": [21, 45], "uv_size": [-2.5, 0.25]},
								"east": {"uv": [21, 45], "uv_size": [-2.5, 0.25]},
								"south": {"uv": [21, 45], "uv_size": [-2.5, 0.25]},
								"west": {"uv": [21, 45], "uv_size": [-2.5, 0.25]},
								"up": {"uv": [18.5, 45.25], "uv_size": [2.5, -0.25]},
								"down": {"uv": [18.5, 45.25], "uv_size": [2.5, -0.25]}
							}
						},
						{
							"origin": [-3.6, 1.3, -0.7],
							"size": [2.2, 3.4, 2.4],
							"uv": {
								"north": {"uv": [17.5, 23.75], "uv_size": [2.25, 1.25]},
								"east": {"uv": [17.5, 23.75], "uv_size": [2.25, 1.25]},
								"south": {"uv": [17.5, 23.75], "uv_size": [2.25, 1.25]},
								"west": {"uv": [17.5, 23.75], "uv_size": [2.25, 1.25]},
								"up": {"uv": [19.75, 25], "uv_size": [-2.25, -1.25]},
								"down": {"uv": [19.75, 25], "uv_size": [-2.25, -1.25]}
							}
						}
					]
				},
				{
					"name": "leftLeg",
					"parent": "root",
					"pivot": [1.9, 3, 0],
					"cubes": [
						{
							"origin": [1.15, 1, -2.75],
							"size": [2.7, 1, 4.5],
							"uv": {
								"north": {"uv": [21, 24.25], "uv_size": [-1, 3.75]},
								"east": {"uv": [21, 24.25], "uv_size": [-1, 3.75]},
								"south": {"uv": [21, 24.25], "uv_size": [-1, 3.75]},
								"west": {"uv": [21, 24.25], "uv_size": [-1, 3.75]},
								"up": {"uv": [20, 28], "uv_size": [1, -3.75]},
								"down": {"uv": [20, 28], "uv_size": [1, -3.75]}
							}
						},
						{
							"origin": [1, 0, -3],
							"size": [3, 1, 5],
							"uv": {
								"north": {"uv": [21.75, 45.25], "uv_size": [-1.75, -0.5]},
								"east": {"uv": [21.75, 45.25], "uv_size": [-1.75, -0.5]},
								"south": {"uv": [21.75, 45.25], "uv_size": [-1.75, -0.5]},
								"west": {"uv": [21.75, 45.25], "uv_size": [-1.75, -0.5]},
								"up": {"uv": [20, 44.75], "uv_size": [1.75, 0.5]},
								"down": {"uv": [20, 44.75], "uv_size": [1.75, 0.5]}
							}
						},
						{
							"origin": [1.4, 1.3, -0.7],
							"size": [2.2, 3.4, 2.4],
							"uv": {
								"north": {"uv": [18.5, 27.25], "uv_size": [-2.5, 0.25]},
								"east": {"uv": [18.5, 27.25], "uv_size": [-2.5, 0.25]},
								"south": {"uv": [18.5, 27.25], "uv_size": [-2.5, 0.25]},
								"west": {"uv": [18.5, 27.25], "uv_size": [-2.5, 0.25]},
								"up": {"uv": [16, 27.5], "uv_size": [2.5, -0.25]},
								"down": {"uv": [16, 27.5], "uv_size": [2.5, -0.25]}
							}
						}
					]
				}
			]
		}
	]
}