{
	"format_version": "1.12.0",
	"minecraft:geometry": [
		{
			"description": {
				"identifier": "geometry.kokushibou",
				"texture_width": 64,
				"texture_height": 64,
				"visible_bounds_width": 3,
				"visible_bounds_height": 3,
				"visible_bounds_offset": [0, 1.5, 0]
			},
			"bones": [
				{
					"name": "root",
					"pivot": [0, 0, 0]
				},
				{
					"name": "waist",
					"parent": "root",
					"pivot": [0, 12, 0]
				},
				{
					"name": "body",
					"parent": "waist",
					"pivot": [0, 24, 0],
					"cubes": [
						{
							"origin": [-4, 12, -2],
							"size": [8, 12, 4],
							"uv": {
								"north": {"uv": [0, 40], "uv_size": [17, 24]},
								"east": {"uv": [34, 40], "uv_size": [-4, 24]},
								"south": {"uv": [17, 40], "uv_size": [17, 24]},
								"west": {"uv": [17, 40], "uv_size": [4, 24]},
								"up": {"uv": [0, 41], "uv_size": [17, -1]},
								"down": {"uv": [21, 63], "uv_size": [6, 1]}
							}
						}
					]
				},
				{
					"name": "head",
					"parent": "body",
					"pivot": [0, 24, 0],
					"cubes": [
						{
							"origin": [-4, 24, -4],
							"size": [8, 8, 8],
							"uv": {
								"north": {"uv": [9, 0], "uv_size": [18, 19]},
								"east": {"uv": [0, 0], "uv_size": [9, 19]},
								"south": {"uv": [0, 0], "uv_size": [9, 19]},
								"west": {"uv": [0, 0], "uv_size": [9, 19]},
								"up": {"uv": [7.25, 5], "uv_size": [-7.25, -5]},
								"down": {"uv": [20, 15.75], "uv_size": [-3, 0.25]}
							}
						},
						{
							"origin": [-4, 32.2, -4],
							"size": [8, 0, 8],
							"uv": {
								"north": {"uv": [37, 63], "uv_size": [16, 1]},
								"east": {"uv": [37, 63], "uv_size": [16, 1]},
								"south": {"uv": [37, 63], "uv_size": [16, 1]},
								"west": {"uv": [37, 63], "uv_size": [16, 1]},
								"up": {"uv": [59, 29.5], "uv_size": [-4, -2.5]},
								"down": {"uv": [53, 64], "uv_size": [-16, -1]}
							}
						},
						{
							"origin": [-4, 23.9, 0.5],
							"size": [8, 0, 4],
							"uv": {
								"north": {"uv": [37, 63], "uv_size": [16, 1]},
								"east": {"uv": [37, 63], "uv_size": [16, 1]},
								"south": {"uv": [37, 63], "uv_size": [16, 1]},
								"west": {"uv": [37, 63], "uv_size": [16, 1]},
								"up": {"uv": [59, 35], "uv_size": [-4, -4]},
								"down": {"uv": [52, 64], "uv_size": [-15, 0]}
							}
						}
					]
				},
				{
					"name": "hat",
					"parent": "head",
					"pivot": [0, 24, 0],
					"cubes": [
						{
							"origin": [-3.82, 20.18, 3.82],
							"size": [8, 11.64, 0],
							"inflate": 0.5,
							"uv": {
								"north": {"uv": [42, 53], "uv_size": [7, 8]},
								"east": {"uv": [41.5, 52.75], "uv_size": [7, 5.5]},
								"south": {"uv": [53.5, 26.75], "uv_size": [7, 8]},
								"west": {"uv": [42, 53], "uv_size": [7, 8]},
								"up": {"uv": [49, 61], "uv_size": [-7, -8]},
								"down": {"uv": [52, 62], "uv_size": [-7, -0.25]}
							}
						},
						{
							"origin": [-3.82, 24.18, -3.82],
							"size": [0, 7.64, 7.64],
							"inflate": 0.5,
							"uv": {
								"north": {"uv": [42, 53], "uv_size": [7, 8]},
								"east": {"uv": [29, 27], "uv_size": [7, 5.5]},
								"south": {"uv": [41.75, 52.75], "uv_size": [7, 8]},
								"west": {"uv": [42, 53], "uv_size": [7, 8]},
								"up": {"uv": [49, 61], "uv_size": [-7, -8]},
								"down": {"uv": [52, 62], "uv_size": [-7, -0.25]}
							}
						},
						{
							"origin": [3.6, 24.18, -3.82],
							"size": [0, 7.64, 7.64],
							"inflate": 0.5,
							"uv": {
								"north": {"uv": [39, 56], "uv_size": [7, 8]},
								"east": {"uv": [38, 56], "uv_size": [7, 8]},
								"south": {"uv": [39, 56], "uv_size": [7, 8]},
								"west": {"uv": [46, 27], "uv_size": [7, 5.5]},
								"up": {"uv": [45, 64], "uv_size": [-7, -8]},
								"down": {"uv": [43, 64], "uv_size": [-7, -8]}
							}
						},
						{
							"origin": [-4.82, 20.18, -3.6],
							"size": [10, 14.64, 0],
							"inflate": 0.5,
							"uv": {
								"north": {"uv": [36, 26], "uv_size": [10, 9]},
								"east": {"uv": [40, 57], "uv_size": [10, 7]},
								"south": {"uv": [40, 57], "uv_size": [10, 7]},
								"west": {"uv": [41, 57], "uv_size": [10, 7]},
								"up": {"uv": [48, 64], "uv_size": [-10, -7]},
								"down": {"uv": [46, 64], "uv_size": [-6, -7]}
							}
						},
						{
							"origin": [2.69314, 18.8573, -2.2962],
							"size": [2, 10.64, 0],
							"inflate": 0.5,
							"pivot": [3.53169, 29.55431, -2.0478],
							"rotation": [170.37769, 70.15488, 153.13188],
							"uv": {
								"north": {"uv": [41, 55], "uv_size": [10, 9]},
								"east": {"uv": [40, 57], "uv_size": [10, 7]},
								"south": {"uv": [41.75, 26.5], "uv_size": [5, 8.25]},
								"west": {"uv": [41, 57], "uv_size": [10, 7]},
								"up": {"uv": [48, 64], "uv_size": [-10, -7]},
								"down": {"uv": [46, 64], "uv_size": [-6, -7]}
							}
						},
						{
							"origin": [-4.69314, 18.8573, -2.2962],
							"size": [2, 10.64, 0],
							"inflate": 0.5,
							"pivot": [-3.53169, 29.55431, -2.0478],
							"rotation": [170.37769, -70.15488, -153.13188],
							"uv": {
								"north": {"uv": [51, 55], "uv_size": [-10, 9]},
								"east": {"uv": [51, 57], "uv_size": [-10, 7]},
								"south": {"uv": [46.75, 26.5], "uv_size": [-5, 8.25]},
								"west": {"uv": [50, 57], "uv_size": [-10, 7]},
								"up": {"uv": [38, 64], "uv_size": [10, -7]},
								"down": {"uv": [40, 64], "uv_size": [6, -7]}
							}
						},
						{
							"origin": [2.08814, 18.92732, 1.82582],
							"size": [3, 11.64, 0],
							"inflate": 0.5,
							"pivot": [3.38132, 30.54488, 1.23806],
							"rotation": [-11.71859, 77.3124, -21.67029],
							"uv": {
								"north": {"uv": [41, 55], "uv_size": [10, 9]},
								"east": {"uv": [40, 57], "uv_size": [10, 7]},
								"south": {"uv": [41.75, 26.5], "uv_size": [5, 8.25]},
								"west": {"uv": [41, 57], "uv_size": [10, 7]},
								"up": {"uv": [48, 64], "uv_size": [-10, -7]},
								"down": {"uv": [46, 64], "uv_size": [-6, -7]}
							}
						},
						{
							"origin": [-5.08814, 18.92732, 1.82582],
							"size": [3, 11.64, 0],
							"inflate": 0.5,
							"pivot": [-3.38132, 30.54488, 1.23806],
							"rotation": [-11.71859, -77.3124, 21.67029],
							"uv": {
								"north": {"uv": [51, 55], "uv_size": [-10, 9]},
								"east": {"uv": [51, 57], "uv_size": [-10, 7]},
								"south": {"uv": [46.75, 26.5], "uv_size": [-5, 8.25]},
								"west": {"uv": [50, 57], "uv_size": [-10, 7]},
								"up": {"uv": [38, 64], "uv_size": [10, -7]},
								"down": {"uv": [40, 64], "uv_size": [6, -7]}
							}
						}
					]
				},
				{
					"name": "cape",
					"parent": "body",
					"pivot": [0, 24, 3]
				},
				{
					"name": "leftArm",
					"parent": "body",
					"pivot": [5, 22, 0],
					"cubes": [
						{
							"origin": [4, 12, -2],
							"size": [4, 12, 4],
							"uv": {
								"north": {"uv": [36, 0], "uv_size": [9, 24]},
								"east": {"uv": [36, 0], "uv_size": [9, 24]},
								"south": {"uv": [36, 0], "uv_size": [9, 24]},
								"west": {"uv": [36, 0], "uv_size": [9, 24]},
								"up": {"uv": [45, 7], "uv_size": [-9, -7]},
								"down": {"uv": [45, 24], "uv_size": [-9, -2.5]}
							}
						}
					]
				},
				{
					"name": "leftItem",
					"parent": "leftArm",
					"pivot": [6, 15, 1]
				},
				{
					"name": "rightArm",
					"parent": "body",
					"pivot": [-5, 22, 0],
					"cubes": [
						{
							"origin": [-8, 12, -2],
							"size": [4, 12, 4],
							"uv": {
								"north": {"uv": [36, 0], "uv_size": [9, 24]},
								"east": {"uv": [36, 0], "uv_size": [9, 24]},
								"south": {"uv": [36, 0], "uv_size": [9, 24]},
								"west": {"uv": [36, 0], "uv_size": [9, 24]},
								"up": {"uv": [45, 7], "uv_size": [-9, -7]},
								"down": {"uv": [45, 24], "uv_size": [-9, -3]}
							}
						}
					]
				},
				{
					"name": "rightItem",
					"parent": "rightArm",
					"pivot": [-6, 15, 1],
					"locators": {
						"lead_hold": [-6, 15, 1]
					}
				},
				{
					"name": "rightLeg",
					"parent": "root",
					"pivot": [-1.9, 12, 0],
					"cubes": [
						{
							"origin": [-4.3, 2.1, -2.4],
							"size": [4.8, 10.8, 4.8],
							"uv": {
								"north": {"uv": [27.75, 0], "uv_size": [8.25, 19]},
								"east": {"uv": [27.75, 0], "uv_size": [8.25, 19]},
								"south": {"uv": [27.75, 0], "uv_size": [8.25, 19]},
								"west": {"uv": [27.75, 0], "uv_size": [8.25, 19]},
								"up": {"uv": [36, 7.75], "uv_size": [-8.25, -7.75]},
								"down": {"uv": [36, 24], "uv_size": [-8.25, -0.25]}
							}
						},
						{
							"origin": [-3.9, 0, -2],
							"size": [4, 3, 4],
							"uv": {
								"north": {"uv": [27.75, 19], "uv_size": [8.25, 5]},
								"east": {"uv": [27.75, 19], "uv_size": [8.25, 5]},
								"south": {"uv": [27.75, 19], "uv_size": [8.25, 5]},
								"west": {"uv": [27.75, 19], "uv_size": [8.25, 5]},
								"up": {"uv": [36, 7.75], "uv_size": [-8.25, -7.75]},
								"down": {"uv": [36, 24], "uv_size": [-8.25, -0.25]}
							}
						}
					]
				},
				{
					"name": "leftLeg",
					"parent": "root",
					"pivot": [1.9, 12, 0],
					"cubes": [
						{
							"origin": [-0.5, 2.1, -2.4],
							"size": [4.8, 10.8, 4.8],
							"uv": {
								"north": {"uv": [36, 0], "uv_size": [-8.25, 19]},
								"east": {"uv": [36, 0], "uv_size": [-8.25, 19]},
								"south": {"uv": [36, 0], "uv_size": [-8.25, 19]},
								"west": {"uv": [36, 0], "uv_size": [-8.25, 19]},
								"up": {"uv": [27.75, 7.75], "uv_size": [8.25, -7.75]},
								"down": {"uv": [27.75, 24], "uv_size": [8.25, -0.25]}
							}
						},
						{
							"origin": [-0.1, 0, -2],
							"size": [4, 3, 4],
							"uv": {
								"north": {"uv": [36, 19], "uv_size": [-8.25, 5]},
								"east": {"uv": [36, 19], "uv_size": [-8.25, 5]},
								"south": {"uv": [36, 19], "uv_size": [-8.25, 5]},
								"west": {"uv": [36, 19], "uv_size": [-8.25, 5]},
								"up": {"uv": [27.75, 7.75], "uv_size": [8.25, -7.75]},
								"down": {"uv": [27.75, 24], "uv_size": [8.25, -0.25]}
							}
						}
					]
				}
			]
		}
	]
}