{
	"format_version": "1.12.0",
	"minecraft:geometry": [
		{
			"description": {
				"identifier": "geometry.kyogai",
				"texture_width": 256,
				"texture_height": 256,
				"visible_bounds_width": 3,
				"visible_bounds_height": 3,
				"visible_bounds_offset": [0, 1.5, 0]
			},
			"bones": [
				{
					"name": "root",
					"pivot": [0, 0, 0]
				},
				{
					"name": "waist",
					"parent": "root",
					"pivot": [0, 12, 0]
				},
				{
					"name": "body",
					"parent": "waist",
					"pivot": [0, 24, 0],
					"cubes": [
						{
							"origin": [-4, 12, -2],
							"size": [8, 12, 4],
							"uv": {
								"north": {"uv": [0, 160], "uv_size": [68, 96]},
								"east": {"uv": [68, 160], "uv_size": [36, 96]},
								"south": {"uv": [68, 160], "uv_size": [68, 96]},
								"west": {"uv": [104, 160], "uv_size": [32, 96]},
								"up": {"uv": [0, 160], "uv_size": [68, 4]},
								"down": {"uv": [64, 72], "uv_size": [16, -4]}
							}
						},
						{
							"origin": [-3.4, 12.4, -2.2],
							"size": [6.8, 6.2, 4.4],
							"uv": {
								"north": {"uv": [180, 184], "uv_size": [64, 64]},
								"east": {"uv": [144, 120], "uv_size": [12, 20]},
								"south": {"uv": [144, 120], "uv_size": [12, 20]},
								"west": {"uv": [144, 120], "uv_size": [12, 20]},
								"up": {"uv": [156, 140], "uv_size": [-12, -20]},
								"down": {"uv": [156, 140], "uv_size": [-12, -20]}
							}
						},
						{
							"origin": [-3.4, 17.4, -2.2],
							"size": [6.8, 6.2, 4.4],
							"uv": {
								"north": {"uv": [156, 120], "uv_size": [-12, 20]},
								"east": {"uv": [156, 120], "uv_size": [-12, 20]},
								"south": {"uv": [244, 184], "uv_size": [-64, 64]},
								"west": {"uv": [156, 120], "uv_size": [-12, 20]},
								"up": {"uv": [156, 120], "uv_size": [-12, 20]},
								"down": {"uv": [156, 120], "uv_size": [-12, 20]}
							}
						}
					]
				},
				{
					"name": "head",
					"parent": "body",
					"pivot": [0, 24, 0],
					"cubes": [
						{
							"origin": [-4, 24, -4],
							"size": [8, 8, 8],
							"uv": {
								"north": {"uv": [37, 0], "uv_size": [69, 76]},
								"east": {"uv": [0, 3], "uv_size": [32, 73]},
								"south": {"uv": [36, 80], "uv_size": [68, 68]},
								"west": {"uv": [0, 79], "uv_size": [32, 73]},
								"up": {"uv": [104, 148], "uv_size": [-68, -68]},
								"down": {"uv": [80, 72], "uv_size": [-12, -4]}
							}
						}
					]
				},
				{
					"name": "hat",
					"parent": "head",
					"pivot": [0, 24, 0],
					"cubes": [
						{
							"origin": [-4, 23, -4],
							"size": [8, 9, 8],
							"inflate": 0.5,
							"uv": {
								"north": {"uv": [154, 236], "uv_size": [14, 14]},
								"east": {"uv": [128, 128], "uv_size": [16, 16]},
								"south": {"uv": [224, 128], "uv_size": [16, 16]},
								"west": {"uv": [192, 128], "uv_size": [16, 16]},
								"up": {"uv": [160, 112], "uv_size": [16, 16]},
								"down": {"uv": [161, 202], "uv_size": [16, -16]}
							}
						}
					]
				},
				{
					"name": "cape",
					"parent": "body",
					"pivot": [0, 24, 3]
				},
				{
					"name": "leftArm",
					"parent": "body",
					"pivot": [5, 22, 0],
					"cubes": [
						{
							"origin": [4, 12, -2],
							"size": [4, 12, 4],
							"uv": {
								"north": {"uv": [108, 0], "uv_size": [36, 96]},
								"east": {"uv": [108, 0], "uv_size": [36, 96]},
								"south": {"uv": [108, 0], "uv_size": [36, 96]},
								"west": {"uv": [108, 0], "uv_size": [36, 96]},
								"up": {"uv": [144, 28], "uv_size": [-36, -28]},
								"down": {"uv": [144, 96], "uv_size": [-36, -20]}
							}
						}
					]
				},
				{
					"name": "Tb",
					"parent": "leftArm",
					"pivot": [5, 23, -2],
					"cubes": [
						{
							"origin": [4.46612, 20.816, -2.6775],
							"size": [1.06776, 5.368, 3.355],
							"pivot": [5, 23.5, -2.342],
							"rotation": [0, 0, -45],
							"uv": {
								"north": {"uv": [204, 212], "uv_size": [4, 4]},
								"east": {"uv": [204, 212], "uv_size": [4, 4]},
								"south": {"uv": [204, 212], "uv_size": [4, 4]},
								"west": {"uv": [204, 212], "uv_size": [4, 4]},
								"up": {"uv": [208, 216], "uv_size": [-4, -4]},
								"down": {"uv": [208, 216], "uv_size": [-4, -4]}
							}
						},
						{
							"origin": [4.46612, 20.816, -2.6775],
							"size": [1.06776, 5.368, 3.355],
							"pivot": [5, 23.5, -2.342],
							"rotation": [0, 0, -22.5],
							"uv": {
								"north": {"uv": [204, 212], "uv_size": [4, 4]},
								"east": {"uv": [204, 212], "uv_size": [4, 4]},
								"south": {"uv": [204, 212], "uv_size": [4, 4]},
								"west": {"uv": [204, 212], "uv_size": [4, 4]},
								"up": {"uv": [208, 216], "uv_size": [-4, -4]},
								"down": {"uv": [208, 216], "uv_size": [-4, -4]}
							}
						},
						{
							"origin": [4.46612, 20.816, -2.6775],
							"size": [1.06776, 5.368, 3.355],
							"uv": {
								"north": {"uv": [204, 212], "uv_size": [4, 4]},
								"east": {"uv": [204, 212], "uv_size": [4, 4]},
								"south": {"uv": [204, 212], "uv_size": [4, 4]},
								"west": {"uv": [204, 212], "uv_size": [4, 4]},
								"up": {"uv": [208, 216], "uv_size": [-4, -4]},
								"down": {"uv": [208, 216], "uv_size": [-4, -4]}
							}
						},
						{
							"origin": [4.46612, 20.816, -2.6775],
							"size": [1.06776, 5.368, 3.355],
							"pivot": [5, 23.5, -2.342],
							"rotation": [0, 0, 22.5],
							"uv": {
								"north": {"uv": [204, 212], "uv_size": [4, 4]},
								"east": {"uv": [204, 212], "uv_size": [4, 4]},
								"south": {"uv": [204, 212], "uv_size": [4, 4]},
								"west": {"uv": [204, 212], "uv_size": [4, 4]},
								"up": {"uv": [208, 216], "uv_size": [-4, -4]},
								"down": {"uv": [208, 216], "uv_size": [-4, -4]}
							}
						},
						{
							"origin": [4.46612, 20.816, -2.6775],
							"size": [1.06776, 5.368, 3.355],
							"pivot": [5, 23.5, -2.342],
							"rotation": [0, 0, 45],
							"uv": {
								"north": {"uv": [204, 212], "uv_size": [4, 4]},
								"east": {"uv": [204, 212], "uv_size": [4, 4]},
								"south": {"uv": [204, 212], "uv_size": [4, 4]},
								"west": {"uv": [204, 212], "uv_size": [4, 4]},
								"up": {"uv": [208, 216], "uv_size": [-4, -4]},
								"down": {"uv": [208, 216], "uv_size": [-4, -4]}
							}
						},
						{
							"origin": [2.316, 22.96612, -2.6775],
							"size": [5.368, 1.06776, 3.355],
							"pivot": [5, 23.5, -2.342],
							"rotation": [0, 0, -22.5],
							"uv": {
								"north": {"uv": [204, 212], "uv_size": [4, 4]},
								"east": {"uv": [204, 212], "uv_size": [4, 4]},
								"south": {"uv": [204, 212], "uv_size": [4, 4]},
								"west": {"uv": [204, 212], "uv_size": [4, 4]},
								"up": {"uv": [208, 216], "uv_size": [-4, -4]},
								"down": {"uv": [208, 216], "uv_size": [-4, -4]}
							}
						},
						{
							"origin": [2.316, 22.96612, -2.6775],
							"size": [5.368, 1.06776, 3.355],
							"uv": {
								"north": {"uv": [204, 212], "uv_size": [4, 4]},
								"east": {"uv": [204, 212], "uv_size": [4, 4]},
								"south": {"uv": [204, 212], "uv_size": [4, 4]},
								"west": {"uv": [204, 212], "uv_size": [4, 4]},
								"up": {"uv": [208, 216], "uv_size": [-4, -4]},
								"down": {"uv": [208, 216], "uv_size": [-4, -4]}
							}
						},
						{
							"origin": [2.316, 22.96612, -2.6775],
							"size": [5.368, 1.06776, 3.355],
							"pivot": [5, 23.5, -2.342],
							"rotation": [0, 0, 22.5],
							"uv": {
								"north": {"uv": [204, 212], "uv_size": [4, 4]},
								"east": {"uv": [204, 212], "uv_size": [4, 4]},
								"south": {"uv": [204, 212], "uv_size": [4, 4]},
								"west": {"uv": [204, 212], "uv_size": [4, 4]},
								"up": {"uv": [208, 216], "uv_size": [-4, -4]},
								"down": {"uv": [208, 216], "uv_size": [-4, -4]}
							}
						},
						{
							"origin": [1.6, 20.4, -2.8],
							"size": [6.7, 6.2, 4.4],
							"uv": {
								"north": {"uv": [180, 184], "uv_size": [64, 64]},
								"east": {"uv": [144, 120], "uv_size": [12, 20]},
								"south": {"uv": [144, 120], "uv_size": [12, 20]},
								"west": {"uv": [144, 120], "uv_size": [12, 20]},
								"up": {"uv": [156, 140], "uv_size": [-12, -20]},
								"down": {"uv": [156, 140], "uv_size": [-12, -20]}
							}
						}
					]
				},
				{
					"name": "rightArm",
					"parent": "body",
					"pivot": [-5, 22, 0],
					"cubes": [
						{
							"origin": [-8, 12, -2],
							"size": [4, 12, 4],
							"uv": {
								"north": {"uv": [108, 0], "uv_size": [36, 96]},
								"east": {"uv": [108, 0], "uv_size": [36, 96]},
								"south": {"uv": [108, 0], "uv_size": [36, 96]},
								"west": {"uv": [108, 0], "uv_size": [36, 96]},
								"up": {"uv": [144, 28], "uv_size": [-36, -28]},
								"down": {"uv": [144, 96], "uv_size": [-36, -16]}
							}
						}
					]
				},
				{
					"name": "Tb2",
					"parent": "rightArm",
					"pivot": [-5, 23, -2],
					"cubes": [
						{
							"origin": [-5.53388, 20.816, -2.6775],
							"size": [1.06776, 5.368, 3.355],
							"pivot": [-5, 23.5, -2.342],
							"rotation": [0, 0, 45],
							"uv": {
								"north": {"uv": [208, 212], "uv_size": [-4, 4]},
								"east": {"uv": [208, 212], "uv_size": [-4, 4]},
								"south": {"uv": [208, 212], "uv_size": [-4, 4]},
								"west": {"uv": [208, 212], "uv_size": [-4, 4]},
								"up": {"uv": [204, 216], "uv_size": [4, -4]},
								"down": {"uv": [204, 216], "uv_size": [4, -4]}
							}
						},
						{
							"origin": [-5.53388, 20.816, -2.6775],
							"size": [1.06776, 5.368, 3.355],
							"pivot": [-5, 23.5, -2.342],
							"rotation": [0, 0, 22.5],
							"uv": {
								"north": {"uv": [208, 212], "uv_size": [-4, 4]},
								"east": {"uv": [208, 212], "uv_size": [-4, 4]},
								"south": {"uv": [208, 212], "uv_size": [-4, 4]},
								"west": {"uv": [208, 212], "uv_size": [-4, 4]},
								"up": {"uv": [204, 216], "uv_size": [4, -4]},
								"down": {"uv": [204, 216], "uv_size": [4, -4]}
							}
						},
						{
							"origin": [-5.53388, 20.816, -2.6775],
							"size": [1.06776, 5.368, 3.355],
							"uv": {
								"north": {"uv": [208, 212], "uv_size": [-4, 4]},
								"east": {"uv": [208, 212], "uv_size": [-4, 4]},
								"south": {"uv": [208, 212], "uv_size": [-4, 4]},
								"west": {"uv": [208, 212], "uv_size": [-4, 4]},
								"up": {"uv": [204, 216], "uv_size": [4, -4]},
								"down": {"uv": [204, 216], "uv_size": [4, -4]}
							}
						},
						{
							"origin": [-5.53388, 20.816, -2.6775],
							"size": [1.06776, 5.368, 3.355],
							"pivot": [-5, 23.5, -2.342],
							"rotation": [0, 0, -22.5],
							"uv": {
								"north": {"uv": [208, 212], "uv_size": [-4, 4]},
								"east": {"uv": [208, 212], "uv_size": [-4, 4]},
								"south": {"uv": [208, 212], "uv_size": [-4, 4]},
								"west": {"uv": [208, 212], "uv_size": [-4, 4]},
								"up": {"uv": [204, 216], "uv_size": [4, -4]},
								"down": {"uv": [204, 216], "uv_size": [4, -4]}
							}
						},
						{
							"origin": [-5.53388, 20.816, -2.6775],
							"size": [1.06776, 5.368, 3.355],
							"pivot": [-5, 23.5, -2.342],
							"rotation": [0, 0, -45],
							"uv": {
								"north": {"uv": [208, 212], "uv_size": [-4, 4]},
								"east": {"uv": [208, 212], "uv_size": [-4, 4]},
								"south": {"uv": [208, 212], "uv_size": [-4, 4]},
								"west": {"uv": [208, 212], "uv_size": [-4, 4]},
								"up": {"uv": [204, 216], "uv_size": [4, -4]},
								"down": {"uv": [204, 216], "uv_size": [4, -4]}
							}
						},
						{
							"origin": [-7.684, 22.96612, -2.6775],
							"size": [5.368, 1.06776, 3.355],
							"pivot": [-5, 23.5, -2.342],
							"rotation": [0, 0, 22.5],
							"uv": {
								"north": {"uv": [208, 212], "uv_size": [-4, 4]},
								"east": {"uv": [208, 212], "uv_size": [-4, 4]},
								"south": {"uv": [208, 212], "uv_size": [-4, 4]},
								"west": {"uv": [208, 212], "uv_size": [-4, 4]},
								"up": {"uv": [204, 216], "uv_size": [4, -4]},
								"down": {"uv": [204, 216], "uv_size": [4, -4]}
							}
						},
						{
							"origin": [-7.684, 22.96612, -2.6775],
							"size": [5.368, 1.06776, 3.355],
							"uv": {
								"north": {"uv": [208, 212], "uv_size": [-4, 4]},
								"east": {"uv": [208, 212], "uv_size": [-4, 4]},
								"south": {"uv": [208, 212], "uv_size": [-4, 4]},
								"west": {"uv": [208, 212], "uv_size": [-4, 4]},
								"up": {"uv": [204, 216], "uv_size": [4, -4]},
								"down": {"uv": [204, 216], "uv_size": [4, -4]}
							}
						},
						{
							"origin": [-7.684, 22.96612, -2.6775],
							"size": [5.368, 1.06776, 3.355],
							"pivot": [-5, 23.5, -2.342],
							"rotation": [0, 0, -22.5],
							"uv": {
								"north": {"uv": [208, 212], "uv_size": [-4, 4]},
								"east": {"uv": [208, 212], "uv_size": [-4, 4]},
								"south": {"uv": [208, 212], "uv_size": [-4, 4]},
								"west": {"uv": [208, 212], "uv_size": [-4, 4]},
								"up": {"uv": [204, 216], "uv_size": [4, -4]},
								"down": {"uv": [204, 216], "uv_size": [4, -4]}
							}
						},
						{
							"origin": [-8.3, 20.4, -2.8],
							"size": [6.7, 6.2, 4.4],
							"uv": {
								"north": {"uv": [244, 184], "uv_size": [-64, 64]},
								"east": {"uv": [156, 120], "uv_size": [-12, 20]},
								"south": {"uv": [156, 120], "uv_size": [-12, 20]},
								"west": {"uv": [156, 120], "uv_size": [-12, 20]},
								"up": {"uv": [144, 140], "uv_size": [12, -20]},
								"down": {"uv": [144, 140], "uv_size": [12, -20]}
							}
						}
					]
				},
				{
					"name": "leftLeg",
					"parent": "root",
					"pivot": [1.9, 12, 0],
					"cubes": [
						{
							"origin": [-0.1, 0, -2],
							"size": [4, 12, 4],
							"uv": {
								"north": {"uv": [180, 0], "uv_size": [36, 96]},
								"east": {"uv": [180, 0], "uv_size": [36, 96]},
								"south": {"uv": [180, 0], "uv_size": [36, 96]},
								"west": {"uv": [180, 0], "uv_size": [36, 96]},
								"up": {"uv": [216, 96], "uv_size": [-36, -96]},
								"down": {"uv": [216, 96], "uv_size": [-36, -28]}
							}
						},
						{
							"origin": [-0.168, 1.736, -2.068],
							"size": [4.136, 10.528, 4.136],
							"uv": {
								"north": {"uv": [178, 0], "uv_size": [-32, 96]},
								"east": {"uv": [154, 208], "uv_size": [4, 12]},
								"south": {"uv": [146, 0], "uv_size": [32, 96]},
								"west": {"uv": [154, 222], "uv_size": [3, -17]},
								"up": {"uv": [155, 206], "uv_size": [-4, -12]},
								"down": {"uv": [155, 219], "uv_size": [-4, -12]}
							}
						}
					]
				},
				{
					"name": "rightLeg",
					"parent": "root",
					"pivot": [-1.9, 12, 0],
					"cubes": [
						{
							"origin": [-3.9, 0, -2],
							"size": [4, 12, 4],
							"uv": {
								"north": {"uv": [180, 0], "uv_size": [36, 96]},
								"east": {"uv": [180, 0], "uv_size": [36, 96]},
								"south": {"uv": [180, 0], "uv_size": [36, 96]},
								"west": {"uv": [180, 0], "uv_size": [36, 96]},
								"up": {"uv": [216, 96], "uv_size": [-36, -96]},
								"down": {"uv": [216, 96], "uv_size": [-36, -28]}
							}
						},
						{
							"origin": [-3.968, 1.736, -2.068],
							"size": [4.136, 10.528, 4.136],
							"uv": {
								"north": {"uv": [146, 0], "uv_size": [32, 96]},
								"east": {"uv": [157, 222], "uv_size": [3, -16]},
								"south": {"uv": [178, 0], "uv_size": [-32, 96]},
								"west": {"uv": [161, 211], "uv_size": [-4, 12]},
								"up": {"uv": [157, 209], "uv_size": [4, -12]},
								"down": {"uv": [159, 219], "uv_size": [4, -12]}
							}
						}
					]
				}
			]
		}
	]
}
