{
	"format_version": "1.12.0",
	"minecraft:geometry": [
		{
			"description": {
				"identifier": "geometry.moby",
				"texture_width": 256,
				"texture_height": 256,
				"visible_bounds_width": 2,
				"visible_bounds_height": 3.5,
				"visible_bounds_offset": [0, 1.25, 0]
			},
			"bones": [
				{
					"name": "root",
					"pivot": [0, 0, 0]
				},
				{
					"name": "waist",
					"parent": "root",
					"pivot": [0, 0, 0]
				},
				{
					"name": "body",
					"parent": "waist",
					"pivot": [0, 24, 0],
					"cubes": [
						{
							"origin": [-4, 12, -2],
							"size": [8, 12, 4],
							"uv": {
								"north": {"uv": [80, 160], "uv_size": [32, 96]},
								"east": {"uv": [64, 160], "uv_size": [16, 96]},
								"south": {"uv": [129, 160], "uv_size": [31, 96]},
								"west": {"uv": [112, 160], "uv_size": [16, 96]},
								"up": {"uv": [80, 128], "uv_size": [32, 31]},
								"down": {"uv": [112, 160], "uv_size": [32, -32]}
							}
						}
					]
				},
				{
					"name": "head",
					"parent": "body",
					"pivot": [0, 24, 0],
					"cubes": [
						{
							"origin": [-4, 24, -4],
							"size": [8, 8, 8],
							"uv": {
								"north": {"uv": [31, 65], "uv_size": [34, 63]},
								"east": {"uv": [1, 65], "uv_size": [30, 63]},
								"south": {"uv": [96, 65], "uv_size": [31, 63]},
								"west": {"uv": [65, 65], "uv_size": [30, 63]},
								"up": {"uv": [33, 32], "uv_size": [30, 32]},
								"down": {"uv": [64, 64], "uv_size": [32, -32]}
							}
						},
						{
							"origin": [-4, 24, -4.1],
							"size": [8, 8, 0],
							"uv": {
								"north": {"uv": [159, 64], "uv_size": [34, 63]},
								"east": {"uv": [222, 0], "uv_size": [34, 63]},
								"south": {"uv": [222, 0], "uv_size": [34, 63]},
								"west": {"uv": [222, 0], "uv_size": [34, 63]},
								"up": {"uv": [256, 63], "uv_size": [-34, -63]},
								"down": {"uv": [256, 63], "uv_size": [-34, -63]}
							}
						}
					]
				},
				{
					"name": "rightArm",
					"parent": "body",
					"pivot": [-5, 22, 0],
					"cubes": [
						{
							"origin": [-8, 12, -2],
							"size": [4, 12, 4],
							"uv": {
								"north": {"uv": [161, 161], "uv_size": [31, 94]},
								"east": {"uv": [161, 161], "uv_size": [31, 94]},
								"south": {"uv": [161, 161], "uv_size": [31, 94]},
								"west": {"uv": [161, 161], "uv_size": [31, 94]},
								"up": {"uv": [183, 151], "uv_size": [-1, -13]},
								"down": {"uv": [205, 158], "uv_size": [-10, -27]}
							}
						}
					]
				},
				{
					"name": "leftArm",
					"parent": "body",
					"pivot": [5, 22, 0],
					"cubes": [
						{
							"origin": [4, 12, -2],
							"size": [4, 12, 4],
							"uv": {
								"north": {"uv": [192, 162], "uv_size": [32, 94]},
								"east": {"uv": [192, 162], "uv_size": [32, 94]},
								"south": {"uv": [192, 162], "uv_size": [32, 94]},
								"west": {"uv": [192, 162], "uv_size": [32, 94]},
								"up": {"uv": [182, 152], "uv_size": [0, -10]},
								"down": {"uv": [206, 159], "uv_size": [-12, -29]}
							}
						}
					]
				},
				{
					"name": "rightLeg",
					"parent": "waist",
					"pivot": [-1.9, 12, 0],
					"cubes": [
						{
							"origin": [-3.9, 0, -2],
							"size": [4, 12, 4],
							"uv": {
								"north": {"uv": [17, 160], "uv_size": [17, 96]},
								"east": {"uv": [34, 160], "uv_size": [17, 96]},
								"south": {"uv": [0, 160], "uv_size": [17, 96]},
								"west": {"uv": [51, 160], "uv_size": [13, 96]},
								"up": {"uv": [46, 159], "uv_size": [-28, -31]},
								"down": {"uv": [47, 160], "uv_size": [-30, -32]}
							}
						}
					]
				},
				{
					"name": "leftLeg",
					"parent": "waist",
					"pivot": [1.9, 12, 0],
					"cubes": [
						{
							"origin": [-0.1, 0, -2],
							"size": [4, 12, 4],
							"uv": {
								"north": {"uv": [17, 160], "uv_size": [17, 96]},
								"east": {"uv": [51, 160], "uv_size": [13, 96]},
								"south": {"uv": [0, 160], "uv_size": [17, 96]},
								"west": {"uv": [34, 160], "uv_size": [17, 96]},
								"up": {"uv": [48, 160], "uv_size": [-31, -32]},
								"down": {"uv": [48, 160], "uv_size": [-31, -32]}
							}
						}
					]
				}
			]
		}
	]
}