{
	"format_version": "1.12.0",
	"minecraft:geometry": [
		{
			"description": {
				"identifier": "geometry.muzan",
				"texture_width": 64,
				"texture_height": 64,
				"visible_bounds_width": 3,
				"visible_bounds_height": 3,
				"visible_bounds_offset": [0, 1.5, 0]
			},
			"bones": [
				{
					"name": "root",
					"pivot": [0, 0, 0]
				},
				{
					"name": "waist",
					"parent": "root",
					"pivot": [0, 12, 0]
				},
				{
					"name": "body",
					"parent": "waist",
					"pivot": [0, 24, 0],
					"cubes": [
						{
							"origin": [-4, 12, -2],
							"size": [8, 12, 4],
							"uv": {
								"north": {"uv": [0, 40], "uv_size": [17, 24]},
								"east": {"uv": [3, 40], "uv_size": [-3, 24]},
								"south": {"uv": [17, 40], "uv_size": [17, 24]},
								"west": {"uv": [0, 40], "uv_size": [3, 24]},
								"up": {"uv": [1, 41], "uv_size": [15, -1]},
								"down": {"uv": [28, 20], "uv_size": [7, -4]}
							}
						}
					]
				},
				{
					"name": "head",
					"parent": "body",
					"pivot": [0, 24, 0],
					"cubes": [
						{
							"origin": [-4, 24, -4],
							"size": [8, 8, 8],
							"uv": {
								"north": {"uv": [9, 0], "uv_size": [18, 19]},
								"east": {"uv": [0, 0], "uv_size": [9, 19]},
								"south": {"uv": [9, 19], "uv_size": [18, 19]},
								"west": {"uv": [9, 0], "uv_size": [-9, 19]},
								"up": {"uv": [26, 30], "uv_size": [-16, -10]},
								"down": {"uv": [20, 17], "uv_size": [-4, 0]}
							}
						}
					]
				},
				{
					"name": "MuzanHat",
					"parent": "head",
					"pivot": [0, 24, 0],
					"cubes": [
						{
							"origin": [-5.324, 28.5, -5.324],
							"size": [10.648, 0.5, 10.648],
							"uv": {
								"north": {"uv": [33.25, 2.5], "uv_size": [-0.5, -0.75]},
								"east": {"uv": [33.25, 2.5], "uv_size": [-0.5, -0.75]},
								"south": {"uv": [33.25, 2.5], "uv_size": [-0.5, -0.75]},
								"west": {"uv": [33.25, 2.5], "uv_size": [-0.5, -0.75]},
								"up": {"uv": [32.75, 1.75], "uv_size": [0.5, 0.75]},
								"down": {"uv": [32.75, 1.75], "uv_size": [0.5, 0.75]}
							}
						},
						{
							"origin": [-5.0578, 29, -5.0578],
							"size": [10.1156, 0.5, 10.1156],
							"uv": {
								"north": {"uv": [33.25, 2.5], "uv_size": [-0.5, -0.75]},
								"east": {"uv": [33.25, 2.5], "uv_size": [-0.5, -0.75]},
								"south": {"uv": [33.25, 2.5], "uv_size": [-0.5, -0.75]},
								"west": {"uv": [33.25, 2.5], "uv_size": [-0.5, -0.75]},
								"up": {"uv": [32.75, 1.75], "uv_size": [0.5, 0.75]},
								"down": {"uv": [32.75, 1.75], "uv_size": [0.5, 0.75]}
							}
						},
						{
							"origin": [-4.84, 28.5, -4.84],
							"size": [9.68, 2.1, 9.68],
							"uv": {
								"north": {"uv": [33.25, 2.5], "uv_size": [-0.5, -0.75]},
								"east": {"uv": [33.25, 2.5], "uv_size": [-0.5, -0.75]},
								"south": {"uv": [33.25, 2.5], "uv_size": [-0.5, -0.75]},
								"west": {"uv": [33.25, 2.5], "uv_size": [-0.5, -0.75]},
								"up": {"uv": [32.75, 1.75], "uv_size": [0.5, 0.75]},
								"down": {"uv": [32.75, 1.75], "uv_size": [0.5, 0.75]}
							}
						},
						{
							"origin": [-4.32212, 31.5, -4.32212],
							"size": [8.64424, 1.1, 8.64424],
							"uv": {
								"north": {"uv": [33.25, 2.5], "uv_size": [-0.5, -0.75]},
								"east": {"uv": [33.25, 2.5], "uv_size": [-0.5, -0.75]},
								"south": {"uv": [33.25, 2.5], "uv_size": [-0.5, -0.75]},
								"west": {"uv": [33.25, 2.5], "uv_size": [-0.5, -0.75]},
								"up": {"uv": [32.75, 1.75], "uv_size": [0.5, 0.75]},
								"down": {"uv": [32.75, 1.75], "uv_size": [0.5, 0.75]}
							}
						},
						{
							"origin": [-3.88991, 32.5, -3.88991],
							"size": [7.77982, 0.8, 7.77982],
							"uv": {
								"north": {"uv": [33.25, 2.5], "uv_size": [-0.5, -0.75]},
								"east": {"uv": [33.25, 2.5], "uv_size": [-0.5, -0.75]},
								"south": {"uv": [33.25, 2.5], "uv_size": [-0.5, -0.75]},
								"west": {"uv": [33.25, 2.5], "uv_size": [-0.5, -0.75]},
								"up": {"uv": [32.75, 1.75], "uv_size": [0.5, 0.75]},
								"down": {"uv": [32.75, 1.75], "uv_size": [0.5, 0.75]}
							}
						},
						{
							"origin": [-4.598, 30.5, -4.598],
							"size": [9.196, 1.1, 9.196],
							"uv": {
								"north": {"uv": [17.75, 26.75], "uv_size": [1.25, -1.75]},
								"east": {"uv": [17.75, 26.75], "uv_size": [1.25, -1.75]},
								"south": {"uv": [17.75, 26.75], "uv_size": [1.25, -1.75]},
								"west": {"uv": [17.75, 26.75], "uv_size": [1.25, -1.75]},
								"up": {"uv": [19, 25], "uv_size": [-1.25, 1.75]},
								"down": {"uv": [19, 25], "uv_size": [-1.25, 1.75]}
							}
						}
					]
				},
				{
					"name": "cape",
					"parent": "body",
					"pivot": [0, 24, 3]
				},
				{
					"name": "rightArm",
					"parent": "body",
					"pivot": [-5, 22, 0],
					"cubes": [
						{
							"origin": [-8, 18, -2],
							"size": [4, 6, 4],
							"uv": {
								"north": {"uv": [36, 0], "uv_size": [9, 12]},
								"east": {"uv": [45, 0], "uv_size": [-9, 12]},
								"south": {"uv": [36, 0], "uv_size": [9, 12]},
								"west": {"uv": [45, 0], "uv_size": [-9, 12]},
								"up": {"uv": [45, 4], "uv_size": [-9, -4]},
								"down": {"uv": [40.25, 22], "uv_size": [0.25, -1]}
							}
						}
					]
				},
				{
					"name": "rightArm2",
					"parent": "rightArm",
					"pivot": [-5, 18, 2],
					"cubes": [
						{
							"origin": [-8, 12, -2],
							"size": [4, 6, 4],
							"uv": {
								"north": {"uv": [36, 12], "uv_size": [9, 12]},
								"east": {"uv": [45, 12], "uv_size": [-9, 12]},
								"south": {"uv": [36, 12], "uv_size": [9, 12]},
								"west": {"uv": [45, 12], "uv_size": [-9, 12]},
								"up": {"uv": [45, 4], "uv_size": [-9, -4]},
								"down": {"uv": [39.5, 21.75], "uv_size": [0.5, 0]}
							}
						}
					]
				},
				{
					"name": "leftArm",
					"parent": "body",
					"pivot": [5, 22, 0],
					"cubes": [
						{
							"origin": [4, 18, -2],
							"size": [4, 6, 4],
							"uv": {
								"north": {"uv": [45, 0], "uv_size": [-9, 12]},
								"east": {"uv": [36, 0], "uv_size": [9, 12]},
								"south": {"uv": [45, 0], "uv_size": [-9, 12]},
								"west": {"uv": [36, 0], "uv_size": [9, 12]},
								"up": {"uv": [36, 4], "uv_size": [9, -4]},
								"down": {"uv": [40.5, 22], "uv_size": [-0.25, -1]}
							}
						}
					]
				},
				{
					"name": "leftArm2",
					"parent": "leftArm",
					"pivot": [5, 18, 2],
					"cubes": [
						{
							"origin": [4, 12, -2],
							"size": [4, 6, 4],
							"uv": {
								"north": {"uv": [45, 12], "uv_size": [-9, 12]},
								"east": {"uv": [36, 12], "uv_size": [9, 12]},
								"south": {"uv": [45, 12], "uv_size": [-9, 12]},
								"west": {"uv": [36, 12], "uv_size": [9, 12]},
								"up": {"uv": [36, 4], "uv_size": [9, -4]},
								"down": {"uv": [40, 21.75], "uv_size": [-0.5, 0]}
							}
						}
					]
				},
				{
					"name": "rightLeg",
					"parent": "root",
					"pivot": [-1.9, 12, 0],
					"cubes": [
						{
							"origin": [-3.9, 6, -2],
							"size": [4, 6, 4],
							"uv": {
								"north": {"uv": [27, 0], "uv_size": [9, 12]},
								"east": {"uv": [36, 0], "uv_size": [-9, 12]},
								"south": {"uv": [27, 0], "uv_size": [9, 12]},
								"west": {"uv": [36, 0], "uv_size": [-9, 12]},
								"up": {"uv": [36, 4], "uv_size": [-9, -4]},
								"down": {"uv": [32.25, 23], "uv_size": [1.25, -0.25]}
							}
						}
					]
				},
				{
					"name": "rightLeg2",
					"parent": "rightLeg",
					"pivot": [-1.9, 6, -2],
					"cubes": [
						{
							"origin": [-3.9, 0, -2],
							"size": [4, 6, 4],
							"uv": {
								"north": {"uv": [27, 12], "uv_size": [9, 12]},
								"east": {"uv": [36, 12], "uv_size": [-9, 12]},
								"south": {"uv": [27, 12], "uv_size": [9, 12]},
								"west": {"uv": [36, 12], "uv_size": [-9, 12]},
								"up": {"uv": [36, 4], "uv_size": [-9, -4]},
								"down": {"uv": [33.75, 22.75], "uv_size": [-3.5, -0.75]}
							}
						}
					]
				},
				{
					"name": "leftLeg",
					"parent": "root",
					"pivot": [1.9, 12, 0],
					"cubes": [
						{
							"origin": [-0.1, 6, -2],
							"size": [4, 6, 4],
							"uv": {
								"north": {"uv": [36, 0], "uv_size": [-9, 12]},
								"east": {"uv": [27, 0], "uv_size": [9, 12]},
								"south": {"uv": [36, 0], "uv_size": [-9, 12]},
								"west": {"uv": [27, 0], "uv_size": [9, 12]},
								"up": {"uv": [27, 4], "uv_size": [9, -4]},
								"down": {"uv": [33.5, 23], "uv_size": [-1.25, -0.25]}
							}
						}
					]
				},
				{
					"name": "leftLeg2",
					"parent": "leftLeg",
					"pivot": [1.9, 6, -2],
					"cubes": [
						{
							"origin": [-0.1, 0, -2],
							"size": [4, 6, 4],
							"uv": {
								"north": {"uv": [36, 12], "uv_size": [-9, 12]},
								"east": {"uv": [27, 12], "uv_size": [9, 12]},
								"south": {"uv": [36, 12], "uv_size": [-9, 12]},
								"west": {"uv": [27, 12], "uv_size": [9, 12]},
								"up": {"uv": [27, 4], "uv_size": [9, -4]},
								"down": {"uv": [30.25, 22.75], "uv_size": [3.5, -0.75]}
							}
						}
					]
				}
			]
		}
	]
}