{
	"format_version": "1.12.0",
	"minecraft:geometry": [
		{
			"description": {
				"identifier": "geometry.obanai",
				"texture_width": 64,
				"texture_height": 64,
				"visible_bounds_width": 3,
				"visible_bounds_height": 3,
				"visible_bounds_offset": [0, 1.5, 0]
			},
			"bones": [
				{
					"name": "root",
					"pivot": [0, 0, 0]
				},
				{
					"name": "waist",
					"parent": "root",
					"pivot": [0, 12, 0]
				},
				{
					"name": "body",
					"parent": "waist",
					"pivot": [0, 24, 0],
					"cubes": [
						{
							"origin": [-4, 12, -2],
							"size": [8, 12, 4],
							"uv": {
								"north": {"uv": [0, 40], "uv_size": [17, 24]},
								"east": {"uv": [5, 40], "uv_size": [-4, 24]},
								"south": {"uv": [17, 40], "uv_size": [17, 24]},
								"west": {"uv": [1, 40], "uv_size": [4, 24]},
								"up": {"uv": [1, 41], "uv_size": [15, -1]},
								"down": {"uv": [28, 20], "uv_size": [7, -4]}
							}
						}
					]
				},
				{
					"name": "head",
					"parent": "body",
					"pivot": [0, 24, 0],
					"cubes": [
						{
							"origin": [-4, 24, -4],
							"size": [8, 8, 8],
							"uv": {
								"north": {"uv": [9, 0], "uv_size": [18, 19]},
								"east": {"uv": [0, 0], "uv_size": [9, 19]},
								"south": {"uv": [9, 19], "uv_size": [18, 19]},
								"west": {"uv": [0, 19], "uv_size": [9, 19]},
								"up": {"uv": [26, 30], "uv_size": [-16, -10]},
								"down": {"uv": [20, 17], "uv_size": [-4, 0]}
							}
						}
					]
				},
				{
					"name": "hat",
					"parent": "head",
					"pivot": [0, 24, 0],
					"cubes": [
						{
							"origin": [-3.5608, 24.4692, -3.5608],
							"size": [7.1216, 7.0616, 7.1216],
							"inflate": 0.5,
							"uv": {
								"north": {"uv": [40, 26], "uv_size": [8, 11]},
								"east": {"uv": [37, 26], "uv_size": [3, 11]},
								"south": {"uv": [58, 29], "uv_size": [-3, 7]},
								"west": {"uv": [48, 26], "uv_size": [3, 11]},
								"up": {"uv": [62, 36], "uv_size": [-4, -7]},
								"down": {"uv": [63, 54], "uv_size": [-10, 7]}
							}
						}
					]
				},
				{
					"name": "cape",
					"parent": "body",
					"pivot": [0, 24, 3]
				},
				{
					"name": "leftArm",
					"parent": "body",
					"pivot": [5, 22, 0],
					"cubes": [
						{
							"origin": [4, 12, -2],
							"size": [4, 12, 4],
							"uv": {
								"north": {"uv": [35, 0], "uv_size": [-7, 24]},
								"east": {"uv": [28, 0], "uv_size": [7, 24]},
								"south": {"uv": [35, 0], "uv_size": [-7, 24]},
								"west": {"uv": [28, 0], "uv_size": [7, 24]},
								"up": {"uv": [35, 7], "uv_size": [-7, -7]},
								"down": {"uv": [18, 17], "uv_size": [-1, -1]}
							}
						}
					]
				},
				{
					"name": "leftItem",
					"parent": "leftArm",
					"pivot": [6, 15, 1]
				},
				{
					"name": "rightArm",
					"parent": "body",
					"pivot": [-5, 22, 0],
					"cubes": [
						{
							"origin": [-8, 12, -2],
							"size": [4, 12, 4],
							"uv": {
								"north": {"uv": [28, 0], "uv_size": [7, 24]},
								"east": {"uv": [35, 0], "uv_size": [-7, 24]},
								"south": {"uv": [28, 0], "uv_size": [7, 24]},
								"west": {"uv": [35, 0], "uv_size": [-7, 24]},
								"up": {"uv": [35, 5], "uv_size": [-7, -5]},
								"down": {"uv": [20, 18], "uv_size": [1, 0]}
							}
						}
					]
				},
				{
					"name": "rightItem",
					"parent": "rightArm",
					"pivot": [-6, 15, 1],
					"locators": {
						"lead_hold": [-6, 15, 1]
					}
				},
				{
					"name": "Cobra",
					"parent": "body",
					"pivot": [0, 0, 0],
					"cubes": [
						{
							"origin": [4, 24, -3],
							"size": [1, 1, 5],
							"inflate": 0.25,
							"uv": {
								"north": {"uv": [46, 16], "uv_size": [3, 2]},
								"east": {"uv": [48, 14], "uv_size": [3, 1]},
								"south": {"uv": [47, 18], "uv_size": [1, 1]},
								"west": {"uv": [46, 18], "uv_size": [4, 1]},
								"up": {"uv": [51, 17], "uv_size": [-4, -1]},
								"down": {"uv": [49, 17], "uv_size": [-3, -1]}
							}
						},
						{
							"origin": [4, 24.66421, -4.60355],
							"size": [1, 1, 2],
							"inflate": 0.24,
							"pivot": [4.5, 25.16421, -3.60355],
							"rotation": [-45, 0, 0],
							"uv": {
								"north": {"uv": [46, 16], "uv_size": [3, 2]},
								"east": {"uv": [48, 14], "uv_size": [3, 1]},
								"south": {"uv": [47, 18], "uv_size": [1, 1]},
								"west": {"uv": [46, 18], "uv_size": [4, 1]},
								"up": {"uv": [51, 17], "uv_size": [-4, -1]},
								"down": {"uv": [49, 17], "uv_size": [-3, -1]}
							}
						},
						{
							"origin": [4, 25, -4],
							"size": [1, 1, 2],
							"inflate": 0.5,
							"uv": {
								"north": {"uv": [46, 16], "uv_size": [3, 2]},
								"east": {"uv": [48, 14], "uv_size": [1, 1]},
								"south": {"uv": [47, 18], "uv_size": [1, 1]},
								"west": {"uv": [46, 18], "uv_size": [2, 1]},
								"up": {"uv": [51, 15], "uv_size": [-4, 1]},
								"down": {"uv": [49, 15], "uv_size": [-3, 1]}
							}
						},
						{
							"origin": [4, 25, -4],
							"size": [1, 0.5, 2],
							"inflate": 0.7,
							"uv": {
								"north": {"uv": [46, 16], "uv_size": [3, 2]},
								"east": {"uv": [48, 14], "uv_size": [1, 1]},
								"south": {"uv": [47, 18], "uv_size": [1, 1]},
								"west": {"uv": [46, 18], "uv_size": [2, 1]},
								"up": {"uv": [51, 15], "uv_size": [-4, 1]},
								"down": {"uv": [49, 15], "uv_size": [-3, 1]}
							}
						},
						{
							"origin": [5.3, 26.15, -4.5],
							"size": [0.2, 0.3, 0],
							"inflate": 0.25,
							"uv": {
								"north": {"uv": [47, 22], "uv_size": [4, 0]},
								"east": {"uv": [47, 22], "uv_size": [4, 0]},
								"south": {"uv": [47, 22], "uv_size": [4, 0]},
								"west": {"uv": [47, 22], "uv_size": [4, 0]},
								"up": {"uv": [51, 22], "uv_size": [-4, 0]},
								"down": {"uv": [51, 22], "uv_size": [-4, 0]}
							}
						},
						{
							"origin": [3.5, 26.15, -4.5],
							"size": [0.2, 0.3, 0],
							"inflate": 0.25,
							"uv": {
								"north": {"uv": [47, 22], "uv_size": [4, 0]},
								"east": {"uv": [47, 22], "uv_size": [4, 0]},
								"south": {"uv": [47, 22], "uv_size": [4, 0]},
								"west": {"uv": [47, 22], "uv_size": [4, 0]},
								"up": {"uv": [51, 22], "uv_size": [-4, 0]},
								"down": {"uv": [51, 22], "uv_size": [-4, 0]}
							}
						},
						{
							"origin": [4, 25, -4.6],
							"size": [1, 0.5, 2],
							"inflate": 0.5,
							"uv": {
								"north": {"uv": [46, 16], "uv_size": [3, 2]},
								"east": {"uv": [48, 14], "uv_size": [1, 1]},
								"south": {"uv": [47, 18], "uv_size": [1, 1]},
								"west": {"uv": [46, 18], "uv_size": [2, 1]},
								"up": {"uv": [51, 15], "uv_size": [-4, 1]},
								"down": {"uv": [49, 15], "uv_size": [-3, 1]}
							}
						},
						{
							"origin": [3, 24.6, -7.5],
							"size": [3, 0.15, 4],
							"inflate": -0.1,
							"uv": {
								"north": {"uv": [60, 9], "uv_size": [4, 1]},
								"east": {"uv": [60, 10], "uv_size": [4, -2]},
								"south": {"uv": [60, 7], "uv_size": [4, 5]},
								"west": {"uv": [60, 7], "uv_size": [4, 5]},
								"up": {"uv": [64, 14], "uv_size": [-4, -5]},
								"down": {"uv": [64, 5], "uv_size": [-4, -5]}
							}
						},
						{
							"origin": [2, 22, -3],
							"size": [2, 1, 1],
							"inflate": 0.25,
							"uv": {
								"north": {"uv": [46, 16], "uv_size": [4, 2]},
								"east": {"uv": [48, 14], "uv_size": [0, 1]},
								"south": {"uv": [47, 18], "uv_size": [2, 1]},
								"west": {"uv": [46, 18], "uv_size": [1, 1]},
								"up": {"uv": [52, 15], "uv_size": [-5, 0]},
								"down": {"uv": [50, 15], "uv_size": [-4, 0]}
							}
						},
						{
							"origin": [0.39645, 22.66421, -3],
							"size": [2, 1, 1],
							"inflate": 0.23,
							"pivot": [1.39645, 23.16421, -2.5],
							"rotation": [0, 0, 45],
							"uv": {
								"north": {"uv": [46, 16], "uv_size": [4, 2]},
								"east": {"uv": [48, 14], "uv_size": [0, 1]},
								"south": {"uv": [47, 18], "uv_size": [2, 1]},
								"west": {"uv": [46, 18], "uv_size": [1, 1]},
								"up": {"uv": [52, 15], "uv_size": [-5, 0]},
								"down": {"uv": [50, 15], "uv_size": [-4, 0]}
							}
						},
						{
							"origin": [3.06802, 25.87132, -3],
							"size": [1, 1, 1],
							"inflate": 0.24,
							"pivot": [-0.93198, 26.37132, -2.5],
							"rotation": [0, 0, 45],
							"uv": {
								"north": {"uv": [46, 16], "uv_size": [4, 2]},
								"east": {"uv": [48, 14], "uv_size": [0, 1]},
								"south": {"uv": [47, 18], "uv_size": [2, 1]},
								"west": {"uv": [46, 18], "uv_size": [1, 1]},
								"up": {"uv": [52, 15], "uv_size": [-5, 0]},
								"down": {"uv": [50, 15], "uv_size": [-4, 0]}
							}
						},
						{
							"origin": [-1.48223, 22.78553, -3],
							"size": [2, 1, 1],
							"inflate": 0.24,
							"pivot": [-0.48223, 26.28553, -2.5],
							"rotation": [0, 0, 45],
							"uv": {
								"north": {"uv": [46, 16], "uv_size": [4, 2]},
								"east": {"uv": [48, 14], "uv_size": [0, 1]},
								"south": {"uv": [47, 18], "uv_size": [2, 1]},
								"west": {"uv": [46, 18], "uv_size": [1, 1]},
								"up": {"uv": [52, 15], "uv_size": [-5, 0]},
								"down": {"uv": [50, 15], "uv_size": [-4, 0]}
							}
						},
						{
							"origin": [2, 23, 2],
							"size": [2, 1, 1],
							"inflate": 0.25,
							"uv": {
								"north": {"uv": [46, 16], "uv_size": [4, 2]},
								"east": {"uv": [48, 14], "uv_size": [0, 1]},
								"south": {"uv": [47, 18], "uv_size": [2, 1]},
								"west": {"uv": [46, 18], "uv_size": [1, 1]},
								"up": {"uv": [52, 15], "uv_size": [-5, 0]},
								"down": {"uv": [50, 15], "uv_size": [-4, 0]}
							}
						},
						{
							"origin": [3.89645, 22.95711, 2],
							"size": [1, 1, 1],
							"inflate": 0.24,
							"pivot": [3.89645, 23.45711, 2.5],
							"rotation": [0, 0, -45],
							"uv": {
								"north": {"uv": [46, 16], "uv_size": [4, 2]},
								"east": {"uv": [48, 14], "uv_size": [0, 1]},
								"south": {"uv": [47, 18], "uv_size": [2, 1]},
								"west": {"uv": [46, 18], "uv_size": [1, 1]},
								"up": {"uv": [52, 15], "uv_size": [-5, 0]},
								"down": {"uv": [50, 15], "uv_size": [-4, 0]}
							}
						},
						{
							"origin": [3, 24, 2],
							"size": [2, 1, 1],
							"inflate": 0.25,
							"uv": {
								"north": {"uv": [46, 16], "uv_size": [4, 2]},
								"east": {"uv": [48, 14], "uv_size": [0, 1]},
								"south": {"uv": [47, 18], "uv_size": [2, 1]},
								"west": {"uv": [46, 18], "uv_size": [1, 1]},
								"up": {"uv": [52, 15], "uv_size": [-5, 0]},
								"down": {"uv": [50, 15], "uv_size": [-4, 0]}
							}
						},
						{
							"origin": [-2, 23, -3],
							"size": [4, 1, 6],
							"inflate": 0.25,
							"uv": {
								"north": {"uv": [46, 16], "uv_size": [6, 2]},
								"east": {"uv": [48, 14], "uv_size": [5, 1]},
								"south": {"uv": [47, 18], "uv_size": [4, 1]},
								"west": {"uv": [46, 18], "uv_size": [6, 1]},
								"up": {"uv": [54, 17], "uv_size": [-7, 1]},
								"down": {"uv": [52, 17], "uv_size": [-6, 1]}
							}
						},
						{
							"origin": [-3.60355, 23.66421, -3],
							"size": [2, 1, 6],
							"inflate": 0.24,
							"pivot": [-2.60355, 24.16421, 0],
							"rotation": [0, 0, 45],
							"uv": {
								"north": {"uv": [46, 16], "uv_size": [6, 2]},
								"east": {"uv": [48, 14], "uv_size": [5, 1]},
								"south": {"uv": [47, 18], "uv_size": [4, 1]},
								"west": {"uv": [46, 18], "uv_size": [6, 1]},
								"up": {"uv": [54, 17], "uv_size": [-7, 1]},
								"down": {"uv": [52, 17], "uv_size": [-6, 1]}
							}
						},
						{
							"origin": [-5, 24, -3],
							"size": [4, 1, 6],
							"inflate": 0.25,
							"uv": {
								"north": {"uv": [46, 16], "uv_size": [6, 2]},
								"east": {"uv": [48, 14], "uv_size": [5, 1]},
								"south": {"uv": [47, 18], "uv_size": [4, 1]},
								"west": {"uv": [46, 18], "uv_size": [6, 1]},
								"up": {"uv": [54, 17], "uv_size": [-7, 1]},
								"down": {"uv": [52, 17], "uv_size": [-6, 1]}
							}
						}
					]
				},
				{
					"name": "leftLeg",
					"parent": "root",
					"pivot": [1.9, 12, 0],
					"cubes": [
						{
							"origin": [-0.1, 0, -2],
							"size": [4, 12, 4],
							"uv": {
								"north": {"uv": [45, 0], "uv_size": [9, 24]},
								"east": {"uv": [45, 0], "uv_size": [9, 24]},
								"south": {"uv": [45, 0], "uv_size": [9, 24]},
								"west": {"uv": [45, 0], "uv_size": [9, 24]},
								"up": {"uv": [54, 6], "uv_size": [-9, -6]},
								"down": {"uv": [54, 24], "uv_size": [-9, -1]}
							}
						}
					]
				},
				{
					"name": "rightLeg",
					"parent": "root",
					"pivot": [-1.9, 12, 0],
					"cubes": [
						{
							"origin": [-3.9, 0, -2],
							"size": [4, 12, 4],
							"uv": {
								"north": {"uv": [45, 0], "uv_size": [9, 24]},
								"east": {"uv": [45, 0], "uv_size": [9, 24]},
								"south": {"uv": [45, 0], "uv_size": [9, 24]},
								"west": {"uv": [45, 0], "uv_size": [9, 24]},
								"up": {"uv": [54, 4], "uv_size": [-9, -4]},
								"down": {"uv": [54, 24], "uv_size": [-9, -1]}
							}
						}
					]
				}
			]
		}
	]
}
