{
	"format_version": "1.12.0",
	"minecraft:geometry": [
		{
			"description": {
				"identifier": "geometry.rui",
				"texture_width": 64,
				"texture_height": 64,
				"visible_bounds_width": 3,
				"visible_bounds_height": 3,
				"visible_bounds_offset": [0, 1.5, 0]
			},
			"bones": [
				{
					"name": "root",
					"pivot": [0, 0, 0]
				},
				{
					"name": "waist",
					"parent": "root",
					"pivot": [0, 12, 0]
				},
				{
					"name": "body",
					"parent": "waist",
					"pivot": [0, 24, 0],
					"cubes": [
						{
							"origin": [-4, 12, -2],
							"size": [8, 12, 4],
							"uv": {
								"north": {"uv": [0, 40], "uv_size": [17, 24]},
								"east": {"uv": [17, 40], "uv_size": [8, 24]},
								"south": {"uv": [17, 40], "uv_size": [17, 24]},
								"west": {"uv": [25, 40], "uv_size": [9, 24]},
								"up": {"uv": [20, 16], "uv_size": [8, 4]},
								"down": {"uv": [0, 64], "uv_size": [17, -4]}
							}
						}
					]
				},
				{
					"name": "head",
					"parent": "body",
					"pivot": [0, 24, 0],
					"cubes": [
						{
							"origin": [-4, 24, -4],
							"size": [8, 8, 8],
							"uv": {
								"north": {"uv": [9, 0], "uv_size": [18, 19]},
								"east": {"uv": [0, 0], "uv_size": [8, 19]},
								"south": {"uv": [9, 19], "uv_size": [18, 19]},
								"west": {"uv": [0, 19], "uv_size": [8, 19]},
								"up": {"uv": [10, 20], "uv_size": [6, 16]},
								"down": {"uv": [19, 37], "uv_size": [8, -15]}
							}
						}
					]
				},
				{
					"name": "Cbl",
					"parent": "head",
					"pivot": [0, 24, 0],
					"cubes": [
						{
							"origin": [0, 27, -4.965],
							"size": [4, 1, 2],
							"uv": {
								"north": {"uv": [20, 25], "uv_size": [1, 2]},
								"east": {"uv": [20, 25], "uv_size": [1, 2]},
								"south": {"uv": [20, 25], "uv_size": [1, 2]},
								"west": {"uv": [20, 25], "uv_size": [1, 2]},
								"up": {"uv": [21, 27], "uv_size": [-1, -2]},
								"down": {"uv": [21, 27], "uv_size": [-1, -2]}
							}
						},
						{
							"origin": [1, 28, -5],
							"size": [3, 1, 2],
							"uv": {
								"north": {"uv": [20, 25], "uv_size": [1, 2]},
								"east": {"uv": [20, 25], "uv_size": [1, 2]},
								"south": {"uv": [20, 25], "uv_size": [1, 2]},
								"west": {"uv": [20, 25], "uv_size": [1, 2]},
								"up": {"uv": [21, 27], "uv_size": [-1, -2]},
								"down": {"uv": [21, 27], "uv_size": [-1, -2]}
							}
						},
						{
							"origin": [-4, 25, -5],
							"size": [2, 1, 2],
							"uv": {
								"north": {"uv": [20, 25], "uv_size": [1, 2]},
								"east": {"uv": [20, 25], "uv_size": [1, 2]},
								"south": {"uv": [20, 25], "uv_size": [1, 2]},
								"west": {"uv": [20, 25], "uv_size": [1, 2]},
								"up": {"uv": [21, 27], "uv_size": [-1, -2]},
								"down": {"uv": [21, 27], "uv_size": [-1, -2]}
							}
						},
						{
							"origin": [-5, 25, -4],
							"size": [1, 1, 1],
							"uv": {
								"north": {"uv": [20, 25], "uv_size": [1, 2]},
								"east": {"uv": [20, 25], "uv_size": [1, 2]},
								"south": {"uv": [20, 25], "uv_size": [1, 2]},
								"west": {"uv": [20, 25], "uv_size": [1, 2]},
								"up": {"uv": [21, 27], "uv_size": [-1, -2]},
								"down": {"uv": [21, 27], "uv_size": [-1, -2]}
							}
						},
						{
							"origin": [-5.95, 26, -4.9],
							"size": [3, 4, 3],
							"uv": {
								"north": {"uv": [20, 25], "uv_size": [1, 2]},
								"east": {"uv": [20, 25], "uv_size": [1, 2]},
								"south": {"uv": [20, 25], "uv_size": [1, 2]},
								"west": {"uv": [20, 25], "uv_size": [1, 2]},
								"up": {"uv": [21, 27], "uv_size": [-1, -2]},
								"down": {"uv": [21, 27], "uv_size": [-1, -2]}
							}
						},
						{
							"origin": [-6, 24, 2],
							"size": [3, 5, 3],
							"uv": {
								"north": {"uv": [20, 25], "uv_size": [1, 2]},
								"east": {"uv": [20, 25], "uv_size": [1, 2]},
								"south": {"uv": [20, 25], "uv_size": [1, 2]},
								"west": {"uv": [20, 25], "uv_size": [1, 2]},
								"up": {"uv": [21, 27], "uv_size": [-1, -2]},
								"down": {"uv": [21, 27], "uv_size": [-1, -2]}
							}
						},
						{
							"origin": [-5.9, 25, -1],
							"size": [3, 5, 3],
							"uv": {
								"north": {"uv": [20, 25], "uv_size": [1, 2]},
								"east": {"uv": [20, 25], "uv_size": [1, 2]},
								"south": {"uv": [20, 25], "uv_size": [1, 2]},
								"west": {"uv": [20, 25], "uv_size": [1, 2]},
								"up": {"uv": [21, 27], "uv_size": [-1, -2]},
								"down": {"uv": [21, 27], "uv_size": [-1, -2]}
							}
						},
						{
							"origin": [-6, 26, -4],
							"size": [3, 5, 4],
							"uv": {
								"north": {"uv": [20, 25], "uv_size": [1, 2]},
								"east": {"uv": [20, 25], "uv_size": [1, 2]},
								"south": {"uv": [20, 25], "uv_size": [1, 2]},
								"west": {"uv": [20, 25], "uv_size": [1, 2]},
								"up": {"uv": [21, 27], "uv_size": [-1, -2]},
								"down": {"uv": [21, 27], "uv_size": [-1, -2]}
							}
						},
						{
							"origin": [-5, 27, 2],
							"size": [9, 6, 2],
							"uv": {
								"north": {"uv": [20, 25], "uv_size": [1, 2]},
								"east": {"uv": [20, 25], "uv_size": [1, 2]},
								"south": {"uv": [20, 25], "uv_size": [1, 2]},
								"west": {"uv": [20, 25], "uv_size": [1, 2]},
								"up": {"uv": [21, 27], "uv_size": [-1, -2]},
								"down": {"uv": [21, 27], "uv_size": [-1, -2]}
							}
						},
						{
							"origin": [-5.1, 23.8, -3],
							"size": [4, 9.2, 5],
							"uv": {
								"north": {"uv": [20, 25], "uv_size": [1, 2]},
								"east": {"uv": [20, 25], "uv_size": [1, 2]},
								"south": {"uv": [20, 25], "uv_size": [1, 2]},
								"west": {"uv": [20, 25], "uv_size": [1, 2]},
								"up": {"uv": [21, 27], "uv_size": [-1, -2]},
								"down": {"uv": [21, 27], "uv_size": [-1, -2]}
							}
						},
						{
							"origin": [-5, 25, -3],
							"size": [2, 7, 4],
							"uv": {
								"north": {"uv": [20, 25], "uv_size": [1, 2]},
								"east": {"uv": [20, 25], "uv_size": [1, 2]},
								"south": {"uv": [20, 25], "uv_size": [1, 2]},
								"west": {"uv": [20, 25], "uv_size": [1, 2]},
								"up": {"uv": [21, 27], "uv_size": [-1, -2]},
								"down": {"uv": [21, 27], "uv_size": [-1, -2]}
							}
						},
						{
							"origin": [-5, 28, -5],
							"size": [3, 5, 2],
							"uv": {
								"north": {"uv": [20, 25], "uv_size": [1, 2]},
								"east": {"uv": [20, 25], "uv_size": [1, 2]},
								"south": {"uv": [20, 25], "uv_size": [1, 2]},
								"west": {"uv": [20, 25], "uv_size": [1, 2]},
								"up": {"uv": [21, 27], "uv_size": [-1, -2]},
								"down": {"uv": [21, 27], "uv_size": [-1, -2]}
							}
						},
						{
							"origin": [-4, 31, -5.9],
							"size": [3, 3, 5],
							"uv": {
								"north": {"uv": [20, 25], "uv_size": [1, 2]},
								"east": {"uv": [20, 25], "uv_size": [1, 2]},
								"south": {"uv": [20, 25], "uv_size": [1, 2]},
								"west": {"uv": [20, 25], "uv_size": [1, 2]},
								"up": {"uv": [21, 27], "uv_size": [-1, -2]},
								"down": {"uv": [21, 27], "uv_size": [-1, -2]}
							}
						},
						{
							"origin": [-2, 32, -5.4],
							"size": [4, 3, 6.4],
							"uv": {
								"north": {"uv": [20, 25], "uv_size": [1, 2]},
								"east": {"uv": [20, 25], "uv_size": [1, 2]},
								"south": {"uv": [20, 25], "uv_size": [1, 2]},
								"west": {"uv": [20, 25], "uv_size": [1, 2]},
								"up": {"uv": [21, 27], "uv_size": [-1, -2]},
								"down": {"uv": [21, 27], "uv_size": [-1, -2]}
							}
						},
						{
							"origin": [-2, 32, -4],
							"size": [5, 2, 6],
							"uv": {
								"north": {"uv": [20, 25], "uv_size": [1, 2]},
								"east": {"uv": [20, 25], "uv_size": [1, 2]},
								"south": {"uv": [20, 25], "uv_size": [1, 2]},
								"west": {"uv": [20, 25], "uv_size": [1, 2]},
								"up": {"uv": [21, 27], "uv_size": [-1, -2]},
								"down": {"uv": [21, 27], "uv_size": [-1, -2]}
							}
						},
						{
							"origin": [1, 31, -4.8],
							"size": [4, 3, 3],
							"uv": {
								"north": {"uv": [20, 25], "uv_size": [1, 2]},
								"east": {"uv": [20, 25], "uv_size": [1, 2]},
								"south": {"uv": [20, 25], "uv_size": [1, 2]},
								"west": {"uv": [20, 25], "uv_size": [1, 2]},
								"up": {"uv": [21, 27], "uv_size": [-1, -2]},
								"down": {"uv": [21, 27], "uv_size": [-1, -2]}
							}
						},
						{
							"origin": [1, 28, -5.5],
							"size": [5, 2, 2.5],
							"uv": {
								"north": {"uv": [20, 25], "uv_size": [1, 2]},
								"east": {"uv": [20, 25], "uv_size": [1, 2]},
								"south": {"uv": [20, 25], "uv_size": [1, 2]},
								"west": {"uv": [20, 25], "uv_size": [1, 2]},
								"up": {"uv": [21, 27], "uv_size": [-1, -2]},
								"down": {"uv": [21, 27], "uv_size": [-1, -2]}
							}
						},
						{
							"origin": [0, 31, -5.95],
							"size": [5, 2, 3],
							"uv": {
								"north": {"uv": [20, 25], "uv_size": [1, 2]},
								"east": {"uv": [20, 25], "uv_size": [1, 2]},
								"south": {"uv": [20, 25], "uv_size": [1, 2]},
								"west": {"uv": [20, 25], "uv_size": [1, 2]},
								"up": {"uv": [21, 27], "uv_size": [-1, -2]},
								"down": {"uv": [21, 27], "uv_size": [-1, -2]}
							}
						},
						{
							"origin": [1, 24, -5],
							"size": [4, 1, 2],
							"uv": {
								"north": {"uv": [20, 25], "uv_size": [1, 2]},
								"east": {"uv": [20, 25], "uv_size": [1, 2]},
								"south": {"uv": [20, 25], "uv_size": [1, 2]},
								"west": {"uv": [20, 25], "uv_size": [1, 2]},
								"up": {"uv": [21, 27], "uv_size": [-1, -2]},
								"down": {"uv": [21, 27], "uv_size": [-1, -2]}
							}
						},
						{
							"origin": [2, 23, -5],
							"size": [3, 1, 2],
							"uv": {
								"north": {"uv": [20, 25], "uv_size": [1, 2]},
								"east": {"uv": [20, 25], "uv_size": [1, 2]},
								"south": {"uv": [20, 25], "uv_size": [1, 2]},
								"west": {"uv": [20, 25], "uv_size": [1, 2]},
								"up": {"uv": [21, 27], "uv_size": [-1, -2]},
								"down": {"uv": [21, 27], "uv_size": [-1, -2]}
							}
						},
						{
							"origin": [3, 24, -5],
							"size": [3, 1, 3],
							"uv": {
								"north": {"uv": [20, 25], "uv_size": [1, 2]},
								"east": {"uv": [20, 25], "uv_size": [1, 2]},
								"south": {"uv": [20, 25], "uv_size": [1, 2]},
								"west": {"uv": [20, 25], "uv_size": [1, 2]},
								"up": {"uv": [21, 27], "uv_size": [-1, -2]},
								"down": {"uv": [21, 27], "uv_size": [-1, -2]}
							}
						},
						{
							"origin": [4, 25, -5],
							"size": [2, 1, 2],
							"uv": {
								"north": {"uv": [20, 25], "uv_size": [1, 2]},
								"east": {"uv": [20, 25], "uv_size": [1, 2]},
								"south": {"uv": [20, 25], "uv_size": [1, 2]},
								"west": {"uv": [20, 25], "uv_size": [1, 2]},
								"up": {"uv": [21, 27], "uv_size": [-1, -2]},
								"down": {"uv": [21, 27], "uv_size": [-1, -2]}
							}
						},
						{
							"origin": [3, 23.79289, -5],
							"size": [1.5, 1, 2],
							"pivot": [3, 25.29289, -4],
							"rotation": [0, 0, -45],
							"uv": {
								"north": {"uv": [20, 25], "uv_size": [1, 2]},
								"east": {"uv": [20, 25], "uv_size": [1, 2]},
								"south": {"uv": [20, 25], "uv_size": [1, 2]},
								"west": {"uv": [20, 25], "uv_size": [1, 2]},
								"up": {"uv": [21, 27], "uv_size": [-1, -2]},
								"down": {"uv": [21, 27], "uv_size": [-1, -2]}
							}
						},
						{
							"origin": [2.8, 28.3, -5],
							"size": [1.7, 1, 2],
							"pivot": [3, 25.29289, -4],
							"rotation": [0, 0, -45],
							"uv": {
								"north": {"uv": [20, 25], "uv_size": [1, 2]},
								"east": {"uv": [20, 25], "uv_size": [1, 2]},
								"south": {"uv": [20, 25], "uv_size": [1, 2]},
								"west": {"uv": [20, 25], "uv_size": [1, 2]},
								"up": {"uv": [21, 27], "uv_size": [-1, -2]},
								"down": {"uv": [21, 27], "uv_size": [-1, -2]}
							}
						},
						{
							"origin": [1.05025, 21.32843, -5],
							"size": [1.5, 1, 2],
							"pivot": [1.05025, 26.82843, -4],
							"rotation": [0, 0, -45],
							"uv": {
								"north": {"uv": [20, 25], "uv_size": [1, 2]},
								"east": {"uv": [20, 25], "uv_size": [1, 2]},
								"south": {"uv": [20, 25], "uv_size": [1, 2]},
								"west": {"uv": [20, 25], "uv_size": [1, 2]},
								"up": {"uv": [21, 27], "uv_size": [-1, -2]},
								"down": {"uv": [21, 27], "uv_size": [-1, -2]}
							}
						},
						{
							"origin": [1.05025, 21.32843, 2],
							"size": [1.5, 1, 3],
							"pivot": [1.05025, 26.82843, -4],
							"rotation": [0, 0, -45],
							"uv": {
								"north": {"uv": [20, 25], "uv_size": [1, 2]},
								"east": {"uv": [20, 25], "uv_size": [1, 2]},
								"south": {"uv": [20, 25], "uv_size": [1, 2]},
								"west": {"uv": [20, 25], "uv_size": [1, 2]},
								"up": {"uv": [21, 27], "uv_size": [-1, -2]},
								"down": {"uv": [21, 27], "uv_size": [-1, -2]}
							}
						},
						{
							"origin": [6.94975, 21.57107, -5],
							"size": [1.5, 1, 2],
							"pivot": [6.94975, 30.07107, -4],
							"rotation": [0, 0, 45],
							"uv": {
								"north": {"uv": [20, 25], "uv_size": [1, 2]},
								"east": {"uv": [20, 25], "uv_size": [1, 2]},
								"south": {"uv": [20, 25], "uv_size": [1, 2]},
								"west": {"uv": [20, 25], "uv_size": [1, 2]},
								"up": {"uv": [21, 27], "uv_size": [-1, -2]},
								"down": {"uv": [21, 27], "uv_size": [-1, -2]}
							}
						},
						{
							"origin": [-5.05, 24.1818, -3.90398],
							"size": [1.3, 1, 1.5],
							"pivot": [-4.5, 24.6818, -2.90398],
							"rotation": [0, -45, -90],
							"uv": {
								"north": {"uv": [20, 25], "uv_size": [1, 2]},
								"east": {"uv": [20, 25], "uv_size": [1, 2]},
								"south": {"uv": [20, 25], "uv_size": [1, 2]},
								"west": {"uv": [20, 25], "uv_size": [1, 2]},
								"up": {"uv": [21, 27], "uv_size": [-1, -2]},
								"down": {"uv": [21, 27], "uv_size": [-1, -2]}
							}
						},
						{
							"origin": [5.95, 20.77728, -9.3085],
							"size": [1.3, 1, 1.5],
							"pivot": [-5.5, 21.27728, -8.3085],
							"rotation": [0, -45, -90],
							"uv": {
								"north": {"uv": [20, 25], "uv_size": [1, 2]},
								"east": {"uv": [20, 25], "uv_size": [1, 2]},
								"south": {"uv": [20, 25], "uv_size": [1, 2]},
								"west": {"uv": [20, 25], "uv_size": [1, 2]},
								"up": {"uv": [21, 27], "uv_size": [-1, -2]},
								"down": {"uv": [21, 27], "uv_size": [-1, -2]}
							}
						},
						{
							"origin": [12.95, 18.95926, -5.61155],
							"size": [1.3, 4, 1.5],
							"pivot": [-3.5, 22.45926, -12.61155],
							"rotation": [0, -45, -90],
							"uv": {
								"north": {"uv": [20, 25], "uv_size": [1, 2]},
								"east": {"uv": [20, 25], "uv_size": [1, 2]},
								"south": {"uv": [20, 25], "uv_size": [1, 2]},
								"west": {"uv": [20, 25], "uv_size": [1, 2]},
								"up": {"uv": [21, 27], "uv_size": [-1, -2]},
								"down": {"uv": [21, 27], "uv_size": [-1, -2]}
							}
						},
						{
							"origin": [19.95, 16.13084, -8.38998],
							"size": [1.3, 5, 1.5],
							"pivot": [-0.5, 20.63084, -15.38998],
							"rotation": [0, -45, -90],
							"uv": {
								"north": {"uv": [20, 25], "uv_size": [1, 2]},
								"east": {"uv": [20, 25], "uv_size": [1, 2]},
								"south": {"uv": [20, 25], "uv_size": [1, 2]},
								"west": {"uv": [20, 25], "uv_size": [1, 2]},
								"up": {"uv": [21, 27], "uv_size": [-1, -2]},
								"down": {"uv": [21, 27], "uv_size": [-1, -2]}
							}
						},
						{
							"origin": [14.95, 16.82753, -15.15825],
							"size": [1.3, 3, 1.5],
							"pivot": [-3.5, 19.32753, -14.15825],
							"rotation": [0, -45, -90],
							"uv": {
								"north": {"uv": [20, 25], "uv_size": [1, 2]},
								"east": {"uv": [20, 25], "uv_size": [1, 2]},
								"south": {"uv": [20, 25], "uv_size": [1, 2]},
								"west": {"uv": [20, 25], "uv_size": [1, 2]},
								"up": {"uv": [21, 27], "uv_size": [-1, -2]},
								"down": {"uv": [21, 27], "uv_size": [-1, -2]}
							}
						},
						{
							"origin": [16.95, 16.82753, -13.25825],
							"size": [1.3, 4, 1.5],
							"pivot": [-1.5, 20.32753, -12.25825],
							"rotation": [0, -45, -90],
							"uv": {
								"north": {"uv": [20, 25], "uv_size": [1, 2]},
								"east": {"uv": [20, 25], "uv_size": [1, 2]},
								"south": {"uv": [20, 25], "uv_size": [1, 2]},
								"west": {"uv": [20, 25], "uv_size": [1, 2]},
								"up": {"uv": [21, 27], "uv_size": [-1, -2]},
								"down": {"uv": [21, 27], "uv_size": [-1, -2]}
							}
						},
						{
							"origin": [19.95, 14.41332, -13.67247],
							"size": [1.3, 5, 1.5],
							"pivot": [-0.5, 17.91332, -12.67247],
							"rotation": [0, -45, -90],
							"uv": {
								"north": {"uv": [20, 25], "uv_size": [1, 2]},
								"east": {"uv": [20, 25], "uv_size": [1, 2]},
								"south": {"uv": [20, 25], "uv_size": [1, 2]},
								"west": {"uv": [20, 25], "uv_size": [1, 2]},
								"up": {"uv": [21, 27], "uv_size": [-1, -2]},
								"down": {"uv": [21, 27], "uv_size": [-1, -2]}
							}
						},
						{
							"origin": [12.95, 8.82753, -16.05825],
							"size": [1.3, 3, 1.5],
							"pivot": [-5.5, 19.32753, -15.05825],
							"rotation": [0, -45, -90],
							"uv": {
								"north": {"uv": [20, 25], "uv_size": [1, 2]},
								"east": {"uv": [20, 25], "uv_size": [1, 2]},
								"south": {"uv": [20, 25], "uv_size": [1, 2]},
								"west": {"uv": [20, 25], "uv_size": [1, 2]},
								"up": {"uv": [21, 27], "uv_size": [-1, -2]},
								"down": {"uv": [21, 27], "uv_size": [-1, -2]}
							}
						},
						{
							"origin": [7.95, -3.5, -12.84404],
							"size": [1.3, 2, 1.5],
							"pivot": [-9.5, 12.32753, -10.84404],
							"rotation": [0, -45, -90],
							"uv": {
								"north": {"uv": [20, 25], "uv_size": [1, 2]},
								"east": {"uv": [20, 25], "uv_size": [1, 2]},
								"south": {"uv": [20, 25], "uv_size": [1, 2]},
								"west": {"uv": [20, 25], "uv_size": [1, 2]},
								"up": {"uv": [21, 27], "uv_size": [-1, -2]},
								"down": {"uv": [21, 27], "uv_size": [-1, -2]}
							}
						},
						{
							"origin": [8.85, 1.82753, -13.25825],
							"size": [1.3, 3, 1.5],
							"pivot": [-9.6, 17.32753, -12.25825],
							"rotation": [0, -45, -90],
							"uv": {
								"north": {"uv": [20, 25], "uv_size": [1, 2]},
								"east": {"uv": [20, 25], "uv_size": [1, 2]},
								"south": {"uv": [20, 25], "uv_size": [1, 2]},
								"west": {"uv": [20, 25], "uv_size": [1, 2]},
								"up": {"uv": [21, 27], "uv_size": [-1, -2]},
								"down": {"uv": [21, 27], "uv_size": [-1, -2]}
							}
						},
						{
							"origin": [3.31371, 19.27817, -5],
							"size": [1.5, 1, 2],
							"pivot": [7.31371, 32.77817, -4],
							"rotation": [0, 0, 45],
							"uv": {
								"north": {"uv": [20, 25], "uv_size": [1, 2]},
								"east": {"uv": [20, 25], "uv_size": [1, 2]},
								"south": {"uv": [20, 25], "uv_size": [1, 2]},
								"west": {"uv": [20, 25], "uv_size": [1, 2]},
								"up": {"uv": [21, 27], "uv_size": [-1, -2]},
								"down": {"uv": [21, 27], "uv_size": [-1, -2]}
							}
						},
						{
							"origin": [3.77817, 26.62132, -5.95],
							"size": [1.5, 1.5, 2],
							"pivot": [7.77817, 35.12132, -4.95],
							"rotation": [0, 0, 45],
							"uv": {
								"north": {"uv": [20, 25], "uv_size": [1, 2]},
								"east": {"uv": [20, 25], "uv_size": [1, 2]},
								"south": {"uv": [20, 25], "uv_size": [1, 2]},
								"west": {"uv": [20, 25], "uv_size": [1, 2]},
								"up": {"uv": [21, 27], "uv_size": [-1, -2]},
								"down": {"uv": [21, 27], "uv_size": [-1, -2]}
							}
						},
						{
							"origin": [4, 26, -5],
							"size": [2, 2, 2],
							"uv": {
								"north": {"uv": [20, 25], "uv_size": [1, 2]},
								"east": {"uv": [20, 25], "uv_size": [1, 2]},
								"south": {"uv": [20, 25], "uv_size": [1, 2]},
								"west": {"uv": [20, 25], "uv_size": [1, 2]},
								"up": {"uv": [21, 27], "uv_size": [-1, -2]},
								"down": {"uv": [21, 27], "uv_size": [-1, -2]}
							}
						},
						{
							"origin": [1, 29, -6],
							"size": [5, 3, 3],
							"uv": {
								"north": {"uv": [20, 25], "uv_size": [1, 2]},
								"east": {"uv": [20, 25], "uv_size": [1, 2]},
								"south": {"uv": [20, 25], "uv_size": [1, 2]},
								"west": {"uv": [20, 25], "uv_size": [1, 2]},
								"up": {"uv": [21, 27], "uv_size": [-1, -2]},
								"down": {"uv": [21, 27], "uv_size": [-1, -2]}
							}
						},
						{
							"origin": [-1.1, 23.8, -3],
							"size": [7, 8.2, 4],
							"uv": {
								"north": {"uv": [20, 25], "uv_size": [1, 2]},
								"east": {"uv": [20, 25], "uv_size": [1, 2]},
								"south": {"uv": [20, 25], "uv_size": [1, 2]},
								"west": {"uv": [20, 25], "uv_size": [1, 2]},
								"up": {"uv": [21, 27], "uv_size": [-1, -2]},
								"down": {"uv": [21, 27], "uv_size": [-1, -2]}
							}
						},
						{
							"origin": [-4.1, 23.8, -4],
							"size": [10, 0.2, 4],
							"uv": {
								"north": {"uv": [20, 25], "uv_size": [1, 2]},
								"east": {"uv": [20, 25], "uv_size": [1, 2]},
								"south": {"uv": [20, 25], "uv_size": [1, 2]},
								"west": {"uv": [20, 25], "uv_size": [1, 2]},
								"up": {"uv": [21, 27], "uv_size": [-1, -2]},
								"down": {"uv": [21, 27], "uv_size": [-1, -2]}
							}
						},
						{
							"origin": [5, 24, -3],
							"size": [2, 3, 4],
							"uv": {
								"north": {"uv": [20, 25], "uv_size": [1, 2]},
								"east": {"uv": [20, 25], "uv_size": [1, 2]},
								"south": {"uv": [20, 25], "uv_size": [1, 2]},
								"west": {"uv": [20, 25], "uv_size": [1, 2]},
								"up": {"uv": [21, 27], "uv_size": [-1, -2]},
								"down": {"uv": [21, 27], "uv_size": [-1, -2]}
							}
						},
						{
							"origin": [4.5, 24, 0],
							"size": [2, 2, 4],
							"uv": {
								"north": {"uv": [20, 25], "uv_size": [1, 2]},
								"east": {"uv": [20, 25], "uv_size": [1, 2]},
								"south": {"uv": [20, 25], "uv_size": [1, 2]},
								"west": {"uv": [20, 25], "uv_size": [1, 2]},
								"up": {"uv": [21, 27], "uv_size": [-1, -2]},
								"down": {"uv": [21, 27], "uv_size": [-1, -2]}
							}
						},
						{
							"origin": [4, 24, 4],
							"size": [2, 2, 1],
							"uv": {
								"north": {"uv": [20, 25], "uv_size": [1, 2]},
								"east": {"uv": [20, 25], "uv_size": [1, 2]},
								"south": {"uv": [20, 25], "uv_size": [1, 2]},
								"west": {"uv": [20, 25], "uv_size": [1, 2]},
								"up": {"uv": [21, 27], "uv_size": [-1, -2]},
								"down": {"uv": [21, 27], "uv_size": [-1, -2]}
							}
						},
						{
							"origin": [-4, 24, 4],
							"size": [8, 8, 1],
							"uv": {
								"north": {"uv": [20, 25], "uv_size": [1, 2]},
								"east": {"uv": [20, 25], "uv_size": [1, 2]},
								"south": {"uv": [20, 25], "uv_size": [1, 2]},
								"west": {"uv": [20, 25], "uv_size": [1, 2]},
								"up": {"uv": [21, 27], "uv_size": [-1, -2]},
								"down": {"uv": [21, 27], "uv_size": [-1, -2]}
							}
						},
						{
							"origin": [-1, 24, 5],
							"size": [5, 6, 1],
							"uv": {
								"north": {"uv": [20, 25], "uv_size": [1, 2]},
								"east": {"uv": [20, 25], "uv_size": [1, 2]},
								"south": {"uv": [20, 25], "uv_size": [1, 2]},
								"west": {"uv": [20, 25], "uv_size": [1, 2]},
								"up": {"uv": [21, 27], "uv_size": [-1, -2]},
								"down": {"uv": [21, 27], "uv_size": [-1, -2]}
							}
						},
						{
							"origin": [-5, 23, 2],
							"size": [10, 1, 3],
							"uv": {
								"north": {"uv": [20, 25], "uv_size": [1, 2]},
								"east": {"uv": [20, 25], "uv_size": [1, 2]},
								"south": {"uv": [20, 25], "uv_size": [1, 2]},
								"west": {"uv": [20, 25], "uv_size": [1, 2]},
								"up": {"uv": [21, 27], "uv_size": [-1, -2]},
								"down": {"uv": [21, 27], "uv_size": [-1, -2]}
							}
						},
						{
							"origin": [-4, 24, 4.95],
							"size": [5, 5, 1],
							"uv": {
								"north": {"uv": [20, 25], "uv_size": [1, 2]},
								"east": {"uv": [20, 25], "uv_size": [1, 2]},
								"south": {"uv": [20, 25], "uv_size": [1, 2]},
								"west": {"uv": [20, 25], "uv_size": [1, 2]},
								"up": {"uv": [21, 27], "uv_size": [-1, -2]},
								"down": {"uv": [21, 27], "uv_size": [-1, -2]}
							}
						},
						{
							"origin": [-4, 23, 4.9],
							"size": [5, 3, 1],
							"uv": {
								"north": {"uv": [20, 25], "uv_size": [1, 2]},
								"east": {"uv": [20, 25], "uv_size": [1, 2]},
								"south": {"uv": [20, 25], "uv_size": [1, 2]},
								"west": {"uv": [20, 25], "uv_size": [1, 2]},
								"up": {"uv": [21, 27], "uv_size": [-1, -2]},
								"down": {"uv": [21, 27], "uv_size": [-1, -2]}
							}
						},
						{
							"origin": [5, 26, -1],
							"size": [1, 5, 4],
							"uv": {
								"north": {"uv": [20, 25], "uv_size": [1, 2]},
								"east": {"uv": [20, 25], "uv_size": [1, 2]},
								"south": {"uv": [20, 25], "uv_size": [1, 2]},
								"west": {"uv": [20, 25], "uv_size": [1, 2]},
								"up": {"uv": [21, 27], "uv_size": [-1, -2]},
								"down": {"uv": [21, 27], "uv_size": [-1, -2]}
							}
						},
						{
							"origin": [4, 26, -1],
							"size": [1, 6, 5],
							"uv": {
								"north": {"uv": [20, 25], "uv_size": [1, 2]},
								"east": {"uv": [20, 25], "uv_size": [1, 2]},
								"south": {"uv": [20, 25], "uv_size": [1, 2]},
								"west": {"uv": [20, 25], "uv_size": [1, 2]},
								"up": {"uv": [21, 27], "uv_size": [-1, -2]},
								"down": {"uv": [21, 27], "uv_size": [-1, -2]}
							}
						},
						{
							"origin": [2, 27, -3],
							"size": [3, 6, 6],
							"uv": {
								"north": {"uv": [20, 25], "uv_size": [1, 2]},
								"east": {"uv": [20, 25], "uv_size": [1, 2]},
								"south": {"uv": [20, 25], "uv_size": [1, 2]},
								"west": {"uv": [20, 25], "uv_size": [1, 2]},
								"up": {"uv": [21, 27], "uv_size": [-1, -2]},
								"down": {"uv": [21, 27], "uv_size": [-1, -2]}
							}
						}
					]
				},
				{
					"name": "leftArm",
					"parent": "body",
					"pivot": [5, 22, 0],
					"rotation": [0, 0, -5],
					"cubes": [
						{
							"origin": [3.8, 12.45, -2.2],
							"size": [4.4, 12.1, 4.4],
							"uv": {
								"north": {"uv": [36, 0], "uv_size": [9, 24]},
								"east": {"uv": [36, 0], "uv_size": [9, 24]},
								"south": {"uv": [36, 0], "uv_size": [9, 24]},
								"west": {"uv": [36, 0], "uv_size": [9, 24]},
								"up": {"uv": [45, 24], "uv_size": [-9, -24]},
								"down": {"uv": [43, 1], "uv_size": [-7, -1]}
							}
						},
						{
							"origin": [4.05486, 11.90652, -1.98],
							"size": [3.96, 8.19, 3.96],
							"uv": {
								"north": {"uv": [37, 0], "uv_size": [3, 1]},
								"east": {"uv": [37, 0], "uv_size": [3, 1]},
								"south": {"uv": [37, 0], "uv_size": [3, 1]},
								"west": {"uv": [37, 0], "uv_size": [3, 1]},
								"up": {"uv": [40, 1], "uv_size": [-3, -1]},
								"down": {"uv": [40, 1], "uv_size": [-3, -1]}
							}
						}
					]
				},
				{
					"name": "rightArm",
					"parent": "body",
					"pivot": [-5, 22, 0],
					"rotation": [0, 0, 5],
					"cubes": [
						{
							"origin": [-8.2, 12.45, -2.2],
							"size": [4.4, 12.1, 4.4],
							"uv": {
								"north": {"uv": [45, 0], "uv_size": [-9, 24]},
								"east": {"uv": [45, 0], "uv_size": [-9, 24]},
								"south": {"uv": [45, 0], "uv_size": [-9, 24]},
								"west": {"uv": [45, 0], "uv_size": [-9, 24]},
								"up": {"uv": [36, 24], "uv_size": [9, -24]},
								"down": {"uv": [36, 1], "uv_size": [7, -1]}
							}
						},
						{
							"origin": [-8.01486, 11.90652, -1.98],
							"size": [3.96, 8.19, 3.96],
							"uv": {
								"north": {"uv": [40, 0], "uv_size": [-3, 1]},
								"east": {"uv": [40, 0], "uv_size": [-3, 1]},
								"south": {"uv": [40, 0], "uv_size": [-3, 1]},
								"west": {"uv": [40, 0], "uv_size": [-3, 1]},
								"up": {"uv": [37, 1], "uv_size": [3, -1]},
								"down": {"uv": [37, 1], "uv_size": [3, -1]}
							}
						}
					]
				},
				{
					"name": "leftLeg",
					"parent": "root",
					"pivot": [1.9, 12, 0],
					"cubes": [
						{
							"origin": [-0.3, 2.55, -2.2],
							"size": [4.4, 9.9, 4.4],
							"uv": {
								"north": {"uv": [54, 0], "uv_size": [9, 19]},
								"east": {"uv": [36, 0], "uv_size": [9, 24]},
								"south": {"uv": [36, 0], "uv_size": [9, 24]},
								"west": {"uv": [27, 0], "uv_size": [9, 24]},
								"up": {"uv": [45, 24], "uv_size": [-9, -24]},
								"down": {"uv": [41, 2], "uv_size": [-5, -2]}
							}
						},
						{
							"origin": [-0.1, 0, -2],
							"size": [4, 3, 4],
							"uv": {
								"north": {"uv": [54, 19], "uv_size": [9, 5]},
								"east": {"uv": [54, 19], "uv_size": [9, 5]},
								"south": {"uv": [54, 19], "uv_size": [9, 5]},
								"west": {"uv": [54, 19], "uv_size": [9, 5]},
								"up": {"uv": [63, 24], "uv_size": [-9, -5]},
								"down": {"uv": [63, 24], "uv_size": [-9, -5]}
							}
						}
					]
				},
				{
					"name": "rightLeg",
					"parent": "root",
					"pivot": [-1.9, 12, 0],
					"cubes": [
						{
							"origin": [-4.02, 2.55, -2.12],
							"size": [4.24, 9.9, 4.24],
							"uv": {
								"north": {"uv": [45, 0], "uv_size": [9, 19]},
								"east": {"uv": [27, 0], "uv_size": [9, 24]},
								"south": {"uv": [27, 0], "uv_size": [9, 24]},
								"west": {"uv": [27, 0], "uv_size": [9, 24]},
								"up": {"uv": [36, 24], "uv_size": [-9, -24]},
								"down": {"uv": [33, 2], "uv_size": [-2, -2]}
							}
						},
						{
							"origin": [-3.9, 0, -2],
							"size": [4, 3, 4],
							"uv": {
								"north": {"uv": [45, 19], "uv_size": [9, 5]},
								"east": {"uv": [45, 19], "uv_size": [9, 5]},
								"south": {"uv": [45, 19], "uv_size": [9, 5]},
								"west": {"uv": [45, 19], "uv_size": [9, 5]},
								"up": {"uv": [54, 24], "uv_size": [-9, -5]},
								"down": {"uv": [54, 24], "uv_size": [-9, -5]}
							}
						}
					]
				}
			]
		}
	]
}
