{
	"format_version": "1.12.0",
	"minecraft:geometry": [
		{
			"description": {
				"identifier": "geometry.sanemi",
				"texture_width": 64,
				"texture_height": 64,
				"visible_bounds_width": 3,
				"visible_bounds_height": 3,
				"visible_bounds_offset": [0, 1.5, 0]
			},
			"bones": [
				{
					"name": "root",
					"pivot": [0, 0, 0]
				},
				{
					"name": "waist",
					"parent": "root",
					"pivot": [0, 12, 0]
				},
				{
					"name": "body",
					"parent": "waist",
					"pivot": [0, 24, 0],
					"cubes": [
						{
							"origin": [-4, 12, -2],
							"size": [8, 12, 4],
							"uv": {
								"north": {"uv": [0, 40], "uv_size": [17, 24]},
								"east": {"uv": [5, 40], "uv_size": [-4, 24]},
								"south": {"uv": [17, 40], "uv_size": [17, 24]},
								"west": {"uv": [1, 40], "uv_size": [4, 24]},
								"up": {"uv": [1, 41], "uv_size": [15, -1]},
								"down": {"uv": [16, 63], "uv_size": [18, -1]}
							}
						}
					]
				},
				{
					"name": "head",
					"parent": "body",
					"pivot": [0, 24, 0],
					"cubes": [
						{
							"origin": [-4, 24, -4],
							"size": [8, 8, 8],
							"uv": {
								"north": {"uv": [9, 0], "uv_size": [18, 19]},
								"east": {"uv": [0, 0], "uv_size": [9, 19]},
								"south": {"uv": [9, 19], "uv_size": [18, 19]},
								"west": {"uv": [0, 19], "uv_size": [9, 19]},
								"up": {"uv": [26, 30], "uv_size": [-16, -10]},
								"down": {"uv": [20, 17], "uv_size": [-4, 0]}
							}
						}
					]
				},
				{
					"name": "hat",
					"parent": "head",
					"pivot": [0, 24, 0],
					"cubes": [
						{
							"origin": [-3.96688, 24.06612, -3.96688],
							"size": [7.93376, 7.86776, 7.93376],
							"inflate": 0.5,
							"uv": {
								"north": {"uv": [38, 32], "uv_size": [11, 9]},
								"east": {"uv": [54, 32], "uv_size": [-5, 7]},
								"south": {"uv": [63, 33], "uv_size": [-7, 7]},
								"west": {"uv": [49, 32], "uv_size": [5, 7]},
								"up": {"uv": [47, 32], "uv_size": [-7, -7]},
								"down": {"uv": [63, 54], "uv_size": [-10, 7]}
							}
						}
					]
				},
				{
					"name": "cape",
					"parent": "body",
					"pivot": [0, 24, 3]
				},
				{
					"name": "leftArm",
					"parent": "body",
					"pivot": [5, 22, 0],
					"cubes": [
						{
							"origin": [4, 12, -2],
							"size": [4, 12, 4],
							"uv": {
								"north": {"uv": [36, 0], "uv_size": [9, 24]},
								"east": {"uv": [27, 0], "uv_size": [9, 24]},
								"south": {"uv": [36, 0], "uv_size": [-9, 24]},
								"west": {"uv": [27, 0], "uv_size": [9, 24]},
								"up": {"uv": [35, 7], "uv_size": [-7, -7]},
								"down": {"uv": [18, 17], "uv_size": [-1, -1]}
							}
						}
					]
				},
				{
					"name": "leftItem",
					"parent": "leftArm",
					"pivot": [6, 15, 1]
				},
				{
					"name": "rightArm",
					"parent": "body",
					"pivot": [-5, 22, 0],
					"cubes": [
						{
							"origin": [-8, 12, -2],
							"size": [4, 12, 4],
							"uv": {
								"north": {"uv": [27, 0], "uv_size": [9, 24]},
								"east": {"uv": [36, 0], "uv_size": [-9, 24]},
								"south": {"uv": [45, 0], "uv_size": [-9, 24]},
								"west": {"uv": [36, 0], "uv_size": [9, 24]},
								"up": {"uv": [35, 5], "uv_size": [-7, -5]},
								"down": {"uv": [20, 18], "uv_size": [1, 0]}
							}
						}
					]
				},
				{
					"name": "rightItem",
					"parent": "rightArm",
					"pivot": [-6, 15, 1],
					"locators": {
						"lead_hold": [-6, 15, 1]
					}
				},
				{
					"name": "leftLeg",
					"parent": "root",
					"pivot": [1.9, 12, 0],
					"cubes": [
						{
							"origin": [-0.1, 0, -2],
							"size": [4, 12, 4],
							"uv": {
								"north": {"uv": [54, 0], "uv_size": [9, 24]},
								"east": {"uv": [45, 0], "uv_size": [9, 24]},
								"south": {"uv": [45, 0], "uv_size": [9, 24]},
								"west": {"uv": [45, 0], "uv_size": [9, 24]},
								"up": {"uv": [54, 0], "uv_size": [-9, 0]},
								"down": {"uv": [54, 24], "uv_size": [-9, -1]}
							}
						}
					]
				},
				{
					"name": "rightLeg",
					"parent": "root",
					"pivot": [-1.9, 12, 0],
					"cubes": [
						{
							"origin": [-3.9, 0, -2],
							"size": [4, 12, 4],
							"uv": {
								"north": {"uv": [45, 0], "uv_size": [9, 24]},
								"east": {"uv": [54, 0], "uv_size": [9, 24]},
								"south": {"uv": [54, 0], "uv_size": [9, 24]},
								"west": {"uv": [45, 0], "uv_size": [9, 24]},
								"up": {"uv": [54, 0], "uv_size": [-9, 0]},
								"down": {"uv": [54, 24], "uv_size": [-9, -1]}
							}
						}
					]
				}
			]
		}
	]
}
