{
	"format_version": "1.12.0",
	"minecraft:geometry": [
		{
			"description": {
				"identifier": "geometry.shinobu",
				"texture_width": 64,
				"texture_height": 64,
				"visible_bounds_width": 3,
				"visible_bounds_height": 3,
				"visible_bounds_offset": [0, 1.5, 0]
			},
			"bones": [
				{
					"name": "root",
					"pivot": [0, 0, 0]
				},
				{
					"name": "waist",
					"parent": "root",
					"pivot": [0, 12, 0]
				},
				{
					"name": "body",
					"parent": "waist",
					"pivot": [0, 24, 0],
					"cubes": [
						{
							"origin": [-4, 12, -2],
							"size": [8, 9, 4],
							"uv": {
								"north": {"uv": [0, 47], "uv_size": [17, 17]},
								"east": {"uv": [17, 47], "uv_size": [1, 17]},
								"south": {"uv": [19, 47], "uv_size": [13, 17]},
								"west": {"uv": [17, 47], "uv_size": [1, 17]},
								"up": {"uv": [1, 41], "uv_size": [15, -1]},
								"down": {"uv": [28, 20], "uv_size": [7, -4]}
							}
						},
						{
							"origin": [-4, 21, -2],
							"size": [8, 3, 4],
							"uv": {
								"north": {"uv": [0, 40], "uv_size": [17, 5.5]},
								"east": {"uv": [17, 40], "uv_size": [1, 5.5]},
								"south": {"uv": [19, 42], "uv_size": [13, 5]},
								"west": {"uv": [17, 40], "uv_size": [1, 5.5]},
								"up": {"uv": [1, 41], "uv_size": [15, -1]},
								"down": {"uv": [28, 20], "uv_size": [7, -4]}
							}
						},
						{
							"origin": [-3.9, 19.8, -3],
							"size": [7.8, 4.2, 3],
							"pivot": [0, 22.5, -1.5],
							"rotation": [-5, 0, 0],
							"uv": {
								"north": {"uv": [0, 40], "uv_size": [17, 7]},
								"east": {"uv": [17, 40], "uv_size": [1, 7]},
								"south": {"uv": [19, 42], "uv_size": [13, 5]},
								"west": {"uv": [17, 40], "uv_size": [1, 7]},
								"up": {"uv": [1, 41], "uv_size": [15, -1]},
								"down": {"uv": [28, 20], "uv_size": [7, -4]}
							}
						}
					]
				},
				{
					"name": "head",
					"parent": "body",
					"pivot": [0, 24, 0],
					"cubes": [
						{
							"origin": [-4, 24, -4],
							"size": [8, 8, 8],
							"uv": {
								"north": {"uv": [9, 0], "uv_size": [18, 19]},
								"east": {"uv": [0, 0], "uv_size": [9, 19]},
								"south": {"uv": [9, 19], "uv_size": [18, 19]},
								"west": {"uv": [0, 19], "uv_size": [9, 19]},
								"up": {"uv": [26, 30], "uv_size": [-16, -10]},
								"down": {"uv": [20, 17], "uv_size": [-4, 0]}
							}
						}
					]
				},
				{
					"name": "hat",
					"parent": "head",
					"pivot": [0, 24, 0],
					"cubes": [
						{
							"origin": [-4.33312, 24.06612, -3.7],
							"size": [8.3, 7.86776, 7.8],
							"inflate": 0.5,
							"uv": {
								"north": {"uv": [39, 32], "uv_size": [9, 8]},
								"east": {"uv": [55, 33], "uv_size": [-5, 3]},
								"south": {"uv": [64, 31], "uv_size": [-8, 8]},
								"west": {"uv": [50, 33], "uv_size": [5, 3]},
								"up": {"uv": [49, 48], "uv_size": [6, 3]},
								"down": {"uv": [63, 54], "uv_size": [-10, 7]}
							}
						}
					]
				},
				{
					"name": "cape",
					"parent": "body",
					"pivot": [0, 24, 3]
				},
				{
					"name": "leftArm",
					"parent": "body",
					"pivot": [5, 22, 0],
					"cubes": [
						{
							"origin": [4, 12, -2],
							"size": [4, 12, 4],
							"uv": {
								"north": {"uv": [35, 0], "uv_size": [-7, 24]},
								"east": {"uv": [28, 0], "uv_size": [7, 24]},
								"south": {"uv": [35, 0], "uv_size": [-7, 24]},
								"west": {"uv": [28, 0], "uv_size": [7, 24]},
								"up": {"uv": [35, 7], "uv_size": [-7, -7]},
								"down": {"uv": [18, 17], "uv_size": [-1, -1]}
							}
						}
					]
				},
				{
					"name": "leftItem",
					"parent": "leftArm",
					"pivot": [6, 15, 1]
				},
				{
					"name": "rightArm",
					"parent": "body",
					"pivot": [-5, 22, 0],
					"cubes": [
						{
							"origin": [-8, 12, -2],
							"size": [4, 12, 4],
							"uv": {
								"north": {"uv": [28, 0], "uv_size": [7, 24]},
								"east": {"uv": [35, 0], "uv_size": [-7, 24]},
								"south": {"uv": [28, 0], "uv_size": [7, 24]},
								"west": {"uv": [35, 0], "uv_size": [-7, 24]},
								"up": {"uv": [35, 5], "uv_size": [-7, -5]},
								"down": {"uv": [20, 18], "uv_size": [1, 0]}
							}
						}
					]
				},
				{
					"name": "rightItem",
					"parent": "rightArm",
					"pivot": [-6, 15, 1],
					"locators": {
						"lead_hold": [-6, 15, 1]
					}
				},
				{
					"name": "leftLeg",
					"parent": "root",
					"pivot": [1.9, 12, 0],
					"cubes": [
						{
							"origin": [-0.1, 0, -2],
							"size": [4, 12, 4],
							"uv": {
								"north": {"uv": [54, 0], "uv_size": [9, 24]},
								"east": {"uv": [45, 0], "uv_size": [9, 24]},
								"south": {"uv": [45, 0], "uv_size": [9, 24]},
								"west": {"uv": [45, 0], "uv_size": [9, 24]},
								"up": {"uv": [54, 1], "uv_size": [-9, -1]},
								"down": {"uv": [54, 24], "uv_size": [-9, 0]}
							}
						}
					]
				},
				{
					"name": "rightLeg",
					"parent": "root",
					"pivot": [-1.9, 12, 0],
					"cubes": [
						{
							"origin": [-3.9, 0, -2],
							"size": [4, 12, 4],
							"uv": {
								"north": {"uv": [54, 0], "uv_size": [9, 24]},
								"east": {"uv": [45, 0], "uv_size": [9, 24]},
								"south": {"uv": [45, 0], "uv_size": [9, 24]},
								"west": {"uv": [45, 0], "uv_size": [9, 24]},
								"up": {"uv": [54, 1], "uv_size": [-9, -1]},
								"down": {"uv": [54, 24], "uv_size": [-9, 0]}
							}
						}
					]
				}
			]
		}
	]
}