{
	"format_version": "1.12.0",
	"minecraft:geometry": [
		{
			"description": {
				"identifier": "geometry.slasher",
				"texture_width": 64,
				"texture_height": 64,
				"visible_bounds_width": 3,
				"visible_bounds_height": 3,
				"visible_bounds_offset": [0, 1.5, 0]
			},
			"bones": [
				{
					"name": "root",
					"pivot": [0, 0, 0]
				},
				{
					"name": "waist",
					"parent": "root",
					"pivot": [0, 12, 0]
				},
				{
					"name": "body",
					"parent": "waist",
					"pivot": [0, 24, 0],
					"cubes": [
						{
							"origin": [-4, 12, -2],
							"size": [8, 12, 4],
							"uv": {
								"north": {"uv": [0, 40], "uv_size": [17, 24]},
								"east": {"uv": [2, 40], "uv_size": [-2, 24]},
								"south": {"uv": [17, 40], "uv_size": [17, 24]},
								"west": {"uv": [0, 40], "uv_size": [2, 24]},
								"up": {"uv": [0, 47], "uv_size": [17, -7]},
								"down": {"uv": [22, 59], "uv_size": [8, -4]}
							}
						}
					]
				},
				{
					"name": "head",
					"parent": "body",
					"pivot": [0, 24, 0],
					"cubes": [
						{
							"origin": [-4, 24, -4],
							"size": [8, 8, 8],
							"uv": {
								"north": {"uv": [9, 0], "uv_size": [18, 19]},
								"east": {"uv": [0, 0], "uv_size": [9, 19]},
								"south": {"uv": [9, 19], "uv_size": [18, 19]},
								"west": {"uv": [9, 0], "uv_size": [-9, 19]},
								"up": {"uv": [27, 38], "uv_size": [-18, -11]},
								"down": {"uv": [27, 33], "uv_size": [-18, -6]}
							}
						}
					]
				},
				{
					"name": "cape",
					"parent": "body",
					"pivot": [0, 24, 3]
				},
				{
					"name": "rightArm",
					"parent": "body",
					"pivot": [-5, 22, 0],
					"cubes": [
						{
							"origin": [-8, 18, -2],
							"size": [4, 6, 4],
							"uv": {
								"north": {"uv": [27, 0], "uv_size": [9, 12]},
								"east": {"uv": [36, 0], "uv_size": [-9, 12]},
								"south": {"uv": [27, 0], "uv_size": [9, 12]},
								"west": {"uv": [36, 0], "uv_size": [-9, 12]},
								"up": {"uv": [36, 4], "uv_size": [-9, -4]},
								"down": {"uv": [40.25, 22], "uv_size": [0.25, -1]}
							}
						}
					]
				},
				{
					"name": "rightArm2",
					"parent": "rightArm",
					"pivot": [-5, 18, 2],
					"cubes": [
						{
							"origin": [-8, 12, -2],
							"size": [4, 6, 4],
							"uv": {
								"north": {"uv": [27, 12], "uv_size": [9, 12]},
								"east": {"uv": [36, 12], "uv_size": [-9, 12]},
								"south": {"uv": [27, 12], "uv_size": [9, 12]},
								"west": {"uv": [36, 12], "uv_size": [-9, 12]},
								"up": {"uv": [36, 4], "uv_size": [-9, -4]},
								"down": {"uv": [36, 24], "uv_size": [-9, -1]}
							}
						}
					]
				},
				{
					"name": "leftArm",
					"parent": "body",
					"pivot": [5, 22, 0],
					"cubes": [
						{
							"origin": [4, 18, -2],
							"size": [4, 6, 4],
							"uv": {
								"north": {"uv": [36, 0], "uv_size": [-9, 12]},
								"east": {"uv": [27, 0], "uv_size": [9, 12]},
								"south": {"uv": [36, 0], "uv_size": [-9, 12]},
								"west": {"uv": [27, 0], "uv_size": [9, 12]},
								"up": {"uv": [27, 4], "uv_size": [9, -4]},
								"down": {"uv": [40.5, 22], "uv_size": [-0.25, -1]}
							}
						}
					]
				},
				{
					"name": "leftArm2",
					"parent": "leftArm",
					"pivot": [5, 18, 2],
					"cubes": [
						{
							"origin": [4, 12, -2],
							"size": [4, 6, 4],
							"uv": {
								"north": {"uv": [36, 12], "uv_size": [-9, 12]},
								"east": {"uv": [27, 12], "uv_size": [9, 12]},
								"south": {"uv": [36, 12], "uv_size": [-9, 12]},
								"west": {"uv": [27, 12], "uv_size": [9, 12]},
								"up": {"uv": [27, 4], "uv_size": [9, -4]},
								"down": {"uv": [27, 24], "uv_size": [9, -1]}
							}
						}
					]
				},
				{
					"name": "rightLeg",
					"parent": "root",
					"pivot": [-1.9, 12, 0],
					"cubes": [
						{
							"origin": [-3.9, 6, -2],
							"size": [4, 6, 4],
							"uv": {
								"north": {"uv": [36, 0], "uv_size": [9, 12]},
								"east": {"uv": [45, 0], "uv_size": [-9, 12]},
								"south": {"uv": [36, 0], "uv_size": [9, 12]},
								"west": {"uv": [45, 0], "uv_size": [-9, 12]},
								"up": {"uv": [45, 4], "uv_size": [-9, -4]},
								"down": {"uv": [32.25, 23], "uv_size": [1.25, -0.25]}
							}
						}
					]
				},
				{
					"name": "rightLeg2",
					"parent": "rightLeg",
					"pivot": [-1.9, 6, -2],
					"cubes": [
						{
							"origin": [-3.9, 0, -2],
							"size": [4, 6, 4],
							"uv": {
								"north": {"uv": [36, 12], "uv_size": [9, 12]},
								"east": {"uv": [45, 12], "uv_size": [-9, 12]},
								"south": {"uv": [36, 12], "uv_size": [9, 12]},
								"west": {"uv": [45, 12], "uv_size": [-9, 12]},
								"up": {"uv": [36, 4], "uv_size": [-9, -4]},
								"down": {"uv": [45, 24], "uv_size": [-9, -1]}
							}
						}
					]
				},
				{
					"name": "leftLeg",
					"parent": "root",
					"pivot": [1.9, 12, 0],
					"cubes": [
						{
							"origin": [-0.1, 6, -2],
							"size": [4, 6, 4],
							"uv": {
								"north": {"uv": [45, 0], "uv_size": [-9, 12]},
								"east": {"uv": [36, 0], "uv_size": [9, 12]},
								"south": {"uv": [45, 0], "uv_size": [-9, 12]},
								"west": {"uv": [36, 0], "uv_size": [9, 12]},
								"up": {"uv": [36, 4], "uv_size": [9, -4]},
								"down": {"uv": [33.5, 23], "uv_size": [-1.25, -0.25]}
							}
						}
					]
				},
				{
					"name": "leftLeg2",
					"parent": "leftLeg",
					"pivot": [1.9, 6, -2],
					"cubes": [
						{
							"origin": [-0.1, 0, -2],
							"size": [4, 6, 4],
							"uv": {
								"north": {"uv": [45, 12], "uv_size": [-9, 12]},
								"east": {"uv": [36, 12], "uv_size": [9, 12]},
								"south": {"uv": [45, 12], "uv_size": [-9, 12]},
								"west": {"uv": [36, 12], "uv_size": [9, 12]},
								"up": {"uv": [27, 4], "uv_size": [9, -4]},
								"down": {"uv": [36, 24], "uv_size": [9, -1]}
							}
						}
					]
				}
			]
		}
	]
}