{
	"format_version": "1.12.0",
	"minecraft:geometry": [
		{
			"description": {
				"identifier": "geometry.susamaru2",
				"texture_width": 128,
				"texture_height": 128,
				"visible_bounds_width": 3,
				"visible_bounds_height": 3,
				"visible_bounds_offset": [0, 1.5, 0]
			},
			"bones": [
				{
					"name": "root",
					"pivot": [0, 0, 0]
				},
				{
					"name": "waist",
					"parent": "root",
					"pivot": [0, 12, 0]
				},
				{
					"name": "body",
					"parent": "waist",
					"pivot": [0, 24, 0],
					"cubes": [
						{
							"origin": [-4, 12, -2],
							"size": [8, 9, 4],
							"uv": {
								"north": {"uv": [0, 94.5], "uv_size": [34, 33]},
								"east": {"uv": [0, 94.5], "uv_size": [18, 33.5]},
								"south": {"uv": [0, 94.5], "uv_size": [34, 33.5]},
								"west": {"uv": [18, 94.5], "uv_size": [16, 33.5]},
								"up": {"uv": [0, 82], "uv_size": [34, -2]},
								"down": {"uv": [62, 41], "uv_size": [4, 3]}
							}
						},
						{
							"origin": [-4, 21, -2],
							"size": [8, 3, 4],
							"uv": {
								"north": {"uv": [0, 80], "uv_size": [34, 14.5]},
								"east": {"uv": [0, 80], "uv_size": [18, 14.5]},
								"south": {"uv": [0, 80], "uv_size": [34, 14.5]},
								"west": {"uv": [18, 80], "uv_size": [16, 14.5]},
								"up": {"uv": [0, 84.5], "uv_size": [34, -2.5]},
								"down": {"uv": [62, 41], "uv_size": [4, 3]}
							}
						},
						{
							"origin": [-3.9, 20.8, -3],
							"size": [7.8, 3.2, 4],
							"pivot": [0, 22.5, -1],
							"rotation": [-10, 0, 0],
							"uv": {
								"north": {"uv": [0, 80], "uv_size": [34, 14.5]},
								"east": {"uv": [0, 80], "uv_size": [18, 14.5]},
								"south": {"uv": [0, 80], "uv_size": [34, 14.5]},
								"west": {"uv": [18, 80], "uv_size": [16, 14.5]},
								"up": {"uv": [0, 82.5], "uv_size": [34, -2.5]},
								"down": {"uv": [0, 85], "uv_size": [34, 16.5]}
							}
						}
					]
				},
				{
					"name": "head",
					"parent": "body",
					"pivot": [0, 24, 0],
					"cubes": [
						{
							"origin": [-4, 24, -4],
							"size": [8, 8, 8],
							"uv": {
								"north": {"uv": [18.5, 0], "uv_size": [34.5, 38]},
								"east": {"uv": [0, 0], "uv_size": [18, 38]},
								"south": {"uv": [18, 40], "uv_size": [34, 35.5]},
								"west": {"uv": [18, 0], "uv_size": [-18, 38]},
								"up": {"uv": [49, 64], "uv_size": [-28, -22]},
								"down": {"uv": [38, 22], "uv_size": [-4, -2]}
							}
						}
					]
				},
				{
					"name": "hat",
					"parent": "head",
					"pivot": [0, 24, 0],
					"cubes": [
						{
							"origin": [-3.6472, 24.3328, -3.6472],
							"size": [7.2944, 7.3344, 7.2944],
							"inflate": 0.5,
							"uv": {
								"north": {"uv": [77, 118], "uv_size": [7, 7]},
								"east": {"uv": [64, 64], "uv_size": [8, 8]},
								"south": {"uv": [112, 64], "uv_size": [8, 8]},
								"west": {"uv": [96, 64], "uv_size": [8, 8]},
								"up": {"uv": [80, 56], "uv_size": [8, 8]},
								"down": {"uv": [80.5, 101], "uv_size": [8, -8]}
							}
						}
					]
				},
				{
					"name": "cape",
					"parent": "body",
					"pivot": [0, 24, 3]
				},
				{
					"name": "leftArm",
					"parent": "body",
					"pivot": [3, 22, 0],
					"rotation": [0, 0, -12.5],
					"cubes": [
						{
							"origin": [1.94316, 11.87377, -2.04],
							"size": [4.08, 12.24, 4.08],
							"uv": {
								"north": {"uv": [108, 0], "uv_size": [-18, 48]},
								"east": {"uv": [108, 0], "uv_size": [-18, 48]},
								"south": {"uv": [108, 0], "uv_size": [-18, 48]},
								"west": {"uv": [108, 0], "uv_size": [-18, 48]},
								"up": {"uv": [90, 41], "uv_size": [18, -41]},
								"down": {"uv": [90, 48], "uv_size": [18, -6]}
							}
						}
					]
				},
				{
					"name": "leftArm3",
					"parent": "leftArm",
					"pivot": [5, 22, 0],
					"rotation": [4.85239, 0.13619, -94.71056],
					"cubes": [
						{
							"origin": [3.9022, 11.77351, -2.04672],
							"size": [4.08, 12.24, 4.08],
							"uv": {
								"north": {"uv": [108, 0], "uv_size": [-18, 48]},
								"east": {"uv": [108, 0], "uv_size": [-18, 48]},
								"south": {"uv": [108, 0], "uv_size": [-18, 48]},
								"west": {"uv": [108, 0], "uv_size": [-18, 48]},
								"up": {"uv": [90, 41], "uv_size": [18, -41]},
								"down": {"uv": [90, 48], "uv_size": [18, -6]}
							}
						}
					]
				},
				{
					"name": "leftArm2",
					"parent": "leftArm",
					"pivot": [5, 21, 0],
					"rotation": [8.67343, -3.17551, -52.31819],
					"cubes": [
						{
							"origin": [4, 11, -2],
							"size": [4, 12, 4],
							"uv": {
								"north": {"uv": [108, 0], "uv_size": [-18, 48]},
								"east": {"uv": [108, 0], "uv_size": [-18, 48]},
								"south": {"uv": [108, 0], "uv_size": [-18, 48]},
								"west": {"uv": [108, 0], "uv_size": [-18, 48]},
								"up": {"uv": [90, 41], "uv_size": [18, -41]},
								"down": {"uv": [90, 48], "uv_size": [18, -6]}
							}
						}
					]
				},
				{
					"name": "rightArm",
					"parent": "body",
					"pivot": [-3, 22, 0],
					"rotation": [0, 0, 12.5],
					"cubes": [
						{
							"origin": [-6.02316, 11.87377, -2.04],
							"size": [4.08, 12.24, 4.08],
							"uv": {
								"north": {"uv": [90, 0], "uv_size": [18, 48]},
								"east": {"uv": [90, 0], "uv_size": [18, 48]},
								"south": {"uv": [90, 0], "uv_size": [18, 48]},
								"west": {"uv": [90, 0], "uv_size": [18, 48]},
								"up": {"uv": [108, 41], "uv_size": [-18, -41]},
								"down": {"uv": [108, 48], "uv_size": [-18, -6]}
							}
						}
					]
				},
				{
					"name": "rightArm3",
					"parent": "rightArm",
					"pivot": [-5, 22, 0],
					"rotation": [4.85239, -0.13619, 94.71056],
					"cubes": [
						{
							"origin": [-7.9822, 11.77351, -2.04672],
							"size": [4.08, 12.24, 4.08],
							"uv": {
								"north": {"uv": [90, 0], "uv_size": [18, 48]},
								"east": {"uv": [90, 0], "uv_size": [18, 48]},
								"south": {"uv": [90, 0], "uv_size": [18, 48]},
								"west": {"uv": [90, 0], "uv_size": [18, 48]},
								"up": {"uv": [108, 41], "uv_size": [-18, -41]},
								"down": {"uv": [108, 48], "uv_size": [-18, -6]}
							}
						}
					]
				},
				{
					"name": "rightArm2",
					"parent": "rightArm",
					"pivot": [-5, 21, 0],
					"rotation": [8.67343, 3.17551, 52.31819],
					"cubes": [
						{
							"origin": [-8, 11, -2],
							"size": [4, 12, 4],
							"uv": {
								"north": {"uv": [90, 0], "uv_size": [18, 48]},
								"east": {"uv": [90, 0], "uv_size": [18, 48]},
								"south": {"uv": [90, 0], "uv_size": [18, 48]},
								"west": {"uv": [90, 0], "uv_size": [18, 48]},
								"up": {"uv": [108, 41], "uv_size": [-18, -41]},
								"down": {"uv": [108, 48], "uv_size": [-18, -6]}
							}
						}
					]
				},
				{
					"name": "leftLeg",
					"parent": "root",
					"pivot": [1.9, 12, 0],
					"cubes": [
						{
							"origin": [-0.1, 0, -2],
							"size": [4, 12, 4],
							"uv": {
								"north": {"uv": [72, 0], "uv_size": [-18, 48]},
								"east": {"uv": [54, 0], "uv_size": [18, 48]},
								"south": {"uv": [72, 0], "uv_size": [-18, 48]},
								"west": {"uv": [54, 0], "uv_size": [18, 48]},
								"up": {"uv": [72, 11], "uv_size": [-18, -11]},
								"down": {"uv": [72, 48], "uv_size": [-18, -3]}
							}
						}
					]
				},
				{
					"name": "rightLeg",
					"parent": "root",
					"pivot": [-1.9, 12, 0],
					"cubes": [
						{
							"origin": [-3.9, 0, -2],
							"size": [4, 12, 4],
							"uv": {
								"north": {"uv": [54, 0], "uv_size": [18, 48]},
								"east": {"uv": [54, 0], "uv_size": [18, 48]},
								"south": {"uv": [54, 0], "uv_size": [18, 48]},
								"west": {"uv": [54, 0], "uv_size": [18, 48]},
								"up": {"uv": [72, 15], "uv_size": [-18, -15]},
								"down": {"uv": [72, 48], "uv_size": [-18, -3]}
							}
						}
					]
				}
			]
		}
	]
}