{
	"format_version": "1.12.0",
	"minecraft:geometry": [
		{
			"description": {
				"identifier": "geometry.uzui",
				"texture_width": 64,
				"texture_height": 64,
				"visible_bounds_width": 3,
				"visible_bounds_height": 3,
				"visible_bounds_offset": [0, 1.5, 0]
			},
			"bones": [
				{
					"name": "root",
					"pivot": [0, 0, 0]
				},
				{
					"name": "waist",
					"parent": "root",
					"pivot": [0, 12, 0]
				},
				{
					"name": "body",
					"parent": "waist",
					"pivot": [0, 24, 0],
					"cubes": [
						{
							"origin": [-4, 12, -2],
							"size": [8, 12, 4],
							"uv": {
								"north": {"uv": [0, 40], "uv_size": [17, 24]},
								"east": {"uv": [3, 40], "uv_size": [-3, 24]},
								"south": {"uv": [17, 40], "uv_size": [17, 24]},
								"west": {"uv": [0, 40], "uv_size": [3, 24]},
								"up": {"uv": [0, 42], "uv_size": [17, -1]},
								"down": {"uv": [21, 63], "uv_size": [6, 1]}
							}
						}
					]
				},
				{
					"name": "head",
					"parent": "body",
					"pivot": [0, 24, 0],
					"cubes": [
						{
							"origin": [-4, 24, -4],
							"size": [8, 8, 8],
							"uv": {
								"north": {"uv": [9, 0], "uv_size": [18, 19]},
								"east": {"uv": [0, 0], "uv_size": [9, 19]},
								"south": {"uv": [9, 19], "uv_size": [18, 19]},
								"west": {"uv": [0, 19], "uv_size": [9, 19]},
								"up": {"uv": [26, 37], "uv_size": [-16, -17]},
								"down": {"uv": [13, 18], "uv_size": [3, -1]}
							}
						},
						{
							"origin": [-4, 32.2, -4],
							"size": [8, 0, 8],
							"uv": {
								"north": {"uv": [37, 63], "uv_size": [16, 1]},
								"east": {"uv": [37, 63], "uv_size": [16, 1]},
								"south": {"uv": [37, 63], "uv_size": [16, 1]},
								"west": {"uv": [37, 63], "uv_size": [16, 1]},
								"up": {"uv": [59, 32], "uv_size": [-4, -5]},
								"down": {"uv": [53, 64], "uv_size": [-16, -1]}
							}
						}
					]
				},
				{
					"name": "hat",
					"parent": "head",
					"pivot": [0, 24, 0],
					"cubes": [
						{
							"origin": [-3.82, 24.18, -3.82],
							"size": [0, 7.64, 7.64],
							"inflate": 0.5,
							"uv": {
								"north": {"uv": [42, 53], "uv_size": [7, 8]},
								"east": {"uv": [29, 27], "uv_size": [8, 8]},
								"south": {"uv": [42, 53], "uv_size": [7, 8]},
								"west": {"uv": [42, 53], "uv_size": [7, 8]},
								"up": {"uv": [49, 61], "uv_size": [-7, -8]},
								"down": {"uv": [49, 61], "uv_size": [-7, -8]}
							}
						},
						{
							"origin": [3.6, 24.18, -3.82],
							"size": [0, 7.64, 7.64],
							"inflate": 0.5,
							"uv": {
								"north": {"uv": [39, 56], "uv_size": [7, 8]},
								"east": {"uv": [38, 56], "uv_size": [7, 8]},
								"south": {"uv": [39, 56], "uv_size": [7, 8]},
								"west": {"uv": [45, 27], "uv_size": [8, 8]},
								"up": {"uv": [45, 64], "uv_size": [-7, -8]},
								"down": {"uv": [43, 64], "uv_size": [-7, -8]}
							}
						},
						{
							"origin": [-3.5, 23.18, -3.6],
							"size": [7.5, 9.64, 0],
							"inflate": 0.5,
							"uv": {
								"north": {"uv": [37, 26], "uv_size": [8, 9]},
								"east": {"uv": [40, 57], "uv_size": [10, 7]},
								"south": {"uv": [40, 57], "uv_size": [10, 7]},
								"west": {"uv": [41, 57], "uv_size": [10, 7]},
								"up": {"uv": [48, 64], "uv_size": [-10, -7]},
								"down": {"uv": [46, 64], "uv_size": [-6, -7]}
							}
						},
						{
							"origin": [-3.82, 22.5, 3.6],
							"size": [8, 10.64, 0],
							"inflate": 0.5,
							"uv": {
								"north": {"uv": [41, 55], "uv_size": [10, 9]},
								"east": {"uv": [40, 57], "uv_size": [10, 7]},
								"south": {"uv": [54, 27], "uv_size": [6, 8]},
								"west": {"uv": [41, 57], "uv_size": [10, 7]},
								"up": {"uv": [48, 64], "uv_size": [-10, -7]},
								"down": {"uv": [46, 64], "uv_size": [-6, -7]}
							}
						}
					]
				},
				{
					"name": "cape",
					"parent": "body",
					"pivot": [0, 24, 3]
				},
				{
					"name": "leftArm",
					"parent": "body",
					"pivot": [5, 22, 0],
					"cubes": [
						{
							"origin": [4, 12, -2],
							"size": [4, 12, 4],
							"uv": {
								"north": {"uv": [45, 0], "uv_size": [9, 24]},
								"east": {"uv": [45, 0], "uv_size": [9, 24]},
								"south": {"uv": [45, 0], "uv_size": [9, 24]},
								"west": {"uv": [45, 0], "uv_size": [9, 24]},
								"up": {"uv": [54, 24], "uv_size": [-9, -24]},
								"down": {"uv": [54, 24], "uv_size": [-9, -24]}
							}
						},
						{
							"origin": [3.8, 18.85, -2.2],
							"size": [4.4, 3.3, 4.4],
							"uv": {
								"north": {"uv": [55, 5], "uv_size": [9, 7]},
								"east": {"uv": [55, 5], "uv_size": [9, 7]},
								"south": {"uv": [55, 5], "uv_size": [9, 7]},
								"west": {"uv": [55, 5], "uv_size": [9, 7]},
								"up": {"uv": [64, 64], "uv_size": [-9, -7]},
								"down": {"uv": [64, 64], "uv_size": [-9, -7]}
							}
						},
						{
							"origin": [3.8, 13.85, -2.2],
							"size": [4.4, 2.3, 4.4],
							"uv": {
								"north": {"uv": [55, 3], "uv_size": [9, 11]},
								"east": {"uv": [55, 3], "uv_size": [9, 11]},
								"south": {"uv": [55, 3], "uv_size": [9, 11]},
								"west": {"uv": [55, 3], "uv_size": [9, 11]},
								"up": {"uv": [64, 64], "uv_size": [-9, -11]},
								"down": {"uv": [64, 64], "uv_size": [-9, -11]}
							}
						},
						{
							"origin": [3.8, 11.85, -2.2],
							"size": [4.4, 2.4, 4.4],
							"uv": {
								"north": {"uv": [57, 14], "uv_size": [5, 10]},
								"east": {"uv": [55, 54], "uv_size": [9, 10]},
								"south": {"uv": [55, 54], "uv_size": [9, 10]},
								"west": {"uv": [55, 54], "uv_size": [9, 10]},
								"up": {"uv": [64, 64], "uv_size": [-9, -10]},
								"down": {"uv": [64, 64], "uv_size": [-9, -10]}
							}
						}
					]
				},
				{
					"name": "leftItem",
					"parent": "leftArm",
					"pivot": [6, 15, 1]
				},
				{
					"name": "rightArm",
					"parent": "body",
					"pivot": [-5, 22, 0],
					"cubes": [
						{
							"origin": [-8, 12, -2],
							"size": [4, 12, 4],
							"uv": {
								"north": {"uv": [45, 0], "uv_size": [9, 24]},
								"east": {"uv": [45, 0], "uv_size": [9, 24]},
								"south": {"uv": [45, 0], "uv_size": [9, 24]},
								"west": {"uv": [45, 0], "uv_size": [9, 24]},
								"up": {"uv": [54, 24], "uv_size": [-9, -24]},
								"down": {"uv": [54, 24], "uv_size": [-9, -24]}
							}
						},
						{
							"origin": [-8.2, 18.85, -2.2],
							"size": [4.4, 3.3, 4.4],
							"uv": {
								"north": {"uv": [64, 5], "uv_size": [-9, 7]},
								"east": {"uv": [64, 5], "uv_size": [-9, 7]},
								"south": {"uv": [64, 5], "uv_size": [-9, 7]},
								"west": {"uv": [64, 5], "uv_size": [-9, 7]},
								"up": {"uv": [55, 64], "uv_size": [9, -7]},
								"down": {"uv": [55, 64], "uv_size": [9, -7]}
							}
						},
						{
							"origin": [-8.2, 13.85, -2.2],
							"size": [4.4, 2.3, 4.4],
							"uv": {
								"north": {"uv": [64, 3], "uv_size": [-9, 11]},
								"east": {"uv": [64, 3], "uv_size": [-9, 11]},
								"south": {"uv": [64, 3], "uv_size": [-9, 11]},
								"west": {"uv": [64, 3], "uv_size": [-9, 11]},
								"up": {"uv": [55, 64], "uv_size": [9, -11]},
								"down": {"uv": [55, 64], "uv_size": [9, -11]}
							}
						},
						{
							"origin": [-8.2, 11.85, -2.2],
							"size": [4.4, 2.4, 4.4],
							"uv": {
								"north": {"uv": [62, 14], "uv_size": [-5, 10]},
								"east": {"uv": [64, 54], "uv_size": [-9, 10]},
								"south": {"uv": [64, 54], "uv_size": [-9, 10]},
								"west": {"uv": [64, 54], "uv_size": [-9, 10]},
								"up": {"uv": [55, 64], "uv_size": [9, -10]},
								"down": {"uv": [55, 64], "uv_size": [9, -10]}
							}
						}
					]
				},
				{
					"name": "rightItem",
					"parent": "rightArm",
					"pivot": [-6, 15, 1],
					"locators": {
						"lead_hold": [-6, 15, 1]
					}
				},
				{
					"name": "leftLeg",
					"parent": "root",
					"pivot": [1.9, 12, 0],
					"cubes": [
						{
							"origin": [-0.1, 0, -2],
							"size": [4, 12, 4],
							"uv": {
								"north": {"uv": [36, 0], "uv_size": [-8, 24]},
								"east": {"uv": [28, 0], "uv_size": [2, 24]},
								"south": {"uv": [28, 0], "uv_size": [8, 24]},
								"west": {"uv": [28, 0], "uv_size": [2, 24]},
								"up": {"uv": [36, 11], "uv_size": [-9, -11]},
								"down": {"uv": [36, 24], "uv_size": [-9, -3]}
							}
						}
					]
				},
				{
					"name": "Sd2",
					"parent": "leftLeg",
					"pivot": [1.9, 12, 0],
					"cubes": [
						{
							"origin": [2.7, 0.95, -2.05],
							"size": [1.4, 0.5, 1.1],
							"uv": {
								"north": {"uv": [15, 15], "uv_size": [0, 0]},
								"east": {"uv": [15, 15], "uv_size": [0, 0]},
								"south": {"uv": [15, 15], "uv_size": [0, 0]},
								"west": {"uv": [15, 15], "uv_size": [0, 0]},
								"up": {"uv": [15, 15], "uv_size": [0, 0]},
								"down": {"uv": [15, 15], "uv_size": [0, 0]}
							}
						},
						{
							"origin": [-0.3, 0.95, -2.05],
							"size": [1.4, 0.5, 1.1],
							"uv": {
								"north": {"uv": [15, 15], "uv_size": [0, 0]},
								"east": {"uv": [15, 15], "uv_size": [0, 0]},
								"south": {"uv": [15, 15], "uv_size": [0, 0]},
								"west": {"uv": [15, 15], "uv_size": [0, 0]},
								"up": {"uv": [15, 15], "uv_size": [0, 0]},
								"down": {"uv": [15, 15], "uv_size": [0, 0]}
							}
						},
						{
							"origin": [-0.3, -0.05, -2.2],
							"size": [4.4, 1.1, 4.4],
							"uv": {
								"north": {"uv": [15, 15], "uv_size": [0, 0]},
								"east": {"uv": [15, 15], "uv_size": [0, 0]},
								"south": {"uv": [15, 15], "uv_size": [0, 0]},
								"west": {"uv": [15, 15], "uv_size": [0, 0]},
								"up": {"uv": [15, 15], "uv_size": [0, 0]},
								"down": {"uv": [15, 15], "uv_size": [0, 0]}
							}
						},
						{
							"origin": [0.7, 0.95, -2.2],
							"size": [2.4, 0.6, 4.4],
							"uv": {
								"north": {"uv": [15, 15], "uv_size": [0, 0]},
								"east": {"uv": [15, 15], "uv_size": [0, 0]},
								"south": {"uv": [15, 15], "uv_size": [0, 0]},
								"west": {"uv": [15, 15], "uv_size": [0, 0]},
								"up": {"uv": [15, 15], "uv_size": [0, 0]},
								"down": {"uv": [15, 15], "uv_size": [0, 0]}
							}
						},
						{
							"origin": [3.04142, 0.82574, -2.2],
							"size": [0.4, 0.7, 4.4],
							"pivot": [3.24142, 1.12574, 0],
							"rotation": [0, 0, -45],
							"uv": {
								"north": {"uv": [15, 15], "uv_size": [0, 0]},
								"east": {"uv": [15, 15], "uv_size": [0, 0]},
								"south": {"uv": [15, 15], "uv_size": [0, 0]},
								"west": {"uv": [15, 15], "uv_size": [0, 0]},
								"up": {"uv": [15, 15], "uv_size": [0, 0]},
								"down": {"uv": [15, 15], "uv_size": [0, 0]}
							}
						},
						{
							"origin": [0.35858, 0.82574, -2.2],
							"size": [0.4, 0.7, 4.4],
							"pivot": [0.55858, 1.12574, 0],
							"rotation": [0, 0, 45],
							"uv": {
								"north": {"uv": [15, 15], "uv_size": [0, 0]},
								"east": {"uv": [15, 15], "uv_size": [0, 0]},
								"south": {"uv": [15, 15], "uv_size": [0, 0]},
								"west": {"uv": [15, 15], "uv_size": [0, 0]},
								"up": {"uv": [15, 15], "uv_size": [0, 0]},
								"down": {"uv": [15, 15], "uv_size": [0, 0]}
							}
						}
					]
				},
				{
					"name": "rightLeg",
					"parent": "root",
					"pivot": [-1.9, 12, 0],
					"cubes": [
						{
							"origin": [-3.9, 0, -2],
							"size": [4, 12, 4],
							"uv": {
								"north": {"uv": [28, 0], "uv_size": [8, 24]},
								"east": {"uv": [28, 0], "uv_size": [2, 24]},
								"south": {"uv": [36, 0], "uv_size": [-8, 24]},
								"west": {"uv": [28, 0], "uv_size": [2, 24]},
								"up": {"uv": [27, 11], "uv_size": [9, -11]},
								"down": {"uv": [36, 24], "uv_size": [-9, -3]}
							}
						}
					]
				},
				{
					"name": "Sd",
					"parent": "rightLeg",
					"pivot": [-1.9, 12, 0],
					"cubes": [
						{
							"origin": [-4.1, 0.95, -2.05],
							"size": [1.4, 0.5, 1.1],
							"uv": {
								"north": {"uv": [15, 15], "uv_size": [0, 0]},
								"east": {"uv": [15, 15], "uv_size": [0, 0]},
								"south": {"uv": [15, 15], "uv_size": [0, 0]},
								"west": {"uv": [15, 15], "uv_size": [0, 0]},
								"up": {"uv": [15, 15], "uv_size": [0, 0]},
								"down": {"uv": [15, 15], "uv_size": [0, 0]}
							}
						},
						{
							"origin": [-1.1, 0.95, -2.05],
							"size": [1.4, 0.5, 1.1],
							"uv": {
								"north": {"uv": [15, 15], "uv_size": [0, 0]},
								"east": {"uv": [15, 15], "uv_size": [0, 0]},
								"south": {"uv": [15, 15], "uv_size": [0, 0]},
								"west": {"uv": [15, 15], "uv_size": [0, 0]},
								"up": {"uv": [15, 15], "uv_size": [0, 0]},
								"down": {"uv": [15, 15], "uv_size": [0, 0]}
							}
						},
						{
							"origin": [-4.1, -0.05, -2.2],
							"size": [4.4, 1.1, 4.4],
							"uv": {
								"north": {"uv": [15, 15], "uv_size": [0, 0]},
								"east": {"uv": [15, 15], "uv_size": [0, 0]},
								"south": {"uv": [15, 15], "uv_size": [0, 0]},
								"west": {"uv": [15, 15], "uv_size": [0, 0]},
								"up": {"uv": [15, 15], "uv_size": [0, 0]},
								"down": {"uv": [15, 15], "uv_size": [0, 0]}
							}
						},
						{
							"origin": [-3.1, 0.95, -2.2],
							"size": [2.4, 0.6, 4.4],
							"uv": {
								"north": {"uv": [15, 15], "uv_size": [0, 0]},
								"east": {"uv": [15, 15], "uv_size": [0, 0]},
								"south": {"uv": [15, 15], "uv_size": [0, 0]},
								"west": {"uv": [15, 15], "uv_size": [0, 0]},
								"up": {"uv": [15, 15], "uv_size": [0, 0]},
								"down": {"uv": [15, 15], "uv_size": [0, 0]}
							}
						},
						{
							"origin": [-3.44142, 0.82574, -2.2],
							"size": [0.4, 0.7, 4.4],
							"pivot": [-3.24142, 1.12574, 0],
							"rotation": [0, 0, 45],
							"uv": {
								"north": {"uv": [15, 15], "uv_size": [0, 0]},
								"east": {"uv": [15, 15], "uv_size": [0, 0]},
								"south": {"uv": [15, 15], "uv_size": [0, 0]},
								"west": {"uv": [15, 15], "uv_size": [0, 0]},
								"up": {"uv": [15, 15], "uv_size": [0, 0]},
								"down": {"uv": [15, 15], "uv_size": [0, 0]}
							}
						},
						{
							"origin": [-0.75858, 0.82574, -2.2],
							"size": [0.4, 0.7, 4.4],
							"pivot": [-0.55858, 1.12574, 0],
							"rotation": [0, 0, -45],
							"uv": {
								"north": {"uv": [15, 15], "uv_size": [0, 0]},
								"east": {"uv": [15, 15], "uv_size": [0, 0]},
								"south": {"uv": [15, 15], "uv_size": [0, 0]},
								"west": {"uv": [15, 15], "uv_size": [0, 0]},
								"up": {"uv": [15, 15], "uv_size": [0, 0]},
								"down": {"uv": [15, 15], "uv_size": [0, 0]}
							}
						}
					]
				}
			]
		}
	]
}