{
	"format_version": "1.12.0",
	"minecraft:geometry": [
		{
			"description": {
				"identifier": "geometry.yahaba",
				"texture_width": 128,
				"texture_height": 128,
				"visible_bounds_width": 3,
				"visible_bounds_height": 3,
				"visible_bounds_offset": [0, 1.5, 0]
			},
			"bones": [
				{
					"name": "root",
					"pivot": [0, 0, 0]
				},
				{
					"name": "waist",
					"parent": "root",
					"pivot": [0, 12, 0]
				},
				{
					"name": "body",
					"parent": "waist",
					"pivot": [0, 24, 0],
					"cubes": [
						{
							"origin": [-4, 12, -2],
							"size": [8, 12, 4],
							"uv": {
								"north": {"uv": [0, 80], "uv_size": [34, 48]},
								"east": {"uv": [34, 80], "uv_size": [18, 48]},
								"south": {"uv": [34, 80], "uv_size": [34, 48]},
								"west": {"uv": [52, 80], "uv_size": [16, 48]},
								"up": {"uv": [0, 82], "uv_size": [34, -2]},
								"down": {"uv": [32, 36], "uv_size": [8, -2]}
							}
						},
						{
							"origin": [-3, 23, -3],
							"size": [1, 0.5, 1],
							"uv": {
								"north": {"uv": [113, 106], "uv_size": [12, 11]},
								"east": {"uv": [113, 106], "uv_size": [12, 11]},
								"south": {"uv": [113, 106], "uv_size": [12, 11]},
								"west": {"uv": [113, 106], "uv_size": [12, 11]},
								"up": {"uv": [125, 117], "uv_size": [-12, -11]},
								"down": {"uv": [125, 117], "uv_size": [-12, -11]}
							}
						},
						{
							"origin": [-3, 22, -3],
							"size": [1, 1, 1],
							"uv": {
								"north": {"uv": [113, 106], "uv_size": [12, 11]},
								"east": {"uv": [113, 106], "uv_size": [12, 11]},
								"south": {"uv": [113, 106], "uv_size": [12, 11]},
								"west": {"uv": [113, 106], "uv_size": [12, 11]},
								"up": {"uv": [125, 117], "uv_size": [-12, -11]},
								"down": {"uv": [125, 117], "uv_size": [-12, -11]}
							}
						},
						{
							"origin": [2, 22, -3],
							"size": [1, 1, 1],
							"uv": {
								"north": {"uv": [125, 106], "uv_size": [-12, 11]},
								"east": {"uv": [125, 106], "uv_size": [-12, 11]},
								"south": {"uv": [125, 106], "uv_size": [-12, 11]},
								"west": {"uv": [125, 106], "uv_size": [-12, 11]},
								"up": {"uv": [113, 117], "uv_size": [12, -11]},
								"down": {"uv": [113, 117], "uv_size": [12, -11]}
							}
						},
						{
							"origin": [2, 23, -3],
							"size": [1, 0.5, 1],
							"uv": {
								"north": {"uv": [125, 106], "uv_size": [-12, 11]},
								"east": {"uv": [125, 106], "uv_size": [-12, 11]},
								"south": {"uv": [125, 106], "uv_size": [-12, 11]},
								"west": {"uv": [125, 106], "uv_size": [-12, 11]},
								"up": {"uv": [113, 117], "uv_size": [12, -11]},
								"down": {"uv": [113, 117], "uv_size": [12, -11]}
							}
						},
						{
							"origin": [3, 23, -3],
							"size": [1, 1, 1],
							"uv": {
								"north": {"uv": [125, 106], "uv_size": [-12, 11]},
								"east": {"uv": [125, 106], "uv_size": [-12, 11]},
								"south": {"uv": [125, 106], "uv_size": [-12, 11]},
								"west": {"uv": [125, 106], "uv_size": [-12, 11]},
								"up": {"uv": [113, 117], "uv_size": [12, -11]},
								"down": {"uv": [113, 117], "uv_size": [12, -11]}
							}
						},
						{
							"origin": [-4, 23, -3],
							"size": [1, 1, 1],
							"uv": {
								"north": {"uv": [113, 106], "uv_size": [12, 11]},
								"east": {"uv": [113, 106], "uv_size": [12, 11]},
								"south": {"uv": [113, 106], "uv_size": [12, 11]},
								"west": {"uv": [113, 106], "uv_size": [12, 11]},
								"up": {"uv": [125, 117], "uv_size": [-12, -11]},
								"down": {"uv": [125, 117], "uv_size": [-12, -11]}
							}
						},
						{
							"origin": [-1, 20.8, -3],
							"size": [1, 1, 1],
							"uv": {
								"north": {"uv": [113, 106], "uv_size": [12, 11]},
								"east": {"uv": [113, 106], "uv_size": [12, 11]},
								"south": {"uv": [113, 106], "uv_size": [12, 11]},
								"west": {"uv": [113, 106], "uv_size": [12, 11]},
								"up": {"uv": [125, 117], "uv_size": [-12, -11]},
								"down": {"uv": [125, 117], "uv_size": [-12, -11]}
							}
						},
						{
							"origin": [0, 20.8, -3],
							"size": [1, 1, 1],
							"uv": {
								"north": {"uv": [125, 106], "uv_size": [-12, 11]},
								"east": {"uv": [125, 106], "uv_size": [-12, 11]},
								"south": {"uv": [125, 106], "uv_size": [-12, 11]},
								"west": {"uv": [125, 106], "uv_size": [-12, 11]},
								"up": {"uv": [113, 117], "uv_size": [12, -11]},
								"down": {"uv": [113, 117], "uv_size": [12, -11]}
							}
						},
						{
							"origin": [1, 21.5, -3],
							"size": [1, 1, 1],
							"uv": {
								"north": {"uv": [125, 106], "uv_size": [-12, 11]},
								"east": {"uv": [125, 106], "uv_size": [-12, 11]},
								"south": {"uv": [125, 106], "uv_size": [-12, 11]},
								"west": {"uv": [125, 106], "uv_size": [-12, 11]},
								"up": {"uv": [113, 117], "uv_size": [12, -11]},
								"down": {"uv": [113, 117], "uv_size": [12, -11]}
							}
						},
						{
							"origin": [-2, 21.5, -3],
							"size": [1, 1, 1],
							"uv": {
								"north": {"uv": [113, 106], "uv_size": [12, 11]},
								"east": {"uv": [113, 106], "uv_size": [12, 11]},
								"south": {"uv": [113, 106], "uv_size": [12, 11]},
								"west": {"uv": [113, 106], "uv_size": [12, 11]},
								"up": {"uv": [125, 117], "uv_size": [-12, -11]},
								"down": {"uv": [125, 117], "uv_size": [-12, -11]}
							}
						},
						{
							"origin": [2.01, 21.51, -2.99],
							"size": [0.98, 0.98, 0.98],
							"uv": {
								"north": {"uv": [125, 106], "uv_size": [-12, 11]},
								"east": {"uv": [125, 106], "uv_size": [-12, 11]},
								"south": {"uv": [125, 106], "uv_size": [-12, 11]},
								"west": {"uv": [125, 106], "uv_size": [-12, 11]},
								"up": {"uv": [113, 117], "uv_size": [12, -11]},
								"down": {"uv": [113, 117], "uv_size": [12, -11]}
							}
						},
						{
							"origin": [-2.99, 21.51, -2.99],
							"size": [0.98, 0.98, 0.98],
							"uv": {
								"north": {"uv": [113, 106], "uv_size": [12, 11]},
								"east": {"uv": [113, 106], "uv_size": [12, 11]},
								"south": {"uv": [113, 106], "uv_size": [12, 11]},
								"west": {"uv": [113, 106], "uv_size": [12, 11]},
								"up": {"uv": [125, 117], "uv_size": [-12, -11]},
								"down": {"uv": [125, 117], "uv_size": [-12, -11]}
							}
						},
						{
							"origin": [1.01, 21.01, -2.99],
							"size": [0.98, 0.98, 0.98],
							"uv": {
								"north": {"uv": [125, 106], "uv_size": [-12, 11]},
								"east": {"uv": [125, 106], "uv_size": [-12, 11]},
								"south": {"uv": [125, 106], "uv_size": [-12, 11]},
								"west": {"uv": [125, 106], "uv_size": [-12, 11]},
								"up": {"uv": [113, 117], "uv_size": [12, -11]},
								"down": {"uv": [113, 117], "uv_size": [12, -11]}
							}
						},
						{
							"origin": [-1.99, 21.01, -2.99],
							"size": [0.98, 0.98, 0.98],
							"uv": {
								"north": {"uv": [113, 106], "uv_size": [12, 11]},
								"east": {"uv": [113, 106], "uv_size": [12, 11]},
								"south": {"uv": [113, 106], "uv_size": [12, 11]},
								"west": {"uv": [113, 106], "uv_size": [12, 11]},
								"up": {"uv": [125, 117], "uv_size": [-12, -11]},
								"down": {"uv": [125, 117], "uv_size": [-12, -11]}
							}
						}
					]
				},
				{
					"name": "head",
					"parent": "body",
					"pivot": [0, 24, 0],
					"cubes": [
						{
							"origin": [-4, 24, -4],
							"size": [8, 8, 8],
							"uv": {
								"north": {"uv": [18.5, 0], "uv_size": [34.5, 38]},
								"east": {"uv": [0, 0], "uv_size": [18, 38]},
								"south": {"uv": [18, 40], "uv_size": [34, 34]},
								"west": {"uv": [0, 39.5], "uv_size": [18, 36.5]},
								"up": {"uv": [52, 74], "uv_size": [-34, -34]},
								"down": {"uv": [38, 22], "uv_size": [-4, -2]}
							}
						}
					]
				},
				{
					"name": "hat",
					"parent": "head",
					"pivot": [0, 24, 0],
					"cubes": [
						{
							"origin": [-3.82, 25.18, -3.82],
							"size": [7.64, 6.64, 7.64],
							"inflate": 0.5,
							"uv": {
								"north": {"uv": [77, 118], "uv_size": [7, 7]},
								"east": {"uv": [64, 64], "uv_size": [8, 8]},
								"south": {"uv": [112, 64], "uv_size": [8, 8]},
								"west": {"uv": [96, 64], "uv_size": [8, 8]},
								"up": {"uv": [80, 56], "uv_size": [8, 8]},
								"down": {"uv": [80.5, 101], "uv_size": [8, -8]}
							}
						}
					]
				},
				{
					"name": "cape",
					"parent": "body",
					"pivot": [0, 24, 3]
				},
				{
					"name": "leftArm",
					"parent": "body",
					"pivot": [5, 22, 0],
					"cubes": [
						{
							"origin": [4, 12, -2],
							"size": [4, 12, 4],
							"uv": {
								"north": {"uv": [108, 0], "uv_size": [-18, 34]},
								"east": {"uv": [108, 0], "uv_size": [-1, 34]},
								"south": {"uv": [90, 0], "uv_size": [18, 34]},
								"west": {"uv": [90, 0], "uv_size": [0, 34]},
								"up": {"uv": [104, 4], "uv_size": [-14, -4]},
								"down": {"uv": [108, 48], "uv_size": [-18, -14]}
							}
						}
					]
				},
				{
					"name": "rightArm",
					"parent": "body",
					"pivot": [-5, 22, 0],
					"cubes": [
						{
							"origin": [-8, 12, -2],
							"size": [4, 12, 4],
							"uv": {
								"north": {"uv": [90, 0], "uv_size": [18, 34]},
								"east": {"uv": [90, 0], "uv_size": [0, 34]},
								"south": {"uv": [108, 0], "uv_size": [-18, 34]},
								"west": {"uv": [107, 0], "uv_size": [1, 34]},
								"up": {"uv": [102, 6], "uv_size": [-12, -6]},
								"down": {"uv": [108, 34], "uv_size": [-18, 14]}
							}
						}
					]
				},
				{
					"name": "leftLeg",
					"parent": "root",
					"pivot": [1.9, 12, 0],
					"cubes": [
						{
							"origin": [-0.1, 0, -2],
							"size": [4, 12, 4],
							"uv": {
								"north": {"uv": [72, 0], "uv_size": [18, 48]},
								"east": {"uv": [72, 0], "uv_size": [18, 48]},
								"south": {"uv": [72, 0], "uv_size": [18, 48]},
								"west": {"uv": [72, 0], "uv_size": [18, 48]},
								"up": {"uv": [90, 32], "uv_size": [-18, -32]},
								"down": {"uv": [90, 48], "uv_size": [-18, 0]}
							}
						}
					]
				},
				{
					"name": "rightLeg",
					"parent": "root",
					"pivot": [-1.9, 12, 0],
					"cubes": [
						{
							"origin": [-3.9, 0, -2],
							"size": [4, 12, 4],
							"uv": {
								"north": {"uv": [54, 0], "uv_size": [18, 48]},
								"east": {"uv": [72, 0], "uv_size": [18, 48]},
								"south": {"uv": [72, 0], "uv_size": [18, 48]},
								"west": {"uv": [72, 0], "uv_size": [-18, 48]},
								"up": {"uv": [90, 32], "uv_size": [-18, -32]},
								"down": {"uv": [90, 48], "uv_size": [-18, 0]}
							}
						}
					]
				}
			]
		}
	]
}