{
	"format_version": "1.12.0",
	"minecraft:geometry": [
		{
			"description": {
				"identifier": "geometry.yoriichi",
				"texture_width": 64,
				"texture_height": 64,
				"visible_bounds_width": 3,
				"visible_bounds_height": 3,
				"visible_bounds_offset": [0, 1.5, 0]
			},
			"bones": [
				{
					"name": "root",
					"pivot": [0, 0, 0]
				},
				{
					"name": "waist",
					"parent": "root",
					"pivot": [0, 12, 0]
				},
				{
					"name": "body",
					"parent": "waist",
					"pivot": [0, 24, 0],
					"cubes": [
						{
							"origin": [-4, 12, -2],
							"size": [8, 12, 4],
							"uv": {
								"north": {"uv": [0, 40], "uv_size": [17, 24]},
								"east": {"uv": [27, 40], "uv_size": [-4, 24]},
								"south": {"uv": [17, 40], "uv_size": [17, 24]},
								"west": {"uv": [18, 40], "uv_size": [4, 24]},
								"up": {"uv": [0, 42], "uv_size": [17, -1]},
								"down": {"uv": [21, 63], "uv_size": [6, 1]}
							}
						}
					]
				},
				{
					"name": "head",
					"parent": "body",
					"pivot": [0, 24, 0],
					"cubes": [
						{
							"origin": [-4, 24, -4],
							"size": [8, 8, 8],
							"uv": {
								"north": {"uv": [9, 0], "uv_size": [18, 19]},
								"east": {"uv": [0, 0], "uv_size": [9, 19]},
								"south": {"uv": [9, 19], "uv_size": [18, 19]},
								"west": {"uv": [0, 19], "uv_size": [9, 19]},
								"up": {"uv": [26, 37], "uv_size": [-16, -17]},
								"down": {"uv": [20, 18], "uv_size": [-4, -2]}
							}
						},
						{
							"origin": [-4, 32.2, -4],
							"size": [8, 0, 8],
							"uv": {
								"north": {"uv": [37, 63], "uv_size": [16, 1]},
								"east": {"uv": [37, 63], "uv_size": [16, 1]},
								"south": {"uv": [37, 63], "uv_size": [16, 1]},
								"west": {"uv": [37, 63], "uv_size": [16, 1]},
								"up": {"uv": [59, 32], "uv_size": [-4, -5]},
								"down": {"uv": [53, 64], "uv_size": [-16, -1]}
							}
						},
						{
							"origin": [-4, 23.9, 0.5],
							"size": [8, 0, 4],
							"uv": {
								"north": {"uv": [37, 63], "uv_size": [16, 1]},
								"east": {"uv": [37, 63], "uv_size": [16, 1]},
								"south": {"uv": [37, 63], "uv_size": [16, 1]},
								"west": {"uv": [37, 63], "uv_size": [16, 1]},
								"up": {"uv": [59, 35], "uv_size": [-4, -4]},
								"down": {"uv": [52, 64], "uv_size": [-15, 0]}
							}
						}
					]
				},
				{
					"name": "hat",
					"parent": "head",
					"pivot": [0, 24, 0],
					"cubes": [
						{
							"origin": [-3.82, 24.18, -3.82],
							"size": [0, 7.64, 7.64],
							"inflate": 0.5,
							"uv": {
								"north": {"uv": [42, 53], "uv_size": [7, 8]},
								"east": {"uv": [29, 27], "uv_size": [7, 8]},
								"south": {"uv": [42, 53], "uv_size": [7, 8]},
								"west": {"uv": [42, 53], "uv_size": [7, 8]},
								"up": {"uv": [49, 61], "uv_size": [-7, -8]},
								"down": {"uv": [49, 61], "uv_size": [-7, -8]}
							}
						},
						{
							"origin": [3.6, 24.18, -3.82],
							"size": [0, 7.64, 7.64],
							"inflate": 0.5,
							"uv": {
								"north": {"uv": [39, 56], "uv_size": [7, 8]},
								"east": {"uv": [38, 56], "uv_size": [7, 8]},
								"south": {"uv": [39, 56], "uv_size": [7, 8]},
								"west": {"uv": [46, 27], "uv_size": [7, 8]},
								"up": {"uv": [45, 64], "uv_size": [-7, -8]},
								"down": {"uv": [43, 64], "uv_size": [-7, -8]}
							}
						},
						{
							"origin": [-4.82, 23.18, -3.6],
							"size": [10, 9.64, 0],
							"inflate": 0.5,
							"uv": {
								"north": {"uv": [36, 26], "uv_size": [10, 9]},
								"east": {"uv": [40, 57], "uv_size": [10, 7]},
								"south": {"uv": [40, 57], "uv_size": [10, 7]},
								"west": {"uv": [41, 57], "uv_size": [10, 7]},
								"up": {"uv": [48, 64], "uv_size": [-10, -7]},
								"down": {"uv": [46, 64], "uv_size": [-6, -7]}
							}
						},
						{
							"origin": [-3.82, 21.5, 3.6],
							"size": [8, 10.64, 0],
							"inflate": 0.5,
							"uv": {
								"north": {"uv": [41, 55], "uv_size": [10, 9]},
								"east": {"uv": [40, 57], "uv_size": [10, 7]},
								"south": {"uv": [53, 27], "uv_size": [8, 8]},
								"west": {"uv": [41, 57], "uv_size": [10, 7]},
								"up": {"uv": [48, 64], "uv_size": [-10, -7]},
								"down": {"uv": [46, 64], "uv_size": [-6, -7]}
							}
						}
					]
				},
				{
					"name": "cape",
					"parent": "body",
					"pivot": [0, 24, 3]
				},
				{
					"name": "leftArm",
					"parent": "body",
					"pivot": [5, 22, 0],
					"cubes": [
						{
							"origin": [4, 12, -2],
							"size": [4, 12, 4],
							"uv": {
								"north": {"uv": [28, 0], "uv_size": [7, 24]},
								"east": {"uv": [28, 0], "uv_size": [7, 24]},
								"south": {"uv": [28, 0], "uv_size": [7, 24]},
								"west": {"uv": [28, 0], "uv_size": [7, 24]},
								"up": {"uv": [35, 16], "uv_size": [-7, -16]},
								"down": {"uv": [35, 24], "uv_size": [-7, -1]}
							}
						}
					]
				},
				{
					"name": "leftItem",
					"parent": "leftArm",
					"pivot": [6, 15, 1]
				},
				{
					"name": "rightArm",
					"parent": "body",
					"pivot": [-5, 22, 0],
					"cubes": [
						{
							"origin": [-8, 12, -2],
							"size": [4, 12, 4],
							"uv": {
								"north": {"uv": [28, 0], "uv_size": [7, 24]},
								"east": {"uv": [28, 0], "uv_size": [7, 24]},
								"south": {"uv": [28, 0], "uv_size": [7, 24]},
								"west": {"uv": [28, 0], "uv_size": [7, 24]},
								"up": {"uv": [35, 16], "uv_size": [-7, -16]},
								"down": {"uv": [35, 24], "uv_size": [-7, -1]}
							}
						}
					]
				},
				{
					"name": "rightItem",
					"parent": "rightArm",
					"pivot": [-6, 15, 1],
					"locators": {
						"lead_hold": [-6, 15, 1]
					}
				},
				{
					"name": "leftLeg",
					"parent": "root",
					"pivot": [1.9, 12, 0],
					"cubes": [
						{
							"origin": [-0.1, 0, -2],
							"size": [4, 12, 4],
							"uv": {
								"north": {"uv": [45, 0], "uv_size": [9, 24]},
								"east": {"uv": [45, 0], "uv_size": [9, 24]},
								"south": {"uv": [45, 0], "uv_size": [9, 24]},
								"west": {"uv": [45, 0], "uv_size": [9, 24]},
								"up": {"uv": [54, 6], "uv_size": [-9, -6]},
								"down": {"uv": [54, 24], "uv_size": [-9, 0]}
							}
						}
					]
				},
				{
					"name": "rightLeg",
					"parent": "root",
					"pivot": [-1.9, 12, 0],
					"cubes": [
						{
							"origin": [-3.9, 0, -2],
							"size": [4, 12, 4],
							"uv": {
								"north": {"uv": [45, 0], "uv_size": [9, 24]},
								"east": {"uv": [45, 0], "uv_size": [9, 24]},
								"south": {"uv": [45, 0], "uv_size": [9, 24]},
								"west": {"uv": [45, 0], "uv_size": [9, 24]},
								"up": {"uv": [45, 0], "uv_size": [9, 8]},
								"down": {"uv": [54, 24], "uv_size": [-9, 0]}
							}
						}
					]
				}
			]
		}
	]
}
