{
  "format_version": "1.16.100",
  "minecraft:entity": {
    "description": {
      "identifier": "ic:crucifix_activate_extended",
      "is_spawnable": false,
      "is_summonable": true,
      "is_experimental": false,
      "scripts": {
				"animate": [
		"controller"
		]
			},
			"animations": {
			"return": "animation.crucifix_extended.return",
	"success": "animation.crucifix.extended_success",
	"controller": "controller.animation.crucifix"
			} 
    },
    "component_groups": {
		"despawn": {
			"minecraft:instant_despawn": {
				"remove_child_entities":false
			}
		}
		},
    "components": {
      "minecraft:type_family": {
        "family": [
          "doors", 
          "crucifix",
          "custom"
        ]
      },
      "minecraft:variant": {
          "value": 0
        },
      "minecraft:nameable": {
        "alwaysShow": false,
        "allowNameTagRenaming": false
      },
      "minecraft:collision_box": {
        "height": 1.0,
        "width": 0.1
      },
      "minecraft:loot": {
        "table": "loot_tables/entities/robot.json"
      },
      "minecraft:health": {
        "value": 50,
        "max": 50
      },
        "minecraft:damage_sensor": {
        "triggers": {
          "cause": "all",
          "deals_damage": false
        }
      },
      "minecraft:navigation.walk": {
        "avoid_damage_blocks": true
      },
      "minecraft:movement.basic": {},
      "minecraft:jump.static": {},
      "minecraft:can_climb": {},
      "minecraft:knockback_resistance": {
        "value": 0.5,
        "max": 0.5
      },
        "minecraft:behavior.float": {
        "priority": 0
      },
      "minecraft:rideable": {
					"seat_count": 1,
					"rider_can_interact": false,
					"pull_in_entities": true,
					"seats": [
						{
							"position": [0, 0.0, 0.0]
						}
					]
				},
      "minecraft:balloonable": {},
      "minecraft:physics": {},
      "minecraft:experience_reward": {
        "on_death": "query.last_hit_by_player ? 10 : 0"
      },
      "minecraft:scale": {
        "value": 1.0
      },
      "minecraft:pushable": {
        "is_pushable": false,
        "is_pushable_by_piston": false
      },
      "minecraft:fire_immune": true,
      "minecraft:on_death": {
        "event": "on:death",
        "target": "self"
      },
      "minecraft:on_hurt": {
        "event": "on:hurt",
        "target": "self"
      },
      "minecraft:on_hurt_by_player": {
        "event": "on:hurt_by_player",
        "target": "self"
      },
      "minecraft:on_ignite": {
        "event": "on:ignite",
        "target": "self"
      },
      "minecraft:on_target_acquired": {
        "event": "on:target_acquired",
        "target": "self"
      },
      "minecraft:on_target_escape": {
        "event": "on:target_escape",
        "target": "self"
      },
      "minecraft:on_wake_with_owner": {
        "event": "on:wake_with_owner",
        "target": "self"
    }
    },
    "events": {
      "despawn_crucifix": {
        "add": {
          "component_groups": ["despawn"]
        }
      },
      "minecraft:entity_spawned": {
				"run_command": {
          "command": ["tp @s @e[family=!crucifix, r=10,rm=1, c=1]","execute @s ~ ~ ~ ride @e[family=!crucifix,r=5,c=1] start_riding @s"]
        }
			},
      "on:hurt": {
        "run_command": {
          "command": []
        }
      },
      "on:hurt_by_player": {
        "run_command": {
          "command": []
        }
      },
      "on:ignite": {
        "run_command": {
          "command": []
        }
      },
      "on:target_acquired": {
        "run_command": {
          "command": []
        }
      },
      "on:target_escape": {
        "run_command": {
          "command": []
        }
      },
      "on:wake_with_owner": {
        "run_command": {
          "command": []
      }
    }
  } 
 }
}