{
  "format_version": "1.13.0",
  "minecraft:entity": {
    "description": {
      "identifier": "ic:rift",
      "is_spawnable": true,
      "is_summonable": true,
      "is_experimental": false
    },
    "component_groups": {
    "open_standby": {
                "minecraft:interact": {
          "interactions": [
            {
              "on_interact": {
                "filters": {
                  "all_of": [
                    {
                      "test": "is_family",
                      "subject": "other",
                      "value": "player"
                    }
                  ]
                },
                "event": "rift_activate",
              "target": "self"
              },
              "swing": true, 
              "interact_text": "Activate Rift"
             }
          ]
        }
			}
		}, 
    "components": {
      "minecraft:type_family": {
        "family": [ "inanimate","doors"]
      },
      "minecraft:damage_sensor": {
        "triggers": {
          "cause": "all",
          "deals_damage": false
        }
      },
      "minecraft:knockback_resistance": {
        "value": 1.0,
        "max": 1.0
      },
      "minecraft:collision_box": {
        "width": 0.8,
        "height": 0.8
      },
      "minecraft:health": {
        "value": 100,
        "max": 100
      },
      "minecraft:loot": {
        "table": "loot_tables/entities/boat.json"
      },
      "minecraft:physics": {
      "has_gravity" : false,
      "has_collision" : false 
      },
      "minecraft:timer": {
				"looping": false,
				"randomInterval": false,
				"time": 1,
				"time_down_event": {
					"event": "open_standby"
				}
			},
      "minecraft:on_hurt": {
        "event": "on:hurt",
        "target": "self"
      }
    }, 
    "events": { 
    "minecraft:entity_spawned": {
				"run_command": {
					"command": ["summon ic:rift_itemholder ^ ^ ^"]
				}
			},
    "rift_activate": {
				"run_command": {
					"command": ["title @p actionbar §oYou may now get/place your item","tp @e[type=ic:rift_itemholder] ^ ^ ^"]
				}
			},
			"open_standby": {
        "add": {
          "component_groups": ["open_standby"] 
        }
      }
    }  
  }
}