{
  "format_version": "1.13.0",
  "minecraft:entity": {
    "description": {
      "identifier": "ic:rift_itemholder",
      "is_spawnable": false,
      "is_summonable": true,
      "is_experimental": false
    },
    "component_groups": {
    "despawn": {
			"minecraft:instant_despawn": {
				"remove_child_entities":false
			}
		},
    "entity_capped": {
                 "minecraft:variant" : {
                    "value" : 1
                 }
			}
		}, 
    "components": {
      "minecraft:type_family": {
        "family": [ "inanimate","doors","rift_itemholder"]
      },
      "minecraft:damage_sensor": {
        "triggers": {
          "cause": "all",
          "deals_damage": false
        }
      },
      "minecraft:variant" : {
                    "value" : 0
                 },
      "minecraft:knockback_resistance": {
        "value": 1.0,
        "max": 1.0
      },
      "minecraft:collision_box": {
        "width": 1.0,
        "height": 2.0
      },
      "minecraft:health": {
        "value": 100,
        "max": 100
      },
      "minecraft:loot": {
        "table": "loot_tables/entities/boat.json"
      },
      "minecraft:physics": {
      "has_gravity" : false,
      "has_collision" : false 
      },
      "minecraft:inventory": {
				"inventory_size": 1
			},
      "minecraft:interact": {
				"interactions": [
					{
						"on_interact": {
							"filters": {
								"all_of": [
									{
										"test": "is_family",
										"subject": "other",
										"value": "player"
									}
								]
							}
						},
						"give_item": true,
						"take_item": true,
						"interact_text": "Put/Take Item"
					}
				]
			},
      "minecraft:timer": {
				"looping": false,
				"randomInterval": false,
				"time": 2,
				"time_down_event": {
					"event": "ic:entity_capped"
				}
			},
      "minecraft:on_hurt": {
        "event": "on:hurt",
        "target": "self"
      },
      "minecraft:entity_sensor":{
    "relative_range": true,
    "require_all": false,
    "sensor_range": 128,
    "event_filters": {
       "all_of" : [
            { "test": "is_family", "subject": "other", "value": "rift_itemholder" },
            { "test": "has_tag", "subject": "other", "value": "entity_capper" }
           ]
          },
    "event": "ic:despawn"
     } 
    }, 
    "events": { 
    "ic:despawn": {
        "add": {
          "component_groups": ["despawn"]
        }
      },
    "rift_activate": {
				"run_command": {
					"command": ["title @p actionbar §oYou may now get/place your item"]
				}
			},
			"ic:entity_capped": {
        "run_command": {
          "command": ["tag @s add entity_capper"] 
        }
      }
    }  
  }
}