{
  "minecraft:geometry" : [
    {
      "bones" : [
        {
          "cubes" : [
            {
              "size" : [
                8,
                8,
                8
              ],
              "orig_uv" : [
                0,
                0
              ],
              "render_order" : 24,
              "uv" : [
                0,
                0
              ],
              "orig_size" : [
                8,
                8,
                8
              ],
              "origin" : [
                -4,
                24,
                -4
              ]
            }
          ],
          "name" : "head",
          "pivot" : [
            0,
            24,
            0
          ]
        }
      ],
      "description" : {
        "visible_bounds_width" : 1,
        "visible_bounds_offset" : [
          0,
          0.5,
          0
        ],
        "visible_bounds_height" : 1,
        "texturewidth" : 32,
        "textureheight" : 16,
        "texture_height" : 16,
        "identifier" : "geometry.skeleton_head",
        "texture_width" : 32
      }
    }
  ],
  "format_version" : "1.12.0"
}