{"format_version":"1.10.0","minecraft:client_entity":{"description":{"identifier":"yg:hunter_tim","materials":{"default":"witch"},"textures":{"default":"textures/entity/yg_hunter_tim"},"geometry":{"default":"geometry.yg_hunter_tim"},"scripts":{"animate":["move","general","attack"],"pre_animation":["variable.random = math.round(math.random(0,2));"],"scale":"2"},"animations":{"moving":"animation.yg_hunter_tim.move","move":"controller.animation.yg_hunter_tim.move","gazo_general":"animation.yg_hunter_tim.general","general":"controller.animation.yg_hunter_tim.general","attack0":"animation.yg_hunter_tim.attack","attack":"controller.animation.yg_hunter_tim.attack","jumpscare":"animation.yg_hunter_tim.jumpscare"},"render_controllers":["controller.render.witch"],"spawn_egg":{"texture":"yg:hunter_tim","texture_index":0}}}}