{"format_version":"1.10.0","minecraft:client_entity":{"description":{"identifier":"yg:miniopila","materials":{"default":"witch"},"textures":{"pink":"textures/entity/opila_bird/yg_miniopila","blue":"textures/entity/opila_bird/yg_miniopila_tarta"},"geometry":{"default":"geometry.yg_miniopila"},"scripts":{"animate":["move","general","looking_at"],"pre_animation":["variable.attack = Math.sin(variable.attack_time * 30.0);"]},"animations":{"general":"controller.animation.yg_miniopila.general","gazo_general":"animation.yg_miniopila.general","looking":"animation.yg_miniopila.looking","looking_at":"controller.animation.yg_miniopila.looking_at","move":"controller.animation.yg_miniopila.move","moving":"animation.yg_miniopila.move"},"render_controllers":["controller.render.yg_miniopila"],"spawn_egg":{"texture":"yg:miniopila","texture_index":0}}}}