{"format_version":"1.10.0","minecraft:client_entity":{"description":{"identifier":"yg:nabnab","materials":{"default":"witch"},"textures":{"default":"textures/entity/yg_nabnab"},"geometry":{"default":"geometry.yg_nabnab"},"scripts":{"animate":["move","general"]},"animations":{"moving":"animation.yg_nabnab.move","move":"controller.animation.yg_nabnab.move","gazo_general":"animation.yg_nabnab.general","general":"controller.animation.yg_nabnab.general","jumpscare":"animation.yg_nabnab.jumpscare"},"render_controllers":["controller.render.witch"],"spawn_egg":{"texture":"yg:nabnab","texture_index":0}}}}