{"format_version":"1.10.0","minecraft:client_entity":{"description":{"identifier":"yg:nabnaleena","materials":{"default":"witch"},"textures":{"default":"textures/entity/yg_nabnaleena"},"geometry":{"default":"geometry.yg_nabnaleena"},"scripts":{"animate":["move","general"]},"animations":{"moving":"animation.yg_nabnaleena.move","move":"controller.animation.yg_nabnaleena.move","gazo_general":"animation.yg_nabnaleena.general","general":"controller.animation.yg_nabnaleena.general","jumpscare":"animation.yg_nabnaleena.jumpscare"},"render_controllers":["controller.render.witch"],"spawn_egg":{"texture":"yg:nabnaleena","texture_index":0}}}}