{"format_version":"1.10.0","minecraft:client_entity":{"description":{"identifier":"yg:queen_bouncelia","materials":{"default":"witch"},"textures":{"default":"textures/entity/yg_queen_bouncelia"},"geometry":{"default":"geometry.yg_queen_bouncelia"},"scripts":{"animate":["move","general","attack"],"pre_animation":["variable.random = math.round(math.random(0,2));"]},"animations":{"moving":"animation.yg_queen_bouncelia.move","move":"controller.animation.yg_queen_bouncelia.move","gazo_general":"animation.yg_queen_bouncelia.general","general":"controller.animation.yg_queen_bouncelia.general","attack0":"animation.yg_queen_bouncelia.attack","attack":"controller.animation.yg_queen_bouncelia.attack","look_at_target":"animation.yg_queen_bouncelia.looking","jumpscare":"animation.yg_queen_bouncelia.jumpscare"},"render_controllers":["controller.render.witch"],"spawn_egg":{"texture":"yg:queen_bouncelia","texture_index":0}}}}