{"format_version":"1.10.0","minecraft:client_entity":{"description":{"identifier":"yg:stinger_flynn","materials":{"default":"witch"},"textures":{"default":"textures/entity/yg_stinger_flynn"},"geometry":{"default":"geometry.yg_stinger_flynn"},"scripts":{"animate":["general","attack"],"pre_animation":["variable.random = math.round(math.random(0,2));"],"scale":"4"},"animations":{"gazo_general":"animation.yg_stinger_flynn.general","general":"controller.animation.yg_stinger_flynn.general","attack0":"animation.yg_stinger_flynn.attack","attack":"controller.animation.yg_stinger_flynn.attack","jumpscare":"animation.yg_stinger_flynn.jumpscare"},"render_controllers":["controller.render.witch"],"spawn_egg":{"texture":"yg:stinger_flynn","texture_index":0}}}}