{
  "format_version": "1.13.0",
  "minecraft:feature_rules": {
    "description": {
      "identifier": "ds:sakura_tree_rules",
      "places_feature": "ds:sakura_tree"
    },
    "conditions": {
      "placement_pass": "surface_pass",
      "minecraft:biome_filter": [
        {
          "any_of": [
            {
              "test": "has_biome_tag",
              "operator": "==",
              "value": "forest"
            },
            {
              "test": "has_biome_tag",
              "operator": "==",
              "value": "forest_hills"
            },
            {
              "test": "has_biome_tag",
              "operator": "==",
              "value": "flower_forest"
            }
          ]
        }
      ]
    },
    "distribution": {
      "iterations": 6,
      "x": {
        "distribution": "uniform",
        "extent": [
          0,
          8
        ]
      },
      "y": "query.heightmap(variable.worldx, variable.worldz)",
      "z": {
        "distribution": "uniform",
        "extent": [
          0,
          8
        ]
      }
    }
  }
}
