{
    "format_version": "1.10.0",
    "minecraft:entity": {
        "description": {
            "identifier": "pmg:blinky",
            "is_spawnable": true,
            "is_summonable": true,
            "is_experimental": false
        },
        "component_groups": {
			"minecraft:is_dead": {
                "minecraft:transformation": {
                    "into": "pmg:blinky_d"
                }
            }
		},
        "components": {
            "minecraft:nameable": {},
            
            // ghost Components
            "minecraft:movement": {
                "value": 0.30
            },
            "minecraft:type_family": {
                "family": ["pmg"]
            },
            "minecraft:collision_box": {
                "width": 0.6,
                "height": 0.8
            },
              "minecraft:scale": {
                "value": 1
            },
            "minecraft:hide": {},
            "minecraft:pushable": {
                "is_pushable": true,
                "is_pushable_by_piston": true
            },
			"minecraft:behavior.avoid_mob_type": {
                "priority": 2,
                "entity_types": [{
                        "filters": {
                            "any_of": [{
                                    "test": "is_family",
                                    "subject": "other",
                                    "value": "player"
                                },
                                {
                                    "test": "is_family",
                                    "subject": "other",
                                    "value": "monsters"
                                }
                            ]
                        },
                        "walk_speed_multiplier": 1,
                        "sprint_speed_multiplier": 1
                    }
                ],
                "max_dist": 20
            },
            "minecraft:damage_sensor": [{
                    "on_damage": {
                        "filters": {
                            "all_of": [{
                                    "test": "has_damage",
                                    "value": "fatal"
                                }
                            ]
                        },
                        "event": "minecraft:event_spawn_dead"
                    }
                }
            ],
            "minecraft:movement.basic": {},
            "minecraft:navigation.walk": {
                "is_amphibious": true,
                "can_pass_doors": true,
                "can_walk": true
            },
            "minecraft:jump.static": {},
            "minecraft:can_climb": {},

            "minecraft:attack": {
                "damage": 40
            },
            "minecraft:behavior.float": {
                "priority": 0
            },
            "minecraft:health": {
                "value": 50,
                "max": 50
            },
            "minecraft:knockback_resistance": {
                "value": 1.0
            },
            "minecraft:behavior.melee_attack": {
                "priority": 3,
                "speed_multiplier": 1.2,
                "track_target": false
            },
            "minecraft:breathable": {
                "totalSupply": 15,
                "suffocateTime": 0,
                "breathesAir": true,
                "breathesWater": true
            },
            "minecraft:loot": {
                "table": "loot_tables/entities/pmg.json"
            },

            // ghost Behaviors
            "minecraft:behavior.move_towards_restriction": {
                "priority": 5,
                "speed_multiplier": 1
            },

            "minecraft:behavior.nearest_attackable_target": {
              "priority": 5,
              "within_radius": 25,
              "entity_types": [
                {
                  "filters": {
                "any_of": [
            
            {
                    "test": "is_family",
                    "subject": "other",
                    "value": "slime"
                  },
                  {
                    "test": "is_family",
                    "subject": "other",
                    "value": "pm"
                  }
                ]
              },
              "max_dist": 12
            }
          ],
          "must_see": true
        },
        "minecraft:behavior.random_stroll": {
            "priority": 100,
            "speed_multiplier": 1
        },
        "minecraft:behavior.random_look_around": {
            "priority": 22
        },
        "minecraft:physics": {}
    },

    "events": {
        "minecraft:event_spawn_dead": {
            "add": {
                "component_groups": ["minecraft:is_dead"]
            }
         }
      }
   }
}