{
  "format_version": "1.8.0",
  "minecraft:entity": {
    "description": {
      "identifier": "pmp:pelot_w",
      "is_spawnable": true,
      "is_summonable": true,
      "is_experimental": false
    },
    "components": {
      "minecraft:breathable": {
        "totalSupply": 15,
        "suffocateTime": 0
      },
        "minecraft:loot": {
          "table": "loot_tables/entities/empty.json"
        },
      "minecraft:nameable": {
      },

      "minecraft:type_family": {
        "family": [ "pmp" ]
      },

      "minecraft:movement": {
        "value": 0.0
      },
      "minecraft:navigation.walk": {
        "can_path_over_water": false
      },
      "minecraft:movement.basic": {
        
      },
      "minecraft:jump.static": {
      },
      "minecraft:can_climb": {
      },
      "minecraft:health": {
        "value": 5,
        "max": 5
      },
      "minecraft:attack": {
        "damage": 0
      },

      "minecraft:behavior.float": {
        "priority": 0
      },

      "minecraft:behavior.melee_attack": {
        "priority": 3,
        "speed_multiplier": 1,
        "track_target": true
      },
      "minecraft:behavior.random_stroll": {
        "priority": 6,
        "speed_multiplier": 1
      },
      "minecraft:physics": {
      }
    }
  }
}

