{
  "format_version": "1.8.0",
  "animations": {
    "animation.baby_blue.walk": {
      "loop": true,
      "animation_length": 1,
      "bones": {
        "root": {
          "position": {
            "0.0": [
              0,
              -2,
              0
            ],
            "0.25": [
              0,
              1,
              0
            ],
            "0.5": [
              0,
              -1,
              0
            ],
            "0.75": [
              0,
              1,
              0
            ],
            "1.0": [
              0,
              -2,
              0
            ]
          }
        },
        "mout": {
          "rotation": [
            0,
            0,
            0
          ]
        },
        "rightLeg": {
          "rotation": {
            "0.0": [
              66.81321,
              5.60701,
              -5.60807
            ],
            "0.25": [
              -73.18679,
              5.60701,
              -5.60807
            ],
            "0.5": [
              -53.18679,
              5.60701,
              -5.60807
            ],
            "0.75": [
              -5.68679,
              5.60701,
              -5.60807
            ],
            "1.0": [
              66.81321,
              5.60701,
              -5.60807
            ]
          }
        },
        "rightLeg2": {
          "rotation": {
            "0.0": [
              40,
              0,
              0
            ],
            "0.25": [
              122.5,
              0,
              0
            ],
            "0.5": [
              52.5,
              0,
              0
            ],
            "0.75": [
              10,
              0,
              0
            ],
            "1.0": [
              40,
              0,
              0
            ]
          }
        },
        "leftLeg": {
          "rotation": {
            "0.0": [
              -62.5,
              0,
              0
            ],
            "0.25": [
              -17.5,
              0,
              0
            ],
            "0.5": [
              65,
              0,
              0
            ],
            "0.75": [
              -67.5,
              0,
              0
            ],
            "1.0": [
              -62.5,
              0,
              0
            ]
          }
        },
        "leftLeg2": {
          "rotation": {
            "0.0": [
              62.318,
              3.43268,
              1.3523
            ],
            "0.25": [
              19.818,
              3.43268,
              1.3523
            ],
            "0.5": [
              42.318,
              3.43268,
              1.3523
            ],
            "0.75": [
              122.318,
              3.43268,
              1.3523
            ],
            "1.0": [
              62.318,
              3.43268,
              1.3523
            ]
          }
        }
      }
    },
    "animation.baby_blue.bob": {
      "loop": true,
      "animation_length": 1,
      "bones": {
        "body": {
          "rotation": {
            "0.0": [
              0,
              0,
              2.5
            ],
            "0.25": [
              0,
              0,
              -2.5
            ],
            "0.5": [
              0,
              0,
              2.5
            ],
            "0.75": [
              0,
              0,
              -2.5
            ],
            "1.0": [
              0,
              0,
              2.5
            ]
          }
        },
        "rightWing": {
          "rotation": {
            "0.0": [
              0,
              -25,
              0
            ],
            "0.25": [
              0,
              -2.5,
              0
            ],
            "0.5": [
              0,
              -25,
              0
            ],
            "0.75": [
              0,
              -2.5,
              0
            ],
            "1.0": [
              0,
              -25,
              0
            ]
          }
        },
        "leftWing": {
          "rotation": {
            "0.0": [
              0,
              17.5,
              0
            ],
            "0.25": [
              0,
              0,
              0
            ],
            "0.5": [
              0,
              17.5,
              0
            ],
            "0.75": [
              0,
              0,
              0
            ],
            "1.0": [
              0,
              17.5,
              0
            ]
          }
        },
        "head": {
          "rotation": {
            "0.0": [
              0,
              0,
              2.5
            ],
            "0.25": [
              0,
              0,
              -2.5
            ],
            "0.5": [
              0,
              0,
              2.5
            ],
            "0.75": [
              0,
              0,
              -2.5
            ],
            "1.0": [
              0,
              0,
              2.5
            ]
          }
        },
        "mout": {
          "rotation": {
            "0.0": [
              -20,
              0,
              0
            ],
            "0.25": [
              7.5,
              0,
              0
            ],
            "0.5": [
              -27.5,
              0,
              0
            ],
            "0.75": [
              7.5,
              0,
              0
            ],
            "1.0": [
              -20,
              0,
              0
            ]
          }
        },
        "mout2": {
          "rotation": {
            "0.0": [
              22.5,
              0,
              0
            ],
            "0.25": [
              0,
              0,
              0
            ],
            "0.5": [
              35,
              0,
              0
            ],
            "0.75": [
              0,
              0,
              0
            ],
            "1.0": [
              22.5,
              0,
              0
            ]
          }
        }
      }
    }
  }
}