{
  "format_version": "1.8.0",
  "animations": {
    "animation.os_nn.walk": {
      "loop": true,
      "animation_length": 1,
      "bones": {
        "head": {
          "rotation": {
            "0.0": [
              2.65517,
              0.93993,
              0.14588
            ],
            "0.5": [
              -12.34483,
              0.93993,
              0.14588
            ],
            "1.0": [
              2.65517,
              0.93993,
              0.14588
            ]
          }
        },
        "rightArm": {
          "rotation": {
            "0.0": [
              15.77241,
              -45.41054,
              -21.63402
            ],
            "0.5": [
              -22.66667,
              -42.934,
              31.51303
            ],
            "1.0": [
              15.77241,
              -45.41054,
              -21.63402
            ]
          }
        },
        "rightArm2": {
          "rotation": [
            0,
            -40,
            0
          ]
        },
        "leftArm": {
          "rotation": {
            "0.0": [
              -41.57337,
              51.88637,
              -48.42663
            ],
            "0.5": [
              36.32065,
              55.03389,
              41.89383
            ],
            "1.0": [
              -41.57337,
              51.88637,
              -48.42663
            ]
          }
        },
        "leftArm2": {
          "rotation": [
            0,
            27.5,
            0
          ]
        },
        "rightLeg": {
          "rotation": {
            "0.0": [
              0,
              -60,
              20
            ],
            "0.25": [
              0,
              -17.5,
              20
            ],
            "0.5": [
              0,
              17.5,
              20
            ],
            "0.75": [
              0,
              -30,
              20
            ],
            "1.0": [
              0,
              -60,
              20
            ]
          }
        },
        "rightLeg2": {
          "rotation": {
            "0.0": [
              0,
              30,
              -15
            ],
            "0.25": [
              0,
              12.5,
              -15
            ],
            "0.5": [
              0,
              25,
              -15
            ],
            "0.75": [
              0,
              75,
              -15
            ],
            "1.0": [
              0,
              30,
              -15
            ]
          }
        },
        "leftLeg": {
          "rotation": {
            "0.0": [
              7.91178,
              23.12769,
              -14.73688
            ],
            "0.25": [
              9.34769,
              -38.79915,
              -23.75018
            ],
            "0.5": [
              19.74455,
              -67.99389,
              -36.26764
            ],
            "0.75": [
              7.49811,
              -14.05734,
              -19.69236
            ],
            "1.0": [
              7.91178,
              23.12769,
              -14.73688
            ]
          }
        },
        "leftLeg2": {
          "rotation": {
            "0.0": [
              -1.52974,
              22.90714,
              11.51551
            ],
            "0.25": [
              -17.10191,
              85.20329,
              -4.93442
            ],
            "0.5": [
              -1.85042,
              40.39971,
              10.91154
            ],
            "0.75": [
              -1.59452,
              27.90529,
              11.36466
            ],
            "1.0": [
              -1.52974,
              22.90714,
              11.51551
            ]
          }
        },
        "root": {
          "rotation": {
            "0.0": [
              7.63539,
              1.39852,
              0.12009
            ],
            "0.5": [
              15,
              0,
              0
            ],
            "1.0": [
              7.63539,
              1.39852,
              0.12009
            ]
          },
          "position": {
            "0.0": [
              0,
              -4,
              0
            ],
            "0.25": [
              0,
              0,
              0
            ],
            "0.5": [
              0,
              -4,
              0
            ],
            "0.75": [
              0,
              0,
              0
            ],
            "1.0": [
              0,
              -4,
              0
            ]
          }
        },
        "lida": {
          "rotation": {
            "0.0": [
              5.019,
              4.98093,
              0.43688
            ],
            "0.5": [
              -5.019,
              -4.98093,
              0.43688
            ],
            "1.0": [
              5.019,
              4.98093,
              0.43688
            ]
          }
        },
        "lida2": {
          "rotation": {
            "0.0": [
              25.53051,
              11.31255,
              5.35254
            ],
            "0.5": [
              9.84892,
              -9.84655,
              1.75378
            ],
            "1.0": [
              25.53051,
              11.31255,
              5.35254
            ]
          }
        }
      }
    },
    "animation.os_nn.bob": {
      "loop": true,
      "animation_length": 4,
      "bones": {
        "head": {
          "rotation": {
            "0.0": [
              5,
              0,
              0
            ],
            "2.0": [
              -2.5,
              0,
              0
            ],
            "4.0": [
              5,
              0,
              0
            ]
          }
        },
        "rightArm": {
          "rotation": {
            "0.0": [
              0,
              0,
              -72.5
            ],
            "2.0": [
              0,
              0,
              -67.5
            ],
            "4.0": [
              0,
              0,
              -72.5
            ]
          }
        },
        "rightArm2": {
          "rotation": {
            "0.0": [
              0,
              0,
              -12.5
            ],
            "2.0": [
              0,
              0,
              -2.5
            ],
            "4.0": [
              0,
              0,
              -12.5
            ]
          }
        },
        "leftArm": {
          "rotation": {
            "0.0": [
              0,
              0,
              65
            ],
            "2.0": [
              0,
              0,
              57.5
            ],
            "4.0": [
              0,
              0,
              65
            ]
          }
        },
        "leftArm2": {
          "rotation": {
            "0.0": [
              0,
              0,
              27.5
            ],
            "2.0": [
              0,
              0,
              12.5
            ],
            "4.0": [
              0,
              0,
              27.5
            ]
          }
        },
        "lida": {
          "rotation": {
            "0.0": [
              12.5,
              0,
              0
            ],
            "2.0": [
              15,
              0,
              0
            ],
            "4.0": [
              12.5,
              0,
              0
            ]
          }
        },
        "lida2": {
          "rotation": {
            "0.0": [
              32.5,
              0,
              0
            ],
            "2.0": [
              37.5,
              0,
              0
            ],
            "4.0": [
              32.5,
              0,
              0
            ]
          }
        }
      }
    },
    "animation.os_nn.climb": {
      "loop": true,
      "animation_length": 1,
      "bones": {
        "root": {
          "position": {
            "0.0": [
              0,
              -3,
              4
            ],
            "0.5": [
              0,
              -5,
              4
            ],
            "1.0": [
              0,
              -3,
              4
            ]
          }
        },
        "rightArm": {
          "rotation": {
            "0.0": [
              0.3053,
              -22.64135,
              1.01853
            ],
            "0.5": [
              -9.98545,
              -0.42107,
              26.85027
            ],
            "0.75": [
              -11.03115,
              -25.01563,
              31.48868
            ],
            "1.0": [
              0.3053,
              -22.64135,
              1.01853
            ]
          }
        },
        "rightArm2": {
          "rotation": [
            0,
            -65,
            0
          ]
        },
        "leftArm": {
          "rotation": {
            "0.0": [
              3.21873,
              -3.82821,
              -40.1076
            ],
            "0.25": [
              3.50572,
              23.62633,
              -38.48601
            ],
            "0.5": [
              11.92668,
              9.67647,
              20.15934
            ],
            "1.0": [
              3.21873,
              -3.82821,
              -40.1076
            ]
          }
        },
        "leftArm2": {
          "rotation": [
            0,
            70,
            0
          ]
        },
        "lida": {
          "rotation": [
            7.5,
            0,
            0
          ]
        },
        "lida2": {
          "rotation": [
            25,
            0,
            0
          ]
        },
        "rightLeg": {
          "rotation": {
            "0.0": [
              1.9622,
              -10.6655,
              54.84678
            ],
            "0.25": [
              2.13929,
              -25.65602,
              54.28348
            ],
            "0.5": [
              8.12604,
              -25.27487,
              19.55546
            ],
            "1.0": [
              1.9622,
              -10.6655,
              54.84678
            ]
          }
        },
        "rightLeg2": {
          "rotation": [
            0,
            -32.5,
            0
          ]
        },
        "leftLeg": {
          "rotation": {
            "0.0": [
              14.69451,
              -29.92503,
              -35.53273
            ],
            "0.5": [
              10.59024,
              8.22365,
              -46.84337
            ],
            "0.75": [
              12.59769,
              -33.4903,
              -55.40538
            ],
            "1.0": [
              14.69451,
              -29.92503,
              -35.53273
            ]
          }
        },
        "leftLeg2": {
          "rotation": [
            0,
            -22.5,
            0
          ]
        }
      }
    },
    "animation.os_nn.jumpscare": {
      "loop": true,
      "animation_length": 0.08333,
      "bones": {
        "root": {
          "position": [
            0,
            -8,
            3
          ]
        },
        "head": {
          "rotation": {
            "0.0": [
              0.17717,
              0.05899,
              4.99661
            ],
            "0.0417": [
              0.1602,
              0.09594,
              -7.50335
            ],
            "0.0833": [
              0.17717,
              0.05899,
              4.99661
            ]
          }
        },
        "rightArm": {
          "rotation": [
            0,
            -70,
            0
          ]
        },
        "rightArm2": {
          "rotation": [
            0,
            -5,
            0
          ]
        },
        "leftArm": {
          "rotation": [
            0,
            62.5,
            0
          ]
        },
        "leftArm2": {
          "rotation": [
            0,
            12.5,
            0
          ]
        },
        "rightLeg": {
          "rotation": [
            0,
            0,
            37.5
          ]
        },
        "rightLeg2": {
          "rotation": [
            0,
            -80,
            0
          ]
        },
        "leftLeg": {
          "rotation": [
            0,
            -12.5,
            -27.5
          ]
        },
        "leftLeg2": {
          "rotation": [
            0,
            -80,
            0
          ]
        }
      }
    }
  }
}