{
  "format_version": "1.10.0",
  "minecraft:client_entity": {
    "description": {
      "animations": {
        "attack": "animation.cy_queen_bouncelia.attack",
        "attack_controllers": "controller.animation.cy_queen_bouncelia.attack",
        "general": "controller.animation.cy_queen_bouncelia.general",
        "look_at_target": "animation.common.look_at_target",
        "move": "controller.animation.cy_queen_bouncelia.move",
        "moving": "animation.cy_queen_bouncelia.move"
      },
      "geometry": {
        "default": "geometry.cy_queen_bouncelia"
      },
      "identifier": "cy:queen_bouncelia",
      "materials": {
        "default": "witch"
      },
      "render_controllers": [
        "controller.render.witch"
      ],
      "scripts": {
        "animate": [
          "move",
          "general",
          "attack_controllers"
        ],
        "pre_animation": [
          "variable.attack \u003d Math.sin(variable.attack_time * 30.0);"
        ],
        "scale": "1"
      },
      "spawn_egg": {
        "texture": "cy:queen_bouncelia",
        "texture_index": 0
      },
      "textures": {
        "default": "textures/entity/pamobile/cy_queen_bouncelia"
      }
    }
  }
}