{
    "format_version": "1.8.0",
    "minecraft:entity": {
        "description": {
            "identifier": "pms:scardey_d",
            "is_spawnable": false,
            "is_summonable": true,
            "is_experimental": false,
			"scripts": {
                "animate": [
                    "scardey_d_died"
                ]
            },
            "animations": {
                "scardey_d_died": "controller.animation.scardey_d.died"
			}
        },
        "component_groups": {
            "minecraft:dead_": {
                "minecraft:collision_box": {
                    "width": 0.7,
                    "height": 0.8
                }
            },
            "minecraft:despawndead": {
                "minecraft:type_family": {
                    "family": ["despawn_"]
                }
            }
        },
        "components": {
            "minecraft:knockback_resistance": {
                "value": 1
            },
			"minecraft:scale": {
                "value": 1
            },
			"minecraft:is_sheared":{},
            "minecraft:despawn": {
                "filters": {
                    "all_of": [{
                            "test": "is_family",
                            "subject": "self",
                            "value": "despawn_"
                        }
                    ]
                }
            },
            "minecraft:push_through": {
                "value": 1
            },
            "minecraft:fire_immune": true,
            "minecraft:health": {
                "value": {
                    "range_min": 10,
                    "range_max": 10
                }
            },
            "minecraft:timer": {
                "looping": false,
                "randomInterval": false,
                "time": 30,
                "time_down_event": {
                    "event": "minecraft:event_dead"
                }
            },
            "minecraft:damage_sensor": [{
                    "deals_damage": false
                }
            ],
            "minecraft:physics": {
                "has_gravity": true,
                "has_collusion": false
            }
        },
        "events": {
            "minecraft:entity_transformed": {
                "add": {
                    "component_groups": ["minecraft:dead_"]
                }
            },
            "minecraft:event_dead": {
                "add": {
                    "component_groups": ["minecraft:despawndead"]
                }
            }
        }
    }
}