{
  "format_version": "1.8.0",
  "minecraft:client_entity": {
    "description": {
      "identifier": "mr:nab_climb",
      "materials": {
        "default": "phantom",
        "invisible": "phantom_invisible"
      },
      "textures": {
        "default": "textures/entity/pamobile/mr_nab_climb"
      },
      "geometry": {
        "default": "geometry.mr_nab_climb"
      },
      "scripts": {
        "pre_animation": [
          "variable.wingRotZ = 16.0 * Math.sin((variable.RuntimeID * 3 + query.life_time * 20.0) * 7.448454);",
          "variable.tailRotX = -5.0 * Math.sin((variable.RuntimeID * 3 + query.life_time * 20.0) * 14.896908) - 5.0;"
        ]
      },
      "animations": {
        "phantom_base_pose": "animation.mr_nab_climb.verwalk",
        "move": "animation.mr_nab_climb.verwalk"
      },
      "animation_controllers": [
        {
          "phantom_base_pose": "controller.animation.phantom.base_pose"
        },
        {
          "move": "controller.animation.phantom.move"
        }
      ],
      "particle_effects": {
        "wing_dust": "minecraft:n/n"
      },
      "render_controllers": [
        "controller.render.phantom"
      ],
      "spawn_egg": {
        "texture": "mr:nab_climb",
        "texture_index": 0
      }
    }
  }
}