{
	"format_version": "1.12.0",
	"minecraft:geometry": [
		{
			"description": {
				"identifier": "geometry.opila_bird_scream",
				"texture_width": 128,
				"texture_height": 128,
				"visible_bounds_width": 3,
				"visible_bounds_height": 2.5,
				"visible_bounds_offset": [
					0,
					0.75,
					0
				]
			},
			"bones": [
				{
					"name": "opila_bird",
					"pivot": [
						0,
						0,
						0
					]
				},
				{
					"name": "body",
					"parent": "opila_bird",
					"pivot": [
						0,
						12,
						1
					],
					"cubes": [
						{
							"origin": [
								-2,
								9.5,
								-6
							],
							"size": [
								8,
								6.5,
								15
							],
							"uv": [
								0,
								0
							]
						}
					]
				},
				{
					"name": "head",
					"parent": "opila_bird",
					"pivot": [
						0,
						13.75,
						-5
					],
					"rotation": [
						0,
						0,
						-5
					],
					"cubes": [
						{
							"origin": [
								-2,
								23.5,
								-12.5
							],
							"size": [
								4,
								2.5,
								5.25
							],
							"pivot": [
								0,
								22,
								-11.5
							],
							"rotation": [
								-90,
								0,
								0
							],
							"uv": [
								16,
								37
							]
						},
						{
							"origin": [
								-0.75,
								24.5,
								-13
							],
							"size": [
								1.5,
								3.5,
								1.5
							],
							"pivot": [
								0,
								22,
								-14
							],
							"rotation": [
								-90,
								0,
								0
							],
							"uv": [
								0,
								21
							]
						},
						{
							"origin": [
								-0.63,
								22.75,
								-16.5
							],
							"size": [
								1.25,
								1.25,
								1.15
							],
							"pivot": [
								-0.25,
								16.75,
								-17.5
							],
							"rotation": [
								-47.5,
								0,
								0
							],
							"uv": [
								7,
								24
							]
						},
						{
							"origin": [
								-1.75,
								25.25,
								-15.25
							],
							"size": [
								1.5,
								2.25,
								1.5
							],
							"pivot": [
								0.5,
								21.5,
								-14
							],
							"rotation": [
								-90,
								0,
								0
							],
							"uv": [
								4,
								36
							]
						},
						{
							"origin": [
								-1.5,
								21.5,
								-11
							],
							"size": [
								1,
								2.25,
								1
							],
							"pivot": [
								-1,
								21.75,
								-10.25
							],
							"rotation": [
								-90,
								-2.5,
								5
							],
							"uv": [
								33,
								21
							]
						},
						{
							"origin": [
								0.5,
								22,
								-11
							],
							"size": [
								1,
								2,
								1
							],
							"pivot": [
								1,
								22,
								-10.5
							],
							"rotation": [
								-90.21865,
								4.99523,
								-2.50954
							],
							"uv": [
								27,
								21
							]
						},
						{
							"origin": [
								0.25,
								25.25,
								-15.25
							],
							"size": [
								1.5,
								2.25,
								1.5
							],
							"pivot": [
								2.5,
								21.5,
								-14
							],
							"rotation": [
								-90,
								0,
								0
							],
							"uv": [
								36,
								0
							]
						},
						{
							"origin": [
								-0.5,
								30.25,
								-7.25
							],
							"size": [
								1,
								1,
								4.5
							],
							"pivot": [
								1.5,
								28,
								-11.25
							],
							"rotation": [
								-89.78135,
								-4.99523,
								-2.50954
							],
							"uv": [
								27,
								21
							]
						},
						{
							"origin": [
								-0.5,
								30.25,
								-7.5
							],
							"size": [
								1,
								1,
								3.5
							],
							"pivot": [
								1.75,
								28,
								-11.5
							],
							"rotation": [
								-90,
								0,
								-5
							],
							"uv": [
								27,
								30
							]
						},
						{
							"origin": [
								-1.75,
								30,
								-7.25
							],
							"size": [
								1,
								1,
								3.5
							],
							"pivot": [
								0.25,
								28,
								-11.25
							],
							"rotation": [
								-90,
								0,
								-7.5
							],
							"uv": [
								31,
								0
							]
						},
						{
							"origin": [
								-2,
								22.25,
								-9.25
							],
							"size": [
								4,
								2.5,
								9.25
							],
							"pivot": [
								1.75,
								21,
								-15
							],
							"rotation": [
								-45,
								0,
								0
							],
							"uv": [
								31,
								0
							]
						}
					]
				}
			]
		}
	]
}