{
	"format_version": "1.12.0",
	"minecraft:geometry": [
		{
			"description": {
				"identifier": "geometry.opila_bird_statue",
				"texture_width": 128,
				"texture_height": 128,
				"visible_bounds_width": 3,
				"visible_bounds_height": 2.5,
				"visible_bounds_offset": [
					0,
					0.75,
					0
				]
			},
			"bones": [
				{
					"name": "opila_bird",
					"pivot": [
						0,
						-4,
						-5
					],
					"rotation": [
						-27.5,
						0,
						0
					]
				},
				{
					"name": "body",
					"parent": "opila_bird",
					"pivot": [
						0,
						8,
						-4
					],
					"cubes": [
						{
							"origin": [
								-4,
								5.5,
								-11
							],
							"size": [
								8,
								6.5,
								15
							],
							"uv": [
								0,
								0
							]
						},
						{
							"origin": [
								-0.5,
								8,
								-0.25
							],
							"size": [
								1,
								1.5,
								5
							],
							"pivot": [
								0,
								7.5,
								4.75
							],
							"rotation": [
								-32.5,
								0,
								0
							],
							"uv": [
								0,
								9
							]
						},
						{
							"origin": [
								-5,
								6,
								-9
							],
							"size": [
								2,
								5.5,
								12
							],
							"uv": [
								28,
								37
							]
						},
						{
							"origin": [
								3,
								6,
								-9
							],
							"size": [
								2,
								5.5,
								12
							],
							"uv": [
								0,
								36
							]
						},
						{
							"origin": [
								-4.75,
								7,
								0.5
							],
							"size": [
								1.75,
								4.25,
								5.5
							],
							"pivot": [
								-8,
								8,
								2
							],
							"rotation": [
								-37.5,
								0,
								0
							],
							"uv": [
								0,
								21
							]
						},
						{
							"origin": [
								3,
								7,
								0.5
							],
							"size": [
								1.75,
								4.25,
								5.5
							],
							"pivot": [
								0.75,
								8,
								2
							],
							"rotation": [
								-37.5,
								0,
								0
							],
							"uv": [
								0,
								0
							]
						},
						{
							"origin": [
								-3.5,
								4,
								-10
							],
							"size": [
								7,
								2.5,
								13
							],
							"uv": [
								0,
								21
							]
						},
						{
							"origin": [
								-3.5,
								12,
								-10.5
							],
							"size": [
								7,
								1,
								13.5
							],
							"uv": [
								27,
								23
							]
						}
					]
				},
				{
					"name": "rleg",
					"parent": "opila_bird",
					"pivot": [
						-2.5,
						4.75,
						-3.75
					],
					"rotation": [
						-42.5,
						0,
						0
					]
				},
				{
					"name": "rleg2",
					"parent": "rleg",
					"pivot": [
						-2.25,
						4.75,
						-3.5
					],
					"cubes": [
						{
							"origin": [
								-3,
								1,
								-4.25
							],
							"size": [
								1.25,
								4,
								1.25
							],
							"uv": [
								0,
								0
							]
						}
					]
				},
				{
					"name": "rleg3",
					"parent": "rleg",
					"pivot": [
						-2.25,
						0.75,
						-3.5
					],
					"cubes": [
						{
							"origin": [
								-1.75,
								-4,
								-7
							],
							"size": [
								1,
								1,
								3.25
							],
							"pivot": [
								-0.75,
								-4,
								-6.25
							],
							"rotation": [
								0,
								-15,
								0
							],
							"uv": [
								7,
								0
							]
						},
						{
							"origin": [
								-3.25,
								-4,
								-5
							],
							"size": [
								1.75,
								1,
								2.5
							],
							"uv": [
								5,
								30
							]
						},
						{
							"origin": [
								-4,
								-4,
								-7.25
							],
							"size": [
								1,
								1,
								3.25
							],
							"pivot": [
								-2.75,
								-4,
								-6.5
							],
							"rotation": [
								0,
								15,
								0
							],
							"uv": [
								7,
								9
							]
						},
						{
							"origin": [
								-3,
								-4,
								-7
							],
							"size": [
								1.25,
								1,
								2.75
							],
							"uv": [
								7,
								21
							]
						},
						{
							"origin": [
								-3,
								-4,
								-4.25
							],
							"size": [
								1.25,
								5,
								1.25
							],
							"uv": [
								35,
								26
							]
						}
					]
				},
				{
					"name": "lleg",
					"parent": "opila_bird",
					"pivot": [
						2.5,
						5,
						-3.75
					],
					"rotation": [
						-42.5,
						0,
						0
					]
				},
				{
					"name": "lleg2",
					"parent": "lleg",
					"pivot": [
						2.5,
						5,
						-3.75
					],
					"cubes": [
						{
							"origin": [
								1.75,
								1,
								-4.25
							],
							"size": [
								1.25,
								4,
								1.25
							],
							"uv": [
								0,
								9
							]
						}
					]
				},
				{
					"name": "lleg3",
					"parent": "lleg",
					"pivot": [
						2.5,
						0.75,
						-3.75
					],
					"cubes": [
						{
							"origin": [
								0.75,
								-4,
								-7
							],
							"size": [
								1,
								1,
								3.25
							],
							"pivot": [
								0.75,
								-4,
								-6.25
							],
							"rotation": [
								0,
								15,
								0
							],
							"uv": [
								27,
								26
							]
						},
						{
							"origin": [
								1.75,
								-4,
								-7
							],
							"size": [
								1.25,
								1,
								2.75
							],
							"uv": [
								31,
								4
							]
						},
						{
							"origin": [
								3,
								-4,
								-7.25
							],
							"size": [
								1,
								1,
								3.25
							],
							"pivot": [
								2.75,
								-4,
								-6.5
							],
							"rotation": [
								0,
								-15,
								0
							],
							"uv": [
								0,
								30
							]
						},
						{
							"origin": [
								1.5,
								-4,
								-5
							],
							"size": [
								1.75,
								1,
								2.5
							],
							"uv": [
								31,
								11
							]
						},
						{
							"origin": [
								1.75,
								-4,
								-4.25
							],
							"size": [
								1.25,
								5,
								1.25
							],
							"uv": [
								0,
								36
							]
						}
					]
				},
				{
					"name": "head",
					"parent": "opila_bird",
					"pivot": [
						0,
						9.75,
						-10
					],
					"cubes": [
						{
							"origin": [
								-2,
								19.5,
								-17.5
							],
							"size": [
								4,
								2.5,
								5.25
							],
							"pivot": [
								0,
								18,
								-16.5
							],
							"rotation": [
								-90,
								0,
								0
							],
							"uv": [
								16,
								37
							]
						},
						{
							"origin": [
								-0.75,
								20.5,
								-18
							],
							"size": [
								1.5,
								3.5,
								1.5
							],
							"pivot": [
								0,
								18,
								-19
							],
							"rotation": [
								-90,
								0,
								0
							],
							"uv": [
								0,
								21
							]
						},
						{
							"origin": [
								-0.63,
								18.75,
								-21.5
							],
							"size": [
								1.25,
								1.25,
								1.15
							],
							"pivot": [
								-0.25,
								12.75,
								-22.5
							],
							"rotation": [
								-47.5,
								0,
								0
							],
							"uv": [
								7,
								24
							]
						},
						{
							"origin": [
								-1.75,
								21.25,
								-20.25
							],
							"size": [
								1.5,
								2.25,
								1.5
							],
							"pivot": [
								0.5,
								17.5,
								-19
							],
							"rotation": [
								-90,
								0,
								0
							],
							"uv": [
								4,
								36
							]
						},
						{
							"origin": [
								-1.5,
								17.5,
								-16
							],
							"size": [
								1,
								2.25,
								1
							],
							"pivot": [
								-1,
								17.75,
								-15.25
							],
							"rotation": [
								-90,
								-2.5,
								5
							],
							"uv": [
								33,
								21
							]
						},
						{
							"origin": [
								0.5,
								18,
								-16
							],
							"size": [
								1,
								2,
								1
							],
							"pivot": [
								1,
								18,
								-15.5
							],
							"rotation": [
								-90.21865,
								4.99523,
								-2.50954
							],
							"uv": [
								27,
								21
							]
						},
						{
							"origin": [
								0.25,
								21.25,
								-20.25
							],
							"size": [
								1.5,
								2.25,
								1.5
							],
							"pivot": [
								2.5,
								17.5,
								-19
							],
							"rotation": [
								-90,
								0,
								0
							],
							"uv": [
								36,
								0
							]
						},
						{
							"origin": [
								-0.5,
								26.25,
								-12.25
							],
							"size": [
								1,
								1,
								4.5
							],
							"pivot": [
								1.5,
								24,
								-16.25
							],
							"rotation": [
								-89.78135,
								-4.99523,
								-2.50954
							],
							"uv": [
								27,
								21
							]
						},
						{
							"origin": [
								-0.5,
								26.25,
								-12.5
							],
							"size": [
								1,
								1,
								3.5
							],
							"pivot": [
								1.75,
								24,
								-16.5
							],
							"rotation": [
								-90,
								0,
								-5
							],
							"uv": [
								27,
								30
							]
						},
						{
							"origin": [
								-1.75,
								26,
								-12.25
							],
							"size": [
								1,
								1,
								3.5
							],
							"pivot": [
								0.25,
								24,
								-16.25
							],
							"rotation": [
								-90,
								0,
								-7.5
							],
							"uv": [
								31,
								0
							]
						},
						{
							"origin": [
								-2,
								18.25,
								-14.25
							],
							"size": [
								4,
								2.5,
								9.25
							],
							"pivot": [
								1.75,
								17,
								-20
							],
							"rotation": [
								-45,
								0,
								0
							],
							"uv": [
								31,
								0
							]
						}
					]
				}
			]
		}
	]
}