{
	"format_version": "1.8.0",
	"animations": {
	  "animation.door_close": {
		"animation_length": 1.0,
		"timeline" :{
		"0.9" : "/execute @s ~ ~ ~ fill ^ ^1 ^ ^ ^ ^ barrier"
		}
	  },
	"animation.door_lockable_close": {
		"animation_length": 1.0,
		"timeline" :{
		"0.9" : "/execute @s ~ ~ ~ fill ^ ^1 ^ ^ ^1 ^ barrier"
		}
	  },
	"animation.door_open": {
		"animation_length": 1.0,
		"timeline" :{
		"0.2" : "/execute @s ~ ~ ~ fill ^ ^1 ^ ^ ^ ^ air"
		}
	  },
	"animation.door_lockable_open": {
		"animation_length": 1.0,
		"timeline" :{
		"0.2" : "/execute @s ~ ~ ~ fill ^ ^1 ^ ^ ^1 ^ air"
		}
	  } 
  }
}