{
	"format_version": "1.8.0",
	"animations": {
	  "animation.wardrobe.hide": {
		"animation_length": 12.0,
		"anim_time_update" : "query.anim_time + query.delta_time * 0.7",
		"loop" : false, 
		"timeline" :{
		"7.0" : "/title @a[r=1] actionbar Get out",
		"8.0" : "/title @a[r=1] actionbar §4Get out",
		"9.0" : "/title @a[r=1] actionbar Get out",
		"9.5" : "/title @a[r=1] actionbar §kjj§r§4§lGet out§r§kjj",
		"10.0" : "/title @a[r=1] actionbar §kjjj§r§4§lGet out§r§kjjj",
		"10.25" : "/title @a[r=1] actionbar §kjjjj§r§4Get out§r§kjjjj",
		"10.5" : "/title @a[r=1] actionbar §kjjjjj§r§4§lGet out§r§kjjjjj",
		"10.675" : "/title @a[r=1] title §kjjjjj§r§4Get out§r§kjjjjj",
		"10.75" : "/title @a[r=1] title §kjjjjj§r§4§lGeT ouT§r§kjjjjj",
		"10.875" : "/title @a[r=1] title §kjjjjj§r§4GET OuT§r§kjjjjj",
		"11" : "/title @a[r=1] title §kjjjjjj§r§4GET OUT§r§kjjjjjj",
		"11.1" : "/title @a[r=1] title §kjjjjjj§r§4§lGET OUT§r§kjjjjjj",
		"11.2" : "/title @a[r=1] title §kjjjjjjj§r§4GET OUT§r§kjjjjjjj",
		"11.3" : "/title @a[r=1] title §kjjjjjjjj§r§4§lGET OUT§r§kjjjjjjjj",
		"11.4" : "/title @a[r=1] title §kjjjjjjjjj§r§4§lGET OUT§r§kjjjjjjjjj",
		"11.5" : "/title @a[r=1] title §kjjjjjjjjjj§r§4GET OUT!!§r§kjjjjjjjjjj",
		"11.55" : "/effect @a[r=1] wither 4 15 true",
		"11.575" : "/effect @a[r=1] blindness 3 1 true",
		"11.6" : "/event entity @s ic:force_exit"
		}
	  }
  }
}