{
  "animation_controllers": {
    "controller.animation.slow_sellers_s_jumpscare": {
      "initial_state": "default",
      "states": {
        "default": {
          "transitions": [
            {
              "attack": "variable.attack_time \u003e 0 \u0026\u0026 !query.is_stunned"
            },
            {
              "add": "query.has_rider \u0026\u0026 !query.is_stunned"
            }
          ]
        },
        "add": {
          "on_entry": [
            "/scoreboard objectives add sus dummy",
            "/effect @e[r\u003d2,type\u003d!cy:slow_sellers_s] blindness 2 1 true",
            "/scoreboard players add @e[r\u003d3,type\u003d!cy:slow_sellers_s] sus 1",
            "/execute @e[scores\u003d{sus\u003d8..1000}] ~ ~ ~event entity @e[type\u003dcy:slow_sellers_s,r\u003d5] cy:jumpscare_stop",
            "/execute @e[scores\u003d{sus\u003d8..1000}] ~ ~ ~tag @e[type\u003dcy:slow_sellers_s,r\u003d5] remove sus",
            "/kill @e[scores\u003d{sus\u003d8..1000}]",
            "/scoreboard players set @a[scores\u003d{sus\u003d8..1000}] sus 0"
          ],
          "transitions": [
            {
              "default": "1.0"
            }
          ]
        },
        "attack": {
          "on_entry": [
            "/tag @s add sus",
            "/execute @s ~ ~ ~ ride @e[r\u003d3,type\u003d!cy:slow_sellers_s] start_riding @s",
            "/execute @s ~ ~ ~ effect @e[r\u003d2,type\u003d!cy:slow_sellers_s] blindness 2 1 true",
            "/effect @s slowness 2 255 true",
            "/camerashake add @s 4 1"
          ],
          "transitions": [
            {
              "default": "1.0"
            }
          ]
        }
      }
    }
  },
  "format_version": "1.10.0"
}