{
  "format_version": "1.10.0",
  "minecraft:attachable": {
    "description": {
      "identifier": "kimetsu:haori_yoriichi.player",
      "item": {
        "kimetsu:haori_yoriichi": "query.owner_identifier == 'minecraft:player'"
      },
      "materials": {
        "default": "armor",
        "enchanted": "armor_enchanted"
      },
      "textures": {
        "default": "textures/entity/pamobile/kimetsu_haori_yoriichi",
        "enchanted": "textures/misc/enchanted_item_glint"
      },
      "geometry": {
        "default": "geometry.kimetsu_haori_yoriichi"
      },
      "scripts": {
        "parent_setup": "variable.chest_layer_visible = 0.0;"
      },
      "render_controllers": [
        "controller.render.armor"
      ]
    }
  }
}