{
  "format_version": "1.12.0",
  "minecraft:geometry": [
    {
      "description": {
        "identifier": "geometry.os_b",
        "texture_width": 64,
        "texture_height": 64,
        "visible_bounds_width": 2,
        "visible_bounds_height": 3.5,
        "visible_bounds_offset": [
          0,
          1.25,
          0
        ]
      },
      "bones": [
        {
          "name": "root"
        },
        {
          "name": "waist",
          "parent": "root"
        },
        {
          "name": "body",
          "pivot": [
            0,
            10,
            0
          ],
          "cubes": [
            {
              "origin": [
                -4.0,
                10.0,
                -3.0
              ],
              "size": [
                8.0,
                16.0,
                6.0
              ],
              "uv": [
                0,
                0
              ],
              "inflate": 0
            }
          ],
          "parent": "waist"
        },
        {
          "name": "head",
          "pivot": [
            0,
            26,
            0
          ],
          "cubes": [
            {
              "origin": [
                -4.0,
                26.0,
                -3.0
              ],
              "size": [
                8.0,
                8.0,
                6.0
              ],
              "uv": [
                0,
                22
              ],
              "inflate": 0
            },
            {
              "origin": [
                -4.0,
                34.0,
                -1.0
              ],
              "size": [
                3.0,
                4.0,
                3.0
              ],
              "uv": [
                0,
                43
              ],
              "inflate": 0
            },
            {
              "origin": [
                1.0,
                34.0,
                -1.0
              ],
              "size": [
                3.0,
                4.0,
                3.0
              ],
              "uv": [
                0,
                43
              ],
              "inflate": 0
            },
            {
              "origin": [
                0.0,
                35.0,
                -1.0
              ],
              "size": [
                2.0,
                1.0,
                0.0
              ],
              "pivot": [
                2.0,
                36.0,
                -1.0
              ],
              "rotation": [
                3.61644,
                -19.6835,
                -10.62758
              ],
              "uv": [
                60,
                63
              ],
              "inflate": 0
            },
            {
              "origin": [
                3.0,
                35.0,
                -1.0
              ],
              "size": [
                2.0,
                1.0,
                0.0
              ],
              "pivot": [
                3.0,
                36.0,
                -1.0
              ],
              "rotation": [
                4.11405,
                22.13991,
                10.80524
              ],
              "uv": [
                60,
                63
              ],
              "inflate": 0
            },
            {
              "origin": [
                2.0,
                35.0,
                -2.0
              ],
              "size": [
                1.0,
                1.0,
                1.0
              ],
              "uv": [
                60,
                0
              ],
              "inflate": 0
            },
            {
              "origin": [
                2.0,
                38.0,
                0.0
              ],
              "size": [
                1.0,
                1.0,
                1.0
              ],
              "uv": [
                22,
                0
              ],
              "inflate": 0
            },
            {
              "origin": [
                -3.0,
                38.0,
                0.0
              ],
              "size": [
                1.0,
                1.0,
                1.0
              ],
              "uv": [
                0,
                22
              ],
              "inflate": 0
            }
          ],
          "parent": "body"
        },
        {
          "name": "rightArm",
          "pivot": [
            -2.5,
            25.5,
            0.5
          ],
          "cubes": [
            {
              "origin": [
                -4.0,
                17.0,
                -1.0
              ],
              "size": [
                3.0,
                9.0,
                3.0
              ],
              "uv": [
                15,
                10
              ],
              "inflate": 0
            }
          ],
          "parent": "body"
        },
        {
          "name": "rightArm2",
          "pivot": [
            -2,
            17,
            0
          ],
          "cubes": [
            {
              "origin": [
                -4.0,
                11.0,
                -1.0
              ],
              "size": [
                3.0,
                6.0,
                3.0
              ],
              "uv": [
                12,
                6
              ],
              "inflate": 0
            }
          ],
          "parent": "rightArm"
        },
        {
          "name": "rightArm3",
          "pivot": [
            -2,
            12,
            0
          ],
          "cubes": [
            {
              "origin": [
                -4.5,
                8.5,
                -1.5
              ],
              "size": [
                4.0,
                4.0,
                4.0
              ],
              "uv": [
                28,
                26
              ],
              "inflate": 0
            }
          ],
          "parent": "rightArm2"
        },
        {
          "name": "leftArm",
          "pivot": [
            2.5,
            25.5,
            0.5
          ],
          "cubes": [
            {
              "origin": [
                1.0,
                17.0,
                -1.0
              ],
              "size": [
                3.0,
                9.0,
                3.0
              ],
              "uv": [
                12,
                10
              ],
              "inflate": 0
            }
          ],
          "parent": "body"
        },
        {
          "name": "leftArm2",
          "pivot": [
            3,
            17,
            0
          ],
          "cubes": [
            {
              "origin": [
                1.0,
                11.0,
                -1.0
              ],
              "size": [
                3.0,
                6.0,
                3.0
              ],
              "uv": [
                13,
                6
              ],
              "inflate": 0
            }
          ],
          "parent": "leftArm"
        },
        {
          "name": "leftArm3",
          "pivot": [
            2,
            12,
            0
          ],
          "cubes": [
            {
              "origin": [
                0.5,
                8.5,
                -1.5
              ],
              "size": [
                4.0,
                4.0,
                4.0
              ],
              "uv": [
                0,
                56
              ],
              "inflate": 0
            }
          ],
          "parent": "leftArm2"
        },
        {
          "name": "rightLeg",
          "pivot": [
            -2.16667,
            10.08333,
            0.75
          ],
          "cubes": [
            {
              "origin": [
                -4.0,
                5.0,
                -1.0
              ],
              "size": [
                3.0,
                5.0,
                3.0
              ],
              "uv": [
                11,
                4
              ],
              "inflate": 0
            }
          ],
          "parent": "root"
        },
        {
          "name": "rightLeg2",
          "pivot": [
            -3,
            5,
            0
          ],
          "cubes": [
            {
              "origin": [
                -4.0,
                2.0,
                -1.0
              ],
              "size": [
                3.0,
                3.0,
                3.0
              ],
              "uv": [
                6,
                10
              ],
              "inflate": 0
            },
            {
              "origin": [
                -4.5,
                -0.5,
                -1.5
              ],
              "size": [
                4.0,
                3.0,
                4.0
              ],
              "uv": [
                8,
                15
              ],
              "inflate": 0
            },
            {
              "origin": [
                -4.0,
                -0.75,
                -2.75
              ],
              "size": [
                3.0,
                3.0,
                2.0
              ],
              "uv": [
                16,
                17
              ],
              "inflate": 0
            }
          ],
          "parent": "rightLeg"
        },
        {
          "name": "leftLeg",
          "pivot": [
            2.83333,
            10.08333,
            0.75
          ],
          "cubes": [
            {
              "origin": [
                1.0,
                5.0,
                -1.0
              ],
              "size": [
                3.0,
                5.0,
                3.0
              ],
              "uv": [
                13,
                5
              ],
              "inflate": 0
            }
          ],
          "parent": "root"
        },
        {
          "name": "leftLeg2",
          "pivot": [
            2,
            5,
            0
          ],
          "cubes": [
            {
              "origin": [
                1.0,
                2.0,
                -1.0
              ],
              "size": [
                3.0,
                3.0,
                3.0
              ],
              "uv": [
                12,
                6
              ],
              "inflate": 0
            },
            {
              "origin": [
                0.5,
                -0.5,
                -1.5
              ],
              "size": [
                4.0,
                3.0,
                4.0
              ],
              "uv": [
                6,
                15
              ],
              "inflate": 0
            },
            {
              "origin": [
                1.0,
                -0.75,
                -2.75
              ],
              "size": [
                3.0,
                3.0,
                2.0
              ],
              "uv": [
                16,
                17
              ],
              "inflate": 0
            }
          ],
          "parent": "leftLeg"
        }
      ]
    }
  ]
}