{
  "format_version": "1.12.0",
  "minecraft:geometry": [
    {
      "description": {
        "identifier": "geometry.os_s",
        "texture_width": 64,
        "texture_height": 64,
        "visible_bounds_width": 4,
        "visible_bounds_height": 3.5,
        "visible_bounds_offset": [
          0,
          1.25,
          0
        ]
      },
      "bones": [
        {
          "name": "root",
          "pivot": [
            0,
            14,
            0
          ]
        },
        {
          "name": "waist",
          "pivot": [
            0,
            14,
            0
          ],
          "parent": "root"
        },
        {
          "name": "body",
          "pivot": [
            0,
            0.25,
            0
          ],
          "cubes": [
            {
              "origin": [
                -6.0,
                14.0,
                -6.0
              ],
              "size": [
                12.0,
                3.0,
                12.0
              ],
              "uv": [
                0,
                0
              ],
              "inflate": 0
            },
            {
              "origin": [
                -5.0,
                17.0,
                -5.0
              ],
              "size": [
                10.0,
                11.0,
                10.0
              ],
              "uv": [
                0,
                15
              ],
              "inflate": 0
            }
          ],
          "parent": "waist"
        },
        {
          "name": "eyeball",
          "pivot": [
            0,
            24.58333,
            -3.33333
          ],
          "cubes": [
            {
              "origin": [
                -1.0,
                23.58333,
                -6.33333
              ],
              "size": [
                2.0,
                3.0,
                4.0
              ],
              "uv": [
                0,
                0
              ],
              "inflate": 0
            },
            {
              "origin": [
                -2.0,
                23.0,
                -6.0
              ],
              "size": [
                4.0,
                4.0,
                4.0
              ],
              "uv": [
                30,
                15
              ],
              "inflate": 0
            }
          ],
          "parent": "body"
        },
        {
          "name": "rightArm",
          "pivot": [
            -5,
            18.25,
            -1
          ],
          "cubes": [
            {
              "origin": [
                -12.0,
                17.25,
                -2.0
              ],
              "size": [
                7.0,
                2.0,
                2.0
              ],
              "uv": [
                0,
                32
              ],
              "inflate": 0
            }
          ],
          "parent": "body"
        },
        {
          "name": "rightArm2",
          "pivot": [
            -12,
            18.25,
            -1
          ],
          "cubes": [
            {
              "origin": [
                -19.0,
                17.25,
                -2.0
              ],
              "size": [
                7.0,
                2.0,
                2.0
              ],
              "uv": [
                0,
                32
              ],
              "inflate": 0
            }
          ],
          "parent": "rightArm"
        },
        {
          "name": "leftArm",
          "pivot": [
            5,
            18.25,
            -1
          ],
          "cubes": [
            {
              "origin": [
                5.0,
                17.25,
                -2.0
              ],
              "size": [
                7.0,
                2.0,
                2.0
              ],
              "uv": [
                0,
                32
              ],
              "inflate": 0
            }
          ],
          "parent": "body"
        },
        {
          "name": "leftArm2",
          "pivot": [
            12,
            18.25,
            -1
          ],
          "cubes": [
            {
              "origin": [
                12.0,
                17.25,
                -2.0
              ],
              "size": [
                7.0,
                2.0,
                2.0
              ],
              "uv": [
                0,
                32
              ],
              "inflate": 0
            }
          ],
          "parent": "leftArm"
        },
        {
          "name": "leftArm3",
          "pivot": [
            3,
            14.25,
            -2
          ],
          "cubes": [
            {
              "origin": [
                3.0,
                13.25,
                -3.0
              ],
              "size": [
                7.0,
                2.0,
                2.0
              ],
              "uv": [
                0,
                32
              ],
              "inflate": 0
            }
          ],
          "parent": "body",
          "rotation": [
            0,
            0,
            90
          ]
        },
        {
          "name": "leftArm4",
          "pivot": [
            10,
            14.25,
            -2
          ],
          "cubes": [
            {
              "origin": [
                10.0,
                13.25,
                -3.0
              ],
              "size": [
                7.0,
                2.0,
                2.0
              ],
              "uv": [
                0,
                32
              ],
              "inflate": 0
            }
          ],
          "parent": "leftArm3"
        },
        {
          "name": "leftArm5",
          "pivot": [
            3,
            14.25,
            2
          ],
          "cubes": [
            {
              "origin": [
                3.0,
                13.25,
                1.0
              ],
              "size": [
                7.0,
                2.0,
                2.0
              ],
              "uv": [
                0,
                32
              ],
              "inflate": 0
            }
          ],
          "parent": "body",
          "rotation": [
            0,
            0,
            90
          ]
        },
        {
          "name": "leftArm6",
          "pivot": [
            10,
            14.25,
            2
          ],
          "cubes": [
            {
              "origin": [
                10.0,
                13.25,
                1.0
              ],
              "size": [
                7.0,
                2.0,
                2.0
              ],
              "uv": [
                0,
                32
              ],
              "inflate": 0
            }
          ],
          "parent": "leftArm5"
        },
        {
          "name": "rightArm3",
          "pivot": [
            -2,
            14.25,
            2
          ],
          "cubes": [
            {
              "origin": [
                -2.0,
                13.25,
                1.0
              ],
              "size": [
                7.0,
                2.0,
                2.0
              ],
              "uv": [
                0,
                32
              ],
              "inflate": 0
            }
          ],
          "parent": "body",
          "rotation": [
            0,
            0,
            90
          ]
        },
        {
          "name": "rightArm4",
          "pivot": [
            5,
            14.25,
            2
          ],
          "cubes": [
            {
              "origin": [
                5.0,
                13.25,
                1.0
              ],
              "size": [
                7.0,
                2.0,
                2.0
              ],
              "uv": [
                0,
                32
              ],
              "inflate": 0
            }
          ],
          "parent": "rightArm3"
        },
        {
          "name": "rightArm5",
          "pivot": [
            -2,
            14.25,
            -2
          ],
          "cubes": [
            {
              "origin": [
                -2.0,
                13.25,
                -3.0
              ],
              "size": [
                7.0,
                2.0,
                2.0
              ],
              "uv": [
                0,
                32
              ],
              "inflate": 0
            }
          ],
          "parent": "body",
          "rotation": [
            0,
            0,
            90
          ]
        },
        {
          "name": "rightArm6",
          "pivot": [
            5,
            14.25,
            -2
          ],
          "cubes": [
            {
              "origin": [
                5.0,
                13.25,
                -3.0
              ],
              "size": [
                7.0,
                2.0,
                2.0
              ],
              "uv": [
                0,
                32
              ],
              "inflate": 0
            }
          ],
          "parent": "rightArm5"
        }
      ]
    }
  ]
}