{"format_version":"1.8.0","minecraft:entity":{"description":{"identifier":"yg:seven","is_spawnable":true,"is_summonable":true,"is_experimental":false},"component_groups":{"minecraft:melee":{"minecraft:variant":{"value":1},"minecraft:behavior.nearest_attackable_target":{"priority":2,"must_see":true,"reselect_targets":true,"within_radius":25,"must_see_forget_duration":17,"entity_types":[{"filters":{"any_of":[{"test":"is_family","subject":"other","value":"numbers"},{"test":"is_family","subject":"other","value":"snowgolem"},{"test":"is_family","subject":"other","value":"irongolem"},{"test":"is_family","subject":"other","value":"vex"}]},"max_dist":35}]},"minecraft:behavior.melee_attack":{"priority":3,"track_target":true,"speed_multiplier":1.32},"minecraft:movement":{"value":0.25},"minecraft:attack":{"damage":50}},"minecraft:range":{"minecraft:variant":{"value":2},"minecraft:behavior.ranged_attack":{"priority":4,"attack_interval_min":3,"attack_interval_max":5,"charge_charged_trigger":0,"charge_shoot_trigger":4,"attack_radius":16,"burst_shots":3,"burst_interval":0.3},"minecraft:shooter":{"type":"smallfireball","def":"minecraft:small_fireball"}}},"components":{"minecraft:is_hidden_when_invisible":{},"minecraft:nameable":{},"minecraft:type_family":{"family":["mob","evil_numbers"]},"minecraft:collision_box":{"width":0.6,"height":1.6},"minecraft:movement.basic":{},"minecraft:navigation.walk":{"avoid_damage_blocks":true,"can_walk":true,"can_path_over_water":true,"avoid_water":false},"minecraft:movement":{"value":0.25},"minecraft:scale":{"value":1},"minecraft:jump.static":{},"minecraft:can_climb":{},"minecraft:attack":{"damage":50},"minecraft:health":{"value":250,"max":250},"minecraft:follow_range":{"value":30,"max":30},"minecraft:leashable":{"soft_distance":4,"hard_distance":6,"max_distance":10,"can_be_stolen":true},"minecraft:loot":{"table":"loot_tables/entities/null.json"},"minecraft:behavior.melee_attack":{"priority":3,"track_target":true,"speed_multiplier":1.25},"minecraft:behavior.random_stroll":{"priority":7,"speed_multiplier":1},"minecraft:behavior.look_at_player":{"priority":8,"look_distance":6,"probability":0.02},"minecraft:behavior.random_look_around":{"priority":9},"minecraft:behavior.hurt_by_target":{"priority":1,"alert_same_type":true,"entity_types":{"filters":{"any_of":[{"test":"is_family","subject":"other","operator":"!=","value":"evil_numbers"}]},"max_dist":64}},"minecraft:knockback_resistance":{"value":0.3},"minecraft:physics":{},"minecraft:pushable":{"is_pushable":true,"is_pushable_by_piston":true},"minecraft:behavior.float":{"priority":1},"minecraft:behavior.nearest_attackable_target":{"priority":2,"must_see":true,"reselect_targets":true,"within_radius":25,"must_see_forget_duration":17,"entity_types":[{"filters":{"any_of":[{"test":"is_family","subject":"other","value":"numbers"},{"test":"is_family","subject":"other","value":"snowgolem"},{"test":"is_family","subject":"other","value":"irongolem"},{"test":"is_family","subject":"other","value":"vex"}]},"max_dist":35}]},"minecraft:behavior.melee_attack":{"priority":3,"track_target":true,"speed_multiplier":1.32},"minecraft:target_nearby_sensor":{"inside_range":2,"outside_range":6,"on_inside_range":{"event":"minecraft:stop_shoot","target":"self"},"on_outside_range":{"event":"minecraft:shoot","target":"self"}}},"events":{"minecraft:stop_shoot":{"remove":{"component_groups":["minecraft:range"]},"add":{"component_groups":["minecraft:melee"]}},"minecraft:shoot":{"add":{"component_groups":["minecraft:range"]}}}}}