{
  "format_version": "1.10.0",
  "minecraft:client_entity": {
    "description": {
      "identifier": "dy:aer",
      "textures": {
        "default": "textures/entity/aer"
      },
      "materials": {
        "default": "skeleton"
      },
      "geometry": {
        "default": "geometry.aer"
      },
      "render_controllers": [
        "controller.render.translucence"
      ],
      "animations": {
        "idle": "animation.aer.idle"
      },
      "spawn_egg": {
        "base_color": "#000000",
        "overlay_color": "#1A1A1A"
      },
      "scripts": {
        "animate": [
          "root",
          {
            "idle": "!query.is_moving"
          }
        ]
      }
    }
  }
}