{
  "format_version": "1.10.0",
  "geometry.bd_creator": {
    "texturewidth": 64,
    "textureheight": 64,
    "visible_bounds_width": 2,
    "visible_bounds_height": 3,
    "visible_bounds_offset": [
      0,
      1.5,
      0
    ],
    "bones": [
      {
        "name": "body",
        "pivot": [
          0,
          24,
          0
        ],
        "cubes": [
          {
            "origin": [
              -4,
              12,
              -2
            ],
            "size": [
              8,
              12,
              4
            ],
            "uv": [
              16,
              16
            ]
          }
        ]
      },
      {
        "name": "jacket",
        "parent": "body",
        "pivot": [
          0,
          24,
          0
        ],
        "cubes": [
          {
            "origin": [
              -4,
              12,
              -2
            ],
            "size": [
              8,
              12,
              4
            ],
            "uv": [
              16,
              32
            ],
            "inflate": 0.5
          }
        ]
      },
      {
        "name": "head",
        "pivot": [
          0,
          24,
          0
        ],
        "cubes": [
          {
            "origin": [
              -4,
              24,
              -4
            ],
            "size": [
              8,
              8,
              8
            ],
            "uv": [
              0,
              0
            ]
          }
        ]
      },
      {
        "name": "hat",
        "parent": "head",
        "pivot": [
          0,
          24,
          0
        ],
        "cubes": [
          {
            "origin": [
              -4,
              24,
              -4
            ],
            "size": [
              8,
              8,
              8
            ],
            "uv": [
              32,
              0
            ],
            "inflate": 0.5
          }
        ]
      },
      {
        "name": "leftArm",
        "pivot": [
          5,
          22,
          0
        ],
        "cubes": [
          {
            "origin": [
              4,
              12,
              -2
            ],
            "size": [
              3,
              12,
              4
            ],
            "uv": [
              32,
              48
            ]
          }
        ]
      },
      {
        "name": "leftSleeve",
        "parent": "leftArm",
        "pivot": [
          5,
          22,
          0
        ],
        "cubes": [
          {
            "origin": [
              4,
              12,
              -2
            ],
            "size": [
              3,
              12,
              4
            ],
            "uv": [
              48,
              48
            ],
            "inflate": 0.5
          }
        ]
      },
      {
        "name": "rightArm",
        "pivot": [
          -5,
          22,
          0
        ],
        "mirror": true,
        "cubes": [
          {
            "origin": [
              -7,
              12,
              -2
            ],
            "size": [
              3,
              12,
              4
            ],
            "uv": [
              40,
              16
            ],
            "mirror": false
          }
        ]
      },
      {
        "name": "rightSleeve",
        "parent": "rightArm",
        "pivot": [
          -5,
          22,
          0
        ],
        "mirror": true,
        "cubes": [
          {
            "origin": [
              -7,
              12,
              -2
            ],
            "size": [
              3,
              12,
              4
            ],
            "uv": [
              40,
              32
            ],
            "inflate": 0.5,
            "mirror": false
          }
        ]
      },
      {
        "name": "leftLeg",
        "pivot": [
          1.9,
          12,
          0
        ],
        "cubes": [
          {
            "origin": [
              0.05,
              0,
              -2
            ],
            "size": [
              4,
              12,
              4
            ],
            "uv": [
              16,
              48
            ]
          }
        ]
      },
      {
        "name": "leftPants",
        "parent": "leftLeg",
        "pivot": [
          1.9,
          12,
          0
        ],
        "cubes": [
          {
            "origin": [
              0.25,
              0,
              -2
            ],
            "size": [
              4,
              12,
              4
            ],
            "uv": [
              0,
              48
            ],
            "inflate": 0.25
          }
        ]
      },
      {
        "name": "rightLeg",
        "pivot": [
          -1.9,
          12,
          0
        ],
        "mirror": true,
        "cubes": [
          {
            "origin": [
              -4.05,
              0,
              -2
            ],
            "size": [
              4,
              12,
              4
            ],
            "uv": [
              0,
              16
            ],
            "mirror": false
          }
        ]
      },
      {
        "name": "rightPants",
        "parent": "rightLeg",
        "pivot": [
          -1.9,
          12,
          0
        ],
        "mirror": true,
        "cubes": [
          {
            "origin": [
              -4.25,
              0,
              -2
            ],
            "size": [
              4,
              12,
              4
            ],
            "uv": [
              0,
              32
            ],
            "inflate": 0.25,
            "mirror": false
          }
        ]
      }
    ]
  }
}