{
  "format_version": "1.12.0",
  "minecraft:geometry": [
    {
      "description": {
        "identifier": "geometry.bd_jumbo_2",
        "texture_width": 128,
        "texture_height": 128,
        "visible_bounds_width": 10,
        "visible_bounds_height": 8,
        "visible_bounds_offset": [
          0,
          3,
          0
        ]
      },
      "bones": [
        {
          "name": "bb_main",
          "pivot": [
            0,
            8,
            43
          ],
          "rotation": [
            90,
            0,
            0
          ],
          "cubes": [
            {
              "origin": [
                -12,
                80,
                32
              ],
              "size": [
                25,
                20,
                14
              ],
              "pivot": [
                0,
                85,
                43
              ],
              "rotation": [
                0,
                7.5,
                0
              ],
              "uv": [
                6,
                7
              ]
            },
            {
              "origin": [
                -9,
                91,
                32
              ],
              "size": [
                5,
                5,
                1
              ],
              "uv": [
                0,
                6
              ]
            },
            {
              "origin": [
                5,
                91,
                30
              ],
              "size": [
                5,
                5,
                1
              ],
              "uv": [
                0,
                6
              ]
            },
            {
              "origin": [
                -8,
                92,
                31
              ],
              "size": [
                3,
                3,
                2
              ],
              "uv": [
                0,
                12
              ]
            },
            {
              "origin": [
                6,
                92,
                29
              ],
              "size": [
                3,
                3,
                2
              ],
              "uv": [
                0,
                12
              ]
            },
            {
              "origin": [
                -9,
                53,
                33
              ],
              "size": [
                19,
                28,
                13
              ],
              "uv": [
                54,
                87
              ]
            },
            {
              "origin": [
                3,
                38,
                36
              ],
              "size": [
                7,
                17,
                8
              ],
              "uv": [
                13,
                72
              ]
            },
            {
              "origin": [
                16,
                52,
                36
              ],
              "size": [
                7,
                17,
                8
              ],
              "pivot": [
                13,
                69,
                43
              ],
              "rotation": [
                0,
                0,
                -122.5
              ],
              "uv": [
                25,
                81
              ]
            },
            {
              "origin": [
                -12,
                38,
                36
              ],
              "size": [
                7,
                17,
                8
              ],
              "pivot": [
                -6,
                46,
                43
              ],
              "rotation": [
                0,
                0,
                27.5
              ],
              "uv": [
                54,
                26
              ]
            },
            {
              "origin": [
                6,
                17,
                37
              ],
              "size": [
                5,
                21,
                6
              ],
              "pivot": [
                6,
                31,
                43
              ],
              "rotation": [
                0,
                0,
                -10
              ],
              "uv": [
                13,
                65
              ]
            },
            {
              "origin": [
                -15,
                60,
                36
              ],
              "size": [
                7,
                17,
                8
              ],
              "pivot": [
                -11,
                70,
                43
              ],
              "rotation": [
                0,
                0,
                27.5
              ],
              "uv": [
                72,
                11
              ]
            },
            {
              "origin": [
                -24,
                48,
                37
              ],
              "size": [
                4,
                1,
                6
              ],
              "pivot": [
                -24,
                49,
                43
              ],
              "rotation": [
                2.47864,
                0.32621,
                20.00706
              ],
              "uv": [
                29,
                81
              ]
            },
            {
              "origin": [
                36.23251,
                94.82032,
                37
              ],
              "size": [
                4,
                1,
                6
              ],
              "pivot": [
                41,
                107,
                43
              ],
              "rotation": [
                0,
                0,
                30
              ],
              "uv": [
                75,
                64
              ]
            },
            {
              "origin": [
                33,
                17,
                37
              ],
              "size": [
                4,
                17,
                6
              ],
              "pivot": [
                22,
                57,
                43
              ],
              "rotation": [
                0,
                0,
                -147.5
              ],
              "uv": [
                12,
                77
              ]
            },
            {
              "origin": [
                -20,
                47,
                37
              ],
              "size": [
                4,
                17,
                6
              ],
              "pivot": [
                -18,
                56,
                43
              ],
              "rotation": [
                0,
                0,
                25
              ],
              "uv": [
                68,
                17
              ]
            },
            {
              "origin": [
                -14,
                20,
                37
              ],
              "size": [
                5,
                21,
                6
              ],
              "uv": [
                34,
                84
              ]
            }
          ]
        }
      ]
    }
  ]
}