{
  "format_version": "1.8.0",
  "animations": {
    "animation.ban_ag1.ban": {
      "animation_length": 20.8,
      "bones": {
        "All": {
          "position": {
            "0.0": {
              "post": [
                0,
                0,
                0
              ],
              "lerp_mode": "catmullrom"
            },
            "2.0": {
              "post": [
                0,
                0,
                0
              ],
              "lerp_mode": "catmullrom"
            },
            "7.0": {
              "post": [
                0,
                40,
                0
              ],
              "lerp_mode": "catmullrom"
            },
            "8.0": {
              "post": [
                0,
                -200,
                0
              ],
              "lerp_mode": "catmullrom"
            },
            "20.8": {
              "post": [
                0,
                -200,
                0
              ],
              "lerp_mode": "catmullrom"
            }
          }
        }
      }
    }
  }
}