{
  "format_version": "1.8.0",
  "animations": {
    "animation.El_goblino_ag1.pose": {
      "loop": true,
      "bones": {
        "Body": {
          "rotation": [
            0,
            0,
            -5
          ]
        },
        "Head": {
          "rotation": [
            0,
            -20,
            0
          ]
        },
        "Arm": {
          "rotation": [
            0,
            0,
            7.5
          ]
        },
        "Leg": {
          "rotation": [
            0,
            5,
            0
          ],
          "position": [
            0,
            0,
            0.5
          ]
        },
        "Arm2": {
          "rotation": [
            0,
            -90,
            -120
          ]
        },
        "Leg2": {
          "rotation": [
            0,
            -10,
            0
          ]
        }
      }
    },
    "animation.El_goblino_ag1.loo": {
      "loop": true,
      "bones": {
        "Head": {
          "rotation": [
            "query.target_x_rotation",
            "query.target_y_rotation",
            0
          ]
        }
      }
    },
    "animation.El_goblino_ag1.pose2": {
      "loop": true,
      "bones": {
        "Body": {
          "rotation": [
            20,
            0,
            0
          ]
        },
        "Head": {
          "rotation": [
            20,
            0,
            0
          ]
        },
        "Mouth": {
          "rotation": [
            -40,
            0,
            0
          ]
        },
        "Arm": {
          "rotation": [
            -60,
            0,
            10
          ]
        },
        "Leg": {
          "rotation": [
            -40,
            0,
            0
          ],
          "position": [
            0,
            1,
            -1
          ]
        },
        "Arm2": {
          "rotation": [
            -80,
            0,
            -10
          ]
        },
        "Leg2": {
          "rotation": [
            60,
            0,
            0
          ],
          "position": [
            0,
            0,
            1
          ]
        }
      }
    },
    "animation.El_goblino_ag1.gen": {
      "loop": true,
      "animation_length": 2,
      "bones": {
        "Body": {
          "rotation": {
            "0.0": {
              "post": [
                0,
                0,
                0
              ],
              "lerp_mode": "catmullrom"
            },
            "1.0": {
              "post": [
                5,
                0,
                0
              ],
              "lerp_mode": "catmullrom"
            },
            "2.0": {
              "post": [
                0,
                0,
                0
              ],
              "lerp_mode": "catmullrom"
            }
          }
        },
        "Head": {
          "rotation": {
            "0.0": {
              "post": [
                0,
                0,
                0
              ],
              "lerp_mode": "catmullrom"
            },
            "1.5": {
              "post": [
                5,
                0,
                0
              ],
              "lerp_mode": "catmullrom"
            },
            "2.0": {
              "post": [
                0,
                0,
                0
              ],
              "lerp_mode": "catmullrom"
            }
          }
        },
        "Arm": {
          "rotation": {
            "0.0": {
              "post": [
                0,
                0,
                5
              ],
              "lerp_mode": "catmullrom"
            },
            "1.0": {
              "post": [
                0,
                0,
                10
              ],
              "lerp_mode": "catmullrom"
            },
            "2.0": {
              "post": [
                0,
                0,
                5
              ],
              "lerp_mode": "catmullrom"
            }
          }
        },
        "Arm2": {
          "rotation": {
            "0.0": {
              "post": [
                0,
                0,
                -5
              ],
              "lerp_mode": "catmullrom"
            },
            "1.0": {
              "post": [
                0,
                0,
                -10
              ],
              "lerp_mode": "catmullrom"
            },
            "2.0": {
              "post": [
                0,
                0,
                -5
              ],
              "lerp_mode": "catmullrom"
            }
          }
        },
        "Leg": {
          "rotation": {
            "0.0": {
              "post": [
                0,
                5,
                0
              ],
              "lerp_mode": "catmullrom"
            },
            "1.0": {
              "post": [
                0,
                5,
                0
              ],
              "lerp_mode": "catmullrom"
            },
            "2.0": {
              "post": [
                0,
                5,
                0
              ],
              "lerp_mode": "catmullrom"
            }
          }
        },
        "Leg2": {
          "rotation": {
            "0.0": {
              "post": [
                0,
                -5,
                0
              ],
              "lerp_mode": "catmullrom"
            },
            "1.0": {
              "post": [
                0,
                -5,
                0
              ],
              "lerp_mode": "catmullrom"
            },
            "2.0": {
              "post": [
                0,
                -5,
                0
              ],
              "lerp_mode": "catmullrom"
            }
          }
        }
      }
    },
    "animation.El_goblino_ag1.wal": {
      "loop": true,
      "animation_length": 1.33333,
      "bones": {
        "All": {
          "position": {
            "0.0": [
              0,
              1,
              0
            ],
            "0.3333": [
              0,
              0,
              0
            ],
            "0.6667": [
              0,
              1,
              0
            ],
            "1.0": [
              0,
              0,
              0
            ],
            "1.3333": [
              0,
              1,
              0
            ]
          }
        },
        "Body": {
          "rotation": {
            "0.0": {
              "post": [
                0,
                0,
                0
              ],
              "lerp_mode": "catmullrom"
            },
            "0.3333": {
              "post": [
                5,
                10,
                0
              ],
              "lerp_mode": "catmullrom"
            },
            "0.6667": {
              "post": [
                0,
                0,
                0
              ],
              "lerp_mode": "catmullrom"
            },
            "1.0": {
              "post": [
                5,
                -10,
                0
              ],
              "lerp_mode": "catmullrom"
            },
            "1.3333": {
              "post": [
                0,
                0,
                0
              ],
              "lerp_mode": "catmullrom"
            }
          }
        },
        "Head": {
          "rotation": {
            "0.0": {
              "post": [
                0,
                0,
                0
              ],
              "lerp_mode": "catmullrom"
            },
            "0.3333": {
              "post": [
                0,
                -10,
                0
              ],
              "lerp_mode": "catmullrom"
            },
            "0.6667": {
              "post": [
                0,
                0,
                0
              ],
              "lerp_mode": "catmullrom"
            },
            "1.0": {
              "post": [
                0,
                10,
                0
              ],
              "lerp_mode": "catmullrom"
            },
            "1.3333": {
              "post": [
                0,
                0,
                0
              ],
              "lerp_mode": "catmullrom"
            }
          }
        },
        "Arm": {
          "rotation": {
            "0.0": {
              "post": [
                -5,
                0,
                0
              ],
              "lerp_mode": "catmullrom"
            },
            "0.3333": {
              "post": [
                10,
                0,
                0
              ],
              "lerp_mode": "catmullrom"
            },
            "0.6667": {
              "post": [
                5,
                0,
                0
              ],
              "lerp_mode": "catmullrom"
            },
            "1.0": {
              "post": [
                -20,
                0,
                0
              ],
              "lerp_mode": "catmullrom"
            },
            "1.3333": {
              "post": [
                -5,
                0,
                0
              ],
              "lerp_mode": "catmullrom"
            }
          }
        },
        "Arm2": {
          "rotation": {
            "0.0": {
              "post": [
                5,
                0,
                0
              ],
              "lerp_mode": "catmullrom"
            },
            "0.3333": {
              "post": [
                -20,
                0,
                0
              ],
              "lerp_mode": "catmullrom"
            },
            "0.6667": {
              "post": [
                -5,
                0,
                0
              ],
              "lerp_mode": "catmullrom"
            },
            "1.0": {
              "post": [
                10,
                0,
                0
              ],
              "lerp_mode": "catmullrom"
            },
            "1.3333": {
              "post": [
                5,
                0,
                0
              ],
              "lerp_mode": "catmullrom"
            }
          }
        },
        "Leg": {
          "rotation": {
            "0.0": {
              "post": [
                10,
                0,
                0
              ],
              "lerp_mode": "catmullrom"
            },
            "0.3333": {
              "post": [
                -10,
                0,
                0
              ],
              "lerp_mode": "catmullrom"
            },
            "0.6667": {
              "post": [
                0,
                0,
                0
              ],
              "lerp_mode": "catmullrom"
            },
            "1.0": {
              "post": [
                20,
                0,
                0
              ],
              "lerp_mode": "catmullrom"
            },
            "1.3333": {
              "post": [
                10,
                0,
                0
              ],
              "lerp_mode": "catmullrom"
            }
          },
          "position": {
            "0.0": {
              "post": [
                0,
                1,
                -1
              ],
              "lerp_mode": "catmullrom"
            },
            "0.3333": {
              "post": [
                0,
                0,
                -2
              ],
              "lerp_mode": "catmullrom"
            },
            "0.6667": {
              "post": [
                0,
                -1,
                1
              ],
              "lerp_mode": "catmullrom"
            },
            "1.0": {
              "post": [
                0,
                0,
                1
              ],
              "lerp_mode": "catmullrom"
            },
            "1.3333": {
              "post": [
                0,
                1,
                -1
              ],
              "lerp_mode": "catmullrom"
            }
          }
        },
        "Leg2": {
          "rotation": {
            "0.0": {
              "post": [
                0,
                0,
                0
              ],
              "lerp_mode": "catmullrom"
            },
            "0.3333": {
              "post": [
                20,
                0,
                0
              ],
              "lerp_mode": "catmullrom"
            },
            "0.6667": {
              "post": [
                10,
                0,
                0
              ],
              "lerp_mode": "catmullrom"
            },
            "1.0": {
              "post": [
                -10,
                0,
                0
              ],
              "lerp_mode": "catmullrom"
            },
            "1.3333": {
              "post": [
                0,
                0,
                0
              ],
              "lerp_mode": "catmullrom"
            }
          },
          "position": {
            "0.0": {
              "post": [
                0,
                -1,
                1
              ],
              "lerp_mode": "catmullrom"
            },
            "0.3333": {
              "post": [
                0,
                0,
                1
              ],
              "lerp_mode": "catmullrom"
            },
            "0.6667": {
              "post": [
                0,
                1,
                -1
              ],
              "lerp_mode": "catmullrom"
            },
            "1.0": {
              "post": [
                0,
                0,
                -2
              ],
              "lerp_mode": "catmullrom"
            },
            "1.3333": {
              "post": [
                0,
                -1,
                1
              ],
              "lerp_mode": "catmullrom"
            }
          }
        }
      }
    },
    "animation.El_goblino_ag1.mov": {
      "loop": true,
      "animation_length": 0.66667,
      "bones": {
        "All": {
          "position": {
            "0.0": {
              "post": [
                0,
                1,
                0
              ],
              "lerp_mode": "catmullrom"
            },
            "0.1667": {
              "post": [
                0,
                0,
                0
              ],
              "lerp_mode": "catmullrom"
            },
            "0.3333": {
              "post": [
                0,
                1,
                0
              ],
              "lerp_mode": "catmullrom"
            },
            "0.5": {
              "post": [
                0,
                0,
                0
              ],
              "lerp_mode": "catmullrom"
            },
            "0.6667": {
              "post": [
                0,
                1,
                0
              ],
              "lerp_mode": "catmullrom"
            }
          }
        },
        "Body": {
          "rotation": {
            "0.0": {
              "post": [
                20,
                0,
                0
              ],
              "lerp_mode": "catmullrom"
            },
            "0.1667": {
              "post": [
                20,
                20,
                0
              ],
              "lerp_mode": "catmullrom"
            },
            "0.3333": {
              "post": [
                20,
                0,
                0
              ],
              "lerp_mode": "catmullrom"
            },
            "0.5": {
              "post": [
                20,
                -20,
                0
              ],
              "lerp_mode": "catmullrom"
            },
            "0.6667": {
              "post": [
                20,
                0,
                0
              ],
              "lerp_mode": "catmullrom"
            }
          }
        },
        "Head": {
          "rotation": {
            "0.0": {
              "post": [
                20,
                0,
                0
              ],
              "lerp_mode": "catmullrom"
            },
            "0.1667": {
              "post": [
                20,
                -20,
                0
              ],
              "lerp_mode": "catmullrom"
            },
            "0.3333": {
              "post": [
                20,
                0,
                0
              ],
              "lerp_mode": "catmullrom"
            },
            "0.5": {
              "post": [
                20,
                20,
                0
              ],
              "lerp_mode": "catmullrom"
            },
            "0.6667": {
              "post": [
                20,
                0,
                0
              ],
              "lerp_mode": "catmullrom"
            }
          }
        },
        "Mouth": {
          "rotation": {
            "0.0": {
              "post": [
                -40,
                0,
                0
              ],
              "lerp_mode": "catmullrom"
            },
            "0.1667": {
              "post": [
                -40,
                0,
                0
              ],
              "lerp_mode": "catmullrom"
            },
            "0.3333": {
              "post": [
                -40,
                0,
                0
              ],
              "lerp_mode": "catmullrom"
            },
            "0.5": {
              "post": [
                -40,
                0,
                0
              ],
              "lerp_mode": "catmullrom"
            },
            "0.6667": {
              "post": [
                -40,
                0,
                0
              ],
              "lerp_mode": "catmullrom"
            }
          }
        },
        "Arm": {
          "rotation": {
            "0.0": {
              "post": [
                -70,
                0,
                10
              ],
              "lerp_mode": "catmullrom"
            },
            "0.1667": {
              "post": [
                -60,
                0,
                10
              ],
              "lerp_mode": "catmullrom"
            },
            "0.3333": {
              "post": [
                -80,
                0,
                10
              ],
              "lerp_mode": "catmullrom"
            },
            "0.5": {
              "post": [
                -80,
                0,
                10
              ],
              "lerp_mode": "catmullrom"
            },
            "0.6667": {
              "post": [
                -70,
                0,
                10
              ],
              "lerp_mode": "catmullrom"
            }
          }
        },
        "Arm2": {
          "rotation": {
            "0.0": {
              "post": [
                -80,
                0,
                -10
              ],
              "lerp_mode": "catmullrom"
            },
            "0.1667": {
              "post": [
                -80,
                0,
                -10
              ],
              "lerp_mode": "catmullrom"
            },
            "0.3333": {
              "post": [
                -70,
                0,
                -10
              ],
              "lerp_mode": "catmullrom"
            },
            "0.5": {
              "post": [
                -60,
                0,
                -10
              ],
              "lerp_mode": "catmullrom"
            },
            "0.6667": {
              "post": [
                -80,
                0,
                -10
              ],
              "lerp_mode": "catmullrom"
            }
          }
        },
        "Leg": {
          "rotation": {
            "0.0": {
              "post": [
                0,
                0,
                0
              ],
              "lerp_mode": "catmullrom"
            },
            "0.1667": {
              "post": [
                -30,
                0,
                0
              ],
              "lerp_mode": "catmullrom"
            },
            "0.3333": {
              "post": [
                20,
                0,
                0
              ],
              "lerp_mode": "catmullrom"
            },
            "0.5": {
              "post": [
                60,
                0,
                0
              ],
              "lerp_mode": "catmullrom"
            },
            "0.6667": {
              "post": [
                0,
                0,
                0
              ],
              "lerp_mode": "catmullrom"
            }
          },
          "position": {
            "0.0": {
              "post": [
                0,
                2,
                -1
              ],
              "lerp_mode": "catmullrom"
            },
            "0.1667": {
              "post": [
                0,
                0,
                -2
              ],
              "lerp_mode": "catmullrom"
            },
            "0.3333": {
              "post": [
                0,
                0,
                0
              ],
              "lerp_mode": "catmullrom"
            },
            "0.5": {
              "post": [
                0,
                0,
                1
              ],
              "lerp_mode": "catmullrom"
            },
            "0.6667": {
              "post": [
                0,
                2,
                -1
              ],
              "lerp_mode": "catmullrom"
            }
          }
        },
        "Leg2": {
          "rotation": {
            "0.0": {
              "post": [
                20,
                0,
                0
              ],
              "lerp_mode": "catmullrom"
            },
            "0.1667": {
              "post": [
                60,
                0,
                0
              ],
              "lerp_mode": "catmullrom"
            },
            "0.3333": {
              "post": [
                0,
                0,
                0
              ],
              "lerp_mode": "catmullrom"
            },
            "0.5": {
              "post": [
                -30,
                0,
                0
              ],
              "lerp_mode": "catmullrom"
            },
            "0.6667": {
              "post": [
                20,
                0,
                0
              ],
              "lerp_mode": "catmullrom"
            }
          },
          "position": {
            "0.0": {
              "post": [
                0,
                0,
                0
              ],
              "lerp_mode": "catmullrom"
            },
            "0.1667": {
              "post": [
                0,
                0,
                1
              ],
              "lerp_mode": "catmullrom"
            },
            "0.3333": {
              "post": [
                0,
                2,
                -1
              ],
              "lerp_mode": "catmullrom"
            },
            "0.5": {
              "post": [
                0,
                0,
                -2
              ],
              "lerp_mode": "catmullrom"
            },
            "0.6667": {
              "post": [
                0,
                0,
                0
              ],
              "lerp_mode": "catmullrom"
            }
          }
        }
      }
    },
    "animation.El_goblino_ag1.jum": {
      "loop": "hold_on_last_frame",
      "animation_length": 1.125,
      "bones": {
        "Body": {
          "rotation": {
            "0.0833": {
              "pre": [
                10,
                0,
                0
              ],
              "post": [
                10,
                0,
                0
              ],
              "lerp_mode": "catmullrom"
            },
            "0.3333": {
              "post": [
                10,
                0,
                0
              ],
              "lerp_mode": "catmullrom"
            },
            "0.5833": {
              "post": [
                0,
                0,
                0
              ],
              "lerp_mode": "catmullrom"
            },
            "0.8333": {
              "post": [
                -10,
                0,
                0
              ],
              "lerp_mode": "catmullrom"
            },
            "0.9583": {
              "post": [
                20,
                0,
                0
              ],
              "lerp_mode": "catmullrom"
            },
            "1.125": [
              20,
              0,
              0
            ]
          }
        },
        "Head": {
          "rotation": {
            "0.0833": {
              "pre": [
                10,
                0,
                0
              ],
              "post": [
                10,
                0,
                0
              ],
              "lerp_mode": "catmullrom"
            },
            "0.3333": {
              "post": [
                10,
                0,
                0
              ],
              "lerp_mode": "catmullrom"
            },
            "0.5833": {
              "post": [
                10,
                0,
                0
              ],
              "lerp_mode": "catmullrom"
            },
            "0.625": {
              "post": [
                10.28935,
                0,
                10
              ],
              "lerp_mode": "catmullrom"
            },
            "0.6667": {
              "post": [
                10.66389,
                0,
                -10
              ],
              "lerp_mode": "catmullrom"
            },
            "0.7083": {
              "post": [
                11.14,
                0,
                10
              ],
              "lerp_mode": "catmullrom"
            },
            "0.75": {
              "post": [
                11.76,
                0,
                -10
              ],
              "lerp_mode": "catmullrom"
            },
            "0.7917": {
              "post": [
                12.48,
                0,
                10
              ],
              "lerp_mode": "catmullrom"
            },
            "0.8333": {
              "post": [
                10,
                0,
                0
              ],
              "lerp_mode": "catmullrom"
            },
            "0.9583": {
              "post": [
                -15,
                0,
                0
              ],
              "lerp_mode": "catmullrom"
            },
            "1.125": [
              -15,
              0,
              0
            ]
          }
        },
        "Mouth": {
          "rotation": {
            "0.0833": {
              "pre": [
                0,
                0,
                0
              ],
              "post": [
                0,
                0,
                0
              ],
              "lerp_mode": "catmullrom"
            },
            "0.3333": {
              "post": [
                0,
                0,
                0
              ],
              "lerp_mode": "catmullrom"
            },
            "0.5833": {
              "post": [
                -40,
                0,
                0
              ],
              "lerp_mode": "catmullrom"
            },
            "0.8333": {
              "post": [
                -70,
                0,
                0
              ],
              "lerp_mode": "catmullrom"
            },
            "0.9583": {
              "post": [
                0,
                0,
                0
              ],
              "lerp_mode": "catmullrom"
            },
            "1.125": [
              0,
              0,
              0
            ]
          }
        },
        "Arm": {
          "rotation": {
            "0.0833": {
              "pre": [
                -90,
                0,
                10
              ],
              "post": [
                -90,
                0,
                10
              ],
              "lerp_mode": "catmullrom"
            },
            "0.3333": {
              "post": [
                -90,
                0,
                10
              ],
              "lerp_mode": "catmullrom"
            },
            "0.5833": {
              "post": [
                -90,
                0,
                10
              ],
              "lerp_mode": "catmullrom"
            },
            "0.8333": {
              "post": [
                -90,
                0,
                10
              ],
              "lerp_mode": "catmullrom"
            },
            "0.9583": {
              "post": [
                -90,
                0,
                10
              ],
              "lerp_mode": "catmullrom"
            },
            "1.125": [
              -90,
              0,
              10
            ]
          }
        },
        "Arm2": {
          "rotation": {
            "0.0833": {
              "pre": [
                -90,
                0,
                -10
              ],
              "post": [
                -90,
                0,
                -10
              ],
              "lerp_mode": "catmullrom"
            },
            "0.3333": {
              "post": [
                -90,
                0,
                -10
              ],
              "lerp_mode": "catmullrom"
            },
            "0.5833": {
              "post": [
                -90,
                0,
                -10
              ],
              "lerp_mode": "catmullrom"
            },
            "0.8333": {
              "post": [
                -90,
                0,
                -10
              ],
              "lerp_mode": "catmullrom"
            },
            "0.9583": {
              "post": [
                -90,
                0,
                -10
              ],
              "lerp_mode": "catmullrom"
            },
            "1.125": [
              -90,
              0,
              -10
            ]
          }
        },
        "Leg": {
          "rotation": {
            "0.0833": {
              "pre": [
                0,
                5,
                0
              ],
              "post": [
                0,
                5,
                0
              ],
              "lerp_mode": "catmullrom"
            },
            "0.3333": {
              "post": [
                0,
                5,
                0
              ],
              "lerp_mode": "catmullrom"
            },
            "0.5833": {
              "post": [
                0,
                5,
                0
              ],
              "lerp_mode": "catmullrom"
            },
            "0.8333": {
              "post": [
                0,
                5,
                0
              ],
              "lerp_mode": "catmullrom"
            },
            "0.9583": {
              "post": [
                0,
                5,
                0
              ],
              "lerp_mode": "catmullrom"
            },
            "1.125": [
              0,
              5,
              0
            ]
          }
        },
        "Leg2": {
          "rotation": {
            "0.0833": {
              "pre": [
                0,
                -5,
                0
              ],
              "post": [
                0,
                -5,
                0
              ],
              "lerp_mode": "catmullrom"
            },
            "0.3333": {
              "post": [
                0,
                -5,
                0
              ],
              "lerp_mode": "catmullrom"
            },
            "0.5833": {
              "post": [
                0,
                -5,
                0
              ],
              "lerp_mode": "catmullrom"
            },
            "0.8333": {
              "post": [
                0,
                -5,
                0
              ],
              "lerp_mode": "catmullrom"
            },
            "0.9583": {
              "post": [
                0,
                -5,
                0
              ],
              "lerp_mode": "catmullrom"
            },
            "1.125": [
              0,
              -5,
              0
            ]
          }
        }
      }
    },
    "animation.El_goblino_ag1.att": {
      "loop": "hold_on_last_frame",
      "animation_length": 0.95833,
      "bones": {
        "Body": {
          "rotation": {
            "0.0833": {
              "pre": [
                0,
                0,
                0
              ],
              "post": [
                0,
                0,
                0
              ],
              "lerp_mode": "catmullrom"
            },
            "0.25": {
              "post": [
                0,
                0,
                0
              ],
              "lerp_mode": "catmullrom"
            },
            "0.4167": {
              "post": [
                -10,
                20,
                0
              ],
              "lerp_mode": "catmullrom"
            },
            "0.5833": {
              "post": [
                -10,
                20,
                0
              ],
              "lerp_mode": "catmullrom"
            },
            "0.7083": {
              "post": [
                0,
                0,
                0
              ],
              "lerp_mode": "catmullrom"
            },
            "0.7917": {
              "post": [
                10,
                -30,
                0
              ],
              "lerp_mode": "catmullrom"
            },
            "0.9583": [
              0,
              0,
              0
            ]
          }
        },
        "Head": {
          "rotation": {
            "0.0833": {
              "pre": [
                0,
                0,
                0
              ],
              "post": [
                0,
                0,
                0
              ],
              "lerp_mode": "catmullrom"
            },
            "0.25": {
              "post": [
                0,
                0,
                0
              ],
              "lerp_mode": "catmullrom"
            },
            "0.4167": {
              "post": [
                0,
                -10,
                0
              ],
              "lerp_mode": "catmullrom"
            },
            "0.5833": {
              "post": [
                0,
                -10,
                0
              ],
              "lerp_mode": "catmullrom"
            },
            "0.7083": {
              "post": [
                0,
                0,
                0
              ],
              "lerp_mode": "catmullrom"
            },
            "0.7917": {
              "post": [
                0,
                0,
                0
              ],
              "lerp_mode": "catmullrom"
            },
            "0.9583": [
              0,
              0,
              0
            ]
          }
        },
        "Arm": {
          "rotation": {
            "0.0833": {
              "pre": [
                0,
                0,
                0
              ],
              "post": [
                0,
                0,
                0
              ],
              "lerp_mode": "catmullrom"
            },
            "0.25": {
              "post": [
                0,
                0,
                0
              ],
              "lerp_mode": "catmullrom"
            },
            "0.4167": {
              "post": [
                20,
                0,
                90
              ],
              "lerp_mode": "catmullrom"
            },
            "0.5833": {
              "post": [
                20,
                0,
                90
              ],
              "lerp_mode": "catmullrom"
            },
            "0.7083": {
              "post": [
                -90,
                0,
                90
              ],
              "lerp_mode": "catmullrom"
            },
            "0.7917": {
              "post": [
                -40,
                0,
                -40
              ],
              "lerp_mode": "catmullrom"
            },
            "0.9583": [
              0,
              0,
              0
            ]
          }
        },
        "Arm2": {
          "rotation": {
            "0.0833": {
              "pre": [
                0,
                0,
                0
              ],
              "post": [
                0,
                0,
                0
              ],
              "lerp_mode": "catmullrom"
            },
            "0.25": {
              "post": [
                0,
                0,
                0
              ],
              "lerp_mode": "catmullrom"
            },
            "0.4167": {
              "post": [
                -80,
                -20,
                -10
              ],
              "lerp_mode": "catmullrom"
            },
            "0.5833": {
              "post": [
                -80,
                -20,
                -10
              ],
              "lerp_mode": "catmullrom"
            },
            "0.7083": {
              "post": [
                0,
                0,
                0
              ],
              "lerp_mode": "catmullrom"
            },
            "0.7917": {
              "post": [
                60,
                0,
                -10
              ],
              "lerp_mode": "catmullrom"
            },
            "0.9583": [
              0,
              0,
              0
            ]
          }
        },
        "Leg": {
          "rotation": {
            "0.0833": {
              "pre": [
                0,
                5,
                0
              ],
              "post": [
                0,
                5,
                0
              ],
              "lerp_mode": "catmullrom"
            },
            "0.25": {
              "post": [
                0,
                5,
                0
              ],
              "lerp_mode": "catmullrom"
            },
            "0.4167": {
              "post": [
                0,
                5,
                0
              ],
              "lerp_mode": "catmullrom"
            },
            "0.5833": {
              "post": [
                0,
                5,
                0
              ],
              "lerp_mode": "catmullrom"
            },
            "0.7083": {
              "post": [
                0,
                5,
                0
              ],
              "lerp_mode": "catmullrom"
            },
            "0.7917": {
              "post": [
                0,
                5,
                0
              ],
              "lerp_mode": "catmullrom"
            },
            "0.9583": [
              0,
              5,
              0
            ]
          }
        },
        "Leg2": {
          "rotation": {
            "0.0833": {
              "pre": [
                0,
                -5,
                0
              ],
              "post": [
                0,
                -5,
                0
              ],
              "lerp_mode": "catmullrom"
            },
            "0.25": {
              "post": [
                0,
                -5,
                0
              ],
              "lerp_mode": "catmullrom"
            },
            "0.4167": {
              "post": [
                0,
                -5,
                0
              ],
              "lerp_mode": "catmullrom"
            },
            "0.5833": {
              "post": [
                0,
                -5,
                0
              ],
              "lerp_mode": "catmullrom"
            },
            "0.7083": {
              "post": [
                0,
                -5,
                0
              ],
              "lerp_mode": "catmullrom"
            },
            "0.7917": {
              "post": [
                0,
                -5,
                0
              ],
              "lerp_mode": "catmullrom"
            },
            "0.9583": [
              0,
              -5,
              0
            ]
          }
        }
      }
    }
  }
}