{
	"format_version": "1.8.0",
	"animations": {
		"animation.Halt_ag1.gen": {
			"loop": true,
			"animation_length": 1,
			"bones": {
				"All": {
					"position": {
						"0.0": {
							"post": [0, 2, 0],
							"lerp_mode": "catmullrom"
						},
						"0.5": {
							"post": [0, 4, 0],
							"lerp_mode": "catmullrom"
						},
						"1.0": [0, 2, 0]
					}
				},
				"Head": {
					"rotation": {
						"0.0": [0, 0, 0],
						"1.0": [0, -360, 0]
					}
				},
				"Eye": {
					"rotation": {
						"0.0": {
							"post": [0, 0, 5],
							"lerp_mode": "catmullrom"
						},
						"0.25": {
							"post": [0, 0, 7.5],
							"lerp_mode": "catmullrom"
						},
						"0.5": {
							"post": [0, 0, -5],
							"lerp_mode": "catmullrom"
						},
						"0.75": {
							"post": [0, 0, -7.5],
							"lerp_mode": "catmullrom"
						},
						"1.0": {
							"post": [0, 0, 5],
							"lerp_mode": "catmullrom"
						}
					}
				}
			}
		},
		"animation.Halt_ag1.loo": {
			"loop": true,
			"bones": {
				"Eye": {
					"rotation": [0, "query.camera_rotation(1) - query.body_y_rotation + 180", 0]
				}
			}
		}
	}
}