{
  "format_version": "1.8.0",
  "animations": {
    "animation.Rush_ag1.gen": {
      "loop": true,
      "animation_length": 2,
      "bones": {
        "All": {
          "position": {
            "0.0": {
              "post": [
                0,
                0,
                0
              ],
              "lerp_mode": "catmullrom"
            },
            "1.0": {
              "post": [
                0,
                2,
                0
              ],
              "lerp_mode": "catmullrom"
            },
            "2.0": [
              0,
              0,
              0
            ]
          }
        },
        "Head": {
          "position": {
            "0.0": {
              "post": [
                0,
                0,
                0
              ],
              "lerp_mode": "catmullrom"
            },
            "0.5": {
              "post": [
                0,
                -3,
                0
              ],
              "lerp_mode": "catmullrom"
            },
            "1.0": {
              "post": [
                0,
                0,
                0
              ],
              "lerp_mode": "catmullrom"
            },
            "1.5": {
              "post": [
                0,
                3,
                0
              ],
              "lerp_mode": "catmullrom"
            },
            "2.0": {
              "post": [
                0,
                0,
                0
              ],
              "lerp_mode": "catmullrom"
            }
          }
        },
        "Tooth_up": {
          "position": {
            "0.0": {
              "post": [
                0,
                -2,
                0
              ],
              "lerp_mode": "catmullrom"
            },
            "1.0": {
              "post": [
                0,
                0,
                0
              ],
              "lerp_mode": "catmullrom"
            },
            "2.0": {
              "post": [
                0,
                -2,
                0
              ],
              "lerp_mode": "catmullrom"
            }
          }
        },
        "Tooth_down": {
          "position": {
            "0.0": {
              "post": [
                0,
                2,
                0
              ],
              "lerp_mode": "catmullrom"
            },
            "1.0": {
              "post": [
                0,
                0,
                0
              ],
              "lerp_mode": "catmullrom"
            },
            "2.0": {
              "post": [
                0,
                2,
                0
              ],
              "lerp_mode": "catmullrom"
            }
          }
        }
      }
    },
    "animation.Rush_ag1.jum": {
      "loop": "hold_on_last_frame",
      "animation_length": 0.41667,
      "bones": {
        "All": {
          "position": {
            "0.0833": {
              "pre": [
                0,
                0,
                50
              ],
              "post": [
                0,
                0,
                50
              ],
              "lerp_mode": "catmullrom"
            },
            "0.3333": {
              "post": [
                0,
                0,
                50
              ],
              "lerp_mode": "catmullrom"
            },
            "0.4167": {
              "post": [
                0,
                0,
                0
              ],
              "lerp_mode": "catmullrom"
            }
          }
        }
      }
    },
    "animation.Rush_ag1.spi": {
      "loop": true,
      "animation_length": 0.5,
      "bones": {
        "All": {
          "rotation": [
            0,
            "query.camera_rotation(1) - query.body_y_rotation + 180",
            0
          ]
        },
        "Shadow": {
          "rotation": {
            "0.0": [
              0,
              0,
              0
            ],
            "0.5": [
              0,
              0,
              -360
            ]
          }
        }
      }
    },
    "animation.Rush_ag1.par": {
      "loop": true,
      "particle_effects": {
        "0.0": {
          "effect": "rush",
          "locator": "rush"
        }
      }
    }
  }
}