{"entity_sounds":{"entities":{"minecraft:player":{"events":{"death":{"pitch":1,"sound":"player.dead","volume":50}},"pitch":1,"volume":50},"roy:ambush":{"events":{"attack":{"pitch":1,"sound":"ambush.js","volume":50},"step":{"pitch":1,"sound":"ambush.at","volume":10}},"pitch":[1],"volume":50},"roy:banana_peel":{"events":{"attack":{"pitch":1,"sound":"banana.slip","volume":50}},"pitch":[1],"volume":50},"roy:dupe":{"events":{"attack":{"pitch":1,"sound":"dupe.js","volume":50}},"pitch":[1],"volume":50},"roy:eyes":{"events":{"ambient":"eyes.at"},"pitch":[1],"volume":50},"roy:figure":{"events":{"ambient":"figure.at","attack":{"pitch":1,"sound":"figure.js","volume":50},"step":{"pitch":1,"sound":"figure.step","volume":10}},"pitch":[1],"volume":50},"roy:glitch":{"events":{"attack":{"pitch":1,"sound":"glitch.js","volume":50}},"pitch":[1],"volume":50},"roy:halt":{"events":{"ambient":"halt.at","attack":{"pitch":1,"sound":"halt.js","volume":50}},"pitch":[1],"volume":50},"roy:jack":{"events":{"attack":{"pitch":1,"sound":"jack.js","volume":50}},"pitch":[1],"volume":50},"roy:rush":{"events":{"ambient":"rush.at","attack":{"pitch":1,"sound":"rush.js","volume":50},"step":{"pitch":1,"sound":"rush.at","volume":10}},"pitch":[1],"volume":50},"roy:screech":{"events":{"ambient":"screech.psst","attack":{"pitch":1,"sound":"screech.attack","volume":50}},"pitch":[1],"volume":50},"roy:seek":{"events":{"ambient":"seek.far","attack":{"pitch":1,"sound":"seek.js","volume":50},"step":{"pitch":1,"sound":"seek.step","volume":10}},"pitch":[1],"volume":50},"roy:seek_spawn":{"events":{"ambient":"seek.spawn"},"pitch":[1],"volume":200}}}}