{
  "format_version": "1.10.0",
  "minecraft:client_entity": {
    "description": {
      "identifier": "fst:a60",
      "textures": {
        "default": "A60"
      },
      "materials": {
        "default": "entity_emissive_alpha"
      },
      "geometry": {
        "default": "geometry.fst_a60"
      },
      "sound_effects": {
        "ambient": "mob.halt.ambient"
      },
      "spawn_egg": {
        "texture": "fst:figure",
        "texture_index": 0
      },
      "render_controllers": [
        "controller.render.skeleton"
      ],
      "animations": {
        "idle": "animation.ic_halt.idle",
        "activate": "animation.rush.ambush",
        "banish": "animation.banned.mob"
      },
      "scripts": {
        "animate": [
        "idle",
        "activate",
        {"banish" : "query.is_riding"}
        ]
      }
    }
  }
}