{
  "format_version": "1.10.0",
  "geometry.ch3_two_headed": {
    "texturewidth": 64,
    "textureheight": 32,
    "visible_bounds_width": 4,
    "visible_bounds_height": 3,
    "visible_bounds_offset": [
      0,
      1.5,
      0
    ],
    "bones": [
      {
        "name": "waist",
        "pivot": [
          0,
          12,
          0
        ]
      },
      {
        "name": "body",
        "parent": "waist",
        "pivot": [
          0,
          24,
          0
        ],
        "rotation": [
          57.5,
          0,
          0
        ],
        "cubes": [
          {
            "origin": [
              -4,
              12,
              -2
            ],
            "size": [
              8,
              12,
              4
            ],
            "uv": [
              16,
              16
            ]
          }
        ]
      },
      {
        "name": "head",
        "parent": "body",
        "pivot": [
          -14,
          26,
          -1
        ],
        "rotation": [
          -47.50233,
          -0.08198,
          -0.07189
        ],
        "cubes": [
          {
            "origin": [
              -8.95442,
              26,
              -5.52094
            ],
            "size": [
              8,
              8,
              8
            ],
            "uv": [
              0,
              0
            ]
          },
          {
            "origin": [
              0.04558,
              26,
              -5.52094
            ],
            "size": [
              8,
              8,
              8
            ],
            "uv": [
              0,
              0
            ]
          }
        ]
      },
      {
        "name": "rightArm",
        "parent": "body",
        "pivot": [
          -5,
          22,
          0
        ],
        "rotation": [
          -49.60519,
          7.64027,
          5.19932
        ],
        "cubes": [
          {
            "origin": [
              -8,
              6,
              -2
            ],
            "size": [
              4,
              18,
              4
            ],
            "uv": [
              40,
              16
            ]
          }
        ]
      },
      {
        "name": "rightItem",
        "parent": "rightArm",
        "pivot": [
          -6,
          15,
          1
        ]
      },
      {
        "name": "leftArm",
        "parent": "body",
        "pivot": [
          5,
          22,
          -4
        ],
        "rotation": [
          -57.13913,
          -11.00547,
          -5.33539
        ],
        "mirror": true,
        "cubes": [
          {
            "origin": [
              4,
              9,
              -6
            ],
            "size": [
              4,
              18,
              4
            ],
            "uv": [
              40,
              16
            ]
          }
        ]
      },
      {
        "name": "rightLeg",
        "parent": "body",
        "pivot": [
          -1.9,
          12,
          0
        ],
        "rotation": [
          -58.21918,
          13.99545,
          14.43276
        ],
        "cubes": [
          {
            "origin": [
              -3.9,
              0,
              -2
            ],
            "size": [
              4,
              14,
              4
            ],
            "uv": [
              0,
              16
            ]
          }
        ]
      },
      {
        "name": "leftLeg",
        "parent": "body",
        "pivot": [
          1.9,
          12,
          0
        ],
        "rotation": [
          -57.25386,
          -5.29571,
          -5.31847
        ],
        "mirror": true,
        "cubes": [
          {
            "origin": [
              -0.1,
              0,
              -2
            ],
            "size": [
              4,
              16,
              4
            ],
            "uv": [
              0,
              16
            ]
          }
        ]
      }
    ]
  }
}