{
  "format_version": "1.12.0",
  "minecraft:geometry": [
    {
      "description": {
        "identifier": "geometry.ch3_banban_stand",
        "texture_width": 64,
        "texture_height": 64,
        "visible_bounds_width": 4,
        "visible_bounds_height": 3.5,
        "visible_bounds_offset": [
          0,
          1.25,
          0
        ]
      },
      "bones": [
        {
          "name": "baseplate",
          "pivot": [
            0,
            0,
            0
          ],
          "cubes": [
            {
              "origin": [
                -7,
                0,
                -2
              ],
              "size": [
                12,
                1,
                4
              ],
              "uv": [
                0,
                32
              ]
            }
          ]
        },
        {
          "name": "waist",
          "parent": "baseplate",
          "pivot": [
            0,
            12,
            0
          ]
        },
        {
          "name": "body",
          "parent": "waist",
          "pivot": [
            0,
            24,
            0
          ],
          "cubes": [
            {
              "origin": [
                -7,
                21,
                -1.5
              ],
              "size": [
                12,
                3,
                3
              ],
              "uv": [
                0,
                26
              ]
            },
            {
              "origin": [
                -2,
                14,
                -1
              ],
              "size": [
                2,
                7,
                2
              ],
              "uv": [
                16,
                0
              ]
            }
          ]
        },
        {
          "name": "head",
          "parent": "body",
          "pivot": [
            0,
            24,
            0
          ],
          "cubes": [
            {
              "origin": [
                -1,
                24,
                -1
              ],
              "size": [
                2,
                7,
                2
              ],
              "uv": [
                0,
                0
              ]
            }
          ]
        },
        {
          "name": "hat",
          "parent": "head",
          "pivot": [
            0,
            24,
            0
          ],
          "cubes": [
            {
              "origin": [
                -5,
                24,
                -4
              ],
              "size": [
                8,
                8,
                8
              ],
              "uv": [
                32,
                0
              ]
            }
          ]
        },
        {
          "name": "leftarm",
          "parent": "body",
          "pivot": [
            5,
            22,
            0
          ],
          "mirror": true,
          "cubes": [
            {
              "origin": [
                22,
                -13,
                -1
              ],
              "size": [
                2,
                12,
                2
              ],
              "pivot": [
                0,
                0,
                0
              ],
              "rotation": [
                0,
                0,
                -82.5
              ],
              "uv": [
                32,
                16
              ]
            }
          ]
        },
        {
          "name": "leftitem",
          "parent": "leftarm",
          "pivot": [
            6,
            15,
            1
          ]
        },
        {
          "name": "leftleg",
          "parent": "body",
          "pivot": [
            1.9,
            12,
            0
          ],
          "mirror": true
        },
        {
          "name": "rightarm",
          "parent": "body",
          "pivot": [
            -5,
            22,
            0
          ],
          "cubes": [
            {
              "origin": [
                -24,
                -13,
                1
              ],
              "size": [
                2,
                12,
                2
              ],
              "pivot": [
                0,
                0,
                0
              ],
              "rotation": [
                -3.90184,
                -3.77838,
                82.54924
              ],
              "uv": [
                24,
                0
              ]
            }
          ]
        },
        {
          "name": "rightitem",
          "parent": "rightarm",
          "pivot": [
            -6,
            15,
            1
          ]
        },
        {
          "name": "rightleg",
          "parent": "body",
          "pivot": [
            -1.9,
            12,
            0
          ],
          "cubes": [
            {
              "origin": [
                -1.9,
                1,
                -1
              ],
              "size": [
                2,
                13,
                2
              ],
              "uv": [
                8,
                0
              ]
            }
          ]
        }
      ]
    }
  ]
}