{
	"format_version": "1.12.0",
	"minecraft:geometry": [
		{
			"description": {
				"identifier": "geometry.baby",
				"texture_width": 32,
				"texture_height": 32,
				"visible_bounds_width": 2,
				"visible_bounds_height": 3.5,
				"visible_bounds_offset": [0, 1.25, 0]
			},
			"bones": [
				{
					"name": "main",
					"pivot": [0, 13, 0],
					"locators": {
						"toys": [0, 0, 0]
					}
				},
				{
					"name": "head",
					"parent": "main",
					"pivot": [0, 28.84, 0],
					"mirror": true,
					"cubes": [
						{"origin": [-2.64, 28.84, -2.64], "size": [5.28, 5.28, 5.28], "uv": [0, 0], "mirror": false}
					]
				},
				{
					"name": "body",
					"parent": "main",
					"pivot": [0, 28.84, 0],
					"mirror": true,
					"cubes": [
						{"origin": [-2.64, 20.92, -1.32], "size": [5.28, 7.92, 2.64], "uv": [0, 10], "mirror": false}
					]
				},
				{
					"name": "leftArm",
					"parent": "main",
					"pivot": [-3.3, 27.52, 0],
					"mirror": true,
					"cubes": [
						{"origin": [-5.28, 20.92, -1.32], "size": [2.64, 7.92, 2.64], "uv": [16, 19], "mirror": false}
					]
				},
				{
					"name": "rightArm",
					"parent": "main",
					"pivot": [3.3, 27.52, 0],
					"mirror": true,
					"cubes": [
						{"origin": [2.64, 20.92, -1.32], "size": [2.64, 7.92, 2.64], "uv": [8, 19], "mirror": false}
					]
				},
				{
					"name": "leftLeg",
					"parent": "main",
					"pivot": [-1.254, 20.92, 0],
					"mirror": true,
					"cubes": [
						{"origin": [-2.574, 13, -1.32], "size": [2.64, 7.92, 2.64], "uv": [0, 19], "mirror": false}
					]
				},
				{
					"name": "rightLeg",
					"parent": "main",
					"pivot": [1.254, 20.92, 0],
					"mirror": true,
					"cubes": [
						{"origin": [-0.066, 13, -1.32], "size": [2.64, 7.92, 2.64], "uv": [14, 10], "mirror": false}
					]
				}
			]
		}
	]
}