{
	"format_version": "1.12.0",
	"minecraft:geometry": [
		{
			"description": {
				"identifier": "geometry.tentacles",
				"texture_width": 64,
				"texture_height": 64,
				"visible_bounds_width": 2,
				"visible_bounds_height": 6,
				"visible_bounds_offset": [0, 2, 0]
			},
			"bones": [
				{
					"name": "main",
					"pivot": [0, 0, 0],
					"cubes": [
						{"origin": [-4, -15, -4], "size": [8, 18, 8], "uv": [0, 0]}
					]
				},
				{
					"name": "bone",
					"parent": "main",
					"pivot": [0, 3, 0],
					"cubes": [
						{"origin": [-3, 3, -3], "size": [6, 18, 6], "uv": [0, 26]}
					]
				},
				{
					"name": "bone2",
					"parent": "bone",
					"pivot": [0, 21, 0],
					"cubes": [
						{"origin": [-2, 21, -2], "size": [4, 18, 4], "uv": [24, 26]}
					]
				},
				{
					"name": "bone3",
					"parent": "bone2",
					"pivot": [0, 39, 0],
					"cubes": [
						{"origin": [-1, 39, -1], "size": [2, 18, 2], "uv": [32, 0]}
					]
				}
			]
		}
	]
}