{
  "resource_pack_name": "vanilla",
  "texture_name": "atlas.items",
  "texture_data": {
    "egg_camel": {
      "textures": "textures/items/egg_camel"
    },
    "egg_lion": {
      "textures": "textures/items/egg_lion"
    },
    "egg_penguin": {
      "textures": "textures/items/egg_penguin"
    },
    "egg_tiger": {
      "textures": "textures/items/egg_tiger"
    },
    "egg_elephant": {
      "textures": "textures/items/egg_elephant"
    },
    "egg_deer": {
      "textures": "textures/items/egg_deer"
    },
    "egg_panther": {
      "textures": "textures/items/egg_panther"
    },
    "egg_frog": {
      "textures": "textures/items/egg_frog"
    },
    "egg_crocodile": {
      "textures": "textures/items/egg_crocodile"
    },
    "egg_mouse": {
      "textures": "textures/items/egg_mouse"
    },
    "gallardo": {
      "textures": "textures/items/gallardo"
    },
    "bench": {
      "textures": "textures/items/bench"
    },
    "christmas_tree": {
      "textures": "textures/items/christmas_tree"
    },
    "tivi": {
      "textures": "textures/items/tivi"
    },
    "closet": {
      "textures": "textures/items/closet"
    },
    "laptop": {
      "textures": "textures/items/laptop"
    },
    "piano": {
      "textures": "textures/items/piano"
    },
    "armchairs": {
      "textures": "textures/items/armchairs"
    },
    "chair": {
      "textures": "textures/items/chair"
    },
    "big_table": {
      "textures": "textures/items/big_table"
    },
    "small_table": {
      "textures": "textures/items/small_table"
    },
    "drone": {
      "textures": "textures/items/drone"
    },
    "colorful_gifts": {
      "textures": "textures/items/colorful_gifts"
    },
    "mr:egg_opila": {
      "textures": "textures/items/pamobile/mr_egg_opila"
    },
    "yk:minib": {
      "textures": "textures/items/pamobile/yk_minib"
    },
    "yk:boton": {
      "textures": "textures/items/pamobile/yk_boton"
    },
    "yk:door": {
      "textures": "textures/items/pamobile/yk_door"
    },
    "yk_tarjeta": {
      "textures": "textures/items/pamobile/yk_tarjeta"
    },
    "yk:opil_pose": {
      "textures": "textures/items/pamobile/yk_opil_pose"
    },
    "yk:box": {
      "textures": "textures/items/pamobile/yk_box"
    },
    "yk:door3": {
      "textures": "textures/items/pamobile/yk_door3"
    },
    "yk:door2": {
      "textures": "textures/items/pamobile/yk_door2"
    },
    "jp:drone_attack": {
      "textures": "textures/items/pamobile/jp_drone_attack"
    },
    "jp:opila_birds_v2": {
      "textures": "textures/items/pamobile/jp_opila_birds_v2"
    },
    "jp:slow_seline": {
      "textures": "textures/items/pamobile/jp_slow_seline"
    },
    "yk:door5": {
      "textures": "textures/items/pamobile/yk_door5"
    },
    "yk:door4": {
      "textures": "textures/items/pamobile/yk_door4"
    },
    "jp:nabnab": {
      "textures": "textures/items/pamobile/jp_nabnab"
    },
    "jp:nabnab_climb_v2": {
      "textures": "textures/items/pamobile/jp_nabnab_climb_v2"
    },
    "jp:stinger_flynns": {
      "textures": "textures/items/pamobile/jp_stinger_flynns"
    },
    "jp:mini_opila": {
      "textures": "textures/items/pamobile/jp_mini_opila"
    },
    "jp:mini_opila_blue": {
      "textures": "textures/items/pamobile/jp_mini_opila_blue"
    },
    "jp:sheriff_toadster": {
      "textures": "textures/items/pamobile/jp_sheriff_toadster"
    },
    "jp_drone_track": {
      "textures": "textures/items/pamobile/jp_drone_track"
    },
    "jp:banbaleena_v2": {
      "textures": "textures/items/pamobile/jp_banbaleena_v2"
    },
    "jp:drone_reds": {
      "textures": "textures/items/pamobile/jp_drone_reds"
    },
    "jp:banban_v2": {
      "textures": "textures/items/pamobile/jp_banban_v2"
    },
    "jp:jumbo_josh": {
      "textures": "textures/items/pamobile/jp_jumbo_josh"
    },
    "jp:zophius": {
      "textures": "textures/items/pamobile/jp_zophius"
    },
    "jp_tamata_pult": {
      "textures": "textures/items/pamobile/jp_tamata_pult"
    },
    "jp:tamataki_chamataci": {
      "textures": "textures/items/pamobile/jp_tamataki_chamataci"
    },
    "jp:evil_banban_v2": {
      "textures": "textures/items/pamobile/jp_evil_banban_v2"
    },
    "jp:jester": {
      "textures": "textures/items/pamobile/jp_jester"
    },
    "jp:captain_fiddels": {
      "textures": "textures/items/pamobile/jp_captain_fiddels"
    },
    "jp:captain_dead": {
      "textures": "textures/items/pamobile/jp_captain_dead"
    },
    "jp:tarta_birds_v2": {
      "textures": "textures/items/pamobile/jp_tarta_birds_v2"
    },
    "jp:nabnaleena": {
      "textures": "textures/items/pamobile/jp_nabnaleena"
    },
    "jp:nabnaleena_climb_v2": {
      "textures": "textures/items/pamobile/jp_nabnaleena_climb_v2"
    },
    "jp:jp_kabob_man": {
      "textures": "textures/items/pamobile/jp_jp_kabob_man"
    },
    "jp:opil_pose": {
      "textures": "textures/items/pamobile/jp_opil_pose"
    },
    "jp:dron": {
      "textures": "textures/items/pamobile/jp_dron"
    }
  }
}