{
   "format_version": "1.10.0",
   "minecraft:client_entity": {
      "description": {
         "identifier": "zm:baby",
         "textures": {
            "default": "textures/entity/baby"
         },
         "materials": {
            "default": "skeleton"
         },
         "geometry": {
            "default": "geometry.baby"
         },
         "render_controllers": [
            "controller.render.default"
         ],
         "animations": {
            "move_or_idle": "animation.baby.idle",
            "look_at_target": "animation.common.look_at_target"
         },
         "scripts": {
            "animate": [
               "move_or_idle",
               "look_at_target"
            ]
         },
         "spawn_egg": {
            "texture": "baby_yellow",
            "texture_index": 0
         }
      }
   }
}