{
   "format_version": "1.10.0",
   "minecraft:client_entity": {
      "description": {
         "identifier": "zm:tentacles",
         "materials": {
            "default": "skeleton"
         },
         "textures": {
            "default": "textures/entity/tentacles"
         },
         "scripts": {
            "animate": [
               "static"
            ]
         },
         "geometry": {
            "default": "geometry.tentacles"
         },
         "render_controllers": [
            "controller.render.default"
         ],
         "animations": {
            "static": "animation.tentacles.static"
         }
      }
   }
}