{
  "format_version": "1.10.0",
  "minecraft:client_entity": {
    "description": {
      "identifier": "minecraft:player",
      "materials": {
        "default": "entity_alphatest",
        "cape": "entity_alphatest",
        "animated": "player_animated"
      },
      "textures": {
        "default": "textures/entity/steve",
        "cape": "textures/entity/cape_invisible",
        "bbg": "textures/ui/biome_background", 
        "null": "textures/ui/null",
        "utara": "textures/ui/utara", 
        "selatan": "textures/ui/selatan", 
        "barat": "textures/ui/barat", 
        "timur": "textures/ui/timur", 
        "nol": "textures/ui/angka/0", 
        "satu": "textures/ui/angka/1", 
        "dua": "textures/ui/angka/2", 
        "tiga": "textures/ui/angka/3", 
        "empat": "textures/ui/angka/4", 
        "lima": "textures/ui/angka/5", 
        "enam": "textures/ui/angka/6", 
        "tujuh": "textures/ui/angka/7", 
        "delapan": "textures/ui/angka/8", 
        "sembilan": "textures/ui/angka/9", 
        "jam_pemisah": "textures/ui/pemisah", 
        "day": "textures/ui/day", 
        "e": "textures/ui/entity"
      },
      "geometry": {
        "default": "geometry.humanoid.custom",
        "cape": "geometry.cape", 
        "kompas": "geometry.kompas", 
        "kompas_shadow": "geometry.kompas_shadow", 
        "jam_pul": "geometry.jam.puluh", 
        "jam_sat": "geometry.jam.satuan", 
        "jam_pemisah": "geometry.jam.pemisah", 
        "men_pul": "geometry.men.puluh", 
        "men_sat": "geometry.men.satuan", 
        "day": "geometry.day", 
        "day_sat": "geometry.day_sat", 
        "day_pul": "geometry.day_pul", 
        "day_rat": "geometry.day_rat", 
        "day_rib": "geometry.day_rib", 
        "day_pulrib": "geometry.day_pulrib", 
        "day_ratrib": "geometry.day_ratrib", 
        "day_jt": "geometry.day_jt", 
        "day_bg": "geometry.day_bg", 
        "e": "geometry.entity", 
        "e_sat": "geometry.entity_sat", 
        "e_pul": "geometry.entity_pul", 
        "e_rat": "geometry.entity_rat", 
        "e_rib": "geometry.entity_rib", 
        "e_pulrib": "geometry.entity_pulrib", 
        "e_ratrib": "geometry.entity_ratrib", 
        "e_jt": "geometry.entity_jt", 
        "e_bg": "geometry.entity_bg"
      },
      "scripts": {
        "scale": "0.9375",
        "initialize": [
          "variable.is_holding_right = 0.0;",
          "variable.is_blinking = 0.0;",
          "variable.last_blink_time = 0.0;",
          "variable.hand_bob = 0.0;", 
          "variable.kompas = 0.0;"
        ],
        "pre_animation": [
          "v.dof = 0.0;", 
          "v.d1 = q.day >= 10 ? 5.0 : 0.0;", 
          "v.d2 = q.day >= 100 ? 5.0 : 0.0;", 
          "v.d3 = q.day >= 1000 ? 5.0 : 0.0;", 
          "v.d4 = q.day >= 10000 ? 5.0 : 0.0;", 
          "v.d5 = q.day >= 100000 ? 5.0 : 0.0;", 
          "v.d6 = q.day >= 1000000 ? 5.0 : 0.0;", 
          "v.this_ui = !v.is_first_person && q.is_in_ui && !q.is_riding && !q.is_gliding;", 
          "v.this_ui_2 = v.this_ui && (q.is_sneaking || q.is_sprinting || q.is_swimming);", 
          "variable.kompas = variable.kompas;", 
          "variable.helmet_layer_visible = 1.0;",
          "variable.leg_layer_visible = 1.0;",
          "variable.boot_layer_visible = 1.0;",
          "variable.chest_layer_visible = 1.0;",
          "variable.attack_body_rot_y = Math.sin(360*Math.sqrt(variable.attack_time)) * 5.0;",
          "variable.tcos0 = (math.cos(query.modified_distance_moved * 38.17) * query.modified_move_speed / variable.gliding_speed_value) * 57.3;",
          "variable.first_person_rotation_factor = math.sin((1 - variable.attack_time) * 180.0);",
          "variable.hand_bob = query.life_time < 0.01 ? 0.0 : variable.hand_bob + ((query.is_on_ground && query.is_alive ? math.clamp(math.sqrt(math.pow(query.position_delta(0), 2.0) + math.pow(query.position_delta(2), 2.0)), 0.0, 0.1) : 0.0) - variable.hand_bob) * 0.02;",

          "variable.map_angle = math.clamp(1 - variable.player_x_rotation / 45.1, 0.0, 1.0);",
          "variable.item_use_normalized = query.main_hand_item_use_duration / query.main_hand_item_max_duration;",
"variable.health = math.round(query.health / query.max_health * 100);"
        ],
        "animate": [
          "entity_count", 
          "day", 
          "jam",
          "utara", 
          "kompas", 
          "root"
        ]
      },
      "animations": {
        "root": "controller.animation.player.root",
        "base_controller": "controller.animation.player.base",
        "humanoid_base_pose": "animation.humanoid.base_pose",
        "look_at_target": "controller.animation.humanoid.look_at_target",
        "look_at_target_ui": "animation.player.look_at_target.ui",
        "look_at_target_default": "animation.humanoid.look_at_target.default",
        "look_at_target_gliding": "animation.humanoid.look_at_target.gliding",
        "look_at_target_swimming": "animation.humanoid.look_at_target.swimming",
        "look_at_target_inverted": "animation.player.look_at_target.inverted",
        "cape": "animation.player.cape",
        "move.arms": "animation.player.move.arms",
        "move.legs": "animation.player.move.legs",
        "swimming": "animation.player.swim",
        "swimming.legs": "animation.player.swim.legs",
        "riding.arms": "animation.player.riding.arms",
        "riding.legs": "animation.player.riding.legs",
        "holding": "animation.player.holding",
        "brandish_spear": "animation.humanoid.brandish_spear",
        "charging": "animation.humanoid.charging",
        "attack.positions": "animation.player.attack.positions",
        "attack.rotations": "animation.player.attack.rotations",
        "sneaking": "animation.player.sneaking",
        "bob": "animation.player.bob",
        "damage_nearby_mobs": "animation.humanoid.damage_nearby_mobs",
        "bow_and_arrow": "animation.humanoid.bow_and_arrow",
        "use_item_progress": "animation.humanoid.use_item_progress",
        "skeleton_attack": "animation.skeleton.attack",
        "sleeping": "animation.player.sleeping",
        "first_person_base_pose": "animation.player.first_person.base_pose",
        "first_person_swap_item": "animation.player.first_person.swap_item",
        "first_person_attack_controller": "controller.animation.player.first_person_attack",
        "first_person_attack_rotation": "animation.player.first_person.attack_rotation",
        "first_person_vr_attack_rotation": "animation.player.first_person.vr_attack_rotation",
        "first_person_walk": "animation.player.first_person.walk",
        "first_person_map_controller": "controller.animation.player.first_person_map",
        "first_person_map_hold": "animation.player.first_person.map_hold",
        "first_person_map_hold_attack": "animation.player.first_person.map_hold_attack",
        "first_person_map_hold_off_hand": "animation.player.first_person.map_hold_off_hand",
        "first_person_map_hold_main_hand": "animation.player.first_person.map_hold_main_hand",
        "first_person_crossbow_equipped": "animation.player.first_person.crossbow_equipped",
        "shield_offhand": "animation.player.offhand_shield",
        "charged_shield": "animation.player.charged_shield",
        "third_person_crossbow_equipped": "animation.player.crossbow_equipped",
        "third_person_bow_equipped": "animation.player.bow_equipped",
        "crossbow_hold": "animation.player.crossbow_hold",
        "crossbow_controller": "controller.animation.player.crossbow",
        "shield_block_main_hand": "animation.player.shield_block_main_hand",
        "shield_block_off_hand": "animation.player.shield_block_off_hand",
        "blink": "controller.animation.persona.blink", 
        "kompas": "animation.player.kompas", 
        "utara": "controller.animation.player.utara", 
        "jam": "animation.player.jam", 
        "day": "animation.player.day", 
        "entity_count": "animation.player.entity_count"
      },
      "render_controllers": [
        { "controller.render.player.first_person": "variable.is_first_person" },
        { "controller.render.player.third_person": "!variable.is_first_person && !variable.map_face_icon" },
        { "controller.render.player.map": "variable.map_face_icon" }, 
        { "controller.render.kompas": "v.this_ui_2" }, 
        { "controller.render.kompas.shadow": "v.this_ui_2" }, 
        { "controller.render.jam_pul": "v.this_ui" }, 
        { "controller.render.jam_sat": "v.this_ui" }, 
        { "controller.render.jam_pemisah": "v.this_ui" }, 
        { "controller.render.men_pul": "v.this_ui" }, 
        { "controller.render.men_sat": "v.this_ui" }, 
        { "controller.render.day": "v.this_ui" }, 
        { "controller.render.day_sat": "v.this_ui" }, 
        { "controller.render.day_pul": "v.this_ui" },
        { "controller.render.day_rat": "v.this_ui" },
        { "controller.render.day_rib": "v.this_ui" },
        { "controller.render.day_pulrib": "v.this_ui" },
        { "controller.render.day_ratrib": "v.this_ui" },
        { "controller.render.day_jt": "v.this_ui" }, 
        { "controller.render.day_bg": "v.this_ui" }, 
        { "controller.render.e": "v.this_ui" }, 
        { "controller.render.e_sat": "v.this_ui" }, 
        { "controller.render.e_pul": "v.this_ui" },
        { "controller.render.e_rat": "v.this_ui" },
        { "controller.render.e_rib": "v.this_ui" },
        { "controller.render.e_pulrib": "v.this_ui" },
        { "controller.render.e_ratrib": "v.this_ui" },
        { "controller.render.e_jt": "v.this_ui" }, 
        { "controller.render.e_bg": "v.this_ui" }
      ],
      "enable_attachables": true
    }
  }
}
