{
  "format_version": "1.16.100",
  "minecraft:block": {
    "description": {
      "identifier": "ds:head_oni2",
      "category": "Nature",
      "properties": {
        "block:rotation": [ 0, 1, 2, 3, 4, 5, 6 ]
      }
    },
    "components": {
      "minecraft:geometry": "geometry.headsoff",
      "minecraft:material_instances": {
        "*": {
          "texture": "headoff_oni2",
          "render_method": "blend"
        }
      },
      "minecraft:destroy_time": 3.0,
      "minecraft:friction": 0.7,
      "minecraft:map_color": "#FFFFFF",
      "minecraft:explosion_resistance": 1.0,
      "minecraft:block_light_absorption": 0.0,
      "minecraft:block_light_emission": 0.0,
      "minecraft:on_player_placing": {
        "event": "rotation"
      },
      "minecraft:on_placed": {
        "event": "size:block",
        "target": "self"
      },
      "minecraft:ticking": {
        "looping": true,
        "range": [
          10,
          10
        ],
        "on_tick": {
          "event": "on_tick",
          "target": "self"
        }
      },
      "minecraft:loot": "loot_tables/blocks/head_oni2.json",
      "minecraft:on_player_destroyed": {
        "event": "remove:block",
        "target": "self"
      },
      "minecraft:on_step_on": {
        "event": "step:on",
        "target": "self"
      },
      "minecraft:on_step_off": {
        "event": "step:off",
        "target": "self"
      },
      "minecraft:pick_collision": {
        "origin": [
          -5.0,
          0,
          -5.0
        ],
        "size": [
          10,
          20,
          10
        ]
      },
      "minecraft:entity_collision": {
        "origin": [
          -5.0,
          0,
          -5.0
        ],
        "size": [
          10,
          20,
          10
        ]
      }
    },
    "permutations": [
      {
        "condition": "query.block_property('block:rotation') == 2",
        "components": {
          "minecraft:rotation": [
            0,
            180,
            0
          ]
        }
      },
      {
        "condition": "query.block_property('block:rotation') == 3",
        "components": {
          "minecraft:rotation": [
            0,
            0,
            0
          ]
        }
      },
      {
        "condition": "query.block_property('block:rotation') == 4",
        "components": {
          "minecraft:rotation": [
            0,
            -90,
            0
          ]
        }
      },
      {
        "condition": "query.block_property('block:rotation') == 5",
        "components": {
          "minecraft:rotation": [
            0,
            90,
            0
          ]
        }
      }
    ],
    "events": {
      "rotation": {
        "set_block_property": {
          "block:rotation": "query.cardinal_facing_2d"
        }
      },
      "size:block": {
        "run_command": {
          "command": []
        }
      },
      "remove:block": {
        "run_command": {
          "command": []
        }
      },
      "step:on": {
        "run_command": {
          "command": []
        }
      },
      "step:off": {
        "run_command": {
          "command": []
        }
      },
      "on_tick": {
        "run_command": {
          "command": []
        }
      }
    }
  }
}
