{
	"file_path": "C:\\Users\\user\\AppData\\Local\\Packages\\Microsoft.MinecraftUWP_8wekyb3d8bbwe\\LocalState\\games\\com.mojang\\development_behavior_packs\\Door Plus(MALISIS DOORS) BP\\entities\\Warped_3x3\\Big_Warped_Door.json",
	"file_type": "entity",
	"format_version": 1,
	"file_uuid": "eb8c7f87_2f5a_4e8e_89c1_7299c07b19ba",
	"file_version": 207,
	"cache_content": {
		"children": [
			{
				"data": "1.13.0",
				"key": "format_version"
			},
			{
				"open": {
					"format_version": "1.13.0",
					"minecraft:entity": {
						"description": {
							"is_spawnable": true,
							"is_summonable": true,
							"is_experimental": false,
							"runtime_identifier": "minecraft:boat",
							"animations": {
								"bloques": "controller.animation.bloques1",
								"bridge_execute_commands": "controller.animation.bridge_Dark_Oak_Door.execute_commands"
							},
							"scripts": {
								"animate": [
									"bloques",
									"bridge_execute_commands"
								]
							},
							"identifier": "md:big_warped_door"
						},
						"component_groups": {
							"md:open_com": {
								"minecraft:transformation": {
									"delay": {
										"value": 4.68
									},
									"into": "md:big_warped_door"
								},
								"minecraft:collision_box": {
									"width": 0,
									"height": 0
								}
							},
							"md:rotate": {
								"minecraft:transformation": {
									"transformation_sound": "random.pop",
									"keep_level": true,
									"delay": {
										"block_radius": 1
									},
									"into": "md:big_warped_door_r"
								},
								"minecraft:collision_box": {
									"width": 0,
									"height": 0
								}
							},
							"md:remove": {
								"minecraft:despawn": {}
							},
							"bridge:execute_command_id_1": {
								"minecraft:skin_id": {
									"value": 1
								}
							},
							"bridge:execute_no_command": {
								"minecraft:skin_id": {
									"value": 0
								}
							},
							"bridge:execute_command_id_2": {
								"minecraft:skin_id": {
									"value": 2
								}
							},
							"bridge:execute_command_id_3": {
								"minecraft:skin_id": {
									"value": 3
								}
							},
							"bridge:execute_command_id_4": {
								"minecraft:skin_id": {
									"value": 4
								}
							},
							"bridge:execute_command_id_5": {
								"minecraft:skin_id": {
									"value": 5
								}
							}
						},
						"components": {
							"minecraft:type_family": {
								"family": [
									"armor_stand",
									"inanimate",
									"mob"
								]
							},
							"minecraft:collision_box": {
								"width": 1,
								"height": 2.9
							},
							"minecraft:health": {
								"value": 6,
								"max": 6
							},
							"minecraft:hurt_on_condition": {
								"damage_conditions": [
									{
										"filters": {
											"test": "in_lava",
											"subject": "self",
											"operator": "==",
											"value": true
										},
										"cause": "lava",
										"damage_per_tick": 4
									}
								]
							},
							"minecraft:loot": {
								"table": "loot_tables/entities/armor_stand.json"
							},
							"minecraft:nameable": {
								"allow_name_tag_renaming": true,
								"always_show": true,
								"name_actions": [
									{
										"on_named": {
											"event": "name:added"
										}
									}
								]
							},
							"minecraft:persistent": {},
							"minecraft:physics": {},
							"minecraft:pushable": {
								"is_pushable": false,
								"is_pushable_by_piston": true
							},
							"minecraft:navigation.generic": {},
							"minecraft:movement.basic": {},
							"minecraft:is_stackable": {},
							"minecraft:knockback_resistance": {
								"value": 100000000,
								"max": 100000000
							},
							"minecraft:interact": {
								"interactions": [
									{
										"on_interact": {
											"filters": {
												"test": "has_equipment",
												"subject": "other",
												"domain": "hand",
												"value": "md:desarmador"
											},
											"event": "md:remove"
										},
										"spawn_items": {
											"table": "loot_tables/warped3x3.json"
										},
										"hurt_item": 1
									},
									{
										"swing": true,
										"on_interact": {
											"filters": {
												"all_of": [
													{
														"test": "has_equipment",
														"subject": "other",
														"domain": "hand",
														"value": "md:rotador"
													}
												]
											},
											"event": "md:rotate"
										}
									},
									{
										"on_interact": {
											"event": "md:open"
										},
										"swing": true,
										"use_item": false
									}
								]
							}
						},
						"events": {
							"md:rotate": {
								"add": {
									"component_groups": [
										"md:rotate",
										"bridge:execute_command_id_1",
										"bridge:execute_command_id_1",
										"bridge:execute_command_id_1"
									]
								}
							},
							"md:open": {
								"add": {
									"component_groups": [
										"md:open_com",
										"bridge:execute_command_id_2",
										"bridge:execute_command_id_2",
										"bridge:execute_command_id_2"
									]
								}
							},
							"minecraft:entity_transformed": {
								"add": {
									"component_groups": [
										"bridge:execute_command_id_3",
										"bridge:execute_command_id_3"
									]
								}
							},
							"name:added": {
								"add": {
									"component_groups": [
										"bridge:execute_command_id_4"
									]
								}
							},
							"md:remove": {
								"add": {
									"component_groups": [
										"md:remove",
										"bridge:execute_command_id_4"
									]
								}
							},
							"bridge:remove_command_id_1": {
								"add": {
									"component_groups": [
										"bridge:execute_no_command",
										"bridge:execute_no_command",
										"bridge:execute_no_command"
									]
								},
								"remove": {
									"component_groups": [
										"bridge:execute_command_id_1",
										"bridge:execute_command_id_1",
										"bridge:execute_command_id_1"
									]
								}
							},
							"bridge:remove_command_id_2": {
								"add": {
									"component_groups": [
										"bridge:execute_no_command",
										"bridge:execute_no_command",
										"bridge:execute_no_command"
									]
								},
								"remove": {
									"component_groups": [
										"bridge:execute_command_id_2",
										"bridge:execute_command_id_2",
										"bridge:execute_command_id_2"
									]
								}
							},
							"bridge:remove_command_id_3": {
								"add": {
									"component_groups": [
										"bridge:execute_no_command",
										"bridge:execute_no_command",
										"bridge:execute_no_command"
									]
								},
								"remove": {
									"component_groups": [
										"bridge:execute_command_id_3",
										"bridge:execute_command_id_3",
										"bridge:execute_command_id_3"
									]
								}
							},
							"bridge:remove_command_id_4": {
								"add": {
									"component_groups": [
										"bridge:execute_no_command",
										"bridge:execute_no_command"
									]
								},
								"remove": {
									"component_groups": [
										"bridge:execute_command_id_4",
										"bridge:execute_command_id_4"
									]
								}
							},
							"bridge:remove_command_id_5": {
								"add": {
									"component_groups": [
										"bridge:execute_no_command",
										"bridge:execute_no_command"
									]
								},
								"remove": {
									"component_groups": [
										"bridge:execute_command_id_5",
										"bridge:execute_command_id_5"
									]
								}
							},
							"minecraft:entity_spawned": {
								"add": {
									"component_groups": [
										"bridge:execute_command_id_3",
										"bridge:execute_command_id_5"
									]
								}
							}
						}
					}
				},
				"key": "minecraft:entity",
				"children": [
					{
						"open": {
							"description": {
								"is_spawnable": true,
								"is_summonable": true,
								"is_experimental": false,
								"runtime_identifier": "minecraft:boat",
								"animations": {
									"bloques": "controller.animation.bloques1",
									"bridge_execute_commands": "controller.animation.bridge_Dark_Oak_Door.execute_commands"
								},
								"scripts": {
									"animate": [
										"bloques",
										"bridge_execute_commands"
									]
								},
								"identifier": "md:big_warped_door"
							},
							"component_groups": {
								"md:open_com": {
									"minecraft:transformation": {
										"delay": {
											"value": 4.68
										},
										"into": "md:big_warped_door"
									},
									"minecraft:collision_box": {
										"width": 0,
										"height": 0
									}
								},
								"md:rotate": {
									"minecraft:transformation": {
										"transformation_sound": "random.pop",
										"keep_level": true,
										"delay": {
											"block_radius": 1
										},
										"into": "md:big_warped_door_r"
									},
									"minecraft:collision_box": {
										"width": 0,
										"height": 0
									}
								},
								"md:remove": {
									"minecraft:despawn": {}
								},
								"bridge:execute_command_id_1": {
									"minecraft:skin_id": {
										"value": 1
									}
								},
								"bridge:execute_no_command": {
									"minecraft:skin_id": {
										"value": 0
									}
								},
								"bridge:execute_command_id_2": {
									"minecraft:skin_id": {
										"value": 2
									}
								},
								"bridge:execute_command_id_3": {
									"minecraft:skin_id": {
										"value": 3
									}
								},
								"bridge:execute_command_id_4": {
									"minecraft:skin_id": {
										"value": 4
									}
								},
								"bridge:execute_command_id_5": {
									"minecraft:skin_id": {
										"value": 5
									}
								}
							},
							"components": {
								"minecraft:type_family": {
									"family": [
										"armor_stand",
										"inanimate",
										"mob"
									]
								},
								"minecraft:collision_box": {
									"width": 1,
									"height": 2.9
								},
								"minecraft:health": {
									"value": 6,
									"max": 6
								},
								"minecraft:hurt_on_condition": {
									"damage_conditions": [
										{
											"filters": {
												"test": "in_lava",
												"subject": "self",
												"operator": "==",
												"value": true
											},
											"cause": "lava",
											"damage_per_tick": 4
										}
									]
								},
								"minecraft:loot": {
									"table": "loot_tables/entities/armor_stand.json"
								},
								"minecraft:nameable": {
									"allow_name_tag_renaming": true,
									"always_show": true,
									"name_actions": [
										{
											"on_named": {
												"event": "name:added"
											}
										}
									]
								},
								"minecraft:persistent": {},
								"minecraft:physics": {},
								"minecraft:pushable": {
									"is_pushable": false,
									"is_pushable_by_piston": true
								},
								"minecraft:navigation.generic": {},
								"minecraft:movement.basic": {},
								"minecraft:is_stackable": {},
								"minecraft:knockback_resistance": {
									"value": 100000000,
									"max": 100000000
								},
								"minecraft:interact": {
									"interactions": [
										{
											"on_interact": {
												"filters": {
													"test": "has_equipment",
													"subject": "other",
													"domain": "hand",
													"value": "md:desarmador"
												},
												"event": "md:remove"
											},
											"spawn_items": {
												"table": "loot_tables/warped3x3.json"
											},
											"hurt_item": 1
										},
										{
											"swing": true,
											"on_interact": {
												"filters": {
													"all_of": [
														{
															"test": "has_equipment",
															"subject": "other",
															"domain": "hand",
															"value": "md:rotador"
														}
													]
												},
												"event": "md:rotate"
											}
										},
										{
											"on_interact": {
												"event": "md:open"
											},
											"swing": true,
											"use_item": false
										}
									]
								}
							},
							"events": {
								"md:rotate": {
									"add": {
										"component_groups": [
											"md:rotate",
											"bridge:execute_command_id_1",
											"bridge:execute_command_id_1",
											"bridge:execute_command_id_1"
										]
									}
								},
								"md:open": {
									"add": {
										"component_groups": [
											"md:open_com",
											"bridge:execute_command_id_2",
											"bridge:execute_command_id_2",
											"bridge:execute_command_id_2"
										]
									}
								},
								"minecraft:entity_transformed": {
									"add": {
										"component_groups": [
											"bridge:execute_command_id_3",
											"bridge:execute_command_id_3"
										]
									}
								},
								"name:added": {
									"add": {
										"component_groups": [
											"bridge:execute_command_id_4"
										]
									}
								},
								"md:remove": {
									"add": {
										"component_groups": [
											"md:remove",
											"bridge:execute_command_id_4"
										]
									}
								},
								"bridge:remove_command_id_1": {
									"add": {
										"component_groups": [
											"bridge:execute_no_command",
											"bridge:execute_no_command",
											"bridge:execute_no_command"
										]
									},
									"remove": {
										"component_groups": [
											"bridge:execute_command_id_1",
											"bridge:execute_command_id_1",
											"bridge:execute_command_id_1"
										]
									}
								},
								"bridge:remove_command_id_2": {
									"add": {
										"component_groups": [
											"bridge:execute_no_command",
											"bridge:execute_no_command",
											"bridge:execute_no_command"
										]
									},
									"remove": {
										"component_groups": [
											"bridge:execute_command_id_2",
											"bridge:execute_command_id_2",
											"bridge:execute_command_id_2"
										]
									}
								},
								"bridge:remove_command_id_3": {
									"add": {
										"component_groups": [
											"bridge:execute_no_command",
											"bridge:execute_no_command",
											"bridge:execute_no_command"
										]
									},
									"remove": {
										"component_groups": [
											"bridge:execute_command_id_3",
											"bridge:execute_command_id_3",
											"bridge:execute_command_id_3"
										]
									}
								},
								"bridge:remove_command_id_4": {
									"add": {
										"component_groups": [
											"bridge:execute_no_command",
											"bridge:execute_no_command"
										]
									},
									"remove": {
										"component_groups": [
											"bridge:execute_command_id_4",
											"bridge:execute_command_id_4"
										]
									}
								},
								"bridge:remove_command_id_5": {
									"add": {
										"component_groups": [
											"bridge:execute_no_command",
											"bridge:execute_no_command"
										]
									},
									"remove": {
										"component_groups": [
											"bridge:execute_command_id_5",
											"bridge:execute_command_id_5"
										]
									}
								},
								"minecraft:entity_spawned": {
									"add": {
										"component_groups": [
											"bridge:execute_command_id_3",
											"bridge:execute_command_id_5"
										]
									}
								}
							}
						},
						"key": "description",
						"children": [
							{
								"data": "true",
								"key": "is_spawnable"
							},
							{
								"data": "true",
								"key": "is_summonable"
							},
							{
								"data": "false",
								"key": "is_experimental"
							},
							{
								"data": "minecraft:boat",
								"key": "runtime_identifier"
							},
							{
								"open": {
									"is_spawnable": true,
									"is_summonable": true,
									"is_experimental": false,
									"runtime_identifier": "minecraft:boat",
									"animations": {
										"bloques": "controller.animation.bloques1",
										"bridge_execute_commands": "controller.animation.bridge_Dark_Oak_Door.execute_commands"
									},
									"scripts": {
										"animate": [
											"bloques",
											"bridge_execute_commands"
										]
									},
									"identifier": "md:big_warped_door"
								},
								"key": "animations",
								"is_minified": true,
								"children": {
									"bloques": "controller.animation.bloques1",
									"bridge_execute_commands": "controller.animation.bridge_Dark_Oak_Door.execute_commands"
								}
							},
							{
								"key": "scripts",
								"is_minified": true,
								"children": {
									"animate": [
										"bloques",
										"bridge_execute_commands"
									]
								}
							},
							{
								"data": "md:big_warped_door",
								"key": "identifier"
							}
						]
					},
					{
						"open": {
							"description": {
								"is_spawnable": true,
								"is_summonable": true,
								"is_experimental": false,
								"runtime_identifier": "minecraft:boat",
								"animations": {
									"bloques": "controller.animation.bloques1",
									"bridge_execute_commands": "controller.animation.bridge_Dark_Oak_Door.execute_commands"
								},
								"scripts": {
									"animate": [
										"bloques",
										"bridge_execute_commands"
									]
								},
								"identifier": "md:big_warped_door"
							},
							"component_groups": {
								"md:open_com": {
									"minecraft:transformation": {
										"delay": {
											"value": 4.68
										},
										"into": "md:big_warped_door"
									},
									"minecraft:collision_box": {
										"width": 0,
										"height": 0
									}
								},
								"md:rotate": {
									"minecraft:transformation": {
										"transformation_sound": "random.pop",
										"keep_level": true,
										"delay": {
											"block_radius": 1
										},
										"into": "md:big_warped_door_r"
									},
									"minecraft:collision_box": {
										"width": 0,
										"height": 0
									}
								},
								"md:remove": {
									"minecraft:despawn": {}
								},
								"bridge:execute_command_id_1": {
									"minecraft:skin_id": {
										"value": 1
									}
								},
								"bridge:execute_no_command": {
									"minecraft:skin_id": {
										"value": 0
									}
								},
								"bridge:execute_command_id_2": {
									"minecraft:skin_id": {
										"value": 2
									}
								},
								"bridge:execute_command_id_3": {
									"minecraft:skin_id": {
										"value": 3
									}
								},
								"bridge:execute_command_id_4": {
									"minecraft:skin_id": {
										"value": 4
									}
								},
								"bridge:execute_command_id_5": {
									"minecraft:skin_id": {
										"value": 5
									}
								}
							},
							"components": {
								"minecraft:type_family": {
									"family": [
										"armor_stand",
										"inanimate",
										"mob"
									]
								},
								"minecraft:collision_box": {
									"width": 1,
									"height": 2.9
								},
								"minecraft:health": {
									"value": 6,
									"max": 6
								},
								"minecraft:hurt_on_condition": {
									"damage_conditions": [
										{
											"filters": {
												"test": "in_lava",
												"subject": "self",
												"operator": "==",
												"value": true
											},
											"cause": "lava",
											"damage_per_tick": 4
										}
									]
								},
								"minecraft:loot": {
									"table": "loot_tables/entities/armor_stand.json"
								},
								"minecraft:nameable": {
									"allow_name_tag_renaming": true,
									"always_show": true,
									"name_actions": [
										{
											"on_named": {
												"event": "name:added"
											}
										}
									]
								},
								"minecraft:persistent": {},
								"minecraft:physics": {},
								"minecraft:pushable": {
									"is_pushable": false,
									"is_pushable_by_piston": true
								},
								"minecraft:navigation.generic": {},
								"minecraft:movement.basic": {},
								"minecraft:is_stackable": {},
								"minecraft:knockback_resistance": {
									"value": 100000000,
									"max": 100000000
								},
								"minecraft:interact": {
									"interactions": [
										{
											"on_interact": {
												"filters": {
													"test": "has_equipment",
													"subject": "other",
													"domain": "hand",
													"value": "md:desarmador"
												},
												"event": "md:remove"
											},
											"spawn_items": {
												"table": "loot_tables/warped3x3.json"
											},
											"hurt_item": 1
										},
										{
											"swing": true,
											"on_interact": {
												"filters": {
													"all_of": [
														{
															"test": "has_equipment",
															"subject": "other",
															"domain": "hand",
															"value": "md:rotador"
														}
													]
												},
												"event": "md:rotate"
											}
										},
										{
											"on_interact": {
												"event": "md:open"
											},
											"swing": true,
											"use_item": false
										}
									]
								}
							},
							"events": {
								"md:rotate": {
									"add": {
										"component_groups": [
											"md:rotate",
											"bridge:execute_command_id_1",
											"bridge:execute_command_id_1",
											"bridge:execute_command_id_1"
										]
									}
								},
								"md:open": {
									"add": {
										"component_groups": [
											"md:open_com",
											"bridge:execute_command_id_2",
											"bridge:execute_command_id_2",
											"bridge:execute_command_id_2"
										]
									}
								},
								"minecraft:entity_transformed": {
									"add": {
										"component_groups": [
											"bridge:execute_command_id_3",
											"bridge:execute_command_id_3"
										]
									}
								},
								"name:added": {
									"add": {
										"component_groups": [
											"bridge:execute_command_id_4"
										]
									}
								},
								"md:remove": {
									"add": {
										"component_groups": [
											"md:remove",
											"bridge:execute_command_id_4"
										]
									}
								},
								"bridge:remove_command_id_1": {
									"add": {
										"component_groups": [
											"bridge:execute_no_command",
											"bridge:execute_no_command",
											"bridge:execute_no_command"
										]
									},
									"remove": {
										"component_groups": [
											"bridge:execute_command_id_1",
											"bridge:execute_command_id_1",
											"bridge:execute_command_id_1"
										]
									}
								},
								"bridge:remove_command_id_2": {
									"add": {
										"component_groups": [
											"bridge:execute_no_command",
											"bridge:execute_no_command",
											"bridge:execute_no_command"
										]
									},
									"remove": {
										"component_groups": [
											"bridge:execute_command_id_2",
											"bridge:execute_command_id_2",
											"bridge:execute_command_id_2"
										]
									}
								},
								"bridge:remove_command_id_3": {
									"add": {
										"component_groups": [
											"bridge:execute_no_command",
											"bridge:execute_no_command",
											"bridge:execute_no_command"
										]
									},
									"remove": {
										"component_groups": [
											"bridge:execute_command_id_3",
											"bridge:execute_command_id_3",
											"bridge:execute_command_id_3"
										]
									}
								},
								"bridge:remove_command_id_4": {
									"add": {
										"component_groups": [
											"bridge:execute_no_command",
											"bridge:execute_no_command"
										]
									},
									"remove": {
										"component_groups": [
											"bridge:execute_command_id_4",
											"bridge:execute_command_id_4"
										]
									}
								},
								"bridge:remove_command_id_5": {
									"add": {
										"component_groups": [
											"bridge:execute_no_command",
											"bridge:execute_no_command"
										]
									},
									"remove": {
										"component_groups": [
											"bridge:execute_command_id_5",
											"bridge:execute_command_id_5"
										]
									}
								},
								"minecraft:entity_spawned": {
									"add": {
										"component_groups": [
											"bridge:execute_command_id_3",
											"bridge:execute_command_id_5"
										]
									}
								}
							}
						},
						"key": "component_groups",
						"children": [
							{
								"open": {
									"md:open_com": {
										"minecraft:transformation": {
											"delay": {
												"value": 4.68
											},
											"into": "md:big_warped_door"
										},
										"minecraft:collision_box": {
											"width": 0,
											"height": 0
										}
									},
									"md:rotate": {
										"minecraft:transformation": {
											"transformation_sound": "random.pop",
											"keep_level": true,
											"delay": {
												"block_radius": 1
											},
											"into": "md:big_warped_door_r"
										},
										"minecraft:collision_box": {
											"width": 0,
											"height": 0
										}
									},
									"md:remove": {
										"minecraft:despawn": {}
									},
									"bridge:execute_command_id_1": {
										"minecraft:skin_id": {
											"value": 1
										}
									},
									"bridge:execute_no_command": {
										"minecraft:skin_id": {
											"value": 0
										}
									},
									"bridge:execute_command_id_2": {
										"minecraft:skin_id": {
											"value": 2
										}
									},
									"bridge:execute_command_id_3": {
										"minecraft:skin_id": {
											"value": 3
										}
									},
									"bridge:execute_command_id_4": {
										"minecraft:skin_id": {
											"value": 4
										}
									},
									"bridge:execute_command_id_5": {
										"minecraft:skin_id": {
											"value": 5
										}
									}
								},
								"key": "md:open_com",
								"children": [
									{
										"open": {
											"minecraft:transformation": {
												"delay": {
													"value": 4.68
												},
												"into": "md:big_warped_door"
											},
											"minecraft:collision_box": {
												"width": 0,
												"height": 0
											}
										},
										"key": "minecraft:transformation",
										"is_minified": true,
										"children": {
											"delay": {
												"value": 4.68
											},
											"into": "md:big_warped_door"
										}
									},
									{
										"key": "minecraft:collision_box",
										"is_minified": true,
										"children": {
											"width": 0,
											"height": 0
										}
									}
								]
							},
							{
								"open": {
									"md:open_com": {
										"minecraft:transformation": {
											"delay": {
												"value": 4.68
											},
											"into": "md:big_warped_door"
										},
										"minecraft:collision_box": {
											"width": 0,
											"height": 0
										}
									},
									"md:rotate": {
										"minecraft:transformation": {
											"transformation_sound": "random.pop",
											"keep_level": true,
											"delay": {
												"block_radius": 1
											},
											"into": "md:big_warped_door_r"
										},
										"minecraft:collision_box": {
											"width": 0,
											"height": 0
										}
									},
									"md:remove": {
										"minecraft:despawn": {}
									},
									"bridge:execute_command_id_1": {
										"minecraft:skin_id": {
											"value": 1
										}
									},
									"bridge:execute_no_command": {
										"minecraft:skin_id": {
											"value": 0
										}
									},
									"bridge:execute_command_id_2": {
										"minecraft:skin_id": {
											"value": 2
										}
									},
									"bridge:execute_command_id_3": {
										"minecraft:skin_id": {
											"value": 3
										}
									},
									"bridge:execute_command_id_4": {
										"minecraft:skin_id": {
											"value": 4
										}
									},
									"bridge:execute_command_id_5": {
										"minecraft:skin_id": {
											"value": 5
										}
									}
								},
								"key": "md:rotate",
								"children": [
									{
										"open": {
											"minecraft:transformation": {
												"transformation_sound": "random.pop",
												"keep_level": true,
												"delay": {
													"block_radius": 1
												},
												"into": "md:big_warped_door_r"
											},
											"minecraft:collision_box": {
												"width": 0,
												"height": 0
											}
										},
										"key": "minecraft:transformation",
										"is_minified": true,
										"children": {
											"transformation_sound": "random.pop",
											"keep_level": true,
											"delay": {
												"block_radius": 1
											},
											"into": "md:big_warped_door_r"
										}
									},
									{
										"key": "minecraft:collision_box",
										"is_minified": true,
										"children": {
											"width": 0,
											"height": 0
										}
									}
								]
							},
							{
								"open": {
									"md:open_com": {
										"minecraft:transformation": {
											"delay": {
												"value": 4.68
											},
											"into": "md:big_warped_door"
										},
										"minecraft:collision_box": {
											"width": 0,
											"height": 0
										}
									},
									"md:rotate": {
										"minecraft:transformation": {
											"transformation_sound": "random.pop",
											"keep_level": true,
											"delay": {
												"block_radius": 1
											},
											"into": "md:big_warped_door_r"
										},
										"minecraft:collision_box": {
											"width": 0,
											"height": 0
										}
									},
									"md:remove": {
										"minecraft:despawn": {}
									},
									"bridge:execute_command_id_1": {
										"minecraft:skin_id": {
											"value": 1
										}
									},
									"bridge:execute_no_command": {
										"minecraft:skin_id": {
											"value": 0
										}
									},
									"bridge:execute_command_id_2": {
										"minecraft:skin_id": {
											"value": 2
										}
									},
									"bridge:execute_command_id_3": {
										"minecraft:skin_id": {
											"value": 3
										}
									},
									"bridge:execute_command_id_4": {
										"minecraft:skin_id": {
											"value": 4
										}
									},
									"bridge:execute_command_id_5": {
										"minecraft:skin_id": {
											"value": 5
										}
									}
								},
								"key": "md:remove",
								"is_minified": true,
								"children": {
									"minecraft:despawn": {}
								}
							},
							{
								"key": "bridge:execute_command_id_1",
								"is_minified": true,
								"children": {
									"minecraft:skin_id": {
										"value": 1
									}
								}
							},
							{
								"key": "bridge:execute_no_command",
								"is_minified": true,
								"children": {
									"minecraft:skin_id": {
										"value": 0
									}
								}
							},
							{
								"key": "bridge:execute_command_id_2",
								"is_minified": true,
								"children": {
									"minecraft:skin_id": {
										"value": 2
									}
								}
							},
							{
								"key": "bridge:execute_command_id_3",
								"is_minified": true,
								"children": {
									"minecraft:skin_id": {
										"value": 3
									}
								}
							},
							{
								"key": "bridge:execute_command_id_4",
								"is_minified": true,
								"children": {
									"minecraft:skin_id": {
										"value": 4
									}
								}
							},
							{
								"key": "bridge:execute_command_id_5",
								"is_minified": true,
								"children": {
									"minecraft:skin_id": {
										"value": 5
									}
								}
							}
						]
					},
					{
						"open": {
							"description": {
								"is_spawnable": true,
								"is_summonable": true,
								"is_experimental": false,
								"runtime_identifier": "minecraft:boat",
								"animations": {
									"bloques": "controller.animation.bloques1",
									"bridge_execute_commands": "controller.animation.bridge_Dark_Oak_Door.execute_commands"
								},
								"scripts": {
									"animate": [
										"bloques",
										"bridge_execute_commands"
									]
								},
								"identifier": "md:big_warped_door"
							},
							"component_groups": {
								"md:open_com": {
									"minecraft:transformation": {
										"delay": {
											"value": 4.68
										},
										"into": "md:big_warped_door"
									},
									"minecraft:collision_box": {
										"width": 0,
										"height": 0
									}
								},
								"md:rotate": {
									"minecraft:transformation": {
										"transformation_sound": "random.pop",
										"keep_level": true,
										"delay": {
											"block_radius": 1
										},
										"into": "md:big_warped_door_r"
									},
									"minecraft:collision_box": {
										"width": 0,
										"height": 0
									}
								},
								"md:remove": {
									"minecraft:despawn": {}
								},
								"bridge:execute_command_id_1": {
									"minecraft:skin_id": {
										"value": 1
									}
								},
								"bridge:execute_no_command": {
									"minecraft:skin_id": {
										"value": 0
									}
								},
								"bridge:execute_command_id_2": {
									"minecraft:skin_id": {
										"value": 2
									}
								},
								"bridge:execute_command_id_3": {
									"minecraft:skin_id": {
										"value": 3
									}
								},
								"bridge:execute_command_id_4": {
									"minecraft:skin_id": {
										"value": 4
									}
								},
								"bridge:execute_command_id_5": {
									"minecraft:skin_id": {
										"value": 5
									}
								}
							},
							"components": {
								"minecraft:type_family": {
									"family": [
										"armor_stand",
										"inanimate",
										"mob"
									]
								},
								"minecraft:collision_box": {
									"width": 1,
									"height": 2.9
								},
								"minecraft:health": {
									"value": 6,
									"max": 6
								},
								"minecraft:hurt_on_condition": {
									"damage_conditions": [
										{
											"filters": {
												"test": "in_lava",
												"subject": "self",
												"operator": "==",
												"value": true
											},
											"cause": "lava",
											"damage_per_tick": 4
										}
									]
								},
								"minecraft:loot": {
									"table": "loot_tables/entities/armor_stand.json"
								},
								"minecraft:nameable": {
									"allow_name_tag_renaming": true,
									"always_show": true,
									"name_actions": [
										{
											"on_named": {
												"event": "name:added"
											}
										}
									]
								},
								"minecraft:persistent": {},
								"minecraft:physics": {},
								"minecraft:pushable": {
									"is_pushable": false,
									"is_pushable_by_piston": true
								},
								"minecraft:navigation.generic": {},
								"minecraft:movement.basic": {},
								"minecraft:is_stackable": {},
								"minecraft:knockback_resistance": {
									"value": 100000000,
									"max": 100000000
								},
								"minecraft:interact": {
									"interactions": [
										{
											"on_interact": {
												"filters": {
													"test": "has_equipment",
													"subject": "other",
													"domain": "hand",
													"value": "md:desarmador"
												},
												"event": "md:remove"
											},
											"spawn_items": {
												"table": "loot_tables/warped3x3.json"
											},
											"hurt_item": 1
										},
										{
											"swing": true,
											"on_interact": {
												"filters": {
													"all_of": [
														{
															"test": "has_equipment",
															"subject": "other",
															"domain": "hand",
															"value": "md:rotador"
														}
													]
												},
												"event": "md:rotate"
											}
										},
										{
											"on_interact": {
												"event": "md:open"
											},
											"swing": true,
											"use_item": false
										}
									]
								}
							},
							"events": {
								"md:rotate": {
									"add": {
										"component_groups": [
											"md:rotate",
											"bridge:execute_command_id_1",
											"bridge:execute_command_id_1",
											"bridge:execute_command_id_1"
										]
									}
								},
								"md:open": {
									"add": {
										"component_groups": [
											"md:open_com",
											"bridge:execute_command_id_2",
											"bridge:execute_command_id_2",
											"bridge:execute_command_id_2"
										]
									}
								},
								"minecraft:entity_transformed": {
									"add": {
										"component_groups": [
											"bridge:execute_command_id_3",
											"bridge:execute_command_id_3"
										]
									}
								},
								"name:added": {
									"add": {
										"component_groups": [
											"bridge:execute_command_id_4"
										]
									}
								},
								"md:remove": {
									"add": {
										"component_groups": [
											"md:remove",
											"bridge:execute_command_id_4"
										]
									}
								},
								"bridge:remove_command_id_1": {
									"add": {
										"component_groups": [
											"bridge:execute_no_command",
											"bridge:execute_no_command",
											"bridge:execute_no_command"
										]
									},
									"remove": {
										"component_groups": [
											"bridge:execute_command_id_1",
											"bridge:execute_command_id_1",
											"bridge:execute_command_id_1"
										]
									}
								},
								"bridge:remove_command_id_2": {
									"add": {
										"component_groups": [
											"bridge:execute_no_command",
											"bridge:execute_no_command",
											"bridge:execute_no_command"
										]
									},
									"remove": {
										"component_groups": [
											"bridge:execute_command_id_2",
											"bridge:execute_command_id_2",
											"bridge:execute_command_id_2"
										]
									}
								},
								"bridge:remove_command_id_3": {
									"add": {
										"component_groups": [
											"bridge:execute_no_command",
											"bridge:execute_no_command",
											"bridge:execute_no_command"
										]
									},
									"remove": {
										"component_groups": [
											"bridge:execute_command_id_3",
											"bridge:execute_command_id_3",
											"bridge:execute_command_id_3"
										]
									}
								},
								"bridge:remove_command_id_4": {
									"add": {
										"component_groups": [
											"bridge:execute_no_command",
											"bridge:execute_no_command"
										]
									},
									"remove": {
										"component_groups": [
											"bridge:execute_command_id_4",
											"bridge:execute_command_id_4"
										]
									}
								},
								"bridge:remove_command_id_5": {
									"add": {
										"component_groups": [
											"bridge:execute_no_command",
											"bridge:execute_no_command"
										]
									},
									"remove": {
										"component_groups": [
											"bridge:execute_command_id_5",
											"bridge:execute_command_id_5"
										]
									}
								},
								"minecraft:entity_spawned": {
									"add": {
										"component_groups": [
											"bridge:execute_command_id_3",
											"bridge:execute_command_id_5"
										]
									}
								}
							}
						},
						"key": "components",
						"children": [
							{
								"key": "minecraft:type_family",
								"is_minified": true,
								"children": {
									"family": [
										"armor_stand",
										"inanimate",
										"mob"
									]
								}
							},
							{
								"open": {
									"minecraft:type_family": {
										"family": [
											"armor_stand",
											"inanimate",
											"mob"
										]
									},
									"minecraft:collision_box": {
										"width": 1,
										"height": 2.9
									},
									"minecraft:health": {
										"value": 6,
										"max": 6
									},
									"minecraft:hurt_on_condition": {
										"damage_conditions": [
											{
												"filters": {
													"test": "in_lava",
													"subject": "self",
													"operator": "==",
													"value": true
												},
												"cause": "lava",
												"damage_per_tick": 4
											}
										]
									},
									"minecraft:loot": {
										"table": "loot_tables/entities/armor_stand.json"
									},
									"minecraft:nameable": {
										"allow_name_tag_renaming": true,
										"always_show": true,
										"name_actions": [
											{
												"on_named": {
													"event": "name:added"
												}
											}
										]
									},
									"minecraft:persistent": {},
									"minecraft:physics": {},
									"minecraft:pushable": {
										"is_pushable": false,
										"is_pushable_by_piston": true
									},
									"minecraft:navigation.generic": {},
									"minecraft:movement.basic": {},
									"minecraft:is_stackable": {},
									"minecraft:knockback_resistance": {
										"value": 100000000,
										"max": 100000000
									},
									"minecraft:interact": {
										"interactions": [
											{
												"on_interact": {
													"filters": {
														"test": "has_equipment",
														"subject": "other",
														"domain": "hand",
														"value": "md:desarmador"
													},
													"event": "md:remove"
												},
												"spawn_items": {
													"table": "loot_tables/warped3x3.json"
												},
												"hurt_item": 1
											},
											{
												"swing": true,
												"on_interact": {
													"filters": {
														"all_of": [
															{
																"test": "has_equipment",
																"subject": "other",
																"domain": "hand",
																"value": "md:rotador"
															}
														]
													},
													"event": "md:rotate"
												}
											},
											{
												"on_interact": {
													"event": "md:open"
												},
												"swing": true,
												"use_item": false
											}
										]
									}
								},
								"key": "minecraft:collision_box",
								"is_minified": true,
								"children": {
									"width": 1,
									"height": 2.9
								}
							},
							{
								"key": "minecraft:health",
								"is_minified": true,
								"children": {
									"value": 6,
									"max": 6
								}
							},
							{
								"key": "minecraft:hurt_on_condition",
								"is_minified": true,
								"children": {
									"damage_conditions": [
										{
											"filters": {
												"test": "in_lava",
												"subject": "self",
												"operator": "==",
												"value": true
											},
											"cause": "lava",
											"damage_per_tick": 4
										}
									]
								}
							},
							{
								"key": "minecraft:loot",
								"is_minified": true,
								"children": {
									"table": "loot_tables/entities/armor_stand.json"
								}
							},
							{
								"key": "minecraft:nameable",
								"is_minified": true,
								"children": {
									"allow_name_tag_renaming": true,
									"always_show": true,
									"name_actions": [
										{
											"on_named": {
												"event": "name:added"
											}
										}
									]
								}
							},
							{
								"key": "minecraft:persistent",
								"is_minified": true,
								"children": {}
							},
							{
								"key": "minecraft:physics",
								"is_minified": true,
								"children": {}
							},
							{
								"key": "minecraft:pushable",
								"is_minified": true,
								"children": {
									"is_pushable": false,
									"is_pushable_by_piston": true
								}
							},
							{
								"key": "minecraft:navigation.generic",
								"is_minified": true,
								"children": {}
							},
							{
								"key": "minecraft:movement.basic",
								"is_minified": true,
								"children": {}
							},
							{
								"key": "minecraft:is_stackable",
								"is_minified": true,
								"children": {}
							},
							{
								"key": "minecraft:knockback_resistance",
								"is_minified": true,
								"children": {
									"value": 100000000,
									"max": 100000000
								}
							},
							{
								"open": {
									"minecraft:type_family": {
										"family": [
											"armor_stand",
											"inanimate",
											"mob"
										]
									},
									"minecraft:collision_box": {
										"width": 1,
										"height": 2.9
									},
									"minecraft:health": {
										"value": 6,
										"max": 6
									},
									"minecraft:hurt_on_condition": {
										"damage_conditions": [
											{
												"filters": {
													"test": "in_lava",
													"subject": "self",
													"operator": "==",
													"value": true
												},
												"cause": "lava",
												"damage_per_tick": 4
											}
										]
									},
									"minecraft:loot": {
										"table": "loot_tables/entities/armor_stand.json"
									},
									"minecraft:nameable": {
										"allow_name_tag_renaming": true,
										"always_show": true,
										"name_actions": [
											{
												"on_named": {
													"event": "name:added"
												}
											}
										]
									},
									"minecraft:persistent": {},
									"minecraft:physics": {},
									"minecraft:pushable": {
										"is_pushable": false,
										"is_pushable_by_piston": true
									},
									"minecraft:navigation.generic": {},
									"minecraft:movement.basic": {},
									"minecraft:is_stackable": {},
									"minecraft:knockback_resistance": {
										"value": 100000000,
										"max": 100000000
									},
									"minecraft:interact": {
										"interactions": [
											{
												"on_interact": {
													"filters": {
														"test": "has_equipment",
														"subject": "other",
														"domain": "hand",
														"value": "md:desarmador"
													},
													"event": "md:remove"
												},
												"spawn_items": {
													"table": "loot_tables/warped3x3.json"
												},
												"hurt_item": 1
											},
											{
												"swing": true,
												"on_interact": {
													"filters": {
														"all_of": [
															{
																"test": "has_equipment",
																"subject": "other",
																"domain": "hand",
																"value": "md:rotador"
															}
														]
													},
													"event": "md:rotate"
												}
											},
											{
												"on_interact": {
													"event": "md:open"
												},
												"swing": true,
												"use_item": false
											}
										]
									}
								},
								"key": "minecraft:interact",
								"children": [
									{
										"open": {
											"interactions": [
												{
													"on_interact": {
														"filters": {
															"test": "has_equipment",
															"subject": "other",
															"domain": "hand",
															"value": "md:desarmador"
														},
														"event": "md:remove"
													},
													"spawn_items": {
														"table": "loot_tables/warped3x3.json"
													},
													"hurt_item": 1
												},
												{
													"swing": true,
													"on_interact": {
														"filters": {
															"all_of": [
																{
																	"test": "has_equipment",
																	"subject": "other",
																	"domain": "hand",
																	"value": "md:rotador"
																}
															]
														},
														"event": "md:rotate"
													}
												},
												{
													"on_interact": {
														"event": "md:open"
													},
													"swing": true,
													"use_item": false
												}
											]
										},
										"key": "interactions",
										"children": [
											{
												"open": [
													{
														"on_interact": {
															"filters": {
																"test": "has_equipment",
																"subject": "other",
																"domain": "hand",
																"value": "md:desarmador"
															},
															"event": "md:remove"
														},
														"spawn_items": {
															"table": "loot_tables/warped3x3.json"
														},
														"hurt_item": 1
													},
													{
														"swing": true,
														"on_interact": {
															"filters": {
																"all_of": [
																	{
																		"test": "has_equipment",
																		"subject": "other",
																		"domain": "hand",
																		"value": "md:rotador"
																	}
																]
															},
															"event": "md:rotate"
														}
													},
													{
														"on_interact": {
															"event": "md:open"
														},
														"swing": true,
														"use_item": false
													}
												],
												"children": [
													{
														"key": "on_interact",
														"is_minified": true,
														"children": {
															"filters": {
																"test": "has_equipment",
																"subject": "other",
																"domain": "hand",
																"value": "md:desarmador"
															},
															"event": "md:remove"
														}
													},
													{
														"open": {
															"on_interact": {
																"filters": {
																	"test": "has_equipment",
																	"subject": "other",
																	"domain": "hand",
																	"value": "md:desarmador"
																},
																"event": "md:remove"
															},
															"spawn_items": {
																"table": "loot_tables/warped3x3.json"
															},
															"hurt_item": 1
														},
														"key": "spawn_items",
														"is_minified": true,
														"children": {
															"table": "loot_tables/warped3x3.json"
														}
													},
													{
														"data": "1",
														"key": "hurt_item"
													}
												]
											},
											{
												"is_minified": true,
												"children": {
													"swing": true,
													"on_interact": {
														"filters": {
															"all_of": [
																{
																	"test": "has_equipment",
																	"subject": "other",
																	"domain": "hand",
																	"value": "md:rotador"
																}
															]
														},
														"event": "md:rotate"
													}
												}
											},
											{
												"is_minified": true,
												"children": {
													"on_interact": {
														"event": "md:open"
													},
													"swing": true,
													"use_item": false
												}
											}
										]
									}
								]
							}
						]
					},
					{
						"key": "events",
						"is_minified": true,
						"children": {
							"md:rotate": {
								"add": {
									"component_groups": [
										"md:rotate",
										"bridge:execute_command_id_1",
										"bridge:execute_command_id_1",
										"bridge:execute_command_id_1"
									]
								}
							},
							"md:open": {
								"add": {
									"component_groups": [
										"md:open_com",
										"bridge:execute_command_id_2",
										"bridge:execute_command_id_2",
										"bridge:execute_command_id_2"
									]
								}
							},
							"minecraft:entity_transformed": {
								"add": {
									"component_groups": [
										"bridge:execute_command_id_3",
										"bridge:execute_command_id_3"
									]
								}
							},
							"name:added": {
								"add": {
									"component_groups": [
										"bridge:execute_command_id_4"
									]
								}
							},
							"md:remove": {
								"add": {
									"component_groups": [
										"md:remove",
										"bridge:execute_command_id_4"
									]
								}
							},
							"bridge:remove_command_id_1": {
								"add": {
									"component_groups": [
										"bridge:execute_no_command",
										"bridge:execute_no_command",
										"bridge:execute_no_command"
									]
								},
								"remove": {
									"component_groups": [
										"bridge:execute_command_id_1",
										"bridge:execute_command_id_1",
										"bridge:execute_command_id_1"
									]
								}
							},
							"bridge:remove_command_id_2": {
								"add": {
									"component_groups": [
										"bridge:execute_no_command",
										"bridge:execute_no_command",
										"bridge:execute_no_command"
									]
								},
								"remove": {
									"component_groups": [
										"bridge:execute_command_id_2",
										"bridge:execute_command_id_2",
										"bridge:execute_command_id_2"
									]
								}
							},
							"bridge:remove_command_id_3": {
								"add": {
									"component_groups": [
										"bridge:execute_no_command",
										"bridge:execute_no_command",
										"bridge:execute_no_command"
									]
								},
								"remove": {
									"component_groups": [
										"bridge:execute_command_id_3",
										"bridge:execute_command_id_3",
										"bridge:execute_command_id_3"
									]
								}
							},
							"bridge:remove_command_id_4": {
								"add": {
									"component_groups": [
										"bridge:execute_no_command",
										"bridge:execute_no_command"
									]
								},
								"remove": {
									"component_groups": [
										"bridge:execute_command_id_4",
										"bridge:execute_command_id_4"
									]
								}
							},
							"bridge:remove_command_id_5": {
								"add": {
									"component_groups": [
										"bridge:execute_no_command",
										"bridge:execute_no_command"
									]
								},
								"remove": {
									"component_groups": [
										"bridge:execute_command_id_5",
										"bridge:execute_command_id_5"
									]
								}
							},
							"minecraft:entity_spawned": {
								"add": {
									"component_groups": [
										"bridge:execute_command_id_3",
										"bridge:execute_command_id_5"
									]
								}
							}
						}
					}
				]
			}
		]
	}
}