{
	"sc.fnafsb.jumpscare1": {
        "category": "neutral",
        "sounds": ["sounds/sc_fnafsb/jumpscare1"]
    },
	"sc.fnafsb.hunting": {
        "category": "neutral",
        "max_distance": 200.0,
        "sounds": ["sounds/sc_fnafsb/hunting"]
    },
	"sc.fnafsb.moving1": {
        "category": "neutral",
        "max_distance": 20.0,
        "sounds": ["sounds/sc_fnafsb/moving1"]
    },
	"sc.sun.intro": {
        "category": "neutral",
        "max_distance": 200.0,
        "sounds": ["sounds/sc_fnafsb/daycare_attendant/sun/intro"]
    },
	"sc.sun.transformation": {
        "category": "neutral",
        "max_distance": 200.0,
        "sounds": ["sounds/sc_fnafsb/daycare_attendant/sun/transformation"]
    },
	"sc.glamrocks.moving": {
        "category": "neutral",
        "sounds": ["sounds/sc_fnafsb/glamrocks/glamrocks_moving"]
    },
	"sc.moon.intro": {
        "category": "neutral",
        "max_distance": 200.0,
        "sounds": ["sounds/sc_fnafsb/daycare_attendant/moon/intro"]
    },
	"sc.moon.talk1": {
        "category": "neutral",
        "sounds": ["sounds/sc_fnafsb/daycare_attendant/moon/talk1"]
    },
	"sc.moon.talk2": {
        "category": "neutral",
        "sounds": ["sounds/sc_fnafsb/daycare_attendant/moon/talk2"]
    },
	"sc.moon.talk3": {
        "category": "neutral",
        "sounds": ["sounds/sc_fnafsb/daycare_attendant/moon/talk3"]
    },
	"sc.moon.talk4": {
        "category": "neutral",
        "sounds": ["sounds/sc_fnafsb/daycare_attendant/moon/talk4"]
    },
	"sc.moon.talk5": {
        "category": "neutral",
        "sounds": ["sounds/sc_fnafsb/daycare_attendant/moon/talk5"]
    },
	"sc.moon.talk6": {
        "category": "neutral",
        "sounds": ["sounds/sc_fnafsb/daycare_attendant/moon/talk6"]
    },
	"sc.moon.talk7": {
        "category": "neutral",
        "sounds": ["sounds/sc_fnafsb/daycare_attendant/moon/talk7"]
    },
	"sc.monty.talk1": {
        "category": "neutral",
        "sounds": ["sounds/sc_fnafsb/glamrocks/monty/talk1"]
    },
	"sc.monty.talk2": {
        "category": "neutral",
        "sounds": ["sounds/sc_fnafsb/glamrocks/monty/talk2"]
    },
	"sc.monty.talk3": {
        "category": "neutral",
        "sounds": ["sounds/sc_fnafsb/glamrocks/monty/talk3"]
    },
	"sc.monty.talk4": {
        "category": "neutral",
        "sounds": ["sounds/sc_fnafsb/glamrocks/monty/talk4"]
    },
	"sc.monty.talk5": {
        "category": "neutral",
        "sounds": ["sounds/sc_fnafsb/glamrocks/monty/talk5"]
    },
	"sc.monty.talk6": {
        "category": "neutral",
        "sounds": ["sounds/sc_fnafsb/glamrocks/monty/talk6"]
    },
	"sc.monty.talk7": {
        "category": "neutral",
        "sounds": ["sounds/sc_fnafsb/glamrocks/monty/talk7"]
    },
	"sc.monty.talk8": {
        "category": "neutral",
        "sounds": ["sounds/sc_fnafsb/glamrocks/monty/talk8"]
    },
	"sc.monty.talk9": {
        "category": "neutral",
        "sounds": ["sounds/sc_fnafsb/glamrocks/monty/talk9"]
    },
	"sc.monty.talk10": {
        "category": "neutral",
        "sounds": ["sounds/sc_fnafsb/glamrocks/monty/talk10"]
    },
	"sc.monty.talk11": {
        "category": "neutral",
        "sounds": ["sounds/sc_fnafsb/glamrocks/monty/talk11"]
    },
	"sc.monty.talk12": {
        "category": "neutral",
        "sounds": ["sounds/sc_fnafsb/glamrocks/monty/talk12"]
    },
	"sc.monty.talk13": {
        "category": "neutral",
        "sounds": ["sounds/sc_fnafsb/glamrocks/monty/talk3"]
    },
	"sc.monty.talk13": {
        "category": "neutral",
        "sounds": ["sounds/sc_fnafsb/glamrocks/monty/talk13"]
    },
	"sc.monty.talk14": {
        "category": "neutral",
        "sounds": ["sounds/sc_fnafsb/glamrocks/monty/talk14"]
    },
	"sc.monty.talk15": {
        "category": "neutral",
        "sounds": ["sounds/sc_fnafsb/glamrocks/monty/talk15"]
    },
	"sc.monty.talk16": {
        "category": "neutral",
        "sounds": ["sounds/sc_fnafsb/glamrocks/monty/talk16"]
    },
	"sc.monty.talk17": {
        "category": "neutral",
        "sounds": ["sounds/sc_fnafsb/glamrocks/monty/talk17"]
    },
	"sc.monty.talk18": {
        "category": "neutral",
        "sounds": ["sounds/sc_fnafsb/glamrocks/monty/talk18"]
    },
	"sc.monty.laugh": {
        "category": "neutral",
        "sounds": ["sounds/sc_fnafsb/glamrocks/monty/laugh"]
    },
	"sc.monty.saw1": {
        "category": "neutral",
        "sounds": ["sounds/sc_fnafsb/glamrocks/monty/saw1"]
    },
	"sc.monty.saw2": {
        "category": "neutral",
        "sounds": ["sounds/sc_fnafsb/glamrocks/monty/saw2"]
    }
}
