{
  "format_version": "1.12.0",
  "minecraft:geometry": [
    {
      "description": {
        "identifier": "geometry.yg_pacman_exe",
        "texture_width": 256,
        "texture_height": 256,
        "visible_bounds_width": 3,
        "visible_bounds_height": 3.5,
        "visible_bounds_offset": [
          0,
          1.25,
          0
        ]
      },
      "bones": [
        {
          "name": "Root"
        },
        {
          "name": "Ulo",
          "pivot": [
            0,
            4,
            0
          ],
          "cubes": [
            {
              "origin": [
                -14.0,
                13.0,
                -14.0
              ],
              "size": [
                28.0,
                19.0,
                28.0
              ],
              "uv": [
                0,
                0
              ],
              "inflate": 0
            },
            {
              "origin": [
                -13.5,
                6.11926,
                -13.09413
              ],
              "size": [
                27.0,
                7.0,
                0.0
              ],
              "pivot": [
                0.0,
                9.61926,
                -13.09413
              ],
              "rotation": [
                -15.0,
                0.0,
                -180.0
              ],
              "uv": [
                0,
                84
              ],
              "inflate": 0
            },
            {
              "origin": [
                -26.59317,
                6.11952,
                0.5
              ],
              "size": [
                27.0,
                7.0,
                0.0
              ],
              "pivot": [
                -13.09317,
                9.61952,
                0.5
              ],
              "rotation": [
                0.0,
                90.0,
                165.0
              ],
              "uv": [
                0,
                84
              ],
              "inflate": 0,
              "mirror": true
            },
            {
              "origin": [
                -0.40683,
                6.11952,
                0.5
              ],
              "size": [
                27.0,
                7.0,
                0.0
              ],
              "pivot": [
                13.09317,
                9.61952,
                0.5
              ],
              "rotation": [
                0.0,
                -90.0,
                -165.0
              ],
              "uv": [
                0,
                84
              ],
              "inflate": 0
            },
            {
              "origin": [
                -22.5951,
                6.119,
                1.0
              ],
              "size": [
                23.0,
                7.0,
                0.0
              ],
              "pivot": [
                -11.0951,
                9.619,
                1.0
              ],
              "rotation": [
                0.0,
                -90.0,
                165.0
              ],
              "uv": [
                84,
                17
              ],
              "inflate": 0,
              "mirror": true
            },
            {
              "origin": [
                -0.4049,
                6.119,
                1.0
              ],
              "size": [
                23.0,
                7.0,
                0.0
              ],
              "pivot": [
                11.0951,
                9.619,
                1.0
              ],
              "rotation": [
                0.0,
                90.0,
                -165.0
              ],
              "uv": [
                84,
                17
              ],
              "inflate": 0
            },
            {
              "origin": [
                -11.5,
                7.10222,
                -11.22354
              ],
              "size": [
                23.0,
                7.0,
                0.0
              ],
              "pivot": [
                0.0,
                10.60222,
                -11.22354
              ],
              "rotation": [
                -15.0,
                0.0,
                180.0
              ],
              "uv": [
                84,
                17
              ],
              "inflate": 0
            }
          ],
          "parent": "Root"
        },
        {
          "name": "Panga",
          "pivot": [
            -0.14286,
            13.26952,
            13.3647
          ],
          "cubes": [
            {
              "origin": [
                -14.0,
                4.0,
                -14.0
              ],
              "size": [
                28.0,
                9.0,
                28.0
              ],
              "uv": [
                0,
                47
              ],
              "inflate": 0
            },
            {
              "origin": [
                -13.5,
                12.88074,
                -13.09413
              ],
              "size": [
                27.0,
                7.0,
                0.0
              ],
              "pivot": [
                0.0,
                16.38074,
                -13.09413
              ],
              "rotation": [
                -15.0,
                0.0,
                0.0
              ],
              "uv": [
                0,
                84
              ],
              "inflate": 0
            },
            {
              "origin": [
                -0.40683,
                12.88048,
                0.5
              ],
              "size": [
                27.0,
                7.0,
                0.0
              ],
              "pivot": [
                13.09317,
                16.38048,
                0.5
              ],
              "rotation": [
                0.0,
                90.0,
                -15.0
              ],
              "uv": [
                0,
                84
              ],
              "inflate": 0
            },
            {
              "origin": [
                -26.59317,
                12.88048,
                0.5
              ],
              "size": [
                27.0,
                7.0,
                0.0
              ],
              "pivot": [
                -13.09317,
                16.38048,
                0.5
              ],
              "rotation": [
                0.0,
                -90.0,
                15.0
              ],
              "uv": [
                0,
                84
              ],
              "inflate": 0,
              "mirror": true
            },
            {
              "origin": [
                -0.27646,
                12.89778,
                0.5
              ],
              "size": [
                23.0,
                7.0,
                0.0
              ],
              "pivot": [
                11.22354,
                16.39778,
                0.5
              ],
              "rotation": [
                0.0,
                -90.0,
                -15.0
              ],
              "uv": [
                84,
                17
              ],
              "inflate": 0
            },
            {
              "origin": [
                -21.72354,
                12.89778,
                0.5
              ],
              "size": [
                23.0,
                7.0,
                0.0
              ],
              "pivot": [
                -10.22354,
                16.39778,
                0.5
              ],
              "rotation": [
                0.0,
                90.0,
                15.0
              ],
              "uv": [
                84,
                17
              ],
              "inflate": 0,
              "mirror": true
            },
            {
              "origin": [
                -12.0,
                12.89778,
                -11.22354
              ],
              "size": [
                23.0,
                7.0,
                0.0
              ],
              "pivot": [
                -0.5,
                16.39778,
                -11.22354
              ],
              "rotation": [
                -15.0,
                0.0,
                0.0
              ],
              "uv": [
                84,
                17
              ],
              "inflate": 0
            }
          ],
          "parent": "Ulo"
        },
        {
          "name": "Dila",
          "pivot": [
            0.35714,
            14.26952,
            13.8647
          ],
          "cubes": [
            {
              "origin": [
                -3.14286,
                12.26952,
                0.3647
              ],
              "size": [
                7.0,
                4.0,
                13.0
              ],
              "uv": [
                84,
                0
              ],
              "inflate": 0
            }
          ],
          "parent": "Panga",
          "rotation": [
            0,
            0,
            180
          ]
        },
        {
          "name": "bone",
          "pivot": [
            0.35714,
            14.2,
            -0.1353
          ],
          "cubes": [
            {
              "origin": [
                -2.14286,
                12.7,
                -12.6353
              ],
              "size": [
                5.0,
                3.0,
                13.0
              ],
              "uv": [
                41,
                84
              ],
              "inflate": 0
            }
          ],
          "parent": "Dila"
        },
        {
          "name": "bone2",
          "pivot": [
            0.35714,
            14.27,
            -13.1353
          ],
          "cubes": [
            {
              "origin": [
                -1.14286,
                13.27,
                -23.6353
              ],
              "size": [
                3.0,
                2.0,
                11.0
              ],
              "uv": [
                0,
                0
              ],
              "inflate": 0
            }
          ],
          "parent": "bone"
        }
      ]
    }
  ]
}