{
  "format_version": "1.8.0",
  "minecraft:entity": {
    "description": {
      "identifier": "dy:rvn",
      "is_spawnable": true,
      "is_summonable": true,
      "is_experimental": false
    },
    "components": {
      "minecraft:type_family": {
        "family": [
          "dysaii"
        ]
      },
      "minecraft:collision_box": {
        "height": 1,
        "width": 1
      },
      "minecraft:fall_damage": {
        "value": 0.0
      },
      "minecraft:movement": {
        "value": 0.21,
        "max": 0.35
      },
      "minecraft:leashable": {
        "soft_distance": 4,
        "hard_distance": 6,
        "max_distance": 10
      },
      "minecraft:navigation.walk": {
        "can_path_over_water": true
      },
      "minecraft:movement.basic": {},
      "minecraft:jump.static": {},
      "minecraft:health": {
        "value": 1,
        "max": 1
      },
      "minecraft:input_ground_controlled": {},
      "minecraft:physics": {},
      "minecraft:experience_reward": {
        "on_death": "query.last_hit_by_player ? 10 : 0"
      },
      "minecraft:underwater_movement": {
        "value": 0.03
      },
      "minecraft:scale": {
        "value": 0.2
      },
      "minecraft:pushable": {
        "is_pushable": false,
        "is_pushable_by_piston": true
      },
      "minecraft:behavior.follow_owner": {
        "start_distance": 10.0,
        "speed_multiplier": 1.0,
        "stop_distance": 2.0,
        "priority": 6
      }
    }
  }
}