{"mob.yg_ambush.attack":{"category":"hostile","max_distance":80,"sounds":["sounds/monster/ambush_attack"]},"mob.yg_a60.attack":{"category":"hostile","max_distance":80,"sounds":["sounds/monster/a60_attack"]},"mob.yg_eye.attack":{"category":"hostile","max_distance":80,"sounds":["sounds/monster/eye_attack"]},"mob.yg_depth.attack":{"category":"hostile","max_distance":80,"sounds":["sounds/monster/depth_attack"]},"mob.yg_dupe.attack":{"category":"hostile","max_distance":80,"sounds":["sounds/monster/dupe_attack"]},"mob.yg_greed.attack":{"category":"hostile","max_distance":80,"sounds":["sounds/monster/greed_attack"]},"mob.yg_silence.attack":{"category":"hostile","max_distance":80,"sounds":["sounds/monster/silence_attack"]},"mob.yg_figure.attack":{"category":"hostile","max_distance":80,"sounds":["sounds/monster/figure_attack"]},"mob.yg_glitch.attack":{"category":"hostile","max_distance":80,"sounds":["sounds/monster/glitch_attack"]},"mob.yg_halt.attack":{"category":"hostile","max_distance":80,"sounds":["sounds/monster/halt_attack"]},"mob.yg_jack.attack":{"category":"hostile","max_distance":80,"sounds":["sounds/monster/jack_attack"]},"mob.yg_rush.attack":{"category":"hostile","max_distance":80,"sounds":["sounds/monster/rush_attack"]},"mob.yg_screech.attack":{"category":"hostile","max_distance":80,"sounds":["sounds/monster/screech_attack"]},"mob.yg_seek.attack":{"category":"hostile","max_distance":80,"sounds":["sounds/monster/seek_attack"]},"mob.yg_timothy.attack":{"category":"hostile","max_distance":80,"sounds":["sounds/monster/timothy_attack"]},"mob.yg_figure.step":{"max_distance":80,"sounds":["sounds/monster/figure_step"]},"mob.yg_ambush.step":{"max_distance":80,"sounds":["sounds/monster/ambush_step"]},"mob.yg_rush.step":{"max_distance":80,"sounds":["sounds/monster/rush_step"]},"mob.yg_figure.ambient":{"category":" neutral","max_distance":80,"sounds":["sounds/monster/figure_idle"]},"mob.yg_halt.ambient":{"category":"music","max_distance":80,"sounds":["sounds/monster/halt_idle"]},"mob.yg_rush.ambient":{"category":"music","max_distance":80,"sounds":["sounds/monster/rush_idle"]},"mob.yg_screech.angry":{"category":" neutral","sounds":["sounds/monster/screech_psst"],"max_distance":80}}