{
  "format_version": "1.16.100",
  "minecraft:item": {
    "description": {
      "identifier": "ag1:flashlight",
      "category": "Equipment"
    },
    "components": {
      "minecraft:hand_equipped": false,
      "minecraft:max_stack_size": 1,
      "minecraft:foil": false,
      "minecraft:icon": {
        "texture": "ag1:fl"
      },
      "minecraft:display_name": {
        "value": "§e§lFlashlight"
      },
      "minecraft:cooldown": {
        "category": "flashlight",
        "duration": 210
      },
      "minecraft:on_use": {
        "on_use": {
          "event": "on_use_event1"
        }
      },
      "minecraft:durability": {
        "max_durability": 1
      }
    },
    "events": {
      "on_use_event1": {
        "swing": {},
        "run_command": {
          "command": [
            "effect @p night_vision 200 30"
          ]
        }
      },
      "hurt": {
        "damage": {
          "type": "magic",
          "amount": 1,
          "target": "self"
        }
      }
    }
  }
}