{
  "format_version": "1.16.100",
  "minecraft:item": {
    "description": {
      "identifier": "ag1:magic_book",
      "category": "Equipment"
    },
    "components": {
      "minecraft:hand_equipped": false,
      "minecraft:max_stack_size": 1,
      "minecraft:foil": false,
      "minecraft:icon": {
        "texture": "ag1:magic_book"
      },
      "minecraft:display_name": {
        "value": "§b§lMagic book"
      },
      "minecraft:cooldown": {
        "category": "magic_book",
        "duration": 1
      },
      "minecraft:on_use": {
        "on_use": {
          "event": "on_use_event"
        }
      },
      "minecraft:durability": {
        "max_durability": 1
      }
    },
    "events": {
      "on_use_event": {
        "swing": {},
        "run_command": {
          "command": [
            "ride @e[c\u003d1,family\u003dmonster,family\u003d!nm,family\u003d!magic] summon_ride ag1:magic",
            "ride @e[c\u003d1,family\u003dnm,family\u003d!monster,type\u003d!ag1:figure,family\u003d!magic] summon_ride ag1:magic_f"
          ]
        }
      },
      "hurt": {
        "damage": {
          "type": "magic",
          "amount": 1,
          "target": "self"
        }
      }
    }
  }
}