{
  "format_version": "1.10.0",
  "minecraft:entity": {
    "description": {
      "identifier": "ds:akaza_circle",
      "is_spawnable": false,
      "is_summonable": true,
      "is_experimental": false,
      "scripts": { "animate": [ "burning" ]}},

    "components": {
      "minecraft:type_family": {
        "family": [ "scene" ] },

      "minecraft:explode": {
        "fuseLength": 3.5,
        "fuseLit": true,
        "power": 0,
        "causesFire": false,
        "destroyAffectedByGriefing": true },

      "minecraft:collision_box": {
        "width": 0,
        "height": 0 },

      "minecraft:damage_sensor": [
      { "cause": "any", "deals_damage": false }],
       "minecraft:physics": {
        "has_gravity": false,
        "has_collision": false
      }
    }
  }
}
