{
  "format_version": "1.8.0",
  "minecraft:entity": {
    "description": {
      "identifier": "ds:castle_door",
      "is_spawnable": false,
      "is_summonable": true,
      "is_experimental": false,
	  "runtime_identifier": "minecraft:snowball"
    },
	
	"component_groups": {},
	
    "components": {
      "minecraft:collision_box": {
        "width": 0.1,
        "height": 0.1
      },
	  "minecraft:timer": {
	    "looping": false,
		"randomInterval": false,
		"time": 0.1,
		"time_down_event": {
		  "event": "minecraft:event_effect"
	        	}
	          },
      "minecraft:transformation": {
        "into": "ds:despawn",
        "delay": 1.5
      },
	  "minecraft:health": {
	    "value": 1000
	  },
	  "minecraft:damage_sensor": [
	    {
		  "cause": "all",
		  "deals_damage": false
		}
	  ],
      "minecraft:physics": {
        "has_gravity": false,
        "has_collision": false
      }
    },
	
	"events": {
      "minecraft:event_effect": {
       "run_command": {
          "command": [
                 "tp @s ~~~ facing @e[type=ds:castle_door_spawn,c=1]",
                 "spreadplayers ~~ 15 20 @e[rm=0.01,r=3,type=!ds:castle_door,type=!ds:castle_door_spawn]",
                 "playsound random.door_open @a[r=15] ~~~ 1.2 1 0"
          ]
        }
      }
	}
  }
}
