{
  "format_version": "1.8.0",
  "minecraft:entity": {
    "description": {
      "identifier": "ds:cristal",
      "is_spawnable": false,
      "is_summonable": true,
      "is_experimental": false,
	  "runtime_identifier": "minecraft:snowball"
    },
	
	"component_groups": {},
	
    "components": {
      "minecraft:collision_box": {
        "width": 0.1,
        "height": 0.1
      },
	  "minecraft:timer": {
	    "looping": true,
		"randomInterval": false,
		"time": 0.5,
		"time_down_event": {
		  "event": "minecraft:event_effect"
	        	}
	          },
      "minecraft:transformation": {
        "into": "ds:despawn",
        "delay": 1.5
      },
	  "minecraft:health": {
	    "value": 1000
	  },
	  "minecraft:damage_sensor": [
	    {
		  "cause": "all",
		  "deals_damage": false
		}
	  ],
      "minecraft:projectile": {
        "on_hit": {
          "impact_damage": {
            "damage": 5,
            "knockback": true,
            "semirandomdiffdamage": false
          }
        },
           "power": 3,
            "gravity": 0.1,
            "anchor": 0.2,
            "uncertainty_base": 0,
            "uncertainty_multiplier": 0,
            "offset": [
                0,
                0,
                0
            ]
        },
      "minecraft:physics": {}
    },
	
	"events": {
      "minecraft:event_effect": {
       "run_command": {
          "command": [
                 "particle ds:lotus ~~~",
                 "playsound dig.snow @a[r=15] ~~~ 1.2 1 0"
          ]
        }
      }
	}
  }
}
