{
  "format_version": "1.13.0",
  "minecraft:entity": {
    "description": {
      "identifier": "ds:crow",
      "is_spawnable": true,
      "is_summonable": true,
      "is_experimental": false
    },

    "component_groups": {

      "minecraft:crow_wild": {
        "minecraft:type_family": {
          "family": [ "mob" ]
        },
        "minecraft:tameable": {
          "probability": 0.33,
          "tame_items": [
            "ds:crow_food"
          ],
          "tame_event": {
            "event": "minecraft:on_tame",
            "target": "self"
          }
        },
        "minecraft:behavior.random_fly": {
          "priority": 2,
          "xz_dist": 15,
          "y_dist": 1,
          "y_offset": 0,
          "speed_multiplier": 1.0,
          "can_land_on_trees": true,
          "avoid_damage_blocks": true
        },
        "minecraft:behavior.follow_mob": {
          "priority": 3,
          "speed_multiplier": 1.0,
          "stop_distance": 3,
          "search_range": 20
        }
      },

      "minecraft:crow_tame": {
        "minecraft:type_family": {
          "family": [ "mob" ]
        },
      "minecraft:damage_sensor": {
        "triggers": {
          "cause": "any",
          "deals_damage": false
        }
      },
        "minecraft:is_tamed": {
        },
        "minecraft:behavior.follow_owner": {
          "priority": 6,
          "speed_multiplier": 1.3,
          "start_distance": 10,
          "stop_distance": 5
        },
        "minecraft:behavior.find_mount": {
          "priority": 3,
          "within_radius": 16,
          "avoid_water": true,
          "start_delay": 100,
          "target_needed": false,
          "mount_distance": 2.0
        }
      }
    },

    "components": {
      "minecraft:breathable": {
        "total_supply": 15,
        "suffocate_time": 0
      },
      "minecraft:collision_box": {
        "width": 0.5,
        "height": 1
      },
	  "minecraft:interact": {
	    "interactions": [
	      {
		    "on_interact": {
			  "filters": {
			    "any_of": [
                  { "test" :  "is_family", "subject" : "other", "value" :  "player"},
                  { "test" :  "is_family", "subject" : "other", "value" :  "oni"}
			    ]
			  },
			  "event": "run",
              "target":"self"
		    },
		    "interact_text": "§lInteract"
		  }
	    ]
	  },
      "minecraft:nameable": {
      },
      "minecraft:health": {
        "value": 6,
        "max": 6
      },
      "minecraft:hurt_on_condition": {
        "damage_conditions": [
          {
            "filters": { "test": "in_lava", "subject": "self", "operator": "==", "value": true },
            "cause": "lava",
            "damage_per_tick": 4
          }
        ]
      },
      "minecraft:movement": {
        "value": 0.4
      },
      "minecraft:damage_sensor": {
        "triggers": {
          "cause": "fall",
          "deals_damage": false
        }
      },
      "minecraft:scale": {
	   "value": 1.5
      },
      "minecraft:jump.static": {
      },
      "minecraft:can_fly": {
        "value": true
      },
      "minecraft:navigation.fly": {
        "can_path_over_water": true
      },
      "minecraft:movement.fly": {
      },
      "minecraft:physics": {
      },
      "minecraft:pushable": {
        "is_pushable": true,
        "is_pushable_by_piston": true
      },
      "minecraft:behavior.float": {
        "priority": 0
      },
      "minecraft:behavior.stay_while_sitting": {
        "priority": 3
      },
      "minecraft:behavior.panic": {
        "priority": 0,
        "speed_multiplier": 1.25
      },
      "minecraft:behavior.look_at_player": {
        "priority": 1,
        "look_distance": 8.0
      },
      "minecraft:healable": {
        "force_use": true,
        "filters": { "test": "is_riding", "operator": "!=", "value": true },
        "items": [
          {
            "item": "cookie",
            "heal_amount": 0,
            "effects": [
              {
                "name": "fatal_poison",
                "chance": 1.0,
                "duration": 1000,
                "amplifier": 0
              }
            ]
          }
        ]
      }
    },

    "events": {
      "minecraft:entity_spawned": {
        "add": {
          "component_groups": [
            "minecraft:crow_wild"
          ]
        }
      },
	 "run": {
		"run_command": {	
		   "command": [
		   	 "summon ds:quests ~~~ of:open"
			],
          "target": "other"
		}
	  },
      "minecraft:on_tame": {
        "remove": {
          "component_groups": [
            "minecraft:crow_wild"
          ]
        },
        "add": {
          "component_groups": [
            "minecraft:crow_tame"
          ]
        }
      }
    }
  }
}
