{
  "format_version": "1.16.0",
  "minecraft:entity": {
    "description": {
      "identifier": "ds:damage01",
      "is_spawnable": false,
      "is_summonable": true,
      "is_experimental": false
    },
    "component_groups": {
	"damage1": {
               "minecraft:explode": {
               "fuseLength": 1,
               "fuseLit": true,
               "power": 0,
               "causesFire": false,
               "breaks_blocks": false
           },
      "minecraft:collision_box": {
        "width": 3,
        "height": 2
              },
      "minecraft:behavior.knockback_roar": {
        "priority": 1,
        "duration": 0.1,
        "attack_time": 0.1,
        "knockback_damage": 0,
        "knockback_strength": 3,
        "knockback_range": 2,
        "knockback_filters": {
          "test": "has_tag",
          "subject": "other",
          "operator": "!=",
          "value": "beast1"
      },
        "damage_filters": {
          "test": "is_family",
          "subject": "other",
          "value": "none"
      },
        "on_roar_end": {
          "event": "none"
      },
        "cooldown_time": 0.01
      },
       "minecraft:area_attack":{
        "damage_range": 0.0,
        "damage_per_tick": 10,
        "cause": "contact",
        "entity_filter": {
              "any_of": [
                {"test": "has_tag", "subject": "other", "operator": "!=", "value": "beast1"}
            ]
          }
        }
   	  },
	"damage2": {
               "minecraft:explode": {
               "fuseLength": 1,
               "fuseLit": true,
               "power": 0,
               "causesFire": false,
               "breaks_blocks": false
           },
      "minecraft:collision_box": {
        "width": 4,
        "height": 3
              },
      "minecraft:behavior.knockback_roar": {
        "priority": 1,
        "duration": 0.1,
        "attack_time": 0.1,
        "knockback_damage": 0,
        "knockback_strength": 4,
        "knockback_range": 3,
        "knockback_filters": {
          "test": "has_tag",
          "subject": "other",
          "operator": "!=",
          "value": "beast2"
      },
        "damage_filters": {
          "test": "is_family",
          "subject": "other",
          "value": "none"
      },
        "on_roar_end": {
          "event": "none"
      },
        "cooldown_time": 0.01
      },
       "minecraft:area_attack":{
        "damage_range": 0.0,
        "damage_per_tick": 13,
        "cause": "contact",
        "entity_filter": {
              "any_of": [
                {"test": "has_tag", "subject": "other", "operator": "!=", "value": "beast2"}
            ]
          }
        }
   	  },
	"damage3": {
               "minecraft:explode": {
               "fuseLength": 1,
               "fuseLit": true,
               "power": 0,
               "causesFire": false,
               "breaks_blocks": false
           },
      "minecraft:collision_box": {
        "width": 3,
        "height": 2
              },
      "minecraft:behavior.knockback_roar": {
        "priority": 1,
        "duration": 0.1,
        "attack_time": 0.1,
        "knockback_damage": 0,
        "knockback_strength": 3,
        "knockback_range": 2,
        "knockback_filters": {
          "test": "has_tag",
          "subject": "other",
          "operator": "!=",
          "value": "mist1"
      },
        "damage_filters": {
          "test": "is_family",
          "subject": "other",
          "value": "none"
      },
        "on_roar_end": {
          "event": "none"
      },
        "cooldown_time": 0.01
      },
       "minecraft:area_attack":{
        "damage_range": 0.0,
        "damage_per_tick": 10,
        "cause": "contact",
        "entity_filter": {
              "any_of": [
                {"test": "has_tag", "subject": "other", "operator": "!=", "value": "mist1"}
            ]
          }
        }
   	  },
	"damage4": {
               "minecraft:explode": {
               "fuseLength": 1,
               "fuseLit": true,
               "power": 0,
               "causesFire": false,
               "breaks_blocks": false
           },
      "minecraft:collision_box": {
        "width": 4,
        "height": 3
              },
       "minecraft:area_attack":{
        "damage_range": 0.0,
        "damage_per_tick": 15,
        "cause": "contact",
        "entity_filter": {
              "any_of": [
                {"test": "has_tag", "subject": "other", "operator": "!=", "value": "mist2"}
            ]
          }
        }
   	  },
	"damage5": {
               "minecraft:explode": {
               "fuseLength": 1,
               "fuseLit": true,
               "power": 0,
               "causesFire": false,
               "breaks_blocks": false
           },
      "minecraft:collision_box": {
        "width": 4,
        "height": 4
              },
       "minecraft:area_attack":{
        "damage_range": 2.0,
        "damage_per_tick": 16,
        "cause": "contact",
        "entity_filter": {
              "any_of": [
                {"test": "has_tag", "subject": "other", "operator": "!=", "value": "mist3"}
            ]
          }
        }
   	  },
	"damage6": {
               "minecraft:explode": {
               "fuseLength": 1,
               "fuseLit": true,
               "power": 0,
               "causesFire": false,
               "breaks_blocks": false
           },
      "minecraft:collision_box": {
        "width": 3,
        "height": 3
              },
       "minecraft:area_attack":{
        "damage_range": 2.0,
        "damage_per_tick": 11,
        "cause": "contact",
        "entity_filter": {
              "any_of": [
                {"test": "has_tag", "subject": "other", "operator": "!=", "value": "mist4"}
            ]
          }
        }
   	  },
	"damage7": {
               "minecraft:explode": {
               "fuseLength": 1,
               "fuseLit": true,
               "power": 0,
               "causesFire": false,
               "breaks_blocks": false
           },
      "minecraft:collision_box": {
        "width": 3,
        "height": 3
              },
       "minecraft:area_attack":{
        "damage_range": 2.0,
        "damage_per_tick": 14,
        "cause": "contact",
        "entity_filter": {
              "any_of": [
                {"test": "has_tag", "subject": "other", "operator": "!=", "value": "mist5"}
            ]
          }
        }
   	  },
	"damage8": {
               "minecraft:explode": {
               "fuseLength": 1,
               "fuseLit": true,
               "power": 0,
               "causesFire": false,
               "breaks_blocks": false
           },
      "minecraft:collision_box": {
        "width": 4,
        "height": 4
              },
       "minecraft:area_attack":{
        "damage_range": 2.0,
        "damage_per_tick": 16,
        "cause": "contact",
        "entity_filter": {
              "any_of": [
                {"test": "has_tag", "subject": "other", "operator": "!=", "value": "mist6"}
            ]
          }
        }
   	  },
	"damage9": {
               "minecraft:explode": {
               "fuseLength": 1,
               "fuseLit": true,
               "power": 0,
               "causesFire": false,
               "breaks_blocks": false
           },
      "minecraft:collision_box": {
        "width": 3,
        "height": 2
              },
       "minecraft:area_attack":{
        "damage_range": 0.0,
        "damage_per_tick": 14,
        "cause": "contact",
        "entity_filter": {
              "any_of": [
                {"test": "has_tag", "subject": "other", "operator": "!=", "value": "mist7"}
            ]
          }
        }
   	  }
    },

    "components": {
      "minecraft:type_family": {
        "family": [ "damage" ]
      },
      "minecraft:damage_sensor": {
        "triggers": {
          "cause": "any",
          "deals_damage": false
        }
      },
      "minecraft:scale": {
	   "value": 1.0
      },
      "minecraft:knockback_resistance": {
        "value": 1.0
      },
      "minecraft:physics": {
      },
      "minecraft:transformation": {
        "into": "ds:despawn",
        "delay": 1.0
      },
      "minecraft:conditional_bandwidth_optimization": {
      }
    },

    "events": {
			"damage1": {
				"add": {
					"component_groups": [
						"damage1"
					]
				}
			},
			"damage2": {
				"add": {
					"component_groups": [
						"damage2"
					]
				}
			},
			"damage3": {
				"add": {
					"component_groups": [
						"damage3"
					]
				}
			},
			"damage4": {
				"add": {
					"component_groups": [
						"damage4"
					]
				}
			},
			"damage5": {
				"add": {
					"component_groups": [
						"damage5"
					]
				}
			},
			"damage6": {
				"add": {
					"component_groups": [
						"damage6"
					]
				}
			},
			"damage7": {
				"add": {
					"component_groups": [
						"damage7"
					]
				}
			},
			"damage8": {
				"add": {
					"component_groups": [
						"damage8"
					]
				}
			},
			"damage9": {
				"add": {
					"component_groups": [
						"damage9"
					]
				}
			}
    }
  }
}
