{
  "format_version": "1.16.0",
  "minecraft:entity": {
    "description": {
      "identifier": "ds:damage06",
      "is_spawnable": false,
      "is_summonable": true,
      "is_experimental": false
    },
    "component_groups": {
	"damage1": {
               "minecraft:explode": {
               "fuseLength": 3.0,
               "fuseLit": true,
               "power": 0,
               "causesFire": false,
               "breaks_blocks": false
           },
      "minecraft:collision_box": {
        "width": 5,
        "height": 5
              },
       "minecraft:area_attack":{
        "damage_range": 0.0,
        "damage_per_tick": 20,
        "cause": "contact",
        "entity_filter": {
              "any_of": [
                {"test": "has_tag", "subject": "other", "operator": "!=", "value": "wind4"}
            ]
          }
        }
   	  },
	"damage2": {
               "minecraft:explode": {
               "fuseLength": 2,
               "fuseLit": true,
               "power": 0,
               "causesFire": false,
               "breaks_blocks": false
           },
      "minecraft:collision_box": {
        "width": 4,
        "height": 6
              },
       "minecraft:area_attack":{
        "damage_range": 0.0,
        "damage_per_tick": 25,
        "cause": "contact",
        "entity_filter": {
              "any_of": [
                {"test": "has_tag", "subject": "other", "operator": "!=", "value": "wind5"}
            ]
          }
        }
   	  },
	"damage3": {
               "minecraft:explode": {
               "fuseLength": 1,
               "fuseLit": true,
               "power": 0,
               "causesFire": false,
               "breaks_blocks": false
           },
      "minecraft:collision_box": {
        "width": 4,
        "height": 4
              },
       "minecraft:area_attack":{
        "damage_range": 0.0,
        "damage_per_tick": 30,
        "cause": "contact",
        "entity_filter": {
              "any_of": [
                {"test": "has_tag", "subject": "other", "operator": "!=", "value": "wind6"}
            ]
          }
        }
   	  },
	"damage4": {
               "minecraft:explode": {
               "fuseLength": 1,
               "fuseLit": true,
               "power": 0,
               "causesFire": false,
               "breaks_blocks": false
           },
      "minecraft:collision_box": {
        "width": 5,
        "height": 4
              },
       "minecraft:area_attack":{
        "damage_range": 0.0,
        "damage_per_tick": 34,
        "cause": "contact",
        "entity_filter": {
              "any_of": [
                {"test": "has_tag", "subject": "other", "operator": "!=", "value": "wind7"}
            ]
          }
        }
   	  },
	"damage5": {
               "minecraft:explode": {
               "fuseLength": 1,
               "fuseLit": true,
               "power": 0,
               "causesFire": false,
               "breaks_blocks": false
           },
      "minecraft:collision_box": {
        "width": 5,
        "height": 4
              },
       "minecraft:area_attack":{
        "damage_range": 0.0,
        "damage_per_tick": 36,
        "cause": "contact",
        "entity_filter": {
              "any_of": [
                {"test": "has_tag", "subject": "other", "operator": "!=", "value": "wind8"}
            ]
          }
        }
   	  },
	"damage6": {
               "minecraft:explode": {
               "fuseLength": 1,
               "fuseLit": true,
               "power": 0,
               "causesFire": false,
               "breaks_blocks": false
           },
      "minecraft:collision_box": {
        "width": 4,
        "height": 10
              },
       "minecraft:area_attack":{
        "damage_range": 1.0,
        "damage_per_tick": 32,
        "cause": "contact",
        "entity_filter": {
              "any_of": [
                {"test": "has_tag", "subject": "other", "operator": "!=", "value": "wind9"}
            ]
          }
        }
   	  },
	"damage7": {
               "minecraft:explode": {
               "fuseLength": 1,
               "fuseLit": true,
               "power": 0,
               "causesFire": false,
               "breaks_blocks": false
           },
      "minecraft:collision_box": {
        "width": 5,
        "height": 5
              },
       "minecraft:area_attack":{
        "damage_range": 0.0,
        "damage_per_tick": 25,
        "cause": "contact",
        "entity_filter": {
              "any_of": [
                {"test": "has_tag", "subject": "other", "operator": "!=", "value": "thunder1"}
            ]
          }
        }
   	  },
	"damage8": {
               "minecraft:explode": {
               "fuseLength": 1,
               "fuseLit": true,
               "power": 0,
               "causesFire": false,
               "breaks_blocks": false
           },
      "minecraft:collision_box": {
        "width": 4,
        "height": 4
              },
       "minecraft:area_attack":{
        "damage_range": 0.0,
        "damage_per_tick": 20,
        "cause": "contact",
        "entity_filter": {
              "any_of": [
                {"test": "has_tag", "subject": "other", "operator": "!=", "value": "thunder2"}
            ]
          }
        }
   	  },
	"damage9": {
               "minecraft:explode": {
               "fuseLength": 1,
               "fuseLit": true,
               "power": 0,
               "causesFire": false,
               "breaks_blocks": false
           },
      "minecraft:collision_box": {
        "width": 4,
        "height": 4
              },
       "minecraft:area_attack":{
        "damage_range": 1.0,
        "damage_per_tick": 18,
        "cause": "contact",
        "entity_filter": {
              "any_of": [
                {"test": "has_tag", "subject": "other", "operator": "!=", "value": "thunder3"}
            ]
          }
        }
   	  },
	"damage10": {
               "minecraft:explode": {
               "fuseLength": 1,
               "fuseLit": true,
               "power": 0,
               "causesFire": false,
               "breaks_blocks": false
           },
      "minecraft:collision_box": {
        "width": 3,
        "height": 3
              },
       "minecraft:area_attack":{
        "damage_range": 1.0,
        "damage_per_tick": 20,
        "cause": "contact",
        "entity_filter": {
              "any_of": [
                {"test": "has_tag", "subject": "other", "operator": "!=", "value": "wind1"}
            ]
          }
        }
   	  },
	"damage11": {
               "minecraft:explode": {
               "fuseLength": 2,
               "fuseLit": true,
               "power": 0,
               "causesFire": false,
               "breaks_blocks": false
           },
      "minecraft:collision_box": {
        "width": 5,
        "height": 5
              },
       "minecraft:area_attack":{
        "damage_range": 1.0,
        "damage_per_tick": 20,
        "cause": "contact",
        "entity_filter": {
              "any_of": [
                {"test": "has_tag", "subject": "other", "operator": "!=", "value": "wind3"}
            ]
          }
        }
   	  }
    },

    "components": {
      "minecraft:type_family": {
        "family": [ "damage" ]
      },
      "minecraft:damage_sensor": {
        "triggers": {
          "cause": "any",
          "deals_damage": false
        }
      },
      "minecraft:scale": {
	   "value": 1.0
      },
      "minecraft:knockback_resistance": {
        "value": 1.0
      },
      "minecraft:physics": {
      },
      "minecraft:transformation": {
        "into": "ds:despawn",
        "delay": 1.0
      },
      "minecraft:conditional_bandwidth_optimization": {
      }
    },

    "events": {
			"damage1": {
				"add": {
					"component_groups": [
						"damage1"
					]
				}
			},
			"damage2": {
				"add": {
					"component_groups": [
						"damage2"
					]
				}
			},
			"damage3": {
				"add": {
					"component_groups": [
						"damage3"
					]
				}
			},
			"damage4": {
				"add": {
					"component_groups": [
						"damage4"
					]
				}
			},
			"damage5": {
				"add": {
					"component_groups": [
						"damage5"
					]
				}
			},
			"damage6": {
				"add": {
					"component_groups": [
						"damage6"
					]
				}
			},
			"damage7": {
				"add": {
					"component_groups": [
						"damage7"
					]
				}
			},
			"damage8": {
				"add": {
					"component_groups": [
						"damage8"
					]
				}
			},
			"damage9": {
				"add": {
					"component_groups": [
						"damage9"
					]
				}
			},
			"damage10": {
				"add": {
					"component_groups": [
						"damage10"
					]
				}
			},
			"damage11": {
				"add": {
					"component_groups": [
						"damage11"
					]
				}
			}
    }
  }
}
