{
  "format_version": "1.13.0",
  "minecraft:entity": {    
    "description": {
      "identifier": "ds:despawn",
      "is_spawnable": false,
      "is_summonable": false,
      "is_experimental": false,
      "scripts": {
        "animate": [
          
        ]
      },
      "animations": {

      }
    },
    "component_groups": {

    },
    "components": {
      "minecraft:damage_sensor": {
        "triggers": {
            "on_damage": {"filters": {}},
            "deals_damage": false
        }
      },
      "minecraft:instant_despawn": {
      }
    },
    "events": {
    }
  }
}
