{
  "format_version": "1.8.0",
  "minecraft:entity": {
    "description": {
      "identifier": "ds:drum",
      "is_spawnable": false,
      "is_summonable": true,
      "is_experimental": false,
	  "runtime_identifier": "minecraft:snowball",
      "scripts":{
        "animate":["drum"]
      },
      "animations":{
        "drum":"controller.animation.drum"
      }
    },
	
	"component_groups": {
	  "minecraft:end": {
	    "minecraft:transformation": {
		  "into": "ds:despawn"
		}
	  }
	},
	
    "components": {
      "minecraft:collision_box": {
        "width": 0.5,
        "height": 0.5
      },
	  "minecraft:timer": {
	    "looping": false,
		"randomInterval": false,
		"time": 3.0,
		"time_down_event": {
		  "event": "minecraft:event_end"
		}
	  },
	  "minecraft:health": {
	    "value": 1000
	  },
	  "minecraft:damage_sensor": [
	    {
		  "cause": "all",
		  "deals_damage": false
		}
	  ],
      "minecraft:projectile": {
        "on_hit": {
          "impact_damage": {
            "damage": 15,
            "knockback": true,
            "semirandomdiffdamage": false
          }
        },
        "power": 1.5,
        "gravity": 0,
        "angle_offset": 0,
        "inertia": 1,
        "liquid_inertia": 1,
        "offset": [ 0, -1, 0 ]
      },
      "minecraft:physics": {}
    },
	
	"events": {
	  "minecraft:event_end": {
	    "add": { "component_groups": [ "minecraft:end" ] }
	  }
	}
  }
}
