{
  "format_version": "1.8.0",
  "minecraft:entity": {
    "description": {
      "identifier": "ds:fish_gyokko",
      "is_spawnable": false,
      "is_summonable": true,
      "is_experimental": false,
	  "runtime_identifier": "minecraft:snowball"
    },
	
	"component_groups": {
     "fish1":{
        "minecraft:variant":{
          "value":1
        }
      },
     "fish2":{
        "minecraft:variant":{
          "value":2
        }
      }
    },
	
    "components": {
      "minecraft:collision_box": {
        "width": 0.25,
        "height": 0.25
      },
      "minecraft:transformation": {
        "into": "ds:despawn",
        "delay": 1.5
      },
	  "minecraft:health": {
	    "value": 1000
	  },
	  "minecraft:damage_sensor": [
	    {
		  "cause": "all",
		  "deals_damage": false
		}
	  ],
      "minecraft:projectile": {
        "on_hit": {
          "impact_damage": {
            "damage": 12,
            "knockback": true,
            "semirandomdiffdamage": false,
			"destroyonhit": true
          }
        },
           "power": 3,
            "gravity": 0.0,
            "anchor": 0.2,
            "uncertainty_base": 0,
            "uncertainty_multiplier": 0,
            "offset": [
                0,
                -0.1,
                0
            ]
        },
      "minecraft:physics": {}
    },
	
	"events": {
      "minecraft:entity_spawned": {
        "randomize": [
          {
            "weight": 50,
            "add": {
              "component_groups": [
                "fish1"
              ]
            }
          },
          {
            "weight": 50,
            "add": {
              "component_groups": [
                "fish2"
              ]
            }
          }
        ]
      }
	}
  }
}
