{
  "format_version": "1.8.0",
  "minecraft:entity": {
	"description": {
      "identifier": "ds:flying_blood2",
      "is_spawnable": false,
      "is_summonable": true,
      "is_experimental": false
    },
	
	"component_groups": {
	  "minecraft:returned": {
	    "minecraft:type_family": {
		  "family": [ "despawncito" ]
		}
	  }
	},
	
    "components": {
            "minecraft:type_family": {
                "family": [
                    "inanimate"
                ]
            },
	  "minecraft:despawn": {
	    "filters": {
		  "all_of": [
		    { "test": "is_family", "subject": "self", "value": "despawncito" }
		  ]
		}
	  },
            "minecraft:attack": {
                "damage": 5
            },
            "minecraft:behavior.float": {
                "priority": 0
            },
            "minecraft:follow_range": {
                "value": 128
            },
            "minecraft:behavior.melee_attack": {
                "priority": 1
            },
            "minecraft:behavior.nearest_attackable_target": {
                "priority": 2,
                "must_reach": true,
                "must_see": true,
                "entity_types": {
                    "filters": {
                        "any_of": [
                            {
                                "test": "has_tag",
                                "subject": "other",
                                "operator": "!=",
                                "value": "gyuatk"
                            }
                        ]
                    },
                    "max_dist": 64
                }
            },
            "minecraft:flying_speed": {
                "value": 0.5
            },
            "minecraft:behavior.random_hover": {
                "priority": 3,
                "xz_dist": 30,
                "y_dist": 30,
                "y_offset": 30,
                "interval": 1,
                "hover_height": [
                    10,
                    30
                ]
            },
            "minecraft:can_fly": {},
            "minecraft:navigation.hover": {
                "can_path_over_water": true,
                "can_sink": false,
                "can_pass_doors": false,
                "can_path_from_air": true,
                "avoid_water": false,
                "avoid_damage_blocks": false
            },
            "minecraft:movement.hover": {},
            "minecraft:physics": {},
            "minecraft:timer": {
                "time": 5,
                "time_down_event": {
                    "event": "despawn"
                }
            },
            "minecraft:fire_immune": {},
            "minecraft:knockback_resistance": {
                "value": 1
            },
            "minecraft:damage_sensor": {
                "triggers": [
                    {
                        "on_damage": {
                            "event": "despawn"
                        },
                        "cause": "all",
                        "deals_damage": false
                    }
                ]
            },
            "minecraft:collision_box": {
                "width": 0,
                "height": 0
            },
	     "minecraft:timer": {
	       "looping": false,
		   "randomInterval": false,
		   "time": 2.0,
		   "time_down_event": {
		     "event": "minecraft:event_returned"
	   	   }
	     },
            "minecraft:health": {
                "value": 1,
                "min": 1
            },
            "minecraft:pushable": {
                "is_pushable": false,
                "is_pushable_by_piston": false
            }
        },
	"events": {
	  "minecraft:event_returned": {
	    "add": { "component_groups": [ "minecraft:returned" ] }
	  }
	}
  }
}
