{
  "format_version": "1.16.0",
  "minecraft:entity": {
    "description": {
      "identifier": "ds:guide_slayer",
      "is_spawnable": true,
      "is_summonable": true,
      "is_experimental": false
    },
    "component_groups":{
	  "interact": {
	  "minecraft:interact": {
	    "interactions": [
	      {
		    "on_interact": {
			  "filters": {
			    "all_of": [
                  { "test" :  "is_family", "subject" : "other", "value" :  "player"}
			    ]
			  },
			  "event": "be_talk",
           "target":"self"
		    },
		    "interact_text": "§lTalk"
		      }
	       ]
	     }
	   }
    }, 
    "components": {
      "minecraft:type_family": {
        "family": ["quest"]
      },
     "minecraft:equipment": {
        "table": "loot_tables/equip/guide_slayer.json"
      },
      "minecraft:follow_range": {
        "value": 32,
        "max": 32
      },
      "minecraft:movement": {
        "value": 0.0
      },
      "minecraft:health": {
        "value": 10000,
        "max": 10000
      },
      "minecraft:attack":{
        "damage": 0
      },
      "minecraft:loot": {
        "table": "loot_tables/entities/human.json"
      },
      "minecraft:nameable": {
      },
     "minecraft:scale":{
        "value": 0.98
      },
      "minecraft:collision_box": {
        "width": 0.6,
        "height": 1.8
      },
      "minecraft:damage_sensor": {
       "triggers": {
       "cause": "any",
       "deals_damage": false
        }
      },
      "minecraft:movement.basic": {
      },
      "minecraft:navigation.walk": {
        "is_amphibious": true,
        "can_pass_doors":true,
        "can_break_doors":false,
        "can_walk":true,
        "can_open_doors": true,
        "can_path_over_water": true
      },
      "minecraft:jump.static": {},
      "minecraft:can_climb": {
      },
      "minecraft:hurt_on_condition": {
        "damage_conditions": [
          {
            "filters": {
              "test": "in_lava",
              "subject": "self",
              "operator": "==",
              "value": true
            },
            "cause": "lava",
            "damage_per_tick": 4
          }
        ]
      },
      "minecraft:behavior.melee_attack": {
        "priority": 0,
        "track_target": true,
        "speed_multiplier": 0.0
      },
      "minecraft:behavior.random_stroll": {
        "priority": 6,
        "speed_multiplier": 1
      },
      "minecraft:behavior.look_at_player": {
        "priority": 9,
        "look_distance": 10,
        "probability": 0.02
      },
      "minecraft:behavior.random_look_around":{
        "priority":7,
        "speed_multiplier":1
      },
      "minecraft:physics": {
      },
      "minecraft:conditional_bandwidth_optimization": {
      },
      "minecraft:behavior.float": {
        "priority": 0
      }
    },
    "events":{
    "minecraft:entity_spawned": {
        "add": {
          "component_groups": [
            "interact"
          ]
        }
      },
			"be_talk": {
				"randomize": [
					{
						"weight": 15,
						"run_command": {
							"command": [
                        "tag @s[tag=!linhagem] add tomioka",
                        "function main",
                        "playsound note.bit @a[r=10]",
                        "tag @s add linhagem"
							],
							"target": "other"
						}
					},
					{
						"weight": 15,
						"run_command": {
							"command": [
                        "tag @s[tag=!linhagem] add kanroji",
                        "function main",
                        "playsound note.bit @a[r=10]",
                        "tag @s add linhagem"
							],
							"target": "other"
						}
					},
					{
						"weight": 15,
						"run_command": {
							"command": [
                        "tag @s[tag=!linhagem] add iguro",
                        "function main",
                        "playsound note.bit @a[r=10]",
                        "tag @s add linhagem"
							],
							"target": "other"
						}
					},
					{
						"weight": 15,
						"run_command": {
							"command": [
                        "tag @s[tag=!linhagem] add tokito",
                        "function main",
                        "playsound note.bit @a[r=10]",
                        "tag @s add linhagem"
							],
							"target": "other"
						}
					},
					{
						"weight": 10,
						"run_command": {
							"command": [
                        "tag @s[tag=!linhagem] add kocho",
                        "function main",
                        "playsound note.bit @a[r=10]",
                        "tag @s add linhagem"
							],
							"target": "other"
						}
					},
					{
						"weight": 10,
						"run_command": {
							"command": [
                        "tag @s[tag=!linhagem] add uzui",
                        "function main",
                        "playsound note.bit @a[r=10]",
                        "tag @s add linhagem"
							],
							"target": "other"
						}
					},
					{
						"weight": 5,
						"run_command": {
							"command": [
                        "tag @s[tag=!linhagem] add rengoku",
                        "function main",
                        "playsound note.bit @a[r=10]",
                        "tag @s add linhagem"
							],
							"target": "other"
						}
					},
					{
						"weight": 5,
						"run_command": {
							"command": [
                        "tag @s[tag=!linhagem] add shinazugawa",
                        "function main",
                        "playsound note.bit @a[r=10]",
                        "tag @s add linhagem"
							],
							"target": "other"
						}
					},
					{
						"weight": 5,
						"run_command": {
							"command": [
                        "tag @s[tag=!linhagem] add himejima",
                        "function main",
                        "playsound note.bit @a[r=10]",
                        "tag @s add linhagem"
							],
							"target": "other"
						}
					}
				]
			}
    }
}}
