{
  "format_version": "1.16.0",
  "minecraft:entity": {
    "description": {
      "identifier": "ds:haganezuka",
      "is_spawnable": true,
      "is_summonable": true,
      "is_experimental": false,
      "scripts":{
        "animate":["death"]
      },
      "animations":{
        "death":"controller.animation.death"
      }
    },
    "component_groups":{
      "dead":{
      "minecraft:damage_sensor": {
        "triggers": [
          {
            "on_damage": {
              "filters": {
                "all_of": [
                  {
                    "test": "has_damage",
                    "value":"attack"
                  },
                  {
                    "test": "is_family",
                    "subject": "other",
                    "value": "oni"
                  }
                ]
              },
              "event":"attack",
              "target":"self"
            },
			"deals_damage": false
			},
		    {
			"cause": "entity_attack",
			"deals_damage": false
		  }
        ]
      },
        "minecraft:attack": {
          "damage": 0
        },
      "minecraft:movement": {
        "value": 0.0
      },
      "minecraft:behavior.random_stroll": {
        "priority": 0,
        "speed_multiplier": 0
      },
      "minecraft:behavior.look_at_player": {
        "priority": 0,
        "look_distance": 0,
        "probability": 0
      },
      "minecraft:behavior.random_look_around":{
        "priority":0,
        "speed_multiplier":0
      }
      },
	"human_despawn": {
				"minecraft:instant_despawn": {}
			}
    },
    
    "components": {
      "minecraft:type_family": {
        "family": ["player"]
      },
       "minecraft:mark_variant":{
         "value":1
      },
      "minecraft:environment_sensor": {
        "triggers": [
          {
            "filters": {
              "all_of": [
                {
                  "test": "has_tag",
                  "subject": "self",
                  "operator":"==",
                  "value": "dead"
                }
              ]
            },
            "event": "be_dead"
          },
          {
            "filters": {
              "all_of": [
                {
                  "test": "has_tag",
                  "subject": "self",
                  "operator":"==",
                  "value": "despawn"
                }
              ]
            },
            "event": "be_despawn"
          }
        ]
      },
      "minecraft:follow_range": {
        "value": 32,
        "max": 32
      },
      "minecraft:movement": {
        "value": 0.25
      },
      "minecraft:health": {
        "value": 50,
        "max": 50
      },
      "minecraft:attack":{
        "damage": 5
      },
      "minecraft:loot": {
        "table": "loot_tables/entities/human.json"
      },
      "minecraft:nameable": {
      },
     "minecraft:scale":{
        "value": 1.02
      },
      "minecraft:collision_box": {
        "width": 0.6,
        "height": 1.8
      },
        "minecraft:interact": {
          "interactions": [
            {
              "on_interact": {
                "filters": {
                  "all_of": [
                    { "test": "is_family", "subject" : "other", "value" :  "player"},
                    { "test": "has_equipment", "domain": "hand", "subject": "other", "value": "ds:sun_ore"}
                  ]
                },
			  "event": "be_talk"
              },
              "use_item": true,
              "transform_to_item": "ds:nichirin",
              "interact_text": "§lGive"
            }
          ]
        },
      "minecraft:movement.basic": {
      },
      "minecraft:navigation.walk": {
        "is_amphibious": true,
        "can_pass_doors":true,
        "can_break_doors":false,
        "can_walk":true,
        "can_open_doors": true,
        "can_path_over_water": true
      },
      "minecraft:jump.static": {},
      "minecraft:can_climb": {
      },
      "minecraft:hurt_on_condition": {
        "damage_conditions": [
          {
            "filters": {
              "test": "in_lava",
              "subject": "self",
              "operator": "==",
              "value": true
            },
            "cause": "lava",
            "damage_per_tick": 4
          }
        ]
      },
      "minecraft:breathable": {
        "total_supply": 15,
        "suffocate_time": 0
      },
      "minecraft:despawn": {
        "despawn_from_distance": {
          "min_distance":128
        }
      },
      "minecraft:behavior.panic": {
        "priority": 1,
        "speed_multiplier": 1.25
      },
      "minecraft:behavior.random_stroll": {
        "priority": 6,
        "speed_multiplier": 0.8
      },
      "minecraft:behavior.look_at_player": {
        "priority": 7,
        "look_distance": 6.0,
        "probability": 0.02
      },
      "minecraft:behavior.random_look_around": {
        "priority": 9
      },
      "minecraft:physics": {
      },
      "minecraft:conditional_bandwidth_optimization": {
      },
      "minecraft:experience_reward": {
        "on_death": "query.last_hit_by_player ? 15 + (query.equipment_count * Math.Random(1,3)) : 0"
      },
      "minecraft:behavior.float": {
        "priority": 0
      }
    },
    "events":{
    "minecraft:entity_spawned": {
       "run_command": {
          "command": [
                 "scoreboard players add @s meat 5"
          ],
          "target": "self"
        }
      },
      "be_dead":{
        "add":{
          "component_groups":[
            "dead"
          ]
        }
      },
			"be_talk": {
				"run_command": {
					"command": [
                        "playsound random.anvil_use @a[r=10]"
					],
                    "target": "self"
				}
			},
			"be_despawn": {
				"add": {
					"component_groups": [
						"human_despawn"
					]
				},
				"run_command": {
					"command": [
						"particle ds:blood3 ~~~"
					]
				}
			},
      "attack": {
        "sequence": [
          {
       "run_command": {
          "command": [
                 "playsound random.eat @a[r=15] ~~~ 1 0.7 0",
						  	 "function eat",
                 "effect @s regeneration 3 2 false"
          ],
          "target": "other"
            }
          },
          {
       "run_command": {
          "command": [
                 "scoreboard players remove @s meat 1",
                 "event entity @s[scores={meat=-9999..0}] be_despawn",
                 "particle ds:bloodeat ~~~"
          ],
          "target": "self"
            }
          }
        ]
      }
    }
}}
