{
  "format_version": "1.16.0",
  "minecraft:entity": {
    "description": {
      "identifier": "ds:icekid",
      "is_spawnable": false,
      "is_summonable": true,
      "is_experimental": false
    },

    "component_groups": {
	"despawn": {
				"minecraft:instant_despawn": {}
			},
      "minecraft:tame": {
        "minecraft:is_tamed": {
        },
        "minecraft:health": {
          "value": 50,
          "max": 50
        },
        "minecraft:attack": {
          "damage": 10
        },
        "minecraft:behavior.follow_owner": {
          "priority": 6,
          "speed_multiplier": 1.3,
          "start_distance": 10,
          "stop_distance": 5
        },
        "minecraft:behavior.owner_hurt_by_target": {
          "priority": 1
        },
        "minecraft:behavior.owner_hurt_target": {
          "priority": 2
        }
      }
    },


    "components": {
      "minecraft:type_family": {
        "family": [ "damage", "mob" ]
      },
      "minecraft:nameable": {
      },
      "minecraft:breathable": {
        "total_supply": 15,
        "suffocate_time": 0
      },
      "minecraft:collision_box": {
        "width": 0.6,
        "height": 1.8
      },
	  "minecraft:timer": {
	    "looping": false,
		"randomInterval": false,
		"time": 15.0,
		"time_down_event": {
		  "event": "minecraft:event_despawn"
	        	}
	          },
    "minecraft:damage_sensor": {
        "triggers": {
          "cause": "any",
          "deals_damage": false
        }
      },
      "minecraft:hurt_on_condition": {
        "damage_conditions": [
          {
            "filters": { "test": "in_lava", "subject": "self", "operator": "==", "value": true },
            "cause": "lava",
            "damage_per_tick": 4
          }
        ]
      },
      "minecraft:scale": {
        "value": 1.0
      },
      "minecraft:movement": {
        "value": 0.16
      },
      "minecraft:navigation.walk": {
        "is_amphibious": true,
        "can_pass_doors":true,
        "can_break_doors":false,
        "can_walk":true,
        "can_open_doors": true,
        "can_path_over_water": true
      },
      "minecraft:movement.basic": {
      },
      "minecraft:jump.static": {
      },
      "minecraft:can_climb": {
      },
      "minecraft:behavior.float": {
        "priority": 0
      },
      "minecraft:behavior.mount_pathing": {
        "priority": 1,
        "speed_multiplier": 1.25,
        "target_dist": 0,
        "track_target": true
      },
      "minecraft:behavior.stay_while_sitting": {
        "priority": 3
      },
      "minecraft:behavior.leap_at_target": {
        "priority": 4,
        "target_dist": 0.4
      },
      "minecraft:behavior.melee_attack": {
        "priority": 1,
        "speed_multiplier": 1.2,
        "track_target": false
      },
      "minecraft:behavior.random_stroll": {
        "priority": 8,
        "speed_multiplier": 1.0
      },
      "minecraft:behavior.look_at_player": {
        "priority": 6,
        "target_distance": 6.0,
        "probability": 0.02
      },
      "minecraft:behavior.hurt_by_target": {
        "priority": 3
      },
	  "minecraft:physics": {},
      "minecraft:pushable": {
        "is_pushable": true,
        "is_pushable_by_piston": true
      }
    },


    "events": {
     "minecraft:event_despawn": {
            "add": {
              "component_groups": [
                "despawn"
              ]
            },
		"run_command": {
			"command": [
              "particle ds:lotus ~~~",
              "playsound random.glass @a[r=15]"
			],
             "target": "self"
		}
	},
      "minecraft:on_tame": {
        "add": {
          "component_groups": [
            "minecraft:tame"
          ]
        }
      }
    }
  }
}
