{
  "format_version": "1.16.0",
  "minecraft:entity": {
    "description": {
      "identifier": "ds:impulse01",
      "is_spawnable": false,
      "is_summonable": true,
      "is_experimental": false
    },
    "component_groups": {
	"impulse1": {
      "minecraft:behavior.knockback_roar": {
        "priority": 1,
        "duration": 0.3,
        "attack_time": 0.1,
        "knockback_damage": 0,
        "knockback_strength": 8,
        "knockback_range": 5,
        "knockback_filters": {
          "test": "has_tag",
          "subject": "other",
          "operator": "==",
          "value": "thunder1"
      },
        "damage_filters": {
          "test": "is_family",
          "subject": "other",
          "value": "none"
      },
        "on_roar_end": {
          "event": "none"
      },
        "cooldown_time": 0.01
        }
   	  },
	"impulse2": {
      "minecraft:behavior.knockback_roar": {
        "priority": 1,
        "duration": 0.3,
        "attack_time": 0.1,
        "knockback_damage": 0,
        "knockback_strength": 6,
        "knockback_range": 5,
        "knockback_filters": {
          "test": "has_tag",
          "subject": "other",
          "operator": "==",
          "value": "thunder2"
      },
        "damage_filters": {
          "test": "is_family",
          "subject": "other",
          "value": "none"
      },
        "on_roar_end": {
          "event": "none"
      },
        "cooldown_time": 0.01
        }
   	  },
	"impulse3": {
      "minecraft:behavior.knockback_roar": {
        "priority": 1,
        "duration": 0.3,
        "attack_time": 0.1,
        "knockback_damage": 0,
        "knockback_strength": 4,
        "knockback_range": 4,
        "knockback_filters": {
          "test": "has_tag",
          "subject": "other",
          "operator": "==",
          "value": "thunder3"
      },
        "damage_filters": {
          "test": "is_family",
          "subject": "other",
          "value": "none"
      },
        "on_roar_end": {
          "event": "none"
      },
        "cooldown_time": 0.01
        }
   	  },
	"impulse4": {
      "minecraft:behavior.knockback_roar": {
        "priority": 1,
        "duration": 0.3,
        "attack_time": 0.1,
        "knockback_damage": 0,
        "knockback_strength": 5,
        "knockback_range": 4,
        "knockback_filters": {
          "test": "has_tag",
          "subject": "other",
          "operator": "==",
          "value": "sun10"
      },
        "damage_filters": {
          "test": "is_family",
          "subject": "other",
          "value": "none"
      },
        "on_roar_end": {
          "event": "none"
      },
        "cooldown_time": 0.01
        }
   	  },
	"impulse5": {
      "minecraft:behavior.knockback_roar": {
        "priority": 1,
        "duration": 0.3,
        "attack_time": 0.1,
        "knockback_damage": 0,
        "knockback_strength": 2,
        "knockback_range": 2,
        "knockback_filters": {
          "test": "has_tag",
          "subject": "other",
          "operator": "==",
          "value": "mist1"
      },
        "damage_filters": {
          "test": "is_family",
          "subject": "other",
          "value": "none"
      },
        "on_roar_end": {
          "event": "none"
      },
        "cooldown_time": 0.01
        }
   	  },
	"impulse6": {
      "minecraft:behavior.knockback_roar": {
        "priority": 1,
        "duration": 0.3,
        "attack_time": 0.1,
        "knockback_damage": 0,
        "knockback_strength": 5,
        "knockback_range": 4,
        "knockback_filters": {
          "test": "has_tag",
          "subject": "other",
          "operator": "==",
          "value": "mist4"
      },
        "damage_filters": {
          "test": "is_family",
          "subject": "other",
          "value": "none"
      },
        "on_roar_end": {
          "event": "none"
      },
        "cooldown_time": 0.01
        }
   	  },
	"impulse7": {
      "minecraft:behavior.knockback_roar": {
        "priority": 1,
        "duration": 0.3,
        "attack_time": 0.1,
        "knockback_damage": 0,
        "knockback_strength": 5,
        "knockback_range": 4,
        "knockback_filters": {
          "test": "has_tag",
          "subject": "other",
          "operator": "==",
          "value": "flame1"
      },
        "damage_filters": {
          "test": "is_family",
          "subject": "other",
          "value": "none"
      },
        "on_roar_end": {
          "event": "none"
      },
        "cooldown_time": 0.01
        }
   	  },
	"impulse8": {
      "minecraft:behavior.knockback_roar": {
        "priority": 1,
        "duration": 0.3,
        "attack_time": 0.1,
        "knockback_damage": 0,
        "knockback_strength": 6,
        "knockback_range": 4,
        "knockback_filters": {
          "test": "has_tag",
          "subject": "other",
          "operator": "==",
          "value": "flame5"
      },
        "damage_filters": {
          "test": "is_family",
          "subject": "other",
          "value": "none"
      },
        "on_roar_end": {
          "event": "none"
      },
        "cooldown_time": 0.01
        }
   	  },
	"impulse9": {
      "minecraft:behavior.knockback_roar": {
        "priority": 1,
        "duration": 0.3,
        "attack_time": 0.1,
        "knockback_damage": 0,
        "knockback_strength": 8,
        "knockback_range": 5,
        "knockback_filters": {
          "test": "has_tag",
          "subject": "other",
          "operator": "==",
          "value": "love1"
      },
        "damage_filters": {
          "test": "is_family",
          "subject": "other",
          "value": "none"
      },
        "on_roar_end": {
          "event": "none"
      },
        "cooldown_time": 0.01
        }
   	  },
	"impulse10": {
      "minecraft:behavior.knockback_roar": {
        "priority": 1,
        "duration": 0.3,
        "attack_time": 0.1,
        "knockback_damage": 0,
        "knockback_strength": 6,
        "knockback_range": 4,
        "knockback_filters": {
          "test": "has_tag",
          "subject": "other",
          "operator": "==",
          "value": "love3"
      },
        "damage_filters": {
          "test": "is_family",
          "subject": "other",
          "value": "none"
      },
        "on_roar_end": {
          "event": "none"
      },
        "cooldown_time": 0.01
        }
   	  },
	"impulse11": {
      "minecraft:behavior.knockback_roar": {
        "priority": 1,
        "duration": 0.3,
        "attack_time": 0.1,
        "knockback_damage": 0,
        "knockback_strength": 5,
        "knockback_range": 3,
        "knockback_filters": {
          "test": "has_tag",
          "subject": "other",
          "operator": "==",
          "value": "love4"
      },
        "damage_filters": {
          "test": "is_family",
          "subject": "other",
          "value": "none"
      },
        "on_roar_end": {
          "event": "none"
      },
        "cooldown_time": 0.01
        }
   	  },
	"impulse12": {
      "minecraft:behavior.knockback_roar": {
        "priority": 1,
        "duration": 0.3,
        "attack_time": 0.1,
        "knockback_damage": 0,
        "knockback_strength": 8,
        "knockback_range": 5,
        "knockback_filters": {
          "test": "has_tag",
          "subject": "other",
          "operator": "==",
          "value": "wind1"
      },
        "damage_filters": {
          "test": "is_family",
          "subject": "other",
          "value": "none"
      },
        "on_roar_end": {
          "event": "none"
      },
        "cooldown_time": 0.01
        }
   	  },
	"impulse13": {
      "minecraft:behavior.knockback_roar": {
        "priority": 1,
        "duration": 0.3,
        "attack_time": 0.1,
        "knockback_damage": 0,
        "knockback_strength": 6,
        "knockback_range": 5,
        "knockback_filters": {
          "test": "has_tag",
          "subject": "other",
          "operator": "==",
          "value": "wind7"
      },
        "damage_filters": {
          "test": "is_family",
          "subject": "other",
          "value": "none"
      },
        "on_roar_end": {
          "event": "none"
      },
        "cooldown_time": 0.01
        }
   	  },
	"impulse14": {
      "minecraft:behavior.knockback_roar": {
        "priority": 1,
        "duration": 0.3,
        "attack_time": 0.1,
        "knockback_damage": 0,
        "knockback_strength": 8,
        "knockback_range": 5,
        "knockback_filters": {
          "test": "has_tag",
          "subject": "other",
          "operator": "==",
          "value": "wind8"
      },
        "damage_filters": {
          "test": "is_family",
          "subject": "other",
          "value": "none"
      },
        "on_roar_end": {
          "event": "none"
      },
        "cooldown_time": 0.01
        }
   	  }
    },

    "components": {
      "minecraft:type_family": {
        "family": [ "knock" ]
      },
      "minecraft:damage_sensor": {
        "triggers": {
          "cause": "any",
          "deals_damage": false
        }
      },
      "minecraft:collision_box": {
        "width": 0.25,
        "height": 0.25
      },
      "minecraft:scale": {
	   "value": 0.0
      },
      "minecraft:knockback_resistance": {
        "value": 1.0
      },
      "minecraft:physics": {
      },
      "minecraft:transformation": {
        "into": "ds:despawn",
        "delay": 0.5
      },
      "minecraft:conditional_bandwidth_optimization": {
      }
    },

    "events": {
			"impulse1": {
				"add": {
					"component_groups": [
						"impulse1"
					]
				}
			},
			"impulse2": {
				"add": {
					"component_groups": [
						"impulse2"
					]
				}
			},
			"impulse3": {
				"add": {
					"component_groups": [
						"impulse3"
					]
				}
			},
			"impulse4": {
				"add": {
					"component_groups": [
						"impulse4"
					]
				}
			},
			"impulse5": {
				"add": {
					"component_groups": [
						"impulse5"
					]
				}
			},
			"impulse6": {
				"add": {
					"component_groups": [
						"impulse6"
					]
				}
			},
			"impulse7": {
				"add": {
					"component_groups": [
						"impulse7"
					]
				}
			},
			"impulse8": {
				"add": {
					"component_groups": [
						"impulse8"
					]
				}
			},
			"impulse9": {
				"add": {
					"component_groups": [
						"impulse9"
					]
				}
			},
			"impulse10": {
				"add": {
					"component_groups": [
						"impulse10"
					]
				}
			},
			"impulse11": {
				"add": {
					"component_groups": [
						"impulse11"
					]
				}
			},
			"impulse12": {
				"add": {
					"component_groups": [
						"impulse12"
					]
				}
			},
			"impulse13": {
				"add": {
					"component_groups": [
						"impulse13"
					]
				}
			},
			"impulse14": {
				"add": {
					"component_groups": [
						"impulse14"
					]
				}
			}
    }
  }
}
