{
  "format_version": "1.16.0",
  "minecraft:entity": {
    "description": {
      "identifier": "ds:lotus",
      "is_spawnable": false,
      "is_summonable": true,
      "is_experimental": false
    },
    "component_groups": {},

    "components": {
      "minecraft:type_family": {
        "family": [ "damage" ]
      },
               "minecraft:explode": {
               "fuseLength": 10,
               "fuseLit": true,
               "power": 0,
               "causesFire": false,
               "breaks_blocks": false
           },
      "minecraft:collision_box": {
        "width": 3,
        "height": 2
              },
	  "minecraft:timer": {
	    "looping": true,
		"randomInterval": false,
		"time": 1.0,
		"time_down_event": {
		  "event": "minecraft:event_effect"
	        	}
	          },
       "minecraft:area_attack":{
        "damage_range": 0.0,
        "damage_per_tick": 10,
        "cause": "contact",
        "entity_filter": {
              "all_of": [
                {"test": "has_tag", "subject": "other", "operator": "!=", "value": "lotus1"},
                {"test": "is_family", "subject": "other", "operator": "!=", "value": "damage"},
                {"test": "is_family", "subject": "other", "operator": "!=", "value": "doma"}
            ]
          }
        },
      "minecraft:damage_sensor": {
        "triggers": {
          "cause": "any",
          "deals_damage": false
        }
      },
      "minecraft:scale": {
	   "value": 1.0
      },
      "minecraft:knockback_resistance": {
        "value": 1.0
      },
      "minecraft:physics": {
      },
      "minecraft:transformation": {
        "into": "ds:despawn",
        "delay": 10.0
      },
      "minecraft:conditional_bandwidth_optimization": {
      }
    },

    "events": {
      "minecraft:event_effect": {
       "run_command": {
          "command": [
                 "particle ds:lotus ~~~",
                 "effect @e[r=3,rm=0.01,tag=!lotus1] slowness 2 1 true",
                 "playsound dig.snow @a[r=15] ~~~ 1.2 0.6 0"
          ]
        }
      }
    }
  }
}
