{
  "format_version": "1.8.0",
  "minecraft:entity": {
    "description": {
      "identifier": "ds:mooncut",
      "is_spawnable": false,
      "is_summonable": true,
      "is_experimental": false,
	  "runtime_identifier": "minecraft:snowball",
	  "scripts": { "animate": [ "beastcut" ] },
	  "animations": { "cut": "controller.animation.cut" }
    },
	
	"component_groups": {},
	
    "components": {
      "minecraft:collision_box": {
        "width": 1.0,
        "height": 1.0
      },
      "minecraft:transformation": {
        "into": "ds:despawn",
        "delay": 2.0
      },
	  "minecraft:timer": {
	    "looping": true,
	    	"randomInterval": false,
    		"time": 0.1,
  	  	"time_down_event": {
	    	  "event": "minecraft:event_effect"
    	}
    },
	  "minecraft:health": {
	    "value": 1000
	  },
	  "minecraft:damage_sensor": [
	    {
		  "cause": "all",
		  "deals_damage": false
		}
	  ],
      "minecraft:projectile": {
        "on_hit": {
          "impact_damage": {
            "damage": 15,
            "knockback": true,
            "semirandomdiffdamage": false
          }
        },
           "power": 1,
            "gravity": 0.0,
            "anchor": 0.2,
            "uncertainty_base": 0,
            "uncertainty_multiplier": 0,
            "offset": [
                0,
                0,
                0
            ]
        },
      "minecraft:physics": {}
    },
    "events": {
      "minecraft:event_effect": {
       "run_command": {
          "command": [
                 "particle ds:moon1 ~~1.5~",
                 "particle ds:moon1 ~~-1.5~",
                 "playsound item.trident.hit @a[r=15] ~~~ 1 1.5 0"
          ]
        }
      }
    }
  }
}
