{
  "format_version": "1.8.0",
  "minecraft:entity": {
    "description": {
      "identifier": "ds:numa",
      "is_spawnable": true,
      "is_summonable": true,
      "is_experimental": false,
      "scripts":{
        "animate":["burn","numa","headoff","blood"]
      },
      "animations":{
        "burn":"controller.animation.burn",
        "numa":"controller.animation.numa",
        "headoff":"controller.animation.headoff",
        "blood":"controller.animation.blood"
      }
    },
    "component_groups":{
      "minecraft:crisis":{
        "minecraft:mark_variant":{
          "value":10
        },
       "minecraft:knockback_resistance": {
          "value": 1.0
       },
      "minecraft:collision_box": {
        "width": 0.6,
        "height": 1.0
      },
        "minecraft:attack": {
          "damage": 25
        }
      },
      "saga":{
        "minecraft:mark_variant":{
          "value":0
        },
	"minecraft:health": {
	   "value": 150,
	   "max": 150
	     },
      "minecraft:damage_sensor": {
        "triggers": [
          {
            "on_damage": {
              "filters": {
                "all_of": [
                  {
                    "test": "has_damage",
                    "value":"fatal"
                  },
                  {
                    "test": "is_family",
                    "subject": "other",
                    "operator": "!=",
                    "value": "none"
                  }
                ]
              },
              "event":"kill",
              "target":"self"
            }
          }
        ]
      }
     }
    },
    "components": {
      "minecraft:type_family": {
        "family": [ "oni" ]
    },
      "minecraft:mark_variant":{
        "value":1
    },
"minecraft: behaviour.look_at_trading_player":{
},
         "minecraft:loot":{
            "table":"loot_tables/entities/oni.json"
      },
      "minecraft:collision_box": {
        "width": 0.6,
        "height": 1.8
      },
	"minecraft:health": {
	   "value": 150,
	   "max": 150
	},
      "minecraft:can_climb": {
      },
      "minecraft:movement": {
        "value": 0.32
      },
      "minecraft:attack": {
        "damage": 15
      },
      "minecraft:scale": {
	   "value": 1.05
      },
      "minecraft:movement.basic": {
        "value": 1.0
      },
      "minecraft:jump.static": {
        "value": 1.0
      },
      "minecraft:navigation.walk": {
        "can_path_over_water": true,
        "avoid_damage_blocks": true
      },
      "minecraft:knockback_resistance": {
        "value": 0.5
      },
      "minecraft:navigation.climb": {
        "can_float": true
      },
      "minecraft:behavior.float": {
        "priority": 0
      },
     "minecraft:breathable": {
        "totalSupply": 15,
        "suffocateTime": 0
      },
      "minecraft:nameable": {
      },
      "minecraft:burns_in_daylight": {
      },
      "minecraft:behavior.move_towards_restriction": {
        "priority": 5,
        "speed_multiplier": 1
      },
      "minecraft:behavior.melee_attack": {
        "priority": 3,
        "speed_multiplier": 1,
        "track_target": false
      },
      "minecraft:behavior.random_stroll": {
        "priority": 6,
        "speed_multiplier": 1
      },
      "minecraft:behavior.look_at_player": {
        "priority": 7,
        "look_distance": 6,
        "probability": 0.02
      },
      "minecraft:behavior.random_look_around": {
        "priority": 7
      },
      "minecraft:behavior.hurt_by_target": {
        "priority": 1
      },
      "minecraft:behavior.nearest_attackable_target": {
        "priority": 2,
        "within_radius": 25,
        "reselect_targets": true,
        "entity_types": [
          {
            "filters": {
              "any_of": [
                {
                  "test": "is_family",
                  "subject": "other",
                  "value": "player"
                }
              ]
            },
            "max_dist": 35
          }
        ],
        "must_see": true,
        "must_see_forget_duration": 17.0
      },
      "minecraft:damage_sensor": {
        "triggers": [
                       {
                            "on_damage": {
                                "filters": {
                                    "all_of": [
                                        {
                                            "test": "is_underground",
                                            "value": false
                                        },
                                        {
                                            "test": "is_daytime"
                                        },
                                        {
                                            "test": "has_damage",
                                            "value": "fire_tick"
                                        }
                                    ]
                                }
                            },
                            "damage_modifier": 50
                        },
                        {
                            "on_damage": {
                                "filters": {
                                    "all_of": [
                                        {
                                            "test": "is_underground",
                                            "value": false
                                        },
                                        {
                                            "test": "is_daytime"
                                        },
                                        {
                                            "test": "has_damage",
                                            "operator": "not",
                                            "value": "fire_tick"
                                        },
                                        {
                                            "test": "in_water",
                                            "value": false
                                        },
                                        {
                                            "test": "in_water_or_rain",
                                            "value": false
                                        }
                                    ]
                                }
                            },
                            "deals_damage": false
                        },
		    {
              "cause": "fire",
			  "damage_multiplier": 5
		    },
          {
            "on_damage": {
              "filters": {
                "all_of": [
                  {
                    "test": "has_damage",
                    "value":"attack"
                  },
                  {
                    "test": "is_family",
                    "subject": "other",
                    "value": "player"
                  }
                ]
              },
              "event":"attack",
              "target":"self"
            }
          }
        ]
      },
      "minecraft:physics": {
      },
      "minecraft:scaffolding_climber": { }
    },
    "events": {
      "kill": {
        "run_command": {
          "command": [ "playsound random.levelup @p[scores={saga=6}]", "scoreboard players set @p[scores={saga=6}] saga 7" ],
         "target": "other"
        }
      },
      "saga": {
        "add": {
          "component_groups": [
            "saga"
          ]
        }
      },
      "minecraft:event_pool": {
        "add": {
          "component_groups": [
            "minecraft:crisis"
          ]
        }
      },
      "minecraft:event_pool_off": {
        "remove": {
          "component_groups": [
            "minecraft:crisis"
          ]
        }
      },
			"attack": {
				"randomize": [
					{
						"weight": 5,
						"run_command": {
							"command": [
                       "playanimation @s animation.oni_armr",
								"playsound blood @a[r=15] ~ ~ ~ 0.8 1 0",
								"particle ds:blood ~~~",
								"effect @s weakness 3 2 true"
							],
							"target": "self"
						}
					},
					{
						"weight": 5,
						"run_command": {
							"command": [
                       "playanimation @s animation.oni_arml",
								"playsound blood @a[r=15] ~ ~ ~ 0.8 1 0",
								"particle ds:blood ~~~",
								"effect @s weakness 3 2 true"
							],
							"target": "self"
						}
					},
					{
						"weight": 5,
						"run_command": {
							"command": [
                       "playanimation @s animation.oni_legr",
								"playsound blood @a[r=15] ~ ~ ~ 0.8 1 0",
								"particle ds:blood ~~~",
								"effect @s slowness 3 2 true"
							],
							"target": "self"
						}
					},
					{
						"weight": 5,
						"run_command": {
							"command": [
                       "playanimation @s animation.oni_legl",
								"playsound blood @a[r=15] ~ ~ ~ 0.8 1 0",
								"particle ds:blood ~~~",
								"effect @s slowness 3 2 true"
							],
							"target": "self"
						}
					},
					{
						"weight": 80,
						"run_command": {
							"command": [
							],
							"target": "self"
						}
					}
				]
			}
    }
  }
}
