{
  "format_version": "1.8.0",
  "minecraft:entity": {
    "description": {
      "identifier": "ds:oni",
      "is_spawnable": true,
      "is_summonable": true,
      "is_experimental": false,
      "scripts":{
        "animate":["burn","headoff","blood"]
      },
      "animations":{
        "burn":"controller.animation.burn",
        "headoff":"controller.animation.headoff",
        "blood":"controller.animation.blood"
      }
    },
    "component_groups":{
      "saga":{
        "minecraft:mark_variant":{
          "value":0
        },
	"minecraft:health": {
	   "value": 50,
	   "max": 50
	     },
      "minecraft:damage_sensor": {
        "triggers": [
          {
            "on_damage": {
              "filters": {
                "all_of": [
                  {
                    "test": "has_damage",
                    "value":"fatal"
                  },
                  {
                    "test": "is_family",
                    "subject": "other",
                    "operator": "!=",
                    "value": "none"
                  }
                ]
              },
              "event":"kill",
              "target":"self"
            }
          }
        ]
      }
      },
      "oni1":{
        "minecraft:variant":{
          "value":1
        },
         "minecraft:loot":{
            "table":"loot_tables/moby/oni1.json"
        }
      },
      "oni2":{
        "minecraft:variant":{
          "value":2
        },
         "minecraft:loot":{
            "table":"loot_tables/moby/oni2.json"
        }
      },
      "oni3":{
        "minecraft:variant":{
          "value":3
        },
         "minecraft:loot":{
            "table":"loot_tables/moby/oni3.json"
        }
      },
     "oni4":{
        "minecraft:variant":{
          "value":4
        },
         "minecraft:loot":{
            "table":"loot_tables/moby/oni4.json"
        }
      },
     "sts1":{
        "minecraft:skin_id": {
          "value": 1
        },
      	"minecraft:health": {
     	   "value": 60,
     	   "max": 60
      	}
      },
     "sts2":{
        "minecraft:skin_id": {
          "value": 2
        },
      	"minecraft:health": {
     	   "value": 60,
     	   "max": 60
      	}
      },
     "sts3":{
        "minecraft:skin_id": {
          "value": 3
        },
      	"minecraft:health": {
     	   "value": 80,
     	   "max": 80
      	}
      }
    },
    "components": {
      "minecraft:type_family": {
        "family": [ "oni" ]
    },
	  "minecraft:timer": {
	    "looping": false,
		"randomInterval": false,
		"time": 0.1,
		"time_down_event": {
		  "event": "minecraft:entity_status"
	        	}
	        },
      "minecraft:mark_variant":{
        "value":1
    },
"minecraft: behaviour.look_at_trading_player":{
},
      "minecraft:collision_box": {
        "width": 0.6,
        "height": 1.8
      },
	"minecraft:health": {
	   "value": 40,
	   "max": 40
	},
      "minecraft:can_climb": {
      },
      "minecraft:movement": {
        "value": 0.25
      },
      "minecraft:attack": {
        "damage": 5
      },
      "minecraft:scale": {
	   "value": 1.0
      },
      "minecraft:movement.basic": {
        "value": 1.0
      },
      "minecraft:jump.static": {
        "value": 1.0
      },
      "minecraft:navigation.walk": {
        "can_path_over_water": true,
        "avoid_damage_blocks": true
      },
      "minecraft:knockback_resistance": {
        "value": 0.5
      },
      "minecraft:navigation.climb": {
        "can_float": true
      },
      "minecraft:behavior.float": {
        "priority": 0
      },
     "minecraft:breathable": {
        "totalSupply": 15,
        "suffocateTime": 0
      },
      "minecraft:nameable": {
      },
      "minecraft:burns_in_daylight": {
      },
      "minecraft:behavior.move_towards_restriction": {
        "priority": 5,
        "speed_multiplier": 1
      },
      "minecraft:behavior.melee_attack": {
        "priority": 3,
        "speed_multiplier": 1,
        "track_target": false
      },
      "minecraft:behavior.random_stroll": {
        "priority": 6,
        "speed_multiplier": 1
      },
      "minecraft:behavior.look_at_player": {
        "priority": 7,
        "look_distance": 6,
        "probability": 0.02
      },
      "minecraft:behavior.random_look_around": {
        "priority": 7
      },
      "minecraft:behavior.hurt_by_target": {
        "priority": 1
      },
      "minecraft:behavior.nearest_attackable_target": {
        "priority": 2,
        "within_radius": 25,
        "reselect_targets": true,
        "entity_types": [
          {
            "filters": {
              "any_of": [
                {
                  "test": "is_family",
                  "subject": "other",
                  "value": "player"
                }
              ]
            },
            "max_dist": 35
          }
        ],
        "must_see": true,
        "must_see_forget_duration": 17.0
      },
      "minecraft:damage_sensor": {
        "triggers": [
                       {
                            "on_damage": {
                                "filters": {
                                    "all_of": [
                                        {
                                            "test": "is_underground",
                                            "value": false
                                        },
                                        {
                                            "test": "is_daytime"
                                        },
                                        {
                                            "test": "has_damage",
                                            "value": "fire_tick"
                                        }
                                    ]
                                }
                            },
                            "damage_modifier": 50
                        },
                        {
                            "on_damage": {
                                "filters": {
                                    "all_of": [
                                        {
                                            "test": "is_underground",
                                            "value": false
                                        },
                                        {
                                            "test": "is_daytime"
                                        },
                                        {
                                            "test": "has_damage",
                                            "operator": "not",
                                            "value": "fire_tick"
                                        },
                                        {
                                            "test": "in_water",
                                            "value": false
                                        },
                                        {
                                            "test": "in_water_or_rain",
                                            "value": false
                                        }
                                    ]
                                }
                            },
                            "deals_damage": false
                        },
		    {
              "cause": "fire",
			  "damage_multiplier": 5
		    },
          {
            "on_damage": {
              "filters": {
                "all_of": [
                  {
                    "test": "has_damage",
                    "value":"attack"
                  },
                  {
                    "test": "is_family",
                    "subject": "other",
                    "value": "player"
                  }
                ]
              },
              "event":"attack",
              "target":"self"
            }
          }
        ]
      },
      "minecraft:physics": {
      },
      "minecraft:scaffolding_climber": {}
  },
    "events": {
      "minecraft:entity_spawned": {
        "randomize": [
          {
            "weight": 25,
            "add": {
              "component_groups": [
                "oni1"
              ]
            }
          },
          {
            "weight": 25,
            "add": {
              "component_groups": [
                "oni2"
              ]
            }
          },
          {
            "weight": 25,
            "add": {
              "component_groups": [
                "oni3"
              ]
            }
          },
          {
            "weight": 25,
            "add": {
              "component_groups": [
                "oni4"
              ]
            }
          }
        ]
      },
      "minecraft:entity_status": {
        "randomize": [
          {
            "weight": 25,
            "add": {
              "component_groups": [
                "sts1"
              ]
            }
          },
          {
            "weight": 25,
            "add": {
              "component_groups": [
                "sts2"
              ]
            }
          },
          {
            "weight": 25,
            "add": {
              "component_groups": [
                "sts3"
              ]
            }
          },
          {
            "weight": 25,
            "add": {
              "component_groups": [
                "sts4"
              ]
            }
          }
        ]
      },
      "minecraft:burn": {
        "run_command": {
          "command": [ "kill @e[type=item,r=2]" ],
		    "target": "self"
        }
      },
      "kill": {
        "run_command": {
          "command": [ "scoreboard players set @p[scores={saga=1}] saga 2", "playsound random.levelup @p[scores={saga=1}]" ],
         "target": "other"
        }
      },
      "saga": {
        "add": {
          "component_groups": [
            "saga"
          ]
        }
      },
			"attack": {
				"randomize": [
					{
						"weight": 5,
						"run_command": {
							"command": [
                                "playanimation @s animation.oni_armr",
								"playsound blood @a[r=15] ~ ~ ~ 0.8 1 0",
								"particle ds:blood ~~~",
								"effect @s weakness 3 2 true"
							],
							"target": "self"
						}
					},
					{
						"weight": 5,
						"run_command": {
							"command": [
                                "playanimation @s animation.oni_arml",
								"playsound blood @a[r=15] ~ ~ ~ 0.8 1 0",
								"particle ds:blood ~~~",
								"effect @s weakness 3 2 true"
							],
							"target": "self"
						}
					},
					{
						"weight": 5,
						"run_command": {
							"command": [
                                "playanimation @s animation.oni_legr",
								"playsound blood @a[r=15] ~ ~ ~ 0.8 1 0",
								"particle ds:blood ~~~",
								"effect @s slowness 3 2 true"
							],
							"target": "self"
						}
					},
					{
						"weight": 5,
						"run_command": {
							"command": [
                                "playanimation @s animation.oni_legl",
								"playsound blood @a[r=15] ~ ~ ~ 0.8 1 0",
								"particle ds:blood ~~~",
								"effect @s slowness 3 2 true"
							],
							"target": "self"
						}
					},
					{
						"weight": 80,
						"run_command": {
							"command": [
							],
							"target": "self"
						}
					}
				]
			}
    }
  }
}
