{
  "format_version": "1.10.0",
  "minecraft:entity": {
    "description": {
      "identifier": "ds:pedra",
      "is_spawnable": false,
      "is_summonable": true,
      "is_experimental": false,
      "scripts":{
        "animate":["burning","pedra"]
      },
      "animations":{
        "pedra":"controller.animation.pedra"
      }
    },

    "component_groups": {
	   "minecraft:crisis": {
        "minecraft:mark_variant":{
          "value":1
          }
	   	}
	  	 },
    "components": {
      "minecraft:type_family": {
        "family": [ "pedra" ] },

      "minecraft:explode": {
        "fuseLength": 80,
        "fuseLit": true,
        "power": 0,
        "causesFire": false,
        "destroyAffectedByGriefing": true },

      "minecraft:collision_box": {
        "width": 4,
        "height": 4 },

      "minecraft:on_death": {
        "event": "kill",
        "target": "self" },

        "minecraft:health": {
          "value": 400,
          "max": 400 },

      "minecraft:knockback_resistance": {
        "value": 1.0 },

        "minecraft:boss": {
          "name": "§lPedra!!? §cHp - 300",
          "should_darken_sky": true,
          "hud_range": 10 },

				"minecraft:damage_sensor": {
					"triggers": [
						{
							"cause": "fall",
							"deals_damage": false
						},
						{
							"on_damage": {
								"filters": {
									"test": "is_family",
									"subject": "other",
									"value": "player"
								},
								"event": "minecraft:be_hit"
							},
							"deals_damage": true
						},
						{
							"cause": "entity_attack",
							"deals_damage": true
						}
					]
				},
       "minecraft:physics": {}
    },
    "events": {
      "minecraft:be_crisis":{
        "add":{
          "component_groups":[
            "minecraft:crisis"
          ]
        }
      },
      "kill": {
        "run_command": {
          "command": [ "scoreboard players set @p[r=20,scores={saga=3}] saga 4", "playsound random.levelup @p[r=20,scores={saga=3}]" ],
         "target": "self"
        }
      },
      "minecraft:be_hit": {
        "run_command": {
          "command": [ "playanimation @s animation.pedra_hit" ]
        }
      }
    }
  }
}
