{
  "format_version": "1.13.0",
  "minecraft:entity": {
    "description": {
      "identifier": "minecraft:player",
      "is_spawnable": false,
      "is_summonable": false,
      "is_experimental": false,
      "scripts": {
        "animate": [
          "start",
          "hp",
          "light",
          "rool",
          "respiracao",
          "waterbreath",
          "beastbreath",
          "soundbreath",
          "mistbreath",
          "flamebreath",
          "lovebreath",
          "windbreath",
          "serpentbreath",
          "thunderbreath",
          "moonbreath",
          "sunbreath",
          "forms",
          "breaths",
          "scenes",
          "sword",
          "attacks",
          "health",
          "kekki1",
          "kekki",
          "headhand",
		    "sickle"
        ]
      },
      "animations": {
        "start": "controller.animation.start",
        "hp": "controller.animation.hp",
        "light": "controller.animation.light",
        "rool": "controller.animation.rool",
        "respiracao": "controller.animation.respiracao",
        "waterbreath": "controller.animation.waterbreath",
        "beastbreath": "controller.animation.beastbreath",
        "soundbreath": "controller.animation.soundbreath",
        "mistbreath": "controller.animation.mistbreath",
        "flamebreath": "controller.animation.flamebreath",
        "lovebreath": "controller.animation.lovebreath",
        "windbreath": "controller.animation.windbreath",
        "serpentbreath": "controller.animation.serpentbreath",
        "thunderbreath": "controller.animation.thunderbreath",
        "moonbreath": "controller.animation.moonbreath",
        "sunbreath": "controller.animation.sunbreath",
        "forms": "controller.animation.forms",
        "breaths": "controller.animation.breaths",
        "scenes": "controller.animation.scenes",
        "sword": "controller.animation.sword",
        "attacks": "controller.animation.attacks",
        "health": "controller.animation.health",
        "kekki1": "controller.animation.kekki1",
        "kekki": "controller.animation.kekki",
        "headhand": "controller.animation.headhand",
	     "sickle": "controller.animation.sickle"
      }
    },
    "component_groups": {
      "pamobile:respawn": {
        "minecraft:mark_variant": {
          "value": 0
        },
        "minecraft:type_family": {
          "family": [ "player" ]
        },
        "minecraft:collision_box": {
          "width": 0.6,
          "height": 1.8
        },
        "minecraft:health": {
          "value": 20,
          "max": 20
        },
        "minecraft:scale": {
          "value": 1.0
        },
        "minecraft:attack": {
          "damage": 1
        },
        "minecraft:movement": {
          "value": 0.1
        },
		"minecraft:breathable": {
		  "total_supply": 15,
		  "suffocate_time": -1,
		  "inhale_time": 3.75,
		  "generates_bubbles": false
		},
        "minecraft:spell_effects": {
          "add_effects": [
            {}
          ]
        }
      },
	  "minecraft:fish": {
	    "minecraft:spawn_entity": {
		  "min_wait_time": 0,
		  "max_wait_time": 0,
		  "single_use": true,
		  "num_to_spawn": 1,
		  "spawn_entity": "ds:fish_gyokko"
		}
	  },
	  "minecraft:throwing_sickle": {
	    "minecraft:spawn_entity": {
		  "min_wait_time": 0,
		  "max_wait_time": 0,
		  "single_use": true,
		  "num_to_spawn": 1,
		  "spawn_entity": "ds:sickle_thrown"
		}
	  },
	  "minecraft:flying_blood": {
	    "minecraft:spawn_entity": {
		  "min_wait_time": 0,
		  "max_wait_time": 0,
		  "single_use": true,
		  "num_to_spawn": 1,
		  "spawn_entity": "ds:flying_blood"
		}
	  },
	  "minecraft:drum": {
	    "minecraft:spawn_entity": {
		  "min_wait_time": 0,
		  "max_wait_time": 0,
		  "single_use": true,
		  "num_to_spawn": 1,
		  "spawn_entity": "ds:drum"
		}
	  },
	  "minecraft:thunder_tp": {
	    "minecraft:spawn_entity": {
		  "min_wait_time": 0,
		  "max_wait_time": 0,
		  "single_use": true,
		  "num_to_spawn": 1,
		  "spawn_entity": "ds:thunder_tp"
		}
	  },
	  "minecraft:thunder_dragon": {
	    "minecraft:spawn_entity": {
		  "min_wait_time": 0,
		  "max_wait_time": 0,
		  "single_use": true,
		  "num_to_spawn": 1,
		  "spawn_entity": "ds:thunder_dragon"
		}
	  },
	  "minecraft:yahaba_arrow": {
	    "minecraft:spawn_entity": {
		  "min_wait_time": 0,
		  "max_wait_time": 0,
		  "single_use": true,
		  "num_to_spawn": 1,
		  "spawn_entity": "ds:yahaba_arrow"
		}
	  },
	  "minecraft:flame_dragon": {
	    "minecraft:spawn_entity": {
		  "min_wait_time": 0,
		  "max_wait_time": 0,
		  "single_use": true,
		  "num_to_spawn": 1,
		  "spawn_entity": "ds:flame_dragon"
		}
	  },
	  "minecraft:susamaru_ball": {
	    "minecraft:spawn_entity": {
		  "min_wait_time": 0,
		  "max_wait_time": 0,
		  "single_use": true,
		  "num_to_spawn": 1,
		  "spawn_entity": "ds:susamaru_ball"
		}
	  },
	  "minecraft:beastcut": {
	    "minecraft:spawn_entity": {
		  "min_wait_time": 0,
		  "max_wait_time": 0,
		  "single_use": true,
		  "num_to_spawn": 1,
		  "spawn_entity": "ds:beastcut"
		}
	  },
	  "minecraft:mooncut": {
	    "minecraft:spawn_entity": {
		  "min_wait_time": 0,
		  "max_wait_time": 0,
		  "single_use": true,
		  "num_to_spawn": 1,
		  "spawn_entity": "ds:mooncut"
		}
	  },
	  "minecraft:windclaws": {
	    "minecraft:spawn_entity": {
		  "min_wait_time": 0,
		  "max_wait_time": 0,
		  "single_use": true,
		  "num_to_spawn": 1,
		  "spawn_entity": "ds:windclaws"
		}
	  },
	  "minecraft:akaza_atk": {
	    "minecraft:spawn_entity": {
		  "min_wait_time": 0,
		  "max_wait_time": 0,
		  "single_use": true,
		  "num_to_spawn": 1,
		  "spawn_entity": "ds:akaza_atk"
		}
	  },
	  "minecraft:akaza_atk2": {
	    "minecraft:spawn_entity": {
		  "min_wait_time": 0,
		  "max_wait_time": 0,
		  "single_use": true,
		  "num_to_spawn": 1,
		  "spawn_entity": "ds:akaza_atk2"
		}
	  },
	  "minecraft:rainbow": {
	    "minecraft:spawn_entity": {
		  "min_wait_time": 0,
		  "max_wait_time": 0,
		  "single_use": true,
		  "num_to_spawn": 1,
		  "spawn_entity": "ds:sun11"
		}
	  },
	  "minecraft:icekid": {
	    "minecraft:spawn_entity": {
		  "min_wait_time": 0,
		  "max_wait_time": 0,
		  "single_use": true,
		  "num_to_spawn": 1,
		  "spawn_entity": "ds:icekid2"
		}
	  },
	  "minecraft:tentacle": {
	    "minecraft:spawn_entity": {
		  "min_wait_time": 0,
		  "max_wait_time": 0,
		  "single_use": true,
		  "num_to_spawn": 3,
		  "spawn_entity": "ds:enmu_tentacle2"
		}
	  },
	  "minecraft:crow": {
	    "minecraft:spawn_entity": {
		  "min_wait_time": 0,
		  "max_wait_time": 0,
		  "single_use": true,
		  "num_to_spawn": 1,
		  "spawn_entity": "ds:crow2"
		}
	  },
      "ds:hashira": {
        "minecraft:skin_id": {
          "value": 1
        }
      },
      "ds:oni": {
        "minecraft:mark_variant": {
          "value": 1
        },
        "minecraft:type_family": {
          "family": [ "oni" ]
        },
       "minecraft:burns_in_daylight": {
        },
        "minecraft:attack": {
          "damage": 5
        },
        "minecraft:movement": {
          "value": 0.11
        },
      "minecraft:on_death": {
        "event": "be_human",
        "target": "self"
       }
      },
      "ds:oni2": {
        "minecraft:mark_variant": {
          "value": 2
        },
        "minecraft:type_family": {
          "family": [ "oni" ]
        },
       "minecraft:burns_in_daylight": {
        },
        "minecraft:attack": {
          "damage": 5
        },
        "minecraft:movement": {
          "value": 0.12
        },
      "minecraft:on_death": {
        "event": "be_human",
        "target": "self"
       }
      },
      "ds:oni3": {
        "minecraft:mark_variant": {
          "value": 3
        },
        "minecraft:type_family": {
          "family": [ "oni" ]
        },
       "minecraft:burns_in_daylight": {
        },
        "minecraft:attack": {
          "damage": 5
        },
        "minecraft:movement": {
          "value": 0.13
        },
      "minecraft:on_death": {
        "event": "be_human",
        "target": "self"
       }
      },
      "ds:oni4": {
        "minecraft:mark_variant": {
          "value": 4
        },
        "minecraft:type_family": {
          "family": [ "oni" ]
        },
       "minecraft:burns_in_daylight": {
        },
        "minecraft:attack": {
          "damage": 6
        },
        "minecraft:movement": {
          "value": 0.14
        },
      "minecraft:on_death": {
        "event": "be_human",
        "target": "self"
       }
      },
      "ds:oni5": {
        "minecraft:mark_variant": {
          "value": 5
        },
        "minecraft:type_family": {
          "family": [ "oni" ]
        },
       "minecraft:burns_in_daylight": {
        },
        "minecraft:attack": {
          "damage": 7
        },
        "minecraft:movement": {
          "value": 0.15
        },
      "minecraft:on_death": {
        "event": "be_human",
        "target": "self"
       }
      },
      "ds:oni6": {
        "minecraft:mark_variant": {
          "value": 6
        },
        "minecraft:type_family": {
          "family": [ "oni" ]
        },
       "minecraft:burns_in_daylight": {
        },
        "minecraft:attack": {
          "damage": 8
        },
        "minecraft:movement": {
          "value": 0.16
        },
      "minecraft:on_death": {
        "event": "be_human",
        "target": "self"
       }
      },
      "ds:oni7": {
        "minecraft:mark_variant": {
          "value": 7
        },
        "minecraft:type_family": {
          "family": [ "oni" ]
        },
       "minecraft:burns_in_daylight": {
        },
        "minecraft:attack": {
          "damage": 9
        },
        "minecraft:movement": {
          "value": 0.17
        },
      "minecraft:on_death": {
        "event": "be_human",
        "target": "self"
       }
      },
      "ds:oni8": {
        "minecraft:mark_variant": {
          "value": 8
        },
        "minecraft:type_family": {
          "family": [ "oni" ]
        },
       "minecraft:burns_in_daylight": {
        },
        "minecraft:attack": {
          "damage": 10
        },
        "minecraft:movement": {
          "value": 0.18
        },
      "minecraft:on_death": {
        "event": "be_human",
        "target": "self"
       }
      },
      "ds:oni9": {
        "minecraft:mark_variant": {
          "value": 9
        },
        "minecraft:type_family": {
          "family": [ "oni" ]
        },
       "minecraft:burns_in_daylight": {
        },
        "minecraft:attack": {
          "damage": 10
        },
        "minecraft:movement": {
          "value": 0.19
        },
      "minecraft:on_death": {
        "event": "be_human",
        "target": "self"
       }
      },
      "ds:oni10": {
        "minecraft:mark_variant": {
          "value": 10
        },
        "minecraft:type_family": {
          "family": [ "oni" ]
        },
       "minecraft:burns_in_daylight": {
        },
        "minecraft:attack": {
          "damage": 10
        },
        "minecraft:movement": {
          "value": 0.2
        },
      "minecraft:on_death": {
        "event": "be_human",
        "target": "self"
       }
      },
      "ds:oni11": {
        "minecraft:mark_variant": {
          "value": 11
        },
        "minecraft:type_family": {
          "family": [ "oni" ]
        },
       "minecraft:burns_in_daylight": {
        },
        "minecraft:attack": {
          "damage": 11
        },
        "minecraft:movement": {
          "value": 0.21
        },
      "minecraft:on_death": {
        "event": "be_human",
        "target": "self"
       }
      },
      "ds:oni12": {
        "minecraft:mark_variant": {
          "value": 12
        },
        "minecraft:type_family": {
          "family": [ "oni" ]
        },
       "minecraft:burns_in_daylight": {
        },
        "minecraft:attack": {
          "damage": 12
        },
        "minecraft:movement": {
          "value": 0.22
        },
      "minecraft:on_death": {
        "event": "be_human",
        "target": "self"
       }
      },
      "ds:oni13": {
        "minecraft:mark_variant": {
          "value": 13
        },
        "minecraft:type_family": {
          "family": [ "oni" ]
        },
       "minecraft:burns_in_daylight": {
        },
        "minecraft:attack": {
          "damage": 13
        },
        "minecraft:movement": {
          "value": 0.23
        },
      "minecraft:on_death": {
        "event": "be_human",
        "target": "self"
       }
      },
      "ds:oni14": {
        "minecraft:mark_variant": {
          "value": 14
        },
        "minecraft:type_family": {
          "family": [ "oni" ]
        },
       "minecraft:burns_in_daylight": {
        },
        "minecraft:attack": {
          "damage": 14
        },
        "minecraft:movement": {
          "value": 0.24
        },
      "minecraft:on_death": {
        "event": "be_human",
        "target": "self"
       }
      },
      "ds:oni15": {
        "minecraft:mark_variant": {
          "value": 15
        },
        "minecraft:type_family": {
          "family": [ "oni" ]
        },
       "minecraft:burns_in_daylight": {
        },
        "minecraft:attack": {
          "damage": 15
        },
        "minecraft:movement": {
          "value": 0.25
        },
      "minecraft:on_death": {
        "event": "be_human",
        "target": "self"
       }
      },
      "ds:oni16": {
        "minecraft:mark_variant": {
          "value": 16
        },
        "minecraft:type_family": {
          "family": [ "oni" ]
        },
       "minecraft:burns_in_daylight": {
        },
        "minecraft:attack": {
          "damage": 15
        },
        "minecraft:movement": {
          "value": 0.26
        },
      "minecraft:on_death": {
        "event": "be_human",
        "target": "self"
       }
      },
      "ds:oni17": {
        "minecraft:mark_variant": {
          "value": 17
        },
        "minecraft:type_family": {
          "family": [ "oni" ]
        },
       "minecraft:burns_in_daylight": {
        },
        "minecraft:attack": {
          "damage": 16
        },
        "minecraft:movement": {
          "value": 0.27
        },
      "minecraft:on_death": {
        "event": "be_human",
        "target": "self"
       }
      },
     "ds:unknown": { "minecraft:variant": { "value": 0 } },
     "ds:no_unknown": { "minecraft:variant": { "value": 10 } },
     "ds:marca1": { "minecraft:variant": { "value": 1 } },
     "ds:marca2": { "minecraft:variant": { "value": 2 } },
     "ds:marca3": { "minecraft:variant": { "value": 3 } },
     "ds:marca4": { "minecraft:variant": { "value": 4 } },
     "ds:marca5": { "minecraft:variant": { "value": 5 } },
     "ds:marca6": { "minecraft:variant": { "value": 6 } },
     "ds:marca7": { "minecraft:variant": { "value": 7 } },
     "ds:marca8": { "minecraft:variant": { "value": 8 } },
     "ds:marca9": { "minecraft:variant": { "value": 9 } },
     "ds:health_1": {
        "minecraft:health": {
          "value": 30,
          "max": 30
        }
      },
     "ds:health_2": {
        "minecraft:health": {
          "value": 40,
          "max": 40
        }
      },
     "ds:health_3": {
        "minecraft:health": {
          "value": 50,
          "max": 50
        }
      },
     "ds:health_4": {
        "minecraft:health": {
          "value": 60,
          "max": 60
        }
      },
     "ds:health_5": {
        "minecraft:health": {
          "value": 70,
          "max": 70
        }
      },
     "ds:health_6": {
        "minecraft:health": {
          "value": 80,
          "max": 80
        }
      },
     "ds:health_7": {
        "minecraft:health": {
          "value": 90,
          "max": 90
        }
      },
     "ds:health_8": {
        "minecraft:health": {
          "value": 100,
          "max": 100
        }
      }
    },
    "components": {
      "minecraft:type_family": {
        "family": [
          "player"
        ]
      },
      "minecraft:loot": {
        "table": "loot_tables/entities/player.json"
      },
      "minecraft:collision_box": {
        "width": 0.6,
        "height": 1.8
      },
      "minecraft:can_climb": {},
      "minecraft:movement": {
        "value": 0.1
      },
      "minecraft:environment_sensor": {
        "triggers": [
          {
            "filters": {
              "any_of": [
                {
                  "test": "has_tag",
                  "subject": "self",
                  "operator": "==",
                  "value": "marca1"
                }
              ]
            },
            "event": "ds:marca1"
          },
          {
            "filters": {
              "any_of": [
                {
                  "test": "has_tag",
                  "subject": "self",
                  "operator": "==",
                  "value": "marca2"
                }
              ]
            },
            "event": "ds:marca2"
          },
          {
            "filters": {
              "any_of": [
                {
                  "test": "has_tag",
                  "subject": "self",
                  "operator": "==",
                  "value": "marca3"
                }
              ]
            },
            "event": "ds:marca3"
          },
          {
            "filters": {
              "any_of": [
                {
                  "test": "has_tag",
                  "subject": "self",
                  "operator": "==",
                  "value": "marca4"
                }
              ]
            },
            "event": "ds:marca4"
          },
          {
            "filters": {
              "any_of": [
                {
                  "test": "has_tag",
                  "subject": "self",
                  "operator": "==",
                  "value": "marca5"
                }
              ]
            },
            "event": "ds:marca5"
          },
          {
            "filters": {
              "any_of": [
                {
                  "test": "has_tag",
                  "subject": "self",
                  "operator": "==",
                  "value": "marca6"
                }
              ]
            },
            "event": "ds:marca6"
          },
         {
            "filters": {
              "any_of": [
                {
                  "test": "has_tag",
                  "subject": "self",
                  "operator": "==",
                  "value": "marca7"
                }
              ]
            },
            "event": "ds:marca7"
          },
         {
            "filters": {
              "any_of": [
                {
                  "test": "has_tag",
                  "subject": "self",
                  "operator": "==",
                  "value": "marca8"
                }
              ]
            },
            "event": "ds:marca8"
          },
         {
            "filters": {
              "any_of": [
                {
                  "test": "has_tag",
                  "subject": "self",
                  "operator": "==",
                  "value": "marca9"
                }
              ]
            },
            "event": "ds:marca9"
          },
          {
            "filters": {
              "any_of": [
                {
                  "test": "has_tag",
                  "subject": "self",
                  "operator": "==",
                  "value": "oni"
                }
              ]
            },
            "event": "ds:oni"
          },
          {
            "filters": {
              "any_of": [
                {
                  "test": "has_tag",
                  "subject": "self",
                  "operator": "==",
                  "value": "oni2"
                }
              ]
            },
            "event": "ds:oni2"
          },
          {
            "filters": {
              "any_of": [
                {
                  "test": "has_tag",
                  "subject": "self",
                  "operator": "==",
                  "value": "oni3"
                }
              ]
            },
            "event": "ds:oni3"
          },
          {
            "filters": {
              "any_of": [
                {
                  "test": "has_tag",
                  "subject": "self",
                  "operator": "==",
                  "value": "oni4"
                }
              ]
            },
            "event": "ds:oni4"
          },
          {
            "filters": {
              "any_of": [
                {
                  "test": "has_tag",
                  "subject": "self",
                  "operator": "==",
                  "value": "oni5"
                }
              ]
            },
            "event": "ds:oni5"
          },
          {
            "filters": {
              "any_of": [
                {
                  "test": "has_tag",
                  "subject": "self",
                  "operator": "==",
                  "value": "oni6"
                }
              ]
            },
            "event": "ds:oni6"
          },
          {
            "filters": {
              "any_of": [
                {
                  "test": "has_tag",
                  "subject": "self",
                  "operator": "==",
                  "value": "oni7"
                }
              ]
            },
            "event": "ds:oni7"
          },
          {
            "filters": {
              "any_of": [
                {
                  "test": "has_tag",
                  "subject": "self",
                  "operator": "==",
                  "value": "oni8"
                }
              ]
            },
            "event": "ds:oni8"
          },
          {
            "filters": {
              "any_of": [
                {
                  "test": "has_tag",
                  "subject": "self",
                  "operator": "==",
                  "value": "oni9"
                }
              ]
            },
            "event": "ds:oni9"
          },
          {
            "filters": {
              "any_of": [
                {
                  "test": "has_tag",
                  "subject": "self",
                  "operator": "==",
                  "value": "oni10"
                }
              ]
            },
            "event": "ds:oni10"
          },
          {
            "filters": {
              "any_of": [
                {
                  "test": "has_tag",
                  "subject": "self",
                  "operator": "==",
                  "value": "oni11"
                }
              ]
            },
            "event": "ds:oni11"
          },
          {
            "filters": {
              "any_of": [
                {
                  "test": "has_tag",
                  "subject": "self",
                  "operator": "==",
                  "value": "oni12"
                }
              ]
            },
            "event": "ds:oni12"
          },
          {
            "filters": {
              "any_of": [
                {
                  "test": "has_tag",
                  "subject": "self",
                  "operator": "==",
                  "value": "oni13"
                }
              ]
            },
            "event": "ds:oni13"
          },
          {
            "filters": {
              "any_of": [
                {
                  "test": "has_tag",
                  "subject": "self",
                  "operator": "==",
                  "value": "oni14"
                }
              ]
            },
            "event": "ds:oni14"
          },
          {
            "filters": {
              "any_of": [
                {
                  "test": "has_tag",
                  "subject": "self",
                  "operator": "==",
                  "value": "oni15"
                }
              ]
            },
            "event": "ds:oni15"
          },
          {
            "filters": {
              "any_of": [
                {
                  "test": "has_tag",
                  "subject": "self",
                  "operator": "==",
                  "value": "oni16"
                }
              ]
            },
            "event": "ds:oni16"
          },
          {
            "filters": {
              "any_of": [
                {
                  "test": "has_tag",
                  "subject": "self",
                  "operator": "==",
                  "value": "oni17"
                }
              ]
            },
            "event": "ds:oni17"
          }
        ]
      },
      "minecraft:player.saturation": {
        "value": 20
      },
      "minecraft:player.exhaustion": {
        "value": 0,
        "max": 4
      },
      "minecraft:player.level": {
        "value": 0,
        "max": 24791
      },
      "minecraft:player.experience": {
        "value": 0,
        "max": 1
      },
      "minecraft:breathable": {
        "totalSupply": 15,
        "suffocateTime": -1,
        "inhaleTime": 3.75,
        "generatesBubbles": false
      },
      "minecraft:nameable": {
        "alwaysShow": true,
        "allowNameTagRenaming": false
      },
      "minecraft:physics": {},
      "minecraft:insomnia": {
        "days_until_insomnia": 3
      },
      "minecraft:rideable": {
        "seat_count": 2,
        "family_types": [
          "parrot_tame"
        ],
        "pull_in_entities": true,
        "seats": [
          {
            "position": [
              0.4,
              -0.15,
              0.04
            ],
            "min_rider_count": 0,
            "max_rider_count": 0,
            "lock_rider_rotation": 0
          },
          {
            "position": [
              -0.4,
              -0.15,
              0.04
            ],
            "min_rider_count": 1,
            "max_rider_count": 2,
            "lock_rider_rotation": 0
          }
        ]
      },
      "minecraft:scaffolding_climber": {}
    },
    "events": {
      "minecraft:entity_spawned": {
        "add": {
          "component_groups": [
            "pamobile:respawn","ds:unknown"
          ]
        },
        "remove": {}
      },
      "pamobile:refresh_player": {
        "add": {
          "component_groups": [
            "pamobile:respawn"
          ]
        },
        "remove": {
          "component_groups": [
            "ds:oni",
            "ds:oni1",
            "ds:oni2",
            "ds:oni3",
            "ds:oni4",
            "ds:oni5",
            "ds:oni6",
            "ds:oni7",
            "ds:oni8",
            "ds:oni9",
            "ds:oni10",
            "ds:oni11",
            "ds:oni12",
            "ds:oni13",
            "ds:oni14",
            "ds:oni15",
            "ds:oni16",
            "ds:oni17"
          ]
        }
      },
      "pamobile:refresh_marca": {
        "add": {
          "component_groups": [
            "pamobile:respawn"
          ]
        },
        "remove": {
          "component_groups": [
            "ds:marca1",
            "ds:marca2",
            "ds:marca3",
            "ds:marca4",
            "ds:marca5",
            "ds:marca6",
            "ds:marca7",
            "ds:marca8",
            "ds:marca9"
          ]
        }
      },
	  "ds:no_unknown": {
	    "add": { "component_groups": [ "ds:no_unknown" ] }
	  },
	  "minecraft:event_throwing_sickle": {
	    "add": { "component_groups": [ "minecraft:throwing_sickle" ] }
	  },
	  "minecraft:event_fish": {
	    "add": { "component_groups": [ "minecraft:fish" ] }
	  },
	  "minecraft:event_beastcut": {
	    "add": { "component_groups": [ "minecraft:beastcut" ] }
	  },
	  "minecraft:event_mooncut": {
	    "add": { "component_groups": [ "minecraft:mooncut" ] }
	  },
	  "minecraft:event_windclaws": {
	    "add": { "component_groups": [ "minecraft:windclaws" ] }
	  },
	  "minecraft:event_akaza_atk": {
	    "add": { "component_groups": [ "minecraft:akaza_atk" ] }
	  },
	  "minecraft:event_akaza_atk2": {
	    "add": { "component_groups": [ "minecraft:akaza_atk2" ] }
	  },
	  "minecraft:event_rainbow": {
	    "add": { "component_groups": [ "minecraft:rainbow" ] }
	  },
	  "minecraft:event_flying_blood": {
	    "add": { "component_groups": [ "minecraft:flying_blood" ] }
	  },
	  "minecraft:event_drum": {
	    "add": { "component_groups": [ "minecraft:drum" ] }
	  },
	  "minecraft:event_thunder_tp": {
	    "add": { "component_groups": [ "minecraft:thunder_tp" ] }
	  },
	  "minecraft:event_thunder_dragon": {
	    "add": { "component_groups": [ "minecraft:thunder_dragon" ] }
	  },
	  "minecraft:event_yahaba_arrow": {
	    "add": { "component_groups": [ "minecraft:yahaba_arrow" ] }
	  },
	  "minecraft:event_flame_dragon": {
	    "add": { "component_groups": [ "minecraft:flame_dragon" ] }
	  },
	  "minecraft:event_susamaru_ball": {
	    "add": { "component_groups": [ "minecraft:susamaru_ball" ] }
	  },
	  "minecraft:event_icekid": {
	    "add": { "component_groups": [ "minecraft:icekid" ] }
	  },
	  "minecraft:event_tentacle": {
	    "add": { "component_groups": [ "minecraft:tentacle" ] }
	  },
	  "minecraft:event_crow": {
	    "add": { "component_groups": [ "minecraft:crow" ] }
	  },
      "ds:marca1": {
        "add": {
          "component_groups": [
            "ds:marca1"
          ]
        }
      },
      "ds:marca2": {
        "add": {
          "component_groups": [
            "ds:marca2"
          ]
        }
      },
      "ds:marca3": {
        "add": {
          "component_groups": [
            "ds:marca3"
          ]
        }
      },
      "ds:marca4": {
        "add": {
          "component_groups": [
            "ds:marca4"
          ]
        }
      },
      "ds:marca5": {
        "add": {
          "component_groups": [
            "ds:marca5"
          ]
        }
      },
      "ds:marca6": {
        "add": {
          "component_groups": [
            "ds:marca6"
          ]
        }
      },
      "ds:marca7": {
        "add": {
          "component_groups": [
            "ds:marca7"
          ]
        }
      },
      "ds:marca8": {
        "add": {
          "component_groups": [
            "ds:marca8"
          ]
        }
      },
      "ds:marca9": {
        "add": {
          "component_groups": [
            "ds:marca9"
          ]
        }
      },
      "ds:hashira": {
        "add": {
          "component_groups": [
            "ds:hashira"
          ]
        }
      },
      "ds:oni": {
        "add": {
          "component_groups": [
            "ds:oni"
          ]
        }
      },
      "ds:oni2": {
        "add": {
          "component_groups": [
            "ds:oni2"
          ]
        }
      },
      "ds:oni3": {
        "add": {
          "component_groups": [
            "ds:oni3"
          ]
        }
      },
      "ds:oni4": {
        "add": {
          "component_groups": [
            "ds:oni4"
          ]
        }
      },
      "ds:oni5": {
        "add": {
          "component_groups": [
            "ds:oni5"
          ]
        }
      },
      "ds:oni6": {
        "add": {
          "component_groups": [
            "ds:oni6"
          ]
        }
      },
      "ds:oni7": {
        "add": {
          "component_groups": [
            "ds:oni7"
          ]
        }
      },
      "ds:oni8": {
        "add": {
          "component_groups": [
            "ds:oni8"
          ]
        }
      },
      "ds:oni9": {
        "add": {
          "component_groups": [
            "ds:oni9"
          ]
        }
      },
      "ds:oni10": {
        "add": {
          "component_groups": [
            "ds:oni10"
          ]
        }
      },
      "ds:oni11": {
        "add": {
          "component_groups": [
            "ds:oni11"
          ]
        }
      },
      "ds:oni12": {
        "add": {
          "component_groups": [
            "ds:oni12"
          ]
        }
      },
      "ds:oni13": {
        "add": {
          "component_groups": [
            "ds:oni13"
          ]
        }
      },
      "ds:oni14": {
        "add": {
          "component_groups": [
            "ds:oni14"
          ]
        }
      },
      "ds:oni15": {
        "add": {
          "component_groups": [
            "ds:oni15"
          ]
        }
      },
      "ds:oni16": {
        "add": {
          "component_groups": [
            "ds:oni16"
          ]
        }
      },
      "ds:oni17": {
        "add": {
          "component_groups": [
            "ds:oni17"
          ]
        }
      },
     "ds:health_1": {"add": {"component_groups": [ "ds:health_1" ]}},
     "ds:health_2": {"add": {"component_groups": [ "ds:health_2" ]}},
     "ds:health_3": {"add": {"component_groups": [ "ds:health_3" ]}},
     "ds:health_4": {"add": {"component_groups": [ "ds:health_4" ]}},
     "ds:health_5": {"add": {"component_groups": [ "ds:health_5" ]}},
     "ds:health_6": {"add": {"component_groups": [ "ds:health_6" ]}},
     "ds:health_7": {"add": {"component_groups": [ "ds:health_7" ]}},
     "ds:health_8": {"add": {"component_groups": [ "ds:health_8" ]}},
		"be_oni": {
			"randomize": [
				{
					"weight": 35,
					"run_command": {
					"command": [
                            "tag @s add oni",
                            "playsound oni_roar @a[r=20] ~~~ 0.6 1 0"
	 					],
							"target": "self"
						}
					},
					{
						"weight": 30,
						"run_command": {
							"command": [
                                "tag @s add oni2",
                                "playsound oni_roar @a[r=20] ~~~ 0.6 1 0"
							],
							"target": "self"
						}
					},
					{
					"weight": 35,
					"run_command": {
					"command": [
                        "tag @s add oni3",
                        "playsound oni_roar @a[r=20] ~~~ 0.6 1 0"
							],
							"target": "self"
						}
					}
				]
			},
      "be_human": {
        "add": {
          "component_groups": [
            "pamobile:respawn"
          ]
        },
        "remove": {
          "component_groups": [
            "ds:oni",
            "ds:oni1",
            "ds:oni2",
            "ds:oni3",
            "ds:oni4",
            "ds:oni5",
            "ds:oni6",
            "ds:oni7",
            "ds:oni8",
            "ds:oni9",
            "ds:oni10",
            "ds:oni11",
            "ds:oni12",
            "ds:oni13",
            "ds:oni14",
            "ds:oni15",
            "ds:oni16",
            "ds:oni17"
          ]
        },
		"run_command": {
	      "command": [
           "replaceitem entity @s[scores={kekkijutsu=1..}] slot.hotbar 0 air",
           "replaceitem entity @s[scores={kekkijutsu=2..}] slot.hotbar 1 air",
           "replaceitem entity @s[scores={kekkijutsu=3..}] slot.hotbar 2 air",
           "scoreboard players set @s kekkijutsu 0",
         "tag @s remove akaza_kekki",
         "tag @s remove doma_kekki",
         "tag @s remove gyutaro_kekki",
         "tag @s remove gyokko_kekki",
         "tag @s remove kyogai_kekki",
         "tag @s remove rui_kekki",
         "tag @s remove enmu_kekki",
         "tag @s remove nakime_kekki",
         "tag @s remove yahaba_kekki",
         "tag @s remove susamaru_kekki",
         "tag @s remove slasher_kekki",
	       "tag @s remove oni",
	       "tag @s remove oni2",
	       "tag @s remove oni3",
	       "tag @s remove oni4",
	       "tag @s remove oni5",
	       "tag @s remove oni6",
	       "tag @s remove oni7",
	       "tag @s remove oni8",
	       "tag @s remove oni9",
	       "tag @s remove oni10",
	       "tag @s remove oni11",
	       "tag @s remove oni12",
	       "tag @s remove oni13",
	       "tag @s remove oni14",
	       "tag @s remove oni15",
	       "tag @s remove oni16",
	       "tag @s remove oni17"
		  ]
		}
      }
    }
  }
}
