{
  "format_version": "1.8.0",
  "minecraft:entity": {
    "description": {
      "identifier": "ds:rui_spider",
      "is_spawnable": true,
      "is_summonable": true,
      "is_experimental": false
    },
    "component_groups":{
      "saga":{
        "minecraft:mark_variant":{
          "value":0
        },
	"minecraft:health": {
	   "value": 300,
	   "max": 300
	     },
      "minecraft:type_family": {
        "family": [ "oni", "saga1" ]
      },
      "minecraft:damage_sensor": {
        "triggers": [
          {
            "on_damage": {
              "filters": {
                "all_of": [
                  {
                    "test": "has_damage",
                    "value":"fatal"
                  },
                  {
                    "test": "is_family",
                    "subject": "other",
                    "operator": "!=",
                    "value": "none"
                  }
                ]
              },
              "event":"kill",
              "target":"self"
            }
          }
        ]
      }
     }
    },
    "components": {
      "minecraft:experience_reward": {
        "on_death": "query.last_hit_by_player ? 5 : 0"
      },
      "minecraft:nameable": {
      },
      "minecraft:burns_in_daylight": {
      },
      "minecraft:type_family": {
        "family": [ "oni" ]
      },
      "minecraft:breathable": {
        "total_supply": 15,
        "suffocate_time": 0
      },
      "minecraft:loot": {
        "table": "loot_tables/entities/spider.json"
      },
      "minecraft:collision_box": {
        "width": 1.4,
        "height": 0.9
      },
      "minecraft:health": {
        "value": 50,
        "max": 50
      },
      "minecraft:hurt_on_condition": {
        "damage_conditions": [
          {
            "filters": { "test": "in_lava", "subject": "self", "operator": "==", "value": true },
            "cause": "lava",
            "damage_per_tick": 4
          }
        ]
      },
      "minecraft:movement": {
        "value": 0.3
      },
      "minecraft:navigation.climb": {
        "can_path_over_water": true
      },
      "minecraft:movement.basic": {
      },
      "minecraft:jump.static": {
      },
      "minecraft:can_climb": {
      },
      "minecraft:attack": {
        "damage": 5
      },
      "minecraft:behavior.float": {
        "priority": 1
      },
      "minecraft:behavior.mount_pathing": {
        "priority": 1,
        "speed_multiplier": 1.25,
        "target_dist": 0.0,
        "track_target": true
      },
      "minecraft:behavior.random_stroll": {
        "priority": 6,
        "speed_multiplier": 0.8
      },
      "minecraft:behavior.look_at_player": {
        "priority": 7,
        "look_distance": 6.0,
        "probability": 0.02
      },
      "minecraft:behavior.random_look_around": {
        "priority": 7
      },
      "minecraft:behavior.hurt_by_target": {
        "priority": 1
      },
      "minecraft:damage_sensor": {
        "triggers": [
                       {
                            "on_damage": {
                                "filters": {
                                    "all_of": [
                                        {
                                            "test": "is_underground",
                                            "value": false
                                        },
                                        {
                                            "test": "is_daytime"
                                        },
                                        {
                                            "test": "has_damage",
                                            "value": "fire_tick"
                                        }
                                    ]
                                }
                            },
                            "damage_modifier": 50
                        },
                        {
                            "on_damage": {
                                "filters": {
                                    "all_of": [
                                        {
                                            "test": "is_underground",
                                            "value": false
                                        },
                                        {
                                            "test": "is_daytime"
                                        },
                                        {
                                            "test": "has_damage",
                                            "operator": "not",
                                            "value": "fire_tick"
                                        },
                                        {
                                            "test": "in_water",
                                            "value": false
                                        },
                                        {
                                            "test": "in_water_or_rain",
                                            "value": false
                                        }
                                    ]
                                }
                            },
                            "deals_damage": false
                        },
		    {
              "cause": "fire",
			  "damage_multiplier": 5
		      }
        ]
      },
      "minecraft:rideable": {
        "seat_count": 1,
        "family_types": [
          "oni"
        ],
        "seats": {
          "position": [ 0.0, 0.54, -0.1 ]
        }
      },
      "minecraft:physics": {
      },
      "minecraft:scaffolding_climber": { }
    },
    "events": {
      "kill": {
        "run_command": {
          "command": [ "playsound random.levelup @p[scores={saga=9}]", "scoreboard players set @p[scores={saga=9}] saga 10" ],
         "target": "other"
        }
      },
      "saga": {
        "add": {
          "component_groups": [
            "saga"
          ]
        }
      }
    }
  }
}
