{
  "format_version": "1.13.0",
  "minecraft:entity": {
    "description": {
      "identifier": "ds:rui_kekki01",
      "is_spawnable": false,
      "is_summonable": true,
      "is_experimental": false,
      "runtime_identifier": "minecraft:snowball",
     "scripts":{
        "animate":["rui_kekki"]
      },
      "animations":{
        "rui_kekki":"controller.animation.rui_kekki"
      }
    },
    "component_groups": {
      "ds:explosion":{
        "minecraft:transformation": {
          "into": "ds:rui_kekki1",
          "delay": 0.0
        }
      }
    },

    "components": {
      "minecraft:projectile": {
        "reflect_on_hurt":true,
        "on_hit": {
          "definition_event": {
            "affectProjectile": true,
            "eventTrigger": {
                  "event": "ds:be_explosion",
                  "target": "self"
            }
           },
          "impact_damage": {
            "damage": 0,
            "knockback": false,
            "semi_random_diff_damage":false,
            "destroy_on_hit": false,
            "max_critical_damage": 10,
            "min_critical_damage": 9,
            "power_multiplier": 0.97
          },
          "stick_in_ground": {
            "shake_time": 0
          },
          "arrow_effect": {}
        },
        "power": 1,
        "gravity": 0.00,
        "uncertainty_base": 1,
        "uncertainty_multiplier": 0,
        "anchor": 1,
        "should_bounce": true
      },
      "minecraft:collision_box": {
        "width":3,
        "height":3
      },
      "minecraft:physics": {
      },
      "minecraft:transformation": {
        "into": "ds:despawn",
        "delay": 1.5
      },
      "minecraft:pushable": {
        "is_pushable": false,
        "is_pushable_by_piston": false
      },
      "minecraft:conditional_bandwidth_optimization": {
        "default_values": {
          "max_optimized_distance": 80.0,
          "max_dropped_ticks": 10,
          "use_motion_prediction_hints": true
        }
      }
    },

    "events": {
      "ds:be_explosion":{
        "add":{
          "component_groups":[
            "ds:explosion"
          ]
        }
      }
    }

  }
}
