
 {
	"format_version": "1.16.100",
	"minecraft:item": {
		"description": {
			"identifier": "ds:rui_kekki3",
			"category": "items"
		},
  "components": {
    "minecraft:render_offsets": {
      "main_hand": {
        "first_person": { 
          "scale": [0.0,0.0,0.0]
        },
        "third_person": { 
          "scale": [0.0,0.0,0.0]
        }
      }
    },
    "minecraft:on_use":{
      "on_use":{
        "condition":"!query.is_using_item",
        "event":"ds:event1"
      }
    },
    "minecraft:use_duration": 99999,
    "minecraft:food": {
      "nutrition": 0,
      "saturation_modifier": "poor",
      "can_always_eat": true
    },
    "minecraft:max_stack_size": 16,
    "minecraft:hand_equipped":true,
    "minecraft:icon":{
      "texture": "rui_kekkijutsu"
    },
    "minecraft:display_name":{
      "value":"§cRui [Kekkijutsu] \n§gRaro"
    },
    "minecraft:should_despawn":false
  },
  "events":{
    "ds:event1":{
      "shoot":{
        "projectile":"ds:rui_kekki02",
        "launch_power":1
      }
    }
  }
  }
}
