{
  "format_version": "1.16.0",
  "minecraft:entity": {
    "description": {
      "identifier": "ds:rui_kekki2",
      "is_spawnable": false,
      "is_summonable": true,
      "is_experimental": false,
     "scripts":{
        "animate":["rui_kekki2"]
      },
      "animations":{
        "rui_kekki2":"controller.animation.rui_kekki2"
      }
    },
    "component_groups": {
},

    "components": {
      "minecraft:type_family": {
        "family": [ "ruikekki" ]
      },
      "minecraft:damage_sensor": {
        "triggers": {
          "cause": "any",
          "deals_damage": false
        }
      },
      "minecraft:collision_box": {
        "width": 3,
        "height": 3
              },
      "minecraft:transformation": {
        "into": "ds:despawn",
        "delay": 1.5
      },
       "minecraft:area_attack":{
        "damage_range": 0.0,
        "damage_per_tick": 10,
        "cause": "contact",
        "entity_filter": {
              "any_of": [
                {"test": "has_tag", "subject": "other", "operator": "!=", "value": "none"}
            ]
          }
        }
   	  },
      "minecraft:scale": {
	   "value": 1.0
      },
      "minecraft:knockback_resistance": {
        "value": 1.0
      },
      "minecraft:physics": {
      },
      "minecraft:conditional_bandwidth_optimization": {
      }
    },

    "events": {
    }
  }
}
