{
  "format_version": "1.8.0",
  "minecraft:entity": {
    "description": {
      "identifier": "ds:sakura_layer",
      "is_spawnable": false,
      "is_summonable": true,
      "is_experimental": false,
      "scripts":{
        "animate":["layer"]
      },
      "animations":{
        "layer":"controller.animation.sakura_layer"
      }
    },
	
	"component_groups": {
        "of:despawn":{
        "minecraft:transformation": {
        "into": "ds:despawn",
        "delay": 0.1
        }
    }
},
	
    "components": {
      "minecraft:collision_box": {
        "width": 0,
        "height": 0
      },
      "minecraft:transformation": {
        "into": "ds:despawn",
        "delay": 50.0
      },
	  "minecraft:timer": {
	    "looping": true,
		"randomInterval": false,
		"time": 1.0,
		"time_down_event": {
		  "event": "minecraft:event_particle"
		}
	  },
	  "minecraft:health": {
	    "value": 1000
	  },
	  "minecraft:damage_sensor": [
	    {
		  "cause": "all",
		  "deals_damage": false
		}
	  ],
      "minecraft:physics": {}
    },
	
	"events": {
      "of:be_despawn":{
        "add":{
          "component_groups":[
            "of:despawn"
          ]
        }
      },
	  "minecraft:event_particle": {
       "run_command": {
          "command": [
                 "particle ds:sakura_leaves ~~~"
          ]
        }
	   }
	 }
  }
}
