{
  "format_version": "1.16.0",
  "minecraft:entity": {
    "description": {
      "identifier": "ds:serpent",
      "is_spawnable": false,
      "is_summonable": true,
      "is_experimental": false
    },
    "component_groups": {
      "dmg1":{
        "minecraft:variant":{
          "value":1
        },
       "minecraft:area_attack":{
        "damage_range": 0.0,
        "damage_per_tick": 20,
        "cause": "contact",
        "entity_filter": {
              "all_of": [
                {"test": "has_tag", "subject": "other", "operator": "!=", "value": "serpent1"},
                {"test": "is_family", "subject": "other", "operator": "!=", "value": "damage"}
            ]
          }
        }
      },
      "dmg2":{
        "minecraft:variant":{
          "value":2
        },
       "minecraft:area_attack":{
        "damage_range": 0.0,
        "damage_per_tick": 20,
        "cause": "contact",
        "entity_filter": {
              "all_of": [
                {"test": "has_tag", "subject": "other", "operator": "!=", "value": "serpent2"},
                {"test": "is_family", "subject": "other", "operator": "!=", "value": "damage"}
            ]
          }
        }
      },
      "dmg3":{
        "minecraft:variant":{
          "value":3
        },
       "minecraft:area_attack":{
        "damage_range": 0.0,
        "damage_per_tick": 20,
        "cause": "contact",
        "entity_filter": {
              "all_of": [
                {"test": "has_tag", "subject": "other", "operator": "!=", "value": "serpent3"},
                {"test": "is_family", "subject": "other", "operator": "!=", "value": "damage"}
            ]
          }
        }
      }
    },
    "components": {
      "minecraft:type_family": {
        "family": [ "damage" ]
      },
               "minecraft:explode": {
               "fuseLength": 2,
               "fuseLit": true,
               "power": 0,
               "causesFire": false,
               "breaks_blocks": false
           },
      "minecraft:collision_box": {
        "width": 3,
        "height": 2
              },
	  "minecraft:timer": {
	    "looping": true,
		"randomInterval": false,
		"time": 1.0,
		"time_down_event": {
		  "event": "minecraft:event_effect"
	        	}
	          },
      "minecraft:damage_sensor": {
        "triggers": {
          "cause": "any",
          "deals_damage": false
        }
      },
      "minecraft:scale": {
	   "value": 1.0
      },
      "minecraft:knockback_resistance": {
        "value": 1.0
      },
      "minecraft:physics": {
        "has_gravity": false,
        "has_collision": false
      },
      "minecraft:transformation": {
        "into": "ds:despawn",
        "delay": 1.5
      },
      "minecraft:conditional_bandwidth_optimization": {
      }
    },

    "events": {
      "minecraft:event_effect": {
       "run_command": {
          "command": [
                 "playsound mob.spider.say @a[r=15] ~~~ 1.2 0.6 0"
          ]
        }
      },
			"dmg1": {
				"add": {
					"component_groups": [
						"dmg1"
					]
				}
			},
			"dmg2": {
				"add": {
					"component_groups": [
						"dmg2"
					]
				}
			},
			"dmg3": {
				"add": {
					"component_groups": [
						"dmg3"
					]
				}
			}
    }
  }
}
