{
  "format_version": "1.16.0",
  "minecraft:entity": {
    "description": {
      "identifier": "ds:serpent2",
      "is_spawnable": false,
      "is_summonable": true,
      "is_experimental": false
    },
    "component_groups": {
      "s1":{
        "minecraft:variant":{
          "value":1
        },
      "minecraft:type_family": {
        "family": [ "damage", "s1" ]
      },
      "minecraft:transformation": {
        "into": "ds:despawn",
        "delay": 3.0
      },
       "minecraft:area_attack":{
        "damage_range": 0.0,
        "damage_per_tick": 22,
        "cause": "contact",
        "entity_filter": {
              "all_of": [
                {"test": "has_tag", "subject": "other", "operator": "!=", "value": "serpent4"},
                {"test": "is_family", "subject": "other", "operator": "!=", "value": "damage"}
            ]
          }
        }
      },
      "s2":{
        "minecraft:variant":{
          "value":2
        },
      "minecraft:type_family": {
        "family": [ "damage", "s2" ]
      },
      "minecraft:transformation": {
        "into": "ds:despawn",
        "delay": 4.0
      },
       "minecraft:area_attack":{
        "damage_range": 0.0,
        "damage_per_tick": 25,
        "cause": "contact",
        "entity_filter": {
              "all_of": [
                {"test": "has_tag", "subject": "other", "operator": "!=", "value": "serpent5"},
                {"test": "is_family", "subject": "other", "operator": "!=", "value": "damage"}
            ]
          }
        }
      }
    },

    "components": {
      "minecraft:collision_box": {
        "width": 3,
        "height": 2
              },
	  "minecraft:timer": {
	    "looping": true,
		"randomInterval": false,
		"time": 0.5,
		"time_down_event": {
		  "event": "minecraft:event_effect"
	        	}
	          },
      "minecraft:damage_sensor": {
        "triggers": {
          "cause": "any",
          "deals_damage": false
        }
      },
      "minecraft:scale": {
	   "value": 1.0
      },
      "minecraft:knockback_resistance": {
        "value": 1.0
      },
      "minecraft:physics": {
      },
      "minecraft:conditional_bandwidth_optimization": {
      }
    },

    "events": {
			"s1": {
				"add": {
					"component_groups": [
						"s1"
					]
				}
			},
			"s2": {
				"add": {
					"component_groups": [
						"s2"
					]
				}
			},
      "minecraft:event_effect": {
       "run_command": {
          "command": [
                 "playsound mob.spider.death @a[r=15] ~~~ 1.2 0.6 0"
          ]
        }
      }
    }
  }
}
