{
  "format_version": "1.8.0",
  "minecraft:entity": {
    "description": {
      "identifier": "ds:sickle_thrown",
      "is_spawnable": false,
      "is_summonable": true,
      "is_experimental": false,
	  "runtime_identifier": "minecraft:snowball",
	  "scripts": { "animate": [ "sickle_thrown" ] },
	  "animations": { "sickle_thrown": "controller.animation.sickle_thrown" }
    },
	
	"component_groups": {
	  "minecraft:return": {
	    "minecraft:transformation": {
		  "into": "ds:sickle_returning"
		}
	  }
	},
	
    "components": {
      "minecraft:collision_box": {
        "width": 0.4,
        "height": 0.4
      },
	  "minecraft:timer": {
	    "looping": false,
		"randomInterval": false,
		"time": 1.0,
		"time_down_event": {
		  "event": "minecraft:event_return"
		}
	  },
	  "minecraft:health": {
	    "value": 1000
	  },
	  "minecraft:damage_sensor": [
	    {
		  "cause": "all",
		  "deals_damage": false
		}
	  ],
      "minecraft:projectile": {
        "on_hit": {
          "impact_damage": {
            "damage": 6,
            "knockback": true,
            "semirandomdiffdamage": false
          },
          "definition_event": {
            "affectProjectile": true,
            "eventTrigger": {
			  "event": "minecraft:event_return",
			  "target": "self"
			}
          }
        },
        "power": 1.5,
        "gravity": 0,
        "angle_offset": 0.0,
        "inertia": 1,
        "liquid_inertia": 1
      },
      "minecraft:physics": {}
    },
	
	"events": {
	  "minecraft:event_return": {
	    "add": { "component_groups": [ "minecraft:return" ] }
	  }
	}
  }
}
