{
  "format_version": "1.8.0",
  "minecraft:entity": {
	"description": {
      "identifier": "ds:sickle_returning",
      "is_spawnable": false,
      "is_summonable": true,
      "is_experimental": false,
	  "scripts": { "animate": [ "sickle_returning" ] },
	  "animations": { "sickle_returning": "controller.animation.sickle_returning" }
    },
	
	"component_groups": {
	  "minecraft:returned": {
	    "minecraft:type_family": {
		  "family": [ "despawncito" ]
		}
	  },
	  "minecraft:returning": {
	    "minecraft:type_family": {
		  "family": [ "despawncito" ]
		},
		"minecraft:spawn_entity": {
		  "min_wait_time": 0,
		  "max_wait_time": 0,
		  "single_use": true,
		  "num_to_spawn": 1,
		  "spawn_item": "ds:blood_sickle1"
		}
	  }
	},
	
    "components": {
      "minecraft:type_family": {
        "family": [ "inanimate" ]
      },
	  "minecraft:despawn": {
	    "filters": {
		  "all_of": [
		    { "test": "is_family", "subject": "self", "value": "despawncito" }
		  ]
		}
	  },
      "minecraft:entity_sensor": {
        "sensor_range": 0.2,
        "minimum_count": 1,
        "event_filters": {
          "all_of": [ { "test": "has_tag", "subject": "other", "value": "sickle" } ]
        },
        "event": "minecraft:event_returned"
      },
      "minecraft:push_through": {
        "value": 1
      },
      "minecraft:collision_box": {
        "width": 0.4,
        "height": 0.4
      },
	  "minecraft:timer": {
	    "looping": false,
		"randomInterval": false,
		"time": 5.0,
		"time_down_event": {
		  "event": "minecraft:event_returning"
		}
	  },
	  "minecraft:damage_sensor": [
	    {
		  "cause": "all",
		  "deals_damage": false
		}
	  ],
      "minecraft:knockback_resistance": {
        "value": 1.0
      },
      "minecraft:health": {
        "value": 1000
	  },
      "minecraft:fall_damage": {
        "value": 0.0
      },
      "minecraft:behavior.float": {
        "priority": 0
      },
	  "minecraft:physics": {
	    "has_collision": false,
		"has_gravity": false
	  },
	  "minecraft:pushable": {
	    "is_pushable": true,
		"is_pushable_by_piston": true
	  }
    },
	
	"events": {
	  "minecraft:event_returning": {
	    "add": { "component_groups": [ "minecraft:returning" ] }
	  },
	  "minecraft:event_returned": {
	    "add": { "component_groups": [ "minecraft:returned" ] },
        "run_command": {"command": ["execute @p[r=2,tag=sickle] ~~~ function sickle_return", "tag @a[r=2] remove sickle"]}
	  }
	}
  }
}
