{
  "format_version": "1.8.0",
  "minecraft:entity": {
    "description": {
      "identifier": "ds:sickle_blood",
      "is_spawnable": false,
      "is_summonable": true,
      "is_experimental": false,
	  "runtime_identifier": "minecraft:snowball",
	  "scripts": { "animate": [ "sickle_thrown" ] },
	  "animations": { "sickle_thrown": "controller.animation.sickle_thrown" }
    },
	
	"component_groups": {
	  "minecraft:despawn": {
	    "minecraft:transformation": {
		  "into": "ds:despawn"
		}
	  }
	},
	
        "components": {
            "minecraft:type_family": {
                "family": [
                    "gyukekki"
                ]
            },
            "minecraft:attack": {
                "damage": 15
            },
            "minecraft:behavior.float": {
                "priority": 0
            },
            "minecraft:follow_range": {
                "value": 128
            },
            "minecraft:behavior.melee_attack": {
                "priority": 1
            },
            "minecraft:behavior.nearest_attackable_target": {
                "priority": 2,
                "must_reach": true,
                "must_see": true,
                "entity_types": {
                    "filters": {
                        "any_of": [
                            {
                                "test": "has_tag",
                                "subject": "other",
                                "operator": "!=",
                                "value": "sickle2"
                            }
                        ]
                    },
                    "max_dist": 64
                }
            },
            "minecraft:flying_speed": {
                "value": 0.5
            },
            "minecraft:behavior.random_hover": {
                "priority": 6,
                "xz_dist": 6,
                "y_dist": 6,
                "y_offset": 6,
                "interval": 1,
                "hover_height": [
                    3,
                    6
                ]
            },
            "minecraft:can_fly": {},
            "minecraft:navigation.hover": {
                "can_path_over_water": true,
                "can_sink": false,
                "can_pass_doors": false,
                "can_path_from_air": true,
                "avoid_water": false,
                "avoid_damage_blocks": false
            },
            "minecraft:movement.hover": {},
            "minecraft:physics": {},
            "minecraft:timer": {
                "time": 5,
                "time_down_event": {
                    "event": "despawn"
                }
            },
            "minecraft:fire_immune": {},
            "minecraft:knockback_resistance": {
                "value": 1
            },
            "minecraft:damage_sensor": {
                "triggers": [
                    {
                        "on_damage": {
                            "event": "despawn"
                        },
                        "cause": "all",
                        "deals_damage": false
                    }
                ]
            },
            "minecraft:collision_box": {
                "width": 0,
                "height": 0
            },
            "minecraft:health": {
                "value": 1,
                "min": 1
            },
            "minecraft:pushable": {
                "is_pushable": false,
                "is_pushable_by_piston": false
            }
        },
	"events": {
	  "despawn": {
	    "add": { "component_groups": [ "minecraft:despawn" ] }
	  }
	}
  }
}
