{
  "format_version": "1.16.0",
  "minecraft:entity": {
    "description": {
      "identifier": "ds:sound_day",
      "is_spawnable": false,
      "is_summonable": true,
      "is_experimental": false
    },

    "component_groups": {
	  "sound1": {
	  "minecraft:timer": {
	    "looping": false,
		"randomInterval": false,
		"time": 1.0,
		"time_down_event": {
		  "event": "ds:sound1"
	        	}
	      }
	  },
	  "sound2": {
	  "minecraft:timer": {
	    "looping": false,
		"randomInterval": false,
		"time": 1.0,
		"time_down_event": {
		  "event": "ds:sound2"
	        	}
	      }
	  },
	  "sound3": {
	  "minecraft:timer": {
	    "looping": false,
		"randomInterval": false,
		"time": 1.0,
		"time_down_event": {
		  "event": "ds:sound3"
	        	}
	      }
	  },
	  "sound4": {
	  "minecraft:timer": {
	    "looping": false,
		"randomInterval": false,
		"time": 1.0,
		"time_down_event": {
		  "event": "ds:sound4"
	        	}
	      }
	  },
	"despawn": {
				"minecraft:instant_despawn": {}
			}
    },


    "components": {
      "minecraft:type_family": {
        "family": [ "damage" ]
      },
      "minecraft:collision_box": {
        "width": 0,
        "height": 0
      },
	  "minecraft:timer": {
	    "looping": false,
		"randomInterval": false,
		"time": 2.0,
		"time_down_event": {
		  "event": "minecraft:despawn"
	        	}
	      },
    "minecraft:damage_sensor": {
        "triggers": {
          "cause": "any",
          "deals_damage": false
        }
      },
	  "minecraft:physics": {}
    },
    "events": {
      "minecraft:entity_spawned": {
        "randomize": [
          {
            "weight": 25,
            "add": {
              "component_groups": [
                "sound1"
              ]
            }
          },
          {
            "weight": 25,
            "add": {
              "component_groups": [
                "sound2"
              ]
            }
          },
          {
            "weight": 25,
            "add": {
              "component_groups": [
                "sound3"
              ]
            }
          }
        ]
      },
      "ds:sound1": {
        "randomize": [
          {
            "weight": 25,
            "run_command": {
              "command": [
                "execute @a[r=20] ~~~ playsound amb.bird @s ~~~ 1 1 0"
              ]
            }
          },
          {
            "weight": 25,
            "run_command": {
              "command": [
                "execute @a[r=20] ~~~ playsound amb.bird @s ~~~ 0.6 0.7 0"
              ]
            }
          },
          {
            "weight": 25,
            "run_command": {
              "command": [
                "execute @a[r=20] ~~~ playsound amb.bird @s ~~~ 0.8 1.2 0"
              ]
            }
          },
          {
            "weight": 25,
            "run_command": {
              "command": [
                "execute @a[r=20] ~~~ playsound amb.bird @s ~~~ 0.4 0.5 0"
              ]
            }
          }
        ]
      },
      "ds:sound2": {
        "randomize": [
          {
            "weight": 25,
            "run_command": {
              "command": [
                "execute @a[r=20] ~~~ playsound amb.wind @s ~~~ 1 1 0"
              ]
            }
          },
          {
            "weight": 25,
            "run_command": {
              "command": [
                "execute @a[r=20] ~~~ playsound amb.wind @s ~~~ 0.6 0.7 0"
              ]
            }
          },
          {
            "weight": 25,
            "run_command": {
              "command": [
                "execute @a[r=20] ~~~ playsound amb.wind @s ~~~ 0.8 1.2 0"
              ]
            }
          },
          {
            "weight": 25,
            "run_command": {
              "command": [
                "execute @a[r=20] ~~~ playsound amb.wind @s ~~~ 0.4 0.5 0"
              ]
            }
          }
        ]
      },
      "ds:sound3": {
        "randomize": [
          {
            "weight": 25,
            "run_command": {
              "command": [
                "execute @a[r=20] ~~~ playsound amb.crow @s ~~~ 1 1 0"
              ]
            }
          },
          {
            "weight": 25,
            "run_command": {
              "command": [
                "execute @a[r=20] ~~~ playsound amb.crow @s ~~~ 0.6 0.7 0"
              ]
            }
          },
          {
            "weight": 25,
            "run_command": {
              "command": [
                "execute @a[r=20] ~~~ playsound amb.crow @s ~~~ 0.8 1.2 0"
              ]
            }
          },
          {
            "weight": 25,
            "run_command": {
              "command": [
                "execute @a[r=20] ~~~ playsound amb.crow @s ~~~ 0.4 0.5 0"
              ]
            }
          }
        ]
      },
      "ds:sound4": {
        "randomize": [
          {
            "weight": 25,
            "run_command": {
              "command": [
                "execute @a[r=20] ~~~ playsound amb.wolf @s ~~~ 1 1 0"
              ]
            }
          },
          {
            "weight": 25,
            "run_command": {
              "command": [
                "execute @a[r=20] ~~~ playsound amb.wolf @s ~~~ 0.6 0.7 0"
              ]
            }
          },
          {
            "weight": 25,
            "run_command": {
              "command": [
                "execute @a[r=20] ~~~ playsound amb.wolf @s ~~~ 0.8 1.2 0"
              ]
            }
          },
          {
            "weight": 25,
            "run_command": {
              "command": [
                "execute @a[r=20] ~~~ playsound amb.wolf @s ~~~ 0.4 0.5 0"
              ]
            }
          }
        ]
      }
    }
  }
}
