{
	"format_version": "1.13.0",
	"minecraft:entity": {
		"description": {
			"identifier": "ds:status",
			"is_spawnable": false,
			"is_summonable": true,
			"is_experimental": false
		},
		"component_groups": {
        "of:despawn":{
        "minecraft:transformation": {
        "into": "ds:despawn",
        "delay": 0.1
        }
    },
			"of:waitopen": {
				"minecraft:timer": {
					"looping": false,
					"time": 0.1,
					"time_down_event": {
						"event": "of:opengui"
					}
				}
			},
			"of:waitopen_saga": {
				"minecraft:timer": {
					"looping": false,
					"time": 0.1,
					"time_down_event": {
						"event": "of:opengui_saga"
					}
				}
			},
			"of:waitopen_status": {
				"minecraft:timer": {
					"looping": false,
					"time": 0.1,
					"time_down_event": {
						"event": "of:opengui_status"
					}
				}
			},
			"of:waitopen_quests": {
				"minecraft:timer": {
					"looping": false,
					"time": 0.1,
					"time_down_event": {
						"event": "of:opengui_quests"
					}
				}
			}
		},
		"components": {
			"minecraft:npc": {},
			"minecraft:scale": {
				"value": 0
			},
     "minecraft:environment_sensor": {
        "triggers": [
          {
            "filters": {
              "all_of": [
                {
                  "test": "has_tag",
                  "subject": "self",
                  "operator":"==",
                  "value": "kill"
                }
              ]
            },
            "event": "of:be_despawn"
          }
        ]
      },
			"minecraft:collision_box": {
				"width": 0,
				"height": 0
			},
      "minecraft:damage_sensor": {
        "triggers": {
          "cause": "any",
          "deals_damage": false
        }
      },
			"minecraft:movement": {
				"value": 0
			},
			"minecraft:timer": {
				"looping": true,
				"time": 10.0,
				"time_down_event": {
					"event": "of:kill"
				}
			},
			"minecraft:health": {
				"value": 1
			},
			"minecraft:pushable": {
				"is_pushable": false,
				"is_pushable_by_piston": false
			},
			"minecraft:physics": {}
		},
		"events": {
      "of:be_despawn":{
        "add":{
          "component_groups":[
            "of:despawn"
          ]
        }
      },
			"of:kill": {
				"run_command": {
					"command": [
						"kill @s"
					]
				}
			},
			"of:open": {
				"add": {
					"component_groups": [
						"of:waitopen"
					]
				}
			},
			"of:open_saga": {
				"add": {
					"component_groups": [
						"of:waitopen_saga"
					]
				}
			},
			"of:open_status": {
				"add": {
					"component_groups": [
						"of:waitopen_status"
					]
				}
			},
			"of:open_quests": {
				"add": {
					"component_groups": [
						"of:waitopen_quests"
					]
				}
			},
			"of:opengui": {
				"run_command": {
					"command": [
						"dialogue open @s @p[r=2,c=1] menu"
					]
				}
			},
			"of:opengui_saga": {
				"run_command": {
					"command": [
						"dialogue open @s @p[r=2,c=1] saga"
					]
				}
			},
			"of:opengui_status": {
				"run_command": {
					"command": [
						"dialogue open @s @p[r=2,c=1] status"
					]
				}
			},
			"of:opengui_quests": {
				"run_command": {
					"command": [
						"dialogue open @s @p[r=2,c=1] quests"
					]
				}
			}
		}
	}
}
