{
  "format_version": "1.8.0",
  "minecraft:entity": {
    "description": {
      "identifier": "ds:susamaru_ball",
      "is_spawnable": false,
      "is_summonable": true,
      "is_experimental": false,
	  "runtime_identifier": "minecraft:snowball"
    },
	
	"component_groups": {},
	
    "components": {
      "minecraft:collision_box": {
        "width": 0.25,
        "height": 0.25
      },
      "minecraft:transformation": {
        "into": "ds:despawn",
        "delay": 1.5
      },
	  "minecraft:health": {
	    "value": 1000
	  },
	  "minecraft:damage_sensor": [
	    {
		  "cause": "all",
		  "deals_damage": false
		}
	  ],
            "minecraft:projectile": {
                "on_hit": {
                    "stick_in_ground": {},
                    "impact_damage": {
                        "damage": [ 5, 10 ],
                        "knockback": true
                    }
                },
                "power": 3,
                "gravity": 0.1,
                "anchor": 0.2,
                "uncertainty_base": 0,
                "uncertainty_multiplier": 0,
                "offset": [
                    0,
                    0,
                    0
                ]
            },
      "minecraft:physics": {}
    },
	
	"events": {
	}
  }
}
