{
  "format_version": "1.16.0",
  "minecraft:entity": {
    "description": {
      "identifier": "ds:tentacle_vase",
      "is_spawnable": false,
      "is_summonable": true,
      "is_experimental": false
    },
    "component_groups": {},

    "components": {
      "minecraft:type_family": {
        "family": [ "damage" ]
      },
               "minecraft:explode": {
               "fuseLength": 10,
               "fuseLit": true,
               "power": 0,
               "causesFire": false,
               "breaks_blocks": false
           },
      "minecraft:collision_box": {
        "width": 3,
        "height": 3
              },
	  "minecraft:timer": {
	    "looping": true,
		"randomInterval": false,
		"time": 1.0,
		"time_down_event": {
		  "event": "minecraft:event_effect"
	        	}
	          },
       "minecraft:area_attack":{
        "damage_range": 1.0,
        "damage_per_tick": 15,
        "cause": "contact",
        "entity_filter": {
              "all_of": [
                {"test": "has_tag", "subject": "other", "operator": "==", "value": "gyo1"},
                {"test": "is_family", "subject": "other", "operator": "!=", "value": "damage"},
                {"test": "is_family", "subject": "other", "operator": "!=", "value": "gyokko"}
            ]
          }
        },
      "minecraft:damage_sensor": {
        "triggers": {
          "cause": "any",
          "deals_damage": false
        }
      },
      "minecraft:scale": {
	   "value": 1.0
      },
      "minecraft:knockback_resistance": {
        "value": 1.0
      },
      "minecraft:physics": {
      },
      "minecraft:transformation": {
        "into": "ds:tentacle_vase2",
        "delay": 10.0
      },
      "minecraft:conditional_bandwidth_optimization": {
      }
    },

    "events": {
      "minecraft:event_effect": {
       "run_command": {
          "command": [
                 "playsound mob.slime.attack @a[r=15] ~~~ 1.2 0.6 0"
          ]
        }
      }
    }
  }
}
