{
  "format_version": "1.16.0",
  "minecraft:entity": {
    "description": {
      "identifier": "ds:tentacle_vase2",
      "is_spawnable": false,
      "is_summonable": true,
      "is_experimental": false
    },
    "component_groups": {},

    "components": {
      "minecraft:type_family": {
        "family": [ "damage" ]
      },
               "minecraft:explode": {
               "fuseLength": 1,
               "fuseLit": true,
               "power": 0,
               "causesFire": false,
               "breaks_blocks": false
           },
      "minecraft:collision_box": {
        "width": 3,
        "height": 3
              },
	  "minecraft:timer": {
	    "looping": true,
		"randomInterval": false,
		"time": 1.0,
		"time_down_event": {
		  "event": "minecraft:event_effect"
	        	}
	          },
      "minecraft:damage_sensor": {
        "triggers": {
          "cause": "any",
          "deals_damage": false
        }
      },
      "minecraft:scale": {
	   "value": 1.0
      },
      "minecraft:knockback_resistance": {
        "value": 1.0
      },
      "minecraft:physics": {
      },
      "minecraft:transformation": {
        "into": "ds:despawn",
        "delay": 1.0
      },
      "minecraft:conditional_bandwidth_optimization": {
      }
    },

    "events": {
      "minecraft:event_effect": {
       "run_command": {
          "command": [
                 "playsound mob.slime.attack @a[r=15] ~~~ 1.2 0.6 0"
          ]
        }
      }
    }
  }
}
