{
  "format_version": "1.8.0",
  "minecraft:entity": {
	"description": {
      "identifier": "ds:thunder_tp",
      "is_spawnable": false,
      "is_summonable": true,
      "is_experimental": false,
	  "runtime_identifier": "minecraft:snowball"
    },
	
	"component_groups": {
	  "minecraft:boom": {
		"minecraft:instant_despawn": {}
	  }
	},
	
    "components": {
      "minecraft:type_family": {
        "family": [ "inanimate" ]
      },
      "minecraft:push_through": {
        "value": 1
      },
      "minecraft:collision_box": {
        "width": 0.1,
        "height": 0.1
      },
    	"minecraft:projectile": {
			"onHit": {
          "stick_in_ground": {},
				"impact_damage": {
					"damage": 40,
					"knockback": false,
					"semirandomdiffdamage": false,
					"destroyonhit": false
					}
			},

				"power": 1,
				"gravity": 0,
				"inertia": 1,
				"uncertaintyBase": 1,
				"uncertaintyMultiplier": 2,
				"anchor": 0.5,
				"offset": [0, -0.1, 0],
				"reflectOnHurt": true,
				"catchFire": false
			},
	  "minecraft:timer": {
	    "looping": false,
		"randomInterval": false,
		"time": 0.5,
		"time_down_event": {
		  "event": "minecraft:event_boom"
		}
	  },
	  "minecraft:damage_sensor": [
	    {
		  "cause": "all",
		  "deals_damage": false
		}
	  ],
      "minecraft:knockback_resistance": {
        "value": 1.0
      },
      "minecraft:behavior.float": {
        "priority": 0
      },
	  "minecraft:physics": {
	    "has_collision": true,
		"has_gravity": false
	  },
	  "minecraft:pushable": {
	    "is_pushable": true,
		"is_pushable_by_piston": true
	  }
    },
	
	"events": {
	  "minecraft:event_boom": {
	    "add": { "component_groups": [ "minecraft:boom" ] },
        "run_command": {"command": ["tp @p[tag=thunder4] @s","playsound ambient.weather.thunder @a[r=15] ~~~ 0.8 0.7 0","effect @p[tag=thunder4] fire_resistance 1 25 true","execute @p[tag=thunder4] ~~~ summon lightning_bolt ~~~","tag @a remove thunder4"]}
	  }
	}
  }
}
