{
  "format_version": "1.16.0",
  "minecraft:entity": {
    "description": {
      "identifier": "ds:tokito",
      "is_spawnable": true,
      "is_summonable": true,
      "is_experimental": false,
      "scripts":{
        "animate":["tokito","death"]
      },
      "animations":{
        "tokito":"controller.animation.tokito",
        "death":"controller.animation.death4"
      }
    },
    "component_groups":{
	"interact": {
	  "minecraft:interact": {
	    "interactions": [
	      {
		    "on_interact": {
			  "filters": {
			    "all_of": [
                  { "test" :  "is_family", "subject" : "other", "value" :  "player"}
			    ]
			  },
			  "event": "be_talk"
		    },
		    "interact_text": "§lTalk"
		  }
	    ]
	  }
			},
	"trade": {
      "minecraft:trade_table": {
          "display_name": "§l§eMissão/Quest",
          "table": "trades/tokito.json",
          "convert_trades_economy": false
             },
	  "minecraft:timer": {
	    "looping": false,
		"randomInterval": false,
		"time": 5.0,
		"time_down_event": {
		  "event": "minecraft:event_return"
	        	}
	          }
			},
      "dead":{
      "minecraft:damage_sensor": {
        "triggers": [
          {
            "on_damage": {
              "filters": {
                "all_of": [
                  {
                    "test": "has_damage",
                    "value":"attack"
                  },
                  {
                    "test": "is_family",
                    "subject": "other",
                    "value": "oni"
                  }
                ]
              },
              "event":"attack",
              "target":"self"
            },
			"deals_damage": false
			},
		    {
			"cause": "entity_attack",
			"deals_damage": false
		  }
        ]
      },
        "minecraft:attack": {
          "damage": 0
        },
      "minecraft:movement": {
        "value": 0.0
      },
      "minecraft:behavior.melee_attack": {
        "priority": 0,
        "track_target": false,
        "speed_multiplier": 0
      },
      "minecraft:behavior.random_stroll": {
        "priority": 0,
        "speed_multiplier": 0
      },
      "minecraft:behavior.look_at_player": {
        "priority": 0,
        "look_distance": 0,
        "probability": 0
      },
      "minecraft:behavior.random_look_around":{
        "priority":0,
        "speed_multiplier":0
      }
      },
	"human_despawn": {
				"minecraft:instant_despawn": {}
			},
      "ds:attack": {
        "minecraft:mark_variant":{
          "value":1
        },
        "minecraft:timer": {
          "looping": false,
          "randomInterval": false,
          "time": 1,
          "time_down_event": {
           "event": "ds:calm",
           "target": "self"
          }
        }
      },
      "ds:calm":{
        "minecraft:mark_variant":{
          "value":0
        },
	  "minecraft:timer": {
	    "looping": false,
		"randomInterval": false,
		"time": 5.0,
		"time_down_event": {
		  "event": "minecraft:event_return"
	        	}
	          }
      }
    },
    
    "components": {
      "minecraft:type_family": {
        "family": ["player"]
      },
       "minecraft:variant":{
         "value":1
      },
      "minecraft:behavior.nearest_attackable_target": {
        "priority": 2,
        "must_see": true,
        "reselect_targets": true,
        "entity_types": [
          {
            "filters":{
              "all_of": [
                { "test": "is_family", "subject": "other", "value": "oni" }
              ]
            },
            "max_dist": 64
          }
        ]
      },
      "minecraft:behavior.hurt_by_target": {
        "priority": 1
      },
      "minecraft:equipment": {
        "table": "loot_tables/equip/tokito.json"
      },
      "minecraft:environment_sensor": {
        "triggers": [
          {
            "filters": {
              "all_of": [
                {
                  "test": "has_tag",
                  "subject": "self",
                  "operator":"==",
                  "value": "dead"
                }
              ]
            },
            "event": "be_dead"
          },
          {
            "filters": {
              "all_of": [
                {
                  "test": "has_tag",
                  "subject": "self",
                  "operator":"==",
                  "value": "despawn"
                }
              ]
            },
            "event": "be_despawn"
          }
        ]
      },
      "minecraft:follow_range": {
        "value": 32,
        "max": 32
      },
      "minecraft:movement": {
        "value": 0.32
      },
      "minecraft:health": {
        "value": 150,
        "max": 150
      },
      "minecraft:attack":{
        "damage": 10
      },
      "minecraft:loot": {
        "table": "loot_tables/entities/human.json"
      },
      "minecraft:nameable": {
      },
     "minecraft:scale":{
        "value": 1.05
      },
      "minecraft:collision_box": {
        "width": 0.6,
        "height": 1.8
      },
        "minecraft:target_nearby_sensor": {
          "inside_range": 3.0,
          "outside_range": 4.0,
          "must_see":  true,
          "on_inside_range": {
            "event": "ds:attack",
            "target": "self"
          },
          "on_outside_range": {
            "event": "ds:calm",
            "target": "self"
          }
        },
      "minecraft:movement.basic": {
      },
      "minecraft:navigation.walk": {
        "is_amphibious": true,
        "can_pass_doors":true,
        "can_break_doors":false,
        "can_walk":true,
        "can_open_doors": true,
        "can_path_over_water": true
      },
      "minecraft:jump.static": {},
      "minecraft:can_climb": {
      },
      "minecraft:hurt_on_condition": {
        "damage_conditions": [
          {
            "filters": {
              "test": "in_lava",
              "subject": "self",
              "operator": "==",
              "value": true
            },
            "cause": "lava",
            "damage_per_tick": 4
          }
        ]
      },
      "minecraft:breathable": {
        "total_supply": 25,
        "suffocate_time": 0
      },
      "minecraft:despawn": {
        "despawn_from_distance": {
          "min_distance":128
        }
      },
        "minecraft:behavior.delayed_attack": {
          "priority": 0,
          "attack_once": false,
          "track_target": true,
          "require_complete_path": false,
          "random_stop_interval": 0,
          "reach_multiplier": 1.3,
          "speed_multiplier": 1.6,
          "attack_duration": 0.12,
          "hit_delay_pct": 0.1
        },
      "minecraft:behavior.melee_attack": {
        "priority": 4,
        "track_target": true,
        "speed_multiplier": 5.25
      },
      "minecraft:behavior.random_stroll": {
        "priority": 6,
        "speed_multiplier": 1
      },
      "minecraft:behavior.look_at_player": {
        "priority": 9,
        "look_distance": 10,
        "probability": 0.02
      },
      "minecraft:behavior.random_look_around":{
        "priority":7,
        "speed_multiplier":1
      },
      "minecraft:physics": {
      },
      "minecraft:conditional_bandwidth_optimization": {
      },
      "minecraft:experience_reward": {
        "on_death": "query.last_hit_by_player ? 20 + (query.equipment_count * Math.Random(1,3)) : 0"
      },
      "minecraft:behavior.float": {
        "priority": 0
      }
    },
    "events":{
    "minecraft:entity_spawned": {
        "add": {
          "component_groups": [
            "interact"
          ]
        },
       "run_command": {
          "command": [
                 "scoreboard players add @s meat 10"
          ],
          "target": "self"
        }
      },
    "ds:attack": {
        "remove": {
          "component_groups": [
            "ds:calm",
            "interact",
            "trade"
          ]
        },
        "add": {
          "component_groups": [
            "ds:attack"
          ]
        }
      },
      "ds:calm": {
        "remove": {
          "component_groups": [
            "ds:attack"
          ]
        },
        "add": {
          "component_groups": [
            "ds:calm",
            "interact"
          ]
        }
      },
      "be_dead":{
        "remove": {
          "component_groups": [
            "interact",
            "trade"
          ]
        },
        "add":{
          "component_groups":[
            "dead"
          ]
        }
      },
			"be_despawn": {
				"add": {
					"component_groups": [
						"human_despawn"
					]
				},
				"run_command": {
					"command": [
						"particle ds:blood3 ~~~"
					]
				}
			},
			"be_talk": {
             "remove": {
             "component_groups": [
              "interact"
                    ]
                },
				"add": {
					"component_groups": [
						"trade"
					]
				},
				"run_command": {
					"command": [
                        "say §oPosso Te Ensinar Minha Respiração Se Me Trouxer 10 Chifres De Demoniôs / I Can Teach You My Breathing If You Bring Me 10 Demon Horns",
                        "playsound note.bit @a[r=10]"
					],
                    "target": "self"
				}
			},
     "minecraft:event_return": {
        "remove": {
          "component_groups": [
            "trade"
          ]
        },
		"add": {
			"component_groups": [
		   	"interact"
			]
    	}
      },
      "attack": {
        "sequence": [
          {
       "run_command": {
          "command": [
                 "playsound random.eat @a[r=15] ~~~ 1 0.7 0",
						  	 "function eat",
                 "effect @s regeneration 3 2 false"
          ],
          "target": "other"
            }
          },
          {
       "run_command": {
          "command": [
                 "scoreboard players remove @s meat 1",
                 "event entity @s[scores={meat=-9999..0}] be_despawn",
                "particle ds:bloodeat ~~~"
          ],
          "target": "self"
            }
          }
        ]
      }
    }
}}
