{
  "format_version": "1.16.0",
  "minecraft:entity": {
    "description": {
      "identifier": "ds:water_vase_despawn",
      "is_spawnable": false,
      "is_summonable": true,
      "is_experimental": false
    },
    "component_groups": {},

    "components": {
      "minecraft:collision_box": {
        "width": 0,
        "height": 0
              },
      "minecraft:damage_sensor": {
        "triggers": {
          "cause": "any",
          "deals_damage": false
        }
      },
      "minecraft:scale": {
	   "value": 0.0
      },
      "minecraft:knockback_resistance": {
        "value": 1.0
      },
      "minecraft:physics": {
        "has_gravity": false,
        "has_collision": false
      },
      "minecraft:transformation": {
        "into": "ds:despawn",
        "delay": 0.1
      },
      "minecraft:conditional_bandwidth_optimization": {
      }
    },

    "events": {
      "minecraft:entity_spawned": {
       "run_command": {
          "command": [
                 "fill ~-2~-2~-2 ~2~2~2 fill air 0 replace water",
                 "playsound bucket.empty_water @a[r=15] ~~~ 1.2 0.6 0"
          ]
        }
      }
    }
  }
}
