{
  "format_version": "1.8.0",
  "minecraft:entity": {
    "description": {
      "identifier": "ds:windclaws",
      "is_spawnable": false,
      "is_summonable": true,
      "is_experimental": false,
	  "runtime_identifier": "minecraft:snowball",
	  "scripts": { "animate": [ "wind" ] },
	  "animations": { "wind": "controller.animation.windclaws" }
    },
	
	"component_groups": {},
	
    "components": {
      "minecraft:collision_box": {
        "width": 4.0,
        "height": 4.0
      },
      "minecraft:transformation": {
        "into": "ds:despawn",
        "delay": 1.5
      },
	  "minecraft:health": {
	    "value": 1000
	  },
	  "minecraft:damage_sensor": [
	    {
		  "cause": "all",
		  "deals_damage": false
		}
	  ],
      "minecraft:projectile": {
        "on_hit": {
          "impact_damage": {
            "damage": 30,
            "knockback": true,
            "semirandomdiffdamage": false
          }
        },
           "power": 2,
            "gravity": 0.0,
            "anchor": 0.2,
            "uncertainty_base": 0,
            "uncertainty_multiplier": 0,
            "offset": [
                0,
                0,
                0
            ]
        },
      "minecraft:physics": {}
    },
	
	"events": {
	}
  }
}
