{
  "format_version": "1.10.0",
  "minecraft:client_entity": {
    "description": {
      "identifier": "ag1:figure",
      "min_engine_version": "1.8.0",
      "materials": {
        "default": "vindicator"
      },
      "textures": {
        "default": "textures/entity/Figure ag1"
      },
      "geometry": {
        "default": "geometry.Figure_ag1"
      },
      "spawn_egg": {
        "texture": "ag1:figure",
        "texture_index": 0
      },
      "scripts": {
        "scale": "0.9375",
        "animate": [
          "controller_base",
          "look_at_target"
        ]
      },
      "animations": {
        "look_at_target": "animation.Figure_ag1.loo",
        "idle_mouth": "animation.Figure_ag1.gen",
        "biting": "animation.Figure_ag1.att",
        "walk": "animation.Figure_ag1.mov",
        "controller_look_at_target": "controller.animation.custom.look_at_target",
        "controller_base": "controller.animation.Figure",
        "floating": "animation.Mommy_long_legs_ag1.flo",
        "jum": "animation.Figure_ag1.jum"
      },
      "render_controllers": [
        "controller.render.vindicator"
      ],
      "enable_attachables": true
    }
  }
}