{
  "format_version": "1.10.0",
  "minecraft:client_entity": {
    "description": {
      "identifier": "ag1:glitch",
      "min_engine_version": "1.8.0",
      "materials": {
        "default": "vindicator"
      },
      "textures": {
        "default": "textures/entity/Glitch ag1"
      },
      "geometry": {
        "default": "geometry.Glitch_ag1"
      },
      "spawn_egg": {
        "texture": "ag1:glitch",
        "texture_index": 0
      },
      "scripts": {
        "scale": "0.9375",
        "animate": [
          "controller_base",
          "look_at_target",
          {
            "gone": "query.is_riding"
          },
          "particle"
        ],
        "pre_animation": [
          "variable.random \u003d math.round(math.random(0,2));",
          "variable.random1 \u003d math.round(math.random(0,2));"
        ]
      },
      "animations": {
        "look_at_target": "animation.Glitch_ag1.loo",
        "idle_mouth": "animation.Glitch_ag1.gen",
        "walk": "animation.Glitch_ag1.mov",
        "controller_look_at_target": "controller.animation.custom.look_at_target",
        "controller_base": "controller.animation.glitch",
        "jum": "animation.Glitch_ag1.gen",
        "gone": "animation.Ban_ag1.ban",
        "particle": "animation.Glitch_ag1.par"
      },
      "render_controllers": [
        "controller.render.vindicator"
      ],
      "enable_attachables": true,
      "particle_effects": {
        "glitch": "ag1:glitch"
      }
    }
  }
}