{
  "format_version": "1.10.0",
  "minecraft:client_entity": {
    "description": {
      "identifier": "ag1:halt_teleport_place_2",
      "materials": {
        "default": "entity_alphatest"
      },
      "textures": {
        "default": "textures/entity/halt_teleport_place_1"
      },
      "geometry": {
        "default": "geometry.halt_teleport_place_1"
      },
      "render_controllers": [
        "controller.render.default"
      ],
      "spawn_egg": {
        "base_color": "#0c5c70",
        "overlay_color": "#00e7ff"
      }
    }
  }
}