{
  "format_version": "1.10.0",
  "minecraft:client_entity": {
    "description": {
      "identifier": "ag1:jack_jum",
      "min_engine_version": "1.8.0",
      "materials": {
        "default": "vindicator"
      },
      "textures": {
        "default": "textures/entity/Jack ag1"
      },
      "geometry": {
        "default": "geometry.Jack_ag1"
      },
      "spawn_egg": {
        "texture": "ag1:rush",
        "texture_index": 0
      },
      "scripts": {
        "scale": "0.9375",
        "animate": [
          "controller_base",
          "spin",
          {
            "gone": "query.is_riding"
          }
        ]
      },
      "animations": {
        "spin": "animation.Rush_ag1.spi",
        "idle_mouth": "animation.Rush_ag1.gen",
        "walk": "animation.Rush_ag1.gen",
        "controller_base": "controller.animation.rush",
        "jum": "animation.Rush_ag1.jum",
        "gone": "animation.Ban_ag1.ban"
      },
      "render_controllers": [
        "controller.render.vindicator"
      ],
      "enable_attachables": true
    }
  }
}