{
  "format_version": "1.10.0",
  "minecraft:client_entity": {
    "description": {
      "identifier": "ag1:magic",
      "materials": {
        "default": "entity_alphatest"
      },
      "textures": {
        "default": "textures/entity/Magic ag1"
      },
      "geometry": {
        "default": "geometry.Magic_ag1"
      },
      "render_controllers": [
        "controller.render.default"
      ],
      "spawn_egg": {
        "base_color": "#0c5c70",
        "overlay_color": "#00e7ff"
      },
      "animations": {
        "spa": "animation.Magic_ag1.spa",
        "spi": "animation.Magic_ag1.spi"
      },
      "scripts": {
        "animate": [
          "spa",
          "spi"
        ]
      },
      "particle_effects": {
        "magic": "ag1:magic"
      }
    }
  }
}