{
  "format_version": "1.10.0",
  "minecraft:client_entity": {
    "description": {
      "identifier": "ag1:screech",
      "min_engine_version": "1.8.0",
      "materials": {
        "default": "vindicator"
      },
      "textures": {
        "default": "textures/entity/Screech ag1"
      },
      "geometry": {
        "default": "geometry.Screech_ag1"
      },
      "spawn_egg": {
        "texture": "ag1:screech",
        "texture_index": 0
      },
      "scripts": {
        "scale": "0.9375",
        "animate": [
          "controller_base",
          "look_at_target",
          {
            "scared": "query.variant \u003d\u003d1 \u0026\u0026 !query.has_rider"
          },
          {
            "gone": "query.is_riding"
          }
        ],
        "pre_animation": [
          "variable.random \u003d math.round(math.random(0,2));",
          "variable.random1 \u003d math.round(math.random(0,2));"
        ]
      },
      "animations": {
        "look_at_target": "animation.Screech_ag1.loo",
        "idle_mouth": "animation.Screech_ag1.mov",
        "walk": "animation.Screech_ag1.mov",
        "controller_look_at_target": "controller.animation.custom.look_at_target",
        "controller_base": "controller.animation.scr",
        "jum": "animation.Screech_ag1.jum",
        "scared": "animation.Screech_ag1.sca",
        "gone": "animation.Ban_ag1.ban"
      },
      "render_controllers": [
        "controller.render.vindicator"
      ],
      "enable_attachables": true
    }
  }
}