{
  "format_version": "1.10.0",
  "minecraft:client_entity": {
    "description": {
      "identifier": "ag1:seek_spawn",
      "textures": {
        "default": "textures/entity/Seek ag1"
      },
      "materials": {
        "default": "spider"
      },
      "geometry": {
        "default": "geometry.Seek_ag1"
      },
      "render_controllers": [
        "controller.render.default"
      ],
      "animations": {
        "opened": "animation.Seek_ag1.spa"
      },
      "scripts": {
        "animate": [
          "opened"
        ]
      },
      "spawn_egg": {
        "texture": "ag1:seek",
        "texture_index": 0
      }
    }
  }
}