{
  "format_version": "1.10.0",
  "minecraft:client_entity": {
    "description": {
      "identifier": "ag1:seek",
      "min_engine_version": "1.8.0",
      "materials": {
        "default": "vindicator"
      },
      "textures": {
        "default": "textures/entity/Seek ag1"
      },
      "geometry": {
        "default": "geometry.Seek_ag1"
      },
      "spawn_egg": {
        "texture": "ag1:seek",
        "texture_index": 0
      },
      "scripts": {
        "scale": "0.9375",
        "animate": [
          "controller_base",
          "look_at_target"
        ],
        "pre_animation": [
          "variable.random \u003d math.round(math.random(0,2));",
          "variable.random1 \u003d math.round(math.random(0,2));"
        ]
      },
      "animations": {
        "look_at_target": "animation.Seek_ag1.loo",
        "idle_mouth": "animation.Seek_ag1.gen",
        "biting": "animation.Seek_ag1.att",
        "walk": "animation.Seek_ag1.wal",
        "run": "animation.Seek_ag1.mov",
        "controller_look_at_target": "controller.animation.custom.look_at_target",
        "controller_base": "controller.animation.seek",
        "jum": "animation.Seek_ag1.jum"
      },
      "render_controllers": [
        "controller.render.vindicator"
      ],
      "enable_attachables": true
    }
  }
}