{"format_version":"1.10.0","minecraft:client_entity":{"description":{"identifier":"yg:slow_seline","materials":{"default":"witch"},"textures":{"default":"textures/entity/yg_slow_seline"},"geometry":{"default":"geometry.yg_slow_seline"},"scripts":{"animate":["move","general","attack"],"pre_animation":["variable.random = math.round(math.random(0,2));"],"scale":"2"},"animations":{"moving":"animation.yg_slow_seline.move","move":"controller.animation.yg_slow_seline.move","gazo_general":"animation.yg_slow_seline.general","general":"controller.animation.yg_slow_seline.general","attack0":"animation.yg_slow_seline.attack","attack":"controller.animation.yg_slow_seline.attack","look_at_target":"animation.yg_slow_seline.looking","jumpscare":"animation.yg_slow_seline.jumpscare"},"render_controllers":["controller.render.witch"],"spawn_egg":{"texture":"yg:slow_seline","texture_index":0}}}}