{
	"format_version": "1.12.0",
	"minecraft:geometry": [
		{
			"description": {
				"identifier": "geometry.ic_closet",
				"texture_width": 256,
				"texture_height": 256,
				"visible_bounds_width": 4,
				"visible_bounds_height": 4.5,
				"visible_bounds_offset": [0, 1.75, 0]
			},
			"bones": [
				{
					"name": "main",
					"pivot": [0, 0, 0],
					"cubes": [
						{"origin": [-18, 2, 8], "size": [36, 44, 2], "uv": [0, 19]},
						{"origin": [16, 2, -8], "size": [2, 44, 16], "uv": [60, 49]},
						{"origin": [-18, 2, -8], "size": [2, 44, 16], "uv": [60, 49]},
						{"origin": [11, 46, -6], "size": [8, 1, 14], "uv": [116, 34], "mirror": true},
						{"origin": [-5, 52, -6], "size": [10, 1, 14], "uv": [90, 0]},
						{"origin": [3, 43.25, -6], "size": [9, 1, 14], "pivot": [15, 46.5, 1], "rotation": [0, 0, 42.5], "uv": [36, 109], "mirror": true},
						{"origin": [-12, 43.25, -6], "size": [9, 1, 14], "pivot": [-15, 46.5, 1], "rotation": [0, 0, -42.5], "uv": [36, 109]},
						{"origin": [-19, 46, -6], "size": [8, 1, 14], "uv": [116, 34]},
						{"origin": [11, 46, -8.5], "size": [8, 2, 3], "uv": [36, 80]},
						{"origin": [2.9892, 49.11523, -8.5], "size": [10, 2, 3], "pivot": [7.9892, 50.11523, -7], "rotation": [0, 0, 42.5], "uv": [20, 65]},
						{"origin": [-5, 52.25, -8.5], "size": [10, 2, 3], "uv": [20, 70]},
						{"origin": [-11, 46, -6.75], "size": [22, 7, 0], "uv": [120, 111]},
						{"origin": [-11, 46, 9.25], "size": [22, 7, 0], "uv": [120, 111]},
						{"origin": [-12.9892, 49.11523, -8.5], "size": [10, 2, 3], "pivot": [-7.9892, 50.11523, -7], "rotation": [0, 0, -42.5], "uv": [20, 75]},
						{"origin": [-19, 46, -8.5], "size": [8, 2, 3], "uv": [36, 85]},
						{"origin": [-19, 46, 7.5], "size": [8, 2, 3], "uv": [36, 85]},
						{"origin": [-12.9892, 49.11523, 7.5], "size": [10, 2, 3], "pivot": [-7.9892, 50.11523, 9], "rotation": [0, 0, -42.5], "uv": [20, 75]},
						{"origin": [-5, 52.25, 7.5], "size": [10, 2, 3], "uv": [20, 70]},
						{"origin": [2.9892, 49.11523, 7.5], "size": [10, 2, 3], "pivot": [7.9892, 50.11523, 9], "rotation": [0, 0, 42.5], "uv": [20, 65]},
						{"origin": [11, 46, 7.5], "size": [8, 2, 3], "uv": [36, 80]},
						{"origin": [-18, 1, -8], "size": [36, 1, 18], "uv": [0, 0]},
						{"origin": [15, 0, -8], "size": [3, 1, 18], "uv": [96, 111]},
						{"origin": [-18, 0, -8], "size": [3, 1, 18], "uv": [96, 111]}
					]
				},
				{
					"name": "door1",
					"parent": "main",
					"pivot": [-16, 25, -6.5],
					"rotation": [0, 17.5, 0],
					"cubes": [
						{"origin": [-16, 2, -7.5], "size": [16, 44, 2], "uv": [80, 19]},
						{"origin": [-4, 18, -8.5], "size": [3, 3, 1], "uv": [0, 0]}
					]
				},
				{
					"name": "door2",
					"parent": "main",
					"pivot": [16, 25, -6.5],
					"rotation": [0, -15, 0],
					"cubes": [
						{"origin": [0, 2, -7.5], "size": [16, 44, 2], "uv": [80, 19]},
						{"origin": [1, 18, -8.5], "size": [3, 3, 1], "uv": [0, 0]}
					]
				}
			]
		}
	]
}