{
	"format_version": "1.12.0",
	"minecraft:geometry": [
		{
			"description": {
				"identifier": "geometry.ic_rack",
				"texture_width": 128,
				"texture_height": 128,
				"visible_bounds_width": 4,
				"visible_bounds_height": 4.5,
				"visible_bounds_offset": [0, 1.75, 0]
			},
			"bones": [
				{
					"name": "main",
					"pivot": [0, 2, 0],
					"cubes": [
						{"origin": [-18, 3, -11], "size": [36, 2, 22], "uv": [0, 0]},
						{"origin": [-17.5, 13, -8.5], "size": [2, 1, 17], "uv": [0, 55]},
						{"origin": [-8, 37, -6], "size": [16, 2, 12], "uv": [0, 24]},
						{"origin": [-5, 39, -3], "size": [10, 2, 6], "uv": [0, 38]},
						{"origin": [15.5, 5, -10.5], "size": [2, 28, 2], "uv": [32, 38]},
						{"origin": [11.75382, 29.05656, -8.44135], "size": [2, 13, 2], "pivot": [12.25382, 35.05656, -7.19135], "rotation": [-22.44035, 9.45828, -68.97056], "uv": [0, 0]},
						{"origin": [-17.5, 5, -10.5], "size": [2, 28, 2], "uv": [32, 38], "mirror": true},
						{"origin": [-17, 5, -0.5], "size": [1, 8, 1], "uv": [41, 39], "mirror": true},
						{"origin": [15.5, 13, -8.5], "size": [2, 1, 17], "uv": [0, 55], "mirror": true},
						{"origin": [16, 5, -0.5], "size": [1, 8, 1], "uv": [41, 39]},
						{"origin": [-13.75382, 29.05656, -8.44135], "size": [2, 13, 2], "pivot": [-12.25382, 35.05656, -7.19135], "rotation": [-22.44035, -9.45828, 68.97056], "uv": [0, 0], "mirror": true},
						{"origin": [-17.5, 5, 8.5], "size": [2, 28, 2], "uv": [32, 38], "mirror": true},
						{"origin": [-13.75382, 29.05656, 6.44135], "size": [2, 13, 2], "pivot": [-12.25382, 35.05656, 7.19135], "rotation": [22.44035, 9.45828, 68.97056], "uv": [0, 0], "mirror": true},
						{"origin": [11.75382, 29.05656, 6.44135], "size": [2, 13, 2], "pivot": [12.25382, 35.05656, 7.19135], "rotation": [22.44035, -9.45828, -68.97056], "uv": [0, 0]},
						{"origin": [15.5, 5, 8.5], "size": [2, 28, 2], "uv": [32, 38]}
					]
				},
				{
					"name": "wheel",
					"parent": "main",
					"pivot": [-15.5, 2.5, 9.5],
					"cubes": [
						{"origin": [-16, 2, 9], "size": [1, 2, 1], "uv": [8, 4]},
						{"origin": [-16.5, 0, 8.5], "size": [2, 2, 2], "uv": [8, 0]}
					]
				},
				{
					"name": "wheel3",
					"parent": "main",
					"pivot": [15.5, 2.5, 9.5],
					"cubes": [
						{"origin": [15, 2, 9], "size": [1, 2, 1], "uv": [8, 4], "mirror": true},
						{"origin": [14.5, 0, 8.5], "size": [2, 2, 2], "uv": [8, 0], "mirror": true}
					]
				},
				{
					"name": "wheel4",
					"parent": "main",
					"pivot": [15.5, 2.5, -9.5],
					"cubes": [
						{"origin": [15, 2, -10], "size": [1, 2, 1], "uv": [8, 4], "mirror": true},
						{"origin": [14.5, 0, -10.5], "size": [2, 2, 2], "uv": [8, 0], "mirror": true}
					]
				},
				{
					"name": "wheel2",
					"parent": "main",
					"pivot": [-15.5, 2.5, -9.5],
					"cubes": [
						{"origin": [-16, 2, -10], "size": [1, 2, 1], "uv": [8, 4]},
						{"origin": [-16.5, 0, -10.5], "size": [2, 2, 2], "uv": [8, 0]}
					]
				}
			]
		}
	]
}