{
  "format_version": "1.10.0",
  "minecraft:client_entity": {
    "description": {
      "identifier": "kimetsu:kokushibou_1",
      "textures": {
        "default": "textures/entity/pamobile/kimetsu_kokushibou_1"
      },
      "materials": {
        "default": "skeleton"
      },
      "geometry": {
        "default": "geometry.kimetsu_kokushibou_1"
      },
		"particle_effects": {
			"mob_moonbowhalfmoon0_1": "particle:mob_moonbowhalfmoon0_1",
			"mob_moonbowhalfmoon0_2": "particle:mob_moonbowhalfmoon0_2",
			"mob_moonbowhalfmoon0_3": "particle:mob_moonbowhalfmoon0_3",
			"mob_moonbowhalfmoon0_4": "particle:mob_moonbowhalfmoon0_4",
			"mob_moonbowhalfmoon0_5": "particle:mob_moonbowhalfmoon0_5",
			"mob_moonbowhalfmoon0_6": "particle:mob_moonbowhalfmoon0_6",
			"mob_moonbowhalfmoon1_1": "particle:mob_moonbowhalfmoon1_1",
			"mob_moonbowhalfmoon1_2": "particle:mob_moonbowhalfmoon1_2",
			"mob_moonbowhalfmoon1_3": "particle:mob_moonbowhalfmoon1_3",
			"mob_moonbowhalfmoon1_4": "particle:mob_moonbowhalfmoon1_4",
			"mob_moonbowhalfmoon1_5": "particle:mob_moonbowhalfmoon1_5",
			"mob_moonbowhalfmoon1_6": "particle:mob_moonbowhalfmoon1_6"
      },
      "render_controllers": [
        "controller.render.translucence"
      ],
      "spawn_egg": {
        "base_color": "#E8CDCD",
        "overlay_color": "#001157"
      },
      "animations": {
      "stand": "animation.demon.idle4",
        "walk": "animation.mob.walking",
        "attack": "animation.demon.attack",
        "jump": "animation.demon.jump",
        "controller_main": "controller.animation.main"
      },
      "scripts": {
        "scale": "1",
        "animate": [
          "controller_main"
         
        ]
      }
    }
  }
}