{
  "format_version": "1.10.0",
  "minecraft:client_entity": {
    "description": {
      "identifier": "kimetsu:tanjiro_season3",
      "textures": {
        "default": "textures/entity/pamobile/kimetsu_tanjiro_season3"
      },
      "materials": {
        "default": "skeleton"
      },
      "geometry": {
        "default": "geometry.kimetsu_tanjiro_season3"
      },
		"particle_effects": {
			"mob_settingsun": "particle:mob_settingsun"
      },
      "render_controllers": [
        "controller.render.translucence"
      ],
      "spawn_egg": {
        "base_color": "#E8CDCD",
        "overlay_color": "#AE2A2A"
      },
      "animations": {
      "stand": "animation.slayer.idle",
        "walk": "animation.mob.walking",
        "attack": "animation.slayer.attack2",
        "jump": "animation.slayer.jump",
        "sit": "animation.slayer.sit",
        "controller_main": "controller.animation.main"
      },
      "scripts": {
        "scale": "1",
        "animate": [
          "controller_main"
         
        ]
      }
    }
  }
}