{
  "format_version": "1.10.0",
  "minecraft:client_entity": {
    "description": {
      "identifier": "kimetsu:nezuko_demon",
      "textures": {
        "default": "textures/entity/pamobile/kimetsu_nezuko_demon"
      },
      "materials": {
        "default": "skeleton"
      },
      "geometry": {
        "default": "geometry.kimetsu_nezuko_demon"
      },
      "render_controllers": [
        "controller.render.translucence"
      ],
      "spawn_egg": {
        "base_color": "#E8CDCD",
        "overlay_color": "#001157"
      },
      "animations": {
      "stand": "animation.demon.idle4",
        "walk": "animation.mob.walking",
        "attack": "animation.attack.kick",
        "jump": "animation.demon.jump",
        "controller_main": "controller.animation.main"
      },
      "scripts": {
        "scale": "1",
        "animate": [
          "controller_main"
         
        ]
      }
    }
  }
}