{
  "format_version": "1.10.0",
  "minecraft:client_entity": {
    "description": {
      "identifier": "kimetsu:tomioka",
      "textures": {
        "default": "textures/entity/pamobile/kimetsu_tomioka"
      },
      "materials": {
        "default": "skeleton"
      },
      "geometry": {
        "default": "geometry.kimetsu_tomioka"
        },
			"particle_effects": {
				"mob_flowingdance": "particle:mob_flowingdance"
      },
      "render_controllers": [
        "controller.render.translucence"
      ],
      "spawn_egg": {
        "base_color": "#E8CDCD",
        "overlay_color": "#11BBDB"
      },
      "animations": {
      "stand": "animation.slayer.idle",
        "walk": "animation.mob.walking",
        "attack": "animation.slayer.attack4",
        "jump": "animation.slayer.jump",
        "sit": "animation.slayer.sit5",
        "controller_main": "controller.animation.main"
      },
      "scripts": {
        "scale": "1",
        "animate": [
          "controller_main"
         
        ]
      }
    }
  }
}