{
  "format_version": "1.12.0",
  "minecraft:geometry": [
    {
      "description": {
        "identifier": "geometry.day_sat",
        "texture_width": 5,
				"texture_height": 7,
				"visible_bounds_width": 2,
				"visible_bounds_height": 3.5,
				"visible_bounds_offset": [0, 1.25, 0]
      },
      "bones": [
        {
					"name": "day_sat",

					"pivot": [0, 0, 0],
					"cubes": [
						{
							"origin": [-6, 12, 0], "size": [12, 16, 0],
							"uv": { "north": {"uv": [0, 0], "uv_size": [5, 7]} }
						}
					]
				}
      ]
    }, 
    {
      "description": {
        "identifier": "geometry.day_pul",
        "texture_width": 5,
				"texture_height": 7,
				"visible_bounds_width": 2,
				"visible_bounds_height": 3.5,
				"visible_bounds_offset": [0, 1.25, 0]
      },
      "bones": [
        {
					"name": "day_pul",

					"pivot": [0, 0, 0],
					"cubes": [
						{
							"origin": [-6, 12, 0], "size": [12, 16, 0],
							"uv": { "north": {"uv": [0, 0], "uv_size": [5, 7]} }
						}
					]
				}
      ]
    }, 
    {
      "description": {
        "identifier": "geometry.day_rat",
        "texture_width": 5,
				"texture_height": 7,
				"visible_bounds_width": 2,
				"visible_bounds_height": 3.5,
				"visible_bounds_offset": [0, 1.25, 0]
      },
      "bones": [
        {
					"name": "day_rat",

					"pivot": [0, 0, 0],
					"cubes": [
						{
							"origin": [-6, 12, 0], "size": [12, 16, 0],
							"uv": { "north": {"uv": [0, 0], "uv_size": [5, 7]} }
						}
					]
				}
      ]
    }, 
    {
      "description": {
        "identifier": "geometry.day_rib",
        "texture_width": 5,
				"texture_height": 7,
				"visible_bounds_width": 2,
				"visible_bounds_height": 3.5,
				"visible_bounds_offset": [0, 1.25, 0]
      },
      "bones": [
        {
					"name": "day_rib",

					"pivot": [0, 0, 0],
					"cubes": [
						{
							"origin": [-6, 12, 0], "size": [12, 16, 0],
							"uv": { "north": {"uv": [0, 0], "uv_size": [5, 7]} }
						}
					]
				}
      ]
    }, 
    {
      "description": {
        "identifier": "geometry.day_pulrib",
        "texture_width": 5,
				"texture_height": 7,
				"visible_bounds_width": 2,
				"visible_bounds_height": 3.5,
				"visible_bounds_offset": [0, 1.25, 0]
      },
      "bones": [
        {
					"name": "day_pulrib",

					"pivot": [0, 0, 0],
					"cubes": [
						{
							"origin": [-6, 12, 0], "size": [12, 16, 0],
							"uv": { "north": {"uv": [0, 0], "uv_size": [5, 7]} }
						}
					]
				}
      ]
    }, 
    {
      "description": {
        "identifier": "geometry.day_ratrib",
        "texture_width": 5,
				"texture_height": 7,
				"visible_bounds_width": 2,
				"visible_bounds_height": 3.5,
				"visible_bounds_offset": [0, 1.25, 0]
      },
      "bones": [
        {
					"name": "day_ratrib",

					"pivot": [0, 0, 0],
					"cubes": [
						{
							"origin": [-6, 12, 0], "size": [12, 16, 0],
							"uv": { "north": {"uv": [0, 0], "uv_size": [5, 7]} }
						}
					]
				}
      ]
    }, 
    {
      "description": {
        "identifier": "geometry.day_jt",
        "texture_width": 5,
				"texture_height": 7,
				"visible_bounds_width": 2,
				"visible_bounds_height": 3.5,
				"visible_bounds_offset": [0, 1.25, 0]
      },
      "bones": [
        {
					"name": "day_jt",

					"pivot": [0, 0, 0],
					"cubes": [
						{
							"origin": [-6, 12, 0], "size": [12, 16, 0],
							"uv": { "north": {"uv": [0, 0], "uv_size": [5, 7]} }
						}
					]
				}
      ]
    }, 
    {
      "description": {
        "identifier": "geometry.day",
        "texture_width": 16,
        "texture_height": 16
      },
      "bones": [
        {
          "name": "day",
          "pivot": [ 0.0, 0.0, 0.0 ],
          "cubes": [
            {
              "origin": [ -9.0, 12.0, 0.0 ],
              "size": [ 16.0, 16.0, 0.0 ],
              "uv": [ 0, 0 ],
              "rotation": [ 0.0, 0.0, 0.0 ]
            }
          ]
        }
      ]
    }, 
    {
      "description": {
        "identifier": "geometry.day_bg",
        "texture_width": 16,
        "texture_height": 16
      },
      "bones": [
        {
          "name": "day_bg",
          "pivot": [ 0.0, 0.0, 0.0 ],
          "cubes": [
            {
              "origin": [ -9.0, 12.0, 0.0 ],
              "size": [ 16.0, 16.0, 0.0 ],
              "uv": [ 0, 0 ],
              "rotation": [ 0.0, 0.0, 0.0 ]
            }
          ]
        }
      ]
    }
  ]
}