{
  "format_version": "1.10.0",
  "minecraft:entity": {
    "description": {
      "identifier": "os:b",
      "is_spawnable": true,
      "is_summonable": true,
      "is_experimental": false,
      "scripts": {
        "animate": [
          "jumpscare_hw"
        ]
      },
      "animations": {
        "jumpscare_hw": "controller.animation.b_jumpscare"
      }
    },
    "components": {
      "minecraft:is_hidden_when_invisible": {},
      "minecraft:nameable": {},
      "minecraft:type_family": {
        "family": [
          "monster",
          "mob",
          "gob"
        ]
      },
      "minecraft:collision_box": {
        "width": 0.6,
        "height": 2.3
      },
      "minecraft:movement.basic": {},
      "minecraft:navigation.walk": {
        "avoid_damage_blocks": true,
        "is_amphibious": true,
        "can_pass_doors": true,
        "can_break_doors": true,
        "can_open_doors": false,
        "can_open_iron_doors": false,
        "can_walk": true
      },
      "minecraft:movement": {
        "value": 0.3
      },
      "minecraft:scale": {
        "value": 1
      },
      "minecraft:jump.static": {},
      "minecraft:can_climb": {},
      "minecraft:attack": {
        "damage": 10
      },
      "minecraft:health": {
        "value": 500,
        "max": 500
      },
      "minecraft:follow_range": {
        "value": 30,
        "max": 30
      },
      "minecraft:leashable": {
        "soft_distance": 4,
        "hard_distance": 6,
        "max_distance": 10,
        "can_be_stolen": true
      },
      "minecraft:loot": {
        "table": "loot_tables/entities/null.json"
      },
      "minecraft:behavior.nearest_attackable_target": {
        "priority": 2,
        "must_see": true,
        "reselect_targets": true,
        "within_radius": 25,
        "must_see_forget_duration": 17,
        "entity_types": [
          {
            "filters": {
              "any_of": [
                {
                  "test": "is_family",
                  "subject": "other",
                  "value": "illager"
                },
                {
                  "test": "is_family",
                  "subject": "other",
                  "value": "snowgolem"
                },
                {
                  "test": "is_family",
                  "subject": "other",
                  "value": "irongolem"
                }
              ]
            },
            "max_dist": 35
          },
          {
            "filters": {
              "any_of": [
                {
                  "test": "is_family",
                  "subject": "other",
                  "value": "villager"
                },
                {
                  "test": "is_family",
                  "subject": "other",
                  "value": "wandering_trader"
                },
                {
                  "test": "is_family",
                  "subject": "other",
                  "value": "player"
                }
              ]
            },
            "max_dist": 25,
            "must_see": false
          },
          {
            "filters": {
              "all_of": [
                {
                  "test": "is_family",
                  "subject": "other",
                  "value": "baby_turtle"
                },
                {
                  "test": "in_water",
                  "subject": "other",
                  "operator": "!\u003d",
                  "value": true
                }
              ]
            },
            "max_dist": 35
          }
        ]
      },
      "minecraft:behavior.melee_attack": {
        "priority": 3,
        "track_target": true,
        "speed_multiplier": 1.25
      },
      "minecraft:behavior.random_stroll": {
        "priority": 7,
        "speed_multiplier": 1
      },
      "minecraft:behavior.look_at_player": {
        "priority": 8,
        "look_distance": 6,
        "probability": 0.02
      },
      "minecraft:behavior.random_look_around": {
        "priority": 9
      },
      "minecraft:behavior.hurt_by_target": {
        "priority": 1
      },
      "minecraft:knockback_resistance": {
        "value": 0.8
      },
      "minecraft:physics": {},
      "minecraft:pushable": {
        "is_pushable": true,
        "is_pushable_by_piston": true
      },
      "minecraft:rideable": {
        "rider_can_interact": false,
        "seat_count": 1,
        "seats": [
          {
            "lock_rider_rotation": 1,
            "position": [
              0,
              0.7,
              1.5
            ],
            "rotate_rider_by": 180
          }
        ]
      },
      "minecraft:combat_regeneration": {
        "regeneration_duration": 15,
        "apply_to_self": true,
        "apply_to_family": false
      }
    }
  }
}