{
  "format_version": "1.10.0",
  "minecraft:client_entity": {
    "description": {
      "identifier": "ic:crucifix_activate",
      "textures": {
        "default": "textures/entity/ic_crucifix_activated"
      },
      "materials": {
        "default": "entity_emissive_alpha"
      },
      "geometry": {
        "default": "geometry.crucifix_activated"
      },
      "sound_effects": {
        "success": "crucifix.activated.success",
        "fail": "crucifix.activated.fail" 
      },
      "particle_effects": {
        "crucifix_blue": "ic:crucifix_blue",
        "crucifix_red": "ic:crucifix_red" 
      },
      "render_controllers": [
        "controller.render.default"
      ],
      "animations": {
        "success": "animation.crucifix.activate_success", 
        "fail": "animation.crucifix.activate_fail", 
        "crucifix_controls" : "controller.animation.crucifix"
      },
      "scripts": {
        "animate": [
          "crucifix_controls"
        ]
      }
    }
  }
}