{
  "format_version": "1.10.0",
  "minecraft:client_entity": {
    "description": {
      "identifier": "ic:figure",
      "textures": {
        "default": "textures/entity/ic_figure"
      },
      "materials": {
        "default": "entity_emissive_alpha"
      },
      "geometry": {
        "default": "geometry.ic_figure"
      },
      "particle_effects": {
        "figure_particle": "ic:figure_particle"
      },
         "sound_effects": {
        "roar": "mob.figure.roar",
        "step_1": "mob.figure.step_1",
        "step_2": "mob.figure.step_2" 
      },
      "spawn_egg": {
        "texture": "ic:figure",
        "texture_index": 0
      },
      "render_controllers": [
        "controller.render.default"
      ],
      "animations": {
        "head" : "animation.humanoid.look_at_target.default",
        "walk": "animation.ic_figure.move",
        "idle": "animation.ic_figure.idle",
        "roar": "animation.ic_figure.roar", 
        "trail": "animation.ic_figure.particle", 
        "jumpscare": "animation.ic_figure.jumpscare", 
        "figure_controls" : "controller.animation.figure",
        "roar_controls" : "controller.animation.figure.roar"
      },
      "scripts": {
        "animate": [
        "head",
        "trail",
        {"roar" : "query.is_riding"},
        "figure_controls",
        "roar_controls"
        ]
      }
    }
  }
}