{
  "format_version": "1.10.0",
  "minecraft:client_entity": {
    "description": {
      "identifier": "ic:halt",
      "textures": {
        "default": "textures/entity/ic_halt"
      },
      "materials": {
        "default": "entity_emissive_alpha"
      },
      "geometry": {
        "default": "geometry.ic_halt"
      },
      "sound_effects": {
        "ambient": "mob.halt.ambient"
      },
      "spawn_egg": {
        "texture": "ic:halt",
        "texture_index": 0
      },
      "render_controllers": [
        "controller.render.default"
      ],
      "animations": {
        "idle": "animation.ic_halt.idle",
        "activate": "animation.halt.ambient",
        "banish": "animation.ic_entity.banished"
      },
      "scripts": {
        "animate": [
        "idle",
        "activate",
        {"banish" : "query.is_riding"}
        ]
      }
    }
  }
}