{"tiers":[{"trades":[{"wants":[{"item":"minecraft:gold_ingot","quantity":5}],"gives":[{"item":"yg:bandage","quantity":1}]},{"wants":[{"item":"minecraft:gold_ingot","quantity":15}],"gives":[{"item":"yg:flashlight","quantity":1}]},{"wants":[{"item":"minecraft:gold_ingot","quantity":15}],"gives":[{"item":"yg:gummy_flashlight","quantity":1}]},{"wants":[{"item":"minecraft:gold_ingot","quantity":10}],"gives":[{"item":"yg:lighter","quantity":1}]},{"wants":[{"item":"minecraft:gold_ingot","quantity":13}],"gives":[{"item":"yg:vitamins","quantity":1}]},{"wants":[{"item":"minecraft:gold_ingot","quantity":26}],"gives":[{"item":"yg:crucifix","quantity":1}]},{"wants":[{"item":"minecraft:gold_ingot","quantity":24}],"gives":[{"item":"yg:skull_key","quantity":1}]},{"wants":[{"item":"minecraft:gold_ingot","quantity":3}],"gives":[{"item":"minecraft:gold_ingot","quantity":6}]}]}]}