{
  "format_version": "1.12.0",
  "minecraft:geometry": [
    {
      "description": {
        "identifier": "geometry.yg_coach_pickles",
        "texture_width": 128,
        "texture_height": 128,
        "visible_bounds_width": 4,
        "visible_bounds_height": 4.5,
        "visible_bounds_offset": [
          0,
          1.75,
          0
        ]
      },
      "bones": [
        {
          "name": "Root"
        },
        {
          "name": "Body",
          "pivot": [
            0,
            28,
            0
          ],
          "cubes": [
            {
              "origin": [
                -8.0,
                28.0,
                -7.0
              ],
              "size": [
                16.0,
                15.0,
                14.0
              ],
              "uv": [
                0,
                0
              ],
              "inflate": 0
            },
            {
              "origin": [
                -22.38911,
                36.58991,
                2.62169
              ],
              "size": [
                16.0,
                15.0,
                0.0
              ],
              "pivot": [
                -14.38911,
                44.08991,
                2.62169
              ],
              "rotation": [
                5.05445,
                19.12992,
                12.14312
              ],
              "uv": [
                64,
                34
              ],
              "inflate": 0
            },
            {
              "origin": [
                6.38911,
                36.58991,
                2.62169
              ],
              "size": [
                16.0,
                15.0,
                0.0
              ],
              "pivot": [
                14.38911,
                44.08991,
                2.62169
              ],
              "rotation": [
                5.05445,
                -19.12992,
                -12.14312
              ],
              "uv": [
                64,
                34
              ],
              "inflate": 0,
              "mirror": true
            },
            {
              "origin": [
                -6.0,
                31.0,
                -9.0
              ],
              "size": [
                2.0,
                5.0,
                2.0
              ],
              "pivot": [
                -5.0,
                33.5,
                -8.0
              ],
              "rotation": [
                47.5,
                0.0,
                0.0
              ],
              "uv": [
                46,
                0
              ],
              "inflate": 0
            },
            {
              "origin": [
                4.0,
                31.0,
                -9.0
              ],
              "size": [
                2.0,
                5.0,
                2.0
              ],
              "pivot": [
                5.0,
                33.5,
                -8.0
              ],
              "rotation": [
                47.5,
                0.0,
                0.0
              ],
              "uv": [
                46,
                0
              ],
              "inflate": 0,
              "mirror": true
            },
            {
              "origin": [
                -3.0,
                30.75754,
                -12.91704
              ],
              "size": [
                6.0,
                6.0,
                7.0
              ],
              "pivot": [
                0.0,
                33.75754,
                -9.41704
              ],
              "rotation": [
                -12.5,
                0.0,
                0.0
              ],
              "uv": [
                0,
                68
              ],
              "inflate": 0
            },
            {
              "origin": [
                -2.5,
                31.73097,
                -18.55743
              ],
              "size": [
                5.0,
                5.0,
                7.0
              ],
              "pivot": [
                0.0,
                34.23097,
                -15.05743
              ],
              "rotation": [
                12.5,
                0.0,
                0.0
              ],
              "uv": [
                57,
                75
              ],
              "inflate": 0
            },
            {
              "origin": [
                -2.0,
                28.53166,
                -23.84628
              ],
              "size": [
                4.0,
                4.0,
                10.0
              ],
              "pivot": [
                0.0,
                30.53166,
                -18.84628
              ],
              "rotation": [
                70.0,
                0.0,
                0.0
              ],
              "uv": [
                64,
                61
              ],
              "inflate": 0
            },
            {
              "origin": [
                -1.5,
                22.30318,
                -23.13675
              ],
              "size": [
                3.0,
                3.0,
                8.0
              ],
              "pivot": [
                0.0,
                23.80318,
                -19.13675
              ],
              "rotation": [
                120.0,
                0.0,
                0.0
              ],
              "uv": [
                18,
                73
              ],
              "inflate": 0
            },
            {
              "origin": [
                -1.0,
                18.08277,
                -21.8335
              ],
              "size": [
                2.0,
                2.0,
                6.0
              ],
              "pivot": [
                0.0,
                19.08277,
                -18.8335
              ],
              "rotation": [
                67.5,
                0.0,
                0.0
              ],
              "uv": [
                32,
                29
              ],
              "inflate": 0
            },
            {
              "origin": [
                -1.5,
                14.78062,
                -20.90788
              ],
              "size": [
                3.0,
                3.0,
                2.0
              ],
              "pivot": [
                0.0,
                16.28062,
                -19.90788
              ],
              "rotation": [
                67.5,
                0.0,
                0.0
              ],
              "uv": [
                0,
                35
              ],
              "inflate": 0
            },
            {
              "origin": [
                -6.08682,
                36.0,
                -8.4924
              ],
              "size": [
                4.0,
                4.0,
                2.0
              ],
              "pivot": [
                -4.08682,
                38.0,
                -7.4924
              ],
              "rotation": [
                0.0,
                10.0,
                0.0
              ],
              "uv": [
                0,
                29
              ],
              "inflate": 0
            },
            {
              "origin": [
                2.08682,
                36.0,
                -8.4924
              ],
              "size": [
                4.0,
                4.0,
                2.0
              ],
              "pivot": [
                4.08682,
                38.0,
                -7.4924
              ],
              "rotation": [
                0.0,
                -10.0,
                0.0
              ],
              "uv": [
                0,
                29
              ],
              "inflate": 0,
              "mirror": true
            },
            {
              "origin": [
                -5.74311,
                36.5,
                -8.87873
              ],
              "size": [
                3.0,
                3.0,
                1.0
              ],
              "pivot": [
                -4.24311,
                38.0,
                -8.37873
              ],
              "rotation": [
                0.0,
                10.0,
                0.0
              ],
              "uv": [
                32,
                37
              ],
              "inflate": 0
            },
            {
              "origin": [
                2.74311,
                36.5,
                -8.87873
              ],
              "size": [
                3.0,
                3.0,
                1.0
              ],
              "pivot": [
                4.24311,
                38.0,
                -8.37873
              ],
              "rotation": [
                0.0,
                -10.0,
                0.0
              ],
              "uv": [
                32,
                37
              ],
              "inflate": 0,
              "mirror": true
            },
            {
              "origin": [
                -16.12941,
                27.98296,
                -6.0
              ],
              "size": [
                10.0,
                10.0,
                12.0
              ],
              "pivot": [
                -11.12941,
                32.98296,
                0.0
              ],
              "rotation": [
                0.0,
                0.0,
                -15.0
              ],
              "uv": [
                32,
                39
              ],
              "inflate": 0
            },
            {
              "origin": [
                6.12941,
                27.98296,
                -6.0
              ],
              "size": [
                10.0,
                10.0,
                12.0
              ],
              "pivot": [
                11.12941,
                32.98296,
                0.0
              ],
              "rotation": [
                0.0,
                0.0,
                15.0
              ],
              "uv": [
                0,
                29
              ],
              "inflate": 0
            }
          ],
          "parent": "Root"
        },
        {
          "name": "Rightarm",
          "pivot": [
            -5.5,
            28,
            -4.5
          ],
          "cubes": [
            {
              "origin": [
                -7.0,
                18.0,
                -6.0
              ],
              "size": [
                3.0,
                10.0,
                3.0
              ],
              "uv": [
                0,
                0
              ],
              "inflate": 0
            }
          ],
          "parent": "Body"
        },
        {
          "name": "Leftarm",
          "pivot": [
            5.5,
            28,
            -4.5
          ],
          "cubes": [
            {
              "origin": [
                4.0,
                18.0,
                -6.0
              ],
              "size": [
                3.0,
                10.0,
                3.0
              ],
              "uv": [
                0,
                0
              ],
              "inflate": 0,
              "mirror": true
            }
          ],
          "parent": "Body"
        },
        {
          "name": "Rightleg",
          "pivot": [
            -12,
            30.5,
            0
          ],
          "cubes": [
            {
              "origin": [
                -16.0,
                21.0,
                -4.0
              ],
              "size": [
                8.0,
                11.0,
                8.0
              ],
              "uv": [
                32,
                61
              ],
              "inflate": 0
            },
            {
              "origin": [
                -16.4,
                11.55,
                -4.4
              ],
              "size": [
                8.8,
                9.9,
                8.8
              ],
              "uv": [
                60,
                0
              ],
              "inflate": 0
            },
            {
              "origin": [
                -17.0,
                5.0,
                -5.0
              ],
              "size": [
                10.0,
                7.0,
                10.0
              ],
              "uv": [
                0,
                51
              ],
              "inflate": 0
            },
            {
              "origin": [
                -17.5,
                0.0,
                -5.5
              ],
              "size": [
                11.0,
                5.0,
                11.0
              ],
              "uv": [
                49,
                18
              ],
              "inflate": 0
            }
          ],
          "parent": "Root"
        },
        {
          "name": "Leftleg",
          "pivot": [
            12,
            30.5,
            0
          ],
          "cubes": [
            {
              "origin": [
                8.0,
                21.0,
                -4.0
              ],
              "size": [
                8.0,
                11.0,
                8.0
              ],
              "uv": [
                32,
                61
              ],
              "inflate": 0,
              "mirror": true
            },
            {
              "origin": [
                7.6,
                11.55,
                -4.4
              ],
              "size": [
                8.8,
                9.9,
                8.8
              ],
              "uv": [
                60,
                0
              ],
              "inflate": 0,
              "mirror": true
            },
            {
              "origin": [
                7.0,
                5.0,
                -5.0
              ],
              "size": [
                10.0,
                7.0,
                10.0
              ],
              "uv": [
                0,
                51
              ],
              "inflate": 0,
              "mirror": true
            },
            {
              "origin": [
                6.5,
                0.0,
                -5.5
              ],
              "size": [
                11.0,
                5.0,
                11.0
              ],
              "uv": [
                49,
                18
              ],
              "inflate": 0,
              "mirror": true
            }
          ],
          "parent": "Root"
        }
      ]
    }
  ]
}