{
  "format_version": "1.12.0",
  "minecraft:geometry": [
    {
      "description": {
        "identifier": "geometry.yg_chef_pigster",
        "texture_width": 128,
        "texture_height": 128,
        "visible_bounds_width": 3,
        "visible_bounds_height": 4.5,
        "visible_bounds_offset": [
          0,
          1.75,
          0
        ]
      },
      "bones": [
        {
          "name": "Root"
        },
        {
          "name": "Body",
          "pivot": [
            0,
            7,
            0
          ],
          "cubes": [
            {
              "origin": [
                -6.0,
                19.0,
                -4.5
              ],
              "size": [
                12.0,
                6.0,
                9.0
              ],
              "uv": [
                0,
                23
              ],
              "inflate": 0
            },
            {
              "origin": [
                -7.0,
                7.0,
                -5.5
              ],
              "size": [
                14.0,
                12.0,
                11.0
              ],
              "uv": [
                0,
                0
              ],
              "inflate": 0
            },
            {
              "origin": [
                -6.18124,
                14.0,
                -7.07163
              ],
              "size": [
                4.0,
                4.0,
                2.0
              ],
              "pivot": [
                -4.18124,
                16.0,
                -6.07163
              ],
              "rotation": [
                0.0,
                10.0,
                0.0
              ],
              "uv": [
                33,
                23
              ],
              "inflate": 0
            },
            {
              "origin": [
                2.18124,
                14.0,
                -7.07163
              ],
              "size": [
                4.0,
                4.0,
                2.0
              ],
              "pivot": [
                4.18124,
                16.0,
                -6.07163
              ],
              "rotation": [
                0.0,
                -10.0,
                0.0
              ],
              "uv": [
                33,
                23
              ],
              "inflate": 0,
              "mirror": true
            },
            {
              "origin": [
                -5.93493,
                14.42,
                -7.29687
              ],
              "size": [
                3.16,
                3.16,
                1.08
              ],
              "pivot": [
                -4.35493,
                16.0,
                -6.75687
              ],
              "rotation": [
                0.0,
                10.0,
                0.0
              ],
              "uv": [
                0,
                23
              ],
              "inflate": 0
            },
            {
              "origin": [
                2.77493,
                14.42,
                -7.29687
              ],
              "size": [
                3.16,
                3.16,
                1.08
              ],
              "pivot": [
                4.35493,
                16.0,
                -6.75687
              ],
              "rotation": [
                0.0,
                -10.0,
                0.0
              ],
              "uv": [
                0,
                23
              ],
              "inflate": 0,
              "mirror": true
            }
          ],
          "parent": "Root"
        },
        {
          "name": "Head",
          "pivot": [
            0,
            25,
            0
          ],
          "cubes": [
            {
              "origin": [
                -5.0,
                25.0,
                -4.0
              ],
              "size": [
                10.0,
                9.0,
                8.0
              ],
              "uv": [
                34,
                30
              ],
              "inflate": 0
            },
            {
              "origin": [
                -4.17365,
                30.0,
                -4.98481
              ],
              "size": [
                3.0,
                3.0,
                2.0
              ],
              "pivot": [
                -2.67365,
                31.5,
                -3.98481
              ],
              "rotation": [
                0.0,
                10.0,
                0.0
              ],
              "uv": [
                0,
                6
              ],
              "inflate": 0
            },
            {
              "origin": [
                1.17365,
                30.0,
                -4.98481
              ],
              "size": [
                3.0,
                3.0,
                2.0
              ],
              "pivot": [
                2.67365,
                31.5,
                -3.98481
              ],
              "rotation": [
                0.0,
                -10.0,
                0.0
              ],
              "uv": [
                0,
                6
              ],
              "inflate": 0,
              "mirror": true
            },
            {
              "origin": [
                -3.92733,
                30.42,
                -5.21005
              ],
              "size": [
                2.16,
                2.16,
                1.08
              ],
              "pivot": [
                -2.84733,
                31.5,
                -4.67005
              ],
              "rotation": [
                0.0,
                10.0,
                0.0
              ],
              "uv": [
                0,
                27
              ],
              "inflate": 0
            },
            {
              "origin": [
                1.76733,
                30.42,
                -5.21005
              ],
              "size": [
                2.16,
                2.16,
                1.08
              ],
              "pivot": [
                2.84733,
                31.5,
                -4.67005
              ],
              "rotation": [
                0.0,
                -10.0,
                0.0
              ],
              "uv": [
                0,
                27
              ],
              "inflate": 0,
              "mirror": true
            },
            {
              "origin": [
                -3.0,
                32.88429,
                -2.24824
              ],
              "size": [
                6.0,
                5.0,
                6.0
              ],
              "pivot": [
                0.0,
                35.38429,
                0.75176
              ],
              "rotation": [
                -17.5,
                0.0,
                0.0
              ],
              "uv": [
                39,
                0
              ],
              "inflate": 0
            },
            {
              "origin": [
                -4.09492,
                36.58132,
                -2.02607
              ],
              "size": [
                8.0,
                4.0,
                8.0
              ],
              "pivot": [
                -0.09492,
                38.58132,
                1.97393
              ],
              "rotation": [
                -27.42421,
                -1.09911,
                -4.93595
              ],
              "uv": [
                0,
                38
              ],
              "inflate": 0
            },
            {
              "origin": [
                -6.64279,
                31.76604,
                -1.0
              ],
              "size": [
                3.0,
                4.0,
                2.0
              ],
              "pivot": [
                -5.14279,
                33.76604,
                0.0
              ],
              "rotation": [
                0.0,
                0.0,
                -40.0
              ],
              "uv": [
                0,
                0
              ],
              "inflate": 0
            },
            {
              "origin": [
                3.64279,
                31.76604,
                -1.0
              ],
              "size": [
                3.0,
                4.0,
                2.0
              ],
              "pivot": [
                5.14279,
                33.76604,
                0.0
              ],
              "rotation": [
                0.0,
                0.0,
                40.0
              ],
              "uv": [
                0,
                0
              ],
              "inflate": 0,
              "mirror": true
            },
            {
              "origin": [
                -3.0,
                25.0,
                -6.0
              ],
              "size": [
                6.0,
                4.0,
                2.0
              ],
              "uv": [
                47,
                47
              ],
              "inflate": 0
            }
          ],
          "parent": "Body"
        },
        {
          "name": "Rightarm",
          "pivot": [
            -6.5,
            22.5,
            0
          ],
          "cubes": [
            {
              "origin": [
                -11.0,
                11.0,
                -2.5
              ],
              "size": [
                5.0,
                13.0,
                5.0
              ],
              "uv": [
                27,
                47
              ],
              "inflate": 0
            }
          ],
          "parent": "Body"
        },
        {
          "name": "Leftarm",
          "pivot": [
            6.5,
            22.5,
            0
          ],
          "cubes": [
            {
              "origin": [
                6.0,
                11.0,
                -2.5
              ],
              "size": [
                5.0,
                13.0,
                5.0
              ],
              "uv": [
                27,
                47
              ],
              "inflate": 0,
              "mirror": true
            }
          ],
          "parent": "Body"
        },
        {
          "name": "Rightleg",
          "pivot": [
            -3.5,
            7.5,
            0
          ],
          "cubes": [
            {
              "origin": [
                -6.0,
                0.0,
                -2.5
              ],
              "size": [
                5.0,
                7.0,
                5.0
              ],
              "uv": [
                45,
                18
              ],
              "inflate": 0
            }
          ],
          "parent": "Root"
        },
        {
          "name": "Leftleg",
          "pivot": [
            3.5,
            7.5,
            0
          ],
          "cubes": [
            {
              "origin": [
                1.0,
                0.0,
                -2.5
              ],
              "size": [
                5.0,
                7.0,
                5.0
              ],
              "uv": [
                45,
                18
              ],
              "inflate": 0,
              "mirror": true
            }
          ],
          "parent": "Root"
        }
      ]
    }
  ]
}