{"format_version":"1.12.0","minecraft:geometry":[{"description":{"identifier":"geometry.yg_stinger_flynn_morph","texture_width":64,"texture_height":64,"visible_bounds_width":4,"visible_bounds_height":3.5,"visible_bounds_offset":[0,1.25,0]},"bones":[{"name":"Root"},{"name":"Bodyy","pivot":[0,22,0],"cubes":[{"origin":[-2,22,-6],"size":[4,4,1],"uv":[0,16],"inflate":0},{"origin":[-1.59,22.41,-6.23],"size":[3.18,3.18,1.06],"uv":[8,35],"inflate":0},{"origin":[-5,18,-5],"size":[10,9,10],"uv":[0,16],"inflate":0},{"origin":[-5.5,17,-5.5],"size":[11,5,11],"uv":[0,0],"inflate":0}],"parent":"Root"},{"name":"Army","pivot":[-1.57217,18.73364,0],"cubes":[{"origin":[-7.77962,15.81307,-1],"size":[8,2,2],"pivot":[-3.77962,16.81307,0],"rotation":[0,0,-32.5],"uv":[30,16],"inflate":0},{"origin":[-10.61589,13.82048,-1],"size":[4,2,2],"uv":[33,4],"inflate":0},{"origin":[-14.68707,15.00713,-1],"size":[5,2,2],"pivot":[-12.18707,16.00713,0],"rotation":[0,0,32.5],"uv":[33,0],"inflate":0},{"origin":[-17.48308,18.19537,-1],"size":[5,2,2],"pivot":[-14.98308,19.19537,0],"rotation":[0,0,65],"uv":[33,0],"inflate":0},{"origin":[-21.29518,20.83216,-1],"size":[6,2,2],"pivot":[-18.29518,21.83216,0],"rotation":[0,0,17.5],"uv":[30,20],"inflate":0}],"parent":"Body"},{"name":"Army2","pivot":[1.57217,18.73364,0],"cubes":[{"origin":[-0.22038,15.81307,-1],"size":[8,2,2],"pivot":[3.77962,16.81307,0],"rotation":[0,0,32.5],"uv":[30,16],"inflate":0,"mirror":true},{"origin":[6.61589,13.82048,-1],"size":[4,2,2],"uv":[33,4],"inflate":0,"mirror":true},{"origin":[9.68707,15.00713,-1],"size":[5,2,2],"pivot":[12.18707,16.00713,0],"rotation":[0,0,-32.5],"uv":[33,0],"inflate":0,"mirror":true},{"origin":[12.48308,18.19537,-1],"size":[5,2,2],"pivot":[14.98308,19.19537,0],"rotation":[0,0,-65],"uv":[33,0],"inflate":0,"mirror":true},{"origin":[15.29518,20.83216,-1],"size":[6,2,2],"pivot":[18.29518,21.83216,0],"rotation":[0,0,-17.5],"uv":[30,20],"inflate":0,"mirror":true}],"parent":"Body"},{"name":"Legy","pivot":[-3.60246,18.06134,-3.06471],"cubes":[{"origin":[-5,14,-4],"size":[2,8,2],"pivot":[-4,18,-3],"rotation":[0,0,10],"uv":[0,0],"inflate":0},{"origin":[-5.55247,11.32728,-4],"size":[2,3,2],"pivot":[-4.55247,12.82728,-3],"rotation":[0,0,-5],"uv":[0,21],"inflate":0},{"origin":[-5.7809,7.59557,-4.0868],"size":[2,4,2],"pivot":[-4.7809,9.59557,-3.0868],"rotation":[-1.74734,-1.43562,9.85143],"uv":[0,35],"inflate":0},{"origin":[-6.07648,-0.17748,-4.17204],"size":[2,8,2],"uv":[0,0],"inflate":0}],"parent":"Root"},{"name":"Legy2","pivot":[-3.60246,18.06134,2.93529],"cubes":[{"origin":[-5,14,2],"size":[2,8,2],"pivot":[-4,18,3],"rotation":[0,0,10],"uv":[0,0],"inflate":0},{"origin":[-5.55247,11.32728,2],"size":[2,3,2],"pivot":[-4.55247,12.82728,3],"rotation":[0,0,-5],"uv":[0,21],"inflate":0},{"origin":[-5.7809,7.59557,1.9132],"size":[2,4,2],"pivot":[-4.7809,9.59557,2.9132],"rotation":[-1.74734,-1.43562,9.85143],"uv":[0,35],"inflate":0},{"origin":[-6.07648,-0.17748,1.82796],"size":[2,8,2],"uv":[0,0],"inflate":0}],"parent":"Root"},{"name":"Legy3","pivot":[3.60246,18.06134,-3.06471],"cubes":[{"origin":[3,14,-4],"size":[2,8,2],"pivot":[4,18,-3],"rotation":[0,0,-10],"uv":[0,0],"inflate":0,"mirror":true},{"origin":[3.55247,11.32728,-4],"size":[2,3,2],"pivot":[4.55247,12.82728,-3],"rotation":[0,0,5],"uv":[0,21],"inflate":0,"mirror":true},{"origin":[3.7809,7.59557,-4.0868],"size":[2,4,2],"pivot":[4.7809,9.59557,-3.0868],"rotation":[-1.74734,1.43562,-9.85143],"uv":[0,35],"inflate":0,"mirror":true},{"origin":[4.07648,-0.17748,-4.17204],"size":[2,8,2],"uv":[0,0],"inflate":0,"mirror":true}],"parent":"Root"},{"name":"Legy4","pivot":[3.60246,18.06134,2.93529],"cubes":[{"origin":[3,14,2],"size":[2,8,2],"pivot":[4,18,3],"rotation":[0,0,-10],"uv":[0,0],"inflate":0,"mirror":true},{"origin":[3.55247,11.32728,2],"size":[2,3,2],"pivot":[4.55247,12.82728,3],"rotation":[0,0,5],"uv":[0,21],"inflate":0,"mirror":true},{"origin":[3.7809,7.59557,1.9132],"size":[2,4,2],"pivot":[4.7809,9.59557,2.9132],"rotation":[-1.74734,1.43562,-9.85143],"uv":[0,35],"inflate":0,"mirror":true},{"origin":[4.07648,-0.17748,1.82796],"size":[2,8,2],"uv":[0,0],"inflate":0,"mirror":true}],"parent":"Root"}]}]}