{
  "format_version": "1.12.0",
  "minecraft:geometry": [
    {
      "description": {
        "identifier": "geometry.yg_stinky_joel",
        "texture_width": 64,
        "texture_height": 64,
        "visible_bounds_width": 3,
        "visible_bounds_height": 3.5,
        "visible_bounds_offset": [
          0,
          1.25,
          0
        ]
      },
      "bones": [
        {
          "name": "Root"
        },
        {
          "name": "Body",
          "pivot": [
            0,
            7,
            0
          ],
          "cubes": [
            {
              "origin": [
                -6.0,
                6.0,
                -6.0
              ],
              "size": [
                12.0,
                14.0,
                12.0
              ],
              "uv": [
                0,
                0
              ],
              "inflate": 0
            },
            {
              "origin": [
                -0.5,
                22.0,
                4.0
              ],
              "size": [
                1.0,
                4.0,
                4.0
              ],
              "pivot": [
                0.0,
                24.0,
                5.0
              ],
              "rotation": [
                22.5,
                0.0,
                0.0
              ],
              "uv": [
                0,
                43
              ],
              "inflate": 0
            },
            {
              "origin": [
                -0.5,
                17.0,
                4.0
              ],
              "size": [
                1.0,
                4.0,
                4.0
              ],
              "pivot": [
                0.0,
                19.0,
                6.0
              ],
              "rotation": [
                22.5,
                0.0,
                0.0
              ],
              "uv": [
                42,
                30
              ],
              "inflate": 0
            },
            {
              "origin": [
                -0.5,
                12.0,
                4.0
              ],
              "size": [
                1.0,
                4.0,
                4.0
              ],
              "pivot": [
                0.0,
                14.0,
                6.0
              ],
              "rotation": [
                22.5,
                0.0,
                0.0
              ],
              "uv": [
                0,
                26
              ],
              "inflate": 0
            },
            {
              "origin": [
                -0.5,
                7.0,
                4.0
              ],
              "size": [
                1.0,
                4.0,
                4.0
              ],
              "pivot": [
                0.0,
                9.0,
                6.0
              ],
              "rotation": [
                22.5,
                0.0,
                0.0
              ],
              "uv": [
                0,
                0
              ],
              "inflate": 0
            },
            {
              "origin": [
                -5.0,
                18.96578,
                -4.4779
              ],
              "size": [
                10.0,
                7.0,
                10.0
              ],
              "pivot": [
                0.0,
                22.46578,
                0.5221
              ],
              "rotation": [
                -7.5,
                0.0,
                0.0
              ],
              "uv": [
                0,
                26
              ],
              "inflate": 0
            },
            {
              "origin": [
                -5.84672,
                20.8986,
                -6.15175
              ],
              "size": [
                4.0,
                4.0,
                4.0
              ],
              "pivot": [
                -3.84672,
                22.8986,
                -4.15175
              ],
              "rotation": [
                -1.08237,
                22.49639,
                -0.41419
              ],
              "uv": [
                30,
                26
              ],
              "inflate": 0
            },
            {
              "origin": [
                1.84672,
                20.8986,
                -6.15175
              ],
              "size": [
                4.0,
                4.0,
                4.0
              ],
              "pivot": [
                3.84672,
                22.8986,
                -4.15175
              ],
              "rotation": [
                -1.08237,
                -22.49639,
                0.41419
              ],
              "uv": [
                30,
                26
              ],
              "inflate": 0,
              "mirror": true
            },
            {
              "origin": [
                -6.13208,
                21.38253,
                -6.27787
              ],
              "size": [
                3.28,
                3.28,
                1.14
              ],
              "pivot": [
                -4.49208,
                23.02253,
                -5.70787
              ],
              "rotation": [
                -1.08237,
                22.49639,
                -0.41419
              ],
              "uv": [
                0,
                8
              ],
              "inflate": 0
            },
            {
              "origin": [
                2.85209,
                21.38253,
                -6.27787
              ],
              "size": [
                3.28,
                3.28,
                1.14
              ],
              "pivot": [
                4.49209,
                23.02253,
                -5.70787
              ],
              "rotation": [
                -1.08237,
                -22.49639,
                0.41419
              ],
              "uv": [
                0,
                8
              ],
              "inflate": 0,
              "mirror": true
            }
          ],
          "parent": "Root"
        },
        {
          "name": "Rightarm",
          "pivot": [
            -6,
            18,
            0
          ],
          "cubes": [
            {
              "origin": [
                -10.0,
                9.0,
                -2.0
              ],
              "size": [
                4.0,
                10.0,
                4.0
              ],
              "uv": [
                36,
                39
              ],
              "inflate": 0
            }
          ],
          "parent": "Body"
        },
        {
          "name": "Leftarm",
          "pivot": [
            6,
            18,
            0
          ],
          "cubes": [
            {
              "origin": [
                6.0,
                9.0,
                -2.0
              ],
              "size": [
                4.0,
                10.0,
                4.0
              ],
              "uv": [
                36,
                39
              ],
              "inflate": 0,
              "mirror": true
            }
          ],
          "parent": "Body"
        },
        {
          "name": "Rightleg",
          "pivot": [
            -3,
            6,
            0
          ],
          "cubes": [
            {
              "origin": [
                -5.5,
                0.0,
                -2.5
              ],
              "size": [
                5.0,
                6.0,
                5.0
              ],
              "uv": [
                36,
                0
              ],
              "inflate": 0
            }
          ],
          "parent": "Root"
        },
        {
          "name": "Leftleg",
          "pivot": [
            3,
            6,
            0
          ],
          "cubes": [
            {
              "origin": [
                0.5,
                0.0,
                -2.5
              ],
              "size": [
                5.0,
                6.0,
                5.0
              ],
              "uv": [
                36,
                0
              ],
              "inflate": 0,
              "mirror": true
            }
          ],
          "parent": "Root"
        }
      ]
    }
  ]
}