{
  "format_version": "1.12.0",
  "minecraft:geometry": [
    {
      "description": {
        "identifier": "geometry.yg_tamataki_chamataki",
        "texture_width": 128,
        "texture_height": 128,
        "visible_bounds_width": 8,
        "visible_bounds_height": 4,
        "visible_bounds_offset": [
          0,
          1,
          0
        ]
      },
      "bones": [
        {
          "name": "Root"
        },
        {
          "name": "Body",
          "pivot": [
            0,
            10,
            0
          ],
          "cubes": [
            {
              "origin": [
                -9.0,
                10.0,
                -12.0
              ],
              "size": [
                18.0,
                4.0,
                24.0
              ],
              "uv": [
                0,
                32
              ],
              "inflate": 0
            },
            {
              "origin": [
                -3.0,
                13.93151,
                10.95412
              ],
              "size": [
                6.0,
                5.0,
                10.0
              ],
              "pivot": [
                0.0,
                16.43151,
                15.95412
              ],
              "rotation": [
                20.0,
                0.0,
                0.0
              ],
              "uv": [
                40,
                75
              ],
              "inflate": 0
            },
            {
              "origin": [
                -3.18,
                13.43949,
                18.22063
              ],
              "size": [
                6.36,
                5.3,
                12.72
              ],
              "pivot": [
                0.0,
                16.08949,
                24.58063
              ],
              "rotation": [
                -20.0,
                0.0,
                0.0
              ],
              "uv": [
                60,
                32
              ],
              "inflate": 0
            },
            {
              "origin": [
                -3.3,
                12.0681,
                27.48628
              ],
              "size": [
                6.6,
                14.3,
                14.3
              ],
              "pivot": [
                0.0,
                19.2181,
                34.63628
              ],
              "rotation": [
                10.0,
                0.0,
                0.0
              ],
              "uv": [
                0,
                60
              ],
              "inflate": 0
            },
            {
              "origin": [
                -9.54,
                13.79,
                -12.72
              ],
              "size": [
                19.08,
                7.42,
                25.44
              ],
              "uv": [
                0,
                0
              ],
              "inflate": 0
            }
          ],
          "parent": "Root"
        },
        {
          "name": "Neck",
          "pivot": [
            -4.5,
            14,
            -11.5
          ],
          "cubes": [
            {
              "origin": [
                -7.5,
                12.64595,
                -20.27477
              ],
              "size": [
                5.0,
                5.0,
                10.0
              ],
              "pivot": [
                -5.0,
                15.14595,
                -15.27477
              ],
              "rotation": [
                -22.5,
                0.0,
                0.0
              ],
              "uv": [
                84,
                22
              ],
              "inflate": 0
            }
          ],
          "parent": "Body"
        },
        {
          "name": "Head",
          "pivot": [
            -5,
            17,
            -19
          ],
          "cubes": [
            {
              "origin": [
                -9.0,
                14.0,
                -27.0
              ],
              "size": [
                8.0,
                9.0,
                8.0
              ],
              "uv": [
                63,
                0
              ],
              "inflate": 0
            },
            {
              "origin": [
                -9.0,
                19.0,
                -28.0
              ],
              "size": [
                3.0,
                3.0,
                2.0
              ],
              "pivot": [
                -7.5,
                20.5,
                -27.0
              ],
              "rotation": [
                0.0,
                10.0,
                0.0
              ],
              "uv": [
                15,
                0
              ],
              "inflate": 0
            },
            {
              "origin": [
                -4.0,
                19.0,
                -28.0
              ],
              "size": [
                3.0,
                3.0,
                2.0
              ],
              "pivot": [
                -2.5,
                20.5,
                -27.0
              ],
              "rotation": [
                0.0,
                -10.0,
                0.0
              ],
              "uv": [
                15,
                0
              ],
              "inflate": 0,
              "mirror": true
            },
            {
              "origin": [
                -8.79132,
                19.5,
                -28.36102
              ],
              "size": [
                1.32,
                1.32,
                1.32
              ],
              "pivot": [
                -8.13132,
                20.16,
                -27.70102
              ],
              "rotation": [
                0.0,
                10.0,
                0.0
              ],
              "uv": [
                0,
                0
              ],
              "inflate": 0
            },
            {
              "origin": [
                -2.52868,
                20.5,
                -28.36102
              ],
              "size": [
                1.32,
                1.32,
                1.32
              ],
              "pivot": [
                -1.86868,
                21.16,
                -27.70102
              ],
              "rotation": [
                0.0,
                -10.0,
                0.0
              ],
              "uv": [
                0,
                0
              ],
              "inflate": 0,
              "mirror": true
            }
          ],
          "parent": "Neck"
        },
        {
          "name": "Neck2",
          "pivot": [
            5.5,
            14,
            -11.5
          ],
          "cubes": [
            {
              "origin": [
                2.5,
                12.64595,
                -20.27477
              ],
              "size": [
                5.0,
                5.0,
                10.0
              ],
              "pivot": [
                5.0,
                15.14595,
                -15.27477
              ],
              "rotation": [
                -22.5,
                0.0,
                0.0
              ],
              "uv": [
                72,
                79
              ],
              "inflate": 0
            }
          ],
          "parent": "Body"
        },
        {
          "name": "Head2",
          "pivot": [
            5,
            17,
            -19
          ],
          "cubes": [
            {
              "origin": [
                1.0,
                15.0,
                -28.0
              ],
              "size": [
                8.0,
                5.0,
                10.0
              ],
              "pivot": [
                5.0,
                17.5,
                -23.0
              ],
              "rotation": [
                7.5,
                0.0,
                0.0
              ],
              "uv": [
                40,
                60
              ],
              "inflate": 0
            },
            {
              "origin": [
                -2.0,
                15.5,
                -25.0
              ],
              "size": [
                3.0,
                4.0,
                4.0
              ],
              "uv": [
                0,
                48
              ],
              "inflate": 0
            },
            {
              "origin": [
                9.0,
                15.5,
                -25.0
              ],
              "size": [
                3.0,
                4.0,
                4.0
              ],
              "uv": [
                0,
                48
              ],
              "inflate": 0,
              "mirror": true
            },
            {
              "origin": [
                3.0,
                16.94704,
                -27.97035
              ],
              "size": [
                4.0,
                4.0,
                12.0
              ],
              "pivot": [
                5.0,
                18.94704,
                -21.97035
              ],
              "rotation": [
                15.0,
                0.0,
                0.0
              ],
              "uv": [
                64,
                63
              ],
              "inflate": 0
            }
          ],
          "parent": "Neck2"
        },
        {
          "name": "Jaw",
          "pivot": [
            5,
            15.5,
            -18.5
          ],
          "cubes": [
            {
              "origin": [
                2.0,
                14.0,
                -27.0
              ],
              "size": [
                6.0,
                3.0,
                9.0
              ],
              "uv": [
                75,
                51
              ],
              "inflate": 0
            }
          ],
          "parent": "Head2"
        },
        {
          "name": "Dila",
          "pivot": [
            5,
            16,
            -20
          ],
          "cubes": [
            {
              "origin": [
                3.0,
                16.0,
                -28.0
              ],
              "size": [
                4.0,
                1.0,
                9.0
              ],
              "pivot": [
                5.0,
                17.5,
                -23.5
              ],
              "rotation": [
                12.5,
                0.0,
                0.0
              ],
              "uv": [
                84,
                63
              ],
              "inflate": 0
            },
            {
              "origin": [
                2.5,
                14.555,
                -30.52364
              ],
              "size": [
                5.0,
                1.0,
                3.0
              ],
              "pivot": [
                5.0,
                15.055,
                -29.02364
              ],
              "rotation": [
                20.0,
                0.0,
                0.0
              ],
              "uv": [
                26,
                60
              ],
              "inflate": 0
            },
            {
              "origin": [
                2.0,
                12.20043,
                -35.58093
              ],
              "size": [
                6.0,
                1.0,
                6.0
              ],
              "pivot": [
                5.0,
                12.70043,
                -32.58093
              ],
              "rotation": [
                40.0,
                0.0,
                0.0
              ],
              "uv": [
                0,
                16
              ],
              "inflate": 0
            },
            {
              "origin": [
                3.0,
                9.56765,
                -36.46022
              ],
              "size": [
                4.0,
                1.0,
                2.0
              ],
              "pivot": [
                5.0,
                10.06765,
                -35.46022
              ],
              "rotation": [
                50.0,
                0.0,
                0.0
              ],
              "uv": [
                10,
                48
              ],
              "inflate": 0
            }
          ],
          "parent": "Jaw"
        },
        {
          "name": "Rightleg",
          "pivot": [
            -7.5,
            10.5,
            -7.5
          ],
          "cubes": [
            {
              "origin": [
                -10.0,
                0.0,
                -10.0
              ],
              "size": [
                5.0,
                11.0,
                5.0
              ],
              "uv": [
                0,
                32
              ],
              "inflate": 0
            }
          ],
          "parent": "Root"
        },
        {
          "name": "Rightleg2",
          "pivot": [
            -7.5,
            10.5,
            7.5
          ],
          "cubes": [
            {
              "origin": [
                -10.0,
                0.0,
                5.0
              ],
              "size": [
                5.0,
                11.0,
                5.0
              ],
              "uv": [
                0,
                0
              ],
              "inflate": 0,
              "mirror": true
            },
            {
              "origin": [
                -8.5,
                -0.00515,
                9.92184
              ],
              "size": [
                2.0,
                2.0,
                4.0
              ],
              "pivot": [
                -7.98215,
                0.99485,
                9.92184
              ],
              "rotation": [
                -4.95377,
                -0.46904,
                0.51105
              ],
              "uv": [
                38,
                60
              ],
              "inflate": 0,
              "mirror": true
            },
            {
              "origin": [
                -6.44487,
                0.0,
                1.39327
              ],
              "size": [
                2.0,
                2.0,
                4.0
              ],
              "pivot": [
                -5.44487,
                1.0,
                3.39327
              ],
              "rotation": [
                0.0,
                -17.5,
                0.0
              ],
              "uv": [
                60,
                32
              ],
              "inflate": 0,
              "mirror": true
            },
            {
              "origin": [
                -10.55513,
                0.0,
                1.39327
              ],
              "size": [
                2.0,
                2.0,
                4.0
              ],
              "pivot": [
                -9.55513,
                1.0,
                3.39327
              ],
              "rotation": [
                0.0,
                17.5,
                0.0
              ],
              "uv": [
                0,
                60
              ],
              "inflate": 0,
              "mirror": true
            }
          ],
          "parent": "Root"
        },
        {
          "name": "Leftleg",
          "pivot": [
            7.5,
            10.5,
            -7.5
          ],
          "cubes": [
            {
              "origin": [
                5.0,
                0.0,
                -10.0
              ],
              "size": [
                5.0,
                11.0,
                5.0
              ],
              "uv": [
                0,
                0
              ],
              "inflate": 0
            },
            {
              "origin": [
                6.51789,
                -0.182,
                -5.08175
              ],
              "size": [
                2.0,
                2.0,
                4.0
              ],
              "pivot": [
                7.51789,
                0.818,
                -3.08175
              ],
              "rotation": [
                -4.95377,
                0.46904,
                -0.51105
              ],
              "uv": [
                38,
                60
              ],
              "inflate": 0
            },
            {
              "origin": [
                4.44487,
                0.0,
                -13.60673
              ],
              "size": [
                2.0,
                2.0,
                4.0
              ],
              "pivot": [
                5.44487,
                1.0,
                -11.60673
              ],
              "rotation": [
                0.0,
                17.5,
                0.0
              ],
              "uv": [
                60,
                32
              ],
              "inflate": 0
            },
            {
              "origin": [
                8.55513,
                0.0,
                -13.60673
              ],
              "size": [
                2.0,
                2.0,
                4.0
              ],
              "pivot": [
                9.55513,
                1.0,
                -11.60673
              ],
              "rotation": [
                0.0,
                -17.5,
                0.0
              ],
              "uv": [
                0,
                60
              ],
              "inflate": 0
            }
          ],
          "parent": "Root"
        },
        {
          "name": "Leftleg2",
          "pivot": [
            7.5,
            10.5,
            7.5
          ],
          "cubes": [
            {
              "origin": [
                5.0,
                0.0,
                5.0
              ],
              "size": [
                5.0,
                11.0,
                5.0
              ],
              "uv": [
                0,
                32
              ],
              "inflate": 0,
              "mirror": true
            }
          ],
          "parent": "Root"
        }
      ]
    }
  ]
}