{
	"format_version": "1.12.0",
	"minecraft:geometry": [
		{
			"description": {
				"identifier": "geometry.jumbo_josh",
				"texture_width": 260,
				"texture_height": 260,
				"visible_bounds_width": 7,
				"visible_bounds_height": 8.5,
				"visible_bounds_offset": [0, 3.75, 0]
			},
			"bones": [
				{
					"name": "jumbojosh",
					"pivot": [0, 0, 0]
				},
				{
					"name": "part1",
					"parent": "jumbojosh",
					"pivot": [0, 86, -3]
				},
				{
					"name": "quadril",
					"parent": "part1",
					"pivot": [0, 54, 1],
					"rotation": [25, 0, 0],
					"cubes": [
						{"origin": [-16, 54, -3], "size": [32, 15, 8], "uv": [0, 0]},
						{"origin": [-15, 54, -5], "size": [30, 15, 12], "uv": [0, 0]},
						{"origin": [-14, 54, -7], "size": [28, 15, 16], "uv": [0, 0]},
						{"origin": [-13, 54, -8], "size": [26, 15, 18], "uv": [0, 0]},
						{"origin": [-11, 54, -9], "size": [22, 15, 20], "uv": [0, 0]},
						{"origin": [-9, 54, -10], "size": [18, 15, 22], "uv": [0, 0]}
					]
				},
				{
					"name": "corpo",
					"parent": "quadril",
					"pivot": [0, 69, -3],
					"rotation": [20, 0, 0],
					"cubes": [
						{"origin": [-10, 86, -3], "size": [20, 5, 8], "uv": [0, 0]},
						{"origin": [-13, 84, -3], "size": [26, 2, 8], "uv": [0, 0]},
						{"origin": [-15, 83, -3], "size": [30, 2, 8], "uv": [0, 0]},
						{"origin": [-16, 82, -3], "size": [32, 2, 8], "uv": [0, 0]},
						{"origin": [-17, 68, -3], "size": [34, 14, 8], "uv": [0, 0]},
						{"origin": [-16, 68, -5], "size": [32, 14, 12], "uv": [0, 0]},
						{"origin": [-15, 68, -7], "size": [30, 14, 16], "uv": [0, 0]},
						{"origin": [-14, 68, -8], "size": [28, 14, 18], "uv": [0, 0]},
						{"origin": [-14, 70, -7], "size": [28, 14, 16], "uv": [0, 0]},
						{"origin": [-14, 70, -5], "size": [28, 15, 12], "uv": [0, 0]},
						{"origin": [-15, 70, -5], "size": [30, 14, 12], "uv": [0, 0]},
						{"origin": [-11, 68, -10], "size": [22, 14, 22], "uv": [0, 0]},
						{"origin": [-11, 80, -9], "size": [22, 4, 20], "uv": [0, 0]},
						{"origin": [-11, 80, -8], "size": [22, 5, 18], "uv": [0, 0]},
						{"origin": [-11, 80, -7], "size": [22, 6, 16], "uv": [0, 0]},
						{"origin": [-9, 68, -11], "size": [18, 14, 24], "uv": [0, 0]},
						{"origin": [-9, 68, -10], "size": [18, 16, 22], "uv": [0, 0]},
						{"origin": [-9, 68, -8], "size": [18, 18, 18], "uv": [0, 0]},
						{"origin": [-9, 68, -9], "size": [18, 17, 20], "uv": [0, 0]},
						{"origin": [-13, 68, -9], "size": [26, 14, 20], "uv": [0, 0]},
						{"origin": [-13, 68, -8], "size": [26, 16, 18], "uv": [0, 0]},
						{"origin": [-13, 68, -7], "size": [26, 17, 16], "uv": [0, 0]},
						{"origin": [-13, 68, -5], "size": [26, 18, 12], "uv": [0, 0]},
						{"origin": [-9, 86, -5], "size": [18, 5, 12], "uv": [0, 0]},
						{"origin": [-8, 86, -6], "size": [16, 5, 14], "uv": [0, 0]},
						{"origin": [-6, 86, -7], "size": [12, 5, 16], "uv": [0, 0]}
					]
				},
				{
					"name": "ad",
					"parent": "corpo",
					"pivot": [0, 89, 1],
					"rotation": [-20, 0, 0]
				},
				{
					"name": "mask2",
					"parent": "ad",
					"pivot": [0, 113, 1],
					"rotation": [180, 0, 0],
					"cubes": [
						{"origin": [-9, 110, 7], "size": [18, 2, 3], "uv": [0, 0]},
						{"origin": [-9, 111, 10], "size": [18, 2, 3], "uv": [0, 0]},
						{"origin": [-9, 112, 13], "size": [18, 2, 2], "uv": [0, 0]},
						{"origin": [-9, 113, 14], "size": [18, 2, 2], "uv": [0, 0]},
						{"origin": [-9, 114, 15], "size": [18, 2, 2], "uv": [0, 0]},
						{"origin": [-9, 115, 16], "size": [18, 2, 2], "uv": [0, 0]},
						{"origin": [-9, 117, 17], "size": [18, 4, 2], "uv": [0, 0]},
						{"origin": [-18, 121, 15], "size": [36, 5, 1], "pivot": [0, 126, 16.5], "rotation": [2.5, 0, 0], "uv": [4, 210]},
						{"origin": [-17, 126, 15], "size": [34, 3, 1], "pivot": [0, 126, 16.5], "rotation": [17.5, 0, 0], "uv": [4, 210]},
						{"origin": [-15, 128, 15], "size": [30, 4, 1], "pivot": [0, 126, 16.5], "rotation": [17.5, 0, 0], "uv": [4, 210]},
						{"origin": [-9, 121, 18], "size": [18, 2, 2], "uv": [0, 0]},
						{"origin": [-9, 109, -1], "size": [18, 2, 8], "uv": [0, 0]},
						{"origin": [9, 110, -1], "size": [4, 2, 8], "uv": [0, 0]},
						{"origin": [-13, 110, -1], "size": [4, 2, 8], "uv": [0, 0]},
						{"origin": [-13, 111, 7], "size": [4, 2, 3], "uv": [0, 0]},
						{"origin": [9, 111, 7], "size": [4, 2, 3], "uv": [0, 0]},
						{"origin": [-16, 112, 7], "size": [3, 2, 3], "uv": [0, 0]},
						{"origin": [13, 112, 7], "size": [3, 2, 3], "uv": [0, 0]},
						{"origin": [-18, 114, 10], "size": [2, 2, 3], "uv": [0, 0]},
						{"origin": [16, 114, 10], "size": [2, 2, 3], "uv": [0, 0]},
						{"origin": [-18, 115, 13], "size": [2, 2, 2], "uv": [0, 0]},
						{"origin": [16, 115, 13], "size": [2, 2, 2], "uv": [0, 0]},
						{"origin": [-18, 120, 15], "size": [2, 2, 2], "uv": [0, 0]},
						{"origin": [16, 120, 15], "size": [2, 2, 2], "uv": [0, 0]},
						{"origin": [-18, 117, 14], "size": [2, 3, 2], "uv": [0, 0]},
						{"origin": [16, 117, 14], "size": [2, 3, 2], "uv": [0, 0]},
						{"origin": [-18, 113, 7], "size": [2, 2, 3], "uv": [0, 0]},
						{"origin": [16, 113, 7], "size": [2, 2, 3], "uv": [0, 0]},
						{"origin": [-20, 114, 7], "size": [2, 2, 3], "uv": [0, 0]},
						{"origin": [18, 114, 7], "size": [2, 2, 3], "uv": [0, 0]},
						{"origin": [-21, 115, 7], "size": [2, 2, 3], "uv": [0, 0]},
						{"origin": [19, 115, 7], "size": [2, 2, 3], "uv": [0, 0]},
						{"origin": [-22, 117, 7], "size": [2, 3, 3], "uv": [0, 0]},
						{"origin": [20, 117, 7], "size": [2, 3, 3], "uv": [0, 0]},
						{"origin": [-23, 120, 7], "size": [2, 2, 3], "uv": [0, 0]},
						{"origin": [21, 120, 7], "size": [2, 2, 3], "uv": [0, 0]},
						{"origin": [-21, 117, 10], "size": [2, 2, 2], "uv": [0, 0]},
						{"origin": [19, 117, 10], "size": [2, 2, 2], "uv": [0, 0]},
						{"origin": [-21, 118, 10], "size": [2, 2, 3], "uv": [0, 0]},
						{"origin": [19, 118, 10], "size": [2, 2, 3], "uv": [0, 0]},
						{"origin": [-22, 120, 10], "size": [2, 2, 3], "uv": [0, 0]},
						{"origin": [20, 120, 10], "size": [2, 2, 3], "uv": [0, 0]},
						{"origin": [-20, 115, 10], "size": [2, 2, 3], "uv": [0, 0]},
						{"origin": [18, 115, 10], "size": [2, 2, 3], "uv": [0, 0]},
						{"origin": [-20, 116, 12], "size": [2, 2, 2], "uv": [0, 0]},
						{"origin": [18, 116, 12], "size": [2, 2, 2], "uv": [0, 0]},
						{"origin": [-20, 117, 13], "size": [2, 3, 2], "uv": [0, 0]},
						{"origin": [18, 117, 13], "size": [2, 3, 2], "uv": [0, 0]},
						{"origin": [-20, 120, 14], "size": [2, 2, 2], "uv": [0, 0]},
						{"origin": [18, 120, 14], "size": [2, 2, 2], "uv": [0, 0]},
						{"origin": [-21, 120, 13], "size": [2, 2, 2], "uv": [0, 0]},
						{"origin": [19, 120, 13], "size": [2, 2, 2], "uv": [0, 0]},
						{"origin": [-16, 113, 10], "size": [3, 2, 3], "uv": [0, 0]},
						{"origin": [13, 113, 10], "size": [3, 2, 3], "uv": [0, 0]},
						{"origin": [-16, 114, 13], "size": [3, 2, 2], "uv": [0, 0]},
						{"origin": [13, 114, 13], "size": [3, 2, 2], "uv": [0, 0]},
						{"origin": [-16, 115, 14], "size": [3, 2, 2], "uv": [0, 0]},
						{"origin": [13, 115, 14], "size": [3, 2, 2], "uv": [0, 0]},
						{"origin": [-16, 120, 16], "size": [3, 2, 2], "uv": [0, 0]},
						{"origin": [13, 120, 16], "size": [3, 2, 2], "uv": [0, 0]},
						{"origin": [-16, 117, 15], "size": [3, 3, 2], "uv": [0, 0]},
						{"origin": [13, 117, 15], "size": [3, 3, 2], "uv": [0, 0]},
						{"origin": [-13, 112, 10], "size": [4, 2, 3], "uv": [0, 0]},
						{"origin": [9, 112, 10], "size": [4, 2, 3], "uv": [0, 0]},
						{"origin": [-13, 113, 13], "size": [4, 2, 2], "uv": [0, 0]},
						{"origin": [9, 113, 13], "size": [4, 2, 2], "uv": [0, 0]},
						{"origin": [-13, 114, 14], "size": [4, 2, 2], "uv": [0, 0]},
						{"origin": [9, 114, 14], "size": [4, 2, 2], "uv": [0, 0]},
						{"origin": [-13, 120, 17], "size": [4, 2, 2], "uv": [0, 0]},
						{"origin": [9, 120, 17], "size": [4, 2, 2], "uv": [0, 0]},
						{"origin": [-13, 115, 15], "size": [4, 2, 2], "uv": [0, 0]},
						{"origin": [9, 115, 15], "size": [4, 2, 2], "uv": [0, 0]},
						{"origin": [-13, 117, 16], "size": [4, 3, 2], "uv": [0, 0]},
						{"origin": [9, 117, 16], "size": [4, 3, 2], "uv": [0, 0]},
						{"origin": [-16, 111, -1], "size": [3, 2, 8], "uv": [0, 0]},
						{"origin": [13, 111, -1], "size": [3, 2, 8], "uv": [0, 0]},
						{"origin": [16, 112, -1], "size": [2, 2, 8], "uv": [0, 0]},
						{"origin": [18, 113, -1], "size": [2, 2, 8], "uv": [0, 0]},
						{"origin": [19, 114, -1], "size": [2, 2, 8], "uv": [0, 0]},
						{"origin": [-21, 114, -1], "size": [2, 2, 8], "uv": [0, 0]},
						{"origin": [-22, 115, -1], "size": [2, 2, 8], "uv": [0, 0]},
						{"origin": [20, 115, -1], "size": [2, 2, 8], "uv": [0, 0]},
						{"origin": [21, 117, -1], "size": [2, 3, 8], "uv": [0, 0]},
						{"origin": [-23, 117, -1], "size": [2, 3, 8], "uv": [0, 0]},
						{"origin": [22, 120, -1], "size": [2, 4, 8], "uv": [0, 0]},
						{"origin": [-24, 120, -1], "size": [2, 4, 8], "uv": [0, 0]},
						{"origin": [-20, 113, -1], "size": [2, 2, 8], "uv": [0, 0]},
						{"origin": [-18, 112, -1], "size": [2, 2, 8], "uv": [0, 0]}
					]
				},
				{
					"name": "mask3",
					"parent": "mask2",
					"pivot": [-0.0049, 122.96032, 11.74894],
					"rotation": [0, 0, 180],
					"cubes": [
						{"origin": [-9.0098, 109.92064, 7], "size": [18, 2, 3], "uv": [0, 0]},
						{"origin": [-9.0098, 110.92064, 10], "size": [18, 2, 3], "uv": [0, 0]},
						{"origin": [-9.0098, 111.92064, 13], "size": [18, 2, 2], "uv": [0, 0]},
						{"origin": [-9.0098, 112.92064, 14], "size": [18, 2, 2], "uv": [0, 0]},
						{"origin": [-9.0098, 113.92064, 15], "size": [18, 1, 2], "uv": [0, 0]},
						{"origin": [-9.0098, 114.92064, 15], "size": [3, 3, 1], "uv": [31, 125]},
						{"origin": [-6.0098, 114.92064, 15], "size": [3, 3, 1], "uv": [31, 125]},
						{"origin": [-3.0098, 114.92064, 15], "size": [3, 3, 1], "uv": [31, 125]},
						{"origin": [-0.0098, 114.92064, 15], "size": [3, 3, 1], "uv": [31, 125]},
						{"origin": [2.9902, 114.92064, 15], "size": [3, 3, 1], "uv": [31, 125]},
						{"origin": [2.9902, 109.92064, 17], "size": [3, 2, 1], "pivot": [4.4902, 116.42064, 15.5], "rotation": [0, 0, -180], "uv": [31, 125]},
						{"origin": [5.9902, 109.92064, 17], "size": [3, 2, 1], "pivot": [4.4902, 116.42064, 15.5], "rotation": [0, 0, -180], "uv": [31, 125]},
						{"origin": [-0.0098, 109.92064, 17], "size": [3, 2, 1], "pivot": [4.4902, 116.42064, 15.5], "rotation": [0, 0, -180], "uv": [31, 125]},
						{"origin": [8.9902, 109.92064, 17], "size": [3, 2, 1], "pivot": [4.4902, 116.42064, 15.5], "rotation": [0, 0, -180], "uv": [31, 125]},
						{"origin": [11.9902, 109.92064, 17], "size": [3, 2, 1], "pivot": [4.4902, 116.42064, 15.5], "rotation": [0, 0, -180], "uv": [31, 125]},
						{"origin": [14.9902, 109.92064, 17], "size": [3, 2, 1], "pivot": [4.4902, 116.42064, 15.5], "rotation": [0, 0, -180], "uv": [31, 125]},
						{"origin": [17.9902, 108.92064, 17], "size": [3, 3, 1], "pivot": [4.4902, 116.42064, 15.5], "rotation": [0, 0, -180], "uv": [31, 125]},
						{"origin": [-3.0098, 108.92064, 17], "size": [3, 3, 1], "pivot": [4.4902, 116.42064, 15.5], "rotation": [0, 0, -180], "uv": [31, 125]},
						{"origin": [20.9902, 108.92064, 16], "size": [3, 3, 1], "pivot": [4.4902, 116.42064, 15.5], "rotation": [0, 0, -180], "uv": [31, 125]},
						{"origin": [-6.0098, 108.92064, 16], "size": [3, 3, 1], "pivot": [4.4902, 116.42064, 15.5], "rotation": [0, 0, -180], "uv": [31, 125]},
						{"origin": [-18.0098, 122.92064, 16], "size": [3, 3, 1], "pivot": [-16.5098, 123.42064, 16.5], "rotation": [7.5, 0, -180], "uv": [31, 125]},
						{"origin": [-51.0098, 122.92064, 16], "size": [3, 3, 1], "pivot": [-16.5098, 123.42064, 16.5], "rotation": [7.5, 0, -180], "uv": [31, 125]},
						{"origin": [8.9902, 115.92064, 15], "size": [3, 3, 1], "uv": [31, 125]},
						{"origin": [-12.0098, 115.92064, 15], "size": [3, 3, 1], "uv": [31, 125]},
						{"origin": [11.9902, 115.92064, 15], "size": [3, 3, 1], "pivot": [13.4902, 118.42064, 15.5], "rotation": [-10, 0, 0], "uv": [31, 125]},
						{"origin": [-15.0098, 115.92064, 15], "size": [3, 3, 1], "pivot": [13.4902, 118.42064, 15.5], "rotation": [-10, 0, 0], "uv": [31, 125]},
						{"origin": [13.9902, 116.92064, 15], "size": [3, 3, 1], "pivot": [13.4902, 118.42064, 15.5], "rotation": [-12.5, 0, 0], "uv": [31, 125]},
						{"origin": [-17.0098, 116.92064, 15], "size": [3, 3, 1], "pivot": [13.4902, 118.42064, 15.5], "rotation": [-12.5, 0, 0], "uv": [31, 125]},
						{"origin": [5.9902, 114.92064, 15], "size": [3, 3, 1], "uv": [31, 125]},
						{"origin": [-9.0098, 108.92064, -1], "size": [18, 2, 8], "uv": [0, 0]},
						{"origin": [8.9902, 109.92064, -1], "size": [4, 2, 8], "uv": [0, 0]},
						{"origin": [-13.0098, 109.92064, -1], "size": [4, 2, 8], "uv": [0, 0]},
						{"origin": [-13.0098, 110.92064, 7], "size": [4, 2, 3], "uv": [0, 0]},
						{"origin": [8.9902, 110.92064, 7], "size": [4, 2, 3], "uv": [0, 0]},
						{"origin": [-16.0098, 111.92064, 7], "size": [3, 2, 3], "uv": [0, 0]},
						{"origin": [12.9902, 111.92064, 7], "size": [3, 2, 3], "uv": [0, 0]},
						{"origin": [-18.0098, 113.92064, 10], "size": [2, 2, 3], "uv": [0, 0]},
						{"origin": [15.9902, 113.92064, 10], "size": [2, 2, 3], "uv": [0, 0]},
						{"origin": [-18.0098, 114.92064, 13], "size": [2, 2, 2], "uv": [0, 0]},
						{"origin": [15.9902, 114.92064, 13], "size": [2, 2, 2], "uv": [0, 0]},
						{"origin": [-18.0098, 119.92064, 15], "size": [1, 1, 2], "uv": [0, 0]},
						{"origin": [16.9902, 119.92064, 15], "size": [1, 1, 2], "uv": [0, 0]},
						{"origin": [-17.0098, 116.92064, 14], "size": [1, 2, 2], "uv": [0, 0]},
						{"origin": [-18.0098, 116.92064, 14], "size": [1, 3, 2], "uv": [0, 0]},
						{"origin": [15.9902, 116.92064, 14], "size": [2, 2, 2], "uv": [0, 0]},
						{"origin": [16.9902, 117.92064, 14], "size": [1, 2, 2], "uv": [0, 0]},
						{"origin": [-18.0098, 112.92064, 7], "size": [2, 2, 3], "uv": [0, 0]},
						{"origin": [15.9902, 112.92064, 7], "size": [2, 2, 3], "uv": [0, 0]},
						{"origin": [-20.0098, 113.92064, 7], "size": [2, 2, 3], "uv": [0, 0]},
						{"origin": [17.9902, 113.92064, 7], "size": [2, 2, 3], "uv": [0, 0]},
						{"origin": [-21.0098, 114.92064, 7], "size": [2, 2, 3], "uv": [0, 0]},
						{"origin": [18.9902, 114.92064, 7], "size": [2, 2, 3], "uv": [0, 0]},
						{"origin": [-22.0098, 116.92064, 7], "size": [2, 3, 3], "uv": [0, 0]},
						{"origin": [19.9902, 116.92064, 7], "size": [2, 3, 3], "uv": [0, 0]},
						{"origin": [-23.0098, 119.92064, 7], "size": [2, 4, 3], "uv": [0, 0]},
						{"origin": [20.9902, 119.92064, 7], "size": [2, 5, 3], "uv": [0, 0]},
						{"origin": [-21.0098, 116.92064, 10], "size": [2, 2, 2], "uv": [0, 0]},
						{"origin": [18.9902, 116.92064, 10], "size": [2, 2, 2], "uv": [0, 0]},
						{"origin": [-21.0098, 117.92064, 10], "size": [2, 2, 3], "uv": [0, 0]},
						{"origin": [18.9902, 117.92064, 10], "size": [2, 2, 3], "uv": [0, 0]},
						{"origin": [-22.0098, 119.92064, 10], "size": [2, 4, 3], "uv": [0, 0]},
						{"origin": [19.9902, 119.92064, 10], "size": [2, 4, 3], "uv": [0, 0]},
						{"origin": [-20.0098, 114.92064, 10], "size": [2, 2, 3], "uv": [0, 0]},
						{"origin": [17.9902, 114.92064, 10], "size": [2, 2, 3], "uv": [0, 0]},
						{"origin": [-20.0098, 115.92064, 12], "size": [2, 2, 2], "uv": [0, 0]},
						{"origin": [17.9902, 115.92064, 12], "size": [2, 2, 2], "uv": [0, 0]},
						{"origin": [-20.0098, 116.92064, 13], "size": [2, 3, 2], "uv": [0, 0]},
						{"origin": [17.9902, 116.92064, 13], "size": [2, 3, 2], "uv": [0, 0]},
						{"origin": [-20.0098, 119.92064, 14], "size": [2, 4, 2], "uv": [0, 0]},
						{"origin": [17.9902, 119.92064, 14], "size": [2, 4, 2], "uv": [0, 0]},
						{"origin": [-21.0098, 119.92064, 13], "size": [2, 5, 2], "uv": [0, 0]},
						{"origin": [18.9902, 119.92064, 13], "size": [2, 4, 2], "uv": [0, 0]},
						{"origin": [-16.0098, 112.92064, 10], "size": [3, 2, 3], "uv": [0, 0]},
						{"origin": [12.9902, 112.92064, 10], "size": [3, 2, 3], "uv": [0, 0]},
						{"origin": [-16.0098, 113.92064, 13], "size": [3, 2, 2], "uv": [0, 0]},
						{"origin": [12.9902, 113.92064, 13], "size": [3, 2, 2], "uv": [0, 0]},
						{"origin": [-16.0098, 114.92064, 14], "size": [3, 2, 2], "uv": [0, 0]},
						{"origin": [12.9902, 114.92064, 14], "size": [3, 2, 2], "uv": [0, 0]},
						{"origin": [-16.0098, 116.92064, 15], "size": [1, 1, 2], "uv": [0, 0]},
						{"origin": [14.9902, 116.92064, 15], "size": [1, 1, 2], "uv": [0, 0]},
						{"origin": [-13.0098, 111.92064, 10], "size": [4, 2, 3], "uv": [0, 0]},
						{"origin": [8.9902, 111.92064, 10], "size": [4, 2, 3], "uv": [0, 0]},
						{"origin": [-13.0098, 112.92064, 13], "size": [4, 2, 2], "uv": [0, 0]},
						{"origin": [8.9902, 112.92064, 13], "size": [4, 2, 2], "uv": [0, 0]},
						{"origin": [-13.0098, 113.92064, 14], "size": [4, 2, 2], "uv": [0, 0]},
						{"origin": [8.9902, 113.92064, 14], "size": [4, 2, 2], "uv": [0, 0]},
						{"origin": [-13.0098, 114.92064, 15], "size": [4, 1, 2], "uv": [0, 0]},
						{"origin": [8.9902, 114.92064, 15], "size": [4, 1, 2], "uv": [0, 0]},
						{"origin": [-16.0098, 110.92064, -1], "size": [3, 2, 8], "uv": [0, 0]},
						{"origin": [12.9902, 110.92064, -1], "size": [3, 2, 8], "uv": [0, 0]},
						{"origin": [15.9902, 111.92064, -1], "size": [2, 2, 8], "uv": [0, 0]},
						{"origin": [17.9902, 112.92064, -1], "size": [2, 2, 8], "uv": [0, 0]},
						{"origin": [18.9902, 113.92064, -1], "size": [2, 2, 8], "uv": [0, 0]},
						{"origin": [-21.0098, 113.92064, -1], "size": [2, 2, 8], "uv": [0, 0]},
						{"origin": [-22.0098, 114.92064, -1], "size": [2, 2, 8], "uv": [0, 0]},
						{"origin": [19.9902, 114.92064, -1], "size": [2, 2, 8], "uv": [0, 0]},
						{"origin": [20.9902, 116.92064, -1], "size": [2, 3, 8], "uv": [0, 0]},
						{"origin": [-23.0098, 116.92064, -1], "size": [2, 3, 8], "uv": [0, 0]},
						{"origin": [21.9902, 119.92064, -1], "size": [2, 4, 8], "uv": [0, 0]},
						{"origin": [-24.0098, 119.92064, -1], "size": [2, 4, 8], "uv": [0, 0]},
						{"origin": [-20.0098, 112.92064, -1], "size": [2, 2, 8], "uv": [0, 0]},
						{"origin": [-18.0098, 111.92064, -1], "size": [2, 2, 8], "uv": [0, 0]}
					]
				},
				{
					"name": "mask4",
					"parent": "mask2",
					"pivot": [0, 113, 1],
					"rotation": [180, 0, 180],
					"cubes": [
						{"origin": [-9, 110, 7], "size": [18, 2, 3], "uv": [0, 0]},
						{"origin": [-9, 111, 10], "size": [18, 2, 3], "uv": [0, 0]},
						{"origin": [-9, 112, 13], "size": [18, 2, 2], "uv": [0, 0]},
						{"origin": [-9, 113, 14], "size": [18, 2, 2], "uv": [0, 0]},
						{"origin": [-9, 114, 15], "size": [18, 2, 2], "uv": [0, 0]},
						{"origin": [-9, 115, 16], "size": [18, 2, 2], "uv": [0, 0]},
						{"origin": [-9, 117, 17], "size": [18, 3, 2], "uv": [0, 0]},
						{"origin": [-9, 120, 18], "size": [18, 3, 2], "uv": [0, 0]},
						{"origin": [-9, 109, -1], "size": [18, 2, 8], "uv": [0, 0]},
						{"origin": [9, 110, -1], "size": [4, 2, 8], "uv": [0, 0]},
						{"origin": [-13, 110, -1], "size": [4, 2, 8], "uv": [0, 0]},
						{"origin": [-13, 111, 7], "size": [4, 2, 3], "uv": [0, 0]},
						{"origin": [9, 111, 7], "size": [4, 2, 3], "uv": [0, 0]},
						{"origin": [-16, 112, 7], "size": [3, 2, 3], "uv": [0, 0]},
						{"origin": [13, 112, 7], "size": [3, 2, 3], "uv": [0, 0]},
						{"origin": [-18, 114, 10], "size": [2, 2, 3], "uv": [0, 0]},
						{"origin": [16, 114, 10], "size": [2, 2, 3], "uv": [0, 0]},
						{"origin": [-18, 115, 13], "size": [2, 2, 2], "uv": [0, 0]},
						{"origin": [16, 115, 13], "size": [2, 2, 2], "uv": [0, 0]},
						{"origin": [-18, 120, 15], "size": [2, 3, 2], "uv": [0, 0]},
						{"origin": [16, 120, 15], "size": [2, 3, 2], "uv": [0, 0]},
						{"origin": [-18, 117, 14], "size": [2, 3, 2], "uv": [0, 0]},
						{"origin": [16, 117, 14], "size": [2, 3, 2], "uv": [0, 0]},
						{"origin": [-18, 113, 7], "size": [2, 2, 3], "uv": [0, 0]},
						{"origin": [16, 113, 7], "size": [2, 2, 3], "uv": [0, 0]},
						{"origin": [-20, 114, 7], "size": [2, 2, 3], "uv": [0, 0]},
						{"origin": [18, 114, 7], "size": [2, 2, 3], "uv": [0, 0]},
						{"origin": [-21, 115, 7], "size": [2, 2, 3], "uv": [0, 0]},
						{"origin": [19, 115, 7], "size": [2, 2, 3], "uv": [0, 0]},
						{"origin": [-22, 117, 7], "size": [2, 3, 3], "uv": [0, 0]},
						{"origin": [20, 117, 7], "size": [2, 3, 3], "uv": [0, 0]},
						{"origin": [-23, 120, 7], "size": [2, 3, 3], "uv": [0, 0]},
						{"origin": [21, 120, 7], "size": [2, 3, 3], "uv": [0, 0]},
						{"origin": [-21, 117, 10], "size": [2, 2, 2], "uv": [0, 0]},
						{"origin": [19, 117, 10], "size": [2, 2, 2], "uv": [0, 0]},
						{"origin": [-21, 118, 10], "size": [2, 2, 3], "uv": [0, 0]},
						{"origin": [19, 118, 10], "size": [2, 2, 3], "uv": [0, 0]},
						{"origin": [-22, 120, 10], "size": [2, 3, 3], "uv": [0, 0]},
						{"origin": [20, 120, 10], "size": [2, 3, 3], "uv": [0, 0]},
						{"origin": [-20, 115, 10], "size": [2, 2, 3], "uv": [0, 0]},
						{"origin": [18, 115, 10], "size": [2, 2, 3], "uv": [0, 0]},
						{"origin": [-20, 116, 12], "size": [2, 2, 2], "uv": [0, 0]},
						{"origin": [18, 116, 12], "size": [2, 2, 2], "uv": [0, 0]},
						{"origin": [-20, 117, 13], "size": [2, 3, 2], "uv": [0, 0]},
						{"origin": [18, 117, 13], "size": [2, 3, 2], "uv": [0, 0]},
						{"origin": [-20, 120, 14], "size": [2, 3, 2], "uv": [0, 0]},
						{"origin": [18, 120, 14], "size": [2, 3, 2], "uv": [0, 0]},
						{"origin": [-21, 120, 13], "size": [2, 3, 2], "uv": [0, 0]},
						{"origin": [19, 120, 13], "size": [2, 3, 2], "uv": [0, 0]},
						{"origin": [-16, 113, 10], "size": [3, 2, 3], "uv": [0, 0]},
						{"origin": [13, 113, 10], "size": [3, 2, 3], "uv": [0, 0]},
						{"origin": [-16, 114, 13], "size": [3, 2, 2], "uv": [0, 0]},
						{"origin": [13, 114, 13], "size": [3, 2, 2], "uv": [0, 0]},
						{"origin": [-16, 115, 14], "size": [3, 2, 2], "uv": [0, 0]},
						{"origin": [13, 115, 14], "size": [3, 2, 2], "uv": [0, 0]},
						{"origin": [-16, 120, 16], "size": [3, 3, 2], "uv": [0, 0]},
						{"origin": [13, 120, 16], "size": [3, 3, 2], "uv": [0, 0]},
						{"origin": [-16, 117, 15], "size": [3, 3, 2], "uv": [0, 0]},
						{"origin": [13, 117, 15], "size": [3, 3, 2], "uv": [0, 0]},
						{"origin": [-13, 112, 10], "size": [4, 2, 3], "uv": [0, 0]},
						{"origin": [9, 112, 10], "size": [4, 2, 3], "uv": [0, 0]},
						{"origin": [-13, 113, 13], "size": [4, 2, 2], "uv": [0, 0]},
						{"origin": [9, 113, 13], "size": [4, 2, 2], "uv": [0, 0]},
						{"origin": [-13, 114, 14], "size": [4, 2, 2], "uv": [0, 0]},
						{"origin": [9, 114, 14], "size": [4, 2, 2], "uv": [0, 0]},
						{"origin": [-13, 120, 17], "size": [4, 3, 2], "uv": [0, 0]},
						{"origin": [9, 120, 17], "size": [4, 3, 2], "uv": [0, 0]},
						{"origin": [-13, 115, 15], "size": [4, 2, 2], "uv": [0, 0]},
						{"origin": [9, 115, 15], "size": [4, 2, 2], "uv": [0, 0]},
						{"origin": [-13, 117, 16], "size": [4, 3, 2], "uv": [0, 0]},
						{"origin": [9, 117, 16], "size": [4, 3, 2], "uv": [0, 0]},
						{"origin": [-16, 111, -1], "size": [3, 2, 8], "uv": [0, 0]},
						{"origin": [13, 111, -1], "size": [3, 2, 8], "uv": [0, 0]},
						{"origin": [16, 112, -1], "size": [2, 2, 8], "uv": [0, 0]},
						{"origin": [18, 113, -1], "size": [2, 2, 8], "uv": [0, 0]},
						{"origin": [19, 114, -1], "size": [2, 2, 8], "uv": [0, 0]},
						{"origin": [-21, 114, -1], "size": [2, 2, 8], "uv": [0, 0]},
						{"origin": [-22, 115, -1], "size": [2, 2, 8], "uv": [0, 0]},
						{"origin": [20, 115, -1], "size": [2, 2, 8], "uv": [0, 0]},
						{"origin": [21, 117, -1], "size": [2, 3, 8], "uv": [0, 0]},
						{"origin": [-23, 117, -1], "size": [2, 3, 8], "uv": [0, 0]},
						{"origin": [22, 120, -1], "size": [2, 4, 8], "uv": [0, 0]},
						{"origin": [-24, 120, -1], "size": [2, 4, 8], "uv": [0, 0]},
						{"origin": [-20, 113, -1], "size": [2, 2, 8], "uv": [0, 0]},
						{"origin": [-18, 112, -1], "size": [2, 2, 8], "uv": [0, 0]}
					]
				},
				{
					"name": "mask5",
					"parent": "mask4",
					"pivot": [0, 133, 1],
					"rotation": [0, 0, 180],
					"cubes": [
						{"origin": [-9, 130, 7], "size": [18, 2, 3], "uv": [0, 0]},
						{"origin": [-9, 131, 10], "size": [18, 2, 3], "uv": [0, 0]},
						{"origin": [-9, 132, 13], "size": [18, 2, 2], "uv": [0, 0]},
						{"origin": [-9, 133, 14], "size": [18, 2, 2], "uv": [0, 0]},
						{"origin": [-9, 134, 15], "size": [18, 2, 2], "uv": [0, 0]},
						{"origin": [-9, 135, 16], "size": [18, 2, 2], "uv": [0, 0]},
						{"origin": [-9, 137, 17], "size": [18, 3, 2], "uv": [0, 0]},
						{"origin": [-9, 140, 18], "size": [18, 3, 2], "uv": [0, 0]},
						{"origin": [-9, 129, -1], "size": [18, 2, 8], "uv": [0, 0]},
						{"origin": [9, 130, -1], "size": [4, 2, 8], "uv": [0, 0]},
						{"origin": [-13, 130, -1], "size": [4, 2, 8], "uv": [0, 0]},
						{"origin": [-13, 131, 7], "size": [4, 2, 3], "uv": [0, 0]},
						{"origin": [9, 131, 7], "size": [4, 2, 3], "uv": [0, 0]},
						{"origin": [-16, 132, 7], "size": [3, 2, 3], "uv": [0, 0]},
						{"origin": [13, 132, 7], "size": [3, 2, 3], "uv": [0, 0]},
						{"origin": [-18, 134, 10], "size": [2, 2, 3], "uv": [0, 0]},
						{"origin": [16, 134, 10], "size": [2, 2, 3], "uv": [0, 0]},
						{"origin": [-18, 135, 13], "size": [2, 2, 2], "uv": [0, 0]},
						{"origin": [16, 135, 13], "size": [2, 2, 2], "uv": [0, 0]},
						{"origin": [-18, 140, 15], "size": [2, 3, 2], "uv": [0, 0]},
						{"origin": [16, 140, 15], "size": [2, 3, 2], "uv": [0, 0]},
						{"origin": [-18, 137, 14], "size": [2, 3, 2], "uv": [0, 0]},
						{"origin": [16, 137, 14], "size": [2, 3, 2], "uv": [0, 0]},
						{"origin": [-18, 133, 7], "size": [2, 2, 3], "uv": [0, 0]},
						{"origin": [16, 133, 7], "size": [2, 2, 3], "uv": [0, 0]},
						{"origin": [-20, 134, 7], "size": [2, 2, 3], "uv": [0, 0]},
						{"origin": [18, 134, 7], "size": [2, 2, 3], "uv": [0, 0]},
						{"origin": [-21, 135, 7], "size": [2, 2, 3], "uv": [0, 0]},
						{"origin": [19, 135, 7], "size": [2, 2, 3], "uv": [0, 0]},
						{"origin": [-22, 137, 7], "size": [2, 3, 3], "uv": [0, 0]},
						{"origin": [20, 137, 7], "size": [2, 3, 3], "uv": [0, 0]},
						{"origin": [-23, 140, 7], "size": [2, 3, 3], "uv": [0, 0]},
						{"origin": [21, 140, 7], "size": [2, 3, 3], "uv": [0, 0]},
						{"origin": [-21, 137, 10], "size": [2, 2, 2], "uv": [0, 0]},
						{"origin": [19, 137, 10], "size": [2, 2, 2], "uv": [0, 0]},
						{"origin": [-21, 138, 10], "size": [2, 2, 3], "uv": [0, 0]},
						{"origin": [19, 138, 10], "size": [2, 2, 3], "uv": [0, 0]},
						{"origin": [-22, 140, 10], "size": [2, 3, 3], "uv": [0, 0]},
						{"origin": [20, 140, 10], "size": [2, 3, 3], "uv": [0, 0]},
						{"origin": [-20, 135, 10], "size": [2, 2, 3], "uv": [0, 0]},
						{"origin": [18, 135, 10], "size": [2, 2, 3], "uv": [0, 0]},
						{"origin": [-20, 136, 12], "size": [2, 2, 2], "uv": [0, 0]},
						{"origin": [18, 136, 12], "size": [2, 2, 2], "uv": [0, 0]},
						{"origin": [-20, 137, 13], "size": [2, 3, 2], "uv": [0, 0]},
						{"origin": [18, 137, 13], "size": [2, 3, 2], "uv": [0, 0]},
						{"origin": [-20, 140, 14], "size": [2, 3, 2], "uv": [0, 0]},
						{"origin": [18, 140, 14], "size": [2, 3, 2], "uv": [0, 0]},
						{"origin": [-21, 140, 13], "size": [2, 3, 2], "uv": [0, 0]},
						{"origin": [19, 140, 13], "size": [2, 3, 2], "uv": [0, 0]},
						{"origin": [-16, 133, 10], "size": [3, 2, 3], "uv": [0, 0]},
						{"origin": [13, 133, 10], "size": [3, 2, 3], "uv": [0, 0]},
						{"origin": [-16, 134, 13], "size": [3, 2, 2], "uv": [0, 0]},
						{"origin": [13, 134, 13], "size": [3, 2, 2], "uv": [0, 0]},
						{"origin": [-16, 135, 14], "size": [3, 2, 2], "uv": [0, 0]},
						{"origin": [13, 135, 14], "size": [3, 2, 2], "uv": [0, 0]},
						{"origin": [-16, 140, 16], "size": [3, 3, 2], "uv": [0, 0]},
						{"origin": [13, 140, 16], "size": [3, 3, 2], "uv": [0, 0]},
						{"origin": [-16, 137, 15], "size": [3, 3, 2], "uv": [0, 0]},
						{"origin": [13, 137, 15], "size": [3, 3, 2], "uv": [0, 0]},
						{"origin": [-13, 132, 10], "size": [4, 2, 3], "uv": [0, 0]},
						{"origin": [9, 132, 10], "size": [4, 2, 3], "uv": [0, 0]},
						{"origin": [-13, 133, 13], "size": [4, 2, 2], "uv": [0, 0]},
						{"origin": [9, 133, 13], "size": [4, 2, 2], "uv": [0, 0]},
						{"origin": [-13, 134, 14], "size": [4, 2, 2], "uv": [0, 0]},
						{"origin": [9, 134, 14], "size": [4, 2, 2], "uv": [0, 0]},
						{"origin": [-13, 140, 17], "size": [4, 3, 2], "uv": [0, 0]},
						{"origin": [9, 140, 17], "size": [4, 3, 2], "uv": [0, 0]},
						{"origin": [-13, 135, 15], "size": [4, 2, 2], "uv": [0, 0]},
						{"origin": [9, 135, 15], "size": [4, 2, 2], "uv": [0, 0]},
						{"origin": [-13, 137, 16], "size": [4, 3, 2], "uv": [0, 0]},
						{"origin": [9, 137, 16], "size": [4, 3, 2], "uv": [0, 0]},
						{"origin": [-16, 131, -1], "size": [3, 2, 8], "uv": [0, 0]},
						{"origin": [13, 131, -1], "size": [3, 2, 8], "uv": [0, 0]},
						{"origin": [16, 132, -1], "size": [2, 2, 8], "uv": [0, 0]},
						{"origin": [18, 133, -1], "size": [2, 2, 8], "uv": [0, 0]},
						{"origin": [19, 134, -1], "size": [2, 2, 8], "uv": [0, 0]},
						{"origin": [-21, 134, -1], "size": [2, 2, 8], "uv": [0, 0]},
						{"origin": [-22, 135, -1], "size": [2, 2, 8], "uv": [0, 0]},
						{"origin": [20, 135, -1], "size": [2, 2, 8], "uv": [0, 0]},
						{"origin": [21, 137, -1], "size": [2, 3, 8], "uv": [0, 0]},
						{"origin": [-23, 137, -1], "size": [2, 3, 8], "uv": [0, 0]},
						{"origin": [22, 140, -1], "size": [2, 4, 8], "uv": [0, 0]},
						{"origin": [-24, 140, -1], "size": [2, 4, 8], "uv": [0, 0]},
						{"origin": [-20, 133, -1], "size": [2, 2, 8], "uv": [0, 0]},
						{"origin": [-18, 132, -1], "size": [2, 2, 8], "uv": [0, 0]}
					]
				},
				{
					"name": "eye",
					"parent": "ad",
					"pivot": [-10, 110, -16],
					"rotation": [-5, 0, 0]
				},
				{
					"name": "bol",
					"parent": "eye",
					"pivot": [-3, 85, 1],
					"cubes": [
						{"origin": [-14, 107, -17], "size": [9, 5, 4], "uv": [188, 16]},
						{"origin": [-13, 106, -17], "size": [7, 7, 4], "uv": [188, 16]},
						{"origin": [-12, 105, -17], "size": [5, 9, 4], "uv": [188, 16]},
						{"origin": [-12, 112, -23], "size": [5, 2, 8], "pivot": [-9.5, 112.5, -16], "rotation": [90, 0, 0], "uv": [188, 16]},
						{"origin": [-12, 112, -22], "size": [5, 3, 6], "pivot": [-9.5, 112.5, -16], "rotation": [90, 0, 0], "uv": [188, 16]},
						{"origin": [-13, 112, -22], "size": [7, 2, 6], "pivot": [-9.5, 112.5, -16], "rotation": [90, 0, 0], "uv": [188, 16]},
						{"origin": [-12, 108.5, -20.5], "size": [5, 2, 8], "pivot": [-9.5, 109.5, -16.5], "rotation": [90, 0, 90], "uv": [188, 16]},
						{"origin": [-13, 108.5, -19.5], "size": [7, 2, 6], "pivot": [-9.5, 109.5, -16.5], "rotation": [90, 0, 90], "uv": [188, 16]},
						{"origin": [-12, 109.5, -19.5], "size": [5, 2, 6], "pivot": [-9.5, 109.5, -16.5], "rotation": [90, 0, 90], "uv": [188, 16]},
						{"origin": [-8, 109, -17], "size": [8, 6, 4], "pivot": [-8, 113.5, -16], "rotation": [0, 0, 90], "uv": [188, 16]},
						{"origin": [-7, 108, -17], "size": [6, 8, 4], "pivot": [-8, 113.5, -16], "rotation": [0, 0, 90], "uv": [188, 16]},
						{"origin": [-7, 109, -18], "size": [6, 6, 3], "pivot": [-8, 113.5, -16], "rotation": [0, 0, 90], "uv": [188, 16]},
						{"origin": [-12, 106, -18], "size": [5, 7, 3], "uv": [188, 16]},
						{"origin": [-13, 107, -18], "size": [7, 5, 3], "uv": [188, 16]}
					]
				},
				{
					"name": "black",
					"parent": "eye",
					"pivot": [-9.5, 109.5, -18],
					"cubes": [
						{"origin": [-11, 107, -19], "size": [3, 5, 2], "uv": [42, 222]},
						{"origin": [-15.5, 108.5, -19], "size": [4, 4, 2], "pivot": [-11.5, 110, -18], "rotation": [0, 0, -180], "uv": [42, 222]},
						{"origin": [-12, 108, -19], "size": [5, 3, 2], "uv": [42, 222]}
					]
				},
				{
					"name": "eye2",
					"parent": "ad",
					"pivot": [9, 110, -16],
					"rotation": [-10, 0, 0]
				},
				{
					"name": "bol2",
					"parent": "eye2",
					"pivot": [16, 85, 1],
					"cubes": [
						{"origin": [5, 107, -17], "size": [9, 5, 4], "uv": [188, 16]},
						{"origin": [6, 106, -17], "size": [7, 7, 4], "uv": [188, 16]},
						{"origin": [7, 105, -17], "size": [5, 9, 4], "uv": [188, 16]},
						{"origin": [7, 112, -23], "size": [5, 2, 8], "pivot": [9.5, 112.5, -16], "rotation": [90, 0, 0], "uv": [188, 16]},
						{"origin": [7, 112, -22], "size": [5, 3, 6], "pivot": [9.5, 112.5, -16], "rotation": [90, 0, 0], "uv": [188, 16]},
						{"origin": [6, 112, -22], "size": [7, 2, 6], "pivot": [9.5, 112.5, -16], "rotation": [90, 0, 0], "uv": [188, 16]},
						{"origin": [7, 108.5, -20.5], "size": [5, 2, 8], "pivot": [9.5, 109.5, -16.5], "rotation": [90, 0, 90], "uv": [188, 16]},
						{"origin": [6, 108.5, -19.5], "size": [7, 2, 6], "pivot": [9.5, 109.5, -16.5], "rotation": [90, 0, 90], "uv": [188, 16]},
						{"origin": [7, 109.5, -19.5], "size": [5, 2, 6], "pivot": [9.5, 109.5, -16.5], "rotation": [90, 0, 90], "uv": [188, 16]},
						{"origin": [11, 109, -17], "size": [8, 6, 5], "pivot": [11, 113.5, -16], "rotation": [0, 0, 90], "uv": [188, 16]},
						{"origin": [12, 108, -17], "size": [6, 8, 4], "pivot": [11, 113.5, -16], "rotation": [0, 0, 90], "uv": [188, 16]},
						{"origin": [12, 109, -18], "size": [6, 6, 3], "pivot": [11, 113.5, -16], "rotation": [0, 0, 90], "uv": [188, 16]},
						{"origin": [7, 106, -18], "size": [5, 7, 3], "uv": [188, 16]},
						{"origin": [6, 107, -18], "size": [7, 5, 3], "uv": [188, 16]}
					]
				},
				{
					"name": "black2",
					"parent": "eye2",
					"pivot": [9.5, 109.5, -18],
					"cubes": [
						{"origin": [8, 107, -19], "size": [3, 5, 2], "uv": [42, 222]},
						{"origin": [3.5, 108.5, -19], "size": [4, 4, 2], "pivot": [7.5, 110, -18], "rotation": [0, 0, -180], "uv": [42, 222]},
						{"origin": [7, 108, -19], "size": [5, 3, 2], "uv": [42, 222]}
					]
				},
				{
					"name": "brao",
					"parent": "corpo",
					"pivot": [18, 82, 2],
					"rotation": [-45.02728, -1.76749, -8.23167]
				},
				{
					"name": "Cm6",
					"parent": "brao",
					"pivot": [20, 80, 2.5],
					"cubes": [
						{"origin": [14, 70, 0], "size": [11, 11, 3], "uv": [0, 0]},
						{"origin": [15, 70, 0], "size": [9, 13, 3], "uv": [0, 0]},
						{"origin": [16, 70, 0], "size": [7, 14, 3], "uv": [0, 0]},
						{"origin": [18, 70, 0], "size": [3, 15, 3], "uv": [0, 0]},
						{"origin": [18, 70, -2], "size": [3, 14, 7], "uv": [0, 0]},
						{"origin": [18, 70, -3], "size": [3, 13, 9], "uv": [0, 0]},
						{"origin": [16, 70, -2], "size": [7, 13, 7], "uv": [0, 0]},
						{"origin": [16, 70, -3], "size": [7, 11, 9], "uv": [0, 0]},
						{"origin": [18, 70, -4], "size": [3, 11, 11], "uv": [0, 0]},
						{"origin": [15, 70, -2], "size": [9, 11, 7], "uv": [0, 0]}
					]
				},
				{
					"name": "cm7",
					"parent": "Cm6",
					"pivot": [20, 70, 2.5],
					"cubes": [
						{"origin": [13, 58, 0], "size": [13, 13, 3], "uv": [0, 0]},
						{"origin": [15, 58, -3], "size": [9, 13, 9], "uv": [0, 0]},
						{"origin": [16, 58, -4], "size": [7, 13, 11], "uv": [0, 0]},
						{"origin": [18, 58, -5], "size": [3, 13, 13], "uv": [0, 0]},
						{"origin": [14, 58, -2], "size": [11, 13, 7], "uv": [0, 0]}
					]
				},
				{
					"name": "cm8",
					"parent": "cm7",
					"pivot": [20, 58, 2.5],
					"cubes": [
						{"origin": [12, 45, 0], "size": [15, 14, 3], "uv": [0, 0]},
						{"origin": [14, 45, -3], "size": [11, 14, 9], "uv": [0, 0]},
						{"origin": [15, 45, -4], "size": [9, 14, 11], "uv": [0, 0]},
						{"origin": [16, 45, -5], "size": [7, 14, 13], "uv": [0, 0]},
						{"origin": [18, 45, -6], "size": [3, 14, 15], "uv": [0, 0]},
						{"origin": [13, 45, -2], "size": [13, 14, 7], "uv": [0, 0]}
					]
				},
				{
					"name": "cm9",
					"parent": "cm8",
					"pivot": [20, 45, 2.5],
					"rotation": [7.5, 0, 0],
					"cubes": [
						{"origin": [11, 33, 0], "size": [17, 13, 3], "uv": [0, 0]},
						{"origin": [13, 33, -3], "size": [13, 13, 9], "uv": [0, 0]},
						{"origin": [14, 33, -4], "size": [11, 13, 11], "uv": [0, 0]},
						{"origin": [15, 33, -5], "size": [9, 13, 13], "uv": [0, 0]},
						{"origin": [16, 33, -6], "size": [7, 13, 15], "uv": [0, 0]},
						{"origin": [18, 33, -7], "size": [3, 13, 17], "uv": [0, 0]},
						{"origin": [12, 33, -2], "size": [15, 13, 7], "uv": [0, 0]}
					]
				},
				{
					"name": "cm10",
					"parent": "cm9",
					"pivot": [20, 33, 2.5],
					"rotation": [20, 0, 0],
					"cubes": [
						{"origin": [10, 20, 0], "size": [19, 14, 3], "uv": [0, 0]},
						{"origin": [12, 20, -3], "size": [15, 14, 9], "uv": [0, 0]},
						{"origin": [13, 20, -4], "size": [13, 14, 11], "uv": [0, 0]},
						{"origin": [14, 20, -5], "size": [11, 14, 13], "uv": [0, 0]},
						{"origin": [15, 20, -6], "size": [9, 14, 15], "uv": [0, 0]},
						{"origin": [16, 20, -7], "size": [7, 14, 17], "uv": [0, 0]},
						{"origin": [18, 20, -8], "size": [3, 14, 19], "uv": [0, 0]},
						{"origin": [11, 20, -2], "size": [17, 14, 7], "uv": [0, 0]}
					]
				},
				{
					"name": "cm11",
					"parent": "cm10",
					"pivot": [20, 20, 2.5],
					"rotation": [40, 0, 0],
					"cubes": [
						{"origin": [9, 8, 0], "size": [21, 13, 3], "uv": [0, 0]},
						{"origin": [11, 8, -3], "size": [17, 13, 9], "uv": [0, 0]},
						{"origin": [12, 8, -4], "size": [15, 13, 11], "uv": [0, 0]},
						{"origin": [13, 8, -5], "size": [13, 13, 13], "uv": [0, 0]},
						{"origin": [14, 8, -6], "size": [11, 13, 15], "uv": [0, 0]},
						{"origin": [15, 8, -7], "size": [9, 13, 17], "uv": [0, 0]},
						{"origin": [18, 8, -9], "size": [3, 13, 21], "uv": [0, 0]},
						{"origin": [16, 8, -8], "size": [7, 13, 19], "uv": [0, 0]},
						{"origin": [10, 8, -2], "size": [19, 13, 7], "uv": [0, 0]}
					]
				},
				{
					"name": "cm12",
					"parent": "cm11",
					"pivot": [20, 8, 2.5],
					"rotation": [30, 0, 0],
					"cubes": [
						{"origin": [8, -5, 0], "size": [23, 14, 3], "uv": [0, 0]},
						{"origin": [10, -5, -3], "size": [19, 14, 9], "uv": [0, 0]},
						{"origin": [11, -5, -4], "size": [17, 14, 11], "uv": [0, 0]},
						{"origin": [12, -5, -5], "size": [15, 14, 13], "uv": [0, 0]},
						{"origin": [13, -5, -6], "size": [13, 14, 15], "uv": [0, 0]},
						{"origin": [14, -5, -7], "size": [11, 14, 17], "uv": [0, 0]},
						{"origin": [15, -5, -8], "size": [9, 14, 19], "uv": [0, 0]},
						{"origin": [16, -5, -9], "size": [7, 14, 21], "uv": [0, 0]},
						{"origin": [18, -5, -10], "size": [3, 14, 23], "uv": [0, 0]},
						{"origin": [9, -5, -2], "size": [21, 14, 7], "uv": [0, 0]}
					]
				},
				{
					"name": "cm13",
					"parent": "cm12",
					"pivot": [20, -5, 2.5],
					"cubes": [
						{"origin": [12, -18, -2], "size": [16, 14, 7], "uv": [0, 0]},
						{"origin": [13, -20, -2], "size": [14, 2, 7], "uv": [0, 0]},
						{"origin": [14, -20, -4], "size": [12, 2, 11], "uv": [0, 0]},
						{"origin": [15, -20, -5], "size": [10, 2, 13], "uv": [0, 0]},
						{"origin": [16, -20, -6], "size": [8, 2, 15], "uv": [0, 0]},
						{"origin": [17, -20, -7], "size": [6, 2, 17], "uv": [0, 0]},
						{"origin": [18, -20, -8], "size": [4, 2, 19], "uv": [0, 0]},
						{"origin": [18, -21, -7], "size": [4, 3, 17], "uv": [163, 209]},
						{"origin": [16, -21, -5], "size": [8, 3, 13], "uv": [184, 223]},
						{"origin": [17, -21, -6], "size": [6, 3, 15], "uv": [174, 214]},
						{"origin": [15, -21, -4], "size": [10, 3, 11], "uv": [172, 222]},
						{"origin": [18, -22, -5], "size": [4, 4, 13], "uv": [177, 205]},
						{"origin": [17, -22, -4], "size": [6, 4, 11], "uv": [174, 218]},
						{"origin": [14, -18, -5], "size": [12, 14, 13], "uv": [0, 0]},
						{"origin": [15, -18, -6], "size": [10, 14, 15], "uv": [0, 0]},
						{"origin": [16, -18, -7], "size": [8, 14, 17], "uv": [0, 0]},
						{"origin": [17, -18, -8], "size": [6, 14, 19], "uv": [0, 0]},
						{"origin": [18, -18, -9], "size": [4, 14, 21], "uv": [0, 0]},
						{"origin": [13, -18, -4], "size": [14, 14, 11], "uv": [0, 0]}
					]
				},
				{
					"name": "cm14",
					"parent": "cm12",
					"pivot": [20, -4, -3.5],
					"rotation": [-54.06134, 12.2403, 8.73739],
					"cubes": [
						{"origin": [15, -19, -9], "size": [8, 2, 2], "uv": [0, 0]},
						{"origin": [16, -19, -10], "size": [6, 2, 4], "uv": [0, 0]},
						{"origin": [17, -19, -11], "size": [4, 2, 6], "uv": [0, 0]},
						{"origin": [18, -19, -12], "size": [2, 2, 8], "uv": [0, 0]},
						{"origin": [18, -20, -11], "size": [2, 3, 6], "uv": [0, 0]},
						{"origin": [16, -20, -9], "size": [6, 3, 2], "uv": [0, 0]},
						{"origin": [17, -20, -10], "size": [4, 3, 4], "uv": [0, 0]},
						{"origin": [18, -21, -9], "size": [2, 4, 2], "uv": [0, 0]},
						{"origin": [14, -17, -9], "size": [10, 14, 2], "uv": [0, 0]},
						{"origin": [15, -17, -10], "size": [8, 14, 4], "uv": [0, 0]},
						{"origin": [16, -17, -11], "size": [6, 14, 6], "uv": [0, 0]},
						{"origin": [17, -17, -12], "size": [4, 14, 8], "uv": [0, 0]},
						{"origin": [18, -17, -13], "size": [2, 14, 10], "uv": [0, 0]}
					]
				},
				{
					"name": "brao2",
					"parent": "corpo",
					"pivot": [-16, 82, 3],
					"rotation": [-42.47283, 1.68868, 11.84373]
				},
				{
					"name": "Cm15",
					"parent": "brao2",
					"pivot": [-17.95442, 79.61592, 3.85195],
					"cubes": [
						{"origin": [-23.95442, 69.61592, 1.35195], "size": [11, 11, 3], "uv": [0, 0]},
						{"origin": [-22.95442, 69.61592, 1.35195], "size": [9, 13, 3], "uv": [0, 0]},
						{"origin": [-21.95442, 69.61592, 1.35195], "size": [7, 14, 3], "uv": [0, 0]},
						{"origin": [-19.95442, 69.61592, 1.35195], "size": [3, 15, 3], "uv": [0, 0]},
						{"origin": [-19.95442, 69.61592, -0.64805], "size": [3, 14, 7], "uv": [0, 0]},
						{"origin": [-19.95442, 69.61592, -1.64805], "size": [3, 13, 9], "uv": [0, 0]},
						{"origin": [-21.95442, 69.61592, -0.64805], "size": [7, 13, 7], "uv": [0, 0]},
						{"origin": [-21.95442, 69.61592, -1.64805], "size": [7, 11, 9], "uv": [0, 0]},
						{"origin": [-19.95442, 69.61592, -2.64805], "size": [3, 11, 11], "uv": [0, 0]},
						{"origin": [-22.95442, 69.61592, -0.64805], "size": [9, 11, 7], "uv": [0, 0]}
					]
				},
				{
					"name": "cm16",
					"parent": "Cm15",
					"pivot": [-17.95442, 69.61592, 3.85195],
					"cubes": [
						{"origin": [-24.95442, 57.61592, 1.35195], "size": [13, 13, 3], "uv": [0, 0]},
						{"origin": [-22.95442, 57.61592, -1.64805], "size": [9, 13, 9], "uv": [0, 0]},
						{"origin": [-21.95442, 57.61592, -2.64805], "size": [7, 13, 11], "uv": [0, 0]},
						{"origin": [-19.95442, 57.61592, -3.64805], "size": [3, 13, 13], "uv": [0, 0]},
						{"origin": [-23.95442, 57.61592, -0.64805], "size": [11, 13, 7], "uv": [0, 0]}
					]
				},
				{
					"name": "cm17",
					"parent": "cm16",
					"pivot": [-17.95442, 57.61592, 3.85195],
					"cubes": [
						{"origin": [-25.95442, 44.61592, 1.35195], "size": [15, 14, 3], "uv": [0, 0]},
						{"origin": [-23.95442, 44.61592, -1.64805], "size": [11, 14, 9], "uv": [0, 0]},
						{"origin": [-22.95442, 44.61592, -2.64805], "size": [9, 14, 11], "uv": [0, 0]},
						{"origin": [-21.95442, 44.61592, -3.64805], "size": [7, 14, 13], "uv": [0, 0]},
						{"origin": [-19.95442, 44.61592, -4.64805], "size": [3, 14, 15], "uv": [0, 0]},
						{"origin": [-24.95442, 44.61592, -0.64805], "size": [13, 14, 7], "uv": [0, 0]}
					]
				},
				{
					"name": "cm18",
					"parent": "cm17",
					"pivot": [-17.95442, 44.61592, 3.85195],
					"cubes": [
						{"origin": [-26.95442, 32.61592, 1.35195], "size": [17, 13, 3], "uv": [0, 0]},
						{"origin": [-24.95442, 32.61592, -1.64805], "size": [13, 13, 9], "uv": [0, 0]},
						{"origin": [-23.95442, 32.61592, -2.64805], "size": [11, 13, 11], "uv": [0, 0]},
						{"origin": [-22.95442, 32.61592, -3.64805], "size": [9, 13, 13], "uv": [0, 0]},
						{"origin": [-21.95442, 32.61592, -4.64805], "size": [7, 13, 15], "uv": [0, 0]},
						{"origin": [-19.95442, 32.61592, -5.64805], "size": [3, 13, 17], "uv": [0, 0]},
						{"origin": [-25.95442, 32.61592, -0.64805], "size": [15, 13, 7], "uv": [0, 0]}
					]
				},
				{
					"name": "cm19",
					"parent": "cm18",
					"pivot": [-17.95442, 32.61592, 3.85195],
					"rotation": [30, 0, 0],
					"cubes": [
						{"origin": [-27.95442, 19.61592, 1.35195], "size": [19, 14, 3], "uv": [0, 0]},
						{"origin": [-25.95442, 19.61592, -1.64805], "size": [15, 14, 9], "uv": [0, 0]},
						{"origin": [-24.95442, 19.61592, -2.64805], "size": [13, 14, 11], "uv": [0, 0]},
						{"origin": [-23.95442, 19.61592, -3.64805], "size": [11, 14, 13], "uv": [0, 0]},
						{"origin": [-22.95442, 19.61592, -4.64805], "size": [9, 14, 15], "uv": [0, 0]},
						{"origin": [-21.95442, 19.61592, -5.64805], "size": [7, 14, 17], "uv": [0, 0]},
						{"origin": [-19.95442, 19.61592, -6.64805], "size": [3, 14, 19], "uv": [0, 0]},
						{"origin": [-26.95442, 19.61592, -0.64805], "size": [17, 14, 7], "uv": [0, 0]}
					]
				},
				{
					"name": "cm20",
					"parent": "cm19",
					"pivot": [-17.95442, 19.61592, 3.85195],
					"rotation": [35, 0, 0],
					"cubes": [
						{"origin": [-28.95442, 7.61592, 1.35195], "size": [21, 13, 3], "uv": [0, 0]},
						{"origin": [-26.95442, 7.61592, -1.64805], "size": [17, 13, 9], "uv": [0, 0]},
						{"origin": [-25.95442, 7.61592, -2.64805], "size": [15, 13, 11], "uv": [0, 0]},
						{"origin": [-24.95442, 7.61592, -3.64805], "size": [13, 13, 13], "uv": [0, 0]},
						{"origin": [-23.95442, 7.61592, -4.64805], "size": [11, 13, 15], "uv": [0, 0]},
						{"origin": [-22.95442, 7.61592, -5.64805], "size": [9, 13, 17], "uv": [0, 0]},
						{"origin": [-19.95442, 7.61592, -7.64805], "size": [3, 13, 21], "uv": [0, 0]},
						{"origin": [-21.95442, 7.61592, -6.64805], "size": [7, 13, 19], "uv": [0, 0]},
						{"origin": [-27.95442, 7.61592, -0.64805], "size": [19, 13, 7], "uv": [0, 0]}
					]
				},
				{
					"name": "cm21",
					"parent": "cm20",
					"pivot": [-17.95442, 7.61592, 3.85195],
					"rotation": [27.5, 0, 0],
					"cubes": [
						{"origin": [-29.95442, -5.38408, 1.35195], "size": [23, 14, 3], "uv": [0, 0]},
						{"origin": [-27.95442, -5.38408, -1.64805], "size": [19, 14, 9], "uv": [0, 0]},
						{"origin": [-26.95442, -5.38408, -2.64805], "size": [17, 14, 11], "uv": [0, 0]},
						{"origin": [-25.95442, -5.38408, -3.64805], "size": [15, 14, 13], "uv": [0, 0]},
						{"origin": [-24.95442, -5.38408, -4.64805], "size": [13, 14, 15], "uv": [0, 0]},
						{"origin": [-23.95442, -5.38408, -5.64805], "size": [11, 14, 17], "uv": [0, 0]},
						{"origin": [-22.95442, -5.38408, -6.64805], "size": [9, 14, 19], "uv": [0, 0]},
						{"origin": [-21.95442, -5.38408, -7.64805], "size": [7, 14, 21], "uv": [0, 0]},
						{"origin": [-19.95442, -5.38408, -8.64805], "size": [3, 14, 23], "uv": [0, 0]},
						{"origin": [-28.95442, -5.38408, -0.64805], "size": [21, 14, 7], "uv": [0, 0]}
					]
				},
				{
					"name": "cm22",
					"parent": "cm21",
					"pivot": [-17.95442, -5.38408, 3.85195],
					"cubes": [
						{"origin": [-25.95442, -18.38408, -0.64805], "size": [16, 14, 7], "uv": [0, 0]},
						{"origin": [-24.95442, -20.38408, -0.64805], "size": [14, 2, 7], "uv": [0, 0]},
						{"origin": [-23.95442, -20.38408, -2.64805], "size": [12, 2, 11], "uv": [0, 0]},
						{"origin": [-22.95442, -20.38408, -3.64805], "size": [10, 2, 13], "uv": [0, 0]},
						{"origin": [-21.95442, -20.38408, -4.64805], "size": [8, 2, 15], "uv": [0, 0]},
						{"origin": [-20.95442, -20.38408, -5.64805], "size": [6, 2, 17], "uv": [0, 0]},
						{"origin": [-19.95442, -20.38408, -6.64805], "size": [4, 2, 19], "uv": [0, 0]},
						{"origin": [-19.95442, -21.38408, -5.64805], "size": [4, 3, 17], "uv": [0, 0]},
						{"origin": [-21.95442, -21.38408, -3.64805], "size": [8, 3, 13], "uv": [0, 0]},
						{"origin": [-20.95442, -21.38408, -4.64805], "size": [6, 3, 15], "uv": [0, 0]},
						{"origin": [-22.95442, -21.38408, -2.64805], "size": [10, 3, 11], "uv": [0, 0]},
						{"origin": [-19.95442, -22.38408, -3.64805], "size": [4, 4, 13], "uv": [0, 0]},
						{"origin": [-20.95442, -22.38408, -2.64805], "size": [6, 4, 11], "uv": [0, 0]},
						{"origin": [-23.95442, -18.38408, -3.64805], "size": [12, 14, 13], "uv": [0, 0]},
						{"origin": [-22.95442, -18.38408, -4.64805], "size": [10, 14, 15], "uv": [0, 0]},
						{"origin": [-21.95442, -18.38408, -5.64805], "size": [8, 14, 17], "uv": [0, 0]},
						{"origin": [-20.95442, -18.38408, -6.64805], "size": [6, 14, 19], "uv": [0, 0]},
						{"origin": [-19.95442, -18.38408, -7.64805], "size": [4, 14, 21], "uv": [0, 0]},
						{"origin": [-24.95442, -18.38408, -2.64805], "size": [14, 14, 11], "uv": [0, 0]}
					]
				},
				{
					"name": "cm23",
					"parent": "cm21",
					"pivot": [-17.95442, -4.38408, -2.14805],
					"rotation": [-52.31056, -20.25437, -14.97401],
					"cubes": [
						{"origin": [-22.95442, -19.38408, -7.64805], "size": [8, 2, 2], "uv": [0, 0]},
						{"origin": [-21.95442, -19.38408, -8.64805], "size": [6, 2, 4], "uv": [0, 0]},
						{"origin": [-20.95442, -19.38408, -9.64805], "size": [4, 2, 6], "uv": [0, 0]},
						{"origin": [-19.95442, -19.38408, -10.64805], "size": [2, 2, 8], "uv": [0, 0]},
						{"origin": [-19.95442, -20.38408, -9.64805], "size": [2, 3, 6], "uv": [0, 0]},
						{"origin": [-21.95442, -20.38408, -7.64805], "size": [6, 3, 2], "uv": [0, 0]},
						{"origin": [-20.95442, -20.38408, -8.64805], "size": [4, 3, 4], "uv": [0, 0]},
						{"origin": [-19.95442, -21.38408, -7.64805], "size": [2, 4, 2], "uv": [0, 0]},
						{"origin": [-23.95442, -17.38408, -7.64805], "size": [10, 14, 2], "uv": [0, 0]},
						{"origin": [-22.95442, -17.38408, -8.64805], "size": [8, 14, 4], "uv": [0, 0]},
						{"origin": [-21.95442, -17.38408, -9.64805], "size": [6, 14, 6], "uv": [0, 0]},
						{"origin": [-20.95442, -17.38408, -10.64805], "size": [4, 14, 8], "uv": [0, 0]},
						{"origin": [-19.95442, -17.38408, -11.64805], "size": [2, 14, 10], "uv": [0, 0]}
					]
				},
				{
					"name": "part2",
					"parent": "jumbojosh",
					"pivot": [0, 81, -3]
				},
				{
					"name": "falda",
					"parent": "part2",
					"pivot": [0, 83, -3],
					"cubes": [
						{"origin": [-14, 36, -3], "size": [28, 8, 8], "uv": [0, 0]},
						{"origin": [-13, 35, -3], "size": [26, 9, 8], "uv": [0, 0]},
						{"origin": [-11, 34, -3], "size": [22, 9, 8], "uv": [0, 0]},
						{"origin": [-11, 35, -6], "size": [22, 8, 14], "uv": [0, 0]},
						{"origin": [-9, 35, -7], "size": [18, 8, 16], "uv": [0, 0]},
						{"origin": [-9, 34, -5], "size": [18, 9, 12], "uv": [0, 0]},
						{"origin": [-10, 34, -4], "size": [20, 9, 10], "uv": [0, 0]},
						{"origin": [-12, 35, -5], "size": [24, 8, 12], "uv": [0, 0]},
						{"origin": [-13, 36, -5], "size": [26, 8, 12], "uv": [0, 0]},
						{"origin": [-12, 36, -6], "size": [24, 8, 14], "uv": [0, 0]},
						{"origin": [-11, 36, -7], "size": [22, 8, 16], "uv": [0, 0]},
						{"origin": [-9, 36, -8], "size": [18, 8, 18], "uv": [0, 0]},
						{"origin": [-15, 38, -3], "size": [30, 17, 8], "uv": [0, 0]},
						{"origin": [-14, 38, -5], "size": [28, 17, 12], "uv": [0, 0]},
						{"origin": [-11, 38, -8], "size": [22, 17, 18], "uv": [0, 0]},
						{"origin": [-9, 38, -9], "size": [18, 17, 20], "uv": [0, 0]},
						{"origin": [-13, 38, -7], "size": [26, 17, 16], "uv": [0, 0]}
					]
				},
				{
					"name": "perna",
					"parent": "part2",
					"pivot": [8, 35, 1]
				},
				{
					"name": "Cm",
					"parent": "perna",
					"pivot": [8, 35, 1.5],
					"cubes": [
						{"origin": [2, 25, -1], "size": [12, 11, 4], "uv": [0, 0]},
						{"origin": [4, 25, -4], "size": [8, 11, 10], "uv": [0, 0]},
						{"origin": [6, 25, -5], "size": [4, 11, 12], "uv": [0, 0]},
						{"origin": [3, 25, -3], "size": [10, 11, 8], "uv": [0, 0]}
					]
				},
				{
					"name": "cm",
					"parent": "Cm",
					"pivot": [8, 25, 1.5],
					"cubes": [
						{"origin": [1, 13, -1], "size": [14, 13, 4], "uv": [0, 0]},
						{"origin": [3, 13, -4], "size": [10, 13, 10], "uv": [0, 0]},
						{"origin": [4, 13, -5], "size": [8, 13, 12], "uv": [0, 0]},
						{"origin": [6, 13, -6], "size": [4, 13, 14], "uv": [0, 0]},
						{"origin": [2, 13, -3], "size": [12, 13, 8], "uv": [0, 0]}
					]
				},
				{
					"name": "cm2",
					"parent": "cm",
					"pivot": [8, 13, 1.5],
					"cubes": [
						{"origin": [0, 0, -1], "size": [16, 14, 4], "uv": [0, 0]},
						{"origin": [2, 0, -4], "size": [12, 14, 10], "uv": [0, 0]},
						{"origin": [3, 0, -5], "size": [10, 14, 12], "uv": [0, 0]},
						{"origin": [4, 0, -6], "size": [8, 14, 14], "uv": [0, 0]},
						{"origin": [6, 0, -7], "size": [4, 14, 16], "uv": [0, 0]},
						{"origin": [1, 0, -3], "size": [14, 14, 8], "uv": [0, 0]}
					]
				},
				{
					"name": "perna2",
					"parent": "part2",
					"pivot": [-8, 35, 1]
				},
				{
					"name": "Cm3",
					"parent": "perna2",
					"pivot": [-8, 35, 1.5],
					"cubes": [
						{"origin": [-14, 25, -1], "size": [12, 11, 4], "uv": [0, 0]},
						{"origin": [-12, 25, -4], "size": [8, 11, 10], "uv": [0, 0]},
						{"origin": [-10, 25, -5], "size": [4, 11, 12], "uv": [0, 0]},
						{"origin": [-13, 25, -3], "size": [10, 11, 8], "uv": [0, 0]}
					]
				},
				{
					"name": "cm4",
					"parent": "Cm3",
					"pivot": [-8, 25, 1.5],
					"cubes": [
						{"origin": [-15, 13, -1], "size": [14, 13, 4], "uv": [0, 0]},
						{"origin": [-13, 13, -4], "size": [10, 13, 10], "uv": [0, 0]},
						{"origin": [-12, 13, -5], "size": [8, 13, 12], "uv": [0, 0]},
						{"origin": [-10, 13, -6], "size": [4, 13, 14], "uv": [0, 0]},
						{"origin": [-14, 13, -3], "size": [12, 13, 8], "uv": [0, 0]}
					]
				},
				{
					"name": "cm5",
					"parent": "cm4",
					"pivot": [-8, 13, 1.5],
					"cubes": [
						{"origin": [-16, 0, -1], "size": [16, 14, 4], "uv": [0, 0]},
						{"origin": [-14, 0, -4], "size": [12, 14, 10], "uv": [0, 0]},
						{"origin": [-13, 0, -5], "size": [10, 14, 12], "uv": [0, 0]},
						{"origin": [-12, 0, -6], "size": [8, 14, 14], "uv": [0, 0]},
						{"origin": [-10, 0, -7], "size": [4, 14, 16], "uv": [0, 0]},
						{"origin": [-15, 0, -3], "size": [14, 14, 8], "uv": [0, 0]}
					]
				}
			]
		}
	]
}