{
	"format_version": "1.12.0",
	"minecraft:geometry": [
		{
			"description": {
				"identifier": "geometry.nabnab",
				"texture_width": 260,
				"texture_height": 260,
				"visible_bounds_width": 10,
				"visible_bounds_height": 8.5,
				"visible_bounds_offset": [0, 3.75, 0]
			},
			"bones": [
				{
					"name": "nabnab",
					"pivot": [0, 0, 0]
				},
				{
					"name": "part1",
					"parent": "nabnab",
					"pivot": [-1, 53, 0]
				},
				{
					"name": "ad",
					"parent": "part1",
					"pivot": [0, 81, 3]
				},
				{
					"name": "mask",
					"parent": "ad",
					"pivot": [-26, 6, 0],
					"cubes": [
						{"origin": [-2, 98, 1], "size": [4, 2, 4], "uv": [0, 0]},
						{"origin": [4, 96, -1], "size": [2, 2, 6], "uv": [0, 0]},
						{"origin": [5, 95, -1], "size": [2, 2, 6], "uv": [0, 0]},
						{"origin": [-7, 95, -1], "size": [2, 2, 6], "uv": [0, 0]},
						{"origin": [6, 93, -1], "size": [2, 2, 6], "uv": [0, 0]},
						{"origin": [-8, 93, -1], "size": [2, 2, 6], "uv": [0, 0]},
						{"origin": [7, 90, -1], "size": [2, 3, 6], "uv": [0, 0]},
						{"origin": [-9, 90, -1], "size": [2, 3, 6], "uv": [0, 0]},
						{"origin": [8, 87, -1], "size": [2, 3, 6], "uv": [0, 0]},
						{"origin": [-10, 87, -1], "size": [2, 3, 6], "uv": [0, 0]},
						{"origin": [9, 84, -1], "size": [2, 3, 6], "uv": [0, 0]},
						{"origin": [-11, 84, -1], "size": [2, 3, 6], "uv": [0, 0]},
						{"origin": [-12, 81, -1], "size": [2, 3, 6], "uv": [0, 0]},
						{"origin": [-11, 81, -3], "size": [2, 3, 2], "uv": [0, 0]},
						{"origin": [-10, 84, -3], "size": [2, 3, 2], "uv": [0, 0]},
						{"origin": [-9, 87, -3], "size": [2, 3, 2], "uv": [0, 0]},
						{"origin": [-8, 90, -3], "size": [2, 3, 2], "uv": [0, 0]},
						{"origin": [6, 90, -3], "size": [2, 3, 2], "uv": [0, 0]},
						{"origin": [-6, 90, -4], "size": [3, 3, 2], "uv": [0, 0]},
						{"origin": [-6, 93, -3], "size": [3, 3, 2], "uv": [0, 0]},
						{"origin": [3, 93, -3], "size": [3, 3, 2], "uv": [0, 0]},
						{"origin": [3, 96, -2], "size": [3, 1, 1], "uv": [0, 0]},
						{"origin": [-6, 96, -2], "size": [3, 1, 1], "uv": [0, 0]},
						{"origin": [-7, 93, -2], "size": [1, 2, 1], "uv": [0, 0]},
						{"origin": [6, 93, -2], "size": [1, 2, 1], "uv": [0, 0]},
						{"origin": [3, 90, -4], "size": [3, 3, 2], "uv": [0, 0]},
						{"origin": [7, 87, -3], "size": [2, 3, 2], "uv": [0, 0]},
						{"origin": [-8, 87, -4], "size": [2, 3, 2], "uv": [0, 0]},
						{"origin": [6, 87, -4], "size": [2, 3, 2], "uv": [0, 0]},
						{"origin": [-6, 87, -5], "size": [3, 3, 2], "uv": [0, 0]},
						{"origin": [3, 87, -5], "size": [3, 3, 2], "uv": [0, 0]},
						{"origin": [8, 84, -3], "size": [2, 3, 2], "uv": [0, 0]},
						{"origin": [-9, 84, -4], "size": [2, 3, 2], "uv": [0, 0]},
						{"origin": [7, 84, -4], "size": [2, 3, 2], "uv": [0, 0]},
						{"origin": [-8, 84, -5], "size": [2, 3, 2], "uv": [0, 0]},
						{"origin": [6, 84, -5], "size": [2, 3, 2], "uv": [0, 0]},
						{"origin": [-6, 84, -6], "size": [3, 3, 2], "uv": [0, 0]},
						{"origin": [3, 84, -6], "size": [3, 3, 2], "uv": [0, 0]},
						{"origin": [9, 81, -3], "size": [2, 3, 2], "uv": [0, 0]},
						{"origin": [-10, 81, -5], "size": [2, 3, 2], "uv": [0, 0]},
						{"origin": [8, 80, -5], "size": [2, 4, 2], "uv": [0, 0]},
						{"origin": [-8, 80, -6], "size": [2, 4, 2], "uv": [0, 0]},
						{"origin": [6, 80, -6], "size": [2, 4, 2], "uv": [0, 0]},
						{"origin": [3, 80, -7], "size": [3, 4, 2], "uv": [0, 0]},
						{"origin": [-6, 80, -7], "size": [3, 4, 2], "uv": [0, 0]},
						{"origin": [-3, 80, -8], "size": [6, 4, 2], "uv": [0, 0]},
						{"origin": [-3, 87, -6], "size": [6, 3, 2], "uv": [0, 0]},
						{"origin": [-3, 90, -5], "size": [6, 3, 2], "uv": [0, 0]},
						{"origin": [-3, 93, -4], "size": [6, 3, 2], "uv": [0, 0]},
						{"origin": [-3, 96, -3], "size": [6, 2, 2], "uv": [0, 0]},
						{"origin": [-3, 84, -7], "size": [6, 3, 2], "uv": [0, 0]},
						{"origin": [10, 81, -1], "size": [2, 3, 6], "uv": [0, 0]},
						{"origin": [-6, 96, -1], "size": [2, 2, 6], "uv": [0, 0]},
						{"origin": [2, 97, -1], "size": [2, 2, 6], "uv": [0, 0]},
						{"origin": [-4, 97, -1], "size": [6, 2, 6], "uv": [0, 0]}
					]
				},
				{
					"name": "mask4",
					"parent": "mask",
					"pivot": [0.03636, 89.37273, 3.32727],
					"rotation": [0, 180, 0],
					"cubes": [
						{"origin": [-2, 98, 1], "size": [4, 2, 4], "uv": [0, 0]},
						{"origin": [4, 96, -1], "size": [2, 2, 6], "uv": [0, 0]},
						{"origin": [5, 95, -1], "size": [2, 2, 6], "uv": [0, 0]},
						{"origin": [-7, 95, -1], "size": [2, 2, 6], "uv": [0, 0]},
						{"origin": [6, 93, -1], "size": [2, 2, 6], "uv": [0, 0]},
						{"origin": [-8, 93, -1], "size": [2, 2, 6], "uv": [0, 0]},
						{"origin": [7, 90, -1], "size": [2, 3, 6], "uv": [0, 0]},
						{"origin": [-9, 90, -1], "size": [2, 3, 6], "uv": [0, 0]},
						{"origin": [8, 87, -1], "size": [2, 3, 6], "uv": [0, 0]},
						{"origin": [-10, 87, -1], "size": [2, 3, 6], "uv": [0, 0]},
						{"origin": [9, 84, -1], "size": [2, 3, 6], "uv": [0, 0]},
						{"origin": [-11, 84, -1], "size": [2, 3, 6], "uv": [0, 0]},
						{"origin": [-12, 81, -1], "size": [2, 3, 6], "uv": [0, 0]},
						{"origin": [-11, 81, -3], "size": [2, 3, 2], "uv": [0, 0]},
						{"origin": [-10, 84, -3], "size": [2, 3, 2], "uv": [0, 0]},
						{"origin": [-9, 87, -3], "size": [2, 3, 2], "uv": [0, 0]},
						{"origin": [-8, 90, -3], "size": [2, 3, 2], "uv": [0, 0]},
						{"origin": [6, 90, -3], "size": [2, 3, 2], "uv": [0, 0]},
						{"origin": [-6, 90, -4], "size": [3, 3, 2], "uv": [0, 0]},
						{"origin": [-6, 93, -3], "size": [3, 3, 2], "uv": [0, 0]},
						{"origin": [3, 93, -3], "size": [3, 3, 2], "uv": [0, 0]},
						{"origin": [3, 96, -2], "size": [3, 1, 1], "uv": [0, 0]},
						{"origin": [-6, 96, -2], "size": [3, 1, 1], "uv": [0, 0]},
						{"origin": [-7, 93, -2], "size": [1, 2, 1], "uv": [0, 0]},
						{"origin": [6, 93, -2], "size": [1, 2, 1], "uv": [0, 0]},
						{"origin": [3, 90, -4], "size": [3, 3, 2], "uv": [0, 0]},
						{"origin": [7, 87, -3], "size": [2, 3, 2], "uv": [0, 0]},
						{"origin": [-8, 87, -4], "size": [2, 3, 2], "uv": [0, 0]},
						{"origin": [6, 87, -4], "size": [2, 3, 2], "uv": [0, 0]},
						{"origin": [-6, 87, -5], "size": [3, 3, 2], "uv": [0, 0]},
						{"origin": [3, 87, -5], "size": [3, 3, 2], "uv": [0, 0]},
						{"origin": [8, 84, -3], "size": [2, 3, 2], "uv": [0, 0]},
						{"origin": [-9, 84, -4], "size": [2, 3, 2], "uv": [0, 0]},
						{"origin": [7, 84, -4], "size": [2, 3, 2], "uv": [0, 0]},
						{"origin": [-8, 84, -5], "size": [2, 3, 2], "uv": [0, 0]},
						{"origin": [6, 84, -5], "size": [2, 3, 2], "uv": [0, 0]},
						{"origin": [-6, 84, -6], "size": [3, 3, 2], "uv": [0, 0]},
						{"origin": [3, 84, -6], "size": [3, 3, 2], "uv": [0, 0]},
						{"origin": [9, 81, -3], "size": [2, 3, 2], "uv": [0, 0]},
						{"origin": [-10, 81, -5], "size": [2, 3, 2], "uv": [0, 0]},
						{"origin": [8, 81, -5], "size": [2, 3, 2], "uv": [0, 0]},
						{"origin": [-8, 81, -6], "size": [2, 3, 2], "uv": [0, 0]},
						{"origin": [6, 81, -6], "size": [2, 3, 2], "uv": [0, 0]},
						{"origin": [3, 81, -7], "size": [3, 3, 2], "uv": [0, 0]},
						{"origin": [-6, 81, -7], "size": [3, 3, 2], "uv": [0, 0]},
						{"origin": [-3, 81, -8], "size": [6, 3, 2], "uv": [0, 0]},
						{"origin": [-3, 87, -6], "size": [6, 3, 2], "uv": [0, 0]},
						{"origin": [-3, 90, -5], "size": [6, 3, 2], "uv": [0, 0]},
						{"origin": [-3, 93, -4], "size": [6, 3, 2], "uv": [0, 0]},
						{"origin": [-3, 96, -3], "size": [6, 2, 2], "uv": [0, 0]},
						{"origin": [-3, 84, -7], "size": [6, 3, 2], "uv": [0, 0]},
						{"origin": [10, 81, -1], "size": [2, 3, 6], "uv": [0, 0]},
						{"origin": [-6, 96, -1], "size": [2, 2, 6], "uv": [0, 0]},
						{"origin": [2, 97, -1], "size": [2, 2, 6], "uv": [0, 0]},
						{"origin": [-4, 97, -1], "size": [6, 2, 6], "uv": [0, 0]}
					]
				},
				{
					"name": "olho",
					"parent": "ad",
					"pivot": [0, 95, -4],
					"rotation": [-7.5, 0, 0],
					"cubes": [
						{"origin": [-1, 92.69929, -4.95372], "size": [2, 4, 2], "uv": [187, 0]},
						{"origin": [0, 94.69929, -4.95372], "size": [3, 3, 2], "pivot": [0, 96.19929, -4.45372], "rotation": [0, 0, 90], "uv": [187, 0]},
						{"origin": [-2, 93.69929, -4.95372], "size": [4, 2, 2], "uv": [187, 0]},
						{"origin": [-1, 93.69929, -5.95372], "size": [2, 2, 2], "uv": [66, 226]},
						{"origin": [-0.5, 94.19929, -5.95372], "size": [1, 3, 2], "pivot": [0, 95.19929, -5.45372], "rotation": [0, 0, -180], "uv": [66, 226]},
						{"origin": [-1, 93.69929, -5.95372], "size": [1, 3, 2], "pivot": [-0.5, 94.69929, -5.45372], "rotation": [0, 0, 90], "uv": [66, 226]}
					]
				},
				{
					"name": "olho2",
					"parent": "olho",
					"pivot": [4, 90, -5],
					"cubes": [
						{"origin": [3, 87.69929, -5.95372], "size": [2, 4, 2], "uv": [187, 0]},
						{"origin": [4, 89.69929, -5.95372], "size": [3, 3, 2], "pivot": [4, 91.19929, -5.45372], "rotation": [0, 0, 90], "uv": [187, 0]},
						{"origin": [2, 88.69929, -5.95372], "size": [4, 2, 2], "uv": [187, 0]},
						{"origin": [3, 88.69929, -6.95372], "size": [2, 2, 2], "uv": [66, 226]},
						{"origin": [3.5, 89.19929, -6.95372], "size": [1, 3, 2], "pivot": [4, 90.19929, -6.45372], "rotation": [0, 0, -180], "uv": [66, 226]},
						{"origin": [3, 88.69929, -6.95372], "size": [1, 3, 2], "pivot": [3.5, 89.69929, -6.45372], "rotation": [0, 0, 90], "uv": [66, 226]}
					]
				},
				{
					"name": "olho3",
					"parent": "olho",
					"pivot": [-4, 90, -5],
					"cubes": [
						{"origin": [-5, 87.69929, -5.95372], "size": [2, 4, 2], "uv": [187, 0]},
						{"origin": [-4, 89.69929, -5.95372], "size": [3, 3, 2], "pivot": [-4, 91.19929, -5.45372], "rotation": [0, 0, 90], "uv": [187, 0]},
						{"origin": [-6, 88.69929, -5.95372], "size": [4, 2, 2], "uv": [187, 0]},
						{"origin": [-5, 88.69929, -6.95372], "size": [2, 2, 2], "uv": [66, 226]},
						{"origin": [-4.5, 89.19929, -6.95372], "size": [1, 3, 2], "pivot": [-4, 90.19929, -6.45372], "rotation": [0, 0, -180], "uv": [66, 226]},
						{"origin": [-5, 88.69929, -6.95372], "size": [1, 3, 2], "pivot": [-4.5, 89.69929, -6.45372], "rotation": [0, 0, 90], "uv": [66, 226]}
					]
				},
				{
					"name": "chapeu2",
					"parent": "ad",
					"pivot": [-4.5, 95.25, 3.5],
					"rotation": [-2.38443, -0.75155, -32.48436],
					"cubes": [
						{"origin": [-9, 95, 2], "size": [9, 3, 3], "uv": [181, 25]},
						{"origin": [-6, 99, 2], "size": [3, 3, 3], "uv": [181, 25]},
						{"origin": [-7, 99, 3], "size": [5, 3, 1], "uv": [181, 25]},
						{"origin": [-5, 103, 3], "size": [1, 3, 1], "uv": [181, 25]},
						{"origin": [-8, 97, 2], "size": [7, 3, 3], "uv": [48, 240]},
						{"origin": [-6, 101, 3], "size": [3, 3, 1], "uv": [48, 240]},
						{"origin": [-7, 97, 1], "size": [5, 3, 5], "uv": [48, 240]},
						{"origin": [-8, 95, 1], "size": [7, 3, 5], "uv": [181, 25]},
						{"origin": [-7, 95, 0], "size": [5, 3, 7], "uv": [181, 25]}
					]
				},
				{
					"name": "chapeu3",
					"parent": "chapeu2",
					"pivot": [-4.5, 95.25, 3.5],
					"rotation": [0.08268, -89.24413, -0.01585],
					"cubes": [
						{"origin": [-9, 95, 2], "size": [9, 3, 3], "uv": [181, 25]},
						{"origin": [-6, 99, 2], "size": [3, 3, 3], "uv": [181, 25]},
						{"origin": [-7, 99, 3], "size": [5, 3, 1], "uv": [181, 25]},
						{"origin": [-8, 97, 2], "size": [7, 3, 3], "uv": [48, 240]},
						{"origin": [-6, 101, 3], "size": [3, 3, 1], "uv": [48, 240]},
						{"origin": [-7, 97, 1], "size": [5, 3, 5], "uv": [48, 240]},
						{"origin": [-8, 95, 1], "size": [7, 3, 5], "uv": [181, 25]},
						{"origin": [-7, 95, 0], "size": [5, 3, 7], "uv": [181, 25]}
					]
				},
				{
					"name": "corpo",
					"parent": "part1",
					"pivot": [0, 51, -1],
					"cubes": [
						{"origin": [-6, 51, -8], "size": [12, 2, 17], "uv": [0, 0]},
						{"origin": [6, 52, -8], "size": [3, 2, 17], "uv": [0, 0]},
						{"origin": [-9, 52, -8], "size": [3, 2, 17], "uv": [0, 0]},
						{"origin": [-9, 76, -8], "size": [3, 2, 17], "uv": [0, 0]},
						{"origin": [6, 76, -8], "size": [3, 2, 17], "uv": [0, 0]},
						{"origin": [3, 77, -8], "size": [3, 2, 17], "uv": [0, 0]},
						{"origin": [-6, 77, -8], "size": [5, 2, 17], "uv": [0, 0]},
						{"origin": [-1, 78, -8], "size": [4, 2, 17], "uv": [0, 0]},
						{"origin": [-10, 53, -8], "size": [2, 3, 17], "uv": [0, 0]},
						{"origin": [-10, 74, -8], "size": [2, 3, 17], "uv": [0, 0]},
						{"origin": [8, 74, -8], "size": [2, 3, 17], "uv": [0, 0]},
						{"origin": [-12, 61, -8], "size": [2, 8, 17], "uv": [0, 0]},
						{"origin": [10, 61, -8], "size": [2, 8, 17], "uv": [0, 0]},
						{"origin": [11, 64, -3], "size": [2, 6, 13], "uv": [0, 0]},
						{"origin": [-13, 64, -3], "size": [2, 6, 13], "uv": [0, 0]},
						{"origin": [12, 69, -3], "size": [2, 6, 13], "uv": [0, 0]},
						{"origin": [-14, 80, -3], "size": [3, 2, 13], "uv": [0, 0]},
						{"origin": [11, 80, -3], "size": [3, 2, 13], "uv": [0, 0]},
						{"origin": [7, 81, -3], "size": [4, 2, 13], "uv": [0, 0]},
						{"origin": [7, 80, -5], "size": [4, 2, 6], "uv": [0, 0]},
						{"origin": [-11, 80, -5], "size": [4, 2, 6], "uv": [0, 0]},
						{"origin": [8, 74, -6], "size": [3, 6, 6], "uv": [0, 0]},
						{"origin": [-11, 74, -6], "size": [3, 6, 6], "uv": [0, 0]},
						{"origin": [7, 77, -6], "size": [4, 3, 6], "uv": [0, 0]},
						{"origin": [-11, 77, -6], "size": [4, 3, 6], "uv": [0, 0]},
						{"origin": [-11, 81, -3], "size": [4, 2, 13], "uv": [0, 0]},
						{"origin": [-7, 82, -3], "size": [14, 2, 13], "uv": [0, 0]},
						{"origin": [-7, 81, 6], "size": [14, 2, 6], "uv": [0, 0]},
						{"origin": [-7, 80, 8], "size": [14, 2, 6], "uv": [0, 0]},
						{"origin": [-7, 79, 9], "size": [14, 2, 6], "uv": [0, 0]},
						{"origin": [-7, 77, 10], "size": [14, 2, 6], "uv": [0, 0]},
						{"origin": [-7, 71, 11], "size": [14, 6, 6], "uv": [0, 0]},
						{"origin": [-10, 71, 10], "size": [3, 6, 6], "uv": [0, 0]},
						{"origin": [7, 71, 10], "size": [3, 6, 6], "uv": [0, 0]},
						{"origin": [-10, 66, 9], "size": [3, 5, 6], "uv": [0, 0]},
						{"origin": [7, 66, 9], "size": [3, 5, 6], "uv": [0, 0]},
						{"origin": [-11, 66, 8], "size": [3, 5, 6], "uv": [0, 0]},
						{"origin": [8, 66, 8], "size": [3, 5, 6], "uv": [0, 0]},
						{"origin": [-12, 66, 6], "size": [3, 5, 6], "uv": [0, 0]},
						{"origin": [9, 66, 6], "size": [3, 5, 6], "uv": [0, 0]},
						{"origin": [-9, 61, 8], "size": [3, 5, 6], "uv": [0, 0]},
						{"origin": [6, 61, 8], "size": [3, 5, 6], "uv": [0, 0]},
						{"origin": [-9, 56, 7], "size": [2, 5, 6], "uv": [0, 0]},
						{"origin": [7, 56, 7], "size": [2, 5, 6], "uv": [0, 0]},
						{"origin": [-9, 54, 5], "size": [2, 5, 6], "uv": [0, 0]},
						{"origin": [7, 54, 5], "size": [2, 5, 6], "uv": [0, 0]},
						{"origin": [-10, 56, 5], "size": [2, 5, 6], "uv": [0, 0]},
						{"origin": [8, 56, 5], "size": [2, 5, 6], "uv": [0, 0]},
						{"origin": [-11, 61, 5], "size": [2, 5, 6], "uv": [0, 0]},
						{"origin": [9, 61, 5], "size": [2, 5, 6], "uv": [0, 0]},
						{"origin": [-10, 61, 7], "size": [2, 5, 6], "uv": [0, 0]},
						{"origin": [8, 61, 7], "size": [2, 5, 6], "uv": [0, 0]},
						{"origin": [-10, 77, 9], "size": [3, 2, 6], "uv": [0, 0]},
						{"origin": [7, 77, 9], "size": [3, 2, 6], "uv": [0, 0]},
						{"origin": [-10, 79, 8], "size": [3, 2, 6], "uv": [0, 0]},
						{"origin": [7, 79, 8], "size": [3, 2, 6], "uv": [0, 0]},
						{"origin": [-10, 80, 6], "size": [3, 2, 6], "uv": [0, 0]},
						{"origin": [7, 80, 6], "size": [3, 2, 6], "uv": [0, 0]},
						{"origin": [10, 79, 6], "size": [2, 2, 6], "uv": [0, 0]},
						{"origin": [-12, 79, 6], "size": [2, 2, 6], "uv": [0, 0]},
						{"origin": [-12, 77, 7], "size": [2, 2, 6], "uv": [0, 0]},
						{"origin": [10, 77, 7], "size": [2, 2, 6], "uv": [0, 0]},
						{"origin": [-13, 77, 5], "size": [2, 3, 6], "uv": [0, 0]},
						{"origin": [11, 77, 5], "size": [2, 3, 6], "uv": [0, 0]},
						{"origin": [-12, 71, 8], "size": [2, 6, 6], "uv": [0, 0]},
						{"origin": [10, 71, 8], "size": [2, 6, 6], "uv": [0, 0]},
						{"origin": [-13, 71, 6], "size": [2, 6, 6], "uv": [0, 0]},
						{"origin": [11, 71, 6], "size": [2, 6, 6], "uv": [0, 0]},
						{"origin": [-7, 66, 10], "size": [14, 5, 6], "uv": [0, 0]},
						{"origin": [-7, 61, 9], "size": [14, 5, 6], "uv": [0, 0]},
						{"origin": [-7, 56, 8], "size": [14, 5, 6], "uv": [0, 0]},
						{"origin": [-7, 54, 7], "size": [14, 2, 6], "uv": [0, 0]},
						{"origin": [-7, 52, 5], "size": [14, 2, 6], "uv": [0, 0]},
						{"origin": [-7, 81, -5], "size": [14, 2, 6], "uv": [0, 0]},
						{"origin": [-7, 80, -6], "size": [14, 2, 6], "uv": [0, 0]},
						{"origin": [-7, 78, -7], "size": [14, 2, 6], "uv": [0, 0]},
						{"origin": [-14, 69, -3], "size": [2, 6, 13], "uv": [0, 0]},
						{"origin": [13, 75, -3], "size": [2, 6, 13], "uv": [0, 0]},
						{"origin": [11, 75, -5], "size": [3, 6, 6], "uv": [0, 0]},
						{"origin": [-14, 75, -5], "size": [3, 6, 6], "uv": [0, 0]},
						{"origin": [10, 69, -5], "size": [3, 6, 6], "uv": [0, 0]},
						{"origin": [-13, 69, -5], "size": [3, 6, 6], "uv": [0, 0]},
						{"origin": [-15, 75, -3], "size": [2, 6, 13], "uv": [0, 0]},
						{"origin": [8, 53, -8], "size": [2, 3, 17], "uv": [0, 0]},
						{"origin": [9, 56, -8], "size": [2, 5, 17], "uv": [0, 0]},
						{"origin": [9, 69, -8], "size": [2, 5, 17], "uv": [0, 0]},
						{"origin": [-11, 56, -8], "size": [2, 5, 17], "uv": [0, 0]},
						{"origin": [-11, 69, -8], "size": [2, 5, 17], "uv": [0, 0]}
					]
				},
				{
					"name": "dente10",
					"parent": "corpo",
					"pivot": [0, 51, 1],
					"cubes": [
						{"origin": [-0.43837, 53, -5.79558], "size": [2, 2, 5], "pivot": [0.56163, 54, -3.79558], "rotation": [0, 50, 0], "uv": [181, 23]},
						{"origin": [-0.43837, 53, -5.79558], "size": [3, 2, 4], "pivot": [0.56163, 54, -3.79558], "rotation": [0, -40, 0], "uv": [181, 23]},
						{"origin": [0.56163, 55, -4.79558], "size": [1, 2, 2], "pivot": [0.56163, 56, -3.79558], "rotation": [0, -40, 0], "uv": [181, 23]},
						{"origin": [-0.55535, 55, -4.47419], "size": [3, 2, 2], "pivot": [0.94465, 56, -3.47419], "rotation": [0, -40, 0], "uv": [181, 23]},
						{"origin": [-0.55535, 55, -4.47419], "size": [3, 2, 2], "pivot": [0.94465, 56, -3.47419], "rotation": [0, -130, 0], "uv": [181, 23]},
						{"origin": [-0.55535, 53, -5.47419], "size": [3, 2, 4], "pivot": [0.94465, 56, -3.47419], "rotation": [0, -130, 0], "uv": [181, 23]},
						{"origin": [-0.05535, 57, -3.97419], "size": [2, 2, 1], "pivot": [0.94465, 58.5, -3.47419], "rotation": [0, 50, 0], "uv": [181, 23]},
						{"origin": [-0.05535, 57, -3.97419], "size": [2, 2, 1], "pivot": [0.94465, 58.5, -3.47419], "rotation": [0, -37.5, 0], "uv": [181, 23]},
						{"origin": [0.49931, 58.06031, -3.66981], "size": [1, 2, 1], "pivot": [1.34133, 59, -3.16981], "rotation": [32.76021, -54.0698, -40.88193], "uv": [181, 23]}
					]
				},
				{
					"name": "dente11",
					"parent": "dente10",
					"pivot": [-8, 54, 1],
					"rotation": [0, 0, 35],
					"cubes": [
						{"origin": [-9.43837, 54, -5.79558], "size": [2, 2, 5], "pivot": [-8.43837, 55, -3.79558], "rotation": [0, 50, 0], "uv": [181, 23]},
						{"origin": [-9.43837, 54, -5.79558], "size": [3, 2, 4], "pivot": [-8.43837, 55, -3.79558], "rotation": [0, -40, 0], "uv": [181, 23]},
						{"origin": [-8.43837, 56, -4.79558], "size": [1, 2, 2], "pivot": [-8.43837, 57, -3.79558], "rotation": [0, -40, 0], "uv": [181, 23]},
						{"origin": [-9.55535, 56, -4.47419], "size": [3, 2, 2], "pivot": [-8.05535, 57, -3.47419], "rotation": [0, -40, 0], "uv": [181, 23]},
						{"origin": [-9.55535, 56, -4.47419], "size": [3, 2, 2], "pivot": [-8.05535, 57, -3.47419], "rotation": [0, -130, 0], "uv": [181, 23]},
						{"origin": [-9.55535, 54, -5.47419], "size": [3, 2, 4], "pivot": [-8.05535, 57, -3.47419], "rotation": [0, -130, 0], "uv": [181, 23]},
						{"origin": [-9.05535, 58, -3.97419], "size": [2, 2, 1], "pivot": [-8.05535, 59.5, -3.47419], "rotation": [0, 50, 0], "uv": [181, 23]},
						{"origin": [-9.05535, 58, -3.97419], "size": [2, 2, 1], "pivot": [-8.05535, 59.5, -3.47419], "rotation": [0, -37.5, 0], "uv": [181, 23]},
						{"origin": [-8.50069, 59.06031, -3.66981], "size": [1, 2, 1], "pivot": [-7.65867, 60, -3.16981], "rotation": [32.76021, -54.0698, -40.88193], "uv": [181, 23]}
					]
				},
				{
					"name": "dente15",
					"parent": "dente10",
					"pivot": [9, 56, 1],
					"rotation": [0, 0, -40],
					"cubes": [
						{"origin": [7.56163, 56, -5.79558], "size": [2, 2, 5], "pivot": [8.56163, 57, -3.79558], "rotation": [0, 50, 0], "uv": [181, 23]},
						{"origin": [7.56163, 56, -5.79558], "size": [3, 2, 4], "pivot": [8.56163, 57, -3.79558], "rotation": [0, -40, 0], "uv": [181, 23]},
						{"origin": [8.56163, 58, -4.79558], "size": [1, 2, 2], "pivot": [8.56163, 59, -3.79558], "rotation": [0, -40, 0], "uv": [181, 23]},
						{"origin": [7.44465, 58, -4.47419], "size": [3, 2, 2], "pivot": [8.94465, 59, -3.47419], "rotation": [0, -40, 0], "uv": [181, 23]},
						{"origin": [7.44465, 58, -4.47419], "size": [3, 2, 2], "pivot": [8.94465, 59, -3.47419], "rotation": [0, -130, 0], "uv": [181, 23]},
						{"origin": [7.44465, 56, -5.47419], "size": [3, 2, 4], "pivot": [8.94465, 59, -3.47419], "rotation": [0, -130, 0], "uv": [181, 23]},
						{"origin": [7.94465, 60, -3.97419], "size": [2, 2, 1], "pivot": [8.94465, 61.5, -3.47419], "rotation": [0, 50, 0], "uv": [181, 23]},
						{"origin": [7.94465, 60, -3.97419], "size": [2, 2, 1], "pivot": [8.94465, 61.5, -3.47419], "rotation": [0, -37.5, 0], "uv": [181, 23]},
						{"origin": [8.49931, 61.06031, -3.66981], "size": [1, 2, 1], "pivot": [9.34133, 62, -3.16981], "rotation": [32.76021, -54.0698, -40.88193], "uv": [181, 23]}
					]
				},
				{
					"name": "dente16",
					"parent": "dente10",
					"pivot": [10, 65, 1],
					"rotation": [0, 0, -85],
					"cubes": [
						{"origin": [8.56163, 65, -5.79558], "size": [2, 2, 5], "pivot": [9.56163, 66, -3.79558], "rotation": [0, 50, 0], "uv": [181, 23]},
						{"origin": [8.56163, 65, -5.79558], "size": [3, 2, 4], "pivot": [9.56163, 66, -3.79558], "rotation": [0, -40, 0], "uv": [181, 23]},
						{"origin": [9.56163, 67, -4.79558], "size": [1, 2, 2], "pivot": [9.56163, 68, -3.79558], "rotation": [0, -40, 0], "uv": [181, 23]},
						{"origin": [8.44465, 67, -4.47419], "size": [3, 2, 2], "pivot": [9.94465, 68, -3.47419], "rotation": [0, -40, 0], "uv": [181, 23]},
						{"origin": [8.44465, 67, -4.47419], "size": [3, 2, 2], "pivot": [9.94465, 68, -3.47419], "rotation": [0, -130, 0], "uv": [181, 23]},
						{"origin": [8.44465, 65, -5.47419], "size": [3, 2, 4], "pivot": [9.94465, 68, -3.47419], "rotation": [0, -130, 0], "uv": [181, 23]},
						{"origin": [8.94465, 69, -3.97419], "size": [2, 2, 1], "pivot": [9.94465, 70.5, -3.47419], "rotation": [0, 50, 0], "uv": [181, 23]},
						{"origin": [8.94465, 69, -3.97419], "size": [2, 2, 1], "pivot": [9.94465, 70.5, -3.47419], "rotation": [0, -37.5, 0], "uv": [181, 23]},
						{"origin": [9.49931, 70.06031, -3.66981], "size": [1, 2, 1], "pivot": [10.34133, 71, -3.16981], "rotation": [32.76021, -54.0698, -40.88193], "uv": [181, 23]}
					]
				},
				{
					"name": "dente17",
					"parent": "dente10",
					"pivot": [8, 76, 1],
					"rotation": [0, 0, -147.5],
					"cubes": [
						{"origin": [6.56163, 76, -5.79558], "size": [2, 2, 5], "pivot": [7.56163, 77, -3.79558], "rotation": [0, 50, 0], "uv": [181, 23]},
						{"origin": [6.56163, 76, -5.79558], "size": [3, 2, 4], "pivot": [7.56163, 77, -3.79558], "rotation": [0, -40, 0], "uv": [181, 23]},
						{"origin": [7.56163, 78, -4.79558], "size": [1, 2, 2], "pivot": [7.56163, 79, -3.79558], "rotation": [0, -40, 0], "uv": [181, 23]},
						{"origin": [6.44465, 78, -4.47419], "size": [3, 2, 2], "pivot": [7.94465, 79, -3.47419], "rotation": [0, -40, 0], "uv": [181, 23]},
						{"origin": [6.44465, 78, -4.47419], "size": [3, 2, 2], "pivot": [7.94465, 79, -3.47419], "rotation": [0, -130, 0], "uv": [181, 23]},
						{"origin": [6.44465, 76, -5.47419], "size": [3, 2, 4], "pivot": [7.94465, 79, -3.47419], "rotation": [0, -130, 0], "uv": [181, 23]},
						{"origin": [6.94465, 80, -3.97419], "size": [2, 2, 1], "pivot": [7.94465, 81.5, -3.47419], "rotation": [0, 50, 0], "uv": [181, 23]},
						{"origin": [6.94465, 80, -3.97419], "size": [2, 2, 1], "pivot": [7.94465, 81.5, -3.47419], "rotation": [0, -37.5, 0], "uv": [181, 23]},
						{"origin": [7.49931, 81.06031, -3.66981], "size": [1, 2, 1], "pivot": [8.34133, 82, -3.16981], "rotation": [32.76021, -54.0698, -40.88193], "uv": [181, 23]}
					]
				},
				{
					"name": "dente12",
					"parent": "dente10",
					"pivot": [-11, 63, 1],
					"rotation": [0, 0, 75],
					"cubes": [
						{"origin": [-12.43837, 63, -5.79558], "size": [2, 2, 5], "pivot": [-11.43837, 64, -3.79558], "rotation": [0, 50, 0], "uv": [181, 23]},
						{"origin": [-12.43837, 63, -5.79558], "size": [3, 2, 4], "pivot": [-11.43837, 64, -3.79558], "rotation": [0, -40, 0], "uv": [181, 23]},
						{"origin": [-11.43837, 65, -4.79558], "size": [1, 2, 2], "pivot": [-11.43837, 66, -3.79558], "rotation": [0, -40, 0], "uv": [181, 23]},
						{"origin": [-12.55535, 65, -4.47419], "size": [3, 2, 2], "pivot": [-11.05535, 66, -3.47419], "rotation": [0, -40, 0], "uv": [181, 23]},
						{"origin": [-12.55535, 65, -4.47419], "size": [3, 2, 2], "pivot": [-11.05535, 66, -3.47419], "rotation": [0, -130, 0], "uv": [181, 23]},
						{"origin": [-12.55535, 63, -5.47419], "size": [3, 2, 4], "pivot": [-11.05535, 66, -3.47419], "rotation": [0, -130, 0], "uv": [181, 23]},
						{"origin": [-12.05535, 67, -3.97419], "size": [2, 2, 1], "pivot": [-11.05535, 68.5, -3.47419], "rotation": [0, 50, 0], "uv": [181, 23]},
						{"origin": [-12.05535, 66, -3.97419], "size": [2, 3, 1], "pivot": [-11.05535, 68.5, -3.47419], "rotation": [0, -37.5, 0], "uv": [181, 23]},
						{"origin": [-11.50069, 68.06031, -3.66981], "size": [1, 2, 1], "pivot": [-10.65867, 69, -3.16981], "rotation": [32.76021, -54.0698, -40.88193], "uv": [181, 23]}
					]
				},
				{
					"name": "dente13",
					"parent": "dente10",
					"pivot": [-10, 72, 1],
					"rotation": [0, 0, 110],
					"cubes": [
						{"origin": [-11.43837, 72, -5.79558], "size": [2, 2, 5], "pivot": [-10.43837, 73, -3.79558], "rotation": [0, 50, 0], "uv": [181, 23]},
						{"origin": [-11.43837, 72, -5.79558], "size": [3, 2, 4], "pivot": [-10.43837, 73, -3.79558], "rotation": [0, -40, 0], "uv": [181, 23]},
						{"origin": [-10.43837, 74, -4.79558], "size": [1, 2, 2], "pivot": [-10.43837, 75, -3.79558], "rotation": [0, -40, 0], "uv": [181, 23]},
						{"origin": [-11.55535, 74, -4.47419], "size": [3, 2, 2], "pivot": [-10.05535, 75, -3.47419], "rotation": [0, -40, 0], "uv": [181, 23]},
						{"origin": [-11.55535, 74, -4.47419], "size": [3, 2, 2], "pivot": [-10.05535, 75, -3.47419], "rotation": [0, -130, 0], "uv": [181, 23]},
						{"origin": [-11.55535, 72, -5.47419], "size": [3, 2, 4], "pivot": [-10.05535, 75, -3.47419], "rotation": [0, -130, 0], "uv": [181, 23]},
						{"origin": [-11.05535, 76, -3.97419], "size": [2, 2, 1], "pivot": [-10.05535, 77.5, -3.47419], "rotation": [0, 50, 0], "uv": [181, 23]},
						{"origin": [-11.05535, 75, -3.97419], "size": [2, 3, 1], "pivot": [-10.05535, 77.5, -3.47419], "rotation": [0, -37.5, 0], "uv": [181, 23]},
						{"origin": [-10.50069, 77.06031, -3.66981], "size": [1, 2, 1], "pivot": [-9.65867, 78, -3.16981], "rotation": [32.76021, -54.0698, -40.88193], "uv": [181, 23]}
					]
				},
				{
					"name": "dente14",
					"parent": "dente10",
					"pivot": [-3, 78, 1],
					"rotation": [0, 0, 157.5],
					"cubes": [
						{"origin": [-4.43837, 78, -5.79558], "size": [2, 2, 5], "pivot": [-3.43837, 79, -3.79558], "rotation": [0, 50, 0], "uv": [181, 23]},
						{"origin": [-4.43837, 78, -5.79558], "size": [3, 2, 4], "pivot": [-3.43837, 79, -3.79558], "rotation": [0, -40, 0], "uv": [181, 23]},
						{"origin": [-3.43837, 80, -4.79558], "size": [1, 2, 2], "pivot": [-3.43837, 81, -3.79558], "rotation": [0, -40, 0], "uv": [181, 23]},
						{"origin": [-4.55535, 80, -4.47419], "size": [3, 2, 2], "pivot": [-3.05535, 81, -3.47419], "rotation": [0, -40, 0], "uv": [181, 23]},
						{"origin": [-4.55535, 80, -4.47419], "size": [3, 2, 2], "pivot": [-3.05535, 81, -3.47419], "rotation": [0, -130, 0], "uv": [181, 23]},
						{"origin": [-4.55535, 78, -5.47419], "size": [3, 2, 4], "pivot": [-3.05535, 81, -3.47419], "rotation": [0, -130, 0], "uv": [181, 23]},
						{"origin": [-4.05535, 82, -3.97419], "size": [2, 2, 1], "pivot": [-3.05535, 83.5, -3.47419], "rotation": [0, 50, 0], "uv": [181, 23]},
						{"origin": [-4.05535, 81, -3.97419], "size": [2, 3, 1], "pivot": [-3.05535, 83.5, -3.47419], "rotation": [0, -37.5, 0], "uv": [181, 23]},
						{"origin": [-3.50069, 83.06031, -3.66981], "size": [1, 2, 1], "pivot": [-2.65867, 84, -3.16981], "rotation": [32.76021, -54.0698, -40.88193], "uv": [181, 23]}
					]
				},
				{
					"name": "lingua4",
					"parent": "corpo",
					"pivot": [6.5, 65, 1.5],
					"rotation": [31.5667, 17.2294, 10.3141],
					"cubes": [
						{"origin": [3.46193, 62.90192, -8.19295], "size": [7, 2, 11], "uv": [224, 243]},
						{"origin": [4.46193, 61.90192, -8.19295], "size": [5, 4, 11], "uv": [224, 243]},
						{"origin": [5.46193, 60.90192, -8.19295], "size": [3, 6, 11], "uv": [224, 243]}
					]
				},
				{
					"name": "lingua5",
					"parent": "lingua4",
					"pivot": [6.96193, 63.90192, -6.69295],
					"rotation": [12.5, 20, 0],
					"cubes": [
						{"origin": [3.46193, 62.90192, -12.19295], "size": [7, 2, 6], "uv": [224, 243]},
						{"origin": [4.46193, 61.90192, -12.19295], "size": [5, 4, 6], "uv": [224, 243]},
						{"origin": [5.46193, 60.90192, -12.19295], "size": [3, 6, 6], "uv": [224, 243]}
					]
				},
				{
					"name": "lingua6",
					"parent": "lingua5",
					"pivot": [6.96193, 63.90192, -10.69295],
					"rotation": [30, -27.5, 0],
					"cubes": [
						{"origin": [3.46193, 62.90192, -16.19295], "size": [7, 2, 6], "uv": [224, 243]},
						{"origin": [4.46193, 61.90192, -16.19295], "size": [5, 4, 6], "uv": [224, 243]},
						{"origin": [5.46193, 60.90192, -16.19295], "size": [3, 6, 6], "uv": [224, 243]},
						{"origin": [5.46193, 61.90192, -18.19295], "size": [3, 4, 5], "uv": [224, 243]},
						{"origin": [4.46193, 62.90192, -18.19295], "size": [5, 2, 5], "uv": [224, 243]},
						{"origin": [5.46193, 62.90192, -20.19295], "size": [3, 2, 5], "uv": [224, 243]},
						{"origin": [6.46193, 62.90192, -21.19295], "size": [1, 1, 6], "uv": [224, 243]}
					]
				},
				{
					"name": "brai",
					"parent": "part1",
					"pivot": [15, 75, 5]
				},
				{
					"name": "cm25",
					"parent": "brai",
					"pivot": [14.5, 75.5, 4.5],
					"cubes": [
						{"origin": [14, 71, 2], "size": [15, 8, 4], "uv": [0, 0]},
						{"origin": [14, 72, 1], "size": [15, 6, 6], "uv": [0, 0]},
						{"origin": [14, 73, 0], "size": [15, 4, 8], "uv": [0, 0]}
					]
				},
				{
					"name": "cm26",
					"parent": "cm25",
					"pivot": [28.5, 75.5, 4.5],
					"rotation": [0, 35, 0],
					"cubes": [
						{"origin": [28, 72, 2], "size": [14, 6, 4], "uv": [0, 0]},
						{"origin": [28, 73, 1], "size": [14, 4, 6], "uv": [0, 0]}
					]
				},
				{
					"name": "cm27",
					"parent": "cm26",
					"pivot": [41.5, 75.5, 4.5],
					"rotation": [0, 37.5, 0],
					"cubes": [
						{"origin": [41, 73, 2], "size": [14, 4, 4], "uv": [0, 0]}
					]
				},
				{
					"name": "cm28",
					"parent": "cm27",
					"pivot": [54.5, 75.5, 4.5],
					"rotation": [0, 42.5, 0],
					"cubes": [
						{"origin": [54, 74, 3], "size": [18, 2, 2], "uv": [0, 0]}
					]
				},
				{
					"name": "brai2",
					"parent": "part1",
					"pivot": [-14, 75, 5],
					"rotation": [0, 0, -180]
				},
				{
					"name": "cm29",
					"parent": "brai2",
					"pivot": [-11.5, 75.5, 4.5],
					"cubes": [
						{"origin": [-15, 71, 2], "size": [15, 8, 4], "uv": [0, 0]},
						{"origin": [-15, 72, 1], "size": [15, 6, 6], "uv": [0, 0]},
						{"origin": [-15, 73, 0], "size": [15, 4, 8], "uv": [0, 0]}
					]
				},
				{
					"name": "cm30",
					"parent": "cm29",
					"pivot": [-0.5, 75.5, 4.5],
					"rotation": [0, 35, 0],
					"cubes": [
						{"origin": [-1, 72, 2], "size": [14, 6, 4], "uv": [0, 0]},
						{"origin": [-1, 73, 1], "size": [14, 4, 6], "uv": [0, 0]}
					]
				},
				{
					"name": "cm31",
					"parent": "cm30",
					"pivot": [12.5, 75.5, 4.5],
					"rotation": [0, 35, 0],
					"cubes": [
						{"origin": [12, 73, 2], "size": [14, 4, 4], "uv": [0, 0]}
					]
				},
				{
					"name": "cm32",
					"parent": "cm31",
					"pivot": [25.5, 75.5, 4.5],
					"rotation": [0, 37.5, 0],
					"cubes": [
						{"origin": [25, 74, 3], "size": [18, 2, 2], "uv": [0, 0]}
					]
				},
				{
					"name": "perna3",
					"parent": "nabnab",
					"pivot": [-6, 52, 4],
					"rotation": [0, 0, 92.5]
				},
				{
					"name": "cm17",
					"parent": "perna3",
					"pivot": [-5.5, 52.5, 3.5],
					"cubes": [
						{"origin": [-7, 48, 1], "size": [15, 8, 4], "uv": [0, 0]},
						{"origin": [-7, 49, 0], "size": [15, 6, 6], "uv": [0, 0]},
						{"origin": [-7, 50, -1], "size": [15, 4, 8], "uv": [0, 0]}
					]
				},
				{
					"name": "cm18",
					"parent": "cm17",
					"pivot": [7.5, 52.5, 3.5],
					"cubes": [
						{"origin": [7, 49, 1], "size": [14, 6, 4], "uv": [0, 0]},
						{"origin": [7, 50, 0], "size": [14, 4, 6], "uv": [0, 0]}
					]
				},
				{
					"name": "cm19",
					"parent": "cm18",
					"pivot": [20.5, 52.5, 3.5],
					"cubes": [
						{"origin": [20, 50, 1], "size": [14, 4, 4], "uv": [0, 0]}
					]
				},
				{
					"name": "cm20",
					"parent": "cm19",
					"pivot": [33.5, 52.5, 3.5],
					"cubes": [
						{"origin": [33, 51, 2], "size": [14, 2, 2], "uv": [0, 0]}
					]
				},
				{
					"name": "perna4",
					"parent": "nabnab",
					"pivot": [6, 52, 4],
					"rotation": [0, 0, 87.5]
				},
				{
					"name": "cm21",
					"parent": "perna4",
					"pivot": [7.5, 52.5, 3.5],
					"cubes": [
						{"origin": [5, 48, 1], "size": [15, 8, 4], "uv": [0, 0]},
						{"origin": [5, 49, 0], "size": [15, 6, 6], "uv": [0, 0]},
						{"origin": [5, 50, -1], "size": [15, 4, 8], "uv": [0, 0]}
					]
				},
				{
					"name": "cm22",
					"parent": "cm21",
					"pivot": [19.5, 52.5, 3.5],
					"cubes": [
						{"origin": [19, 49, 1], "size": [14, 6, 4], "uv": [0, 0]},
						{"origin": [19, 50, 0], "size": [14, 4, 6], "uv": [0, 0]}
					]
				},
				{
					"name": "cm23",
					"parent": "cm22",
					"pivot": [32.5, 52.5, 3.5],
					"cubes": [
						{"origin": [32, 50, 1], "size": [14, 4, 4], "uv": [0, 0]}
					]
				},
				{
					"name": "cm24",
					"parent": "cm23",
					"pivot": [45.5, 52.5, 3.5],
					"cubes": [
						{"origin": [45, 51, 2], "size": [14, 2, 2], "uv": [0, 0]}
					]
				}
			]
		}
	]
}