{
	"format_version": "1.12.0",
	"minecraft:geometry": [
		{
			"description": {
				"identifier": "geometry.poster8",
				"texture_width": 50,
				"texture_height": 50,
				"visible_bounds_width": 21,
				"visible_bounds_height": 16,
				"visible_bounds_offset": [0, 7, 0]
			},
			"bones": [
				{
					"name": "bb_main",
					"pivot": [-43, 34, 23],
					"cubes": [
						{"origin": [-40, 13, 22], "size": [29, 50, 2], "inflate": 19, "uv": [0, 0]},
						{"origin": [-107, 3, 22], "size": [29, 58, 2], "inflate": 19, "pivot": [-25.5, 38, 23], "rotation": [0, 180, 0], "uv": [0, 0]}
					]
				}
			]
		}
	]
}