{
  "format_version": "1.12",
  "minecraft:recipe_shaped": {
    "description": {
      "identifier": "control_4c9ae706"
    },
    "tags": [
      "crafting_table"
    ],
    "pattern": [
      "AB ",
      " BB",
      " BB"
    ],
    "key": {
      "A": {
        "item": "minecraft:managrove_planks",
        "data": 0
      },
      "B": {
        "item": "minecraft:cobbled_deepslate",
        "data": 0
      }
    },
    "result": {
      "item": "gofbb3:control",
      "count": 1
    }
  }
}