{
  "format_version": "1.12.0",
  "minecraft:geometry": [
    {
      "description": {
        "identifier": "geometry.max_jumbo_josh",
        "texture_width": 128,
        "texture_height": 128,
        "visible_bounds_width": 3,
        "visible_bounds_height": 5.5,
        "visible_bounds_offset": [
          0,
          2.25,
          0
        ]
      },
      "bones": [
        {
          "name": "root",
          "pivot": [
            0,
            -8,
            6
          ]
        },
        {
          "name": "waist",
          "parent": "root",
          "pivot": [
            0,
            7,
            6
          ]
        },
        {
          "name": "body",
          "parent": "waist",
          "pivot": [
            0,
            7,
            6
          ],
          "cubes": [
            {
              "origin": [
                -7,
                -4,
                18
              ],
              "size": [
                14,
                11,
                8
              ],
              "pivot": [
                0,
                -8,
                6
              ],
              "rotation": [
                67.5,
                0,
                0
              ],
              "uv": [
                46,
                18
              ]
            }
          ]
        },
        {
          "name": "body2",
          "parent": "body",
          "pivot": [
            0,
            15,
            6
          ],
          "cubes": [
            {
              "origin": [
                -7,
                11,
                2
              ],
              "size": [
                14,
                11,
                8
              ],
              "pivot": [
                0,
                -8,
                6
              ],
              "rotation": [
                17.5,
                0,
                0
              ],
              "uv": [
                36,
                38
              ]
            }
          ]
        },
        {
          "name": "body3",
          "parent": "body2",
          "pivot": [
            0,
            25,
            6
          ],
          "cubes": [
            {
              "origin": [
                -7,
                20,
                -7
              ],
              "size": [
                14,
                12,
                8
              ],
              "uv": [
                0,
                26
              ]
            }
          ]
        },
        {
          "name": "head",
          "parent": "body3",
          "pivot": [
            0,
            29,
            16
          ],
          "cubes": [
            {
              "origin": [
                -7,
                29,
                -9
              ],
              "size": [
                15,
                14,
                12
              ],
              "uv": [
                0,
                0
              ]
            },
            {
              "origin": [
                8,
                30,
                -9
              ],
              "size": [
                2,
                12,
                12
              ],
              "uv": [
                0,
                46
              ]
            },
            {
              "origin": [
                -9,
                30,
                -9
              ],
              "size": [
                2,
                12,
                12
              ],
              "uv": [
                28,
                57
              ]
            },
            {
              "origin": [
                -11,
                31,
                -9
              ],
              "size": [
                2,
                10,
                12
              ],
              "uv": [
                0,
                70
              ]
            },
            {
              "origin": [
                10,
                31,
                -9
              ],
              "size": [
                2,
                10,
                12
              ],
              "uv": [
                56,
                57
              ]
            }
          ]
        },
        {
          "name": "rightArm",
          "parent": "body3",
          "pivot": [
            -7,
            27,
            -3
          ],
          "cubes": [
            {
              "origin": [
                -11,
                21,
                -5
              ],
              "size": [
                4,
                8,
                4
              ],
              "uv": [
                82,
                12
              ]
            }
          ]
        },
        {
          "name": "rightArm2",
          "parent": "rightArm",
          "pivot": [
            -8.5,
            23,
            -3.5
          ],
          "cubes": [
            {
              "origin": [
                -11.5,
                16,
                -5.5
              ],
              "size": [
                5,
                7,
                5
              ],
              "uv": [
                44,
                57
              ]
            }
          ]
        },
        {
          "name": "rightArm3",
          "parent": "rightArm2",
          "pivot": [
            -9,
            15,
            -3
          ],
          "cubes": [
            {
              "origin": [
                -12,
                6,
                -6
              ],
              "size": [
                6,
                11,
                6
              ],
              "uv": [
                50,
                79
              ]
            }
          ]
        },
        {
          "name": "rightArm4",
          "parent": "rightArm3",
          "pivot": [
            -8.5,
            5,
            -3.5
          ],
          "cubes": [
            {
              "origin": [
                -12.5,
                0,
                -6.5
              ],
              "size": [
                7,
                7,
                7
              ],
              "uv": [
                73,
                50
              ]
            },
            {
              "origin": [
                -9.5,
                0,
                -8.5
              ],
              "size": [
                3,
                6,
                2
              ],
              "pivot": [
                -7,
                4,
                -7.5
              ],
              "rotation": [
                0,
                0,
                17.5
              ],
              "uv": [
                36,
                26
              ]
            }
          ]
        },
        {
          "name": "leftArm",
          "parent": "body3",
          "pivot": [
            7,
            27,
            -3
          ],
          "cubes": [
            {
              "origin": [
                7,
                21,
                -5
              ],
              "size": [
                4,
                8,
                4
              ],
              "uv": [
                82,
                0
              ]
            }
          ]
        },
        {
          "name": "leftArm2",
          "parent": "leftArm",
          "pivot": [
            9.5,
            23,
            -3.5
          ],
          "cubes": [
            {
              "origin": [
                6.5,
                16,
                -5.5
              ],
              "size": [
                5,
                7,
                5
              ],
              "uv": [
                16,
                46
              ]
            }
          ]
        },
        {
          "name": "leftArm3",
          "parent": "leftArm2",
          "pivot": [
            9,
            15,
            -3
          ],
          "cubes": [
            {
              "origin": [
                6,
                6,
                -6
              ],
              "size": [
                6,
                11,
                6
              ],
              "uv": [
                78,
                73
              ]
            }
          ]
        },
        {
          "name": "leftArm4",
          "parent": "leftArm3",
          "pivot": [
            9.5,
            5,
            -3.5
          ],
          "cubes": [
            {
              "origin": [
                5.5,
                0,
                -6.5
              ],
              "size": [
                7,
                7,
                7
              ],
              "uv": [
                54,
                0
              ]
            },
            {
              "origin": [
                6.5,
                0,
                -8.5
              ],
              "size": [
                3,
                6,
                2
              ],
              "pivot": [
                7,
                4,
                -7.5
              ],
              "rotation": [
                0,
                0,
                -17.5
              ],
              "uv": [
                0,
                0
              ]
            }
          ]
        },
        {
          "name": "rightLeg",
          "parent": "root",
          "pivot": [
            -3.5,
            7,
            5.5
          ],
          "cubes": [
            {
              "origin": [
                -6.5,
                0,
                3.5
              ],
              "size": [
                5,
                8,
                5
              ],
              "uv": [
                28,
                81
              ]
            }
          ]
        },
        {
          "name": "leftLeg",
          "parent": "root",
          "pivot": [
            3.5,
            7,
            5.5
          ],
          "cubes": [
            {
              "origin": [
                1.5,
                0,
                3.5
              ],
              "size": [
                5,
                8,
                5
              ],
              "uv": [
                80,
                37
              ]
            }
          ]
        }
      ]
    }
  ]
}