{
  "format_version": "1.12.0",
  "minecraft:geometry": [
    {
      "description": {
        "identifier": "geometry.max_nabnaleena",
        "texture_width": 64,
        "texture_height": 64,
        "visible_bounds_width": 2,
        "visible_bounds_height": 4.5,
        "visible_bounds_offset": [
          0,
          1.75,
          0
        ]
      },
      "bones": [
        {
          "name": "rota",
          "pivot": [
            0,
            0,
            0
          ]
        },
        {
          "name": "body",
          "parent": "rota",
          "pivot": [
            0,
            0,
            0
          ]
        },
        {
          "name": "Leftarm",
          "parent": "body",
          "pivot": [
            6,
            29,
            0
          ],
          "cubes": [
            {
              "origin": [
                5,
                20,
                -1
              ],
              "size": [
                3,
                11,
                3
              ],
              "uv": [
                26,
                36
              ]
            }
          ]
        },
        {
          "name": "Leftarm2",
          "parent": "Leftarm",
          "pivot": [
            6,
            18,
            0
          ],
          "cubes": [
            {
              "origin": [
                5,
                10,
                -1
              ],
              "size": [
                3,
                10,
                3
              ],
              "uv": [
                45,
                9
              ]
            }
          ]
        },
        {
          "name": "Rightarm",
          "parent": "body",
          "pivot": [
            -6,
            30,
            1
          ],
          "cubes": [
            {
              "origin": [
                -8,
                20,
                -1
              ],
              "size": [
                3,
                11,
                3
              ],
              "uv": [
                14,
                35
              ]
            }
          ]
        },
        {
          "name": "Rightarm2",
          "parent": "Rightarm",
          "pivot": [
            -6,
            18,
            1
          ],
          "cubes": [
            {
              "origin": [
                -8,
                10,
                -1
              ],
              "size": [
                3,
                10,
                3
              ],
              "uv": [
                38,
                36
              ]
            }
          ]
        },
        {
          "name": "Torso",
          "parent": "body",
          "pivot": [
            0,
            18,
            0
          ],
          "cubes": [
            {
              "origin": [
                -5,
                17,
                -3
              ],
              "size": [
                10,
                15,
                7
              ],
              "uv": [
                0,
                0
              ]
            },
            {
              "origin": [
                -4,
                32,
                -3
              ],
              "size": [
                8,
                6,
                7
              ],
              "uv": [
                0,
                22
              ]
            },
            {
              "origin": [
                -1,
                38,
                -1
              ],
              "size": [
                5,
                3,
                2
              ],
              "uv": [
                23,
                23
              ]
            }
          ]
        },
        {
          "name": "Eyes",
          "parent": "Torso",
          "pivot": [
            -1,
            35,
            0
          ],
          "cubes": [
            {
              "origin": [
                -2,
                33,
                -4
              ],
              "size": [
                4,
                4,
                1
              ],
              "uv": [
                48,
                22
              ]
            }
          ]
        },
        {
          "name": "Eyes2",
          "parent": "Eyes",
          "pivot": [
            -4,
            28,
            0
          ],
          "cubes": [
            {
              "origin": [
                -5,
                28,
                -4
              ],
              "size": [
                4,
                4,
                1
              ],
              "uv": [
                48,
                0
              ]
            }
          ]
        },
        {
          "name": "Eyes3",
          "parent": "Eyes",
          "pivot": [
            3,
            28,
            0
          ],
          "cubes": [
            {
              "origin": [
                1,
                28,
                -4
              ],
              "size": [
                4,
                4,
                1
              ],
              "uv": [
                47,
                33
              ]
            }
          ]
        },
        {
          "name": "bone",
          "parent": "body",
          "pivot": [
            0,
            20,
            -1
          ],
          "rotation": [
            57.5,
            0,
            0
          ],
          "cubes": [
            {
              "origin": [
                -2,
                22,
                -7
              ],
              "size": [
                4,
                1,
                7
              ],
              "uv": [
                23,
                28
              ]
            }
          ]
        },
        {
          "name": "bone2",
          "parent": "bone",
          "pivot": [
            0,
            19,
            -7
          ],
          "rotation": [
            50,
            0,
            0
          ],
          "cubes": [
            {
              "origin": [
                -2,
                21,
                -11
              ],
              "size": [
                4,
                1,
                7
              ],
              "pivot": [
                0,
                19,
                -7
              ],
              "rotation": [
                -10,
                0,
                0
              ],
              "uv": [
                27,
                15
              ]
            }
          ]
        },
        {
          "name": "downpart",
          "parent": "rota",
          "pivot": [
            0,
            0,
            0
          ]
        },
        {
          "name": "Leftleg",
          "parent": "downpart",
          "pivot": [
            -3,
            15,
            0
          ],
          "cubes": [
            {
              "origin": [
                -4,
                9,
                -2
              ],
              "size": [
                3,
                8,
                4
              ],
              "uv": [
                0,
                35
              ]
            }
          ]
        },
        {
          "name": "Leftleg2",
          "parent": "Leftleg",
          "pivot": [
            -3,
            7,
            0
          ],
          "cubes": [
            {
              "origin": [
                -4,
                0,
                -1
              ],
              "size": [
                3,
                9,
                2
              ],
              "uv": [
                0,
                47
              ]
            }
          ]
        },
        {
          "name": "Rightleg",
          "parent": "downpart",
          "pivot": [
            2,
            15,
            0
          ],
          "cubes": [
            {
              "origin": [
                1,
                9,
                -2
              ],
              "size": [
                3,
                8,
                4
              ],
              "uv": [
                34,
                0
              ]
            }
          ]
        },
        {
          "name": "Rightleg2",
          "parent": "Rightleg",
          "pivot": [
            3,
            7,
            0
          ],
          "cubes": [
            {
              "origin": [
                1,
                0,
                -1
              ],
              "size": [
                3,
                9,
                2
              ],
              "uv": [
                38,
                23
              ]
            }
          ]
        }
      ]
    }
  ]
}