{
  "format_version": "1.12.0",
  "minecraft:geometry": [
    {
      "description": {
        "identifier": "geometry.max_zolphius",
        "texture_width": 1024,
        "texture_height": 1024,
        "visible_bounds_width": 12,
        "visible_bounds_height": 37,
        "visible_bounds_offset": [
          0,
          13.5,
          0
        ]
      },
      "bones": [
        {
          "name": "Rota",
          "pivot": [
            0,
            0,
            -15
          ]
        },
        {
          "name": "Body",
          "parent": "Rota",
          "pivot": [
            0,
            1,
            -15
          ],
          "cubes": [
            {
              "origin": [
                -24,
                0,
                -24
              ],
              "size": [
                48,
                72,
                47
              ],
              "uv": [
                350,
                0
              ]
            },
            {
              "origin": [
                -24,
                72,
                -24
              ],
              "size": [
                48,
                72,
                47
              ],
              "uv": [
                333,
                269
              ]
            },
            {
              "origin": [
                -24,
                144,
                -24
              ],
              "size": [
                48,
                79,
                47
              ],
              "uv": [
                143,
                316
              ]
            },
            {
              "origin": [
                -24,
                216,
                -4
              ],
              "size": [
                48,
                82,
                47
              ],
              "pivot": [
                0,
                0,
                -15
              ],
              "rotation": [
                5,
                0,
                0
              ],
              "uv": [
                190,
                187
              ]
            },
            {
              "origin": [
                -24,
                250,
                105
              ],
              "size": [
                48,
                126,
                47
              ],
              "pivot": [
                0,
                0,
                -15
              ],
              "rotation": [
                27.5,
                0,
                0
              ],
              "uv": [
                0,
                187
              ]
            },
            {
              "origin": [
                -64,
                333,
                -88
              ],
              "size": [
                128,
                140,
                47
              ],
              "uv": [
                333,
                388
              ]
            }
          ]
        },
        {
          "name": "bone",
          "parent": "Body",
          "pivot": [
            0,
            1,
            -15
          ]
        }
      ]
    }
  ]
}