{
  "format_version": "1.8.0",
  "geometry.max_pink_captain_fiddels": {
    "visible_bounds_width": 1.5,
    "visible_bounds_height": 3,
    "visible_bounds_offset": [
      0,
      1.5,
      0
    ],
    "texturewidth": 64,
    "textureheight": 128,
    "bones": [
      {
        "name": "nose",
        "parent": "head",
        "cubes": [
          {
            "origin": [
              0,
              25,
              -6.75
            ],
            "size": [
              1,
              1,
              1
            ],
            "uv": [
              0,
              0
            ],
            "inflate": -0.25
          }
        ]
      },
      {
        "name": "hat",
        "parent": "head",
        "pivot": [
          -5,
          32.03125,
          -5
        ],
        "cubes": [
          {
            "origin": [
              -5,
              32.05,
              -5
            ],
            "size": [
              10,
              2,
              10
            ],
            "uv": [
              0,
              64
            ]
          }
        ]
      },
      {
        "name": "hat2",
        "parent": "hat",
        "pivot": [
          1.75,
          32,
          2
        ],
        "cubes": [
          {
            "origin": [
              -3.25,
              33.5,
              -3
            ],
            "size": [
              7,
              4,
              7
            ],
            "uv": [
              0,
              76
            ]
          }
        ],
        "rotation": [
          -3,
          0,
          1.5
        ]
      },
      {
        "name": "hat3",
        "parent": "hat2",
        "pivot": [
          1.75,
          35,
          2
        ],
        "cubes": [
          {
            "origin": [
              -1.5,
              36.5,
              -1
            ],
            "size": [
              4,
              4,
              4
            ],
            "uv": [
              0,
              87
            ]
          }
        ],
        "rotation": [
          -6,
          0,
          3
        ]
      },
      {
        "name": "hat4",
        "parent": "hat3",
        "pivot": [
          1.75,
          38,
          2
        ],
        "cubes": [
          {
            "origin": [
              0.25,
              40,
              1
            ],
            "size": [
              1,
              2,
              1
            ],
            "uv": [
              0,
              95
            ],
            "inflate": 0.25
          }
        ],
        "rotation": [
          -12,
          0,
          6
        ]
      },
      {
        "name": "head",
        "parent": "body",
        "pivot": [
          0,
          24,
          0
        ],
        "cubes": [
          {
            "origin": [
              -4,
              24,
              -4
            ],
            "size": [
              8,
              10,
              8
            ],
            "uv": [
              0,
              0
            ]
          }
        ]
      },
      {
        "name": "nose",
        "parent": "head",
        "pivot": [
          0,
          26,
          0
        ],
        "cubes": [
          {
            "origin": [
              -1,
              23,
              -6
            ],
            "size": [
              2,
              4,
              2
            ],
            "uv": [
              24,
              0
            ]
          }
        ]
      },
      {
        "name": "body",
        "cubes": [
          {
            "origin": [
              -4,
              12,
              -3
            ],
            "size": [
              8,
              12,
              6
            ],
            "uv": [
              16,
              20
            ]
          },
          {
            "origin": [
              -4,
              6,
              -3
            ],
            "size": [
              8,
              18,
              6
            ],
            "uv": [
              0,
              38
            ],
            "inflate": 0.5
          }
        ]
      },
      {
        "name": "arms",
        "parent": "body",
        "pivot": [
          0,
          22,
          0
        ],
        "cubes": [
          {
            "origin": [
              -4,
              16,
              -2
            ],
            "size": [
              8,
              4,
              4
            ],
            "uv": [
              40,
              38
            ]
          },
          {
            "origin": [
              -8,
              16,
              -2
            ],
            "size": [
              4,
              8,
              4
            ],
            "uv": [
              44,
              22
            ]
          },
          {
            "origin": [
              4,
              16,
              -2
            ],
            "size": [
              4,
              8,
              4
            ],
            "uv": [
              44,
              22
            ]
          }
        ]
      },
      {
        "name": "leg0",
        "parent": "body",
        "pivot": [
          -2,
          12,
          0
        ],
        "cubes": [
          {
            "origin": [
              -4,
              0,
              -2
            ],
            "size": [
              4,
              12,
              4
            ],
            "uv": [
              0,
              22
            ]
          }
        ]
      },
      {
        "name": "leg1",
        "parent": "body",
        "pivot": [
          2,
          12,
          0
        ],
        "cubes": [
          {
            "origin": [
              0,
              0,
              -2
            ],
            "size": [
              4,
              12,
              4
            ],
            "uv": [
              0,
              22
            ]
          }
        ]
      }
    ]
  }
}