{
  "format_version": "1.12.0",
  "minecraft:geometry": [
    {
      "description": {
        "identifier": "geometry.max_slow_seline",
        "texture_width": 128,
        "texture_height": 128,
        "visible_bounds_width": 4,
        "visible_bounds_height": 4.5,
        "visible_bounds_offset": [
          0,
          1.75,
          0
        ]
      },
      "bones": [
        {
          "name": "tors0",
          "pivot": [
            0,
            0,
            0
          ],
          "cubes": [
            {
              "origin": [
                -6,
                0,
                -13
              ],
              "size": [
                12,
                7,
                25
              ],
              "uv": [
                51,
                18
              ]
            },
            {
              "origin": [
                -7,
                4,
                -9.5
              ],
              "size": [
                14,
                21,
                22
              ],
              "pivot": [
                0,
                0,
                0
              ],
              "rotation": [
                -2.5,
                0,
                0
              ],
              "uv": [
                0,
                0
              ]
            },
            {
              "origin": [
                -7,
                3.5,
                -9
              ],
              "size": [
                14,
                22,
                21
              ],
              "pivot": [
                0,
                0,
                0
              ],
              "rotation": [
                -2.5,
                0,
                0
              ],
              "uv": [
                51,
                64
              ]
            },
            {
              "origin": [
                -7.5,
                4,
                -9
              ],
              "size": [
                15,
                21,
                21
              ],
              "pivot": [
                0,
                0,
                0
              ],
              "rotation": [
                -2.5,
                0,
                0
              ],
              "uv": [
                0,
                43
              ]
            }
          ]
        },
        {
          "name": "bone8",
          "parent": "tors0",
          "pivot": [
            0,
            2,
            12
          ],
          "cubes": [
            {
              "origin": [
                -5,
                0,
                12
              ],
              "size": [
                10,
                6,
                5
              ],
              "uv": [
                0,
                100
              ]
            }
          ]
        },
        {
          "name": "bone9",
          "parent": "bone8",
          "pivot": [
            0,
            2,
            17
          ],
          "cubes": [
            {
              "origin": [
                -4,
                0,
                16
              ],
              "size": [
                8,
                5,
                5
              ],
              "uv": [
                100,
                31
              ]
            }
          ]
        },
        {
          "name": "bone",
          "parent": "tors0",
          "pivot": [
            0,
            6,
            -12
          ],
          "cubes": [
            {
              "origin": [
                -5,
                -11,
                -14
              ],
              "size": [
                10,
                8,
                6
              ],
              "pivot": [
                0,
                0,
                0
              ],
              "rotation": [
                -62.5,
                0,
                0
              ],
              "uv": [
                89,
                50
              ]
            }
          ]
        },
        {
          "name": "bone2",
          "parent": "bone",
          "pivot": [
            0,
            8,
            -12
          ],
          "cubes": [
            {
              "origin": [
                -3.4,
                7,
                -15.5
              ],
              "size": [
                6.8,
                10,
                6
              ],
              "uv": [
                100,
                15
              ]
            }
          ]
        },
        {
          "name": "bone3",
          "parent": "bone2",
          "pivot": [
            0,
            17,
            -12
          ],
          "cubes": [
            {
              "origin": [
                -3.4,
                17,
                -15.5
              ],
              "size": [
                6.8,
                9,
                6
              ],
              "uv": [
                100,
                64
              ]
            }
          ]
        },
        {
          "name": "head0",
          "parent": "bone3",
          "pivot": [
            0,
            23,
            -13
          ],
          "cubes": [
            {
              "origin": [
                -6,
                24,
                -17
              ],
              "size": [
                12,
                6,
                9
              ],
              "uv": [
                50,
                0
              ]
            },
            {
              "origin": [
                18,
                18,
                -17
              ],
              "size": [
                7,
                6,
                9
              ],
              "pivot": [
                0,
                0,
                0
              ],
              "rotation": [
                0,
                0,
                -30
              ],
              "uv": [
                92,
                0
              ]
            },
            {
              "origin": [
                -26,
                17,
                -17
              ],
              "size": [
                7,
                6,
                9
              ],
              "pivot": [
                0,
                0,
                0
              ],
              "rotation": [
                0,
                0,
                32.5
              ],
              "uv": [
                0,
                85
              ]
            },
            {
              "origin": [
                -5,
                30,
                -17
              ],
              "size": [
                10,
                4,
                9
              ],
              "uv": [
                51,
                50
              ]
            }
          ]
        },
        {
          "name": "bone4",
          "parent": "head0",
          "pivot": [
            3.5,
            34,
            -13
          ],
          "cubes": [
            {
              "origin": [
                3,
                32,
                -14
              ],
              "size": [
                1,
                10,
                1
              ],
              "uv": [
                12,
                0
              ]
            }
          ]
        },
        {
          "name": "bone5",
          "parent": "bone4",
          "pivot": [
            4,
            42,
            -13
          ],
          "cubes": [
            {
              "origin": [
                2,
                42,
                -15
              ],
              "size": [
                3,
                3,
                3
              ],
              "uv": [
                0,
                6
              ]
            },
            {
              "origin": [
                2.3,
                42.3,
                -15.1
              ],
              "size": [
                2.4,
                2.4,
                0
              ],
              "uv": [
                4,
                12
              ]
            }
          ]
        },
        {
          "name": "bone6",
          "parent": "head0",
          "pivot": [
            -3.5,
            34,
            -13
          ],
          "cubes": [
            {
              "origin": [
                -4,
                32,
                -14
              ],
              "size": [
                1,
                10,
                1
              ],
              "uv": [
                11,
                11
              ]
            }
          ]
        },
        {
          "name": "bone7",
          "parent": "bone6",
          "pivot": [
            -4,
            42,
            -13
          ],
          "cubes": [
            {
              "origin": [
                -5,
                42,
                -15
              ],
              "size": [
                3,
                3,
                3
              ],
              "uv": [
                0,
                0
              ]
            },
            {
              "origin": [
                -4.7,
                42.3,
                -15.1
              ],
              "size": [
                2.4,
                2.4,
                0
              ],
              "uv": [
                0,
                12
              ]
            }
          ]
        }
      ]
    }
  ]
}