{
  "format_version": "1.12.0",
  "minecraft:geometry": [
    {
      "description": {
        "identifier": "geometry.max_opila_burd_blue_car",
        "texture_width": 128,
        "texture_height": 128,
        "visible_bounds_width": 4,
        "visible_bounds_height": 3.5,
        "visible_bounds_offset": [
          0,
          1.25,
          0
        ]
      },
      "bones": [
        {
          "name": "rota",
          "pivot": [
            0,
            0,
            0
          ]
        },
        {
          "name": "all",
          "parent": "rota",
          "pivot": [
            0,
            0,
            0
          ]
        },
        {
          "name": "body",
          "parent": "all",
          "pivot": [
            0,
            0,
            0
          ],
          "cubes": [
            {
              "origin": [
                -4,
                22,
                -3
              ],
              "size": [
                9,
                1,
                10
              ],
              "uv": [
                0,
                26
              ]
            },
            {
              "origin": [
                -5,
                13,
                -7
              ],
              "size": [
                11,
                9,
                17
              ],
              "uv": [
                0,
                0
              ]
            },
            {
              "origin": [
                -4,
                16,
                -1
              ],
              "size": [
                9,
                7,
                5
              ],
              "pivot": [
                0,
                0,
                0
              ],
              "rotation": [
                -25,
                0,
                0
              ],
              "uv": [
                0,
                37
              ]
            },
            {
              "origin": [
                1,
                17,
                4
              ],
              "size": [
                0,
                5,
                5
              ],
              "pivot": [
                0,
                0,
                0
              ],
              "rotation": [
                -25,
                0,
                0
              ],
              "uv": [
                0,
                21
              ]
            }
          ]
        },
        {
          "name": "Leftwing",
          "parent": "body",
          "pivot": [
            7,
            16,
            0
          ],
          "cubes": [
            {
              "origin": [
                6,
                14,
                -5
              ],
              "size": [
                1,
                7,
                8
              ],
              "uv": [
                38,
                45
              ]
            },
            {
              "origin": [
                6,
                14,
                -4
              ],
              "size": [
                1,
                6,
                7
              ],
              "pivot": [
                -1,
                -1,
                0
              ],
              "rotation": [
                -17.5,
                0,
                0
              ],
              "uv": [
                0,
                59
              ]
            }
          ]
        },
        {
          "name": "Rightwing",
          "parent": "body",
          "pivot": [
            -6,
            15,
            0
          ],
          "cubes": [
            {
              "origin": [
                -6,
                14,
                -5
              ],
              "size": [
                1,
                7,
                8
              ],
              "uv": [
                20,
                41
              ]
            },
            {
              "origin": [
                -6,
                14,
                -4
              ],
              "size": [
                1,
                6,
                7
              ],
              "pivot": [
                1,
                -1,
                0
              ],
              "rotation": [
                -17.5,
                0,
                0
              ],
              "uv": [
                49,
                53
              ]
            }
          ]
        },
        {
          "name": "Head",
          "parent": "body",
          "pivot": [
            0,
            23,
            -8
          ],
          "rotation": [
            17.5,
            0,
            0
          ],
          "cubes": [
            {
              "origin": [
                -2,
                15,
                -10
              ],
              "size": [
                5,
                11,
                5
              ],
              "uv": [
                39,
                0
              ]
            },
            {
              "origin": [
                -3,
                26,
                -11
              ],
              "size": [
                7,
                8,
                7
              ],
              "uv": [
                31,
                30
              ]
            }
          ]
        },
        {
          "name": "Eyes",
          "parent": "Head",
          "pivot": [
            0,
            30,
            -12
          ],
          "cubes": [
            {
              "origin": [
                1,
                30,
                -12
              ],
              "size": [
                3,
                3,
                1
              ],
              "pivot": [
                0,
                0,
                0
              ],
              "rotation": [
                0,
                22.5,
                0
              ],
              "uv": [
                28,
                30
              ]
            },
            {
              "origin": [
                -3,
                30,
                -12
              ],
              "size": [
                3,
                3,
                1
              ],
              "pivot": [
                0,
                0,
                0
              ],
              "rotation": [
                0,
                -22.5,
                0
              ],
              "uv": [
                28,
                26
              ]
            }
          ]
        },
        {
          "name": "Beak",
          "parent": "Head",
          "pivot": [
            0,
            29,
            -12
          ],
          "cubes": [
            {
              "origin": [
                -2,
                28,
                -17
              ],
              "size": [
                5,
                2,
                6
              ],
              "uv": [
                48,
                45
              ]
            },
            {
              "origin": [
                -2,
                10,
                -31
              ],
              "size": [
                5,
                5,
                2
              ],
              "pivot": [
                0,
                0,
                0
              ],
              "rotation": [
                -35,
                0,
                0
              ],
              "uv": [
                58,
                53
              ]
            }
          ]
        },
        {
          "name": "Beak2",
          "parent": "Beak",
          "pivot": [
            0,
            27,
            -13
          ],
          "cubes": [
            {
              "origin": [
                -1,
                26,
                -16
              ],
              "size": [
                3,
                2,
                5
              ],
              "uv": [
                52,
                27
              ]
            },
            {
              "origin": [
                -1,
                28,
                8
              ],
              "size": [
                3,
                2,
                3
              ],
              "pivot": [
                0,
                0,
                0
              ],
              "rotation": [
                50,
                0,
                0
              ],
              "uv": [
                59,
                6
              ]
            }
          ]
        },
        {
          "name": "Hair",
          "parent": "Head",
          "pivot": [
            0,
            35,
            -7
          ]
        },
        {
          "name": "Hair1",
          "parent": "Hair",
          "pivot": [
            0,
            35,
            -7
          ],
          "cubes": [
            {
              "origin": [
                0,
                36,
                -9
              ],
              "size": [
                1,
                1,
                1
              ],
              "uv": [
                36,
                26
              ]
            },
            {
              "origin": [
                0,
                35,
                -9
              ],
              "size": [
                1,
                1,
                1
              ],
              "uv": [
                32,
                34
              ]
            },
            {
              "origin": [
                0,
                34,
                -9
              ],
              "size": [
                1,
                1,
                1
              ],
              "uv": [
                28,
                34
              ]
            }
          ]
        },
        {
          "name": "Hair2",
          "parent": "Hair",
          "pivot": [
            -2,
            35,
            -5
          ],
          "cubes": [
            {
              "origin": [
                -2,
                36,
                -7
              ],
              "size": [
                1,
                1,
                1
              ],
              "uv": [
                4,
                33
              ]
            },
            {
              "origin": [
                -2,
                35,
                -7
              ],
              "size": [
                1,
                1,
                1
              ],
              "uv": [
                0,
                33
              ]
            },
            {
              "origin": [
                -2,
                34,
                -7
              ],
              "size": [
                1,
                1,
                1
              ],
              "uv": [
                4,
                31
              ]
            }
          ]
        },
        {
          "name": "Hair3",
          "parent": "Hair",
          "pivot": [
            2,
            35,
            -5
          ],
          "cubes": [
            {
              "origin": [
                2,
                36,
                -7
              ],
              "size": [
                1,
                1,
                1
              ],
              "uv": [
                0,
                31
              ]
            },
            {
              "origin": [
                2,
                35,
                -7
              ],
              "size": [
                1,
                1,
                1
              ],
              "uv": [
                13,
                15
              ]
            },
            {
              "origin": [
                2,
                34,
                -7
              ],
              "size": [
                1,
                1,
                1
              ],
              "uv": [
                11,
                0
              ]
            }
          ]
        },
        {
          "name": "downpart",
          "parent": "all",
          "pivot": [
            0,
            13,
            0
          ]
        },
        {
          "name": "Leftleg_ro",
          "parent": "downpart",
          "pivot": [
            4,
            13,
            0
          ]
        },
        {
          "name": "Leftleg",
          "parent": "Leftleg_ro",
          "pivot": [
            4,
            11,
            0
          ],
          "cubes": [
            {
              "origin": [
                2,
                0,
                -1
              ],
              "size": [
                4,
                13,
                3
              ],
              "uv": [
                19,
                56
              ]
            },
            {
              "origin": [
                3,
                0,
                -6
              ],
              "size": [
                2,
                1,
                9
              ],
              "uv": [
                0,
                49
              ]
            },
            {
              "origin": [
                3,
                0,
                -6
              ],
              "size": [
                2,
                1,
                5
              ],
              "pivot": [
                4,
                11,
                0
              ],
              "rotation": [
                0,
                42.5,
                0
              ],
              "uv": [
                60,
                17
              ]
            },
            {
              "origin": [
                3,
                0,
                -6
              ],
              "size": [
                2,
                1,
                5
              ],
              "pivot": [
                4,
                11,
                0
              ],
              "rotation": [
                0,
                -40,
                0
              ],
              "uv": [
                59,
                34
              ]
            }
          ]
        },
        {
          "name": "Rightleg_ro",
          "parent": "downpart",
          "pivot": [
            -3,
            13,
            0
          ]
        },
        {
          "name": "Rightleg",
          "parent": "Rightleg_ro",
          "pivot": [
            -3,
            11,
            0
          ],
          "cubes": [
            {
              "origin": [
                -5,
                0,
                -1
              ],
              "size": [
                4,
                13,
                3
              ],
              "uv": [
                0,
                0
              ]
            },
            {
              "origin": [
                -4,
                0,
                -6
              ],
              "size": [
                2,
                1,
                9
              ],
              "uv": [
                47,
                17
              ]
            },
            {
              "origin": [
                -4,
                0,
                -6
              ],
              "size": [
                2,
                1,
                5
              ],
              "pivot": [
                -3,
                11,
                0
              ],
              "rotation": [
                0,
                -42.5,
                0
              ],
              "uv": [
                59,
                0
              ]
            },
            {
              "origin": [
                -4,
                0,
                -6
              ],
              "size": [
                2,
                1,
                5
              ],
              "pivot": [
                -3,
                11,
                0
              ],
              "rotation": [
                0,
                42.5,
                0
              ],
              "uv": [
                54,
                11
              ]
            }
          ]
        }
      ]
    }
  ]
}