{
  "format_version": "1.12.0",
  "minecraft:geometry": [
    {
      "description": {
        "identifier": "geometry.max_yellow_captain_fiddels",
        "texture_width": 64,
        "texture_height": 64,
        "visible_bounds_width": 3,
        "visible_bounds_height": 3.5,
        "visible_bounds_offset": [
          0,
          1.25,
          0
        ]
      },
      "bones": [
        {
          "name": "Root",
          "pivot": [
            0,
            -5,
            0
          ]
        },
        {
          "name": "Body",
          "parent": "Root",
          "pivot": [
            0,
            8.16667,
            -0.14745
          ],
          "cubes": [
            {
              "origin": [
                -7,
                12,
                -4
              ],
              "size": [
                14,
                10,
                8
              ],
              "uv": [
                0,
                0
              ]
            },
            {
              "origin": [
                -7,
                11.5,
                -2.8
              ],
              "size": [
                14,
                3,
                0
              ],
              "pivot": [
                0,
                -3,
                0
              ],
              "rotation": [
                5,
                0,
                0
              ],
              "uv": [
                0,
                58
              ]
            },
            {
              "origin": [
                -6,
                8,
                -4
              ],
              "size": [
                12,
                4,
                8
              ],
              "uv": [
                0,
                18
              ]
            }
          ]
        },
        {
          "name": "bone",
          "parent": "Body",
          "pivot": [
            -3,
            18,
            -4
          ],
          "cubes": [
            {
              "origin": [
                -5,
                16,
                -5
              ],
              "size": [
                4,
                4,
                2
              ],
              "uv": [
                32,
                42
              ]
            },
            {
              "origin": [
                -4.6,
                16.4,
                -5.2
              ],
              "size": [
                3.2,
                3.2,
                0
              ],
              "uv": [
                0,
                3
              ]
            }
          ]
        },
        {
          "name": "Rightarm",
          "parent": "Body",
          "pivot": [
            -9,
            19.25,
            0
          ],
          "rotation": [
            0,
            0,
            2.5
          ],
          "cubes": [
            {
              "origin": [
                -11,
                6,
                -2
              ],
              "size": [
                4,
                15,
                4
              ],
              "uv": [
                16,
                30
              ]
            }
          ]
        },
        {
          "name": "Leftarm",
          "parent": "Body",
          "pivot": [
            9,
            19.25,
            0
          ],
          "rotation": [
            0,
            0,
            -2.5
          ],
          "cubes": [
            {
              "origin": [
                7,
                6,
                -2
              ],
              "size": [
                4,
                15,
                4
              ],
              "uv": [
                0,
                30
              ]
            }
          ]
        },
        {
          "name": "bone2",
          "parent": "Body",
          "pivot": [
            3,
            18,
            -3
          ],
          "cubes": [
            {
              "origin": [
                1,
                16,
                -5
              ],
              "size": [
                4,
                4,
                2
              ],
              "uv": [
                36,
                0
              ]
            },
            {
              "origin": [
                1.4,
                16.4,
                -5.2
              ],
              "size": [
                3.2,
                3.2,
                0
              ],
              "uv": [
                0,
                0
              ]
            }
          ]
        },
        {
          "name": "Rightleg",
          "parent": "Root",
          "pivot": [
            -3,
            8,
            0
          ],
          "rotation": [
            0,
            2.5,
            2.5
          ],
          "cubes": [
            {
              "origin": [
                -5,
                0,
                -2
              ],
              "size": [
                4,
                8,
                4
              ],
              "uv": [
                40,
                14
              ]
            }
          ]
        },
        {
          "name": "Leftleg",
          "parent": "Root",
          "pivot": [
            3,
            8,
            0
          ],
          "rotation": [
            0,
            -2.5,
            -2.5
          ],
          "cubes": [
            {
              "origin": [
                1,
                0,
                -2
              ],
              "size": [
                4,
                8,
                4
              ],
              "uv": [
                32,
                30
              ]
            }
          ]
        }
      ]
    }
  ]
}