{
  "format_version": "1.12.0",
  "minecraft:geometry": [
    {
      "description": {
        "identifier": "geometry.max_kinguru",
        "texture_width": 128,
        "texture_height": 128,
        "visible_bounds_width": 6,
        "visible_bounds_height": 5.5,
        "visible_bounds_offset": [
          0,
          2.25,
          0
        ]
      },
      "bones": [
        {
          "name": "Root",
          "pivot": [
            0,
            0,
            0
          ]
        },
        {
          "name": "Body",
          "parent": "Root",
          "pivot": [
            0,
            26.25,
            0
          ],
          "cubes": [
            {
              "origin": [
                -9,
                42,
                -9
              ],
              "size": [
                17,
                3,
                17
              ],
              "uv": [
                60,
                37
              ]
            },
            {
              "origin": [
                -4,
                34,
                -2
              ],
              "size": [
                8,
                18,
                8
              ],
              "pivot": [
                0,
                0,
                0
              ],
              "rotation": [
                17.5,
                0,
                0
              ],
              "uv": [
                50,
                63
              ]
            },
            {
              "origin": [
                -10,
                25,
                -12
              ],
              "size": [
                19,
                4,
                22
              ],
              "uv": [
                0,
                37
              ]
            },
            {
              "origin": [
                -1,
                19,
                28
              ],
              "size": [
                0,
                10,
                23
              ],
              "pivot": [
                0,
                0,
                0
              ],
              "rotation": [
                30,
                0,
                0
              ],
              "uv": [
                0,
                48
              ]
            },
            {
              "origin": [
                -10,
                29,
                -12
              ],
              "size": [
                19,
                13,
                24
              ],
              "uv": [
                0,
                0
              ]
            },
            {
              "origin": [
                -8,
                32,
                -5
              ],
              "size": [
                15,
                11,
                5
              ],
              "pivot": [
                0,
                0,
                0
              ],
              "rotation": [
                -22.5,
                0,
                0
              ],
              "uv": [
                0,
                81
              ]
            }
          ]
        },
        {
          "name": "Head",
          "parent": "Body",
          "pivot": [
            0,
            64,
            0
          ],
          "cubes": [
            {
              "origin": [
                -3,
                52,
                -28
              ],
              "size": [
                6,
                3,
                9
              ],
              "uv": [
                66,
                89
              ]
            },
            {
              "origin": [
                -2,
                54,
                -29
              ],
              "size": [
                4,
                2,
                2
              ],
              "uv": [
                0,
                55
              ]
            },
            {
              "origin": [
                -3,
                52,
                -19
              ],
              "size": [
                6,
                3,
                9
              ],
              "pivot": [
                0,
                18,
                0
              ],
              "rotation": [
                12.5,
                0,
                0
              ],
              "uv": [
                86,
                21
              ]
            },
            {
              "origin": [
                4,
                58,
                -14
              ],
              "size": [
                8,
                9,
                0
              ],
              "uv": [
                60,
                37
              ]
            },
            {
              "origin": [
                4,
                58,
                14
              ],
              "size": [
                8,
                9,
                0
              ],
              "pivot": [
                0,
                18,
                0
              ],
              "rotation": [
                0,
                180,
                0
              ],
              "uv": [
                60,
                37
              ]
            },
            {
              "origin": [
                -5,
                49,
                -19
              ],
              "size": [
                10,
                11,
                10
              ],
              "uv": [
                62,
                0
              ]
            },
            {
              "origin": [
                -4,
                60,
                -18
              ],
              "size": [
                8,
                5,
                8
              ],
              "uv": [
                74,
                57
              ]
            },
            {
              "origin": [
                -4.5,
                55,
                -20
              ],
              "size": [
                4,
                4,
                1
              ],
              "uv": [
                62,
                0
              ]
            },
            {
              "origin": [
                0.5,
                55,
                -20
              ],
              "size": [
                4,
                4,
                1
              ],
              "uv": [
                13,
                0
              ]
            }
          ]
        },
        {
          "name": "Rightarm",
          "parent": "Body",
          "pivot": [
            -11.5,
            37.5,
            -1
          ],
          "cubes": [
            {
              "origin": [
                -14,
                26,
                -3
              ],
              "size": [
                4,
                13,
                5
              ],
              "uv": [
                0,
                97
              ]
            }
          ]
        },
        {
          "name": "bone",
          "parent": "Rightarm",
          "pivot": [
            -11.5,
            25.5,
            -1
          ],
          "cubes": [
            {
              "origin": [
                -14,
                13,
                -3
              ],
              "size": [
                4,
                13,
                5
              ],
              "uv": [
                96,
                89
              ]
            },
            {
              "origin": [
                -12,
                12,
                -22
              ],
              "size": [
                0,
                8,
                29
              ],
              "uv": [
                0,
                34
              ]
            }
          ]
        },
        {
          "name": "Leftarm",
          "parent": "Body",
          "pivot": [
            11.5,
            37.5,
            -1
          ],
          "cubes": [
            {
              "origin": [
                9,
                26,
                -3
              ],
              "size": [
                4,
                13,
                5
              ],
              "uv": [
                0,
                37
              ]
            }
          ]
        },
        {
          "name": "bone2",
          "parent": "Leftarm",
          "pivot": [
            11.5,
            25.5,
            -1
          ],
          "cubes": [
            {
              "origin": [
                9,
                13,
                -3
              ],
              "size": [
                4,
                13,
                5
              ],
              "uv": [
                0,
                0
              ]
            }
          ]
        },
        {
          "name": "Rightleg",
          "parent": "Root",
          "pivot": [
            -4.5,
            25.5,
            0
          ],
          "cubes": [
            {
              "origin": [
                -9,
                13,
                -3
              ],
              "size": [
                7,
                13,
                6
              ],
              "uv": [
                40,
                89
              ]
            }
          ]
        },
        {
          "name": "bone4",
          "parent": "Rightleg",
          "pivot": [
            -4.5,
            12.5,
            0
          ],
          "cubes": [
            {
              "origin": [
                -8,
                0,
                -2
              ],
              "size": [
                5,
                13,
                4
              ],
              "uv": [
                66,
                101
              ]
            },
            {
              "origin": [
                -8,
                0,
                -5
              ],
              "size": [
                5,
                2,
                3
              ],
              "uv": [
                60,
                46
              ]
            }
          ]
        },
        {
          "name": "Leftleg",
          "parent": "Root",
          "pivot": [
            4.5,
            25.5,
            0
          ],
          "cubes": [
            {
              "origin": [
                1,
                13,
                -3
              ],
              "size": [
                7,
                13,
                6
              ],
              "uv": [
                82,
                70
              ]
            }
          ]
        },
        {
          "name": "bone3",
          "parent": "Leftleg",
          "pivot": [
            4.5,
            12.5,
            0
          ],
          "cubes": [
            {
              "origin": [
                2,
                0,
                -2
              ],
              "size": [
                5,
                13,
                4
              ],
              "uv": [
                18,
                97
              ]
            },
            {
              "origin": [
                2,
                0,
                -5
              ],
              "size": [
                5,
                2,
                3
              ],
              "uv": [
                0,
                18
              ]
            }
          ]
        }
      ]
    }
  ]
}