{
  "format_version": "1.12.0",
  "minecraft:geometry": [
    {
      "description": {
        "identifier": "geometry.max_jumbo_dead",
        "texture_width": 128,
        "texture_height": 128,
        "visible_bounds_width": 5,
        "visible_bounds_height": 5.5,
        "visible_bounds_offset": [
          0,
          2.25,
          0
        ]
      },
      "bones": [
        {
          "name": "root",
          "pivot": [
            0,
            13,
            26
          ],
          "rotation": [
            90,
            0,
            0
          ]
        },
        {
          "name": "waist",
          "parent": "root",
          "pivot": [
            0,
            28,
            26
          ]
        },
        {
          "name": "body",
          "parent": "waist",
          "pivot": [
            0,
            28,
            26
          ],
          "cubes": [
            {
              "origin": [
                -7,
                21,
                14
              ],
              "size": [
                14,
                11,
                8
              ],
              "pivot": [
                0,
                13,
                26
              ],
              "rotation": [
                -5,
                0,
                0
              ],
              "uv": [
                46,
                18
              ]
            }
          ]
        },
        {
          "name": "body2",
          "parent": "body",
          "pivot": [
            0,
            36,
            26
          ],
          "cubes": [
            {
              "origin": [
                -7,
                32,
                22
              ],
              "size": [
                14,
                11,
                8
              ],
              "pivot": [
                0,
                13,
                26
              ],
              "rotation": [
                17.5,
                0,
                0
              ],
              "uv": [
                36,
                38
              ]
            }
          ]
        },
        {
          "name": "body3",
          "parent": "body2",
          "pivot": [
            0,
            46,
            26
          ],
          "cubes": [
            {
              "origin": [
                -7,
                41,
                13
              ],
              "size": [
                14,
                12,
                8
              ],
              "uv": [
                0,
                26
              ]
            }
          ]
        },
        {
          "name": "head",
          "parent": "body3",
          "pivot": [
            0,
            50,
            36
          ],
          "rotation": [
            0,
            0,
            -25
          ],
          "cubes": [
            {
              "origin": [
                -7,
                50,
                11
              ],
              "size": [
                15,
                14,
                12
              ],
              "uv": [
                0,
                0
              ]
            },
            {
              "origin": [
                8,
                51,
                11
              ],
              "size": [
                2,
                12,
                12
              ],
              "uv": [
                0,
                46
              ]
            },
            {
              "origin": [
                -9,
                51,
                11
              ],
              "size": [
                2,
                12,
                12
              ],
              "uv": [
                28,
                57
              ]
            },
            {
              "origin": [
                -11,
                52,
                11
              ],
              "size": [
                2,
                10,
                12
              ],
              "uv": [
                0,
                70
              ]
            },
            {
              "origin": [
                10,
                52,
                11
              ],
              "size": [
                2,
                10,
                12
              ],
              "uv": [
                56,
                57
              ]
            }
          ]
        },
        {
          "name": "rightArm",
          "parent": "body3",
          "pivot": [
            -7,
            48,
            17
          ],
          "rotation": [
            0,
            0,
            45
          ],
          "cubes": [
            {
              "origin": [
                -11,
                42,
                15
              ],
              "size": [
                4,
                8,
                4
              ],
              "uv": [
                82,
                12
              ]
            }
          ]
        },
        {
          "name": "rightArm2",
          "parent": "rightArm",
          "pivot": [
            -8.5,
            44,
            16.5
          ],
          "rotation": [
            -0.01077,
            0.02211,
            -12.50012
          ],
          "cubes": [
            {
              "origin": [
                -11.5,
                37,
                14.5
              ],
              "size": [
                5,
                7,
                5
              ],
              "uv": [
                44,
                57
              ]
            }
          ]
        },
        {
          "name": "rightArm3",
          "parent": "rightArm2",
          "pivot": [
            -9,
            36,
            17
          ],
          "rotation": [
            0,
            0,
            -12.5
          ],
          "cubes": [
            {
              "origin": [
                -12,
                27,
                14
              ],
              "size": [
                6,
                11,
                6
              ],
              "uv": [
                50,
                79
              ]
            }
          ]
        },
        {
          "name": "rightArm4",
          "parent": "rightArm3",
          "pivot": [
            -8.5,
            26,
            16.5
          ],
          "rotation": [
            0,
            0,
            -25
          ],
          "cubes": [
            {
              "origin": [
                -12.5,
                21,
                13.5
              ],
              "size": [
                7,
                7,
                7
              ],
              "uv": [
                73,
                50
              ]
            },
            {
              "origin": [
                -9.5,
                21,
                11.5
              ],
              "size": [
                3,
                6,
                2
              ],
              "pivot": [
                -7,
                25,
                12.5
              ],
              "rotation": [
                0,
                0,
                17.5
              ],
              "uv": [
                36,
                26
              ]
            }
          ]
        },
        {
          "name": "leftArm",
          "parent": "body3",
          "pivot": [
            7,
            48,
            15
          ],
          "rotation": [
            -110,
            -82.5,
            35
          ],
          "cubes": [
            {
              "origin": [
                7,
                42,
                13
              ],
              "size": [
                4,
                8,
                4
              ],
              "uv": [
                82,
                0
              ]
            }
          ]
        },
        {
          "name": "leftArm2",
          "parent": "leftArm",
          "pivot": [
            9.5,
            44,
            14.5
          ],
          "rotation": [
            -55,
            0,
            0
          ],
          "cubes": [
            {
              "origin": [
                6.5,
                37,
                12.5
              ],
              "size": [
                5,
                7,
                5
              ],
              "uv": [
                16,
                46
              ]
            }
          ]
        },
        {
          "name": "leftArm3",
          "parent": "leftArm2",
          "pivot": [
            9,
            36,
            15
          ],
          "rotation": [
            -52.5,
            0,
            0
          ],
          "cubes": [
            {
              "origin": [
                6,
                27,
                12
              ],
              "size": [
                6,
                11,
                6
              ],
              "uv": [
                78,
                73
              ]
            }
          ]
        },
        {
          "name": "leftArm4",
          "parent": "leftArm3",
          "pivot": [
            9.5,
            26,
            14.5
          ],
          "rotation": [
            15,
            0,
            0
          ],
          "cubes": [
            {
              "origin": [
                5.5,
                21,
                11.5
              ],
              "size": [
                7,
                7,
                7
              ],
              "uv": [
                54,
                0
              ]
            },
            {
              "origin": [
                6.5,
                21,
                9.5
              ],
              "size": [
                3,
                6,
                2
              ],
              "pivot": [
                7,
                25,
                10.5
              ],
              "rotation": [
                0,
                0,
                -17.5
              ],
              "uv": [
                0,
                0
              ]
            }
          ]
        },
        {
          "name": "rightLeg",
          "parent": "root",
          "pivot": [
            -3.5,
            28,
            25.5
          ],
          "cubes": [
            {
              "origin": [
                -6.5,
                14,
                15.5
              ],
              "size": [
                5,
                8,
                5
              ],
              "pivot": [
                0,
                21,
                20
              ],
              "rotation": [
                -15,
                0,
                0
              ],
              "uv": [
                28,
                81
              ]
            }
          ]
        },
        {
          "name": "leftLeg",
          "parent": "root",
          "pivot": [
            3.5,
            28,
            25.5
          ],
          "cubes": [
            {
              "origin": [
                1.5,
                15,
                15.5
              ],
              "size": [
                5,
                8,
                5
              ],
              "pivot": [
                0,
                21,
                20
              ],
              "rotation": [
                -32.5,
                0,
                0
              ],
              "uv": [
                80,
                37
              ]
            }
          ]
        }
      ]
    }
  ]
}