{
  "format_version": "1.12.0",
  "minecraft:geometry": [
    {
      "description": {
        "identifier": "geometry.max_mini_opila_burd",
        "texture_width": 64,
        "texture_height": 64,
        "visible_bounds_width": 3,
        "visible_bounds_height": 3.5,
        "visible_bounds_offset": [
          0,
          1.25,
          0
        ]
      },
      "bones": [
        {
          "name": "Root",
          "pivot": [
            0,
            0,
            -3
          ]
        },
        {
          "name": "Body",
          "parent": "Root",
          "pivot": [
            0,
            7.658,
            1.10131
          ],
          "cubes": [
            {
              "origin": [
                -4,
                7,
                -4
              ],
              "size": [
                8,
                8,
                10
              ],
              "uv": [
                0,
                0
              ]
            },
            {
              "origin": [
                -3,
                7.62783,
                4.1107
              ],
              "size": [
                6,
                6,
                4
              ],
              "pivot": [
                0,
                10.62783,
                6.1107
              ],
              "rotation": [
                -20,
                0,
                0
              ],
              "uv": [
                26,
                0
              ]
            },
            {
              "origin": [
                0,
                9.26572,
                6.83557
              ],
              "size": [
                0,
                1,
                4
              ],
              "pivot": [
                0,
                9.76572,
                8.83557
              ],
              "rotation": [
                -20,
                0,
                0
              ],
              "uv": [
                0,
                19
              ]
            },
            {
              "origin": [
                0,
                8.52845,
                6.51116
              ],
              "size": [
                0,
                1,
                4
              ],
              "pivot": [
                0,
                9.02845,
                8.51116
              ],
              "rotation": [
                -67.5,
                0,
                0
              ],
              "uv": [
                0,
                5
              ]
            },
            {
              "origin": [
                0,
                9.97283,
                6.54268
              ],
              "size": [
                0,
                1,
                4
              ],
              "pivot": [
                0,
                10.47283,
                8.54268
              ],
              "rotation": [
                25,
                0,
                0
              ],
              "uv": [
                0,
                4
              ]
            },
            {
              "origin": [
                -2.5,
                9,
                -5.5
              ],
              "size": [
                5,
                8,
                5
              ],
              "pivot": [
                0,
                16.5,
                -3
              ],
              "rotation": [
                10,
                0,
                0
              ],
              "uv": [
                27,
                29
              ]
            }
          ]
        },
        {
          "name": "Head",
          "parent": "Body",
          "pivot": [
            0,
            16,
            -3
          ],
          "cubes": [
            {
              "origin": [
                -4,
                16,
                -7
              ],
              "size": [
                8,
                8,
                8
              ],
              "uv": [
                0,
                18
              ]
            },
            {
              "origin": [
                -0.5,
                24,
                -3
              ],
              "size": [
                1,
                4,
                0
              ],
              "pivot": [
                0,
                24,
                -3
              ],
              "rotation": [
                -25,
                0,
                0
              ],
              "uv": [
                24,
                18
              ]
            },
            {
              "origin": [
                -0.5,
                23,
                -3
              ],
              "size": [
                1,
                5,
                0
              ],
              "pivot": [
                0,
                24,
                -3
              ],
              "rotation": [
                -20.30179,
                -14.90835,
                -34.81608
              ],
              "uv": [
                8,
                5
              ]
            },
            {
              "origin": [
                -0.5,
                23,
                -3
              ],
              "size": [
                1,
                5,
                0
              ],
              "pivot": [
                0,
                24,
                -3
              ],
              "rotation": [
                -20.30179,
                14.90835,
                34.81608
              ],
              "uv": [
                8,
                0
              ]
            },
            {
              "origin": [
                -2,
                18,
                -11
              ],
              "size": [
                4,
                2,
                4
              ],
              "uv": [
                32,
                23
              ]
            },
            {
              "origin": [
                -1.5,
                17,
                -10
              ],
              "size": [
                3,
                1,
                3
              ],
              "uv": [
                15,
                34
              ]
            }
          ]
        },
        {
          "name": "Wing",
          "parent": "Body",
          "pivot": [
            -4,
            11.5,
            -1.75
          ],
          "cubes": [
            {
              "origin": [
                -6,
                9,
                -2
              ],
              "size": [
                2,
                5,
                5
              ],
              "uv": [
                31,
                13
              ]
            },
            {
              "origin": [
                -6,
                10,
                3
              ],
              "size": [
                2,
                3,
                2
              ],
              "uv": [
                0,
                18
              ]
            }
          ]
        },
        {
          "name": "Wing2",
          "parent": "Body",
          "pivot": [
            4,
            11.5,
            -1.75
          ],
          "cubes": [
            {
              "origin": [
                4,
                9,
                -2
              ],
              "size": [
                2,
                5,
                5
              ],
              "uv": [
                31,
                13
              ],
              "mirror": true
            },
            {
              "origin": [
                4,
                10,
                3
              ],
              "size": [
                2,
                3,
                2
              ],
              "uv": [
                0,
                18
              ],
              "mirror": true
            }
          ]
        },
        {
          "name": "Rightleg",
          "parent": "Root",
          "pivot": [
            -2,
            7.2,
            1
          ],
          "cubes": [
            {
              "origin": [
                -3,
                1,
                0
              ],
              "size": [
                2,
                6,
                2
              ],
              "uv": [
                0,
                0
              ]
            },
            {
              "origin": [
                -3.16,
                -0.08,
                -0.16
              ],
              "size": [
                2.32,
                1.16,
                2.32
              ],
              "uv": [
                36,
                10
              ]
            },
            {
              "origin": [
                -2.5,
                0,
                -3
              ],
              "size": [
                1,
                1,
                6
              ],
              "uv": [
                0,
                34
              ]
            },
            {
              "origin": [
                -2.5,
                0,
                -3
              ],
              "size": [
                1,
                1,
                5
              ],
              "pivot": [
                -2,
                0.5,
                1
              ],
              "rotation": [
                0,
                32.5,
                0
              ],
              "uv": [
                8,
                34
              ]
            },
            {
              "origin": [
                -2.5,
                0,
                -3
              ],
              "size": [
                1,
                1,
                5
              ],
              "pivot": [
                -2,
                0.5,
                1
              ],
              "rotation": [
                0,
                -32.5,
                0
              ],
              "uv": [
                24,
                18
              ]
            }
          ]
        },
        {
          "name": "Leftleg",
          "parent": "Root",
          "pivot": [
            2,
            7.2,
            1
          ],
          "cubes": [
            {
              "origin": [
                1,
                1,
                0
              ],
              "size": [
                2,
                6,
                2
              ],
              "uv": [
                0,
                0
              ],
              "mirror": true
            },
            {
              "origin": [
                0.84,
                -0.08,
                -0.16
              ],
              "size": [
                2.32,
                1.16,
                2.32
              ],
              "uv": [
                36,
                10
              ],
              "mirror": true
            },
            {
              "origin": [
                1.5,
                0,
                -3
              ],
              "size": [
                1,
                1,
                6
              ],
              "uv": [
                0,
                34
              ],
              "mirror": true
            },
            {
              "origin": [
                1.5,
                0,
                -3
              ],
              "size": [
                1,
                1,
                5
              ],
              "pivot": [
                2,
                0.5,
                1
              ],
              "rotation": [
                0,
                -32.5,
                0
              ],
              "uv": [
                8,
                34
              ],
              "mirror": true
            },
            {
              "origin": [
                1.5,
                0,
                -3
              ],
              "size": [
                1,
                1,
                5
              ],
              "pivot": [
                2,
                0.5,
                1
              ],
              "rotation": [
                0,
                32.5,
                0
              ],
              "uv": [
                24,
                18
              ],
              "mirror": true
            }
          ]
        }
      ]
    }
  ]
}