{
  "format_version": "1.12.0",
  "minecraft:geometry": [
    {
      "description": {
        "identifier": "geometry.max_banban",
        "texture_width": 64,
        "texture_height": 64,
        "visible_bounds_width": 2,
        "visible_bounds_height": 4.5,
        "visible_bounds_offset": [
          0,
          1.75,
          0
        ]
      },
      "bones": [
        {
          "name": "leg0",
          "pivot": [
            -2,
            14,
            0
          ],
          "rotation": [
            0,
            2.5,
            2.5
          ],
          "cubes": [
            {
              "origin": [
                -4,
                8,
                -2
              ],
              "size": [
                4,
                7,
                4
              ],
              "uv": [
                32,
                39
              ]
            }
          ]
        },
        {
          "name": "bone9",
          "parent": "leg0",
          "pivot": [
            -2,
            8,
            0
          ],
          "cubes": [
            {
              "origin": [
                -4,
                0,
                -2
              ],
              "size": [
                4,
                8,
                4
              ],
              "uv": [
                16,
                37
              ]
            },
            {
              "origin": [
                -4,
                0,
                -3
              ],
              "size": [
                4,
                2,
                1
              ],
              "uv": [
                9,
                49
              ]
            }
          ]
        },
        {
          "name": "bone",
          "pivot": [
            2,
            14,
            0
          ],
          "rotation": [
            0,
            -2.5,
            -2.5
          ],
          "cubes": [
            {
              "origin": [
                0,
                8,
                -2
              ],
              "size": [
                4,
                7,
                4
              ],
              "uv": [
                32,
                0
              ]
            }
          ]
        },
        {
          "name": "bone8",
          "parent": "bone",
          "pivot": [
            2,
            8,
            0
          ],
          "cubes": [
            {
              "origin": [
                0,
                0,
                -3
              ],
              "size": [
                4,
                2,
                1
              ],
              "uv": [
                24,
                0
              ]
            },
            {
              "origin": [
                0,
                0,
                -2
              ],
              "size": [
                4,
                8,
                4
              ],
              "uv": [
                0,
                37
              ]
            }
          ]
        },
        {
          "name": "bone2",
          "pivot": [
            0,
            0,
            0
          ]
        },
        {
          "name": "tors",
          "pivot": [
            0,
            14,
            0
          ],
          "cubes": [
            {
              "origin": [
                -4,
                14,
                -3
              ],
              "size": [
                8,
                14,
                6
              ],
              "uv": [
                0,
                17
              ]
            }
          ]
        },
        {
          "name": "head0",
          "parent": "tors",
          "pivot": [
            0,
            28,
            0
          ],
          "cubes": [
            {
              "origin": [
                -4,
                28,
                -4
              ],
              "size": [
                8,
                9,
                8
              ],
              "uv": [
                0,
                0
              ]
            },
            {
              "origin": [
                -3.5,
                37,
                -1.5
              ],
              "size": [
                3,
                5,
                3
              ],
              "uv": [
                0,
                49
              ]
            },
            {
              "origin": [
                -2.5,
                41.93058,
                -0.04894
              ],
              "size": [
                1,
                3,
                0
              ],
              "uv": [
                26,
                20
              ]
            },
            {
              "origin": [
                -2,
                41.93058,
                0.45106
              ],
              "size": [
                0,
                3,
                1
              ],
              "pivot": [
                -2,
                43.43058,
                0.45106
              ],
              "rotation": [
                -40,
                -2.5,
                0
              ],
              "uv": [
                26,
                2
              ]
            },
            {
              "origin": [
                -2,
                42.93058,
                -1.54894
              ],
              "size": [
                0,
                3,
                1
              ],
              "pivot": [
                -2,
                43.43058,
                0.45106
              ],
              "rotation": [
                40,
                -2.5,
                0
              ],
              "uv": [
                24,
                19
              ]
            },
            {
              "origin": [
                -2,
                41.93058,
                -0.54894
              ],
              "size": [
                0,
                3,
                1
              ],
              "uv": [
                24,
                16
              ]
            },
            {
              "origin": [
                1.5,
                41.93058,
                -0.04894
              ],
              "size": [
                1,
                3,
                0
              ],
              "uv": [
                26,
                17
              ]
            },
            {
              "origin": [
                2,
                41.93058,
                0.45106
              ],
              "size": [
                0,
                3,
                1
              ],
              "pivot": [
                2,
                43.43058,
                0.45106
              ],
              "rotation": [
                -40,
                2.5,
                0
              ],
              "uv": [
                24,
                2
              ]
            },
            {
              "origin": [
                2,
                41.93058,
                -0.54894
              ],
              "size": [
                0,
                3,
                1
              ],
              "uv": [
                2,
                19
              ]
            },
            {
              "origin": [
                2,
                42.93058,
                -1.54894
              ],
              "size": [
                0,
                3,
                1
              ],
              "pivot": [
                2,
                43.43058,
                0.45106
              ],
              "rotation": [
                40,
                2.5,
                0
              ],
              "uv": [
                0,
                19
              ]
            },
            {
              "origin": [
                -3.01707,
                40.85593,
                -0.00432
              ],
              "size": [
                1,
                4,
                0
              ],
              "pivot": [
                -2.51707,
                42.85593,
                -0.00432
              ],
              "rotation": [
                0,
                -9.91557,
                -31.17981
              ],
              "uv": [
                22,
                17
              ]
            },
            {
              "origin": [
                2.01707,
                40.85593,
                -0.00432
              ],
              "size": [
                1,
                4,
                0
              ],
              "pivot": [
                2.51707,
                42.85593,
                -0.00432
              ],
              "rotation": [
                0,
                9.91557,
                31.17981
              ],
              "uv": [
                4,
                17
              ]
            },
            {
              "origin": [
                -1.95472,
                40.82394,
                0.15424
              ],
              "size": [
                1,
                4,
                0
              ],
              "pivot": [
                -1.45472,
                42.82394,
                0.15424
              ],
              "rotation": [
                0,
                -4.39826,
                34.1844
              ],
              "uv": [
                6,
                4
              ]
            },
            {
              "origin": [
                0.95472,
                40.82394,
                0.15424
              ],
              "size": [
                1,
                4,
                0
              ],
              "pivot": [
                1.45472,
                42.82394,
                0.15424
              ],
              "rotation": [
                0,
                4.39826,
                -34.1844
              ],
              "uv": [
                6,
                0
              ]
            },
            {
              "origin": [
                0.5,
                37,
                -1.5
              ],
              "size": [
                3,
                5,
                3
              ],
              "uv": [
                45,
                47
              ]
            }
          ]
        },
        {
          "name": "bone3",
          "parent": "head0",
          "pivot": [
            -2,
            29.42284,
            -4.11209
          ],
          "cubes": [
            {
              "origin": [
                -3,
                26.92284,
                -4.11209
              ],
              "size": [
                2,
                3,
                0
              ],
              "pivot": [
                -2,
                28.42284,
                -4.11209
              ],
              "rotation": [
                -5,
                0,
                0
              ],
              "uv": [
                0,
                17
              ]
            }
          ]
        },
        {
          "name": "bone5",
          "parent": "head0",
          "pivot": [
            -2,
            33.5,
            -3.56593
          ],
          "cubes": [
            {
              "origin": [
                -3.5,
                33,
                -4.56593
              ],
              "size": [
                3,
                3,
                2
              ],
              "pivot": [
                -2,
                33.5,
                -3.56593
              ],
              "rotation": [
                0,
                2.5,
                0
              ],
              "uv": [
                48,
                41
              ]
            },
            {
              "origin": [
                -3.11551,
                33.5,
                -4.65614
              ],
              "size": [
                2,
                2,
                1
              ],
              "pivot": [
                -2.11551,
                33.5,
                -4.15614
              ],
              "rotation": [
                0,
                2.5,
                0
              ],
              "uv": [
                0,
                3
              ]
            }
          ]
        },
        {
          "name": "bone4",
          "parent": "head0",
          "pivot": [
            2,
            33.5,
            -3.56593
          ],
          "cubes": [
            {
              "origin": [
                0.5,
                33,
                -4.56593
              ],
              "size": [
                3,
                3,
                2
              ],
              "pivot": [
                2,
                33.5,
                -3.56593
              ],
              "rotation": [
                0,
                -2.5,
                0
              ],
              "uv": [
                48,
                0
              ]
            },
            {
              "origin": [
                1.11551,
                33.5,
                -4.65614
              ],
              "size": [
                2,
                2,
                1
              ],
              "pivot": [
                2.11551,
                33.5,
                -4.15614
              ],
              "rotation": [
                0,
                -2.5,
                0
              ],
              "uv": [
                0,
                0
              ]
            }
          ]
        },
        {
          "name": "arm0",
          "parent": "tors",
          "pivot": [
            -4,
            26.5,
            0
          ],
          "rotation": [
            0,
            0,
            2.5
          ],
          "cubes": [
            {
              "origin": [
                -7,
                21,
                -2
              ],
              "size": [
                3,
                7,
                4
              ],
              "uv": [
                46,
                18
              ]
            }
          ]
        },
        {
          "name": "bone7",
          "parent": "arm0",
          "pivot": [
            -5,
            21,
            0
          ],
          "cubes": [
            {
              "origin": [
                -7,
                13,
                -3
              ],
              "size": [
                3,
                8,
                6
              ],
              "uv": [
                28,
                25
              ]
            },
            {
              "origin": [
                -7,
                11,
                -2
              ],
              "size": [
                3,
                2,
                4
              ],
              "uv": [
                46,
                29
              ]
            }
          ]
        },
        {
          "name": "arm1",
          "parent": "tors",
          "pivot": [
            4,
            26.5,
            0
          ],
          "rotation": [
            0,
            0,
            -2.5
          ],
          "cubes": [
            {
              "origin": [
                4,
                21,
                -2
              ],
              "size": [
                3,
                7,
                4
              ],
              "uv": [
                46,
                7
              ]
            }
          ]
        },
        {
          "name": "bone6",
          "parent": "arm1",
          "pivot": [
            5,
            21,
            0
          ],
          "cubes": [
            {
              "origin": [
                4,
                13,
                -3
              ],
              "size": [
                3,
                8,
                6
              ],
              "uv": [
                28,
                11
              ]
            },
            {
              "origin": [
                4,
                11,
                -2
              ],
              "size": [
                3,
                2,
                4
              ],
              "uv": [
                44,
                35
              ]
            }
          ]
        }
      ]
    }
  ]
}