{
  "format_version": "1.12.0",
  "minecraft:geometry": [
    {
      "description": {
        "identifier": "geometry.max_stinger_flynn",
        "texture_width": 128,
        "texture_height": 128,
        "visible_bounds_width": 4,
        "visible_bounds_height": 4,
        "visible_bounds_offset": [
          0,
          1,
          0
        ]
      },
      "bones": [
        {
          "name": "Root",
          "pivot": [
            0,
            0,
            0
          ]
        },
        {
          "name": "Body",
          "parent": "Root",
          "pivot": [
            0,
            18,
            0
          ],
          "cubes": [
            {
              "origin": [
                -2,
                18,
                -6
              ],
              "size": [
                4,
                4,
                1
              ],
              "uv": [
                33,
                4
              ]
            },
            {
              "origin": [
                -1.59,
                18.41,
                -6.23
              ],
              "size": [
                3.18,
                3.18,
                1.06
              ],
              "uv": [
                20,
                35
              ]
            },
            {
              "origin": [
                -5.4,
                14,
                -5
              ],
              "size": [
                10.8,
                9,
                10
              ],
              "uv": [
                34,
                6
              ]
            },
            {
              "origin": [
                -5,
                15,
                -5
              ],
              "size": [
                10,
                9,
                10
              ],
              "uv": [
                30,
                25
              ]
            },
            {
              "origin": [
                -5,
                14,
                -5.4
              ],
              "size": [
                10,
                9,
                10.8
              ],
              "uv": [
                0,
                16
              ]
            },
            {
              "origin": [
                -5.5,
                13,
                -5.5
              ],
              "size": [
                11,
                5,
                11
              ],
              "uv": [
                0,
                0
              ]
            },
            {
              "origin": [
                -5.5,
                11,
                -5.5
              ],
              "size": [
                11,
                2,
                11
              ],
              "uv": [
                0,
                44
              ]
            }
          ]
        },
        {
          "name": "Arm",
          "parent": "Body",
          "pivot": [
            -3.57217,
            13.73364,
            0
          ],
          "cubes": [
            {
              "origin": [
                -5.77962,
                13.81307,
                -1
              ],
              "size": [
                8,
                2,
                2
              ],
              "pivot": [
                -1.77962,
                14.81307,
                0
              ],
              "rotation": [
                0,
                0,
                -32.5
              ],
              "uv": [
                0,
                35
              ]
            },
            {
              "origin": [
                -8.61589,
                11.72048,
                -1.1
              ],
              "size": [
                4,
                2.2,
                2.2
              ],
              "uv": [
                52,
                54
              ]
            },
            {
              "origin": [
                -12.68707,
                13.00713,
                -1
              ],
              "size": [
                5,
                2,
                2
              ],
              "pivot": [
                -10.18707,
                14.00713,
                0
              ],
              "rotation": [
                0,
                0,
                32.5
              ],
              "uv": [
                45,
                50
              ]
            },
            {
              "origin": [
                -15.48308,
                16.19537,
                -1
              ],
              "size": [
                5,
                2,
                2
              ],
              "pivot": [
                -12.98308,
                17.19537,
                0
              ],
              "rotation": [
                0,
                0,
                65
              ],
              "uv": [
                33,
                48
              ]
            },
            {
              "origin": [
                -19.29518,
                18.63216,
                -1.2
              ],
              "size": [
                6,
                2.4,
                2.4
              ],
              "pivot": [
                -16.29518,
                19.83216,
                0
              ],
              "rotation": [
                0,
                0,
                17.5
              ],
              "uv": [
                33,
                44
              ]
            }
          ]
        },
        {
          "name": "Arm2",
          "parent": "Body",
          "pivot": [
            3.57217,
            13.73364,
            0
          ],
          "cubes": [
            {
              "origin": [
                -2.22038,
                13.81307,
                -1
              ],
              "size": [
                8,
                2,
                2
              ],
              "pivot": [
                1.77962,
                14.81307,
                0
              ],
              "rotation": [
                0,
                0,
                32.5
              ],
              "uv": [
                33,
                0
              ]
            },
            {
              "origin": [
                4.61589,
                11.72048,
                -1.1
              ],
              "size": [
                4,
                2.2,
                2.2
              ],
              "uv": [
                51,
                2
              ]
            },
            {
              "origin": [
                7.68707,
                13.00713,
                -1
              ],
              "size": [
                5,
                2,
                2
              ],
              "pivot": [
                10.18707,
                14.00713,
                0
              ],
              "rotation": [
                0,
                0,
                -32.5
              ],
              "uv": [
                47,
                46
              ]
            },
            {
              "origin": [
                10.48308,
                16.19537,
                -1
              ],
              "size": [
                5,
                2,
                2
              ],
              "pivot": [
                12.98308,
                17.19537,
                0
              ],
              "rotation": [
                0,
                0,
                -65
              ],
              "uv": [
                16,
                39
              ]
            },
            {
              "origin": [
                13.29518,
                18.63216,
                -1.2
              ],
              "size": [
                6,
                2.4,
                2.4
              ],
              "pivot": [
                16.29518,
                19.83216,
                0
              ],
              "rotation": [
                0,
                0,
                -17.5
              ],
              "uv": [
                0,
                39
              ]
            }
          ]
        },
        {
          "name": "Leg",
          "parent": "Root",
          "pivot": [
            -3.60246,
            13.06134,
            -3.06471
          ],
          "cubes": [
            {
              "origin": [
                -5.15247,
                11.32728,
                -4.8
              ],
              "size": [
                2,
                3,
                2
              ],
              "pivot": [
                -4.15247,
                12.82728,
                -3.8
              ],
              "rotation": [
                0,
                0,
                -5
              ],
              "uv": [
                0,
                63
              ]
            },
            {
              "origin": [
                -5.3809,
                7.59557,
                -4.8868
              ],
              "size": [
                2,
                4,
                2
              ],
              "pivot": [
                -4.3809,
                9.59557,
                -3.8868
              ],
              "rotation": [
                -1.74734,
                -1.43562,
                9.85143
              ],
              "uv": [
                60,
                25
              ]
            },
            {
              "origin": [
                -5.87648,
                -0.17748,
                -5.17204
              ],
              "size": [
                2.4,
                4.6,
                2.4
              ],
              "uv": [
                59,
                48
              ]
            },
            {
              "origin": [
                -5.67648,
                1.12252,
                -4.97204
              ],
              "size": [
                2,
                6.7,
                2
              ],
              "uv": [
                44,
                54
              ]
            }
          ]
        },
        {
          "name": "Leg2",
          "parent": "Root",
          "pivot": [
            -3.60246,
            13.06134,
            2.93529
          ],
          "cubes": [
            {
              "origin": [
                -5.15247,
                11.32728,
                2.7
              ],
              "size": [
                2,
                3,
                2
              ],
              "pivot": [
                -4.15247,
                12.82728,
                3.7
              ],
              "rotation": [
                0,
                0,
                -5
              ],
              "uv": [
                46,
                62
              ]
            },
            {
              "origin": [
                -5.3809,
                7.59557,
                2.6132
              ],
              "size": [
                2,
                4,
                2
              ],
              "pivot": [
                -4.3809,
                9.59557,
                3.6132
              ],
              "rotation": [
                -1.74734,
                -1.43562,
                9.85143
              ],
              "uv": [
                52,
                58
              ]
            },
            {
              "origin": [
                -5.87648,
                -0.17748,
                2.32796
              ],
              "size": [
                2.4,
                4.6,
                2.4
              ],
              "uv": [
                32,
                57
              ]
            },
            {
              "origin": [
                -5.67648,
                1.12252,
                2.52796
              ],
              "size": [
                2,
                6.7,
                2
              ],
              "uv": [
                0,
                43
              ]
            }
          ]
        },
        {
          "name": "Leg3",
          "parent": "Root",
          "pivot": [
            3.60246,
            13.06134,
            -3.06471
          ],
          "cubes": [
            {
              "origin": [
                3.15247,
                11.32728,
                -4.8
              ],
              "size": [
                2,
                3,
                2
              ],
              "pivot": [
                4.15247,
                12.82728,
                -3.8
              ],
              "rotation": [
                0,
                0,
                5
              ],
              "uv": [
                38,
                61
              ]
            },
            {
              "origin": [
                3.3809,
                7.59557,
                -4.8868
              ],
              "size": [
                2,
                4,
                2
              ],
              "pivot": [
                4.3809,
                9.59557,
                -3.8868
              ],
              "rotation": [
                -1.74734,
                1.43562,
                -9.85143
              ],
              "uv": [
                24,
                57
              ]
            },
            {
              "origin": [
                3.47648,
                -0.17748,
                -5.17204
              ],
              "size": [
                2.4,
                4.6,
                2.4
              ],
              "uv": [
                16,
                57
              ]
            },
            {
              "origin": [
                3.67648,
                1.12252,
                -4.97204
              ],
              "size": [
                2,
                6.7,
                2
              ],
              "uv": [
                0,
                16
              ]
            }
          ]
        },
        {
          "name": "Leg4",
          "parent": "Root",
          "pivot": [
            3.60246,
            13.06134,
            2.93529
          ],
          "cubes": [
            {
              "origin": [
                3.15247,
                11.32728,
                2.7
              ],
              "size": [
                2,
                3,
                2
              ],
              "pivot": [
                4.15247,
                12.82728,
                3.7
              ],
              "rotation": [
                0,
                0,
                5
              ],
              "uv": [
                60,
                58
              ]
            },
            {
              "origin": [
                3.3809,
                7.59557,
                2.6132
              ],
              "size": [
                2,
                4,
                2
              ],
              "pivot": [
                4.3809,
                9.59557,
                3.6132
              ],
              "rotation": [
                -1.74734,
                1.43562,
                -9.85143
              ],
              "uv": [
                8,
                57
              ]
            },
            {
              "origin": [
                3.47648,
                -0.17748,
                2.32796
              ],
              "size": [
                2.4,
                4.6,
                2.4
              ],
              "uv": [
                0,
                57
              ]
            },
            {
              "origin": [
                3.67648,
                1.12252,
                2.52796
              ],
              "size": [
                2,
                6.7,
                2
              ],
              "uv": [
                0,
                0
              ]
            }
          ]
        }
      ]
    }
  ]
}