{
  "format_version": "1.12.0",
  "minecraft:geometry": [
    {
      "description": {
        "identifier": "geometry.mr_drone",
        "texture_width": 64,
        "texture_height": 64,
        "visible_bounds_width": 2,
        "visible_bounds_height": 2.5,
        "visible_bounds_offset": [
          0,
          0.75,
          0
        ]
      },
      "bones": [
        {
          "name": "tors0",
          "pivot": [
            0,
            10,
            0
          ],
          "cubes": [
            {
              "origin": [
                -3.0,
                10.0,
                -3.0
              ],
              "size": [
                6.0,
                3.0,
                6.0
              ],
              "uv": [
                0,
                0
              ],
              "inflate": 0
            },
            {
              "origin": [
                2.0,
                10.5,
                -7.0
              ],
              "size": [
                5.0,
                2.0,
                5.0
              ],
              "uv": [
                15,
                18
              ],
              "inflate": 0
            },
            {
              "origin": [
                -7.0,
                10.5,
                2.0
              ],
              "size": [
                5.0,
                2.0,
                5.0
              ],
              "uv": [
                0,
                9
              ],
              "inflate": 0
            },
            {
              "origin": [
                -7.0,
                10.5,
                -7.0
              ],
              "size": [
                5.0,
                2.0,
                5.0
              ],
              "uv": [
                0,
                16
              ],
              "inflate": 0
            },
            {
              "origin": [
                2.0,
                10.5,
                2.0
              ],
              "size": [
                5.0,
                2.0,
                5.0
              ],
              "uv": [
                15,
                11
              ],
              "inflate": 0
            }
          ]
        },
        {
          "name": "bone",
          "pivot": [
            -4.5,
            12,
            -4.5
          ],
          "cubes": [
            {
              "origin": [
                -5.0,
                11.0,
                -6.0
              ],
              "size": [
                1.0,
                1.0,
                3.0
              ],
              "uv": [
                23,
                1
              ],
              "inflate": 0
            }
          ],
          "parent": "tors0"
        },
        {
          "name": "bone2",
          "pivot": [
            -4.5,
            12,
            4.5
          ],
          "cubes": [
            {
              "origin": [
                -5.0,
                11.0,
                3.0
              ],
              "size": [
                1.0,
                1.0,
                3.0
              ],
              "uv": [
                0,
                23
              ],
              "inflate": 0
            }
          ],
          "parent": "tors0"
        },
        {
          "name": "bone3",
          "pivot": [
            4.5,
            12,
            -4.5
          ],
          "cubes": [
            {
              "origin": [
                4.0,
                11.0,
                -6.0
              ],
              "size": [
                1.0,
                1.0,
                3.0
              ],
              "uv": [
                21,
                6
              ],
              "inflate": 0
            }
          ],
          "parent": "tors0"
        },
        {
          "name": "bone4",
          "pivot": [
            4.5,
            12,
            4.5
          ],
          "cubes": [
            {
              "origin": [
                4.0,
                11.0,
                3.0
              ],
              "size": [
                1.0,
                1.0,
                3.0
              ],
              "uv": [
                18,
                0
              ],
              "inflate": 0
            }
          ],
          "parent": "tors0"
        }
      ]
    }
  ]
}