{
  "format_version": "1.12.0",
  "minecraft:geometry": [
    {
      "description": {
        "identifier": "geometry.mr_drone_on",
        "texture_width": 64,
        "texture_height": 64,
        "visible_bounds_width": 2,
        "visible_bounds_height": 2.5,
        "visible_bounds_offset": [
          0,
          0.75,
          0
        ]
      },
      "bones": [
        {
          "name": "tors",
          "cubes": [
            {
              "origin": [
                -5.0,
                0.0,
                0.0
              ],
              "size": [
                10.0,
                13.0,
                0.0
              ],
              "uv": [
                20,
                0
              ],
              "inflate": 0
            },
            {
              "origin": [
                0.0,
                0.0,
                -5.0
              ],
              "size": [
                0.0,
                13.0,
                10.0
              ],
              "uv": [
                0,
                0
              ],
              "inflate": 0
            }
          ]
        }
      ]
    }
  ]
}