{
  "tiers": [
    {
      "trades": [
        {
          "wants": [
            {
              "item": "minecraft:gold_ingot",
              "quantity": 5
            }
          ],
          "gives": [
            {
              "item": "yg:flash_light",
              "quantity": 1
            }
          ]
        }
      ]
    },
    {
      "trades": [
        {
          "wants": [
            {
              "item": "minecraft:gold_ingot",
              "quantity": 6
            }
          ],
          "gives": [
            {
              "item": "yg:gummy_flashlight",
              "quantity": 1
            }
          ]
        }
      ]
    },
    {
      "trades": [
        {
          "wants": [
            {
              "item": "minecraft:gold_ingot",
              "quantity": 9
            }
          ],
          "gives": [
            {
              "item": "yg:vitamins",
              "quantity": 1
            }
          ]
        }
      ]
    },
    {
      "trades": [
        {
          "wants": [
            {
              "item": "minecraft:gold_ingot",
              "quantity": 1
            }
          ],
          "gives": [
            {
              "item": "yg:bandage",
              "quantity": 1
            }
          ]
        }
      ]
    },
    {
      "trades": [
        {
          "wants": [
            {
              "item": "minecraft:gold_ingot",
              "quantity": 8
            }
          ],
          "gives": [
            {
              "item": "yg:lighter",
              "quantity": 1
            }
          ]
        }
      ]
    },
    {
      "trades": [
        {
          "wants": [
            {
              "item": "minecraft:gold_ingot",
              "quantity": 20
            }
          ],
          "gives": [
            {
              "item": "yg:crucifix",
              "quantity": 1
            }
          ]
        }
      ]
    },
    {
      "trades": [
        {
          "wants": [
            {
              "item": "minecraft:gold_ingot",
              "quantity": 15
            }
          ],
          "gives": [
            {
              "item": "yg:skull_key",
              "quantity": 1
            }
          ]
        }
      ]
    }
  ]
}