{"animations":{"animation.crucifix.fail":{"animation_length":10.04167,"bones":{"Cross":{"position":{"0.0":[0,3,0],"4.0":{"post":[0,-102,0],"pre":[0,3,0]}},"rotation":{"0.0":{"lerp_mode":"catmullrom","post":[0,2.5,0]},"0.5":{"lerp_mode":"catmullrom","post":[0,85,0]},"1.0":{"lerp_mode":"catmullrom","post":[0,175,0]},"1.5":{"lerp_mode":"catmullrom","post":[0,260,0]},"2.0":{"lerp_mode":"catmullrom","post":[0,370,0]},"2.5":{"lerp_mode":"catmullrom","post":[0,457.5,0]},"3.0":{"lerp_mode":"catmullrom","post":[0,550,0]},"3.5":{"lerp_mode":"catmullrom","post":[0,630,0]}}},"Cross2":{"position":{"0.0":[0,-76,0],"4.0":{"post":[0,3,0],"pre":[0,-76,0]}},"rotation":{"10.0417":{"lerp_mode":"catmullrom","post":[0,1082.5,0]},"4.0417":{"lerp_mode":"catmullrom","post":[0,82.5,0],"pre":[0,82.5,0]},"5.0":{"lerp_mode":"catmullrom","post":[0,192.5,0]},"6.0":{"lerp_mode":"catmullrom","post":[0,342.5,0]},"7.0":{"lerp_mode":"catmullrom","post":[0,557.5,0]},"8.0":{"lerp_mode":"catmullrom","post":[0,702.5,0]},"9.0":{"lerp_mode":"catmullrom","post":[0,882.5,0]}}},"Root":{"rotation":{"0.0":{"lerp_mode":"catmullrom","post":[0,180,0]},"0.5":{"lerp_mode":"catmullrom","post":[0,272.5,0]},"1.0":{"lerp_mode":"catmullrom","post":[0,360,0]},"1.5":{"lerp_mode":"catmullrom","post":[0,447.5,0]},"2.0":{"lerp_mode":"catmullrom","post":[0,537.5,0]},"2.5":{"lerp_mode":"catmullrom","post":[0,637.5,0]},"3.0":{"lerp_mode":"catmullrom","post":[0,725,0]},"3.5":{"lerp_mode":"catmullrom","post":[0,820,0]}},"scale":{"0.0":[1,1,1],"4.0":{"post":[1.2,-0.2,0],"pre":[1,1,1]}}},"Root2":{"position":{"0.0":[0,-166,0],"0.5":{"post":[0,-35,0],"pre":[0,-166,0]},"4.0":{"post":[0,1,0],"pre":[0,-35,0]}},"rotation":{"10.0417":{"lerp_mode":"catmullrom","post":[0,2862.36,0]},"2.5":{"lerp_mode":"catmullrom","post":[0,607.5,0],"pre":[0,607.5,0]},"3.0":{"lerp_mode":"catmullrom","post":[0,722.36,0]},"3.5":{"lerp_mode":"catmullrom","post":[0,809.86,0]},"4.0":{"lerp_mode":"catmullrom","post":[0,1212.36,0]},"4.5":{"lerp_mode":"catmullrom","post":[0,1302.36,0]},"5.0":{"lerp_mode":"catmullrom","post":[0,1437.36,0]},"5.5":{"lerp_mode":"catmullrom","post":[0,1627.36,0]},"6.0":{"lerp_mode":"catmullrom","post":[0,1712.36,0]},"6.5":{"lerp_mode":"catmullrom","post":[0,1797.36,0]},"7.0":{"lerp_mode":"catmullrom","post":[0,1964.86,0]},"7.5":{"lerp_mode":"catmullrom","post":[0,2132.36,0]},"8.0":{"lerp_mode":"catmullrom","post":[0,2327.36,0]},"8.5":{"lerp_mode":"catmullrom","post":[0,2497.36,0]},"9.0":{"lerp_mode":"catmullrom","post":[0,2677.36,0]},"9.5":{"lerp_mode":"catmullrom","post":[0,2794.86,0]}}}},"particle_effects":{"0.2":{"effect":"blue","locator":"blue"},"4.0":{"effect":"red","locator":"red"}}},"animation.crucifix.success":{"animation_length":10.0625,"bones":{"Cross":{"rotation":{"0.0":{"lerp_mode":"catmullrom","post":[0,185,0]},"0.5":{"lerp_mode":"catmullrom","post":[0,270.05,0]},"1.0":{"lerp_mode":"catmullrom","post":[0,342.33,0]},"1.5":{"lerp_mode":"catmullrom","post":[0,447.26,0]},"10.0625":{"lerp_mode":"catmullrom","post":[0,1096.53,0]},"2.0":{"lerp_mode":"catmullrom","post":[0,547.08,0]},"2.5":{"lerp_mode":"catmullrom","post":[0,640.56,0]},"3.0":{"lerp_mode":"catmullrom","post":[0,727.32,0]},"3.5":{"lerp_mode":"catmullrom","post":[0,799.44,0]},"4.0":{"lerp_mode":"catmullrom","post":[0,886.53,0]}}},"Cross2":{"position":[0,-92,0],"scale":[1.5,1,1]},"Root":{"position":{"4.875":{"lerp_mode":"catmullrom","post":[0,3,0],"pre":[0,3,0]},"5.0":{"lerp_mode":"catmullrom","post":[0,2,0]},"5.5":{"lerp_mode":"catmullrom","post":[0,1,0]},"6.0":{"lerp_mode":"catmullrom","post":[0,3.19,0]},"6.375":{"lerp_mode":"catmullrom","post":[0,3.1,0]},"7.0":{"lerp_mode":"catmullrom","post":[0,3,0]}},"rotation":{"0.5":{"lerp_mode":"catmullrom","post":[0,87.5,0],"pre":[0,87.5,0]},"1.0":{"lerp_mode":"catmullrom","post":[0,180,0]},"1.5":{"lerp_mode":"catmullrom","post":[0,267.5,0]},"10.0625":{"lerp_mode":"catmullrom","post":[0,1262.5,0]},"2.0":{"lerp_mode":"catmullrom","post":[0,357.5,0]},"2.5":{"lerp_mode":"catmullrom","post":[0,447.5,0]},"3.0":{"lerp_mode":"catmullrom","post":[0,537.5,0]},"3.5":{"lerp_mode":"catmullrom","post":[0,622.5,0]},"4.0":{"lerp_mode":"catmullrom","post":[0,717.5,0]},"4.5":{"lerp_mode":"catmullrom","post":[0,807.5,0]},"5.5":{"lerp_mode":"catmullrom","post":[0,897.5,0]},"6.375":{"lerp_mode":"catmullrom","post":[0,987.5,0]},"7.5":{"lerp_mode":"catmullrom","post":[0,1082.5,0]},"9.0":{"lerp_mode":"catmullrom","post":[0,1175,0]}},"scale":{"0.0":{"lerp_mode":"catmullrom","post":[0,0.8,0]},"0.25":{"lerp_mode":"catmullrom","post":[0.9369,0.8153,0.8369]},"2.0":{"lerp_mode":"catmullrom","post":[1,1.2,1]},"3.5":{"lerp_mode":"catmullrom","post":[1,0.9,1]},"4.5":{"lerp_mode":"catmullrom","post":[1,1.4,1]},"5.0":{"lerp_mode":"catmullrom","post":[1,-1,1]}}},"Root2":{"scale":[0,1,0]}},"particle_effects":{"0.2":{"effect":"blue","locator":"blue"}}},"animation.entity.extermination":{"animation_length":10.04167,"bones":{"Root":{"position":{"0.0":{"lerp_mode":"catmullrom","post":[0,16,0]},"1.2917":{"lerp_mode":"catmullrom","post":[0,23.99,0]},"2.0":{"lerp_mode":"catmullrom","post":[0,30,0]},"3.5":{"lerp_mode":"catmullrom","post":[0,16,0]},"4.375":{"lerp_mode":"catmullrom","post":[0,31.24,0]},"4.5":{"lerp_mode":"catmullrom","post":[0,25,0]},"4.875":{"lerp_mode":"catmullrom","post":[0,-30,0]},"5.0":{"lerp_mode":"catmullrom","post":[0,-82,0]}}}}}},"format_version":"1.8.0"}