{
	"format_version": "1.8.0",
	"animations": {
		"animation.figure.js": {
			"animation_length": 1.04167,
			"bones": {
				"Head": {
					"rotation": {
						"0.0": {
							"post": [-2.5, 0, 0],
							"lerp_mode": "catmullrom"
						},
						"0.5": {
							"post": [-25, 0, 0],
							"lerp_mode": "catmullrom"
						},
						"1.0417": {
							"post": [50, 0, 0],
							"lerp_mode": "catmullrom"
						}
					}
				},
				"Arm": {
					"rotation": [-87.5, 0, 0]
				},
				"Arm2": {
					"rotation": [0, 0, -30]
				},
				"Arm3": {
					"rotation": [0, 0, -20]
				},
				"Arm4": {
					"rotation": [-90, 0, 0]
				},
				"Arm5": {
					"rotation": [0, 0, 10]
				},
				"Arm6": {
					"rotation": [0, 0, 42.5]
				},
				"Body2": {
					"rotation": {
						"0.0": {
							"post": [2.5, 0, 0],
							"lerp_mode": "catmullrom"
						},
						"0.5": {
							"post": [-25, 0, 0],
							"lerp_mode": "catmullrom"
						},
						"1.0417": {
							"post": [45, 0, 0],
							"lerp_mode": "catmullrom"
						}
					}
				},
				"Rightleg": {
					"rotation": [-2.35108, 1.72794, 9.85108]
				},
				"Rightleg2": {
					"rotation": [10, 0, 0]
				},
				"Leftleg": {
					"rotation": [0, 0, -10]
				},
				"Leftleg2": {
					"rotation": [0, 0, 10]
				}
			}
		},
		"animation.figure.move": {
			"loop": true,
			"animation_length": 1,
			"bones": {
				"all": {
					"position": {
						"0.0": {
							"post": [0, -1, 0],
							"lerp_mode": "catmullrom"
						}
					}
				},
				"Body": {
					"position": {
						"0.0": {
							"post": [0, -1, 0],
							"lerp_mode": "catmullrom"
						},
						"0.5": {
							"post": [0, 1, 0],
							"lerp_mode": "catmullrom"
						},
						"1.0": {
							"post": [0, -1, 0],
							"lerp_mode": "catmullrom"
						}
					}
				},
				"Arm": {
					"rotation": {
						"0.0": {
							"post": [40, 0, 45],
							"lerp_mode": "catmullrom"
						},
						"0.5417": {
							"post": [-29.25949, 0, 45],
							"lerp_mode": "catmullrom"
						},
						"1.0": {
							"post": [22.5, 0, 45],
							"lerp_mode": "catmullrom"
						}
					}
				},
				"Arm2": {
					"rotation": {
						"0.0": {
							"post": [47.5, 0, 0],
							"lerp_mode": "catmullrom"
						},
						"0.5417": {
							"post": [-59.04, 0, 0],
							"lerp_mode": "catmullrom"
						},
						"1.0": {
							"post": [25, 0, 0],
							"lerp_mode": "catmullrom"
						}
					}
				},
				"Arm3": {
					"rotation": {
						"0.0": {
							"post": [27.5, 0, 0],
							"lerp_mode": "catmullrom"
						},
						"0.5417": {
							"post": [-38.02, 0, 0],
							"lerp_mode": "catmullrom"
						},
						"1.0": {
							"post": [17.5, 0, 0],
							"lerp_mode": "catmullrom"
						}
					}
				},
				"Arm4": {
					"rotation": {
						"0.0": {
							"post": [-45, 0, -50],
							"lerp_mode": "catmullrom"
						},
						"0.5417": {
							"post": [38.93362, -6.5082, -51.17582],
							"lerp_mode": "catmullrom"
						},
						"1.0": {
							"post": [-18.09996, -6.82862, -51.23371],
							"lerp_mode": "catmullrom"
						}
					}
				},
				"Arm5": {
					"rotation": {
						"0.0": {
							"post": [-50, 0, 0],
							"lerp_mode": "catmullrom"
						},
						"0.5417": {
							"post": [59.98, 0, 0],
							"lerp_mode": "catmullrom"
						},
						"1.0": {
							"post": [-42.5, 0, 0],
							"lerp_mode": "catmullrom"
						}
					}
				},
				"Arm6": {
					"rotation": {
						"0.0": {
							"post": [-25, 0, 0],
							"lerp_mode": "catmullrom"
						},
						"0.5417": {
							"post": [32.5, 0, 0],
							"lerp_mode": "catmullrom"
						},
						"1.0": {
							"post": [-22.5, 0, 0],
							"lerp_mode": "catmullrom"
						}
					}
				},
				"Rightleg": {
					"rotation": {
						"0.0": {
							"post": [15, 0, 0],
							"lerp_mode": "catmullrom"
						},
						"0.5417": {
							"post": [-25, 0, 0],
							"lerp_mode": "catmullrom"
						},
						"1.0": {
							"post": [22.5, 0, 0],
							"lerp_mode": "catmullrom"
						}
					}
				},
				"Rightleg2": {
					"rotation": {
						"0.0": {
							"post": [30, 0, 0],
							"lerp_mode": "catmullrom"
						},
						"0.5417": {
							"post": [20, 0, 0],
							"lerp_mode": "catmullrom"
						},
						"1.0": {
							"post": [30, 0, 0],
							"lerp_mode": "catmullrom"
						}
					}
				},
				"Leftleg": {
					"rotation": {
						"0.0": {
							"post": [-17.5, 0, 0],
							"lerp_mode": "catmullrom"
						},
						"0.5417": {
							"post": [15, 0, 0],
							"lerp_mode": "catmullrom"
						},
						"1.0": {
							"post": [-15, 0, 0],
							"lerp_mode": "catmullrom"
						}
					}
				},
				"Leftleg2": {
					"rotation": {
						"0.0": {
							"post": [20.31724, 1.77556, 2.29482],
							"lerp_mode": "catmullrom"
						},
						"0.5417": {
							"post": [2.81724, 1.77556, 2.29482],
							"lerp_mode": "catmullrom"
						},
						"1.0": {
							"post": [10.31724, 1.77556, 2.29482],
							"lerp_mode": "catmullrom"
						}
					}
				}
			}
		},
		"animation.figure.new": {
			"animation_length": 11.125,
			"bones": {
				"Body2": {
					"rotation": [25, 0, 0]
				},
				"Head": {
					"rotation": [-35, 0, 0]
				},
				"Arm": {
					"rotation": [147.5, 0, 0]
				},
				"Arm2": {
					"rotation": [25, 0, 0]
				},
				"Arm4": {
					"rotation": [-222.5, 0, 0]
				},
				"Arm5": {
					"rotation": [-120, 0, 0]
				},
				"Arm6": {
					"rotation": [-125, 0, 0]
				},
				"Rightleg": {
					"rotation": [-102.5, 0, 0]
				},
				"Rightleg2": {
					"rotation": [-62.5, 0, 0]
				},
				"Leftleg2": {
					"rotation": [60, 0, 0]
				}
			}
		},
		"animation.figure.general": {
			"loop": true,
			"animation_length": 1.54167,
			"bones": {
				"Body2": {
					"rotation": {
						"0.0": {
							"post": [0, 0, 0],
							"lerp_mode": "catmullrom"
						},
						"0.5": {
							"post": [0, 0, 0],
							"lerp_mode": "catmullrom"
						},
						"1.0": {
							"post": [12.5, 0, 0],
							"lerp_mode": "catmullrom"
						},
						"1.5417": {
							"post": [0, 0, 0],
							"lerp_mode": "catmullrom"
						}
					}
				},
				"Head": {
					"rotation": {
						"0.0": {
							"post": [2.62116, 17.48281, 0.78795],
							"lerp_mode": "catmullrom"
						},
						"0.5": {
							"post": [0, 22.5, 0],
							"lerp_mode": "catmullrom"
						},
						"1.0": {
							"post": [16.80857, -26.48829, -7.6734],
							"lerp_mode": "catmullrom"
						},
						"1.5417": {
							"post": [-2.62116, 17.48281, -0.78795],
							"lerp_mode": "catmullrom"
						}
					}
				},
				"Arm": {
					"rotation": {
						"0.0": {
							"post": [0, 0, 80],
							"lerp_mode": "catmullrom"
						},
						"0.5": {
							"post": [0, 0, 104.65],
							"lerp_mode": "catmullrom"
						},
						"1.5417": {
							"post": [0, 0, 82.5],
							"lerp_mode": "catmullrom"
						}
					}
				},
				"Arm2": {
					"rotation": {
						"0.0": {
							"post": [0, 0, -75],
							"lerp_mode": "catmullrom"
						},
						"0.5": {
							"post": [0, 0, -32.5],
							"lerp_mode": "catmullrom"
						},
						"1.0417": {
							"post": [0, 0, 67.5],
							"lerp_mode": "catmullrom"
						},
						"1.5417": {
							"post": [0, 0, -72.5],
							"lerp_mode": "catmullrom"
						}
					}
				},
				"Arm3": {
					"rotation": {
						"0.0": {
							"post": [0, 0, 50],
							"lerp_mode": "catmullrom"
						},
						"0.5": {
							"post": [0, 0, 35],
							"lerp_mode": "catmullrom"
						},
						"1.0417": {
							"post": [0, 0, -70],
							"lerp_mode": "catmullrom"
						},
						"1.5417": {
							"post": [0, 0, 40],
							"lerp_mode": "catmullrom"
						}
					}
				},
				"Arm4": {
					"rotation": {
						"0.0": {
							"post": [0, 0, -47.5],
							"lerp_mode": "catmullrom"
						},
						"1.0417": {
							"post": [0, 0, -57.5],
							"lerp_mode": "catmullrom"
						}
					}
				},
				"Arm5": {
					"rotation": {
						"0.0": {
							"post": [0, 0, -27.5],
							"lerp_mode": "catmullrom"
						},
						"0.5": {
							"post": [0, 0, -87.5],
							"lerp_mode": "catmullrom"
						},
						"1.0417": {
							"post": [0, 0, -45],
							"lerp_mode": "catmullrom"
						},
						"1.5417": {
							"post": [0, 0, -7.5],
							"lerp_mode": "catmullrom"
						}
					}
				},
				"Arm6": {
					"rotation": {
						"0.0": {
							"post": [0, 0, -20],
							"lerp_mode": "catmullrom"
						},
						"0.5": {
							"post": [0, 0, 77.5],
							"lerp_mode": "catmullrom"
						},
						"1.0417": {
							"post": [0, 0, 45],
							"lerp_mode": "catmullrom"
						},
						"1.5417": {
							"post": [0, 0, -37.5],
							"lerp_mode": "catmullrom"
						}
					}
				},
				"Rightleg": {
					"rotation": [-9.91615, 1.29876, 7.38733]
				},
				"Rightleg2": {
					"rotation": [12.5, 0, 0],
					"scale": [1, 1.1, 1]
				},
				"Leftleg": {
					"rotation": [-5, 0, -7.5]
				},
				"Leftleg2": {
					"rotation": [12.5, 0, 0],
					"scale": [1, 1.1, 1]
				}
			}
		}
	}
}