{"animations":{"animation.glitch.js":{"animation_length":0.54167,"bones":{"bone":{"rotation":[0,0,-35]},"bone4":{"rotation":[0,0,32.5]},"Head":{"rotation":{"0.0":{"lerp_mode":"catmullrom","post":[0,0,-7.5]},"0.0417":{"lerp_mode":"catmullrom","post":[0,0,10]},"0.0833":{"lerp_mode":"catmullrom","post":[0,0,-10]},"0.125":{"lerp_mode":"catmullrom","post":[0,0,7.5]},"0.1667":{"lerp_mode":"catmullrom","post":[0,0,-10]},"0.2083":{"lerp_mode":"catmullrom","post":[0,0,5]},"0.25":{"lerp_mode":"catmullrom","post":[0,0,-10]},"0.2917":{"lerp_mode":"catmullrom","post":[0,0,10]},"0.3333":{"lerp_mode":"catmullrom","post":[0,0,-15]},"0.375":{"lerp_mode":"catmullrom","post":[0,0,5]},"0.4167":{"lerp_mode":"catmullrom","post":[0,0,-12.5]},"0.4583":{"lerp_mode":"catmullrom","post":[0,0,10]},"0.5":{"lerp_mode":"catmullrom","post":[0,0,-12.5]},"0.5417":{"lerp_mode":"catmullrom","post":[0,0,7.5]}}},"Leftarm":{"rotation":[-82.5,0,0]},"Rightarm":{"rotation":[-87.5,0,0]}}},"animation.glitch.notdestroyed":{"animation_length":1.04167,"bones":{"Body":{"rotation":{"0.0":{"lerp_mode":"catmullrom","post":[0,0,0]},"0.5417":{"lerp_mode":"catmullrom","post":[-10,0,0]},"1.0417":{"lerp_mode":"catmullrom","post":[-2.5,0,0]}}},"bone":{"rotation":{"0.0":{"lerp_mode":"catmullrom","post":[0,0,35]}}},"bone4":{"rotation":{"0.0":{"lerp_mode":"catmullrom","post":[0,0,-57.5]}}},"Leftarm":{"rotation":{"0.0":{"lerp_mode":"catmullrom","post":[0,0,-55]},"0.25":{"lerp_mode":"catmullrom","post":[0,0,-52.5]},"0.5417":{"lerp_mode":"catmullrom","post":[0,0,-65]},"0.75":{"lerp_mode":"catmullrom","post":[0,0,-57.5]},"1.0417":{"lerp_mode":"catmullrom","post":[0,0,-67.5]}}},"Rightarm":{"rotation":{"0.0":{"lerp_mode":"catmullrom","post":[0,0,70]},"0.25":{"lerp_mode":"catmullrom","post":[0,0,62.5]},"0.5417":{"lerp_mode":"catmullrom","post":[0,0,70]},"0.8333":{"lerp_mode":"catmullrom","post":[0,0,62.5]},"1.0417":{"lerp_mode":"catmullrom","post":[0,0,75]}}}},"loop":true},"animation.glitch.pose":{"bones":{"Body":{"rotation":[4.99527,-0.21782,2.4905]},"bone":{"rotation":[-22.5,0,0]},"bone4":{"rotation":[-22.5,0,0]},"Head":{"rotation":[15.05919,0.54094,12.48848]},"Leftarm":{"rotation":[-22.5,0,-17.5]},"Leftleg":{"rotation":[0,-12.5,-2.5]},"Rightarm":{"rotation":[-7.24721,-1.93597,12.62261]},"Rightleg":{"rotation":[0,10,2.5]}},"loop":true,"particle_effects":{"0.0":{"effect":"glitch","locator":"glitch"}}},"animation.glitch.running":{"animation_length":2.04167,"bones":{"Body":{"position":{"0.0":{"lerp_mode":"catmullrom","post":[0,-2,0]},"0.5":{"lerp_mode":"catmullrom","post":[0,-1,0]},"1.0":{"lerp_mode":"catmullrom","post":[0,-3,0]},"1.5":{"lerp_mode":"catmullrom","post":[0,-2,0]},"2.0417":{"lerp_mode":"catmullrom","post":[0,-2,0]}}},"bone":{"rotation":{"0.0":{"lerp_mode":"catmullrom","post":[-52.5,0,0]}}},"bone2":{"rotation":{"0.0":{"lerp_mode":"catmullrom","post":[35,0,0]},"0.25":{"lerp_mode":"catmullrom","post":[3.64359,0.00807,0.01156]},"0.5":{"lerp_mode":"catmullrom","post":[52.5,0,0]},"0.75":{"lerp_mode":"catmullrom","post":[94.20249,-0.12912,-0.1849]},"1.0":{"lerp_mode":"catmullrom","post":[8.09248,-0.25825,-0.36981]},"1.25":{"lerp_mode":"catmullrom","post":[0.925,0.86744,2.15298]},"1.5":{"lerp_mode":"catmullrom","post":[43.09248,-0.25825,-0.36981]},"1.7917":{"lerp_mode":"catmullrom","post":[86.07598,-0.18128,-0.31183]},"2.0417":{"lerp_mode":"catmullrom","post":[35,0,0]}}},"bone3":{"rotation":{"0.0":{"lerp_mode":"catmullrom","post":[50.26251,0.68436,2.1163]},"0.25":{"lerp_mode":"catmullrom","post":[82.60626,0.68436,2.1163]},"0.5":{"lerp_mode":"catmullrom","post":[-2.23749,0.68436,2.1163]},"0.75":{"lerp_mode":"catmullrom","post":[17.61603,0.68436,2.1163]},"1.0":{"lerp_mode":"catmullrom","post":[60.26251,0.68436,2.1163]},"1.25":{"lerp_mode":"catmullrom","post":[83.70917,0.68436,2.1163]},"1.5":{"lerp_mode":"catmullrom","post":[-2.23749,0.68436,2.1163]},"1.7917":{"lerp_mode":"catmullrom","post":[1.36198,0.68436,2.1163]},"2.0417":{"lerp_mode":"catmullrom","post":[45.26251,0.68436,2.1163]}}},"bone4":{"rotation":{"0.5":{"lerp_mode":"catmullrom","post":[-55,0,0],"pre":[-55,0,0]}}},"Leftarm":{"rotation":{"0.0":{"lerp_mode":"catmullrom","post":[105,0,0]},"0.5":{"lerp_mode":"catmullrom","post":[-65,0,0]},"1.0417":{"lerp_mode":"catmullrom","post":[102.5,0,0]},"1.5417":{"lerp_mode":"catmullrom","post":[-25,0,0]},"2.0417":{"lerp_mode":"catmullrom","post":[110,0,0]}}},"Leftleg":{"rotation":{"0.0":{"lerp_mode":"catmullrom","post":[34.3327,0.03889,-6.06791]},"0.5":{"lerp_mode":"catmullrom","post":[-48.1673,0.03889,-6.06791]},"1.0":{"lerp_mode":"catmullrom","post":[14.3327,0.03889,-6.06791]},"1.5":{"lerp_mode":"catmullrom","post":[-48.1673,0.03889,-6.06791]},"2.0417":{"lerp_mode":"catmullrom","post":[39.3327,0.03889,-6.06791]}}},"Rightarm":{"rotation":{"0.0":{"lerp_mode":"catmullrom","post":[-65,0,0]},"0.5":{"lerp_mode":"catmullrom","post":[105,0,0]},"1.0":{"lerp_mode":"catmullrom","post":[-45,0,0]},"1.5":{"lerp_mode":"catmullrom","post":[82.5,0,0]},"2.0417":{"lerp_mode":"catmullrom","post":[-55,0,0]}}},"Rightleg":{"rotation":{"0.0":{"lerp_mode":"catmullrom","post":[-42.5,0,0]},"0.5":{"lerp_mode":"catmullrom","post":[25,0,0]},"1.0":{"lerp_mode":"catmullrom","post":[-40,0,0]},"1.5":{"lerp_mode":"catmullrom","post":[35,0,0]},"2.0417":{"lerp_mode":"catmullrom","post":[-62.5,0,0]}}}},"loop":true},"animation.glitch.spawn":{"animation_length":4.54167,"bones":{"All":{"position":{"0.0":{"lerp_mode":"catmullrom","post":[0,-38,0]},"1.0417":{"lerp_mode":"catmullrom","post":[0,-23,0]},"2.5":{"lerp_mode":"catmullrom","post":[0,-13,0]},"3.0":{"lerp_mode":"catmullrom","post":[0,-3,0]},"3.1667":{"lerp_mode":"catmullrom","post":[0,0,0]}}},"Body":{"rotation":{"1.0417":{"lerp_mode":"catmullrom","post":[17.5,0,0],"pre":[17.5,0,0]},"3.4583":{"lerp_mode":"catmullrom","post":[2.5,0,0]}}},"bone":{"rotation":{"0.5417":{"lerp_mode":"catmullrom","post":[0,0,0],"pre":[0,0,0]},"1.0417":{"lerp_mode":"catmullrom","post":[2.5,0,0]}}},"bone2":{"rotation":{"0.0":{"lerp_mode":"catmullrom","post":[-5,0,0]},"2.5":{"lerp_mode":"catmullrom","post":[62.5,0,0]},"3.4583":{"lerp_mode":"catmullrom","post":[5.00474,2.49048,0.21803]}}},"bone3":{"rotation":{"0.0":[2.19057,5.12133,-1.71717],"3.0417":[57.19057,5.12133,-1.71717],"3.4583":[-0.08453,-2.14192,8.76188]}},"Leftarm":{"rotation":{"0.0":{"lerp_mode":"catmullrom","post":[-82.5,0,0]},"1.5417":{"lerp_mode":"catmullrom","post":[-177.5,0,0]},"2.0":{"lerp_mode":"catmullrom","post":[-90,0,0]},"2.5":{"lerp_mode":"catmullrom","post":[-60,0,0]},"3.4583":{"lerp_mode":"catmullrom","post":[17.5,0,0]},"4.0":{"lerp_mode":"catmullrom","post":[-169.63,0,0]},"4.0417":{"lerp_mode":"catmullrom","post":[-117.5,0,0]},"4.5417":{"lerp_mode":"catmullrom","post":[65,0,0]}}},"Leftleg":{"rotation":{"0.0":[2.5,0,0],"3.0417":[-58.52362,-4.84082,-10.19361],"3.4583":[1.47638,-4.84082,-10.19361]}},"Rightarm":{"rotation":{"0.0":{"lerp_mode":"catmullrom","post":[-177.5,0,0]},"1.0417":{"lerp_mode":"catmullrom","post":[-85,0,0]},"2.5":{"lerp_mode":"catmullrom","post":[-67.5,0,0]},"3.4583":{"lerp_mode":"catmullrom","post":[-5,0,0]},"4.0":{"lerp_mode":"catmullrom","post":[-170.57,0,0]},"4.0417":{"lerp_mode":"catmullrom","post":[-122.5,0,0]},"4.5417":{"lerp_mode":"catmullrom","post":[65,0,0]}}},"Rightleg":{"rotation":{"0.0":{"lerp_mode":"catmullrom","post":[21.94975,-8.73426,-2.29497]},"2.5":{"lerp_mode":"catmullrom","post":[-105,0,0]},"3.4583":{"lerp_mode":"catmullrom","post":[0,0,0]}}}}}},"format_version":"1.8.0"}