{
	"format_version": "1.8.0",
	"animations": {
		"animation.halt.general": {
			"loop": true,
			"animation_length": 1.5,
			"bones": {
				"Root": {
					"rotation": {
						"0.0": [0, 0, 0],
						"1.5": [0, 360, 0]
					},
					"position": [0, 0, 1],
					"scale": [1.5, 1.5, 1.5]
				},
				"Eye": {
					"position": [7, 10, -3]
				},
				"Eye2": {
					"position": [-8, 10, -3]
				}
			}
		},
		"animation.halt.jumpscare": {
			"animation_length": 1.20833,
			"bones": {
				"Eye": {
					"position": {
						"0.0": [0, 13, -3],
						"0.3333": [0, 13, -11]
					},
					"scale": {
						"0.0": [1, 1, 1],
						"0.3333": [1.6, 1.5, 1],
						"0.75": [0.8, 0.7, 1],
						"1.0417": [1, 1, 1]
					}
				},
				"Eye2": {
					"position": {
						"0.0": [0, 13, -3],
						"0.3333": [4, 13, -11]
					},
					"scale": {
						"0.0": [1, 1, 1],
						"0.3333": [1.5, 1.5, 1],
						"0.75": [0.7, 0.7, 1],
						"1.0417": [1, 1, 1]
					}
				},
				"Root": {
					"rotation": {
						"0.0": [2.5, 0, 0],
						"0.1667": [0.05919, -0.54094, -12.48848],
						"0.25": [-0.15233, -0.52241, 10.0125],
						"0.4167": [9.96435, -0.54299, -2.48803],
						"0.7917": [2.5, 0, 0]
					},
					"position": {
						"0.0": [0, 0, 0],
						"0.1667": [0, 0, 3],
						"0.4167": [0, 0, -11],
						"0.75": [0, 0, 0]
					}
				},
				"Halt": {
					"position": [0, 9, 0],
					"scale": [1.5, 1.4, 1.3]
				}
			}
		},
		"animation.halt.new": {
			"loop": true
		}
	}
}