{"animations":{"animation.rush.general":{"animation_length":0.5,"bones":{"Root":{"rotation":[0,"query.camera_rotation(1) - query.body_y_rotation + 180",0],"scale":[2,2.1,1]},"Smoke":{"position":[0,1,0],"rotation":{"0.0":[0,0,0],"0.5":[0,0,407.5]},"scale":[1,0.9,1]}},"loop":true},"animation.rush.jumpscare":{"animation_length":0.70833,"bones":{"Root":{"position":{"0.0":[0,0,0],"0.2083":[0,0,11],"0.5":[0,0,-22]},"scale":[1.1,1.1,1]},"Shadow":{"scale":{"0.0":[0,-0.4,1],"0.5":[0,0,1]}}}},"animation.rush.new":{"loop":true}},"format_version":"1.8.0"}