{
	"format_version": "1.8.0",
	"animations": {
		"animation.screech.general": {
			"loop": true,
			"animation_length": 1.5,
			"bones": {
				"head": {
					"position": {
						"0.0": {
							"post": [0, 8, 0],
							"lerp_mode": "catmullrom"
						}
					}
				},
				"mouth": {
					"rotation": {
						"0.0": {
							"post": [32.5, 0, 0],
							"lerp_mode": "catmullrom"
						},
						"0.5": {
							"post": [40, 0, 0],
							"lerp_mode": "catmullrom"
						},
						"1.0": {
							"post": [0, 0, 0],
							"lerp_mode": "catmullrom"
						},
						"1.5": {
							"post": [35, 0, 0],
							"lerp_mode": "catmullrom"
						}
					}
				},
				"tentacles": {
					"rotation": {
						"0.0": {
							"post": [0, 0, 180],
							"lerp_mode": "catmullrom"
						},
						"1.5": {
							"post": [0, 0, 542.5],
							"lerp_mode": "catmullrom"
						}
					}
				}
			}
		},
		"animation.screech.js": {
			"animation_length": 2,
			"bones": {
				"head": {
					"position": {
						"0.0": {
							"post": [0, 13, 0],
							"lerp_mode": "catmullrom"
						},
						"1.0": {
							"post": [0, 13, -5],
							"lerp_mode": "catmullrom"
						}
					},
					"scale": {
						"0.0": {
							"post": [0.9, 0.9, 1.1],
							"lerp_mode": "catmullrom"
						},
						"0.5": {
							"post": [0.9725, 0.8725, 1.0525],
							"lerp_mode": "catmullrom"
						},
						"1.0": {
							"post": [0.8549, 0.8807, 1.0316],
							"lerp_mode": "catmullrom"
						},
						"1.2083": {
							"post": [0.7453, 0.8625, 1.0119],
							"lerp_mode": "catmullrom"
						},
						"1.875": {
							"post": [0, 0, 1],
							"lerp_mode": "catmullrom"
						}
					}
				},
				"mouth": {
					"rotation": {
						"0.0": {
							"post": [2.5, 0, 0],
							"lerp_mode": "catmullrom"
						},
						"0.5": {
							"post": [60, 0, 0],
							"lerp_mode": "catmullrom"
						},
						"2.0417": {
							"post": [2.5, 0, 0],
							"lerp_mode": "catmullrom"
						}
					}
				},
				"bone": {
					"rotation": [6.93319, -11.06861, 5.84485]
				},
				"bone3": {
					"rotation": {
						"0.0": {
							"post": [-177.30864, 81.56918, -182.69136],
							"lerp_mode": "catmullrom"
						},
						"1.0": {
							"post": [-105.24689, 56.1582, -108.16842],
							"lerp_mode": "catmullrom"
						}
					}
				},
				"bone5": {
					"rotation": {
						"0.0": {
							"post": [6.00521, 18.74724, -23.85865],
							"lerp_mode": "catmullrom"
						},
						"1.0": {
							"post": [-53.99479, 18.74724, -23.85865],
							"lerp_mode": "catmullrom"
						}
					}
				},
				"bone7": {
					"rotation": {
						"0.0": {
							"post": [-175.20437, -81.97452, 184.79563],
							"lerp_mode": "catmullrom"
						},
						"1.0": {
							"post": [-79.70646, 38.86967, -73.85946],
							"lerp_mode": "catmullrom"
						}
					}
				},
				"bone9": {
					"rotation": {
						"0.0": {
							"post": [-26.77472, -84.47419, -340.71741],
							"lerp_mode": "catmullrom"
						},
						"1.0": {
							"post": [-81.82169, 52.21677, -83.51991],
							"lerp_mode": "catmullrom"
						}
					}
				},
				"bone11": {
					"rotation": {
						"0.0": {
							"post": [-73.42119, 56.7385, -76.23228],
							"lerp_mode": "catmullrom"
						},
						"1.0": {
							"post": [-67.88984, -54.55312, 63.49475],
							"lerp_mode": "catmullrom"
						}
					}
				}
			}
		},
		"animation.screech.wtf": {
			"loop": true
		}
	}
}