{
	"format_version": "1.8.0",
	"animations": {
		"animation.seek.running": {
			"loop": true,
			"animation_length": 2.04167,
			"bones": {
				"Body": {
					"position": {
						"0.0": {
							"post": [0, -2, 0],
							"lerp_mode": "catmullrom"
						},
						"0.5": {
							"post": [0, -1, 0],
							"lerp_mode": "catmullrom"
						},
						"1.0": {
							"post": [0, -3, 0],
							"lerp_mode": "catmullrom"
						},
						"1.5": {
							"post": [0, -2, 0],
							"lerp_mode": "catmullrom"
						},
						"2.0417": {
							"post": [0, -3, 0],
							"lerp_mode": "catmullrom"
						}
					}
				},
				"Rightarm": {
					"rotation": {
						"0.0": {
							"post": [-65, 0, 0],
							"lerp_mode": "catmullrom"
						},
						"0.5": {
							"post": [105, 0, 0],
							"lerp_mode": "catmullrom"
						},
						"1.0": {
							"post": [-45, 0, 0],
							"lerp_mode": "catmullrom"
						},
						"1.5": {
							"post": [82.5, 0, 0],
							"lerp_mode": "catmullrom"
						},
						"2.0417": {
							"post": [-55, 0, 0],
							"lerp_mode": "catmullrom"
						}
					}
				},
				"bone": {
					"rotation": {
						"0.0": {
							"post": [-52.5, 0, 0],
							"lerp_mode": "catmullrom"
						}
					}
				},
				"Leftarm": {
					"rotation": {
						"0.0": {
							"post": [105, 0, 0],
							"lerp_mode": "catmullrom"
						},
						"0.5": {
							"post": [-65, 0, 0],
							"lerp_mode": "catmullrom"
						},
						"1.0417": {
							"post": [102.5, 0, 0],
							"lerp_mode": "catmullrom"
						},
						"1.5417": {
							"post": [-25, 0, 0],
							"lerp_mode": "catmullrom"
						},
						"2.0417": {
							"post": [110, 0, 0],
							"lerp_mode": "catmullrom"
						}
					}
				},
				"bone4": {
					"rotation": {
						"0.5": {
							"pre": [-55, 0, 0],
							"post": [-55, 0, 0],
							"lerp_mode": "catmullrom"
						}
					}
				},
				"Rightleg": {
					"rotation": {
						"0.0": {
							"post": [-42.5, 0, 0],
							"lerp_mode": "catmullrom"
						},
						"0.5": {
							"post": [25, 0, 0],
							"lerp_mode": "catmullrom"
						},
						"1.0": {
							"post": [-40, 0, 0],
							"lerp_mode": "catmullrom"
						},
						"1.5": {
							"post": [35, 0, 0],
							"lerp_mode": "catmullrom"
						},
						"2.0417": {
							"post": [-62.5, 0, 0],
							"lerp_mode": "catmullrom"
						}
					}
				},
				"bone2": {
					"rotation": {
						"0.0": {
							"post": [5, 0, 0],
							"lerp_mode": "catmullrom"
						},
						"0.5": {
							"post": [52.5, 0, 0],
							"lerp_mode": "catmullrom"
						},
						"1.0": {
							"post": [8.09248, -0.25825, -0.36981],
							"lerp_mode": "catmullrom"
						},
						"1.5": {
							"post": [43.09248, -0.25825, -0.36981],
							"lerp_mode": "catmullrom"
						},
						"2.0417": {
							"post": [8.09248, -0.25825, -0.36981],
							"lerp_mode": "catmullrom"
						}
					}
				},
				"Leftleg": {
					"rotation": {
						"0.0": {
							"post": [34.3327, 0.03889, -6.06791],
							"lerp_mode": "catmullrom"
						},
						"0.5": {
							"post": [-48.1673, 0.03889, -6.06791],
							"lerp_mode": "catmullrom"
						},
						"1.0": {
							"post": [14.3327, 0.03889, -6.06791],
							"lerp_mode": "catmullrom"
						},
						"1.5": {
							"post": [-48.1673, 0.03889, -6.06791],
							"lerp_mode": "catmullrom"
						},
						"2.0417": {
							"post": [39.3327, 0.03889, -6.06791],
							"lerp_mode": "catmullrom"
						}
					}
				},
				"bone3": {
					"rotation": {
						"0.0": {
							"post": [50.26251, 0.68436, 2.1163],
							"lerp_mode": "catmullrom"
						},
						"0.5": {
							"post": [-2.23749, 0.68436, 2.1163],
							"lerp_mode": "catmullrom"
						},
						"1.0": {
							"post": [60.26251, 0.68436, 2.1163],
							"lerp_mode": "catmullrom"
						},
						"1.5": {
							"post": [-2.23749, 0.68436, 2.1163],
							"lerp_mode": "catmullrom"
						},
						"2.0417": {
							"post": [45.26251, 0.68436, 2.1163],
							"lerp_mode": "catmullrom"
						}
					}
				}
			}
		},
		"animation.seek.spawn": {
			"animation_length": 4.54167,
			"bones": {
				"All": {
					"position": {
						"0.0": {
							"post": [0, -38, 0],
							"lerp_mode": "catmullrom"
						},
						"1.0417": {
							"post": [0, -23, 0],
							"lerp_mode": "catmullrom"
						},
						"2.5": {
							"post": [0, -13, 0],
							"lerp_mode": "catmullrom"
						},
						"3.0": {
							"post": [0, -3, 0],
							"lerp_mode": "catmullrom"
						},
						"3.1667": {
							"post": [0, 0, 0],
							"lerp_mode": "catmullrom"
						}
					}
				},
				"Body": {
					"rotation": {
						"1.0417": {
							"pre": [17.5, 0, 0],
							"post": [17.5, 0, 0],
							"lerp_mode": "catmullrom"
						},
						"3.4583": {
							"post": [2.5, 0, 0],
							"lerp_mode": "catmullrom"
						}
					}
				},
				"Rightarm": {
					"rotation": {
						"0.0": {
							"post": [-177.5, 0, 0],
							"lerp_mode": "catmullrom"
						},
						"1.0417": {
							"post": [-85, 0, 0],
							"lerp_mode": "catmullrom"
						},
						"2.5": {
							"post": [-67.5, 0, 0],
							"lerp_mode": "catmullrom"
						},
						"3.4583": {
							"post": [-5, 0, 0],
							"lerp_mode": "catmullrom"
						},
						"4.0": {
							"post": [-170.57, 0, 0],
							"lerp_mode": "catmullrom"
						},
						"4.0417": {
							"post": [-122.5, 0, 0],
							"lerp_mode": "catmullrom"
						},
						"4.5417": {
							"post": [65, 0, 0],
							"lerp_mode": "catmullrom"
						}
					}
				},
				"bone": {
					"rotation": {
						"0.5417": {
							"pre": [0, 0, 0],
							"post": [0, 0, 0],
							"lerp_mode": "catmullrom"
						},
						"1.0417": {
							"post": [2.5, 0, 0],
							"lerp_mode": "catmullrom"
						}
					}
				},
				"Leftarm": {
					"rotation": {
						"0.0": {
							"post": [-82.5, 0, 0],
							"lerp_mode": "catmullrom"
						},
						"1.5417": {
							"post": [-177.5, 0, 0],
							"lerp_mode": "catmullrom"
						},
						"2.0": {
							"post": [-90, 0, 0],
							"lerp_mode": "catmullrom"
						},
						"2.5": {
							"post": [-60, 0, 0],
							"lerp_mode": "catmullrom"
						},
						"3.4583": {
							"post": [17.5, 0, 0],
							"lerp_mode": "catmullrom"
						},
						"4.0": {
							"post": [-169.63, 0, 0],
							"lerp_mode": "catmullrom"
						},
						"4.0417": {
							"post": [-117.5, 0, 0],
							"lerp_mode": "catmullrom"
						},
						"4.5417": {
							"post": [65, 0, 0],
							"lerp_mode": "catmullrom"
						}
					}
				},
				"Rightleg": {
					"rotation": {
						"0.0": {
							"post": [21.94975, -8.73426, -2.29497],
							"lerp_mode": "catmullrom"
						},
						"2.5": {
							"post": [-105, 0, 0],
							"lerp_mode": "catmullrom"
						},
						"3.4583": {
							"post": [0, 0, 0],
							"lerp_mode": "catmullrom"
						}
					}
				},
				"bone2": {
					"rotation": {
						"0.0": {
							"post": [-5, 0, 0],
							"lerp_mode": "catmullrom"
						},
						"2.5": {
							"post": [62.5, 0, 0],
							"lerp_mode": "catmullrom"
						},
						"3.4583": {
							"post": [5.00474, 2.49048, 0.21803],
							"lerp_mode": "catmullrom"
						}
					}
				},
				"Leftleg": {
					"rotation": {
						"0.0": [2.5, 0, 0],
						"3.0417": [-58.52362, -4.84082, -10.19361],
						"3.4583": [1.47638, -4.84082, -10.19361],
						"3.5": [0.61136, -5.02347, -0.15802]
					}
				},
				"bone3": {
					"rotation": {
						"0.0": [2.19057, 5.12133, -1.71717],
						"3.0417": [57.19057, 5.12133, -1.71717],
						"3.4583": [-0.08453, -2.14192, 8.76188],
						"3.5": [0.28887, -2.12404, -1.24506]
					}
				}
			}
		},
		"animation.seek.js": {
			"animation_length": 0.54167,
			"bones": {
				"Rightarm": {
					"rotation": [-87.5, 0, 0]
				},
				"bone": {
					"rotation": [0, 0, -35]
				},
				"Leftarm": {
					"rotation": [-82.5, 0, 0]
				},
				"bone4": {
					"rotation": [0, 0, 32.5]
				},
				"Head": {
					"rotation": {
						"0.0": {
							"post": [0, 0, -7.5],
							"lerp_mode": "catmullrom"
						},
						"0.0417": {
							"post": [0, 0, 10],
							"lerp_mode": "catmullrom"
						},
						"0.0833": {
							"post": [0, 0, -10],
							"lerp_mode": "catmullrom"
						},
						"0.125": {
							"post": [0, 0, 7.5],
							"lerp_mode": "catmullrom"
						},
						"0.1667": {
							"post": [0, 0, -10],
							"lerp_mode": "catmullrom"
						},
						"0.2083": {
							"post": [0, 0, 5],
							"lerp_mode": "catmullrom"
						},
						"0.25": {
							"post": [0, 0, -10],
							"lerp_mode": "catmullrom"
						},
						"0.2917": {
							"post": [0, 0, 10],
							"lerp_mode": "catmullrom"
						},
						"0.3333": {
							"post": [0, 0, -15],
							"lerp_mode": "catmullrom"
						},
						"0.375": {
							"post": [0, 0, 5],
							"lerp_mode": "catmullrom"
						},
						"0.4167": {
							"post": [0, 0, -12.5],
							"lerp_mode": "catmullrom"
						},
						"0.4583": {
							"post": [0, 0, 10],
							"lerp_mode": "catmullrom"
						},
						"0.5": {
							"post": [0, 0, -12.5],
							"lerp_mode": "catmullrom"
						},
						"0.5417": {
							"post": [0, 0, 7.5],
							"lerp_mode": "catmullrom"
						}
					}
				}
			}
		},
		"animation.seek.notdestroyed": {
			"loop": true,
			"animation_length": 1.04167,
			"bones": {
				"Body": {
					"rotation": {
						"0.0": {
							"post": [0, 0, 0],
							"lerp_mode": "catmullrom"
						},
						"0.5417": {
							"post": [-10, 0, 0],
							"lerp_mode": "catmullrom"
						},
						"1.0417": {
							"post": [-2.5, 0, 0],
							"lerp_mode": "catmullrom"
						}
					}
				},
				"Rightarm": {
					"rotation": {
						"0.0": {
							"post": [0, 0, 70],
							"lerp_mode": "catmullrom"
						},
						"0.25": {
							"post": [0, 0, 62.5],
							"lerp_mode": "catmullrom"
						},
						"0.5417": {
							"post": [0, 0, 70],
							"lerp_mode": "catmullrom"
						},
						"0.8333": {
							"post": [0, 0, 62.5],
							"lerp_mode": "catmullrom"
						},
						"1.0417": {
							"post": [0, 0, 75],
							"lerp_mode": "catmullrom"
						}
					}
				},
				"bone": {
					"rotation": {
						"0.0": {
							"post": [0, 0, 35],
							"lerp_mode": "catmullrom"
						}
					}
				},
				"Leftarm": {
					"rotation": {
						"0.0": {
							"post": [0, 0, -55],
							"lerp_mode": "catmullrom"
						},
						"0.25": {
							"post": [0, 0, -52.5],
							"lerp_mode": "catmullrom"
						},
						"0.5417": {
							"post": [0, 0, -65],
							"lerp_mode": "catmullrom"
						},
						"0.75": {
							"post": [0, 0, -57.5],
							"lerp_mode": "catmullrom"
						},
						"1.0417": {
							"post": [0, 0, -67.5],
							"lerp_mode": "catmullrom"
						}
					}
				},
				"bone4": {
					"rotation": {
						"0.0": {
							"post": [0, 0, -57.5],
							"lerp_mode": "catmullrom"
						}
					}
				},
				"Head": {
					"rotation": {
						"0.0": {
							"post": [0, 0, 0],
							"lerp_mode": "catmullrom"
						},
						"0.5": {
							"post": [-35, 0, 0],
							"lerp_mode": "catmullrom"
						},
						"1.0417": {
							"post": [2.5, 0, 0],
							"lerp_mode": "catmullrom"
						}
					}
				}
			}
		}
	}
}