{
	"format_version": "1.12.0",
	"minecraft:geometry": [
		{
			"description": {
				"identifier": "geometry.ic_ambush",
				"texture_width": 128,
				"texture_height": 128,
				"visible_bounds_width": 5,
				"visible_bounds_height": 5.5,
				"visible_bounds_offset": [0, 2.25, 0]
			},
			"bones": [
				{
					"name": "root",
					"pivot": [0, 0, 0],
					"cubes": [
						{"origin": [-20, 3, -1], "size": [40, 48, 0], "uv": [0, 0]}
					],
					"locators": {
						"trail": {
							"offset": [0, -2, 0],
							"rotation": [0, 0, 0]
						}
					}
				},
				{
					"name": "trail1",
					"parent": "root",
					"pivot": [1, 29, 1.5]
				},
				{
					"name": "trail2",
					"parent": "root",
					"pivot": [1, 0, -0.5],
					"rotation": [-90, 0, 0],
					"cubes": [
						{
							"origin": [-17.876, -18.876, -1.429],
							"size": [37.752, 37.752, 0.858],
							"uv": {
								"north": {"uv": [84, 45], "uv_size": [44, 44]},
								"east": {"uv": [38, 45], "uv_size": [1, 44]},
								"south": {"uv": [84, 45], "uv_size": [44, 44]},
								"west": {"uv": [83, 45], "uv_size": [1, 44]},
								"up": {"uv": [39, 44], "uv_size": [44, 1]},
								"down": {"uv": [83, 45], "uv_size": [44, -1]}
							}
						}
					]
				}
			]
		}
	]
}