{
	"format_version": "1.12.0",
	"minecraft:geometry": [
		{
			"description": {
				"identifier": "geometry.crucifix_activated",
				"texture_width": 256,
				"texture_height": 256,
				"visible_bounds_width": 5,
				"visible_bounds_height": 5.5,
				"visible_bounds_offset": [0, 2.25, 0]
			},
			"bones": [
				{
					"name": "root",
					"pivot": [0, 0, 0]
				},
				{
					"name": "main",
					"parent": "root",
					"pivot": [0, 0, 0],
					"rotation": [0, 90, 0],
					"cubes": [
						{"origin": [-22.5, 1, -22.5], "size": [45, 0, 45], "uv": [-4, 0]}
					],
					"locators": {
						"particle_blue": [0, 0, 0]
					}
				},
				{
					"name": "chains",
					"parent": "main",
					"pivot": [0, 0, 0]
				},
				{
					"name": "chain_1",
					"parent": "chains",
					"pivot": [0, 0, 0],
					"rotation": [0, -12.5, 0]
				},
				{
					"name": "chain1",
					"parent": "chain_1",
					"pivot": [13, 0.5, 13],
					"rotation": [19, -41.95059, -27.26629],
					"cubes": [
						{"origin": [11.5, 0.5, 12.5], "size": [3, 4, 1], "uv": [16, 5]},
						{"origin": [11.5, 3.5, 12.5], "size": [3, 4, 1], "pivot": [13, 0.5, 13], "rotation": [0, -90, 0], "uv": [16, 0]},
						{"origin": [11.5, 9.5, 12.5], "size": [3, 4, 1], "pivot": [13, 0.5, 13], "rotation": [0, -90, 0], "uv": [0, 15]},
						{"origin": [11.5, 6.5, 12.5], "size": [3, 4, 1], "uv": [8, 15]},
						{"origin": [11.5, 12.5, 12.5], "size": [3, 4, 1], "uv": [8, 0]},
						{"origin": [11.5, 15.5, 12.5], "size": [3, 4, 1], "pivot": [13, 12.5, 13], "rotation": [0, -90, 0], "uv": [8, 5]},
						{"origin": [11.5, 18.5, 12.5], "size": [3, 4, 1], "uv": [0, 10]},
						{"origin": [11.5, 21.5, 12.5], "size": [3, 4, 1], "pivot": [13, 12.5, 13], "rotation": [0, -90, 0], "uv": [8, 10]},
						{"origin": [11.5, 24.5, 12.5], "size": [3, 4, 1], "uv": [0, 0]},
						{"origin": [11.5, 27.5, 12.5], "size": [3, 4, 1], "pivot": [13, 24.5, 13], "rotation": [0, -90, 0], "uv": [0, 5]}
					]
				},
				{
					"name": "chain_2",
					"parent": "chains",
					"pivot": [1, 0, -1],
					"rotation": [0, -80, 0]
				},
				{
					"name": "chain2",
					"parent": "chain_2",
					"pivot": [15, 0.5, 13],
					"rotation": [19, -41.95059, -27.26629],
					"cubes": [
						{"origin": [13.5, 0.5, 12.5], "size": [3, 4, 1], "uv": [16, 5]},
						{"origin": [13.5, 3.5, 12.5], "size": [3, 4, 1], "pivot": [15, 0.5, 13], "rotation": [0, -90, 0], "uv": [16, 0]},
						{"origin": [13.5, 9.5, 12.5], "size": [3, 4, 1], "pivot": [15, 0.5, 13], "rotation": [0, -90, 0], "uv": [0, 15]},
						{"origin": [13.5, 6.5, 12.5], "size": [3, 4, 1], "uv": [8, 15]},
						{"origin": [13.5, 12.5, 12.5], "size": [3, 4, 1], "uv": [8, 0]},
						{"origin": [13.5, 15.5, 12.5], "size": [3, 4, 1], "pivot": [15, 12.5, 13], "rotation": [0, -90, 0], "uv": [8, 5]},
						{"origin": [13.5, 18.5, 12.5], "size": [3, 4, 1], "uv": [0, 10]},
						{"origin": [13.5, 21.5, 12.5], "size": [3, 4, 1], "pivot": [15, 12.5, 13], "rotation": [0, -90, 0], "uv": [8, 10]},
						{"origin": [13.5, 24.5, 12.5], "size": [3, 4, 1], "uv": [0, 0]},
						{"origin": [13.5, 27.5, 12.5], "size": [3, 4, 1], "pivot": [15, 24.5, 13], "rotation": [0, -90, 0], "uv": [0, 5]}
					]
				},
				{
					"name": "chain_3",
					"parent": "chains",
					"pivot": [2, 0, 0],
					"rotation": [0, -135, 0]
				},
				{
					"name": "chain3",
					"parent": "chain_3",
					"pivot": [16, 0.5, 14],
					"rotation": [19, -41.95059, -27.26629],
					"cubes": [
						{"origin": [14.5, 0.5, 13.5], "size": [3, 4, 1], "uv": [16, 5]},
						{"origin": [14.5, 3.5, 13.5], "size": [3, 4, 1], "pivot": [16, 0.5, 14], "rotation": [0, -90, 0], "uv": [16, 0]},
						{"origin": [14.5, 9.5, 13.5], "size": [3, 4, 1], "pivot": [16, 0.5, 14], "rotation": [0, -90, 0], "uv": [0, 15]},
						{"origin": [14.5, 6.5, 13.5], "size": [3, 4, 1], "uv": [8, 15]},
						{"origin": [14.5, 12.5, 13.5], "size": [3, 4, 1], "uv": [8, 0]},
						{"origin": [14.5, 15.5, 13.5], "size": [3, 4, 1], "pivot": [16, 12.5, 14], "rotation": [0, -90, 0], "uv": [8, 5]},
						{"origin": [14.5, 18.5, 13.5], "size": [3, 4, 1], "uv": [0, 10]},
						{"origin": [14.5, 21.5, 13.5], "size": [3, 4, 1], "pivot": [16, 12.5, 14], "rotation": [0, -90, 0], "uv": [8, 10]},
						{"origin": [14.5, 24.5, 13.5], "size": [3, 4, 1], "uv": [0, 0]},
						{"origin": [14.5, 27.5, 13.5], "size": [3, 4, 1], "pivot": [16, 24.5, 14], "rotation": [0, -90, 0], "uv": [0, 5]}
					]
				},
				{
					"name": "chain_4",
					"parent": "chains",
					"pivot": [1, 0, 1],
					"rotation": [0, 165, 0]
				},
				{
					"name": "chain4",
					"parent": "chain_4",
					"pivot": [15, 0.5, 15],
					"rotation": [19, -41.95059, -27.26629],
					"cubes": [
						{"origin": [13.5, 0.5, 14.5], "size": [3, 4, 1], "uv": [16, 5]},
						{"origin": [13.5, 3.5, 14.5], "size": [3, 4, 1], "pivot": [15, 0.5, 15], "rotation": [0, -90, 0], "uv": [16, 0]},
						{"origin": [13.5, 9.5, 14.5], "size": [3, 4, 1], "pivot": [15, 0.5, 15], "rotation": [0, -90, 0], "uv": [0, 15]},
						{"origin": [13.5, 6.5, 14.5], "size": [3, 4, 1], "uv": [8, 15]},
						{"origin": [13.5, 12.5, 14.5], "size": [3, 4, 1], "uv": [8, 0]},
						{"origin": [13.5, 15.5, 14.5], "size": [3, 4, 1], "pivot": [15, 12.5, 15], "rotation": [0, -90, 0], "uv": [8, 5]},
						{"origin": [13.5, 18.5, 14.5], "size": [3, 4, 1], "uv": [0, 10]},
						{"origin": [13.5, 21.5, 14.5], "size": [3, 4, 1], "pivot": [15, 12.5, 15], "rotation": [0, -90, 0], "uv": [8, 10]},
						{"origin": [13.5, 24.5, 14.5], "size": [3, 4, 1], "uv": [0, 0]},
						{"origin": [13.5, 27.5, 14.5], "size": [3, 4, 1], "pivot": [15, 24.5, 15], "rotation": [0, -90, 0], "uv": [0, 5]}
					]
				},
				{
					"name": "chain_5",
					"parent": "chains",
					"pivot": [-1, 0, 1],
					"rotation": [0, 107.5, 0]
				},
				{
					"name": "chain5",
					"parent": "chain_5",
					"pivot": [13, 0.5, 15],
					"rotation": [19, -41.95059, -27.26629],
					"cubes": [
						{"origin": [11.5, 0.5, 14.5], "size": [3, 4, 1], "uv": [16, 5]},
						{"origin": [11.5, 3.5, 14.5], "size": [3, 4, 1], "pivot": [13, 0.5, 15], "rotation": [0, -90, 0], "uv": [16, 0]},
						{"origin": [11.5, 9.5, 14.5], "size": [3, 4, 1], "pivot": [13, 0.5, 15], "rotation": [0, -90, 0], "uv": [0, 15]},
						{"origin": [11.5, 6.5, 14.5], "size": [3, 4, 1], "uv": [8, 15]},
						{"origin": [11.5, 12.5, 14.5], "size": [3, 4, 1], "uv": [8, 0]},
						{"origin": [11.5, 15.5, 14.5], "size": [3, 4, 1], "pivot": [13, 12.5, 15], "rotation": [0, -90, 0], "uv": [8, 5]},
						{"origin": [11.5, 18.5, 14.5], "size": [3, 4, 1], "uv": [0, 10]},
						{"origin": [11.5, 21.5, 14.5], "size": [3, 4, 1], "pivot": [13, 12.5, 15], "rotation": [0, -90, 0], "uv": [8, 10]},
						{"origin": [11.5, 24.5, 14.5], "size": [3, 4, 1], "uv": [0, 0]},
						{"origin": [11.5, 27.5, 14.5], "size": [3, 4, 1], "pivot": [13, 24.5, 15], "rotation": [0, -90, 0], "uv": [0, 5]}
					]
				},
				{
					"name": "chain_6",
					"parent": "chains",
					"pivot": [-2, 0, 0],
					"rotation": [0, 45, 0]
				},
				{
					"name": "chain6",
					"parent": "chain_6",
					"pivot": [12, 0.5, 14],
					"rotation": [19, -41.95059, -27.26629],
					"cubes": [
						{"origin": [10.5, 0.5, 13.5], "size": [3, 4, 1], "uv": [16, 5]},
						{"origin": [10.5, 3.5, 13.5], "size": [3, 4, 1], "pivot": [12, 0.5, 14], "rotation": [0, -90, 0], "uv": [16, 0]},
						{"origin": [10.5, 9.5, 13.5], "size": [3, 4, 1], "pivot": [12, 0.5, 14], "rotation": [0, -90, 0], "uv": [0, 15]},
						{"origin": [10.5, 6.5, 13.5], "size": [3, 4, 1], "uv": [8, 15]},
						{"origin": [10.5, 12.5, 13.5], "size": [3, 4, 1], "uv": [8, 0]},
						{"origin": [10.5, 15.5, 13.5], "size": [3, 4, 1], "pivot": [12, 12.5, 14], "rotation": [0, -90, 0], "uv": [8, 5]},
						{"origin": [10.5, 18.5, 13.5], "size": [3, 4, 1], "uv": [0, 10]},
						{"origin": [10.5, 21.5, 13.5], "size": [3, 4, 1], "pivot": [12, 12.5, 14], "rotation": [0, -90, 0], "uv": [8, 10]},
						{"origin": [10.5, 24.5, 13.5], "size": [3, 4, 1], "uv": [0, 0]},
						{"origin": [10.5, 27.5, 13.5], "size": [3, 4, 1], "pivot": [12, 24.5, 14], "rotation": [0, -90, 0], "uv": [0, 5]}
					]
				},
				{
					"name": "main2",
					"parent": "root",
					"pivot": [0, 0, 0],
					"rotation": [0, 90, 0],
					"cubes": [
						{"origin": [-22.5, 1, -22.5], "size": [45, 0, 45], "uv": [-4, 46]}
					],
					"locators": {
						"particle_red": [0, 0, 0]
					}
				},
				{
					"name": "chains2",
					"parent": "main2",
					"pivot": [0, 0, 0]
				},
				{
					"name": "chain_7",
					"parent": "chains2",
					"pivot": [0, 0, 0],
					"rotation": [0, -12.5, 0]
				},
				{
					"name": "chain7",
					"parent": "chain_7",
					"pivot": [13, 0.5, 13],
					"rotation": [19, -41.95059, -27.26629],
					"cubes": [
						{"origin": [11.5, 0.5, 12.5], "size": [3, 4, 1], "uv": [16, 51]},
						{"origin": [11.5, 3.5, 12.5], "size": [3, 4, 1], "pivot": [13, 0.5, 13], "rotation": [0, -90, 0], "uv": [16, 46]},
						{"origin": [11.5, 9.5, 12.5], "size": [3, 4, 1], "pivot": [13, 0.5, 13], "rotation": [0, -90, 0], "uv": [0, 61]},
						{"origin": [11.5, 6.5, 12.5], "size": [3, 4, 1], "uv": [8, 61]},
						{"origin": [11.5, 12.5, 12.5], "size": [3, 4, 1], "uv": [8, 46]},
						{"origin": [11.5, 15.5, 12.5], "size": [3, 4, 1], "pivot": [13, 12.5, 13], "rotation": [0, -90, 0], "uv": [8, 51]},
						{"origin": [11.5, 18.5, 12.5], "size": [3, 4, 1], "uv": [0, 56]},
						{"origin": [11.5, 21.5, 12.5], "size": [3, 4, 1], "pivot": [13, 12.5, 13], "rotation": [0, -90, 0], "uv": [8, 56]},
						{"origin": [11.5, 24.5, 12.5], "size": [3, 4, 1], "uv": [0, 46]},
						{"origin": [11.5, 27.5, 12.5], "size": [3, 4, 1], "pivot": [13, 24.5, 13], "rotation": [0, -90, 0], "uv": [0, 51]}
					]
				},
				{
					"name": "chain_8",
					"parent": "chains2",
					"pivot": [1, 0, -1],
					"rotation": [0, -80, 0]
				},
				{
					"name": "chain8",
					"parent": "chain_8",
					"pivot": [15, 0.5, 13],
					"rotation": [19, -41.95059, -27.26629],
					"cubes": [
						{"origin": [13.5, 0.5, 12.5], "size": [3, 4, 1], "uv": [16, 51]},
						{"origin": [13.5, 3.5, 12.5], "size": [3, 4, 1], "pivot": [15, 0.5, 13], "rotation": [0, -90, 0], "uv": [16, 46]},
						{"origin": [13.5, 9.5, 12.5], "size": [3, 4, 1], "pivot": [15, 0.5, 13], "rotation": [0, -90, 0], "uv": [0, 61]},
						{"origin": [13.5, 6.5, 12.5], "size": [3, 4, 1], "uv": [8, 61]},
						{"origin": [13.5, 12.5, 12.5], "size": [3, 4, 1], "uv": [8, 46]},
						{"origin": [13.5, 15.5, 12.5], "size": [3, 4, 1], "pivot": [15, 12.5, 13], "rotation": [0, -90, 0], "uv": [8, 51]},
						{"origin": [13.5, 18.5, 12.5], "size": [3, 4, 1], "uv": [0, 56]},
						{"origin": [13.5, 21.5, 12.5], "size": [3, 4, 1], "pivot": [15, 12.5, 13], "rotation": [0, -90, 0], "uv": [8, 56]},
						{"origin": [13.5, 24.5, 12.5], "size": [3, 4, 1], "uv": [0, 46]},
						{"origin": [13.5, 27.5, 12.5], "size": [3, 4, 1], "pivot": [15, 24.5, 13], "rotation": [0, -90, 0], "uv": [0, 51]}
					]
				},
				{
					"name": "chain_9",
					"parent": "chains2",
					"pivot": [2, 0, 0],
					"rotation": [0, -135, 0]
				},
				{
					"name": "chain9",
					"parent": "chain_9",
					"pivot": [16, 0.5, 14],
					"rotation": [19, -41.95059, -27.26629],
					"cubes": [
						{"origin": [14.5, 0.5, 13.5], "size": [3, 4, 1], "uv": [16, 51]},
						{"origin": [14.5, 3.5, 13.5], "size": [3, 4, 1], "pivot": [16, 0.5, 14], "rotation": [0, -90, 0], "uv": [16, 46]},
						{"origin": [14.5, 9.5, 13.5], "size": [3, 4, 1], "pivot": [16, 0.5, 14], "rotation": [0, -90, 0], "uv": [0, 61]},
						{"origin": [14.5, 6.5, 13.5], "size": [3, 4, 1], "uv": [8, 61]},
						{"origin": [14.5, 12.5, 13.5], "size": [3, 4, 1], "uv": [8, 46]},
						{"origin": [14.5, 15.5, 13.5], "size": [3, 4, 1], "pivot": [16, 12.5, 14], "rotation": [0, -90, 0], "uv": [8, 51]},
						{"origin": [14.5, 18.5, 13.5], "size": [3, 4, 1], "uv": [0, 56]},
						{"origin": [14.5, 21.5, 13.5], "size": [3, 4, 1], "pivot": [16, 12.5, 14], "rotation": [0, -90, 0], "uv": [8, 56]},
						{"origin": [14.5, 24.5, 13.5], "size": [3, 4, 1], "uv": [0, 46]},
						{"origin": [14.5, 27.5, 13.5], "size": [3, 4, 1], "pivot": [16, 24.5, 14], "rotation": [0, -90, 0], "uv": [0, 51]}
					]
				},
				{
					"name": "chain_10",
					"parent": "chains2",
					"pivot": [1, 0, 1],
					"rotation": [0, 165, 0]
				},
				{
					"name": "chain10",
					"parent": "chain_10",
					"pivot": [15, 0.5, 15],
					"rotation": [19, -41.95059, -27.26629],
					"cubes": [
						{"origin": [13.5, 0.5, 14.5], "size": [3, 4, 1], "uv": [16, 51]},
						{"origin": [13.5, 3.5, 14.5], "size": [3, 4, 1], "pivot": [15, 0.5, 15], "rotation": [0, -90, 0], "uv": [16, 46]},
						{"origin": [13.5, 9.5, 14.5], "size": [3, 4, 1], "pivot": [15, 0.5, 15], "rotation": [0, -90, 0], "uv": [0, 61]},
						{"origin": [13.5, 6.5, 14.5], "size": [3, 4, 1], "uv": [8, 61]},
						{"origin": [13.5, 12.5, 14.5], "size": [3, 4, 1], "uv": [8, 46]},
						{"origin": [13.5, 15.5, 14.5], "size": [3, 4, 1], "pivot": [15, 12.5, 15], "rotation": [0, -90, 0], "uv": [8, 51]},
						{"origin": [13.5, 18.5, 14.5], "size": [3, 4, 1], "uv": [0, 56]},
						{"origin": [13.5, 21.5, 14.5], "size": [3, 4, 1], "pivot": [15, 12.5, 15], "rotation": [0, -90, 0], "uv": [8, 56]},
						{"origin": [13.5, 24.5, 14.5], "size": [3, 4, 1], "uv": [0, 46]},
						{"origin": [13.5, 27.5, 14.5], "size": [3, 4, 1], "pivot": [15, 24.5, 15], "rotation": [0, -90, 0], "uv": [0, 51]}
					]
				},
				{
					"name": "chain_11",
					"parent": "chains2",
					"pivot": [-1, 0, 1],
					"rotation": [0, 107.5, 0]
				},
				{
					"name": "chain11",
					"parent": "chain_11",
					"pivot": [13, 0.5, 15],
					"rotation": [19, -41.95059, -27.26629],
					"cubes": [
						{"origin": [11.5, 0.5, 14.5], "size": [3, 4, 1], "uv": [16, 51]},
						{"origin": [11.5, 3.5, 14.5], "size": [3, 4, 1], "pivot": [13, 0.5, 15], "rotation": [0, -90, 0], "uv": [16, 46]},
						{"origin": [11.5, 9.5, 14.5], "size": [3, 4, 1], "pivot": [13, 0.5, 15], "rotation": [0, -90, 0], "uv": [0, 61]},
						{"origin": [11.5, 6.5, 14.5], "size": [3, 4, 1], "uv": [8, 61]},
						{"origin": [11.5, 12.5, 14.5], "size": [3, 4, 1], "uv": [8, 46]},
						{"origin": [11.5, 15.5, 14.5], "size": [3, 4, 1], "pivot": [13, 12.5, 15], "rotation": [0, -90, 0], "uv": [8, 51]},
						{"origin": [11.5, 18.5, 14.5], "size": [3, 4, 1], "uv": [0, 56]},
						{"origin": [11.5, 21.5, 14.5], "size": [3, 4, 1], "pivot": [13, 12.5, 15], "rotation": [0, -90, 0], "uv": [8, 56]},
						{"origin": [11.5, 24.5, 14.5], "size": [3, 4, 1], "uv": [0, 46]},
						{"origin": [11.5, 27.5, 14.5], "size": [3, 4, 1], "pivot": [13, 24.5, 15], "rotation": [0, -90, 0], "uv": [0, 51]}
					]
				},
				{
					"name": "chain_12",
					"parent": "chains2",
					"pivot": [-2, 0, 0],
					"rotation": [0, 45, 0]
				},
				{
					"name": "chain12",
					"parent": "chain_12",
					"pivot": [12, 0.5, 14],
					"rotation": [19, -41.95059, -27.26629],
					"cubes": [
						{"origin": [10.5, 0.5, 13.5], "size": [3, 4, 1], "uv": [16, 51]},
						{"origin": [10.5, 3.5, 13.5], "size": [3, 4, 1], "pivot": [12, 0.5, 14], "rotation": [0, -90, 0], "uv": [16, 46]},
						{"origin": [10.5, 9.5, 13.5], "size": [3, 4, 1], "pivot": [12, 0.5, 14], "rotation": [0, -90, 0], "uv": [0, 61]},
						{"origin": [10.5, 6.5, 13.5], "size": [3, 4, 1], "uv": [8, 61]},
						{"origin": [10.5, 12.5, 13.5], "size": [3, 4, 1], "uv": [8, 46]},
						{"origin": [10.5, 15.5, 13.5], "size": [3, 4, 1], "pivot": [12, 12.5, 14], "rotation": [0, -90, 0], "uv": [8, 51]},
						{"origin": [10.5, 18.5, 13.5], "size": [3, 4, 1], "uv": [0, 56]},
						{"origin": [10.5, 21.5, 13.5], "size": [3, 4, 1], "pivot": [12, 12.5, 14], "rotation": [0, -90, 0], "uv": [8, 56]},
						{"origin": [10.5, 24.5, 13.5], "size": [3, 4, 1], "uv": [0, 46]},
						{"origin": [10.5, 27.5, 13.5], "size": [3, 4, 1], "pivot": [12, 24.5, 14], "rotation": [0, -90, 0], "uv": [0, 51]}
					]
				},
				{
					"name": "cross",
					"parent": "root",
					"pivot": [0, 28.09374, -29.1],
					"cubes": [
						{
							"origin": [-1, 20, -29.55],
							"size": [2, 12, 0.9],
							"uv": {
								"north": {"uv": [220, 1], "uv_size": [2, 12]},
								"east": {"uv": [220, 1], "uv_size": [1, 12]},
								"south": {"uv": [220, 1], "uv_size": [2, 12]},
								"west": {"uv": [220, 1], "uv_size": [1, 12]},
								"up": {"uv": [218, 0], "uv_size": [2, 1]},
								"down": {"uv": [218, 1], "uv_size": [2, -1]}
							}
						},
						{
							"origin": [-3.5, 22, -29.5],
							"size": [2, 8, 0.8],
							"pivot": [0, 26, -29],
							"rotation": [0, 0, 90],
							"uv": {
								"north": {"uv": [220, 1], "uv_size": [2, 8]},
								"east": {"uv": [220, 1], "uv_size": [1, 8]},
								"south": {"uv": [220, 1], "uv_size": [2, 8]},
								"west": {"uv": [220, 1], "uv_size": [1, 8]},
								"up": {"uv": [218, 0], "uv_size": [2, 1]},
								"down": {"uv": [218, 1], "uv_size": [2, -1]}
							}
						},
						{"origin": [2.2, 28.4, -29.6], "size": [2, 1, 1], "pivot": [3.7, 28.4, -29], "rotation": [0, 0, 57.5], "uv": [220, 6]},
						{"origin": [2.85305, 27.44086, -29.625], "size": [2, 1, 1], "pivot": [3.85305, 27.94086, -29.1], "rotation": [0, 0, 122.5], "uv": [220, 4]},
						{"origin": [-4.2, 28.4, -29.6], "size": [2, 1, 1], "pivot": [-3.7, 28.4, -29], "rotation": [0, 0, -57.5], "uv": [220, 0]},
						{"origin": [-4.85305, 27.44086, -29.575], "size": [2, 1, 1], "pivot": [-3.85305, 27.94086, -29.1], "rotation": [0, 0, -122.5], "uv": [220, 2]}
					]
				},
				{
					"name": "bone",
					"parent": "cross",
					"pivot": [-0.60305, 8.94086, 0.9],
					"rotation": [0, 0, 90],
					"cubes": [
						{"origin": [-13.30789, 28.798, -29.625], "size": [2, 1, 1], "pivot": [-0.45, 9.4, 1], "rotation": [0, 0, -57.5], "uv": [220, 8]},
						{"origin": [10.75485, 27.83887, -29.6], "size": [2, 1, 1], "pivot": [-0.60305, 8.94086, 0.9], "rotation": [0, 0, -122.5], "uv": [220, 10]}
					]
				},
				{
					"name": "bone2",
					"parent": "cross",
					"pivot": [-0.60305, -2.94086, 0.9],
					"rotation": [0, 0, -90],
					"cubes": [
						{"origin": [11.40789, 14.998, -29.6], "size": [2, 1, 1], "pivot": [-0.45, -3.4, 1], "rotation": [0, 0, 57.5], "uv": [220, 11]},
						{"origin": [-13.96094, 15.95714, -29.575], "size": [2, 1, 1], "pivot": [-0.60305, -2.94086, 0.9], "rotation": [0, 0, 122.5], "uv": [220, 9]}
					]
				}
			]
		}
	]
}