{
	"format_version": "1.12.0",
	"minecraft:geometry": [
		{
			"description": {
				"identifier": "geometry.ic_figure",
				"texture_width": 128,
				"texture_height": 128,
				"visible_bounds_width": 3,
				"visible_bounds_height": 5,
				"visible_bounds_offset": [0, 2.5, 0]
			},
			"bones": [
				{
					"name": "body",
					"pivot": [0, 42, 0]
				},
				{
					"name": "waist",
					"parent": "body",
					"pivot": [0, 27, 0],
					"cubes": [
						{"origin": [-4.5, 27, -3], "size": [9, 6, 5], "inflate": 0.5, "uv": [35, 15]}
					]
				},
				{
					"name": "waist2",
					"parent": "waist",
					"pivot": [0, 33, 0],
					"cubes": [
						{
							"origin": [-5.92, 32.58, -4.245],
							"size": [11.84, 12.84, 7.49],
							"uv": {
								"north": {"uv": [7, 27], "uv_size": [12, 12]},
								"east": {"uv": [0, 27], "uv_size": [7, 12]},
								"south": {"uv": [26, 27], "uv_size": [12, 12]},
								"west": {"uv": [19, 27], "uv_size": [7, 12]},
								"up": {"uv": [7, 20], "uv_size": [12, 7]},
								"down": {"uv": [19, 27], "uv_size": [12, -7]}
							}
						},
						{"origin": [-5.5, 33, -4], "size": [11, 12, 7], "uv": [31, 32]}
					]
				},
				{
					"name": "head",
					"parent": "waist2",
					"pivot": [0, 44, -1],
					"cubes": [
						{"origin": [-5, 45, -5.5], "size": [10, 10, 10], "uv": [0, 0]},
						{
							"origin": [-4.65, 45.35, -5.15],
							"size": [9.3, 9.3, 9.3],
							"uv": {
								"north": {"uv": [98, 10], "uv_size": [10, 10]},
								"east": {"uv": [88, 10], "uv_size": [10, 10]},
								"south": {"uv": [118, 10], "uv_size": [10, 10]},
								"west": {"uv": [108, 10], "uv_size": [10, 10]},
								"up": {"uv": [98, 0], "uv_size": [10, 10]},
								"down": {"uv": [108, 10], "uv_size": [10, -10]}
							}
						}
					],
					"locators": {
						"light": {
							"offset": [0, 50, 0],
							"rotation": [0, 90, 0]
						}
					}
				},
				{
					"name": "leftArm",
					"parent": "waist2",
					"pivot": [5, 43, 0],
					"cubes": [
						{
							"origin": [4.55, 33.55, -2.25],
							"size": [3.6, 10.8, 3.6],
							"uv": {
								"north": {"uv": [20, 51], "uv_size": [4, 12]},
								"east": {"uv": [16, 51], "uv_size": [4, 12]},
								"south": {"uv": [28, 51], "uv_size": [4, 12]},
								"west": {"uv": [24, 51], "uv_size": [4, 12]},
								"up": {"uv": [20, 47], "uv_size": [4, 4]},
								"down": {"uv": [24, 51], "uv_size": [4, -4]}
							}
						}
					]
				},
				{
					"name": "leftArm2",
					"parent": "leftArm",
					"pivot": [5.625, 34.8, 0],
					"cubes": [
						{
							"origin": [4.9725, 20.5606, -1.8792],
							"size": [2.8188, 13.1544, 2.8188],
							"uv": {
								"north": {"uv": [35, 54], "uv_size": [3, 14]},
								"east": {"uv": [32, 54], "uv_size": [3, 14]},
								"south": {"uv": [41, 54], "uv_size": [3, 14]},
								"west": {"uv": [38, 54], "uv_size": [3, 14]},
								"up": {"uv": [35, 51], "uv_size": [3, 3]},
								"down": {"uv": [38, 54], "uv_size": [3, -3]}
							}
						}
					]
				},
				{
					"name": "leftArm4",
					"parent": "leftArm2",
					"pivot": [5.8725, 20.9128, 0],
					"cubes": [
						{
							"origin": [4.8555, 8.16384, -2.1235],
							"size": [3.18524, 12.74098, 3.18524],
							"uv": {
								"north": {"uv": [51, 3], "uv_size": [3, 12]},
								"east": {"uv": [48, 3], "uv_size": [3, 12]},
								"south": {"uv": [57, 3], "uv_size": [3, 12]},
								"west": {"uv": [54, 3], "uv_size": [3, 12]},
								"up": {"uv": [51, 0], "uv_size": [3, 3]},
								"down": {"uv": [54, 3], "uv_size": [3, -3]}
							}
						}
					]
				},
				{
					"name": "leftArm5",
					"parent": "leftArm4",
					"pivot": [6.63592, 6.0433, -0.53087],
					"cubes": [
						{
							"origin": [4.32463, 3.38597, -2.65437],
							"size": [5.30874, 5.30874, 4.24699],
							"pivot": [6.44812, 5.50947, -0.53087],
							"rotation": [0, 0, -32.5],
							"uv": {
								"north": {"uv": [34, 4], "uv_size": [5, 5]},
								"east": {"uv": [30, 4], "uv_size": [4, 5]},
								"south": {"uv": [43, 4], "uv_size": [5, 5]},
								"west": {"uv": [39, 4], "uv_size": [4, 5]},
								"up": {"uv": [34, 0], "uv_size": [5, 4]},
								"down": {"uv": [39, 4], "uv_size": [5, -4]}
							}
						}
					]
				},
				{
					"name": "rightArm",
					"parent": "waist2",
					"pivot": [-5, 43, 0],
					"cubes": [
						{
							"origin": [-8.15, 33.55, -2.25],
							"size": [3.6, 10.8, 3.6],
							"uv": {
								"north": {"uv": [24, 51], "uv_size": [-4, 12]},
								"east": {"uv": [28, 51], "uv_size": [-4, 12]},
								"south": {"uv": [32, 51], "uv_size": [-4, 12]},
								"west": {"uv": [20, 51], "uv_size": [-4, 12]},
								"up": {"uv": [24, 47], "uv_size": [-4, 4]},
								"down": {"uv": [28, 51], "uv_size": [-4, -4]}
							}
						}
					]
				},
				{
					"name": "rightArm2",
					"parent": "rightArm",
					"pivot": [-5.625, 34.8, 0],
					"cubes": [
						{
							"origin": [-7.7913, 20.5606, -1.8792],
							"size": [2.8188, 13.1544, 2.8188],
							"uv": {
								"north": {"uv": [38, 54], "uv_size": [-3, 14]},
								"east": {"uv": [41, 54], "uv_size": [-3, 14]},
								"south": {"uv": [44, 54], "uv_size": [-3, 14]},
								"west": {"uv": [35, 54], "uv_size": [-3, 14]},
								"up": {"uv": [38, 51], "uv_size": [-3, 3]},
								"down": {"uv": [41, 54], "uv_size": [-3, -3]}
							}
						}
					]
				},
				{
					"name": "rightArm4",
					"parent": "rightArm2",
					"pivot": [-5.8725, 20.9128, 0],
					"cubes": [
						{
							"origin": [-8.04074, 8.16384, -2.1235],
							"size": [3.18524, 12.74098, 3.18524],
							"uv": {
								"north": {"uv": [54, 3], "uv_size": [-3, 12]},
								"east": {"uv": [57, 3], "uv_size": [-3, 12]},
								"south": {"uv": [60, 3], "uv_size": [-3, 12]},
								"west": {"uv": [51, 3], "uv_size": [-3, 12]},
								"up": {"uv": [54, 0], "uv_size": [-3, 3]},
								"down": {"uv": [57, 3], "uv_size": [-3, -3]}
							}
						}
					]
				},
				{
					"name": "rightArm5",
					"parent": "rightArm4",
					"pivot": [-6.63592, 6.0433, -0.53087],
					"cubes": [
						{
							"origin": [-9.63337, 3.38597, -2.65437],
							"size": [5.30874, 5.30874, 4.24699],
							"pivot": [-6.44812, 5.50947, -0.53087],
							"rotation": [0, 0, 32.5],
							"uv": {
								"north": {"uv": [39, 4], "uv_size": [-5, 5]},
								"east": {"uv": [43, 4], "uv_size": [-4, 5]},
								"south": {"uv": [48, 4], "uv_size": [-5, 5]},
								"west": {"uv": [34, 4], "uv_size": [-4, 5]},
								"up": {"uv": [39, 0], "uv_size": [-5, 4]},
								"down": {"uv": [44, 4], "uv_size": [-5, -4]}
							}
						}
					]
				},
				{
					"name": "leftLeg",
					"parent": "body",
					"pivot": [2.5, 27.75, -0.5],
					"cubes": [
						{
							"origin": [0.85, 20.95, -2.15],
							"size": [3.3, 6.8, 3.3],
							"uv": {
								"north": {"uv": [15, 66], "uv_size": [3, 8]},
								"east": {"uv": [12, 66], "uv_size": [3, 8]},
								"south": {"uv": [21, 66], "uv_size": [3, 8]},
								"west": {"uv": [18, 66], "uv_size": [3, 8]},
								"up": {"uv": [15, 63], "uv_size": [3, 3]},
								"down": {"uv": [18, 66], "uv_size": [3, -3]}
							}
						}
					]
				},
				{
					"name": "leftLeg2",
					"parent": "leftLeg",
					"pivot": [2.7, 20.75, -0.55],
					"cubes": [
						{
							"origin": [0.85, 12.15, -2.15],
							"size": [3.3, 8.8, 3.3],
							"uv": {
								"north": {"uv": [74, 17], "uv_size": [3, 8]},
								"east": {"uv": [71, 17], "uv_size": [3, 8]},
								"south": {"uv": [80, 17], "uv_size": [3, 8]},
								"west": {"uv": [77, 17], "uv_size": [3, 8]},
								"up": {"uv": [74, 14], "uv_size": [3, 3]},
								"down": {"uv": [77, 17], "uv_size": [3, -3]}
							}
						}
					]
				},
				{
					"name": "leftLeg4",
					"parent": "leftLeg2",
					"pivot": [2.7, 11.95, -0.55],
					"cubes": [
						{
							"origin": [0.85, 3.35, -2.15],
							"size": [3.3, 8.8, 3.3],
							"uv": {
								"north": {"uv": [15, 66], "uv_size": [3, 8]},
								"east": {"uv": [12, 66], "uv_size": [3, 8]},
								"south": {"uv": [21, 66], "uv_size": [3, 8]},
								"west": {"uv": [18, 66], "uv_size": [3, 8]},
								"up": {"uv": [15, 63], "uv_size": [3, 3]},
								"down": {"uv": [18, 66], "uv_size": [3, -3]}
							}
						}
					]
				},
				{
					"name": "leftLeg5",
					"parent": "leftLeg4",
					"pivot": [3.25, 3.15, -1.375],
					"cubes": [
						{
							"origin": [0.3, 1.15, -3.8],
							"size": [3.3, 2.2, 5.5],
							"pivot": [2.5, 2.25, -1.325],
							"rotation": [0, 12.5, 0],
							"uv": {
								"north": {"uv": [65, 5], "uv_size": [3, 2]},
								"east": {"uv": [60, 5], "uv_size": [5, 2]},
								"south": {"uv": [73, 5], "uv_size": [3, 2]},
								"west": {"uv": [68, 5], "uv_size": [5, 2]},
								"up": {"uv": [65, 0], "uv_size": [3, 5]},
								"down": {"uv": [68, 5], "uv_size": [3, -5]}
							}
						},
						{
							"origin": [2.5, 1.15, -3.8],
							"size": [2.2, 2.2, 5.5],
							"pivot": [2.5, 2.25, -1.325],
							"rotation": [0, -5, 0],
							"uv": {
								"north": {"uv": [26, 74], "uv_size": [2, 2]},
								"east": {"uv": [21, 74], "uv_size": [5, 2]},
								"south": {"uv": [33, 74], "uv_size": [2, 2]},
								"west": {"uv": [28, 74], "uv_size": [5, 2]},
								"up": {"uv": [26, 69], "uv_size": [2, 5]},
								"down": {"uv": [28, 74], "uv_size": [2, -5]}
							}
						},
						{
							"origin": [2.5, 0.05, -4.075],
							"size": [2.2, 2.2, 5.5],
							"pivot": [2.5, 1.15, -1.325],
							"rotation": [0, -5, 0],
							"uv": {
								"north": {"uv": [64, 15], "uv_size": [2, 2]},
								"east": {"uv": [59, 15], "uv_size": [5, 2]},
								"south": {"uv": [71, 15], "uv_size": [2, 2]},
								"west": {"uv": [66, 15], "uv_size": [5, 2]},
								"up": {"uv": [64, 10], "uv_size": [2, 5]},
								"down": {"uv": [66, 15], "uv_size": [2, -5]}
							}
						},
						{
							"origin": [0.3, 0.05, -4.075],
							"size": [3.3, 2.2, 5.5],
							"pivot": [2.5, 1.15, -1.325],
							"rotation": [0, 12.5, 0],
							"uv": {
								"north": {"uv": [65, 5], "uv_size": [3, 2]},
								"east": {"uv": [60, 5], "uv_size": [5, 2]},
								"south": {"uv": [73, 5], "uv_size": [3, 2]},
								"west": {"uv": [68, 5], "uv_size": [5, 2]},
								"up": {"uv": [65, 0], "uv_size": [3, 5]},
								"down": {"uv": [68, 5], "uv_size": [3, -5]}
							}
						},
						{
							"origin": [2.5, 0.2425, -2.975],
							"size": [2.2, 2.2, 5.5],
							"pivot": [2.5, 1.3425, -0.225],
							"rotation": [-2.50954, -4.99523, 0.21865],
							"uv": {
								"north": {"uv": [21, 44], "uv_size": [2, 2]},
								"east": {"uv": [16, 44], "uv_size": [5, 2]},
								"south": {"uv": [28, 44], "uv_size": [2, 2]},
								"west": {"uv": [23, 44], "uv_size": [5, 2]},
								"up": {"uv": [21, 39], "uv_size": [2, 5]},
								"down": {"uv": [23, 44], "uv_size": [2, -5]}
							}
						},
						{
							"origin": [0.3, 0.2425, -2.975],
							"size": [3.3, 2.2, 5.5],
							"pivot": [2.5, 1.3425, -0.225],
							"rotation": [-2.56062, 12.48791, -0.55404],
							"uv": {
								"north": {"uv": [65, 5], "uv_size": [3, 2]},
								"east": {"uv": [60, 5], "uv_size": [5, 2]},
								"south": {"uv": [73, 5], "uv_size": [3, 2]},
								"west": {"uv": [68, 5], "uv_size": [5, 2]},
								"up": {"uv": [65, 0], "uv_size": [3, 5]},
								"down": {"uv": [68, 5], "uv_size": [3, -5]}
							}
						}
					]
				},
				{
					"name": "rightLeg",
					"parent": "body",
					"pivot": [-2.5, 27.75, -0.5],
					"cubes": [
						{
							"origin": [-4.15, 20.95, -2.15],
							"size": [3.3, 6.8, 3.3],
							"uv": {
								"north": {"uv": [18, 66], "uv_size": [-3, 8]},
								"east": {"uv": [21, 66], "uv_size": [-3, 8]},
								"south": {"uv": [24, 66], "uv_size": [-3, 8]},
								"west": {"uv": [15, 66], "uv_size": [-3, 8]},
								"up": {"uv": [18, 63], "uv_size": [-3, 3]},
								"down": {"uv": [21, 66], "uv_size": [-3, -3]}
							}
						}
					]
				},
				{
					"name": "rightLeg2",
					"parent": "rightLeg",
					"pivot": [-2.7, 20.75, -0.55],
					"cubes": [
						{
							"origin": [-4.15, 12.15, -2.15],
							"size": [3.3, 8.8, 3.3],
							"uv": {
								"north": {"uv": [77, 17], "uv_size": [-3, 8]},
								"east": {"uv": [80, 17], "uv_size": [-3, 8]},
								"south": {"uv": [83, 17], "uv_size": [-3, 8]},
								"west": {"uv": [74, 17], "uv_size": [-3, 8]},
								"up": {"uv": [77, 14], "uv_size": [-3, 3]},
								"down": {"uv": [80, 17], "uv_size": [-3, -3]}
							}
						}
					]
				},
				{
					"name": "rightLeg4",
					"parent": "rightLeg2",
					"pivot": [-2.7, 11.95, -0.55],
					"cubes": [
						{
							"origin": [-4.15, 3.35, -2.15],
							"size": [3.3, 8.8, 3.3],
							"uv": {
								"north": {"uv": [18, 66], "uv_size": [-3, 8]},
								"east": {"uv": [21, 66], "uv_size": [-3, 8]},
								"south": {"uv": [24, 66], "uv_size": [-3, 8]},
								"west": {"uv": [15, 66], "uv_size": [-3, 8]},
								"up": {"uv": [18, 63], "uv_size": [-3, 3]},
								"down": {"uv": [21, 66], "uv_size": [-3, -3]}
							}
						}
					]
				},
				{
					"name": "rightLeg5",
					"parent": "rightLeg4",
					"pivot": [-3.25, 3.15, -1.375],
					"cubes": [
						{
							"origin": [-3.6, 1.15, -3.8],
							"size": [3.3, 2.2, 5.5],
							"pivot": [-2.5, 2.25, -1.325],
							"rotation": [0, -12.5, 0],
							"uv": {
								"north": {"uv": [68, 5], "uv_size": [-3, 2]},
								"east": {"uv": [73, 5], "uv_size": [-5, 2]},
								"south": {"uv": [76, 5], "uv_size": [-3, 2]},
								"west": {"uv": [65, 5], "uv_size": [-5, 2]},
								"up": {"uv": [68, 0], "uv_size": [-3, 5]},
								"down": {"uv": [71, 5], "uv_size": [-3, -5]}
							}
						},
						{
							"origin": [-4.7, 1.15, -3.8],
							"size": [2.2, 2.2, 5.5],
							"pivot": [-2.5, 2.25, -1.325],
							"rotation": [0, 5, 0],
							"uv": {
								"north": {"uv": [28, 74], "uv_size": [-2, 2]},
								"east": {"uv": [33, 74], "uv_size": [-5, 2]},
								"south": {"uv": [35, 74], "uv_size": [-2, 2]},
								"west": {"uv": [26, 74], "uv_size": [-5, 2]},
								"up": {"uv": [28, 69], "uv_size": [-2, 5]},
								"down": {"uv": [30, 74], "uv_size": [-2, -5]}
							}
						},
						{
							"origin": [-4.7, 0.05, -4.075],
							"size": [2.2, 2.2, 5.5],
							"pivot": [-2.5, 1.15, -1.325],
							"rotation": [0, 5, 0],
							"uv": {
								"north": {"uv": [66, 15], "uv_size": [-2, 2]},
								"east": {"uv": [71, 15], "uv_size": [-5, 2]},
								"south": {"uv": [73, 15], "uv_size": [-2, 2]},
								"west": {"uv": [64, 15], "uv_size": [-5, 2]},
								"up": {"uv": [66, 10], "uv_size": [-2, 5]},
								"down": {"uv": [68, 15], "uv_size": [-2, -5]}
							}
						},
						{
							"origin": [-3.6, 0.05, -4.075],
							"size": [3.3, 2.2, 5.5],
							"pivot": [-2.5, 1.15, -1.325],
							"rotation": [0, -12.5, 0],
							"uv": {
								"north": {"uv": [68, 5], "uv_size": [-3, 2]},
								"east": {"uv": [73, 5], "uv_size": [-5, 2]},
								"south": {"uv": [76, 5], "uv_size": [-3, 2]},
								"west": {"uv": [65, 5], "uv_size": [-5, 2]},
								"up": {"uv": [68, 0], "uv_size": [-3, 5]},
								"down": {"uv": [71, 5], "uv_size": [-3, -5]}
							}
						},
						{
							"origin": [-4.7, 0.2425, -2.975],
							"size": [2.2, 2.2, 5.5],
							"pivot": [-2.5, 1.3425, -0.225],
							"rotation": [-2.50954, 4.99523, -0.21865],
							"uv": {
								"north": {"uv": [23, 44], "uv_size": [-2, 2]},
								"east": {"uv": [28, 44], "uv_size": [-5, 2]},
								"south": {"uv": [30, 44], "uv_size": [-2, 2]},
								"west": {"uv": [21, 44], "uv_size": [-5, 2]},
								"up": {"uv": [23, 39], "uv_size": [-2, 5]},
								"down": {"uv": [25, 44], "uv_size": [-2, -5]}
							}
						},
						{
							"origin": [-3.6, 0.2425, -2.975],
							"size": [3.3, 2.2, 5.5],
							"pivot": [-2.5, 1.3425, -0.225],
							"rotation": [-2.56062, -12.48791, 0.55404],
							"uv": {
								"north": {"uv": [68, 5], "uv_size": [-3, 2]},
								"east": {"uv": [73, 5], "uv_size": [-5, 2]},
								"south": {"uv": [76, 5], "uv_size": [-3, 2]},
								"west": {"uv": [65, 5], "uv_size": [-5, 2]},
								"up": {"uv": [68, 0], "uv_size": [-3, 5]},
								"down": {"uv": [71, 5], "uv_size": [-3, -5]}
							}
						}
					]
				}
			]
		}
	]
}