{
	"format_version": "1.12.0",
	"minecraft:geometry": [
		{
			"description": {
				"identifier": "geometry.ic_halt",
				"texture_width": 128,
				"texture_height": 128,
				"visible_bounds_width": 3,
				"visible_bounds_height": 3.5,
				"visible_bounds_offset": [0, 1.25, 0]
			},
			"bones": [
				{
					"name": "root",
					"pivot": [0, 0, 0]
				},
				{
					"name": "root2",
					"parent": "root",
					"pivot": [0, 0, 0],
					"cubes": [
						{"origin": [-10, 8, -10], "size": [20, 32, 20], "uv": [0, 0]}
					]
				},
				{
					"name": "eyes",
					"parent": "root",
					"pivot": [0, 26, -10],
					"cubes": [
						{"origin": [-7, 25, -14], "size": [14, 6, 0], "uv": [0, 52]}
					]
				}
			]
		}
	]
}