{
	"format_version": "1.12.0",
	"minecraft:geometry": [
		{
			"description": {
				"identifier": "geometry.ic_rush",
				"texture_width": 128,
				"texture_height": 128,
				"visible_bounds_width": 5,
				"visible_bounds_height": 5.5,
				"visible_bounds_offset": [0, 2.25, 0]
			},
			"bones": [
				{
					"name": "root",
					"pivot": [0, 0, 0],
					"cubes": [
						{"origin": [-20, 3, -1], "size": [40, 48, 0], "uv": [0, 0]}
					],
					"locators": {
						"trail": {
							"offset": [0, 32, 9],
							"rotation": [0, 90, 0]
						}
					}
				},
				{
					"name": "lower_teeth",
					"parent": "root",
					"pivot": [0, 15, 0],
					"cubes": [
						{"origin": [-14, 9, -1.1], "size": [28, 9, 0], "uv": [0, 86]}
					]
				},
				{
					"name": "upper_teeth",
					"parent": "root",
					"pivot": [0, 27, 0],
					"cubes": [
						{"origin": [-17, 22, -1.1], "size": [34, 12, 0], "uv": [0, 116]}
					]
				},
				{
					"name": "trail1",
					"parent": "root",
					"pivot": [1, 29, 1.5],
					"cubes": [
						{
							"origin": [-27.6, 0.4, 0.85],
							"size": [57.2, 57.2, 1.3],
							"uv": {
								"north": {"uv": [84, 45], "uv_size": [44, 44]},
								"east": {"uv": [38, 45], "uv_size": [1, 44]},
								"south": {"uv": [84, 45], "uv_size": [44, 44]},
								"west": {"uv": [83, 45], "uv_size": [1, 44]},
								"up": {"uv": [39, 44], "uv_size": [44, 1]},
								"down": {"uv": [83, 45], "uv_size": [44, -1]}
							}
						}
					]
				},
				{
					"name": "trail2",
					"parent": "root",
					"pivot": [1, 29, 3.5],
					"rotation": [0, 0, -45],
					"cubes": [
						{
							"origin": [-17.876, 10.124, 3.071],
							"size": [37.752, 37.752, 0.858],
							"uv": {
								"north": {"uv": [84, 45], "uv_size": [44, 44]},
								"east": {"uv": [38, 45], "uv_size": [1, 44]},
								"south": {"uv": [84, 45], "uv_size": [44, 44]},
								"west": {"uv": [83, 45], "uv_size": [1, 44]},
								"up": {"uv": [39, 44], "uv_size": [44, 1]},
								"down": {"uv": [83, 45], "uv_size": [44, -1]}
							}
						}
					]
				}
			]
		}
	]
}