{
	"format_version": "1.12.0",
	"minecraft:geometry": [
		{
			"description": {
				"identifier": "geometry.ic_seek",
				"texture_width": 64,
				"texture_height": 64,
				"visible_bounds_width": 3,
				"visible_bounds_height": 4,
				"visible_bounds_offset": [0, 2, 0]
			},
			"bones": [
				{
					"name": "body",
					"pivot": [0, 0, 0]
				},
				{
					"name": "waist",
					"parent": "body",
					"pivot": [0, 18, 0],
					"cubes": [
						{"origin": [-3.5, 18, -2], "size": [7, 3, 3], "inflate": 0.5, "uv": [27, 0]}
					]
				},
				{
					"name": "waist2",
					"parent": "waist",
					"pivot": [0, 20, 0],
					"cubes": [
						{"origin": [-5, 21, -3], "size": [10, 12, 5], "uv": [0, 18]}
					]
				},
				{
					"name": "head",
					"parent": "waist2",
					"pivot": [0, 32.5, -1],
					"cubes": [
						{"origin": [-4, 33.5, -4.5], "size": [8, 9, 8], "uv": [1, 1]},
						{"origin": [-3, 36.5, -5], "size": [6, 3, 1], "uv": [12, 41]},
						{"origin": [-1.5, 32.5, -2], "size": [3, 4, 3], "uv": [11, 0]}
					]
				},
				{
					"name": "eye",
					"parent": "head",
					"pivot": [0, 38, -4.5],
					"cubes": [
						{
							"origin": [-1.15, 36.625, -4.575],
							"size": [2.3, 2.8, 0],
							"uv": {
								"north": {"uv": [0, 0], "uv_size": [3, 3]},
								"east": {"uv": [0, 0], "uv_size": [0, 3]},
								"south": {"uv": [3, 0], "uv_size": [3, 3]},
								"west": {"uv": [3, 0], "uv_size": [0, 3]},
								"up": {"uv": [0, 0], "uv_size": [3, 0]},
								"down": {"uv": [3, 0], "uv_size": [3, 0]}
							}
						}
					]
				},
				{
					"name": "leftArm",
					"parent": "waist2",
					"pivot": [5, 30.5, 0],
					"cubes": [
						{"origin": [5, 23, -2], "size": [3, 9, 3], "uv": [30, 18]}
					]
				},
				{
					"name": "leftArm2",
					"parent": "leftArm",
					"pivot": [6.25, 23.5, 0],
					"cubes": [
						{"origin": [5, 14, -2], "size": [3, 9, 3], "uv": [30, 18]}
					]
				},
				{
					"name": "leftArm3",
					"parent": "leftArm2",
					"pivot": [6.25, 14.25, -0.5],
					"cubes": [
						{"origin": [5.5, 11.5, -2.5], "size": [3, 3, 4], "pivot": [6.5, 12.5, -0.5], "rotation": [0, 0, -32.5], "uv": [40, 12]}
					]
				},
				{
					"name": "rightArm",
					"parent": "waist2",
					"pivot": [-5, 30.5, 0],
					"cubes": [
						{"origin": [-8, 23, -2], "size": [3, 9, 3], "uv": [30, 18], "mirror": true}
					]
				},
				{
					"name": "rightArm2",
					"parent": "rightArm",
					"pivot": [-6.25, 23.5, 0],
					"cubes": [
						{"origin": [-8, 14, -2], "size": [3, 9, 3], "uv": [30, 18], "mirror": true}
					]
				},
				{
					"name": "rightArm3",
					"parent": "rightArm2",
					"pivot": [-6.25, 14.25, -0.5],
					"cubes": [
						{"origin": [-8.5, 11.5, -2.5], "size": [3, 3, 4], "pivot": [-6.5, 12.5, -0.5], "rotation": [0, 0, 32.5], "uv": [40, 12], "mirror": true}
					]
				},
				{
					"name": "leftLeg",
					"parent": "body",
					"pivot": [2, 18, -0.5],
					"mirror": true,
					"cubes": [
						{"origin": [0.5, 10, -2], "size": [3, 8, 3], "uv": [0, 35], "mirror": false}
					]
				},
				{
					"name": "leftLeg2",
					"parent": "leftLeg",
					"pivot": [2, 11, -0.5],
					"mirror": true,
					"cubes": [
						{"origin": [0.5, 2, -2], "size": [3, 8, 3], "uv": [0, 35], "mirror": false}
					]
				},
				{
					"name": "leftLeg3",
					"parent": "leftLeg2",
					"pivot": [2.5, 3, -1.25],
					"mirror": true,
					"cubes": [
						{"origin": [0, 0, -3.75], "size": [3, 2, 5], "pivot": [2, 1, -1.25], "rotation": [0, 12.5, 0], "uv": [0, 46], "mirror": false},
						{"origin": [2, 0, -3.75], "size": [2, 2, 5], "pivot": [2, 1, -1.25], "rotation": [0, -5, 0], "uv": [0, 46], "mirror": false}
					]
				},
				{
					"name": "rightLeg",
					"parent": "body",
					"pivot": [-2, 18, -0.5],
					"mirror": true,
					"cubes": [
						{"origin": [-3.5, 10, -2], "size": [3, 8, 3], "uv": [0, 35]}
					]
				},
				{
					"name": "rightLeg2",
					"parent": "rightLeg",
					"pivot": [-2, 11, -0.5],
					"mirror": true,
					"cubes": [
						{"origin": [-3.5, 2, -2], "size": [3, 8, 3], "uv": [0, 35]}
					]
				},
				{
					"name": "rightLeg3",
					"parent": "rightLeg2",
					"pivot": [-2.5, 3, -1.25],
					"mirror": true,
					"cubes": [
						{"origin": [-3, 0, -3.75], "size": [3, 2, 5], "pivot": [-2, 1, -1.25], "rotation": [0, -12.5, 0], "uv": [0, 46]},
						{"origin": [-4, 0, -3.75], "size": [2, 2, 5], "pivot": [-2, 1, -1.25], "rotation": [0, 5, 0], "uv": [0, 46]}
					]
				}
			]
		}
	]
}