{
	"file_path": "C:\\Users\\erik\\AppData\\Local\\Packages\\Microsoft.MinecraftUWP_8wekyb3d8bbwe\\LocalState\\games\\com.mojang\\development_resource_packs\\Door_PlusMALISIS_DOORS_RP\\entity\\Big_Jail_Door.json",
	"file_type": "client_entity",
	"format_version": 1,
	"file_uuid": "7cb9ce47_874e_4670_9650_24d4abb7fba5",
	"file_version": 34,
	"cache_content": {
		"children": [
			{
				"data": "1.10.0",
				"key": "format_version"
			},
			{
				"open": {
					"format_version": "1.10.0",
					"minecraft:client_entity": {
						"description": {
							"min_engine_version": "1.10.0",
							"materials": {
								"default": "skeleton"
							},
							"textures": {
								"default": "textures/entity/jail_door_3x3"
							},
							"geometry": {
								"default": "geometry.jail3x3"
							},
							"render_controllers": [
								"controller.render.armor_stand"
							],
							"spawn_egg": {
								"texture": "jail"
							},
							"animations": {
								"open": "animation.jail.open"
							},
							"scripts": {
								"animate": [
									{
										"open": "query.is_transforming"
									}
								]
							},
							"identifier": "md:big_jail_door"
						}
					}
				},
				"key": "minecraft:client_entity",
				"children": [
					{
						"open": {
							"description": {
								"min_engine_version": "1.10.0",
								"materials": {
									"default": "skeleton"
								},
								"textures": {
									"default": "textures/entity/jail_door_3x3"
								},
								"geometry": {
									"default": "geometry.jail3x3"
								},
								"render_controllers": [
									"controller.render.armor_stand"
								],
								"spawn_egg": {
									"texture": "jail"
								},
								"animations": {
									"open": "animation.jail.open"
								},
								"scripts": {
									"animate": [
										{
											"open": "query.is_transforming"
										}
									]
								},
								"identifier": "md:big_jail_door"
							}
						},
						"key": "description",
						"children": [
							{
								"data": "1.10.0",
								"key": "min_engine_version"
							},
							{
								"key": "materials",
								"is_minified": true,
								"children": {
									"default": "skeleton"
								}
							},
							{
								"key": "textures",
								"is_minified": true,
								"children": {
									"default": "textures/entity/jail_door_3x3"
								}
							},
							{
								"open": {
									"min_engine_version": "1.10.0",
									"materials": {
										"default": "skeleton"
									},
									"textures": {
										"default": "textures/entity/jail_door_3x3"
									},
									"geometry": {
										"default": "geometry.jail3x3"
									},
									"render_controllers": [
										"controller.render.armor_stand"
									],
									"spawn_egg": {
										"texture": "jail"
									},
									"animations": {
										"open": "animation.jail.open"
									},
									"scripts": {
										"animate": [
											{
												"open": "query.is_transforming"
											}
										]
									},
									"identifier": "md:big_jail_door"
								},
								"key": "geometry",
								"is_minified": true,
								"children": {
									"default": "geometry.jail3x3"
								}
							},
							{
								"key": "render_controllers",
								"is_minified": true,
								"children": [
									"controller.render.armor_stand"
								]
							},
							{
								"key": "spawn_egg",
								"is_minified": true,
								"children": {
									"texture": "jail"
								}
							},
							{
								"open": {
									"min_engine_version": "1.10.0",
									"materials": {
										"default": "skeleton"
									},
									"textures": {
										"default": "textures/entity/jail_door_3x3"
									},
									"geometry": {
										"default": "geometry.jail3x3"
									},
									"render_controllers": [
										"controller.render.armor_stand"
									],
									"spawn_egg": {
										"texture": "jail"
									},
									"animations": {
										"open": "animation.jail.open"
									},
									"scripts": {
										"animate": [
											{
												"open": "query.is_transforming"
											}
										]
									},
									"identifier": "md:big_jail_door"
								},
								"key": "animations",
								"is_minified": true,
								"children": {
									"open": "animation.jail.open"
								}
							},
							{
								"key": "scripts",
								"is_minified": true,
								"children": {
									"animate": [
										{
											"open": "query.is_transforming"
										}
									]
								}
							},
							{
								"data": "md:big_jail_door",
								"key": "identifier"
							}
						]
					}
				]
			}
		]
	}
}