{
	"format_version": "1.8.0",
	"animations": {
		"animation.banbareena.move": {
			"loop": true,
			"animation_length": 2.66667,
			"bones": {
				"part1": {
					"position": {
						"0.0": [0, -7, 0],
						"0.625": [0, -1, 0],
						"1.2917": [0, -7, 0],
						"1.9167": [0, -1, 0],
						"2.5833": [0, -7, 0]
					}
				},
				"ad": {
					"rotation": {
						"0.0": [0, 0, 0],
						"0.1667": [0, 0, 7.5],
						"0.2917": [0, 0, -7.5],
						"0.4167": [0, 0, 0],
						"0.625": [0, 0, 0],
						"0.7917": [0, 0, 7.5],
						"0.9167": [0, 0, -7.5],
						"1.0417": [0, 0, 0],
						"1.25": [0, 0, 0],
						"1.4167": [0, 0, 7.5],
						"1.5417": [0, 0, -7.5],
						"1.6667": [0, 0, 0],
						"1.875": [0, 0, 0],
						"2.0417": [0, 0, 7.5],
						"2.1667": [0, 0, -7.5],
						"2.2917": [0, 0, 0]
					}
				},
				"black": {
					"position": {
						"0.4167": [0, 0, 0],
						"0.7083": [2, 0, 0],
						"1.0": [-2, 0, 0],
						"1.2917": [0, -2, 0],
						"1.5833": [0, 0, 0]
					}
				},
				"black2": {
					"position": {
						"0.4167": [0, 0, 0],
						"0.7083": [2, 0, 0],
						"1.0": [-2, 0, 0],
						"1.2917": [0, -2, 0],
						"1.5833": [0, 0, 0]
					}
				},
				"brao": {
					"rotation": {
						"0.0": [-0.83246, -0.08073, 0.17357],
						"0.7083": [12.04152, -3.46426, -11.86733],
						"1.2917": [-0.83246, -0.08073, 0.17357],
						"2.0": [14.54152, -3.46426, -11.86733],
						"2.5833": [-0.83246, -0.08073, 0.17357]
					},
					"position": {
						"0.0": [0, 0, 0],
						"0.7083": [0, 2, 0],
						"1.2917": [0, 0, 0],
						"2.0": [0, 2, 0],
						"2.5833": [0, 0, 0]
					}
				},
				"brao2": {
					"rotation": {
						"0.0": [0, 0, -2.5],
						"0.7083": [5.11975, -4.9938, 8.39755],
						"1.375": [0, 0, -2.5],
						"2.0": [5.11975, -4.9938, 8.39755],
						"2.6667": [0, 0, -2.5]
					},
					"position": {
						"0.0": [0, 0, 0],
						"0.7083": [0, 2, 0],
						"1.375": [0, 0, 0],
						"2.0": [0, 2, 0],
						"2.6667": [0, 0, 0]
					}
				},
				"bx3": {
					"rotation": {
						"0.0": [0, 0, -2.5],
						"0.7083": [-17.5, 0, -10],
						"1.375": [0, 0, -2.5],
						"2.0": [-17.5, 0, -10],
						"2.6667": [0, 0, -2.5]
					}
				},
				"bx": {
					"rotation": {
						"0.0": [0, 0, 0],
						"0.7083": [20, 0, 0],
						"1.2917": [0, 0, 0],
						"2.0": [17.5, 0, 0],
						"2.6667": [0, 0, 0]
					}
				},
				"hand3": {
					"rotation": {
						"0.0": [0, 0, 17.5],
						"0.75": [-7.5, 0, -10],
						"1.3333": [0, 0, 17.5],
						"2.125": [-7.5, 0, -10],
						"2.6667": [0, 0, 17.5]
					}
				}
			}
		},
		"animation.banbareena.walk": {
			"loop": true,
			"animation_length": 1.25,
			"bones": {
				"part1": {
					"rotation": {
						"0.0": [0, 0, -7.5],
						"0.625": [0, 0, 10],
						"1.25": [0, 0, -7.5]
					},
					"position": {
						"0.0": [0, -7, 0],
						"0.2917": [0, 0, 0],
						"0.625": [0, -9.74, 0],
						"0.9583": [0, -1.21, 0],
						"1.25": [0, -5, 0]
					}
				},
				"cm3": {
					"rotation": {
						"0.0": [-20.85167, 27.86775, 1.7093],
						"0.6667": [12.5, 0, 0],
						"1.25": [-20.85167, 27.86775, 1.7093]
					}
				},
				"cm4": {
					"rotation": {
						"0.0": [12.5, 0, 0],
						"0.625": [-15.80912, -12.04561, -8.2162],
						"1.25": [12.5, 0, 0]
					}
				},
				"perna": {
					"rotation": {
						"0.0": [22.5, 0, 0],
						"0.5833": [-35, 0, 0],
						"1.25": [22.5, 0, 0]
					}
				},
				"perna2": {
					"rotation": {
						"0.0": [-35, 0, 0],
						"0.5833": [25, 0, 0],
						"1.25": [-35, 0, 0]
					}
				},
				"bx2": {
					"rotation": {
						"0.0": [-77.5, 0, 0],
						"0.1667": [2.5, 0, 0],
						"0.5417": [2.31, 0, 0],
						"0.875": [-42.75, 0, 0],
						"1.25": [-77.5, 0, 0]
					}
				},
				"bx4": {
					"rotation": {
						"0.0": [-10, 0, 0],
						"0.1667": [-36.73, 0, 0],
						"0.5833": [-82.5, 0, 0],
						"0.75": [0, 0, 0],
						"1.0833": [0, 0, 0],
						"1.25": [-10, 0, 0]
					}
				}
			}
		},
		"animation.banbareena.move_to_target": {
			"loop": true,
			"animation_length": 1.25,
			"bones": {
				"part1": {
					"rotation": {
						"0.0": [0, 0, -7.5],
						"0.625": [0, 0, 10],
						"1.25": [0, 0, -7.5]
					},
					"position": {
						"0.0": [0, -7, 0],
						"0.2917": [0, 0, 0],
						"0.625": [0, -9.74, 0],
						"0.9583": [0, -1.21, 0],
						"1.25": [0, -5, 0]
					}
				},
				"cm3": {
					"rotation": {
						"0.0": [-27.04688, 28.41746, 4.47517],
						"0.6667": [12.5, 0, 0],
						"1.25": [-27.04688, 28.41746, 4.47517]
					}
				},
				"cm4": {
					"rotation": {
						"0.0": [12.5, 0, 0],
						"0.625": [-23.43402, -19.53267, -7.75815],
						"1.25": [12.5, 0, 0]
					}
				},
				"perna": {
					"rotation": {
						"0.0": [22.5, 0, 0],
						"0.5833": [-35, 0, 0],
						"1.25": [22.5, 0, 0]
					}
				},
				"perna2": {
					"rotation": {
						"0.0": [-35, 0, 0],
						"0.5833": [25, 0, 0],
						"1.25": [-35, 0, 0]
					}
				},
				"bx2": {
					"rotation": {
						"0.0": [-77.5, 0, 0],
						"0.1667": [2.5, 0, 0],
						"0.5417": [2.31, 0, 0],
						"0.875": [-42.75, 0, 0],
						"1.25": [-77.5, 0, 0]
					}
				},
				"bx4": {
					"rotation": {
						"0.0": [-10, 0, 0],
						"0.1667": [-36.73, 0, 0],
						"0.5833": [-82.5, 0, 0],
						"0.75": [0, 0, 0],
						"1.0833": [0, 0, 0],
						"1.25": [-10, 0, 0]
					}
				}
			}
		}
	}
}