{
	"format_version": "1.8.0",
	"animations": {
		"animation.banban.walk": {
			"loop": true,
			"animation_length": 1.29167,
			"bones": {
				"part1": {
					"rotation": {
						"0.0": [0, 0, -5],
						"0.5833": [0, 0, 7.5],
						"1.2917": [0, 0, -5]
					},
					"position": {
						"0.0": [0, -6, 0],
						"0.2917": [0, 0, 0],
						"0.5833": [0, -6, 0],
						"0.9583": [0, 0, 0],
						"1.2917": [0, -6, 0]
					}
				},
				"ad": {
					"rotation": {
						"0.0": [0, 0, 7.5],
						"0.5833": [0, 0, -7.5],
						"1.2917": [0, 0, 7.5]
					}
				},
				"bx4": {
					"rotation": {
						"0.0": [-12.41889, 4.99295, 0.27758],
						"0.625": [0, 0, 0],
						"1.2917": [-12.41889, 4.99295, 0.27758]
					}
				},
				"bx3": {
					"rotation": {
						"0.0": [-6.72019, -9.5022, -3.21536],
						"0.5833": [0, 0, 0],
						"1.2917": [-6.72019, -9.5022, -3.21536]
					}
				},
				"perna": {
					"rotation": {
						"0.0": [-32.5, 0, 0],
						"0.625": [40, 0, 0],
						"1.2917": [-32.5, 0, 0]
					}
				},
				"bx": {
					"rotation": {
						"0.0": [-65, 0, 0],
						"0.1667": [20, 0, 0],
						"0.625": [27.5, 0, 0],
						"0.8333": [-22.5, 0, 0],
						"1.2917": [-65, 0, 0]
					}
				},
				"perna2": {
					"rotation": {
						"0.0": [40, 0, 0],
						"0.625": [-35, 0, 0],
						"1.2917": [40, 0, 0]
					}
				},
				"bx2": {
					"rotation": {
						"0.0": [0, 0, 0],
						"0.5833": [-72.5, 0, 0],
						"0.7917": [21.09, 0, 0],
						"1.125": [19.53, 0, 0],
						"1.2917": [0, 0, 0]
					}
				}
			}
		},
		"animation.banban.move_to_target": {
			"loop": true,
			"animation_length": 1.29167,
			"bones": {
				"part1": {
					"rotation": {
						"0.0": [0, 0, -5],
						"0.5833": [0, 0, 7.5],
						"1.2917": [0, 0, -5]
					},
					"position": {
						"0.0": [0, -6, 0],
						"0.2917": [0, 0, 0],
						"0.5833": [0, -6, 0],
						"0.9583": [0, 0, 0],
						"1.2917": [0, -6, 0]
					}
				},
				"ad": {
					"rotation": {
						"0.0": [0, 0, 7.5],
						"0.5833": [0, 0, -7.5],
						"1.2917": [0, 0, 7.5]
					}
				},
				"bx4": {
					"rotation": {
						"0.0": [-12.41889, 4.99295, 0.27758],
						"0.625": [0, 0, 0],
						"1.2917": [-12.41889, 4.99295, 0.27758]
					}
				},
				"bx3": {
					"rotation": {
						"0.0": [-6.72019, -9.5022, -3.21536],
						"0.5833": [0, 0, 0],
						"1.2917": [-6.72019, -9.5022, -3.21536]
					}
				},
				"perna": {
					"rotation": {
						"0.0": [-32.5, 0, 0],
						"0.625": [40, 0, 0],
						"1.2917": [-32.5, 0, 0]
					}
				},
				"bx": {
					"rotation": {
						"0.0": [-65, 0, 0],
						"0.1667": [20, 0, 0],
						"0.625": [27.5, 0, 0],
						"0.8333": [-22.5, 0, 0],
						"1.2917": [-65, 0, 0]
					}
				},
				"perna2": {
					"rotation": {
						"0.0": [40, 0, 0],
						"0.625": [-35, 0, 0],
						"1.2917": [40, 0, 0]
					}
				},
				"bx2": {
					"rotation": {
						"0.0": [0, 0, 0],
						"0.5833": [-72.5, 0, 0],
						"0.7917": [21.09, 0, 0],
						"1.125": [19.53, 0, 0],
						"1.2917": [0, 0, 0]
					}
				},
				"black": {
					"position": {
						"0.0": [0, 0, 0],
						"0.2917": [-2, 0, 0],
						"0.625": [0, 3, 0],
						"0.875": [0, 0, 0]
					}
				},
				"black2": {
					"position": {
						"0.0": [0, 0, 0],
						"0.2917": [-2, 0, 0],
						"0.625": [0, 3, 0],
						"0.875": [0, 0, 0]
					}
				},
				"brao": {
					"rotation": {
						"0.0": [0, 0, 0],
						"0.625": [10, 0, -10],
						"1.2917": [0, 0, 0]
					}
				},
				"brao2": {
					"rotation": {
						"0.0": [0, 0, 0],
						"0.5833": [0.07906, -9.98957, 7.96405],
						"1.2917": [0, 0, 0]
					}
				}
			}
		},
		"animation.banban.move": {
			"loop": true,
			"animation_length": 2.66667,
			"bones": {
				"part1": {
					"position": {
						"0.0": [0, -7, 0],
						"0.625": [0, -1, 0],
						"1.2917": [0, -7, 0],
						"1.9167": [0, -1, 0],
						"2.5833": [0, -7, 0]
					}
				},
				"ad": {
					"rotation": {
						"0.0": [0, 0, 0],
						"0.1667": [0, 0, 7.5],
						"0.2917": [0, 0, -7.5],
						"0.4167": [0, 0, 0],
						"0.625": [0, 0, 0],
						"0.7917": [0, 0, 7.5],
						"0.9167": [0, 0, -7.5],
						"1.0417": [0, 0, 0],
						"1.25": [0, 0, 0],
						"1.4167": [0, 0, 7.5],
						"1.5417": [0, 0, -7.5],
						"1.6667": [0, 0, 0],
						"1.875": [0, 0, 0],
						"2.0417": [0, 0, 7.5],
						"2.1667": [0, 0, -7.5],
						"2.2917": [0, 0, 0]
					}
				},
				"black": {
					"position": {
						"0.4167": [0, 0, 0],
						"0.7083": [2, 0, 0],
						"1.0": [-2, 0, 0],
						"1.2917": [0, -2, 0],
						"1.5833": [0, 0, 0]
					}
				},
				"black2": {
					"position": {
						"0.4167": [0, 0, 0],
						"0.7083": [2, 0, 0],
						"1.0": [-2, 0, 0],
						"1.2917": [0, -2, 0],
						"1.5833": [0, 0, 0]
					}
				},
				"brao": {
					"rotation": {
						"0.0": [-0.83246, -0.08073, 0.17357],
						"0.7083": [12.04152, -3.46426, -11.86733],
						"1.2917": [-0.83246, -0.08073, 0.17357],
						"2.0": [14.54152, -3.46426, -11.86733],
						"2.5833": [-0.83246, -0.08073, 0.17357]
					},
					"position": {
						"0.0": [0, 0, 0],
						"0.7083": [0, 2, 0],
						"1.2917": [0, 0, 0],
						"2.0": [0, 2, 0],
						"2.5833": [0, 0, 0]
					}
				},
				"brao2": {
					"rotation": {
						"0.0": [0, 0, -2.5],
						"0.7083": [5.11975, -4.9938, 8.39755],
						"1.375": [0, 0, -2.5],
						"2.0": [5.11975, -4.9938, 8.39755],
						"2.6667": [0, 0, -2.5]
					},
					"position": {
						"0.0": [0, 0, 0],
						"0.7083": [0, 2, 0],
						"1.375": [0, 0, 0],
						"2.0": [0, 2, 0],
						"2.6667": [0, 0, 0]
					}
				},
				"bx3": {
					"rotation": {
						"0.0": [0, 0, -2.5],
						"0.7083": [-17.5, 0, -10],
						"1.375": [0, 0, -2.5],
						"2.0": [-17.5, 0, -10],
						"2.6667": [0, 0, -2.5]
					}
				},
				"part2": {
					"position": {
						"0.0": [0, 5, 0],
						"0.7083": [0, 4, 0],
						"1.2917": [0, 5, 0],
						"2.0": [0, 1, 0],
						"2.6667": [0, 5, 0]
					}
				},
				"perna": {
					"rotation": {
						"0.0": [0, 0, 0],
						"0.7083": [15, 0, 0],
						"1.2917": [0, 0, 0],
						"2.0": [15, 0, 0],
						"2.6667": [0, 0, 0]
					}
				},
				"bx": {
					"rotation": {
						"0.0": [0, 0, 0],
						"0.7083": [20, 0, 0],
						"1.2917": [0, 0, 0],
						"2.0": [17.5, 0, 0],
						"2.6667": [0, 0, 0]
					}
				},
				"perna2": {
					"rotation": {
						"0.0": [0, 0, 0],
						"0.7083": [12.5, 0, 0],
						"1.2917": [0, 0, 0],
						"2.0": [12.5, 0, 0],
						"2.6667": [0, 0, 0]
					}
				},
				"bx2": {
					"rotation": {
						"0.0": [0, 0, 0],
						"0.7083": [15, 0, 0],
						"1.2917": [0, 0, 0],
						"2.0": [15, 0, 0],
						"2.6667": [0, 0, 0]
					}
				},
				"bx4": {
					"rotation": {
						"0.0": [0, 0, 2.5],
						"0.75": [-19.31607, 0.39715, 14.246],
						"1.3333": [0, 0, 2.5],
						"2.0833": [-16.81607, 0.39715, 14.246],
						"2.6667": [0, 0, 2.5]
					}
				},
				"hand3": {
					"rotation": {
						"0.0": [0, 0, 17.5],
						"0.75": [-7.5, 0, -10],
						"1.3333": [0, 0, 17.5],
						"2.125": [-7.5, 0, -10],
						"2.6667": [0, 0, 17.5]
					}
				}
			}
		}
	}
}