{
	"format_version": "1.16.0",
	"minecraft:entity": {
		"description": {
			"identifier": "lk:jumbo_josh",
			"is_spawnable": true,
			"is_summonable": true,
			"is_experimental": false
		},
		"component_groups": {},
		"components": {
			"minecraft:health": {
				"value": 500,
				"max": 500
			},
			"minecraft:physics": {
				"has_collision": true,
				"has_gravity": true
			},
			"minecraft:jump.static": {},
			"minecraft:behavior.random_stroll": {},
			"minecraft:movement.basic": {},
			"minecraft:navigation.walk": {
				"avoid_damage_blocks": true
			},
			"minecraft:movement": {
				"value": 0.25
			}
		},
		"events": {}
	}
}