{
	"format_version": "1.16.0",
	"minecraft:entity": {
		"description": {
			"identifier": "lk:opila_bird",
			"is_spawnable": true,
			"is_summonable": true,
			"is_experimental": false
		},
		"component_groups": {},
		"components": {
			"minecraft:health": {
				"value": 500,
				"max": 500
			},
			"minecraft:physics": {
				"has_collision": true,
				"has_gravity": true
			},
			"minecraft:jump.static": {},
			"minecraft:behavior.random_stroll": {},
			"minecraft:movement.basic": {},
			"minecraft:navigation.walk": {
				"avoid_damage_blocks": true
			},
			"minecraft:movement": {
				"value": 0.25
			},
			"minecraft:attack_damage": {
				"value": 100
			},
			"minecraft:attack": {
				"damage": {
					"range_max": 100
				}
			},
			"minecraft:scale": {
				"value": 1.4
			},
			"minecraft:behavior.look_at_player": {},
			"minecraft:on_hurt_by_player": {
				"target": "damager"
			},
			"minecraft:behavior.melee_attack": {
				"look_distance": 50,
				"priority": 9,
				"on_attack": {
					"target": "player"
				}
			},
			"minecraft:behavior.charge_attack": {
				"priority": 10
			},
			"minecraft:behavior.follow_mob": {
				"priority": 9
			}
		},
		"events": {}
	}
}