{
  "mob.bedrock_truck_toyota_dyna.say": {
    "category": " neutral",
    "sounds": [
      "sounds/mob/bedrock_truck_toyota_dyna/say"
    ]
  },
  "mob.bedrock_truck_toyota_dyna.hit": {
    "category": " neutral",
    "sounds": [
      "sounds/mob/bedrock_truck_toyota_dyna/hit"
    ]
  },
  "mob.bedrock_truck_toyota_dyna.walk": {
    "category": " neutral",
    "sounds": [
      "sounds/mob/bedrock_truck_toyota_dyna/walk"
    ]
  },
  "mob.bedrock_truck_toyota_dyna.death": {
    "category": " neutral",
    "sounds": [
      "sounds/mob/bedrock_truck_toyota_dyna/death"
    ]
  }
}