{
  "format_version": "1.8.0",
  "minecraft:entity": {
    "description": {
      "identifier": "skill:drillingmoonslash",
      "is_spawnable": false,
      "is_summonable": true,
      "is_experimental": false,
	  "runtime_identifier": "minecraft:snowball"
    },
    "components": {
      "minecraft:type_family": {
        "family": [ "skills", "attack"]
      },
      "minecraft:collision_box": {
        "width": 0,
        "height": 0
      },
      "minecraft:explode": {
        "fuseLength": 2,
        "fuseLit": true,
        "power": 1,
        "breaks_blocks": true
      },
	  "minecraft:scale": {
	    "value": 3
	  },
      "minecraft:projectile": {
        "on_hit": {
          "impact_damage": {
            "damage": 20,
            "knockback": true,
            "semirandomdiffdamage": false,
            "destroy_on_hit": true
          },
          "definition_event": {
            "affectProjectile": true,
            "eventTrigger": {
			  "event": "minecraft:event_lightning",
			  "target": "self"
			}
          }
        },
        "power": 2,
        "gravity": 0,
        "angle_offset": 0.0,
        "inertia": 1,
        "liquid_inertia": 1,
	    "catch_fire": false
      },
      "minecraft:physics": {}
    },
	
	"events": {
	  "minecraft:event_lightning": {
	    "add": { "component_groups": [ "minecraft:lightning" ] }
	  }
	}
  }
}