{
	"format_version": "1.12.0",
	"minecraft:geometry": [
		{
			"description": {
				"identifier": "geometry.akeloy",
				"texture_width": 1024,
				"texture_height": 1024,
				"visible_bounds_width": 17,
				"visible_bounds_height": 7,
				"visible_bounds_offset": [0, 2.5, 0]
			},
			"bones": [
				{
					"name": "bb_main",
					"pivot": [0, 0, 0],
					"cubes": [
						{"origin": [-13, 17, -6], "size": [30, 1, 15], "uv": [0, 233]},
						{"origin": [-13, 11, -13], "size": [30, 1, 8], "uv": [0, 90]},
						{"origin": [-13, 10, 110], "size": [30, 6, 1], "uv": [176, 198]},
						{"origin": [-4, 11, 4], "size": [12, 5, 106], "uv": [334, 108]},
						{"origin": [-16, 18, 17], "size": [36, 2, 104], "uv": [0, 106]},
						{"origin": [-12, 63, 17], "size": [28, 2, 104], "uv": [176, 108]},
						{"origin": [-10, 65, 17], "size": [24, 2, 104], "uv": [0, 212]},
						{"origin": [-7, 67, 17], "size": [19, 2, 104], "uv": [0, 318]},
						{"origin": [-5, 69, 17], "size": [15, 2, 104], "uv": [344, 0]},
						{"origin": [-3, 71, 17], "size": [11, 2, 104], "uv": [364, 219]},
						{"origin": [-1, 73, 17], "size": [7, 2, 104], "uv": [364, 325]},
						{"origin": [1, 75, 17], "size": [3, 2, 104], "uv": [0, 424]},
						{"origin": [-16, 59, 17], "size": [36, 2, 104], "uv": [0, 0]},
						{"origin": [20, 51, 16], "size": [1, 8, 105], "uv": [248, 396]},
						{"origin": [-17, 51, 16], "size": [1, 8, 105], "uv": [141, 357]},
						{"origin": [-16, 51, 16], "size": [36, 8, 1], "uv": [176, 90]},
						{"origin": [-14, 61, 17], "size": [32, 2, 104], "uv": [176, 2]},
						{"origin": [-15, 20, 120], "size": [34, 22, 1], "uv": [0, 249]},
						{"origin": [-15, 43, 120], "size": [34, 16, 1], "uv": [258, 214]},
						{"origin": [-15, 20, 17], "size": [34, 39, 1], "uv": [152, 232]},
						{"origin": [19, 20, 17], "size": [1, 39, 104], "uv": [258, 253]},
						{"origin": [-16, 20, 17], "size": [1, 39, 104], "uv": [152, 214]},
						{"origin": [-13, 11, -14], "size": [1, 13, 1], "uv": [40, 14]},
						{"origin": [18, 26, -25], "size": [1, 1, 12], "uv": [16, 176]},
						{"origin": [-4, 26, -30], "size": [1, 1, 12], "pivot": [0, 0, 0], "rotation": [0, 35, 0], "uv": [17, 151]},
						{"origin": [-23, 26, -23], "size": [5, 9, 1], "uv": [0, 0]},
						{"origin": [16, 26, -26], "size": [5, 9, 1], "uv": [0, 0]},
						{"origin": [-12, 24, -14], "size": [28, 3, 1], "uv": [46, 30]},
						{"origin": [16, 11, -14], "size": [1, 13, 1], "uv": [40, 0]},
						{"origin": [14, 16, -16], "size": [2, 7, 1], "uv": [38, 56]},
						{"origin": [-12, 16, -16], "size": [2, 7, 1], "uv": [21, 45]},
						{"origin": [16, 17, -16], "size": [1, 6, 1], "uv": [98, 71]},
						{"origin": [-13, 17, -16], "size": [1, 6, 1], "uv": [98, 38]},
						{"origin": [11, 21, -16], "size": [3, 1, 1], "uv": [46, 55]},
						{"origin": [-10, 21, -16], "size": [3, 1, 1], "uv": [31, 50]},
						{"origin": [13, 22, -16], "size": [1, 1, 1], "uv": [87, 14]},
						{"origin": [-10, 22, -16], "size": [1, 1, 1], "uv": [76, 85]},
						{"origin": [10, 16, -16], "size": [4, 1, 1], "uv": [46, 25]},
						{"origin": [-10, 16, -16], "size": [4, 1, 1], "uv": [17, 12]},
						{"origin": [13, 17, -16], "size": [1, 2, 1], "uv": [90, 87]},
						{"origin": [-10, 17, -16], "size": [1, 2, 1], "uv": [90, 68]},
						{"origin": [16, 24, -14], "size": [1, 8, 1], "uv": [38, 73]},
						{"origin": [-13, 24, -14], "size": [1, 8, 1], "uv": [34, 73]},
						{"origin": [17, 24, -13], "size": [1, 8, 2], "uv": [46, 14]},
						{"origin": [-14, 24, -13], "size": [1, 8, 2], "uv": [6, 45]},
						{"origin": [16, 32, -13], "size": [1, 5, 1], "uv": [4, 106]},
						{"origin": [-13, 32, -13], "size": [1, 5, 1], "uv": [0, 106]},
						{"origin": [17, 32, -12], "size": [1, 5, 2], "uv": [6, 72]},
						{"origin": [-14, 32, -12], "size": [1, 5, 2], "uv": [0, 72]},
						{"origin": [16, 37, -12], "size": [1, 3, 2], "uv": [96, 85]},
						{"origin": [-13, 37, -12], "size": [1, 3, 2], "uv": [96, 24]},
						{"origin": [17, 37, -11], "size": [1, 3, 2], "uv": [94, 66]},
						{"origin": [-14, 37, -11], "size": [1, 3, 2], "uv": [93, 43]},
						{"origin": [17, 39, -9], "size": [1, 1, 2], "uv": [89, 24]},
						{"origin": [-14, 39, -9], "size": [1, 1, 2], "uv": [34, 86]},
						{"origin": [17, 24, -9], "size": [1, 1, 4], "uv": [46, 68]},
						{"origin": [-14, 24, -9], "size": [1, 1, 4], "uv": [67, 65]},
						{"origin": [17, 26, -1], "size": [1, 1, 4], "uv": [0, 67]},
						{"origin": [17, 16, -5], "size": [1, 1, 8], "uv": [26, 120]},
						{"origin": [-14, 16, -5], "size": [1, 1, 8], "uv": [21, 106]},
						{"origin": [17, 10, -5], "size": [1, 6, 1], "uv": [40, 49]},
						{"origin": [-14, 10, -5], "size": [1, 6, 1], "uv": [40, 28]},
						{"origin": [-15, 2, -5], "size": [1, 10, 2], "uv": [0, 45]},
						{"origin": [18, 2, -5], "size": [1, 10, 2], "uv": [23, 0]},
						{"origin": [-15, 15, 1], "size": [1, 2, 8], "uv": [83, 14]},
						{"origin": [18, 15, 1], "size": [1, 2, 8], "uv": [21, 45]},
						{"origin": [-15, 15, -3], "size": [1, 1, 4], "uv": [46, 63]},
						{"origin": [18, 15, -3], "size": [1, 1, 4], "uv": [46, 50]},
						{"origin": [-15, 14, -2], "size": [1, 1, 4], "uv": [48, 20]},
						{"origin": [18, 14, -2], "size": [1, 1, 4], "uv": [46, 45]},
						{"origin": [-15, 10, -3], "size": [1, 2, 1], "uv": [40, 86]},
						{"origin": [18, 10, -3], "size": [1, 2, 1], "uv": [83, 65]},
						{"origin": [-15, 13, -2], "size": [1, 1, 1], "uv": [50, 73]},
						{"origin": [18, 13, -2], "size": [1, 1, 1], "uv": [4, 72]},
						{"origin": [-15, 14, 9], "size": [1, 3, 2], "uv": [93, 34]},
						{"origin": [18, 14, 9], "size": [1, 3, 2], "uv": [93, 14]},
						{"origin": [-15, 12, 11], "size": [1, 3, 2], "uv": [68, 90]},
						{"origin": [18, 12, 11], "size": [1, 3, 2], "uv": [90, 63]},
						{"origin": [-15, 1, 12], "size": [2, 11, 1], "uv": [17, 0]},
						{"origin": [-16, 1, 62], "size": [12, 11, 2], "uv": [70, 196]},
						{"origin": [-16, 1, 83], "size": [12, 11, 2], "uv": [176, 175]},
						{"origin": [9, 1, 83], "size": [12, 11, 2], "uv": [0, 175]},
						{"origin": [9, 1, 62], "size": [12, 11, 2], "uv": [76, 90]},
						{"origin": [20, 11, 18], "size": [1, 1, 44], "uv": [176, 153]},
						{"origin": [20, 8, 18], "size": [1, 1, 44], "uv": [0, 45]},
						{"origin": [20, 5, 18], "size": [1, 1, 44], "uv": [0, 0]},
						{"origin": [-16, 11, 18], "size": [1, 1, 44], "uv": [176, 108]},
						{"origin": [20, 2, 18], "size": [1, 1, 44], "uv": [176, 45]},
						{"origin": [-16, 2, 18], "size": [1, 1, 44], "uv": [176, 0]},
						{"origin": [-16, 5, 18], "size": [1, 1, 44], "uv": [0, 151]},
						{"origin": [-16, 8, 18], "size": [1, 1, 44], "uv": [0, 106]},
						{"origin": [19, 2, 15], "size": [1, 1, 3], "uv": [34, 82]},
						{"origin": [19, 5, 15], "size": [1, 1, 3], "uv": [36, 40]},
						{"origin": [19, 8, 15], "size": [1, 1, 3], "uv": [28, 40]},
						{"origin": [-15, 2, 15], "size": [1, 1, 3], "uv": [78, 66]},
						{"origin": [19, 11, 15], "size": [1, 1, 3], "uv": [73, 65]},
						{"origin": [-15, 11, 15], "size": [1, 1, 3], "uv": [22, 73]},
						{"origin": [-15, 8, 15], "size": [1, 1, 3], "uv": [72, 71]},
						{"origin": [-15, 5, 15], "size": [1, 1, 3], "uv": [67, 70]},
						{"origin": [18, 11, 13], "size": [1, 1, 2], "uv": [83, 24]},
						{"origin": [18, 2, 13], "size": [1, 1, 2], "uv": [83, 19]},
						{"origin": [18, 5, 13], "size": [1, 1, 2], "uv": [33, 40]},
						{"origin": [18, 8, 13], "size": [1, 1, 2], "uv": [25, 12]},
						{"origin": [-14, 5, 13], "size": [1, 1, 2], "uv": [21, 77]},
						{"origin": [-14, 8, 13], "size": [1, 1, 2], "uv": [52, 50]},
						{"origin": [-14, 2, 13], "size": [1, 1, 2], "uv": [4, 55]},
						{"origin": [-14, 11, 13], "size": [1, 1, 2], "uv": [52, 73]},
						{"origin": [-16, 12, 63], "size": [12, 4, 3], "uv": [222, 7]},
						{"origin": [-16, 12, 81], "size": [12, 4, 3], "uv": [222, 0]},
						{"origin": [9, 12, 81], "size": [12, 4, 3], "uv": [176, 188]},
						{"origin": [9, 12, 63], "size": [12, 4, 3], "uv": [67, 106]},
						{"origin": [-16, 7, 64], "size": [1, 5, 1], "uv": [100, 63]},
						{"origin": [-16, 7, 82], "size": [1, 5, 1], "uv": [99, 45]},
						{"origin": [20, 7, 82], "size": [1, 5, 1], "uv": [99, 14]},
						{"origin": [20, 7, 64], "size": [1, 5, 1], "uv": [98, 78]},
						{"origin": [-16, 14, 79], "size": [1, 1, 2], "uv": [46, 73]},
						{"origin": [20, 14, 79], "size": [1, 1, 2], "uv": [52, 68]},
						{"origin": [20, 14, 66], "size": [1, 1, 2], "uv": [6, 67]},
						{"origin": [-16, 14, 66], "size": [1, 1, 2], "uv": [36, 64]},
						{"origin": [-16, 15, 65], "size": [12, 2, 2], "uv": [76, 184]},
						{"origin": [-16, 15, 80], "size": [12, 2, 2], "uv": [176, 99]},
						{"origin": [9, 15, 80], "size": [12, 2, 2], "uv": [28, 99]},
						{"origin": [9, 15, 65], "size": [12, 2, 2], "uv": [0, 99]},
						{"origin": [-16, 15, 67], "size": [12, 3, 13], "uv": [46, 45]},
						{"origin": [9, 15, 67], "size": [12, 3, 13], "uv": [46, 14]},
						{"origin": [18, 1, 12], "size": [1, 11, 1], "uv": [28, 24]},
						{"origin": [-15, 15, 11], "size": [1, 2, 1], "uv": [39, 82]},
						{"origin": [18, 15, 11], "size": [1, 2, 1], "uv": [46, 68]},
						{"origin": [-15, 12, -4], "size": [1, 3, 2], "uv": [0, 90]},
						{"origin": [18, 12, -4], "size": [1, 3, 2], "uv": [83, 45]},
						{"origin": [17, 13, -4], "size": [1, 3, 1], "uv": [46, 63]},
						{"origin": [-14, 13, -4], "size": [1, 3, 1], "uv": [46, 50]},
						{"origin": [17, 15, -3], "size": [1, 1, 2], "uv": [52, 63]},
						{"origin": [-14, 15, -3], "size": [1, 1, 2], "uv": [52, 55]},
						{"origin": [-14, 26, -1], "size": [1, 1, 4], "uv": [31, 45]},
						{"origin": [17, 26, 3], "size": [1, 2, 2], "uv": [52, 45]},
						{"origin": [-14, 26, 3], "size": [1, 2, 2], "uv": [37, 45]},
						{"origin": [-14, 26, 5], "size": [1, 3, 2], "uv": [83, 14]},
						{"origin": [17, 26, 5], "size": [1, 3, 2], "uv": [28, 75]},
						{"origin": [17, 29, 6], "size": [1, 1, 1], "uv": [40, 64]},
						{"origin": [-14, 29, 6], "size": [1, 1, 1], "uv": [34, 57]},
						{"origin": [17, 26, 7], "size": [1, 14, 3], "uv": [30, 129]},
						{"origin": [-14, 26, 7], "size": [1, 14, 3], "uv": [94, 110]},
						{"origin": [-14, 40, -10], "size": [32, 1, 20], "uv": [0, 212]},
						{"origin": [-13, 17, 9], "size": [30, 23, 1], "uv": [258, 231]},
						{"origin": [-11, 17, 4], "size": [11, 17, 3], "uv": [0, 24]},
						{"origin": [-11, 36, 4], "size": [11, 3, 3], "uv": [76, 137]},
						{"origin": [-14, 41, -8], "size": [31, 1, 17], "uv": [152, 214]},
						{"origin": [18, 19, 14], "size": [1, 35, 1], "uv": [36, 0]},
						{"origin": [-15, 19, 14], "size": [1, 35, 1], "uv": [32, 0]},
						{"origin": [-14, 54, 14], "size": [6, 1, 1], "uv": [0, 12]},
						{"origin": [12, 54, 14], "size": [6, 1, 1], "uv": [0, 10]},
						{"origin": [-9, 52, 12], "size": [21, 4, 5], "uv": [46, 34]},
						{"origin": [-13, 24, -13], "size": [1, 3, 1], "uv": [46, 45]},
						{"origin": [-14, 2, -16], "size": [32, 9, 3], "uv": [0, 196]},
						{"origin": [-7, 10, -17], "size": [18, 1, 1], "uv": [46, 87]},
						{"origin": [-13, 2, -17], "size": [1, 8, 1], "uv": [21, 67]},
						{"origin": [16, 2, -17], "size": [1, 8, 1], "uv": [54, 14]},
						{"origin": [-4, 4, -17], "size": [1, 3, 1], "uv": [46, 34]},
						{"origin": [7, 4, -17], "size": [1, 3, 1], "uv": [31, 45]},
						{"origin": [-12, 4, -17], "size": [8, 1, 1], "uv": [67, 63]},
						{"origin": [-5, 3, -17], "size": [14, 1, 1], "uv": [46, 85]},
						{"origin": [8, 4, -17], "size": [8, 1, 1], "uv": [21, 55]},
						{"origin": [-12, 2, -17], "size": [28, 1, 1], "uv": [46, 61]},
						{"origin": [-12, 9, -17], "size": [7, 1, 1], "uv": [28, 38]},
						{"origin": [-5, 8, -17], "size": [1, 2, 1], "uv": [67, 65]},
						{"origin": [8, 8, -17], "size": [1, 2, 1], "uv": [0, 67]},
						{"origin": [-5, 7, -17], "size": [2, 1, 1], "uv": [67, 74]},
						{"origin": [7, 7, -17], "size": [2, 1, 1], "uv": [27, 73]},
						{"origin": [-12, 5, -17], "size": [1, 1, 1], "uv": [8, 55]},
						{"origin": [-4, 4, -17], "size": [1, 1, 1], "uv": [4, 45]},
						{"origin": [6, 4, -17], "size": [1, 1, 1], "uv": [27, 0]},
						{"origin": [15, 5, -17], "size": [1, 1, 1], "uv": [50, 14]},
						{"origin": [17, 2, -13], "size": [1, 6, 8], "uv": [83, 43]},
						{"origin": [-14, 2, -13], "size": [1, 6, 8], "uv": [26, 59]},
						{"origin": [9, 9, -17], "size": [7, 1, 1], "uv": [28, 36]},
						{"origin": [-12, 11, -15], "size": [28, 13, 1], "uv": [46, 0]},
						{"origin": [17, 8, -13], "size": [1, 16, 8], "uv": [84, 143]},
						{"origin": [-14, 8, -13], "size": [1, 16, 8], "uv": [80, 63]},
						{"origin": [17, 17, -5], "size": [1, 9, 15], "uv": [0, 151]},
						{"origin": [14, 0, 0], "size": [4, 13, 9], "uv": [176, 153]},
						{"origin": [-14, 0, 0], "size": [4, 13, 9], "uv": [176, 22]},
						{"origin": [15, 0, 69], "size": [4, 13, 9], "uv": [176, 130]},
						{"origin": [10, 0, 69], "size": [4, 13, 9], "uv": [176, 108]},
						{"origin": [-10, 0, 69], "size": [4, 13, 9], "uv": [176, 67]},
						{"origin": [-15, 0, 69], "size": [4, 13, 9], "uv": [176, 45]},
						{"origin": [14, 2, -2], "size": [4, 9, 13], "uv": [67, 115]},
						{"origin": [15, 2, 67], "size": [4, 9, 13], "uv": [46, 106]},
						{"origin": [10, 2, 67], "size": [4, 9, 13], "uv": [0, 106]},
						{"origin": [-10, 2, 67], "size": [4, 9, 13], "uv": [0, 67]},
						{"origin": [-15, 2, 67], "size": [4, 9, 13], "uv": [46, 63]},
						{"origin": [-14, 2, -2], "size": [4, 9, 13], "uv": [0, 45]},
						{"origin": [14, 1, -1], "size": [4, 11, 11], "uv": [176, 0]},
						{"origin": [15, 1, 68], "size": [4, 11, 11], "uv": [46, 173]},
						{"origin": [-10, 1, 68], "size": [4, 11, 11], "uv": [65, 162]},
						{"origin": [-15, 1, 68], "size": [4, 11, 11], "uv": [46, 151]},
						{"origin": [10, 1, 68], "size": [4, 11, 11], "uv": [46, 128]},
						{"origin": [-14, 1, -1], "size": [4, 11, 11], "uv": [0, 128]},
						{"origin": [-14, 17, -5], "size": [1, 9, 15], "uv": [0, 0]}
					]
				}
			]
		}
	]
}