{
	"format_version": "1.12.0",
	"minecraft:geometry": [
		{
			"description": {
				"identifier": "geometry.angkot",
				"texture_width": 256,
				"texture_height": 256,
				"visible_bounds_width": 8,
				"visible_bounds_height": 4,
				"visible_bounds_offset": [0, 1, 0]
			},
			"bones": [
				{
					"name": "bb_main",
					"pivot": [0, 0, 0],
					"cubes": [
						{"origin": [10, 0, -15], "size": [4, 11, 9], "uv": [0, 167]},
						{"origin": [10, 0, 25], "size": [4, 11, 9], "uv": [159, 153]},
						{"origin": [-15, 0, -15], "size": [4, 11, 9], "uv": [155, 111]},
						{"origin": [-14, 0, 25], "size": [4, 11, 9], "uv": [77, 154]},
						{"origin": [-14, 1, 24], "size": [4, 9, 11], "uv": [43, 120]},
						{"origin": [-15, 1, -16], "size": [4, 9, 11], "uv": [0, 119]},
						{"origin": [10, 1, -16], "size": [4, 9, 11], "uv": [102, 69]},
						{"origin": [10, 1, 24], "size": [4, 9, 11], "uv": [68, 86]},
						{"origin": [-14, 4, -25], "size": [28, 5, 7], "uv": [124, 53]},
						{"origin": [-13, 4, -26], "size": [26, 5, 1], "uv": [139, 94]},
						{"origin": [-14, 9, -23], "size": [28, 12, 1], "uv": [86, 120]},
						{"origin": [13, 6, -4], "size": [1, 25, 2], "uv": [55, 0]},
						{"origin": [-14, 21, -4], "size": [1, 10, 2], "uv": [29, 0]},
						{"origin": [-12, 14, -7], "size": [10, 13, 3], "uv": [26, 172]},
						{"origin": [10, 14, 14], "size": [2, 9, 33], "uv": [118, 111]},
						{"origin": [5, 14, 14], "size": [5, 1, 33], "uv": [43, 120]},
						{"origin": [-10, 14, 14], "size": [5, 1, 33], "uv": [0, 119]},
						{"origin": [-12, 14, 14], "size": [2, 9, 33], "uv": [102, 69]},
						{"origin": [-13, 13, -17], "size": [26, 1, 13], "uv": [124, 0]},
						{"origin": [-13, 8, 10], "size": [26, 1, 12], "uv": [124, 14]},
						{"origin": [-13, 8, -3], "size": [23, 1, 13], "uv": [124, 27]},
						{"origin": [9, 6, -3], "size": [5, 1, 13], "uv": [11, 79]},
						{"origin": [-13, 7, -4], "size": [26, 6, 1], "uv": [86, 133]},
						{"origin": [-13, 9, -18], "size": [26, 4, 1], "uv": [0, 63]},
						{"origin": [-13, 8, 36], "size": [26, 1, 11], "uv": [124, 41]},
						{"origin": [-13, 10, 48], "size": [26, 11, 1], "uv": [139, 82]},
						{"origin": [9, 21, 48], "size": [2, 1, 1], "uv": [6, 9]},
						{"origin": [-11, 30, 48], "size": [22, 1, 1], "uv": [51, 106]},
						{"origin": [-11, 21, 48], "size": [2, 1, 1], "uv": [0, 9]},
						{"origin": [11, 21, 48], "size": [2, 10, 1], "uv": [43, 0]},
						{"origin": [-13, 21, 48], "size": [2, 10, 1], "uv": [6, 42]},
						{"origin": [13, 20, 47], "size": [1, 11, 1], "uv": [60, 56]},
						{"origin": [-14, 20, 47], "size": [1, 11, 1], "uv": [49, 0]},
						{"origin": [-14, 5, 48], "size": [28, 5, 2], "uv": [0, 56]},
						{"origin": [-9, 8, 23], "size": [18, 1, 13], "uv": [0, 42]},
						{"origin": [-13, 12, 23], "size": [4, 1, 13], "uv": [0, 153]},
						{"origin": [8, 12, 23], "size": [5, 1, 13], "uv": [0, 93]},
						{"origin": [8, 7, 23], "size": [1, 5, 13], "uv": [49, 154]},
						{"origin": [-9, 7, 23], "size": [1, 5, 13], "uv": [21, 154]},
						{"origin": [-13, 9, 36], "size": [5, 3, 1], "uv": [51, 73]},
						{"origin": [8, 9, 36], "size": [5, 3, 1], "uv": [51, 69]},
						{"origin": [-13, 9, 22], "size": [5, 3, 1], "uv": [24, 69]},
						{"origin": [8, 9, 22], "size": [5, 3, 1], "uv": [49, 50]},
						{"origin": [13, 21, -23], "size": [1, 5, 2], "uv": [34, 83]},
						{"origin": [-14, 21, -23], "size": [1, 5, 2], "uv": [62, 48]},
						{"origin": [13, 26, -22], "size": [1, 3, 2], "uv": [54, 63]},
						{"origin": [13, 29, -21], "size": [1, 2, 2], "uv": [66, 69]},
						{"origin": [-14, 26, -22], "size": [1, 3, 2], "uv": [21, 0]},
						{"origin": [-14, 29, -21], "size": [1, 2, 2], "uv": [42, 69]},
						{"origin": [-14, 31, -20], "size": [28, 1, 68], "uv": [0, 0]},
						{"origin": [-18, 20, -22], "size": [4, 3, 1], "uv": [74, 69]},
						{"origin": [14, 20, -22], "size": [4, 3, 1], "uv": [24, 73]},
						{"origin": [-14, 13, -22], "size": [1, 7, 6], "uv": [31, 101]},
						{"origin": [13, 13, -22], "size": [1, 7, 6], "uv": [23, 93]},
						{"origin": [13, 12, -17], "size": [1, 1, 1], "uv": [14, 2]},
						{"origin": [13, 12, -5], "size": [1, 1, 1], "uv": [14, 0]},
						{"origin": [-14, 9, -22], "size": [1, 4, 5], "uv": [14, 0]},
						{"origin": [13, 9, -22], "size": [1, 4, 5], "uv": [0, 0]},
						{"origin": [-14, 12, -17], "size": [1, 1, 1], "uv": [7, 2]},
						{"origin": [-14, 12, -5], "size": [1, 1, 1], "uv": [7, 0]},
						{"origin": [-14, 11, 23], "size": [1, 1, 1], "uv": [0, 2]},
						{"origin": [13, 11, 23], "size": [1, 1, 1], "uv": [0, 0]},
						{"origin": [13, 11, 35], "size": [1, 9, 1], "uv": [64, 24]},
						{"origin": [-14, 11, 35], "size": [1, 9, 1], "uv": [61, 15]},
						{"origin": [13, 6, 10], "size": [1, 15, 13], "uv": [51, 69]},
						{"origin": [13, 7, -14], "size": [0, 23, 12], "pivot": [13, 7, -2], "rotation": [0, 110, 0], "uv": [0, 57]},
						{"origin": [13, 21, 10], "size": [1, 9, 2], "uv": [0, 42]},
						{"origin": [-14, 21, 10], "size": [1, 9, 2], "uv": [35, 0]},
						{"origin": [-14, 6, -4], "size": [1, 15, 27], "uv": [0, 0]},
						{"origin": [-14, 6, 36], "size": [1, 14, 12], "uv": [29, 0]},
						{"origin": [13, 6, 36], "size": [1, 14, 12], "uv": [0, 0]},
						{"origin": [-14, 12, 23], "size": [1, 9, 12], "uv": [133, 153]},
						{"origin": [13, 12, 23], "size": [1, 9, 12], "uv": [107, 153]},
						{"origin": [13, 19, 34], "size": [1, 13, 2], "pivot": [14, 20, 36], "rotation": [10, 0, 0], "uv": [61, 0]},
						{"origin": [-14, 19, 34], "size": [1, 13, 2], "pivot": [14, 20, 36], "rotation": [10, 0, 0], "uv": [58, 27]},
						{"origin": [13, 30, -2], "size": [1, 1, 49], "uv": [51, 70]},
						{"origin": [-14, 30, -2], "size": [1, 1, 49], "uv": [0, 69]},
						{"origin": [-14, 13, -16], "size": [1, 7, 6], "uv": [80, 69]},
						{"origin": [13, 13, -16], "size": [1, 7, 6], "uv": [66, 69]},
						{"origin": [-14, 13, -10], "size": [1, 8, 6], "uv": [34, 69]},
						{"origin": [13, 13, -10], "size": [1, 8, 6], "uv": [50, 36]},
						{"origin": [-13, 9, -24], "size": [26, 12, 1], "uv": [139, 69]}
					]
				}
			]
		}
	]
}