{
	"format_version": "1.12.0",
	"minecraft:geometry": [
		{
			"description": {
				"identifier": "geometry.antigosip",
				"texture_width": 1024,
				"texture_height": 1024,
				"visible_bounds_width": 17,
				"visible_bounds_height": 7,
				"visible_bounds_offset": [0, 2.5, 0]
			},
			"bones": [
				{
					"name": "bb_main",
					"pivot": [0, 0, 0],
					"cubes": [
						{"origin": [-13, 17, -6], "size": [30, 1, 15], "uv": [0, 79]},
						{"origin": [-13, 11, -13], "size": [30, 1, 8], "uv": [176, 91]},
						{"origin": [-4, 11, 4], "size": [12, 5, 106], "uv": [334, 108]},
						{"origin": [-16, 18, 17], "size": [36, 2, 104], "uv": [0, 106]},
						{"origin": [-10, 65, 17], "size": [24, 2, 104], "uv": [0, 212]},
						{"origin": [-7, 67, 17], "size": [19, 2, 104], "uv": [0, 318]},
						{"origin": [-5, 69, 17], "size": [15, 2, 104], "uv": [344, 0]},
						{"origin": [-3, 71, 17], "size": [11, 2, 104], "uv": [364, 219]},
						{"origin": [-1, 73, 17], "size": [7, 2, 104], "uv": [364, 325]},
						{"origin": [1, 75, 17], "size": [3, 2, 104], "uv": [0, 424]},
						{"origin": [-16, 59, 17], "size": [36, 2, 104], "uv": [0, 0]},
						{"origin": [20, 51, 16], "size": [1, 8, 105], "uv": [248, 396]},
						{"origin": [-17, 51, 16], "size": [1, 8, 105], "uv": [141, 357]},
						{"origin": [-16, 51, 16], "size": [36, 8, 1], "uv": [176, 149]},
						{"origin": [-14, 61, 17], "size": [32, 2, 104], "uv": [176, 2]},
						{"origin": [-15, 20, 120], "size": [34, 22, 1], "uv": [176, 68]},
						{"origin": [-15, 20, 17], "size": [34, 39, 1], "uv": [0, 39]},
						{"origin": [-15, 43, 120], "size": [34, 16, 1], "uv": [176, 108]},
						{"origin": [19, 20, 17], "size": [1, 39, 104], "uv": [258, 253]},
						{"origin": [-16, 20, 17], "size": [1, 39, 104], "uv": [152, 214]},
						{"origin": [-13, 11, -14], "size": [1, 13, 1], "uv": [70, 63]},
						{"origin": [18, 26, -25], "size": [1, 1, 12], "uv": [21, 212]},
						{"origin": [-4, 26, -30], "size": [1, 1, 12], "pivot": [0, 0, 0], "rotation": [0, 35, 0], "uv": [77, 21]},
						{"origin": [-23, 26, -23], "size": [5, 9, 1], "uv": [75, 81]},
						{"origin": [16, 26, -26], "size": [5, 9, 1], "uv": [77, 21]},
						{"origin": [-12, 24, -14], "size": [28, 3, 1], "uv": [176, 100]},
						{"origin": [16, 11, -14], "size": [1, 13, 1], "uv": [14, 0]},
						{"origin": [14, 16, -16], "size": [2, 7, 1], "uv": [23, 152]},
						{"origin": [-12, 16, -16], "size": [2, 7, 1], "uv": [17, 151]},
						{"origin": [16, 17, -16], "size": [1, 6, 1], "uv": [10, 113]},
						{"origin": [-13, 17, -16], "size": [1, 6, 1], "uv": [64, 111]},
						{"origin": [11, 21, -16], "size": [3, 1, 1], "uv": [87, 52]},
						{"origin": [-10, 21, -16], "size": [3, 1, 1], "uv": [84, 18]},
						{"origin": [13, 22, -16], "size": [1, 1, 1], "uv": [73, 98]},
						{"origin": [-10, 22, -16], "size": [1, 1, 1], "uv": [69, 98]},
						{"origin": [10, 16, -16], "size": [4, 1, 1], "uv": [77, 31]},
						{"origin": [-10, 16, -16], "size": [4, 1, 1], "uv": [0, 18]},
						{"origin": [13, 17, -16], "size": [1, 2, 1], "uv": [29, 136]},
						{"origin": [-10, 17, -16], "size": [1, 2, 1], "uv": [58, 121]},
						{"origin": [16, 24, -14], "size": [1, 8, 1], "uv": [99, 21]},
						{"origin": [-13, 24, -14], "size": [1, 8, 1], "uv": [10, 79]},
						{"origin": [17, 24, -13], "size": [1, 8, 2], "uv": [76, 111]},
						{"origin": [-14, 24, -13], "size": [1, 8, 2], "uv": [70, 111]},
						{"origin": [16, 32, -13], "size": [1, 5, 1], "uv": [58, 153]},
						{"origin": [-13, 32, -13], "size": [1, 5, 1], "uv": [54, 153]},
						{"origin": [17, 32, -12], "size": [1, 5, 2], "uv": [62, 119]},
						{"origin": [-14, 32, -12], "size": [1, 5, 2], "uv": [0, 95]},
						{"origin": [16, 37, -12], "size": [1, 3, 2], "uv": [35, 153]},
						{"origin": [-13, 37, -12], "size": [1, 3, 2], "uv": [8, 149]},
						{"origin": [17, 37, -11], "size": [1, 3, 2], "uv": [98, 133]},
						{"origin": [-14, 37, -11], "size": [1, 3, 2], "uv": [96, 34]},
						{"origin": [17, 39, -9], "size": [1, 1, 2], "uv": [70, 153]},
						{"origin": [-14, 39, -9], "size": [1, 1, 2], "uv": [62, 153]},
						{"origin": [17, 24, -9], "size": [1, 1, 4], "uv": [0, 151]},
						{"origin": [-14, 24, -9], "size": [1, 1, 4], "uv": [23, 147]},
						{"origin": [17, 26, -1], "size": [1, 1, 4], "uv": [17, 146]},
						{"origin": [17, 16, -5], "size": [1, 1, 8], "uv": [169, 234]},
						{"origin": [-14, 16, -5], "size": [1, 1, 8], "uv": [171, 214]},
						{"origin": [17, 10, -5], "size": [1, 6, 1], "uv": [10, 106]},
						{"origin": [-14, 10, -5], "size": [1, 6, 1], "uv": [100, 11]},
						{"origin": [-15, 3, -5], "size": [1, 9, 2], "uv": [43, 111]},
						{"origin": [18, 3, -5], "size": [1, 9, 2], "uv": [98, 0]},
						{"origin": [-15, 15, 1], "size": [1, 2, 8], "uv": [236, 29]},
						{"origin": [18, 15, 1], "size": [1, 2, 8], "uv": [231, 57]},
						{"origin": [-15, 15, -3], "size": [1, 1, 4], "uv": [0, 146]},
						{"origin": [18, 15, -3], "size": [1, 1, 4], "uv": [94, 140]},
						{"origin": [-15, 14, -2], "size": [1, 1, 4], "uv": [52, 121]},
						{"origin": [18, 14, -2], "size": [1, 1, 4], "uv": [94, 14]},
						{"origin": [-15, 10, -3], "size": [1, 2, 1], "uv": [52, 121]},
						{"origin": [18, 10, -3], "size": [1, 2, 1], "uv": [99, 106]},
						{"origin": [-15, 13, -2], "size": [1, 1, 1], "uv": [96, 0]},
						{"origin": [18, 13, -2], "size": [1, 1, 1], "uv": [86, 90]},
						{"origin": [-15, 14, 9], "size": [1, 3, 2], "uv": [92, 0]},
						{"origin": [18, 14, 9], "size": [1, 3, 2], "uv": [84, 0]},
						{"origin": [-15, 12, 11], "size": [1, 3, 2], "uv": [83, 63]},
						{"origin": [18, 12, 11], "size": [1, 3, 2], "uv": [74, 63]},
						{"origin": [-15, 3, 12], "size": [2, 9, 1], "uv": [58, 111]},
						{"origin": [-16, 3, 62], "size": [12, 9, 2], "uv": [176, 22]},
						{"origin": [-16, 3, 83], "size": [12, 9, 2], "uv": [70, 175]},
						{"origin": [18, 4, 84], "size": [1, 11, 6], "uv": [242, 214]},
						{"origin": [-15, 4, 84], "size": [1, 11, 6], "uv": [0, 21]},
						{"origin": [18, 4, 105], "size": [1, 11, 4], "uv": [0, 106]},
						{"origin": [-15, 4, 105], "size": [1, 11, 4], "uv": [0, 79]},
						{"origin": [-14, 4, 109], "size": [32, 11, 2], "uv": [176, 158]},
						{"origin": [-12, 4, 111], "size": [28, 11, 1], "uv": [0, 187]},
						{"origin": [18, 4, 90], "size": [1, 6, 15], "uv": [35, 111]},
						{"origin": [-15, 4, 90], "size": [1, 6, 15], "uv": [0, 146]},
						{"origin": [8, 3, 83], "size": [12, 9, 2], "uv": [0, 167]},
						{"origin": [8, 3, 62], "size": [12, 9, 2], "uv": [70, 133]},
						{"origin": [18, 3, 18], "size": [1, 12, 6], "uv": [88, 34]},
						{"origin": [14, 3, -24], "size": [1, 12, 6], "pivot": [0, 0, 0], "rotation": [0, 180, 0], "uv": [84, 0]},
						{"origin": [18, 3, 57], "size": [1, 12, 6], "uv": [75, 63]},
						{"origin": [14, 3, -63], "size": [1, 12, 6], "pivot": [0, 0, 0], "rotation": [0, 180, 0], "uv": [0, 0]},
						{"origin": [18, 3, 24], "size": [1, 7, 33], "uv": [35, 113]},
						{"origin": [18, 14, 24], "size": [1, 1, 33], "uv": [176, 34]},
						{"origin": [-15, 14, 24], "size": [1, 1, 33], "uv": [176, 0]},
						{"origin": [-15, 11, 24], "size": [1, 1, 33], "uv": [35, 153]},
						{"origin": [-15, 11, 90], "size": [1, 1, 15], "uv": [237, 85]},
						{"origin": [-15, 14, 90], "size": [1, 1, 15], "uv": [234, 13]},
						{"origin": [18, 14, 90], "size": [1, 1, 15], "uv": [230, 41]},
						{"origin": [18, 11, 90], "size": [1, 1, 15], "uv": [211, 191]},
						{"origin": [18, 11, 24], "size": [1, 1, 33], "uv": [0, 146]},
						{"origin": [14, 3, -57], "size": [1, 7, 33], "pivot": [0, 0, 0], "rotation": [0, 180, 0], "uv": [0, 106]},
						{"origin": [16, 3, 12], "size": [1, 12, 3], "uv": [35, 111]},
						{"origin": [-13, 3, 12], "size": [1, 12, 3], "uv": [94, 108]},
						{"origin": [17, 3, 15], "size": [1, 12, 3], "uv": [25, 106]},
						{"origin": [-14, 3, 15], "size": [1, 12, 3], "uv": [17, 106]},
						{"origin": [-16, 12, 63], "size": [12, 4, 3], "uv": [0, 199]},
						{"origin": [-16, 12, 81], "size": [12, 4, 3], "uv": [176, 56]},
						{"origin": [8, 12, 81], "size": [12, 4, 3], "uv": [35, 132]},
						{"origin": [8, 12, 63], "size": [12, 4, 3], "uv": [0, 130]},
						{"origin": [-16, 7, 64], "size": [1, 5, 1], "uv": [41, 153]},
						{"origin": [-16, 7, 82], "size": [1, 5, 1], "uv": [29, 152]},
						{"origin": [19, 7, 82], "size": [1, 5, 1], "uv": [100, 138]},
						{"origin": [19, 7, 64], "size": [1, 5, 1], "uv": [10, 88]},
						{"origin": [-16, 14, 79], "size": [1, 1, 2], "uv": [6, 146]},
						{"origin": [19, 14, 79], "size": [1, 1, 2], "uv": [62, 132]},
						{"origin": [19, 14, 66], "size": [1, 1, 2], "uv": [27, 130]},
						{"origin": [-16, 14, 66], "size": [1, 1, 2], "uv": [76, 121]},
						{"origin": [-16, 15, 65], "size": [12, 2, 2], "uv": [55, 203]},
						{"origin": [-16, 15, 80], "size": [12, 2, 2], "uv": [0, 183]},
						{"origin": [8, 15, 80], "size": [12, 2, 2], "uv": [176, 63]},
						{"origin": [8, 15, 65], "size": [12, 2, 2], "uv": [35, 175]},
						{"origin": [-16, 15, 67], "size": [12, 3, 13], "uv": [176, 190]},
						{"origin": [8, 15, 67], "size": [12, 3, 13], "uv": [45, 187]},
						{"origin": [17, 3, 12], "size": [2, 9, 1], "uv": [52, 111]},
						{"origin": [-15, 15, 11], "size": [1, 2, 1], "uv": [6, 106]},
						{"origin": [18, 15, 11], "size": [1, 2, 1], "uv": [0, 106]},
						{"origin": [-15, 12, -4], "size": [1, 3, 2], "uv": [8, 21]},
						{"origin": [18, 12, -4], "size": [1, 3, 2], "uv": [0, 21]},
						{"origin": [17, 13, -4], "size": [1, 3, 1], "uv": [6, 79]},
						{"origin": [-14, 13, -4], "size": [1, 3, 1], "uv": [0, 79]},
						{"origin": [17, 15, -3], "size": [1, 1, 2], "uv": [70, 121]},
						{"origin": [-14, 15, -3], "size": [1, 1, 2], "uv": [22, 106]},
						{"origin": [-14, 26, -1], "size": [1, 1, 4], "uv": [10, 14]},
						{"origin": [17, 26, 3], "size": [1, 2, 2], "uv": [43, 122]},
						{"origin": [-14, 26, 3], "size": [1, 2, 2], "uv": [85, 34]},
						{"origin": [-14, 26, 5], "size": [1, 3, 2], "uv": [8, 0]},
						{"origin": [17, 26, 5], "size": [1, 3, 2], "uv": [0, 0]},
						{"origin": [17, 29, 6], "size": [1, 1, 1], "uv": [89, 65]},
						{"origin": [-14, 29, 6], "size": [1, 1, 1], "uv": [89, 34]},
						{"origin": [17, 26, 7], "size": [1, 14, 3], "uv": [246, 108]},
						{"origin": [-14, 26, 7], "size": [1, 14, 3], "uv": [246, 64]},
						{"origin": [-14, 40, -10], "size": [32, 1, 20], "uv": [0, 0]},
						{"origin": [-13, 17, 9], "size": [30, 23, 1], "uv": [176, 125]},
						{"origin": [-11, 17, 4], "size": [11, 17, 3], "uv": [238, 125]},
						{"origin": [-11, 36, 4], "size": [11, 3, 3], "uv": [27, 203]},
						{"origin": [-13, 41, -8], "size": [30, 1, 17], "uv": [0, 21]},
						{"origin": [-10, 53, 8], "size": [23, 1, 8], "uv": [176, 181]},
						{"origin": [-10, 51, 8], "size": [23, 2, 1], "uv": [0, 180]},
						{"origin": [-4, 20, 11], "size": [3, 33, 4], "uv": [40, 234]},
						{"origin": [-14, 51, 9], "size": [31, 2, 7], "uv": [0, 95]},
						{"origin": [-15, 46, 10], "size": [4, 5, 6], "uv": [201, 214]},
						{"origin": [14, 46, 10], "size": [4, 5, 6], "uv": [211, 56]},
						{"origin": [-19, 20, -16], "size": [5, 26, 5], "pivot": [0, 0, 0], "rotation": [0, 180, 0], "uv": [20, 234]},
						{"origin": [-16, 20, 11], "size": [5, 26, 5], "uv": [0, 234]},
						{"origin": [5, 20, 11], "size": [3, 33, 4], "uv": [90, 63]},
						{"origin": [-13, 24, -13], "size": [1, 3, 1], "uv": [16, 14]},
						{"origin": [-14, 3, -15], "size": [32, 8, 2], "uv": [176, 171]},
						{"origin": [-13, 9, -16], "size": [30, 2, 1], "uv": [35, 106]},
						{"origin": [-13, 3, -16], "size": [30, 1, 1], "uv": [35, 109]},
						{"origin": [-13, 5, -16], "size": [9, 2, 1], "uv": [48, 180]},
						{"origin": [-5, 7, -16], "size": [14, 1, 1], "uv": [69, 100]},
						{"origin": [-4, 5, -16], "size": [12, 1, 1], "uv": [76, 102]},
						{"origin": [-13, 7, -16], "size": [1, 2, 1], "uv": [100, 63]},
						{"origin": [-7, 7, -16], "size": [2, 2, 1], "uv": [81, 91]},
						{"origin": [-6, 4, -16], "size": [3, 1, 1], "uv": [77, 36]},
						{"origin": [7, 4, -16], "size": [3, 1, 1], "uv": [77, 34]},
						{"origin": [9, 7, -16], "size": [2, 2, 1], "uv": [75, 91]},
						{"origin": [-12, 7, -16], "size": [1, 1, 1], "uv": [81, 52]},
						{"origin": [-8, 8, -16], "size": [1, 1, 1], "uv": [70, 77]},
						{"origin": [11, 8, -16], "size": [1, 1, 1], "uv": [13, 25]},
						{"origin": [15, 7, -16], "size": [1, 1, 1], "uv": [12, 21]},
						{"origin": [16, 7, -16], "size": [1, 2, 1], "uv": [99, 30]},
						{"origin": [15, 4, -16], "size": [2, 1, 1], "uv": [95, 52]},
						{"origin": [-13, 4, -16], "size": [2, 1, 1], "uv": [87, 63]},
						{"origin": [8, 5, -16], "size": [9, 2, 1], "uv": [69, 95]},
						{"origin": [17, 3, -13], "size": [1, 5, 8], "uv": [55, 212]},
						{"origin": [-14, 3, -13], "size": [1, 5, 8], "uv": [82, 187]},
						{"origin": [11, 11, -14], "size": [5, 13, -1], "uv": [91, 21]},
						{"origin": [-12, 11, -15], "size": [5, 13, 1], "uv": [70, 39]},
						{"origin": [-7, 11, -15], "size": [18, 13, 1], "uv": [211, 13]},
						{"origin": [-9, 12, -13], "size": [22, 12, 1], "uv": [211, 0]},
						{"origin": [17, 8, -13], "size": [1, 16, 8], "uv": [244, 150]},
						{"origin": [-14, 8, -13], "size": [1, 16, 8], "uv": [80, 234]},
						{"origin": [17, 17, -5], "size": [1, 9, 15], "uv": [0, 106]},
						{"origin": [14, 0, 0], "size": [4, 13, 9], "uv": [230, 236]},
						{"origin": [15, 0, 69], "size": [4, 13, 9], "uv": [204, 236]},
						{"origin": [10, 0, 69], "size": [4, 13, 9], "uv": [178, 236]},
						{"origin": [-10, 0, 69], "size": [4, 13, 9], "uv": [152, 234]},
						{"origin": [-15, 0, 69], "size": [4, 13, 9], "uv": [54, 234]},
						{"origin": [-14, 0, 0], "size": [4, 13, 9], "uv": [229, 181]},
						{"origin": [14, 2, -2], "size": [4, 9, 13], "uv": [68, 212]},
						{"origin": [15, 2, 67], "size": [4, 9, 13], "uv": [34, 212]},
						{"origin": [10, 2, 67], "size": [4, 9, 13], "uv": [0, 212]},
						{"origin": [-10, 2, 67], "size": [4, 9, 13], "uv": [211, 34]},
						{"origin": [-15, 2, 67], "size": [4, 9, 13], "uv": [70, 153]},
						{"origin": [-14, 2, -2], "size": [4, 9, 13], "uv": [70, 111]},
						{"origin": [14, 1, -1], "size": [4, 11, 11], "uv": [212, 214]},
						{"origin": [15, 1, 68], "size": [4, 11, 11], "uv": [182, 214]},
						{"origin": [-10, 1, 68], "size": [4, 11, 11], "uv": [152, 212]},
						{"origin": [-15, 1, 68], "size": [4, 11, 11], "uv": [176, 34]},
						{"origin": [-14, 1, -1], "size": [4, 11, 11], "uv": [176, 0]},
						{"origin": [10, 1, 68], "size": [4, 11, 11], "uv": [35, 153]},
						{"origin": [-14, 17, -5], "size": [1, 9, 15], "uv": [70, 39]}
					]
				},
				{
					"name": "bone",
					"parent": "bb_main",
					"pivot": [0, 0, 0],
					"cubes": [
						{"origin": [-12, 63, 17], "size": [28, 2, 104], "uv": [176, 108]}
					]
				}
			]
		}
	]
}