{
	"format_version": "1.12.0",
	"minecraft:geometry": [
		{
			"description": {
				"identifier": "geometry.antobolo",
				"texture_width": 512,
				"texture_height": 512,
				"visible_bounds_width": 17,
				"visible_bounds_height": 8,
				"visible_bounds_offset": [0, 2, 0]
			},
			"bones": [
				{
					"name": "bb_main",
					"pivot": [0, 0, 0],
					"cubes": [
						{"origin": [-13, 17, -6], "size": [30, 1, 15], "uv": [87, 230]},
						{"origin": [-13, 11, -13], "size": [30, 1, 8], "uv": [0, 76]},
						{"origin": [-4, 11, 4], "size": [12, 5, 94], "uv": [140, 81]},
						{"origin": [-12, 10, 98], "size": [28, 6, 1], "uv": [145, 76]},
						{"origin": [-15, 0, 98], "size": [34, 10, 0], "pivot": [0, 10, 98], "rotation": [20, 0, 0], "uv": [0, 103]},
						{"origin": [-13, 18, 17], "size": [30, 6, 85], "uv": [0, 0]},
						{"origin": [-15, 24, 18], "size": [34, 1, 83], "uv": [0, 91]},
						{"origin": [-15, 24, 101], "size": [34, 25, 1], "uv": [0, 26]},
						{"origin": [-15, 24, 17], "size": [34, 25, 1], "uv": [0, 0]},
						{"origin": [19, 24, 17], "size": [1, 25, 85], "uv": [172, 180]},
						{"origin": [-16, 24, 17], "size": [1, 25, 85], "uv": [0, 175]},
						{"origin": [-13, 11, -14], "size": [1, 13, 1], "uv": [80, 70]},
						{"origin": [18, 26, -25], "size": [1, 1, 12], "uv": [50, 160]},
						{"origin": [-4, 26, -30], "size": [1, 1, 12], "pivot": [0, 0, 0], "rotation": [0, 35, 0], "uv": [151, 157]},
						{"origin": [16, 26, -26], "size": [5, 9, 1], "uv": [68, 70]},
						{"origin": [-23, 26, -23], "size": [5, 9, 1], "uv": [70, 34]},
						{"origin": [-12, 24, -14], "size": [28, 3, 1], "uv": [151, 109]},
						{"origin": [16, 11, -14], "size": [1, 13, 1], "uv": [80, 44]},
						{"origin": [14, 16, -16], "size": [2, 7, 1], "uv": [145, 25]},
						{"origin": [-12, 16, -16], "size": [2, 7, 1], "uv": [76, 138]},
						{"origin": [16, 17, -16], "size": [1, 6, 1], "uv": [151, 157]},
						{"origin": [-13, 17, -16], "size": [1, 6, 1], "uv": [157, 140]},
						{"origin": [11, 21, -16], "size": [3, 1, 1], "uv": [23, 140]},
						{"origin": [-10, 21, -16], "size": [3, 1, 1], "uv": [0, 133]},
						{"origin": [13, 22, -16], "size": [1, 1, 1], "uv": [145, 22]},
						{"origin": [-10, 22, -16], "size": [1, 1, 1], "uv": [145, 20]},
						{"origin": [10, 16, -16], "size": [4, 1, 1], "uv": [33, 140]},
						{"origin": [-10, 16, -16], "size": [4, 1, 1], "uv": [33, 138]},
						{"origin": [13, 17, -16], "size": [1, 2, 1], "uv": [145, 5]},
						{"origin": [-10, 17, -16], "size": [1, 2, 1], "uv": [145, 0]},
						{"origin": [16, 24, -14], "size": [1, 8, 1], "uv": [78, 102]},
						{"origin": [-13, 24, -14], "size": [1, 8, 1], "uv": [80, 58]},
						{"origin": [17, 24, -13], "size": [1, 8, 2], "uv": [68, 138]},
						{"origin": [-14, 24, -13], "size": [1, 8, 2], "uv": [78, 24]},
						{"origin": [16, 32, -13], "size": [1, 5, 1], "uv": [159, 161]},
						{"origin": [-13, 32, -13], "size": [1, 5, 1], "uv": [155, 161]},
						{"origin": [17, 32, -12], "size": [1, 5, 2], "uv": [0, 152]},
						{"origin": [-14, 32, -12], "size": [1, 5, 2], "uv": [151, 135]},
						{"origin": [16, 37, -12], "size": [1, 3, 2], "uv": [157, 135]},
						{"origin": [-13, 37, -12], "size": [1, 3, 2], "uv": [157, 118]},
						{"origin": [17, 37, -11], "size": [1, 3, 2], "uv": [157, 113]},
						{"origin": [-14, 37, -11], "size": [1, 3, 2], "uv": [157, 99]},
						{"origin": [17, 39, -9], "size": [1, 1, 2], "uv": [155, 123]},
						{"origin": [-14, 39, -9], "size": [1, 1, 2], "uv": [155, 69]},
						{"origin": [17, 24, -9], "size": [1, 1, 4], "uv": [145, 20]},
						{"origin": [-14, 24, -9], "size": [1, 1, 4], "uv": [145, 5]},
						{"origin": [17, 26, -1], "size": [1, 1, 4], "uv": [145, 0]},
						{"origin": [17, 16, -5], "size": [1, 1, 8], "uv": [169, 36]},
						{"origin": [-14, 16, -5], "size": [1, 1, 8], "uv": [64, 155]},
						{"origin": [17, 10, -5], "size": [1, 6, 1], "uv": [155, 20]},
						{"origin": [-14, 10, -5], "size": [1, 6, 1], "uv": [53, 127]},
						{"origin": [-15, 2, -5], "size": [1, 10, 2], "uv": [78, 12]},
						{"origin": [18, 2, -5], "size": [1, 10, 2], "uv": [78, 0]},
						{"origin": [-15, 15, 1], "size": [1, 2, 8], "uv": [145, 64]},
						{"origin": [18, 15, 1], "size": [1, 2, 8], "uv": [145, 54]},
						{"origin": [-15, 15, -3], "size": [1, 1, 4], "uv": [70, 144]},
						{"origin": [18, 15, -3], "size": [1, 1, 4], "uv": [10, 141]},
						{"origin": [-15, 14, -2], "size": [1, 1, 4], "uv": [0, 141]},
						{"origin": [18, 14, -2], "size": [1, 1, 4], "uv": [60, 129]},
						{"origin": [-15, 10, -3], "size": [1, 2, 1], "uv": [0, 141]},
						{"origin": [18, 10, -3], "size": [1, 2, 1], "uv": [17, 140]},
						{"origin": [-15, 13, -2], "size": [1, 1, 1], "uv": [16, 143]},
						{"origin": [18, 13, -2], "size": [1, 1, 1], "uv": [10, 141]},
						{"origin": [-15, 14, 9], "size": [1, 3, 2], "uv": [4, 157]},
						{"origin": [18, 14, 9], "size": [1, 3, 2], "uv": [74, 155]},
						{"origin": [-15, 12, 11], "size": [1, 3, 2], "uv": [155, 64]},
						{"origin": [18, 12, 11], "size": [1, 3, 2], "uv": [155, 54]},
						{"origin": [-15, 2, 12], "size": [2, 10, 1], "uv": [76, 91]},
						{"origin": [-16, 2, 62], "size": [12, 10, 2], "uv": [51, 175]},
						{"origin": [-16, 2, 83], "size": [12, 10, 2], "uv": [21, 175]},
						{"origin": [9, 2, 83], "size": [12, 10, 2], "uv": [162, 20]},
						{"origin": [9, 2, 62], "size": [12, 10, 2], "uv": [34, 160]},
						{"origin": [20, 2, 18], "size": [1, 5, 44], "uv": [193, 6]},
						{"origin": [-16, 2, 18], "size": [1, 5, 44], "uv": [135, 181]},
						{"origin": [20, 10, 18], "size": [1, 5, 45], "uv": [87, 175]},
						{"origin": [-16, 10, 18], "size": [1, 5, 45], "uv": [145, 0]},
						{"origin": [19, 2, 15], "size": [1, 5, 3], "uv": [75, 126]},
						{"origin": [-15, 2, 15], "size": [1, 5, 3], "uv": [0, 76]},
						{"origin": [-15, 10, 15], "size": [1, 5, 3], "uv": [72, 44]},
						{"origin": [19, 10, 15], "size": [1, 5, 3], "uv": [70, 102]},
						{"origin": [18, 2, 13], "size": [1, 5, 2], "uv": [151, 113]},
						{"origin": [-14, 2, 13], "size": [1, 5, 2], "uv": [145, 64]},
						{"origin": [-14, 10, 13], "size": [1, 5, 2], "uv": [145, 54]},
						{"origin": [18, 10, 13], "size": [1, 5, 2], "uv": [151, 25]},
						{"origin": [-16, 12, 63], "size": [12, 4, 3], "uv": [188, 91]},
						{"origin": [-16, 12, 81], "size": [12, 4, 3], "uv": [174, 167]},
						{"origin": [9, 12, 81], "size": [12, 4, 3], "uv": [172, 113]},
						{"origin": [9, 12, 63], "size": [12, 4, 3], "uv": [23, 127]},
						{"origin": [-16, 7, 64], "size": [1, 5, 1], "uv": [161, 64]},
						{"origin": [-16, 7, 82], "size": [1, 5, 1], "uv": [161, 54]},
						{"origin": [20, 7, 82], "size": [1, 5, 1], "uv": [159, 91]},
						{"origin": [20, 7, 64], "size": [1, 5, 1], "uv": [0, 159]},
						{"origin": [-16, 14, 79], "size": [1, 1, 2], "uv": [155, 59]},
						{"origin": [20, 14, 79], "size": [1, 1, 2], "uv": [21, 152]},
						{"origin": [20, 14, 66], "size": [1, 1, 2], "uv": [151, 101]},
						{"origin": [-16, 14, 66], "size": [1, 1, 2], "uv": [74, 149]},
						{"origin": [-16, 15, 65], "size": [12, 2, 2], "uv": [104, 201]},
						{"origin": [-16, 15, 80], "size": [12, 2, 2], "uv": [200, 184]},
						{"origin": [9, 15, 80], "size": [12, 2, 2], "uv": [200, 180]},
						{"origin": [9, 15, 65], "size": [12, 2, 2], "uv": [104, 197]},
						{"origin": [-16, 15, 67], "size": [12, 3, 13], "uv": [151, 91]},
						{"origin": [9, 15, 67], "size": [12, 3, 13], "uv": [31, 139]},
						{"origin": [17, 2, 12], "size": [2, 10, 1], "uv": [70, 91]},
						{"origin": [-15, 15, 11], "size": [1, 2, 1], "uv": [33, 134]},
						{"origin": [18, 15, 11], "size": [1, 2, 1], "uv": [69, 102]},
						{"origin": [-15, 12, -4], "size": [1, 3, 2], "uv": [6, 152]},
						{"origin": [18, 12, -4], "size": [1, 3, 2], "uv": [151, 142]},
						{"origin": [17, 13, -4], "size": [1, 3, 1], "uv": [60, 129]},
						{"origin": [-14, 13, -4], "size": [1, 3, 1], "uv": [16, 127]},
						{"origin": [17, 15, -3], "size": [1, 1, 2], "uv": [68, 149]},
						{"origin": [-14, 15, -3], "size": [1, 1, 2], "uv": [149, 32]},
						{"origin": [-14, 26, -1], "size": [1, 1, 4], "uv": [10, 127]},
						{"origin": [17, 26, 3], "size": [1, 2, 2], "uv": [155, 157]},
						{"origin": [-14, 26, 3], "size": [1, 2, 2], "uv": [6, 141]},
						{"origin": [-14, 26, 5], "size": [1, 3, 2], "uv": [151, 120]},
						{"origin": [17, 26, 5], "size": [1, 3, 2], "uv": [62, 70]},
						{"origin": [17, 29, 6], "size": [1, 1, 1], "uv": [72, 138]},
						{"origin": [-14, 29, 6], "size": [1, 1, 1], "uv": [75, 0]},
						{"origin": [17, 26, 7], "size": [1, 14, 3], "uv": [70, 17]},
						{"origin": [-14, 26, 7], "size": [1, 14, 3], "uv": [70, 0]},
						{"origin": [-14, 40, -10], "size": [32, 1, 20], "uv": [145, 55]},
						{"origin": [-13, 17, 9], "size": [30, 23, 1], "uv": [0, 52]},
						{"origin": [-11, 17, 4], "size": [11, 17, 3], "uv": [207, 202]},
						{"origin": [-11, 36, 4], "size": [11, 3, 3], "uv": [188, 98]},
						{"origin": [-13, 41, -8], "size": [30, 1, 17], "uv": [229, 55]},
						{"origin": [13, 37, -14], "size": [3, 4, 1], "uv": [151, 96]},
						{"origin": [-12, 37, -14], "size": [3, 4, 1], "uv": [151, 91]},
						{"origin": [-15, 39, -12], "size": [1, 4, 21], "uv": [0, 127]},
						{"origin": [18, 39, -12], "size": [1, 4, 21], "uv": [37, 113]},
						{"origin": [-14, 38, -13], "size": [3, 5, 1], "uv": [0, 127]},
						{"origin": [15, 38, -13], "size": [3, 5, 1], "uv": [23, 134]},
						{"origin": [-10, 36, -14], "size": [24, 4, 1], "uv": [21, 155]},
						{"origin": [-16, 45, 9], "size": [36, 4, 8], "uv": [162, 230]},
						{"origin": [-13, 24, -13], "size": [1, 3, 1], "uv": [10, 127]},
						{"origin": [-14, 2, -16], "size": [32, 9, 3], "uv": [0, 91]},
						{"origin": [-7, 4, -17], "size": [4, 1, 1], "uv": [10, 132]},
						{"origin": [7, 4, -17], "size": [4, 1, 1], "uv": [70, 111]},
						{"origin": [-8, 8, -17], "size": [20, 1, 1], "uv": [145, 50]},
						{"origin": [-7, 6, -17], "size": [2, 1, 1], "uv": [76, 146]},
						{"origin": [9, 6, -17], "size": [2, 1, 1], "uv": [12, 146]},
						{"origin": [-6, 7, -17], "size": [2, 1, 1], "uv": [6, 146]},
						{"origin": [8, 7, -17], "size": [2, 1, 1], "uv": [0, 146]},
						{"origin": [-9, 5, -17], "size": [3, 1, 1], "uv": [66, 131]},
						{"origin": [-4, 5, -17], "size": [12, 1, 1], "uv": [162, 32]},
						{"origin": [-5, 3, -17], "size": [14, 1, 1], "uv": [145, 52]},
						{"origin": [-3, 6, -17], "size": [10, 1, 1], "uv": [62, 68]},
						{"origin": [10, 5, -17], "size": [3, 1, 1], "uv": [66, 129]},
						{"origin": [-12, 4, -17], "size": [5, 1, 1], "uv": [68, 82]},
						{"origin": [11, 4, -17], "size": [5, 1, 1], "uv": [68, 80]},
						{"origin": [-13, 2, -17], "size": [30, 1, 1], "uv": [151, 107]},
						{"origin": [-13, 9, -17], "size": [30, 1, 1], "uv": [145, 83]},
						{"origin": [-13, 3, -17], "size": [1, 6, 1], "uv": [78, 119]},
						{"origin": [16, 3, -17], "size": [1, 6, 1], "uv": [79, 112]},
						{"origin": [17, 2, -13], "size": [1, 6, 8], "uv": [23, 134]},
						{"origin": [-14, 2, -13], "size": [1, 6, 8], "uv": [0, 127]},
						{"origin": [-12, 11, -15], "size": [28, 13, 1], "uv": [0, 113]},
						{"origin": [17, 8, -13], "size": [1, 16, 8], "uv": [60, 105]},
						{"origin": [-14, 8, -13], "size": [1, 16, 8], "uv": [62, 44]},
						{"origin": [17, 17, -5], "size": [1, 9, 15], "uv": [34, 175]},
						{"origin": [14, 0, 0], "size": [4, 13, 9], "uv": [181, 202]},
						{"origin": [-14, 0, 0], "size": [4, 13, 9], "uv": [26, 199]},
						{"origin": [15, 0, 69], "size": [4, 13, 9], "uv": [197, 135]},
						{"origin": [10, 0, 69], "size": [4, 13, 9], "uv": [87, 197]},
						{"origin": [-10, 0, 69], "size": [4, 13, 9], "uv": [0, 197]},
						{"origin": [-15, 0, 69], "size": [4, 13, 9], "uv": [193, 113]},
						{"origin": [-15, 50, 69], "size": [10, 10, 10], "uv": [145, 0]},
						{"origin": [-15, 49, 56], "size": [10, 10, 10], "uv": [145, 0]},
						{"origin": [9, 49, 56], "size": [10, 10, 10], "uv": [145, 0]},
						{"origin": [-14, 61, 62], "size": [10, 10, 10], "uv": [145, 0]},
						{"origin": [11, 61, 62], "size": [10, 10, 10], "uv": [145, 0]},
						{"origin": [9, 61, 50], "size": [10, 10, 10], "uv": [145, 0]},
						{"origin": [-12, 61, 50], "size": [10, 10, 10], "uv": [145, 0]},
						{"origin": [-12, 61, 27], "size": [10, 10, 10], "uv": [145, 0]},
						{"origin": [11, 61, 27], "size": [10, 10, 10], "uv": [145, 0]},
						{"origin": [-15, 61, 16], "size": [10, 10, 10], "uv": [145, 0]},
						{"origin": [12, 63, 16], "size": [10, 10, 10], "uv": [145, 0]},
						{"origin": [-1, 61, 12], "size": [10, 10, 10], "uv": [145, 0]},
						{"origin": [-14, 60, 38], "size": [10, 10, 10], "uv": [145, 0]},
						{"origin": [8, 60, 38], "size": [10, 10, 10], "uv": [145, 0]},
						{"origin": [-14, 49, 29], "size": [10, 10, 10], "uv": [145, 0]},
						{"origin": [6, 49, 29], "size": [10, 10, 10], "uv": [145, 0]},
						{"origin": [-11, 49, 18], "size": [10, 10, 10], "uv": [145, 0]},
						{"origin": [10, 49, 18], "size": [10, 10, 10], "uv": [145, 0]},
						{"origin": [-13, 51, 41], "size": [10, 10, 10], "uv": [145, 0]},
						{"origin": [11, 51, 41], "size": [10, 10, 10], "uv": [145, 0]},
						{"origin": [-3, 48, 65], "size": [10, 10, 10], "uv": [145, 0]},
						{"origin": [-3, 71, 65], "size": [10, 10, 10], "uv": [145, 0]},
						{"origin": [1, 71, 83], "size": [10, 10, 10], "uv": [145, 0]},
						{"origin": [-3, 67, 49], "size": [10, 10, 10], "uv": [145, 0]},
						{"origin": [-3, 42, 59], "size": [10, 10, 10], "uv": [145, 0]},
						{"origin": [-3, 69, 32], "size": [10, 10, 10], "uv": [145, 0]},
						{"origin": [-3, 69, 19], "size": [10, 10, 10], "uv": [145, 0]},
						{"origin": [7, 50, 90], "size": [10, 10, 10], "uv": [145, 0]},
						{"origin": [-5, 47, 90], "size": [10, 10, 10], "uv": [145, 0]},
						{"origin": [-3, 59, 90], "size": [10, 10, 10], "uv": [145, 0]},
						{"origin": [-16, 49, 86], "size": [10, 10, 10], "uv": [145, 0]},
						{"origin": [-17, 60, 81], "size": [10, 10, 10], "uv": [145, 0]},
						{"origin": [-8, 60, 73], "size": [10, 10, 10], "uv": [145, 0]},
						{"origin": [8, 60, 75], "size": [10, 10, 10], "uv": [145, 0]},
						{"origin": [10, 50, 75], "size": [10, 10, 10], "uv": [145, 0]},
						{"origin": [14, 2, -2], "size": [4, 9, 13], "uv": [0, 175]},
						{"origin": [15, 2, 67], "size": [4, 9, 13], "uv": [172, 144]},
						{"origin": [10, 2, 67], "size": [4, 9, 13], "uv": [172, 122]},
						{"origin": [-10, 2, 67], "size": [4, 9, 13], "uv": [0, 152]},
						{"origin": [-15, 2, 67], "size": [4, 9, 13], "uv": [151, 135]},
						{"origin": [-14, 2, -2], "size": [4, 9, 13], "uv": [151, 113]},
						{"origin": [14, 1, -1], "size": [4, 11, 11], "uv": [192, 22]},
						{"origin": [15, 1, 68], "size": [4, 11, 11], "uv": [192, 0]},
						{"origin": [-10, 1, 68], "size": [4, 11, 11], "uv": [55, 188]},
						{"origin": [-15, 1, 68], "size": [4, 11, 11], "uv": [181, 180]},
						{"origin": [10, 1, 68], "size": [4, 11, 11], "uv": [134, 180]},
						{"origin": [-14, 1, -1], "size": [4, 11, 11], "uv": [87, 175]},
						{"origin": [-14, 17, -5], "size": [1, 9, 15], "uv": [145, 20]}
					]
				}
			]
		}
	]
}