{
	"format_version": "1.12.0",
	"minecraft:geometry": [
		{
			"description": {
				"identifier": "geometry.avanza",
				"texture_width": 256,
				"texture_height": 256,
				"visible_bounds_width": 8,
				"visible_bounds_height": 4,
				"visible_bounds_offset": [0, 1, 0]
			},
			"bones": [
				{
					"name": "bb_main",
					"pivot": [0, 0, 0],
					"cubes": [
						{"origin": [10, 0, -15], "size": [4, 11, 9], "uv": [0, 145]},
						{"origin": [10, 0, 25], "size": [4, 11, 9], "uv": [144, 12]},
						{"origin": [-15, 0, -15], "size": [4, 11, 9], "uv": [79, 136]},
						{"origin": [-14, 0, 25], "size": [4, 11, 9], "uv": [112, 45]},
						{"origin": [-14, 1, 24], "size": [4, 9, 11], "uv": [99, 0]},
						{"origin": [-15, 1, -16], "size": [4, 9, 11], "uv": [0, 77]},
						{"origin": [10, 1, -16], "size": [4, 9, 11], "uv": [75, 73]},
						{"origin": [10, 1, 24], "size": [4, 9, 11], "uv": [56, 64]},
						{"origin": [-14, 4, -24], "size": [28, 5, 6], "uv": [45, 120]},
						{"origin": [-12, 14, 12], "size": [10, 13, 3], "uv": [131, 146]},
						{"origin": [-12, 14, 5], "size": [10, 2, 7], "uv": [112, 149]},
						{"origin": [2, 14, 5], "size": [10, 2, 7], "uv": [112, 149]},
						{"origin": [2, 14, 23], "size": [10, 2, 7], "uv": [112, 149]},
						{"origin": [-12, 14, 23], "size": [10, 2, 7], "uv": [112, 149]},
						{"origin": [-12, 14, 30], "size": [10, 13, 3], "uv": [52, 145]},
						{"origin": [2, 14, 30], "size": [10, 13, 3], "uv": [26, 145]},
						{"origin": [2, 14, 12], "size": [10, 13, 3], "uv": [105, 145]},
						{"origin": [-13, 13, -17], "size": [26, 1, 13], "uv": [141, 45]},
						{"origin": [-13, 8, 10], "size": [26, 1, 13], "uv": [129, 104]},
						{"origin": [-13, 8, -3], "size": [26, 1, 13], "uv": [112, 86]},
						{"origin": [-13, 7, -4], "size": [26, 6, 1], "uv": [0, 56]},
						{"origin": [-13, 9, -18], "size": [26, 4, 1], "uv": [56, 45]},
						{"origin": [-13, 8, 36], "size": [26, 1, 11], "uv": [129, 118]},
						{"origin": [-13, 10, 48], "size": [26, 11, 1], "uv": [0, 44]},
						{"origin": [12, 21, 48], "size": [1, 11, 1], "pivot": [0, 21, 49], "rotation": [15, 0, 0], "uv": [98, 68]},
						{"origin": [-12, 31, 48], "size": [24, 1, 1], "pivot": [0, 21, 49], "rotation": [15, 0, 0], "uv": [56, 50]},
						{"origin": [5, 21, 48], "size": [7, 1, 1], "pivot": [0, 21, 49], "rotation": [15, 0, 0], "uv": [38, 74]},
						{"origin": [11, 22, 48], "size": [1, 1, 1], "pivot": [0, 21, 49], "rotation": [15, 0, 0], "uv": [0, 28]},
						{"origin": [11, 30, 48], "size": [1, 1, 1], "pivot": [0, 21, 49], "rotation": [15, 0, 0], "uv": [7, 26]},
						{"origin": [-12, 30, 48], "size": [1, 1, 1], "pivot": [0, 21, 49], "rotation": [15, 0, 0], "uv": [0, 26]},
						{"origin": [-12, 22, 48], "size": [1, 1, 1], "pivot": [0, 21, 49], "rotation": [15, 0, 0], "uv": [10, 27]},
						{"origin": [-12, 21, 48], "size": [7, 1, 1], "pivot": [0, 21, 49], "rotation": [15, 0, 0], "uv": [38, 72]},
						{"origin": [-13, 21, 48], "size": [1, 11, 1], "pivot": [0, 21, 49], "rotation": [15, 0, 0], "uv": [39, 0]},
						{"origin": [13, 21, 47], "size": [1, 11, 1], "pivot": [0, 21, 49], "rotation": [15, 0, 0], "uv": [98, 56]},
						{"origin": [-14, 21, 47], "size": [1, 11, 1], "pivot": [0, 21, 49], "rotation": [15, 0, 0], "uv": [94, 64]},
						{"origin": [13, 20, 31], "size": [1, 11, 2], "uv": [6, 63]},
						{"origin": [-14, 20, 31], "size": [1, 11, 2], "uv": [0, 63]},
						{"origin": [-14, 5, 48], "size": [28, 5, 2], "uv": [144, 5]},
						{"origin": [-9, 8, 23], "size": [18, 1, 13], "uv": [143, 132]},
						{"origin": [-13, 12, 23], "size": [4, 1, 13], "uv": [0, 101]},
						{"origin": [8, 12, 23], "size": [5, 1, 13], "uv": [0, 63]},
						{"origin": [8, 7, 23], "size": [1, 5, 13], "uv": [15, 120]},
						{"origin": [-9, 7, 23], "size": [1, 5, 13], "uv": [0, 115]},
						{"origin": [-13, 9, 36], "size": [5, 3, 1], "uv": [94, 80]},
						{"origin": [8, 9, 36], "size": [5, 3, 1], "uv": [42, 93]},
						{"origin": [-13, 9, 22], "size": [5, 3, 1], "uv": [28, 22]},
						{"origin": [8, 9, 22], "size": [5, 3, 1], "uv": [14, 7]},
						{"origin": [-14, 31, 13], "size": [28, 1, 32], "uv": [11, 11]},
						{"origin": [-14, 31, 2], "size": [28, 1, 11], "pivot": [0, 32, 13], "rotation": [7.5, 0, 0], "uv": [32, 32]},
						{"origin": [-12, 17, -7], "size": [24, 3, 6], "pivot": [0, 20, -6], "rotation": [-25, 0, 0], "uv": [141, 59]},
						{"origin": [-10, 21, -4], "size": [7, 0, 7], "pivot": [0, 20, -6], "rotation": [-25, 0, 0], "uv": [7, 0]},
						{"origin": [-14, 20, -7], "size": [2, 9, 1], "pivot": [0, 20, -7], "rotation": [-30, 0, 0], "uv": [29, 63]},
						{"origin": [-14, 27.5718, -2.33013], "size": [2, 5, 1], "pivot": [-13, 28, -2], "rotation": [-62.5, 0, 0], "uv": [29, 65]},
						{"origin": [-12, 30.5718, -2.33013], "size": [24, 2, 1], "pivot": [-13, 28, -2], "rotation": [-62.5, 0, 0], "uv": [46, 40]},
						{"origin": [12, 27.5718, -2.33013], "size": [2, 5, 1], "pivot": [13, 28, -2], "rotation": [-62.5, 0, 0], "uv": [23, 63]},
						{"origin": [12, 20, -7], "size": [2, 9, 1], "pivot": [0, 20, -7], "rotation": [-30, 0, 0], "uv": [23, 63]},
						{"origin": [-18, 20, -6], "size": [4, 3, 1], "uv": [44, 63]},
						{"origin": [14, 20, -6], "size": [4, 3, 1], "uv": [28, 0]},
						{"origin": [-14, 13, -21], "size": [1, 3, 1], "uv": [7, 0]},
						{"origin": [-14, 13, -20], "size": [1, 4, 4], "uv": [0, 77]},
						{"origin": [13, 13, -21], "size": [1, 3, 1], "uv": [0, 0]},
						{"origin": [13, 13, -20], "size": [1, 4, 4], "uv": [75, 64]},
						{"origin": [13, 12, -17], "size": [1, 1, 1], "uv": [39, 12]},
						{"origin": [13, 12, -5], "size": [1, 1, 1], "uv": [8, 38]},
						{"origin": [-14, 9, -21], "size": [1, 4, 4], "uv": [42, 85]},
						{"origin": [13, 9, -21], "size": [1, 4, 4], "uv": [56, 84]},
						{"origin": [-14, 12, -17], "size": [1, 1, 1], "uv": [4, 38]},
						{"origin": [-14, 12, -5], "size": [1, 1, 1], "uv": [0, 38]},
						{"origin": [-14, 11, 23], "size": [1, 1, 1], "uv": [32, 4]},
						{"origin": [13, 11, 23], "size": [1, 1, 1], "uv": [10, 29]},
						{"origin": [13, 11, 35], "size": [1, 1, 1], "uv": [28, 4]},
						{"origin": [-14, 11, 35], "size": [1, 1, 1], "uv": [7, 28]},
						{"origin": [-14, 21, 12], "size": [1, 10, 2], "pivot": [0, 21, 10], "rotation": [-5, 0, 0], "uv": [36, 85]},
						{"origin": [13, 21, 12], "size": [1, 10, 2], "pivot": [0, 21, 10], "rotation": [-5, 0, 0], "uv": [30, 85]},
						{"origin": [-14, 6, -4], "size": [1, 14, 27], "uv": [112, 45]},
						{"origin": [-14, 17, -6], "size": [1, 3, 54], "pivot": [0, 20, -6], "rotation": [2.5, 0, 0], "uv": [56, 47]},
						{"origin": [13, 17, -6], "size": [1, 3, 54], "pivot": [0, 20, -6], "rotation": [2.5, 0, 0], "uv": [0, 44]},
						{"origin": [13, 6, -4], "size": [1, 14, 27], "uv": [100, 104]},
						{"origin": [-14, 6, 36], "size": [1, 14, 12], "uv": [14, 14]},
						{"origin": [13, 6, 36], "size": [1, 14, 12], "uv": [0, 0]},
						{"origin": [-14, 12, 23], "size": [1, 8, 13], "uv": [99, 20]},
						{"origin": [13, 12, 23], "size": [1, 8, 13], "uv": [23, 64]},
						{"origin": [13, 30, 6], "size": [1, 1, 39], "uv": [4, 105]},
						{"origin": [-14, 30, 6], "size": [1, 1, 39], "uv": [103, 5]},
						{"origin": [-14, 13, -16], "size": [1, 5, 4], "uv": [56, 64]},
						{"origin": [13, 13, -16], "size": [1, 5, 4], "uv": [38, 63]},
						{"origin": [-14, 13, -12], "size": [1, 6, 3], "uv": [85, 64]},
						{"origin": [-14, 13, -9], "size": [1, 7, 5], "uv": [0, 26]},
						{"origin": [13, 13, -9], "size": [1, 7, 5], "uv": [0, 0]},
						{"origin": [13, 13, -12], "size": [1, 6, 3], "uv": [66, 84]},
						{"origin": [-10, 9, -24], "size": [20, 7, 1], "uv": [56, 56]},
						{"origin": [10, 9, -24], "size": [5, 7, 1], "pivot": [10, 9, -24], "rotation": [0, -35, 0], "uv": [27, 6]},
						{"origin": [-15, 9, -24], "size": [5, 7, 1], "pivot": [-10, 9, -24], "rotation": [0, 35, 0], "uv": [28, 14]}
					]
				},
				{
					"name": "bone",
					"pivot": [0, 16, -24],
					"rotation": [15, 0, 0],
					"cubes": [
						{"origin": [-10, 15, -24], "size": [20, 1, 1], "uv": [0, 40]},
						{"origin": [-12, 15, -22], "size": [24, 1, 1], "uv": [56, 54]},
						{"origin": [-11, 15, -23], "size": [22, 1, 1], "uv": [56, 93]},
						{"origin": [-13, 15, -21], "size": [26, 1, 15], "uv": [45, 104]}
					]
				}
			]
		}
	]
}