{
	"format_version": "1.12.0",
	"minecraft:geometry": [
		{
			"description": {
				"identifier": "geometry.bego",
				"texture_width": 512,
				"texture_height": 512,
				"visible_bounds_width": 14,
				"visible_bounds_height": 12,
				"visible_bounds_offset": [0, 2, 0]
			},
			"bones": [
				{
					"name": "bb_main",
					"pivot": [0, 0, 0],
					"cubes": [
						{"origin": [22, 2, -34], "size": [1, 9, 62], "uv": [0, 256]},
						{"origin": [-22, 1, -35], "size": [1, 11, 64], "uv": [199, 158]},
						{"origin": [21, 1, -35], "size": [1, 11, 64], "uv": [164, 11]},
						{"origin": [-23, 2, -34], "size": [1, 9, 62], "uv": [254, 83]},
						{"origin": [18, 12, -35], "size": [6, 1, 64], "uv": [152, 233]},
						{"origin": [-24, 12, -35], "size": [6, 1, 64], "uv": [0, 191]},
						{"origin": [-24, 11, -38], "size": [6, 1, 3], "uv": [18, 179]},
						{"origin": [18, 11, -38], "size": [6, 1, 3], "uv": [174, 86]},
						{"origin": [18, 0, -38], "size": [6, 1, 3], "uv": [159, 94]},
						{"origin": [-24, 2, -40], "size": [6, 8, 1], "uv": [47, 36]},
						{"origin": [-24, 2, 33], "size": [6, 8, 1], "uv": [0, 9]},
						{"origin": [18, 2, 33], "size": [6, 8, 1], "uv": [0, 0]},
						{"origin": [18, 2, -40], "size": [6, 8, 1], "uv": [0, 36]},
						{"origin": [-24, 10, -39], "size": [6, 1, 1], "uv": [134, 113]},
						{"origin": [18, 10, -39], "size": [6, 1, 1], "uv": [47, 49]},
						{"origin": [-24, 1, -39], "size": [6, 1, 1], "uv": [134, 95]},
						{"origin": [18, 1, -39], "size": [6, 1, 1], "uv": [0, 49]},
						{"origin": [-24, 0, -38], "size": [6, 1, 3], "uv": [130, 177]},
						{"origin": [-24, 0, 29], "size": [6, 1, 3], "uv": [134, 91]},
						{"origin": [18, 0, 29], "size": [6, 1, 3], "uv": [25, 93]},
						{"origin": [18, 11, 29], "size": [6, 1, 3], "uv": [0, 93]},
						{"origin": [-22, 1, 29], "size": [1, 10, 3], "uv": [204, 145]},
						{"origin": [21, 1, 29], "size": [1, 10, 3], "uv": [201, 0]},
						{"origin": [-22, 1, -38], "size": [1, 10, 3], "uv": [41, 176]},
						{"origin": [21, 1, -38], "size": [1, 10, 3], "uv": [154, 0]},
						{"origin": [21, 2, -39], "size": [1, 8, 1], "uv": [14, 9]},
						{"origin": [-22, 2, -39], "size": [1, 8, 1], "uv": [14, 0]},
						{"origin": [21, 2, 32], "size": [1, 8, 1], "uv": [56, 60]},
						{"origin": [-22, 2, 32], "size": [1, 8, 1], "uv": [8, 60]},
						{"origin": [-24, 11, 29], "size": [6, 1, 3], "uv": [54, 14]},
						{"origin": [-24, 1, 32], "size": [6, 1, 1], "uv": [47, 47]},
						{"origin": [18, 10, 32], "size": [6, 1, 1], "uv": [0, 47]},
						{"origin": [18, 1, 32], "size": [6, 1, 1], "uv": [0, 45]},
						{"origin": [-24, 10, 32], "size": [6, 1, 1], "uv": [47, 45]},
						{"origin": [18, 0, -35], "size": [6, 1, 64], "uv": [230, 0]},
						{"origin": [-24, 0, -35], "size": [6, 1, 64], "uv": [76, 222]},
						{"origin": [-21, 4, -24], "size": [42, 5, 48], "uv": [136, 92]},
						{"origin": [-20, 16, 45], "size": [40, 15, 3], "uv": [294, 65]},
						{"origin": [-18, 16, 48], "size": [36, 15, 1], "uv": [0, 20]},
						{"origin": [-21, 16, -5], "size": [42, 15, 50], "uv": [0, 75]},
						{"origin": [-20, 31, -5], "size": [40, 1, 50], "uv": [0, 140]},
						{"origin": [-18, 32, 17], "size": [20, 2, 28], "uv": [304, 217]},
						{"origin": [-15, 34, 39], "size": [2, 8, 2], "uv": [0, 60]},
						{"origin": [-17, 34, 18], "size": [18, 2, 18], "uv": [0, 0]},
						{"origin": [-15, 6, -82], "size": [8, 10, 67], "pivot": [0, 0, 0], "rotation": [-50, 0, 0], "uv": [113, 145]},
						{"origin": [-15, 1, -84], "size": [8, 10, 53], "pivot": [0, 0, 0], "rotation": [-60, 0, 0], "uv": [265, 154]},
						{"origin": [-15, 23, -120], "size": [8, 10, 44], "pivot": [0, 0, 0], "rotation": [-37.5, 0, 0], "uv": [142, 298]},
						{"origin": [-14, -110, -74], "size": [6, 5, 60], "pivot": [0, 0, 0], "rotation": [-110, 0, 0], "uv": [232, 238]},
						{"origin": [-14, -127, -37], "size": [6, 5, 16], "pivot": [0, 0, 0], "rotation": [-127.5, 0, 0], "uv": [134, 100]},
						{"origin": [-14, -109, -69], "size": [6, 5, 46], "pivot": [0, 0, 0], "rotation": [-105, 0, 0], "uv": [246, 303]},
						{"origin": [-15, 47, -106], "size": [8, 10, 44], "pivot": [0, 0, 0], "rotation": [-25, 0, 0], "uv": [82, 287]},
						{"origin": [-6, 24, -106], "size": [0, 10, 51], "pivot": [0, 0, 0], "rotation": [-37.5, 0, 0], "uv": [309, 0]},
						{"origin": [-16, 24, -106], "size": [0, 10, 51], "pivot": [0, 0, 0], "rotation": [-37.5, 0, 0], "uv": [0, 331]},
						{"origin": [-20, 15, -29], "size": [40, 1, 74], "uv": [0, 0]},
						{"origin": [2, 18, -21], "size": [16, 2, 15], "uv": [154, 0]},
						{"origin": [-8, 7, -7], "size": [16, 9, 15], "uv": [0, 36]},
						{"origin": [19, 16, -30], "size": [2, 19, 2], "uv": [196, 187]},
						{"origin": [-1, 16, -30], "size": [2, 19, 2], "uv": [196, 166]},
						{"origin": [19, 31, -5], "size": [2, 18, 2], "uv": [204, 44]},
						{"origin": [-1, 31, -5], "size": [2, 18, 2], "uv": [204, 24]},
						{"origin": [19, 35, -29], "size": [2, 11, 2], "uv": [142, 100]},
						{"origin": [-1, 35, -29], "size": [2, 11, 2], "uv": [134, 100]},
						{"origin": [19, 46, -28], "size": [2, 4, 2], "uv": [176, 119]},
						{"origin": [-1, 46, -28], "size": [2, 4, 2], "uv": [160, 169]},
						{"origin": [1, 27, -30], "size": [18, 2, 1], "uv": [134, 121]},
						{"origin": [-1, 49, -26], "size": [22, 2, 22], "uv": [202, 303]},
						{"origin": [-22, 48, -107], "size": [22, 2, 12], "uv": [0, 60]},
						{"origin": [-22, 46, -111], "size": [22, 2, 5], "uv": [154, 17]},
						{"origin": [-22, 44, -113], "size": [22, 2, 3], "uv": [154, 69]},
						{"origin": [-22, 33, -115], "size": [22, 11, 3], "uv": [0, 140]},
						{"origin": [-23, 16, -100], "size": [1, 34, 5], "uv": [0, 191]},
						{"origin": [0, 16, -100], "size": [1, 34, 5], "uv": [168, 145]},
						{"origin": [-23, 18, -103], "size": [1, 32, 3], "uv": [12, 191]},
						{"origin": [0, 18, -103], "size": [1, 32, 3], "uv": [62, 36]},
						{"origin": [-23, 21, -106], "size": [1, 29, 3], "uv": [28, 191]},
						{"origin": [0, 21, -106], "size": [1, 29, 3], "uv": [20, 191]},
						{"origin": [-23, 24, -109], "size": [1, 24, 3], "uv": [44, 191]},
						{"origin": [0, 24, -109], "size": [1, 24, 3], "uv": [36, 191]},
						{"origin": [-23, 33, -115], "size": [1, 11, 3], "uv": [62, 0]},
						{"origin": [0, 33, -115], "size": [1, 11, 3], "uv": [54, 0]},
						{"origin": [-23, 44, -113], "size": [1, 2, 1], "uv": [67, 36]},
						{"origin": [-23, 48, -107], "size": [1, 2, 1], "uv": [67, 0]},
						{"origin": [0, 48, -107], "size": [1, 2, 1], "uv": [61, 36]},
						{"origin": [0, 44, -113], "size": [1, 2, 1], "uv": [59, 0]},
						{"origin": [0, 46, -111], "size": [1, 2, 2], "uv": [68, 69]},
						{"origin": [-23, 46, -111], "size": [1, 2, 2], "uv": [17, 75]},
						{"origin": [-23, 28, -112], "size": [1, 18, 3], "uv": [196, 145]},
						{"origin": [0, 28, -112], "size": [1, 18, 3], "uv": [52, 191]},
						{"origin": [-22, 28, -112], "size": [22, 6, 3], "uv": [154, 60]},
						{"origin": [-22, 24, -109], "size": [22, 6, 3], "uv": [154, 51]},
						{"origin": [-22, 21, -106], "size": [22, 6, 3], "uv": [154, 42]},
						{"origin": [-22, 18, -103], "size": [22, 6, 3], "uv": [154, 33]},
						{"origin": [-22, 16, -100], "size": [22, 6, 3], "uv": [154, 24]},
						{"origin": [-4, 16, -97], "size": [4, 1, 7], "uv": [145, 170]},
						{"origin": [-22, 16, -97], "size": [4, 1, 7], "uv": [130, 169]},
						{"origin": [-13, 16, -97], "size": [4, 1, 7], "uv": [159, 86]},
						{"origin": [2, 18, -12], "size": [16, 21, 3], "pivot": [0, 0, 0], "rotation": [-7.5, 0, 0], "uv": [130, 145]},
						{"origin": [20, 29, -28], "size": [1, 2, 23], "uv": [134, 75]},
						{"origin": [-1, 16, -28], "size": [1, 15, 23], "uv": [0, 75]},
						{"origin": [-21, 16, -15], "size": [6, 11, 5], "uv": [162, 100]},
						{"origin": [-7, 16, -15], "size": [6, 11, 5], "uv": [134, 75]},
						{"origin": [-21, 16, -20], "size": [6, 9, 5], "uv": [22, 165]},
						{"origin": [-7, 16, -20], "size": [6, 9, 5], "uv": [0, 165]},
						{"origin": [-21, 16, -25], "size": [20, 7, 5], "uv": [0, 113]},
						{"origin": [-21, 16, -30], "size": [20, 6, 5], "uv": [0, 154]},
						{"origin": [-21, 16, -10], "size": [6, 13, 5], "uv": [25, 75]},
						{"origin": [-7, 16, -10], "size": [6, 13, 5], "uv": [0, 75]},
						{"origin": [-20, 15, -29], "size": [40, 1, 74], "uv": [0, 0]}
					]
				}
			]
		}
	]
}