{
	"format_version": "1.12.0",
	"minecraft:geometry": [
		{
			"description": {
				"identifier": "geometry.cabe",
				"texture_width": 1024,
				"texture_height": 1024,
				"visible_bounds_width": 17,
				"visible_bounds_height": 7,
				"visible_bounds_offset": [0, 2.5, 0]
			},
			"bones": [
				{
					"name": "bb_main",
					"pivot": [0, 0, 0],
					"cubes": [
						{"origin": [-13, 17, -6], "size": [30, 1, 15], "uv": [168, 166]},
						{"origin": [-13, 11, -13], "size": [30, 1, 8], "uv": [176, 41]},
						{"origin": [-13, 10, 110], "size": [30, 6, 1], "uv": [176, 71]},
						{"origin": [-4, 11, 4], "size": [12, 5, 106], "uv": [326, 108]},
						{"origin": [-16, 18, 17], "size": [36, 2, 104], "uv": [465, 15]},
						{"origin": [-12, 63, 17], "size": [28, 2, 104], "uv": [168, 108]},
						{"origin": [-10, 65, 17], "size": [24, 2, 104], "uv": [176, 2]},
						{"origin": [-7, 67, 17], "size": [19, 2, 104], "uv": [316, 253]},
						{"origin": [-5, 69, 17], "size": [15, 2, 104], "uv": [328, 0]},
						{"origin": [-3, 71, 17], "size": [11, 2, 104], "uv": [0, 355]},
						{"origin": [-1, 73, 17], "size": [7, 2, 104], "uv": [126, 357]},
						{"origin": [1, 75, 17], "size": [3, 2, 104], "uv": [351, 368]},
						{"origin": [-16, 59, 17], "size": [36, 2, 104], "uv": [0, 0]},
						{"origin": [20, 51, 16], "size": [1, 8, 105], "uv": [243, 359]},
						{"origin": [-17, 51, 16], "size": [1, 8, 105], "uv": [243, 359]},
						{"origin": [-16, 51, 16], "size": [36, 8, 1], "uv": [176, 50]},
						{"origin": [-14, 61, 17], "size": [32, 2, 104], "uv": [0, 106]},
						{"origin": [-15, 20, 120], "size": [34, 22, 1], "uv": [0, 172]},
						{"origin": [-15, 43, 120], "size": [34, 16, 1], "uv": [176, 0]},
						{"origin": [-15, 20, 17], "size": [34, 39, 1], "uv": [168, 126]},
						{"origin": [19, 20, 17], "size": [1, 39, 104], "uv": [210, 214]},
						{"origin": [-16, 20, 17], "size": [1, 39, 104], "uv": [0, 212]},
						{"origin": [-13, 11, -14], "size": [1, 13, 1], "uv": [38, 14]},
						{"origin": [18, 26, -25], "size": [1, 1, 12], "uv": [51, 80]},
						{"origin": [-4, 26, -30], "size": [1, 1, 12], "pivot": [0, 0, 0], "rotation": [0, 35, 0], "uv": [52, 82]},
						{"origin": [16, 26, -26], "size": [5, 9, 1], "uv": [0, 195]},
						{"origin": [-23, 26, -23], "size": [5, 9, 1], "uv": [0, 195]},
						{"origin": [-12, 24, -14], "size": [28, 3, 1], "uv": [46, 71]},
						{"origin": [16, 11, -14], "size": [1, 13, 1], "uv": [38, 0]},
						{"origin": [14, 16, -16], "size": [2, 7, 1], "uv": [146, 130]},
						{"origin": [-12, 16, -16], "size": [2, 7, 1], "uv": [156, 145]},
						{"origin": [16, 17, -16], "size": [1, 6, 1], "uv": [151, 134]},
						{"origin": [-13, 17, -16], "size": [1, 6, 1], "uv": [138, 129]},
						{"origin": [11, 21, -16], "size": [3, 1, 1], "uv": [148, 119]},
						{"origin": [-10, 21, -16], "size": [3, 1, 1], "uv": [153, 128]},
						{"origin": [13, 22, -16], "size": [1, 1, 1], "uv": [149, 113]},
						{"origin": [-10, 22, -16], "size": [1, 1, 1], "uv": [149, 125]},
						{"origin": [10, 16, -16], "size": [4, 1, 1], "uv": [143, 125]},
						{"origin": [-10, 16, -16], "size": [4, 1, 1], "uv": [147, 128]},
						{"origin": [13, 17, -16], "size": [1, 2, 1], "uv": [150, 126]},
						{"origin": [-10, 17, -16], "size": [1, 2, 1], "uv": [141, 142]},
						{"origin": [16, 24, -14], "size": [1, 8, 1], "uv": [41, 27]},
						{"origin": [-13, 24, -14], "size": [1, 8, 1], "uv": [29, 0]},
						{"origin": [17, 24, -13], "size": [1, 8, 2], "uv": [0, 22]},
						{"origin": [-14, 24, -13], "size": [1, 8, 2], "uv": [21, 0]},
						{"origin": [16, 32, -13], "size": [1, 5, 1], "uv": [0, 79]},
						{"origin": [-13, 32, -13], "size": [1, 5, 1], "uv": [76, 75]},
						{"origin": [17, 32, -12], "size": [1, 5, 2], "uv": [6, 57]},
						{"origin": [-14, 32, -12], "size": [1, 5, 2], "uv": [0, 57]},
						{"origin": [16, 37, -12], "size": [1, 3, 2], "uv": [46, 75]},
						{"origin": [-13, 37, -12], "size": [1, 3, 2], "uv": [37, 57]},
						{"origin": [17, 37, -11], "size": [1, 3, 2], "uv": [6, 64]},
						{"origin": [-14, 37, -11], "size": [1, 3, 2], "uv": [31, 57]},
						{"origin": [17, 39, -9], "size": [1, 1, 2], "uv": [31, 62]},
						{"origin": [-14, 39, -9], "size": [1, 1, 2], "uv": [53, 10]},
						{"origin": [17, 24, -9], "size": [1, 1, 4], "uv": [47, 5]},
						{"origin": [-14, 24, -9], "size": [1, 1, 4], "uv": [21, 27]},
						{"origin": [17, 26, -1], "size": [1, 1, 4], "uv": [47, 0]},
						{"origin": [17, 16, -5], "size": [1, 1, 8], "uv": [84, 0]},
						{"origin": [-14, 16, -5], "size": [1, 1, 8], "uv": [26, 36]},
						{"origin": [17, 10, -5], "size": [1, 6, 1], "uv": [25, 57]},
						{"origin": [-14, 10, -5], "size": [1, 6, 1], "uv": [21, 57]},
						{"origin": [-15, 2, -5], "size": [1, 10, 2], "uv": [0, 0]},
						{"origin": [18, 2, -5], "size": [1, 10, 2], "uv": [0, 0]},
						{"origin": [-15, 15, 1], "size": [1, 2, 8], "uv": [21, 57]},
						{"origin": [18, 15, 1], "size": [1, 2, 8], "uv": [21, 57]},
						{"origin": [-15, 15, -3], "size": [1, 1, 4], "uv": [21, 22]},
						{"origin": [18, 15, -3], "size": [1, 1, 4], "uv": [21, 22]},
						{"origin": [-15, 14, -2], "size": [1, 1, 4], "uv": [21, 22]},
						{"origin": [18, 14, -2], "size": [1, 1, 4], "uv": [21, 22]},
						{"origin": [-15, 10, -3], "size": [1, 2, 1], "uv": [8, 31]},
						{"origin": [18, 10, -3], "size": [1, 2, 1], "uv": [8, 31]},
						{"origin": [-15, 13, -2], "size": [1, 1, 1], "uv": [9, 11]},
						{"origin": [18, 13, -2], "size": [1, 1, 1], "uv": [9, 11]},
						{"origin": [-15, 14, 9], "size": [1, 3, 2], "uv": [36, 38]},
						{"origin": [18, 14, 9], "size": [1, 3, 2], "uv": [36, 38]},
						{"origin": [-15, 12, 11], "size": [1, 3, 2], "uv": [36, 38]},
						{"origin": [18, 12, 11], "size": [1, 3, 2], "uv": [36, 38]},
						{"origin": [-14, 1, 12], "size": [1, 11, 1], "uv": [6, 0]},
						{"origin": [-16, 1, 62], "size": [12, 11, 2], "uv": [47, 28]},
						{"origin": [-16, 1, 83], "size": [12, 11, 2], "uv": [47, 28]},
						{"origin": [9, 1, 83], "size": [12, 11, 2], "uv": [47, 28]},
						{"origin": [9, 1, 62], "size": [12, 11, 2], "uv": [47, 28]},
						{"origin": [19, 1, 18], "size": [1, 12, 45], "uv": [0, 0]},
						{"origin": [-15, 1, 18], "size": [1, 12, 45], "uv": [0, 0]},
						{"origin": [20, 10, 18], "size": [1, 2, 44], "uv": [0, 57]},
						{"origin": [-16, 10, 18], "size": [1, 2, 44], "uv": [0, 57]},
						{"origin": [20, 1, 18], "size": [1, 1, 44], "uv": [0, 106]},
						{"origin": [-16, 1, 18], "size": [1, 1, 44], "uv": [0, 106]},
						{"origin": [20, 2, 55], "size": [1, 1, 7], "uv": [67, 75]},
						{"origin": [-16, 2, 55], "size": [1, 1, 7], "uv": [67, 75]},
						{"origin": [20, 3, 56], "size": [1, 1, 6], "uv": [21, 85]},
						{"origin": [-16, 3, 56], "size": [1, 1, 6], "uv": [21, 85]},
						{"origin": [17, 1, 12], "size": [1, 12, 3], "uv": [36, 64]},
						{"origin": [-13, 1, 12], "size": [1, 12, 3], "uv": [36, 64]},
						{"origin": [18, 1, 15], "size": [1, 12, 3], "uv": [36, 64]},
						{"origin": [-14, 1, 15], "size": [1, 12, 3], "uv": [36, 64]},
						{"origin": [19, 1, 15], "size": [1, 1, 3], "uv": [3, 31]},
						{"origin": [-15, 1, 15], "size": [1, 1, 3], "uv": [3, 31]},
						{"origin": [19, 10, 15], "size": [1, 2, 3], "uv": [36, 33]},
						{"origin": [-15, 10, 15], "size": [1, 2, 3], "uv": [36, 33]},
						{"origin": [18, 10, 13], "size": [1, 2, 2], "uv": [36, 33]},
						{"origin": [18, 1, 13], "size": [1, 1, 2], "uv": [21, 32]},
						{"origin": [-14, 1, 13], "size": [1, 1, 2], "uv": [21, 32]},
						{"origin": [-14, 10, 13], "size": [1, 2, 2], "uv": [27, 22]},
						{"origin": [-16, 12, 63], "size": [12, 4, 3], "uv": [46, 139]},
						{"origin": [-16, 12, 81], "size": [12, 4, 3], "uv": [46, 139]},
						{"origin": [9, 12, 81], "size": [12, 4, 3], "uv": [46, 139]},
						{"origin": [9, 12, 63], "size": [12, 4, 3], "uv": [46, 139]},
						{"origin": [-16, 7, 64], "size": [1, 5, 1], "uv": [67, 75]},
						{"origin": [-16, 7, 82], "size": [1, 5, 1], "uv": [67, 75]},
						{"origin": [20, 7, 82], "size": [1, 5, 1], "uv": [67, 75]},
						{"origin": [20, 7, 64], "size": [1, 5, 1], "uv": [67, 75]},
						{"origin": [-16, 14, 79], "size": [1, 1, 2], "uv": [27, 32]},
						{"origin": [20, 14, 79], "size": [1, 1, 2], "uv": [27, 32]},
						{"origin": [20, 14, 66], "size": [1, 1, 2], "uv": [27, 32]},
						{"origin": [-16, 14, 66], "size": [1, 1, 2], "uv": [27, 32]},
						{"origin": [-16, 15, 65], "size": [12, 2, 2], "uv": [75, 34]},
						{"origin": [-16, 15, 80], "size": [12, 2, 2], "uv": [75, 34]},
						{"origin": [9, 15, 80], "size": [12, 2, 2], "uv": [75, 34]},
						{"origin": [9, 15, 65], "size": [12, 2, 2], "uv": [75, 34]},
						{"origin": [-16, 15, 67], "size": [12, 3, 13], "uv": [47, 0]},
						{"origin": [9, 15, 67], "size": [12, 3, 13], "uv": [47, 0]},
						{"origin": [18, 1, 12], "size": [1, 11, 1], "uv": [6, 0]},
						{"origin": [-15, 15, 11], "size": [1, 2, 1], "uv": [8, 31]},
						{"origin": [18, 15, 11], "size": [1, 2, 1], "uv": [8, 31]},
						{"origin": [-15, 12, -4], "size": [1, 3, 2], "uv": [36, 38]},
						{"origin": [18, 12, -4], "size": [1, 3, 2], "uv": [36, 38]},
						{"origin": [17, 13, -4], "size": [1, 3, 1], "uv": [21, 27]},
						{"origin": [-14, 13, -4], "size": [1, 3, 1], "uv": [21, 22]},
						{"origin": [17, 15, -3], "size": [1, 1, 2], "uv": [53, 5]},
						{"origin": [-14, 15, -3], "size": [1, 1, 2], "uv": [47, 10]},
						{"origin": [-14, 26, -1], "size": [1, 1, 4], "uv": [23, 6]},
						{"origin": [17, 26, 3], "size": [1, 2, 2], "uv": [53, 0]},
						{"origin": [-14, 26, 3], "size": [1, 2, 2], "uv": [27, 27]},
						{"origin": [-14, 26, 5], "size": [1, 3, 2], "uv": [52, 75]},
						{"origin": [17, 26, 5], "size": [1, 3, 2], "uv": [0, 64]},
						{"origin": [17, 29, 6], "size": [1, 1, 1], "uv": [0, 32]},
						{"origin": [-14, 29, 6], "size": [1, 1, 1], "uv": [27, 11]},
						{"origin": [17, 26, 7], "size": [1, 14, 3], "uv": [34, 106]},
						{"origin": [-14, 26, 7], "size": [1, 14, 3], "uv": [92, 38]},
						{"origin": [-14, 40, -10], "size": [32, 1, 20], "uv": [0, 151]},
						{"origin": [-13, 17, 9], "size": [30, 23, 1], "uv": [176, 17]},
						{"origin": [-11, 17, 4], "size": [11, 17, 3], "uv": [0, 212]},
						{"origin": [-11, 36, 4], "size": [11, 3, 3], "uv": [75, 28]},
						{"origin": [-14, 41, -8], "size": [31, 1, 17], "uv": [168, 108]},
						{"origin": [18, 19, 14], "size": [1, 35, 1], "uv": [34, 0]},
						{"origin": [-15, 19, 14], "size": [1, 35, 1], "uv": [34, 0]},
						{"origin": [-14, 54, 14], "size": [6, 1, 1], "uv": [21, 67]},
						{"origin": [12, 54, 14], "size": [6, 1, 1], "uv": [21, 67]},
						{"origin": [-9, 52, 12], "size": [21, 4, 5], "uv": [47, 16]},
						{"origin": [-13, 24, -13], "size": [1, 3, 1], "uv": [47, 0]},
						{"origin": [-14, 2, -16], "size": [32, 9, 3], "uv": [176, 59]},
						{"origin": [-13, 10, -17], "size": [30, 1, 1], "uv": [176, 78]},
						{"origin": [-13, 2, -17], "size": [2, 8, 1], "uv": [7, 80]},
						{"origin": [15, 2, -17], "size": [2, 8, 1], "uv": [6, 22]},
						{"origin": [-11, 6, -17], "size": [6, 1, 1], "uv": [84, 9]},
						{"origin": [9, 6, -17], "size": [6, 1, 1], "uv": [84, 9]},
						{"origin": [-11, 5, -17], "size": [7, 1, 1], "uv": [75, 38]},
						{"origin": [8, 5, -17], "size": [7, 1, 1], "uv": [75, 38]},
						{"origin": [-7, 4, -17], "size": [18, 1, 1], "uv": [47, 41]},
						{"origin": [-3, 6, -17], "size": [10, 1, 1], "uv": [47, 43]},
						{"origin": [-11, 2, -17], "size": [26, 2, 1], "uv": [47, 25]},
						{"origin": [-11, 9, -17], "size": [8, 1, 1], "uv": [69, 43]},
						{"origin": [-5, 8, -17], "size": [2, 1, 1], "uv": [21, 11]},
						{"origin": [7, 8, -17], "size": [2, 1, 1], "uv": [21, 11]},
						{"origin": [-4, 7, -17], "size": [2, 1, 1], "uv": [21, 11]},
						{"origin": [6, 7, -17], "size": [2, 1, 1], "uv": [21, 11]},
						{"origin": [-11, 7, -17], "size": [1, 1, 1], "uv": [25, 0]},
						{"origin": [14, 7, -17], "size": [1, 1, 1], "uv": [25, 0]},
						{"origin": [17, 2, -13], "size": [1, 6, 8], "uv": [26, 71]},
						{"origin": [-14, 2, -13], "size": [1, 6, 8], "uv": [26, 71]},
						{"origin": [7, 9, -17], "size": [8, 1, 1], "uv": [69, 43]},
						{"origin": [-12, 11, -15], "size": [28, 13, 1], "uv": [46, 57]},
						{"origin": [17, 8, -13], "size": [1, 16, 8], "uv": [80, 106]},
						{"origin": [-14, 8, -13], "size": [1, 16, 8], "uv": [80, 75]},
						{"origin": [17, 17, -5], "size": [1, 9, 15], "uv": [63, 115]},
						{"origin": [14, 0, 0], "size": [4, 13, 9], "uv": [132, 212]},
						{"origin": [15, 0, 69], "size": [4, 13, 9], "uv": [132, 212]},
						{"origin": [10, 0, 69], "size": [4, 13, 9], "uv": [106, 212]},
						{"origin": [-10, 0, 69], "size": [4, 13, 9], "uv": [54, 212]},
						{"origin": [-15, 0, 69], "size": [4, 13, 9], "uv": [28, 212]},
						{"origin": [14, 0, 0], "size": [4, 13, 9], "uv": [132, 212]},
						{"origin": [14, 2, -2], "size": [4, 9, 13], "uv": [0, 106]},
						{"origin": [15, 2, 67], "size": [4, 9, 13], "uv": [46, 75]},
						{"origin": [10, 2, 67], "size": [4, 9, 13], "uv": [0, 57]},
						{"origin": [-10, 2, 67], "size": [4, 9, 13], "uv": [0, 22]},
						{"origin": [-15, 2, 67], "size": [4, 9, 13], "uv": [0, 0]},
						{"origin": [-14, 2, -2], "size": [4, 9, 13], "uv": [0, 79]},
						{"origin": [14, 1, -1], "size": [4, 11, 11], "uv": [206, 80]},
						{"origin": [15, 1, 68], "size": [4, 11, 11], "uv": [168, 182]},
						{"origin": [-10, 1, 68], "size": [4, 11, 11], "uv": [176, 80]},
						{"origin": [-15, 1, 68], "size": [4, 11, 11], "uv": [0, 128]},
						{"origin": [10, 1, 68], "size": [4, 11, 11], "uv": [70, 172]},
						{"origin": [-14, 1, -1], "size": [4, 11, 11], "uv": [198, 182]},
						{"origin": [-14, 17, -5], "size": [1, 9, 15], "uv": [46, 106]}
					]
				}
			]
		}
	]
}