{
	"format_version": "1.12.0",
	"minecraft:geometry": [
		{
			"description": {
				"identifier": "geometry.drag",
				"texture_width": 128,
				"texture_height": 128,
				"visible_bounds_width": 5,
				"visible_bounds_height": 3,
				"visible_bounds_offset": [0, 0.5, 0]
			},
			"bones": [
				{
					"name": "bb_main",
					"pivot": [0, 0, 0],
					"cubes": [
						{"origin": [-1, 0, -25], "size": [2, 11, 11], "uv": [31, 32]},
						{"origin": [-1, 0, 15], "size": [2, 11, 11], "uv": [31, 10]},
						{"origin": [2, 4, -8], "size": [1, 1, 20], "uv": [0, 21]},
						{"origin": [-3, 4, -8], "size": [1, 1, 20], "uv": [0, 0]},
						{"origin": [-3, 6, -7], "size": [1, 10, 1], "pivot": [0, 0, 0], "rotation": [15, 0, 0], "uv": [0, 21]},
						{"origin": [-2, 0, 21], "size": [1, 9, 1], "pivot": [0, 0, 0], "rotation": [15, 0, 0], "uv": [4, 21]},
						{"origin": [1, 0, 21], "size": [1, 9, 1], "pivot": [0, 0, 0], "rotation": [15, 0, 0], "uv": [8, 7]},
						{"origin": [-2, 0, -20], "size": [1, 16, 1], "pivot": [0, 0, 0], "rotation": [-17.5, 0, 0], "uv": [4, 0]},
						{"origin": [-3, 8, 9], "size": [1, 9, 1], "pivot": [0, 0, 0], "rotation": [-17.5, 0, 0], "uv": [22, 21]},
						{"origin": [2, 8, 9], "size": [1, 9, 1], "pivot": [0, 0, 0], "rotation": [-17.5, 0, 0], "uv": [22, 0]},
						{"origin": [-3, 17, -10], "size": [1, 9, 1], "pivot": [0, 0, 0], "rotation": [-75, 0, 0], "uv": [22, 10]},
						{"origin": [-2, 25, -10], "size": [1, 5, 2], "pivot": [0, 0, 0], "rotation": [-75, 0, 0], "uv": [26, 7]},
						{"origin": [1, 25, -10], "size": [1, 5, 2], "pivot": [0, 0, 0], "rotation": [-75, 0, 0], "uv": [26, 0]},
						{"origin": [-1, 29, -10], "size": [2, 1, 2], "pivot": [0, 0, 0], "rotation": [-75, 0, 0], "uv": [26, 14]},
						{"origin": [2, 8, -10], "size": [1, 9, 1], "pivot": [0, 0, 0], "rotation": [-75, 0, 0], "uv": [16, 21]},
						{"origin": [-3, 8, -10], "size": [1, 9, 1], "pivot": [0, 0, 0], "rotation": [-75, 0, 0], "uv": [8, 21]},
						{"origin": [2, 17, -10], "size": [1, 9, 1], "pivot": [0, 0, 0], "rotation": [-75, 0, 0], "uv": [12, 21]},
						{"origin": [1, 0, -20], "size": [1, 16, 1], "pivot": [0, 0, 0], "rotation": [-17.5, 0, 0], "uv": [0, 0]},
						{"origin": [-2, 10, -22], "size": [4, 5, 2], "pivot": [0, 0, 0], "rotation": [-17.5, 0, 0], "uv": [8, 0]},
						{"origin": [-3, 14, -19], "size": [6, 1, 1], "pivot": [0, 0, 0], "rotation": [-17.5, 0, 0], "uv": [0, 17]},
						{"origin": [-6, 14, -18], "size": [3, 1, 1], "pivot": [0, 0, 0], "rotation": [-17.5, 0, 0], "uv": [30, 0]},
						{"origin": [3, 14, -18], "size": [3, 1, 1], "pivot": [0, 0, 0], "rotation": [-17.5, 0, 0], "uv": [26, 17]},
						{"origin": [-3, -1, 9], "size": [1, 24, 1], "pivot": [0, 0, 0], "rotation": [72.5, 0, 0], "uv": [26, 42]},
						{"origin": [-6, 12, 14], "size": [1, 5, 1], "pivot": [0, 0, 0], "rotation": [72.5, 0, 0], "uv": [26, 27]},
						{"origin": [5, 12, 14], "size": [1, 5, 1], "pivot": [0, 0, 0], "rotation": [72.5, 0, 0], "uv": [26, 21]},
						{"origin": [2, -1, 9], "size": [1, 24, 1], "pivot": [0, 0, 0], "rotation": [72.5, 0, 0], "uv": [22, 42]},
						{"origin": [2, 6, -7], "size": [1, 10, 1], "pivot": [0, 0, 0], "rotation": [15, 0, 0], "uv": [13, 7]},
						{"origin": [-2, 6, 7], "size": [4, 6, 7], "uv": [0, 42]}
					],
					"locators": {
						"_null_null_object": [0, 5, 0]
					}
				}
			]
		}
	]
}