{
	"format_version": "1.12.0",
	"minecraft:geometry": [
		{
			"description": {
				"identifier": "geometry.dump",
				"texture_width": 512,
				"texture_height": 512,
				"visible_bounds_width": 17,
				"visible_bounds_height": 6,
				"visible_bounds_offset": [0, 2, 0]
			},
			"bones": [
				{
					"name": "bb_main",
					"pivot": [0, 0, 0],
					"cubes": [
						{"origin": [-13, 17, -6], "size": [30, 1, 15], "uv": [159, 111]},
						{"origin": [-13, 11, -13], "size": [30, 1, 8], "uv": [0, 93]},
						{"origin": [-13, 10, 88], "size": [30, 6, 1], "uv": [176, 47]},
						{"origin": [-15, 47, 22], "size": [4, 2, 1], "uv": [53, 22]},
						{"origin": [15, 47, 22], "size": [4, 2, 1], "uv": [53, 22]},
						{"origin": [-4, 11, 9], "size": [12, 5, 79], "uv": [201, 27]},
						{"origin": [-14, 10, 14], "size": [2, 2, 49], "uv": [106, 106]},
						{"origin": [-14, 7, 14], "size": [2, 2, 49], "uv": [106, 106]},
						{"origin": [-14, 4, 14], "size": [2, 2, 49], "uv": [106, 106]},
						{"origin": [18, 10, 14], "size": [2, 2, 49], "uv": [0, 106]},
						{"origin": [18, 7, 14], "size": [2, 2, 49], "uv": [0, 106]},
						{"origin": [18, 4, 14], "size": [2, 2, 49], "uv": [0, 0]},
						{"origin": [-8, 17, 23], "size": [20, 2, 75], "uv": [29, 29]},
						{"origin": [-12, 50, 13], "size": [28, 2, 10], "uv": [101, 94]},
						{"origin": [-15, 28, 23], "size": [34, 25, 1], "uv": [0, 160]},
						{"origin": [-15, 28, 97], "size": [34, 21, 1], "uv": [0, 255]},
						{"origin": [-9, 20, 97], "size": [22, 4, 1], "uv": [0, 250]},
						{"origin": [-9, 20, 23], "size": [22, 4, 1], "uv": [0, 250]},
						{"origin": [-8, 19, 97], "size": [20, 1, 1], "uv": [0, 250]},
						{"origin": [-8, 19, 23], "size": [20, 1, 1], "uv": [0, 250]},
						{"origin": [-12, 24, 97], "size": [28, 4, 1], "uv": [0, 250]},
						{"origin": [-12, 24, 23], "size": [28, 4, 1], "uv": [0, 250]},
						{"origin": [19, 49, 23], "size": [1, 4, 3], "uv": [74, 0]},
						{"origin": [-16, 49, 23], "size": [1, 4, 3], "uv": [74, 0]},
						{"origin": [19, 51, 24], "size": [1, 4, 9], "pivot": [0, 50, 21], "rotation": [-30, 0, 0], "uv": [74, 0]},
						{"origin": [-16, 51, 24], "size": [1, 4, 9], "pivot": [0, 50, 21], "rotation": [-30, 0, 0], "uv": [74, 0]},
						{"origin": [19, 28, 23], "size": [1, 21, 75], "uv": [135, 174]},
						{"origin": [16, 24, 23], "size": [3, 4, 75], "uv": [212, 111]},
						{"origin": [-15, 24, 23], "size": [3, 4, 75], "uv": [212, 111]},
						{"origin": [13, 20, 23], "size": [3, 4, 75], "uv": [241, 213]},
						{"origin": [-12, 20, 23], "size": [3, 4, 75], "uv": [241, 213]},
						{"origin": [12, 18, 23], "size": [1, 2, 75], "uv": [135, 174]},
						{"origin": [-9, 18, 23], "size": [1, 2, 75], "uv": [135, 174]},
						{"origin": [-16, 28, 23], "size": [1, 21, 75], "uv": [135, 174]},
						{"origin": [-13, 11, -14], "size": [1, 13, 1], "uv": [41, 6]},
						{"origin": [-12, 24, -14], "size": [28, 3, 1], "uv": [176, 61]},
						{"origin": [16, 11, -14], "size": [1, 13, 1], "uv": [34, 6]},
						{"origin": [16, 24, -14], "size": [1, 8, 1], "uv": [42, 39]},
						{"origin": [-13, 24, -14], "size": [1, 8, 1], "uv": [41, 23]},
						{"origin": [17, 24, -13], "size": [1, 8, 2], "uv": [6, 0]},
						{"origin": [-14, 24, -13], "size": [1, 8, 2], "uv": [0, 0]},
						{"origin": [16, 32, -13], "size": [1, 5, 1], "uv": [53, 5]},
						{"origin": [-13, 32, -13], "size": [1, 5, 1], "uv": [45, 23]},
						{"origin": [17, 32, -12], "size": [1, 5, 2], "uv": [42, 32]},
						{"origin": [-14, 32, -12], "size": [1, 5, 2], "uv": [21, 22]},
						{"origin": [16, 37, -12], "size": [1, 3, 2], "uv": [24, 44]},
						{"origin": [-13, 37, -12], "size": [1, 3, 2], "uv": [6, 44]},
						{"origin": [17, 37, -11], "size": [1, 3, 2], "uv": [18, 44]},
						{"origin": [-14, 37, -11], "size": [1, 3, 2], "uv": [0, 44]},
						{"origin": [17, 39, -9], "size": [1, 1, 2], "uv": [21, 31]},
						{"origin": [-14, 39, -9], "size": [1, 1, 2], "uv": [27, 6]},
						{"origin": [17, 24, -9], "size": [1, 1, 4], "uv": [31, 23]},
						{"origin": [-14, 24, -9], "size": [1, 1, 4], "uv": [0, 22]},
						{"origin": [17, 26, -1], "size": [1, 1, 4], "uv": [0, 27]},
						{"origin": [17, 16, -5], "size": [1, 1, 8], "uv": [31, 14]},
						{"origin": [-14, 16, -5], "size": [1, 1, 8], "uv": [21, 22]},
						{"origin": [17, 10, -5], "size": [1, 6, 1], "uv": [45, 13]},
						{"origin": [-14, 10, -5], "size": [1, 6, 1], "uv": [45, 6]},
						{"origin": [17, 13, -4], "size": [1, 3, 1], "uv": [0, 22]},
						{"origin": [-14, 13, -4], "size": [1, 3, 1], "uv": [21, 6]},
						{"origin": [17, 15, -3], "size": [1, 1, 2], "uv": [6, 10]},
						{"origin": [-14, 15, -3], "size": [1, 1, 2], "uv": [0, 10]},
						{"origin": [-14, 26, -1], "size": [1, 1, 4], "uv": [21, 6]},
						{"origin": [17, 26, 3], "size": [1, 2, 2], "uv": [6, 27]},
						{"origin": [-14, 26, 3], "size": [1, 2, 2], "uv": [6, 22]},
						{"origin": [-14, 26, 5], "size": [1, 3, 2], "uv": [53, 0]},
						{"origin": [17, 26, 5], "size": [1, 3, 2], "uv": [12, 44]},
						{"origin": [17, 29, 6], "size": [1, 1, 1], "uv": [4, 10]},
						{"origin": [-14, 29, 6], "size": [1, 1, 1], "uv": [4, 0]},
						{"origin": [17, 26, 7], "size": [1, 14, 3], "uv": [0, 54]},
						{"origin": [-14, 26, 7], "size": [1, 14, 3], "uv": [34, 31]},
						{"origin": [-14, 40, -10], "size": [32, 1, 20], "uv": [0, 54]},
						{"origin": [-13, 17, 9], "size": [30, 23, 1], "uv": [176, 0]},
						{"origin": [-11, 17, 4], "size": [11, 17, 3], "uv": [70, 182]},
						{"origin": [-11, 36, 4], "size": [11, 3, 3], "uv": [21, 0]},
						{"origin": [-14, 41, -8], "size": [31, 1, 17], "uv": [0, 75]},
						{"origin": [-13, 24, -13], "size": [1, 3, 1], "uv": [0, 27]},
						{"origin": [-13, 5, -17], "size": [30, 6, 1], "uv": [176, 54]},
						{"origin": [-14, 5, -16], "size": [32, 6, 3], "uv": [176, 24]},
						{"origin": [-12, 11, -15], "size": [28, 13, 1], "uv": [176, 33]},
						{"origin": [17, 8, -13], "size": [1, 16, 8], "uv": [136, 122]},
						{"origin": [-14, 8, -13], "size": [1, 16, 8], "uv": [30, 120]},
						{"origin": [17, 17, -5], "size": [1, 9, 15], "uv": [72, 113]},
						{"origin": [14, 0, 0], "size": [4, 13, 9], "uv": [212, 144]},
						{"origin": [15, 0, 69], "size": [4, 13, 9], "uv": [184, 160]},
						{"origin": [10, 0, 69], "size": [4, 13, 9], "uv": [132, 183]},
						{"origin": [-10, 0, 69], "size": [4, 13, 9], "uv": [106, 183]},
						{"origin": [-15, 0, 69], "size": [4, 13, 9], "uv": [78, 13]},
						{"origin": [-14, 0, 0], "size": [4, 13, 9], "uv": [197, 78]},
						{"origin": [14, 2, -2], "size": [4, 9, 13], "uv": [53, 106]},
						{"origin": [15, 2, 67], "size": [4, 9, 13], "uv": [53, 22]},
						{"origin": [10, 2, 67], "size": [4, 9, 13], "uv": [53, 0]},
						{"origin": [-10, 2, 67], "size": [4, 9, 13], "uv": [0, 22]},
						{"origin": [-15, 2, 67], "size": [4, 9, 13], "uv": [0, 0]},
						{"origin": [-14, 2, -2], "size": [4, 9, 13], "uv": [0, 106]},
						{"origin": [14, 1, -1], "size": [4, 11, 11], "uv": [176, 65]},
						{"origin": [15, 1, 68], "size": [4, 11, 11], "uv": [70, 160]},
						{"origin": [-10, 1, 68], "size": [4, 11, 11], "uv": [106, 130]},
						{"origin": [-15, 1, 68], "size": [4, 11, 11], "uv": [0, 128]},
						{"origin": [10, 1, 68], "size": [4, 11, 11], "uv": [53, 128]},
						{"origin": [-14, 1, -1], "size": [4, 11, 11], "uv": [165, 172]},
						{"origin": [-14, 17, -5], "size": [1, 9, 15], "uv": [106, 106]}
					]
				}
			]
		}
	]
}