{
	"format_version": "1.12.0",
	"minecraft:geometry": [
		{
			"description": {
				"identifier": "geometry.engkel_kikicore",
				"texture_width": 256,
				"texture_height": 256,
				"visible_bounds_width": 8,
				"visible_bounds_height": 5,
				"visible_bounds_offset": [0, 1.5, 0]
			},
			"bones": [
				{
					"name": "bb_main",
					"pivot": [0, 0, 0],
					"cubes": [
						{"origin": [10, 0, -15], "size": [4, 11, 9], "uv": [118, 104]},
						{"origin": [10, 0, 31], "size": [4, 11, 9], "uv": [116, 0]},
						{"origin": [8, 12, 29], "size": [7, 1, 13], "uv": [0, 41]},
						{"origin": [-15, 12, 29], "size": [7, 1, 13], "uv": [0, 27]},
						{"origin": [8, 11, 28], "size": [7, 1, 2], "uv": [116, 51]},
						{"origin": [-15, 11, 28], "size": [7, 1, 2], "uv": [43, 109]},
						{"origin": [-15, 11, 41], "size": [7, 1, 2], "uv": [43, 106]},
						{"origin": [8, 1, 27], "size": [7, 10, 2], "uv": [78, 168]},
						{"origin": [-15, 1, 27], "size": [7, 10, 2], "uv": [154, 155]},
						{"origin": [-15, 1, 42], "size": [7, 10, 2], "uv": [154, 143]},
						{"origin": [8, 1, 42], "size": [7, 10, 2], "uv": [60, 167]},
						{"origin": [8, 11, 41], "size": [7, 1, 2], "uv": [116, 24]},
						{"origin": [-15, 0, -15], "size": [4, 11, 9], "uv": [87, 104]},
						{"origin": [-14, 0, 31], "size": [4, 11, 9], "uv": [0, 86]},
						{"origin": [-14, 1, 30], "size": [4, 9, 11], "uv": [30, 152]},
						{"origin": [-15, 1, -16], "size": [4, 9, 11], "uv": [0, 152]},
						{"origin": [10, 1, -16], "size": [4, 9, 11], "uv": [151, 105]},
						{"origin": [10, 1, 30], "size": [4, 9, 11], "uv": [31, 86]},
						{"origin": [-14, 1, -25], "size": [28, 8, 7], "uv": [149, 0]},
						{"origin": [-13, 1, -26], "size": [1, 8, 1], "uv": [8, 27]},
						{"origin": [-12, 3, -26], "size": [10, 1, 1], "uv": [116, 22]},
						{"origin": [2, 3, -26], "size": [10, 1, 1], "uv": [116, 20]},
						{"origin": [3, 2, -26], "size": [9, 1, 1], "uv": [27, 29]},
						{"origin": [-12, 2, -26], "size": [9, 1, 1], "uv": [27, 27]},
						{"origin": [-7, 4, -26], "size": [2, 1, 1], "uv": [50, 95]},
						{"origin": [-3, 4, -26], "size": [6, 1, 1], "uv": [34, 31]},
						{"origin": [-12, 1, -26], "size": [24, 1, 1], "uv": [116, 45]},
						{"origin": [-5, 6, -26], "size": [10, 1, 1], "uv": [27, 52]},
						{"origin": [-8, 7, -26], "size": [16, 1, 1], "uv": [116, 49]},
						{"origin": [-12, 8, -26], "size": [24, 1, 1], "uv": [116, 47]},
						{"origin": [5, 4, -26], "size": [2, 1, 1], "uv": [39, 54]},
						{"origin": [-6, 5, -26], "size": [2, 1, 1], "uv": [0, 93]},
						{"origin": [4, 5, -26], "size": [2, 1, 1], "uv": [34, 33]},
						{"origin": [12, 1, -26], "size": [1, 8, 1], "uv": [8, 41]},
						{"origin": [-14, 9, -23], "size": [28, 13, 1], "uv": [149, 15]},
						{"origin": [-14, 13, -4], "size": [28, 21, 2], "uv": [0, 123]},
						{"origin": [-12, 18, -8], "size": [10, 13, 3], "uv": [92, 152]},
						{"origin": [-13, 13, -17], "size": [26, 1, 13], "uv": [116, 31]},
						{"origin": [-13, 9, -18], "size": [26, 4, 1], "uv": [0, 20]},
						{"origin": [-6, 6, -13], "size": [12, 3, 63], "uv": [0, 86]},
						{"origin": [-15, 13, -2], "size": [30, 30, 56], "uv": [0, 0]},
						{"origin": [-14, 4, 50], "size": [28, 6, 0], "uv": [0, 14]},
						{"origin": [13, 21, -23], "size": [1, 4, 2], "uv": [95, 86]},
						{"origin": [-14, 21, -23], "size": [1, 4, 2], "uv": [87, 86]},
						{"origin": [13, 25, -22], "size": [1, 5, 2], "uv": [50, 86]},
						{"origin": [13, 30, -21], "size": [1, 4, 2], "uv": [50, 27]},
						{"origin": [-14, 25, -22], "size": [1, 5, 2], "uv": [0, 86]},
						{"origin": [-14, 30, -21], "size": [1, 4, 2], "uv": [56, 86]},
						{"origin": [-14, 34, -20], "size": [28, 1, 17], "uv": [87, 86]},
						{"origin": [-13, 33, -21], "size": [26, 1, 1], "uv": [0, 25]},
						{"origin": [-15, 20, -26], "size": [1, 1, 6], "uv": [12, 106]},
						{"origin": [14, 20, -26], "size": [1, 1, 6], "uv": [12, 106]},
						{"origin": [-18, 20, -27], "size": [4, 7, 1], "uv": [31, 86]},
						{"origin": [14, 20, -27], "size": [4, 7, 1], "uv": [31, 86]},
						{"origin": [-14, 13, -22], "size": [1, 8, 6], "uv": [151, 125]},
						{"origin": [13, 13, -22], "size": [1, 8, 6], "uv": [42, 27]},
						{"origin": [13, 12, -17], "size": [1, 1, 1], "uv": [8, 36]},
						{"origin": [13, 12, -17], "size": [2, 1, 14], "uv": [60, 152]},
						{"origin": [-15, 12, -17], "size": [2, 1, 14], "uv": [151, 125]},
						{"origin": [13, 11, -18], "size": [2, 1, 2], "uv": [31, 94]},
						{"origin": [-15, 11, -18], "size": [2, 1, 2], "uv": [54, 92]},
						{"origin": [13, 11, -5], "size": [2, 1, 2], "uv": [47, 52]},
						{"origin": [-15, 11, -5], "size": [2, 1, 2], "uv": [47, 52]},
						{"origin": [13, 1, -18], "size": [2, 10, 1], "uv": [48, 41]},
						{"origin": [-15, 1, -18], "size": [2, 10, 1], "uv": [27, 41]},
						{"origin": [-14, 9, -22], "size": [1, 4, 5], "uv": [17, 86]},
						{"origin": [13, 9, -22], "size": [1, 4, 5], "uv": [27, 31]},
						{"origin": [-14, 12, -17], "size": [1, 1, 1], "uv": [27, 33]},
						{"origin": [-14, 12, -5], "size": [1, 1, 1], "uv": [27, 31]},
						{"origin": [13, 2, -2], "size": [1, 8, 29], "uv": [87, 104]},
						{"origin": [-14, 2, -2], "size": [1, 8, 29], "uv": [0, 86]},
						{"origin": [13, 1, -2], "size": [2, 1, 29], "uv": [148, 75]},
						{"origin": [-15, 1, -2], "size": [2, 1, 29], "uv": [121, 143]},
						{"origin": [13, 8, -2], "size": [2, 2, 29], "uv": [118, 112]},
						{"origin": [-15, 8, -2], "size": [2, 2, 29], "uv": [116, 0]},
						{"origin": [13, 1, -4], "size": [2, 11, 2], "uv": [0, 41]},
						{"origin": [-15, 1, -4], "size": [2, 11, 2], "uv": [0, 27]},
						{"origin": [13, 2, 19], "size": [2, 1, 8], "uv": [31, 106]},
						{"origin": [-15, 2, 19], "size": [2, 1, 8], "uv": [0, 106]},
						{"origin": [13, 3, 22], "size": [2, 5, 5], "uv": [49, 152]},
						{"origin": [-15, 3, 22], "size": [2, 5, 5], "uv": [19, 152]},
						{"origin": [-14, 13, -16], "size": [1, 11, 6], "uv": [132, 152]},
						{"origin": [13, 13, -16], "size": [1, 11, 6], "uv": [118, 152]},
						{"origin": [-14, 13, -10], "size": [1, 11, 6], "uv": [87, 86]},
						{"origin": [13, 13, -10], "size": [1, 11, 6], "uv": [34, 35]},
						{"origin": [-13, 9, -24], "size": [26, 13, 1], "uv": [0, 0]}
					]
				}
			]
		}
	]
}