{
	"format_version": "1.12.0",
	"minecraft:geometry": [
		{
			"description": {
				"identifier": "geometry.fuso",
				"texture_width": 2000,
				"texture_height": 2000,
				"visible_bounds_width": 23,
				"visible_bounds_height": 8,
				"visible_bounds_offset": [0, 1, 0]
			},
			"bones": [
				{
					"name": "bb_main",
					"pivot": [0, 0, 0],
					"cubes": [
						{"origin": [12, 0, 0], "size": [5, 15, 13], "uv": [221, 105]},
						{"origin": [12, 0, 92], "size": [5, 15, 13], "uv": [104, 221]},
						{"origin": [-17, 0, 92], "size": [5, 15, 13], "uv": [221, 77]},
						{"origin": [-17, 0, 109], "size": [5, 15, 13], "uv": [221, 28]},
						{"origin": [12, 0, 109], "size": [5, 15, 13], "uv": [221, 0]},
						{"origin": [-17, 0, 0], "size": [5, 15, 13], "uv": [113, 11]},
						{"origin": [-14, 18, 9], "size": [11, 19, 4], "uv": [115, 72]},
						{"origin": [-17, 1, -1], "size": [5, 13, 15], "uv": [0, 211]},
						{"origin": [12, 1, -1], "size": [5, 13, 15], "uv": [77, 206]},
						{"origin": [12, 1, 91], "size": [5, 13, 15], "uv": [104, 105]},
						{"origin": [-17, 1, 108], "size": [5, 13, 15], "uv": [88, 24]},
						{"origin": [-17, 1, 91], "size": [5, 13, 15], "uv": [44, 24]},
						{"origin": [12, 1, 108], "size": [5, 13, 15], "uv": [0, 24]},
						{"origin": [-17, 6, -11], "size": [34, 1, 8], "uv": [0, 112]},
						{"origin": [-17, 16, -12], "size": [8, 7, 1], "uv": [0, 93]},
						{"origin": [9, 16, -12], "size": [8, 7, 1], "uv": [44, 52]},
						{"origin": [-17, 7, -10], "size": [1, 8, 6], "uv": [25, 24]},
						{"origin": [-17, 15, -10], "size": [1, 10, 7], "uv": [0, 68]},
						{"origin": [-17, 18, -3], "size": [1, 9, 14], "uv": [114, 39]},
						{"origin": [-17, 27, -1], "size": [1, 1, 12], "uv": [88, 52]},
						{"origin": [15, 16, -3], "size": [1, 1, 3], "uv": [67, 60]},
						{"origin": [16, 17, -3], "size": [1, 1, 2], "uv": [0, 3]},
						{"origin": [-16, 16, -3], "size": [1, 1, 3], "uv": [59, 60]},
						{"origin": [-17, 17, -3], "size": [1, 1, 2], "uv": [0, 0]},
						{"origin": [15, 14, -3], "size": [1, 2, 1], "uv": [9, 3]},
						{"origin": [-16, 14, -3], "size": [1, 2, 1], "uv": [9, 0]},
						{"origin": [16, 27, -1], "size": [1, 1, 12], "uv": [84, 72]},
						{"origin": [16, 28, 7], "size": [1, 1, 4], "uv": [0, 17]},
						{"origin": [-17, 28, 7], "size": [1, 1, 4], "uv": [12, 14]},
						{"origin": [16, 38, -7], "size": [1, 2, 3], "uv": [84, 85]},
						{"origin": [-17, 38, -7], "size": [1, 2, 3], "uv": [0, 85]},
						{"origin": [16, 18, -3], "size": [1, 9, 14], "uv": [91, 0]},
						{"origin": [-17, 27, -10], "size": [1, 6, 2], "uv": [84, 72]},
						{"origin": [16, 27, -10], "size": [1, 6, 2], "uv": [14, 83]},
						{"origin": [-17, 33, -9], "size": [1, 6, 2], "uv": [75, 29]},
						{"origin": [16, 33, -9], "size": [1, 6, 2], "uv": [69, 31]},
						{"origin": [17, 38, -9], "size": [4, 1, 1], "uv": [52, 60]},
						{"origin": [-21, 38, -9], "size": [4, 1, 1], "uv": [49, 37]},
						{"origin": [21, 26, -9], "size": [1, 12, 1], "uv": [54, 24]},
						{"origin": [-23, 27, -8], "size": [3, 3, 1], "uv": [44, 60]},
						{"origin": [-23, 31, -8], "size": [3, 6, 1], "uv": [69, 24]},
						{"origin": [20, 30, -8], "size": [3, 6, 1], "uv": [9, 68]},
						{"origin": [-22, 26, -9], "size": [1, 12, 1], "uv": [50, 24]},
						{"origin": [17, 25, -9], "size": [4, 1, 1], "uv": [9, 21]},
						{"origin": [-21, 25, -9], "size": [4, 1, 1], "uv": [6, 19]},
						{"origin": [16, 15, -10], "size": [1, 10, 7], "uv": [0, 0]},
						{"origin": [16, 7, -10], "size": [1, 8, 6], "uv": [0, 24]},
						{"origin": [16, 28, 5], "size": [1, 12, 2], "uv": [44, 24]},
						{"origin": [-17, 28, 5], "size": [1, 12, 2], "uv": [16, 0]},
						{"origin": [16, 18, 11], "size": [1, 22, 5], "uv": [138, 201]},
						{"origin": [-17, 18, 11], "size": [1, 22, 5], "uv": [61, 206]},
						{"origin": [-17, 7, -11], "size": [34, 20, 1], "uv": [0, 121]},
						{"origin": [-16, 17, 15], "size": [32, 23, 1], "uv": [0, 187]},
						{"origin": [-16, 7, -4], "size": [32, 10, 1], "uv": [77, 187]},
						{"origin": [-16, 17, -3], "size": [32, 1, 18], "uv": [0, 93]},
						{"origin": [-17, 40, -7], "size": [34, 1, 23], "uv": [0, 0]},
						{"origin": [-16, 41, -5], "size": [32, 1, 20], "uv": [0, 72]},
						{"origin": [-9, 15, -12], "size": [18, 8, 1], "uv": [0, 52]},
						{"origin": [-17, 5, -14], "size": [34, 7, 3], "uv": [70, 138]},
						{"origin": [-16, 5, -15], "size": [32, 7, 1], "uv": [77, 198]},
						{"origin": [-15, 7, 164], "size": [30, 6, 1], "uv": [0, 142]},
						{"origin": [-8, 8, -3], "size": [16, 6, 148], "uv": [0, 358]},
						{"origin": [-17, 9, 16], "size": [2, 4, 73], "uv": [180, 359]},
						{"origin": [15, 9, 16], "size": [2, 4, 73], "uv": [227, 188]},
						{"origin": [-17, 9, 125], "size": [2, 4, 40], "uv": [44, 28]},
						{"origin": [15, 9, 125], "size": [2, 4, 40], "uv": [0, 24]},
						{"origin": [-17, 4, 125], "size": [2, 4, 29], "uv": [71, 105]},
						{"origin": [15, 4, 125], "size": [2, 4, 29], "uv": [82, 72]},
						{"origin": [-17, 4, 16], "size": [2, 4, 73], "uv": [221, 0]},
						{"origin": [15, 4, 16], "size": [2, 4, 73], "uv": [0, 187]},
						{"origin": [-18, 17, 19], "size": [36, 38, 149], "uv": [0, 0]},
						{"origin": [-19, 47, 18], "size": [38, 20, 151], "uv": [0, 187]},
						{"origin": [-18, 67, 18], "size": [36, 1, 151], "uv": [227, 36]},
						{"origin": [-16, 68, 18], "size": [32, 1, 151], "uv": [227, 207]}
					]
				}
			]
		}
	]
}