{
	"format_version": "1.12.0",
	"minecraft:geometry": [
		{
			"description": {
				"identifier": "geometry.gojek",
				"texture_width": 128,
				"texture_height": 128,
				"visible_bounds_width": 5,
				"visible_bounds_height": 3.5,
				"visible_bounds_offset": [0, 1.25, 0]
			},
			"bones": [
				{
					"name": "bb_main",
					"pivot": [0, 0, 0],
					"cubes": [
						{"origin": [0, 0, -18], "size": [0, 10, 10], "uv": [18, 45]},
						{"origin": [1, 4, -14], "size": [0, 11, 2], "pivot": [0, 4, -12], "rotation": [-35, 0, 0], "uv": [72, 78]},
						{"origin": [-1, 4, -14], "size": [0, 11, 2], "pivot": [0, 4, -12], "rotation": [-35, 0, 0], "uv": [56, 78]},
						{"origin": [-4, 3, -6], "size": [8, 4, 16], "uv": [0, 0]},
						{"origin": [-4, 7, 3], "size": [8, 7, 11], "uv": [0, 37]},
						{"origin": [-6, 8, 12], "size": [12, 0, 1], "pivot": [0, 8, 12], "rotation": [27.5, 0, 0], "uv": [53, 36]},
						{"origin": [1, 5, 14], "size": [3, 2, 7], "uv": [27, 69]},
						{"origin": [2, 5, 10], "size": [0, 2, 7], "uv": [0, 3]},
						{"origin": [1, 7, 14], "size": [3, 1, 2], "uv": [0, 32]},
						{"origin": [1, 4, 16], "size": [2, 4, 6], "uv": [0, 0]},
						{"origin": [-5, 13, 3], "size": [10, 2, 15], "pivot": [0, 15, 3], "rotation": [2.5, 0, 0], "uv": [0, 20]},
						{"origin": [-2, 13, 18], "size": [4, 2, 7], "pivot": [0, 15, 3], "rotation": [2.5, 0, 0], "uv": [65, 54]},
						{"origin": [-2, 12, 18], "size": [4, 2, 8], "pivot": [0, 15, 3], "rotation": [2.5, 0, 0], "uv": [56, 38]},
						{"origin": [-2, 16, 25], "size": [4, 1, 1], "pivot": [0, 15, 3], "rotation": [2.5, 0, 0], "uv": [32, 13]},
						{"origin": [-5, 13.65429, 18.01428], "size": [3, 2, 7], "pivot": [-5, 15, 18], "rotation": [2.75806, 24.97457, 1.16524], "uv": [72, 36]},
						{"origin": [-5, 12.65429, 18.01428], "size": [3, 2, 8], "pivot": [-5, 15, 18], "rotation": [2.62116, 17.48281, 0.78795], "uv": [60, 63]},
						{"origin": [-2.71886, 16.96248, 21.31769], "size": [1, 1, 4], "pivot": [-2, 18, 25], "rotation": [37.62116, 17.48281, 0.78795], "uv": [44, 61]},
						{"origin": [2, 13.65429, 18.01428], "size": [3, 2, 7], "pivot": [5, 15, 18], "rotation": [2.75806, -24.97457, -1.16524], "uv": [40, 71]},
						{"origin": [1.71886, 16.96248, 21.31769], "size": [1, 1, 4], "pivot": [2, 18, 25], "rotation": [37.62116, -17.48281, -0.78795], "uv": [80, 51]},
						{"origin": [2, 12.65429, 18.01428], "size": [3, 2, 8], "pivot": [5, 15, 18], "rotation": [2.62116, -17.48281, -0.78795], "uv": [46, 61]},
						{"origin": [-5, 13, -3], "size": [10, 2, 7], "pivot": [0, 15, 4], "rotation": [12.5, 0, 0], "uv": [55, 0]},
						{"origin": [-4, 11, 14], "size": [8, 3, 7], "pivot": [0, 14, 11], "rotation": [5, 0, 0], "uv": [55, 9]},
						{"origin": [-2, 7, -2], "size": [4, 5, 5], "uv": [32, 3]},
						{"origin": [3, 7, -2], "size": [1, 6, 5], "pivot": [4, 16, 3], "rotation": [0, 25, 0], "uv": [42, 43]},
						{"origin": [-4, 7, -2], "size": [1, 6, 5], "pivot": [-4, 9, 3], "rotation": [0, -25, 0], "uv": [35, 21]},
						{"origin": [4, 6, -6], "size": [2, 1, 16], "uv": [35, 4]},
						{"origin": [-5, 4, -6], "size": [1, 2, 16], "uv": [0, 55]},
						{"origin": [4, 4, -6], "size": [1, 2, 16], "pivot": [0, 15, 4], "rotation": [2.5, 0, 0], "uv": [38, 38]},
						{"origin": [-6, 6, -6], "size": [2, 1, 16], "uv": [34, 21]},
						{"origin": [-6, 5, 13], "size": [3, 3, 10], "pivot": [0, 7, 23], "rotation": [5, 0, 0], "uv": [28, 56]},
						{"origin": [-5, 5.12083, 9.13626], "size": [1, 1, 5], "pivot": [0, 5, 13], "rotation": [5.00474, -2.49048, -0.21803], "uv": [18, 65]},
						{"origin": [-1, 10, -20], "size": [2, 2, 5], "pivot": [0, 12, -15], "rotation": [27.5, 0, 0], "uv": [0, 76]},
						{"origin": [-1, 10, -9], "size": [2, 2, 4], "pivot": [0, 12, -9], "rotation": [-40, 0, 0], "uv": [44, 80]},
						{"origin": [-1, 10, -15], "size": [2, 2, 6], "uv": [0, 55]},
						{"origin": [-6, 11, -12], "size": [2, 2, 5], "pivot": [0, 11, -7], "rotation": [-25, 0, 0], "uv": [72, 73]},
						{"origin": [4, 11, -12], "size": [2, 2, 5], "pivot": [0, 11, -7], "rotation": [-25, 0, 0], "uv": [74, 63]},
						{"origin": [-6, 13, -11], "size": [2, 2, 4], "uv": [78, 9]},
						{"origin": [4, 13, -11], "size": [2, 2, 4], "uv": [76, 45]},
						{"origin": [-6, 18, -17], "size": [12, 1, 9], "pivot": [0, 19, -8], "rotation": [50, 0, 0], "uv": [54, 21]},
						{"origin": [-7, 20, -10], "size": [14, 1, 4], "pivot": [0, 19, -8], "rotation": [75, 0, 0], "uv": [54, 31]},
						{"origin": [-11, 21, -5], "size": [5, 0, 2], "pivot": [0, 19, -8], "rotation": [75, 0, 0], "uv": [0, 14]},
						{"origin": [6, 21, -5], "size": [5, 0, 2], "pivot": [0, 19, -8], "rotation": [75, 0, 0], "uv": [0, 12]},
						{"origin": [-3, 7, -7], "size": [6, 4, 2], "uv": [0, 63]},
						{"origin": [-5, 13, -11], "size": [10, 1, 4], "uv": [44, 56]},
						{"origin": [-2, 9, -8], "size": [4, 9, 3], "uv": [0, 20]},
						{"origin": [5, 21, -9], "size": [1, 4, 0], "pivot": [5, 21, -9], "rotation": [-6.06254, 1.61488, 44.49759], "uv": [14, 0]},
						{"origin": [-6, 21, -9], "size": [1, 4, 0], "pivot": [-5, 21, -9], "rotation": [0, 0, -45], "uv": [0, 12]},
						{"origin": [-4, 19, -8], "size": [8, 2, 4], "pivot": [0, 21, -8], "rotation": [-42.5, 0, 0], "uv": [56, 48]},
						{"origin": [-6, 19, -7], "size": [13, 1, 2], "pivot": [0, 21, -8], "rotation": [-42.5, 0, 0], "uv": [32, 0]},
						{"origin": [7, 19, -6], "size": [2, 1, 1], "pivot": [0, 21, -8], "rotation": [-42.5, 0, 0], "uv": [0, 2]},
						{"origin": [7, 19, -7], "size": [2, 1, 0], "pivot": [0, 21, -8], "rotation": [-42.5, 0, 0], "uv": [0, 5]},
						{"origin": [-8, 19, -7], "size": [2, 1, 0], "pivot": [0, 21, -8], "rotation": [-42.5, 0, 0], "uv": [0, 4]},
						{"origin": [-8, 19, -6], "size": [2, 1, 1], "pivot": [0, 21, -8], "rotation": [-42.5, 0, 0], "uv": [0, 0]},
						{"origin": [-6, 13, -10], "size": [12, 3, 0], "uv": [0, 73]},
						{"origin": [5, 8, -8], "size": [1, 3, 1], "uv": [12, 12]},
						{"origin": [-6, 8, -8], "size": [1, 3, 1], "uv": [10, 0]},
						{"origin": [-6, 3, -8], "size": [4, 9, 1], "pivot": [0, 8, -8], "rotation": [20, 0, 0], "uv": [14, 76]},
						{"origin": [-6, 8, -8], "size": [4, 7, 1], "pivot": [-2, 10, -8], "rotation": [0, 12.5, 0], "uv": [34, 80]},
						{"origin": [2, 8, -8], "size": [4, 7, 1], "pivot": [2, 10, -8], "rotation": [0, -12.5, 0], "uv": [24, 78]},
						{"origin": [2, 3, -8], "size": [4, 9, 1], "pivot": [0, 8, -8], "rotation": [20, 0, 0], "uv": [0, 37]},
						{"origin": [0, 0, 14], "size": [0, 10, 10], "uv": [27, 28]},
						{"origin": [1, 4, 19], "size": [0, 9, 2], "pivot": [-1, 4, 18], "rotation": [35, 0, 0], "uv": [54, 19]},
						{"origin": [-1, 4, 19], "size": [0, 9, 2], "pivot": [-1, 4, 18], "rotation": [35, 0, 0], "uv": [49, 36]},
						{"origin": [-3, 6, 26], "size": [6, 10, 0], "pivot": [0, 6, 26], "rotation": [25, 0, 0], "uv": [60, 73]},
						{"origin": [-4, 4, 1], "size": [4, 12, 4], "pivot": [0, 16, 3], "rotation": [-34.0724, 8.53726, 12.37961], "uv": [0, 112]},
						{"origin": [0, 4, 1], "size": [4, 12, 4], "pivot": [0, 16, 3], "rotation": [-34.0724, -8.53726, -12.37961], "uv": [0, 112]},
						{"origin": [-4, 16, 1], "size": [8, 12, 4], "uv": [0, 96]},
						{"origin": [-4, 28, -1], "size": [8, 8, 8], "uv": [24, 96]},
						{"origin": [-8, 16, 3], "size": [4, 12, 4], "pivot": [0, 28, 3], "rotation": [-57.5, 0, 0], "uv": [16, 112]},
						{"origin": [4, 16, 3], "size": [4, 12, 4], "pivot": [0, 28, 3], "rotation": [-57.5, 0, 0], "uv": [16, 112]}
					]
				}
			]
		}
	]
}