{
	"format_version": "1.12.0",
	"minecraft:geometry": [
		{
			"description": {
				"identifier": "geometry.hino_trailer_box",
				"texture_width": 1024,
				"texture_height": 1024,
				"visible_bounds_width": 41,
				"visible_bounds_height": 11,
				"visible_bounds_offset": [0, 3.5, 0]
			},
			"bones": [
				{
					"name": "Hino",
					"pivot": [0, 0, 0],
					"cubes": [
						{"origin": [12, 0, 0], "size": [5, 15, 13], "uv": [180, 226]},
						{"origin": [12, 0, 48], "size": [5, 15, 13], "uv": [221, 65]},
						{"origin": [-17, 0, 48], "size": [5, 15, 13], "uv": [221, 0]},
						{"origin": [-17, 0, 65], "size": [5, 15, 13], "uv": [112, 216]},
						{"origin": [12, 0, 65], "size": [5, 15, 13], "uv": [76, 216]},
						{"origin": [12, 0, 223], "size": [5, 15, 13], "uv": [76, 216]},
						{"origin": [12, 0, 240], "size": [5, 15, 13], "uv": [76, 216]},
						{"origin": [12, 0, 257], "size": [5, 15, 13], "uv": [76, 216]},
						{"origin": [-17, 0, 257], "size": [5, 15, 13], "uv": [76, 216]},
						{"origin": [-17, 0, 240], "size": [5, 15, 13], "uv": [76, 216]},
						{"origin": [-17, 0, 223], "size": [5, 15, 13], "uv": [76, 216]},
						{"origin": [-17, 0, 0], "size": [5, 15, 13], "uv": [0, 216]},
						{"origin": [-14, 18, 9], "size": [11, 19, 4], "uv": [33, 0]},
						{"origin": [-17, 1, -1], "size": [5, 13, 15], "uv": [205, 180]},
						{"origin": [12, 1, -1], "size": [5, 13, 15], "uv": [180, 195]},
						{"origin": [12, 1, 47], "size": [5, 13, 15], "uv": [180, 167]},
						{"origin": [-17, 1, 64], "size": [5, 13, 15], "uv": [0, 176]},
						{"origin": [-17, 1, 47], "size": [5, 13, 15], "uv": [101, 175]},
						{"origin": [12, 1, 64], "size": [5, 13, 15], "uv": [76, 162]},
						{"origin": [12, 1, 222], "size": [5, 13, 15], "uv": [76, 162]},
						{"origin": [-17, 1, 222], "size": [5, 13, 15], "uv": [76, 162]},
						{"origin": [-17, 1, 239], "size": [5, 13, 15], "uv": [76, 162]},
						{"origin": [-17, 1, 256], "size": [5, 13, 15], "uv": [76, 162]},
						{"origin": [12, 1, 239], "size": [5, 13, 15], "uv": [76, 162]},
						{"origin": [12, 1, 256], "size": [5, 13, 15], "uv": [76, 162]},
						{"origin": [-17, 6, -11], "size": [34, 1, 8], "uv": [0, 140]},
						{"origin": [-17, 15, -12], "size": [6, 8, 1], "uv": [50, 115]},
						{"origin": [-11, 15, -12], "size": [1, 5, 1], "uv": [76, 0]},
						{"origin": [10, 15, -12], "size": [1, 5, 1], "uv": [33, 65]},
						{"origin": [15, 12, -12], "size": [2, 3, 1], "uv": [47, 33]},
						{"origin": [-17, 12, -12], "size": [2, 3, 1], "uv": [8, 33]},
						{"origin": [-10, 14, -12], "size": [1, 2, 1], "uv": [7, 110]},
						{"origin": [9, 14, -12], "size": [1, 2, 1], "uv": [109, 74]},
						{"origin": [11, 15, -12], "size": [6, 8, 1], "uv": [101, 65]},
						{"origin": [-17, 7, -10], "size": [1, 8, 6], "uv": [47, 33]},
						{"origin": [-17, 15, -10], "size": [1, 11, 7], "uv": [130, 0]},
						{"origin": [-17, 18, -3], "size": [1, 9, 12], "uv": [0, 65]},
						{"origin": [-17, 27, 5], "size": [1, 1, 4], "uv": [53, 88]},
						{"origin": [15, 16, -3], "size": [1, 1, 3], "uv": [55, 107]},
						{"origin": [16, 17, -3], "size": [1, 1, 2], "uv": [23, 90]},
						{"origin": [-16, 16, -3], "size": [1, 1, 3], "uv": [47, 107]},
						{"origin": [-17, 17, -3], "size": [1, 1, 2], "uv": [0, 25]},
						{"origin": [15, 14, -3], "size": [1, 2, 1], "uv": [11, 109]},
						{"origin": [-16, 14, -3], "size": [1, 2, 1], "uv": [52, 107]},
						{"origin": [16, 27, 5], "size": [1, 1, 4], "uv": [0, 72]},
						{"origin": [16, 39, -8], "size": [1, 1, 3], "uv": [106, 77]},
						{"origin": [-17, 39, -8], "size": [1, 1, 3], "uv": [91, 84]},
						{"origin": [16, 18, -3], "size": [1, 9, 12], "uv": [0, 0]},
						{"origin": [-17, 26, -11], "size": [1, 7, 2], "uv": [142, 29]},
						{"origin": [16, 26, -11], "size": [1, 7, 2], "uv": [142, 20]},
						{"origin": [-17, 33, -10], "size": [1, 7, 2], "uv": [82, 103]},
						{"origin": [16, 33, -10], "size": [1, 7, 2], "uv": [76, 103]},
						{"origin": [17, 39, -10], "size": [4, 1, 1], "uv": [15, 90]},
						{"origin": [-21, 39, -10], "size": [4, 1, 1], "uv": [42, 65]},
						{"origin": [21, 27, -10], "size": [1, 12, 1], "uv": [60, 77]},
						{"origin": [-23, 28, -9], "size": [3, 3, 1], "uv": [0, 107]},
						{"origin": [-23, 32, -9], "size": [3, 6, 1], "uv": [85, 0]},
						{"origin": [20, 31, -9], "size": [3, 6, 1], "uv": [0, 65]},
						{"origin": [-22, 27, -10], "size": [1, 12, 1], "uv": [57, 65]},
						{"origin": [17, 26, -10], "size": [4, 1, 1], "uv": [51, 25]},
						{"origin": [-21, 26, -10], "size": [4, 1, 1], "uv": [0, 10]},
						{"origin": [16, 15, -10], "size": [1, 11, 7], "uv": [76, 0]},
						{"origin": [16, 7, -10], "size": [1, 8, 6], "uv": [0, 33]},
						{"origin": [16, 18, 9], "size": [1, 22, 7], "uv": [132, 86]},
						{"origin": [-17, 18, 9], "size": [1, 22, 7], "uv": [33, 65]},
						{"origin": [-17, 7, -11], "size": [34, 19, 1], "uv": [76, 44]},
						{"origin": [-16, 17, 15], "size": [32, 23, 1], "uv": [76, 20]},
						{"origin": [-18, 14, 20], "size": [36, 33, 1], "uv": [427, 308]},
						{"origin": [-16, 7, -4], "size": [32, 10, 1], "uv": [76, 151]},
						{"origin": [-16, 17, -3], "size": [32, 1, 18], "uv": [221, 128]},
						{"origin": [-17, 40, -9], "size": [34, 1, 25], "uv": [355, 0]},
						{"origin": [-16, 41, -7], "size": [32, 1, 22], "uv": [355, 26]},
						{"origin": [-15, 42, -5], "size": [4, 5, 4], "uv": [355, 26]},
						{"origin": [-19, 47, 19], "size": [4, 5, 4], "uv": [355, 26]},
						{"origin": [15, 47, 19], "size": [4, 5, 4], "uv": [355, 26]},
						{"origin": [8, 12, -12], "size": [1, 4, 1], "uv": [93, 65]},
						{"origin": [-9, 12, -12], "size": [1, 4, 1], "uv": [0, 86]},
						{"origin": [-10, 21, -12], "size": [20, 2, 1], "uv": [76, 125]},
						{"origin": [-9, 19, -12], "size": [18, 1, 1], "uv": [102, 133]},
						{"origin": [-3, 18, -12], "size": [6, 1, 1], "uv": [15, 88]},
						{"origin": [-3, 16, -12], "size": [6, 1, 1], "uv": [15, 86]},
						{"origin": [-9, 17, -12], "size": [18, 1, 1], "uv": [101, 86]},
						{"origin": [-8, 15, -12], "size": [16, 1, 1], "uv": [102, 137]},
						{"origin": [-8, 13, -12], "size": [16, 1, 1], "uv": [102, 135]},
						{"origin": [-10, 16, -12], "size": [1, 4, 1], "uv": [76, 65]},
						{"origin": [-11, 20, -12], "size": [1, 3, 1], "uv": [59, 0]},
						{"origin": [10, 20, -12], "size": [1, 3, 1], "uv": [33, 0]},
						{"origin": [9, 16, -12], "size": [1, 4, 1], "uv": [42, 67]},
						{"origin": [-17, 5, -12], "size": [34, 7, 1], "uv": [76, 117]},
						{"origin": [-16, 5, -13], "size": [32, 7, 1], "uv": [76, 140]},
						{"origin": [-15, 7, 86], "size": [30, 6, 1], "uv": [0, 57]},
						{"origin": [11, 34, 22], "size": [13, 13, 1], "uv": [352, 178]},
						{"origin": [-8, 8, -3], "size": [16, 6, 89], "uv": [59, 210]},
						{"origin": [-8, 10, 163], "size": [16, 6, 148], "uv": [0, 151]},
						{"origin": [15, 9, 118], "size": [2, 4, 73], "uv": [328, 65]},
						{"origin": [-17, 4, 191], "size": [2, 4, 29], "uv": [0, 65]},
						{"origin": [-17, 9, 191], "size": [2, 4, 29], "uv": [0, 65]},
						{"origin": [-17, 4, 16], "size": [2, 4, 29], "uv": [0, 65]},
						{"origin": [-17, 9, 16], "size": [2, 4, 29], "uv": [0, 65]},
						{"origin": [15, 4, 191], "size": [2, 4, 29], "uv": [0, 0]},
						{"origin": [15, 9, 191], "size": [2, 4, 29], "uv": [0, 0]},
						{"origin": [15, 4, 16], "size": [2, 4, 29], "uv": [0, 0]},
						{"origin": [15, 9, 16], "size": [2, 4, 29], "uv": [0, 0]},
						{"origin": [15, 4, 118], "size": [2, 4, 73], "uv": [0, 305]},
						{"origin": [-1, 0, 0], "size": [1, 1, 1], "uv": [0, 0]}
					]
				},
				{
					"name": "bone",
					"pivot": [0, 0, 0],
					"cubes": [
						{"origin": [-17, 4, 118], "size": [2, 4, 73], "uv": [150, 305]},
						{"origin": [-17, 9, 118], "size": [2, 4, 73], "uv": [334, 142]},
						{"origin": [-17, 9, 273], "size": [2, 4, 40], "uv": [69, 382]},
						{"origin": [-17, 4, 273], "size": [2, 4, 29], "uv": [0, 65]},
						{"origin": [15, 4, 273], "size": [2, 4, 29], "uv": [0, 0]},
						{"origin": [15, 9, 273], "size": [2, 4, 40], "uv": [310, 226]},
						{"origin": [-15, 10, 312], "size": [30, 6, 1], "uv": [0, 57]},
						{"origin": [-6, 14, 66], "size": [12, 8, 13], "uv": [0, 308]},
						{"origin": [-18, 20, 116], "size": [36, 2, 197], "uv": [49, 825]},
						{"origin": [-18, 22, 36], "size": [36, 50, 277], "uv": [398, 695]},
						{"origin": [-18, 20, 37], "size": [36, 2, 81], "uv": [165, 941]}
					]
				}
			]
		}
	]
}