{
	"format_version": "1.12.0",
	"minecraft:geometry": [
		{
			"description": {
				"identifier": "geometry.hino500v2",
				"texture_width": 1024,
				"texture_height": 1024,
				"visible_bounds_width": 23,
				"visible_bounds_height": 6,
				"visible_bounds_offset": [0, 2, 0]
			},
			"bones": [
				{
					"name": "bb_main",
					"pivot": [0, 0, 0],
					"cubes": [
						{"origin": [12, 0, 0], "size": [5, 15, 13], "uv": [27, 226]},
						{"origin": [12, 0, 92], "size": [5, 15, 13], "uv": [221, 77]},
						{"origin": [-17, 0, 92], "size": [5, 15, 13], "uv": [221, 0]},
						{"origin": [-17, 0, 109], "size": [5, 15, 13], "uv": [113, 33]},
						{"origin": [12, 0, 109], "size": [5, 15, 13], "uv": [221, 28]},
						{"origin": [-17, 0, 0], "size": [5, 15, 13], "uv": [221, 105]},
						{"origin": [-14, 18, 9], "size": [11, 19, 4], "uv": [93, 0]},
						{"origin": [-17, 1, -1], "size": [5, 13, 15], "uv": [77, 218]},
						{"origin": [12, 1, -1], "size": [5, 13, 15], "uv": [0, 211]},
						{"origin": [12, 1, 91], "size": [5, 13, 15], "uv": [104, 97]},
						{"origin": [-17, 1, 108], "size": [5, 13, 15], "uv": [44, 49]},
						{"origin": [-17, 1, 91], "size": [5, 13, 15], "uv": [0, 49]},
						{"origin": [12, 1, 108], "size": [5, 13, 15], "uv": [88, 49]},
						{"origin": [-17, 6, -11], "size": [34, 1, 8], "uv": [33, 130]},
						{"origin": [-17, 15, -12], "size": [6, 8, 1], "uv": [69, 53]},
						{"origin": [-11, 15, -12], "size": [1, 5, 1], "uv": [20, 6]},
						{"origin": [10, 15, -12], "size": [1, 5, 1], "uv": [20, 0]},
						{"origin": [15, 12, -12], "size": [2, 3, 1], "uv": [9, 0]},
						{"origin": [-17, 12, -12], "size": [2, 3, 1], "uv": [0, 0]},
						{"origin": [-10, 14, -12], "size": [1, 2, 1], "uv": [36, 51]},
						{"origin": [9, 14, -12], "size": [1, 2, 1], "uv": [33, 49]},
						{"origin": [11, 15, -12], "size": [6, 8, 1], "uv": [44, 49]},
						{"origin": [-17, 7, -10], "size": [1, 8, 6], "uv": [25, 49]},
						{"origin": [-17, 15, -10], "size": [1, 11, 7], "uv": [0, 0]},
						{"origin": [-17, 18, -3], "size": [1, 9, 12], "uv": [116, 65]},
						{"origin": [-17, 27, 5], "size": [1, 1, 4], "uv": [44, 58]},
						{"origin": [15, 16, -3], "size": [1, 1, 3], "uv": [44, 79]},
						{"origin": [16, 17, -3], "size": [1, 1, 2], "uv": [9, 4]},
						{"origin": [-16, 16, -3], "size": [1, 1, 3], "uv": [11, 19]},
						{"origin": [-17, 17, -3], "size": [1, 1, 2], "uv": [0, 4]},
						{"origin": [15, 14, -3], "size": [1, 2, 1], "uv": [18, 45]},
						{"origin": [-16, 14, -3], "size": [1, 2, 1], "uv": [3, 30]},
						{"origin": [16, 27, 5], "size": [1, 1, 4], "uv": [12, 40]},
						{"origin": [16, 39, -8], "size": [1, 1, 3], "uv": [26, 79]},
						{"origin": [-17, 39, -8], "size": [1, 1, 3], "uv": [50, 58]},
						{"origin": [16, 18, -3], "size": [1, 9, 12], "uv": [0, 116]},
						{"origin": [-17, 26, -11], "size": [1, 7, 2], "uv": [20, 79]},
						{"origin": [16, 26, -11], "size": [1, 7, 2], "uv": [8, 79]},
						{"origin": [-17, 33, -10], "size": [1, 7, 2], "uv": [14, 79]},
						{"origin": [16, 33, -10], "size": [1, 7, 2], "uv": [16, 31]},
						{"origin": [17, 39, -10], "size": [4, 1, 1], "uv": [69, 62]},
						{"origin": [-21, 39, -10], "size": [4, 1, 1], "uv": [0, 22]},
						{"origin": [21, 27, -10], "size": [1, 12, 1], "uv": [19, 12]},
						{"origin": [-23, 28, -9], "size": [3, 3, 1], "uv": [0, 44]},
						{"origin": [-23, 32, -9], "size": [3, 6, 1], "uv": [9, 26]},
						{"origin": [20, 31, -9], "size": [3, 6, 1], "uv": [0, 79]},
						{"origin": [-22, 27, -10], "size": [1, 12, 1], "uv": [16, 0]},
						{"origin": [17, 26, -10], "size": [4, 1, 1], "uv": [8, 45]},
						{"origin": [-21, 26, -10], "size": [4, 1, 1], "uv": [9, 23]},
						{"origin": [16, 15, -10], "size": [1, 11, 7], "uv": [0, 26]},
						{"origin": [16, 7, -10], "size": [1, 8, 6], "uv": [0, 49]},
						{"origin": [16, 18, 9], "size": [1, 22, 7], "uv": [133, 218]},
						{"origin": [-17, 18, 9], "size": [1, 22, 7], "uv": [117, 218]},
						{"origin": [-17, 7, -11], "size": [34, 19, 1], "uv": [77, 187]},
						{"origin": [-16, 17, 15], "size": [32, 23, 1], "uv": [0, 187]},
						{"origin": [-16, 7, -4], "size": [32, 10, 1], "uv": [77, 207]},
						{"origin": [-16, 17, -3], "size": [32, 1, 18], "uv": [0, 97]},
						{"origin": [-17, 40, -9], "size": [34, 1, 25], "uv": [0, 0]},
						{"origin": [-16, 41, -7], "size": [32, 1, 22], "uv": [0, 26]},
						{"origin": [8, 12, -12], "size": [1, 4, 1], "uv": [8, 49]},
						{"origin": [-9, 12, -12], "size": [1, 4, 1], "uv": [0, 49]},
						{"origin": [-10, 21, -12], "size": [20, 2, 1], "uv": [88, 86]},
						{"origin": [-9, 19, -12], "size": [18, 1, 1], "uv": [44, 77]},
						{"origin": [-3, 18, -12], "size": [6, 1, 1], "uv": [0, 20]},
						{"origin": [-3, 16, -12], "size": [6, 1, 1], "uv": [0, 18]},
						{"origin": [-9, 17, -12], "size": [18, 1, 1], "uv": [0, 77]},
						{"origin": [-8, 15, -12], "size": [16, 1, 1], "uv": [69, 51]},
						{"origin": [-8, 13, -12], "size": [16, 1, 1], "uv": [69, 49]},
						{"origin": [-10, 16, -12], "size": [1, 4, 1], "uv": [17, 26]},
						{"origin": [-11, 20, -12], "size": [1, 3, 1], "uv": [25, 49]},
						{"origin": [10, 20, -12], "size": [1, 3, 1], "uv": [18, 40]},
						{"origin": [9, 16, -12], "size": [1, 4, 1], "uv": [0, 26]},
						{"origin": [-17, 5, -12], "size": [34, 7, 1], "uv": [62, 139]},
						{"origin": [-16, 5, -13], "size": [32, 7, 1], "uv": [33, 116]},
						{"origin": [-15, 7, 164], "size": [30, 6, 1], "uv": [86, 26]},
						{"origin": [-8, 8, -3], "size": [16, 6, 148], "uv": [0, 358]},
						{"origin": [-17, 9, 16], "size": [2, 4, 73], "uv": [180, 359]},
						{"origin": [15, 9, 16], "size": [2, 4, 73], "uv": [0, 187]},
						{"origin": [-17, 9, 125], "size": [2, 4, 40], "uv": [44, 53]},
						{"origin": [15, 9, 125], "size": [2, 4, 40], "uv": [0, 49]},
						{"origin": [-17, 4, 125], "size": [2, 4, 29], "uv": [0, 116]},
						{"origin": [15, 4, 125], "size": [2, 4, 29], "uv": [71, 97]},
						{"origin": [-17, 4, 16], "size": [2, 4, 73], "uv": [227, 188]},
						{"origin": [15, 4, 16], "size": [2, 4, 73], "uv": [221, 0]},
						{"origin": [-18, 17, 19], "size": [36, 38, 149], "uv": [0, 0]}
					]
				}
			]
		}
	]
}