{
	"format_version": "1.12.0",
	"minecraft:geometry": [
		{
			"description": {
				"identifier": "geometry.hino_trailer",
				"texture_width": 1024,
				"texture_height": 1024,
				"visible_bounds_width": 41,
				"visible_bounds_height": 10,
				"visible_bounds_offset": [0, 4, 0]
			},
			"bones": [
				{
					"name": "Hino",
					"pivot": [0, 0, 0],
					"cubes": [
						{"origin": [12, 0, 0], "size": [5, 15, 13], "uv": [180, 226]},
						{"origin": [12, 0, 48], "size": [5, 15, 13], "uv": [221, 65]},
						{"origin": [-17, 0, 48], "size": [5, 15, 13], "uv": [221, 0]},
						{"origin": [-17, 0, 65], "size": [5, 15, 13], "uv": [112, 216]},
						{"origin": [12, 0, 65], "size": [5, 15, 13], "uv": [76, 216]},
						{"origin": [12, 0, 223], "size": [5, 15, 13], "uv": [76, 216]},
						{"origin": [12, 0, 240], "size": [5, 15, 13], "uv": [76, 216]},
						{"origin": [12, 0, 257], "size": [5, 15, 13], "uv": [76, 216]},
						{"origin": [-17, 0, 257], "size": [5, 15, 13], "uv": [76, 216]},
						{"origin": [-17, 0, 240], "size": [5, 15, 13], "uv": [76, 216]},
						{"origin": [-17, 0, 223], "size": [5, 15, 13], "uv": [76, 216]},
						{"origin": [-17, 0, 0], "size": [5, 15, 13], "uv": [0, 216]},
						{"origin": [-14, 18, 9], "size": [11, 19, 4], "uv": [33, 0]},
						{"origin": [-17, 1, -1], "size": [5, 13, 15], "uv": [205, 180]},
						{"origin": [12, 1, -1], "size": [5, 13, 15], "uv": [180, 195]},
						{"origin": [12, 1, 47], "size": [5, 13, 15], "uv": [180, 167]},
						{"origin": [-17, 1, 64], "size": [5, 13, 15], "uv": [0, 176]},
						{"origin": [-17, 1, 47], "size": [5, 13, 15], "uv": [101, 175]},
						{"origin": [12, 1, 64], "size": [5, 13, 15], "uv": [76, 162]},
						{"origin": [12, 1, 222], "size": [5, 13, 15], "uv": [76, 162]},
						{"origin": [-17, 1, 222], "size": [5, 13, 15], "uv": [76, 162]},
						{"origin": [-17, 1, 239], "size": [5, 13, 15], "uv": [76, 162]},
						{"origin": [-17, 1, 256], "size": [5, 13, 15], "uv": [76, 162]},
						{"origin": [12, 1, 239], "size": [5, 13, 15], "uv": [76, 162]},
						{"origin": [12, 1, 256], "size": [5, 13, 15], "uv": [76, 162]},
						{"origin": [-17, 6, -11], "size": [34, 1, 8], "uv": [0, 140]},
						{"origin": [-17, 15, -12], "size": [6, 8, 1], "uv": [50, 115]},
						{"origin": [-11, 15, -12], "size": [1, 5, 1], "uv": [76, 0]},
						{"origin": [10, 15, -12], "size": [1, 5, 1], "uv": [33, 65]},
						{"origin": [15, 12, -12], "size": [2, 3, 1], "uv": [47, 33]},
						{"origin": [-17, 12, -12], "size": [2, 3, 1], "uv": [8, 33]},
						{"origin": [-10, 14, -12], "size": [1, 2, 1], "uv": [7, 110]},
						{"origin": [9, 14, -12], "size": [1, 2, 1], "uv": [109, 74]},
						{"origin": [11, 15, -12], "size": [6, 8, 1], "uv": [101, 65]},
						{"origin": [-17, 7, -10], "size": [1, 8, 6], "uv": [47, 33]},
						{"origin": [-17, 15, -10], "size": [1, 11, 7], "uv": [130, 0]},
						{"origin": [-17, 18, -3], "size": [1, 9, 12], "uv": [0, 65]},
						{"origin": [-17, 27, 5], "size": [1, 1, 4], "uv": [53, 88]},
						{"origin": [15, 16, -3], "size": [1, 1, 3], "uv": [55, 107]},
						{"origin": [16, 17, -3], "size": [1, 1, 2], "uv": [23, 90]},
						{"origin": [-16, 16, -3], "size": [1, 1, 3], "uv": [47, 107]},
						{"origin": [-17, 17, -3], "size": [1, 1, 2], "uv": [0, 25]},
						{"origin": [15, 14, -3], "size": [1, 2, 1], "uv": [11, 109]},
						{"origin": [-16, 14, -3], "size": [1, 2, 1], "uv": [52, 107]},
						{"origin": [16, 27, 5], "size": [1, 1, 4], "uv": [0, 72]},
						{"origin": [16, 39, -8], "size": [1, 1, 3], "uv": [106, 77]},
						{"origin": [-17, 39, -8], "size": [1, 1, 3], "uv": [91, 84]},
						{"origin": [16, 18, -3], "size": [1, 9, 12], "uv": [0, 0]},
						{"origin": [-17, 26, -11], "size": [1, 7, 2], "uv": [142, 29]},
						{"origin": [16, 26, -11], "size": [1, 7, 2], "uv": [142, 20]},
						{"origin": [-17, 33, -10], "size": [1, 7, 2], "uv": [82, 103]},
						{"origin": [16, 33, -10], "size": [1, 7, 2], "uv": [76, 103]},
						{"origin": [17, 39, -10], "size": [4, 1, 1], "uv": [15, 90]},
						{"origin": [-21, 39, -10], "size": [4, 1, 1], "uv": [42, 65]},
						{"origin": [21, 27, -10], "size": [1, 12, 1], "uv": [60, 77]},
						{"origin": [-23, 28, -9], "size": [3, 3, 1], "uv": [0, 107]},
						{"origin": [-23, 32, -9], "size": [3, 6, 1], "uv": [85, 0]},
						{"origin": [20, 31, -9], "size": [3, 6, 1], "uv": [0, 65]},
						{"origin": [-22, 27, -10], "size": [1, 12, 1], "uv": [57, 65]},
						{"origin": [17, 26, -10], "size": [4, 1, 1], "uv": [51, 25]},
						{"origin": [-21, 26, -10], "size": [4, 1, 1], "uv": [0, 10]},
						{"origin": [16, 15, -10], "size": [1, 11, 7], "uv": [76, 0]},
						{"origin": [16, 7, -10], "size": [1, 8, 6], "uv": [0, 33]},
						{"origin": [16, 18, 9], "size": [1, 22, 7], "uv": [132, 86]},
						{"origin": [-17, 18, 9], "size": [1, 22, 7], "uv": [33, 65]},
						{"origin": [-17, 7, -11], "size": [34, 19, 1], "uv": [76, 44]},
						{"origin": [-16, 17, 15], "size": [32, 23, 1], "uv": [76, 20]},
						{"origin": [-18, 14, 20], "size": [36, 33, 1], "uv": [427, 308]},
						{"origin": [-16, 7, -4], "size": [32, 10, 1], "uv": [76, 151]},
						{"origin": [-16, 17, -3], "size": [32, 1, 18], "uv": [221, 128]},
						{"origin": [-17, 40, -9], "size": [34, 1, 25], "uv": [355, 0]},
						{"origin": [-16, 41, -7], "size": [32, 1, 22], "uv": [355, 26]},
						{"origin": [-15, 42, -5], "size": [4, 5, 4], "uv": [355, 26]},
						{"origin": [-19, 47, 19], "size": [4, 5, 4], "uv": [355, 26]},
						{"origin": [15, 47, 19], "size": [4, 5, 4], "uv": [355, 26]},
						{"origin": [8, 12, -12], "size": [1, 4, 1], "uv": [93, 65]},
						{"origin": [-9, 12, -12], "size": [1, 4, 1], "uv": [0, 86]},
						{"origin": [-10, 21, -12], "size": [20, 2, 1], "uv": [76, 125]},
						{"origin": [-9, 19, -12], "size": [18, 1, 1], "uv": [102, 133]},
						{"origin": [-3, 18, -12], "size": [6, 1, 1], "uv": [15, 88]},
						{"origin": [-3, 16, -12], "size": [6, 1, 1], "uv": [15, 86]},
						{"origin": [-9, 17, -12], "size": [18, 1, 1], "uv": [101, 86]},
						{"origin": [-8, 15, -12], "size": [16, 1, 1], "uv": [102, 137]},
						{"origin": [-8, 13, -12], "size": [16, 1, 1], "uv": [102, 135]},
						{"origin": [-10, 16, -12], "size": [1, 4, 1], "uv": [76, 65]},
						{"origin": [-11, 20, -12], "size": [1, 3, 1], "uv": [59, 0]},
						{"origin": [10, 20, -12], "size": [1, 3, 1], "uv": [33, 0]},
						{"origin": [9, 16, -12], "size": [1, 4, 1], "uv": [42, 67]},
						{"origin": [-17, 5, -12], "size": [34, 7, 1], "uv": [76, 117]},
						{"origin": [-16, 5, -13], "size": [32, 7, 1], "uv": [76, 140]},
						{"origin": [-15, 7, 86], "size": [30, 6, 1], "uv": [0, 57]},
						{"origin": [2, 22, 298], "size": [13, 13, 1], "uv": [352, 178]},
						{"origin": [-8, 8, -3], "size": [16, 6, 89], "uv": [59, 210]},
						{"origin": [-8, 8, 163], "size": [16, 6, 148], "uv": [0, 151]},
						{"origin": [15, 9, 118], "size": [2, 4, 73], "uv": [328, 65]},
						{"origin": [-17, 4, 191], "size": [2, 4, 29], "uv": [0, 65]},
						{"origin": [-17, 9, 191], "size": [2, 4, 29], "uv": [0, 65]},
						{"origin": [-17, 4, 16], "size": [2, 4, 29], "uv": [0, 65]},
						{"origin": [-17, 9, 16], "size": [2, 4, 29], "uv": [0, 65]},
						{"origin": [15, 4, 191], "size": [2, 4, 29], "uv": [0, 0]},
						{"origin": [15, 9, 191], "size": [2, 4, 29], "uv": [0, 0]},
						{"origin": [15, 4, 16], "size": [2, 4, 29], "uv": [0, 0]},
						{"origin": [15, 9, 16], "size": [2, 4, 29], "uv": [0, 0]},
						{"origin": [15, 4, 118], "size": [2, 4, 73], "uv": [0, 305]},
						{"origin": [-18, 21, 116], "size": [36, 2, 2], "uv": [244, 1020]},
						{"origin": [-1, 0, 0], "size": [1, 1, 1], "uv": [0, 0]}
					]
				},
				{
					"name": "bone3",
					"pivot": [0, -111, 199],
					"rotation": [0, 180, 0],
					"cubes": [
						{"origin": [-22, 21, 160], "size": [1, 8, 1], "uv": [142, 138]},
						{"origin": [-22, 20, 161], "size": [1, 10, 3], "uv": [0, 176]},
						{"origin": [-24, 21, 159], "size": [6, 8, 1], "uv": [47, 98]},
						{"origin": [-24, 19, 164], "size": [6, 1, 64], "uv": [0, 0]},
						{"origin": [-24, 19, 161], "size": [6, 1, 3], "uv": [0, 169]},
						{"origin": [-24, 20, 160], "size": [6, 1, 1], "uv": [47, 27]},
						{"origin": [-24, 29, 160], "size": [6, 1, 1], "uv": [14, 74]},
						{"origin": [-24, 30, 161], "size": [6, 1, 3], "uv": [126, 182]},
						{"origin": [-22, 20, 228], "size": [1, 10, 3], "uv": [76, 190]},
						{"origin": [-22, 21, 231], "size": [1, 8, 1], "uv": [8, 0]},
						{"origin": [-20, 50, 194], "size": [40, 1, 50], "uv": [180, 226]},
						{"origin": [-18, 35, 247], "size": [36, 15, 1], "uv": [180, 151]},
						{"origin": [-18, 51, 216], "size": [20, 2, 28], "uv": [227, 305]},
						{"origin": [2, 37, 178], "size": [16, 2, 15], "uv": [0, 98]},
						{"origin": [19, 35, 169], "size": [2, 19, 2], "uv": [56, 249]},
						{"origin": [1, 46, 169], "size": [18, 2, 1], "uv": [102, 130]},
						{"origin": [-1, 35, 169], "size": [2, 19, 2], "uv": [245, 199]},
						{"origin": [-1, 54, 170], "size": [2, 11, 2], "uv": [134, 100]},
						{"origin": [19, 65, 171], "size": [2, 4, 2], "uv": [101, 74]},
						{"origin": [19, 54, 170], "size": [2, 11, 2], "uv": [140, 125]},
						{"origin": [-1, 54, 170], "size": [2, 11, 2], "uv": [137, 65]},
						{"origin": [-14, -91, 125], "size": [6, 5, 60], "pivot": [0, 19, 199], "rotation": [-110, 0, 0], "uv": [77, 305]},
						{"origin": [-1, 68, 173], "size": [22, 2, 22], "uv": [405, 49]},
						{"origin": [-14, -108, 162], "size": [6, 5, 16], "pivot": [0, 19, 199], "rotation": [-127.5, 0, 0], "uv": [101, 65]},
						{"origin": [-14, -90, 130], "size": [6, 5, 46], "pivot": [0, 19, 199], "rotation": [-105, 0, 0], "uv": [180, 390]},
						{"origin": [-15, 66, 93], "size": [8, 10, 44], "pivot": [0, 19, 199], "rotation": [-25, 0, 0], "uv": [366, 369]},
						{"origin": [-15, 42, 79], "size": [8, 10, 44], "pivot": [0, 19, 199], "rotation": [-37.5, 0, 0], "uv": [122, 382]},
						{"origin": [-15, 25, 117], "size": [8, 10, 67], "pivot": [0, 19, 199], "rotation": [-50, 0, 0], "uv": [261, 277]},
						{"origin": [-16, 43, 93], "size": [0, 10, 51], "pivot": [0, 19, 199], "rotation": [-37.5, 0, 0], "uv": [242, 391]},
						{"origin": [-21, 35, 189], "size": [6, 13, 5], "uv": [0, 151]},
						{"origin": [-15, 20, 115], "size": [8, 10, 53], "pivot": [0, 19, 199], "rotation": [-60, 0, 0], "uv": [0, 382]},
						{"origin": [-21, 35, 184], "size": [6, 11, 5], "uv": [126, 162]},
						{"origin": [-21, 35, 179], "size": [6, 9, 5], "uv": [40, 190]},
						{"origin": [-21, 35, 169], "size": [20, 6, 5], "uv": [0, 204]},
						{"origin": [-21, 35, 174], "size": [20, 7, 5], "uv": [76, 203]},
						{"origin": [-1, 65, 171], "size": [2, 4, 2], "uv": [55, 33]},
						{"origin": [-23, 21, 165], "size": [1, 9, 62], "uv": [238, 354]},
						{"origin": [-20, 35, 244], "size": [40, 15, 3], "uv": [180, 277]},
						{"origin": [-15, 53, 238], "size": [2, 8, 2], "uv": [0, 0]},
						{"origin": [-21, 35, 194], "size": [42, 15, 50], "uv": [221, 0]},
						{"origin": [-17, 53, 217], "size": [18, 2, 18], "uv": [76, 0]},
						{"origin": [19, 50, 194], "size": [2, 18, 2], "uv": [229, 93]},
						{"origin": [20, 48, 171], "size": [1, 2, 23], "uv": [0, 151]},
						{"origin": [-1, 50, 194], "size": [2, 18, 2], "uv": [221, 93]},
						{"origin": [2, 37, 187], "size": [16, 21, 3], "pivot": [0, 19, 199], "rotation": [-7.5, 0, 0], "uv": [0, 244]},
						{"origin": [-1, 35, 171], "size": [1, 15, 23], "uv": [76, 65]},
						{"origin": [-24, 19, 228], "size": [6, 1, 3], "uv": [25, 167]},
						{"origin": [18, 19, 228], "size": [6, 1, 3], "uv": [115, 125]},
						{"origin": [-24, 20, 231], "size": [6, 1, 1], "uv": [15, 25]},
						{"origin": [-24, 21, 232], "size": [6, 8, 1], "uv": [0, 98]},
						{"origin": [-22, 20, 164], "size": [1, 11, 64], "uv": [347, 294]},
						{"origin": [-24, 30, 228], "size": [6, 1, 3], "uv": [33, 23]},
						{"origin": [-24, 29, 231], "size": [6, 1, 1], "uv": [14, 9]},
						{"origin": [-21, 23, 175], "size": [42, 5, 48], "uv": [221, 65]},
						{"origin": [18, 21, 159], "size": [6, 8, 1], "uv": [14, 0]},
						{"origin": [18, 31, 164], "size": [6, 1, 64], "uv": [0, 216]},
						{"origin": [18, 29, 160], "size": [6, 1, 1], "uv": [48, 23]},
						{"origin": [18, 20, 160], "size": [6, 1, 1], "uv": [33, 27]},
						{"origin": [18, 19, 161], "size": [6, 1, 3], "uv": [101, 170]},
						{"origin": [18, 19, 164], "size": [6, 1, 64], "uv": [0, 65]},
						{"origin": [18, 21, 232], "size": [6, 8, 1], "uv": [14, 65]},
						{"origin": [18, 20, 231], "size": [6, 1, 1], "uv": [15, 21]},
						{"origin": [18, 30, 228], "size": [6, 1, 3], "uv": [76, 83]},
						{"origin": [18, 29, 231], "size": [6, 1, 1], "uv": [15, 23]},
						{"origin": [22, 21, 165], "size": [1, 9, 62], "uv": [302, 369]},
						{"origin": [21, 20, 161], "size": [1, 10, 3], "uv": [76, 162]},
						{"origin": [21, 20, 164], "size": [1, 11, 64], "uv": [344, 219]},
						{"origin": [21, 21, 160], "size": [1, 8, 1], "uv": [145, 63]},
						{"origin": [21, 20, 228], "size": [1, 10, 3], "uv": [180, 167]},
						{"origin": [21, 21, 231], "size": [1, 8, 1], "uv": [8, 65]},
						{"origin": [18, 30, 161], "size": [6, 1, 3], "uv": [126, 178]},
						{"origin": [-8, 26, 192], "size": [16, 9, 15], "uv": [0, 33]},
						{"origin": [-6, 43, 93], "size": [0, 10, 51], "pivot": [0, 19, 199], "rotation": [-37.5, 0, 0], "uv": [0, 451]},
						{"origin": [-22, 52, 84], "size": [22, 11, 3], "uv": [0, 115]},
						{"origin": [-7, 35, 179], "size": [6, 9, 5], "uv": [25, 176]},
						{"origin": [-7, 35, 184], "size": [6, 11, 5], "uv": [25, 151]},
						{"origin": [-24, 31, 164], "size": [6, 1, 64], "uv": [0, 151]},
						{"origin": [-7, 35, 189], "size": [6, 13, 5], "uv": [76, 65]},
						{"origin": [0, 47, 87], "size": [1, 18, 3], "uv": [216, 226]},
						{"origin": [0, 52, 84], "size": [1, 11, 3], "uv": [124, 88]},
						{"origin": [0, 43, 90], "size": [1, 24, 3], "uv": [49, 65]},
						{"origin": [0, 40, 93], "size": [1, 29, 3], "uv": [138, 244]},
						{"origin": [0, 37, 96], "size": [1, 32, 3], "uv": [50, 216]},
						{"origin": [0, 35, 99], "size": [1, 34, 5], "uv": [48, 151]},
						{"origin": [-22, 35, 99], "size": [22, 6, 3], "uv": [221, 28]},
						{"origin": [-22, 37, 96], "size": [22, 6, 3], "uv": [221, 37]},
						{"origin": [-22, 40, 93], "size": [22, 6, 3], "uv": [76, 251]},
						{"origin": [-22, 47, 87], "size": [22, 6, 3], "uv": [76, 260]},
						{"origin": [-22, 43, 90], "size": [22, 6, 3], "uv": [180, 254]},
						{"origin": [-23, 35, 99], "size": [1, 34, 5], "uv": [38, 216]},
						{"origin": [-23, 40, 93], "size": [1, 29, 3], "uv": [245, 167]},
						{"origin": [-23, 37, 96], "size": [1, 32, 3], "uv": [130, 244]},
						{"origin": [-23, 43, 90], "size": [1, 24, 3], "uv": [140, 200]},
						{"origin": [-23, 47, 87], "size": [1, 18, 3], "uv": [230, 167]},
						{"origin": [-23, 52, 84], "size": [1, 11, 3], "uv": [129, 65]},
						{"origin": [-23, 67, 92], "size": [1, 2, 1], "uv": [60, 106]},
						{"origin": [0, 67, 92], "size": [1, 2, 1], "uv": [3, 90]},
						{"origin": [-22, 35, 102], "size": [4, 1, 7], "uv": [0, 86]},
						{"origin": [-4, 35, 102], "size": [4, 1, 7], "uv": [101, 162]},
						{"origin": [-13, 35, 102], "size": [4, 1, 7], "uv": [0, 21]},
						{"origin": [-20, 34, 170], "size": [40, 1, 74], "uv": [180, 151]},
						{"origin": [-22, 63, 86], "size": [22, 2, 3], "uv": [180, 263]},
						{"origin": [-22, 65, 88], "size": [22, 2, 5], "uv": [76, 244]},
						{"origin": [0, 65, 88], "size": [1, 2, 2], "uv": [0, 33]},
						{"origin": [-23, 63, 86], "size": [1, 2, 1], "uv": [8, 107]},
						{"origin": [0, 63, 86], "size": [1, 2, 1], "uv": [0, 72]},
						{"origin": [-22, 67, 92], "size": [22, 2, 12], "uv": [76, 103]},
						{"origin": [-23, 65, 88], "size": [1, 2, 2], "uv": [0, 21]}
					]
				},
				{
					"name": "bone",
					"pivot": [0, 0, 0],
					"cubes": [
						{"origin": [-17, 4, 118], "size": [2, 4, 73], "uv": [150, 305]},
						{"origin": [-17, 9, 118], "size": [2, 4, 73], "uv": [334, 142]},
						{"origin": [-17, 9, 273], "size": [2, 4, 40], "uv": [69, 382]},
						{"origin": [-17, 4, 273], "size": [2, 4, 29], "uv": [0, 65]},
						{"origin": [15, 4, 273], "size": [2, 4, 29], "uv": [0, 0]},
						{"origin": [15, 9, 273], "size": [2, 4, 40], "uv": [310, 226]},
						{"origin": [-15, 7, 312], "size": [30, 6, 1], "uv": [0, 57]},
						{"origin": [-6, 14, 66], "size": [12, 8, 13], "uv": [0, 308]},
						{"origin": [-18, 19, 116], "size": [36, 2, 2], "uv": [244, 1020]},
						{"origin": [-18, 17, 116], "size": [36, 2, 197], "uv": [49, 825]},
						{"origin": [-18, 22, 37], "size": [36, 2, 81], "uv": [165, 941]}
					]
				}
			]
		}
	]
}