{
	"format_version": "1.12.0",
	"minecraft:geometry": [
		{
			"description": {
				"identifier": "geometry.lampu_merah",
				"texture_width": 64,
				"texture_height": 64,
				"visible_bounds_width": 2,
				"visible_bounds_height": 4.5,
				"visible_bounds_offset": [0, 1.75, 0]
			},
			"bones": [
				{
					"name": "bone",
					"pivot": [0, 0, 16],
					"cubes": [
						{"origin": [-1, 0, -1], "size": [2, 48, 2], "uv": [0, 13]},
						{"origin": [-6, 48, -6], "size": [12, 1, 12], "pivot": [0, 48, 0], "rotation": [0, 0, 10], "uv": [0, 0]},
						{"origin": [-4, 21, -3], "size": [8, 22, 2], "uv": [8, 13]}
					]
				}
			]
		}
	]
}