{
	"format_version": "1.12.0",
	"minecraft:geometry": [
		{
			"description": {
				"identifier": "geometry.layangan_naga",
				"texture_width": 128,
				"texture_height": 128,
				"visible_bounds_width": 175,
				"visible_bounds_height": 97,
				"visible_bounds_offset": [0, 12.5, 0]
			},
			"bones": [
				{
					"name": "Layangan_naga",
					"pivot": [0, -171, 233],
					"rotation": [32.5, 0, 0],
					"cubes": [
						{"origin": [-1, 90, 134], "size": [1, 1, 118], "uv": [0, 126]}
					]
				},
				{
					"name": "bone8",
					"parent": "Layangan_naga",
					"pivot": [0, 80.99352, 1298.44941]
				},
				{
					"name": "Badan_naga50",
					"parent": "bone8",
					"pivot": [0, 80.99352, 1319.44941],
					"cubes": [
						{"origin": [7, 88.99352, 1327.44941], "size": [1, 1, 21], "uv": [50, 45]},
						{"origin": [-27, 88.99352, 1347.44941], "size": [54, 1, 1], "uv": [0, 0]},
						{"origin": [-8, 88.99352, 1327.44941], "size": [1, 1, 21], "uv": [27, 44]},
						{"origin": [-7, 81.99352, 1347.44941], "size": [14, 14, 1], "uv": [46, 2]},
						{"origin": [14, 85.99352, 1347.44941], "size": [13, 3, 1], "uv": [97, 3]},
						{"origin": [-27, 85.99352, 1347.44941], "size": [13, 3, 1], "uv": [97, 3]},
						{"origin": [-1, 95.99352, 1327.44941], "size": [2, 1, 21], "uv": [41, 22]}
					]
				},
				{
					"name": "Badan_naga51",
					"parent": "bone8",
					"pivot": [0, 80.99352, 1340.44941],
					"cubes": [
						{"origin": [7, 88.99352, 1348.44941], "size": [1, 1, 21], "uv": [50, 45]},
						{"origin": [-27, 88.99352, 1368.44941], "size": [54, 1, 1], "uv": [0, 0]},
						{"origin": [-8, 88.99352, 1348.44941], "size": [1, 1, 21], "uv": [27, 44]},
						{"origin": [-7, 81.99352, 1368.44941], "size": [14, 14, 1], "uv": [46, 2]},
						{"origin": [14, 85.99352, 1368.44941], "size": [13, 3, 1], "uv": [97, 3]},
						{"origin": [-27, 85.99352, 1368.44941], "size": [13, 3, 1], "uv": [97, 3]},
						{"origin": [-1, 95.99352, 1348.44941], "size": [2, 1, 21], "uv": [41, 22]}
					]
				},
				{
					"name": "Badan_naga52",
					"parent": "bone8",
					"pivot": [0, 80.99352, 1361.44941],
					"cubes": [
						{"origin": [7, 88.99352, 1369.44941], "size": [1, 1, 21], "uv": [50, 45]},
						{"origin": [-27, 88.99352, 1389.44941], "size": [54, 1, 1], "uv": [0, 0]},
						{"origin": [-8, 88.99352, 1369.44941], "size": [1, 1, 21], "uv": [27, 44]},
						{"origin": [-7, 81.99352, 1389.44941], "size": [14, 14, 1], "uv": [46, 2]},
						{"origin": [14, 85.99352, 1389.44941], "size": [13, 3, 1], "uv": [97, 3]},
						{"origin": [-27, 85.99352, 1389.44941], "size": [13, 3, 1], "uv": [97, 3]},
						{"origin": [-1, 95.99352, 1369.44941], "size": [2, 1, 21], "uv": [41, 22]}
					]
				},
				{
					"name": "Badan_naga53",
					"parent": "bone8",
					"pivot": [0, 80.99352, 1382.44941],
					"cubes": [
						{"origin": [7, 88.99352, 1390.44941], "size": [1, 1, 21], "uv": [50, 45]},
						{"origin": [-27, 88.99352, 1410.44941], "size": [54, 1, 1], "uv": [0, 0]},
						{"origin": [-8, 88.99352, 1390.44941], "size": [1, 1, 21], "uv": [27, 44]},
						{"origin": [-7, 81.99352, 1410.44941], "size": [14, 14, 1], "uv": [46, 2]},
						{"origin": [14, 85.99352, 1410.44941], "size": [13, 3, 1], "uv": [97, 3]},
						{"origin": [-27, 85.99352, 1410.44941], "size": [13, 3, 1], "uv": [97, 3]},
						{"origin": [-1, 95.99352, 1390.44941], "size": [2, 1, 21], "uv": [41, 22]}
					]
				},
				{
					"name": "Badan_naga54",
					"parent": "bone8",
					"pivot": [0, 80.99352, 1403.44941],
					"cubes": [
						{"origin": [7, 88.99352, 1411.44941], "size": [1, 1, 21], "uv": [50, 45]},
						{"origin": [-27, 88.99352, 1431.44941], "size": [54, 1, 1], "uv": [0, 0]},
						{"origin": [-8, 88.99352, 1411.44941], "size": [1, 1, 21], "uv": [27, 44]},
						{"origin": [-7, 81.99352, 1431.44941], "size": [14, 14, 1], "uv": [46, 2]},
						{"origin": [14, 85.99352, 1431.44941], "size": [13, 3, 1], "uv": [97, 3]},
						{"origin": [-27, 85.99352, 1431.44941], "size": [13, 3, 1], "uv": [97, 3]},
						{"origin": [-1, 95.99352, 1411.44941], "size": [2, 1, 21], "uv": [41, 22]}
					]
				},
				{
					"name": "Badan_naga55",
					"parent": "bone8",
					"pivot": [0, 80.99352, 1424.44941],
					"cubes": [
						{"origin": [7, 88.99352, 1432.44941], "size": [1, 1, 21], "uv": [50, 45]},
						{"origin": [-27, 88.99352, 1452.44941], "size": [54, 1, 1], "uv": [0, 0]},
						{"origin": [-8, 88.99352, 1432.44941], "size": [1, 1, 21], "uv": [27, 44]},
						{"origin": [-7, 81.99352, 1452.44941], "size": [14, 14, 1], "uv": [46, 2]},
						{"origin": [14, 85.99352, 1452.44941], "size": [13, 3, 1], "uv": [97, 3]},
						{"origin": [-27, 85.99352, 1452.44941], "size": [13, 3, 1], "uv": [97, 3]},
						{"origin": [-1, 95.99352, 1432.44941], "size": [2, 1, 21], "uv": [41, 22]}
					]
				},
				{
					"name": "Badan_naga56",
					"parent": "bone8",
					"pivot": [0, 80.99352, 1298.44941],
					"cubes": [
						{"origin": [7, 88.99352, 1306.44941], "size": [1, 1, 21], "uv": [50, 45]},
						{"origin": [-27, 88.99352, 1326.44941], "size": [54, 1, 1], "uv": [0, 0]},
						{"origin": [-8, 88.99352, 1306.44941], "size": [1, 1, 21], "uv": [27, 44]},
						{"origin": [-7, 81.99352, 1326.44941], "size": [14, 14, 1], "uv": [46, 2]},
						{"origin": [14, 85.99352, 1326.44941], "size": [13, 3, 1], "uv": [97, 3]},
						{"origin": [-27, 85.99352, 1326.44941], "size": [13, 3, 1], "uv": [97, 3]},
						{"origin": [-1, 95.99352, 1306.44941], "size": [2, 1, 21], "uv": [41, 22]}
					]
				},
				{
					"name": "bone7",
					"parent": "Layangan_naga",
					"pivot": [0, 80.99352, 1151.44941]
				},
				{
					"name": "Badan_naga43",
					"parent": "bone7",
					"pivot": [0, 80.99352, 1172.44941],
					"cubes": [
						{"origin": [7, 88.99352, 1180.44941], "size": [1, 1, 21], "uv": [50, 45]},
						{"origin": [-27, 88.99352, 1200.44941], "size": [54, 1, 1], "uv": [0, 0]},
						{"origin": [-8, 88.99352, 1180.44941], "size": [1, 1, 21], "uv": [27, 44]},
						{"origin": [-7, 81.99352, 1200.44941], "size": [14, 14, 1], "uv": [46, 2]},
						{"origin": [14, 85.99352, 1200.44941], "size": [13, 3, 1], "uv": [97, 3]},
						{"origin": [-27, 85.99352, 1200.44941], "size": [13, 3, 1], "uv": [97, 3]},
						{"origin": [-1, 95.99352, 1180.44941], "size": [2, 1, 21], "uv": [41, 22]}
					]
				},
				{
					"name": "Badan_naga44",
					"parent": "bone7",
					"pivot": [0, 80.99352, 1193.44941],
					"cubes": [
						{"origin": [7, 88.99352, 1201.44941], "size": [1, 1, 21], "uv": [50, 45]},
						{"origin": [-27, 88.99352, 1221.44941], "size": [54, 1, 1], "uv": [0, 0]},
						{"origin": [-8, 88.99352, 1201.44941], "size": [1, 1, 21], "uv": [27, 44]},
						{"origin": [-7, 81.99352, 1221.44941], "size": [14, 14, 1], "uv": [46, 2]},
						{"origin": [14, 85.99352, 1221.44941], "size": [13, 3, 1], "uv": [97, 3]},
						{"origin": [-27, 85.99352, 1221.44941], "size": [13, 3, 1], "uv": [97, 3]},
						{"origin": [-1, 95.99352, 1201.44941], "size": [2, 1, 21], "uv": [41, 22]}
					]
				},
				{
					"name": "Badan_naga45",
					"parent": "bone7",
					"pivot": [0, 80.99352, 1214.44941],
					"cubes": [
						{"origin": [7, 88.99352, 1222.44941], "size": [1, 1, 21], "uv": [50, 45]},
						{"origin": [-27, 88.99352, 1242.44941], "size": [54, 1, 1], "uv": [0, 0]},
						{"origin": [-8, 88.99352, 1222.44941], "size": [1, 1, 21], "uv": [27, 44]},
						{"origin": [-7, 81.99352, 1242.44941], "size": [14, 14, 1], "uv": [46, 2]},
						{"origin": [14, 85.99352, 1242.44941], "size": [13, 3, 1], "uv": [97, 3]},
						{"origin": [-27, 85.99352, 1242.44941], "size": [13, 3, 1], "uv": [97, 3]},
						{"origin": [-1, 95.99352, 1222.44941], "size": [2, 1, 21], "uv": [41, 22]}
					]
				},
				{
					"name": "Badan_naga46",
					"parent": "bone7",
					"pivot": [0, 80.99352, 1235.44941],
					"cubes": [
						{"origin": [7, 88.99352, 1243.44941], "size": [1, 1, 21], "uv": [50, 45]},
						{"origin": [-27, 88.99352, 1263.44941], "size": [54, 1, 1], "uv": [0, 0]},
						{"origin": [-8, 88.99352, 1243.44941], "size": [1, 1, 21], "uv": [27, 44]},
						{"origin": [-7, 81.99352, 1263.44941], "size": [14, 14, 1], "uv": [46, 2]},
						{"origin": [14, 85.99352, 1263.44941], "size": [13, 3, 1], "uv": [97, 3]},
						{"origin": [-27, 85.99352, 1263.44941], "size": [13, 3, 1], "uv": [97, 3]},
						{"origin": [-1, 95.99352, 1243.44941], "size": [2, 1, 21], "uv": [41, 22]}
					]
				},
				{
					"name": "Badan_naga47",
					"parent": "bone7",
					"pivot": [0, 80.99352, 1256.44941],
					"cubes": [
						{"origin": [7, 88.99352, 1264.44941], "size": [1, 1, 21], "uv": [50, 45]},
						{"origin": [-27, 88.99352, 1284.44941], "size": [54, 1, 1], "uv": [0, 0]},
						{"origin": [-8, 88.99352, 1264.44941], "size": [1, 1, 21], "uv": [27, 44]},
						{"origin": [-7, 81.99352, 1284.44941], "size": [14, 14, 1], "uv": [46, 2]},
						{"origin": [14, 85.99352, 1284.44941], "size": [13, 3, 1], "uv": [97, 3]},
						{"origin": [-27, 85.99352, 1284.44941], "size": [13, 3, 1], "uv": [97, 3]},
						{"origin": [-1, 95.99352, 1264.44941], "size": [2, 1, 21], "uv": [41, 22]}
					]
				},
				{
					"name": "Badan_naga48",
					"parent": "bone7",
					"pivot": [0, 80.99352, 1277.44941],
					"cubes": [
						{"origin": [7, 88.99352, 1285.44941], "size": [1, 1, 21], "uv": [50, 45]},
						{"origin": [-27, 88.99352, 1305.44941], "size": [54, 1, 1], "uv": [0, 0]},
						{"origin": [-8, 88.99352, 1285.44941], "size": [1, 1, 21], "uv": [27, 44]},
						{"origin": [-7, 81.99352, 1305.44941], "size": [14, 14, 1], "uv": [46, 2]},
						{"origin": [14, 85.99352, 1305.44941], "size": [13, 3, 1], "uv": [97, 3]},
						{"origin": [-27, 85.99352, 1305.44941], "size": [13, 3, 1], "uv": [97, 3]},
						{"origin": [-1, 95.99352, 1285.44941], "size": [2, 1, 21], "uv": [41, 22]}
					]
				},
				{
					"name": "Badan_naga49",
					"parent": "bone7",
					"pivot": [0, 80.99352, 1151.44941],
					"cubes": [
						{"origin": [7, 88.99352, 1159.44941], "size": [1, 1, 21], "uv": [50, 45]},
						{"origin": [-27, 88.99352, 1179.44941], "size": [54, 1, 1], "uv": [0, 0]},
						{"origin": [-8, 88.99352, 1159.44941], "size": [1, 1, 21], "uv": [27, 44]},
						{"origin": [-7, 81.99352, 1179.44941], "size": [14, 14, 1], "uv": [46, 2]},
						{"origin": [14, 85.99352, 1179.44941], "size": [13, 3, 1], "uv": [97, 3]},
						{"origin": [-27, 85.99352, 1179.44941], "size": [13, 3, 1], "uv": [97, 3]},
						{"origin": [-1, 95.99352, 1159.44941], "size": [2, 1, 21], "uv": [41, 22]}
					]
				},
				{
					"name": "bone6",
					"parent": "Layangan_naga",
					"pivot": [0, 80.99352, 1004.44941]
				},
				{
					"name": "Badan_naga36",
					"parent": "bone6",
					"pivot": [0, 80.99352, 1025.44941],
					"cubes": [
						{"origin": [7, 88.99352, 1033.44941], "size": [1, 1, 21], "uv": [50, 45]},
						{"origin": [-27, 88.99352, 1053.44941], "size": [54, 1, 1], "uv": [0, 0]},
						{"origin": [-8, 88.99352, 1033.44941], "size": [1, 1, 21], "uv": [27, 44]},
						{"origin": [-7, 81.99352, 1053.44941], "size": [14, 14, 1], "uv": [46, 2]},
						{"origin": [14, 85.99352, 1053.44941], "size": [13, 3, 1], "uv": [97, 3]},
						{"origin": [-27, 85.99352, 1053.44941], "size": [13, 3, 1], "uv": [97, 3]},
						{"origin": [-1, 95.99352, 1033.44941], "size": [2, 1, 21], "uv": [41, 22]}
					]
				},
				{
					"name": "Badan_naga37",
					"parent": "bone6",
					"pivot": [0, 80.99352, 1046.44941],
					"cubes": [
						{"origin": [7, 88.99352, 1054.44941], "size": [1, 1, 21], "uv": [50, 45]},
						{"origin": [-27, 88.99352, 1074.44941], "size": [54, 1, 1], "uv": [0, 0]},
						{"origin": [-8, 88.99352, 1054.44941], "size": [1, 1, 21], "uv": [27, 44]},
						{"origin": [-7, 81.99352, 1074.44941], "size": [14, 14, 1], "uv": [46, 2]},
						{"origin": [14, 85.99352, 1074.44941], "size": [13, 3, 1], "uv": [97, 3]},
						{"origin": [-27, 85.99352, 1074.44941], "size": [13, 3, 1], "uv": [97, 3]},
						{"origin": [-1, 95.99352, 1054.44941], "size": [2, 1, 21], "uv": [41, 22]}
					]
				},
				{
					"name": "Badan_naga38",
					"parent": "bone6",
					"pivot": [0, 80.99352, 1067.44941],
					"cubes": [
						{"origin": [7, 88.99352, 1075.44941], "size": [1, 1, 21], "uv": [50, 45]},
						{"origin": [-27, 88.99352, 1095.44941], "size": [54, 1, 1], "uv": [0, 0]},
						{"origin": [-8, 88.99352, 1075.44941], "size": [1, 1, 21], "uv": [27, 44]},
						{"origin": [-7, 81.99352, 1095.44941], "size": [14, 14, 1], "uv": [46, 2]},
						{"origin": [14, 85.99352, 1095.44941], "size": [13, 3, 1], "uv": [97, 3]},
						{"origin": [-27, 85.99352, 1095.44941], "size": [13, 3, 1], "uv": [97, 3]},
						{"origin": [-1, 95.99352, 1075.44941], "size": [2, 1, 21], "uv": [41, 22]}
					]
				},
				{
					"name": "Badan_naga39",
					"parent": "bone6",
					"pivot": [0, 80.99352, 1088.44941],
					"cubes": [
						{"origin": [7, 88.99352, 1096.44941], "size": [1, 1, 21], "uv": [50, 45]},
						{"origin": [-27, 88.99352, 1116.44941], "size": [54, 1, 1], "uv": [0, 0]},
						{"origin": [-8, 88.99352, 1096.44941], "size": [1, 1, 21], "uv": [27, 44]},
						{"origin": [-7, 81.99352, 1116.44941], "size": [14, 14, 1], "uv": [46, 2]},
						{"origin": [14, 85.99352, 1116.44941], "size": [13, 3, 1], "uv": [97, 3]},
						{"origin": [-27, 85.99352, 1116.44941], "size": [13, 3, 1], "uv": [97, 3]},
						{"origin": [-1, 95.99352, 1096.44941], "size": [2, 1, 21], "uv": [41, 22]}
					]
				},
				{
					"name": "Badan_naga40",
					"parent": "bone6",
					"pivot": [0, 80.99352, 1109.44941],
					"cubes": [
						{"origin": [7, 88.99352, 1117.44941], "size": [1, 1, 21], "uv": [50, 45]},
						{"origin": [-27, 88.99352, 1137.44941], "size": [54, 1, 1], "uv": [0, 0]},
						{"origin": [-8, 88.99352, 1117.44941], "size": [1, 1, 21], "uv": [27, 44]},
						{"origin": [-7, 81.99352, 1137.44941], "size": [14, 14, 1], "uv": [46, 2]},
						{"origin": [14, 85.99352, 1137.44941], "size": [13, 3, 1], "uv": [97, 3]},
						{"origin": [-27, 85.99352, 1137.44941], "size": [13, 3, 1], "uv": [97, 3]},
						{"origin": [-1, 95.99352, 1117.44941], "size": [2, 1, 21], "uv": [41, 22]}
					]
				},
				{
					"name": "Badan_naga41",
					"parent": "bone6",
					"pivot": [0, 80.99352, 1130.44941],
					"cubes": [
						{"origin": [7, 88.99352, 1138.44941], "size": [1, 1, 21], "uv": [50, 45]},
						{"origin": [-27, 88.99352, 1158.44941], "size": [54, 1, 1], "uv": [0, 0]},
						{"origin": [-8, 88.99352, 1138.44941], "size": [1, 1, 21], "uv": [27, 44]},
						{"origin": [-7, 81.99352, 1158.44941], "size": [14, 14, 1], "uv": [46, 2]},
						{"origin": [14, 85.99352, 1158.44941], "size": [13, 3, 1], "uv": [97, 3]},
						{"origin": [-27, 85.99352, 1158.44941], "size": [13, 3, 1], "uv": [97, 3]},
						{"origin": [-1, 95.99352, 1138.44941], "size": [2, 1, 21], "uv": [41, 22]}
					]
				},
				{
					"name": "Badan_naga42",
					"parent": "bone6",
					"pivot": [0, 80.99352, 1004.44941],
					"cubes": [
						{"origin": [7, 88.99352, 1012.44941], "size": [1, 1, 21], "uv": [50, 45]},
						{"origin": [-27, 88.99352, 1032.44941], "size": [54, 1, 1], "uv": [0, 0]},
						{"origin": [-8, 88.99352, 1012.44941], "size": [1, 1, 21], "uv": [27, 44]},
						{"origin": [-7, 81.99352, 1032.44941], "size": [14, 14, 1], "uv": [46, 2]},
						{"origin": [14, 85.99352, 1032.44941], "size": [13, 3, 1], "uv": [97, 3]},
						{"origin": [-27, 85.99352, 1032.44941], "size": [13, 3, 1], "uv": [97, 3]},
						{"origin": [-1, 95.99352, 1012.44941], "size": [2, 1, 21], "uv": [41, 22]}
					]
				},
				{
					"name": "bone5",
					"parent": "Layangan_naga",
					"pivot": [0, 80.99352, 857.44941]
				},
				{
					"name": "Badan_naga29",
					"parent": "bone5",
					"pivot": [0, 80.99352, 878.44941],
					"cubes": [
						{"origin": [7, 88.99352, 886.44941], "size": [1, 1, 21], "uv": [50, 45]},
						{"origin": [-27, 88.99352, 906.44941], "size": [54, 1, 1], "uv": [0, 0]},
						{"origin": [-8, 88.99352, 886.44941], "size": [1, 1, 21], "uv": [27, 44]},
						{"origin": [-7, 81.99352, 906.44941], "size": [14, 14, 1], "uv": [46, 2]},
						{"origin": [14, 85.99352, 906.44941], "size": [13, 3, 1], "uv": [97, 3]},
						{"origin": [-27, 85.99352, 906.44941], "size": [13, 3, 1], "uv": [97, 3]},
						{"origin": [-1, 95.99352, 886.44941], "size": [2, 1, 21], "uv": [41, 22]}
					]
				},
				{
					"name": "Badan_naga30",
					"parent": "bone5",
					"pivot": [0, 80.99352, 899.44941],
					"cubes": [
						{"origin": [7, 88.99352, 907.44941], "size": [1, 1, 21], "uv": [50, 45]},
						{"origin": [-27, 88.99352, 927.44941], "size": [54, 1, 1], "uv": [0, 0]},
						{"origin": [-8, 88.99352, 907.44941], "size": [1, 1, 21], "uv": [27, 44]},
						{"origin": [-7, 81.99352, 927.44941], "size": [14, 14, 1], "uv": [46, 2]},
						{"origin": [14, 85.99352, 927.44941], "size": [13, 3, 1], "uv": [97, 3]},
						{"origin": [-27, 85.99352, 927.44941], "size": [13, 3, 1], "uv": [97, 3]},
						{"origin": [-1, 95.99352, 907.44941], "size": [2, 1, 21], "uv": [41, 22]}
					]
				},
				{
					"name": "Badan_naga31",
					"parent": "bone5",
					"pivot": [0, 80.99352, 920.44941],
					"cubes": [
						{"origin": [7, 88.99352, 928.44941], "size": [1, 1, 21], "uv": [50, 45]},
						{"origin": [-27, 88.99352, 948.44941], "size": [54, 1, 1], "uv": [0, 0]},
						{"origin": [-8, 88.99352, 928.44941], "size": [1, 1, 21], "uv": [27, 44]},
						{"origin": [-7, 81.99352, 948.44941], "size": [14, 14, 1], "uv": [46, 2]},
						{"origin": [14, 85.99352, 948.44941], "size": [13, 3, 1], "uv": [97, 3]},
						{"origin": [-27, 85.99352, 948.44941], "size": [13, 3, 1], "uv": [97, 3]},
						{"origin": [-1, 95.99352, 928.44941], "size": [2, 1, 21], "uv": [41, 22]}
					]
				},
				{
					"name": "Badan_naga32",
					"parent": "bone5",
					"pivot": [0, 80.99352, 941.44941],
					"cubes": [
						{"origin": [7, 88.99352, 949.44941], "size": [1, 1, 21], "uv": [50, 45]},
						{"origin": [-27, 88.99352, 969.44941], "size": [54, 1, 1], "uv": [0, 0]},
						{"origin": [-8, 88.99352, 949.44941], "size": [1, 1, 21], "uv": [27, 44]},
						{"origin": [-7, 81.99352, 969.44941], "size": [14, 14, 1], "uv": [46, 2]},
						{"origin": [14, 85.99352, 969.44941], "size": [13, 3, 1], "uv": [97, 3]},
						{"origin": [-27, 85.99352, 969.44941], "size": [13, 3, 1], "uv": [97, 3]},
						{"origin": [-1, 95.99352, 949.44941], "size": [2, 1, 21], "uv": [41, 22]}
					]
				},
				{
					"name": "Badan_naga33",
					"parent": "bone5",
					"pivot": [0, 80.99352, 962.44941],
					"cubes": [
						{"origin": [7, 88.99352, 970.44941], "size": [1, 1, 21], "uv": [50, 45]},
						{"origin": [-27, 88.99352, 990.44941], "size": [54, 1, 1], "uv": [0, 0]},
						{"origin": [-8, 88.99352, 970.44941], "size": [1, 1, 21], "uv": [27, 44]},
						{"origin": [-7, 81.99352, 990.44941], "size": [14, 14, 1], "uv": [46, 2]},
						{"origin": [14, 85.99352, 990.44941], "size": [13, 3, 1], "uv": [97, 3]},
						{"origin": [-27, 85.99352, 990.44941], "size": [13, 3, 1], "uv": [97, 3]},
						{"origin": [-1, 95.99352, 970.44941], "size": [2, 1, 21], "uv": [41, 22]}
					]
				},
				{
					"name": "Badan_naga34",
					"parent": "bone5",
					"pivot": [0, 80.99352, 983.44941],
					"cubes": [
						{"origin": [7, 88.99352, 991.44941], "size": [1, 1, 21], "uv": [50, 45]},
						{"origin": [-27, 88.99352, 1011.44941], "size": [54, 1, 1], "uv": [0, 0]},
						{"origin": [-8, 88.99352, 991.44941], "size": [1, 1, 21], "uv": [27, 44]},
						{"origin": [-7, 81.99352, 1011.44941], "size": [14, 14, 1], "uv": [46, 2]},
						{"origin": [14, 85.99352, 1011.44941], "size": [13, 3, 1], "uv": [97, 3]},
						{"origin": [-27, 85.99352, 1011.44941], "size": [13, 3, 1], "uv": [97, 3]},
						{"origin": [-1, 95.99352, 991.44941], "size": [2, 1, 21], "uv": [41, 22]}
					]
				},
				{
					"name": "Badan_naga35",
					"parent": "bone5",
					"pivot": [0, 80.99352, 857.44941],
					"cubes": [
						{"origin": [7, 88.99352, 865.44941], "size": [1, 1, 21], "uv": [50, 45]},
						{"origin": [-27, 88.99352, 885.44941], "size": [54, 1, 1], "uv": [0, 0]},
						{"origin": [-8, 88.99352, 865.44941], "size": [1, 1, 21], "uv": [27, 44]},
						{"origin": [-7, 81.99352, 885.44941], "size": [14, 14, 1], "uv": [46, 2]},
						{"origin": [14, 85.99352, 885.44941], "size": [13, 3, 1], "uv": [97, 3]},
						{"origin": [-27, 85.99352, 885.44941], "size": [13, 3, 1], "uv": [97, 3]},
						{"origin": [-1, 95.99352, 865.44941], "size": [2, 1, 21], "uv": [41, 22]}
					]
				},
				{
					"name": "bone4",
					"parent": "Layangan_naga",
					"pivot": [0, 80.99352, 710.44941]
				},
				{
					"name": "Badan_naga22",
					"parent": "bone4",
					"pivot": [0, 80.99352, 731.44941],
					"cubes": [
						{"origin": [7, 88.99352, 739.44941], "size": [1, 1, 21], "uv": [50, 45]},
						{"origin": [-27, 88.99352, 759.44941], "size": [54, 1, 1], "uv": [0, 0]},
						{"origin": [-8, 88.99352, 739.44941], "size": [1, 1, 21], "uv": [27, 44]},
						{"origin": [-7, 81.99352, 759.44941], "size": [14, 14, 1], "uv": [46, 2]},
						{"origin": [14, 85.99352, 759.44941], "size": [13, 3, 1], "uv": [97, 3]},
						{"origin": [-27, 85.99352, 759.44941], "size": [13, 3, 1], "uv": [97, 3]},
						{"origin": [-1, 95.99352, 739.44941], "size": [2, 1, 21], "uv": [41, 22]}
					]
				},
				{
					"name": "Badan_naga23",
					"parent": "bone4",
					"pivot": [0, 80.99352, 752.44941],
					"cubes": [
						{"origin": [7, 88.99352, 760.44941], "size": [1, 1, 21], "uv": [50, 45]},
						{"origin": [-27, 88.99352, 780.44941], "size": [54, 1, 1], "uv": [0, 0]},
						{"origin": [-8, 88.99352, 760.44941], "size": [1, 1, 21], "uv": [27, 44]},
						{"origin": [-7, 81.99352, 780.44941], "size": [14, 14, 1], "uv": [46, 2]},
						{"origin": [14, 85.99352, 780.44941], "size": [13, 3, 1], "uv": [97, 3]},
						{"origin": [-27, 85.99352, 780.44941], "size": [13, 3, 1], "uv": [97, 3]},
						{"origin": [-1, 95.99352, 760.44941], "size": [2, 1, 21], "uv": [41, 22]}
					]
				},
				{
					"name": "Badan_naga24",
					"parent": "bone4",
					"pivot": [0, 80.99352, 773.44941],
					"cubes": [
						{"origin": [7, 88.99352, 781.44941], "size": [1, 1, 21], "uv": [50, 45]},
						{"origin": [-27, 88.99352, 801.44941], "size": [54, 1, 1], "uv": [0, 0]},
						{"origin": [-8, 88.99352, 781.44941], "size": [1, 1, 21], "uv": [27, 44]},
						{"origin": [-7, 81.99352, 801.44941], "size": [14, 14, 1], "uv": [46, 2]},
						{"origin": [14, 85.99352, 801.44941], "size": [13, 3, 1], "uv": [97, 3]},
						{"origin": [-27, 85.99352, 801.44941], "size": [13, 3, 1], "uv": [97, 3]},
						{"origin": [-1, 95.99352, 781.44941], "size": [2, 1, 21], "uv": [41, 22]}
					]
				},
				{
					"name": "Badan_naga25",
					"parent": "bone4",
					"pivot": [0, 80.99352, 794.44941],
					"cubes": [
						{"origin": [7, 88.99352, 802.44941], "size": [1, 1, 21], "uv": [50, 45]},
						{"origin": [-27, 88.99352, 822.44941], "size": [54, 1, 1], "uv": [0, 0]},
						{"origin": [-8, 88.99352, 802.44941], "size": [1, 1, 21], "uv": [27, 44]},
						{"origin": [-7, 81.99352, 822.44941], "size": [14, 14, 1], "uv": [46, 2]},
						{"origin": [14, 85.99352, 822.44941], "size": [13, 3, 1], "uv": [97, 3]},
						{"origin": [-27, 85.99352, 822.44941], "size": [13, 3, 1], "uv": [97, 3]},
						{"origin": [-1, 95.99352, 802.44941], "size": [2, 1, 21], "uv": [41, 22]}
					]
				},
				{
					"name": "Badan_naga26",
					"parent": "bone4",
					"pivot": [0, 80.99352, 815.44941],
					"cubes": [
						{"origin": [7, 88.99352, 823.44941], "size": [1, 1, 21], "uv": [50, 45]},
						{"origin": [-27, 88.99352, 843.44941], "size": [54, 1, 1], "uv": [0, 0]},
						{"origin": [-8, 88.99352, 823.44941], "size": [1, 1, 21], "uv": [27, 44]},
						{"origin": [-7, 81.99352, 843.44941], "size": [14, 14, 1], "uv": [46, 2]},
						{"origin": [14, 85.99352, 843.44941], "size": [13, 3, 1], "uv": [97, 3]},
						{"origin": [-27, 85.99352, 843.44941], "size": [13, 3, 1], "uv": [97, 3]},
						{"origin": [-1, 95.99352, 823.44941], "size": [2, 1, 21], "uv": [41, 22]}
					]
				},
				{
					"name": "Badan_naga27",
					"parent": "bone4",
					"pivot": [0, 80.99352, 836.44941],
					"cubes": [
						{"origin": [7, 88.99352, 844.44941], "size": [1, 1, 21], "uv": [50, 45]},
						{"origin": [-27, 88.99352, 864.44941], "size": [54, 1, 1], "uv": [0, 0]},
						{"origin": [-8, 88.99352, 844.44941], "size": [1, 1, 21], "uv": [27, 44]},
						{"origin": [-7, 81.99352, 864.44941], "size": [14, 14, 1], "uv": [46, 2]},
						{"origin": [14, 85.99352, 864.44941], "size": [13, 3, 1], "uv": [97, 3]},
						{"origin": [-27, 85.99352, 864.44941], "size": [13, 3, 1], "uv": [97, 3]},
						{"origin": [-1, 95.99352, 844.44941], "size": [2, 1, 21], "uv": [41, 22]}
					]
				},
				{
					"name": "Badan_naga28",
					"parent": "bone4",
					"pivot": [0, 80.99352, 710.44941],
					"cubes": [
						{"origin": [7, 88.99352, 718.44941], "size": [1, 1, 21], "uv": [50, 45]},
						{"origin": [-27, 88.99352, 738.44941], "size": [54, 1, 1], "uv": [0, 0]},
						{"origin": [-8, 88.99352, 718.44941], "size": [1, 1, 21], "uv": [27, 44]},
						{"origin": [-7, 81.99352, 738.44941], "size": [14, 14, 1], "uv": [46, 2]},
						{"origin": [14, 85.99352, 738.44941], "size": [13, 3, 1], "uv": [97, 3]},
						{"origin": [-27, 85.99352, 738.44941], "size": [13, 3, 1], "uv": [97, 3]},
						{"origin": [-1, 95.99352, 718.44941], "size": [2, 1, 21], "uv": [41, 22]}
					]
				},
				{
					"name": "bone3",
					"parent": "Layangan_naga",
					"pivot": [0, 80.99352, 563.44941]
				},
				{
					"name": "Badan_naga15",
					"parent": "bone3",
					"pivot": [0, 80.99352, 584.44941],
					"cubes": [
						{"origin": [7, 88.99352, 592.44941], "size": [1, 1, 21], "uv": [50, 45]},
						{"origin": [-27, 88.99352, 612.44941], "size": [54, 1, 1], "uv": [0, 0]},
						{"origin": [-8, 88.99352, 592.44941], "size": [1, 1, 21], "uv": [27, 44]},
						{"origin": [-7, 81.99352, 612.44941], "size": [14, 14, 1], "uv": [46, 2]},
						{"origin": [14, 85.99352, 612.44941], "size": [13, 3, 1], "uv": [97, 3]},
						{"origin": [-27, 85.99352, 612.44941], "size": [13, 3, 1], "uv": [97, 3]},
						{"origin": [-1, 95.99352, 592.44941], "size": [2, 1, 21], "uv": [41, 22]}
					]
				},
				{
					"name": "Badan_naga16",
					"parent": "bone3",
					"pivot": [0, 80.99352, 605.44941],
					"cubes": [
						{"origin": [7, 88.99352, 613.44941], "size": [1, 1, 21], "uv": [50, 45]},
						{"origin": [-27, 88.99352, 633.44941], "size": [54, 1, 1], "uv": [0, 0]},
						{"origin": [-8, 88.99352, 613.44941], "size": [1, 1, 21], "uv": [27, 44]},
						{"origin": [-7, 81.99352, 633.44941], "size": [14, 14, 1], "uv": [46, 2]},
						{"origin": [14, 85.99352, 633.44941], "size": [13, 3, 1], "uv": [97, 3]},
						{"origin": [-27, 85.99352, 633.44941], "size": [13, 3, 1], "uv": [97, 3]},
						{"origin": [-1, 95.99352, 613.44941], "size": [2, 1, 21], "uv": [41, 22]}
					]
				},
				{
					"name": "Badan_naga17",
					"parent": "bone3",
					"pivot": [0, 80.99352, 626.44941],
					"cubes": [
						{"origin": [7, 88.99352, 634.44941], "size": [1, 1, 21], "uv": [50, 45]},
						{"origin": [-27, 88.99352, 654.44941], "size": [54, 1, 1], "uv": [0, 0]},
						{"origin": [-8, 88.99352, 634.44941], "size": [1, 1, 21], "uv": [27, 44]},
						{"origin": [-7, 81.99352, 654.44941], "size": [14, 14, 1], "uv": [46, 2]},
						{"origin": [14, 85.99352, 654.44941], "size": [13, 3, 1], "uv": [97, 3]},
						{"origin": [-27, 85.99352, 654.44941], "size": [13, 3, 1], "uv": [97, 3]},
						{"origin": [-1, 95.99352, 634.44941], "size": [2, 1, 21], "uv": [41, 22]}
					]
				},
				{
					"name": "Badan_naga18",
					"parent": "bone3",
					"pivot": [0, 80.99352, 647.44941],
					"cubes": [
						{"origin": [7, 88.99352, 655.44941], "size": [1, 1, 21], "uv": [50, 45]},
						{"origin": [-27, 88.99352, 675.44941], "size": [54, 1, 1], "uv": [0, 0]},
						{"origin": [-8, 88.99352, 655.44941], "size": [1, 1, 21], "uv": [27, 44]},
						{"origin": [-7, 81.99352, 675.44941], "size": [14, 14, 1], "uv": [46, 2]},
						{"origin": [14, 85.99352, 675.44941], "size": [13, 3, 1], "uv": [97, 3]},
						{"origin": [-27, 85.99352, 675.44941], "size": [13, 3, 1], "uv": [97, 3]},
						{"origin": [-1, 95.99352, 655.44941], "size": [2, 1, 21], "uv": [41, 22]}
					]
				},
				{
					"name": "Badan_naga19",
					"parent": "bone3",
					"pivot": [0, 80.99352, 668.44941],
					"cubes": [
						{"origin": [7, 88.99352, 676.44941], "size": [1, 1, 21], "uv": [50, 45]},
						{"origin": [-27, 88.99352, 696.44941], "size": [54, 1, 1], "uv": [0, 0]},
						{"origin": [-8, 88.99352, 676.44941], "size": [1, 1, 21], "uv": [27, 44]},
						{"origin": [-7, 81.99352, 696.44941], "size": [14, 14, 1], "uv": [46, 2]},
						{"origin": [14, 85.99352, 696.44941], "size": [13, 3, 1], "uv": [97, 3]},
						{"origin": [-27, 85.99352, 696.44941], "size": [13, 3, 1], "uv": [97, 3]},
						{"origin": [-1, 95.99352, 676.44941], "size": [2, 1, 21], "uv": [41, 22]}
					]
				},
				{
					"name": "Badan_naga20",
					"parent": "bone3",
					"pivot": [0, 80.99352, 689.44941],
					"cubes": [
						{"origin": [7, 88.99352, 697.44941], "size": [1, 1, 21], "uv": [50, 45]},
						{"origin": [-27, 88.99352, 717.44941], "size": [54, 1, 1], "uv": [0, 0]},
						{"origin": [-8, 88.99352, 697.44941], "size": [1, 1, 21], "uv": [27, 44]},
						{"origin": [-7, 81.99352, 717.44941], "size": [14, 14, 1], "uv": [46, 2]},
						{"origin": [14, 85.99352, 717.44941], "size": [13, 3, 1], "uv": [97, 3]},
						{"origin": [-27, 85.99352, 717.44941], "size": [13, 3, 1], "uv": [97, 3]},
						{"origin": [-1, 95.99352, 697.44941], "size": [2, 1, 21], "uv": [41, 22]}
					]
				},
				{
					"name": "Badan_naga21",
					"parent": "bone3",
					"pivot": [0, 80.99352, 563.44941],
					"cubes": [
						{"origin": [7, 88.99352, 571.44941], "size": [1, 1, 21], "uv": [50, 45]},
						{"origin": [-27, 88.99352, 591.44941], "size": [54, 1, 1], "uv": [0, 0]},
						{"origin": [-8, 88.99352, 571.44941], "size": [1, 1, 21], "uv": [27, 44]},
						{"origin": [-7, 81.99352, 591.44941], "size": [14, 14, 1], "uv": [46, 2]},
						{"origin": [14, 85.99352, 591.44941], "size": [13, 3, 1], "uv": [97, 3]},
						{"origin": [-27, 85.99352, 591.44941], "size": [13, 3, 1], "uv": [97, 3]},
						{"origin": [-1, 95.99352, 571.44941], "size": [2, 1, 21], "uv": [41, 22]}
					]
				},
				{
					"name": "bone2",
					"parent": "Layangan_naga",
					"pivot": [0, 80.99352, 416.44941]
				},
				{
					"name": "Badan_naga8",
					"parent": "bone2",
					"pivot": [0, 80.99352, 437.44941],
					"cubes": [
						{"origin": [7, 88.99352, 445.44941], "size": [1, 1, 21], "uv": [50, 45]},
						{"origin": [-27, 88.99352, 465.44941], "size": [54, 1, 1], "uv": [0, 0]},
						{"origin": [-8, 88.99352, 445.44941], "size": [1, 1, 21], "uv": [27, 44]},
						{"origin": [-7, 81.99352, 465.44941], "size": [14, 14, 1], "uv": [46, 2]},
						{"origin": [14, 85.99352, 465.44941], "size": [13, 3, 1], "uv": [97, 3]},
						{"origin": [-27, 85.99352, 465.44941], "size": [13, 3, 1], "uv": [97, 3]},
						{"origin": [-1, 95.99352, 445.44941], "size": [2, 1, 21], "uv": [41, 22]}
					]
				},
				{
					"name": "Badan_naga9",
					"parent": "bone2",
					"pivot": [0, 80.99352, 458.44941],
					"cubes": [
						{"origin": [7, 88.99352, 466.44941], "size": [1, 1, 21], "uv": [50, 45]},
						{"origin": [-27, 88.99352, 486.44941], "size": [54, 1, 1], "uv": [0, 0]},
						{"origin": [-8, 88.99352, 466.44941], "size": [1, 1, 21], "uv": [27, 44]},
						{"origin": [-7, 81.99352, 486.44941], "size": [14, 14, 1], "uv": [46, 2]},
						{"origin": [14, 85.99352, 486.44941], "size": [13, 3, 1], "uv": [97, 3]},
						{"origin": [-27, 85.99352, 486.44941], "size": [13, 3, 1], "uv": [97, 3]},
						{"origin": [-1, 95.99352, 466.44941], "size": [2, 1, 21], "uv": [41, 22]}
					]
				},
				{
					"name": "Badan_naga10",
					"parent": "bone2",
					"pivot": [0, 80.99352, 479.44941],
					"cubes": [
						{"origin": [7, 88.99352, 487.44941], "size": [1, 1, 21], "uv": [50, 45]},
						{"origin": [-27, 88.99352, 507.44941], "size": [54, 1, 1], "uv": [0, 0]},
						{"origin": [-8, 88.99352, 487.44941], "size": [1, 1, 21], "uv": [27, 44]},
						{"origin": [-7, 81.99352, 507.44941], "size": [14, 14, 1], "uv": [46, 2]},
						{"origin": [14, 85.99352, 507.44941], "size": [13, 3, 1], "uv": [97, 3]},
						{"origin": [-27, 85.99352, 507.44941], "size": [13, 3, 1], "uv": [97, 3]},
						{"origin": [-1, 95.99352, 487.44941], "size": [2, 1, 21], "uv": [41, 22]}
					]
				},
				{
					"name": "Badan_naga11",
					"parent": "bone2",
					"pivot": [0, 80.99352, 500.44941],
					"cubes": [
						{"origin": [7, 88.99352, 508.44941], "size": [1, 1, 21], "uv": [50, 45]},
						{"origin": [-27, 88.99352, 528.44941], "size": [54, 1, 1], "uv": [0, 0]},
						{"origin": [-8, 88.99352, 508.44941], "size": [1, 1, 21], "uv": [27, 44]},
						{"origin": [-7, 81.99352, 528.44941], "size": [14, 14, 1], "uv": [46, 2]},
						{"origin": [14, 85.99352, 528.44941], "size": [13, 3, 1], "uv": [97, 3]},
						{"origin": [-27, 85.99352, 528.44941], "size": [13, 3, 1], "uv": [97, 3]},
						{"origin": [-1, 95.99352, 508.44941], "size": [2, 1, 21], "uv": [41, 22]}
					]
				},
				{
					"name": "Badan_naga12",
					"parent": "bone2",
					"pivot": [0, 80.99352, 521.44941],
					"cubes": [
						{"origin": [7, 88.99352, 529.44941], "size": [1, 1, 21], "uv": [50, 45]},
						{"origin": [-27, 88.99352, 549.44941], "size": [54, 1, 1], "uv": [0, 0]},
						{"origin": [-8, 88.99352, 529.44941], "size": [1, 1, 21], "uv": [27, 44]},
						{"origin": [-7, 81.99352, 549.44941], "size": [14, 14, 1], "uv": [46, 2]},
						{"origin": [14, 85.99352, 549.44941], "size": [13, 3, 1], "uv": [97, 3]},
						{"origin": [-27, 85.99352, 549.44941], "size": [13, 3, 1], "uv": [97, 3]},
						{"origin": [-1, 95.99352, 529.44941], "size": [2, 1, 21], "uv": [41, 22]}
					]
				},
				{
					"name": "Badan_naga13",
					"parent": "bone2",
					"pivot": [0, 80.99352, 542.44941],
					"cubes": [
						{"origin": [7, 88.99352, 550.44941], "size": [1, 1, 21], "uv": [50, 45]},
						{"origin": [-27, 88.99352, 570.44941], "size": [54, 1, 1], "uv": [0, 0]},
						{"origin": [-8, 88.99352, 550.44941], "size": [1, 1, 21], "uv": [27, 44]},
						{"origin": [-7, 81.99352, 570.44941], "size": [14, 14, 1], "uv": [46, 2]},
						{"origin": [14, 85.99352, 570.44941], "size": [13, 3, 1], "uv": [97, 3]},
						{"origin": [-27, 85.99352, 570.44941], "size": [13, 3, 1], "uv": [97, 3]},
						{"origin": [-1, 95.99352, 550.44941], "size": [2, 1, 21], "uv": [41, 22]}
					]
				},
				{
					"name": "Badan_naga14",
					"parent": "bone2",
					"pivot": [0, 80.99352, 416.44941],
					"cubes": [
						{"origin": [7, 88.99352, 424.44941], "size": [1, 1, 21], "uv": [50, 45]},
						{"origin": [-27, 88.99352, 444.44941], "size": [54, 1, 1], "uv": [0, 0]},
						{"origin": [-8, 88.99352, 424.44941], "size": [1, 1, 21], "uv": [27, 44]},
						{"origin": [-7, 81.99352, 444.44941], "size": [14, 14, 1], "uv": [46, 2]},
						{"origin": [14, 85.99352, 444.44941], "size": [13, 3, 1], "uv": [97, 3]},
						{"origin": [-27, 85.99352, 444.44941], "size": [13, 3, 1], "uv": [97, 3]},
						{"origin": [-1, 95.99352, 424.44941], "size": [2, 1, 21], "uv": [41, 22]}
					]
				},
				{
					"name": "bone",
					"parent": "Layangan_naga",
					"pivot": [0, 80.99352, 269.44941]
				},
				{
					"name": "Badan_naga2",
					"parent": "bone",
					"pivot": [0, 80.99352, 290.44941],
					"cubes": [
						{"origin": [7, 88.99352, 298.44941], "size": [1, 1, 21], "uv": [50, 45]},
						{"origin": [-27, 88.99352, 318.44941], "size": [54, 1, 1], "uv": [0, 0]},
						{"origin": [-8, 88.99352, 298.44941], "size": [1, 1, 21], "uv": [27, 44]},
						{"origin": [-7, 81.99352, 318.44941], "size": [14, 14, 1], "uv": [46, 2]},
						{"origin": [14, 85.99352, 318.44941], "size": [13, 3, 1], "uv": [97, 3]},
						{"origin": [-27, 85.99352, 318.44941], "size": [13, 3, 1], "uv": [97, 3]},
						{"origin": [-1, 95.99352, 298.44941], "size": [2, 1, 21], "uv": [41, 22]}
					]
				},
				{
					"name": "Badan_naga3",
					"parent": "bone",
					"pivot": [0, 80.99352, 311.44941],
					"cubes": [
						{"origin": [7, 88.99352, 319.44941], "size": [1, 1, 21], "uv": [50, 45]},
						{"origin": [-27, 88.99352, 339.44941], "size": [54, 1, 1], "uv": [0, 0]},
						{"origin": [-8, 88.99352, 319.44941], "size": [1, 1, 21], "uv": [27, 44]},
						{"origin": [-7, 81.99352, 339.44941], "size": [14, 14, 1], "uv": [46, 2]},
						{"origin": [14, 85.99352, 339.44941], "size": [13, 3, 1], "uv": [97, 3]},
						{"origin": [-27, 85.99352, 339.44941], "size": [13, 3, 1], "uv": [97, 3]},
						{"origin": [-1, 95.99352, 319.44941], "size": [2, 1, 21], "uv": [41, 22]}
					]
				},
				{
					"name": "Badan_naga4",
					"parent": "bone",
					"pivot": [0, 80.99352, 332.44941],
					"cubes": [
						{"origin": [7, 88.99352, 340.44941], "size": [1, 1, 21], "uv": [50, 45]},
						{"origin": [-27, 88.99352, 360.44941], "size": [54, 1, 1], "uv": [0, 0]},
						{"origin": [-8, 88.99352, 340.44941], "size": [1, 1, 21], "uv": [27, 44]},
						{"origin": [-7, 81.99352, 360.44941], "size": [14, 14, 1], "uv": [46, 2]},
						{"origin": [14, 85.99352, 360.44941], "size": [13, 3, 1], "uv": [97, 3]},
						{"origin": [-27, 85.99352, 360.44941], "size": [13, 3, 1], "uv": [97, 3]},
						{"origin": [-1, 95.99352, 340.44941], "size": [2, 1, 21], "uv": [41, 22]}
					]
				},
				{
					"name": "Badan_naga5",
					"parent": "bone",
					"pivot": [0, 80.99352, 353.44941],
					"cubes": [
						{"origin": [7, 88.99352, 361.44941], "size": [1, 1, 21], "uv": [50, 45]},
						{"origin": [-27, 88.99352, 381.44941], "size": [54, 1, 1], "uv": [0, 0]},
						{"origin": [-8, 88.99352, 361.44941], "size": [1, 1, 21], "uv": [27, 44]},
						{"origin": [-7, 81.99352, 381.44941], "size": [14, 14, 1], "uv": [46, 2]},
						{"origin": [14, 85.99352, 381.44941], "size": [13, 3, 1], "uv": [97, 3]},
						{"origin": [-27, 85.99352, 381.44941], "size": [13, 3, 1], "uv": [97, 3]},
						{"origin": [-1, 95.99352, 361.44941], "size": [2, 1, 21], "uv": [41, 22]}
					]
				},
				{
					"name": "Badan_naga6",
					"parent": "bone",
					"pivot": [0, 80.99352, 374.44941],
					"cubes": [
						{"origin": [7, 88.99352, 382.44941], "size": [1, 1, 21], "uv": [50, 45]},
						{"origin": [-27, 88.99352, 402.44941], "size": [54, 1, 1], "uv": [0, 0]},
						{"origin": [-8, 88.99352, 382.44941], "size": [1, 1, 21], "uv": [27, 44]},
						{"origin": [-7, 81.99352, 402.44941], "size": [14, 14, 1], "uv": [46, 2]},
						{"origin": [14, 85.99352, 402.44941], "size": [13, 3, 1], "uv": [97, 3]},
						{"origin": [-27, 85.99352, 402.44941], "size": [13, 3, 1], "uv": [97, 3]},
						{"origin": [-1, 95.99352, 382.44941], "size": [2, 1, 21], "uv": [41, 22]}
					]
				},
				{
					"name": "Badan_naga7",
					"parent": "bone",
					"pivot": [0, 80.99352, 395.44941],
					"cubes": [
						{"origin": [7, 88.99352, 403.44941], "size": [1, 1, 21], "uv": [50, 45]},
						{"origin": [-27, 88.99352, 423.44941], "size": [54, 1, 1], "uv": [0, 0]},
						{"origin": [-8, 88.99352, 403.44941], "size": [1, 1, 21], "uv": [27, 44]},
						{"origin": [-7, 81.99352, 423.44941], "size": [14, 14, 1], "uv": [46, 2]},
						{"origin": [14, 85.99352, 423.44941], "size": [13, 3, 1], "uv": [97, 3]},
						{"origin": [-27, 85.99352, 423.44941], "size": [13, 3, 1], "uv": [97, 3]},
						{"origin": [-1, 95.99352, 403.44941], "size": [2, 1, 21], "uv": [41, 22]}
					]
				},
				{
					"name": "Badan_naga",
					"parent": "bone",
					"pivot": [0, 80.99352, 269.44941],
					"cubes": [
						{"origin": [7, 88.99352, 277.44941], "size": [1, 1, 21], "uv": [50, 45]},
						{"origin": [-27, 88.99352, 297.44941], "size": [54, 1, 1], "uv": [0, 0]},
						{"origin": [-8, 88.99352, 277.44941], "size": [1, 1, 21], "uv": [27, 44]},
						{"origin": [-7, 81.99352, 297.44941], "size": [14, 14, 1], "uv": [46, 2]},
						{"origin": [14, 85.99352, 297.44941], "size": [13, 3, 1], "uv": [97, 3]},
						{"origin": [-27, 85.99352, 297.44941], "size": [13, 3, 1], "uv": [97, 3]},
						{"origin": [-1, 95.99352, 277.44941], "size": [2, 1, 21], "uv": [41, 22]}
					]
				},
				{
					"name": "Kepala_naga",
					"parent": "Layangan_naga",
					"pivot": [0, 80.99352, 269.44941],
					"cubes": [
						{"origin": [-7, 86.99352, 252.44941], "size": [14, 2, 17], "pivot": [0, 88.99352, 269.44941], "rotation": [32.5, 0, 0], "uv": [0, 22]},
						{"origin": [-7, 80.99352, 261.44941], "size": [14, 2, 1], "uv": [46, 17]},
						{"origin": [-7, 80.99352, 260.44941], "size": [14, 2, 1], "uv": [66, 40]},
						{"origin": [-7, 80.99352, 262.44941], "size": [14, 3, 1], "uv": [73, 62]},
						{"origin": [-7, 80.99352, 263.44941], "size": [14, 4, 1], "uv": [73, 57]},
						{"origin": [-7, 80.99352, 264.44941], "size": [14, 4, 1], "uv": [73, 73]},
						{"origin": [-7, 80.99352, 265.44941], "size": [14, 5, 1], "uv": [73, 51]},
						{"origin": [-7, 80.99352, 266.44941], "size": [14, 6, 1], "uv": [44, 67]},
						{"origin": [-7, 80.99352, 267.44941], "size": [14, 6, 1], "uv": [73, 44]},
						{"origin": [-7, 80.99352, 268.44941], "size": [14, 7, 1], "uv": [66, 32]},
						{"origin": [1, 88.99352, 251.44941], "size": [3, 2, 18], "pivot": [3, 92.99352, 261.44941], "rotation": [0, 0, 40], "uv": [64, 2]},
						{"origin": [-3, 90.99352, 251.44941], "size": [3, 2, 18], "pivot": [0, 92.99352, 261.44941], "rotation": [0, 0, -40], "uv": [0, 65]},
						{"origin": [-7, 88.99352, 251.44941], "size": [14, 2, 18], "uv": [0, 2]},
						{"origin": [-7, 102.5574, 283.72433], "size": [2, 7, 1], "pivot": [0, 102.99352, 282.44941], "rotation": [-70, 0, 0], "uv": [0, 12]},
						{"origin": [5, 102.5574, 283.72433], "size": [2, 7, 1], "pivot": [0, 102.99352, 282.44941], "rotation": [-70, 0, 0], "uv": [6, 31]},
						{"origin": [5, 95.5574, 282.72433], "size": [2, 7, 2], "pivot": [0, 102.99352, 282.44941], "rotation": [-70, 0, 0], "uv": [0, 22]},
						{"origin": [-7, 95.5574, 282.72433], "size": [2, 7, 2], "pivot": [0, 102.99352, 282.44941], "rotation": [-70, 0, 0], "uv": [8, 22]},
						{"origin": [-7, 100.79835, 274.97026], "size": [2, 7, 2], "pivot": [0, 100.99352, 275.44941], "rotation": [-80, 0, 0], "uv": [45, 22]},
						{"origin": [-7, 107.79835, 274.97026], "size": [2, 7, 1], "pivot": [0, 100.99352, 275.44941], "rotation": [-80, 0, 0], "uv": [0, 31]},
						{"origin": [5, 107.79835, 274.97026], "size": [2, 7, 1], "pivot": [0, 100.99352, 275.44941], "rotation": [-80, 0, 0], "uv": [0, 41]},
						{"origin": [5, 100.79835, 274.97026], "size": [2, 7, 2], "pivot": [0, 100.99352, 275.44941], "rotation": [-80, 0, 0], "uv": [51, 29]},
						{"origin": [-7, 96.99352, 269.44941], "size": [2, 7, 3], "pivot": [0, 96.99352, 269.44941], "rotation": [-52.5, 0, 0], "uv": [7, 9]},
						{"origin": [-8, 80.99352, 269.44941], "size": [16, 16, 8], "uv": [0, 41]},
						{"origin": [8, 83.99352, 267.44941], "size": [0, 11, 10], "pivot": [8, 88.99352, 269.44941], "rotation": [0, 30, 0], "uv": [24, 56]},
						{"origin": [-8, 83.99352, 267.44941], "size": [0, 11, 10], "pivot": [-8, 88.99352, 269.44941], "rotation": [0, -30, 0], "uv": [24, 56]},
						{"origin": [5, 96.99352, 269.44941], "size": [2, 7, 3], "pivot": [0, 96.99352, 269.44941], "rotation": [-52.5, 0, 0], "uv": [0, 2]},
						{"origin": [-7, 89.99352, 269.44941], "size": [14, 7, 3], "pivot": [0, 96.99352, 269.44941], "rotation": [-32.5, 0, 0], "uv": [66, 22]}
					]
				}
			]
		}
	]
}