{
	"format_version": "1.12.0",
	"minecraft:geometry": [
		{
			"description": {
				"identifier": "geometry.nmr",
				"texture_width": 512,
				"texture_height": 512,
				"visible_bounds_width": 17,
				"visible_bounds_height": 6,
				"visible_bounds_offset": [0, 2, 0]
			},
			"bones": [
				{
					"name": "bb_main",
					"pivot": [0, 0, 0],
					"cubes": [
						{"origin": [-13, 17, -6], "size": [30, 1, 15], "uv": [0, 71]},
						{"origin": [-13, 11, -13], "size": [30, 1, 8], "uv": [0, 87]},
						{"origin": [-13, 10, 110], "size": [30, 6, 1], "uv": [0, 221]},
						{"origin": [-4, 11, 4], "size": [12, 5, 106], "uv": [0, 234]},
						{"origin": [-14, 10, 14], "size": [2, 4, 49], "uv": [176, 167]},
						{"origin": [18, 10, 14], "size": [2, 4, 49], "uv": [170, 0]},
						{"origin": [-14, 3, 14], "size": [2, 4, 49], "uv": [0, 128]},
						{"origin": [18, 3, 14], "size": [2, 4, 49], "uv": [0, 0]},
						{"origin": [-16, 18, 17], "size": [36, 2, 104], "uv": [0, 128]},
						{"origin": [-15, 20, 120], "size": [34, 22, 1], "uv": [170, 75]},
						{"origin": [-15, 43, 120], "size": [34, 16, 1], "uv": [223, 0]},
						{"origin": [-15, 20, 17], "size": [34, 39, 1], "uv": [0, 181]},
						{"origin": [19, 20, 17], "size": [1, 39, 104], "uv": [176, 167]},
						{"origin": [-16, 20, 17], "size": [1, 39, 104], "uv": [176, 24]},
						{"origin": [-13, 11, -14], "size": [1, 13, 1], "uv": [4, 0]},
						{"origin": [-12, 24, -14], "size": [28, 3, 1], "uv": [170, 98]},
						{"origin": [16, 11, -14], "size": [1, 13, 1], "uv": [0, 0]},
						{"origin": [16, 24, -14], "size": [1, 8, 1], "uv": [45, 0]},
						{"origin": [-13, 24, -14], "size": [1, 8, 1], "uv": [8, 24]},
						{"origin": [17, 24, -13], "size": [1, 8, 2], "uv": [0, 24]},
						{"origin": [-14, 24, -13], "size": [1, 8, 2], "uv": [8, 0]},
						{"origin": [16, 32, -13], "size": [1, 7, 1], "uv": [21, 6]},
						{"origin": [-13, 32, -13], "size": [1, 7, 1], "uv": [17, 6]},
						{"origin": [17, 32, -12], "size": [1, 7, 2], "uv": [8, 53]},
						{"origin": [-14, 32, -12], "size": [1, 7, 2], "uv": [53, 0]},
						{"origin": [17, 39, -11], "size": [1, 1, 2], "uv": [12, 46]},
						{"origin": [-14, 39, -11], "size": [1, 1, 2], "uv": [6, 46]},
						{"origin": [-13, 39, -12], "size": [1, 1, 2], "uv": [33, 11]},
						{"origin": [16, 39, -12], "size": [1, 1, 2], "uv": [27, 11]},
						{"origin": [17, 24, -9], "size": [1, 1, 4], "uv": [36, 37]},
						{"origin": [-14, 24, -9], "size": [1, 1, 4], "uv": [2, 30]},
						{"origin": [17, 26, -1], "size": [1, 1, 4], "uv": [27, 6]},
						{"origin": [17, 16, -5], "size": [1, 1, 8], "uv": [26, 38]},
						{"origin": [-14, 16, -5], "size": [1, 1, 8], "uv": [17, 6]},
						{"origin": [17, 10, -5], "size": [1, 6, 1], "uv": [59, 0]},
						{"origin": [-14, 10, -5], "size": [1, 6, 1], "uv": [44, 42]},
						{"origin": [17, 13, -4], "size": [1, 3, 1], "uv": [36, 37]},
						{"origin": [-14, 13, -4], "size": [1, 3, 1], "uv": [27, 6]},
						{"origin": [17, 15, -3], "size": [1, 1, 2], "uv": [0, 46]},
						{"origin": [-14, 15, -3], "size": [1, 1, 2], "uv": [42, 37]},
						{"origin": [-14, 26, -1], "size": [1, 1, 4], "uv": [4, 10]},
						{"origin": [17, 26, 3], "size": [1, 1, 2], "uv": [36, 42]},
						{"origin": [-14, 26, 3], "size": [1, 1, 2], "uv": [33, 6]},
						{"origin": [-14, 26, 5], "size": [1, 1, 2], "uv": [53, 27]},
						{"origin": [17, 26, 5], "size": [1, 1, 2], "uv": [53, 22]},
						{"origin": [17, 27, 6], "size": [1, 1, 1], "uv": [31, 11]},
						{"origin": [-14, 27, 6], "size": [1, 1, 1], "uv": [4, 24]},
						{"origin": [17, 26, 7], "size": [1, 14, 3], "uv": [0, 53]},
						{"origin": [-14, 26, 7], "size": [1, 14, 3], "uv": [40, 6]},
						{"origin": [-14, 40, -11], "size": [32, 1, 21], "uv": [170, 53]},
						{"origin": [-13, 17, 9], "size": [30, 23, 1], "uv": [0, 234]},
						{"origin": [-11, 17, 4], "size": [11, 17, 3], "uv": [62, 234]},
						{"origin": [-11, 36, 4], "size": [11, 3, 3], "uv": [17, 0]},
						{"origin": [-13, 41, -8], "size": [30, 1, 17], "uv": [0, 53]},
						{"origin": [-13, 24, -13], "size": [1, 3, 1], "uv": [10, 10]},
						{"origin": [-13, 6, -17], "size": [30, 5, 1], "uv": [0, 96]},
						{"origin": [-14, 6, -16], "size": [32, 5, 3], "uv": [176, 220]},
						{"origin": [-12, 11, -15], "size": [28, 14, 1], "uv": [130, 234]},
						{"origin": [17, 8, -13], "size": [1, 16, 8], "uv": [188, 234]},
						{"origin": [-14, 8, -13], "size": [1, 16, 8], "uv": [202, 181]},
						{"origin": [17, 17, -5], "size": [1, 9, 15], "uv": [72, 135]},
						{"origin": [14, 0, 0], "size": [4, 13, 9], "uv": [229, 189]},
						{"origin": [15, 0, 69], "size": [4, 13, 9], "uv": [229, 167]},
						{"origin": [10, 0, 69], "size": [4, 13, 9], "uv": [223, 17]},
						{"origin": [-10, 0, 69], "size": [4, 13, 9], "uv": [70, 203]},
						{"origin": [-15, 0, 69], "size": [4, 13, 9], "uv": [176, 189]},
						{"origin": [-14, 0, 0], "size": [4, 13, 9], "uv": [23, 15]},
						{"origin": [14, 2, -2], "size": [4, 9, 13], "uv": [0, 150]},
						{"origin": [15, 2, 67], "size": [4, 9, 13], "uv": [53, 128]},
						{"origin": [10, 2, 67], "size": [4, 9, 13], "uv": [0, 128]},
						{"origin": [-10, 2, 67], "size": [4, 9, 13], "uv": [53, 22]},
						{"origin": [-15, 2, 67], "size": [4, 9, 13], "uv": [53, 0]},
						{"origin": [-14, 2, -2], "size": [4, 9, 13], "uv": [0, 24]},
						{"origin": [14, 1, -1], "size": [4, 11, 11], "uv": [189, 11]},
						{"origin": [15, 1, 68], "size": [4, 11, 11], "uv": [70, 181]},
						{"origin": [-10, 1, 68], "size": [4, 11, 11], "uv": [176, 167]},
						{"origin": [-15, 1, 68], "size": [4, 11, 11], "uv": [170, 22]},
						{"origin": [10, 1, 68], "size": [4, 11, 11], "uv": [170, 0]},
						{"origin": [-14, 1, -1], "size": [4, 11, 11], "uv": [53, 150]},
						{"origin": [-14, 17, -5], "size": [1, 9, 15], "uv": [0, 0]},
						{"origin": [-15, 26, 18], "size": [34, 26, 102], "uv": [0, 0]}
					]
				}
			]
		}
	]
}