{
	"format_version": "1.12.0",
	"minecraft:geometry": [
		{
			"description": {
				"identifier": "geometry.pa",
				"texture_width": 256,
				"texture_height": 256,
				"visible_bounds_width": 8,
				"visible_bounds_height": 4,
				"visible_bounds_offset": [0, 1, 0]
			},
			"bones": [
				{
					"name": "bb_main",
					"pivot": [0, 0, 0],
					"cubes": [
						{"origin": [10, 0, -15], "size": [4, 11, 9], "uv": [90, 135]},
						{"origin": [10, 0, 25], "size": [4, 11, 9], "uv": [36, 134]},
						{"origin": [-15, 0, -15], "size": [4, 11, 9], "uv": [0, 135]},
						{"origin": [-14, 0, 25], "size": [4, 11, 9], "uv": [134, 43]},
						{"origin": [-14, 1, 24], "size": [4, 9, 11], "uv": [99, 115]},
						{"origin": [-15, 1, -16], "size": [4, 9, 11], "uv": [43, 114]},
						{"origin": [10, 1, -16], "size": [4, 9, 11], "uv": [0, 115]},
						{"origin": [10, 1, 24], "size": [4, 9, 11], "uv": [112, 81]},
						{"origin": [-14, 4, -25], "size": [28, 5, 7], "uv": [77, 0]},
						{"origin": [-13, 4, -26], "size": [26, 5, 1], "uv": [105, 75]},
						{"origin": [-14, 9, -23], "size": [28, 12, 1], "uv": [77, 12]},
						{"origin": [-14, 6, -4], "size": [28, 25, 2], "uv": [52, 83]},
						{"origin": [-12, 14, -7], "size": [10, 13, 3], "uv": [62, 138]},
						{"origin": [-13, 8, -2], "size": [26, 1, 25], "uv": [0, 0]},
						{"origin": [-13, 13, -17], "size": [26, 1, 13], "uv": [0, 44]},
						{"origin": [-13, 9, -18], "size": [26, 4, 1], "uv": [0, 110]},
						{"origin": [-13, 8, 36], "size": [26, 1, 11], "uv": [73, 26]},
						{"origin": [-13, 11, 47], "size": [26, 9, 1], "uv": [105, 65]},
						{"origin": [-13, 8, 47], "size": [26, 3, 1], "uv": [54, 110]},
						{"origin": [-9, 8, 23], "size": [18, 1, 13], "uv": [80, 38]},
						{"origin": [-13, 12, 23], "size": [4, 1, 13], "uv": [122, 12]},
						{"origin": [8, 12, 23], "size": [5, 1, 13], "uv": [99, 101]},
						{"origin": [8, 7, 23], "size": [1, 5, 13], "uv": [131, 128]},
						{"origin": [-9, 7, 23], "size": [1, 5, 13], "uv": [116, 123]},
						{"origin": [-13, 9, 36], "size": [5, 3, 1], "uv": [41, 58]},
						{"origin": [8, 9, 36], "size": [5, 3, 1], "uv": [8, 0]},
						{"origin": [-13, 9, 22], "size": [5, 3, 1], "uv": [8, 58]},
						{"origin": [8, 9, 22], "size": [5, 3, 1], "uv": [0, 53]},
						{"origin": [13, 21, -23], "size": [1, 5, 2], "uv": [16, 8]},
						{"origin": [-14, 21, -23], "size": [1, 5, 2], "uv": [0, 15]},
						{"origin": [13, 26, -22], "size": [1, 3, 2], "uv": [0, 26]},
						{"origin": [13, 29, -21], "size": [1, 2, 2], "uv": [8, 26]},
						{"origin": [-14, 26, -22], "size": [1, 3, 2], "uv": [0, 0]},
						{"origin": [-14, 29, -21], "size": [1, 2, 2], "uv": [7, 44]},
						{"origin": [-14, 31, -20], "size": [28, 1, 17], "uv": [0, 26]},
						{"origin": [-18, 20, -22], "size": [4, 3, 1], "uv": [14, 4]},
						{"origin": [-14, 13, -22], "size": [1, 7, 6], "uv": [0, 97]},
						{"origin": [13, 13, -22], "size": [1, 7, 6], "uv": [8, 66]},
						{"origin": [13, 12, -17], "size": [1, 1, 1], "uv": [21, 23]},
						{"origin": [13, 12, -5], "size": [1, 1, 1], "uv": [8, 4]},
						{"origin": [-14, 9, -22], "size": [1, 4, 5], "uv": [27, 58]},
						{"origin": [13, 9, -22], "size": [1, 4, 5], "uv": [0, 44]},
						{"origin": [-14, 12, -17], "size": [1, 1, 1], "uv": [20, 0]},
						{"origin": [-14, 12, -5], "size": [1, 1, 1], "uv": [4, 15]},
						{"origin": [-14, 11, 23], "size": [1, 1, 1], "uv": [4, 22]},
						{"origin": [13, 11, 23], "size": [1, 1, 1], "uv": [0, 22]},
						{"origin": [13, 11, 35], "size": [1, 1, 1], "uv": [20, 8]},
						{"origin": [-14, 11, 35], "size": [1, 1, 1], "uv": [20, 2]},
						{"origin": [-14, 6, -2], "size": [1, 14, 25], "uv": [0, 58]},
						{"origin": [13, 6, -2], "size": [1, 14, 25], "uv": [53, 44]},
						{"origin": [-14, 8, 36], "size": [1, 12, 12], "uv": [73, 114]},
						{"origin": [13, 8, 36], "size": [1, 12, 12], "uv": [27, 58]},
						{"origin": [-14, 12, 23], "size": [1, 8, 13], "uv": [122, 102]},
						{"origin": [13, 12, 23], "size": [1, 8, 13], "uv": [17, 122]},
						{"origin": [-14, 13, -16], "size": [1, 8, 6], "uv": [0, 58]},
						{"origin": [13, 13, -16], "size": [1, 8, 6], "uv": [0, 26]},
						{"origin": [-14, 13, -10], "size": [1, 9, 6], "uv": [8, 9]},
						{"origin": [13, 13, -10], "size": [1, 9, 6], "uv": [0, 0]},
						{"origin": [-13, 9, -24], "size": [26, 12, 1], "uv": [80, 52]},
						{"origin": [3, 19, -2], "size": [10, 9, 17], "uv": [142, 64]},
						{"origin": [3, 19, 15], "size": [10, 9, 17], "uv": [142, 64]},
						{"origin": [3, 29, 32], "size": [10, 9, 17], "uv": [142, 64]},
						{"origin": [3, 28, 15], "size": [10, 9, 17], "uv": [142, 64]},
						{"origin": [3, 20, 32], "size": [10, 9, 17], "uv": [142, 64]},
						{"origin": [-3, 20, 32], "size": [6, 9, 17], "uv": [148, 64]},
						{"origin": [-3, 28, 15], "size": [6, 9, 17], "uv": [148, 64]},
						{"origin": [-3, 29, 32], "size": [6, 9, 17], "uv": [148, 64]},
						{"origin": [-3, 28, -2], "size": [6, 9, 17], "uv": [148, 64]},
						{"origin": [3, 19, -15], "size": [10, 9, 17], "pivot": [0, 0, 0], "rotation": [0, 180, 0], "uv": [142, 64]},
						{"origin": [3, 19, -32], "size": [10, 9, 17], "pivot": [0, 0, 0], "rotation": [0, 180, 0], "uv": [142, 64]},
						{"origin": [3, 20, -49], "size": [10, 9, 17], "pivot": [0, 0, 0], "rotation": [0, 180, 0], "uv": [142, 64]},
						{"origin": [3, 28, -15], "size": [10, 9, 17], "pivot": [0, 0, 0], "rotation": [0, 180, 0], "uv": [142, 64]},
						{"origin": [3, 29, -49], "size": [10, 9, 17], "pivot": [0, 0, 0], "rotation": [0, 180, 0], "uv": [142, 64]},
						{"origin": [3, 28, -32], "size": [10, 9, 17], "pivot": [0, 0, 0], "rotation": [0, 180, 0], "uv": [142, 64]},
						{"origin": [3, 28, -2], "size": [10, 9, 17], "uv": [142, 64]}
					]
				}
			]
		}
	]
}