{
	"format_version": "1.12.0",
	"minecraft:geometry": [
		{
			"description": {
				"identifier": "geometry.sumber",
				"texture_width": 1024,
				"texture_height": 1024,
				"visible_bounds_width": 17,
				"visible_bounds_height": 7,
				"visible_bounds_offset": [0, 2.5, 0]
			},
			"bones": [
				{
					"name": "bb_main",
					"pivot": [0, -3, 63],
					"cubes": [
						{"origin": [-13, 17, -6], "size": [30, 1, 15], "uv": [170, 177]},
						{"origin": [-13, 11, -13], "size": [30, 1, 8], "uv": [0, 200]},
						{"origin": [-14, 10, 110], "size": [32, 6, 1], "uv": [0, 209]},
						{"origin": [9, 15, 66], "size": [11, 2, 3], "uv": [14, 184]},
						{"origin": [9, 14, 65], "size": [11, 2, 2], "uv": [196, 210]},
						{"origin": [9, 14, 80], "size": [11, 2, 2], "uv": [70, 188]},
						{"origin": [-16, 14, 80], "size": [11, 2, 2], "uv": [182, 32]},
						{"origin": [-16, 14, 65], "size": [11, 2, 2], "uv": [77, 99]},
						{"origin": [9, 15, 78], "size": [11, 2, 3], "uv": [182, 27]},
						{"origin": [-16, 15, 78], "size": [11, 2, 3], "uv": [182, 22]},
						{"origin": [-16, 15, 66], "size": [11, 2, 3], "uv": [14, 179]},
						{"origin": [9, 12, 64], "size": [11, 3, 2], "uv": [170, 210]},
						{"origin": [9, 12, 81], "size": [11, 3, 2], "uv": [44, 193]},
						{"origin": [-16, 12, 81], "size": [11, 3, 2], "uv": [0, 192]},
						{"origin": [-16, 12, 64], "size": [11, 3, 2], "uv": [44, 188]},
						{"origin": [9, 1, 63], "size": [11, 11, 2], "uv": [170, 158]},
						{"origin": [9, 1, 82], "size": [11, 11, 2], "uv": [77, 86]},
						{"origin": [-16, 1, 82], "size": [11, 11, 2], "uv": [79, 67]},
						{"origin": [-16, 1, 63], "size": [11, 11, 2], "uv": [79, 52]},
						{"origin": [9, 16, 67], "size": [11, 2, 13], "uv": [44, 67]},
						{"origin": [-16, 16, 67], "size": [11, 2, 13], "uv": [44, 52]},
						{"origin": [-16, 18, 17], "size": [36, 2, 104], "uv": [182, 0]},
						{"origin": [-4, 10, -1], "size": [12, 5, 111], "uv": [340, 106]},
						{"origin": [-15, 20, 120], "size": [34, 22, 1], "uv": [182, 81]},
						{"origin": [-15, 43, 120], "size": [34, 16, 1], "uv": [170, 193]},
						{"origin": [-15, 20, 17], "size": [34, 39, 1], "uv": [182, 41]},
						{"origin": [-14, 50, 14], "size": [32, 1, 1], "uv": [0, 104]},
						{"origin": [18, 17, 14], "size": [1, 33, 1], "uv": [36, 0]},
						{"origin": [-15, 17, 14], "size": [1, 33, 1], "uv": [32, 0]},
						{"origin": [19, 20, 17], "size": [1, 39, 104], "uv": [354, 354]},
						{"origin": [-16, 20, 17], "size": [1, 39, 104], "uv": [144, 354]},
						{"origin": [-13, 11, -14], "size": [1, 13, 1], "uv": [4, 65]},
						{"origin": [-12, 24, -14], "size": [28, 3, 1], "uv": [44, 114]},
						{"origin": [-12, 34, -12], "size": [28, 5, 1], "uv": [289, 107]},
						{"origin": [16, 11, -14], "size": [1, 13, 1], "uv": [0, 65]},
						{"origin": [16, 24, -14], "size": [1, 8, 1], "uv": [102, 42]},
						{"origin": [-13, 24, -14], "size": [1, 8, 1], "uv": [102, 24]},
						{"origin": [17, 24, -13], "size": [1, 8, 2], "uv": [44, 52]},
						{"origin": [-14, 24, -13], "size": [1, 8, 2], "uv": [17, 24]},
						{"origin": [16, 32, -13], "size": [1, 7, 1], "uv": [0, 114]},
						{"origin": [-13, 32, -13], "size": [1, 7, 1], "uv": [102, 80]},
						{"origin": [17, 32, -12], "size": [1, 7, 2], "uv": [35, 70]},
						{"origin": [-14, 32, -12], "size": [1, 7, 2], "uv": [21, 43]},
						{"origin": [17, 39, -11], "size": [1, 1, 2], "uv": [92, 103]},
						{"origin": [-14, 39, -11], "size": [1, 1, 2], "uv": [10, 99]},
						{"origin": [-13, 39, -12], "size": [1, 1, 2], "uv": [50, 67]},
						{"origin": [16, 39, -12], "size": [1, 1, 2], "uv": [44, 62]},
						{"origin": [17, 24, -9], "size": [1, 1, 4], "uv": [44, 72]},
						{"origin": [-14, 24, -9], "size": [1, 1, 4], "uv": [44, 67]},
						{"origin": [17, 26, -1], "size": [1, 1, 4], "uv": [27, 66]},
						{"origin": [17, 16, -5], "size": [1, 1, 8], "uv": [220, 22]},
						{"origin": [18, 17, -1], "size": [1, 1, 12], "uv": [0, 179]},
						{"origin": [-15, 17, -1], "size": [1, 1, 12], "uv": [44, 140]},
						{"origin": [18, 16, -4], "size": [1, 1, 15], "uv": [0, 65]},
						{"origin": [-15, 16, -4], "size": [1, 1, 15], "uv": [0, 24]},
						{"origin": [-14, 16, -5], "size": [1, 1, 8], "uv": [208, 158]},
						{"origin": [17, 10, -5], "size": [1, 6, 1], "uv": [4, 114]},
						{"origin": [18, 3, -6], "size": [1, 9, 1], "uv": [8, 65]},
						{"origin": [-15, 3, -6], "size": [1, 9, 1], "uv": [50, 52]},
						{"origin": [-15, 2, 13], "size": [5, 12, 1], "uv": [17, 0]},
						{"origin": [14, 2, 13], "size": [5, 12, 1], "uv": [0, 0]},
						{"origin": [18, 9, 12], "size": [1, 8, 1], "uv": [98, 42]},
						{"origin": [-15, 9, 12], "size": [1, 8, 1], "uv": [28, 24]},
						{"origin": [18, 13, 11], "size": [1, 5, 1], "uv": [38, 79]},
						{"origin": [-15, 13, 11], "size": [1, 5, 1], "uv": [34, 79]},
						{"origin": [18, 10, -5], "size": [1, 6, 1], "uv": [9, 86]},
						{"origin": [-15, 10, -5], "size": [1, 6, 1], "uv": [0, 86]},
						{"origin": [-14, 10, -5], "size": [1, 6, 1], "uv": [13, 86]},
						{"origin": [17, 13, -4], "size": [1, 3, 1], "uv": [44, 67]},
						{"origin": [18, 13, -4], "size": [1, 3, 1], "uv": [38, 43]},
						{"origin": [-15, 13, -4], "size": [1, 3, 1], "uv": [32, 43]},
						{"origin": [-14, 13, -4], "size": [1, 3, 1], "uv": [27, 65]},
						{"origin": [17, 15, -3], "size": [1, 1, 2], "uv": [6, 98]},
						{"origin": [18, 15, -3], "size": [1, 1, 2], "uv": [27, 53]},
						{"origin": [-15, 15, -3], "size": [1, 1, 2], "uv": [6, 52]},
						{"origin": [-14, 15, -3], "size": [1, 1, 2], "uv": [0, 98]},
						{"origin": [-14, 26, -1], "size": [1, 1, 4], "uv": [32, 43]},
						{"origin": [17, 26, 3], "size": [1, 1, 2], "uv": [50, 77]},
						{"origin": [-14, 26, 3], "size": [1, 1, 2], "uv": [44, 77]},
						{"origin": [-14, 26, 5], "size": [1, 1, 2], "uv": [8, 76]},
						{"origin": [17, 26, 5], "size": [1, 1, 2], "uv": [50, 72]},
						{"origin": [17, 27, 6], "size": [1, 1, 1], "uv": [38, 36]},
						{"origin": [-14, 27, 6], "size": [1, 1, 1], "uv": [38, 34]},
						{"origin": [17, 26, 7], "size": [1, 14, 3], "uv": [93, 118]},
						{"origin": [-14, 26, 7], "size": [1, 14, 3], "uv": [34, 53]},
						{"origin": [-14, 40, -11], "size": [32, 1, 21], "uv": [170, 114]},
						{"origin": [-13, 17, 9], "size": [30, 23, 1], "uv": [44, 0]},
						{"origin": [-11, 17, 4], "size": [11, 17, 3], "uv": [0, 136]},
						{"origin": [-11, 36, 4], "size": [11, 3, 3], "uv": [65, 118]},
						{"origin": [-13, 41, -8], "size": [30, 1, 17], "uv": [0, 86]},
						{"origin": [-9, 48, 12], "size": [22, 4, 5], "uv": [44, 43]},
						{"origin": [-13, 24, -13], "size": [1, 3, 1], "uv": [44, 43]},
						{"origin": [-13, 9, -17], "size": [30, 2, 1], "uv": [44, 39]},
						{"origin": [-8, 8, -17], "size": [20, 1, 1], "uv": [0, 216]},
						{"origin": [-5, 7, -17], "size": [14, 1, 1], "uv": [0, 81]},
						{"origin": [-7, 26, -26], "size": [1, 1, 9], "pivot": [0, 0, 0], "rotation": [0, 20, 0], "uv": [21, 43]},
						{"origin": [16, 26, -23], "size": [1, 1, 9], "uv": [17, 25]},
						{"origin": [-3, 4, -17], "size": [10, 1, 1], "uv": [17, 35]},
						{"origin": [6, 3, -17], "size": [10, 1, 1], "uv": [2, 239]},
						{"origin": [-12, 3, -17], "size": [10, 1, 1], "uv": [76, 239]},
						{"origin": [11, 4, -17], "size": [1, 1, 1], "uv": [0, 52]},
						{"origin": [-8, 4, -17], "size": [1, 1, 1], "uv": [0, 52]},
						{"origin": [7, 6, -17], "size": [3, 1, 1], "uv": [0, 52]},
						{"origin": [-6, 6, -17], "size": [3, 1, 1], "uv": [0, 52]},
						{"origin": [9, 5, -17], "size": [7, 1, 1], "uv": [85, 217]},
						{"origin": [-12, 5, -17], "size": [7, 1, 1], "uv": [85, 217]},
						{"origin": [14, 26, -24], "size": [5, 8, 1], "uv": [0, 43]},
						{"origin": [-18, 26, -23], "size": [5, 8, 1], "uv": [0, 24]},
						{"origin": [-12, 6, -17], "size": [2, 1, 1], "uv": [0, 33]},
						{"origin": [14, 6, -17], "size": [2, 1, 1], "uv": [0, 33]},
						{"origin": [-13, 3, -17], "size": [1, 6, 1], "uv": [21, 65]},
						{"origin": [16, 3, -17], "size": [1, 6, 1], "uv": [17, 65]},
						{"origin": [-14, 3, -16], "size": [32, 8, 3], "uv": [0, 242]},
						{"origin": [-12, 11, -15], "size": [28, 14, 1], "uv": [44, 24]},
						{"origin": [17, 8, -13], "size": [1, 16, 8], "uv": [80, 149]},
						{"origin": [17, 3, -13], "size": [1, 5, 8], "uv": [170, 114]},
						{"origin": [-14, 3, -13], "size": [1, 5, 8], "uv": [17, 65]},
						{"origin": [-14, 8, -13], "size": [1, 16, 8], "uv": [78, 192]},
						{"origin": [17, 17, -5], "size": [1, 9, 15], "uv": [63, 164]},
						{"origin": [-14, 17, -5], "size": [1, 9, 15], "uv": [0, 0]},
						{"origin": [-17, 52, 16], "size": [38, 8, 106], "uv": [0, 0]},
						{"origin": [-15, 60, 16], "size": [34, 2, 106], "uv": [166, 136]},
						{"origin": [-13, 62, 16], "size": [30, 2, 106], "uv": [0, 242]},
						{"origin": [-11, 64, 16], "size": [26, 2, 106], "uv": [166, 244]},
						{"origin": [-7, 68, 16], "size": [18, 2, 106], "uv": [0, 350]},
						{"origin": [-5, 70, 16], "size": [14, 2, 106], "uv": [0, 458]},
						{"origin": [-3, 72, 16], "size": [10, 2, 106], "uv": [458, 391]},
						{"origin": [-1, 74, 16], "size": [6, 2, 106], "uv": [474, 222]},
						{"origin": [-9, 66, 16], "size": [22, 2, 106], "uv": [324, 246]},
						{"origin": [18, 1, 20], "size": [1, 14, 44], "uv": [358, 0]},
						{"origin": [-15, 1, 20], "size": [1, 14, 44], "uv": [358, 0]},
						{"origin": [19, 12, 20], "size": [1, 2, 44], "uv": [358, 0]},
						{"origin": [-16, 12, 20], "size": [1, 2, 44], "uv": [358, 0]},
						{"origin": [-16, 1, 20], "size": [1, 1, 43], "uv": [358, 0]},
						{"origin": [19, 1, 20], "size": [1, 1, 43], "uv": [358, 0]},
						{"origin": [19, 2, 52], "size": [1, 1, 11], "uv": [358, 0]},
						{"origin": [-16, 2, 52], "size": [1, 1, 11], "uv": [358, 0]},
						{"origin": [19, 3, 53], "size": [1, 1, 10], "uv": [358, 0]},
						{"origin": [-16, 3, 53], "size": [1, 1, 10], "uv": [358, 0]},
						{"origin": [-14, 1, 17], "size": [1, 14, 3], "uv": [32, 134]},
						{"origin": [17, 1, 17], "size": [1, 14, 3], "uv": [32, 134]},
						{"origin": [18, 12, 17], "size": [1, 2, 3], "uv": [32, 134]},
						{"origin": [-15, 12, 17], "size": [1, 2, 3], "uv": [32, 134]},
						{"origin": [-14, 12, 14], "size": [1, 2, 3], "uv": [32, 134]},
						{"origin": [18, 1, 17], "size": [1, 1, 3], "uv": [32, 134]},
						{"origin": [-15, 1, 17], "size": [1, 1, 3], "uv": [32, 134]},
						{"origin": [-14, 1, 14], "size": [1, 1, 3], "uv": [32, 134]},
						{"origin": [17, 1, 14], "size": [1, 1, 3], "uv": [32, 134]},
						{"origin": [17, 12, 14], "size": [1, 2, 3], "uv": [32, 134]},
						{"origin": [16, 1, 14], "size": [1, 14, 3], "uv": [249, 137]},
						{"origin": [-13, 1, 14], "size": [1, 14, 3], "uv": [249, 137]}
					]
				},
				{
					"name": "bone",
					"pivot": [0, 0, 0],
					"cubes": [
						{"origin": [-14, 2, -2], "size": [4, 9, 13], "uv": [0, 43]},
						{"origin": [-15, 2, 0], "size": [1, 9, 9], "uv": [148, 357]},
						{"origin": [-14, 0, 0], "size": [4, 13, 9], "uv": [240, 193]},
						{"origin": [-14, 1, -1], "size": [4, 11, 11], "uv": [170, 136]},
						{"origin": [18, 2, 0], "size": [1, 9, 9], "uv": [428, 120]},
						{"origin": [14, 2, -2], "size": [4, 9, 13], "uv": [44, 157]},
						{"origin": [14, 1, -1], "size": [4, 11, 11], "uv": [239, 11]},
						{"origin": [14, 0, 0], "size": [4, 13, 9], "uv": [244, 244]},
						{"origin": [19, 2, 69], "size": [1, 9, 9], "uv": [282, 113]},
						{"origin": [15, 0, 69], "size": [4, 13, 9], "uv": [218, 244]},
						{"origin": [15, 1, 68], "size": [4, 11, 11], "uv": [227, 147]},
						{"origin": [15, 2, 67], "size": [4, 9, 13], "uv": [0, 157]},
						{"origin": [10, 2, 67], "size": [4, 9, 13], "uv": [65, 127]},
						{"origin": [10, 1, 68], "size": [4, 11, 11], "uv": [182, 0]},
						{"origin": [-16, 2, 69], "size": [1, 9, 9], "uv": [249, 171]},
						{"origin": [-15, 2, 67], "size": [4, 9, 13], "uv": [0, 114]},
						{"origin": [-15, 0, 69], "size": [4, 13, 9], "uv": [70, 242]},
						{"origin": [-15, 1, 68], "size": [4, 11, 11], "uv": [208, 136]},
						{"origin": [-10, 1, 68], "size": [4, 11, 11], "uv": [220, 0]},
						{"origin": [-10, 0, 69], "size": [4, 13, 9], "uv": [166, 244]},
						{"origin": [-10, 2, 67], "size": [4, 9, 13], "uv": [44, 118]},
						{"origin": [10, 0, 69], "size": [4, 13, 9], "uv": [192, 244]}
					]
				}
			]
		}
	]
}