{
	"format_version": "1.12.0",
	"minecraft:geometry": [
		{
			"description": {
				"identifier": "geometry.ti2",
				"texture_width": 1024,
				"texture_height": 1024,
				"visible_bounds_width": 17,
				"visible_bounds_height": 7,
				"visible_bounds_offset": [0, 2.5, 0]
			},
			"bones": [
				{
					"name": "bb_main2",
					"pivot": [0, 0, 0],
					"cubes": [
						{"origin": [-13, 42, 1], "size": [30, 8, 7], "uv": [176, 108]},
						{"origin": [-13, 42, -4], "size": [30, 7, 5], "uv": [176, 173]},
						{"origin": [-13, 42, -6], "size": [30, 5, 2], "uv": [35, 106]},
						{"origin": [-13, 42, -8], "size": [30, 2, 2], "uv": [0, 180]}
					]
				},
				{
					"name": "bb_main",
					"pivot": [0, 0, 0],
					"cubes": [
						{"origin": [-13, 17, -6], "size": [30, 1, 15], "uv": [0, 79]},
						{"origin": [-13, 11, -13], "size": [30, 1, 8], "uv": [176, 91]},
						{"origin": [-4, 11, 4], "size": [12, 5, 109], "uv": [147, 214]},
						{"origin": [-16, 18, 17], "size": [36, 2, 104], "uv": [0, 106]},
						{"origin": [-10, 65, 17], "size": [24, 2, 104], "uv": [0, 212]},
						{"origin": [-7, 67, 17], "size": [19, 2, 104], "uv": [336, 110]},
						{"origin": [-5, 69, 17], "size": [15, 2, 104], "uv": [344, 0]},
						{"origin": [-3, 71, 17], "size": [11, 2, 104], "uv": [106, 357]},
						{"origin": [-1, 73, 17], "size": [7, 2, 104], "uv": [232, 367]},
						{"origin": [1, 75, 17], "size": [3, 2, 104], "uv": [457, 377]},
						{"origin": [-16, 59, 17], "size": [36, 2, 104], "uv": [0, 0]},
						{"origin": [20, 51, 16], "size": [1, 8, 105], "uv": [456, 262]},
						{"origin": [-17, 51, 16], "size": [1, 8, 105], "uv": [349, 368]},
						{"origin": [-16, 51, 16], "size": [36, 8, 1], "uv": [176, 164]},
						{"origin": [-14, 61, 17], "size": [32, 2, 104], "uv": [176, 2]},
						{"origin": [-15, 20, 120], "size": [34, 22, 1], "uv": [176, 68]},
						{"origin": [-15, 20, 17], "size": [34, 39, 1], "uv": [0, 39]},
						{"origin": [-15, 43, 120], "size": [34, 16, 1], "uv": [176, 123]},
						{"origin": [19, 20, 17], "size": [1, 39, 104], "uv": [0, 318]},
						{"origin": [-16, 20, 17], "size": [1, 39, 104], "uv": [285, 224]},
						{"origin": [-13, 11, -14], "size": [1, 13, 1], "uv": [70, 63]},
						{"origin": [18, 26, -25], "size": [1, 1, 12], "uv": [54, 212]},
						{"origin": [-4, 26, -30], "size": [1, 1, 12], "pivot": [0, 0, 0], "rotation": [0, 35, 0], "uv": [77, 21]},
						{"origin": [-23, 26, -23], "size": [5, 9, 1], "uv": [75, 81]},
						{"origin": [16, 26, -26], "size": [5, 9, 1], "uv": [77, 21]},
						{"origin": [-12, 24, -14], "size": [28, 3, 1], "uv": [0, 200]},
						{"origin": [16, 11, -14], "size": [1, 13, 1], "uv": [14, 0]},
						{"origin": [14, 16, -16], "size": [2, 7, 1], "uv": [176, 34]},
						{"origin": [-12, 16, -16], "size": [2, 7, 1], "uv": [98, 175]},
						{"origin": [16, 17, -16], "size": [1, 6, 1], "uv": [41, 153]},
						{"origin": [-13, 17, -16], "size": [1, 6, 1], "uv": [6, 146]},
						{"origin": [11, 21, -16], "size": [3, 1, 1], "uv": [87, 52]},
						{"origin": [-10, 21, -16], "size": [3, 1, 1], "uv": [84, 18]},
						{"origin": [13, 22, -16], "size": [1, 1, 1], "uv": [100, 34]},
						{"origin": [-10, 22, -16], "size": [1, 1, 1], "uv": [99, 52]},
						{"origin": [10, 16, -16], "size": [4, 1, 1], "uv": [83, 65]},
						{"origin": [-10, 16, -16], "size": [4, 1, 1], "uv": [83, 63]},
						{"origin": [13, 17, -16], "size": [1, 2, 1], "uv": [6, 153]},
						{"origin": [-10, 17, -16], "size": [1, 2, 1], "uv": [29, 136]},
						{"origin": [16, 24, -14], "size": [1, 8, 1], "uv": [41, 113]},
						{"origin": [-13, 24, -14], "size": [1, 8, 1], "uv": [99, 21]},
						{"origin": [17, 24, -13], "size": [1, 8, 2], "uv": [35, 153]},
						{"origin": [-14, 24, -13], "size": [1, 8, 2], "uv": [0, 146]},
						{"origin": [16, 32, -13], "size": [1, 5, 1], "uv": [29, 167]},
						{"origin": [-13, 32, -13], "size": [1, 5, 1], "uv": [62, 153]},
						{"origin": [17, 32, -12], "size": [1, 5, 2], "uv": [176, 91]},
						{"origin": [-14, 32, -12], "size": [1, 5, 2], "uv": [0, 95]},
						{"origin": [16, 37, -12], "size": [1, 3, 2], "uv": [54, 113]},
						{"origin": [-13, 37, -12], "size": [1, 3, 2], "uv": [7, 106]},
						{"origin": [17, 37, -11], "size": [1, 3, 2], "uv": [96, 34]},
						{"origin": [-14, 37, -11], "size": [1, 3, 2], "uv": [92, 0]},
						{"origin": [17, 39, -9], "size": [1, 1, 2], "uv": [96, 143]},
						{"origin": [-14, 39, -9], "size": [1, 1, 2], "uv": [90, 143]},
						{"origin": [17, 24, -9], "size": [1, 1, 4], "uv": [176, 0]},
						{"origin": [-14, 24, -9], "size": [1, 1, 4], "uv": [91, 158]},
						{"origin": [17, 26, -1], "size": [1, 1, 4], "uv": [70, 158]},
						{"origin": [17, 16, -5], "size": [1, 1, 8], "uv": [195, 236]},
						{"origin": [-14, 16, -5], "size": [1, 1, 8], "uv": [169, 234]},
						{"origin": [17, 10, -5], "size": [1, 6, 1], "uv": [91, 113]},
						{"origin": [-14, 10, -5], "size": [1, 6, 1], "uv": [100, 11]},
						{"origin": [-15, 3, -5], "size": [1, 9, 2], "uv": [35, 113]},
						{"origin": [18, 3, -5], "size": [1, 9, 2], "uv": [98, 0]},
						{"origin": [-15, 15, 1], "size": [1, 2, 8], "uv": [248, 0]},
						{"origin": [18, 15, 1], "size": [1, 2, 8], "uv": [238, 153]},
						{"origin": [-15, 15, -3], "size": [1, 1, 4], "uv": [91, 153]},
						{"origin": [18, 15, -3], "size": [1, 1, 4], "uv": [70, 153]},
						{"origin": [-15, 14, -2], "size": [1, 1, 4], "uv": [79, 95]},
						{"origin": [18, 14, -2], "size": [1, 1, 4], "uv": [69, 95]},
						{"origin": [-15, 10, -3], "size": [1, 2, 1], "uv": [99, 135]},
						{"origin": [18, 10, -3], "size": [1, 2, 1], "uv": [70, 135]},
						{"origin": [-15, 13, -2], "size": [1, 1, 1], "uv": [96, 0]},
						{"origin": [18, 13, -2], "size": [1, 1, 1], "uv": [79, 95]},
						{"origin": [-15, 14, 9], "size": [1, 3, 2], "uv": [84, 0]},
						{"origin": [18, 14, 9], "size": [1, 3, 2], "uv": [78, 39]},
						{"origin": [-15, 12, 11], "size": [1, 3, 2], "uv": [74, 63]},
						{"origin": [18, 12, 11], "size": [1, 3, 2], "uv": [70, 39]},
						{"origin": [-15, 3, 12], "size": [2, 9, 1], "uv": [76, 113]},
						{"origin": [-16, 3, 62], "size": [12, 9, 2], "uv": [176, 56]},
						{"origin": [-16, 3, 83], "size": [12, 9, 2], "uv": [176, 22]},
						{"origin": [18, 4, 84], "size": [1, 11, 6], "uv": [255, 10]},
						{"origin": [-15, 4, 84], "size": [1, 11, 6], "uv": [0, 21]},
						{"origin": [18, 6, 105], "size": [1, 9, 6], "uv": [70, 39]},
						{"origin": [-15, 6, 105], "size": [1, 9, 6], "uv": [0, 106]},
						{"origin": [-14, 6, 109], "size": [32, 9, 2], "uv": [176, 185]},
						{"origin": [-13, 7, 116], "size": [30, 2, 2], "uv": [176, 100]},
						{"origin": [-4, 8, 111], "size": [12, 3, 5], "uv": [70, 135]},
						{"origin": [18, 5, 90], "size": [1, 5, 15], "uv": [229, 190]},
						{"origin": [-15, 5, 90], "size": [1, 5, 15], "uv": [0, 225]},
						{"origin": [8, 3, 83], "size": [12, 9, 2], "uv": [70, 175]},
						{"origin": [8, 3, 62], "size": [12, 9, 2], "uv": [0, 168]},
						{"origin": [18, 3, 18], "size": [1, 12, 6], "uv": [88, 34]},
						{"origin": [14, 3, -24], "size": [1, 12, 6], "pivot": [0, 0, 0], "rotation": [0, 180, 0], "uv": [84, 0]},
						{"origin": [18, 3, 57], "size": [1, 12, 6], "uv": [75, 63]},
						{"origin": [14, 3, -63], "size": [1, 12, 6], "pivot": [0, 0, 0], "rotation": [0, 180, 0], "uv": [0, 0]},
						{"origin": [19, 6, 32], "size": [2, 3, 18], "uv": [211, 34]},
						{"origin": [-17, 6, 32], "size": [2, 3, 18], "uv": [50, 187]},
						{"origin": [19, 7, 26], "size": [1, 1, 6], "uv": [89, 187]},
						{"origin": [-16, 7, 26], "size": [1, 1, 6], "uv": [19, 146]},
						{"origin": [-16, 7, 50], "size": [1, 1, 6], "uv": [54, 113]},
						{"origin": [19, 7, 50], "size": [1, 1, 6], "uv": [54, 153]},
						{"origin": [18, 3, 24], "size": [1, 7, 33], "uv": [0, 106]},
						{"origin": [18, 14, 24], "size": [1, 1, 33], "uv": [176, 34]},
						{"origin": [-15, 14, 24], "size": [1, 1, 33], "uv": [176, 0]},
						{"origin": [-15, 11, 24], "size": [1, 1, 33], "uv": [35, 153]},
						{"origin": [-15, 11, 90], "size": [1, 1, 15], "uv": [244, 174]},
						{"origin": [-15, 14, 90], "size": [1, 1, 15], "uv": [241, 158]},
						{"origin": [18, 14, 90], "size": [1, 1, 15], "uv": [238, 85]},
						{"origin": [18, 11, 90], "size": [1, 1, 15], "uv": [72, 187]},
						{"origin": [18, 11, 24], "size": [1, 1, 33], "uv": [0, 146]},
						{"origin": [14, 3, -57], "size": [1, 7, 33], "pivot": [0, 0, 0], "rotation": [0, 180, 0], "uv": [35, 113]},
						{"origin": [16, 3, 12], "size": [1, 12, 3], "uv": [72, 187]},
						{"origin": [-13, 3, 12], "size": [1, 12, 3], "uv": [96, 110]},
						{"origin": [17, 3, 15], "size": [1, 12, 3], "uv": [25, 106]},
						{"origin": [-14, 3, 15], "size": [1, 12, 3], "uv": [17, 106]},
						{"origin": [-16, 12, 63], "size": [12, 4, 3], "uv": [246, 123]},
						{"origin": [-16, 12, 81], "size": [12, 4, 3], "uv": [243, 108]},
						{"origin": [8, 12, 81], "size": [12, 4, 3], "uv": [211, 55]},
						{"origin": [8, 12, 63], "size": [12, 4, 3], "uv": [0, 130]},
						{"origin": [-16, 7, 64], "size": [1, 5, 1], "uv": [54, 153]},
						{"origin": [-16, 7, 82], "size": [1, 5, 1], "uv": [27, 146]},
						{"origin": [19, 7, 82], "size": [1, 5, 1], "uv": [19, 146]},
						{"origin": [19, 7, 64], "size": [1, 5, 1], "uv": [91, 120]},
						{"origin": [-16, 14, 79], "size": [1, 1, 2], "uv": [27, 130]},
						{"origin": [19, 14, 79], "size": [1, 1, 2], "uv": [76, 123]},
						{"origin": [19, 14, 66], "size": [1, 1, 2], "uv": [70, 123]},
						{"origin": [-16, 14, 66], "size": [1, 1, 2], "uv": [60, 120]},
						{"origin": [-16, 15, 65], "size": [12, 2, 2], "uv": [211, 62]},
						{"origin": [-16, 15, 80], "size": [12, 2, 2], "uv": [176, 205]},
						{"origin": [8, 15, 80], "size": [12, 2, 2], "uv": [35, 175]},
						{"origin": [8, 15, 65], "size": [12, 2, 2], "uv": [35, 135]},
						{"origin": [-16, 15, 67], "size": [12, 3, 13], "uv": [211, 16]},
						{"origin": [8, 15, 67], "size": [12, 3, 13], "uv": [211, 0]},
						{"origin": [17, 3, 12], "size": [2, 9, 1], "uv": [70, 113]},
						{"origin": [-15, 15, 11], "size": [1, 2, 1], "uv": [64, 134]},
						{"origin": [18, 15, 11], "size": [1, 2, 1], "uv": [99, 30]},
						{"origin": [-15, 12, -4], "size": [1, 3, 2], "uv": [0, 21]},
						{"origin": [18, 12, -4], "size": [1, 3, 2], "uv": [14, 14]},
						{"origin": [17, 13, -4], "size": [1, 3, 1], "uv": [99, 106]},
						{"origin": [-14, 13, -4], "size": [1, 3, 1], "uv": [0, 106]},
						{"origin": [17, 15, -3], "size": [1, 1, 2], "uv": [54, 120]},
						{"origin": [-14, 15, -3], "size": [1, 1, 2], "uv": [22, 106]},
						{"origin": [-14, 26, -1], "size": [1, 1, 4], "uv": [94, 14]},
						{"origin": [17, 26, 3], "size": [1, 2, 2], "uv": [62, 113]},
						{"origin": [-14, 26, 3], "size": [1, 2, 2], "uv": [75, 95]},
						{"origin": [-14, 26, 5], "size": [1, 3, 2], "uv": [8, 0]},
						{"origin": [17, 26, 5], "size": [1, 3, 2], "uv": [0, 0]},
						{"origin": [17, 29, 6], "size": [1, 1, 1], "uv": [95, 52]},
						{"origin": [-14, 29, 6], "size": [1, 1, 1], "uv": [11, 92]},
						{"origin": [17, 26, 7], "size": [1, 14, 3], "uv": [160, 256]},
						{"origin": [-14, 26, 7], "size": [1, 14, 3], "uv": [152, 256]},
						{"origin": [-14, 40, -10], "size": [32, 1, 20], "uv": [0, 0]},
						{"origin": [-13, 17, 9], "size": [30, 23, 1], "uv": [176, 140]},
						{"origin": [-11, 17, 4], "size": [11, 17, 3], "uv": [246, 55]},
						{"origin": [-11, 36, 4], "size": [11, 3, 3], "uv": [246, 190]},
						{"origin": [-13, 41, -8], "size": [30, 1, 17], "uv": [0, 21]},
						{"origin": [-10, 53, 8], "size": [23, 1, 8], "uv": [176, 196]},
						{"origin": [-10, 51, 8], "size": [23, 2, 1], "uv": [0, 204]},
						{"origin": [-4, 20, 11], "size": [3, 33, 4], "uv": [72, 234]},
						{"origin": [-14, 51, 9], "size": [32, 2, 7], "uv": [0, 95]},
						{"origin": [-15, 46, 10], "size": [4, 5, 6], "uv": [207, 214]},
						{"origin": [15, 46, 10], "size": [4, 5, 6], "uv": [173, 214]},
						{"origin": [-20, 20, -16], "size": [5, 26, 5], "pivot": [0, 0, 0], "rotation": [0, 180, 0], "uv": [52, 234]},
						{"origin": [-16, 20, 11], "size": [5, 26, 5], "uv": [32, 234]},
						{"origin": [5, 20, 11], "size": [3, 33, 4], "uv": [90, 63]},
						{"origin": [-13, 24, -13], "size": [1, 3, 1], "uv": [100, 63]},
						{"origin": [-14, 3, -15], "size": [32, 8, 2], "uv": [0, 187]},
						{"origin": [-13, 9, -16], "size": [30, 2, 1], "uv": [0, 197]},
						{"origin": [-13, 3, -16], "size": [30, 1, 1], "uv": [0, 184]},
						{"origin": [-7, 5, -16], "size": [3, 2, 1], "uv": [8, 24]},
						{"origin": [-5, 7, -16], "size": [14, 1, 1], "uv": [69, 100]},
						{"origin": [-4, 5, -16], "size": [12, 1, 1], "uv": [76, 102]},
						{"origin": [-13, 6, -16], "size": [1, 3, 1], "uv": [85, 95]},
						{"origin": [-7, 7, -16], "size": [2, 2, 1], "uv": [81, 91]},
						{"origin": [-13, 4, -16], "size": [10, 1, 1], "uv": [0, 137]},
						{"origin": [-13, 5, -16], "size": [6, 1, 1], "uv": [0, 18]},
						{"origin": [7, 4, -16], "size": [10, 1, 1], "uv": [70, 143]},
						{"origin": [9, 7, -16], "size": [2, 2, 1], "uv": [75, 91]},
						{"origin": [-12, 6, -16], "size": [1, 1, 1], "uv": [86, 90]},
						{"origin": [-12, 8, -16], "size": [4, 1, 1], "uv": [77, 36]},
						{"origin": [-8, 7, -16], "size": [1, 2, 1], "uv": [90, 35]},
						{"origin": [11, 7, -16], "size": [1, 1, 1], "uv": [83, 67]},
						{"origin": [11, 8, -16], "size": [5, 1, 1], "uv": [77, 31]},
						{"origin": [15, 6, -16], "size": [1, 1, 1], "uv": [70, 77]},
						{"origin": [16, 6, -16], "size": [1, 3, 1], "uv": [69, 95]},
						{"origin": [11, 5, -16], "size": [6, 1, 1], "uv": [77, 34]},
						{"origin": [8, 5, -16], "size": [3, 2, 1], "uv": [8, 21]},
						{"origin": [17, 3, -13], "size": [1, 5, 8], "uv": [17, 226]},
						{"origin": [-14, 3, -13], "size": [1, 5, 8], "uv": [211, 34]},
						{"origin": [11, 11, -14], "size": [5, 13, -1], "uv": [91, 21]},
						{"origin": [-12, 11, -15], "size": [5, 13, 1], "uv": [0, 79]},
						{"origin": [-7, 11, -15], "size": [18, 13, 1], "uv": [233, 34]},
						{"origin": [-9, 12, -13], "size": [22, 12, 1], "uv": [0, 212]},
						{"origin": [17, 8, -13], "size": [1, 16, 8], "uv": [255, 75]},
						{"origin": [-14, 8, -13], "size": [1, 16, 8], "uv": [86, 234]},
						{"origin": [17, 17, -5], "size": [1, 9, 15], "uv": [0, 106]},
						{"origin": [14, 0, 0], "size": [4, 13, 9], "uv": [0, 245]},
						{"origin": [15, 0, 69], "size": [4, 13, 9], "uv": [238, 131]},
						{"origin": [10, 0, 69], "size": [4, 13, 9], "uv": [230, 236]},
						{"origin": [-10, 0, 69], "size": [4, 13, 9], "uv": [204, 236]},
						{"origin": [-15, 0, 69], "size": [4, 13, 9], "uv": [178, 236]},
						{"origin": [-14, 0, 0], "size": [4, 13, 9], "uv": [152, 234]},
						{"origin": [14, 2, -2], "size": [4, 9, 13], "uv": [186, 214]},
						{"origin": [15, 2, 67], "size": [4, 9, 13], "uv": [152, 212]},
						{"origin": [10, 2, 67], "size": [4, 9, 13], "uv": [67, 212]},
						{"origin": [-10, 2, 67], "size": [4, 9, 13], "uv": [33, 212]},
						{"origin": [-15, 2, 67], "size": [4, 9, 13], "uv": [70, 153]},
						{"origin": [-14, 2, -2], "size": [4, 9, 13], "uv": [70, 113]},
						{"origin": [14, 1, -1], "size": [4, 11, 11], "uv": [220, 214]},
						{"origin": [15, 1, 68], "size": [4, 11, 11], "uv": [176, 34]},
						{"origin": [-10, 1, 68], "size": [4, 11, 11], "uv": [176, 0]},
						{"origin": [-15, 1, 68], "size": [4, 11, 11], "uv": [35, 153]},
						{"origin": [-14, 1, -1], "size": [4, 11, 11], "uv": [0, 146]},
						{"origin": [10, 1, 68], "size": [4, 11, 11], "uv": [35, 113]},
						{"origin": [-14, 17, -5], "size": [1, 9, 15], "uv": [70, 39]}
					]
				},
				{
					"name": "bone",
					"parent": "bb_main",
					"pivot": [0, 0, 0],
					"cubes": [
						{"origin": [-12, 63, 17], "size": [28, 2, 104], "uv": [176, 108]},
						{"origin": [19, 2, 69], "size": [1, 9, 9], "uv": [0, 267]},
						{"origin": [14, 2, -9], "size": [1, 9, 9], "pivot": [0, 0, 0], "rotation": [-180, 0, 180], "uv": [0, 267]},
						{"origin": [15, 2, -78], "size": [1, 9, 9], "pivot": [0, 0, 0], "rotation": [-180, 0, 180], "uv": [0, 267]},
						{"origin": [18, 2, 0], "size": [1, 9, 9], "uv": [0, 267]}
					]
				}
			]
		}
	]
}