{
	"format_version": "1.12.0",
	"minecraft:geometry": [
		{
			"description": {
				"identifier": "geometry.travel_isuzu",
				"texture_width": 512,
				"texture_height": 512,
				"visible_bounds_width": 17,
				"visible_bounds_height": 6,
				"visible_bounds_offset": [0, 2, 0]
			},
			"bones": [
				{
					"name": "bb_main",
					"pivot": [0, 0, 0],
					"cubes": [
						{"origin": [-13, 17, -6], "size": [30, 1, 15], "uv": [0, 111]},
						{"origin": [-13, 11, -13], "size": [30, 1, 8], "uv": [0, 127]},
						{"origin": [-13, 16, 9], "size": [30, 1, 118], "uv": [192, 138]},
						{"origin": [-13, 10, 127], "size": [30, 19, 1], "uv": [0, 138]},
						{"origin": [-13, 9, 127], "size": [30, 1, 1], "uv": [66, 61]},
						{"origin": [-13, 6, 126], "size": [30, 4, 1], "uv": [192, 150]},
						{"origin": [9, 8, 127], "size": [8, 1, 1], "uv": [43, 22]},
						{"origin": [-13, 8, 127], "size": [8, 1, 1], "uv": [0, 28]},
						{"origin": [10, 7, 127], "size": [7, 1, 1], "uv": [43, 26]},
						{"origin": [-13, 7, 127], "size": [7, 1, 1], "uv": [43, 24]},
						{"origin": [11, 6, 127], "size": [6, 1, 1], "uv": [43, 28]},
						{"origin": [-13, 6, 127], "size": [6, 1, 1], "uv": [17, 29]},
						{"origin": [-13, 41, 126], "size": [30, 3, 2], "uv": [0, 53]},
						{"origin": [-12, 29, 127], "size": [28, 12, 0], "uv": [192, 138]},
						{"origin": [-12, 17, 122], "size": [7, 20, 2], "uv": [54, 242]},
						{"origin": [-12, 17, 98], "size": [7, 20, 2], "uv": [230, 0]},
						{"origin": [-12, 17, 78], "size": [7, 20, 2], "uv": [226, 181]},
						{"origin": [-12, 17, 59], "size": [7, 20, 2], "uv": [226, 66]},
						{"origin": [-5, 17, 59], "size": [7, 20, 2], "uv": [226, 44]},
						{"origin": [-5, 17, 39], "size": [7, 20, 2], "uv": [102, 224]},
						{"origin": [2, 17, 39], "size": [7, 20, 2], "uv": [66, 220]},
						{"origin": [-12, 17, 39], "size": [7, 20, 2], "uv": [84, 222]},
						{"origin": [-12, 17, 22], "size": [7, 20, 2], "uv": [48, 220]},
						{"origin": [-5, 17, 22], "size": [7, 20, 2], "uv": [0, 213]},
						{"origin": [2, 17, 22], "size": [7, 20, 2], "uv": [210, 203]},
						{"origin": [9, 17, 59], "size": [7, 20, 2], "uv": [226, 22]},
						{"origin": [2, 17, 59], "size": [7, 20, 2], "uv": [208, 225]},
						{"origin": [-5, 17, 78], "size": [7, 20, 2], "uv": [226, 159]},
						{"origin": [2, 17, 78], "size": [7, 20, 2], "uv": [226, 88]},
						{"origin": [-5, 17, 98], "size": [7, 20, 2], "uv": [228, 110]},
						{"origin": [2, 17, 98], "size": [7, 20, 2], "uv": [226, 223]},
						{"origin": [2, 17, 122], "size": [7, 20, 2], "uv": [36, 242]},
						{"origin": [9, 17, 122], "size": [7, 20, 2], "uv": [18, 230]},
						{"origin": [-5, 17, 122], "size": [7, 20, 2], "uv": [0, 235]},
						{"origin": [15, 40, 127], "size": [2, 1, 1], "uv": [56, 29]},
						{"origin": [16, 29, 127], "size": [1, 11, 1], "uv": [8, 111]},
						{"origin": [-13, 29, 127], "size": [1, 11, 1], "uv": [107, 0]},
						{"origin": [14, 29, 127], "size": [2, 3, 1], "uv": [0, 86]},
						{"origin": [-12, 29, 127], "size": [2, 3, 1], "uv": [58, 0]},
						{"origin": [11, 29, 127], "size": [3, 2, 1], "uv": [99, 24]},
						{"origin": [-10, 29, 127], "size": [3, 2, 1], "uv": [76, 26]},
						{"origin": [7, 29, 127], "size": [4, 1, 1], "uv": [85, 0]},
						{"origin": [-7, 29, 127], "size": [4, 1, 1], "uv": [52, 9]},
						{"origin": [-13, 40, 127], "size": [2, 1, 1], "uv": [5, 9]},
						{"origin": [17, 28, 124], "size": [1, 16, 3], "uv": [8, 158]},
						{"origin": [-14, 28, 124], "size": [1, 16, 3], "uv": [0, 158]},
						{"origin": [17, 28, 122], "size": [1, 5, 2], "uv": [66, 22]},
						{"origin": [-14, 28, 122], "size": [1, 5, 2], "uv": [33, 22]},
						{"origin": [17, 26, 124], "size": [1, 11, 3], "pivot": [0, 37, 125], "rotation": [-30, 0, 0], "uv": [0, 111]},
						{"origin": [-14, 26, 124], "size": [1, 11, 3], "pivot": [0, 37, 125], "rotation": [-30, 0, 0], "uv": [99, 0]},
						{"origin": [-13, 46, -6], "size": [30, 1, 132], "uv": [0, 138]},
						{"origin": [17, 6, 13], "size": [1, 22, 6], "uv": [34, 204]},
						{"origin": [17, 6, 37], "size": [1, 22, 22], "uv": [90, 89]},
						{"origin": [17, 6, 60], "size": [1, 22, 16], "uv": [80, 153]},
						{"origin": [17, 6, 59], "size": [1, 22, 1], "pivot": [18, 17, 60], "rotation": [0, 30, 0], "uv": [131, 0]},
						{"origin": [17, 6, 76], "size": [1, 22, 1], "pivot": [18, 17, 77], "rotation": [0, 32.5, 0], "uv": [106, 86]},
						{"origin": [17, 6, 19], "size": [1, 22, 1], "pivot": [18, 17, 20], "rotation": [0, 30, 0], "uv": [130, 61]},
						{"origin": [17, 6, 36], "size": [1, 22, 1], "pivot": [18, 17, 37], "rotation": [0, 30, 0], "uv": [130, 23]},
						{"origin": [17, 6, 20], "size": [1, 22, 16], "uv": [46, 153]},
						{"origin": [-14, 6, 13], "size": [1, 22, 64], "uv": [0, 0]},
						{"origin": [17, 6, 96], "size": [1, 22, 31], "uv": [66, 0]},
						{"origin": [17, 15, 77], "size": [1, 13, 19], "uv": [21, 172]},
						{"origin": [17, 28, 14], "size": [0, 16, 110], "uv": [0, 177]},
						{"origin": [-13, 28, 14], "size": [0, 16, 110], "uv": [0, 161]},
						{"origin": [-14, 15, 77], "size": [1, 13, 19], "uv": [0, 158]},
						{"origin": [17, 14, 77], "size": [1, 1, 3], "uv": [76, 22]},
						{"origin": [-14, 14, 77], "size": [1, 1, 3], "uv": [56, 25]},
						{"origin": [-14, 14, 93], "size": [1, 1, 3], "uv": [52, 5]},
						{"origin": [17, 14, 93], "size": [1, 1, 3], "uv": [69, 6]},
						{"origin": [17, 13, 94], "size": [1, 1, 1], "uv": [39, 5]},
						{"origin": [17, 13, 78], "size": [1, 1, 1], "uv": [37, 22]},
						{"origin": [-14, 13, 78], "size": [1, 1, 1], "uv": [27, 27]},
						{"origin": [-14, 13, 94], "size": [1, 1, 1], "uv": [23, 0]},
						{"origin": [17, 10, 95], "size": [1, 4, 1], "uv": [93, 86]},
						{"origin": [17, 10, 77], "size": [1, 4, 1], "uv": [85, 86]},
						{"origin": [-14, 10, 77], "size": [1, 4, 1], "uv": [8, 86]},
						{"origin": [-14, 10, 95], "size": [1, 4, 1], "uv": [72, 0]},
						{"origin": [-14, 6, 96], "size": [1, 22, 31], "uv": [0, 0]},
						{"origin": [-14, 16, 10], "size": [1, 28, 4], "uv": [119, 194]},
						{"origin": [17, 16, 10], "size": [1, 28, 4], "uv": [120, 138]},
						{"origin": [17, 27, 8], "size": [1, 14, 6], "pivot": [0, 41, 14], "rotation": [20, 0, 0], "uv": [85, 86]},
						{"origin": [-14, 27, 8], "size": [1, 14, 6], "pivot": [0, 41, 14], "rotation": [20, 0, 0], "uv": [0, 86]},
						{"origin": [-13, 11, -14], "size": [1, 13, 1], "uv": [99, 86]},
						{"origin": [-12, 24, -14], "size": [28, 3, 1], "uv": [192, 155]},
						{"origin": [16, 11, -14], "size": [1, 13, 1], "uv": [14, 86]},
						{"origin": [16, 24, -14], "size": [1, 8, 1], "uv": [27, 0]},
						{"origin": [-13, 24, -14], "size": [1, 8, 1], "uv": [6, 0]},
						{"origin": [17, 24, -13], "size": [1, 8, 2], "uv": [19, 0]},
						{"origin": [-14, 24, -13], "size": [1, 8, 2], "uv": [0, 0]},
						{"origin": [16, 32, -13], "size": [1, 7, 1], "uv": [89, 2]},
						{"origin": [-13, 32, -13], "size": [1, 7, 1], "uv": [85, 2]},
						{"origin": [17, 32, -12], "size": [1, 7, 2], "uv": [84, 22]},
						{"origin": [-14, 32, -12], "size": [1, 7, 2], "uv": [66, 0]},
						{"origin": [17, 39, -11], "size": [1, 1, 2], "uv": [105, 25]},
						{"origin": [-14, 39, -11], "size": [1, 1, 2], "uv": [105, 12]},
						{"origin": [-13, 39, -12], "size": [1, 1, 2], "uv": [99, 103]},
						{"origin": [16, 39, -12], "size": [1, 1, 2], "uv": [103, 28]},
						{"origin": [17, 24, -9], "size": [1, 1, 4], "uv": [52, 0]},
						{"origin": [-14, 24, -9], "size": [1, 1, 4], "uv": [33, 5]},
						{"origin": [17, 26, -1], "size": [1, 1, 4], "uv": [33, 0]},
						{"origin": [17, 16, -5], "size": [1, 1, 8], "uv": [66, 22]},
						{"origin": [-14, 16, -5], "size": [1, 1, 8], "uv": [33, 22]},
						{"origin": [17, 10, -5], "size": [1, 6, 1], "uv": [93, 2]},
						{"origin": [-14, 10, -5], "size": [1, 6, 1], "uv": [90, 22]},
						{"origin": [17, 13, -4], "size": [1, 3, 1], "uv": [39, 0]},
						{"origin": [-14, 13, -4], "size": [1, 3, 1], "uv": [33, 5]},
						{"origin": [17, 15, -3], "size": [1, 1, 2], "uv": [14, 103]},
						{"origin": [-14, 15, -3], "size": [1, 1, 2], "uv": [99, 100]},
						{"origin": [-14, 26, -1], "size": [1, 1, 4], "uv": [21, 6]},
						{"origin": [17, 26, 3], "size": [1, 1, 2], "uv": [14, 100]},
						{"origin": [-14, 26, 3], "size": [1, 1, 2], "uv": [99, 27]},
						{"origin": [-14, 26, 5], "size": [1, 1, 2], "uv": [57, 5]},
						{"origin": [17, 26, 5], "size": [1, 1, 2], "uv": [25, 22]},
						{"origin": [17, 27, 6], "size": [1, 1, 1], "uv": [52, 0]},
						{"origin": [-14, 27, 6], "size": [1, 1, 1], "uv": [39, 7]},
						{"origin": [17, 26, 7], "size": [1, 14, 3], "uv": [29, 158]},
						{"origin": [-14, 26, 7], "size": [1, 14, 3], "uv": [21, 158]},
						{"origin": [-14, 40, -11], "size": [32, 4, 21], "uv": [0, 86]},
						{"origin": [-11, 17, 4], "size": [11, 17, 3], "uv": [200, 110]},
						{"origin": [-11, 36, 4], "size": [11, 3, 3], "uv": [0, 22]},
						{"origin": [-14, 44, -9], "size": [32, 2, 136], "uv": [0, 0]},
						{"origin": [-13, 24, -13], "size": [1, 3, 1], "uv": [33, 0]},
						{"origin": [-13, 6, -17], "size": [30, 5, 1], "uv": [0, 58]},
						{"origin": [-14, 6, -16], "size": [32, 5, 3], "uv": [66, 53]},
						{"origin": [-12, 11, -15], "size": [28, 14, 1], "uv": [62, 138]},
						{"origin": [17, 8, -13], "size": [1, 16, 8], "uv": [192, 203]},
						{"origin": [-14, 8, -13], "size": [1, 16, 8], "uv": [114, 86]},
						{"origin": [17, 17, -5], "size": [1, 9, 15], "uv": [82, 198]},
						{"origin": [14, 0, 0], "size": [4, 13, 9], "uv": [200, 88]},
						{"origin": [14, 0, 82], "size": [4, 13, 9], "uv": [200, 66]},
						{"origin": [-14, 0, 82], "size": [4, 13, 9], "uv": [200, 44]},
						{"origin": [-14, 0, 0], "size": [4, 13, 9], "uv": [200, 22]},
						{"origin": [14, 2, -2], "size": [4, 9, 13], "uv": [48, 198]},
						{"origin": [14, 2, 80], "size": [4, 9, 13], "uv": [192, 181]},
						{"origin": [-14, 2, 80], "size": [4, 9, 13], "uv": [192, 159]},
						{"origin": [-14, 2, -2], "size": [4, 9, 13], "uv": [0, 191]},
						{"origin": [14, 1, -1], "size": [4, 11, 11], "uv": [200, 0]},
						{"origin": [14, 1, 81], "size": [4, 11, 11], "uv": [66, 0]},
						{"origin": [-14, 1, 81], "size": [4, 11, 11], "uv": [33, 0]},
						{"origin": [-14, 1, -1], "size": [4, 11, 11], "uv": [0, 0]},
						{"origin": [-14, 17, -5], "size": [1, 9, 15], "uv": [99, 0]}
					]
				}
			]
		}
	]
}