{
	"format_version": "1.12.0",
	"minecraft:geometry": [
		{
			"description": {
				"identifier": "geometry.truk_sound.system",
				"texture_width": 1024,
				"texture_height": 1024,
				"visible_bounds_width": 20,
				"visible_bounds_height": 12,
				"visible_bounds_offset": [0, 2, 0]
			},
			"bones": [
				{
					"name": "bb_main2",
					"pivot": [0, 0, 0],
					"cubes": [
						{"origin": [2, 21, 122], "size": [21, 21, 14], "uv": [953, 0]},
						{"origin": [23, 21, 122], "size": [21, 21, 14], "uv": [953, 0]},
						{"origin": [-20, 21, 122], "size": [21, 21, 14], "uv": [953, 0]},
						{"origin": [-41, 21, 122], "size": [21, 21, 14], "uv": [953, 0]},
						{"origin": [-20, 42, 122], "size": [21, 21, 14], "uv": [953, 0]},
						{"origin": [2, 42, 122], "size": [21, 21, 14], "uv": [953, 0]},
						{"origin": [23, 42, 122], "size": [21, 21, 14], "uv": [953, 0]},
						{"origin": [23, 63, 122], "size": [21, 21, 14], "uv": [953, 0]},
						{"origin": [2, 63, 122], "size": [21, 21, 14], "uv": [953, 0]},
						{"origin": [2, 84, 122], "size": [21, 21, 14], "uv": [953, 0]},
						{"origin": [16, 19, 143], "size": [3, 87, 1], "pivot": [0, 20, 140], "rotation": [5.2, 0, 0], "uv": [1016, 60]},
						{"origin": [-15, 19, 143], "size": [3, 87, 1], "pivot": [0, 20, 140], "rotation": [5.2, 0, 0], "uv": [1016, 60]},
						{"origin": [23, 84, 122], "size": [14, 10, 14], "uv": [968, 35]},
						{"origin": [-34, 84, 122], "size": [14, 10, 14], "uv": [967, 35]},
						{"origin": [-20, 84, 122], "size": [21, 21, 14], "uv": [953, 0]},
						{"origin": [-20, 63, 122], "size": [21, 21, 14], "uv": [953, 0]},
						{"origin": [-41, 63, 122], "size": [21, 21, 14], "uv": [953, 0]},
						{"origin": [-41, 42, 122], "size": [21, 21, 14], "uv": [953, 0]}
					]
				},
				{
					"name": "bb_main",
					"pivot": [0, 0, 0],
					"cubes": [
						{"origin": [-13, 17, -6], "size": [30, 1, 15], "uv": [176, 187]},
						{"origin": [-13, 11, -13], "size": [30, 1, 8], "uv": [0, 252]},
						{"origin": [-12, 2, 110], "size": [29, 11, 1], "uv": [258, 256]},
						{"origin": [-4, 11, 4], "size": [12, 5, 106], "uv": [334, 108]},
						{"origin": [-16, 18, 17], "size": [36, 2, 104], "uv": [0, 106]},
						{"origin": [-15, 20, 120], "size": [34, 22, 1], "pivot": [0, 20, 121], "rotation": [-90, 0, 0], "uv": [0, 212]},
						{"origin": [-15, 20, 17], "size": [34, 39, 1], "uv": [176, 147]},
						{"origin": [19, 20, 17], "size": [1, 39, 104], "uv": [258, 253]},
						{"origin": [-16, 20, 17], "size": [1, 39, 104], "uv": [152, 214]},
						{"origin": [-13, 11, -14], "size": [1, 13, 1], "uv": [0, 106]},
						{"origin": [18, 26, -25], "size": [1, 1, 12], "uv": [16, 86]},
						{"origin": [-4, 26, -30], "size": [1, 1, 12], "pivot": [0, 0, 0], "rotation": [0, 35, 0], "uv": [16, 28]},
						{"origin": [16, 26, -26], "size": [5, 9, 1], "uv": [16, 28]},
						{"origin": [-23, 26, -23], "size": [5, 9, 1], "uv": [0, 28]},
						{"origin": [-12, 24, -14], "size": [28, 3, 1], "uv": [46, 96]},
						{"origin": [16, 11, -14], "size": [1, 13, 1], "uv": [100, 43]},
						{"origin": [14, 16, -16], "size": [2, 7, 1], "uv": [84, 106]},
						{"origin": [-12, 16, -16], "size": [2, 7, 1], "uv": [84, 25]},
						{"origin": [16, 17, -16], "size": [1, 6, 1], "uv": [56, 126]},
						{"origin": [-13, 17, -16], "size": [1, 6, 1], "uv": [100, 125]},
						{"origin": [11, 21, -16], "size": [3, 1, 1], "uv": [94, 79]},
						{"origin": [-10, 21, -16], "size": [3, 1, 1], "uv": [30, 41]},
						{"origin": [13, 22, -16], "size": [1, 1, 1], "uv": [36, 106]},
						{"origin": [-10, 22, -16], "size": [1, 1, 1], "uv": [100, 100]},
						{"origin": [10, 16, -16], "size": [4, 1, 1], "uv": [0, 40]},
						{"origin": [-10, 16, -16], "size": [4, 1, 1], "uv": [16, 38]},
						{"origin": [13, 17, -16], "size": [1, 2, 1], "uv": [17, 108]},
						{"origin": [-10, 17, -16], "size": [1, 2, 1], "uv": [100, 106]},
						{"origin": [16, 24, -14], "size": [1, 8, 1], "uv": [77, 57]},
						{"origin": [-13, 24, -14], "size": [1, 8, 1], "uv": [30, 28]},
						{"origin": [17, 24, -13], "size": [1, 8, 2], "uv": [72, 0]},
						{"origin": [-14, 24, -13], "size": [1, 8, 2], "uv": [71, 57]},
						{"origin": [16, 32, -13], "size": [1, 5, 1], "uv": [28, 136]},
						{"origin": [-13, 32, -13], "size": [1, 5, 1], "uv": [99, 132]},
						{"origin": [17, 32, -12], "size": [1, 5, 2], "uv": [0, 8]},
						{"origin": [-14, 32, -12], "size": [1, 5, 2], "uv": [0, 0]},
						{"origin": [16, 37, -12], "size": [1, 3, 2], "uv": [49, 127]},
						{"origin": [-13, 37, -12], "size": [1, 3, 2], "uv": [82, 125]},
						{"origin": [17, 37, -11], "size": [1, 3, 2], "uv": [91, 124]},
						{"origin": [-14, 37, -11], "size": [1, 3, 2], "uv": [51, 122]},
						{"origin": [17, 39, -9], "size": [1, 1, 2], "uv": [84, 116]},
						{"origin": [-14, 39, -9], "size": [1, 1, 2], "uv": [53, 116]},
						{"origin": [17, 24, -9], "size": [1, 1, 4], "uv": [47, 111]},
						{"origin": [-14, 24, -9], "size": [1, 1, 4], "uv": [17, 108]},
						{"origin": [17, 26, -1], "size": [1, 1, 4], "uv": [94, 106]},
						{"origin": [17, 16, -5], "size": [1, 1, 8], "uv": [188, 79]},
						{"origin": [-14, 16, -5], "size": [1, 1, 8], "uv": [20, 142]},
						{"origin": [17, 10, -5], "size": [1, 6, 1], "uv": [47, 122]},
						{"origin": [-14, 10, -5], "size": [1, 6, 1], "uv": [78, 0]},
						{"origin": [-15, 2, -5], "size": [1, 10, 2], "uv": [95, 22]},
						{"origin": [18, 2, -5], "size": [1, 10, 2], "uv": [28, 57]},
						{"origin": [-15, 15, 1], "size": [1, 2, 8], "uv": [21, 163]},
						{"origin": [18, 15, 1], "size": [1, 2, 8], "uv": [84, 106]},
						{"origin": [-15, 15, -3], "size": [1, 1, 4], "uv": [47, 106]},
						{"origin": [18, 15, -3], "size": [1, 1, 4], "uv": [91, 5]},
						{"origin": [-15, 14, -2], "size": [1, 1, 4], "uv": [91, 0]},
						{"origin": [18, 14, -2], "size": [1, 1, 4], "uv": [58, 0]},
						{"origin": [-15, 10, -3], "size": [1, 2, 1], "uv": [94, 106]},
						{"origin": [18, 10, -3], "size": [1, 2, 1], "uv": [47, 106]},
						{"origin": [-15, 13, -2], "size": [1, 1, 1], "uv": [94, 100]},
						{"origin": [18, 13, -2], "size": [1, 1, 1], "uv": [100, 57]},
						{"origin": [-15, 14, 9], "size": [1, 3, 2], "uv": [95, 121]},
						{"origin": [18, 14, 9], "size": [1, 3, 2], "uv": [97, 116]},
						{"origin": [-15, 12, 11], "size": [1, 3, 2], "uv": [25, 115]},
						{"origin": [18, 12, 11], "size": [1, 3, 2], "uv": [98, 59]},
						{"origin": [-15, 1, 12], "size": [2, 11, 1], "uv": [8, 106]},
						{"origin": [-16, 1, 62], "size": [12, 11, 2], "uv": [246, 160]},
						{"origin": [-16, 1, 83], "size": [12, 11, 2], "uv": [246, 147]},
						{"origin": [9, 1, 83], "size": [12, 11, 2], "uv": [76, 194]},
						{"origin": [9, 1, 62], "size": [12, 11, 2], "uv": [0, 85]},
						{"origin": [19, 1, 18], "size": [1, 12, 45], "uv": [0, 106]},
						{"origin": [19, 1, 83], "size": [1, 12, 16], "uv": [0, 57]},
						{"origin": [-15, 1, 83], "size": [1, 12, 16], "uv": [0, 0]},
						{"origin": [19, 2, 99], "size": [1, 11, 9], "uv": [46, 57]},
						{"origin": [-15, 2, 99], "size": [1, 11, 9], "uv": [47, 0]},
						{"origin": [17, 2, 108], "size": [2, 11, 2], "uv": [18, 57]},
						{"origin": [-14, 2, 108], "size": [2, 11, 2], "uv": [47, 25]},
						{"origin": [-15, 1, 18], "size": [1, 12, 45], "uv": [0, 0]},
						{"origin": [20, 10, 18], "size": [1, 2, 44], "uv": [0, 163]},
						{"origin": [20, 1, 85], "size": [1, 1, 14], "uv": [0, 28]},
						{"origin": [-16, 1, 85], "size": [1, 1, 14], "uv": [0, 28]},
						{"origin": [20, 2, 99], "size": [1, 1, 9], "uv": [84, 25]},
						{"origin": [-16, 2, 99], "size": [1, 1, 9], "uv": [84, 25]},
						{"origin": [20, 10, 85], "size": [1, 2, 23], "uv": [47, 0]},
						{"origin": [-16, 10, 85], "size": [1, 2, 23], "uv": [46, 57]},
						{"origin": [19, 10, 108], "size": [1, 2, 2], "uv": [63, 57]},
						{"origin": [19, 2, 108], "size": [1, 1, 2], "uv": [62, 62]},
						{"origin": [-15, 2, 108], "size": [1, 1, 2], "uv": [62, 62]},
						{"origin": [-15, 10, 108], "size": [1, 2, 2], "uv": [38, 41]},
						{"origin": [17, 10, 110], "size": [2, 2, 1], "uv": [98, 64]},
						{"origin": [11, 2, 111], "size": [2, 2, 1], "uv": [5, 57]},
						{"origin": [-8, 2, 111], "size": [2, 2, 1], "uv": [23, 0]},
						{"origin": [17, 2, 110], "size": [2, 1, 1], "uv": [24, 57]},
						{"origin": [-14, 2, 110], "size": [2, 1, 1], "uv": [24, 57]},
						{"origin": [15, 2, 111], "size": [2, 1, 1], "uv": [9, 13]},
						{"origin": [13, 2, 111], "size": [1, 1, 1], "uv": [10, 40]},
						{"origin": [-9, 2, 111], "size": [1, 1, 1], "uv": [31, 0]},
						{"origin": [-12, 2, 111], "size": [2, 1, 1], "uv": [9, 5]},
						{"origin": [-14, 10, 110], "size": [2, 2, 1], "uv": [63, 5]},
						{"origin": [-12, 11, 111], "size": [29, 1, 1], "uv": [222, 0]},
						{"origin": [-6, 3, 111], "size": [17, 1, 1], "uv": [0, 99]},
						{"origin": [-16, 10, 18], "size": [1, 2, 44], "uv": [0, 57]},
						{"origin": [20, 1, 18], "size": [1, 1, 44], "uv": [176, 45]},
						{"origin": [-16, 1, 18], "size": [1, 1, 44], "uv": [176, 0]},
						{"origin": [20, 2, 55], "size": [1, 1, 7], "uv": [0, 8]},
						{"origin": [-16, 2, 55], "size": [1, 1, 7], "uv": [0, 0]},
						{"origin": [20, 3, 56], "size": [1, 1, 6], "uv": [90, 61]},
						{"origin": [-16, 3, 56], "size": [1, 1, 6], "uv": [20, 64]},
						{"origin": [17, 1, 12], "size": [1, 12, 3], "uv": [8, 57]},
						{"origin": [-13, 1, 12], "size": [1, 12, 3], "uv": [0, 57]},
						{"origin": [18, 1, 15], "size": [1, 12, 3], "uv": [26, 0]},
						{"origin": [-14, 1, 15], "size": [1, 12, 3], "uv": [18, 0]},
						{"origin": [19, 1, 15], "size": [1, 1, 3], "uv": [57, 62]},
						{"origin": [-15, 1, 15], "size": [1, 1, 3], "uv": [58, 5]},
						{"origin": [19, 10, 15], "size": [1, 2, 3], "uv": [17, 113]},
						{"origin": [-15, 10, 15], "size": [1, 2, 3], "uv": [24, 110]},
						{"origin": [18, 10, 13], "size": [1, 2, 2], "uv": [97, 37]},
						{"origin": [18, 1, 13], "size": [1, 1, 2], "uv": [47, 116]},
						{"origin": [-14, 1, 13], "size": [1, 1, 2], "uv": [94, 111]},
						{"origin": [-14, 10, 13], "size": [1, 2, 2], "uv": [97, 5]},
						{"origin": [-16, 12, 63], "size": [12, 4, 3], "uv": [241, 2]},
						{"origin": [-16, 12, 81], "size": [12, 4, 3], "uv": [240, 203]},
						{"origin": [9, 12, 81], "size": [12, 4, 3], "uv": [239, 67]},
						{"origin": [9, 12, 63], "size": [12, 4, 3], "uv": [239, 45]},
						{"origin": [-16, 7, 64], "size": [1, 5, 1], "uv": [28, 130]},
						{"origin": [-16, 7, 82], "size": [1, 5, 1], "uv": [76, 127]},
						{"origin": [20, 7, 82], "size": [1, 5, 1], "uv": [72, 127]},
						{"origin": [20, 7, 64], "size": [1, 5, 1], "uv": [68, 127]},
						{"origin": [-16, 14, 79], "size": [1, 1, 2], "uv": [53, 111]},
						{"origin": [20, 14, 79], "size": [1, 1, 2], "uv": [53, 106]},
						{"origin": [20, 14, 66], "size": [1, 1, 2], "uv": [96, 100]},
						{"origin": [-16, 14, 66], "size": [1, 1, 2], "uv": [90, 100]},
						{"origin": [-16, 15, 65], "size": [12, 2, 2], "uv": [246, 173]},
						{"origin": [-16, 15, 80], "size": [12, 2, 2], "uv": [246, 94]},
						{"origin": [9, 15, 80], "size": [12, 2, 2], "uv": [246, 90]},
						{"origin": [9, 15, 65], "size": [12, 2, 2], "uv": [241, 9]},
						{"origin": [-16, 15, 67], "size": [12, 3, 13], "uv": [47, 106]},
						{"origin": [9, 15, 67], "size": [12, 3, 13], "uv": [47, 25]},
						{"origin": [18, 1, 12], "size": [1, 11, 1], "uv": [4, 106]},
						{"origin": [-15, 15, 11], "size": [1, 2, 1], "uv": [34, 94]},
						{"origin": [18, 15, 11], "size": [1, 2, 1], "uv": [91, 5]},
						{"origin": [-15, 12, -4], "size": [1, 3, 2], "uv": [38, 93]},
						{"origin": [18, 12, -4], "size": [1, 3, 2], "uv": [90, 61]},
						{"origin": [17, 13, -4], "size": [1, 3, 1], "uv": [91, 0]},
						{"origin": [-14, 13, -4], "size": [1, 3, 1], "uv": [58, 0]},
						{"origin": [17, 15, -3], "size": [1, 1, 2], "uv": [62, 77]},
						{"origin": [-14, 15, -3], "size": [1, 1, 2], "uv": [76, 8]},
						{"origin": [-14, 26, -1], "size": [1, 1, 4], "uv": [57, 57]},
						{"origin": [17, 26, 3], "size": [1, 2, 2], "uv": [97, 0]},
						{"origin": [-14, 26, 3], "size": [1, 2, 2], "uv": [64, 0]},
						{"origin": [-14, 26, 5], "size": [1, 3, 2], "uv": [9, 8]},
						{"origin": [17, 26, 5], "size": [1, 3, 2], "uv": [9, 0]},
						{"origin": [17, 29, 6], "size": [1, 1, 1], "uv": [100, 9]},
						{"origin": [-14, 29, 6], "size": [1, 1, 1], "uv": [99, 22]},
						{"origin": [17, 26, 7], "size": [1, 14, 3], "uv": [96, 143]},
						{"origin": [-14, 26, 7], "size": [1, 14, 3], "uv": [92, 44]},
						{"origin": [-14, 40, -10], "size": [32, 1, 20], "uv": [176, 108]},
						{"origin": [-13, 17, 9], "size": [30, 23, 1], "uv": [152, 238]},
						{"origin": [-11, 17, 4], "size": [11, 17, 3], "uv": [0, 130]},
						{"origin": [-11, 36, 4], "size": [11, 3, 3], "uv": [242, 37]},
						{"origin": [-13, 41, -8], "size": [30, 1, 17], "uv": [176, 129]},
						{"origin": [-16, 19, 14], "size": [1, 35, 2], "uv": [38, 106]},
						{"origin": [19, 19, 14], "size": [1, 35, 2], "uv": [34, 57]},
						{"origin": [-15, 19, 12], "size": [1, 35, 2], "uv": [32, 106]},
						{"origin": [18, 19, 12], "size": [1, 35, 2], "uv": [34, 0]},
						{"origin": [-14, 19, 11], "size": [1, 35, 1], "uv": [40, 57]},
						{"origin": [17, 19, 11], "size": [1, 35, 1], "uv": [40, 0]},
						{"origin": [-14, 42, 10], "size": [1, 12, 1], "uv": [30, 85]},
						{"origin": [17, 42, 10], "size": [1, 12, 1], "uv": [55, 25]},
						{"origin": [-13, 49, 9], "size": [30, 5, 8], "uv": [152, 214]},
						{"origin": [-13, 24, -13], "size": [1, 3, 1], "uv": [57, 57]},
						{"origin": [-14, 2, -16], "size": [32, 9, 3], "uv": [258, 223]},
						{"origin": [-7, 4, -17], "size": [4, 1, 1], "uv": [0, 43]},
						{"origin": [7, 4, -17], "size": [4, 1, 1], "uv": [0, 43]},
						{"origin": [-8, 8, -17], "size": [20, 1, 1], "uv": [0, 50]},
						{"origin": [-7, 6, -17], "size": [2, 1, 1], "uv": [0, 43]},
						{"origin": [9, 6, -17], "size": [2, 1, 1], "uv": [0, 43]},
						{"origin": [-6, 7, -17], "size": [2, 1, 1], "uv": [0, 43]},
						{"origin": [8, 7, -17], "size": [2, 1, 1], "uv": [0, 43]},
						{"origin": [-9, 5, -17], "size": [3, 1, 1], "uv": [0, 43]},
						{"origin": [-4, 5, -17], "size": [12, 1, 1], "uv": [0, 43]},
						{"origin": [-5, 3, -17], "size": [14, 1, 1], "uv": [0, 43]},
						{"origin": [-3, 6, -17], "size": [10, 1, 1], "uv": [0, 43]},
						{"origin": [10, 5, -17], "size": [3, 1, 1], "uv": [0, 43]},
						{"origin": [-12, 4, -17], "size": [5, 1, 1], "uv": [0, 43]},
						{"origin": [11, 4, -17], "size": [5, 1, 1], "uv": [0, 43]},
						{"origin": [-13, 2, -17], "size": [30, 1, 1], "uv": [39, 293]},
						{"origin": [-13, 9, -17], "size": [30, 1, 1], "uv": [0, 263]},
						{"origin": [-13, 3, -17], "size": [1, 6, 1], "uv": [33, 196]},
						{"origin": [16, 3, -17], "size": [1, 6, 1], "uv": [0, 167]},
						{"origin": [17, 2, -13], "size": [1, 6, 8], "uv": [193, 45]},
						{"origin": [-14, 2, -13], "size": [1, 6, 8], "uv": [26, 177]},
						{"origin": [-12, 11, -15], "size": [28, 13, 1], "uv": [46, 82]},
						{"origin": [17, 8, -13], "size": [1, 16, 8], "uv": [200, 61]},
						{"origin": [-14, 8, -13], "size": [1, 16, 8], "uv": [81, 122]},
						{"origin": [17, 17, -5], "size": [1, 9, 15], "uv": [176, 45]},
						{"origin": [14, 0, 0], "size": [4, 13, 9], "uv": [243, 15]},
						{"origin": [-14, 0, 0], "size": [4, 13, 9], "uv": [243, 15]},
						{"origin": [18, 2, 0], "size": [1, 9, 9], "uv": [222, 24]},
						{"origin": [19, 2, 69], "size": [1, 9, 9], "uv": [83, 154]},
						{"origin": [-15, 2, 0], "size": [1, 9, 9], "uv": [176, 108]},
						{"origin": [-16, 2, 69], "size": [1, 9, 9], "uv": [176, 69]},
						{"origin": [15, 0, 69], "size": [4, 13, 9], "uv": [219, 236]},
						{"origin": [10, 0, 69], "size": [4, 13, 9], "uv": [70, 234]},
						{"origin": [-10, 0, 69], "size": [4, 13, 9], "uv": [228, 214]},
						{"origin": [-15, 0, 69], "size": [4, 13, 9], "uv": [222, 67]},
						{"origin": [14, 2, -2], "size": [4, 9, 13], "uv": [176, 22]},
						{"origin": [15, 2, 67], "size": [4, 9, 13], "uv": [176, 0]},
						{"origin": [10, 2, 67], "size": [4, 9, 13], "uv": [67, 172]},
						{"origin": [-10, 2, 67], "size": [4, 9, 13], "uv": [46, 163]},
						{"origin": [-15, 2, 67], "size": [4, 9, 13], "uv": [0, 163]},
						{"origin": [-14, 2, -2], "size": [4, 9, 13], "uv": [47, 122]},
						{"origin": [14, 1, -1], "size": [4, 11, 11], "uv": [222, 2]},
						{"origin": [15, 1, 68], "size": [4, 11, 11], "uv": [70, 212]},
						{"origin": [-10, 1, 68], "size": [4, 11, 11], "uv": [46, 185]},
						{"origin": [-15, 1, 68], "size": [4, 11, 11], "uv": [0, 185]},
						{"origin": [10, 1, 68], "size": [4, 11, 11], "uv": [72, 0]},
						{"origin": [-14, 1, -1], "size": [4, 11, 11], "uv": [71, 57]},
						{"origin": [-14, 17, -5], "size": [1, 9, 15], "uv": [0, 106]}
					]
				}
			]
		}
	]
}