{
	"format_version": "1.12.0",
	"minecraft:geometry": [
		{
			"description": {
				"identifier": "geometry.truk_galon",
				"texture_width": 512,
				"texture_height": 512,
				"visible_bounds_width": 17,
				"visible_bounds_height": 7,
				"visible_bounds_offset": [0, 2.5, 0]
			},
			"bones": [
				{
					"name": "bb_main",
					"pivot": [0, 0, 0],
					"cubes": [
						{"origin": [-13, 17, -6], "size": [30, 1, 15], "uv": [130, 169]},
						{"origin": [-13, 11, -13], "size": [30, 1, 8], "uv": [0, 90]},
						{"origin": [-15, 9, 110], "size": [34, 6, 1], "uv": [130, 197]},
						{"origin": [-4, 11, 4], "size": [12, 5, 106], "uv": [0, 106]},
						{"origin": [-16, 18, 17], "size": [36, 2, 104], "uv": [0, 0]},
						{"origin": [19, 57, 20], "size": [1, 2, 101], "uv": [105, 315]},
						{"origin": [-16, 57, 19], "size": [1, 2, 102], "uv": [238, 312]},
						{"origin": [-15, 37, 18], "size": [1, 2, 102], "uv": [238, 208]},
						{"origin": [18, 37, 18], "size": [1, 2, 102], "uv": [234, 104]},
						{"origin": [18, 47, 18], "size": [1, 2, 102], "uv": [0, 217]},
						{"origin": [-15, 47, 18], "size": [1, 2, 102], "uv": [130, 106]},
						{"origin": [18, 28, 18], "size": [1, 2, 102], "uv": [134, 210]},
						{"origin": [-15, 28, 18], "size": [1, 2, 102], "uv": [176, 0]},
						{"origin": [-15, 20, 120], "size": [34, 22, 1], "uv": [176, 15]},
						{"origin": [-13, 30, 122], "size": [32, 19, 0], "pivot": [0, 42, 122], "rotation": [5, 0, 0], "uv": [280, 0]},
						{"origin": [-15, 43, 120], "size": [34, 16, 1], "uv": [176, 38]},
						{"origin": [-15, 20, 17], "size": [34, 39, 1], "uv": [0, 172]},
						{"origin": [19, 20, 17], "size": [1, 39, 3], "uv": [64, 217]},
						{"origin": [-16, 20, 17], "size": [1, 39, 3], "uv": [162, 106]},
						{"origin": [19, 20, 40], "size": [1, 39, 3], "uv": [56, 217]},
						{"origin": [-16, 20, 40], "size": [1, 39, 3], "uv": [0, 217]},
						{"origin": [19, 20, 63], "size": [1, 39, 3], "uv": [48, 217]},
						{"origin": [-16, 20, 63], "size": [1, 39, 3], "uv": [8, 217]},
						{"origin": [19, 20, 86], "size": [1, 39, 3], "uv": [40, 217]},
						{"origin": [-16, 20, 86], "size": [1, 39, 3], "uv": [16, 217]},
						{"origin": [19, 20, 109], "size": [1, 39, 3], "uv": [32, 217]},
						{"origin": [19, 20, 118], "size": [1, 39, 3], "uv": [90, 61]},
						{"origin": [-16, 20, 109], "size": [1, 39, 3], "uv": [24, 217]},
						{"origin": [-16, 20, 118], "size": [1, 39, 3], "uv": [34, 45]},
						{"origin": [-13, 11, -14], "size": [1, 13, 1], "uv": [98, 73]},
						{"origin": [18, 26, -25], "size": [1, 1, 12], "uv": [205, 169]},
						{"origin": [-4, 26, -30], "size": [1, 1, 12], "pivot": [0, 0, 0], "rotation": [0, 35, 0], "uv": [64, 90]},
						{"origin": [16, 26, -26], "size": [5, 9, 1], "uv": [0, 45]},
						{"origin": [-23, 26, -23], "size": [5, 9, 1], "uv": [0, 0]},
						{"origin": [-12, 24, -14], "size": [28, 3, 1], "uv": [46, 30]},
						{"origin": [16, 11, -14], "size": [1, 13, 1], "uv": [85, 61]},
						{"origin": [16, 24, -14], "size": [1, 8, 1], "uv": [54, 61]},
						{"origin": [-13, 24, -14], "size": [1, 8, 1], "uv": [6, 24]},
						{"origin": [17, 24, -13], "size": [1, 8, 2], "uv": [21, 47]},
						{"origin": [-14, 24, -13], "size": [1, 8, 2], "uv": [0, 24]},
						{"origin": [16, 32, -13], "size": [1, 5, 1], "uv": [21, 106]},
						{"origin": [-13, 32, -13], "size": [1, 5, 1], "uv": [8, 106]},
						{"origin": [17, 32, -12], "size": [1, 5, 2], "uv": [67, 61]},
						{"origin": [-14, 32, -12], "size": [1, 5, 2], "uv": [17, 0]},
						{"origin": [16, 37, -12], "size": [1, 3, 2], "uv": [98, 87]},
						{"origin": [-13, 37, -12], "size": [1, 3, 2], "uv": [97, 17]},
						{"origin": [17, 37, -11], "size": [1, 3, 2], "uv": [96, 23]},
						{"origin": [-14, 37, -11], "size": [1, 3, 2], "uv": [82, 95]},
						{"origin": [17, 39, -9], "size": [1, 1, 2], "uv": [83, 23]},
						{"origin": [-14, 39, -9], "size": [1, 1, 2], "uv": [83, 19]},
						{"origin": [17, 24, -9], "size": [1, 1, 4], "uv": [76, 39]},
						{"origin": [-14, 24, -9], "size": [1, 1, 4], "uv": [21, 72]},
						{"origin": [17, 26, -1], "size": [1, 1, 4], "uv": [0, 72]},
						{"origin": [17, 16, -5], "size": [1, 1, 8], "uv": [21, 106]},
						{"origin": [-14, 16, -5], "size": [1, 1, 8], "uv": [83, 14]},
						{"origin": [17, 10, -5], "size": [1, 6, 1], "uv": [78, 95]},
						{"origin": [-14, 10, -5], "size": [1, 6, 1], "uv": [40, 36]},
						{"origin": [-15, 2, -5], "size": [1, 10, 2], "uv": [52, 45]},
						{"origin": [18, 2, -5], "size": [1, 10, 2], "uv": [52, 14]},
						{"origin": [-15, 15, 1], "size": [1, 2, 8], "uv": [72, 75]},
						{"origin": [18, 15, 1], "size": [1, 2, 8], "uv": [67, 61]},
						{"origin": [-15, 15, -3], "size": [1, 1, 4], "uv": [21, 67]},
						{"origin": [18, 15, -3], "size": [1, 1, 4], "uv": [0, 67]},
						{"origin": [-15, 14, -2], "size": [1, 1, 4], "uv": [48, 66]},
						{"origin": [18, 14, -2], "size": [1, 1, 4], "uv": [30, 28]},
						{"origin": [-15, 10, -3], "size": [1, 2, 1], "uv": [21, 67]},
						{"origin": [18, 10, -3], "size": [1, 2, 1], "uv": [0, 67]},
						{"origin": [-15, 13, -2], "size": [1, 1, 1], "uv": [0, 72]},
						{"origin": [18, 13, -2], "size": [1, 1, 1], "uv": [71, 61]},
						{"origin": [-15, 14, 9], "size": [1, 3, 2], "uv": [93, 14]},
						{"origin": [18, 14, 9], "size": [1, 3, 2], "uv": [84, 90]},
						{"origin": [-15, 12, 11], "size": [1, 3, 2], "uv": [78, 90]},
						{"origin": [18, 12, 11], "size": [1, 3, 2], "uv": [68, 90]},
						{"origin": [-15, 1, 12], "size": [2, 11, 1], "uv": [46, 45]},
						{"origin": [-16, 1, 62], "size": [12, 11, 2], "uv": [234, 145]},
						{"origin": [-16, 1, 83], "size": [12, 11, 2], "uv": [234, 132]},
						{"origin": [8, 1, 83], "size": [12, 11, 2], "uv": [234, 119]},
						{"origin": [7, 27, 109], "size": [10, 5, 10], "uv": [0, 128]},
						{"origin": [7, 27, 98], "size": [10, 5, 10], "uv": [0, 128]},
						{"origin": [7, 27, 87], "size": [10, 5, 10], "uv": [0, 128]},
						{"origin": [7, 27, 76], "size": [10, 5, 10], "uv": [0, 128]},
						{"origin": [7, 27, 65], "size": [10, 5, 10], "uv": [0, 128]},
						{"origin": [7, 27, 54], "size": [10, 5, 10], "uv": [0, 128]},
						{"origin": [7, 27, 43], "size": [10, 5, 10], "uv": [0, 128]},
						{"origin": [7, 27, 32], "size": [10, 5, 10], "uv": [0, 128]},
						{"origin": [7, 27, 21], "size": [10, 5, 10], "uv": [0, 128]},
						{"origin": [8, 47, 21], "size": [10, 5, 10], "uv": [0, 128]},
						{"origin": [8, 47, 32], "size": [10, 5, 10], "uv": [0, 128]},
						{"origin": [-3, 47, 32], "size": [10, 5, 10], "uv": [0, 128]},
						{"origin": [-3, 47, 43], "size": [10, 5, 10], "uv": [0, 128]},
						{"origin": [-14, 47, 32], "size": [10, 5, 10], "uv": [0, 128]},
						{"origin": [8, 47, 43], "size": [10, 5, 10], "uv": [0, 128]},
						{"origin": [8, 47, 55], "size": [10, 5, 10], "uv": [0, 128]},
						{"origin": [-3, 47, 21], "size": [10, 5, 10], "uv": [0, 128]},
						{"origin": [-14, 47, 21], "size": [10, 5, 10], "uv": [0, 128]},
						{"origin": [-13, 27, 21], "size": [10, 5, 10], "uv": [0, 128]},
						{"origin": [-13, 27, 32], "size": [10, 5, 10], "uv": [0, 128]},
						{"origin": [-13, 27, 43], "size": [10, 5, 10], "uv": [0, 128]},
						{"origin": [-13, 27, 54], "size": [10, 5, 10], "uv": [0, 128]},
						{"origin": [-13, 27, 65], "size": [10, 5, 10], "uv": [0, 128]},
						{"origin": [-13, 27, 76], "size": [10, 5, 10], "uv": [0, 128]},
						{"origin": [-13, 27, 87], "size": [10, 5, 10], "uv": [0, 128]},
						{"origin": [-13, 27, 98], "size": [10, 5, 10], "uv": [0, 128]},
						{"origin": [-13, 27, 109], "size": [10, 5, 10], "uv": [0, 128]},
						{"origin": [7, 20, 109], "size": [10, 5, 10], "uv": [0, 24]},
						{"origin": [7, 20, 98], "size": [10, 5, 10], "uv": [0, 24]},
						{"origin": [7, 20, 76], "size": [10, 5, 10], "uv": [0, 24]},
						{"origin": [7, 20, 65], "size": [10, 5, 10], "uv": [0, 24]},
						{"origin": [7, 20, 54], "size": [10, 5, 10], "uv": [0, 24]},
						{"origin": [7, 20, 43], "size": [10, 5, 10], "uv": [0, 24]},
						{"origin": [7, 20, 32], "size": [10, 5, 10], "uv": [0, 24]},
						{"origin": [7, 20, 21], "size": [10, 5, 10], "uv": [0, 24]},
						{"origin": [8, 40, 21], "size": [10, 5, 10], "uv": [0, 24]},
						{"origin": [8, 40, 32], "size": [10, 5, 10], "uv": [0, 24]},
						{"origin": [-3, 40, 32], "size": [10, 5, 10], "uv": [0, 24]},
						{"origin": [-14, 40, 32], "size": [10, 5, 10], "uv": [0, 24]},
						{"origin": [8, 40, 54], "size": [10, 5, 10], "uv": [0, 24]},
						{"origin": [8, 40, 43], "size": [10, 5, 10], "uv": [0, 24]},
						{"origin": [-3, 40, 43], "size": [10, 5, 10], "uv": [0, 24]},
						{"origin": [-3, 40, 21], "size": [10, 5, 10], "uv": [0, 24]},
						{"origin": [-14, 40, 21], "size": [10, 5, 10], "uv": [0, 24]},
						{"origin": [-13, 20, 21], "size": [10, 5, 10], "uv": [0, 24]},
						{"origin": [-13, 20, 43], "size": [10, 5, 10], "uv": [0, 24]},
						{"origin": [-13, 20, 54], "size": [10, 5, 10], "uv": [0, 24]},
						{"origin": [-13, 20, 65], "size": [10, 5, 10], "uv": [0, 24]},
						{"origin": [-13, 20, 76], "size": [10, 5, 10], "uv": [0, 24]},
						{"origin": [-13, 20, 87], "size": [10, 5, 10], "uv": [0, 24]},
						{"origin": [-13, 20, 98], "size": [10, 5, 10], "uv": [0, 24]},
						{"origin": [-13, 20, 109], "size": [10, 5, 10], "uv": [0, 24]},
						{"origin": [-13, 20, 32], "size": [10, 5, 10], "uv": [0, 24]},
						{"origin": [7, 20, 87], "size": [10, 5, 10], "uv": [0, 24]},
						{"origin": [10, 34, 112], "size": [4, 5, 4], "uv": [88, 115]},
						{"origin": [10, 34, 101], "size": [4, 5, 4], "uv": [88, 115]},
						{"origin": [10, 34, 90], "size": [4, 5, 4], "uv": [88, 115]},
						{"origin": [10, 34, 79], "size": [4, 5, 4], "uv": [88, 115]},
						{"origin": [10, 34, 68], "size": [4, 5, 4], "uv": [88, 115]},
						{"origin": [10, 34, 57], "size": [4, 5, 4], "uv": [88, 115]},
						{"origin": [10, 34, 46], "size": [4, 5, 4], "uv": [88, 115]},
						{"origin": [10, 34, 35], "size": [4, 5, 4], "uv": [88, 115]},
						{"origin": [10, 34, 24], "size": [4, 5, 4], "uv": [88, 115]},
						{"origin": [0, 54, 24], "size": [4, 5, 4], "uv": [88, 115]},
						{"origin": [11, 54, 24], "size": [4, 5, 4], "uv": [88, 115]},
						{"origin": [11, 54, 46], "size": [4, 5, 4], "uv": [88, 115]},
						{"origin": [11, 54, 58], "size": [4, 5, 4], "uv": [88, 115]},
						{"origin": [11, 54, 35], "size": [4, 5, 4], "uv": [88, 115]},
						{"origin": [0, 54, 35], "size": [4, 5, 4], "uv": [88, 115]},
						{"origin": [0, 54, 46], "size": [4, 5, 4], "uv": [88, 115]},
						{"origin": [-11, 54, 35], "size": [4, 5, 4], "uv": [88, 115]},
						{"origin": [-11, 54, 24], "size": [4, 5, 4], "uv": [88, 115]},
						{"origin": [-10, 34, 24], "size": [4, 5, 4], "uv": [88, 115]},
						{"origin": [-10, 34, 35], "size": [4, 5, 4], "uv": [88, 115]},
						{"origin": [-10, 34, 46], "size": [4, 5, 4], "uv": [88, 115]},
						{"origin": [-10, 34, 57], "size": [4, 5, 4], "uv": [88, 115]},
						{"origin": [-10, 34, 79], "size": [4, 5, 4], "uv": [88, 115]},
						{"origin": [-10, 34, 101], "size": [4, 5, 4], "uv": [88, 115]},
						{"origin": [-10, 34, 112], "size": [4, 5, 4], "uv": [88, 115]},
						{"origin": [-10, 34, 90], "size": [4, 5, 4], "uv": [88, 115]},
						{"origin": [-10, 34, 68], "size": [4, 5, 4], "uv": [88, 115]},
						{"origin": [9, 33, 111], "size": [6, 2, 6], "uv": [234, 92]},
						{"origin": [9, 33, 100], "size": [6, 2, 6], "uv": [234, 92]},
						{"origin": [9, 33, 89], "size": [6, 2, 6], "uv": [234, 92]},
						{"origin": [9, 33, 78], "size": [6, 2, 6], "uv": [234, 92]},
						{"origin": [9, 33, 67], "size": [6, 2, 6], "uv": [234, 92]},
						{"origin": [9, 33, 56], "size": [6, 2, 6], "uv": [234, 92]},
						{"origin": [9, 33, 45], "size": [6, 2, 6], "uv": [234, 92]},
						{"origin": [9, 33, 34], "size": [6, 2, 6], "uv": [234, 92]},
						{"origin": [9, 33, 23], "size": [6, 2, 6], "uv": [234, 92]},
						{"origin": [10, 53, 23], "size": [6, 2, 6], "uv": [234, 92]},
						{"origin": [10, 53, 45], "size": [6, 2, 6], "uv": [234, 92]},
						{"origin": [10, 53, 57], "size": [6, 2, 6], "uv": [234, 92]},
						{"origin": [10, 53, 34], "size": [6, 2, 6], "uv": [234, 92]},
						{"origin": [-1, 53, 34], "size": [6, 2, 6], "uv": [234, 92]},
						{"origin": [-1, 53, 45], "size": [6, 2, 6], "uv": [234, 92]},
						{"origin": [-12, 53, 34], "size": [6, 2, 6], "uv": [234, 92]},
						{"origin": [-1, 53, 23], "size": [6, 2, 6], "uv": [234, 92]},
						{"origin": [-12, 53, 23], "size": [6, 2, 6], "uv": [234, 92]},
						{"origin": [-11, 33, 23], "size": [6, 2, 6], "uv": [234, 92]},
						{"origin": [-11, 33, 34], "size": [6, 2, 6], "uv": [234, 92]},
						{"origin": [-11, 33, 45], "size": [6, 2, 6], "uv": [234, 92]},
						{"origin": [-11, 33, 56], "size": [6, 2, 6], "uv": [234, 92]},
						{"origin": [-11, 33, 67], "size": [6, 2, 6], "uv": [234, 92]},
						{"origin": [-11, 33, 78], "size": [6, 2, 6], "uv": [234, 92]},
						{"origin": [-11, 33, 111], "size": [6, 2, 6], "uv": [234, 92]},
						{"origin": [-11, 33, 100], "size": [6, 2, 6], "uv": [234, 92]},
						{"origin": [-11, 33, 89], "size": [6, 2, 6], "uv": [234, 92]},
						{"origin": [8, 32, 99], "size": [8, 1, 8], "uv": [67, 106]},
						{"origin": [8, 32, 77], "size": [8, 1, 8], "uv": [67, 106]},
						{"origin": [8, 32, 66], "size": [8, 1, 8], "uv": [67, 106]},
						{"origin": [8, 32, 44], "size": [8, 1, 8], "uv": [67, 106]},
						{"origin": [8, 32, 33], "size": [8, 1, 8], "uv": [67, 106]},
						{"origin": [8, 32, 22], "size": [8, 1, 8], "uv": [67, 106]},
						{"origin": [9, 52, 22], "size": [8, 1, 8], "uv": [67, 106]},
						{"origin": [9, 52, 44], "size": [8, 1, 8], "uv": [67, 106]},
						{"origin": [9, 52, 56], "size": [8, 1, 8], "uv": [67, 106]},
						{"origin": [9, 52, 33], "size": [8, 1, 8], "uv": [67, 106]},
						{"origin": [-2, 52, 33], "size": [8, 1, 8], "uv": [67, 106]},
						{"origin": [-2, 52, 44], "size": [8, 1, 8], "uv": [67, 106]},
						{"origin": [-13, 52, 33], "size": [8, 1, 8], "uv": [67, 106]},
						{"origin": [-2, 52, 22], "size": [8, 1, 8], "uv": [67, 106]},
						{"origin": [-13, 52, 22], "size": [8, 1, 8], "uv": [67, 106]},
						{"origin": [-12, 32, 22], "size": [8, 1, 8], "uv": [67, 106]},
						{"origin": [-12, 32, 33], "size": [8, 1, 8], "uv": [67, 106]},
						{"origin": [-12, 32, 44], "size": [8, 1, 8], "uv": [67, 106]},
						{"origin": [-12, 32, 77], "size": [8, 1, 8], "uv": [67, 106]},
						{"origin": [-12, 32, 88], "size": [8, 1, 8], "uv": [67, 106]},
						{"origin": [-12, 32, 99], "size": [8, 1, 8], "uv": [67, 106]},
						{"origin": [-12, 32, 110], "size": [8, 1, 8], "uv": [67, 106]},
						{"origin": [-12, 32, 66], "size": [8, 1, 8], "uv": [67, 106]},
						{"origin": [-12, 32, 55], "size": [8, 1, 8], "uv": [67, 106]},
						{"origin": [8, 32, 55], "size": [8, 1, 8], "uv": [67, 106]},
						{"origin": [8, 32, 66], "size": [8, 1, 8], "uv": [67, 106]},
						{"origin": [8, 32, 88], "size": [8, 1, 8], "uv": [67, 106]},
						{"origin": [8, 32, 110], "size": [8, 1, 8], "uv": [67, 106]},
						{"origin": [8, 25, 110], "size": [8, 2, 8], "uv": [70, 194]},
						{"origin": [8, 25, 99], "size": [8, 2, 8], "uv": [70, 194]},
						{"origin": [-12, 25, 88], "size": [8, 2, 8], "uv": [70, 194]},
						{"origin": [-12, 25, 77], "size": [8, 2, 8], "uv": [70, 194]},
						{"origin": [-12, 25, 66], "size": [8, 2, 8], "uv": [70, 194]},
						{"origin": [-12, 25, 55], "size": [8, 2, 8], "uv": [70, 194]},
						{"origin": [-12, 25, 44], "size": [8, 2, 8], "uv": [70, 194]},
						{"origin": [-12, 25, 33], "size": [8, 2, 8], "uv": [70, 194]},
						{"origin": [-12, 25, 22], "size": [8, 2, 8], "uv": [70, 194]},
						{"origin": [8, 25, 33], "size": [8, 2, 8], "uv": [70, 194]},
						{"origin": [8, 25, 44], "size": [8, 2, 8], "uv": [70, 194]},
						{"origin": [8, 25, 55], "size": [8, 2, 8], "uv": [70, 194]},
						{"origin": [8, 25, 66], "size": [8, 2, 8], "uv": [70, 194]},
						{"origin": [8, 25, 77], "size": [8, 2, 8], "uv": [70, 194]},
						{"origin": [8, 25, 88], "size": [8, 2, 8], "uv": [70, 194]},
						{"origin": [8, 25, 22], "size": [8, 2, 8], "uv": [70, 194]},
						{"origin": [9, 45, 33], "size": [8, 2, 8], "uv": [70, 194]},
						{"origin": [-2, 45, 33], "size": [8, 2, 8], "uv": [70, 194]},
						{"origin": [-13, 45, 33], "size": [8, 2, 8], "uv": [70, 194]},
						{"origin": [-2, 45, 44], "size": [8, 2, 8], "uv": [70, 194]},
						{"origin": [9, 45, 44], "size": [8, 2, 8], "uv": [70, 194]},
						{"origin": [9, 45, 55], "size": [8, 2, 8], "uv": [70, 194]},
						{"origin": [9, 45, 22], "size": [8, 2, 8], "uv": [70, 194]},
						{"origin": [-2, 45, 22], "size": [8, 2, 8], "uv": [70, 194]},
						{"origin": [-13, 45, 22], "size": [8, 2, 8], "uv": [70, 194]},
						{"origin": [-12, 25, 99], "size": [8, 2, 8], "uv": [70, 194]},
						{"origin": [-12, 25, 110], "size": [8, 2, 8], "uv": [70, 194]},
						{"origin": [8, 1, 62], "size": [12, 11, 2], "uv": [234, 106]},
						{"origin": [19, 2, 18], "size": [1, 1, 44], "uv": [130, 106]},
						{"origin": [19, 6, 18], "size": [1, 1, 44], "uv": [0, 45]},
						{"origin": [-16, 6, 18], "size": [1, 1, 44], "uv": [0, 0]},
						{"origin": [-16, 2, 18], "size": [1, 1, 44], "uv": [0, 106]},
						{"origin": [18, 2, 15], "size": [1, 1, 3], "uv": [82, 75]},
						{"origin": [18, 6, 15], "size": [1, 1, 3], "uv": [77, 65]},
						{"origin": [-15, 6, 15], "size": [1, 1, 3], "uv": [77, 61]},
						{"origin": [-15, 2, 15], "size": [1, 1, 3], "uv": [82, 39]},
						{"origin": [17, 2, 13], "size": [1, 1, 2], "uv": [82, 79]},
						{"origin": [17, 6, 13], "size": [1, 1, 2], "uv": [46, 71]},
						{"origin": [-14, 6, 13], "size": [1, 1, 2], "uv": [27, 67]},
						{"origin": [-14, 2, 13], "size": [1, 1, 2], "uv": [27, 77]},
						{"origin": [-16, 12, 63], "size": [12, 4, 3], "uv": [70, 204]},
						{"origin": [-16, 12, 81], "size": [12, 4, 3], "uv": [195, 106]},
						{"origin": [8, 12, 81], "size": [12, 4, 3], "uv": [0, 143]},
						{"origin": [8, 12, 63], "size": [12, 4, 3], "uv": [46, 37]},
						{"origin": [-16, 7, 64], "size": [1, 5, 1], "uv": [4, 106]},
						{"origin": [-16, 7, 82], "size": [1, 5, 1], "uv": [0, 106]},
						{"origin": [19, 7, 82], "size": [1, 5, 1], "uv": [98, 98]},
						{"origin": [19, 7, 64], "size": [1, 5, 1], "uv": [98, 92]},
						{"origin": [-16, 14, 79], "size": [1, 1, 2], "uv": [21, 77]},
						{"origin": [19, 14, 79], "size": [1, 1, 2], "uv": [6, 77]},
						{"origin": [19, 14, 66], "size": [1, 1, 2], "uv": [0, 77]},
						{"origin": [-16, 14, 66], "size": [1, 1, 2], "uv": [27, 72]},
						{"origin": [-16, 15, 65], "size": [12, 2, 2], "uv": [204, 98]},
						{"origin": [-16, 15, 80], "size": [12, 2, 2], "uv": [195, 113]},
						{"origin": [8, 15, 80], "size": [12, 2, 2], "uv": [176, 98]},
						{"origin": [8, 15, 65], "size": [12, 2, 2], "uv": [76, 137]},
						{"origin": [-16, 15, 67], "size": [12, 3, 13], "uv": [46, 45]},
						{"origin": [8, 15, 67], "size": [12, 3, 13], "uv": [46, 14]},
						{"origin": [17, 1, 12], "size": [2, 11, 1], "uv": [46, 14]},
						{"origin": [-15, 15, 11], "size": [1, 2, 1], "uv": [39, 45]},
						{"origin": [18, 15, 11], "size": [1, 2, 1], "uv": [36, 28]},
						{"origin": [-15, 12, -4], "size": [1, 3, 2], "uv": [0, 90]},
						{"origin": [18, 12, -4], "size": [1, 3, 2], "uv": [83, 50]},
						{"origin": [17, 13, -4], "size": [1, 3, 1], "uv": [35, 7]},
						{"origin": [-14, 13, -4], "size": [1, 3, 1], "uv": [30, 28]},
						{"origin": [17, 15, -3], "size": [1, 1, 2], "uv": [6, 72]},
						{"origin": [-14, 15, -3], "size": [1, 1, 2], "uv": [52, 71]},
						{"origin": [-14, 26, -1], "size": [1, 1, 4], "uv": [27, 0]},
						{"origin": [17, 26, 3], "size": [1, 2, 2], "uv": [6, 67]},
						{"origin": [-14, 26, 3], "size": [1, 2, 2], "uv": [33, 0]},
						{"origin": [-14, 26, 5], "size": [1, 3, 2], "uv": [83, 45]},
						{"origin": [17, 26, 5], "size": [1, 3, 2], "uv": [83, 14]},
						{"origin": [17, 29, 6], "size": [1, 1, 1], "uv": [50, 71]},
						{"origin": [-14, 29, 6], "size": [1, 1, 1], "uv": [9, 56]},
						{"origin": [17, 26, 7], "size": [1, 14, 3], "uv": [90, 37]},
						{"origin": [-14, 26, 7], "size": [1, 14, 3], "uv": [32, 11]},
						{"origin": [-14, 40, -10], "size": [32, 1, 20], "uv": [0, 151]},
						{"origin": [-13, 17, 9], "size": [30, 23, 1], "uv": [176, 55]},
						{"origin": [-11, 17, 4], "size": [11, 17, 3], "uv": [130, 130]},
						{"origin": [-11, 36, 4], "size": [11, 3, 3], "uv": [46, 83]},
						{"origin": [-14, 41, -8], "size": [31, 1, 17], "uv": [130, 151]},
						{"origin": [18, 19, 14], "size": [1, 35, 1], "uv": [98, 37]},
						{"origin": [-15, 19, 14], "size": [1, 35, 1], "uv": [40, 0]},
						{"origin": [-14, 48, 10], "size": [32, 8, 7], "uv": [176, 0]},
						{"origin": [-13, 24, -13], "size": [1, 3, 1], "uv": [27, 0]},
						{"origin": [-14, 2, -16], "size": [32, 9, 3], "uv": [130, 185]},
						{"origin": [-13, 10, -17], "size": [30, 1, 1], "uv": [0, 99]},
						{"origin": [-13, 2, -17], "size": [2, 8, 1], "uv": [46, 61]},
						{"origin": [15, 2, -17], "size": [2, 8, 1], "uv": [27, 47]},
						{"origin": [-11, 6, -17], "size": [6, 1, 1], "uv": [0, 12]},
						{"origin": [9, 6, -17], "size": [6, 1, 1], "uv": [0, 10]},
						{"origin": [-11, 5, -17], "size": [7, 1, 1], "uv": [73, 37]},
						{"origin": [8, 5, -17], "size": [7, 1, 1], "uv": [21, 45]},
						{"origin": [-7, 4, -17], "size": [18, 1, 1], "uv": [0, 39]},
						{"origin": [-3, 6, -17], "size": [10, 1, 1], "uv": [0, 41]},
						{"origin": [-11, 2, -17], "size": [26, 2, 1], "uv": [46, 34]},
						{"origin": [-11, 9, -17], "size": [8, 1, 1], "uv": [67, 71]},
						{"origin": [-5, 8, -17], "size": [2, 1, 1], "uv": [80, 85]},
						{"origin": [7, 8, -17], "size": [2, 1, 1], "uv": [74, 85]},
						{"origin": [-4, 7, -17], "size": [2, 1, 1], "uv": [83, 55]},
						{"origin": [6, 7, -17], "size": [2, 1, 1], "uv": [26, 56]},
						{"origin": [-11, 7, -17], "size": [1, 1, 1], "uv": [36, 4]},
						{"origin": [14, 7, -17], "size": [1, 1, 1], "uv": [21, 0]},
						{"origin": [17, 2, -13], "size": [1, 6, 8], "uv": [0, 151]},
						{"origin": [-14, 2, -13], "size": [1, 6, 8], "uv": [17, 0]},
						{"origin": [7, 9, -17], "size": [8, 1, 1], "uv": [22, 41]},
						{"origin": [-12, 11, -15], "size": [28, 13, 1], "uv": [46, 0]},
						{"origin": [17, 8, -13], "size": [1, 16, 8], "uv": [212, 143]},
						{"origin": [-14, 8, -13], "size": [1, 16, 8], "uv": [84, 143]},
						{"origin": [17, 17, -5], "size": [1, 9, 15], "uv": [130, 106]},
						{"origin": [15, 0, 69], "size": [4, 13, 9], "uv": [182, 217]},
						{"origin": [10, 0, 69], "size": [4, 13, 9], "uv": [156, 217]},
						{"origin": [-10, 0, 69], "size": [4, 13, 9], "uv": [130, 217]},
						{"origin": [-15, 0, 69], "size": [4, 13, 9], "uv": [104, 217]},
						{"origin": [14, 0, 0], "size": [4, 13, 9], "uv": [72, 217]},
						{"origin": [-14, 0, 0], "size": [4, 13, 9], "uv": [72, 217]},
						{"origin": [14, 2, -2], "size": [4, 9, 13], "uv": [67, 115]},
						{"origin": [15, 2, 67], "size": [4, 9, 13], "uv": [46, 106]},
						{"origin": [10, 2, 67], "size": [4, 9, 13], "uv": [0, 106]},
						{"origin": [-10, 2, 67], "size": [4, 9, 13], "uv": [0, 67]},
						{"origin": [-15, 2, 67], "size": [4, 9, 13], "uv": [46, 61]},
						{"origin": [-14, 2, -2], "size": [4, 9, 13], "uv": [0, 45]},
						{"origin": [14, 1, -1], "size": [4, 11, 11], "uv": [200, 185]},
						{"origin": [15, 1, 68], "size": [4, 11, 11], "uv": [195, 117]},
						{"origin": [-10, 1, 68], "size": [4, 11, 11], "uv": [176, 128]},
						{"origin": [-15, 1, 68], "size": [4, 11, 11], "uv": [176, 106]},
						{"origin": [10, 1, 68], "size": [4, 11, 11], "uv": [70, 172]},
						{"origin": [-14, 1, -1], "size": [4, 11, 11], "uv": [46, 128]},
						{"origin": [-14, 17, -5], "size": [1, 9, 15], "uv": [0, 0]}
					]
				}
			]
		}
	]
}