{
	"format_version": "1.12.0",
	"minecraft:geometry": [
		{
			"description": {
				"identifier": "geometry.tukang_bakso",
				"texture_width": 256,
				"texture_height": 256,
				"visible_bounds_width": 4,
				"visible_bounds_height": 3.5,
				"visible_bounds_offset": [0, 1.25, 0]
			},
			"bones": [
				{
					"name": "bb_main",
					"pivot": [0, 0, 0],
					"cubes": [
						{"origin": [7, 0, -8], "size": [0, 10, 10], "uv": [10, 66]},
						{"origin": [-7, 0, -8], "size": [0, 10, 10], "uv": [20, 66]},
						{"origin": [-7, 4, -4], "size": [14, 2, 2], "uv": [0, 44]},
						{"origin": [-6, 3, 13], "size": [12, 14, 0], "uv": [61, 89]},
						{"origin": [4, 16, 13], "size": [1, 1, 4], "uv": [32, 0]},
						{"origin": [-5, 17, 5], "size": [4, 3, 7], "uv": [90, 96]},
						{"origin": [-5, 23, 5], "size": [4, 3, 7], "uv": [0, 94]},
						{"origin": [-5, 23, -2], "size": [4, 3, 6], "uv": [101, 0]},
						{"origin": [-5, 17, -2], "size": [4, 3, 6], "uv": [40, 99]},
						{"origin": [-5, 16, 13], "size": [1, 1, 4], "uv": [0, 11]},
						{"origin": [-6, 13, 3], "size": [12, 4, 10], "uv": [0, 50]},
						{"origin": [-6, 17, -3], "size": [8, 11, 16], "uv": [0, 0]},
						{"origin": [-7, 28, -25], "size": [14, 1, 49], "uv": [0, 0]},
						{"origin": [-9, 28, -25], "size": [12, 0, 49], "pivot": [-9, 28, 0], "rotation": [0, 0, -40], "uv": [0, 50]},
						{"origin": [-3, 28, -25], "size": [12, 0, 49], "pivot": [9, 28, 0], "rotation": [0, 0, 40], "uv": [28, 0]},
						{"origin": [-6, 22, -3], "size": [8, 1, 16], "uv": [0, 27]},
						{"origin": [-6, 17, 4], "size": [8, 11, 1], "uv": [22, 98]},
						{"origin": [-6, 3, 3], "size": [0, 10, 10], "uv": [0, 66]},
						{"origin": [-6, 3, 3], "size": [12, 0, 10], "uv": [63, 50]},
						{"origin": [-1, 4, 5], "size": [6, 4, 6], "uv": [24, 88]},
						{"origin": [0, 3, 6], "size": [4, 1, 4], "uv": [0, 6]},
						{"origin": [0, 8, 6], "size": [4, 2, 4], "uv": [0, 0]},
						{"origin": [-6, 3, -22], "size": [12, 14, 25], "uv": [73, 50]},
						{"origin": [-4, 16, -15], "size": [8, 4, 8], "uv": [0, 64]},
						{"origin": [-1, 21, -12], "size": [1, 0, 2], "uv": [0, 0]},
						{"origin": [-1, 20, -12], "size": [1, 1, 0], "uv": [0, 0]},
						{"origin": [-1, 20, -10], "size": [1, 1, 0], "uv": [0, 0]},
						{"origin": [-6, 17, -22], "size": [12, 3, 0], "uv": [24, 64]},
						{"origin": [-6, 17, -19], "size": [12, 3, 0], "uv": [24, 64]},
						{"origin": [-6, 17, -22], "size": [12, 5, 3], "uv": [0, 86]},
						{"origin": [-5, 22, -21], "size": [1, 2, 1], "uv": [10, 11]},
						{"origin": [-2, 22, -21], "size": [1, 2, 1], "uv": [6, 11]},
						{"origin": [1, 22, -21], "size": [1, 2, 1], "uv": [0, 11]},
						{"origin": [4, 22, -21], "size": [1, 2, 1], "uv": [0, 6]},
						{"origin": [4, 17, -18], "size": [1, 11, 1], "uv": [8, 27]},
						{"origin": [4, 17, 11], "size": [1, 11, 1], "uv": [0, 27]},
						{"origin": [-5, 17, -18], "size": [1, 11, 1], "uv": [4, 27]}
					]
				}
			]
		}
	]
}