{
	"format_version": "1.12.0",
	"minecraft:geometry": [
		{
			"description": {
				"identifier": "geometry.umplung_cak.slamet",
				"texture_width": 512,
				"texture_height": 512,
				"visible_bounds_width": 143,
				"visible_bounds_height": 143,
				"visible_bounds_offset": [0, 0.5, 0]
			},
			"bones": [
				{
					"name": "bb_main",
					"pivot": [0, 0, 0],
					"cubes": [
						{"origin": [-13, 17, -6], "size": [30, 1, 15], "uv": [186, 0]},
						{"origin": [-13, 11, -13], "size": [30, 1, 8], "uv": [52, 92]},
						{"origin": [-13, 10, 110], "size": [30, 6, 1], "uv": [134, 121]},
						{"origin": [-4, 11, 4], "size": [12, 6, 106], "uv": [0, 238]},
						{"origin": [18, 4, 14], "size": [1, 1, 50], "uv": [0, 238]},
						{"origin": [-15, 4, 14], "size": [1, 1, 50], "uv": [134, 51]},
						{"origin": [-15, 7, 14], "size": [1, 1, 50], "uv": [134, 0]},
						{"origin": [-15, 10, 14], "size": [1, 1, 50], "uv": [0, 132]},
						{"origin": [-15, 13, 14], "size": [1, 1, 50], "uv": [0, 52]},
						{"origin": [18, 7, 14], "size": [1, 1, 50], "uv": [0, 183]},
						{"origin": [18, 10, 14], "size": [1, 1, 50], "uv": [176, 171]},
						{"origin": [18, 13, 14], "size": [1, 1, 51], "uv": [0, 0]},
						{"origin": [-16, 18, 17], "size": [36, 2, 104], "uv": [0, 132]},
						{"origin": [-15, 20, 120], "size": [34, 22, 1], "pivot": [0, 20, 121], "rotation": [-57.5, 0, 0], "uv": [53, 0]},
						{"origin": [-15, 20, 17], "size": [34, 39, 1], "uv": [52, 52]},
						{"origin": [-15, 19, 14], "size": [1, 31, 1], "uv": [122, 54]},
						{"origin": [-14, 50, 14], "size": [32, 1, 1], "uv": [53, 47]},
						{"origin": [18, 19, 14], "size": [1, 31, 1], "uv": [122, 22]},
						{"origin": [19, 20, 17], "size": [1, 39, 104], "uv": [176, 171]},
						{"origin": [-16, 20, 17], "size": [1, 39, 104], "uv": [176, 28]},
						{"origin": [-6, 59, 17], "size": [3, 4, 128], "uv": [0, 0]},
						{"origin": [3, 59, 17], "size": [3, 4, 128], "uv": [0, 0]},
						{"origin": [-14, 59, 17], "size": [3, 4, 128], "uv": [0, 0]},
						{"origin": [16, 59, 17], "size": [3, 4, 128], "uv": [0, 0]},
						{"origin": [16, 52, 19], "size": [3, 4, 128], "uv": [0, 0]},
						{"origin": [6, 54, 19], "size": [3, 4, 128], "uv": [0, 0]},
						{"origin": [11, 50, 19], "size": [3, 4, 128], "uv": [0, 0]},
						{"origin": [-3, 52, 19], "size": [3, 4, 128], "uv": [0, 0]},
						{"origin": [3, 46, 19], "size": [3, 4, 128], "uv": [0, 0]},
						{"origin": [-13, 50, 19], "size": [3, 4, 128], "uv": [0, 0]},
						{"origin": [-8, 56, 19], "size": [3, 4, 128], "uv": [0, 0]},
						{"origin": [-8, 44, 19], "size": [3, 4, 128], "uv": [0, 0]},
						{"origin": [-14, 42, 19], "size": [3, 4, 128], "uv": [0, 0]},
						{"origin": [-5, 50, 19], "size": [3, 4, 128], "uv": [0, 0]},
						{"origin": [13, 63, 17], "size": [3, 4, 128], "uv": [0, 0]},
						{"origin": [6, 71, 17], "size": [3, 4, 128], "uv": [0, 0]},
						{"origin": [-5, 76, 17], "size": [3, 4, 128], "uv": [0, 0]},
						{"origin": [-10, 68, 17], "size": [3, 4, 128], "uv": [0, 0]},
						{"origin": [-15, 70, 17], "size": [3, 4, 128], "uv": [0, 0]},
						{"origin": [11, 73, 17], "size": [3, 4, 128], "uv": [0, 0]},
						{"origin": [-3, 62, 17], "size": [3, 4, 128], "uv": [0, 0]},
						{"origin": [-15, 63, 17], "size": [3, 4, 128], "uv": [0, 0]},
						{"origin": [15, 68, 17], "size": [3, 4, 128], "uv": [0, 0]},
						{"origin": [-10, 61, 17], "size": [3, 4, 128], "uv": [0, 0]},
						{"origin": [-3, 68, 17], "size": [3, 4, 128], "uv": [0, 0]},
						{"origin": [-10, 75, 17], "size": [3, 4, 128], "uv": [0, 0]},
						{"origin": [2, 74, 17], "size": [3, 4, 128], "uv": [0, 0]},
						{"origin": [8, 78, 17], "size": [3, 4, 128], "uv": [0, 0]},
						{"origin": [7, 66, 17], "size": [3, 4, 128], "uv": [0, 0]},
						{"origin": [6, 61, 17], "size": [3, 4, 128], "uv": [0, 0]},
						{"origin": [2, 66, 17], "size": [3, 4, 128], "uv": [0, 0]},
						{"origin": [2, 22, 18], "size": [3, 4, 102], "uv": [26, 26]},
						{"origin": [-5, 22, 18], "size": [3, 4, 102], "uv": [26, 26]},
						{"origin": [-14, 28, 27], "size": [3, 4, 102], "uv": [26, 26]},
						{"origin": [-1, 26, 26], "size": [3, 4, 102], "uv": [26, 26]},
						{"origin": [-8, 33, 33], "size": [3, 4, 102], "uv": [26, 26]},
						{"origin": [1, 37, 38], "size": [3, 4, 102], "uv": [26, 26]},
						{"origin": [8, 35, 38], "size": [3, 4, 102], "uv": [26, 26]},
						{"origin": [-10, 38, 38], "size": [3, 4, 102], "uv": [26, 26]},
						{"origin": [13, 36, 38], "size": [3, 4, 102], "uv": [26, 26]},
						{"origin": [9, 43, 38], "size": [3, 4, 102], "uv": [26, 26]},
						{"origin": [14, 44, 38], "size": [3, 4, 102], "uv": [26, 26]},
						{"origin": [15, 30, 34], "size": [3, 4, 102], "uv": [26, 26]},
						{"origin": [9, 28, 26], "size": [3, 4, 102], "uv": [26, 26]},
						{"origin": [-8, 26, 25], "size": [3, 4, 102], "uv": [26, 26]},
						{"origin": [11, 59, 17], "size": [3, 4, 128], "uv": [0, 0]},
						{"origin": [-13, 26, -15], "size": [30, 1, 1], "uv": [62, 124]},
						{"origin": [-14, 37, -11], "size": [1, 3, 2], "uv": [36, 84]},
						{"origin": [17, 37, -11], "size": [1, 3, 2], "uv": [45, 0]},
						{"origin": [17, 34, -12], "size": [1, 3, 2], "uv": [43, 37]},
						{"origin": [17, 31, -13], "size": [1, 3, 2], "uv": [0, 41]},
						{"origin": [16, 28, -22], "size": [5, 8, 1], "uv": [36, 62]},
						{"origin": [-20, 28, -22], "size": [5, 8, 1], "uv": [36, 62]},
						{"origin": [17, 28, -14], "size": [1, 3, 2], "uv": [25, 10]},
						{"origin": [17, 24, -15], "size": [1, 4, 2], "uv": [8, 31]},
						{"origin": [18, 27, -22], "size": [1, 1, 8], "uv": [110, 101]},
						{"origin": [-5, 27, -27], "size": [1, 1, 8], "pivot": [0, 0, 0], "rotation": [0, 30, 0], "uv": [33, 37]},
						{"origin": [-14, 34, -12], "size": [1, 3, 2], "uv": [6, 74]},
						{"origin": [-14, 31, -13], "size": [1, 3, 2], "pivot": [0, 0, 0], "rotation": [1.51007, 1.38485, 1.45093], "uv": [44, 46]},
						{"origin": [-14, 28, -14], "size": [1, 3, 2], "uv": [45, 5]},
						{"origin": [-14, 24, -15], "size": [1, 4, 2], "uv": [33, 37]},
						{"origin": [17, 16, -5], "size": [1, 1, 8], "uv": [134, 102]},
						{"origin": [18, 15, 0], "size": [1, 2, 12], "uv": [22, 84]},
						{"origin": [-15, 15, 0], "size": [1, 2, 12], "uv": [22, 62]},
						{"origin": [18, 2, -6], "size": [1, 11, 2], "uv": [0, 74]},
						{"origin": [-15, 2, -6], "size": [1, 11, 2], "uv": [8, 0]},
						{"origin": [18, 2, 13], "size": [1, 13, 1], "uv": [122, 86]},
						{"origin": [-15, 2, 13], "size": [1, 13, 1], "uv": [115, 23]},
						{"origin": [18, 13, -5], "size": [1, 2, 2], "uv": [6, 61]},
						{"origin": [-15, 13, -5], "size": [1, 2, 2], "uv": [40, 22]},
						{"origin": [18, 14, 11], "size": [1, 2, 2], "uv": [0, 61]},
						{"origin": [-15, 14, 11], "size": [1, 2, 2], "uv": [34, 22]},
						{"origin": [18, 14, -4], "size": [1, 2, 3], "uv": [8, 26]},
						{"origin": [-15, 14, -4], "size": [1, 2, 3], "uv": [17, 10]},
						{"origin": [18, 15, -1], "size": [1, 1, 1], "uv": [22, 10]},
						{"origin": [-15, 15, -1], "size": [1, 1, 1], "uv": [5, 0]},
						{"origin": [-14, 16, -5], "size": [1, 1, 8], "uv": [0, 114]},
						{"origin": [17, 10, -5], "size": [1, 6, 1], "uv": [46, 83]},
						{"origin": [-14, 10, -5], "size": [1, 6, 1], "uv": [6, 79]},
						{"origin": [17, 13, -4], "size": [1, 3, 1], "uv": [36, 89]},
						{"origin": [-14, 13, -4], "size": [1, 3, 1], "uv": [41, 88]},
						{"origin": [17, 15, -3], "size": [1, 1, 2], "uv": [43, 42]},
						{"origin": [-14, 15, -3], "size": [1, 1, 2], "uv": [5, 26]},
						{"origin": [-14, 24, -13], "size": [1, 3, 8], "uv": [84, 103]},
						{"origin": [17, 24, -13], "size": [1, 3, 8], "uv": [0, 103]},
						{"origin": [17, 28, 7], "size": [1, 12, 3], "uv": [0, 26]},
						{"origin": [-14, 28, 7], "size": [1, 12, 3], "uv": [0, 0]},
						{"origin": [-14, 40, -10], "size": [32, 1, 20], "uv": [0, 103]},
						{"origin": [-13, 17, 9], "size": [30, 23, 1], "uv": [53, 23]},
						{"origin": [-11, 17, 4], "size": [11, 17, 3], "uv": [52, 205]},
						{"origin": [-11, 36, 4], "size": [11, 3, 3], "uv": [21, 76]},
						{"origin": [-14, 41, -9], "size": [31, 1, 18], "uv": [134, 102]},
						{"origin": [-10, 49, 10], "size": [23, 4, 7], "uv": [186, 67]},
						{"origin": [-13, 9, -19], "size": [30, 1, 1], "uv": [53, 49]},
						{"origin": [-13, 2, -19], "size": [30, 2, 1], "uv": [0, 124]},
						{"origin": [-9, 8, -19], "size": [21, 1, 1], "uv": [0, 48]},
						{"origin": [8, 6, -19], "size": [2, 1, 1], "uv": [33, 43]},
						{"origin": [-6, 6, -19], "size": [2, 1, 1], "uv": [8, 13]},
						{"origin": [-13, 6, -19], "size": [1, 3, 1], "uv": [42, 84]},
						{"origin": [-13, 4, -19], "size": [1, 1, 1], "uv": [38, 22]},
						{"origin": [16, 4, -19], "size": [1, 1, 1], "uv": [37, 37]},
						{"origin": [10, 4, -19], "size": [1, 1, 1], "uv": [12, 31]},
						{"origin": [-7, 4, -19], "size": [1, 1, 1], "uv": [13, 26]},
						{"origin": [16, 6, -19], "size": [1, 3, 1], "uv": [46, 22]},
						{"origin": [9, 5, -19], "size": [8, 1, 1], "uv": [28, 100]},
						{"origin": [-2, 5, -19], "size": [8, 1, 1], "uv": [0, 96]},
						{"origin": [-13, 5, -19], "size": [8, 1, 1], "uv": [26, 98]},
						{"origin": [-5, 7, -19], "size": [14, 1, 1], "uv": [61, 126]},
						{"origin": [-4, 4, -19], "size": [12, 1, 1], "uv": [21, 82]},
						{"origin": [-14, 2, -18], "size": [32, 9, 3], "uv": [186, 32]},
						{"origin": [-14, 2, -15], "size": [32, 6, 10], "uv": [186, 16]},
						{"origin": [-13, 11, -16], "size": [30, 15, 1], "uv": [186, 51]},
						{"origin": [-13, 18, -17], "size": [7, 5, 1], "uv": [34, 16]},
						{"origin": [10, 18, -17], "size": [7, 5, 1], "uv": [34, 10]},
						{"origin": [17, 8, -15], "size": [1, 16, 10], "uv": [202, 183]},
						{"origin": [-14, 8, -15], "size": [1, 16, 10], "uv": [82, 144]},
						{"origin": [14, 0, 0], "size": [4, 13, 9], "uv": [17, 196]},
						{"origin": [15, 0, 69], "size": [4, 13, 9], "uv": [176, 193]},
						{"origin": [8, 16, 69], "size": [12, 2, 9], "uv": [134, 22]},
						{"origin": [-16, 16, 69], "size": [12, 2, 9], "uv": [0, 37]},
						{"origin": [-16, 15, 77], "size": [12, 2, 4], "uv": [134, 95]},
						{"origin": [-16, 15, 66], "size": [12, 2, 4], "uv": [134, 33]},
						{"origin": [8, 15, 77], "size": [12, 2, 4], "uv": [134, 39]},
						{"origin": [8, 3, 63], "size": [12, 8, 2], "uv": [73, 132]},
						{"origin": [8, 3, 83], "size": [12, 8, 2], "uv": [21, 132]},
						{"origin": [-16, 3, 83], "size": [12, 8, 2], "uv": [21, 52]},
						{"origin": [-16, 3, 62], "size": [12, 8, 2], "uv": [17, 0]},
						{"origin": [8, 15, 67], "size": [12, 2, 3], "uv": [134, 45]},
						{"origin": [8, 11, 64], "size": [12, 3, 2], "uv": [155, 0]},
						{"origin": [8, 11, 82], "size": [12, 3, 2], "uv": [19, 154]},
						{"origin": [-16, 11, 82], "size": [12, 3, 2], "uv": [153, 56]},
						{"origin": [-16, 11, 63], "size": [12, 3, 2], "uv": [153, 51]},
						{"origin": [8, 14, 65], "size": [12, 2, 2], "uv": [19, 159]},
						{"origin": [8, 14, 81], "size": [12, 2, 2], "uv": [155, 9]},
						{"origin": [-16, 14, 81], "size": [12, 2, 2], "uv": [155, 5]},
						{"origin": [-16, 14, 64], "size": [12, 2, 2], "uv": [0, 98]},
						{"origin": [10, 0, 69], "size": [4, 13, 9], "uv": [186, 78]},
						{"origin": [-10, 0, 69], "size": [4, 13, 9], "uv": [78, 183]},
						{"origin": [-15, 0, 69], "size": [4, 13, 9], "uv": [52, 183]},
						{"origin": [-14, 0, 0], "size": [4, 13, 9], "uv": [0, 183]},
						{"origin": [14, 2, -2], "size": [4, 9, 13], "uv": [134, 0]},
						{"origin": [15, 2, 67], "size": [4, 9, 13], "uv": [52, 132]},
						{"origin": [10, 2, 67], "size": [4, 9, 13], "uv": [0, 132]},
						{"origin": [-10, 2, 67], "size": [4, 9, 13], "uv": [89, 101]},
						{"origin": [-15, 2, 67], "size": [4, 9, 13], "uv": [0, 74]},
						{"origin": [-14, 2, -2], "size": [4, 9, 13], "uv": [0, 52]},
						{"origin": [14, 1, -1], "size": [4, 11, 11], "uv": [176, 171]},
						{"origin": [15, 1, 68], "size": [4, 11, 11], "uv": [52, 154]},
						{"origin": [-10, 1, 68], "size": [4, 11, 11], "uv": [0, 154]},
						{"origin": [-15, 1, 68], "size": [4, 11, 11], "uv": [153, 62]},
						{"origin": [10, 1, 68], "size": [4, 11, 11], "uv": [134, 73]},
						{"origin": [-14, 1, -1], "size": [4, 11, 11], "uv": [134, 51]},
						{"origin": [-14, 17, -5], "size": [1, 11, 15], "uv": [17, 11]},
						{"origin": [17, 17, -5], "size": [1, 11, 15], "uv": [0, 0]}
					]
				}
			]
		}
	]
}