{
	"format_version": "1.12.0",
	"minecraft:geometry": [
		{
			"description": {
				"identifier": "geometry.wahyu",
				"texture_width": 1024,
				"texture_height": 1024,
				"visible_bounds_width": 17,
				"visible_bounds_height": 7,
				"visible_bounds_offset": [0, 2.5, 0]
			},
			"bones": [
				{
					"name": "bb_main",
					"pivot": [0, 0, 0],
					"cubes": [
						{"origin": [-13, 17, -6], "size": [30, 1, 15], "uv": [176, 79]},
						{"origin": [-13, 11, -13], "size": [30, 1, 8], "uv": [176, 95]},
						{"origin": [-12, 2, 110], "size": [29, 12, 1], "uv": [0, 212]},
						{"origin": [10, 3, 111], "size": [4, 1, 1], "uv": [10, 5]},
						{"origin": [-9, 3, 111], "size": [4, 1, 1], "uv": [10, 5]},
						{"origin": [-10, 2, 111], "size": [4, 1, 1], "uv": [10, 5]},
						{"origin": [11, 2, 111], "size": [4, 1, 1], "uv": [10, 5]},
						{"origin": [-8, 4, 111], "size": [21, 1, 1], "uv": [47, 36]},
						{"origin": [5, 11, 111], "size": [3, 1, 1], "uv": [47, 13]},
						{"origin": [-3, 11, 111], "size": [3, 1, 1], "uv": [47, 13]},
						{"origin": [-2, 10, 111], "size": [9, 1, 1], "uv": [47, 18]},
						{"origin": [-10, 12, 111], "size": [25, 1, 1], "uv": [47, 34]},
						{"origin": [-4, 11, 4], "size": [12, 5, 106], "uv": [334, 108]},
						{"origin": [-16, 18, 17], "size": [36, 2, 104], "uv": [0, 106]},
						{"origin": [-12, 63, 17], "size": [28, 2, 104], "uv": [176, 108]},
						{"origin": [-10, 65, 17], "size": [24, 2, 104], "uv": [0, 212]},
						{"origin": [-7, 67, 17], "size": [19, 2, 104], "uv": [0, 318]},
						{"origin": [-5, 69, 17], "size": [15, 2, 104], "uv": [344, 0]},
						{"origin": [-3, 71, 17], "size": [11, 2, 104], "uv": [364, 219]},
						{"origin": [-1, 73, 17], "size": [7, 2, 104], "uv": [364, 325]},
						{"origin": [1, 75, 17], "size": [3, 2, 104], "uv": [249, 396]},
						{"origin": [-16, 59, 17], "size": [36, 2, 104], "uv": [0, 0]},
						{"origin": [20, 51, 16], "size": [1, 8, 105], "uv": [141, 357]},
						{"origin": [-17, 51, 16], "size": [1, 8, 105], "uv": [141, 357]},
						{"origin": [-16, 51, 16], "size": [36, 8, 1], "uv": [176, 172]},
						{"origin": [-14, 61, 17], "size": [32, 2, 104], "uv": [176, 2]},
						{"origin": [-15, 20, 120], "size": [34, 22, 1], "uv": [176, 108]},
						{"origin": [-15, 20, 17], "size": [34, 39, 1], "uv": [176, 39]},
						{"origin": [-15, 43, 120], "size": [34, 16, 1], "uv": [176, 131]},
						{"origin": [19, 20, 17], "size": [1, 39, 104], "uv": [258, 253]},
						{"origin": [-16, 20, 17], "size": [1, 39, 104], "uv": [152, 214]},
						{"origin": [-13, 11, -14], "size": [1, 13, 1], "uv": [99, 22]},
						{"origin": [18, 26, -25], "size": [1, 1, 12], "uv": [16, 138]},
						{"origin": [-4, 26, -30], "size": [1, 1, 12], "pivot": [0, 0, 0], "rotation": [0, 35, 0], "uv": [16, 138]},
						{"origin": [16, 26, -26], "size": [5, 9, 1], "uv": [0, 23]},
						{"origin": [-23, 26, -23], "size": [5, 9, 1], "uv": [0, 23]},
						{"origin": [-12, 24, -14], "size": [28, 3, 1], "uv": [46, 73]},
						{"origin": [16, 11, -14], "size": [1, 13, 1], "uv": [65, 0]},
						{"origin": [14, 16, -16], "size": [2, 7, 1], "uv": [23, 11]},
						{"origin": [9, 11, -15], "size": [2, 4, 1], "uv": [0, 14]},
						{"origin": [-7, 11, -15], "size": [2, 4, 1], "uv": [2, 25]},
						{"origin": [10, 15, -15], "size": [1, 3, 1], "uv": [8, 14]},
						{"origin": [-7, 15, -15], "size": [1, 3, 1], "uv": [8, 14]},
						{"origin": [-12, 16, -16], "size": [2, 7, 1], "uv": [0, 0]},
						{"origin": [16, 17, -16], "size": [1, 6, 1], "uv": [94, 95]},
						{"origin": [-13, 17, -16], "size": [1, 6, 1], "uv": [90, 95]},
						{"origin": [11, 21, -16], "size": [3, 1, 1], "uv": [57, 5]},
						{"origin": [-10, 21, -16], "size": [3, 1, 1], "uv": [47, 15]},
						{"origin": [13, 22, -16], "size": [1, 1, 1], "uv": [28, 59]},
						{"origin": [-10, 22, -16], "size": [1, 1, 1], "uv": [18, 72]},
						{"origin": [10, 16, -16], "size": [4, 1, 1], "uv": [57, 15]},
						{"origin": [-10, 16, -16], "size": [4, 1, 1], "uv": [34, 42]},
						{"origin": [13, 17, -16], "size": [1, 2, 1], "uv": [0, 57]},
						{"origin": [-10, 17, -16], "size": [1, 2, 1], "uv": [41, 18]},
						{"origin": [16, 24, -14], "size": [1, 8, 1], "uv": [75, 0]},
						{"origin": [-13, 24, -14], "size": [1, 8, 1], "uv": [71, 0]},
						{"origin": [17, 24, -13], "size": [1, 8, 2], "uv": [35, 0]},
						{"origin": [-14, 24, -13], "size": [1, 8, 2], "uv": [23, 0]},
						{"origin": [16, 32, -13], "size": [1, 5, 1], "uv": [98, 5]},
						{"origin": [-13, 32, -13], "size": [1, 5, 1], "uv": [97, 81]},
						{"origin": [17, 32, -12], "size": [1, 5, 2], "uv": [47, 0]},
						{"origin": [-14, 32, -12], "size": [1, 5, 2], "uv": [31, 23]},
						{"origin": [16, 37, -12], "size": [1, 3, 2], "uv": [94, 0]},
						{"origin": [-13, 37, -12], "size": [1, 3, 2], "uv": [93, 29]},
						{"origin": [17, 37, -11], "size": [1, 3, 2], "uv": [92, 5]},
						{"origin": [-14, 37, -11], "size": [1, 3, 2], "uv": [88, 89]},
						{"origin": [17, 39, -9], "size": [1, 1, 2], "uv": [98, 94]},
						{"origin": [-14, 39, -9], "size": [1, 1, 2], "uv": [98, 91]},
						{"origin": [17, 24, -9], "size": [1, 1, 4], "uv": [57, 10]},
						{"origin": [-14, 24, -9], "size": [1, 1, 4], "uv": [34, 37]},
						{"origin": [17, 26, -1], "size": [1, 1, 4], "uv": [33, 11]},
						{"origin": [17, 16, -5], "size": [1, 1, 8], "uv": [47, 9]},
						{"origin": [-14, 16, -5], "size": [1, 1, 8], "uv": [47, 0]},
						{"origin": [17, 10, -5], "size": [1, 6, 1], "uv": [93, 22]},
						{"origin": [-14, 10, -5], "size": [1, 6, 1], "uv": [90, 0]},
						{"origin": [-15, 2, -5], "size": [1, 10, 2], "uv": [46, 57]},
						{"origin": [18, 2, -5], "size": [1, 10, 2], "uv": [46, 57]},
						{"origin": [-15, 15, 1], "size": [1, 2, 8], "uv": [23, 11]},
						{"origin": [18, 15, 1], "size": [1, 2, 8], "uv": [23, 11]},
						{"origin": [-15, 15, -3], "size": [1, 1, 4], "uv": [8, 14]},
						{"origin": [18, 15, -3], "size": [1, 1, 4], "uv": [8, 14]},
						{"origin": [-15, 14, -2], "size": [1, 1, 4], "uv": [8, 14]},
						{"origin": [18, 14, -2], "size": [1, 1, 4], "uv": [8, 14]},
						{"origin": [-15, 10, -3], "size": [1, 2, 1], "uv": [40, 37]},
						{"origin": [18, 10, -3], "size": [1, 2, 1], "uv": [40, 37]},
						{"origin": [-15, 13, -2], "size": [1, 1, 1], "uv": [50, 57]},
						{"origin": [18, 13, -2], "size": [1, 1, 1], "uv": [50, 57]},
						{"origin": [-15, 14, 9], "size": [1, 3, 2], "uv": [88, 81]},
						{"origin": [18, 14, 9], "size": [1, 3, 2], "uv": [88, 81]},
						{"origin": [-15, 12, 11], "size": [1, 3, 2], "uv": [88, 81]},
						{"origin": [18, 12, 11], "size": [1, 3, 2], "uv": [88, 81]},
						{"origin": [-14, 1, 12], "size": [1, 11, 1], "uv": [87, 57]},
						{"origin": [-16, 1, 62], "size": [12, 11, 2], "uv": [76, 194]},
						{"origin": [-16, 1, 83], "size": [12, 11, 2], "uv": [76, 194]},
						{"origin": [19, 2, 84], "size": [1, 12, 22], "uv": [47, 0]},
						{"origin": [19, 1, 84], "size": [2, 1, 12], "uv": [72, 82]},
						{"origin": [-16, 1, 84], "size": [2, 1, 12], "uv": [72, 82]},
						{"origin": [20, 2, 96], "size": [1, 1, 10], "uv": [23, 0]},
						{"origin": [-16, 2, 96], "size": [1, 1, 10], "uv": [23, 0]},
						{"origin": [19, 2, 106], "size": [1, 1, 2], "uv": [89, 36]},
						{"origin": [-15, 2, 106], "size": [1, 1, 2], "uv": [89, 36]},
						{"origin": [18, 2, 108], "size": [1, 1, 2], "uv": [89, 36]},
						{"origin": [-14, 2, 108], "size": [1, 1, 2], "uv": [89, 36]},
						{"origin": [18, 2, 106], "size": [1, 12, 2], "uv": [38, 132]},
						{"origin": [-14, 2, 106], "size": [1, 12, 2], "uv": [17, 106]},
						{"origin": [17, 2, 108], "size": [1, 12, 2], "uv": [39, 23]},
						{"origin": [-13, 2, 108], "size": [1, 12, 2], "uv": [39, 23]},
						{"origin": [-15, 2, 84], "size": [1, 12, 22], "uv": [47, 0]},
						{"origin": [9, 1, 83], "size": [12, 11, 2], "uv": [76, 194]},
						{"origin": [9, 1, 62], "size": [12, 11, 2], "uv": [76, 194]},
						{"origin": [19, 1, 18], "size": [1, 12, 45], "uv": [0, 106]},
						{"origin": [-15, 1, 18], "size": [1, 12, 45], "uv": [0, 258]},
						{"origin": [20, 10, 18], "size": [1, 2, 44], "uv": [0, 57]},
						{"origin": [20, 10, 85], "size": [1, 2, 21], "uv": [0, 0]},
						{"origin": [-16, 10, 85], "size": [1, 2, 21], "uv": [0, 0]},
						{"origin": [19, 10, 106], "size": [1, 2, 2], "uv": [14, 14]},
						{"origin": [-15, 10, 106], "size": [1, 2, 2], "uv": [14, 14]},
						{"origin": [18, 10, 108], "size": [1, 2, 2], "uv": [14, 14]},
						{"origin": [-14, 10, 108], "size": [1, 2, 2], "uv": [14, 14]},
						{"origin": [17, 10, 110], "size": [1, 3, 1], "uv": [10, 0]},
						{"origin": [17, 2, 110], "size": [1, 1, 1], "uv": [51, 0]},
						{"origin": [-13, 2, 110], "size": [1, 1, 1], "uv": [51, 0]},
						{"origin": [-13, 10, 110], "size": [1, 3, 1], "uv": [10, 0]},
						{"origin": [15, 11, 111], "size": [2, 2, 1], "uv": [92, 53]},
						{"origin": [-12, 11, 111], "size": [2, 2, 1], "uv": [92, 53]},
						{"origin": [-16, 10, 18], "size": [1, 2, 44], "uv": [0, 57]},
						{"origin": [20, 1, 18], "size": [1, 1, 44], "uv": [0, 163]},
						{"origin": [-16, 1, 18], "size": [1, 1, 44], "uv": [0, 163]},
						{"origin": [20, 2, 55], "size": [1, 1, 7], "uv": [88, 81]},
						{"origin": [-16, 2, 55], "size": [1, 1, 7], "uv": [88, 81]},
						{"origin": [20, 3, 56], "size": [1, 1, 6], "uv": [0, 14]},
						{"origin": [-16, 3, 56], "size": [1, 1, 6], "uv": [0, 14]},
						{"origin": [17, 1, 13], "size": [1, 12, 3], "uv": [0, 106]},
						{"origin": [-13, 1, 12], "size": [1, 12, 3], "uv": [0, 106]},
						{"origin": [18, 1, 15], "size": [1, 12, 3], "uv": [0, 106]},
						{"origin": [-14, 1, 15], "size": [1, 12, 3], "uv": [0, 106]},
						{"origin": [19, 1, 15], "size": [1, 1, 3], "uv": [47, 9]},
						{"origin": [-15, 1, 15], "size": [1, 1, 3], "uv": [47, 9]},
						{"origin": [19, 10, 15], "size": [1, 2, 3], "uv": [21, 23]},
						{"origin": [-15, 10, 15], "size": [1, 2, 3], "uv": [21, 23]},
						{"origin": [18, 10, 13], "size": [1, 2, 2], "uv": [94, 89]},
						{"origin": [18, 1, 13], "size": [1, 1, 2], "uv": [98, 51]},
						{"origin": [-14, 1, 13], "size": [1, 1, 2], "uv": [98, 51]},
						{"origin": [-14, 10, 13], "size": [1, 2, 2], "uv": [63, 18]},
						{"origin": [-16, 12, 63], "size": [12, 4, 3], "uv": [68, 106]},
						{"origin": [-16, 12, 81], "size": [12, 4, 3], "uv": [68, 106]},
						{"origin": [9, 12, 81], "size": [12, 4, 3], "uv": [68, 106]},
						{"origin": [9, 12, 63], "size": [12, 4, 3], "uv": [68, 106]},
						{"origin": [-16, 7, 64], "size": [1, 5, 1], "uv": [84, 95]},
						{"origin": [-16, 7, 82], "size": [1, 5, 1], "uv": [84, 95]},
						{"origin": [20, 7, 82], "size": [1, 5, 1], "uv": [84, 95]},
						{"origin": [20, 7, 64], "size": [1, 5, 1], "uv": [84, 95]},
						{"origin": [-16, 14, 79], "size": [1, 1, 2], "uv": [34, 98]},
						{"origin": [20, 14, 79], "size": [1, 1, 2], "uv": [34, 98]},
						{"origin": [20, 14, 66], "size": [1, 1, 2], "uv": [34, 98]},
						{"origin": [-16, 14, 66], "size": [1, 1, 2], "uv": [34, 98]},
						{"origin": [-16, 15, 65], "size": [12, 2, 2], "uv": [220, 214]},
						{"origin": [-16, 15, 80], "size": [12, 2, 2], "uv": [220, 214]},
						{"origin": [9, 15, 80], "size": [12, 2, 2], "uv": [220, 214]},
						{"origin": [9, 15, 65], "size": [12, 2, 2], "uv": [220, 214]},
						{"origin": [-16, 15, 67], "size": [12, 3, 13], "uv": [46, 57]},
						{"origin": [9, 15, 67], "size": [12, 3, 13], "uv": [46, 57]},
						{"origin": [18, 1, 12], "size": [1, 11, 1], "uv": [87, 57]},
						{"origin": [-15, 15, 11], "size": [1, 2, 1], "uv": [40, 37]},
						{"origin": [18, 15, 11], "size": [1, 2, 1], "uv": [40, 37]},
						{"origin": [-15, 12, -4], "size": [1, 3, 2], "uv": [88, 81]},
						{"origin": [18, 12, -4], "size": [1, 3, 2], "uv": [88, 81]},
						{"origin": [17, 13, -4], "size": [1, 3, 1], "uv": [34, 36]},
						{"origin": [-14, 13, -4], "size": [1, 3, 1], "uv": [33, 11]},
						{"origin": [17, 15, -3], "size": [1, 1, 2], "uv": [97, 36]},
						{"origin": [-14, 15, -3], "size": [1, 1, 2], "uv": [96, 70]},
						{"origin": [-14, 26, -1], "size": [1, 1, 4], "uv": [10, 0]},
						{"origin": [17, 26, 3], "size": [1, 2, 2], "uv": [38, 57]},
						{"origin": [-14, 26, 3], "size": [1, 2, 2], "uv": [39, 11]},
						{"origin": [-14, 26, 5], "size": [1, 3, 2], "uv": [85, 38]},
						{"origin": [17, 26, 5], "size": [1, 3, 2], "uv": [57, 0]},
						{"origin": [17, 29, 6], "size": [1, 1, 1], "uv": [28, 57]},
						{"origin": [-14, 29, 6], "size": [1, 1, 1], "uv": [57, 11]},
						{"origin": [17, 26, 7], "size": [1, 14, 3], "uv": [34, 163]},
						{"origin": [-14, 26, 7], "size": [1, 14, 3], "uv": [92, 36]},
						{"origin": [-14, 40, -10], "size": [32, 1, 20], "uv": [176, 0]},
						{"origin": [-13, 17, 9], "size": [30, 23, 1], "uv": [176, 148]},
						{"origin": [-11, 17, 4], "size": [11, 17, 3], "uv": [0, 130]},
						{"origin": [-11, 36, 4], "size": [11, 3, 3], "uv": [176, 202]},
						{"origin": [-14, 41, -8], "size": [31, 1, 17], "uv": [176, 21]},
						{"origin": [15, 19, 15], "size": [6, 40, 1], "uv": [265, 39]},
						{"origin": [-17, 19, 15], "size": [6, 40, 1], "uv": [257, 39]},
						{"origin": [15, 22, 11], "size": [3, 37, 4], "uv": [28, 57]},
						{"origin": [-14, 21, 11], "size": [3, 38, 4], "uv": [0, 57]},
						{"origin": [-4, 20, 11], "size": [3, 38, 4], "uv": [246, 39]},
						{"origin": [5, 20, 11], "size": [3, 38, 4], "uv": [246, 39]},
						{"origin": [18, 21, 12], "size": [1, 38, 3], "uv": [92, 137]},
						{"origin": [-15, 20, 12], "size": [1, 39, 3], "uv": [32, 106]},
						{"origin": [19, 20, 15], "size": [1, 39, -1], "uv": [9, 62]},
						{"origin": [-16, 20, 15], "size": [1, 39, -1], "uv": [17, 49]},
						{"origin": [-12, 50, 9], "size": [1, 9, 2], "uv": [52, 57]},
						{"origin": [15, 50, 9], "size": [1, 9, 2], "uv": [52, 57]},
						{"origin": [16, 48, 10], "size": [1, 11, 1], "uv": [83, 57]},
						{"origin": [-13, 48, 10], "size": [1, 11, 1], "uv": [83, 57]},
						{"origin": [-11, 57, 8], "size": [26, 2, 8], "uv": [240, 214]},
						{"origin": [-10, 53, 9], "size": [24, 5, 6], "uv": [152, 214]},
						{"origin": [-11, 52, 8], "size": [26, 1, 8], "uv": [0, 258]},
						{"origin": [-11, 53, 8], "size": [4, 4, 8], "uv": [21, 23]},
						{"origin": [11, 53, 8], "size": [4, 4, 8], "uv": [21, 23]},
						{"origin": [-13, 24, -13], "size": [1, 3, 1], "uv": [16, 0]},
						{"origin": [-14, 2, -16], "size": [32, 9, 3], "uv": [176, 181]},
						{"origin": [-7, 9, -17], "size": [18, 2, 1], "uv": [46, 95]},
						{"origin": [-13, 10, -17], "size": [2, 1, 1], "uv": [14, 19]},
						{"origin": [15, 10, -17], "size": [2, 1, 1], "uv": [14, 19]},
						{"origin": [-13, 2, -17], "size": [1, 8, 1], "uv": [41, 0]},
						{"origin": [16, 2, -17], "size": [1, 8, 1], "uv": [29, 0]},
						{"origin": [-12, 4, -17], "size": [28, 1, 1], "uv": [46, 79]},
						{"origin": [-7, 3, -17], "size": [18, 1, 1], "uv": [46, 98]},
						{"origin": [-4, 4, -18], "size": [12, 1, 1], "uv": [68, 137]},
						{"origin": [-6, 5, -17], "size": [16, 1, 1], "uv": [0, 99]},
						{"origin": [-12, 2, -17], "size": [28, 1, 1], "uv": [46, 77]},
						{"origin": [-12, 9, -17], "size": [5, 1, 1], "uv": [33, 16]},
						{"origin": [11, 9, -17], "size": [5, 1, 1], "uv": [33, 16]},
						{"origin": [-9, 8, -17], "size": [5, 1, 1], "uv": [0, 33]},
						{"origin": [8, 8, -17], "size": [5, 1, 1], "uv": [0, 33]},
						{"origin": [7, 6, -17], "size": [1, 1, 1], "uv": [52, 40]},
						{"origin": [-4, 6, -17], "size": [1, 1, 1], "uv": [53, 41]},
						{"origin": [-6, 6, -18], "size": [1, 1, 1], "uv": [57, 9]},
						{"origin": [9, 6, -18], "size": [1, 1, 1], "uv": [57, 9]},
						{"origin": [-7, 7, -18], "size": [1, 1, 1], "uv": [57, 9]},
						{"origin": [10, 7, -18], "size": [1, 1, 1], "uv": [57, 9]},
						{"origin": [-8, 8, -18], "size": [1, 1, 1], "uv": [57, 9]},
						{"origin": [11, 8, -18], "size": [1, 1, 1], "uv": [57, 9]},
						{"origin": [7, 5, -18], "size": [2, 1, 1], "uv": [35, 23]},
						{"origin": [-5, 5, -18], "size": [2, 1, 1], "uv": [35, 23]},
						{"origin": [8, 6, -17], "size": [3, 2, 1], "uv": [21, 28]},
						{"origin": [-7, 6, -17], "size": [3, 2, 1], "uv": [21, 28]},
						{"origin": [-1, 6, -17], "size": [6, 1, 1], "uv": [47, 20]},
						{"origin": [-11, 6, -17], "size": [1, 1, 1], "uv": [10, 57]},
						{"origin": [14, 6, -17], "size": [1, 1, 1], "uv": [10, 57]},
						{"origin": [17, 2, -13], "size": [1, 6, 8], "uv": [0, 0]},
						{"origin": [-14, 2, -13], "size": [1, 6, 8], "uv": [0, 0]},
						{"origin": [11, 11, -15], "size": [5, 13, 1], "uv": [91, 56]},
						{"origin": [-12, 11, -15], "size": [5, 13, 1], "uv": [91, 56]},
						{"origin": [-7, 20, -15], "size": [18, 4, 1], "uv": [47, 38]},
						{"origin": [-9, 12, -13], "size": [22, 12, 1], "uv": [0, 267]},
						{"origin": [-6, 16, -15], "size": [16, 1, 1], "uv": [68, 113]},
						{"origin": [-5, 14, -15], "size": [14, 1, 1], "uv": [204, 206]},
						{"origin": [-7, 18, -15], "size": [18, 1, 1], "uv": [47, 43]},
						{"origin": [-5, 11, -15], "size": [14, 2, 1], "uv": [201, 202]},
						{"origin": [17, 8, -13], "size": [1, 16, 8], "uv": [56, 234]},
						{"origin": [-14, 8, -13], "size": [1, 16, 8], "uv": [82, 226]},
						{"origin": [17, 17, -5], "size": [1, 9, 15], "uv": [65, 170]},
						{"origin": [14, 0, 0], "size": [4, 13, 9], "uv": [30, 225]},
						{"origin": [15, 0, 69], "size": [4, 13, 9], "uv": [0, 318]},
						{"origin": [10, 0, 69], "size": [4, 13, 9], "uv": [222, 227]},
						{"origin": [-10, 0, 69], "size": [4, 13, 9], "uv": [178, 227]},
						{"origin": [-15, 0, 69], "size": [4, 13, 9], "uv": [152, 225]},
						{"origin": [-14, 0, 0], "size": [4, 13, 9], "uv": [152, 225]},
						{"origin": [14, 2, -2], "size": [4, 9, 13], "uv": [0, 163]},
						{"origin": [15, 2, 67], "size": [4, 9, 13], "uv": [0, 163]},
						{"origin": [10, 2, 67], "size": [4, 9, 13], "uv": [47, 128]},
						{"origin": [-10, 2, 67], "size": [4, 9, 13], "uv": [68, 115]},
						{"origin": [-15, 2, 67], "size": [4, 9, 13], "uv": [47, 106]},
						{"origin": [-14, 2, -2], "size": [4, 9, 13], "uv": [47, 106]},
						{"origin": [14, 1, -1], "size": [4, 11, 11], "uv": [27, 224]},
						{"origin": [15, 1, 68], "size": [4, 11, 11], "uv": [201, 214]},
						{"origin": [-10, 1, 68], "size": [4, 11, 11], "uv": [60, 212]},
						{"origin": [-15, 1, 68], "size": [4, 11, 11], "uv": [46, 185]},
						{"origin": [-14, 1, -1], "size": [4, 11, 11], "uv": [46, 185]},
						{"origin": [10, 1, 68], "size": [4, 11, 11], "uv": [0, 185]},
						{"origin": [-14, 17, -5], "size": [1, 9, 15], "uv": [0, 106]}
					]
				}
			]
		}
	]
}