{
	"format_version": "1.12.0",
	"minecraft:geometry": [
		{
			"description": {
				"identifier": "geometry.wahyu_old",
				"texture_width": 1024,
				"texture_height": 1024,
				"visible_bounds_width": 17,
				"visible_bounds_height": 7,
				"visible_bounds_offset": [0, 2.5, 0]
			},
			"bones": [
				{
					"name": "bb_main",
					"pivot": [0, 0, 0],
					"cubes": [
						{"origin": [-13, 17, -6], "size": [30, 1, 15], "uv": [176, 79]},
						{"origin": [-13, 11, -13], "size": [30, 1, 8], "uv": [176, 95]},
						{"origin": [-5, 6, 111], "size": [14, 9, 4], "uv": [0, 247]},
						{"origin": [-14, 4, 110], "size": [32, 11, 1], "uv": [0, 211]},
						{"origin": [-14, 3, 117], "size": [32, 4, 2], "uv": [128, 277]},
						{"origin": [-4, 11, 4], "size": [12, 5, 106], "uv": [334, 108]},
						{"origin": [-16, 18, 17], "size": [36, 2, 104], "uv": [0, 106]},
						{"origin": [-10, 65, 17], "size": [24, 2, 104], "uv": [0, 212]},
						{"origin": [-7, 67, 17], "size": [19, 2, 104], "uv": [0, 318]},
						{"origin": [-5, 69, 17], "size": [15, 2, 104], "uv": [344, 0]},
						{"origin": [-3, 71, 17], "size": [11, 2, 104], "uv": [364, 219]},
						{"origin": [-1, 73, 17], "size": [7, 2, 104], "uv": [364, 325]},
						{"origin": [1, 75, 17], "size": [3, 2, 104], "uv": [249, 396]},
						{"origin": [-16, 59, 17], "size": [36, 2, 104], "uv": [0, 0]},
						{"origin": [20, 51, 16], "size": [1, 8, 105], "uv": [141, 357]},
						{"origin": [-17, 51, 16], "size": [1, 8, 105], "uv": [141, 357]},
						{"origin": [-16, 51, 16], "size": [36, 8, 1], "uv": [176, 172]},
						{"origin": [-14, 61, 17], "size": [32, 2, 104], "uv": [176, 2]},
						{"origin": [-15, 20, 120], "size": [34, 22, 1], "uv": [176, 108]},
						{"origin": [-15, 20, 17], "size": [34, 39, 1], "uv": [176, 39]},
						{"origin": [14, 20, 12], "size": [5, 26, 1], "uv": [339, 0]},
						{"origin": [-16, 20, 12], "size": [5, 26, 1], "uv": [339, 0]},
						{"origin": [13, 46, 12], "size": [5, 5, 1], "uv": [337, 0]},
						{"origin": [-15, 46, 12], "size": [5, 5, 1], "uv": [337, 0]},
						{"origin": [12, 51, 12], "size": [5, 2, 1], "uv": [337, 0]},
						{"origin": [-14, 51, 12], "size": [5, 2, 1], "uv": [337, 0]},
						{"origin": [-15, 43, 120], "size": [34, 16, 1], "uv": [176, 131]},
						{"origin": [19, 20, 17], "size": [1, 39, 104], "uv": [258, 253]},
						{"origin": [-16, 20, 17], "size": [1, 39, 104], "uv": [152, 214]},
						{"origin": [-13, 11, -14], "size": [1, 13, 1], "uv": [99, 22]},
						{"origin": [18, 26, -25], "size": [1, 1, 12], "uv": [16, 138]},
						{"origin": [-4, 26, -30], "size": [1, 1, 12], "pivot": [0, 0, 0], "rotation": [0, 35, 0], "uv": [16, 138]},
						{"origin": [-23, 26, -23], "size": [5, 9, 1], "uv": [47, 107]},
						{"origin": [16, 26, -26], "size": [5, 9, 1], "uv": [47, 107]},
						{"origin": [-12, 24, -14], "size": [28, 3, 1], "uv": [46, 73]},
						{"origin": [16, 11, -14], "size": [1, 13, 1], "uv": [65, 0]},
						{"origin": [14, 16, -16], "size": [2, 7, 1], "uv": [23, 11]},
						{"origin": [9, 11, -15], "size": [2, 4, 1], "uv": [0, 14]},
						{"origin": [-7, 11, -15], "size": [2, 4, 1], "uv": [2, 25]},
						{"origin": [10, 15, -15], "size": [1, 3, 1], "uv": [8, 14]},
						{"origin": [-7, 15, -15], "size": [1, 3, 1], "uv": [8, 14]},
						{"origin": [-12, 16, -16], "size": [2, 7, 1], "uv": [0, 0]},
						{"origin": [16, 17, -16], "size": [1, 6, 1], "uv": [94, 95]},
						{"origin": [-13, 17, -16], "size": [1, 6, 1], "uv": [90, 95]},
						{"origin": [11, 21, -16], "size": [3, 1, 1], "uv": [57, 5]},
						{"origin": [-10, 21, -16], "size": [3, 1, 1], "uv": [47, 15]},
						{"origin": [13, 22, -16], "size": [1, 1, 1], "uv": [28, 59]},
						{"origin": [-10, 22, -16], "size": [1, 1, 1], "uv": [18, 72]},
						{"origin": [10, 16, -16], "size": [4, 1, 1], "uv": [57, 15]},
						{"origin": [-10, 16, -16], "size": [4, 1, 1], "uv": [34, 42]},
						{"origin": [13, 17, -16], "size": [1, 2, 1], "uv": [0, 57]},
						{"origin": [-10, 17, -16], "size": [1, 2, 1], "uv": [41, 18]},
						{"origin": [16, 24, -14], "size": [1, 8, 1], "uv": [75, 0]},
						{"origin": [-13, 24, -14], "size": [1, 8, 1], "uv": [71, 0]},
						{"origin": [17, 24, -13], "size": [1, 8, 2], "uv": [35, 0]},
						{"origin": [-14, 24, -13], "size": [1, 8, 2], "uv": [23, 0]},
						{"origin": [16, 32, -13], "size": [1, 5, 1], "uv": [98, 5]},
						{"origin": [-13, 32, -13], "size": [1, 5, 1], "uv": [97, 81]},
						{"origin": [17, 32, -12], "size": [1, 5, 2], "uv": [47, 0]},
						{"origin": [-14, 32, -12], "size": [1, 5, 2], "uv": [31, 23]},
						{"origin": [16, 37, -12], "size": [1, 3, 2], "uv": [94, 0]},
						{"origin": [-13, 37, -12], "size": [1, 3, 2], "uv": [93, 29]},
						{"origin": [17, 37, -11], "size": [1, 3, 2], "uv": [92, 5]},
						{"origin": [-14, 37, -11], "size": [1, 3, 2], "uv": [88, 89]},
						{"origin": [17, 39, -9], "size": [1, 1, 2], "uv": [98, 94]},
						{"origin": [-14, 39, -9], "size": [1, 1, 2], "uv": [98, 91]},
						{"origin": [17, 24, -9], "size": [1, 1, 4], "uv": [57, 10]},
						{"origin": [-14, 24, -9], "size": [1, 1, 4], "uv": [34, 37]},
						{"origin": [17, 26, -1], "size": [1, 1, 4], "uv": [33, 11]},
						{"origin": [17, 16, -5], "size": [1, 1, 8], "uv": [47, 9]},
						{"origin": [-14, 16, -5], "size": [1, 1, 8], "uv": [47, 0]},
						{"origin": [17, 10, -5], "size": [1, 6, 1], "uv": [93, 22]},
						{"origin": [-14, 10, -5], "size": [1, 6, 1], "uv": [90, 0]},
						{"origin": [-15, 4, -5], "size": [1, 8, 2], "uv": [46, 57]},
						{"origin": [18, 4, -5], "size": [1, 8, 2], "uv": [46, 57]},
						{"origin": [-15, 15, 1], "size": [1, 2, 8], "uv": [23, 11]},
						{"origin": [18, 15, 1], "size": [1, 2, 8], "uv": [23, 11]},
						{"origin": [-15, 15, -3], "size": [1, 1, 4], "uv": [8, 14]},
						{"origin": [18, 15, -3], "size": [1, 1, 4], "uv": [8, 14]},
						{"origin": [-15, 14, -2], "size": [1, 1, 4], "uv": [8, 14]},
						{"origin": [18, 14, -2], "size": [1, 1, 4], "uv": [8, 14]},
						{"origin": [-15, 10, -3], "size": [1, 2, 1], "uv": [40, 37]},
						{"origin": [18, 10, -3], "size": [1, 2, 1], "uv": [40, 37]},
						{"origin": [-15, 13, -2], "size": [1, 1, 1], "uv": [50, 57]},
						{"origin": [18, 13, -2], "size": [1, 1, 1], "uv": [50, 57]},
						{"origin": [-15, 14, 9], "size": [1, 3, 2], "uv": [88, 81]},
						{"origin": [18, 14, 9], "size": [1, 3, 2], "uv": [88, 81]},
						{"origin": [-15, 12, 11], "size": [1, 3, 2], "uv": [88, 81]},
						{"origin": [18, 12, 11], "size": [1, 3, 2], "uv": [88, 81]},
						{"origin": [-14, 3, 12], "size": [1, 9, 1], "uv": [87, 57]},
						{"origin": [-16, 3, 62], "size": [12, 9, 2], "uv": [76, 194]},
						{"origin": [-16, 3, 83], "size": [12, 9, 2], "uv": [76, 194]},
						{"origin": [18, 4, 84], "size": [1, 11, 6], "uv": [47, 17]},
						{"origin": [-15, 4, 84], "size": [1, 11, 6], "uv": [47, 17]},
						{"origin": [18, 4, 105], "size": [1, 11, 6], "uv": [47, 17]},
						{"origin": [-15, 4, 105], "size": [1, 11, 6], "uv": [47, 17]},
						{"origin": [18, 4, 90], "size": [1, 6, 15], "uv": [54, 13]},
						{"origin": [-15, 4, 90], "size": [1, 6, 15], "uv": [54, 13]},
						{"origin": [8, 3, 83], "size": [12, 9, 2], "uv": [76, 194]},
						{"origin": [8, 3, 62], "size": [12, 9, 2], "uv": [76, 194]},
						{"origin": [18, 3, 18], "size": [1, 12, 6], "uv": [31, 39]},
						{"origin": [14, 3, -24], "size": [1, 12, 6], "pivot": [0, 0, 0], "rotation": [0, 180, 0], "uv": [31, 39]},
						{"origin": [18, 3, 57], "size": [1, 12, 6], "uv": [48, 76]},
						{"origin": [14, 3, -63], "size": [1, 12, 6], "pivot": [0, 0, 0], "rotation": [0, 180, 0], "uv": [48, 76]},
						{"origin": [18, 3, 24], "size": [1, 7, 33], "uv": [12, 271]},
						{"origin": [18, 14, 24], "size": [1, 1, 33], "uv": [0, 342]},
						{"origin": [-15, 14, 24], "size": [1, 1, 33], "uv": [0, 342]},
						{"origin": [-15, 11, 24], "size": [1, 1, 33], "uv": [0, 342]},
						{"origin": [-15, 11, 90], "size": [1, 1, 15], "uv": [18, 360]},
						{"origin": [-15, 14, 90], "size": [1, 1, 15], "uv": [18, 360]},
						{"origin": [18, 14, 90], "size": [1, 1, 15], "uv": [18, 360]},
						{"origin": [18, 11, 90], "size": [1, 1, 15], "uv": [18, 360]},
						{"origin": [18, 11, 24], "size": [1, 1, 33], "uv": [0, 342]},
						{"origin": [14, 3, -57], "size": [1, 7, 33], "pivot": [0, 0, 0], "rotation": [0, 180, 0], "uv": [12, 271]},
						{"origin": [16, 3, 12], "size": [1, 12, 3], "uv": [0, 106]},
						{"origin": [-13, 3, 12], "size": [1, 12, 3], "uv": [0, 106]},
						{"origin": [17, 3, 15], "size": [1, 12, 3], "uv": [0, 106]},
						{"origin": [-14, 3, 15], "size": [1, 12, 3], "uv": [0, 106]},
						{"origin": [-16, 12, 63], "size": [12, 4, 3], "uv": [68, 106]},
						{"origin": [-16, 12, 81], "size": [12, 4, 3], "uv": [68, 106]},
						{"origin": [8, 12, 81], "size": [12, 4, 3], "uv": [68, 106]},
						{"origin": [8, 12, 63], "size": [12, 4, 3], "uv": [68, 106]},
						{"origin": [-16, 7, 64], "size": [1, 5, 1], "uv": [84, 95]},
						{"origin": [-16, 7, 82], "size": [1, 5, 1], "uv": [84, 95]},
						{"origin": [19, 7, 82], "size": [1, 5, 1], "uv": [84, 95]},
						{"origin": [19, 7, 64], "size": [1, 5, 1], "uv": [84, 95]},
						{"origin": [-16, 14, 79], "size": [1, 1, 2], "uv": [34, 98]},
						{"origin": [19, 14, 79], "size": [1, 1, 2], "uv": [34, 98]},
						{"origin": [19, 14, 66], "size": [1, 1, 2], "uv": [34, 98]},
						{"origin": [-16, 14, 66], "size": [1, 1, 2], "uv": [34, 98]},
						{"origin": [-16, 15, 65], "size": [12, 2, 2], "uv": [220, 214]},
						{"origin": [-16, 15, 80], "size": [12, 2, 2], "uv": [220, 214]},
						{"origin": [8, 15, 80], "size": [12, 2, 2], "uv": [220, 214]},
						{"origin": [8, 15, 65], "size": [12, 2, 2], "uv": [220, 214]},
						{"origin": [-16, 15, 67], "size": [12, 3, 13], "uv": [46, 57]},
						{"origin": [8, 15, 67], "size": [12, 3, 13], "uv": [46, 57]},
						{"origin": [17, 3, 12], "size": [2, 9, 1], "uv": [91, 56]},
						{"origin": [-15, 15, 11], "size": [1, 2, 1], "uv": [40, 37]},
						{"origin": [18, 15, 11], "size": [1, 2, 1], "uv": [40, 37]},
						{"origin": [-15, 12, -4], "size": [1, 3, 2], "uv": [88, 81]},
						{"origin": [18, 12, -4], "size": [1, 3, 2], "uv": [88, 81]},
						{"origin": [17, 13, -4], "size": [1, 3, 1], "uv": [34, 36]},
						{"origin": [-14, 13, -4], "size": [1, 3, 1], "uv": [33, 11]},
						{"origin": [17, 15, -3], "size": [1, 1, 2], "uv": [97, 36]},
						{"origin": [-14, 15, -3], "size": [1, 1, 2], "uv": [96, 70]},
						{"origin": [-14, 26, -1], "size": [1, 1, 4], "uv": [10, 0]},
						{"origin": [17, 26, 3], "size": [1, 2, 2], "uv": [38, 57]},
						{"origin": [-14, 26, 3], "size": [1, 2, 2], "uv": [39, 11]},
						{"origin": [-14, 26, 5], "size": [1, 3, 2], "uv": [85, 38]},
						{"origin": [17, 26, 5], "size": [1, 3, 2], "uv": [57, 0]},
						{"origin": [17, 29, 6], "size": [1, 1, 1], "uv": [28, 57]},
						{"origin": [-14, 29, 6], "size": [1, 1, 1], "uv": [57, 11]},
						{"origin": [17, 26, 7], "size": [1, 14, 3], "uv": [34, 163]},
						{"origin": [-14, 26, 7], "size": [1, 14, 3], "uv": [92, 36]},
						{"origin": [-14, 40, -10], "size": [32, 1, 20], "uv": [176, 0]},
						{"origin": [-13, 17, 9], "size": [30, 23, 1], "uv": [176, 148]},
						{"origin": [-11, 17, 4], "size": [11, 17, 3], "uv": [0, 130]},
						{"origin": [-11, 36, 4], "size": [11, 3, 3], "uv": [176, 202]},
						{"origin": [-13, 41, -8], "size": [30, 1, 17], "uv": [129, 249]},
						{"origin": [-13, 42, -1], "size": [30, 9, 10], "uv": [1, 319]},
						{"origin": [-10, 50, 10], "size": [23, 4, 6], "uv": [0, 304]},
						{"origin": [-14, 54, 10], "size": [31, 3, 6], "uv": [0, 304]},
						{"origin": [-13, 42, -5], "size": [30, 7, 4], "uv": [128, 285]},
						{"origin": [-13, 42, -8], "size": [30, 2, 1], "uv": [147, 254]},
						{"origin": [-13, 42, -7], "size": [30, 4, 2], "uv": [128, 271]},
						{"origin": [-4, 20, 11], "size": [3, 33, 4], "uv": [246, 39]},
						{"origin": [-14, 51, 12], "size": [31, 2, 4], "uv": [0, 382]},
						{"origin": [-12, 53, 12], "size": [27, 1, 4], "uv": [0, 377]},
						{"origin": [-15, 46, 12], "size": [1, 5, 4], "uv": [256, 4]},
						{"origin": [17, 46, 12], "size": [1, 5, 4], "uv": [267, 0]},
						{"origin": [-19, 20, -16], "size": [1, 26, 4], "pivot": [0, 0, 0], "rotation": [0, 180, 0], "uv": [330, 0]},
						{"origin": [-16, 20, 12], "size": [1, 26, 4], "uv": [330, 0]},
						{"origin": [5, 20, 11], "size": [3, 33, 4], "uv": [246, 39]},
						{"origin": [-13, 24, -13], "size": [1, 3, 1], "uv": [16, 0]},
						{"origin": [-14, 6, -15], "size": [32, 5, 2], "uv": [176, 182]},
						{"origin": [-14, 4, -15], "size": [32, 1, 2], "uv": [0, 338]},
						{"origin": [-13, 4, -16], "size": [30, 1, 1], "uv": [2, 338]},
						{"origin": [-13, 5, -16], "size": [2, 1, 1], "uv": [2, 338]},
						{"origin": [-5, 5, -16], "size": [2, 1, 1], "uv": [2, 338]},
						{"origin": [7, 5, -16], "size": [2, 1, 1], "uv": [2, 338]},
						{"origin": [15, 5, -16], "size": [2, 1, 1], "uv": [2, 338]},
						{"origin": [-14, 5, -15], "size": [2, 1, 2], "uv": [2, 338]},
						{"origin": [16, 5, -15], "size": [2, 1, 2], "uv": [2, 338]},
						{"origin": [-13, 6, -16], "size": [30, 5, 1], "uv": [179, 183]},
						{"origin": [17, 5, -13], "size": [1, 3, 8], "uv": [0, 0]},
						{"origin": [-14, 5, -13], "size": [1, 3, 8], "uv": [0, 0]},
						{"origin": [11, 11, -14], "size": [5, 13, -1], "uv": [90, 58]},
						{"origin": [-12, 11, -15], "size": [5, 13, 1], "uv": [91, 56]},
						{"origin": [-7, 20, -15], "size": [18, 4, 1], "uv": [47, 38]},
						{"origin": [-9, 12, -13], "size": [22, 12, 1], "uv": [0, 267]},
						{"origin": [-6, 16, -15], "size": [16, 1, 1], "uv": [68, 113]},
						{"origin": [-5, 14, -15], "size": [14, 1, 1], "uv": [204, 206]},
						{"origin": [-7, 18, -15], "size": [18, 1, 1], "uv": [47, 43]},
						{"origin": [-5, 11, -15], "size": [14, 2, 1], "uv": [201, 202]},
						{"origin": [17, 8, -13], "size": [1, 16, 8], "uv": [56, 234]},
						{"origin": [-14, 8, -13], "size": [1, 16, 8], "uv": [82, 226]},
						{"origin": [17, 17, -5], "size": [1, 9, 15], "uv": [65, 170]},
						{"origin": [14, 0, 0], "size": [4, 13, 9], "uv": [30, 225]},
						{"origin": [15, 0, 69], "size": [4, 13, 9], "uv": [30, 225]},
						{"origin": [10, 0, 69], "size": [4, 13, 9], "uv": [222, 227]},
						{"origin": [-10, 0, 69], "size": [4, 13, 9], "uv": [178, 227]},
						{"origin": [-15, 0, 69], "size": [4, 13, 9], "uv": [152, 225]},
						{"origin": [-14, 0, 0], "size": [4, 13, 9], "uv": [152, 225]},
						{"origin": [14, 2, -2], "size": [4, 9, 13], "uv": [0, 163]},
						{"origin": [15, 2, 67], "size": [4, 9, 13], "uv": [0, 163]},
						{"origin": [10, 2, 67], "size": [4, 9, 13], "uv": [47, 128]},
						{"origin": [-10, 2, 67], "size": [4, 9, 13], "uv": [68, 115]},
						{"origin": [-15, 2, 67], "size": [4, 9, 13], "uv": [47, 106]},
						{"origin": [-14, 2, -2], "size": [4, 9, 13], "uv": [47, 106]},
						{"origin": [14, 1, -1], "size": [4, 11, 11], "uv": [27, 224]},
						{"origin": [15, 1, 68], "size": [4, 11, 11], "uv": [201, 214]},
						{"origin": [-10, 1, 68], "size": [4, 11, 11], "uv": [60, 212]},
						{"origin": [-15, 1, 68], "size": [4, 11, 11], "uv": [46, 185]},
						{"origin": [-14, 1, -1], "size": [4, 11, 11], "uv": [46, 185]},
						{"origin": [10, 1, 68], "size": [4, 11, 11], "uv": [0, 185]},
						{"origin": [-14, 17, -5], "size": [1, 9, 15], "uv": [0, 106]}
					]
				},
				{
					"name": "bone",
					"parent": "bb_main",
					"pivot": [0, 0, 0],
					"cubes": [
						{"origin": [-12, 63, 17], "size": [28, 2, 104], "uv": [176, 108]}
					]
				}
			]
		}
	]
}