{
  "format_version": "1.8.0",
  "animations": {
    "animation.jp_banbaleena_v2.walk": {
      "loop": true,
      "animation_length": 1,
      "bones": {
        "RightLeg": {
          "rotation": {
            "0.0": [
              -7.38473,
              0.32387,
              2.48161
            ],
            "0.5": [
              7.5,
              0,
              0
            ],
            "1.0": [
              -7.38473,
              0.32387,
              2.48161
            ]
          },
          "position": {
            "0.0": [
              0,
              0,
              -1
            ],
            "0.5": [
              0,
              0,
              1
            ],
            "0.75": [
              0,
              1,
              0
            ],
            "1.0": [
              0,
              0,
              -1
            ]
          }
        },
        "bone": {
          "rotation": {
            "0.0": [
              5,
              0,
              0
            ],
            "0.5": [
              0,
              0,
              0
            ],
            "1.0": [
              5,
              0,
              0
            ]
          }
        },
        "LeftLeg": {
          "rotation": {
            "0.0": [
              7.5,
              0,
              0
            ],
            "0.5": [
              -7.38473,
              -0.32387,
              -2.48161
            ],
            "1.0": [
              7.5,
              0,
              0
            ]
          },
          "position": {
            "0.0": [
              0,
              0,
              1
            ],
            "0.25": [
              0,
              1,
              0
            ],
            "0.5": [
              0,
              0,
              -1
            ],
            "1.0": [
              0,
              0,
              1
            ]
          }
        },
        "bone3": {
          "rotation": {
            "0.0": [
              0,
              0,
              0
            ],
            "0.5": [
              5,
              0,
              0
            ],
            "1.0": [
              0,
              0,
              0
            ]
          }
        },
        "Body": {
          "rotation": {
            "0.0": [
              2.5,
              2.5,
              0
            ],
            "0.25": [
              0,
              0,
              0
            ],
            "0.5": [
              2.5,
              -2.5,
              0
            ],
            "0.75": [
              0,
              0,
              0
            ],
            "1.0": [
              2.5,
              2.5,
              0
            ]
          },
          "position": {
            "0.0": [
              0,
              -1,
              0
            ],
            "0.25": [
              0,
              0,
              0
            ],
            "0.5": [
              0,
              -1,
              0
            ],
            "0.75": [
              0,
              0,
              0
            ],
            "1.0": [
              0,
              -1,
              0
            ]
          }
        },
        "RightArm": {
          "rotation": {
            "0.0": [
              7.5,
              0,
              0
            ],
            "0.5": [
              -7.49527,
              0.21782,
              2.4905
            ],
            "1.0": [
              7.49034,
              -0.32706,
              -0.2176
            ]
          }
        },
        "LeftArm": {
          "rotation": {
            "0.0": [
              -7.49527,
              -0.21782,
              -2.4905
            ],
            "0.5": [
              7.5,
              0,
              0
            ],
            "1.0": [
              -7.49527,
              -0.21782,
              -2.4905
            ]
          }
        },
        "Head": {
          "relative_to": {
            "rotation": "entity"
          },
          "rotation": {
            "0.0": [
              2.5,
              0,
              0
            ],
            "0.25": [
              2.5,
              0,
              0
            ],
            "0.5": [
              2.5,
              0,
              0
            ],
            "0.75": [
              2.5,
              0,
              0
            ],
            "1.0": [
              2.5393,
              0.08189,
              -0.43566
            ]
          }
        },
        "bone9": {
          "rotation": {
            "0.0": [
              0,
              0,
              0
            ],
            "0.25": [
              -4.23597,
              0.33329,
              4.9323
            ],
            "0.5": [
              0,
              0,
              0
            ],
            "0.75": [
              -4.97178,
              0.65182,
              4.95744
            ],
            "1.0": [
              0,
              0,
              0
            ]
          }
        }
      }
    }
  }
}