{
  "format_version": "1.8.0",
  "animations": {
    "animation.wolf.angry": {
      "loop": true,
      "bones": {
        "tail": {
          "rotation": [
            0,
            "query.is_angry ? -this : (math.cos(query.modified_distance_moved * 38.17) * query.modified_move_speed * 80.22 - this)",
            0
          ]
        }
      }
    },
    "animation.wolf.baby_scaling": {
      "loop": true,
      "bones": {
        "head": {
          "position": [
            0,
            1,
            -2
          ],
          "scale": 1.6
        }
      }
    },
    "animation.wolf.head_rot_z": {
      "loop": true,
      "bones": {
        "head": {
          "rotation": [
            0,
            0,
            "(query.is_interested ? (query.head_roll_angle * 57.3) : 0) + (query.is_shaking_wetness ? variable.head_rot_z : 0) - this"
          ]
        }
      }
    },
    "animation.wolf.leg_default": {
      "loop": true,
      "bones": {
        "leg0": {
          "rotation": [
            "math.cos(query.modified_distance_moved * 38.17) * 80.22 * query.modified_move_speed - this",
            0,
            0
          ]
        },
        "leg1": {
          "rotation": [
            "math.cos(query.modified_distance_moved * 38.17 + 180) * 80.22 * query.modified_move_speed - this",
            0,
            0
          ]
        },
        "leg2": {
          "rotation": [
            "math.cos(query.modified_distance_moved * 38.17 + 180) * 80.22 * query.modified_move_speed - this",
            0,
            0
          ]
        },
        "leg3": {
          "rotation": [
            "math.cos(query.modified_distance_moved * 38.17) * 80.22 * query.modified_move_speed - this",
            0,
            0
          ]
        }
      }
    },
    "animation.wolf.setup": {
      "loop": true,
      "bones": {
        "body": {
          "position": [
            "-this",
            "-14 - this",
            "2.0 - this"
          ],
          "rotation": [
            "90 - this",
            0,
            0
          ]
        },
        "leg0": {
          "position": [
            "-2.5 - this",
            "-16 - this",
            "7 - this"
          ]
        },
        "leg1": {
          "position": [
            "0.5 - this",
            "-16 - this",
            "7 - this"
          ]
        },
        "leg2": {
          "position": [
            "-2.5 - this",
            "-16 - this",
            "-4 - this"
          ]
        },
        "leg3": {
          "position": [
            "0.5 - this",
            "-16 - this",
            "-4 - this"
          ]
        },
        "tail": {
          "position": [
            "-1.0 - this",
            "-12 - this",
            "8.0 - this"
          ]
        },
        "upperbody": {
          "position": [
            "-1.0 - this",
            "-14 - this",
            "-3.0 - this"
          ],
          "rotation": [
            "90 - this",
            0,
            0
          ]
        }
      }
    },
    "animation.wolf.shaking": {
      "loop": true,
      "bones": {
        "body": {
          "rotation": [
            0,
            0,
            "variable.body_rot_z - this"
          ]
        },
        "upperbody": {
          "rotation": [
            0,
            0,
            "variable.upper_body_rot_z - this"
          ]
        }
      }
    },
    "animation.wolf.sitting": {
      "loop": true,
      "bones": {
        "body": {
          "position": [
            "-this",
            "-18 - this",
            "-this"
          ],
          "rotation": [
            "45.0 - this",
            0,
            0
          ]
        },
        "leg0": {
          "position": [
            "-2.5 - this",
            "-22 - this",
            "2 - this"
          ],
          "rotation": [
            "270 - this",
            0,
            0
          ]
        },
        "leg1": {
          "position": [
            "0.5 - this",
            "-22 - this",
            "2 - this"
          ],
          "rotation": [
            "270 - this",
            0,
            0
          ]
        },
        "leg2": {
          "position": [
            "-2.49 - this",
            "-17 - this",
            "-4 - this"
          ],
          "rotation": [
            "333 - this",
            0,
            0
          ]
        },
        "leg3": {
          "position": [
            "0.51 - this",
            "-17 - this",
            "-4 - this"
          ],
          "rotation": [
            "333 - this",
            0,
            0
          ]
        },
        "tail": {
          "position": [
            "-1.0 - this",
            "-19 - this",
            "6.0 - this"
          ]
        },
        "upperbody": {
          "position": [
            "-1.0 - this",
            "-16 - this",
            "-3.0 - this"
          ],
          "rotation": [
            "72 - this",
            "-this",
            0
          ]
        }
      }
    },
    "animation.wolf.tail_default": {
      "loop": true,
      "bones": {
        "tail": {
          "rotation": [
            "query.tail_angle * 57.3 - this",
            0,
            "variable.tail_rot_z - this"
          ]
        }
      }
    },
    "animation.Dron.Walk": {
      "loop": true,
      "animation_length": 0.91667,
      "bones": {
        "Dron": {
          "position": {
            "0.0": [
              0,
              0,
              0
            ],
            "0.4167": [
              0,
              -1,
              0
            ],
            "0.9167": [
              0,
              0,
              0
            ]
          }
        },
        "Ala4": {
          "rotation": {
            "0.0": [
              0,
              0,
              0
            ],
            "0.0417": [
              0,
              -40,
              0
            ],
            "0.0833": [
              94.77504,
              -79.43762,
              -99.48092
            ],
            "0.125": [
              246.09912,
              -87.8416,
              -250.90061
            ],
            "0.1667": [
              183.36465,
              -54.07822,
              -187.54239
            ],
            "0.2083": [
              0,
              0,
              0
            ],
            "0.25": [
              0,
              -40,
              0
            ],
            "0.2917": [
              94.77504,
              -79.43762,
              -99.48092
            ],
            "0.3333": [
              246.09912,
              -87.8416,
              -250.90061
            ],
            "0.375": [
              183.36465,
              -54.07822,
              -187.54239
            ],
            "0.4167": [
              0,
              0,
              0
            ],
            "0.4583": [
              0,
              -40,
              0
            ],
            "0.5": [
              94.77504,
              -79.43762,
              -99.48092
            ],
            "0.5417": [
              183.36465,
              -54.07822,
              -187.54239
            ],
            "0.5833": [
              0,
              0,
              0
            ],
            "0.625": [
              0,
              -40,
              0
            ],
            "0.6667": [
              94.77504,
              -79.43762,
              -99.48092
            ],
            "0.7083": [
              246.09912,
              -87.8416,
              -250.90061
            ],
            "0.75": [
              183.36465,
              -54.07822,
              -187.54239
            ],
            "0.7917": [
              0,
              0,
              0
            ],
            "0.8333": [
              94.77504,
              -79.43762,
              -99.48092
            ],
            "0.875": [
              183.36465,
              -54.07822,
              -187.54239
            ],
            "0.9167": [
              0,
              0,
              0
            ]
          }
        },
        "Ala2": {
          "rotation": {
            "0.0": [
              0,
              0,
              0
            ],
            "0.0417": [
              0,
              -40,
              0
            ],
            "0.0833": [
              94.77504,
              -79.43762,
              -99.48092
            ],
            "0.125": [
              246.09912,
              -87.8416,
              -250.90061
            ],
            "0.1667": [
              183.36465,
              -54.07822,
              -187.54239
            ],
            "0.2083": [
              0,
              0,
              0
            ],
            "0.25": [
              0,
              -40,
              0
            ],
            "0.2917": [
              94.77504,
              -79.43762,
              -99.48092
            ],
            "0.3333": [
              246.09912,
              -87.8416,
              -250.90061
            ],
            "0.375": [
              183.36465,
              -54.07822,
              -187.54239
            ],
            "0.4167": [
              0,
              0,
              0
            ],
            "0.4583": [
              0,
              -40,
              0
            ],
            "0.5": [
              94.77504,
              -79.43762,
              -99.48092
            ],
            "0.5417": [
              183.36465,
              -54.07822,
              -187.54239
            ],
            "0.5833": [
              0,
              0,
              0
            ],
            "0.625": [
              0,
              -40,
              0
            ],
            "0.6667": [
              94.77504,
              -79.43762,
              -99.48092
            ],
            "0.7083": [
              246.09912,
              -87.8416,
              -250.90061
            ],
            "0.75": [
              183.36465,
              -54.07822,
              -187.54239
            ],
            "0.7917": [
              0,
              0,
              0
            ],
            "0.8333": [
              94.77504,
              -79.43762,
              -99.48092
            ],
            "0.875": [
              183.36465,
              -54.07822,
              -187.54239
            ],
            "0.9167": [
              0,
              0,
              0
            ]
          }
        },
        "Ala": {
          "rotation": {
            "0.0": [
              0,
              0,
              0
            ],
            "0.0417": [
              0,
              -40,
              0
            ],
            "0.0833": [
              94.77504,
              -79.43762,
              -99.48092
            ],
            "0.125": [
              246.09912,
              -87.8416,
              -250.90061
            ],
            "0.1667": [
              183.36465,
              -54.07822,
              -187.54239
            ],
            "0.2083": [
              0,
              0,
              0
            ],
            "0.25": [
              0,
              -40,
              0
            ],
            "0.2917": [
              94.77504,
              -79.43762,
              -99.48092
            ],
            "0.3333": [
              246.09912,
              -87.8416,
              -250.90061
            ],
            "0.375": [
              183.36465,
              -54.07822,
              -187.54239
            ],
            "0.4167": [
              0,
              0,
              0
            ],
            "0.4583": [
              0,
              -40,
              0
            ],
            "0.5": [
              94.77504,
              -79.43762,
              -99.48092
            ],
            "0.5417": [
              183.36465,
              -54.07822,
              -187.54239
            ],
            "0.5833": [
              0,
              0,
              0
            ],
            "0.625": [
              0,
              -40,
              0
            ],
            "0.6667": [
              94.77504,
              -79.43762,
              -99.48092
            ],
            "0.7083": [
              246.09912,
              -87.8416,
              -250.90061
            ],
            "0.75": [
              183.36465,
              -54.07822,
              -187.54239
            ],
            "0.7917": [
              0,
              0,
              0
            ],
            "0.8333": [
              94.77504,
              -79.43762,
              -99.48092
            ],
            "0.875": [
              183.36465,
              -54.07822,
              -187.54239
            ],
            "0.9167": [
              0,
              0,
              0
            ]
          }
        },
        "Ala3": {
          "rotation": {
            "0.0": [
              0,
              0,
              0
            ],
            "0.0417": [
              0,
              -40,
              0
            ],
            "0.0833": [
              94.77504,
              -79.43762,
              -99.48092
            ],
            "0.125": [
              246.09912,
              -87.8416,
              -250.90061
            ],
            "0.1667": [
              183.36465,
              -54.07822,
              -187.54239
            ],
            "0.2083": [
              0,
              0,
              0
            ],
            "0.25": [
              0,
              -40,
              0
            ],
            "0.2917": [
              94.77504,
              -79.43762,
              -99.48092
            ],
            "0.3333": [
              246.09912,
              -87.8416,
              -250.90061
            ],
            "0.375": [
              183.36465,
              -54.07822,
              -187.54239
            ],
            "0.4167": [
              0,
              0,
              0
            ],
            "0.4583": [
              0,
              -40,
              0
            ],
            "0.5": [
              94.77504,
              -79.43762,
              -99.48092
            ],
            "0.5417": [
              183.36465,
              -54.07822,
              -187.54239
            ],
            "0.5833": [
              0,
              0,
              0
            ],
            "0.625": [
              0,
              -40,
              0
            ],
            "0.6667": [
              94.77504,
              -79.43762,
              -99.48092
            ],
            "0.7083": [
              246.09912,
              -87.8416,
              -250.90061
            ],
            "0.75": [
              183.36465,
              -54.07822,
              -187.54239
            ],
            "0.7917": [
              0,
              0,
              0
            ],
            "0.8333": [
              94.77504,
              -79.43762,
              -99.48092
            ],
            "0.875": [
              183.36465,
              -54.07822,
              -187.54239
            ],
            "0.9167": [
              0,
              0,
              0
            ]
          }
        }
      }
    }
  }
}