{
  "format_version": "1.8.0",
  "animations": {
    "animation.jp_nabnaleena.walk": {
      "loop": true,
      "animation_length": 1,
      "bones": {
        "RightLeg": {
          "rotation": {
            "0.0": [
              -9.8809,
              0.64463,
              2.41841
            ],
            "0.5": [
              12.5,
              0,
              0
            ],
            "1.0": [
              -9.8809,
              0.64463,
              2.41841
            ]
          },
          "position": {
            "0.0": [
              0,
              0,
              -1
            ],
            "0.5": [
              0,
              0,
              1
            ],
            "0.75": [
              0,
              1,
              0
            ],
            "1.0": [
              0,
              0,
              -1
            ]
          }
        },
        "LeftLeg": {
          "rotation": {
            "0.0": [
              12.5,
              0,
              0
            ],
            "0.5": [
              -9.8809,
              -0.64463,
              -2.41841
            ],
            "1.0": [
              12.5,
              0,
              0
            ]
          },
          "position": {
            "0.0": [
              0,
              0,
              1
            ],
            "0.25": [
              0,
              1,
              0
            ],
            "0.5": [
              0,
              0,
              -1
            ],
            "1.0": [
              0,
              0,
              1
            ]
          }
        },
        "bone": {
          "rotation": {
            "0.0": [
              5,
              0,
              0
            ],
            "0.5": [
              5,
              0,
              0
            ],
            "1.0": [
              5,
              0,
              0
            ]
          }
        },
        "bone3": {
          "rotation": {
            "0.0": [
              5,
              0,
              0
            ],
            "0.5": [
              5,
              0,
              0
            ],
            "1.0": [
              5,
              0,
              0
            ]
          }
        },
        "Body": {
          "rotation": {
            "0.0": [
              0,
              2.5,
              0
            ],
            "0.25": [
              2.5,
              0,
              -2.5
            ],
            "0.5": [
              0,
              -2.5,
              0
            ],
            "0.75": [
              2.5,
              0,
              2.5
            ],
            "1.0": [
              0,
              2.5,
              0
            ]
          },
          "position": {
            "0.0": [
              0,
              0,
              0
            ],
            "0.25": [
              0,
              1,
              0
            ],
            "0.5": [
              0,
              0,
              0
            ],
            "0.75": [
              0,
              1,
              0
            ],
            "1.0": [
              0,
              0,
              0
            ]
          }
        },
        "bone6": {
          "rotation": {
            "0.0": [
              0,
              0,
              0
            ],
            "0.25": [
              0,
              -10,
              0
            ],
            "0.5": [
              0,
              0,
              0
            ],
            "0.75": [
              0,
              10,
              0
            ],
            "1.0": [
              0,
              0,
              0
            ]
          }
        },
        "bone7": {
          "rotation": {
            "0.0": [
              0,
              0,
              0
            ],
            "0.25": [
              0,
              -10,
              0
            ],
            "0.5": [
              0,
              0,
              0
            ],
            "0.75": [
              0,
              10,
              0
            ],
            "1.0": [
              0,
              0,
              0
            ]
          }
        },
        "bone8": {
          "rotation": [
            0,
            0,
            0
          ]
        },
        "bone9": {
          "relative_to": {
            "rotation": "entity"
          },
          "rotation": [
            0,
            0,
            0.01
          ]
        },
        "bone10": {
          "relative_to": {
            "rotation": "entity"
          },
          "rotation": [
            0,
            0,
            0.01
          ]
        },
        "bone5": {
          "rotation": {
            "0.0": [
              0,
              0,
              0
            ],
            "0.25": [
              0,
              0,
              -10
            ],
            "0.5": [
              0,
              0,
              0
            ],
            "0.75": [
              0,
              0,
              7.5
            ],
            "1.0": [
              0,
              0,
              0
            ]
          }
        },
        "LeftArm": {
          "rotation": {
            "0.0": [
              -9.94738,
              8.12392,
              -11.5708
            ],
            "0.5": [
              10,
              0,
              0
            ],
            "1.0": [
              -9.94738,
              8.12392,
              -11.5708
            ]
          }
        },
        "RightArm": {
          "rotation": {
            "0.0": [
              10,
              0,
              0
            ],
            "0.5": [
              -9.94738,
              -8.12392,
              11.5708
            ],
            "1.0": [
              10,
              0,
              0
            ]
          }
        }
      }
    }
  }
}