{
  "format_version": "1.8.0",
  "animations": {
    "animation.jp_stinger_flynns.general": {
      "loop": true,
      "animation_length": 2,
      "bones": {
        "bone": {
          "rotation": {
            "0.0": [
              0,
              0,
              0
            ],
            "1.0": [
              6.26843,
              -0.73742,
              7.57058
            ],
            "2.0": [
              0,
              0,
              0
            ]
          }
        },
        "bone2": {
          "rotation": {
            "0.0": [
              0,
              0,
              0
            ],
            "1.0": [
              14.37006,
              -5.07855,
              14.13272
            ],
            "2.0": [
              0,
              0,
              0
            ]
          }
        },
        "bone7": {
          "rotation": {
            "0.0": [
              0,
              0,
              0
            ],
            "1.0": [
              -8.74023,
              1.06091,
              7.52742
            ],
            "2.0": [
              0,
              0,
              0
            ]
          }
        },
        "bone8": {
          "rotation": {
            "0.0": [
              0,
              0,
              0
            ],
            "1.0": [
              -14.37006,
              5.07855,
              14.13272
            ],
            "2.0": [
              0,
              0,
              0
            ]
          }
        },
        "bone13": {
          "rotation": {
            "0.0": [
              0,
              0,
              0
            ],
            "1.0": [
              8.74023,
              1.06091,
              -7.52742
            ],
            "2.0": [
              0,
              0,
              0
            ]
          }
        },
        "bone14": {
          "rotation": {
            "0.0": [
              0,
              0,
              0
            ],
            "1.0": [
              14.37006,
              5.07855,
              -14.13272
            ],
            "2.0": [
              0,
              0,
              0
            ]
          }
        },
        "bone16": {
          "rotation": {
            "0.0": [
              0,
              0,
              0
            ],
            "1.0": [
              -11.21012,
              -1.38227,
              -7.47023
            ],
            "2.0": [
              0,
              0,
              0
            ]
          }
        },
        "bone17": {
          "rotation": {
            "0.0": [
              0,
              0,
              0
            ],
            "1.0": [
              -14.37006,
              -5.07855,
              -14.13272
            ],
            "2.0": [
              0,
              0,
              0
            ]
          }
        },
        "Body": {
          "rotation": {
            "0.0": [
              0,
              0,
              0
            ],
            "1.0": [
              0,
              0,
              0
            ],
            "2.0": [
              0,
              0,
              0
            ]
          }
        },
        "Root": {
          "rotation": {
            "0.0": [
              0,
              0,
              0
            ],
            "1.0": [
              0,
              0,
              0
            ],
            "2.0": [
              0,
              0,
              0
            ]
          },
          "position": {
            "0.0": [
              0,
              0,
              0
            ],
            "1.0": [
              0,
              -3,
              0
            ],
            "2.0": [
              0,
              0,
              0
            ]
          }
        },
        "bone11": {
          "rotation": {
            "0.0": [
              0,
              0,
              0
            ],
            "1.0": [
              0,
              0,
              -25
            ],
            "2.0": [
              0,
              0,
              0
            ]
          }
        },
        "bone5": {
          "rotation": {
            "0.0": [
              0,
              0,
              0
            ],
            "1.0": [
              0,
              0,
              25
            ],
            "2.0": [
              0,
              0,
              0
            ]
          }
        }
      }
    }
  }
}