{"format_version":"1.10.0","minecraft:client_entity":{"description":{"identifier":"yg:crucifix_chain","materials":{"default":"enderman"},"textures":{"default":"textures/entity/yg_crucifix_chain"},"geometry":{"default":"geometry.yg_crucifix_chain"},"scripts":{"animate":["general"]},"animations":{"general":"animation.yg_crucifix_chain.general"},"render_controllers":["controller.render.witch"],"spawn_egg":{"base_color":"#A50B0B","overlay_color":"#480808"},"particle_effects":{"crucifix":"yg:crucifix_light"}}}}