{"format_version":"1.10.0","minecraft:client_entity":{"description":{"identifier":"yg:el_goblino","materials":{"default":"witch"},"textures":{"default":"textures/entity/yg_el_goblino"},"geometry":{"default":"geometry.yg_el_goblino"},"scripts":{"animate":["move","general","attack_controllers","looking_at"],"pre_animation":["variable.attack = Math.sin(variable.attack_time * 30.0);"]},"animations":{"attack":"animation.yg_el_goblino.attack","attack_controllers":"controller.animation.yg_el_goblino.attack","general":"controller.animation.yg_el_goblino.general","gazo_general":"animation.yg_el_goblino.general","looking":"animation.yg_el_goblino.looking","looking_at":"controller.animation.yg_el_goblino.looking_at","move":"controller.animation.yg_el_goblino.move","moving":"animation.yg_el_goblino.move"},"render_controllers":["controller.render.witch"],"spawn_egg":{"base_color":"#6D2515","overlay_color":"#A26C1E"}}}}