{"format_version":"1.10.0","minecraft:client_entity":{"description":{"identifier":"yg:skull_door","materials":{"default":"witch"},"textures":{"default":"textures/entity/yg_skull_door"},"geometry":{"default":"geometry.yg_skull_door"},"scripts":{"animate":["use","spin",{"east":"variable.is_facing_east"},{"north":"variable.is_facing_north"},{"south":"variable.is_facing_south"},{"west":"variable.is_facing_west"}],"pre_animation":["variable.random = math.round(math.random(0,2));","variable.entity_cardinal_direction = math.round(query.body_y_rotation / 90.0) * 90.0;","variable.is_facing_south = variable.entity_cardinal_direction == 0.0 || variable.entity_cardinal_direction == 360.0;","variable.is_facing_west = variable.entity_cardinal_direction == 90.0;","variable.is_facing_north = variable.entity_cardinal_direction == 180.0;","variable.is_facing_east = variable.entity_cardinal_direction == 270.0;"]},"animations":{"close":"animation.door.close","open":"animation.door.open","east":"animation.door.east","north":"animation.door.north","south":"animation.door.south","west":"animation.door.west","use":"controller.animation.door.use","spin":"controller.animation.door.spin"},"render_controllers":["controller.render.witch"],"spawn_egg":{"texture":"yg:skull_door","texture_index":0}}}}