{"format_version":"1.10.0","minecraft:client_entity":{"description":{"identifier":"yg:screech","materials":{"default":"enderman"},"textures":{"default":"textures/entity/yg_screech"},"geometry":{"default":"geometry.yg_screech"},"scripts":{"animate":["move","general","attack_controllers"],"pre_animation":["variable.attack = Math.sin(variable.attack_time * 30.0);"]},"animations":{"attack":"animation.yg_screech.attack","attack_controllers":"controller.animation.yg_screech.attack","general":"controller.animation.yg_screech.general","gazo_general":"animation.yg_screech.general","move":"controller.animation.yg_screech.move","moving":"animation.yg_screech.move"},"render_controllers":["controller.render.witch"],"spawn_egg":{"base_color":"#9D9893","overlay_color":"#2A2929"}}}}