{
  "format_version": "1.10.0",
  "minecraft:client_entity": {
    "description": {
      "identifier": "mr:opila_scenev2",
      "textures": {
        "default": "textures/entity/pamobile/mr_opila_scenev2"
      },
      "materials": {
        "default": "skeleton"
      },
      "geometry": {
        "default": "geometry.mr_opila_scenev2"
      },
      "render_controllers": [
        "controller.render.translucence"
      ],
      "spawn_egg": {
        "texture": "mr:opila_scenev2",
        "texture_index": 0
      },
      "animations": {
        "walk": "animation.mr_opila_scenev2.new",
        "idle": "animation.mr_opila_scenev2.new"
      },
      "scripts": {
        "animate": [
          "root",
          {
            "walk": "query.is_moving"
          },
          {
            "idle": "!query.is_moving"
          }
        ]
      }
    }
  }
}