{
  "format_version": "1.10.0",
  "minecraft:client_entity": {
    "description": {
      "identifier": "skill:drillingmoonslash",
      "materials": {
        "default": "armor"
      },
      "textures": {
        "default": "textures/entity/drillingmoon"
      },
      "geometry": {
        "default": "geometry.drillingmoon"
      },
      "render_controllers": [ "controller.render.item_sprite" ],
      "animations": {
        "flying": "animation.actor.billboard",
        "move": "animation.drillingmoon.general"
      },
      "scripts": {
        "animate": [
          "flying",
          "move"
        ]
      }
    }
  }
} 