{"format_version":"1.10","minecraft:attachable":{"description":{"animations":{"wield_first_person":"animation.cf_item.fp","wield_third_person":"animation.cf_item.tp"},"geometry":{"default":"geometry.cf_item"},"identifier":"roy:crucifix","materials":{"default":"entity_alphatest","enchanted":"entity_alphatest_glint"},"render_controllers":["controller.render.item_default"],"scripts":{"animate":[{"wield_first_person":"c.is_first_person"},{"wield_third_person":"!c.is_first_person"}],"pre_animation":["variable.charge_amount = math.clamp((query.main_hand_item_max_duration - (query.main_hand_item_use_duration - query.frame_alpha + 1.0)) / 10.0, 0.0, 1.0f);"]},"textures":{"default":"textures/items/cf_item","enchanted":"textures/misc/enchanted_item_glint"}}}}