{
  "format_version": "1.12.0",
  "minecraft:entity": {
    "description": {
      "identifier": "ic:table3",
      "is_spawnable": true,
      "is_summonable": true,
      "is_experimental": false,
      "scripts": {
				"animate": [
				"position"
		]
			},
			"animations": {
	"position": "animation.position" 
			}
    },
    "components": {
      "minecraft:is_stackable": {
      },
      "minecraft:damage_sensor": {
      "damage_conditions": [
          {
            "filters": { "test": "in_lava", "subject": "self", "operator": "==", "value": true },
            "cause": "lava",
            "damage_per_tick": 4
          }
        ], 
        "triggers": {
          "cause": "all",
          "deals_damage": false
        }
      },
      "minecraft:type_family": {
        "family": [ "doors", "inanimate" ]
      },
      "minecraft:collision_box": {
        "width": 1.0,
        "height": 0.7
      },
      "minecraft:health": {
        "value": 20
      },
      "minecraft:inventory": {
        "container_type": "minecart_chest",
        "inventory_size": 27,
        "can_be_siphoned_from": true
      },
      "minecraft:scale": {
        "value": 1.0
      },
      "minecraft:physics": {
      },
      "minecraft:pushable": {
        "is_pushable": false,
        "is_pushable_by_piston": true
      }
    }
  }
}
