{
  "format_version": "1.12.0",
  "minecraft:geometry": [
    {
      "description": {
        "identifier": "geometry.yg_munkus_lunkus",
        "texture_width": 128,
        "texture_height": 128,
        "visible_bounds_width": 3,
        "visible_bounds_height": 3.5,
        "visible_bounds_offset": [
          0,
          1.25,
          0
        ]
      },
      "bones": [
        {
          "name": "Root"
        },
        {
          "name": "Body",
          "pivot": [
            0,
            11.5,
            0
          ],
          "cubes": [
            {
              "origin": [
                -7.0,
                11.0,
                -7.0
              ],
              "size": [
                14.0,
                11.0,
                14.0
              ],
              "uv": [
                0,
                36
              ],
              "inflate": 0
            }
          ],
          "parent": "Root"
        },
        {
          "name": "Head",
          "pivot": [
            0,
            22,
            0
          ],
          "cubes": [
            {
              "origin": [
                -9.0,
                22.0,
                -9.0
              ],
              "size": [
                18.0,
                18.0,
                18.0
              ],
              "uv": [
                0,
                0
              ],
              "inflate": 0
            },
            {
              "origin": [
                -10.71208,
                32.0,
                -11.09773
              ],
              "size": [
                6.0,
                6.0,
                5.0
              ],
              "pivot": [
                -7.71208,
                35.0,
                -8.59773
              ],
              "rotation": [
                0.0,
                37.5,
                0.0
              ],
              "uv": [
                22,
                61
              ],
              "inflate": 0
            },
            {
              "origin": [
                4.71208,
                32.0,
                -11.09773
              ],
              "size": [
                6.0,
                6.0,
                5.0
              ],
              "pivot": [
                7.71208,
                35.0,
                -8.59773
              ],
              "rotation": [
                0.0,
                -37.5,
                0.0
              ],
              "uv": [
                0,
                61
              ],
              "inflate": 0
            }
          ],
          "parent": "Body"
        },
        {
          "name": "Rightarm",
          "pivot": [
            -8,
            21.25,
            0
          ],
          "cubes": [
            {
              "origin": [
                -13.0,
                14.0,
                -3.0
              ],
              "size": [
                6.0,
                9.0,
                6.0
              ],
              "uv": [
                56,
                36
              ],
              "inflate": 0
            },
            {
              "origin": [
                -14.0,
                2.0,
                -4.0
              ],
              "size": [
                8.0,
                12.0,
                8.0
              ],
              "uv": [
                48,
                53
              ],
              "inflate": 0
            }
          ],
          "parent": "Body"
        },
        {
          "name": "Leftarm",
          "pivot": [
            7,
            21.25,
            0
          ],
          "cubes": [
            {
              "origin": [
                7.0,
                14.0,
                -3.0
              ],
              "size": [
                6.0,
                9.0,
                6.0
              ],
              "uv": [
                56,
                36
              ],
              "inflate": 0,
              "mirror": true
            },
            {
              "origin": [
                6.0,
                2.0,
                -4.0
              ],
              "size": [
                8.0,
                12.0,
                8.0
              ],
              "uv": [
                48,
                53
              ],
              "inflate": 0,
              "mirror": true
            }
          ],
          "parent": "Body"
        },
        {
          "name": "Rightleg",
          "pivot": [
            -4,
            11.5,
            0
          ],
          "cubes": [
            {
              "origin": [
                -7.0,
                0.0,
                -3.0
              ],
              "size": [
                6.0,
                11.0,
                6.0
              ],
              "uv": [
                54,
                0
              ],
              "inflate": 0
            }
          ],
          "parent": "Root"
        },
        {
          "name": "Leftleg",
          "pivot": [
            4,
            11.5,
            0
          ],
          "cubes": [
            {
              "origin": [
                1.0,
                0.0,
                -3.0
              ],
              "size": [
                6.0,
                11.0,
                6.0
              ],
              "uv": [
                54,
                0
              ],
              "inflate": 0,
              "mirror": true
            }
          ],
          "parent": "Root"
        }
      ]
    }
  ]
}