{
  "format_version": "1.12.0",
  "minecraft:geometry": [
    {
      "description": {
        "identifier": "geometry.yg_sussy_wussy",
        "texture_width": 64,
        "texture_height": 64,
        "visible_bounds_width": 3,
        "visible_bounds_height": 3.5,
        "visible_bounds_offset": [
          0,
          1.25,
          0
        ]
      },
      "bones": [
        {
          "name": "Root"
        },
        {
          "name": "Body",
          "pivot": [
            0,
            12.76537,
            1.84776
          ],
          "cubes": [
            {
              "origin": [
                -4.0,
                10.76537,
                -3.15224
              ],
              "size": [
                8.0,
                12.0,
                6.0
              ],
              "pivot": [
                0.0,
                16.76537,
                -0.15224
              ],
              "rotation": [
                22.5,
                0.0,
                0.0
              ],
              "uv": [
                0,
                24
              ],
              "inflate": 0
            }
          ],
          "parent": "Root"
        },
        {
          "name": "Head",
          "pivot": [
            0,
            21,
            -2
          ],
          "cubes": [
            {
              "origin": [
                -6.0,
                21.0,
                -8.0
              ],
              "size": [
                12.0,
                12.0,
                12.0
              ],
              "pivot": [
                0.0,
                27.0,
                -2.0
              ],
              "rotation": [
                -2.5,
                0.0,
                0.0
              ],
              "uv": [
                0,
                0
              ],
              "inflate": 0
            },
            {
              "origin": [
                -4.5,
                28.25934,
                -8.88527
              ],
              "size": [
                3.0,
                3.0,
                2.0
              ],
              "pivot": [
                -3.0,
                29.75934,
                -7.88527
              ],
              "rotation": [
                -2.56062,
                12.48791,
                -0.55404
              ],
              "uv": [
                0,
                0
              ],
              "inflate": 0
            },
            {
              "origin": [
                1.5,
                28.25934,
                -8.88527
              ],
              "size": [
                3.0,
                3.0,
                2.0
              ],
              "pivot": [
                3.0,
                29.75934,
                -7.88527
              ],
              "rotation": [
                -2.56062,
                -12.48791,
                0.55404
              ],
              "uv": [
                0,
                0
              ],
              "inflate": 0,
              "mirror": true
            },
            {
              "origin": [
                -8.0,
                30.6013,
                -0.82593
              ],
              "size": [
                6.0,
                6.0,
                6.0
              ],
              "pivot": [
                -5.0,
                33.6013,
                2.17407
              ],
              "rotation": [
                -7.67583,
                1.61888,
                -12.39638
              ],
              "uv": [
                28,
                24
              ],
              "inflate": 0
            },
            {
              "origin": [
                2.0,
                30.6013,
                -0.82593
              ],
              "size": [
                6.0,
                6.0,
                6.0
              ],
              "pivot": [
                5.0,
                33.6013,
                2.17407
              ],
              "rotation": [
                -7.67583,
                -1.61888,
                12.39638
              ],
              "uv": [
                28,
                24
              ],
              "inflate": 0,
              "mirror": true
            }
          ],
          "parent": "Body"
        },
        {
          "name": "Rightarm",
          "pivot": [
            -4,
            18.5,
            -1.5
          ],
          "cubes": [
            {
              "origin": [
                -7.0,
                9.0,
                -3.0
              ],
              "size": [
                3.0,
                11.0,
                3.0
              ],
              "uv": [
                0,
                42
              ],
              "inflate": 0
            }
          ],
          "parent": "Body"
        },
        {
          "name": "Leftarm",
          "pivot": [
            4,
            18.5,
            -1.5
          ],
          "cubes": [
            {
              "origin": [
                4.0,
                9.0,
                -3.0
              ],
              "size": [
                3.0,
                11.0,
                3.0
              ],
              "uv": [
                0,
                42
              ],
              "inflate": 0,
              "mirror": true
            }
          ],
          "parent": "Body"
        },
        {
          "name": "Rightleg",
          "pivot": [
            -3,
            12,
            2
          ],
          "cubes": [
            {
              "origin": [
                -5.12,
                4.79428,
                -0.05474
              ],
              "size": [
                4.24,
                8.42,
                4.24
              ],
              "pivot": [
                -3.0,
                9.00428,
                2.06526
              ],
              "rotation": [
                7.5,
                0.0,
                0.0
              ],
              "uv": [
                36,
                0
              ],
              "inflate": 0
            },
            {
              "origin": [
                -5.0,
                -2.05236,
                1.09545
              ],
              "size": [
                4.0,
                11.0,
                4.0
              ],
              "pivot": [
                -3.0,
                3.44764,
                3.09545
              ],
              "rotation": [
                -35.0,
                0.0,
                0.0
              ],
              "uv": [
                28,
                36
              ],
              "inflate": 0
            }
          ],
          "parent": "Root"
        },
        {
          "name": "Leftleg",
          "pivot": [
            3,
            12,
            2
          ],
          "cubes": [
            {
              "origin": [
                0.88,
                4.79428,
                -0.05474
              ],
              "size": [
                4.24,
                8.42,
                4.24
              ],
              "pivot": [
                3.0,
                9.00428,
                2.06526
              ],
              "rotation": [
                7.5,
                0.0,
                0.0
              ],
              "uv": [
                36,
                0
              ],
              "inflate": 0,
              "mirror": true
            },
            {
              "origin": [
                1.0,
                -2.05236,
                1.09545
              ],
              "size": [
                4.0,
                11.0,
                4.0
              ],
              "pivot": [
                3.0,
                3.44764,
                3.09545
              ],
              "rotation": [
                -35.0,
                0.0,
                0.0
              ],
              "uv": [
                28,
                36
              ],
              "inflate": 0,
              "mirror": true
            }
          ],
          "parent": "Root"
        }
      ]
    }
  ]
}