{"resource_pack_name":"vanilla","texture_name":"atlas.items","texture_data":{"yg:closet":{"textures":"textures/items/yg_closet"},"yg:skull_door":{"textures":"textures/items/yg_skull_door"},"yg:gummy_flashlight":{"textures":"textures/items/yg_gummy_flashlight"},"yg:lighter":{"textures":"textures/items/yg_lighter"},"yg:flashlight":{"textures":"textures/items/yg_flashlight"},"yg:crucifix":{"textures":"textures/items/yg_crucifix"},"yg:skull_key":{"textures":"textures/items/yg_skull_key"},"yg:vitamins":{"textures":"textures/items/yg_vitamins"},"yg:bandage":{"textures":"textures/items/yg_bandage"}}}