{
  "resource_pack_name": "vanilla",
  "texture_name": "atlas.terrain",
  "padding": 8,
  "num_mip_levels": 4,
  "texture_data": {
    "yg_patterned_brown_wall": {
      "textures": [
        "textures/blocks/yg_patterned_brown_wall"
      ]
    },
    "yg_patterned_gray_wall": {
      "textures": [
        "textures/blocks/yg_patterned_gray_wall"
      ]
    },
    "yg_patterned_red_wall": {
      "textures": [
        "textures/blocks/yg_patterned_red_wall"
      ]
    },
    "yg_patterned_green_wall": {
      "textures": [
        "textures/blocks/yg_patterned_green_wall"
      ]
    },
    "yg_wooden_floor": {
      "textures": [
        "textures/blocks/yg_wooden_floor"
      ]
    }
  }
}