{"format_version":"1.8.0","animations":{"animation.yg_seven.move":{"loop":true,"animation_length":1,"anim_time_update":"query.modified_distance_moved * 0.1","bones":{"Root":{"rotation":{"0.0":[0,0,0],"0.25":[30,0,0],"0.5":[0,0,0],"1.0":[0,0,0]},"position":{"0.0":[0,0,0],"0.5":[0,2,0],"1.0":[0,0,0]}}}},"animation.yg_seven.general":{"loop":true,"animation_length":2,"bones":{"Root":{"rotation":{"0.0":[0,0,0],"2.0":[0,0,0]}}}},"animation.yg_seven.attack":{"animation_length":0.83333,"bones":{"Root":{"rotation":{"0.0":{"post":[0,0,0],"lerp_mode":"catmullrom"},"0.1667":{"post":[-17.5,0,0],"lerp_mode":"catmullrom"},"0.3333":{"post":[10,0,0],"lerp_mode":"catmullrom"},"0.6667":{"post":[10,0,0],"lerp_mode":"catmullrom"},"0.8333":{"post":[0,0,0],"lerp_mode":"catmullrom"}}},"Jaw":{"rotation":{"0.0":{"post":[0,0,0],"lerp_mode":"catmullrom"},"0.1667":{"post":[0,0,-45],"lerp_mode":"catmullrom"},"0.3333":{"post":[0,0,0],"lerp_mode":"catmullrom"},"0.6667":{"post":[0,0,0],"lerp_mode":"catmullrom"},"0.8333":{"post":[0,0,0],"lerp_mode":"catmullrom"}}}}}}}