{
  "format_version": "1.8.0",
  "animations": {
    "animation.yg_ten.move": {
      "loop": true,
      "animation_length": 1,
      "anim_time_update": "query.modified_distance_moved * 0.1",
      "bones": {
        "Root": {
          "rotation": {
            "0.0": [
              0,
              20,
              0
            ],
            "0.25": [
              0.87038,
              4.92385,
              10.03742
            ],
            "0.5": [
              0,
              -10,
              0
            ],
            "0.75": [
              -1.08482,
              4.88119,
              -12.54624
            ],
            "1.0": [
              0,
              20,
              0
            ]
          }
        }
      }
    },
    "animation.yg_ten.general": {
      "loop": true,
      "animation_length": 2,
      "bones": {
        "Root": {
          "position": {
            "0.0": [
              0,
              0,
              0
            ],
            "2.0": [
              0,
              0,
              0
            ]
          }
        }
      }
    },
    "animation.yg_ten.attack": {
      "loop": true,
      "animation_length": 0.5,
      "bones": {
        "Root": {
          "rotation": {
            "0.0": [
              0,
              0,
              0
            ],
            "0.1667": [
              -45,
              0,
              0
            ],
            "0.3333": [
              55,
              0,
              0
            ],
            "0.5": [
              0,
              0,
              0
            ]
          }
        }
      }
    }
  }
}