{
  "mob.bedrock_truck_mitsubishi_ragasa.say": {
    "category": " neutral",
    "sounds": [
      "sounds/mob/bedrock_truck_mitsubishi_ragasa/say"
    ]
  },
  "mob.bedrock_truck_mitsubishi_ragasa.death": {
    "category": " neutral",
    "sounds": [
      "sounds/mob/bedrock_truck_mitsubishi_ragasa/death"
    ]
  },
  "mob.bedrock_truck_mitsubishi_ragasa.walk": {
    "category": " neutral",
    "sounds": [
      "sounds/mob/bedrock_truck_mitsubishi_ragasa/walk"
    ]
  },
  "mob.bedrock_truck_mitsubishi_ragasa.hit": {
    "category": " neutral",
    "sounds": [
      "sounds/mob/bedrock_truck_mitsubishi_ragasa/hit"
    ]
  }
}