{
   "format_version": "1.10.0",
   "minecraft:client_entity": {
      "description": {
         "identifier": "zm:amanda",
         "textures": {
            "default": "textures/entity/amanda"
         },
         "materials": {
            "default": "skeleton"
         },
         "geometry": {
            "default": "geometry.amanda"
         },
         "render_controllers": [
            "controller.render.default"
         ],
         "animations": {
            "walk": "animation.amanda.walk",
            "look_at_target": "animation.common.look_at_target",
            "idle": "animation.amanda.idle",
            "move": "controller.animation.amanda.move",
            "general": "controller.animation.amanda.general",
            "jumpscare": "animation.amanda.jumpscare"
         },
         "scripts": {
            "animate": [
               "move",
               "general",
               "look_at_target"
            ],
            "pre_animation": [
               "variable.attack = Math.sin(variable.attack_time * 30.0);"
            ]
         },
         "spawn_egg": {
            "texture": "amanda_spawn_egg",
            "texture_index": 0
         }
      }
   }
}