{
  "resource_pack_name": "akangkrepz",
  "texture_name": "atlas.items",
  "texture_data": {
    "mirado": {
      "textures": "textures/kendaraan/mirado_item"
    },"wahyu": {
      "textures": "textures/kendaraan/wahyu_item"
    },"wahyu_old": {
      "textures": "textures/kendaraan/wahyu_old_item"
    },"budak": {
      "textures": "textures/kendaraan/budak_item"
    },"cabe": {
      "textures": "textures/kendaraan/cabe_item"
    },"truk": {
      "textures": "textures/kendaraan/truk_item"
    },"antigosip": {
      "textures": "textures/kendaraan/antigosip_item"
    },"hino500": {
      "textures": "textures/kendaraan/hino500_item"
    },"hino500v2": {
      "textures": "textures/kendaraan/hino500v2_item"
    },"ti2": {
      "textures": "textures/kendaraan/ti2_item"
    },"antiayam": {
      "textures": "textures/kendaraan/antiayam_item"
    },"onfire": {
      "textures": "textures/kendaraan/onfire_item"
    },"bego": {
      "textures": "textures/kendaraan/bego_item"
    },"drag": {
      "textures": "textures/kendaraan/drag_item"
    },"sumber": {
      "textures": "textures/kendaraan/sumber_item"
    },"nt5": {
      "textures": "textures/kendaraan/nt5_item"
    },"nmr": {
      "textures": "textures/kendaraan/nmr_item"
    },"dump": {
      "textures": "textures/kendaraan/dump_item"
   },"hb": {
      "textures": "textures/kendaraan/hb_item"
   },"pickup": {
      "textures": "textures/kendaraan/pickup_item"
   },"pa": {
      "textures": "textures/kendaraan/pa_item"
   },"ptb": {
      "textures": "textures/kendaraan/ptb_item"
   },"tong_sampah": {
      "textures": "textures/kendaraan/tong_sampah_item"
   },"lampu_merah": {
      "textures": "textures/kendaraan/lampu_merah_item"
   },"fuso": {
      "textures": "textures/kendaraan/fuso_item"
   },"boss_cilik": {
      "textures": "textures/kendaraan/boss_cilik_item"
   },"layangan_naga": {
      "textures": "textures/kendaraan/layangan_naga_item"
   },"hino_trailer": {
      "textures": "textures/kendaraan/hino_trailer_item"
  },"truk_towing": {
      "textures": "textures/kendaraan/truk_towing_item"
   },"hino_trailer_box": {
      "textures": "textures/kendaraan/hino_trailer_box_item"
   },"truk_sound.system": {
      "textures": "textures/kendaraan/truk_sound.system_item"
   },"akeloy": {
      "textures": "textures/kendaraan/akeloy_item"
   },"truk_galon": {
      "textures": "textures/kendaraan/truk_galon_item"
   },"antobolo": {
      "textures": "textures/kendaraan/antobolo_item"
   },"madura_asyik": {
      "textures": "textures/kendaraan/madura_asyik_item"
   },"truk_sulawesi": {
      "textures": "textures/kendaraan/truk_sulawesi_item"
   },"umplung_cak.slamet": {
      "textures": "textures/kendaraan/umplung_cak.slamet_item"
   },"travel_isuzu": {
      "textures": "textures/kendaraan/travel_isuzu_item"
   },"angkot": {
      "textures": "textures/kendaraan/angkot_item"
   },"motor": {
      "textures": "textures/kendaraan/motor_item"
  },"avanza": {
      "textures": "textures/kendaraan/avanza_item"
   },"gojek": {
      "textures": "textures/kendaraan/gojek_item"
   },"hino_dump": {
      "textures": "textures/kendaraan/hino_dump_item"
    },"tukang_bakso": {
      "textures": "textures/kendaraan/tukang_bakso_item"
     },"avanza_facelit": {
      "textures": "textures/kendaraan/avanza_facelit_item"
    },"engkel_kikicore": {
      "textures": "textures/kendaraan/engkel_kikicore_item"
    }
  }
}