{
  "entity_sounds": {
    "entities": {
      "bedrock:truck_mitsubishi_colt_diesel_umplung": {
        "volume": 1.0,
        "pitch": [
          0.8,
          1.2
        ],
        "events": {
          "ambient": "mob.bedrock_truck_mitsubishi_colt_diesel_umplung.say",
          "hurt": "mob.bedrock_truck_mitsubishi_colt_diesel_umplung.hit",
          "death": "mob.bedrock_truck_mitsubishi_colt_diesel_umplung.death",
          "step": "mob.bedrock_truck_mitsubishi_colt_diesel_umplung.walk"
        }
      }
    }
  }
}