{
  "mob.pac_man.hurt": {
    "category": "hostile",
    "sounds": [
      "sounds/mob/pac_man/hurt1"
    ]
  },
  "mob.pac_man.death": {
    "category": "hostile",
    "sounds": [
      "sounds/mob/pac_man/death"
    ]
  },
  "mob.mrs_pac_man.death": {
    "category": "hostile",
    "sounds": [
      "sounds/mob/mrs_pac_man/death"
    ]
  },
  "big.step": {
    "category": "neutral",
        "max_distance": 100.0,
    "sounds": [
      "sounds/mob/pac_man/step1",
      "sounds/mob/mrs_pac_man/step1"
    ]
  },
  "WAKA": {
  	"category": "neutral",
  	"sounds": [
  	  "sounds/pm/sonidos/WAKA"
  	]
  },
  "whoah.step": {
    "category": "neutral",
        "max_distance": 100.0,
    "sounds": [
      "sounds/mob/pinky/step1",
      "sounds/mob/blinky/step1",
      "sounds/mob/inky/step1"
    ]
  }
}