{
   "format_version": "1.10.0",
   "animation_controllers": {
      "controller.animation.amanda.move": {
         "initial_state": "default",
         "states": {
            "default": {
               "variables": {
                  "move_speeding": {
                     "input": "query.modified_move_speed",
                     "remap_curve": {
                        "0.0": 0,
                        "0.28": 1
                     }
                  }
               },
               "animations": [
                  {
                     "walk": "variable.move_speeding"
                  }
               ]
            }
         }
      },
      "controller.animation.amanda.general": {
         "initial_state": "default",
         "states": {
            "default": {
               "variables": {
                  "is_idling": {
                     "input": "query.modified_move_speed",
                     "remap_curve": {
                        "0.0": 1,
                        "0.1": 0
                     }
                  }
               },
               "animations": [
                  {
                     "idle": "variable.is_idling"
                  }
               ],
               "transitions": [
                  {
                     "jumpscare": "variable.attack_time > 0.0"
                  }
               ],
               "blend_transition": 0.2
            },
            "jumpscare": {
               "animations": [
                  "jumpscare"
               ],
               "transitions": [
                  {
                     "default": "query.all_animations_finished"
                  }
               ],
               "blend_transition": 0.2
            }
         }
      }
   }
}