{
  "format_version": "1.12.0",
  "minecraft:geometry": [
    {
      "description": {
        "identifier": "geometry.baby_pink",
        "texture_width": 64,
        "texture_height": 64,
        "visible_bounds_width": 3,
        "visible_bounds_height": 3.5,
        "visible_bounds_offset": [
          0,
          1.25,
          0
        ]
      },
      "bones": [
        {
          "name": "root",
          "pivot": [
            0,
            6,
            0
          ]
        },
        {
          "name": "waist",
          "pivot": [
            0,
            6,
            0
          ],
          "parent": "root"
        },
        {
          "name": "body",
          "pivot": [
            0,
            6,
            0
          ],
          "cubes": [
            {
              "origin": [
                -4.0,
                6.0,
                -6.0
              ],
              "size": [
                8.0,
                8.0,
                12.0
              ],
              "uv": [
                0,
                0
              ],
              "inflate": 0
            },
            {
              "origin": [
                0.0,
                6.0,
                4.0
              ],
              "size": [
                0.0,
                8.0,
                9.0
              ],
              "pivot": [
                0.0,
                10.0,
                6.0
              ],
              "rotation": [
                19.18333,
                -5.76649,
                -0.97527
              ],
              "uv": [
                0,
                24
              ],
              "inflate": 0
            }
          ],
          "parent": "waist"
        },
        {
          "name": "rightWing",
          "pivot": [
            -4,
            9,
            -3
          ],
          "cubes": [
            {
              "origin": [
                -5.0,
                7.0,
                -3.0
              ],
              "size": [
                1.0,
                5.0,
                4.0
              ],
              "uv": [
                0,
                0
              ],
              "inflate": 0
            },
            {
              "origin": [
                -5.0,
                8.0,
                1.0
              ],
              "size": [
                1.0,
                3.0,
                2.0
              ],
              "uv": [
                0,
                20
              ],
              "inflate": 0
            },
            {
              "origin": [
                -5.0,
                8.0,
                -4.0
              ],
              "size": [
                1.0,
                3.0,
                1.0
              ],
              "uv": [
                0,
                0
              ],
              "inflate": 0
            },
            {
              "origin": [
                -5.0,
                9.0,
                3.0
              ],
              "size": [
                1.0,
                1.0,
                1.0
              ],
              "uv": [
                6,
                9
              ],
              "inflate": 0
            }
          ],
          "parent": "body"
        },
        {
          "name": "leftWing",
          "pivot": [
            4,
            9,
            -3
          ],
          "cubes": [
            {
              "origin": [
                4.0,
                7.0,
                -3.0
              ],
              "size": [
                1.0,
                5.0,
                4.0
              ],
              "uv": [
                0,
                0
              ],
              "inflate": 0
            },
            {
              "origin": [
                4.0,
                8.0,
                1.0
              ],
              "size": [
                1.0,
                3.0,
                2.0
              ],
              "uv": [
                0,
                20
              ],
              "inflate": 0
            },
            {
              "origin": [
                4.0,
                8.0,
                -4.0
              ],
              "size": [
                1.0,
                3.0,
                1.0
              ],
              "uv": [
                0,
                0
              ],
              "inflate": 0
            },
            {
              "origin": [
                4.0,
                9.0,
                3.0
              ],
              "size": [
                1.0,
                1.0,
                1.0
              ],
              "uv": [
                6,
                9
              ],
              "inflate": 0
            }
          ],
          "parent": "body"
        },
        {
          "name": "head",
          "pivot": [
            -0.30985,
            9.51168,
            -5.30954
          ],
          "cubes": [
            {
              "origin": [
                -2.0,
                9.0,
                -7.0
              ],
              "size": [
                4.0,
                6.0,
                4.0
              ],
              "uv": [
                11,
                10
              ],
              "inflate": 0
            },
            {
              "origin": [
                -3.0,
                15.0,
                -8.0
              ],
              "size": [
                6.0,
                7.0,
                6.0
              ],
              "uv": [
                8,
                7
              ],
              "inflate": 0
            },
            {
              "origin": [
                0.0,
                22.0,
                -5.0
              ],
              "size": [
                1.0,
                5.0,
                0.0
              ],
              "pivot": [
                0.0,
                22.0,
                -5.0
              ],
              "rotation": [
                -21.26765,
                7.52076,
                18.58597
              ],
              "uv": [
                0,
                4
              ],
              "inflate": 0
            },
            {
              "origin": [
                0.0,
                22.0,
                -5.0
              ],
              "size": [
                1.0,
                5.0,
                0.0
              ],
              "pivot": [
                0.0,
                22.0,
                -5.0
              ],
              "rotation": [
                -34.82648,
                -2.86313,
                -6.93488
              ],
              "uv": [
                0,
                4
              ],
              "inflate": 0
            },
            {
              "origin": [
                -1.0,
                22.0,
                -5.0
              ],
              "size": [
                1.0,
                5.0,
                0.0
              ],
              "pivot": [
                0.0,
                22.0,
                -5.0
              ],
              "rotation": [
                -20.94102,
                -8.42106,
                -20.94102
              ],
              "uv": [
                0,
                4
              ],
              "inflate": 0
            },
            {
              "origin": [
                -2.30985,
                19.51168,
                -8.30954
              ],
              "size": [
                2.0,
                2.0,
                2.0
              ],
              "uv": [
                40,
                5
              ],
              "inflate": 0
            },
            {
              "origin": [
                0.69015,
                19.51168,
                -8.30954
              ],
              "size": [
                2.0,
                2.0,
                2.0
              ],
              "uv": [
                39,
                31
              ],
              "inflate": 0
            }
          ],
          "parent": "body"
        },
        {
          "name": "mout",
          "pivot": [
            0,
            17,
            -8
          ],
          "cubes": [
            {
              "origin": [
                -1.0,
                17.0,
                -11.0
              ],
              "size": [
                2.0,
                2.0,
                3.0
              ],
              "uv": [
                0,
                59
              ],
              "inflate": 0
            },
            {
              "origin": [
                -1.0,
                17.0,
                -12.0
              ],
              "size": [
                2.0,
                2.0,
                2.0
              ],
              "pivot": [
                0.0,
                18.0,
                -10.5
              ],
              "rotation": [
                52.5,
                0.0,
                0.0
              ],
              "uv": [
                0,
                60
              ],
              "inflate": 0
            }
          ],
          "parent": "head"
        },
        {
          "name": "mout2",
          "pivot": [
            0,
            17,
            -8
          ],
          "cubes": [
            {
              "origin": [
                -1.0,
                16.0,
                -10.0
              ],
              "size": [
                2.0,
                1.0,
                2.0
              ],
              "pivot": [
                0.0,
                16.5,
                -8.0
              ],
              "rotation": [
                -10.0,
                0.0,
                0.0
              ],
              "uv": [
                0,
                61
              ],
              "inflate": 0
            }
          ],
          "parent": "head"
        },
        {
          "name": "rightLeg",
          "pivot": [
            2,
            6,
            0
          ],
          "cubes": [
            {
              "origin": [
                1.0,
                3.0,
                -1.0
              ],
              "size": [
                2.0,
                3.0,
                2.0
              ],
              "uv": [
                0,
                59
              ],
              "inflate": 0
            }
          ],
          "parent": "root"
        },
        {
          "name": "rightLeg2",
          "pivot": [
            2,
            3,
            0
          ],
          "cubes": [
            {
              "origin": [
                1.0,
                0.0,
                -1.0
              ],
              "size": [
                2.0,
                3.0,
                2.0
              ],
              "uv": [
                0,
                59
              ],
              "inflate": 0
            },
            {
              "origin": [
                2.0,
                0.0,
                -3.0
              ],
              "size": [
                1.0,
                1.0,
                3.0
              ],
              "pivot": [
                2.0,
                0.0,
                0.0
              ],
              "rotation": [
                0.0,
                -25.0,
                0.0
              ],
              "uv": [
                0,
                60
              ],
              "inflate": 0
            },
            {
              "origin": [
                1.0,
                0.0,
                -3.0
              ],
              "size": [
                1.0,
                1.0,
                3.0
              ],
              "pivot": [
                1.0,
                0.0,
                0.0
              ],
              "rotation": [
                0.0,
                30.0,
                0.0
              ],
              "uv": [
                0,
                60
              ],
              "inflate": 0
            },
            {
              "origin": [
                1.0,
                0.0,
                -3.0
              ],
              "size": [
                1.0,
                1.0,
                3.0
              ],
              "pivot": [
                1.0,
                0.0,
                0.0
              ],
              "rotation": [
                0.0,
                -10.0,
                0.0
              ],
              "uv": [
                1,
                60
              ],
              "inflate": 0
            }
          ],
          "parent": "rightLeg"
        },
        {
          "name": "leftLeg",
          "pivot": [
            -2,
            6,
            0
          ],
          "cubes": [
            {
              "origin": [
                -3.0,
                3.0,
                -1.0
              ],
              "size": [
                2.0,
                3.0,
                2.0
              ],
              "uv": [
                0,
                59
              ],
              "inflate": 0
            }
          ],
          "parent": "root"
        },
        {
          "name": "leftLeg2",
          "pivot": [
            -2,
            3,
            0
          ],
          "cubes": [
            {
              "origin": [
                -3.0,
                0.0,
                -1.0
              ],
              "size": [
                2.0,
                3.0,
                2.0
              ],
              "uv": [
                0,
                59
              ],
              "inflate": 0
            },
            {
              "origin": [
                -2.0,
                0.0,
                -3.0
              ],
              "size": [
                1.0,
                1.0,
                3.0
              ],
              "pivot": [
                -2.0,
                0.0,
                0.0
              ],
              "rotation": [
                0.0,
                -25.0,
                0.0
              ],
              "uv": [
                0,
                60
              ],
              "inflate": 0
            },
            {
              "origin": [
                -3.0,
                0.0,
                -3.0
              ],
              "size": [
                1.0,
                1.0,
                3.0
              ],
              "pivot": [
                -3.0,
                0.0,
                0.0
              ],
              "rotation": [
                0.0,
                30.0,
                0.0
              ],
              "uv": [
                0,
                60
              ],
              "inflate": 0
            },
            {
              "origin": [
                -3.0,
                0.0,
                -3.0
              ],
              "size": [
                1.0,
                1.0,
                3.0
              ],
              "pivot": [
                -3.0,
                0.0,
                0.0
              ],
              "rotation": [
                0.0,
                -10.0,
                0.0
              ],
              "uv": [
                0,
                60
              ],
              "inflate": 0
            }
          ],
          "parent": "leftLeg"
        }
      ]
    }
  ]
}