{
    "student_button_custom@npc_interact.student_button": {
      "size": [ "102%-10px", 33 ]
    },
  
    "student_custom_dialog": {
      "type": "panel",
      "size": [ "100%", "100%c" ],
      "controls": [
        { "student_custom_dialog_stack_panel@npc_interact.student_custom_dialog_stack_panel": {} }
      ]
    },
  
    "button_image@horse.overlay_image": {
      "type": "image",
      "texture": "textures/ui/cartography_table_empty",
      "size": [ 40, 40 ],
      "offset": [ 22, 32 ]
    },
  
    "student_custom_dialog_stack_panel": {
      "type": "stack_panel",
      "texture": "textures/ui/cartography_table_empty",
      "orientation": "vertical",
      "size": [ "95%", "120%c" ],
      "controls": [
        {
          "top_padding": {
            "type": "panel",
            "size": [ "100%", 2 ]
          }
        },
        {
          "middle_padding": {
            "type": "panel",
            "size": [ "100%", 2 ]
          }
        },
        { 
          "buttons": {
            "type": "stack_panel",
            "orientation": "horizontal",
            "size": [ "102%", "100%cm" ],
            "controls": [
              {
                "actions": {
                  "type": "grid",
                  "size": [ "fill", "default" ],
                  "grid_item_template": "npc_interact.student_button_custom",
                  "grid_dimension_binding": "#student_button_grid_dimensions",
                  "collection_name": "student_buttons_collection",
                  "bindings": [
                    {
                      "binding_name": "#student_button_grid_dimensions"
                    }
                  ]
                }
              }
            ]
          }
        },
        {
          "bottom_padding": {
            "type": "panel",
            "size": [ "170%", 250 ]
          }
        }
      ]
    },
    
    "close_button_holder_custom": {
      "type": "panel",
      "size": [ "100%c", "100%c" ],
      // Weird anchoring since this needs to be above the top right corner, outside the panel indent
      "anchor_from": "top_right",
      "anchor_to": "bottom_right",
      "offset": [ 8, -3 ],
      // Since there's a close button on every screen, the close button on a given screen handles the button mapping
      // for back/esc. This means for any screen the first back press will first deselect a text box if one is selected,
      // then the next press maps to one of these "close_button_to_button_id" values
      "controls": [
        {
          "close_basic@npc_interact.x_close_button": {
            "$close_button_to_button_id": "button.exit_basic",
            "$visibility_binding_name": "#basic_visible"
          }
        },
        {
          "close_student_edit@npc_interact.ignorable_x_close_button": {
            // Only show this when editing the student view as a worldbuilder
            "ignored": "(not $is_worldbuilder)",
            "$close_button_to_button_id": "button.exit_student_edit",
            "$visibility_binding_name": "#student_view_visible"
          }
        },
        {
          "close_student@npc_interact.ignorable_x_close_button": {
            // Only show this when viewing the student view as a non-worldbuilder
            "ignored": "$is_worldbuilder",
            "$close_button_to_button_id": "button.exit_student",
            "$visibility_binding_name": "#student_view_visible"
          }
        },
        {
          "close_maximized_action_edit@npc_interact.close_button_base": {
            "$close_button_to_button_id": "button.exit_maximized",
            "$default_texture": "textures/ui/minimize",
            "$hover_texture": "textures/ui/minimizeHover",
            "$pressed_texture": "textures/ui/minimizePress",
            "$visibility_binding_name": "#maximized_edit_visible"
          }
        },
        {
          "close_advanced@npc_interact.close_button_base": {
            "$close_button_to_button_id": "button.exit_advanced",
            "$default_texture": "textures/ui/back_button_default",
            "$hover_texture": "textures/ui/back_button_hover",
            "$pressed_texture": "textures/ui/back_button_pressed",
            "$visibility_binding_name": "#advanced_visible"
          }
        }
      ]
    },
    "npc_screen_contents_custom": {
      "type": "panel",
      "controls": [
        { "npc_screen_contents@npc_interact.npc_screen_contents": { "ignored": "(not $is_worldbuilder)" } },
        {
          "student_custom@common.root_panel": {
            "size": [ 250, 270 ],
            "$dialog_background": "textures/ui/dialog_background_npc",
            "ignored": "$is_worldbuilder",
            "controls": [
              { "common_panel@common.common_panel": {} },
              {
                "title_panel": {
                  "type": "panel",
                  "size": [ "100%", "100%c" ],
                  "controls": [
                    {
                      "message_label": {
                        "type": "label",
                        "anchor_from": "top_left",
                        "anchor_to": "top_left",
                        "shadow": true,
                        "size": [ "100%-8px", "default" ],
                        "offset": [ 50, -120 ],
                        "text": "#title_text",
                        "font_size": "large",
                        "bindings": [
                          {
                            "binding_name": "#title_text"
                          }
                        ]
                      }
                    }
                  ]
                }
              },
              {
                "dialogue_background": {
                  "type": "image",
                  "texture": "textures/ui/dialogue_background",
                  "size": [ 250, 270 ]
                }
              },
              {
                "text_panel": {
                  "type": "panel",
                  "size": [ 60, "100%" ],
                  "layer": 1,
                  "controls": [
                    {
                      "message_label": {
                        "type": "label",
                        "anchor_from": "top_right",
                        "anchor_to": "top_right",
                        "font_size": "left",
                        "shadow": true,
                        "size": [ "100%-10px", "default" ],
                        "offset": [ 40,90 ],
                        "text": "#dialogtext",
                        "bindings": [
                          {
                            "binding_name": "#dialogtext"
                          }
                        ]
                      }
                    }
                  ]
                }
              },
              {
                "scrolling_panel@common.scrolling_panel": {
                  "size": [ 90, 120 ],
                  "offset": [ 18, 85 ],
                  "anchor_from": "top_left",
                  "anchor_to": "top_left",
                  "$scrolling_content": "npc_interact.student_custom_dialog",
                  "$show_background": false,
                  "$scroll_size": [ "-10px", "0% - 0px" ],
                  "$scroll_bar_left_padding_size": [ 0, 0 ]
                }
              }
            ],
            "bindings": [
              {
                "binding_name": "#student_view_visible",
                "binding_name_override": "#visible",
                "binding_type": "global"
              }
            ]
          }
        },
        {
          "close@close_button_holder_custom": {
            "$close_button_to_button_id": "button.exit_student"
          }
        }
      ]
    },
  
    "npc_screen": {
      "type": "screen",
      "$screen_content": "npc_interact.npc_screen_contents_custom",
      "button_mappings": [
        {
          "from_button_id": "button.menu_exit",
          "to_button_id": "button.menu_continue",
          "mapping_type": "global"
        }
      ]
    }
  }
