{
	"format_version": "1.10.0",
	"animation_controllers": {
	"controller.animation.flashlight_controller": {
		"initial_state": "default",
		"states": {
		  "default": {
		"animations": [
			    "flashlight_off"
			 ], 
			"transitions": [
			  {
				"shine": "query.is_item_name_any('slot.armor.head','minecraft:stone')"
			  }
			]
		  },
		  "shine": {
			"animations": [
			    "flashlight_on"
			 ], 
			"transitions": [
			  {
				"default": "!query.is_item_name_any('slot.armor.head','minecraft:stone') || !query.is_item_name_any('slot.weapon.mainhand','ic:flashlight')"
			  }
			]
		  }
		}
	  } 
	}
}