{
	"format_version": "1.10.0",
	"animation_controllers": {
	"controller.animation.lighter_controller": {
		"initial_state": "default",
		"states": {
		  "default": {
		"animations": [
			    "lighter_off"
			 ], 
			"transitions": [
			  {
				"ignite": "query.is_item_name_any('slot.armor.head','minecraft:glass')"
			  }
			]
		  },
		  "ignite": {
			"animations": [
			    "lighter_on"
			 ], 
			"transitions": [
			  {
				"default": "!query.is_item_name_any('slot.armor.head','minecraft:glass') || !query.is_item_name_any('slot.weapon.mainhand','ic:lighter')"
			  }
			]
		  }
		}
	  } 
	}
}