{
	"format_version": "1.10.0",
	"animation_controllers": {
	  "controller.animation.jumpscare_seek": {
		"initial_state": "default",
		"states": {
		  "default": {
			"transitions": [
			  {
				"attack": "variable.attack_time > 0 && !query.is_stunned"
			  },
			  {
				"add": "query.has_rider && !query.is_stunned"
			  }
			]
		  },
		  "attack": {
			"transitions": [
			  {
				"default": "1.0"
			  }
			],
			"on_entry": [
                "/function jumpscare_seek", 
				"/tag @s add seek"
			 ]
		  },
		  "add": {
			"transitions": [
			  {
				"default": "1.0"
			  }
			],
			"on_entry": [
				"/scoreboard objectives add seek dummy",
				"/effect @e[r=4,type=!ic:seek] blindness 1 1 true",  
				"/scoreboard players add @e[r=3,family=!doors] seek 1",
				"/execute @e[scores={seek=8..1000}] ~ ~ ~event entity @e[type=ic:seek,r=5] ic:jumpscare_stop",
				"/execute @e[scores={seek=8..1000}] ~ ~ ~tag @e[type=ic:seek,r=5] remove seek",
				"/kill @e[scores={seek=8..1000}]",
				"/scoreboard players set @a[scores={seek=8..1000}] seek 0"
			 ]
		  }
		}
	  }
  }
}