{
	"format_version": "1.10.0",
	"animation_controllers": {
	  "controller.animation.jumpscare_snare": {
		"initial_state": "default",
		"states": {
		  "default": {
			"transitions": [
			  {
				"attack": "variable.attack_time > 0 && !query.is_stunned"
			  },
			  {
				"add": "query.has_rider && !query.is_stunned"
			  }
			]
		  },
		  "attack": {
			"transitions": [
			  {
				"default": "1.0"
			  }
			],
			"on_entry": [
                "/function jumpscare_snare", 
				"/tag @s add snare"
			 ]
		  },
		  "add": {
			"transitions": [
			  {
				"default": "1.0"
			  }
			],
			"on_entry": [
				"/scoreboard objectives add snare dummy",
				"/effect @e[r=4,type=!ic:snare] blindness 1 1 true",  
				"/scoreboard players add @e[r=3,family=!doors] snare 1",
				"/execute @e[scores={snare=8..1000}] ~ ~ ~event entity @e[type=ic:snare,r=5] ic:jumpscare_stop",
				"/execute @e[scores={snare=8..1000}] ~ ~ ~ tag @e[type=ic:snare,r=5] remove snare",
				"/execute @e[scores={snare=8..1000}] ~ ~ ~ ride @s stop_riding @e",
				"/scoreboard players set @a[scores={snare=8..1000}] snare 0"
			 ]
		  }
		}
	  }
  }
}