{"format_version":"1.10.0","animation_controllers":{"controller.animation.door_closed":{"states":{"default":{"transitions":[{"door_close":"query.mark_variant == 1"},{"door_open":"query.mark_variant == 2"}]},"door_close":{"transitions":[{"default":"query.mark_variant != 1"}],"on_entry":["/execute @s ~~~ fill ~~~ ~~1~ barrier"]},"door_open":{"transitions":[{"default":"query.mark_variant != 2"}],"on_entry":["/execute @s ~~~ fill ~~~ ~~1~ air"]}}},"controller.animation.door_break":{"states":{"default":{"transitions":[{"door_breaked":"!query.is_alive"}]},"door_breaked":{"on_entry":["/execute @s ~~~ fill ~~~ ~~1~ air","/teleport @s ~ ~-1000 ~"]}}},"controller.animation.lever_break":{"states":{"default":{"transitions":[{"lever_breaked":"!query.is_alive"}]},"lever_breaked":{"on_entry":["/teleport @s ~ ~-1000 ~"]}}}}}