{
  "format_version": "1.10.0",
  "animation_controllers": {
    "controller.animation.witch.general": {
      "initial_state": "default",
      "states": {
        "default": {
          "animations": [
            "villager_general",
            "look_at_target",
            "general"
          ]
        }
      }
    },
    "controller.animation.witch.move": {
      "initial_state": "default",
      "states": {
        "default": {
          "animations": [
            {
              "move": "query.modified_move_speed"
            }
          ]
        }
      }
    }
  }
}