{
  "format_version": "1.12.0",
  "minecraft:geometry": [
    {
      "description": {
        "identifier": "geometry.yg_a90",
        "texture_width": 128,
        "texture_height": 128,
        "visible_bounds_width": 4,
        "visible_bounds_height": 3.5,
        "visible_bounds_offset": [
          0,
          1.25,
          0
        ]
      },
      "bones": [
        {
          "name": "Root",
          "pivot": [
            0,
            14,
            0
          ],
          "cubes": [
            {
              "origin": [
                -9.0,
                14.0,
                -9.0
              ],
              "size": [
                18.0,
                14.0,
                18.0
              ],
              "uv": [
                0,
                0
              ],
              "inflate": 0
            },
            {
              "origin": [
                -17.0,
                7.0,
                3.0
              ],
              "size": [
                9.0,
                14.0,
                0.0
              ],
              "uv": [
                0,
                0
              ],
              "inflate": 0
            },
            {
              "origin": [
                -17.0,
                4.0,
                -7.0
              ],
              "size": [
                9.0,
                14.0,
                0.0
              ],
              "uv": [
                0,
                0
              ],
              "inflate": 0
            },
            {
              "origin": [
                8.0,
                4.0,
                -7.0
              ],
              "size": [
                9.0,
                14.0,
                0.0
              ],
              "uv": [
                0,
                0
              ],
              "inflate": 0,
              "mirror": true
            },
            {
              "origin": [
                8.0,
                9.0,
                5.0
              ],
              "size": [
                9.0,
                14.0,
                0.0
              ],
              "uv": [
                0,
                0
              ],
              "inflate": 0,
              "mirror": true
            },
            {
              "origin": [
                -18.0,
                14.0,
                -2.0
              ],
              "size": [
                9.0,
                14.0,
                0.0
              ],
              "uv": [
                0,
                0
              ],
              "inflate": 0
            },
            {
              "origin": [
                9.0,
                13.0,
                -2.0
              ],
              "size": [
                9.0,
                14.0,
                0.0
              ],
              "uv": [
                0,
                0
              ],
              "inflate": 0,
              "mirror": true
            },
            {
              "origin": [
                -8.0,
                3.02664,
                -7.88991
              ],
              "size": [
                16.0,
                12.0,
                17.0
              ],
              "pivot": [
                0.0,
                9.02664,
                0.61009
              ],
              "rotation": [
                5.0,
                0.0,
                0.0
              ],
              "uv": [
                0,
                32
              ],
              "inflate": 0
            }
          ]
        }
      ]
    }
  ]
}