{"format_version":"1.12.0","minecraft:geometry":[{"description":{"identifier":"geometry.yg_ambush","texture_width":128,"texture_height":128,"visible_bounds_width":5,"visible_bounds_height":3.5,"visible_bounds_offset":[0,1.25,0]},"bones":[{"name":"Root","pivot":[0,5,0],"cubes":[{"origin":[-9,16,-8],"size":[18,18,16],"uv":[0,0],"inflate":0}],"locators":{"mlight":[0,0.2,0]}},{"name":"Mouth","pivot":[0,17,0],"cubes":[{"origin":[-8,3.02664,-6.38991],"size":[16,14,14],"pivot":[0,10.02664,0.61009],"rotation":[5,0,0],"uv":[0,34],"inflate":0}],"parent":"Root"}]}]}