{
  "format_version": "1.12.0",
  "minecraft:geometry": [
    {
      "description": {
        "identifier": "geometry.yg_barrage",
        "texture_width": 64,
        "texture_height": 64,
        "visible_bounds_width": 3,
        "visible_bounds_height": 3.5,
        "visible_bounds_offset": [
          0,
          1.25,
          0
        ]
      },
      "bones": [
        {
          "name": "Root",
          "pivot": [
            0,
            -1,
            0
          ],
          "cubes": [
            {
              "origin": [
                -10.0,
                14.0,
                -6.0
              ],
              "size": [
                20.0,
                19.0,
                12.0
              ],
              "pivot": [
                0.0,
                14.0,
                0.0
              ],
              "rotation": [
                0.0,
                0.0,
                7.5
              ],
              "uv": [
                0,
                0
              ],
              "inflate": 0
            },
            {
              "origin": [
                -8.5,
                3.0,
                -5.5
              ],
              "size": [
                18.0,
                12.0,
                11.0
              ],
              "pivot": [
                0.51508,
                16.0,
                0.0
              ],
              "rotation": [
                0.0,
                0.0,
                12.5
              ],
              "uv": [
                0,
                31
              ],
              "inflate": 0
            }
          ]
        }
      ]
    }
  ]
}