{
  "format_version": "1.12.0",
  "minecraft:geometry": [
    {
      "description": {
        "identifier": "geometry.yg_banana_peel",
        "texture_width": 64,
        "texture_height": 64,
        "visible_bounds_width": 2,
        "visible_bounds_height": 2.5,
        "visible_bounds_offset": [
          0,
          0.75,
          0
        ]
      },
      "bones": [
        {
          "name": "Root",
          "cubes": [
            {
              "origin": [
                -5.0,
                0.1,
                -5.0
              ],
              "size": [
                10.0,
                0.0,
                10.0
              ],
              "uv": [
                0,
                0
              ],
              "inflate": 0
            },
            {
              "origin": [
                -1.74,
                -0.24508,
                -1.36774
              ],
              "size": [
                3.48,
                4.8,
                3.48
              ],
              "pivot": [
                0.0,
                2.15492,
                0.37226
              ],
              "rotation": [
                -10.0,
                0.0,
                0.0
              ],
              "uv": [
                9,
                11
              ],
              "inflate": 0
            },
            {
              "origin": [
                -1.5,
                3.72572,
                -0.97184
              ],
              "size": [
                3.0,
                4.0,
                3.0
              ],
              "pivot": [
                0.0,
                5.72572,
                0.52816
              ],
              "rotation": [
                5.0,
                0.0,
                0.0
              ],
              "uv": [
                0,
                7
              ],
              "inflate": 0
            },
            {
              "origin": [
                -1.0,
                7.59685,
                -0.89178
              ],
              "size": [
                2.0,
                3.0,
                2.0
              ],
              "pivot": [
                0.0,
                9.09685,
                0.10822
              ],
              "rotation": [
                12.5,
                0.0,
                0.0
              ],
              "uv": [
                0,
                0
              ],
              "inflate": 0
            }
          ]
        }
      ]
    }
  ]
}