{
  "format_version": "1.12.0",
  "minecraft:geometry": [
    {
      "description": {
        "identifier": "geometry.yg_bob",
        "texture_width": 64,
        "texture_height": 64,
        "visible_bounds_width": 2,
        "visible_bounds_height": 3.5,
        "visible_bounds_offset": [
          0,
          1.25,
          0
        ]
      },
      "bones": [
        {
          "name": "Root"
        },
        {
          "name": "Body",
          "pivot": [
            0,
            12,
            0
          ],
          "cubes": [
            {
              "origin": [
                -4.0,
                12.0,
                -2.0
              ],
              "size": [
                8.0,
                12.0,
                4.0
              ],
              "uv": [
                28,
                28
              ],
              "inflate": 0
            }
          ],
          "parent": "Root"
        },
        {
          "name": "head",
          "pivot": [
            0,
            24,
            0
          ],
          "cubes": [
            {
              "origin": [
                -4.0,
                24.0,
                -4.0
              ],
              "size": [
                8.0,
                8.0,
                8.0
              ],
              "uv": [
                0,
                16
              ],
              "inflate": 0
            },
            {
              "origin": [
                -4.5,
                29.0,
                -6.0
              ],
              "size": [
                9.0,
                1.0,
                4.0
              ],
              "uv": [
                24,
                0
              ],
              "inflate": 0
            },
            {
              "origin": [
                -4.32,
                23.68,
                -4.32
              ],
              "size": [
                8.64,
                8.64,
                8.64
              ],
              "uv": [
                0,
                0
              ],
              "inflate": 0
            }
          ],
          "parent": "Body"
        },
        {
          "name": "RightArm",
          "pivot": [
            -4,
            23,
            0
          ],
          "cubes": [
            {
              "origin": [
                -6.0,
                12.0,
                -1.0
              ],
              "size": [
                2.0,
                12.0,
                2.0
              ],
              "uv": [
                32,
                5
              ],
              "inflate": 0
            }
          ],
          "parent": "Body"
        },
        {
          "name": "LeftArm",
          "pivot": [
            4,
            23,
            0
          ],
          "cubes": [
            {
              "origin": [
                4.0,
                12.0,
                -1.0
              ],
              "size": [
                2.0,
                12.0,
                2.0
              ],
              "uv": [
                32,
                5
              ],
              "inflate": 0
            }
          ],
          "parent": "Body",
          "mirror": true
        },
        {
          "name": "RightLeg",
          "pivot": [
            -2,
            12,
            0
          ],
          "cubes": [
            {
              "origin": [
                -3.0,
                0.0,
                -1.0
              ],
              "size": [
                2.0,
                12.0,
                2.0
              ],
              "uv": [
                0,
                32
              ],
              "inflate": 0
            }
          ],
          "parent": "Root"
        },
        {
          "name": "LeftLeg",
          "pivot": [
            2,
            12,
            0
          ],
          "cubes": [
            {
              "origin": [
                1.0,
                0.0,
                -1.0
              ],
              "size": [
                2.0,
                12.0,
                2.0
              ],
              "uv": [
                0,
                32
              ],
              "inflate": 0
            }
          ],
          "parent": "Root",
          "mirror": true
        }
      ]
    }
  ]
}