{
  "format_version": "1.12.0",
  "minecraft:geometry": [
    {
      "description": {
        "identifier": "geometry.yg_dupe",
        "texture_width": 64,
        "texture_height": 64,
        "visible_bounds_width": 2,
        "visible_bounds_height": 4.5,
        "visible_bounds_offset": [
          0,
          1.75,
          0
        ]
      },
      "bones": [
        {
          "name": "Root",
          "pivot": [
            0,
            0,
            -2
          ]
        },
        {
          "name": "Body",
          "pivot": [
            0,
            16,
            0.5
          ],
          "cubes": [
            {
              "origin": [
                -3.0,
                24.1363,
                -3.96472
              ],
              "size": [
                6.0,
                9.0,
                6.0
              ],
              "pivot": [
                0.0,
                28.6363,
                -0.96472
              ],
              "rotation": [
                15.0,
                0.0,
                0.0
              ],
              "uv": [
                0,
                16
              ],
              "inflate": 0
            },
            {
              "origin": [
                -2.0,
                17.93856,
                -1.74674
              ],
              "size": [
                4.0,
                7.0,
                4.0
              ],
              "pivot": [
                0.0,
                21.43856,
                0.25326
              ],
              "rotation": [
                2.5,
                0.0,
                0.0
              ],
              "uv": [
                0,
                31
              ],
              "inflate": 0
            },
            {
              "origin": [
                -2.5,
                15.93285,
                -2.0
              ],
              "size": [
                5.0,
                2.0,
                5.0
              ],
              "uv": [
                24,
                0
              ],
              "inflate": 0
            }
          ],
          "parent": "Root"
        },
        {
          "name": "Head",
          "pivot": [
            0,
            32,
            -2
          ],
          "cubes": [
            {
              "origin": [
                -4.0,
                32.0,
                -6.0
              ],
              "size": [
                8.0,
                8.0,
                8.0
              ],
              "uv": [
                0,
                0
              ],
              "inflate": 0
            }
          ],
          "parent": "Body"
        },
        {
          "name": "Rightarm",
          "pivot": [
            -3,
            30,
            -1.5
          ],
          "cubes": [
            {
              "origin": [
                -6.0,
                20.0,
                -3.0
              ],
              "size": [
                3.0,
                11.0,
                3.0
              ],
              "uv": [
                36,
                30
              ],
              "inflate": 0
            },
            {
              "origin": [
                -6.6784,
                11.30154,
                -1.79923
              ],
              "size": [
                4.0,
                10.0,
                4.0
              ],
              "pivot": [
                -4.6784,
                16.30154,
                0.20077
              ],
              "rotation": [
                19.88662,
                -0.34695,
                2.04902
              ],
              "uv": [
                24,
                16
              ],
              "inflate": 0
            }
          ],
          "parent": "Body"
        },
        {
          "name": "Leftarm",
          "pivot": [
            3,
            30,
            -1.5
          ],
          "cubes": [
            {
              "origin": [
                3.0,
                20.0,
                -3.0
              ],
              "size": [
                3.0,
                11.0,
                3.0
              ],
              "uv": [
                36,
                30
              ],
              "inflate": 0,
              "mirror": true
            },
            {
              "origin": [
                2.6784,
                11.30154,
                -1.79923
              ],
              "size": [
                4.0,
                10.0,
                4.0
              ],
              "pivot": [
                4.6784,
                16.30154,
                0.20077
              ],
              "rotation": [
                19.88662,
                0.34695,
                -2.04902
              ],
              "uv": [
                24,
                16
              ],
              "inflate": 0,
              "mirror": true
            }
          ],
          "parent": "Body"
        },
        {
          "name": "Rightleg",
          "pivot": [
            -2,
            17,
            0.5
          ],
          "cubes": [
            {
              "origin": [
                -3.93474,
                7.99572,
                -1.0
              ],
              "size": [
                3.0,
                9.0,
                3.0
              ],
              "pivot": [
                -2.43474,
                12.49572,
                0.5
              ],
              "rotation": [
                0.0,
                0.0,
                7.5
              ],
              "uv": [
                36,
                7
              ],
              "inflate": 0
            },
            {
              "origin": [
                -5.0,
                -0.76999,
                -1.5
              ],
              "size": [
                4.0,
                9.0,
                4.0
              ],
              "uv": [
                20,
                30
              ],
              "inflate": 0
            }
          ],
          "parent": "Root"
        },
        {
          "name": "Leftleg",
          "pivot": [
            2,
            17,
            0.5
          ],
          "cubes": [
            {
              "origin": [
                0.93474,
                7.99572,
                -1.0
              ],
              "size": [
                3.0,
                9.0,
                3.0
              ],
              "pivot": [
                2.43474,
                12.49572,
                0.5
              ],
              "rotation": [
                0.0,
                0.0,
                -7.5
              ],
              "uv": [
                36,
                7
              ],
              "inflate": 0,
              "mirror": true
            },
            {
              "origin": [
                1.0,
                -0.76999,
                -1.5
              ],
              "size": [
                4.0,
                9.0,
                4.0
              ],
              "uv": [
                20,
                30
              ],
              "inflate": 0,
              "mirror": true
            }
          ],
          "parent": "Root"
        }
      ]
    }
  ]
}