{
  "format_version": "1.12.0",
  "minecraft:geometry": [
    {
      "description": {
        "identifier": "geometry.yg_el_goblino",
        "texture_width": 64,
        "texture_height": 64,
        "visible_bounds_width": 2,
        "visible_bounds_height": 3.5,
        "visible_bounds_offset": [
          0,
          1.25,
          0
        ]
      },
      "bones": [
        {
          "name": "Root"
        },
        {
          "name": "Body",
          "pivot": [
            0,
            9,
            0
          ],
          "cubes": [
            {
              "origin": [
                -3.0,
                9.0,
                -2.0
              ],
              "size": [
                6.0,
                8.0,
                4.0
              ],
              "uv": [
                0,
                22
              ],
              "inflate": 0
            },
            {
              "origin": [
                -3.12,
                8.92,
                -2.08
              ],
              "size": [
                6.24,
                4.16,
                4.16
              ],
              "uv": [
                20,
                22
              ],
              "inflate": 0
            }
          ],
          "parent": "Root"
        },
        {
          "name": "Head",
          "pivot": [
            0,
            18,
            0
          ],
          "cubes": [
            {
              "origin": [
                -4.0,
                18.0,
                -4.0
              ],
              "size": [
                8.0,
                6.0,
                8.0
              ],
              "uv": [
                0,
                0
              ],
              "inflate": 0
            },
            {
              "origin": [
                -5.56567,
                21.52914,
                -2.36752
              ],
              "size": [
                1.0,
                3.0,
                5.0
              ],
              "pivot": [
                -5.06567,
                23.02914,
                0.13248
              ],
              "rotation": [
                36.34198,
                -38.26038,
                -6.82423
              ],
              "uv": [
                27,
                30
              ],
              "inflate": 0
            },
            {
              "origin": [
                -6.46865,
                20.76405,
                0.33045
              ],
              "size": [
                2.0,
                2.0,
                1.0
              ],
              "pivot": [
                -5.46865,
                21.76405,
                0.83045
              ],
              "rotation": [
                36.34198,
                -38.26038,
                -6.82423
              ],
              "uv": [
                0,
                0
              ],
              "inflate": 0
            },
            {
              "origin": [
                4.56567,
                21.52914,
                -2.36752
              ],
              "size": [
                1.0,
                3.0,
                5.0
              ],
              "pivot": [
                5.06567,
                23.02914,
                0.13248
              ],
              "rotation": [
                36.34198,
                38.26038,
                6.82423
              ],
              "uv": [
                15,
                30
              ],
              "inflate": 0
            },
            {
              "origin": [
                -4.48,
                21.26,
                -4.84
              ],
              "size": [
                3.48,
                3.48,
                3.48
              ],
              "pivot": [
                -2.74,
                23.0,
                -3.1
              ],
              "rotation": [
                -17.5,
                0.0,
                0.0
              ],
              "uv": [
                37,
                27
              ],
              "inflate": 0
            },
            {
              "origin": [
                1.0,
                21.26,
                -4.84
              ],
              "size": [
                3.48,
                3.48,
                3.48
              ],
              "pivot": [
                2.74,
                23.0,
                -3.1
              ],
              "rotation": [
                -17.5,
                0.0,
                0.0
              ],
              "uv": [
                37,
                19
              ],
              "inflate": 0
            },
            {
              "origin": [
                -1.5,
                18.0,
                -7.0
              ],
              "size": [
                3.0,
                3.0,
                3.0
              ],
              "uv": [
                9,
                38
              ],
              "inflate": 0
            },
            {
              "origin": [
                -1.0,
                18.29159,
                -9.53414
              ],
              "size": [
                2.0,
                2.0,
                3.0
              ],
              "pivot": [
                0.0,
                19.29159,
                -8.03414
              ],
              "rotation": [
                17.5,
                0.0,
                0.0
              ],
              "uv": [
                22,
                30
              ],
              "inflate": 0
            }
          ],
          "parent": "Body"
        },
        {
          "name": "Mouth",
          "pivot": [
            0,
            17.5,
            3
          ],
          "cubes": [
            {
              "origin": [
                -3.71,
                16.97,
                -3.71
              ],
              "size": [
                7.42,
                1.06,
                7.42
              ],
              "uv": [
                0,
                14
              ],
              "inflate": 0
            }
          ],
          "parent": "Head"
        },
        {
          "name": "Rightarm",
          "pivot": [
            -3.5,
            16.5,
            0
          ],
          "cubes": [
            {
              "origin": [
                -6.0,
                12.0,
                -1.5
              ],
              "size": [
                3.0,
                5.0,
                3.0
              ],
              "uv": [
                28,
                14
              ],
              "inflate": 0
            }
          ],
          "parent": "Body"
        },
        {
          "name": "bone2",
          "pivot": [
            -4.5,
            12,
            0
          ],
          "cubes": [
            {
              "origin": [
                -6.0,
                8.0,
                -1.5
              ],
              "size": [
                3.0,
                4.0,
                3.0
              ],
              "uv": [
                0,
                34
              ],
              "inflate": 0
            }
          ],
          "parent": "Rightarm"
        },
        {
          "name": "Leftarm",
          "pivot": [
            3.5,
            16.5,
            0
          ],
          "cubes": [
            {
              "origin": [
                3.0,
                12.0,
                -1.5
              ],
              "size": [
                3.0,
                5.0,
                3.0
              ],
              "uv": [
                28,
                14
              ],
              "inflate": 0,
              "mirror": true
            }
          ],
          "parent": "Body"
        },
        {
          "name": "bone4",
          "pivot": [
            4.5,
            12,
            0
          ],
          "cubes": [
            {
              "origin": [
                3.0,
                8.0,
                -1.5
              ],
              "size": [
                3.0,
                4.0,
                3.0
              ],
              "uv": [
                0,
                34
              ],
              "inflate": 0,
              "mirror": true
            }
          ],
          "parent": "Leftarm"
        },
        {
          "name": "Rightleg",
          "pivot": [
            -1.5,
            9.25,
            0
          ],
          "cubes": [
            {
              "origin": [
                -3.0,
                5.0,
                -1.5
              ],
              "size": [
                3.0,
                4.0,
                3.0
              ],
              "uv": [
                33,
                5
              ],
              "inflate": 0
            },
            {
              "origin": [
                -3.12,
                5.88,
                -1.62
              ],
              "size": [
                3.24,
                3.24,
                3.24
              ],
              "uv": [
                36,
                35
              ],
              "inflate": 0
            }
          ],
          "parent": "Root"
        },
        {
          "name": "bone3",
          "pivot": [
            -1.5,
            4.5,
            0
          ],
          "cubes": [
            {
              "origin": [
                -3.0,
                0.0,
                -1.5
              ],
              "size": [
                3.0,
                5.0,
                3.0
              ],
              "uv": [
                24,
                0
              ],
              "inflate": 0
            }
          ],
          "parent": "Rightleg"
        },
        {
          "name": "Leftleg",
          "pivot": [
            1.5,
            9.25,
            0
          ],
          "cubes": [
            {
              "origin": [
                0.0,
                5.0,
                -1.5
              ],
              "size": [
                3.0,
                4.0,
                3.0
              ],
              "uv": [
                33,
                5
              ],
              "inflate": 0,
              "mirror": true
            },
            {
              "origin": [
                -0.12,
                5.88,
                -1.62
              ],
              "size": [
                3.24,
                3.24,
                3.24
              ],
              "uv": [
                36,
                35
              ],
              "inflate": 0,
              "mirror": true
            }
          ],
          "parent": "Root"
        },
        {
          "name": "bone5",
          "pivot": [
            1.5,
            4.5,
            0
          ],
          "cubes": [
            {
              "origin": [
                0.0,
                0.0,
                -1.5
              ],
              "size": [
                3.0,
                5.0,
                3.0
              ],
              "uv": [
                24,
                0
              ],
              "inflate": 0,
              "mirror": true
            }
          ],
          "parent": "Leftleg"
        }
      ]
    }
  ]
}