{
  "format_version": "1.12.0",
  "minecraft:geometry": [
    {
      "description": {
        "identifier": "geometry.yg_eyes",
        "texture_width": 64,
        "texture_height": 64,
        "visible_bounds_width": 4,
        "visible_bounds_height": 4.5,
        "visible_bounds_offset": [
          0,
          1.75,
          0
        ]
      },
      "bones": [
        {
          "name": "Root"
        },
        {
          "name": "Shine",
          "pivot": [
            0,
            18,
            0
          ],
          "cubes": [
            {
              "origin": [
                -15.0,
                3.0,
                0.0
              ],
              "size": [
                30.0,
                30.0,
                0.0
              ],
              "uv": [
                0,
                0
              ],
              "inflate": 0
            }
          ],
          "parent": "Root",
          "locators": {}
        },
        {
          "name": "Eyes",
          "pivot": [
            -0.5,
            17,
            0.5
          ],
          "cubes": [
            {
              "origin": [
                -2.0,
                20.0,
                -2.0
              ],
              "size": [
                5.0,
                5.0,
                5.0
              ],
              "uv": [
                24,
                30
              ],
              "inflate": 0
            },
            {
              "origin": [
                -7.4,
                16.6,
                -2.4
              ],
              "size": [
                5.8,
                5.8,
                5.8
              ],
              "uv": [
                24,
                30
              ],
              "inflate": 0
            },
            {
              "origin": [
                -2.4,
                9.6,
                -2.4
              ],
              "size": [
                5.8,
                5.8,
                5.8
              ],
              "uv": [
                24,
                30
              ],
              "inflate": 0
            },
            {
              "origin": [
                -2.8,
                14.2,
                -2.8
              ],
              "size": [
                6.6,
                6.6,
                6.6
              ],
              "uv": [
                0,
                30
              ],
              "inflate": 0
            },
            {
              "origin": [
                3.0,
                12.0,
                -2.0
              ],
              "size": [
                5.0,
                5.0,
                5.0
              ],
              "uv": [
                24,
                30
              ],
              "inflate": 0
            },
            {
              "origin": [
                2.6,
                15.6,
                -2.4
              ],
              "size": [
                5.8,
                5.8,
                5.8
              ],
              "uv": [
                24,
                30
              ],
              "inflate": 0
            },
            {
              "origin": [
                -7.15,
                11.85,
                -2.15
              ],
              "size": [
                5.3,
                5.3,
                5.3
              ],
              "uv": [
                24,
                30
              ],
              "inflate": 0
            },
            {
              "origin": [
                -10.0,
                14.0,
                -2.0
              ],
              "size": [
                5.0,
                5.0,
                5.0
              ],
              "uv": [
                24,
                30
              ],
              "inflate": 0
            }
          ],
          "parent": "Root"
        }
      ]
    }
  ]
}