{"format_version":"1.12.0","minecraft:geometry":[{"description":{"identifier":"geometry.yg_glitch","texture_width":64,"texture_height":64,"visible_bounds_width":4,"visible_bounds_height":4,"visible_bounds_offset":[0,1,0]},"bones":[{"name":"Root"},{"name":"Body","pivot":[0,16.00107,-0.10868],"cubes":[{"origin":[-4,25.00428,-2.43474],"size":[8,5,5],"pivot":[0,27.50428,0.06526],"rotation":[7.5,0,0],"uv":[0,16],"inflate":0},{"origin":[-4,16,-2.5],"size":[8,2,5],"uv":[24,0],"inflate":0},{"origin":[-3.5,18,-2],"size":[7,8,4],"uv":[22,22],"inflate":0},{"origin":[-1.5,24,-4],"size":[5,5,5],"pivot":[1,26.5,-1.5],"rotation":[0,-25,-12.5],"uv":[0,26],"inflate":0},{"origin":[-2.2266,20.21959,-0.2294],"size":[4,4,4],"pivot":[-0.2266,22.21959,1.7706],"rotation":[0,22.5,-17.5],"uv":[42,30],"inflate":0},{"origin":[-3.77046,26.07974,0.95942],"size":[3,3,3],"pivot":[-2.27046,27.57974,2.45942],"rotation":[8.14129,-14.25918,-13.72166],"uv":[40,20],"inflate":0},{"origin":[-1.5,28,-2],"size":[3,3,3],"uv":[43,44],"inflate":0}],"parent":"Root","locators":{"glitch":[0,23,0]}},{"name":"Head","pivot":[0,30,0],"cubes":[{"origin":[-4,30,-4],"size":[8,8,8],"uv":[0,0],"inflate":0}],"parent":"Body"},{"name":"Rightarm","pivot":[-4.5,29,0],"cubes":[{"origin":[-7,22,-2],"size":[3,8,4],"uv":[0,36],"inflate":0},{"origin":[-8,28,-3],"size":[3,3,3],"pivot":[-6.5,29.5,-1.5],"rotation":[21.04835,-19.03771,-6.24605],"uv":[40,20],"inflate":0},{"origin":[-8,26,0],"size":[2,2,2],"pivot":[-6.5,27.5,0.5],"rotation":[-6.33645,15.75776,-10.08581],"uv":[0,0],"inflate":0}],"parent":"Body"},{"name":"bone","pivot":[-5.5,21.5,0],"cubes":[{"origin":[-7,13,-2],"size":[3,9,4],"uv":[32,34],"inflate":0}],"parent":"Rightarm"},{"name":"Leftarm","pivot":[4.5,29,0],"cubes":[{"origin":[4,22,-2],"size":[3,8,4],"uv":[0,36],"inflate":0,"mirror":true}],"parent":"Body"},{"name":"bone4","pivot":[5.5,21.5,0],"cubes":[{"origin":[4,13,-2],"size":[3,9,4],"uv":[32,34],"inflate":0,"mirror":true},{"origin":[5,17,-3],"size":[3,3,3],"pivot":[6.5,18.5,-1.5],"rotation":[0,15,22.5],"uv":[40,20],"inflate":0},{"origin":[5.87442,13.80372,0.85355],"size":[2,2,2],"pivot":[6.87442,14.80372,1.85355],"rotation":[11.06517,-16.76559,-11.63554],"uv":[0,0],"inflate":0}],"parent":"Leftarm"},{"name":"Rightleg","pivot":[-2,16,0],"cubes":[{"origin":[-4,9,-2],"size":[4,8,4],"uv":[16,34],"inflate":0}],"parent":"Root"},{"name":"bone2","pivot":[-2,8.5,0],"cubes":[{"origin":[-4,0,-2],"size":[4,9,4],"uv":[32,7],"inflate":0}],"parent":"Rightleg"},{"name":"Leftleg","pivot":[2,16,0],"cubes":[{"origin":[0,9,-2],"size":[4,8,4],"uv":[16,34],"inflate":0,"mirror":true}],"parent":"Root"},{"name":"bone3","pivot":[2,8.5,0],"cubes":[{"origin":[0,0,-2],"size":[4,9,4],"uv":[32,7],"inflate":0,"mirror":true}],"parent":"Leftleg"}]}]}