{
  "format_version": "1.12.0",
  "minecraft:geometry": [
    {
      "description": {
        "identifier": "geometry.yg_greed",
        "texture_width": 128,
        "texture_height": 128,
        "visible_bounds_width": 4,
        "visible_bounds_height": 3.5,
        "visible_bounds_offset": [
          0,
          1.25,
          0
        ]
      },
      "bones": [
        {
          "name": "Root"
        },
        {
          "name": "Shine",
          "pivot": [
            0,
            18,
            0
          ],
          "cubes": [
            {
              "origin": [
                -18.0,
                0.0,
                0.0
              ],
              "size": [
                36.0,
                36.0,
                0.0
              ],
              "uv": [
                0,
                0
              ],
              "inflate": 0
            }
          ],
          "parent": "Root"
        },
        {
          "name": "Teeth",
          "pivot": [
            0.5,
            22,
            0
          ],
          "cubes": [
            {
              "origin": [
                -9.0,
                18.0,
                -0.6
              ],
              "size": [
                19.0,
                8.0,
                0.0
              ],
              "uv": [
                38,
                36
              ],
              "inflate": 0
            },
            {
              "origin": [
                -9.0,
                18.0,
                0.6
              ],
              "size": [
                19.0,
                8.0,
                0.0
              ],
              "uv": [
                38,
                36
              ],
              "inflate": 0
            }
          ],
          "parent": "Root"
        },
        {
          "name": "Teeth2",
          "pivot": [
            0.5,
            13,
            0
          ],
          "cubes": [
            {
              "origin": [
                -9.0,
                9.0,
                -0.6
              ],
              "size": [
                19.0,
                8.0,
                0.0
              ],
              "uv": [
                0,
                36
              ],
              "inflate": 0
            },
            {
              "origin": [
                -9.0,
                9.0,
                0.6
              ],
              "size": [
                19.0,
                8.0,
                0.0
              ],
              "uv": [
                0,
                36
              ],
              "inflate": 0
            }
          ],
          "parent": "Root"
        }
      ]
    }
  ]
}