{
  "format_version": "1.12.0",
  "minecraft:geometry": [
    {
      "description": {
        "identifier": "geometry.yg_halt",
        "texture_width": 128,
        "texture_height": 128,
        "visible_bounds_width": 3,
        "visible_bounds_height": 3.5,
        "visible_bounds_offset": [
          0,
          1.25,
          0
        ]
      },
      "bones": [
        {
          "name": "Root",
          "pivot": [
            0,
            3,
            0
          ],
          "cubes": [
            {
              "origin": [
                -8.0,
                3.0,
                -8.0
              ],
              "size": [
                16.0,
                23.0,
                16.0
              ],
              "uv": [
                0,
                39
              ],
              "inflate": 0
            },
            {
              "origin": [
                -8.32,
                2.54,
                -8.32
              ],
              "size": [
                16.64,
                23.92,
                16.64
              ],
              "uv": [
                0,
                0
              ],
              "inflate": 0
            }
          ]
        },
        {
          "name": "Eye",
          "pivot": [
            0,
            12,
            3
          ],
          "cubes": [
            {
              "origin": [
                -9.0,
                12.0,
                -8.6
              ],
              "size": [
                18.0,
                11.0,
                0.0
              ],
              "uv": [
                48,
                0
              ],
              "inflate": 0
            }
          ],
          "parent": "Root"
        }
      ]
    }
  ]
}