{
  "format_version": "1.12.0",
  "minecraft:geometry": [
    {
      "description": {
        "identifier": "geometry.yg_jeff",
        "texture_width": 256,
        "texture_height": 256,
        "visible_bounds_width": 12,
        "visible_bounds_height": 5.5,
        "visible_bounds_offset": [
          0,
          2.25,
          0
        ]
      },
      "bones": [
        {
          "name": "Root"
        },
        {
          "name": "Store",
          "pivot": [
            3.125,
            18.125,
            -15.25
          ],
          "cubes": [
            {
              "origin": [
                -28.0,
                0.0,
                -24.0
              ],
              "size": [
                16.0,
                16.0,
                16.0
              ],
              "pivot": [
                -20.0,
                8.0,
                -16.0
              ],
              "rotation": [
                0.0,
                -7.5,
                0.0
              ],
              "uv": [
                0,
                22
              ],
              "inflate": 0
            },
            {
              "origin": [
                23.0,
                0.0,
                -24.0
              ],
              "size": [
                16.0,
                16.0,
                16.0
              ],
              "uv": [
                0,
                22
              ],
              "inflate": 0
            },
            {
              "origin": [
                -35.0,
                16.0,
                -26.0
              ],
              "size": [
                77.0,
                2.0,
                20.0
              ],
              "uv": [
                0,
                0
              ],
              "inflate": 0
            },
            {
              "origin": [
                34.0,
                18.0,
                -14.0
              ],
              "size": [
                7.0,
                10.0,
                7.0
              ],
              "uv": [
                34,
                101
              ],
              "inflate": 0
            },
            {
              "origin": [
                -34.0,
                18.0,
                -20.0
              ],
              "size": [
                16.0,
                2.0,
                12.0
              ],
              "uv": [
                48,
                22
              ],
              "inflate": 0
            },
            {
              "origin": [
                -16.0,
                18.0,
                -21.0
              ],
              "size": [
                10.0,
                4.0,
                10.0
              ],
              "uv": [
                94,
                40
              ],
              "inflate": 0
            },
            {
              "origin": [
                -3.0,
                18.0,
                -21.0
              ],
              "size": [
                10.0,
                4.0,
                10.0
              ],
              "uv": [
                94,
                26
              ],
              "inflate": 0
            },
            {
              "origin": [
                10.0,
                18.0,
                -21.0
              ],
              "size": [
                10.0,
                4.0,
                10.0
              ],
              "uv": [
                94,
                26
              ],
              "inflate": 0
            },
            {
              "origin": [
                23.0,
                18.0,
                -21.0
              ],
              "size": [
                10.0,
                4.0,
                10.0
              ],
              "uv": [
                86,
                91
              ],
              "inflate": 0
            },
            {
              "origin": [
                -17.0,
                19.0,
                -22.0
              ],
              "size": [
                12.0,
                2.0,
                12.0
              ],
              "uv": [
                48,
                87
              ],
              "inflate": 0
            },
            {
              "origin": [
                -4.0,
                19.0,
                -22.0
              ],
              "size": [
                12.0,
                2.0,
                12.0
              ],
              "uv": [
                0,
                87
              ],
              "inflate": 0
            },
            {
              "origin": [
                9.0,
                19.0,
                -22.0
              ],
              "size": [
                12.0,
                2.0,
                12.0
              ],
              "uv": [
                0,
                87
              ],
              "inflate": 0
            },
            {
              "origin": [
                22.0,
                19.0,
                -22.0
              ],
              "size": [
                12.0,
                2.0,
                12.0
              ],
              "uv": [
                56,
                73
              ],
              "inflate": 0
            },
            {
              "origin": [
                -31.0,
                20.0,
                -16.0
              ],
              "size": [
                11.0,
                7.0,
                6.0
              ],
              "uv": [
                0,
                101
              ],
              "inflate": 0
            },
            {
              "origin": [
                -25.0,
                22.0,
                -17.0
              ],
              "size": [
                3.0,
                3.0,
                1.0
              ],
              "uv": [
                11,
                11
              ],
              "inflate": 0
            },
            {
              "origin": [
                -3.0,
                0.0,
                -22.0
              ],
              "size": [
                16.0,
                16.0,
                16.0
              ],
              "pivot": [
                5.0,
                8.0,
                -14.0
              ],
              "rotation": [
                -10.0,
                0.0,
                -90.0
              ],
              "uv": [
                0,
                22
              ],
              "inflate": 0
            }
          ],
          "parent": "Root"
        },
        {
          "name": "Jeff",
          "pivot": [
            0,
            3.25,
            6
          ],
          "cubes": [
            {
              "origin": [
                -7.0,
                22.0,
                -1.0
              ],
              "size": [
                14.0,
                14.0,
                14.0
              ],
              "uv": [
                0,
                59
              ],
              "inflate": 0
            },
            {
              "origin": [
                -7.56,
                3.44,
                -1.56
              ],
              "size": [
                15.12,
                19.12,
                15.12
              ],
              "uv": [
                49,
                39
              ],
              "inflate": 0
            },
            {
              "origin": [
                -6.0,
                27.0,
                -2.0
              ],
              "size": [
                5.0,
                5.0,
                1.0
              ],
              "uv": [
                0,
                6
              ],
              "inflate": 0
            },
            {
              "origin": [
                1.0,
                27.0,
                -2.0
              ],
              "size": [
                5.0,
                5.0,
                1.0
              ],
              "uv": [
                0,
                0
              ],
              "inflate": 0
            }
          ],
          "parent": "Root"
        },
        {
          "name": "Tentacle",
          "pivot": [
            -6.5,
            28.5,
            6.5
          ],
          "cubes": [
            {
              "origin": [
                -16.0,
                26.0,
                4.0
              ],
              "size": [
                9.0,
                5.0,
                5.0
              ],
              "uv": [
                92,
                73
              ],
              "inflate": 0
            }
          ],
          "parent": "Jeff"
        },
        {
          "name": "bone",
          "pivot": [
            -15.5,
            28.5,
            6.5
          ],
          "cubes": [
            {
              "origin": [
                -25.0,
                26.5,
                4.5
              ],
              "size": [
                9.0,
                4.0,
                4.0
              ],
              "uv": [
                100,
                83
              ],
              "inflate": 0
            }
          ],
          "parent": "Tentacle"
        },
        {
          "name": "bone2",
          "pivot": [
            -24.5,
            28.5,
            6.5
          ],
          "cubes": [
            {
              "origin": [
                -34.0,
                27.0,
                5.0
              ],
              "size": [
                9.0,
                3.0,
                3.0
              ],
              "uv": [
                36,
                87
              ],
              "inflate": 0
            }
          ],
          "parent": "bone"
        },
        {
          "name": "bone3",
          "pivot": [
            -33.5,
            28.5,
            6.5
          ],
          "cubes": [
            {
              "origin": [
                -43.0,
                27.5,
                5.5
              ],
              "size": [
                9.0,
                2.0,
                2.0
              ],
              "uv": [
                0,
                54
              ],
              "inflate": 0
            }
          ],
          "parent": "bone2"
        },
        {
          "name": "Tentacle2",
          "pivot": [
            6.5,
            28.5,
            6.5
          ],
          "cubes": [
            {
              "origin": [
                7.0,
                26.0,
                4.0
              ],
              "size": [
                9.0,
                5.0,
                5.0
              ],
              "uv": [
                92,
                73
              ],
              "inflate": 0,
              "mirror": true
            }
          ],
          "parent": "Jeff"
        },
        {
          "name": "bone4",
          "pivot": [
            15.5,
            28.5,
            6.5
          ],
          "cubes": [
            {
              "origin": [
                16.0,
                26.5,
                4.5
              ],
              "size": [
                9.0,
                4.0,
                4.0
              ],
              "uv": [
                100,
                83
              ],
              "inflate": 0,
              "mirror": true
            }
          ],
          "parent": "Tentacle2"
        },
        {
          "name": "bone5",
          "pivot": [
            24.5,
            28.5,
            6.5
          ],
          "cubes": [
            {
              "origin": [
                25.0,
                27.0,
                5.0
              ],
              "size": [
                9.0,
                3.0,
                3.0
              ],
              "uv": [
                36,
                87
              ],
              "inflate": 0,
              "mirror": true
            }
          ],
          "parent": "bone4"
        },
        {
          "name": "bone6",
          "pivot": [
            33.5,
            28.5,
            6.5
          ],
          "cubes": [
            {
              "origin": [
                34.0,
                27.5,
                5.5
              ],
              "size": [
                9.0,
                2.0,
                2.0
              ],
              "uv": [
                0,
                54
              ],
              "inflate": 0,
              "mirror": true
            }
          ],
          "parent": "bone5"
        }
      ]
    }
  ]
}