{
  "format_version": "1.12.0",
  "minecraft:geometry": [
    {
      "description": {
        "identifier": "geometry.yg_jeff_the_killer",
        "texture_width": 128,
        "texture_height": 128,
        "visible_bounds_width": 2,
        "visible_bounds_height": 3.5,
        "visible_bounds_offset": [
          0,
          1.25,
          0
        ]
      },
      "bones": [
        {
          "name": "Root"
        },
        {
          "name": "Body",
          "pivot": [
            0,
            12,
            0
          ],
          "cubes": [
            {
              "origin": [
                -4.0,
                12.0,
                -2.0
              ],
              "size": [
                8.0,
                12.0,
                4.0
              ],
              "uv": [
                0,
                32
              ],
              "inflate": 0
            },
            {
              "origin": [
                -4.0,
                12.0,
                -2.0
              ],
              "size": [
                8.0,
                12.0,
                4.0
              ],
              "uv": [
                28,
                28
              ],
              "inflate": 0.25
            }
          ],
          "parent": "Root"
        },
        {
          "name": "Head",
          "pivot": [
            0,
            24,
            0
          ],
          "cubes": [
            {
              "origin": [
                -4.0,
                24.0,
                -4.0
              ],
              "size": [
                8.0,
                8.0,
                8.0
              ],
              "uv": [
                0,
                16
              ],
              "inflate": 0
            },
            {
              "origin": [
                -4.0,
                24.0,
                -4.0
              ],
              "size": [
                8.0,
                8.0,
                8.0
              ],
              "uv": [
                0,
                0
              ],
              "inflate": 0.5
            }
          ],
          "parent": "Body"
        },
        {
          "name": "RightArm",
          "pivot": [
            -4,
            22.5,
            0
          ],
          "cubes": [
            {
              "origin": [
                -7.0,
                11.5,
                -2.0
              ],
              "size": [
                3.0,
                12.0,
                4.0
              ],
              "uv": [
                56,
                0
              ],
              "inflate": 0
            },
            {
              "origin": [
                -7.0,
                11.5,
                -2.0
              ],
              "size": [
                3.0,
                12.0,
                4.0
              ],
              "uv": [
                52,
                44
              ],
              "inflate": 0.25
            },
            {
              "origin": [
                -6.0,
                12.5,
                -3.0
              ],
              "size": [
                1.0,
                1.0,
                4.0
              ],
              "uv": [
                24,
                18
              ],
              "inflate": 0
            },
            {
              "origin": [
                -5.5,
                11.5,
                -9.0
              ],
              "size": [
                0.0,
                2.0,
                6.0
              ],
              "uv": [
                24,
                10
              ],
              "inflate": 0
            }
          ],
          "parent": "Body"
        },
        {
          "name": "LeftArm",
          "pivot": [
            4,
            22.5,
            0
          ],
          "cubes": [
            {
              "origin": [
                4.0,
                11.5,
                -2.0
              ],
              "size": [
                3.0,
                12.0,
                4.0
              ],
              "uv": [
                52,
                28
              ],
              "inflate": 0
            },
            {
              "origin": [
                4.0,
                11.5,
                -2.0
              ],
              "size": [
                3.0,
                12.0,
                4.0
              ],
              "uv": [
                0,
                48
              ],
              "inflate": 0.25
            }
          ],
          "parent": "Body"
        },
        {
          "name": "RightLeg",
          "pivot": [
            -1.9,
            12,
            0
          ],
          "cubes": [
            {
              "origin": [
                -3.9,
                0.0,
                -2.0
              ],
              "size": [
                4.0,
                12.0,
                4.0
              ],
              "uv": [
                36,
                44
              ],
              "inflate": 0
            },
            {
              "origin": [
                -3.9,
                0.0,
                -2.0
              ],
              "size": [
                4.0,
                12.0,
                4.0
              ],
              "uv": [
                20,
                44
              ],
              "inflate": 0.25
            }
          ],
          "parent": "Root"
        },
        {
          "name": "LeftLeg",
          "pivot": [
            1.9,
            12,
            0
          ],
          "cubes": [
            {
              "origin": [
                -0.1,
                0.0,
                -2.0
              ],
              "size": [
                4.0,
                12.0,
                4.0
              ],
              "uv": [
                44,
                12
              ],
              "inflate": 0
            },
            {
              "origin": [
                -0.1,
                0.0,
                -2.0
              ],
              "size": [
                4.0,
                12.0,
                4.0
              ],
              "uv": [
                32,
                0
              ],
              "inflate": 0.25
            }
          ],
          "parent": "Root"
        }
      ]
    }
  ]
}