{
  "format_version": "1.12.0",
  "minecraft:geometry": [
    {
      "description": {
        "identifier": "geometry.yg_noob_figure",
        "texture_width": 128,
        "texture_height": 128,
        "visible_bounds_width": 3,
        "visible_bounds_height": 5.5,
        "visible_bounds_offset": [
          0,
          2.25,
          0
        ]
      },
      "bones": [
        {
          "name": "Root"
        },
        {
          "name": "Body",
          "pivot": [
            0,
            30,
            0
          ],
          "cubes": [
            {
              "origin": [
                -5.1,
                43.84,
                -3.06
              ],
              "size": [
                10.2,
                8.16,
                6.12
              ],
              "uv": [
                34,
                14
              ],
              "inflate": 0
            },
            {
              "origin": [
                -5.76147,
                49.0,
                -2.98858
              ],
              "size": [
                3.0,
                3.0,
                6.0
              ],
              "pivot": [
                -4.26147,
                50.5,
                0.01142
              ],
              "rotation": [
                0.0,
                5.0,
                0.0
              ],
              "uv": [
                32,
                51
              ],
              "inflate": 0
            },
            {
              "origin": [
                -5.76147,
                45.0,
                -2.98858
              ],
              "size": [
                3.0,
                3.0,
                6.0
              ],
              "pivot": [
                -4.26147,
                46.5,
                0.01142
              ],
              "rotation": [
                0.0,
                5.0,
                0.0
              ],
              "uv": [
                32,
                51
              ],
              "inflate": 0
            },
            {
              "origin": [
                -5.76147,
                42.0,
                -2.98858
              ],
              "size": [
                3.0,
                2.0,
                6.0
              ],
              "pivot": [
                -4.26147,
                43.0,
                0.01142
              ],
              "rotation": [
                0.0,
                5.0,
                0.0
              ],
              "uv": [
                50,
                51
              ],
              "inflate": 0
            },
            {
              "origin": [
                2.76147,
                42.0,
                -2.98858
              ],
              "size": [
                3.0,
                2.0,
                6.0
              ],
              "pivot": [
                4.26147,
                43.0,
                0.01142
              ],
              "rotation": [
                0.0,
                -5.0,
                0.0
              ],
              "uv": [
                50,
                51
              ],
              "inflate": 0,
              "mirror": true
            },
            {
              "origin": [
                2.76147,
                49.0,
                -2.98858
              ],
              "size": [
                3.0,
                3.0,
                6.0
              ],
              "pivot": [
                4.26147,
                50.5,
                0.01142
              ],
              "rotation": [
                0.0,
                -5.0,
                0.0
              ],
              "uv": [
                32,
                51
              ],
              "inflate": 0,
              "mirror": true
            },
            {
              "origin": [
                2.76147,
                45.0,
                -2.98858
              ],
              "size": [
                3.0,
                3.0,
                6.0
              ],
              "pivot": [
                4.26147,
                46.5,
                0.01142
              ],
              "rotation": [
                0.0,
                -5.0,
                0.0
              ],
              "uv": [
                32,
                51
              ],
              "inflate": 0,
              "mirror": true
            },
            {
              "origin": [
                -5.49429,
                49.0,
                0.13073
              ],
              "size": [
                11.0,
                3.0,
                3.0
              ],
              "uv": [
                0,
                40
              ],
              "inflate": 0
            },
            {
              "origin": [
                -5.49429,
                45.0,
                0.13073
              ],
              "size": [
                11.0,
                3.0,
                3.0
              ],
              "uv": [
                0,
                40
              ],
              "inflate": 0
            },
            {
              "origin": [
                -5.49429,
                42.0,
                0.13073
              ],
              "size": [
                11.0,
                2.0,
                3.0
              ],
              "uv": [
                40,
                28
              ],
              "inflate": 0
            },
            {
              "origin": [
                -1.49429,
                49.15224,
                0.8961
              ],
              "size": [
                3.0,
                4.0,
                3.0
              ],
              "pivot": [
                0.00571,
                51.15224,
                2.3961
              ],
              "rotation": [
                22.5,
                0.0,
                0.0
              ],
              "uv": [
                0,
                59
              ],
              "inflate": 0
            },
            {
              "origin": [
                -1.49429,
                45.15224,
                0.8961
              ],
              "size": [
                3.0,
                4.0,
                3.0
              ],
              "pivot": [
                0.00571,
                47.15224,
                2.3961
              ],
              "rotation": [
                22.5,
                0.0,
                0.0
              ],
              "uv": [
                0,
                59
              ],
              "inflate": 0
            },
            {
              "origin": [
                -1.49429,
                41.15224,
                0.8961
              ],
              "size": [
                3.0,
                4.0,
                3.0
              ],
              "pivot": [
                0.00571,
                43.15224,
                2.3961
              ],
              "rotation": [
                22.5,
                0.0,
                0.0
              ],
              "uv": [
                0,
                59
              ],
              "inflate": 0
            },
            {
              "origin": [
                -4.45933,
                49.5,
                -6.18736
              ],
              "size": [
                2.0,
                2.0,
                5.0
              ],
              "pivot": [
                -3.45933,
                50.5,
                -3.68736
              ],
              "rotation": [
                0.0,
                -50.0,
                0.0
              ],
              "uv": [
                56,
                33
              ],
              "inflate": 0
            },
            {
              "origin": [
                -4.45933,
                45.5,
                -6.18736
              ],
              "size": [
                2.0,
                2.0,
                5.0
              ],
              "pivot": [
                -3.45933,
                46.5,
                -3.68736
              ],
              "rotation": [
                0.0,
                -50.0,
                0.0
              ],
              "uv": [
                56,
                33
              ],
              "inflate": 0
            },
            {
              "origin": [
                2.45933,
                49.5,
                -6.18736
              ],
              "size": [
                2.0,
                2.0,
                5.0
              ],
              "pivot": [
                3.45933,
                50.5,
                -3.68736
              ],
              "rotation": [
                0.0,
                50.0,
                0.0
              ],
              "uv": [
                56,
                33
              ],
              "inflate": 0,
              "mirror": true
            },
            {
              "origin": [
                2.45933,
                45.5,
                -6.18736
              ],
              "size": [
                2.0,
                2.0,
                5.0
              ],
              "pivot": [
                3.45933,
                46.5,
                -3.68736
              ],
              "rotation": [
                0.0,
                50.0,
                0.0
              ],
              "uv": [
                56,
                33
              ],
              "inflate": 0,
              "mirror": true
            },
            {
              "origin": [
                2.84235,
                42.0,
                -5.36597
              ],
              "size": [
                2.0,
                2.0,
                4.0
              ],
              "pivot": [
                3.84235,
                43.0,
                -3.36597
              ],
              "rotation": [
                0.0,
                50.0,
                0.0
              ],
              "uv": [
                44,
                51
              ],
              "inflate": 0,
              "mirror": true
            },
            {
              "origin": [
                -4.84235,
                42.0,
                -5.36597
              ],
              "size": [
                2.0,
                2.0,
                4.0
              ],
              "pivot": [
                -3.84235,
                43.0,
                -3.36597
              ],
              "rotation": [
                0.0,
                -50.0,
                0.0
              ],
              "uv": [
                44,
                51
              ],
              "inflate": 0
            },
            {
              "origin": [
                -4.0,
                33.0,
                -3.0
              ],
              "size": [
                8.0,
                11.0,
                6.0
              ],
              "uv": [
                34,
                34
              ],
              "inflate": 0
            },
            {
              "origin": [
                -4.6,
                28.84,
                -3.06
              ],
              "size": [
                9.2,
                4.16,
                6.12
              ],
              "uv": [
                30,
                0
              ],
              "inflate": 0
            }
          ],
          "parent": "Root"
        },
        {
          "name": "Head",
          "pivot": [
            0,
            52,
            0
          ],
          "cubes": [
            {
              "origin": [
                -5.0,
                52.0,
                -5.0
              ],
              "size": [
                10.0,
                10.0,
                10.0
              ],
              "uv": [
                0,
                20
              ],
              "inflate": 0
            },
            {
              "origin": [
                -5.3,
                51.7,
                -5.3
              ],
              "size": [
                10.6,
                10.6,
                10.6
              ],
              "uv": [
                0,
                0
              ],
              "inflate": 0
            }
          ],
          "parent": "Body"
        },
        {
          "name": "Rightarm",
          "pivot": [
            -6,
            49.5,
            0
          ],
          "cubes": [
            {
              "origin": [
                -9.0,
                42.0,
                -2.0
              ],
              "size": [
                4.0,
                9.0,
                4.0
              ],
              "uv": [
                16,
                46
              ],
              "inflate": 0
            }
          ],
          "parent": "Body"
        },
        {
          "name": "bone",
          "pivot": [
            -7,
            42,
            0
          ],
          "cubes": [
            {
              "origin": [
                -9.04,
                32.91,
                -2.04
              ],
              "size": [
                4.08,
                9.18,
                4.08
              ],
              "uv": [
                16,
                46
              ],
              "inflate": 0
            }
          ],
          "parent": "Rightarm"
        },
        {
          "name": "bone2",
          "pivot": [
            -7,
            33,
            0
          ],
          "cubes": [
            {
              "origin": [
                -9.08,
                23.82,
                -2.08
              ],
              "size": [
                4.16,
                9.36,
                4.16
              ],
              "uv": [
                16,
                46
              ],
              "inflate": 0
            }
          ],
          "parent": "bone"
        },
        {
          "name": "bone3",
          "pivot": [
            -7,
            24,
            0
          ],
          "cubes": [
            {
              "origin": [
                -9.2,
                14.55,
                -2.2
              ],
              "size": [
                4.4,
                9.9,
                4.4
              ],
              "uv": [
                16,
                46
              ],
              "inflate": 0
            }
          ],
          "parent": "bone2"
        },
        {
          "name": "Leftarm",
          "pivot": [
            6,
            49.5,
            0
          ],
          "cubes": [
            {
              "origin": [
                5.0,
                42.0,
                -2.0
              ],
              "size": [
                4.0,
                9.0,
                4.0
              ],
              "uv": [
                16,
                46
              ],
              "inflate": 0,
              "mirror": true
            }
          ],
          "parent": "Body"
        },
        {
          "name": "bone7",
          "pivot": [
            7,
            42,
            0
          ],
          "cubes": [
            {
              "origin": [
                4.96,
                32.91,
                -2.04
              ],
              "size": [
                4.08,
                9.18,
                4.08
              ],
              "uv": [
                16,
                46
              ],
              "inflate": 0,
              "mirror": true
            }
          ],
          "parent": "Leftarm"
        },
        {
          "name": "bone8",
          "pivot": [
            7,
            33,
            0
          ],
          "cubes": [
            {
              "origin": [
                4.92,
                23.82,
                -2.08
              ],
              "size": [
                4.16,
                9.36,
                4.16
              ],
              "uv": [
                16,
                46
              ],
              "inflate": 0,
              "mirror": true
            }
          ],
          "parent": "bone7"
        },
        {
          "name": "bone9",
          "pivot": [
            7,
            24,
            0
          ],
          "cubes": [
            {
              "origin": [
                4.8,
                14.55,
                -2.2
              ],
              "size": [
                4.4,
                9.9,
                4.4
              ],
              "uv": [
                16,
                46
              ],
              "inflate": 0,
              "mirror": true
            }
          ],
          "parent": "bone8"
        },
        {
          "name": "Rightleg",
          "pivot": [
            -3,
            30.5,
            0
          ],
          "cubes": [
            {
              "origin": [
                -5.0,
                22.0,
                -2.0
              ],
              "size": [
                4.0,
                9.0,
                4.0
              ],
              "uv": [
                0,
                46
              ],
              "inflate": 0
            }
          ],
          "parent": "Root"
        },
        {
          "name": "bone4",
          "pivot": [
            -3,
            22,
            0
          ],
          "cubes": [
            {
              "origin": [
                -5.04,
                12.91,
                -2.04
              ],
              "size": [
                4.08,
                9.18,
                4.08
              ],
              "uv": [
                0,
                46
              ],
              "inflate": 0
            }
          ],
          "parent": "Rightleg"
        },
        {
          "name": "bone5",
          "pivot": [
            -3,
            13,
            0
          ],
          "cubes": [
            {
              "origin": [
                -5.08,
                3.82,
                -2.08
              ],
              "size": [
                4.16,
                9.36,
                4.16
              ],
              "uv": [
                0,
                46
              ],
              "inflate": 0
            }
          ],
          "parent": "bone4"
        },
        {
          "name": "bone6",
          "pivot": [
            -3,
            4,
            0
          ],
          "cubes": [
            {
              "origin": [
                -5.2,
                -0.45,
                -2.2
              ],
              "size": [
                4.4,
                4.9,
                4.4
              ],
              "uv": [
                56,
                6
              ],
              "inflate": 0
            }
          ],
          "parent": "bone5"
        },
        {
          "name": "Leftleg",
          "pivot": [
            3,
            30.5,
            0
          ],
          "cubes": [
            {
              "origin": [
                1.0,
                22.0,
                -2.0
              ],
              "size": [
                4.0,
                9.0,
                4.0
              ],
              "uv": [
                0,
                46
              ],
              "inflate": 0,
              "mirror": true
            }
          ],
          "parent": "Root"
        },
        {
          "name": "bone10",
          "pivot": [
            3,
            22,
            0
          ],
          "cubes": [
            {
              "origin": [
                0.96,
                12.91,
                -2.04
              ],
              "size": [
                4.08,
                9.18,
                4.08
              ],
              "uv": [
                0,
                46
              ],
              "inflate": 0,
              "mirror": true
            }
          ],
          "parent": "Leftleg"
        },
        {
          "name": "bone11",
          "pivot": [
            3,
            13,
            0
          ],
          "cubes": [
            {
              "origin": [
                0.92,
                3.82,
                -2.08
              ],
              "size": [
                4.16,
                9.36,
                4.16
              ],
              "uv": [
                0,
                46
              ],
              "inflate": 0,
              "mirror": true
            }
          ],
          "parent": "bone10"
        },
        {
          "name": "bone12",
          "pivot": [
            3,
            4,
            0
          ],
          "cubes": [
            {
              "origin": [
                0.8,
                -0.45,
                -2.2
              ],
              "size": [
                4.4,
                4.9,
                4.4
              ],
              "uv": [
                56,
                6
              ],
              "inflate": 0,
              "mirror": true
            }
          ],
          "parent": "bone11"
        }
      ]
    }
  ]
}