{"format_version":"1.12.0","minecraft:geometry":[{"description":{"identifier":"geometry.yg_rush","texture_width":256,"texture_height":256,"visible_bounds_width":4,"visible_bounds_height":4,"visible_bounds_offset":[0,1,0]},"bones":[{"name":"Root","pivot":[0,15.5,0],"cubes":[{"origin":[-10,8,-10],"size":[20,15,20],"uv":[0,42],"inflate":0}],"locators":{"rush":[0,7,0]}},{"name":"Jaw","pivot":[0,10,0],"cubes":[{"origin":[-9.69,2.86,-9.69],"size":[19.38,14.28,19.38],"uv":[61,58],"inflate":0}],"parent":"Root"},{"name":"Shadow","pivot":[-1,13,11],"cubes":[{"origin":[-21,-8,11],"size":[42,42,0],"uv":[0,0],"inflate":0}],"parent":"Root"}]}]}