{
  "format_version": "1.12.0",
  "minecraft:geometry": [
    {
      "description": {
        "identifier": "geometry.yg_seek_hand",
        "texture_width": 128,
        "texture_height": 128,
        "visible_bounds_width": 3,
        "visible_bounds_height": 5.5,
        "visible_bounds_offset": [
          0,
          2.25,
          0
        ]
      },
      "bones": [
        {
          "name": "Root",
          "cubes": [
            {
              "origin": [
                -5.6,
                -0.84,
                -5.6
              ],
              "size": [
                11.2,
                15.68,
                11.2
              ],
              "uv": [
                0,
                0
              ],
              "inflate": 0
            }
          ]
        },
        {
          "name": "bone",
          "pivot": [
            0,
            14,
            0
          ],
          "cubes": [
            {
              "origin": [
                -5.0,
                14.0,
                -5.0
              ],
              "size": [
                10.0,
                14.0,
                10.0
              ],
              "uv": [
                0,
                26
              ],
              "inflate": 0
            }
          ],
          "parent": "Root"
        },
        {
          "name": "bone2",
          "pivot": [
            0,
            28,
            0
          ],
          "cubes": [
            {
              "origin": [
                -4.5,
                28.0,
                -4.0
              ],
              "size": [
                9.0,
                14.0,
                8.0
              ],
              "uv": [
                40,
                18
              ],
              "inflate": 0
            }
          ],
          "parent": "bone"
        },
        {
          "name": "bone3",
          "pivot": [
            0,
            42,
            0
          ],
          "cubes": [
            {
              "origin": [
                -6.0,
                42.0,
                -3.0
              ],
              "size": [
                12.0,
                10.0,
                6.0
              ],
              "uv": [
                40,
                40
              ],
              "inflate": 0
            },
            {
              "origin": [
                -6.33674,
                50.849,
                -3.03528
              ],
              "size": [
                3.0,
                10.0,
                3.0
              ],
              "pivot": [
                -4.83674,
                55.849,
                -1.53528
              ],
              "rotation": [
                15.0,
                0.0,
                -5.0
              ],
              "uv": [
                54,
                3
              ],
              "inflate": 0
            },
            {
              "origin": [
                3.33674,
                50.849,
                -3.03528
              ],
              "size": [
                3.0,
                10.0,
                3.0
              ],
              "pivot": [
                4.83674,
                55.849,
                -1.53528
              ],
              "rotation": [
                15.0,
                0.0,
                5.0
              ],
              "uv": [
                24,
                50
              ],
              "inflate": 0
            },
            {
              "origin": [
                4.6364,
                46.93725,
                -2.78077
              ],
              "size": [
                9.0,
                3.0,
                3.0
              ],
              "pivot": [
                9.1364,
                48.43725,
                -1.28077
              ],
              "rotation": [
                0.0,
                15.0,
                5.0
              ],
              "uv": [
                33,
                0
              ],
              "inflate": 0
            },
            {
              "origin": [
                -3.17298,
                50.962,
                -2.5221
              ],
              "size": [
                3.0,
                10.0,
                3.0
              ],
              "pivot": [
                -1.67298,
                55.962,
                -1.0221
              ],
              "rotation": [
                7.5,
                0.0,
                -2.5
              ],
              "uv": [
                12,
                50
              ],
              "inflate": 0
            },
            {
              "origin": [
                0.17298,
                50.962,
                -2.5221
              ],
              "size": [
                3.0,
                10.0,
                3.0
              ],
              "pivot": [
                1.67298,
                55.962,
                -1.0221
              ],
              "rotation": [
                7.5,
                0.0,
                2.5
              ],
              "uv": [
                0,
                50
              ],
              "inflate": 0
            }
          ],
          "parent": "bone2"
        }
      ]
    }
  ]
}