{
  "format_version": "1.12.0",
  "minecraft:geometry": [
    {
      "description": {
        "identifier": "geometry.yg_snare",
        "texture_width": 128,
        "texture_height": 128,
        "visible_bounds_width": 3,
        "visible_bounds_height": 1.5,
        "visible_bounds_offset": [
          0,
          0.25,
          0
        ]
      },
      "bones": [
        {
          "name": "Root",
          "cubes": [
            {
              "origin": [
                -10.0,
                0.2,
                -10.0
              ],
              "size": [
                21.0,
                0.0,
                20.0
              ],
              "uv": [
                0,
                0
              ],
              "inflate": 0
            },
            {
              "origin": [
                -8.0,
                0.2,
                -8.0
              ],
              "size": [
                17.0,
                1.0,
                15.0
              ],
              "uv": [
                0,
                36
              ],
              "inflate": 0
            },
            {
              "origin": [
                -8.51,
                0.17,
                -8.45
              ],
              "size": [
                18.02,
                1.06,
                15.9
              ],
              "uv": [
                0,
                20
              ],
              "inflate": 0
            },
            {
              "origin": [
                -6.0,
                1.2,
                -6.0
              ],
              "size": [
                13.0,
                1.0,
                11.0
              ],
              "uv": [
                51,
                9
              ],
              "inflate": 0
            },
            {
              "origin": [
                -6.52,
                1.16,
                -6.44
              ],
              "size": [
                14.04,
                1.08,
                11.88
              ],
              "uv": [
                49,
                36
              ],
              "inflate": 0
            }
          ]
        },
        {
          "name": "Spike",
          "cubes": [
            {
              "origin": [
                0.0,
                2.0,
                -3.0
              ],
              "size": [
                0.0,
                6.0,
                4.0
              ],
              "uv": [
                0,
                0
              ],
              "inflate": 0
            },
            {
              "origin": [
                4.0,
                2.0,
                1.0
              ],
              "size": [
                0.0,
                6.0,
                4.0
              ],
              "uv": [
                0,
                0
              ],
              "inflate": 0
            },
            {
              "origin": [
                5.0,
                2.0,
                -5.0
              ],
              "size": [
                0.0,
                6.0,
                4.0
              ],
              "uv": [
                0,
                0
              ],
              "inflate": 0
            },
            {
              "origin": [
                -4.0,
                2.0,
                0.0
              ],
              "size": [
                0.0,
                6.0,
                4.0
              ],
              "uv": [
                0,
                0
              ],
              "inflate": 0
            },
            {
              "origin": [
                -4.0,
                2.0,
                -6.0
              ],
              "size": [
                0.0,
                6.0,
                4.0
              ],
              "uv": [
                0,
                0
              ],
              "inflate": 0
            },
            {
              "origin": [
                -0.04362,
                2.0,
                -2.99905
              ],
              "size": [
                0.0,
                6.0,
                4.0
              ],
              "pivot": [
                -0.04362,
                5.0,
                -0.99905
              ],
              "rotation": [
                0.0,
                90.0,
                0.0
              ],
              "uv": [
                0,
                0
              ],
              "inflate": 0
            },
            {
              "origin": [
                3.95638,
                2.0,
                1.00095
              ],
              "size": [
                0.0,
                6.0,
                4.0
              ],
              "pivot": [
                3.95638,
                5.0,
                3.00095
              ],
              "rotation": [
                0.0,
                90.0,
                0.0
              ],
              "uv": [
                0,
                0
              ],
              "inflate": 0
            },
            {
              "origin": [
                -4.04362,
                2.0,
                0.00095
              ],
              "size": [
                0.0,
                6.0,
                4.0
              ],
              "pivot": [
                -4.04362,
                5.0,
                2.00095
              ],
              "rotation": [
                0.0,
                90.0,
                0.0
              ],
              "uv": [
                0,
                0
              ],
              "inflate": 0
            },
            {
              "origin": [
                5.03886,
                2.0,
                -4.77905
              ],
              "size": [
                0.0,
                6.0,
                4.0
              ],
              "pivot": [
                5.03886,
                5.0,
                -2.77905
              ],
              "rotation": [
                0.0,
                90.0,
                0.0
              ],
              "uv": [
                0,
                0
              ],
              "inflate": 0
            },
            {
              "origin": [
                -3.96114,
                2.0,
                -5.77905
              ],
              "size": [
                0.0,
                6.0,
                4.0
              ],
              "pivot": [
                -3.96114,
                5.0,
                -3.77905
              ],
              "rotation": [
                0.0,
                90.0,
                0.0
              ],
              "uv": [
                0,
                0
              ],
              "inflate": 0
            }
          ],
          "parent": "Root"
        }
      ]
    }
  ]
}