{
  "format_version": "1.12.0",
  "minecraft:geometry": [
    {
      "description": {
        "identifier": "geometry.yg_seek_spawn",
        "texture_width": 256,
        "texture_height": 256,
        "visible_bounds_width": 4,
        "visible_bounds_height": 4,
        "visible_bounds_offset": [
          0,
          1,
          0
        ]
      },
      "bones": [
        {
          "name": "Root"
        },
        {
          "name": "Body",
          "pivot": [
            0,
            16.00107,
            -0.10868
          ],
          "cubes": [
            {
              "origin": [
                -4.0,
                25.00428,
                -2.43474
              ],
              "size": [
                8.0,
                5.0,
                5.0
              ],
              "pivot": [
                0.0,
                27.50428,
                0.06526
              ],
              "rotation": [
                7.5,
                0.0,
                0.0
              ],
              "uv": [
                60,
                39
              ],
              "inflate": 0
            },
            {
              "origin": [
                -4.0,
                16.0,
                -2.5
              ],
              "size": [
                8.0,
                2.0,
                5.0
              ],
              "uv": [
                29,
                64
              ],
              "inflate": 0
            },
            {
              "origin": [
                -3.5,
                18.0,
                -2.0
              ],
              "size": [
                7.0,
                8.0,
                4.0
              ],
              "uv": [
                40,
                72
              ],
              "inflate": 0
            },
            {
              "origin": [
                -1.5,
                28.0,
                -2.0
              ],
              "size": [
                3.0,
                3.0,
                3.0
              ],
              "uv": [
                24,
                17
              ],
              "inflate": 0
            }
          ],
          "parent": "Root"
        },
        {
          "name": "Head",
          "pivot": [
            0,
            30,
            0
          ],
          "cubes": [
            {
              "origin": [
                -4.0,
                30.0,
                -4.0
              ],
              "size": [
                8.0,
                8.0,
                8.0
              ],
              "uv": [
                0,
                17
              ],
              "inflate": 0
            },
            {
              "origin": [
                -4.4096,
                30.6928,
                -4.1024
              ],
              "size": [
                8.8192,
                6.6144,
                2.2048
              ],
              "uv": [
                40,
                84
              ],
              "inflate": 0
            }
          ],
          "parent": "Body"
        },
        {
          "name": "Rightarm",
          "pivot": [
            -4.5,
            29,
            0
          ],
          "cubes": [
            {
              "origin": [
                -7.0,
                22.0,
                -2.0
              ],
              "size": [
                3.0,
                8.0,
                4.0
              ],
              "uv": [
                0,
                88
              ],
              "inflate": 0
            }
          ],
          "parent": "Body"
        },
        {
          "name": "bone",
          "pivot": [
            -5.5,
            21.5,
            0
          ],
          "cubes": [
            {
              "origin": [
                -7.0,
                13.0,
                -2.0
              ],
              "size": [
                3.0,
                9.0,
                4.0
              ],
              "uv": [
                0,
                33
              ],
              "inflate": 0
            }
          ],
          "parent": "Rightarm"
        },
        {
          "name": "Leftarm",
          "pivot": [
            4.5,
            29,
            0
          ],
          "cubes": [
            {
              "origin": [
                4.0,
                22.0,
                -2.0
              ],
              "size": [
                3.0,
                8.0,
                4.0
              ],
              "uv": [
                0,
                88
              ],
              "inflate": 0,
              "mirror": true
            }
          ],
          "parent": "Body"
        },
        {
          "name": "bone4",
          "pivot": [
            5.5,
            21.5,
            0
          ],
          "cubes": [
            {
              "origin": [
                4.0,
                13.0,
                -2.0
              ],
              "size": [
                3.0,
                9.0,
                4.0
              ],
              "uv": [
                0,
                33
              ],
              "inflate": 0,
              "mirror": true
            }
          ],
          "parent": "Leftarm"
        },
        {
          "name": "Rightleg",
          "pivot": [
            -2,
            16,
            0
          ],
          "cubes": [
            {
              "origin": [
                -4.0,
                9.0,
                -2.0
              ],
              "size": [
                4.0,
                8.0,
                4.0
              ],
              "uv": [
                78,
                76
              ],
              "inflate": 0
            }
          ],
          "parent": "Root"
        },
        {
          "name": "bone2",
          "pivot": [
            -2,
            8.5,
            0
          ],
          "cubes": [
            {
              "origin": [
                -4.0,
                0.0,
                -2.0
              ],
              "size": [
                4.0,
                9.0,
                4.0
              ],
              "uv": [
                62,
                76
              ],
              "inflate": 0
            }
          ],
          "parent": "Rightleg"
        },
        {
          "name": "Leftleg",
          "pivot": [
            2,
            16,
            0
          ],
          "cubes": [
            {
              "origin": [
                0.0,
                9.0,
                -2.0
              ],
              "size": [
                4.0,
                8.0,
                4.0
              ],
              "uv": [
                78,
                76
              ],
              "inflate": 0,
              "mirror": true
            }
          ],
          "parent": "Root"
        },
        {
          "name": "bone3",
          "pivot": [
            2,
            8.5,
            0
          ],
          "cubes": [
            {
              "origin": [
                0.0,
                0.0,
                -2.0
              ],
              "size": [
                4.0,
                9.0,
                4.0
              ],
              "uv": [
                62,
                76
              ],
              "inflate": 0,
              "mirror": true
            }
          ],
          "parent": "Leftleg"
        },
        {
          "name": "E",
          "pivot": [
            1.21265,
            0.37396,
            0.52692
          ],
          "cubes": [
            {
              "origin": [
                -20.0,
                0.1,
                -20.0
              ],
              "size": [
                41.0,
                0.0,
                39.0
              ],
              "uv": [
                0,
                0
              ],
              "inflate": 0
            },
            {
              "origin": [
                -1.0,
                -4.0,
                0.0
              ],
              "size": [
                14.0,
                12.0,
                14.0
              ],
              "pivot": [
                6.0,
                2.0,
                7.0
              ],
              "rotation": [
                -12.5,
                -40.0,
                30.0
              ],
              "uv": [
                60,
                50
              ],
              "inflate": 0
            },
            {
              "origin": [
                -16.39108,
                -6.06336,
                -13.01385
              ],
              "size": [
                23.0,
                11.0,
                14.0
              ],
              "pivot": [
                -4.89108,
                -0.56336,
                -6.01385
              ],
              "rotation": [
                0.4555,
                -0.66877,
                22.00225
              ],
              "uv": [
                0,
                39
              ],
              "inflate": 0
            },
            {
              "origin": [
                5.5114,
                -3.5572,
                -5.81815
              ],
              "size": [
                9.0,
                9.0,
                8.0
              ],
              "pivot": [
                10.0114,
                0.9428,
                -1.81815
              ],
              "rotation": [
                5.50693,
                -39.9336,
                -18.17932
              ],
              "uv": [
                0,
                0
              ],
              "inflate": 0
            },
            {
              "origin": [
                -10.05705,
                -7.10964,
                -1.53339
              ],
              "size": [
                9.0,
                13.0,
                11.0
              ],
              "pivot": [
                -5.55705,
                -0.60964,
                3.96661
              ],
              "rotation": [
                4.87301,
                -29.97424,
                -17.07703
              ],
              "uv": [
                0,
                64
              ],
              "inflate": 0
            }
          ]
        }
      ]
    }
  ]
}