{
  "format_version": "1.12.0",
  "minecraft:geometry": [
    {
      "description": {
        "identifier": "geometry.yg_seek_in_car",
        "texture_width": 256,
        "texture_height": 256,
        "visible_bounds_width": 4,
        "visible_bounds_height": 4,
        "visible_bounds_offset": [
          0,
          1,
          0
        ]
      },
      "bones": [
        {
          "name": "Root"
        },
        {
          "name": "Body",
          "pivot": [
            0,
            16.00107,
            -0.10868
          ],
          "cubes": [
            {
              "origin": [
                -4.0,
                25.00428,
                -2.43474
              ],
              "size": [
                8.0,
                5.0,
                5.0
              ],
              "pivot": [
                0.0,
                27.50428,
                0.06526
              ],
              "rotation": [
                7.5,
                0.0,
                0.0
              ],
              "uv": [
                32,
                91
              ],
              "inflate": 0
            },
            {
              "origin": [
                -4.0,
                16.0,
                -2.5
              ],
              "size": [
                8.0,
                2.0,
                5.0
              ],
              "uv": [
                76,
                97
              ],
              "inflate": 0
            },
            {
              "origin": [
                -3.5,
                18.0,
                -2.0
              ],
              "size": [
                7.0,
                8.0,
                4.0
              ],
              "uv": [
                54,
                97
              ],
              "inflate": 0
            },
            {
              "origin": [
                -1.5,
                28.0,
                -2.0
              ],
              "size": [
                3.0,
                3.0,
                3.0
              ],
              "uv": [
                99,
                94
              ],
              "inflate": 0
            }
          ],
          "parent": "Root"
        },
        {
          "name": "Head",
          "pivot": [
            0,
            30,
            0
          ],
          "cubes": [
            {
              "origin": [
                -4.0,
                30.0,
                -4.0
              ],
              "size": [
                8.0,
                8.0,
                8.0
              ],
              "uv": [
                0,
                83
              ],
              "inflate": 0
            },
            {
              "origin": [
                -4.4096,
                30.6928,
                -4.1024
              ],
              "size": [
                8.8192,
                6.6144,
                2.2048
              ],
              "uv": [
                0,
                99
              ],
              "inflate": 0
            }
          ],
          "parent": "Body"
        },
        {
          "name": "Rightarm",
          "pivot": [
            -4.5,
            29,
            0
          ],
          "cubes": [
            {
              "origin": [
                -7.0,
                22.0,
                -2.0
              ],
              "size": [
                3.0,
                8.0,
                4.0
              ],
              "uv": [
                20,
                99
              ],
              "inflate": 0
            }
          ],
          "parent": "Body"
        },
        {
          "name": "bone",
          "pivot": [
            -5.5,
            21.5,
            0
          ],
          "cubes": [
            {
              "origin": [
                -7.0,
                13.0,
                -2.0
              ],
              "size": [
                3.0,
                9.0,
                4.0
              ],
              "uv": [
                0,
                65
              ],
              "inflate": 0
            }
          ],
          "parent": "Rightarm"
        },
        {
          "name": "Leftarm",
          "pivot": [
            4.5,
            29,
            0
          ],
          "cubes": [
            {
              "origin": [
                4.0,
                22.0,
                -2.0
              ],
              "size": [
                3.0,
                8.0,
                4.0
              ],
              "uv": [
                20,
                99
              ],
              "inflate": 0,
              "mirror": true
            }
          ],
          "parent": "Body"
        },
        {
          "name": "bone4",
          "pivot": [
            5.5,
            21.5,
            0
          ],
          "cubes": [
            {
              "origin": [
                4.0,
                13.0,
                -2.0
              ],
              "size": [
                3.0,
                9.0,
                4.0
              ],
              "uv": [
                0,
                65
              ],
              "inflate": 0,
              "mirror": true
            }
          ],
          "parent": "Leftarm"
        },
        {
          "name": "Rightleg",
          "pivot": [
            -2,
            16,
            0
          ],
          "cubes": [
            {
              "origin": [
                -4.0,
                9.0,
                -2.0
              ],
              "size": [
                4.0,
                8.0,
                4.0
              ],
              "uv": [
                47,
                65
              ],
              "inflate": 0
            }
          ],
          "parent": "Root"
        },
        {
          "name": "bone2",
          "pivot": [
            -2,
            8.5,
            0
          ],
          "cubes": [
            {
              "origin": [
                -4.0,
                0.0,
                -2.0
              ],
              "size": [
                4.0,
                9.0,
                4.0
              ],
              "uv": [
                0,
                33
              ],
              "inflate": 0
            }
          ],
          "parent": "Rightleg"
        },
        {
          "name": "Leftleg",
          "pivot": [
            2,
            16,
            0
          ],
          "cubes": [
            {
              "origin": [
                0.0,
                9.0,
                -2.0
              ],
              "size": [
                4.0,
                8.0,
                4.0
              ],
              "uv": [
                47,
                65
              ],
              "inflate": 0,
              "mirror": true
            }
          ],
          "parent": "Root"
        },
        {
          "name": "bone3",
          "pivot": [
            2,
            8.5,
            0
          ],
          "cubes": [
            {
              "origin": [
                0.0,
                0.0,
                -2.0
              ],
              "size": [
                4.0,
                9.0,
                4.0
              ],
              "uv": [
                0,
                33
              ],
              "inflate": 0,
              "mirror": true
            }
          ],
          "parent": "Leftleg"
        },
        {
          "name": "Car",
          "pivot": [
            0.38462,
            15.53846,
            -7.46154
          ],
          "cubes": [
            {
              "origin": [
                -13.0,
                0.0,
                8.0
              ],
              "size": [
                26.0,
                13.0,
                13.0
              ],
              "uv": [
                63,
                52
              ],
              "inflate": 0
            },
            {
              "origin": [
                -13.0,
                0.0,
                -21.0
              ],
              "size": [
                26.0,
                13.0,
                13.0
              ],
              "uv": [
                63,
                52
              ],
              "inflate": 0
            },
            {
              "origin": [
                -11.0,
                5.0,
                -25.0
              ],
              "size": [
                22.0,
                16.0,
                16.0
              ],
              "uv": [
                0,
                33
              ],
              "inflate": 0
            },
            {
              "origin": [
                2.0,
                14.0,
                -9.0
              ],
              "size": [
                6.0,
                7.0,
                2.0
              ],
              "uv": [
                34,
                101
              ],
              "inflate": 0
            },
            {
              "origin": [
                -11.0,
                21.0,
                -13.0
              ],
              "size": [
                4.0,
                12.0,
                4.0
              ],
              "uv": [
                0,
                0
              ],
              "inflate": 0
            },
            {
              "origin": [
                7.0,
                21.0,
                -13.0
              ],
              "size": [
                4.0,
                12.0,
                4.0
              ],
              "uv": [
                0,
                0
              ],
              "inflate": 0
            },
            {
              "origin": [
                -7.0,
                29.0,
                -13.0
              ],
              "size": [
                14.0,
                4.0,
                4.0
              ],
              "uv": [
                24,
                83
              ],
              "inflate": 0
            },
            {
              "origin": [
                -11.0,
                5.0,
                7.0
              ],
              "size": [
                22.0,
                16.0,
                17.0
              ],
              "uv": [
                0,
                0
              ],
              "inflate": 0
            },
            {
              "origin": [
                -11.0,
                5.0,
                -9.0
              ],
              "size": [
                22.0,
                7.0,
                16.0
              ],
              "uv": [
                62,
                17
              ],
              "inflate": 0
            },
            {
              "origin": [
                -8.0,
                12.0,
                -9.0
              ],
              "size": [
                16.0,
                3.0,
                15.0
              ],
              "uv": [
                0,
                65
              ],
              "inflate": 0
            },
            {
              "origin": [
                -8.0,
                15.0,
                2.0
              ],
              "size": [
                16.0,
                15.0,
                4.0
              ],
              "uv": [
                62,
                78
              ],
              "inflate": 0
            },
            {
              "origin": [
                -11.0,
                5.0,
                -28.0
              ],
              "size": [
                22.0,
                5.0,
                3.0
              ],
              "uv": [
                60,
                40
              ],
              "inflate": 0
            },
            {
              "origin": [
                -14.0,
                4.0,
                -31.0
              ],
              "size": [
                28.0,
                9.0,
                3.0
              ],
              "uv": [
                61,
                0
              ],
              "inflate": 0
            }
          ],
          "parent": "Root"
        }
      ]
    }
  ]
}