{
  "format_version": "1.12.0",
  "minecraft:geometry": [
    {
      "description": {
        "identifier": "geometry.yg_timothy",
        "texture_width": 64,
        "texture_height": 64,
        "visible_bounds_width": 4,
        "visible_bounds_height": 2.5,
        "visible_bounds_offset": [
          0,
          0.75,
          0
        ]
      },
      "bones": [
        {
          "name": "Root"
        },
        {
          "name": "body0",
          "pivot": [
            0,
            9,
            0
          ],
          "cubes": [
            {
              "origin": [
                -3.0,
                6.0,
                -3.0
              ],
              "size": [
                6.0,
                6.0,
                6.0
              ],
              "uv": [
                26,
                30
              ],
              "inflate": 0
            }
          ],
          "parent": "Root"
        },
        {
          "name": "body1",
          "pivot": [
            0,
            9,
            3
          ],
          "cubes": [
            {
              "origin": [
                -5.0,
                5.0,
                3.0
              ],
              "size": [
                10.0,
                8.0,
                12.0
              ],
              "uv": [
                0,
                0
              ],
              "inflate": 0
            }
          ],
          "parent": "body0"
        },
        {
          "name": "Leg0",
          "pivot": [
            3.03109,
            9.38797,
            2
          ],
          "cubes": [
            {
              "origin": [
                2.64279,
                8.23396,
                1.0
              ],
              "size": [
                8.0,
                2.0,
                2.0
              ],
              "pivot": [
                2.64279,
                9.23396,
                2.0
              ],
              "rotation": [
                0.0,
                0.0,
                -40.0
              ],
              "uv": [
                24,
                24
              ],
              "inflate": 0
            },
            {
              "origin": [
                7.47151,
                12.17945,
                1.0
              ],
              "size": [
                5.0,
                2.0,
                2.0
              ],
              "pivot": [
                9.97151,
                13.17945,
                2.0
              ],
              "rotation": [
                0.0,
                0.0,
                25.0
              ],
              "uv": [
                32,
                0
              ],
              "inflate": 0
            },
            {
              "origin": [
                7.4148,
                5.17937,
                1.0
              ],
              "size": [
                14.0,
                2.0,
                2.0
              ],
              "pivot": [
                14.4148,
                6.17937,
                2.0
              ],
              "rotation": [
                0.0,
                0.0,
                67.5
              ],
              "uv": [
                24,
                20
              ],
              "inflate": 0
            }
          ],
          "parent": "body0"
        },
        {
          "name": "Leg1",
          "pivot": [
            -3.03109,
            9.38797,
            2
          ],
          "cubes": [
            {
              "origin": [
                -10.64279,
                8.23396,
                1.0
              ],
              "size": [
                8.0,
                2.0,
                2.0
              ],
              "pivot": [
                -2.64279,
                9.23396,
                2.5
              ],
              "rotation": [
                0.0,
                0.0,
                40.0
              ],
              "uv": [
                24,
                24
              ],
              "inflate": 0,
              "mirror": true
            },
            {
              "origin": [
                -12.47151,
                12.17945,
                1.0
              ],
              "size": [
                5.0,
                2.0,
                2.0
              ],
              "pivot": [
                -9.97151,
                13.17945,
                2.0
              ],
              "rotation": [
                0.0,
                0.0,
                -25.0
              ],
              "uv": [
                32,
                0
              ],
              "inflate": 0,
              "mirror": true
            },
            {
              "origin": [
                -21.4148,
                5.17937,
                1.0
              ],
              "size": [
                14.0,
                2.0,
                2.0
              ],
              "pivot": [
                -14.4148,
                6.17937,
                2.0
              ],
              "rotation": [
                0.0,
                0.0,
                -67.5
              ],
              "uv": [
                24,
                20
              ],
              "inflate": 0,
              "mirror": true
            }
          ],
          "parent": "body0"
        },
        {
          "name": "Leg2",
          "pivot": [
            3.03109,
            9.38797,
            1
          ],
          "cubes": [
            {
              "origin": [
                2.64279,
                8.23396,
                0.0
              ],
              "size": [
                8.0,
                2.0,
                2.0
              ],
              "pivot": [
                2.64279,
                9.23396,
                1.0
              ],
              "rotation": [
                0.0,
                0.0,
                -40.0
              ],
              "uv": [
                24,
                24
              ],
              "inflate": 0
            },
            {
              "origin": [
                7.47151,
                12.17945,
                0.0
              ],
              "size": [
                5.0,
                2.0,
                2.0
              ],
              "pivot": [
                9.97151,
                13.17945,
                1.0
              ],
              "rotation": [
                0.0,
                0.0,
                25.0
              ],
              "uv": [
                32,
                0
              ],
              "inflate": 0
            },
            {
              "origin": [
                7.4148,
                5.17937,
                0.0
              ],
              "size": [
                14.0,
                2.0,
                2.0
              ],
              "pivot": [
                14.4148,
                6.17937,
                1.0
              ],
              "rotation": [
                0.0,
                0.0,
                67.5
              ],
              "uv": [
                24,
                20
              ],
              "inflate": 0
            }
          ],
          "parent": "body0"
        },
        {
          "name": "Leg3",
          "pivot": [
            3.03109,
            9.38797,
            0
          ],
          "cubes": [
            {
              "origin": [
                2.64279,
                8.23396,
                -1.0
              ],
              "size": [
                8.0,
                2.0,
                2.0
              ],
              "pivot": [
                2.64279,
                9.23396,
                0.0
              ],
              "rotation": [
                0.0,
                0.0,
                -40.0
              ],
              "uv": [
                24,
                24
              ],
              "inflate": 0
            },
            {
              "origin": [
                7.47151,
                12.17945,
                -1.0
              ],
              "size": [
                5.0,
                2.0,
                2.0
              ],
              "pivot": [
                9.97151,
                13.17945,
                0.0
              ],
              "rotation": [
                0.0,
                0.0,
                25.0
              ],
              "uv": [
                32,
                0
              ],
              "inflate": 0
            },
            {
              "origin": [
                7.4148,
                5.17937,
                -1.0
              ],
              "size": [
                14.0,
                2.0,
                2.0
              ],
              "pivot": [
                14.4148,
                6.17937,
                0.0
              ],
              "rotation": [
                0.0,
                0.0,
                67.5
              ],
              "uv": [
                24,
                20
              ],
              "inflate": 0
            }
          ],
          "parent": "body0"
        },
        {
          "name": "Leg4",
          "pivot": [
            3.03109,
            9.38797,
            -1
          ],
          "cubes": [
            {
              "origin": [
                1.70697,
                10.80511,
                -2.0
              ],
              "size": [
                8.0,
                2.0,
                2.0
              ],
              "pivot": [
                5.70697,
                11.80511,
                -1.0
              ],
              "rotation": [
                0.0,
                0.0,
                -40.0
              ],
              "uv": [
                24,
                24
              ],
              "inflate": 0
            },
            {
              "origin": [
                7.47151,
                12.17945,
                -2.0
              ],
              "size": [
                5.0,
                2.0,
                2.0
              ],
              "pivot": [
                9.97151,
                13.17945,
                -1.0
              ],
              "rotation": [
                0.0,
                0.0,
                25.0
              ],
              "uv": [
                32,
                0
              ],
              "inflate": 0
            },
            {
              "origin": [
                7.4148,
                5.17937,
                -2.0
              ],
              "size": [
                14.0,
                2.0,
                2.0
              ],
              "pivot": [
                14.4148,
                6.17937,
                -1.0
              ],
              "rotation": [
                0.0,
                0.0,
                67.5
              ],
              "uv": [
                24,
                20
              ],
              "inflate": 0
            }
          ],
          "parent": "body0"
        },
        {
          "name": "Leg5",
          "pivot": [
            -3.03109,
            9.38797,
            1
          ],
          "cubes": [
            {
              "origin": [
                -10.64279,
                8.23396,
                0.0
              ],
              "size": [
                8.0,
                2.0,
                2.0
              ],
              "pivot": [
                -2.64279,
                9.23396,
                1.5
              ],
              "rotation": [
                0.0,
                0.0,
                40.0
              ],
              "uv": [
                24,
                24
              ],
              "inflate": 0,
              "mirror": true
            },
            {
              "origin": [
                -12.47151,
                12.17945,
                0.0
              ],
              "size": [
                5.0,
                2.0,
                2.0
              ],
              "pivot": [
                -9.97151,
                13.17945,
                1.0
              ],
              "rotation": [
                0.0,
                0.0,
                -25.0
              ],
              "uv": [
                32,
                0
              ],
              "inflate": 0,
              "mirror": true
            },
            {
              "origin": [
                -20.79748,
                4.25549,
                0.0
              ],
              "size": [
                14.0,
                2.0,
                2.0
              ],
              "pivot": [
                -14.79748,
                5.25549,
                1.5
              ],
              "rotation": [
                0.0,
                0.0,
                -67.5
              ],
              "uv": [
                24,
                20
              ],
              "inflate": 0,
              "mirror": true
            }
          ],
          "parent": "body0"
        },
        {
          "name": "Leg6",
          "pivot": [
            -3.03109,
            9.38797,
            0
          ],
          "cubes": [
            {
              "origin": [
                -10.64279,
                8.23396,
                -1.0
              ],
              "size": [
                8.0,
                2.0,
                2.0
              ],
              "pivot": [
                -2.64279,
                9.23396,
                0.5
              ],
              "rotation": [
                0.0,
                0.0,
                40.0
              ],
              "uv": [
                24,
                24
              ],
              "inflate": 0,
              "mirror": true
            },
            {
              "origin": [
                -12.47151,
                12.17945,
                -1.0
              ],
              "size": [
                5.0,
                2.0,
                2.0
              ],
              "pivot": [
                -9.97151,
                13.17945,
                0.0
              ],
              "rotation": [
                0.0,
                0.0,
                -25.0
              ],
              "uv": [
                32,
                0
              ],
              "inflate": 0,
              "mirror": true
            },
            {
              "origin": [
                -21.4148,
                5.17937,
                -1.0
              ],
              "size": [
                14.0,
                2.0,
                2.0
              ],
              "pivot": [
                -14.4148,
                6.17937,
                0.0
              ],
              "rotation": [
                0.0,
                0.0,
                -67.5
              ],
              "uv": [
                24,
                20
              ],
              "inflate": 0,
              "mirror": true
            }
          ],
          "parent": "body0"
        },
        {
          "name": "Leg7",
          "pivot": [
            -3.03109,
            9.38797,
            -1
          ],
          "cubes": [
            {
              "origin": [
                -10.64279,
                8.23396,
                -2.0
              ],
              "size": [
                8.0,
                2.0,
                2.0
              ],
              "pivot": [
                -2.64279,
                9.23396,
                -0.5
              ],
              "rotation": [
                0.0,
                0.0,
                40.0
              ],
              "uv": [
                24,
                24
              ],
              "inflate": 0,
              "mirror": true
            },
            {
              "origin": [
                -12.47151,
                12.17945,
                -2.0
              ],
              "size": [
                5.0,
                2.0,
                2.0
              ],
              "pivot": [
                -9.97151,
                13.17945,
                -1.0
              ],
              "rotation": [
                0.0,
                0.0,
                -25.0
              ],
              "uv": [
                32,
                0
              ],
              "inflate": 0,
              "mirror": true
            },
            {
              "origin": [
                -21.4148,
                5.17937,
                -2.0
              ],
              "size": [
                14.0,
                2.0,
                2.0
              ],
              "pivot": [
                -14.4148,
                6.17937,
                -1.0
              ],
              "rotation": [
                0.0,
                0.0,
                -67.5
              ],
              "uv": [
                24,
                20
              ],
              "inflate": 0,
              "mirror": true
            }
          ],
          "parent": "body0"
        },
        {
          "name": "head",
          "pivot": [
            0,
            9,
            -3
          ],
          "cubes": [
            {
              "origin": [
                -4.0,
                5.0,
                -11.0
              ],
              "size": [
                8.0,
                8.0,
                8.0
              ],
              "uv": [
                0,
                20
              ],
              "inflate": 0
            }
          ],
          "parent": "body0"
        }
      ]
    }
  ]
}