{
  "format_version": "1.12.0",
  "minecraft:geometry": [
    {
      "description": {
        "identifier": "geometry.yg_watcher",
        "texture_width": 128,
        "texture_height": 128,
        "visible_bounds_width": 3,
        "visible_bounds_height": 4.5,
        "visible_bounds_offset": [
          0,
          1.75,
          0
        ]
      },
      "bones": [
        {
          "name": "Root"
        },
        {
          "name": "Body",
          "pivot": [
            0,
            21.5,
            0
          ],
          "cubes": [
            {
              "origin": [
                -5.0,
                34.0,
                -3.5
              ],
              "size": [
                10.0,
                7.0,
                7.0
              ],
              "pivot": [
                0.0,
                37.5,
                0.0
              ],
              "rotation": [
                2.5,
                0.0,
                0.0
              ],
              "uv": [
                0,
                21
              ],
              "inflate": 0
            },
            {
              "origin": [
                -4.5,
                21.0,
                -3.5
              ],
              "size": [
                9.0,
                3.0,
                7.0
              ],
              "uv": [
                30,
                0
              ],
              "inflate": 0
            },
            {
              "origin": [
                -4.0,
                24.0,
                -3.0
              ],
              "size": [
                8.0,
                11.0,
                6.0
              ],
              "uv": [
                28,
                29
              ],
              "inflate": 0
            },
            {
              "origin": [
                -2.0,
                38.0,
                -2.0
              ],
              "size": [
                4.0,
                5.0,
                4.0
              ],
              "uv": [
                56,
                10
              ],
              "inflate": 0
            }
          ],
          "parent": "Root"
        },
        {
          "name": "Head",
          "pivot": [
            0,
            41,
            0
          ],
          "cubes": [
            {
              "origin": [
                -5.0,
                41.0,
                -5.0
              ],
              "size": [
                10.0,
                11.0,
                10.0
              ],
              "uv": [
                0,
                0
              ],
              "inflate": 0
            }
          ],
          "parent": "Body"
        },
        {
          "name": "Rightarm",
          "pivot": [
            -5,
            38.5,
            0
          ],
          "cubes": [
            {
              "origin": [
                -9.12,
                28.67,
                -2.12
              ],
              "size": [
                4.24,
                11.66,
                4.24
              ],
              "uv": [
                32,
                46
              ],
              "inflate": 0
            },
            {
              "origin": [
                -9.0,
                20.0,
                -2.0
              ],
              "size": [
                4.0,
                9.0,
                4.0
              ],
              "uv": [
                16,
                57
              ],
              "inflate": 0
            },
            {
              "origin": [
                -8.5,
                12.0,
                -1.5
              ],
              "size": [
                3.0,
                8.0,
                3.0
              ],
              "uv": [
                45,
                60
              ],
              "inflate": 0
            },
            {
              "origin": [
                -8.0,
                6.0,
                -1.0
              ],
              "size": [
                2.0,
                6.0,
                2.0
              ],
              "uv": [
                57,
                60
              ],
              "inflate": 0
            }
          ],
          "parent": "Body"
        },
        {
          "name": "Leftarm",
          "pivot": [
            5,
            38.5,
            0
          ],
          "cubes": [
            {
              "origin": [
                4.88,
                28.67,
                -2.12
              ],
              "size": [
                4.24,
                11.66,
                4.24
              ],
              "uv": [
                0,
                35
              ],
              "inflate": 0
            },
            {
              "origin": [
                5.0,
                20.0,
                -2.0
              ],
              "size": [
                4.0,
                9.0,
                4.0
              ],
              "uv": [
                52,
                21
              ],
              "inflate": 0
            },
            {
              "origin": [
                5.5,
                12.0,
                -1.5
              ],
              "size": [
                3.0,
                8.0,
                3.0
              ],
              "uv": [
                56,
                34
              ],
              "inflate": 0
            },
            {
              "origin": [
                6.0,
                6.0,
                -1.0
              ],
              "size": [
                2.0,
                6.0,
                2.0
              ],
              "uv": [
                0,
                0
              ],
              "inflate": 0
            }
          ],
          "parent": "Body"
        },
        {
          "name": "Rightleg",
          "pivot": [
            -3,
            21,
            0
          ],
          "cubes": [
            {
              "origin": [
                -5.12,
                10.7,
                -2.12
              ],
              "size": [
                4.24,
                10.6,
                4.24
              ],
              "uv": [
                0,
                50
              ],
              "inflate": 0
            },
            {
              "origin": [
                -5.0,
                0.0,
                -2.0
              ],
              "size": [
                4.0,
                11.0,
                4.0
              ],
              "uv": [
                16,
                42
              ],
              "inflate": 0
            }
          ],
          "parent": "Root"
        },
        {
          "name": "Leftleg",
          "pivot": [
            3,
            21,
            0
          ],
          "cubes": [
            {
              "origin": [
                0.88,
                10.7,
                -2.12
              ],
              "size": [
                4.24,
                10.6,
                4.24
              ],
              "uv": [
                48,
                46
              ],
              "inflate": 0
            },
            {
              "origin": [
                1.0,
                0.0,
                -2.0
              ],
              "size": [
                4.0,
                11.0,
                4.0
              ],
              "uv": [
                40,
                10
              ],
              "inflate": 0
            }
          ],
          "parent": "Root"
        }
      ]
    }
  ]
}