{"format_version":"1.16.100","minecraft:entity":{"component_groups":{"attack":{"minecraft:area_attack":{"cause":"contact","damage_per_tick":500000,"damage_range":2,"entity_filter":{"all_of":[{"operator":"!=","subject":"other","test":"is_family","value":"crucifix"},{"operator":"!=","subject":"other","test":"is_family","value":"seek"},{"operator":"!=","subject":"other","test":"is_family","value":"figure"}]}},"minecraft:explode":{"causesFire":false,"destroyAffectedByGriefing":true,"fuseLength":0.5,"fuseLit":true,"power":0}},"no":{"minecraft:timer":{"time":7,"time_down_event":{"event":"attack"}}}},"components":{"minecraft:addrider":{},"minecraft:annotation.open_door":{},"minecraft:behavior.avoid_mob_type":{"entity_types":[{"filters":{"any_of":[{"subject":"other","test":"is_family","value":"zombie"},{"subject":"other","test":"is_family","value":"zombie_villager"},{"subject":"other","test":"is_family","value":"zombie_pigman"},{"subject":"other","test":"is_family","value":"illager"},{"subject":"other","test":"is_family","value":"vex"}],"other_with_families":[]},"max_dist":8,"sprint_speed_multiplier":0.6,"walk_speed_multiplier":0.6}],"priority":3},"minecraft:behavior.float":{"priority":0},"minecraft:behavior.look_at_player":{"look_distance":8,"priority":12,"probability":0.02},"minecraft:behavior.move_indoors":{"priority":4,"speed_multiplier":0.8},"minecraft:behavior.move_towards_restriction":{"priority":7,"speed_multiplier":0.6},"minecraft:behavior.open_door":{"close_door_after":true,"priority":6},"minecraft:behavior.panic":{"priority":3,"speed_multiplier":0.6},"minecraft:behavior.pickup_items":{"can_pickup_any_item":false,"can_pickup_to_hand_or_equipment":false,"goal_radius":"2","max_dist":"3","pickup_based_on_chance":false,"speed_multiplier":"0.5","track_target":false},"minecraft:behavior.random_stroll":{"priority":11,"speed_multiplier":0.6},"minecraft:behavior.restrict_open_door":{"priority":5},"minecraft:behavior.share_items":{"entity_types":[{"filters":{"subject":"other","test":"is_family","value":"villager"}}],"goal_radius":2,"max_dist":3,"priority":8,"speed_multiplier":0.5},"minecraft:breathable":{"suffocateTime":0,"totalSupply":15},"minecraft:can_climb":{},"minecraft:collision_box":{"height":1.8,"width":0.6},"minecraft:damage_sensor":[{"deals_damage":false}],"minecraft:equip_item":{},"minecraft:experience_reward":{"on_death":"query.last_hit_by_player ? 10 : 0"},"minecraft:health":{"max":1,"min":1,"value":1},"minecraft:jump.static":{},"minecraft:movement":{"value":0},"minecraft:movement.basic":{},"minecraft:navigation.walk":{"avoid_water":true,"can_open_doors":true,"can_pass_doors":true,"can_path_over_water":true,"can_walk":true,"is_amphibious":true},"minecraft:physics":{},"minecraft:rideable":{"family_types":["doors_monster"],"interact_text":"action.interact.mount","pull_in_entities":true,"seat_count":1,"seats":[{"position":[0,0,0]}]},"minecraft:scale":{"value":1},"minecraft:timer":{"time":6.8,"time_down_event":{"event":"attack"}},"minecraft:transformed":{"minecraft:transformation":{"into":"minecraft:zombie_villager"}},"minecraft:type_family":{"family":["doors","crucifix","FreamC"]},"minecraft:underwater_movement":{"value":0.02}},"description":{"identifier":"fst:crucifix","is_experimental":false,"is_spawnable":false,"is_summonable":true},"events":{"attack":{"add":{"component_groups":["attack"]}},"become_zombie":{"add":{"component_groups":["minecraft:pig_transform"]},"remove":{}},"minecraft:ageable_grow_up":{"sequence":[{"add":{"component_groups":["adult"]},"remove":{"component_groups":["baby"]}}]},"minecraft:entity_born":{"sequence":[{"add":{"component_groups":["baby"]}}]},"minecraft:entity_spawned":{"run_command":{"command":["function summoncr1"]}},"minecraft:entity_transformed":{"sequence":[{"add":{"component_groups":["baby"]},"filters":{"subject":"other","test":"has_component","value":"minecraft:is_baby"}},{"add":{"component_groups":["adult"]},"filters":{"operator":"!=","subject":"other","test":"has_component","value":"minecraft:is_baby"}}]},"on:death":{"run_command":{"command":[]}},"on:hurt":{"run_command":{"command":[]}},"on:hurt_by_player":{"run_command":{"command":[]}},"on:ignite":{"run_command":{"command":[]}},"on:target_acquired":{"run_command":{"command":[]}},"on:target_escape":{"run_command":{"command":[]}},"on:wake_with_owner":{"run_command":{"command":[]}}}}}}}run_command":{"command":[]}}}}}