{"format_version":"1.16.100","minecraft:entity":{"components":{"minecraft:annotation.break_door":{"break_time":10,"min_difficulty":"easy"},"minecraft:attack":{"damage":950},"minecraft:balloonable":{},"minecraft:behavior.float":{"priority":0},"minecraft:behavior.hurt_by_target":{"priority":4},"minecraft:behavior.look_at_player":{"look_distance":6,"priority":7,"probability":0.02},"minecraft:behavior.melee_attack":{"priority":0,"reach_multiplier":1.6,"speed_multiplier":1.2,"track_target":true},"minecraft:behavior.move_towards_target":{"priority":1,"speed_multiplier":1.2,"within_radius":32},"minecraft:behavior.nearest_attackable_target":{"entity_types":[{"filters":{"all_of":[{"subject":"other","test":"is_riding","value":false}],"any_of":[{"subject":"other","test":"is_family","value":"player"},{"operator":"!=","subject":"other","test":"is_family","value":"doors"}]},"max_dist":128}],"must_see":false,"must_see_forget_duration":1000,"priority":2,"reselect_targets":true,"within_radius":128},"minecraft:behavior.owner_hurt_by_target":{"priority":1},"minecraft:behavior.owner_hurt_target":{"priority":2},"minecraft:behavior.random_look_around":{"priority":9},"minecraft:behavior.random_stroll":{"priority":6,"speed_multiplier":0.9},"minecraft:can_climb":{},"minecraft:collision_box":{"height":1.7,"width":0.8},"minecraft:damage_sensor":{"triggers":{"cause":"fall","deals_damage":false}},"minecraft:experience_reward":{"on_death":"query.last_hit_by_player ? 10 : 0"},"minecraft:fall_damage":{"value":0},"minecraft:fire_immune":{},"minecraft:fire_immune":true,"minecraft:follow_range":{"value":64},"minecraft:health":{"max":30008,"value":30008},"minecraft:jump.static":{},"minecraft:knockback_resistance":{"max":1,"value":1},"minecraft:leashable":{"hard_distance":6,"max_distance":10,"soft_distance":4},"minecraft:loot":{"table":"loot_tables/entities/robot.json"},"minecraft:movement":{"value":0.5},"minecraft:movement.basic":{},"minecraft:nameable":{"allowNameTagRenaming":false,"alwaysShow":false},"minecraft:navigation.walk":{"avoid_damage_blocks":false},"minecraft:on_death":{"event":"on:death","target":"self"},"minecraft:on_hurt":{"event":"on:hurt","target":"self"},"minecraft:on_hurt_by_player":{"event":"on:hurt_by_player","target":"self"},"minecraft:on_ignite":{"event":"on:ignite","target":"self"},"minecraft:on_target_acquired":{"event":"on:target_acquired","target":"self"},"minecraft:on_target_escape":{"event":"on:target_escape","target":"self"},"minecraft:on_wake_with_owner":{"event":"on:wake_with_owner","target":"self"},"minecraft:physics":{},"minecraft:pushable":{"is_pushable":true,"is_pushable_by_piston":false},"minecraft:rideable":{"rider_can_interact":false,"seat_count":1,"seats":[{"lock_rider_rotation":45,"position":[0,0.8,2.5],"rotate_rider_by":180}]},"minecraft:scale":{"value":1.5},"minecraft:type_family":{"family":["doors_monster","doors","doors_2","rush"]},"minecraft:underwater_movement":{"value":0.02},"minecraft:timer":{"time":[8],"looping":true,"time_down_event":{"event":"rush","target":"self"}}},"description":{"identifier":"fst:a60","is_experimental":false,"is_spawnable":true,"is_summonable":true},"events":{"on:death":{"run_command":{"command":[]}},"rush":{"run_command":{"command":["playsound fst.rush @a ~~~"]}},"on:hurt":{"run_command":{"command":[]}},"on:hurt_by_player":{"run_command":{"command":[]}},"on:ignite":{"run_command":{"command":[]}},"on:target_acquired":{"run_command":{"command":[]}},"on:target_escape":{"run_command":{"command":[]}},"on:wake_with_owner":{"run_command":{"command":[]}}}}}