{"format_version":"1.16.100","minecraft:entity":{"component_groups":{"jumpscare_rest_seek":{"minecraft:attack":{"damage":10005},"minecraft:is_stunned":{},"minecraft:timer":{"looping":false,"randomInterval":false,"time":1,"time_down_event":{"event":"ic:jumpscare_standby"}}},"jumpscare_seek":{"minecraft:attack":{"damage":100000}}},"components":{"minecraft:annotation.break_door":{"break_time":10,"min_difficulty":"easy"},"minecraft:attack":{"damage":12},"minecraft:balloonable":{},"minecraft:behavior.float":{"priority":0},"minecraft:behavior.hurt_by_target":{"priority":4},"minecraft:behavior.look_at_player":{"look_distance":6,"priority":7,"probability":0.02},"minecraft:behavior.melee_attack":{"priority":0,"reach_multiplier":1.6,"speed_multiplier":1.2,"track_target":true},"minecraft:behavior.move_towards_target":{"priority":1,"speed_multiplier":1.2,"within_radius":32},"minecraft:behavior.nearest_attackable_target":{"entity_types":[{"filters":{"any_of":[{"subject":"other","test":"is_family","value":"player"},{"operator":"!=","subject":"other","test":"is_family","value":"doors"}]},"max_dist":64}],"must_see":true,"must_see_forget_duration":100,"priority":2,"reselect_targets":false,"within_radius":64},"minecraft:behavior.owner_hurt_by_target":{"priority":1},"minecraft:behavior.owner_hurt_target":{"priority":2},"minecraft:behavior.random_look_around":{"priority":9},"minecraft:behavior.random_stroll":{"priority":6,"speed_multiplier":0.9},"minecraft:can_climb":{},"minecraft:collision_box":{"height":2.2,"width":0.8},"minecraft:damage_sensor":{"triggers":{"cause":"fall","deals_damage":false}},"minecraft:experience_reward":{"on_death":"query.last_hit_by_player ? 10 : 0"},"minecraft:fall_damage":{"value":0},"minecraft:fire_immune":{},"minecraft:fire_immune":true,"minecraft:follow_range":{"value":64},"minecraft:health":{"max":30000,"value":30000},"minecraft:jump.static":{},"minecraft:knockback_resistance":{"max":1,"value":1},"minecraft:leashable":{"hard_distance":6,"max_distance":10,"soft_distance":4},"minecraft:loot":{"table":"loot_tables/entities/robot.json"},"minecraft:movement":{"value":0.3},"minecraft:movement.basic":{},"minecraft:nameable":{"allowNameTagRenaming":false,"alwaysShow":false},"minecraft:navigation.walk":{"avoid_damage_blocks":false},"minecraft:on_death":{"event":"on:death","target":"self"},"minecraft:on_hurt":{"event":"on:hurt","target":"self"},"minecraft:on_hurt_by_player":{"event":"on:hurt_by_player","target":"self"},"minecraft:on_ignite":{"event":"on:ignite","target":"self"},"minecraft:on_target_acquired":{"event":"on:target_acquired","target":"self"},"minecraft:on_target_escape":{"event":"on:target_escape","target":"self"},"minecraft:on_wake_with_owner":{"event":"on:wake_with_owner","target":"self"},"minecraft:physics":{},"minecraft:pushable":{"is_pushable":true,"is_pushable_by_piston":false},"minecraft:rideable":{"rider_can_interact":false,"seat_count":1,"seats":[{"lock_rider_rotation":45,"position":[0,0.9,1.1],"rotate_rider_by":180}]},"minecraft:scale":{"value":0.9},"minecraft:type_family":{"family":["doors_invulnerable","doors_monster","doors","seek","doors_1"]},"minecraft:underwater_movement":{"value":0.02}},"description":{"identifier":"fst:seek","is_experimental":false,"is_spawnable":true,"is_summonable":true},"events":{"ic:jumpscare_standby":{"add":{"component_groups":["jumpscare_seek"]},"remove":{"component_groups":["jumpscare_rest_seek"]}},"ic:jumpscare_stop":{"add":{"component_groups":["jumpscare_rest_seek"]},"remove":{"component_groups":["jumpscare_seek"]}},"minecraft:entity_spawned":{"add":{"component_groups":["jumpscare_seek"]},"run_command":{"command":["effect @s slowness 5 100 true"]}},"on:death":{"run_command":{"command":[]}},"on:hurt":{"run_command":{"command":[]}},"on:hurt_by_player":{"run_command":{"command":[]}},"on:ignite":{"run_command":{"command":[]}},"on:target_acquired":{"run_command":{"command":[]}},"on:target_escape":{"run_command":{"command":[]}},"on:wake_with_owner":{"run_command":{"command":[]}}}}}}        "is_pushable": true,
        "is_pushable_by_piston": false
      },
      "minecraft:fire_immune": true,
      "minecraft:behavior.owner_hurt_by_target": {
        "priority": 1
      },
      "minecraft:behavior.owner_hurt_target": {
        "priority": 2
      },
      "minecraft:annotation.break_door": {
        "break_time": 10.0,
        "min_difficulty": "easy"
      },
      "minecraft:on_death": {
        "event": "on:death",
        "target": "self"
      },
      "minecraft:on_hurt": {
        "event": "on:hurt",
        "target": "self"
      },
      "minecraft:on_hurt_by_player": {
        "event": "on:hurt_by_player",
        "target": "self"
      },
      "minecraft:on_ignite": {
        "event": "on:ignite",
        "target": "self"
      },
      "minecraft:on_target_acquired": {
        "event": "on:target_acquired",
        "target": "self"
      },
      "minecraft:on_target_escape": {
        "event": "on:target_escape",
        "target": "self"
      },
      "minecraft:on_wake_with_owner": {
        "event": "on:wake_with_owner",
        "target": "self"
    }
    },
    "events": {
    "minecraft:entity_spawned": {
				"add": {
					"component_groups": ["jumpscare_seek"]
				},
				"run_command": {
          "command": ["effect @s slowness 5 100 true"]
        }
			},
	"ic:jumpscare_standby": {
				"remove": {
					"component_groups": ["jumpscare_rest_seek"]
				},
				"add": {
					"component_groups": ["jumpscare_seek"]
				}
			},
			"ic:jumpscare_stop": {
				"add": {
					"component_groups": ["jumpscare_rest_seek"]
				},
				"remove": {
					"component_groups": ["jumpscare_seek"]
				}
			},
      "on:death": {
        "run_command": {
          "command": []
        }
      },
      "on:hurt": {
        "run_command": {
          "command": []
        }
      },
      "on:hurt_by_player": {
        "run_command": {
          "command": []
        }
      },
      "on:ignite": {
        "run_command": {
          "command": []
        }
      },
      "on:target_acquired": {
        "run_command": {
          "command": []
        }
      },
      "on:target_escape": {
        "run_command": {
          "command": []
        }
      },
      "on:wake_with_owner": {
        "run_command": {
          "command": []
      }
    }
  }
 }
}