{"format_version":"1.10.0","animation_controllers":{"controller.animation.yg_captain_fiddels.general":{"states":{"default":{"animations":["gazo_general"],"transitions":[{"attack0":"variable.attack_time > 0 && variable.random == 0"}],"blend_transition":0.1},"attack0":{"animations":["attack0"],"transitions":[{"default":"query.all_animations_finished"}],"blend_transition":0.1}}},"controller.animation.yg_captain_fiddels.move":{"states":{"default":{"animations":[{"moving":"query.modified_move_speed"}]}}}}}