{
  "format_version": "1.12.0",
  "minecraft:geometry": [
    {
      "description": {
        "identifier": "geometry.bd_jumbo",
        "texture_width": 128,
        "texture_height": 128,
        "visible_bounds_width": 11,
        "visible_bounds_height": 8,
        "visible_bounds_offset": [
          0,
          3,
          0
        ]
      },
      "bones": [
        {
          "name": "bb_main",
          "pivot": [
            0,
            7,
            0
          ],
          "cubes": [
            {
              "origin": [
                -12.0,
                79.0,
                -11.0
              ],
              "size": [
                25.0,
                20.0,
                14.0
              ],
              "uv": [
                6,
                7
              ],
              "inflate": 0
            },
            {
              "origin": [
                -9.0,
                90.0,
                -12.0
              ],
              "size": [
                5.0,
                5.0,
                1.0
              ],
              "uv": [
                0,
                6
              ],
              "inflate": 0
            },
            {
              "origin": [
                5.0,
                90.0,
                -12.0
              ],
              "size": [
                5.0,
                5.0,
                1.0
              ],
              "uv": [
                0,
                6
              ],
              "inflate": 0
            },
            {
              "origin": [
                -8.0,
                91.0,
                -13.0
              ],
              "size": [
                3.0,
                3.0,
                2.0
              ],
              "uv": [
                0,
                12
              ],
              "inflate": 0
            },
            {
              "origin": [
                6.0,
                91.0,
                -13.0
              ],
              "size": [
                3.0,
                3.0,
                2.0
              ],
              "uv": [
                0,
                12
              ],
              "inflate": 0
            },
            {
              "origin": [
                -9.0,
                52.0,
                -10.0
              ],
              "size": [
                19.0,
                28.0,
                13.0
              ],
              "uv": [
                54,
                87
              ],
              "inflate": 0
            },
            {
              "origin": [
                3.0,
                37.0,
                -7.0
              ],
              "size": [
                7.0,
                17.0,
                8.0
              ],
              "uv": [
                13,
                72
              ],
              "inflate": 0
            },
            {
              "origin": [
                9.0,
                62.0,
                -7.0
              ],
              "size": [
                7.0,
                17.0,
                8.0
              ],
              "uv": [
                25,
                81
              ],
              "inflate": 0
            },
            {
              "origin": [
                -15.0,
                62.0,
                -7.0
              ],
              "size": [
                7.0,
                17.0,
                8.0
              ],
              "uv": [
                72,
                11
              ],
              "inflate": 0
            },
            {
              "origin": [
                -9.0,
                37.0,
                -7.0
              ],
              "size": [
                7.0,
                17.0,
                8.0
              ],
              "uv": [
                54,
                26
              ],
              "inflate": 0
            },
            {
              "origin": [
                4.0,
                7.0,
                -6.0
              ],
              "size": [
                5.0,
                30.0,
                6.0
              ],
              "uv": [
                13,
                65
              ],
              "inflate": 0
            },
            {
              "origin": [
                -14.0,
                45.0,
                -6.0
              ],
              "size": [
                4.0,
                1.0,
                6.0
              ],
              "uv": [
                29,
                81
              ],
              "inflate": 0
            },
            {
              "origin": [
                11.0,
                45.0,
                -6.0
              ],
              "size": [
                4.0,
                1.0,
                6.0
              ],
              "uv": [
                75,
                64
              ],
              "inflate": 0
            },
            {
              "origin": [
                11.0,
                46.0,
                -6.0
              ],
              "size": [
                4.0,
                17.0,
                6.0
              ],
              "uv": [
                12,
                77
              ],
              "inflate": 0
            },
            {
              "origin": [
                -14.0,
                46.0,
                -6.0
              ],
              "size": [
                4.0,
                17.0,
                6.0
              ],
              "uv": [
                68,
                17
              ],
              "inflate": 0
            },
            {
              "origin": [
                -8.0,
                7.0,
                -6.0
              ],
              "size": [
                5.0,
                30.0,
                6.0
              ],
              "uv": [
                34,
                84
              ],
              "inflate": 0
            }
          ],
          "rotation": [
            90,
            0,
            0
          ]
        }
      ]
    }
  ]
}