{
  "format_version": "1.12",
  "minecraft:recipe_shaped": {
    "description": {
      "identifier": "gummy_flashlight_cb934bc3"
    },
    "tags": [
      "crafting_table"
    ],
    "pattern": [
      "AB ",
      "BCD",
      " DC"
    ],
    "key": {
      "A": {
        "item": "minecraft:glass_pane",
        "data": 0
      },
      "B": {
        "item": "minecraft:glowstone_dust",
        "data": 0
      },
      "C": {
        "item": "minecraft:slime_ball",
        "data": 0
      },
      "D": {
        "item": "minecraft:redstone",
        "data": 0
      }
    },
    "result": {
      "item": "yg:gummy_flashlight",
      "count": 1
    }
  }
}