{
  "format_version": "1.12",
  "minecraft:recipe_shaped": {
    "description": {
      "identifier": "patterned_brown_wall_5019a003"
    },
    "tags": [
      "crafting_table"
    ],
    "pattern": [
      "B",
      "C"
    ],
    "key": {
      "B": {
        "item": "minecraft:stained_hardened_clay",
        "data": 12
      },
      "C": {
        "item": "minecraft:diamond",
        "data": 0
      }
    },
    "result": {
      "item": "yg:patterned_brown_wall",
      "count": 1
    }
  }
}