{
	"file_path": "C:\\Users\\erik\\AppData\\Local\\Packages\\Microsoft.MinecraftUWP_8wekyb3d8bbwe\\LocalState\\games\\com.mojang\\development_behavior_packs\\MALISIS_DOOR_V.3_BETA_BP\\entities\\Bunker\\Bunker_Door.json",
	"file_type": "entity",
	"format_version": 1,
	"file_uuid": "e23564dd_8fef_4c2d_bb9d_492d72c51043",
	"file_version": 181,
	"cache_content": {
		"children": [
			{
				"data": "1.13.0",
				"key": "format_version"
			},
			{
				"open": {
					"format_version": "1.13.0",
					"minecraft:entity": {
						"description": {
							"identifier": "md:bunker_door",
							"is_spawnable": true,
							"is_summonable": true,
							"is_experimental": false,
							"runtime_identifier": "minecraft:boat",
							"scripts": {
								"animate": [
									"bridge_execute_commands"
								]
							},
							"animations": {
								"bridge_execute_commands": "controller.animation.bridge_bunker_door.execute_commands"
							}
						},
						"component_groups": {
							"md:open_com": {
								"minecraft:transformation": {
									"into": "md:bunker_door",
									"delay": {
										"value": 2.2
									}
								},
								"minecraft:collision_box": {
									"width": 0,
									"height": 0
								}
							},
							"md:rotate": {
								"minecraft:transformation": {
									"transformation_sound": "random.pop",
									"keep_level": true,
									"delay": {
										"block_radius": 1
									},
									"into": "md:bunker_door_r"
								},
								"minecraft:collision_box": {
									"width": 0,
									"height": 0
								}
							},
							"md:remove": {
								"minecraft:despawn": {}
							},
							"bridge:execute_command_id_1": {
								"minecraft:skin_id": {
									"value": 1
								}
							},
							"bridge:execute_no_command": {
								"minecraft:skin_id": {
									"value": 0
								}
							},
							"bridge:execute_command_id_2": {
								"minecraft:skin_id": {
									"value": 2
								}
							},
							"bridge:execute_command_id_3": {
								"minecraft:skin_id": {
									"value": 3
								}
							},
							"bridge:execute_command_id_4": {
								"minecraft:skin_id": {
									"value": 4
								}
							},
							"bridge:execute_command_id_5": {
								"minecraft:skin_id": {
									"value": 5
								}
							}
						},
						"components": {
							"minecraft:type_family": {
								"family": [
									"armor_stand",
									"inanimate",
									"mob"
								]
							},
							"minecraft:collision_box": {
								"width": 1,
								"height": 1.75
							},
							"minecraft:health": {
								"value": 6,
								"max": 6
							},
							"minecraft:hurt_on_condition": {
								"damage_conditions": [
									{
										"filters": {
											"test": "in_lava",
											"subject": "self",
											"operator": "==",
											"value": true
										},
										"cause": "lava",
										"damage_per_tick": 4
									}
								]
							},
							"minecraft:loot": {
								"table": "loot_tables/entities/armor_stand.json"
							},
							"minecraft:nameable": {
								"allow_name_tag_renaming": true,
								"always_show": true,
								"name_actions": [
									{
										"on_named": {
											"event": "name:added"
										}
									}
								]
							},
							"minecraft:persistent": {},
							"minecraft:physics": {},
							"minecraft:pushable": {
								"is_pushable": false,
								"is_pushable_by_piston": true
							},
							"minecraft:interact": {
								"interactions": [
									{
										"on_interact": {
											"filters": {
												"all_of": [
													{
														"test": "has_equipment",
														"subject": "other",
														"domain": "hand",
														"value": "md:rotador"
													}
												]
											},
											"event": "md:rotate"
										},
										"swing": true
									},
									{
										"on_interact": {
											"filters": {
												"test": "has_equipment",
												"subject": "other",
												"domain": "hand",
												"value": "md:desarmador"
											},
											"event": "md:remove"
										},
										"spawn_items": {
											"table": "loot_tables/bunker.json"
										},
										"hurt_item": 1
									},
									{
										"on_interact": {
											"event": "md:open"
										},
										"swing": true,
										"use_item": false
									}
								]
							},
							"minecraft:navigation.generic": {},
							"minecraft:movement.basic": {},
							"minecraft:is_stackable": {},
							"minecraft:knockback_resistance": {
								"value": 100000000,
								"max": 100000000
							}
						},
						"events": {
							"md:rotate": {
								"add": {
									"component_groups": [
										"md:rotate",
										"bridge:execute_command_id_1"
									]
								}
							},
							"md:open": {
								"add": {
									"component_groups": [
										"md:open_com",
										"bridge:execute_command_id_2"
									]
								},
								"execute": {
									"commands": [
										"/playsound spacedoor @p"
									]
								}
							},
							"minecraft:entity_transformed": {
								"add": {
									"component_groups": [
										"bridge:execute_command_id_3"
									]
								}
							},
							"name:added": {
								"add": {
									"component_groups": [
										"bridge:execute_command_id_4"
									]
								}
							},
							"md:remove": {
								"add": {
									"component_groups": [
										"md:remove"
									]
								}
							},
							"bridge:remove_command_id_1": {
								"add": {
									"component_groups": [
										"bridge:execute_no_command"
									]
								},
								"remove": {
									"component_groups": [
										"bridge:execute_command_id_1"
									]
								}
							},
							"bridge:remove_command_id_2": {
								"add": {
									"component_groups": [
										"bridge:execute_no_command"
									]
								},
								"remove": {
									"component_groups": [
										"bridge:execute_command_id_2"
									]
								}
							},
							"bridge:remove_command_id_3": {
								"add": {
									"component_groups": [
										"bridge:execute_no_command"
									]
								},
								"remove": {
									"component_groups": [
										"bridge:execute_command_id_3"
									]
								}
							},
							"bridge:remove_command_id_4": {
								"add": {
									"component_groups": [
										"bridge:execute_no_command"
									]
								},
								"remove": {
									"component_groups": [
										"bridge:execute_command_id_4"
									]
								}
							},
							"bridge:remove_command_id_5": {
								"add": {
									"component_groups": [
										"bridge:execute_no_command"
									]
								},
								"remove": {
									"component_groups": [
										"bridge:execute_command_id_5"
									]
								}
							}
						}
					}
				},
				"key": "minecraft:entity",
				"children": [
					{
						"key": "description",
						"is_minified": true,
						"children": {
							"identifier": "md:bunker_door",
							"is_spawnable": true,
							"is_summonable": true,
							"is_experimental": false,
							"runtime_identifier": "minecraft:boat",
							"scripts": {
								"animate": [
									"bridge_execute_commands"
								]
							},
							"animations": {
								"bridge_execute_commands": "controller.animation.bridge_bunker_door.execute_commands"
							}
						}
					},
					{
						"key": "component_groups",
						"is_minified": true,
						"children": {
							"md:open_com": {
								"minecraft:transformation": {
									"into": "md:bunker_door",
									"delay": {
										"value": 2.2
									}
								},
								"minecraft:collision_box": {
									"width": 0,
									"height": 0
								}
							},
							"md:rotate": {
								"minecraft:transformation": {
									"transformation_sound": "random.pop",
									"keep_level": true,
									"delay": {
										"block_radius": 1
									},
									"into": "md:bunker_door_r"
								},
								"minecraft:collision_box": {
									"width": 0,
									"height": 0
								}
							},
							"md:remove": {
								"minecraft:despawn": {}
							},
							"bridge:execute_command_id_1": {
								"minecraft:skin_id": {
									"value": 1
								}
							},
							"bridge:execute_no_command": {
								"minecraft:skin_id": {
									"value": 0
								}
							},
							"bridge:execute_command_id_2": {
								"minecraft:skin_id": {
									"value": 2
								}
							},
							"bridge:execute_command_id_3": {
								"minecraft:skin_id": {
									"value": 3
								}
							},
							"bridge:execute_command_id_4": {
								"minecraft:skin_id": {
									"value": 4
								}
							},
							"bridge:execute_command_id_5": {
								"minecraft:skin_id": {
									"value": 5
								}
							}
						}
					},
					{
						"key": "components",
						"is_minified": true,
						"children": {
							"minecraft:type_family": {
								"family": [
									"armor_stand",
									"inanimate",
									"mob"
								]
							},
							"minecraft:collision_box": {
								"width": 1,
								"height": 1.75
							},
							"minecraft:health": {
								"value": 6,
								"max": 6
							},
							"minecraft:hurt_on_condition": {
								"damage_conditions": [
									{
										"filters": {
											"test": "in_lava",
											"subject": "self",
											"operator": "==",
											"value": true
										},
										"cause": "lava",
										"damage_per_tick": 4
									}
								]
							},
							"minecraft:loot": {
								"table": "loot_tables/entities/armor_stand.json"
							},
							"minecraft:nameable": {
								"allow_name_tag_renaming": true,
								"always_show": true,
								"name_actions": [
									{
										"on_named": {
											"event": "name:added"
										}
									}
								]
							},
							"minecraft:persistent": {},
							"minecraft:physics": {},
							"minecraft:pushable": {
								"is_pushable": false,
								"is_pushable_by_piston": true
							},
							"minecraft:interact": {
								"interactions": [
									{
										"on_interact": {
											"filters": {
												"all_of": [
													{
														"test": "has_equipment",
														"subject": "other",
														"domain": "hand",
														"value": "md:rotador"
													}
												]
											},
											"event": "md:rotate"
										},
										"swing": true
									},
									{
										"on_interact": {
											"filters": {
												"test": "has_equipment",
												"subject": "other",
												"domain": "hand",
												"value": "md:desarmador"
											},
											"event": "md:remove"
										},
										"spawn_items": {
											"table": "loot_tables/bunker.json"
										},
										"hurt_item": 1
									},
									{
										"on_interact": {
											"event": "md:open"
										},
										"swing": true,
										"use_item": false
									}
								]
							},
							"minecraft:navigation.generic": {},
							"minecraft:movement.basic": {},
							"minecraft:is_stackable": {},
							"minecraft:knockback_resistance": {
								"value": 100000000,
								"max": 100000000
							}
						}
					},
					{
						"open": {
							"description": {
								"identifier": "md:bunker_door",
								"is_spawnable": true,
								"is_summonable": true,
								"is_experimental": false,
								"runtime_identifier": "minecraft:boat",
								"scripts": {
									"animate": [
										"bridge_execute_commands"
									]
								},
								"animations": {
									"bridge_execute_commands": "controller.animation.bridge_bunker_door.execute_commands"
								}
							},
							"component_groups": {
								"md:open_com": {
									"minecraft:transformation": {
										"into": "md:bunker_door",
										"delay": {
											"value": 2.2
										}
									},
									"minecraft:collision_box": {
										"width": 0,
										"height": 0
									}
								},
								"md:rotate": {
									"minecraft:transformation": {
										"transformation_sound": "random.pop",
										"keep_level": true,
										"delay": {
											"block_radius": 1
										},
										"into": "md:bunker_door_r"
									},
									"minecraft:collision_box": {
										"width": 0,
										"height": 0
									}
								},
								"md:remove": {
									"minecraft:despawn": {}
								},
								"bridge:execute_command_id_1": {
									"minecraft:skin_id": {
										"value": 1
									}
								},
								"bridge:execute_no_command": {
									"minecraft:skin_id": {
										"value": 0
									}
								},
								"bridge:execute_command_id_2": {
									"minecraft:skin_id": {
										"value": 2
									}
								},
								"bridge:execute_command_id_3": {
									"minecraft:skin_id": {
										"value": 3
									}
								},
								"bridge:execute_command_id_4": {
									"minecraft:skin_id": {
										"value": 4
									}
								},
								"bridge:execute_command_id_5": {
									"minecraft:skin_id": {
										"value": 5
									}
								}
							},
							"components": {
								"minecraft:type_family": {
									"family": [
										"armor_stand",
										"inanimate",
										"mob"
									]
								},
								"minecraft:collision_box": {
									"width": 1,
									"height": 1.75
								},
								"minecraft:health": {
									"value": 6,
									"max": 6
								},
								"minecraft:hurt_on_condition": {
									"damage_conditions": [
										{
											"filters": {
												"test": "in_lava",
												"subject": "self",
												"operator": "==",
												"value": true
											},
											"cause": "lava",
											"damage_per_tick": 4
										}
									]
								},
								"minecraft:loot": {
									"table": "loot_tables/entities/armor_stand.json"
								},
								"minecraft:nameable": {
									"allow_name_tag_renaming": true,
									"always_show": true,
									"name_actions": [
										{
											"on_named": {
												"event": "name:added"
											}
										}
									]
								},
								"minecraft:persistent": {},
								"minecraft:physics": {},
								"minecraft:pushable": {
									"is_pushable": false,
									"is_pushable_by_piston": true
								},
								"minecraft:interact": {
									"interactions": [
										{
											"on_interact": {
												"filters": {
													"all_of": [
														{
															"test": "has_equipment",
															"subject": "other",
															"domain": "hand",
															"value": "md:rotador"
														}
													]
												},
												"event": "md:rotate"
											},
											"swing": true
										},
										{
											"on_interact": {
												"filters": {
													"test": "has_equipment",
													"subject": "other",
													"domain": "hand",
													"value": "md:desarmador"
												},
												"event": "md:remove"
											},
											"spawn_items": {
												"table": "loot_tables/bunker.json"
											},
											"hurt_item": 1
										},
										{
											"on_interact": {
												"event": "md:open"
											},
											"swing": true,
											"use_item": false
										}
									]
								},
								"minecraft:navigation.generic": {},
								"minecraft:movement.basic": {},
								"minecraft:is_stackable": {},
								"minecraft:knockback_resistance": {
									"value": 100000000,
									"max": 100000000
								}
							},
							"events": {
								"md:rotate": {
									"add": {
										"component_groups": [
											"md:rotate",
											"bridge:execute_command_id_1"
										]
									}
								},
								"md:open": {
									"add": {
										"component_groups": [
											"md:open_com",
											"bridge:execute_command_id_2"
										]
									},
									"execute": {
										"commands": [
											"/playsound spacedoor @p"
										]
									}
								},
								"minecraft:entity_transformed": {
									"add": {
										"component_groups": [
											"bridge:execute_command_id_3"
										]
									}
								},
								"name:added": {
									"add": {
										"component_groups": [
											"bridge:execute_command_id_4"
										]
									}
								},
								"md:remove": {
									"add": {
										"component_groups": [
											"md:remove"
										]
									}
								},
								"bridge:remove_command_id_1": {
									"add": {
										"component_groups": [
											"bridge:execute_no_command"
										]
									},
									"remove": {
										"component_groups": [
											"bridge:execute_command_id_1"
										]
									}
								},
								"bridge:remove_command_id_2": {
									"add": {
										"component_groups": [
											"bridge:execute_no_command"
										]
									},
									"remove": {
										"component_groups": [
											"bridge:execute_command_id_2"
										]
									}
								},
								"bridge:remove_command_id_3": {
									"add": {
										"component_groups": [
											"bridge:execute_no_command"
										]
									},
									"remove": {
										"component_groups": [
											"bridge:execute_command_id_3"
										]
									}
								},
								"bridge:remove_command_id_4": {
									"add": {
										"component_groups": [
											"bridge:execute_no_command"
										]
									},
									"remove": {
										"component_groups": [
											"bridge:execute_command_id_4"
										]
									}
								},
								"bridge:remove_command_id_5": {
									"add": {
										"component_groups": [
											"bridge:execute_no_command"
										]
									},
									"remove": {
										"component_groups": [
											"bridge:execute_command_id_5"
										]
									}
								}
							}
						},
						"key": "events",
						"children": [
							{
								"key": "md:rotate",
								"children": [
									{
										"open": {
											"add": {
												"component_groups": [
													"md:rotate",
													"bridge:execute_command_id_1"
												]
											}
										},
										"key": "add",
										"children": [
											{
												"open": {
													"component_groups": [
														"md:rotate",
														"bridge:execute_command_id_1"
													]
												},
												"key": "component_groups",
												"is_minified": true,
												"children": [
													"md:rotate",
													"bridge:execute_command_id_1"
												]
											}
										]
									}
								]
							},
							{
								"open": {
									"md:rotate": {
										"add": {
											"component_groups": [
												"md:rotate",
												"bridge:execute_command_id_1"
											]
										}
									},
									"md:open": {
										"add": {
											"component_groups": [
												"md:open_com",
												"bridge:execute_command_id_2"
											]
										},
										"execute": {
											"commands": [
												"/playsound spacedoor @p"
											]
										}
									},
									"minecraft:entity_transformed": {
										"add": {
											"component_groups": [
												"bridge:execute_command_id_3"
											]
										}
									},
									"name:added": {
										"add": {
											"component_groups": [
												"bridge:execute_command_id_4"
											]
										}
									},
									"md:remove": {
										"add": {
											"component_groups": [
												"md:remove"
											]
										}
									},
									"bridge:remove_command_id_1": {
										"add": {
											"component_groups": [
												"bridge:execute_no_command"
											]
										},
										"remove": {
											"component_groups": [
												"bridge:execute_command_id_1"
											]
										}
									},
									"bridge:remove_command_id_2": {
										"add": {
											"component_groups": [
												"bridge:execute_no_command"
											]
										},
										"remove": {
											"component_groups": [
												"bridge:execute_command_id_2"
											]
										}
									},
									"bridge:remove_command_id_3": {
										"add": {
											"component_groups": [
												"bridge:execute_no_command"
											]
										},
										"remove": {
											"component_groups": [
												"bridge:execute_command_id_3"
											]
										}
									},
									"bridge:remove_command_id_4": {
										"add": {
											"component_groups": [
												"bridge:execute_no_command"
											]
										},
										"remove": {
											"component_groups": [
												"bridge:execute_command_id_4"
											]
										}
									},
									"bridge:remove_command_id_5": {
										"add": {
											"component_groups": [
												"bridge:execute_no_command"
											]
										},
										"remove": {
											"component_groups": [
												"bridge:execute_command_id_5"
											]
										}
									}
								},
								"key": "md:open",
								"children": [
									{
										"key": "add",
										"children": [
											{
												"open": {
													"component_groups": [
														"md:open_com",
														"bridge:execute_command_id_2"
													]
												},
												"key": "component_groups",
												"is_minified": true,
												"children": [
													"md:open_com",
													"bridge:execute_command_id_2"
												]
											}
										]
									},
									{
										"open": {
											"add": {
												"component_groups": [
													"md:open_com",
													"bridge:execute_command_id_2"
												]
											},
											"execute": {
												"commands": [
													"/playsound spacedoor @p"
												]
											}
										},
										"key": "execute",
										"children": [
											{
												"open": {
													"commands": [
														"/playsound spacedoor @p"
													]
												},
												"key": "commands",
												"is_minified": true,
												"children": [
													"/playsound spacedoor @p"
												]
											}
										]
									}
								]
							},
							{
								"key": "minecraft:entity_transformed",
								"children": [
									{
										"open": {
											"add": {
												"component_groups": [
													"bridge:execute_command_id_3"
												]
											}
										},
										"key": "add",
										"children": [
											{
												"open": {
													"component_groups": [
														"bridge:execute_command_id_3"
													]
												},
												"key": "component_groups",
												"is_minified": true,
												"children": [
													"bridge:execute_command_id_3"
												]
											}
										]
									}
								]
							},
							{
								"key": "name:added",
								"children": [
									{
										"open": {
											"add": {
												"component_groups": [
													"bridge:execute_command_id_4"
												]
											}
										},
										"key": "add",
										"children": [
											{
												"open": {
													"component_groups": [
														"bridge:execute_command_id_4"
													]
												},
												"key": "component_groups",
												"is_minified": true,
												"children": [
													"bridge:execute_command_id_4"
												]
											}
										]
									}
								]
							},
							{
								"key": "md:remove",
								"children": [
									{
										"open": {
											"add": {
												"component_groups": [
													"md:remove"
												]
											}
										},
										"key": "add",
										"children": [
											{
												"open": {
													"component_groups": [
														"md:remove"
													]
												},
												"key": "component_groups",
												"is_minified": true,
												"children": [
													"md:remove"
												]
											}
										]
									}
								]
							},
							{
								"key": "bridge:remove_command_id_1",
								"children": [
									{
										"open": {
											"add": {
												"component_groups": [
													"bridge:execute_no_command"
												]
											},
											"remove": {
												"component_groups": [
													"bridge:execute_command_id_1"
												]
											}
										},
										"key": "add",
										"children": [
											{
												"open": {
													"component_groups": [
														"bridge:execute_no_command"
													]
												},
												"key": "component_groups",
												"is_minified": true,
												"children": [
													"bridge:execute_no_command"
												]
											}
										]
									},
									{
										"open": {
											"add": {
												"component_groups": [
													"bridge:execute_no_command"
												]
											},
											"remove": {
												"component_groups": [
													"bridge:execute_command_id_1"
												]
											}
										},
										"key": "remove",
										"children": [
											{
												"open": {
													"component_groups": [
														"bridge:execute_command_id_1"
													]
												},
												"key": "component_groups",
												"is_minified": true,
												"children": [
													"bridge:execute_command_id_1"
												]
											}
										]
									}
								]
							},
							{
								"key": "bridge:remove_command_id_2",
								"children": [
									{
										"open": {
											"add": {
												"component_groups": [
													"bridge:execute_no_command"
												]
											},
											"remove": {
												"component_groups": [
													"bridge:execute_command_id_2"
												]
											}
										},
										"key": "add",
										"children": [
											{
												"open": {
													"component_groups": [
														"bridge:execute_no_command"
													]
												},
												"key": "component_groups",
												"is_minified": true,
												"children": [
													"bridge:execute_no_command"
												]
											}
										]
									},
									{
										"open": {
											"add": {
												"component_groups": [
													"bridge:execute_no_command"
												]
											},
											"remove": {
												"component_groups": [
													"bridge:execute_command_id_2"
												]
											}
										},
										"key": "remove",
										"children": [
											{
												"open": {
													"component_groups": [
														"bridge:execute_command_id_2"
													]
												},
												"key": "component_groups",
												"is_minified": true,
												"children": [
													"bridge:execute_command_id_2"
												]
											}
										]
									}
								]
							},
							{
								"key": "bridge:remove_command_id_3",
								"children": [
									{
										"open": {
											"add": {
												"component_groups": [
													"bridge:execute_no_command"
												]
											},
											"remove": {
												"component_groups": [
													"bridge:execute_command_id_3"
												]
											}
										},
										"key": "add",
										"children": [
											{
												"open": {
													"component_groups": [
														"bridge:execute_no_command"
													]
												},
												"key": "component_groups",
												"is_minified": true,
												"children": [
													"bridge:execute_no_command"
												]
											}
										]
									},
									{
										"open": {
											"add": {
												"component_groups": [
													"bridge:execute_no_command"
												]
											},
											"remove": {
												"component_groups": [
													"bridge:execute_command_id_3"
												]
											}
										},
										"key": "remove",
										"children": [
											{
												"open": {
													"component_groups": [
														"bridge:execute_command_id_3"
													]
												},
												"key": "component_groups",
												"is_minified": true,
												"children": [
													"bridge:execute_command_id_3"
												]
											}
										]
									}
								]
							},
							{
								"key": "bridge:remove_command_id_4",
								"children": [
									{
										"open": {
											"add": {
												"component_groups": [
													"bridge:execute_no_command"
												]
											},
											"remove": {
												"component_groups": [
													"bridge:execute_command_id_4"
												]
											}
										},
										"key": "add",
										"children": [
											{
												"open": {
													"component_groups": [
														"bridge:execute_no_command"
													]
												},
												"key": "component_groups",
												"is_minified": true,
												"children": [
													"bridge:execute_no_command"
												]
											}
										]
									},
									{
										"open": {
											"add": {
												"component_groups": [
													"bridge:execute_no_command"
												]
											},
											"remove": {
												"component_groups": [
													"bridge:execute_command_id_4"
												]
											}
										},
										"key": "remove",
										"children": [
											{
												"open": {
													"component_groups": [
														"bridge:execute_command_id_4"
													]
												},
												"key": "component_groups",
												"is_minified": true,
												"children": [
													"bridge:execute_command_id_4"
												]
											}
										]
									}
								]
							},
							{
								"open": {
									"md:rotate": {
										"add": {
											"component_groups": [
												"md:rotate",
												"bridge:execute_command_id_1"
											]
										}
									},
									"md:open": {
										"add": {
											"component_groups": [
												"md:open_com",
												"bridge:execute_command_id_2"
											]
										},
										"execute": {
											"commands": [
												"/playsound spacedoor @p"
											]
										}
									},
									"minecraft:entity_transformed": {
										"add": {
											"component_groups": [
												"bridge:execute_command_id_3"
											]
										}
									},
									"name:added": {
										"add": {
											"component_groups": [
												"bridge:execute_command_id_4"
											]
										}
									},
									"md:remove": {
										"add": {
											"component_groups": [
												"md:remove"
											]
										}
									},
									"bridge:remove_command_id_1": {
										"add": {
											"component_groups": [
												"bridge:execute_no_command"
											]
										},
										"remove": {
											"component_groups": [
												"bridge:execute_command_id_1"
											]
										}
									},
									"bridge:remove_command_id_2": {
										"add": {
											"component_groups": [
												"bridge:execute_no_command"
											]
										},
										"remove": {
											"component_groups": [
												"bridge:execute_command_id_2"
											]
										}
									},
									"bridge:remove_command_id_3": {
										"add": {
											"component_groups": [
												"bridge:execute_no_command"
											]
										},
										"remove": {
											"component_groups": [
												"bridge:execute_command_id_3"
											]
										}
									},
									"bridge:remove_command_id_4": {
										"add": {
											"component_groups": [
												"bridge:execute_no_command"
											]
										},
										"remove": {
											"component_groups": [
												"bridge:execute_command_id_4"
											]
										}
									},
									"bridge:remove_command_id_5": {
										"add": {
											"component_groups": [
												"bridge:execute_no_command"
											]
										},
										"remove": {
											"component_groups": [
												"bridge:execute_command_id_5"
											]
										}
									}
								},
								"key": "bridge:remove_command_id_5",
								"children": [
									{
										"open": {
											"add": {
												"component_groups": [
													"bridge:execute_no_command"
												]
											},
											"remove": {
												"component_groups": [
													"bridge:execute_command_id_5"
												]
											}
										},
										"key": "add",
										"children": [
											{
												"open": {
													"component_groups": [
														"bridge:execute_no_command"
													]
												},
												"key": "component_groups",
												"is_minified": true,
												"children": [
													"bridge:execute_no_command"
												]
											}
										]
									},
									{
										"open": {
											"add": {
												"component_groups": [
													"bridge:execute_no_command"
												]
											},
											"remove": {
												"component_groups": [
													"bridge:execute_command_id_5"
												]
											}
										},
										"key": "remove",
										"children": [
											{
												"open": {
													"component_groups": [
														"bridge:execute_command_id_5"
													]
												},
												"key": "component_groups",
												"is_minified": true,
												"children": [
													"bridge:execute_command_id_5"
												]
											}
										]
									}
								]
							}
						]
					}
				]
			}
		]
	}
}