
 {
	"format_version": "1.16.100",
	"minecraft:item": {
		"description": {
			"identifier": "ds:akaza_kekki1",
			"category": "items"
		},
  "components": {
    "minecraft:render_offsets": {
      "main_hand": {
        "first_person": { 
          "scale": [0.0,0.0,0.0]
        },
        "third_person": { 
          "scale": [0.0,0.0,0.0]
        }
      }
    },
    "minecraft:use_duration": 99999,
    "minecraft:food": {
      "nutrition": 0,
      "saturation_modifier": "poor",
      "can_always_eat": true
    },
	  "minecraft:cooldown": {
		  "category": "akazakekki",
		   "duration": 2
    },
    "minecraft:max_stack_size": 1,
    "minecraft:hand_equipped":true,
    "minecraft:icon":{
      "texture": "akaza_kekki"
    },
    "minecraft:display_name":{
      "value":"§1Akaza [Kekkijutsu] \n§eLegendary"
    },
    "tag:akazakekki": {},
    "tag:kekki": {},
    "minecraft:should_despawn":false
  },
  "events":{
  }
  }
}
