
 {
	"format_version": "1.16.100",
	"minecraft:item": {
		"description": {
			"identifier": "ds:blood_gyutaro",
			"category": "items"
		},
  "components": {
          "minecraft:render_offsets": {
           "main_hand": {
            "first_person": { 
             "scale": [0.02,0.02,0.02]
             },
              "third_person": { 
              "scale": [0.06,0.06,0.06]
             }
            }
           },
    "minecraft:use_duration":0.5,
    "minecraft:use_animation":"drink",
    "minecraft:food":{
      "nutrition":1,
      "can_always_eat":true,
      "saturation_modifier":"poor",
      "on_consume":{
        "condition":"query.has_any_family('oni') == 1.0",
        "event":"ds:eat"
      }
    },
    "minecraft:max_stack_size": 1,
    "minecraft:foil": true,
    "minecraft:icon":{
      "texture": "blood_gyutaro"
    },
    "minecraft:display_name":{
      "value":"§o§cSangue §2Gyutaro §e[Kekkijutsu]"
    },
    "minecraft:explodable":false
  },
  "events":{
    "ds:eat":{
      "sequence":[
        {
          "add_mob_effect":{
            "effect":"regeneration",
            "target":"holder",
            "duration":5,
            "amplifier":2
          }
        },
        {
          "run_command":{
            "command":"scoreboard players set @s blood 5"
          }
        },
        {
          "run_command":{
            "command":"playsound oni_roar @s"
          }
        }
      ]
    }
  }
}
}
