
 {
	"format_version": "1.16.100",
	"minecraft:item": {
		"description": {
			"identifier": "ds:breath_serpent",
			"category": "items"
		},
  "components": {
    "minecraft:render_offsets": {
      "main_hand": {
        "first_person": { 
          "scale": [0.009,0.009,0.009]
        },
        "third_person": { 
          "scale": [0.016,0.016,0.016]
        }
      }
    },
    "minecraft:use_duration": 99999,
    "minecraft:food": {
      "nutrition": 0,
      "saturation_modifier": "poor",
      "can_always_eat": true
    },
    "minecraft:max_stack_size": 1,
    "minecraft:hand_equipped":true,
    "minecraft:icon":{
      "texture": "breath_serpent"
    },
    "minecraft:display_name":{
      "value":"§lBreath 💨 §fSerpent"
    },
    "tag:breath": {},
    "minecraft:should_despawn":false
  },
  "events":{
  }
  }
}
