
 {
	"format_version": "1.16.100",
	"minecraft:item": {
		"description": {
			"identifier": "ds:crow_food",
			"category": "items"
		},
  "components": {
    "minecraft:render_offsets": {
      "main_hand": {
        "first_person": { 
          "scale": [0.009,0.009,0.009]
        },
        "third_person": { 
          "scale": [0.016,0.016,0.016]
        }
      }
    },
    "minecraft:max_stack_size": 16,
    "minecraft:hand_equipped":true,
    "minecraft:icon":{
      "texture": "crow_food"
    },
    "minecraft:display_name":{
      "value":"Crow Food"
    },
    "minecraft:explodable":false
  },
  "events":{
  }
}
}
