
 {
	"format_version": "1.16.100",
	"minecraft:item": {
		"description": {
			"identifier": "ds:demon_horn",
			"category": "items"
		},
  "components": {
    "minecraft:render_offsets": {
      "main_hand": {
        "first_person": { 
          "scale": [0.009,0.009,0.009]
        },
        "third_person": { 
          "scale": [0.016,0.016,0.016]
        }
      }
    },
    "minecraft:max_stack_size": 32,
    "minecraft:hand_equipped":true,
    "minecraft:icon":{
      "texture": "demon_horn"
    },
    "minecraft:display_name":{
      "value":"§cDemon Horn"
    },
    "minecraft:explodable":false
  },
  "events":{
  }
}
}
