
 {
	"format_version": "1.16.100",
	"minecraft:item": {
		"description": {
			"identifier": "ds:enmu_kekki2",
			"category": "one"
		},
  "components": {
    "minecraft:render_offsets": {
      "main_hand": {
        "first_person": { 
          "scale": [0.0,0.0,0.0]
        },
        "third_person": { 
          "scale": [0.0,0.0,0.0]
        }
      }
    },
    "minecraft:on_use":{
      "on_use":{
        "condition":"!query.is_using_item && query.has_any_family('oni') == 1.0",
        "event":"ds:event1"
      }
    },
	  "minecraft:cooldown": {
		  "category": "enmukekki2",
		   "duration": 15
    },
    "minecraft:use_duration": 99999,
    "minecraft:food": {
      "nutrition": 0,
      "saturation_modifier": "poor",
      "can_always_eat": true
    },
    "minecraft:max_stack_size": 1,
    "minecraft:hand_equipped":true,
    "minecraft:icon":{
      "texture": "enmu_kekki"
    },
    "minecraft:display_name":{
      "value":"§5Enmu [Kekkijutsu] \n§gRaro"
    },
    "tag:enmukekki": {},
    "minecraft:should_despawn":false
  },
  "events":{
    "ds:event1":{
	  "run_command": {
		"command": [
        "event entity @s minecraft:event_tentacle"
		],
		"target": "self"
		}
    }
  }
  }
}
