{                                                                     
  "format_version": "1.16.100",
  "minecraft:item": {
    "description": {
      "identifier": "ds:haori_shinobu",
      "category" : "equipment"
    },
    "components": {
          "minecraft:render_offsets": {
           "main_hand": {
            "first_person": { 
             "scale": [0.0,0.0,0.0]
             },
              "third_person": { 
              "scale": [0.0,0.0,0.0]
             }
            }
           },
      "minecraft:icon": {
        "texture": "haori_shinobu"
      },
		  "minecraft:armor": {
			"protection": 10
		  },
      "minecraft:wearable": {
        "slot": "slot.armor.chest"
      },
        "minecraft:display_name": {
        "value": "§0Haori §5(Shinobu)"},
			"minecraft:creative_category": {
				"parent": "itemGroup.name.chestplate"
			},
      "minecraft:stacked_by_data": false,
      "minecraft:max_stack_size": 1,
      "minecraft:foil": false,
      "minecraft:hand_equipped": true
    },
    "events": {
    }
  }
}
