
 {
	"format_version": "1.16.100",
	"minecraft:item": {
		"description": {
			"identifier": "ds:muzan_blood",
			"category": "items"
		},
  "components": {
          "minecraft:render_offsets": {
           "main_hand": {
            "first_person": { 
             "scale": [0.02,0.02,0.02]
             },
              "third_person": { 
              "scale": [0.06,0.06,0.06]
             }
            }
           },
    "minecraft:use_duration":0.5,
    "minecraft:use_animation":"drink",
    "minecraft:food":{
      "nutrition":1,
      "can_always_eat":true,
      "saturation_modifier":"poor",
      "on_consume":{
        "event":"ds:oni_blood"
      }
    },
    "minecraft:max_stack_size": 64,
    "minecraft:icon":{
      "texture": "muzan_blood"
    },
    "minecraft:display_name":{
      "value":"§o§cSangue Do Muzan"
    },
    "minecraft:explodable":false
  },
  "events":{
    "ds:oni_blood":{
				"randomize": [
					{
						"weight": 5,
						"run_command": {
							"command": [
                "event entity @s[family=player] be_oni",
								"scoreboard players add @s[family=oni] muzanblood 1",
								"function muzanblood"
							],
							"target": "self"
						}
					},
					{
						"weight": 95,
						"run_command": {
							"command": [
                    "effect @s weakness 25 1 true",
                    "effect @s slowness 1 2 true",
                    "effect @s nausea 3 1 true",
						    		"scoreboard players add @s[family=oni] muzanblood 1",
						     		"execute @s[family=oni] ~~~ function muzanblood"
							],
							"target": "self"
						}
					}
				]
      }
    }
  }
}
