
 {
	"format_version": "1.16.100",
	"minecraft:item": {
		"description": {
			"identifier": "ds:nakime_biwa",
			"category": "items"
		},
  "components": {
    "minecraft:render_offsets": {
      "main_hand": {
        "first_person": { 
          "scale": [0.009,0.009,0.009]
        },
        "third_person": { 
          "scale": [0.016,0.016,0.016]
        }
      }
    },
    "minecraft:on_use":{
      "on_use":{
        "condition":"!query.is_using_item && query.has_any_family('oni') == 1.0",
        "event":"ds:event1"
      }
    },
	  "minecraft:cooldown": {
		  "category": "nakimekekki",
		   "duration": 3
    },
    "minecraft:use_duration": 99999,
    "minecraft:food": {
      "nutrition": 0,
      "saturation_modifier": "poor",
      "can_always_eat": true
    },
    "minecraft:max_stack_size": 1,
    "minecraft:hand_equipped":true,
    "minecraft:icon":{
      "texture": "nakime_kekki"
    },
    "minecraft:display_name":{
      "value":"§eNakime [Kekkijutsu] \n§gRaro"
    },
    "tag:nakimekekki": {},
    "minecraft:should_despawn":false
  },
  "events":{
    "ds:event1":{
	  "run_command": {
		"command": [
        "summon ds:castle_door_spawn",
        "playsound biwa @a[r=15] ~~~"
		],
		"target": "self"
		}
    }
  }
  }
}
