{                                                                     
  "format_version": "1.16.100",
  "minecraft:item": {
    "description": {
      "identifier": "ds:nichirin",
      "category" : "items"
    },
    "components": {
         "minecraft:render_offsets": {
           "main_hand": {
            "first_person": { 
             "scale": [0.0,0.0,0.0]
             },
              "third_person": { 
              "scale": [0.0,0.0,0.0]
             }
            }
           },
      "minecraft:icon": {
        "texture": "nichirin"
      },
      "minecraft:cooldown": {
        "category": "open",
        "duration": 0
      },
        "minecraft:display_name": {
        "value": "§oNichirin §l\n(Hold)"},
      "minecraft:stacked_by_data": false,
      "minecraft:max_stack_size": 1,
      "minecraft:foil": false,
      "minecraft:hand_equipped": true,
      "minecraft:on_use": {
        "on_use": {
          "event": "function",
          "target": "self"
        }
      }
    },
    "events": {
			"function": {
				"randomize": [
					{
						"weight": 50,
						"run_command": {
							"command": [
                                "replaceitem entity @p slot.weapon.mainhand 1 ds:nichirin_normal"
							],
							"target": "self"
						}
					},
					{
						"weight": 50,
						"run_command": {
							"command": [
                                "replaceitem entity @p slot.weapon.mainhand 1 ds:nichirin_black"
							],
							"target": "self"
						}
					}
				]
			}
    }
  }
}
