{
	"format_version": "1.16.100",
	"minecraft:item": {
		"description": {
			"identifier": "ds:nichirin_zenitsu",
			"category": "equipment"
		},
	  	  "components": {
          "minecraft:render_offsets": {
           "main_hand": {
            "first_person": { 
             "scale": [0.0,0.0,0.0]
             },
              "third_person": { 
              "scale": [0.0,0.0,0.0]
             }
            }
           },
			"minecraft:hand_equipped": true,
			"minecraft:max_stack_size": 1,
            "minecraft:use_duration": 9999999,
			"minecraft:icon": {
				"texture": "nichirin_zenitsu"
			},
           "minecraft:food": {
           "can_always_eat": true
            },
        "minecraft:display_name": {
        "value": "§oNichirin Zenitsu \n§l[Hold/Crouch]"},
        "tag:nichirin": {},
        "minecraft:creative_category": {
        "parent": "itemGroup.name.sword"
            },
	       "minecraft:cooldown": {
		   "category": "nichirin",
		   "duration": 2
	       },
			"minecraft:weapon": {
				"on_hurt_entity": {
					"event": "attack"
				}
			},
			"minecraft:damage": 8,
			"minecraft:enchantable": {
				"slot": "sword",
				"value": 10
			},
			"minecraft:can_destroy_in_creative": false,
			"minecraft:durability": {
				"max_durability": 300
			},
			"minecraft:allow_off_hand": false,
			"minecraft:foil": false,
			"minecraft:mining_speed": 1,
			"minecraft:digger": {
				"use_efficiency": true,
				"on_dig": {
					"event": "dam"
				},
				"destroy_speeds": [
					{
						"block": "minecraft:web",
						"speed": 15,
						"on_dig": {
							"event": "dam"
						}
					}
				]
			}
		},
		"events": {
			"attack": {
				"randomize": [
					{
						"weight": 10,
						"damage": {
							"type": "magic",
							"amount": 1,
							"target": "self"
						},
						"run_command": {
							"command": [
							],
							"target": "self"
						}
					},
					{
						"weight": 90,
						"damage": {
							"type": "magic",
							"amount": 1,
							"target": "self"
						},
						"run_command": {
							"command": [
							],
							"target": "other"
						}
					}
				]
			},
			"dam": {
				"damage": {
					"type": "magic",
					"amount": 1,
					"target": "self"
				}
			}
		}
	}
}
