
 {
	"format_version": "1.16.100",
	"minecraft:item": {
		"description": {
			"identifier": "ds:rui_kekki2",
			"category": "one"
		},
  "components": {
    "minecraft:render_offsets": {
      "main_hand": {
        "first_person": { 
          "scale": [0.009,0.009,0.009]
        },
        "third_person": { 
          "scale": [0.016,0.016,0.016]
        }
      }
    },
    "minecraft:on_use":{
      "on_use":{
        "condition":"!query.is_using_item && query.has_any_family('oni') == 1.0",
        "event":"ds:event1"
      }
    },
	  "minecraft:cooldown": {
		  "category": "ruikekki",
		   "duration": 1
    },
    "minecraft:use_duration": 99999,
    "minecraft:food": {
      "nutrition": 0,
      "saturation_modifier": "poor",
      "can_always_eat": true
    },
    "minecraft:max_stack_size": 1,
    "minecraft:hand_equipped":true,
    "minecraft:icon":{
      "texture": "rui_kekkijutsu"
    },
    "minecraft:display_name":{
      "value":"§cRui [Kekkijutsu] \n§gRaro"
    },
    "tag:ruikekki": {},
    "minecraft:should_despawn":false
  },
  "events":{
    "ds:event1":{
      "shoot":{
        "projectile":"ds:rui_kekki",
        "launch_power":1
      },
	  "run_command": {
		"command": [
        "playsound mob.spider.say @a[r=15] ~~~ 1.0 1.2 0",
        "playsound mob.shulker.shoot @a[r=15] ~~~ 0.8 1 0"
		],
		"target": "self"
		}
    }
  }
  }
}
