
 {
	"format_version": "1.16.100",
	"minecraft:item": {
		"description": {
			"identifier": "ds:slasher_kekki",
			"category": "items"
		},
  "components": {
    "minecraft:render_offsets": {
      "main_hand": {
        "first_person": { 
          "scale": [0.006,0.006,0.006]
        },
        "third_person": { 
          "scale": [0.0,0.0,0.0]
        }
      }
    },
    "minecraft:max_stack_size": 64,
    "minecraft:hand_equipped":true,
    "minecraft:icon":{
      "texture": "slasher_kekki"
    },
    "minecraft:display_name":{
      "value":"§1Slasher [Kekkijutsu] \n§aComum"
    },
    "minecraft:explodable":false
  },
  "events":{
  }
}
}
