{
    "format_version": "1.17.100",
    "minecraft:item": {
      "description": {
        "identifier": "ds:status",
        "category": "items"
    },
    "components": {
    "minecraft:render_offsets": {
      "main_hand": {
        "first_person": { 
          "scale": [0.009,0.009,0.009]
        },
        "third_person": { 
          "scale": [0.016,0.016,0.016]
        }
      }
    },
      "minecraft:max_stack_size": 1,
      "minecraft:hand_equipped": true,
      "minecraft:foil": true,
      "minecraft:icon": {
        "texture": "status"
      },
	  "minecraft:cooldown": {
		"category": "menu",
		"duration": 1
	  },
      "minecraft:display_name": {
        "value": "§eMenu \n§7[Hold To Use]"
      },
      "minecraft:on_use": {
        "on_use": {
          "event": "run"
        }
      },
      "minecraft:should_despawn": false,
      "minecraft:allow_off_hand": false
      },
      "events": {
        "run": {
          "sequence": [
            {
              "run_command": {
                "command": [
				  "summon ds:status ~~~ of:open"
			  ]
			}
		  }
		]
	  }
	}
  }
}
