{                                                                     
  "format_version": "1.16.100",
  "minecraft:item": {
    "description": {
      "identifier": "ds:up",
      "category" : "items"
    },
    "components": {
         "minecraft:render_offsets": {
           "main_hand": {
            "first_person": { 
             "scale": [0.0,0.0,0.0]
             },
              "third_person": { 
              "scale": [0.0,0.0,0.0]
             }
            }
           },
      "minecraft:icon": {
        "texture": "diamond"
      },
      "minecraft:cooldown": {
        "category": "up",
        "duration": 0
      },
        "minecraft:display_name": {
        "value": "§o§bUp Item §l§f\n(Hold) \n§c[Creative]"},
      "minecraft:stacked_by_data": false,
      "minecraft:max_stack_size": 1,
      "minecraft:foil": false,
      "minecraft:hand_equipped": true,
      "minecraft:on_use": {
        "on_use": {
          "event": "function",
          "target": "self"
        }
      }
    },
    "events": {
    "function":{
	  "run_command": {
		"command": [
        "function upstats"
		],
		"target": "self"
	     	}
      }
    }
  }
}
