{                                                                     
  "format_version": "1.16.100",
  "minecraft:item": {
    "description": {
      "identifier": "ds:uzui_headband",
      "category" : "equipment"
    },
    "components": {
          "minecraft:render_offsets": {
           "main_hand": {
            "first_person": { 
             "scale": [0.0,0.0,0.0]
             },
              "third_person": { 
              "scale": [0.0,0.0,0.0]
             }
            }
           },
      "minecraft:icon": {
        "texture": "uzui_headband"
      },
		  "minecraft:armor": {
			"protection": 10
		  },
      "minecraft:wearable": {
        "slot": "slot.armor.head"
      },
        "minecraft:display_name": {
        "value": "§oUzui §lHeadband"},
      "minecraft:stacked_by_data": false,
      "minecraft:max_stack_size": 1,
      "minecraft:foil": false,
      "minecraft:hand_equipped": true
    },
    "events": {
    }
  }
}
