{"format_version":"1.10.0","minecraft:client_entity":{"description":{"identifier":"yg:eight","materials":{"default":"witch"},"textures":{"default":"textures/entity/yg_eight"},"geometry":{"default":"geometry.yg_eight"},"scripts":{"animate":["move","general"],"pre_animation":["variable.random = math.round(math.random(0,2));"],"scale":"2"},"animations":{"moving":"animation.yg_eight.move","move":"controller.animation.yg_eight.move","gazo_general":"animation.yg_eight.general","general":"controller.animation.yg_eight.general","attack0":"animation.yg_eight.attack","attack":"controller.animation.yg_eight.attack"},"render_controllers":["controller.render.witch"],"spawn_egg":{"texture":"yg:eight","texture_index":0}}}}