{"format_version":"1.10.0","minecraft:client_entity":{"description":{"identifier":"yg:four","materials":{"default":"witch"},"textures":{"default":"textures/entity/yg_four"},"geometry":{"default":"geometry.yg_four"},"scripts":{"animate":["move","general"],"pre_animation":["variable.random = math.round(math.random(0,2));"],"scale":"2"},"animations":{"moving":"animation.yg_four.move","move":"controller.animation.yg_four.move","gazo_general":"animation.yg_four.general","general":"controller.animation.yg_four.general","attack0":"animation.yg_four.attack","attack":"controller.animation.yg_four.attack"},"render_controllers":["controller.render.witch"],"spawn_egg":{"texture":"yg:four","texture_index":0}}}}