{"format_version":"1.10.0","minecraft:client_entity":{"description":{"identifier":"yg:five","materials":{"default":"witch"},"textures":{"default":"textures/entity/yg_five"},"geometry":{"default":"geometry.yg_five"},"scripts":{"animate":["move","general"],"pre_animation":["variable.random = math.round(math.random(0,2));"],"scale":"2"},"animations":{"moving":"animation.yg_five.move","move":"controller.animation.yg_five.move","gazo_general":"animation.yg_five.general","general":"controller.animation.yg_five.general","attack0":"animation.yg_five.attack","attack":"controller.animation.yg_five.attack"},"render_controllers":["controller.render.witch"],"spawn_egg":{"texture":"yg:five","texture_index":0}}}}