{"format_version":"1.10.0","minecraft:client_entity":{"description":{"identifier":"yg:nine","materials":{"default":"witch"},"textures":{"default":"textures/entity/yg_nine"},"geometry":{"default":"geometry.yg_nine"},"scripts":{"animate":["general","attack"],"pre_animation":["variable.random = math.round(math.random(0,2));"],"scale":"2"},"animations":{"general":"animation.yg_nine.general","attack0":"animation.yg_nine.attack","attack":"controller.animation.yg_nine.attack"},"render_controllers":["controller.render.witch"],"spawn_egg":{"texture":"yg:nine","texture_index":0}}}}