{"format_version":"1.10.0","minecraft:client_entity":{"description":{"identifier":"yg:one","materials":{"default":"witch"},"textures":{"default":"textures/entity/yg_one"},"geometry":{"default":"geometry.yg_one"},"scripts":{"animate":["move","general"],"pre_animation":["variable.random = math.round(math.random(0,2));"],"scale":"2"},"animations":{"moving":"animation.yg_one.move","move":"controller.animation.yg_one.move","gazo_general":"animation.yg_one.general","general":"controller.animation.yg_one.general","attack0":"animation.yg_one.attack","attack":"controller.animation.yg_one.attack"},"render_controllers":["controller.render.witch"],"spawn_egg":{"texture":"yg:one","texture_index":0}}}}