{"format_version":"1.10.0","minecraft:client_entity":{"description":{"identifier":"yg:seven","materials":{"default":"witch"},"textures":{"default":"textures/entity/yg_seven"},"geometry":{"default":"geometry.yg_seven"},"scripts":{"animate":["move","general"],"pre_animation":["variable.random = math.round(math.random(0,2));"],"scale":"2"},"animations":{"moving":"animation.yg_seven.move","move":"controller.animation.yg_seven.move","gazo_general":"animation.yg_seven.general","general":"controller.animation.yg_seven.general","attack0":"animation.yg_seven.attack","attack":"controller.animation.yg_seven.attack"},"render_controllers":["controller.render.witch"],"spawn_egg":{"texture":"yg:seven","texture_index":0}}}}