{"format_version":"1.10.0","minecraft:client_entity":{"description":{"identifier":"yg:six","materials":{"default":"enderman"},"textures":{"default":"textures/entity/yg_six"},"geometry":{"default":"geometry.yg_six"},"scripts":{"animate":["move","general"],"pre_animation":["variable.random = math.round(math.random(0,2));"],"scale":"2"},"animations":{"moving":"animation.yg_six.move","move":"controller.animation.yg_six.move","gazo_general":"animation.yg_six.general","general":"controller.animation.yg_six.general","attack0":"animation.yg_six.attack","attack":"controller.animation.yg_six.attack"},"render_controllers":["controller.render.witch"],"spawn_egg":{"texture":"yg:six","texture_index":0}}}}