{"format_version":"1.10.0","minecraft:client_entity":{"description":{"identifier":"yg:two","materials":{"default":"witch"},"textures":{"default":"textures/entity/yg_two"},"geometry":{"default":"geometry.yg_two"},"scripts":{"animate":["move","general"],"pre_animation":["variable.random = math.round(math.random(0,2));"],"scale":"2"},"animations":{"moving":"animation.yg_two.move","move":"controller.animation.yg_two.move","gazo_general":"animation.yg_two.general","general":"controller.animation.yg_two.general","attack0":"animation.yg_two.attack","attack":"controller.animation.yg_two.attack"},"render_controllers":["controller.render.witch"],"spawn_egg":{"texture":"yg:two","texture_index":0}}}}