{"format_version":"1.10.0","minecraft:client_entity":{"description":{"identifier":"yg:ten","materials":{"default":"witch"},"textures":{"default":"textures/entity/yg_ten"},"geometry":{"default":"geometry.yg_ten"},"scripts":{"animate":["move","general"],"pre_animation":["variable.random = math.round(math.random(0,2));"],"scale":"2"},"animations":{"moving":"animation.yg_ten.move","move":"controller.animation.yg_ten.move","gazo_general":"animation.yg_ten.general","general":"controller.animation.yg_ten.general","attack0":"animation.yg_ten.attack","attack":"controller.animation.yg_ten.attack"},"render_controllers":["controller.render.witch"],"spawn_egg":{"texture":"yg:ten","texture_index":0}}}}