{"format_version":"1.10.0","minecraft:client_entity":{"description":{"identifier":"yg:three","materials":{"default":"witch"},"textures":{"default":"textures/entity/yg_three"},"geometry":{"default":"geometry.yg_three"},"scripts":{"animate":["move","general"],"pre_animation":["variable.random = math.round(math.random(0,2));"],"scale":"2"},"animations":{"moving":"animation.yg_three.move","move":"controller.animation.yg_three.move","gazo_general":"animation.yg_three.general","general":"controller.animation.yg_three.general","attack0":"animation.yg_three.attack","attack":"controller.animation.yg_three.attack"},"render_controllers":["controller.render.witch"],"spawn_egg":{"texture":"yg:three","texture_index":0}}}}