{"format_version":"1.10.0","minecraft:client_entity":{"description":{"identifier":"yg:zero","materials":{"default":"witch"},"textures":{"default":"textures/entity/yg_zero"},"geometry":{"default":"geometry.yg_zero"},"scripts":{"animate":["move","general"],"pre_animation":["variable.random = math.round(math.random(0,2));"],"scale":"2"},"animations":{"moving":"animation.yg_zero.move","move":"controller.animation.yg_zero.move","gazo_general":"animation.yg_zero.general","general":"controller.animation.yg_zero.general","attack0":"animation.yg_zero.attack","attack":"controller.animation.yg_zero.attack"},"render_controllers":["controller.render.witch"],"spawn_egg":{"texture":"yg:zero","texture_index":0}}}}