{
  "resource_pack_name": "vanilla",
  "texture_name": "atlas.items",
  "texture_data": {
    "egg_camel": {
      "textures": "textures/items/egg_camel"
    },
    "egg_lion": {
      "textures": "textures/items/egg_lion"
    },
    "egg_penguin": {
      "textures": "textures/items/egg_penguin"
    },
    "egg_tiger": {
      "textures": "textures/items/egg_tiger"
    },
    "egg_elephant": {
      "textures": "textures/items/egg_elephant"
    },
    "egg_deer": {
      "textures": "textures/items/egg_deer"
    },
    "egg_panther": {
      "textures": "textures/items/egg_panther"
    },
    "egg_frog": {
      "textures": "textures/items/egg_frog"
    },
    "egg_crocodile": {
      "textures": "textures/items/egg_crocodile"
    },
    "egg_mouse": {
      "textures": "textures/items/egg_mouse"
    },
    "gallardo": {
      "textures": "textures/items/gallardo"
    },
    "bench": {
      "textures": "textures/items/bench"
    },
    "christmas_tree": {
      "textures": "textures/items/christmas_tree"
    },
    "tivi": {
      "textures": "textures/items/tivi"
    },
    "closet": {
      "textures": "textures/items/closet"
    },
    "laptop": {
      "textures": "textures/items/laptop"
    },
    "piano": {
      "textures": "textures/items/piano"
    },
    "armchairs": {
      "textures": "textures/items/armchairs"
    },
    "chair": {
      "textures": "textures/items/chair"
    },
    "big_table": {
      "textures": "textures/items/big_table"
    },
    "small_table": {
      "textures": "textures/items/small_table"
    },
    "drone": {
      "textures": "textures/items/drone"
    },
    "colorful_gifts": {
      "textures": "textures/items/colorful_gifts"
    },
    "kimetsu_nichirin_tanjiro": {
      "textures": "textures/items/pamobile/kimetsu_nichirin_tanjiro"
    },
    "kimetsu_nichirin_michikatsu": {
      "textures": "textures/items/pamobile/kimetsu_nichirin_michikatsu"
    },
    "kimetsu_nichirin_yoriichi": {
      "textures": "textures/items/pamobile/kimetsu_nichirin_yoriichi"
    },
    "kimetsu_nichirin_giyu": {
      "textures": "textures/items/pamobile/kimetsu_nichirin_giyu"
    },
    "kimetsu_nichirin_tanjiro_season3": {
      "textures": "textures/items/pamobile/kimetsu_nichirin_tanjiro_season3"
    },
    "kimetsu_kyokoku_kamusari": {
      "textures": "textures/items/pamobile/kimetsu_kyokoku_kamusari"
    },
    "kimetsu_kyokoku_kamusari_upgrade": {
      "textures": "textures/items/pamobile/kimetsu_kyokoku_kamusari_upgrade"
    },
    "kimetsu_tanjiro_head": {
      "textures": [
        "textures/items/pamobile/kimetsu_tanjiro_head"
      ]
    },
    "kimetsu_tanjiro_demon_head": {
      "textures": [
        "textures/items/pamobile/kimetsu_tanjiro_demon_head"
      ]
    },
    "kimetsu_tanjiro_head1": {
      "textures": [
        "textures/items/pamobile/kimetsu_tanjiro_head1"
      ]
    },
    "kimetsu_yoriichi_head1": {
      "textures": [
        "textures/items/pamobile/kimetsu_yoriichi_head1"
      ]
    },
    "kimetsu_tomioka_head": {
      "textures": [
        "textures/items/pamobile/kimetsu_tomioka_head"
      ]
    },
    "kimetsu_yoriichi_head": {
      "textures": [
        "textures/items/pamobile/kimetsu_yoriichi_head"
      ]
    },
    "kimetsu_michikatsu_head": {
      "textures": [
        "textures/items/pamobile/kimetsu_michikatsu_head"
      ]
    },
    "kimetsu_kokushibou_head": {
      "textures": [
        "textures/items/pamobile/kimetsu_kokushibou_head"
      ]
    },
    "kimetsu_nezuko_demon_head": {
      "textures": [
        "textures/items/pamobile/kimetsu_nezuko_demon_head"
      ]
    },
    "kimetsu_kokushibou_head1": {
      "textures": [
        "textures/items/pamobile/kimetsu_kokushibou_head1"
      ]
    },
    "kimetsu_haori_tanjiro": {
      "textures": [
        "textures/items/pamobile/kimetsu_haori_tanjiro"
      ]
    },
    "kimetsu_nezuko_head": {
      "textures": [
        "textures/items/pamobile/kimetsu_nezuko_head"
      ]
    },
    "kimetsu_haori_yoriichi": {
      "textures": [
        "textures/items/pamobile/kimetsu_haori_yoriichi"
      ]
    },
    "kimetsu_haori_michikatsu": {
      "textures": [
        "textures/items/pamobile/kimetsu_haori_michikatsu"
      ]
    },
    "kimetsu_kimono_cloud": {
      "textures": [
        "textures/items/pamobile/kimetsu_kimono_cloud"
      ]
    },
    "kimetsu_kimono_nezuko": {
      "textures": [
        "textures/items/pamobile/kimetsu_kimono_nezuko"
      ]
    },
    "kimetsu_tentacle_kokushibou": {
      "textures": [
        "textures/items/pamobile/kimetsu_tentacle_kokushibou"
      ]
    },
    "kimetsu_tentacle_tanjiro": {
      "textures": [
        "textures/items/pamobile/kimetsu_tentacle_tanjiro"
      ]
    },
    "kimetsu_nezuko_bamboo": {
      "textures": [
        "textures/items/pamobile/kimetsu_nezuko_bamboo"
      ]
    },
    "kimetsu_haori_tomioka": {
      "textures": [
        "textures/items/pamobile/kimetsu_haori_tomioka"
      ]
    }
  }
}