{"animation_controllers":{"controller.animation.jack_jumpscare":{"initial_state":"default","states":{"add":{"on_entry":["/scoreboard objectives add jumpscare dummy","/effect @e[r=2,type=!roy:jack] blindness 2 1 true","/scoreboard players add @e[r=3,type=!roy:jack] jumpscare 1","/execute @e[scores={jumpscare=8..1000}] ~ ~ ~event entity @e[type=roy:jack,r=5] roy:jumpscare_stop","/execute @e[scores={jumpscare=8..1000}] ~ ~ ~tag @e[type=roy:jack,r=5] remove jumpscare","/tp @e[type=roy:jack] 999999 9999999 9999999","/scoreboard players set @a[scores={jumpscare=8..1000}] jumpscare 0"],"transitions":[{"default":"1.0"}]},"attack":{"on_entry":["/tag @s add jumpscare","/execute @s ~ ~ ~ ride @e[r=3,type=!roy:jack] start_riding @s","/execute @s ~ ~ ~ effect @e[r=2,type=!roy:jack] blindness 2 1 true","/effect @s slowness 2 255 true","/camerashake add @s 4 1"],"transitions":[{"default":"1.0"}]},"default":{"transitions":[{"attack":"variable.attack_time > 0 && !query.is_stunned"},{"add":"query.has_rider && !query.is_stunned"}]}}}},"format_version":"1.10.0"}