{
	"format_version": "1.8.0",
	"animations": {
		"animation.ic_lighter.open": {
			"animation_length": 600,
			"bones": {
				"rightitem": {
					"rotation": {
						"0.0": [0, 0, 0],
						"0.125": [10, 0, 0],
						"0.25": [17.5, 0, 0],
						"0.375": [2.5, 0, 0],
						"0.5": [0, 0, 0]
					}
				},
				"lid": {
					"rotation": {
						"0.0": [0, 0, 0],
						"0.125": [42.5, 0, 0],
						"0.25": [122.5, 0, 0],
						"0.375": [115, 0, 0],
						"0.5": [122.5, 0, 0]
					}
				},
				"flame": {
					"scale": {
						"0.1875": [0, 0, 0],
						"0.25": [1, 1, 1]
					}
				}
			},
			"particle_effects": {
				"0.0": {
					"effect": "lighter_flame",
					"locator": "locator"
				}
			}
		},
		"animation.ic_lighter.close": {
			"animation_length": 600,
			"bones": {
				"rightitem": {
					"rotation": {
						"0.0": [0, 0, 0],
						"0.125": [2.5, 0, 0],
						"0.25": [17.5, 0, 0],
						"0.375": [10, 0, 0],
						"0.5": [0, 0, 0]
					}
				},
				"lid": {
					"rotation": {
						"0.0": [122.5, 0, 0],
						"0.125": [115, 0, 0],
						"0.25": [122.5, 0, 0],
						"0.375": [42.5, 0, 0],
						"0.5": [0, 0, 0]
					}
				},
				"flame": {
					"scale": {
						"0.1875": [1, 1, 1],
						"0.3125": [0, 0, 0]
					}
				}
			}
		}
	}
}