{
	"format_version": "1.16.100",
	"minecraft:item": {
		"description": {
			"identifier": "sc:map_shoot",
			"category": "equipment"
		},
		"components": {
			"minecraft:max_stack_size": 1,
			"minecraft:use_duration": 0.1,
			"minecraft:icon": {
				"texture": "map_shoot"
			},
			"minecraft:display_name": {
				"value": "§lMAP SHOOT"
			},
			"minecraft:on_use": {
				"on_use": {
					"event": "sc:item",
					"target": "self"
				}
			},
			"minecraft:hand_equipped": true,
			"minecraft:render_offsets": {
				"main_hand": {
					"third_person": {
						"scale": [
							0.01,
							0.01,
							0.01
						]
					},
					"first_person": {
						"scale": [
							0.005,
							0.005,
							0.005
						]
					}
				}
			},
			"minecraft:creative_category": {
				"parent": "itemGroup.name.arrow"
			}
		},
		"events": {
			"sc:item": {
				"shoot": {
					"projectile": "sc:map_shoot",
					"launch_power": 1,
					"angle_offset": 0.2
				}
			}
		}
	}
}