{"format_version":"1.8.0","animations":{"animation.yg_amanda_monster.general":{"loop":true,"animation_length":2,"bones":{"Body":{"rotation":{"0.0":{"post":[0,0,0],"lerp_mode":"catmullrom"},"0.5":{"post":[5.3125,0,0],"lerp_mode":"catmullrom"},"1.0":{"post":[5,0,0],"lerp_mode":"catmullrom"},"2.0":{"post":[0,0,0],"lerp_mode":"catmullrom"}}},"Jaw":{"rotation":{"0.0":{"post":[25,0,0],"lerp_mode":"catmullrom"},"0.5":{"post":[31.25,0,0],"lerp_mode":"catmullrom"},"1.0":{"post":[22.5,0,0],"lerp_mode":"catmullrom"},"2.0":{"post":[25,0,0],"lerp_mode":"catmullrom"}}},"Rightarm":{"rotation":{"0.0":{"post":[5,0,12.5],"lerp_mode":"catmullrom"},"0.5":{"post":[12.8125,0,12.5],"lerp_mode":"catmullrom"},"1.0":{"post":[9.96271,-0.86717,17.42442],"lerp_mode":"catmullrom"},"2.0":{"post":[5,0,12.5],"lerp_mode":"catmullrom"}}},"bone":{"rotation":{"0.0":{"post":[-50,0,0],"lerp_mode":"catmullrom"},"0.5":{"post":[-60.625,0,0],"lerp_mode":"catmullrom"},"1.0":{"post":[-60,0,0],"lerp_mode":"catmullrom"},"2.0":{"post":[-50,0,0],"lerp_mode":"catmullrom"}}},"bone2":{"rotation":{"0.0":{"post":[6.42848,-26.79524,-14.03271],"lerp_mode":"catmullrom"}}},"Rightleg":{"rotation":[0,12.5,0]},"Leftarm":{"rotation":{"0.0":{"post":[5,0,-12.5],"lerp_mode":"catmullrom"},"0.5":{"post":[14.21875,0,-12.5],"lerp_mode":"catmullrom"},"1.0":{"post":[12.45392,1.08089,-17.38206],"lerp_mode":"catmullrom"},"2.0":{"post":[5,0,-12.5],"lerp_mode":"catmullrom"}}},"bone5":{"rotation":{"0.0":{"post":[-50,0,0],"lerp_mode":"catmullrom"},"0.5":{"post":[-59.53125,0,0],"lerp_mode":"catmullrom"},"1.0":{"post":[-62.5,0,0],"lerp_mode":"catmullrom"},"2.0":{"post":[-50,0,0],"lerp_mode":"catmullrom"}}},"bone6":{"rotation":{"0.0":{"post":[5.7632,24.3683,13.74538],"lerp_mode":"catmullrom"}}}}},"animation.yg_amanda_monster.looking":{"loop":true,"bones":{"Head":{"rotation":["query.target_x_rotation-this","query.target_y_rotation-this",0]}}},"animation.yg_amanda_monster.move":{"loop":true,"animation_length":1,"anim_time_update":"query.modified_distance_moved * 0.1","bones":{"Root":{"position":{"0.0":[0,1,0],"0.25":[0,0,0],"0.5":[0,1,0],"0.75":[0,0,0],"1.0":[0,1,0]}},"Body":{"rotation":{"0.0":{"post":[10.15108,9.84655,1.75378],"lerp_mode":"catmullrom"},"0.25":{"post":[12.5,0,0],"lerp_mode":"catmullrom"},"0.5":{"post":[15.12353,-7.24305,-1.95155],"lerp_mode":"catmullrom"},"1.0":{"post":[10.15108,9.84655,1.75378],"lerp_mode":"catmullrom"}}},"Head":{"rotation":{"0.0":{"post":[-7.5,0,0],"lerp_mode":"catmullrom"},"0.5":{"post":[-10,0,0],"lerp_mode":"catmullrom"},"0.75":{"post":[1.25,0,0],"lerp_mode":"catmullrom"},"1.0":{"post":[-7.5,0,0],"lerp_mode":"catmullrom"}}},"Jaw":{"rotation":{"0.0":{"post":[25,0,0],"lerp_mode":"catmullrom"},"0.5":{"post":[20,0,0],"lerp_mode":"catmullrom"},"1.0":{"post":[25,0,0],"lerp_mode":"catmullrom"}}},"Rightarm":{"rotation":{"0.0":{"post":[29.81594,-2.15393,9.76758],"lerp_mode":"catmullrom"},"0.5":{"post":[-15.18406,-2.15393,9.76758],"lerp_mode":"catmullrom"},"1.0":{"post":[29.81594,-2.15393,9.76758],"lerp_mode":"catmullrom"}},"position":{"0.0":{"post":[0,0,1],"lerp_mode":"catmullrom"},"0.25":{"post":[0,0,0],"lerp_mode":"catmullrom"},"0.5":{"post":[0,0,-2],"lerp_mode":"catmullrom"},"0.75":{"post":[0,-1,0],"lerp_mode":"catmullrom"},"1.0":{"post":[0,0,1],"lerp_mode":"catmullrom"}}},"bone":{"rotation":{"0.0":{"post":[-57.5,0,0],"lerp_mode":"catmullrom"},"0.5":{"post":[-77.5,0,0],"lerp_mode":"catmullrom"},"0.75":{"post":[-78.75,0,0],"lerp_mode":"catmullrom"},"1.0":{"post":[-57.5,0,0],"lerp_mode":"catmullrom"}}},"Rightleg":{"rotation":{"0.0":{"post":[-25,0,0],"lerp_mode":"catmullrom"},"0.5":{"post":[37.5,0,0],"lerp_mode":"catmullrom"},"1.0":{"post":[-25,0,0],"lerp_mode":"catmullrom"}},"position":{"0.0":{"post":[0,0,-1],"lerp_mode":"catmullrom"},"0.25":{"post":[0,0,0],"lerp_mode":"catmullrom"},"0.5":{"post":[0,0,1],"lerp_mode":"catmullrom"},"0.75":{"post":[0,2,0],"lerp_mode":"catmullrom"},"1.0":{"post":[0,0,-1],"lerp_mode":"catmullrom"}}},"bone3":{"rotation":{"0.0":{"post":[-25,0,0],"lerp_mode":"catmullrom"},"0.25":{"post":[-1.25,0,0],"lerp_mode":"catmullrom"},"0.5":{"post":[-7.5,0,0],"lerp_mode":"catmullrom"},"0.75":{"post":[23.75,0,0],"lerp_mode":"catmullrom"},"1.0":{"post":[-25,0,0],"lerp_mode":"catmullrom"}}},"Leftarm":{"rotation":{"0.0":{"post":[-5.2873,2.68507,-12.2127],"lerp_mode":"catmullrom"},"0.5":{"post":[34.7127,2.68507,-12.2127],"lerp_mode":"catmullrom"},"1.0":{"post":[-5.2873,2.68507,-12.2127],"lerp_mode":"catmullrom"}},"position":{"0.0":{"post":[0,0,-2],"lerp_mode":"catmullrom"},"0.25":{"post":[0,-1,0],"lerp_mode":"catmullrom"},"0.5":{"post":[0,0,1],"lerp_mode":"catmullrom"},"0.75":{"post":[0,0,0],"lerp_mode":"catmullrom"},"1.0":{"post":[0,0,-2],"lerp_mode":"catmullrom"}}},"bone5":{"rotation":{"0.0":{"post":[-77.5,0,0],"lerp_mode":"catmullrom"},"0.25":{"post":[-92.96875,0,0],"lerp_mode":"catmullrom"},"0.5":{"post":[-65,0,0],"lerp_mode":"catmullrom"},"1.0":{"post":[-77.5,0,0],"lerp_mode":"catmullrom"}}},"bone9":{"rotation":{"0.0":{"post":[50,0,0],"lerp_mode":"catmullrom"},"0.25":{"post":[-5,0,0],"lerp_mode":"catmullrom"},"0.5":{"post":[-20,0,0],"lerp_mode":"catmullrom"},"1.0":{"post":[50,0,0],"lerp_mode":"catmullrom"}}},"Leftleg":{"rotation":{"0.0":{"post":[37.5,0,0],"lerp_mode":"catmullrom"},"0.5":{"post":[-25,0,0],"lerp_mode":"catmullrom"},"1.0":{"post":[37.5,0,0],"lerp_mode":"catmullrom"}},"position":{"0.0":{"post":[0,0,1],"lerp_mode":"catmullrom"},"0.25":{"post":[0,2,0],"lerp_mode":"catmullrom"},"0.5":{"post":[0,0,-1],"lerp_mode":"catmullrom"},"0.75":{"post":[0,0,0],"lerp_mode":"catmullrom"},"1.0":{"post":[0,0,1],"lerp_mode":"catmullrom"}}},"bone7":{"rotation":{"0.0":{"post":[-7.5,0,0],"lerp_mode":"catmullrom"},"0.25":{"post":[23.75,0,0],"lerp_mode":"catmullrom"},"0.5":{"post":[-7.5,0,0],"lerp_mode":"catmullrom"},"0.75":{"post":[-1.25,0,0],"lerp_mode":"catmullrom"},"1.0":{"post":[-7.5,0,0],"lerp_mode":"catmullrom"}}},"bone8":{"rotation":{"0.0":{"post":[-20,0,0],"lerp_mode":"catmullrom"},"0.5":{"post":[50,0,0],"lerp_mode":"catmullrom"},"0.75":{"post":[-5,0,0],"lerp_mode":"catmullrom"},"1.0":{"post":[-20,0,0],"lerp_mode":"catmullrom"}}}}},"animation.yg_amanda_monster.attack":{"animation_length":1.5,"bones":{"Body":{"rotation":{"0.0":{"post":[0,0,0],"lerp_mode":"catmullrom"},"0.25":{"post":[-12.5,0,0],"lerp_mode":"catmullrom"},"0.5":{"post":[7.5,0,0],"lerp_mode":"catmullrom"},"0.6667":{"post":[9.82242,7.39128,1.27592],"lerp_mode":"catmullrom"},"0.75":{"post":[10.17551,-2.71823,-0.54183],"lerp_mode":"catmullrom"},"1.0":{"post":[11.98398,9.92534,2.13162],"lerp_mode":"catmullrom"},"1.0833":{"post":[12.42517,-5.85194,-1.34382],"lerp_mode":"catmullrom"},"1.3333":{"post":[12.5,0,0],"lerp_mode":"catmullrom"},"1.5":{"post":[0,0,0],"lerp_mode":"catmullrom"}},"position":{"0.0":{"post":[0,0,0],"lerp_mode":"catmullrom"},"0.5":{"post":[0,0,0],"lerp_mode":"catmullrom"},"0.6667":{"post":[-1,0,0],"lerp_mode":"catmullrom"},"0.75":{"post":[1,0,0],"lerp_mode":"catmullrom"},"0.8333":{"post":[-1,0,0],"lerp_mode":"catmullrom"},"0.9167":{"post":[-1,0,0],"lerp_mode":"catmullrom"},"1.0":{"post":[1,0,0],"lerp_mode":"catmullrom"},"1.0833":{"post":[0,0,0],"lerp_mode":"catmullrom"},"1.1667":{"post":[-1,0,0],"lerp_mode":"catmullrom"},"1.25":{"post":[-2,0,0],"lerp_mode":"catmullrom"},"1.3333":{"post":[0,0,0],"lerp_mode":"catmullrom"},"1.4167":{"post":[0.5,0,0],"lerp_mode":"catmullrom"},"1.5":{"post":[-1,0,0],"lerp_mode":"catmullrom"}}},"Jaw":{"rotation":{"0.0":{"post":[25,0,0],"lerp_mode":"catmullrom"},"0.25":{"post":[17.5,0,0],"lerp_mode":"catmullrom"},"0.5":{"post":[40,0,0],"lerp_mode":"catmullrom"},"1.3333":{"post":[40,0,0],"lerp_mode":"catmullrom"},"1.5":{"post":[25,0,0],"lerp_mode":"catmullrom"}}},"Rightarm":{"rotation":{"0.0":{"post":[5,0,12.5],"lerp_mode":"catmullrom"},"0.25":{"post":[30,0,12.5],"lerp_mode":"catmullrom"},"0.6667":{"post":[33.34545,-2.75331,16.67525],"lerp_mode":"catmullrom"},"1.0":{"post":[34.46726,-8.8284,25.44027],"lerp_mode":"catmullrom"},"1.3333":{"post":[33.34545,-2.75331,16.67525],"lerp_mode":"catmullrom"},"1.5":{"post":[5,0,12.5],"lerp_mode":"catmullrom"},"2.0":{"post":[5,0,12.5],"lerp_mode":"catmullrom"}}},"bone":{"rotation":{"0.0":{"post":[-50,0,0],"lerp_mode":"catmullrom"},"0.25":{"post":[-86.48222,3.07549,-4.88647],"lerp_mode":"catmullrom"},"0.6667":{"post":[-50.31655,2.2692,-3.6054],"lerp_mode":"catmullrom"},"1.0":{"post":[-60.57598,2.36063,-3.75067],"lerp_mode":"catmullrom"},"1.3333":{"post":[-50.31655,2.2692,-3.6054],"lerp_mode":"catmullrom"},"1.5":{"post":[-50,0,0],"lerp_mode":"catmullrom"},"2.0":{"post":[-50,0,0],"lerp_mode":"catmullrom"}}},"Rightleg":{"rotation":[0,12.5,0]},"Leftarm":{"rotation":{"0.0":{"post":[5,0,-12.5],"lerp_mode":"catmullrom"},"0.25":{"post":[32.5,0,-12.5],"lerp_mode":"catmullrom"},"0.6667":{"post":[35.05861,4.32465,-18.63343],"lerp_mode":"catmullrom"},"1.0":{"post":[36.3463,9.35392,-25.4568],"lerp_mode":"catmullrom"},"1.3333":{"post":[35.05861,4.32465,-18.63343],"lerp_mode":"catmullrom"},"1.5":{"post":[5,0,-12.5],"lerp_mode":"catmullrom"},"2.0":{"post":[5,0,-12.5],"lerp_mode":"catmullrom"}}},"bone5":{"rotation":{"0.0":{"post":[-50,0,0],"lerp_mode":"catmullrom"},"0.25":{"post":[-90.06852,0.58113,0.0321],"lerp_mode":"catmullrom"},"0.6667":{"post":[-52.30722,0.42878,0.02368],"lerp_mode":"catmullrom"},"1.0":{"post":[-62.59134,0.44605,0.02464],"lerp_mode":"catmullrom"},"1.3333":{"post":[-52.30722,0.42878,0.02368],"lerp_mode":"catmullrom"},"1.5":{"post":[-50,0,0],"lerp_mode":"catmullrom"},"2.0":{"post":[-50,0,0],"lerp_mode":"catmullrom"}}},"Head":{"rotation":{"0.0":{"post":[0,0,0],"lerp_mode":"catmullrom"},"0.25":{"post":[17.5,0,0],"lerp_mode":"catmullrom"},"0.5":{"post":[-2.5,0,0],"lerp_mode":"catmullrom"},"0.75":{"post":[-3.97909,6.60648,-12.98881],"lerp_mode":"catmullrom"},"0.8333":{"post":[-3.95713,0.55076,8.0644],"lerp_mode":"catmullrom"},"0.9167":{"post":[-3.82787,-0.43788,-6.6845],"lerp_mode":"catmullrom"},"1.0":{"post":[-3.55415,-3.9931,16.15248],"lerp_mode":"catmullrom"},"1.0833":{"post":[-3.44242,-0.58754,-10.0828],"lerp_mode":"catmullrom"},"1.1667":{"post":[-3.26361,0.3484,6.32967],"lerp_mode":"catmullrom"},"1.25":{"post":[-0.58042,1.67223,-5.35846],"lerp_mode":"catmullrom"},"1.3333":{"post":[-2.47864,-0.32621,-7.49294],"lerp_mode":"catmullrom"},"1.5":{"post":[0,0,0],"lerp_mode":"catmullrom"}},"position":{"0.25":{"post":[0,0,0],"lerp_mode":"catmullrom"},"0.5":{"post":[0,0.64932,-2.92889],"lerp_mode":"catmullrom"},"1.3333":{"post":[0,0.64932,-2.92889],"lerp_mode":"catmullrom"},"1.5":{"post":[0,0,0],"lerp_mode":"catmullrom"}}},"Root":{"position":{"0.0":{"post":[0,0,0],"lerp_mode":"catmullrom"},"0.5":{"post":[0,0,0],"lerp_mode":"catmullrom"},"0.6667":{"post":[0,0,7],"lerp_mode":"catmullrom"},"1.3333":{"post":[0,0,7],"lerp_mode":"catmullrom"},"1.5":{"post":[0,0,0],"lerp_mode":"catmullrom"}}}}}}}