{
  "format_version": "1.8.0",
  "animations": {
    "animation.yg_mr_butcher.general": {
      "loop": true,
      "animation_length": 2,
      "bones": {
        "Body": {
          "rotation": {
            "0.0": {
              "post": [
                0,
                0,
                0
              ],
              "lerp_mode": "catmullrom"
            },
            "1.0": {
              "post": [
                2.5,
                0,
                0
              ],
              "lerp_mode": "catmullrom"
            },
            "1.5": {
              "post": [
                5,
                0,
                0
              ],
              "lerp_mode": "catmullrom"
            },
            "2.0": {
              "post": [
                0,
                0,
                0
              ],
              "lerp_mode": "catmullrom"
            }
          }
        },
        "Rightarm": {
          "rotation": {
            "0.0": {
              "post": [
                0,
                0,
                7.5
              ],
              "lerp_mode": "catmullrom"
            },
            "1.0": {
              "post": [
                0,
                0,
                12.5
              ],
              "lerp_mode": "catmullrom"
            },
            "1.5": {
              "post": [
                -5,
                0,
                5.3125
              ],
              "lerp_mode": "catmullrom"
            },
            "2.0": {
              "post": [
                0,
                0,
                7.5
              ],
              "lerp_mode": "catmullrom"
            }
          }
        },
        "Leftarm": {
          "rotation": {
            "0.0": {
              "post": [
                0,
                0,
                -7.5
              ],
              "lerp_mode": "catmullrom"
            },
            "1.0": {
              "post": [
                0,
                0,
                -12.5
              ],
              "lerp_mode": "catmullrom"
            },
            "1.5": {
              "post": [
                -5,
                0,
                -5.3125
              ],
              "lerp_mode": "catmullrom"
            },
            "2.0": {
              "post": [
                0,
                0,
                -7.5
              ],
              "lerp_mode": "catmullrom"
            }
          }
        }
      }
    },
    "animation.yg_mr_butcher.looking": {
      "loop": true,
      "bones": {
        "Head": {
          "rotation": [
            "query.target_x_rotation-this",
            "query.target_y_rotation-this",
            0
          ]
        }
      }
    },
    "animation.yg_mr_butcher.move": {
      "loop": true,
      "animation_length": 1,
      "anim_time_update": "query.modified_distance_moved * 0.1",
      "bones": {
        "Root": {
          "position": {
            "0.0": {
              "post": [
                0,
                -1,
                0
              ],
              "lerp_mode": "catmullrom"
            },
            "0.25": {
              "post": [
                0,
                0,
                0
              ],
              "lerp_mode": "catmullrom"
            },
            "0.5": {
              "post": [
                0,
                -1,
                0
              ],
              "lerp_mode": "catmullrom"
            },
            "0.75": {
              "post": [
                0,
                0,
                0
              ],
              "lerp_mode": "catmullrom"
            },
            "1.0": {
              "post": [
                0,
                -1,
                0
              ],
              "lerp_mode": "catmullrom"
            }
          }
        },
        "Body": {
          "rotation": {
            "0.0": {
              "post": [
                0,
                7.5,
                0
              ],
              "lerp_mode": "catmullrom"
            },
            "0.5": {
              "post": [
                0,
                -2.5,
                0
              ],
              "lerp_mode": "catmullrom"
            },
            "1.0": {
              "post": [
                0,
                7.5,
                0
              ],
              "lerp_mode": "catmullrom"
            }
          }
        },
        "Rightarm": {
          "rotation": {
            "0.0": {
              "post": [
                10,
                0,
                0
              ],
              "lerp_mode": "catmullrom"
            },
            "0.5": {
              "post": [
                -17.43745,
                1.50179,
                4.76968
              ],
              "lerp_mode": "catmullrom"
            },
            "1.0": {
              "post": [
                10,
                0,
                0
              ],
              "lerp_mode": "catmullrom"
            }
          }
        },
        "Rightleg": {
          "rotation": {
            "0.0": {
              "post": [
                -17.5,
                0,
                0
              ],
              "lerp_mode": "catmullrom"
            },
            "0.25": {
              "post": [
                0,
                0,
                0
              ],
              "lerp_mode": "catmullrom"
            },
            "0.5": {
              "post": [
                22.5,
                0,
                0
              ],
              "lerp_mode": "catmullrom"
            },
            "0.75": {
              "post": [
                0,
                0,
                0
              ],
              "lerp_mode": "catmullrom"
            },
            "1.0": {
              "post": [
                -17.5,
                0,
                0
              ],
              "lerp_mode": "catmullrom"
            }
          },
          "position": {
            "0.0": {
              "post": [
                0,
                0,
                -1
              ],
              "lerp_mode": "catmullrom"
            },
            "0.25": {
              "post": [
                0,
                0,
                0
              ],
              "lerp_mode": "catmullrom"
            },
            "0.5": {
              "post": [
                0,
                0,
                1
              ],
              "lerp_mode": "catmullrom"
            },
            "0.75": {
              "post": [
                0,
                2,
                0
              ],
              "lerp_mode": "catmullrom"
            },
            "1.0": {
              "post": [
                0,
                0,
                -1
              ],
              "lerp_mode": "catmullrom"
            }
          }
        },
        "Leftarm": {
          "rotation": {
            "0.0": {
              "post": [
                -17.43745,
                -1.50179,
                -4.76968
              ],
              "lerp_mode": "catmullrom"
            },
            "0.5": {
              "post": [
                10,
                0,
                0
              ],
              "lerp_mode": "catmullrom"
            },
            "1.0": {
              "post": [
                -17.43745,
                -1.50179,
                -4.76968
              ],
              "lerp_mode": "catmullrom"
            }
          }
        },
        "Leftleg": {
          "rotation": {
            "0.0": {
              "post": [
                22.5,
                0,
                0
              ],
              "lerp_mode": "catmullrom"
            },
            "0.25": {
              "post": [
                0,
                0,
                0
              ],
              "lerp_mode": "catmullrom"
            },
            "0.5": {
              "post": [
                -17.5,
                0,
                0
              ],
              "lerp_mode": "catmullrom"
            },
            "0.75": {
              "post": [
                0,
                0,
                0
              ],
              "lerp_mode": "catmullrom"
            },
            "1.0": {
              "post": [
                22.5,
                0,
                0
              ],
              "lerp_mode": "catmullrom"
            }
          },
          "position": {
            "0.0": {
              "post": [
                0,
                0,
                1
              ],
              "lerp_mode": "catmullrom"
            },
            "0.25": {
              "post": [
                0,
                2,
                0
              ],
              "lerp_mode": "catmullrom"
            },
            "0.5": {
              "post": [
                0,
                0,
                -1
              ],
              "lerp_mode": "catmullrom"
            },
            "0.75": {
              "post": [
                0,
                0,
                0
              ],
              "lerp_mode": "catmullrom"
            },
            "1.0": {
              "post": [
                0,
                0,
                1
              ],
              "lerp_mode": "catmullrom"
            }
          }
        }
      }
    },
    "animation.yg_mr_butcher.attack": {
      "animation_length": 0.75,
      "bones": {
        "Head": {
          "rotation": {
            "0.0": {
              "post": [
                0,
                0,
                0
              ],
              "lerp_mode": "catmullrom"
            },
            "0.1667": {
              "post": [
                0,
                -12.5,
                0
              ],
              "lerp_mode": "catmullrom"
            },
            "0.3333": {
              "post": [
                12.59928,
                14.36707,
                5.92158
              ],
              "lerp_mode": "catmullrom"
            },
            "0.5833": {
              "post": [
                12.59928,
                14.36707,
                5.92158
              ],
              "lerp_mode": "catmullrom"
            },
            "0.75": {
              "post": [
                0,
                0,
                0
              ],
              "lerp_mode": "catmullrom"
            }
          }
        },
        "Body": {
          "rotation": {
            "0.0": {
              "post": [
                0,
                0,
                0
              ],
              "lerp_mode": "catmullrom"
            },
            "0.1667": {
              "post": [
                0,
                17.5,
                0
              ],
              "lerp_mode": "catmullrom"
            },
            "0.3333": {
              "post": [
                5,
                -12.5,
                0
              ],
              "lerp_mode": "catmullrom"
            },
            "0.5833": {
              "post": [
                5,
                -12.5,
                0
              ],
              "lerp_mode": "catmullrom"
            },
            "0.75": {
              "post": [
                0,
                0,
                0
              ],
              "lerp_mode": "catmullrom"
            }
          }
        },
        "Rightarm": {
          "rotation": {
            "0.0": {
              "post": [
                0,
                0,
                0
              ],
              "lerp_mode": "catmullrom"
            },
            "0.1667": {
              "post": [
                -140.31627,
                6.90264,
                -7.26567
              ],
              "lerp_mode": "catmullrom"
            },
            "0.3333": {
              "post": [
                -41.76468,
                -22.41429,
                -15.23143
              ],
              "lerp_mode": "catmullrom"
            },
            "0.5833": {
              "post": [
                -41.76468,
                -22.41429,
                -15.23143
              ],
              "lerp_mode": "catmullrom"
            },
            "0.75": {
              "post": [
                0,
                0,
                0
              ],
              "lerp_mode": "catmullrom"
            }
          }
        },
        "Leftarm": {
          "rotation": {
            "0.0": {
              "post": [
                0,
                0,
                0
              ],
              "lerp_mode": "catmullrom"
            },
            "0.1667": {
              "post": [
                0,
                0,
                -7.5
              ],
              "lerp_mode": "catmullrom"
            },
            "0.3333": {
              "post": [
                22.19157,
                3.81024,
                -16.75249
              ],
              "lerp_mode": "catmullrom"
            },
            "0.5833": {
              "post": [
                22.19157,
                3.81024,
                -16.75249
              ],
              "lerp_mode": "catmullrom"
            },
            "0.75": {
              "post": [
                0,
                0,
                0
              ],
              "lerp_mode": "catmullrom"
            }
          }
        }
      }
    }
  }
}