{
   "format_version": "1.8.0",
   "animations": {
      "animation.baby.idle": {
         "loop": true,
         "animation_length": 1,
         "bones": {
            "leftArm": {
               "rotation": [
                  0,
                  0,
                  17.5
               ]
            },
            "rightArm": {
               "rotation": [
                  0,
                  0,
                  -17.5
               ]
            },
            "leftLeg": {
               "rotation": [
                  0,
                  0,
                  7.5
               ]
            },
            "rightLeg": {
               "rotation": [
                  0,
                  0,
                  -7.5
               ]
            }
         }
      }
   }
}