{"format_version":"1.8.0","animations":{"animation.yg_crucifix_chain.general":{"loop":"hold_on_last_frame","animation_length":5,"bones":{"Root":{"rotation":{"0.0":[0,0,0],"5.0":[0,360,0]},"scale":{"0.0":[0,1,0],"0.2":[1,1,1],"4.5":[1,1,1],"5.0":[0,1,0]}},"Cross":{"position":{"0.0":{"post":[0,0,0],"lerp_mode":"catmullrom"},"1.0":{"post":[0,1.25,0],"lerp_mode":"catmullrom"},"2.0":{"post":[0,0.5,0],"lerp_mode":"catmullrom"},"3.0":{"post":[0,-0.75,0],"lerp_mode":"catmullrom"},"4.0":{"post":[0,0.55,0],"lerp_mode":"catmullrom"},"5.0":{"post":[0,0,0],"lerp_mode":"catmullrom"}},"scale":{"4.5":[1,1,1],"5.0":[0,0,0.1]}}},"particle_effects":{"0.0":{"effect":"crucifix","locator":"effect"}}}}}