{"format_version":"1.8.0","animations":{"animation.yg_glitch.general":{"loop":true,"animation_length":2,"bones":{"Body":{"rotation":{"0.0":{"post":[0,0,0],"lerp_mode":"catmullrom"},"1.0":{"post":[2.5,0,0],"lerp_mode":"catmullrom"},"2.0":{"post":[0,0,0],"lerp_mode":"catmullrom"}}},"Rightarm":{"rotation":{"0.0":{"post":[0,0,5],"lerp_mode":"catmullrom"},"1.0":{"post":[5,0,5],"lerp_mode":"catmullrom"},"2.0":{"post":[0,0,5],"lerp_mode":"catmullrom"}}},"bone":{"rotation":{"0.0":{"post":[-12.5,0,0],"lerp_mode":"catmullrom"},"1.0":{"post":[-17.5,0,0],"lerp_mode":"catmullrom"},"2.0":{"post":[-12.5,0,0],"lerp_mode":"catmullrom"}}},"Leftarm":{"rotation":{"0.0":{"post":[0,0,-7.5],"lerp_mode":"catmullrom"},"1.0":{"post":[10,0,-7.5],"lerp_mode":"catmullrom"},"2.0":{"post":[0,0,-7.5],"lerp_mode":"catmullrom"}}},"bone4":{"rotation":{"0.0":{"post":[-10,0,0],"lerp_mode":"catmullrom"},"1.0":{"post":[-15,0,0],"lerp_mode":"catmullrom"},"2.0":{"post":[-10,0,0],"lerp_mode":"catmullrom"}}}},"particle_effects":{"0.0":{"effect":"glitch","locator":"glitch"}}},"animation.yg_glitch.looking":{"loop":true,"bones":{"Head":{"rotation":["query.target_x_rotation-this","query.target_y_rotation-this",0]}}},"animation.yg_glitch.move":{"loop":true,"animation_length":1,"anim_time_update":"query.modified_distance_moved * 0.1","bones":{"Root":{"position":{"0.0":{"post":[0,-2,0],"lerp_mode":"catmullrom"},"0.25":{"post":[0,0,0],"lerp_mode":"catmullrom"},"0.5":{"post":[0,-2,0],"lerp_mode":"catmullrom"},"0.75":{"post":[0,0,0],"lerp_mode":"catmullrom"},"1.0":{"post":[0,-2,0],"lerp_mode":"catmullrom"}}},"Body":{"rotation":{"0.0":{"post":[0,0,0],"lerp_mode":"catmullrom"}}},"Rightarm":{"rotation":{"0.0":{"post":[22.5,0,0],"lerp_mode":"catmullrom"},"0.5":{"post":[-22.42287,1.91134,4.62111],"lerp_mode":"catmullrom"},"1.0":{"post":[22.5,0,0],"lerp_mode":"catmullrom"}}},"bone":{"rotation":{"0.0":{"post":[0,0,0],"lerp_mode":"catmullrom"},"0.5":{"post":[-30,0,0],"lerp_mode":"catmullrom"},"1.0":{"post":[0,0,0],"lerp_mode":"catmullrom"}}},"Leftarm":{"rotation":{"0.0":{"post":[-14.87739,-1.93597,-7.24721],"lerp_mode":"catmullrom"},"0.5":{"post":[25,0,0],"lerp_mode":"catmullrom"},"1.0":{"post":[-14.87739,-1.93597,-7.24721],"lerp_mode":"catmullrom"}}},"bone4":{"rotation":{"0.0":{"post":[-25,0,0],"lerp_mode":"catmullrom"},"0.5":{"post":[0,0,0],"lerp_mode":"catmullrom"},"1.0":{"post":[-25,0,0],"lerp_mode":"catmullrom"}}},"Rightleg":{"rotation":{"0.0":{"post":[-42.5,0,0],"lerp_mode":"catmullrom"},"0.25":{"post":[0,0,0],"lerp_mode":"catmullrom"},"0.5":{"post":[20,0,0],"lerp_mode":"catmullrom"},"0.75":{"post":[0,0,0],"lerp_mode":"catmullrom"},"1.0":{"post":[-42.5,0,0],"lerp_mode":"catmullrom"}},"position":{"0.0":[0,0,-1],"0.25":[0,0,0],"0.5":[0,0,1],"0.75":[0,2,0],"1.0":[0,0,-1]}},"bone2":{"rotation":{"0.0":{"post":[42.5,0,0],"lerp_mode":"catmullrom"},"0.25":{"post":[0,0,0],"lerp_mode":"catmullrom"},"0.5":{"post":[37.5,0,0],"lerp_mode":"catmullrom"},"1.0":{"post":[42.5,0,0],"lerp_mode":"catmullrom"}}},"Leftleg":{"rotation":{"0.0":{"post":[20,0,0],"lerp_mode":"catmullrom"},"0.25":{"post":[0,0,0],"lerp_mode":"catmullrom"},"0.5":{"post":[-42.5,0,0],"lerp_mode":"catmullrom"},"0.75":{"post":[0,0,0],"lerp_mode":"catmullrom"},"1.0":{"post":[20,0,0],"lerp_mode":"catmullrom"}},"position":{"0.0":[0,0,1],"0.25":[0,2,0],"0.5":[0,0,-1],"0.75":[0,0,0],"1.0":[0,0,1]}},"bone3":{"rotation":{"0.0":{"post":[37.5,0,0],"lerp_mode":"catmullrom"},"0.5":{"post":[42.5,0,0],"lerp_mode":"catmullrom"},"0.75":{"post":[0,0,0],"lerp_mode":"catmullrom"},"1.0":{"post":[37.5,0,0],"lerp_mode":"catmullrom"}}}}},"animation.yg_glitch.attack":{"animation_length":1,"bones":{"Body":{"rotation":{"0.0":{"post":[0,0,0],"lerp_mode":"catmullrom"},"0.25":{"post":[-5,0,0],"lerp_mode":"catmullrom"},"0.5":{"post":[10,0,0],"lerp_mode":"catmullrom"},"1.0":{"post":[0,0,0],"lerp_mode":"catmullrom"}}},"Head":{"rotation":{"0.0":{"post":[0,0,0],"lerp_mode":"catmullrom"}}},"Rightarm":{"rotation":{"0.0":{"post":[0,0,0],"lerp_mode":"catmullrom"},"0.25":{"post":[20,0,0],"lerp_mode":"catmullrom"},"0.5":{"post":[-40,0,0],"lerp_mode":"catmullrom"},"0.75":{"post":[-39.02504,-9.57658,-11.59948],"lerp_mode":"catmullrom"},"1.0":{"post":[0,0,0],"lerp_mode":"catmullrom"}}},"bone":{"rotation":{"0.0":{"post":[0,0,0],"lerp_mode":"catmullrom"},"0.25":{"post":[-25,0,0],"lerp_mode":"catmullrom"},"0.5":{"post":[-37.5,0,0],"lerp_mode":"catmullrom"},"0.75":{"post":[-49.49826,-24.28484,-36.01619],"lerp_mode":"catmullrom"},"1.0":{"post":[0,0,0],"lerp_mode":"catmullrom"}}},"Leftarm":{"rotation":{"0.0":{"post":[0,0,0],"lerp_mode":"catmullrom"},"0.25":{"post":[20,0,0],"lerp_mode":"catmullrom"},"0.5":{"post":[-37.5,0,0],"lerp_mode":"catmullrom"},"0.75":{"post":[-35.79355,12.0174,16.10644],"lerp_mode":"catmullrom"},"1.0":{"post":[0,0,0],"lerp_mode":"catmullrom"}}},"bone4":{"rotation":{"0.0":{"post":[0,0,0],"lerp_mode":"catmullrom"},"0.25":{"post":[-30,0,0],"lerp_mode":"catmullrom"},"0.5":{"post":[-45,0,0],"lerp_mode":"catmullrom"},"0.75":{"post":[-54.95372,27.03402,30.68206],"lerp_mode":"catmullrom"},"1.0":{"post":[0,0,0],"lerp_mode":"catmullrom"}}}}},"animation.yg_glitch.capture":{"loop":"hold_on_last_frame","animation_length":3,"bones":{"Root":{"position":{"2.25":{"post":[0,0,0],"lerp_mode":"catmullrom"},"3.0":{"post":[0,-41,0],"lerp_mode":"catmullrom"}}},"Body":{"rotation":{"0.0":{"post":[0,0,0],"lerp_mode":"catmullrom"},"0.5":{"post":[-7.5,0,0],"lerp_mode":"catmullrom"},"1.0":{"post":[-7.85952,-17.34551,2.35666],"lerp_mode":"catmullrom"},"1.5":{"post":[-7.67995,12.39135,-1.6575],"lerp_mode":"catmullrom"},"2.0":{"post":[-9.13039,-34.65749,5.22206],"lerp_mode":"catmullrom"},"2.5":{"post":[-7.85952,17.34551,-2.35666],"lerp_mode":"catmullrom"}}},"Head":{"rotation":{"0.0":{"post":[0,0,0],"lerp_mode":"catmullrom"},"0.5":{"post":[15,0,0],"lerp_mode":"catmullrom"},"1.0":{"post":[16.17354,21.69365,6.1191],"lerp_mode":"catmullrom"},"1.5":{"post":[16.80857,-26.48829,-7.6734],"lerp_mode":"catmullrom"},"2.0":{"post":[11.07447,24.40094,5.50361],"lerp_mode":"catmullrom"},"2.5":{"post":[10.23253,-10.03259,-0.92044],"lerp_mode":"catmullrom"}}},"Rightarm":{"rotation":{"0.0":{"post":[0,0,0],"lerp_mode":"catmullrom"},"0.5":{"post":[0,0,17.5],"lerp_mode":"catmullrom"},"1.0":{"post":[20,0,17.5],"lerp_mode":"catmullrom"},"1.5":{"post":[42.5,0,17.5],"lerp_mode":"catmullrom"},"2.0":{"post":[22.5,0,17.5],"lerp_mode":"catmullrom"},"2.5":{"post":[9.69157,3.81024,8.24751],"lerp_mode":"catmullrom"}}},"bone":{"rotation":{"0.0":{"post":[0,0,0],"lerp_mode":"catmullrom"},"0.5":{"post":[-47.5,0,0],"lerp_mode":"catmullrom"},"1.0":{"post":[-65,0,0],"lerp_mode":"catmullrom"},"1.5":{"post":[-42.5,0,0],"lerp_mode":"catmullrom"},"2.0":{"post":[-62.5,0,0],"lerp_mode":"catmullrom"},"2.5":{"post":[-40,0,0],"lerp_mode":"catmullrom"}}},"Leftarm":{"rotation":{"0.0":{"post":[0,0,0],"lerp_mode":"catmullrom"},"0.5":{"post":[0,0,-20],"lerp_mode":"catmullrom"},"1.0":{"post":[0,0,-30],"lerp_mode":"catmullrom"},"1.5":{"post":[-22.5,0,-30],"lerp_mode":"catmullrom"},"2.0":{"post":[-21.80633,5.68422,-16.0958],"lerp_mode":"catmullrom"},"2.5417":{"post":[5.69367,5.68422,-16.0958],"lerp_mode":"catmullrom"}}},"bone4":{"rotation":{"0.0":{"post":[0,0,0],"lerp_mode":"catmullrom"},"0.5":{"post":[-42.5,0,0],"lerp_mode":"catmullrom"},"1.0":{"post":[-67.5,0,0],"lerp_mode":"catmullrom"},"1.5":{"post":[-87.5,0,0],"lerp_mode":"catmullrom"},"2.0":{"post":[-37.5,0,0],"lerp_mode":"catmullrom"},"2.5":{"post":[-62.5,0,0],"lerp_mode":"catmullrom"}}},"Rightleg":{"rotation":{"0.5":{"post":[0.84625,0.20579,7.57791],"lerp_mode":"catmullrom"}}},"bone2":{"rotation":{"0.0":{"post":[0,0,0],"lerp_mode":"catmullrom"},"0.5":{"post":[10,0,0],"lerp_mode":"catmullrom"}}},"Leftleg":{"rotation":{"0.0":{"post":[0,0,0],"lerp_mode":"catmullrom"},"0.5":{"post":[-10,0,-2.5],"lerp_mode":"catmullrom"}}},"bone3":{"rotation":{"0.0":{"post":[0,0,0],"lerp_mode":"catmullrom"},"0.5":{"post":[27.5,0,0],"lerp_mode":"catmullrom"}}}}}}}