{"format_version":"1.8.0","animations":{"animation.yg_halt.general":{"loop":true,"animation_length":2,"bones":{"Body":{"rotation":{"0.0":[0,0,0],"2.0":[0,360,0]},"position":{"0.0":[0,0,0],"0.1667":[0,0,1],"0.3333":[0,0,1.5],"0.5":[0,0,0],"0.6667":[0,0,1.5],"0.8333":[0,0,1.5],"1.0":[0,0,0],"1.1667":[0,0,1.5],"1.3333":[0,0,1.5],"1.5":[0,0,0],"1.6667":[0,0,1.5],"1.8333":[0,0,1.5],"2.0":[0,0,0]}},"Eye":{"position":{"0.0":[0,0,0],"0.25":[0,0,-1],"0.5":[0,0,0],"0.75":[0,0,-1],"1.0":[0,0,0],"1.25":[0,0,-1],"1.5":[0,0,0],"1.75":[0,0,-1],"2.0":[0,0,0]}},"Root":{"position":{"0.0":{"post":[0,2,0],"lerp_mode":"catmullrom"},"0.5":{"post":[0,1,0],"lerp_mode":"catmullrom"},"1.0":{"post":[0,2,0],"lerp_mode":"catmullrom"},"1.5":{"post":[0,0,0],"lerp_mode":"catmullrom"},"2.0":{"post":[0,2,0],"lerp_mode":"catmullrom"}}}}}}}