{
  "format_version": "1.8.0",
  "animations": {
    "animation.yg_jeff.general": {
      "loop": true,
      "animation_length": 2,
      "bones": {
        "Jeff": {
          "position": {
            "0.0": {
              "post": [
                0,
                0,
                0
              ],
              "lerp_mode": "catmullrom"
            },
            "0.5": {
              "post": [
                0,
                1.59,
                0
              ],
              "lerp_mode": "catmullrom"
            },
            "1.0": {
              "post": [
                0,
                1,
                0
              ],
              "lerp_mode": "catmullrom"
            },
            "1.5": {
              "post": [
                0,
                -0.44,
                0
              ],
              "lerp_mode": "catmullrom"
            },
            "2.0": {
              "post": [
                0,
                0,
                0
              ],
              "lerp_mode": "catmullrom"
            }
          }
        },
        "Tentacle": {
          "rotation": {
            "0.0": {
              "post": [
                0,
                -40,
                -15
              ],
              "lerp_mode": "catmullrom"
            },
            "0.5": {
              "post": [
                -8.92569,
                -30.07257,
                2.4022
              ],
              "lerp_mode": "catmullrom"
            },
            "1.0": {
              "post": [
                0,
                32.5,
                -15
              ],
              "lerp_mode": "catmullrom"
            },
            "1.5": {
              "post": [
                25.00701,
                -49.27151,
                -46.61364
              ],
              "lerp_mode": "catmullrom"
            },
            "2.0": {
              "post": [
                0,
                -40,
                -15
              ],
              "lerp_mode": "catmullrom"
            }
          }
        },
        "bone": {
          "rotation": {
            "0.0": {
              "post": [
                0,
                -47.5,
                0
              ],
              "lerp_mode": "catmullrom"
            },
            "0.5": {
              "post": [
                8.31616,
                -19.76504,
                -12.52774
              ],
              "lerp_mode": "catmullrom"
            },
            "1.0": {
              "post": [
                4.43218,
                -70.17564,
                13.26698
              ],
              "lerp_mode": "catmullrom"
            },
            "1.5": {
              "post": [
                1.12388,
                -51.36229,
                8.17799
              ],
              "lerp_mode": "catmullrom"
            },
            "2.0": {
              "post": [
                0,
                -47.5,
                0
              ],
              "lerp_mode": "catmullrom"
            }
          }
        },
        "bone2": {
          "rotation": {
            "0.0": {
              "post": [
                0,
                -45,
                0
              ],
              "lerp_mode": "catmullrom"
            },
            "0.5": {
              "post": [
                -2.33664,
                -16.61025,
                25.881
              ],
              "lerp_mode": "catmullrom"
            },
            "1.0": {
              "post": [
                6.35869,
                -48.05646,
                14.824
              ],
              "lerp_mode": "catmullrom"
            },
            "1.5": {
              "post": [
                3.96675,
                4.78516,
                31.11582
              ],
              "lerp_mode": "catmullrom"
            },
            "2.0": {
              "post": [
                0,
                -45,
                0
              ],
              "lerp_mode": "catmullrom"
            }
          }
        },
        "bone3": {
          "rotation": {
            "0.0": {
              "post": [
                0,
                -42.5,
                0
              ],
              "lerp_mode": "catmullrom"
            },
            "0.5": {
              "post": [
                6.65976,
                -16.44704,
                -34.96062
              ],
              "lerp_mode": "catmullrom"
            },
            "1.0": {
              "post": [
                3.18458,
                6.79382,
                25.18908
              ],
              "lerp_mode": "catmullrom"
            },
            "1.5": {
              "post": [
                18.21967,
                -39.29963,
                -37.79691
              ],
              "lerp_mode": "catmullrom"
            },
            "2.0": {
              "post": [
                0,
                -42.5,
                0
              ],
              "lerp_mode": "catmullrom"
            }
          }
        },
        "Tentacle2": {
          "rotation": {
            "0.0": {
              "post": [
                0,
                10,
                15
              ],
              "lerp_mode": "catmullrom"
            },
            "0.5": {
              "post": [
                0,
                32.34375,
                15
              ],
              "lerp_mode": "catmullrom"
            },
            "1.0": {
              "post": [
                0,
                2.5,
                15
              ],
              "lerp_mode": "catmullrom"
            },
            "1.5": {
              "post": [
                -6.46144,
                40.52331,
                5.11257
              ],
              "lerp_mode": "catmullrom"
            },
            "2.0": {
              "post": [
                0,
                10,
                15
              ],
              "lerp_mode": "catmullrom"
            }
          }
        },
        "bone4": {
          "rotation": {
            "0.0": {
              "post": [
                0,
                57.5,
                0
              ],
              "lerp_mode": "catmullrom"
            },
            "0.5": {
              "post": [
                19.44225,
                51.16597,
                24.37743
              ],
              "lerp_mode": "catmullrom"
            },
            "1.0": {
              "post": [
                0,
                32.5,
                0
              ],
              "lerp_mode": "catmullrom"
            },
            "1.5": {
              "post": [
                0,
                45,
                0
              ],
              "lerp_mode": "catmullrom"
            },
            "2.0": {
              "post": [
                0,
                57.5,
                0
              ],
              "lerp_mode": "catmullrom"
            }
          }
        },
        "bone5": {
          "rotation": {
            "0.0": {
              "post": [
                0,
                42.5,
                0
              ],
              "lerp_mode": "catmullrom"
            },
            "0.5": {
              "post": [
                -15.19276,
                -9.41489,
                -14.43863
              ],
              "lerp_mode": "catmullrom"
            },
            "1.0": {
              "post": [
                0.02453,
                41.80551,
                0.11955
              ],
              "lerp_mode": "catmullrom"
            },
            "1.5": {
              "post": [
                14.50642,
                -11.77534,
                13.16597
              ],
              "lerp_mode": "catmullrom"
            },
            "2.0": {
              "post": [
                0,
                42.5,
                0
              ],
              "lerp_mode": "catmullrom"
            }
          }
        },
        "bone6": {
          "rotation": {
            "0.0": {
              "post": [
                0,
                37.5,
                0
              ],
              "lerp_mode": "catmullrom"
            },
            "0.5": {
              "post": [
                19.33138,
                13.24652,
                48.81288
              ],
              "lerp_mode": "catmullrom"
            },
            "1.0": {
              "post": [
                -5.38319,
                31.27678,
                -29.94315
              ],
              "lerp_mode": "catmullrom"
            },
            "1.5": {
              "post": [
                0.64225,
                47.48888,
                2.93551
              ],
              "lerp_mode": "catmullrom"
            },
            "2.0": {
              "post": [
                0,
                37.5,
                0
              ],
              "lerp_mode": "catmullrom"
            }
          }
        }
      }
    }
  }
}