{
  "format_version": "1.8.0",
  "animations": {
    "animation.yg_screech.general": {
      "loop": true,
      "animation_length": 2,
      "bones": {
        "Mouth": {
          "rotation": [
            7.5,
            0,
            0
          ]
        },
        "Tentacle": {
          "rotation": [
            0,
            0,
            -5
          ]
        },
        "bone": {
          "rotation": [
            0,
            0,
            -10
          ]
        },
        "bone2": {
          "rotation": [
            0,
            0,
            -12.5
          ]
        },
        "Tentacle2": {
          "rotation": [
            0,
            0,
            -12.5
          ]
        },
        "bone3": {
          "rotation": [
            0,
            0,
            -15
          ]
        },
        "bone4": {
          "rotation": [
            0,
            0,
            -15
          ]
        },
        "Tentacle3": {
          "rotation": [
            0,
            0,
            -2.5
          ]
        },
        "bone5": {
          "rotation": [
            0,
            0,
            -10
          ]
        },
        "bone6": {
          "rotation": [
            0,
            0,
            -10
          ]
        },
        "bone7": {
          "rotation": [
            0,
            0,
            -10
          ]
        },
        "bone8": {
          "rotation": [
            0,
            0,
            -15
          ]
        },
        "Tentacle5": {
          "rotation": [
            0,
            0,
            -2.5
          ]
        },
        "bone9": {
          "rotation": [
            0,
            0,
            -12.5
          ]
        },
        "bone10": {
          "rotation": [
            0,
            0,
            -15
          ]
        },
        "Tentacle6": {
          "rotation": [
            0,
            0,
            -5
          ]
        },
        "bone11": {
          "rotation": [
            0,
            0,
            -15
          ]
        },
        "bone12": {
          "rotation": [
            0,
            0,
            -15
          ]
        },
        "Tentacle7": {
          "rotation": [
            0,
            0,
            2.5
          ]
        },
        "bone13": {
          "rotation": [
            0,
            0,
            -10
          ]
        },
        "bone14": {
          "rotation": [
            0,
            0,
            -17.5
          ]
        },
        "Tentacle8": {
          "rotation": [
            -0.47062,
            -1.04859,
            -7.40723
          ]
        },
        "bone15": {
          "rotation": [
            0,
            0,
            -7.5
          ]
        },
        "bone16": {
          "rotation": [
            0,
            0,
            -12.5
          ]
        },
        "Tentacles": {
          "rotation": {
            "0.0": [
              0,
              0,
              0
            ],
            "2.0": [
              0,
              0,
              360
            ]
          }
        },
        "Root": {
          "rotation": {
            "0.0": {
              "post": [
                0,
                0,
                0
              ],
              "lerp_mode": "catmullrom"
            },
            "1.0": {
              "post": [
                0,
                0,
                0
              ],
              "lerp_mode": "catmullrom"
            },
            "2.0": {
              "post": [
                0,
                0,
                0
              ],
              "lerp_mode": "catmullrom"
            }
          },
          "position": {
            "0.0": {
              "post": [
                0,
                0,
                0
              ],
              "lerp_mode": "catmullrom"
            },
            "0.5": {
              "post": [
                0,
                -0.5,
                0
              ],
              "lerp_mode": "catmullrom"
            },
            "1.0": {
              "post": [
                0,
                -0.12,
                0
              ],
              "lerp_mode": "catmullrom"
            },
            "1.5": {
              "post": [
                0,
                -1.5,
                0
              ],
              "lerp_mode": "catmullrom"
            },
            "2.0": {
              "post": [
                0,
                0,
                0
              ],
              "lerp_mode": "catmullrom"
            }
          }
        }
      }
    },
    "animation.yg_screech.move": {
      "loop": true,
      "animation_length": 2,
      "anim_time_update": "query.modified_distance_moved * 0.1",
      "bones": {
        "Mouth": {
          "rotation": {
            "0.0": {
              "post": [
                7.5,
                0,
                0
              ],
              "lerp_mode": "catmullrom"
            },
            "1.0": {
              "post": [
                2.5,
                0,
                0
              ],
              "lerp_mode": "catmullrom"
            },
            "2.0": {
              "post": [
                7.5,
                0,
                0
              ],
              "lerp_mode": "catmullrom"
            }
          }
        },
        "Tentacle": {
          "rotation": {
            "0.0": {
              "post": [
                0,
                20,
                0
              ],
              "lerp_mode": "catmullrom"
            },
            "1.0": {
              "post": [
                0,
                5,
                0
              ],
              "lerp_mode": "catmullrom"
            },
            "2.0": {
              "post": [
                0,
                20,
                0
              ],
              "lerp_mode": "catmullrom"
            }
          }
        },
        "bone": {
          "rotation": {
            "0.0": {
              "post": [
                0,
                20,
                0
              ],
              "lerp_mode": "catmullrom"
            },
            "2.0": {
              "post": [
                0,
                20,
                0
              ],
              "lerp_mode": "catmullrom"
            }
          }
        },
        "bone2": {
          "rotation": {
            "0.0": {
              "post": [
                0,
                22.5,
                0
              ],
              "lerp_mode": "catmullrom"
            },
            "2.0": {
              "post": [
                0,
                22.5,
                0
              ],
              "lerp_mode": "catmullrom"
            }
          }
        },
        "Tentacle2": {
          "rotation": {
            "0.0": {
              "post": [
                0,
                -17.5,
                0
              ],
              "lerp_mode": "catmullrom"
            },
            "1.0": {
              "post": [
                0,
                -7.5,
                0
              ],
              "lerp_mode": "catmullrom"
            },
            "2.0": {
              "post": [
                0,
                -17.5,
                0
              ],
              "lerp_mode": "catmullrom"
            }
          }
        },
        "bone3": {
          "rotation": {
            "0.0": {
              "post": [
                0,
                -22.5,
                0
              ],
              "lerp_mode": "catmullrom"
            },
            "2.0": {
              "post": [
                0,
                -22.5,
                0
              ],
              "lerp_mode": "catmullrom"
            }
          }
        },
        "bone4": {
          "rotation": {
            "0.0": {
              "post": [
                0,
                -25,
                0
              ],
              "lerp_mode": "catmullrom"
            },
            "2.0": {
              "post": [
                0,
                -25,
                0
              ],
              "lerp_mode": "catmullrom"
            }
          }
        },
        "Tentacle3": {
          "rotation": {
            "0.0": {
              "post": [
                22.5,
                0,
                0
              ],
              "lerp_mode": "catmullrom"
            },
            "1.0": {
              "post": [
                7.5,
                0,
                0
              ],
              "lerp_mode": "catmullrom"
            },
            "2.0": {
              "post": [
                22.5,
                0,
                0
              ],
              "lerp_mode": "catmullrom"
            }
          }
        },
        "bone5": {
          "rotation": {
            "0.0": {
              "post": [
                17.5,
                0,
                0
              ],
              "lerp_mode": "catmullrom"
            },
            "2.0": {
              "post": [
                17.5,
                0,
                0
              ],
              "lerp_mode": "catmullrom"
            }
          }
        },
        "bone6": {
          "rotation": {
            "0.0": {
              "post": [
                20,
                0,
                0
              ],
              "lerp_mode": "catmullrom"
            },
            "2.0": {
              "post": [
                20,
                0,
                0
              ],
              "lerp_mode": "catmullrom"
            }
          }
        },
        "Tentacle4": {
          "rotation": {
            "0.0": {
              "post": [
                -22.5,
                0,
                0
              ],
              "lerp_mode": "catmullrom"
            },
            "1.0": {
              "post": [
                -7.5,
                0,
                0
              ],
              "lerp_mode": "catmullrom"
            },
            "2.0": {
              "post": [
                -22.5,
                0,
                0
              ],
              "lerp_mode": "catmullrom"
            }
          }
        },
        "bone7": {
          "rotation": {
            "0.0": {
              "post": [
                -20,
                0,
                0
              ],
              "lerp_mode": "catmullrom"
            },
            "2.0": {
              "post": [
                -20,
                0,
                0
              ],
              "lerp_mode": "catmullrom"
            }
          }
        },
        "bone8": {
          "rotation": {
            "0.0": {
              "post": [
                -22.5,
                0,
                0
              ],
              "lerp_mode": "catmullrom"
            },
            "2.0": {
              "post": [
                -22.5,
                0,
                0
              ],
              "lerp_mode": "catmullrom"
            }
          }
        },
        "Tentacle5": {
          "rotation": {
            "0.0": {
              "post": [
                25,
                0,
                0
              ],
              "lerp_mode": "catmullrom"
            },
            "1.0": {
              "post": [
                7.5,
                0,
                0
              ],
              "lerp_mode": "catmullrom"
            },
            "2.0": {
              "post": [
                25,
                0,
                0
              ],
              "lerp_mode": "catmullrom"
            }
          }
        },
        "bone9": {
          "rotation": {
            "0.0": {
              "post": [
                15,
                0,
                0
              ],
              "lerp_mode": "catmullrom"
            },
            "2.0": {
              "post": [
                15,
                0,
                0
              ],
              "lerp_mode": "catmullrom"
            }
          }
        },
        "bone10": {
          "rotation": {
            "0.0": {
              "post": [
                20,
                0,
                0
              ],
              "lerp_mode": "catmullrom"
            },
            "2.0": {
              "post": [
                20,
                0,
                0
              ],
              "lerp_mode": "catmullrom"
            }
          }
        },
        "Tentacle6": {
          "rotation": {
            "0.0": {
              "post": [
                22.5,
                0,
                0
              ],
              "lerp_mode": "catmullrom"
            },
            "1.0": {
              "post": [
                5,
                0,
                0
              ],
              "lerp_mode": "catmullrom"
            },
            "2.0": {
              "post": [
                22.5,
                0,
                0
              ],
              "lerp_mode": "catmullrom"
            }
          }
        },
        "bone11": {
          "rotation": {
            "0.0": {
              "post": [
                22.5,
                0,
                0
              ],
              "lerp_mode": "catmullrom"
            },
            "2.0": {
              "post": [
                22.5,
                0,
                0
              ],
              "lerp_mode": "catmullrom"
            }
          }
        },
        "bone12": {
          "rotation": {
            "0.0": {
              "post": [
                20,
                0,
                0
              ],
              "lerp_mode": "catmullrom"
            },
            "2.0": {
              "post": [
                20,
                0,
                0
              ],
              "lerp_mode": "catmullrom"
            }
          }
        },
        "Tentacle7": {
          "rotation": {
            "0.0": {
              "post": [
                -17.5,
                0,
                0
              ],
              "lerp_mode": "catmullrom"
            },
            "1.0": {
              "post": [
                -2.5,
                0,
                0
              ],
              "lerp_mode": "catmullrom"
            },
            "2.0": {
              "post": [
                -17.5,
                0,
                0
              ],
              "lerp_mode": "catmullrom"
            }
          }
        },
        "bone13": {
          "rotation": {
            "0.0": {
              "post": [
                -15,
                0,
                0
              ],
              "lerp_mode": "catmullrom"
            },
            "2.0": {
              "post": [
                -15,
                0,
                0
              ],
              "lerp_mode": "catmullrom"
            }
          }
        },
        "bone14": {
          "rotation": {
            "0.0": {
              "post": [
                -20,
                0,
                0
              ],
              "lerp_mode": "catmullrom"
            },
            "2.0": {
              "post": [
                -20,
                0,
                0
              ],
              "lerp_mode": "catmullrom"
            }
          }
        },
        "Tentacle8": {
          "rotation": {
            "0.0": {
              "post": [
                -20,
                0,
                0
              ],
              "lerp_mode": "catmullrom"
            },
            "1.0": {
              "post": [
                0,
                0,
                0
              ],
              "lerp_mode": "catmullrom"
            },
            "2.0": {
              "post": [
                -20,
                0,
                0
              ],
              "lerp_mode": "catmullrom"
            }
          }
        },
        "bone15": {
          "rotation": {
            "0.0": {
              "post": [
                -12.5,
                0,
                0
              ],
              "lerp_mode": "catmullrom"
            },
            "2.0": {
              "post": [
                -12.5,
                0,
                0
              ],
              "lerp_mode": "catmullrom"
            }
          }
        },
        "bone16": {
          "rotation": {
            "0.0": {
              "post": [
                -27.5,
                0,
                0
              ],
              "lerp_mode": "catmullrom"
            },
            "2.0": {
              "post": [
                -27.5,
                0,
                0
              ],
              "lerp_mode": "catmullrom"
            }
          }
        }
      }
    },
    "animation.yg_screech.attack": {
      "animation_length": 0.875,
      "bones": {
        "Head": {
          "rotation": {
            "0.0": {
              "post": [
                -15,
                0,
                0
              ],
              "lerp_mode": "catmullrom"
            },
            "0.3333": {
              "post": [
                5,
                0,
                0
              ],
              "lerp_mode": "catmullrom"
            },
            "0.75": {
              "post": [
                0,
                0,
                0
              ],
              "lerp_mode": "catmullrom"
            }
          },
          "position": {
            "0.0": {
              "post": [
                0,
                0,
                4
              ],
              "lerp_mode": "catmullrom"
            },
            "0.1667": {
              "post": [
                0,
                0,
                3.5
              ],
              "lerp_mode": "catmullrom"
            },
            "0.3333": {
              "post": [
                0,
                0,
                0
              ],
              "lerp_mode": "catmullrom"
            },
            "0.5": {
              "post": [
                0,
                0,
                -1
              ],
              "lerp_mode": "catmullrom"
            },
            "0.6667": {
              "post": [
                0,
                0,
                4
              ],
              "lerp_mode": "catmullrom"
            }
          },
          "scale": {
            "0.6667": [
              1,
              1,
              1
            ],
            "0.75": [
              0,
              0.1,
              0
            ]
          }
        },
        "Mouth": {
          "rotation": {
            "0.0": {
              "post": [
                7.5,
                0,
                0
              ],
              "lerp_mode": "catmullrom"
            },
            "0.1667": {
              "post": [
                37.5,
                0,
                0
              ],
              "lerp_mode": "catmullrom"
            },
            "0.3333": {
              "post": [
                50,
                0,
                0
              ],
              "lerp_mode": "catmullrom"
            },
            "0.5": {
              "post": [
                0,
                0,
                0
              ],
              "lerp_mode": "catmullrom"
            }
          }
        },
        "Tentacle": {
          "rotation": [
            0,
            12.5,
            0
          ]
        },
        "bone": {
          "rotation": [
            0,
            20,
            0
          ]
        },
        "bone2": {
          "rotation": [
            0,
            27.5,
            0
          ]
        },
        "Tentacle2": {
          "rotation": [
            0,
            -15,
            0
          ]
        },
        "bone3": {
          "rotation": [
            0,
            -17.5,
            0
          ]
        },
        "bone4": {
          "rotation": [
            0,
            -15,
            0
          ]
        },
        "Tentacle3": {
          "rotation": [
            37.5,
            0,
            0
          ]
        },
        "bone5": {
          "rotation": [
            25,
            0,
            0
          ]
        },
        "bone6": {
          "rotation": [
            25,
            0,
            0
          ]
        },
        "Tentacle4": {
          "rotation": [
            -27.5,
            0,
            0
          ]
        },
        "bone7": {
          "rotation": [
            -22.5,
            0,
            0
          ]
        },
        "bone8": {
          "rotation": [
            -27.5,
            0,
            0
          ]
        },
        "Tentacle5": {
          "rotation": [
            25,
            0,
            0
          ]
        },
        "bone9": {
          "rotation": [
            22.5,
            0,
            0
          ]
        },
        "bone10": {
          "rotation": [
            11.79756,
            -1.67887,
            3.61342
          ]
        },
        "Tentacle6": {
          "rotation": [
            22.5,
            0,
            0
          ]
        },
        "bone11": {
          "rotation": [
            25,
            0,
            0
          ]
        },
        "bone12": {
          "rotation": [
            22.5,
            0,
            0
          ]
        },
        "Tentacle7": {
          "rotation": [
            -17.5,
            0,
            0
          ]
        },
        "bone13": {
          "rotation": [
            -22.5,
            0,
            0
          ]
        },
        "bone14": {
          "rotation": [
            -25,
            0,
            0
          ]
        },
        "Tentacle8": {
          "rotation": [
            -27.5,
            0,
            0
          ]
        },
        "bone15": {
          "rotation": [
            -22.5,
            0,
            0
          ]
        },
        "bone16": {
          "rotation": [
            -27.5,
            0,
            0
          ]
        },
        "Root": {
          "rotation": [
            0,
            0,
            0
          ]
        }
      }
    }
  }
}