{"format_version":"1.8.0","animations":{"animation.door.open":{"loop":"hold_on_last_frame","animation_length":0.96,"bones":{"spin":{"rotation":{"0.0":[0,0,0],"0.84":[0,76.59,0],"0.96":[0,92.5,0]}}},"sound_effects":{"0.0":{"effect":"open"}}},"animation.door.close":{"loop":true,"animation_length":1000,"bones":{"spin":{"rotation":{"0.0":[0,92.5,0],"1.12":[0,0,0]}}},"sound_effects":{"0.0":{"effect":"close"}}},"animation.door.north":{"loop":true,"bones":{"waist":{"rotation":[0,"-query.body_y_rotation - this",0]}}},"animation.door.east":{"loop":true,"bones":{"waist":{"rotation":[0,"-query.body_y_rotation - this + 90",0]}}},"animation.door.south":{"loop":true,"bones":{"waist":{"rotation":[0,"-query.body_y_rotation - this + 180",0]}}},"animation.door.west":{"loop":true,"bones":{"waist":{"rotation":[0,"-query.body_y_rotation - this - 90",0]}}}}}