{"format_version":"1.8.0","animations":{"animation.yg_shadow.general":{"loop":true,"animation_length":2.5,"bones":{"Head":{"rotation":[-10,0,0]},"Rightarm":{"rotation":{"0.0":{"post":[0.1138,-0.3437,-4.97399],"lerp_mode":"catmullrom"},"1.0":{"post":[0.14333,-0.33248,-9.97406],"lerp_mode":"catmullrom"},"2.5":{"post":[0.1138,-0.3437,-4.97399],"lerp_mode":"catmullrom"}}},"bone":{"rotation":{"0.0":{"post":[0,0,12.5],"lerp_mode":"catmullrom"},"1.0":{"post":[0,0,20],"lerp_mode":"catmullrom"},"2.5":{"post":[0,0,12.5],"lerp_mode":"catmullrom"}}},"Leftarm":{"rotation":{"0.0":{"post":[0,0,5],"lerp_mode":"catmullrom"},"1.0":{"post":[0,0,12.5],"lerp_mode":"catmullrom"},"2.5":{"post":[0,0,5],"lerp_mode":"catmullrom"}}},"bone2":{"rotation":{"0.0":{"post":[0,0,-12.5],"lerp_mode":"catmullrom"},"1.0":{"post":[0,0,-17.5],"lerp_mode":"catmullrom"},"2.5":{"post":[0,0,-12.5],"lerp_mode":"catmullrom"}}},"Rightleg":{"rotation":{"0.0":{"post":[-2.5,0,0],"lerp_mode":"catmullrom"},"1.0":{"post":[0,0,2.5],"lerp_mode":"catmullrom"},"2.0":{"post":[-2.5,0,0],"lerp_mode":"catmullrom"}}},"Leftleg":{"rotation":{"0.0":{"post":[0,0,0],"lerp_mode":"catmullrom"},"1.0":{"post":[0.44633,-0.34098,-2.43743],"lerp_mode":"catmullrom"},"2.0":{"post":[0,0,0],"lerp_mode":"catmullrom"}}},"Root":{"position":{"0.0":[0,0,0],"1.5":[0,3,0],"2.5":[0,0,0]}}}}}}