{
  "format_version": "1.8.0",
  "animations": {
    "animation.yg_timothy.general": {
      "loop": true,
      "bones": {
        "body1": {
          "rotation": [
            17.5,
            0,
            0
          ]
        },
        "Leg0": {
          "rotation": [
            0,
            -20,
            0
          ]
        },
        "Leg1": {
          "rotation": [
            0,
            20,
            0
          ]
        },
        "Leg2": {
          "rotation": [
            0,
            -2.5,
            0
          ]
        },
        "Leg3": {
          "rotation": [
            0,
            12.5,
            0
          ]
        },
        "Leg4": {
          "rotation": [
            0,
            30,
            0
          ]
        },
        "Leg5": {
          "rotation": [
            0,
            5,
            0
          ]
        },
        "Leg6": {
          "rotation": [
            0,
            -10,
            0
          ]
        },
        "Leg7": {
          "rotation": [
            0,
            -25,
            0
          ]
        }
      }
    },
    "animation.yg_timothy.move": {
      "loop": true,
      "animation_length": 1,
      "anim_time_update": "query.modified_distance_moved * 0.1",
      "bones": {
        "body1": {
          "rotation": [
            17.5,
            0,
            0
          ]
        },
        "Leg0": {
          "rotation": {
            "0.0": [
              0,
              -20,
              0
            ],
            "0.1667": [
              8.74472,
              -18.05776,
              -26.39218
            ],
            "0.3333": [
              -5.35254,
              11.31255,
              -25.53051
            ],
            "0.5": [
              0,
              12.5,
              0
            ],
            "0.6667": [
              0,
              -20,
              0
            ]
          }
        },
        "Leg1": {
          "rotation": {
            "0.5": [
              0,
              27.5,
              0
            ],
            "0.6667": [
              -10.86531,
              -13.80192,
              38.81893
            ],
            "0.8333": [
              0,
              -17.5,
              0
            ],
            "1.0": [
              0,
              27.5,
              0
            ]
          }
        },
        "Leg2": {
          "rotation": {
            "0.5": [
              0,
              -7.5,
              0
            ],
            "0.6667": [
              -12.54707,
              18.82943,
              -34.58859
            ],
            "0.8333": [
              -1.03509,
              22.47741,
              -2.70569
            ],
            "1.0": [
              0,
              -7.5,
              0
            ]
          }
        },
        "Leg3": {
          "rotation": {
            "0.0": [
              0,
              10,
              0
            ],
            "0.1667": [
              -4.65468,
              8.86042,
              -27.86082
            ],
            "0.3333": [
              -33.40267,
              46.60184,
              -42.22629
            ],
            "0.5": [
              0,
              55,
              0
            ],
            "0.6667": [
              0,
              10,
              0
            ]
          }
        },
        "Leg4": {
          "rotation": {
            "0.5": [
              0,
              30,
              0
            ],
            "0.6667": [
              -16.10211,
              25.65891,
              -33.69007
            ],
            "0.8333": [
              0,
              55,
              0
            ],
            "1.0": [
              0,
              30,
              0
            ]
          }
        },
        "Leg5": {
          "rotation": {
            "0.0": [
              0,
              7.5,
              0
            ],
            "0.1667": [
              3.76613,
              6.49053,
              30.21362
            ],
            "0.3333": [
              -17.6685,
              -27.73062,
              34.3939
            ],
            "0.5": [
              1.59176,
              -32.46527,
              -2.96346
            ],
            "0.6667": [
              0,
              7.5,
              0
            ]
          }
        },
        "Leg6": {
          "rotation": {
            "0.5": [
              0,
              -10,
              0
            ],
            "0.6667": [
              -32.04446,
              -37.15276,
              46.02509
            ],
            "0.8333": [
              2.72535,
              -47.44052,
              -3.69768
            ],
            "1.0": [
              0,
              -10,
              0
            ]
          }
        },
        "Leg7": {
          "rotation": {
            "0.0": [
              0,
              -25,
              0
            ],
            "0.1667": [
              -12.15123,
              -22.01609,
              29.87229
            ],
            "0.3333": [
              -28.82357,
              -42.80378,
              39.00258
            ],
            "0.5": [
              0,
              -50,
              0
            ],
            "0.6667": [
              0,
              -25,
              0
            ]
          }
        },
        "Root": {
          "position": {
            "0.0": [
              0,
              -1,
              0
            ],
            "0.25": [
              0,
              0,
              0
            ],
            "0.5": [
              0,
              -1,
              0
            ],
            "0.75": [
              0,
              0,
              0
            ],
            "1.0": [
              0,
              -1,
              0
            ]
          }
        }
      }
    },
    "animation.yg_timothy.climbing": {
      "loop": true,
      "animation_length": 1,
      "bones": {
        "body1": {
          "rotation": [
            17.5,
            0,
            0
          ]
        },
        "Leg0": {
          "rotation": {
            "0.0": [
              0,
              -20,
              0
            ],
            "0.1667": [
              8.74472,
              -18.05776,
              -26.39218
            ],
            "0.3333": [
              -5.35254,
              11.31255,
              -25.53051
            ],
            "0.5": [
              0,
              12.5,
              0
            ],
            "0.6667": [
              0,
              -20,
              0
            ]
          }
        },
        "Leg1": {
          "rotation": {
            "0.5": [
              0,
              27.5,
              0
            ],
            "0.6667": [
              -10.86531,
              -13.80192,
              38.81893
            ],
            "0.8333": [
              0,
              -17.5,
              0
            ],
            "1.0": [
              0,
              27.5,
              0
            ]
          }
        },
        "Leg2": {
          "rotation": {
            "0.5": [
              0,
              -7.5,
              0
            ],
            "0.6667": [
              -12.54707,
              18.82943,
              -34.58859
            ],
            "0.8333": [
              -1.03509,
              22.47741,
              -2.70569
            ],
            "1.0": [
              0,
              -7.5,
              0
            ]
          }
        },
        "Leg3": {
          "rotation": {
            "0.0": [
              0,
              10,
              0
            ],
            "0.1667": [
              -4.65468,
              8.86042,
              -27.86082
            ],
            "0.3333": [
              -33.40267,
              46.60184,
              -42.22629
            ],
            "0.5": [
              0,
              55,
              0
            ],
            "0.6667": [
              0,
              10,
              0
            ]
          }
        },
        "Leg4": {
          "rotation": {
            "0.5": [
              0,
              30,
              0
            ],
            "0.6667": [
              -16.10211,
              25.65891,
              -33.69007
            ],
            "0.8333": [
              0,
              55,
              0
            ],
            "1.0": [
              0,
              30,
              0
            ]
          }
        },
        "Leg5": {
          "rotation": {
            "0.0": [
              0,
              7.5,
              0
            ],
            "0.1667": [
              3.76613,
              6.49053,
              30.21362
            ],
            "0.3333": [
              -17.6685,
              -27.73062,
              34.3939
            ],
            "0.5": [
              1.59176,
              -32.46527,
              -2.96346
            ],
            "0.6667": [
              0,
              7.5,
              0
            ]
          }
        },
        "Leg6": {
          "rotation": {
            "0.5": [
              0,
              -10,
              0
            ],
            "0.6667": [
              -32.04446,
              -37.15276,
              46.02509
            ],
            "0.8333": [
              2.72535,
              -47.44052,
              -3.69768
            ],
            "1.0": [
              0,
              -10,
              0
            ]
          }
        },
        "Leg7": {
          "rotation": {
            "0.0": [
              0,
              -25,
              0
            ],
            "0.1667": [
              -12.15123,
              -22.01609,
              29.87229
            ],
            "0.3333": [
              -28.82357,
              -42.80378,
              39.00258
            ],
            "0.5": [
              0,
              -50,
              0
            ],
            "0.6667": [
              0,
              -25,
              0
            ]
          }
        },
        "Root": {
          "rotation": [
            -90,
            0,
            0
          ],
          "position": [
            0,
            18,
            -9
          ]
        }
      }
    },
    "animation.yg_timothy.looking": {
      "loop": true,
      "bones": {
        "head": {
          "rotation": [
            "query.target_x_rotation-this",
            "query.target_y_rotation-this",
            0
          ]
        }
      }
    },
    "animation.yg_timothy.attack": {
      "animation_length": 0.5,
      "bones": {
        "head": {
          "rotation": {
            "0.0": [
              0,
              0,
              0
            ],
            "0.1667": [
              -22.5,
              0,
              0
            ],
            "0.3333": [
              15,
              0,
              0
            ],
            "0.5": [
              0,
              0,
              0
            ]
          }
        },
        "body0": {
          "rotation": [
            0,
            0,
            0
          ],
          "position": {
            "0.0": [
              0,
              0,
              0
            ],
            "0.1667": [
              0,
              0,
              5.33
            ],
            "0.3333": [
              0,
              0,
              -7
            ],
            "0.5": [
              0,
              0,
              0
            ]
          }
        },
        "Leg0": {
          "rotation": {
            "0.0": [
              0,
              -20,
              0
            ],
            "0.1667": [
              0,
              -2.5,
              0
            ],
            "0.3333": [
              0,
              -35,
              0
            ],
            "0.5": [
              0,
              -20,
              0
            ]
          }
        },
        "Leg1": {
          "rotation": {
            "0.0": [
              0,
              20,
              0
            ],
            "0.1667": [
              0,
              5,
              0
            ],
            "0.3333": [
              0,
              32.5,
              0
            ],
            "0.5": [
              0,
              20,
              0
            ]
          }
        },
        "Leg2": {
          "rotation": {
            "0.0": [
              0,
              -2.5,
              0
            ],
            "0.1667": [
              0,
              12.5,
              0
            ],
            "0.3333": [
              0,
              -12.5,
              0
            ],
            "0.5": [
              0,
              -2.5,
              0
            ]
          }
        },
        "Leg3": {
          "rotation": {
            "0.0": [
              0,
              17.5,
              0
            ],
            "0.1667": [
              0,
              30,
              0
            ],
            "0.3333": [
              0,
              5,
              0
            ],
            "0.5": [
              0,
              17.5,
              0
            ]
          }
        },
        "Leg4": {
          "rotation": {
            "0.0": [
              0,
              37.5,
              0
            ],
            "0.1667": [
              0,
              52.5,
              0
            ],
            "0.3333": [
              0,
              30,
              0
            ],
            "0.5": [
              0,
              37.5,
              0
            ]
          }
        },
        "Leg5": {
          "rotation": {
            "0.0": [
              0,
              5,
              0
            ],
            "0.1667": [
              0,
              -10,
              0
            ],
            "0.3333": [
              0,
              7.5,
              0
            ],
            "0.5": [
              0,
              5,
              0
            ]
          }
        },
        "Leg6": {
          "rotation": {
            "0.0": [
              0,
              -10,
              0
            ],
            "0.1667": [
              0,
              -30,
              0
            ],
            "0.3333": [
              0,
              -12.5,
              0
            ],
            "0.5": [
              0,
              -10,
              0
            ]
          }
        },
        "Leg7": {
          "rotation": {
            "0.0": [
              0,
              -30,
              0
            ],
            "0.1667": [
              0,
              -47.5,
              0
            ],
            "0.3333": [
              0,
              -30,
              0
            ],
            "0.5": [
              0,
              -30,
              0
            ]
          }
        }
      }
    }
  }
}