{"packs":[{"can_be_redownloaded":false,"name":"§l§4R§6A§eI§2N§1B§9O§5W §4F§6R§eI§2E§1N§9D§5S §bmod v3","uuid":"0c0ac365-745d-4fe3-9506-b4feff3fed43","version":[0,0,1]},{"can_be_redownloaded":false,"name":"§lRAINBOW FRIENDS V4 RP","uuid":"e5c5008a-33b1-4a7c-97c7-fb567c888df2","version":[1,0,0]},{"can_be_redownloaded":false,"name":"Picture Rainbow Friends","uuid":"3c404443-5df5-410c-976b-47d6c999954e","version":[0,0,1]},{"can_be_redownloaded":false,"name":"Picture Rainbow Friends","uuid":"ab35ee5e-0805-48f6-877a-8fe08d8c7889","version":[0,0,1]},{"can_be_redownloaded":false,"name":"§kaa§rInvisible Item Frames§r§kaa§r","uuid":"ecfa3338-5117-4bbd-90ad-2f3b20e20a2c","version":[1,0,0]},{"can_be_redownloaded":false,"name":"Add-on 1 ","uuid":"61bd1586-7530-48aa-b887-4d0876ca6ed0","version":[0,0,1]},{"can_be_redownloaded":false,"name":"Add-on §0 1","uuid":"319f25d5-6c85-4634-9f32-d29c873e39b8","version":[0,0,1]},{"can_be_redownloaded":false,"name":"Picture-Rainbow-Friends","uuid":"98450dd0-a29c-4f86-ac11-bee7c9ac2ae0","version":[0,0,1]}]}
