{"packs":[{"can_be_redownloaded":false,"name":"§l§4R§6A§eI§2N§1B§9O§5W §4F§6R§eI§2E§1N§9D§5S §bmod v3","uuid":"0d615c69-9d3d-44af-a48d-5d5a42ed821a","version":[0,0,1]},{"can_be_redownloaded":false,"name":"§lRAINBOW FRIENDS V4 BP","uuid":"e21140d8-7631-4a46-ba90-14763f696cc1","version":[1,0,0]},{"can_be_redownloaded":false,"name":"Picture Rainbow Friends","uuid":"32aadf73-037c-4991-b38f-8575fea9808a","version":[0,0,1]},{"can_be_redownloaded":false,"name":"Picture Rainbow Friends","uuid":"df06735e-82e4-4649-8268-8207b238bc9c","version":[0,0,1]},{"can_be_redownloaded":false,"name":"Add-on 1 ","uuid":"c9e74ba6-8cca-4799-b496-841b1f577666","version":[0,0,1]},{"can_be_redownloaded":false,"name":"Add-on §0 1","uuid":"48d5446c-32c6-4cbe-946d-688bbdd54e7d","version":[0,0,1]},{"can_be_redownloaded":false,"name":"Picture-Rainbow-Friends","uuid":"65d09033-a1ea-4021-b215-7c742073dfb2","version":[0,0,1]}]}
