{
	"format_version": "1.12.0",
	"minecraft:geometry": [
		{
			"description": {
				"identifier": "geometry.Ambush_ag1",
				"texture_width": 48,
				"texture_height": 48,
				"visible_bounds_width": 4,
				"visible_bounds_height": 4.5,
				"visible_bounds_offset": [0, 1.75, 0]
			},
			"bones": [
				{
					"name": "All",
					"pivot": [0, 0, 0],
					"locators": {
						"ambush": [0, 12, 0]
					}
				},
				{
					"name": "Head",
					"parent": "All",
					"pivot": [0, 0, 0],
					"cubes": [
						{"origin": [-24, 0, 0], "size": [48, 48, 0], "uv": [0, 0]}
					]
				}
			]
		}
	]
}