{
	"format_version": "1.12.0",
	"minecraft:geometry": [
		{
			"description": {
				"identifier": "geometry.El_goblino_ag1",
				"texture_width": 64,
				"texture_height": 64,
				"visible_bounds_width": 2,
				"visible_bounds_height": 3.5,
				"visible_bounds_offset": [0, 1.25, 0]
			},
			"bones": [
				{
					"name": "All",
					"pivot": [0, 0, 0]
				},
				{
					"name": "Body",
					"parent": "All",
					"pivot": [0, 8, 0],
					"cubes": [
						{"origin": [-3, 8, -1.5], "size": [6, 8, 3], "uv": [24, 22]},
						{"origin": [0, 9, 1.5], "size": [0, 1, 2], "uv": [0, 12]},
						{"origin": [0, 8, 4.5], "size": [0, 1, 1], "uv": [4, 12]},
						{"origin": [-0.5, 8, 1.5], "size": [1, 1, 3], "uv": [32, 5]},
						{"origin": [-3, 8, -1.5], "size": [6, 2, 3], "inflate": 0.1, "uv": [24, 0]}
					]
				},
				{
					"name": "Head",
					"parent": "Body",
					"pivot": [0, 16, 0],
					"cubes": [
						{"origin": [-3.5, 16, -3.5], "size": [7, 2, 7], "uv": [0, 13]},
						{"origin": [-3, 17.5, -3.3], "size": [1, 1, 0], "pivot": [-2.5, 18, -3.3], "rotation": [0, 0, 45], "uv": [0, 16]},
						{"origin": [-3.9, 17.5, 2.8], "size": [1, 1, 0], "pivot": [-3.4, 18, 2.8], "rotation": [-90, 45, -90], "uv": [4, 15]},
						{"origin": [-3.9, 17.5, -1.1], "size": [1, 1, 0], "pivot": [-3.4, 18, -1.1], "rotation": [90, 45, 90], "uv": [4, 15]},
						{"origin": [-3.9, 17.5, -2.8], "size": [1, 1, 0], "pivot": [-3.4, 18, -2.8], "rotation": [90, 45, 90], "uv": [0, 16]},
						{"origin": [-3.9, 17.5, 0.8], "size": [1, 1, 0], "pivot": [-3.4, 18, 0.8], "rotation": [-90, 45, -90], "uv": [0, 16]},
						{"origin": [2.9, 17.5, -2.8], "size": [1, 1, 0], "pivot": [3.4, 18, -2.8], "rotation": [90, -45, -90], "uv": [0, 16], "mirror": true},
						{"origin": [2.9, 17.5, -1.1], "size": [1, 1, 0], "pivot": [3.4, 18, -1.1], "rotation": [90, -45, -90], "uv": [4, 15], "mirror": true},
						{"origin": [2.9, 17.5, 0.8], "size": [1, 1, 0], "pivot": [3.4, 18, 0.8], "rotation": [-90, -45, 90], "uv": [0, 16], "mirror": true},
						{"origin": [2.9, 17.5, 2.8], "size": [1, 1, 0], "pivot": [3.4, 18, 2.8], "rotation": [-90, -45, 90], "uv": [4, 15], "mirror": true},
						{"origin": [2, 17.5, -3.3], "size": [1, 1, 0], "pivot": [2.5, 18, -3.3], "rotation": [0, 0, -45], "uv": [4, 15], "mirror": true},
						{"origin": [-1.5, 17.5, -3.3], "size": [1, 1, 0], "pivot": [-1, 18, -3.3], "rotation": [0, 0, 45], "uv": [4, 15], "mirror": true},
						{"origin": [0.5, 17.5, -3.3], "size": [1, 1, 0], "pivot": [1, 18, -3.3], "rotation": [0, 0, -45], "uv": [0, 16]},
						{"origin": [-3, 16, -3], "size": [6, 2, 6], "uv": [0, 22]}
					]
				},
				{
					"name": "Mouth",
					"parent": "Head",
					"pivot": [0, 18, 2],
					"cubes": [
						{"origin": [-4, 18, -4], "size": [8, 5, 8], "uv": [0, 0]},
						{"origin": [2.5, 17.5, -3.9], "size": [1, 1, 0], "pivot": [3, 18, -3.9], "rotation": [0, 0, -45], "uv": [0, 16]},
						{"origin": [1, 17.5, -3.9], "size": [1, 1, 0], "pivot": [1.5, 18, -3.9], "rotation": [0, 0, -45], "uv": [4, 15]},
						{"origin": [-0.5, 18, -7], "size": [1, 1, 3], "uv": [12, 35]},
						{"origin": [0, 19, -6], "size": [0, 1, 2], "uv": [0, 13]},
						{"origin": [0, 18, -8], "size": [0, 1, 1], "uv": [4, 13]},
						{"origin": [-4, 19, -5], "size": [3, 3, 2], "pivot": [-3, 22, -4], "rotation": [0, 15, 0], "uv": [32, 33]},
						{"origin": [1, 19, -5], "size": [3, 3, 2], "pivot": [3, 22, -4], "rotation": [0, -15, 0], "uv": [22, 33]},
						{"origin": [-4, 22, 0], "size": [3, 6, 1], "pivot": [-2.5, 22, 0.5], "rotation": [-10, 0, -20], "uv": [21, 13]},
						{"origin": [-5, 25, -0.5], "size": [2, 0, 2], "pivot": [-2.5, 22, 0.5], "rotation": [-10, 0, -20], "uv": [0, 16]},
						{"origin": [1, 22, 0], "size": [3, 6, 1], "pivot": [2.5, 22, 0.5], "rotation": [-10, 0, 20], "uv": [0, 0]}
					]
				},
				{
					"name": "Arm",
					"parent": "Body",
					"pivot": [-4.5, 14.4, 0],
					"cubes": [
						{"origin": [-6, 7, -1.5], "size": [3, 9, 3], "uv": [29, 10]},
						{"origin": [-5.5, 9, -2.5], "size": [0, 1, 5], "uv": [24, 2]},
						{"origin": [-4.5, 9, -2.5], "size": [0, 1, 5], "uv": [24, 1]},
						{"origin": [-3.5, 9, -2.5], "size": [0, 1, 5], "uv": [24, 0]},
						{"origin": [-7, 9, 1], "size": [5, 1, 0], "uv": [37, 6]},
						{"origin": [-7, 9, 0], "size": [5, 1, 0], "uv": [37, 5]},
						{"origin": [-7, 9, -1], "size": [5, 1, 0], "uv": [32, 9]}
					]
				},
				{
					"name": "Arm2",
					"parent": "Body",
					"pivot": [4.5, 14.5, 0],
					"cubes": [
						{"origin": [3, 7, -1.5], "size": [3, 9, 3], "uv": [29, 10], "mirror": true},
						{"origin": [5.5, 9, -2.5], "size": [0, 1, 5], "uv": [24, 2], "mirror": true},
						{"origin": [4.5, 9, -2.5], "size": [0, 1, 5], "uv": [24, 1], "mirror": true},
						{"origin": [3.5, 9, -2.5], "size": [0, 1, 5], "uv": [24, 0], "mirror": true},
						{"origin": [2, 9, 1], "size": [5, 1, 0], "uv": [37, 6], "mirror": true},
						{"origin": [2, 9, 0], "size": [5, 1, 0], "uv": [37, 5], "mirror": true},
						{"origin": [2, 9, -1], "size": [5, 1, 0], "uv": [32, 9], "mirror": true}
					]
				},
				{
					"name": "Leg",
					"parent": "All",
					"pivot": [-1.5, 8, 0],
					"cubes": [
						{"origin": [-3, 0, -1.5], "size": [3, 8, 3], "uv": [0, 30]},
						{"origin": [-3, 6, -1.5], "size": [3, 2, 3], "inflate": 0.1, "uv": [12, 30]},
						{"origin": [-1.5, 0, 1.5], "size": [0, 1, 2], "uv": [0, 11]},
						{"origin": [-2.5, 0, -3.5], "size": [0, 1, 2], "uv": [4, 5]},
						{"origin": [-0.5, 0, -3.5], "size": [0, 1, 2], "uv": [0, 5]}
					]
				},
				{
					"name": "Leg2",
					"parent": "All",
					"pivot": [1.5, 8, 0],
					"cubes": [
						{"origin": [0, 0, -1.5], "size": [3, 8, 3], "uv": [0, 30], "mirror": true},
						{"origin": [0, 6, -1.5], "size": [3, 2, 3], "inflate": 0.1, "uv": [12, 30], "mirror": true},
						{"origin": [1.5, 0, 1.5], "size": [0, 1, 2], "uv": [0, 11], "mirror": true},
						{"origin": [2.5, 0, -3.5], "size": [0, 1, 2], "uv": [4, 5], "mirror": true},
						{"origin": [0.5, 0, -3.5], "size": [0, 1, 2], "uv": [0, 5], "mirror": true}
					]
				}
			]
		}
	]
}