{
	"format_version": "1.12.0",
	"minecraft:geometry": [
		{
			"description": {
				"identifier": "geometry.Eyes_ag1",
				"texture_width": 64,
				"texture_height": 64,
				"visible_bounds_width": 3,
				"visible_bounds_height": 3.5,
				"visible_bounds_offset": [0, 1.25, 0]
			},
			"bones": [
				{
					"name": "All",
					"pivot": [0, 0, 0]
				},
				{
					"name": "Head",
					"parent": "All",
					"pivot": [0, 14, 0],
					"cubes": [
						{"origin": [-14, 0, 0], "size": [28, 28, 0], "uv": [0, 0]},
						{"origin": [0.5, 14, -1], "size": [4, 4, 2], "uv": [12, 28]},
						{"origin": [-4.5, 10, -1], "size": [4, 4, 2], "uv": [0, 28]},
						{"origin": [-4, 15, -1], "size": [3, 3, 2], "uv": [30, 36]},
						{"origin": [-4, 19, -1], "size": [2, 2, 2], "uv": [32, 41]},
						{"origin": [-7, 13.5, -1], "size": [2, 1, 2], "uv": [0, 43]},
						{"origin": [5, 13.5, -1], "size": [2, 1, 2], "uv": [14, 42]},
						{"origin": [-7, 15.5, -1], "size": [2, 2, 2], "uv": [38, 39]},
						{"origin": [-7, 10.5, -1], "size": [2, 2, 2], "uv": [0, 39]},
						{"origin": [5, 15.5, -1], "size": [2, 2, 2], "uv": [8, 39]},
						{"origin": [5, 10.5, -1], "size": [2, 2, 2], "uv": [18, 38]},
						{"origin": [2, 19, -1], "size": [2, 2, 2], "uv": [40, 34]},
						{"origin": [2, 7, -1], "size": [2, 2, 2], "uv": [40, 28]},
						{"origin": [-4, 7, -1], "size": [2, 2, 2], "uv": [24, 40]},
						{"origin": [-1.5, 18.5, -1], "size": [3, 3, 2], "uv": [0, 34]},
						{"origin": [-10.5, 12.5, -1], "size": [3, 3, 2], "uv": [32, 31]},
						{"origin": [7.5, 12.5, -1], "size": [3, 3, 2], "uv": [24, 28]},
						{"origin": [-1.5, 6.5, -1], "size": [3, 3, 2], "uv": [22, 33]},
						{"origin": [1, 10, -1], "size": [3, 3, 2], "uv": [10, 34]}
					]
				}
			]
		}
	]
}