{
	"format_version": "1.12.0",
	"minecraft:geometry": [
		{
			"description": {
				"identifier": "geometry.Figure_ag1",
				"texture_width": 128,
				"texture_height": 128,
				"visible_bounds_width": 2,
				"visible_bounds_height": 5.5,
				"visible_bounds_offset": [0, 2.25, 0]
			},
			"bones": [
				{
					"name": "All",
					"pivot": [0, 0, 0]
				},
				{
					"name": "Body",
					"parent": "All",
					"pivot": [0, 36, 0],
					"cubes": [
						{"origin": [-5, 36, -2.5], "size": [5, 3, 5], "pivot": [0, 36, 0], "rotation": [0, 0, 15], "uv": [52, 8]},
						{"origin": [0, 36, -2.5], "size": [5, 3, 5], "pivot": [0, 36, 0], "rotation": [0, 0, -15], "uv": [52, 0]}
					]
				},
				{
					"name": "Waist",
					"parent": "Body",
					"pivot": [0, 39, 0],
					"cubes": [
						{"origin": [-3.5, 39, -2], "size": [7, 5, 4], "uv": [44, 20]}
					]
				},
				{
					"name": "Torso",
					"parent": "Waist",
					"pivot": [0, 44, 0],
					"cubes": [
						{"origin": [-4.5, 44, -3], "size": [9, 8, 6], "uv": [0, 18]},
						{"origin": [-4.5, 46, -3], "size": [4, 5, 0], "pivot": [-4.5, 48.5, -3], "rotation": [0, 10, 0], "uv": [27, 0]},
						{"origin": [0.5, 46, -3], "size": [4, 5, 0], "pivot": [4.5, 48.5, -3], "rotation": [0, -10, 0], "uv": [0, 0]}
					]
				},
				{
					"name": "Head",
					"parent": "Torso",
					"pivot": [0, 52, 0],
					"cubes": [
						{"origin": [-4.5, 52, -4.5], "size": [9, 9, 9], "uv": [0, 0]},
						{"origin": [-3.5, 53, -4], "size": [7, 7, 7], "uv": [23, 25]}
					]
				},
				{
					"name": "Arm",
					"parent": "Torso",
					"pivot": [-6, 50, 0],
					"cubes": [
						{"origin": [-7.5, 36, -2], "size": [3, 16, 4], "uv": [44, 39]}
					]
				},
				{
					"name": "Arm2",
					"parent": "Arm",
					"pivot": [-6, 36, 0],
					"cubes": [
						{"origin": [-7.5, 20, -2], "size": [3, 16, 4], "uv": [30, 39]}
					]
				},
				{
					"name": "Arm3",
					"parent": "Arm2",
					"pivot": [-6, 20, 0],
					"cubes": [
						{"origin": [-7.5, 4, -2], "size": [3, 16, 4], "uv": [16, 39]}
					]
				},
				{
					"name": "Hand",
					"parent": "Arm3",
					"pivot": [-6, 4, 0],
					"cubes": [
						{"origin": [-7.5, 2, -2], "size": [3, 2, 4], "uv": [24, 18]},
						{"origin": [-7.5, -2, -2], "size": [1, 4, 4], "uv": [0, 52]},
						{"origin": [-6.5, -2, -2], "size": [2, 1, 4], "uv": [54, 55]},
						{"origin": [-5.5, 0, -2], "size": [1, 2, 4], "uv": [10, 55]}
					]
				},
				{
					"name": "Arm4",
					"parent": "Torso",
					"pivot": [6, 50, 0],
					"cubes": [
						{"origin": [4.5, 36, -2], "size": [3, 16, 4], "uv": [44, 39], "mirror": true}
					]
				},
				{
					"name": "Arm5",
					"parent": "Arm4",
					"pivot": [6, 36, 0],
					"cubes": [
						{"origin": [4.5, 20, -2], "size": [3, 16, 4], "uv": [30, 39], "mirror": true}
					]
				},
				{
					"name": "Arm6",
					"parent": "Arm5",
					"pivot": [6, 20, 0],
					"cubes": [
						{"origin": [4.5, 4, -2], "size": [3, 16, 4], "uv": [16, 39], "mirror": true}
					]
				},
				{
					"name": "Hand2",
					"parent": "Arm6",
					"pivot": [6, 4, 0],
					"cubes": [
						{"origin": [4.5, 2, -2], "size": [3, 2, 4], "uv": [24, 18], "mirror": true},
						{"origin": [6.5, -2, -2], "size": [1, 4, 4], "uv": [0, 52], "mirror": true},
						{"origin": [4.5, -2, -2], "size": [2, 1, 4], "uv": [54, 55], "mirror": true},
						{"origin": [4.5, 0, -2], "size": [1, 2, 4], "uv": [10, 55], "mirror": true}
					]
				},
				{
					"name": "Leg",
					"parent": "All",
					"pivot": [-2, 37, 0],
					"cubes": [
						{"origin": [-4, 21, -2], "size": [4, 16, 4], "uv": [36, 0]}
					]
				},
				{
					"name": "Leg2",
					"parent": "Leg",
					"pivot": [-2, 21, 0],
					"cubes": [
						{"origin": [-4, 5, -2], "size": [4, 16, 4], "uv": [0, 32]}
					]
				},
				{
					"name": "Foot",
					"parent": "Leg2",
					"pivot": [-2, 5, 0],
					"cubes": [
						{"origin": [-4.5, 0, -2.5], "size": [5, 5, 5], "uv": [51, 29]}
					]
				},
				{
					"name": "Leg3",
					"parent": "All",
					"pivot": [2, 37, 0],
					"cubes": [
						{"origin": [0, 21, -2], "size": [4, 16, 4], "uv": [36, 0], "mirror": true}
					]
				},
				{
					"name": "Leg4",
					"parent": "Leg3",
					"pivot": [2, 21, 0],
					"cubes": [
						{"origin": [0, 5, -2], "size": [4, 16, 4], "uv": [0, 32], "mirror": true}
					]
				},
				{
					"name": "Foot2",
					"parent": "Leg4",
					"pivot": [2, 5, 0],
					"cubes": [
						{"origin": [-0.5, 0, -2.5], "size": [5, 5, 5], "uv": [51, 29], "mirror": true}
					]
				}
			]
		}
	]
}