{
  "format_version": "1.12.0",
  "minecraft:geometry": [
    {
      "description": {
        "identifier": "geometry.Glitch_ag1",
        "texture_width": 64,
        "texture_height": 64,
        "visible_bounds_width": 2,
        "visible_bounds_height": 4.5,
        "visible_bounds_offset": [
          0,
          1.75,
          0
        ]
      },
      "bones": [
        {
          "name": "All",
          "pivot": [
            0,
            0,
            0
          ],
          "locators": {
            "glitch": [
              0,
              28,
              0
            ]
          }
        },
        {
          "name": "Body",
          "parent": "All",
          "pivot": [
            0,
            22,
            0
          ],
          "cubes": [
            {
              "origin": [
                -4,
                22,
                -2
              ],
              "size": [
                8,
                6,
                4
              ],
              "uv": [
                24,
                25
              ]
            }
          ]
        },
        {
          "name": "Torso",
          "parent": "Body",
          "pivot": [
            0,
            28,
            0
          ],
          "cubes": [
            {
              "origin": [
                -4.5,
                28,
                -2.5
              ],
              "size": [
                9,
                8,
                5
              ],
              "uv": [
                0,
                16
              ]
            },
            {
              "origin": [
                -1,
                36,
                -1
              ],
              "size": [
                2,
                2,
                2
              ],
              "uv": [
                0,
                0
              ]
            }
          ]
        },
        {
          "name": "Head",
          "parent": "Torso",
          "pivot": [
            0,
            38,
            0
          ],
          "cubes": [
            {
              "origin": [
                -4,
                38,
                -4
              ],
              "size": [
                8,
                8,
                8
              ],
              "uv": [
                0,
                0
              ]
            }
          ]
        },
        {
          "name": "Arm",
          "parent": "Torso",
          "pivot": [
            -6,
            34,
            0
          ],
          "cubes": [
            {
              "origin": [
                -7.5,
                24,
                -2
              ],
              "size": [
                3,
                12,
                4
              ],
              "uv": [
                40,
                0
              ]
            }
          ]
        },
        {
          "name": "Arm2",
          "parent": "Arm",
          "pivot": [
            -6,
            24,
            0
          ],
          "cubes": [
            {
              "origin": [
                -7.5,
                12,
                -2
              ],
              "size": [
                3,
                12,
                4
              ],
              "uv": [
                32,
                35
              ]
            }
          ]
        },
        {
          "name": "Arm3",
          "parent": "Torso",
          "pivot": [
            6,
            34,
            0
          ],
          "cubes": [
            {
              "origin": [
                4.5,
                24,
                -2
              ],
              "size": [
                3,
                12,
                4
              ],
              "uv": [
                40,
                0
              ],
              "mirror": true
            }
          ]
        },
        {
          "name": "Arm4",
          "parent": "Arm3",
          "pivot": [
            6,
            24,
            0
          ],
          "cubes": [
            {
              "origin": [
                4.5,
                12,
                -2
              ],
              "size": [
                3,
                12,
                4
              ],
              "uv": [
                32,
                35
              ],
              "mirror": true
            }
          ]
        },
        {
          "name": "Leg",
          "parent": "All",
          "pivot": [
            -2,
            22,
            0
          ],
          "cubes": [
            {
              "origin": [
                -4,
                12,
                -2
              ],
              "size": [
                4,
                10,
                4
              ],
              "uv": [
                16,
                35
              ]
            }
          ]
        },
        {
          "name": "Leg2",
          "parent": "Leg",
          "pivot": [
            -2,
            12,
            0
          ],
          "cubes": [
            {
              "origin": [
                -4,
                2,
                -2
              ],
              "size": [
                4,
                10,
                4
              ],
              "uv": [
                0,
                29
              ]
            }
          ]
        },
        {
          "name": "Foot",
          "parent": "Leg2",
          "pivot": [
            -2,
            2,
            0
          ],
          "cubes": [
            {
              "origin": [
                -4,
                0,
                -5
              ],
              "size": [
                4,
                2,
                7
              ],
              "uv": [
                25,
                9
              ]
            }
          ]
        },
        {
          "name": "Leg3",
          "parent": "All",
          "pivot": [
            2,
            22,
            0
          ],
          "cubes": [
            {
              "origin": [
                0,
                12,
                -2
              ],
              "size": [
                4,
                10,
                4
              ],
              "uv": [
                16,
                35
              ],
              "mirror": true
            }
          ]
        },
        {
          "name": "Leg4",
          "parent": "Leg3",
          "pivot": [
            2,
            12,
            0
          ],
          "cubes": [
            {
              "origin": [
                0,
                2,
                -2
              ],
              "size": [
                4,
                10,
                4
              ],
              "uv": [
                0,
                29
              ],
              "mirror": true
            }
          ]
        },
        {
          "name": "Foot2",
          "parent": "Leg4",
          "pivot": [
            2,
            2,
            0
          ],
          "cubes": [
            {
              "origin": [
                0,
                0,
                -5
              ],
              "size": [
                4,
                2,
                7
              ],
              "uv": [
                25,
                9
              ],
              "mirror": true
            }
          ]
        }
      ]
    }
  ]
}