{
	"format_version": "1.12.0",
	"minecraft:geometry": [
		{
			"description": {
				"identifier": "geometry.Halt_ag1",
				"texture_width": 64,
				"texture_height": 64,
				"visible_bounds_width": 2,
				"visible_bounds_height": 3.5,
				"visible_bounds_offset": [0, 1.25, 0]
			},
			"bones": [
				{
					"name": "All",
					"pivot": [0, 0, 0]
				},
				{
					"name": "Head",
					"parent": "All",
					"pivot": [0, 0, 0],
					"cubes": [
						{"origin": [-7, 0, -7], "size": [14, 27, 14], "uv": [0, 0]}
					]
				},
				{
					"name": "Eye",
					"parent": "All",
					"pivot": [0, 18.5, 0],
					"cubes": [
						{"origin": [-7, 15, -11], "size": [14, 8, 0], "uv": [0, 41]}
					]
				}
			]
		}
	]
}