{
  "format_version": "1.12.0",
  "minecraft:geometry": [
    {
      "description": {
        "identifier": "geometry.Magic_ag1",
        "texture_width": 192,
        "texture_height": 192,
        "visible_bounds_width": 4,
        "visible_bounds_height": 4.5,
        "visible_bounds_offset": [
          0,
          1.75,
          0
        ]
      },
      "bones": [
        {
          "name": "All",
          "pivot": [
            0,
            0,
            0
          ],
          "cubes": [
            {
              "origin": [
                -1,
                0,
                -5
              ],
              "size": [
                2,
                0,
                10
              ],
              "uv": [
                18,
                21
              ]
            }
          ],
          "locators": {
            "magic": [
              0,
              10,
              0
            ]
          }
        },
        {
          "name": "Book",
          "parent": "All",
          "pivot": [
            -1,
            0,
            0
          ],
          "cubes": [
            {
              "origin": [
                -7,
                0,
                -5
              ],
              "size": [
                6,
                0,
                10
              ],
              "uv": [
                0,
                10
              ]
            }
          ]
        },
        {
          "name": "Paper",
          "parent": "Book",
          "pivot": [
            0,
            1.2,
            0
          ],
          "cubes": [
            {
              "origin": [
                -5.3,
                1.2,
                -4
              ],
              "size": [
                5,
                0,
                8
              ],
              "uv": [
                10,
                21
              ]
            }
          ]
        },
        {
          "name": "Paper3",
          "parent": "Book",
          "pivot": [
            -0.5,
            0,
            0
          ],
          "cubes": [
            {
              "origin": [
                -5.5,
                0.1,
                -4
              ],
              "size": [
                5,
                1,
                8
              ],
              "uv": [
                0,
                21
              ]
            }
          ]
        },
        {
          "name": "Book2",
          "parent": "All",
          "pivot": [
            1,
            0,
            0
          ],
          "cubes": [
            {
              "origin": [
                1,
                0,
                -5
              ],
              "size": [
                6,
                0,
                10
              ],
              "uv": [
                0,
                0
              ]
            }
          ]
        },
        {
          "name": "Paper2",
          "parent": "Book2",
          "pivot": [
            0,
            1.2,
            0
          ],
          "cubes": [
            {
              "origin": [
                0.3,
                1.2,
                -4
              ],
              "size": [
                5,
                0,
                8
              ],
              "uv": [
                14,
                0
              ]
            }
          ]
        },
        {
          "name": "Paper4",
          "parent": "Book2",
          "pivot": [
            0.5,
            0,
            0
          ],
          "cubes": [
            {
              "origin": [
                0.5,
                0.1,
                -4
              ],
              "size": [
                5,
                1,
                8
              ],
              "uv": [
                14,
                12
              ]
            }
          ]
        },
        {
          "name": "Round",
          "parent": "All",
          "pivot": [
            0,
            0,
            0
          ],
          "cubes": [
            {
              "origin": [
                -24,
                0.1,
                -24
              ],
              "size": [
                48,
                0,
                48
              ],
              "uv": [
                0,
                48
              ]
            }
          ]
        },
        {
          "name": "Allchain",
          "parent": "All",
          "pivot": [
            0,
            0,
            0
          ]
        },
        {
          "name": "Chain",
          "parent": "Allchain",
          "pivot": [
            0,
            0,
            -15
          ],
          "cubes": [
            {
              "origin": [
                -2,
                0,
                -15
              ],
              "size": [
                4,
                40,
                0
              ],
              "uv": [
                8,
                30
              ]
            },
            {
              "origin": [
                -2,
                2,
                -15
              ],
              "size": [
                4,
                40,
                0
              ],
              "pivot": [
                0,
                0,
                -15
              ],
              "rotation": [
                0,
                -90,
                0
              ],
              "uv": [
                8,
                30
              ]
            }
          ]
        },
        {
          "name": "Chain2",
          "parent": "Allchain",
          "pivot": [
            0,
            0,
            15
          ],
          "cubes": [
            {
              "origin": [
                -2,
                0,
                15
              ],
              "size": [
                4,
                40,
                0
              ],
              "uv": [
                8,
                30
              ]
            },
            {
              "origin": [
                -2,
                2,
                15
              ],
              "size": [
                4,
                40,
                0
              ],
              "pivot": [
                0,
                0,
                15
              ],
              "rotation": [
                0,
                90,
                0
              ],
              "uv": [
                8,
                30
              ]
            }
          ]
        },
        {
          "name": "Chain3",
          "parent": "Allchain",
          "pivot": [
            15,
            0,
            0
          ],
          "cubes": [
            {
              "origin": [
                13,
                0,
                0
              ],
              "size": [
                4,
                40,
                0
              ],
              "uv": [
                8,
                30
              ]
            },
            {
              "origin": [
                13,
                2,
                0
              ],
              "size": [
                4,
                40,
                0
              ],
              "pivot": [
                15,
                0,
                0
              ],
              "rotation": [
                0,
                90,
                0
              ],
              "uv": [
                8,
                30
              ]
            }
          ]
        },
        {
          "name": "Chain4",
          "parent": "Allchain",
          "pivot": [
            -15,
            0,
            0
          ],
          "cubes": [
            {
              "origin": [
                -17,
                0,
                0
              ],
              "size": [
                4,
                40,
                0
              ],
              "uv": [
                8,
                30
              ],
              "mirror": true
            },
            {
              "origin": [
                -17,
                2,
                0
              ],
              "size": [
                4,
                40,
                0
              ],
              "pivot": [
                -15,
                0,
                0
              ],
              "rotation": [
                0,
                -90,
                0
              ],
              "uv": [
                8,
                30
              ],
              "mirror": true
            }
          ]
        }
      ]
    }
  ]
}