{
  "format_version": "1.12.0",
  "minecraft:geometry": [
    {
      "description": {
        "identifier": "geometry.Rush_ag1",
        "texture_width": 192,
        "texture_height": 192,
        "visible_bounds_width": 6,
        "visible_bounds_height": 6,
        "visible_bounds_offset": [
          0,
          2,
          0
        ]
      },
      "bones": [
        {
          "name": "All",
          "pivot": [
            0,
            0,
            0
          ],
          "locators": {
            "rush": [
              0,
              24,
              10
            ]
          }
        },
        {
          "name": "Head",
          "parent": "All",
          "pivot": [
            0,
            0,
            0
          ],
          "cubes": [
            {
              "origin": [
                -24,
                0,
                0
              ],
              "size": [
                48,
                48,
                0
              ],
              "uv": [
                0,
                0
              ]
            }
          ]
        },
        {
          "name": "Tooth_up",
          "parent": "Head",
          "pivot": [
            0,
            22.5,
            -0.1
          ],
          "cubes": [
            {
              "origin": [
                -21,
                16,
                -0.1
              ],
              "size": [
                42,
                13,
                0
              ],
              "uv": [
                96,
                0
              ]
            }
          ]
        },
        {
          "name": "Tooth_down",
          "parent": "Head",
          "pivot": [
            0,
            6.5,
            -1
          ],
          "cubes": [
            {
              "origin": [
                -19,
                0,
                -0.1
              ],
              "size": [
                38,
                13,
                0
              ],
              "uv": [
                96,
                13
              ]
            }
          ]
        },
        {
          "name": "Shadow",
          "parent": "All",
          "pivot": [
            0,
            24,
            1
          ],
          "cubes": [
            {
              "origin": [
                -26,
                -2,
                1
              ],
              "size": [
                52,
                52,
                0
              ],
              "uv": [
                0,
                52
              ]
            },
            {
              "origin": [
                -34,
                6,
                1
              ],
              "size": [
                52,
                52,
                0
              ],
              "uv": [
                0,
                52
              ]
            },
            {
              "origin": [
                -34,
                -10,
                1
              ],
              "size": [
                52,
                52,
                0
              ],
              "uv": [
                0,
                52
              ]
            },
            {
              "origin": [
                -18,
                -10,
                1
              ],
              "size": [
                52,
                52,
                0
              ],
              "uv": [
                0,
                52
              ],
              "mirror": true
            },
            {
              "origin": [
                -18,
                6,
                1
              ],
              "size": [
                52,
                52,
                0
              ],
              "uv": [
                0,
                52
              ],
              "mirror": true
            }
          ]
        }
      ]
    }
  ]
}