{
  "format_version": "1.12.0",
  "minecraft:geometry": [
    {
      "description": {
        "identifier": "geometry.Screech_ag1",
        "texture_width": 64,
        "texture_height": 64,
        "visible_bounds_width": 4,
        "visible_bounds_height": 3.5,
        "visible_bounds_offset": [
          0,
          1.25,
          0
        ]
      },
      "bones": [
        {
          "name": "All",
          "pivot": [
            0,
            0,
            0
          ]
        },
        {
          "name": "Head",
          "parent": "All",
          "pivot": [
            0,
            15,
            0
          ],
          "cubes": [
            {
              "origin": [
                -4,
                15,
                -4
              ],
              "size": [
                8,
                6,
                8
              ],
              "uv": [
                0,
                15
              ]
            },
            {
              "origin": [
                -4,
                14,
                -4
              ],
              "size": [
                8,
                7,
                8
              ],
              "inflate": 0.1,
              "uv": [
                0,
                0
              ]
            }
          ]
        },
        {
          "name": "Mouth",
          "parent": "Head",
          "pivot": [
            0,
            15,
            3
          ],
          "cubes": [
            {
              "origin": [
                -4,
                13,
                -4
              ],
              "size": [
                8,
                2,
                8
              ],
              "uv": [
                24,
                7
              ]
            }
          ]
        },
        {
          "name": "Ten",
          "parent": "Head",
          "pivot": [
            2,
            20,
            4
          ],
          "cubes": [
            {
              "origin": [
                1,
                20,
                3
              ],
              "size": [
                2,
                7,
                2
              ],
              "uv": [
                24,
                29
              ]
            }
          ]
        },
        {
          "name": "Ten2",
          "parent": "Ten",
          "pivot": [
            2,
            27,
            4
          ],
          "cubes": [
            {
              "origin": [
                1.5,
                27.3,
                3.5
              ],
              "size": [
                1,
                6,
                1
              ],
              "inflate": 0.3,
              "uv": [
                4,
                15
              ]
            }
          ]
        },
        {
          "name": "Ten3",
          "parent": "Head",
          "pivot": [
            -2,
            20,
            4
          ],
          "cubes": [
            {
              "origin": [
                -3,
                20,
                3
              ],
              "size": [
                2,
                7,
                2
              ],
              "uv": [
                16,
                29
              ]
            }
          ]
        },
        {
          "name": "Ten4",
          "parent": "Ten3",
          "pivot": [
            -2,
            27,
            4
          ],
          "cubes": [
            {
              "origin": [
                -2.5,
                27.3,
                3.5
              ],
              "size": [
                1,
                6,
                1
              ],
              "inflate": 0.3,
              "uv": [
                0,
                15
              ]
            }
          ]
        },
        {
          "name": "Ten5",
          "parent": "Head",
          "pivot": [
            -2,
            14,
            4
          ],
          "cubes": [
            {
              "origin": [
                -3,
                7,
                3
              ],
              "size": [
                2,
                7,
                2
              ],
              "uv": [
                8,
                29
              ]
            }
          ]
        },
        {
          "name": "Ten6",
          "parent": "Ten5",
          "pivot": [
            -2,
            7,
            4
          ],
          "cubes": [
            {
              "origin": [
                -2.5,
                0.7,
                3.5
              ],
              "size": [
                1,
                6,
                1
              ],
              "inflate": 0.3,
              "uv": [
                4,
                0
              ]
            }
          ]
        },
        {
          "name": "Ten7",
          "parent": "Head",
          "pivot": [
            2,
            14,
            4
          ],
          "cubes": [
            {
              "origin": [
                1,
                7,
                3
              ],
              "size": [
                2,
                7,
                2
              ],
              "uv": [
                0,
                29
              ]
            }
          ]
        },
        {
          "name": "Ten8",
          "parent": "Ten7",
          "pivot": [
            2,
            7,
            4
          ],
          "cubes": [
            {
              "origin": [
                1.5,
                0.7,
                3.5
              ],
              "size": [
                1,
                6,
                1
              ],
              "inflate": 0.3,
              "uv": [
                0,
                0
              ]
            }
          ]
        },
        {
          "name": "Ten11",
          "parent": "Head",
          "pivot": [
            3,
            17,
            4
          ],
          "cubes": [
            {
              "origin": [
                3,
                16,
                3
              ],
              "size": [
                7,
                2,
                2
              ],
              "uv": [
                24,
                17
              ]
            }
          ]
        },
        {
          "name": "Ten12",
          "parent": "Ten11",
          "pivot": [
            10,
            17,
            4
          ],
          "cubes": [
            {
              "origin": [
                10.3,
                16.5,
                3.5
              ],
              "size": [
                6,
                1,
                1
              ],
              "inflate": 0.3,
              "uv": [
                24,
                21
              ]
            }
          ]
        },
        {
          "name": "Ten13",
          "parent": "Head",
          "pivot": [
            -3,
            17,
            4
          ],
          "cubes": [
            {
              "origin": [
                -10,
                16,
                3
              ],
              "size": [
                7,
                2,
                2
              ],
              "uv": [
                24,
                0
              ]
            }
          ]
        },
        {
          "name": "Ten14",
          "parent": "Ten13",
          "pivot": [
            -10,
            17,
            4
          ],
          "cubes": [
            {
              "origin": [
                -16.3,
                16.5,
                3.5
              ],
              "size": [
                6,
                1,
                1
              ],
              "inflate": 0.3,
              "uv": [
                24,
                4
              ]
            }
          ]
        }
      ]
    }
  ]
}