{
	"format_version": "1.12.0",
	"minecraft:geometry": [
		{
			"description": {
				"identifier": "geometry.Seek_ag1",
				"texture_width": 80,
				"texture_height": 80,
				"visible_bounds_width": 2,
				"visible_bounds_height": 4.5,
				"visible_bounds_offset": [0, 1.75, 0]
			},
			"bones": [
				{
					"name": "All",
					"pivot": [0, 0, 0]
				},
				{
					"name": "Body",
					"parent": "All",
					"pivot": [0, 22, 0],
					"cubes": [
						{"origin": [-5, 22, -3.5], "size": [10, 2, 7], "uv": [25, 25]}
					]
				},
				{
					"name": "Waist",
					"parent": "Body",
					"pivot": [0, 24, 0],
					"cubes": [
						{"origin": [-4, 24, -2.5], "size": [8, 4, 5], "uv": [30, 34]}
					]
				},
				{
					"name": "Torso",
					"parent": "Waist",
					"pivot": [0, 28, 0],
					"cubes": [
						{"origin": [-5, 28, -3.5], "size": [10, 9, 7], "uv": [0, 0]}
					]
				},
				{
					"name": "Neck",
					"parent": "Torso",
					"pivot": [0, 37, 0],
					"cubes": [
						{"origin": [-1.5, 37, -1.5], "size": [3, 4, 3], "uv": [27, 0]}
					]
				},
				{
					"name": "Head",
					"parent": "Neck",
					"pivot": [0, 41, 0],
					"cubes": [
						{"origin": [-3.5, 41, -4], "size": [7, 1, 8], "uv": [0, 32]},
						{"origin": [-3.5, 50, -4], "size": [7, 1, 8], "uv": [26, 8]},
						{"origin": [-4, 42, -4], "size": [8, 8, 8], "uv": [0, 16]},
						{"origin": [-2.5, 44.5, -0.5], "size": [5, 3, 1], "uv": [22, 34]},
						{"origin": [-3, 43, -5.9], "size": [6, 6, 3], "uv": [52, 17]}
					]
				},
				{
					"name": "Arm",
					"parent": "Torso",
					"pivot": [-6.5, 35, 0],
					"cubes": [
						{"origin": [-8, 25, -2], "size": [3, 12, 4], "uv": [46, 43]}
					]
				},
				{
					"name": "Arm2",
					"parent": "Arm",
					"pivot": [-6.5, 25, 0],
					"cubes": [
						{"origin": [-8, 13, -2], "size": [3, 12, 4], "uv": [32, 43]}
					]
				},
				{
					"name": "Hand",
					"parent": "Arm2",
					"pivot": [-6.5, 13, 0],
					"cubes": [
						{"origin": [-8, 6, -2.5], "size": [3, 7, 5], "uv": [48, 0]}
					]
				},
				{
					"name": "Arm3",
					"parent": "Torso",
					"pivot": [6.5, 35, 0],
					"cubes": [
						{"origin": [5, 25, -2], "size": [3, 12, 4], "uv": [46, 43], "mirror": true}
					]
				},
				{
					"name": "Arm4",
					"parent": "Arm3",
					"pivot": [6.5, 25, 0],
					"cubes": [
						{"origin": [5, 13, -2], "size": [3, 12, 4], "uv": [32, 43], "mirror": true}
					]
				},
				{
					"name": "Hand2",
					"parent": "Arm4",
					"pivot": [6.5, 13, 0],
					"cubes": [
						{"origin": [5, 6, -2.5], "size": [3, 7, 5], "uv": [48, 0], "mirror": true}
					]
				},
				{
					"name": "Leg",
					"parent": "All",
					"pivot": [-3, 22, 0],
					"cubes": [
						{"origin": [-5, 12, -2], "size": [4, 10, 4], "uv": [16, 41]}
					]
				},
				{
					"name": "Leg2",
					"parent": "Leg",
					"pivot": [-3, 12, 0],
					"cubes": [
						{"origin": [-5, 2, -2], "size": [4, 10, 4], "uv": [0, 41]}
					]
				},
				{
					"name": "Foot",
					"parent": "Leg2",
					"pivot": [-3, 2, 0],
					"cubes": [
						{"origin": [-5, 0, -2], "size": [4, 2, 4], "uv": [24, 17]}
					]
				},
				{
					"name": "Leg3",
					"parent": "All",
					"pivot": [3, 22, 0],
					"cubes": [
						{"origin": [1, 12, -2], "size": [4, 10, 4], "uv": [16, 41], "mirror": true}
					]
				},
				{
					"name": "Leg4",
					"parent": "Leg3",
					"pivot": [3, 12, 0],
					"cubes": [
						{"origin": [1, 2, -2], "size": [4, 10, 4], "uv": [0, 41], "mirror": true}
					]
				},
				{
					"name": "Foot2",
					"parent": "Leg4",
					"pivot": [3, 2, 0],
					"cubes": [
						{"origin": [1, 0, -2], "size": [4, 2, 4], "uv": [24, 17], "mirror": true}
					]
				}
			]
		}
	]
}