{
  "format_version": "1.12.0",
  "minecraft:geometry": [
    {
      "description": {
        "identifier": "geometry.yg_food_packs",
        "texture_width": 64,
        "texture_height": 64,
        "visible_bounds_width": 2,
        "visible_bounds_height": 2.5,
        "visible_bounds_offset": [
          0,
          0.75,
          0
        ]
      },
      "bones": [
        {
          "name": "Root",
          "cubes": [
            {
              "origin": [
                -3.0,
                -0.11087,
                0.17301
              ],
              "size": [
                7.0,
                7.0,
                1.0
              ],
              "pivot": [
                0.5,
                3.38913,
                0.67301
              ],
              "rotation": [
                5.0,
                0.0,
                0.0
              ],
              "uv": [
                0,
                8
              ],
              "inflate": 0
            },
            {
              "origin": [
                -3.0,
                -0.11087,
                -1.21309
              ],
              "size": [
                7.0,
                7.0,
                1.0
              ],
              "pivot": [
                0.5,
                3.38913,
                -0.71309
              ],
              "rotation": [
                -5.0,
                0.0,
                0.0
              ],
              "uv": [
                0,
                0
              ],
              "inflate": 0
            },
            {
              "origin": [
                -3.28,
                5.92,
                -1.08
              ],
              "size": [
                7.56,
                2.16,
                2.16
              ],
              "uv": [
                16,
                0
              ],
              "inflate": 0
            },
            {
              "origin": [
                -3.0,
                -0.14113,
                -0.52004
              ],
              "size": [
                7.0,
                6.0,
                1.0
              ],
              "uv": [
                15,
                15
              ],
              "inflate": 0
            }
          ]
        }
      ]
    }
  ]
}