{"format_version":"1.12.0","minecraft:geometry":[{"description":{"identifier":"geometry.yg_indigo","texture_width":64,"texture_height":64,"visible_bounds_width":2,"visible_bounds_height":4.5,"visible_bounds_offset":[0,1.75,0]},"bones":[{"name":"Root"},{"name":"Body","pivot":[0,21.33333,1],"cubes":[{"origin":[-2,39,-1],"size":[4,4,4],"uv":[36,31],"inflate":0},{"origin":[-3,31,-2],"size":[6,9,6],"uv":[0,29],"inflate":0},{"origin":[-3.5,22,-2.5],"size":[7,9,7],"uv":[0,13],"inflate":0}],"parent":"Root"},{"name":"Head","pivot":[0,43,1],"cubes":[{"origin":[-4,47,-4],"size":[8,5,8],"uv":[0,0],"inflate":0},{"origin":[-5,49,-5],"size":[4,4,2],"uv":[28,15],"inflate":0},{"origin":[1,49,-5],"size":[4,4,2],"uv":[24,0],"inflate":0},{"origin":[-4,46,4],"size":[8,1,0],"uv":[34,1],"inflate":0},{"origin":[-3.5,46,-4],"size":[1,1,0],"uv":[24,7],"inflate":0},{"origin":[-2,46,-4],"size":[1,1,0],"uv":[24,6],"inflate":0},{"origin":[2.5,46,-4],"size":[1,1,0],"uv":[24,1],"inflate":0},{"origin":[4,46,-2],"size":[0,1,1],"uv":[6,6],"inflate":0},{"origin":[4,46,0],"size":[0,1,1],"uv":[6,2],"inflate":0},{"origin":[4,46,2],"size":[0,1,1],"uv":[2,6],"inflate":0},{"origin":[-4,46,2],"size":[0,1,1],"uv":[0,6],"inflate":0},{"origin":[-4,46,0],"size":[0,1,1],"uv":[0,5],"inflate":0},{"origin":[-4,46,-2],"size":[0,1,1],"uv":[0,4],"inflate":0},{"origin":[-4,46,-4],"size":[0,1,1],"uv":[0,3],"inflate":0},{"origin":[4,46,-4],"size":[0,1,1],"uv":[4,6],"inflate":0},{"origin":[1,46,-4],"size":[1,1,0],"uv":[24,0],"inflate":0},{"origin":[-0.5,46,-4],"size":[1,1,0],"uv":[3,0],"inflate":0}],"parent":"Body"},{"name":"Jaw","pivot":[0,45.75,4],"cubes":[{"origin":[-4,43,-4],"size":[8,2,8],"uv":[20,21],"inflate":0},{"origin":[-4,45,-4],"size":[1,1,0],"uv":[25,19],"inflate":0},{"origin":[-2.3,45,-4],"size":[1,1,0],"uv":[25,18],"inflate":0},{"origin":[1.3,45,-4],"size":[1,1,0],"uv":[25,17],"inflate":0},{"origin":[-0.5,45,-4],"size":[1,1,0],"uv":[24,16],"inflate":0},{"origin":[3,45,-4],"size":[1,1,0],"uv":[25,15],"inflate":0},{"origin":[4,45,-3],"size":[0,1,1],"uv":[23,18],"inflate":0},{"origin":[-4,45,-3],"size":[0,1,1],"uv":[0,15],"inflate":0},{"origin":[-4,45,-1],"size":[0,1,1],"uv":[4,13],"inflate":0},{"origin":[-4,45,1],"size":[0,1,1],"uv":[5,12],"inflate":0},{"origin":[-4,45,3],"size":[0,1,1],"uv":[3,12],"inflate":0},{"origin":[4,45,-1],"size":[0,1,1],"uv":[21,18],"inflate":0},{"origin":[4,45,3],"size":[0,1,1],"uv":[4,18],"inflate":0},{"origin":[4,45,1],"size":[0,1,1],"uv":[4,17],"inflate":0},{"origin":[-4,45,4],"size":[8,1,0],"uv":[34,0],"inflate":0}],"parent":"Head"},{"name":"Rightarm","pivot":[-4.5,39,1],"cubes":[{"origin":[-6,30,-0.5],"size":[3,10,3],"uv":[24,31],"inflate":0}],"parent":"Body"},{"name":"bone","pivot":[-4.5,30,1],"cubes":[{"origin":[-6,20,-0.5],"size":[3,10,3],"uv":[24,31],"inflate":0}],"parent":"Rightarm"},{"name":"bone2","pivot":[-4.59041,20.02567,1],"cubes":[{"origin":[-5.5,17,-0.5],"size":[2,3,3],"uv":[38,2],"inflate":0},{"origin":[-4.5,16.92923,-1.18077],"size":[1,3,1],"pivot":[-4,18.42923,-0.68077],"rotation":[-25,0,0],"uv":[3,3],"inflate":0},{"origin":[-4.5,15.28108,-1.76785],"size":[1,2,1],"uv":[18,31],"inflate":0},{"origin":[-5.5,15.00381,1.58716],"size":[1,2,1],"pivot":[-5,16.00381,2.08716],"rotation":[5,0,0],"uv":[36,39],"inflate":0},{"origin":[-5.12423,13.31526,1.73488],"size":[1,2,1],"pivot":[-4.62423,14.31526,2.23488],"rotation":[4.53359,2.11089,-24.91643],"uv":[22,31],"inflate":0},{"origin":[-5.5,15,0.5],"size":[1,2,1],"uv":[38,8],"inflate":0},{"origin":[-5.09475,13.34386,0.5],"size":[1,2,1],"pivot":[-4.59475,14.34386,1],"rotation":[0,0,-27.5],"uv":[0,32],"inflate":0},{"origin":[-5.5,15,-0.5],"size":[1,2,1],"pivot":[-5,17,0],"rotation":[-5,0,0],"uv":[36,2],"inflate":0},{"origin":[-5.09475,13.35397,-0.7315],"size":[1,2,1],"pivot":[-4.59475,14.35397,-0.2315],"rotation":[-4.43745,-2.30644,-27.41063],"uv":[33,31],"inflate":0}],"parent":"bone"},{"name":"Leftarm","pivot":[4.5,39,1],"cubes":[{"origin":[3,30,-0.5],"size":[3,10,3],"uv":[24,31],"inflate":0}],"parent":"Body"},{"name":"bone3","pivot":[4.5,30,1],"cubes":[{"origin":[3,20,-0.5],"size":[3,10,3],"uv":[24,31],"inflate":0}],"parent":"Leftarm"},{"name":"bone4","pivot":[4.59041,20.0257,1],"cubes":[{"origin":[3.5,17,-0.5],"size":[2,3,3],"uv":[38,2],"inflate":0},{"origin":[3.5,16.92923,-1.18077],"size":[1,3,1],"pivot":[4,18.42923,-0.68077],"rotation":[-25,0,0],"uv":[0,0],"inflate":0},{"origin":[3.5,15.28108,-1.76785],"size":[1,2,1],"uv":[0,29],"inflate":0},{"origin":[4.5,15.00381,1.58716],"size":[1,2,1],"pivot":[5,16.00381,2.08716],"rotation":[5,0,0],"uv":[21,16],"inflate":0},{"origin":[4.12423,13.31526,1.73488],"size":[1,2,1],"pivot":[4.62423,14.31526,2.23488],"rotation":[4.53359,-2.11089,24.91643],"uv":[21,13],"inflate":0},{"origin":[4.5,15,0.5],"size":[1,2,1],"uv":[0,17],"inflate":0},{"origin":[4.09475,13.34386,0.5],"size":[1,2,1],"pivot":[4.59475,14.34386,1],"rotation":[0,0,27.5],"uv":[3,15],"inflate":0},{"origin":[4.5,15.00381,-0.58716],"size":[1,2,1],"pivot":[5,16.00381,-0.08716],"rotation":[-5,0,0],"uv":[0,13],"inflate":0},{"origin":[4.09475,13.35397,-0.7315],"size":[1,2,1],"pivot":[4.59475,14.35397,-0.2315],"rotation":[-4.43745,2.30644,27.41063],"uv":[4,0],"inflate":0}],"parent":"bone3"},{"name":"Rightleg","pivot":[-1.5,22,1],"cubes":[{"origin":[-3,12,-0.5],"size":[3,10,3],"uv":[24,31],"inflate":0}],"parent":"Root"},{"name":"bone5","pivot":[-1.5,12,1],"cubes":[{"origin":[-3,2,-0.5],"size":[3,10,3],"uv":[24,31],"inflate":0}],"parent":"Rightleg"},{"name":"bone6","pivot":[-1.5,2,1],"cubes":[{"origin":[-3,0,-4.5],"size":[3,2,7],"uv":[25,6],"inflate":0}],"parent":"bone5"},{"name":"Leftleg","pivot":[1.5,22,1],"cubes":[{"origin":[0,12,-0.5],"size":[3,10,3],"uv":[24,31],"inflate":0}],"parent":"Root"},{"name":"bone7","pivot":[1.5,12,1],"cubes":[{"origin":[0,2,-0.5],"size":[3,10,3],"uv":[24,31],"inflate":0}],"parent":"Leftleg"},{"name":"bone8","pivot":[1.5,2,1],"cubes":[{"origin":[0,0,-4.5],"size":[3,2,7],"uv":[25,6],"inflate":0}],"parent":"bone7"}]}]}