{
  "format_version": "1.10.0",
  "geometry.yg_orange_arrow": {
    "texturewidth": 32,
    "textureheight": 32,
    "visible_bounds_width": 2,
    "visible_bounds_height": 2.5,
    "visible_bounds_offset": [
      0,
      0.75,
      0
    ],
    "bones": [
      {
        "name": "Block",
        "pivot": [
          0,
          4.5,
          0
        ],
        "cubes": [
          {
            "origin": [
              0.0,
              0.0,
              -6.0
            ],
            "size": [
              0.0,
              9.0,
              12.0
            ],
            "uv": [
              0,
              0
            ],
            "inflate": 0
          }
        ]
      }
    ]
  }
}