{"format_version":"1.10.0","minecraft:client_entity":{"description":{"identifier":"yg:yurie_gazo","materials":{"default":"witch"},"textures":{"default":"textures/entity/yg_yurie_gazo"},"geometry":{"default":"geometry.yg_yurie_gazo"},"scripts":{"animate":["move","general","attack_controllers","looking_at"],"pre_animation":["variable.attack = Math.sin(variable.attack_time * 30.0);"]},"animations":{"attack":"animation.yg_yurie_gazo.attack","attack_controllers":"controller.animation.yg_yurie_gazo.attack","general":"controller.animation.yg_yurie_gazo.general","gazo_general":"animation.yg_yurie_gazo.general","looking":"animation.yg_yurie_gazo.looking","looking_at":"controller.animation.yg_yurie_gazo.looking_at","move":"controller.animation.yg_yurie_gazo.move","moving":"animation.yg_yurie_gazo.move"},"render_controllers":["controller.render.witch"],"spawn_egg":{"texture":"yg:yurie_gazo","texture_index":0}}}}