{
	"format_version": "1.10.0",
	"animation_controllers": {
	  "controller.animation.jumpscare_a120": {
		"initial_state": "default",
		"states": {
		  "default": {
			"transitions": [
			  {
				"attack": "variable.attack_time > 0 && !query.is_stunned"
			  },
			  {
				"add": "query.has_rider && !query.is_stunned"
			  }
			]
		  },
		  "attack": {
			"transitions": [
			  {
				"default": "1.0"
			  }
			],
			"on_entry": [
                "/function jumpscare_a120", 
				"/tag @s add a120"
			 ]
		  },
		  "add": {
			"transitions": [
			  {
				"default": "1.0"
			  }
			],
			"on_entry": [
				"/scoreboard objectives add a120 dummy",
				"/effect @e[r=4,type=!ic:a120] blindness 1 1 true",  
				"/scoreboard players add @e[r=3,family=!doors] a120 1",
				"/execute @e[scores={a120=8..1000}] ~ ~ ~event entity @e[type=ic:a120,r=5] ic:jumpscare_stop",
				"/execute @e[scores={a120=8..1000}] ~ ~ ~tag @e[type=ic:a120,r=5] remove a120",
				"/damage @e[scores={a120=8..1000}] 40 contact entity @s",
				"/scoreboard players set @a[scores={a120=8..1000}] a120 0"
			 ]
		  }
		}
	  }
  }
}