{
	"format_version": "1.10.0",
	"animation_controllers": {
	  "controller.animation.jumpscare_ambush": {
		"initial_state": "default",
		"states": {
		  "default": {
			"transitions": [
			  {
				"attack": "variable.attack_time > 0 && !query.is_stunned"
			  },
			  {
				"add": "query.has_rider && !query.is_stunned"
			  }
			]
		  },
		  "attack": {
			"transitions": [
			  {
				"default": "1.0"
			  }
			],
			"on_entry": [
                "/function jumpscare_ambush", 
				"/tag @s add ambush"
			 ]
		  },
		  "add": {
			"transitions": [
			  {
				"default": "1.0"
			  }
			],
			"on_entry": [
				"/scoreboard objectives add ambush dummy",
				"/effect @e[r=4,type=!ic:ambush] blindness 1 1 true",  
				"/scoreboard players add @e[r=3,family=!doors] ambush 1",
				"/execute @e[scores={ambush=8..1000}] ~ ~ ~event entity @e[type=ic:ambush,r=5] ic:jumpscare_stop",
				"/execute @e[scores={ambush=8..1000}] ~ ~ ~tag @e[type=ic:ambush,r=5] remove ambush",
				"/damage @e[scores={ambush=8..1000}] 40 contact entity @s",
				"/scoreboard players set @a[scores={ambush=8..1000}] ambush 0"
			 ]
		  }
		}
	  }
  }
}