{
	"format_version": "1.10.0",
	"animation_controllers": {
	"controller.animation.figure_anim": {
		"initial_state": "default",
		"states": {
		  "default": {
			"transitions": [
			  {
				"activate": "query.variant == 1"
			  }
			]
		  },
		  "activate": {
			"animations": [
			    "anim"
			 ], 
			"transitions": [
			  {
				"default": "query.variant == 0"
			  }
			]
		  }
		}
	  },
	  "controller.animation.jumpscare_figure": {
		"initial_state": "default",
		"states": {
		  "default": {
		"variables": {
				"walk": {
					"input": "query.modified_move_speed",
					"remap_curve": {
						"0.0": 0.0,
						"0.27": 1.0
					}
				},
				"idle": {
					"input": "query.modified_move_speed",
					"remap_curve": {
						"0.27": 0.0,
						"0.0": 1.0
					}
				}
			},
		"animations": [
				{"shake" : "variable.walk"}
			],
			"transitions": [
			  {
				"attack": "variable.attack_time > 0 && !query.is_stunned"
			  },
			  {
				"add": "query.has_rider && !query.is_stunned"
			  }
			]
		  },
		  "attack": {
			"transitions": [
			  {
				"default": "1.0"
			  }
			],
			"on_entry": [
                "/function jumpscare_figure", 
				"/tag @s add figure"
			 ]
		  },
		  "add": {
			"transitions": [
			  {
				"default": "1.0"
			  }
			],
			"on_entry": [
				"/scoreboard objectives add figure dummy",
				"/effect @e[r=4,type=!ic:figure] blindness 1 1 true",  
				"/scoreboard players add @e[r=3,family=!doors] figure 1",
				"/execute @e[scores={figure=5..1000}] ~ ~ ~event entity @e[type=ic:figure,r=5] ic:jumpscare_stop",
				"/execute @e[scores={figure=5..1000}] ~ ~ ~tag @e[type=ic:figure,r=5] remove figure",
				"/damage @e[scores={figure=5..1000}] 40 contact entity @s",
				"/scoreboard players set @a[scores={figure=5..1000}] figure 0"
			 ]
		  }
		}
	  }
  }
}