{
	"format_version": "1.10.0",
	"animation_controllers": {
	  "controller.animation.jumpscare_seek_hand": {
		"initial_state": "default",
		"states": {
		  "default": {
			"transitions": [
			  {
				"attack": "variable.attack_time > 0 && !query.is_stunned"
			  },
			  {
				"add": "query.has_rider && !query.is_stunned"
			  }
			]
		  },
		  "attack": {
			"transitions": [
			  {
				"default": "1.0"
			  }
			],
			"on_entry": [
                "/function jumpscare_seek_hand", 
				"/tag @s add seek_hand"
			 ]
		  },
		  "add": {
			"transitions": [
			  {
				"default": "1.0"
			  }
			],
			"on_entry": [
				"/scoreboard objectives add seek_hand dummy",
				"/effect @e[r=4,type=!ic:seek_hand] blindness 1 1 true",  
				"/scoreboard players add @e[r=3,family=!doors] seek_hand 1",
				"/execute @e[scores={seek_hand=8..1000}] ~ ~ ~event entity @e[type=ic:seek_hand,r=5] ic:jumpscare_stop",
				"/execute @e[scores={seek_hand=8..1000}] ~ ~ ~ tag @e[type=ic:seek_hand,r=5] remove seek_hand",
				"/execute @e[scores={seek_hand=8..1000}] ~ ~ ~ ride @s stop_riding @e",
				"/scoreboard players set @a[scores={seek_hand=8..1000}] seek_hand 0"
			 ]
		  }
		}
	  }
  }
}