{
  "figure_ag1.jum": {
    "category": "hostile",
    "max_distance": 80,
    "sounds": [
      "sounds/mob/jum"
    ]
  },
  "figure_ag1.hurt": {
    "category": "hostile",
    "max_distance": 80,
    "sounds": [
      "sounds/mob/hurt"
    ]
  },
  "figure_ag1.death": {
    "category": "hostile",
    "max_distance": 80,
    "sounds": [
      "sounds/mob/death"
    ]
  },
  "figure_ag1.ambient": {
    "category": "hostile",
    "max_distance": 80,
    "sounds": [
      "sounds/mob/ambient"
    ]
  },
  "seek_ag1.jum": {
    "category": "hostile",
    "max_distance": 80,
    "sounds": [
      "sounds/mob/jum_s"
    ]
  },
  "rush_ag1.jum": {
    "category": "hostile",
    "max_distance": 80,
    "sounds": [
      "sounds/mob/jum_r"
    ]
  },
  "ambush_ag1.jum": {
    "category": "hostile",
    "max_distance": 80,
    "sounds": [
      "sounds/mob/jum_a"
    ]
  },
  "rush_ag1.ambient": {
    "category": "hostile",
    "min_distance": 40.0,
    "sounds": [
      "sounds/mob/ambient_r"
    ]
  },
  "ambush_ag1.ambient": {
    "category": "hostile",
    "min_distance": 40.0,
    "sounds": [
      "sounds/mob/ambient_a"
    ]
  },
  "halt_ag1.ambient": {
    "category": "hostile",
    "max_distance": 80,
    "sounds": [
      "sounds/mob/ambient_h"
    ]
  },
  "custom_ag1.step": {
    "category": "hostile",
    "max_distance": 80,
    "sounds": [
      "sounds/mob/step"
    ]
  },
  "seek_ag1.death": {
    "category": "hostile",
    "max_distance": 80,
    "sounds": [
      "sounds/mob/scream"
    ]
  },
  "magic.ban": {
    "category": "hostile",
    "max_distance": 80,
    "sounds": [
      "sounds/mob/magic"
    ]
  },
  "magic_f.ban": {
    "category": "hostile",
    "max_distance": 80,
    "sounds": [
      "sounds/mob/magic_f"
    ]
  },
  "glitch_ag1.jum": {
    "category": "hostile",
    "max_distance": 80,
    "sounds": [
      "sounds/mob/jum_g"
    ]
  },
  "screech_ag1.jum": {
    "category": "hostile",
    "max_distance": 80,
    "sounds": [
      "sounds/mob/jum_sc"
    ]
  },
  "screech_ag1.ambient": {
    "category": "hostile",
    "max_distance": 80,
    "sounds": [
      "sounds/mob/ambient_sc"
    ]
  },
  "screech_ag1.scream": {
    "category": "hostile",
    "max_distance": 80,
    "sounds": [
      "sounds/mob/scream_sc"
    ]
  }
}