{
  "format_version": "1.12.0",
  "minecraft:geometry": [
    {
      "description": {
        "identifier": "geometry.yg_jumbo_josh",
        "texture_width": 128,
        "texture_height": 128,
        "visible_bounds_width": 3,
        "visible_bounds_height": 3.5,
        "visible_bounds_offset": [
          0,
          1.25,
          0
        ]
      },
      "bones": [
        {
          "name": "Root"
        },
        {
          "name": "Body",
          "pivot": [
            0,
            8,
            9
          ],
          "cubes": [
            {
              "origin": [
                -5.0,
                13.25456,
                -6.84612
              ],
              "size": [
                10.0,
                12.0,
                7.0
              ],
              "pivot": [
                0.0,
                19.25456,
                -3.34612
              ],
              "rotation": [
                17.5,
                0.0,
                0.0
              ],
              "uv": [
                35,
                30
              ],
              "inflate": 0
            },
            {
              "origin": [
                -5.83,
                9.65207,
                -4.35959
              ],
              "size": [
                11.66,
                6.36,
                10.6
              ],
              "pivot": [
                0.0,
                12.83207,
                0.94041
              ],
              "rotation": [
                -27.5,
                0.0,
                0.0
              ],
              "uv": [
                0,
                21
              ],
              "inflate": 0
            },
            {
              "origin": [
                -6.05,
                7.5623,
                3.64022
              ],
              "size": [
                12.1,
                6.6,
                7.7
              ],
              "uv": [
                41,
                14
              ],
              "inflate": 0
            }
          ],
          "parent": "Root"
        },
        {
          "name": "Head",
          "pivot": [
            0,
            24,
            -5
          ],
          "cubes": [
            {
              "origin": [
                -7.0,
                24.0,
                -10.0
              ],
              "size": [
                14.0,
                11.0,
                10.0
              ],
              "uv": [
                0,
                0
              ],
              "inflate": 0
            },
            {
              "origin": [
                -5.1348,
                30.0,
                -11.05671
              ],
              "size": [
                4.0,
                4.0,
                2.0
              ],
              "pivot": [
                -3.1348,
                32.0,
                -10.05671
              ],
              "rotation": [
                0.0,
                7.5,
                0.0
              ],
              "uv": [
                20,
                37
              ],
              "inflate": 0
            },
            {
              "origin": [
                1.1348,
                30.0,
                -11.05671
              ],
              "size": [
                4.0,
                4.0,
                2.0
              ],
              "pivot": [
                3.1348,
                32.0,
                -10.05671
              ],
              "rotation": [
                0.0,
                -7.5,
                0.0
              ],
              "uv": [
                20,
                37
              ],
              "inflate": 0,
              "mirror": true
            },
            {
              "origin": [
                -4.71312,
                30.5,
                -11.15157
              ],
              "size": [
                3.0,
                3.0,
                1.0
              ],
              "pivot": [
                -3.21312,
                32.0,
                -10.65157
              ],
              "rotation": [
                0.0,
                7.5,
                0.0
              ],
              "uv": [
                0,
                6
              ],
              "inflate": 0
            },
            {
              "origin": [
                1.71312,
                30.5,
                -11.15157
              ],
              "size": [
                3.0,
                3.0,
                1.0
              ],
              "pivot": [
                3.21312,
                32.0,
                -10.65157
              ],
              "rotation": [
                0.0,
                -7.5,
                0.0
              ],
              "uv": [
                0,
                6
              ],
              "inflate": 0,
              "mirror": true
            }
          ],
          "parent": "Body"
        },
        {
          "name": "Rightarm",
          "pivot": [
            -5,
            23,
            -5
          ],
          "cubes": [
            {
              "origin": [
                -9.0,
                17.0,
                -7.0
              ],
              "size": [
                4.0,
                7.0,
                4.0
              ],
              "uv": [
                0,
                50
              ],
              "inflate": 0
            },
            {
              "origin": [
                -8.5065,
                0.00771,
                -8.08441
              ],
              "size": [
                4.08,
                5.1,
                6.12
              ],
              "pivot": [
                -6.4665,
                2.55771,
                -5.02441
              ],
              "rotation": [
                -0.55966,
                1.96966,
                -12.34143
              ],
              "uv": [
                48,
                0
              ],
              "inflate": 0
            },
            {
              "origin": [
                -4.62549,
                0.81012,
                -8.12633
              ],
              "size": [
                2.0,
                3.0,
                6.0
              ],
              "pivot": [
                -3.62549,
                2.31012,
                -5.12633
              ],
              "rotation": [
                -0.89328,
                1.84255,
                -22.34617
              ],
              "uv": [
                44,
                59
              ],
              "inflate": 0
            },
            {
              "origin": [
                -6.62809,
                0.30067,
                -9.46344
              ],
              "size": [
                2.0,
                4.0,
                2.0
              ],
              "pivot": [
                -5.62809,
                2.30067,
                -8.46344
              ],
              "rotation": [
                -37.58837,
                -0.84385,
                -9.96338
              ],
              "uv": [
                0,
                0
              ],
              "inflate": 0
            },
            {
              "origin": [
                -9.2472,
                10.6292,
                -7.2472
              ],
              "size": [
                4.4944,
                6.7416,
                4.4944
              ],
              "uv": [
                50,
                49
              ],
              "inflate": 0
            },
            {
              "origin": [
                -9.51686,
                4.2247,
                -7.51686
              ],
              "size": [
                5.03373,
                7.55059,
                5.03373
              ],
              "uv": [
                0,
                37
              ],
              "inflate": 0
            }
          ],
          "parent": "Body"
        },
        {
          "name": "Leftarm",
          "pivot": [
            5,
            23,
            -5
          ],
          "cubes": [
            {
              "origin": [
                5.0,
                17.0,
                -7.0
              ],
              "size": [
                4.0,
                7.0,
                4.0
              ],
              "uv": [
                0,
                50
              ],
              "inflate": 0,
              "mirror": true
            },
            {
              "origin": [
                4.4265,
                0.00771,
                -8.08441
              ],
              "size": [
                4.08,
                5.1,
                6.12
              ],
              "pivot": [
                6.4665,
                2.55771,
                -5.02441
              ],
              "rotation": [
                -0.55966,
                -1.96966,
                12.34143
              ],
              "uv": [
                48,
                0
              ],
              "inflate": 0,
              "mirror": true
            },
            {
              "origin": [
                4.3041,
                -0.14529,
                -8.26801
              ],
              "size": [
                4.3248,
                5.406,
                6.4872
              ],
              "pivot": [
                6.4665,
                2.55771,
                -5.02441
              ],
              "rotation": [
                -0.55966,
                -1.96966,
                12.34143
              ],
              "uv": [
                14,
                43
              ],
              "inflate": 0
            },
            {
              "origin": [
                2.70107,
                1.19012,
                -8.15848
              ],
              "size": [
                2.0,
                3.0,
                6.0
              ],
              "pivot": [
                2.70107,
                2.69012,
                -5.15848
              ],
              "rotation": [
                -0.89328,
                -1.84255,
                22.34617
              ],
              "uv": [
                44,
                59
              ],
              "inflate": 0,
              "mirror": true
            },
            {
              "origin": [
                2.56549,
                0.72012,
                -8.30633
              ],
              "size": [
                2.12,
                3.18,
                6.36
              ],
              "pivot": [
                3.62549,
                2.31012,
                -5.12633
              ],
              "rotation": [
                -0.89328,
                -1.84255,
                22.34617
              ],
              "uv": [
                16,
                54
              ],
              "inflate": 0
            },
            {
              "origin": [
                4.70107,
                0.19012,
                -9.15848
              ],
              "size": [
                2.0,
                4.0,
                2.0
              ],
              "pivot": [
                5.70107,
                2.69012,
                -8.15848
              ],
              "rotation": [
                -37.58837,
                0.84385,
                9.96338
              ],
              "uv": [
                0,
                0
              ],
              "inflate": 0,
              "mirror": true
            },
            {
              "origin": [
                4.7528,
                10.6292,
                -7.2472
              ],
              "size": [
                4.4944,
                6.7416,
                4.4944
              ],
              "uv": [
                50,
                49
              ],
              "inflate": 0,
              "mirror": true
            },
            {
              "origin": [
                4.48314,
                4.2247,
                -7.51686
              ],
              "size": [
                5.03373,
                7.55059,
                5.03373
              ],
              "uv": [
                0,
                37
              ],
              "inflate": 0,
              "mirror": true
            }
          ],
          "parent": "Body"
        },
        {
          "name": "Rightleg",
          "pivot": [
            -4,
            8,
            9
          ],
          "cubes": [
            {
              "origin": [
                -6.0,
                0.0,
                7.0
              ],
              "size": [
                4.0,
                8.0,
                4.0
              ],
              "uv": [
                34,
                49
              ],
              "inflate": 0
            }
          ],
          "parent": "Root"
        },
        {
          "name": "Leftleg",
          "pivot": [
            4,
            8,
            9
          ],
          "cubes": [
            {
              "origin": [
                2.0,
                0.0,
                7.0
              ],
              "size": [
                4.0,
                8.0,
                4.0
              ],
              "uv": [
                34,
                49
              ],
              "inflate": 0,
              "mirror": true
            }
          ],
          "parent": "Root"
        }
      ]
    }
  ]
}