{
  "format_version": "1.12.0",
  "minecraft:geometry": [
    {
      "description": {
        "identifier": "geometry.yg_stinger_flynn",
        "texture_width": 64,
        "texture_height": 64,
        "visible_bounds_width": 4,
        "visible_bounds_height": 3.5,
        "visible_bounds_offset": [
          0,
          1.25,
          0
        ]
      },
      "bones": [
        {
          "name": "Root"
        },
        {
          "name": "Body",
          "pivot": [
            0,
            22,
            0
          ],
          "cubes": [
            {
              "origin": [
                -2.0,
                22.0,
                -6.0
              ],
              "size": [
                4.0,
                4.0,
                1.0
              ],
              "uv": [
                0,
                16
              ],
              "inflate": 0
            },
            {
              "origin": [
                -1.59,
                22.41,
                -6.23
              ],
              "size": [
                3.18,
                3.18,
                1.06
              ],
              "uv": [
                8,
                35
              ],
              "inflate": 0
            },
            {
              "origin": [
                -5.0,
                18.0,
                -5.0
              ],
              "size": [
                10.0,
                9.0,
                10.0
              ],
              "uv": [
                0,
                16
              ],
              "inflate": 0
            },
            {
              "origin": [
                -5.5,
                17.0,
                -5.5
              ],
              "size": [
                11.0,
                5.0,
                11.0
              ],
              "uv": [
                0,
                0
              ],
              "inflate": 0
            }
          ],
          "parent": "Root"
        },
        {
          "name": "Arm",
          "pivot": [
            -1.57217,
            18.73364,
            0
          ],
          "cubes": [
            {
              "origin": [
                -7.77962,
                15.81307,
                -1.0
              ],
              "size": [
                8.0,
                2.0,
                2.0
              ],
              "pivot": [
                -3.77962,
                16.81307,
                0.0
              ],
              "rotation": [
                0.0,
                0.0,
                -32.5
              ],
              "uv": [
                30,
                16
              ],
              "inflate": 0
            },
            {
              "origin": [
                -10.61589,
                13.82048,
                -1.0
              ],
              "size": [
                4.0,
                2.0,
                2.0
              ],
              "uv": [
                33,
                4
              ],
              "inflate": 0
            },
            {
              "origin": [
                -14.68707,
                15.00713,
                -1.0
              ],
              "size": [
                5.0,
                2.0,
                2.0
              ],
              "pivot": [
                -12.18707,
                16.00713,
                0.0
              ],
              "rotation": [
                0.0,
                0.0,
                32.5
              ],
              "uv": [
                33,
                0
              ],
              "inflate": 0
            },
            {
              "origin": [
                -17.48308,
                18.19537,
                -1.0
              ],
              "size": [
                5.0,
                2.0,
                2.0
              ],
              "pivot": [
                -14.98308,
                19.19537,
                0.0
              ],
              "rotation": [
                0.0,
                0.0,
                65.0
              ],
              "uv": [
                33,
                0
              ],
              "inflate": 0
            },
            {
              "origin": [
                -21.29518,
                20.83216,
                -1.0
              ],
              "size": [
                6.0,
                2.0,
                2.0
              ],
              "pivot": [
                -18.29518,
                21.83216,
                0.0
              ],
              "rotation": [
                0.0,
                0.0,
                17.5
              ],
              "uv": [
                30,
                20
              ],
              "inflate": 0
            }
          ],
          "parent": "Body"
        },
        {
          "name": "Arm2",
          "pivot": [
            1.57217,
            18.73364,
            0
          ],
          "cubes": [
            {
              "origin": [
                -0.22038,
                15.81307,
                -1.0
              ],
              "size": [
                8.0,
                2.0,
                2.0
              ],
              "pivot": [
                3.77962,
                16.81307,
                0.0
              ],
              "rotation": [
                0.0,
                0.0,
                32.5
              ],
              "uv": [
                30,
                16
              ],
              "inflate": 0,
              "mirror": true
            },
            {
              "origin": [
                6.61589,
                13.82048,
                -1.0
              ],
              "size": [
                4.0,
                2.0,
                2.0
              ],
              "uv": [
                33,
                4
              ],
              "inflate": 0,
              "mirror": true
            },
            {
              "origin": [
                9.68707,
                15.00713,
                -1.0
              ],
              "size": [
                5.0,
                2.0,
                2.0
              ],
              "pivot": [
                12.18707,
                16.00713,
                0.0
              ],
              "rotation": [
                0.0,
                0.0,
                -32.5
              ],
              "uv": [
                33,
                0
              ],
              "inflate": 0,
              "mirror": true
            },
            {
              "origin": [
                12.48308,
                18.19537,
                -1.0
              ],
              "size": [
                5.0,
                2.0,
                2.0
              ],
              "pivot": [
                14.98308,
                19.19537,
                0.0
              ],
              "rotation": [
                0.0,
                0.0,
                -65.0
              ],
              "uv": [
                33,
                0
              ],
              "inflate": 0,
              "mirror": true
            },
            {
              "origin": [
                15.29518,
                20.83216,
                -1.0
              ],
              "size": [
                6.0,
                2.0,
                2.0
              ],
              "pivot": [
                18.29518,
                21.83216,
                0.0
              ],
              "rotation": [
                0.0,
                0.0,
                -17.5
              ],
              "uv": [
                30,
                20
              ],
              "inflate": 0,
              "mirror": true
            }
          ],
          "parent": "Body"
        },
        {
          "name": "Leg",
          "pivot": [
            -3.60246,
            18.06134,
            -3.06471
          ],
          "cubes": [
            {
              "origin": [
                -5.0,
                14.0,
                -4.0
              ],
              "size": [
                2.0,
                8.0,
                2.0
              ],
              "pivot": [
                -4.0,
                18.0,
                -3.0
              ],
              "rotation": [
                0.0,
                0.0,
                10.0
              ],
              "uv": [
                0,
                0
              ],
              "inflate": 0
            },
            {
              "origin": [
                -5.55247,
                11.32728,
                -4.0
              ],
              "size": [
                2.0,
                3.0,
                2.0
              ],
              "pivot": [
                -4.55247,
                12.82728,
                -3.0
              ],
              "rotation": [
                0.0,
                0.0,
                -5.0
              ],
              "uv": [
                0,
                21
              ],
              "inflate": 0
            },
            {
              "origin": [
                -5.7809,
                7.59557,
                -4.0868
              ],
              "size": [
                2.0,
                4.0,
                2.0
              ],
              "pivot": [
                -4.7809,
                9.59557,
                -3.0868
              ],
              "rotation": [
                -1.74734,
                -1.43562,
                9.85143
              ],
              "uv": [
                0,
                35
              ],
              "inflate": 0
            },
            {
              "origin": [
                -6.07648,
                -0.17748,
                -4.17204
              ],
              "size": [
                2.0,
                8.0,
                2.0
              ],
              "uv": [
                0,
                0
              ],
              "inflate": 0
            }
          ],
          "parent": "Root"
        },
        {
          "name": "Leg2",
          "pivot": [
            -3.60246,
            18.06134,
            2.93529
          ],
          "cubes": [
            {
              "origin": [
                -5.0,
                14.0,
                2.0
              ],
              "size": [
                2.0,
                8.0,
                2.0
              ],
              "pivot": [
                -4.0,
                18.0,
                3.0
              ],
              "rotation": [
                0.0,
                0.0,
                10.0
              ],
              "uv": [
                0,
                0
              ],
              "inflate": 0
            },
            {
              "origin": [
                -5.55247,
                11.32728,
                2.0
              ],
              "size": [
                2.0,
                3.0,
                2.0
              ],
              "pivot": [
                -4.55247,
                12.82728,
                3.0
              ],
              "rotation": [
                0.0,
                0.0,
                -5.0
              ],
              "uv": [
                0,
                21
              ],
              "inflate": 0
            },
            {
              "origin": [
                -5.7809,
                7.59557,
                1.9132
              ],
              "size": [
                2.0,
                4.0,
                2.0
              ],
              "pivot": [
                -4.7809,
                9.59557,
                2.9132
              ],
              "rotation": [
                -1.74734,
                -1.43562,
                9.85143
              ],
              "uv": [
                0,
                35
              ],
              "inflate": 0
            },
            {
              "origin": [
                -6.07648,
                -0.17748,
                1.82796
              ],
              "size": [
                2.0,
                8.0,
                2.0
              ],
              "uv": [
                0,
                0
              ],
              "inflate": 0
            }
          ],
          "parent": "Root"
        },
        {
          "name": "Leg3",
          "pivot": [
            3.60246,
            18.06134,
            -3.06471
          ],
          "cubes": [
            {
              "origin": [
                3.0,
                14.0,
                -4.0
              ],
              "size": [
                2.0,
                8.0,
                2.0
              ],
              "pivot": [
                4.0,
                18.0,
                -3.0
              ],
              "rotation": [
                0.0,
                0.0,
                -10.0
              ],
              "uv": [
                0,
                0
              ],
              "inflate": 0,
              "mirror": true
            },
            {
              "origin": [
                3.55247,
                11.32728,
                -4.0
              ],
              "size": [
                2.0,
                3.0,
                2.0
              ],
              "pivot": [
                4.55247,
                12.82728,
                -3.0
              ],
              "rotation": [
                0.0,
                0.0,
                5.0
              ],
              "uv": [
                0,
                21
              ],
              "inflate": 0,
              "mirror": true
            },
            {
              "origin": [
                3.7809,
                7.59557,
                -4.0868
              ],
              "size": [
                2.0,
                4.0,
                2.0
              ],
              "pivot": [
                4.7809,
                9.59557,
                -3.0868
              ],
              "rotation": [
                -1.74734,
                1.43562,
                -9.85143
              ],
              "uv": [
                0,
                35
              ],
              "inflate": 0,
              "mirror": true
            },
            {
              "origin": [
                4.07648,
                -0.17748,
                -4.17204
              ],
              "size": [
                2.0,
                8.0,
                2.0
              ],
              "uv": [
                0,
                0
              ],
              "inflate": 0,
              "mirror": true
            }
          ],
          "parent": "Root"
        },
        {
          "name": "Leg4",
          "pivot": [
            3.60246,
            18.06134,
            2.93529
          ],
          "cubes": [
            {
              "origin": [
                3.0,
                14.0,
                2.0
              ],
              "size": [
                2.0,
                8.0,
                2.0
              ],
              "pivot": [
                4.0,
                18.0,
                3.0
              ],
              "rotation": [
                0.0,
                0.0,
                -10.0
              ],
              "uv": [
                0,
                0
              ],
              "inflate": 0,
              "mirror": true
            },
            {
              "origin": [
                3.55247,
                11.32728,
                2.0
              ],
              "size": [
                2.0,
                3.0,
                2.0
              ],
              "pivot": [
                4.55247,
                12.82728,
                3.0
              ],
              "rotation": [
                0.0,
                0.0,
                5.0
              ],
              "uv": [
                0,
                21
              ],
              "inflate": 0,
              "mirror": true
            },
            {
              "origin": [
                3.7809,
                7.59557,
                1.9132
              ],
              "size": [
                2.0,
                4.0,
                2.0
              ],
              "pivot": [
                4.7809,
                9.59557,
                2.9132
              ],
              "rotation": [
                -1.74734,
                1.43562,
                -9.85143
              ],
              "uv": [
                0,
                35
              ],
              "inflate": 0,
              "mirror": true
            },
            {
              "origin": [
                4.07648,
                -0.17748,
                1.82796
              ],
              "size": [
                2.0,
                8.0,
                2.0
              ],
              "uv": [
                0,
                0
              ],
              "inflate": 0,
              "mirror": true
            }
          ],
          "parent": "Root"
        }
      ]
    }
  ]
}