{
  "format_version": "1.12.0",
  "minecraft:geometry": [
    {
      "description": {
        "identifier": "geometry.mr_evil_baby",
        "texture_width": 128,
        "texture_height": 128,
        "visible_bounds_width": 3,
        "visible_bounds_height": 3.5,
        "visible_bounds_offset": [
          0,
          1.25,
          0
        ]
      },
      "bones": [
        {
          "name": "Root",
          "pivot": [
            0,
            2,
            0
          ]
        },
        {
          "name": "Body",
          "pivot": [
            0,
            24,
            1
          ],
          "cubes": [
            {
              "origin": [
                -3.75,
                17.0,
                -2.75
              ],
              "size": [
                7.5,
                7.0,
                7.5
              ],
              "uv": [
                0,
                34
              ],
              "inflate": 0
            }
          ],
          "parent": "Root"
        },
        {
          "name": "bone2",
          "pivot": [
            0,
            17,
            1
          ],
          "cubes": [
            {
              "origin": [
                -3.5,
                12.0,
                -2.5
              ],
              "size": [
                7.0,
                5.0,
                7.0
              ],
              "uv": [
                33,
                13
              ],
              "inflate": 0
            }
          ],
          "parent": "Body"
        },
        {
          "name": "bone3",
          "pivot": [
            0,
            12,
            1
          ],
          "cubes": [
            {
              "origin": [
                -2.5,
                8.0,
                -1.5
              ],
              "size": [
                5.0,
                4.0,
                5.0
              ],
              "uv": [
                23,
                46
              ],
              "inflate": 0
            },
            {
              "origin": [
                -1.5,
                6.0,
                -0.5
              ],
              "size": [
                3.0,
                3.0,
                3.0
              ],
              "uv": [
                10,
                48
              ],
              "inflate": 0
            }
          ],
          "parent": "bone2"
        },
        {
          "name": "bone4",
          "pivot": [
            0,
            2,
            0
          ],
          "cubes": [
            {
              "origin": [
                -2.5,
                2.0,
                1.0
              ],
              "size": [
                5.0,
                6.0,
                0.0
              ],
              "uv": [
                48,
                25
              ],
              "inflate": 0
            },
            {
              "origin": [
                0.0,
                2.0,
                -1.5
              ],
              "size": [
                0.0,
                6.0,
                5.0
              ],
              "uv": [
                0,
                43
              ],
              "inflate": 0
            }
          ],
          "parent": "bone3"
        },
        {
          "name": "Ver",
          "pivot": [
            0,
            21,
            4
          ],
          "cubes": [
            {
              "origin": [
                -10.0,
                20.0,
                2.0
              ],
              "size": [
                20.0,
                20.0,
                0.0
              ],
              "pivot": [
                0.0,
                2.0,
                0.0
              ],
              "rotation": [
                -5.0,
                0.0,
                0.0
              ],
              "uv": [
                0,
                0
              ],
              "inflate": 0
            }
          ],
          "parent": "Body"
        },
        {
          "name": "Head",
          "pivot": [
            0,
            24,
            1
          ],
          "cubes": [
            {
              "origin": [
                -4.0,
                27.0,
                -4.0
              ],
              "size": [
                8.0,
                6.0,
                8.0
              ],
              "uv": [
                0,
                20
              ],
              "inflate": 0
            },
            {
              "origin": [
                -3.85,
                25.5,
                -3.85
              ],
              "size": [
                7.7,
                2.0,
                7.7
              ],
              "uv": [
                40,
                0
              ],
              "inflate": 0
            }
          ],
          "parent": "Body"
        },
        {
          "name": "bone6",
          "pivot": [
            0,
            30,
            -4
          ],
          "cubes": [
            {
              "origin": [
                -4.0,
                27.0,
                -4.1
              ],
              "size": [
                8.0,
                6.0,
                0.0
              ],
              "uv": [
                43,
                46
              ],
              "inflate": 0
            }
          ],
          "parent": "Head"
        },
        {
          "name": "bone",
          "pivot": [
            0,
            27,
            2
          ],
          "cubes": [
            {
              "origin": [
                -4.0,
                24.0,
                -4.0
              ],
              "size": [
                8.0,
                3.0,
                8.0
              ],
              "uv": [
                24,
                26
              ],
              "inflate": 0
            },
            {
              "origin": [
                -3.75,
                26.5,
                -3.75
              ],
              "size": [
                7.5,
                2.0,
                7.5
              ],
              "uv": [
                28,
                37
              ],
              "inflate": 0
            }
          ],
          "parent": "Head",
          "rotation": [
            17.5,
            0,
            0
          ]
        }
      ]
    }
  ]
}