{
  "format_version": "1.12.0",
  "minecraft:geometry": [
    {
      "description": {
        "identifier": "geometry.mr_robot",
        "texture_width": 128,
        "texture_height": 128,
        "visible_bounds_width": 2,
        "visible_bounds_height": 3.5,
        "visible_bounds_offset": [
          0,
          1.25,
          0
        ]
      },
      "bones": [
        {
          "name": "Body",
          "cubes": [
            {
              "origin": [
                -5.0,
                10.0,
                -5.0
              ],
              "size": [
                10.0,
                7.0,
                10.0
              ],
              "uv": [
                0,
                20
              ],
              "inflate": 0
            },
            {
              "origin": [
                -4.75,
                5.0,
                -4.75
              ],
              "size": [
                9.5,
                5.0,
                9.5
              ],
              "uv": [
                31,
                28
              ],
              "inflate": 0
            },
            {
              "origin": [
                -1.0,
                13.0,
                -5.1
              ],
              "size": [
                2.0,
                3.0,
                0.0
              ],
              "uv": [
                0,
                9
              ],
              "inflate": 0
            }
          ]
        },
        {
          "name": "bone3",
          "pivot": [
            5,
            16,
            0
          ],
          "cubes": [
            {
              "origin": [
                5.0,
                8.0,
                -3.0
              ],
              "size": [
                1.0,
                8.0,
                6.0
              ],
              "uv": [
                14,
                37
              ],
              "inflate": 0
            }
          ],
          "parent": "Body",
          "rotation": [
            0,
            0,
            -5
          ]
        },
        {
          "name": "bone",
          "pivot": [
            0,
            4,
            0
          ],
          "cubes": [
            {
              "origin": [
                -4.0,
                2.0,
                -4.0
              ],
              "size": [
                8.0,
                2.0,
                8.0
              ],
              "uv": [
                36,
                0
              ],
              "inflate": 0
            }
          ],
          "parent": "Body"
        },
        {
          "name": "bone4",
          "pivot": [
            -5,
            16,
            0
          ],
          "cubes": [
            {
              "origin": [
                -6.0,
                8.0,
                -3.0
              ],
              "size": [
                1.0,
                8.0,
                6.0
              ],
              "uv": [
                0,
                37
              ],
              "inflate": 0
            }
          ],
          "parent": "Body",
          "rotation": [
            0,
            0,
            5
          ]
        },
        {
          "name": "Head",
          "pivot": [
            0,
            17,
            0
          ],
          "cubes": [
            {
              "origin": [
                -6.0,
                17.0,
                -6.0
              ],
              "size": [
                12.0,
                8.0,
                12.0
              ],
              "uv": [
                0,
                0
              ],
              "inflate": 0
            },
            {
              "origin": [
                -4.5,
                19.0,
                -6.1
              ],
              "size": [
                3.0,
                3.0,
                0.0
              ],
              "uv": [
                4,
                7
              ],
              "inflate": 0
            },
            {
              "origin": [
                1.5,
                19.0,
                -6.1
              ],
              "size": [
                3.0,
                3.0,
                0.0
              ],
              "uv": [
                4,
                4
              ],
              "inflate": 0
            }
          ],
          "parent": "Body"
        },
        {
          "name": "bone2",
          "pivot": [
            0,
            25,
            0
          ],
          "cubes": [
            {
              "origin": [
                -0.5,
                23.0,
                -0.5
              ],
              "size": [
                1.0,
                8.0,
                1.0
              ],
              "uv": [
                0,
                0
              ],
              "inflate": 0
            },
            {
              "origin": [
                -1.0,
                30.0,
                -1.0
              ],
              "size": [
                2.0,
                2.0,
                2.0
              ],
              "uv": [
                4,
                0
              ],
              "inflate": 0
            }
          ],
          "parent": "Head"
        }
      ]
    }
  ]
}