{
  "format_version": "1.12.0",
  "minecraft:geometry": [
    {
      "description": {
        "identifier": "geometry.mr_yellow_baby",
        "texture_width": 64,
        "texture_height": 64,
        "visible_bounds_width": 2,
        "visible_bounds_height": 2.5,
        "visible_bounds_offset": [
          0,
          0.75,
          0
        ]
      },
      "bones": [
        {
          "name": "Root",
          "pivot": [
            0,
            0,
            2
          ]
        },
        {
          "name": "LeftLeg",
          "pivot": [
            1.5,
            1,
            2
          ],
          "cubes": [
            {
              "origin": [
                0.5,
                0.0,
                -5.0
              ],
              "size": [
                2.0,
                2.0,
                7.0
              ],
              "uv": [
                15,
                16
              ],
              "inflate": 0
            },
            {
              "origin": [
                0.4,
                -0.1,
                -5.1
              ],
              "size": [
                2.2,
                2.2,
                1.6
              ],
              "uv": [
                0,
                0
              ],
              "inflate": 0
            }
          ],
          "parent": "Root",
          "rotation": [
            0,
            -5,
            0
          ]
        },
        {
          "name": "RightLeg",
          "pivot": [
            -1.5,
            1,
            2
          ],
          "cubes": [
            {
              "origin": [
                -2.5,
                0.0,
                -5.0
              ],
              "size": [
                2.0,
                2.0,
                7.0
              ],
              "uv": [
                15,
                16
              ],
              "inflate": 0
            },
            {
              "origin": [
                -2.6,
                -0.1,
                -5.1
              ],
              "size": [
                2.2,
                2.2,
                1.6
              ],
              "uv": [
                0,
                0
              ],
              "inflate": 0
            }
          ],
          "parent": "Root",
          "rotation": [
            0,
            5,
            0
          ]
        },
        {
          "name": "Body",
          "pivot": [
            0,
            1,
            2
          ],
          "cubes": [
            {
              "origin": [
                -3.0,
                2.0,
                -0.5
              ],
              "size": [
                6.0,
                6.0,
                5.0
              ],
              "uv": [
                0,
                12
              ],
              "inflate": 0
            },
            {
              "origin": [
                -2.75,
                0.0,
                -0.25
              ],
              "size": [
                5.5,
                2.0,
                4.5
              ],
              "uv": [
                0,
                23
              ],
              "inflate": 0
            },
            {
              "origin": [
                -1.5,
                7.0,
                0.5
              ],
              "size": [
                3.0,
                2.0,
                3.0
              ],
              "uv": [
                21,
                9
              ],
              "inflate": 0
            }
          ],
          "parent": "Root"
        },
        {
          "name": "Head",
          "pivot": [
            0,
            9,
            2
          ],
          "cubes": [
            {
              "origin": [
                -3.0,
                8.5,
                -1.0
              ],
              "size": [
                6.0,
                6.0,
                6.0
              ],
              "uv": [
                0,
                0
              ],
              "inflate": 0
            }
          ],
          "parent": "Body"
        },
        {
          "name": "RightArm",
          "pivot": [
            -3,
            8,
            2
          ],
          "cubes": [
            {
              "origin": [
                -4.0,
                4.0,
                1.0
              ],
              "size": [
                2.0,
                4.0,
                2.0
              ],
              "uv": [
                26,
                14
              ],
              "inflate": 0
            }
          ],
          "parent": "Body",
          "rotation": [
            2.5,
            0,
            10
          ]
        },
        {
          "name": "bone",
          "pivot": [
            -3,
            4,
            2
          ],
          "cubes": [
            {
              "origin": [
                -4.0,
                0.0,
                1.0
              ],
              "size": [
                2.0,
                4.0,
                2.0
              ],
              "uv": [
                26,
                25
              ],
              "inflate": 0
            }
          ],
          "parent": "RightArm"
        },
        {
          "name": "LeftArm",
          "pivot": [
            3,
            8,
            2
          ],
          "cubes": [
            {
              "origin": [
                2.0,
                4.0,
                1.0
              ],
              "size": [
                2.0,
                4.0,
                2.0
              ],
              "uv": [
                28,
                3
              ],
              "inflate": 0
            }
          ],
          "parent": "Body",
          "rotation": [
            2.5,
            0,
            -10
          ]
        },
        {
          "name": "bone2",
          "pivot": [
            3,
            4,
            2
          ],
          "cubes": [
            {
              "origin": [
                2.0,
                0.0,
                1.0
              ],
              "size": [
                2.0,
                4.0,
                2.0
              ],
              "uv": [
                18,
                25
              ],
              "inflate": 0
            }
          ],
          "parent": "LeftArm"
        }
      ]
    }
  ]
}