{
	"format_version": "1.8.0",
	"animations": {
		"animation.Flashlight_ag1.pic": {
			"animation_length": 0.75,
			"bones": {
				"rightitem": {
					"rotation": {
						"0.0833": {
							"pre": [20, 0, 0],
							"post": [20, 0, 0],
							"lerp_mode": "catmullrom"
						},
						"0.1667": {
							"post": [30, 0, 0],
							"lerp_mode": "catmullrom"
						},
						"0.3333": {
							"post": [-10, 0, 0],
							"lerp_mode": "catmullrom"
						},
						"0.5": {
							"post": [-20, 0, 0],
							"lerp_mode": "catmullrom"
						},
						"0.6667": {
							"post": [10, 0, 0],
							"lerp_mode": "catmullrom"
						},
						"0.75": {
							"post": [0, 0, 0],
							"lerp_mode": "catmullrom"
						}
					},
					"position": {
						"0.0833": {
							"pre": [0, -2, 0],
							"post": [0, -2, 0],
							"lerp_mode": "catmullrom"
						},
						"0.1667": {
							"post": [0, 0, 0],
							"lerp_mode": "catmullrom"
						},
						"0.3333": {
							"post": [0, 1, 0],
							"lerp_mode": "catmullrom"
						},
						"0.5": {
							"post": [0, 0, 0],
							"lerp_mode": "catmullrom"
						},
						"0.6667": {
							"post": [0, -1, 0],
							"lerp_mode": "catmullrom"
						},
						"0.75": {
							"post": [0, 0, 0],
							"lerp_mode": "catmullrom"
						}
					}
				}
			}
		},
		"animation.Flashlight_ag1.gra": {
			"loop": true,
			"bones": {
				"rightitem": {
					"rotation": ["c.is_first_person ? 90 : 90", "c.is_first_person ? 62.5 : 0.0", "c.is_first_person ? -50 : 0.0"],
					"position": ["c.is_first_person ? 1.0 : 1.1", "c.is_first_person ? -2.5 : -3.0", "c.is_first_person ? 2.0 : -3.0"]
				}
			}
		}
	}
}