{
  "format_version": "1.8.0",
  "animations": {
    "animation.Mb_ag1.gen": {
      "loop": true,
      "animation_length": 4,
      "bones": {
        "rightitem": {
          "rotation": [
            40,
            0,
            0
          ],
          "position": [
            0,
            -4,
            0
          ]
        },
        "Book": {
          "rotation": {
            "0.0": {
              "post": [
                0,
                0,
                20
              ],
              "lerp_mode": "catmullrom"
            },
            "1.0": {
              "post": [
                0,
                0,
                25
              ],
              "lerp_mode": "catmullrom"
            },
            "2.0": {
              "post": [
                0,
                0,
                20
              ],
              "lerp_mode": "catmullrom"
            },
            "3.0": {
              "post": [
                0,
                0,
                15
              ],
              "lerp_mode": "catmullrom"
            },
            "4.0": {
              "post": [
                0,
                0,
                20
              ],
              "lerp_mode": "catmullrom"
            }
          }
        },
        "Paper": {
          "rotation": {
            "0.0": {
              "post": [
                0,
                0,
                10
              ],
              "lerp_mode": "catmullrom"
            },
            "1.0": {
              "post": [
                0,
                0,
                15
              ],
              "lerp_mode": "catmullrom"
            },
            "2.0": {
              "post": [
                0,
                0,
                15
              ],
              "lerp_mode": "catmullrom"
            },
            "3.0": {
              "post": [
                0,
                0,
                5
              ],
              "lerp_mode": "catmullrom"
            },
            "4.0": {
              "post": [
                0,
                0,
                10
              ],
              "lerp_mode": "catmullrom"
            }
          }
        },
        "Book2": {
          "rotation": {
            "0.0": {
              "post": [
                0,
                0,
                -20
              ],
              "lerp_mode": "catmullrom"
            },
            "1.0": {
              "post": [
                0,
                0,
                -15
              ],
              "lerp_mode": "catmullrom"
            },
            "2.0": {
              "post": [
                0,
                0,
                -20
              ],
              "lerp_mode": "catmullrom"
            },
            "3.0": {
              "post": [
                0,
                0,
                -25
              ],
              "lerp_mode": "catmullrom"
            },
            "4.0": {
              "post": [
                0,
                0,
                -20
              ],
              "lerp_mode": "catmullrom"
            }
          }
        },
        "Paper2": {
          "rotation": {
            "0.0": {
              "post": [
                0,
                0,
                -10
              ],
              "lerp_mode": "catmullrom"
            },
            "1.0": {
              "post": [
                0,
                0,
                -5
              ],
              "lerp_mode": "catmullrom"
            },
            "2.0": {
              "post": [
                0,
                0,
                -15
              ],
              "lerp_mode": "catmullrom"
            },
            "3.0": {
              "post": [
                0,
                0,
                -15
              ],
              "lerp_mode": "catmullrom"
            },
            "4.0": {
              "post": [
                0,
                0,
                -10
              ],
              "lerp_mode": "catmullrom"
            }
          }
        }
      }
    },
    "animation.Mb_ag1.ope": {
      "animation_length": 1.08333,
      "bones": {
        "rightitem": {
          "rotation": {
            "0.0833": [
              0,
              0,
              0
            ],
            "0.3333": {
              "pre": [
                10,
                0,
                0
              ],
              "post": [
                10,
                0,
                0
              ],
              "lerp_mode": "catmullrom"
            },
            "0.5": {
              "post": [
                10,
                0,
                0
              ],
              "lerp_mode": "catmullrom"
            },
            "0.625": {
              "post": [
                0,
                0,
                0
              ],
              "lerp_mode": "catmullrom"
            },
            "0.75": {
              "post": [
                -10,
                0,
                0
              ],
              "lerp_mode": "catmullrom"
            },
            "0.9167": {
              "post": [
                0,
                0,
                0
              ],
              "lerp_mode": "catmullrom"
            },
            "1.0833": [
              0,
              0,
              0
            ]
          },
          "position": {
            "0.0833": [
              0,
              0,
              0
            ],
            "0.3333": {
              "pre": [
                0,
                1,
                0
              ],
              "post": [
                0,
                1,
                0
              ],
              "lerp_mode": "catmullrom"
            },
            "0.5": {
              "post": [
                0,
                1,
                0
              ],
              "lerp_mode": "catmullrom"
            },
            "0.625": {
              "post": [
                0,
                0,
                0
              ],
              "lerp_mode": "catmullrom"
            },
            "0.75": {
              "post": [
                0,
                -1,
                0
              ],
              "lerp_mode": "catmullrom"
            },
            "0.9167": {
              "post": [
                0,
                0,
                0
              ],
              "lerp_mode": "catmullrom"
            },
            "1.0833": [
              0,
              0,
              0
            ]
          }
        },
        "Book": {
          "rotation": {
            "0.0833": [
              0,
              0,
              70
            ],
            "0.3333": [
              0,
              0,
              70
            ],
            "0.5": [
              0,
              0,
              70
            ],
            "0.625": [
              0,
              0,
              0
            ],
            "0.75": {
              "pre": [
                0,
                0,
                -10
              ],
              "post": [
                0,
                0,
                -10
              ],
              "lerp_mode": "catmullrom"
            },
            "0.9167": {
              "post": [
                0,
                0,
                0
              ],
              "lerp_mode": "catmullrom"
            },
            "1.0833": [
              0,
              0,
              0
            ]
          }
        },
        "Paper": {
          "rotation": {
            "0.0833": [
              0,
              0,
              -10
            ],
            "0.3333": {
              "pre": [
                0,
                0,
                -10
              ],
              "post": [
                0,
                0,
                -10
              ],
              "lerp_mode": "catmullrom"
            },
            "0.5": {
              "post": [
                0,
                0,
                -10
              ],
              "lerp_mode": "catmullrom"
            },
            "0.625": {
              "post": [
                0,
                0,
                -10
              ],
              "lerp_mode": "catmullrom"
            },
            "0.75": {
              "post": [
                0,
                0,
                0
              ],
              "lerp_mode": "catmullrom"
            },
            "0.9167": {
              "post": [
                0,
                0,
                0
              ],
              "lerp_mode": "catmullrom"
            },
            "1.0833": [
              0,
              0,
              0
            ]
          },
          "position": {
            "0.0833": [
              -1,
              0,
              0
            ],
            "0.3333": {
              "pre": [
                -1,
                0,
                0
              ],
              "post": [
                -1,
                0,
                0
              ],
              "lerp_mode": "catmullrom"
            },
            "0.5": {
              "post": [
                -1,
                0,
                0
              ],
              "lerp_mode": "catmullrom"
            },
            "0.625": {
              "post": [
                0,
                0,
                0
              ],
              "lerp_mode": "catmullrom"
            },
            "0.75": {
              "post": [
                0,
                0,
                0
              ],
              "lerp_mode": "catmullrom"
            },
            "0.9167": {
              "post": [
                0,
                0,
                0
              ],
              "lerp_mode": "catmullrom"
            },
            "1.0833": [
              0,
              0,
              0
            ]
          }
        },
        "Book2": {
          "rotation": {
            "0.0833": [
              0,
              0,
              -70
            ],
            "0.3333": [
              0,
              0,
              -70
            ],
            "0.5": [
              0,
              0,
              -70
            ],
            "0.625": [
              0,
              0,
              0
            ],
            "0.75": {
              "pre": [
                0,
                0,
                10
              ],
              "post": [
                0,
                0,
                10
              ],
              "lerp_mode": "catmullrom"
            },
            "0.9167": {
              "post": [
                0,
                0,
                0
              ],
              "lerp_mode": "catmullrom"
            },
            "1.0833": [
              0,
              0,
              0
            ]
          }
        },
        "Paper2": {
          "rotation": {
            "0.0833": [
              0,
              0,
              10
            ],
            "0.3333": {
              "pre": [
                0,
                0,
                10
              ],
              "post": [
                0,
                0,
                10
              ],
              "lerp_mode": "catmullrom"
            },
            "0.5": {
              "post": [
                0,
                0,
                10
              ],
              "lerp_mode": "catmullrom"
            },
            "0.625": {
              "post": [
                0,
                0,
                10
              ],
              "lerp_mode": "catmullrom"
            },
            "0.75": {
              "post": [
                0,
                0,
                0
              ],
              "lerp_mode": "catmullrom"
            },
            "0.9167": {
              "post": [
                0,
                0,
                0
              ],
              "lerp_mode": "catmullrom"
            },
            "1.0833": [
              0,
              0,
              0
            ]
          },
          "position": {
            "0.0833": [
              1,
              0,
              0
            ],
            "0.3333": {
              "pre": [
                1,
                0,
                0
              ],
              "post": [
                1,
                0,
                0
              ],
              "lerp_mode": "catmullrom"
            },
            "0.5": {
              "post": [
                1,
                0,
                0
              ],
              "lerp_mode": "catmullrom"
            },
            "0.625": {
              "post": [
                0,
                0,
                0
              ],
              "lerp_mode": "catmullrom"
            },
            "0.75": {
              "post": [
                0,
                0,
                0
              ],
              "lerp_mode": "catmullrom"
            },
            "0.9167": {
              "post": [
                0,
                0,
                0
              ],
              "lerp_mode": "catmullrom"
            },
            "1.0833": [
              0,
              0,
              0
            ]
          }
        },
        "Paper3": {
          "position": {
            "0.0833": [
              -1,
              0,
              0
            ],
            "0.3333": {
              "pre": [
                -1,
                0,
                0
              ],
              "post": [
                -1,
                0,
                0
              ],
              "lerp_mode": "catmullrom"
            },
            "0.5": {
              "post": [
                -1,
                0,
                0
              ],
              "lerp_mode": "catmullrom"
            },
            "0.625": {
              "post": [
                0,
                0,
                0
              ],
              "lerp_mode": "catmullrom"
            },
            "0.75": {
              "post": [
                0,
                0,
                0
              ],
              "lerp_mode": "catmullrom"
            },
            "0.9167": {
              "post": [
                0,
                0,
                0
              ],
              "lerp_mode": "catmullrom"
            },
            "1.0833": [
              0,
              0,
              0
            ]
          }
        },
        "Paper4": {
          "position": {
            "0.0833": [
              1,
              0,
              0
            ],
            "0.3333": {
              "pre": [
                1,
                0,
                0
              ],
              "post": [
                1,
                0,
                0
              ],
              "lerp_mode": "catmullrom"
            },
            "0.5": {
              "post": [
                1,
                0,
                0
              ],
              "lerp_mode": "catmullrom"
            },
            "0.625": {
              "post": [
                0,
                0,
                0
              ],
              "lerp_mode": "catmullrom"
            },
            "0.75": {
              "post": [
                0,
                0,
                0
              ],
              "lerp_mode": "catmullrom"
            },
            "0.9167": {
              "post": [
                0,
                0,
                0
              ],
              "lerp_mode": "catmullrom"
            },
            "1.0833": [
              0,
              0,
              0
            ]
          }
        }
      }
    },
    "animation.Mb_ag1.gra": {
      "loop": true,
      "bones": {
        "rightitem": {
          "rotation": [
            "c.is_first_person ? -40 : -40",
            "c.is_first_person ? 62.5 : 0.0",
            "c.is_first_person ? -50 : 0.0"
          ],
          "position": [
            "c.is_first_person ? 0.5 : 0.5",
            "c.is_first_person ? 0.5 : 0.5",
            "c.is_first_person ? -2.0 : -6.0"
          ]
        }
      }
    }
  }
}