{
  "format_version": "1.16.100",
  "minecraft:item": {
    "description": {
      "identifier": "ic:key_normal", 
      "category": "Equipment" 
    },
    "components": {
      "minecraft:display_name": {
        "value": "§lKey"
      },
		"minecraft:durability": {
			"max_durability": 10
		},
		"minecraft:creative_category": {
        "parent": "itemGroup.name.tools"
      },
		"minecraft:on_use": {
			"on_use": {
				"event":"open"
			}		
		},
      "minecraft:stacked_by_data": false,
      "minecraft:cooldown": {
        "category": "open",
        "duration": 1.0
      },
      "minecraft:allow_off_hand": false,
      "minecraft:hand_equipped": false,
      "minecraft:max_stack_size": 1, 
      "minecraft:icon": {
        "texture": "ic:key_normal"
      }
     }, 
     "events": {
		"open": {
			"sequence": [
				{
					"damage": {
						"type": "none",
						"amount": 0,
						"target": "self"
					}, 
					"run_command": {
							"command": [
								"particle minecraft:camera_shoot_particle ^ ^ ^"
							]
						}
				}
			]
		}
	} 
  }
}