{
  "format_version": "1.10.0",
  "minecraft:attachable": {
    "description": {
      "identifier": "ic:crucifix",
      "materials": {
        "default": "entity_alphatest",
        "enchanted": "entity_alphatest_glint"
      },
      "textures": {
        "default": "textures/entity/items/ic_crucifix"
      },
      "geometry": {
        "default": "geometry.ic_crucifix"
      },
      "animations": {
        "wield": "animation.item.wield", 
        "pickup": "animation.item.pickup"
      },
      "scripts": {
        "animate": [
          "wield", 
          "pickup" 
        ]
      }, 
      "render_controllers": [ 
          "controller.render.item_default"
        ]
    }
  }
}
