{"resource_pack_name":"vanilla","texture_name":"atlas.items","texture_data":{"yg:blocks":{"textures":"textures/items/yg_blocks"},"yg:food_pack":{"textures":"textures/items/yg_food_pack"},"yg:battrey":{"textures":"textures/items/yg_battrey"},"yg:fuse":{"textures":"textures/items/yg_fuse"},"yg:rainbow_fragment":{"textures":"textures/items/yg_rainbow_fragment"},"yg:red":{"textures":"textures/items/spawn_egg/yg_red_spawn_egg"},"yg:blue":{"textures":"textures/items/spawn_egg/yg_blue_spawn_egg"},"yg:orange":{"textures":"textures/items/spawn_egg/yg_orange_spawn_egg"},"yg:green":{"textures":"textures/items/spawn_egg/yg_green_spawn_egg"},"yg:purple":{"textures":"textures/items/spawn_egg/yg_purple_spawn_egg"},"yg:purplefm":{"textures":"textures/items/spawn_egg/yg_purple_spawn_egg"},"yg:blue_cut_out":{"textures":"textures/items/yg_blue_cut_out"},"yg:pink":{"textures":"textures/items/spawn_egg/yg_pink_spawn_egg"},"yg:yellow":{"textures":"textures/items/spawn_egg/yg_yellow_spawn_egg"},"yg:teal":{"textures":"textures/items/spawn_egg/yg_teal_spawn_egg"},"yg:lime":{"textures":"textures/items/spawn_egg/yg_lime_spawn_egg"},"yg:indigo":{"textures":"textures/items/spawn_egg/yg_indigo_spawn_egg"},"yg_box":{"textures":"textures/items/yg_box"}}}