{"format_version":"1.16.100","minecraft:item":{"description":{"category":"items","identifier":"yg:box"},"components":{"minecraft:icon":{"texture":"yg_box"},"minecraft:max_stack_size":1,"minecraft:hand_equipped":true,"minecraft:allow_off_hand":true,"minecraft:foil":false,"minecraft:durability":{"max_durability":10000000000000000,"damage_chance":{"min":60,"max":100}},"minecraft:repairable":{"repair_items":[{"items":["minecraft:emerald"],"repair_amount":10},{"items":["yg:box"],"repair_amount":"context.other->query.remaining_durability + 0.2 * context.other->query.max_durability"}]},"minecraft:mining_speed":1,"minecraft:damage":0,"minecraft:enchantable":{"value":15,"slot":"sword"},"minecraft:can_destroy_in_creative":true,"minecraft:weapon":{"on_hurt_entity":{"event":"hurt"},"on_not_hurt_entity":{"event":"hurt"},"on_hit_block":{"event":"hurt"}},"minecraft:render_offsets":{"main_hand":{"third_person":{"scale":[0.1,0.1,0.1]},"first_person":{"scale":[0.037999999999977205,0.037999999999977205,0.037999999999977205]}},"off_hand":{"third_person":{"scale":[0.1,0.1,0.1]},"first_person":{"scale":[0.037999999999977205,0.037999999999977205,0.037999999999977205]}}},"minecraft:display_name":{}},"events":{"on_use_event":{"sequence":[{"damage":{"type":"magic","amount":1,"target":"self"}}]},"hurt":{"damage":{"type":"magic","amount":1,"target":"self"}}}}}