{
    "format_version": "1.10.0",
    "minecraft:client_entity": {
        "description": {
            "identifier": "pmg:blinky_d",
            "materials": {
                "default": "npc"
            },
            "textures": {
                "default": "textures/entity/blinky"
            },
            "geometry": {
                "default": "geometry.ghost"
            },
            "animations": {
                "blinky_d_died": "animation.blinky_d.died",

                "died": "controller.animation.blinky_d.died"
            },
            "scripts": {
                "animate": [
                    "died"
                ]
            },
            "render_controllers": [
                "controller.render.pm"
            ]
		}
	}
}