{
    "format_version": "1.10.0",
    "minecraft:client_entity": {
        "description": {
            "identifier": "pm:pac_man_d",
            "materials": {
                "default": "npc"
            },
            "textures": {
                "default": "textures/entity/pac_man"
            },
            "geometry": {
                "default": "geometry.pac_man"
            },
            "animations": {
                "pac_man_d_died": "animation.pac_man_d.died",

                "died": "controller.animation.pac_man_d.died"
            },
            "scripts": {
                "animate": [
                    "died"
                ]
            },
            "render_controllers": [
                "controller.render.pm"
            ]
		}
	}
}