{
  "format_version": "1.12.0",
  "minecraft:geometry": [
    {
      "description": {
        "identifier": "geometry.mr_banbaleena_v2",
        "texture_width": 64,
        "texture_height": 64,
        "visible_bounds_width": 2,
        "visible_bounds_height": 3.5,
        "visible_bounds_offset": [
          0,
          1.25,
          0
        ]
      },
      "bones": [
        {
          "name": "RightLeg",
          "pivot": [
            -2,
            12,
            0
          ],
          "cubes": [
            {
              "origin": [
                -4.0,
                7.0,
                -2.0
              ],
              "size": [
                4.0,
                5.0,
                4.0
              ],
              "uv": [
                16,
                34
              ],
              "inflate": 0
            }
          ],
          "rotation": [
            0,
            2.5,
            2.5
          ]
        },
        {
          "name": "bone",
          "pivot": [
            -2,
            7,
            0
          ],
          "cubes": [
            {
              "origin": [
                -4.0,
                1.0,
                -2.0
              ],
              "size": [
                4.0,
                6.0,
                4.0
              ],
              "uv": [
                28,
                28
              ],
              "inflate": 0
            }
          ],
          "parent": "RightLeg"
        },
        {
          "name": "bone2",
          "pivot": [
            -2,
            2,
            0
          ],
          "cubes": [
            {
              "origin": [
                -4.3,
                0.0,
                -4.2
              ],
              "size": [
                4.6,
                2.5,
                6.4
              ],
              "uv": [
                26,
                10
              ],
              "inflate": 0
            }
          ],
          "parent": "bone",
          "rotation": [
            0,
            0,
            -2.5
          ]
        },
        {
          "name": "LeftLeg",
          "pivot": [
            2,
            12,
            0
          ],
          "cubes": [
            {
              "origin": [
                0.0,
                7.0,
                -2.0
              ],
              "size": [
                4.0,
                5.0,
                4.0
              ],
              "uv": [
                0,
                34
              ],
              "inflate": 0
            }
          ],
          "rotation": [
            0,
            -2.5,
            -2.5
          ]
        },
        {
          "name": "bone3",
          "pivot": [
            2,
            7,
            0
          ],
          "cubes": [
            {
              "origin": [
                0.0,
                1.0,
                -2.0
              ],
              "size": [
                4.0,
                6.0,
                4.0
              ],
              "uv": [
                28,
                18
              ],
              "inflate": 0
            }
          ],
          "parent": "LeftLeg"
        },
        {
          "name": "bone4",
          "pivot": [
            2,
            2,
            0
          ],
          "cubes": [
            {
              "origin": [
                -0.3,
                0.0,
                -4.2
              ],
              "size": [
                4.6,
                2.5,
                6.4
              ],
              "uv": [
                24,
                0
              ],
              "inflate": 0
            }
          ],
          "parent": "bone3",
          "rotation": [
            0,
            0,
            2.5
          ]
        },
        {
          "name": "Body",
          "pivot": [
            0,
            13,
            0
          ],
          "cubes": [
            {
              "origin": [
                -4.0,
                12.0,
                -3.0
              ],
              "size": [
                8.0,
                12.0,
                6.0
              ],
              "uv": [
                0,
                16
              ],
              "inflate": 0
            }
          ]
        },
        {
          "name": "RightArm",
          "pivot": [
            -4,
            23,
            0
          ],
          "cubes": [
            {
              "origin": [
                -7.0,
                17.0,
                -1.8
              ],
              "size": [
                3.0,
                7.0,
                3.6
              ],
              "uv": [
                12,
                43
              ],
              "inflate": 0
            }
          ],
          "parent": "Body",
          "rotation": [
            2.5,
            0,
            2.5
          ]
        },
        {
          "name": "bone5",
          "pivot": [
            -6,
            17,
            0
          ],
          "cubes": [
            {
              "origin": [
                -7.2,
                11.0,
                -2.0
              ],
              "size": [
                3.4,
                6.0,
                4.0
              ],
              "uv": [
                40,
                4
              ],
              "inflate": 0
            }
          ],
          "parent": "RightArm",
          "rotation": [
            -7.5,
            0,
            0
          ]
        },
        {
          "name": "bone6",
          "pivot": [
            -5,
            11,
            0
          ],
          "cubes": [
            {
              "origin": [
                -6.7,
                8.0,
                -1.5
              ],
              "size": [
                2.4,
                3.0,
                3.0
              ],
              "uv": [
                43,
                45
              ],
              "inflate": 0
            }
          ],
          "parent": "bone5"
        },
        {
          "name": "LeftArm",
          "pivot": [
            4,
            23,
            0
          ],
          "cubes": [
            {
              "origin": [
                4.0,
                17.0,
                -1.8
              ],
              "size": [
                3.0,
                7.0,
                3.6
              ],
              "uv": [
                0,
                43
              ],
              "inflate": 0
            }
          ],
          "parent": "Body",
          "rotation": [
            2.5,
            0,
            -2.5
          ]
        },
        {
          "name": "bone7",
          "pivot": [
            6,
            17,
            0
          ],
          "cubes": [
            {
              "origin": [
                3.8,
                11.0,
                -2.0
              ],
              "size": [
                3.4,
                6.0,
                4.0
              ],
              "uv": [
                32,
                38
              ],
              "inflate": 0
            }
          ],
          "parent": "LeftArm",
          "rotation": [
            -7.5,
            0,
            0
          ]
        },
        {
          "name": "bone8",
          "pivot": [
            5,
            11,
            0
          ],
          "cubes": [
            {
              "origin": [
                4.3,
                8.0,
                -1.5
              ],
              "size": [
                2.4,
                3.0,
                3.0
              ],
              "uv": [
                24,
                45
              ],
              "inflate": 0
            }
          ],
          "parent": "bone7"
        },
        {
          "name": "Head",
          "pivot": [
            0,
            24.4,
            0
          ],
          "cubes": [
            {
              "origin": [
                -4.0,
                23.9,
                -4.0
              ],
              "size": [
                8.0,
                8.5,
                8.0
              ],
              "uv": [
                0,
                0
              ],
              "inflate": 0
            },
            {
              "origin": [
                -4.0,
                32.4,
                -1.5
              ],
              "size": [
                3.0,
                3.5,
                3.0
              ],
              "uv": [
                42,
                35
              ],
              "inflate": 0
            },
            {
              "origin": [
                -4.0,
                37.3,
                -1.5
              ],
              "size": [
                3.0,
                2.5,
                3.0
              ],
              "pivot": [
                -2.5,
                37.3,
                0.0
              ],
              "rotation": [
                0.0,
                -50.0,
                0.0
              ],
              "uv": [
                43,
                15
              ],
              "inflate": 0
            },
            {
              "origin": [
                -3.6,
                35.9,
                -1.1
              ],
              "size": [
                2.2,
                1.0,
                2.2
              ],
              "uv": [
                22,
                18
              ],
              "inflate": 0
            },
            {
              "origin": [
                -3.1,
                35.8,
                0.0
              ],
              "size": [
                1.2,
                4.0,
                0.0
              ],
              "uv": [
                26,
                2
              ],
              "inflate": 0
            },
            {
              "origin": [
                -2.5,
                35.8,
                -0.6
              ],
              "size": [
                0.0,
                4.0,
                1.2
              ],
              "uv": [
                22,
                15
              ],
              "inflate": 0
            },
            {
              "origin": [
                -4.2,
                33.5,
                -1.7
              ],
              "size": [
                3.4,
                1.0,
                3.4
              ],
              "uv": [
                38,
                0
              ],
              "inflate": 0
            },
            {
              "origin": [
                1.0,
                32.4,
                -1.5
              ],
              "size": [
                3.0,
                3.5,
                3.0
              ],
              "uv": [
                41,
                25
              ],
              "inflate": 0
            },
            {
              "origin": [
                1.0,
                37.3,
                -1.5
              ],
              "size": [
                3.0,
                2.5,
                3.0
              ],
              "pivot": [
                2.5,
                37.3,
                0.0
              ],
              "rotation": [
                0.0,
                50.0,
                0.0
              ],
              "uv": [
                44,
                20
              ],
              "inflate": 0
            },
            {
              "origin": [
                1.4,
                35.9,
                -1.1
              ],
              "size": [
                2.2,
                1.0,
                2.2
              ],
              "uv": [
                12,
                34
              ],
              "inflate": 0
            },
            {
              "origin": [
                1.9,
                35.8,
                0.0
              ],
              "size": [
                1.2,
                4.0,
                0.0
              ],
              "uv": [
                28,
                2
              ],
              "inflate": 0
            },
            {
              "origin": [
                2.5,
                35.8,
                -0.6
              ],
              "size": [
                0.0,
                4.0,
                1.2
              ],
              "uv": [
                24,
                0
              ],
              "inflate": 0
            },
            {
              "origin": [
                0.8,
                33.5,
                -1.7
              ],
              "size": [
                3.4,
                1.0,
                3.4
              ],
              "uv": [
                44,
                31
              ],
              "inflate": 0
            },
            {
              "origin": [
                -12.6,
                30.0,
                -1.6
              ],
              "size": [
                7.4,
                5.0,
                0.0
              ],
              "pivot": [
                0.0,
                0.0,
                0.0
              ],
              "rotation": [
                0.0,
                0.0,
                20.0
              ],
              "uv": [
                45,
                57
              ],
              "inflate": 0
            }
          ],
          "parent": "Body"
        },
        {
          "name": "bone10",
          "pivot": [
            -2,
            28.4,
            -4
          ],
          "cubes": [
            {
              "origin": [
                -3.2,
                27.5,
                -4.5
              ],
              "size": [
                2.4,
                2.4,
                2.0
              ],
              "uv": [
                0,
                4
              ],
              "inflate": 0
            },
            {
              "origin": [
                -3.0,
                27.7,
                -4.6
              ],
              "size": [
                2.0,
                2.0,
                0.0
              ],
              "uv": [
                26,
                0
              ],
              "inflate": 0
            }
          ],
          "parent": "Head"
        },
        {
          "name": "bone9",
          "pivot": [
            -1.6,
            26.2,
            -4
          ],
          "cubes": [
            {
              "origin": [
                -2.79216,
                23.15463,
                -4.3
              ],
              "size": [
                2.0,
                3.0,
                1.0
              ],
              "uv": [
                0,
                16
              ],
              "inflate": 0
            }
          ],
          "parent": "Head",
          "rotation": [
            -2.5,
            0,
            7.5
          ]
        },
        {
          "name": "bone11",
          "pivot": [
            2,
            28.4,
            -4
          ],
          "cubes": [
            {
              "origin": [
                0.8,
                27.5,
                -4.5
              ],
              "size": [
                2.4,
                2.4,
                2.0
              ],
              "uv": [
                0,
                0
              ],
              "inflate": 0
            },
            {
              "origin": [
                1.0,
                27.7,
                -4.6
              ],
              "size": [
                2.0,
                2.0,
                0.0
              ],
              "uv": [
                0,
                20
              ],
              "inflate": 0
            }
          ],
          "parent": "Head"
        }
      ]
    }
  ]
}