{
  "format_version": "1.12.0",
  "minecraft:geometry": [
    {
      "description": {
        "identifier": "geometry.mr_captain_head",
        "texture_width": 128,
        "texture_height": 128,
        "visible_bounds_width": 3,
        "visible_bounds_height": 3,
        "visible_bounds_offset": [
          0,
          0.5,
          0
        ]
      },
      "bones": [
        {
          "name": "Body",
          "pivot": [
            0,
            -11,
            0
          ],
          "cubes": [
            {
              "origin": [
                -12.0,
                -3.0,
                -6.0
              ],
              "size": [
                24.0,
                25.0,
                18.0
              ],
              "uv": [
                0,
                40
              ],
              "inflate": 0
            },
            {
              "origin": [
                -14.0,
                0.0,
                -7.0
              ],
              "size": [
                28.0,
                20.0,
                20.0
              ],
              "uv": [
                0,
                0
              ],
              "inflate": 0
            }
          ]
        },
        {
          "name": "bone",
          "pivot": [
            0,
            10,
            0
          ],
          "cubes": [
            {
              "origin": [
                -6.0,
                4.0,
                -8.0
              ],
              "size": [
                12.0,
                12.0,
                2.0
              ],
              "uv": [
                66,
                40
              ],
              "inflate": 0
            },
            {
              "origin": [
                -7.6,
                16.0,
                -8.3
              ],
              "size": [
                15.2,
                2.0,
                2.3
              ],
              "uv": [
                66,
                54
              ],
              "inflate": 0
            }
          ],
          "parent": "Body"
        },
        {
          "name": "bone2",
          "pivot": [
            0,
            10,
            -20
          ],
          "cubes": [
            {
              "origin": [
                -4.0,
                6.0,
                -8.1
              ],
              "size": [
                8.0,
                8.0,
                0.0
              ],
              "uv": [
                0,
                0
              ],
              "inflate": 0
            }
          ],
          "parent": "bone"
        }
      ]
    }
  ]
}