{
  "format_version": "1.12.0",
  "minecraft:geometry": [
    {
      "description": {
        "identifier": "geometry.mr_captain_arm",
        "texture_width": 128,
        "texture_height": 128,
        "visible_bounds_width": 8,
        "visible_bounds_height": 2.5,
        "visible_bounds_offset": [
          0,
          0.75,
          0
        ]
      },
      "bones": [
        {
          "name": "Root"
        },
        {
          "name": "Arm",
          "pivot": [
            0,
            0,
            38
          ],
          "cubes": [
            {
              "origin": [
                -5.0,
                0.0,
                40.0
              ],
              "size": [
                10.0,
                10.0,
                13.0
              ],
              "uv": [
                55,
                21
              ],
              "inflate": 0
            }
          ],
          "parent": "Root",
          "rotation": [
            -5,
            0,
            0
          ]
        },
        {
          "name": "bone",
          "pivot": [
            0,
            5,
            26
          ],
          "cubes": [
            {
              "origin": [
                -6.0,
                -1.0,
                22.0
              ],
              "size": [
                12.0,
                12.0,
                18.0
              ],
              "uv": [
                0,
                34
              ],
              "inflate": 0
            }
          ],
          "parent": "Arm"
        },
        {
          "name": "bone2",
          "pivot": [
            0,
            5,
            8
          ],
          "cubes": [
            {
              "origin": [
                -7.0,
                -2.0,
                2.0
              ],
              "size": [
                14.0,
                14.0,
                20.0
              ],
              "uv": [
                0,
                0
              ],
              "inflate": 0
            }
          ],
          "parent": "bone"
        },
        {
          "name": "bone3",
          "pivot": [
            0,
            5,
            -12
          ],
          "cubes": [
            {
              "origin": [
                -6.0,
                -2.5,
                -11.0
              ],
              "size": [
                12.0,
                15.0,
                13.0
              ],
              "uv": [
                47,
                51
              ],
              "inflate": 0
            },
            {
              "origin": [
                5.0,
                -1.0,
                -11.0
              ],
              "size": [
                7.0,
                5.0,
                11.0
              ],
              "pivot": [
                0.0,
                0.0,
                25.0
              ],
              "rotation": [
                -20.88852,
                16.41371,
                -6.15491
              ],
              "uv": [
                48,
                0
              ],
              "inflate": 0
            }
          ],
          "parent": "bone2"
        }
      ]
    }
  ]
}