{
  "format_version": "1.12.0",
  "minecraft:geometry": [
    {
      "description": {
        "identifier": "geometry.mr_captain_fiddels",
        "texture_width": 64,
        "texture_height": 64,
        "visible_bounds_width": 2,
        "visible_bounds_height": 2.5,
        "visible_bounds_offset": [
          0,
          0.75,
          0
        ]
      },
      "bones": [
        {
          "name": "RightLeg",
          "pivot": [
            -2,
            0,
            0
          ],
          "cubes": [
            {
              "origin": [
                -3.7,
                0.0,
                -1.7
              ],
              "size": [
                3.4,
                3.0,
                3.4
              ],
              "uv": [
                0,
                28
              ],
              "inflate": 0
            },
            {
              "origin": [
                -3.6,
                2.5,
                -1.6
              ],
              "size": [
                3.2,
                3.0,
                3.2
              ],
              "uv": [
                24,
                15
              ],
              "inflate": 0
            }
          ]
        },
        {
          "name": "LeftLeg",
          "pivot": [
            2,
            0,
            0
          ],
          "cubes": [
            {
              "origin": [
                0.3,
                0.0,
                -1.7
              ],
              "size": [
                3.4,
                3.0,
                3.4
              ],
              "uv": [
                21,
                27
              ],
              "inflate": 0
            },
            {
              "origin": [
                0.4,
                2.5,
                -1.6
              ],
              "size": [
                3.2,
                3.0,
                3.2
              ],
              "uv": [
                24,
                21
              ],
              "inflate": 0
            }
          ]
        },
        {
          "name": "Body",
          "cubes": [
            {
              "origin": [
                -4.0,
                5.0,
                -3.0
              ],
              "size": [
                8.0,
                9.0,
                6.0
              ],
              "uv": [
                0,
                0
              ],
              "inflate": 0
            },
            {
              "origin": [
                -4.0,
                6.0,
                -3.0
              ],
              "size": [
                8.0,
                4.0,
                0.0
              ],
              "pivot": [
                0.0,
                6.0,
                -3.0
              ],
              "rotation": [
                5.0,
                0.0,
                0.0
              ],
              "uv": [
                22,
                0
              ],
              "inflate": 0
            }
          ]
        },
        {
          "name": "bone",
          "pivot": [
            -2,
            0,
            0
          ],
          "cubes": [
            {
              "origin": [
                -3.2,
                9.8,
                -3.6
              ],
              "size": [
                2.4,
                2.4,
                2.0
              ],
              "uv": [
                28,
                8
              ],
              "inflate": 0
            },
            {
              "origin": [
                -3.0,
                10.0,
                -3.7
              ],
              "size": [
                2.0,
                2.0,
                0.0
              ],
              "uv": [
                0,
                2
              ],
              "inflate": 0
            }
          ],
          "parent": "Body"
        },
        {
          "name": "RightArm",
          "pivot": [
            -5,
            10,
            0
          ],
          "cubes": [
            {
              "origin": [
                -7.0,
                4.0,
                -1.5
              ],
              "size": [
                3.0,
                10.0,
                3.0
              ],
              "uv": [
                12,
                15
              ],
              "inflate": 0
            }
          ],
          "parent": "Body"
        },
        {
          "name": "LeftArm",
          "pivot": [
            6,
            10,
            0
          ],
          "cubes": [
            {
              "origin": [
                4.0,
                4.0,
                -1.5
              ],
              "size": [
                3.0,
                10.0,
                3.0
              ],
              "uv": [
                0,
                15
              ],
              "inflate": 0
            }
          ],
          "parent": "Body"
        },
        {
          "name": "bone2",
          "pivot": [
            2,
            0,
            0
          ],
          "cubes": [
            {
              "origin": [
                0.8,
                9.8,
                -3.6
              ],
              "size": [
                2.4,
                2.4,
                2.0
              ],
              "uv": [
                28,
                4
              ],
              "inflate": 0
            },
            {
              "origin": [
                1.0,
                10.0,
                -3.7
              ],
              "size": [
                2.0,
                2.0,
                0.0
              ],
              "uv": [
                0,
                0
              ],
              "inflate": 0
            }
          ],
          "parent": "Body"
        }
      ]
    }
  ]
}