{
  "format_version": "1.12.0",
  "minecraft:geometry": [
    {
      "description": {
        "identifier": "geometry.mr_nabnab_climb_v2",
        "texture_width": 128,
        "texture_height": 128,
        "visible_bounds_width": 5,
        "visible_bounds_height": 5,
        "visible_bounds_offset": [
          0,
          1.5,
          0
        ]
      },
      "bones": [
        {
          "name": "Root",
          "pivot": [
            0,
            6,
            19
          ],
          "rotation": [
            90,
            0,
            0
          ]
        },
        {
          "name": "Body",
          "pivot": [
            0,
            23,
            19
          ],
          "cubes": [
            {
              "origin": [
                4.0,
                23.0,
                14.8
              ],
              "size": [
                2.0,
                13.0,
                3.2
              ],
              "uv": [
                25,
                54
              ],
              "inflate": 0
            },
            {
              "origin": [
                0.0,
                24.0,
                15.3
              ],
              "size": [
                4.0,
                10.0,
                0.0
              ],
              "pivot": [
                4.0,
                29.0,
                16.0
              ],
              "rotation": [
                0.0,
                -7.5,
                0.0
              ],
              "uv": [
                43,
                60
              ],
              "inflate": 0
            },
            {
              "origin": [
                -4.0,
                24.0,
                15.3
              ],
              "size": [
                4.0,
                10.0,
                0.0
              ],
              "pivot": [
                -4.0,
                29.0,
                15.0
              ],
              "rotation": [
                0.0,
                7.5,
                0.0
              ],
              "uv": [
                35,
                60
              ],
              "inflate": 0
            },
            {
              "origin": [
                -6.0,
                23.0,
                14.8
              ],
              "size": [
                2.0,
                13.0,
                3.2
              ],
              "uv": [
                53,
                46
              ],
              "inflate": 0
            },
            {
              "origin": [
                -4.0,
                34.0,
                14.8
              ],
              "size": [
                8.0,
                2.0,
                3.2
              ],
              "uv": [
                16,
                49
              ],
              "inflate": 0
            },
            {
              "origin": [
                -4.0,
                23.0,
                14.8
              ],
              "size": [
                8.0,
                1.0,
                3.2
              ],
              "uv": [
                48,
                0
              ],
              "inflate": 0
            },
            {
              "origin": [
                -4.0,
                33.0,
                14.8
              ],
              "size": [
                1.0,
                1.0,
                3.2
              ],
              "uv": [
                59,
                18
              ],
              "inflate": 0
            },
            {
              "origin": [
                -4.0,
                24.0,
                14.8
              ],
              "size": [
                1.0,
                1.0,
                3.2
              ],
              "uv": [
                18,
                34
              ],
              "inflate": 0
            },
            {
              "origin": [
                3.0,
                33.0,
                14.8
              ],
              "size": [
                1.0,
                1.0,
                3.2
              ],
              "uv": [
                12,
                42
              ],
              "inflate": 0
            },
            {
              "origin": [
                3.0,
                24.0,
                14.8
              ],
              "size": [
                1.0,
                1.0,
                3.2
              ],
              "uv": [
                36,
                36
              ],
              "inflate": 0
            },
            {
              "origin": [
                -6.0,
                23.0,
                17.9
              ],
              "size": [
                12.0,
                13.0,
                6.2
              ],
              "uv": [
                0,
                0
              ],
              "inflate": 0
            },
            {
              "origin": [
                -5.5,
                36.0,
                15.4
              ],
              "size": [
                11.0,
                7.0,
                8.2
              ],
              "uv": [
                0,
                19
              ],
              "inflate": 0
            }
          ],
          "parent": "Root"
        },
        {
          "name": "bone6",
          "pivot": [
            0,
            28.6,
            17.7
          ],
          "cubes": [
            {
              "origin": [
                -3.0,
                27.6,
                15.7
              ],
              "size": [
                6.0,
                2.0,
                2.0
              ],
              "uv": [
                35,
                56
              ],
              "inflate": 0
            },
            {
              "origin": [
                -3.0,
                27.6,
                7.7
              ],
              "size": [
                6.0,
                2.0,
                2.0
              ],
              "uv": [
                52,
                36
              ],
              "inflate": 0
            },
            {
              "origin": [
                -4.0,
                27.6,
                9.7
              ],
              "size": [
                8.0,
                2.0,
                6.0
              ],
              "uv": [
                30,
                13
              ],
              "inflate": 0
            }
          ],
          "parent": "Body",
          "rotation": [
            3.21481,
            -9.36409,
            24.5405
          ]
        },
        {
          "name": "bone7",
          "pivot": [
            0,
            28.6,
            7.7
          ],
          "cubes": [
            {
              "origin": [
                -3.0,
                27.6,
                -2.3
              ],
              "size": [
                6.0,
                2.0,
                10.0
              ],
              "uv": [
                28,
                24
              ],
              "inflate": 0
            },
            {
              "origin": [
                -2.0,
                27.6,
                -3.3
              ],
              "size": [
                4.0,
                2.0,
                1.0
              ],
              "uv": [
                30,
                0
              ],
              "inflate": 0
            }
          ],
          "parent": "bone6",
          "rotation": [
            -4,
            5,
            0
          ]
        },
        {
          "name": "bone8",
          "pivot": [
            0,
            40,
            16
          ],
          "cubes": [
            {
              "origin": [
                -1.3,
                38.7,
                14.5
              ],
              "size": [
                2.6,
                2.6,
                2.0
              ],
              "uv": [
                30,
                21
              ],
              "inflate": 0
            },
            {
              "origin": [
                -1.0,
                39.0,
                14.4
              ],
              "size": [
                2.0,
                2.0,
                0.0
              ],
              "uv": [
                0,
                4
              ],
              "inflate": 0
            }
          ],
          "parent": "Body",
          "rotation": [
            -2.5,
            0,
            0
          ]
        },
        {
          "name": "bone9",
          "pivot": [
            -3,
            37,
            16
          ],
          "cubes": [
            {
              "origin": [
                -4.3,
                35.7,
                14.5
              ],
              "size": [
                2.6,
                2.6,
                2.0
              ],
              "uv": [
                0,
                23
              ],
              "inflate": 0
            },
            {
              "origin": [
                -4.0,
                36.0,
                14.4
              ],
              "size": [
                2.0,
                2.0,
                0.0
              ],
              "uv": [
                0,
                2
              ],
              "inflate": 0
            }
          ],
          "parent": "bone8",
          "rotation": [
            2.5,
            7.5,
            2.5
          ]
        },
        {
          "name": "bone10",
          "pivot": [
            3,
            37,
            16
          ],
          "cubes": [
            {
              "origin": [
                1.7,
                35.7,
                14.5
              ],
              "size": [
                2.6,
                2.6,
                2.0
              ],
              "uv": [
                0,
                19
              ],
              "inflate": 0
            },
            {
              "origin": [
                2.0,
                36.0,
                14.4
              ],
              "size": [
                2.0,
                2.0,
                0.0
              ],
              "uv": [
                0,
                0
              ],
              "inflate": 0
            }
          ],
          "parent": "bone8",
          "rotation": [
            2.5,
            -7.5,
            -2.5
          ]
        },
        {
          "name": "bone5",
          "pivot": [
            -0.7,
            43,
            19
          ],
          "cubes": [
            {
              "origin": [
                -3.7,
                42.0,
                16.5
              ],
              "size": [
                6.0,
                2.0,
                6.0
              ],
              "uv": [
                0,
                34
              ],
              "inflate": 0
            },
            {
              "origin": [
                -2.6,
                45.0,
                17.6
              ],
              "size": [
                3.8,
                3.0,
                3.8
              ],
              "uv": [
                56,
                40
              ],
              "inflate": 0
            },
            {
              "origin": [
                -3.2,
                44.0,
                17.0
              ],
              "size": [
                5.0,
                2.0,
                5.0
              ],
              "uv": [
                33,
                49
              ],
              "inflate": 0
            },
            {
              "origin": [
                -2.0,
                47.0,
                18.2
              ],
              "size": [
                2.6,
                2.0,
                2.6
              ],
              "uv": [
                60,
                31
              ],
              "inflate": 0
            }
          ],
          "parent": "Body",
          "rotation": [
            12.73007,
            -12.8418,
            -14.37953
          ]
        },
        {
          "name": "LeftArm",
          "pivot": [
            4,
            34,
            19
          ],
          "cubes": [
            {
              "origin": [
                3.5,
                25.0,
                17.5
              ],
              "size": [
                4.0,
                9.0,
                4.0
              ],
              "uv": [
                36,
                0
              ],
              "inflate": 0
            }
          ],
          "parent": "Body",
          "rotation": [
            0,
            0,
            -90
          ]
        },
        {
          "name": "bone4",
          "pivot": [
            6,
            25,
            19
          ],
          "cubes": [
            {
              "origin": [
                4.0,
                15.0,
                18.0
              ],
              "size": [
                3.0,
                11.0,
                3.0
              ],
              "uv": [
                52,
                4
              ],
              "inflate": 0
            }
          ],
          "parent": "LeftArm",
          "rotation": [
            45,
            0,
            0
          ]
        },
        {
          "name": "RightArm",
          "pivot": [
            -4,
            34,
            19
          ],
          "cubes": [
            {
              "origin": [
                -7.5,
                25.0,
                17.5
              ],
              "size": [
                4.0,
                9.0,
                4.0
              ],
              "uv": [
                24,
                36
              ],
              "inflate": 0
            }
          ],
          "parent": "Body",
          "rotation": [
            0,
            0,
            90
          ]
        },
        {
          "name": "bone2",
          "pivot": [
            -6,
            25,
            19
          ],
          "cubes": [
            {
              "origin": [
                -7.0,
                15.0,
                18.0
              ],
              "size": [
                3.0,
                11.0,
                3.0
              ],
              "uv": [
                13,
                54
              ],
              "inflate": 0
            }
          ],
          "parent": "RightArm",
          "rotation": [
            45,
            0,
            0
          ]
        },
        {
          "name": "LeftLeg",
          "pivot": [
            3,
            23,
            19
          ],
          "cubes": [
            {
              "origin": [
                1.8,
                15.0,
                17.8
              ],
              "size": [
                3.4,
                9.0,
                3.4
              ],
              "uv": [
                50,
                21
              ],
              "inflate": 0
            }
          ],
          "parent": "Root",
          "rotation": [
            -2.5,
            -2.5,
            -20
          ]
        },
        {
          "name": "bone3",
          "pivot": [
            4,
            15,
            19
          ],
          "cubes": [
            {
              "origin": [
                1.3,
                6.0,
                17.3
              ],
              "size": [
                4.4,
                9.0,
                4.4
              ],
              "uv": [
                40,
                36
              ],
              "inflate": 0
            }
          ],
          "parent": "LeftLeg",
          "rotation": [
            50,
            0,
            0
          ]
        },
        {
          "name": "RightLeg",
          "pivot": [
            -3,
            23,
            19
          ],
          "cubes": [
            {
              "origin": [
                -5.2,
                15.0,
                17.8
              ],
              "size": [
                3.4,
                9.0,
                3.4
              ],
              "uv": [
                0,
                55
              ],
              "inflate": 0
            }
          ],
          "parent": "Root",
          "rotation": [
            -2.5,
            2.5,
            20
          ]
        },
        {
          "name": "bone",
          "pivot": [
            -4,
            15,
            19
          ],
          "cubes": [
            {
              "origin": [
                -5.7,
                6.0,
                17.3
              ],
              "size": [
                4.4,
                9.0,
                4.4
              ],
              "uv": [
                0,
                42
              ],
              "inflate": 0
            }
          ],
          "parent": "RightLeg",
          "rotation": [
            50,
            0,
            0
          ]
        }
      ]
    }
  ]
}