{
  "format_version": "1.12.0",
  "minecraft:geometry": [
    {
      "description": {
        "identifier": "geometry.mr_nabnab_scene",
        "texture_width": 128,
        "texture_height": 128,
        "visible_bounds_width": 3,
        "visible_bounds_height": 4.5,
        "visible_bounds_offset": [
          0,
          1.75,
          0
        ]
      },
      "bones": [
        {
          "name": "RightLeg",
          "pivot": [
            -3,
            17,
            0
          ],
          "cubes": [
            {
              "origin": [
                -5.2,
                9.0,
                -1.2
              ],
              "size": [
                3.4,
                9.0,
                3.4
              ],
              "uv": [
                0,
                55
              ],
              "inflate": 0
            }
          ],
          "rotation": [
            -5,
            2.5,
            0
          ]
        },
        {
          "name": "bone",
          "pivot": [
            -4,
            9,
            0
          ],
          "cubes": [
            {
              "origin": [
                -5.7,
                0.0,
                -1.7
              ],
              "size": [
                4.4,
                9.0,
                4.4
              ],
              "uv": [
                0,
                42
              ],
              "inflate": 0
            }
          ],
          "parent": "RightLeg",
          "rotation": [
            7.5,
            0,
            0
          ]
        },
        {
          "name": "LeftLeg",
          "pivot": [
            3,
            17,
            0
          ],
          "cubes": [
            {
              "origin": [
                1.8,
                9.0,
                -1.2
              ],
              "size": [
                3.4,
                9.0,
                3.4
              ],
              "uv": [
                50,
                21
              ],
              "inflate": 0
            }
          ],
          "rotation": [
            -5,
            -2.5,
            0
          ]
        },
        {
          "name": "bone3",
          "pivot": [
            4,
            9,
            0
          ],
          "cubes": [
            {
              "origin": [
                1.3,
                0.0,
                -1.7
              ],
              "size": [
                4.4,
                9.0,
                4.4
              ],
              "uv": [
                40,
                36
              ],
              "inflate": 0
            }
          ],
          "parent": "LeftLeg",
          "rotation": [
            7.5,
            0,
            0
          ]
        },
        {
          "name": "Body",
          "pivot": [
            0,
            17,
            0
          ],
          "cubes": [
            {
              "origin": [
                4.0,
                17.0,
                -4.2
              ],
              "size": [
                2.0,
                13.0,
                3.2
              ],
              "uv": [
                25,
                54
              ],
              "inflate": 0
            },
            {
              "origin": [
                0.0,
                18.0,
                -3.7
              ],
              "size": [
                4.0,
                10.0,
                0.0
              ],
              "pivot": [
                4.0,
                23.0,
                -3.0
              ],
              "rotation": [
                0.0,
                -7.5,
                0.0
              ],
              "uv": [
                43,
                60
              ],
              "inflate": 0
            },
            {
              "origin": [
                -4.0,
                18.0,
                -3.7
              ],
              "size": [
                4.0,
                10.0,
                0.0
              ],
              "pivot": [
                -4.0,
                23.0,
                -4.0
              ],
              "rotation": [
                0.0,
                7.5,
                0.0
              ],
              "uv": [
                35,
                60
              ],
              "inflate": 0
            },
            {
              "origin": [
                -6.0,
                17.0,
                -4.2
              ],
              "size": [
                2.0,
                13.0,
                3.2
              ],
              "uv": [
                53,
                46
              ],
              "inflate": 0
            },
            {
              "origin": [
                -4.0,
                28.0,
                -4.2
              ],
              "size": [
                8.0,
                2.0,
                3.2
              ],
              "uv": [
                16,
                49
              ],
              "inflate": 0
            },
            {
              "origin": [
                -4.0,
                17.0,
                -4.2
              ],
              "size": [
                8.0,
                1.0,
                3.2
              ],
              "uv": [
                48,
                0
              ],
              "inflate": 0
            },
            {
              "origin": [
                -4.0,
                27.0,
                -4.2
              ],
              "size": [
                1.0,
                1.0,
                3.2
              ],
              "uv": [
                59,
                18
              ],
              "inflate": 0
            },
            {
              "origin": [
                -4.0,
                18.0,
                -4.2
              ],
              "size": [
                1.0,
                1.0,
                3.2
              ],
              "uv": [
                18,
                34
              ],
              "inflate": 0
            },
            {
              "origin": [
                3.0,
                27.0,
                -4.2
              ],
              "size": [
                1.0,
                1.0,
                3.2
              ],
              "uv": [
                12,
                42
              ],
              "inflate": 0
            },
            {
              "origin": [
                3.0,
                18.0,
                -4.2
              ],
              "size": [
                1.0,
                1.0,
                3.2
              ],
              "uv": [
                36,
                36
              ],
              "inflate": 0
            },
            {
              "origin": [
                -6.0,
                17.0,
                -1.1
              ],
              "size": [
                12.0,
                13.0,
                6.2
              ],
              "uv": [
                0,
                0
              ],
              "inflate": 0
            },
            {
              "origin": [
                -5.5,
                30.0,
                -3.6
              ],
              "size": [
                11.0,
                7.0,
                8.2
              ],
              "uv": [
                0,
                19
              ],
              "inflate": 0
            }
          ]
        },
        {
          "name": "bone6",
          "pivot": [
            0,
            22.6,
            -1.3
          ],
          "cubes": [
            {
              "origin": [
                -3.0,
                21.6,
                -3.3
              ],
              "size": [
                6.0,
                2.0,
                2.0
              ],
              "uv": [
                35,
                56
              ],
              "inflate": 0
            },
            {
              "origin": [
                -3.0,
                21.6,
                -11.3
              ],
              "size": [
                6.0,
                2.0,
                2.0
              ],
              "uv": [
                52,
                36
              ],
              "inflate": 0
            },
            {
              "origin": [
                -4.0,
                21.6,
                -9.3
              ],
              "size": [
                8.0,
                2.0,
                6.0
              ],
              "uv": [
                30,
                13
              ],
              "inflate": 0
            }
          ],
          "parent": "Body",
          "rotation": [
            57,
            0,
            0
          ]
        },
        {
          "name": "bone7",
          "pivot": [
            0,
            22.6,
            -11.3
          ],
          "cubes": [
            {
              "origin": [
                -3.0,
                21.6,
                -21.3
              ],
              "size": [
                6.0,
                2.0,
                10.0
              ],
              "uv": [
                28,
                24
              ],
              "inflate": 0
            },
            {
              "origin": [
                -2.0,
                21.6,
                -22.3
              ],
              "size": [
                4.0,
                2.0,
                1.0
              ],
              "uv": [
                30,
                0
              ],
              "inflate": 0
            }
          ],
          "parent": "bone6",
          "rotation": [
            36,
            0,
            0
          ]
        },
        {
          "name": "bone8",
          "pivot": [
            0,
            34,
            -3
          ],
          "cubes": [
            {
              "origin": [
                -1.3,
                32.7,
                -4.5
              ],
              "size": [
                2.6,
                2.6,
                2.0
              ],
              "uv": [
                30,
                21
              ],
              "inflate": 0
            },
            {
              "origin": [
                -1.0,
                33.0,
                -4.6
              ],
              "size": [
                2.0,
                2.0,
                0.0
              ],
              "uv": [
                0,
                4
              ],
              "inflate": 0
            }
          ],
          "parent": "Body",
          "rotation": [
            -2.5,
            0,
            0
          ]
        },
        {
          "name": "bone9",
          "pivot": [
            -3,
            31,
            -3
          ],
          "cubes": [
            {
              "origin": [
                -4.3,
                29.7,
                -4.5
              ],
              "size": [
                2.6,
                2.6,
                2.0
              ],
              "uv": [
                0,
                23
              ],
              "inflate": 0
            },
            {
              "origin": [
                -4.0,
                30.0,
                -4.6
              ],
              "size": [
                2.0,
                2.0,
                0.0
              ],
              "uv": [
                0,
                2
              ],
              "inflate": 0
            }
          ],
          "parent": "bone8",
          "rotation": [
            2.5,
            7.5,
            2.5
          ]
        },
        {
          "name": "bone10",
          "pivot": [
            3,
            31,
            -3
          ],
          "cubes": [
            {
              "origin": [
                1.7,
                29.7,
                -4.5
              ],
              "size": [
                2.6,
                2.6,
                2.0
              ],
              "uv": [
                0,
                19
              ],
              "inflate": 0
            },
            {
              "origin": [
                2.0,
                30.0,
                -4.6
              ],
              "size": [
                2.0,
                2.0,
                0.0
              ],
              "uv": [
                0,
                0
              ],
              "inflate": 0
            }
          ],
          "parent": "bone8",
          "rotation": [
            2.5,
            -7.5,
            -2.5
          ]
        },
        {
          "name": "bone5",
          "pivot": [
            -0.7,
            37,
            0
          ],
          "cubes": [
            {
              "origin": [
                -3.7,
                36.0,
                -2.5
              ],
              "size": [
                6.0,
                2.0,
                6.0
              ],
              "uv": [
                0,
                34
              ],
              "inflate": 0
            },
            {
              "origin": [
                -2.6,
                39.0,
                -1.4
              ],
              "size": [
                3.8,
                3.0,
                3.8
              ],
              "uv": [
                56,
                40
              ],
              "inflate": 0
            },
            {
              "origin": [
                -3.2,
                38.0,
                -2.0
              ],
              "size": [
                5.0,
                2.0,
                5.0
              ],
              "uv": [
                33,
                49
              ],
              "inflate": 0
            },
            {
              "origin": [
                -2.0,
                41.0,
                -0.8
              ],
              "size": [
                2.6,
                2.0,
                2.6
              ],
              "uv": [
                60,
                31
              ],
              "inflate": 0
            }
          ],
          "parent": "Body",
          "rotation": [
            0,
            -5,
            -2.5
          ]
        },
        {
          "name": "LeftArm",
          "pivot": [
            4,
            30,
            0
          ],
          "cubes": [
            {
              "origin": [
                3.5,
                21.0,
                -1.5
              ],
              "size": [
                4.0,
                9.0,
                4.0
              ],
              "uv": [
                36,
                0
              ],
              "inflate": 0
            }
          ],
          "parent": "Body",
          "rotation": [
            0,
            0,
            -20
          ]
        },
        {
          "name": "bone4",
          "pivot": [
            6,
            21,
            0
          ],
          "cubes": [
            {
              "origin": [
                4.0,
                11.0,
                -1.0
              ],
              "size": [
                3.0,
                11.0,
                3.0
              ],
              "uv": [
                52,
                4
              ],
              "inflate": 0
            }
          ],
          "parent": "LeftArm",
          "rotation": [
            -15,
            0,
            0
          ]
        },
        {
          "name": "RightArm",
          "pivot": [
            -4,
            30,
            0
          ],
          "cubes": [
            {
              "origin": [
                -7.5,
                21.0,
                -1.5
              ],
              "size": [
                4.0,
                9.0,
                4.0
              ],
              "uv": [
                24,
                36
              ],
              "inflate": 0
            }
          ],
          "parent": "Body",
          "rotation": [
            0,
            0,
            20
          ]
        },
        {
          "name": "bone2",
          "pivot": [
            -6,
            21,
            0
          ],
          "cubes": [
            {
              "origin": [
                -7.0,
                11.0,
                -1.0
              ],
              "size": [
                3.0,
                11.0,
                3.0
              ],
              "uv": [
                13,
                54
              ],
              "inflate": 0
            }
          ],
          "parent": "RightArm",
          "rotation": [
            -15,
            0,
            0
          ]
        }
      ]
    }
  ]
}