{
  "format_version": "1.12.0",
  "minecraft:geometry": [
    {
      "description": {
        "identifier": "geometry.mr_stinger_flynns",
        "texture_width": 64,
        "texture_height": 64,
        "visible_bounds_width": 3,
        "visible_bounds_height": 2.5,
        "visible_bounds_offset": [
          0,
          0.75,
          0
        ]
      },
      "bones": [
        {
          "name": "Root",
          "pivot": [
            0,
            7,
            0
          ]
        },
        {
          "name": "Body",
          "pivot": [
            0,
            15,
            0
          ],
          "cubes": [
            {
              "origin": [
                -5.0,
                15.0,
                -5.0
              ],
              "size": [
                10.0,
                4.0,
                10.0
              ],
              "uv": [
                0,
                0
              ],
              "inflate": 0
            },
            {
              "origin": [
                -5.0,
                13.0,
                -5.0
              ],
              "size": [
                10.0,
                2.0,
                10.0
              ],
              "uv": [
                0,
                14
              ],
              "inflate": 0
            },
            {
              "origin": [
                -4.6,
                19.0,
                -4.6
              ],
              "size": [
                9.2,
                4.0,
                9.2
              ],
              "uv": [
                0,
                26
              ],
              "inflate": 0
            }
          ],
          "parent": "Root"
        },
        {
          "name": "bone19",
          "pivot": [
            0,
            20,
            -4
          ],
          "cubes": [
            {
              "origin": [
                -1.3,
                18.8,
                -5.1
              ],
              "size": [
                2.6,
                2.6,
                2.0
              ],
              "uv": [
                8,
                39
              ],
              "inflate": 0
            },
            {
              "origin": [
                -1.0,
                19.1,
                -5.2
              ],
              "size": [
                2.0,
                2.0,
                0.0
              ],
              "uv": [
                6,
                0
              ],
              "inflate": 0
            }
          ],
          "parent": "Body"
        },
        {
          "name": "LeftLeg2",
          "pivot": [
            3,
            7,
            3
          ],
          "parent": "Root"
        },
        {
          "name": "bone13",
          "pivot": [
            3,
            15,
            3
          ],
          "cubes": [
            {
              "origin": [
                2.0,
                9.0,
                2.0
              ],
              "size": [
                2.0,
                6.0,
                2.0
              ],
              "uv": [
                0,
                14
              ],
              "inflate": 0
            }
          ],
          "parent": "LeftLeg2",
          "rotation": [
            0,
            -10,
            -2.5
          ]
        },
        {
          "name": "bone14",
          "pivot": [
            3,
            9,
            3
          ],
          "cubes": [
            {
              "origin": [
                2.0,
                5.0,
                2.0
              ],
              "size": [
                2.0,
                4.0,
                2.0
              ],
              "uv": [
                42,
                0
              ],
              "inflate": 0
            }
          ],
          "parent": "bone13",
          "rotation": [
            5,
            0,
            -5
          ]
        },
        {
          "name": "bone15",
          "pivot": [
            3,
            5,
            3
          ],
          "cubes": [
            {
              "origin": [
                2.0,
                0.0,
                1.0
              ],
              "size": [
                2.0,
                5.0,
                4.0
              ],
              "uv": [
                30,
                0
              ],
              "inflate": 0
            }
          ],
          "parent": "bone14",
          "rotation": [
            0,
            0,
            -5
          ]
        },
        {
          "name": "LeftLeg3",
          "pivot": [
            3,
            7,
            -3
          ],
          "parent": "Root"
        },
        {
          "name": "bone16",
          "pivot": [
            3,
            15,
            -3
          ],
          "cubes": [
            {
              "origin": [
                2.0,
                9.0,
                -4.0
              ],
              "size": [
                2.0,
                6.0,
                2.0
              ],
              "uv": [
                0,
                0
              ],
              "inflate": 0
            }
          ],
          "parent": "LeftLeg3",
          "rotation": [
            0,
            10,
            -2.5
          ]
        },
        {
          "name": "bone17",
          "pivot": [
            3,
            9,
            -3
          ],
          "cubes": [
            {
              "origin": [
                2.0,
                5.0,
                -4.0
              ],
              "size": [
                2.0,
                4.0,
                2.0
              ],
              "uv": [
                40,
                32
              ],
              "inflate": 0
            }
          ],
          "parent": "bone16",
          "rotation": [
            -5,
            0,
            -5
          ]
        },
        {
          "name": "bone18",
          "pivot": [
            3,
            5,
            -3
          ],
          "cubes": [
            {
              "origin": [
                2.0,
                0.0,
                -5.0
              ],
              "size": [
                2.0,
                5.0,
                4.0
              ],
              "uv": [
                27,
                26
              ],
              "inflate": 0
            }
          ],
          "parent": "bone17",
          "rotation": [
            0,
            0,
            -5
          ]
        },
        {
          "name": "LeftLeg",
          "pivot": [
            3,
            7,
            0
          ],
          "parent": "Root"
        },
        {
          "name": "bone10",
          "pivot": [
            3,
            15,
            0
          ],
          "cubes": [
            {
              "origin": [
                2.0,
                9.0,
                -1.0
              ],
              "size": [
                2.0,
                6.0,
                2.0
              ],
              "uv": [
                0,
                26
              ],
              "inflate": 0
            }
          ],
          "parent": "LeftLeg",
          "rotation": [
            0,
            0,
            -30
          ]
        },
        {
          "name": "bone11",
          "pivot": [
            3,
            9,
            0
          ],
          "cubes": [
            {
              "origin": [
                2.0,
                5.0,
                -1.0
              ],
              "size": [
                2.0,
                4.0,
                2.0
              ],
              "uv": [
                42,
                15
              ],
              "inflate": 0
            }
          ],
          "parent": "bone10",
          "rotation": [
            0,
            0,
            -80
          ]
        },
        {
          "name": "bone12",
          "pivot": [
            3,
            5,
            0
          ],
          "cubes": [
            {
              "origin": [
                2.0,
                0.0,
                -2.0
              ],
              "size": [
                2.0,
                5.0,
                4.0
              ],
              "uv": [
                30,
                14
              ],
              "inflate": 0
            }
          ],
          "parent": "bone11",
          "rotation": [
            0,
            0,
            30
          ]
        },
        {
          "name": "RightLeg3",
          "pivot": [
            -3,
            7,
            -3
          ],
          "parent": "Root"
        },
        {
          "name": "bone7",
          "pivot": [
            -3,
            15,
            -3
          ],
          "cubes": [
            {
              "origin": [
                -4.0,
                9.0,
                -4.0
              ],
              "size": [
                2.0,
                6.0,
                2.0
              ],
              "uv": [
                24,
                39
              ],
              "inflate": 0
            }
          ],
          "parent": "RightLeg3",
          "rotation": [
            0,
            -10,
            2.5
          ]
        },
        {
          "name": "bone8",
          "pivot": [
            -3,
            9,
            -3
          ],
          "cubes": [
            {
              "origin": [
                -4.0,
                5.0,
                -4.0
              ],
              "size": [
                2.0,
                4.0,
                2.0
              ],
              "uv": [
                42,
                42
              ],
              "inflate": 0
            }
          ],
          "parent": "bone7",
          "rotation": [
            -5,
            0,
            5
          ]
        },
        {
          "name": "bone9",
          "pivot": [
            -3,
            5,
            -3
          ],
          "cubes": [
            {
              "origin": [
                -4.0,
                0.0,
                -5.0
              ],
              "size": [
                2.0,
                5.0,
                4.0
              ],
              "uv": [
                32,
                35
              ],
              "inflate": 0
            }
          ],
          "parent": "bone8",
          "rotation": [
            0,
            0,
            5
          ]
        },
        {
          "name": "RightLeg2",
          "pivot": [
            -3,
            7,
            0
          ],
          "parent": "Root"
        },
        {
          "name": "bone4",
          "pivot": [
            -3,
            15,
            0
          ],
          "cubes": [
            {
              "origin": [
                -4.0,
                9.0,
                -1.0
              ],
              "size": [
                2.0,
                6.0,
                2.0
              ],
              "uv": [
                39,
                24
              ],
              "inflate": 0
            }
          ],
          "parent": "RightLeg2",
          "rotation": [
            0,
            0,
            30
          ]
        },
        {
          "name": "bone5",
          "pivot": [
            -3,
            9,
            0
          ],
          "cubes": [
            {
              "origin": [
                -4.0,
                5.0,
                -1.0
              ],
              "size": [
                2.0,
                4.0,
                2.0
              ],
              "uv": [
                32,
                44
              ],
              "inflate": 0
            }
          ],
          "parent": "bone4",
          "rotation": [
            0,
            0,
            80
          ]
        },
        {
          "name": "bone6",
          "pivot": [
            -3,
            5,
            0
          ],
          "cubes": [
            {
              "origin": [
                -4.0,
                0.0,
                -2.0
              ],
              "size": [
                2.0,
                5.0,
                4.0
              ],
              "uv": [
                0,
                39
              ],
              "inflate": 0
            }
          ],
          "parent": "bone5",
          "rotation": [
            0,
            0,
            -30
          ]
        },
        {
          "name": "RightLeg",
          "pivot": [
            -3,
            7,
            3
          ],
          "parent": "Root"
        },
        {
          "name": "bone",
          "pivot": [
            -3,
            15,
            3
          ],
          "cubes": [
            {
              "origin": [
                -4.0,
                9.0,
                2.0
              ],
              "size": [
                2.0,
                6.0,
                2.0
              ],
              "uv": [
                40,
                7
              ],
              "inflate": 0
            }
          ],
          "parent": "RightLeg",
          "rotation": [
            0,
            10,
            2.5
          ]
        },
        {
          "name": "bone2",
          "pivot": [
            -3,
            9,
            3
          ],
          "cubes": [
            {
              "origin": [
                -4.0,
                5.0,
                2.0
              ],
              "size": [
                2.0,
                4.0,
                2.0
              ],
              "uv": [
                46,
                36
              ],
              "inflate": 0
            }
          ],
          "parent": "bone",
          "rotation": [
            5,
            0,
            5
          ]
        },
        {
          "name": "bone3",
          "pivot": [
            -3,
            5,
            3
          ],
          "cubes": [
            {
              "origin": [
                -4.0,
                0.0,
                1.0
              ],
              "size": [
                2.0,
                5.0,
                4.0
              ],
              "uv": [
                12,
                39
              ],
              "inflate": 0
            }
          ],
          "parent": "bone2",
          "rotation": [
            0,
            0,
            5
          ]
        }
      ]
    }
  ]
}