{
  "format_version": "1.12.0",
  "minecraft:geometry": [
    {
      "description": {
        "identifier": "geometry.mr_zophius",
        "texture_width": 128,
        "texture_height": 128,
        "visible_bounds_width": 3,
        "visible_bounds_height": 5.5,
        "visible_bounds_offset": [
          0,
          2.25,
          0
        ]
      },
      "bones": [
        {
          "name": "Body",
          "cubes": [
            {
              "origin": [
                -6.0,
                0.0,
                -6.0
              ],
              "size": [
                12.0,
                15.0,
                12.0
              ],
              "uv": [
                0,
                28
              ],
              "inflate": 0
            }
          ]
        },
        {
          "name": "bone",
          "pivot": [
            0,
            15,
            0
          ],
          "cubes": [
            {
              "origin": [
                -5.0,
                15.0,
                -5.0
              ],
              "size": [
                10.0,
                23.0,
                10.0
              ],
              "uv": [
                38,
                45
              ],
              "inflate": 0
            }
          ],
          "parent": "Body",
          "rotation": [
            2.5,
            0,
            0
          ]
        },
        {
          "name": "bone2",
          "pivot": [
            0,
            38,
            0
          ],
          "cubes": [
            {
              "origin": [
                -4.0,
                36.0,
                -4.0
              ],
              "size": [
                8.0,
                13.0,
                8.0
              ],
              "uv": [
                48,
                20
              ],
              "inflate": 0
            },
            {
              "origin": [
                -3.5,
                47.0,
                -7.0
              ],
              "size": [
                7.0,
                4.0,
                7.0
              ],
              "pivot": [
                0.0,
                38.0,
                0.0
              ],
              "rotation": [
                -15.0,
                0.0,
                0.0
              ],
              "uv": [
                50,
                0
              ],
              "inflate": 0
            }
          ],
          "parent": "bone",
          "rotation": [
            15,
            0,
            0
          ]
        },
        {
          "name": "Head",
          "pivot": [
            0,
            50,
            -3
          ],
          "cubes": [
            {
              "origin": [
                -10.0,
                39.0,
                -19.0
              ],
              "size": [
                20.0,
                23.0,
                5.0
              ],
              "pivot": [
                0.0,
                0.0,
                0.0
              ],
              "rotation": [
                -12.5,
                0.0,
                0.0
              ],
              "uv": [
                0,
                0
              ],
              "inflate": 0
            },
            {
              "origin": [
                -11.0,
                40.0,
                -19.0
              ],
              "size": [
                1.0,
                21.0,
                5.0
              ],
              "pivot": [
                0.0,
                0.0,
                0.0
              ],
              "rotation": [
                -12.5,
                0.0,
                0.0
              ],
              "uv": [
                12,
                55
              ],
              "inflate": 0
            },
            {
              "origin": [
                10.0,
                40.0,
                -19.0
              ],
              "size": [
                1.0,
                21.0,
                5.0
              ],
              "pivot": [
                0.0,
                0.0,
                0.0
              ],
              "rotation": [
                -12.5,
                0.0,
                0.0
              ],
              "uv": [
                0,
                55
              ],
              "inflate": 0
            }
          ],
          "parent": "bone2"
        }
      ]
    }
  ]
}