{
  "format_version": "1.8.0",
  "minecraft:entity": {
    "description": {
      "identifier": "mr:trus",
      "is_spawnable": true,
      "is_summonable": true,
      "is_experimental": false
    },
    "component_groups": {
      "minecraft:raid_configuration": {
        "minecraft:dweller": {
          "dwelling_type": "village",
          "dweller_role": "hostile",
          "update_interval_base": 60,
          "update_interval_variant": 40,
          "can_find_poi": false,
          "can_migrate": false,
          "first_founding_reward": 0
        },
        "minecraft:behavior.move_to_village": {
          "priority": 3,
          "speed_multiplier": 1.2
        },
        "minecraft:ambient_sound_interval": {
          "value": 2.0,
          "range": 4.0,
          "event_name": "ambient.in.raid"
        }
      }
    },
    "components": {
      "minecraft:breathable": {
        "totalSupply": 15,
        "suffocateTime": 0
      },
      "minecraft:nameable": {
        "alwaysShow": false,
        "allowNameTagRenaming": false
      },
      "minecraft:health": {
        "value": 1,
        "max": 1
      },
      "minecraft:movement": {
        "value": 0.2
      },
      "minecraft:navigation.walk": {
        "can_path_over_water": true,
        "avoid_water": false
      },
      "minecraft:movement.basic": {},
      "minecraft:jump.static": {},
      "minecraft:can_climb": {},
      "minecraft:behavior.float": {
        "priority": 0
      },
      "minecraft:behavior.random_stroll": {
        "priority": 4,
        "speed_multiplier": 1.0
      },
      "minecraft:behavior.look_at_player": {
        "priority": 5,
        "look_distance": 8.0
      },
      "minecraft:behavior.random_look_around": {
        "priority": 5,
        "look_distance": 8.0
      },
      "minecraft:behavior.hurt_by_target": {
        "priority": 1
      },
      "minecraft:type_family": {
        "family": [
          "witch",
          "monster"
        ]
      },
      "minecraft:physics": {
        "has_gravity": false
      },
      "minecraft:follow_range": {
        "value": 64
      },
      "minecraft:experience_reward": {
        "on_death": "query.last_hit_by_player ? 10 : 0"
      },
      "minecraft:underwater_movement": {
        "value": 0.02
      },
      "minecraft:flying_speed": {
        "value": 0.01
      },
      "minecraft:scale": {
        "value": 1.2
      },
      "minecraft:behavior.avoid_mob_type": {
        "priority": 3,
        "entity_types": [
          {
            "filters": {
              "other_with_families": [
                "ocelot",
                "player"
              ]
            },
            "max_dist": 6,
            "walk_speed_multiplier": 1.0,
            "sprint_speed_multiplier": 1.2
          }
        ],
        "max_dist": 6,
        "walk_speed_multiplier": 1.0,
        "sprint_speed_multiplier": 1.2,
        "sneak_speed_multiplier": 1.0
      },
      "minecraft:behavior.panic": {
        "speed_multiplier": 1.25
      },
      "minecraft:can_fly": {},
      "minecraft:behavior.float_wander": {
        "random_reselect": true,
        "priority": 2
      },
      "minecraft:movement.generic": {},
      "minecraft:behavior.circle_around_anchor": {
        "priority": 3,
        "radius_range": [
          5.0,
          15.0
        ],
        "radius_change_chance": 250,
        "height_above_target_range": [
          20.0,
          40.0
        ],
        "height_offset_range": [
          -4.0,
          5.0
        ],
        "height_change_chance": 350,
        "goal_radius": 1.0
      },
      "minecraft:movement.glide": {
        "start_speed": 0.1,
        "speed_when_turning": 0.2
      },
      "minecraft:equip_item": {},
      "minecraft:loot": {
        "table": "loot_tables/entities/mr_trus.json"
      }
    },
    "events": {
      "minecraft:spawn_for_raid": {
        "add": {
          "component_groups": [
            "minecraft:raid_configuration"
          ]
        }
      },
      "on:death": {
        "run_command": {
          "command": []
        }
      },
      "on:hurt": {
        "run_command": {
          "command": []
        }
      },
      "on:hurt_by_player": {
        "run_command": {
          "command": []
        }
      },
      "on:ignite": {
        "run_command": {
          "command": []
        }
      },
      "on:target_acquired": {
        "run_command": {
          "command": []
        }
      },
      "on:target_escape": {
        "run_command": {
          "command": []
        }
      },
      "on:wake_with_owner": {
        "run_command": {
          "command": []
        }
      }
    }
  }
}