{
  "format_version": "1.16.0",
  "minecraft:entity": {
    "description": {
      "identifier": "ag1:figure",
      "runtime_identifier": "minecraft:warden",
      "is_spawnable": true,
      "is_summonable": true,
      "is_experimental": false,
      "animations": {
        "jumpscare_figure": "controller.animation.jumpscare_figure"
      },
      "scripts": {
        "animate": [
          "jumpscare_figure"
        ]
      }
    },
    "component_groups": {
      "emerging": {
        "minecraft:behavior.emerge": {
          "duration": 7,
          "on_done": {
            "event": "minecraft:emerged",
            "target": "self"
          }
        }
      },
      "pushable": {
        "minecraft:pushable": {
          "is_pushable": true,
          "is_pushable_by_piston": true
        }
      },
      "jum": {
        "minecraft:attack": {
          "damage": 0
        }
      },
      "jum_stop": {
        "minecraft:attack": {
          "damage": 10
        },
        "minecraft:is_stunned": {},
        "minecraft:timer": {
          "looping": false,
          "randomInterval": false,
          "time": [
            10,
            15
          ],
          "time_down_event": {
            "event": "ag1:jumpscare"
          }
        }
      },
      "death": {
        "minecraft:transformation": {
          "into": "ag1:dead_figure"
        }
      }
    },
    "components": {
      "minecraft:movement_sound_distance_offset": {
        "value": 0.55
      },
      "minecraft:rideable": {
        "rider_can_interact": false,
        "seat_count": 1,
        "seats": [
          {
            "lock_rider_rotation": 5,
            "position": [
              0,
              2,
              0.7
            ],
            "rotate_rider_by": 180
          }
        ]
      },
      "minecraft:experience_reward": {
        "on_bred": "Math.Random(1,7)",
        "on_death": "query.last_hit_by_player ? 5 : 0"
      },
      "minecraft:attack": {
        "damage": 10
      },
      "minecraft:vibration_listener": {},
      "minecraft:vibration_damper": {},
      "minecraft:suspect_tracking": {},
      "minecraft:anger_level": {
        "max_anger": 150,
        "angry_threshold": 80,
        "remove_targets_below_angry_threshold": true,
        "angry_boost": 20,
        "anger_decrement_interval": 1,
        "default_annoyingness": 35,
        "default_projectile_annoyingness": 10,
        "on_increase_sounds": [
          {
            "sound": "listening_angry",
            "condition": "query.anger_level(this) \u003e\u003d 40"
          },
          {
            "sound": "listening",
            "condition": "query.anger_level(this) \u003e\u003d 0"
          }
        ],
        "nuisance_filter": {
          "all_of": [
            {
              "test": "is_family",
              "subject": "other",
              "operator": "not",
              "value": "dr"
            },
            {
              "test": "is_family",
              "subject": "other",
              "operator": "not",
              "value": "inanimate"
            }
          ]
        }
      },
      "minecraft:is_hidden_when_invisible": {},
      "minecraft:type_family": {
        "family": [
          "dr",
          "mob",
          "nm"
        ]
      },
      "minecraft:breathable": {
        "total_supply": 15,
        "suffocate_time": 0
      },
      "minecraft:navigation.walk": {
        "can_path_over_water": true,
        "can_path_over_lava": true,
        "avoid_damage_blocks": true
      },
      "minecraft:ambient_sound_interval": {
        "value": 2,
        "range": 4,
        "event_name": "ambient",
        "event_names": [
          {
            "event_name": "angry",
            "condition": "query.anger_level(this) \u003e\u003d 80"
          },
          {
            "event_name": "agitated",
            "condition": "query.anger_level(this) \u003e\u003d 40"
          }
        ]
      },
      "minecraft:heartbeat": {
        "interval": "2.0 - math.clamp(query.anger_level / 80 * 1.5, 0, 1.5)"
      },
      "minecraft:movement.basic": {},
      "minecraft:jump.static": {},
      "minecraft:can_climb": {},
      "minecraft:collision_box": {
        "width": 0.9,
        "height": 2.9
      },
      "minecraft:health": {
        "value": 500,
        "max": 500
      },
      "minecraft:movement": {
        "value": 0.3
      },
      "minecraft:knockback_resistance": {
        "value": 1
      },
      "minecraft:behavior.float": {
        "priority": 0
      },
      "minecraft:behavior.roar": {
        "priority": 2,
        "duration": 0.0
      },
      "minecraft:behavior.melee_attack": {
        "priority": 4,
        "speed_multiplier": 1.2,
        "melee_fov": 360
      },
      "minecraft:behavior.investigate_suspicious_location": {
        "priority": 5,
        "speed_multiplier": 0.7
      },
      "minecraft:behavior.random_stroll": {
        "priority": 9,
        "speed_multiplier": 0.5
      },
      "minecraft:behavior.random_look_around": {
        "priority": 11
      },
      "minecraft:physics": {},
      "minecraft:follow_range": 30,
      "minecraft:fire_immune": {},
      "minecraft:nameable": {},
      "minecraft:loot": {
        "table": "loot_tables/entities/warden.json"
      },
      "minecraft:on_death": {
        "event": "on:death",
        "target": "self"
      }
    },
    "events": {
      "minecraft:spawn_emerging": {
        "add": {
          "component_groups": [
            "emerging"
          ]
        }
      },
      "minecraft:emerged": {
        "add": {
          "component_groups": [
            "pushable"
          ]
        },
        "remove": {
          "component_groups": [
            "emerging"
          ]
        }
      },
      "minecraft:entity_spawned": {
        "add": {
          "component_groups": [
            "jum"
          ]
        }
      },
      "on:death": {
        "add": {
          "component_groups": [
            "death"
          ]
        }
      },
      "ag1:jumpscare": {
        "add": {
          "component_groups": [
            "jum"
          ]
        },
        "remove": {
          "component_groups": [
            "jum_stop"
          ]
        }
      },
      "ag1:jumpscare_stop": {
        "remove": {
          "component_groups": [
            "jum"
          ]
        },
        "add": {
          "component_groups": [
            "jum_stop"
          ]
        }
      }
    }
  }
}