{
  "format_version": "1.16.100",
  "minecraft:entity": {
    "description": {
      "identifier": "ag1:halt_teleport_place_1",
      "is_spawnable": true,
      "is_summonable": true,
      "is_experimental": false
    },
    "components": {
      "minecraft:physics": {
        "has_gravity": true,
        "has_collision": true
      },
      "minecraft:pushable": {
        "is_pushable": false
      },
      "minecraft:push_through": {
        "value": 1
      },
      "minecraft:type_family": {
        "family": [
          "dr"
        ]
      },
      "minecraft:damage_sensor": {
        "triggers": {
          "cause": "all",
          "deals_damage": false
        }
      }
    }
  }
}