{
  "format_version": "1.8.0",
  "minecraft:entity": {
    "component_groups": {},
    "components": {
      "minecraft:annotation.open_door": {},
      "minecraft:behavior.hurt_by_target": {
        "priority": 1
      },
      "minecraft:behavior.look_at_player": {
        "look_distance": 6.0,
        "priority": 7,
        "probability": 0.02
      },
      "minecraft:behavior.melee_attack": {
        "priority": 3,
        "speed_multiplier": 1.3,
        "track_target": false
      },
      "minecraft:behavior.move_indoors": {
        "priority": 4,
        "speed_multiplier": 0.8
      },
      "minecraft:behavior.open_door": {
        "close_door_after": true,
        "priority": 6
      },
      "minecraft:behavior.random_look_around": {
        "priority": 9
      },
      "minecraft:behavior.random_stroll": {
        "priority": 7,
        "speed_multiplier": 1
      },
      "minecraft:behavior.restrict_open_door": {
        "priority": 5
      },
      "minecraft:can_climb": {},
      "minecraft:collision_box": {
        "height": 1.8,
        "width": 0.6
      },
      "minecraft:combat_regeneration": {
        "apply_to_family": false,
        "apply_to_self": true,
        "regeneration_duration": 15
      },
      "minecraft:follow_range": {
        "value": 64
      },
      "minecraft:health": {
        "max": 1000,
        "value": 1000
      },
      "minecraft:is_hidden_when_invisible": {},
      "minecraft:jump.static": {},
      "minecraft:knockback_resistance": {
        "value": 10
      },
      "minecraft:leashable": {
        "can_be_stolen": true,
        "hard_distance": 6,
        "max_distance": 10,
        "soft_distance": 4
      },
      "minecraft:loot": {
        "table": "loot_tables/entities/tb.json"
      },
      "minecraft:movement": {
        "value": 0
      },
      "minecraft:movement.basic": {},
      "minecraft:nameable": {},
      "minecraft:navigation.walk": {
        "avoid_damage_blocks": true,
        "can_break_doors": true,
        "can_open_doors": true,
        "can_pass_doors": true,
        "can_walk": true,
        "is_amphibious": true
      },
      "minecraft:physics": {},
      "minecraft:pushable": {
        "is_pushable": true,
        "is_pushable_by_piston": true
      },
      "minecraft:rideable": {
        "rider_can_interact": false,
        "seat_count": 1,
        "seats": [
          {
            "lock_rider_rotation": 5,
            "position": [
              0,
              0,
              0
            ],
            "rotate_rider_by": 0
          }
        ]
      },
      "minecraft:scale": {
        "value": 1
      },
      "minecraft:type_family": {
        "family": [
          "dr",
          "magic",
          "monster"
        ]
      },
      "minecraft:damage_sensor": {
        "triggers": {
          "cause": "all",
          "deals_damage": false
        }
      }
    },
    "description": {
      "animations": {
        "magic": "controller.animation.magic"
      },
      "identifier": "ag1:magic",
      "is_experimental": false,
      "is_spawnable": false,
      "is_summonable": true,
      "scripts": {
        "animate": [
          "magic"
        ]
      }
    },
    "events": {
      "minecraft:entity_spawned": {
        "run_command": {
          "command": [
            "playsound magic.ban @p ~~~"
          ]
        }
      }
    }
  }
}