{
  "yg:patterned_brown_wall": {
    "textures": "yg_patterned_brown_wall",
    "sound": "stone"
  },
  "yg:patterned_gray_wall": {
    "textures": "yg_patterned_gray_wall",
    "sound": "stone"
  },
  "yg:patterned_red_wall": {
    "textures": "yg_patterned_red_wall",
    "sound": "stone"
  },
  "yg:wooden_floor": {
    "textures": "yg_wooden_floor",
    "sound": "stone"
  },
  "yg:patterned_green_wall": {
    "textures": "yg_patterned_green_wall",
    "sound": "stone"
  },
  "format_version": [
    1,
    1,
    0
  ]
}