{
	"format_version": "1.12.0",
	"minecraft:geometry": [
		{
			"description": {
				"identifier": "geometry.nichirin",
				"texture_width": 64,
				"texture_height": 64,
				"visible_bounds_width": 3,
				"visible_bounds_height": 4.5,
				"visible_bounds_offset": [0, 0.75, 0]
			},
			"bones": [
				{
					"name": "root",
					"pivot": [0, 0, 0]
				},
				{
					"name": "waist",
					"parent": "root",
					"pivot": [0, 12, 0]
				},
				{
					"name": "body",
					"parent": "waist",
					"pivot": [0, 24, 0]
				},
				{
					"name": "rightArm",
					"parent": "body",
					"pivot": [-5, 22, 0]
				},
				{
					"name": "NichirinRe",
					"parent": "rightArm",
					"pivot": [-7.5, 13, -13],
					"rotation": [90, 0, 180]
				},
				{
					"name": "Bb01",
					"parent": "NichirinRe",
					"pivot": [0, 5, 5],
					"cubes": [
						{
							"origin": [-8.12, -4, -14.1],
							"size": [1.2, 1.2, 2.2],
							"uv": {
								"north": {"uv": [50, 50], "uv_size": [14, 14]},
								"east": {"uv": [50, 50], "uv_size": [14, 14]},
								"south": {"uv": [50, 50], "uv_size": [14, 14]},
								"west": {"uv": [50, 50], "uv_size": [14, 14]},
								"up": {"uv": [64, 64], "uv_size": [-14, -14]},
								"down": {"uv": [64, 64], "uv_size": [-14, -14]}
							}
						},
						{
							"origin": [-7.9648, -2.93, -13.9984],
							"size": [0.9, 7.7, 1.9968],
							"uv": {
								"north": {"uv": [23, 51], "uv_size": [12, 12]},
								"east": {"uv": [23, 51], "uv_size": [12, 12]},
								"south": {"uv": [23, 51], "uv_size": [12, 12]},
								"west": {"uv": [23, 51], "uv_size": [12, 12]},
								"up": {"uv": [35, 63], "uv_size": [-12, -12]},
								"down": {"uv": [35, 63], "uv_size": [-12, -12]}
							}
						},
						{
							"origin": [-8.02, -2.93, -14.05],
							"size": [1, 0.545, 2.1],
							"uv": {
								"north": {"uv": [23, 51], "uv_size": [12, 12]},
								"east": {"uv": [23, 51], "uv_size": [12, 12]},
								"south": {"uv": [23, 51], "uv_size": [12, 12]},
								"west": {"uv": [23, 51], "uv_size": [12, 12]},
								"up": {"uv": [35, 63], "uv_size": [-12, -12]},
								"down": {"uv": [35, 63], "uv_size": [-12, -12]}
							}
						},
						{
							"origin": [-8.02, -2.38, -14.05],
							"size": [1, 0.545, 2.1],
							"uv": {
								"north": {"uv": [23, 51], "uv_size": [12, 12]},
								"east": {"uv": [23, 51], "uv_size": [12, 12]},
								"south": {"uv": [23, 51], "uv_size": [12, 12]},
								"west": {"uv": [23, 51], "uv_size": [12, 12]},
								"up": {"uv": [35, 63], "uv_size": [-12, -12]},
								"down": {"uv": [35, 63], "uv_size": [-12, -12]}
							}
						},
						{
							"origin": [-8.02, -1.8, -14.05],
							"size": [1, 0.545, 2.1],
							"uv": {
								"north": {"uv": [23, 51], "uv_size": [12, 12]},
								"east": {"uv": [23, 51], "uv_size": [12, 12]},
								"south": {"uv": [23, 51], "uv_size": [12, 12]},
								"west": {"uv": [23, 51], "uv_size": [12, 12]},
								"up": {"uv": [35, 63], "uv_size": [-12, -12]},
								"down": {"uv": [35, 63], "uv_size": [-12, -12]}
							}
						},
						{
							"origin": [-8.02, -1.23, -14.05],
							"size": [1, 0.545, 2.1],
							"uv": {
								"north": {"uv": [23, 51], "uv_size": [12, 12]},
								"east": {"uv": [23, 51], "uv_size": [12, 12]},
								"south": {"uv": [23, 51], "uv_size": [12, 12]},
								"west": {"uv": [23, 51], "uv_size": [12, 12]},
								"up": {"uv": [35, 63], "uv_size": [-12, -12]},
								"down": {"uv": [35, 63], "uv_size": [-12, -12]}
							}
						},
						{
							"origin": [-8.02, -0.66, -14.05],
							"size": [1, 0.545, 2.1],
							"uv": {
								"north": {"uv": [23, 51], "uv_size": [12, 12]},
								"east": {"uv": [23, 51], "uv_size": [12, 12]},
								"south": {"uv": [23, 51], "uv_size": [12, 12]},
								"west": {"uv": [23, 51], "uv_size": [12, 12]},
								"up": {"uv": [35, 63], "uv_size": [-12, -12]},
								"down": {"uv": [35, 63], "uv_size": [-12, -12]}
							}
						},
						{
							"origin": [-8.02, -0.09, -14.05],
							"size": [1, 0.545, 2.1],
							"uv": {
								"north": {"uv": [23, 51], "uv_size": [12, 12]},
								"east": {"uv": [23, 51], "uv_size": [12, 12]},
								"south": {"uv": [23, 51], "uv_size": [12, 12]},
								"west": {"uv": [23, 51], "uv_size": [12, 12]},
								"up": {"uv": [35, 63], "uv_size": [-12, -12]},
								"down": {"uv": [35, 63], "uv_size": [-12, -12]}
							}
						},
						{
							"origin": [-8.02, 0.48, -14.05],
							"size": [1, 0.545, 2.1],
							"uv": {
								"north": {"uv": [23, 51], "uv_size": [12, 12]},
								"east": {"uv": [23, 51], "uv_size": [12, 12]},
								"south": {"uv": [23, 51], "uv_size": [12, 12]},
								"west": {"uv": [23, 51], "uv_size": [12, 12]},
								"up": {"uv": [35, 63], "uv_size": [-12, -12]},
								"down": {"uv": [35, 63], "uv_size": [-12, -12]}
							}
						},
						{
							"origin": [-8.02, 1.05, -14.05],
							"size": [1, 0.545, 2.1],
							"uv": {
								"north": {"uv": [23, 51], "uv_size": [12, 12]},
								"east": {"uv": [23, 51], "uv_size": [12, 12]},
								"south": {"uv": [23, 51], "uv_size": [12, 12]},
								"west": {"uv": [23, 51], "uv_size": [12, 12]},
								"up": {"uv": [35, 63], "uv_size": [-12, -12]},
								"down": {"uv": [35, 63], "uv_size": [-12, -12]}
							}
						},
						{
							"origin": [-8.02, 1.62, -14.05],
							"size": [1, 0.545, 2.1],
							"uv": {
								"north": {"uv": [23, 51], "uv_size": [12, 12]},
								"east": {"uv": [23, 51], "uv_size": [12, 12]},
								"south": {"uv": [23, 51], "uv_size": [12, 12]},
								"west": {"uv": [23, 51], "uv_size": [12, 12]},
								"up": {"uv": [35, 63], "uv_size": [-12, -12]},
								"down": {"uv": [35, 63], "uv_size": [-12, -12]}
							}
						},
						{
							"origin": [-8.02, 2.2, -14.05],
							"size": [1, 0.545, 2.1],
							"uv": {
								"north": {"uv": [23, 51], "uv_size": [12, 12]},
								"east": {"uv": [23, 51], "uv_size": [12, 12]},
								"south": {"uv": [23, 51], "uv_size": [12, 12]},
								"west": {"uv": [23, 51], "uv_size": [12, 12]},
								"up": {"uv": [35, 63], "uv_size": [-12, -12]},
								"down": {"uv": [35, 63], "uv_size": [-12, -12]}
							}
						},
						{
							"origin": [-8.02, 2.77, -14.05],
							"size": [1, 0.545, 2.1],
							"uv": {
								"north": {"uv": [23, 51], "uv_size": [12, 12]},
								"east": {"uv": [23, 51], "uv_size": [12, 12]},
								"south": {"uv": [23, 51], "uv_size": [12, 12]},
								"west": {"uv": [23, 51], "uv_size": [12, 12]},
								"up": {"uv": [35, 63], "uv_size": [-12, -12]},
								"down": {"uv": [35, 63], "uv_size": [-12, -12]}
							}
						},
						{
							"origin": [-8.02, 3.34, -14.05],
							"size": [1, 0.545, 2.1],
							"uv": {
								"north": {"uv": [23, 51], "uv_size": [12, 12]},
								"east": {"uv": [23, 51], "uv_size": [12, 12]},
								"south": {"uv": [23, 51], "uv_size": [12, 12]},
								"west": {"uv": [23, 51], "uv_size": [12, 12]},
								"up": {"uv": [35, 63], "uv_size": [-12, -12]},
								"down": {"uv": [35, 63], "uv_size": [-12, -12]}
							}
						},
						{
							"origin": [-8.02, 3.9, -14.05],
							"size": [1, 0.545, 2.1],
							"uv": {
								"north": {"uv": [23, 51], "uv_size": [12, 12]},
								"east": {"uv": [23, 51], "uv_size": [12, 12]},
								"south": {"uv": [23, 51], "uv_size": [12, 12]},
								"west": {"uv": [23, 51], "uv_size": [12, 12]},
								"up": {"uv": [35, 63], "uv_size": [-12, -12]},
								"down": {"uv": [35, 63], "uv_size": [-12, -12]}
							}
						},
						{
							"origin": [-7.7, 4.8, -13.78],
							"size": [0.4, 1.19, 1.56],
							"uv": {
								"north": {"uv": [51, 37], "uv_size": [12, 12]},
								"east": {"uv": [51, 37], "uv_size": [12, 12]},
								"south": {"uv": [51, 37], "uv_size": [12, 12]},
								"west": {"uv": [51, 37], "uv_size": [12, 12]},
								"up": {"uv": [63, 49], "uv_size": [-12, -12]},
								"down": {"uv": [63, 49], "uv_size": [-12, -12]}
							}
						},
						{
							"origin": [-7.62071, 4.8, -13.85071],
							"size": [0.25, 1.19, 1.7],
							"uv": {
								"north": {"uv": [51, 37], "uv_size": [12, 12]},
								"east": {"uv": [51, 37], "uv_size": [12, 12]},
								"south": {"uv": [51, 37], "uv_size": [12, 12]},
								"west": {"uv": [51, 37], "uv_size": [12, 12]},
								"up": {"uv": [63, 49], "uv_size": [-12, -12]},
								"down": {"uv": [63, 49], "uv_size": [-12, -12]}
							}
						},
						{
							"origin": [-9.16, 4.41, -14.9],
							"size": [3.36, 0.38, 3.68],
							"uv": {
								"north": {"uv": [51, 37], "uv_size": [12, 12]},
								"east": {"uv": [51, 37], "uv_size": [12, 12]},
								"south": {"uv": [51, 37], "uv_size": [12, 12]},
								"west": {"uv": [51, 37], "uv_size": [12, 12]},
								"up": {"uv": [63, 49], "uv_size": [-12, -12]},
								"down": {"uv": [63, 49], "uv_size": [-12, -12]}
							}
						},
						{
							"origin": [-5.79393, 4.4, -14.87393],
							"size": [0.1, 0.56, 3.64],
							"uv": {
								"north": {"uv": [37, 51], "uv_size": [12, 12]},
								"east": {"uv": [37, 51], "uv_size": [12, 12]},
								"south": {"uv": [37, 51], "uv_size": [12, 12]},
								"west": {"uv": [37, 51], "uv_size": [12, 12]},
								"up": {"uv": [49, 63], "uv_size": [-12, -12]},
								"down": {"uv": [49, 63], "uv_size": [-12, -12]}
							}
						},
						{
							"origin": [-9.26, 4.4, -14.9],
							"size": [0.1, 0.56, 3.68],
							"uv": {
								"north": {"uv": [49, 51], "uv_size": [-12, 12]},
								"east": {"uv": [49, 51], "uv_size": [-12, 12]},
								"south": {"uv": [49, 51], "uv_size": [-12, 12]},
								"west": {"uv": [49, 51], "uv_size": [-12, 12]},
								"up": {"uv": [37, 63], "uv_size": [12, -12]},
								"down": {"uv": [37, 63], "uv_size": [12, -12]}
							}
						},
						{
							"origin": [-8.14, 4.4, -12.44],
							"size": [0.1, 0.56, 2.5],
							"pivot": [-8.09, 4.68, -10.6],
							"rotation": [0, -90, 0],
							"uv": {
								"north": {"uv": [49, 51], "uv_size": [-12, 12]},
								"east": {"uv": [49, 51], "uv_size": [-12, 12]},
								"south": {"uv": [49, 51], "uv_size": [-12, 12]},
								"west": {"uv": [49, 51], "uv_size": [-12, 12]},
								"up": {"uv": [37, 63], "uv_size": [12, -12]},
								"down": {"uv": [37, 63], "uv_size": [12, -12]}
							}
						},
						{
							"origin": [24.45, 4.4, 23.39],
							"size": [0.1, 0.56, 0.415],
							"pivot": [-11.5, 4.68, 21.05],
							"rotation": [0, 90, 0],
							"uv": {
								"north": {"uv": [37, 51], "uv_size": [12, 12]},
								"east": {"uv": [37, 51], "uv_size": [12, 12]},
								"south": {"uv": [37, 51], "uv_size": [12, 12]},
								"west": {"uv": [37, 51], "uv_size": [12, 12]},
								"up": {"uv": [49, 63], "uv_size": [-12, -12]},
								"down": {"uv": [49, 63], "uv_size": [-12, -12]}
							}
						},
						{
							"origin": [-5.66891, 4.4, -14.05569],
							"size": [0.1, 0.56, 0.15],
							"pivot": [-5.61891, 4.68, -14.84819],
							"rotation": [-180, -45, 180],
							"uv": {
								"north": {"uv": [37, 51], "uv_size": [12, 12]},
								"east": {"uv": [37, 51], "uv_size": [12, 12]},
								"south": {"uv": [37, 51], "uv_size": [12, 12]},
								"west": {"uv": [37, 51], "uv_size": [12, 12]},
								"up": {"uv": [49, 63], "uv_size": [-12, -12]},
								"down": {"uv": [49, 63], "uv_size": [-12, -12]}
							}
						},
						{
							"origin": [-2.88949, 4.4, -15.35466],
							"size": [0.1, 0.56, 0.15],
							"pivot": [-5.83949, 4.68, -14.14716],
							"rotation": [-180, 45, 180],
							"uv": {
								"north": {"uv": [37, 51], "uv_size": [12, 12]},
								"east": {"uv": [37, 51], "uv_size": [12, 12]},
								"south": {"uv": [37, 51], "uv_size": [12, 12]},
								"west": {"uv": [37, 51], "uv_size": [12, 12]},
								"up": {"uv": [49, 63], "uv_size": [-12, -12]},
								"down": {"uv": [49, 63], "uv_size": [-12, -12]}
							}
						},
						{
							"origin": [-1.59239, 4.4, -14.09755],
							"size": [0.1, 0.56, 0.15],
							"pivot": [-5.54239, 4.68, -12.89005],
							"rotation": [-180, 45, 180],
							"uv": {
								"north": {"uv": [37, 51], "uv_size": [12, 12]},
								"east": {"uv": [37, 51], "uv_size": [12, 12]},
								"south": {"uv": [37, 51], "uv_size": [12, 12]},
								"west": {"uv": [37, 51], "uv_size": [12, 12]},
								"up": {"uv": [49, 63], "uv_size": [-12, -12]},
								"down": {"uv": [49, 63], "uv_size": [-12, -12]}
							}
						},
						{
							"origin": [1.6833, 4.43, -12.27044],
							"size": [0.1, 1.56, 0.1],
							"pivot": [-3.2667, 3.71, -11.06294],
							"rotation": [-180, 45, 180],
							"uv": {
								"north": {"uv": [51, 37], "uv_size": [12, 12]},
								"east": {"uv": [51, 37], "uv_size": [12, 12]},
								"south": {"uv": [51, 37], "uv_size": [12, 12]},
								"west": {"uv": [51, 37], "uv_size": [12, 12]},
								"up": {"uv": [63, 49], "uv_size": [-12, -12]},
								"down": {"uv": [63, 49], "uv_size": [-12, -12]}
							}
						},
						{
							"origin": [8.07452, 4.43, -0.56334],
							"size": [0.1, 1.56, 0.1],
							"pivot": [3.12452, 3.71, -10.35584],
							"rotation": [-180, -45, -180],
							"uv": {
								"north": {"uv": [63, 37], "uv_size": [-12, 12]},
								"east": {"uv": [63, 37], "uv_size": [-12, 12]},
								"south": {"uv": [63, 37], "uv_size": [-12, 12]},
								"west": {"uv": [63, 37], "uv_size": [-12, 12]},
								"up": {"uv": [51, 49], "uv_size": [12, -12]},
								"down": {"uv": [51, 49], "uv_size": [12, -12]}
							}
						},
						{
							"origin": [33.53163, 4.43, 33.11015],
							"size": [0.1, 1.56, 0.1],
							"pivot": [3.58163, 3.71, 19.00265],
							"rotation": [180, 45, -180],
							"uv": {
								"north": {"uv": [51, 37], "uv_size": [12, 12]},
								"east": {"uv": [51, 37], "uv_size": [12, 12]},
								"south": {"uv": [51, 37], "uv_size": [12, 12]},
								"west": {"uv": [51, 37], "uv_size": [12, 12]},
								"up": {"uv": [63, 49], "uv_size": [-12, -12]},
								"down": {"uv": [63, 49], "uv_size": [-12, -12]}
							}
						},
						{
							"origin": [-24.18802, 4.43, 38.98883],
							"size": [0.1, 1.56, 0.1],
							"pivot": [-5.13802, 3.71, 16.88133],
							"rotation": [180, -45, 180],
							"uv": {
								"north": {"uv": [63, 37], "uv_size": [-12, 12]},
								"east": {"uv": [63, 37], "uv_size": [-12, 12]},
								"south": {"uv": [63, 37], "uv_size": [-12, 12]},
								"west": {"uv": [63, 37], "uv_size": [-12, 12]},
								"up": {"uv": [51, 49], "uv_size": [12, -12]},
								"down": {"uv": [51, 49], "uv_size": [12, -12]}
							}
						},
						{
							"origin": [-25.59239, 4.4, 45.76868],
							"size": [0.1, 0.56, 0.15],
							"pivot": [-5.54239, 4.68, 20.71118],
							"rotation": [180, -45, 180],
							"uv": {
								"north": {"uv": [49, 51], "uv_size": [-12, 12]},
								"east": {"uv": [49, 51], "uv_size": [-12, 12]},
								"south": {"uv": [49, 51], "uv_size": [-12, 12]},
								"west": {"uv": [49, 51], "uv_size": [-12, 12]},
								"up": {"uv": [49, 51], "uv_size": [-12, 12]},
								"down": {"uv": [49, 51], "uv_size": [-12, 12]}
							}
						},
						{
							"origin": [-23.47028, 4.4, 45.63157],
							"size": [0.1, 0.56, 0.15],
							"pivot": [-4.42028, 4.68, 20.57407],
							"rotation": [180, -45, 180],
							"uv": {
								"north": {"uv": [49, 51], "uv_size": [-12, 12]},
								"east": {"uv": [49, 51], "uv_size": [-12, 12]},
								"south": {"uv": [49, 51], "uv_size": [-12, 12]},
								"west": {"uv": [49, 51], "uv_size": [-12, 12]},
								"up": {"uv": [49, 51], "uv_size": [-12, 12]},
								"down": {"uv": [49, 51], "uv_size": [-12, 12]}
							}
						},
						{
							"origin": [-6.92601, 4.4, -12.77859],
							"size": [0.1, 0.56, 0.15],
							"pivot": [-5.87601, 4.68, -13.57109],
							"rotation": [-180, -45, 180],
							"uv": {
								"north": {"uv": [37, 51], "uv_size": [12, 12]},
								"east": {"uv": [37, 51], "uv_size": [12, 12]},
								"south": {"uv": [37, 51], "uv_size": [12, 12]},
								"west": {"uv": [37, 51], "uv_size": [12, 12]},
								"up": {"uv": [49, 63], "uv_size": [-12, -12]},
								"down": {"uv": [49, 63], "uv_size": [-12, -12]}
							}
						},
						{
							"origin": [10.57508, 4.4, -26.76009],
							"size": [0.1, 0.56, 0.15],
							"pivot": [5.62508, 4.68, -15.55259],
							"rotation": [-180, 45, -180],
							"uv": {
								"north": {"uv": [49, 51], "uv_size": [-12, 12]},
								"east": {"uv": [49, 51], "uv_size": [-12, 12]},
								"south": {"uv": [49, 51], "uv_size": [-12, 12]},
								"west": {"uv": [49, 51], "uv_size": [-12, 12]},
								"up": {"uv": [37, 63], "uv_size": [12, -12]},
								"down": {"uv": [37, 63], "uv_size": [12, -12]}
							}
						},
						{
							"origin": [8.40691, 4.4, -26.88326],
							"size": [0.1, 0.56, 0.15],
							"pivot": [4.45691, 4.68, -15.67576],
							"rotation": [-180, 45, -180],
							"uv": {
								"north": {"uv": [49, 51], "uv_size": [-12, 12]},
								"east": {"uv": [49, 51], "uv_size": [-12, 12]},
								"south": {"uv": [49, 51], "uv_size": [-12, 12]},
								"west": {"uv": [49, 51], "uv_size": [-12, 12]},
								"up": {"uv": [37, 63], "uv_size": [12, -12]},
								"down": {"uv": [37, 63], "uv_size": [12, -12]}
							}
						},
						{
							"origin": [-24.51, 4.4, 38.41],
							"size": [0.1, 0.56, 0.45],
							"pivot": [11.54, 4.68, 21.07],
							"rotation": [0, -90, 0],
							"uv": {
								"north": {"uv": [49, 51], "uv_size": [-12, 12]},
								"east": {"uv": [49, 51], "uv_size": [-12, 12]},
								"south": {"uv": [49, 51], "uv_size": [-12, 12]},
								"west": {"uv": [49, 51], "uv_size": [-12, 12]},
								"up": {"uv": [37, 63], "uv_size": [12, -12]},
								"down": {"uv": [37, 63], "uv_size": [12, -12]}
							}
						},
						{
							"origin": [11.45, 4.4, -28.925],
							"size": [0.1, 0.56, 0.45],
							"pivot": [11.5, 4.68, -11.17],
							"rotation": [0, 90, 0],
							"uv": {
								"north": {"uv": [37, 51], "uv_size": [12, 12]},
								"east": {"uv": [37, 51], "uv_size": [12, 12]},
								"south": {"uv": [37, 51], "uv_size": [12, 12]},
								"west": {"uv": [37, 51], "uv_size": [12, 12]},
								"up": {"uv": [49, 63], "uv_size": [-12, -12]},
								"down": {"uv": [49, 63], "uv_size": [-12, -12]}
							}
						},
						{
							"origin": [10.545, 4.4, -32.925],
							"size": [0.1, 0.56, 0.415],
							"pivot": [11.595, 4.68, -12.17],
							"rotation": [0, 90, 0],
							"uv": {
								"north": {"uv": [37, 51], "uv_size": [12, 12]},
								"east": {"uv": [37, 51], "uv_size": [12, 12]},
								"south": {"uv": [37, 51], "uv_size": [12, 12]},
								"west": {"uv": [37, 51], "uv_size": [12, 12]},
								"up": {"uv": [49, 63], "uv_size": [-12, -12]},
								"down": {"uv": [49, 63], "uv_size": [-12, -12]}
							}
						},
						{
							"origin": [-8.845, 4.4, -11.12],
							"size": [0.1, 0.56, 0.47],
							"uv": {
								"north": {"uv": [37, 51], "uv_size": [12, 12]},
								"east": {"uv": [37, 51], "uv_size": [12, 12]},
								"south": {"uv": [37, 51], "uv_size": [12, 12]},
								"west": {"uv": [37, 51], "uv_size": [12, 12]},
								"up": {"uv": [49, 63], "uv_size": [-12, -12]},
								"down": {"uv": [49, 63], "uv_size": [-12, -12]}
							}
						},
						{
							"origin": [-6.255, 4.4, -11.12],
							"size": [0.1, 0.56, 0.47],
							"uv": {
								"north": {"uv": [49, 51], "uv_size": [-12, 12]},
								"east": {"uv": [49, 51], "uv_size": [-12, 12]},
								"south": {"uv": [49, 51], "uv_size": [-12, 12]},
								"west": {"uv": [49, 51], "uv_size": [-12, 12]},
								"up": {"uv": [37, 63], "uv_size": [12, -12]},
								"down": {"uv": [37, 63], "uv_size": [12, -12]}
							}
						},
						{
							"origin": [-6.25, 4.4, -15.45],
							"size": [0.1, 0.56, 0.47],
							"uv": {
								"north": {"uv": [37, 51], "uv_size": [12, 12]},
								"east": {"uv": [37, 51], "uv_size": [12, 12]},
								"south": {"uv": [37, 51], "uv_size": [12, 12]},
								"west": {"uv": [37, 51], "uv_size": [12, 12]},
								"up": {"uv": [49, 63], "uv_size": [-12, -12]},
								"down": {"uv": [49, 63], "uv_size": [-12, -12]}
							}
						},
						{
							"origin": [-8.85, 4.4, -15.45],
							"size": [0.1, 0.56, 0.47],
							"uv": {
								"north": {"uv": [49, 51], "uv_size": [-12, 12]},
								"east": {"uv": [49, 51], "uv_size": [-12, 12]},
								"south": {"uv": [49, 51], "uv_size": [-12, 12]},
								"west": {"uv": [49, 51], "uv_size": [-12, 12]},
								"up": {"uv": [37, 63], "uv_size": [12, -12]},
								"down": {"uv": [37, 63], "uv_size": [12, -12]}
							}
						},
						{
							"origin": [28.86, 4.4, 20.84],
							"size": [0.1, 0.56, 2.5],
							"pivot": [-8.09, 4.68, 21.5],
							"rotation": [0, 90, 0],
							"uv": {
								"north": {"uv": [37, 51], "uv_size": [12, 12]},
								"east": {"uv": [37, 51], "uv_size": [12, 12]},
								"south": {"uv": [37, 51], "uv_size": [12, 12]},
								"west": {"uv": [37, 51], "uv_size": [12, 12]},
								"up": {"uv": [49, 63], "uv_size": [-12, -12]},
								"down": {"uv": [49, 63], "uv_size": [-12, -12]}
							}
						},
						{
							"origin": [-10, 4.4, -15.6],
							"size": [4.8, 0.4, 2.5],
							"pivot": [-8.2, 5.2, -13.65],
							"rotation": [0, -90, 0],
							"uv": {
								"north": {"uv": [51, 37], "uv_size": [12, 12]},
								"east": {"uv": [51, 37], "uv_size": [12, 12]},
								"south": {"uv": [51, 37], "uv_size": [12, 12]},
								"west": {"uv": [51, 37], "uv_size": [12, 12]},
								"up": {"uv": [63, 49], "uv_size": [-12, -12]},
								"down": {"uv": [63, 49], "uv_size": [-12, -12]}
							}
						}
					]
				},
				{
					"name": "LaminaA01",
					"parent": "NichirinRe",
					"pivot": [0, 5, 5],
					"cubes": [
						{
							"origin": [-7.6, 5, -13.8],
							"size": [0.2, 6, 1],
							"uv": {
								"north": {"uv": [1, 0], "uv_size": [-1, 51]},
								"east": {"uv": [11, 0], "uv_size": [-11, 51]},
								"south": {"uv": [11, 0], "uv_size": [-11, 51]},
								"west": {"uv": [0, 0], "uv_size": [11, 51]},
								"up": {"uv": [0, 51], "uv_size": [11, -51]},
								"down": {"uv": [0, 51], "uv_size": [11, -51]}
							}
						},
						{
							"origin": [-7.6, 11, -13.8],
							"size": [0.2, 6, 1],
							"uv": {
								"north": {"uv": [0, 0], "uv_size": [1, 64]},
								"east": {"uv": [11, 0], "uv_size": [-11, 64]},
								"south": {"uv": [0, 0], "uv_size": [11, 64]},
								"west": {"uv": [0, 0], "uv_size": [11, 64]},
								"up": {"uv": [11, 64], "uv_size": [-11, -64]},
								"down": {"uv": [11, 64], "uv_size": [-11, -64]}
							}
						},
						{
							"origin": [-7.6, 17, -13.8],
							"size": [0.2, 7, 1],
							"uv": {
								"north": {"uv": [1, 0], "uv_size": [-1, 61]},
								"east": {"uv": [11, 0], "uv_size": [-11, 61]},
								"south": {"uv": [11, 0], "uv_size": [-11, 61]},
								"west": {"uv": [0, 0], "uv_size": [11, 61]},
								"up": {"uv": [0, 61], "uv_size": [11, -61]},
								"down": {"uv": [0, 61], "uv_size": [11, -61]}
							}
						},
						{
							"origin": [-7.6, 24, -13.8],
							"size": [0.2, 2, 1],
							"uv": {
								"north": {"uv": [1, 0], "uv_size": [-1, 25]},
								"east": {"uv": [11, 0], "uv_size": [-11, 25]},
								"south": {"uv": [11, 0], "uv_size": [-11, 25]},
								"west": {"uv": [0, 0], "uv_size": [11, 25]},
								"up": {"uv": [0, 25], "uv_size": [11, -25]},
								"down": {"uv": [0, 25], "uv_size": [11, -25]}
							}
						},
						{
							"origin": [-7.596, 27.3, -13.794],
							"size": [0.192, 0.5, 0.288],
							"uv": {
								"north": {"uv": [17, 64], "uv_size": [-5, -64]},
								"east": {"uv": [17, 64], "uv_size": [-5, -64]},
								"south": {"uv": [17, 64], "uv_size": [-5, -64]},
								"west": {"uv": [12, 64], "uv_size": [5, -64]},
								"up": {"uv": [16, 0], "uv_size": [1, 64]},
								"down": {"uv": [12, 0], "uv_size": [5, 64]}
							}
						},
						{
							"origin": [-7.6, 26, -13.8],
							"size": [0.2, 0.5, 1],
							"uv": {
								"north": {"uv": [2, 41], "uv_size": [-2, -8]},
								"east": {"uv": [11, 41], "uv_size": [-11, -8]},
								"south": {"uv": [9, 41], "uv_size": [-9, -8]},
								"west": {"uv": [0, 41], "uv_size": [11, -8]},
								"up": {"uv": [0, 33], "uv_size": [9, 8]},
								"down": {"uv": [0, 33], "uv_size": [9, 8]}
							}
						},
						{
							"origin": [-7.59996, 26.07948, -13.00005],
							"size": [0.19992, 0.4998, 0.4998],
							"pivot": [-7.40004, 25.54122, -13.70842],
							"rotation": [22.5, 0, 0],
							"uv": {
								"north": {"uv": [11, 26], "uv_size": [-4, -2]},
								"east": {"uv": [14, 32], "uv_size": [-10, -10]},
								"south": {"uv": [11, 26], "uv_size": [-4, -2]},
								"west": {"uv": [4, 32], "uv_size": [10, -10]},
								"up": {"uv": [7, 24], "uv_size": [4, 2]},
								"down": {"uv": [7, 24], "uv_size": [4, 2]}
							}
						},
						{
							"origin": [-7.598, 26.27321, -12.76205],
							"size": [0.196, 0.49, 0.49],
							"pivot": [-7.402, 25.74551, -13.45653],
							"rotation": [45, 0, 0],
							"uv": {
								"north": {"uv": [10, 25], "uv_size": [0, -1]},
								"east": {"uv": [14, 33], "uv_size": [-10, -10]},
								"south": {"uv": [10, 25], "uv_size": [0, -1]},
								"west": {"uv": [4, 23], "uv_size": [10, 10]},
								"up": {"uv": [10, 24], "uv_size": [0, 1]},
								"down": {"uv": [10, 24], "uv_size": [0, 1]}
							}
						},
						{
							"origin": [-7.603, 26.64591, -12.11642],
							"size": [0.198, 0.46, 0.49],
							"pivot": [-7.402, 26.11821, -12.8109],
							"rotation": [90, 0, 0],
							"uv": {
								"north": {"uv": [10, 17], "uv_size": [0, -1]},
								"east": {"uv": [14, 18], "uv_size": [-10, 12]},
								"south": {"uv": [10, 17], "uv_size": [0, -1]},
								"west": {"uv": [4, 30], "uv_size": [10, -12]},
								"up": {"uv": [10, 16], "uv_size": [0, 1]},
								"down": {"uv": [10, 16], "uv_size": [0, 1]}
							}
						},
						{
							"origin": [-7.59604, 25.5099, -13.8],
							"size": [0.19208, 1.4802, 0.49],
							"uv": {
								"north": {"uv": [1, 25], "uv_size": [-1, -8]},
								"east": {"uv": [5, 26], "uv_size": [-5, -9]},
								"south": {"uv": [9, 25], "uv_size": [-5, -8]},
								"west": {"uv": [0, 25], "uv_size": [5, -8]},
								"up": {"uv": [4, 17], "uv_size": [5, 8]},
								"down": {"uv": [4, 17], "uv_size": [5, 8]}
							}
						},
						{
							"origin": [-7.588, 25.98837, -20.79699],
							"size": [0.188, 0.288, 0.2],
							"pivot": [-7.02, 8.70837, -13.30899],
							"rotation": [-22.5, 0, 0],
							"uv": {
								"north": {"uv": [17, 64], "uv_size": [-5, -64]},
								"east": {"uv": [17, 64], "uv_size": [-5, -64]},
								"south": {"uv": [17, 64], "uv_size": [-5, -64]},
								"west": {"uv": [12, 64], "uv_size": [5, -64]},
								"up": {"uv": [16, 0], "uv_size": [1, 64]},
								"down": {"uv": [12, 0], "uv_size": [5, 64]}
							}
						},
						{
							"origin": [-7.6, 5.9, -12.8],
							"size": [0.2, 20.1, 0.6],
							"uv": {
								"north": {"uv": [17, 64], "uv_size": [-6, -64]},
								"east": {"uv": [17, 64], "uv_size": [-6, -64]},
								"south": {"uv": [17, 64], "uv_size": [-1, -64]},
								"west": {"uv": [11, 64], "uv_size": [6, -64]},
								"up": {"uv": [11, 0], "uv_size": [6, 64]},
								"down": {"uv": [11, 0], "uv_size": [6, 64]}
							}
						},
						{
							"origin": [-7.596, 25.53, -9.66],
							"size": [0.192, 1.152, 0.576],
							"pivot": [-7.02, 17.92596, -11.78538],
							"rotation": [22.5, 0, 0],
							"uv": {
								"north": {"uv": [17, 64], "uv_size": [-5, -64]},
								"east": {"uv": [17, 64], "uv_size": [-5, -64]},
								"south": {"uv": [17, 64], "uv_size": [-1, -64]},
								"west": {"uv": [12, 64], "uv_size": [5, -64]},
								"up": {"uv": [12, 0], "uv_size": [5, 64]},
								"down": {"uv": [12, 0], "uv_size": [5, 64]}
							}
						},
						{
							"origin": [-7.594, 27.96033, -5.6409],
							"size": [0.19, 0.96, 0.576],
							"pivot": [-7.02, 18.36033, -7.7529],
							"rotation": [45, 0, 0],
							"uv": {
								"north": {"uv": [17, 64], "uv_size": [-5, -64]},
								"east": {"uv": [17, 64], "uv_size": [-5, -64]},
								"south": {"uv": [17, 64], "uv_size": [-1, -64]},
								"west": {"uv": [12, 64], "uv_size": [5, -64]},
								"up": {"uv": [12, 0], "uv_size": [5, 64]},
								"down": {"uv": [12, 0], "uv_size": [5, 64]}
							}
						}
					]
				}
			]
		}
	]
}