{
	"format_version": "1.12.0",
	"minecraft:geometry": [
		{
			"description": {
				"identifier": "geometry.nichirin_mitsuri",
				"texture_width": 64,
				"texture_height": 64,
				"visible_bounds_width": 9,
				"visible_bounds_height": 5,
				"visible_bounds_offset": [0, 0.5, 0]
			},
			"bones": [
				{
					"name": "root",
					"pivot": [0, 0, 0]
				},
				{
					"name": "waist",
					"parent": "root",
					"pivot": [0, 0, 0]
				},
				{
					"name": "body",
					"parent": "waist",
					"pivot": [0, 0, 0]
				},
				{
					"name": "rightArm",
					"parent": "body",
					"pivot": [-5, 22, 0],
					"cubes": [
						{
							"origin": [-7.8, 11, -4.8],
							"size": [3.6, 3.9, 0],
							"uv": {
								"north": {"uv": [20, 3], "uv_size": [27, 27]},
								"east": {"uv": [22, 3], "uv_size": [1, 1]},
								"south": {"uv": [21, 1], "uv_size": [1, 1]},
								"west": {"uv": [22, 1], "uv_size": [1, 1]},
								"up": {"uv": [22, 2], "uv_size": [-1, -1]},
								"down": {"uv": [24, 2], "uv_size": [-1, -1]}
							}
						}
					],
					"locators": {
						"p1": [-6, 13, -6],
						"p2": [-6, 13, -9],
						"p3": [-6, 13, -13],
						"p4": [-7, 13, -16],
						"p5": [-9, 13, -22],
						"p6": [-5, 13, -26],
						"p7": [0, 13, -27],
						"p8": [-1, 13, -31],
						"p9": [-8, 13, -31],
						"p10": [-15, 13, -30]
					}
				},
				{
					"name": "NichirinR",
					"parent": "rightArm",
					"pivot": [-6.7, 13, -18],
					"rotation": [90, 0, 180]
				},
				{
					"name": "B1",
					"parent": "NichirinR",
					"pivot": [-7, 13, -18],
					"cubes": [
						{
							"origin": [-7.95, -4.9, -18.7],
							"size": [0.8, 4.3, 1.26],
							"uv": {
								"north": {"uv": [51, 0], "uv_size": [1, 32]},
								"east": {"uv": [51, 0], "uv_size": [13, 32]},
								"south": {"uv": [51, 0], "uv_size": [1, 32]},
								"west": {"uv": [51, 0], "uv_size": [13, 32]},
								"up": {"uv": [64, 32], "uv_size": [-13, -32]},
								"down": {"uv": [64, 32], "uv_size": [-13, -32]}
							}
						},
						{
							"origin": [-7.95, -0.9, -18.7],
							"size": [0.8, 1.3, 1.26],
							"inflate": 0.15,
							"uv": {
								"north": {"uv": [37, 50], "uv_size": [12, 13]},
								"east": {"uv": [37, 50], "uv_size": [12, 13]},
								"south": {"uv": [37, 50], "uv_size": [12, 13]},
								"west": {"uv": [37, 50], "uv_size": [12, 13]},
								"up": {"uv": [49, 63], "uv_size": [-12, -13]},
								"down": {"uv": [49, 63], "uv_size": [-12, -13]}
							}
						},
						{
							"origin": [-7.95, -9.2, -18.7],
							"size": [0.8, 4.3, 1.26],
							"uv": {
								"north": {"uv": [51, 32], "uv_size": [1, 32]},
								"east": {"uv": [51, 32], "uv_size": [13, 32]},
								"south": {"uv": [51, 32], "uv_size": [1, 32]},
								"west": {"uv": [51, 32], "uv_size": [13, 32]},
								"up": {"uv": [64, 64], "uv_size": [-13, -32]},
								"down": {"uv": [64, 64], "uv_size": [-13, -32]}
							}
						},
						{
							"origin": [-7.95, -9.7, -18.7],
							"size": [0.8, 0.5, 1.26],
							"inflate": 0.02,
							"uv": {
								"north": {"uv": [23, 37], "uv_size": [12, 12]},
								"east": {"uv": [23, 37], "uv_size": [12, 12]},
								"south": {"uv": [23, 37], "uv_size": [12, 12]},
								"west": {"uv": [23, 37], "uv_size": [12, 12]},
								"up": {"uv": [35, 49], "uv_size": [-12, -12]},
								"down": {"uv": [35, 49], "uv_size": [-12, -12]}
							}
						}
					]
				},
				{
					"name": "L1",
					"parent": "NichirinR",
					"pivot": [-7, 13, -18],
					"cubes": [
						{
							"origin": [-7.6, 0, -18.8],
							"size": [0.1, 9, 1.5],
							"uv": {
								"north": {"uv": [0, 3], "uv_size": [1, 48]},
								"east": {"uv": [17, 0], "uv_size": [-17, 64]},
								"south": {"uv": [17, 0], "uv_size": [-1, 60]},
								"west": {"uv": [0, 0], "uv_size": [17, 64]},
								"up": {"uv": [0, 51], "uv_size": [11, -51]},
								"down": {"uv": [0, 51], "uv_size": [11, -51]}
							}
						},
						{
							"origin": [-10.46564, 5.40652, -18.8],
							"size": [0.1, 4, 1.5],
							"pivot": [0, 0, 0],
							"rotation": [0, 0, 22.5],
							"uv": {
								"north": {"uv": [0, 3], "uv_size": [1, 48]},
								"east": {"uv": [17, 0], "uv_size": [-17, 64]},
								"south": {"uv": [16, 0], "uv_size": [1, 60]},
								"west": {"uv": [0, 0], "uv_size": [17, 64]},
								"up": {"uv": [0, 51], "uv_size": [11, -51]},
								"down": {"uv": [0, 51], "uv_size": [11, -51]}
							}
						},
						{
							"origin": [-13.26871, 4.68547, -18.8],
							"size": [0.1, 3, 1.5],
							"pivot": [0, 0, 0],
							"rotation": [0, 0, 45],
							"uv": {
								"north": {"uv": [0, 3], "uv_size": [1, 48]},
								"east": {"uv": [17, 0], "uv_size": [-17, 64]},
								"south": {"uv": [17, 0], "uv_size": [-1, 60]},
								"west": {"uv": [0, 0], "uv_size": [17, 64]},
								"up": {"uv": [0, 51], "uv_size": [11, -51]},
								"down": {"uv": [0, 51], "uv_size": [11, -51]}
							}
						},
						{
							"origin": [-23.35618, -12.10362, -18.8],
							"size": [0.1, 3, 1.5],
							"pivot": [-8.08747, 0.21091, 0],
							"rotation": [0, 0, 135],
							"uv": {
								"north": {"uv": [0, 3], "uv_size": [1, 48]},
								"east": {"uv": [17, 0], "uv_size": [-17, 64]},
								"south": {"uv": [16, 0], "uv_size": [1, 60]},
								"west": {"uv": [0, 0], "uv_size": [17, 64]},
								"up": {"uv": [0, 51], "uv_size": [11, -51]},
								"down": {"uv": [0, 51], "uv_size": [11, -51]}
							}
						},
						{
							"origin": [-13.88544, -19.1837, -18.8],
							"size": [0.1, 5, 1.5],
							"pivot": [1.38327, 0.13083, 0],
							"rotation": [0, 0, 112.5],
							"uv": {
								"north": {"uv": [0, 3], "uv_size": [1, 48]},
								"east": {"uv": [17, 0], "uv_size": [-17, 64]},
								"south": {"uv": [16, 0], "uv_size": [1, 60]},
								"west": {"uv": [0, 0], "uv_size": [17, 64]},
								"up": {"uv": [0, 51], "uv_size": [11, -51]},
								"down": {"uv": [0, 51], "uv_size": [11, -51]}
							}
						},
						{
							"origin": [-6.57213, -15.95461, -18.8],
							"size": [0.1, 3, 1.5],
							"pivot": [8.69658, 6.35992, 0],
							"rotation": [0, 0, 90],
							"uv": {
								"north": {"uv": [0, 3], "uv_size": [1, 48]},
								"east": {"uv": [17, 0], "uv_size": [-17, 64]},
								"south": {"uv": [16, 0], "uv_size": [1, 60]},
								"west": {"uv": [0, 0], "uv_size": [17, 64]},
								"up": {"uv": [0, 51], "uv_size": [11, -51]},
								"down": {"uv": [0, 51], "uv_size": [11, -51]}
							}
						},
						{
							"origin": [-8.91974, -23.74946, -18.8],
							"size": [0.1, 1.5, 1.5],
							"pivot": [6.34897, 1.56507, 0],
							"rotation": [0, 0, 102.5],
							"uv": {
								"north": {"uv": [0, 3], "uv_size": [1, 48]},
								"east": {"uv": [17, 0], "uv_size": [-17, 64]},
								"south": {"uv": [16, 0], "uv_size": [1, 60]},
								"west": {"uv": [0, 0], "uv_size": [17, 64]},
								"up": {"uv": [0, 51], "uv_size": [11, -51]},
								"down": {"uv": [0, 51], "uv_size": [11, -51]}
							}
						},
						{
							"origin": [-17.9874, -31.63598, -18.8],
							"size": [0.1, 0.6, 1.5],
							"pivot": [-2.7187, -5.32144, 0],
							"rotation": [0, 0, 125],
							"uv": {
								"north": {"uv": [0, 3], "uv_size": [1, 48]},
								"east": {"uv": [17, 0], "uv_size": [-17, 64]},
								"south": {"uv": [17, 0], "uv_size": [-1, 60]},
								"west": {"uv": [0, 0], "uv_size": [17, 64]},
								"up": {"uv": [0, 51], "uv_size": [11, -51]},
								"down": {"uv": [0, 51], "uv_size": [11, -51]}
							}
						},
						{
							"origin": [-33.50613, -35.02926, -18.8],
							"size": [0.1, 0.6, 1.5],
							"pivot": [-16.23742, -8.71473, 0],
							"rotation": [0, 0, 147.5],
							"uv": {
								"north": {"uv": [0, 3], "uv_size": [1, 48]},
								"east": {"uv": [17, 0], "uv_size": [-17, 64]},
								"south": {"uv": [17, 0], "uv_size": [-1, 60]},
								"west": {"uv": [0, 0], "uv_size": [17, 64]},
								"up": {"uv": [0, 51], "uv_size": [11, -51]},
								"down": {"uv": [0, 51], "uv_size": [11, -51]}
							}
						},
						{
							"origin": [-47.59238, -32.0899, -18.8],
							"size": [0.1, 0.6, 1.5],
							"pivot": [-29.32367, -5.77537, 0],
							"rotation": [0, 0, 170],
							"uv": {
								"north": {"uv": [0, 3], "uv_size": [1, 48]},
								"east": {"uv": [17, 0], "uv_size": [-17, 64]},
								"south": {"uv": [17, 0], "uv_size": [-1, 60]},
								"west": {"uv": [0, 0], "uv_size": [17, 64]},
								"up": {"uv": [0, 51], "uv_size": [11, -51]},
								"down": {"uv": [0, 51], "uv_size": [11, -51]}
							}
						},
						{
							"origin": [-57.81093, -27.26668, -18.8],
							"size": [0.1, 1.5, 1.5],
							"pivot": [-39.54222, 1.04786, 0],
							"rotation": [0, 0, -167.5],
							"uv": {
								"north": {"uv": [0, 3], "uv_size": [1, 48]},
								"east": {"uv": [17, 0], "uv_size": [-17, 64]},
								"south": {"uv": [16, 0], "uv_size": [1, 60]},
								"west": {"uv": [0, 0], "uv_size": [17, 64]},
								"up": {"uv": [0, 51], "uv_size": [11, -51]},
								"down": {"uv": [0, 51], "uv_size": [11, -51]}
							}
						},
						{
							"origin": [-65.64156, -19.14766, -18.8],
							"size": [0.1, 1, 1.5],
							"pivot": [-47.37286, 11.16688, 0],
							"rotation": [0, 0, -145],
							"uv": {
								"north": {"uv": [0, 3], "uv_size": [1, 48]},
								"east": {"uv": [17, 0], "uv_size": [-17, 64]},
								"south": {"uv": [17, 0], "uv_size": [-1, 60]},
								"west": {"uv": [0, 0], "uv_size": [17, 64]},
								"up": {"uv": [0, 51], "uv_size": [11, -51]},
								"down": {"uv": [0, 51], "uv_size": [11, -51]}
							}
						},
						{
							"origin": [-68.86866, -7.8087, -18.8],
							"size": [0.1, 1.8, 1.5],
							"pivot": [-50.59996, 24.50583, 0],
							"rotation": [0, 0, -122.5],
							"uv": {
								"north": {"uv": [0, 3], "uv_size": [1, 48]},
								"east": {"uv": [17, 0], "uv_size": [-17, 64]},
								"south": {"uv": [17, 0], "uv_size": [-1, 63]},
								"west": {"uv": [0, 0], "uv_size": [17, 64]},
								"up": {"uv": [0, 51], "uv_size": [11, -51]},
								"down": {"uv": [0, 51], "uv_size": [11, -51]}
							}
						},
						{
							"origin": [-65.66736, 0.39926, -18.8],
							"size": [0.1, 10.5, 1.5],
							"pivot": [-47.39865, 44.71379, 0],
							"rotation": [0, 0, -90],
							"uv": {
								"north": {"uv": [0, 3], "uv_size": [1, 48]},
								"east": {"uv": [17, 0], "uv_size": [-17, 64]},
								"south": {"uv": [17, 1], "uv_size": [-1, 60]},
								"west": {"uv": [0, 0], "uv_size": [17, 64]},
								"up": {"uv": [0, 51], "uv_size": [11, -51]},
								"down": {"uv": [6, 51], "uv_size": [11, -51]}
							}
						},
						{
							"origin": [-62.27035, 6.84481, -18.8],
							"size": [0.1, 4.5, 1.5],
							"pivot": [-44.00164, 63.15935, 0],
							"rotation": [0, 0, -67.5],
							"uv": {
								"north": {"uv": [0, 3], "uv_size": [1, 48]},
								"east": {"uv": [17, 0], "uv_size": [-17, 64]},
								"south": {"uv": [17, 0], "uv_size": [-1, 64]},
								"west": {"uv": [0, 0], "uv_size": [17, 64]},
								"up": {"uv": [0, 51], "uv_size": [11, -51]},
								"down": {"uv": [0, 51], "uv_size": [11, -51]}
							}
						},
						{
							"origin": [-9.3252, 12.13989, -18.8],
							"size": [0.1, 1, 1.5],
							"pivot": [0, 0, 0],
							"rotation": [0, 0, 22.5],
							"uv": {
								"north": {"uv": [0, 3], "uv_size": [1, 48]},
								"east": {"uv": [17, 0], "uv_size": [-17, 64]},
								"south": {"uv": [17, 0], "uv_size": [-1, 60]},
								"west": {"uv": [0, 0], "uv_size": [17, 64]},
								"up": {"uv": [0, 51], "uv_size": [11, -51]},
								"down": {"uv": [0, 51], "uv_size": [11, -51]}
							}
						},
						{
							"origin": [-3.59455, 15.67001, -18.8],
							"size": [0.1, 1, 1.5],
							"uv": {
								"north": {"uv": [0, 3], "uv_size": [1, 48]},
								"east": {"uv": [17, 0], "uv_size": [-17, 64]},
								"south": {"uv": [17, 0], "uv_size": [-1, 60]},
								"west": {"uv": [0, 0], "uv_size": [17, 64]},
								"up": {"uv": [0, 51], "uv_size": [11, -51]},
								"down": {"uv": [0, 51], "uv_size": [11, -51]}
							}
						},
						{
							"origin": [2.67019, 17.65183, -18.8],
							"size": [0.1, 1, 1.5],
							"pivot": [2.1058, 1.41343, 0],
							"rotation": [0, 0, -22.5],
							"uv": {
								"north": {"uv": [0, 3], "uv_size": [1, 48]},
								"east": {"uv": [17, 0], "uv_size": [-17, 64]},
								"south": {"uv": [16, 0], "uv_size": [2, 60]},
								"west": {"uv": [0, 0], "uv_size": [17, 64]},
								"up": {"uv": [0, 51], "uv_size": [11, -51]},
								"down": {"uv": [0, 51], "uv_size": [11, -51]}
							}
						}
					]
				},
				{
					"name": "bone",
					"parent": "L1",
					"pivot": [-7, 13, -18],
					"rotation": [0, 0, 90],
					"cubes": [
						{
							"origin": [-18.83062, 17.42645, -21.10618],
							"size": [0.1, 4, 1.5],
							"pivot": [-11.33062, 6.05089, 0.67028],
							"rotation": [-10, 0, 0],
							"uv": {
								"north": {"uv": [0, 3], "uv_size": [1, 48]},
								"east": {"uv": [17, 0], "uv_size": [-17, 64]},
								"south": {"uv": [17, 0], "uv_size": [-1, 64]},
								"west": {"uv": [0, 0], "uv_size": [17, 64]},
								"up": {"uv": [0, 51], "uv_size": [11, -51]},
								"down": {"uv": [0, 51], "uv_size": [11, -51]}
							}
						},
						{
							"origin": [-18.84623, 23.97786, -18.12217],
							"size": [0.1, 2.4, 0.288],
							"uv": {
								"north": {"uv": [2, 64], "uv_size": [-2, -64]},
								"east": {"uv": [2, 64], "uv_size": [-2, -64]},
								"south": {"uv": [2, 64], "uv_size": [-2, -64]},
								"west": {"uv": [2, 64], "uv_size": [-2, -64]},
								"up": {"uv": [0, 0], "uv_size": [2, 64]},
								"down": {"uv": [0, 0], "uv_size": [2, 64]}
							}
						},
						{
							"origin": [-18.85023, 17.55069, -24.25731],
							"size": [0.1, 0.188, 0.2],
							"inflate": 0.007,
							"pivot": [-11.33823, 6.01262, 0.67028],
							"rotation": [-22.5, 0, 0],
							"uv": {
								"north": {"uv": [0, 49], "uv_size": [2, -49]},
								"east": {"uv": [0, 49], "uv_size": [2, -49]},
								"south": {"uv": [0, 49], "uv_size": [2, -49]},
								"west": {"uv": [0, 49], "uv_size": [2, -49]},
								"up": {"uv": [2, 0], "uv_size": [-2, 49]},
								"down": {"uv": [2, 0], "uv_size": [-2, 49]}
							}
						},
						{
							"origin": [-18.82023, 29.82105, -8.66109],
							"size": [0.08, 1.152, 0.476],
							"pivot": [-11.33823, 6.01262, 0.67028],
							"rotation": [22.5, 0, 0],
							"uv": {
								"north": {"uv": [17, 64], "uv_size": [-5, -64]},
								"east": {"uv": [17, 64], "uv_size": [-8, -64]},
								"south": {"uv": [17, 64], "uv_size": [-1, -64]},
								"west": {"uv": [9, 64], "uv_size": [8, -64]},
								"up": {"uv": [12, 0], "uv_size": [5, 64]},
								"down": {"uv": [12, 0], "uv_size": [5, 64]}
							}
						},
						{
							"origin": [-18.84023, 29.82104, -9.23709],
							"size": [0.1, 1.152, 0.6],
							"inflate": -0.02,
							"pivot": [-11.33823, 6.01262, 0.67028],
							"rotation": [22.5, 0, 0],
							"uv": {
								"north": {"uv": [10, 64], "uv_size": [-6, -64]},
								"east": {"uv": [10, 64], "uv_size": [-7, -64]},
								"south": {"uv": [10, 64], "uv_size": [-6, -64]},
								"west": {"uv": [3, 64], "uv_size": [7, -64]},
								"up": {"uv": [4, 0], "uv_size": [6, 64]},
								"down": {"uv": [4, 0], "uv_size": [6, 64]}
							}
						},
						{
							"origin": [-18.84023, 30.82104, -9.07451],
							"size": [0.1, 0.6, 0.4],
							"inflate": -0.01,
							"pivot": [-11.33823, 6.01262, 0.67028],
							"rotation": [22.5, 0, 0],
							"uv": {
								"north": {"uv": [10, 64], "uv_size": [-6, -64]},
								"east": {"uv": [10, 64], "uv_size": [-5, -64]},
								"south": {"uv": [10, 64], "uv_size": [-6, -64]},
								"west": {"uv": [5, 64], "uv_size": [5, -64]},
								"up": {"uv": [4, 0], "uv_size": [6, 64]},
								"down": {"uv": [4, 0], "uv_size": [6, 64]}
							}
						},
						{
							"origin": [-18.80823, 32.42359, 1.55731],
							"size": [0.06, 0.96, 0.476],
							"pivot": [-11.33823, 6.01262, 0.67028],
							"rotation": [45, 0, 0],
							"uv": {
								"north": {"uv": [17, 64], "uv_size": [-5, -64]},
								"east": {"uv": [17, 64], "uv_size": [-8, -64]},
								"south": {"uv": [17, 64], "uv_size": [-1, -64]},
								"west": {"uv": [9, 64], "uv_size": [8, -64]},
								"up": {"uv": [12, 0], "uv_size": [5, 64]},
								"down": {"uv": [12, 0], "uv_size": [5, 64]}
							}
						}
					]
				},
				{
					"name": "B2",
					"parent": "rightArm",
					"pivot": [-5, 22, 0],
					"cubes": [
						{
							"origin": [-9.06738, -12.08793, -5],
							"size": [1.2, 0.25, 0.35],
							"pivot": [0, 0, 0],
							"rotation": [0, 0, 122.5],
							"uv": {
								"north": {"uv": [29, 21], "uv_size": [0, 1]},
								"east": {"uv": [29, 21], "uv_size": [0, 1]},
								"south": {"uv": [29, 21], "uv_size": [0, 1]},
								"west": {"uv": [29, 21], "uv_size": [0, 1]},
								"up": {"uv": [29, 22], "uv_size": [0, -1]},
								"down": {"uv": [29, 22], "uv_size": [0, -1]}
							}
						},
						{
							"origin": [-11.61464, -9.84478, -5],
							"size": [0.2, 0.25, 0.35],
							"pivot": [0, 0, 0],
							"rotation": [0, 0, 110],
							"uv": {
								"north": {"uv": [29, 21], "uv_size": [0, 1]},
								"east": {"uv": [29, 21], "uv_size": [0, 1]},
								"south": {"uv": [29, 21], "uv_size": [0, 1]},
								"west": {"uv": [29, 21], "uv_size": [0, 1]},
								"up": {"uv": [29, 22], "uv_size": [0, -1]},
								"down": {"uv": [29, 22], "uv_size": [0, -1]}
							}
						},
						{
							"origin": [-13.61602, -7.10348, -5],
							"size": [0.2, 0.25, 0.35],
							"pivot": [0, 0, 0],
							"rotation": [0, 0, 97.5],
							"uv": {
								"north": {"uv": [29, 21], "uv_size": [0, 1]},
								"east": {"uv": [29, 21], "uv_size": [0, 1]},
								"south": {"uv": [29, 21], "uv_size": [0, 1]},
								"west": {"uv": [29, 21], "uv_size": [0, 1]},
								"up": {"uv": [29, 22], "uv_size": [0, -1]},
								"down": {"uv": [29, 22], "uv_size": [0, -1]}
							}
						},
						{
							"origin": [-15.40227, -1.37116, -5],
							"size": [0.2, 0.25, 0.35],
							"pivot": [0, 0, 0],
							"rotation": [0, 0, 75],
							"uv": {
								"north": {"uv": [29, 21], "uv_size": [0, 1]},
								"east": {"uv": [29, 21], "uv_size": [0, 1]},
								"south": {"uv": [29, 21], "uv_size": [0, 1]},
								"west": {"uv": [29, 21], "uv_size": [0, 1]},
								"up": {"uv": [29, 22], "uv_size": [0, -1]},
								"down": {"uv": [29, 22], "uv_size": [0, -1]}
							}
						},
						{
							"origin": [-14.81594, 4.73611, -5],
							"size": [0.2, 0.25, 0.35],
							"pivot": [0, 0, 0],
							"rotation": [0, 0, 52],
							"uv": {
								"north": {"uv": [29, 21], "uv_size": [0, 1]},
								"east": {"uv": [29, 21], "uv_size": [0, 1]},
								"south": {"uv": [29, 21], "uv_size": [0, 1]},
								"west": {"uv": [29, 21], "uv_size": [0, 1]},
								"up": {"uv": [29, 22], "uv_size": [0, -1]},
								"down": {"uv": [29, 22], "uv_size": [0, -1]}
							}
						},
						{
							"origin": [-7.74745, 12.44393, -5],
							"size": [0.2, 0.25, 0.35],
							"pivot": [0, 0, 0],
							"rotation": [0, 0, 12.5],
							"uv": {
								"north": {"uv": [29, 21], "uv_size": [0, 1]},
								"east": {"uv": [29, 21], "uv_size": [0, 1]},
								"south": {"uv": [29, 21], "uv_size": [0, 1]},
								"west": {"uv": [29, 21], "uv_size": [0, 1]},
								"up": {"uv": [29, 22], "uv_size": [0, -1]},
								"down": {"uv": [29, 22], "uv_size": [0, -1]}
							}
						},
						{
							"origin": [-10.88604, 8.68934, -5],
							"size": [1.2, 0.25, 0.35],
							"pivot": [0, 0, 0],
							"rotation": [0, 0, 25],
							"uv": {
								"north": {"uv": [29, 21], "uv_size": [0, 1]},
								"east": {"uv": [29, 21], "uv_size": [0, 1]},
								"south": {"uv": [29, 21], "uv_size": [0, 1]},
								"west": {"uv": [29, 21], "uv_size": [0, 1]},
								"up": {"uv": [29, 22], "uv_size": [0, -1]},
								"down": {"uv": [29, 22], "uv_size": [0, -1]}
							}
						},
						{
							"origin": [-8.89185, 9.50047, -5],
							"size": [0.2, 0.25, 0.35],
							"pivot": [0, 0, 0],
							"rotation": [0, 0, 20],
							"uv": {
								"north": {"uv": [29, 21], "uv_size": [0, 1]},
								"east": {"uv": [29, 21], "uv_size": [0, 1]},
								"south": {"uv": [29, 21], "uv_size": [0, 1]},
								"west": {"uv": [29, 21], "uv_size": [0, 1]},
								"up": {"uv": [29, 22], "uv_size": [0, -1]},
								"down": {"uv": [29, 22], "uv_size": [0, -1]}
							}
						},
						{
							"origin": [-7.37743, 10.55371, -5],
							"size": [0.2, 0.25, 0.35],
							"pivot": [0, 0, 0],
							"rotation": [0, 0, 12.5],
							"uv": {
								"north": {"uv": [29, 21], "uv_size": [0, 1]},
								"east": {"uv": [29, 21], "uv_size": [0, 1]},
								"south": {"uv": [29, 21], "uv_size": [0, 1]},
								"west": {"uv": [29, 21], "uv_size": [0, 1]},
								"up": {"uv": [29, 22], "uv_size": [0, -1]},
								"down": {"uv": [29, 22], "uv_size": [0, -1]}
							}
						},
						{
							"origin": [-3.67168, 12.22355, -5],
							"size": [0.2, 0.25, 0.35],
							"pivot": [0, 0, 0],
							"rotation": [0, 0, -5],
							"uv": {
								"north": {"uv": [29, 21], "uv_size": [0, 1]},
								"east": {"uv": [29, 21], "uv_size": [0, 1]},
								"south": {"uv": [29, 21], "uv_size": [0, 1]},
								"west": {"uv": [29, 21], "uv_size": [0, 1]},
								"up": {"uv": [29, 22], "uv_size": [0, -1]},
								"down": {"uv": [29, 22], "uv_size": [0, -1]}
							}
						},
						{
							"origin": [2.01949, 12.54549, -5],
							"size": [0.2, 0.25, 0.35],
							"pivot": [0, 0, 0],
							"rotation": [0, 0, -30],
							"uv": {
								"north": {"uv": [29, 21], "uv_size": [0, 1]},
								"east": {"uv": [29, 21], "uv_size": [0, 1]},
								"south": {"uv": [29, 21], "uv_size": [0, 1]},
								"west": {"uv": [29, 21], "uv_size": [0, 1]},
								"up": {"uv": [29, 22], "uv_size": [0, -1]},
								"down": {"uv": [29, 22], "uv_size": [0, -1]}
							}
						},
						{
							"origin": [8.19488, 9.75497, -5],
							"size": [0.2, 0.25, 0.35],
							"pivot": [0, 0, 0],
							"rotation": [0, 0, -60],
							"uv": {
								"north": {"uv": [29, 21], "uv_size": [0, 1]},
								"east": {"uv": [29, 21], "uv_size": [0, 1]},
								"south": {"uv": [29, 21], "uv_size": [0, 1]},
								"west": {"uv": [29, 21], "uv_size": [0, 1]},
								"up": {"uv": [29, 22], "uv_size": [0, -1]},
								"down": {"uv": [29, 22], "uv_size": [0, -1]}
							}
						},
						{
							"origin": [-12.48203, 3.13035, -5],
							"size": [0.2, 0.25, 0.35],
							"pivot": [0, 0, 0],
							"rotation": [0, 0, 47.5],
							"uv": {
								"north": {"uv": [29, 21], "uv_size": [0, 1]},
								"east": {"uv": [29, 21], "uv_size": [0, 1]},
								"south": {"uv": [29, 21], "uv_size": [0, 1]},
								"west": {"uv": [29, 21], "uv_size": [0, 1]},
								"up": {"uv": [29, 22], "uv_size": [0, -1]},
								"down": {"uv": [29, 22], "uv_size": [0, -1]}
							}
						},
						{
							"origin": [-12.06927, 9.92319, -5],
							"size": [0.2, 0.25, 0.35],
							"pivot": [0, 0, 0],
							"rotation": [0, 0, 30],
							"uv": {
								"north": {"uv": [29, 21], "uv_size": [0, 1]},
								"east": {"uv": [29, 21], "uv_size": [0, 1]},
								"south": {"uv": [29, 21], "uv_size": [0, 1]},
								"west": {"uv": [29, 21], "uv_size": [0, 1]},
								"up": {"uv": [29, 22], "uv_size": [0, -1]},
								"down": {"uv": [29, 22], "uv_size": [0, -1]}
							}
						},
						{
							"origin": [9.46435, 7.81798, -5],
							"size": [0.2, 0.25, 0.35],
							"pivot": [0, 0, 0],
							"rotation": [0, 0, -75],
							"uv": {
								"north": {"uv": [29, 21], "uv_size": [0, 1]},
								"east": {"uv": [29, 21], "uv_size": [0, 1]},
								"south": {"uv": [29, 21], "uv_size": [0, 1]},
								"west": {"uv": [29, 21], "uv_size": [0, 1]},
								"up": {"uv": [29, 22], "uv_size": [0, -1]},
								"down": {"uv": [29, 22], "uv_size": [0, -1]}
							}
						},
						{
							"origin": [-8.08058, 9.53238, -5],
							"size": [0.2, 0.25, 0.35],
							"pivot": [0, 0, 0],
							"rotation": [0, 0, 12.5],
							"uv": {
								"north": {"uv": [29, 21], "uv_size": [0, 1]},
								"east": {"uv": [29, 21], "uv_size": [0, 1]},
								"south": {"uv": [29, 21], "uv_size": [0, 1]},
								"west": {"uv": [29, 21], "uv_size": [0, 1]},
								"up": {"uv": [29, 22], "uv_size": [0, -1]},
								"down": {"uv": [29, 22], "uv_size": [0, -1]}
							}
						},
						{
							"origin": [-5.63059, 11.0121, -5],
							"size": [0.2, 0.25, 0.35],
							"uv": {
								"north": {"uv": [29, 21], "uv_size": [0, 1]},
								"east": {"uv": [29, 21], "uv_size": [0, 1]},
								"south": {"uv": [29, 21], "uv_size": [0, 1]},
								"west": {"uv": [29, 21], "uv_size": [0, 1]},
								"up": {"uv": [29, 22], "uv_size": [0, -1]},
								"down": {"uv": [29, 22], "uv_size": [0, -1]}
							}
						},
						{
							"origin": [-5.43059, 11.0121, -5],
							"size": [0.2, 0.25, 0.35],
							"uv": {
								"north": {"uv": [29, 21], "uv_size": [0, 1]},
								"east": {"uv": [29, 21], "uv_size": [0, 1]},
								"south": {"uv": [29, 21], "uv_size": [0, 1]},
								"west": {"uv": [29, 21], "uv_size": [0, 1]},
								"up": {"uv": [29, 22], "uv_size": [0, -1]},
								"down": {"uv": [29, 22], "uv_size": [0, -1]}
							}
						},
						{
							"origin": [5.0736, 11.08531, -5],
							"size": [0.2, 0.25, 0.35],
							"pivot": [0, 0, 0],
							"rotation": [0, 0, -50],
							"uv": {
								"north": {"uv": [29, 21], "uv_size": [0, 1]},
								"east": {"uv": [29, 21], "uv_size": [0, 1]},
								"south": {"uv": [29, 21], "uv_size": [0, 1]},
								"west": {"uv": [29, 21], "uv_size": [0, 1]},
								"up": {"uv": [29, 22], "uv_size": [0, -1]},
								"down": {"uv": [29, 22], "uv_size": [0, -1]}
							}
						},
						{
							"origin": [10.6336, 7.24982, -5],
							"size": [0.2, 0.25, 0.35],
							"pivot": [0, 0, 0],
							"rotation": [0, 0, -75],
							"uv": {
								"north": {"uv": [29, 21], "uv_size": [0, 1]},
								"east": {"uv": [29, 21], "uv_size": [0, 1]},
								"south": {"uv": [29, 21], "uv_size": [0, 1]},
								"west": {"uv": [29, 21], "uv_size": [0, 1]},
								"up": {"uv": [29, 22], "uv_size": [0, -1]},
								"down": {"uv": [29, 22], "uv_size": [0, -1]}
							}
						},
						{
							"origin": [12.34085, 4.19885, -5],
							"size": [0.2, 0.25, 0.35],
							"pivot": [0, 0, 0],
							"rotation": [0, 0, -90],
							"uv": {
								"north": {"uv": [29, 21], "uv_size": [0, 1]},
								"east": {"uv": [29, 21], "uv_size": [0, 1]},
								"south": {"uv": [29, 21], "uv_size": [0, 1]},
								"west": {"uv": [29, 21], "uv_size": [0, 1]},
								"up": {"uv": [29, 22], "uv_size": [0, -1]},
								"down": {"uv": [29, 22], "uv_size": [0, -1]}
							}
						},
						{
							"origin": [13.22304, 0.23341, -5],
							"size": [0.2, 0.25, 0.35],
							"pivot": [0, 0, 0],
							"rotation": [0, 0, -107.5],
							"uv": {
								"north": {"uv": [29, 21], "uv_size": [0, 1]},
								"east": {"uv": [29, 21], "uv_size": [0, 1]},
								"south": {"uv": [29, 21], "uv_size": [0, 1]},
								"west": {"uv": [29, 21], "uv_size": [0, 1]},
								"up": {"uv": [29, 22], "uv_size": [0, -1]},
								"down": {"uv": [29, 22], "uv_size": [0, -1]}
							}
						},
						{
							"origin": [13.02607, -3.24868, -5],
							"size": [0.2, 0.25, 0.35],
							"pivot": [0, 0, 0],
							"rotation": [0, 0, -122.5],
							"uv": {
								"north": {"uv": [29, 21], "uv_size": [0, 1]},
								"east": {"uv": [29, 21], "uv_size": [0, 1]},
								"south": {"uv": [29, 21], "uv_size": [0, 1]},
								"west": {"uv": [29, 21], "uv_size": [0, 1]},
								"up": {"uv": [29, 22], "uv_size": [0, -1]},
								"down": {"uv": [29, 22], "uv_size": [0, -1]}
							}
						},
						{
							"origin": [11.35849, 5.05027, -5],
							"size": [0.5, 0.25, 0.35],
							"pivot": [0, 0, 0],
							"rotation": [0, 0, -90],
							"uv": {
								"north": {"uv": [29, 21], "uv_size": [0, 1]},
								"east": {"uv": [29, 21], "uv_size": [0, 1]},
								"south": {"uv": [29, 21], "uv_size": [0, 1]},
								"west": {"uv": [29, 21], "uv_size": [0, 1]},
								"up": {"uv": [29, 22], "uv_size": [0, -1]},
								"down": {"uv": [29, 22], "uv_size": [0, -1]}
							}
						},
						{
							"origin": [-11.31337, 5.71447, -5],
							"size": [0.2, 0.25, 0.35],
							"pivot": [0, 0, 0],
							"rotation": [0, 0, 35],
							"uv": {
								"north": {"uv": [29, 21], "uv_size": [0, 1]},
								"east": {"uv": [29, 21], "uv_size": [0, 1]},
								"south": {"uv": [29, 21], "uv_size": [0, 1]},
								"west": {"uv": [29, 21], "uv_size": [0, 1]},
								"up": {"uv": [29, 22], "uv_size": [0, -1]},
								"down": {"uv": [29, 22], "uv_size": [0, -1]}
							}
						},
						{
							"origin": [12.79489, -1.55558, -5],
							"size": [0.5, 0.25, 0.35],
							"pivot": [0, 0, 0],
							"rotation": [0, 0, -120],
							"uv": {
								"north": {"uv": [29, 21], "uv_size": [0, 1]},
								"east": {"uv": [29, 21], "uv_size": [0, 1]},
								"south": {"uv": [29, 21], "uv_size": [0, 1]},
								"west": {"uv": [29, 21], "uv_size": [0, 1]},
								"up": {"uv": [29, 22], "uv_size": [0, -1]},
								"down": {"uv": [29, 22], "uv_size": [0, -1]}
							}
						},
						{
							"origin": [10.97608, -8.06279, -5],
							"size": [0.2, 0.25, 0.35],
							"pivot": [0, 0, 0],
							"rotation": [0, 0, -145],
							"uv": {
								"north": {"uv": [29, 21], "uv_size": [0, 1]},
								"east": {"uv": [29, 21], "uv_size": [0, 1]},
								"south": {"uv": [29, 21], "uv_size": [0, 1]},
								"west": {"uv": [29, 21], "uv_size": [0, 1]},
								"up": {"uv": [29, 22], "uv_size": [0, -1]},
								"down": {"uv": [29, 22], "uv_size": [0, -1]}
							}
						},
						{
							"origin": [8.70846, -10.68064, -5],
							"size": [0.2, 0.25, 0.35],
							"pivot": [0, 0, 0],
							"rotation": [0, 0, -160],
							"uv": {
								"north": {"uv": [29, 21], "uv_size": [0, 1]},
								"east": {"uv": [29, 21], "uv_size": [0, 1]},
								"south": {"uv": [29, 21], "uv_size": [0, 1]},
								"west": {"uv": [29, 21], "uv_size": [0, 1]},
								"up": {"uv": [29, 22], "uv_size": [0, -1]},
								"down": {"uv": [29, 22], "uv_size": [0, -1]}
							}
						},
						{
							"origin": [-8.8278, -10.96576, -5],
							"size": [0.2, 0.25, 0.35],
							"pivot": [0, 0, 0],
							"rotation": [0, 0, 122.5],
							"uv": {
								"north": {"uv": [29, 21], "uv_size": [0, 1]},
								"east": {"uv": [29, 21], "uv_size": [0, 1]},
								"south": {"uv": [29, 21], "uv_size": [0, 1]},
								"west": {"uv": [29, 21], "uv_size": [0, 1]},
								"up": {"uv": [29, 22], "uv_size": [0, -1]},
								"down": {"uv": [29, 22], "uv_size": [0, -1]}
							}
						},
						{
							"origin": [-5.56037, -12.83367, -5],
							"size": [0.2, 0.25, 0.35],
							"pivot": [0, 0, 0],
							"rotation": [0, 0, 137.5],
							"uv": {
								"north": {"uv": [29, 21], "uv_size": [0, 1]},
								"east": {"uv": [29, 21], "uv_size": [0, 1]},
								"south": {"uv": [29, 21], "uv_size": [0, 1]},
								"west": {"uv": [29, 21], "uv_size": [0, 1]},
								"up": {"uv": [29, 22], "uv_size": [0, -1]},
								"down": {"uv": [29, 22], "uv_size": [0, -1]}
							}
						},
						{
							"origin": [-12.16042, -7.30024, -5],
							"size": [0.2, 0.25, 0.35],
							"pivot": [0, 0, 0],
							"rotation": [0, 0, 102.5],
							"uv": {
								"north": {"uv": [29, 21], "uv_size": [0, 1]},
								"east": {"uv": [29, 21], "uv_size": [0, 1]},
								"south": {"uv": [29, 21], "uv_size": [0, 1]},
								"west": {"uv": [29, 21], "uv_size": [0, 1]},
								"up": {"uv": [29, 22], "uv_size": [0, -1]},
								"down": {"uv": [29, 22], "uv_size": [0, -1]}
							}
						},
						{
							"origin": [-13.59812, -4.50112, -5],
							"size": [0.2, 0.25, 0.35],
							"pivot": [0, 0, 0],
							"rotation": [0, 0, 90],
							"uv": {
								"north": {"uv": [29, 21], "uv_size": [0, 1]},
								"east": {"uv": [29, 21], "uv_size": [0, 1]},
								"south": {"uv": [29, 21], "uv_size": [0, 1]},
								"west": {"uv": [29, 21], "uv_size": [0, 1]},
								"up": {"uv": [29, 22], "uv_size": [0, -1]},
								"down": {"uv": [29, 22], "uv_size": [0, -1]}
							}
						},
						{
							"origin": [-14.4471, -0.21533, -5],
							"size": [0.2, 0.25, 0.35],
							"pivot": [0, 0, 0],
							"rotation": [0, 0, 72.5],
							"uv": {
								"north": {"uv": [29, 21], "uv_size": [0, 1]},
								"east": {"uv": [29, 21], "uv_size": [0, 1]},
								"south": {"uv": [29, 21], "uv_size": [0, 1]},
								"west": {"uv": [29, 21], "uv_size": [0, 1]},
								"up": {"uv": [29, 22], "uv_size": [0, -1]},
								"down": {"uv": [29, 22], "uv_size": [0, -1]}
							}
						},
						{
							"origin": [-13.53411, 5.3107, -5],
							"size": [0.2, 0.25, 0.35],
							"pivot": [0, 0, 0],
							"rotation": [0, 0, 50],
							"uv": {
								"north": {"uv": [29, 21], "uv_size": [0, 1]},
								"east": {"uv": [29, 21], "uv_size": [0, 1]},
								"south": {"uv": [29, 21], "uv_size": [0, 1]},
								"west": {"uv": [29, 21], "uv_size": [0, 1]},
								"up": {"uv": [29, 22], "uv_size": [0, -1]},
								"down": {"uv": [29, 22], "uv_size": [0, -1]}
							}
						},
						{
							"origin": [-10.11602, 10.50946, -5],
							"size": [0.2, 0.25, 0.35],
							"pivot": [0, 0, 0],
							"rotation": [0, 0, 25],
							"uv": {
								"north": {"uv": [29, 21], "uv_size": [0, 1]},
								"east": {"uv": [29, 21], "uv_size": [0, 1]},
								"south": {"uv": [29, 21], "uv_size": [0, 1]},
								"west": {"uv": [29, 21], "uv_size": [0, 1]},
								"up": {"uv": [29, 22], "uv_size": [0, -1]},
								"down": {"uv": [29, 22], "uv_size": [0, -1]}
							}
						},
						{
							"origin": [-5.01634, 13.81989, -5],
							"size": [0.2, 0.25, 0.35],
							"uv": {
								"north": {"uv": [29, 21], "uv_size": [0, 1]},
								"east": {"uv": [29, 21], "uv_size": [0, 1]},
								"south": {"uv": [29, 21], "uv_size": [0, 1]},
								"west": {"uv": [29, 21], "uv_size": [0, 1]},
								"up": {"uv": [29, 22], "uv_size": [0, -1]},
								"down": {"uv": [29, 22], "uv_size": [0, -1]}
							}
						},
						{
							"origin": [-10.31935, 11.86444, -5],
							"size": [0.2, 0.25, 0.35],
							"pivot": [0, 0, 0],
							"rotation": [0, 0, 20],
							"uv": {
								"north": {"uv": [29, 21], "uv_size": [0, 1]},
								"east": {"uv": [29, 21], "uv_size": [0, 1]},
								"south": {"uv": [29, 21], "uv_size": [0, 1]},
								"west": {"uv": [29, 21], "uv_size": [0, 1]},
								"up": {"uv": [29, 22], "uv_size": [0, -1]},
								"down": {"uv": [29, 22], "uv_size": [0, -1]}
							}
						},
						{
							"origin": [2.53336, 14.3117, -5],
							"size": [0.79565, 0.25, 0.35],
							"pivot": [0, 0, 0],
							"rotation": [0, 0, -32.5],
							"uv": {
								"north": {"uv": [29, 21], "uv_size": [0, 1]},
								"east": {"uv": [29, 21], "uv_size": [0, 1]},
								"south": {"uv": [29, 21], "uv_size": [0, 1]},
								"west": {"uv": [29, 21], "uv_size": [0, 1]},
								"up": {"uv": [29, 22], "uv_size": [0, -1]},
								"down": {"uv": [29, 22], "uv_size": [0, -1]}
							}
						},
						{
							"origin": [2.72901, 15.3117, -5],
							"size": [0.6, 0.25, 0.35],
							"pivot": [0, 0, 0],
							"rotation": [0, 0, -32.5],
							"uv": {
								"north": {"uv": [29, 21], "uv_size": [0, 1]},
								"east": {"uv": [29, 21], "uv_size": [0, 1]},
								"south": {"uv": [29, 21], "uv_size": [0, 1]},
								"west": {"uv": [29, 21], "uv_size": [0, 1]},
								"up": {"uv": [29, 22], "uv_size": [0, -1]},
								"down": {"uv": [29, 22], "uv_size": [0, -1]}
							}
						}
					]
				},
				{
					"name": "B3",
					"parent": "rightArm",
					"pivot": [-7, 22, 0],
					"cubes": [
						{
							"origin": [14.31497, -1.96723, -5],
							"size": [1.2, 0.25, 0.35],
							"pivot": [0, 0, 0],
							"rotation": [0, 0, -122.5],
							"uv": {
								"north": {"uv": [29, 21], "uv_size": [0, 1]},
								"east": {"uv": [29, 21], "uv_size": [0, 1]},
								"south": {"uv": [29, 21], "uv_size": [0, 1]},
								"west": {"uv": [29, 21], "uv_size": [0, 1]},
								"up": {"uv": [29, 22], "uv_size": [0, -1]},
								"down": {"uv": [29, 22], "uv_size": [0, -1]}
							}
						},
						{
							"origin": [15.51888, 1.43153, -5],
							"size": [0.2, 0.25, 0.35],
							"pivot": [0, 0, 0],
							"rotation": [0, 0, -110],
							"uv": {
								"north": {"uv": [29, 21], "uv_size": [0, 1]},
								"east": {"uv": [29, 21], "uv_size": [0, 1]},
								"south": {"uv": [29, 21], "uv_size": [0, 1]},
								"west": {"uv": [29, 21], "uv_size": [0, 1]},
								"up": {"uv": [29, 22], "uv_size": [0, -1]},
								"down": {"uv": [29, 22], "uv_size": [0, -1]}
							}
						},
						{
							"origin": [14.98233, 4.79386, -5],
							"size": [0.2, 0.25, 0.35],
							"pivot": [0, 0, 0],
							"rotation": [0, 0, -97.5],
							"uv": {
								"north": {"uv": [29, 21], "uv_size": [0, 1]},
								"east": {"uv": [29, 21], "uv_size": [0, 1]},
								"south": {"uv": [29, 21], "uv_size": [0, 1]},
								"west": {"uv": [29, 21], "uv_size": [0, 1]},
								"up": {"uv": [29, 22], "uv_size": [0, -1]},
								"down": {"uv": [29, 22], "uv_size": [0, -1]}
							}
						},
						{
							"origin": [12.09644, 10.21995, -5],
							"size": [0.2, 0.25, 0.35],
							"pivot": [0, 0, 0],
							"rotation": [0, 0, -75],
							"uv": {
								"north": {"uv": [29, 21], "uv_size": [0, 1]},
								"east": {"uv": [29, 21], "uv_size": [0, 1]},
								"south": {"uv": [29, 21], "uv_size": [0, 1]},
								"west": {"uv": [29, 21], "uv_size": [0, 1]},
								"up": {"uv": [29, 22], "uv_size": [0, -1]},
								"down": {"uv": [29, 22], "uv_size": [0, -1]}
							}
						},
						{
							"origin": [7.228, 14.19224, -5],
							"size": [0.2, 0.25, 0.35],
							"pivot": [0, 0, 0],
							"rotation": [0, 0, -52],
							"uv": {
								"north": {"uv": [29, 21], "uv_size": [0, 1]},
								"east": {"uv": [29, 21], "uv_size": [0, 1]},
								"south": {"uv": [29, 21], "uv_size": [0, 1]},
								"west": {"uv": [29, 21], "uv_size": [0, 1]},
								"up": {"uv": [29, 22], "uv_size": [0, -1]},
								"down": {"uv": [29, 22], "uv_size": [0, -1]}
							}
						},
						{
							"origin": [-4.1681, 15.0412, -5],
							"size": [0.2, 0.25, 0.35],
							"pivot": [0, 0, 0],
							"rotation": [0, 0, -12.5],
							"uv": {
								"north": {"uv": [29, 21], "uv_size": [0, 1]},
								"east": {"uv": [29, 21], "uv_size": [0, 1]},
								"south": {"uv": [29, 21], "uv_size": [0, 1]},
								"west": {"uv": [29, 21], "uv_size": [0, 1]},
								"up": {"uv": [29, 22], "uv_size": [0, -1]},
								"down": {"uv": [29, 22], "uv_size": [0, -1]}
							}
						},
						{
							"origin": [-1.18966, 13.76076, -5],
							"size": [1.2, 0.25, 0.35],
							"pivot": [0, 0, 0],
							"rotation": [0, 0, -25],
							"uv": {
								"north": {"uv": [29, 21], "uv_size": [0, 1]},
								"east": {"uv": [29, 21], "uv_size": [0, 1]},
								"south": {"uv": [29, 21], "uv_size": [0, 1]},
								"west": {"uv": [29, 21], "uv_size": [0, 1]},
								"up": {"uv": [29, 22], "uv_size": [0, -1]},
								"down": {"uv": [29, 22], "uv_size": [0, -1]}
							}
						},
						{
							"origin": [-2.58446, 13.60471, -5],
							"size": [0.2, 0.25, 0.35],
							"pivot": [0, 0, 0],
							"rotation": [0, 0, -20],
							"uv": {
								"north": {"uv": [29, 21], "uv_size": [0, 1]},
								"east": {"uv": [29, 21], "uv_size": [0, 1]},
								"south": {"uv": [29, 21], "uv_size": [0, 1]},
								"west": {"uv": [29, 21], "uv_size": [0, 1]},
								"up": {"uv": [29, 22], "uv_size": [0, -1]},
								"down": {"uv": [29, 22], "uv_size": [0, -1]}
							}
						},
						{
							"origin": [-4.53812, 13.15098, -5],
							"size": [0.2, 0.25, 0.35],
							"pivot": [0, 0, 0],
							"rotation": [0, 0, -12.5],
							"uv": {
								"north": {"uv": [29, 21], "uv_size": [0, 1]},
								"east": {"uv": [29, 21], "uv_size": [0, 1]},
								"south": {"uv": [29, 21], "uv_size": [0, 1]},
								"west": {"uv": [29, 21], "uv_size": [0, 1]},
								"up": {"uv": [29, 22], "uv_size": [0, -1]},
								"down": {"uv": [29, 22], "uv_size": [0, -1]}
							}
						},
						{
							"origin": [-8.48266, 11.17768, -5],
							"size": [0.2, 0.25, 0.35],
							"pivot": [0, 0, 0],
							"rotation": [0, 0, 5],
							"uv": {
								"north": {"uv": [29, 21], "uv_size": [0, 1]},
								"east": {"uv": [29, 21], "uv_size": [0, 1]},
								"south": {"uv": [29, 21], "uv_size": [0, 1]},
								"west": {"uv": [29, 21], "uv_size": [0, 1]},
								"up": {"uv": [29, 22], "uv_size": [0, -1]},
								"down": {"uv": [29, 22], "uv_size": [0, -1]}
							}
						},
						{
							"origin": [-12.61179, 6.54549, -5],
							"size": [0.2, 0.25, 0.35],
							"pivot": [0, 0, 0],
							"rotation": [0, 0, 30],
							"uv": {
								"north": {"uv": [29, 21], "uv_size": [0, 1]},
								"east": {"uv": [29, 21], "uv_size": [0, 1]},
								"south": {"uv": [29, 21], "uv_size": [0, 1]},
								"west": {"uv": [29, 21], "uv_size": [0, 1]},
								"up": {"uv": [29, 22], "uv_size": [0, -1]},
								"down": {"uv": [29, 22], "uv_size": [0, -1]}
							}
						},
						{
							"origin": [-14.39488, -0.63733, -5],
							"size": [0.2, 0.25, 0.35],
							"pivot": [0, 0, 0],
							"rotation": [0, 0, 60],
							"uv": {
								"north": {"uv": [29, 21], "uv_size": [0, 1]},
								"east": {"uv": [29, 21], "uv_size": [0, 1]},
								"south": {"uv": [29, 21], "uv_size": [0, 1]},
								"west": {"uv": [29, 21], "uv_size": [0, 1]},
								"up": {"uv": [29, 22], "uv_size": [0, -1]},
								"down": {"uv": [29, 22], "uv_size": [0, -1]}
							}
						},
						{
							"origin": [4.17495, 11.97768, -5],
							"size": [0.2, 0.25, 0.35],
							"pivot": [0, 0, 0],
							"rotation": [0, 0, -47.5],
							"uv": {
								"north": {"uv": [29, 21], "uv_size": [0, 1]},
								"east": {"uv": [29, 21], "uv_size": [0, 1]},
								"south": {"uv": [29, 21], "uv_size": [0, 1]},
								"west": {"uv": [29, 21], "uv_size": [0, 1]},
								"up": {"uv": [29, 22], "uv_size": [0, -1]},
								"down": {"uv": [29, 22], "uv_size": [0, -1]}
							}
						},
						{
							"origin": [1.47696, 15.92319, -5],
							"size": [0.2, 0.25, 0.35],
							"pivot": [0, 0, 0],
							"rotation": [0, 0, -30],
							"uv": {
								"north": {"uv": [29, 21], "uv_size": [0, 1]},
								"east": {"uv": [29, 21], "uv_size": [0, 1]},
								"south": {"uv": [29, 21], "uv_size": [0, 1]},
								"west": {"uv": [29, 21], "uv_size": [0, 1]},
								"up": {"uv": [29, 22], "uv_size": [0, -1]},
								"down": {"uv": [29, 22], "uv_size": [0, -1]}
							}
						},
						{
							"origin": [-12.77018, -3.77313, -5],
							"size": [0.2, 0.25, 0.35],
							"pivot": [0, 0, 0],
							"rotation": [0, 0, 75],
							"uv": {
								"north": {"uv": [29, 21], "uv_size": [0, 1]},
								"east": {"uv": [29, 21], "uv_size": [0, 1]},
								"south": {"uv": [29, 21], "uv_size": [0, 1]},
								"west": {"uv": [29, 21], "uv_size": [0, 1]},
								"up": {"uv": [29, 22], "uv_size": [0, -1]},
								"down": {"uv": [29, 22], "uv_size": [0, -1]}
							}
						},
						{
							"origin": [-3.83497, 12.12966, -5],
							"size": [0.2, 0.25, 0.35],
							"pivot": [0, 0, 0],
							"rotation": [0, 0, -12.5],
							"uv": {
								"north": {"uv": [29, 21], "uv_size": [0, 1]},
								"east": {"uv": [29, 21], "uv_size": [0, 1]},
								"south": {"uv": [29, 21], "uv_size": [0, 1]},
								"west": {"uv": [29, 21], "uv_size": [0, 1]},
								"up": {"uv": [29, 22], "uv_size": [0, -1]},
								"down": {"uv": [29, 22], "uv_size": [0, -1]}
							}
						},
						{
							"origin": [-6.56941, 11.0121, -5],
							"size": [0.2, 0.25, 0.35],
							"uv": {
								"north": {"uv": [29, 21], "uv_size": [0, 1]},
								"east": {"uv": [29, 21], "uv_size": [0, 1]},
								"south": {"uv": [29, 21], "uv_size": [0, 1]},
								"west": {"uv": [29, 21], "uv_size": [0, 1]},
								"up": {"uv": [29, 22], "uv_size": [0, -1]},
								"down": {"uv": [29, 22], "uv_size": [0, -1]}
							}
						},
						{
							"origin": [-6.76941, 11.0121, -5],
							"size": [0.2, 0.25, 0.35],
							"uv": {
								"north": {"uv": [29, 21], "uv_size": [0, 1]},
								"east": {"uv": [29, 21], "uv_size": [0, 1]},
								"south": {"uv": [29, 21], "uv_size": [0, 1]},
								"west": {"uv": [29, 21], "uv_size": [0, 1]},
								"up": {"uv": [29, 22], "uv_size": [0, -1]},
								"down": {"uv": [29, 22], "uv_size": [0, -1]}
							}
						},
						{
							"origin": [-12.98705, 1.89277, -5],
							"size": [0.2, 0.25, 0.35],
							"pivot": [0, 0, 0],
							"rotation": [0, 0, 50],
							"uv": {
								"north": {"uv": [29, 21], "uv_size": [0, 1]},
								"east": {"uv": [29, 21], "uv_size": [0, 1]},
								"south": {"uv": [29, 21], "uv_size": [0, 1]},
								"west": {"uv": [29, 21], "uv_size": [0, 1]},
								"up": {"uv": [29, 22], "uv_size": [0, -1]},
								"down": {"uv": [29, 22], "uv_size": [0, -1]}
							}
						},
						{
							"origin": [-13.93943, -4.34129, -5],
							"size": [0.2, 0.25, 0.35],
							"pivot": [0, 0, 0],
							"rotation": [0, 0, 75],
							"uv": {
								"north": {"uv": [29, 21], "uv_size": [0, 1]},
								"east": {"uv": [29, 21], "uv_size": [0, 1]},
								"south": {"uv": [29, 21], "uv_size": [0, 1]},
								"west": {"uv": [29, 21], "uv_size": [0, 1]},
								"up": {"uv": [29, 22], "uv_size": [0, -1]},
								"down": {"uv": [29, 22], "uv_size": [0, -1]}
							}
						},
						{
							"origin": [-12.54085, -7.80115, -5],
							"size": [0.2, 0.25, 0.35],
							"pivot": [0, 0, 0],
							"rotation": [0, 0, 90],
							"uv": {
								"north": {"uv": [29, 21], "uv_size": [0, 1]},
								"east": {"uv": [29, 21], "uv_size": [0, 1]},
								"south": {"uv": [29, 21], "uv_size": [0, 1]},
								"west": {"uv": [29, 21], "uv_size": [0, 1]},
								"up": {"uv": [29, 22], "uv_size": [0, -1]},
								"down": {"uv": [29, 22], "uv_size": [0, -1]}
							}
						},
						{
							"origin": [-9.81457, -11.21119, -5],
							"size": [0.2, 0.25, 0.35],
							"pivot": [0, 0, 0],
							"rotation": [0, 0, 107.5],
							"uv": {
								"north": {"uv": [29, 21], "uv_size": [0, 1]},
								"east": {"uv": [29, 21], "uv_size": [0, 1]},
								"south": {"uv": [29, 21], "uv_size": [0, 1]},
								"west": {"uv": [29, 21], "uv_size": [0, 1]},
								"up": {"uv": [29, 22], "uv_size": [0, -1]},
								"down": {"uv": [29, 22], "uv_size": [0, -1]}
							}
						},
						{
							"origin": [-6.77847, -13.36938, -5],
							"size": [0.2, 0.25, 0.35],
							"pivot": [0, 0, 0],
							"rotation": [0, 0, 122.5],
							"uv": {
								"north": {"uv": [29, 21], "uv_size": [0, 1]},
								"east": {"uv": [29, 21], "uv_size": [0, 1]},
								"south": {"uv": [29, 21], "uv_size": [0, 1]},
								"west": {"uv": [29, 21], "uv_size": [0, 1]},
								"up": {"uv": [29, 22], "uv_size": [0, -1]},
								"down": {"uv": [29, 22], "uv_size": [0, -1]}
							}
						},
						{
							"origin": [-11.85849, -6.94973, -5],
							"size": [0.5, 0.25, 0.35],
							"pivot": [0, 0, 0],
							"rotation": [0, 0, 90],
							"uv": {
								"north": {"uv": [29, 21], "uv_size": [0, 1]},
								"east": {"uv": [29, 21], "uv_size": [0, 1]},
								"south": {"uv": [29, 21], "uv_size": [0, 1]},
								"west": {"uv": [29, 21], "uv_size": [0, 1]},
								"up": {"uv": [29, 22], "uv_size": [0, -1]},
								"down": {"uv": [29, 22], "uv_size": [0, -1]}
							}
						},
						{
							"origin": [1.28354, 12.59739, -5],
							"size": [0.2, 0.25, 0.35],
							"pivot": [0, 0, 0],
							"rotation": [0, 0, -35],
							"uv": {
								"north": {"uv": [29, 21], "uv_size": [0, 1]},
								"east": {"uv": [29, 21], "uv_size": [0, 1]},
								"south": {"uv": [29, 21], "uv_size": [0, 1]},
								"west": {"uv": [29, 21], "uv_size": [0, 1]},
								"up": {"uv": [29, 22], "uv_size": [0, -1]},
								"down": {"uv": [29, 22], "uv_size": [0, -1]}
							}
						},
						{
							"origin": [-7.29489, -11.94789, -5],
							"size": [0.5, 0.25, 0.35],
							"pivot": [0, 0, 0],
							"rotation": [0, 0, 120],
							"uv": {
								"north": {"uv": [29, 21], "uv_size": [0, 1]},
								"east": {"uv": [29, 21], "uv_size": [0, 1]},
								"south": {"uv": [29, 21], "uv_size": [0, 1]},
								"west": {"uv": [29, 21], "uv_size": [0, 1]},
								"up": {"uv": [29, 22], "uv_size": [0, -1]},
								"down": {"uv": [29, 22], "uv_size": [0, -1]}
							}
						},
						{
							"origin": [-1.34625, -14.9457, -5],
							"size": [0.2, 0.25, 0.35],
							"pivot": [0, 0, 0],
							"rotation": [0, 0, 145],
							"uv": {
								"north": {"uv": [29, 21], "uv_size": [0, 1]},
								"east": {"uv": [29, 21], "uv_size": [0, 1]},
								"south": {"uv": [29, 21], "uv_size": [0, 1]},
								"west": {"uv": [29, 21], "uv_size": [0, 1]},
								"up": {"uv": [29, 22], "uv_size": [0, -1]},
								"down": {"uv": [29, 22], "uv_size": [0, -1]}
							}
						},
						{
							"origin": [2.36785, -14.78488, -5],
							"size": [0.2, 0.25, 0.35],
							"pivot": [0, 0, 0],
							"rotation": [0, 0, 160],
							"uv": {
								"north": {"uv": [29, 21], "uv_size": [0, 1]},
								"east": {"uv": [29, 21], "uv_size": [0, 1]},
								"south": {"uv": [29, 21], "uv_size": [0, 1]},
								"west": {"uv": [29, 21], "uv_size": [0, 1]},
								"up": {"uv": [29, 22], "uv_size": [0, -1]},
								"down": {"uv": [29, 22], "uv_size": [0, -1]}
							}
						},
						{
							"origin": [15.07539, -0.84506, -5],
							"size": [0.2, 0.25, 0.35],
							"pivot": [0, 0, 0],
							"rotation": [0, 0, -122.5],
							"uv": {
								"north": {"uv": [29, 21], "uv_size": [0, 1]},
								"east": {"uv": [29, 21], "uv_size": [0, 1]},
								"south": {"uv": [29, 21], "uv_size": [0, 1]},
								"west": {"uv": [29, 21], "uv_size": [0, 1]},
								"up": {"uv": [29, 22], "uv_size": [0, -1]},
								"down": {"uv": [29, 22], "uv_size": [0, -1]}
							}
						},
						{
							"origin": [14.2077, -4.72659, -5],
							"size": [0.2, 0.25, 0.35],
							"pivot": [0, 0, 0],
							"rotation": [0, 0, -137.5],
							"uv": {
								"north": {"uv": [29, 21], "uv_size": [0, 1]},
								"east": {"uv": [29, 21], "uv_size": [0, 1]},
								"south": {"uv": [29, 21], "uv_size": [0, 1]},
								"west": {"uv": [29, 21], "uv_size": [0, 1]},
								"up": {"uv": [29, 22], "uv_size": [0, -1]},
								"down": {"uv": [29, 22], "uv_size": [0, -1]}
							}
						},
						{
							"origin": [14.5577, 4.41532, -5],
							"size": [0.2, 0.25, 0.35],
							"pivot": [0, 0, 0],
							"rotation": [0, 0, -102.5],
							"uv": {
								"north": {"uv": [29, 21], "uv_size": [0, 1]},
								"east": {"uv": [29, 21], "uv_size": [0, 1]},
								"south": {"uv": [29, 21], "uv_size": [0, 1]},
								"west": {"uv": [29, 21], "uv_size": [0, 1]},
								"up": {"uv": [29, 22], "uv_size": [0, -1]},
								"down": {"uv": [29, 22], "uv_size": [0, -1]}
							}
						},
						{
							"origin": [13.39812, 7.49888, -5],
							"size": [0.2, 0.25, 0.35],
							"pivot": [0, 0, 0],
							"rotation": [0, 0, -90],
							"uv": {
								"north": {"uv": [29, 21], "uv_size": [0, 1]},
								"east": {"uv": [29, 21], "uv_size": [0, 1]},
								"south": {"uv": [29, 21], "uv_size": [0, 1]},
								"west": {"uv": [29, 21], "uv_size": [0, 1]},
								"up": {"uv": [29, 22], "uv_size": [0, -1]},
								"down": {"uv": [29, 22], "uv_size": [0, -1]}
							}
						},
						{
							"origin": [10.63863, 11.22927, -5],
							"size": [0.2, 0.25, 0.35],
							"pivot": [0, 0, 0],
							"rotation": [0, 0, -72.5],
							"uv": {
								"north": {"uv": [29, 21], "uv_size": [0, 1]},
								"east": {"uv": [29, 21], "uv_size": [0, 1]},
								"south": {"uv": [29, 21], "uv_size": [0, 1]},
								"west": {"uv": [29, 21], "uv_size": [0, 1]},
								"up": {"uv": [29, 22], "uv_size": [0, -1]},
								"down": {"uv": [29, 22], "uv_size": [0, -1]}
							}
						},
						{
							"origin": [5.62066, 14.50323, -5],
							"size": [0.2, 0.25, 0.35],
							"pivot": [0, 0, 0],
							"rotation": [0, 0, -50],
							"uv": {
								"north": {"uv": [29, 21], "uv_size": [0, 1]},
								"east": {"uv": [29, 21], "uv_size": [0, 1]},
								"south": {"uv": [29, 21], "uv_size": [0, 1]},
								"west": {"uv": [29, 21], "uv_size": [0, 1]},
								"up": {"uv": [29, 22], "uv_size": [0, -1]},
								"down": {"uv": [29, 22], "uv_size": [0, -1]}
							}
						},
						{
							"origin": [-0.95968, 15.58088, -5],
							"size": [0.2, 0.25, 0.35],
							"pivot": [0, 0, 0],
							"rotation": [0, 0, -25],
							"uv": {
								"north": {"uv": [29, 21], "uv_size": [0, 1]},
								"east": {"uv": [29, 21], "uv_size": [0, 1]},
								"south": {"uv": [29, 21], "uv_size": [0, 1]},
								"west": {"uv": [29, 21], "uv_size": [0, 1]},
								"up": {"uv": [29, 22], "uv_size": [0, -1]},
								"down": {"uv": [29, 22], "uv_size": [0, -1]}
							}
						},
						{
							"origin": [-7.18366, 13.81989, -5],
							"size": [0.2, 0.25, 0.35],
							"uv": {
								"north": {"uv": [29, 21], "uv_size": [0, 1]},
								"east": {"uv": [29, 21], "uv_size": [0, 1]},
								"south": {"uv": [29, 21], "uv_size": [0, 1]},
								"west": {"uv": [29, 21], "uv_size": [0, 1]},
								"up": {"uv": [29, 22], "uv_size": [0, -1]},
								"down": {"uv": [29, 22], "uv_size": [0, -1]}
							}
						},
						{
							"origin": [-1.15696, 15.96868, -5],
							"size": [0.2, 0.25, 0.35],
							"pivot": [0, 0, 0],
							"rotation": [0, 0, -20],
							"uv": {
								"north": {"uv": [29, 21], "uv_size": [0, 1]},
								"east": {"uv": [29, 21], "uv_size": [0, 1]},
								"south": {"uv": [29, 21], "uv_size": [0, 1]},
								"west": {"uv": [29, 21], "uv_size": [0, 1]},
								"up": {"uv": [29, 22], "uv_size": [0, -1]},
								"down": {"uv": [29, 22], "uv_size": [0, -1]}
							}
						},
						{
							"origin": [-6.07465, 14.38005, -5],
							"size": [0.1, 0.25, 0.35],
							"uv": {
								"north": {"uv": [29, 21], "uv_size": [0, 1]},
								"east": {"uv": [29, 21], "uv_size": [0, 1]},
								"south": {"uv": [29, 21], "uv_size": [0, 1]},
								"west": {"uv": [29, 21], "uv_size": [0, 1]},
								"up": {"uv": [29, 22], "uv_size": [0, -1]},
								"down": {"uv": [29, 22], "uv_size": [0, -1]}
							}
						},
						{
							"origin": [-6.02535, 14.38005, -5],
							"size": [0.1, 0.25, 0.35],
							"uv": {
								"north": {"uv": [29, 21], "uv_size": [0, 1]},
								"east": {"uv": [29, 21], "uv_size": [0, 1]},
								"south": {"uv": [29, 21], "uv_size": [0, 1]},
								"west": {"uv": [29, 21], "uv_size": [0, 1]},
								"up": {"uv": [29, 22], "uv_size": [0, -1]},
								"down": {"uv": [29, 22], "uv_size": [0, -1]}
							}
						},
						{
							"origin": [-13.4497, 7.8641, -5],
							"size": [0.79565, 0.25, 0.35],
							"pivot": [0, 0, 0],
							"rotation": [0, 0, 32.5],
							"uv": {
								"north": {"uv": [29, 21], "uv_size": [0, 1]},
								"east": {"uv": [29, 21], "uv_size": [0, 1]},
								"south": {"uv": [29, 21], "uv_size": [0, 1]},
								"west": {"uv": [29, 21], "uv_size": [0, 1]},
								"up": {"uv": [29, 22], "uv_size": [0, -1]},
								"down": {"uv": [29, 22], "uv_size": [0, -1]}
							}
						},
						{
							"origin": [-13.4497, 8.8641, -5],
							"size": [0.6, 0.25, 0.35],
							"pivot": [0, 0, 0],
							"rotation": [0, 0, 32.5],
							"uv": {
								"north": {"uv": [29, 21], "uv_size": [0, 1]},
								"east": {"uv": [29, 21], "uv_size": [0, 1]},
								"south": {"uv": [29, 21], "uv_size": [0, 1]},
								"west": {"uv": [29, 21], "uv_size": [0, 1]},
								"up": {"uv": [29, 22], "uv_size": [0, -1]},
								"down": {"uv": [29, 22], "uv_size": [0, -1]}
							}
						}
					]
				}
			]
		}
	]
}