{
	"format_version": "1.12.0",
	"minecraft:geometry": [
		{
			"description": {
				"identifier": "geometry.nichirin_tanjiro",
				"texture_width": 64,
				"texture_height": 64,
				"visible_bounds_width": 3,
				"visible_bounds_height": 4.5,
				"visible_bounds_offset": [0, 0.75, 0]
			},
			"bones": [
				{
					"name": "root",
					"pivot": [0, 0, 0]
				},
				{
					"name": "waist",
					"parent": "root",
					"pivot": [0, 0, 0]
				},
				{
					"name": "body",
					"parent": "waist",
					"pivot": [0, 0, 0]
				},
				{
					"name": "rightArm",
					"parent": "body",
					"pivot": [-5, 22, 0]
				},
				{
					"name": "NichirinR",
					"parent": "rightArm",
					"pivot": [-6.7, 13, 3],
					"rotation": [90, 0, 180]
				},
				{
					"name": "B1",
					"parent": "NichirinR",
					"pivot": [-7, 34, 3],
					"cubes": [
						{
							"origin": [-8, 12, 2],
							"size": [1, 1.2, 2],
							"uv": {
								"north": {"uv": [51, 51], "uv_size": [12, 12]},
								"east": {"uv": [51, 51], "uv_size": [12, 12]},
								"south": {"uv": [51, 51], "uv_size": [12, 12]},
								"west": {"uv": [51, 51], "uv_size": [12, 12]},
								"up": {"uv": [63, 63], "uv_size": [-12, -12]},
								"down": {"uv": [63, 63], "uv_size": [-12, -12]}
							}
						},
						{
							"origin": [-7.9648, 13.07, 2.0016],
							"size": [0.9, 7.76, 1.9968],
							"uv": {
								"north": {"uv": [22, 50], "uv_size": [14, 14]},
								"east": {"uv": [22, 50], "uv_size": [14, 14]},
								"south": {"uv": [22, 50], "uv_size": [14, 14]},
								"west": {"uv": [22, 50], "uv_size": [14, 14]},
								"up": {"uv": [36, 64], "uv_size": [-14, -14]},
								"down": {"uv": [36, 64], "uv_size": [-14, -14]}
							}
						}
					]
				},
				{
					"name": "BS1",
					"parent": "B1",
					"pivot": [-7, 34, 3],
					"cubes": [
						{
							"origin": [-7.98, 13.2, 1.9],
							"size": [0.96, 0.5, 1.2],
							"uv": {
								"north": {"uv": [37, 51], "uv_size": [12, 12]},
								"east": {"uv": [37, 51], "uv_size": [12, 12]},
								"south": {"uv": [37, 51], "uv_size": [12, 12]},
								"west": {"uv": [37, 51], "uv_size": [12, 12]},
								"up": {"uv": [49, 63], "uv_size": [-12, -12]},
								"down": {"uv": [49, 63], "uv_size": [-12, -12]}
							}
						},
						{
							"origin": [-7.98, 14.2, 1.9],
							"size": [0.96, 0.5, 0.2],
							"uv": {
								"north": {"uv": [37, 51], "uv_size": [12, 12]},
								"east": {"uv": [37, 51], "uv_size": [12, 12]},
								"south": {"uv": [37, 51], "uv_size": [12, 12]},
								"west": {"uv": [37, 51], "uv_size": [12, 12]},
								"up": {"uv": [49, 63], "uv_size": [-12, -12]},
								"down": {"uv": [49, 63], "uv_size": [-12, -12]}
							}
						},
						{
							"origin": [-7.98, 13.7, 1.9],
							"size": [0.96, 0.5, 0.2],
							"uv": {
								"north": {"uv": [37, 51], "uv_size": [12, 12]},
								"east": {"uv": [37, 51], "uv_size": [12, 12]},
								"south": {"uv": [37, 51], "uv_size": [12, 12]},
								"west": {"uv": [37, 51], "uv_size": [12, 12]},
								"up": {"uv": [49, 63], "uv_size": [-12, -12]},
								"down": {"uv": [49, 63], "uv_size": [-12, -12]}
							}
						},
						{
							"origin": [-7.98, 15.2, 1.9],
							"size": [0.96, 0.5, 0.2],
							"uv": {
								"north": {"uv": [37, 51], "uv_size": [12, 12]},
								"east": {"uv": [37, 51], "uv_size": [12, 12]},
								"south": {"uv": [37, 51], "uv_size": [12, 12]},
								"west": {"uv": [37, 51], "uv_size": [12, 12]},
								"up": {"uv": [49, 63], "uv_size": [-12, -12]},
								"down": {"uv": [49, 63], "uv_size": [-12, -12]}
							}
						},
						{
							"origin": [-7.98, 14.7, 1.9],
							"size": [0.96, 0.5, 0.2],
							"uv": {
								"north": {"uv": [37, 51], "uv_size": [12, 12]},
								"east": {"uv": [37, 51], "uv_size": [12, 12]},
								"south": {"uv": [37, 51], "uv_size": [12, 12]},
								"west": {"uv": [37, 51], "uv_size": [12, 12]},
								"up": {"uv": [49, 63], "uv_size": [-12, -12]},
								"down": {"uv": [49, 63], "uv_size": [-12, -12]}
							}
						},
						{
							"origin": [-7.98, 16.2, 1.9],
							"size": [0.96, 0.5, 0.2],
							"uv": {
								"north": {"uv": [37, 51], "uv_size": [12, 12]},
								"east": {"uv": [37, 51], "uv_size": [12, 12]},
								"south": {"uv": [37, 51], "uv_size": [12, 12]},
								"west": {"uv": [37, 51], "uv_size": [12, 12]},
								"up": {"uv": [49, 63], "uv_size": [-12, -12]},
								"down": {"uv": [49, 63], "uv_size": [-12, -12]}
							}
						},
						{
							"origin": [-7.98, 15.7, 1.9],
							"size": [0.96, 0.5, 0.2],
							"uv": {
								"north": {"uv": [37, 51], "uv_size": [12, 12]},
								"east": {"uv": [37, 51], "uv_size": [12, 12]},
								"south": {"uv": [37, 51], "uv_size": [12, 12]},
								"west": {"uv": [37, 51], "uv_size": [12, 12]},
								"up": {"uv": [49, 63], "uv_size": [-12, -12]},
								"down": {"uv": [49, 63], "uv_size": [-12, -12]}
							}
						},
						{
							"origin": [-7.98, 17.2, 1.9],
							"size": [0.96, 0.5, 0.2],
							"uv": {
								"north": {"uv": [37, 51], "uv_size": [12, 12]},
								"east": {"uv": [37, 51], "uv_size": [12, 12]},
								"south": {"uv": [37, 51], "uv_size": [12, 12]},
								"west": {"uv": [37, 51], "uv_size": [12, 12]},
								"up": {"uv": [49, 63], "uv_size": [-12, -12]},
								"down": {"uv": [49, 63], "uv_size": [-12, -12]}
							}
						},
						{
							"origin": [-7.98, 16.7, 1.9],
							"size": [0.96, 0.5, 0.2],
							"uv": {
								"north": {"uv": [37, 51], "uv_size": [12, 12]},
								"east": {"uv": [37, 51], "uv_size": [12, 12]},
								"south": {"uv": [37, 51], "uv_size": [12, 12]},
								"west": {"uv": [37, 51], "uv_size": [12, 12]},
								"up": {"uv": [49, 63], "uv_size": [-12, -12]},
								"down": {"uv": [49, 63], "uv_size": [-12, -12]}
							}
						},
						{
							"origin": [-7.98, 18.2, 1.9],
							"size": [0.96, 0.5, 0.2],
							"uv": {
								"north": {"uv": [37, 51], "uv_size": [12, 12]},
								"east": {"uv": [37, 51], "uv_size": [12, 12]},
								"south": {"uv": [37, 51], "uv_size": [12, 12]},
								"west": {"uv": [37, 51], "uv_size": [12, 12]},
								"up": {"uv": [49, 63], "uv_size": [-12, -12]},
								"down": {"uv": [49, 63], "uv_size": [-12, -12]}
							}
						},
						{
							"origin": [-7.98, 17.7, 1.9],
							"size": [0.96, 0.5, 0.2],
							"uv": {
								"north": {"uv": [37, 51], "uv_size": [12, 12]},
								"east": {"uv": [37, 51], "uv_size": [12, 12]},
								"south": {"uv": [37, 51], "uv_size": [12, 12]},
								"west": {"uv": [37, 51], "uv_size": [12, 12]},
								"up": {"uv": [49, 63], "uv_size": [-12, -12]},
								"down": {"uv": [49, 63], "uv_size": [-12, -12]}
							}
						},
						{
							"origin": [-7.98, 19.2, 1.9],
							"size": [0.96, 0.5, 0.2],
							"uv": {
								"north": {"uv": [37, 51], "uv_size": [12, 12]},
								"east": {"uv": [37, 51], "uv_size": [12, 12]},
								"south": {"uv": [37, 51], "uv_size": [12, 12]},
								"west": {"uv": [37, 51], "uv_size": [12, 12]},
								"up": {"uv": [49, 63], "uv_size": [-12, -12]},
								"down": {"uv": [49, 63], "uv_size": [-12, -12]}
							}
						},
						{
							"origin": [-7.98, 18.7, 1.9],
							"size": [0.96, 0.5, 0.2],
							"uv": {
								"north": {"uv": [37, 51], "uv_size": [12, 12]},
								"east": {"uv": [37, 51], "uv_size": [12, 12]},
								"south": {"uv": [37, 51], "uv_size": [12, 12]},
								"west": {"uv": [37, 51], "uv_size": [12, 12]},
								"up": {"uv": [49, 63], "uv_size": [-12, -12]},
								"down": {"uv": [49, 63], "uv_size": [-12, -12]}
							}
						},
						{
							"origin": [-7.98, 20.2, 1.9],
							"size": [0.96, 0.5, 0.2],
							"uv": {
								"north": {"uv": [37, 51], "uv_size": [12, 12]},
								"east": {"uv": [37, 51], "uv_size": [12, 12]},
								"south": {"uv": [37, 51], "uv_size": [12, 12]},
								"west": {"uv": [37, 51], "uv_size": [12, 12]},
								"up": {"uv": [49, 63], "uv_size": [-12, -12]},
								"down": {"uv": [49, 63], "uv_size": [-12, -12]}
							}
						},
						{
							"origin": [-7.98, 19.7, 1.9],
							"size": [0.96, 0.5, 0.2],
							"uv": {
								"north": {"uv": [37, 51], "uv_size": [12, 12]},
								"east": {"uv": [37, 51], "uv_size": [12, 12]},
								"south": {"uv": [37, 51], "uv_size": [12, 12]},
								"west": {"uv": [37, 51], "uv_size": [12, 12]},
								"up": {"uv": [49, 63], "uv_size": [-12, -12]},
								"down": {"uv": [49, 63], "uv_size": [-12, -12]}
							}
						},
						{
							"origin": [-8.026, 20.7, 1.8],
							"size": [1.056, 0.55, 2.42],
							"uv": {
								"north": {"uv": [51, 51], "uv_size": [12, 12]},
								"east": {"uv": [51, 51], "uv_size": [12, 12]},
								"south": {"uv": [51, 51], "uv_size": [12, 12]},
								"west": {"uv": [51, 51], "uv_size": [12, 12]},
								"up": {"uv": [63, 63], "uv_size": [-12, -12]},
								"down": {"uv": [63, 63], "uv_size": [-12, -12]}
							}
						}
					]
				},
				{
					"name": "BS2",
					"parent": "B1",
					"pivot": [-7, 34, 3],
					"cubes": [
						{
							"origin": [-7.98, 13.2, 2.9],
							"size": [0.96, 0.5, 1.2],
							"uv": {
								"north": {"uv": [49, 51], "uv_size": [-12, 12]},
								"east": {"uv": [49, 51], "uv_size": [-12, 12]},
								"south": {"uv": [49, 51], "uv_size": [-12, 12]},
								"west": {"uv": [49, 51], "uv_size": [-12, 12]},
								"up": {"uv": [49, 51], "uv_size": [-12, 12]},
								"down": {"uv": [49, 51], "uv_size": [-12, 12]}
							}
						},
						{
							"origin": [-7.98, 14.2, 3.9],
							"size": [0.96, 0.5, 0.2],
							"uv": {
								"north": {"uv": [49, 51], "uv_size": [-12, 12]},
								"east": {"uv": [49, 51], "uv_size": [-12, 12]},
								"south": {"uv": [49, 51], "uv_size": [-12, 12]},
								"west": {"uv": [49, 51], "uv_size": [-12, 12]},
								"up": {"uv": [49, 51], "uv_size": [-12, 12]},
								"down": {"uv": [49, 51], "uv_size": [-12, 12]}
							}
						},
						{
							"origin": [-7.98, 15, 2.1],
							"size": [0.96, 0.5, 1.8],
							"uv": {
								"north": {"uv": [49, 51], "uv_size": [-12, 12]},
								"east": {"uv": [49, 51], "uv_size": [-12, 12]},
								"south": {"uv": [49, 51], "uv_size": [-12, 12]},
								"west": {"uv": [49, 51], "uv_size": [-12, 12]},
								"up": {"uv": [49, 51], "uv_size": [-12, 12]},
								"down": {"uv": [49, 51], "uv_size": [-12, 12]}
							}
						},
						{
							"origin": [-7.98, 14, 2.1],
							"size": [0.96, 0.5, 1.8],
							"uv": {
								"north": {"uv": [49, 51], "uv_size": [-12, 12]},
								"east": {"uv": [49, 51], "uv_size": [-12, 12]},
								"south": {"uv": [49, 51], "uv_size": [-12, 12]},
								"west": {"uv": [49, 51], "uv_size": [-12, 12]},
								"up": {"uv": [49, 51], "uv_size": [-12, 12]},
								"down": {"uv": [49, 51], "uv_size": [-12, 12]}
							}
						},
						{
							"origin": [-7.98, 17, 2.1],
							"size": [0.96, 0.5, 1.8],
							"uv": {
								"north": {"uv": [49, 51], "uv_size": [-12, 12]},
								"east": {"uv": [49, 51], "uv_size": [-12, 12]},
								"south": {"uv": [49, 51], "uv_size": [-12, 12]},
								"west": {"uv": [49, 51], "uv_size": [-12, 12]},
								"up": {"uv": [49, 51], "uv_size": [-12, 12]},
								"down": {"uv": [49, 51], "uv_size": [-12, 12]}
							}
						},
						{
							"origin": [-7.98, 16, 2.1],
							"size": [0.96, 0.5, 1.8],
							"uv": {
								"north": {"uv": [49, 51], "uv_size": [-12, 12]},
								"east": {"uv": [49, 51], "uv_size": [-12, 12]},
								"south": {"uv": [49, 51], "uv_size": [-12, 12]},
								"west": {"uv": [49, 51], "uv_size": [-12, 12]},
								"up": {"uv": [49, 51], "uv_size": [-12, 12]},
								"down": {"uv": [49, 51], "uv_size": [-12, 12]}
							}
						},
						{
							"origin": [-7.98, 16.5, 2.1],
							"size": [0.96, 0.5, 1.8],
							"uv": {
								"north": {"uv": [49, 51], "uv_size": [-12, 12]},
								"east": {"uv": [49, 51], "uv_size": [-12, 12]},
								"south": {"uv": [49, 51], "uv_size": [-12, 12]},
								"west": {"uv": [49, 51], "uv_size": [-12, 12]},
								"up": {"uv": [49, 51], "uv_size": [-12, 12]},
								"down": {"uv": [49, 51], "uv_size": [-12, 12]}
							}
						},
						{
							"origin": [-7.98, 17, 2.1],
							"size": [0.96, 0.5, 1.8],
							"uv": {
								"north": {"uv": [49, 51], "uv_size": [-12, 12]},
								"east": {"uv": [49, 51], "uv_size": [-12, 12]},
								"south": {"uv": [49, 51], "uv_size": [-12, 12]},
								"west": {"uv": [49, 51], "uv_size": [-12, 12]},
								"up": {"uv": [49, 51], "uv_size": [-12, 12]},
								"down": {"uv": [49, 51], "uv_size": [-12, 12]}
							}
						},
						{
							"origin": [-7.98, 18, 2.1],
							"size": [0.96, 0.5, 1.8],
							"uv": {
								"north": {"uv": [49, 51], "uv_size": [-12, 12]},
								"east": {"uv": [49, 51], "uv_size": [-12, 12]},
								"south": {"uv": [49, 51], "uv_size": [-12, 12]},
								"west": {"uv": [49, 51], "uv_size": [-12, 12]},
								"up": {"uv": [49, 51], "uv_size": [-12, 12]},
								"down": {"uv": [49, 51], "uv_size": [-12, 12]}
							}
						},
						{
							"origin": [-7.98, 19, 2.1],
							"size": [0.96, 0.5, 1.8],
							"uv": {
								"north": {"uv": [49, 51], "uv_size": [-12, 12]},
								"east": {"uv": [49, 51], "uv_size": [-12, 12]},
								"south": {"uv": [49, 51], "uv_size": [-12, 12]},
								"west": {"uv": [49, 51], "uv_size": [-12, 12]},
								"up": {"uv": [49, 51], "uv_size": [-12, 12]},
								"down": {"uv": [49, 51], "uv_size": [-12, 12]}
							}
						},
						{
							"origin": [-7.98, 20, 2.1],
							"size": [0.96, 0.5, 1.8],
							"uv": {
								"north": {"uv": [49, 51], "uv_size": [-12, 12]},
								"east": {"uv": [49, 51], "uv_size": [-12, 12]},
								"south": {"uv": [49, 51], "uv_size": [-12, 12]},
								"west": {"uv": [49, 51], "uv_size": [-12, 12]},
								"up": {"uv": [49, 51], "uv_size": [-12, 12]},
								"down": {"uv": [49, 51], "uv_size": [-12, 12]}
							}
						},
						{
							"origin": [-7.98, 21, 2.1],
							"size": [0.96, 1.5, 1.8],
							"uv": {
								"north": {"uv": [64, 50], "uv_size": [-14, 14]},
								"east": {"uv": [64, 50], "uv_size": [-14, 14]},
								"south": {"uv": [64, 50], "uv_size": [-14, 14]},
								"west": {"uv": [64, 50], "uv_size": [-14, 14]},
								"up": {"uv": [50, 64], "uv_size": [14, -14]},
								"down": {"uv": [50, 64], "uv_size": [14, -14]}
							}
						},
						{
							"origin": [-7.98, 20.6, 2.1],
							"size": [0.96, 0.5, 1.8],
							"uv": {
								"north": {"uv": [49, 51], "uv_size": [-12, 12]},
								"east": {"uv": [49, 51], "uv_size": [-12, 12]},
								"south": {"uv": [49, 51], "uv_size": [-12, 12]},
								"west": {"uv": [49, 51], "uv_size": [-12, 12]},
								"up": {"uv": [49, 51], "uv_size": [-12, 12]},
								"down": {"uv": [49, 51], "uv_size": [-12, 12]}
							}
						},
						{
							"origin": [-7.98, 13.7, 3.9],
							"size": [0.96, 0.5, 0.2],
							"uv": {
								"north": {"uv": [49, 51], "uv_size": [-12, 12]},
								"east": {"uv": [49, 51], "uv_size": [-12, 12]},
								"south": {"uv": [49, 51], "uv_size": [-12, 12]},
								"west": {"uv": [49, 51], "uv_size": [-12, 12]},
								"up": {"uv": [49, 51], "uv_size": [-12, 12]},
								"down": {"uv": [49, 51], "uv_size": [-12, 12]}
							}
						},
						{
							"origin": [-7.98, 15.2, 3.9],
							"size": [0.96, 0.5, 0.2],
							"uv": {
								"north": {"uv": [49, 51], "uv_size": [-12, 12]},
								"east": {"uv": [49, 51], "uv_size": [-12, 12]},
								"south": {"uv": [49, 51], "uv_size": [-12, 12]},
								"west": {"uv": [49, 51], "uv_size": [-12, 12]},
								"up": {"uv": [49, 51], "uv_size": [-12, 12]},
								"down": {"uv": [49, 51], "uv_size": [-12, 12]}
							}
						},
						{
							"origin": [-7.98, 14.7, 3.9],
							"size": [0.96, 0.5, 0.2],
							"uv": {
								"north": {"uv": [49, 51], "uv_size": [-12, 12]},
								"east": {"uv": [49, 51], "uv_size": [-12, 12]},
								"south": {"uv": [49, 51], "uv_size": [-12, 12]},
								"west": {"uv": [49, 51], "uv_size": [-12, 12]},
								"up": {"uv": [49, 51], "uv_size": [-12, 12]},
								"down": {"uv": [49, 51], "uv_size": [-12, 12]}
							}
						},
						{
							"origin": [-7.98, 16.2, 3.9],
							"size": [0.96, 0.5, 0.2],
							"uv": {
								"north": {"uv": [49, 51], "uv_size": [-12, 12]},
								"east": {"uv": [49, 51], "uv_size": [-12, 12]},
								"south": {"uv": [49, 51], "uv_size": [-12, 12]},
								"west": {"uv": [49, 51], "uv_size": [-12, 12]},
								"up": {"uv": [49, 51], "uv_size": [-12, 12]},
								"down": {"uv": [49, 51], "uv_size": [-12, 12]}
							}
						},
						{
							"origin": [-7.98, 15.7, 3.9],
							"size": [0.96, 0.5, 0.2],
							"uv": {
								"north": {"uv": [49, 51], "uv_size": [-12, 12]},
								"east": {"uv": [49, 51], "uv_size": [-12, 12]},
								"south": {"uv": [49, 51], "uv_size": [-12, 12]},
								"west": {"uv": [49, 51], "uv_size": [-12, 12]},
								"up": {"uv": [49, 51], "uv_size": [-12, 12]},
								"down": {"uv": [49, 51], "uv_size": [-12, 12]}
							}
						},
						{
							"origin": [-7.98, 17.2, 3.9],
							"size": [0.96, 0.5, 0.2],
							"uv": {
								"north": {"uv": [49, 51], "uv_size": [-12, 12]},
								"east": {"uv": [49, 51], "uv_size": [-12, 12]},
								"south": {"uv": [49, 51], "uv_size": [-12, 12]},
								"west": {"uv": [49, 51], "uv_size": [-12, 12]},
								"up": {"uv": [49, 51], "uv_size": [-12, 12]},
								"down": {"uv": [49, 51], "uv_size": [-12, 12]}
							}
						},
						{
							"origin": [-7.98, 16.7, 3.9],
							"size": [0.96, 0.5, 0.2],
							"uv": {
								"north": {"uv": [49, 51], "uv_size": [-12, 12]},
								"east": {"uv": [49, 51], "uv_size": [-12, 12]},
								"south": {"uv": [49, 51], "uv_size": [-12, 12]},
								"west": {"uv": [49, 51], "uv_size": [-12, 12]},
								"up": {"uv": [49, 51], "uv_size": [-12, 12]},
								"down": {"uv": [49, 51], "uv_size": [-12, 12]}
							}
						},
						{
							"origin": [-7.98, 18.2, 3.9],
							"size": [0.96, 0.5, 0.2],
							"uv": {
								"north": {"uv": [49, 51], "uv_size": [-12, 12]},
								"east": {"uv": [49, 51], "uv_size": [-12, 12]},
								"south": {"uv": [49, 51], "uv_size": [-12, 12]},
								"west": {"uv": [49, 51], "uv_size": [-12, 12]},
								"up": {"uv": [49, 51], "uv_size": [-12, 12]},
								"down": {"uv": [49, 51], "uv_size": [-12, 12]}
							}
						},
						{
							"origin": [-7.98, 17.7, 3.9],
							"size": [0.96, 0.5, 0.2],
							"uv": {
								"north": {"uv": [49, 51], "uv_size": [-12, 12]},
								"east": {"uv": [49, 51], "uv_size": [-12, 12]},
								"south": {"uv": [49, 51], "uv_size": [-12, 12]},
								"west": {"uv": [49, 51], "uv_size": [-12, 12]},
								"up": {"uv": [49, 51], "uv_size": [-12, 12]},
								"down": {"uv": [49, 51], "uv_size": [-12, 12]}
							}
						},
						{
							"origin": [-7.98, 19.2, 3.9],
							"size": [0.96, 0.5, 0.2],
							"uv": {
								"north": {"uv": [49, 51], "uv_size": [-12, 12]},
								"east": {"uv": [49, 51], "uv_size": [-12, 12]},
								"south": {"uv": [49, 51], "uv_size": [-12, 12]},
								"west": {"uv": [49, 51], "uv_size": [-12, 12]},
								"up": {"uv": [49, 51], "uv_size": [-12, 12]},
								"down": {"uv": [49, 51], "uv_size": [-12, 12]}
							}
						},
						{
							"origin": [-7.98, 18.7, 3.9],
							"size": [0.96, 0.5, 0.2],
							"uv": {
								"north": {"uv": [49, 51], "uv_size": [-12, 12]},
								"east": {"uv": [49, 51], "uv_size": [-12, 12]},
								"south": {"uv": [49, 51], "uv_size": [-12, 12]},
								"west": {"uv": [49, 51], "uv_size": [-12, 12]},
								"up": {"uv": [49, 51], "uv_size": [-12, 12]},
								"down": {"uv": [49, 51], "uv_size": [-12, 12]}
							}
						},
						{
							"origin": [-7.98, 20.2, 3.9],
							"size": [0.96, 0.5, 0.2],
							"uv": {
								"north": {"uv": [49, 51], "uv_size": [-12, 12]},
								"east": {"uv": [49, 51], "uv_size": [-12, 12]},
								"south": {"uv": [49, 51], "uv_size": [-12, 12]},
								"west": {"uv": [49, 51], "uv_size": [-12, 12]},
								"up": {"uv": [49, 51], "uv_size": [-12, 12]},
								"down": {"uv": [49, 51], "uv_size": [-12, 12]}
							}
						},
						{
							"origin": [-7.98, 19.7, 3.9],
							"size": [0.96, 0.5, 0.2],
							"uv": {
								"north": {"uv": [49, 51], "uv_size": [-12, 12]},
								"east": {"uv": [49, 51], "uv_size": [-12, 12]},
								"south": {"uv": [49, 51], "uv_size": [-12, 12]},
								"west": {"uv": [49, 51], "uv_size": [-12, 12]},
								"up": {"uv": [49, 51], "uv_size": [-12, 12]},
								"down": {"uv": [49, 51], "uv_size": [-12, 12]}
							}
						}
					]
				},
				{
					"name": "B2",
					"parent": "B1",
					"pivot": [-7.5, 14.22769, 2.98721],
					"cubes": [
						{
							"origin": [-8, 7.85, 5.9],
							"size": [1, 0.15, 2.1],
							"pivot": [0, 21, 21],
							"rotation": [-22.5, 0, 0],
							"uv": {
								"north": {"uv": [37, 51], "uv_size": [12, 12]},
								"east": {"uv": [37, 51], "uv_size": [12, 12]},
								"south": {"uv": [37, 51], "uv_size": [12, 12]},
								"west": {"uv": [37, 51], "uv_size": [12, 12]},
								"up": {"uv": [49, 63], "uv_size": [-12, -12]},
								"down": {"uv": [49, 63], "uv_size": [-12, -12]}
							}
						},
						{
							"origin": [-8, 7.7, 5.9],
							"size": [1, 0.15, 2.1],
							"pivot": [0, 21, 21],
							"rotation": [-22.5, 0, 0],
							"uv": {
								"north": {"uv": [37, 51], "uv_size": [12, 12]},
								"east": {"uv": [37, 51], "uv_size": [12, 12]},
								"south": {"uv": [37, 51], "uv_size": [12, 12]},
								"west": {"uv": [37, 51], "uv_size": [12, 12]},
								"up": {"uv": [49, 63], "uv_size": [-12, -12]},
								"down": {"uv": [49, 63], "uv_size": [-12, -12]}
							}
						}
					]
				},
				{
					"name": "B3",
					"parent": "B2",
					"pivot": [-7.5, 14.22769, 2.98721],
					"rotation": [-135, 0, 0],
					"cubes": [
						{
							"origin": [-8, 7.85, 5.9],
							"size": [1, 0.15, 2.1],
							"pivot": [0, 21, 21],
							"rotation": [-22.5, 0, 0],
							"uv": {
								"north": {"uv": [37, 51], "uv_size": [12, 12]},
								"east": {"uv": [37, 51], "uv_size": [12, 12]},
								"south": {"uv": [37, 51], "uv_size": [12, 12]},
								"west": {"uv": [37, 51], "uv_size": [12, 12]},
								"up": {"uv": [49, 63], "uv_size": [-12, -12]},
								"down": {"uv": [49, 63], "uv_size": [-12, -12]}
							}
						},
						{
							"origin": [-8, 7.7, 5.9],
							"size": [1, 0.15, 2.1],
							"pivot": [0, 21, 21],
							"rotation": [-22.5, 0, 0],
							"uv": {
								"north": {"uv": [37, 51], "uv_size": [12, 12]},
								"east": {"uv": [37, 51], "uv_size": [12, 12]},
								"south": {"uv": [37, 51], "uv_size": [12, 12]},
								"west": {"uv": [37, 51], "uv_size": [12, 12]},
								"up": {"uv": [49, 63], "uv_size": [-12, -12]},
								"down": {"uv": [49, 63], "uv_size": [-12, -12]}
							}
						}
					]
				},
				{
					"name": "B4",
					"parent": "B1",
					"pivot": [-7.5, 15.22769, 2.98721],
					"cubes": [
						{
							"origin": [-8, 8.85, 5.9],
							"size": [1, 0.15, 2.1],
							"pivot": [0, 22, 21],
							"rotation": [-22.5, 0, 0],
							"uv": {
								"north": {"uv": [37, 51], "uv_size": [12, 12]},
								"east": {"uv": [37, 51], "uv_size": [12, 12]},
								"south": {"uv": [37, 51], "uv_size": [12, 12]},
								"west": {"uv": [37, 51], "uv_size": [12, 12]},
								"up": {"uv": [49, 63], "uv_size": [-12, -12]},
								"down": {"uv": [49, 63], "uv_size": [-12, -12]}
							}
						},
						{
							"origin": [-8, 8.7, 5.9],
							"size": [1, 0.15, 2.1],
							"pivot": [0, 22, 21],
							"rotation": [-22.5, 0, 0],
							"uv": {
								"north": {"uv": [37, 51], "uv_size": [12, 12]},
								"east": {"uv": [37, 51], "uv_size": [12, 12]},
								"south": {"uv": [37, 51], "uv_size": [12, 12]},
								"west": {"uv": [37, 51], "uv_size": [12, 12]},
								"up": {"uv": [49, 63], "uv_size": [-12, -12]},
								"down": {"uv": [49, 63], "uv_size": [-12, -12]}
							}
						}
					]
				},
				{
					"name": "B5",
					"parent": "B4",
					"pivot": [-7.5, 15.22769, 2.98721],
					"rotation": [-135, 0, 0],
					"cubes": [
						{
							"origin": [-8, 8.85, 5.9],
							"size": [1, 0.15, 2.1],
							"pivot": [0, 22, 21],
							"rotation": [-22.5, 0, 0],
							"uv": {
								"north": {"uv": [37, 51], "uv_size": [12, 12]},
								"east": {"uv": [37, 51], "uv_size": [12, 12]},
								"south": {"uv": [37, 51], "uv_size": [12, 12]},
								"west": {"uv": [37, 51], "uv_size": [12, 12]},
								"up": {"uv": [49, 63], "uv_size": [-12, -12]},
								"down": {"uv": [49, 63], "uv_size": [-12, -12]}
							}
						},
						{
							"origin": [-8, 8.7, 5.9],
							"size": [1, 0.15, 2.1],
							"pivot": [0, 22, 21],
							"rotation": [-22.5, 0, 0],
							"uv": {
								"north": {"uv": [37, 51], "uv_size": [12, 12]},
								"east": {"uv": [37, 51], "uv_size": [12, 12]},
								"south": {"uv": [37, 51], "uv_size": [12, 12]},
								"west": {"uv": [37, 51], "uv_size": [12, 12]},
								"up": {"uv": [49, 63], "uv_size": [-12, -12]},
								"down": {"uv": [49, 63], "uv_size": [-12, -12]}
							}
						}
					]
				},
				{
					"name": "B6",
					"parent": "B1",
					"pivot": [-7.5, 16.22769, 2.98721],
					"cubes": [
						{
							"origin": [-8, 9.85, 6.9],
							"size": [1, 0.15, 1.1],
							"pivot": [0, 23, 21],
							"rotation": [-22.5, 0, 0],
							"uv": {
								"north": {"uv": [37, 51], "uv_size": [12, 12]},
								"east": {"uv": [37, 51], "uv_size": [12, 12]},
								"south": {"uv": [37, 51], "uv_size": [12, 12]},
								"west": {"uv": [37, 51], "uv_size": [12, 12]},
								"up": {"uv": [49, 63], "uv_size": [-12, -12]},
								"down": {"uv": [49, 63], "uv_size": [-12, -12]}
							}
						},
						{
							"origin": [-8, 9.7, 6.9],
							"size": [1, 0.15, 1.1],
							"pivot": [0, 23, 21],
							"rotation": [-22.5, 0, 0],
							"uv": {
								"north": {"uv": [37, 51], "uv_size": [12, 12]},
								"east": {"uv": [37, 51], "uv_size": [12, 12]},
								"south": {"uv": [37, 51], "uv_size": [12, 12]},
								"west": {"uv": [37, 51], "uv_size": [12, 12]},
								"up": {"uv": [49, 63], "uv_size": [-12, -12]},
								"down": {"uv": [49, 63], "uv_size": [-12, -12]}
							}
						}
					]
				},
				{
					"name": "B7",
					"parent": "B6",
					"pivot": [-7.5, 16.22769, 2.98721],
					"rotation": [-135, 0, 0],
					"cubes": [
						{
							"origin": [-8, 9.85, 6.9],
							"size": [1, 0.15, 1.1],
							"pivot": [0, 23, 21],
							"rotation": [-22.5, 0, 0],
							"uv": {
								"north": {"uv": [37, 51], "uv_size": [12, 12]},
								"east": {"uv": [37, 51], "uv_size": [12, 12]},
								"south": {"uv": [37, 51], "uv_size": [12, 12]},
								"west": {"uv": [37, 51], "uv_size": [12, 12]},
								"up": {"uv": [49, 63], "uv_size": [-12, -12]},
								"down": {"uv": [49, 63], "uv_size": [-12, -12]}
							}
						},
						{
							"origin": [-8, 9.7, 6.9],
							"size": [1, 0.15, 1.1],
							"pivot": [0, 23, 21],
							"rotation": [-22.5, 0, 0],
							"uv": {
								"north": {"uv": [37, 51], "uv_size": [12, 12]},
								"east": {"uv": [37, 51], "uv_size": [12, 12]},
								"south": {"uv": [37, 51], "uv_size": [12, 12]},
								"west": {"uv": [37, 51], "uv_size": [12, 12]},
								"up": {"uv": [49, 63], "uv_size": [-12, -12]},
								"down": {"uv": [49, 63], "uv_size": [-12, -12]}
							}
						}
					]
				},
				{
					"name": "B8",
					"parent": "B1",
					"pivot": [-7.5, 17.22769, 2.98721],
					"cubes": [
						{
							"origin": [-8, 10.85, 5.9],
							"size": [1, 0.15, 1.1],
							"pivot": [0, 24, 21],
							"rotation": [-22.5, 0, 0],
							"uv": {
								"north": {"uv": [37, 51], "uv_size": [12, 12]},
								"east": {"uv": [37, 51], "uv_size": [12, 12]},
								"south": {"uv": [37, 51], "uv_size": [12, 12]},
								"west": {"uv": [37, 51], "uv_size": [12, 12]},
								"up": {"uv": [49, 63], "uv_size": [-12, -12]},
								"down": {"uv": [49, 63], "uv_size": [-12, -12]}
							}
						},
						{
							"origin": [-8, 10.7, 5.9],
							"size": [1, 0.15, 1.1],
							"pivot": [0, 24, 21],
							"rotation": [-22.5, 0, 0],
							"uv": {
								"north": {"uv": [37, 51], "uv_size": [12, 12]},
								"east": {"uv": [37, 51], "uv_size": [12, 12]},
								"south": {"uv": [37, 51], "uv_size": [12, 12]},
								"west": {"uv": [37, 51], "uv_size": [12, 12]},
								"up": {"uv": [49, 63], "uv_size": [-12, -12]},
								"down": {"uv": [49, 63], "uv_size": [-12, -12]}
							}
						}
					]
				},
				{
					"name": "B9",
					"parent": "B8",
					"pivot": [-7.5, 17.22769, 2.98721],
					"rotation": [-135, 0, 0],
					"cubes": [
						{
							"origin": [-8, 10.85, 5.9],
							"size": [1, 0.15, 1.1],
							"pivot": [0, 24, 21],
							"rotation": [-22.5, 0, 0],
							"uv": {
								"north": {"uv": [37, 51], "uv_size": [12, 12]},
								"east": {"uv": [37, 51], "uv_size": [12, 12]},
								"south": {"uv": [37, 51], "uv_size": [12, 12]},
								"west": {"uv": [37, 51], "uv_size": [12, 12]},
								"up": {"uv": [49, 63], "uv_size": [-12, -12]},
								"down": {"uv": [49, 63], "uv_size": [-12, -12]}
							}
						},
						{
							"origin": [-8, 10.7, 5.9],
							"size": [1, 0.15, 1.1],
							"pivot": [0, 24, 21],
							"rotation": [-22.5, 0, 0],
							"uv": {
								"north": {"uv": [37, 51], "uv_size": [12, 12]},
								"east": {"uv": [37, 51], "uv_size": [12, 12]},
								"south": {"uv": [37, 51], "uv_size": [12, 12]},
								"west": {"uv": [37, 51], "uv_size": [12, 12]},
								"up": {"uv": [49, 63], "uv_size": [-12, -12]},
								"down": {"uv": [49, 63], "uv_size": [-12, -12]}
							}
						}
					]
				},
				{
					"name": "B10",
					"parent": "B1",
					"pivot": [-7.5, 18.22769, 2.98721],
					"cubes": [
						{
							"origin": [-8, 11.85, 5.9],
							"size": [1, 0.15, 2.1],
							"pivot": [0, 25, 21],
							"rotation": [-22.5, 0, 0],
							"uv": {
								"north": {"uv": [37, 51], "uv_size": [12, 12]},
								"east": {"uv": [37, 51], "uv_size": [12, 12]},
								"south": {"uv": [37, 51], "uv_size": [12, 12]},
								"west": {"uv": [37, 51], "uv_size": [12, 12]},
								"up": {"uv": [49, 63], "uv_size": [-12, -12]},
								"down": {"uv": [49, 63], "uv_size": [-12, -12]}
							}
						},
						{
							"origin": [-8, 11.7, 5.9],
							"size": [1, 0.15, 2.1],
							"pivot": [0, 25, 21],
							"rotation": [-22.5, 0, 0],
							"uv": {
								"north": {"uv": [37, 51], "uv_size": [12, 12]},
								"east": {"uv": [37, 51], "uv_size": [12, 12]},
								"south": {"uv": [37, 51], "uv_size": [12, 12]},
								"west": {"uv": [37, 51], "uv_size": [12, 12]},
								"up": {"uv": [49, 63], "uv_size": [-12, -12]},
								"down": {"uv": [49, 63], "uv_size": [-12, -12]}
							}
						}
					]
				},
				{
					"name": "B11",
					"parent": "B10",
					"pivot": [-7.5, 18.22769, 2.98721],
					"rotation": [-135, 0, 0],
					"cubes": [
						{
							"origin": [-8, 11.85, 5.9],
							"size": [1, 0.15, 2.1],
							"pivot": [0, 25, 21],
							"rotation": [-22.5, 0, 0],
							"uv": {
								"north": {"uv": [37, 51], "uv_size": [12, 12]},
								"east": {"uv": [37, 51], "uv_size": [12, 12]},
								"south": {"uv": [37, 51], "uv_size": [12, 12]},
								"west": {"uv": [37, 51], "uv_size": [12, 12]},
								"up": {"uv": [49, 63], "uv_size": [-12, -12]},
								"down": {"uv": [49, 63], "uv_size": [-12, -12]}
							}
						},
						{
							"origin": [-8, 11.7, 5.9],
							"size": [1, 0.15, 2.1],
							"pivot": [0, 25, 21],
							"rotation": [-22.5, 0, 0],
							"uv": {
								"north": {"uv": [37, 51], "uv_size": [12, 12]},
								"east": {"uv": [37, 51], "uv_size": [12, 12]},
								"south": {"uv": [37, 51], "uv_size": [12, 12]},
								"west": {"uv": [37, 51], "uv_size": [12, 12]},
								"up": {"uv": [49, 63], "uv_size": [-12, -12]},
								"down": {"uv": [49, 63], "uv_size": [-12, -12]}
							}
						}
					]
				},
				{
					"name": "B12",
					"parent": "B1",
					"pivot": [-7.5, 19.22769, 2.98721],
					"cubes": [
						{
							"origin": [-8, 12.85, 5.9],
							"size": [1, 0.15, 2.1],
							"pivot": [0, 26, 21],
							"rotation": [-22.5, 0, 0],
							"uv": {
								"north": {"uv": [37, 51], "uv_size": [12, 12]},
								"east": {"uv": [37, 51], "uv_size": [12, 12]},
								"south": {"uv": [37, 51], "uv_size": [12, 12]},
								"west": {"uv": [37, 51], "uv_size": [12, 12]},
								"up": {"uv": [49, 63], "uv_size": [-12, -12]},
								"down": {"uv": [49, 63], "uv_size": [-12, -12]}
							}
						},
						{
							"origin": [-8, 12.7, 5.9],
							"size": [1, 0.15, 2.1],
							"pivot": [0, 26, 21],
							"rotation": [-22.5, 0, 0],
							"uv": {
								"north": {"uv": [37, 51], "uv_size": [12, 12]},
								"east": {"uv": [37, 51], "uv_size": [12, 12]},
								"south": {"uv": [37, 51], "uv_size": [12, 12]},
								"west": {"uv": [37, 51], "uv_size": [12, 12]},
								"up": {"uv": [49, 63], "uv_size": [-12, -12]},
								"down": {"uv": [49, 63], "uv_size": [-12, -12]}
							}
						}
					]
				},
				{
					"name": "B13",
					"parent": "B12",
					"pivot": [-7.5, 19.22769, 2.98721],
					"rotation": [-135, 0, 0],
					"cubes": [
						{
							"origin": [-8, 12.85, 5.9],
							"size": [1, 0.15, 2.1],
							"pivot": [0, 26, 21],
							"rotation": [-22.5, 0, 0],
							"uv": {
								"north": {"uv": [37, 51], "uv_size": [12, 12]},
								"east": {"uv": [37, 51], "uv_size": [12, 12]},
								"south": {"uv": [37, 51], "uv_size": [12, 12]},
								"west": {"uv": [37, 51], "uv_size": [12, 12]},
								"up": {"uv": [49, 63], "uv_size": [-12, -12]},
								"down": {"uv": [49, 63], "uv_size": [-12, -12]}
							}
						},
						{
							"origin": [-8, 12.7, 5.9],
							"size": [1, 0.15, 2.1],
							"pivot": [0, 26, 21],
							"rotation": [-22.5, 0, 0],
							"uv": {
								"north": {"uv": [37, 51], "uv_size": [12, 12]},
								"east": {"uv": [37, 51], "uv_size": [12, 12]},
								"south": {"uv": [37, 51], "uv_size": [12, 12]},
								"west": {"uv": [37, 51], "uv_size": [12, 12]},
								"up": {"uv": [49, 63], "uv_size": [-12, -12]},
								"down": {"uv": [49, 63], "uv_size": [-12, -12]}
							}
						}
					]
				},
				{
					"name": "B14",
					"parent": "B1",
					"pivot": [-7.5, 20.22769, 2.98721],
					"cubes": [
						{
							"origin": [-8, 13.85, 5.9],
							"size": [1, 0.15, 2.1],
							"pivot": [0, 27, 21],
							"rotation": [-22.5, 0, 0],
							"uv": {
								"north": {"uv": [37, 51], "uv_size": [12, 12]},
								"east": {"uv": [37, 51], "uv_size": [12, 12]},
								"south": {"uv": [37, 51], "uv_size": [12, 12]},
								"west": {"uv": [37, 51], "uv_size": [12, 12]},
								"up": {"uv": [49, 63], "uv_size": [-12, -12]},
								"down": {"uv": [49, 63], "uv_size": [-12, -12]}
							}
						},
						{
							"origin": [-8, 13.7, 5.9],
							"size": [1, 0.15, 2.1],
							"pivot": [0, 27, 21],
							"rotation": [-22.5, 0, 0],
							"uv": {
								"north": {"uv": [37, 51], "uv_size": [12, 12]},
								"east": {"uv": [37, 51], "uv_size": [12, 12]},
								"south": {"uv": [37, 51], "uv_size": [12, 12]},
								"west": {"uv": [37, 51], "uv_size": [12, 12]},
								"up": {"uv": [49, 63], "uv_size": [-12, -12]},
								"down": {"uv": [49, 63], "uv_size": [-12, -12]}
							}
						}
					]
				},
				{
					"name": "B15",
					"parent": "B14",
					"pivot": [-7.5, 20.22769, 2.98721],
					"rotation": [-135, 0, 0],
					"cubes": [
						{
							"origin": [-8, 13.85, 5.9],
							"size": [1, 0.15, 2.1],
							"pivot": [0, 27, 21],
							"rotation": [-22.5, 0, 0],
							"uv": {
								"north": {"uv": [37, 51], "uv_size": [12, 12]},
								"east": {"uv": [37, 51], "uv_size": [12, 12]},
								"south": {"uv": [37, 51], "uv_size": [12, 12]},
								"west": {"uv": [37, 51], "uv_size": [12, 12]},
								"up": {"uv": [49, 63], "uv_size": [-12, -12]},
								"down": {"uv": [49, 63], "uv_size": [-12, -12]}
							}
						},
						{
							"origin": [-8, 13.7, 5.9],
							"size": [1, 0.15, 2.1],
							"pivot": [0, 27, 21],
							"rotation": [-22.5, 0, 0],
							"uv": {
								"north": {"uv": [37, 51], "uv_size": [12, 12]},
								"east": {"uv": [37, 51], "uv_size": [12, 12]},
								"south": {"uv": [37, 51], "uv_size": [12, 12]},
								"west": {"uv": [37, 51], "uv_size": [12, 12]},
								"up": {"uv": [49, 63], "uv_size": [-12, -12]},
								"down": {"uv": [49, 63], "uv_size": [-12, -12]}
							}
						}
					]
				},
				{
					"name": "hexadecagon",
					"parent": "B1",
					"pivot": [-6.59706, 21.5, 3.98979],
					"rotation": [0, -55, 0],
					"cubes": [
						{
							"origin": [-8.59674, 21.25, 1],
							"size": [1.19347, 0.5, 0.25],
							"pivot": [-8, 21.5, 4],
							"rotation": [0, 45, 0],
							"uv": {
								"north": {"uv": [50, 50], "uv_size": [14, -14]},
								"east": {"uv": [50, 50], "uv_size": [14, -14]},
								"south": {"uv": [50, 50], "uv_size": [14, -14]},
								"west": {"uv": [50, 50], "uv_size": [14, -14]},
								"up": {"uv": [64, 42], "uv_size": [-14, 8]},
								"down": {"uv": [64, 43], "uv_size": [-14, 7]}
							}
						},
						{
							"origin": [-8.59674, 21.25, 1],
							"size": [1.19347, 0.5, 0.25],
							"pivot": [-8, 21.5, 4],
							"rotation": [0, 22.5, 0],
							"uv": {
								"north": {"uv": [50, 50], "uv_size": [14, -14]},
								"east": {"uv": [50, 50], "uv_size": [14, -14]},
								"south": {"uv": [50, 50], "uv_size": [14, -14]},
								"west": {"uv": [50, 50], "uv_size": [14, -14]},
								"up": {"uv": [64, 41], "uv_size": [-14, 9]},
								"down": {"uv": [64, 46], "uv_size": [-14, 4]}
							}
						},
						{
							"origin": [-8.59674, 21.25, 6.75],
							"size": [1.19347, 0.5, 0.25],
							"pivot": [-8, 21.5, 4],
							"rotation": [0, -22.5, 0],
							"uv": {
								"north": {"uv": [50, 50], "uv_size": [14, -14]},
								"east": {"uv": [50, 50], "uv_size": [14, -14]},
								"south": {"uv": [50, 50], "uv_size": [14, -14]},
								"west": {"uv": [50, 50], "uv_size": [14, -14]},
								"up": {"uv": [64, 40], "uv_size": [-14, 10]},
								"down": {"uv": [64, 42], "uv_size": [-14, 8]}
							}
						},
						{
							"origin": [-8.59674, 21.25, 6.75],
							"size": [1.19347, 0.5, 0.25],
							"pivot": [-8, 21.5, 4],
							"rotation": [0, -45, 0],
							"uv": {
								"north": {"uv": [64, 50], "uv_size": [-14, -14]},
								"east": {"uv": [64, 50], "uv_size": [-14, -14]},
								"south": {"uv": [64, 50], "uv_size": [-14, -14]},
								"west": {"uv": [64, 50], "uv_size": [-14, -14]},
								"up": {"uv": [50, 42], "uv_size": [14, 8]},
								"down": {"uv": [50, 42], "uv_size": [14, 8]}
							}
						},
						{
							"origin": [-11, 21.25, 3.40326],
							"size": [0.25, 0.5, 1.19347],
							"pivot": [-8, 21.5, 4],
							"rotation": [0, 22.5, 0],
							"uv": {
								"north": {"uv": [50, 50], "uv_size": [14, -14]},
								"east": {"uv": [50, 50], "uv_size": [14, -14]},
								"south": {"uv": [50, 50], "uv_size": [14, -14]},
								"west": {"uv": [50, 50], "uv_size": [14, -14]},
								"up": {"uv": [64, 40], "uv_size": [-14, 10]},
								"down": {"uv": [64, 50], "uv_size": [-14, -10]}
							}
						},
						{
							"origin": [-11, 21.25, 3.40326],
							"size": [0.25, 0.5, 1.19347],
							"uv": {
								"north": {"uv": [50, 50], "uv_size": [14, -14]},
								"east": {"uv": [50, 50], "uv_size": [14, -14]},
								"south": {"uv": [50, 50], "uv_size": [14, -14]},
								"west": {"uv": [50, 50], "uv_size": [14, -14]},
								"up": {"uv": [64, 40], "uv_size": [-14, 10]},
								"down": {"uv": [63, 42], "uv_size": [-13, 8]}
							}
						},
						{
							"origin": [-10.75, 21.25, 3.85],
							"size": [3, 0.5, 0.25],
							"uv": {
								"north": {"uv": [50, 36], "uv_size": [14, 14]},
								"east": {"uv": [50, 36], "uv_size": [14, 14]},
								"south": {"uv": [50, 36], "uv_size": [14, 14]},
								"west": {"uv": [50, 36], "uv_size": [14, 14]},
								"up": {"uv": [64, 50], "uv_size": [-14, -14]},
								"down": {"uv": [64, 50], "uv_size": [-14, -14]}
							}
						},
						{
							"origin": [-10.75, 21.25, 3.85],
							"size": [3, 0.5, 0.25],
							"pivot": [-8, 21.5, 4],
							"rotation": [0, -60, 0],
							"uv": {
								"north": {"uv": [50, 36], "uv_size": [14, 14]},
								"east": {"uv": [50, 36], "uv_size": [14, 14]},
								"south": {"uv": [50, 36], "uv_size": [14, 14]},
								"west": {"uv": [50, 36], "uv_size": [14, 14]},
								"up": {"uv": [64, 50], "uv_size": [-14, -14]},
								"down": {"uv": [64, 50], "uv_size": [-14, -14]}
							}
						},
						{
							"origin": [-10.75, 21.25, 3.85],
							"size": [3, 0.5, 0.25],
							"pivot": [-8, 21.5, 4],
							"rotation": [0, 30, 0],
							"uv": {
								"north": {"uv": [50, 36], "uv_size": [14, 14]},
								"east": {"uv": [50, 36], "uv_size": [14, 14]},
								"south": {"uv": [50, 36], "uv_size": [14, 14]},
								"west": {"uv": [50, 36], "uv_size": [14, 14]},
								"up": {"uv": [64, 50], "uv_size": [-14, -14]},
								"down": {"uv": [64, 50], "uv_size": [-14, -14]}
							}
						},
						{
							"origin": [-10.75, 21.25, 3.85],
							"size": [3, 0.5, 0.25],
							"pivot": [-8, 21.5, 4],
							"rotation": [0, 57.5, 0],
							"uv": {
								"north": {"uv": [50, 36], "uv_size": [14, 14]},
								"east": {"uv": [50, 36], "uv_size": [14, 14]},
								"south": {"uv": [50, 36], "uv_size": [14, 14]},
								"west": {"uv": [50, 36], "uv_size": [14, 14]},
								"up": {"uv": [64, 50], "uv_size": [-14, -14]},
								"down": {"uv": [64, 50], "uv_size": [-14, -14]}
							}
						},
						{
							"origin": [-10.75, 21.25, 3.85],
							"size": [3, 0.5, 0.25],
							"pivot": [-8, 21.5, 4],
							"rotation": [0, -30, 0],
							"uv": {
								"north": {"uv": [50, 36], "uv_size": [14, 14]},
								"east": {"uv": [50, 36], "uv_size": [14, 14]},
								"south": {"uv": [50, 36], "uv_size": [14, 14]},
								"west": {"uv": [50, 36], "uv_size": [14, 14]},
								"up": {"uv": [64, 50], "uv_size": [-14, -14]},
								"down": {"uv": [64, 50], "uv_size": [-14, -14]}
							}
						},
						{
							"origin": [-11, 21.25, 3.40326],
							"size": [0.25, 0.5, 1.19347],
							"pivot": [-8, 21.5, 4],
							"rotation": [0, -22.5, 0],
							"uv": {
								"north": {"uv": [50, 50], "uv_size": [14, -14]},
								"east": {"uv": [50, 50], "uv_size": [14, -14]},
								"south": {"uv": [50, 50], "uv_size": [14, -14]},
								"west": {"uv": [50, 50], "uv_size": [14, -14]},
								"up": {"uv": [61, 41], "uv_size": [-10, 8]},
								"down": {"uv": [63, 41], "uv_size": [-13, 9]}
							}
						}
					]
				},
				{
					"name": "hexadecagon2",
					"parent": "hexadecagon",
					"pivot": [-8, 21, 4],
					"cubes": [
						{
							"origin": [-8.59674, 21.25, 1],
							"size": [1.19347, 0.5, 0.25],
							"pivot": [-8, 21.5, 4],
							"rotation": [0, -45, 0],
							"uv": {
								"north": {"uv": [64, 50], "uv_size": [-14, -14]},
								"east": {"uv": [64, 50], "uv_size": [-14, -14]},
								"south": {"uv": [64, 50], "uv_size": [-14, -14]},
								"west": {"uv": [64, 50], "uv_size": [-14, -14]},
								"up": {"uv": [50, 42], "uv_size": [14, 8]},
								"down": {"uv": [50, 43], "uv_size": [14, 7]}
							}
						},
						{
							"origin": [-8.59674, 21.25, 1],
							"size": [1.19347, 0.5, 0.25],
							"pivot": [-8, 21.5, 4],
							"rotation": [0, -22.5, 0],
							"uv": {
								"north": {"uv": [64, 50], "uv_size": [-14, -14]},
								"east": {"uv": [64, 50], "uv_size": [-14, -14]},
								"south": {"uv": [64, 50], "uv_size": [-14, -14]},
								"west": {"uv": [64, 50], "uv_size": [-14, -14]},
								"up": {"uv": [50, 41], "uv_size": [14, 9]},
								"down": {"uv": [50, 44], "uv_size": [14, 6]}
							}
						},
						{
							"origin": [-8.59674, 21.25, 1],
							"size": [1.19347, 0.5, 0.25],
							"uv": {
								"north": {"uv": [64, 50], "uv_size": [-14, -14]},
								"east": {"uv": [64, 50], "uv_size": [-14, -14]},
								"south": {"uv": [64, 50], "uv_size": [-14, -14]},
								"west": {"uv": [64, 50], "uv_size": [-14, -14]},
								"up": {"uv": [50, 41], "uv_size": [14, 9]},
								"down": {"uv": [50, 43], "uv_size": [14, 7]}
							}
						},
						{
							"origin": [-8.59674, 21.25, 6.75],
							"size": [1.19347, 0.5, 0.25],
							"uv": {
								"north": {"uv": [64, 50], "uv_size": [-14, -14]},
								"east": {"uv": [64, 50], "uv_size": [-14, -14]},
								"south": {"uv": [64, 50], "uv_size": [-14, -14]},
								"west": {"uv": [64, 50], "uv_size": [-14, -14]},
								"up": {"uv": [50, 43], "uv_size": [14, 7]},
								"down": {"uv": [50, 44], "uv_size": [14, 6]}
							}
						},
						{
							"origin": [-8.59674, 21.25, 6.75],
							"size": [1.19347, 0.5, 0.25],
							"pivot": [-8, 21.5, 4],
							"rotation": [0, 22.5, 0],
							"uv": {
								"north": {"uv": [64, 50], "uv_size": [-14, -14]},
								"east": {"uv": [64, 50], "uv_size": [-14, -14]},
								"south": {"uv": [64, 50], "uv_size": [-14, -14]},
								"west": {"uv": [64, 50], "uv_size": [-14, -14]},
								"up": {"uv": [50, 40], "uv_size": [14, 10]},
								"down": {"uv": [50, 42], "uv_size": [14, 8]}
							}
						},
						{
							"origin": [-8.59674, 21.25, 6.75],
							"size": [1.19347, 0.5, 0.25],
							"pivot": [-8, 21.5, 4],
							"rotation": [0, 45, 0],
							"uv": {
								"north": {"uv": [50, 50], "uv_size": [14, -14]},
								"east": {"uv": [50, 50], "uv_size": [14, -14]},
								"south": {"uv": [50, 50], "uv_size": [14, -14]},
								"west": {"uv": [50, 50], "uv_size": [14, -14]},
								"up": {"uv": [64, 42], "uv_size": [-14, 8]},
								"down": {"uv": [64, 43], "uv_size": [-14, 7]}
							}
						},
						{
							"origin": [-5.25, 21.25, 3.40326],
							"size": [0.25, 0.5, 1.19347],
							"pivot": [-8, 21.5, 4],
							"rotation": [0, -22.5, 0],
							"uv": {
								"north": {"uv": [64, 50], "uv_size": [-14, -14]},
								"east": {"uv": [64, 50], "uv_size": [-14, -14]},
								"south": {"uv": [64, 50], "uv_size": [-14, -14]},
								"west": {"uv": [64, 50], "uv_size": [-14, -14]},
								"up": {"uv": [50, 40], "uv_size": [14, 10]},
								"down": {"uv": [50, 41], "uv_size": [14, 9]}
							}
						},
						{
							"origin": [-5.25, 21.25, 3.40326],
							"size": [0.25, 0.5, 1.19347],
							"uv": {
								"north": {"uv": [64, 50], "uv_size": [-14, -14]},
								"east": {"uv": [64, 50], "uv_size": [-14, -14]},
								"south": {"uv": [64, 50], "uv_size": [-14, -14]},
								"west": {"uv": [64, 50], "uv_size": [-14, -14]},
								"up": {"uv": [50, 40], "uv_size": [14, 10]},
								"down": {"uv": [50, 40], "uv_size": [14, 10]}
							}
						},
						{
							"origin": [-8.25, 21.25, 3.85],
							"size": [3, 0.5, 0.25],
							"uv": {
								"north": {"uv": [64, 36], "uv_size": [-14, 14]},
								"east": {"uv": [64, 36], "uv_size": [-14, 14]},
								"south": {"uv": [64, 36], "uv_size": [-14, 14]},
								"west": {"uv": [64, 36], "uv_size": [-14, 14]},
								"up": {"uv": [50, 50], "uv_size": [14, -14]},
								"down": {"uv": [50, 50], "uv_size": [14, -14]}
							}
						},
						{
							"origin": [-8.25, 21.25, 3.85],
							"size": [3, 0.5, 0.25],
							"pivot": [-8, 21.5, 4],
							"rotation": [0, 60, 0],
							"uv": {
								"north": {"uv": [64, 36], "uv_size": [-14, 14]},
								"east": {"uv": [64, 36], "uv_size": [-14, 14]},
								"south": {"uv": [64, 36], "uv_size": [-14, 14]},
								"west": {"uv": [64, 36], "uv_size": [-14, 14]},
								"up": {"uv": [50, 50], "uv_size": [14, -14]},
								"down": {"uv": [50, 50], "uv_size": [14, -14]}
							}
						},
						{
							"origin": [-8.25, 21.25, 3.85],
							"size": [3, 0.5, 0.25],
							"pivot": [-8, 21.5, 4],
							"rotation": [0, 90, 0],
							"uv": {
								"north": {"uv": [64, 36], "uv_size": [-14, 14]},
								"east": {"uv": [64, 36], "uv_size": [-14, 14]},
								"south": {"uv": [64, 36], "uv_size": [-14, 14]},
								"west": {"uv": [64, 36], "uv_size": [-14, 14]},
								"up": {"uv": [50, 50], "uv_size": [14, -14]},
								"down": {"uv": [50, 50], "uv_size": [14, -14]}
							}
						},
						{
							"origin": [-44.25, 21.25, 39.9],
							"size": [3, 0.5, 0.25],
							"pivot": [-8, 21.5, 40],
							"rotation": [0, -90, 0],
							"uv": {
								"north": {"uv": [50, 36], "uv_size": [14, 14]},
								"east": {"uv": [50, 36], "uv_size": [14, 14]},
								"south": {"uv": [50, 36], "uv_size": [14, 14]},
								"west": {"uv": [50, 36], "uv_size": [14, 14]},
								"up": {"uv": [64, 50], "uv_size": [-14, -14]},
								"down": {"uv": [64, 50], "uv_size": [-14, -14]}
							}
						},
						{
							"origin": [-8.25, 21.25, 3.85],
							"size": [3, 0.5, 0.25],
							"pivot": [-8, 21.5, 4],
							"rotation": [0, -30, 0],
							"uv": {
								"north": {"uv": [64, 36], "uv_size": [-14, 14]},
								"east": {"uv": [64, 36], "uv_size": [-14, 14]},
								"south": {"uv": [64, 36], "uv_size": [-14, 14]},
								"west": {"uv": [64, 36], "uv_size": [-14, 14]},
								"up": {"uv": [50, 50], "uv_size": [14, -14]},
								"down": {"uv": [50, 50], "uv_size": [14, -14]}
							}
						},
						{
							"origin": [-8.25, 21.25, 3.85],
							"size": [3, 0.5, 0.25],
							"pivot": [-8, 21.5, 4],
							"rotation": [0, -57.5, 0],
							"uv": {
								"north": {"uv": [64, 36], "uv_size": [-14, 14]},
								"east": {"uv": [64, 36], "uv_size": [-14, 14]},
								"south": {"uv": [64, 36], "uv_size": [-14, 14]},
								"west": {"uv": [64, 36], "uv_size": [-14, 14]},
								"up": {"uv": [50, 50], "uv_size": [14, -14]},
								"down": {"uv": [50, 50], "uv_size": [14, -14]}
							}
						},
						{
							"origin": [-8.25, 21.25, 3.85],
							"size": [3, 0.5, 0.25],
							"pivot": [-8, 21.5, 4],
							"rotation": [0, 30, 0],
							"uv": {
								"north": {"uv": [64, 36], "uv_size": [-14, 14]},
								"east": {"uv": [64, 36], "uv_size": [-14, 14]},
								"south": {"uv": [64, 36], "uv_size": [-14, 14]},
								"west": {"uv": [64, 36], "uv_size": [-14, 14]},
								"up": {"uv": [50, 50], "uv_size": [14, -14]},
								"down": {"uv": [50, 50], "uv_size": [14, -14]}
							}
						},
						{
							"origin": [-5.25, 21.25, 3.40326],
							"size": [0.25, 0.5, 1.19347],
							"pivot": [-8, 21.5, 4],
							"rotation": [0, 22.5, 0],
							"uv": {
								"north": {"uv": [64, 50], "uv_size": [-14, -14]},
								"east": {"uv": [64, 50], "uv_size": [-14, -14]},
								"south": {"uv": [64, 50], "uv_size": [-14, -14]},
								"west": {"uv": [64, 50], "uv_size": [-14, -14]},
								"up": {"uv": [51, 41], "uv_size": [10, 8]},
								"down": {"uv": [50, 42], "uv_size": [14, 8]}
							}
						}
					]
				},
				{
					"name": "L1",
					"parent": "NichirinR",
					"pivot": [-7, 34, 3],
					"cubes": [
						{
							"origin": [-7.6, 21, 2.2],
							"size": [0.2, 21, 1],
							"uv": {
								"north": {"uv": [8, 0], "uv_size": [-8, 64]},
								"east": {"uv": [8, 0], "uv_size": [-8, 64]},
								"south": {"uv": [8, 0], "uv_size": [-8, 64]},
								"west": {"uv": [8, 0], "uv_size": [-8, 64]},
								"up": {"uv": [0, 64], "uv_size": [8, -64]},
								"down": {"uv": [0, 64], "uv_size": [8, -64]}
							}
						},
						{
							"origin": [-7.596, 43.3, 2.206],
							"size": [0.192, 0.5, 0.288],
							"uv": {
								"north": {"uv": [17, 64], "uv_size": [-9, -64]},
								"east": {"uv": [17, 64], "uv_size": [-9, -64]},
								"south": {"uv": [17, 64], "uv_size": [-9, -64]},
								"west": {"uv": [17, 64], "uv_size": [-9, -64]},
								"up": {"uv": [8, 0], "uv_size": [9, 64]},
								"down": {"uv": [8, 0], "uv_size": [9, 64]}
							}
						},
						{
							"origin": [-7.6, 42, 2.2],
							"size": [0.2, 0.5, 1],
							"uv": {
								"north": {"uv": [7, 64], "uv_size": [-7, -64]},
								"east": {"uv": [7, 64], "uv_size": [-7, -64]},
								"south": {"uv": [7, 64], "uv_size": [-7, -64]},
								"west": {"uv": [7, 64], "uv_size": [-7, -64]},
								"up": {"uv": [0, 0], "uv_size": [7, 64]},
								"down": {"uv": [0, 0], "uv_size": [7, 64]}
							}
						},
						{
							"origin": [-7.59996, 42.07948, 2.99995],
							"size": [0.19992, 0.4998, 0.4998],
							"pivot": [-7.40004, 41.54122, 2.29158],
							"rotation": [22.5, 0, 0],
							"uv": {
								"north": {"uv": [5, 64], "uv_size": [-5, -64]},
								"east": {"uv": [5, 64], "uv_size": [-5, -64]},
								"south": {"uv": [5, 64], "uv_size": [-5, -64]},
								"west": {"uv": [5, 64], "uv_size": [-5, -64]},
								"up": {"uv": [0, 0], "uv_size": [5, 64]},
								"down": {"uv": [0, 0], "uv_size": [5, 64]}
							}
						},
						{
							"origin": [-7.598, 42.27321, 3.23795],
							"size": [0.196, 0.49, 0.49],
							"pivot": [-7.402, 41.74551, 2.54347],
							"rotation": [45, 0, 0],
							"uv": {
								"north": {"uv": [8, 64], "uv_size": [-5, -64]},
								"east": {"uv": [8, 64], "uv_size": [-5, -64]},
								"south": {"uv": [8, 64], "uv_size": [-5, -64]},
								"west": {"uv": [8, 64], "uv_size": [-5, -64]},
								"up": {"uv": [3, 0], "uv_size": [5, 64]},
								"down": {"uv": [3, 0], "uv_size": [5, 64]}
							}
						},
						{
							"origin": [-7.596, 42.64591, 3.88358],
							"size": [0.194, 0.49, 0.49],
							"pivot": [-7.402, 42.11821, 3.1891],
							"rotation": [90, 0, 0],
							"uv": {
								"north": {"uv": [7, 64], "uv_size": [-5, -64]},
								"east": {"uv": [7, 64], "uv_size": [-5, -64]},
								"south": {"uv": [7, 64], "uv_size": [-5, -64]},
								"west": {"uv": [7, 64], "uv_size": [-5, -64]},
								"up": {"uv": [2, 0], "uv_size": [5, 64]},
								"down": {"uv": [2, 0], "uv_size": [5, 64]}
							}
						},
						{
							"origin": [-7.59604, 41.5099, 2.2],
							"size": [0.19208, 1.4802, 0.49],
							"uv": {
								"north": {"uv": [6, 64], "uv_size": [-6, -64]},
								"east": {"uv": [6, 64], "uv_size": [-6, -64]},
								"south": {"uv": [6, 64], "uv_size": [-6, -64]},
								"west": {"uv": [6, 64], "uv_size": [-6, -64]},
								"up": {"uv": [0, 0], "uv_size": [6, 64]},
								"down": {"uv": [0, 0], "uv_size": [6, 64]}
							}
						},
						{
							"origin": [-7.588, 41.98837, -4.79699],
							"size": [0.188, 0.288, 0.2],
							"pivot": [-7.02, 24.70837, 2.69101],
							"rotation": [-22.5, 0, 0],
							"uv": {
								"north": {"uv": [17, 64], "uv_size": [-9, -64]},
								"east": {"uv": [17, 64], "uv_size": [-9, -64]},
								"south": {"uv": [17, 64], "uv_size": [-9, -64]},
								"west": {"uv": [17, 64], "uv_size": [-9, -64]},
								"up": {"uv": [8, 0], "uv_size": [9, 64]},
								"down": {"uv": [8, 0], "uv_size": [9, 64]}
							}
						},
						{
							"origin": [-7.6, 21.9, 3.2],
							"size": [0.2, 20.1, 0.6],
							"uv": {
								"north": {"uv": [17, 64], "uv_size": [-9, -64]},
								"east": {"uv": [17, 64], "uv_size": [-9, -64]},
								"south": {"uv": [17, 64], "uv_size": [-9, -64]},
								"west": {"uv": [17, 64], "uv_size": [-9, -64]},
								"up": {"uv": [8, 0], "uv_size": [9, 64]},
								"down": {"uv": [8, 0], "uv_size": [9, 64]}
							}
						},
						{
							"origin": [-7.596, 41.53, 6.34],
							"size": [0.192, 1.152, 0.576],
							"pivot": [-7.02, 33.92596, 4.21462],
							"rotation": [22.5, 0, 0],
							"uv": {
								"north": {"uv": [17, 64], "uv_size": [-9, -64]},
								"east": {"uv": [17, 64], "uv_size": [-9, -64]},
								"south": {"uv": [17, 64], "uv_size": [-9, -64]},
								"west": {"uv": [17, 64], "uv_size": [-9, -64]},
								"up": {"uv": [8, 0], "uv_size": [9, 64]},
								"down": {"uv": [8, 0], "uv_size": [9, 64]}
							}
						},
						{
							"origin": [-7.594, 43.96033, 10.3591],
							"size": [0.19, 0.96, 0.576],
							"pivot": [-7.02, 34.36033, 8.2471],
							"rotation": [45, 0, 0],
							"uv": {
								"north": {"uv": [17, 64], "uv_size": [-9, -64]},
								"east": {"uv": [17, 64], "uv_size": [-9, -64]},
								"south": {"uv": [17, 64], "uv_size": [-9, -64]},
								"west": {"uv": [17, 64], "uv_size": [-9, -64]},
								"up": {"uv": [8, 0], "uv_size": [9, 64]},
								"down": {"uv": [8, 0], "uv_size": [9, 64]}
							}
						},
						{
							"origin": [-7.6, 22, 3.2],
							"size": [0.2, 0.6, 0.6],
							"uv": {
								"north": {"uv": [5, 64], "uv_size": [-5, -64]},
								"east": {"uv": [5, 64], "uv_size": [-5, -64]},
								"south": {"uv": [5, 64], "uv_size": [-5, -64]},
								"west": {"uv": [5, 64], "uv_size": [-5, -64]},
								"up": {"uv": [0, 0], "uv_size": [5, 64]},
								"down": {"uv": [0, 0], "uv_size": [5, 64]}
							}
						}
					],
					"locators": {
						"effect1": [-7.5, 23, 3],
						"effect2": [-7.5, 28, 3],
						"effect3": [-7.5, 33, 3],
						"effect4": [-7.5, 38, 3],
						"effect5": [-7.5, 43, 3]
					}
				}
			]
		}
	]
}