{
	"format_version": "1.12.0",
	"minecraft:geometry": [
		{
			"description": {
				"identifier": "geometry.nichirin_rengoku",
				"texture_width": 64,
				"texture_height": 64,
				"visible_bounds_width": 3,
				"visible_bounds_height": 5,
				"visible_bounds_offset": [0, 0.5, 0]
			},
			"bones": [
				{
					"name": "root",
					"pivot": [0, 0, 0]
				},
				{
					"name": "waist",
					"parent": "root",
					"pivot": [0, 0, 0]
				},
				{
					"name": "body",
					"parent": "waist",
					"pivot": [0, 0, 0]
				},
				{
					"name": "rightArm",
					"parent": "body",
					"pivot": [-5, 22, 0]
				},
				{
					"name": "NichirinR",
					"parent": "rightArm",
					"pivot": [-6.7, 13, -18],
					"rotation": [90, 0, 180]
				},
				{
					"name": "B1",
					"parent": "NichirinR",
					"pivot": [-7, 13, -18],
					"cubes": [
						{
							"origin": [-8, -8.8, -19.1],
							"size": [1, 1, 2.2],
							"inflate": 0.05,
							"uv": {
								"north": {"uv": [51, 51], "uv_size": [12, 12]},
								"east": {"uv": [51, 51], "uv_size": [12, 12]},
								"south": {"uv": [51, 51], "uv_size": [12, 12]},
								"west": {"uv": [51, 51], "uv_size": [12, 12]},
								"up": {"uv": [63, 63], "uv_size": [-12, -12]},
								"down": {"uv": [63, 63], "uv_size": [-12, -12]}
							}
						},
						{
							"origin": [-7.9648, -7.93, -18.9984],
							"size": [0.9, 7.7, 1.9968],
							"uv": {
								"north": {"uv": [37, 51], "uv_size": [12, 12]},
								"east": {"uv": [37, 51], "uv_size": [12, 12]},
								"south": {"uv": [37, 51], "uv_size": [12, 12]},
								"west": {"uv": [37, 51], "uv_size": [12, 12]},
								"up": {"uv": [49, 63], "uv_size": [-12, -12]},
								"down": {"uv": [49, 63], "uv_size": [-12, -12]}
							}
						},
						{
							"origin": [-8.02, -7.93, -19.05],
							"size": [1, 0.545, 2.1],
							"uv": {
								"north": {"uv": [22, 50], "uv_size": [14, 14]},
								"east": {"uv": [22, 50], "uv_size": [14, 14]},
								"south": {"uv": [22, 50], "uv_size": [14, 14]},
								"west": {"uv": [22, 50], "uv_size": [14, 14]},
								"up": {"uv": [36, 64], "uv_size": [-14, -14]},
								"down": {"uv": [36, 64], "uv_size": [-14, -14]}
							}
						},
						{
							"origin": [-8.02, -7.38, -19.05],
							"size": [1, 0.545, 2.1],
							"uv": {
								"north": {"uv": [22, 50], "uv_size": [14, 14]},
								"east": {"uv": [22, 50], "uv_size": [14, 14]},
								"south": {"uv": [22, 50], "uv_size": [14, 14]},
								"west": {"uv": [22, 50], "uv_size": [14, 14]},
								"up": {"uv": [36, 64], "uv_size": [-14, -14]},
								"down": {"uv": [36, 64], "uv_size": [-14, -14]}
							}
						},
						{
							"origin": [-8.02, -6.8, -19.05],
							"size": [1, 0.545, 2.1],
							"uv": {
								"north": {"uv": [22, 50], "uv_size": [14, 14]},
								"east": {"uv": [22, 50], "uv_size": [14, 14]},
								"south": {"uv": [22, 50], "uv_size": [14, 14]},
								"west": {"uv": [22, 50], "uv_size": [14, 14]},
								"up": {"uv": [36, 64], "uv_size": [-14, -14]},
								"down": {"uv": [36, 64], "uv_size": [-14, -14]}
							}
						},
						{
							"origin": [-8.02, -6.23, -19.05],
							"size": [1, 0.545, 2.1],
							"uv": {
								"north": {"uv": [22, 50], "uv_size": [14, 14]},
								"east": {"uv": [22, 50], "uv_size": [14, 14]},
								"south": {"uv": [22, 50], "uv_size": [14, 14]},
								"west": {"uv": [22, 50], "uv_size": [14, 14]},
								"up": {"uv": [36, 64], "uv_size": [-14, -14]},
								"down": {"uv": [36, 64], "uv_size": [-14, -14]}
							}
						},
						{
							"origin": [-8.02, -5.66, -19.05],
							"size": [1, 0.545, 2.1],
							"uv": {
								"north": {"uv": [22, 50], "uv_size": [14, 14]},
								"east": {"uv": [22, 50], "uv_size": [14, 14]},
								"south": {"uv": [22, 50], "uv_size": [14, 14]},
								"west": {"uv": [22, 50], "uv_size": [14, 14]},
								"up": {"uv": [36, 64], "uv_size": [-14, -14]},
								"down": {"uv": [36, 64], "uv_size": [-14, -14]}
							}
						},
						{
							"origin": [-8.02, -5.09, -19.05],
							"size": [1, 0.545, 2.1],
							"uv": {
								"north": {"uv": [22, 50], "uv_size": [14, 14]},
								"east": {"uv": [22, 50], "uv_size": [14, 14]},
								"south": {"uv": [22, 50], "uv_size": [14, 14]},
								"west": {"uv": [22, 50], "uv_size": [14, 14]},
								"up": {"uv": [36, 64], "uv_size": [-14, -14]},
								"down": {"uv": [36, 64], "uv_size": [-14, -14]}
							}
						},
						{
							"origin": [-8.02, -4.52, -19.05],
							"size": [1, 0.545, 2.1],
							"uv": {
								"north": {"uv": [22, 50], "uv_size": [14, 14]},
								"east": {"uv": [22, 50], "uv_size": [14, 14]},
								"south": {"uv": [22, 50], "uv_size": [14, 14]},
								"west": {"uv": [22, 50], "uv_size": [14, 14]},
								"up": {"uv": [36, 64], "uv_size": [-14, -14]},
								"down": {"uv": [36, 64], "uv_size": [-14, -14]}
							}
						},
						{
							"origin": [-8.02, -3.95, -19.05],
							"size": [1, 0.545, 2.1],
							"uv": {
								"north": {"uv": [22, 50], "uv_size": [14, 14]},
								"east": {"uv": [22, 50], "uv_size": [14, 14]},
								"south": {"uv": [22, 50], "uv_size": [14, 14]},
								"west": {"uv": [22, 50], "uv_size": [14, 14]},
								"up": {"uv": [36, 64], "uv_size": [-14, -14]},
								"down": {"uv": [36, 64], "uv_size": [-14, -14]}
							}
						},
						{
							"origin": [-8.02, -3.38, -19.05],
							"size": [1, 0.545, 2.1],
							"uv": {
								"north": {"uv": [22, 50], "uv_size": [14, 14]},
								"east": {"uv": [22, 50], "uv_size": [14, 14]},
								"south": {"uv": [22, 50], "uv_size": [14, 14]},
								"west": {"uv": [22, 50], "uv_size": [14, 14]},
								"up": {"uv": [36, 64], "uv_size": [-14, -14]},
								"down": {"uv": [36, 64], "uv_size": [-14, -14]}
							}
						},
						{
							"origin": [-8.02, -2.8, -19.05],
							"size": [1, 0.545, 2.1],
							"uv": {
								"north": {"uv": [22, 50], "uv_size": [14, 14]},
								"east": {"uv": [22, 50], "uv_size": [14, 14]},
								"south": {"uv": [22, 50], "uv_size": [14, 14]},
								"west": {"uv": [22, 50], "uv_size": [14, 14]},
								"up": {"uv": [36, 64], "uv_size": [-14, -14]},
								"down": {"uv": [36, 64], "uv_size": [-14, -14]}
							}
						},
						{
							"origin": [-8.02, -2.23, -19.05],
							"size": [1, 0.545, 2.1],
							"uv": {
								"north": {"uv": [22, 50], "uv_size": [14, 14]},
								"east": {"uv": [22, 50], "uv_size": [14, 14]},
								"south": {"uv": [22, 50], "uv_size": [14, 14]},
								"west": {"uv": [22, 50], "uv_size": [14, 14]},
								"up": {"uv": [36, 64], "uv_size": [-14, -14]},
								"down": {"uv": [36, 64], "uv_size": [-14, -14]}
							}
						},
						{
							"origin": [-8.02, -1.65, -19.05],
							"size": [1, 0.545, 2.1],
							"uv": {
								"north": {"uv": [22, 50], "uv_size": [14, 14]},
								"east": {"uv": [22, 50], "uv_size": [14, 14]},
								"south": {"uv": [22, 50], "uv_size": [14, 14]},
								"west": {"uv": [22, 50], "uv_size": [14, 14]},
								"up": {"uv": [36, 64], "uv_size": [-14, -14]},
								"down": {"uv": [36, 64], "uv_size": [-14, -14]}
							}
						},
						{
							"origin": [-8.02, -0.65, -19.05],
							"size": [1, 0.545, 2.1],
							"inflate": 0.05,
							"uv": {
								"north": {"uv": [50, 36], "uv_size": [14, 14]},
								"east": {"uv": [50, 36], "uv_size": [14, 14]},
								"south": {"uv": [50, 36], "uv_size": [14, 14]},
								"west": {"uv": [50, 36], "uv_size": [14, 14]},
								"up": {"uv": [64, 50], "uv_size": [-14, -14]},
								"down": {"uv": [64, 50], "uv_size": [-14, -14]}
							}
						},
						{
							"origin": [-8.02, -1.1, -19.05],
							"size": [1, 0.545, 2.1],
							"uv": {
								"north": {"uv": [22, 50], "uv_size": [14, 14]},
								"east": {"uv": [22, 50], "uv_size": [14, 14]},
								"south": {"uv": [22, 50], "uv_size": [14, 14]},
								"west": {"uv": [22, 50], "uv_size": [14, 14]},
								"up": {"uv": [36, 64], "uv_size": [-14, -14]},
								"down": {"uv": [36, 64], "uv_size": [-14, -14]}
							}
						},
						{
							"origin": [-7.7, -0.2, -18.78],
							"size": [0.4, 1.19, 1.56],
							"uv": {
								"north": {"uv": [36, 36], "uv_size": [14, 14]},
								"east": {"uv": [36, 36], "uv_size": [14, 14]},
								"south": {"uv": [36, 36], "uv_size": [14, 14]},
								"west": {"uv": [36, 36], "uv_size": [14, 14]},
								"up": {"uv": [47, 43], "uv_size": [-9, -5]},
								"down": {"uv": [50, 50], "uv_size": [-14, -14]}
							}
						},
						{
							"origin": [-7.62071, -0.2, -18.85071],
							"size": [0.25, 1.19, 1.7],
							"uv": {
								"north": {"uv": [36, 36], "uv_size": [5, 14]},
								"east": {"uv": [36, 36], "uv_size": [5, 14]},
								"south": {"uv": [36, 36], "uv_size": [5, 14]},
								"west": {"uv": [36, 36], "uv_size": [5, 14]},
								"up": {"uv": [41, 50], "uv_size": [-5, -14]},
								"down": {"uv": [41, 50], "uv_size": [-5, -14]}
							}
						},
						{
							"origin": [1.6833, -0.57, -17.27044],
							"size": [0.1, 1.56, 0.1],
							"pivot": [-3.2667, -1.29, -16.06294],
							"rotation": [-180, 45, 180],
							"uv": {
								"north": {"uv": [37, 37], "uv_size": [12, 5]},
								"east": {"uv": [37, 37], "uv_size": [12, 5]},
								"south": {"uv": [37, 37], "uv_size": [12, 5]},
								"west": {"uv": [37, 37], "uv_size": [12, 5]},
								"up": {"uv": [49, 42], "uv_size": [-12, -5]},
								"down": {"uv": [49, 42], "uv_size": [-12, -5]}
							}
						},
						{
							"origin": [8.07452, -0.57, -5.56334],
							"size": [0.1, 1.56, 0.1],
							"pivot": [3.12452, -1.29, -15.35584],
							"rotation": [-180, -45, -180],
							"uv": {
								"north": {"uv": [43, 37], "uv_size": [-6, 3]},
								"east": {"uv": [43, 37], "uv_size": [-6, 3]},
								"south": {"uv": [43, 37], "uv_size": [-6, 3]},
								"west": {"uv": [43, 37], "uv_size": [-6, 3]},
								"up": {"uv": [37, 40], "uv_size": [6, -3]},
								"down": {"uv": [37, 40], "uv_size": [6, -3]}
							}
						},
						{
							"origin": [33.53163, -0.57, 28.11015],
							"size": [0.1, 1.56, 0.1],
							"pivot": [3.58163, -1.29, 14.00265],
							"rotation": [180, 45, -180],
							"uv": {
								"north": {"uv": [37, 37], "uv_size": [12, 3]},
								"east": {"uv": [37, 37], "uv_size": [12, 3]},
								"south": {"uv": [37, 37], "uv_size": [12, 3]},
								"west": {"uv": [37, 37], "uv_size": [12, 3]},
								"up": {"uv": [49, 40], "uv_size": [-12, -3]},
								"down": {"uv": [49, 40], "uv_size": [-12, -3]}
							}
						},
						{
							"origin": [-24.18802, -0.57, 33.98883],
							"size": [0.1, 1.56, 0.1],
							"pivot": [-5.13802, -1.29, 11.88133],
							"rotation": [180, -45, 180],
							"uv": {
								"north": {"uv": [49, 38], "uv_size": [-11, -2]},
								"east": {"uv": [49, 38], "uv_size": [-11, -2]},
								"south": {"uv": [49, 38], "uv_size": [-11, -2]},
								"west": {"uv": [49, 38], "uv_size": [-11, -2]},
								"up": {"uv": [38, 36], "uv_size": [11, 2]},
								"down": {"uv": [38, 36], "uv_size": [11, 2]}
							}
						}
					]
				},
				{
					"name": "L1",
					"parent": "NichirinR",
					"pivot": [-7, 13, -18],
					"cubes": [
						{
							"origin": [-7.6, 0, -18.8],
							"size": [0.2, 6, 1],
							"uv": {
								"north": {"uv": [0, 3], "uv_size": [1, 48]},
								"east": {"uv": [11, 1], "uv_size": [-11, 50]},
								"south": {"uv": [11, 0], "uv_size": [-11, 51]},
								"west": {"uv": [0, 1], "uv_size": [11, 50]},
								"up": {"uv": [0, 51], "uv_size": [11, -51]},
								"down": {"uv": [0, 51], "uv_size": [11, -51]}
							}
						},
						{
							"origin": [-7.6, 6, -18.8],
							"size": [0.2, 6, 1],
							"uv": {
								"north": {"uv": [0, 2], "uv_size": [1, 59]},
								"east": {"uv": [11, 1], "uv_size": [-11, 60]},
								"south": {"uv": [11, 0], "uv_size": [-11, 61]},
								"west": {"uv": [0, 1], "uv_size": [11, 60]},
								"up": {"uv": [0, 61], "uv_size": [11, -61]},
								"down": {"uv": [0, 61], "uv_size": [11, -61]}
							}
						},
						{
							"origin": [-7.6, 12, -18.8],
							"size": [0.2, 7, 1],
							"uv": {
								"north": {"uv": [1, 2], "uv_size": [-1, 59]},
								"east": {"uv": [11, 1], "uv_size": [-11, 60]},
								"south": {"uv": [11, 0], "uv_size": [-11, 61]},
								"west": {"uv": [0, 1], "uv_size": [11, 61]},
								"up": {"uv": [0, 61], "uv_size": [11, -61]},
								"down": {"uv": [0, 61], "uv_size": [11, -61]}
							}
						},
						{
							"origin": [-7.6, 19, -18.8],
							"size": [0.2, 2, 1],
							"uv": {
								"north": {"uv": [1, 1], "uv_size": [-1, 24]},
								"east": {"uv": [11, 1], "uv_size": [-11, 24]},
								"south": {"uv": [11, 0], "uv_size": [-11, 25]},
								"west": {"uv": [0, 1], "uv_size": [11, 24]},
								"up": {"uv": [0, 25], "uv_size": [11, -25]},
								"down": {"uv": [0, 25], "uv_size": [11, -25]}
							}
						},
						{
							"origin": [-7.596, 22.3, -18.794],
							"size": [0.192, 0.5, 0.288],
							"uv": {
								"north": {"uv": [17, 64], "uv_size": [-5, -64]},
								"east": {"uv": [17, 64], "uv_size": [-5, -64]},
								"south": {"uv": [17, 64], "uv_size": [-5, -64]},
								"west": {"uv": [12, 64], "uv_size": [5, -64]},
								"up": {"uv": [16, 0], "uv_size": [1, 64]},
								"down": {"uv": [12, 0], "uv_size": [5, 64]}
							}
						},
						{
							"origin": [-7.6, 21, -18.8],
							"size": [0.2, 0.5, 1],
							"uv": {
								"north": {"uv": [2, 41], "uv_size": [-2, -8]},
								"east": {"uv": [9, 41], "uv_size": [-9, -8]},
								"south": {"uv": [9, 41], "uv_size": [-9, -8]},
								"west": {"uv": [0, 41], "uv_size": [9, -8]},
								"up": {"uv": [0, 33], "uv_size": [9, 8]},
								"down": {"uv": [0, 33], "uv_size": [9, 8]}
							}
						},
						{
							"origin": [-7.59996, 21.07948, -18.00005],
							"size": [0.19992, 0.4998, 0.4998],
							"pivot": [-7.40004, 20.54122, -18.70842],
							"rotation": [22.5, 0, 0],
							"uv": {
								"north": {"uv": [11, 26], "uv_size": [-4, -2]},
								"east": {"uv": [11, 26], "uv_size": [-4, -2]},
								"south": {"uv": [11, 26], "uv_size": [-4, -2]},
								"west": {"uv": [11, 26], "uv_size": [-4, -2]},
								"up": {"uv": [7, 24], "uv_size": [4, 2]},
								"down": {"uv": [7, 24], "uv_size": [4, 2]}
							}
						},
						{
							"origin": [-7.598, 21.27321, -17.76205],
							"size": [0.196, 0.49, 0.49],
							"pivot": [-7.402, 20.74551, -18.45653],
							"rotation": [45, 0, 0],
							"uv": {
								"north": {"uv": [10, 25], "uv_size": [0, -1]},
								"east": {"uv": [10, 25], "uv_size": [0, -1]},
								"south": {"uv": [10, 25], "uv_size": [0, -1]},
								"west": {"uv": [10, 25], "uv_size": [0, -1]},
								"up": {"uv": [10, 24], "uv_size": [0, 1]},
								"down": {"uv": [10, 24], "uv_size": [0, 1]}
							}
						},
						{
							"origin": [-7.596, 21.64591, -17.11642],
							"size": [0.194, 0.46, 0.49],
							"pivot": [-7.402, 21.11821, -17.8109],
							"rotation": [90, 0, 0],
							"uv": {
								"north": {"uv": [10, 17], "uv_size": [0, -1]},
								"east": {"uv": [10, 17], "uv_size": [0, -1]},
								"south": {"uv": [10, 17], "uv_size": [0, -1]},
								"west": {"uv": [10, 17], "uv_size": [0, -1]},
								"up": {"uv": [10, 16], "uv_size": [0, 1]},
								"down": {"uv": [10, 16], "uv_size": [0, 1]}
							}
						},
						{
							"origin": [-7.59604, 20.5099, -18.8],
							"size": [0.19208, 1.4802, 0.49],
							"uv": {
								"north": {"uv": [1, 25], "uv_size": [-1, -8]},
								"east": {"uv": [9, 25], "uv_size": [-5, -8]},
								"south": {"uv": [9, 25], "uv_size": [-5, -8]},
								"west": {"uv": [4, 25], "uv_size": [5, -8]},
								"up": {"uv": [4, 17], "uv_size": [5, 8]},
								"down": {"uv": [4, 17], "uv_size": [5, 8]}
							}
						},
						{
							"origin": [-7.588, 20.98837, -25.79699],
							"size": [0.188, 0.288, 0.2],
							"pivot": [-7.02, 3.70837, -18.30899],
							"rotation": [-22.5, 0, 0],
							"uv": {
								"north": {"uv": [17, 64], "uv_size": [-5, -64]},
								"east": {"uv": [17, 64], "uv_size": [-5, -64]},
								"south": {"uv": [17, 64], "uv_size": [-5, -64]},
								"west": {"uv": [12, 64], "uv_size": [5, -64]},
								"up": {"uv": [16, 0], "uv_size": [1, 64]},
								"down": {"uv": [12, 0], "uv_size": [5, 64]}
							}
						},
						{
							"origin": [-7.6, 0.9, -17.8],
							"size": [0.2, 20.1, 0.6],
							"uv": {
								"north": {"uv": [17, 64], "uv_size": [-6, -64]},
								"east": {"uv": [17, 64], "uv_size": [-6, -64]},
								"south": {"uv": [17, 64], "uv_size": [-1, -64]},
								"west": {"uv": [11, 64], "uv_size": [6, -64]},
								"up": {"uv": [11, 0], "uv_size": [6, 64]},
								"down": {"uv": [11, 0], "uv_size": [6, 64]}
							}
						},
						{
							"origin": [-7.596, 20.53, -14.66],
							"size": [0.192, 1.152, 0.576],
							"pivot": [-7.02, 12.92596, -16.78538],
							"rotation": [22.5, 0, 0],
							"uv": {
								"north": {"uv": [17, 64], "uv_size": [-5, -64]},
								"east": {"uv": [17, 64], "uv_size": [-5, -64]},
								"south": {"uv": [17, 64], "uv_size": [-1, -64]},
								"west": {"uv": [12, 64], "uv_size": [5, -64]},
								"up": {"uv": [12, 0], "uv_size": [5, 64]},
								"down": {"uv": [12, 0], "uv_size": [5, 64]}
							}
						},
						{
							"origin": [-7.594, 22.96033, -10.6409],
							"size": [0.19, 0.96, 0.576],
							"pivot": [-7.02, 13.36033, -12.7529],
							"rotation": [45, 0, 0],
							"uv": {
								"north": {"uv": [17, 64], "uv_size": [-5, -64]},
								"east": {"uv": [17, 64], "uv_size": [-5, -64]},
								"south": {"uv": [17, 64], "uv_size": [-1, -64]},
								"west": {"uv": [12, 64], "uv_size": [5, -64]},
								"up": {"uv": [12, 0], "uv_size": [5, 64]},
								"down": {"uv": [12, 0], "uv_size": [5, 64]}
							}
						}
					],
					"locators": {
						"effect1": [-7.5, 1, -18],
						"effect2": [-7.5, 6, -18],
						"effect3": [-7.5, 11, -18],
						"effect4": [-7.5, 16, -18],
						"effect5": [-7.5, 21, -18]
					}
				},
				{
					"name": "B2",
					"parent": "NichirinR",
					"pivot": [-7.53147, 0.02059, -17.4801],
					"rotation": [180, 0, 180],
					"cubes": [
						{
							"origin": [-8.69507, -0.15882, -18.09331],
							"size": [0.36, 0.36, 0.18],
							"uv": {
								"north": {"uv": [0.3, 0], "uv_size": [-0.3, 0.3]},
								"east": {"uv": [0.15, 0], "uv_size": [-0.15, 0.3]},
								"south": {"uv": [0.3, 0], "uv_size": [-0.3, 0.3]},
								"west": {"uv": [0.15, 0], "uv_size": [-0.15, 0.3]},
								"up": {"uv": [0.3, 0], "uv_size": [-0.3, 0.15]},
								"down": {"uv": [0.3, 0], "uv_size": [-0.3, 0.15]}
							}
						},
						{
							"origin": [-8.50415, -0.15882, -18.32151],
							"size": [0.48, 0.36, 0.18],
							"pivot": [-8.14415, -0.21882, -18.23151],
							"rotation": [0, 45, 0],
							"uv": {
								"north": {"uv": [0.4, 0], "uv_size": [-0.4, 0.3]},
								"east": {"uv": [0.15, 0], "uv_size": [-0.15, 0.3]},
								"south": {"uv": [0.4, 0], "uv_size": [-0.4, 0.3]},
								"west": {"uv": [0.15, 0], "uv_size": [-0.15, 0.3]},
								"up": {"uv": [0.4, 0], "uv_size": [-0.4, 0.15]},
								"down": {"uv": [0.4, 0], "uv_size": [-0.4, 0.15]}
							}
						},
						{
							"origin": [-8.93945, -0.15882, -17.4643],
							"size": [0.24, 0.36, 0.18],
							"pivot": [-8.81945, -0.21882, -17.3743],
							"rotation": [0, 35, 0],
							"uv": {
								"north": {"uv": [0.2, 0], "uv_size": [-0.2, 0.3]},
								"east": {"uv": [0.15, 0], "uv_size": [-0.15, 0.3]},
								"south": {"uv": [0.2, 0], "uv_size": [-0.2, 0.3]},
								"west": {"uv": [0.15, 0], "uv_size": [-0.15, 0.3]},
								"up": {"uv": [0.2, 0], "uv_size": [-0.2, 0.15]},
								"down": {"uv": [0.2, 0], "uv_size": [-0.2, 0.15]}
							}
						},
						{
							"origin": [-8.75357, -0.15882, -17.55098],
							"size": [0.24, 0.36, 0.18],
							"pivot": [-8.63357, -0.21882, -17.46098],
							"rotation": [0, 15, 0],
							"uv": {
								"north": {"uv": [0.2, 0], "uv_size": [-0.2, 0.3]},
								"east": {"uv": [0.15, 0], "uv_size": [-0.15, 0.3]},
								"south": {"uv": [0.2, 0], "uv_size": [-0.2, 0.3]},
								"west": {"uv": [0.15, 0], "uv_size": [-0.15, 0.3]},
								"up": {"uv": [0.2, 0], "uv_size": [-0.2, 0.15]},
								"down": {"uv": [0.2, 0], "uv_size": [-0.2, 0.15]}
							}
						},
						{
							"origin": [-8.73997, -0.15882, -17.41312],
							"size": [0.24, 0.36, 0.18],
							"pivot": [-8.61997, -0.21882, -17.32312],
							"rotation": [180, -70, 180],
							"uv": {
								"north": {"uv": [0.2, 0], "uv_size": [-0.2, 0.3]},
								"east": {"uv": [0.15, 0], "uv_size": [-0.15, 0.3]},
								"south": {"uv": [0.2, 0], "uv_size": [-0.2, 0.3]},
								"west": {"uv": [0.15, 0], "uv_size": [-0.15, 0.3]},
								"up": {"uv": [0.2, 0], "uv_size": [-0.2, 0.15]},
								"down": {"uv": [0.2, 0], "uv_size": [-0.2, 0.15]}
							}
						},
						{
							"origin": [-8.84253, -0.15882, -17.2355],
							"size": [0.24, 0.36, 0.18],
							"pivot": [-8.72253, -0.21882, -17.1455],
							"rotation": [180, -50, 180],
							"uv": {
								"north": {"uv": [0.2, 0], "uv_size": [-0.2, 0.3]},
								"east": {"uv": [0.15, 0], "uv_size": [-0.15, 0.3]},
								"south": {"uv": [0.2, 0], "uv_size": [-0.2, 0.3]},
								"west": {"uv": [0.15, 0], "uv_size": [-0.15, 0.3]},
								"up": {"uv": [0.2, 0], "uv_size": [-0.2, 0.15]},
								"down": {"uv": [0.2, 0], "uv_size": [-0.2, 0.15]}
							}
						},
						{
							"origin": [-9.00049, -0.15882, -17.07753],
							"size": [0.24, 0.36, 0.18],
							"pivot": [-8.88049, -0.21882, -16.98753],
							"rotation": [180, -40, 180],
							"uv": {
								"north": {"uv": [0.2, 0], "uv_size": [-0.2, 0.3]},
								"east": {"uv": [0.15, 0], "uv_size": [-0.15, 0.3]},
								"south": {"uv": [0.2, 0], "uv_size": [-0.2, 0.3]},
								"west": {"uv": [0.15, 0], "uv_size": [-0.15, 0.3]},
								"up": {"uv": [0.2, 0], "uv_size": [-0.2, 0.15]},
								"down": {"uv": [0.2, 0], "uv_size": [-0.2, 0.15]}
							}
						},
						{
							"origin": [-9.14537, -0.15882, -16.91942],
							"size": [0.24, 0.36, 0.18],
							"pivot": [-9.02537, -0.21882, -16.82942],
							"rotation": [180, -55, 180],
							"uv": {
								"north": {"uv": [0.2, 0], "uv_size": [-0.2, 0.3]},
								"east": {"uv": [0.15, 0], "uv_size": [-0.15, 0.3]},
								"south": {"uv": [0.2, 0], "uv_size": [-0.2, 0.3]},
								"west": {"uv": [0.15, 0], "uv_size": [-0.15, 0.3]},
								"up": {"uv": [0.2, 0], "uv_size": [-0.2, 0.15]},
								"down": {"uv": [0.2, 0], "uv_size": [-0.2, 0.15]}
							}
						},
						{
							"origin": [-9.25708, -0.15882, -16.72596],
							"size": [0.24, 0.36, 0.18],
							"pivot": [-9.13708, -0.21882, -16.63596],
							"rotation": [180, -65, 180],
							"uv": {
								"north": {"uv": [0.2, 0], "uv_size": [-0.2, 0.3]},
								"east": {"uv": [0.15, 0], "uv_size": [-0.15, 0.3]},
								"south": {"uv": [0.2, 0], "uv_size": [-0.2, 0.3]},
								"west": {"uv": [0.15, 0], "uv_size": [-0.15, 0.3]},
								"up": {"uv": [0.2, 0], "uv_size": [-0.2, 0.15]},
								"down": {"uv": [0.2, 0], "uv_size": [-0.2, 0.15]}
							}
						},
						{
							"origin": [-9.33348, -0.15882, -16.51603],
							"size": [0.24, 0.36, 0.18],
							"pivot": [-9.21348, -0.21882, -16.42603],
							"rotation": [180, -75, 180],
							"uv": {
								"north": {"uv": [0.2, 0], "uv_size": [-0.2, 0.3]},
								"east": {"uv": [0.15, 0], "uv_size": [-0.15, 0.3]},
								"south": {"uv": [0.2, 0], "uv_size": [-0.2, 0.3]},
								"west": {"uv": [0.15, 0], "uv_size": [-0.15, 0.3]},
								"up": {"uv": [0.2, 0], "uv_size": [-0.2, 0.15]},
								"down": {"uv": [0.2, 0], "uv_size": [-0.2, 0.15]}
							}
						},
						{
							"origin": [-9.35135, -0.15882, -16.31172],
							"size": [0.24, 0.36, 0.18],
							"pivot": [-9.23135, -0.21882, -16.22172],
							"rotation": [0, -85, 0],
							"uv": {
								"north": {"uv": [0.2, 0], "uv_size": [-0.2, 0.3]},
								"east": {"uv": [0.15, 0], "uv_size": [-0.15, 0.3]},
								"south": {"uv": [0.2, 0], "uv_size": [-0.2, 0.3]},
								"west": {"uv": [0.15, 0], "uv_size": [-0.15, 0.3]},
								"up": {"uv": [0.2, 0], "uv_size": [-0.2, 0.15]},
								"down": {"uv": [0.2, 0], "uv_size": [-0.2, 0.15]}
							}
						},
						{
							"origin": [-9.35261, -0.15882, -16.02148],
							"size": [0.36, 0.36, 0.18],
							"pivot": [-9.11261, -0.21882, -15.93148],
							"rotation": [0, -60, 0],
							"uv": {
								"north": {"uv": [0.3, 0], "uv_size": [-0.3, 0.3]},
								"east": {"uv": [0.15, 0], "uv_size": [-0.15, 0.3]},
								"south": {"uv": [0.3, 0], "uv_size": [-0.3, 0.3]},
								"west": {"uv": [0.15, 0], "uv_size": [-0.15, 0.3]},
								"up": {"uv": [0.3, 0], "uv_size": [-0.3, 0.15]},
								"down": {"uv": [0.3, 0], "uv_size": [-0.3, 0.15]}
							}
						},
						{
							"origin": [-9.23261, -0.15882, -15.93148],
							"size": [0.36, 0.36, 0.18],
							"pivot": [-8.99261, -0.21882, -15.84148],
							"rotation": [180, -60, 180],
							"uv": {
								"north": {"uv": [0.3, 0], "uv_size": [-0.3, 0.3]},
								"east": {"uv": [0.15, 0], "uv_size": [-0.15, 0.3]},
								"south": {"uv": [0.3, 0], "uv_size": [-0.3, 0.3]},
								"west": {"uv": [0.15, 0], "uv_size": [-0.15, 0.3]},
								"up": {"uv": [0.3, 0], "uv_size": [-0.3, 0.15]},
								"down": {"uv": [0.3, 0], "uv_size": [-0.3, 0.15]}
							}
						},
						{
							"origin": [-9.04206, -0.15882, -16.20554],
							"size": [0.36, 0.36, 0.18],
							"pivot": [-8.80206, -0.21882, -16.11554],
							"rotation": [180, -45, 180],
							"uv": {
								"north": {"uv": [0.3, 0], "uv_size": [-0.3, 0.3]},
								"east": {"uv": [0.15, 0], "uv_size": [-0.15, 0.3]},
								"south": {"uv": [0.3, 0], "uv_size": [-0.3, 0.3]},
								"west": {"uv": [0.15, 0], "uv_size": [-0.15, 0.3]},
								"up": {"uv": [0.3, 0], "uv_size": [-0.3, 0.15]},
								"down": {"uv": [0.3, 0], "uv_size": [-0.3, 0.15]}
							}
						},
						{
							"origin": [-8.87707, -0.15882, -16.30094],
							"size": [0.36, 0.36, 0.18],
							"pivot": [-8.63707, -0.21882, -16.21094],
							"rotation": [180, 30, 180],
							"uv": {
								"north": {"uv": [0.3, 0], "uv_size": [-0.3, 0.3]},
								"east": {"uv": [0.15, 0], "uv_size": [-0.15, 0.3]},
								"south": {"uv": [0.3, 0], "uv_size": [-0.3, 0.3]},
								"west": {"uv": [0.15, 0], "uv_size": [-0.15, 0.3]},
								"up": {"uv": [0.3, 0], "uv_size": [-0.3, 0.15]},
								"down": {"uv": [0.3, 0], "uv_size": [-0.3, 0.15]}
							}
						},
						{
							"origin": [-8.76217, -0.15882, -16.19996],
							"size": [0.36, 0.36, 0.18],
							"pivot": [-8.52217, -0.21882, -16.10996],
							"rotation": [0, 60, 0],
							"uv": {
								"north": {"uv": [0.3, 0], "uv_size": [-0.3, 0.3]},
								"east": {"uv": [0.15, 0], "uv_size": [-0.15, 0.3]},
								"south": {"uv": [0.3, 0], "uv_size": [-0.3, 0.3]},
								"west": {"uv": [0.15, 0], "uv_size": [-0.15, 0.3]},
								"up": {"uv": [0.3, 0], "uv_size": [-0.3, 0.15]},
								"down": {"uv": [0.3, 0], "uv_size": [-0.3, 0.15]}
							}
						},
						{
							"origin": [-8.81404, -0.15882, -15.64304],
							"size": [0.36, 0.36, 0.18],
							"pivot": [-8.57404, -0.21882, -15.55304],
							"rotation": [180, 50, 180],
							"uv": {
								"north": {"uv": [0.3, 0], "uv_size": [-0.3, 0.3]},
								"east": {"uv": [0.15, 0], "uv_size": [-0.15, 0.3]},
								"south": {"uv": [0.3, 0], "uv_size": [-0.3, 0.3]},
								"west": {"uv": [0.15, 0], "uv_size": [-0.15, 0.3]},
								"up": {"uv": [0.3, 0], "uv_size": [-0.3, 0.15]},
								"down": {"uv": [0.3, 0], "uv_size": [-0.3, 0.15]}
							}
						},
						{
							"origin": [-8.57979, -0.15882, -15.41928],
							"size": [0.36, 0.36, 0.18],
							"pivot": [-8.33979, -0.21882, -15.32928],
							"rotation": [180, 30, 180],
							"uv": {
								"north": {"uv": [0.3, 0], "uv_size": [-0.3, 0.3]},
								"east": {"uv": [0.15, 0], "uv_size": [-0.15, 0.3]},
								"south": {"uv": [0.3, 0], "uv_size": [-0.3, 0.3]},
								"west": {"uv": [0.15, 0], "uv_size": [-0.15, 0.3]},
								"up": {"uv": [0.3, 0], "uv_size": [-0.3, 0.15]},
								"down": {"uv": [0.3, 0], "uv_size": [-0.3, 0.15]}
							}
						},
						{
							"origin": [-8.34489, -0.15882, -15.2283],
							"size": [0.36, 0.36, 0.18],
							"pivot": [-8.10489, -0.21882, -15.1383],
							"rotation": [180, 60, 180],
							"uv": {
								"north": {"uv": [0.3, 0], "uv_size": [-0.3, 0.3]},
								"east": {"uv": [0.15, 0], "uv_size": [-0.15, 0.3]},
								"south": {"uv": [0.3, 0], "uv_size": [-0.3, 0.3]},
								"west": {"uv": [0.15, 0], "uv_size": [-0.15, 0.3]},
								"up": {"uv": [0.3, 0], "uv_size": [-0.3, 0.15]},
								"down": {"uv": [0.3, 0], "uv_size": [-0.3, 0.15]}
							}
						},
						{
							"origin": [-8.87011, -0.15882, -15.91712],
							"size": [0.36, 0.36, 0.18],
							"pivot": [-8.63011, -0.21882, -15.82712],
							"rotation": [0, 90, 0],
							"uv": {
								"north": {"uv": [0.3, 0], "uv_size": [-0.3, 0.3]},
								"east": {"uv": [0.15, 0], "uv_size": [-0.15, 0.3]},
								"south": {"uv": [0.3, 0], "uv_size": [-0.3, 0.3]},
								"west": {"uv": [0.15, 0], "uv_size": [-0.15, 0.3]},
								"up": {"uv": [0.3, 0], "uv_size": [-0.3, 0.15]},
								"down": {"uv": [0.3, 0], "uv_size": [-0.3, 0.15]}
							}
						},
						{
							"origin": [-7.07299, -0.15882, -15.85712],
							"size": [0.36, 0.36, 0.18],
							"pivot": [-6.89299, -0.21882, -15.76712],
							"rotation": [0, 12.5, 0],
							"uv": {
								"north": {"uv": [0.3, 0], "uv_size": [-0.3, 0.3]},
								"east": {"uv": [0.15, 0], "uv_size": [-0.15, 0.3]},
								"south": {"uv": [0.3, 0], "uv_size": [-0.3, 0.3]},
								"west": {"uv": [0.15, 0], "uv_size": [-0.15, 0.3]},
								"up": {"uv": [0.3, 0], "uv_size": [-0.3, 0.15]},
								"down": {"uv": [0.3, 0], "uv_size": [-0.3, 0.15]}
							}
						},
						{
							"origin": [-9.12781, -0.15882, -14.67802],
							"size": [0.36, 0.36, 0.18],
							"pivot": [-7.74781, -0.21882, -14.58802],
							"rotation": [0, -70, 0],
							"uv": {
								"north": {"uv": [0.3, 0], "uv_size": [-0.3, 0.3]},
								"east": {"uv": [0.15, 0], "uv_size": [-0.15, 0.3]},
								"south": {"uv": [0.3, 0], "uv_size": [-0.3, 0.3]},
								"west": {"uv": [0.15, 0], "uv_size": [-0.15, 0.3]},
								"up": {"uv": [0.3, 0], "uv_size": [-0.3, 0.15]},
								"down": {"uv": [0.3, 0], "uv_size": [-0.3, 0.15]}
							}
						},
						{
							"origin": [-7.56813, -0.15882, -15.44005],
							"size": [0.48, 0.36, 0.18],
							"pivot": [-7.26813, -0.21882, -15.35005],
							"rotation": [0, 45, 0],
							"uv": {
								"north": {"uv": [0.3, 0], "uv_size": [-0.3, 0.3]},
								"east": {"uv": [0.15, 0], "uv_size": [-0.15, 0.3]},
								"south": {"uv": [0.3, 0], "uv_size": [-0.3, 0.3]},
								"west": {"uv": [0.15, 0], "uv_size": [-0.15, 0.3]},
								"up": {"uv": [0.3, 0], "uv_size": [-0.3, 0.15]},
								"down": {"uv": [0.3, 0], "uv_size": [-0.3, 0.15]}
							}
						},
						{
							"origin": [-7.79666, -0.15882, -15.34892],
							"size": [0.48, 0.36, 0.18],
							"pivot": [-7.49666, -0.21882, -15.25892],
							"rotation": [0, -40, 0],
							"uv": {
								"north": {"uv": [0.3, 0], "uv_size": [-0.3, 0.3]},
								"east": {"uv": [0.15, 0], "uv_size": [-0.15, 0.3]},
								"south": {"uv": [0.3, 0], "uv_size": [-0.3, 0.3]},
								"west": {"uv": [0.15, 0], "uv_size": [-0.15, 0.3]},
								"up": {"uv": [0.3, 0], "uv_size": [-0.3, 0.15]},
								"down": {"uv": [0.3, 0], "uv_size": [-0.3, 0.15]}
							}
						},
						{
							"origin": [-8.16855, -0.15882, -15.58769],
							"size": [0.48, 0.36, 0.18],
							"pivot": [-7.86855, -0.21882, -15.49769],
							"rotation": [0, -20, 0],
							"uv": {
								"north": {"uv": [0.3, 0], "uv_size": [-0.3, 0.3]},
								"east": {"uv": [0.15, 0], "uv_size": [-0.15, 0.3]},
								"south": {"uv": [0.3, 0], "uv_size": [-0.3, 0.3]},
								"west": {"uv": [0.15, 0], "uv_size": [-0.15, 0.3]},
								"up": {"uv": [0.3, 0], "uv_size": [-0.3, 0.15]},
								"down": {"uv": [0.3, 0], "uv_size": [-0.3, 0.15]}
							}
						},
						{
							"origin": [-7.26271, -0.15882, -15.70486],
							"size": [0.36, 0.36, 0.18],
							"pivot": [-7.08271, -0.21882, -15.61486],
							"rotation": [0, 65, 0],
							"uv": {
								"north": {"uv": [0.3, 0], "uv_size": [-0.3, 0.3]},
								"east": {"uv": [0.15, 0], "uv_size": [-0.15, 0.3]},
								"south": {"uv": [0.3, 0], "uv_size": [-0.3, 0.3]},
								"west": {"uv": [0.15, 0], "uv_size": [-0.15, 0.3]},
								"up": {"uv": [0.3, 0], "uv_size": [-0.3, 0.15]},
								"down": {"uv": [0.3, 0], "uv_size": [-0.3, 0.15]}
							}
						},
						{
							"origin": [-7.23916, -0.15882, -16.76197],
							"size": [0.36, 0.36, 0.18],
							"pivot": [-7.05916, -0.21882, -15.47197],
							"rotation": [0, 65, 0],
							"uv": {
								"north": {"uv": [0.3, 0], "uv_size": [-0.3, 0.3]},
								"east": {"uv": [0.15, 0], "uv_size": [-0.15, 0.3]},
								"south": {"uv": [0.3, 0], "uv_size": [-0.3, 0.3]},
								"west": {"uv": [0.15, 0], "uv_size": [-0.15, 0.3]},
								"up": {"uv": [0.3, 0], "uv_size": [-0.3, 0.15]},
								"down": {"uv": [0.3, 0], "uv_size": [-0.3, 0.15]}
							}
						},
						{
							"origin": [-5.6778, -0.15882, -17.16979],
							"size": [0.48, 0.36, 0.18],
							"pivot": [-6.5778, -0.21882, -15.87979],
							"rotation": [180, 60, 180],
							"uv": {
								"north": {"uv": [0.3, 0], "uv_size": [-0.3, 0.3]},
								"east": {"uv": [0.15, 0], "uv_size": [-0.15, 0.3]},
								"south": {"uv": [0.3, 0], "uv_size": [-0.3, 0.3]},
								"west": {"uv": [0.15, 0], "uv_size": [-0.15, 0.3]},
								"up": {"uv": [0.3, 0], "uv_size": [-0.3, 0.15]},
								"down": {"uv": [0.3, 0], "uv_size": [-0.3, 0.15]}
							}
						},
						{
							"origin": [-8.9386, -0.15882, -16.9853],
							"size": [0.6, 0.36, 0.18],
							"pivot": [-8.5186, -0.21882, -16.8953],
							"rotation": [180, -55, 180],
							"uv": {
								"north": {"uv": [0.3, 0], "uv_size": [-0.3, 0.3]},
								"east": {"uv": [0.15, 0], "uv_size": [-0.15, 0.3]},
								"south": {"uv": [0.3, 0], "uv_size": [-0.3, 0.3]},
								"west": {"uv": [0.15, 0], "uv_size": [-0.15, 0.3]},
								"up": {"uv": [0.3, 0], "uv_size": [-0.3, 0.15]},
								"down": {"uv": [0.3, 0], "uv_size": [-0.3, 0.15]}
							}
						},
						{
							"origin": [-9.93491, -0.15882, -16.31577],
							"size": [0.36, 0.36, 0.18],
							"pivot": [-8.55491, -0.21882, -16.22577],
							"rotation": [180, -75, 180],
							"uv": {
								"north": {"uv": [0.3, 0], "uv_size": [-0.3, 0.3]},
								"east": {"uv": [0.15, 0], "uv_size": [-0.15, 0.3]},
								"south": {"uv": [0.3, 0], "uv_size": [-0.3, 0.3]},
								"west": {"uv": [0.15, 0], "uv_size": [-0.15, 0.3]},
								"up": {"uv": [0.3, 0], "uv_size": [-0.3, 0.15]},
								"down": {"uv": [0.3, 0], "uv_size": [-0.3, 0.15]}
							}
						},
						{
							"origin": [-8.30703, -0.15882, -17.79714],
							"size": [0.36, 0.36, 0.18],
							"pivot": [-8.12703, -0.21882, -17.70714],
							"rotation": [180, -65, 180],
							"uv": {
								"north": {"uv": [0.3, 0], "uv_size": [-0.3, 0.3]},
								"east": {"uv": [0.15, 0], "uv_size": [-0.15, 0.3]},
								"south": {"uv": [0.3, 0], "uv_size": [-0.3, 0.3]},
								"west": {"uv": [0.15, 0], "uv_size": [-0.15, 0.3]},
								"up": {"uv": [0.3, 0], "uv_size": [-0.3, 0.15]},
								"down": {"uv": [0.3, 0], "uv_size": [-0.3, 0.15]}
							}
						},
						{
							"origin": [-8.11493, -0.15882, -18.03649],
							"size": [0.36, 0.36, 0.18],
							"pivot": [-7.93493, -0.21882, -17.94649],
							"rotation": [180, -37.5, 180],
							"uv": {
								"north": {"uv": [0.3, 0], "uv_size": [-0.3, 0.3]},
								"east": {"uv": [0.15, 0], "uv_size": [-0.15, 0.3]},
								"south": {"uv": [0.3, 0], "uv_size": [-0.3, 0.3]},
								"west": {"uv": [0.15, 0], "uv_size": [-0.15, 0.3]},
								"up": {"uv": [0.3, 0], "uv_size": [-0.3, 0.15]},
								"down": {"uv": [0.3, 0], "uv_size": [-0.3, 0.15]}
							}
						},
						{
							"origin": [-7.83671, -0.15882, -18.15173],
							"size": [0.36, 0.36, 0.18],
							"pivot": [-7.65671, -0.21882, -18.06173],
							"rotation": [180, -7.5, 180],
							"uv": {
								"north": {"uv": [0.3, 0], "uv_size": [-0.3, 0.3]},
								"east": {"uv": [0.15, 0], "uv_size": [-0.15, 0.3]},
								"south": {"uv": [0.3, 0], "uv_size": [-0.3, 0.3]},
								"west": {"uv": [0.15, 0], "uv_size": [-0.15, 0.3]},
								"up": {"uv": [0.3, 0], "uv_size": [-0.3, 0.15]},
								"down": {"uv": [0.3, 0], "uv_size": [-0.3, 0.15]}
							}
						},
						{
							"origin": [-7.83671, -0.15882, -18.5],
							"size": [0.36, 0.36, 0.18],
							"pivot": [-7.65671, -0.21882, -18.06173],
							"rotation": [180, -7.5, 180],
							"uv": {
								"north": {"uv": [0.3, 0], "uv_size": [-0.3, 0.3]},
								"east": {"uv": [0.15, 0], "uv_size": [-0.15, 0.3]},
								"south": {"uv": [0.3, 0], "uv_size": [-0.3, 0.3]},
								"west": {"uv": [0.15, 0], "uv_size": [-0.15, 0.3]},
								"up": {"uv": [0.3, 0], "uv_size": [-0.3, 0.15]},
								"down": {"uv": [0.3, 0], "uv_size": [-0.3, 0.15]}
							}
						},
						{
							"origin": [-7.33692, -0.15882, -17.55421],
							"size": [0.36, 0.36, 0.18],
							"pivot": [-7.15692, -0.21882, -17.46421],
							"rotation": [180, 72.5, 180],
							"uv": {
								"north": {"uv": [0.3, 0], "uv_size": [-0.3, 0.3]},
								"east": {"uv": [0.15, 0], "uv_size": [-0.15, 0.3]},
								"south": {"uv": [0.3, 0], "uv_size": [-0.3, 0.3]},
								"west": {"uv": [0.15, 0], "uv_size": [-0.15, 0.3]},
								"up": {"uv": [0.3, 0], "uv_size": [-0.3, 0.15]},
								"down": {"uv": [0.3, 0], "uv_size": [-0.3, 0.15]}
							}
						},
						{
							"origin": [-6.94679, -0.15882, -17.56678],
							"size": [0.36, 0.36, 0.18],
							"pivot": [-6.76679, -0.21882, -17.12851],
							"rotation": [0, 87.5, 0],
							"uv": {
								"north": {"uv": [0.3, 0], "uv_size": [-0.3, 0.3]},
								"east": {"uv": [0.15, 0], "uv_size": [-0.15, 0.3]},
								"south": {"uv": [0.3, 0], "uv_size": [-0.3, 0.3]},
								"west": {"uv": [0.15, 0], "uv_size": [-0.15, 0.3]},
								"up": {"uv": [0.3, 0], "uv_size": [-0.3, 0.15]},
								"down": {"uv": [0.3, 0], "uv_size": [-0.3, 0.15]}
							}
						},
						{
							"origin": [-6.92038, -0.15882, -17.36618],
							"size": [0.36, 0.36, 0.18],
							"pivot": [-6.74038, -0.21882, -16.92792],
							"rotation": [180, 72.5, 180],
							"uv": {
								"north": {"uv": [0.3, 0], "uv_size": [-0.3, 0.3]},
								"east": {"uv": [0.15, 0], "uv_size": [-0.15, 0.3]},
								"south": {"uv": [0.3, 0], "uv_size": [-0.3, 0.3]},
								"west": {"uv": [0.15, 0], "uv_size": [-0.15, 0.3]},
								"up": {"uv": [0.3, 0], "uv_size": [-0.3, 0.15]},
								"down": {"uv": [0.3, 0], "uv_size": [-0.3, 0.15]}
							}
						},
						{
							"origin": [-6.81045, -0.15882, -17.06414],
							"size": [0.36, 0.36, 0.18],
							"pivot": [-6.63045, -0.21882, -16.62588],
							"rotation": [180, 67.5, 180],
							"uv": {
								"north": {"uv": [0.3, 0], "uv_size": [-0.3, 0.3]},
								"east": {"uv": [0.15, 0], "uv_size": [-0.15, 0.3]},
								"south": {"uv": [0.3, 0], "uv_size": [-0.3, 0.3]},
								"west": {"uv": [0.15, 0], "uv_size": [-0.15, 0.3]},
								"up": {"uv": [0.3, 0], "uv_size": [-0.3, 0.15]},
								"down": {"uv": [0.3, 0], "uv_size": [-0.3, 0.15]}
							}
						},
						{
							"origin": [-7.17777, -0.15882, -16.41257],
							"size": [0.36, 0.36, 0.18],
							"pivot": [-6.99777, -0.21882, -16.32257],
							"rotation": [180, -37.5, 180],
							"uv": {
								"north": {"uv": [0.3, 0], "uv_size": [-0.3, 0.3]},
								"east": {"uv": [0.15, 0], "uv_size": [-0.15, 0.3]},
								"south": {"uv": [0.3, 0], "uv_size": [-0.3, 0.3]},
								"west": {"uv": [0.15, 0], "uv_size": [-0.15, 0.3]},
								"up": {"uv": [0.3, 0], "uv_size": [-0.3, 0.15]},
								"down": {"uv": [0.3, 0], "uv_size": [-0.3, 0.15]}
							}
						},
						{
							"origin": [-7.37864, -0.15882, -16.17317],
							"size": [0.36, 0.36, 0.18],
							"pivot": [-7.19864, -0.21882, -16.08317],
							"rotation": [180, -62.5, 180],
							"uv": {
								"north": {"uv": [0.3, 0], "uv_size": [-0.3, 0.3]},
								"east": {"uv": [0.15, 0], "uv_size": [-0.15, 0.3]},
								"south": {"uv": [0.3, 0], "uv_size": [-0.3, 0.3]},
								"west": {"uv": [0.15, 0], "uv_size": [-0.15, 0.3]},
								"up": {"uv": [0.3, 0], "uv_size": [-0.3, 0.15]},
								"down": {"uv": [0.3, 0], "uv_size": [-0.3, 0.15]}
							}
						},
						{
							"origin": [-7.58281, -0.15882, -15.9599],
							"size": [0.36, 0.36, 0.18],
							"pivot": [-7.40281, -0.21882, -15.8699],
							"rotation": [180, -30, 180],
							"uv": {
								"north": {"uv": [0.3, 0], "uv_size": [-0.3, 0.3]},
								"east": {"uv": [0.15, 0], "uv_size": [-0.15, 0.3]},
								"south": {"uv": [0.3, 0], "uv_size": [-0.3, 0.3]},
								"west": {"uv": [0.15, 0], "uv_size": [-0.15, 0.3]},
								"up": {"uv": [0.3, 0], "uv_size": [-0.3, 0.15]},
								"down": {"uv": [0.3, 0], "uv_size": [-0.3, 0.15]}
							}
						},
						{
							"origin": [-7.83206, -0.15882, -15.93809],
							"size": [0.36, 0.36, 0.18],
							"pivot": [-7.65206, -0.21882, -15.84809],
							"rotation": [180, 20, 180],
							"uv": {
								"north": {"uv": [0.3, 0], "uv_size": [-0.3, 0.3]},
								"east": {"uv": [0.15, 0], "uv_size": [-0.15, 0.3]},
								"south": {"uv": [0.3, 0], "uv_size": [-0.3, 0.3]},
								"west": {"uv": [0.15, 0], "uv_size": [-0.15, 0.3]},
								"up": {"uv": [0.3, 0], "uv_size": [-0.3, 0.15]},
								"down": {"uv": [0.3, 0], "uv_size": [-0.3, 0.15]}
							}
						},
						{
							"origin": [-8.10082, -0.15882, -17.39114],
							"size": [0.36, 0.36, 0.18],
							"pivot": [-7.92082, -0.21882, -17.30114],
							"rotation": [180, -72.5, 180],
							"uv": {
								"north": {"uv": [0.3, 0], "uv_size": [-0.3, 0.3]},
								"east": {"uv": [0.15, 0], "uv_size": [-0.15, 0.3]},
								"south": {"uv": [0.3, 0], "uv_size": [-0.3, 0.3]},
								"west": {"uv": [0.15, 0], "uv_size": [-0.15, 0.3]},
								"up": {"uv": [0.3, 0], "uv_size": [-0.3, 0.15]},
								"down": {"uv": [0.3, 0], "uv_size": [-0.3, 0.15]}
							}
						},
						{
							"origin": [-7.6935, -0.15882, -17.82243],
							"size": [0.12, 0.36, 0.18],
							"pivot": [-7.7535, -0.21882, -17.73243],
							"rotation": [180, -62.5, 180],
							"uv": {
								"north": {"uv": [0.3, 0], "uv_size": [-0.3, 0.3]},
								"east": {"uv": [0.15, 0], "uv_size": [-0.15, 0.3]},
								"south": {"uv": [0.3, 0], "uv_size": [-0.3, 0.3]},
								"west": {"uv": [0.15, 0], "uv_size": [-0.15, 0.3]},
								"up": {"uv": [0.3, 0], "uv_size": [-0.3, 0.15]},
								"down": {"uv": [0.3, 0], "uv_size": [-0.3, 0.15]}
							}
						},
						{
							"origin": [-7.77999, -0.15882, -17.78494],
							"size": [0.084, 0.36, 0.18],
							"pivot": [-7.75599, -0.21882, -17.69494],
							"rotation": [180, -42.5, 180],
							"uv": {
								"north": {"uv": [0.3, 0], "uv_size": [-0.3, 0.3]},
								"east": {"uv": [0.15, 0], "uv_size": [-0.15, 0.3]},
								"south": {"uv": [0.3, 0], "uv_size": [-0.3, 0.3]},
								"west": {"uv": [0.15, 0], "uv_size": [-0.15, 0.3]},
								"up": {"uv": [0.3, 0], "uv_size": [-0.3, 0.15]},
								"down": {"uv": [0.3, 0], "uv_size": [-0.3, 0.15]}
							}
						},
						{
							"origin": [-7.90865, -0.15882, -17.62004],
							"size": [0.12, 0.36, 0.18],
							"pivot": [-7.84865, -0.21882, -17.53004],
							"rotation": [180, -72.5, 180],
							"uv": {
								"north": {"uv": [0.3, 0], "uv_size": [-0.3, 0.3]},
								"east": {"uv": [0.15, 0], "uv_size": [-0.15, 0.3]},
								"south": {"uv": [0.3, 0], "uv_size": [-0.3, 0.3]},
								"west": {"uv": [0.15, 0], "uv_size": [-0.15, 0.3]},
								"up": {"uv": [0.3, 0], "uv_size": [-0.3, 0.15]},
								"down": {"uv": [0.3, 0], "uv_size": [-0.3, 0.15]}
							}
						},
						{
							"origin": [-8.25376, -0.15882, -17.11237],
							"size": [0.36, 0.36, 0.18],
							"pivot": [-8.07376, -0.21882, -17.02237],
							"rotation": [180, -50, 180],
							"uv": {
								"north": {"uv": [0.3, 0], "uv_size": [-0.3, 0.3]},
								"east": {"uv": [0.15, 0], "uv_size": [-0.15, 0.3]},
								"south": {"uv": [0.3, 0], "uv_size": [-0.3, 0.3]},
								"west": {"uv": [0.15, 0], "uv_size": [-0.15, 0.3]},
								"up": {"uv": [0.3, 0], "uv_size": [-0.3, 0.15]},
								"down": {"uv": [0.3, 0], "uv_size": [-0.3, 0.15]}
							}
						},
						{
							"origin": [-8.23848, -0.15882, -17.00933],
							"size": [0.36, 0.36, 0.18],
							"pivot": [-8.05848, -0.21882, -16.91933],
							"rotation": [180, -20, 180],
							"uv": {
								"north": {"uv": [0.3, 0], "uv_size": [-0.3, 0.3]},
								"east": {"uv": [0.15, 0], "uv_size": [-0.15, 0.3]},
								"south": {"uv": [0.3, 0], "uv_size": [-0.3, 0.3]},
								"west": {"uv": [0.15, 0], "uv_size": [-0.15, 0.3]},
								"up": {"uv": [0.3, 0], "uv_size": [-0.3, 0.15]},
								"down": {"uv": [0.3, 0], "uv_size": [-0.3, 0.15]}
							}
						},
						{
							"origin": [-8.11252, -0.15882, -16.79916],
							"size": [0.36, 0.36, 0.18],
							"pivot": [-7.93252, -0.21882, -16.70916],
							"rotation": [180, 85, 180],
							"uv": {
								"north": {"uv": [0.3, 0], "uv_size": [-0.3, 0.3]},
								"east": {"uv": [0.15, 0], "uv_size": [-0.15, 0.3]},
								"south": {"uv": [0.3, 0], "uv_size": [-0.3, 0.3]},
								"west": {"uv": [0.15, 0], "uv_size": [-0.15, 0.3]},
								"up": {"uv": [0.3, 0], "uv_size": [-0.3, 0.15]},
								"down": {"uv": [0.3, 0], "uv_size": [-0.3, 0.15]}
							}
						},
						{
							"origin": [-7.96476, -0.15882, -16.88],
							"size": [1.08, 0.36, 0.12],
							"pivot": [-7.42476, -0.21888, -16.75486],
							"rotation": [9.4183, 87.50003, 9.43055],
							"uv": {
								"north": {"uv": [0.3, 0], "uv_size": [-0.3, 0.3]},
								"east": {"uv": [0.15, 0], "uv_size": [-0.15, 0.3]},
								"south": {"uv": [0.3, 0], "uv_size": [-0.3, 0.3]},
								"west": {"uv": [0.15, 0], "uv_size": [-0.15, 0.3]},
								"up": {"uv": [0.3, 0], "uv_size": [-0.3, 0.15]},
								"down": {"uv": [0.3, 0], "uv_size": [-0.3, 0.15]}
							}
						},
						{
							"origin": [-8.01188, -0.15882, -16.89089],
							"size": [1.08, 0.36, 0.12],
							"pivot": [-7.47188, -0.21894, -16.76575],
							"rotation": [170.82768, 87.43354, 170.85778],
							"uv": {
								"north": {"uv": [0.3, 0], "uv_size": [-0.3, 0.3]},
								"east": {"uv": [0.15, 0], "uv_size": [-0.15, 0.3]},
								"south": {"uv": [0.3, 0], "uv_size": [-0.3, 0.3]},
								"west": {"uv": [0.15, 0], "uv_size": [-0.15, 0.3]},
								"up": {"uv": [0.3, 0], "uv_size": [-0.3, 0.15]},
								"down": {"uv": [0.3, 0], "uv_size": [-0.3, 0.15]}
							}
						},
						{
							"origin": [-8.08114, -0.15882, -16.44053],
							"size": [0.36, 0.36, 0.18],
							"pivot": [-7.90114, -0.21882, -16.35053],
							"rotation": [180, 85, 180],
							"uv": {
								"north": {"uv": [0.3, 0], "uv_size": [-0.3, 0.3]},
								"east": {"uv": [0.15, 0], "uv_size": [-0.15, 0.3]},
								"south": {"uv": [0.3, 0], "uv_size": [-0.3, 0.3]},
								"west": {"uv": [0.15, 0], "uv_size": [-0.15, 0.3]},
								"up": {"uv": [0.3, 0], "uv_size": [-0.3, 0.15]},
								"down": {"uv": [0.3, 0], "uv_size": [-0.3, 0.15]}
							}
						},
						{
							"origin": [-8.00898, -0.15882, -16.11501],
							"size": [0.36, 0.36, 0.18],
							"pivot": [-7.82898, -0.21882, -16.02501],
							"rotation": [180, 70, 180],
							"uv": {
								"north": {"uv": [0.3, 0], "uv_size": [-0.3, 0.3]},
								"east": {"uv": [0.15, 0], "uv_size": [-0.15, 0.3]},
								"south": {"uv": [0.3, 0], "uv_size": [-0.3, 0.3]},
								"west": {"uv": [0.15, 0], "uv_size": [-0.15, 0.3]},
								"up": {"uv": [0.3, 0], "uv_size": [-0.3, 0.15]},
								"down": {"uv": [0.3, 0], "uv_size": [-0.3, 0.15]}
							}
						},
						{
							"origin": [-7.50644, -0.15882, -17.75622],
							"size": [0.36, 0.36, 0.18],
							"pivot": [-7.32644, -0.21882, -17.66622],
							"rotation": [180, 27.5, 180],
							"uv": {
								"north": {"uv": [0.3, 0], "uv_size": [-0.3, 0.3]},
								"east": {"uv": [0.15, 0], "uv_size": [-0.15, 0.3]},
								"south": {"uv": [0.3, 0], "uv_size": [-0.3, 0.3]},
								"west": {"uv": [0.15, 0], "uv_size": [-0.15, 0.3]},
								"up": {"uv": [0.3, 0], "uv_size": [-0.3, 0.15]},
								"down": {"uv": [0.3, 0], "uv_size": [-0.3, 0.15]}
							}
						},
						{
							"origin": [-7.4941, -0.15882, -18.16669],
							"size": [0.36, 0.36, 0.18],
							"pivot": [-7.3141, -0.21882, -18.07669],
							"rotation": [180, 2.5, 180],
							"uv": {
								"north": {"uv": [0.3, 0], "uv_size": [-0.3, 0.3]},
								"east": {"uv": [0.15, 0], "uv_size": [-0.15, 0.3]},
								"south": {"uv": [0.3, 0], "uv_size": [-0.3, 0.3]},
								"west": {"uv": [0.15, 0], "uv_size": [-0.15, 0.3]},
								"up": {"uv": [0.3, 0], "uv_size": [-0.3, 0.15]},
								"down": {"uv": [0.3, 0], "uv_size": [-0.3, 0.15]}
							}
						},
						{
							"origin": [-7.23843, -0.15882, -18.06079],
							"size": [0.36, 0.36, 0.18],
							"pivot": [-7.05843, -0.21882, -17.97079],
							"rotation": [180, 42.5, 180],
							"uv": {
								"north": {"uv": [0.3, 0], "uv_size": [-0.3, 0.3]},
								"east": {"uv": [0.15, 0], "uv_size": [-0.15, 0.3]},
								"south": {"uv": [0.3, 0], "uv_size": [-0.3, 0.3]},
								"west": {"uv": [0.15, 0], "uv_size": [-0.15, 0.3]},
								"up": {"uv": [0.3, 0], "uv_size": [-0.3, 0.15]},
								"down": {"uv": [0.3, 0], "uv_size": [-0.3, 0.15]}
							}
						},
						{
							"origin": [-7.05919, -0.15882, -17.8048],
							"size": [0.36, 0.36, 0.18],
							"pivot": [-6.87919, -0.21882, -17.7148],
							"rotation": [180, 67.5, 180],
							"uv": {
								"north": {"uv": [0.3, 0], "uv_size": [-0.3, 0.3]},
								"east": {"uv": [0.15, 0], "uv_size": [-0.15, 0.3]},
								"south": {"uv": [0.3, 0], "uv_size": [-0.3, 0.3]},
								"west": {"uv": [0.15, 0], "uv_size": [-0.15, 0.3]},
								"up": {"uv": [0.3, 0], "uv_size": [-0.3, 0.15]},
								"down": {"uv": [0.3, 0], "uv_size": [-0.3, 0.15]}
							}
						},
						{
							"origin": [-6.97289, -0.15882, -17.48274],
							"size": [0.36, 0.36, 0.18],
							"pivot": [-6.79289, -0.21882, -17.39274],
							"rotation": [180, 82.5, 180],
							"uv": {
								"north": {"uv": [0.3, 0], "uv_size": [-0.3, 0.3]},
								"east": {"uv": [0.15, 0], "uv_size": [-0.15, 0.3]},
								"south": {"uv": [0.3, 0], "uv_size": [-0.3, 0.3]},
								"west": {"uv": [0.15, 0], "uv_size": [-0.15, 0.3]},
								"up": {"uv": [0.3, 0], "uv_size": [-0.3, 0.15]},
								"down": {"uv": [0.3, 0], "uv_size": [-0.3, 0.15]}
							}
						},
						{
							"origin": [-6.95793, -0.15882, -17.14012],
							"size": [0.36, 0.36, 0.18],
							"pivot": [-6.77793, -0.21882, -17.05012],
							"rotation": [0, 87.5, 0],
							"uv": {
								"north": {"uv": [0.3, 0], "uv_size": [-0.3, 0.3]},
								"east": {"uv": [0.15, 0], "uv_size": [-0.15, 0.3]},
								"south": {"uv": [0.3, 0], "uv_size": [-0.3, 0.3]},
								"west": {"uv": [0.15, 0], "uv_size": [-0.15, 0.3]},
								"up": {"uv": [0.3, 0], "uv_size": [-0.3, 0.15]},
								"down": {"uv": [0.3, 0], "uv_size": [-0.3, 0.15]}
							}
						},
						{
							"origin": [-6.92218, -0.15882, -16.81365],
							"size": [0.36, 0.36, 0.18],
							"pivot": [-6.74218, -0.21882, -16.72365],
							"rotation": [180, 75, 180],
							"uv": {
								"north": {"uv": [0.3, 0], "uv_size": [-0.3, 0.3]},
								"east": {"uv": [0.15, 0], "uv_size": [-0.15, 0.3]},
								"south": {"uv": [0.3, 0], "uv_size": [-0.3, 0.3]},
								"west": {"uv": [0.15, 0], "uv_size": [-0.15, 0.3]},
								"up": {"uv": [0.3, 0], "uv_size": [-0.3, 0.15]},
								"down": {"uv": [0.3, 0], "uv_size": [-0.3, 0.15]}
							}
						},
						{
							"origin": [-6.78555, -0.15882, -16.52066],
							"size": [0.36, 0.36, 0.18],
							"pivot": [-6.60555, -0.21882, -16.43066],
							"rotation": [180, 55, 180],
							"uv": {
								"north": {"uv": [0.3, 0], "uv_size": [-0.3, 0.3]},
								"east": {"uv": [0.15, 0], "uv_size": [-0.15, 0.3]},
								"south": {"uv": [0.3, 0], "uv_size": [-0.3, 0.3]},
								"west": {"uv": [0.15, 0], "uv_size": [-0.15, 0.3]},
								"up": {"uv": [0.3, 0], "uv_size": [-0.3, 0.15]},
								"down": {"uv": [0.3, 0], "uv_size": [-0.3, 0.15]}
							}
						},
						{
							"origin": [-6.49485, -0.15882, -15.9411],
							"size": [0.12, 0.36, 0.18],
							"pivot": [-6.55485, -0.21882, -15.8511],
							"rotation": [0, 65, 0],
							"uv": {
								"north": {"uv": [0.3, 0], "uv_size": [-0.3, 0.3]},
								"east": {"uv": [0.15, 0], "uv_size": [-0.15, 0.3]},
								"south": {"uv": [0.3, 0], "uv_size": [-0.3, 0.3]},
								"west": {"uv": [0.15, 0], "uv_size": [-0.15, 0.3]},
								"up": {"uv": [0.3, 0], "uv_size": [-0.3, 0.15]},
								"down": {"uv": [0.3, 0], "uv_size": [-0.3, 0.15]}
							}
						},
						{
							"origin": [-6.79809, -0.15882, -15.90982],
							"size": [0.24, 0.36, 0.18],
							"pivot": [-6.67809, -0.21882, -15.81982],
							"rotation": [-0.29344, 17.51795, 0.22091],
							"uv": {
								"north": {"uv": [0.3, 0], "uv_size": [-0.3, 0.3]},
								"east": {"uv": [0.15, 0], "uv_size": [-0.15, 0.3]},
								"south": {"uv": [0.3, 0], "uv_size": [-0.3, 0.3]},
								"west": {"uv": [0.15, 0], "uv_size": [-0.15, 0.3]},
								"up": {"uv": [0.3, 0], "uv_size": [-0.3, 0.15]},
								"down": {"uv": [0.3, 0], "uv_size": [-0.3, 0.15]}
							}
						},
						{
							"origin": [-6.57884, -0.15882, -15.89381],
							"size": [0.12, 0.36, 0.18],
							"pivot": [-6.63884, -0.21882, -15.80381],
							"rotation": [0, 45, 0],
							"uv": {
								"north": {"uv": [0.3, 0], "uv_size": [-0.3, 0.3]},
								"east": {"uv": [0.15, 0], "uv_size": [-0.15, 0.3]},
								"south": {"uv": [0.3, 0], "uv_size": [-0.3, 0.3]},
								"west": {"uv": [0.15, 0], "uv_size": [-0.15, 0.3]},
								"up": {"uv": [0.3, 0], "uv_size": [-0.3, 0.15]},
								"down": {"uv": [0.3, 0], "uv_size": [-0.3, 0.15]}
							}
						},
						{
							"origin": [-6.68256, -0.15882, -16.23768],
							"size": [0.36, 0.36, 0.18],
							"pivot": [-6.50256, -0.21882, -16.14768],
							"rotation": [180, 85, 180],
							"uv": {
								"north": {"uv": [0.3, 0], "uv_size": [-0.3, 0.3]},
								"east": {"uv": [0.15, 0], "uv_size": [-0.15, 0.3]},
								"south": {"uv": [0.3, 0], "uv_size": [-0.3, 0.3]},
								"west": {"uv": [0.15, 0], "uv_size": [-0.15, 0.3]},
								"up": {"uv": [0.3, 0], "uv_size": [-0.3, 0.15]},
								"down": {"uv": [0.3, 0], "uv_size": [-0.3, 0.15]}
							}
						},
						{
							"origin": [-8.83522, -0.15882, -16.69231],
							"size": [0.36, 0.36, 0.18],
							"pivot": [-8.65522, -0.21882, -16.60231],
							"rotation": [180, -75, 180],
							"uv": {
								"north": {"uv": [0.3, 0], "uv_size": [-0.3, 0.3]},
								"east": {"uv": [0.15, 0], "uv_size": [-0.15, 0.3]},
								"south": {"uv": [0.3, 0], "uv_size": [-0.3, 0.3]},
								"west": {"uv": [0.15, 0], "uv_size": [-0.15, 0.3]},
								"up": {"uv": [0.3, 0], "uv_size": [-0.3, 0.15]},
								"down": {"uv": [0.3, 0], "uv_size": [-0.3, 0.15]}
							}
						},
						{
							"origin": [-8.60198, -0.15882, -16.55253],
							"size": [0.36, 0.36, 0.18],
							"pivot": [-8.42198, -0.21882, -16.46253],
							"rotation": [180, 10, 180],
							"uv": {
								"north": {"uv": [0.3, 0], "uv_size": [-0.3, 0.3]},
								"east": {"uv": [0.15, 0], "uv_size": [-0.15, 0.3]},
								"south": {"uv": [0.3, 0], "uv_size": [-0.3, 0.3]},
								"west": {"uv": [0.15, 0], "uv_size": [-0.15, 0.3]},
								"up": {"uv": [0.3, 0], "uv_size": [-0.3, 0.15]},
								"down": {"uv": [0.3, 0], "uv_size": [-0.3, 0.15]}
							}
						},
						{
							"origin": [-7.70344, -0.15882, -18.58093],
							"size": [0.48, 0.36, 0.18],
							"pivot": [-7.34344, -0.21882, -17.29093],
							"rotation": [0, 20, 0],
							"uv": {
								"north": {"uv": [0.4, 0], "uv_size": [-0.4, 0.3]},
								"east": {"uv": [0.15, 0], "uv_size": [-0.15, 0.3]},
								"south": {"uv": [0.4, 0], "uv_size": [-0.4, 0.3]},
								"west": {"uv": [0.15, 0], "uv_size": [-0.15, 0.3]},
								"up": {"uv": [0.4, 0], "uv_size": [-0.4, 0.15]},
								"down": {"uv": [0.4, 0], "uv_size": [-0.4, 0.15]}
							}
						},
						{
							"origin": [-7.67188, -0.15882, -18.54417],
							"size": [0.48, 0.36, 0.18],
							"uv": {
								"north": {"uv": [0.4, 0], "uv_size": [-0.4, 0.3]},
								"east": {"uv": [0.15, 0], "uv_size": [-0.15, 0.3]},
								"south": {"uv": [0.4, 0], "uv_size": [-0.4, 0.3]},
								"west": {"uv": [0.15, 0], "uv_size": [-0.15, 0.3]},
								"up": {"uv": [0.4, 0], "uv_size": [-0.4, 0.15]},
								"down": {"uv": [0.4, 0], "uv_size": [-0.4, 0.15]}
							}
						},
						{
							"origin": [-7.81733, -0.15882, -18.70672],
							"size": [0.24, 0.36, 0.18],
							"pivot": [-7.69733, -0.21882, -17.41672],
							"rotation": [0, -40, 0],
							"uv": {
								"north": {"uv": [0.2, 0], "uv_size": [-0.2, 0.3]},
								"east": {"uv": [0.15, 0], "uv_size": [-0.15, 0.3]},
								"south": {"uv": [0.2, 0], "uv_size": [-0.2, 0.3]},
								"west": {"uv": [0.15, 0], "uv_size": [-0.15, 0.3]},
								"up": {"uv": [0.2, 0], "uv_size": [-0.2, 0.15]},
								"down": {"uv": [0.2, 0], "uv_size": [-0.2, 0.15]}
							}
						},
						{
							"origin": [-7.52985, -0.15882, -18.55707],
							"size": [0.24, 0.36, 0.18],
							"pivot": [-7.40985, -0.21882, -17.26707],
							"rotation": [0, -15, 0],
							"uv": {
								"north": {"uv": [0.2, 0], "uv_size": [-0.2, 0.3]},
								"east": {"uv": [0.15, 0], "uv_size": [-0.15, 0.3]},
								"south": {"uv": [0.2, 0], "uv_size": [-0.2, 0.3]},
								"west": {"uv": [0.15, 0], "uv_size": [-0.15, 0.3]},
								"up": {"uv": [0.2, 0], "uv_size": [-0.2, 0.15]},
								"down": {"uv": [0.2, 0], "uv_size": [-0.2, 0.15]}
							}
						},
						{
							"origin": [-9.02039, -0.15882, -17.9416],
							"size": [0.48, 0.36, 0.18],
							"pivot": [-8.78039, -0.21882, -17.8516],
							"rotation": [0, 50, 0],
							"uv": {
								"north": {"uv": [0.4, 0], "uv_size": [-0.4, 0.3]},
								"east": {"uv": [0.15, 0], "uv_size": [-0.15, 0.3]},
								"south": {"uv": [0.4, 0], "uv_size": [-0.4, 0.3]},
								"west": {"uv": [0.15, 0], "uv_size": [-0.15, 0.3]},
								"up": {"uv": [0.4, 0], "uv_size": [-0.4, 0.15]},
								"down": {"uv": [0.4, 0], "uv_size": [-0.4, 0.15]}
							}
						},
						{
							"origin": [-10.27027, -0.15882, -18.76411],
							"size": [0.48, 0.36, 0.18],
							"pivot": [-8.83027, -0.21882, -18.67411],
							"rotation": [0, 85, 0],
							"uv": {
								"north": {"uv": [0.4, 0], "uv_size": [-0.4, 0.3]},
								"east": {"uv": [0.15, 0], "uv_size": [-0.15, 0.3]},
								"south": {"uv": [0.4, 0], "uv_size": [-0.4, 0.3]},
								"west": {"uv": [0.15, 0], "uv_size": [-0.15, 0.3]},
								"up": {"uv": [0.4, 0], "uv_size": [-0.4, 0.15]},
								"down": {"uv": [0.4, 0], "uv_size": [-0.4, 0.15]}
							}
						},
						{
							"origin": [-12.51427, -0.15882, -18.29709],
							"size": [0.3, 0.36, 0.18],
							"pivot": [-8.85427, -0.21882, -18.20709],
							"rotation": [180, 75, 180],
							"uv": {
								"north": {"uv": [0.25, 0], "uv_size": [-0.25, 0.3]},
								"east": {"uv": [0.15, 0], "uv_size": [-0.15, 0.3]},
								"south": {"uv": [0.25, 0], "uv_size": [-0.25, 0.3]},
								"west": {"uv": [0.15, 0], "uv_size": [-0.15, 0.3]},
								"up": {"uv": [0.25, 0], "uv_size": [-0.25, 0.15]},
								"down": {"uv": [0.25, 0], "uv_size": [-0.25, 0.15]}
							}
						},
						{
							"origin": [-8.0728, -0.15882, -14.64351],
							"size": [0.3, 0.36, 0.18],
							"pivot": [-7.9228, -0.21882, -14.55351],
							"rotation": [0, 85, 0],
							"uv": {
								"north": {"uv": [0.25, 0], "uv_size": [-0.25, 0.3]},
								"east": {"uv": [0.15, 0], "uv_size": [-0.15, 0.3]},
								"south": {"uv": [0.25, 0], "uv_size": [-0.25, 0.3]},
								"west": {"uv": [0.15, 0], "uv_size": [-0.15, 0.3]},
								"up": {"uv": [0.25, 0], "uv_size": [-0.25, 0.15]},
								"down": {"uv": [0.25, 0], "uv_size": [-0.25, 0.15]}
							}
						},
						{
							"origin": [-8.14117, -0.15882, -14.38832],
							"size": [0.3, 0.36, 0.18],
							"pivot": [-7.99117, -0.21882, -14.29832],
							"rotation": [0, 65, 0],
							"uv": {
								"north": {"uv": [0.25, 0], "uv_size": [-0.25, 0.3]},
								"east": {"uv": [0.15, 0], "uv_size": [-0.15, 0.3]},
								"south": {"uv": [0.25, 0], "uv_size": [-0.25, 0.3]},
								"west": {"uv": [0.15, 0], "uv_size": [-0.15, 0.3]},
								"up": {"uv": [0.25, 0], "uv_size": [-0.25, 0.15]},
								"down": {"uv": [0.25, 0], "uv_size": [-0.25, 0.15]}
							}
						},
						{
							"origin": [-7.99546, -0.15882, -14.38112],
							"size": [0.6, 0.36, 0.18],
							"pivot": [-7.54546, -0.21882, -14.29112],
							"rotation": [0, 10, 0],
							"uv": {
								"north": {"uv": [0.5, 0], "uv_size": [-0.5, 0.3]},
								"east": {"uv": [0.15, 0], "uv_size": [-0.15, 0.3]},
								"south": {"uv": [0.5, 0], "uv_size": [-0.5, 0.3]},
								"west": {"uv": [0.15, 0], "uv_size": [-0.15, 0.3]},
								"up": {"uv": [0.5, 0], "uv_size": [-0.5, 0.15]},
								"down": {"uv": [0.5, 0], "uv_size": [-0.5, 0.15]}
							}
						},
						{
							"origin": [-7.32663, -0.15882, -14.02148],
							"size": [0.6, 0.36, 0.18],
							"pivot": [-8.07663, -0.21882, -13.93148],
							"rotation": [0, 30, 0],
							"uv": {
								"north": {"uv": [0.5, 0], "uv_size": [-0.5, 0.3]},
								"east": {"uv": [0.15, 0], "uv_size": [-0.15, 0.3]},
								"south": {"uv": [0.5, 0], "uv_size": [-0.5, 0.3]},
								"west": {"uv": [0.15, 0], "uv_size": [-0.15, 0.3]},
								"up": {"uv": [0.5, 0], "uv_size": [-0.5, 0.15]},
								"down": {"uv": [0.5, 0], "uv_size": [-0.5, 0.15]}
							}
						},
						{
							"origin": [-6.97961, -0.15882, -14.97145],
							"size": [0.24, 0.36, 0.18],
							"pivot": [-6.85961, -0.21882, -14.88145],
							"rotation": [0, 85, 0],
							"uv": {
								"north": {"uv": [0.2, 0], "uv_size": [-0.2, 0.3]},
								"east": {"uv": [0.15, 0], "uv_size": [-0.15, 0.3]},
								"south": {"uv": [0.2, 0], "uv_size": [-0.2, 0.3]},
								"west": {"uv": [0.15, 0], "uv_size": [-0.15, 0.3]},
								"up": {"uv": [0.2, 0], "uv_size": [-0.2, 0.15]},
								"down": {"uv": [0.2, 0], "uv_size": [-0.2, 0.15]}
							}
						},
						{
							"origin": [-5.21767, -0.15882, -13.88826],
							"size": [0.24, 0.36, 0.18],
							"pivot": [-6.29767, -0.21882, -13.79826],
							"rotation": [0, 85, 0],
							"uv": {
								"north": {"uv": [0.2, 0], "uv_size": [-0.2, 0.3]},
								"east": {"uv": [0.15, 0], "uv_size": [-0.15, 0.3]},
								"south": {"uv": [0.2, 0], "uv_size": [-0.2, 0.3]},
								"west": {"uv": [0.15, 0], "uv_size": [-0.15, 0.3]},
								"up": {"uv": [0.2, 0], "uv_size": [-0.2, 0.15]},
								"down": {"uv": [0.2, 0], "uv_size": [-0.2, 0.15]}
							}
						},
						{
							"origin": [-4.91406, -0.15882, -14.11617],
							"size": [0.24, 0.36, 0.18],
							"pivot": [-5.99406, -0.21882, -14.02617],
							"rotation": [180, 80, 180],
							"uv": {
								"north": {"uv": [0.2, 0], "uv_size": [-0.2, 0.3]},
								"east": {"uv": [0.15, 0], "uv_size": [-0.15, 0.3]},
								"south": {"uv": [0.2, 0], "uv_size": [-0.2, 0.3]},
								"west": {"uv": [0.15, 0], "uv_size": [-0.15, 0.3]},
								"up": {"uv": [0.2, 0], "uv_size": [-0.2, 0.15]},
								"down": {"uv": [0.2, 0], "uv_size": [-0.2, 0.15]}
							}
						},
						{
							"origin": [-5.23638, -0.15882, -14.31675],
							"size": [0.24, 0.36, 0.18],
							"pivot": [-6.31638, -0.21882, -14.22675],
							"rotation": [0, 85, 0],
							"uv": {
								"north": {"uv": [0.2, 0], "uv_size": [-0.2, 0.3]},
								"east": {"uv": [0.15, 0], "uv_size": [-0.15, 0.3]},
								"south": {"uv": [0.2, 0], "uv_size": [-0.2, 0.3]},
								"west": {"uv": [0.15, 0], "uv_size": [-0.15, 0.3]},
								"up": {"uv": [0.2, 0], "uv_size": [-0.2, 0.15]},
								"down": {"uv": [0.2, 0], "uv_size": [-0.2, 0.15]}
							}
						},
						{
							"origin": [-6.35184, -0.15882, -16.47254],
							"size": [0.42, 0.36, 0.18],
							"pivot": [-6.05184, -0.21882, -16.38254],
							"rotation": [0, 90, 0],
							"uv": {
								"north": {"uv": [0.35, 0], "uv_size": [-0.35, 0.3]},
								"east": {"uv": [0.15, 0], "uv_size": [-0.15, 0.3]},
								"south": {"uv": [0.35, 0], "uv_size": [-0.35, 0.3]},
								"west": {"uv": [0.15, 0], "uv_size": [-0.15, 0.3]},
								"up": {"uv": [0.35, 0], "uv_size": [-0.35, 0.15]},
								"down": {"uv": [0.35, 0], "uv_size": [-0.35, 0.15]}
							}
						},
						{
							"origin": [-6.84978, -0.15882, -17.01519],
							"size": [0.66, 0.36, 0.18],
							"pivot": [-6.30978, -0.21882, -16.92519],
							"rotation": [-180, 60, 180],
							"uv": {
								"north": {"uv": [0.55, 0], "uv_size": [-0.55, 0.3]},
								"east": {"uv": [0.15, 0], "uv_size": [-0.15, 0.3]},
								"south": {"uv": [0.55, 0], "uv_size": [-0.55, 0.3]},
								"west": {"uv": [0.15, 0], "uv_size": [-0.15, 0.3]},
								"up": {"uv": [0.55, 0], "uv_size": [-0.55, 0.15]},
								"down": {"uv": [0.55, 0], "uv_size": [-0.55, 0.15]}
							}
						},
						{
							"origin": [-6.49392, -0.15882, -17.14191],
							"size": [0.3, 0.36, 0.18],
							"pivot": [-6.31392, -0.21882, -17.05191],
							"rotation": [-180, 10, 180],
							"uv": {
								"north": {"uv": [0.25, 0], "uv_size": [-0.25, 0.3]},
								"east": {"uv": [0.15, 0], "uv_size": [-0.15, 0.3]},
								"south": {"uv": [0.25, 0], "uv_size": [-0.25, 0.3]},
								"west": {"uv": [0.15, 0], "uv_size": [-0.15, 0.3]},
								"up": {"uv": [0.25, 0], "uv_size": [-0.25, 0.15]},
								"down": {"uv": [0.25, 0], "uv_size": [-0.25, 0.15]}
							}
						},
						{
							"origin": [-6.26695, -0.15882, -17.05321],
							"size": [0.3, 0.36, 0.18],
							"pivot": [-6.08695, -0.21882, -16.96321],
							"rotation": [-180, 40, 180],
							"uv": {
								"north": {"uv": [0.25, 0], "uv_size": [-0.25, 0.3]},
								"east": {"uv": [0.15, 0], "uv_size": [-0.15, 0.3]},
								"south": {"uv": [0.25, 0], "uv_size": [-0.25, 0.3]},
								"west": {"uv": [0.15, 0], "uv_size": [-0.15, 0.3]},
								"up": {"uv": [0.25, 0], "uv_size": [-0.25, 0.15]},
								"down": {"uv": [0.25, 0], "uv_size": [-0.25, 0.15]}
							}
						},
						{
							"origin": [-6.16121, -0.15882, -17.18646],
							"size": [0.3, 0.36, 0.18],
							"pivot": [-5.98121, -0.21882, -17.09646],
							"rotation": [0, 90, 0],
							"uv": {
								"north": {"uv": [0.25, 0], "uv_size": [-0.25, 0.3]},
								"east": {"uv": [0.15, 0], "uv_size": [-0.15, 0.3]},
								"south": {"uv": [0.25, 0], "uv_size": [-0.25, 0.3]},
								"west": {"uv": [0.15, 0], "uv_size": [-0.15, 0.3]},
								"up": {"uv": [0.25, 0], "uv_size": [-0.25, 0.15]},
								"down": {"uv": [0.25, 0], "uv_size": [-0.25, 0.15]}
							}
						},
						{
							"origin": [-6.21735, -0.15882, -17.44482],
							"size": [0.3, 0.36, 0.18],
							"pivot": [-6.03735, -0.21882, -17.35482],
							"rotation": [180, 70, 180],
							"uv": {
								"north": {"uv": [0.25, 0], "uv_size": [-0.25, 0.3]},
								"east": {"uv": [0.15, 0], "uv_size": [-0.15, 0.3]},
								"south": {"uv": [0.25, 0], "uv_size": [-0.25, 0.3]},
								"west": {"uv": [0.15, 0], "uv_size": [-0.15, 0.3]},
								"up": {"uv": [0.25, 0], "uv_size": [-0.25, 0.15]},
								"down": {"uv": [0.25, 0], "uv_size": [-0.25, 0.15]}
							}
						},
						{
							"origin": [-6.37374, -0.15882, -17.56536],
							"size": [0.3, 0.36, 0.18],
							"pivot": [-6.19374, -0.21882, -17.47536],
							"rotation": [180, 20, 180],
							"uv": {
								"north": {"uv": [0.25, 0], "uv_size": [-0.25, 0.3]},
								"east": {"uv": [0.15, 0], "uv_size": [-0.15, 0.3]},
								"south": {"uv": [0.25, 0], "uv_size": [-0.25, 0.3]},
								"west": {"uv": [0.15, 0], "uv_size": [-0.15, 0.3]},
								"up": {"uv": [0.25, 0], "uv_size": [-0.25, 0.15]},
								"down": {"uv": [0.25, 0], "uv_size": [-0.25, 0.15]}
							}
						},
						{
							"origin": [-6.59733, -0.15882, -17.70646],
							"size": [0.3, 0.36, 0.18],
							"pivot": [-6.41733, -0.21882, -17.61646],
							"rotation": [180, 40, 180],
							"uv": {
								"north": {"uv": [0.25, 0], "uv_size": [-0.25, 0.3]},
								"east": {"uv": [0.15, 0], "uv_size": [-0.15, 0.3]},
								"south": {"uv": [0.25, 0], "uv_size": [-0.25, 0.3]},
								"west": {"uv": [0.15, 0], "uv_size": [-0.15, 0.3]},
								"up": {"uv": [0.25, 0], "uv_size": [-0.25, 0.15]},
								"down": {"uv": [0.25, 0], "uv_size": [-0.25, 0.15]}
							}
						},
						{
							"origin": [-7.20916, -0.15882, -18.17535],
							"size": [0.6, 0.36, 0.18],
							"pivot": [-6.72916, -0.21882, -18.08535],
							"rotation": [180, 60, 180],
							"uv": {
								"north": {"uv": [0.5, 0], "uv_size": [-0.5, 0.3]},
								"east": {"uv": [0.15, 0], "uv_size": [-0.15, 0.3]},
								"south": {"uv": [0.5, 0], "uv_size": [-0.5, 0.3]},
								"west": {"uv": [0.15, 0], "uv_size": [-0.15, 0.3]},
								"up": {"uv": [0.5, 0], "uv_size": [-0.5, 0.15]},
								"down": {"uv": [0.5, 0], "uv_size": [-0.5, 0.15]}
							}
						},
						{
							"origin": [-7.03087, -0.15882, -18.16519],
							"size": [0.6, 0.36, 0.18],
							"pivot": [-6.73087, -0.21882, -18.07519],
							"rotation": [180, 57.5, 180],
							"uv": {
								"north": {"uv": [0.5, 0], "uv_size": [-0.5, 0.3]},
								"east": {"uv": [0.15, 0], "uv_size": [-0.15, 0.3]},
								"south": {"uv": [0.5, 0], "uv_size": [-0.5, 0.3]},
								"west": {"uv": [0.15, 0], "uv_size": [-0.15, 0.3]},
								"up": {"uv": [0.5, 0], "uv_size": [-0.5, 0.15]},
								"down": {"uv": [0.5, 0], "uv_size": [-0.5, 0.15]}
							}
						},
						{
							"origin": [-4.78099, -0.15882, -13.7617],
							"size": [0.6, 0.36, 0.18],
							"pivot": [-6.70099, -0.21882, -13.6717],
							"rotation": [0, 75, 0],
							"uv": {
								"north": {"uv": [0.5, 0], "uv_size": [-0.5, 0.3]},
								"east": {"uv": [0.15, 0], "uv_size": [-0.15, 0.3]},
								"south": {"uv": [0.5, 0], "uv_size": [-0.5, 0.3]},
								"west": {"uv": [0.15, 0], "uv_size": [-0.15, 0.3]},
								"up": {"uv": [0.5, 0], "uv_size": [-0.5, 0.15]},
								"down": {"uv": [0.5, 0], "uv_size": [-0.5, 0.15]}
							}
						},
						{
							"origin": [-6.97961, -0.15882, -15.19484],
							"size": [0.24, 0.36, 0.18],
							"pivot": [-6.85961, -0.21882, -15.10484],
							"rotation": [180, 85, 180],
							"uv": {
								"north": {"uv": [0.2, 0], "uv_size": [-0.2, 0.3]},
								"east": {"uv": [0.15, 0], "uv_size": [-0.15, 0.3]},
								"south": {"uv": [0.2, 0], "uv_size": [-0.2, 0.3]},
								"west": {"uv": [0.15, 0], "uv_size": [-0.15, 0.3]},
								"up": {"uv": [0.2, 0], "uv_size": [-0.2, 0.15]},
								"down": {"uv": [0.2, 0], "uv_size": [-0.2, 0.15]}
							}
						},
						{
							"origin": [-6.93718, -0.15882, -15.35322],
							"size": [0.24, 0.36, 0.18],
							"pivot": [-6.81718, -0.21882, -15.26322],
							"rotation": [0, 55, 0],
							"uv": {
								"north": {"uv": [0.2, 0], "uv_size": [-0.2, 0.3]},
								"east": {"uv": [0.15, 0], "uv_size": [-0.15, 0.3]},
								"south": {"uv": [0.2, 0], "uv_size": [-0.2, 0.3]},
								"west": {"uv": [0.15, 0], "uv_size": [-0.15, 0.3]},
								"up": {"uv": [0.2, 0], "uv_size": [-0.2, 0.15]},
								"down": {"uv": [0.2, 0], "uv_size": [-0.2, 0.15]}
							}
						},
						{
							"origin": [-6.83037, -0.15882, -15.40303],
							"size": [0.24, 0.36, 0.18],
							"pivot": [-6.71037, -0.21882, -15.31303],
							"rotation": [0, -5, 0],
							"uv": {
								"north": {"uv": [0.2, 0], "uv_size": [-0.2, 0.3]},
								"east": {"uv": [0.15, 0], "uv_size": [-0.15, 0.3]},
								"south": {"uv": [0.2, 0], "uv_size": [-0.2, 0.3]},
								"west": {"uv": [0.15, 0], "uv_size": [-0.15, 0.3]},
								"up": {"uv": [0.2, 0], "uv_size": [-0.2, 0.15]},
								"down": {"uv": [0.2, 0], "uv_size": [-0.2, 0.15]}
							}
						},
						{
							"origin": [-6.75886, -0.15882, -15.34302],
							"size": [0.24, 0.36, 0.18],
							"pivot": [-6.63886, -0.21882, -15.25302],
							"rotation": [0, -75, 0],
							"uv": {
								"north": {"uv": [0.2, 0], "uv_size": [-0.2, 0.3]},
								"east": {"uv": [0.15, 0], "uv_size": [-0.15, 0.3]},
								"south": {"uv": [0.2, 0], "uv_size": [-0.2, 0.3]},
								"west": {"uv": [0.15, 0], "uv_size": [-0.15, 0.3]},
								"up": {"uv": [0.2, 0], "uv_size": [-0.2, 0.15]},
								"down": {"uv": [0.2, 0], "uv_size": [-0.2, 0.15]}
							}
						},
						{
							"origin": [-6.50583, -0.15882, -15.08998],
							"size": [0.24, 0.36, 0.18],
							"pivot": [-6.38583, -0.21882, -14.99998],
							"rotation": [0, -15, 0],
							"uv": {
								"north": {"uv": [0.2, 0], "uv_size": [-0.2, 0.3]},
								"east": {"uv": [0.15, 0], "uv_size": [-0.15, 0.3]},
								"south": {"uv": [0.2, 0], "uv_size": [-0.2, 0.3]},
								"west": {"uv": [0.15, 0], "uv_size": [-0.15, 0.3]},
								"up": {"uv": [0.2, 0], "uv_size": [-0.2, 0.15]},
								"down": {"uv": [0.2, 0], "uv_size": [-0.2, 0.15]}
							}
						},
						{
							"origin": [-6.66624, -0.15882, -15.1826],
							"size": [0.24, 0.36, 0.18],
							"pivot": [-6.54624, -0.21882, -15.0926],
							"rotation": [0, -45, 0],
							"uv": {
								"north": {"uv": [0.2, 0], "uv_size": [-0.2, 0.3]},
								"east": {"uv": [0.15, 0], "uv_size": [-0.15, 0.3]},
								"south": {"uv": [0.2, 0], "uv_size": [-0.2, 0.3]},
								"west": {"uv": [0.15, 0], "uv_size": [-0.15, 0.3]},
								"up": {"uv": [0.2, 0], "uv_size": [-0.2, 0.15]},
								"down": {"uv": [0.2, 0], "uv_size": [-0.2, 0.15]}
							}
						},
						{
							"origin": [-7.02603, -0.15882, -14.76207],
							"size": [0.24, 0.36, 0.18],
							"pivot": [-6.90603, -0.21882, -14.67207],
							"rotation": [0, 70, 0],
							"uv": {
								"north": {"uv": [0.2, 0], "uv_size": [-0.2, 0.3]},
								"east": {"uv": [0.15, 0], "uv_size": [-0.15, 0.3]},
								"south": {"uv": [0.2, 0], "uv_size": [-0.2, 0.3]},
								"west": {"uv": [0.15, 0], "uv_size": [-0.15, 0.3]},
								"up": {"uv": [0.2, 0], "uv_size": [-0.2, 0.15]},
								"down": {"uv": [0.2, 0], "uv_size": [-0.2, 0.15]}
							}
						},
						{
							"origin": [-9.34693, 0.14118, -19.4],
							"size": [3.6, 0, 6],
							"uv": {
								"north": {"uv": [64, 0], "uv_size": [0, 0]},
								"east": {"uv": [64, 0], "uv_size": [0, 0]},
								"south": {"uv": [64, 0], "uv_size": [0, 0]},
								"west": {"uv": [64, 0], "uv_size": [0, 0]},
								"up": {"uv": [22, 0], "uv_size": [31, 30]},
								"down": {"uv": [64, 0], "uv_size": [0, 0]}
							}
						},
						{
							"origin": [-9.34693, -0.15882, -19.4],
							"size": [3.6, 0, 6],
							"uv": {
								"north": {"uv": [64, 0], "uv_size": [0, 0]},
								"east": {"uv": [64, 0], "uv_size": [0, 0]},
								"south": {"uv": [64, 0], "uv_size": [0, 0]},
								"west": {"uv": [64, 0], "uv_size": [0, 0]},
								"up": {"uv": [23, 0], "uv_size": [30, 30]},
								"down": {"uv": [64, 0], "uv_size": [0, 0]}
							}
						}
					]
				}
			]
		}
	]
}
