{
	"format_version": "1.12.0",
	"minecraft:geometry": [
		{
			"description": {
				"identifier": "geometry.nichirin_yoriichi",
				"texture_width": 64,
				"texture_height": 64,
				"visible_bounds_width": 3,
				"visible_bounds_height": 4.5,
				"visible_bounds_offset": [0, 0.75, 0]
			},
			"bones": [
				{
					"name": "root",
					"pivot": [0, 0, 0]
				},
				{
					"name": "waist",
					"parent": "root",
					"pivot": [0, 0, 0]
				},
				{
					"name": "body",
					"parent": "waist",
					"pivot": [0, 0, 0]
				},
				{
					"name": "rightArm",
					"parent": "body",
					"pivot": [-5, 22, 0]
				},
				{
					"name": "NichirinR",
					"parent": "rightArm",
					"pivot": [-6.7, 13, -18],
					"rotation": [90, 0, 180]
				},
				{
					"name": "B1",
					"parent": "NichirinR",
					"pivot": [-7, 13, -18],
					"cubes": [
						{
							"origin": [-8, -9, -19.1],
							"size": [1, 1.2, 2.2],
							"uv": {
								"north": {"uv": [51, 51], "uv_size": [12, 12]},
								"east": {"uv": [51, 51], "uv_size": [12, 12]},
								"south": {"uv": [51, 51], "uv_size": [12, 12]},
								"west": {"uv": [51, 51], "uv_size": [12, 12]},
								"up": {"uv": [63, 63], "uv_size": [-12, -12]},
								"down": {"uv": [63, 63], "uv_size": [-12, -12]}
							}
						},
						{
							"origin": [-7.9648, -7.93, -18.9984],
							"size": [0.9, 7.7, 1.9968],
							"uv": {
								"north": {"uv": [37, 51], "uv_size": [12, 12]},
								"east": {"uv": [37, 51], "uv_size": [12, 12]},
								"south": {"uv": [37, 51], "uv_size": [12, 12]},
								"west": {"uv": [37, 51], "uv_size": [12, 12]},
								"up": {"uv": [49, 63], "uv_size": [-12, -12]},
								"down": {"uv": [49, 63], "uv_size": [-12, -12]}
							}
						},
						{
							"origin": [-8.02, -7.93, -19.05],
							"size": [1, 0.545, 2.1],
							"uv": {
								"north": {"uv": [22, 50], "uv_size": [14, 14]},
								"east": {"uv": [22, 50], "uv_size": [14, 14]},
								"south": {"uv": [22, 50], "uv_size": [14, 14]},
								"west": {"uv": [22, 50], "uv_size": [14, 14]},
								"up": {"uv": [36, 64], "uv_size": [-14, -14]},
								"down": {"uv": [36, 64], "uv_size": [-14, -14]}
							}
						},
						{
							"origin": [-8.02, -7.38, -19.05],
							"size": [1, 0.545, 2.1],
							"uv": {
								"north": {"uv": [22, 50], "uv_size": [14, 14]},
								"east": {"uv": [22, 50], "uv_size": [14, 14]},
								"south": {"uv": [22, 50], "uv_size": [14, 14]},
								"west": {"uv": [22, 50], "uv_size": [14, 14]},
								"up": {"uv": [36, 64], "uv_size": [-14, -14]},
								"down": {"uv": [36, 64], "uv_size": [-14, -14]}
							}
						},
						{
							"origin": [-8.02, -6.8, -19.05],
							"size": [1, 0.545, 2.1],
							"uv": {
								"north": {"uv": [22, 50], "uv_size": [14, 14]},
								"east": {"uv": [22, 50], "uv_size": [14, 14]},
								"south": {"uv": [22, 50], "uv_size": [14, 14]},
								"west": {"uv": [22, 50], "uv_size": [14, 14]},
								"up": {"uv": [36, 64], "uv_size": [-14, -14]},
								"down": {"uv": [36, 64], "uv_size": [-14, -14]}
							}
						},
						{
							"origin": [-8.02, -6.23, -19.05],
							"size": [1, 0.545, 2.1],
							"uv": {
								"north": {"uv": [22, 50], "uv_size": [14, 14]},
								"east": {"uv": [22, 50], "uv_size": [14, 14]},
								"south": {"uv": [22, 50], "uv_size": [14, 14]},
								"west": {"uv": [22, 50], "uv_size": [14, 14]},
								"up": {"uv": [36, 64], "uv_size": [-14, -14]},
								"down": {"uv": [36, 64], "uv_size": [-14, -14]}
							}
						},
						{
							"origin": [-8.02, -5.66, -19.05],
							"size": [1, 0.545, 2.1],
							"uv": {
								"north": {"uv": [22, 50], "uv_size": [14, 14]},
								"east": {"uv": [22, 50], "uv_size": [14, 14]},
								"south": {"uv": [22, 50], "uv_size": [14, 14]},
								"west": {"uv": [22, 50], "uv_size": [14, 14]},
								"up": {"uv": [36, 64], "uv_size": [-14, -14]},
								"down": {"uv": [36, 64], "uv_size": [-14, -14]}
							}
						},
						{
							"origin": [-8.02, -5.09, -19.05],
							"size": [1, 0.545, 2.1],
							"uv": {
								"north": {"uv": [22, 50], "uv_size": [14, 14]},
								"east": {"uv": [22, 50], "uv_size": [14, 14]},
								"south": {"uv": [22, 50], "uv_size": [14, 14]},
								"west": {"uv": [22, 50], "uv_size": [14, 14]},
								"up": {"uv": [36, 64], "uv_size": [-14, -14]},
								"down": {"uv": [36, 64], "uv_size": [-14, -14]}
							}
						},
						{
							"origin": [-8.02, -4.52, -19.05],
							"size": [1, 0.545, 2.1],
							"uv": {
								"north": {"uv": [22, 50], "uv_size": [14, 14]},
								"east": {"uv": [22, 50], "uv_size": [14, 14]},
								"south": {"uv": [22, 50], "uv_size": [14, 14]},
								"west": {"uv": [22, 50], "uv_size": [14, 14]},
								"up": {"uv": [36, 64], "uv_size": [-14, -14]},
								"down": {"uv": [36, 64], "uv_size": [-14, -14]}
							}
						},
						{
							"origin": [-8.02, -3.95, -19.05],
							"size": [1, 0.545, 2.1],
							"uv": {
								"north": {"uv": [22, 50], "uv_size": [14, 14]},
								"east": {"uv": [22, 50], "uv_size": [14, 14]},
								"south": {"uv": [22, 50], "uv_size": [14, 14]},
								"west": {"uv": [22, 50], "uv_size": [14, 14]},
								"up": {"uv": [36, 64], "uv_size": [-14, -14]},
								"down": {"uv": [36, 64], "uv_size": [-14, -14]}
							}
						},
						{
							"origin": [-8.02, -3.38, -19.05],
							"size": [1, 0.545, 2.1],
							"uv": {
								"north": {"uv": [22, 50], "uv_size": [14, 14]},
								"east": {"uv": [22, 50], "uv_size": [14, 14]},
								"south": {"uv": [22, 50], "uv_size": [14, 14]},
								"west": {"uv": [22, 50], "uv_size": [14, 14]},
								"up": {"uv": [36, 64], "uv_size": [-14, -14]},
								"down": {"uv": [36, 64], "uv_size": [-14, -14]}
							}
						},
						{
							"origin": [-8.02, -2.8, -19.05],
							"size": [1, 0.545, 2.1],
							"uv": {
								"north": {"uv": [22, 50], "uv_size": [14, 14]},
								"east": {"uv": [22, 50], "uv_size": [14, 14]},
								"south": {"uv": [22, 50], "uv_size": [14, 14]},
								"west": {"uv": [22, 50], "uv_size": [14, 14]},
								"up": {"uv": [36, 64], "uv_size": [-14, -14]},
								"down": {"uv": [36, 64], "uv_size": [-14, -14]}
							}
						},
						{
							"origin": [-8.02, -2.23, -19.05],
							"size": [1, 0.545, 2.1],
							"uv": {
								"north": {"uv": [22, 50], "uv_size": [14, 14]},
								"east": {"uv": [22, 50], "uv_size": [14, 14]},
								"south": {"uv": [22, 50], "uv_size": [14, 14]},
								"west": {"uv": [22, 50], "uv_size": [14, 14]},
								"up": {"uv": [36, 64], "uv_size": [-14, -14]},
								"down": {"uv": [36, 64], "uv_size": [-14, -14]}
							}
						},
						{
							"origin": [-8.02, -1.66, -19.05],
							"size": [1, 0.545, 2.1],
							"uv": {
								"north": {"uv": [22, 50], "uv_size": [14, 14]},
								"east": {"uv": [22, 50], "uv_size": [14, 14]},
								"south": {"uv": [22, 50], "uv_size": [14, 14]},
								"west": {"uv": [22, 50], "uv_size": [14, 14]},
								"up": {"uv": [36, 64], "uv_size": [-14, -14]},
								"down": {"uv": [36, 64], "uv_size": [-14, -14]}
							}
						},
						{
							"origin": [-8.02, -1.1, -19.05],
							"size": [1, 0.545, 2.1],
							"uv": {
								"north": {"uv": [22, 50], "uv_size": [14, 14]},
								"east": {"uv": [22, 50], "uv_size": [14, 14]},
								"south": {"uv": [22, 50], "uv_size": [14, 14]},
								"west": {"uv": [22, 50], "uv_size": [14, 14]},
								"up": {"uv": [36, 64], "uv_size": [-14, -14]},
								"down": {"uv": [36, 64], "uv_size": [-14, -14]}
							}
						},
						{
							"origin": [-7.7, -0.2, -18.78],
							"size": [0.4, 1.19, 1.56],
							"uv": {
								"north": {"uv": [22, 50], "uv_size": [14, 14]},
								"east": {"uv": [22, 50], "uv_size": [14, 14]},
								"south": {"uv": [22, 50], "uv_size": [14, 14]},
								"west": {"uv": [22, 50], "uv_size": [14, 14]},
								"up": {"uv": [36, 64], "uv_size": [-14, -14]},
								"down": {"uv": [36, 64], "uv_size": [-14, -14]}
							}
						},
						{
							"origin": [-7.62071, -0.2, -18.85071],
							"size": [0.25, 1.19, 1.7],
							"uv": {
								"north": {"uv": [22, 50], "uv_size": [14, 14]},
								"east": {"uv": [22, 50], "uv_size": [14, 14]},
								"south": {"uv": [22, 50], "uv_size": [14, 14]},
								"west": {"uv": [22, 50], "uv_size": [14, 14]},
								"up": {"uv": [36, 64], "uv_size": [-14, -14]},
								"down": {"uv": [36, 64], "uv_size": [-14, -14]}
							}
						},
						{
							"origin": [-9.16, -0.59, -19.9],
							"size": [3.36, 0.38, 3.68],
							"uv": {
								"north": {"uv": [51, 37], "uv_size": [12, 12]},
								"east": {"uv": [51, 37], "uv_size": [12, 12]},
								"south": {"uv": [51, 37], "uv_size": [12, 12]},
								"west": {"uv": [51, 37], "uv_size": [12, 12]},
								"up": {"uv": [63, 49], "uv_size": [-12, -12]},
								"down": {"uv": [63, 49], "uv_size": [-12, -12]}
							}
						},
						{
							"origin": [-5.79393, -0.6, -19.87393],
							"size": [0.1, 0.56, 3.64],
							"uv": {
								"north": {"uv": [37, 51], "uv_size": [12, 12]},
								"east": {"uv": [37, 51], "uv_size": [12, 12]},
								"south": {"uv": [37, 51], "uv_size": [12, 12]},
								"west": {"uv": [37, 51], "uv_size": [12, 12]},
								"up": {"uv": [49, 63], "uv_size": [-12, -12]},
								"down": {"uv": [49, 63], "uv_size": [-12, -12]}
							}
						},
						{
							"origin": [-9.26, -0.6, -19.9],
							"size": [0.1, 0.56, 3.68],
							"uv": {
								"north": {"uv": [49, 51], "uv_size": [-12, 12]},
								"east": {"uv": [49, 51], "uv_size": [-12, 12]},
								"south": {"uv": [49, 51], "uv_size": [-12, 12]},
								"west": {"uv": [49, 51], "uv_size": [-12, 12]},
								"up": {"uv": [37, 63], "uv_size": [12, -12]},
								"down": {"uv": [37, 63], "uv_size": [12, -12]}
							}
						},
						{
							"origin": [-8.1, -0.6, -16.9],
							"size": [0.1, 0.42, 0.1],
							"uv": {
								"north": {"uv": [49, 51], "uv_size": [-12, 12]},
								"east": {"uv": [49, 51], "uv_size": [-12, 12]},
								"south": {"uv": [49, 51], "uv_size": [-12, 12]},
								"west": {"uv": [49, 51], "uv_size": [-12, 12]},
								"up": {"uv": [37, 63], "uv_size": [12, -12]},
								"down": {"uv": [37, 63], "uv_size": [12, -12]}
							}
						},
						{
							"origin": [-7, -0.6, -16.9],
							"size": [0.1, 0.42, 0.1],
							"uv": {
								"north": {"uv": [37, 51], "uv_size": [12, 12]},
								"east": {"uv": [37, 51], "uv_size": [12, 12]},
								"south": {"uv": [37, 51], "uv_size": [12, 12]},
								"west": {"uv": [37, 51], "uv_size": [12, 12]},
								"up": {"uv": [49, 63], "uv_size": [-12, -12]},
								"down": {"uv": [49, 63], "uv_size": [-12, -12]}
							}
						},
						{
							"origin": [-8.1, -0.6, -19.2],
							"size": [0.1, 0.42, 0.1],
							"uv": {
								"north": {"uv": [37, 51], "uv_size": [12, 12]},
								"east": {"uv": [37, 51], "uv_size": [12, 12]},
								"south": {"uv": [37, 51], "uv_size": [12, 12]},
								"west": {"uv": [37, 51], "uv_size": [12, 12]},
								"up": {"uv": [37, 51], "uv_size": [12, 12]},
								"down": {"uv": [37, 51], "uv_size": [12, 12]}
							}
						},
						{
							"origin": [-7, -0.6, -19.2],
							"size": [0.1, 0.42, 0.1],
							"uv": {
								"north": {"uv": [49, 51], "uv_size": [-12, 12]},
								"east": {"uv": [49, 51], "uv_size": [-12, 12]},
								"south": {"uv": [49, 51], "uv_size": [-12, 12]},
								"west": {"uv": [49, 51], "uv_size": [-12, 12]},
								"up": {"uv": [49, 51], "uv_size": [-12, 12]},
								"down": {"uv": [49, 51], "uv_size": [-12, 12]}
							}
						},
						{
							"origin": [-8.45, -0.6, -17.3],
							"size": [0.1, 0.42, 0.1],
							"uv": {
								"north": {"uv": [49, 51], "uv_size": [-12, 12]},
								"east": {"uv": [49, 51], "uv_size": [-12, 12]},
								"south": {"uv": [49, 51], "uv_size": [-12, 12]},
								"west": {"uv": [49, 51], "uv_size": [-12, 12]},
								"up": {"uv": [37, 63], "uv_size": [12, -12]},
								"down": {"uv": [37, 63], "uv_size": [12, -12]}
							}
						},
						{
							"origin": [-6.65, -0.6, -17.3],
							"size": [0.1, 0.42, 0.1],
							"uv": {
								"north": {"uv": [37, 51], "uv_size": [12, 12]},
								"east": {"uv": [37, 51], "uv_size": [12, 12]},
								"south": {"uv": [37, 51], "uv_size": [12, 12]},
								"west": {"uv": [37, 51], "uv_size": [12, 12]},
								"up": {"uv": [49, 63], "uv_size": [-12, -12]},
								"down": {"uv": [49, 63], "uv_size": [-12, -12]}
							}
						},
						{
							"origin": [-8.45, -0.6, -18.8],
							"size": [0.1, 0.42, 0.1],
							"uv": {
								"north": {"uv": [37, 51], "uv_size": [12, 12]},
								"east": {"uv": [37, 51], "uv_size": [12, 12]},
								"south": {"uv": [37, 51], "uv_size": [12, 12]},
								"west": {"uv": [37, 51], "uv_size": [12, 12]},
								"up": {"uv": [37, 51], "uv_size": [12, 12]},
								"down": {"uv": [37, 51], "uv_size": [12, 12]}
							}
						},
						{
							"origin": [-6.65, -0.6, -18.8],
							"size": [0.1, 0.42, 0.1],
							"uv": {
								"north": {"uv": [49, 51], "uv_size": [-12, 12]},
								"east": {"uv": [49, 51], "uv_size": [-12, 12]},
								"south": {"uv": [49, 51], "uv_size": [-12, 12]},
								"west": {"uv": [49, 51], "uv_size": [-12, 12]},
								"up": {"uv": [49, 51], "uv_size": [-12, 12]},
								"down": {"uv": [49, 51], "uv_size": [-12, 12]}
							}
						},
						{
							"origin": [-8.1, -0.6, -17.4],
							"size": [0.6, 0.42, 0.1],
							"uv": {
								"north": {"uv": [49, 51], "uv_size": [-12, 12]},
								"east": {"uv": [49, 51], "uv_size": [-12, 12]},
								"south": {"uv": [49, 51], "uv_size": [-12, 12]},
								"west": {"uv": [49, 51], "uv_size": [-12, 12]},
								"up": {"uv": [37, 63], "uv_size": [12, -12]},
								"down": {"uv": [37, 63], "uv_size": [12, -12]}
							}
						},
						{
							"origin": [-7.5, -0.6, -17.4],
							"size": [0.6, 0.42, 0.1],
							"uv": {
								"north": {"uv": [37, 51], "uv_size": [12, 12]},
								"east": {"uv": [37, 51], "uv_size": [12, 12]},
								"south": {"uv": [37, 51], "uv_size": [12, 12]},
								"west": {"uv": [37, 51], "uv_size": [12, 12]},
								"up": {"uv": [49, 63], "uv_size": [-12, -12]},
								"down": {"uv": [49, 63], "uv_size": [-12, -12]}
							}
						},
						{
							"origin": [-8.1, -0.6, -18.7],
							"size": [0.6, 0.42, 0.1],
							"uv": {
								"north": {"uv": [37, 51], "uv_size": [12, 12]},
								"east": {"uv": [37, 51], "uv_size": [12, 12]},
								"south": {"uv": [37, 51], "uv_size": [12, 12]},
								"west": {"uv": [37, 51], "uv_size": [12, 12]},
								"up": {"uv": [37, 51], "uv_size": [12, 12]},
								"down": {"uv": [37, 51], "uv_size": [12, 12]}
							}
						},
						{
							"origin": [-7.5, -0.6, -18.7],
							"size": [0.6, 0.42, 0.1],
							"uv": {
								"north": {"uv": [49, 51], "uv_size": [-12, 12]},
								"east": {"uv": [49, 51], "uv_size": [-12, 12]},
								"south": {"uv": [49, 51], "uv_size": [-12, 12]},
								"west": {"uv": [49, 51], "uv_size": [-12, 12]},
								"up": {"uv": [49, 51], "uv_size": [-12, 12]},
								"down": {"uv": [49, 51], "uv_size": [-12, 12]}
							}
						},
						{
							"origin": [-8.6, -0.6, -17.7],
							"size": [0.4, 0.42, 0.1],
							"uv": {
								"north": {"uv": [49, 51], "uv_size": [-12, 12]},
								"east": {"uv": [49, 51], "uv_size": [-12, 12]},
								"south": {"uv": [49, 51], "uv_size": [-12, 12]},
								"west": {"uv": [49, 51], "uv_size": [-12, 12]},
								"up": {"uv": [37, 63], "uv_size": [12, -12]},
								"down": {"uv": [37, 63], "uv_size": [12, -12]}
							}
						},
						{
							"origin": [-6.8, -0.6, -17.7],
							"size": [0.4, 0.42, 0.1],
							"uv": {
								"north": {"uv": [37, 51], "uv_size": [12, 12]},
								"east": {"uv": [37, 51], "uv_size": [12, 12]},
								"south": {"uv": [37, 51], "uv_size": [12, 12]},
								"west": {"uv": [37, 51], "uv_size": [12, 12]},
								"up": {"uv": [49, 63], "uv_size": [-12, -12]},
								"down": {"uv": [49, 63], "uv_size": [-12, -12]}
							}
						},
						{
							"origin": [-8.6, -0.6, -18.4],
							"size": [0.4, 0.42, 0.1],
							"uv": {
								"north": {"uv": [37, 51], "uv_size": [12, 12]},
								"east": {"uv": [37, 51], "uv_size": [12, 12]},
								"south": {"uv": [37, 51], "uv_size": [12, 12]},
								"west": {"uv": [37, 51], "uv_size": [12, 12]},
								"up": {"uv": [37, 51], "uv_size": [12, 12]},
								"down": {"uv": [37, 51], "uv_size": [12, 12]}
							}
						},
						{
							"origin": [-6.8, -0.6, -18.4],
							"size": [0.4, 0.42, 0.1],
							"uv": {
								"north": {"uv": [49, 51], "uv_size": [-12, 12]},
								"east": {"uv": [49, 51], "uv_size": [-12, 12]},
								"south": {"uv": [49, 51], "uv_size": [-12, 12]},
								"west": {"uv": [49, 51], "uv_size": [-12, 12]},
								"up": {"uv": [49, 51], "uv_size": [-12, 12]},
								"down": {"uv": [49, 51], "uv_size": [-12, 12]}
							}
						},
						{
							"origin": [-8.2, -0.6, -17.6],
							"size": [0.1, 0.42, 0.2],
							"uv": {
								"north": {"uv": [49, 51], "uv_size": [-12, 12]},
								"east": {"uv": [49, 51], "uv_size": [-12, 12]},
								"south": {"uv": [49, 51], "uv_size": [-12, 12]},
								"west": {"uv": [49, 51], "uv_size": [-12, 12]},
								"up": {"uv": [37, 63], "uv_size": [12, -12]},
								"down": {"uv": [37, 63], "uv_size": [12, -12]}
							}
						},
						{
							"origin": [-6.9, -0.6, -17.6],
							"size": [0.1, 0.42, 0.2],
							"uv": {
								"north": {"uv": [37, 51], "uv_size": [12, 12]},
								"east": {"uv": [37, 51], "uv_size": [12, 12]},
								"south": {"uv": [37, 51], "uv_size": [12, 12]},
								"west": {"uv": [37, 51], "uv_size": [12, 12]},
								"up": {"uv": [49, 63], "uv_size": [-12, -12]},
								"down": {"uv": [49, 63], "uv_size": [-12, -12]}
							}
						},
						{
							"origin": [-8.7, -0.6, -18.3],
							"size": [0.1, 0.42, 0.6],
							"uv": {
								"north": {"uv": [49, 51], "uv_size": [-12, 12]},
								"east": {"uv": [49, 51], "uv_size": [-12, 12]},
								"south": {"uv": [49, 51], "uv_size": [-12, 12]},
								"west": {"uv": [49, 51], "uv_size": [-12, 12]},
								"up": {"uv": [37, 63], "uv_size": [12, -12]},
								"down": {"uv": [37, 63], "uv_size": [12, -12]}
							}
						},
						{
							"origin": [-6.4, -0.6, -18.3],
							"size": [0.1, 0.42, 0.6],
							"uv": {
								"north": {"uv": [37, 51], "uv_size": [12, 12]},
								"east": {"uv": [37, 51], "uv_size": [12, 12]},
								"south": {"uv": [37, 51], "uv_size": [12, 12]},
								"west": {"uv": [37, 51], "uv_size": [12, 12]},
								"up": {"uv": [49, 63], "uv_size": [-12, -12]},
								"down": {"uv": [49, 63], "uv_size": [-12, -12]}
							}
						},
						{
							"origin": [-8.2, -0.6, -18.6],
							"size": [0.1, 0.42, 0.2],
							"uv": {
								"north": {"uv": [37, 51], "uv_size": [12, 12]},
								"east": {"uv": [37, 51], "uv_size": [12, 12]},
								"south": {"uv": [37, 51], "uv_size": [12, 12]},
								"west": {"uv": [37, 51], "uv_size": [12, 12]},
								"up": {"uv": [37, 51], "uv_size": [12, 12]},
								"down": {"uv": [37, 51], "uv_size": [12, 12]}
							}
						},
						{
							"origin": [-6.9, -0.6, -18.6],
							"size": [0.1, 0.42, 0.2],
							"uv": {
								"north": {"uv": [49, 51], "uv_size": [-12, 12]},
								"east": {"uv": [49, 51], "uv_size": [-12, 12]},
								"south": {"uv": [49, 51], "uv_size": [-12, 12]},
								"west": {"uv": [49, 51], "uv_size": [-12, 12]},
								"up": {"uv": [49, 51], "uv_size": [-12, 12]},
								"down": {"uv": [49, 51], "uv_size": [-12, 12]}
							}
						},
						{
							"origin": [-8.18536, -0.6, -18.69393],
							"size": [0.1, 0.42, 0.14],
							"pivot": [-8.13536, -0.39, -18.59393],
							"rotation": [0, -45, 0],
							"uv": {
								"north": {"uv": [37, 51], "uv_size": [12, 12]},
								"east": {"uv": [37, 51], "uv_size": [12, 12]},
								"south": {"uv": [37, 51], "uv_size": [12, 12]},
								"west": {"uv": [37, 51], "uv_size": [12, 12]},
								"up": {"uv": [37, 51], "uv_size": [12, 12]},
								"down": {"uv": [37, 51], "uv_size": [12, 12]}
							}
						},
						{
							"origin": [-6.37128, -0.6, -18.87785],
							"size": [0.1, 0.42, 0.14],
							"pivot": [-8.32128, -0.39, -18.77785],
							"rotation": [0, -45, 0],
							"uv": {
								"north": {"uv": [37, 51], "uv_size": [12, 12]},
								"east": {"uv": [37, 51], "uv_size": [12, 12]},
								"south": {"uv": [37, 51], "uv_size": [12, 12]},
								"west": {"uv": [37, 51], "uv_size": [12, 12]},
								"up": {"uv": [37, 51], "uv_size": [12, 12]},
								"down": {"uv": [37, 51], "uv_size": [12, 12]}
							}
						},
						{
							"origin": [-5.87128, -0.6, -19.17785],
							"size": [0.1, 0.42, 0.14],
							"pivot": [-7.82128, -1.39, -19.07785],
							"rotation": [0, -45, 0],
							"uv": {
								"north": {"uv": [37, 51], "uv_size": [12, 12]},
								"east": {"uv": [37, 51], "uv_size": [12, 12]},
								"south": {"uv": [37, 51], "uv_size": [12, 12]},
								"west": {"uv": [37, 51], "uv_size": [12, 12]},
								"up": {"uv": [37, 51], "uv_size": [12, 12]},
								"down": {"uv": [37, 51], "uv_size": [12, 12]}
							}
						},
						{
							"origin": [19.42161, -0.6, -5.8997],
							"size": [0.1, 0.42, 0.14],
							"pivot": [-8.52839, -2.39, 19.1403],
							"rotation": [0, 45, 0],
							"uv": {
								"north": {"uv": [49, 51], "uv_size": [-12, 12]},
								"east": {"uv": [49, 51], "uv_size": [-12, 12]},
								"south": {"uv": [49, 51], "uv_size": [-12, 12]},
								"west": {"uv": [49, 51], "uv_size": [-12, 12]},
								"up": {"uv": [37, 63], "uv_size": [12, -12]},
								"down": {"uv": [37, 63], "uv_size": [12, -12]}
							}
						},
						{
							"origin": [18.92161, -0.6, -6.1997],
							"size": [0.1, 0.42, 0.14],
							"pivot": [-9.02839, -3.39, 18.8403],
							"rotation": [0, 45, 0],
							"uv": {
								"north": {"uv": [49, 51], "uv_size": [-12, 12]},
								"east": {"uv": [49, 51], "uv_size": [-12, 12]},
								"south": {"uv": [49, 51], "uv_size": [-12, 12]},
								"west": {"uv": [49, 51], "uv_size": [-12, 12]},
								"up": {"uv": [37, 63], "uv_size": [12, -12]},
								"down": {"uv": [37, 63], "uv_size": [12, -12]}
							}
						},
						{
							"origin": [18.99232, -0.6, -5.97041],
							"size": [0.1, 0.42, 0.14],
							"pivot": [-8.95768, -4.39, 19.06959],
							"rotation": [0, 45, 0],
							"uv": {
								"north": {"uv": [49, 51], "uv_size": [-12, 12]},
								"east": {"uv": [49, 51], "uv_size": [-12, 12]},
								"south": {"uv": [49, 51], "uv_size": [-12, 12]},
								"west": {"uv": [49, 51], "uv_size": [-12, 12]},
								"up": {"uv": [37, 63], "uv_size": [12, -12]},
								"down": {"uv": [37, 63], "uv_size": [12, -12]}
							}
						},
						{
							"origin": [-6.30057, -0.6, -19.10714],
							"size": [0.1, 0.42, 0.14],
							"pivot": [-8.25057, -2.39, -19.00714],
							"rotation": [0, -45, 0],
							"uv": {
								"north": {"uv": [37, 51], "uv_size": [12, 12]},
								"east": {"uv": [37, 51], "uv_size": [12, 12]},
								"south": {"uv": [37, 51], "uv_size": [12, 12]},
								"west": {"uv": [37, 51], "uv_size": [12, 12]},
								"up": {"uv": [37, 51], "uv_size": [12, 12]},
								"down": {"uv": [37, 51], "uv_size": [12, 12]}
							}
						},
						{
							"origin": [-8.25607, -0.6, -18.46464],
							"size": [0.1, 0.42, 0.14],
							"pivot": [-8.20607, -1.39, -18.36464],
							"rotation": [0, -45, 0],
							"uv": {
								"north": {"uv": [37, 51], "uv_size": [12, 12]},
								"east": {"uv": [37, 51], "uv_size": [12, 12]},
								"south": {"uv": [37, 51], "uv_size": [12, 12]},
								"west": {"uv": [37, 51], "uv_size": [12, 12]},
								"up": {"uv": [37, 51], "uv_size": [12, 12]},
								"down": {"uv": [37, 51], "uv_size": [12, 12]}
							}
						},
						{
							"origin": [-8.68536, -0.6, -18.39393],
							"size": [0.1, 0.42, 0.14],
							"pivot": [-8.63536, -1.39, -18.29393],
							"rotation": [0, -45, 0],
							"uv": {
								"north": {"uv": [37, 51], "uv_size": [12, 12]},
								"east": {"uv": [37, 51], "uv_size": [12, 12]},
								"south": {"uv": [37, 51], "uv_size": [12, 12]},
								"west": {"uv": [37, 51], "uv_size": [12, 12]},
								"up": {"uv": [37, 51], "uv_size": [12, 12]},
								"down": {"uv": [37, 51], "uv_size": [12, 12]}
							}
						},
						{
							"origin": [16.43496, -0.6, -9.09884],
							"size": [0.1, 0.42, 0.14],
							"pivot": [-6.51504, -3.39, 16.94116],
							"rotation": [0, 45, 0],
							"uv": {
								"north": {"uv": [49, 51], "uv_size": [-12, 12]},
								"east": {"uv": [49, 51], "uv_size": [-12, 12]},
								"south": {"uv": [49, 51], "uv_size": [-12, 12]},
								"west": {"uv": [49, 51], "uv_size": [-12, 12]},
								"up": {"uv": [37, 63], "uv_size": [12, -12]},
								"down": {"uv": [37, 63], "uv_size": [12, -12]}
							}
						},
						{
							"origin": [16.93496, -0.6, -8.79884],
							"size": [0.1, 0.42, 0.14],
							"pivot": [-6.01504, -4.39, 17.24116],
							"rotation": [0, 45, 0],
							"uv": {
								"north": {"uv": [49, 51], "uv_size": [-12, 12]},
								"east": {"uv": [49, 51], "uv_size": [-12, 12]},
								"south": {"uv": [49, 51], "uv_size": [-12, 12]},
								"west": {"uv": [49, 51], "uv_size": [-12, 12]},
								"up": {"uv": [37, 63], "uv_size": [12, -12]},
								"down": {"uv": [37, 63], "uv_size": [12, -12]}
							}
						},
						{
							"origin": [16.86525, -0.6, -9.02712],
							"size": [0.1, 0.42, 0.14],
							"pivot": [-6.08475, -5.39, 17.01288],
							"rotation": [0, 45, 0],
							"uv": {
								"north": {"uv": [49, 51], "uv_size": [-12, 12]},
								"east": {"uv": [49, 51], "uv_size": [-12, 12]},
								"south": {"uv": [49, 51], "uv_size": [-12, 12]},
								"west": {"uv": [49, 51], "uv_size": [-12, 12]},
								"up": {"uv": [37, 63], "uv_size": [12, -12]},
								"down": {"uv": [37, 63], "uv_size": [12, -12]}
							}
						},
						{
							"origin": [-8.14, -0.6, -17.44],
							"size": [0.1, 0.56, 2.5],
							"pivot": [-8.09, -0.32, -15.6],
							"rotation": [0, -90, 0],
							"uv": {
								"north": {"uv": [49, 51], "uv_size": [-12, 12]},
								"east": {"uv": [49, 51], "uv_size": [-12, 12]},
								"south": {"uv": [49, 51], "uv_size": [-12, 12]},
								"west": {"uv": [49, 51], "uv_size": [-12, 12]},
								"up": {"uv": [37, 63], "uv_size": [12, -12]},
								"down": {"uv": [37, 63], "uv_size": [12, -12]}
							}
						},
						{
							"origin": [24.45, -0.6, 18.39],
							"size": [0.1, 0.56, 0.415],
							"pivot": [-11.5, -0.32, 16.05],
							"rotation": [0, 90, 0],
							"uv": {
								"north": {"uv": [37, 51], "uv_size": [12, 12]},
								"east": {"uv": [37, 51], "uv_size": [12, 12]},
								"south": {"uv": [37, 51], "uv_size": [12, 12]},
								"west": {"uv": [37, 51], "uv_size": [12, 12]},
								"up": {"uv": [49, 63], "uv_size": [-12, -12]},
								"down": {"uv": [49, 63], "uv_size": [-12, -12]}
							}
						},
						{
							"origin": [-5.66891, -0.6, -19.05569],
							"size": [0.1, 0.56, 0.15],
							"pivot": [-5.61891, -0.32, -19.84819],
							"rotation": [-180, -45, 180],
							"uv": {
								"north": {"uv": [37, 51], "uv_size": [12, 12]},
								"east": {"uv": [37, 51], "uv_size": [12, 12]},
								"south": {"uv": [37, 51], "uv_size": [12, 12]},
								"west": {"uv": [37, 51], "uv_size": [12, 12]},
								"up": {"uv": [49, 63], "uv_size": [-12, -12]},
								"down": {"uv": [49, 63], "uv_size": [-12, -12]}
							}
						},
						{
							"origin": [-2.88949, -0.6, -20.35466],
							"size": [0.1, 0.56, 0.15],
							"pivot": [-5.83949, -0.32, -19.14716],
							"rotation": [-180, 45, 180],
							"uv": {
								"north": {"uv": [37, 51], "uv_size": [12, 12]},
								"east": {"uv": [37, 51], "uv_size": [12, 12]},
								"south": {"uv": [37, 51], "uv_size": [12, 12]},
								"west": {"uv": [37, 51], "uv_size": [12, 12]},
								"up": {"uv": [49, 63], "uv_size": [-12, -12]},
								"down": {"uv": [49, 63], "uv_size": [-12, -12]}
							}
						},
						{
							"origin": [-1.59239, -0.6, -19.09755],
							"size": [0.1, 0.56, 0.15],
							"pivot": [-5.54239, -0.32, -17.89005],
							"rotation": [-180, 45, 180],
							"uv": {
								"north": {"uv": [37, 51], "uv_size": [12, 12]},
								"east": {"uv": [37, 51], "uv_size": [12, 12]},
								"south": {"uv": [37, 51], "uv_size": [12, 12]},
								"west": {"uv": [37, 51], "uv_size": [12, 12]},
								"up": {"uv": [49, 63], "uv_size": [-12, -12]},
								"down": {"uv": [49, 63], "uv_size": [-12, -12]}
							}
						},
						{
							"origin": [1.6833, -0.57, -17.27044],
							"size": [0.1, 1.56, 0.1],
							"pivot": [-3.2667, -1.29, -16.06294],
							"rotation": [-180, 45, 180],
							"uv": {
								"north": {"uv": [37, 51], "uv_size": [12, 12]},
								"east": {"uv": [37, 51], "uv_size": [12, 12]},
								"south": {"uv": [37, 51], "uv_size": [12, 12]},
								"west": {"uv": [37, 51], "uv_size": [12, 12]},
								"up": {"uv": [49, 63], "uv_size": [-12, -12]},
								"down": {"uv": [49, 63], "uv_size": [-12, -12]}
							}
						},
						{
							"origin": [8.07452, -0.57, -5.56334],
							"size": [0.1, 1.56, 0.1],
							"pivot": [3.12452, -1.29, -15.35584],
							"rotation": [-180, -45, -180],
							"uv": {
								"north": {"uv": [49, 51], "uv_size": [-12, 12]},
								"east": {"uv": [49, 51], "uv_size": [-12, 12]},
								"south": {"uv": [49, 51], "uv_size": [-12, 12]},
								"west": {"uv": [49, 51], "uv_size": [-12, 12]},
								"up": {"uv": [37, 63], "uv_size": [12, -12]},
								"down": {"uv": [37, 63], "uv_size": [12, -12]}
							}
						},
						{
							"origin": [33.53163, -0.57, 28.11015],
							"size": [0.1, 1.56, 0.1],
							"pivot": [3.58163, -1.29, 14.00265],
							"rotation": [180, 45, -180],
							"uv": {
								"north": {"uv": [37, 51], "uv_size": [12, 12]},
								"east": {"uv": [37, 51], "uv_size": [12, 12]},
								"south": {"uv": [37, 51], "uv_size": [12, 12]},
								"west": {"uv": [37, 51], "uv_size": [12, 12]},
								"up": {"uv": [37, 51], "uv_size": [12, 12]},
								"down": {"uv": [37, 51], "uv_size": [12, 12]}
							}
						},
						{
							"origin": [-24.18802, -0.57, 33.98883],
							"size": [0.1, 1.56, 0.1],
							"pivot": [-5.13802, -1.29, 11.88133],
							"rotation": [180, -45, 180],
							"uv": {
								"north": {"uv": [49, 51], "uv_size": [-12, 12]},
								"east": {"uv": [49, 51], "uv_size": [-12, 12]},
								"south": {"uv": [49, 51], "uv_size": [-12, 12]},
								"west": {"uv": [49, 51], "uv_size": [-12, 12]},
								"up": {"uv": [49, 51], "uv_size": [-12, 12]},
								"down": {"uv": [49, 51], "uv_size": [-12, 12]}
							}
						},
						{
							"origin": [-25.59239, -0.6, 40.76868],
							"size": [0.1, 0.56, 0.15],
							"pivot": [-5.54239, -0.32, 15.71118],
							"rotation": [180, -45, 180],
							"uv": {
								"north": {"uv": [49, 51], "uv_size": [-12, 12]},
								"east": {"uv": [49, 51], "uv_size": [-12, 12]},
								"south": {"uv": [49, 51], "uv_size": [-12, 12]},
								"west": {"uv": [49, 51], "uv_size": [-12, 12]},
								"up": {"uv": [49, 51], "uv_size": [-12, 12]},
								"down": {"uv": [49, 51], "uv_size": [-12, 12]}
							}
						},
						{
							"origin": [-23.47028, -0.6, 40.63157],
							"size": [0.1, 0.56, 0.15],
							"pivot": [-4.42028, -0.32, 15.57407],
							"rotation": [180, -45, 180],
							"uv": {
								"north": {"uv": [49, 51], "uv_size": [-12, 12]},
								"east": {"uv": [49, 51], "uv_size": [-12, 12]},
								"south": {"uv": [49, 51], "uv_size": [-12, 12]},
								"west": {"uv": [49, 51], "uv_size": [-12, 12]},
								"up": {"uv": [49, 51], "uv_size": [-12, 12]},
								"down": {"uv": [49, 51], "uv_size": [-12, 12]}
							}
						},
						{
							"origin": [-6.92601, -0.6, -17.77859],
							"size": [0.1, 0.56, 0.15],
							"pivot": [-5.87601, -0.32, -18.57109],
							"rotation": [-180, -45, 180],
							"uv": {
								"north": {"uv": [37, 51], "uv_size": [12, 12]},
								"east": {"uv": [37, 51], "uv_size": [12, 12]},
								"south": {"uv": [37, 51], "uv_size": [12, 12]},
								"west": {"uv": [37, 51], "uv_size": [12, 12]},
								"up": {"uv": [49, 63], "uv_size": [-12, -12]},
								"down": {"uv": [49, 63], "uv_size": [-12, -12]}
							}
						},
						{
							"origin": [10.57508, -0.6, -31.76009],
							"size": [0.1, 0.56, 0.15],
							"pivot": [5.62508, -0.32, -20.55259],
							"rotation": [-180, 45, -180],
							"uv": {
								"north": {"uv": [49, 51], "uv_size": [-12, 12]},
								"east": {"uv": [49, 51], "uv_size": [-12, 12]},
								"south": {"uv": [49, 51], "uv_size": [-12, 12]},
								"west": {"uv": [49, 51], "uv_size": [-12, 12]},
								"up": {"uv": [37, 63], "uv_size": [12, -12]},
								"down": {"uv": [37, 63], "uv_size": [12, -12]}
							}
						},
						{
							"origin": [8.40691, -0.6, -31.88326],
							"size": [0.1, 0.56, 0.15],
							"pivot": [4.45691, -0.32, -20.67576],
							"rotation": [-180, 45, -180],
							"uv": {
								"north": {"uv": [49, 51], "uv_size": [-12, 12]},
								"east": {"uv": [49, 51], "uv_size": [-12, 12]},
								"south": {"uv": [49, 51], "uv_size": [-12, 12]},
								"west": {"uv": [49, 51], "uv_size": [-12, 12]},
								"up": {"uv": [37, 63], "uv_size": [12, -12]},
								"down": {"uv": [37, 63], "uv_size": [12, -12]}
							}
						},
						{
							"origin": [-24.51, -0.6, 33.41],
							"size": [0.1, 0.56, 0.45],
							"pivot": [11.54, -0.32, 16.07],
							"rotation": [0, -90, 0],
							"uv": {
								"north": {"uv": [49, 51], "uv_size": [-12, 12]},
								"east": {"uv": [49, 51], "uv_size": [-12, 12]},
								"south": {"uv": [49, 51], "uv_size": [-12, 12]},
								"west": {"uv": [49, 51], "uv_size": [-12, 12]},
								"up": {"uv": [37, 63], "uv_size": [12, -12]},
								"down": {"uv": [37, 63], "uv_size": [12, -12]}
							}
						},
						{
							"origin": [11.45, -0.6, -33.925],
							"size": [0.1, 0.56, 0.45],
							"pivot": [11.5, -0.32, -16.17],
							"rotation": [0, 90, 0],
							"uv": {
								"north": {"uv": [37, 51], "uv_size": [12, 12]},
								"east": {"uv": [37, 51], "uv_size": [12, 12]},
								"south": {"uv": [37, 51], "uv_size": [12, 12]},
								"west": {"uv": [37, 51], "uv_size": [12, 12]},
								"up": {"uv": [49, 63], "uv_size": [-12, -12]},
								"down": {"uv": [49, 63], "uv_size": [-12, -12]}
							}
						},
						{
							"origin": [10.545, -0.6, -37.925],
							"size": [0.1, 0.56, 0.415],
							"pivot": [11.595, -0.32, -17.17],
							"rotation": [0, 90, 0],
							"uv": {
								"north": {"uv": [37, 51], "uv_size": [12, 12]},
								"east": {"uv": [37, 51], "uv_size": [12, 12]},
								"south": {"uv": [37, 51], "uv_size": [12, 12]},
								"west": {"uv": [37, 51], "uv_size": [12, 12]},
								"up": {"uv": [49, 63], "uv_size": [-12, -12]},
								"down": {"uv": [49, 63], "uv_size": [-12, -12]}
							}
						},
						{
							"origin": [-8.845, -0.6, -16.12],
							"size": [0.1, 0.56, 0.47],
							"uv": {
								"north": {"uv": [37, 51], "uv_size": [12, 12]},
								"east": {"uv": [37, 51], "uv_size": [12, 12]},
								"south": {"uv": [37, 51], "uv_size": [12, 12]},
								"west": {"uv": [37, 51], "uv_size": [12, 12]},
								"up": {"uv": [49, 63], "uv_size": [-12, -12]},
								"down": {"uv": [49, 63], "uv_size": [-12, -12]}
							}
						},
						{
							"origin": [-6.255, -0.6, -16.12],
							"size": [0.1, 0.56, 0.47],
							"uv": {
								"north": {"uv": [49, 51], "uv_size": [-12, 12]},
								"east": {"uv": [49, 51], "uv_size": [-12, 12]},
								"south": {"uv": [49, 51], "uv_size": [-12, 12]},
								"west": {"uv": [49, 51], "uv_size": [-12, 12]},
								"up": {"uv": [37, 63], "uv_size": [12, -12]},
								"down": {"uv": [37, 63], "uv_size": [12, -12]}
							}
						},
						{
							"origin": [-6.25, -0.6, -20.45],
							"size": [0.1, 0.56, 0.47],
							"uv": {
								"north": {"uv": [37, 51], "uv_size": [12, 12]},
								"east": {"uv": [37, 51], "uv_size": [12, 12]},
								"south": {"uv": [37, 51], "uv_size": [12, 12]},
								"west": {"uv": [37, 51], "uv_size": [12, 12]},
								"up": {"uv": [49, 63], "uv_size": [-12, -12]},
								"down": {"uv": [49, 63], "uv_size": [-12, -12]}
							}
						},
						{
							"origin": [-8.85, -0.6, -20.45],
							"size": [0.1, 0.56, 0.47],
							"uv": {
								"north": {"uv": [49, 51], "uv_size": [-12, 12]},
								"east": {"uv": [49, 51], "uv_size": [-12, 12]},
								"south": {"uv": [49, 51], "uv_size": [-12, 12]},
								"west": {"uv": [49, 51], "uv_size": [-12, 12]},
								"up": {"uv": [37, 63], "uv_size": [12, -12]},
								"down": {"uv": [37, 63], "uv_size": [12, -12]}
							}
						},
						{
							"origin": [28.86, -0.6, 15.84],
							"size": [0.1, 0.56, 2.5],
							"pivot": [-8.09, -0.32, 16.5],
							"rotation": [0, 90, 0],
							"uv": {
								"north": {"uv": [37, 51], "uv_size": [12, 12]},
								"east": {"uv": [37, 51], "uv_size": [12, 12]},
								"south": {"uv": [37, 51], "uv_size": [12, 12]},
								"west": {"uv": [37, 51], "uv_size": [12, 12]},
								"up": {"uv": [49, 63], "uv_size": [-12, -12]},
								"down": {"uv": [49, 63], "uv_size": [-12, -12]}
							}
						},
						{
							"origin": [-10, -0.59, -20.6],
							"size": [4.8, 0.38, 2.5],
							"pivot": [-8.2, 0.2, -18.65],
							"rotation": [0, -90, 0],
							"uv": {
								"north": {"uv": [51, 37], "uv_size": [12, 12]},
								"east": {"uv": [51, 37], "uv_size": [12, 12]},
								"south": {"uv": [51, 37], "uv_size": [12, 12]},
								"west": {"uv": [51, 37], "uv_size": [12, 12]},
								"up": {"uv": [63, 49], "uv_size": [-12, -12]},
								"down": {"uv": [63, 49], "uv_size": [-12, -12]}
							}
						}
					]
				},
				{
					"name": "L1",
					"parent": "NichirinR",
					"pivot": [-7, 13, -18],
					"cubes": [
						{
							"origin": [-7.6, 0, -18.8],
							"size": [0.2, 6, 1],
							"uv": {
								"north": {"uv": [1, 0], "uv_size": [-1, 51]},
								"east": {"uv": [11, 0], "uv_size": [-11, 51]},
								"south": {"uv": [11, 0], "uv_size": [-11, 51]},
								"west": {"uv": [0, 0], "uv_size": [11, 51]},
								"up": {"uv": [0, 51], "uv_size": [11, -51]},
								"down": {"uv": [0, 51], "uv_size": [11, -51]}
							}
						},
						{
							"origin": [-7.6, 6, -18.8],
							"size": [0.2, 6, 1],
							"uv": {
								"north": {"uv": [1, 0], "uv_size": [-1, 61]},
								"east": {"uv": [11, 0], "uv_size": [-11, 61]},
								"south": {"uv": [11, 0], "uv_size": [-11, 61]},
								"west": {"uv": [0, 0], "uv_size": [11, 61]},
								"up": {"uv": [0, 61], "uv_size": [11, -61]},
								"down": {"uv": [0, 61], "uv_size": [11, -61]}
							}
						},
						{
							"origin": [-7.6, 12, -18.8],
							"size": [0.2, 7, 1],
							"uv": {
								"north": {"uv": [1, 0], "uv_size": [-1, 61]},
								"east": {"uv": [11, 0], "uv_size": [-11, 61]},
								"south": {"uv": [11, 0], "uv_size": [-11, 61]},
								"west": {"uv": [0, 0], "uv_size": [11, 61]},
								"up": {"uv": [0, 61], "uv_size": [11, -61]},
								"down": {"uv": [0, 61], "uv_size": [11, -61]}
							}
						},
						{
							"origin": [-7.6, 19, -18.8],
							"size": [0.2, 2, 1],
							"uv": {
								"north": {"uv": [1, 0], "uv_size": [-1, 25]},
								"east": {"uv": [11, 0], "uv_size": [-11, 25]},
								"south": {"uv": [11, 0], "uv_size": [-11, 25]},
								"west": {"uv": [0, 0], "uv_size": [11, 25]},
								"up": {"uv": [0, 25], "uv_size": [11, -25]},
								"down": {"uv": [0, 25], "uv_size": [11, -25]}
							}
						},
						{
							"origin": [-7.596, 22.3, -18.794],
							"size": [0.192, 0.5, 0.288],
							"uv": {
								"north": {"uv": [17, 64], "uv_size": [-5, -64]},
								"east": {"uv": [17, 64], "uv_size": [-5, -64]},
								"south": {"uv": [17, 64], "uv_size": [-5, -64]},
								"west": {"uv": [12, 64], "uv_size": [5, -64]},
								"up": {"uv": [16, 0], "uv_size": [1, 64]},
								"down": {"uv": [12, 0], "uv_size": [5, 64]}
							}
						},
						{
							"origin": [-7.6, 21, -18.8],
							"size": [0.2, 0.5, 1],
							"uv": {
								"north": {"uv": [2, 41], "uv_size": [-2, -8]},
								"east": {"uv": [9, 41], "uv_size": [-9, -8]},
								"south": {"uv": [9, 41], "uv_size": [-9, -8]},
								"west": {"uv": [0, 41], "uv_size": [9, -8]},
								"up": {"uv": [0, 33], "uv_size": [9, 8]},
								"down": {"uv": [0, 33], "uv_size": [9, 8]}
							}
						},
						{
							"origin": [-7.59996, 21.07948, -18.00005],
							"size": [0.19992, 0.4998, 0.4998],
							"pivot": [-7.40004, 20.54122, -18.70842],
							"rotation": [22.5, 0, 0],
							"uv": {
								"north": {"uv": [11, 26], "uv_size": [-4, -2]},
								"east": {"uv": [11, 26], "uv_size": [-4, -2]},
								"south": {"uv": [11, 26], "uv_size": [-4, -2]},
								"west": {"uv": [11, 26], "uv_size": [-4, -2]},
								"up": {"uv": [7, 24], "uv_size": [4, 2]},
								"down": {"uv": [7, 24], "uv_size": [4, 2]}
							}
						},
						{
							"origin": [-7.598, 21.27321, -17.76205],
							"size": [0.196, 0.49, 0.49],
							"pivot": [-7.402, 20.74551, -18.45653],
							"rotation": [45, 0, 0],
							"uv": {
								"north": {"uv": [10, 25], "uv_size": [0, -1]},
								"east": {"uv": [10, 25], "uv_size": [0, -1]},
								"south": {"uv": [10, 25], "uv_size": [0, -1]},
								"west": {"uv": [10, 25], "uv_size": [0, -1]},
								"up": {"uv": [10, 24], "uv_size": [0, 1]},
								"down": {"uv": [10, 24], "uv_size": [0, 1]}
							}
						},
						{
							"origin": [-7.596, 21.64591, -17.11642],
							"size": [0.194, 0.46, 0.49],
							"pivot": [-7.402, 21.11821, -17.8109],
							"rotation": [90, 0, 0],
							"uv": {
								"north": {"uv": [10, 17], "uv_size": [0, -1]},
								"east": {"uv": [10, 17], "uv_size": [0, -1]},
								"south": {"uv": [10, 17], "uv_size": [0, -1]},
								"west": {"uv": [10, 17], "uv_size": [0, -1]},
								"up": {"uv": [10, 16], "uv_size": [0, 1]},
								"down": {"uv": [10, 16], "uv_size": [0, 1]}
							}
						},
						{
							"origin": [-7.59604, 20.5099, -18.8],
							"size": [0.19208, 1.4802, 0.49],
							"uv": {
								"north": {"uv": [1, 25], "uv_size": [-1, -8]},
								"east": {"uv": [9, 25], "uv_size": [-5, -8]},
								"south": {"uv": [9, 25], "uv_size": [-5, -8]},
								"west": {"uv": [4, 25], "uv_size": [5, -8]},
								"up": {"uv": [4, 17], "uv_size": [5, 8]},
								"down": {"uv": [4, 17], "uv_size": [5, 8]}
							}
						},
						{
							"origin": [-7.588, 20.98837, -25.79699],
							"size": [0.188, 0.288, 0.2],
							"pivot": [-7.02, 3.70837, -18.30899],
							"rotation": [-22.5, 0, 0],
							"uv": {
								"north": {"uv": [17, 64], "uv_size": [-5, -64]},
								"east": {"uv": [17, 64], "uv_size": [-5, -64]},
								"south": {"uv": [17, 64], "uv_size": [-5, -64]},
								"west": {"uv": [12, 64], "uv_size": [5, -64]},
								"up": {"uv": [16, 0], "uv_size": [1, 64]},
								"down": {"uv": [12, 0], "uv_size": [5, 64]}
							}
						},
						{
							"origin": [-7.6, 0.9, -17.8],
							"size": [0.2, 20.1, 0.6],
							"uv": {
								"north": {"uv": [17, 64], "uv_size": [-6, -64]},
								"east": {"uv": [17, 64], "uv_size": [-6, -64]},
								"south": {"uv": [17, 64], "uv_size": [-1, -64]},
								"west": {"uv": [11, 64], "uv_size": [6, -64]},
								"up": {"uv": [11, 0], "uv_size": [6, 64]},
								"down": {"uv": [11, 0], "uv_size": [6, 64]}
							}
						},
						{
							"origin": [-7.596, 20.53, -14.66],
							"size": [0.192, 1.152, 0.576],
							"pivot": [-7.02, 12.92596, -16.78538],
							"rotation": [22.5, 0, 0],
							"uv": {
								"north": {"uv": [17, 64], "uv_size": [-5, -64]},
								"east": {"uv": [17, 64], "uv_size": [-5, -64]},
								"south": {"uv": [17, 64], "uv_size": [-1, -64]},
								"west": {"uv": [12, 64], "uv_size": [5, -64]},
								"up": {"uv": [12, 0], "uv_size": [5, 64]},
								"down": {"uv": [12, 0], "uv_size": [5, 64]}
							}
						},
						{
							"origin": [-7.594, 22.96033, -10.6409],
							"size": [0.19, 0.96, 0.576],
							"pivot": [-7.02, 13.36033, -12.7529],
							"rotation": [45, 0, 0],
							"uv": {
								"north": {"uv": [17, 64], "uv_size": [-5, -64]},
								"east": {"uv": [17, 64], "uv_size": [-5, -64]},
								"south": {"uv": [17, 64], "uv_size": [-1, -64]},
								"west": {"uv": [12, 64], "uv_size": [5, -64]},
								"up": {"uv": [12, 0], "uv_size": [5, 64]},
								"down": {"uv": [12, 0], "uv_size": [5, 64]}
							}
						}
					],
					"locators": {
						"effect1": [-7.5, 1, -18],
						"effect2": [-7.5, 6, -18],
						"effect3": [-7.5, 11, -18],
						"effect4": [-7.5, 16, -18],
						"effect5": [-7.5, 21, -18]
					}
				}
			]
		}
	]
}