{
	"format_version": "1.12.0",
	"minecraft:geometry": [
		{
			"description": {
				"identifier": "geometry.nichirin_obanai",
				"texture_width": 64,
				"texture_height": 64,
				"visible_bounds_width": 3,
				"visible_bounds_height": 5,
				"visible_bounds_offset": [0, 0.5, 0]
			},
			"bones": [
				{
					"name": "root",
					"pivot": [0, 0, 0]
				},
				{
					"name": "waist",
					"parent": "root",
					"pivot": [0, 0, 0]
				},
				{
					"name": "body",
					"parent": "waist",
					"pivot": [0, 0, 0]
				},
				{
					"name": "rightArm",
					"parent": "body",
					"pivot": [-5, 22, 0],
					"cubes": [
						{
							"origin": [-7.9, 11, -4.8],
							"size": [3.7, 3.9, 0],
							"uv": {
								"north": {"uv": [31, 3], "uv_size": [31, 31]},
								"east": {"uv": [22, 3], "uv_size": [1, 1]},
								"south": {"uv": [21, 1], "uv_size": [1, 1]},
								"west": {"uv": [22, 1], "uv_size": [1, 1]},
								"up": {"uv": [22, 2], "uv_size": [-1, -1]},
								"down": {"uv": [24, 2], "uv_size": [-1, -1]}
							}
						}
					]
				},
				{
					"name": "NichirinR",
					"parent": "rightArm",
					"pivot": [-6.7, 13, -18],
					"rotation": [90, 0, 180]
				},
				{
					"name": "B1",
					"parent": "NichirinR",
					"pivot": [-7, 13, -18],
					"cubes": [
						{
							"origin": [-8, -8.8, -18.6],
							"size": [1, 1, 1.2],
							"inflate": 0.05,
							"uv": {
								"north": {"uv": [51, 51], "uv_size": [12, 12]},
								"east": {"uv": [51, 51], "uv_size": [12, 12]},
								"south": {"uv": [51, 51], "uv_size": [12, 12]},
								"west": {"uv": [51, 51], "uv_size": [12, 12]},
								"up": {"uv": [63, 63], "uv_size": [-12, -12]},
								"down": {"uv": [63, 63], "uv_size": [-12, -12]}
							}
						},
						{
							"origin": [-7.85, -7.93, -18.5],
							"size": [0.7, 7.7, 1],
							"uv": {
								"north": {"uv": [37, 36], "uv_size": [12, 13]},
								"east": {"uv": [37, 36], "uv_size": [12, 13]},
								"south": {"uv": [37, 36], "uv_size": [12, 13]},
								"west": {"uv": [37, 36], "uv_size": [12, 13]},
								"up": {"uv": [49, 49], "uv_size": [-12, -13]},
								"down": {"uv": [49, 49], "uv_size": [-12, -13]}
							}
						},
						{
							"origin": [-8.02, -0.65, -19.05],
							"size": [1, 0.545, 2.1],
							"inflate": 0.05,
							"uv": {
								"north": {"uv": [51, 36], "uv_size": [12, 14]},
								"east": {"uv": [51, 36], "uv_size": [12, 14]},
								"south": {"uv": [51, 36], "uv_size": [12, 14]},
								"west": {"uv": [51, 36], "uv_size": [12, 14]},
								"up": {"uv": [63, 39], "uv_size": [-12, -3]},
								"down": {"uv": [63, 50], "uv_size": [-12, -2]}
							}
						},
						{
							"origin": [-7.7, -0.2, -18.78],
							"size": [0.4, 1.19, 1.56],
							"uv": {
								"north": {"uv": [37, 50], "uv_size": [13, 14]},
								"east": {"uv": [37, 50], "uv_size": [13, 14]},
								"south": {"uv": [37, 50], "uv_size": [13, 14]},
								"west": {"uv": [37, 50], "uv_size": [13, 14]},
								"up": {"uv": [50, 64], "uv_size": [-13, -8]},
								"down": {"uv": [50, 64], "uv_size": [-13, -14]}
							}
						},
						{
							"origin": [-7.62071, -0.2, -18.85071],
							"size": [0.25, 1.19, 1.7],
							"uv": {
								"north": {"uv": [37, 50], "uv_size": [13, 14]},
								"east": {"uv": [37, 50], "uv_size": [13, 14]},
								"south": {"uv": [37, 50], "uv_size": [13, 14]},
								"west": {"uv": [37, 50], "uv_size": [13, 14]},
								"up": {"uv": [50, 64], "uv_size": [-13, -4]},
								"down": {"uv": [50, 64], "uv_size": [-13, -14]}
							}
						},
						{
							"origin": [1.6833, -0.57, -17.27044],
							"size": [0.1, 1.56, 0.1],
							"pivot": [-3.2667, -1.29, -16.06294],
							"rotation": [-180, 45, 180],
							"uv": {
								"north": {"uv": [37, 51], "uv_size": [5, 13]},
								"east": {"uv": [37, 51], "uv_size": [5, 13]},
								"south": {"uv": [37, 51], "uv_size": [5, 13]},
								"west": {"uv": [37, 51], "uv_size": [5, 13]},
								"up": {"uv": [42, 64], "uv_size": [-5, -6]},
								"down": {"uv": [42, 64], "uv_size": [-5, -13]}
							}
						},
						{
							"origin": [8.07452, -0.57, -5.56334],
							"size": [0.1, 1.56, 0.1],
							"pivot": [3.12452, -1.29, -15.35584],
							"rotation": [-180, -45, -180],
							"uv": {
								"north": {"uv": [42, 50], "uv_size": [-5, 14]},
								"east": {"uv": [42, 50], "uv_size": [-5, 14]},
								"south": {"uv": [42, 50], "uv_size": [-5, 14]},
								"west": {"uv": [42, 50], "uv_size": [-5, 14]},
								"up": {"uv": [37, 64], "uv_size": [5, -4]},
								"down": {"uv": [37, 64], "uv_size": [5, -14]}
							}
						},
						{
							"origin": [33.53163, -0.57, 28.11015],
							"size": [0.1, 1.56, 0.1],
							"pivot": [3.58163, -1.29, 14.00265],
							"rotation": [180, 45, -180],
							"uv": {
								"north": {"uv": [45, 50], "uv_size": [4, 14]},
								"east": {"uv": [45, 50], "uv_size": [4, 14]},
								"south": {"uv": [45, 50], "uv_size": [4, 14]},
								"west": {"uv": [45, 50], "uv_size": [4, 14]},
								"up": {"uv": [49, 64], "uv_size": [-4, -3]},
								"down": {"uv": [49, 64], "uv_size": [-4, -14]}
							}
						},
						{
							"origin": [-24.18802, -0.57, 33.98883],
							"size": [0.1, 1.56, 0.1],
							"pivot": [-5.13802, -1.29, 11.88133],
							"rotation": [180, -45, 180],
							"uv": {
								"north": {"uv": [44, 50], "uv_size": [5, 14]},
								"east": {"uv": [49, 64], "uv_size": [-5, -14]},
								"south": {"uv": [49, 64], "uv_size": [-5, -14]},
								"west": {"uv": [49, 64], "uv_size": [-5, -14]},
								"up": {"uv": [44, 59], "uv_size": [5, 5]},
								"down": {"uv": [44, 50], "uv_size": [5, 14]}
							}
						}
					]
				},
				{
					"name": "L1",
					"parent": "NichirinR",
					"pivot": [-7, 13, -18],
					"cubes": [
						{
							"origin": [-7.6, 0, -18.8],
							"size": [0.2, 4, 1.6],
							"uv": {
								"north": {"uv": [0, 3], "uv_size": [1, 48]},
								"east": {"uv": [17, 0], "uv_size": [-17, 64]},
								"south": {"uv": [1, 4], "uv_size": [-1, 60]},
								"west": {"uv": [0, 0], "uv_size": [17, 64]},
								"up": {"uv": [0, 51], "uv_size": [11, -51]},
								"down": {"uv": [0, 51], "uv_size": [11, -51]}
							}
						},
						{
							"origin": [-7.6, 3.8307, -19.13514],
							"size": [0.2, 4, 1.6],
							"pivot": [-7.5, 5.8307, -18.33514],
							"rotation": [10, 0, 0],
							"uv": {
								"north": {"uv": [0, 3], "uv_size": [1, 48]},
								"east": {"uv": [17, 0], "uv_size": [-17, 64]},
								"south": {"uv": [1, 4], "uv_size": [-1, 60]},
								"west": {"uv": [0, 0], "uv_size": [17, 64]},
								"up": {"uv": [0, 51], "uv_size": [11, -51]},
								"down": {"uv": [0, 51], "uv_size": [11, -51]}
							}
						},
						{
							"origin": [-7.6, 7.83939, -19.10476],
							"size": [0.2, 4, 1.6],
							"pivot": [-7.5, 9.83939, -20.30476],
							"rotation": [-10, 0, 0],
							"uv": {
								"north": {"uv": [0, 3], "uv_size": [1, 48]},
								"east": {"uv": [17, 0], "uv_size": [-17, 64]},
								"south": {"uv": [1, 4], "uv_size": [-1, 60]},
								"west": {"uv": [0, 0], "uv_size": [17, 64]},
								"up": {"uv": [0, 51], "uv_size": [11, -51]},
								"down": {"uv": [0, 51], "uv_size": [11, -51]}
							}
						},
						{
							"origin": [-7.6, 10.80619, -19.10476],
							"size": [0.2, 4, 1.6],
							"pivot": [-7.5, 12.80619, -20.30476],
							"rotation": [10, 0, 0],
							"uv": {
								"north": {"uv": [0, 3], "uv_size": [1, 48]},
								"east": {"uv": [17, 0], "uv_size": [-17, 64]},
								"south": {"uv": [1, 4], "uv_size": [-1, 60]},
								"west": {"uv": [0, 0], "uv_size": [17, 64]},
								"up": {"uv": [0, 51], "uv_size": [11, -51]},
								"down": {"uv": [0, 51], "uv_size": [11, -51]}
							}
						},
						{
							"origin": [-7.6, 15.50947, -19.07437],
							"size": [0.2, 4, 1.6],
							"pivot": [-7.5, 17.50947, -22.27437],
							"rotation": [-10, 0, 0],
							"uv": {
								"north": {"uv": [0, 3], "uv_size": [1, 48]},
								"east": {"uv": [17, 0], "uv_size": [-17, 64]},
								"south": {"uv": [1, 4], "uv_size": [-1, 60]},
								"west": {"uv": [0, 0], "uv_size": [17, 64]},
								"up": {"uv": [0, 51], "uv_size": [11, -51]},
								"down": {"uv": [0, 51], "uv_size": [11, -51]}
							}
						},
						{
							"origin": [-7.592, 17.96524, -18.79245],
							"size": [0.184, 2.5, 0.288],
							"uv": {
								"north": {"uv": [2, 64], "uv_size": [-2, -64]},
								"east": {"uv": [2, 64], "uv_size": [-2, -64]},
								"south": {"uv": [2, 64], "uv_size": [-2, -64]},
								"west": {"uv": [2, 64], "uv_size": [-2, -64]},
								"up": {"uv": [0, 0], "uv_size": [2, 64]},
								"down": {"uv": [0, 0], "uv_size": [2, 64]}
							}
						},
						{
							"origin": [-7.598, 18.64899, -25.79742],
							"size": [0.186, 0.288, 0.2],
							"pivot": [-7.032, 1.36899, -18.30942],
							"rotation": [-22.5, 0, 0],
							"uv": {
								"north": {"uv": [0, 49], "uv_size": [2, -49]},
								"east": {"uv": [0, 49], "uv_size": [2, -49]},
								"south": {"uv": [0, 49], "uv_size": [2, -49]},
								"west": {"uv": [0, 49], "uv_size": [2, -49]},
								"up": {"uv": [2, 0], "uv_size": [-2, 49]},
								"down": {"uv": [2, 0], "uv_size": [-2, 49]}
							}
						},
						{
							"origin": [-7.594, 18.19063, -14.66043],
							"size": [0.192, 1.152, 0.576],
							"pivot": [-7.024, 10.58659, -16.78581],
							"rotation": [22.5, 0, 0],
							"uv": {
								"north": {"uv": [17, 64], "uv_size": [-5, -64]},
								"east": {"uv": [0, 64], "uv_size": [8, -64]},
								"south": {"uv": [17, 64], "uv_size": [-1, -64]},
								"west": {"uv": [8, 64], "uv_size": [-8, -64]},
								"up": {"uv": [12, 0], "uv_size": [5, 64]},
								"down": {"uv": [12, 0], "uv_size": [5, 64]}
							}
						},
						{
							"origin": [-7.594, 17.9702, -15.19258],
							"size": [0.192, 1.152, 0.6],
							"inflate": -0.02,
							"pivot": [-7.024, 10.36616, -17.31796],
							"rotation": [22.5, 0, 0],
							"uv": {
								"north": {"uv": [10, 64], "uv_size": [-6, -64]},
								"east": {"uv": [10, 64], "uv_size": [-6, -64]},
								"south": {"uv": [10, 64], "uv_size": [-6, -64]},
								"west": {"uv": [4, 64], "uv_size": [6, -64]},
								"up": {"uv": [4, 0], "uv_size": [6, 64]},
								"down": {"uv": [4, 0], "uv_size": [6, 64]}
							}
						},
						{
							"origin": [-7.594, 18.9702, -15.03],
							"size": [0.192, 0.6, 0.4],
							"inflate": -0.01,
							"pivot": [-7.024, 10.36616, -17.31796],
							"rotation": [22.5, 0, 0],
							"uv": {
								"north": {"uv": [10, 64], "uv_size": [-6, -64]},
								"east": {"uv": [10, 64], "uv_size": [-6, -64]},
								"south": {"uv": [10, 64], "uv_size": [-6, -64]},
								"west": {"uv": [4, 64], "uv_size": [6, -64]},
								"up": {"uv": [4, 0], "uv_size": [6, 64]},
								"down": {"uv": [4, 0], "uv_size": [6, 64]}
							}
						},
						{
							"origin": [-7.59, 20.62096, -10.64133],
							"size": [0.18, 0.96, 0.576],
							"pivot": [-7.026, 11.02096, -12.75333],
							"rotation": [45, 0, 0],
							"uv": {
								"north": {"uv": [17, 64], "uv_size": [-5, -64]},
								"east": {"uv": [0, 64], "uv_size": [8, -64]},
								"south": {"uv": [17, 64], "uv_size": [-1, -64]},
								"west": {"uv": [8, 64], "uv_size": [-8, -64]},
								"up": {"uv": [12, 0], "uv_size": [5, 64]},
								"down": {"uv": [12, 0], "uv_size": [5, 64]}
							}
						}
					],
					"locators": {
						"effect1": [-7.5, 1, -18],
						"effect2": [-7.5, 6, -18],
						"effect3": [-7.5, 11, -18],
						"effect4": [-7.5, 16, -18],
						"effect5": [-7.5, 21, -18]
					}
				},
				{
					"name": "Ba",
					"parent": "NichirinR",
					"pivot": [-6.7, 12, -18],
					"cubes": [
						{
							"origin": [-8.02, -9.59218, -17.79929],
							"size": [1, 0.2, 0.545],
							"pivot": [-7.52, -8.31968, -18.74929],
							"rotation": [90, 0, 0],
							"uv": {
								"north": {"uv": [22, 36], "uv_size": [14, 14]},
								"east": {"uv": [22, 36], "uv_size": [14, 14]},
								"south": {"uv": [22, 36], "uv_size": [14, 14]},
								"west": {"uv": [22, 36], "uv_size": [14, 14]},
								"up": {"uv": [36, 50], "uv_size": [-14, -14]},
								"down": {"uv": [36, 50], "uv_size": [-14, -14]}
							}
						},
						{
							"origin": [-8.02, -10.43742, -17.79929],
							"size": [1, 0.2, 0.545],
							"pivot": [-7.52, -9.16492, -18.74929],
							"rotation": [90, 0, 0],
							"uv": {
								"north": {"uv": [22, 36], "uv_size": [14, 14]},
								"east": {"uv": [22, 36], "uv_size": [14, 14]},
								"south": {"uv": [22, 36], "uv_size": [14, 14]},
								"west": {"uv": [22, 36], "uv_size": [14, 14]},
								"up": {"uv": [36, 50], "uv_size": [-14, -14]},
								"down": {"uv": [36, 50], "uv_size": [-14, -14]}
							}
						},
						{
							"origin": [-7.22, -7.87749, -18],
							"size": [0.2, 0.545, 1],
							"pivot": [-7.52, -8.60499, -18.48369],
							"rotation": [25, 0, 0],
							"uv": {
								"north": {"uv": [22, 36], "uv_size": [14, 14]},
								"east": {"uv": [22, 36], "uv_size": [14, 14]},
								"south": {"uv": [22, 36], "uv_size": [14, 14]},
								"west": {"uv": [22, 36], "uv_size": [14, 14]},
								"up": {"uv": [36, 50], "uv_size": [-14, -14]},
								"down": {"uv": [36, 50], "uv_size": [-14, -14]}
							}
						},
						{
							"origin": [-8.02, -7.4698, -15.7056],
							"size": [1, 0.2, 1],
							"pivot": [-7.52, -9.1973, -16.6556],
							"rotation": [90, 0, 0],
							"uv": {
								"north": {"uv": [22, 36], "uv_size": [14, 14]},
								"east": {"uv": [22, 36], "uv_size": [14, 14]},
								"south": {"uv": [22, 36], "uv_size": [14, 14]},
								"west": {"uv": [22, 36], "uv_size": [14, 14]},
								"up": {"uv": [36, 50], "uv_size": [-14, -14]},
								"down": {"uv": [36, 50], "uv_size": [-14, -14]}
							}
						},
						{
							"origin": [-8.02, -8.71658, -18.56631],
							"size": [1, 0.545, 1],
							"pivot": [-7.52, -8.44408, -17.51631],
							"rotation": [-25, 0, 0],
							"uv": {
								"north": {"uv": [22, 36], "uv_size": [14, 14]},
								"east": {"uv": [22, 36], "uv_size": [14, 14]},
								"south": {"uv": [22, 36], "uv_size": [14, 14]},
								"west": {"uv": [22, 36], "uv_size": [14, 14]},
								"up": {"uv": [36, 50], "uv_size": [-14, -14]},
								"down": {"uv": [36, 50], "uv_size": [-14, -14]}
							}
						},
						{
							"origin": [-8.02, -7.41634, -18.56631],
							"size": [0.2, 0.545, 1],
							"pivot": [-7.32, -7.14384, -17.51631],
							"rotation": [-25, 0, 0],
							"uv": {
								"north": {"uv": [22, 36], "uv_size": [14, 14]},
								"east": {"uv": [22, 36], "uv_size": [14, 14]},
								"south": {"uv": [22, 36], "uv_size": [14, 14]},
								"west": {"uv": [22, 36], "uv_size": [14, 14]},
								"up": {"uv": [36, 50], "uv_size": [-14, -14]},
								"down": {"uv": [36, 50], "uv_size": [-14, -14]}
							}
						},
						{
							"origin": [-8.02, -8.21052, -18.59664],
							"size": [0.2, 0.545, 1],
							"pivot": [-7.32, -7.93802, -17.54664],
							"rotation": [-25, 0, 0],
							"uv": {
								"north": {"uv": [22, 36], "uv_size": [14, 14]},
								"east": {"uv": [22, 36], "uv_size": [14, 14]},
								"south": {"uv": [22, 36], "uv_size": [14, 14]},
								"west": {"uv": [22, 36], "uv_size": [14, 14]},
								"up": {"uv": [36, 50], "uv_size": [-14, -14]},
								"down": {"uv": [36, 50], "uv_size": [-14, -14]}
							}
						}
					]
				},
				{
					"name": "Ba4",
					"parent": "NichirinR",
					"pivot": [-7.52, -7.45009, -20.02085],
					"cubes": [
						{
							"origin": [-8.02, -8.74594, -17.79929],
							"size": [1, 0.2, 0.545],
							"pivot": [-7.52, -7.47344, -18.74929],
							"rotation": [90, 0, 0],
							"uv": {
								"north": {"uv": [22, 36], "uv_size": [14, 14]},
								"east": {"uv": [22, 36], "uv_size": [14, 14]},
								"south": {"uv": [22, 36], "uv_size": [14, 14]},
								"west": {"uv": [22, 36], "uv_size": [14, 14]},
								"up": {"uv": [36, 50], "uv_size": [-14, -14]},
								"down": {"uv": [36, 50], "uv_size": [-14, -14]}
							}
						},
						{
							"origin": [-7.22, -7.03125, -18],
							"size": [0.2, 0.545, 1],
							"pivot": [-7.52, -7.75875, -18.48369],
							"rotation": [25, 0, 0],
							"uv": {
								"north": {"uv": [22, 36], "uv_size": [14, 14]},
								"east": {"uv": [22, 36], "uv_size": [14, 14]},
								"south": {"uv": [22, 36], "uv_size": [14, 14]},
								"west": {"uv": [22, 36], "uv_size": [14, 14]},
								"up": {"uv": [36, 50], "uv_size": [-14, -14]},
								"down": {"uv": [36, 50], "uv_size": [-14, -14]}
							}
						},
						{
							"origin": [-8.02, -6.16956, -15.7056],
							"size": [1, 0.2, 0.546],
							"pivot": [-7.52, -7.89706, -16.6556],
							"rotation": [90, 0, 0],
							"uv": {
								"north": {"uv": [22, 36], "uv_size": [14, 14]},
								"east": {"uv": [22, 36], "uv_size": [14, 14]},
								"south": {"uv": [22, 36], "uv_size": [14, 14]},
								"west": {"uv": [22, 36], "uv_size": [14, 14]},
								"up": {"uv": [36, 50], "uv_size": [-14, -14]},
								"down": {"uv": [36, 50], "uv_size": [-14, -14]}
							}
						},
						{
							"origin": [-8.02, -6.5701, -18.56631],
							"size": [0.2, 0.545, 1],
							"pivot": [-7.32, -6.2976, -17.51631],
							"rotation": [-25, 0, 0],
							"uv": {
								"north": {"uv": [22, 36], "uv_size": [14, 14]},
								"east": {"uv": [22, 36], "uv_size": [14, 14]},
								"south": {"uv": [22, 36], "uv_size": [14, 14]},
								"west": {"uv": [22, 36], "uv_size": [14, 14]},
								"up": {"uv": [36, 50], "uv_size": [-14, -14]},
								"down": {"uv": [36, 50], "uv_size": [-14, -14]}
							}
						}
					]
				},
				{
					"name": "Ba2",
					"parent": "NichirinR",
					"pivot": [-7.52, -6.45009, -20.02085],
					"cubes": [
						{
							"origin": [-8.02, -7.89971, -17.79929],
							"size": [1, 0.2, 0.545],
							"pivot": [-7.52, -6.62721, -18.74929],
							"rotation": [90, 0, 0],
							"uv": {
								"north": {"uv": [22, 36], "uv_size": [14, 14]},
								"east": {"uv": [22, 36], "uv_size": [14, 14]},
								"south": {"uv": [22, 36], "uv_size": [14, 14]},
								"west": {"uv": [22, 36], "uv_size": [14, 14]},
								"up": {"uv": [36, 50], "uv_size": [-14, -14]},
								"down": {"uv": [36, 50], "uv_size": [-14, -14]}
							}
						},
						{
							"origin": [-7.22, -6.18502, -18],
							"size": [0.2, 0.545, 1],
							"pivot": [-7.52, -6.91252, -18.48369],
							"rotation": [25, 0, 0],
							"uv": {
								"north": {"uv": [22, 36], "uv_size": [14, 14]},
								"east": {"uv": [22, 36], "uv_size": [14, 14]},
								"south": {"uv": [22, 36], "uv_size": [14, 14]},
								"west": {"uv": [22, 36], "uv_size": [14, 14]},
								"up": {"uv": [36, 50], "uv_size": [-14, -14]},
								"down": {"uv": [36, 50], "uv_size": [-14, -14]}
							}
						},
						{
							"origin": [-8.02, -5.32332, -15.7056],
							"size": [1, 0.2, 0.546],
							"pivot": [-7.52, -7.05082, -16.6556],
							"rotation": [90, 0, 0],
							"uv": {
								"north": {"uv": [22, 36], "uv_size": [14, 14]},
								"east": {"uv": [22, 36], "uv_size": [14, 14]},
								"south": {"uv": [22, 36], "uv_size": [14, 14]},
								"west": {"uv": [22, 36], "uv_size": [14, 14]},
								"up": {"uv": [36, 50], "uv_size": [-14, -14]},
								"down": {"uv": [36, 50], "uv_size": [-14, -14]}
							}
						},
						{
							"origin": [-8.02, -5.72387, -18.56631],
							"size": [0.2, 0.545, 1],
							"pivot": [-7.32, -5.45137, -17.51631],
							"rotation": [-25, 0, 0],
							"uv": {
								"north": {"uv": [22, 36], "uv_size": [14, 14]},
								"east": {"uv": [22, 36], "uv_size": [14, 14]},
								"south": {"uv": [22, 36], "uv_size": [14, 14]},
								"west": {"uv": [22, 36], "uv_size": [14, 14]},
								"up": {"uv": [36, 50], "uv_size": [-14, -14]},
								"down": {"uv": [36, 50], "uv_size": [-14, -14]}
							}
						}
					]
				},
				{
					"name": "Ba3",
					"parent": "NichirinR",
					"pivot": [-7.52, -5.45009, -20.02085],
					"cubes": [
						{
							"origin": [-8.02, -7.05347, -17.79929],
							"size": [1, 0.2, 0.545],
							"pivot": [-7.52, -5.78097, -18.74929],
							"rotation": [90, 0, 0],
							"uv": {
								"north": {"uv": [22, 36], "uv_size": [14, 14]},
								"east": {"uv": [22, 36], "uv_size": [14, 14]},
								"south": {"uv": [22, 36], "uv_size": [14, 14]},
								"west": {"uv": [22, 36], "uv_size": [14, 14]},
								"up": {"uv": [36, 50], "uv_size": [-14, -14]},
								"down": {"uv": [36, 50], "uv_size": [-14, -14]}
							}
						},
						{
							"origin": [-7.22, -5.33878, -18],
							"size": [0.2, 0.545, 1],
							"pivot": [-7.52, -6.06628, -18.48369],
							"rotation": [25, 0, 0],
							"uv": {
								"north": {"uv": [22, 36], "uv_size": [14, 14]},
								"east": {"uv": [22, 36], "uv_size": [14, 14]},
								"south": {"uv": [22, 36], "uv_size": [14, 14]},
								"west": {"uv": [22, 36], "uv_size": [14, 14]},
								"up": {"uv": [36, 50], "uv_size": [-14, -14]},
								"down": {"uv": [36, 50], "uv_size": [-14, -14]}
							}
						},
						{
							"origin": [-8.02, -4.47709, -15.7056],
							"size": [1, 0.2, 0.546],
							"pivot": [-7.52, -6.20459, -16.6556],
							"rotation": [90, 0, 0],
							"uv": {
								"north": {"uv": [22, 36], "uv_size": [14, 14]},
								"east": {"uv": [22, 36], "uv_size": [14, 14]},
								"south": {"uv": [22, 36], "uv_size": [14, 14]},
								"west": {"uv": [22, 36], "uv_size": [14, 14]},
								"up": {"uv": [36, 50], "uv_size": [-14, -14]},
								"down": {"uv": [36, 50], "uv_size": [-14, -14]}
							}
						},
						{
							"origin": [-8.02, -4.87763, -18.56631],
							"size": [0.2, 0.545, 1],
							"pivot": [-7.32, -4.60513, -17.51631],
							"rotation": [-25, 0, 0],
							"uv": {
								"north": {"uv": [22, 36], "uv_size": [14, 14]},
								"east": {"uv": [22, 36], "uv_size": [14, 14]},
								"south": {"uv": [22, 36], "uv_size": [14, 14]},
								"west": {"uv": [22, 36], "uv_size": [14, 14]},
								"up": {"uv": [36, 50], "uv_size": [-14, -14]},
								"down": {"uv": [36, 50], "uv_size": [-14, -14]}
							}
						}
					]
				},
				{
					"name": "Ba5",
					"parent": "NichirinR",
					"pivot": [-7.52, -4.45009, -20.02085],
					"cubes": [
						{
							"origin": [-8.02, -6.20723, -17.79929],
							"size": [1, 0.2, 0.545],
							"pivot": [-7.52, -4.93473, -18.74929],
							"rotation": [90, 0, 0],
							"uv": {
								"north": {"uv": [22, 36], "uv_size": [14, 14]},
								"east": {"uv": [22, 36], "uv_size": [14, 14]},
								"south": {"uv": [22, 36], "uv_size": [14, 14]},
								"west": {"uv": [22, 36], "uv_size": [14, 14]},
								"up": {"uv": [36, 50], "uv_size": [-14, -14]},
								"down": {"uv": [36, 50], "uv_size": [-14, -14]}
							}
						},
						{
							"origin": [-7.22, -4.49254, -18],
							"size": [0.2, 0.545, 1],
							"pivot": [-7.52, -5.22004, -18.48369],
							"rotation": [25, 0, 0],
							"uv": {
								"north": {"uv": [22, 36], "uv_size": [14, 14]},
								"east": {"uv": [22, 36], "uv_size": [14, 14]},
								"south": {"uv": [22, 36], "uv_size": [14, 14]},
								"west": {"uv": [22, 36], "uv_size": [14, 14]},
								"up": {"uv": [36, 50], "uv_size": [-14, -14]},
								"down": {"uv": [36, 50], "uv_size": [-14, -14]}
							}
						},
						{
							"origin": [-8.02, -3.63085, -15.7056],
							"size": [1, 0.2, 0.546],
							"pivot": [-7.52, -5.35835, -16.6556],
							"rotation": [90, 0, 0],
							"uv": {
								"north": {"uv": [22, 36], "uv_size": [14, 14]},
								"east": {"uv": [22, 36], "uv_size": [14, 14]},
								"south": {"uv": [22, 36], "uv_size": [14, 14]},
								"west": {"uv": [22, 36], "uv_size": [14, 14]},
								"up": {"uv": [36, 50], "uv_size": [-14, -14]},
								"down": {"uv": [36, 50], "uv_size": [-14, -14]}
							}
						},
						{
							"origin": [-8.02, -4.03139, -18.56631],
							"size": [0.2, 0.545, 1],
							"pivot": [-7.32, -3.75889, -17.51631],
							"rotation": [-25, 0, 0],
							"uv": {
								"north": {"uv": [22, 36], "uv_size": [14, 14]},
								"east": {"uv": [22, 36], "uv_size": [14, 14]},
								"south": {"uv": [22, 36], "uv_size": [14, 14]},
								"west": {"uv": [22, 36], "uv_size": [14, 14]},
								"up": {"uv": [36, 50], "uv_size": [-14, -14]},
								"down": {"uv": [36, 50], "uv_size": [-14, -14]}
							}
						}
					]
				},
				{
					"name": "Ba6",
					"parent": "NichirinR",
					"pivot": [-7.52, -3.45009, -20.02085],
					"cubes": [
						{
							"origin": [-8.02, -5.361, -17.79929],
							"size": [1, 0.2, 0.545],
							"pivot": [-7.52, -4.0885, -18.74929],
							"rotation": [90, 0, 0],
							"uv": {
								"north": {"uv": [22, 36], "uv_size": [14, 14]},
								"east": {"uv": [22, 36], "uv_size": [14, 14]},
								"south": {"uv": [22, 36], "uv_size": [14, 14]},
								"west": {"uv": [22, 36], "uv_size": [14, 14]},
								"up": {"uv": [36, 50], "uv_size": [-14, -14]},
								"down": {"uv": [36, 50], "uv_size": [-14, -14]}
							}
						},
						{
							"origin": [-7.22, -3.64631, -18],
							"size": [0.2, 0.545, 1],
							"pivot": [-7.52, -4.37381, -18.48369],
							"rotation": [25, 0, 0],
							"uv": {
								"north": {"uv": [22, 36], "uv_size": [14, 14]},
								"east": {"uv": [22, 36], "uv_size": [14, 14]},
								"south": {"uv": [22, 36], "uv_size": [14, 14]},
								"west": {"uv": [22, 36], "uv_size": [14, 14]},
								"up": {"uv": [36, 50], "uv_size": [-14, -14]},
								"down": {"uv": [36, 50], "uv_size": [-14, -14]}
							}
						},
						{
							"origin": [-8.02, -2.78461, -15.7056],
							"size": [1, 0.2, 0.546],
							"pivot": [-7.52, -4.51211, -16.6556],
							"rotation": [90, 0, 0],
							"uv": {
								"north": {"uv": [22, 36], "uv_size": [14, 14]},
								"east": {"uv": [22, 36], "uv_size": [14, 14]},
								"south": {"uv": [22, 36], "uv_size": [14, 14]},
								"west": {"uv": [22, 36], "uv_size": [14, 14]},
								"up": {"uv": [36, 50], "uv_size": [-14, -14]},
								"down": {"uv": [36, 50], "uv_size": [-14, -14]}
							}
						},
						{
							"origin": [-8.02, -3.18516, -18.56631],
							"size": [0.2, 0.545, 1],
							"pivot": [-7.32, -2.91266, -17.51631],
							"rotation": [-25, 0, 0],
							"uv": {
								"north": {"uv": [22, 36], "uv_size": [14, 14]},
								"east": {"uv": [22, 36], "uv_size": [14, 14]},
								"south": {"uv": [22, 36], "uv_size": [14, 14]},
								"west": {"uv": [22, 36], "uv_size": [14, 14]},
								"up": {"uv": [36, 50], "uv_size": [-14, -14]},
								"down": {"uv": [36, 50], "uv_size": [-14, -14]}
							}
						}
					]
				},
				{
					"name": "Ba7",
					"parent": "NichirinR",
					"pivot": [-7.52, -2.45009, -20.02085],
					"cubes": [
						{
							"origin": [-8.02, -4.51476, -17.79929],
							"size": [1, 0.2, 0.545],
							"pivot": [-7.52, -3.24226, -18.74929],
							"rotation": [90, 0, 0],
							"uv": {
								"north": {"uv": [22, 36], "uv_size": [14, 14]},
								"east": {"uv": [22, 36], "uv_size": [14, 14]},
								"south": {"uv": [22, 36], "uv_size": [14, 14]},
								"west": {"uv": [22, 36], "uv_size": [14, 14]},
								"up": {"uv": [36, 50], "uv_size": [-14, -14]},
								"down": {"uv": [36, 50], "uv_size": [-14, -14]}
							}
						},
						{
							"origin": [-7.22, -2.80007, -18],
							"size": [0.2, 0.545, 1],
							"pivot": [-7.52, -3.52757, -18.48369],
							"rotation": [25, 0, 0],
							"uv": {
								"north": {"uv": [22, 36], "uv_size": [14, 14]},
								"east": {"uv": [22, 36], "uv_size": [14, 14]},
								"south": {"uv": [22, 36], "uv_size": [14, 14]},
								"west": {"uv": [22, 36], "uv_size": [14, 14]},
								"up": {"uv": [36, 50], "uv_size": [-14, -14]},
								"down": {"uv": [36, 50], "uv_size": [-14, -14]}
							}
						},
						{
							"origin": [-8.02, -1.93838, -15.7056],
							"size": [1, 0.2, 0.546],
							"pivot": [-7.52, -3.66588, -16.6556],
							"rotation": [90, 0, 0],
							"uv": {
								"north": {"uv": [22, 36], "uv_size": [14, 14]},
								"east": {"uv": [22, 36], "uv_size": [14, 14]},
								"south": {"uv": [22, 36], "uv_size": [14, 14]},
								"west": {"uv": [22, 36], "uv_size": [14, 14]},
								"up": {"uv": [36, 50], "uv_size": [-14, -14]},
								"down": {"uv": [36, 50], "uv_size": [-14, -14]}
							}
						},
						{
							"origin": [-8.02, -2.33892, -18.56631],
							"size": [0.2, 0.545, 1],
							"pivot": [-7.32, -2.06642, -17.51631],
							"rotation": [-25, 0, 0],
							"uv": {
								"north": {"uv": [22, 36], "uv_size": [14, 14]},
								"east": {"uv": [22, 36], "uv_size": [14, 14]},
								"south": {"uv": [22, 36], "uv_size": [14, 14]},
								"west": {"uv": [22, 36], "uv_size": [14, 14]},
								"up": {"uv": [36, 50], "uv_size": [-14, -14]},
								"down": {"uv": [36, 50], "uv_size": [-14, -14]}
							}
						}
					]
				},
				{
					"name": "Ba8",
					"parent": "NichirinR",
					"pivot": [-7.52, -1.45009, -20.02085],
					"cubes": [
						{
							"origin": [-8.02, -3.66852, -17.79929],
							"size": [1, 0.2, 0.545],
							"pivot": [-7.52, -2.39602, -18.74929],
							"rotation": [90, 0, 0],
							"uv": {
								"north": {"uv": [22, 36], "uv_size": [14, 14]},
								"east": {"uv": [22, 36], "uv_size": [14, 14]},
								"south": {"uv": [22, 36], "uv_size": [14, 14]},
								"west": {"uv": [22, 36], "uv_size": [14, 14]},
								"up": {"uv": [36, 50], "uv_size": [-14, -14]},
								"down": {"uv": [36, 50], "uv_size": [-14, -14]}
							}
						},
						{
							"origin": [-7.22, -1.95383, -18],
							"size": [0.2, 0.545, 1],
							"pivot": [-7.52, -2.68133, -18.48369],
							"rotation": [25, 0, 0],
							"uv": {
								"north": {"uv": [22, 36], "uv_size": [14, 14]},
								"east": {"uv": [22, 36], "uv_size": [14, 14]},
								"south": {"uv": [22, 36], "uv_size": [14, 14]},
								"west": {"uv": [22, 36], "uv_size": [14, 14]},
								"up": {"uv": [36, 50], "uv_size": [-14, -14]},
								"down": {"uv": [36, 50], "uv_size": [-14, -14]}
							}
						},
						{
							"origin": [-8.02, -0.24591, -15.7056],
							"size": [1, 0.2, 0.546],
							"pivot": [-7.52, -1.97341, -16.6556],
							"rotation": [90, 0, 0],
							"uv": {
								"north": {"uv": [22, 36], "uv_size": [14, 14]},
								"east": {"uv": [22, 36], "uv_size": [14, 14]},
								"south": {"uv": [22, 36], "uv_size": [14, 14]},
								"west": {"uv": [22, 36], "uv_size": [14, 14]},
								"up": {"uv": [36, 50], "uv_size": [-14, -14]},
								"down": {"uv": [36, 50], "uv_size": [-14, -14]}
							}
						},
						{
							"origin": [-8.02, -1.09214, -15.7056],
							"size": [1, 0.2, 0.546],
							"pivot": [-7.52, -2.81964, -16.6556],
							"rotation": [90, 0, 0],
							"uv": {
								"north": {"uv": [22, 36], "uv_size": [14, 14]},
								"east": {"uv": [22, 36], "uv_size": [14, 14]},
								"south": {"uv": [22, 36], "uv_size": [14, 14]},
								"west": {"uv": [22, 36], "uv_size": [14, 14]},
								"up": {"uv": [36, 50], "uv_size": [-14, -14]},
								"down": {"uv": [36, 50], "uv_size": [-14, -14]}
							}
						},
						{
							"origin": [-8.02, -1.49269, -18.56631],
							"size": [0.2, 0.545, 1],
							"pivot": [-7.32, -1.22019, -17.51631],
							"rotation": [-25, 0, 0],
							"uv": {
								"north": {"uv": [22, 36], "uv_size": [14, 14]},
								"east": {"uv": [22, 36], "uv_size": [14, 14]},
								"south": {"uv": [22, 36], "uv_size": [14, 14]},
								"west": {"uv": [22, 36], "uv_size": [14, 14]},
								"up": {"uv": [36, 50], "uv_size": [-14, -14]},
								"down": {"uv": [36, 50], "uv_size": [-14, -14]}
							}
						}
					]
				},
				{
					"name": "hexadecagon",
					"parent": "rightArm",
					"pivot": [-1, -3, -8],
					"cubes": [
						{
							"origin": [-6.39782, 11, -5],
							"size": [0.79565, 0.25, 0.35],
							"uv": {
								"north": {"uv": [51, 36], "uv_size": [12, 14]},
								"east": {"uv": [51, 36], "uv_size": [12, 14]},
								"south": {"uv": [51, 36], "uv_size": [12, 14]},
								"west": {"uv": [51, 36], "uv_size": [12, 14]},
								"up": {"uv": [63, 50], "uv_size": [-12, -14]},
								"down": {"uv": [63, 36], "uv_size": [-12, 14]}
							}
						},
						{
							"origin": [-6.39782, 11, -5],
							"size": [0.79565, 0.25, 0.35],
							"pivot": [-6, 13, -5.5],
							"rotation": [0, 0, 22.5],
							"uv": {
								"north": {"uv": [51, 36], "uv_size": [12, 14]},
								"east": {"uv": [51, 36], "uv_size": [12, 14]},
								"south": {"uv": [51, 36], "uv_size": [12, 14]},
								"west": {"uv": [51, 36], "uv_size": [12, 14]},
								"up": {"uv": [63, 50], "uv_size": [-12, -14]},
								"down": {"uv": [63, 36], "uv_size": [-12, 14]}
							}
						},
						{
							"origin": [-6.39782, 11, -5],
							"size": [0.79565, 0.25, 0.35],
							"pivot": [-6, 13, -5.5],
							"rotation": [0, 0, 45],
							"uv": {
								"north": {"uv": [51, 36], "uv_size": [12, 14]},
								"east": {"uv": [51, 36], "uv_size": [12, 14]},
								"south": {"uv": [51, 36], "uv_size": [12, 14]},
								"west": {"uv": [51, 36], "uv_size": [12, 14]},
								"up": {"uv": [63, 50], "uv_size": [-12, -14]},
								"down": {"uv": [51, 36], "uv_size": [12, 14]}
							}
						},
						{
							"origin": [-6.39782, 14.75, -5],
							"size": [0.79565, 0.25, 0.35],
							"pivot": [-6, 13, -5.5],
							"rotation": [0, 0, -45],
							"uv": {
								"north": {"uv": [51, 36], "uv_size": [12, 14]},
								"east": {"uv": [51, 36], "uv_size": [12, 14]},
								"south": {"uv": [51, 36], "uv_size": [12, 14]},
								"west": {"uv": [51, 36], "uv_size": [12, 14]},
								"up": {"uv": [63, 50], "uv_size": [-12, -14]},
								"down": {"uv": [63, 50], "uv_size": [-12, -14]}
							}
						},
						{
							"origin": [-6.39782, 14.75, -5],
							"size": [0.79565, 0.25, 0.35],
							"pivot": [-6, 13, -5.5],
							"rotation": [0, 0, -22.5],
							"uv": {
								"north": {"uv": [51, 36], "uv_size": [12, 14]},
								"east": {"uv": [51, 36], "uv_size": [12, 14]},
								"south": {"uv": [51, 36], "uv_size": [12, 14]},
								"west": {"uv": [51, 36], "uv_size": [12, 14]},
								"up": {"uv": [63, 50], "uv_size": [-12, -14]},
								"down": {"uv": [63, 50], "uv_size": [-12, -14]}
							}
						},
						{
							"origin": [-6.39782, 14.75, -5],
							"size": [0.79565, 0.25, 0.35],
							"uv": {
								"north": {"uv": [51, 36], "uv_size": [12, 14]},
								"east": {"uv": [51, 36], "uv_size": [12, 14]},
								"south": {"uv": [51, 36], "uv_size": [12, 14]},
								"west": {"uv": [51, 36], "uv_size": [12, 14]},
								"up": {"uv": [63, 50], "uv_size": [-12, -14]},
								"down": {"uv": [63, 50], "uv_size": [-12, -14]}
							}
						},
						{
							"origin": [-7.65642, 11.7603, -4.54782],
							"size": [0.25, 0.35, 0.8],
							"inflate": -0.003,
							"pivot": [-5.65642, 12.15813, -5.04782],
							"rotation": [90, 0, -22.5],
							"uv": {
								"north": {"uv": [51, 36], "uv_size": [12, 14]},
								"east": {"uv": [51, 36], "uv_size": [12, 14]},
								"south": {"uv": [51, 36], "uv_size": [12, 14]},
								"west": {"uv": [51, 36], "uv_size": [12, 14]},
								"up": {"uv": [51, 50], "uv_size": [12, -14]},
								"down": {"uv": [63, 50], "uv_size": [-12, -14]}
							}
						},
						{
							"origin": [-8.00166, 11.69598, -4.54782],
							"size": [0.25, 0.35, 0.8],
							"inflate": -0.002,
							"pivot": [-6.00166, 12.09381, -5.04782],
							"rotation": [90, 0, 0],
							"uv": {
								"north": {"uv": [51, 36], "uv_size": [12, 14]},
								"east": {"uv": [51, 36], "uv_size": [12, 14]},
								"south": {"uv": [51, 36], "uv_size": [12, 14]},
								"west": {"uv": [51, 36], "uv_size": [12, 14]},
								"up": {"uv": [63, 50], "uv_size": [-12, -14]},
								"down": {"uv": [63, 50], "uv_size": [-12, -14]}
							}
						},
						{
							"origin": [-8.34525, 11.76867, -4.54782],
							"size": [0.25, 0.35, 0.8],
							"inflate": -0.001,
							"pivot": [-6.34525, 12.1665, -5.04782],
							"rotation": [90, 0, 22.5],
							"uv": {
								"north": {"uv": [51, 36], "uv_size": [12, 14]},
								"east": {"uv": [51, 36], "uv_size": [12, 14]},
								"south": {"uv": [51, 36], "uv_size": [12, 14]},
								"west": {"uv": [51, 36], "uv_size": [12, 14]},
								"up": {"uv": [63, 50], "uv_size": [-12, -14]},
								"down": {"uv": [63, 50], "uv_size": [-12, -14]}
							}
						}
					]
				},
				{
					"name": "hexadecagon2",
					"parent": "rightArm",
					"pivot": [-11, -3, -8],
					"cubes": [
						{
							"origin": [-6.39782, 11, -5],
							"size": [0.79565, 0.25, 0.35],
							"uv": {
								"north": {"uv": [63, 36], "uv_size": [-12, 14]},
								"east": {"uv": [63, 36], "uv_size": [-12, 14]},
								"south": {"uv": [63, 36], "uv_size": [-12, 14]},
								"west": {"uv": [63, 36], "uv_size": [-12, 14]},
								"up": {"uv": [51, 50], "uv_size": [12, -14]},
								"down": {"uv": [51, 36], "uv_size": [12, 14]}
							}
						},
						{
							"origin": [-6.39782, 11, -5],
							"size": [0.79565, 0.25, 0.35],
							"pivot": [-6, 13, -5.5],
							"rotation": [0, 0, -22.5],
							"uv": {
								"north": {"uv": [63, 36], "uv_size": [-12, 14]},
								"east": {"uv": [63, 36], "uv_size": [-12, 14]},
								"south": {"uv": [63, 36], "uv_size": [-12, 14]},
								"west": {"uv": [63, 36], "uv_size": [-12, 14]},
								"up": {"uv": [51, 50], "uv_size": [12, -14]},
								"down": {"uv": [51, 36], "uv_size": [12, 14]}
							}
						},
						{
							"origin": [-6.39782, 11, -5],
							"size": [0.79565, 0.25, 0.35],
							"pivot": [-6, 13, -5.5],
							"rotation": [0, 0, -45],
							"uv": {
								"north": {"uv": [63, 36], "uv_size": [-12, 14]},
								"east": {"uv": [63, 36], "uv_size": [-12, 14]},
								"south": {"uv": [63, 36], "uv_size": [-12, 14]},
								"west": {"uv": [63, 36], "uv_size": [-12, 14]},
								"up": {"uv": [51, 50], "uv_size": [12, -14]},
								"down": {"uv": [63, 36], "uv_size": [-12, 14]}
							}
						},
						{
							"origin": [-6.39782, 14.75, -5],
							"size": [0.79565, 0.25, 0.35],
							"pivot": [-6, 13, -5.5],
							"rotation": [0, 0, 45],
							"uv": {
								"north": {"uv": [63, 36], "uv_size": [-12, 14]},
								"east": {"uv": [63, 36], "uv_size": [-12, 14]},
								"south": {"uv": [63, 36], "uv_size": [-12, 14]},
								"west": {"uv": [63, 36], "uv_size": [-12, 14]},
								"up": {"uv": [51, 50], "uv_size": [12, -14]},
								"down": {"uv": [51, 50], "uv_size": [12, -14]}
							}
						},
						{
							"origin": [-6.39782, 14.75, -5],
							"size": [0.79565, 0.25, 0.35],
							"pivot": [-6, 13, -5.5],
							"rotation": [0, 0, 22.5],
							"uv": {
								"north": {"uv": [63, 36], "uv_size": [-12, 14]},
								"east": {"uv": [63, 36], "uv_size": [-12, 14]},
								"south": {"uv": [63, 36], "uv_size": [-12, 14]},
								"west": {"uv": [63, 36], "uv_size": [-12, 14]},
								"up": {"uv": [51, 50], "uv_size": [12, -14]},
								"down": {"uv": [51, 50], "uv_size": [12, -14]}
							}
						},
						{
							"origin": [-6.39782, 14.75, -5],
							"size": [0.79565, 0.25, 0.35],
							"uv": {
								"north": {"uv": [63, 36], "uv_size": [-12, 14]},
								"east": {"uv": [63, 36], "uv_size": [-12, 14]},
								"south": {"uv": [63, 36], "uv_size": [-12, 14]},
								"west": {"uv": [63, 36], "uv_size": [-12, 14]},
								"up": {"uv": [51, 50], "uv_size": [12, -14]},
								"down": {"uv": [51, 50], "uv_size": [12, -14]}
							}
						},
						{
							"origin": [-4.59358, 11.7603, -4.54782],
							"size": [0.25, 0.35, 0.8],
							"inflate": -0.003,
							"pivot": [-6.34358, 12.15813, -5.04782],
							"rotation": [90, 0, 22.5],
							"uv": {
								"north": {"uv": [63, 36], "uv_size": [-12, 14]},
								"east": {"uv": [63, 36], "uv_size": [-12, 14]},
								"south": {"uv": [63, 36], "uv_size": [-12, 14]},
								"west": {"uv": [63, 36], "uv_size": [-12, 14]},
								"up": {"uv": [63, 50], "uv_size": [-12, -14]},
								"down": {"uv": [51, 50], "uv_size": [12, -14]}
							}
						},
						{
							"origin": [-4.24834, 11.69598, -4.54782],
							"size": [0.25, 0.35, 0.8],
							"inflate": -0.002,
							"pivot": [-5.99834, 12.09381, -5.04782],
							"rotation": [90, 0, 0],
							"uv": {
								"north": {"uv": [63, 36], "uv_size": [-12, 14]},
								"east": {"uv": [63, 36], "uv_size": [-12, 14]},
								"south": {"uv": [63, 36], "uv_size": [-12, 14]},
								"west": {"uv": [63, 36], "uv_size": [-12, 14]},
								"up": {"uv": [51, 50], "uv_size": [12, -14]},
								"down": {"uv": [51, 50], "uv_size": [12, -14]}
							}
						},
						{
							"origin": [-3.90475, 11.76867, -4.54782],
							"size": [0.25, 0.35, 0.8],
							"inflate": -0.001,
							"pivot": [-5.65475, 12.1665, -5.04782],
							"rotation": [90, 0, -22.5],
							"uv": {
								"north": {"uv": [63, 36], "uv_size": [-12, 14]},
								"east": {"uv": [63, 36], "uv_size": [-12, 14]},
								"south": {"uv": [63, 36], "uv_size": [-12, 14]},
								"west": {"uv": [63, 36], "uv_size": [-12, 14]},
								"up": {"uv": [51, 50], "uv_size": [12, -14]},
								"down": {"uv": [51, 50], "uv_size": [12, -14]}
							}
						}
					]
				}
			]
		}
	]
}
