{
	"format_version": "1.12.0",
	"minecraft:geometry": [
		{
			"description": {
				"identifier": "geometry.nichirin_zenitsu",
				"texture_width": 64,
				"texture_height": 64,
				"visible_bounds_width": 3,
				"visible_bounds_height": 4.5,
				"visible_bounds_offset": [0, 0.75, 0]
			},
			"bones": [
				{
					"name": "root",
					"pivot": [0, 0, 0]
				},
				{
					"name": "waist",
					"parent": "root",
					"pivot": [0, 12, 0]
				},
				{
					"name": "body",
					"parent": "waist",
					"pivot": [0, 24, 0]
				},
				{
					"name": "rightArm",
					"parent": "body",
					"pivot": [-5, 22, 0]
				},
				{
					"name": "NichirinR",
					"parent": "rightArm",
					"pivot": [-6.7, 13, -18],
					"rotation": [90, 0, 180]
				},
				{
					"name": "B1",
					"parent": "NichirinR",
					"pivot": [-7, 13, -18],
					"cubes": [
						{
							"origin": [-8, -9, -19.1],
							"size": [1, 1.2, 2.2],
							"inflate": 0.01,
							"uv": {
								"north": {"uv": [38, 49], "uv_size": [11, -7]},
								"east": {"uv": [36, 36], "uv_size": [14, 14]},
								"south": {"uv": [36, 42], "uv_size": [9, 8]},
								"west": {"uv": [36, 36], "uv_size": [14, 14]},
								"up": {"uv": [50, 50], "uv_size": [-14, -14]},
								"down": {"uv": [50, 50], "uv_size": [-14, -14]}
							}
						},
						{
							"origin": [-8, -7.1, -19.1],
							"size": [1, 0.3, 2.2],
							"inflate": 0.01,
							"uv": {
								"north": {"uv": [51, 51], "uv_size": [12, 12]},
								"east": {"uv": [51, 51], "uv_size": [12, 12]},
								"south": {"uv": [51, 51], "uv_size": [12, 12]},
								"west": {"uv": [51, 51], "uv_size": [12, 12]},
								"up": {"uv": [63, 63], "uv_size": [-12, -12]},
								"down": {"uv": [63, 63], "uv_size": [-12, -12]}
							}
						},
						{
							"origin": [-8, -6.1, -19.1],
							"size": [1, 0.3, 2.2],
							"inflate": 0.01,
							"uv": {
								"north": {"uv": [51, 51], "uv_size": [12, 12]},
								"east": {"uv": [51, 51], "uv_size": [12, 12]},
								"south": {"uv": [51, 51], "uv_size": [12, 12]},
								"west": {"uv": [51, 51], "uv_size": [12, 12]},
								"up": {"uv": [63, 63], "uv_size": [-12, -12]},
								"down": {"uv": [63, 63], "uv_size": [-12, -12]}
							}
						},
						{
							"origin": [-8, -5.1, -19.1],
							"size": [1, 0.3, 2.2],
							"inflate": 0.01,
							"uv": {
								"north": {"uv": [51, 51], "uv_size": [12, 12]},
								"east": {"uv": [51, 51], "uv_size": [12, 12]},
								"south": {"uv": [51, 51], "uv_size": [12, 12]},
								"west": {"uv": [51, 51], "uv_size": [12, 12]},
								"up": {"uv": [63, 63], "uv_size": [-12, -12]},
								"down": {"uv": [63, 63], "uv_size": [-12, -12]}
							}
						},
						{
							"origin": [-8, -4.1, -19.1],
							"size": [1, 0.3, 2.2],
							"inflate": 0.01,
							"uv": {
								"north": {"uv": [51, 51], "uv_size": [12, 12]},
								"east": {"uv": [51, 51], "uv_size": [12, 12]},
								"south": {"uv": [51, 51], "uv_size": [12, 12]},
								"west": {"uv": [51, 51], "uv_size": [12, 12]},
								"up": {"uv": [63, 63], "uv_size": [-12, -12]},
								"down": {"uv": [63, 63], "uv_size": [-12, -12]}
							}
						},
						{
							"origin": [-8, -3.1, -19.1],
							"size": [1, 0.3, 2.2],
							"inflate": 0.01,
							"uv": {
								"north": {"uv": [51, 51], "uv_size": [12, 12]},
								"east": {"uv": [51, 51], "uv_size": [12, 12]},
								"south": {"uv": [51, 51], "uv_size": [12, 12]},
								"west": {"uv": [51, 51], "uv_size": [12, 12]},
								"up": {"uv": [63, 63], "uv_size": [-12, -12]},
								"down": {"uv": [63, 63], "uv_size": [-12, -12]}
							}
						},
						{
							"origin": [-8, -2.1, -19.1],
							"size": [1, 0.3, 2.2],
							"inflate": 0.01,
							"uv": {
								"north": {"uv": [51, 51], "uv_size": [12, 12]},
								"east": {"uv": [51, 51], "uv_size": [12, 12]},
								"south": {"uv": [51, 51], "uv_size": [12, 12]},
								"west": {"uv": [51, 51], "uv_size": [12, 12]},
								"up": {"uv": [63, 63], "uv_size": [-12, -12]},
								"down": {"uv": [63, 63], "uv_size": [-12, -12]}
							}
						},
						{
							"origin": [-8, -1.1, -19.1],
							"size": [1, 0.3, 2.2],
							"inflate": 0.01,
							"uv": {
								"north": {"uv": [51, 51], "uv_size": [12, 12]},
								"east": {"uv": [51, 51], "uv_size": [12, 12]},
								"south": {"uv": [51, 51], "uv_size": [12, 12]},
								"west": {"uv": [51, 51], "uv_size": [12, 12]},
								"up": {"uv": [63, 63], "uv_size": [-12, -12]},
								"down": {"uv": [63, 63], "uv_size": [-12, -12]}
							}
						},
						{
							"origin": [-8, -0.1, -19.1],
							"size": [1, 0.3, 2.2],
							"inflate": 0.05,
							"uv": {
								"north": {"uv": [51, 51], "uv_size": [12, 12]},
								"east": {"uv": [51, 51], "uv_size": [12, 12]},
								"south": {"uv": [51, 51], "uv_size": [12, 12]},
								"west": {"uv": [51, 51], "uv_size": [12, 12]},
								"up": {"uv": [63, 63], "uv_size": [-12, -12]},
								"down": {"uv": [63, 63], "uv_size": [-12, -12]}
							}
						},
						{
							"origin": [-8.25, 0.3, -19.1],
							"size": [1.65, 0.45, 2.4],
							"inflate": 0.051,
							"uv": {
								"north": {"uv": [50, 50], "uv_size": [14, 14]},
								"east": {"uv": [50, 50], "uv_size": [14, 14]},
								"south": {"uv": [50, 50], "uv_size": [14, 14]},
								"west": {"uv": [50, 50], "uv_size": [14, 14]},
								"up": {"uv": [64, 64], "uv_size": [-14, -14]},
								"down": {"uv": [64, 64], "uv_size": [-14, -14]}
							}
						},
						{
							"origin": [-7.9648, -7.93, -18.9984],
							"size": [0.9, 8, 1.9968],
							"uv": {
								"north": {"uv": [22, 50], "uv_size": [14, 14]},
								"east": {"uv": [22, 50], "uv_size": [14, 14]},
								"south": {"uv": [22, 50], "uv_size": [14, 14]},
								"west": {"uv": [22, 50], "uv_size": [14, 14]},
								"up": {"uv": [36, 64], "uv_size": [-14, -14]},
								"down": {"uv": [36, 64], "uv_size": [-14, -14]}
							}
						}
					]
				},
				{
					"name": "BS1",
					"parent": "B1",
					"pivot": [-7, 13, -18],
					"cubes": [
						{
							"origin": [-7.98, -7.8, -19.1],
							"size": [0.96, 2, 0.2],
							"uv": {
								"north": {"uv": [50, 14], "uv_size": [14, 36]},
								"east": {"uv": [50, 14], "uv_size": [14, 36]},
								"south": {"uv": [50, 14], "uv_size": [14, 36]},
								"west": {"uv": [50, 14], "uv_size": [14, 36]},
								"up": {"uv": [64, 50], "uv_size": [-14, -36]},
								"down": {"uv": [64, 50], "uv_size": [-14, -36]}
							}
						},
						{
							"origin": [-7.98, -7.8, -17.1],
							"size": [0.96, 2, 0.2],
							"uv": {
								"north": {"uv": [63, 14], "uv_size": [-12, 36]},
								"east": {"uv": [63, 14], "uv_size": [-12, 36]},
								"south": {"uv": [63, 14], "uv_size": [-12, 36]},
								"west": {"uv": [63, 14], "uv_size": [-12, 36]},
								"up": {"uv": [51, 50], "uv_size": [12, -36]},
								"down": {"uv": [51, 50], "uv_size": [12, -36]}
							}
						},
						{
							"origin": [-7.98, -5.8, -17.1],
							"size": [0.96, 2, 0.2],
							"uv": {
								"north": {"uv": [63, 14], "uv_size": [-12, 36]},
								"east": {"uv": [63, 14], "uv_size": [-12, 36]},
								"south": {"uv": [63, 14], "uv_size": [-12, 36]},
								"west": {"uv": [63, 14], "uv_size": [-12, 36]},
								"up": {"uv": [51, 50], "uv_size": [12, -36]},
								"down": {"uv": [51, 50], "uv_size": [12, -36]}
							}
						},
						{
							"origin": [-7.98, -3.8, -17.1],
							"size": [0.96, 2, 0.2],
							"uv": {
								"north": {"uv": [63, 14], "uv_size": [-12, 36]},
								"east": {"uv": [63, 14], "uv_size": [-12, 36]},
								"south": {"uv": [63, 14], "uv_size": [-12, 36]},
								"west": {"uv": [63, 14], "uv_size": [-12, 36]},
								"up": {"uv": [51, 50], "uv_size": [12, -36]},
								"down": {"uv": [51, 50], "uv_size": [12, -36]}
							}
						},
						{
							"origin": [-7.98, -1.8, -17.1],
							"size": [0.96, 2, 0.2],
							"uv": {
								"north": {"uv": [63, 14], "uv_size": [-12, 36]},
								"east": {"uv": [63, 14], "uv_size": [-12, 36]},
								"south": {"uv": [63, 14], "uv_size": [-12, 36]},
								"west": {"uv": [63, 14], "uv_size": [-12, 36]},
								"up": {"uv": [51, 50], "uv_size": [12, -36]},
								"down": {"uv": [51, 50], "uv_size": [12, -36]}
							}
						},
						{
							"origin": [-7.98, -5.8, -19.1],
							"size": [0.96, 2, 0.2],
							"uv": {
								"north": {"uv": [51, 14], "uv_size": [12, 36]},
								"east": {"uv": [51, 14], "uv_size": [12, 36]},
								"south": {"uv": [51, 14], "uv_size": [12, 36]},
								"west": {"uv": [51, 14], "uv_size": [12, 36]},
								"up": {"uv": [63, 50], "uv_size": [-12, -36]},
								"down": {"uv": [63, 50], "uv_size": [-12, -36]}
							}
						},
						{
							"origin": [-7.98, -3.8, -19.1],
							"size": [0.96, 2, 0.2],
							"uv": {
								"north": {"uv": [51, 14], "uv_size": [12, 36]},
								"east": {"uv": [51, 14], "uv_size": [12, 36]},
								"south": {"uv": [51, 14], "uv_size": [12, 36]},
								"west": {"uv": [51, 14], "uv_size": [12, 36]},
								"up": {"uv": [63, 50], "uv_size": [-12, -36]},
								"down": {"uv": [63, 50], "uv_size": [-12, -36]}
							}
						},
						{
							"origin": [-7.98, -1.8, -19.1],
							"size": [0.96, 2, 0.2],
							"uv": {
								"north": {"uv": [51, 14], "uv_size": [12, 36]},
								"east": {"uv": [51, 14], "uv_size": [12, 36]},
								"south": {"uv": [51, 14], "uv_size": [12, 36]},
								"west": {"uv": [51, 14], "uv_size": [12, 36]},
								"up": {"uv": [63, 50], "uv_size": [-12, -36]},
								"down": {"uv": [63, 50], "uv_size": [-12, -36]}
							}
						}
					]
				},
				{
					"name": "BS2",
					"parent": "B1",
					"pivot": [-7, 13, -18],
					"cubes": [
						{
							"origin": [-7.695, 0, -18.9],
							"size": [0.4, 1.5, 1.8],
							"uv": {
								"north": {"uv": [63, 51], "uv_size": [-12, 12]},
								"east": {"uv": [63, 51], "uv_size": [-12, 12]},
								"south": {"uv": [63, 51], "uv_size": [-12, 12]},
								"west": {"uv": [63, 51], "uv_size": [-12, 12]},
								"up": {"uv": [51, 63], "uv_size": [12, -12]},
								"down": {"uv": [51, 63], "uv_size": [12, -12]}
							}
						},
						{
							"origin": [-7.98, 0.1, -18.9],
							"size": [0.96, 0.36, 1.8],
							"inflate": 0.02,
							"uv": {
								"north": {"uv": [49, 51], "uv_size": [-12, 12]},
								"east": {"uv": [49, 51], "uv_size": [-12, 12]},
								"south": {"uv": [49, 51], "uv_size": [-12, 12]},
								"west": {"uv": [49, 51], "uv_size": [-12, 12]},
								"up": {"uv": [49, 51], "uv_size": [-12, 12]},
								"down": {"uv": [49, 51], "uv_size": [-12, 12]}
							}
						}
					]
				},
				{
					"name": "B2",
					"parent": "B1",
					"pivot": [-7.5, -6.96366, -17.55085]
				},
				{
					"name": "B3",
					"parent": "B2",
					"pivot": [-7.5, -6.77231, -18.01279],
					"rotation": [-135, 0, 0],
					"cubes": [
						{
							"origin": [-7.97, -6.81156, -17.9],
							"size": [0.94, 0.15, 1.35],
							"pivot": [-7.53, -6.73656, -16.70812],
							"rotation": [-5, 0, 0],
							"uv": {
								"north": {"uv": [51, 21], "uv_size": [12, 6]},
								"east": {"uv": [51, 21], "uv_size": [12, 6]},
								"south": {"uv": [51, 21], "uv_size": [12, 6]},
								"west": {"uv": [51, 21], "uv_size": [12, 6]},
								"up": {"uv": [63, 27], "uv_size": [-12, -6]},
								"down": {"uv": [63, 27], "uv_size": [-12, -6]}
							}
						},
						{
							"origin": [-7.97, -6.96133, -17.7],
							"size": [0.94, 0.15, 0.95],
							"pivot": [-7.53, -6.79789, -16.71348],
							"rotation": [-5, 0, 0],
							"uv": {
								"north": {"uv": [51, 21], "uv_size": [12, 6]},
								"east": {"uv": [51, 21], "uv_size": [12, 6]},
								"south": {"uv": [51, 21], "uv_size": [12, 6]},
								"west": {"uv": [51, 21], "uv_size": [12, 6]},
								"up": {"uv": [63, 27], "uv_size": [-12, -6]},
								"down": {"uv": [63, 27], "uv_size": [-12, -6]}
							}
						},
						{
							"origin": [-7.97, -7.11076, -17.5],
							"size": [0.94, 0.15, 0.6],
							"pivot": [-7.53, -6.94732, -16.72656],
							"rotation": [-5, 0, 0],
							"uv": {
								"north": {"uv": [51, 21], "uv_size": [12, 6]},
								"east": {"uv": [51, 21], "uv_size": [12, 6]},
								"south": {"uv": [51, 21], "uv_size": [12, 6]},
								"west": {"uv": [51, 21], "uv_size": [12, 6]},
								"up": {"uv": [63, 27], "uv_size": [-12, -6]},
								"down": {"uv": [63, 27], "uv_size": [-12, -6]}
							}
						},
						{
							"origin": [-7.97, -7.26019, -17.4],
							"size": [0.94, 0.15, 0.4],
							"pivot": [-7.53, -7.09675, -16.73963],
							"rotation": [-5, 0, 0],
							"uv": {
								"north": {"uv": [51, 21], "uv_size": [12, 6]},
								"east": {"uv": [51, 21], "uv_size": [12, 6]},
								"south": {"uv": [51, 21], "uv_size": [12, 6]},
								"west": {"uv": [51, 21], "uv_size": [12, 6]},
								"up": {"uv": [63, 27], "uv_size": [-12, -6]},
								"down": {"uv": [63, 27], "uv_size": [-12, -6]}
							}
						}
					]
				},
				{
					"name": "B4",
					"parent": "B2",
					"pivot": [-7.5, -6.77231, -17.98721],
					"rotation": [135, 0, 0],
					"cubes": [
						{
							"origin": [-7.97, -6.81156, -19.45],
							"size": [0.94, 0.15, 1.35],
							"pivot": [-7.53, -6.73656, -19.29188],
							"rotation": [5, 0, 0],
							"uv": {
								"north": {"uv": [63, 21], "uv_size": [-12, 6]},
								"east": {"uv": [63, 21], "uv_size": [-12, 6]},
								"south": {"uv": [63, 21], "uv_size": [-12, 6]},
								"west": {"uv": [63, 21], "uv_size": [-12, 6]},
								"up": {"uv": [51, 27], "uv_size": [12, -6]},
								"down": {"uv": [51, 27], "uv_size": [12, -6]}
							}
						},
						{
							"origin": [-7.97, -6.96133, -19.25],
							"size": [0.94, 0.15, 0.95],
							"pivot": [-7.53, -6.79789, -19.28652],
							"rotation": [5, 0, 0],
							"uv": {
								"north": {"uv": [63, 21], "uv_size": [-12, 6]},
								"east": {"uv": [63, 21], "uv_size": [-12, 6]},
								"south": {"uv": [63, 21], "uv_size": [-12, 6]},
								"west": {"uv": [63, 21], "uv_size": [-12, 6]},
								"up": {"uv": [51, 27], "uv_size": [12, -6]},
								"down": {"uv": [51, 27], "uv_size": [12, -6]}
							}
						},
						{
							"origin": [-7.97, -7.11076, -19.1],
							"size": [0.94, 0.15, 0.6],
							"pivot": [-7.53, -6.94732, -19.27344],
							"rotation": [5, 0, 0],
							"uv": {
								"north": {"uv": [63, 21], "uv_size": [-12, 6]},
								"east": {"uv": [63, 21], "uv_size": [-12, 6]},
								"south": {"uv": [63, 21], "uv_size": [-12, 6]},
								"west": {"uv": [63, 21], "uv_size": [-12, 6]},
								"up": {"uv": [51, 27], "uv_size": [12, -6]},
								"down": {"uv": [51, 27], "uv_size": [12, -6]}
							}
						},
						{
							"origin": [-7.97, -7.26019, -19],
							"size": [0.94, 0.15, 0.4],
							"pivot": [-7.53, -7.09675, -19.26037],
							"rotation": [5, 0, 0],
							"uv": {
								"north": {"uv": [63, 21], "uv_size": [-12, 6]},
								"east": {"uv": [63, 21], "uv_size": [-12, 6]},
								"south": {"uv": [63, 21], "uv_size": [-12, 6]},
								"west": {"uv": [63, 21], "uv_size": [-12, 6]},
								"up": {"uv": [51, 27], "uv_size": [12, -6]},
								"down": {"uv": [51, 27], "uv_size": [12, -6]}
							}
						}
					]
				},
				{
					"name": "B8",
					"parent": "B2",
					"pivot": [-7.5, -4.96366, -17.55085]
				},
				{
					"name": "B9",
					"parent": "B8",
					"pivot": [-7.5, -4.77231, -18.01279],
					"rotation": [-135, 0, 0],
					"cubes": [
						{
							"origin": [-7.97, -4.81156, -17.9],
							"size": [0.94, 0.15, 1.35],
							"pivot": [-7.53, -4.73656, -16.70812],
							"rotation": [-5, 0, 0],
							"uv": {
								"north": {"uv": [51, 21], "uv_size": [12, 6]},
								"east": {"uv": [51, 21], "uv_size": [12, 6]},
								"south": {"uv": [51, 21], "uv_size": [12, 6]},
								"west": {"uv": [51, 21], "uv_size": [12, 6]},
								"up": {"uv": [63, 27], "uv_size": [-12, -6]},
								"down": {"uv": [63, 27], "uv_size": [-12, -6]}
							}
						},
						{
							"origin": [-7.97, -4.96133, -17.7],
							"size": [0.94, 0.15, 0.95],
							"pivot": [-7.53, -4.79789, -16.71348],
							"rotation": [-5, 0, 0],
							"uv": {
								"north": {"uv": [51, 21], "uv_size": [12, 6]},
								"east": {"uv": [51, 21], "uv_size": [12, 6]},
								"south": {"uv": [51, 21], "uv_size": [12, 6]},
								"west": {"uv": [51, 21], "uv_size": [12, 6]},
								"up": {"uv": [63, 27], "uv_size": [-12, -6]},
								"down": {"uv": [63, 27], "uv_size": [-12, -6]}
							}
						},
						{
							"origin": [-7.97, -5.11076, -17.5],
							"size": [0.94, 0.15, 0.6],
							"pivot": [-7.53, -4.94732, -16.72656],
							"rotation": [-5, 0, 0],
							"uv": {
								"north": {"uv": [51, 21], "uv_size": [12, 6]},
								"east": {"uv": [51, 21], "uv_size": [12, 6]},
								"south": {"uv": [51, 21], "uv_size": [12, 6]},
								"west": {"uv": [51, 21], "uv_size": [12, 6]},
								"up": {"uv": [63, 27], "uv_size": [-12, -6]},
								"down": {"uv": [63, 27], "uv_size": [-12, -6]}
							}
						},
						{
							"origin": [-7.97, -5.26019, -17.4],
							"size": [0.94, 0.15, 0.4],
							"pivot": [-7.53, -5.09675, -16.73963],
							"rotation": [-5, 0, 0],
							"uv": {
								"north": {"uv": [51, 21], "uv_size": [12, 6]},
								"east": {"uv": [51, 21], "uv_size": [12, 6]},
								"south": {"uv": [51, 21], "uv_size": [12, 6]},
								"west": {"uv": [51, 21], "uv_size": [12, 6]},
								"up": {"uv": [63, 27], "uv_size": [-12, -6]},
								"down": {"uv": [63, 27], "uv_size": [-12, -6]}
							}
						}
					]
				},
				{
					"name": "B10",
					"parent": "B8",
					"pivot": [-7.5, -4.77231, -17.98721],
					"rotation": [135, 0, 0],
					"cubes": [
						{
							"origin": [-7.97, -4.81156, -19.45],
							"size": [0.94, 0.15, 1.35],
							"pivot": [-7.53, -4.73656, -19.29188],
							"rotation": [5, 0, 0],
							"uv": {
								"north": {"uv": [63, 21], "uv_size": [-12, 6]},
								"east": {"uv": [63, 21], "uv_size": [-12, 6]},
								"south": {"uv": [63, 21], "uv_size": [-12, 6]},
								"west": {"uv": [63, 21], "uv_size": [-12, 6]},
								"up": {"uv": [51, 27], "uv_size": [12, -6]},
								"down": {"uv": [51, 27], "uv_size": [12, -6]}
							}
						},
						{
							"origin": [-7.97, -4.96133, -19.25],
							"size": [0.94, 0.15, 0.95],
							"pivot": [-7.53, -4.79789, -19.28652],
							"rotation": [5, 0, 0],
							"uv": {
								"north": {"uv": [63, 21], "uv_size": [-12, 6]},
								"east": {"uv": [63, 21], "uv_size": [-12, 6]},
								"south": {"uv": [63, 21], "uv_size": [-12, 6]},
								"west": {"uv": [63, 21], "uv_size": [-12, 6]},
								"up": {"uv": [51, 27], "uv_size": [12, -6]},
								"down": {"uv": [51, 27], "uv_size": [12, -6]}
							}
						},
						{
							"origin": [-7.97, -5.11076, -19.1],
							"size": [0.94, 0.15, 0.6],
							"pivot": [-7.53, -4.94732, -19.27344],
							"rotation": [5, 0, 0],
							"uv": {
								"north": {"uv": [63, 21], "uv_size": [-12, 6]},
								"east": {"uv": [63, 21], "uv_size": [-12, 6]},
								"south": {"uv": [63, 21], "uv_size": [-12, 6]},
								"west": {"uv": [63, 21], "uv_size": [-12, 6]},
								"up": {"uv": [51, 27], "uv_size": [12, -6]},
								"down": {"uv": [51, 27], "uv_size": [12, -6]}
							}
						},
						{
							"origin": [-7.97, -5.26019, -19],
							"size": [0.94, 0.15, 0.4],
							"pivot": [-7.53, -5.09675, -19.26037],
							"rotation": [5, 0, 0],
							"uv": {
								"north": {"uv": [63, 21], "uv_size": [-12, 6]},
								"east": {"uv": [63, 21], "uv_size": [-12, 6]},
								"south": {"uv": [63, 21], "uv_size": [-12, 6]},
								"west": {"uv": [63, 21], "uv_size": [-12, 6]},
								"up": {"uv": [51, 27], "uv_size": [12, -6]},
								"down": {"uv": [51, 27], "uv_size": [12, -6]}
							}
						}
					]
				},
				{
					"name": "B11",
					"parent": "B8",
					"pivot": [-7.5, -3.96366, -17.55085]
				},
				{
					"name": "B12",
					"parent": "B11",
					"pivot": [-7.5, -3.77231, -18.01279],
					"rotation": [-135, 0, 0],
					"cubes": [
						{
							"origin": [-7.97, -3.81156, -17.9],
							"size": [0.94, 0.15, 1.35],
							"pivot": [-7.53, -3.73656, -16.70812],
							"rotation": [-5, 0, 0],
							"uv": {
								"north": {"uv": [51, 21], "uv_size": [12, 6]},
								"east": {"uv": [51, 21], "uv_size": [12, 6]},
								"south": {"uv": [51, 21], "uv_size": [12, 6]},
								"west": {"uv": [51, 21], "uv_size": [12, 6]},
								"up": {"uv": [63, 27], "uv_size": [-12, -6]},
								"down": {"uv": [63, 27], "uv_size": [-12, -6]}
							}
						},
						{
							"origin": [-7.97, -3.96133, -17.7],
							"size": [0.94, 0.15, 0.95],
							"pivot": [-7.53, -3.79789, -16.71348],
							"rotation": [-5, 0, 0],
							"uv": {
								"north": {"uv": [51, 21], "uv_size": [12, 6]},
								"east": {"uv": [51, 21], "uv_size": [12, 6]},
								"south": {"uv": [51, 21], "uv_size": [12, 6]},
								"west": {"uv": [51, 21], "uv_size": [12, 6]},
								"up": {"uv": [63, 27], "uv_size": [-12, -6]},
								"down": {"uv": [63, 27], "uv_size": [-12, -6]}
							}
						},
						{
							"origin": [-7.97, -4.11076, -17.5],
							"size": [0.94, 0.15, 0.6],
							"pivot": [-7.53, -3.94732, -16.72656],
							"rotation": [-5, 0, 0],
							"uv": {
								"north": {"uv": [51, 21], "uv_size": [12, 6]},
								"east": {"uv": [51, 21], "uv_size": [12, 6]},
								"south": {"uv": [51, 21], "uv_size": [12, 6]},
								"west": {"uv": [51, 21], "uv_size": [12, 6]},
								"up": {"uv": [63, 27], "uv_size": [-12, -6]},
								"down": {"uv": [63, 27], "uv_size": [-12, -6]}
							}
						},
						{
							"origin": [-7.97, -4.26019, -17.4],
							"size": [0.94, 0.15, 0.4],
							"pivot": [-7.53, -4.09675, -16.73963],
							"rotation": [-5, 0, 0],
							"uv": {
								"north": {"uv": [51, 21], "uv_size": [12, 6]},
								"east": {"uv": [51, 21], "uv_size": [12, 6]},
								"south": {"uv": [51, 21], "uv_size": [12, 6]},
								"west": {"uv": [51, 21], "uv_size": [12, 6]},
								"up": {"uv": [63, 27], "uv_size": [-12, -6]},
								"down": {"uv": [63, 27], "uv_size": [-12, -6]}
							}
						}
					]
				},
				{
					"name": "B13",
					"parent": "B11",
					"pivot": [-7.5, -3.77231, -17.98721],
					"rotation": [135, 0, 0],
					"cubes": [
						{
							"origin": [-7.97, -3.81156, -19.45],
							"size": [0.94, 0.15, 1.35],
							"pivot": [-7.53, -3.73656, -19.29188],
							"rotation": [5, 0, 0],
							"uv": {
								"north": {"uv": [63, 21], "uv_size": [-12, 6]},
								"east": {"uv": [63, 21], "uv_size": [-12, 6]},
								"south": {"uv": [63, 21], "uv_size": [-12, 6]},
								"west": {"uv": [63, 21], "uv_size": [-12, 6]},
								"up": {"uv": [51, 27], "uv_size": [12, -6]},
								"down": {"uv": [51, 27], "uv_size": [12, -6]}
							}
						},
						{
							"origin": [-7.97, -3.96133, -19.25],
							"size": [0.94, 0.15, 0.95],
							"pivot": [-7.53, -3.79789, -19.28652],
							"rotation": [5, 0, 0],
							"uv": {
								"north": {"uv": [63, 21], "uv_size": [-12, 6]},
								"east": {"uv": [63, 21], "uv_size": [-12, 6]},
								"south": {"uv": [63, 21], "uv_size": [-12, 6]},
								"west": {"uv": [63, 21], "uv_size": [-12, 6]},
								"up": {"uv": [51, 27], "uv_size": [12, -6]},
								"down": {"uv": [51, 27], "uv_size": [12, -6]}
							}
						},
						{
							"origin": [-7.97, -4.11076, -19.1],
							"size": [0.94, 0.15, 0.6],
							"pivot": [-7.53, -3.94732, -19.27344],
							"rotation": [5, 0, 0],
							"uv": {
								"north": {"uv": [63, 21], "uv_size": [-12, 6]},
								"east": {"uv": [63, 21], "uv_size": [-12, 6]},
								"south": {"uv": [63, 21], "uv_size": [-12, 6]},
								"west": {"uv": [63, 21], "uv_size": [-12, 6]},
								"up": {"uv": [51, 27], "uv_size": [12, -6]},
								"down": {"uv": [51, 27], "uv_size": [12, -6]}
							}
						},
						{
							"origin": [-7.97, -4.26019, -19],
							"size": [0.94, 0.15, 0.4],
							"pivot": [-7.53, -4.09675, -19.26037],
							"rotation": [5, 0, 0],
							"uv": {
								"north": {"uv": [63, 21], "uv_size": [-12, 6]},
								"east": {"uv": [63, 21], "uv_size": [-12, 6]},
								"south": {"uv": [63, 21], "uv_size": [-12, 6]},
								"west": {"uv": [63, 21], "uv_size": [-12, 6]},
								"up": {"uv": [51, 27], "uv_size": [12, -6]},
								"down": {"uv": [51, 27], "uv_size": [12, -6]}
							}
						}
					]
				},
				{
					"name": "B14",
					"parent": "B11",
					"pivot": [-7.5, -2.96366, -17.55085]
				},
				{
					"name": "B15",
					"parent": "B14",
					"pivot": [-7.5, -2.77231, -18.01279],
					"rotation": [-135, 0, 0],
					"cubes": [
						{
							"origin": [-7.97, -2.81156, -17.9],
							"size": [0.94, 0.15, 1.35],
							"pivot": [-7.53, -2.73656, -16.70812],
							"rotation": [-5, 0, 0],
							"uv": {
								"north": {"uv": [51, 21], "uv_size": [12, 6]},
								"east": {"uv": [51, 21], "uv_size": [12, 6]},
								"south": {"uv": [51, 21], "uv_size": [12, 6]},
								"west": {"uv": [51, 21], "uv_size": [12, 6]},
								"up": {"uv": [63, 27], "uv_size": [-12, -6]},
								"down": {"uv": [63, 27], "uv_size": [-12, -6]}
							}
						},
						{
							"origin": [-7.97, -2.96133, -17.7],
							"size": [0.94, 0.15, 0.95],
							"pivot": [-7.53, -2.79789, -16.71348],
							"rotation": [-5, 0, 0],
							"uv": {
								"north": {"uv": [51, 21], "uv_size": [12, 6]},
								"east": {"uv": [51, 21], "uv_size": [12, 6]},
								"south": {"uv": [51, 21], "uv_size": [12, 6]},
								"west": {"uv": [51, 21], "uv_size": [12, 6]},
								"up": {"uv": [63, 27], "uv_size": [-12, -6]},
								"down": {"uv": [63, 27], "uv_size": [-12, -6]}
							}
						},
						{
							"origin": [-7.97, -3.11076, -17.5],
							"size": [0.94, 0.15, 0.6],
							"pivot": [-7.53, -2.94732, -16.72656],
							"rotation": [-5, 0, 0],
							"uv": {
								"north": {"uv": [51, 21], "uv_size": [12, 6]},
								"east": {"uv": [51, 21], "uv_size": [12, 6]},
								"south": {"uv": [51, 21], "uv_size": [12, 6]},
								"west": {"uv": [51, 21], "uv_size": [12, 6]},
								"up": {"uv": [63, 27], "uv_size": [-12, -6]},
								"down": {"uv": [63, 27], "uv_size": [-12, -6]}
							}
						},
						{
							"origin": [-7.97, -3.26019, -17.4],
							"size": [0.94, 0.15, 0.4],
							"pivot": [-7.53, -3.09675, -16.73963],
							"rotation": [-5, 0, 0],
							"uv": {
								"north": {"uv": [51, 21], "uv_size": [12, 6]},
								"east": {"uv": [51, 21], "uv_size": [12, 6]},
								"south": {"uv": [51, 21], "uv_size": [12, 6]},
								"west": {"uv": [51, 21], "uv_size": [12, 6]},
								"up": {"uv": [63, 27], "uv_size": [-12, -6]},
								"down": {"uv": [63, 27], "uv_size": [-12, -6]}
							}
						}
					]
				},
				{
					"name": "B16",
					"parent": "B14",
					"pivot": [-7.5, -2.77231, -17.98721],
					"rotation": [135, 0, 0],
					"cubes": [
						{
							"origin": [-7.97, -2.81156, -19.45],
							"size": [0.94, 0.15, 1.35],
							"pivot": [-7.53, -2.73656, -19.29188],
							"rotation": [5, 0, 0],
							"uv": {
								"north": {"uv": [63, 21], "uv_size": [-12, 6]},
								"east": {"uv": [63, 21], "uv_size": [-12, 6]},
								"south": {"uv": [63, 21], "uv_size": [-12, 6]},
								"west": {"uv": [63, 21], "uv_size": [-12, 6]},
								"up": {"uv": [51, 27], "uv_size": [12, -6]},
								"down": {"uv": [51, 27], "uv_size": [12, -6]}
							}
						},
						{
							"origin": [-7.97, -2.96133, -19.25],
							"size": [0.94, 0.15, 0.95],
							"pivot": [-7.53, -2.79789, -19.28652],
							"rotation": [5, 0, 0],
							"uv": {
								"north": {"uv": [63, 21], "uv_size": [-12, 6]},
								"east": {"uv": [63, 21], "uv_size": [-12, 6]},
								"south": {"uv": [63, 21], "uv_size": [-12, 6]},
								"west": {"uv": [63, 21], "uv_size": [-12, 6]},
								"up": {"uv": [51, 27], "uv_size": [12, -6]},
								"down": {"uv": [51, 27], "uv_size": [12, -6]}
							}
						},
						{
							"origin": [-7.97, -3.11076, -19.1],
							"size": [0.94, 0.15, 0.6],
							"pivot": [-7.53, -2.94732, -19.27344],
							"rotation": [5, 0, 0],
							"uv": {
								"north": {"uv": [63, 21], "uv_size": [-12, 6]},
								"east": {"uv": [63, 21], "uv_size": [-12, 6]},
								"south": {"uv": [63, 21], "uv_size": [-12, 6]},
								"west": {"uv": [63, 21], "uv_size": [-12, 6]},
								"up": {"uv": [51, 27], "uv_size": [12, -6]},
								"down": {"uv": [51, 27], "uv_size": [12, -6]}
							}
						},
						{
							"origin": [-7.97, -3.26019, -19],
							"size": [0.94, 0.15, 0.4],
							"pivot": [-7.53, -3.09675, -19.26037],
							"rotation": [5, 0, 0],
							"uv": {
								"north": {"uv": [63, 21], "uv_size": [-12, 6]},
								"east": {"uv": [63, 21], "uv_size": [-12, 6]},
								"south": {"uv": [63, 21], "uv_size": [-12, 6]},
								"west": {"uv": [63, 21], "uv_size": [-12, 6]},
								"up": {"uv": [51, 27], "uv_size": [12, -6]},
								"down": {"uv": [51, 27], "uv_size": [12, -6]}
							}
						}
					]
				},
				{
					"name": "B17",
					"parent": "B14",
					"pivot": [-7.5, -1.96366, -17.55085]
				},
				{
					"name": "B18",
					"parent": "B17",
					"pivot": [-7.5, -1.77231, -18.01279],
					"rotation": [-135, 0, 0],
					"cubes": [
						{
							"origin": [-7.97, -1.81156, -17.9],
							"size": [0.94, 0.15, 1.35],
							"pivot": [-7.53, -1.73656, -16.70812],
							"rotation": [-5, 0, 0],
							"uv": {
								"north": {"uv": [51, 21], "uv_size": [12, 6]},
								"east": {"uv": [51, 21], "uv_size": [12, 6]},
								"south": {"uv": [51, 21], "uv_size": [12, 6]},
								"west": {"uv": [51, 21], "uv_size": [12, 6]},
								"up": {"uv": [63, 27], "uv_size": [-12, -6]},
								"down": {"uv": [63, 27], "uv_size": [-12, -6]}
							}
						},
						{
							"origin": [-7.97, -1.96133, -17.7],
							"size": [0.94, 0.15, 0.95],
							"pivot": [-7.53, -1.79789, -16.71348],
							"rotation": [-5, 0, 0],
							"uv": {
								"north": {"uv": [51, 21], "uv_size": [12, 6]},
								"east": {"uv": [51, 21], "uv_size": [12, 6]},
								"south": {"uv": [51, 21], "uv_size": [12, 6]},
								"west": {"uv": [51, 21], "uv_size": [12, 6]},
								"up": {"uv": [63, 27], "uv_size": [-12, -6]},
								"down": {"uv": [63, 27], "uv_size": [-12, -6]}
							}
						},
						{
							"origin": [-7.97, -2.11076, -17.5],
							"size": [0.94, 0.15, 0.6],
							"pivot": [-7.53, -1.94732, -16.72656],
							"rotation": [-5, 0, 0],
							"uv": {
								"north": {"uv": [51, 21], "uv_size": [12, 6]},
								"east": {"uv": [51, 21], "uv_size": [12, 6]},
								"south": {"uv": [51, 21], "uv_size": [12, 6]},
								"west": {"uv": [51, 21], "uv_size": [12, 6]},
								"up": {"uv": [63, 27], "uv_size": [-12, -6]},
								"down": {"uv": [63, 27], "uv_size": [-12, -6]}
							}
						},
						{
							"origin": [-7.97, -2.26019, -17.4],
							"size": [0.94, 0.15, 0.4],
							"pivot": [-7.53, -2.09675, -16.73963],
							"rotation": [-5, 0, 0],
							"uv": {
								"north": {"uv": [51, 21], "uv_size": [12, 6]},
								"east": {"uv": [51, 21], "uv_size": [12, 6]},
								"south": {"uv": [51, 21], "uv_size": [12, 6]},
								"west": {"uv": [51, 21], "uv_size": [12, 6]},
								"up": {"uv": [63, 27], "uv_size": [-12, -6]},
								"down": {"uv": [63, 27], "uv_size": [-12, -6]}
							}
						}
					]
				},
				{
					"name": "B19",
					"parent": "B17",
					"pivot": [-7.5, -1.77231, -17.98721],
					"rotation": [135, 0, 0],
					"cubes": [
						{
							"origin": [-7.97, -1.81156, -19.45],
							"size": [0.94, 0.15, 1.35],
							"pivot": [-7.53, -1.73656, -19.29188],
							"rotation": [5, 0, 0],
							"uv": {
								"north": {"uv": [63, 21], "uv_size": [-12, 6]},
								"east": {"uv": [63, 21], "uv_size": [-12, 6]},
								"south": {"uv": [63, 21], "uv_size": [-12, 6]},
								"west": {"uv": [63, 21], "uv_size": [-12, 6]},
								"up": {"uv": [51, 27], "uv_size": [12, -6]},
								"down": {"uv": [51, 27], "uv_size": [12, -6]}
							}
						},
						{
							"origin": [-7.97, -1.96133, -19.25],
							"size": [0.94, 0.15, 0.95],
							"pivot": [-7.53, -1.79789, -19.28652],
							"rotation": [5, 0, 0],
							"uv": {
								"north": {"uv": [63, 21], "uv_size": [-12, 6]},
								"east": {"uv": [63, 21], "uv_size": [-12, 6]},
								"south": {"uv": [63, 21], "uv_size": [-12, 6]},
								"west": {"uv": [63, 21], "uv_size": [-12, 6]},
								"up": {"uv": [51, 27], "uv_size": [12, -6]},
								"down": {"uv": [51, 27], "uv_size": [12, -6]}
							}
						},
						{
							"origin": [-7.97, -2.11076, -19.1],
							"size": [0.94, 0.15, 0.6],
							"pivot": [-7.53, -1.94732, -19.27344],
							"rotation": [5, 0, 0],
							"uv": {
								"north": {"uv": [63, 21], "uv_size": [-12, 6]},
								"east": {"uv": [63, 21], "uv_size": [-12, 6]},
								"south": {"uv": [63, 21], "uv_size": [-12, 6]},
								"west": {"uv": [63, 21], "uv_size": [-12, 6]},
								"up": {"uv": [51, 27], "uv_size": [12, -6]},
								"down": {"uv": [51, 27], "uv_size": [12, -6]}
							}
						},
						{
							"origin": [-7.97, -2.26019, -19],
							"size": [0.94, 0.15, 0.4],
							"pivot": [-7.53, -2.09675, -19.26037],
							"rotation": [5, 0, 0],
							"uv": {
								"north": {"uv": [63, 21], "uv_size": [-12, 6]},
								"east": {"uv": [63, 21], "uv_size": [-12, 6]},
								"south": {"uv": [63, 21], "uv_size": [-12, 6]},
								"west": {"uv": [63, 21], "uv_size": [-12, 6]},
								"up": {"uv": [51, 27], "uv_size": [12, -6]},
								"down": {"uv": [51, 27], "uv_size": [12, -6]}
							}
						}
					]
				},
				{
					"name": "B20",
					"parent": "B17",
					"pivot": [-7.5, -0.96366, -17.55085]
				},
				{
					"name": "B21",
					"parent": "B20",
					"pivot": [-7.5, -0.77231, -18.01279],
					"rotation": [-135, 0, 0],
					"cubes": [
						{
							"origin": [-7.97, -0.81156, -17.9],
							"size": [0.94, 0.15, 1.35],
							"pivot": [-7.53, -0.73656, -16.70812],
							"rotation": [-5, 0, 0],
							"uv": {
								"north": {"uv": [51, 21], "uv_size": [12, 6]},
								"east": {"uv": [51, 21], "uv_size": [12, 6]},
								"south": {"uv": [51, 21], "uv_size": [12, 6]},
								"west": {"uv": [51, 21], "uv_size": [12, 6]},
								"up": {"uv": [63, 27], "uv_size": [-12, -6]},
								"down": {"uv": [63, 27], "uv_size": [-12, -6]}
							}
						},
						{
							"origin": [-7.97, -0.96133, -17.7],
							"size": [0.94, 0.15, 0.95],
							"pivot": [-7.53, -0.79789, -16.71348],
							"rotation": [-5, 0, 0],
							"uv": {
								"north": {"uv": [51, 21], "uv_size": [12, 6]},
								"east": {"uv": [51, 21], "uv_size": [12, 6]},
								"south": {"uv": [51, 21], "uv_size": [12, 6]},
								"west": {"uv": [51, 21], "uv_size": [12, 6]},
								"up": {"uv": [63, 27], "uv_size": [-12, -6]},
								"down": {"uv": [63, 27], "uv_size": [-12, -6]}
							}
						},
						{
							"origin": [-7.97, -1.11076, -17.5],
							"size": [0.94, 0.15, 0.6],
							"pivot": [-7.53, -0.94732, -16.72656],
							"rotation": [-5, 0, 0],
							"uv": {
								"north": {"uv": [51, 21], "uv_size": [12, 6]},
								"east": {"uv": [51, 21], "uv_size": [12, 6]},
								"south": {"uv": [51, 21], "uv_size": [12, 6]},
								"west": {"uv": [51, 21], "uv_size": [12, 6]},
								"up": {"uv": [63, 27], "uv_size": [-12, -6]},
								"down": {"uv": [63, 27], "uv_size": [-12, -6]}
							}
						},
						{
							"origin": [-7.97, -1.26019, -17.4],
							"size": [0.94, 0.15, 0.4],
							"pivot": [-7.53, -1.09675, -16.73963],
							"rotation": [-5, 0, 0],
							"uv": {
								"north": {"uv": [51, 21], "uv_size": [12, 6]},
								"east": {"uv": [51, 21], "uv_size": [12, 6]},
								"south": {"uv": [51, 21], "uv_size": [12, 6]},
								"west": {"uv": [51, 21], "uv_size": [12, 6]},
								"up": {"uv": [63, 27], "uv_size": [-12, -6]},
								"down": {"uv": [63, 27], "uv_size": [-12, -6]}
							}
						}
					]
				},
				{
					"name": "B22",
					"parent": "B20",
					"pivot": [-7.5, -0.77231, -17.98721],
					"rotation": [135, 0, 0],
					"cubes": [
						{
							"origin": [-7.97, -0.81156, -19.45],
							"size": [0.94, 0.15, 1.35],
							"pivot": [-7.53, -0.73656, -19.29188],
							"rotation": [5, 0, 0],
							"uv": {
								"north": {"uv": [63, 21], "uv_size": [-12, 6]},
								"east": {"uv": [63, 21], "uv_size": [-12, 6]},
								"south": {"uv": [63, 21], "uv_size": [-12, 6]},
								"west": {"uv": [63, 21], "uv_size": [-12, 6]},
								"up": {"uv": [51, 27], "uv_size": [12, -6]},
								"down": {"uv": [51, 27], "uv_size": [12, -6]}
							}
						},
						{
							"origin": [-7.97, -0.96133, -19.25],
							"size": [0.94, 0.15, 0.95],
							"pivot": [-7.53, -0.79789, -19.28652],
							"rotation": [5, 0, 0],
							"uv": {
								"north": {"uv": [63, 21], "uv_size": [-12, 6]},
								"east": {"uv": [63, 21], "uv_size": [-12, 6]},
								"south": {"uv": [63, 21], "uv_size": [-12, 6]},
								"west": {"uv": [63, 21], "uv_size": [-12, 6]},
								"up": {"uv": [51, 27], "uv_size": [12, -6]},
								"down": {"uv": [51, 27], "uv_size": [12, -6]}
							}
						},
						{
							"origin": [-7.97, -1.11076, -19.1],
							"size": [0.94, 0.15, 0.6],
							"pivot": [-7.53, -0.94732, -19.27344],
							"rotation": [5, 0, 0],
							"uv": {
								"north": {"uv": [63, 21], "uv_size": [-12, 6]},
								"east": {"uv": [63, 21], "uv_size": [-12, 6]},
								"south": {"uv": [63, 21], "uv_size": [-12, 6]},
								"west": {"uv": [63, 21], "uv_size": [-12, 6]},
								"up": {"uv": [51, 27], "uv_size": [12, -6]},
								"down": {"uv": [51, 27], "uv_size": [12, -6]}
							}
						},
						{
							"origin": [-7.97, -1.26019, -19],
							"size": [0.94, 0.15, 0.4],
							"pivot": [-7.53, -1.09675, -19.26037],
							"rotation": [5, 0, 0],
							"uv": {
								"north": {"uv": [63, 21], "uv_size": [-12, 6]},
								"east": {"uv": [63, 21], "uv_size": [-12, 6]},
								"south": {"uv": [63, 21], "uv_size": [-12, 6]},
								"west": {"uv": [63, 21], "uv_size": [-12, 6]},
								"up": {"uv": [51, 27], "uv_size": [12, -6]},
								"down": {"uv": [51, 27], "uv_size": [12, -6]}
							}
						}
					]
				},
				{
					"name": "B23",
					"parent": "B20",
					"pivot": [-7.5, 0.03634, -17.55085]
				},
				{
					"name": "B24",
					"parent": "B23",
					"pivot": [-7.5, 0.22769, -18.01279],
					"rotation": [-135, 0, 0],
					"cubes": [
						{
							"origin": [-7.97, 0.18844, -17.9],
							"size": [0.94, 0.15, 1.35],
							"pivot": [-7.53, 0.26344, -16.70812],
							"rotation": [-5, 0, 0],
							"uv": {
								"north": {"uv": [51, 21], "uv_size": [12, 6]},
								"east": {"uv": [51, 21], "uv_size": [12, 6]},
								"south": {"uv": [51, 21], "uv_size": [12, 6]},
								"west": {"uv": [51, 21], "uv_size": [12, 6]},
								"up": {"uv": [63, 27], "uv_size": [-12, -6]},
								"down": {"uv": [63, 27], "uv_size": [-12, -6]}
							}
						},
						{
							"origin": [-7.97, 0.03867, -17.7],
							"size": [0.94, 0.15, 0.95],
							"pivot": [-7.53, 0.20211, -16.71348],
							"rotation": [-5, 0, 0],
							"uv": {
								"north": {"uv": [51, 21], "uv_size": [12, 6]},
								"east": {"uv": [51, 21], "uv_size": [12, 6]},
								"south": {"uv": [51, 21], "uv_size": [12, 6]},
								"west": {"uv": [51, 21], "uv_size": [12, 6]},
								"up": {"uv": [63, 27], "uv_size": [-12, -6]},
								"down": {"uv": [63, 27], "uv_size": [-12, -6]}
							}
						},
						{
							"origin": [-7.97, -0.11076, -17.5],
							"size": [0.94, 0.15, 0.6],
							"pivot": [-7.53, 0.05268, -16.72656],
							"rotation": [-5, 0, 0],
							"uv": {
								"north": {"uv": [51, 21], "uv_size": [12, 6]},
								"east": {"uv": [51, 21], "uv_size": [12, 6]},
								"south": {"uv": [51, 21], "uv_size": [12, 6]},
								"west": {"uv": [51, 21], "uv_size": [12, 6]},
								"up": {"uv": [63, 27], "uv_size": [-12, -6]},
								"down": {"uv": [63, 27], "uv_size": [-12, -6]}
							}
						},
						{
							"origin": [-7.97, -0.26019, -17.4],
							"size": [0.94, 0.15, 0.4],
							"pivot": [-7.53, -0.09675, -16.73963],
							"rotation": [-5, 0, 0],
							"uv": {
								"north": {"uv": [51, 21], "uv_size": [12, 6]},
								"east": {"uv": [51, 21], "uv_size": [12, 6]},
								"south": {"uv": [51, 21], "uv_size": [12, 6]},
								"west": {"uv": [51, 21], "uv_size": [12, 6]},
								"up": {"uv": [63, 27], "uv_size": [-12, -6]},
								"down": {"uv": [63, 27], "uv_size": [-12, -6]}
							}
						}
					]
				},
				{
					"name": "B25",
					"parent": "B23",
					"pivot": [-7.5, 0.22769, -17.98721],
					"rotation": [135, 0, 0],
					"cubes": [
						{
							"origin": [-7.97, 0.18844, -19.45],
							"size": [0.94, 0.15, 1.35],
							"pivot": [-7.53, 0.26344, -19.29188],
							"rotation": [5, 0, 0],
							"uv": {
								"north": {"uv": [63, 21], "uv_size": [-12, 6]},
								"east": {"uv": [63, 21], "uv_size": [-12, 6]},
								"south": {"uv": [63, 21], "uv_size": [-12, 6]},
								"west": {"uv": [63, 21], "uv_size": [-12, 6]},
								"up": {"uv": [51, 27], "uv_size": [12, -6]},
								"down": {"uv": [51, 27], "uv_size": [12, -6]}
							}
						},
						{
							"origin": [-7.97, 0.03867, -19.25],
							"size": [0.94, 0.15, 0.95],
							"pivot": [-7.53, 0.20211, -19.28652],
							"rotation": [5, 0, 0],
							"uv": {
								"north": {"uv": [63, 21], "uv_size": [-12, 6]},
								"east": {"uv": [63, 21], "uv_size": [-12, 6]},
								"south": {"uv": [63, 21], "uv_size": [-12, 6]},
								"west": {"uv": [63, 21], "uv_size": [-12, 6]},
								"up": {"uv": [51, 27], "uv_size": [12, -6]},
								"down": {"uv": [51, 27], "uv_size": [12, -6]}
							}
						},
						{
							"origin": [-7.97, -0.11076, -19.1],
							"size": [0.94, 0.15, 0.6],
							"pivot": [-7.53, 0.05268, -19.27344],
							"rotation": [5, 0, 0],
							"uv": {
								"north": {"uv": [63, 21], "uv_size": [-12, 6]},
								"east": {"uv": [63, 21], "uv_size": [-12, 6]},
								"south": {"uv": [63, 21], "uv_size": [-12, 6]},
								"west": {"uv": [63, 21], "uv_size": [-12, 6]},
								"up": {"uv": [51, 27], "uv_size": [12, -6]},
								"down": {"uv": [51, 27], "uv_size": [12, -6]}
							}
						},
						{
							"origin": [-7.97, -0.26019, -19],
							"size": [0.94, 0.15, 0.4],
							"pivot": [-7.53, -0.09675, -19.26037],
							"rotation": [5, 0, 0],
							"uv": {
								"north": {"uv": [63, 21], "uv_size": [-12, 6]},
								"east": {"uv": [63, 21], "uv_size": [-12, 6]},
								"south": {"uv": [63, 21], "uv_size": [-12, 6]},
								"west": {"uv": [63, 21], "uv_size": [-12, 6]},
								"up": {"uv": [51, 27], "uv_size": [12, -6]},
								"down": {"uv": [51, 27], "uv_size": [12, -6]}
							}
						}
					]
				},
				{
					"name": "B5",
					"parent": "B23",
					"pivot": [-7.5, -5.96366, -17.55085]
				},
				{
					"name": "B6",
					"parent": "B5",
					"pivot": [-7.5, -5.77231, -18.01279],
					"rotation": [-135, 0, 0],
					"cubes": [
						{
							"origin": [-7.97, -5.81156, -17.9],
							"size": [0.94, 0.15, 1.35],
							"pivot": [-7.53, -5.73656, -16.70812],
							"rotation": [-5, 0, 0],
							"uv": {
								"north": {"uv": [51, 21], "uv_size": [12, 6]},
								"east": {"uv": [51, 21], "uv_size": [12, 6]},
								"south": {"uv": [51, 21], "uv_size": [12, 6]},
								"west": {"uv": [51, 21], "uv_size": [12, 6]},
								"up": {"uv": [63, 27], "uv_size": [-12, -6]},
								"down": {"uv": [63, 27], "uv_size": [-12, -6]}
							}
						},
						{
							"origin": [-7.97, -5.96133, -17.7],
							"size": [0.94, 0.15, 0.95],
							"pivot": [-7.53, -5.79789, -16.71348],
							"rotation": [-5, 0, 0],
							"uv": {
								"north": {"uv": [51, 21], "uv_size": [12, 6]},
								"east": {"uv": [51, 21], "uv_size": [12, 6]},
								"south": {"uv": [51, 21], "uv_size": [12, 6]},
								"west": {"uv": [51, 21], "uv_size": [12, 6]},
								"up": {"uv": [63, 27], "uv_size": [-12, -6]},
								"down": {"uv": [63, 27], "uv_size": [-12, -6]}
							}
						},
						{
							"origin": [-7.97, -6.11076, -17.5],
							"size": [0.94, 0.15, 0.6],
							"pivot": [-7.53, -5.94732, -16.72656],
							"rotation": [-5, 0, 0],
							"uv": {
								"north": {"uv": [51, 21], "uv_size": [12, 6]},
								"east": {"uv": [51, 21], "uv_size": [12, 6]},
								"south": {"uv": [51, 21], "uv_size": [12, 6]},
								"west": {"uv": [51, 21], "uv_size": [12, 6]},
								"up": {"uv": [63, 27], "uv_size": [-12, -6]},
								"down": {"uv": [63, 27], "uv_size": [-12, -6]}
							}
						},
						{
							"origin": [-7.97, -6.26019, -17.4],
							"size": [0.94, 0.15, 0.4],
							"pivot": [-7.53, -6.09675, -16.73963],
							"rotation": [-5, 0, 0],
							"uv": {
								"north": {"uv": [51, 21], "uv_size": [12, 6]},
								"east": {"uv": [51, 21], "uv_size": [12, 6]},
								"south": {"uv": [51, 21], "uv_size": [12, 6]},
								"west": {"uv": [51, 21], "uv_size": [12, 6]},
								"up": {"uv": [63, 27], "uv_size": [-12, -6]},
								"down": {"uv": [63, 27], "uv_size": [-12, -6]}
							}
						}
					]
				},
				{
					"name": "B7",
					"parent": "B5",
					"pivot": [-7.5, -5.77231, -17.98721],
					"rotation": [135, 0, 0],
					"cubes": [
						{
							"origin": [-7.97, -5.81156, -19.45],
							"size": [0.94, 0.15, 1.35],
							"pivot": [-7.53, -5.73656, -19.29188],
							"rotation": [5, 0, 0],
							"uv": {
								"north": {"uv": [63, 21], "uv_size": [-12, 6]},
								"east": {"uv": [63, 21], "uv_size": [-12, 6]},
								"south": {"uv": [63, 21], "uv_size": [-12, 6]},
								"west": {"uv": [63, 21], "uv_size": [-12, 6]},
								"up": {"uv": [51, 27], "uv_size": [12, -6]},
								"down": {"uv": [51, 27], "uv_size": [12, -6]}
							}
						},
						{
							"origin": [-7.97, -5.96133, -19.25],
							"size": [0.94, 0.15, 0.95],
							"pivot": [-7.53, -5.79789, -19.28652],
							"rotation": [5, 0, 0],
							"uv": {
								"north": {"uv": [63, 21], "uv_size": [-12, 6]},
								"east": {"uv": [63, 21], "uv_size": [-12, 6]},
								"south": {"uv": [63, 21], "uv_size": [-12, 6]},
								"west": {"uv": [63, 21], "uv_size": [-12, 6]},
								"up": {"uv": [51, 27], "uv_size": [12, -6]},
								"down": {"uv": [51, 27], "uv_size": [12, -6]}
							}
						},
						{
							"origin": [-7.97, -6.11076, -19.1],
							"size": [0.94, 0.15, 0.6],
							"pivot": [-7.53, -5.94732, -19.27344],
							"rotation": [5, 0, 0],
							"uv": {
								"north": {"uv": [63, 21], "uv_size": [-12, 6]},
								"east": {"uv": [63, 21], "uv_size": [-12, 6]},
								"south": {"uv": [63, 21], "uv_size": [-12, 6]},
								"west": {"uv": [63, 21], "uv_size": [-12, 6]},
								"up": {"uv": [51, 27], "uv_size": [12, -6]},
								"down": {"uv": [51, 27], "uv_size": [12, -6]}
							}
						},
						{
							"origin": [-7.97, -6.26019, -19],
							"size": [0.94, 0.15, 0.4],
							"pivot": [-7.53, -6.09675, -19.26037],
							"rotation": [5, 0, 0],
							"uv": {
								"north": {"uv": [63, 21], "uv_size": [-12, 6]},
								"east": {"uv": [63, 21], "uv_size": [-12, 6]},
								"south": {"uv": [63, 21], "uv_size": [-12, 6]},
								"west": {"uv": [63, 21], "uv_size": [-12, 6]},
								"up": {"uv": [51, 27], "uv_size": [12, -6]},
								"down": {"uv": [51, 27], "uv_size": [12, -6]}
							}
						}
					]
				},
				{
					"name": "bone",
					"parent": "B1",
					"pivot": [-7, 13, -18],
					"cubes": [
						{
							"origin": [-9.35803, 0.25, -18.689],
							"size": [0.4, 0.55, 0],
							"inflate": 0.05,
							"pivot": [-9.20803, 0.525, -18.689],
							"rotation": [0, 22.5, 0],
							"uv": {
								"north": {"uv": [37, 51], "uv_size": [12, 12]},
								"east": {"uv": [37, 51], "uv_size": [12, 12]},
								"south": {"uv": [37, 51], "uv_size": [12, 12]},
								"west": {"uv": [37, 51], "uv_size": [12, 12]},
								"up": {"uv": [49, 63], "uv_size": [-12, -12]},
								"down": {"uv": [49, 63], "uv_size": [-12, -12]}
							}
						},
						{
							"origin": [-8.9, 0.25, -18.8],
							"size": [0.5, 0.55, 0],
							"inflate": 0.05,
							"uv": {
								"north": {"uv": [37, 51], "uv_size": [12, 12]},
								"east": {"uv": [37, 51], "uv_size": [12, 12]},
								"south": {"uv": [37, 51], "uv_size": [12, 12]},
								"west": {"uv": [37, 51], "uv_size": [12, 12]},
								"up": {"uv": [49, 63], "uv_size": [-12, -12]},
								"down": {"uv": [49, 63], "uv_size": [-12, -12]}
							}
						},
						{
							"origin": [-9.73872, 0.25, -18.41117],
							"size": [0.4, 0.55, 0],
							"inflate": 0.05,
							"pivot": [-9.58872, 0.525, -18.41117],
							"rotation": [0, 45, 0],
							"uv": {
								"north": {"uv": [37, 51], "uv_size": [12, 12]},
								"east": {"uv": [37, 51], "uv_size": [12, 12]},
								"south": {"uv": [37, 51], "uv_size": [12, 12]},
								"west": {"uv": [37, 51], "uv_size": [12, 12]},
								"up": {"uv": [49, 63], "uv_size": [-12, -12]},
								"down": {"uv": [49, 63], "uv_size": [-12, -12]}
							}
						},
						{
							"origin": [-9.6841, 0.25, -18.00881],
							"size": [0.1, 0.55, 0],
							"inflate": 0.05,
							"pivot": [-9.8341, 0.525, -18.00881],
							"rotation": [0, 67.5, 0],
							"uv": {
								"north": {"uv": [37, 51], "uv_size": [12, 12]},
								"east": {"uv": [37, 51], "uv_size": [12, 12]},
								"south": {"uv": [37, 51], "uv_size": [12, 12]},
								"west": {"uv": [37, 51], "uv_size": [12, 12]},
								"up": {"uv": [49, 63], "uv_size": [-12, -12]},
								"down": {"uv": [49, 63], "uv_size": [-12, -12]}
							}
						},
						{
							"origin": [-9.69203, 0.25, -17.82033],
							"size": [0.15, 0.55, 0],
							"inflate": 0.05,
							"pivot": [-9.79203, 0.525, -17.82033],
							"rotation": [0, 90, 0],
							"uv": {
								"north": {"uv": [37, 51], "uv_size": [12, 12]},
								"east": {"uv": [37, 51], "uv_size": [12, 12]},
								"south": {"uv": [37, 51], "uv_size": [12, 12]},
								"west": {"uv": [37, 51], "uv_size": [12, 12]},
								"up": {"uv": [49, 63], "uv_size": [-12, -12]},
								"down": {"uv": [49, 63], "uv_size": [-12, -12]}
							}
						},
						{
							"origin": [-9.64203, 0.25, -17.59967],
							"size": [0.1, 0.55, 0],
							"inflate": 0.05,
							"pivot": [-9.79203, 0.525, -17.59967],
							"rotation": [0, 90, 0],
							"uv": {
								"north": {"uv": [37, 51], "uv_size": [12, 12]},
								"east": {"uv": [37, 51], "uv_size": [12, 12]},
								"south": {"uv": [37, 51], "uv_size": [12, 12]},
								"west": {"uv": [37, 51], "uv_size": [12, 12]},
								"up": {"uv": [49, 63], "uv_size": [-12, -12]},
								"down": {"uv": [49, 63], "uv_size": [-12, -12]}
							}
						},
						{
							"origin": [-9.6841, 0.25, -17.81119],
							"size": [0.1, 0.55, 0],
							"inflate": 0.05,
							"pivot": [-9.8341, 0.525, -17.81119],
							"rotation": [0, -67.5, 0],
							"uv": {
								"north": {"uv": [37, 51], "uv_size": [12, 12]},
								"east": {"uv": [37, 51], "uv_size": [12, 12]},
								"south": {"uv": [37, 51], "uv_size": [12, 12]},
								"west": {"uv": [37, 51], "uv_size": [12, 12]},
								"up": {"uv": [49, 63], "uv_size": [-12, -12]},
								"down": {"uv": [49, 63], "uv_size": [-12, -12]}
							}
						},
						{
							"origin": [-9.73872, 0.25, -17.40883],
							"size": [0.4, 0.55, 0],
							"inflate": 0.05,
							"pivot": [-9.58872, 0.525, -17.40883],
							"rotation": [0, -45, 0],
							"uv": {
								"north": {"uv": [37, 51], "uv_size": [12, 12]},
								"east": {"uv": [37, 51], "uv_size": [12, 12]},
								"south": {"uv": [37, 51], "uv_size": [12, 12]},
								"west": {"uv": [37, 51], "uv_size": [12, 12]},
								"up": {"uv": [49, 63], "uv_size": [-12, -12]},
								"down": {"uv": [49, 63], "uv_size": [-12, -12]}
							}
						},
						{
							"origin": [-9.36184, 0.25, -17.11186],
							"size": [0.4, 0.55, 0],
							"inflate": 0.05,
							"pivot": [-9.16184, 0.525, -17.11186],
							"rotation": [0, -22.5, 0],
							"uv": {
								"north": {"uv": [37, 51], "uv_size": [12, 12]},
								"east": {"uv": [37, 51], "uv_size": [12, 12]},
								"south": {"uv": [37, 51], "uv_size": [12, 12]},
								"west": {"uv": [37, 51], "uv_size": [12, 12]},
								"up": {"uv": [49, 63], "uv_size": [-12, -12]},
								"down": {"uv": [49, 63], "uv_size": [-12, -12]}
							}
						},
						{
							"origin": [-8.9, 0.25, -17.02],
							"size": [0.5, 0.55, 0],
							"inflate": 0.05,
							"uv": {
								"north": {"uv": [49, 51], "uv_size": [-12, 12]},
								"east": {"uv": [49, 51], "uv_size": [-12, 12]},
								"south": {"uv": [49, 51], "uv_size": [-12, 12]},
								"west": {"uv": [49, 51], "uv_size": [-12, 12]},
								"up": {"uv": [37, 63], "uv_size": [12, -12]},
								"down": {"uv": [37, 63], "uv_size": [12, -12]}
							}
						},
						{
							"origin": [-8.9, 0.3, -18.7],
							"size": [0.55, 0.45, 1.58],
							"inflate": 0.05,
							"uv": {
								"north": {"uv": [51, 53], "uv_size": [10, 3]},
								"east": {"uv": [51, 53], "uv_size": [10, 3]},
								"south": {"uv": [51, 53], "uv_size": [10, 3]},
								"west": {"uv": [51, 53], "uv_size": [10, 3]},
								"up": {"uv": [61, 56], "uv_size": [-10, -3]},
								"down": {"uv": [61, 56], "uv_size": [-10, -3]}
							}
						},
						{
							"origin": [-9.45, 0.3, -18.5],
							"size": [0.45, 0.45, 0.2],
							"inflate": 0.05,
							"uv": {
								"north": {"uv": [56, 54], "uv_size": [8, 6]},
								"east": {"uv": [56, 54], "uv_size": [8, 6]},
								"south": {"uv": [56, 54], "uv_size": [8, 6]},
								"west": {"uv": [56, 54], "uv_size": [8, 6]},
								"up": {"uv": [64, 60], "uv_size": [-8, -6]},
								"down": {"uv": [64, 60], "uv_size": [-8, -6]}
							}
						},
						{
							"origin": [-9.4389, 0.3, -18.59281],
							"size": [0.5, 0.45, 0.1],
							"inflate": 0.045,
							"pivot": [-9.1889, 0.525, -18.54281],
							"rotation": [0, 22.5, 0],
							"uv": {
								"north": {"uv": [53, 55], "uv_size": [8, 9]},
								"east": {"uv": [53, 55], "uv_size": [8, 9]},
								"south": {"uv": [53, 55], "uv_size": [8, 9]},
								"west": {"uv": [53, 55], "uv_size": [8, 9]},
								"up": {"uv": [61, 64], "uv_size": [-8, -9]},
								"down": {"uv": [61, 64], "uv_size": [-8, -9]}
							}
						},
						{
							"origin": [-9.6, 0.3, -18.2],
							"size": [0.6, 0.45, 0.7],
							"inflate": 0.05,
							"uv": {
								"north": {"uv": [56, 54], "uv_size": [8, 5]},
								"east": {"uv": [56, 54], "uv_size": [8, 5]},
								"south": {"uv": [56, 54], "uv_size": [8, 5]},
								"west": {"uv": [56, 54], "uv_size": [8, 5]},
								"up": {"uv": [64, 59], "uv_size": [-8, -5]},
								"down": {"uv": [64, 54], "uv_size": [-8, 5]}
							}
						},
						{
							"origin": [-9.4, 0.3, -17.4],
							"size": [0.4, 0.45, 0.15],
							"inflate": 0.05,
							"uv": {
								"north": {"uv": [51, 51], "uv_size": [12, 9]},
								"east": {"uv": [51, 51], "uv_size": [12, 9]},
								"south": {"uv": [51, 51], "uv_size": [12, 9]},
								"west": {"uv": [51, 51], "uv_size": [12, 9]},
								"up": {"uv": [63, 60], "uv_size": [-12, -9]},
								"down": {"uv": [63, 60], "uv_size": [-12, -9]}
							}
						},
						{
							"origin": [-9.69575, 0.3, -18.28755],
							"size": [0.3, 0.45, 0.1],
							"inflate": 0.047,
							"pivot": [-9.64575, 0.525, -18.23755],
							"rotation": [0, 45, 0],
							"uv": {
								"north": {"uv": [56, 53], "uv_size": [8, 5]},
								"east": {"uv": [56, 53], "uv_size": [8, 5]},
								"south": {"uv": [56, 53], "uv_size": [8, 5]},
								"west": {"uv": [56, 53], "uv_size": [8, 5]},
								"up": {"uv": [64, 58], "uv_size": [-8, -5]},
								"down": {"uv": [64, 58], "uv_size": [-8, -5]}
							}
						},
						{
							"origin": [-9.55959, 0.3, -17.97211],
							"size": [0, 0.45, 0.1],
							"inflate": 0.048,
							"pivot": [-9.80959, 0.525, -17.92211],
							"rotation": [0, 67.5, 0],
							"uv": {
								"north": {"uv": [56, 57], "uv_size": [8, -5]},
								"east": {"uv": [56, 57], "uv_size": [8, -5]},
								"south": {"uv": [56, 57], "uv_size": [8, -5]},
								"west": {"uv": [56, 57], "uv_size": [8, -5]},
								"up": {"uv": [64, 52], "uv_size": [-8, 5]},
								"down": {"uv": [64, 52], "uv_size": [-8, 5]}
							}
						},
						{
							"origin": [-9.79575, 0.3, -17.8],
							"size": [0.3, 0.45, 0.1],
							"inflate": 0.049,
							"pivot": [-9.74575, 0.525, -17.79613],
							"rotation": [0, 90, 0],
							"uv": {
								"north": {"uv": [58, 52], "uv_size": [5, 3]},
								"east": {"uv": [58, 52], "uv_size": [5, 3]},
								"south": {"uv": [58, 52], "uv_size": [5, 3]},
								"west": {"uv": [58, 52], "uv_size": [5, 3]},
								"up": {"uv": [63, 55], "uv_size": [-5, -3]},
								"down": {"uv": [63, 55], "uv_size": [-5, -3]}
							}
						},
						{
							"origin": [-9.4389, 0.3, -17.32719],
							"size": [0.5, 0.45, 0.1],
							"inflate": 0.045,
							"pivot": [-9.1889, 0.525, -17.27719],
							"rotation": [0, -22.5, 0],
							"uv": {
								"north": {"uv": [51, 52], "uv_size": [12, 2]},
								"east": {"uv": [51, 52], "uv_size": [12, 2]},
								"south": {"uv": [51, 52], "uv_size": [12, 2]},
								"west": {"uv": [51, 52], "uv_size": [12, 2]},
								"up": {"uv": [63, 54], "uv_size": [-12, -2]},
								"down": {"uv": [63, 54], "uv_size": [-12, -2]}
							}
						},
						{
							"origin": [-9.69575, 0.3, -17.63245],
							"size": [0.3, 0.45, 0.1],
							"inflate": 0.047,
							"pivot": [-9.64575, 0.525, -17.58245],
							"rotation": [0, -45, 0],
							"uv": {
								"north": {"uv": [57, 54], "uv_size": [7, 7]},
								"east": {"uv": [57, 54], "uv_size": [7, 7]},
								"south": {"uv": [57, 54], "uv_size": [7, 7]},
								"west": {"uv": [57, 54], "uv_size": [7, 7]},
								"up": {"uv": [64, 61], "uv_size": [-7, -7]},
								"down": {"uv": [64, 61], "uv_size": [-7, -7]}
							}
						},
						{
							"origin": [-9.55959, 0.3, -17.94788],
							"size": [0, 0.45, 0.1],
							"inflate": 0.048,
							"pivot": [-9.80959, 0.525, -17.89788],
							"rotation": [0, -67.5, 0],
							"uv": {
								"north": {"uv": [56, 52], "uv_size": [8, 7]},
								"east": {"uv": [56, 52], "uv_size": [8, 7]},
								"south": {"uv": [56, 52], "uv_size": [8, 7]},
								"west": {"uv": [56, 52], "uv_size": [8, 7]},
								"up": {"uv": [64, 59], "uv_size": [-8, -7]},
								"down": {"uv": [64, 59], "uv_size": [-8, -7]}
							}
						}
					]
				},
				{
					"name": "bone2",
					"parent": "B1",
					"pivot": [-7, 13, -18],
					"cubes": [
						{
							"origin": [-5.94197, 0.2, -18.689],
							"size": [0.4, 0.55, 0],
							"inflate": 0.05,
							"pivot": [-5.69197, 0.475, -18.689],
							"rotation": [0, -22.5, 0],
							"uv": {
								"north": {"uv": [49, 51], "uv_size": [-12, 12]},
								"east": {"uv": [49, 51], "uv_size": [-12, 12]},
								"south": {"uv": [49, 51], "uv_size": [-12, 12]},
								"west": {"uv": [49, 51], "uv_size": [-12, 12]},
								"up": {"uv": [37, 63], "uv_size": [12, -12]},
								"down": {"uv": [37, 63], "uv_size": [12, -12]}
							}
						},
						{
							"origin": [-6.5, 0.2, -18.8],
							"size": [0.5, 0.55, 0],
							"inflate": 0.05,
							"uv": {
								"north": {"uv": [49, 51], "uv_size": [-12, 12]},
								"east": {"uv": [49, 51], "uv_size": [-12, 12]},
								"south": {"uv": [49, 51], "uv_size": [-12, 12]},
								"west": {"uv": [49, 51], "uv_size": [-12, 12]},
								"up": {"uv": [37, 63], "uv_size": [12, -12]},
								"down": {"uv": [37, 63], "uv_size": [12, -12]}
							}
						},
						{
							"origin": [-5.56128, 0.2, -18.41117],
							"size": [0.4, 0.55, 0],
							"inflate": 0.05,
							"pivot": [-5.31128, 0.475, -18.41117],
							"rotation": [0, -45, 0],
							"uv": {
								"north": {"uv": [49, 51], "uv_size": [-12, 12]},
								"east": {"uv": [49, 51], "uv_size": [-12, 12]},
								"south": {"uv": [49, 51], "uv_size": [-12, 12]},
								"west": {"uv": [49, 51], "uv_size": [-12, 12]},
								"up": {"uv": [37, 63], "uv_size": [12, -12]},
								"down": {"uv": [37, 63], "uv_size": [12, -12]}
							}
						},
						{
							"origin": [-5.3159, 0.2, -18.00881],
							"size": [0.1, 0.55, 0],
							"inflate": 0.05,
							"pivot": [-5.0659, 0.475, -18.00881],
							"rotation": [0, -67.5, 0],
							"uv": {
								"north": {"uv": [49, 51], "uv_size": [-12, 12]},
								"east": {"uv": [49, 51], "uv_size": [-12, 12]},
								"south": {"uv": [49, 51], "uv_size": [-12, 12]},
								"west": {"uv": [49, 51], "uv_size": [-12, 12]},
								"up": {"uv": [37, 63], "uv_size": [12, -12]},
								"down": {"uv": [37, 63], "uv_size": [12, -12]}
							}
						},
						{
							"origin": [-5.35797, 0.2, -17.82033],
							"size": [0.15, 0.55, 0],
							"inflate": 0.05,
							"pivot": [-5.10797, 0.475, -17.82033],
							"rotation": [0, -90, 0],
							"uv": {
								"north": {"uv": [49, 51], "uv_size": [-12, 12]},
								"east": {"uv": [49, 51], "uv_size": [-12, 12]},
								"south": {"uv": [49, 51], "uv_size": [-12, 12]},
								"west": {"uv": [49, 51], "uv_size": [-12, 12]},
								"up": {"uv": [37, 63], "uv_size": [12, -12]},
								"down": {"uv": [37, 63], "uv_size": [12, -12]}
							}
						},
						{
							"origin": [-5.35797, 0.2, -17.59967],
							"size": [0.1, 0.55, 0],
							"inflate": 0.05,
							"pivot": [-5.10797, 0.475, -17.59967],
							"rotation": [0, -90, 0],
							"uv": {
								"north": {"uv": [49, 51], "uv_size": [-12, 12]},
								"east": {"uv": [49, 51], "uv_size": [-12, 12]},
								"south": {"uv": [49, 51], "uv_size": [-12, 12]},
								"west": {"uv": [49, 51], "uv_size": [-12, 12]},
								"up": {"uv": [37, 63], "uv_size": [12, -12]},
								"down": {"uv": [37, 63], "uv_size": [12, -12]}
							}
						},
						{
							"origin": [-5.3159, 0.2, -17.81119],
							"size": [0.1, 0.55, 0],
							"inflate": 0.05,
							"pivot": [-5.0659, 0.475, -17.81119],
							"rotation": [0, 67.5, 0],
							"uv": {
								"north": {"uv": [49, 51], "uv_size": [-12, 12]},
								"east": {"uv": [49, 51], "uv_size": [-12, 12]},
								"south": {"uv": [49, 51], "uv_size": [-12, 12]},
								"west": {"uv": [49, 51], "uv_size": [-12, 12]},
								"up": {"uv": [37, 63], "uv_size": [12, -12]},
								"down": {"uv": [37, 63], "uv_size": [12, -12]}
							}
						},
						{
							"origin": [-5.56128, 0.2, -17.40883],
							"size": [0.4, 0.55, 0],
							"inflate": 0.05,
							"pivot": [-5.31128, 0.475, -17.40883],
							"rotation": [0, 45, 0],
							"uv": {
								"north": {"uv": [49, 51], "uv_size": [-12, 12]},
								"east": {"uv": [49, 51], "uv_size": [-12, 12]},
								"south": {"uv": [49, 51], "uv_size": [-12, 12]},
								"west": {"uv": [49, 51], "uv_size": [-12, 12]},
								"up": {"uv": [37, 63], "uv_size": [12, -12]},
								"down": {"uv": [37, 63], "uv_size": [12, -12]}
							}
						},
						{
							"origin": [-5.93817, 0.2, -17.11186],
							"size": [0.4, 0.55, 0],
							"inflate": 0.05,
							"pivot": [-5.73817, 0.475, -17.11186],
							"rotation": [0, 22.5, 0],
							"uv": {
								"north": {"uv": [49, 51], "uv_size": [-12, 12]},
								"east": {"uv": [49, 51], "uv_size": [-12, 12]},
								"south": {"uv": [49, 51], "uv_size": [-12, 12]},
								"west": {"uv": [49, 51], "uv_size": [-12, 12]},
								"up": {"uv": [37, 63], "uv_size": [12, -12]},
								"down": {"uv": [37, 63], "uv_size": [12, -12]}
							}
						},
						{
							"origin": [-6.5, 0.2, -17.02],
							"size": [0.5, 0.55, 0],
							"inflate": 0.05,
							"uv": {
								"north": {"uv": [37, 51], "uv_size": [12, 12]},
								"east": {"uv": [37, 51], "uv_size": [12, 12]},
								"south": {"uv": [37, 51], "uv_size": [12, 12]},
								"west": {"uv": [37, 51], "uv_size": [12, 12]},
								"up": {"uv": [49, 63], "uv_size": [-12, -12]},
								"down": {"uv": [49, 63], "uv_size": [-12, -12]}
							}
						},
						{
							"origin": [-6.5, 0.25, -18.7],
							"size": [0.5, 0.45, 1.58],
							"inflate": 0.05,
							"uv": {
								"north": {"uv": [61, 53], "uv_size": [-10, 3]},
								"east": {"uv": [61, 53], "uv_size": [-10, 3]},
								"south": {"uv": [61, 53], "uv_size": [-10, 3]},
								"west": {"uv": [61, 53], "uv_size": [-10, 3]},
								"up": {"uv": [51, 56], "uv_size": [10, -3]},
								"down": {"uv": [51, 56], "uv_size": [10, -3]}
							}
						},
						{
							"origin": [-5.9, 0.25, -18.5],
							"size": [0.45, 0.45, 0.2],
							"inflate": 0.05,
							"uv": {
								"north": {"uv": [64, 54], "uv_size": [-8, 6]},
								"east": {"uv": [64, 54], "uv_size": [-8, 6]},
								"south": {"uv": [64, 54], "uv_size": [-8, 6]},
								"west": {"uv": [64, 54], "uv_size": [-8, 6]},
								"up": {"uv": [56, 60], "uv_size": [8, -6]},
								"down": {"uv": [56, 60], "uv_size": [8, -6]}
							}
						},
						{
							"origin": [-5.96111, 0.25, -18.59281],
							"size": [0.5, 0.45, 0.1],
							"inflate": 0.045,
							"pivot": [-5.71111, 0.475, -18.54281],
							"rotation": [0, -22.5, 0],
							"uv": {
								"north": {"uv": [61, 55], "uv_size": [-8, 9]},
								"east": {"uv": [61, 55], "uv_size": [-8, 9]},
								"south": {"uv": [61, 55], "uv_size": [-8, 9]},
								"west": {"uv": [61, 55], "uv_size": [-8, 9]},
								"up": {"uv": [53, 64], "uv_size": [8, -9]},
								"down": {"uv": [53, 64], "uv_size": [8, -9]}
							}
						},
						{
							"origin": [-5.9, 0.25, -18.2],
							"size": [0.6, 0.45, 0.7],
							"inflate": 0.05,
							"uv": {
								"north": {"uv": [64, 54], "uv_size": [-8, 5]},
								"east": {"uv": [64, 54], "uv_size": [-8, 5]},
								"south": {"uv": [64, 54], "uv_size": [-8, 5]},
								"west": {"uv": [64, 54], "uv_size": [-8, 5]},
								"up": {"uv": [56, 59], "uv_size": [8, -5]},
								"down": {"uv": [56, 54], "uv_size": [8, 5]}
							}
						},
						{
							"origin": [-5.9, 0.25, -17.4],
							"size": [0.4, 0.45, 0.15],
							"inflate": 0.05,
							"uv": {
								"north": {"uv": [63, 51], "uv_size": [-12, 9]},
								"east": {"uv": [63, 51], "uv_size": [-12, 9]},
								"south": {"uv": [63, 51], "uv_size": [-12, 9]},
								"west": {"uv": [63, 51], "uv_size": [-12, 9]},
								"up": {"uv": [51, 60], "uv_size": [12, -9]},
								"down": {"uv": [51, 60], "uv_size": [12, -9]}
							}
						},
						{
							"origin": [-5.50425, 0.25, -18.28755],
							"size": [0.3, 0.45, 0.1],
							"inflate": 0.047,
							"pivot": [-5.25425, 0.475, -18.23755],
							"rotation": [0, -45, 0],
							"uv": {
								"north": {"uv": [64, 53], "uv_size": [-8, 5]},
								"east": {"uv": [64, 53], "uv_size": [-8, 5]},
								"south": {"uv": [64, 53], "uv_size": [-8, 5]},
								"west": {"uv": [64, 53], "uv_size": [-8, 5]},
								"up": {"uv": [56, 58], "uv_size": [8, -5]},
								"down": {"uv": [56, 58], "uv_size": [8, -5]}
							}
						},
						{
							"origin": [-5.34041, 0.25, -17.97211],
							"size": [0, 0.45, 0.1],
							"inflate": 0.048,
							"pivot": [-5.09041, 0.475, -17.92211],
							"rotation": [0, -67.5, 0],
							"uv": {
								"north": {"uv": [64, 57], "uv_size": [-8, -5]},
								"east": {"uv": [64, 57], "uv_size": [-8, -5]},
								"south": {"uv": [64, 57], "uv_size": [-8, -5]},
								"west": {"uv": [64, 57], "uv_size": [-8, -5]},
								"up": {"uv": [56, 52], "uv_size": [8, 5]},
								"down": {"uv": [56, 52], "uv_size": [8, 5]}
							}
						},
						{
							"origin": [-5.40425, 0.25, -17.8],
							"size": [0.3, 0.45, 0.1],
							"inflate": 0.049,
							"pivot": [-5.15425, 0.475, -17.79613],
							"rotation": [0, -90, 0],
							"uv": {
								"north": {"uv": [63, 52], "uv_size": [-5, 3]},
								"east": {"uv": [63, 52], "uv_size": [-5, 3]},
								"south": {"uv": [63, 52], "uv_size": [-5, 3]},
								"west": {"uv": [63, 52], "uv_size": [-5, 3]},
								"up": {"uv": [58, 55], "uv_size": [5, -3]},
								"down": {"uv": [58, 55], "uv_size": [5, -3]}
							}
						},
						{
							"origin": [-5.96111, 0.25, -17.32719],
							"size": [0.5, 0.45, 0.1],
							"inflate": 0.045,
							"pivot": [-5.71111, 0.475, -17.27719],
							"rotation": [0, 22.5, 0],
							"uv": {
								"north": {"uv": [63, 52], "uv_size": [-12, 2]},
								"east": {"uv": [63, 52], "uv_size": [-12, 2]},
								"south": {"uv": [63, 52], "uv_size": [-12, 2]},
								"west": {"uv": [63, 52], "uv_size": [-12, 2]},
								"up": {"uv": [51, 54], "uv_size": [12, -2]},
								"down": {"uv": [51, 54], "uv_size": [12, -2]}
							}
						},
						{
							"origin": [-5.50425, 0.25, -17.63245],
							"size": [0.3, 0.45, 0.1],
							"inflate": 0.047,
							"pivot": [-5.25425, 0.475, -17.58245],
							"rotation": [0, 45, 0],
							"uv": {
								"north": {"uv": [64, 54], "uv_size": [-7, 7]},
								"east": {"uv": [64, 54], "uv_size": [-7, 7]},
								"south": {"uv": [64, 54], "uv_size": [-7, 7]},
								"west": {"uv": [64, 54], "uv_size": [-7, 7]},
								"up": {"uv": [57, 61], "uv_size": [7, -7]},
								"down": {"uv": [57, 61], "uv_size": [7, -7]}
							}
						},
						{
							"origin": [-5.34041, 0.25, -17.94788],
							"size": [0, 0.45, 0.1],
							"inflate": 0.048,
							"pivot": [-5.09041, 0.475, -17.89788],
							"rotation": [0, 67.5, 0],
							"uv": {
								"north": {"uv": [64, 52], "uv_size": [-8, 7]},
								"east": {"uv": [64, 52], "uv_size": [-8, 7]},
								"south": {"uv": [64, 52], "uv_size": [-8, 7]},
								"west": {"uv": [64, 52], "uv_size": [-8, 7]},
								"up": {"uv": [56, 59], "uv_size": [8, -7]},
								"down": {"uv": [56, 59], "uv_size": [8, -7]}
							}
						}
					]
				},
				{
					"name": "bone3",
					"parent": "B1",
					"pivot": [-7.52572, 0.475, -20.90077],
					"rotation": [0, 90, 0],
					"cubes": [
						{
							"origin": [-9.06846, 0.25, -21.56405],
							"size": [0.4, 0.55, 0],
							"inflate": 0.05,
							"pivot": [-8.81846, 0.525, -21.56405],
							"rotation": [0, -22.5, 0],
							"uv": {
								"north": {"uv": [49, 51], "uv_size": [-12, 12]},
								"east": {"uv": [49, 51], "uv_size": [-12, 12]},
								"south": {"uv": [49, 51], "uv_size": [-12, 12]},
								"west": {"uv": [49, 51], "uv_size": [-12, 12]},
								"up": {"uv": [37, 63], "uv_size": [12, -12]},
								"down": {"uv": [37, 63], "uv_size": [12, -12]}
							}
						},
						{
							"origin": [-9.62649, 0.25, -21.67505],
							"size": [0.5, 0.55, 0],
							"inflate": 0.05,
							"uv": {
								"north": {"uv": [49, 51], "uv_size": [-12, 12]},
								"east": {"uv": [49, 51], "uv_size": [-12, 12]},
								"south": {"uv": [49, 51], "uv_size": [-12, 12]},
								"west": {"uv": [49, 51], "uv_size": [-12, 12]},
								"up": {"uv": [37, 63], "uv_size": [12, -12]},
								"down": {"uv": [37, 63], "uv_size": [12, -12]}
							}
						},
						{
							"origin": [-8.68777, 0.25, -21.28622],
							"size": [0.4, 0.55, 0],
							"inflate": 0.05,
							"pivot": [-8.43777, 0.525, -21.28622],
							"rotation": [0, -45, 0],
							"uv": {
								"north": {"uv": [49, 51], "uv_size": [-12, 12]},
								"east": {"uv": [49, 51], "uv_size": [-12, 12]},
								"south": {"uv": [49, 51], "uv_size": [-12, 12]},
								"west": {"uv": [49, 51], "uv_size": [-12, 12]},
								"up": {"uv": [37, 63], "uv_size": [12, -12]},
								"down": {"uv": [37, 63], "uv_size": [12, -12]}
							}
						},
						{
							"origin": [-8.44238, 0.25, -20.88386],
							"size": [0.1, 0.55, 0],
							"inflate": 0.05,
							"pivot": [-8.19238, 0.525, -20.88386],
							"rotation": [0, -67.5, 0],
							"uv": {
								"north": {"uv": [49, 51], "uv_size": [-12, 12]},
								"east": {"uv": [49, 51], "uv_size": [-12, 12]},
								"south": {"uv": [49, 51], "uv_size": [-12, 12]},
								"west": {"uv": [49, 51], "uv_size": [-12, 12]},
								"up": {"uv": [37, 63], "uv_size": [12, -12]},
								"down": {"uv": [37, 63], "uv_size": [12, -12]}
							}
						},
						{
							"origin": [-8.48446, 0.25, -20.69538],
							"size": [0.15, 0.55, 0],
							"inflate": 0.05,
							"pivot": [-8.23446, 0.525, -20.69538],
							"rotation": [0, -90, 0],
							"uv": {
								"north": {"uv": [49, 51], "uv_size": [-12, 12]},
								"east": {"uv": [49, 51], "uv_size": [-12, 12]},
								"south": {"uv": [49, 51], "uv_size": [-12, 12]},
								"west": {"uv": [49, 51], "uv_size": [-12, 12]},
								"up": {"uv": [37, 63], "uv_size": [12, -12]},
								"down": {"uv": [37, 63], "uv_size": [12, -12]}
							}
						},
						{
							"origin": [-8.48446, 0.25, -20.47472],
							"size": [0.1, 0.55, 0],
							"inflate": 0.05,
							"pivot": [-8.23446, 0.525, -20.47472],
							"rotation": [0, -90, 0],
							"uv": {
								"north": {"uv": [49, 51], "uv_size": [-12, 12]},
								"east": {"uv": [49, 51], "uv_size": [-12, 12]},
								"south": {"uv": [49, 51], "uv_size": [-12, 12]},
								"west": {"uv": [49, 51], "uv_size": [-12, 12]},
								"up": {"uv": [37, 63], "uv_size": [12, -12]},
								"down": {"uv": [37, 63], "uv_size": [12, -12]}
							}
						},
						{
							"origin": [-8.44238, 0.25, -20.68624],
							"size": [0.1, 0.55, 0],
							"inflate": 0.05,
							"pivot": [-8.19238, 0.525, -20.68624],
							"rotation": [0, 67.5, 0],
							"uv": {
								"north": {"uv": [49, 51], "uv_size": [-12, 12]},
								"east": {"uv": [49, 51], "uv_size": [-12, 12]},
								"south": {"uv": [49, 51], "uv_size": [-12, 12]},
								"west": {"uv": [49, 51], "uv_size": [-12, 12]},
								"up": {"uv": [37, 63], "uv_size": [12, -12]},
								"down": {"uv": [37, 63], "uv_size": [12, -12]}
							}
						},
						{
							"origin": [-8.68777, 0.25, -20.28388],
							"size": [0.4, 0.55, 0],
							"inflate": 0.05,
							"pivot": [-8.43777, 0.525, -20.28388],
							"rotation": [0, 45, 0],
							"uv": {
								"north": {"uv": [49, 51], "uv_size": [-12, 12]},
								"east": {"uv": [49, 51], "uv_size": [-12, 12]},
								"south": {"uv": [49, 51], "uv_size": [-12, 12]},
								"west": {"uv": [49, 51], "uv_size": [-12, 12]},
								"up": {"uv": [37, 63], "uv_size": [12, -12]},
								"down": {"uv": [37, 63], "uv_size": [12, -12]}
							}
						},
						{
							"origin": [-9.06465, 0.25, -19.98691],
							"size": [0.4, 0.55, 0],
							"inflate": 0.05,
							"pivot": [-8.86465, 0.525, -19.98691],
							"rotation": [0, 22.5, 0],
							"uv": {
								"north": {"uv": [49, 51], "uv_size": [-12, 12]},
								"east": {"uv": [49, 51], "uv_size": [-12, 12]},
								"south": {"uv": [49, 51], "uv_size": [-12, 12]},
								"west": {"uv": [49, 51], "uv_size": [-12, 12]},
								"up": {"uv": [37, 63], "uv_size": [12, -12]},
								"down": {"uv": [37, 63], "uv_size": [12, -12]}
							}
						},
						{
							"origin": [-9.62649, 0.25, -19.89505],
							"size": [0.5, 0.55, 0],
							"inflate": 0.05,
							"uv": {
								"north": {"uv": [37, 51], "uv_size": [12, 12]},
								"east": {"uv": [37, 51], "uv_size": [12, 12]},
								"south": {"uv": [37, 51], "uv_size": [12, 12]},
								"west": {"uv": [37, 51], "uv_size": [12, 12]},
								"up": {"uv": [49, 63], "uv_size": [-12, -12]},
								"down": {"uv": [49, 63], "uv_size": [-12, -12]}
							}
						},
						{
							"origin": [-9.62649, 0.3, -21.57505],
							"size": [0.5, 0.45, 1.58],
							"inflate": 0.05,
							"uv": {
								"north": {"uv": [61, 53], "uv_size": [-10, 3]},
								"east": {"uv": [61, 53], "uv_size": [-10, 3]},
								"south": {"uv": [61, 53], "uv_size": [-10, 3]},
								"west": {"uv": [61, 53], "uv_size": [-10, 3]},
								"up": {"uv": [51, 56], "uv_size": [10, -3]},
								"down": {"uv": [51, 56], "uv_size": [10, -3]}
							}
						},
						{
							"origin": [-9.02649, 0.3, -21.37505],
							"size": [0.45, 0.45, 0.2],
							"inflate": 0.05,
							"uv": {
								"north": {"uv": [64, 54], "uv_size": [-8, 6]},
								"east": {"uv": [64, 54], "uv_size": [-8, 6]},
								"south": {"uv": [64, 54], "uv_size": [-8, 6]},
								"west": {"uv": [64, 54], "uv_size": [-8, 6]},
								"up": {"uv": [56, 60], "uv_size": [8, -6]},
								"down": {"uv": [56, 60], "uv_size": [8, -6]}
							}
						},
						{
							"origin": [-9.08759, 0.3, -21.46786],
							"size": [0.5, 0.45, 0.1],
							"inflate": 0.045,
							"pivot": [-8.83759, 0.525, -21.41786],
							"rotation": [0, -22.5, 0],
							"uv": {
								"north": {"uv": [61, 55], "uv_size": [-8, 9]},
								"east": {"uv": [61, 55], "uv_size": [-8, 9]},
								"south": {"uv": [61, 55], "uv_size": [-8, 9]},
								"west": {"uv": [61, 55], "uv_size": [-8, 9]},
								"up": {"uv": [53, 64], "uv_size": [8, -9]},
								"down": {"uv": [53, 64], "uv_size": [8, -9]}
							}
						},
						{
							"origin": [-9.02649, 0.3, -21.07505],
							"size": [0.6, 0.45, 0.7],
							"inflate": 0.05,
							"uv": {
								"north": {"uv": [64, 54], "uv_size": [-8, 5]},
								"east": {"uv": [64, 54], "uv_size": [-8, 5]},
								"south": {"uv": [64, 54], "uv_size": [-8, 5]},
								"west": {"uv": [64, 54], "uv_size": [-8, 5]},
								"up": {"uv": [56, 59], "uv_size": [8, -5]},
								"down": {"uv": [56, 54], "uv_size": [8, 5]}
							}
						},
						{
							"origin": [-9.02649, 0.3, -20.27505],
							"size": [0.4, 0.45, 0.15],
							"inflate": 0.05,
							"uv": {
								"north": {"uv": [63, 51], "uv_size": [-12, 9]},
								"east": {"uv": [63, 51], "uv_size": [-12, 9]},
								"south": {"uv": [63, 51], "uv_size": [-12, 9]},
								"west": {"uv": [63, 51], "uv_size": [-12, 9]},
								"up": {"uv": [51, 60], "uv_size": [12, -9]},
								"down": {"uv": [51, 60], "uv_size": [12, -9]}
							}
						},
						{
							"origin": [-8.63074, 0.3, -21.1626],
							"size": [0.3, 0.45, 0.1],
							"inflate": 0.047,
							"pivot": [-8.38074, 0.525, -21.1126],
							"rotation": [0, -45, 0],
							"uv": {
								"north": {"uv": [64, 53], "uv_size": [-8, 5]},
								"east": {"uv": [64, 53], "uv_size": [-8, 5]},
								"south": {"uv": [64, 53], "uv_size": [-8, 5]},
								"west": {"uv": [64, 53], "uv_size": [-8, 5]},
								"up": {"uv": [56, 58], "uv_size": [8, -5]},
								"down": {"uv": [56, 58], "uv_size": [8, -5]}
							}
						},
						{
							"origin": [-8.4669, 0.3, -20.84716],
							"size": [0, 0.45, 0.1],
							"inflate": 0.048,
							"pivot": [-8.2169, 0.525, -20.79716],
							"rotation": [0, -67.5, 0],
							"uv": {
								"north": {"uv": [64, 57], "uv_size": [-8, -5]},
								"east": {"uv": [64, 57], "uv_size": [-8, -5]},
								"south": {"uv": [64, 57], "uv_size": [-8, -5]},
								"west": {"uv": [64, 57], "uv_size": [-8, -5]},
								"up": {"uv": [56, 52], "uv_size": [8, 5]},
								"down": {"uv": [56, 52], "uv_size": [8, 5]}
							}
						},
						{
							"origin": [-8.53074, 0.3, -20.67505],
							"size": [0.3, 0.45, 0.1],
							"inflate": 0.049,
							"pivot": [-8.28074, 0.525, -20.67117],
							"rotation": [0, -90, 0],
							"uv": {
								"north": {"uv": [63, 52], "uv_size": [-5, 3]},
								"east": {"uv": [63, 52], "uv_size": [-5, 3]},
								"south": {"uv": [63, 52], "uv_size": [-5, 3]},
								"west": {"uv": [63, 52], "uv_size": [-5, 3]},
								"up": {"uv": [58, 55], "uv_size": [5, -3]},
								"down": {"uv": [58, 55], "uv_size": [5, -3]}
							}
						},
						{
							"origin": [-9.08759, 0.3, -20.20224],
							"size": [0.5, 0.45, 0.1],
							"inflate": 0.045,
							"pivot": [-8.83759, 0.525, -20.15224],
							"rotation": [0, 22.5, 0],
							"uv": {
								"north": {"uv": [63, 52], "uv_size": [-12, 2]},
								"east": {"uv": [63, 52], "uv_size": [-12, 2]},
								"south": {"uv": [63, 52], "uv_size": [-12, 2]},
								"west": {"uv": [63, 52], "uv_size": [-12, 2]},
								"up": {"uv": [51, 54], "uv_size": [12, -2]},
								"down": {"uv": [51, 54], "uv_size": [12, -2]}
							}
						},
						{
							"origin": [-8.63074, 0.3, -20.5075],
							"size": [0.3, 0.45, 0.1],
							"inflate": 0.047,
							"pivot": [-8.38074, 0.525, -20.4575],
							"rotation": [0, 45, 0],
							"uv": {
								"north": {"uv": [64, 54], "uv_size": [-7, 7]},
								"east": {"uv": [64, 54], "uv_size": [-7, 7]},
								"south": {"uv": [64, 54], "uv_size": [-7, 7]},
								"west": {"uv": [64, 54], "uv_size": [-7, 7]},
								"up": {"uv": [57, 61], "uv_size": [7, -7]},
								"down": {"uv": [57, 61], "uv_size": [7, -7]}
							}
						},
						{
							"origin": [-8.4669, 0.3, -20.82293],
							"size": [0, 0.45, 0.1],
							"inflate": 0.048,
							"pivot": [-8.2169, 0.525, -20.77293],
							"rotation": [0, 67.5, 0],
							"uv": {
								"north": {"uv": [64, 52], "uv_size": [-8, 7]},
								"east": {"uv": [64, 52], "uv_size": [-8, 7]},
								"south": {"uv": [64, 52], "uv_size": [-8, 7]},
								"west": {"uv": [64, 52], "uv_size": [-8, 7]},
								"up": {"uv": [56, 59], "uv_size": [8, -7]},
								"down": {"uv": [56, 59], "uv_size": [8, -7]}
							}
						}
					]
				},
				{
					"name": "bone4",
					"parent": "B1",
					"pivot": [-7.52572, 0.475, -14.09923],
					"rotation": [0, -90, 0],
					"cubes": [
						{
							"origin": [-9.88846, 0.25, -13.43595],
							"size": [0.4, 0.55, 0],
							"inflate": 0.05,
							"pivot": [-9.63846, 0.525, -13.43595],
							"rotation": [0, 22.5, 0],
							"uv": {
								"north": {"uv": [37, 51], "uv_size": [12, 12]},
								"east": {"uv": [37, 51], "uv_size": [12, 12]},
								"south": {"uv": [37, 51], "uv_size": [12, 12]},
								"west": {"uv": [37, 51], "uv_size": [12, 12]},
								"up": {"uv": [37, 51], "uv_size": [12, 12]},
								"down": {"uv": [37, 51], "uv_size": [12, 12]}
							}
						},
						{
							"origin": [-10.44649, 0.25, -13.32495],
							"size": [0.5, 0.55, 0],
							"inflate": 0.05,
							"uv": {
								"north": {"uv": [37, 51], "uv_size": [12, 12]},
								"east": {"uv": [37, 51], "uv_size": [12, 12]},
								"south": {"uv": [37, 51], "uv_size": [12, 12]},
								"west": {"uv": [37, 51], "uv_size": [12, 12]},
								"up": {"uv": [37, 51], "uv_size": [12, 12]},
								"down": {"uv": [37, 51], "uv_size": [12, 12]}
							}
						},
						{
							"origin": [-9.50777, 0.25, -13.71378],
							"size": [0.4, 0.55, 0],
							"inflate": 0.05,
							"pivot": [-9.25777, 0.525, -13.71378],
							"rotation": [0, 45, 0],
							"uv": {
								"north": {"uv": [37, 51], "uv_size": [12, 12]},
								"east": {"uv": [37, 51], "uv_size": [12, 12]},
								"south": {"uv": [37, 51], "uv_size": [12, 12]},
								"west": {"uv": [37, 51], "uv_size": [12, 12]},
								"up": {"uv": [37, 51], "uv_size": [12, 12]},
								"down": {"uv": [37, 51], "uv_size": [12, 12]}
							}
						},
						{
							"origin": [-9.26238, 0.25, -14.11614],
							"size": [0.1, 0.55, 0],
							"inflate": 0.05,
							"pivot": [-9.01238, 0.525, -14.11614],
							"rotation": [0, 67.5, 0],
							"uv": {
								"north": {"uv": [37, 51], "uv_size": [12, 12]},
								"east": {"uv": [37, 51], "uv_size": [12, 12]},
								"south": {"uv": [37, 51], "uv_size": [12, 12]},
								"west": {"uv": [37, 51], "uv_size": [12, 12]},
								"up": {"uv": [37, 51], "uv_size": [12, 12]},
								"down": {"uv": [37, 51], "uv_size": [12, 12]}
							}
						},
						{
							"origin": [-9.30446, 0.25, -14.30462],
							"size": [0.15, 0.55, 0],
							"inflate": 0.05,
							"pivot": [-9.05446, 0.525, -14.30462],
							"rotation": [0, 90, 0],
							"uv": {
								"north": {"uv": [37, 51], "uv_size": [12, 12]},
								"east": {"uv": [37, 51], "uv_size": [12, 12]},
								"south": {"uv": [37, 51], "uv_size": [12, 12]},
								"west": {"uv": [37, 51], "uv_size": [12, 12]},
								"up": {"uv": [37, 51], "uv_size": [12, 12]},
								"down": {"uv": [37, 51], "uv_size": [12, 12]}
							}
						},
						{
							"origin": [-9.30446, 0.25, -14.52528],
							"size": [0.1, 0.55, 0],
							"inflate": 0.05,
							"pivot": [-9.05446, 0.525, -14.52528],
							"rotation": [0, 90, 0],
							"uv": {
								"north": {"uv": [37, 51], "uv_size": [12, 12]},
								"east": {"uv": [37, 51], "uv_size": [12, 12]},
								"south": {"uv": [37, 51], "uv_size": [12, 12]},
								"west": {"uv": [37, 51], "uv_size": [12, 12]},
								"up": {"uv": [37, 51], "uv_size": [12, 12]},
								"down": {"uv": [37, 51], "uv_size": [12, 12]}
							}
						},
						{
							"origin": [-9.26238, 0.25, -14.31376],
							"size": [0.1, 0.55, 0],
							"inflate": 0.05,
							"pivot": [-9.01238, 0.525, -14.31376],
							"rotation": [0, -67.5, 0],
							"uv": {
								"north": {"uv": [37, 51], "uv_size": [12, 12]},
								"east": {"uv": [37, 51], "uv_size": [12, 12]},
								"south": {"uv": [37, 51], "uv_size": [12, 12]},
								"west": {"uv": [37, 51], "uv_size": [12, 12]},
								"up": {"uv": [37, 51], "uv_size": [12, 12]},
								"down": {"uv": [37, 51], "uv_size": [12, 12]}
							}
						},
						{
							"origin": [-9.50777, 0.25, -14.71612],
							"size": [0.4, 0.55, 0],
							"inflate": 0.05,
							"pivot": [-9.25777, 0.525, -14.71612],
							"rotation": [0, -45, 0],
							"uv": {
								"north": {"uv": [37, 51], "uv_size": [12, 12]},
								"east": {"uv": [37, 51], "uv_size": [12, 12]},
								"south": {"uv": [37, 51], "uv_size": [12, 12]},
								"west": {"uv": [37, 51], "uv_size": [12, 12]},
								"up": {"uv": [37, 51], "uv_size": [12, 12]},
								"down": {"uv": [37, 51], "uv_size": [12, 12]}
							}
						},
						{
							"origin": [-9.88465, 0.25, -15.01309],
							"size": [0.4, 0.55, 0],
							"inflate": 0.05,
							"pivot": [-9.68465, 0.525, -15.01309],
							"rotation": [0, -22.5, 0],
							"uv": {
								"north": {"uv": [37, 51], "uv_size": [12, 12]},
								"east": {"uv": [37, 51], "uv_size": [12, 12]},
								"south": {"uv": [37, 51], "uv_size": [12, 12]},
								"west": {"uv": [37, 51], "uv_size": [12, 12]},
								"up": {"uv": [37, 51], "uv_size": [12, 12]},
								"down": {"uv": [37, 51], "uv_size": [12, 12]}
							}
						},
						{
							"origin": [-10.44649, 0.25, -15.10495],
							"size": [0.5, 0.55, 0],
							"inflate": 0.05,
							"uv": {
								"north": {"uv": [49, 51], "uv_size": [-12, 12]},
								"east": {"uv": [49, 51], "uv_size": [-12, 12]},
								"south": {"uv": [49, 51], "uv_size": [-12, 12]},
								"west": {"uv": [49, 51], "uv_size": [-12, 12]},
								"up": {"uv": [49, 51], "uv_size": [-12, 12]},
								"down": {"uv": [49, 51], "uv_size": [-12, 12]}
							}
						},
						{
							"origin": [-10.44649, 0.3, -15.00495],
							"size": [0.5, 0.45, 1.58],
							"inflate": 0.05,
							"uv": {
								"north": {"uv": [51, 53], "uv_size": [10, 3]},
								"east": {"uv": [51, 53], "uv_size": [10, 3]},
								"south": {"uv": [51, 53], "uv_size": [10, 3]},
								"west": {"uv": [51, 53], "uv_size": [10, 3]},
								"up": {"uv": [51, 53], "uv_size": [10, 3]},
								"down": {"uv": [51, 53], "uv_size": [10, 3]}
							}
						},
						{
							"origin": [-9.84649, 0.3, -13.82495],
							"size": [0.45, 0.45, 0.2],
							"inflate": 0.05,
							"uv": {
								"north": {"uv": [56, 54], "uv_size": [8, 6]},
								"east": {"uv": [56, 54], "uv_size": [8, 6]},
								"south": {"uv": [56, 54], "uv_size": [8, 6]},
								"west": {"uv": [56, 54], "uv_size": [8, 6]},
								"up": {"uv": [56, 54], "uv_size": [8, 6]},
								"down": {"uv": [56, 54], "uv_size": [8, 6]}
							}
						},
						{
							"origin": [-9.90759, 0.3, -13.63214],
							"size": [0.5, 0.45, 0.1],
							"inflate": 0.045,
							"pivot": [-9.65759, 0.525, -13.58214],
							"rotation": [0, 22.5, 0],
							"uv": {
								"north": {"uv": [53, 55], "uv_size": [8, 9]},
								"east": {"uv": [53, 55], "uv_size": [8, 9]},
								"south": {"uv": [53, 55], "uv_size": [8, 9]},
								"west": {"uv": [53, 55], "uv_size": [8, 9]},
								"up": {"uv": [53, 55], "uv_size": [8, 9]},
								"down": {"uv": [53, 55], "uv_size": [8, 9]}
							}
						},
						{
							"origin": [-9.84649, 0.3, -14.62495],
							"size": [0.6, 0.45, 0.7],
							"inflate": 0.05,
							"uv": {
								"north": {"uv": [56, 54], "uv_size": [8, 5]},
								"east": {"uv": [56, 54], "uv_size": [8, 5]},
								"south": {"uv": [56, 54], "uv_size": [8, 5]},
								"west": {"uv": [56, 54], "uv_size": [8, 5]},
								"up": {"uv": [56, 54], "uv_size": [8, 5]},
								"down": {"uv": [56, 59], "uv_size": [8, -5]}
							}
						},
						{
							"origin": [-9.84649, 0.3, -14.87495],
							"size": [0.4, 0.45, 0.15],
							"inflate": 0.05,
							"uv": {
								"north": {"uv": [51, 51], "uv_size": [12, 9]},
								"east": {"uv": [51, 51], "uv_size": [12, 9]},
								"south": {"uv": [51, 51], "uv_size": [12, 9]},
								"west": {"uv": [51, 51], "uv_size": [12, 9]},
								"up": {"uv": [51, 51], "uv_size": [12, 9]},
								"down": {"uv": [51, 51], "uv_size": [12, 9]}
							}
						},
						{
							"origin": [-9.45074, 0.3, -13.9374],
							"size": [0.3, 0.45, 0.1],
							"inflate": 0.047,
							"pivot": [-9.20074, 0.525, -13.8874],
							"rotation": [0, 45, 0],
							"uv": {
								"north": {"uv": [56, 53], "uv_size": [8, 5]},
								"east": {"uv": [56, 53], "uv_size": [8, 5]},
								"south": {"uv": [56, 53], "uv_size": [8, 5]},
								"west": {"uv": [56, 53], "uv_size": [8, 5]},
								"up": {"uv": [56, 53], "uv_size": [8, 5]},
								"down": {"uv": [56, 53], "uv_size": [8, 5]}
							}
						},
						{
							"origin": [-9.2869, 0.3, -14.25284],
							"size": [0, 0.45, 0.1],
							"inflate": 0.048,
							"pivot": [-9.0369, 0.525, -14.20284],
							"rotation": [0, 67.5, 0],
							"uv": {
								"north": {"uv": [56, 57], "uv_size": [8, -5]},
								"east": {"uv": [56, 57], "uv_size": [8, -5]},
								"south": {"uv": [56, 57], "uv_size": [8, -5]},
								"west": {"uv": [56, 57], "uv_size": [8, -5]},
								"up": {"uv": [56, 57], "uv_size": [8, -5]},
								"down": {"uv": [56, 57], "uv_size": [8, -5]}
							}
						},
						{
							"origin": [-9.35074, 0.3, -14.42495],
							"size": [0.3, 0.45, 0.1],
							"inflate": 0.049,
							"pivot": [-9.10074, 0.525, -14.32883],
							"rotation": [0, 90, 0],
							"uv": {
								"north": {"uv": [58, 52], "uv_size": [5, 3]},
								"east": {"uv": [58, 52], "uv_size": [5, 3]},
								"south": {"uv": [58, 52], "uv_size": [5, 3]},
								"west": {"uv": [58, 52], "uv_size": [5, 3]},
								"up": {"uv": [58, 52], "uv_size": [5, 3]},
								"down": {"uv": [58, 52], "uv_size": [5, 3]}
							}
						},
						{
							"origin": [-9.90759, 0.3, -14.89776],
							"size": [0.5, 0.45, 0.1],
							"inflate": 0.045,
							"pivot": [-9.65759, 0.525, -14.84776],
							"rotation": [0, -22.5, 0],
							"uv": {
								"north": {"uv": [51, 52], "uv_size": [12, 2]},
								"east": {"uv": [51, 52], "uv_size": [12, 2]},
								"south": {"uv": [51, 52], "uv_size": [12, 2]},
								"west": {"uv": [51, 52], "uv_size": [12, 2]},
								"up": {"uv": [51, 52], "uv_size": [12, 2]},
								"down": {"uv": [51, 52], "uv_size": [12, 2]}
							}
						},
						{
							"origin": [-9.45074, 0.3, -14.5925],
							"size": [0.3, 0.45, 0.1],
							"inflate": 0.047,
							"pivot": [-9.20074, 0.525, -14.5425],
							"rotation": [0, -45, 0],
							"uv": {
								"north": {"uv": [57, 54], "uv_size": [7, 7]},
								"east": {"uv": [57, 54], "uv_size": [7, 7]},
								"south": {"uv": [57, 54], "uv_size": [7, 7]},
								"west": {"uv": [57, 54], "uv_size": [7, 7]},
								"up": {"uv": [57, 54], "uv_size": [7, 7]},
								"down": {"uv": [57, 54], "uv_size": [7, 7]}
							}
						},
						{
							"origin": [-9.2869, 0.3, -14.27707],
							"size": [0, 0.45, 0.1],
							"inflate": 0.048,
							"pivot": [-9.0369, 0.525, -14.22707],
							"rotation": [0, -67.5, 0],
							"uv": {
								"north": {"uv": [56, 52], "uv_size": [8, 7]},
								"east": {"uv": [56, 52], "uv_size": [8, 7]},
								"south": {"uv": [56, 52], "uv_size": [8, 7]},
								"west": {"uv": [56, 52], "uv_size": [8, 7]},
								"up": {"uv": [56, 52], "uv_size": [8, 7]},
								"down": {"uv": [56, 52], "uv_size": [8, 7]}
							}
						}
					]
				},
				{
					"name": "L1",
					"parent": "NichirinR",
					"pivot": [-7, 13, -18],
					"cubes": [
						{
							"origin": [-7.6, 0, -18.8],
							"size": [0.2, 21, 1],
							"uv": {
								"north": {"uv": [2, 0], "uv_size": [-2, 64]},
								"east": {"uv": [11, 0], "uv_size": [-11, 64]},
								"south": {"uv": [11, 0], "uv_size": [-11, 64]},
								"west": {"uv": [0, 0], "uv_size": [11, 64]},
								"up": {"uv": [0, 64], "uv_size": [11, -64]},
								"down": {"uv": [0, 64], "uv_size": [11, -64]}
							}
						},
						{
							"origin": [-7.596, 22.3, -18.794],
							"size": [0.192, 0.5, 0.288],
							"uv": {
								"north": {"uv": [16, 5], "uv_size": [1, -5]},
								"east": {"uv": [16, 5], "uv_size": [1, -5]},
								"south": {"uv": [16, 5], "uv_size": [1, -5]},
								"west": {"uv": [16, 5], "uv_size": [1, -5]},
								"up": {"uv": [17, 0], "uv_size": [-1, 5]},
								"down": {"uv": [17, 0], "uv_size": [-1, 5]}
							}
						},
						{
							"origin": [-7.6, 21, -18.8],
							"size": [0.2, 0.5, 1],
							"uv": {
								"north": {"uv": [3, 64], "uv_size": [-3, -64]},
								"east": {"uv": [3, 64], "uv_size": [-3, -64]},
								"south": {"uv": [3, 64], "uv_size": [-3, -64]},
								"west": {"uv": [3, 64], "uv_size": [-3, -64]},
								"up": {"uv": [0, 0], "uv_size": [3, 64]},
								"down": {"uv": [0, 0], "uv_size": [3, 64]}
							}
						},
						{
							"origin": [-7.59996, 21.07948, -18.00005],
							"size": [0.19992, 0.4998, 0.4998],
							"pivot": [-7.40004, 20.54122, -18.70842],
							"rotation": [22.5, 0, 0],
							"uv": {
								"north": {"uv": [3, 64], "uv_size": [-3, -64]},
								"east": {"uv": [3, 64], "uv_size": [-3, -64]},
								"south": {"uv": [3, 64], "uv_size": [-3, -64]},
								"west": {"uv": [3, 64], "uv_size": [-3, -64]},
								"up": {"uv": [0, 0], "uv_size": [3, 64]},
								"down": {"uv": [0, 0], "uv_size": [3, 64]}
							}
						},
						{
							"origin": [-7.598, 21.27321, -17.76205],
							"size": [0.196, 0.49, 0.49],
							"pivot": [-7.402, 20.74551, -18.45653],
							"rotation": [45, 0, 0],
							"uv": {
								"north": {"uv": [3, 64], "uv_size": [-1, -64]},
								"east": {"uv": [3, 64], "uv_size": [-1, -64]},
								"south": {"uv": [3, 64], "uv_size": [-1, -64]},
								"west": {"uv": [3, 64], "uv_size": [-1, -64]},
								"up": {"uv": [2, 0], "uv_size": [1, 64]},
								"down": {"uv": [2, 0], "uv_size": [1, 64]}
							}
						},
						{
							"origin": [-7.596, 21.64591, -17.11642],
							"size": [0.194, 0.49, 0.49],
							"pivot": [-7.402, 21.11821, -17.8109],
							"rotation": [90, 0, 0],
							"uv": {
								"north": {"uv": [3, 64], "uv_size": [-3, -64]},
								"east": {"uv": [3, 64], "uv_size": [-3, -64]},
								"south": {"uv": [3, 64], "uv_size": [-3, -64]},
								"west": {"uv": [3, 64], "uv_size": [-3, -64]},
								"up": {"uv": [0, 0], "uv_size": [3, 64]},
								"down": {"uv": [0, 0], "uv_size": [3, 64]}
							}
						},
						{
							"origin": [-7.59604, 20.5099, -18.8],
							"size": [0.19208, 1.4802, 0.49],
							"uv": {
								"north": {"uv": [3, 64], "uv_size": [-3, -64]},
								"east": {"uv": [3, 64], "uv_size": [-3, -64]},
								"south": {"uv": [3, 64], "uv_size": [-3, -64]},
								"west": {"uv": [3, 64], "uv_size": [-3, -64]},
								"up": {"uv": [0, 0], "uv_size": [3, 64]},
								"down": {"uv": [0, 0], "uv_size": [3, 64]}
							}
						},
						{
							"origin": [-7.588, 20.98837, -25.79699],
							"size": [0.188, 0.288, 0.2],
							"pivot": [-7.02, 3.70837, -18.30899],
							"rotation": [-22.5, 0, 0],
							"uv": {
								"north": {"uv": [17, 43], "uv_size": [-1, -43]},
								"east": {"uv": [17, 43], "uv_size": [-1, -43]},
								"south": {"uv": [17, 43], "uv_size": [-1, -43]},
								"west": {"uv": [17, 43], "uv_size": [-1, -43]},
								"up": {"uv": [16, 0], "uv_size": [1, 43]},
								"down": {"uv": [16, 0], "uv_size": [1, 43]}
							}
						},
						{
							"origin": [-7.6, 0.9, -17.8],
							"size": [0.2, 20.1, 0.6],
							"uv": {
								"north": {"uv": [11, 64], "uv_size": [6, -64]},
								"east": {"uv": [17, 64], "uv_size": [-6, -64]},
								"south": {"uv": [16, 45], "uv_size": [1, -45]},
								"west": {"uv": [11, 64], "uv_size": [6, -64]},
								"up": {"uv": [17, 0], "uv_size": [-6, 64]},
								"down": {"uv": [17, 0], "uv_size": [-6, 64]}
							}
						},
						{
							"origin": [-7.596, 20.53, -14.66],
							"size": [0.192, 1.152, 0.576],
							"pivot": [-7.02, 12.92596, -16.78538],
							"rotation": [22.5, 0, 0],
							"uv": {
								"north": {"uv": [17, 5], "uv_size": [-6, -5]},
								"east": {"uv": [17, 5], "uv_size": [-6, -5]},
								"south": {"uv": [17, 5], "uv_size": [-1, -5]},
								"west": {"uv": [11, 5], "uv_size": [6, -5]},
								"up": {"uv": [11, 0], "uv_size": [6, 5]},
								"down": {"uv": [11, 0], "uv_size": [6, 5]}
							}
						},
						{
							"origin": [-7.594, 22.96033, -10.6409],
							"size": [0.19, 0.96, 0.576],
							"pivot": [-7.02, 13.36033, -12.7529],
							"rotation": [45, 0, 0],
							"uv": {
								"north": {"uv": [16, 5], "uv_size": [1, -5]},
								"east": {"uv": [16, 5], "uv_size": [1, -5]},
								"south": {"uv": [16, 5], "uv_size": [1, -5]},
								"west": {"uv": [16, 5], "uv_size": [1, -5]},
								"up": {"uv": [17, 0], "uv_size": [-1, 5]},
								"down": {"uv": [17, 0], "uv_size": [-1, 5]}
							}
						}
					],
					"locators": {
						"effect1": [-7.5, 2, -18],
						"effect2": [-7.5, 7, -18],
						"effect3": [-7.5, 12, -18],
						"effect4": [-7.5, 17, -18],
						"effect5": [-7.5, 22, -18]
					}
				}
			]
		}
	]
}