{
	"format_version": "1.12.0",
	"minecraft:geometry": [
		{
			"description": {
				"identifier": "geometry.nichirin_tokito",
				"texture_width": 64,
				"texture_height": 64,
				"visible_bounds_width": 3,
				"visible_bounds_height": 4.5,
				"visible_bounds_offset": [0, 0.75, 0]
			},
			"bones": [
				{
					"name": "waist",
					"pivot": [0, 0, 0]
				},
				{
					"name": "root",
					"parent": "waist",
					"pivot": [0, 0, 0]
				},
				{
					"name": "body",
					"parent": "root",
					"pivot": [0, 0, 0]
				},
				{
					"name": "rightArm",
					"parent": "body",
					"pivot": [-5, 22, 0]
				},
				{
					"name": "NichirinR",
					"parent": "rightArm",
					"pivot": [-5.7, 13, 3],
					"rotation": [90, 0, 180]
				},
				{
					"name": "B1",
					"parent": "NichirinR",
					"pivot": [-5, 34, 3],
					"cubes": [
						{
							"origin": [-6, 12, 1.9],
							"size": [1, 1.2, 2.2],
							"uv": {
								"north": {"uv": [50, 50], "uv_size": [14, 14]},
								"east": {"uv": [50, 50], "uv_size": [14, 14]},
								"south": {"uv": [50, 50], "uv_size": [14, 14]},
								"west": {"uv": [50, 50], "uv_size": [14, 14]},
								"up": {"uv": [64, 64], "uv_size": [-14, -14]},
								"down": {"uv": [64, 64], "uv_size": [-14, -14]}
							}
						},
						{
							"origin": [-6.01, 20.7, 1.88],
							"size": [1.02, 1.2, 2.24],
							"uv": {
								"north": {"uv": [50, 50], "uv_size": [14, 14]},
								"east": {"uv": [50, 50], "uv_size": [14, 14]},
								"south": {"uv": [50, 50], "uv_size": [14, 14]},
								"west": {"uv": [50, 50], "uv_size": [14, 14]},
								"up": {"uv": [64, 64], "uv_size": [-14, -14]},
								"down": {"uv": [64, 64], "uv_size": [-14, -14]}
							}
						},
						{
							"origin": [-7.3, 21.7, 1.88],
							"size": [3, 0.26, 1.6],
							"pivot": [-5.49, 21.83, 2.68],
							"rotation": [0, 90, 0],
							"uv": {
								"north": {"uv": [50, 60], "uv_size": [14, 4]},
								"east": {"uv": [50, 60], "uv_size": [14, 4]},
								"south": {"uv": [50, 60], "uv_size": [14, 4]},
								"west": {"uv": [50, 60], "uv_size": [14, 4]},
								"up": {"uv": [64, 64], "uv_size": [-14, -4]},
								"down": {"uv": [64, 64], "uv_size": [-14, -4]}
							}
						},
						{
							"origin": [-6.5, 21.625, 0.88],
							"size": [3, 0.4, 0.2],
							"pivot": [-4.69, 21.83, 2.68],
							"rotation": [0, 90, 0],
							"uv": {
								"north": {"uv": [37, 36], "uv_size": [12, 13]},
								"east": {"uv": [37, 36], "uv_size": [12, 13]},
								"south": {"uv": [37, 36], "uv_size": [12, 13]},
								"west": {"uv": [37, 36], "uv_size": [12, 13]},
								"up": {"uv": [49, 49], "uv_size": [-12, -13]},
								"down": {"uv": [49, 49], "uv_size": [-12, -13]}
							}
						},
						{
							"origin": [7.5, 21.625, 15.88],
							"size": [3, 0.4, 0.2],
							"pivot": [8.69, 21.83, 2.68],
							"rotation": [0, -90, 0],
							"uv": {
								"north": {"uv": [49, 36], "uv_size": [-12, 13]},
								"east": {"uv": [49, 36], "uv_size": [-12, 13]},
								"south": {"uv": [49, 36], "uv_size": [-12, 13]},
								"west": {"uv": [49, 36], "uv_size": [-12, 13]},
								"up": {"uv": [37, 49], "uv_size": [12, -13]},
								"down": {"uv": [37, 49], "uv_size": [12, -13]}
							}
						},
						{
							"origin": [-6.49, 21.625, 1.29],
							"size": [2, 0.4, 0.2],
							"uv": {
								"north": {"uv": [49, 36], "uv_size": [-12, 13]},
								"east": {"uv": [49, 36], "uv_size": [-12, 13]},
								"south": {"uv": [49, 36], "uv_size": [-12, 13]},
								"west": {"uv": [49, 36], "uv_size": [-12, 13]},
								"up": {"uv": [37, 49], "uv_size": [12, -13]},
								"down": {"uv": [37, 49], "uv_size": [12, -13]}
							}
						},
						{
							"origin": [-6.49, 21.625, 4.51],
							"size": [2, 0.4, 0.2],
							"uv": {
								"north": {"uv": [49, 49], "uv_size": [-12, -13]},
								"east": {"uv": [49, 49], "uv_size": [-12, -13]},
								"south": {"uv": [49, 49], "uv_size": [-12, -13]},
								"west": {"uv": [49, 49], "uv_size": [-12, -13]},
								"up": {"uv": [37, 36], "uv_size": [12, 13]},
								"down": {"uv": [37, 36], "uv_size": [12, 13]}
							}
						},
						{
							"origin": [-5.9648, 13.07, 2.0016],
							"size": [0.9, 7.76, 1.9968],
							"uv": {
								"north": {"uv": [22, 50], "uv_size": [14, 14]},
								"east": {"uv": [22, 50], "uv_size": [14, 14]},
								"south": {"uv": [22, 50], "uv_size": [14, 14]},
								"west": {"uv": [22, 50], "uv_size": [14, 14]},
								"up": {"uv": [36, 64], "uv_size": [-14, -14]},
								"down": {"uv": [36, 64], "uv_size": [-14, -14]}
							}
						}
					]
				},
				{
					"name": "BS1",
					"parent": "B1",
					"pivot": [-5, 34, 3],
					"cubes": [
						{
							"origin": [-5.98, 13.2, 1.9],
							"size": [0.96, 0.5, 1.2],
							"uv": {
								"north": {"uv": [37, 51], "uv_size": [12, 12]},
								"east": {"uv": [37, 51], "uv_size": [12, 12]},
								"south": {"uv": [37, 51], "uv_size": [12, 12]},
								"west": {"uv": [37, 51], "uv_size": [12, 12]},
								"up": {"uv": [49, 63], "uv_size": [-12, -12]},
								"down": {"uv": [49, 63], "uv_size": [-12, -12]}
							}
						},
						{
							"origin": [-5.98, 14.2, 1.9],
							"size": [0.96, 0.5, 0.2],
							"uv": {
								"north": {"uv": [37, 51], "uv_size": [12, 12]},
								"east": {"uv": [37, 51], "uv_size": [12, 12]},
								"south": {"uv": [37, 51], "uv_size": [12, 12]},
								"west": {"uv": [37, 51], "uv_size": [12, 12]},
								"up": {"uv": [49, 63], "uv_size": [-12, -12]},
								"down": {"uv": [49, 63], "uv_size": [-12, -12]}
							}
						},
						{
							"origin": [-5.98, 13.7, 1.9],
							"size": [0.96, 0.5, 0.2],
							"uv": {
								"north": {"uv": [37, 51], "uv_size": [12, 12]},
								"east": {"uv": [37, 51], "uv_size": [12, 12]},
								"south": {"uv": [37, 51], "uv_size": [12, 12]},
								"west": {"uv": [37, 51], "uv_size": [12, 12]},
								"up": {"uv": [49, 63], "uv_size": [-12, -12]},
								"down": {"uv": [49, 63], "uv_size": [-12, -12]}
							}
						},
						{
							"origin": [-5.98, 15.2, 1.9],
							"size": [0.96, 0.5, 0.2],
							"uv": {
								"north": {"uv": [37, 51], "uv_size": [12, 12]},
								"east": {"uv": [37, 51], "uv_size": [12, 12]},
								"south": {"uv": [37, 51], "uv_size": [12, 12]},
								"west": {"uv": [37, 51], "uv_size": [12, 12]},
								"up": {"uv": [49, 63], "uv_size": [-12, -12]},
								"down": {"uv": [49, 63], "uv_size": [-12, -12]}
							}
						},
						{
							"origin": [-5.98, 14.7, 1.9],
							"size": [0.96, 0.5, 0.2],
							"uv": {
								"north": {"uv": [37, 51], "uv_size": [12, 12]},
								"east": {"uv": [37, 51], "uv_size": [12, 12]},
								"south": {"uv": [37, 51], "uv_size": [12, 12]},
								"west": {"uv": [37, 51], "uv_size": [12, 12]},
								"up": {"uv": [49, 63], "uv_size": [-12, -12]},
								"down": {"uv": [49, 63], "uv_size": [-12, -12]}
							}
						},
						{
							"origin": [-5.98, 16.2, 1.9],
							"size": [0.96, 0.5, 0.2],
							"uv": {
								"north": {"uv": [36, 50], "uv_size": [14, 14]},
								"east": {"uv": [36, 50], "uv_size": [14, 14]},
								"south": {"uv": [36, 50], "uv_size": [14, 14]},
								"west": {"uv": [36, 50], "uv_size": [14, 14]},
								"up": {"uv": [50, 64], "uv_size": [-14, -14]},
								"down": {"uv": [50, 64], "uv_size": [-14, -14]}
							}
						},
						{
							"origin": [-5.98, 15.7, 1.9],
							"size": [0.96, 0.5, 0.2],
							"uv": {
								"north": {"uv": [37, 51], "uv_size": [12, 12]},
								"east": {"uv": [37, 51], "uv_size": [12, 12]},
								"south": {"uv": [37, 51], "uv_size": [12, 12]},
								"west": {"uv": [37, 51], "uv_size": [12, 12]},
								"up": {"uv": [49, 63], "uv_size": [-12, -12]},
								"down": {"uv": [49, 63], "uv_size": [-12, -12]}
							}
						},
						{
							"origin": [-5.98, 17.2, 1.9],
							"size": [0.96, 0.5, 0.2],
							"uv": {
								"north": {"uv": [37, 51], "uv_size": [12, 12]},
								"east": {"uv": [37, 51], "uv_size": [12, 12]},
								"south": {"uv": [37, 51], "uv_size": [12, 12]},
								"west": {"uv": [37, 51], "uv_size": [12, 12]},
								"up": {"uv": [49, 63], "uv_size": [-12, -12]},
								"down": {"uv": [49, 63], "uv_size": [-12, -12]}
							}
						},
						{
							"origin": [-5.98, 16.7, 1.9],
							"size": [0.96, 0.5, 0.2],
							"uv": {
								"north": {"uv": [37, 51], "uv_size": [12, 12]},
								"east": {"uv": [37, 51], "uv_size": [12, 12]},
								"south": {"uv": [37, 51], "uv_size": [12, 12]},
								"west": {"uv": [37, 51], "uv_size": [12, 12]},
								"up": {"uv": [49, 63], "uv_size": [-12, -12]},
								"down": {"uv": [49, 63], "uv_size": [-12, -12]}
							}
						},
						{
							"origin": [-5.98, 18.2, 1.9],
							"size": [0.96, 0.5, 0.2],
							"uv": {
								"north": {"uv": [37, 51], "uv_size": [12, 12]},
								"east": {"uv": [37, 51], "uv_size": [12, 12]},
								"south": {"uv": [37, 51], "uv_size": [12, 12]},
								"west": {"uv": [37, 51], "uv_size": [12, 12]},
								"up": {"uv": [49, 63], "uv_size": [-12, -12]},
								"down": {"uv": [49, 63], "uv_size": [-12, -12]}
							}
						},
						{
							"origin": [-5.98, 17.7, 1.9],
							"size": [0.96, 0.5, 0.2],
							"uv": {
								"north": {"uv": [37, 51], "uv_size": [12, 12]},
								"east": {"uv": [37, 51], "uv_size": [12, 12]},
								"south": {"uv": [37, 51], "uv_size": [12, 12]},
								"west": {"uv": [37, 51], "uv_size": [12, 12]},
								"up": {"uv": [49, 63], "uv_size": [-12, -12]},
								"down": {"uv": [49, 63], "uv_size": [-12, -12]}
							}
						},
						{
							"origin": [-5.98, 19.2, 1.9],
							"size": [0.96, 0.5, 0.2],
							"uv": {
								"north": {"uv": [37, 51], "uv_size": [12, 12]},
								"east": {"uv": [37, 51], "uv_size": [12, 12]},
								"south": {"uv": [37, 51], "uv_size": [12, 12]},
								"west": {"uv": [37, 51], "uv_size": [12, 12]},
								"up": {"uv": [49, 63], "uv_size": [-12, -12]},
								"down": {"uv": [49, 63], "uv_size": [-12, -12]}
							}
						},
						{
							"origin": [-5.98, 18.7, 1.9],
							"size": [0.96, 0.5, 0.2],
							"uv": {
								"north": {"uv": [37, 51], "uv_size": [12, 12]},
								"east": {"uv": [37, 51], "uv_size": [12, 12]},
								"south": {"uv": [37, 51], "uv_size": [12, 12]},
								"west": {"uv": [37, 51], "uv_size": [12, 12]},
								"up": {"uv": [49, 63], "uv_size": [-12, -12]},
								"down": {"uv": [49, 63], "uv_size": [-12, -12]}
							}
						},
						{
							"origin": [-5.98, 20.2, 1.9],
							"size": [0.96, 0.5, 0.2],
							"uv": {
								"north": {"uv": [37, 51], "uv_size": [12, 12]},
								"east": {"uv": [37, 51], "uv_size": [12, 12]},
								"south": {"uv": [37, 51], "uv_size": [12, 12]},
								"west": {"uv": [37, 51], "uv_size": [12, 12]},
								"up": {"uv": [49, 63], "uv_size": [-12, -12]},
								"down": {"uv": [49, 63], "uv_size": [-12, -12]}
							}
						},
						{
							"origin": [-5.98, 20.7, 1.9],
							"size": [0.96, 0.6, 0.2],
							"uv": {
								"north": {"uv": [37, 51], "uv_size": [12, 12]},
								"east": {"uv": [37, 51], "uv_size": [12, 12]},
								"south": {"uv": [37, 51], "uv_size": [12, 12]},
								"west": {"uv": [37, 51], "uv_size": [12, 12]},
								"up": {"uv": [49, 63], "uv_size": [-12, -12]},
								"down": {"uv": [49, 63], "uv_size": [-12, -12]}
							}
						},
						{
							"origin": [-5.98, 19.7, 1.9],
							"size": [0.96, 0.5, 0.2],
							"uv": {
								"north": {"uv": [37, 51], "uv_size": [12, 12]},
								"east": {"uv": [37, 51], "uv_size": [12, 12]},
								"south": {"uv": [37, 51], "uv_size": [12, 12]},
								"west": {"uv": [37, 51], "uv_size": [12, 12]},
								"up": {"uv": [49, 63], "uv_size": [-12, -12]},
								"down": {"uv": [49, 63], "uv_size": [-12, -12]}
							}
						}
					]
				},
				{
					"name": "BS2",
					"parent": "B1",
					"pivot": [-5, 34, 3],
					"cubes": [
						{
							"origin": [-5.98, 13.2, 2.9],
							"size": [0.96, 0.5, 1.2],
							"uv": {
								"north": {"uv": [49, 51], "uv_size": [-12, 12]},
								"east": {"uv": [49, 51], "uv_size": [-12, 12]},
								"south": {"uv": [49, 51], "uv_size": [-12, 12]},
								"west": {"uv": [49, 51], "uv_size": [-12, 12]},
								"up": {"uv": [49, 51], "uv_size": [-12, 12]},
								"down": {"uv": [49, 51], "uv_size": [-12, 12]}
							}
						},
						{
							"origin": [-5.98, 14.2, 3.9],
							"size": [0.96, 0.5, 0.2],
							"uv": {
								"north": {"uv": [49, 51], "uv_size": [-12, 12]},
								"east": {"uv": [49, 51], "uv_size": [-12, 12]},
								"south": {"uv": [49, 51], "uv_size": [-12, 12]},
								"west": {"uv": [49, 51], "uv_size": [-12, 12]},
								"up": {"uv": [49, 51], "uv_size": [-12, 12]},
								"down": {"uv": [49, 51], "uv_size": [-12, 12]}
							}
						},
						{
							"origin": [-5.98, 15, 2.1],
							"size": [0.96, 0.5, 1.8],
							"uv": {
								"north": {"uv": [49, 51], "uv_size": [-12, 12]},
								"east": {"uv": [49, 51], "uv_size": [-12, 12]},
								"south": {"uv": [49, 51], "uv_size": [-12, 12]},
								"west": {"uv": [49, 51], "uv_size": [-12, 12]},
								"up": {"uv": [49, 51], "uv_size": [-12, 12]},
								"down": {"uv": [49, 51], "uv_size": [-12, 12]}
							}
						},
						{
							"origin": [-5.98, 14, 2.1],
							"size": [0.96, 0.5, 1.8],
							"uv": {
								"north": {"uv": [49, 51], "uv_size": [-12, 12]},
								"east": {"uv": [49, 51], "uv_size": [-12, 12]},
								"south": {"uv": [49, 51], "uv_size": [-12, 12]},
								"west": {"uv": [49, 51], "uv_size": [-12, 12]},
								"up": {"uv": [49, 51], "uv_size": [-12, 12]},
								"down": {"uv": [49, 51], "uv_size": [-12, 12]}
							}
						},
						{
							"origin": [-5.98, 17, 2.1],
							"size": [0.96, 0.5, 1.8],
							"uv": {
								"north": {"uv": [49, 51], "uv_size": [-12, 12]},
								"east": {"uv": [49, 51], "uv_size": [-12, 12]},
								"south": {"uv": [49, 51], "uv_size": [-12, 12]},
								"west": {"uv": [49, 51], "uv_size": [-12, 12]},
								"up": {"uv": [49, 51], "uv_size": [-12, 12]},
								"down": {"uv": [49, 51], "uv_size": [-12, 12]}
							}
						},
						{
							"origin": [-5.98, 16, 2.1],
							"size": [0.96, 0.5, 1.8],
							"uv": {
								"north": {"uv": [49, 51], "uv_size": [-12, 12]},
								"east": {"uv": [49, 51], "uv_size": [-12, 12]},
								"south": {"uv": [49, 51], "uv_size": [-12, 12]},
								"west": {"uv": [49, 51], "uv_size": [-12, 12]},
								"up": {"uv": [49, 51], "uv_size": [-12, 12]},
								"down": {"uv": [49, 51], "uv_size": [-12, 12]}
							}
						},
						{
							"origin": [-5.98, 17, 2.1],
							"size": [0.96, 0.5, 1.8],
							"uv": {
								"north": {"uv": [49, 51], "uv_size": [-12, 12]},
								"east": {"uv": [49, 51], "uv_size": [-12, 12]},
								"south": {"uv": [49, 51], "uv_size": [-12, 12]},
								"west": {"uv": [49, 51], "uv_size": [-12, 12]},
								"up": {"uv": [49, 51], "uv_size": [-12, 12]},
								"down": {"uv": [49, 51], "uv_size": [-12, 12]}
							}
						},
						{
							"origin": [-5.98, 18, 2.1],
							"size": [0.96, 0.5, 1.8],
							"uv": {
								"north": {"uv": [49, 51], "uv_size": [-12, 12]},
								"east": {"uv": [49, 51], "uv_size": [-12, 12]},
								"south": {"uv": [49, 51], "uv_size": [-12, 12]},
								"west": {"uv": [49, 51], "uv_size": [-12, 12]},
								"up": {"uv": [49, 51], "uv_size": [-12, 12]},
								"down": {"uv": [49, 51], "uv_size": [-12, 12]}
							}
						},
						{
							"origin": [-5.98, 19, 2.1],
							"size": [0.96, 0.5, 1.8],
							"uv": {
								"north": {"uv": [49, 51], "uv_size": [-12, 12]},
								"east": {"uv": [49, 51], "uv_size": [-12, 12]},
								"south": {"uv": [49, 51], "uv_size": [-12, 12]},
								"west": {"uv": [49, 51], "uv_size": [-12, 12]},
								"up": {"uv": [49, 51], "uv_size": [-12, 12]},
								"down": {"uv": [49, 51], "uv_size": [-12, 12]}
							}
						},
						{
							"origin": [-5.98, 20, 2.1],
							"size": [0.96, 0.5, 1.8],
							"uv": {
								"north": {"uv": [49, 51], "uv_size": [-12, 12]},
								"east": {"uv": [49, 51], "uv_size": [-12, 12]},
								"south": {"uv": [49, 51], "uv_size": [-12, 12]},
								"west": {"uv": [49, 51], "uv_size": [-12, 12]},
								"up": {"uv": [49, 51], "uv_size": [-12, 12]},
								"down": {"uv": [49, 51], "uv_size": [-12, 12]}
							}
						},
						{
							"origin": [-5.695, 21.9, 2.1],
							"size": [0.4, 1, 1.8],
							"uv": {
								"north": {"uv": [64, 35], "uv_size": [-14, 15]},
								"east": {"uv": [64, 35], "uv_size": [-14, 15]},
								"south": {"uv": [64, 35], "uv_size": [-14, 15]},
								"west": {"uv": [64, 35], "uv_size": [-14, 15]},
								"up": {"uv": [50, 36], "uv_size": [14, 0]},
								"down": {"uv": [50, 50], "uv_size": [14, -15]}
							}
						},
						{
							"origin": [-5.98, 20.6, 2.1],
							"size": [0.96, 0.5, 1.8],
							"uv": {
								"north": {"uv": [49, 51], "uv_size": [-12, 12]},
								"east": {"uv": [49, 51], "uv_size": [-12, 12]},
								"south": {"uv": [49, 51], "uv_size": [-12, 12]},
								"west": {"uv": [49, 51], "uv_size": [-12, 12]},
								"up": {"uv": [49, 51], "uv_size": [-12, 12]},
								"down": {"uv": [49, 51], "uv_size": [-12, 12]}
							}
						},
						{
							"origin": [-5.98, 21.1, 2.1],
							"size": [0.96, 0.36, 1.8],
							"uv": {
								"north": {"uv": [49, 51], "uv_size": [-12, 12]},
								"east": {"uv": [49, 51], "uv_size": [-12, 12]},
								"south": {"uv": [49, 51], "uv_size": [-12, 12]},
								"west": {"uv": [49, 51], "uv_size": [-12, 12]},
								"up": {"uv": [49, 51], "uv_size": [-12, 12]},
								"down": {"uv": [49, 51], "uv_size": [-12, 12]}
							}
						},
						{
							"origin": [-5.98, 13.7, 3.9],
							"size": [0.96, 0.5, 0.2],
							"uv": {
								"north": {"uv": [49, 51], "uv_size": [-12, 12]},
								"east": {"uv": [49, 51], "uv_size": [-12, 12]},
								"south": {"uv": [49, 51], "uv_size": [-12, 12]},
								"west": {"uv": [49, 51], "uv_size": [-12, 12]},
								"up": {"uv": [49, 51], "uv_size": [-12, 12]},
								"down": {"uv": [49, 51], "uv_size": [-12, 12]}
							}
						},
						{
							"origin": [-5.98, 15.2, 3.9],
							"size": [0.96, 0.5, 0.2],
							"uv": {
								"north": {"uv": [49, 51], "uv_size": [-12, 12]},
								"east": {"uv": [49, 51], "uv_size": [-12, 12]},
								"south": {"uv": [49, 51], "uv_size": [-12, 12]},
								"west": {"uv": [49, 51], "uv_size": [-12, 12]},
								"up": {"uv": [49, 51], "uv_size": [-12, 12]},
								"down": {"uv": [49, 51], "uv_size": [-12, 12]}
							}
						},
						{
							"origin": [-5.98, 14.7, 3.9],
							"size": [0.96, 0.5, 0.2],
							"uv": {
								"north": {"uv": [49, 51], "uv_size": [-12, 12]},
								"east": {"uv": [49, 51], "uv_size": [-12, 12]},
								"south": {"uv": [49, 51], "uv_size": [-12, 12]},
								"west": {"uv": [49, 51], "uv_size": [-12, 12]},
								"up": {"uv": [49, 51], "uv_size": [-12, 12]},
								"down": {"uv": [49, 51], "uv_size": [-12, 12]}
							}
						},
						{
							"origin": [-5.98, 16.2, 3.9],
							"size": [0.96, 0.5, 0.2],
							"uv": {
								"north": {"uv": [49, 51], "uv_size": [-12, 12]},
								"east": {"uv": [49, 51], "uv_size": [-12, 12]},
								"south": {"uv": [49, 51], "uv_size": [-12, 12]},
								"west": {"uv": [49, 51], "uv_size": [-12, 12]},
								"up": {"uv": [49, 51], "uv_size": [-12, 12]},
								"down": {"uv": [49, 51], "uv_size": [-12, 12]}
							}
						},
						{
							"origin": [-5.98, 15.7, 3.9],
							"size": [0.96, 0.5, 0.2],
							"uv": {
								"north": {"uv": [49, 51], "uv_size": [-12, 12]},
								"east": {"uv": [49, 51], "uv_size": [-12, 12]},
								"south": {"uv": [49, 51], "uv_size": [-12, 12]},
								"west": {"uv": [49, 51], "uv_size": [-12, 12]},
								"up": {"uv": [49, 51], "uv_size": [-12, 12]},
								"down": {"uv": [49, 51], "uv_size": [-12, 12]}
							}
						},
						{
							"origin": [-5.98, 17.2, 3.9],
							"size": [0.96, 0.5, 0.2],
							"uv": {
								"north": {"uv": [49, 51], "uv_size": [-12, 12]},
								"east": {"uv": [49, 51], "uv_size": [-12, 12]},
								"south": {"uv": [49, 51], "uv_size": [-12, 12]},
								"west": {"uv": [49, 51], "uv_size": [-12, 12]},
								"up": {"uv": [49, 51], "uv_size": [-12, 12]},
								"down": {"uv": [49, 51], "uv_size": [-12, 12]}
							}
						},
						{
							"origin": [-5.98, 16.7, 3.9],
							"size": [0.96, 0.5, 0.2],
							"uv": {
								"north": {"uv": [49, 51], "uv_size": [-12, 12]},
								"east": {"uv": [49, 51], "uv_size": [-12, 12]},
								"south": {"uv": [49, 51], "uv_size": [-12, 12]},
								"west": {"uv": [49, 51], "uv_size": [-12, 12]},
								"up": {"uv": [49, 51], "uv_size": [-12, 12]},
								"down": {"uv": [49, 51], "uv_size": [-12, 12]}
							}
						},
						{
							"origin": [-5.98, 18.2, 3.9],
							"size": [0.96, 0.5, 0.2],
							"uv": {
								"north": {"uv": [49, 51], "uv_size": [-12, 12]},
								"east": {"uv": [49, 51], "uv_size": [-12, 12]},
								"south": {"uv": [49, 51], "uv_size": [-12, 12]},
								"west": {"uv": [49, 51], "uv_size": [-12, 12]},
								"up": {"uv": [49, 51], "uv_size": [-12, 12]},
								"down": {"uv": [49, 51], "uv_size": [-12, 12]}
							}
						},
						{
							"origin": [-5.98, 17.7, 3.9],
							"size": [0.96, 0.5, 0.2],
							"uv": {
								"north": {"uv": [49, 51], "uv_size": [-12, 12]},
								"east": {"uv": [49, 51], "uv_size": [-12, 12]},
								"south": {"uv": [49, 51], "uv_size": [-12, 12]},
								"west": {"uv": [49, 51], "uv_size": [-12, 12]},
								"up": {"uv": [49, 51], "uv_size": [-12, 12]},
								"down": {"uv": [49, 51], "uv_size": [-12, 12]}
							}
						},
						{
							"origin": [-5.98, 19.2, 3.9],
							"size": [0.96, 0.5, 0.2],
							"uv": {
								"north": {"uv": [49, 51], "uv_size": [-12, 12]},
								"east": {"uv": [49, 51], "uv_size": [-12, 12]},
								"south": {"uv": [49, 51], "uv_size": [-12, 12]},
								"west": {"uv": [49, 51], "uv_size": [-12, 12]},
								"up": {"uv": [49, 51], "uv_size": [-12, 12]},
								"down": {"uv": [49, 51], "uv_size": [-12, 12]}
							}
						},
						{
							"origin": [-5.98, 18.7, 3.9],
							"size": [0.96, 0.5, 0.2],
							"uv": {
								"north": {"uv": [49, 51], "uv_size": [-12, 12]},
								"east": {"uv": [49, 51], "uv_size": [-12, 12]},
								"south": {"uv": [49, 51], "uv_size": [-12, 12]},
								"west": {"uv": [49, 51], "uv_size": [-12, 12]},
								"up": {"uv": [49, 51], "uv_size": [-12, 12]},
								"down": {"uv": [49, 51], "uv_size": [-12, 12]}
							}
						},
						{
							"origin": [-5.98, 20.2, 3.9],
							"size": [0.96, 0.5, 0.2],
							"uv": {
								"north": {"uv": [49, 51], "uv_size": [-12, 12]},
								"east": {"uv": [49, 51], "uv_size": [-12, 12]},
								"south": {"uv": [49, 51], "uv_size": [-12, 12]},
								"west": {"uv": [49, 51], "uv_size": [-12, 12]},
								"up": {"uv": [49, 51], "uv_size": [-12, 12]},
								"down": {"uv": [49, 51], "uv_size": [-12, 12]}
							}
						},
						{
							"origin": [-5.98, 20.7, 3.9],
							"size": [0.96, 0.6, 0.2],
							"uv": {
								"north": {"uv": [49, 51], "uv_size": [-12, 12]},
								"east": {"uv": [49, 51], "uv_size": [-12, 12]},
								"south": {"uv": [49, 51], "uv_size": [-12, 12]},
								"west": {"uv": [49, 51], "uv_size": [-12, 12]},
								"up": {"uv": [49, 51], "uv_size": [-12, 12]},
								"down": {"uv": [49, 51], "uv_size": [-12, 12]}
							}
						},
						{
							"origin": [-5.98, 19.7, 3.9],
							"size": [0.96, 0.5, 0.2],
							"uv": {
								"north": {"uv": [49, 51], "uv_size": [-12, 12]},
								"east": {"uv": [49, 51], "uv_size": [-12, 12]},
								"south": {"uv": [49, 51], "uv_size": [-12, 12]},
								"west": {"uv": [49, 51], "uv_size": [-12, 12]},
								"up": {"uv": [49, 51], "uv_size": [-12, 12]},
								"down": {"uv": [49, 51], "uv_size": [-12, 12]}
							}
						}
					]
				},
				{
					"name": "B2",
					"parent": "B1",
					"pivot": [-5.5, 14.22769, 2.98721],
					"cubes": [
						{
							"origin": [-6, 7.85, 5.9],
							"size": [1, 0.15, 2.1],
							"pivot": [2, 21, 21],
							"rotation": [-22.5, 0, 0],
							"uv": {
								"north": {"uv": [37, 51], "uv_size": [12, 12]},
								"east": {"uv": [37, 51], "uv_size": [12, 12]},
								"south": {"uv": [37, 51], "uv_size": [12, 12]},
								"west": {"uv": [37, 51], "uv_size": [12, 12]},
								"up": {"uv": [49, 63], "uv_size": [-12, -12]},
								"down": {"uv": [49, 63], "uv_size": [-12, -12]}
							}
						},
						{
							"origin": [-6, 7.7, 5.9],
							"size": [1, 0.15, 2.1],
							"pivot": [2, 21, 21],
							"rotation": [-22.5, 0, 0],
							"uv": {
								"north": {"uv": [37, 51], "uv_size": [12, 12]},
								"east": {"uv": [37, 51], "uv_size": [12, 12]},
								"south": {"uv": [37, 51], "uv_size": [12, 12]},
								"west": {"uv": [37, 51], "uv_size": [12, 12]},
								"up": {"uv": [49, 63], "uv_size": [-12, -12]},
								"down": {"uv": [49, 63], "uv_size": [-12, -12]}
							}
						}
					]
				},
				{
					"name": "B3",
					"parent": "B2",
					"pivot": [-5.5, 14.22769, 2.98721],
					"rotation": [-135, 0, 0],
					"cubes": [
						{
							"origin": [-6, 7.85, 5.9],
							"size": [1, 0.15, 2.1],
							"pivot": [2, 21, 21],
							"rotation": [-22.5, 0, 0],
							"uv": {
								"north": {"uv": [37, 51], "uv_size": [12, 12]},
								"east": {"uv": [37, 51], "uv_size": [12, 12]},
								"south": {"uv": [37, 51], "uv_size": [12, 12]},
								"west": {"uv": [37, 51], "uv_size": [12, 12]},
								"up": {"uv": [49, 63], "uv_size": [-12, -12]},
								"down": {"uv": [49, 63], "uv_size": [-12, -12]}
							}
						},
						{
							"origin": [-6, 7.7, 5.9],
							"size": [1, 0.15, 2.1],
							"pivot": [2, 21, 21],
							"rotation": [-22.5, 0, 0],
							"uv": {
								"north": {"uv": [37, 51], "uv_size": [12, 12]},
								"east": {"uv": [37, 51], "uv_size": [12, 12]},
								"south": {"uv": [37, 51], "uv_size": [12, 12]},
								"west": {"uv": [37, 51], "uv_size": [12, 12]},
								"up": {"uv": [49, 63], "uv_size": [-12, -12]},
								"down": {"uv": [49, 63], "uv_size": [-12, -12]}
							}
						}
					]
				},
				{
					"name": "B4",
					"parent": "B1",
					"pivot": [-5.5, 15.22769, 2.98721],
					"cubes": [
						{
							"origin": [-6, 8.85, 5.9],
							"size": [1, 0.15, 2.1],
							"pivot": [2, 22, 21],
							"rotation": [-22.5, 0, 0],
							"uv": {
								"north": {"uv": [37, 51], "uv_size": [12, 12]},
								"east": {"uv": [37, 51], "uv_size": [12, 12]},
								"south": {"uv": [37, 51], "uv_size": [12, 12]},
								"west": {"uv": [37, 51], "uv_size": [12, 12]},
								"up": {"uv": [49, 63], "uv_size": [-12, -12]},
								"down": {"uv": [49, 63], "uv_size": [-12, -12]}
							}
						},
						{
							"origin": [-6, 8.7, 5.9],
							"size": [1, 0.15, 2.1],
							"pivot": [2, 22, 21],
							"rotation": [-22.5, 0, 0],
							"uv": {
								"north": {"uv": [37, 51], "uv_size": [12, 12]},
								"east": {"uv": [37, 51], "uv_size": [12, 12]},
								"south": {"uv": [37, 51], "uv_size": [12, 12]},
								"west": {"uv": [37, 51], "uv_size": [12, 12]},
								"up": {"uv": [49, 63], "uv_size": [-12, -12]},
								"down": {"uv": [49, 63], "uv_size": [-12, -12]}
							}
						}
					]
				},
				{
					"name": "B5",
					"parent": "B4",
					"pivot": [-5.5, 15.22769, 2.98721],
					"rotation": [-135, 0, 0],
					"cubes": [
						{
							"origin": [-6, 8.85, 5.9],
							"size": [1, 0.15, 2.1],
							"pivot": [2, 22, 21],
							"rotation": [-22.5, 0, 0],
							"uv": {
								"north": {"uv": [37, 51], "uv_size": [12, 12]},
								"east": {"uv": [37, 51], "uv_size": [12, 12]},
								"south": {"uv": [37, 51], "uv_size": [12, 12]},
								"west": {"uv": [37, 51], "uv_size": [12, 12]},
								"up": {"uv": [49, 63], "uv_size": [-12, -12]},
								"down": {"uv": [49, 63], "uv_size": [-12, -12]}
							}
						},
						{
							"origin": [-6, 8.7, 5.9],
							"size": [1, 0.15, 2.1],
							"pivot": [2, 22, 21],
							"rotation": [-22.5, 0, 0],
							"uv": {
								"north": {"uv": [37, 51], "uv_size": [12, 12]},
								"east": {"uv": [37, 51], "uv_size": [12, 12]},
								"south": {"uv": [37, 51], "uv_size": [12, 12]},
								"west": {"uv": [37, 51], "uv_size": [12, 12]},
								"up": {"uv": [49, 63], "uv_size": [-12, -12]},
								"down": {"uv": [49, 63], "uv_size": [-12, -12]}
							}
						}
					]
				},
				{
					"name": "B6",
					"parent": "B1",
					"pivot": [-5.5, 16.22769, 2.98721],
					"cubes": [
						{
							"origin": [-6, 9.85, 6.9],
							"size": [1, 0.15, 1.1],
							"pivot": [2, 23, 21],
							"rotation": [-22.5, 0, 0],
							"uv": {
								"north": {"uv": [37, 51], "uv_size": [12, 12]},
								"east": {"uv": [37, 51], "uv_size": [12, 12]},
								"south": {"uv": [37, 51], "uv_size": [12, 12]},
								"west": {"uv": [37, 51], "uv_size": [12, 12]},
								"up": {"uv": [49, 63], "uv_size": [-12, -12]},
								"down": {"uv": [49, 63], "uv_size": [-12, -12]}
							}
						},
						{
							"origin": [-6, 9.7, 6.9],
							"size": [1, 0.15, 1.1],
							"pivot": [2, 23, 21],
							"rotation": [-22.5, 0, 0],
							"uv": {
								"north": {"uv": [37, 51], "uv_size": [12, 12]},
								"east": {"uv": [37, 51], "uv_size": [12, 12]},
								"south": {"uv": [37, 51], "uv_size": [12, 12]},
								"west": {"uv": [37, 51], "uv_size": [12, 12]},
								"up": {"uv": [49, 63], "uv_size": [-12, -12]},
								"down": {"uv": [49, 63], "uv_size": [-12, -12]}
							}
						}
					]
				},
				{
					"name": "B7",
					"parent": "B6",
					"pivot": [-5.5, 16.22769, 2.98721],
					"rotation": [-135, 0, 0],
					"cubes": [
						{
							"origin": [-6, 9.85, 6.9],
							"size": [1, 0.15, 1.1],
							"pivot": [2, 23, 21],
							"rotation": [-22.5, 0, 0],
							"uv": {
								"north": {"uv": [37, 51], "uv_size": [12, 12]},
								"east": {"uv": [37, 51], "uv_size": [12, 12]},
								"south": {"uv": [37, 51], "uv_size": [12, 12]},
								"west": {"uv": [37, 51], "uv_size": [12, 12]},
								"up": {"uv": [49, 63], "uv_size": [-12, -12]},
								"down": {"uv": [49, 63], "uv_size": [-12, -12]}
							}
						},
						{
							"origin": [-6, 9.7, 6.9],
							"size": [1, 0.15, 1.1],
							"pivot": [2, 23, 21],
							"rotation": [-22.5, 0, 0],
							"uv": {
								"north": {"uv": [37, 51], "uv_size": [12, 12]},
								"east": {"uv": [37, 51], "uv_size": [12, 12]},
								"south": {"uv": [37, 51], "uv_size": [12, 12]},
								"west": {"uv": [37, 51], "uv_size": [12, 12]},
								"up": {"uv": [49, 63], "uv_size": [-12, -12]},
								"down": {"uv": [49, 63], "uv_size": [-12, -12]}
							}
						}
					]
				},
				{
					"name": "B18",
					"parent": "B1",
					"pivot": [-5.5, 17.22769, 2.98721],
					"cubes": [
						{
							"origin": [-6, 10.85, 6.9],
							"size": [1, 0.15, 1.1],
							"pivot": [2, 24, 21],
							"rotation": [-22.5, 0, 0],
							"uv": {
								"north": {"uv": [37, 51], "uv_size": [12, 12]},
								"east": {"uv": [37, 51], "uv_size": [12, 12]},
								"south": {"uv": [37, 51], "uv_size": [12, 12]},
								"west": {"uv": [37, 51], "uv_size": [12, 12]},
								"up": {"uv": [49, 63], "uv_size": [-12, -12]},
								"down": {"uv": [49, 63], "uv_size": [-12, -12]}
							}
						},
						{
							"origin": [-6, 10.7, 6.9],
							"size": [1, 0.15, 1.1],
							"pivot": [2, 24, 21],
							"rotation": [-22.5, 0, 0],
							"uv": {
								"north": {"uv": [37, 51], "uv_size": [12, 12]},
								"east": {"uv": [37, 51], "uv_size": [12, 12]},
								"south": {"uv": [37, 51], "uv_size": [12, 12]},
								"west": {"uv": [37, 51], "uv_size": [12, 12]},
								"up": {"uv": [49, 63], "uv_size": [-12, -12]},
								"down": {"uv": [49, 63], "uv_size": [-12, -12]}
							}
						}
					]
				},
				{
					"name": "B19",
					"parent": "B18",
					"pivot": [-5.5, 17.22769, 2.98721],
					"rotation": [-135, 0, 0],
					"cubes": [
						{
							"origin": [-6, 10.85, 6.9],
							"size": [1, 0.15, 1.1],
							"pivot": [2, 24, 21],
							"rotation": [-22.5, 0, 0],
							"uv": {
								"north": {"uv": [37, 51], "uv_size": [12, 12]},
								"east": {"uv": [37, 51], "uv_size": [12, 12]},
								"south": {"uv": [37, 51], "uv_size": [12, 12]},
								"west": {"uv": [37, 51], "uv_size": [12, 12]},
								"up": {"uv": [49, 63], "uv_size": [-12, -12]},
								"down": {"uv": [49, 63], "uv_size": [-12, -12]}
							}
						},
						{
							"origin": [-6, 10.7, 6.9],
							"size": [1, 0.15, 1.1],
							"pivot": [2, 24, 21],
							"rotation": [-22.5, 0, 0],
							"uv": {
								"north": {"uv": [37, 51], "uv_size": [12, 12]},
								"east": {"uv": [37, 51], "uv_size": [12, 12]},
								"south": {"uv": [37, 51], "uv_size": [12, 12]},
								"west": {"uv": [37, 51], "uv_size": [12, 12]},
								"up": {"uv": [49, 63], "uv_size": [-12, -12]},
								"down": {"uv": [49, 63], "uv_size": [-12, -12]}
							}
						}
					]
				},
				{
					"name": "B8",
					"parent": "B1",
					"pivot": [-5.5, 17.22769, 2.98721],
					"cubes": [
						{
							"origin": [-6, 10.85, 5.9],
							"size": [1, 0.15, 1.1],
							"pivot": [2, 24, 21],
							"rotation": [-22.5, 0, 0],
							"uv": {
								"north": {"uv": [37, 51], "uv_size": [12, 12]},
								"east": {"uv": [37, 51], "uv_size": [12, 12]},
								"south": {"uv": [37, 51], "uv_size": [12, 12]},
								"west": {"uv": [37, 51], "uv_size": [12, 12]},
								"up": {"uv": [49, 63], "uv_size": [-12, -12]},
								"down": {"uv": [49, 63], "uv_size": [-12, -12]}
							}
						},
						{
							"origin": [-6, 10.7, 5.9],
							"size": [1, 0.15, 1.1],
							"pivot": [2, 24, 21],
							"rotation": [-22.5, 0, 0],
							"uv": {
								"north": {"uv": [37, 51], "uv_size": [12, 12]},
								"east": {"uv": [37, 51], "uv_size": [12, 12]},
								"south": {"uv": [37, 51], "uv_size": [12, 12]},
								"west": {"uv": [37, 51], "uv_size": [12, 12]},
								"up": {"uv": [49, 63], "uv_size": [-12, -12]},
								"down": {"uv": [49, 63], "uv_size": [-12, -12]}
							}
						}
					]
				},
				{
					"name": "B9",
					"parent": "B8",
					"pivot": [-5.5, 17.22769, 2.98721],
					"rotation": [-135, 0, 0],
					"cubes": [
						{
							"origin": [-6, 10.85, 5.9],
							"size": [1, 0.15, 1.1],
							"pivot": [2, 24, 21],
							"rotation": [-22.5, 0, 0],
							"uv": {
								"north": {"uv": [37, 51], "uv_size": [12, 12]},
								"east": {"uv": [37, 51], "uv_size": [12, 12]},
								"south": {"uv": [37, 51], "uv_size": [12, 12]},
								"west": {"uv": [37, 51], "uv_size": [12, 12]},
								"up": {"uv": [49, 63], "uv_size": [-12, -12]},
								"down": {"uv": [49, 63], "uv_size": [-12, -12]}
							}
						},
						{
							"origin": [-6, 10.7, 5.9],
							"size": [1, 0.15, 1.1],
							"pivot": [2, 24, 21],
							"rotation": [-22.5, 0, 0],
							"uv": {
								"north": {"uv": [37, 51], "uv_size": [12, 12]},
								"east": {"uv": [37, 51], "uv_size": [12, 12]},
								"south": {"uv": [37, 51], "uv_size": [12, 12]},
								"west": {"uv": [37, 51], "uv_size": [12, 12]},
								"up": {"uv": [49, 63], "uv_size": [-12, -12]},
								"down": {"uv": [49, 63], "uv_size": [-12, -12]}
							}
						}
					]
				},
				{
					"name": "B16",
					"parent": "B1",
					"pivot": [-5.5, 16.22769, 2.98721],
					"cubes": [
						{
							"origin": [-6, 9.85, 5.9],
							"size": [1, 0.15, 1.1],
							"pivot": [2, 23, 21],
							"rotation": [-22.5, 0, 0],
							"uv": {
								"north": {"uv": [37, 51], "uv_size": [12, 12]},
								"east": {"uv": [37, 51], "uv_size": [12, 12]},
								"south": {"uv": [37, 51], "uv_size": [12, 12]},
								"west": {"uv": [37, 51], "uv_size": [12, 12]},
								"up": {"uv": [49, 63], "uv_size": [-12, -12]},
								"down": {"uv": [49, 63], "uv_size": [-12, -12]}
							}
						},
						{
							"origin": [-6, 9.7, 5.9],
							"size": [1, 0.15, 1.1],
							"pivot": [2, 23, 21],
							"rotation": [-22.5, 0, 0],
							"uv": {
								"north": {"uv": [37, 51], "uv_size": [12, 12]},
								"east": {"uv": [37, 51], "uv_size": [12, 12]},
								"south": {"uv": [37, 51], "uv_size": [12, 12]},
								"west": {"uv": [37, 51], "uv_size": [12, 12]},
								"up": {"uv": [49, 63], "uv_size": [-12, -12]},
								"down": {"uv": [49, 63], "uv_size": [-12, -12]}
							}
						}
					]
				},
				{
					"name": "B17",
					"parent": "B16",
					"pivot": [-5.5, 16.22769, 2.98721],
					"rotation": [-135, 0, 0],
					"cubes": [
						{
							"origin": [-6, 9.85, 5.9],
							"size": [1, 0.15, 1.1],
							"pivot": [2, 23, 21],
							"rotation": [-22.5, 0, 0],
							"uv": {
								"north": {"uv": [37, 51], "uv_size": [12, 12]},
								"east": {"uv": [37, 51], "uv_size": [12, 12]},
								"south": {"uv": [37, 51], "uv_size": [12, 12]},
								"west": {"uv": [37, 51], "uv_size": [12, 12]},
								"up": {"uv": [49, 63], "uv_size": [-12, -12]},
								"down": {"uv": [49, 63], "uv_size": [-12, -12]}
							}
						},
						{
							"origin": [-6, 9.7, 5.9],
							"size": [1, 0.15, 1.1],
							"pivot": [2, 23, 21],
							"rotation": [-22.5, 0, 0],
							"uv": {
								"north": {"uv": [37, 51], "uv_size": [12, 12]},
								"east": {"uv": [37, 51], "uv_size": [12, 12]},
								"south": {"uv": [37, 51], "uv_size": [12, 12]},
								"west": {"uv": [37, 51], "uv_size": [12, 12]},
								"up": {"uv": [49, 63], "uv_size": [-12, -12]},
								"down": {"uv": [49, 63], "uv_size": [-12, -12]}
							}
						}
					]
				},
				{
					"name": "B10",
					"parent": "B1",
					"pivot": [-5.5, 18.22769, 2.98721],
					"cubes": [
						{
							"origin": [-6, 11.85, 5.9],
							"size": [1, 0.15, 2.1],
							"pivot": [2, 25, 21],
							"rotation": [-22.5, 0, 0],
							"uv": {
								"north": {"uv": [37, 51], "uv_size": [12, 12]},
								"east": {"uv": [37, 51], "uv_size": [12, 12]},
								"south": {"uv": [37, 51], "uv_size": [12, 12]},
								"west": {"uv": [37, 51], "uv_size": [12, 12]},
								"up": {"uv": [49, 63], "uv_size": [-12, -12]},
								"down": {"uv": [49, 63], "uv_size": [-12, -12]}
							}
						},
						{
							"origin": [-6, 11.7, 5.9],
							"size": [1, 0.15, 2.1],
							"pivot": [2, 25, 21],
							"rotation": [-22.5, 0, 0],
							"uv": {
								"north": {"uv": [37, 51], "uv_size": [12, 12]},
								"east": {"uv": [37, 51], "uv_size": [12, 12]},
								"south": {"uv": [37, 51], "uv_size": [12, 12]},
								"west": {"uv": [37, 51], "uv_size": [12, 12]},
								"up": {"uv": [49, 63], "uv_size": [-12, -12]},
								"down": {"uv": [49, 63], "uv_size": [-12, -12]}
							}
						}
					]
				},
				{
					"name": "B11",
					"parent": "B10",
					"pivot": [-5.5, 18.22769, 2.98721],
					"rotation": [-135, 0, 0],
					"cubes": [
						{
							"origin": [-6, 11.85, 5.9],
							"size": [1, 0.15, 2.1],
							"pivot": [2, 25, 21],
							"rotation": [-22.5, 0, 0],
							"uv": {
								"north": {"uv": [37, 51], "uv_size": [12, 12]},
								"east": {"uv": [37, 51], "uv_size": [12, 12]},
								"south": {"uv": [37, 51], "uv_size": [12, 12]},
								"west": {"uv": [37, 51], "uv_size": [12, 12]},
								"up": {"uv": [49, 63], "uv_size": [-12, -12]},
								"down": {"uv": [49, 63], "uv_size": [-12, -12]}
							}
						},
						{
							"origin": [-6, 11.7, 5.9],
							"size": [1, 0.15, 2.1],
							"pivot": [2, 25, 21],
							"rotation": [-22.5, 0, 0],
							"uv": {
								"north": {"uv": [37, 51], "uv_size": [12, 12]},
								"east": {"uv": [37, 51], "uv_size": [12, 12]},
								"south": {"uv": [37, 51], "uv_size": [12, 12]},
								"west": {"uv": [37, 51], "uv_size": [12, 12]},
								"up": {"uv": [49, 63], "uv_size": [-12, -12]},
								"down": {"uv": [49, 63], "uv_size": [-12, -12]}
							}
						}
					]
				},
				{
					"name": "B12",
					"parent": "B1",
					"pivot": [-5.5, 19.22769, 2.98721],
					"cubes": [
						{
							"origin": [-6, 12.85, 5.9],
							"size": [1, 0.15, 2.1],
							"pivot": [2, 26, 21],
							"rotation": [-22.5, 0, 0],
							"uv": {
								"north": {"uv": [37, 51], "uv_size": [12, 12]},
								"east": {"uv": [37, 51], "uv_size": [12, 12]},
								"south": {"uv": [37, 51], "uv_size": [12, 12]},
								"west": {"uv": [37, 51], "uv_size": [12, 12]},
								"up": {"uv": [49, 63], "uv_size": [-12, -12]},
								"down": {"uv": [49, 63], "uv_size": [-12, -12]}
							}
						},
						{
							"origin": [-6, 12.7, 5.9],
							"size": [1, 0.15, 2.1],
							"pivot": [2, 26, 21],
							"rotation": [-22.5, 0, 0],
							"uv": {
								"north": {"uv": [37, 51], "uv_size": [12, 12]},
								"east": {"uv": [37, 51], "uv_size": [12, 12]},
								"south": {"uv": [37, 51], "uv_size": [12, 12]},
								"west": {"uv": [37, 51], "uv_size": [12, 12]},
								"up": {"uv": [49, 63], "uv_size": [-12, -12]},
								"down": {"uv": [49, 63], "uv_size": [-12, -12]}
							}
						}
					]
				},
				{
					"name": "B13",
					"parent": "B12",
					"pivot": [-5.5, 19.22769, 2.98721],
					"rotation": [-135, 0, 0],
					"cubes": [
						{
							"origin": [-6, 12.85, 5.9],
							"size": [1, 0.15, 2.1],
							"pivot": [2, 26, 21],
							"rotation": [-22.5, 0, 0],
							"uv": {
								"north": {"uv": [37, 51], "uv_size": [12, 12]},
								"east": {"uv": [37, 51], "uv_size": [12, 12]},
								"south": {"uv": [37, 51], "uv_size": [12, 12]},
								"west": {"uv": [37, 51], "uv_size": [12, 12]},
								"up": {"uv": [49, 63], "uv_size": [-12, -12]},
								"down": {"uv": [49, 63], "uv_size": [-12, -12]}
							}
						},
						{
							"origin": [-6, 12.7, 5.9],
							"size": [1, 0.15, 2.1],
							"pivot": [2, 26, 21],
							"rotation": [-22.5, 0, 0],
							"uv": {
								"north": {"uv": [37, 51], "uv_size": [12, 12]},
								"east": {"uv": [37, 51], "uv_size": [12, 12]},
								"south": {"uv": [37, 51], "uv_size": [12, 12]},
								"west": {"uv": [37, 51], "uv_size": [12, 12]},
								"up": {"uv": [49, 63], "uv_size": [-12, -12]},
								"down": {"uv": [49, 63], "uv_size": [-12, -12]}
							}
						}
					]
				},
				{
					"name": "B14",
					"parent": "B1",
					"pivot": [-5.5, 20.22769, 2.98721],
					"cubes": [
						{
							"origin": [-6, 13.85, 5.9],
							"size": [1, 0.15, 2.1],
							"pivot": [2, 27, 21],
							"rotation": [-22.5, 0, 0],
							"uv": {
								"north": {"uv": [37, 51], "uv_size": [12, 12]},
								"east": {"uv": [37, 51], "uv_size": [12, 12]},
								"south": {"uv": [37, 51], "uv_size": [12, 12]},
								"west": {"uv": [37, 51], "uv_size": [12, 12]},
								"up": {"uv": [49, 63], "uv_size": [-12, -12]},
								"down": {"uv": [49, 63], "uv_size": [-12, -12]}
							}
						},
						{
							"origin": [-6, 13.7, 5.9],
							"size": [1, 0.15, 2.1],
							"pivot": [2, 27, 21],
							"rotation": [-22.5, 0, 0],
							"uv": {
								"north": {"uv": [37, 51], "uv_size": [12, 12]},
								"east": {"uv": [37, 51], "uv_size": [12, 12]},
								"south": {"uv": [37, 51], "uv_size": [12, 12]},
								"west": {"uv": [37, 51], "uv_size": [12, 12]},
								"up": {"uv": [49, 63], "uv_size": [-12, -12]},
								"down": {"uv": [49, 63], "uv_size": [-12, -12]}
							}
						}
					]
				},
				{
					"name": "B15",
					"parent": "B14",
					"pivot": [-5.5, 20.22769, 2.98721],
					"rotation": [-135, 0, 0],
					"cubes": [
						{
							"origin": [-6, 13.85, 5.9],
							"size": [1, 0.15, 2.1],
							"pivot": [2, 27, 21],
							"rotation": [-22.5, 0, 0],
							"uv": {
								"north": {"uv": [37, 51], "uv_size": [12, 12]},
								"east": {"uv": [37, 51], "uv_size": [12, 12]},
								"south": {"uv": [37, 51], "uv_size": [12, 12]},
								"west": {"uv": [37, 51], "uv_size": [12, 12]},
								"up": {"uv": [49, 63], "uv_size": [-12, -12]},
								"down": {"uv": [49, 63], "uv_size": [-12, -12]}
							}
						},
						{
							"origin": [-6, 13.7, 5.9],
							"size": [1, 0.15, 2.1],
							"pivot": [2, 27, 21],
							"rotation": [-22.5, 0, 0],
							"uv": {
								"north": {"uv": [37, 51], "uv_size": [12, 12]},
								"east": {"uv": [37, 51], "uv_size": [12, 12]},
								"south": {"uv": [37, 51], "uv_size": [12, 12]},
								"west": {"uv": [37, 51], "uv_size": [12, 12]},
								"up": {"uv": [49, 63], "uv_size": [-12, -12]},
								"down": {"uv": [49, 63], "uv_size": [-12, -12]}
							}
						}
					]
				},
				{
					"name": "L1",
					"parent": "NichirinR",
					"pivot": [-5, 34, 3],
					"cubes": [
						{
							"origin": [-5.6, 21, 2.2],
							"size": [0.2, 21, 1],
							"uv": {
								"north": {"uv": [8, 0], "uv_size": [-8, 64]},
								"east": {"uv": [8, 0], "uv_size": [-8, 64]},
								"south": {"uv": [8, 0], "uv_size": [-8, 64]},
								"west": {"uv": [8, 0], "uv_size": [-8, 64]},
								"up": {"uv": [0, 64], "uv_size": [8, -64]},
								"down": {"uv": [0, 64], "uv_size": [8, -64]}
							}
						},
						{
							"origin": [-5.596, 43.3, 2.206],
							"size": [0.192, 0.5, 0.288],
							"uv": {
								"north": {"uv": [9, 64], "uv_size": [1, -64]},
								"east": {"uv": [10, 64], "uv_size": [-1, -64]},
								"south": {"uv": [9, 64], "uv_size": [1, -64]},
								"west": {"uv": [9, 64], "uv_size": [1, -64]},
								"up": {"uv": [10, 0], "uv_size": [-1, 64]},
								"down": {"uv": [10, 0], "uv_size": [-1, 64]}
							}
						},
						{
							"origin": [-5.6, 42, 2.2],
							"size": [0.2, 0.5, 1],
							"uv": {
								"north": {"uv": [7, 64], "uv_size": [-7, -64]},
								"east": {"uv": [7, 64], "uv_size": [-7, -64]},
								"south": {"uv": [7, 64], "uv_size": [-7, -64]},
								"west": {"uv": [7, 64], "uv_size": [-7, -64]},
								"up": {"uv": [0, 0], "uv_size": [7, 64]},
								"down": {"uv": [0, 0], "uv_size": [7, 64]}
							}
						},
						{
							"origin": [-5.59996, 42.07948, 2.99995],
							"size": [0.19992, 0.4998, 0.4998],
							"pivot": [-5.40004, 41.54122, 2.29158],
							"rotation": [22.5, 0, 0],
							"uv": {
								"north": {"uv": [5, 64], "uv_size": [-5, -64]},
								"east": {"uv": [5, 64], "uv_size": [-5, -64]},
								"south": {"uv": [5, 64], "uv_size": [-5, -64]},
								"west": {"uv": [5, 64], "uv_size": [-5, -64]},
								"up": {"uv": [0, 0], "uv_size": [5, 64]},
								"down": {"uv": [0, 0], "uv_size": [5, 64]}
							}
						},
						{
							"origin": [-5.598, 42.27321, 3.23795],
							"size": [0.196, 0.49, 0.49],
							"pivot": [-5.402, 41.74551, 2.54347],
							"rotation": [45, 0, 0],
							"uv": {
								"north": {"uv": [8, 64], "uv_size": [-5, -64]},
								"east": {"uv": [8, 64], "uv_size": [-5, -64]},
								"south": {"uv": [8, 64], "uv_size": [-5, -64]},
								"west": {"uv": [8, 64], "uv_size": [-5, -64]},
								"up": {"uv": [3, 0], "uv_size": [5, 64]},
								"down": {"uv": [3, 0], "uv_size": [5, 64]}
							}
						},
						{
							"origin": [-5.596, 42.64591, 3.88358],
							"size": [0.194, 0.49, 0.49],
							"pivot": [-5.402, 42.11821, 3.1891],
							"rotation": [90, 0, 0],
							"uv": {
								"north": {"uv": [7, 64], "uv_size": [-5, -64]},
								"east": {"uv": [7, 64], "uv_size": [-5, -64]},
								"south": {"uv": [7, 64], "uv_size": [-5, -64]},
								"west": {"uv": [7, 64], "uv_size": [-5, -64]},
								"up": {"uv": [8, 0], "uv_size": [-8, 64]},
								"down": {"uv": [2, 0], "uv_size": [5, 64]}
							}
						},
						{
							"origin": [-5.59604, 41.5099, 2.2],
							"size": [0.19208, 1.4802, 0.49],
							"uv": {
								"north": {"uv": [6, 64], "uv_size": [-6, -64]},
								"east": {"uv": [6, 64], "uv_size": [-6, -64]},
								"south": {"uv": [6, 64], "uv_size": [-6, -64]},
								"west": {"uv": [6, 64], "uv_size": [-6, -64]},
								"up": {"uv": [0, 0], "uv_size": [6, 64]},
								"down": {"uv": [0, 0], "uv_size": [6, 64]}
							}
						},
						{
							"origin": [-5.588, 41.98837, -4.79699],
							"size": [0.188, 0.288, 0.2],
							"pivot": [-5.02, 24.70837, 2.69101],
							"rotation": [-22.5, 0, 0],
							"uv": {
								"north": {"uv": [10, 64], "uv_size": [-1, -64]},
								"east": {"uv": [9, 64], "uv_size": [1, -64]},
								"south": {"uv": [10, 64], "uv_size": [-1, -64]},
								"west": {"uv": [10, 64], "uv_size": [-1, -64]},
								"up": {"uv": [9, 0], "uv_size": [1, 64]},
								"down": {"uv": [9, 0], "uv_size": [1, 64]}
							}
						},
						{
							"origin": [-5.6, 21.9, 3.2],
							"size": [0.2, 20.1, 0.6],
							"uv": {
								"north": {"uv": [17, 64], "uv_size": [-9, -64]},
								"east": {"uv": [8, 64], "uv_size": [9, -64]},
								"south": {"uv": [9, 64], "uv_size": [0, -64]},
								"west": {"uv": [17, 64], "uv_size": [-9, -64]},
								"up": {"uv": [8, 0], "uv_size": [9, 64]},
								"down": {"uv": [8, 0], "uv_size": [9, 64]}
							}
						},
						{
							"origin": [-5.596, 41.53, 6.34],
							"size": [0.192, 1.152, 0.576],
							"pivot": [-5.02, 33.92596, 4.21462],
							"rotation": [22.5, 0, 0],
							"uv": {
								"north": {"uv": [17, 64], "uv_size": [-9, -64]},
								"east": {"uv": [8, 64], "uv_size": [9, -64]},
								"south": {"uv": [10, 64], "uv_size": [-1, -64]},
								"west": {"uv": [17, 64], "uv_size": [-9, -64]},
								"up": {"uv": [8, 0], "uv_size": [9, 64]},
								"down": {"uv": [8, 0], "uv_size": [9, 64]}
							}
						},
						{
							"origin": [-5.594, 43.96033, 10.3591],
							"size": [0.19, 0.96, 0.576],
							"pivot": [-5.02, 34.36033, 8.2471],
							"rotation": [45, 0, 0],
							"uv": {
								"north": {"uv": [10, 64], "uv_size": [-1, -64]},
								"east": {"uv": [8, 64], "uv_size": [9, -64]},
								"south": {"uv": [10, 64], "uv_size": [-1, -64]},
								"west": {"uv": [10, 63], "uv_size": [0, -63]},
								"up": {"uv": [9, 0], "uv_size": [1, 64]},
								"down": {"uv": [9, 0], "uv_size": [1, 64]}
							}
						}
					],
					"locators": {
						"effect1": [-5.5, 23, 3],
						"effect2": [-5.5, 28, 3],
						"effect3": [-5.5, 33, 3],
						"effect4": [-5.5, 38, 3],
						"effect5": [-5.5, 43, 3]
					}
				},
				{
					"name": "P1",
					"parent": "NichirinR",
					"pivot": [-4.7, 34, 3],
					"cubes": [
						{
							"origin": [-7.1, 21.625, 3.8],
							"size": [1.2, 0.4, 0.2],
							"uv": {
								"north": {"uv": [37, 36], "uv_size": [12, 13]},
								"east": {"uv": [37, 36], "uv_size": [12, 13]},
								"south": {"uv": [37, 36], "uv_size": [12, 13]},
								"west": {"uv": [37, 36], "uv_size": [12, 13]},
								"up": {"uv": [49, 49], "uv_size": [-12, -13]},
								"down": {"uv": [49, 49], "uv_size": [-12, -13]}
							}
						},
						{
							"origin": [-7.41, 21.625, -0.61],
							"size": [1.3, 0.4, 0.2],
							"pivot": [-4.3, 21.83, 2.19],
							"rotation": [0, 90, 0],
							"uv": {
								"north": {"uv": [37, 36], "uv_size": [12, 13]},
								"east": {"uv": [37, 36], "uv_size": [12, 13]},
								"south": {"uv": [37, 36], "uv_size": [12, 13]},
								"west": {"uv": [37, 36], "uv_size": [12, 13]},
								"up": {"uv": [49, 49], "uv_size": [-12, -13]},
								"down": {"uv": [49, 49], "uv_size": [-12, -13]}
							}
						},
						{
							"origin": [10.81, 21.625, 17.69],
							"size": [1.3, 0.4, 0.2],
							"pivot": [9.3, 21.83, 2.49],
							"rotation": [0, -90, 0],
							"uv": {
								"north": {"uv": [49, 36], "uv_size": [-12, 13]},
								"east": {"uv": [49, 36], "uv_size": [-12, 13]},
								"south": {"uv": [49, 36], "uv_size": [-12, 13]},
								"west": {"uv": [49, 36], "uv_size": [-12, 13]},
								"up": {"uv": [37, 49], "uv_size": [12, -13]},
								"down": {"uv": [37, 49], "uv_size": [12, -13]}
							}
						},
						{
							"origin": [-7.1, 21.625, 5.3],
							"size": [1.2, 0.4, 0.2],
							"uv": {
								"north": {"uv": [49, 36], "uv_size": [-12, 13]},
								"east": {"uv": [49, 36], "uv_size": [-12, 13]},
								"south": {"uv": [49, 36], "uv_size": [-12, 13]},
								"west": {"uv": [49, 36], "uv_size": [-12, 13]},
								"up": {"uv": [37, 49], "uv_size": [12, -13]},
								"down": {"uv": [37, 49], "uv_size": [12, -13]}
							}
						}
					]
				},
				{
					"name": "P2",
					"parent": "NichirinR",
					"pivot": [-6.3, 34, 3],
					"cubes": [
						{
							"origin": [-5.1, 21.625, 3.8],
							"size": [1.2, 0.4, 0.2],
							"uv": {
								"north": {"uv": [49, 36], "uv_size": [-12, 13]},
								"east": {"uv": [49, 36], "uv_size": [-12, 13]},
								"south": {"uv": [49, 36], "uv_size": [-12, 13]},
								"west": {"uv": [49, 36], "uv_size": [-12, 13]},
								"up": {"uv": [37, 49], "uv_size": [12, -13]},
								"down": {"uv": [37, 49], "uv_size": [12, -13]}
							}
						},
						{
							"origin": [-4.89, 21.625, -0.61],
							"size": [1.3, 0.4, 0.2],
							"pivot": [-6.7, 21.83, 2.19],
							"rotation": [0, -90, 0],
							"uv": {
								"north": {"uv": [49, 36], "uv_size": [-12, 13]},
								"east": {"uv": [49, 36], "uv_size": [-12, 13]},
								"south": {"uv": [49, 36], "uv_size": [-12, 13]},
								"west": {"uv": [49, 36], "uv_size": [-12, 13]},
								"up": {"uv": [37, 49], "uv_size": [12, -13]},
								"down": {"uv": [37, 49], "uv_size": [12, -13]}
							}
						},
						{
							"origin": [-23.11, 21.625, 17.69],
							"size": [1.3, 0.4, 0.2],
							"pivot": [-20.3, 21.83, 2.49],
							"rotation": [0, 90, 0],
							"uv": {
								"north": {"uv": [37, 36], "uv_size": [12, 13]},
								"east": {"uv": [37, 36], "uv_size": [12, 13]},
								"south": {"uv": [37, 36], "uv_size": [12, 13]},
								"west": {"uv": [37, 36], "uv_size": [12, 13]},
								"up": {"uv": [49, 49], "uv_size": [-12, -13]},
								"down": {"uv": [49, 49], "uv_size": [-12, -13]}
							}
						},
						{
							"origin": [-5.1, 21.625, 5.3],
							"size": [1.2, 0.4, 0.2],
							"uv": {
								"north": {"uv": [37, 36], "uv_size": [12, 13]},
								"east": {"uv": [37, 36], "uv_size": [12, 13]},
								"south": {"uv": [37, 36], "uv_size": [12, 13]},
								"west": {"uv": [37, 36], "uv_size": [12, 13]},
								"up": {"uv": [49, 49], "uv_size": [-12, -13]},
								"down": {"uv": [49, 49], "uv_size": [-12, -13]}
							}
						}
					]
				},
				{
					"name": "P3",
					"parent": "NichirinR",
					"pivot": [-6.3, 34, 3],
					"cubes": [
						{
							"origin": [-5.1, 21.625, 2],
							"size": [1.2, 0.4, 0.2],
							"uv": {
								"north": {"uv": [37, 36], "uv_size": [12, 13]},
								"east": {"uv": [37, 36], "uv_size": [12, 13]},
								"south": {"uv": [37, 36], "uv_size": [12, 13]},
								"west": {"uv": [37, 36], "uv_size": [12, 13]},
								"up": {"uv": [49, 49], "uv_size": [-12, -13]},
								"down": {"uv": [49, 49], "uv_size": [-12, -13]}
							}
						},
						{
							"origin": [-4.89, 21.625, 6.41],
							"size": [1.3, 0.4, 0.2],
							"pivot": [-6.7, 21.83, 3.81],
							"rotation": [0, 90, 0],
							"uv": {
								"north": {"uv": [37, 36], "uv_size": [12, 13]},
								"east": {"uv": [37, 36], "uv_size": [12, 13]},
								"south": {"uv": [37, 36], "uv_size": [12, 13]},
								"west": {"uv": [37, 36], "uv_size": [12, 13]},
								"up": {"uv": [49, 49], "uv_size": [-12, -13]},
								"down": {"uv": [49, 49], "uv_size": [-12, -13]}
							}
						},
						{
							"origin": [-23.11, 21.625, -11.89],
							"size": [1.3, 0.4, 0.2],
							"pivot": [-20.3, 21.83, 3.51],
							"rotation": [0, -90, 0],
							"uv": {
								"north": {"uv": [49, 36], "uv_size": [-12, 13]},
								"east": {"uv": [49, 36], "uv_size": [-12, 13]},
								"south": {"uv": [49, 36], "uv_size": [-12, 13]},
								"west": {"uv": [49, 36], "uv_size": [-12, 13]},
								"up": {"uv": [37, 49], "uv_size": [12, -13]},
								"down": {"uv": [37, 49], "uv_size": [12, -13]}
							}
						},
						{
							"origin": [-5.1, 21.625, 0.5],
							"size": [1.2, 0.4, 0.2],
							"uv": {
								"north": {"uv": [49, 36], "uv_size": [-12, 13]},
								"east": {"uv": [49, 36], "uv_size": [-12, 13]},
								"south": {"uv": [49, 36], "uv_size": [-12, 13]},
								"west": {"uv": [49, 36], "uv_size": [-12, 13]},
								"up": {"uv": [37, 49], "uv_size": [12, -13]},
								"down": {"uv": [37, 49], "uv_size": [12, -13]}
							}
						}
					]
				},
				{
					"name": "P4",
					"parent": "NichirinR",
					"pivot": [-4.7, 34, 3],
					"cubes": [
						{
							"origin": [-7.1, 21.625, 2],
							"size": [1.2, 0.4, 0.2],
							"uv": {
								"north": {"uv": [49, 36], "uv_size": [-12, 13]},
								"east": {"uv": [49, 36], "uv_size": [-12, 13]},
								"south": {"uv": [49, 36], "uv_size": [-12, 13]},
								"west": {"uv": [49, 36], "uv_size": [-12, 13]},
								"up": {"uv": [37, 49], "uv_size": [12, -13]},
								"down": {"uv": [37, 49], "uv_size": [12, -13]}
							}
						},
						{
							"origin": [-7.41, 21.625, 6.41],
							"size": [1.3, 0.4, 0.2],
							"pivot": [-4.3, 21.83, 3.81],
							"rotation": [0, -90, 0],
							"uv": {
								"north": {"uv": [49, 36], "uv_size": [-12, 13]},
								"east": {"uv": [49, 36], "uv_size": [-12, 13]},
								"south": {"uv": [49, 36], "uv_size": [-12, 13]},
								"west": {"uv": [49, 36], "uv_size": [-12, 13]},
								"up": {"uv": [37, 49], "uv_size": [12, -13]},
								"down": {"uv": [37, 49], "uv_size": [12, -13]}
							}
						},
						{
							"origin": [10.81, 21.625, -11.89],
							"size": [1.3, 0.4, 0.2],
							"pivot": [9.3, 21.83, 3.51],
							"rotation": [0, 90, 0],
							"uv": {
								"north": {"uv": [37, 36], "uv_size": [12, 13]},
								"east": {"uv": [37, 36], "uv_size": [12, 13]},
								"south": {"uv": [37, 36], "uv_size": [12, 13]},
								"west": {"uv": [37, 36], "uv_size": [12, 13]},
								"up": {"uv": [49, 49], "uv_size": [-12, -13]},
								"down": {"uv": [49, 49], "uv_size": [-12, -13]}
							}
						},
						{
							"origin": [-7.1, 21.625, 0.5],
							"size": [1.2, 0.4, 0.2],
							"uv": {
								"north": {"uv": [37, 36], "uv_size": [12, 13]},
								"east": {"uv": [37, 36], "uv_size": [12, 13]},
								"south": {"uv": [37, 36], "uv_size": [12, 13]},
								"west": {"uv": [37, 36], "uv_size": [12, 13]},
								"up": {"uv": [49, 49], "uv_size": [-12, -13]},
								"down": {"uv": [49, 49], "uv_size": [-12, -13]}
							}
						}
					]
				}
			]
		}
	]
}