{
	"format_version": "1.12.0",
	"minecraft:geometry": [
		{
			"description": {
				"identifier": "geometry.nichirin_sanemi",
				"texture_width": 64,
				"texture_height": 64,
				"visible_bounds_width": 3,
				"visible_bounds_height": 5,
				"visible_bounds_offset": [0, 0.5, 0]
			},
			"bones": [
				{
					"name": "root",
					"pivot": [0, 0, 0]
				},
				{
					"name": "waist",
					"parent": "root",
					"pivot": [0, 0, 0]
				},
				{
					"name": "body",
					"parent": "waist",
					"pivot": [0, 0, 0]
				},
				{
					"name": "rightArm",
					"parent": "body",
					"pivot": [-5, 22, 0]
				},
				{
					"name": "NichirinR",
					"parent": "rightArm",
					"pivot": [-6.7, 13, -18],
					"rotation": [90, 0, 180],
					"cubes": [
						{
							"origin": [-10.02, 0.05, -21],
							"size": [5, 0, 5.1],
							"inflate": 0.05,
							"uv": {
								"north": {"uv": [18, 0], "uv_size": [14, 14]},
								"east": {"uv": [18, 0], "uv_size": [14, 14]},
								"south": {"uv": [18, 0], "uv_size": [14, 14]},
								"west": {"uv": [18, 0], "uv_size": [14, 14]},
								"up": {"uv": [64, 21], "uv_size": [-26, -21]},
								"down": {"uv": [32, 14], "uv_size": [-14, -14]}
							}
						}
					]
				},
				{
					"name": "B1",
					"parent": "NichirinR",
					"pivot": [-7, 13, -18],
					"cubes": [
						{
							"origin": [-8, -8.8, -19.1],
							"size": [1, 1, 2.2],
							"inflate": 0.05,
							"uv": {
								"north": {"uv": [51, 51], "uv_size": [12, 12]},
								"east": {"uv": [51, 51], "uv_size": [12, 12]},
								"south": {"uv": [51, 51], "uv_size": [12, 12]},
								"west": {"uv": [51, 51], "uv_size": [12, 12]},
								"up": {"uv": [63, 63], "uv_size": [-12, -12]},
								"down": {"uv": [63, 63], "uv_size": [-12, -12]}
							}
						},
						{
							"origin": [-7.9648, -7.93, -18.9984],
							"size": [0.9, 7.7, 1.9968],
							"uv": {
								"north": {"uv": [51, 51], "uv_size": [12, 12]},
								"east": {"uv": [51, 51], "uv_size": [12, 12]},
								"south": {"uv": [51, 51], "uv_size": [12, 12]},
								"west": {"uv": [51, 51], "uv_size": [12, 12]},
								"up": {"uv": [63, 63], "uv_size": [-12, -12]},
								"down": {"uv": [63, 63], "uv_size": [-12, -12]}
							}
						},
						{
							"origin": [-8.02, -7.93, -19.05],
							"size": [1, 0.345, 2.1],
							"uv": {
								"north": {"uv": [22, 50], "uv_size": [14, 14]},
								"east": {"uv": [22, 50], "uv_size": [14, 14]},
								"south": {"uv": [22, 50], "uv_size": [14, 14]},
								"west": {"uv": [22, 50], "uv_size": [14, 14]},
								"up": {"uv": [36, 64], "uv_size": [-14, -14]},
								"down": {"uv": [36, 64], "uv_size": [-14, -14]}
							}
						},
						{
							"origin": [-8.02, -7.57, -19.05],
							"size": [1, 0.345, 2.1],
							"uv": {
								"north": {"uv": [22, 50], "uv_size": [14, 14]},
								"east": {"uv": [22, 50], "uv_size": [14, 14]},
								"south": {"uv": [22, 50], "uv_size": [14, 14]},
								"west": {"uv": [22, 50], "uv_size": [14, 14]},
								"up": {"uv": [36, 64], "uv_size": [-14, -14]},
								"down": {"uv": [36, 64], "uv_size": [-14, -14]}
							}
						},
						{
							"origin": [-8.02, -7.21, -19.05],
							"size": [1, 0.345, 2.1],
							"uv": {
								"north": {"uv": [22, 50], "uv_size": [14, 14]},
								"east": {"uv": [22, 50], "uv_size": [14, 14]},
								"south": {"uv": [22, 50], "uv_size": [14, 14]},
								"west": {"uv": [22, 50], "uv_size": [14, 14]},
								"up": {"uv": [36, 64], "uv_size": [-14, -14]},
								"down": {"uv": [36, 64], "uv_size": [-14, -14]}
							}
						},
						{
							"origin": [-8.02, -6.85, -19.05],
							"size": [1, 0.345, 2.1],
							"uv": {
								"north": {"uv": [22, 50], "uv_size": [14, 14]},
								"east": {"uv": [22, 50], "uv_size": [14, 14]},
								"south": {"uv": [22, 50], "uv_size": [14, 14]},
								"west": {"uv": [22, 50], "uv_size": [14, 14]},
								"up": {"uv": [36, 64], "uv_size": [-14, -14]},
								"down": {"uv": [36, 64], "uv_size": [-14, -14]}
							}
						},
						{
							"origin": [-8.02, -6.49, -19.05],
							"size": [1, 0.345, 2.1],
							"uv": {
								"north": {"uv": [22, 50], "uv_size": [14, 14]},
								"east": {"uv": [22, 50], "uv_size": [14, 14]},
								"south": {"uv": [22, 50], "uv_size": [14, 14]},
								"west": {"uv": [22, 50], "uv_size": [14, 14]},
								"up": {"uv": [36, 64], "uv_size": [-14, -14]},
								"down": {"uv": [36, 64], "uv_size": [-14, -14]}
							}
						},
						{
							"origin": [-8.02, -6.13, -19.05],
							"size": [1, 0.345, 2.1],
							"uv": {
								"north": {"uv": [22, 50], "uv_size": [14, 14]},
								"east": {"uv": [22, 50], "uv_size": [14, 14]},
								"south": {"uv": [22, 50], "uv_size": [14, 14]},
								"west": {"uv": [22, 50], "uv_size": [14, 14]},
								"up": {"uv": [36, 64], "uv_size": [-14, -14]},
								"down": {"uv": [36, 64], "uv_size": [-14, -14]}
							}
						},
						{
							"origin": [-8.02, -5.72, -19.05],
							"size": [1, 0.25, 2.1],
							"inflate": 0.05,
							"uv": {
								"north": {"uv": [22, 36], "uv_size": [14, 14]},
								"east": {"uv": [22, 36], "uv_size": [14, 14]},
								"south": {"uv": [22, 36], "uv_size": [14, 14]},
								"west": {"uv": [22, 36], "uv_size": [14, 14]},
								"up": {"uv": [36, 50], "uv_size": [-14, -14]},
								"down": {"uv": [36, 50], "uv_size": [-14, -14]}
							}
						},
						{
							"origin": [-7.4, -5.4, -19.38],
							"size": [0, 0.48, 1],
							"inflate": 0.11,
							"pivot": [-7.39, -5.095, -19],
							"rotation": [0, -90, 0],
							"uv": {
								"north": {"uv": [22, 36], "uv_size": [14, 14]},
								"east": {"uv": [22, 36], "uv_size": [14, 14]},
								"south": {"uv": [22, 36], "uv_size": [14, 14]},
								"west": {"uv": [22, 36], "uv_size": [14, 14]},
								"up": {"uv": [36, 50], "uv_size": [-14, -14]},
								"down": {"uv": [36, 50], "uv_size": [-14, -14]}
							}
						},
						{
							"origin": [-7.4, -4.185, -19.38],
							"size": [0, 0.34, 1],
							"inflate": 0.11,
							"pivot": [-7.39, -6.015, -19],
							"rotation": [0, -90, 0],
							"uv": {
								"north": {"uv": [22, 36], "uv_size": [14, 14]},
								"east": {"uv": [22, 36], "uv_size": [14, 14]},
								"south": {"uv": [22, 36], "uv_size": [14, 14]},
								"west": {"uv": [22, 36], "uv_size": [14, 14]},
								"up": {"uv": [36, 50], "uv_size": [-14, -14]},
								"down": {"uv": [36, 50], "uv_size": [-14, -14]}
							}
						},
						{
							"origin": [-7.4, -3.105, -19.38],
							"size": [0, 0.34, 1],
							"inflate": 0.11,
							"pivot": [-7.39, -6.935, -19],
							"rotation": [0, -90, 0],
							"uv": {
								"north": {"uv": [22, 36], "uv_size": [14, 14]},
								"east": {"uv": [22, 36], "uv_size": [14, 14]},
								"south": {"uv": [22, 36], "uv_size": [14, 14]},
								"west": {"uv": [22, 36], "uv_size": [14, 14]},
								"up": {"uv": [36, 50], "uv_size": [-14, -14]},
								"down": {"uv": [36, 50], "uv_size": [-14, -14]}
							}
						},
						{
							"origin": [-5.38, -4.185, -19.38],
							"size": [0, 0.34, 1],
							"inflate": 0.11,
							"pivot": [-7.39, -6.015, -19],
							"rotation": [0, -90, 0],
							"uv": {
								"north": {"uv": [22, 36], "uv_size": [14, 14]},
								"east": {"uv": [22, 36], "uv_size": [14, 14]},
								"south": {"uv": [22, 36], "uv_size": [14, 14]},
								"west": {"uv": [22, 36], "uv_size": [14, 14]},
								"up": {"uv": [36, 50], "uv_size": [-14, -14]},
								"down": {"uv": [36, 50], "uv_size": [-14, -14]}
							}
						},
						{
							"origin": [-5.38, -5.4, -19.38],
							"size": [0, 0.48, 1],
							"inflate": 0.11,
							"pivot": [-7.39, -5.095, -19],
							"rotation": [0, -90, 0],
							"uv": {
								"north": {"uv": [22, 36], "uv_size": [14, 14]},
								"east": {"uv": [22, 36], "uv_size": [14, 14]},
								"south": {"uv": [22, 36], "uv_size": [14, 14]},
								"west": {"uv": [22, 36], "uv_size": [14, 14]},
								"up": {"uv": [36, 50], "uv_size": [-14, -14]},
								"down": {"uv": [36, 50], "uv_size": [-14, -14]}
							}
						},
						{
							"origin": [-5.38, -4.725, -19.38],
							"size": [0, 0.34, 1],
							"inflate": 0.11,
							"pivot": [-7.39, -5.555, -19],
							"rotation": [0, -90, 0],
							"uv": {
								"north": {"uv": [22, 36], "uv_size": [14, 14]},
								"east": {"uv": [22, 36], "uv_size": [14, 14]},
								"south": {"uv": [22, 36], "uv_size": [14, 14]},
								"west": {"uv": [22, 36], "uv_size": [14, 14]},
								"up": {"uv": [36, 50], "uv_size": [-14, -14]},
								"down": {"uv": [36, 50], "uv_size": [-14, -14]}
							}
						},
						{
							"origin": [-5.38, -3.105, -19.38],
							"size": [0, 0.34, 1],
							"inflate": 0.11,
							"pivot": [-7.39, -6.935, -19],
							"rotation": [0, -90, 0],
							"uv": {
								"north": {"uv": [22, 36], "uv_size": [14, 14]},
								"east": {"uv": [22, 36], "uv_size": [14, 14]},
								"south": {"uv": [22, 36], "uv_size": [14, 14]},
								"west": {"uv": [22, 36], "uv_size": [14, 14]},
								"up": {"uv": [36, 50], "uv_size": [-14, -14]},
								"down": {"uv": [36, 50], "uv_size": [-14, -14]}
							}
						},
						{
							"origin": [-5.38, -3.645, -19.38],
							"size": [0, 0.34, 1],
							"inflate": 0.11,
							"pivot": [-7.39, -6.475, -19],
							"rotation": [0, -90, 0],
							"uv": {
								"north": {"uv": [22, 36], "uv_size": [14, 14]},
								"east": {"uv": [22, 36], "uv_size": [14, 14]},
								"south": {"uv": [22, 36], "uv_size": [14, 14]},
								"west": {"uv": [22, 36], "uv_size": [14, 14]},
								"up": {"uv": [36, 50], "uv_size": [-14, -14]},
								"down": {"uv": [36, 50], "uv_size": [-14, -14]}
							}
						},
						{
							"origin": [-7.4, -4.725, -19.38],
							"size": [0, 0.34, 1],
							"inflate": 0.11,
							"pivot": [-7.39, -5.555, -19],
							"rotation": [0, -90, 0],
							"uv": {
								"north": {"uv": [22, 36], "uv_size": [14, 14]},
								"east": {"uv": [22, 36], "uv_size": [14, 14]},
								"south": {"uv": [22, 36], "uv_size": [14, 14]},
								"west": {"uv": [22, 36], "uv_size": [14, 14]},
								"up": {"uv": [36, 50], "uv_size": [-14, -14]},
								"down": {"uv": [36, 50], "uv_size": [-14, -14]}
							}
						},
						{
							"origin": [-7.4, -3.645, -19.38],
							"size": [0, 0.34, 1],
							"inflate": 0.11,
							"pivot": [-7.39, -6.475, -19],
							"rotation": [0, -90, 0],
							"uv": {
								"north": {"uv": [22, 36], "uv_size": [14, 14]},
								"east": {"uv": [22, 36], "uv_size": [14, 14]},
								"south": {"uv": [22, 36], "uv_size": [14, 14]},
								"west": {"uv": [22, 36], "uv_size": [14, 14]},
								"up": {"uv": [36, 50], "uv_size": [-14, -14]},
								"down": {"uv": [36, 50], "uv_size": [-14, -14]}
							}
						},
						{
							"origin": [-8.02, -2.605, -19.05],
							"size": [1, 0.345, 2.1],
							"inflate": 0.04,
							"uv": {
								"north": {"uv": [22, 36], "uv_size": [14, 14]},
								"east": {"uv": [22, 36], "uv_size": [14, 14]},
								"south": {"uv": [22, 36], "uv_size": [14, 14]},
								"west": {"uv": [22, 36], "uv_size": [14, 14]},
								"up": {"uv": [36, 50], "uv_size": [-14, -14]},
								"down": {"uv": [36, 50], "uv_size": [-14, -14]}
							}
						},
						{
							"origin": [-8.02, -3.73, -19.05],
							"size": [1, 0.25, 2.1],
							"inflate": 0.05,
							"uv": {
								"north": {"uv": [22, 36], "uv_size": [14, 14]},
								"east": {"uv": [22, 36], "uv_size": [14, 14]},
								"south": {"uv": [22, 36], "uv_size": [14, 14]},
								"west": {"uv": [22, 36], "uv_size": [14, 14]},
								"up": {"uv": [36, 50], "uv_size": [-14, -14]},
								"down": {"uv": [36, 50], "uv_size": [-14, -14]}
							}
						},
						{
							"origin": [-8.02, -4.73, -19.05],
							"size": [1, 0.25, 2.1],
							"inflate": 0.05,
							"uv": {
								"north": {"uv": [22, 36], "uv_size": [14, 14]},
								"east": {"uv": [22, 36], "uv_size": [14, 14]},
								"south": {"uv": [22, 36], "uv_size": [14, 14]},
								"west": {"uv": [22, 36], "uv_size": [14, 14]},
								"up": {"uv": [36, 50], "uv_size": [-14, -14]},
								"down": {"uv": [36, 50], "uv_size": [-14, -14]}
							}
						},
						{
							"origin": [-8.02, -2.73, -19.05],
							"size": [1, 0.25, 2.1],
							"inflate": 0.05,
							"uv": {
								"north": {"uv": [22, 36], "uv_size": [14, 14]},
								"east": {"uv": [22, 36], "uv_size": [14, 14]},
								"south": {"uv": [22, 36], "uv_size": [14, 14]},
								"west": {"uv": [22, 36], "uv_size": [14, 14]},
								"up": {"uv": [36, 50], "uv_size": [-14, -14]},
								"down": {"uv": [36, 50], "uv_size": [-14, -14]}
							}
						},
						{
							"origin": [-8.02, -1.85, -19.05],
							"size": [1, 0.345, 2.1],
							"uv": {
								"north": {"uv": [22, 50], "uv_size": [14, 14]},
								"east": {"uv": [22, 50], "uv_size": [14, 14]},
								"south": {"uv": [22, 50], "uv_size": [14, 14]},
								"west": {"uv": [22, 50], "uv_size": [14, 14]},
								"up": {"uv": [36, 64], "uv_size": [-14, -14]},
								"down": {"uv": [36, 64], "uv_size": [-14, -14]}
							}
						},
						{
							"origin": [-8.02, -2.2, -19.05],
							"size": [1, 0.345, 2.1],
							"uv": {
								"north": {"uv": [22, 50], "uv_size": [14, 14]},
								"east": {"uv": [22, 50], "uv_size": [14, 14]},
								"south": {"uv": [22, 50], "uv_size": [14, 14]},
								"west": {"uv": [22, 50], "uv_size": [14, 14]},
								"up": {"uv": [36, 64], "uv_size": [-14, -14]},
								"down": {"uv": [36, 64], "uv_size": [-14, -14]}
							}
						},
						{
							"origin": [-8.02, -1.5, -19.05],
							"size": [1, 0.345, 2.1],
							"uv": {
								"north": {"uv": [22, 50], "uv_size": [14, 14]},
								"east": {"uv": [22, 50], "uv_size": [14, 14]},
								"south": {"uv": [22, 50], "uv_size": [14, 14]},
								"west": {"uv": [22, 50], "uv_size": [14, 14]},
								"up": {"uv": [36, 64], "uv_size": [-14, -14]},
								"down": {"uv": [36, 64], "uv_size": [-14, -14]}
							}
						},
						{
							"origin": [-8.02, -1.15, -19.05],
							"size": [1, 0.345, 2.1],
							"uv": {
								"north": {"uv": [22, 50], "uv_size": [14, 14]},
								"east": {"uv": [22, 50], "uv_size": [14, 14]},
								"south": {"uv": [22, 50], "uv_size": [14, 14]},
								"west": {"uv": [22, 50], "uv_size": [14, 14]},
								"up": {"uv": [36, 64], "uv_size": [-14, -14]},
								"down": {"uv": [36, 64], "uv_size": [-14, -14]}
							}
						},
						{
							"origin": [-8.02, -0.5, -19.05],
							"size": [1, 0.545, 2.1],
							"inflate": 0.05,
							"uv": {
								"north": {"uv": [50, 36], "uv_size": [14, 14]},
								"east": {"uv": [50, 36], "uv_size": [14, 14]},
								"south": {"uv": [50, 36], "uv_size": [14, 14]},
								"west": {"uv": [50, 36], "uv_size": [14, 14]},
								"up": {"uv": [64, 50], "uv_size": [-14, -14]},
								"down": {"uv": [64, 50], "uv_size": [-14, -14]}
							}
						},
						{
							"origin": [-8.02, -0.8, -19.05],
							"size": [1, 0.345, 2.1],
							"uv": {
								"north": {"uv": [22, 50], "uv_size": [14, 14]},
								"east": {"uv": [22, 50], "uv_size": [14, 14]},
								"south": {"uv": [22, 50], "uv_size": [14, 14]},
								"west": {"uv": [22, 50], "uv_size": [14, 14]},
								"up": {"uv": [36, 64], "uv_size": [-14, -14]},
								"down": {"uv": [36, 64], "uv_size": [-14, -14]}
							}
						},
						{
							"origin": [-7.7, -0.2, -18.78],
							"size": [0.4, 1.19, 1.56],
							"uv": {
								"north": {"uv": [36, 36], "uv_size": [14, 14]},
								"east": {"uv": [36, 36], "uv_size": [14, 14]},
								"south": {"uv": [36, 36], "uv_size": [14, 14]},
								"west": {"uv": [36, 36], "uv_size": [14, 14]},
								"up": {"uv": [47, 43], "uv_size": [-9, -5]},
								"down": {"uv": [50, 50], "uv_size": [-14, -14]}
							}
						},
						{
							"origin": [-7.62071, -0.2, -18.85071],
							"size": [0.25, 1.19, 1.7],
							"uv": {
								"north": {"uv": [36, 36], "uv_size": [5, 14]},
								"east": {"uv": [36, 36], "uv_size": [5, 14]},
								"south": {"uv": [36, 36], "uv_size": [5, 14]},
								"west": {"uv": [36, 36], "uv_size": [5, 14]},
								"up": {"uv": [41, 50], "uv_size": [-5, -14]},
								"down": {"uv": [41, 50], "uv_size": [-5, -14]}
							}
						},
						{
							"origin": [1.6833, -0.57, -17.27044],
							"size": [0.1, 1.56, 0.1],
							"pivot": [-3.2667, -1.29, -16.06294],
							"rotation": [-180, 45, 180],
							"uv": {
								"north": {"uv": [37, 37], "uv_size": [12, 5]},
								"east": {"uv": [37, 37], "uv_size": [12, 5]},
								"south": {"uv": [37, 37], "uv_size": [12, 5]},
								"west": {"uv": [37, 37], "uv_size": [12, 5]},
								"up": {"uv": [49, 42], "uv_size": [-12, -5]},
								"down": {"uv": [49, 42], "uv_size": [-12, -5]}
							}
						},
						{
							"origin": [8.07452, -0.57, -5.56334],
							"size": [0.1, 1.56, 0.1],
							"pivot": [3.12452, -1.29, -15.35584],
							"rotation": [-180, -45, -180],
							"uv": {
								"north": {"uv": [43, 37], "uv_size": [-6, 3]},
								"east": {"uv": [43, 37], "uv_size": [-6, 3]},
								"south": {"uv": [43, 37], "uv_size": [-6, 3]},
								"west": {"uv": [43, 37], "uv_size": [-6, 3]},
								"up": {"uv": [37, 40], "uv_size": [6, -3]},
								"down": {"uv": [37, 40], "uv_size": [6, -3]}
							}
						},
						{
							"origin": [33.53163, -0.57, 28.11015],
							"size": [0.1, 1.56, 0.1],
							"pivot": [3.58163, -1.29, 14.00265],
							"rotation": [180, 45, -180],
							"uv": {
								"north": {"uv": [37, 37], "uv_size": [12, 3]},
								"east": {"uv": [37, 37], "uv_size": [12, 3]},
								"south": {"uv": [37, 37], "uv_size": [12, 3]},
								"west": {"uv": [37, 37], "uv_size": [12, 3]},
								"up": {"uv": [49, 40], "uv_size": [-12, -3]},
								"down": {"uv": [49, 40], "uv_size": [-12, -3]}
							}
						},
						{
							"origin": [-24.18802, -0.57, 33.98883],
							"size": [0.1, 1.56, 0.1],
							"pivot": [-5.13802, -1.29, 11.88133],
							"rotation": [180, -45, 180],
							"uv": {
								"north": {"uv": [49, 38], "uv_size": [-11, -2]},
								"east": {"uv": [49, 38], "uv_size": [-11, -2]},
								"south": {"uv": [49, 38], "uv_size": [-11, -2]},
								"west": {"uv": [49, 38], "uv_size": [-11, -2]},
								"up": {"uv": [38, 36], "uv_size": [11, 2]},
								"down": {"uv": [38, 36], "uv_size": [11, 2]}
							}
						}
					]
				},
				{
					"name": "L1",
					"parent": "NichirinR",
					"pivot": [-7, 13, -18],
					"cubes": [
						{
							"origin": [-7.6, 0, -18.8],
							"size": [0.2, 6, 1],
							"uv": {
								"north": {"uv": [0, 3], "uv_size": [1, 48]},
								"east": {"uv": [10, 1], "uv_size": [-10, 50]},
								"south": {"uv": [10, 0], "uv_size": [-10, 51]},
								"west": {"uv": [0, 1], "uv_size": [10, 50]},
								"up": {"uv": [0, 51], "uv_size": [11, -51]},
								"down": {"uv": [0, 51], "uv_size": [11, -51]}
							}
						},
						{
							"origin": [-7.6, 6, -18.8],
							"size": [0.2, 6, 1],
							"uv": {
								"north": {"uv": [0, 2], "uv_size": [1, 59]},
								"east": {"uv": [10, 1], "uv_size": [-10, 60]},
								"south": {"uv": [10, 0], "uv_size": [-10, 61]},
								"west": {"uv": [0, 1], "uv_size": [10, 60]},
								"up": {"uv": [0, 61], "uv_size": [10, -61]},
								"down": {"uv": [0, 61], "uv_size": [11, -61]}
							}
						},
						{
							"origin": [-7.6, 12, -18.8],
							"size": [0.2, 7, 1],
							"uv": {
								"north": {"uv": [1, 2], "uv_size": [-1, 59]},
								"east": {"uv": [10, 1], "uv_size": [-10, 60]},
								"south": {"uv": [10, 0], "uv_size": [-10, 61]},
								"west": {"uv": [0, 1], "uv_size": [10, 61]},
								"up": {"uv": [0, 61], "uv_size": [9, -61]},
								"down": {"uv": [0, 61], "uv_size": [11, -61]}
							}
						},
						{
							"origin": [-7.6, 19, -18.8],
							"size": [0.2, 2, 1],
							"uv": {
								"north": {"uv": [1, 1], "uv_size": [-1, 24]},
								"east": {"uv": [10, 1], "uv_size": [-10, 24]},
								"south": {"uv": [10, 0], "uv_size": [-10, 25]},
								"west": {"uv": [0, 1], "uv_size": [10, 24]},
								"up": {"uv": [0, 25], "uv_size": [11, -25]},
								"down": {"uv": [0, 25], "uv_size": [11, -25]}
							}
						},
						{
							"origin": [-7.596, 22.3, -18.794],
							"size": [0.192, 0.5, 0.288],
							"uv": {
								"north": {"uv": [14, 5], "uv_size": [-3, -5]},
								"east": {"uv": [14, 5], "uv_size": [-3, -5]},
								"south": {"uv": [14, 5], "uv_size": [-3, -5]},
								"west": {"uv": [14, 5], "uv_size": [-3, -5]},
								"up": {"uv": [11, 0], "uv_size": [3, 5]},
								"down": {"uv": [11, 0], "uv_size": [3, 5]}
							}
						},
						{
							"origin": [-7.6, 21, -18.8],
							"size": [0.2, 0.5, 1],
							"uv": {
								"north": {"uv": [2, 41], "uv_size": [-2, -8]},
								"east": {"uv": [9, 41], "uv_size": [-9, -8]},
								"south": {"uv": [9, 41], "uv_size": [-9, -8]},
								"west": {"uv": [0, 41], "uv_size": [9, -8]},
								"up": {"uv": [0, 33], "uv_size": [9, 8]},
								"down": {"uv": [0, 33], "uv_size": [9, 8]}
							}
						},
						{
							"origin": [-7.59996, 21.07948, -18.00005],
							"size": [0.19992, 0.4998, 0.4998],
							"pivot": [-7.40004, 20.54122, -18.70842],
							"rotation": [22.5, 0, 0],
							"uv": {
								"north": {"uv": [11, 26], "uv_size": [-4, -2]},
								"east": {"uv": [11, 26], "uv_size": [-4, -2]},
								"south": {"uv": [11, 26], "uv_size": [-4, -2]},
								"west": {"uv": [11, 26], "uv_size": [-4, -2]},
								"up": {"uv": [7, 24], "uv_size": [4, 2]},
								"down": {"uv": [7, 24], "uv_size": [4, 2]}
							}
						},
						{
							"origin": [-7.598, 21.27321, -17.76205],
							"size": [0.196, 0.49, 0.49],
							"pivot": [-7.402, 20.74551, -18.45653],
							"rotation": [45, 0, 0],
							"uv": {
								"north": {"uv": [10, 25], "uv_size": [0, -1]},
								"east": {"uv": [10, 25], "uv_size": [0, -1]},
								"south": {"uv": [10, 25], "uv_size": [0, -1]},
								"west": {"uv": [10, 25], "uv_size": [0, -1]},
								"up": {"uv": [10, 24], "uv_size": [0, 1]},
								"down": {"uv": [10, 24], "uv_size": [0, 1]}
							}
						},
						{
							"origin": [-7.596, 21.64591, -17.11642],
							"size": [0.194, 0.46, 0.49],
							"pivot": [-7.402, 21.11821, -17.8109],
							"rotation": [90, 0, 0],
							"uv": {
								"north": {"uv": [10, 17], "uv_size": [0, -1]},
								"east": {"uv": [10, 17], "uv_size": [0, -1]},
								"south": {"uv": [10, 17], "uv_size": [0, -1]},
								"west": {"uv": [10, 17], "uv_size": [0, -1]},
								"up": {"uv": [10, 16], "uv_size": [0, 1]},
								"down": {"uv": [10, 16], "uv_size": [0, 1]}
							}
						},
						{
							"origin": [-7.59604, 20.5099, -18.8],
							"size": [0.19208, 1.4802, 0.49],
							"uv": {
								"north": {"uv": [1, 25], "uv_size": [-1, -8]},
								"east": {"uv": [9, 25], "uv_size": [-5, -8]},
								"south": {"uv": [9, 25], "uv_size": [-5, -8]},
								"west": {"uv": [4, 25], "uv_size": [5, -8]},
								"up": {"uv": [4, 17], "uv_size": [5, 8]},
								"down": {"uv": [4, 17], "uv_size": [5, 8]}
							}
						},
						{
							"origin": [-7.588, 20.98837, -25.79699],
							"size": [0.188, 0.288, 0.2],
							"pivot": [-7.02, 3.70837, -18.30899],
							"rotation": [-22.5, 0, 0],
							"uv": {
								"north": {"uv": [15, 4], "uv_size": [-4, -4]},
								"east": {"uv": [15, 4], "uv_size": [-4, -4]},
								"south": {"uv": [15, 4], "uv_size": [-4, -4]},
								"west": {"uv": [15, 4], "uv_size": [-4, -4]},
								"up": {"uv": [17, 0], "uv_size": [-1, 4]},
								"down": {"uv": [11, 0], "uv_size": [4, 4]}
							}
						},
						{
							"origin": [-7.6, 0.9, -17.8],
							"size": [0.2, 20.1, 0.6],
							"uv": {
								"north": {"uv": [17, 64], "uv_size": [-7, -64]},
								"east": {"uv": [17, 64], "uv_size": [-7, -64]},
								"south": {"uv": [17, 64], "uv_size": [0, -64]},
								"west": {"uv": [10, 64], "uv_size": [7, -64]},
								"up": {"uv": [11, 0], "uv_size": [6, 64]},
								"down": {"uv": [11, 0], "uv_size": [6, 64]}
							}
						},
						{
							"origin": [-7.596, 20.53, -14.66],
							"size": [0.192, 1.152, 0.576],
							"pivot": [-7.02, 12.92596, -16.78538],
							"rotation": [22.5, 0, 0],
							"uv": {
								"north": {"uv": [17, 13], "uv_size": [-7, -13]},
								"east": {"uv": [17, 13], "uv_size": [-7, -13]},
								"south": {"uv": [17, 64], "uv_size": [0, -64]},
								"west": {"uv": [10, 13], "uv_size": [7, -13]},
								"up": {"uv": [10, 0], "uv_size": [7, 13]},
								"down": {"uv": [17, 0], "uv_size": [-7, 13]}
							}
						},
						{
							"origin": [-7.594, 22.96033, -10.6409],
							"size": [0.19, 0.96, 0.576],
							"pivot": [-7.02, 13.36033, -12.7529],
							"rotation": [45, 0, 0],
							"uv": {
								"north": {"uv": [17, 31], "uv_size": [-8, -20]},
								"east": {"uv": [17, 31], "uv_size": [-8, -20]},
								"south": {"uv": [17, 64], "uv_size": [0, -64]},
								"west": {"uv": [9, 31], "uv_size": [8, -20]},
								"up": {"uv": [12, 0], "uv_size": [5, 64]},
								"down": {"uv": [12, 0], "uv_size": [5, 64]}
							}
						}
					],
					"locators": {
						"effect1": [-7.5, 1, -18],
						"effect2": [-7.5, 6, -18],
						"effect3": [-7.5, 11, -18],
						"effect4": [-7.5, 16, -18],
						"effect5": [-7.5, 21, -18]
					}
				},
				{
					"name": "B2",
					"parent": "NichirinR",
					"pivot": [0, 0, 0],
					"cubes": [
						{
							"origin": [-7.02, 0, -21],
							"size": [0.22, 0.18, 1.2],
							"inflate": 0.05,
							"pivot": [-7.06, 0.09, -20.02],
							"rotation": [0, 37.47156, 0],
							"uv": {
								"north": {"uv": [51.2, 50.82], "uv_size": [11.2, 12.18]},
								"east": {"uv": [51.2, 50.82], "uv_size": [11.2, 12.18]},
								"south": {"uv": [51.2, 50.82], "uv_size": [11.2, 12.18]},
								"west": {"uv": [51.2, 50.82], "uv_size": [11.2, 12.18]},
								"up": {"uv": [62.4, 63], "uv_size": [-11.2, -12.18]},
								"down": {"uv": [62.4, 63], "uv_size": [-11.2, -12.18]}
							}
						},
						{
							"origin": [-6.87, -0.00195, -20.5483],
							"size": [0.22, 0.18, 1.5],
							"inflate": 0.05,
							"pivot": [-6.76, 0.08805, -19.9983],
							"rotation": [-179.25254, 82.52775, -178.89397],
							"uv": {
								"north": {"uv": [51.2, 50.82], "uv_size": [11.5, 12.18]},
								"east": {"uv": [51.2, 50.82], "uv_size": [11.5, 12.18]},
								"south": {"uv": [51.2, 50.82], "uv_size": [11.5, 12.18]},
								"west": {"uv": [51.2, 50.82], "uv_size": [11.5, 12.18]},
								"up": {"uv": [62.7, 63], "uv_size": [-11.5, -12.18]},
								"down": {"uv": [62.7, 63], "uv_size": [-11.5, -12.18]}
							}
						},
						{
							"origin": [-7.40043, 0.02417, -20.02238],
							"size": [0.22, 0.18, 1.5],
							"inflate": 0.05,
							"pivot": [-7.29043, 0.11417, -19.47238],
							"rotation": [2.49548, -7.98939, 2.92045],
							"uv": {
								"north": {"uv": [51.2, 50.82], "uv_size": [11.5, 12.18]},
								"east": {"uv": [51.2, 50.82], "uv_size": [11.5, 12.18]},
								"south": {"uv": [51.2, 50.82], "uv_size": [11.5, 12.18]},
								"west": {"uv": [51.2, 50.82], "uv_size": [11.5, 12.18]},
								"up": {"uv": [62.7, 63], "uv_size": [-11.5, -12.18]},
								"down": {"uv": [62.7, 63], "uv_size": [-11.5, -12.18]}
							}
						},
						{
							"origin": [-5.75443, -0.02553, -19.96753],
							"size": [0.22, 0.18, 1.4],
							"inflate": 0.05,
							"pivot": [-2.79443, 0.06447, -20.98753],
							"rotation": [-0.09758, -5.02837, 0.37347],
							"uv": {
								"north": {"uv": [51.2, 50.82], "uv_size": [11.4, 12.18]},
								"east": {"uv": [51.2, 50.82], "uv_size": [11.4, 12.18]},
								"south": {"uv": [51.2, 50.82], "uv_size": [11.4, 12.18]},
								"west": {"uv": [51.2, 50.82], "uv_size": [11.4, 12.18]},
								"up": {"uv": [62.6, 63], "uv_size": [-11.4, -12.18]},
								"down": {"uv": [62.6, 63], "uv_size": [-11.4, -12.18]}
							}
						},
						{
							"origin": [-5.46671, -0.01438, -18.54059],
							"size": [0.22, 0.18, 1.4],
							"inflate": 0.05,
							"pivot": [-5.35671, 0.07562, -17.94059],
							"rotation": [-0.13753, -45.02829, 0.46222],
							"uv": {
								"north": {"uv": [51.2, 50.82], "uv_size": [11.4, 12.18]},
								"east": {"uv": [51.2, 50.82], "uv_size": [11.4, 12.18]},
								"south": {"uv": [51.2, 50.82], "uv_size": [11.4, 12.18]},
								"west": {"uv": [51.2, 50.82], "uv_size": [11.4, 12.18]},
								"up": {"uv": [62.6, 63], "uv_size": [-11.4, -12.18]},
								"down": {"uv": [62.6, 63], "uv_size": [-11.4, -12.18]}
							}
						},
						{
							"origin": [-6.48689, -0.004, -17.82975],
							"size": [0.22, 0.18, 1.6],
							"inflate": 0.05,
							"pivot": [-6.37689, 0.086, -20.22975],
							"rotation": [-0.09869, 9.97161, 0.34783],
							"uv": {
								"north": {"uv": [51.2, 50.82], "uv_size": [11.6, 12.18]},
								"east": {"uv": [51.2, 50.82], "uv_size": [11.6, 12.18]},
								"south": {"uv": [51.2, 50.82], "uv_size": [11.6, 12.18]},
								"west": {"uv": [51.2, 50.82], "uv_size": [11.6, 12.18]},
								"up": {"uv": [62.8, 63], "uv_size": [-11.6, -12.18]},
								"down": {"uv": [62.8, 63], "uv_size": [-11.6, -12.18]}
							}
						},
						{
							"origin": [-6.76768, -0.00349, -18.61413],
							"size": [0.22, 0.18, 1.6],
							"inflate": 0.05,
							"pivot": [-6.65768, 0.08651, -17.81413],
							"rotation": [-152.54188, -87.01859, 153.25292],
							"uv": {
								"north": {"uv": [51.2, 50.82], "uv_size": [11.6, 12.18]},
								"east": {"uv": [51.2, 50.82], "uv_size": [11.6, 12.18]},
								"south": {"uv": [51.2, 50.82], "uv_size": [11.6, 12.18]},
								"west": {"uv": [51.2, 50.82], "uv_size": [11.6, 12.18]},
								"up": {"uv": [62.8, 63], "uv_size": [-11.6, -12.18]},
								"down": {"uv": [62.8, 63], "uv_size": [-11.6, -12.18]}
							}
						},
						{
							"origin": [-6.48248, -0.01443, -17.05865],
							"size": [0.22, 0.18, 1.2],
							"inflate": 0.05,
							"pivot": [-6.37248, 0.07557, -16.45865],
							"rotation": [-180, -82.47077, 180],
							"uv": {
								"north": {"uv": [51.2, 50.82], "uv_size": [11.2, 12.18]},
								"east": {"uv": [51.2, 50.82], "uv_size": [11.2, 12.18]},
								"south": {"uv": [51.2, 50.82], "uv_size": [11.2, 12.18]},
								"west": {"uv": [51.2, 50.82], "uv_size": [11.2, 12.18]},
								"up": {"uv": [62.4, 63], "uv_size": [-11.2, -12.18]},
								"down": {"uv": [62.4, 63], "uv_size": [-11.2, -12.18]}
							}
						},
						{
							"origin": [-7.29278, -0.01443, -17.1],
							"size": [0.22, 0.18, 1.1],
							"inflate": 0.05,
							"pivot": [-7.18278, 0.07557, -16.0813],
							"rotation": [0, -32.52827, 0],
							"uv": {
								"north": {"uv": [51.2, 50.82], "uv_size": [11.1, 12.18]},
								"east": {"uv": [51.2, 50.82], "uv_size": [11.1, 12.18]},
								"south": {"uv": [51.2, 50.82], "uv_size": [11.1, 12.18]},
								"west": {"uv": [51.2, 50.82], "uv_size": [11.1, 12.18]},
								"up": {"uv": [62.3, 63], "uv_size": [-11.1, -12.18]},
								"down": {"uv": [62.3, 63], "uv_size": [-11.1, -12.18]}
							}
						},
						{
							"origin": [-7.30734, -0.01443, -17.98374],
							"size": [0.22, 0.18, 1.4],
							"inflate": 0.05,
							"pivot": [-7.19734, 0.07557, -17.43374],
							"rotation": [0, 42.47173, 0],
							"uv": {
								"north": {"uv": [51.2, 50.82], "uv_size": [11.4, 12.18]},
								"east": {"uv": [51.2, 50.82], "uv_size": [11.4, 12.18]},
								"south": {"uv": [51.2, 50.82], "uv_size": [11.4, 12.18]},
								"west": {"uv": [51.2, 50.82], "uv_size": [11.4, 12.18]},
								"up": {"uv": [62.6, 63], "uv_size": [-11.4, -12.18]},
								"down": {"uv": [62.6, 63], "uv_size": [-11.4, -12.18]}
							}
						},
						{
							"origin": [-7.29278, -0.01443, -16.6813],
							"size": [0.22, 0.18, 1.1],
							"inflate": 0.05,
							"pivot": [-7.18278, 0.07557, -16.0813],
							"rotation": [0, -32.52827, 0],
							"uv": {
								"north": {"uv": [51.2, 50.82], "uv_size": [11.1, 12.18]},
								"east": {"uv": [51.2, 50.82], "uv_size": [11.1, 12.18]},
								"south": {"uv": [51.2, 50.82], "uv_size": [11.1, 12.18]},
								"west": {"uv": [51.2, 50.82], "uv_size": [11.1, 12.18]},
								"up": {"uv": [62.3, 63], "uv_size": [-11.1, -12.18]},
								"down": {"uv": [62.3, 63], "uv_size": [-11.1, -12.18]}
							}
						},
						{
							"origin": [-9.28765, -0.01443, -16.19913],
							"size": [0.22, 0.18, 1.3],
							"inflate": 0.05,
							"pivot": [-9.17765, 0.07557, -17.59913],
							"rotation": [0, 39.97051, 0],
							"uv": {
								"north": {"uv": [51.2, 50.82], "uv_size": [11.3, 12.18]},
								"east": {"uv": [51.2, 50.82], "uv_size": [11.3, 12.18]},
								"south": {"uv": [51.2, 50.82], "uv_size": [11.3, 12.18]},
								"west": {"uv": [51.2, 50.82], "uv_size": [11.3, 12.18]},
								"up": {"uv": [62.5, 63], "uv_size": [-11.3, -12.18]},
								"down": {"uv": [62.5, 63], "uv_size": [-11.3, -12.18]}
							}
						},
						{
							"origin": [-10.06603, -0.01443, -17.95279],
							"size": [0.22, 0.18, 1.2],
							"inflate": 0.05,
							"pivot": [-8.95603, 0.07557, -17.35279],
							"rotation": [-180, 78.75554, 180],
							"uv": {
								"north": {"uv": [51.2, 50.82], "uv_size": [11.2, 12.18]},
								"east": {"uv": [51.2, 50.82], "uv_size": [11.2, 12.18]},
								"south": {"uv": [51.2, 50.82], "uv_size": [11.2, 12.18]},
								"west": {"uv": [51.2, 50.82], "uv_size": [11.2, 12.18]},
								"up": {"uv": [62.4, 63], "uv_size": [-11.2, -12.18]},
								"down": {"uv": [62.4, 63], "uv_size": [-11.2, -12.18]}
							}
						},
						{
							"origin": [-10.06603, -0.01443, -17.5],
							"size": [0.22, 0.18, 1.2],
							"inflate": 0.05,
							"pivot": [-8.95603, 0.07557, -17.35279],
							"rotation": [-180, 78.75554, 180],
							"uv": {
								"north": {"uv": [51.2, 50.82], "uv_size": [11.2, 12.18]},
								"east": {"uv": [51.2, 50.82], "uv_size": [11.2, 12.18]},
								"south": {"uv": [51.2, 50.82], "uv_size": [11.2, 12.18]},
								"west": {"uv": [51.2, 50.82], "uv_size": [11.2, 12.18]},
								"up": {"uv": [62.4, 63], "uv_size": [-11.2, -12.18]},
								"down": {"uv": [62.4, 63], "uv_size": [-11.2, -12.18]}
							}
						},
						{
							"origin": [-7.72199, -0.07562, -17.67795],
							"size": [0.22, 0.18, 1.2],
							"inflate": 0.05,
							"pivot": [-7.61199, 0.01438, -17.07795],
							"rotation": [174.39261, 19.10181, -178.71379],
							"uv": {
								"north": {"uv": [51.2, 50.82], "uv_size": [11.2, 12.18]},
								"east": {"uv": [51.2, 50.82], "uv_size": [11.2, 12.18]},
								"south": {"uv": [51.2, 50.82], "uv_size": [11.2, 12.18]},
								"west": {"uv": [51.2, 50.82], "uv_size": [11.2, 12.18]},
								"up": {"uv": [62.4, 63], "uv_size": [-11.2, -12.18]},
								"down": {"uv": [62.4, 63], "uv_size": [-11.2, -12.18]}
							}
						},
						{
							"origin": [-9.3637, -0.01443, -17.5615],
							"size": [0.22, 0.18, 1.2],
							"inflate": 0.05,
							"pivot": [-9.2537, 0.07557, -16.9615],
							"rotation": [0, -0.69451, 0],
							"uv": {
								"north": {"uv": [51.2, 50.82], "uv_size": [11.2, 12.18]},
								"east": {"uv": [51.2, 50.82], "uv_size": [11.2, 12.18]},
								"south": {"uv": [51.2, 50.82], "uv_size": [11.2, 12.18]},
								"west": {"uv": [51.2, 50.82], "uv_size": [11.2, 12.18]},
								"up": {"uv": [62.4, 63], "uv_size": [-11.2, -12.18]},
								"down": {"uv": [62.4, 63], "uv_size": [-11.2, -12.18]}
							}
						},
						{
							"origin": [-8.59491, 0.03545, -18.13435],
							"size": [0.22, 0.18, 1.7],
							"inflate": 0.05,
							"pivot": [-8.48491, 0.12545, -17.53435],
							"rotation": [174.23522, -51.75982, 3.74238],
							"uv": {
								"north": {"uv": [51.2, 50.82], "uv_size": [11.7, 12.18]},
								"east": {"uv": [51.2, 50.82], "uv_size": [11.7, 12.18]},
								"south": {"uv": [51.2, 50.82], "uv_size": [11.7, 12.18]},
								"west": {"uv": [51.2, 50.82], "uv_size": [11.7, 12.18]},
								"up": {"uv": [62.9, 63], "uv_size": [-11.7, -12.18]},
								"down": {"uv": [62.9, 63], "uv_size": [-11.7, -12.18]}
							}
						},
						{
							"origin": [-9.77321, -0.04823, -18.45574],
							"size": [0.22, 0.18, 1.7],
							"inflate": 0.05,
							"pivot": [-9.66321, 0.04177, -17.85574],
							"rotation": [0, -50.62366, 176.3489],
							"uv": {
								"north": {"uv": [51.2, 50.82], "uv_size": [11.7, 12.18]},
								"east": {"uv": [51.2, 50.82], "uv_size": [11.7, 12.18]},
								"south": {"uv": [51.2, 50.82], "uv_size": [11.7, 12.18]},
								"west": {"uv": [51.2, 50.82], "uv_size": [11.7, 12.18]},
								"up": {"uv": [62.9, 63], "uv_size": [-11.7, -12.18]},
								"down": {"uv": [62.9, 63], "uv_size": [-11.7, -12.18]}
							}
						},
						{
							"origin": [-9.72162, -0.0735, -19.16457],
							"size": [0.22, 0.18, 1.1],
							"inflate": 0.05,
							"pivot": [-9.61162, 0.0165, -18.56457],
							"rotation": [0, -49.23667, 0],
							"uv": {
								"north": {"uv": [51.2, 50.82], "uv_size": [11.1, 12.18]},
								"east": {"uv": [51.2, 50.82], "uv_size": [11.1, 12.18]},
								"south": {"uv": [51.2, 50.82], "uv_size": [11.1, 12.18]},
								"west": {"uv": [51.2, 50.82], "uv_size": [11.1, 12.18]},
								"up": {"uv": [62.3, 63], "uv_size": [-11.1, -12.18]},
								"down": {"uv": [62.3, 63], "uv_size": [-11.1, -12.18]}
							}
						},
						{
							"origin": [-9.38031, 0.00768, -20.03519],
							"size": [0.22, 0.18, 1.7],
							"inflate": 0.05,
							"pivot": [-9.27031, 0.09768, -19.43519],
							"rotation": [0, 10.76333, 0],
							"uv": {
								"north": {"uv": [51.2, 50.82], "uv_size": [11.7, 12.18]},
								"east": {"uv": [51.2, 50.82], "uv_size": [11.7, 12.18]},
								"south": {"uv": [51.2, 50.82], "uv_size": [11.7, 12.18]},
								"west": {"uv": [51.2, 50.82], "uv_size": [11.7, 12.18]},
								"up": {"uv": [62.9, 63], "uv_size": [-11.7, -12.18]},
								"down": {"uv": [62.9, 63], "uv_size": [-11.7, -12.18]}
							}
						},
						{
							"origin": [-8.37728, 0.00768, -19.27721],
							"size": [0.22, 0.18, 1.8],
							"inflate": 0.05,
							"pivot": [-8.26728, 0.09768, -18.37721],
							"rotation": [0, 85.76333, 0],
							"uv": {
								"north": {"uv": [51.2, 50.82], "uv_size": [11.8, 12.18]},
								"east": {"uv": [51.2, 50.82], "uv_size": [11.8, 12.18]},
								"south": {"uv": [51.2, 50.82], "uv_size": [11.8, 12.18]},
								"west": {"uv": [51.2, 50.82], "uv_size": [11.8, 12.18]},
								"up": {"uv": [63, 63], "uv_size": [-11.8, -12.18]},
								"down": {"uv": [63, 63], "uv_size": [-11.8, -12.18]}
							}
						},
						{
							"origin": [-6.92276, -0.01351, -19.4775],
							"size": [0.22, 0.18, 1.8],
							"inflate": 0.05,
							"pivot": [-6.81276, 0.07649, -18.45947],
							"rotation": [-0.48461, -45.02813, 0.18375],
							"uv": {
								"north": {"uv": [51.2, 50.82], "uv_size": [11.8, 12.18]},
								"east": {"uv": [51.2, 50.82], "uv_size": [11.8, 12.18]},
								"south": {"uv": [51.2, 50.82], "uv_size": [11.8, 12.18]},
								"west": {"uv": [51.2, 50.82], "uv_size": [11.8, 12.18]},
								"up": {"uv": [63, 63], "uv_size": [-11.8, -12.18]},
								"down": {"uv": [63, 63], "uv_size": [-11.8, -12.18]}
							}
						},
						{
							"origin": [-5.51066, -0.01301, -19.6],
							"size": [0.22, 0.18, 1.5],
							"inflate": 0.05,
							"pivot": [-5.40066, 0.07699, -18.58198],
							"rotation": [-0.16935, 54.97151, 0.22625],
							"uv": {
								"north": {"uv": [51.2, 50.82], "uv_size": [11.5, 12.18]},
								"east": {"uv": [51.2, 50.82], "uv_size": [11.5, 12.18]},
								"south": {"uv": [51.2, 50.82], "uv_size": [11.5, 12.18]},
								"west": {"uv": [51.2, 50.82], "uv_size": [11.5, 12.18]},
								"up": {"uv": [62.7, 63], "uv_size": [-11.5, -12.18]},
								"down": {"uv": [62.7, 63], "uv_size": [-11.5, -12.18]}
							}
						},
						{
							"origin": [-8.2124, 0.00697, -21.1966],
							"size": [0.22, 0.18, 1.8],
							"inflate": 0.05,
							"pivot": [-8.1024, 0.09697, -20.2166],
							"rotation": [0, 35.0283, -179.56695],
							"uv": {
								"north": {"uv": [51.2, 50.82], "uv_size": [11.8, 12.18]},
								"east": {"uv": [51.2, 50.82], "uv_size": [11.8, 12.18]},
								"south": {"uv": [51.2, 50.82], "uv_size": [11.8, 12.18]},
								"west": {"uv": [51.2, 50.82], "uv_size": [11.8, 12.18]},
								"up": {"uv": [63, 63], "uv_size": [-11.8, -12.18]},
								"down": {"uv": [63, 63], "uv_size": [-11.8, -12.18]}
							}
						},
						{
							"origin": [-8.19671, 0.01443, -19.80742],
							"size": [0.22, 0.18, 1.8],
							"inflate": 0.05,
							"pivot": [-8.08671, 0.10443, -18.90742],
							"rotation": [-0.47423, -32.47023, -179.57968],
							"uv": {
								"north": {"uv": [51.2, 50.82], "uv_size": [11.8, 12.18]},
								"east": {"uv": [51.2, 50.82], "uv_size": [11.8, 12.18]},
								"south": {"uv": [51.2, 50.82], "uv_size": [11.8, 12.18]},
								"west": {"uv": [51.2, 50.82], "uv_size": [11.8, 12.18]},
								"up": {"uv": [63, 63], "uv_size": [-11.8, -12.18]},
								"down": {"uv": [63, 63], "uv_size": [-11.8, -12.18]}
							}
						},
						{
							"origin": [-10.03001, 0.00768, -19.71111],
							"size": [0.22, 0.18, 1.3],
							"inflate": 0.05,
							"pivot": [-8.92001, 0.09768, -19.06111],
							"rotation": [-180, -85.0283, 180],
							"uv": {
								"north": {"uv": [51.2, 50.82], "uv_size": [11.3, 12.18]},
								"east": {"uv": [51.2, 50.82], "uv_size": [11.3, 12.18]},
								"south": {"uv": [51.2, 50.82], "uv_size": [11.3, 12.18]},
								"west": {"uv": [51.2, 50.82], "uv_size": [11.3, 12.18]},
								"up": {"uv": [62.5, 63], "uv_size": [-11.3, -12.18]},
								"down": {"uv": [62.5, 63], "uv_size": [-11.3, -12.18]}
							}
						}
					]
				},
				{
					"name": "bone",
					"parent": "NichirinR",
					"pivot": [-5, 22, 0],
					"cubes": [
						{
							"origin": [-8, -5.59917, -18.56733],
							"size": [0.95, 0, 1],
							"inflate": 0.1,
							"pivot": [-7.51, -4.52667, -18.06733],
							"rotation": [-89.99999, -67.5, 89.99999],
							"uv": {
								"north": {"uv": [22, 36], "uv_size": [14, 14]},
								"east": {"uv": [22, 36], "uv_size": [14, 14]},
								"south": {"uv": [22, 36], "uv_size": [14, 14]},
								"west": {"uv": [22, 36], "uv_size": [14, 14]},
								"up": {"uv": [36, 50], "uv_size": [-14, -14]},
								"down": {"uv": [36, 50], "uv_size": [-14, -14]}
							}
						},
						{
							"origin": [-8.18, -5.44542, -18.76787],
							"size": [0.85, 0, 1],
							"inflate": 0.1,
							"pivot": [-7.51, -5.37292, -18.26787],
							"rotation": [-89.99999, -67.5, 89.99999],
							"uv": {
								"north": {"uv": [22, 36], "uv_size": [14, 14]},
								"east": {"uv": [22, 36], "uv_size": [14, 14]},
								"south": {"uv": [22, 36], "uv_size": [14, 14]},
								"west": {"uv": [22, 36], "uv_size": [14, 14]},
								"up": {"uv": [36, 50], "uv_size": [-14, -14]},
								"down": {"uv": [36, 50], "uv_size": [-14, -14]}
							}
						}
					]
				},
				{
					"name": "bone2",
					"parent": "bone",
					"pivot": [-5, 22, 2],
					"cubes": [
						{
							"origin": [23, 6.96824, 13.70063],
							"size": [1, 0, 1],
							"inflate": 0.1,
							"pivot": [-7.51, -0.95926, 14.20063],
							"rotation": [89.99999, 67.5, 89.99999],
							"uv": {
								"north": {"uv": [36, 36], "uv_size": [-14, 14]},
								"east": {"uv": [36, 36], "uv_size": [-14, 14]},
								"south": {"uv": [36, 36], "uv_size": [-14, 14]},
								"west": {"uv": [36, 36], "uv_size": [-14, 14]},
								"up": {"uv": [36, 36], "uv_size": [-14, 14]},
								"down": {"uv": [36, 36], "uv_size": [-14, 14]}
							}
						},
						{
							"origin": [22.95, 7.22913, 14.00678],
							"size": [1.05, 0, 1],
							"inflate": 0.1,
							"pivot": [-7.51, -1.69837, 14.50678],
							"rotation": [89.99999, 67.5, 89.99999],
							"uv": {
								"north": {"uv": [36, 36], "uv_size": [-14, 14]},
								"east": {"uv": [36, 36], "uv_size": [-14, 14]},
								"south": {"uv": [36, 36], "uv_size": [-14, 14]},
								"west": {"uv": [36, 36], "uv_size": [-14, 14]},
								"up": {"uv": [36, 36], "uv_size": [-14, 14]},
								"down": {"uv": [36, 36], "uv_size": [-14, 14]}
							}
						}
					]
				},
				{
					"name": "bone3",
					"parent": "bone",
					"pivot": [-5, -31, 0],
					"cubes": [
						{
							"origin": [-8, -4.62738, -18.56733],
							"size": [0.95, 0, 1],
							"inflate": 0.1,
							"pivot": [-7.51, -5.69988, -18.06733],
							"rotation": [89.99999, -67.5, -89.99999],
							"uv": {
								"north": {"uv": [22, 50], "uv_size": [14, -14]},
								"east": {"uv": [22, 50], "uv_size": [14, -14]},
								"south": {"uv": [22, 50], "uv_size": [14, -14]},
								"west": {"uv": [22, 50], "uv_size": [14, -14]},
								"up": {"uv": [36, 36], "uv_size": [-14, 14]},
								"down": {"uv": [36, 36], "uv_size": [-14, 14]}
							}
						},
						{
							"origin": [-8.18, -4.78112, -18.76787],
							"size": [0.85, 0, 1],
							"inflate": 0.1,
							"pivot": [-7.51, -4.85362, -18.26787],
							"rotation": [89.99999, -67.5, -89.99999],
							"uv": {
								"north": {"uv": [22, 50], "uv_size": [14, -14]},
								"east": {"uv": [22, 50], "uv_size": [14, -14]},
								"south": {"uv": [22, 50], "uv_size": [14, -14]},
								"west": {"uv": [22, 50], "uv_size": [14, -14]},
								"up": {"uv": [36, 36], "uv_size": [-14, 14]},
								"down": {"uv": [36, 36], "uv_size": [-14, 14]}
							}
						}
					]
				},
				{
					"name": "bone4",
					"parent": "bone3",
					"pivot": [-5, -31, 2],
					"cubes": [
						{
							"origin": [23, -17.19478, 13.70063],
							"size": [1, 0, 1],
							"inflate": 0.1,
							"pivot": [-7.51, -9.26728, 14.20063],
							"rotation": [-89.99999, 67.5, -89.99999],
							"uv": {
								"north": {"uv": [36, 50], "uv_size": [-14, -14]},
								"east": {"uv": [36, 50], "uv_size": [-14, -14]},
								"south": {"uv": [36, 50], "uv_size": [-14, -14]},
								"west": {"uv": [36, 50], "uv_size": [-14, -14]},
								"up": {"uv": [36, 50], "uv_size": [-14, -14]},
								"down": {"uv": [36, 50], "uv_size": [-14, -14]}
							}
						},
						{
							"origin": [22.95, -17.45568, 14.00678],
							"size": [1.05, 0, 1],
							"inflate": 0.1,
							"pivot": [-7.51, -8.52818, 14.50678],
							"rotation": [-89.99999, 67.5, -89.99999],
							"uv": {
								"north": {"uv": [36, 50], "uv_size": [-14, -14]},
								"east": {"uv": [36, 50], "uv_size": [-14, -14]},
								"south": {"uv": [36, 50], "uv_size": [-14, -14]},
								"west": {"uv": [36, 50], "uv_size": [-14, -14]},
								"up": {"uv": [36, 50], "uv_size": [-14, -14]},
								"down": {"uv": [36, 50], "uv_size": [-14, -14]}
							}
						}
					]
				},
				{
					"name": "bone5",
					"parent": "NichirinR",
					"pivot": [-5, 23, 0],
					"cubes": [
						{
							"origin": [-8, -4.59917, -18.56733],
							"size": [0.95, 0, 1],
							"inflate": 0.1,
							"pivot": [-7.51, -3.52667, -18.06733],
							"rotation": [-89.99999, -67.5, 89.99999],
							"uv": {
								"north": {"uv": [22, 36], "uv_size": [14, 14]},
								"east": {"uv": [22, 36], "uv_size": [14, 14]},
								"south": {"uv": [22, 36], "uv_size": [14, 14]},
								"west": {"uv": [22, 36], "uv_size": [14, 14]},
								"up": {"uv": [36, 50], "uv_size": [-14, -14]},
								"down": {"uv": [36, 50], "uv_size": [-14, -14]}
							}
						},
						{
							"origin": [-8.18, -4.44542, -18.76787],
							"size": [0.85, 0, 1],
							"inflate": 0.1,
							"pivot": [-7.51, -4.37292, -18.26787],
							"rotation": [-89.99999, -67.5, 89.99999],
							"uv": {
								"north": {"uv": [22, 36], "uv_size": [14, 14]},
								"east": {"uv": [22, 36], "uv_size": [14, 14]},
								"south": {"uv": [22, 36], "uv_size": [14, 14]},
								"west": {"uv": [22, 36], "uv_size": [14, 14]},
								"up": {"uv": [36, 50], "uv_size": [-14, -14]},
								"down": {"uv": [36, 50], "uv_size": [-14, -14]}
							}
						}
					]
				},
				{
					"name": "bone6",
					"parent": "bone5",
					"pivot": [-5, 23, 2],
					"cubes": [
						{
							"origin": [23, 7.96824, 13.70063],
							"size": [1, 0, 1],
							"inflate": 0.1,
							"pivot": [-7.51, 0.04074, 14.20063],
							"rotation": [89.99999, 67.5, 89.99999],
							"uv": {
								"north": {"uv": [36, 36], "uv_size": [-14, 14]},
								"east": {"uv": [36, 36], "uv_size": [-14, 14]},
								"south": {"uv": [36, 36], "uv_size": [-14, 14]},
								"west": {"uv": [36, 36], "uv_size": [-14, 14]},
								"up": {"uv": [36, 36], "uv_size": [-14, 14]},
								"down": {"uv": [36, 36], "uv_size": [-14, 14]}
							}
						},
						{
							"origin": [22.95, 8.22913, 14.00678],
							"size": [1.05, 0, 1],
							"inflate": 0.1,
							"pivot": [-7.51, -0.69837, 14.50678],
							"rotation": [89.99999, 67.5, 89.99999],
							"uv": {
								"north": {"uv": [36, 36], "uv_size": [-14, 14]},
								"east": {"uv": [36, 36], "uv_size": [-14, 14]},
								"south": {"uv": [36, 36], "uv_size": [-14, 14]},
								"west": {"uv": [36, 36], "uv_size": [-14, 14]},
								"up": {"uv": [36, 36], "uv_size": [-14, 14]},
								"down": {"uv": [36, 36], "uv_size": [-14, 14]}
							}
						}
					]
				},
				{
					"name": "bone7",
					"parent": "bone5",
					"pivot": [-5, -30, 0],
					"cubes": [
						{
							"origin": [-8, -3.62738, -18.56733],
							"size": [0.95, 0, 1],
							"inflate": 0.1,
							"pivot": [-7.51, -4.69988, -18.06733],
							"rotation": [89.99999, -67.5, -89.99999],
							"uv": {
								"north": {"uv": [22, 50], "uv_size": [14, -14]},
								"east": {"uv": [22, 50], "uv_size": [14, -14]},
								"south": {"uv": [22, 50], "uv_size": [14, -14]},
								"west": {"uv": [22, 50], "uv_size": [14, -14]},
								"up": {"uv": [36, 36], "uv_size": [-14, 14]},
								"down": {"uv": [36, 36], "uv_size": [-14, 14]}
							}
						},
						{
							"origin": [-8.18, -3.78112, -18.76787],
							"size": [0.85, 0, 1],
							"inflate": 0.1,
							"pivot": [-7.51, -3.85362, -18.26787],
							"rotation": [89.99999, -67.5, -89.99999],
							"uv": {
								"north": {"uv": [22, 50], "uv_size": [14, -14]},
								"east": {"uv": [22, 50], "uv_size": [14, -14]},
								"south": {"uv": [22, 50], "uv_size": [14, -14]},
								"west": {"uv": [22, 50], "uv_size": [14, -14]},
								"up": {"uv": [36, 36], "uv_size": [-14, 14]},
								"down": {"uv": [36, 36], "uv_size": [-14, 14]}
							}
						}
					]
				},
				{
					"name": "bone8",
					"parent": "bone7",
					"pivot": [-5, -30, 2],
					"cubes": [
						{
							"origin": [23, -16.19478, 13.70063],
							"size": [1, 0, 1],
							"inflate": 0.1,
							"pivot": [-7.51, -8.26728, 14.20063],
							"rotation": [-89.99999, 67.5, -89.99999],
							"uv": {
								"north": {"uv": [36, 50], "uv_size": [-14, -14]},
								"east": {"uv": [36, 50], "uv_size": [-14, -14]},
								"south": {"uv": [36, 50], "uv_size": [-14, -14]},
								"west": {"uv": [36, 50], "uv_size": [-14, -14]},
								"up": {"uv": [36, 50], "uv_size": [-14, -14]},
								"down": {"uv": [36, 50], "uv_size": [-14, -14]}
							}
						},
						{
							"origin": [22.95, -16.45568, 14.00678],
							"size": [1.05, 0, 1],
							"inflate": 0.1,
							"pivot": [-7.51, -7.52818, 14.50678],
							"rotation": [-89.99999, 67.5, -89.99999],
							"uv": {
								"north": {"uv": [36, 50], "uv_size": [-14, -14]},
								"east": {"uv": [36, 50], "uv_size": [-14, -14]},
								"south": {"uv": [36, 50], "uv_size": [-14, -14]},
								"west": {"uv": [36, 50], "uv_size": [-14, -14]},
								"up": {"uv": [36, 50], "uv_size": [-14, -14]},
								"down": {"uv": [36, 50], "uv_size": [-14, -14]}
							}
						}
					]
				},
				{
					"name": "bone9",
					"parent": "NichirinR",
					"pivot": [-5, 24, 0],
					"cubes": [
						{
							"origin": [-8, -3.59917, -18.56733],
							"size": [0.95, 0, 1],
							"inflate": 0.1,
							"pivot": [-7.51, -2.52667, -18.06733],
							"rotation": [-89.99999, -67.5, 89.99999],
							"uv": {
								"north": {"uv": [22, 36], "uv_size": [14, 14]},
								"east": {"uv": [22, 36], "uv_size": [14, 14]},
								"south": {"uv": [22, 36], "uv_size": [14, 14]},
								"west": {"uv": [22, 36], "uv_size": [14, 14]},
								"up": {"uv": [36, 50], "uv_size": [-14, -14]},
								"down": {"uv": [36, 50], "uv_size": [-14, -14]}
							}
						},
						{
							"origin": [-8.18, -3.44542, -18.76787],
							"size": [0.85, 0, 1],
							"inflate": 0.1,
							"pivot": [-7.51, -3.37292, -18.26787],
							"rotation": [-89.99999, -67.5, 89.99999],
							"uv": {
								"north": {"uv": [22, 36], "uv_size": [14, 14]},
								"east": {"uv": [22, 36], "uv_size": [14, 14]},
								"south": {"uv": [22, 36], "uv_size": [14, 14]},
								"west": {"uv": [22, 36], "uv_size": [14, 14]},
								"up": {"uv": [36, 50], "uv_size": [-14, -14]},
								"down": {"uv": [36, 50], "uv_size": [-14, -14]}
							}
						}
					]
				},
				{
					"name": "bone10",
					"parent": "bone9",
					"pivot": [-5, 24, 2],
					"cubes": [
						{
							"origin": [23, 8.96824, 13.70063],
							"size": [1, 0, 1],
							"inflate": 0.1,
							"pivot": [-7.51, 1.04074, 14.20063],
							"rotation": [89.99999, 67.5, 89.99999],
							"uv": {
								"north": {"uv": [36, 36], "uv_size": [-14, 14]},
								"east": {"uv": [36, 36], "uv_size": [-14, 14]},
								"south": {"uv": [36, 36], "uv_size": [-14, 14]},
								"west": {"uv": [36, 36], "uv_size": [-14, 14]},
								"up": {"uv": [36, 36], "uv_size": [-14, 14]},
								"down": {"uv": [36, 36], "uv_size": [-14, 14]}
							}
						},
						{
							"origin": [22.95, 9.22913, 14.00678],
							"size": [1.05, 0, 1],
							"inflate": 0.1,
							"pivot": [-7.51, 0.30163, 14.50678],
							"rotation": [89.99999, 67.5, 89.99999],
							"uv": {
								"north": {"uv": [36, 36], "uv_size": [-14, 14]},
								"east": {"uv": [36, 36], "uv_size": [-14, 14]},
								"south": {"uv": [36, 36], "uv_size": [-14, 14]},
								"west": {"uv": [36, 36], "uv_size": [-14, 14]},
								"up": {"uv": [36, 36], "uv_size": [-14, 14]},
								"down": {"uv": [36, 36], "uv_size": [-14, 14]}
							}
						}
					]
				},
				{
					"name": "bone11",
					"parent": "bone9",
					"pivot": [-5, -29, 0],
					"cubes": [
						{
							"origin": [-8, -2.62738, -18.56733],
							"size": [0.95, 0, 1],
							"inflate": 0.1,
							"pivot": [-7.51, -3.69988, -18.06733],
							"rotation": [89.99999, -67.5, -89.99999],
							"uv": {
								"north": {"uv": [22, 50], "uv_size": [14, -14]},
								"east": {"uv": [22, 50], "uv_size": [14, -14]},
								"south": {"uv": [22, 50], "uv_size": [14, -14]},
								"west": {"uv": [22, 50], "uv_size": [14, -14]},
								"up": {"uv": [36, 36], "uv_size": [-14, 14]},
								"down": {"uv": [36, 36], "uv_size": [-14, 14]}
							}
						},
						{
							"origin": [-8.18, -2.78112, -18.76787],
							"size": [0.85, 0, 1],
							"inflate": 0.1,
							"pivot": [-7.51, -2.85362, -18.26787],
							"rotation": [89.99999, -67.5, -89.99999],
							"uv": {
								"north": {"uv": [22, 50], "uv_size": [14, -14]},
								"east": {"uv": [22, 50], "uv_size": [14, -14]},
								"south": {"uv": [22, 50], "uv_size": [14, -14]},
								"west": {"uv": [22, 50], "uv_size": [14, -14]},
								"up": {"uv": [36, 36], "uv_size": [-14, 14]},
								"down": {"uv": [36, 36], "uv_size": [-14, 14]}
							}
						}
					]
				},
				{
					"name": "bone12",
					"parent": "bone11",
					"pivot": [-5, -29, 2],
					"cubes": [
						{
							"origin": [23, -15.19478, 13.70063],
							"size": [1, 0, 1],
							"inflate": 0.1,
							"pivot": [-7.51, -7.26728, 14.20063],
							"rotation": [-89.99999, 67.5, -89.99999],
							"uv": {
								"north": {"uv": [36, 50], "uv_size": [-14, -14]},
								"east": {"uv": [36, 50], "uv_size": [-14, -14]},
								"south": {"uv": [36, 50], "uv_size": [-14, -14]},
								"west": {"uv": [36, 50], "uv_size": [-14, -14]},
								"up": {"uv": [36, 50], "uv_size": [-14, -14]},
								"down": {"uv": [36, 50], "uv_size": [-14, -14]}
							}
						},
						{
							"origin": [22.95, -15.45568, 14.00678],
							"size": [1.05, 0, 1],
							"inflate": 0.1,
							"pivot": [-7.51, -6.52818, 14.50678],
							"rotation": [-89.99999, 67.5, -89.99999],
							"uv": {
								"north": {"uv": [36, 50], "uv_size": [-14, -14]},
								"east": {"uv": [36, 50], "uv_size": [-14, -14]},
								"south": {"uv": [36, 50], "uv_size": [-14, -14]},
								"west": {"uv": [36, 50], "uv_size": [-14, -14]},
								"up": {"uv": [36, 50], "uv_size": [-14, -14]},
								"down": {"uv": [36, 50], "uv_size": [-14, -14]}
							}
						}
					]
				}
			]
		}
	]
}
