{
	"format_version": "1.12.0",
	"minecraft:geometry": [
		{
			"description": {
				"identifier": "geometry.nichirin_shinobu",
				"texture_width": 64,
				"texture_height": 64,
				"visible_bounds_width": 3,
				"visible_bounds_height": 4.5,
				"visible_bounds_offset": [0, 0.75, 0]
			},
			"bones": [
				{
					"name": "root",
					"pivot": [0, 0, 0]
				},
				{
					"name": "waist",
					"parent": "root",
					"pivot": [0, 0, 0]
				},
				{
					"name": "body",
					"parent": "waist",
					"pivot": [0, 0, 0]
				},
				{
					"name": "rightArm",
					"parent": "body",
					"pivot": [-5, 22, 0]
				},
				{
					"name": "NichirinR",
					"parent": "rightArm",
					"pivot": [-6.7, 13, 3],
					"rotation": [90, 0, 180]
				},
				{
					"name": "B1",
					"parent": "NichirinR",
					"pivot": [-7, 34, 3],
					"cubes": [
						{
							"origin": [-8, 12, 2],
							"size": [1, 1.2, 2],
							"uv": {
								"north": {"uv": [33, 48], "uv_size": [-14, 16]},
								"east": {"uv": [33, 48], "uv_size": [-14, 16]},
								"south": {"uv": [33, 48], "uv_size": [-14, 16]},
								"west": {"uv": [33, 48], "uv_size": [-14, 16]},
								"up": {"uv": [19, 64], "uv_size": [14, -16]},
								"down": {"uv": [19, 64], "uv_size": [14, -16]}
							}
						},
						{
							"origin": [-7.9648, 13.07, 2.0016],
							"size": [0.9, 7.76, 1.9968],
							"uv": {
								"north": {"uv": [19, 48], "uv_size": [14, 16]},
								"east": {"uv": [19, 48], "uv_size": [14, 16]},
								"south": {"uv": [19, 48], "uv_size": [14, 16]},
								"west": {"uv": [19, 48], "uv_size": [14, 16]},
								"up": {"uv": [33, 64], "uv_size": [-14, -16]},
								"down": {"uv": [33, 64], "uv_size": [-14, -16]}
							}
						}
					]
				},
				{
					"name": "BS1",
					"parent": "B1",
					"pivot": [-7, 34, 3],
					"cubes": [
						{
							"origin": [-7.98, 13.2, 1.9],
							"size": [0.96, 0.5, 1.2],
							"uv": {
								"north": {"uv": [64, 0], "uv_size": [-13, 64]},
								"east": {"uv": [64, 0], "uv_size": [-13, 64]},
								"south": {"uv": [64, 0], "uv_size": [-13, 64]},
								"west": {"uv": [64, 0], "uv_size": [-13, 64]},
								"up": {"uv": [51, 64], "uv_size": [13, -64]},
								"down": {"uv": [51, 64], "uv_size": [13, -64]}
							}
						},
						{
							"origin": [-7.98, 14.2, 1.9],
							"size": [0.96, 0.5, 0.2],
							"uv": {
								"north": {"uv": [64, 0], "uv_size": [-13, 64]},
								"east": {"uv": [64, 0], "uv_size": [-13, 64]},
								"south": {"uv": [64, 0], "uv_size": [-13, 64]},
								"west": {"uv": [64, 0], "uv_size": [-13, 64]},
								"up": {"uv": [51, 64], "uv_size": [13, -64]},
								"down": {"uv": [51, 64], "uv_size": [13, -64]}
							}
						},
						{
							"origin": [-7.98, 13.7, 1.9],
							"size": [0.96, 0.5, 0.2],
							"uv": {
								"north": {"uv": [64, 0], "uv_size": [-13, 64]},
								"east": {"uv": [64, 0], "uv_size": [-13, 64]},
								"south": {"uv": [64, 0], "uv_size": [-13, 64]},
								"west": {"uv": [64, 0], "uv_size": [-13, 64]},
								"up": {"uv": [51, 64], "uv_size": [13, -64]},
								"down": {"uv": [51, 64], "uv_size": [13, -64]}
							}
						},
						{
							"origin": [-7.98, 15.2, 1.9],
							"size": [0.96, 0.5, 0.2],
							"uv": {
								"north": {"uv": [64, 0], "uv_size": [-13, 64]},
								"east": {"uv": [64, 0], "uv_size": [-13, 64]},
								"south": {"uv": [64, 0], "uv_size": [-13, 64]},
								"west": {"uv": [64, 0], "uv_size": [-13, 64]},
								"up": {"uv": [51, 64], "uv_size": [13, -64]},
								"down": {"uv": [51, 64], "uv_size": [13, -64]}
							}
						},
						{
							"origin": [-7.98, 14.7, 1.9],
							"size": [0.96, 0.5, 0.2],
							"uv": {
								"north": {"uv": [64, 0], "uv_size": [-13, 64]},
								"east": {"uv": [64, 0], "uv_size": [-13, 64]},
								"south": {"uv": [64, 0], "uv_size": [-13, 64]},
								"west": {"uv": [64, 0], "uv_size": [-13, 64]},
								"up": {"uv": [51, 64], "uv_size": [13, -64]},
								"down": {"uv": [51, 64], "uv_size": [13, -64]}
							}
						},
						{
							"origin": [-7.98, 16.2, 1.9],
							"size": [0.96, 0.5, 0.2],
							"uv": {
								"north": {"uv": [64, 0], "uv_size": [-13, 64]},
								"east": {"uv": [64, 0], "uv_size": [-13, 64]},
								"south": {"uv": [64, 0], "uv_size": [-13, 64]},
								"west": {"uv": [64, 0], "uv_size": [-13, 64]},
								"up": {"uv": [51, 64], "uv_size": [13, -64]},
								"down": {"uv": [51, 64], "uv_size": [13, -64]}
							}
						},
						{
							"origin": [-7.98, 15.7, 1.9],
							"size": [0.96, 0.5, 0.2],
							"uv": {
								"north": {"uv": [64, 0], "uv_size": [-13, 64]},
								"east": {"uv": [64, 0], "uv_size": [-13, 64]},
								"south": {"uv": [64, 0], "uv_size": [-13, 64]},
								"west": {"uv": [64, 0], "uv_size": [-13, 64]},
								"up": {"uv": [51, 64], "uv_size": [13, -64]},
								"down": {"uv": [51, 64], "uv_size": [13, -64]}
							}
						},
						{
							"origin": [-7.98, 17.2, 1.9],
							"size": [0.96, 0.5, 0.2],
							"uv": {
								"north": {"uv": [64, 0], "uv_size": [-13, 64]},
								"east": {"uv": [64, 0], "uv_size": [-13, 64]},
								"south": {"uv": [64, 0], "uv_size": [-13, 64]},
								"west": {"uv": [64, 0], "uv_size": [-13, 64]},
								"up": {"uv": [51, 64], "uv_size": [13, -64]},
								"down": {"uv": [51, 64], "uv_size": [13, -64]}
							}
						},
						{
							"origin": [-7.98, 16.7, 1.9],
							"size": [0.96, 0.5, 0.2],
							"uv": {
								"north": {"uv": [64, 0], "uv_size": [-13, 64]},
								"east": {"uv": [64, 0], "uv_size": [-13, 64]},
								"south": {"uv": [64, 0], "uv_size": [-13, 64]},
								"west": {"uv": [64, 0], "uv_size": [-13, 64]},
								"up": {"uv": [51, 64], "uv_size": [13, -64]},
								"down": {"uv": [51, 64], "uv_size": [13, -64]}
							}
						},
						{
							"origin": [-7.98, 18.2, 1.9],
							"size": [0.96, 0.5, 0.2],
							"uv": {
								"north": {"uv": [64, 0], "uv_size": [-13, 64]},
								"east": {"uv": [64, 0], "uv_size": [-13, 64]},
								"south": {"uv": [64, 0], "uv_size": [-13, 64]},
								"west": {"uv": [64, 0], "uv_size": [-13, 64]},
								"up": {"uv": [51, 64], "uv_size": [13, -64]},
								"down": {"uv": [51, 64], "uv_size": [13, -64]}
							}
						},
						{
							"origin": [-7.98, 17.7, 1.9],
							"size": [0.96, 0.5, 0.2],
							"uv": {
								"north": {"uv": [64, 0], "uv_size": [-13, 64]},
								"east": {"uv": [64, 0], "uv_size": [-13, 64]},
								"south": {"uv": [64, 0], "uv_size": [-13, 64]},
								"west": {"uv": [64, 0], "uv_size": [-13, 64]},
								"up": {"uv": [51, 64], "uv_size": [13, -64]},
								"down": {"uv": [51, 64], "uv_size": [13, -64]}
							}
						},
						{
							"origin": [-7.98, 19.2, 1.9],
							"size": [0.96, 0.5, 0.2],
							"uv": {
								"north": {"uv": [64, 0], "uv_size": [-13, 64]},
								"east": {"uv": [64, 0], "uv_size": [-13, 64]},
								"south": {"uv": [64, 0], "uv_size": [-13, 64]},
								"west": {"uv": [64, 0], "uv_size": [-13, 64]},
								"up": {"uv": [51, 64], "uv_size": [13, -64]},
								"down": {"uv": [51, 64], "uv_size": [13, -64]}
							}
						},
						{
							"origin": [-7.98, 18.7, 1.9],
							"size": [0.96, 0.5, 0.2],
							"uv": {
								"north": {"uv": [64, 0], "uv_size": [-13, 64]},
								"east": {"uv": [64, 0], "uv_size": [-13, 64]},
								"south": {"uv": [64, 0], "uv_size": [-13, 64]},
								"west": {"uv": [64, 0], "uv_size": [-13, 64]},
								"up": {"uv": [51, 64], "uv_size": [13, -64]},
								"down": {"uv": [51, 64], "uv_size": [13, -64]}
							}
						},
						{
							"origin": [-7.98, 20.2, 1.9],
							"size": [0.96, 0.5, 0.2],
							"uv": {
								"north": {"uv": [64, 0], "uv_size": [-13, 64]},
								"east": {"uv": [64, 0], "uv_size": [-13, 64]},
								"south": {"uv": [64, 0], "uv_size": [-13, 64]},
								"west": {"uv": [64, 0], "uv_size": [-13, 64]},
								"up": {"uv": [51, 64], "uv_size": [13, -64]},
								"down": {"uv": [51, 64], "uv_size": [13, -64]}
							}
						},
						{
							"origin": [-7.98, 19.7, 1.9],
							"size": [0.96, 0.5, 0.2],
							"uv": {
								"north": {"uv": [64, 0], "uv_size": [-13, 64]},
								"east": {"uv": [64, 0], "uv_size": [-13, 64]},
								"south": {"uv": [64, 0], "uv_size": [-13, 64]},
								"west": {"uv": [64, 0], "uv_size": [-13, 64]},
								"up": {"uv": [51, 64], "uv_size": [13, -64]},
								"down": {"uv": [51, 64], "uv_size": [13, -64]}
							}
						},
						{
							"origin": [-8.026, 20.7, 1.8],
							"size": [1.056, 0.55, 2.42],
							"uv": {
								"north": {"uv": [33, 48], "uv_size": [-14, 16]},
								"east": {"uv": [33, 48], "uv_size": [-14, 16]},
								"south": {"uv": [33, 48], "uv_size": [-14, 16]},
								"west": {"uv": [33, 48], "uv_size": [-14, 16]},
								"up": {"uv": [19, 64], "uv_size": [14, -16]},
								"down": {"uv": [19, 64], "uv_size": [14, -16]}
							}
						},
						{
							"origin": [-9.8, 21.2, -0.2],
							"size": [4.65, 0, 6.2],
							"uv": {
								"north": {"uv": [42, 37], "uv_size": [-13, 8]},
								"east": {"uv": [42, 37], "uv_size": [-13, 8]},
								"south": {"uv": [42, 37], "uv_size": [-13, 8]},
								"west": {"uv": [42, 37], "uv_size": [-13, 8]},
								"up": {"uv": [21, 33], "uv_size": [26, -28]},
								"down": {"uv": [29, 45], "uv_size": [13, -8]}
							}
						},
						{
							"origin": [-9.8, 21.7, -0.2],
							"size": [4.65, 0, 6.2],
							"uv": {
								"north": {"uv": [42, 37], "uv_size": [-13, 8]},
								"east": {"uv": [42, 37], "uv_size": [-13, 8]},
								"south": {"uv": [42, 37], "uv_size": [-13, 8]},
								"west": {"uv": [42, 37], "uv_size": [-13, 8]},
								"up": {"uv": [21, 33], "uv_size": [26, -28]},
								"down": {"uv": [29, 45], "uv_size": [13, -8]}
							}
						}
					]
				},
				{
					"name": "BS2",
					"parent": "B1",
					"pivot": [-7, 34, 3],
					"cubes": [
						{
							"origin": [-7.98, 13.2, 2.9],
							"size": [0.96, 0.5, 1.2],
							"uv": {
								"north": {"uv": [64, 1], "uv_size": [-13, 58]},
								"east": {"uv": [64, 1], "uv_size": [-13, 58]},
								"south": {"uv": [64, 1], "uv_size": [-13, 58]},
								"west": {"uv": [64, 1], "uv_size": [-13, 58]},
								"up": {"uv": [51, 59], "uv_size": [13, -58]},
								"down": {"uv": [51, 59], "uv_size": [13, -58]}
							}
						},
						{
							"origin": [-7.98, 14.2, 3.9],
							"size": [0.96, 0.5, 0.2],
							"uv": {
								"north": {"uv": [64, 1], "uv_size": [-13, 58]},
								"east": {"uv": [64, 1], "uv_size": [-13, 58]},
								"south": {"uv": [64, 1], "uv_size": [-13, 58]},
								"west": {"uv": [64, 1], "uv_size": [-13, 58]},
								"up": {"uv": [51, 59], "uv_size": [13, -58]},
								"down": {"uv": [51, 59], "uv_size": [13, -58]}
							}
						},
						{
							"origin": [-7.98, 15, 2.1],
							"size": [0.96, 0.5, 1.8],
							"uv": {
								"north": {"uv": [64, 1], "uv_size": [-13, 58]},
								"east": {"uv": [64, 1], "uv_size": [-13, 58]},
								"south": {"uv": [64, 1], "uv_size": [-13, 58]},
								"west": {"uv": [64, 1], "uv_size": [-13, 58]},
								"up": {"uv": [51, 59], "uv_size": [13, -58]},
								"down": {"uv": [51, 59], "uv_size": [13, -58]}
							}
						},
						{
							"origin": [-7.98, 14, 2.1],
							"size": [0.96, 0.5, 1.8],
							"uv": {
								"north": {"uv": [64, 1], "uv_size": [-13, 58]},
								"east": {"uv": [64, 1], "uv_size": [-13, 58]},
								"south": {"uv": [64, 1], "uv_size": [-13, 58]},
								"west": {"uv": [64, 1], "uv_size": [-13, 58]},
								"up": {"uv": [51, 59], "uv_size": [13, -58]},
								"down": {"uv": [51, 59], "uv_size": [13, -58]}
							}
						},
						{
							"origin": [-7.98, 17, 2.1],
							"size": [0.96, 0.5, 1.8],
							"uv": {
								"north": {"uv": [64, 1], "uv_size": [-13, 58]},
								"east": {"uv": [64, 1], "uv_size": [-13, 58]},
								"south": {"uv": [64, 1], "uv_size": [-13, 58]},
								"west": {"uv": [64, 1], "uv_size": [-13, 58]},
								"up": {"uv": [51, 59], "uv_size": [13, -58]},
								"down": {"uv": [51, 59], "uv_size": [13, -58]}
							}
						},
						{
							"origin": [-7.98, 16, 2.1],
							"size": [0.96, 0.5, 1.8],
							"uv": {
								"north": {"uv": [64, 1], "uv_size": [-13, 58]},
								"east": {"uv": [64, 1], "uv_size": [-13, 58]},
								"south": {"uv": [64, 1], "uv_size": [-13, 58]},
								"west": {"uv": [64, 1], "uv_size": [-13, 58]},
								"up": {"uv": [51, 59], "uv_size": [13, -58]},
								"down": {"uv": [51, 59], "uv_size": [13, -58]}
							}
						},
						{
							"origin": [-7.98, 17, 2.1],
							"size": [0.96, 0.5, 1.8],
							"uv": {
								"north": {"uv": [64, 1], "uv_size": [-13, 58]},
								"east": {"uv": [64, 1], "uv_size": [-13, 58]},
								"south": {"uv": [64, 1], "uv_size": [-13, 58]},
								"west": {"uv": [64, 1], "uv_size": [-13, 58]},
								"up": {"uv": [51, 59], "uv_size": [13, -58]},
								"down": {"uv": [51, 59], "uv_size": [13, -58]}
							}
						},
						{
							"origin": [-7.98, 18, 2.1],
							"size": [0.96, 0.5, 1.8],
							"uv": {
								"north": {"uv": [64, 1], "uv_size": [-13, 58]},
								"east": {"uv": [64, 1], "uv_size": [-13, 58]},
								"south": {"uv": [64, 1], "uv_size": [-13, 58]},
								"west": {"uv": [64, 1], "uv_size": [-13, 58]},
								"up": {"uv": [51, 59], "uv_size": [13, -58]},
								"down": {"uv": [51, 59], "uv_size": [13, -58]}
							}
						},
						{
							"origin": [-7.98, 19, 2.1],
							"size": [0.96, 0.5, 1.8],
							"uv": {
								"north": {"uv": [64, 1], "uv_size": [-13, 58]},
								"east": {"uv": [64, 1], "uv_size": [-13, 58]},
								"south": {"uv": [64, 1], "uv_size": [-13, 58]},
								"west": {"uv": [64, 1], "uv_size": [-13, 58]},
								"up": {"uv": [51, 59], "uv_size": [13, -58]},
								"down": {"uv": [51, 59], "uv_size": [13, -58]}
							}
						},
						{
							"origin": [-7.98, 20, 2.1],
							"size": [0.96, 0.5, 1.8],
							"uv": {
								"north": {"uv": [64, 1], "uv_size": [-13, 58]},
								"east": {"uv": [64, 1], "uv_size": [-13, 58]},
								"south": {"uv": [64, 1], "uv_size": [-13, 58]},
								"west": {"uv": [64, 1], "uv_size": [-13, 58]},
								"up": {"uv": [51, 59], "uv_size": [13, -58]},
								"down": {"uv": [51, 59], "uv_size": [13, -58]}
							}
						},
						{
							"origin": [-7.98, 21, 2.1],
							"size": [0.96, 1.5, 1.8],
							"uv": {
								"north": {"uv": [33, 48], "uv_size": [-14, 16]},
								"east": {"uv": [33, 48], "uv_size": [-14, 16]},
								"south": {"uv": [33, 48], "uv_size": [-14, 16]},
								"west": {"uv": [33, 48], "uv_size": [-14, 16]},
								"up": {"uv": [19, 64], "uv_size": [14, -16]},
								"down": {"uv": [19, 64], "uv_size": [14, -16]}
							}
						},
						{
							"origin": [-7.98, 20.6, 2.1],
							"size": [0.96, 0.5, 1.8],
							"uv": {
								"north": {"uv": [64, 1], "uv_size": [-13, 58]},
								"east": {"uv": [64, 1], "uv_size": [-13, 58]},
								"south": {"uv": [64, 1], "uv_size": [-13, 58]},
								"west": {"uv": [64, 1], "uv_size": [-13, 58]},
								"up": {"uv": [51, 59], "uv_size": [13, -58]},
								"down": {"uv": [51, 59], "uv_size": [13, -58]}
							}
						},
						{
							"origin": [-7.98, 13.7, 3.9],
							"size": [0.96, 0.5, 0.2],
							"uv": {
								"north": {"uv": [64, 1], "uv_size": [-13, 58]},
								"east": {"uv": [64, 1], "uv_size": [-13, 58]},
								"south": {"uv": [64, 1], "uv_size": [-13, 58]},
								"west": {"uv": [64, 1], "uv_size": [-13, 58]},
								"up": {"uv": [51, 59], "uv_size": [13, -58]},
								"down": {"uv": [51, 59], "uv_size": [13, -58]}
							}
						},
						{
							"origin": [-7.98, 15.2, 3.9],
							"size": [0.96, 0.5, 0.2],
							"uv": {
								"north": {"uv": [64, 1], "uv_size": [-13, 58]},
								"east": {"uv": [64, 1], "uv_size": [-13, 58]},
								"south": {"uv": [64, 1], "uv_size": [-13, 58]},
								"west": {"uv": [64, 1], "uv_size": [-13, 58]},
								"up": {"uv": [51, 59], "uv_size": [13, -58]},
								"down": {"uv": [51, 59], "uv_size": [13, -58]}
							}
						},
						{
							"origin": [-7.98, 14.7, 3.9],
							"size": [0.96, 0.5, 0.2],
							"uv": {
								"north": {"uv": [64, 1], "uv_size": [-13, 58]},
								"east": {"uv": [64, 1], "uv_size": [-13, 58]},
								"south": {"uv": [64, 1], "uv_size": [-13, 58]},
								"west": {"uv": [64, 1], "uv_size": [-13, 58]},
								"up": {"uv": [51, 59], "uv_size": [13, -58]},
								"down": {"uv": [51, 59], "uv_size": [13, -58]}
							}
						},
						{
							"origin": [-7.98, 16.2, 3.9],
							"size": [0.96, 0.5, 0.2],
							"uv": {
								"north": {"uv": [64, 1], "uv_size": [-13, 58]},
								"east": {"uv": [64, 1], "uv_size": [-13, 58]},
								"south": {"uv": [64, 1], "uv_size": [-13, 58]},
								"west": {"uv": [64, 1], "uv_size": [-13, 58]},
								"up": {"uv": [51, 59], "uv_size": [13, -58]},
								"down": {"uv": [51, 59], "uv_size": [13, -58]}
							}
						},
						{
							"origin": [-7.98, 15.7, 3.9],
							"size": [0.96, 0.5, 0.2],
							"uv": {
								"north": {"uv": [64, 1], "uv_size": [-13, 58]},
								"east": {"uv": [64, 1], "uv_size": [-13, 58]},
								"south": {"uv": [64, 1], "uv_size": [-13, 58]},
								"west": {"uv": [64, 1], "uv_size": [-13, 58]},
								"up": {"uv": [51, 59], "uv_size": [13, -58]},
								"down": {"uv": [51, 59], "uv_size": [13, -58]}
							}
						},
						{
							"origin": [-7.98, 17.2, 3.9],
							"size": [0.96, 0.5, 0.2],
							"uv": {
								"north": {"uv": [64, 1], "uv_size": [-13, 58]},
								"east": {"uv": [64, 1], "uv_size": [-13, 58]},
								"south": {"uv": [64, 1], "uv_size": [-13, 58]},
								"west": {"uv": [64, 1], "uv_size": [-13, 58]},
								"up": {"uv": [51, 59], "uv_size": [13, -58]},
								"down": {"uv": [51, 59], "uv_size": [13, -58]}
							}
						},
						{
							"origin": [-7.98, 16.7, 3.9],
							"size": [0.96, 0.5, 0.2],
							"uv": {
								"north": {"uv": [64, 1], "uv_size": [-13, 58]},
								"east": {"uv": [64, 1], "uv_size": [-13, 58]},
								"south": {"uv": [64, 1], "uv_size": [-13, 58]},
								"west": {"uv": [64, 1], "uv_size": [-13, 58]},
								"up": {"uv": [51, 59], "uv_size": [13, -58]},
								"down": {"uv": [51, 59], "uv_size": [13, -58]}
							}
						},
						{
							"origin": [-7.98, 18.2, 3.9],
							"size": [0.96, 0.5, 0.2],
							"uv": {
								"north": {"uv": [64, 1], "uv_size": [-13, 58]},
								"east": {"uv": [64, 1], "uv_size": [-13, 58]},
								"south": {"uv": [64, 1], "uv_size": [-13, 58]},
								"west": {"uv": [64, 1], "uv_size": [-13, 58]},
								"up": {"uv": [51, 59], "uv_size": [13, -58]},
								"down": {"uv": [51, 59], "uv_size": [13, -58]}
							}
						},
						{
							"origin": [-7.98, 17.7, 3.9],
							"size": [0.96, 0.5, 0.2],
							"uv": {
								"north": {"uv": [64, 1], "uv_size": [-13, 58]},
								"east": {"uv": [64, 1], "uv_size": [-13, 58]},
								"south": {"uv": [64, 1], "uv_size": [-13, 58]},
								"west": {"uv": [64, 1], "uv_size": [-13, 58]},
								"up": {"uv": [51, 59], "uv_size": [13, -58]},
								"down": {"uv": [51, 59], "uv_size": [13, -58]}
							}
						},
						{
							"origin": [-7.98, 19.2, 3.9],
							"size": [0.96, 0.5, 0.2],
							"uv": {
								"north": {"uv": [64, 1], "uv_size": [-13, 58]},
								"east": {"uv": [64, 1], "uv_size": [-13, 58]},
								"south": {"uv": [64, 1], "uv_size": [-13, 58]},
								"west": {"uv": [64, 1], "uv_size": [-13, 58]},
								"up": {"uv": [51, 59], "uv_size": [13, -58]},
								"down": {"uv": [51, 59], "uv_size": [13, -58]}
							}
						},
						{
							"origin": [-7.98, 18.7, 3.9],
							"size": [0.96, 0.5, 0.2],
							"uv": {
								"north": {"uv": [64, 1], "uv_size": [-13, 58]},
								"east": {"uv": [64, 1], "uv_size": [-13, 58]},
								"south": {"uv": [64, 1], "uv_size": [-13, 58]},
								"west": {"uv": [64, 1], "uv_size": [-13, 58]},
								"up": {"uv": [51, 59], "uv_size": [13, -58]},
								"down": {"uv": [51, 59], "uv_size": [13, -58]}
							}
						},
						{
							"origin": [-7.98, 20.2, 3.9],
							"size": [0.96, 0.5, 0.2],
							"uv": {
								"north": {"uv": [64, 1], "uv_size": [-13, 58]},
								"east": {"uv": [64, 1], "uv_size": [-13, 58]},
								"south": {"uv": [64, 1], "uv_size": [-13, 58]},
								"west": {"uv": [64, 1], "uv_size": [-13, 58]},
								"up": {"uv": [51, 59], "uv_size": [13, -58]},
								"down": {"uv": [51, 59], "uv_size": [13, -58]}
							}
						},
						{
							"origin": [-7.98, 19.7, 3.9],
							"size": [0.96, 0.5, 0.2],
							"uv": {
								"north": {"uv": [64, 1], "uv_size": [-13, 58]},
								"east": {"uv": [64, 1], "uv_size": [-13, 58]},
								"south": {"uv": [64, 1], "uv_size": [-13, 58]},
								"west": {"uv": [64, 1], "uv_size": [-13, 58]},
								"up": {"uv": [51, 59], "uv_size": [13, -58]},
								"down": {"uv": [51, 59], "uv_size": [13, -58]}
							}
						}
					]
				},
				{
					"name": "B2",
					"parent": "B1",
					"pivot": [-7.5, 14.22769, 2.98721],
					"cubes": [
						{
							"origin": [-8, 7.85, 5.9],
							"size": [1, 0.15, 2.1],
							"pivot": [0, 21, 21],
							"rotation": [-22.5, 0, 0],
							"uv": {
								"north": {"uv": [64, 51], "uv_size": [-13, 12]},
								"east": {"uv": [64, 51], "uv_size": [-13, 12]},
								"south": {"uv": [64, 51], "uv_size": [-13, 12]},
								"west": {"uv": [64, 51], "uv_size": [-13, 12]},
								"up": {"uv": [51, 63], "uv_size": [13, -12]},
								"down": {"uv": [51, 63], "uv_size": [13, -12]}
							}
						},
						{
							"origin": [-8, 7.7, 5.9],
							"size": [1, 0.15, 2.1],
							"pivot": [0, 21, 21],
							"rotation": [-22.5, 0, 0],
							"uv": {
								"north": {"uv": [64, 51], "uv_size": [-13, 12]},
								"east": {"uv": [64, 51], "uv_size": [-13, 12]},
								"south": {"uv": [64, 51], "uv_size": [-13, 12]},
								"west": {"uv": [64, 51], "uv_size": [-13, 12]},
								"up": {"uv": [51, 63], "uv_size": [13, -12]},
								"down": {"uv": [51, 63], "uv_size": [13, -12]}
							}
						}
					]
				},
				{
					"name": "B3",
					"parent": "B2",
					"pivot": [-7.5, 14.22769, 2.98721],
					"rotation": [-135, 0, 0],
					"cubes": [
						{
							"origin": [-8, 7.85, 5.9],
							"size": [1, 0.15, 2.1],
							"pivot": [0, 21, 21],
							"rotation": [-22.5, 0, 0],
							"uv": {
								"north": {"uv": [64, 51], "uv_size": [-13, 12]},
								"east": {"uv": [64, 51], "uv_size": [-13, 12]},
								"south": {"uv": [64, 51], "uv_size": [-13, 12]},
								"west": {"uv": [64, 51], "uv_size": [-13, 12]},
								"up": {"uv": [51, 63], "uv_size": [13, -12]},
								"down": {"uv": [51, 63], "uv_size": [13, -12]}
							}
						},
						{
							"origin": [-8, 7.7, 5.9],
							"size": [1, 0.15, 2.1],
							"pivot": [0, 21, 21],
							"rotation": [-22.5, 0, 0],
							"uv": {
								"north": {"uv": [64, 51], "uv_size": [-13, 12]},
								"east": {"uv": [64, 51], "uv_size": [-13, 12]},
								"south": {"uv": [64, 51], "uv_size": [-13, 12]},
								"west": {"uv": [64, 51], "uv_size": [-13, 12]},
								"up": {"uv": [51, 63], "uv_size": [13, -12]},
								"down": {"uv": [51, 63], "uv_size": [13, -12]}
							}
						}
					]
				},
				{
					"name": "B4",
					"parent": "B1",
					"pivot": [-7.5, 15.22769, 2.98721],
					"cubes": [
						{
							"origin": [-8, 8.85, 5.9],
							"size": [1, 0.15, 2.1],
							"pivot": [0, 22, 21],
							"rotation": [-22.5, 0, 0],
							"uv": {
								"north": {"uv": [64, 51], "uv_size": [-13, 12]},
								"east": {"uv": [64, 51], "uv_size": [-13, 12]},
								"south": {"uv": [64, 51], "uv_size": [-13, 12]},
								"west": {"uv": [64, 51], "uv_size": [-13, 12]},
								"up": {"uv": [51, 63], "uv_size": [13, -12]},
								"down": {"uv": [51, 63], "uv_size": [13, -12]}
							}
						},
						{
							"origin": [-8, 8.7, 5.9],
							"size": [1, 0.15, 2.1],
							"pivot": [0, 22, 21],
							"rotation": [-22.5, 0, 0],
							"uv": {
								"north": {"uv": [64, 51], "uv_size": [-13, 12]},
								"east": {"uv": [64, 51], "uv_size": [-13, 12]},
								"south": {"uv": [64, 51], "uv_size": [-13, 12]},
								"west": {"uv": [64, 51], "uv_size": [-13, 12]},
								"up": {"uv": [51, 63], "uv_size": [13, -12]},
								"down": {"uv": [51, 63], "uv_size": [13, -12]}
							}
						}
					]
				},
				{
					"name": "B5",
					"parent": "B4",
					"pivot": [-7.5, 15.22769, 2.98721],
					"rotation": [-135, 0, 0],
					"cubes": [
						{
							"origin": [-8, 8.85, 5.9],
							"size": [1, 0.15, 2.1],
							"pivot": [0, 22, 21],
							"rotation": [-22.5, 0, 0],
							"uv": {
								"north": {"uv": [64, 51], "uv_size": [-13, 12]},
								"east": {"uv": [64, 51], "uv_size": [-13, 12]},
								"south": {"uv": [64, 51], "uv_size": [-13, 12]},
								"west": {"uv": [64, 51], "uv_size": [-13, 12]},
								"up": {"uv": [51, 63], "uv_size": [13, -12]},
								"down": {"uv": [51, 63], "uv_size": [13, -12]}
							}
						},
						{
							"origin": [-8, 8.7, 5.9],
							"size": [1, 0.15, 2.1],
							"pivot": [0, 22, 21],
							"rotation": [-22.5, 0, 0],
							"uv": {
								"north": {"uv": [64, 51], "uv_size": [-13, 12]},
								"east": {"uv": [64, 51], "uv_size": [-13, 12]},
								"south": {"uv": [64, 51], "uv_size": [-13, 12]},
								"west": {"uv": [64, 51], "uv_size": [-13, 12]},
								"up": {"uv": [51, 63], "uv_size": [13, -12]},
								"down": {"uv": [51, 63], "uv_size": [13, -12]}
							}
						}
					]
				},
				{
					"name": "B16",
					"parent": "B1",
					"pivot": [-7.5, 17.22769, 2.98721],
					"cubes": [
						{
							"origin": [-8, 10.85, 5.9],
							"size": [1, 0.15, 2.1],
							"pivot": [0, 24, 21],
							"rotation": [-22.5, 0, 0],
							"uv": {
								"north": {"uv": [64, 51], "uv_size": [-13, 12]},
								"east": {"uv": [64, 51], "uv_size": [-13, 12]},
								"south": {"uv": [64, 51], "uv_size": [-13, 12]},
								"west": {"uv": [64, 51], "uv_size": [-13, 12]},
								"up": {"uv": [51, 63], "uv_size": [13, -12]},
								"down": {"uv": [51, 63], "uv_size": [13, -12]}
							}
						},
						{
							"origin": [-8, 10.7, 5.9],
							"size": [1, 0.15, 2.1],
							"pivot": [0, 24, 21],
							"rotation": [-22.5, 0, 0],
							"uv": {
								"north": {"uv": [64, 51], "uv_size": [-13, 12]},
								"east": {"uv": [64, 51], "uv_size": [-13, 12]},
								"south": {"uv": [64, 51], "uv_size": [-13, 12]},
								"west": {"uv": [64, 51], "uv_size": [-13, 12]},
								"up": {"uv": [51, 63], "uv_size": [13, -12]},
								"down": {"uv": [51, 63], "uv_size": [13, -12]}
							}
						}
					]
				},
				{
					"name": "B17",
					"parent": "B16",
					"pivot": [-7.5, 17.22769, 2.98721],
					"rotation": [-135, 0, 0],
					"cubes": [
						{
							"origin": [-8, 10.85, 5.9],
							"size": [1, 0.15, 2.1],
							"pivot": [0, 24, 21],
							"rotation": [-22.5, 0, 0],
							"uv": {
								"north": {"uv": [64, 51], "uv_size": [-13, 12]},
								"east": {"uv": [64, 51], "uv_size": [-13, 12]},
								"south": {"uv": [64, 51], "uv_size": [-13, 12]},
								"west": {"uv": [64, 51], "uv_size": [-13, 12]},
								"up": {"uv": [51, 63], "uv_size": [13, -12]},
								"down": {"uv": [51, 63], "uv_size": [13, -12]}
							}
						},
						{
							"origin": [-8, 10.7, 5.9],
							"size": [1, 0.15, 2.1],
							"pivot": [0, 24, 21],
							"rotation": [-22.5, 0, 0],
							"uv": {
								"north": {"uv": [64, 51], "uv_size": [-13, 12]},
								"east": {"uv": [64, 51], "uv_size": [-13, 12]},
								"south": {"uv": [64, 51], "uv_size": [-13, 12]},
								"west": {"uv": [64, 51], "uv_size": [-13, 12]},
								"up": {"uv": [51, 63], "uv_size": [13, -12]},
								"down": {"uv": [51, 63], "uv_size": [13, -12]}
							}
						}
					]
				},
				{
					"name": "B18",
					"parent": "B1",
					"pivot": [-7.5, 16.22769, 2.98721],
					"cubes": [
						{
							"origin": [-8, 9.85, 5.9],
							"size": [1, 0.15, 2.1],
							"pivot": [0, 23, 21],
							"rotation": [-22.5, 0, 0],
							"uv": {
								"north": {"uv": [64, 51], "uv_size": [-13, 12]},
								"east": {"uv": [64, 51], "uv_size": [-13, 12]},
								"south": {"uv": [64, 51], "uv_size": [-13, 12]},
								"west": {"uv": [64, 51], "uv_size": [-13, 12]},
								"up": {"uv": [51, 63], "uv_size": [13, -12]},
								"down": {"uv": [51, 63], "uv_size": [13, -12]}
							}
						},
						{
							"origin": [-8, 9.7, 5.9],
							"size": [1, 0.15, 2.1],
							"pivot": [0, 23, 21],
							"rotation": [-22.5, 0, 0],
							"uv": {
								"north": {"uv": [64, 51], "uv_size": [-13, 12]},
								"east": {"uv": [64, 51], "uv_size": [-13, 12]},
								"south": {"uv": [64, 51], "uv_size": [-13, 12]},
								"west": {"uv": [64, 51], "uv_size": [-13, 12]},
								"up": {"uv": [51, 63], "uv_size": [13, -12]},
								"down": {"uv": [51, 63], "uv_size": [13, -12]}
							}
						}
					]
				},
				{
					"name": "B19",
					"parent": "B18",
					"pivot": [-7.5, 16.22769, 2.98721],
					"rotation": [-135, 0, 0],
					"cubes": [
						{
							"origin": [-8, 9.85, 5.9],
							"size": [1, 0.15, 2.1],
							"pivot": [0, 23, 21],
							"rotation": [-22.5, 0, 0],
							"uv": {
								"north": {"uv": [64, 51], "uv_size": [-13, 12]},
								"east": {"uv": [64, 51], "uv_size": [-13, 12]},
								"south": {"uv": [64, 51], "uv_size": [-13, 12]},
								"west": {"uv": [64, 51], "uv_size": [-13, 12]},
								"up": {"uv": [51, 63], "uv_size": [13, -12]},
								"down": {"uv": [51, 63], "uv_size": [13, -12]}
							}
						},
						{
							"origin": [-8, 9.7, 5.9],
							"size": [1, 0.15, 2.1],
							"pivot": [0, 23, 21],
							"rotation": [-22.5, 0, 0],
							"uv": {
								"north": {"uv": [64, 51], "uv_size": [-13, 12]},
								"east": {"uv": [64, 51], "uv_size": [-13, 12]},
								"south": {"uv": [64, 51], "uv_size": [-13, 12]},
								"west": {"uv": [64, 51], "uv_size": [-13, 12]},
								"up": {"uv": [51, 63], "uv_size": [13, -12]},
								"down": {"uv": [51, 63], "uv_size": [13, -12]}
							}
						}
					]
				},
				{
					"name": "B6",
					"parent": "B1",
					"pivot": [-7.5, 16.22769, 2.98721]
				},
				{
					"name": "B7",
					"parent": "B6",
					"pivot": [-7.5, 16.22769, 2.98721],
					"rotation": [-135, 0, 0]
				},
				{
					"name": "B8",
					"parent": "B1",
					"pivot": [-7.5, 17.22769, 2.98721]
				},
				{
					"name": "B9",
					"parent": "B8",
					"pivot": [-7.5, 17.22769, 2.98721],
					"rotation": [-135, 0, 0]
				},
				{
					"name": "B10",
					"parent": "B1",
					"pivot": [-7.5, 18.22769, 2.98721],
					"cubes": [
						{
							"origin": [-8, 11.85, 5.9],
							"size": [1, 0.15, 2.1],
							"pivot": [0, 25, 21],
							"rotation": [-22.5, 0, 0],
							"uv": {
								"north": {"uv": [64, 51], "uv_size": [-13, 12]},
								"east": {"uv": [64, 51], "uv_size": [-13, 12]},
								"south": {"uv": [64, 51], "uv_size": [-13, 12]},
								"west": {"uv": [64, 51], "uv_size": [-13, 12]},
								"up": {"uv": [51, 63], "uv_size": [13, -12]},
								"down": {"uv": [51, 63], "uv_size": [13, -12]}
							}
						},
						{
							"origin": [-8, 11.7, 5.9],
							"size": [1, 0.15, 2.1],
							"pivot": [0, 25, 21],
							"rotation": [-22.5, 0, 0],
							"uv": {
								"north": {"uv": [64, 51], "uv_size": [-13, 12]},
								"east": {"uv": [64, 51], "uv_size": [-13, 12]},
								"south": {"uv": [64, 51], "uv_size": [-13, 12]},
								"west": {"uv": [64, 51], "uv_size": [-13, 12]},
								"up": {"uv": [51, 63], "uv_size": [13, -12]},
								"down": {"uv": [51, 63], "uv_size": [13, -12]}
							}
						}
					]
				},
				{
					"name": "B11",
					"parent": "B10",
					"pivot": [-7.5, 18.22769, 2.98721],
					"rotation": [-135, 0, 0],
					"cubes": [
						{
							"origin": [-8, 11.85, 5.9],
							"size": [1, 0.15, 2.1],
							"pivot": [0, 25, 21],
							"rotation": [-22.5, 0, 0],
							"uv": {
								"north": {"uv": [64, 51], "uv_size": [-13, 12]},
								"east": {"uv": [64, 51], "uv_size": [-13, 12]},
								"south": {"uv": [64, 51], "uv_size": [-13, 12]},
								"west": {"uv": [64, 51], "uv_size": [-13, 12]},
								"up": {"uv": [51, 63], "uv_size": [13, -12]},
								"down": {"uv": [51, 63], "uv_size": [13, -12]}
							}
						},
						{
							"origin": [-8, 11.7, 5.9],
							"size": [1, 0.15, 2.1],
							"pivot": [0, 25, 21],
							"rotation": [-22.5, 0, 0],
							"uv": {
								"north": {"uv": [64, 51], "uv_size": [-13, 12]},
								"east": {"uv": [64, 51], "uv_size": [-13, 12]},
								"south": {"uv": [64, 51], "uv_size": [-13, 12]},
								"west": {"uv": [64, 51], "uv_size": [-13, 12]},
								"up": {"uv": [51, 63], "uv_size": [13, -12]},
								"down": {"uv": [51, 63], "uv_size": [13, -12]}
							}
						}
					]
				},
				{
					"name": "B12",
					"parent": "B1",
					"pivot": [-7.5, 19.22769, 2.98721],
					"cubes": [
						{
							"origin": [-8, 12.85, 5.9],
							"size": [1, 0.15, 2.1],
							"pivot": [0, 26, 21],
							"rotation": [-22.5, 0, 0],
							"uv": {
								"north": {"uv": [64, 51], "uv_size": [-13, 12]},
								"east": {"uv": [64, 51], "uv_size": [-13, 12]},
								"south": {"uv": [64, 51], "uv_size": [-13, 12]},
								"west": {"uv": [64, 51], "uv_size": [-13, 12]},
								"up": {"uv": [51, 63], "uv_size": [13, -12]},
								"down": {"uv": [51, 63], "uv_size": [13, -12]}
							}
						},
						{
							"origin": [-8, 12.7, 5.9],
							"size": [1, 0.15, 2.1],
							"pivot": [0, 26, 21],
							"rotation": [-22.5, 0, 0],
							"uv": {
								"north": {"uv": [64, 51], "uv_size": [-13, 12]},
								"east": {"uv": [64, 51], "uv_size": [-13, 12]},
								"south": {"uv": [64, 51], "uv_size": [-13, 12]},
								"west": {"uv": [64, 51], "uv_size": [-13, 12]},
								"up": {"uv": [51, 63], "uv_size": [13, -12]},
								"down": {"uv": [51, 63], "uv_size": [13, -12]}
							}
						}
					]
				},
				{
					"name": "B13",
					"parent": "B12",
					"pivot": [-7.5, 19.22769, 2.98721],
					"rotation": [-135, 0, 0],
					"cubes": [
						{
							"origin": [-8, 12.85, 5.9],
							"size": [1, 0.15, 2.1],
							"pivot": [0, 26, 21],
							"rotation": [-22.5, 0, 0],
							"uv": {
								"north": {"uv": [64, 51], "uv_size": [-13, 12]},
								"east": {"uv": [64, 51], "uv_size": [-13, 12]},
								"south": {"uv": [64, 51], "uv_size": [-13, 12]},
								"west": {"uv": [64, 51], "uv_size": [-13, 12]},
								"up": {"uv": [51, 63], "uv_size": [13, -12]},
								"down": {"uv": [51, 63], "uv_size": [13, -12]}
							}
						},
						{
							"origin": [-8, 12.7, 5.9],
							"size": [1, 0.15, 2.1],
							"pivot": [0, 26, 21],
							"rotation": [-22.5, 0, 0],
							"uv": {
								"north": {"uv": [64, 51], "uv_size": [-13, 12]},
								"east": {"uv": [64, 51], "uv_size": [-13, 12]},
								"south": {"uv": [64, 51], "uv_size": [-13, 12]},
								"west": {"uv": [64, 51], "uv_size": [-13, 12]},
								"up": {"uv": [51, 63], "uv_size": [13, -12]},
								"down": {"uv": [51, 63], "uv_size": [13, -12]}
							}
						}
					]
				},
				{
					"name": "B14",
					"parent": "B1",
					"pivot": [-7.5, 20.22769, 2.98721],
					"cubes": [
						{
							"origin": [-8, 13.85, 5.9],
							"size": [1, 0.15, 2.1],
							"pivot": [0, 27, 21],
							"rotation": [-22.5, 0, 0],
							"uv": {
								"north": {"uv": [64, 51], "uv_size": [-13, 12]},
								"east": {"uv": [64, 51], "uv_size": [-13, 12]},
								"south": {"uv": [64, 51], "uv_size": [-13, 12]},
								"west": {"uv": [64, 51], "uv_size": [-13, 12]},
								"up": {"uv": [51, 63], "uv_size": [13, -12]},
								"down": {"uv": [51, 63], "uv_size": [13, -12]}
							}
						},
						{
							"origin": [-8, 13.7, 5.9],
							"size": [1, 0.15, 2.1],
							"pivot": [0, 27, 21],
							"rotation": [-22.5, 0, 0],
							"uv": {
								"north": {"uv": [64, 51], "uv_size": [-13, 12]},
								"east": {"uv": [64, 51], "uv_size": [-13, 12]},
								"south": {"uv": [64, 51], "uv_size": [-13, 12]},
								"west": {"uv": [64, 51], "uv_size": [-13, 12]},
								"up": {"uv": [51, 63], "uv_size": [13, -12]},
								"down": {"uv": [51, 63], "uv_size": [13, -12]}
							}
						}
					]
				},
				{
					"name": "B15",
					"parent": "B14",
					"pivot": [-7.5, 20.22769, 2.98721],
					"rotation": [-135, 0, 0],
					"cubes": [
						{
							"origin": [-8, 13.85, 5.9],
							"size": [1, 0.15, 2.1],
							"pivot": [0, 27, 21],
							"rotation": [-22.5, 0, 0],
							"uv": {
								"north": {"uv": [64, 51], "uv_size": [-13, 12]},
								"east": {"uv": [64, 51], "uv_size": [-13, 12]},
								"south": {"uv": [64, 51], "uv_size": [-13, 12]},
								"west": {"uv": [64, 51], "uv_size": [-13, 12]},
								"up": {"uv": [51, 63], "uv_size": [13, -12]},
								"down": {"uv": [51, 63], "uv_size": [13, -12]}
							}
						},
						{
							"origin": [-8, 13.7, 5.9],
							"size": [1, 0.15, 2.1],
							"pivot": [0, 27, 21],
							"rotation": [-22.5, 0, 0],
							"uv": {
								"north": {"uv": [64, 51], "uv_size": [-13, 12]},
								"east": {"uv": [64, 51], "uv_size": [-13, 12]},
								"south": {"uv": [64, 51], "uv_size": [-13, 12]},
								"west": {"uv": [64, 51], "uv_size": [-13, 12]},
								"up": {"uv": [51, 63], "uv_size": [13, -12]},
								"down": {"uv": [51, 63], "uv_size": [13, -12]}
							}
						}
					]
				},
				{
					"name": "L1",
					"parent": "NichirinR",
					"pivot": [-7, 34, 3],
					"cubes": [
						{
							"origin": [-7.6, 21, 2.2],
							"size": [0.2, 21, 1],
							"uv": {
								"north": {"uv": [8, 0], "uv_size": [-8, 64]},
								"east": {"uv": [8, 0], "uv_size": [-8, 64]},
								"south": {"uv": [8, 0], "uv_size": [-8, 64]},
								"west": {"uv": [8, 0], "uv_size": [-8, 64]},
								"up": {"uv": [0, 64], "uv_size": [8, -64]},
								"down": {"uv": [0, 64], "uv_size": [8, -64]}
							}
						},
						{
							"origin": [-7.596, 43.3, 2.206],
							"size": [0.192, 0.5, 0.288],
							"uv": {
								"north": {"uv": [17, 64], "uv_size": [-3, -64]},
								"east": {"uv": [17, 64], "uv_size": [-3, -64]},
								"south": {"uv": [17, 64], "uv_size": [-3, -64]},
								"west": {"uv": [17, 64], "uv_size": [-3, -64]},
								"up": {"uv": [14, 0], "uv_size": [3, 64]},
								"down": {"uv": [14, 0], "uv_size": [3, 64]}
							}
						},
						{
							"origin": [-7.6, 42, 2.2],
							"size": [0.2, 0.5, 1],
							"uv": {
								"north": {"uv": [10, 4], "uv_size": [-10, -4]},
								"east": {"uv": [10, 4], "uv_size": [-10, -4]},
								"south": {"uv": [10, 4], "uv_size": [-10, -4]},
								"west": {"uv": [10, 4], "uv_size": [-10, -4]},
								"up": {"uv": [0, 0], "uv_size": [10, 4]},
								"down": {"uv": [0, 0], "uv_size": [10, 4]}
							}
						},
						{
							"origin": [-7.59996, 42.07948, 2.99995],
							"size": [0.19992, 0.4998, 0.4998],
							"pivot": [-7.40004, 41.54122, 2.29158],
							"rotation": [22.5, 0, 0],
							"uv": {
								"north": {"uv": [10, 3], "uv_size": [-10, -3]},
								"east": {"uv": [10, 3], "uv_size": [-10, -3]},
								"south": {"uv": [10, 3], "uv_size": [-10, -3]},
								"west": {"uv": [10, 3], "uv_size": [-10, -3]},
								"up": {"uv": [0, 0], "uv_size": [10, 3]},
								"down": {"uv": [0, 0], "uv_size": [10, 3]}
							}
						},
						{
							"origin": [-7.598, 42.27321, 3.23795],
							"size": [0.196, 0.49, 0.49],
							"pivot": [-7.402, 41.74551, 2.54347],
							"rotation": [45, 0, 0],
							"uv": {
								"north": {"uv": [5, 0], "uv_size": [-5, 1]},
								"east": {"uv": [5, 0], "uv_size": [-5, 1]},
								"south": {"uv": [5, 0], "uv_size": [-5, 1]},
								"west": {"uv": [5, 0], "uv_size": [-5, 1]},
								"up": {"uv": [0, 1], "uv_size": [5, -1]},
								"down": {"uv": [0, 1], "uv_size": [5, -1]}
							}
						},
						{
							"origin": [-7.596, 42.64591, 3.88358],
							"size": [0.194, 0.49, 0.49],
							"pivot": [-7.402, 42.11821, 3.1891],
							"rotation": [90, 0, 0],
							"uv": {
								"north": {"uv": [8, 1], "uv_size": [-8, -1]},
								"east": {"uv": [8, 1], "uv_size": [-8, -1]},
								"south": {"uv": [8, 1], "uv_size": [-8, -1]},
								"west": {"uv": [8, 1], "uv_size": [-8, -1]},
								"up": {"uv": [0, 0], "uv_size": [8, 1]},
								"down": {"uv": [0, 0], "uv_size": [8, 1]}
							}
						},
						{
							"origin": [-7.59604, 41.5099, 2.2],
							"size": [0.19208, 1.4802, 0.49],
							"uv": {
								"north": {"uv": [9, 5], "uv_size": [-9, -5]},
								"east": {"uv": [9, 5], "uv_size": [-9, -5]},
								"south": {"uv": [9, 5], "uv_size": [-9, -5]},
								"west": {"uv": [9, 5], "uv_size": [-9, -5]},
								"up": {"uv": [0, 0], "uv_size": [9, 5]},
								"down": {"uv": [0, 0], "uv_size": [9, 5]}
							}
						},
						{
							"origin": [-7.588, 41.98837, -4.79699],
							"size": [0.188, 0.288, 0.2],
							"pivot": [-7.02, 24.70837, 2.69101],
							"rotation": [-22.5, 0, 0],
							"uv": {
								"north": {"uv": [17, 64], "uv_size": [-2, -64]},
								"east": {"uv": [17, 64], "uv_size": [-2, -64]},
								"south": {"uv": [17, 64], "uv_size": [-2, -64]},
								"west": {"uv": [17, 64], "uv_size": [-2, -64]},
								"up": {"uv": [15, 0], "uv_size": [2, 64]},
								"down": {"uv": [15, 0], "uv_size": [2, 64]}
							}
						},
						{
							"origin": [-7.6, 21.9, 3.2],
							"size": [0.2, 2.1, 0.6],
							"uv": {
								"north": {"uv": [17, 64], "uv_size": [-9, -64]},
								"east": {"uv": [17, 64], "uv_size": [-6, -64]},
								"south": {"uv": [17, 64], "uv_size": [-9, -64]},
								"west": {"uv": [11, 64], "uv_size": [6, -64]},
								"up": {"uv": [15, 0], "uv_size": [2, 64]},
								"down": {"uv": [8, 0], "uv_size": [9, 64]}
							}
						},
						{
							"origin": [-7.6, 23.48033, 2.54541],
							"size": [0.2, 1.1, 0.6],
							"inflate": -0.01,
							"pivot": [-7.5, 24.53033, 2.84541],
							"rotation": [45, 0, 0],
							"uv": {
								"north": {"uv": [17, 64], "uv_size": [-9, -64]},
								"east": {"uv": [17, 64], "uv_size": [-6, -64]},
								"south": {"uv": [17, 64], "uv_size": [-9, -64]},
								"west": {"uv": [11, 64], "uv_size": [6, -64]},
								"up": {"uv": [15, 0], "uv_size": [2, 64]},
								"down": {"uv": [8, 0], "uv_size": [9, 64]}
							}
						},
						{
							"origin": [-7.6, 39.31967, 2.54541],
							"size": [0.2, 1.1, 0.6],
							"inflate": -0.01,
							"pivot": [-7.5, 39.36967, 2.84541],
							"rotation": [-45, 0, 0],
							"uv": {
								"north": {"uv": [17, 64], "uv_size": [-9, -64]},
								"east": {"uv": [17, 22], "uv_size": [-6, -22]},
								"south": {"uv": [17, 64], "uv_size": [-9, -64]},
								"west": {"uv": [11, 64], "uv_size": [6, -64]},
								"up": {"uv": [8, 0], "uv_size": [9, 64]},
								"down": {"uv": [16, 0], "uv_size": [1, 64]}
							}
						},
						{
							"origin": [-7.6, 39.9, 3.2],
							"size": [0.2, 2.1, 0.6],
							"uv": {
								"north": {"uv": [17, 64], "uv_size": [-9, -64]},
								"east": {"uv": [17, 22], "uv_size": [-6, -22]},
								"south": {"uv": [17, 64], "uv_size": [-9, -64]},
								"west": {"uv": [11, 64], "uv_size": [6, -64]},
								"up": {"uv": [8, 0], "uv_size": [9, 64]},
								"down": {"uv": [16, 0], "uv_size": [1, 64]}
							}
						},
						{
							"origin": [-7.596, 41.53, 6.34],
							"size": [0.192, 1.152, 0.576],
							"pivot": [-7.02, 33.92596, 4.21462],
							"rotation": [22.5, 0, 0],
							"uv": {
								"north": {"uv": [17, 64], "uv_size": [-9, -64]},
								"east": {"uv": [17, 64], "uv_size": [-6, -64]},
								"south": {"uv": [17, 64], "uv_size": [-9, -64]},
								"west": {"uv": [11, 64], "uv_size": [6, -64]},
								"up": {"uv": [8, 0], "uv_size": [9, 64]},
								"down": {"uv": [8, 0], "uv_size": [9, 64]}
							}
						},
						{
							"origin": [-7.594, 43.96033, 10.3591],
							"size": [0.19, 0.96, 0.576],
							"pivot": [-7.02, 34.36033, 8.2471],
							"rotation": [45, 0, 0],
							"uv": {
								"north": {"uv": [17, 64], "uv_size": [-3, -64]},
								"east": {"uv": [17, 64], "uv_size": [-3, -64]},
								"south": {"uv": [17, 64], "uv_size": [-3, -64]},
								"west": {"uv": [17, 64], "uv_size": [-3, -64]},
								"up": {"uv": [14, 0], "uv_size": [3, 64]},
								"down": {"uv": [14, 0], "uv_size": [3, 64]}
							}
						}
					],
					"locators": {
						"effect1": [-7.5, 23, 3],
						"effect2": [-7.5, 28, 3],
						"effect3": [-7.5, 33, 3],
						"effect4": [-7.5, 38, 3],
						"effect5": [-7.5, 43, 3]
					}
				},
				{
					"name": "F1",
					"parent": "NichirinR",
					"pivot": [-6.7, 13, 3],
					"cubes": [
						{
							"origin": [-9.92084, 21.25, 1.73635],
							"size": [0.8, 0.5, 0.25],
							"inflate": 0.05,
							"pivot": [-7.32084, 21.5, 2.73635],
							"rotation": [0, 57.5, 0],
							"uv": {
								"north": {"uv": [24, 52], "uv_size": [-2, -3]},
								"east": {"uv": [24, 52], "uv_size": [-2, -3]},
								"south": {"uv": [24, 52], "uv_size": [-2, -3]},
								"west": {"uv": [24, 52], "uv_size": [-2, -3]},
								"up": {"uv": [22, 49], "uv_size": [2, 3]},
								"down": {"uv": [22, 49], "uv_size": [2, 3]}
							}
						},
						{
							"origin": [-11.26386, 21.25, 1.10275],
							"size": [0.8, 0.5, 0.25],
							"inflate": 0.05,
							"pivot": [-7.66386, 21.5, 2.10275],
							"rotation": [0, 70, 0],
							"uv": {
								"north": {"uv": [24, 52], "uv_size": [-2, -3]},
								"east": {"uv": [24, 52], "uv_size": [-2, -3]},
								"south": {"uv": [24, 52], "uv_size": [-2, -3]},
								"west": {"uv": [24, 52], "uv_size": [-2, -3]},
								"up": {"uv": [22, 49], "uv_size": [2, 3]},
								"down": {"uv": [22, 49], "uv_size": [2, 3]}
							}
						},
						{
							"origin": [-12.48539, 21.25, 0.73193],
							"size": [0.8, 0.5, 0.25],
							"inflate": 0.05,
							"pivot": [-7.88539, 21.5, 1.73193],
							"rotation": [0, 75, 0],
							"uv": {
								"north": {"uv": [24, 52], "uv_size": [-2, -3]},
								"east": {"uv": [24, 52], "uv_size": [-2, -3]},
								"south": {"uv": [24, 52], "uv_size": [-2, -3]},
								"west": {"uv": [24, 52], "uv_size": [-2, -3]},
								"up": {"uv": [22, 49], "uv_size": [2, 3]},
								"down": {"uv": [22, 49], "uv_size": [2, 3]}
							}
						},
						{
							"origin": [-9.81282, 21.25, 5.69668],
							"size": [0.8, 0.5, 0.25],
							"inflate": 0.05,
							"pivot": [-9.41282, 21.5, 5.82168],
							"rotation": [0, 5, 0],
							"uv": {
								"north": {"uv": [24, 52], "uv_size": [-2, -3]},
								"east": {"uv": [24, 52], "uv_size": [-2, -3]},
								"south": {"uv": [24, 52], "uv_size": [-2, -3]},
								"west": {"uv": [24, 52], "uv_size": [-2, -3]},
								"up": {"uv": [22, 49], "uv_size": [2, 3]},
								"down": {"uv": [22, 49], "uv_size": [2, 3]}
							}
						},
						{
							"origin": [-9.10636, 21.25, 5.49077],
							"size": [0.8, 0.5, 0.25],
							"inflate": 0.05,
							"pivot": [-8.70636, 20.5, 5.61577],
							"rotation": [0, 27.5, 0],
							"uv": {
								"north": {"uv": [24, 52], "uv_size": [-2, -3]},
								"east": {"uv": [24, 52], "uv_size": [-2, -3]},
								"south": {"uv": [24, 52], "uv_size": [-2, -3]},
								"west": {"uv": [24, 52], "uv_size": [-2, -3]},
								"up": {"uv": [22, 49], "uv_size": [2, 3]},
								"down": {"uv": [22, 49], "uv_size": [2, 3]}
							}
						},
						{
							"origin": [-9.34285, 21.25, 5.41475],
							"size": [0.8, 0.5, 0.25],
							"inflate": 0.05,
							"pivot": [-8.94285, 20.5, 4.53975],
							"rotation": [0, 52.5, 0],
							"uv": {
								"north": {"uv": [24, 52], "uv_size": [-2, -3]},
								"east": {"uv": [24, 52], "uv_size": [-2, -3]},
								"south": {"uv": [24, 52], "uv_size": [-2, -3]},
								"west": {"uv": [24, 52], "uv_size": [-2, -3]},
								"up": {"uv": [22, 49], "uv_size": [2, 3]},
								"down": {"uv": [22, 49], "uv_size": [2, 3]}
							}
						},
						{
							"origin": [-9.96368, 21.25, 5.52168],
							"size": [0.8, 0.5, 0.25],
							"inflate": 0.05,
							"pivot": [-9.56368, 20.5, 3.64668],
							"rotation": [0, 65, 0],
							"uv": {
								"north": {"uv": [24, 52], "uv_size": [-2, -3]},
								"east": {"uv": [24, 52], "uv_size": [-2, -3]},
								"south": {"uv": [24, 52], "uv_size": [-2, -3]},
								"west": {"uv": [24, 52], "uv_size": [-2, -3]},
								"up": {"uv": [22, 49], "uv_size": [2, 3]},
								"down": {"uv": [22, 49], "uv_size": [2, 3]}
							}
						},
						{
							"origin": [-10.8768, 21.25, 6.12064],
							"size": [0.8, 0.5, 0.25],
							"inflate": 0.05,
							"pivot": [-10.4768, 19.5, 3.24564],
							"rotation": [0, 80, 0],
							"uv": {
								"north": {"uv": [24, 52], "uv_size": [-2, -3]},
								"east": {"uv": [24, 52], "uv_size": [-2, -3]},
								"south": {"uv": [24, 52], "uv_size": [-2, -3]},
								"west": {"uv": [24, 52], "uv_size": [-2, -3]},
								"up": {"uv": [22, 49], "uv_size": [2, 3]},
								"down": {"uv": [22, 49], "uv_size": [2, 3]}
							}
						},
						{
							"origin": [-8.6, 21.25, 3],
							"size": [0.8, 0.5, 0.25],
							"inflate": 0.05,
							"pivot": [-8, 21.5, 4],
							"rotation": [0, 45, 0],
							"uv": {
								"north": {"uv": [24, 52], "uv_size": [-2, -3]},
								"east": {"uv": [24, 52], "uv_size": [-2, -3]},
								"south": {"uv": [24, 52], "uv_size": [-2, -3]},
								"west": {"uv": [24, 52], "uv_size": [-2, -3]},
								"up": {"uv": [22, 49], "uv_size": [2, 3]},
								"down": {"uv": [22, 49], "uv_size": [2, 3]}
							}
						},
						{
							"origin": [-8.55631, 21.25, 3.11613],
							"size": [0.8, 0.5, 0.25],
							"inflate": 0.05,
							"pivot": [-8.15631, 21.5, 3.24113],
							"rotation": [0, 5, 0],
							"uv": {
								"north": {"uv": [25, 55], "uv_size": [-2, -4]},
								"east": {"uv": [25, 55], "uv_size": [-2, -4]},
								"south": {"uv": [25, 55], "uv_size": [-2, -4]},
								"west": {"uv": [25, 55], "uv_size": [-2, -4]},
								"up": {"uv": [23, 51], "uv_size": [2, 4]},
								"down": {"uv": [23, 51], "uv_size": [2, 4]}
							}
						}
					]
				},
				{
					"name": "F2",
					"parent": "F1",
					"pivot": [-8.3, 13, 3],
					"cubes": [
						{
							"origin": [-5.87916, 21.25, 1.73635],
							"size": [0.8, 0.5, 0.25],
							"inflate": 0.05,
							"pivot": [-7.67916, 21.5, 2.73635],
							"rotation": [0, -57.5, 0],
							"uv": {
								"north": {"uv": [22, 52], "uv_size": [2, -3]},
								"east": {"uv": [22, 52], "uv_size": [2, -3]},
								"south": {"uv": [22, 52], "uv_size": [2, -3]},
								"west": {"uv": [22, 52], "uv_size": [2, -3]},
								"up": {"uv": [24, 49], "uv_size": [-2, 3]},
								"down": {"uv": [24, 49], "uv_size": [-2, 3]}
							}
						},
						{
							"origin": [-4.53614, 21.25, 1.10275],
							"size": [0.8, 0.5, 0.25],
							"inflate": 0.05,
							"pivot": [-7.33614, 21.5, 2.10275],
							"rotation": [0, -70, 0],
							"uv": {
								"north": {"uv": [22, 52], "uv_size": [2, -3]},
								"east": {"uv": [22, 52], "uv_size": [2, -3]},
								"south": {"uv": [22, 52], "uv_size": [2, -3]},
								"west": {"uv": [22, 52], "uv_size": [2, -3]},
								"up": {"uv": [24, 49], "uv_size": [-2, 3]},
								"down": {"uv": [24, 49], "uv_size": [-2, 3]}
							}
						},
						{
							"origin": [-3.31461, 21.25, 0.73193],
							"size": [0.8, 0.5, 0.25],
							"inflate": 0.05,
							"pivot": [-7.11461, 21.5, 1.73193],
							"rotation": [0, -75, 0],
							"uv": {
								"north": {"uv": [22, 52], "uv_size": [2, -3]},
								"east": {"uv": [22, 52], "uv_size": [2, -3]},
								"south": {"uv": [22, 52], "uv_size": [2, -3]},
								"west": {"uv": [22, 52], "uv_size": [2, -3]},
								"up": {"uv": [24, 49], "uv_size": [-2, 3]},
								"down": {"uv": [24, 49], "uv_size": [-2, 3]}
							}
						},
						{
							"origin": [-5.98718, 21.25, 5.69668],
							"size": [0.8, 0.5, 0.25],
							"inflate": 0.05,
							"pivot": [-5.58718, 21.5, 5.82168],
							"rotation": [0, -5, 0],
							"uv": {
								"north": {"uv": [22, 52], "uv_size": [2, -3]},
								"east": {"uv": [22, 52], "uv_size": [2, -3]},
								"south": {"uv": [22, 52], "uv_size": [2, -3]},
								"west": {"uv": [22, 52], "uv_size": [2, -3]},
								"up": {"uv": [24, 49], "uv_size": [-2, 3]},
								"down": {"uv": [24, 49], "uv_size": [-2, 3]}
							}
						},
						{
							"origin": [-6.69364, 21.25, 5.49077],
							"size": [0.8, 0.5, 0.25],
							"inflate": 0.05,
							"pivot": [-6.29364, 20.5, 5.61577],
							"rotation": [0, -27.5, 0],
							"uv": {
								"north": {"uv": [22, 52], "uv_size": [2, -3]},
								"east": {"uv": [22, 52], "uv_size": [2, -3]},
								"south": {"uv": [22, 52], "uv_size": [2, -3]},
								"west": {"uv": [22, 52], "uv_size": [2, -3]},
								"up": {"uv": [24, 49], "uv_size": [-2, 3]},
								"down": {"uv": [24, 49], "uv_size": [-2, 3]}
							}
						},
						{
							"origin": [-6.45715, 21.25, 5.41475],
							"size": [0.8, 0.5, 0.25],
							"inflate": 0.05,
							"pivot": [-6.05715, 20.5, 4.53975],
							"rotation": [0, -52.5, 0],
							"uv": {
								"north": {"uv": [22, 52], "uv_size": [2, -3]},
								"east": {"uv": [22, 52], "uv_size": [2, -3]},
								"south": {"uv": [22, 52], "uv_size": [2, -3]},
								"west": {"uv": [22, 52], "uv_size": [2, -3]},
								"up": {"uv": [24, 49], "uv_size": [-2, 3]},
								"down": {"uv": [24, 49], "uv_size": [-2, 3]}
							}
						},
						{
							"origin": [-5.83632, 21.25, 5.52168],
							"size": [0.8, 0.5, 0.25],
							"inflate": 0.05,
							"pivot": [-5.43632, 20.5, 3.64668],
							"rotation": [0, -65, 0],
							"uv": {
								"north": {"uv": [22, 52], "uv_size": [2, -3]},
								"east": {"uv": [22, 52], "uv_size": [2, -3]},
								"south": {"uv": [22, 52], "uv_size": [2, -3]},
								"west": {"uv": [22, 52], "uv_size": [2, -3]},
								"up": {"uv": [24, 49], "uv_size": [-2, 3]},
								"down": {"uv": [24, 49], "uv_size": [-2, 3]}
							}
						},
						{
							"origin": [-4.9232, 21.25, 6.12064],
							"size": [0.8, 0.5, 0.25],
							"inflate": 0.05,
							"pivot": [-4.5232, 19.5, 3.24564],
							"rotation": [0, -80, 0],
							"uv": {
								"north": {"uv": [22, 52], "uv_size": [2, -3]},
								"east": {"uv": [22, 52], "uv_size": [2, -3]},
								"south": {"uv": [22, 52], "uv_size": [2, -3]},
								"west": {"uv": [22, 52], "uv_size": [2, -3]},
								"up": {"uv": [24, 49], "uv_size": [-2, 3]},
								"down": {"uv": [24, 49], "uv_size": [-2, 3]}
							}
						},
						{
							"origin": [-7.2, 21.25, 3],
							"size": [0.8, 0.5, 0.25],
							"inflate": 0.05,
							"pivot": [-7, 21.5, 4],
							"rotation": [0, -45, 0],
							"uv": {
								"north": {"uv": [22, 52], "uv_size": [2, -3]},
								"east": {"uv": [22, 52], "uv_size": [2, -3]},
								"south": {"uv": [22, 52], "uv_size": [2, -3]},
								"west": {"uv": [22, 52], "uv_size": [2, -3]},
								"up": {"uv": [24, 49], "uv_size": [-2, 3]},
								"down": {"uv": [24, 49], "uv_size": [-2, 3]}
							}
						},
						{
							"origin": [-7.24369, 21.25, 3.11613],
							"size": [0.8, 0.5, 0.25],
							"inflate": 0.05,
							"pivot": [-6.84369, 21.5, 3.24113],
							"rotation": [0, -5, 0],
							"uv": {
								"north": {"uv": [23, 55], "uv_size": [2, -4]},
								"east": {"uv": [23, 55], "uv_size": [2, -4]},
								"south": {"uv": [23, 55], "uv_size": [2, -4]},
								"west": {"uv": [23, 55], "uv_size": [2, -4]},
								"up": {"uv": [25, 51], "uv_size": [-2, 4]},
								"down": {"uv": [25, 51], "uv_size": [-2, 4]}
							}
						}
					]
				},
				{
					"name": "F3",
					"parent": "F1",
					"pivot": [-8.3, 13, 3],
					"cubes": [
						{
							"origin": [-5.87916, 21.25, 4.01365],
							"size": [0.8, 0.5, 0.25],
							"inflate": 0.05,
							"pivot": [-7.67916, 21.5, 3.26365],
							"rotation": [0, 57.5, 0],
							"uv": {
								"north": {"uv": [24, 52], "uv_size": [-2, -3]},
								"east": {"uv": [24, 52], "uv_size": [-2, -3]},
								"south": {"uv": [24, 52], "uv_size": [-2, -3]},
								"west": {"uv": [24, 52], "uv_size": [-2, -3]},
								"up": {"uv": [24, 52], "uv_size": [-2, -3]},
								"down": {"uv": [24, 52], "uv_size": [-2, -3]}
							}
						},
						{
							"origin": [-4.53614, 21.25, 4.64725],
							"size": [0.8, 0.5, 0.25],
							"inflate": 0.05,
							"pivot": [-7.33614, 21.5, 3.89725],
							"rotation": [0, 70, 0],
							"uv": {
								"north": {"uv": [24, 52], "uv_size": [-2, -3]},
								"east": {"uv": [24, 52], "uv_size": [-2, -3]},
								"south": {"uv": [24, 52], "uv_size": [-2, -3]},
								"west": {"uv": [24, 52], "uv_size": [-2, -3]},
								"up": {"uv": [24, 52], "uv_size": [-2, -3]},
								"down": {"uv": [24, 52], "uv_size": [-2, -3]}
							}
						},
						{
							"origin": [-3.31461, 21.25, 5.01807],
							"size": [0.8, 0.5, 0.25],
							"inflate": 0.05,
							"pivot": [-7.11461, 21.5, 4.26807],
							"rotation": [0, 75, 0],
							"uv": {
								"north": {"uv": [24, 52], "uv_size": [-2, -3]},
								"east": {"uv": [24, 52], "uv_size": [-2, -3]},
								"south": {"uv": [24, 52], "uv_size": [-2, -3]},
								"west": {"uv": [24, 52], "uv_size": [-2, -3]},
								"up": {"uv": [24, 52], "uv_size": [-2, -3]},
								"down": {"uv": [24, 52], "uv_size": [-2, -3]}
							}
						},
						{
							"origin": [-5.98718, 21.25, 0.05332],
							"size": [0.8, 0.5, 0.25],
							"inflate": 0.05,
							"pivot": [-5.58718, 21.5, 0.17832],
							"rotation": [0, 5, 0],
							"uv": {
								"north": {"uv": [24, 52], "uv_size": [-2, -3]},
								"east": {"uv": [24, 52], "uv_size": [-2, -3]},
								"south": {"uv": [24, 52], "uv_size": [-2, -3]},
								"west": {"uv": [24, 52], "uv_size": [-2, -3]},
								"up": {"uv": [24, 52], "uv_size": [-2, -3]},
								"down": {"uv": [24, 52], "uv_size": [-2, -3]}
							}
						},
						{
							"origin": [-6.69364, 21.25, 0.25923],
							"size": [0.8, 0.5, 0.25],
							"inflate": 0.05,
							"pivot": [-6.29364, 20.5, 0.38423],
							"rotation": [0, 27.5, 0],
							"uv": {
								"north": {"uv": [24, 52], "uv_size": [-2, -3]},
								"east": {"uv": [24, 52], "uv_size": [-2, -3]},
								"south": {"uv": [24, 52], "uv_size": [-2, -3]},
								"west": {"uv": [24, 52], "uv_size": [-2, -3]},
								"up": {"uv": [24, 52], "uv_size": [-2, -3]},
								"down": {"uv": [24, 52], "uv_size": [-2, -3]}
							}
						},
						{
							"origin": [-6.45715, 21.25, 0.33525],
							"size": [0.8, 0.5, 0.25],
							"inflate": 0.05,
							"pivot": [-6.05715, 20.5, 1.46025],
							"rotation": [0, 52.5, 0],
							"uv": {
								"north": {"uv": [24, 52], "uv_size": [-2, -3]},
								"east": {"uv": [24, 52], "uv_size": [-2, -3]},
								"south": {"uv": [24, 52], "uv_size": [-2, -3]},
								"west": {"uv": [24, 52], "uv_size": [-2, -3]},
								"up": {"uv": [24, 52], "uv_size": [-2, -3]},
								"down": {"uv": [24, 52], "uv_size": [-2, -3]}
							}
						},
						{
							"origin": [-5.83632, 21.25, 0.22832],
							"size": [0.8, 0.5, 0.25],
							"inflate": 0.05,
							"pivot": [-5.43632, 20.5, 2.35332],
							"rotation": [0, 65, 0],
							"uv": {
								"north": {"uv": [24, 52], "uv_size": [-2, -3]},
								"east": {"uv": [24, 52], "uv_size": [-2, -3]},
								"south": {"uv": [24, 52], "uv_size": [-2, -3]},
								"west": {"uv": [24, 52], "uv_size": [-2, -3]},
								"up": {"uv": [24, 52], "uv_size": [-2, -3]},
								"down": {"uv": [24, 52], "uv_size": [-2, -3]}
							}
						},
						{
							"origin": [-4.9232, 21.25, -0.37064],
							"size": [0.8, 0.5, 0.25],
							"inflate": 0.05,
							"pivot": [-4.5232, 19.5, 2.75436],
							"rotation": [0, 80, 0],
							"uv": {
								"north": {"uv": [24, 52], "uv_size": [-2, -3]},
								"east": {"uv": [24, 52], "uv_size": [-2, -3]},
								"south": {"uv": [24, 52], "uv_size": [-2, -3]},
								"west": {"uv": [24, 52], "uv_size": [-2, -3]},
								"up": {"uv": [24, 52], "uv_size": [-2, -3]},
								"down": {"uv": [24, 52], "uv_size": [-2, -3]}
							}
						},
						{
							"origin": [-7.2, 21.25, 2.75],
							"size": [0.8, 0.5, 0.25],
							"inflate": 0.05,
							"pivot": [-7, 21.5, 2],
							"rotation": [0, 45, 0],
							"uv": {
								"north": {"uv": [24, 52], "uv_size": [-2, -3]},
								"east": {"uv": [24, 52], "uv_size": [-2, -3]},
								"south": {"uv": [24, 52], "uv_size": [-2, -3]},
								"west": {"uv": [24, 52], "uv_size": [-2, -3]},
								"up": {"uv": [24, 52], "uv_size": [-2, -3]},
								"down": {"uv": [24, 52], "uv_size": [-2, -3]}
							}
						},
						{
							"origin": [-7.24369, 21.25, 2.63387],
							"size": [0.8, 0.5, 0.25],
							"inflate": 0.05,
							"pivot": [-6.84369, 21.5, 2.75887],
							"rotation": [0, 5, 0],
							"uv": {
								"north": {"uv": [25, 55], "uv_size": [-2, -4]},
								"east": {"uv": [25, 55], "uv_size": [-2, -4]},
								"south": {"uv": [25, 55], "uv_size": [-2, -4]},
								"west": {"uv": [25, 55], "uv_size": [-2, -4]},
								"up": {"uv": [25, 55], "uv_size": [-2, -4]},
								"down": {"uv": [25, 55], "uv_size": [-2, -4]}
							}
						},
						{
							"origin": [-9.92084, 21.25, 4.01365],
							"size": [0.8, 0.5, 0.25],
							"inflate": 0.05,
							"pivot": [-7.32084, 21.5, 3.26365],
							"rotation": [0, -57.5, 0],
							"uv": {
								"north": {"uv": [22, 52], "uv_size": [2, -3]},
								"east": {"uv": [22, 52], "uv_size": [2, -3]},
								"south": {"uv": [22, 52], "uv_size": [2, -3]},
								"west": {"uv": [22, 52], "uv_size": [2, -3]},
								"up": {"uv": [22, 52], "uv_size": [2, -3]},
								"down": {"uv": [22, 52], "uv_size": [2, -3]}
							}
						},
						{
							"origin": [-11.26386, 21.25, 4.64725],
							"size": [0.8, 0.5, 0.25],
							"inflate": 0.05,
							"pivot": [-7.66386, 21.5, 3.89725],
							"rotation": [0, -70, 0],
							"uv": {
								"north": {"uv": [22, 52], "uv_size": [2, -3]},
								"east": {"uv": [22, 52], "uv_size": [2, -3]},
								"south": {"uv": [22, 52], "uv_size": [2, -3]},
								"west": {"uv": [22, 52], "uv_size": [2, -3]},
								"up": {"uv": [22, 52], "uv_size": [2, -3]},
								"down": {"uv": [22, 52], "uv_size": [2, -3]}
							}
						},
						{
							"origin": [-12.48539, 21.25, 5.01807],
							"size": [0.8, 0.5, 0.25],
							"inflate": 0.05,
							"pivot": [-7.88539, 21.5, 4.26807],
							"rotation": [0, -75, 0],
							"uv": {
								"north": {"uv": [22, 52], "uv_size": [2, -3]},
								"east": {"uv": [22, 52], "uv_size": [2, -3]},
								"south": {"uv": [22, 52], "uv_size": [2, -3]},
								"west": {"uv": [22, 52], "uv_size": [2, -3]},
								"up": {"uv": [22, 52], "uv_size": [2, -3]},
								"down": {"uv": [22, 52], "uv_size": [2, -3]}
							}
						},
						{
							"origin": [-9.81282, 21.25, 0.05332],
							"size": [0.8, 0.5, 0.25],
							"inflate": 0.05,
							"pivot": [-9.41282, 21.5, 0.17832],
							"rotation": [0, -5, 0],
							"uv": {
								"north": {"uv": [22, 52], "uv_size": [2, -3]},
								"east": {"uv": [22, 52], "uv_size": [2, -3]},
								"south": {"uv": [22, 52], "uv_size": [2, -3]},
								"west": {"uv": [22, 52], "uv_size": [2, -3]},
								"up": {"uv": [22, 52], "uv_size": [2, -3]},
								"down": {"uv": [22, 52], "uv_size": [2, -3]}
							}
						},
						{
							"origin": [-9.10636, 21.25, 0.25923],
							"size": [0.8, 0.5, 0.25],
							"inflate": 0.05,
							"pivot": [-8.70636, 20.5, 0.38423],
							"rotation": [0, -27.5, 0],
							"uv": {
								"north": {"uv": [22, 52], "uv_size": [2, -3]},
								"east": {"uv": [22, 52], "uv_size": [2, -3]},
								"south": {"uv": [22, 52], "uv_size": [2, -3]},
								"west": {"uv": [22, 52], "uv_size": [2, -3]},
								"up": {"uv": [22, 52], "uv_size": [2, -3]},
								"down": {"uv": [22, 52], "uv_size": [2, -3]}
							}
						},
						{
							"origin": [-9.34285, 21.25, 0.33525],
							"size": [0.8, 0.5, 0.25],
							"inflate": 0.05,
							"pivot": [-8.94285, 20.5, 1.46025],
							"rotation": [0, -52.5, 0],
							"uv": {
								"north": {"uv": [22, 52], "uv_size": [2, -3]},
								"east": {"uv": [22, 52], "uv_size": [2, -3]},
								"south": {"uv": [22, 52], "uv_size": [2, -3]},
								"west": {"uv": [22, 52], "uv_size": [2, -3]},
								"up": {"uv": [22, 52], "uv_size": [2, -3]},
								"down": {"uv": [22, 52], "uv_size": [2, -3]}
							}
						},
						{
							"origin": [-9.96368, 21.25, 0.22832],
							"size": [0.8, 0.5, 0.25],
							"inflate": 0.05,
							"pivot": [-9.56368, 20.5, 2.35332],
							"rotation": [0, -65, 0],
							"uv": {
								"north": {"uv": [22, 52], "uv_size": [2, -3]},
								"east": {"uv": [22, 52], "uv_size": [2, -3]},
								"south": {"uv": [22, 52], "uv_size": [2, -3]},
								"west": {"uv": [22, 52], "uv_size": [2, -3]},
								"up": {"uv": [22, 52], "uv_size": [2, -3]},
								"down": {"uv": [22, 52], "uv_size": [2, -3]}
							}
						},
						{
							"origin": [-10.8768, 21.25, -0.37064],
							"size": [0.8, 0.5, 0.25],
							"inflate": 0.05,
							"pivot": [-10.4768, 19.5, 2.75436],
							"rotation": [0, -80, 0],
							"uv": {
								"north": {"uv": [22, 52], "uv_size": [2, -3]},
								"east": {"uv": [22, 52], "uv_size": [2, -3]},
								"south": {"uv": [22, 52], "uv_size": [2, -3]},
								"west": {"uv": [22, 52], "uv_size": [2, -3]},
								"up": {"uv": [22, 52], "uv_size": [2, -3]},
								"down": {"uv": [22, 52], "uv_size": [2, -3]}
							}
						},
						{
							"origin": [-8.6, 21.25, 2.75],
							"size": [0.8, 0.5, 0.25],
							"inflate": 0.05,
							"pivot": [-8, 21.5, 2],
							"rotation": [0, -45, 0],
							"uv": {
								"north": {"uv": [22, 52], "uv_size": [2, -3]},
								"east": {"uv": [22, 52], "uv_size": [2, -3]},
								"south": {"uv": [22, 52], "uv_size": [2, -3]},
								"west": {"uv": [22, 52], "uv_size": [2, -3]},
								"up": {"uv": [22, 52], "uv_size": [2, -3]},
								"down": {"uv": [22, 52], "uv_size": [2, -3]}
							}
						},
						{
							"origin": [-8.55631, 21.25, 2.63387],
							"size": [0.8, 0.5, 0.25],
							"inflate": 0.05,
							"pivot": [-8.15631, 21.5, 2.75887],
							"rotation": [0, -5, 0],
							"uv": {
								"north": {"uv": [23, 55], "uv_size": [2, -4]},
								"east": {"uv": [23, 55], "uv_size": [2, -4]},
								"south": {"uv": [23, 55], "uv_size": [2, -4]},
								"west": {"uv": [23, 55], "uv_size": [2, -4]},
								"up": {"uv": [23, 55], "uv_size": [2, -4]},
								"down": {"uv": [23, 55], "uv_size": [2, -4]}
							}
						}
					]
				}
			]
		}
	]
}
