{"format_version":"1.10.0","minecraft:client_entity":{"description":{"identifier":"yg:munkus_lunkus","materials":{"default":"witch"},"textures":{"default":"textures/entity/yg_munkus_lunkus"},"geometry":{"default":"geometry.yg_munkus_lunkus"},"scripts":{"animate":["move","general","attack"],"pre_animation":["variable.random = math.round(math.random(0,2));"],"scale":"3"},"animations":{"moving":"animation.yg_munkus_lunkus.move","move":"controller.animation.yg_munkus_lunkus.move","gazo_general":"animation.yg_munkus_lunkus.general","general":"controller.animation.yg_munkus_lunkus.general","attack0":"animation.yg_munkus_lunkus.attack","attack":"controller.animation.yg_munkus_lunkus.attack","look_at_target":"animation.yg_munkus_lunkus.looking","jumpscare":"animation.yg_munkus_lunkus.jumpscare"},"render_controllers":["controller.render.witch"],"spawn_egg":{"base_color":"#A2061D","overlay_color":"#712223"}}}}