{"format_version":"1.10.0","minecraft:client_entity":{"description":{"identifier":"yg:sussy_wussy","materials":{"default":"witch"},"textures":{"default":"textures/entity/yg_sussy_wussy"},"geometry":{"default":"geometry.yg_sussy_wussy"},"scripts":{"animate":["move","general","attack"],"pre_animation":["variable.random = math.round(math.random(0,2));"],"scale":"2"},"animations":{"moving":"animation.yg_sussy_wussy.move","move":"controller.animation.yg_sussy_wussy.move","gazo_general":"animation.yg_sussy_wussy.general","general":"controller.animation.yg_sussy_wussy.general","attack0":"animation.yg_sussy_wussy.attack","attack":"controller.animation.yg_sussy_wussy.attack","look_at_target":"animation.yg_sussy_wussy.looking","jumpscare":"animation.yg_sussy_wussy.jumpscare"},"render_controllers":["controller.render.witch"],"spawn_egg":{"base_color":"#E312A9","overlay_color":"#09BCFF"}}}}