{
  "resource_pack_name": "vanilla",
  "texture_name": "atlas.items",
  "texture_data": {
    "egg_camel": {
      "textures": "textures/items/egg_camel"
    },
    "egg_lion": {
      "textures": "textures/items/egg_lion"
    },
    "egg_penguin": {
      "textures": "textures/items/egg_penguin"
    },
    "egg_tiger": {
      "textures": "textures/items/egg_tiger"
    },
    "egg_elephant": {
      "textures": "textures/items/egg_elephant"
    },
    "egg_deer": {
      "textures": "textures/items/egg_deer"
    },
    "egg_panther": {
      "textures": "textures/items/egg_panther"
    },
    "egg_frog": {
      "textures": "textures/items/egg_frog"
    },
    "egg_crocodile": {
      "textures": "textures/items/egg_crocodile"
    },
    "egg_mouse": {
      "textures": "textures/items/egg_mouse"
    },
    "gallardo": {
      "textures": "textures/items/gallardo"
    },
    "bench": {
      "textures": "textures/items/bench"
    },
    "christmas_tree": {
      "textures": "textures/items/christmas_tree"
    },
    "tivi": {
      "textures": "textures/items/tivi"
    },
    "closet": {
      "textures": "textures/items/closet"
    },
    "laptop": {
      "textures": "textures/items/laptop"
    },
    "piano": {
      "textures": "textures/items/piano"
    },
    "armchairs": {
      "textures": "textures/items/armchairs"
    },
    "chair": {
      "textures": "textures/items/chair"
    },
    "big_table": {
      "textures": "textures/items/big_table"
    },
    "small_table": {
      "textures": "textures/items/small_table"
    },
    "drone": {
      "textures": "textures/items/drone"
    },
    "colorful_gifts": {
      "textures": "textures/items/colorful_gifts"
    },
    "os:babyopila": {
      "textures": "textures/items/pamobile/os_babyopila"
    },
    "os:opilababy": {
      "textures": "textures/items/pamobile/os_opilababy"
    },
    "os:color1": {
      "textures": "textures/items/pamobile/os_color1"
    },
    "os:color4": {
      "textures": "textures/items/pamobile/os_color4"
    },
    "os:color3": {
      "textures": "textures/items/pamobile/os_color3"
    },
    "os:color2": {
      "textures": "textures/items/pamobile/os_color2"
    },
    "os:color5": {
      "textures": "textures/items/pamobile/os_color5"
    },
    "os:color6": {
      "textures": "textures/items/pamobile/os_color6"
    },
    "os:color7": {
      "textures": "textures/items/pamobile/os_color7"
    },
    "os:color8": {
      "textures": "textures/items/pamobile/os_color8"
    },
    "baby:blue": {
      "textures": "textures/items/pamobile/baby_blue"
    },
    "baby:pink": {
      "textures": "textures/items/pamobile/baby_pink"
    },
    "os:b": {
      "textures": "textures/items/pamobile/os_b"
    },
    "os:bb": {
      "textures": "textures/items/pamobile/os_bb"
    },
    "os:j": {
      "textures": "textures/items/pamobile/os_j"
    },
    "os:o": {
      "textures": "textures/items/pamobile/os_o"
    },
    "os:s": {
      "textures": "textures/items/pamobile/os_s"
    },
    "os:ss": {
      "textures": "textures/items/pamobile/os_ss"
    },
    "os:nn": {
      "textures": "textures/items/pamobile/os_nn"
    },
    "os:sl": {
      "textures": "textures/items/pamobile/os_sl"
    },
    "os:dead": {
      "textures": "textures/items/pamobile/os_dead"
    },
    "os:green": {
      "textures": "textures/items/pamobile/os_green"
    },
    "os:yallow": {
      "textures": "textures/items/pamobile/os_yallow"
    },
    "os:blue": {
      "textures": "textures/items/pamobile/os_blue"
    },
    "os:orange": {
      "textures": "textures/items/pamobile/os_orange"
    },
    "os:pink": {
      "textures": "textures/items/pamobile/os_pink"
    },
    "os:gray": {
      "textures": "textures/items/pamobile/os_gray"
    },
    "os:red": {
      "textures": "textures/items/pamobile/os_red"
    }
  }
}