{
  "format_version": "1.12",
  "minecraft:recipe_shaped": {
    "description": {
      "identifier": "drone_function_cbd6bf4a"
    },
    "tags": [
      "crafting_table"
    ],
    "pattern": [
      "  A",
      "BC ",
      "DB "
    ],
    "key": {
      "A": {
        "item": "minecraft:redstone_block",
        "data": 0
      },
      "B": {
        "item": "minecraft:monster_egg",
        "data": 2
      },
      "C": {
        "item": "minecraft:redstone",
        "data": 0
      },
      "D": {
        "item": "minecraft:monster_egg",
        "data": 5
      }
    },
    "result": {
      "item": "mr:drone_function",
      "count": 1
    }
  }
}