
[
	
	{
		"pack_id" : "63bdac79-8016-4273-bee0-6467c6b23d15",
		"version" : [ 0, 0, 1 ]
	},
	
	{
		"pack_id" : "44dbf46c-28cf-4050-b75f-8840878fd4fc",
		"version" : [ 0, 0, 2 ]
	},
	
	{
		"pack_id" : "26692bae-5e2f-4d9c-9026-ee18fd571844",
		"version" : [ 0, 0, 1 ]
	},
	
	{
		"pack_id" : "bea5b7a0-723f-479d-abab-b5965ef9b76e",
		"version" : [ 0, 0, 1 ]
	},
	
	{
		"pack_id" : "fd5aee62-8fb2-4f4a-abf8-ad3775b219b3",
		"version" : [ 0, 0, 1 ]
	},
	
	{
		"pack_id" : "c77f22fd-6f9f-4497-853e-47ee25cc3040",
		"version" : [ 0, 0, 1 ]
	},
	
	{
		"pack_id" : "9538033f-5350-4718-a514-baff8aac4f22",
		"version" : [ 0, 0, 1 ]
	},
	
	{
		"pack_id" : "825118ae-cdc3-4f96-9fc6-23036bf7ca07",
		"version" : [ 0, 0, 1 ]
	},
	
	{
		"pack_id" : "34123c41-170f-4d4a-9cf7-a807a38e02fe",
		"version" : [ 1, 0, 0 ]
	}
]
