{"packs":[{"can_be_redownloaded":false,"name":"§l ","uuid":"34123c41-170f-4d4a-9cf7-a807a38e02fe","version":[1,0,0]},{"can_be_redownloaded":false,"name":"§l§6Garten of Banban","uuid":"b9a844c7-8737-4faa-9517-a96a601c21eb","version":[0,0,1]},{"can_be_redownloaded":false,"name":"Garten Of Banban texture ","uuid":"825118ae-cdc3-4f96-9fc6-23036bf7ca07","version":[0,0,1]},{"can_be_redownloaded":false,"name":"§l§fgarten§7 of §2b§fa§4n§db§5a§gn §fv.2","uuid":"44dbf46c-28cf-4050-b75f-8840878fd4fc","version":[0,0,2]},{"can_be_redownloaded":false,"name":"Garten Of Banban v3","uuid":"9538033f-5350-4718-a514-baff8aac4f22","version":[0,0,1]},{"can_be_redownloaded":false,"name":"garten of banban ","uuid":"c77f22fd-6f9f-4497-853e-47ee25cc3040","version":[0,0,1]},{"can_be_redownloaded":false,"name":"§5Egghead gumpty ","uuid":"fd5aee62-8fb2-4f4a-abf8-ad3775b219b3","version":[0,0,1]},{"can_be_redownloaded":false,"name":"Garten Of Banban 2 ","uuid":"bea5b7a0-723f-479d-abab-b5965ef9b76e","version":[0,0,1]},{"can_be_redownloaded":false,"name":"§aGarten of Banban 2 map ","uuid":"26692bae-5e2f-4d9c-9026-ee18fd571844","version":[0,0,1]},{"can_be_redownloaded":false,"name":"§2garten §cof §4banabn §12","uuid":"63bdac79-8016-4273-bee0-6467c6b23d15","version":[0,0,1]}]}
