
[
	
	{
		"pack_id" : "45c1e775-2f74-4412-86fc-d0ff6a0c9a51",
		"version" : [ 0, 0, 1 ]
	},
	
	{
		"pack_id" : "2929b384-e2a8-4d63-a4bd-87d2533113f6",
		"version" : [ 0, 0, 1 ]
	},
	
	{
		"pack_id" : "70a6f283-bc8f-4f15-9461-aa6efa7e103a",
		"version" : [ 0, 0, 1 ]
	},
	
	{
		"pack_id" : "6f3bb3bd-855b-4a7e-8165-8254ebc7ef39",
		"version" : [ 0, 0, 2 ]
	},
	
	{
		"pack_id" : "ee544373-f489-481a-886d-a4429b8778f0",
		"version" : [ 0, 0, 1 ]
	},
	
	{
		"pack_id" : "55f1c6b6-c1b1-4164-9e8e-86d97d25977a",
		"version" : [ 0, 0, 1 ]
	},
	
	{
		"pack_id" : "1709d2de-63b6-4228-9462-46efe6fb7d66",
		"version" : [ 0, 0, 1 ]
	},
	
	{
		"pack_id" : "8707c7f1-1a96-4c50-9058-8e85e5f110db",
		"version" : [ 0, 0, 1 ]
	}
]
