{
  "format_version": "1.12.0",
  "minecraft:geometry": [
    {
      "description": {
        "identifier": "geometry.yg_eight",
        "texture_width": 64,
        "texture_height": 64,
        "visible_bounds_width": 3,
        "visible_bounds_height": 2.5,
        "visible_bounds_offset": [
          0,
          0.75,
          0
        ]
      },
      "bones": [
        {
          "name": "Root",
          "pivot": [
            0,
            2,
            0
          ],
          "cubes": [
            {
              "origin": [
                -5.0,
                0.0,
                -5.0
              ],
              "size": [
                10.0,
                10.0,
                10.0
              ],
              "uv": [
                0,
                0
              ],
              "inflate": 0
            },
            {
              "origin": [
                -3.80595,
                8.76509,
                -3.0
              ],
              "size": [
                3.0,
                5.0,
                3.0
              ],
              "pivot": [
                -2.30595,
                11.26509,
                -1.5
              ],
              "rotation": [
                0.0,
                0.0,
                -32.5
              ],
              "uv": [
                9,
                39
              ],
              "inflate": 0
            },
            {
              "origin": [
                -5.61244,
                12.87066,
                -3.0
              ],
              "size": [
                3.0,
                5.0,
                3.0
              ],
              "pivot": [
                -4.11244,
                15.37066,
                -1.5
              ],
              "rotation": [
                0.0,
                0.0,
                -15.0
              ],
              "uv": [
                35,
                23
              ],
              "inflate": 0
            },
            {
              "origin": [
                -6.61244,
                12.87066,
                -4.0
              ],
              "size": [
                5.0,
                4.0,
                2.0
              ],
              "pivot": [
                -4.11244,
                14.87066,
                -3.0
              ],
              "rotation": [
                0.0,
                0.0,
                -7.5
              ],
              "uv": [
                24,
                20
              ],
              "inflate": 0
            },
            {
              "origin": [
                -5.29237,
                16.52909,
                -3.0
              ],
              "size": [
                3.0,
                5.0,
                3.0
              ],
              "pivot": [
                -3.79237,
                19.02909,
                -1.5
              ],
              "rotation": [
                0.0,
                0.0,
                25.0
              ],
              "uv": [
                18,
                34
              ],
              "inflate": 0
            },
            {
              "origin": [
                -2.79225,
                18.62694,
                -3.0
              ],
              "size": [
                3.0,
                5.0,
                3.0
              ],
              "pivot": [
                -1.29225,
                21.12694,
                -1.5
              ],
              "rotation": [
                0.0,
                0.0,
                75.0
              ],
              "uv": [
                0,
                34
              ],
              "inflate": 0
            },
            {
              "origin": [
                0.3537,
                18.23123,
                -2.68652
              ],
              "size": [
                3.0,
                5.0,
                3.0
              ],
              "pivot": [
                1.8537,
                20.73123,
                -1.18652
              ],
              "rotation": [
                -7.5,
                0.0,
                122.5
              ],
              "uv": [
                30,
                31
              ],
              "inflate": 0
            },
            {
              "origin": [
                2.68788,
                15.30722,
                -2.22051
              ],
              "size": [
                3.0,
                5.0,
                3.0
              ],
              "pivot": [
                4.18788,
                17.80722,
                -0.72051
              ],
              "rotation": [
                -5.96275,
                4.55749,
                159.76251
              ],
              "uv": [
                30,
                0
              ],
              "inflate": 0
            },
            {
              "origin": [
                2.59657,
                11.74386,
                -1.97859
              ],
              "size": [
                3.0,
                5.0,
                3.0
              ],
              "pivot": [
                4.09657,
                14.24386,
                -0.47859
              ],
              "rotation": [
                -1.30962,
                7.38542,
                -157.58453
              ],
              "uv": [
                9,
                29
              ],
              "inflate": 0
            },
            {
              "origin": [
                0.32042,
                8.96945,
                -1.62018
              ],
              "size": [
                3.0,
                5.0,
                3.0
              ],
              "pivot": [
                1.82042,
                11.46945,
                -0.12018
              ],
              "rotation": [
                -6.81542,
                6.79382,
                -122.31092
              ],
              "uv": [
                21,
                26
              ],
              "inflate": 0
            },
            {
              "origin": [
                -5.10433,
                6.09848,
                -1.18756
              ],
              "size": [
                3.0,
                8.0,
                3.0
              ],
              "pivot": [
                -3.60433,
                10.09848,
                0.31244
              ],
              "rotation": [
                -2.8973,
                9.16871,
                -94.63827
              ],
              "uv": [
                0,
                20
              ],
              "inflate": 0
            },
            {
              "origin": [
                -11.36032,
                7.66502,
                -1.04303
              ],
              "size": [
                3.0,
                6.0,
                3.0
              ],
              "pivot": [
                -9.86032,
                10.66502,
                0.45697
              ],
              "rotation": [
                0.8644,
                9.57328,
                -71.83352
              ],
              "uv": [
                12,
                20
              ],
              "inflate": 0
            }
          ]
        }
      ]
    }
  ]
}