{
  "format_version": "1.12.0",
  "minecraft:geometry": [
    {
      "description": {
        "identifier": "geometry.yg_four",
        "texture_width": 64,
        "texture_height": 64,
        "visible_bounds_width": 3,
        "visible_bounds_height": 2.5,
        "visible_bounds_offset": [
          0,
          0.75,
          0
        ]
      },
      "bones": [
        {
          "name": "Root",
          "pivot": [
            1,
            0,
            0
          ],
          "cubes": [
            {
              "origin": [
                1.10822,
                -1.01185,
                -2.0
              ],
              "size": [
                4.0,
                12.0,
                4.0
              ],
              "pivot": [
                3.10822,
                4.98815,
                0.0
              ],
              "rotation": [
                0.0,
                0.0,
                12.5
              ],
              "uv": [
                16,
                8
              ],
              "inflate": 0
            },
            {
              "origin": [
                2.35945,
                10.41304,
                -2.0
              ],
              "size": [
                4.0,
                12.0,
                4.0
              ],
              "uv": [
                0,
                8
              ],
              "inflate": 0
            },
            {
              "origin": [
                3.35945,
                11.41304,
                -3.0
              ],
              "size": [
                4.0,
                5.0,
                3.0
              ],
              "uv": [
                28,
                0
              ],
              "inflate": 0
            },
            {
              "origin": [
                -8.35945,
                11.41304,
                -3.0
              ],
              "size": [
                4.0,
                5.0,
                3.0
              ],
              "uv": [
                16,
                24
              ],
              "inflate": 0
            },
            {
              "origin": [
                -7.21729,
                9.57519,
                -2.0
              ],
              "size": [
                10.0,
                4.0,
                4.0
              ],
              "pivot": [
                -2.21729,
                11.57519,
                0.0
              ],
              "rotation": [
                0.0,
                0.0,
                -10.0
              ],
              "uv": [
                0,
                0
              ],
              "inflate": 0
            },
            {
              "origin": [
                -5.89914,
                11.69099,
                -2.0
              ],
              "size": [
                4.0,
                10.0,
                4.0
              ],
              "pivot": [
                -3.89914,
                16.69099,
                0.0
              ],
              "rotation": [
                0.0,
                0.0,
                20.0
              ],
              "uv": [
                0,
                24
              ],
              "inflate": 0
            }
          ]
        }
      ]
    }
  ]
}