{
  "format_version": "1.12.0",
  "minecraft:geometry": [
    {
      "description": {
        "identifier": "geometry.yg_five",
        "texture_width": 64,
        "texture_height": 64,
        "visible_bounds_width": 3,
        "visible_bounds_height": 2.5,
        "visible_bounds_offset": [
          0,
          0.75,
          0
        ]
      },
      "bones": [
        {
          "name": "Root",
          "cubes": [
            {
              "origin": [
                -6.0,
                0.0,
                -2.0
              ],
              "size": [
                10.0,
                4.0,
                4.0
              ],
              "uv": [
                0,
                16
              ],
              "inflate": 0
            },
            {
              "origin": [
                -8.17985,
                1.03101,
                -1.14
              ],
              "size": [
                3.42,
                2.28,
                2.28
              ],
              "pivot": [
                -6.46985,
                2.17101,
                0.0
              ],
              "rotation": [
                0.0,
                0.0,
                20.0
              ],
              "uv": [
                12,
                32
              ],
              "inflate": 0
            },
            {
              "origin": [
                -10.07496,
                2.51211,
                -1.0
              ],
              "size": [
                3.0,
                2.0,
                2.0
              ],
              "pivot": [
                -8.57496,
                3.51211,
                0.0
              ],
              "rotation": [
                0.0,
                0.0,
                45.0
              ],
              "uv": [
                24,
                8
              ],
              "inflate": 0
            },
            {
              "origin": [
                1.70711,
                1.53553,
                -2.0
              ],
              "size": [
                6.0,
                4.0,
                4.0
              ],
              "pivot": [
                4.70711,
                3.53553,
                0.0
              ],
              "rotation": [
                0.0,
                0.0,
                -45.0
              ],
              "uv": [
                24,
                12
              ],
              "inflate": 0
            },
            {
              "origin": [
                1.67963,
                8.79486,
                -2.0
              ],
              "size": [
                6.0,
                4.0,
                4.0
              ],
              "pivot": [
                4.67963,
                10.79486,
                0.0
              ],
              "rotation": [
                0.0,
                0.0,
                42.5
              ],
              "uv": [
                0,
                24
              ],
              "inflate": 0
            },
            {
              "origin": [
                6.26368,
                11.1511,
                -1.18
              ],
              "size": [
                2.36,
                2.36,
                2.36
              ],
              "pivot": [
                7.44368,
                12.3311,
                0.0
              ],
              "rotation": [
                0.0,
                0.0,
                42.5
              ],
              "uv": [
                34,
                32
              ],
              "inflate": 0
            },
            {
              "origin": [
                7.66216,
                12.68505,
                -1.0
              ],
              "size": [
                2.0,
                3.0,
                2.0
              ],
              "pivot": [
                8.66216,
                14.18505,
                0.0
              ],
              "rotation": [
                0.0,
                0.0,
                27.5
              ],
              "uv": [
                20,
                34
              ],
              "inflate": 0
            },
            {
              "origin": [
                -5.75777,
                9.45833,
                -2.0
              ],
              "size": [
                10.0,
                4.0,
                4.0
              ],
              "pivot": [
                -0.75777,
                11.45833,
                0.0
              ],
              "rotation": [
                0.0,
                0.0,
                -10.0
              ],
              "uv": [
                0,
                8
              ],
              "inflate": 0
            },
            {
              "origin": [
                -6.5191,
                8.21835,
                -1.0
              ],
              "size": [
                2.0,
                2.0,
                2.0
              ],
              "pivot": [
                -5.5191,
                9.21835,
                0.0
              ],
              "rotation": [
                0.0,
                0.0,
                -37.5
              ],
              "uv": [
                16,
                24
              ],
              "inflate": 0
            },
            {
              "origin": [
                -3.90292,
                8.67976,
                -0.5
              ],
              "size": [
                2.0,
                1.0,
                1.0
              ],
              "pivot": [
                -2.90292,
                9.17976,
                0.0
              ],
              "rotation": [
                0.0,
                0.0,
                -55.0
              ],
              "uv": [
                28,
                20
              ],
              "inflate": 0
            },
            {
              "origin": [
                -6.0291,
                12.5597,
                -2.0
              ],
              "size": [
                4.0,
                5.0,
                4.0
              ],
              "uv": [
                0,
                32
              ],
              "inflate": 0
            },
            {
              "origin": [
                -5.07906,
                11.19532,
                -4.02631
              ],
              "size": [
                4.0,
                5.0,
                2.0
              ],
              "pivot": [
                -3.07906,
                13.69532,
                -3.02631
              ],
              "rotation": [
                0.34379,
                -0.12441,
                -2.4735
              ],
              "uv": [
                34,
                0
              ],
              "inflate": 0
            },
            {
              "origin": [
                -5.07906,
                11.19532,
                2.02631
              ],
              "size": [
                4.0,
                5.0,
                2.0
              ],
              "pivot": [
                -3.07906,
                13.69532,
                3.02631
              ],
              "rotation": [
                -0.34379,
                0.12441,
                -2.4735
              ],
              "uv": [
                32,
                20
              ],
              "inflate": 0
            },
            {
              "origin": [
                -6.0291,
                17.5597,
                -2.0
              ],
              "size": [
                13.0,
                4.0,
                4.0
              ],
              "uv": [
                0,
                0
              ],
              "inflate": 0
            },
            {
              "origin": [
                4.24264,
                4.24264,
                -2.0
              ],
              "size": [
                4.0,
                6.0,
                4.0
              ],
              "uv": [
                20,
                24
              ],
              "inflate": 0
            },
            {
              "origin": [
                8.13544,
                7.2,
                -1.2528
              ],
              "size": [
                2.36,
                2.36,
                2.36
              ],
              "uv": [
                28,
                34
              ],
              "inflate": 0
            },
            {
              "origin": [
                9.61141,
                7.82227,
                -1.0
              ],
              "size": [
                3.0,
                2.0,
                2.0
              ],
              "pivot": [
                11.11141,
                8.82227,
                0.0
              ],
              "rotation": [
                0.0,
                0.0,
                -27.5
              ],
              "uv": [
                34,
                7
              ],
              "inflate": 0
            }
          ]
        }
      ]
    }
  ]
}