{
  "format_version": "1.12.0",
  "minecraft:geometry": [
    {
      "description": {
        "identifier": "geometry.yg_nine",
        "texture_width": 64,
        "texture_height": 64,
        "visible_bounds_width": 3,
        "visible_bounds_height": 2.5,
        "visible_bounds_offset": [
          0,
          0.75,
          0
        ]
      },
      "bones": [
        {
          "name": "Root",
          "cubes": [
            {
              "origin": [
                -4.0,
                15.0,
                -4.0
              ],
              "size": [
                8.0,
                8.0,
                8.0
              ],
              "uv": [
                0,
                0
              ],
              "inflate": 0
            },
            {
              "origin": [
                -3.0,
                13.05906,
                -0.75571
              ],
              "size": [
                6.0,
                6.0,
                4.0
              ],
              "pivot": [
                0.0,
                13.05906,
                3.24429
              ],
              "rotation": [
                -25.0,
                0.0,
                0.0
              ],
              "uv": [
                28,
                12
              ],
              "inflate": 0
            },
            {
              "origin": [
                -2.0,
                12.29057,
                2.22622
              ],
              "size": [
                4.0,
                4.0,
                6.0
              ],
              "pivot": [
                0.0,
                14.29057,
                5.22622
              ],
              "rotation": [
                -52.5,
                0.0,
                0.0
              ],
              "uv": [
                14,
                20
              ],
              "inflate": 0
            },
            {
              "origin": [
                -1.5,
                8.19679,
                3.48797
              ],
              "size": [
                3.0,
                3.0,
                7.0
              ],
              "pivot": [
                0.0,
                9.69679,
                6.98797
              ],
              "rotation": [
                -92.5,
                0.0,
                0.0
              ],
              "uv": [
                0,
                16
              ],
              "inflate": 0
            },
            {
              "origin": [
                -1.22,
                3.0855,
                2.10679
              ],
              "size": [
                2.44,
                2.44,
                6.54
              ],
              "pivot": [
                0.0,
                4.3055,
                5.37679
              ],
              "rotation": [
                -125.0,
                0.0,
                0.0
              ],
              "uv": [
                24,
                0
              ],
              "inflate": 0
            },
            {
              "origin": [
                -1.0,
                1.22979,
                -2.42314
              ],
              "size": [
                2.0,
                2.0,
                7.0
              ],
              "pivot": [
                0.0,
                2.22979,
                1.07686
              ],
              "rotation": [
                180.0,
                0.0,
                0.0
              ],
              "uv": [
                0,
                26
              ],
              "inflate": 0
            },
            {
              "origin": [
                -1.62,
                1.24489,
                -4.90402
              ],
              "size": [
                3.24,
                3.24,
                3.24
              ],
              "pivot": [
                0.0,
                2.86489,
                -3.28402
              ],
              "rotation": [
                157.5,
                0.0,
                0.0
              ],
              "uv": [
                18,
                30
              ],
              "inflate": 0
            },
            {
              "origin": [
                1.0,
                14.89593,
                -4.32385
              ],
              "size": [
                1.0,
                2.0,
                1.0
              ],
              "pivot": [
                1.5,
                15.89593,
                -3.82385
              ],
              "rotation": [
                -17.5,
                0.0,
                0.0
              ],
              "uv": [
                3,
                18
              ],
              "inflate": 0
            },
            {
              "origin": [
                -2.0,
                14.89593,
                -4.32385
              ],
              "size": [
                1.0,
                2.0,
                1.0
              ],
              "pivot": [
                -1.5,
                15.89593,
                -3.82385
              ],
              "rotation": [
                -17.5,
                0.0,
                0.0
              ],
              "uv": [
                0,
                16
              ],
              "inflate": 0
            },
            {
              "origin": [
                -3.5,
                18.0,
                -5.0
              ],
              "size": [
                3.0,
                3.0,
                1.0
              ],
              "uv": [
                0,
                4
              ],
              "inflate": 0
            },
            {
              "origin": [
                0.5,
                18.0,
                -5.0
              ],
              "size": [
                3.0,
                3.0,
                1.0
              ],
              "uv": [
                0,
                0
              ],
              "inflate": 0
            },
            {
              "origin": [
                0.35,
                19.95,
                -5.05
              ],
              "size": [
                3.3,
                2.1,
                1.1
              ],
              "pivot": [
                2.0,
                20.5,
                -4.5
              ],
              "rotation": [
                0.0,
                0.0,
                12.5
              ],
              "uv": [
                28,
                22
              ],
              "inflate": 0
            },
            {
              "origin": [
                -3.75822,
                19.93815,
                -5.05
              ],
              "size": [
                3.3,
                2.1,
                1.1
              ],
              "pivot": [
                -2.10822,
                20.98815,
                -4.5
              ],
              "rotation": [
                0.0,
                0.0,
                -12.5
              ],
              "uv": [
                13,
                16
              ],
              "inflate": 0
            }
          ]
        },
        {
          "name": "Wing",
          "pivot": [
            -3.5,
            20,
            -2
          ],
          "cubes": [
            {
              "origin": [
                -8.53017,
                15.3881,
                -2.0
              ],
              "size": [
                5.0,
                6.0,
                0.0
              ],
              "pivot": [
                -6.03017,
                18.3881,
                -2.0
              ],
              "rotation": [
                0.0,
                0.0,
                -32.5
              ],
              "uv": [
                30,
                30
              ],
              "inflate": 0
            }
          ],
          "parent": "Root"
        },
        {
          "name": "Wing2",
          "pivot": [
            3.5,
            20,
            -2
          ],
          "cubes": [
            {
              "origin": [
                3.53017,
                15.3881,
                -2.0
              ],
              "size": [
                5.0,
                6.0,
                0.0
              ],
              "pivot": [
                6.03017,
                18.3881,
                -2.0
              ],
              "rotation": [
                0.0,
                0.0,
                32.5
              ],
              "uv": [
                30,
                30
              ],
              "inflate": 0,
              "mirror": true
            }
          ],
          "parent": "Root"
        }
      ]
    }
  ]
}