{
  "format_version": "1.12.0",
  "minecraft:geometry": [
    {
      "description": {
        "identifier": "geometry.yg_six",
        "texture_width": 64,
        "texture_height": 64,
        "visible_bounds_width": 3,
        "visible_bounds_height": 2.5,
        "visible_bounds_offset": [
          0,
          0.75,
          0
        ]
      },
      "bones": [
        {
          "name": "Root",
          "pivot": [
            2,
            -1,
            0
          ],
          "cubes": [
            {
              "origin": [
                -5.0,
                0.0,
                -2.5
              ],
              "size": [
                7.0,
                5.0,
                5.0
              ],
              "pivot": [
                -1.5,
                2.5,
                0.0
              ],
              "rotation": [
                0.0,
                0.0,
                15.0
              ],
              "uv": [
                0,
                10
              ],
              "inflate": 0
            },
            {
              "origin": [
                -6.97353,
                1.38419,
                -2.0
              ],
              "size": [
                4.0,
                9.0,
                4.0
              ],
              "pivot": [
                -4.97353,
                5.88419,
                0.0
              ],
              "rotation": [
                0.0,
                0.0,
                -17.5
              ],
              "uv": [
                16,
                20
              ],
              "inflate": 0
            },
            {
              "origin": [
                -4.38994,
                5.08967,
                -4.0
              ],
              "size": [
                3.0,
                5.0,
                4.0
              ],
              "pivot": [
                -2.88994,
                7.58967,
                -2.0
              ],
              "rotation": [
                0.0,
                30.0,
                -17.5
              ],
              "uv": [
                28,
                15
              ],
              "inflate": 0
            },
            {
              "origin": [
                -4.38994,
                5.08967,
                0.0
              ],
              "size": [
                3.0,
                5.0,
                4.0
              ],
              "pivot": [
                -2.88994,
                7.58967,
                2.0
              ],
              "rotation": [
                0.0,
                -30.0,
                -17.5
              ],
              "uv": [
                22,
                6
              ],
              "inflate": 0
            },
            {
              "origin": [
                -6.66431,
                8.4666,
                -2.0
              ],
              "size": [
                4.0,
                9.0,
                4.0
              ],
              "pivot": [
                -4.66431,
                12.9666,
                0.0
              ],
              "rotation": [
                0.0,
                0.0,
                22.5
              ],
              "uv": [
                0,
                20
              ],
              "inflate": 0
            },
            {
              "origin": [
                -2.48803,
                14.17695,
                -1.5
              ],
              "size": [
                3.0,
                7.0,
                3.0
              ],
              "pivot": [
                -0.98803,
                17.67695,
                0.0
              ],
              "rotation": [
                0.0,
                0.0,
                70.0
              ],
              "uv": [
                29,
                30
              ],
              "inflate": 0
            },
            {
              "origin": [
                2.79572,
                15.28987,
                -1.0
              ],
              "size": [
                2.0,
                5.0,
                2.0
              ],
              "pivot": [
                3.79572,
                17.78987,
                0.0
              ],
              "rotation": [
                0.0,
                0.0,
                102.5
              ],
              "uv": [
                0,
                33
              ],
              "inflate": 0
            },
            {
              "origin": [
                3.1638,
                13.58528,
                -1.5
              ],
              "size": [
                3.0,
                3.0,
                3.0
              ],
              "pivot": [
                4.6638,
                15.08528,
                0.0
              ],
              "rotation": [
                0.0,
                0.0,
                102.5
              ],
              "uv": [
                26,
                0
              ],
              "inflate": 0
            },
            {
              "origin": [
                -2.31168,
                1.5303,
                -2.7
              ],
              "size": [
                8.64,
                5.4,
                5.4
              ],
              "pivot": [
                2.00832,
                4.2303,
                0.0
              ],
              "rotation": [
                0.0,
                0.0,
                -47.5
              ],
              "uv": [
                0,
                0
              ],
              "inflate": 0
            }
          ]
        }
      ]
    }
  ]
}