{
  "format_version": "1.12.0",
  "minecraft:geometry": [
    {
      "description": {
        "identifier": "geometry.yg_seven",
        "texture_width": 64,
        "texture_height": 64,
        "visible_bounds_width": 3,
        "visible_bounds_height": 2.5,
        "visible_bounds_offset": [
          0,
          0.75,
          0
        ]
      },
      "bones": [
        {
          "name": "Root",
          "cubes": [
            {
              "origin": [
                -2.0,
                0.0,
                -2.0
              ],
              "size": [
                4.0,
                7.0,
                4.0
              ],
              "uv": [
                0,
                16
              ],
              "inflate": 0
            },
            {
              "origin": [
                -0.28833,
                6.12089,
                -2.0
              ],
              "size": [
                4.0,
                12.0,
                4.0
              ],
              "pivot": [
                1.71167,
                12.12089,
                0.0
              ],
              "rotation": [
                0.0,
                0.0,
                17.5
              ],
              "uv": [
                0,
                0
              ],
              "inflate": 0
            },
            {
              "origin": [
                -1.17425,
                15.48136,
                -2.0
              ],
              "size": [
                6.0,
                4.0,
                4.0
              ],
              "pivot": [
                1.82575,
                17.48136,
                0.0
              ],
              "rotation": [
                0.0,
                0.0,
                37.5
              ],
              "uv": [
                12,
                12
              ],
              "inflate": 0
            },
            {
              "origin": [
                -4.24716,
                16.7872,
                -2.0
              ],
              "size": [
                5.0,
                4.0,
                4.0
              ],
              "pivot": [
                -1.74716,
                18.7872,
                0.0
              ],
              "rotation": [
                0.0,
                0.0,
                -2.5
              ],
              "uv": [
                16,
                20
              ],
              "inflate": 0
            },
            {
              "origin": [
                -9.03988,
                16.02256,
                -2.16
              ],
              "size": [
                5.4,
                4.32,
                4.32
              ],
              "pivot": [
                -6.33988,
                18.18256,
                0.0
              ],
              "rotation": [
                0.0,
                0.0,
                -12.5
              ],
              "uv": [
                16,
                0
              ],
              "inflate": 0
            },
            {
              "origin": [
                -6.0,
                19.0,
                -3.0
              ],
              "size": [
                4.0,
                3.0,
                2.0
              ],
              "pivot": [
                -4.0,
                20.5,
                -2.0
              ],
              "rotation": [
                0.0,
                0.0,
                20.0
              ],
              "uv": [
                28,
                28
              ],
              "inflate": 0
            },
            {
              "origin": [
                -1.0,
                19.0,
                -3.0
              ],
              "size": [
                4.0,
                3.0,
                2.0
              ],
              "pivot": [
                1.0,
                20.5,
                -2.0
              ],
              "rotation": [
                0.0,
                0.0,
                -20.0
              ],
              "uv": [
                16,
                28
              ],
              "inflate": 0
            }
          ]
        },
        {
          "name": "Jaw",
          "pivot": [
            1.25,
            16,
            0
          ],
          "cubes": [
            {
              "origin": [
                -4.0,
                16.0,
                -1.5
              ],
              "size": [
                5.0,
                2.0,
                3.0
              ],
              "uv": [
                0,
                27
              ],
              "inflate": 0
            },
            {
              "origin": [
                -8.32,
                15.84,
                -1.74
              ],
              "size": [
                4.64,
                2.32,
                3.48
              ],
              "uv": [
                28,
                8
              ],
              "inflate": 0
            }
          ],
          "parent": "Root"
        }
      ]
    }
  ]
}