{
  "format_version": "1.12.0",
  "minecraft:geometry": [
    {
      "description": {
        "identifier": "geometry.yg_three",
        "texture_width": 64,
        "texture_height": 64,
        "visible_bounds_width": 3,
        "visible_bounds_height": 3.5,
        "visible_bounds_offset": [
          0,
          1.25,
          0
        ]
      },
      "bones": [
        {
          "name": "Root",
          "cubes": [
            {
              "origin": [
                -6.0,
                0.0,
                -2.5
              ],
              "size": [
                12.0,
                5.0,
                5.0
              ],
              "uv": [
                0,
                0
              ],
              "inflate": 0
            },
            {
              "origin": [
                -5.0,
                5.0,
                -1.5
              ],
              "size": [
                2.0,
                2.0,
                3.0
              ],
              "uv": [
                15,
                20
              ],
              "inflate": 0
            },
            {
              "origin": [
                3.18358,
                1.40081,
                -2.5
              ],
              "size": [
                6.0,
                5.0,
                5.0
              ],
              "pivot": [
                6.18358,
                3.90081,
                0.0
              ],
              "rotation": [
                0.0,
                0.0,
                -47.5
              ],
              "uv": [
                22,
                35
              ],
              "inflate": 0
            },
            {
              "origin": [
                3.15273,
                10.10724,
                -2.5
              ],
              "size": [
                6.0,
                5.0,
                5.0
              ],
              "pivot": [
                6.15273,
                12.60724,
                0.0
              ],
              "rotation": [
                0.0,
                0.0,
                42.5
              ],
              "uv": [
                0,
                35
              ],
              "inflate": 0
            },
            {
              "origin": [
                -4.85244,
                10.56012,
                -2.5
              ],
              "size": [
                11.0,
                5.0,
                5.0
              ],
              "pivot": [
                0.64756,
                13.06012,
                0.0
              ],
              "rotation": [
                0.0,
                0.0,
                -10.0
              ],
              "uv": [
                0,
                10
              ],
              "inflate": 0
            },
            {
              "origin": [
                0.17812,
                13.31317,
                -4.66
              ],
              "size": [
                4.64,
                3.48,
                2.32
              ],
              "uv": [
                35,
                18
              ],
              "inflate": 0
            },
            {
              "origin": [
                -3.50188,
                13.55317,
                -4.5
              ],
              "size": [
                4.0,
                3.0,
                2.0
              ],
              "uv": [
                29,
                0
              ],
              "inflate": 0
            },
            {
              "origin": [
                -3.50188,
                9.55317,
                -1.5
              ],
              "size": [
                2.0,
                2.0,
                2.0
              ],
              "pivot": [
                6.49812,
                11.55317,
                0.5
              ],
              "rotation": [
                0.0,
                0.0,
                -10.0
              ],
              "uv": [
                40,
                23
              ],
              "inflate": 0
            },
            {
              "origin": [
                0.49812,
                9.55317,
                -1.5
              ],
              "size": [
                2.0,
                2.0,
                2.0
              ],
              "pivot": [
                6.49812,
                11.55317,
                0.5
              ],
              "rotation": [
                0.0,
                0.0,
                -10.0
              ],
              "uv": [
                17,
                35
              ],
              "inflate": 0
            },
            {
              "origin": [
                -2.57396,
                11.79033,
                -2.5
              ],
              "size": [
                5.0,
                10.0,
                5.0
              ],
              "pivot": [
                -0.07396,
                16.79033,
                0.0
              ],
              "rotation": [
                0.0,
                0.0,
                40.0
              ],
              "uv": [
                20,
                20
              ],
              "inflate": 0
            },
            {
              "origin": [
                -6.16132,
                14.5118,
                -2.5
              ],
              "size": [
                5.0,
                10.0,
                5.0
              ],
              "pivot": [
                -3.66132,
                19.5118,
                0.0
              ],
              "rotation": [
                0.0,
                0.0,
                87.5
              ],
              "uv": [
                0,
                20
              ],
              "inflate": 0
            },
            {
              "origin": [
                -12.5417,
                17.50037,
                -2.5
              ],
              "size": [
                5.0,
                5.0,
                5.0
              ],
              "pivot": [
                -10.0417,
                20.00037,
                0.0
              ],
              "rotation": [
                0.0,
                0.0,
                110.0
              ],
              "uv": [
                39,
                30
              ],
              "inflate": 0
            },
            {
              "origin": [
                5.05354,
                4.42366,
                -2.5
              ],
              "size": [
                5.0,
                8.0,
                5.0
              ],
              "uv": [
                32,
                5
              ],
              "inflate": 0
            }
          ]
        }
      ]
    }
  ]
}