{
  "format_version": "1.12.0",
  "minecraft:geometry": [
    {
      "description": {
        "identifier": "geometry.yg_two",
        "texture_width": 64,
        "texture_height": 64,
        "visible_bounds_width": 3,
        "visible_bounds_height": 2.5,
        "visible_bounds_offset": [
          0,
          0.75,
          0
        ]
      },
      "bones": [
        {
          "name": "Root",
          "cubes": [
            {
              "origin": [
                -7.0,
                0.0,
                -2.0
              ],
              "size": [
                13.0,
                4.0,
                5.0
              ],
              "uv": [
                0,
                0
              ],
              "inflate": 0
            },
            {
              "origin": [
                4.86836,
                1.58909,
                -1.5
              ],
              "size": [
                3.0,
                3.0,
                4.0
              ],
              "pivot": [
                6.36836,
                3.08909,
                0.5
              ],
              "rotation": [
                0.0,
                0.0,
                -35.0
              ],
              "uv": [
                16,
                35
              ],
              "inflate": 0
            },
            {
              "origin": [
                -3.29676,
                -0.05839,
                -2.0
              ],
              "size": [
                5.0,
                12.0,
                5.0
              ],
              "pivot": [
                -0.79676,
                5.94161,
                0.5
              ],
              "rotation": [
                0.0,
                0.0,
                50.0
              ],
              "uv": [
                0,
                9
              ],
              "inflate": 0
            },
            {
              "origin": [
                -3.28048,
                8.26556,
                -1.0
              ],
              "size": [
                2.0,
                2.0,
                3.0
              ],
              "pivot": [
                -2.28048,
                9.26556,
                0.5
              ],
              "rotation": [
                0.0,
                0.0,
                50.0
              ],
              "uv": [
                0,
                39
              ],
              "inflate": 0
            },
            {
              "origin": [
                0.52499,
                8.96543,
                -2.0
              ],
              "size": [
                5.0,
                6.0,
                5.0
              ],
              "pivot": [
                0.52499,
                8.96543,
                0.0
              ],
              "rotation": [
                0.0,
                0.0,
                12.5
              ],
              "uv": [
                30,
                28
              ],
              "inflate": 0
            },
            {
              "origin": [
                -0.06434,
                10.76238,
                -2.0
              ],
              "size": [
                5.0,
                7.0,
                5.0
              ],
              "pivot": [
                2.43566,
                14.26238,
                0.5
              ],
              "rotation": [
                0.0,
                0.0,
                -47.5
              ],
              "uv": [
                15,
                21
              ],
              "inflate": 0
            },
            {
              "origin": [
                2.32716,
                11.05462,
                -3.0
              ],
              "size": [
                4.0,
                3.0,
                2.0
              ],
              "pivot": [
                3.82716,
                13.05462,
                -2.0
              ],
              "rotation": [
                0.0,
                0.0,
                -12.5
              ],
              "uv": [
                31,
                0
              ],
              "inflate": 0
            },
            {
              "origin": [
                2.32716,
                11.05462,
                2.0
              ],
              "size": [
                4.0,
                3.0,
                2.0
              ],
              "pivot": [
                3.82716,
                13.05462,
                3.0
              ],
              "rotation": [
                0.0,
                0.0,
                -12.5
              ],
              "uv": [
                30,
                21
              ],
              "inflate": 0
            },
            {
              "origin": [
                -4.25648,
                13.3831,
                -2.0
              ],
              "size": [
                5.0,
                6.0,
                5.0
              ],
              "pivot": [
                -1.75648,
                16.3831,
                0.5
              ],
              "rotation": [
                0.0,
                0.0,
                -82.5
              ],
              "uv": [
                0,
                28
              ],
              "inflate": 0
            },
            {
              "origin": [
                -8.33759,
                11.6979,
                -2.0
              ],
              "size": [
                5.0,
                7.0,
                5.0
              ],
              "pivot": [
                -5.83759,
                15.1979,
                0.5
              ],
              "rotation": [
                0.0,
                0.0,
                -125.0
              ],
              "uv": [
                20,
                9
              ],
              "inflate": 0
            },
            {
              "origin": [
                -5.23965,
                11.04408,
                -1.0
              ],
              "size": [
                2.0,
                2.0,
                3.0
              ],
              "pivot": [
                -4.23965,
                12.04408,
                0.5
              ],
              "rotation": [
                0.0,
                0.0,
                -125.0
              ],
              "uv": [
                15,
                9
              ],
              "inflate": 0
            },
            {
              "origin": [
                -12.01307,
                12.78146,
                -1.5
              ],
              "size": [
                6.0,
                2.0,
                4.0
              ],
              "pivot": [
                -9.01307,
                13.78146,
                0.5
              ],
              "rotation": [
                0.0,
                0.0,
                -105.0
              ],
              "uv": [
                35,
                5
              ],
              "inflate": 0
            }
          ]
        }
      ]
    }
  ]
}