{"format_version":"1.12.0","minecraft:geometry":[{"description":{"identifier":"geometry.yg_ten","texture_width":64,"texture_height":64,"visible_bounds_width":3,"visible_bounds_height":2.5,"visible_bounds_offset":[0,0.75,0]},"bones":[{"name":"Root","pivot":[-4,3,0],"cubes":[{"origin":[-6,3,-2],"size":[4,12,4],"uv":[0,21]},{"origin":[-8.36,-0.24,-2.24],"size":[6.72,3.48,4.48],"uv":[16,21]},{"origin":[-8.86808,11.79541,-1.5],"size":[6,4,3],"pivot":[-5.86808,13.79541,0],"rotation":[0,0,-12.5],"uv":[16,28]},{"origin":[-2,0,-2.5],"size":[10,16,5],"uv":[0,0]},{"origin":[4.96,9.97,-3.52],"size":[4.08,3.06,2.04],"uv":[30,5]},{"origin":[1,9,-3.5],"size":[4,3,2],"uv":[25,0]}]}]}]}