{
  "format_version": "1.12.0",
  "minecraft:geometry": [
    {
      "description": {
        "identifier": "geometry.yg_zero",
        "texture_width": 64,
        "texture_height": 64,
        "visible_bounds_width": 3,
        "visible_bounds_height": 3.5,
        "visible_bounds_offset": [
          0,
          1.25,
          0
        ]
      },
      "bones": [
        {
          "name": "Root",
          "cubes": [
            {
              "origin": [
                -5.0,
                0.0,
                -2.0
              ],
              "size": [
                9.0,
                4.0,
                4.0
              ],
              "uv": [
                0,
                8
              ],
              "inflate": 0
            },
            {
              "origin": [
                -5.0,
                16.19253,
                -2.0
              ],
              "size": [
                9.0,
                4.0,
                4.0
              ],
              "uv": [
                0,
                0
              ],
              "inflate": 0
            },
            {
              "origin": [
                -8.85673,
                4.59627,
                -2.0
              ],
              "size": [
                5.0,
                11.0,
                4.0
              ],
              "uv": [
                18,
                16
              ],
              "inflate": 0
            },
            {
              "origin": [
                2.85673,
                4.59627,
                -2.0
              ],
              "size": [
                5.0,
                11.0,
                4.0
              ],
              "uv": [
                0,
                16
              ],
              "inflate": 0
            },
            {
              "origin": [
                2.21394,
                3.83022,
                -2.0
              ],
              "size": [
                6.0,
                4.0,
                4.0
              ],
              "pivot": [
                7.21394,
                3.83022,
                0.0
              ],
              "rotation": [
                0.0,
                0.0,
                -50.0
              ],
              "uv": [
                32,
                12
              ],
              "inflate": 0
            },
            {
              "origin": [
                1.39627,
                14.60882,
                -2.0
              ],
              "size": [
                6.0,
                4.0,
                4.0
              ],
              "pivot": [
                4.39627,
                16.60882,
                0.0
              ],
              "rotation": [
                0.0,
                0.0,
                50.0
              ],
              "uv": [
                0,
                31
              ],
              "inflate": 0
            },
            {
              "origin": [
                -8.39627,
                14.60882,
                -2.0
              ],
              "size": [
                6.0,
                4.0,
                4.0
              ],
              "pivot": [
                -5.39627,
                16.60882,
                0.0
              ],
              "rotation": [
                0.0,
                0.0,
                -50.0
              ],
              "uv": [
                22,
                4
              ],
              "inflate": 0
            },
            {
              "origin": [
                -8.39627,
                1.58371,
                -2.0
              ],
              "size": [
                6.0,
                4.0,
                4.0
              ],
              "pivot": [
                -5.39627,
                3.58371,
                0.0
              ],
              "rotation": [
                0.0,
                0.0,
                50.0
              ],
              "uv": [
                20,
                31
              ],
              "inflate": 0
            },
            {
              "origin": [
                -2.5,
                17.19253,
                -3.0
              ],
              "size": [
                4.0,
                4.0,
                3.0
              ],
              "uv": [
                36,
                20
              ],
              "inflate": 0
            }
          ]
        }
      ]
    }
  ]
}