{
  "resource_pack_name": "vanilla",
  "texture_name": "atlas.items",
  "texture_data": {
    "yg:rush": {
      "textures": "textures/items/yg_rush"
    },
    "yg:snare": {
      "textures": "textures/items/yg_snare"
    },
    "yg:jack": {
      "textures": "textures/items/yg_jack"
    },
    "yg:screech": {
      "textures": "textures/items/yg_screech"
    },
    "yg:ambush": {
      "textures": "textures/items/yg_ambush"
    },
    "yg:figure": {
      "textures": "textures/items/yg_figure"
    },
    "yg:seek_spawn": {
      "textures": "textures/items/yg_seek"
    },
    "yg:seek": {
      "textures": "textures/items/yg_seek"
    },
    "yg:glitch": {
      "textures": "textures/items/yg_glitch"
    },
    "yg:shadow": {
      "textures": "textures/items/yg_shadow"
    },
    "yg:window": {
      "textures": "textures/items/yg_window"
    },
    "yg:el_goblino": {
      "textures": "textures/items/yg_el_goblino"
    },
    "yg:timothy": {
      "textures": "textures/items/yg_timothy"
    },
    "yg:halt": {
      "textures": "textures/items/yg_halt"
    },
    "yg:jeff": {
      "textures": "textures/items/yg_jeff"
    },
    "yg:watcher": {
      "textures": "textures/items/yg_watcher"
    },
    "yg:bob": {
      "textures": "textures/items/yg_bob"
    },
    "yg:eyes": {
      "textures": "textures/items/yg_eyes"
    },
    "yg:silence": {
      "textures": "textures/items/yg_silence"
    },
    "yg:surge": {
      "textures": "textures/items/yg_surge"
    },
    "yg:greed": {
      "textures": "textures/items/yg_greed"
    },
    "yg:depth": {
      "textures": "textures/items/yg_depth"
    },
    "yg:jeff_the_killer": {
      "textures": "textures/items/yg_jeff_the_killer"
    },
    "yg:barrage": {
      "textures": "textures/items/yg_barrage"
    },
    "yg:shriek": {
      "textures": "textures/items/yg_shriek"
    },
    "yg:a90": {
      "textures": "textures/items/yg_a90"
    },
    "yg:a60": {
      "textures": "textures/items/yg_a60"
    },
    "yg:a20": {
      "textures": "textures/items/yg_a20"
    },
    "yg:seek_in_car": {
      "textures": "textures/items/yg_seek"
    },
    "yg:noob_figure": {
      "textures": "textures/items/yg_noob_figure"
    },
    "yg:dupe": {
      "textures": "textures/items/yg_dupe"
    },
    "yg:seek_hand": {
      "textures": "textures/items/yg_seek_hand"
    },
    "yg:banana_peel": {
      "textures": "textures/items/yg_banana_peel"
    },
    "yg:door": {
      "textures": "textures/items/yg_door"
    }
  }
}