{
  "format_version": "1.12",
  "minecraft:recipe_shaped": {
    "description": {
      "identifier": "drone_track_7083c2f5"
    },
    "tags": [
      "crafting_table"
    ],
    "pattern": [
      "  A",
      " B ",
      "C  "
    ],
    "key": {
      "A": {
        "item": "minecraft:comparator",
        "data": 0
      },
      "B": {
        "item": "minecraft:redstone_torch",
        "data": 0
      },
      "C": {
        "item": "minecraft:stone",
        "data": 6
      }
    },
    "result": {
      "item": "mr:drone_track",
      "count": 32
    }
  }
}