{
  "format_version": "1.8.0",
  "animations": {
    "animation.alfa.idle": {
      "loop": true,
      "animation_length": 3.75,
      "bones": {
        "bone63": {
          "rotation": {
            "0.0": [
              0,
              30,
              0
            ],
            "0.5": [
              0,
              -35,
              0
            ],
            "1.0": [
              0,
              32.5,
              0
            ],
            "1.5": [
              0,
              32.5,
              0
            ],
            "2.0": [
              0,
              -27.5,
              0
            ],
            "2.5": [
              0,
              32.5,
              0
            ],
            "3.0": [
              0,
              37.5,
              0
            ]
          }
        },
        "bone43": {
          "rotation": {
            "0.0": [
              0,
              37.5,
              0
            ],
            "1.3333": [
              0,
              -47.5,
              0
            ],
            "2.3333": [
              0,
              12.5,
              0
            ],
            "2.875": [
              0,
              -17.5,
              0
            ],
            "3.625": [
              0,
              37.5,
              0
            ]
          }
        },
        "bone51": {
          "rotation": {
            "0.0": [
              65,
              -60,
              0
            ],
            "0.2917": [
              0,
              -60,
              0
            ],
            "0.8333": [
              0,
              25,
              0
            ],
            "1.8333": [
              0,
              -52.5,
              0
            ],
            "2.4167": [
              0,
              32.5,
              0
            ],
            "3.0417": [
              -37.5,
              -12.5,
              0
            ],
            "3.25": [
              0,
              -27.5,
              0
            ],
            "3.75": [
              30,
              -42.5,
              0
            ]
          }
        },
        "bone55": {
          "rotation": {
            "0.0": [
              0,
              -32.5,
              0
            ],
            "0.8333": [
              0,
              22.5,
              0
            ],
            "1.7917": [
              0,
              -22.5,
              0
            ],
            "2.7917": [
              0,
              15,
              0
            ],
            "3.75": [
              0,
              -25,
              0
            ]
          }
        },
        "bone56": {
          "rotation": {
            "0.0": [
              -47.5,
              0,
              0
            ],
            "3.0417": [
              12.5,
              0,
              0
            ],
            "3.75": [
              -47.5,
              0,
              0
            ]
          }
        },
        "bone47": {
          "rotation": {
            "0.0": [
              0,
              -55,
              0
            ],
            "1.0": [
              0,
              27.5,
              0
            ],
            "2.0": [
              0,
              -35,
              0
            ],
            "3.0": [
              0,
              22.5,
              0
            ],
            "3.75": [
              0,
              -42.5,
              0
            ]
          }
        },
        "bone48": {
          "rotation": {
            "0.0": [
              -55,
              0,
              0
            ],
            "3.0": [
              30,
              0,
              0
            ],
            "3.75": [
              -42.5,
              0,
              0
            ]
          }
        },
        "bone59": {
          "rotation": {
            "0.0417": [
              0,
              32.5,
              0
            ],
            "1.0": [
              0,
              -47.5,
              0
            ],
            "2.0": [
              0,
              15,
              0
            ],
            "2.5": [
              0,
              -25,
              0
            ],
            "3.0": [
              0,
              37.5,
              0
            ]
          }
        },
        "bone60": {
          "rotation": {
            "0.0": [
              50,
              0,
              0
            ],
            "1.2917": [
              -17.5,
              0,
              0
            ],
            "2.2083": [
              5,
              0,
              0
            ],
            "3.3333": [
              -17.5,
              0,
              0
            ],
            "3.75": [
              35,
              0,
              0
            ]
          }
        },
        "bone67": {
          "rotation": {
            "0.0": [
              0,
              -27.5,
              0
            ],
            "0.375": [
              0,
              -5,
              0
            ],
            "0.8333": [
              0,
              15,
              0
            ],
            "1.4167": [
              0,
              -20,
              0
            ],
            "2.2917": [
              0,
              20,
              0
            ],
            "3.2083": [
              0,
              -7.5,
              0
            ],
            "3.75": [
              0,
              -20,
              0
            ]
          }
        },
        "bone68": {
          "rotation": {
            "0.0": [
              -32.5,
              0,
              0
            ],
            "0.6667": [
              32.5,
              0,
              0
            ],
            "1.875": [
              -42.5,
              0,
              0
            ],
            "2.875": [
              22.5,
              0,
              0
            ],
            "3.75": [
              -30,
              0,
              0
            ]
          }
        },
        "bone64": {
          "rotation": {
            "0.0": [
              32.5,
              0,
              0
            ],
            "1.0": [
              -22.5,
              0,
              0
            ],
            "2.0": [
              15,
              0,
              0
            ],
            "3.0": [
              -20,
              0,
              0
            ],
            "3.75": [
              22.5,
              0,
              0
            ]
          }
        },
        "bone71": {
          "rotation": {
            "0.0": [
              0,
              -20,
              0
            ],
            "0.6667": [
              0,
              17.5,
              0
            ],
            "1.2083": [
              0,
              -12.5,
              0
            ],
            "1.75": [
              0,
              -20,
              0
            ],
            "2.4167": [
              0,
              22.5,
              0
            ],
            "3.3333": [
              0,
              -10,
              0
            ],
            "3.75": [
              0,
              -19.06,
              0
            ]
          }
        },
        "bone72": {
          "rotation": {
            "0.0": [
              32.5,
              0,
              0
            ],
            "1.0": [
              -30,
              0,
              0
            ],
            "2.25": [
              26.79,
              0,
              0
            ],
            "2.9167": [
              -34.92,
              0,
              0
            ],
            "3.75": [
              27.5,
              0,
              0
            ]
          }
        }
      }
    }
  }
}