{
  "format_version": "1.8.0",
  "animations": {
    "animation.hrm.idle": {
      "loop": true,
      "animation_length": 8,
      "bones": {
        "bone52": {
          "rotation": {
            "0.0": [
              0,
              -15,
              0
            ],
            "0.4167": [
              0,
              -20,
              0
            ],
            "2.4167": [
              0,
              20,
              0
            ],
            "4.4167": [
              0,
              -20,
              0
            ],
            "6.4167": [
              0,
              20,
              0
            ],
            "8.0": [
              0,
              -15,
              0
            ]
          }
        },
        "bone53": {
          "rotation": {
            "0.0": [
              5,
              0,
              0
            ],
            "1.3333": [
              -17.5,
              0,
              0
            ],
            "1.4167": [
              -20,
              0,
              0
            ],
            "1.5": [
              -17.5,
              0,
              0
            ],
            "3.3333": [
              17.5,
              0,
              0
            ],
            "3.4167": [
              20,
              0,
              0
            ],
            "3.5": [
              17.5,
              0,
              0
            ],
            "4.4167": [
              0,
              0,
              0
            ],
            "5.3333": [
              -18.33,
              0,
              0
            ],
            "5.4167": [
              -20,
              0,
              0
            ],
            "5.5": [
              -17.5,
              0,
              0
            ],
            "6.4167": [
              0,
              0,
              0
            ],
            "7.0833": [
              17.5,
              0,
              0
            ],
            "7.1667": [
              20,
              0,
              0
            ],
            "7.25": [
              17.5,
              0,
              0
            ],
            "8.0": [
              5,
              0,
              0
            ]
          }
        },
        "bone58": {
          "rotation": {
            "0.0": [
              0,
              -20,
              0
            ],
            "2.0": [
              0,
              20,
              0
            ],
            "4.0": [
              0,
              -20,
              0
            ],
            "6.0": [
              0,
              20,
              0
            ],
            "8.0": [
              0,
              -20,
              0
            ]
          }
        },
        "bone59": {
          "rotation": {
            "0.0": [
              0,
              0,
              0
            ],
            "0.9167": [
              -17.5,
              0,
              0
            ],
            "1.0": [
              -20,
              0,
              0
            ],
            "1.0833": [
              -17.5,
              0,
              0
            ],
            "2.0": [
              0,
              0,
              0
            ],
            "2.9167": [
              17.5,
              0,
              0
            ],
            "3.0": [
              20,
              0,
              0
            ],
            "3.0833": [
              17.5,
              0,
              0
            ],
            "4.0": [
              0,
              0,
              0
            ],
            "4.4167": [
              -17.5,
              0,
              0
            ],
            "4.5": [
              -20,
              0,
              0
            ],
            "4.5833": [
              -17.5,
              0,
              0
            ],
            "6.0": [
              0,
              0,
              0
            ],
            "6.9167": [
              18.33,
              0,
              0
            ],
            "7.0": [
              20,
              0,
              0
            ],
            "7.0833": [
              17.5,
              0,
              0
            ],
            "8.0": [
              0,
              0,
              0
            ]
          }
        },
        "bawah5": {
          "position": [
            0,
            0,
            0
          ]
        },
        "bone55": {
          "rotation": {
            "0.0": [
              0,
              -10,
              0
            ],
            "0.75": [
              0,
              -20,
              0
            ],
            "2.8333": [
              0,
              20,
              0
            ],
            "4.8333": [
              0,
              -20,
              0
            ],
            "6.8333": [
              0,
              20,
              0
            ],
            "8.0": [
              0,
              -10,
              0
            ]
          }
        },
        "bone56": {
          "rotation": {
            "0.0": [
              10,
              0,
              0
            ],
            "1.75": [
              -17.5,
              0,
              0
            ],
            "1.8333": [
              -20,
              0,
              0
            ],
            "1.9167": [
              -17.5,
              0,
              0
            ],
            "3.75": [
              17.5,
              0,
              0
            ],
            "3.8333": [
              17.5,
              0,
              0
            ],
            "3.9167": [
              17.5,
              0,
              0
            ],
            "4.8333": [
              0,
              0,
              0
            ],
            "5.75": [
              -17.5,
              0,
              0
            ],
            "5.8333": [
              -20,
              0,
              0
            ],
            "5.9167": [
              -17.5,
              0,
              0
            ],
            "7.5833": [
              17.5,
              0,
              0
            ],
            "7.6667": [
              20,
              0,
              0
            ],
            "7.75": [
              17.5,
              0,
              0
            ],
            "8.0": [
              10,
              0,
              0
            ]
          }
        },
        "bone46": {
          "rotation": {
            "0.0": [
              0,
              0,
              0
            ],
            "1.6667": [
              0,
              -20,
              0
            ],
            "3.6667": [
              0,
              20,
              0
            ],
            "5.6667": [
              0,
              -20,
              0
            ],
            "7.5833": [
              0,
              20,
              0
            ],
            "8.0": [
              0,
              0,
              0
            ]
          }
        },
        "bone45": {
          "rotation": {
            "0.0": [
              15,
              0,
              0
            ],
            "2.5833": [
              -16.41,
              0,
              0
            ],
            "2.6667": [
              -17.5,
              0,
              0
            ],
            "2.75": [
              -15,
              0,
              0
            ],
            "3.6667": [
              0,
              0,
              0
            ],
            "4.6667": [
              15.96,
              0,
              0
            ],
            "4.75": [
              20,
              0,
              0
            ],
            "4.8333": [
              17.5,
              0,
              0
            ],
            "5.6667": [
              0,
              0,
              0
            ],
            "6.5": [
              -17.5,
              0,
              0
            ],
            "6.5833": [
              -20,
              0,
              0
            ],
            "6.6667": [
              -17.5,
              0,
              0
            ],
            "7.5833": [
              0,
              0,
              0
            ],
            "7.9167": [
              12.5,
              0,
              0
            ],
            "8.0": [
              15,
              0,
              0
            ]
          }
        },
        "bone49": {
          "rotation": {
            "0.0": [
              0,
              -5,
              0
            ],
            "1.25": [
              0,
              -20,
              0
            ],
            "3.25": [
              2.5,
              20,
              0
            ],
            "5.25": [
              0,
              -20,
              0
            ],
            "7.1667": [
              0,
              20,
              0
            ],
            "8.0": [
              0,
              -5,
              0
            ]
          }
        },
        "bone50": {
          "rotation": {
            "0.0": [
              12.5,
              0,
              0
            ],
            "2.0833": [
              -16.25,
              0,
              0
            ],
            "2.1667": [
              -20,
              0,
              0
            ],
            "2.25": [
              -17.5,
              0,
              0
            ],
            "2.9167": [
              -7.32126,
              -2.06494,
              -8.86388
            ],
            "3.25": [
              -2.5,
              0,
              0
            ],
            "4.3333": [
              15.89,
              0,
              0
            ],
            "4.4167": [
              20,
              0,
              0
            ],
            "4.5": [
              17.5,
              0,
              0
            ],
            "5.25": [
              0,
              0,
              0
            ],
            "6.1667": [
              -17.5,
              0,
              0
            ],
            "6.25": [
              -20,
              0,
              0
            ],
            "6.3333": [
              -15,
              0,
              0
            ],
            "7.1667": [
              0,
              0,
              0
            ],
            "7.75": [
              17.5,
              0,
              0
            ],
            "7.8333": [
              20,
              0,
              0
            ],
            "7.9167": [
              17.5,
              0,
              0
            ],
            "8.0": [
              12.5,
              0,
              0
            ]
          }
        },
        "bone61": {
          "rotation": {
            "0.0": [
              0,
              5,
              0
            ],
            "2.0833": [
              0,
              -22.5,
              0
            ],
            "4.0833": [
              0,
              17.5,
              0
            ],
            "6.0833": [
              0,
              -20,
              0
            ],
            "7.6667": [
              0,
              20,
              0
            ],
            "8.0": [
              0,
              5,
              0
            ]
          }
        },
        "bone62": {
          "rotation": {
            "0.0": [
              17.5,
              0,
              0
            ],
            "3.1667": [
              -16.54,
              0,
              0
            ],
            "3.25": [
              -17.5,
              0,
              0
            ],
            "3.3333": [
              -17.5,
              0,
              0
            ],
            "4.0833": [
              0,
              0,
              0
            ],
            "5.0833": [
              18.46,
              0,
              0
            ],
            "5.1667": [
              20,
              0,
              0
            ],
            "5.25": [
              17.5,
              0,
              0
            ],
            "6.0833": [
              0,
              0,
              0
            ],
            "6.75": [
              -17.5,
              0,
              0
            ],
            "6.8333": [
              -20,
              0,
              0
            ],
            "6.9167": [
              -17.5,
              0,
              0
            ],
            "7.5833": [
              0,
              0,
              0
            ],
            "8.0": [
              17.5,
              0,
              0
            ]
          }
        }
      }
    }
  }
}