{
  "format_version": "1.8.0",
  "animations": {
    "animation.iyan.idle": {
      "loop": true,
      "animation_length": 6.04167,
      "override_previous_animation": true,
      "start_delay": "0",
      "loop_delay": "0",
      "bones": {
        "bone186": {
          "rotation": {
            "0.0": [
              0,
              0,
              0
            ],
            "0.5": [
              0,
              52.5,
              0
            ],
            "1.0": [
              0,
              85,
              0
            ],
            "1.5": [
              0,
              42.5,
              0
            ],
            "2.0": [
              0,
              10,
              0
            ],
            "2.5": [
              0,
              35,
              0
            ],
            "3.0": [
              0,
              62.5,
              0
            ],
            "3.5": [
              0,
              47.5,
              0
            ],
            "4.0": [
              0,
              10,
              0
            ],
            "4.5": [
              0,
              42.5,
              0
            ],
            "5.0": [
              0,
              75,
              0
            ],
            "5.5": [
              0,
              57.5,
              0
            ],
            "6.0417": [
              0,
              17.5,
              0
            ]
          }
        },
        "bone187": {
          "rotation": {
            "0.0": [
              -2.5,
              0,
              0
            ],
            "0.5": [
              27.4,
              0,
              0
            ],
            "1.0": [
              47.69,
              0,
              0
            ],
            "2.0": [
              10.21,
              0,
              0
            ],
            "2.0833": [
              12.5,
              0,
              0
            ],
            "2.5": [
              28,
              0,
              0
            ],
            "3.0": [
              48,
              0,
              0
            ],
            "3.5": [
              28,
              0,
              0
            ],
            "4.0": [
              5.5,
              0,
              0
            ],
            "4.5": [
              35.5,
              0,
              0
            ],
            "5.0": [
              58,
              0,
              0
            ],
            "5.5": [
              33,
              0,
              0
            ],
            "6.0417": [
              0.5,
              0,
              0
            ]
          }
        },
        "bone188": {
          "rotation": {
            "0.0": [
              0,
              0,
              0
            ],
            "0.5": [
              0,
              -35,
              0
            ],
            "1.0": [
              0,
              -65,
              0
            ],
            "1.5": [
              0,
              -30,
              0
            ],
            "2.0": [
              0,
              -10,
              0
            ],
            "2.5": [
              0,
              -22.5,
              0
            ],
            "3.0": [
              0,
              -57.5,
              0
            ],
            "3.5": [
              0,
              -30,
              0
            ],
            "4.0": [
              0,
              -7.5,
              0
            ],
            "4.5": [
              0,
              -27.5,
              0
            ],
            "5.0": [
              0,
              -55,
              0
            ],
            "5.5417": [
              0,
              -30,
              0
            ],
            "6.0417": [
              0,
              -5,
              0
            ]
          }
        },
        "bone189": {
          "rotation": {
            "0.0": [
              0,
              0,
              0
            ],
            "1.0": [
              55,
              0,
              0
            ],
            "2.0": [
              7.5,
              0,
              0
            ],
            "3.0": [
              50,
              0,
              0
            ],
            "4.0": [
              5,
              0,
              0
            ],
            "5.0": [
              62.5,
              0,
              0
            ],
            "6.0417": [
              2.5,
              0,
              0
            ]
          }
        },
        "bone191": {
          "rotation": {
            "0.0": [
              0,
              0,
              0
            ],
            "0.75": [
              0,
              32.5,
              0
            ],
            "1.1667": [
              0,
              57.5,
              0
            ],
            "1.6667": [
              0,
              40,
              0
            ],
            "2.1667": [
              0,
              -7.5,
              0
            ],
            "2.6667": [
              0,
              2.5,
              0
            ],
            "3.1667": [
              0,
              50,
              0
            ],
            "3.6667": [
              0,
              35,
              0
            ],
            "4.1667": [
              0,
              12.5,
              0
            ],
            "4.6667": [
              0,
              20,
              0
            ],
            "5.1667": [
              0,
              47.5,
              0
            ],
            "5.6667": [
              0,
              25,
              0
            ],
            "6.0417": [
              0,
              17.5,
              0
            ]
          }
        },
        "bone190": {
          "rotation": {
            "0.0": [
              -47.5,
              0,
              0
            ],
            "0.75": [
              -20,
              0,
              0
            ],
            "1.0": [
              -57.5,
              0,
              0
            ],
            "1.25": [
              -50,
              0,
              0
            ],
            "1.7917": [
              -40,
              0,
              0
            ],
            "2.0": [
              -22.5,
              0,
              0
            ],
            "2.4583": [
              22.5,
              0,
              0
            ],
            "3.0": [
              12.5,
              0,
              0
            ],
            "3.5": [
              7.5,
              0,
              0
            ],
            "3.6667": [
              -27.5,
              0,
              0
            ],
            "3.9583": [
              -40,
              0,
              0
            ],
            "4.4583": [
              -20,
              0,
              0
            ],
            "5.0": [
              5,
              0,
              0
            ],
            "5.5": [
              -12.5,
              0,
              0
            ],
            "6.0417": [
              -37.5,
              0,
              0
            ]
          }
        },
        "bone194": {
          "rotation": {
            "0.0": [
              0,
              -7.5,
              0
            ],
            "0.5833": [
              0,
              -25,
              0
            ],
            "1.25": [
              0,
              -65,
              0
            ],
            "1.75": [
              0,
              -40,
              0
            ],
            "2.25": [
              0,
              -5,
              0
            ],
            "2.75": [
              0,
              -25,
              0
            ],
            "3.25": [
              0,
              -55,
              0
            ],
            "3.75": [
              0,
              -35,
              0
            ],
            "4.25": [
              0,
              -5,
              0
            ],
            "4.75": [
              0,
              -35,
              0
            ],
            "5.25": [
              0,
              -62.5,
              0
            ],
            "5.75": [
              0,
              -32.5,
              0
            ],
            "6.0417": [
              0,
              0,
              0
            ]
          }
        },
        "bone193": {
          "rotation": {
            "0.0": [
              -60,
              0,
              0
            ],
            "0.5": [
              -35,
              0,
              0
            ],
            "1.0": [
              -67.5,
              0,
              0
            ],
            "1.5": [
              -50,
              0,
              0
            ],
            "2.0": [
              -27.5,
              0,
              0
            ],
            "2.5": [
              -2.5,
              0,
              0
            ],
            "3.0": [
              5,
              0,
              0
            ],
            "3.5": [
              2.5,
              0,
              0
            ],
            "4.0": [
              -45,
              0,
              0
            ],
            "4.5": [
              -22.5,
              0,
              0
            ],
            "5.0": [
              0,
              0,
              0
            ],
            "5.5": [
              -37.5,
              0,
              0
            ]
          }
        },
        "bone197": {
          "rotation": {
            "0.0": [
              0,
              65,
              0
            ],
            "0.6667": [
              0,
              -52.5,
              0
            ],
            "1.1667": [
              0,
              -32.5,
              0
            ],
            "1.6667": [
              0,
              52.5,
              0
            ],
            "2.1667": [
              0,
              35,
              0
            ],
            "2.6667": [
              0,
              -32.5,
              0
            ],
            "3.1667": [
              0,
              27.5,
              0
            ],
            "3.6667": [
              0,
              57.5,
              0
            ],
            "4.1667": [
              0,
              25,
              0
            ],
            "4.6667": [
              0,
              -35,
              0
            ],
            "5.1667": [
              0,
              15,
              0
            ],
            "5.6667": [
              0,
              47.5,
              0
            ],
            "6.0417": [
              0,
              60,
              0
            ]
          }
        },
        "bone196": {
          "rotation": {
            "0.0": [
              42.5,
              0,
              0
            ],
            "0.5": [
              5,
              0,
              0
            ],
            "1.0": [
              35,
              0,
              0
            ],
            "1.5": [
              -2.5,
              0,
              0
            ],
            "2.0": [
              50,
              0,
              0
            ],
            "2.5417": [
              -5,
              0,
              0
            ],
            "3.0": [
              55,
              0,
              0
            ],
            "3.5": [
              2.5,
              0,
              0
            ],
            "4.0": [
              47.5,
              0,
              0
            ],
            "4.5": [
              0,
              0,
              0
            ],
            "5.0": [
              50,
              0,
              0
            ],
            "5.5": [
              52.5,
              0,
              0
            ],
            "6.0417": [
              50,
              0,
              0
            ]
          }
        },
        "bone200": {
          "rotation": {
            "0.0": [
              -2.1903,
              -80.5764,
              12.45188
            ],
            "0.1667": [
              0,
              0,
              0
            ],
            "0.6667": [
              0,
              47.5,
              0
            ],
            "1.1667": [
              0,
              5,
              0
            ],
            "1.6667": [
              0,
              -62.5,
              0
            ],
            "2.1667": [
              0,
              -27.5,
              0
            ],
            "2.6667": [
              0,
              42.5,
              0
            ],
            "3.1667": [
              0,
              -27.5,
              0
            ],
            "3.6667": [
              0,
              -82.5,
              0
            ],
            "4.1667": [
              0,
              -25,
              0
            ],
            "4.6667": [
              0,
              32.5,
              0
            ],
            "5.1667": [
              0,
              -27.5,
              0
            ],
            "5.6667": [
              0,
              -72.5,
              0
            ]
          }
        },
        "bone199": {
          "rotation": {
            "0.0": [
              32.5,
              0,
              0
            ],
            "0.5": [
              0,
              0,
              0
            ],
            "1.0": [
              40,
              0,
              0
            ],
            "1.5": [
              -12.5,
              0,
              0
            ],
            "1.5833": [
              -5.04003,
              -1.17445,
              8.88145
            ],
            "2.0": [
              47.5,
              0,
              0
            ],
            "2.5": [
              -12.5,
              0,
              0
            ],
            "3.0": [
              55,
              0,
              0
            ],
            "3.5": [
              2.5,
              0,
              0
            ],
            "4.0": [
              47.5,
              0,
              0
            ],
            "4.5": [
              0,
              0,
              0
            ],
            "5.0": [
              55,
              0,
              0
            ],
            "6.0417": [
              45,
              0,
              0
            ]
          }
        },
        "bone203": {
          "rotation": {
            "0.1667": [
              0,
              0,
              0
            ],
            "0.6667": [
              0,
              47.5,
              0
            ],
            "1.0": [
              0,
              82.5,
              0
            ],
            "1.1667": [
              0,
              70,
              0
            ],
            "1.6667": [
              0,
              40,
              0
            ],
            "2.1667": [
              0,
              20,
              0
            ],
            "2.6667": [
              0,
              40,
              0
            ],
            "3.1667": [
              0,
              67.5,
              0
            ],
            "3.6667": [
              0,
              37.5,
              0
            ],
            "4.1667": [
              0,
              20,
              0
            ],
            "4.6667": [
              0,
              37.5,
              0
            ],
            "5.1667": [
              0,
              55,
              0
            ],
            "5.6667": [
              0,
              37.5,
              0
            ],
            "6.0417": [
              0,
              15,
              0
            ]
          }
        },
        "bone202": {
          "rotation": {
            "0.0": [
              12.5,
              0,
              0
            ],
            "0.5": [
              -15,
              0,
              0
            ],
            "1.0": [
              -60,
              0,
              0
            ],
            "1.5": [
              -22.5,
              0,
              0
            ],
            "2.0": [
              2.5,
              0,
              0
            ],
            "2.5": [
              -5,
              0,
              0
            ],
            "3.0": [
              -25,
              0,
              0
            ],
            "3.5": [
              -45,
              0,
              0
            ],
            "4.0": [
              -10,
              0,
              0
            ],
            "4.5": [
              -15,
              0,
              0
            ],
            "5.0": [
              -57.5,
              0,
              0
            ],
            "5.5": [
              -15,
              0,
              0
            ],
            "6.0417": [
              2.5,
              0,
              0
            ]
          }
        },
        "bone206": {
          "rotation": {
            "0.0": [
              0,
              32.5,
              0
            ],
            "0.5": [
              0,
              -40,
              0
            ],
            "1.0": [
              0,
              -67.5,
              0
            ],
            "1.5": [
              0,
              -42.5,
              0
            ],
            "2.0": [
              0,
              25,
              0
            ],
            "2.5": [
              0,
              -35,
              0
            ],
            "3.0": [
              0,
              -60,
              0
            ],
            "3.5": [
              0,
              -40,
              0
            ],
            "4.0": [
              0,
              32.5,
              0
            ],
            "4.5": [
              0,
              -25,
              0
            ],
            "5.0": [
              0,
              -47.5,
              0
            ],
            "5.5": [
              0,
              -17.5,
              0
            ],
            "6.0417": [
              0,
              35,
              0
            ]
          }
        },
        "bone205": {
          "rotation": {
            "0.0": [
              7.5,
              0,
              0
            ],
            "0.5": [
              -15,
              0,
              0
            ],
            "1.0": [
              -55,
              0,
              0
            ],
            "1.5": [
              -20,
              0,
              0
            ],
            "2.0": [
              2.5,
              0,
              0
            ],
            "2.5": [
              -17.5,
              0,
              0
            ],
            "3.0": [
              -52.5,
              0,
              0
            ],
            "3.5417": [
              -15,
              0,
              0
            ],
            "4.0": [
              10,
              0,
              0
            ],
            "4.5": [
              -17.5,
              0,
              0
            ],
            "5.0": [
              -55,
              0,
              0
            ],
            "5.5": [
              -17.5,
              0,
              0
            ],
            "6.0417": [
              5,
              0,
              0
            ]
          }
        }
      }
    }
  }
}