{
  "format_version": "1.8.0",
  "animations": {
    "animation.miniatur.idle": {
      "loop": true,
      "animation_length": 8.1667,
      "bones": {
        "bone99": {
          "rotation": {
            "0.0": {
              "post": [
                -5,
                0,
                0
              ],
              "lerp_mode": "catmullrom"
            },
            "0.5833": {
              "post": [
                -22.5,
                0,
                0
              ],
              "lerp_mode": "catmullrom"
            },
            "2.5833": {
              "post": [
                20,
                0,
                0
              ],
              "lerp_mode": "catmullrom"
            },
            "4.6667": {
              "post": [
                -22.5,
                0,
                0
              ],
              "lerp_mode": "catmullrom"
            },
            "6.6667": {
              "post": [
                20,
                0,
                0
              ],
              "lerp_mode": "catmullrom"
            },
            "8.1667": {
              "post": [
                -5,
                0,
                0
              ],
              "lerp_mode": "catmullrom"
            }
          }
        },
        "bone104": {
          "rotation": {
            "0.0": {
              "post": [
                -32.5,
                0,
                0
              ],
              "lerp_mode": "catmullrom"
            },
            "0.5": {
              "post": [
                -12.5,
                0,
                0
              ],
              "lerp_mode": "catmullrom"
            },
            "2.3333": {
              "post": [
                25.41377,
                37.15855,
                16.0129
              ],
              "lerp_mode": "catmullrom"
            },
            "4.3333": {
              "post": [
                -20.07031,
                -4.69776,
                1.71394
              ],
              "lerp_mode": "catmullrom"
            },
            "6.3333": {
              "post": [
                20.88852,
                16.41371,
                6.15491
              ],
              "lerp_mode": "catmullrom"
            },
            "8.1667": {
              "post": [
                -32.5,
                0,
                0
              ],
              "lerp_mode": "catmullrom"
            }
          }
        },
        "bone107": {
          "rotation": {
            "0.0": {
              "post": [
                -5.88852,
                -16.41371,
                6.15491
              ],
              "lerp_mode": "catmullrom"
            },
            "2.0": {
              "post": [
                8.62047,
                20.78228,
                8.82008
              ],
              "lerp_mode": "catmullrom"
            },
            "4.0417": {
              "post": [
                -21.09854,
                -14.03552,
                5.34588
              ],
              "lerp_mode": "catmullrom"
            },
            "6.0833": {
              "post": [
                -25.31568,
                25.3141,
                11.11826
              ],
              "lerp_mode": "catmullrom"
            },
            "8.1667": {
              "post": [
                -5.88852,
                -16.41371,
                6.15491
              ],
              "lerp_mode": "catmullrom"
            }
          }
        },
        "bone110": {
          "rotation": {
            "0.0": {
              "post": [
                2.5,
                0,
                0
              ],
              "lerp_mode": "catmullrom"
            },
            "0.8333": {
              "post": [
                -26.39218,
                18.05776,
                -8.74472
              ],
              "lerp_mode": "catmullrom"
            },
            "2.8333": {
              "post": [
                25.56145,
                -27.51235,
                -12.45891
              ],
              "lerp_mode": "catmullrom"
            },
            "4.8333": {
              "post": [
                -30.21362,
                6.49053,
                -3.76613
              ],
              "lerp_mode": "catmullrom"
            },
            "7.4583": {
              "post": [
                24.64445,
                -34.89321,
                -14.70516
              ],
              "lerp_mode": "catmullrom"
            },
            "8.1667": {
              "post": [
                2.5,
                0,
                0
              ],
              "lerp_mode": "catmullrom"
            }
          }
        },
        "bone114": {
          "rotation": {
            "0.0": {
              "post": [
                12.14787,
                34.39275,
                6.93255
              ],
              "lerp_mode": "catmullrom"
            },
            "1.1667": {
              "post": [
                -24.56202,
                -22.9824,
                10.11783
              ],
              "lerp_mode": "catmullrom"
            },
            "3.1667": {
              "post": [
                18.84359,
                21.40584,
                7.09999
              ],
              "lerp_mode": "catmullrom"
            },
            "5.1667": {
              "post": [
                -25.03149,
                -25.25199,
                11.26653
              ],
              "lerp_mode": "catmullrom"
            },
            "7.1667": {
              "post": [
                -15,
                0,
                0
              ],
              "lerp_mode": "catmullrom"
            },
            "8.1667": {
              "post": [
                12.14787,
                34.39275,
                6.93255
              ],
              "lerp_mode": "catmullrom"
            }
          }
        },
        "bone117": {
          "rotation": {
            "0.0": {
              "post": [
                15,
                0,
                0
              ],
              "lerp_mode": "catmullrom"
            },
            "1.3333": {
              "post": [
                -25,
                0,
                0
              ],
              "lerp_mode": "catmullrom"
            },
            "3.4167": {
              "post": [
                20,
                0,
                0
              ],
              "lerp_mode": "catmullrom"
            },
            "5.4167": {
              "post": [
                -20,
                0,
                0
              ],
              "lerp_mode": "catmullrom"
            },
            "7.4167": {
              "post": [
                20,
                0,
                0
              ],
              "lerp_mode": "catmullrom"
            },
            "8.1667": {
              "post": [
                15,
                0,
                0
              ],
              "lerp_mode": "catmullrom"
            }
          }
        },
        "bone66": {
          "rotation": {
            "0.0": [
              0,
              0,
              0
            ],
            "0.5": {
              "pre": [
                0,
                0,
                0
              ],
              "post": [
                0,
                2.5,
                0
              ]
            },
            "1.0": {
              "pre": [
                0,
                2.5,
                0
              ],
              "post": [
                0,
                0,
                0
              ]
            },
            "1.5": {
              "pre": [
                0,
                0,
                0
              ],
              "post": [
                0,
                2.5,
                0
              ]
            },
            "2.0": {
              "pre": [
                0,
                2.5,
                0
              ],
              "post": [
                0,
                0,
                0
              ]
            },
            "2.5": {
              "pre": [
                0,
                0,
                0
              ],
              "post": [
                0,
                2.5,
                0
              ]
            },
            "3.0": {
              "pre": [
                0,
                2.5,
                0
              ],
              "post": [
                0,
                0,
                0
              ]
            },
            "3.5": {
              "pre": [
                0,
                0,
                0
              ],
              "post": [
                0,
                2.5,
                0
              ]
            },
            "4.0": {
              "pre": [
                0,
                2.5,
                0
              ],
              "post": [
                0,
                0,
                0
              ]
            },
            "4.5417": {
              "pre": [
                0,
                0,
                0
              ],
              "post": [
                0,
                2.5,
                0
              ]
            },
            "5.0": {
              "pre": [
                0,
                2.5,
                0
              ],
              "post": [
                0,
                0,
                0
              ]
            },
            "5.5": {
              "pre": [
                0,
                0,
                0
              ],
              "post": [
                0,
                2.5,
                0
              ]
            },
            "6.0": {
              "pre": [
                0,
                2.5,
                0
              ],
              "post": [
                0,
                0,
                0
              ]
            },
            "6.5": {
              "pre": [
                0,
                0,
                0
              ],
              "post": [
                0,
                2.5,
                0
              ]
            },
            "7.0": {
              "pre": [
                0,
                2.5,
                0
              ],
              "post": [
                0,
                0,
                0
              ]
            },
            "7.5": {
              "pre": [
                0,
                0,
                0
              ],
              "post": [
                0,
                2.5,
                0
              ]
            },
            "8.1667": {
              "pre": [
                0,
                2.5,
                0
              ],
              "post": [
                0,
                0,
                0
              ]
            }
          }
        }
      }
    }
  }
}