{
  "format_version": "1.8.0",
  "animations": {
    "animation.rwj.idle": {
      "loop": true,
      "animation_length": 4.1,
      "bones": {
        "RWJ3": {
          "position": [
            0,
            0,
            0.4
          ]
        },
        "RWJ2": {
          "position": {
            "0.0": [
              0,
              0,
              0.6
            ],
            "3.0": [
              0,
              0,
              -0.1
            ]
          }
        },
        "RWJ5": {
          "position": {
            "3.0": [
              0,
              0,
              0.3
            ],
            "3.5": [
              0,
              0,
              -1.4
            ],
            "4.0": [
              0,
              0,
              -0.7
            ]
          }
        },
        "Beam2": {
          "rotation": {
            "0.0": [
              0,
              -32.5,
              0
            ],
            "1.0": [
              0,
              2.5,
              0
            ],
            "2.0": [
              0,
              32.5,
              0
            ],
            "3.0": [
              0,
              -15,
              0
            ],
            "4.1": [
              0,
              -36.5,
              0
            ]
          }
        },
        "Beam01": {
          "rotation": {
            "0.4": [
              0,
              45,
              0
            ],
            "1.0": [
              0,
              20,
              0
            ],
            "2.3": [
              0,
              -42.5,
              0
            ],
            "2.9": [
              0,
              45,
              0
            ],
            "4.1": [
              0,
              50,
              0
            ]
          }
        },
        "Lighting02": {
          "rotation": {
            "0.0": [
              42.5,
              0,
              0
            ],
            "1.0": [
              15,
              0,
              0
            ],
            "2.0": [
              -12.5,
              0,
              0
            ],
            "3.0": [
              12.33583,
              0.47311,
              -0.74553
            ],
            "3.5": [
              38.33927,
              -0.08985,
              3.30767
            ],
            "3.7": [
              42.33583,
              0.47311,
              -0.74553
            ]
          }
        },
        "Lighting01": {
          "rotation": {
            "0.0": [
              -30,
              0,
              0
            ],
            "1.0": [
              7.5,
              0,
              0
            ],
            "1.7": [
              27.5,
              0,
              0
            ],
            "2.7": [
              -27.5,
              0,
              0
            ],
            "3.5": [
              -8.5,
              0,
              0
            ],
            "4.1": [
              -28.5,
              0,
              0
            ]
          }
        }
      }
    }
  }
}