{
  "format_version": "1.8.0",
  "animations": {
    "animation.sinyo.idle": {
      "loop": true,
      "animation_length": 8.16667,
      "bones": {
        "bone99": {
          "rotation": {
            "0.0": [
              -5,
              0,
              0
            ],
            "0.5833": [
              -22.5,
              0,
              0
            ],
            "2.5833": [
              20,
              0,
              0
            ],
            "4.6667": [
              -22.5,
              0,
              0
            ],
            "6.6667": [
              20,
              0,
              0
            ],
            "8.1667": [
              -5,
              0,
              0
            ]
          }
        },
        "bone104": {
          "rotation": {
            "0.0": [
              -12.5,
              0,
              0
            ],
            "0.5": [
              -20,
              0,
              0
            ],
            "2.3333": [
              20,
              0,
              0
            ],
            "4.3333": [
              -20,
              0,
              0
            ],
            "6.3333": [
              20,
              0,
              0
            ],
            "8.1667": [
              -12.5,
              0,
              0
            ]
          }
        },
        "bone107": {
          "rotation": {
            "0.0": [
              -20,
              0,
              0
            ],
            "2.0": [
              22,
              0,
              0
            ],
            "4.0417": [
              -20.44,
              0,
              0
            ],
            "6.0833": [
              22.18,
              0,
              0
            ],
            "8.1667": [
              -20.32,
              0,
              0
            ]
          }
        },
        "bone110": {
          "rotation": {
            "0.0": [
              2.5,
              0,
              0
            ],
            "0.8333": [
              -25,
              0,
              0
            ],
            "2.8333": [
              22.5,
              0,
              0
            ],
            "4.8333": [
              -22.5,
              0,
              0
            ],
            "7.4583": [
              20,
              0,
              0
            ],
            "8.1667": [
              2.5,
              0,
              0
            ]
          }
        },
        "bone114": {
          "rotation": {
            "0.0": [
              10,
              0,
              0
            ],
            "1.1667": [
              -22.5,
              0,
              0
            ],
            "3.1667": [
              17.5,
              0,
              0
            ],
            "5.1667": [
              -22.5,
              0,
              0
            ],
            "7.1667": [
              20,
              0,
              0
            ],
            "8.1667": [
              10,
              0,
              0
            ]
          }
        },
        "bone117": {
          "rotation": {
            "0.0": [
              15,
              0,
              0
            ],
            "1.3333": [
              -25,
              0,
              0
            ],
            "3.4167": [
              20,
              0,
              0
            ],
            "5.4167": [
              -20,
              0,
              0
            ],
            "7.4167": [
              20,
              0,
              0
            ],
            "8.1667": [
              15,
              0,
              0
            ]
          }
        }
      }
    }
  }
}