{"animations":{"animation.auto_crucifix":{"animation_length":0.01,"loop":true,"timeline":{"0.0":["/execute @s[tag=auto_crucifix] ~~~ tag @e[family=doors_monster,r=12] add crucifix","/execute @e[tag=crucifix,r=12] ~~~ summon roy:crucifix_chain ~ ~ ~","/execute @e[tag=crucifix,r=12] ~~~ clear @a roy:crucifix","/execute @e[type=roy:crucifix_chain] ~~~ tag @e remove auto_crucifix","/execute @e[type=roy:crucifix_chain] ~~~ tag @e remove crucifix"]}},"animation.crucifix.fail":{"anim_time_update":"query.anim_time + query.delta_time * 1.0","animation_length":7,"loop":false,"timeline":{"1.0":"/playsound crucifix.fail @a","3.0":"/execute @s ~ ~ ~ camerashake add @a[r=10] 0.2 2 positional","5.0":"/execute @s ~ ~ ~ camerashake add @a[r=10] 0.4 9 positional","5.2":"/execute @s ~ ~ ~ camerashake add @a[r=10] 0.8 9 positional","5.9":"/execute @s ~ ~ ~ camerashake add @a[r=10] 0.4 3 positional","6.8":"/event entity @s despawn_crucifix"}},"animation.crucifix.success":{"anim_time_update":"query.anim_time + query.delta_time * 1.0","animation_length":7,"loop":false,"timeline":{"1.0":"/playsound crucifix.success @a","3.0":"/execute @s ~ ~ ~ camerashake add @a[r=10] 0.3 2 positional","5.0":"/execute @s ~ ~ ~ camerashake add @a[r=10] 0.2 3 positional","5.1":"/kill @e[family=doors_monster,r=2]","5.9":"/execute @s ~ ~ ~ camerashake add @a[r=10] 0.4 3 positional","6.8":"/event entity @s despawn_crucifix"}}},"format_version":"1.8.0"}