{"format_version":"1.8.0","minecraft:entity":{"description":{"identifier":"yg:drone","is_spawnable":true,"is_summonable":true,"is_experimental":false},"component_groups":{"minecraft:drone":{"minecraft:is_tamed":{},"minecraft:health":{"value":50,"max":50},"minecraft:behavior.follow_owner":{"priority":6,"speed_multiplier":1,"start_distance":3,"stop_distance":4},"minecraft:attack":{"damage":20},"minecraft:behavior.owner_hurt_by_target":{"priority":1},"minecraft:behavior.owner_hurt_target":{"priority":2},"minecraft:behavior.nearest_attackable_target":{"priority":5,"attack_interval":10,"entity_types":[{"filters":{"test":"is_family","subject":"other","value":"drone_track"},"max_dist":999}],"must_see":true},"minecraft:sittable":{}}},"components":{"minecraft:is_hidden_when_invisible":{},"minecraft:nameable":{},"minecraft:type_family":{"family":["drone"]},"minecraft:collision_box":{"width":0.6,"height":1.5},"minecraft:movement.basic":{},"minecraft:navigation.walk":{"avoid_damage_blocks":true,"is_amphibious":true,"can_walk":true},"minecraft:movement":{"value":0.25},"minecraft:scale":{"value":1},"minecraft:jump.static":{},"minecraft:can_climb":{},"minecraft:attack":{"damage":15},"minecraft:health":{"value":50,"max":50},"minecraft:follow_range":{"value":30,"max":30},"minecraft:leashable":{"soft_distance":4,"hard_distance":6,"max_distance":10,"can_be_stolen":true},"minecraft:loot":{"table":"loot_tables/entities/null.json"},"minecraft:behavior.nearest_attackable_target":{"priority":2,"must_see":true,"reselect_targets":true,"within_radius":25,"must_see_forget_duration":17,"entity_types":[{"filters":{"any_of":[{"test":"is_family","subject":"other","value":"drone_track"}]},"max_dist":999}]},"minecraft:behavior.melee_attack":{"priority":3,"track_target":true,"speed_multiplier":1.25,"on_attack":{"event":"minecraft:jumpscare_active","filters":{"all_of":[{"operator":"equals","subject":"target","test":"is_family","value":"player"},{"operator":"not","subject":"self","test":"has_component","value":"minecraft:is_sheared"}]},"target":"self"}},"minecraft:behavior.random_stroll":{"priority":7,"speed_multiplier":1},"minecraft:knockback_resistance":{"value":0.8},"minecraft:physics":{},"minecraft:pushable":{"is_pushable":true,"is_pushable_by_piston":true},"minecraft:behavior.follow_owner":{"priority":6,"speed_multiplier":1,"start_distance":6,"stop_distance":1},"minecraft:break_blocks":{"breakable_blocks":["tinted_glass","glass","glass_pane","stained_glass","stained_glass_pane"]},"minecraft:tameable":{"probability":0.33,"tame_items":"yg:remote","tame_event":{"event":"minecraft:drone","target":"self"}}},"events":{"minecraft:drone":{"add":{"component_groups":["minecraft:drone"]}}}}}