{"format_version":"1.16.0","minecraft:entity":{"description":{"identifier":"yg:turtel_ball","is_spawnable":false,"is_summonable":true,"is_experimental":false,"runtime_identifier":"minecraft:snowball"},"component_groups":{"minecraft:despawndead":{"minecraft:type_family":{"family":["despawn_"]}}},"components":{"minecraft:collision_box":{"width":0.31,"height":0.31},"minecraft:projectile":{"on_hit":{"definition_event":{"affect_projectile":true,"event_trigger":{"event":"minecraft:turtel_ball","target":"self"}}},"power":2.6,"gravity":0,"inertia":1,"liquid_inertia":1,"uncertainty_base":0,"uncertainty_multiplier":0,"anchor":1,"offset":[0,-0.1,0],"reflect_on_hurt":true,"catch_fire":false},"minecraft:physics":{"has_collision":true,"has_gravity":true},"minecraft:pushable":{"is_pushable":true,"is_pushable_by_piston":true},"minecraft:despawn":{"filters":{"all_of":[{"test":"is_family","subject":"self","value":"despawn_"}]}},"minecraft:conditional_bandwidth_optimization":{"default_values":{"max_optimized_distance":100,"max_dropped_ticks":7,"use_motion_prediction_hints":true}},"minecraft:area_attack":{"damage_range":0.1,"damage_per_tick":9999,"cause":"contact","entity_filter":{"all_of":[{"test":"is_family","subject":"other","value":"tamataki_chamataki","operator":"!="}]}}},"events":{"minecraft:turtel_ball":{"add":{"component_groups":["minecraft:despawndead"]}}}}}