{
  "format_version": "1.8.0",
  "minecraft:entity": {
    "description": {
      "identifier": "grt:drone",
      "is_spawnable": true,
      "is_summonable": true,
      "is_experimental": false
    },
    "component_groups": {},
    "components": {
      "minecraft:type_family": {
        "family": [
          "hovercraft"
        ]
      },
      "minecraft:health": {
        "value": 60,
        "max": 60
      },
      "minecraft:behavior.float": {
        "priority": 0
      },
      "minecraft:underwater_movement": {
        "value": 0.25
      },
      "minecraft:navigation.walk": {
        "is_amphibious": true,
        "avoid_water": false,
        "can_sink": false,
        "can_path_over_water": true
      },
      "minecraft:movement.basic": {},
      "minecraft:movement": {
        "value": 0.1
      },
      "minecraft:jump.static": {},
      "minecraft:floats_in_liquid": {},
      "minecraft:balloonable": {},
      "minecraft:knockback_resistance": {
        "value": 100.0,
        "max": 100.0
      },
      "minecraft:input_ground_controlled": {},
      "minecraft:behavior.controlled_by_player": {
        "priority": 0
      },
      "minecraft:fall_damage": {
        "value": 0.0
      },
      "minecraft:scale": {
        "value": 1.0
      },
      "minecraft:loot": {},
      "minecraft:collision_box": {
        "height": 1.5,
        "width": 2.0
      },
      "minecraft:pushable": {
        "is_pushable": true,
        "is_pushable_by_piston": true
      },
      "minecraft:interact": [],
      "minecraft:physics": {
        "has_gravity": false
      },
      "minecraft:experience_reward": {
        "on_death": "query.last_hit_by_player ? 10 : 0"
      }
    },
    "events": {
      "on:death": {
        "run_command": {
          "command": []
        }
      },
      "on:hurt": {
        "run_command": {
          "command": []
        }
      },
      "on:hurt_by_player": {
        "run_command": {
          "command": []
        }
      },
      "on:ignite": {
        "run_command": {
          "command": []
        }
      },
      "on:target_acquired": {
        "run_command": {
          "command": []
        }
      },
      "on:target_escape": {
        "run_command": {
          "command": []
        }
      },
      "on:wake_with_owner": {
        "run_command": {
          "command": []
        }
      }
    }
  }
}