{
  "format_version": "1.10.0",
  "minecraft:client_entity": {
    "description": {
      "identifier": "mr:seline",
      "textures": {
        "default": "textures/entity/pamobile/mr_seline"
      },
      "materials": {
        "default": "skeleton"
      },
      "geometry": {
        "default": "geometry.mr_seline"
      },
      "render_controllers": [
        "controller.render.translucence"
      ],
      "spawn_egg": {
        "texture": "mr:seline",
        "texture_index": 0
      },
      "animations": {
        "walk": "animation.speedboat.walk"
      },
      "scripts": {
        "animate": [
          "root",
          {
            "walk": "query.is_moving"
          }
        ]
      }
    }
  }
}