{
  "format_version": "1.8.0",
  "minecraft:client_entity": {
    "description": {
      "identifier": "bd:banban",
      "materials": {
        "default": "armor_stand"
      },
      "textures": {
        "default": "textures/entity/pamobile/bd_banban"
      },
      "spawn_egg": {
        "base_color": "#E2FF00",
        "overlay_color": "#B1B004"
      },
      "animations": {
        "no_pose": "animation.bd_banban.no_pose"
      },
      "animation_controllers": [
        {
          "pose": "controller.animation.bd_banban.pose"
        },
        {
          "wiggling": "controller.animation.bd_banban.wiggle"
        }
      ],
      "geometry": {
        "default": "geometry.bd_banban"
      },
      "render_controllers": [
        "controller.render.armor_stand"
      ],
      "enable_attachables": true
    }
  }
}