{
  "mob.mr_opila_birds.hurt": {
    "category": " neutral",
    "sounds": [
      "sounds/mob/mr_opila_birds/hurt"
    ]
  },
  "mob.mr_opila_birds.ambient": {
    "category": " neutral",
    "sounds": [
      "sounds/mob/mr_opila_birds/ambient"
    ]
  },
  "mob.mr_banbaleena.hurt": {
    "category": " neutral",
    "sounds": [
      "sounds/mob/mr_banbaleena/hurt"
    ]
  },
  "mob.mr_banbaleena.ambient": {
    "category": " neutral",
    "sounds": [
      "sounds/mob/mr_banbaleena/ambient"
    ]
  },
  "mob.mr_opila_birds.death": {
    "category": " neutral",
    "sounds": [
      "sounds/mob/mr_opila_birds/death"
    ]
  },
  "mob.mr_banbaleena.death": {
    "category": " neutral",
    "sounds": [
      "sounds/mob/mr_banbaleena/death"
    ]
  },
  "mob.mr_jumbo_josh.ambient": {
    "category": " neutral",
    "sounds": [
      "sounds/mob/mr_jumbo_josh/ambient"
    ]
  },
  "mob.mr_jumbo_josh.hurt": {
    "category": " neutral",
    "sounds": [
      "sounds/mob/mr_jumbo_josh/hurt"
    ]
  },
  "mob.mr_jumbo_josh.death": {
    "category": " neutral",
    "sounds": [
      "sounds/mob/mr_jumbo_josh/death"
    ]
  },
  "mob.mr_jumbo_josh.drink": {
    "category": " neutral",
    "sounds": [
      "sounds/mob/mr_jumbo_josh/drink"
    ]
  },
  "mob.mr_nabnab.hurt": {
    "category": " neutral",
    "sounds": [
      "sounds/mob/mr_nabnab/hurt"
    ]
  },
  "mob.mr_nabnab.ambient": {
    "category": " neutral",
    "sounds": [
      "sounds/mob/mr_nabnab/ambient"
    ]
  },
  "mob.mr_slow_seline.hurt": {
    "category": " neutral",
    "sounds": [
      "sounds/mob/mr_slow_seline/hurt"
    ]
  },
  "mob.mr_mini_opila.ambient": {
    "category": " neutral",
    "sounds": [
      "sounds/mob/mr_mini_opila/ambient"
    ]
  },
  "mob.mr_mini_opila_blue.ambient": {
    "category": " neutral",
    "sounds": [
      "sounds/mob/mr_mini_opila_blue/ambient"
    ]
  },
  "mob.mr_slow_seline.ambient": {
    "category": " neutral",
    "sounds": [
      "sounds/mob/mr_slow_seline/ambient"
    ]
  },
  "mob.mr_mini_opila.hurt": {
    "category": " neutral",
    "sounds": [
      "sounds/mob/mr_mini_opila/hurt"
    ]
  },
  "mob.mr_mini_opila_blue.hurt": {
    "category": " neutral",
    "sounds": [
      "sounds/mob/mr_mini_opila_blue/hurt"
    ]
  },
  "mob.mr_mini_opila_blue.drink": {
    "category": " neutral",
    "sounds": [
      "sounds/mob/mr_mini_opila_blue/drink"
    ]
  },
  "mob.mr_mini_opila.drink": {
    "category": " neutral",
    "sounds": [
      "sounds/mob/mr_mini_opila/drink"
    ]
  },
  "mr_drone_tracks_shot": {
    "category": "neutral",
    "sounds": [
      "sounds/mr_drone_tracks_shot"
    ]
  }
}