{
  "entity_sounds": {
    "entities": {
      "pm:pac_man": {
        "volume": 1,
        "pitch": [ 1, 1 ],
        "events": {
          "ambient": "mob.pac_man.idle",
          "hurt": "mob.pac_man.hurt",
          "death": "mob.pac_man.death",
          "step": {
            "sound": "big.step",
            "volume": 1.0,
            "pitch": 1.0
          }
        }
      },
      "pmg:pinky": {
        "volume": 1,
        "pitch": [ 1, 1 ],
        "events": {
          "ambient": "mob.ghost.idle",
          "hurt": "mob.ghost.hurt",
          "death": "mob.ghost.death",
          "step": {
            "sound": "whoah.step",
            "volume": 1.0,
            "pitch": 1.0
          }
        }
      },
      "pmg:blinky": {
        "volume": 1,
        "pitch": [ 1, 1 ],
        "events": {
          "ambient": "mob.ghost.idle",
          "hurt": "mob.ghost.hurt",
          "death": "mob.ghost.death",
          "step": {
            "sound": "whoah.step",
            "volume": 1.0,
            "pitch": 1.0
          }
        }
      },
      "pmg:inky": {
        "volume": 1,
        "pitch": [ 1, 1 ],
        "events": {
          "ambient": "mob.ghost.idle",
          "hurt": "mob.ghost.hurt",
          "death": "mob.ghost.death",
          "step": {
            "sound": "whoah.step",
            "volume": 1.0,
            "pitch": 1.0
          }
        }
      },
      "pm:mrs_pac_man": {
        "volume": 1,
        "pitch": [ 1, 1 ],
        "events": {
          "ambient": "mob.pac_man.idle",
          "hurt": "mob.pac_man.hurt",
          "death": "mob.pac_man.death",
          "step": {
            "sound": "big.step",
            "volume": 1.0,
            "pitch": 1.0
          }
        }
      }
    }
  }
}
      