{
	"format_version": "1.8.0",
	"animations": {
		"animation.ftl_sc_mapbot_player.new": {
			"loop": true
		},
		"animation.ftl_sc_mapbot_player.attack": {
			"animation_length": 0.91667,
			"bones": {
				"topstaffbody": {
					"rotation": {
						"0.0": {
							"post": [0, 0, 0],
							"lerp_mode": "catmullrom"
						},
						"0.125": {
							"post": [-10, 10, 0],
							"lerp_mode": "catmullrom"
						},
						"0.2917": {
							"post": [26.43662, -29.54499, -16.32675],
							"lerp_mode": "catmullrom"
						},
						"0.5417": {
							"post": [0, 0, 0],
							"lerp_mode": "catmullrom"
						},
						"0.75": {
							"post": [0, 0, 0],
							"lerp_mode": "catmullrom"
						}
					}
				},
				"neck": {
					"rotation": {
						"0.0": {
							"post": [0, 0, 0],
							"lerp_mode": "catmullrom"
						},
						"0.125": {
							"post": [15, -7.5, 0],
							"lerp_mode": "catmullrom"
						},
						"0.2917": {
							"post": [9.12603, 26.2553, 9.52802],
							"lerp_mode": "catmullrom"
						},
						"0.5417": {
							"post": [0, 0, 0],
							"lerp_mode": "catmullrom"
						},
						"0.75": {
							"post": [0, 0, 0],
							"lerp_mode": "catmullrom"
						}
					}
				},
				"staffhead": {
					"rotation": {
						"0.0": {
							"post": [0, 0, 0],
							"lerp_mode": "catmullrom"
						},
						"0.125": {
							"post": [-5, 0, 0],
							"lerp_mode": "catmullrom"
						},
						"0.2917": {
							"post": [-25.18908, 6.79382, -3.18458],
							"lerp_mode": "catmullrom"
						},
						"0.5417": {
							"post": [0, 0, 0],
							"lerp_mode": "catmullrom"
						},
						"0.75": {
							"post": [0, 0, 0],
							"lerp_mode": "catmullrom"
						}
					}
				},
				"rightstaffarm": {
					"rotation": {
						"0.0": {
							"post": [0, 0, 0],
							"lerp_mode": "catmullrom"
						},
						"0.125": {
							"post": [62.77445, 58.22232, 165.77479],
							"lerp_mode": "catmullrom"
						},
						"0.2917": {
							"post": [-87.34582, -52.32325, 74.5954],
							"lerp_mode": "catmullrom"
						},
						"0.5417": {
							"post": [0, 0, 0],
							"lerp_mode": "catmullrom"
						},
						"0.75": {
							"post": [0, 0, 0],
							"lerp_mode": "catmullrom"
						}
					}
				},
				"rightstaffarmpeice": {
					"rotation": {
						"0.0": {
							"post": [0, 0, 0],
							"lerp_mode": "catmullrom"
						},
						"0.125": {
							"post": [-45, 0, 0],
							"lerp_mode": "catmullrom"
						},
						"0.2083": {
							"post": [-7.5, 0, 0],
							"lerp_mode": "catmullrom"
						},
						"0.2917": {
							"post": [-90, 0, 0],
							"lerp_mode": "catmullrom"
						},
						"0.5417": {
							"post": [0, 0, 0],
							"lerp_mode": "catmullrom"
						},
						"0.75": {
							"post": [0, 0, 0],
							"lerp_mode": "catmullrom"
						}
					}
				},
				"rightstaffhand": {
					"rotation": {
						"0.0": {
							"post": [0, 0, 0],
							"lerp_mode": "catmullrom"
						},
						"0.125": {
							"post": [-7.05239, 2.55868, 19.8423],
							"lerp_mode": "catmullrom"
						},
						"0.2083": {
							"post": [-244.81871, 79.69402, -227.42856],
							"lerp_mode": "catmullrom"
						},
						"0.2917": {
							"post": [-20.97064, 22.30765, -45.01867],
							"lerp_mode": "catmullrom"
						},
						"0.5417": {
							"post": [0, 0, 0],
							"lerp_mode": "catmullrom"
						},
						"0.75": {
							"post": [0, 0, 0],
							"lerp_mode": "catmullrom"
						}
					}
				},
				"leftstaffarm": {
					"rotation": {
						"0.0": {
							"post": [0, 0, 0],
							"lerp_mode": "catmullrom"
						},
						"0.125": {
							"post": [17.5, 0, -10],
							"lerp_mode": "catmullrom"
						},
						"0.2917": {
							"post": [29.60967, 3.73171, -21.93845],
							"lerp_mode": "catmullrom"
						},
						"0.5417": {
							"post": [0, 0, 0],
							"lerp_mode": "catmullrom"
						},
						"0.75": {
							"post": [0, 0, 0],
							"lerp_mode": "catmullrom"
						}
					}
				},
				"leftstaffarmpeice": {
					"rotation": {
						"0.0": {
							"post": [0, 0, 0],
							"lerp_mode": "catmullrom"
						},
						"0.125": {
							"post": [-30, 0, 0],
							"lerp_mode": "catmullrom"
						},
						"0.2917": {
							"post": [-85, 0, 0],
							"lerp_mode": "catmullrom"
						},
						"0.5417": {
							"post": [0, 0, 0],
							"lerp_mode": "catmullrom"
						},
						"0.75": {
							"post": [0, 0, 0],
							"lerp_mode": "catmullrom"
						}
					}
				}
			}
		},
		"animation.ftl_sc_mapbot_player.looking": {
			"loop": true,
			"bones": {
				"topstaffbody": {
					"rotation": [0, "math.clamp(query.target_y_rotation, -25, 25)", 0]
				},
				"neck": {
					"rotation": [0, "math.clamp(query.target_y_rotation, -25, 25)", 0]
				},
				"staffhead": {
					"rotation": ["query.target_x_rotation", "query.target_y_rotation", 0]
				}
			}
		},
		"animation.ftl_sc_mapbot_player.general": {
			"loop": true,
			"animation_length": 0.66667,
			"bones": {
				"topstaffbody": {
					"rotation": [2.5, 0, 0]
				},
				"neck": {
					"rotation": [20, 0, 0]
				},
				"staffhead": {
					"rotation": [-22.5, 0, 0]
				},
				"rightstaffarm": {
					"rotation": [15, 0, 7.5]
				},
				"rightstaffarmpeice": {
					"rotation": [-67.5, 0, 0]
				},
				"rightstaffhand": {
					"rotation": [68.65819, -69.00324, -72.48055]
				},
				"rightfinger1": {
					"rotation": [0, 0, -22.5]
				},
				"rightfinger2": {
					"rotation": [0, 0, -25]
				},
				"rightfinger3": {
					"rotation": [1.75312, -3.45871, -14.70234]
				},
				"leftstaffarm": {
					"rotation": [15, 0, -7.5]
				},
				"leftstaffarmpeice": {
					"rotation": [-67.5, 0, 0]
				},
				"leftstaffhand": {
					"rotation": [68.65819, 69.0032, 72.4806]
				},
				"leftfinger1": {
					"rotation": [0, 0, 20]
				},
				"leftfinger2": {
					"rotation": [0, 0, 20]
				},
				"leftfinger3": {
					"rotation": [2.95767, 4.99171, 22.14224]
				}
			}
		},
		"animation.ftl_sc_mapbot_player.moving": {
			"loop": true,
			"animation_length": 1,
			"bones": {
				"waist": {
					"position": {
						"0.0": {
							"post": [0, 0, 0],
							"lerp_mode": "catmullrom"
						},
						"0.125": {
							"post": [0, 2, 0],
							"lerp_mode": "catmullrom"
						},
						"0.25": {
							"post": [0, 0, 0],
							"lerp_mode": "catmullrom"
						},
						"0.375": {
							"post": [0, 2, 0],
							"lerp_mode": "catmullrom"
						},
						"0.5": {
							"post": [0, 0, 0],
							"lerp_mode": "catmullrom"
						},
						"0.625": {
							"post": [0, 2, 0],
							"lerp_mode": "catmullrom"
						},
						"0.75": {
							"post": [0, 0, 0],
							"lerp_mode": "catmullrom"
						},
						"0.875": {
							"post": [0, 2, 0],
							"lerp_mode": "catmullrom"
						},
						"1.0": {
							"post": [0, 0, 0],
							"lerp_mode": "catmullrom"
						}
					}
				},
				"topstaffbody": {
					"rotation": [17.5, 0, 0]
				},
				"neck": {
					"rotation": [25, 0, 0]
				},
				"staffhead": {
					"rotation": [-40, 0, 0]
				},
				"rightstaffarm": {
					"rotation": [10, 0, 10]
				},
				"rightstaffarmpeice": {
					"rotation": {
						"0.0": {
							"post": [-60, 0, 0],
							"lerp_mode": "catmullrom"
						},
						"0.125": {
							"post": [-75, 0, 0],
							"lerp_mode": "catmullrom"
						},
						"0.25": {
							"post": [-60, 0, 0],
							"lerp_mode": "catmullrom"
						},
						"0.375": {
							"post": [-75, 0, 0],
							"lerp_mode": "catmullrom"
						},
						"0.5": {
							"post": [-60, 0, 0],
							"lerp_mode": "catmullrom"
						},
						"0.625": {
							"post": [-75, 0, 0],
							"lerp_mode": "catmullrom"
						},
						"0.75": {
							"post": [-60, 0, 0],
							"lerp_mode": "catmullrom"
						},
						"0.875": {
							"post": [-75, 0, 0],
							"lerp_mode": "catmullrom"
						},
						"1.0": {
							"post": [-60, 0, 0],
							"lerp_mode": "catmullrom"
						}
					}
				},
				"rightstaffhand": {
					"rotation": [22.70943, -62.8828, -33.3961]
				},
				"leftstaffarm": {
					"rotation": [10, 0, -10]
				},
				"leftstaffarmpeice": {
					"rotation": {
						"0.0": {
							"post": [-60, 0, 0],
							"lerp_mode": "catmullrom"
						},
						"0.125": {
							"post": [-75, 0, 0],
							"lerp_mode": "catmullrom"
						},
						"0.25": {
							"post": [-60, 0, 0],
							"lerp_mode": "catmullrom"
						},
						"0.375": {
							"post": [-75, 0, 0],
							"lerp_mode": "catmullrom"
						},
						"0.5": {
							"post": [-60, 0, 0],
							"lerp_mode": "catmullrom"
						},
						"0.625": {
							"post": [-75, 0, 0],
							"lerp_mode": "catmullrom"
						},
						"0.75": {
							"post": [-60, 0, 0],
							"lerp_mode": "catmullrom"
						},
						"0.875": {
							"post": [-75, 0, 0],
							"lerp_mode": "catmullrom"
						},
						"1.0": {
							"post": [-60, 0, 0],
							"lerp_mode": "catmullrom"
						}
					}
				},
				"leftstaffhand": {
					"rotation": [22.70943, 62.88284, 33.39609]
				},
				"rightwheel": {
					"rotation": {
						"0.0": {
							"post": [0, 0, 0],
							"lerp_mode": "catmullrom"
						},
						"1.0": {
							"post": [720, 0, 0],
							"lerp_mode": "catmullrom"
						}
					}
				},
				"leftwheel": {
					"rotation": {
						"0.0": {
							"post": [0, 0, 0],
							"lerp_mode": "catmullrom"
						},
						"1.0": {
							"post": [720, 0, 0],
							"lerp_mode": "catmullrom"
						}
					}
				}
			}
		},
		"animation.ftl_sc_mapbot_player.running": {
			"loop": true,
			"animation_length": 1,
			"bones": {
				"waist": {
					"position": {
						"0.0": {
							"post": [0, 0, 0],
							"lerp_mode": "catmullrom"
						},
						"0.125": {
							"post": [0, 2, 0],
							"lerp_mode": "catmullrom"
						},
						"0.25": {
							"post": [0, 0, 0],
							"lerp_mode": "catmullrom"
						},
						"0.375": {
							"post": [0, 2, 0],
							"lerp_mode": "catmullrom"
						},
						"0.5": {
							"post": [0, 0, 0],
							"lerp_mode": "catmullrom"
						},
						"0.625": {
							"post": [0, 2, 0],
							"lerp_mode": "catmullrom"
						},
						"0.75": {
							"post": [0, 0, 0],
							"lerp_mode": "catmullrom"
						},
						"0.875": {
							"post": [0, 2, 0],
							"lerp_mode": "catmullrom"
						},
						"1.0": {
							"post": [0, 0, 0],
							"lerp_mode": "catmullrom"
						}
					}
				},
				"topstaffbody": {
					"rotation": [17.5, 0, 0]
				},
				"neck": {
					"rotation": [25, 0, 0]
				},
				"staffhead": {
					"rotation": [-40, 0, 0]
				},
				"rightstaffarm": {
					"rotation": [10, 0, 10]
				},
				"rightstaffarmpeice": {
					"rotation": {
						"0.0": {
							"post": [-60, 0, 0],
							"lerp_mode": "catmullrom"
						},
						"0.125": {
							"post": [-75, 0, 0],
							"lerp_mode": "catmullrom"
						},
						"0.25": {
							"post": [-60, 0, 0],
							"lerp_mode": "catmullrom"
						},
						"0.375": {
							"post": [-75, 0, 0],
							"lerp_mode": "catmullrom"
						},
						"0.5": {
							"post": [-60, 0, 0],
							"lerp_mode": "catmullrom"
						},
						"0.625": {
							"post": [-75, 0, 0],
							"lerp_mode": "catmullrom"
						},
						"0.75": {
							"post": [-60, 0, 0],
							"lerp_mode": "catmullrom"
						},
						"0.875": {
							"post": [-75, 0, 0],
							"lerp_mode": "catmullrom"
						},
						"1.0": {
							"post": [-60, 0, 0],
							"lerp_mode": "catmullrom"
						}
					}
				},
				"rightstaffhand": {
					"rotation": [22.70943, -62.8828, -33.3961]
				},
				"leftstaffarm": {
					"rotation": [10, 0, -10]
				},
				"leftstaffarmpeice": {
					"rotation": {
						"0.0": {
							"post": [-60, 0, 0],
							"lerp_mode": "catmullrom"
						},
						"0.125": {
							"post": [-75, 0, 0],
							"lerp_mode": "catmullrom"
						},
						"0.25": {
							"post": [-60, 0, 0],
							"lerp_mode": "catmullrom"
						},
						"0.375": {
							"post": [-75, 0, 0],
							"lerp_mode": "catmullrom"
						},
						"0.5": {
							"post": [-60, 0, 0],
							"lerp_mode": "catmullrom"
						},
						"0.625": {
							"post": [-75, 0, 0],
							"lerp_mode": "catmullrom"
						},
						"0.75": {
							"post": [-60, 0, 0],
							"lerp_mode": "catmullrom"
						},
						"0.875": {
							"post": [-75, 0, 0],
							"lerp_mode": "catmullrom"
						},
						"1.0": {
							"post": [-60, 0, 0],
							"lerp_mode": "catmullrom"
						}
					}
				},
				"leftstaffhand": {
					"rotation": [22.70943, 62.88284, 33.39609]
				},
				"rightwheel": {
					"rotation": {
						"0.0": {
							"post": [0, 0, 0],
							"lerp_mode": "catmullrom"
						},
						"1.0": {
							"post": [720, 0, 0],
							"lerp_mode": "catmullrom"
						}
					}
				},
				"leftwheel": {
					"rotation": {
						"0.0": {
							"post": [0, 0, 0],
							"lerp_mode": "catmullrom"
						},
						"1.0": {
							"post": [720, 0, 0],
							"lerp_mode": "catmullrom"
						}
					}
				}
			}
		},
		"animation.ftl_sc_mapbot_player.pose1": {
			"loop": true,
			"bones": {
				"staffhead": {
					"rotation": [-7.5, -17.5, -5]
				},
				"neck": {
					"rotation": [13.83136, 8.03804, 9.57445]
				},
				"topstaffbody": {
					"rotation": [9.60829, -3.74149, 6.96668]
				},
				"staffbody": {
					"rotation": [5.07673, -9.96156, -0.88045]
				},
				"rightwheel": {
					"rotation": [-5, 0, 0]
				},
				"leftwheel": {
					"rotation": [-5, 0, 0]
				},
				"rightstaffarm": {
					"rotation": [9.2368, -24.3683, 13.74538]
				},
				"rightstaffarmpeice": {
					"rotation": [-45, 0, 0]
				},
				"rightstaffhand": {
					"rotation": [0.46551, -31.47186, -20.31699]
				},
				"rightfinger1": {
					"rotation": [0, 0, -10]
				},
				"rightfingerpeice1": {
					"rotation": [0, 0, -20]
				},
				"rightfinger2": {
					"rotation": [0, 0, -22.5]
				},
				"rightfingerpeice2": {
					"rotation": [0, 0, -22.5]
				},
				"rightfinger3": {
					"rotation": [-3.60142, -2.9151, -12.23653]
				},
				"rightfingerpeice3": {
					"rotation": [17.5, 0, 0]
				},
				"leftstaffarm": {
					"rotation": [13.36781, 7.32123, -12.60443]
				},
				"leftstaffarmpeice": {
					"rotation": [-50, 0, 0]
				},
				"leftstaffhand": {
					"rotation": [1.1191, 21.69365, 16.17354]
				},
				"leftfinger1": {
					"rotation": [0, 0, 7.5]
				},
				"leftfingerpeice1": {
					"rotation": [0, 0, 25]
				},
				"leftfinger2": {
					"rotation": [0, 0, 22.5]
				},
				"leftfingerpeice2": {
					"rotation": [0, 0, 35]
				},
				"leftfinger3": {
					"rotation": [-6.10142, 2.9151, 12.23653]
				},
				"leftfingerpeice3": {
					"rotation": [17.5, 0, 0]
				}
			}
		},
		"animation.ftl_sc_mapbot_player.pose2": {
			"loop": true,
			"animation_length": 0.625,
			"bones": {
				"staffhead": {
					"rotation": [-7.5, -17.5, -5]
				},
				"neck": {
					"rotation": [13.83136, 8.03804, 9.57445]
				},
				"topstaffbody": {
					"rotation": {
						"0.0": [9.60829, -3.74149, 6.96668],
						"0.625": [7.74193, -1.14162, -7.82107]
					}
				},
				"staffbody": {
					"rotation": [5.07673, -9.96156, -0.88045]
				},
				"rightwheel": {
					"rotation": [-5, 0, 0]
				},
				"leftwheel": {
					"rotation": [-5, 0, 0]
				},
				"rightstaffarm": {
					"rotation": {
						"0.0": [9.2368, -24.3683, 13.74538],
						"0.625": [-11.36908, -25.05699, 38.47071]
					}
				},
				"rightstaffarmpeice": {
					"rotation": [-45, 0, 0]
				},
				"rightstaffhand": {
					"rotation": [0.46551, -31.47186, -20.31699]
				},
				"rightfinger1": {
					"rotation": [0, 0, -10]
				},
				"rightfingerpeice1": {
					"rotation": [0, 0, -20]
				},
				"rightfinger2": {
					"rotation": [0, 0, -22.5]
				},
				"rightfingerpeice2": {
					"rotation": [0, 0, -22.5]
				},
				"rightfinger3": {
					"rotation": [-3.60142, -2.9151, -12.23653]
				},
				"rightfingerpeice3": {
					"rotation": [17.5, 0, 0]
				},
				"leftstaffarm": {
					"rotation": {
						"0.0": [13.36781, 7.32123, -12.60443],
						"0.625": [12.31831, 8.99068, -19.99136]
					}
				},
				"leftstaffarmpeice": {
					"rotation": [-50, 0, 0]
				},
				"leftstaffhand": {
					"rotation": [1.1191, 21.69365, 16.17354]
				},
				"leftfinger1": {
					"rotation": [0, 0, 7.5]
				},
				"leftfingerpeice1": {
					"rotation": [0, 0, 25]
				},
				"leftfinger2": {
					"rotation": [0, 0, 22.5]
				},
				"leftfingerpeice2": {
					"rotation": [0, 0, 35]
				},
				"leftfinger3": {
					"rotation": [-6.10142, 2.9151, 12.23653]
				},
				"leftfingerpeice3": {
					"rotation": [17.5, 0, 0]
				}
			}
		}
	}
}
\\"": \\\\""?\\\"": \\\\""?\\\"": \\\\""?\\\"": \\\\""?\\\"": \\\\""?\\\"": \\\\""?\\\"": \\\\""?\\\"": \\\\""?\\\"": \\\\""?\\\"": \\\\""?\\\"": \\\\""?\\\"": \\\\""?\\\"": \\\\""?\\\"": \\\\""?\\\"": \\\\""?\\\"": \\\\""?\\\"": \\\\""?\\\"": \\\\""?\\\"": \\\\""?\\\"": \\\\""?\\\"": \\\\""?\\\"": \\\\""?\\\"": \\\\""?\\\"": \\\\""?\\\"": \\\\""?\\\"": \\\\""?\\\"": \\\\""?\\\"": \\\\""?\\\"": \\\\""?\\\"": \\\\""?\\\"": \\\\""?\\\"": \\\\""?\\\"": \\\\""?\\\"": \\\\""?\\\"": \\\\""?\\\"": \\\\""?\\\"": \\\\""?\\\"": \\\\""?\\\"": \\\\""?\\\"": \\\\""?\\\"": \\\\""?\\\"": \\\\""?\\\"": \\\\""?\\\"": \\\\""?\\\"": \\\\""?\\\"": \\\\""?\\\"": \\\\""?\\\"": \\\\""?\\\"": \\\\""?\\\"": \\\\""?\\\"": \\\\""?\]}}}}}