{
	"format_version": "1.8.0",
	"animations": {
		"animation.ftl_sc_roxanne.looking": {
			"loop": true,
			"bones": {
				"neck": {
					"rotation": ["query.target_x_rotation", "query.target_y_rotation", 0]
				},
				"head": {
					"rotation": ["query.target_x_rotation", "query.target_y_rotation", 0]
				}
			}
		},
		"animation.ftl_sc_roxanne.general": {
			"loop": true,
			"animation_length": 0.29167,
			"bones": {
				"waist": {
					"position": [0, -2, 0]
				},
				"bodywaist": {
					"rotation": [2.5, -5, 7.5]
				},
				"body": {
					"rotation": [21.84574, 4.95712, -7.52832]
				},
				"neck": {
					"rotation": [12.5, 0, 0]
				},
				"head": {
					"rotation": [-32.5, 0, 0]
				},
				"topeyelids": {
					"rotation": [5, 0, 0]
				},
				"jaw": {
					"rotation": [20, 0, 0]
				},
				"hair": {
					"rotation": [2.5, 0, 0]
				},
				"hairpeice": {
					"rotation": [12.5, 0, 0]
				},
				"rightarm": {
					"rotation": [12.79538, -12.3071, 10.23772]
				},
				"rightarmpeice": {
					"rotation": [-40, 0, 0]
				},
				"leftarm": {
					"rotation": [12.79538, 12.3071, -10.2377]
				},
				"leftarmpeice": {
					"rotation": [-40, 0, 0]
				},
				"tail": {
					"rotation": [22.32648, 2.86313, -6.93488]
				},
				"tailpeice1": {
					"rotation": [30, 0, 0]
				},
				"tailpeice2": {
					"rotation": [20, 0, 0]
				},
				"tailpeice3": {
					"rotation": [20, 0, 0]
				},
				"tailpeice4": {
					"rotation": [22.5, 0, 0]
				},
				"rightleg": {
					"rotation": [-16.83037, 14.98539, 2.58807]
				},
				"rightlegpeice": {
					"rotation": [25, 0, 0]
				},
				"rightfoot": {
					"rotation": [-7.49294, -0.32621, -2.47864]
				},
				"leftleg": {
					"rotation": [-9.44596, -12.48791, -2.56062]
				},
				"leftlegpeice": {
					"rotation": [27.5, 0, 0]
				},
				"leftfoot": {
					"rotation": [-17.49067, 0.43399, 2.46207]
				}
			}
		},
		"animation.ftl_sc_roxanne.moving": {
			"loop": true,
			"animation_length": 1,
			"anim_time_update": "query.modified_distance_moved *0.1",
			"bones": {
				"waist": {
					"position": {
						"0.0": {
							"post": [0, -6, 0],
							"lerp_mode": "catmullrom"
						},
						"0.125": {
							"post": [0, -3, 0],
							"lerp_mode": "catmullrom"
						},
						"0.25": {
							"post": [0, -2, 0],
							"lerp_mode": "catmullrom"
						},
						"0.5": {
							"post": [0, -6, 0],
							"lerp_mode": "catmullrom"
						},
						"0.625": {
							"post": [0, -3, 0],
							"lerp_mode": "catmullrom"
						},
						"0.75": {
							"post": [0, -2, 0],
							"lerp_mode": "catmullrom"
						},
						"1.0": {
							"post": [0, -6, 0],
							"lerp_mode": "catmullrom"
						}
					}
				},
				"bodywaist": {
					"rotation": {
						"0.0": {
							"post": [12.71051, -14.35935, 7.03607],
							"lerp_mode": "catmullrom"
						},
						"0.25": {
							"post": [10, 0, 0],
							"lerp_mode": "catmullrom"
						},
						"0.5": {
							"post": [12.71051, 14.3593, -7.0361],
							"lerp_mode": "catmullrom"
						},
						"0.75": {
							"post": [10, 0, 0],
							"lerp_mode": "catmullrom"
						},
						"1.0": {
							"post": [12.71051, -14.35935, 7.03607],
							"lerp_mode": "catmullrom"
						}
					}
				},
				"body": {
					"rotation": {
						"0.0": {
							"post": [20.54202, 12.63874, -10.67264],
							"lerp_mode": "catmullrom"
						},
						"0.25": {
							"post": [20, 0, 0],
							"lerp_mode": "catmullrom"
						},
						"0.5": {
							"post": [20.54202, -12.6387, 10.6726],
							"lerp_mode": "catmullrom"
						},
						"0.75": {
							"post": [20, 0, 0],
							"lerp_mode": "catmullrom"
						},
						"1.0": {
							"post": [20.54202, 12.63874, -10.67264],
							"lerp_mode": "catmullrom"
						}
					}
				},
				"neck": {
					"rotation": {
						"0.0": {
							"post": [-15, 0, 0],
							"lerp_mode": "catmullrom"
						},
						"0.25": {
							"post": [-10, 0, 0],
							"lerp_mode": "catmullrom"
						},
						"0.5": {
							"post": [-15, 0, 0],
							"lerp_mode": "catmullrom"
						},
						"0.75": {
							"post": [-10, 0, 0],
							"lerp_mode": "catmullrom"
						},
						"1.0": {
							"post": [-15, 0, 0],
							"lerp_mode": "catmullrom"
						}
					}
				},
				"head": {
					"rotation": {
						"0.0": {
							"post": [-17.5, 0, 0],
							"lerp_mode": "catmullrom"
						},
						"0.25": {
							"post": [-12.5, 0, 0],
							"lerp_mode": "catmullrom"
						},
						"0.5": {
							"post": [-17.5, 0, 0],
							"lerp_mode": "catmullrom"
						},
						"0.75": {
							"post": [-12.5, 0, 0],
							"lerp_mode": "catmullrom"
						},
						"1.0": {
							"post": [-17.5, 0, 0],
							"lerp_mode": "catmullrom"
						}
					}
				},
				"rightear": {
					"rotation": {
						"0.0": {
							"post": [0, 0, -5],
							"lerp_mode": "catmullrom"
						},
						"0.25": {
							"post": [0, 0, 0],
							"lerp_mode": "catmullrom"
						},
						"0.5": {
							"post": [0, 0, -5],
							"lerp_mode": "catmullrom"
						},
						"0.75": {
							"post": [0, 0, 0],
							"lerp_mode": "catmullrom"
						},
						"1.0": {
							"post": [0, 0, -5],
							"lerp_mode": "catmullrom"
						}
					}
				},
				"rightearring": {
					"rotation": {
						"0.0": {
							"post": [0, 0, -10],
							"lerp_mode": "catmullrom"
						},
						"0.25": {
							"post": [0, 0, 30],
							"lerp_mode": "catmullrom"
						},
						"0.5": {
							"post": [0, 0, -10],
							"lerp_mode": "catmullrom"
						},
						"0.75": {
							"post": [0, 0, 30],
							"lerp_mode": "catmullrom"
						},
						"1.0": {
							"post": [0, 0, -10],
							"lerp_mode": "catmullrom"
						}
					}
				},
				"leftear": {
					"rotation": {
						"0.0": {
							"post": [0, 0, 7.5],
							"lerp_mode": "catmullrom"
						},
						"0.25": {
							"post": [0, 0, 0],
							"lerp_mode": "catmullrom"
						},
						"0.5": {
							"post": [0, 0, 7.5],
							"lerp_mode": "catmullrom"
						},
						"0.75": {
							"post": [0, 0, 0],
							"lerp_mode": "catmullrom"
						},
						"1.0": {
							"post": [0, 0, 7.5],
							"lerp_mode": "catmullrom"
						}
					}
				},
				"leftearring": {
					"rotation": {
						"0.0": {
							"post": [0, 0, 7.5],
							"lerp_mode": "catmullrom"
						},
						"0.25": {
							"post": [0, 0, -22.5],
							"lerp_mode": "catmullrom"
						},
						"0.5": {
							"post": [0, 0, 7.5],
							"lerp_mode": "catmullrom"
						},
						"0.75": {
							"post": [0, 0, -22.5],
							"lerp_mode": "catmullrom"
						},
						"1.0": {
							"post": [0, 0, 7.5],
							"lerp_mode": "catmullrom"
						}
					}
				},
				"jaw": {
					"rotation": {
						"0.0": {
							"post": [37.5, 0, 0],
							"lerp_mode": "catmullrom"
						},
						"0.25": {
							"post": [5, 0, 0],
							"lerp_mode": "catmullrom"
						},
						"0.5": {
							"post": [37.5, 0, 0],
							"lerp_mode": "catmullrom"
						},
						"0.75": {
							"post": [5, 0, 0],
							"lerp_mode": "catmullrom"
						},
						"1.0": {
							"post": [37.5, 0, 0],
							"lerp_mode": "catmullrom"
						}
					}
				},
				"hair": {
					"rotation": {
						"0.0": {
							"post": [5, 0, 0],
							"lerp_mode": "catmullrom"
						},
						"0.25": {
							"post": [12.5, 0, 0],
							"lerp_mode": "catmullrom"
						},
						"0.5": {
							"post": [5, 0, 0],
							"lerp_mode": "catmullrom"
						},
						"0.75": {
							"post": [12.5, 0, 0],
							"lerp_mode": "catmullrom"
						},
						"1.0": {
							"post": [5, 0, 0],
							"lerp_mode": "catmullrom"
						}
					}
				},
				"hairpeice": {
					"rotation": {
						"0.0": {
							"post": [15, 0, 0],
							"lerp_mode": "catmullrom"
						},
						"0.25": {
							"post": [25, 0, 0],
							"lerp_mode": "catmullrom"
						},
						"0.5": {
							"post": [15, 0, 0],
							"lerp_mode": "catmullrom"
						},
						"0.75": {
							"post": [25, 0, 0],
							"lerp_mode": "catmullrom"
						},
						"1.0": {
							"post": [15, 0, 0],
							"lerp_mode": "catmullrom"
						}
					}
				},
				"rightarm": {
					"rotation": {
						"0.0": {
							"post": [22.0852, 1.5584, 41.5394],
							"lerp_mode": "catmullrom"
						},
						"0.5": {
							"post": [22.0852, 1.5584, 41.5394],
							"lerp_mode": "catmullrom"
						},
						"1.0": {
							"post": [22.0852, 1.5584, 41.5394],
							"lerp_mode": "catmullrom"
						}
					}
				},
				"rightarmpeice": {
					"rotation": {
						"0.0": {
							"post": [-80, 0, 0],
							"lerp_mode": "catmullrom"
						},
						"0.5": {
							"post": [-80, 0, 0],
							"lerp_mode": "catmullrom"
						},
						"1.0": {
							"post": [-80, 0, 0],
							"lerp_mode": "catmullrom"
						}
					}
				},
				"leftarm": {
					"rotation": {
						"0.0": {
							"post": [22.0852, -1.55842, -41.53937],
							"lerp_mode": "catmullrom"
						},
						"0.5": {
							"post": [22.0852, -1.55842, -41.53937],
							"lerp_mode": "catmullrom"
						},
						"1.0": {
							"post": [22.0852, -1.55842, -41.53937],
							"lerp_mode": "catmullrom"
						}
					}
				},
				"leftarmpeice": {
					"rotation": {
						"0.0": {
							"post": [-80, 0, 0],
							"lerp_mode": "catmullrom"
						},
						"0.5": {
							"post": [-80, 0, 0],
							"lerp_mode": "catmullrom"
						},
						"1.0": {
							"post": [-80, 0, 0],
							"lerp_mode": "catmullrom"
						}
					}
				},
				"tail": {
					"rotation": {
						"0.0": {
							"post": [17.75313, -9.53274, -3.03513],
							"lerp_mode": "catmullrom"
						},
						"0.5": {
							"post": [17.75313, 9.5327, 3.0351],
							"lerp_mode": "catmullrom"
						},
						"1.0": {
							"post": [17.75313, -9.53274, -3.03513],
							"lerp_mode": "catmullrom"
						}
					}
				},
				"tailpeice1": {
					"rotation": {
						"0.0": {
							"post": [15.34721, -12.06754, -3.28396],
							"lerp_mode": "catmullrom"
						},
						"0.25": {
							"post": [18.71859, -34.46935, -10.85942],
							"lerp_mode": "catmullrom"
						},
						"0.5": {
							"post": [15.34721, 12.0675, 3.284],
							"lerp_mode": "catmullrom"
						},
						"0.75": {
							"post": [18.71859, 34.4693, 10.8594],
							"lerp_mode": "catmullrom"
						},
						"1.0": {
							"post": [15.34721, -12.06754, -3.28396],
							"lerp_mode": "catmullrom"
						}
					}
				},
				"tailpeice2": {
					"rotation": {
						"0.0": {
							"post": [13.08619, -17.07228, -3.90399],
							"lerp_mode": "catmullrom"
						},
						"0.25": {
							"post": [15.88874, -34.26342, -9.11244],
							"lerp_mode": "catmullrom"
						},
						"0.5": {
							"post": [13.08619, 17.0723, 3.904],
							"lerp_mode": "catmullrom"
						},
						"0.75": {
							"post": [15.88874, 34.2634, 9.1124],
							"lerp_mode": "catmullrom"
						},
						"1.0": {
							"post": [13.08619, -17.07228, -3.90399],
							"lerp_mode": "catmullrom"
						}
					}
				},
				"tailpeice3": {
					"rotation": {
						"0.0": {
							"post": [20.15874, -7.04533, -2.57816],
							"lerp_mode": "catmullrom"
						},
						"0.25": {
							"post": [24.55999, -34.00108, -14.33631],
							"lerp_mode": "catmullrom"
						},
						"0.5": {
							"post": [20.15874, 7.0453, 2.5782],
							"lerp_mode": "catmullrom"
						},
						"0.75": {
							"post": [24.55999, 34.0011, 14.3363],
							"lerp_mode": "catmullrom"
						},
						"1.0": {
							"post": [20.15874, -7.04533, -2.57816],
							"lerp_mode": "catmullrom"
						}
					}
				},
				"tailpeice4": {
					"rotation": {
						"0.0": {
							"post": [18.54835, -19.03771, -6.24605],
							"lerp_mode": "catmullrom"
						},
						"0.25": {
							"post": [22.25284, -32.9359, -12.55954],
							"lerp_mode": "catmullrom"
						},
						"0.5": {
							"post": [18.54835, 19.0377, 6.246],
							"lerp_mode": "catmullrom"
						},
						"0.75": {
							"post": [22.25284, 32.9359, 12.5595],
							"lerp_mode": "catmullrom"
						},
						"1.0": {
							"post": [18.54835, -19.03771, -6.24605],
							"lerp_mode": "catmullrom"
						}
					}
				},
				"rightleg": {
					"rotation": {
						"0.0": {
							"post": [-36.24389, 12.97641, 6.63143],
							"lerp_mode": "catmullrom"
						},
						"0.5": {
							"post": [23.11189, 6.517, 4.8406],
							"lerp_mode": "catmullrom"
						},
						"0.75": {
							"post": [-54.066, 9.7467, 5.736],
							"lerp_mode": "catmullrom"
						},
						"1.0": {
							"post": [-36.24389, 12.97641, 6.63143],
							"lerp_mode": "catmullrom"
						}
					}
				},
				"rightlegpeice": {
					"rotation": {
						"0.0": {
							"post": [40, 0, 0],
							"lerp_mode": "catmullrom"
						},
						"0.25": {
							"post": [21.25, 0, 0],
							"lerp_mode": "catmullrom"
						},
						"0.5": {
							"post": [22.5, 0, 0],
							"lerp_mode": "catmullrom"
						},
						"0.75": {
							"post": [61.25, 0, 0],
							"lerp_mode": "catmullrom"
						},
						"0.875": {
							"post": [33.125, 0, 0],
							"lerp_mode": "catmullrom"
						},
						"1.0": {
							"post": [40, 0, 0],
							"lerp_mode": "catmullrom"
						}
					}
				},
				"rightfoot": {
					"rotation": {
						"0.0": {
							"post": [-2.4905, -0.21782, -4.99526],
							"lerp_mode": "catmullrom"
						},
						"0.375": {
							"post": [-26.80995, -1.6376, -4.649],
							"lerp_mode": "catmullrom"
						},
						"0.5": {
							"post": [-24.91643, -2.1109, -4.5336],
							"lerp_mode": "catmullrom"
						},
						"0.625": {
							"post": [-26.80995, -1.6376, -4.649],
							"lerp_mode": "catmullrom"
						},
						"0.75": {
							"post": [11.29654, -1.1643, -4.7644],
							"lerp_mode": "catmullrom"
						},
						"0.875": {
							"post": [-5.59698, -0.6911, -4.8799],
							"lerp_mode": "catmullrom"
						},
						"1.0": {
							"post": [-2.4905, -0.21782, -4.99526],
							"lerp_mode": "catmullrom"
						}
					}
				},
				"leftleg": {
					"rotation": {
						"0.0": {
							"post": [23.11189, -6.51704, -4.84059],
							"lerp_mode": "catmullrom"
						},
						"0.25": {
							"post": [-54.066, -9.74672, -5.736],
							"lerp_mode": "catmullrom"
						},
						"0.5": {
							"post": [-36.24389, -12.9764, -6.6314],
							"lerp_mode": "catmullrom"
						},
						"1.0": {
							"post": [23.11189, -6.51704, -4.84059],
							"lerp_mode": "catmullrom"
						}
					}
				},
				"leftlegpeice": {
					"rotation": {
						"0.0": {
							"post": [22.5, 0, 0],
							"lerp_mode": "catmullrom"
						},
						"0.25": {
							"post": [61.25, 0, 0],
							"lerp_mode": "catmullrom"
						},
						"0.375": {
							"post": [33.125, 0, 0],
							"lerp_mode": "catmullrom"
						},
						"0.5": {
							"post": [40, 0, 0],
							"lerp_mode": "catmullrom"
						},
						"0.75": {
							"post": [21.25, 0, 0],
							"lerp_mode": "catmullrom"
						},
						"1.0": {
							"post": [22.5, 0, 0],
							"lerp_mode": "catmullrom"
						}
					}
				},
				"leftfoot": {
					"rotation": {
						"0.0": {
							"post": [-24.91643, 2.11089, 4.53359],
							"lerp_mode": "catmullrom"
						},
						"0.125": {
							"post": [-26.80995, 1.63762, 4.64902],
							"lerp_mode": "catmullrom"
						},
						"0.25": {
							"post": [11.29654, 1.16434, 4.76445],
							"lerp_mode": "catmullrom"
						},
						"0.375": {
							"post": [-5.59698, 0.69107, 4.87987],
							"lerp_mode": "catmullrom"
						},
						"0.5": {
							"post": [-2.4905, 0.2178, 4.9953],
							"lerp_mode": "catmullrom"
						},
						"0.875": {
							"post": [-26.80995, 1.63762, 4.64902],
							"lerp_mode": "catmullrom"
						},
						"1.0": {
							"post": [-24.91643, 2.11089, 4.53359],
							"lerp_mode": "catmullrom"
						}
					}
				},
				"topeyelids": {
					"rotation": {
						"0.0": {
							"post": [7.5, 0, 0],
							"lerp_mode": "catmullrom"
						},
						"0.25": {
							"post": [-10, 0, 0],
							"lerp_mode": "catmullrom"
						},
						"0.5": {
							"post": [7.5, 0, 0],
							"lerp_mode": "catmullrom"
						},
						"0.75": {
							"post": [-10, 0, 0],
							"lerp_mode": "catmullrom"
						},
						"1.0": {
							"post": [7.5, 0, 0],
							"lerp_mode": "catmullrom"
						}
					}
				}
			}
		},
		"animation.ftl_sc_roxanne.new": {
			"loop": true
		},
		"animation.ftl_sc_roxanne.pose4": {
			"loop": true,
			"bones": {
				"waist": {
					"position": [0, -1, 0]
				},
				"bodywaist": {
					"rotation": [-0.21865, 4.99523, -12.50954]
				},
				"body": {
					"rotation": [-5, 2.5, 10]
				},
				"neck": {
					"rotation": [0, -5, 2.5]
				},
				"head": {
					"rotation": [-2.5, -7.5, 7.5]
				},
				"topeyelids": {
					"rotation": [10, 0, 0]
				},
				"jaw": {
					"rotation": [22.5, 0, 0]
				},
				"hair": {
					"rotation": [2.5, 0, 0]
				},
				"hairpeice": {
					"rotation": [2.5, 0, -7.5]
				},
				"rightarm": {
					"rotation": [8.8378, 14.94159, 5.17544]
				},
				"rightarmpeice": {
					"rotation": [-12.5, 0, 0]
				},
				"righthand": {
					"rotation": [-3.6083, -27.11378, 13.73305]
				},
				"rightfinger1": {
					"rotation": [-2.48107, 0.43523, 4.98107]
				},
				"rightfingerpiece1": {
					"rotation": [0, 0, 10]
				},
				"rightfinger2": {
					"rotation": [-0.05919, 0.54094, -12.48848]
				},
				"rightfingerpiece2": {
					"rotation": [0, 0, -17.5]
				},
				"rightfinger3": {
					"rotation": [0, 0, -5]
				},
				"rightfingerpiece3": {
					"rotation": [0, 0, -12.5]
				},
				"rightfinger4": {
					"rotation": [-4.0895, -3.6983, -9.33701]
				},
				"rightfingerpiece4": {
					"rotation": [12.5, 0, 0]
				},
				"leftarm": {
					"rotation": [-77.41342, -50.30899, -13.51859]
				},
				"leftarmpeice": {
					"rotation": [-110, 0, 0]
				},
				"lefthand": {
					"rotation": [-39.80128, -75.71694, 21.02674]
				},
				"leftfinger1": {
					"rotation": [1.34505, 2.21738, 62.47765]
				},
				"leftfingerpiece1": {
					"rotation": [0, 0, 15]
				},
				"leftfinger2": {
					"rotation": [-0.73167, -1.76749, 44.97272]
				},
				"leftfingerpiece2": {
					"rotation": [0, 0, 22.5]
				},
				"leftfinger3": {
					"rotation": [0, 0, 50]
				},
				"leftfingerpiece3": {
					"rotation": [0, 0, 17.5]
				},
				"leftfinger4": {
					"rotation": [-39.00964, 47.68356, 26.30866]
				},
				"leftfingerpiece4": {
					"rotation": [27.5, 0, 0]
				},
				"tail": {
					"rotation": [-38.3342, 21.34719, -1.40923]
				},
				"tailpeice1": {
					"rotation": [-25.18908, 6.79382, -3.18458]
				},
				"tailpeice2": {
					"rotation": [-23.47603, 16.1299, -6.88003]
				},
				"tailpeice3": {
					"rotation": [-7.67995, 12.39135, -1.6575]
				},
				"tailpeice4": {
					"rotation": [-7.7614, 14.8687, -2.00307]
				},
				"rightleg": {
					"rotation": [-4.2026, -32.20102, 8.8594],
					"position": [0, -3, 0]
				},
				"rightlegpeice": {
					"rotation": [22.5, 0, 0]
				},
				"rightfoot": {
					"rotation": [-22.31197, -3.1622, -6.80423]
				},
				"leftleg": {
					"rotation": [-6.84385, 17.13972, -8.48138]
				},
				"leftlegpeice": {
					"rotation": [7.5, 0, 0]
				},
				"leftfoot": {
					"rotation": [-2.47864, 0.32621, 7.49294]
				}
			}
		},
		"animation.ftl_sc_roxanne.pose3": {
			"loop": true,
			"bones": {
				"waist": {
					"position": [0, -13, 0]
				},
				"bodywaist": {
					"rotation": [10, 0, 0],
					"position": [0, 0, -1]
				},
				"body": {
					"rotation": [15, 0, 0]
				},
				"neck": {
					"rotation": [-10, 0, 0]
				},
				"head": {
					"rotation": [-12.5, 0, 0]
				},
				"topeyelids": {
					"rotation": [-17.5, 0, 0]
				},
				"jaw": {
					"rotation": [50, 0, 0]
				},
				"hair": {
					"rotation": [5, 0, 0]
				},
				"hairpeice": {
					"rotation": [15, 0, 0]
				},
				"rightarm": {
					"rotation": [-64.45489, 39.72844, -9.29656]
				},
				"rightarmpeice": {
					"rotation": [-100, 0, 0]
				},
				"righthand": {
					"rotation": [-117.06644, 53.04328, -129.51487]
				},
				"tail": {
					"rotation": [22.5, 0, 0]
				},
				"tailpeice1": {
					"rotation": [22.5, 0, 0]
				},
				"tailpeice2": {
					"rotation": [17.5, 0, 0]
				},
				"tailpeice3": {
					"rotation": [20, 0, 0]
				},
				"tailpeice4": {
					"rotation": [22.5, 0, 0]
				},
				"rightleg": {
					"rotation": [-48.18307, 19.92066, 5.3191]
				},
				"rightlegpeice": {
					"rotation": [70, 0, 0]
				},
				"rightfoot": {
					"rotation": [-19.9299, -1.70818, -4.69986]
				},
				"leftleg": {
					"rotation": [-48.4259, -17.43127, -5.24133]
				},
				"leftlegpeice": {
					"rotation": [72.5, 0, 0]
				},
				"leftfoot": {
					"rotation": [-19.93745, 1.50179, 4.76968]
				},
				"bottumeyelids": {
					"rotation": [-35, 0, 0],
					"position": [0, 0, -0.2]
				},
				"rightear": {
					"rotation": [0, 0, 12.5]
				},
				"rightearring": {
					"rotation": [0, 0, -20]
				},
				"leftear": {
					"rotation": [0, 0, -10]
				},
				"leftearring": {
					"rotation": [0, 0, 15]
				},
				"rightfinger1": {
					"rotation": [-5, 0, 0]
				},
				"rightfingerpiece1": {
					"rotation": [0, 0, 12.5]
				},
				"rightfinger2": {
					"rotation": [5, 0, 0]
				},
				"rightfingerpiece2": {
					"rotation": [0, 0, 10]
				},
				"rightfinger3": {
					"rotation": [0, 0, -72.5]
				},
				"rightfingerpiece3": {
					"rotation": [0, 0, -82.5]
				},
				"rightfinger4": {
					"rotation": [-55, 0, 0]
				},
				"rightfingerpiece4": {
					"rotation": [2.5, 0, 0]
				},
				"leftarm": {
					"rotation": [-64.45489, -39.7284, 9.2966]
				},
				"leftarmpeice": {
					"rotation": [-100, 0, 0]
				},
				"lefthand": {
					"rotation": [-117.06644, -53.0433, 129.5149]
				},
				"leftfinger1": {
					"rotation": [-5, 0, 0]
				},
				"leftfingerpiece1": {
					"rotation": [0, 0, -15]
				},
				"leftfinger2": {
					"rotation": [5, 0, 0]
				},
				"leftfingerpiece2": {
					"rotation": [0, 0, -15]
				},
				"leftfinger3": {
					"rotation": [0, 0, 72.5]
				},
				"leftfingerpiece3": {
					"rotation": [0, 0, 85]
				},
				"leftfinger4": {
					"rotation": [-42.5, 0, 0]
				},
				"leftfingerpiece4": {
					"rotation": [5, 0, 0]
				}
			}
		},
		"animation.ftl_sc_roxanne.pose2": {
			"loop": true,
			"bones": {
				"waist": {
					"rotation": [0, -17.5, 0]
				},
				"bodywaist": {
					"rotation": [-12.5, 0, 0]
				},
				"body": {
					"rotation": [9.99671, -2.02809, -2.89592]
				},
				"neck": {
					"rotation": [5, 0, 0]
				},
				"head": {
					"rotation": [0, -10, -2.5]
				},
				"rightear": {
					"rotation": [0, 0, 7.5]
				},
				"rightearring": {
					"rotation": [0, 0, 45]
				},
				"leftear": {
					"rotation": [0, 0, -10]
				},
				"leftearring": {
					"rotation": [0, 0, -45]
				},
				"jaw": {
					"rotation": [45, 0, 0]
				},
				"hair": {
					"rotation": [17.35932, -2.24944, 7.15656]
				},
				"hairpeice": {
					"rotation": [23.57548, 3.0464, 20.87934]
				},
				"rightarm": {
					"rotation": [27.1859, -17.2294, 31.5667]
				},
				"rightarmpeice": {
					"rotation": [-67.5, 0, 0]
				},
				"righthand": {
					"rotation": [0, -17.5, -7.5]
				},
				"leftarm": {
					"rotation": [-0.77443, 30.52336, -38.14474]
				},
				"leftarmpeice": {
					"rotation": [-75, 0, 0]
				},
				"lefthand": {
					"rotation": [-14.38758, -3.70815, 14.13061]
				},
				"tail": {
					"rotation": [38.95658, 24.1782, 18.32252]
				},
				"tailpeice1": {
					"rotation": [0, 32.5, 0]
				},
				"tailpeice2": {
					"rotation": [0, 32.5, 0]
				},
				"tailpeice3": {
					"rotation": [0, 40, 0]
				},
				"tailpeice4": {
					"rotation": [0, 27.5, 0]
				},
				"rightleg": {
					"rotation": [-61.83037, 14.98539, 2.58807]
				},
				"rightlegpeice": {
					"rotation": [112.5, 0, 0]
				},
				"rightfoot": {
					"rotation": [35, 0, 0]
				},
				"leftleg": {
					"rotation": [-39.11955, -9.96156, -5.07673]
				},
				"leftlegpeice": {
					"rotation": [10, 0, 0]
				},
				"leftfoot": {
					"rotation": [25, 0, 0]
				}
			}
		},
		"animation.ftl_sc_roxanne.pose1": {
			"loop": true,
			"bones": {
				"waist": {
					"position": [0, -1, 0]
				},
				"head": {
					"rotation": [-12.8327, -12.79768, -12.35105]
				},
				"topeyelids": {
					"rotation": [10, 0, 0]
				},
				"jaw": {
					"rotation": [32.5, 0, 0]
				},
				"rightear": {
					"rotation": [0, 0, -5]
				},
				"rightearring": {
					"rotation": [0, 0, 10]
				},
				"leftear": {
					"rotation": [0, 0, -7.5]
				},
				"leftearring": {
					"rotation": [0, 0, 22.5]
				},
				"hair": {
					"rotation": [-2.15155, 1.7017, 10.05333]
				},
				"hairpeice": {
					"rotation": [0.53326, 9.51262, 11.02374]
				},
				"neck": {
					"rotation": [17.5, -7.5, -7.5]
				},
				"body": {
					"rotation": [11.25967, 8.01935, 11.66777],
					"position": [0, 0, 0]
				},
				"bodywaist": {
					"rotation": [-1.6575, 12.39135, -7.67995]
				},
				"tail": {
					"rotation": [16.17354, 21.69365, 6.1191]
				},
				"tailpeice1": {
					"rotation": [23.78773, 18.42031, 7.92945]
				},
				"tailpeice2": {
					"rotation": [31.04835, 19.03771, 6.24605]
				},
				"tailpeice3": {
					"rotation": [25.23772, 12.3071, 2.20462]
				},
				"tailpeice4": {
					"rotation": [15, 10, 0]
				},
				"rightleg": {
					"rotation": [-5.9259, 17.43127, 5.24133],
					"position": [0, 0, 1]
				},
				"rightlegpeice": {
					"rotation": [22.5, 0, 0]
				},
				"rightfoot": {
					"rotation": [-15, 0, -5]
				},
				"leftleg": {
					"rotation": [-15, -15, 0],
					"position": [0, 0, -2]
				},
				"leftlegpeice": {
					"rotation": [10, 0, 0]
				},
				"leftfoot": {
					"rotation": [5, 0, 0]
				},
				"rightarm": {
					"rotation": [-5.94936, -24.44645, 8.23561]
				},
				"rightarmpeice": {
					"rotation": [-10, 0, 0]
				},
				"righthand": {
					"rotation": [0, -22.5, -7.5]
				},
				"rightfinger1": {
					"rotation": [0.23397, -1.05627, -24.97911]
				},
				"rightfingerpiece1": {
					"rotation": [0, 0, -17.5]
				},
				"rightfinger2": {
					"rotation": [-0.81044, 1.84293, -47.47282]
				},
				"rightfingerpiece2": {
					"rotation": [0, 0, -35]
				},
				"rightfinger3": {
					"rotation": [0, 0, -35]
				},
				"rightfingerpiece3": {
					"rotation": [0, 0, -25]
				},
				"rightfinger4": {
					"rotation": [-1.33803, -3.56939, -12.03749]
				},
				"rightfingerpiece4": {
					"rotation": [15, 0, 0]
				},
				"leftarm": {
					"rotation": [68.38037, 46.14576, 2.75137]
				},
				"leftarmpeice": {
					"rotation": [-102.5, 0, 0]
				},
				"lefthand": {
					"rotation": [22.92945, -18.42031, -23.78773]
				},
				"leftfinger1": {
					"rotation": [0.03793, 0.43399, 9.99067]
				},
				"leftfingerpiece1": {
					"rotation": [0, 0, -25]
				},
				"leftfinger2": {
					"rotation": [-0.05919, -0.54094, 12.48848]
				},
				"leftfingerpiece2": {
					"rotation": [0, 0, -30]
				},
				"leftfinger3": {
					"rotation": [0, 0, -2.5]
				},
				"leftfingerpiece3": {
					"rotation": [0, 0, -25]
				},
				"leftfinger4": {
					"rotation": [-6.01669, -23.42199, 27.18768]
				},
				"leftfingerpiece4": {
					"rotation": [-10, 0, 0]
				}
			}
		},
		"animation.ftl_sc_roxanne.running": {
			"loop": true,
			"animation_length": 1,
			"anim_time_update": "query.modified_distance_moved *0.1",
			"bones": {
				"waist": {
					"position": {
						"0.0": {
							"post": [0, -6, 0],
							"lerp_mode": "catmullrom"
						},
						"0.125": {
							"post": [0, -3, 0],
							"lerp_mode": "catmullrom"
						},
						"0.25": {
							"post": [0, -2, 0],
							"lerp_mode": "catmullrom"
						},
						"0.5": {
							"post": [0, -6, 0],
							"lerp_mode": "catmullrom"
						},
						"0.625": {
							"post": [0, -3, 0],
							"lerp_mode": "catmullrom"
						},
						"0.75": {
							"post": [0, -2, 0],
							"lerp_mode": "catmullrom"
						},
						"1.0": {
							"post": [0, -6, 0],
							"lerp_mode": "catmullrom"
						}
					}
				},
				"bodywaist": {
					"rotation": {
						"0.0": {
							"post": [12.71051, -14.35935, 7.03607],
							"lerp_mode": "catmullrom"
						},
						"0.25": {
							"post": [10, 0, 0],
							"lerp_mode": "catmullrom"
						},
						"0.5": {
							"post": [12.71051, 14.3593, -7.0361],
							"lerp_mode": "catmullrom"
						},
						"0.75": {
							"post": [10, 0, 0],
							"lerp_mode": "catmullrom"
						},
						"1.0": {
							"post": [12.71051, -14.35935, 7.03607],
							"lerp_mode": "catmullrom"
						}
					}
				},
				"body": {
					"rotation": {
						"0.0": {
							"post": [20.54202, 12.63874, -10.67264],
							"lerp_mode": "catmullrom"
						},
						"0.25": {
							"post": [20, 0, 0],
							"lerp_mode": "catmullrom"
						},
						"0.5": {
							"post": [20.54202, -12.6387, 10.6726],
							"lerp_mode": "catmullrom"
						},
						"0.75": {
							"post": [20, 0, 0],
							"lerp_mode": "catmullrom"
						},
						"1.0": {
							"post": [20.54202, 12.63874, -10.67264],
							"lerp_mode": "catmullrom"
						}
					}
				},
				"neck": {
					"rotation": {
						"0.0": {
							"post": [-15, 0, 0],
							"lerp_mode": "catmullrom"
						},
						"0.25": {
							"post": [-10, 0, 0],
							"lerp_mode": "catmullrom"
						},
						"0.5": {
							"post": [-15, 0, 0],
							"lerp_mode": "catmullrom"
						},
						"0.75": {
							"post": [-10, 0, 0],
							"lerp_mode": "catmullrom"
						},
						"1.0": {
							"post": [-15, 0, 0],
							"lerp_mode": "catmullrom"
						}
					}
				},
				"head": {
					"rotation": {
						"0.0": {
							"post": [7.05956, 30.74432, 24.60836],
							"lerp_mode": "catmullrom"
						},
						"0.25": {
							"post": [-35.48312, -8.84286, -7.15604],
							"lerp_mode": "catmullrom"
						},
						"0.5": {
							"post": [7.05956, -30.7443, -24.6084],
							"lerp_mode": "catmullrom"
						},
						"0.75": {
							"post": [-35.48312, 8.8429, 7.156],
							"lerp_mode": "catmullrom"
						},
						"1.0": {
							"post": [7.05956, 30.74432, 24.60836],
							"lerp_mode": "catmullrom"
						}
					}
				},
				"rightear": {
					"rotation": {
						"0.0": {
							"post": [0, 0, -5],
							"lerp_mode": "catmullrom"
						},
						"0.25": {
							"post": [0, 0, 0],
							"lerp_mode": "catmullrom"
						},
						"0.5": {
							"post": [0, 0, -5],
							"lerp_mode": "catmullrom"
						},
						"0.75": {
							"post": [0, 0, 0],
							"lerp_mode": "catmullrom"
						},
						"1.0": {
							"post": [0, 0, -5],
							"lerp_mode": "catmullrom"
						}
					}
				},
				"rightearring": {
					"rotation": {
						"0.0": {
							"post": [0, 0, -10],
							"lerp_mode": "catmullrom"
						},
						"0.25": {
							"post": [0, 0, 30],
							"lerp_mode": "catmullrom"
						},
						"0.5": {
							"post": [0, 0, -10],
							"lerp_mode": "catmullrom"
						},
						"0.75": {
							"post": [0, 0, 30],
							"lerp_mode": "catmullrom"
						},
						"1.0": {
							"post": [0, 0, -10],
							"lerp_mode": "catmullrom"
						}
					}
				},
				"leftear": {
					"rotation": {
						"0.0": {
							"post": [0, 0, 7.5],
							"lerp_mode": "catmullrom"
						},
						"0.25": {
							"post": [0, 0, 0],
							"lerp_mode": "catmullrom"
						},
						"0.5": {
							"post": [0, 0, 7.5],
							"lerp_mode": "catmullrom"
						},
						"0.75": {
							"post": [0, 0, 0],
							"lerp_mode": "catmullrom"
						},
						"1.0": {
							"post": [0, 0, 7.5],
							"lerp_mode": "catmullrom"
						}
					}
				},
				"leftearring": {
					"rotation": {
						"0.0": {
							"post": [0, 0, 7.5],
							"lerp_mode": "catmullrom"
						},
						"0.25": {
							"post": [0, 0, -22.5],
							"lerp_mode": "catmullrom"
						},
						"0.5": {
							"post": [0, 0, 7.5],
							"lerp_mode": "catmullrom"
						},
						"0.75": {
							"post": [0, 0, -22.5],
							"lerp_mode": "catmullrom"
						},
						"1.0": {
							"post": [0, 0, 7.5],
							"lerp_mode": "catmullrom"
						}
					}
				},
				"jaw": {
					"rotation": {
						"0.0": {
							"post": [62.5, 0, 0],
							"lerp_mode": "catmullrom"
						},
						"0.25": {
							"post": [32.5, 0, 0],
							"lerp_mode": "catmullrom"
						},
						"0.5": {
							"post": [62.5, 0, 0],
							"lerp_mode": "catmullrom"
						},
						"0.75": {
							"post": [32.5, 0, 0],
							"lerp_mode": "catmullrom"
						},
						"1.0": {
							"post": [62.5, 0, 0],
							"lerp_mode": "catmullrom"
						}
					}
				},
				"hair": {
					"rotation": {
						"0.0": {
							"post": [5, 0, 0],
							"lerp_mode": "catmullrom"
						},
						"0.25": {
							"post": [12.5, 0, 0],
							"lerp_mode": "catmullrom"
						},
						"0.5": {
							"post": [5, 0, 0],
							"lerp_mode": "catmullrom"
						},
						"0.75": {
							"post": [12.5, 0, 0],
							"lerp_mode": "catmullrom"
						},
						"1.0": {
							"post": [5, 0, 0],
							"lerp_mode": "catmullrom"
						}
					}
				},
				"hairpeice": {
					"rotation": {
						"0.0": {
							"post": [15, 0, 0],
							"lerp_mode": "catmullrom"
						},
						"0.25": {
							"post": [25, 0, 0],
							"lerp_mode": "catmullrom"
						},
						"0.5": {
							"post": [15, 0, 0],
							"lerp_mode": "catmullrom"
						},
						"0.75": {
							"post": [25, 0, 0],
							"lerp_mode": "catmullrom"
						},
						"1.0": {
							"post": [15, 0, 0],
							"lerp_mode": "catmullrom"
						}
					}
				},
				"rightarm": {
					"rotation": {
						"0.0": {
							"post": [102.71738, 31.01138, 180.6304],
							"lerp_mode": "catmullrom"
						},
						"0.25": {
							"post": [3.9513, 15.18982, 89.29681],
							"lerp_mode": "catmullrom"
						},
						"0.5": {
							"post": [-61.75195, -24.022, 33.3379],
							"lerp_mode": "catmullrom"
						},
						"0.75": {
							"post": [0.17317, 9.58757, 80.53147],
							"lerp_mode": "catmullrom"
						},
						"1.0": {
							"post": [102.71738, 31.01138, 180.6304],
							"lerp_mode": "catmullrom"
						}
					}
				},
				"rightarmpeice": {
					"rotation": {
						"0.0": {
							"post": [-65, 0, 0],
							"lerp_mode": "catmullrom"
						},
						"0.25": {
							"post": [1.00586, 0, 0],
							"lerp_mode": "catmullrom"
						},
						"0.5": {
							"post": [-32.5, 0, 0],
							"lerp_mode": "catmullrom"
						},
						"0.75": {
							"post": [-108.59375, 0, 0],
							"lerp_mode": "catmullrom"
						},
						"1.0": {
							"post": [-65, 0, 0],
							"lerp_mode": "catmullrom"
						}
					}
				},
				"leftarm": {
					"rotation": {
						"0.0": {
							"post": [-61.75195, 24.02196, -33.33793],
							"lerp_mode": "catmullrom"
						},
						"0.25": {
							"post": [5.52732, -30.2555, -82.99145],
							"lerp_mode": "catmullrom"
						},
						"0.5": {
							"post": [102.71738, -31.0114, -180.6304],
							"lerp_mode": "catmullrom"
						},
						"0.75": {
							"post": [10.04369, -23.68658, -95.25521],
							"lerp_mode": "catmullrom"
						},
						"1.0": {
							"post": [-61.75195, 24.02196, -33.33793],
							"lerp_mode": "catmullrom"
						}
					}
				},
				"leftarmpeice": {
					"rotation": {
						"0.0": {
							"post": [-32.5, 0, 0],
							"lerp_mode": "catmullrom"
						},
						"0.25": {
							"post": [-111.40625, 0, 0],
							"lerp_mode": "catmullrom"
						},
						"0.5": {
							"post": [-65, 0, 0],
							"lerp_mode": "catmullrom"
						},
						"0.75": {
							"post": [-0.84961, 0, 0],
							"lerp_mode": "catmullrom"
						},
						"1.0": {
							"post": [-32.5, 0, 0],
							"lerp_mode": "catmullrom"
						}
					}
				},
				"tail": {
					"rotation": {
						"0.0": {
							"post": [17.75313, -9.53274, -3.03513],
							"lerp_mode": "catmullrom"
						},
						"0.5": {
							"post": [17.75313, 9.5327, 3.0351],
							"lerp_mode": "catmullrom"
						},
						"1.0": {
							"post": [17.75313, -9.53274, -3.03513],
							"lerp_mode": "catmullrom"
						}
					}
				},
				"tailpeice1": {
					"rotation": {
						"0.0": {
							"post": [15.34721, -12.06754, -3.28396],
							"lerp_mode": "catmullrom"
						},
						"0.25": {
							"post": [18.71859, -34.46935, -10.85942],
							"lerp_mode": "catmullrom"
						},
						"0.5": {
							"post": [15.34721, 12.0675, 3.284],
							"lerp_mode": "catmullrom"
						},
						"0.75": {
							"post": [18.71859, 34.4693, 10.8594],
							"lerp_mode": "catmullrom"
						},
						"1.0": {
							"post": [15.34721, -12.06754, -3.28396],
							"lerp_mode": "catmullrom"
						}
					}
				},
				"tailpeice2": {
					"rotation": {
						"0.0": {
							"post": [13.08619, -17.07228, -3.90399],
							"lerp_mode": "catmullrom"
						},
						"0.25": {
							"post": [15.88874, -34.26342, -9.11244],
							"lerp_mode": "catmullrom"
						},
						"0.5": {
							"post": [13.08619, 17.0723, 3.904],
							"lerp_mode": "catmullrom"
						},
						"0.75": {
							"post": [15.88874, 34.2634, 9.1124],
							"lerp_mode": "catmullrom"
						},
						"1.0": {
							"post": [13.08619, -17.07228, -3.90399],
							"lerp_mode": "catmullrom"
						}
					}
				},
				"tailpeice3": {
					"rotation": {
						"0.0": {
							"post": [20.15874, -7.04533, -2.57816],
							"lerp_mode": "catmullrom"
						},
						"0.25": {
							"post": [24.55999, -34.00108, -14.33631],
							"lerp_mode": "catmullrom"
						},
						"0.5": {
							"post": [20.15874, 7.0453, 2.5782],
							"lerp_mode": "catmullrom"
						},
						"0.75": {
							"post": [24.55999, 34.0011, 14.3363],
							"lerp_mode": "catmullrom"
						},
						"1.0": {
							"post": [20.15874, -7.04533, -2.57816],
							"lerp_mode": "catmullrom"
						}
					}
				},
				"tailpeice4": {
					"rotation": {
						"0.0": {
							"post": [18.54835, -19.03771, -6.24605],
							"lerp_mode": "catmullrom"
						},
						"0.25": {
							"post": [22.25284, -32.9359, -12.55954],
							"lerp_mode": "catmullrom"
						},
						"0.5": {
							"post": [18.54835, 19.0377, 6.246],
							"lerp_mode": "catmullrom"
						},
						"0.75": {
							"post": [22.25284, 32.9359, 12.5595],
							"lerp_mode": "catmullrom"
						},
						"1.0": {
							"post": [18.54835, -19.03771, -6.24605],
							"lerp_mode": "catmullrom"
						}
					}
				},
				"rightleg": {
					"rotation": {
						"0.0": {
							"post": [-36.24389, 12.97641, 6.63143],
							"lerp_mode": "catmullrom"
						},
						"0.5": {
							"post": [23.11189, 6.517, 4.8406],
							"lerp_mode": "catmullrom"
						},
						"0.75": {
							"post": [-54.066, 9.7467, 5.736],
							"lerp_mode": "catmullrom"
						},
						"1.0": {
							"post": [-36.24389, 12.97641, 6.63143],
							"lerp_mode": "catmullrom"
						}
					}
				},
				"rightlegpeice": {
					"rotation": {
						"0.0": {
							"post": [40, 0, 0],
							"lerp_mode": "catmullrom"
						},
						"0.25": {
							"post": [21.25, 0, 0],
							"lerp_mode": "catmullrom"
						},
						"0.5": {
							"post": [22.5, 0, 0],
							"lerp_mode": "catmullrom"
						},
						"0.75": {
							"post": [61.25, 0, 0],
							"lerp_mode": "catmullrom"
						},
						"0.875": {
							"post": [33.125, 0, 0],
							"lerp_mode": "catmullrom"
						},
						"1.0": {
							"post": [40, 0, 0],
							"lerp_mode": "catmullrom"
						}
					}
				},
				"rightfoot": {
					"rotation": {
						"0.0": {
							"post": [-2.4905, -0.21782, -4.99526],
							"lerp_mode": "catmullrom"
						},
						"0.375": {
							"post": [-26.80995, -1.6376, -4.649],
							"lerp_mode": "catmullrom"
						},
						"0.5": {
							"post": [-24.91643, -2.1109, -4.5336],
							"lerp_mode": "catmullrom"
						},
						"0.625": {
							"post": [-26.80995, -1.6376, -4.649],
							"lerp_mode": "catmullrom"
						},
						"0.75": {
							"post": [11.29654, -1.1643, -4.7644],
							"lerp_mode": "catmullrom"
						},
						"0.875": {
							"post": [-5.59698, -0.6911, -4.8799],
							"lerp_mode": "catmullrom"
						},
						"1.0": {
							"post": [-2.4905, -0.21782, -4.99526],
							"lerp_mode": "catmullrom"
						}
					}
				},
				"leftleg": {
					"rotation": {
						"0.0": {
							"post": [23.11189, -6.51704, -4.84059],
							"lerp_mode": "catmullrom"
						},
						"0.25": {
							"post": [-54.066, -9.74672, -5.736],
							"lerp_mode": "catmullrom"
						},
						"0.5": {
							"post": [-36.24389, -12.9764, -6.6314],
							"lerp_mode": "catmullrom"
						},
						"1.0": {
							"post": [23.11189, -6.51704, -4.84059],
							"lerp_mode": "catmullrom"
						}
					}
				},
				"leftlegpeice": {
					"rotation": {
						"0.0": {
							"post": [22.5, 0, 0],
							"lerp_mode": "catmullrom"
						},
						"0.25": {
							"post": [61.25, 0, 0],
							"lerp_mode": "catmullrom"
						},
						"0.375": {
							"post": [33.125, 0, 0],
							"lerp_mode": "catmullrom"
						},
						"0.5": {
							"post": [40, 0, 0],
							"lerp_mode": "catmullrom"
						},
						"0.75": {
							"post": [21.25, 0, 0],
							"lerp_mode": "catmullrom"
						},
						"1.0": {
							"post": [22.5, 0, 0],
							"lerp_mode": "catmullrom"
						}
					}
				},
				"leftfoot": {
					"rotation": {
						"0.0": {
							"post": [-24.91643, 2.11089, 4.53359],
							"lerp_mode": "catmullrom"
						},
						"0.125": {
							"post": [-26.80995, 1.63762, 4.64902],
							"lerp_mode": "catmullrom"
						},
						"0.25": {
							"post": [11.29654, 1.16434, 4.76445],
							"lerp_mode": "catmullrom"
						},
						"0.375": {
							"post": [-5.59698, 0.69107, 4.87987],
							"lerp_mode": "catmullrom"
						},
						"0.5": {
							"post": [-2.4905, 0.2178, 4.9953],
							"lerp_mode": "catmullrom"
						},
						"0.875": {
							"post": [-26.80995, 1.63762, 4.64902],
							"lerp_mode": "catmullrom"
						},
						"1.0": {
							"post": [-24.91643, 2.11089, 4.53359],
							"lerp_mode": "catmullrom"
						}
					}
				},
				"topeyelids": {
					"rotation": {
						"0.0": {
							"post": [-10, 0, 0],
							"lerp_mode": "catmullrom"
						},
						"0.25": {
							"post": [-22.5, 0, 0],
							"lerp_mode": "catmullrom"
						},
						"0.5": {
							"post": [-10, 0, 0],
							"lerp_mode": "catmullrom"
						},
						"0.75": {
							"post": [-22.5, 0, 0],
							"lerp_mode": "catmullrom"
						},
						"1.0": {
							"post": [-10, 0, 0],
							"lerp_mode": "catmullrom"
						}
					}
				},
				"rightfinger1": {
					"rotation": [-19.97096, 11.2531, 25.25766]
				},
				"rightfingerpiece1": {
					"rotation": [0, 0, -42.5]
				},
				"rightfinger2": {
					"rotation": [13.74074, -6.60796, 21.55613]
				},
				"rightfingerpiece2": {
					"rotation": [0, 0, -37.5]
				},
				"rightfinger3": {
					"rotation": [0, 0, 27.5]
				},
				"rightfingerpiece3": {
					"rotation": [0, 0, -55]
				},
				"rightfinger4": {
					"rotation": [-24.71795, -13.12717, -15.37448]
				},
				"rightfingerpiece4": {
					"rotation": [37.5, 0, 0]
				},
				"leftfinger1": {
					"rotation": [-16.50371, -5.90316, -19.14314]
				},
				"leftfingerpiece1": {
					"rotation": [0, 0, 55]
				},
				"leftfinger2": {
					"rotation": [17.67393, 10.17781, -25.68482]
				},
				"leftfingerpiece2": {
					"rotation": [0, 0, 55]
				},
				"leftfinger3": {
					"rotation": [0, 0, -25]
				},
				"leftfingerpiece3": {
					"rotation": [0, 0, 47.5]
				},
				"leftfinger4": {
					"rotation": [-17.05288, 16.13018, 25.94755]
				},
				"leftfingerpiece4": {
					"rotation": [40, 0, 0]
				}
			}
		},
		"animation.ftl_sc_roxanne.attack": {
			"animation_length": 0.95833,
			"bones": {
				"bodywaist": {
					"rotation": {
						"0.0": {
							"post": [0, 0, 0],
							"lerp_mode": "catmullrom"
						},
						"0.125": {
							"post": [47.5, 0, 0],
							"lerp_mode": "catmullrom"
						},
						"0.7083": {
							"post": [47.5, 0, 0],
							"lerp_mode": "catmullrom"
						},
						"0.8333": {
							"post": [0, 0, 0],
							"lerp_mode": "catmullrom"
						},
						"0.9583": {
							"post": [0, 0, 0],
							"lerp_mode": "catmullrom"
						}
					}
				},
				"body": {
					"rotation": {
						"0.0": {
							"post": [0, 0, 0],
							"lerp_mode": "catmullrom"
						},
						"0.125": {
							"post": [22.5, 0, 0],
							"lerp_mode": "catmullrom"
						},
						"0.7083": {
							"post": [22.5, 0, 0],
							"lerp_mode": "catmullrom"
						},
						"0.8333": {
							"post": [0, 0, 0],
							"lerp_mode": "catmullrom"
						},
						"0.9583": {
							"post": [0, 0, 0],
							"lerp_mode": "catmullrom"
						}
					}
				},
				"head": {
					"rotation": {
						"0.0": {
							"post": [0, 0, 0],
							"lerp_mode": "catmullrom"
						},
						"0.125": {
							"post": [-60.5782, -23.40882, 1.4036],
							"lerp_mode": "catmullrom"
						},
						"0.2917": {
							"post": [-60.5232, 31.62748, -24.0877],
							"lerp_mode": "catmullrom"
						},
						"0.4583": {
							"post": [-50.07553, 2.83121, 25.69335],
							"lerp_mode": "catmullrom"
						},
						"0.625": {
							"post": [-61.62868, 32.68154, 17.2779],
							"lerp_mode": "catmullrom"
						},
						"0.75": {
							"post": [0, 0, 0],
							"lerp_mode": "catmullrom"
						},
						"0.9583": {
							"post": [0, 0, 0],
							"lerp_mode": "catmullrom"
						}
					}
				},
				"jaw": {
					"rotation": {
						"0.0": {
							"post": [0, 0, 0],
							"lerp_mode": "catmullrom"
						},
						"0.125": {
							"post": [80, 0, 0],
							"lerp_mode": "catmullrom"
						},
						"0.2083": {
							"post": [19.88095, 0, 0],
							"lerp_mode": "catmullrom"
						},
						"0.2917": {
							"post": [54.7619, 0, 0],
							"lerp_mode": "catmullrom"
						},
						"0.375": {
							"post": [8.31933, 0, 0],
							"lerp_mode": "catmullrom"
						},
						"0.4583": {
							"post": [47.21008, 0, 0],
							"lerp_mode": "catmullrom"
						},
						"0.5417": {
							"post": [6.19699, 0, 0],
							"lerp_mode": "catmullrom"
						},
						"0.625": {
							"post": [65.1839, 0, 0],
							"lerp_mode": "catmullrom"
						},
						"0.75": {
							"post": [0, 0, 0],
							"lerp_mode": "catmullrom"
						},
						"0.9583": {
							"post": [0, 0, 0],
							"lerp_mode": "catmullrom"
						}
					}
				},
				"hair": {
					"rotation": {
						"0.0": {
							"post": [0, 0, 0],
							"lerp_mode": "catmullrom"
						},
						"0.125": {
							"post": [42.5, 0, 0],
							"lerp_mode": "catmullrom"
						},
						"0.4583": {
							"post": [20, 0, 0],
							"lerp_mode": "catmullrom"
						},
						"0.625": {
							"post": [27.5, 0, 0],
							"lerp_mode": "catmullrom"
						},
						"0.75": {
							"post": [0, 0, 0],
							"lerp_mode": "catmullrom"
						},
						"0.9583": {
							"post": [0, 0, 0],
							"lerp_mode": "catmullrom"
						}
					}
				},
				"hairpeice": {
					"rotation": {
						"0.0": {
							"post": [0, 0, 0],
							"lerp_mode": "catmullrom"
						},
						"0.125": {
							"post": [8.99873, 21.27762, 10.69857],
							"lerp_mode": "catmullrom"
						},
						"0.2917": {
							"post": [0, 0, -27.5],
							"lerp_mode": "catmullrom"
						},
						"0.4583": {
							"post": [19.65736, -15.7627, 9.75235],
							"lerp_mode": "catmullrom"
						},
						"0.625": {
							"post": [38.32594, -20.00638, -28.80498],
							"lerp_mode": "catmullrom"
						},
						"0.75": {
							"post": [0, 0, 0],
							"lerp_mode": "catmullrom"
						},
						"0.9583": {
							"post": [0, 0, 0],
							"lerp_mode": "catmullrom"
						}
					}
				}
			}
		}
	}
}
\\"": \\\\""?\\\"": \\\\""?\\\"": \\\\""?\\\"": \\\\""?\\\"": \\\\""?\\\"": \\\\""?\\\"": \\\\""?\\\"": \\\\""?\\\"": \\\\""?\\\"": \\\\""?\\\"": \\\\""?\\\"": \\\\""?\\\"": \\\\""?\\\"": \\\\""?\\\"": \\\\""?\\\"": \\\\""?\\\"": \\\\""?\\\"": \\\\""?\\\"": \\\\""?\\\"": \\\\""?\\\"": \\\\""?\\\"": \\\\""?\\\"": \\\\""?\\\"": \\\\""?\\\"": \\\\""?\\\"": \\\\""?\\\"": \\\\""?\\\"": \\\\""?\\\"": \\\\""?\\\"": \\\\""?\\\"": \\\\""?\\\"": \\\\""?\\\"": \\\\""?\\\"": \\\\""?\\\"": \\\\""?\\\"": \\\\""?\\\"": \\\\""?\\\"": \\\\""?\\\"": \\\\""?\\\"": \\\\""?\\\"": \\\\""?\\\"": \\\\""?\\\"": \\\\""?\\\"": \\\\""?\\\"": \\\\""?\\\"": \\\\""?\\\"": \\\\""?\\\"": \\\\""?\\\"": \\\\""?\\\"": \\\\""?\\\"": \\\\""?\]}}}}}