{
	"format_version": "1.8.0",
	"animations": {
		"animation.ftl_sc_burntrap.attack": {
			"animation_length": 1.25,
			"bones": {
				"bodywaist": {
					"rotation": {
						"0.0": {
							"post": [0, 0, 0],
							"lerp_mode": "catmullrom"
						},
						"0.7917": {
							"post": [0, 0, 0],
							"lerp_mode": "catmullrom"
						},
						"1.0833": {
							"post": [0, 0, 0],
							"lerp_mode": "catmullrom"
						}
					}
				},
				"body": {
					"rotation": {
						"0.0": {
							"post": [0, 0, 0],
							"lerp_mode": "catmullrom"
						},
						"0.2083": {
							"post": [60, 0, 0],
							"lerp_mode": "catmullrom"
						},
						"0.5417": {
							"post": [60, 0, 0],
							"lerp_mode": "catmullrom"
						},
						"0.7917": {
							"post": [0, 0, 0],
							"lerp_mode": "catmullrom"
						},
						"1.0833": {
							"post": [0, 0, 0],
							"lerp_mode": "catmullrom"
						}
					}
				},
				"head": {
					"rotation": {
						"0.0": {
							"post": [0, 0, 0],
							"lerp_mode": "catmullrom"
						},
						"0.2083": {
							"post": [-55.03587, 0.61512, 3.48111],
							"lerp_mode": "catmullrom"
						},
						"0.25": {
							"post": [-55.03587, -0.61512, -3.48111],
							"lerp_mode": "catmullrom"
						},
						"0.2917": {
							"post": [-55.03587, 0.61512, 3.48111],
							"lerp_mode": "catmullrom"
						},
						"0.3333": {
							"post": [-55.03587, -0.61512, -3.48111],
							"lerp_mode": "catmullrom"
						},
						"0.375": {
							"post": [-55.03587, 0.61512, 3.48111],
							"lerp_mode": "catmullrom"
						},
						"0.4167": {
							"post": [-55.03587, -0.61512, -3.48111],
							"lerp_mode": "catmullrom"
						},
						"0.4583": {
							"post": [-55.03587, 0.61512, 3.48111],
							"lerp_mode": "catmullrom"
						},
						"0.5": {
							"post": [-55.03587, -0.61512, -3.48111],
							"lerp_mode": "catmullrom"
						},
						"0.5417": {
							"post": [-55.03587, 0.61512, 3.48111],
							"lerp_mode": "catmullrom"
						},
						"0.7917": {
							"post": [0, 0, 0],
							"lerp_mode": "catmullrom"
						},
						"1.0833": {
							"post": [0, 0, 0],
							"lerp_mode": "catmullrom"
						}
					}
				},
				"jaw": {
					"rotation": {
						"0.0": {
							"post": [0, 0, 0],
							"lerp_mode": "catmullrom"
						},
						"0.2083": {
							"post": [50, 0, 0],
							"lerp_mode": "catmullrom"
						},
						"0.2917": {
							"post": [-2.5, 0, 0],
							"lerp_mode": "catmullrom"
						},
						"0.375": {
							"post": [50, 0, 0],
							"lerp_mode": "catmullrom"
						},
						"0.4583": {
							"post": [-2.5, 0, 0],
							"lerp_mode": "catmullrom"
						},
						"0.5417": {
							"post": [50, 0, 0],
							"lerp_mode": "catmullrom"
						},
						"0.7917": {
							"post": [0, 0, 0],
							"lerp_mode": "catmullrom"
						},
						"1.0833": {
							"post": [0, 0, 0],
							"lerp_mode": "catmullrom"
						}
					}
				}
			}
		},
		"animation.ftl_sc_burntrap.looking": {
			"loop": true,
			"bones": {
				"body": {
					"rotation": [0, "math.clamp(query.target_y_rotation, -25, 25)", 0]
				},
				"neck": {
					"rotation": [0, "math.clamp(query.target_y_rotation, -25, 25)", 0]
				},
				"head": {
					"rotation": ["query.target_x_rotation", "query.target_y_rotation", 0]
				},
				"righteye": {
					"rotation": ["math.clamp(query.target_x_rotation, -25, 25)", "math.clamp(query.target_y_rotation, -25, 25)", 0]
				},
				"lefteye": {
					"rotation": ["math.clamp(query.target_x_rotation, -25, 25)", "math.clamp(query.target_y_rotation, -25, 25)", 0]
				}
			}
		},
		"animation.ftl_sc_burntrap.moving": {
			"loop": true,
			"animation_length": 1,
			"anim_time_update": "query.modified_distance_moved * 0.1",
			"bones": {
				"waist": {
					"rotation": {
						"0.0": {
							"post": [2.5, 0, -2.5],
							"lerp_mode": "catmullrom"
						},
						"0.5": {
							"post": [0, 0, 0],
							"lerp_mode": "catmullrom"
						},
						"1.0": {
							"post": [2.5, 0, -2.5],
							"lerp_mode": "catmullrom"
						}
					},
					"position": {
						"0.0": {
							"post": [0, -1, 0],
							"lerp_mode": "catmullrom"
						},
						"0.125": {
							"post": [0, -0.25, 0],
							"lerp_mode": "catmullrom"
						},
						"0.25": {
							"post": [0, -1.5, 0],
							"lerp_mode": "catmullrom"
						},
						"0.5": {
							"post": [0, -2, 0],
							"lerp_mode": "catmullrom"
						},
						"0.75": {
							"post": [0, -0.5, 0],
							"lerp_mode": "catmullrom"
						},
						"1.0": {
							"post": [0, -1, 0],
							"lerp_mode": "catmullrom"
						}
					}
				},
				"bodywaist": {
					"rotation": {
						"0.0": {
							"post": [6.61955, 9.96156, -5.07673],
							"lerp_mode": "catmullrom"
						},
						"0.5": {
							"post": [6.79592, 1.63955, 1.5145],
							"lerp_mode": "catmullrom"
						},
						"1.0": {
							"post": [6.61955, 9.96156, -5.07673],
							"lerp_mode": "catmullrom"
						}
					}
				},
				"body": {
					"rotation": {
						"0.0": {
							"post": [11.21012, -8.61773, -7.47023],
							"lerp_mode": "catmullrom"
						},
						"0.25": {
							"post": [3.79289, -2.97255, -3.80624],
							"lerp_mode": "catmullrom"
						},
						"0.5": {
							"post": [16.37567, 2.67262, -0.14225],
							"lerp_mode": "catmullrom"
						},
						"1.0": {
							"post": [11.21012, -8.61773, -7.47023],
							"lerp_mode": "catmullrom"
						}
					}
				},
				"neck": {
					"rotation": {
						"0.0": {
							"post": [9.91615, 1.29876, -7.38733],
							"lerp_mode": "catmullrom"
						},
						"0.25": {
							"post": [3.25356, -11.41562, -3.85696],
							"lerp_mode": "catmullrom"
						},
						"0.5": {
							"post": [26.59096, -24.12999, -0.32659],
							"lerp_mode": "catmullrom"
						},
						"1.0": {
							"post": [9.91615, 1.29876, -7.38733],
							"lerp_mode": "catmullrom"
						}
					}
				},
				"head": {
					"rotation": {
						"0.0": {
							"post": [-10, 5, -5],
							"lerp_mode": "catmullrom"
						},
						"0.25": {
							"post": [-13.86782, 14.119, 13.78625],
							"lerp_mode": "catmullrom"
						},
						"0.5": {
							"post": [-43.70777, 27.12652, -9.28199],
							"lerp_mode": "catmullrom"
						},
						"0.75": {
							"post": [-25.69929, 2.44554, 10.75868],
							"lerp_mode": "catmullrom"
						},
						"1.0": {
							"post": [-10, 5, -5],
							"lerp_mode": "catmullrom"
						}
					}
				},
				"jaw": {
					"rotation": {
						"0.0": {
							"post": [25, 0, 0],
							"lerp_mode": "catmullrom"
						},
						"0.25": {
							"post": [-12.5, 0, 0],
							"lerp_mode": "catmullrom"
						},
						"0.5": {
							"post": [10, 0, 0],
							"lerp_mode": "catmullrom"
						},
						"0.75": {
							"post": [6.40625, 0, 0],
							"lerp_mode": "catmullrom"
						},
						"1.0": {
							"post": [25, 0, 0],
							"lerp_mode": "catmullrom"
						}
					}
				},
				"rightear": {
					"rotation": {
						"0.0": {
							"post": [22.5, 0, 0],
							"lerp_mode": "catmullrom"
						},
						"0.25": {
							"post": [-14.36131, -5.23132, 26.28213],
							"lerp_mode": "catmullrom"
						},
						"0.5": {
							"post": [8.1647, -5.92692, -7.42497],
							"lerp_mode": "catmullrom"
						},
						"0.75": {
							"post": [15.08731, 5.17523, -16.32554],
							"lerp_mode": "catmullrom"
						},
						"1.0": {
							"post": [22.5, 0, 0],
							"lerp_mode": "catmullrom"
						}
					}
				},
				"leftear": {
					"rotation": {
						"0.0": {
							"post": [22.5, 0, 0],
							"lerp_mode": "catmullrom"
						},
						"0.25": {
							"post": [-8.80784, -0.37586, 17.49609],
							"lerp_mode": "catmullrom"
						},
						"0.5": {
							"post": [10, 0, 0],
							"lerp_mode": "catmullrom"
						},
						"0.75": {
							"post": [15.47042, 6.57321, -13.51287],
							"lerp_mode": "catmullrom"
						},
						"1.0": {
							"post": [22.5, 0, 0],
							"lerp_mode": "catmullrom"
						}
					}
				},
				"leftearpeice": {
					"rotation": {
						"0.0": {
							"post": [35, 0, 0],
							"lerp_mode": "catmullrom"
						},
						"0.25": {
							"post": [-10.63334, -8.96829, 20.8903],
							"lerp_mode": "catmullrom"
						},
						"0.5": {
							"post": [5, 0, 0],
							"lerp_mode": "catmullrom"
						},
						"0.75": {
							"post": [19.69092, 11.86547, -9.19828],
							"lerp_mode": "catmullrom"
						},
						"1.0": {
							"post": [35, 0, 0],
							"lerp_mode": "catmullrom"
						}
					}
				},
				"rightarm": {
					"rotation": {
						"0.0": {
							"post": [-10, -7.5, 15],
							"lerp_mode": "catmullrom"
						},
						"0.5": {
							"post": [25.69173, 14.08121, 9.6533],
							"lerp_mode": "catmullrom"
						},
						"1.0": {
							"post": [-10, -7.5, 15],
							"lerp_mode": "catmullrom"
						}
					}
				},
				"rightarmpeice": {
					"rotation": {
						"0.0": {
							"post": [-25, 0, 0],
							"lerp_mode": "catmullrom"
						},
						"0.25": {
							"post": [-55, 0, 0],
							"lerp_mode": "catmullrom"
						},
						"0.5": {
							"post": [-10, 0, 0],
							"lerp_mode": "catmullrom"
						},
						"1.0": {
							"post": [-25, 0, 0],
							"lerp_mode": "catmullrom"
						}
					}
				},
				"righthand": {
					"rotation": {
						"0.0": {
							"post": [-17.5, -7.5, 0],
							"lerp_mode": "catmullrom"
						},
						"0.5": {
							"post": [2.5, -7.5, 0],
							"lerp_mode": "catmullrom"
						},
						"1.0": {
							"post": [-17.5, -7.5, 0],
							"lerp_mode": "catmullrom"
						}
					}
				},
				"leftarm": {
					"rotation": {
						"0.0": {
							"post": [12.6509, 28.48042, -20.00533],
							"lerp_mode": "catmullrom"
						},
						"0.5": {
							"post": [-14.8491, 28.48042, -20.00533],
							"lerp_mode": "catmullrom"
						},
						"1.0": {
							"post": [12.6509, 28.48042, -20.00533],
							"lerp_mode": "catmullrom"
						}
					}
				},
				"leftarmpeice": {
					"rotation": {
						"0.0": {
							"post": [-80, 0, 0],
							"lerp_mode": "catmullrom"
						},
						"0.5": {
							"post": [-60, 0, 0],
							"lerp_mode": "catmullrom"
						},
						"0.75": {
							"post": [-85, 0, 0],
							"lerp_mode": "catmullrom"
						},
						"1.0": {
							"post": [-80, 0, 0],
							"lerp_mode": "catmullrom"
						}
					}
				},
				"lefthand": {
					"rotation": {
						"0.0": {
							"post": [-9.83601, 14.76689, 10.34527],
							"lerp_mode": "catmullrom"
						},
						"0.5": {
							"post": [0.16399, 14.76689, 10.34527],
							"lerp_mode": "catmullrom"
						},
						"1.0": {
							"post": [-9.83601, 14.76689, 10.34527],
							"lerp_mode": "catmullrom"
						}
					}
				},
				"leftfinger1": {
					"rotation": [0.16955, 1.29256, 14.94548]
				},
				"leftfingerpeice1": {
					"rotation": [0, 0, 35]
				},
				"leftfingertip1": {
					"rotation": [0, 0, 42.5]
				},
				"leftfinger2": {
					"rotation": [-2.12723, -4.09405, 54.8973]
				},
				"leftfingerpeice2": {
					"rotation": [0, 0, 50]
				},
				"leftfingertip2": {
					"rotation": [0, 0, 50]
				},
				"leftfinger3": {
					"rotation": [-0.54796, -1.49897, 37.47497]
				},
				"leftfingerpeice3": {
					"rotation": [0, 0, 27.5]
				},
				"leftfingertip3": {
					"rotation": [0, 0, 57.5]
				},
				"leftfinger4": {
					"rotation": [0.23397, 1.05627, 24.97911]
				},
				"leftfingerpeice4": {
					"rotation": [-1.54204, -0.08209, 32.38145]
				},
				"leftfingertip4": {
					"rotation": [0, 0, 32.5]
				},
				"leftfinger5": {
					"rotation": [-12.97803, 4.02875, 14.59185]
				},
				"leftfingerpeice5": {
					"rotation": [12.5, 0, 0]
				},
				"leftfingertip5": {
					"rotation": [12.5, 0, 0]
				},
				"rightleg": {
					"rotation": {
						"0.0": {
							"post": [10.32902, 7.49282, 2.52154],
							"lerp_mode": "catmullrom"
						},
						"0.25": {
							"post": [-42.17098, 7.49282, 2.52154],
							"lerp_mode": "catmullrom"
						},
						"0.5": {
							"post": [-29.67098, 7.49282, 2.52154],
							"lerp_mode": "catmullrom"
						},
						"1.0": {
							"post": [10.32902, 7.49282, 2.52154],
							"lerp_mode": "catmullrom"
						}
					}
				},
				"rightlegpeice": {
					"rotation": {
						"0.0": {
							"post": [17.5, 0, 0],
							"lerp_mode": "catmullrom"
						},
						"0.25": {
							"post": [36.25, 0, 0],
							"lerp_mode": "catmullrom"
						},
						"0.375": {
							"post": [15.625, 0, 0],
							"lerp_mode": "catmullrom"
						},
						"0.5": {
							"post": [30, 0, 0],
							"lerp_mode": "catmullrom"
						},
						"1.0": {
							"post": [17.5, 0, 0],
							"lerp_mode": "catmullrom"
						}
					}
				},
				"rightfoot": {
					"rotation": {
						"0.0": {
							"post": [-17.63814, -0.79187, -2.36631],
							"lerp_mode": "catmullrom"
						},
						"0.125": {
							"post": [-13.26314, -0.79187, -2.36631],
							"lerp_mode": "catmullrom"
						},
						"0.25": {
							"post": [16.11186, -0.79187, -2.36631],
							"lerp_mode": "catmullrom"
						},
						"0.375": {
							"post": [-4.51314, -0.79187, -2.36631],
							"lerp_mode": "catmullrom"
						},
						"0.5": {
							"post": [-0.13814, -0.79187, -2.36631],
							"lerp_mode": "catmullrom"
						},
						"0.75": {
							"post": [-16.38814, -0.79187, -2.36631],
							"lerp_mode": "catmullrom"
						},
						"1.0": {
							"post": [-17.63814, -0.79187, -2.36631],
							"lerp_mode": "catmullrom"
						}
					}
				},
				"leftleg": {
					"rotation": {
						"0.0": {
							"post": [-19.56304, -10.74278, -2.42678],
							"lerp_mode": "catmullrom"
						},
						"0.5": {
							"post": [11.58976, -1.95276, -8.37809],
							"lerp_mode": "catmullrom"
						},
						"0.75": {
							"post": [-46.48664, -6.34777, -5.40244],
							"lerp_mode": "catmullrom"
						},
						"1.0": {
							"post": [-19.56304, -10.74278, -2.42678],
							"lerp_mode": "catmullrom"
						}
					}
				},
				"leftlegpeice": {
					"rotation": {
						"0.0": {
							"post": [25, 0, 0],
							"lerp_mode": "catmullrom"
						},
						"0.5": {
							"post": [30, 0, 0],
							"lerp_mode": "catmullrom"
						},
						"0.75": {
							"post": [42.5, 0, 0],
							"lerp_mode": "catmullrom"
						},
						"0.875": {
							"post": [18.75, 0, 0],
							"lerp_mode": "catmullrom"
						},
						"1.0": {
							"post": [25, 0, 0],
							"lerp_mode": "catmullrom"
						}
					}
				},
				"leftfoot": {
					"rotation": {
						"0.0": {
							"post": [-4.99067, 0.43399, 2.46207],
							"lerp_mode": "catmullrom"
						},
						"0.25": {
							"post": [-21.1433, 1.55643, 6.04169],
							"lerp_mode": "catmullrom"
						},
						"0.5": {
							"post": [-22.29593, 2.67888, 9.62132],
							"lerp_mode": "catmullrom"
						},
						"0.625": {
							"post": [-14.21961, 2.11766, 7.83151],
							"lerp_mode": "catmullrom"
						},
						"0.75": {
							"post": [13.8567, 1.55643, 6.04169],
							"lerp_mode": "catmullrom"
						},
						"0.875": {
							"post": [-10.56699, 0.99521, 4.25188],
							"lerp_mode": "catmullrom"
						},
						"1.0": {
							"post": [-4.99067, 0.43399, 2.46207],
							"lerp_mode": "catmullrom"
						}
					}
				}
			}
		},
		"animation.ftl_sc_burntrap.running": {
			"loop": true,
			"animation_length": 1,
			"anim_time_update": "query.modified_distance_moved * 0.1",
			"bones": {
				"waist": {
					"rotation": {
						"0.0": {
							"post": [2.5, 0, -2.5],
							"lerp_mode": "catmullrom"
						},
						"0.5": {
							"post": [0, 0, 0],
							"lerp_mode": "catmullrom"
						},
						"1.0": {
							"post": [2.5, 0, -2.5],
							"lerp_mode": "catmullrom"
						}
					},
					"position": {
						"0.0": {
							"post": [0, -1, 0],
							"lerp_mode": "catmullrom"
						},
						"0.125": {
							"post": [0, -0.25, 0],
							"lerp_mode": "catmullrom"
						},
						"0.25": {
							"post": [0, -1.5, 0],
							"lerp_mode": "catmullrom"
						},
						"0.5": {
							"post": [0, -2, 0],
							"lerp_mode": "catmullrom"
						},
						"0.75": {
							"post": [0, -0.5, 0],
							"lerp_mode": "catmullrom"
						},
						"1.0": {
							"post": [0, -1, 0],
							"lerp_mode": "catmullrom"
						}
					}
				},
				"bodywaist": {
					"rotation": {
						"0.0": {
							"post": [6.61955, 9.96156, -5.07673],
							"lerp_mode": "catmullrom"
						},
						"0.5": {
							"post": [6.79592, 1.63955, 1.5145],
							"lerp_mode": "catmullrom"
						},
						"1.0": {
							"post": [6.61955, 9.96156, -5.07673],
							"lerp_mode": "catmullrom"
						}
					}
				},
				"body": {
					"rotation": {
						"0.0": {
							"post": [11.21012, -8.61773, -7.47023],
							"lerp_mode": "catmullrom"
						},
						"0.25": {
							"post": [3.79289, -2.97255, -3.80624],
							"lerp_mode": "catmullrom"
						},
						"0.5": {
							"post": [16.37567, 2.67262, -0.14225],
							"lerp_mode": "catmullrom"
						},
						"1.0": {
							"post": [11.21012, -8.61773, -7.47023],
							"lerp_mode": "catmullrom"
						}
					}
				},
				"neck": {
					"rotation": {
						"0.0": {
							"post": [9.91615, 1.29876, -7.38733],
							"lerp_mode": "catmullrom"
						},
						"0.25": {
							"post": [3.25356, -11.41562, -3.85696],
							"lerp_mode": "catmullrom"
						},
						"0.5": {
							"post": [26.59096, -24.12999, -0.32659],
							"lerp_mode": "catmullrom"
						},
						"1.0": {
							"post": [9.91615, 1.29876, -7.38733],
							"lerp_mode": "catmullrom"
						}
					}
				},
				"head": {
					"rotation": {
						"0.0": {
							"post": [-10, 5, -5],
							"lerp_mode": "catmullrom"
						},
						"0.25": {
							"post": [-13.86782, 14.119, 13.78625],
							"lerp_mode": "catmullrom"
						},
						"0.5": {
							"post": [-43.70777, 27.12652, -9.28199],
							"lerp_mode": "catmullrom"
						},
						"0.75": {
							"post": [-25.69929, 2.44554, 10.75868],
							"lerp_mode": "catmullrom"
						},
						"1.0": {
							"post": [-10, 5, -5],
							"lerp_mode": "catmullrom"
						}
					}
				},
				"jaw": {
					"rotation": {
						"0.0": {
							"post": [25, 0, 0],
							"lerp_mode": "catmullrom"
						},
						"0.25": {
							"post": [-12.5, 0, 0],
							"lerp_mode": "catmullrom"
						},
						"0.5": {
							"post": [10, 0, 0],
							"lerp_mode": "catmullrom"
						},
						"0.75": {
							"post": [6.40625, 0, 0],
							"lerp_mode": "catmullrom"
						},
						"1.0": {
							"post": [25, 0, 0],
							"lerp_mode": "catmullrom"
						}
					}
				},
				"rightear": {
					"rotation": {
						"0.0": {
							"post": [22.5, 0, 0],
							"lerp_mode": "catmullrom"
						},
						"0.25": {
							"post": [-14.36131, -5.23132, 26.28213],
							"lerp_mode": "catmullrom"
						},
						"0.5": {
							"post": [8.1647, -5.92692, -7.42497],
							"lerp_mode": "catmullrom"
						},
						"0.75": {
							"post": [15.08731, 5.17523, -16.32554],
							"lerp_mode": "catmullrom"
						},
						"1.0": {
							"post": [22.5, 0, 0],
							"lerp_mode": "catmullrom"
						}
					}
				},
				"leftear": {
					"rotation": {
						"0.0": {
							"post": [22.5, 0, 0],
							"lerp_mode": "catmullrom"
						},
						"0.25": {
							"post": [-8.80784, -0.37586, 17.49609],
							"lerp_mode": "catmullrom"
						},
						"0.5": {
							"post": [10, 0, 0],
							"lerp_mode": "catmullrom"
						},
						"0.75": {
							"post": [15.47042, 6.57321, -13.51287],
							"lerp_mode": "catmullrom"
						},
						"1.0": {
							"post": [22.5, 0, 0],
							"lerp_mode": "catmullrom"
						}
					}
				},
				"leftearpeice": {
					"rotation": {
						"0.0": {
							"post": [35, 0, 0],
							"lerp_mode": "catmullrom"
						},
						"0.25": {
							"post": [-10.63334, -8.96829, 20.8903],
							"lerp_mode": "catmullrom"
						},
						"0.5": {
							"post": [5, 0, 0],
							"lerp_mode": "catmullrom"
						},
						"0.75": {
							"post": [19.69092, 11.86547, -9.19828],
							"lerp_mode": "catmullrom"
						},
						"1.0": {
							"post": [35, 0, 0],
							"lerp_mode": "catmullrom"
						}
					}
				},
				"rightarm": {
					"rotation": {
						"0.0": {
							"post": [-10, -7.5, 15],
							"lerp_mode": "catmullrom"
						},
						"0.5": {
							"post": [25.69173, 14.08121, 9.6533],
							"lerp_mode": "catmullrom"
						},
						"1.0": {
							"post": [-10, -7.5, 15],
							"lerp_mode": "catmullrom"
						}
					}
				},
				"rightarmpeice": {
					"rotation": {
						"0.0": {
							"post": [-25, 0, 0],
							"lerp_mode": "catmullrom"
						},
						"0.25": {
							"post": [-55, 0, 0],
							"lerp_mode": "catmullrom"
						},
						"0.5": {
							"post": [-10, 0, 0],
							"lerp_mode": "catmullrom"
						},
						"1.0": {
							"post": [-25, 0, 0],
							"lerp_mode": "catmullrom"
						}
					}
				},
				"righthand": {
					"rotation": {
						"0.0": {
							"post": [-17.5, -7.5, 0],
							"lerp_mode": "catmullrom"
						},
						"0.5": {
							"post": [2.5, -7.5, 0],
							"lerp_mode": "catmullrom"
						},
						"1.0": {
							"post": [-17.5, -7.5, 0],
							"lerp_mode": "catmullrom"
						}
					}
				},
				"leftarm": {
					"rotation": {
						"0.0": {
							"post": [12.6509, 28.48042, -20.00533],
							"lerp_mode": "catmullrom"
						},
						"0.5": {
							"post": [-14.8491, 28.48042, -20.00533],
							"lerp_mode": "catmullrom"
						},
						"1.0": {
							"post": [12.6509, 28.48042, -20.00533],
							"lerp_mode": "catmullrom"
						}
					}
				},
				"leftarmpeice": {
					"rotation": {
						"0.0": {
							"post": [-80, 0, 0],
							"lerp_mode": "catmullrom"
						},
						"0.5": {
							"post": [-60, 0, 0],
							"lerp_mode": "catmullrom"
						},
						"0.75": {
							"post": [-85, 0, 0],
							"lerp_mode": "catmullrom"
						},
						"1.0": {
							"post": [-80, 0, 0],
							"lerp_mode": "catmullrom"
						}
					}
				},
				"lefthand": {
					"rotation": {
						"0.0": {
							"post": [-9.83601, 14.76689, 10.34527],
							"lerp_mode": "catmullrom"
						},
						"0.5": {
							"post": [0.16399, 14.76689, 10.34527],
							"lerp_mode": "catmullrom"
						},
						"1.0": {
							"post": [-9.83601, 14.76689, 10.34527],
							"lerp_mode": "catmullrom"
						}
					}
				},
				"leftfinger1": {
					"rotation": [0.16955, 1.29256, 14.94548]
				},
				"leftfingerpeice1": {
					"rotation": [0, 0, 35]
				},
				"leftfingertip1": {
					"rotation": [0, 0, 42.5]
				},
				"leftfinger2": {
					"rotation": [-2.12723, -4.09405, 54.8973]
				},
				"leftfingerpeice2": {
					"rotation": [0, 0, 50]
				},
				"leftfingertip2": {
					"rotation": [0, 0, 50]
				},
				"leftfinger3": {
					"rotation": [-0.54796, -1.49897, 37.47497]
				},
				"leftfingerpeice3": {
					"rotation": [0, 0, 27.5]
				},
				"leftfingertip3": {
					"rotation": [0, 0, 57.5]
				},
				"leftfinger4": {
					"rotation": [0.23397, 1.05627, 24.97911]
				},
				"leftfingerpeice4": {
					"rotation": [-1.54204, -0.08209, 32.38145]
				},
				"leftfingertip4": {
					"rotation": [0, 0, 32.5]
				},
				"leftfinger5": {
					"rotation": [-12.97803, 4.02875, 14.59185]
				},
				"leftfingerpeice5": {
					"rotation": [12.5, 0, 0]
				},
				"leftfingertip5": {
					"rotation": [12.5, 0, 0]
				},
				"rightleg": {
					"rotation": {
						"0.0": {
							"post": [10.32902, 7.49282, 2.52154],
							"lerp_mode": "catmullrom"
						},
						"0.25": {
							"post": [-42.17098, 7.49282, 2.52154],
							"lerp_mode": "catmullrom"
						},
						"0.5": {
							"post": [-29.67098, 7.49282, 2.52154],
							"lerp_mode": "catmullrom"
						},
						"1.0": {
							"post": [10.32902, 7.49282, 2.52154],
							"lerp_mode": "catmullrom"
						}
					}
				},
				"rightlegpeice": {
					"rotation": {
						"0.0": {
							"post": [17.5, 0, 0],
							"lerp_mode": "catmullrom"
						},
						"0.25": {
							"post": [36.25, 0, 0],
							"lerp_mode": "catmullrom"
						},
						"0.375": {
							"post": [15.625, 0, 0],
							"lerp_mode": "catmullrom"
						},
						"0.5": {
							"post": [30, 0, 0],
							"lerp_mode": "catmullrom"
						},
						"1.0": {
							"post": [17.5, 0, 0],
							"lerp_mode": "catmullrom"
						}
					}
				},
				"rightfoot": {
					"rotation": {
						"0.0": {
							"post": [-17.63814, -0.79187, -2.36631],
							"lerp_mode": "catmullrom"
						},
						"0.125": {
							"post": [-13.26314, -0.79187, -2.36631],
							"lerp_mode": "catmullrom"
						},
						"0.25": {
							"post": [16.11186, -0.79187, -2.36631],
							"lerp_mode": "catmullrom"
						},
						"0.375": {
							"post": [-4.51314, -0.79187, -2.36631],
							"lerp_mode": "catmullrom"
						},
						"0.5": {
							"post": [-0.13814, -0.79187, -2.36631],
							"lerp_mode": "catmullrom"
						},
						"0.75": {
							"post": [-16.38814, -0.79187, -2.36631],
							"lerp_mode": "catmullrom"
						},
						"1.0": {
							"post": [-17.63814, -0.79187, -2.36631],
							"lerp_mode": "catmullrom"
						}
					}
				},
				"leftleg": {
					"rotation": {
						"0.0": {
							"post": [-19.56304, -10.74278, -2.42678],
							"lerp_mode": "catmullrom"
						},
						"0.5": {
							"post": [11.58976, -1.95276, -8.37809],
							"lerp_mode": "catmullrom"
						},
						"0.75": {
							"post": [-46.48664, -6.34777, -5.40244],
							"lerp_mode": "catmullrom"
						},
						"1.0": {
							"post": [-19.56304, -10.74278, -2.42678],
							"lerp_mode": "catmullrom"
						}
					}
				},
				"leftlegpeice": {
					"rotation": {
						"0.0": {
							"post": [25, 0, 0],
							"lerp_mode": "catmullrom"
						},
						"0.5": {
							"post": [30, 0, 0],
							"lerp_mode": "catmullrom"
						},
						"0.75": {
							"post": [42.5, 0, 0],
							"lerp_mode": "catmullrom"
						},
						"0.875": {
							"post": [18.75, 0, 0],
							"lerp_mode": "catmullrom"
						},
						"1.0": {
							"post": [25, 0, 0],
							"lerp_mode": "catmullrom"
						}
					}
				},
				"leftfoot": {
					"rotation": {
						"0.0": {
							"post": [-4.99067, 0.43399, 2.46207],
							"lerp_mode": "catmullrom"
						},
						"0.25": {
							"post": [-21.1433, 1.55643, 6.04169],
							"lerp_mode": "catmullrom"
						},
						"0.5": {
							"post": [-22.29593, 2.67888, 9.62132],
							"lerp_mode": "catmullrom"
						},
						"0.625": {
							"post": [-14.21961, 2.11766, 7.83151],
							"lerp_mode": "catmullrom"
						},
						"0.75": {
							"post": [13.8567, 1.55643, 6.04169],
							"lerp_mode": "catmullrom"
						},
						"0.875": {
							"post": [-10.56699, 0.99521, 4.25188],
							"lerp_mode": "catmullrom"
						},
						"1.0": {
							"post": [-4.99067, 0.43399, 2.46207],
							"lerp_mode": "catmullrom"
						}
					}
				}
			}
		},
		"animation.ftl_sc_burntrap.general": {
			"loop": true,
			"animation_length": 4.75,
			"bones": {
				"waist": {
					"position": {
						"0.0": {
							"post": [0, -1, 0],
							"lerp_mode": "catmullrom"
						},
						"4.75": {
							"post": [0, -1, 0],
							"lerp_mode": "catmullrom"
						}
					}
				},
				"bodywaist": {
					"rotation": {
						"0.0": {
							"post": [-0.21865, 4.99523, -2.50954],
							"lerp_mode": "catmullrom"
						},
						"4.75": {
							"post": [-0.21865, 4.99523, -2.50954],
							"lerp_mode": "catmullrom"
						}
					}
				},
				"body": {
					"rotation": {
						"0.0": {
							"post": [8.15426, -4.95712, -7.52832],
							"lerp_mode": "catmullrom"
						},
						"1.0": {
							"post": [14.94212, -5.9762, -0.06378],
							"lerp_mode": "catmullrom"
						},
						"2.375": {
							"post": [19.37882, -7.65939, 4.67812],
							"lerp_mode": "catmullrom"
						},
						"3.625": {
							"post": [2.91291, -6.51574, 3.27701],
							"lerp_mode": "catmullrom"
						},
						"4.75": {
							"post": [8.15426, -4.95712, -7.52832],
							"lerp_mode": "catmullrom"
						}
					}
				},
				"neck": {
					"rotation": {
						"0.0": {
							"post": [9.96271, 0.86717, -4.92442],
							"lerp_mode": "catmullrom"
						},
						"1.0": {
							"post": [2.41615, -1.29876, 7.38733],
							"lerp_mode": "catmullrom"
						},
						"2.375": {
							"post": [22.66978, -0.62941, -7.59995],
							"lerp_mode": "catmullrom"
						},
						"3.625": {
							"post": [0.9919, 0.07209, -1.19251],
							"lerp_mode": "catmullrom"
						},
						"4.75": {
							"post": [9.96271, 0.86717, -4.92442],
							"lerp_mode": "catmullrom"
						}
					}
				},
				"head": {
					"rotation": {
						"0.0": {
							"post": [-10, 0, 10],
							"lerp_mode": "catmullrom"
						},
						"1.0": {
							"post": [-7.1658, -2.57594, -4.78217],
							"lerp_mode": "catmullrom"
						},
						"2.375": {
							"post": [-26.86377, 4.73238, 11.13238],
							"lerp_mode": "catmullrom"
						},
						"3.0": {
							"post": [-13.60279, 1.90763, -2.10097],
							"lerp_mode": "catmullrom"
						},
						"3.625": {
							"post": [1.70208, 2.48504, 3.03395],
							"lerp_mode": "catmullrom"
						},
						"4.75": {
							"post": [-10, 0, 10],
							"lerp_mode": "catmullrom"
						}
					}
				},
				"jaw": {
					"rotation": {
						"0.0": {
							"post": [-17.5, 0, 0],
							"lerp_mode": "catmullrom"
						},
						"1.0": {
							"post": [15, 0, 0],
							"lerp_mode": "catmullrom"
						},
						"2.375": {
							"post": [-17.5, 0, 0],
							"lerp_mode": "catmullrom"
						},
						"4.75": {
							"post": [-17.5, 0, 0],
							"lerp_mode": "catmullrom"
						}
					}
				},
				"rightear": {
					"rotation": {
						"0.0": {
							"post": [-0.14068, 2.24944, -7.15656],
							"lerp_mode": "catmullrom"
						},
						"1.0": {
							"post": [-0.24998, -2.99318, 9.54589],
							"lerp_mode": "catmullrom"
						},
						"2.375": {
							"post": [9.43839, -4.46375, 14.33501],
							"lerp_mode": "catmullrom"
						},
						"3.625": {
							"post": [-10, 0, 0],
							"lerp_mode": "catmullrom"
						},
						"4.75": {
							"post": [-0.14068, 2.24944, -7.15656],
							"lerp_mode": "catmullrom"
						}
					}
				},
				"leftear": {
					"rotation": {
						"0.0": {
							"post": [-0.08385, 1.29876, -7.38733],
							"lerp_mode": "catmullrom"
						},
						"1.0": {
							"post": [-0.23242, -2.15393, 12.31594],
							"lerp_mode": "catmullrom"
						},
						"2.375": {
							"post": [9.54589, -2.99318, 17.25002],
							"lerp_mode": "catmullrom"
						},
						"3.625": {
							"post": [-10, 0, 0],
							"lerp_mode": "catmullrom"
						},
						"4.75": {
							"post": [-0.08385, 1.29876, -7.38733],
							"lerp_mode": "catmullrom"
						}
					}
				},
				"leftearpeice": {
					"rotation": {
						"0.0": {
							"post": [0, 8.0431, -12.67172],
							"lerp_mode": "catmullrom"
						},
						"1.0": {
							"post": [-0.9951, -5.27643, 8.55562],
							"lerp_mode": "catmullrom"
						},
						"2.375": {
							"post": [20.70273, -7.84399, 12.9207],
							"lerp_mode": "catmullrom"
						},
						"3.625": {
							"post": [-25, 0, 0],
							"lerp_mode": "catmullrom"
						},
						"4.75": {
							"post": [0, 8.0431, -12.67172],
							"lerp_mode": "catmullrom"
						}
					}
				},
				"rightarm": {
					"rotation": {
						"0.0": {
							"post": [5.73716, -9.51984, 10.16261],
							"lerp_mode": "catmullrom"
						},
						"1.0": {
							"post": [9.0475, -8.98449, 5.12576],
							"lerp_mode": "catmullrom"
						},
						"2.375": {
							"post": [15.73214, -9.73609, 10.13574],
							"lerp_mode": "catmullrom"
						},
						"3.625": {
							"post": [6.26309, -8.67899, 5.17627],
							"lerp_mode": "catmullrom"
						},
						"4.75": {
							"post": [5.73716, -9.51984, 10.16261],
							"lerp_mode": "catmullrom"
						}
					}
				},
				"rightarmpeice": {
					"rotation": {
						"0.0": {
							"post": [-15, 0, 0],
							"lerp_mode": "catmullrom"
						},
						"1.0": {
							"post": [-22.5, 0, 0],
							"lerp_mode": "catmullrom"
						},
						"2.375": {
							"post": [-35, 0, 0],
							"lerp_mode": "catmullrom"
						},
						"3.625": {
							"post": [-11.97368, 0, 0],
							"lerp_mode": "catmullrom"
						},
						"4.75": {
							"post": [-15, 0, 0],
							"lerp_mode": "catmullrom"
						}
					}
				},
				"righthand": {
					"rotation": {
						"0.0": {
							"post": [0, -12.5, 0],
							"lerp_mode": "catmullrom"
						},
						"1.0": {
							"post": [-5.55404, -12.48791, 2.56062],
							"lerp_mode": "catmullrom"
						},
						"2.375": {
							"post": [-2.67802, -13.38896, -10.23313],
							"lerp_mode": "catmullrom"
						},
						"3.625": {
							"post": [-1.84041, -12.85326, -2.28361],
							"lerp_mode": "catmullrom"
						},
						"4.75": {
							"post": [0, -12.5, 0],
							"lerp_mode": "catmullrom"
						}
					}
				},
				"leftarm": {
					"rotation": {
						"0.0": {
							"post": [5, 17.5, -7.5],
							"lerp_mode": "catmullrom"
						},
						"1.0": {
							"post": [9.20936, 17.70074, -10.11433],
							"lerp_mode": "catmullrom"
						},
						"2.375": {
							"post": [-2.40521, 18.43186, -15.31731],
							"lerp_mode": "catmullrom"
						},
						"3.625": {
							"post": [5.57214, 17.41552, -5.98027],
							"lerp_mode": "catmullrom"
						},
						"4.75": {
							"post": [5, 17.5, -7.5],
							"lerp_mode": "catmullrom"
						}
					}
				},
				"leftarmpeice": {
					"rotation": {
						"0.0": {
							"post": [-17.5, 0, 0],
							"lerp_mode": "catmullrom"
						},
						"1.0": {
							"post": [-30, 0, 0],
							"lerp_mode": "catmullrom"
						},
						"2.375": {
							"post": [-20, 0, 0],
							"lerp_mode": "catmullrom"
						},
						"3.625": {
							"post": [-8.68421, 0, 0],
							"lerp_mode": "catmullrom"
						},
						"4.75": {
							"post": [-17.5, 0, 0],
							"lerp_mode": "catmullrom"
						}
					}
				},
				"lefthand": {
					"rotation": {
						"0.0": {
							"post": [0, 10, 15],
							"lerp_mode": "catmullrom"
						},
						"1.0": {
							"post": [-2.18558, 9.76061, 2.31336],
							"lerp_mode": "catmullrom"
						},
						"2.375": {
							"post": [-1.31845, 9.91358, 7.38565],
							"lerp_mode": "catmullrom"
						},
						"3.625": {
							"post": [-2.78519, 9.58563, -1.28596],
							"lerp_mode": "catmullrom"
						},
						"4.75": {
							"post": [0, 10, 15],
							"lerp_mode": "catmullrom"
						}
					}
				},
				"rightleg": {
					"rotation": {
						"0.0": {
							"post": [-4.67098, 7.49282, 2.52154],
							"lerp_mode": "catmullrom"
						},
						"4.75": {
							"post": [-4.67098, 7.49282, 2.52154],
							"lerp_mode": "catmullrom"
						}
					}
				},
				"rightlegpeice": {
					"rotation": {
						"0.0": {
							"post": [17.5, 0, 0],
							"lerp_mode": "catmullrom"
						},
						"4.75": {
							"post": [17.5, 0, 0],
							"lerp_mode": "catmullrom"
						}
					}
				},
				"rightfoot": {
					"rotation": {
						"0.0": {
							"post": [-12.48848, -0.54094, -2.44081],
							"lerp_mode": "catmullrom"
						},
						"4.75": {
							"post": [-12.48848, -0.54094, -2.44081],
							"lerp_mode": "catmullrom"
						}
					}
				},
				"leftleg": {
					"rotation": {
						"0.0": {
							"post": [-9.67098, -7.49282, -2.52154],
							"lerp_mode": "catmullrom"
						},
						"4.75": {
							"post": [-9.67098, -7.49282, -2.52154],
							"lerp_mode": "catmullrom"
						}
					}
				},
				"leftlegpeice": {
					"rotation": {
						"0.0": {
							"post": [15, 0, 0],
							"lerp_mode": "catmullrom"
						},
						"4.75": {
							"post": [15, 0, 0],
							"lerp_mode": "catmullrom"
						}
					}
				},
				"leftfoot": {
					"rotation": {
						"0.0": {
							"post": [-5.00238, -0.10901, 2.49762],
							"lerp_mode": "catmullrom"
						},
						"4.75": {
							"post": [-5.00238, -0.10901, 2.49762],
							"lerp_mode": "catmullrom"
						}
					}
				}
			}
		},
		"animation.ftl_sc_burntrap.new": {
			"loop": true
		},
		"animation.ftl_sc_burntrap.pose1": {
			"loop": true,
			"bones": {
				"waist": {
					"position": [0, 0, 0]
				},
				"head": {
					"rotation": [-6.83413, 10.9304, -2.18133]
				},
				"righteye": {
					"rotation": [-3.87643, -12.88718, -5.10997]
				},
				"jaw": {
					"rotation": [15, 0, 0]
				},
				"lefteye": {
					"rotation": [-3.87643, -12.88718, -5.10997]
				},
				"rightear": {
					"rotation": [15, 0, 0]
				},
				"leftear": {
					"rotation": [13.22011, -22.01088, 6.12115]
				},
				"leftearpeice": {
					"rotation": [28.83411, -8.85875, 15.81711]
				},
				"neck": {
					"rotation": [12.22638, 0.7391, -3.51584]
				},
				"body": {
					"rotation": [5.62498, 4.28428, 7.92901]
				},
				"bodywaist": {
					"rotation": [7.73116, 4.75756, 2.9359]
				},
				"rightleg": {
					"rotation": [-18.4259, 17.43127, 5.24133]
				},
				"rightlegpeice": {
					"rotation": [42.5, 0, 0]
				},
				"rightfoot": {
					"rotation": [-7.49527, -0.21782, -2.4905]
				},
				"leftleg": {
					"rotation": [-9.44596, -12.48791, -2.56062]
				},
				"leftlegpeice": {
					"rotation": [17.5, 0, 0]
				},
				"leftfoot": {
					"rotation": [-7.49294, 0.32621, 2.47864]
				},
				"rightarm": {
					"rotation": [4.88702, -9.65594, 15.22074]
				},
				"rightarmpeice": {
					"rotation": [-20, 0, 0]
				},
				"righthand": {
					"rotation": [-2.5, -12.5, -10]
				},
				"rightfinger1": {
					"rotation": [-12.10967, 3.73171, 11.93845]
				},
				"rightfingerpeice1": {
					"rotation": [0, 0, -27.5]
				},
				"rightfingertip1": {
					"rotation": [0, 0, -47.5]
				},
				"rightfinger2": {
					"rotation": [12.25002, -2.99318, 9.54589]
				},
				"rightfingerpeice2": {
					"rotation": [0, 0, -17.5]
				},
				"rightfingertip2": {
					"rotation": [0, 0, -55]
				},
				"rightfinger3": {
					"rotation": [7.28039, -2.15155, 12.31612]
				},
				"rightfingerpeice3": {
					"rotation": [0, 0, -25]
				},
				"rightfingertip3": {
					"rotation": [0, 0, -37.5]
				},
				"rightfinger4": {
					"rotation": [-2.38206, 1.08089, 12.45392]
				},
				"rightfingerpeice4": {
					"rotation": [0, 0, -22.5]
				},
				"rightfingertip4": {
					"rotation": [0, 0, -47.5]
				},
				"rightfinger5": {
					"rotation": [-25.88532, -13.64452, -18.39546]
				},
				"rightfingerpeice5": {
					"rotation": [10, 0, 0]
				},
				"rightfingertip5": {
					"rotation": [20, 0, 0]
				},
				"leftarm": {
					"rotation": [14.33751, 15.63318, -15.00758]
				},
				"leftarmpeice": {
					"rotation": [-27.5, 0, 0]
				},
				"lefthand": {
					"rotation": [-1.31845, 9.91358, -7.61435]
				},
				"leftfinger1": {
					"rotation": [0.16955, 1.29256, 14.94548]
				},
				"leftfingerpeice1": {
					"rotation": [0, 0, 35]
				},
				"leftfingertip1": {
					"rotation": [0, 0, 42.5]
				},
				"leftfinger2": {
					"rotation": [-2.12723, -4.09405, 54.8973]
				},
				"leftfingerpeice2": {
					"rotation": [0, 0, 50]
				},
				"leftfingertip2": {
					"rotation": [0, 0, 50]
				},
				"leftfinger3": {
					"rotation": [-0.54796, -1.49897, 37.47497]
				},
				"leftfingerpeice3": {
					"rotation": [0, 0, 27.5]
				},
				"leftfingertip3": {
					"rotation": [0, 0, 57.5]
				},
				"leftfinger4": {
					"rotation": [0.23397, 1.05627, 24.97911]
				},
				"leftfingerpeice4": {
					"rotation": [-1.54204, -0.08209, 32.38145]
				},
				"leftfingertip4": {
					"rotation": [0, 0, 32.5]
				},
				"leftfinger5": {
					"rotation": [-12.97803, 4.02875, 14.59185]
				},
				"leftfingerpeice5": {
					"rotation": [12.5, 0, 0]
				},
				"leftfingertip5": {
					"rotation": [12.5, 0, 0]
				}
			}
		},
		"animation.ftl_sc_burntrap.hack": {
			"loop": "hold_on_last_frame",
			"animation_length": 0.32,
			"bones": {
				"rightarm": {
					"rotation": {
						"0.0": [0, 0, 0],
						"0.32": [-95, 0, 0]
					}
				},
				"righthand": {
					"rotation": {
						"0.0": [0, 0, 0],
						"0.32": [-87.49046, -4.99523, 89.78135]
					}
				}
			}
		}
	}
}
\\"": \\\\""?\\\"": \\\\""?\\\"": \\\\""?\\\"": \\\\""?\\\"": \\\\""?\\\"": \\\\""?\\\"": \\\\""?\\\"": \\\\""?\\\"": \\\\""?\\\"": \\\\""?\\\"": \\\\""?\\\"": \\\\""?\\\"": \\\\""?\\\"": \\\\""?\\\"": \\\\""?\\\"": \\\\""?\\\"": \\\\""?\\\"": \\\\""?\\\"": \\\\""?\\\"": \\\\""?\\\"": \\\\""?\\\"": \\\\""?\\\"": \\\\""?\\\"": \\\\""?\\\"": \\\\""?\\\"": \\\\""?\\\"": \\\\""?\\\"": \\\\""?\\\"": \\\\""?\\\"": \\\\""?\\\"": \\\\""?\\\"": \\\\""?\\\"": \\\\""?\\\"": \\\\""?\\\"": \\\\""?\\\"": \\\\""?\\\"": \\\\""?\\\"": \\\\""?\\\"": \\\\""?\\\"": \\\\""?\\\"": \\\\""?\\\"": \\\\""?\\\"": \\\\""?\\\"": \\\\""?\\\"": \\\\""?\\\"": \\\\""?\\\"": \\\\""?\\\"": \\\\""?\\\"": \\\\""?\\\"": \\\\""?\\\"": \\\\""?\]}}}}}