{
	"format_version": "1.8.0",
	"animations": {
		"animation.ftl_sc_glamrock_freddy.attack": {
			"animation_length": 0.66667,
			"bones": {
				"head": {
					"rotation": {
						"0.0": {
							"post": [0, 0, 0],
							"lerp_mode": "catmullrom"
						},
						"0.1667": {
							"post": [22.5, -20, 0],
							"lerp_mode": "catmullrom"
						},
						"0.3333": {
							"post": [-37.5, 27.5, 0],
							"lerp_mode": "catmullrom"
						},
						"0.625": {
							"post": [0, 0, 0],
							"lerp_mode": "catmullrom"
						}
					}
				},
				"body": {
					"rotation": {
						"0.0": {
							"post": [0, 0, 0],
							"lerp_mode": "catmullrom"
						},
						"0.1667": {
							"post": [-17.5, 22.5, 0],
							"lerp_mode": "catmullrom"
						},
						"0.3333": {
							"post": [54.4427, -19.50407, 13.69516],
							"lerp_mode": "catmullrom"
						},
						"0.6667": {
							"post": [0, 0, 0],
							"lerp_mode": "catmullrom"
						}
					}
				},
				"rightarm": {
					"rotation": {
						"0.0": {
							"post": [0, 0, 0],
							"lerp_mode": "catmullrom"
						},
						"0.1667": {
							"post": [0, 80, 60],
							"lerp_mode": "catmullrom"
						},
						"0.25": {
							"post": [-62.5, 32.5, 30],
							"lerp_mode": "catmullrom"
						},
						"0.3333": {
							"post": [-85, -15, 0],
							"lerp_mode": "catmullrom"
						},
						"0.5": {
							"post": [-63.91, 9.53, -1.87],
							"lerp_mode": "catmullrom"
						},
						"0.6667": {
							"post": [0, 0, 0],
							"lerp_mode": "catmullrom"
						}
					}
				},
				"rightarmpeice": {
					"rotation": {
						"0.0": {
							"post": [0, 0, 0],
							"lerp_mode": "catmullrom"
						},
						"0.1667": {
							"post": [0, 0, 25],
							"lerp_mode": "catmullrom"
						},
						"0.3333": {
							"post": [0, 0, -30],
							"lerp_mode": "catmullrom"
						},
						"0.625": {
							"post": [0, 0, 0],
							"lerp_mode": "catmullrom"
						}
					}
				},
				"rightarmpeice1": {
					"rotation": {
						"0.0": {
							"post": [0, 0, 0],
							"lerp_mode": "catmullrom"
						},
						"0.1667": {
							"post": [0, 0, 27.5],
							"lerp_mode": "catmullrom"
						},
						"0.3333": {
							"post": [0, 0, -17.5],
							"lerp_mode": "catmullrom"
						},
						"0.625": {
							"post": [0, 0, 0],
							"lerp_mode": "catmullrom"
						},
						"0.6667": {
							"post": [0, 0, 0],
							"lerp_mode": "catmullrom"
						}
					}
				},
				"rightarmpeice2": {
					"rotation": {
						"0.0": {
							"post": [0, 0, 0],
							"lerp_mode": "catmullrom"
						},
						"0.1667": {
							"post": [0, 0, 25],
							"lerp_mode": "catmullrom"
						},
						"0.3333": {
							"post": [0, 0, -37.5],
							"lerp_mode": "catmullrom"
						},
						"0.625": {
							"post": [0, 0, 0],
							"lerp_mode": "catmullrom"
						}
					}
				},
				"rightarmpeice3": {
					"rotation": {
						"0.0": {
							"post": [0, 0, 0],
							"lerp_mode": "catmullrom"
						},
						"0.1667": {
							"post": [0, 0, 20],
							"lerp_mode": "catmullrom"
						},
						"0.3333": {
							"post": [0, 0, -20],
							"lerp_mode": "catmullrom"
						},
						"0.625": {
							"post": [0, 0, 0],
							"lerp_mode": "catmullrom"
						}
					}
				},
				"rightarmpeice4": {
					"rotation": {
						"0.0": {
							"post": [0, 0, 0],
							"lerp_mode": "catmullrom"
						},
						"0.1667": {
							"post": [0, 0, 27.5],
							"lerp_mode": "catmullrom"
						},
						"0.3333": {
							"post": [0, 0, -27.5],
							"lerp_mode": "catmullrom"
						},
						"0.625": {
							"post": [0, 0, 0],
							"lerp_mode": "catmullrom"
						}
					}
				},
				"righthand": {
					"rotation": {
						"0.0": {
							"post": [0, 0, 0],
							"lerp_mode": "catmullrom"
						},
						"0.1667": {
							"post": [0, 0, 30],
							"lerp_mode": "catmullrom"
						},
						"0.3333": {
							"post": [0, 0, -27.5],
							"lerp_mode": "catmullrom"
						},
						"0.625": {
							"post": [0, 0, 0],
							"lerp_mode": "catmullrom"
						}
					}
				},
				"leftarm": {
					"rotation": {
						"0.0": {
							"post": [0, 0, 0],
							"lerp_mode": "catmullrom"
						},
						"0.1667": {
							"post": [15, 0, -10],
							"lerp_mode": "catmullrom"
						},
						"0.3333": {
							"post": [27.5, 0, -35],
							"lerp_mode": "catmullrom"
						},
						"0.5": {
							"post": [-5.47, 0, -19.06],
							"lerp_mode": "catmullrom"
						},
						"0.6667": {
							"post": [0, 0, 0],
							"lerp_mode": "catmullrom"
						}
					}
				},
				"leftarmpeice2": {
					"rotation": {
						"0.0": {
							"post": [0, 0, 0],
							"lerp_mode": "catmullrom"
						},
						"0.1667": {
							"post": [7.5, 0, 7.5],
							"lerp_mode": "catmullrom"
						},
						"0.3333": {
							"post": [10, 0, 7.5],
							"lerp_mode": "catmullrom"
						},
						"0.5": {
							"post": [-12.34, 0, 3.75],
							"lerp_mode": "catmullrom"
						},
						"0.6667": {
							"post": [0, 0, 0],
							"lerp_mode": "catmullrom"
						}
					}
				},
				"leftarmpeice3": {
					"rotation": {
						"0.0": {
							"post": [0, 0, 0],
							"lerp_mode": "catmullrom"
						},
						"0.1667": {
							"post": [-12.5, 0, 7.5],
							"lerp_mode": "catmullrom"
						},
						"0.3333": {
							"post": [5, 0, 7.5],
							"lerp_mode": "catmullrom"
						},
						"0.5": {
							"post": [-13.91, 0, 3.75],
							"lerp_mode": "catmullrom"
						},
						"0.6667": {
							"post": [0, 0, 0],
							"lerp_mode": "catmullrom"
						}
					}
				},
				"leftarmpeice4": {
					"rotation": {
						"0.0": {
							"post": [0, 0, 0],
							"lerp_mode": "catmullrom"
						},
						"0.1667": {
							"post": [-15, 0, -2.5],
							"lerp_mode": "catmullrom"
						},
						"0.3333": {
							"post": [2.5, 0, 0],
							"lerp_mode": "catmullrom"
						},
						"0.5": {
							"post": [-10.16, 0, 0],
							"lerp_mode": "catmullrom"
						},
						"0.6667": {
							"post": [0, 0, 0],
							"lerp_mode": "catmullrom"
						}
					}
				},
				"leftarmpeice5": {
					"rotation": {
						"0.0": {
							"post": [0, 0, 0],
							"lerp_mode": "catmullrom"
						},
						"0.1667": {
							"post": [-7.5, 0, -10],
							"lerp_mode": "catmullrom"
						},
						"0.3333": {
							"post": [2.5, 0, 0],
							"lerp_mode": "catmullrom"
						},
						"0.5": {
							"post": [-25.62, 0, 0],
							"lerp_mode": "catmullrom"
						},
						"0.6667": {
							"post": [0, 0, 0],
							"lerp_mode": "catmullrom"
						}
					}
				},
				"lefthand": {
					"rotation": {
						"0.0": {
							"post": [0, 0, 0],
							"lerp_mode": "catmullrom"
						},
						"0.1667": {
							"post": [0, 0, 12.5],
							"lerp_mode": "catmullrom"
						},
						"0.3333": {
							"post": [22.5, 0, -15],
							"lerp_mode": "catmullrom"
						},
						"0.5": {
							"post": [-14.84, 0, -9.22],
							"lerp_mode": "catmullrom"
						},
						"0.6667": {
							"post": [0, 0, 0],
							"lerp_mode": "catmullrom"
						}
					}
				},
				"rightlegpeice2": {
					"rotation": {
						"0.0": {
							"post": [0, 0, 0],
							"lerp_mode": "catmullrom"
						},
						"0.1667": {
							"post": [12.5, 0, 0],
							"lerp_mode": "catmullrom"
						},
						"0.3333": {
							"post": [22.5, 0, 0],
							"lerp_mode": "catmullrom"
						},
						"0.6667": {
							"post": [0, 0, 0],
							"lerp_mode": "catmullrom"
						}
					}
				},
				"rightlegpeice3": {
					"rotation": {
						"0.0": {
							"post": [0, 0, 0],
							"lerp_mode": "catmullrom"
						},
						"0.1667": {
							"post": [-12.5, 0, 0],
							"lerp_mode": "catmullrom"
						},
						"0.3333": {
							"post": [7.5, 0, 0],
							"lerp_mode": "catmullrom"
						},
						"0.6667": {
							"post": [0, 0, 0],
							"lerp_mode": "catmullrom"
						}
					}
				},
				"rightlegpeice4": {
					"rotation": {
						"0.0": {
							"post": [0, 0, 0],
							"lerp_mode": "catmullrom"
						},
						"0.1667": {
							"post": [7.5, 0, 0],
							"lerp_mode": "catmullrom"
						},
						"0.3333": {
							"post": [-12.5, 0, 0],
							"lerp_mode": "catmullrom"
						},
						"0.6667": {
							"post": [0, 0, 0],
							"lerp_mode": "catmullrom"
						}
					}
				},
				"rightlegpeice5": {
					"rotation": {
						"0.0": {
							"post": [0, 0, 0],
							"lerp_mode": "catmullrom"
						},
						"0.1667": {
							"post": [27.5, 0, 0],
							"lerp_mode": "catmullrom"
						},
						"0.25": {
							"post": [22.5, 0, 0],
							"lerp_mode": "catmullrom"
						},
						"0.3333": {
							"post": [2.5, 0, 0],
							"lerp_mode": "catmullrom"
						},
						"0.6667": {
							"post": [0, 0, 0],
							"lerp_mode": "catmullrom"
						}
					}
				},
				"leftlegpeice2": {
					"rotation": {
						"0.0": {
							"post": [0, 0, 0],
							"lerp_mode": "catmullrom"
						},
						"0.1667": {
							"post": [17.5, 0, 0],
							"lerp_mode": "catmullrom"
						},
						"0.25": {
							"post": [36.25, 0, 0],
							"lerp_mode": "catmullrom"
						},
						"0.3333": {
							"post": [-15, 0, 0],
							"lerp_mode": "catmullrom"
						},
						"0.6667": {
							"post": [0, 0, 0],
							"lerp_mode": "catmullrom"
						}
					}
				},
				"leftlegpeice3": {
					"rotation": {
						"0.0": {
							"post": [0, 0, 0],
							"lerp_mode": "catmullrom"
						},
						"0.1667": {
							"post": [15, 0, 0],
							"lerp_mode": "catmullrom"
						},
						"0.25": {
							"post": [28.75, 0, 0],
							"lerp_mode": "catmullrom"
						},
						"0.3333": {
							"post": [22.5, 0, 0],
							"lerp_mode": "catmullrom"
						},
						"0.6667": {
							"post": [0, 0, 0],
							"lerp_mode": "catmullrom"
						}
					}
				},
				"leftlegpeice4": {
					"rotation": {
						"0.0": {
							"post": [0, 0, 0],
							"lerp_mode": "catmullrom"
						},
						"0.1667": {
							"post": [22.5, 0, 0],
							"lerp_mode": "catmullrom"
						},
						"0.25": {
							"post": [22.5, 0, 0],
							"lerp_mode": "catmullrom"
						},
						"0.3333": {
							"post": [22.5, 0, 0],
							"lerp_mode": "catmullrom"
						},
						"0.6667": {
							"post": [0, 0, 0],
							"lerp_mode": "catmullrom"
						}
					}
				},
				"leftlegpeice5": {
					"rotation": {
						"0.0": {
							"post": [0, 0, 0],
							"lerp_mode": "catmullrom"
						},
						"0.1667": {
							"post": [32.5, 0, 0],
							"lerp_mode": "catmullrom"
						},
						"0.25": {
							"post": [3.52924, -1.19101, -1.4375],
							"lerp_mode": "catmullrom"
						},
						"0.3333": {
							"post": [40, 0, 0],
							"lerp_mode": "catmullrom"
						},
						"0.6667": {
							"post": [0, 0, 0],
							"lerp_mode": "catmullrom"
						}
					}
				}
			}
		},
		"animation.ftl_sc_glamrock_freddy.looking": {
			"loop": true,
			"bones": {
				"body": {
					"rotation": [0, "math.clamp(query.target_y_rotation, -25, 25)", 0]
				},
				"neck": {
					"rotation": [0, "math.clamp(query.target_y_rotation, -25, 25)", 0]
				},
				"head": {
					"rotation": ["query.target_x_rotation", "query.target_y_rotation", 0]
				},
				"mic_stand": {
					"position": [0, -164006, 0]
				}
			}
		},
		"animation.ftl_sc_glamrock_freddy_afton.general": {
			"loop": true,
			"animation_length": 4.75,
			"bones": {
				"waist": {
					"position": {
						"0.0": {
							"post": [0, -1, 0],
							"lerp_mode": "catmullrom"
						},
						"4.75": {
							"post": [0, -1, 0],
							"lerp_mode": "catmullrom"
						}
					}
				},
				"bodywaist": {
					"rotation": {
						"0.0": {
							"post": [-0.21865, 4.99523, -2.50954],
							"lerp_mode": "catmullrom"
						},
						"4.75": {
							"post": [-0.21865, 4.99523, -2.50954],
							"lerp_mode": "catmullrom"
						}
					}
				},
				"body": {
					"rotation": {
						"0.0": {
							"post": [8.15426, -4.95712, -7.52832],
							"lerp_mode": "catmullrom"
						},
						"1.0": {
							"post": [14.94212, -5.9762, -0.06378],
							"lerp_mode": "catmullrom"
						},
						"2.375": {
							"post": [19.37882, -7.65939, 4.67812],
							"lerp_mode": "catmullrom"
						},
						"3.625": {
							"post": [2.91291, -6.51574, 3.27701],
							"lerp_mode": "catmullrom"
						},
						"4.75": {
							"post": [8.15426, -4.95712, -7.52832],
							"lerp_mode": "catmullrom"
						}
					}
				},
				"neck": {
					"rotation": {
						"0.0": {
							"post": [9.96271, 0.86717, -4.92442],
							"lerp_mode": "catmullrom"
						},
						"1.0": {
							"post": [2.41615, -1.29876, 7.38733],
							"lerp_mode": "catmullrom"
						},
						"2.375": {
							"post": [22.66978, -0.62941, -7.59995],
							"lerp_mode": "catmullrom"
						},
						"3.625": {
							"post": [0.9919, 0.07209, -1.19251],
							"lerp_mode": "catmullrom"
						},
						"4.75": {
							"post": [9.96271, 0.86717, -4.92442],
							"lerp_mode": "catmullrom"
						}
					}
				},
				"head": {
					"rotation": {
						"0.0": {
							"post": [-10, 0, 10],
							"lerp_mode": "catmullrom"
						},
						"1.0": {
							"post": [-7.1658, -2.57594, -4.78217],
							"lerp_mode": "catmullrom"
						},
						"2.375": {
							"post": [-26.86377, 4.73238, 11.13238],
							"lerp_mode": "catmullrom"
						},
						"3.0": {
							"post": [-13.60279, 1.90763, -2.10097],
							"lerp_mode": "catmullrom"
						},
						"3.625": {
							"post": [1.70208, 2.48504, 3.03395],
							"lerp_mode": "catmullrom"
						},
						"4.75": {
							"post": [-10, 0, 10],
							"lerp_mode": "catmullrom"
						}
					}
				},
				"jaw": {
					"rotation": {
						"0.0": {
							"post": [0, 0, 0],
							"lerp_mode": "catmullrom"
						},
						"1.0": {
							"post": [15, 0, 0],
							"lerp_mode": "catmullrom"
						},
						"2.375": {
							"post": [-2.5, 0, 0],
							"lerp_mode": "catmullrom"
						},
						"4.75": {
							"post": [0, 0, 0],
							"lerp_mode": "catmullrom"
						}
					}
				},
				"rightear": {
					"rotation": {
						"0.0": {
							"post": [-0.14068, 2.24944, -7.15656],
							"lerp_mode": "catmullrom"
						},
						"1.0": {
							"post": [-0.24998, -2.99318, 9.54589],
							"lerp_mode": "catmullrom"
						},
						"2.375": {
							"post": [9.43839, -4.46375, 14.33501],
							"lerp_mode": "catmullrom"
						},
						"3.625": {
							"post": [-10, 0, 0],
							"lerp_mode": "catmullrom"
						},
						"4.75": {
							"post": [-0.14068, 2.24944, -7.15656],
							"lerp_mode": "catmullrom"
						}
					}
				},
				"leftear": {
					"rotation": {
						"0.0": {
							"post": [-0.08385, 1.29876, -7.38733],
							"lerp_mode": "catmullrom"
						},
						"1.0": {
							"post": [-0.23242, -2.15393, 12.31594],
							"lerp_mode": "catmullrom"
						},
						"2.375": {
							"post": [9.54589, -2.99318, 17.25002],
							"lerp_mode": "catmullrom"
						},
						"3.625": {
							"post": [-10, 0, 0],
							"lerp_mode": "catmullrom"
						},
						"4.75": {
							"post": [-0.08385, 1.29876, -7.38733],
							"lerp_mode": "catmullrom"
						}
					}
				},
				"leftearpeice": {
					"rotation": {
						"0.0": {
							"post": [0, 8.0431, -12.67172],
							"lerp_mode": "catmullrom"
						},
						"1.0": {
							"post": [-0.9951, -5.27643, 8.55562],
							"lerp_mode": "catmullrom"
						},
						"2.375": {
							"post": [20.70273, -7.84399, 12.9207],
							"lerp_mode": "catmullrom"
						},
						"3.625": {
							"post": [-25, 0, 0],
							"lerp_mode": "catmullrom"
						},
						"4.75": {
							"post": [0, 8.0431, -12.67172],
							"lerp_mode": "catmullrom"
						}
					}
				},
				"rightarm": {
					"rotation": {
						"0.0": {
							"post": [5.73716, -9.51984, 10.16261],
							"lerp_mode": "catmullrom"
						},
						"1.0": {
							"post": [9.0475, -8.98449, 5.12576],
							"lerp_mode": "catmullrom"
						},
						"2.375": {
							"post": [15.73214, -9.73609, 10.13574],
							"lerp_mode": "catmullrom"
						},
						"3.625": {
							"post": [6.26309, -8.67899, 5.17627],
							"lerp_mode": "catmullrom"
						},
						"4.75": {
							"post": [5.73716, -9.51984, 10.16261],
							"lerp_mode": "catmullrom"
						}
					}
				},
				"rightarmpeice": {
					"rotation": {
						"0.0": {
							"post": [-15, 0, 0],
							"lerp_mode": "catmullrom"
						},
						"1.0": {
							"post": [-22.5, 0, 0],
							"lerp_mode": "catmullrom"
						},
						"2.375": {
							"post": [-35, 0, 0],
							"lerp_mode": "catmullrom"
						},
						"3.625": {
							"post": [-11.97368, 0, 0],
							"lerp_mode": "catmullrom"
						},
						"4.75": {
							"post": [-15, 0, 0],
							"lerp_mode": "catmullrom"
						}
					}
				},
				"righthand": {
					"rotation": {
						"0.0": {
							"post": [0, -12.5, 0],
							"lerp_mode": "catmullrom"
						},
						"1.0": {
							"post": [-5.55404, -12.48791, 2.56062],
							"lerp_mode": "catmullrom"
						},
						"2.375": {
							"post": [-2.67802, -13.38896, -10.23313],
							"lerp_mode": "catmullrom"
						},
						"3.625": {
							"post": [-1.84041, -12.85326, -2.28361],
							"lerp_mode": "catmullrom"
						},
						"4.75": {
							"post": [0, -12.5, 0],
							"lerp_mode": "catmullrom"
						}
					}
				},
				"leftarm": {
					"rotation": {
						"0.0": {
							"post": [5, 17.5, -7.5],
							"lerp_mode": "catmullrom"
						},
						"1.0": {
							"post": [9.20936, 17.70074, -10.11433],
							"lerp_mode": "catmullrom"
						},
						"2.375": {
							"post": [-2.40521, 18.43186, -15.31731],
							"lerp_mode": "catmullrom"
						},
						"3.625": {
							"post": [5.57214, 17.41552, -5.98027],
							"lerp_mode": "catmullrom"
						},
						"4.75": {
							"post": [5, 17.5, -7.5],
							"lerp_mode": "catmullrom"
						}
					}
				},
				"leftarmpeice": {
					"rotation": {
						"0.0": {
							"post": [-17.5, 0, 0],
							"lerp_mode": "catmullrom"
						},
						"1.0": {
							"post": [-30, 0, 0],
							"lerp_mode": "catmullrom"
						},
						"2.375": {
							"post": [-20, 0, 0],
							"lerp_mode": "catmullrom"
						},
						"3.625": {
							"post": [-8.68421, 0, 0],
							"lerp_mode": "catmullrom"
						},
						"4.75": {
							"post": [-17.5, 0, 0],
							"lerp_mode": "catmullrom"
						}
					}
				},
				"lefthand": {
					"rotation": {
						"0.0": {
							"post": [0, 10, 15],
							"lerp_mode": "catmullrom"
						},
						"1.0": {
							"post": [-2.18558, 9.76061, 2.31336],
							"lerp_mode": "catmullrom"
						},
						"2.375": {
							"post": [-1.31845, 9.91358, 7.38565],
							"lerp_mode": "catmullrom"
						},
						"3.625": {
							"post": [-2.78519, 9.58563, -1.28596],
							"lerp_mode": "catmullrom"
						},
						"4.75": {
							"post": [0, 10, 15],
							"lerp_mode": "catmullrom"
						}
					}
				},
				"rightleg": {
					"rotation": {
						"0.0": {
							"post": [-4.67098, 7.49282, 2.52154],
							"lerp_mode": "catmullrom"
						},
						"4.75": {
							"post": [-4.67098, 7.49282, 2.52154],
							"lerp_mode": "catmullrom"
						}
					}
				},
				"rightlegpeice": {
					"rotation": {
						"0.0": {
							"post": [17.5, 0, 0],
							"lerp_mode": "catmullrom"
						},
						"4.75": {
							"post": [17.5, 0, 0],
							"lerp_mode": "catmullrom"
						}
					}
				},
				"rightfoot": {
					"rotation": {
						"0.0": {
							"post": [-12.48848, -0.54094, -2.44081],
							"lerp_mode": "catmullrom"
						},
						"4.75": {
							"post": [-12.48848, -0.54094, -2.44081],
							"lerp_mode": "catmullrom"
						}
					}
				},
				"leftleg": {
					"rotation": {
						"0.0": {
							"post": [-9.67098, -7.49282, -2.52154],
							"lerp_mode": "catmullrom"
						},
						"4.75": {
							"post": [-9.67098, -7.49282, -2.52154],
							"lerp_mode": "catmullrom"
						}
					}
				},
				"leftlegpeice": {
					"rotation": {
						"0.0": {
							"post": [15, 0, 0],
							"lerp_mode": "catmullrom"
						},
						"4.75": {
							"post": [15, 0, 0],
							"lerp_mode": "catmullrom"
						}
					}
				},
				"leftfoot": {
					"rotation": {
						"0.0": {
							"post": [-5.00238, -0.10901, 2.49762],
							"lerp_mode": "catmullrom"
						},
						"4.75": {
							"post": [-5.00238, -0.10901, 2.49762],
							"lerp_mode": "catmullrom"
						}
					}
				}
			}
		},
		"animation.ftl_sc_glamrock_freddy.general": {
			"loop": true,
			"animation_length": 5.125,
			"bones": {
				"topeyelids": {
					"rotation": {
						"0.0": {
							"post": [15, 0, 0],
							"lerp_mode": "catmullrom"
						},
						"2.375": {
							"post": [15, 0, 0],
							"lerp_mode": "catmullrom"
						},
						"3.8333": {
							"post": [15, 0, 0],
							"lerp_mode": "catmullrom"
						},
						"4.0833": {
							"post": [35, 0, 0],
							"lerp_mode": "catmullrom"
						},
						"4.3333": {
							"post": [15, 0, 0],
							"lerp_mode": "catmullrom"
						},
						"5.125": {
							"post": [15, 0, 0],
							"lerp_mode": "catmullrom"
						}
					}
				},
				"waist": {
					"position": [0, -1, 0]
				},
				"bodywaist": {
					"rotation": [5, 0, 0]
				},
				"body": {
					"rotation": [5, 0, 0]
				},
				"neck": {
					"rotation": [-5, 0, 0]
				},
				"head": {
					"rotation": [-2.5, 0, 0]
				},
				"bottumeyelids": {
					"rotation": {
						"0.0": {
							"post": [0, 0, 0],
							"lerp_mode": "catmullrom"
						},
						"2.375": {
							"post": [0, 0, 0],
							"lerp_mode": "catmullrom"
						},
						"3.8333": {
							"post": [0, 0, 0],
							"lerp_mode": "catmullrom"
						},
						"4.0833": {
							"post": [-57.5, 0, 0],
							"lerp_mode": "catmullrom"
						},
						"4.3333": {
							"post": [0, 0, 0],
							"lerp_mode": "catmullrom"
						}
					},
					"position": {
						"0.0": {
							"post": [0, 0, 0],
							"lerp_mode": "catmullrom"
						},
						"3.8333": {
							"post": [0, 0, 0],
							"lerp_mode": "catmullrom"
						},
						"4.0833": {
							"post": [0, -0.6, 0],
							"lerp_mode": "catmullrom"
						},
						"4.3333": {
							"post": [0, 0, 0],
							"lerp_mode": "catmullrom"
						}
					}
				},
				"jaw": {
					"rotation": [2.5, 0, 0]
				},
				"rightarm": {
					"rotation": [20, -17.5, 10]
				},
				"rightarmpeice": {
					"rotation": [-42.5, 0, 0]
				},
				"rightfinger1": {
					"rotation": [2.12723, -4.09405, -54.8973]
				},
				"rightfingerpiece1": {
					"rotation": [0, 0, -72.5]
				},
				"rightfinger2": {
					"rotation": [-2.88249, 4.53051, -64.91623]
				},
				"rightfingerpiece2": {
					"rotation": [0, 0, -102.5]
				},
				"rightfinger3": {
					"rotation": [0, 0, -57.5]
				},
				"rightfingerpiece3": {
					"rotation": [0, 0, -85]
				},
				"rightfinger4": {
					"rotation": [1.9418, -13.13824, -33.81995]
				},
				"rightfingerpiece4": {
					"rotation": [40, 0, 0]
				},
				"rightleg": {
					"rotation": [-11.8047, 14.44381, 2.64267]
				},
				"rightlegpeice": {
					"rotation": [20, 0, 0]
				},
				"rightfoot": {
					"rotation": [-7.69676, -0.15452, -3.47971]
				},
				"leftleg": {
					"rotation": [-11.8047, -14.44379, -2.64266]
				},
				"leftlegpeice": {
					"rotation": [20, 0, 0]
				},
				"leftfoot": {
					"rotation": [-7.5, 0, 2.5]
				},
				"leftarm": {
					"rotation": [20, 17.5, -10]
				},
				"leftarmpeice": {
					"rotation": [-42.5, 0, 0]
				},
				"leftfinger1": {
					"rotation": [3.08243, 4.61854, 67.42266]
				},
				"leftfingerpiece1": {
					"rotation": [0, 0, 72.5]
				},
				"leftfinger2": {
					"rotation": [-3.91518, -4.88119, 77.45376]
				},
				"leftfingerpiece2": {
					"rotation": [0, 0, 95]
				},
				"leftfinger3": {
					"rotation": [0, 0, 70]
				},
				"leftfingerpiece3": {
					"rotation": [0, 0, 85]
				},
				"leftfinger4": {
					"rotation": [7.56567, 11.6284, 28.69749]
				},
				"leftfingerpiece4": {
					"rotation": [37.5, 0, 0]
				},
				"mic_stand": {
					"position": [0, -164006, 0]
				}
			}
		},
		"animation.ftl_sc_glamrock_freddy.moving": {
			"loop": true,
			"animation_length": 1,
			"anim_time_update": "query.modified_distance_moved *0.1",
			"bones": {
				"topeyelids": {
					"rotation": [15, 0, 0]
				},
				"waist": {
					"position": {
						"0.0": {
							"post": [0, -7, 0],
							"lerp_mode": "catmullrom"
						},
						"0.125": {
							"post": [0, -3, 0],
							"lerp_mode": "catmullrom"
						},
						"0.25": {
							"post": [0, -3, 0],
							"lerp_mode": "catmullrom"
						},
						"0.5": {
							"post": [0, -7, 0],
							"lerp_mode": "catmullrom"
						},
						"0.625": {
							"post": [0, -3, 0],
							"lerp_mode": "catmullrom"
						},
						"0.75": {
							"post": [0, -3, 0],
							"lerp_mode": "catmullrom"
						},
						"1.0": {
							"post": [0, -7, 0],
							"lerp_mode": "catmullrom"
						}
					}
				},
				"bodywaist": {
					"rotation": {
						"0.0": {
							"post": [5.02885, -7.90672, 4.32548],
							"lerp_mode": "catmullrom"
						},
						"0.5": {
							"post": [5.02885, 7.9067, -4.3255],
							"lerp_mode": "catmullrom"
						},
						"1.0": {
							"post": [5.02885, -7.90672, 4.32548],
							"lerp_mode": "catmullrom"
						}
					}
				},
				"body": {
					"rotation": {
						"0.0": {
							"post": [4.37082, 7.88185, -4.37082],
							"lerp_mode": "catmullrom"
						},
						"0.5": {
							"post": [4.37082, -7.8819, 4.3708],
							"lerp_mode": "catmullrom"
						},
						"1.0": {
							"post": [4.37082, 7.88185, -4.37082],
							"lerp_mode": "catmullrom"
						}
					}
				},
				"neck": {
					"rotation": [-5, 0, 0]
				},
				"head": {
					"rotation": [-2.5, 0, 0]
				},
				"jaw": {
					"rotation": {
						"0.0": {
							"post": [15, 0, 0],
							"lerp_mode": "catmullrom"
						},
						"0.25": {
							"post": [0, 0, 0],
							"lerp_mode": "catmullrom"
						},
						"0.5": {
							"post": [15, 0, 0],
							"lerp_mode": "catmullrom"
						},
						"0.75": {
							"post": [0, 0, 0],
							"lerp_mode": "catmullrom"
						},
						"1.0": {
							"post": [15, 0, 0],
							"lerp_mode": "catmullrom"
						}
					}
				},
				"rightarm": {
					"rotation": {
						"0.0": {
							"post": [32.5, -17.5, 10],
							"lerp_mode": "catmullrom"
						},
						"0.5": {
							"post": [-20.77574, -13.3857, 22.2505],
							"lerp_mode": "catmullrom"
						},
						"1.0": {
							"post": [32.5, -17.5, 10],
							"lerp_mode": "catmullrom"
						}
					}
				},
				"rightarmpeice": {
					"rotation": {
						"0.0": {
							"post": [-25, 0, 0],
							"lerp_mode": "catmullrom"
						},
						"0.5": {
							"post": [-72.5, 0, 0],
							"lerp_mode": "catmullrom"
						},
						"0.75": {
							"post": [-81.25, 0, 0],
							"lerp_mode": "catmullrom"
						},
						"1.0": {
							"post": [-25, 0, 0],
							"lerp_mode": "catmullrom"
						}
					}
				},
				"rightfinger1": {
					"rotation": [2.12723, -4.09405, -54.8973]
				},
				"rightfingerpiece1": {
					"rotation": [0, 0, -72.5]
				},
				"rightfinger2": {
					"rotation": [-2.88249, 4.53051, -64.91623]
				},
				"rightfingerpiece2": {
					"rotation": [0, 0, -102.5]
				},
				"rightfinger3": {
					"rotation": [0, 0, -57.5]
				},
				"rightfingerpiece3": {
					"rotation": [0, 0, -85]
				},
				"rightfinger4": {
					"rotation": [1.9418, -13.13824, -33.81995]
				},
				"rightfingerpiece4": {
					"rotation": [40, 0, 0]
				},
				"rightleg": {
					"rotation": {
						"0.0": {
							"post": [-41.8047, 14.44381, 2.64267],
							"lerp_mode": "catmullrom"
						},
						"0.5": {
							"post": [19.34474, 12.8339, 7.514],
							"lerp_mode": "catmullrom"
						},
						"0.75": {
							"post": [-53.72998, 13.6389, 5.0784],
							"lerp_mode": "catmullrom"
						},
						"1.0": {
							"post": [-41.8047, 14.44381, 2.64267],
							"lerp_mode": "catmullrom"
						}
					}
				},
				"rightlegpeice": {
					"rotation": {
						"0.0": {
							"post": [42.5, 0, 0],
							"lerp_mode": "catmullrom"
						},
						"0.5": {
							"post": [25, 0, 0],
							"lerp_mode": "catmullrom"
						},
						"0.75": {
							"post": [48.75, 0, 0],
							"lerp_mode": "catmullrom"
						},
						"0.875": {
							"post": [28.125, 0, 0],
							"lerp_mode": "catmullrom"
						},
						"1.0": {
							"post": [42.5, 0, 0],
							"lerp_mode": "catmullrom"
						}
					}
				},
				"rightfoot": {
					"rotation": {
						"0.0": {
							"post": [-0.19676, -0.15452, -3.47971],
							"lerp_mode": "catmullrom"
						},
						"0.25": {
							"post": [-21.29893, -1.41931, -5.09985],
							"lerp_mode": "catmullrom"
						},
						"0.375": {
							"post": [-31.85001, -2.0517, -5.90993],
							"lerp_mode": "catmullrom"
						},
						"0.5": {
							"post": [-32.40109, -2.6841, -6.72],
							"lerp_mode": "catmullrom"
						},
						"0.625": {
							"post": [-16.85001, -2.0517, -5.91],
							"lerp_mode": "catmullrom"
						},
						"0.75": {
							"post": [23.70107, -1.4193, -5.0999],
							"lerp_mode": "catmullrom"
						},
						"0.875": {
							"post": [-8.24784, -0.7869, -4.2898],
							"lerp_mode": "catmullrom"
						},
						"1.0": {
							"post": [-0.19676, -0.15452, -3.47971],
							"lerp_mode": "catmullrom"
						}
					}
				},
				"leftleg": {
					"rotation": {
						"0.0": {
							"post": [19.34474, -12.83394, -7.51404],
							"lerp_mode": "catmullrom"
						},
						"0.25": {
							"post": [-53.72998, -13.63887, -5.07837],
							"lerp_mode": "catmullrom"
						},
						"0.5": {
							"post": [-41.8047, -14.4438, -2.6427],
							"lerp_mode": "catmullrom"
						},
						"1.0": {
							"post": [19.34474, -12.83394, -7.51404],
							"lerp_mode": "catmullrom"
						}
					}
				},
				"leftlegpeice": {
					"rotation": {
						"0.0": {
							"post": [25, 0, 0],
							"lerp_mode": "catmullrom"
						},
						"0.25": {
							"post": [48.75, 0, 0],
							"lerp_mode": "catmullrom"
						},
						"0.375": {
							"post": [28.125, 0, 0],
							"lerp_mode": "catmullrom"
						},
						"0.5": {
							"post": [42.5, 0, 0],
							"lerp_mode": "catmullrom"
						},
						"1.0": {
							"post": [25, 0, 0],
							"lerp_mode": "catmullrom"
						}
					}
				},
				"leftfoot": {
					"rotation": {
						"0.0": {
							"post": [-32.40109, 2.68407, 6.72005],
							"lerp_mode": "catmullrom"
						},
						"0.125": {
							"post": [-16.85001, 2.05168, 5.90996],
							"lerp_mode": "catmullrom"
						},
						"0.25": {
							"post": [23.70107, 1.41929, 5.09987],
							"lerp_mode": "catmullrom"
						},
						"0.375": {
							"post": [-8.24784, 0.78689, 4.28979],
							"lerp_mode": "catmullrom"
						},
						"0.5": {
							"post": [-0.19676, 0.1545, 3.4797],
							"lerp_mode": "catmullrom"
						},
						"0.75": {
							"post": [-21.29893, 1.4193, 5.0999],
							"lerp_mode": "catmullrom"
						},
						"1.0": {
							"post": [-32.40109, 2.68407, 6.72005],
							"lerp_mode": "catmullrom"
						}
					}
				},
				"leftarm": {
					"rotation": {
						"0.0": {
							"post": [-20.77574, 13.38573, -22.25052],
							"lerp_mode": "catmullrom"
						},
						"0.5": {
							"post": [32.5, 17.5, -10],
							"lerp_mode": "catmullrom"
						},
						"1.0": {
							"post": [-20.77574, 13.38573, -22.25052],
							"lerp_mode": "catmullrom"
						}
					}
				},
				"leftarmpeice": {
					"rotation": {
						"0.0": {
							"post": [-72.5, 0, 0],
							"lerp_mode": "catmullrom"
						},
						"0.25": {
							"post": [-81.25, 0, 0],
							"lerp_mode": "catmullrom"
						},
						"0.5": {
							"post": [-25, 0, 0],
							"lerp_mode": "catmullrom"
						},
						"1.0": {
							"post": [-72.5, 0, 0],
							"lerp_mode": "catmullrom"
						}
					}
				},
				"leftfinger1": {
					"rotation": [3.08243, 4.61854, 67.42266]
				},
				"leftfingerpiece1": {
					"rotation": [0, 0, 72.5]
				},
				"leftfinger2": {
					"rotation": [-3.91518, -4.88119, 77.45376]
				},
				"leftfingerpiece2": {
					"rotation": [0, 0, 95]
				},
				"leftfinger3": {
					"rotation": [0, 0, 70]
				},
				"leftfingerpiece3": {
					"rotation": [0, 0, 85]
				},
				"leftfinger4": {
					"rotation": [7.56567, 11.6284, 28.69749]
				},
				"leftfingerpiece4": {
					"rotation": [37.5, 0, 0]
				},
				"leftear": {
					"rotation": {
						"0.0": {
							"post": [0, 0, 7.5],
							"lerp_mode": "catmullrom"
						},
						"0.25": {
							"post": [0, 0, -7.5],
							"lerp_mode": "catmullrom"
						},
						"0.5": {
							"post": [0, 0, 7.5],
							"lerp_mode": "catmullrom"
						},
						"0.75": {
							"post": [0, 0, -7.5],
							"lerp_mode": "catmullrom"
						},
						"1.0": {
							"post": [0, 0, 7.5],
							"lerp_mode": "catmullrom"
						}
					}
				},
				"leftearring": {
					"rotation": {
						"0.0": {
							"post": [0, 0, -10],
							"lerp_mode": "catmullrom"
						},
						"0.25": {
							"post": [0, 0, -37.5],
							"lerp_mode": "catmullrom"
						},
						"0.5": {
							"post": [0, 0, -10],
							"lerp_mode": "catmullrom"
						},
						"0.75": {
							"post": [0, 0, -37.5],
							"lerp_mode": "catmullrom"
						},
						"1.0": {
							"post": [0, 0, -10],
							"lerp_mode": "catmullrom"
						}
					}
				},
				"rightear": {
					"rotation": {
						"0.0": {
							"post": [0, 0, -5],
							"lerp_mode": "catmullrom"
						},
						"0.25": {
							"post": [0, 0, 12.5],
							"lerp_mode": "catmullrom"
						},
						"0.5": {
							"post": [0, 0, -5],
							"lerp_mode": "catmullrom"
						},
						"0.75": {
							"post": [0, 0, 12.5],
							"lerp_mode": "catmullrom"
						},
						"1.0": {
							"post": [0, 0, -5],
							"lerp_mode": "catmullrom"
						}
					}
				},
				"mic_stand": {
					"position": [0, -164006, 0]
				}
			}
		},
		"animation.ftl_sc_glamrock_freddy.running": {
			"loop": true,
			"animation_length": 1,
			"anim_time_update": "query.modified_distance_moved *0.1",
			"bones": {
				"topeyelids": {
					"rotation": [15, 0, 0]
				},
				"waist": {
					"position": {
						"0.0": {
							"post": [0, -7, 0],
							"lerp_mode": "catmullrom"
						},
						"0.125": {
							"post": [0, -3, 0],
							"lerp_mode": "catmullrom"
						},
						"0.25": {
							"post": [0, -3, 0],
							"lerp_mode": "catmullrom"
						},
						"0.5": {
							"post": [0, -7, 0],
							"lerp_mode": "catmullrom"
						},
						"0.625": {
							"post": [0, -3, 0],
							"lerp_mode": "catmullrom"
						},
						"0.75": {
							"post": [0, -3, 0],
							"lerp_mode": "catmullrom"
						},
						"1.0": {
							"post": [0, -7, 0],
							"lerp_mode": "catmullrom"
						}
					}
				},
				"bodywaist": {
					"rotation": {
						"0.0": {
							"post": [5.02885, -7.90672, 4.32548],
							"lerp_mode": "catmullrom"
						},
						"0.5": {
							"post": [5.02885, 7.9067, -4.3255],
							"lerp_mode": "catmullrom"
						},
						"1.0": {
							"post": [5.02885, -7.90672, 4.32548],
							"lerp_mode": "catmullrom"
						}
					}
				},
				"body": {
					"rotation": {
						"0.0": {
							"post": [4.37082, 7.88185, -4.37082],
							"lerp_mode": "catmullrom"
						},
						"0.5": {
							"post": [4.37082, -7.8819, 4.3708],
							"lerp_mode": "catmullrom"
						},
						"1.0": {
							"post": [4.37082, 7.88185, -4.37082],
							"lerp_mode": "catmullrom"
						}
					}
				},
				"neck": {
					"rotation": [-5, 0, 0]
				},
				"head": {
					"rotation": [-2.5, 0, 0]
				},
				"jaw": {
					"rotation": {
						"0.0": {
							"post": [15, 0, 0],
							"lerp_mode": "catmullrom"
						},
						"0.25": {
							"post": [0, 0, 0],
							"lerp_mode": "catmullrom"
						},
						"0.5": {
							"post": [15, 0, 0],
							"lerp_mode": "catmullrom"
						},
						"0.75": {
							"post": [0, 0, 0],
							"lerp_mode": "catmullrom"
						},
						"1.0": {
							"post": [15, 0, 0],
							"lerp_mode": "catmullrom"
						}
					}
				},
				"rightarm": {
					"rotation": {
						"0.0": {
							"post": [32.5, -17.5, 10],
							"lerp_mode": "catmullrom"
						},
						"0.5": {
							"post": [-20.77574, -13.3857, 22.2505],
							"lerp_mode": "catmullrom"
						},
						"1.0": {
							"post": [32.5, -17.5, 10],
							"lerp_mode": "catmullrom"
						}
					}
				},
				"rightarmpeice": {
					"rotation": {
						"0.0": {
							"post": [-25, 0, 0],
							"lerp_mode": "catmullrom"
						},
						"0.5": {
							"post": [-72.5, 0, 0],
							"lerp_mode": "catmullrom"
						},
						"0.75": {
							"post": [-81.25, 0, 0],
							"lerp_mode": "catmullrom"
						},
						"1.0": {
							"post": [-25, 0, 0],
							"lerp_mode": "catmullrom"
						}
					}
				},
				"rightfinger1": {
					"rotation": [2.12723, -4.09405, -54.8973]
				},
				"rightfingerpiece1": {
					"rotation": [0, 0, -72.5]
				},
				"rightfinger2": {
					"rotation": [-2.88249, 4.53051, -64.91623]
				},
				"rightfingerpiece2": {
					"rotation": [0, 0, -102.5]
				},
				"rightfinger3": {
					"rotation": [0, 0, -57.5]
				},
				"rightfingerpiece3": {
					"rotation": [0, 0, -85]
				},
				"rightfinger4": {
					"rotation": [1.9418, -13.13824, -33.81995]
				},
				"rightfingerpiece4": {
					"rotation": [40, 0, 0]
				},
				"rightleg": {
					"rotation": {
						"0.0": {
							"post": [-41.8047, 14.44381, 2.64267],
							"lerp_mode": "catmullrom"
						},
						"0.5": {
							"post": [19.34474, 12.8339, 7.514],
							"lerp_mode": "catmullrom"
						},
						"0.75": {
							"post": [-53.72998, 13.6389, 5.0784],
							"lerp_mode": "catmullrom"
						},
						"1.0": {
							"post": [-41.8047, 14.44381, 2.64267],
							"lerp_mode": "catmullrom"
						}
					}
				},
				"rightlegpeice": {
					"rotation": {
						"0.0": {
							"post": [42.5, 0, 0],
							"lerp_mode": "catmullrom"
						},
						"0.5": {
							"post": [25, 0, 0],
							"lerp_mode": "catmullrom"
						},
						"0.75": {
							"post": [48.75, 0, 0],
							"lerp_mode": "catmullrom"
						},
						"0.875": {
							"post": [28.125, 0, 0],
							"lerp_mode": "catmullrom"
						},
						"1.0": {
							"post": [42.5, 0, 0],
							"lerp_mode": "catmullrom"
						}
					}
				},
				"rightfoot": {
					"rotation": {
						"0.0": {
							"post": [-0.19676, -0.15452, -3.47971],
							"lerp_mode": "catmullrom"
						},
						"0.25": {
							"post": [-21.29893, -1.41931, -5.09985],
							"lerp_mode": "catmullrom"
						},
						"0.375": {
							"post": [-31.85001, -2.0517, -5.90993],
							"lerp_mode": "catmullrom"
						},
						"0.5": {
							"post": [-32.40109, -2.6841, -6.72],
							"lerp_mode": "catmullrom"
						},
						"0.625": {
							"post": [-16.85001, -2.0517, -5.91],
							"lerp_mode": "catmullrom"
						},
						"0.75": {
							"post": [23.70107, -1.4193, -5.0999],
							"lerp_mode": "catmullrom"
						},
						"0.875": {
							"post": [-8.24784, -0.7869, -4.2898],
							"lerp_mode": "catmullrom"
						},
						"1.0": {
							"post": [-0.19676, -0.15452, -3.47971],
							"lerp_mode": "catmullrom"
						}
					}
				},
				"leftleg": {
					"rotation": {
						"0.0": {
							"post": [19.34474, -12.83394, -7.51404],
							"lerp_mode": "catmullrom"
						},
						"0.25": {
							"post": [-53.72998, -13.63887, -5.07837],
							"lerp_mode": "catmullrom"
						},
						"0.5": {
							"post": [-41.8047, -14.4438, -2.6427],
							"lerp_mode": "catmullrom"
						},
						"1.0": {
							"post": [19.34474, -12.83394, -7.51404],
							"lerp_mode": "catmullrom"
						}
					}
				},
				"leftlegpeice": {
					"rotation": {
						"0.0": {
							"post": [25, 0, 0],
							"lerp_mode": "catmullrom"
						},
						"0.25": {
							"post": [48.75, 0, 0],
							"lerp_mode": "catmullrom"
						},
						"0.375": {
							"post": [28.125, 0, 0],
							"lerp_mode": "catmullrom"
						},
						"0.5": {
							"post": [42.5, 0, 0],
							"lerp_mode": "catmullrom"
						},
						"1.0": {
							"post": [25, 0, 0],
							"lerp_mode": "catmullrom"
						}
					}
				},
				"leftfoot": {
					"rotation": {
						"0.0": {
							"post": [-32.40109, 2.68407, 6.72005],
							"lerp_mode": "catmullrom"
						},
						"0.125": {
							"post": [-16.85001, 2.05168, 5.90996],
							"lerp_mode": "catmullrom"
						},
						"0.25": {
							"post": [23.70107, 1.41929, 5.09987],
							"lerp_mode": "catmullrom"
						},
						"0.375": {
							"post": [-8.24784, 0.78689, 4.28979],
							"lerp_mode": "catmullrom"
						},
						"0.5": {
							"post": [-0.19676, 0.1545, 3.4797],
							"lerp_mode": "catmullrom"
						},
						"0.75": {
							"post": [-21.29893, 1.4193, 5.0999],
							"lerp_mode": "catmullrom"
						},
						"1.0": {
							"post": [-32.40109, 2.68407, 6.72005],
							"lerp_mode": "catmullrom"
						}
					}
				},
				"leftarm": {
					"rotation": {
						"0.0": {
							"post": [-20.77574, 13.38573, -22.25052],
							"lerp_mode": "catmullrom"
						},
						"0.5": {
							"post": [32.5, 17.5, -10],
							"lerp_mode": "catmullrom"
						},
						"1.0": {
							"post": [-20.77574, 13.38573, -22.25052],
							"lerp_mode": "catmullrom"
						}
					}
				},
				"leftarmpeice": {
					"rotation": {
						"0.0": {
							"post": [-72.5, 0, 0],
							"lerp_mode": "catmullrom"
						},
						"0.25": {
							"post": [-81.25, 0, 0],
							"lerp_mode": "catmullrom"
						},
						"0.5": {
							"post": [-25, 0, 0],
							"lerp_mode": "catmullrom"
						},
						"1.0": {
							"post": [-72.5, 0, 0],
							"lerp_mode": "catmullrom"
						}
					}
				},
				"leftfinger1": {
					"rotation": [3.08243, 4.61854, 67.42266]
				},
				"leftfingerpiece1": {
					"rotation": [0, 0, 72.5]
				},
				"leftfinger2": {
					"rotation": [-3.91518, -4.88119, 77.45376]
				},
				"leftfingerpiece2": {
					"rotation": [0, 0, 95]
				},
				"leftfinger3": {
					"rotation": [0, 0, 70]
				},
				"leftfingerpiece3": {
					"rotation": [0, 0, 85]
				},
				"leftfinger4": {
					"rotation": [7.56567, 11.6284, 28.69749]
				},
				"leftfingerpiece4": {
					"rotation": [37.5, 0, 0]
				},
				"leftear": {
					"rotation": {
						"0.0": {
							"post": [0, 0, 7.5],
							"lerp_mode": "catmullrom"
						},
						"0.25": {
							"post": [0, 0, -7.5],
							"lerp_mode": "catmullrom"
						},
						"0.5": {
							"post": [0, 0, 7.5],
							"lerp_mode": "catmullrom"
						},
						"0.75": {
							"post": [0, 0, -7.5],
							"lerp_mode": "catmullrom"
						},
						"1.0": {
							"post": [0, 0, 7.5],
							"lerp_mode": "catmullrom"
						}
					}
				},
				"leftearring": {
					"rotation": {
						"0.0": {
							"post": [0, 0, -10],
							"lerp_mode": "catmullrom"
						},
						"0.25": {
							"post": [0, 0, -37.5],
							"lerp_mode": "catmullrom"
						},
						"0.5": {
							"post": [0, 0, -10],
							"lerp_mode": "catmullrom"
						},
						"0.75": {
							"post": [0, 0, -37.5],
							"lerp_mode": "catmullrom"
						},
						"1.0": {
							"post": [0, 0, -10],
							"lerp_mode": "catmullrom"
						}
					}
				},
				"rightear": {
					"rotation": {
						"0.0": {
							"post": [0, 0, -5],
							"lerp_mode": "catmullrom"
						},
						"0.25": {
							"post": [0, 0, 12.5],
							"lerp_mode": "catmullrom"
						},
						"0.5": {
							"post": [0, 0, -5],
							"lerp_mode": "catmullrom"
						},
						"0.75": {
							"post": [0, 0, 12.5],
							"lerp_mode": "catmullrom"
						},
						"1.0": {
							"post": [0, 0, -5],
							"lerp_mode": "catmullrom"
						}
					}
				},
				"mic_stand": {
					"position": [0, -164006, 0]
				}
			}
		},
		"animation.ftl_sc_glamrock_freddy.controlled": {
			"loop": true,
			"animation_length": 0.08,
			"bones": {
				"waist": {
					"rotation": {
						"0.0": [0, 0, 0],
						"0.04": [0, 2.5, 0],
						"0.08": [0, -2.5, 0]
					}
				},
				"head": {
					"rotation": {
						"0.0": [-30, 0, 0],
						"0.04": [-31.18939, 15.09492, -8.95891],
						"0.08": [-30.38126, -8.64917, 5.03837]
					}
				},
				"righthand": {
					"rotation": {
						"0.0": [0, 0, 0],
						"0.04": [0, -10, 0],
						"0.08": [0, 0, 0]
					}
				},
				"lefthand": {
					"rotation": {
						"0.0": [0, 0, 0],
						"0.04": [0, -10, 0],
						"0.08": [0, 0, 0]
					}
				}
			}
		},
		"animation.ftl_sc_glamrock_freddy.new": {
			"loop": true,
			"bones": {
				"topeyelids": {
					"rotation": [15, 0, 0]
				}
			}
		},
		"animation.ftl_sc_glamrock_freddy.new2": {
			"loop": true,
			"bones": {
				"topeyelids": {
					"rotation": [15, 0, 0]
				},
				"mic_stand": {
					"scale": 3.8
				},
				"mic": {
					"scale": 0.8
				}
			}
		},
		"animation.ftl_sc_glamrock_freddy.pose3": {
			"loop": true,
			"bones": {
				"topeyelids": {
					"rotation": [15, 0, 0]
				},
				"mic_stand": {
					"rotation": [-94.64452, -10.70613, -451.53721],
					"position": [38, 2, -4],
					"scale": 3.8
				},
				"mic": {
					"scale": 0.8
				},
				"waist": {
					"position": [0, -2, 0]
				},
				"bodywaist": {
					"rotation": [0.32902, 7.49282, 2.52154]
				},
				"body": {
					"rotation": [-5.04292, 7.4713, -0.6574]
				},
				"neck": {
					"rotation": [-5.07673, 9.96156, -0.88045]
				},
				"head": {
					"rotation": [-2.5, 7.5, 0]
				},
				"jaw": {
					"rotation": [10, 0, 0]
				},
				"rightarm": {
					"rotation": [-45.0169, 20.83081, 26.37848]
				},
				"rightarmpeice": {
					"rotation": [-85, 0, 0]
				},
				"righthand": {
					"rotation": [-9.55971, -0.16304, -37.09084]
				},
				"rightfinger1": {
					"rotation": [0.56255, -2.30644, -27.41063]
				},
				"rightfingerpiece1": {
					"rotation": [0, 0, -80]
				},
				"rightfinger2": {
					"rotation": [-0.56255, 2.30644, -27.41063]
				},
				"rightfingerpiece2": {
					"rotation": [0, 0, -62.5]
				},
				"rightfinger3": {
					"rotation": [0, 0, -25]
				},
				"rightfingerpiece3": {
					"rotation": [0, 0, -62.5]
				},
				"rightfinger4": {
					"rotation": [-35.97611, -49.82859, 15.06655]
				},
				"rightfingerpiece4": {
					"rotation": [50, 0, 0]
				},
				"leftarm": {
					"rotation": [-0.6574, -7.4713, -7.45708]
				},
				"leftarmpeice": {
					"rotation": [-25, 0, 0]
				},
				"lefthand": {
					"rotation": [-198.87412, -70.81454, -138.75103]
				},
				"leftfinger1": {
					"rotation": [2.12723, 4.09405, 54.8973]
				},
				"leftfingerpiece1": {
					"rotation": [0, 0, 67.5]
				},
				"leftfinger2": {
					"rotation": [-4.56312, -4.98093, 84.981]
				},
				"leftfingerpiece2": {
					"rotation": [0, 0, 42.5]
				},
				"leftfinger3": {
					"rotation": [0, 0, 70]
				},
				"leftfingerpiece3": {
					"rotation": [0, 0, 55]
				},
				"leftfinger4": {
					"rotation": [3.26567, 20.89893, 60.03198]
				},
				"leftfingerpiece4": {
					"rotation": [75, 0, 0]
				},
				"rightleg": {
					"rotation": [-21.51697, 24.77164, 8.26511]
				},
				"rightlegpeice": {
					"rotation": [27.5, 0, 0]
				},
				"rightfoot": {
					"rotation": [-2.5, 0, -7.5]
				},
				"leftleg": {
					"rotation": [3.31914, -14.63639, -12.92638]
				},
				"leftlegpeice": {
					"rotation": [20, 0, 0]
				},
				"leftfoot": {
					"rotation": [-19.7127, 2.68507, 12.2127]
				}
			}
		},
		"animation.ftl_sc_glamrock_freddy.pose1": {
			"loop": true,
			"bones": {
				"waist": {
					"position": [0, -3, 0]
				},
				"bodywaist": {
					"rotation": [12.41181, 6.61886, 2.67694]
				},
				"body": {
					"rotation": [-7.36873, -1.91075, -1.01525]
				},
				"neck": {
					"rotation": [17.5, 0, 0]
				},
				"head": {
					"rotation": [-14.25651, -13.34574, -1.67145]
				},
				"topeyelids": {
					"rotation": [15, 0, 0]
				},
				"jaw": {
					"rotation": [5, 0, 0]
				},
				"rightarm": {
					"rotation": [14.16577, -18.17448, 12.90125]
				},
				"rightarmpeice": {
					"rotation": [-27.5, 0, 0]
				},
				"righthand": {
					"rotation": [1.3378, -14.94159, -5.17544]
				},
				"rightfinger1": {
					"rotation": [2.12723, -4.09405, -54.8973]
				},
				"rightfingerpiece1": {
					"rotation": [0, 0, -72.5]
				},
				"rightfinger2": {
					"rotation": [-2.88249, 4.53051, -64.91623]
				},
				"rightfingerpiece2": {
					"rotation": [0, 0, -102.5]
				},
				"rightfinger3": {
					"rotation": [0, 0, -57.5]
				},
				"rightfingerpiece3": {
					"rotation": [0, 0, -85]
				},
				"rightfinger4": {
					"rotation": [1.9418, -13.13824, -33.81995]
				},
				"rightfingerpiece4": {
					"rotation": [40, 0, 0]
				},
				"rightleg": {
					"rotation": [-7.85353, 12.87664, 6.21254]
				},
				"rightlegpeice": {
					"rotation": [32.5, 0, 0]
				},
				"rightfoot": {
					"rotation": [-22.4299, -1.70818, -4.69986]
				},
				"leftleg": {
					"rotation": [-21.1622, -14.94159, -5.17544]
				},
				"leftlegpeice": {
					"rotation": [32.5, 0, 0]
				},
				"leftfoot": {
					"rotation": [-7.46271, 0.86717, 4.92442]
				},
				"leftarm": {
					"rotation": [20, 12.5, -10]
				},
				"leftarmpeice": {
					"rotation": [-32.5, 0, 0]
				},
				"lefthand": {
					"rotation": [0, 12.5, 2.5]
				},
				"leftfinger1": {
					"rotation": [3.08243, 4.61854, 67.42266]
				},
				"leftfingerpiece1": {
					"rotation": [0, 0, 72.5]
				},
				"leftfinger2": {
					"rotation": [-3.91518, -4.88119, 77.45376]
				},
				"leftfingerpiece2": {
					"rotation": [0, 0, 95]
				},
				"leftfinger3": {
					"rotation": [0, 0, 70]
				},
				"leftfingerpiece3": {
					"rotation": [0, 0, 85]
				},
				"leftfinger4": {
					"rotation": [7.56567, 11.6284, 28.69749]
				},
				"leftfingerpiece4": {
					"rotation": [37.5, 0, 0]
				},
				"chestpeice1": {
					"rotation": [-55, 0, 0]
				},
				"chestpeice2": {
					"rotation": [90, 0, 0]
				},
				"mic_stand": {
					"position": [0, -164006, 0]
				}
			}
		},
		"animation.ftl_sc_glamrock_freddy.pose2": {
			"loop": true,
			"bones": {
				"waist": {
					"position": [0, -3, 0]
				},
				"bodywaist": {
					"rotation": [12.41181, 6.61886, 2.67694]
				},
				"body": {
					"rotation": [-7.36873, -1.91075, -1.01525]
				},
				"neck": {
					"rotation": [17.5, 0, 0]
				},
				"head": {
					"rotation": [-14.25651, -13.34574, -1.67145]
				},
				"topeyelids": {
					"rotation": [15, 0, 0]
				},
				"jaw": {
					"rotation": [5, 0, 0]
				},
				"rightarm": {
					"rotation": [14.16577, -18.17448, 12.90125]
				},
				"rightarmpeice": {
					"rotation": [-27.5, 0, 0]
				},
				"righthand": {
					"rotation": [1.3378, -14.94159, -5.17544]
				},
				"rightfinger1": {
					"rotation": [2.12723, -4.09405, -54.8973]
				},
				"rightfingerpiece1": {
					"rotation": [0, 0, -72.5]
				},
				"rightfinger2": {
					"rotation": [-2.88249, 4.53051, -64.91623]
				},
				"rightfingerpiece2": {
					"rotation": [0, 0, -102.5]
				},
				"rightfinger3": {
					"rotation": [0, 0, -57.5]
				},
				"rightfingerpiece3": {
					"rotation": [0, 0, -85]
				},
				"rightfinger4": {
					"rotation": [1.9418, -13.13824, -33.81995]
				},
				"rightfingerpiece4": {
					"rotation": [40, 0, 0]
				},
				"rightleg": {
					"rotation": [-7.85353, 12.87664, 6.21254]
				},
				"rightlegpeice": {
					"rotation": [32.5, 0, 0]
				},
				"rightfoot": {
					"rotation": [-22.4299, -1.70818, -4.69986]
				},
				"leftleg": {
					"rotation": [-21.1622, -14.94159, -5.17544]
				},
				"leftlegpeice": {
					"rotation": [32.5, 0, 0]
				},
				"leftfoot": {
					"rotation": [-7.46271, 0.86717, 4.92442]
				},
				"leftarm": {
					"rotation": [20, 12.5, -10]
				},
				"leftarmpeice": {
					"rotation": [-32.5, 0, 0]
				},
				"lefthand": {
					"rotation": [0, 12.5, 2.5]
				},
				"leftfinger1": {
					"rotation": [3.08243, 4.61854, 67.42266]
				},
				"leftfingerpiece1": {
					"rotation": [0, 0, 72.5]
				},
				"leftfinger2": {
					"rotation": [-3.91518, -4.88119, 77.45376]
				},
				"leftfingerpiece2": {
					"rotation": [0, 0, 95]
				},
				"leftfinger3": {
					"rotation": [0, 0, 70]
				},
				"leftfingerpiece3": {
					"rotation": [0, 0, 85]
				},
				"leftfinger4": {
					"rotation": [7.56567, 11.6284, 28.69749]
				},
				"leftfingerpiece4": {
					"rotation": [37.5, 0, 0]
				},
				"mic_stand": {
					"position": [0, -164006, 0]
				}
			}
		}
	}
}
\\"": \\\\""?\\\"": \\\\""?\\\"": \\\\""?\\\"": \\\\""?\\\"": \\\\""?\\\"": \\\\""?\\\"": \\\\""?\\\"": \\\\""?\\\"": \\\\""?\\\"": \\\\""?\\\"": \\\\""?\\\"": \\\\""?\\\"": \\\\""?\\\"": \\\\""?\\\"": \\\\""?\\\"": \\\\""?\\\"": \\\\""?\\\"": \\\\""?\\\"": \\\\""?\\\"": \\\\""?\\\"": \\\\""?\\\"": \\\\""?\\\"": \\\\""?\\\"": \\\\""?\\\"": \\\\""?\\\"": \\\\""?\\\"": \\\\""?\\\"": \\\\""?\\\"": \\\\""?\\\"": \\\\""?\\\"": \\\\""?\\\"": \\\\""?\\\"": \\\\""?\\\"": \\\\""?\\\"": \\\\""?\\\"": \\\\""?\\\"": \\\\""?\\\"": \\\\""?\\\"": \\\\""?\\\"": \\\\""?\\\"": \\\\""?\\\"": \\\\""?\\\"": \\\\""?\\\"": \\\\""?\\\"": \\\\""?\\\"": \\\\""?\\\"": \\\\""?\\\"": \\\\""?\\\"": \\\\""?\\\"": \\\\""?\\\"": \\\\""?\]}}}}}