{
	"format_version": "1.8.0",
	"animations": {
		"animation.ftl_sc_dj_music_man_player.djhead": {
			"loop": true,
			"bones": {
				"djhead": {
					"scale": 1.3
				}
			}
		},
		"animation.ftl_sc_dj_music_man_player.attack": {
			"animation_length": 0.66667,
			"bones": {
				"djhead": {
					"rotation": {
						"0.0": {
							"post": [0, 0, 0],
							"lerp_mode": "catmullrom"
						},
						"0.25": {
							"post": [-25, 0, 0],
							"lerp_mode": "catmullrom"
						},
						"0.5": {
							"post": [-52.5, 0, 0],
							"lerp_mode": "catmullrom"
						},
						"0.6667": {
							"post": [0, 0, 0],
							"lerp_mode": "catmullrom"
						}
					}
				},
				"neck": {
					"rotation": {
						"0.0": {
							"post": [0, 0, 0],
							"lerp_mode": "catmullrom"
						},
						"0.25": {
							"post": [-27.5, 0, 0],
							"lerp_mode": "catmullrom"
						},
						"0.5": {
							"post": [37.5, 0, 0],
							"lerp_mode": "catmullrom"
						},
						"0.6667": {
							"post": [0, 0, 0],
							"lerp_mode": "catmullrom"
						}
					}
				},
				"neckpeice": {
					"rotation": {
						"0.0": {
							"post": [0, 0, 0],
							"lerp_mode": "catmullrom"
						},
						"0.25": {
							"post": [-50, 0, 0],
							"lerp_mode": "catmullrom"
						},
						"0.5": {
							"post": [10, 0, 0],
							"lerp_mode": "catmullrom"
						},
						"0.6667": {
							"post": [0, 0, 0],
							"lerp_mode": "catmullrom"
						}
					}
				}
			}
		},
		"animation.ftl_sc_dj_music_man_player.moving": {
			"loop": true,
			"animation_length": 1,
			"bones": {
				"djhead": {
					"rotation": {
						"0.0": {
							"post": [10, 0, 0],
							"lerp_mode": "catmullrom"
						},
						"0.25": {
							"post": [-12.5, 0, 0],
							"lerp_mode": "catmullrom"
						},
						"0.5": {
							"post": [10, 0, 0],
							"lerp_mode": "catmullrom"
						},
						"0.75": {
							"post": [-12.5, 0, 0],
							"lerp_mode": "catmullrom"
						},
						"1.0": {
							"post": [10, 0, 0],
							"lerp_mode": "catmullrom"
						}
					}
				},
				"djwaist": {
					"position": {
						"0.0": {
							"post": [0, -2, 0],
							"lerp_mode": "catmullrom"
						},
						"0.25": {
							"post": [0, 1, 0],
							"lerp_mode": "catmullrom"
						},
						"0.5": {
							"post": [0, -2, 0],
							"lerp_mode": "catmullrom"
						},
						"0.75": {
							"post": [0, 1, 0],
							"lerp_mode": "catmullrom"
						},
						"1.0": {
							"post": [0, -2, 0],
							"lerp_mode": "catmullrom"
						}
					}
				},
				"neck": {
					"rotation": {
						"0.0": {
							"post": [15, 0, 0],
							"lerp_mode": "catmullrom"
						},
						"0.25": {
							"post": [-7.5, 0, 0],
							"lerp_mode": "catmullrom"
						},
						"0.5": {
							"post": [15, 0, 0],
							"lerp_mode": "catmullrom"
						},
						"0.75": {
							"post": [-7.5, 0, 0],
							"lerp_mode": "catmullrom"
						},
						"1.0": {
							"post": [15, 0, 0],
							"lerp_mode": "catmullrom"
						}
					}
				},
				"neckpeice": {
					"rotation": {
						"0.0": {
							"post": [-25, 0, 0],
							"lerp_mode": "catmullrom"
						},
						"0.25": {
							"post": [20, 0, 0],
							"lerp_mode": "catmullrom"
						},
						"0.5": {
							"post": [-25, 0, 0],
							"lerp_mode": "catmullrom"
						},
						"0.75": {
							"post": [20, 0, 0],
							"lerp_mode": "catmullrom"
						},
						"1.0": {
							"post": [-25, 0, 0],
							"lerp_mode": "catmullrom"
						}
					}
				},
				"rightdjleg1": {
					"rotation": {
						"0.0": {
							"post": [-29.53216, 31.43194, 41.01956],
							"lerp_mode": "catmullrom"
						},
						"0.5": {
							"post": [-39.58562, 15.5667, 16.3707],
							"lerp_mode": "catmullrom"
						},
						"1.0": {
							"post": [-29.53216, 31.43194, 41.01956],
							"lerp_mode": "catmullrom"
						}
					}
				},
				"rightdjlegpeice1": {
					"rotation": {
						"0.0": {
							"post": [0, 0, -102.5],
							"lerp_mode": "catmullrom"
						},
						"0.25": {
							"post": [0, 0, -27.5],
							"lerp_mode": "catmullrom"
						},
						"0.5": {
							"post": [0, 0, -42.5],
							"lerp_mode": "catmullrom"
						},
						"1.0": {
							"post": [0, 0, -102.5],
							"lerp_mode": "catmullrom"
						}
					}
				},
				"rightdjhand1": {
					"rotation": {
						"0.0": {
							"post": [0, 0, 42.5],
							"lerp_mode": "catmullrom"
						},
						"0.25": {
							"post": [0, 0, -38.75],
							"lerp_mode": "catmullrom"
						},
						"0.5": {
							"post": [0, 0, 15],
							"lerp_mode": "catmullrom"
						},
						"1.0": {
							"post": [0, 0, 42.5],
							"lerp_mode": "catmullrom"
						}
					}
				},
				"rightdjleg2": {
					"rotation": {
						"0.0": {
							"post": [-23.66235, 8.31087, 18.25612],
							"lerp_mode": "catmullrom"
						},
						"0.5": {
							"post": [-3.69158, 2.1613, 45.9903],
							"lerp_mode": "catmullrom"
						},
						"1.0": {
							"post": [-23.66235, 8.31087, 18.25612],
							"lerp_mode": "catmullrom"
						}
					}
				},
				"rightdjlegpeice2": {
					"rotation": {
						"0.0": {
							"post": [0, 0, -40],
							"lerp_mode": "catmullrom"
						},
						"0.25": {
							"post": [0, 0, -72.5],
							"lerp_mode": "catmullrom"
						},
						"0.5": {
							"post": [0, 0, -105],
							"lerp_mode": "catmullrom"
						},
						"0.75": {
							"post": [0, 0, -25],
							"lerp_mode": "catmullrom"
						},
						"1.0": {
							"post": [0, 0, -40],
							"lerp_mode": "catmullrom"
						}
					}
				},
				"rightdjhand2": {
					"rotation": {
						"0.0": {
							"post": [0, 0, 22.5],
							"lerp_mode": "catmullrom"
						},
						"0.25": {
							"post": [0, 0, 46.25],
							"lerp_mode": "catmullrom"
						},
						"0.5": {
							"post": [0, 0, 55],
							"lerp_mode": "catmullrom"
						},
						"0.75": {
							"post": [0, 0, -26.25],
							"lerp_mode": "catmullrom"
						},
						"1.0": {
							"post": [0, 0, 22.5],
							"lerp_mode": "catmullrom"
						}
					}
				},
				"rightdjleg3": {
					"rotation": {
						"0.0": {
							"post": [31.79292, -25.48857, 37.40112],
							"lerp_mode": "catmullrom"
						},
						"0.5": {
							"post": [31.28223, -9.298, 14.8915],
							"lerp_mode": "catmullrom"
						},
						"0.75": {
							"post": [24.27474, -26.8475, 45.2161],
							"lerp_mode": "catmullrom"
						},
						"1.0": {
							"post": [31.79292, -25.48857, 37.40112],
							"lerp_mode": "catmullrom"
						}
					}
				},
				"rightdjlegpeice3": {
					"rotation": {
						"0.0": {
							"post": [0, 0, -107.5],
							"lerp_mode": "catmullrom"
						},
						"0.5": {
							"post": [0, 0, -37.5],
							"lerp_mode": "catmullrom"
						},
						"0.75": {
							"post": [0, 0, -102.5],
							"lerp_mode": "catmullrom"
						},
						"1.0": {
							"post": [0, 0, -107.5],
							"lerp_mode": "catmullrom"
						}
					}
				},
				"rightdjhand3": {
					"rotation": {
						"0.0": {
							"post": [0, 0, 60],
							"lerp_mode": "catmullrom"
						},
						"0.5": {
							"post": [0, 0, 22.5],
							"lerp_mode": "catmullrom"
						},
						"0.75": {
							"post": [0, 0, 48.75],
							"lerp_mode": "catmullrom"
						},
						"1.0": {
							"post": [0, 0, 60],
							"lerp_mode": "catmullrom"
						}
					}
				},
				"leftdjleg1": {
					"rotation": {
						"0.0": {
							"post": [-39.58562, -15.56671, -16.37072],
							"lerp_mode": "catmullrom"
						},
						"0.5": {
							"post": [-29.53216, -31.4319, -41.0196],
							"lerp_mode": "catmullrom"
						},
						"1.0": {
							"post": [-39.58562, -15.56671, -16.37072],
							"lerp_mode": "catmullrom"
						}
					}
				},
				"leftdjlegpeice1": {
					"rotation": {
						"0.0": {
							"post": [0, 0, 42.5],
							"lerp_mode": "catmullrom"
						},
						"0.5": {
							"post": [0, 0, 102.5],
							"lerp_mode": "catmullrom"
						},
						"0.75": {
							"post": [0, 0, 27.5],
							"lerp_mode": "catmullrom"
						},
						"1.0": {
							"post": [0, 0, 42.5],
							"lerp_mode": "catmullrom"
						}
					}
				},
				"leftdjhand": {
					"rotation": {
						"0.0": {
							"post": [0, 0, -15],
							"lerp_mode": "catmullrom"
						},
						"0.25": {
							"post": [0, 0, -33.75],
							"lerp_mode": "catmullrom"
						},
						"0.5": {
							"post": [0, 0, -42.5],
							"lerp_mode": "catmullrom"
						},
						"0.75": {
							"post": [0, 0, 38.75],
							"lerp_mode": "catmullrom"
						},
						"1.0": {
							"post": [0, 0, -15],
							"lerp_mode": "catmullrom"
						}
					}
				},
				"leftdjleg2": {
					"rotation": {
						"0.0": {
							"post": [-3.69158, -2.1613, -45.99033],
							"lerp_mode": "catmullrom"
						},
						"0.5": {
							"post": [-23.66235, -8.3109, -18.2561],
							"lerp_mode": "catmullrom"
						},
						"1.0": {
							"post": [-3.69158, -2.1613, -45.99033],
							"lerp_mode": "catmullrom"
						}
					}
				},
				"leftdjlegpeice2": {
					"rotation": {
						"0.0": {
							"post": [0, 0, 105],
							"lerp_mode": "catmullrom"
						},
						"0.25": {
							"post": [0, 0, 25],
							"lerp_mode": "catmullrom"
						},
						"0.5": {
							"post": [0, 0, 40],
							"lerp_mode": "catmullrom"
						},
						"0.75": {
							"post": [0, 0, 72.5],
							"lerp_mode": "catmullrom"
						},
						"1.0": {
							"post": [0, 0, 105],
							"lerp_mode": "catmullrom"
						}
					}
				},
				"leftdjhand2": {
					"rotation": {
						"0.0": {
							"post": [0, 0, -55],
							"lerp_mode": "catmullrom"
						},
						"0.25": {
							"post": [0, 0, 26.25],
							"lerp_mode": "catmullrom"
						},
						"0.5": {
							"post": [0, 0, -22.5],
							"lerp_mode": "catmullrom"
						},
						"0.75": {
							"post": [0, 0, -46.25],
							"lerp_mode": "catmullrom"
						},
						"1.0": {
							"post": [0, 0, -55],
							"lerp_mode": "catmullrom"
						}
					}
				},
				"leftdjleg3": {
					"rotation": {
						"0.0": {
							"post": [31.28223, 9.29798, -14.89149],
							"lerp_mode": "catmullrom"
						},
						"0.25": {
							"post": [24.27474, 26.84752, -45.21607],
							"lerp_mode": "catmullrom"
						},
						"0.5": {
							"post": [31.79292, 25.4886, -37.4011],
							"lerp_mode": "catmullrom"
						},
						"1.0": {
							"post": [31.28223, 9.29798, -14.89149],
							"lerp_mode": "catmullrom"
						}
					}
				},
				"leftdjlegpeice3": {
					"rotation": {
						"0.0": {
							"post": [0, 0, 37.5],
							"lerp_mode": "catmullrom"
						},
						"0.25": {
							"post": [0, 0, 102.5],
							"lerp_mode": "catmullrom"
						},
						"0.5": {
							"post": [0, 0, 107.5],
							"lerp_mode": "catmullrom"
						},
						"1.0": {
							"post": [0, 0, 37.5],
							"lerp_mode": "catmullrom"
						}
					}
				},
				"leftdjhand3": {
					"rotation": {
						"0.0": {
							"post": [0, 0, -22.5],
							"lerp_mode": "catmullrom"
						},
						"0.25": {
							"post": [0, 0, -48.75],
							"lerp_mode": "catmullrom"
						},
						"0.5": {
							"post": [0, 0, -60],
							"lerp_mode": "catmullrom"
						},
						"1.0": {
							"post": [0, 0, -22.5],
							"lerp_mode": "catmullrom"
						}
					}
				}
			}
		},
		"animation.ftl_sc_dj_music_man_player.pose1": {
			"loop": true,
			"bones": {
				"djhead": {
					"rotation": [-22.5, -20, 2.5],
					"scale": 1.3
				},
				"neckpeice": {
					"rotation": [-22.5, -30, 0]
				},
				"neck": {
					"rotation": [12.5, -12.5, 10]
				},
				"body": {
					"rotation": [5, -5, 7.5]
				},
				"rightdjleg1": {
					"rotation": [-22.5, 0, 22.5]
				},
				"rightdjlegpeice1": {
					"rotation": [0, 0, -47.5]
				},
				"rightdjhand1": {
					"rotation": [0, 17.5, 15]
				},
				"rightdjleg2": {
					"rotation": [-2.5, 0, 47.5]
				},
				"rightdjlegpeice2": {
					"rotation": [0, 0, -100]
				},
				"rightdjhand2": {
					"rotation": [0, 0, 30]
				},
				"rightdjleg3": {
					"rotation": [27.5, 0, 10]
				},
				"rightdjlegpeice3": {
					"rotation": [0, 0, -40]
				},
				"rightdjhand3": {
					"rotation": [0, 0, 20]
				},
				"leftdjleg1": {
					"rotation": [-40, -10, -12.5]
				},
				"leftdjlegpeice1": {
					"rotation": [0, 0, 10]
				},
				"leftdjhand": {
					"rotation": [0, 0, -7.5]
				},
				"leftdjleg2": {
					"rotation": [0, -7.5, -50]
				},
				"leftdjlegpeice2": {
					"rotation": [0, 0, 85]
				},
				"leftdjhand2": {
					"rotation": [2.5, 0, -42.5]
				},
				"leftdjleg3": {
					"rotation": [42.5, 7.5, -25]
				},
				"leftdjlegpeice3": {
					"rotation": [0, 0, 45]
				},
				"leftdjhand3": {
					"rotation": [0, 0, -25]
				}
			}
		},
		"animation.ftl_sc_dj_music_man_player.climbing": {
			"loop": true,
			"animation_length": 1,
			"bones": {
				"djhead": {
					"rotation": {
						"0.0": {
							"post": [10, 0, 0],
							"lerp_mode": "catmullrom"
						},
						"0.25": {
							"post": [-12.5, 0, 0],
							"lerp_mode": "catmullrom"
						},
						"0.5": {
							"post": [10, 0, 0],
							"lerp_mode": "catmullrom"
						},
						"0.75": {
							"post": [-12.5, 0, 0],
							"lerp_mode": "catmullrom"
						},
						"1.0": {
							"post": [10, 0, 0],
							"lerp_mode": "catmullrom"
						}
					}
				},
				"djwaist": {
					"rotation": [-90, 0, 0],
					"position": {
						"0.0": {
							"post": [0, -2, 0],
							"lerp_mode": "catmullrom"
						},
						"0.25": {
							"post": [0, -2, 3],
							"lerp_mode": "catmullrom"
						},
						"0.5": {
							"post": [0, -2, 0],
							"lerp_mode": "catmullrom"
						},
						"0.75": {
							"post": [0, -2, 3],
							"lerp_mode": "catmullrom"
						},
						"1.0": {
							"post": [0, -2, 0],
							"lerp_mode": "catmullrom"
						}
					}
				},
				"neck": {
					"rotation": {
						"0.0": {
							"post": [15, 0, 0],
							"lerp_mode": "catmullrom"
						},
						"0.25": {
							"post": [-7.5, 0, 0],
							"lerp_mode": "catmullrom"
						},
						"0.5": {
							"post": [15, 0, 0],
							"lerp_mode": "catmullrom"
						},
						"0.75": {
							"post": [-7.5, 0, 0],
							"lerp_mode": "catmullrom"
						},
						"1.0": {
							"post": [15, 0, 0],
							"lerp_mode": "catmullrom"
						}
					}
				},
				"neckpeice": {
					"rotation": {
						"0.0": {
							"post": [-25, 0, 0],
							"lerp_mode": "catmullrom"
						},
						"0.25": {
							"post": [20, 0, 0],
							"lerp_mode": "catmullrom"
						},
						"0.5": {
							"post": [-25, 0, 0],
							"lerp_mode": "catmullrom"
						},
						"0.75": {
							"post": [20, 0, 0],
							"lerp_mode": "catmullrom"
						},
						"1.0": {
							"post": [-25, 0, 0],
							"lerp_mode": "catmullrom"
						}
					}
				},
				"rightdjleg1": {
					"rotation": {
						"0.0": {
							"post": [-29.53216, 31.43194, 41.01956],
							"lerp_mode": "catmullrom"
						},
						"0.5": {
							"post": [-39.58562, 15.5667, 16.3707],
							"lerp_mode": "catmullrom"
						},
						"1.0": {
							"post": [-29.53216, 31.43194, 41.01956],
							"lerp_mode": "catmullrom"
						}
					}
				},
				"rightdjlegpeice1": {
					"rotation": {
						"0.0": {
							"post": [0, 0, -102.5],
							"lerp_mode": "catmullrom"
						},
						"0.25": {
							"post": [0, 0, -27.5],
							"lerp_mode": "catmullrom"
						},
						"0.5": {
							"post": [0, 0, -42.5],
							"lerp_mode": "catmullrom"
						},
						"1.0": {
							"post": [0, 0, -102.5],
							"lerp_mode": "catmullrom"
						}
					}
				},
				"rightdjhand1": {
					"rotation": {
						"0.0": {
							"post": [0, 0, 42.5],
							"lerp_mode": "catmullrom"
						},
						"0.25": {
							"post": [0, 0, -38.75],
							"lerp_mode": "catmullrom"
						},
						"0.5": {
							"post": [0, 0, 15],
							"lerp_mode": "catmullrom"
						},
						"1.0": {
							"post": [0, 0, 42.5],
							"lerp_mode": "catmullrom"
						}
					}
				},
				"rightdjleg2": {
					"rotation": {
						"0.0": {
							"post": [-23.66235, 8.31087, 18.25612],
							"lerp_mode": "catmullrom"
						},
						"0.5": {
							"post": [-3.69158, 2.1613, 45.9903],
							"lerp_mode": "catmullrom"
						},
						"1.0": {
							"post": [-23.66235, 8.31087, 18.25612],
							"lerp_mode": "catmullrom"
						}
					}
				},
				"rightdjlegpeice2": {
					"rotation": {
						"0.0": {
							"post": [0, 0, -40],
							"lerp_mode": "catmullrom"
						},
						"0.25": {
							"post": [0, 0, -72.5],
							"lerp_mode": "catmullrom"
						},
						"0.5": {
							"post": [0, 0, -105],
							"lerp_mode": "catmullrom"
						},
						"0.75": {
							"post": [0, 0, -25],
							"lerp_mode": "catmullrom"
						},
						"1.0": {
							"post": [0, 0, -40],
							"lerp_mode": "catmullrom"
						}
					}
				},
				"rightdjhand2": {
					"rotation": {
						"0.0": {
							"post": [0, 0, 22.5],
							"lerp_mode": "catmullrom"
						},
						"0.25": {
							"post": [0, 0, 46.25],
							"lerp_mode": "catmullrom"
						},
						"0.5": {
							"post": [0, 0, 55],
							"lerp_mode": "catmullrom"
						},
						"0.75": {
							"post": [0, 0, -26.25],
							"lerp_mode": "catmullrom"
						},
						"1.0": {
							"post": [0, 0, 22.5],
							"lerp_mode": "catmullrom"
						}
					}
				},
				"rightdjleg3": {
					"rotation": {
						"0.0": {
							"post": [31.79292, -25.48857, 37.40112],
							"lerp_mode": "catmullrom"
						},
						"0.5": {
							"post": [31.28223, -9.298, 14.8915],
							"lerp_mode": "catmullrom"
						},
						"0.75": {
							"post": [24.27474, -26.8475, 45.2161],
							"lerp_mode": "catmullrom"
						},
						"1.0": {
							"post": [31.79292, -25.48857, 37.40112],
							"lerp_mode": "catmullrom"
						}
					}
				},
				"rightdjlegpeice3": {
					"rotation": {
						"0.0": {
							"post": [0, 0, -107.5],
							"lerp_mode": "catmullrom"
						},
						"0.5": {
							"post": [0, 0, -37.5],
							"lerp_mode": "catmullrom"
						},
						"0.75": {
							"post": [0, 0, -102.5],
							"lerp_mode": "catmullrom"
						},
						"1.0": {
							"post": [0, 0, -107.5],
							"lerp_mode": "catmullrom"
						}
					}
				},
				"rightdjhand3": {
					"rotation": {
						"0.0": {
							"post": [0, 0, 60],
							"lerp_mode": "catmullrom"
						},
						"0.5": {
							"post": [0, 0, 22.5],
							"lerp_mode": "catmullrom"
						},
						"0.75": {
							"post": [0, 0, 48.75],
							"lerp_mode": "catmullrom"
						},
						"1.0": {
							"post": [0, 0, 60],
							"lerp_mode": "catmullrom"
						}
					}
				},
				"leftdjleg1": {
					"rotation": {
						"0.0": {
							"post": [-39.58562, -15.56671, -16.37072],
							"lerp_mode": "catmullrom"
						},
						"0.5": {
							"post": [-29.53216, -31.4319, -41.0196],
							"lerp_mode": "catmullrom"
						},
						"1.0": {
							"post": [-39.58562, -15.56671, -16.37072],
							"lerp_mode": "catmullrom"
						}
					}
				},
				"leftdjlegpeice1": {
					"rotation": {
						"0.0": {
							"post": [0, 0, 42.5],
							"lerp_mode": "catmullrom"
						},
						"0.5": {
							"post": [0, 0, 102.5],
							"lerp_mode": "catmullrom"
						},
						"0.75": {
							"post": [0, 0, 27.5],
							"lerp_mode": "catmullrom"
						},
						"1.0": {
							"post": [0, 0, 42.5],
							"lerp_mode": "catmullrom"
						}
					}
				},
				"leftdjhand": {
					"rotation": {
						"0.0": {
							"post": [0, 0, -15],
							"lerp_mode": "catmullrom"
						},
						"0.25": {
							"post": [0, 0, -33.75],
							"lerp_mode": "catmullrom"
						},
						"0.5": {
							"post": [0, 0, -42.5],
							"lerp_mode": "catmullrom"
						},
						"0.75": {
							"post": [0, 0, 38.75],
							"lerp_mode": "catmullrom"
						},
						"1.0": {
							"post": [0, 0, -15],
							"lerp_mode": "catmullrom"
						}
					}
				},
				"leftdjleg2": {
					"rotation": {
						"0.0": {
							"post": [-3.69158, -2.1613, -45.99033],
							"lerp_mode": "catmullrom"
						},
						"0.5": {
							"post": [-23.66235, -8.3109, -18.2561],
							"lerp_mode": "catmullrom"
						},
						"1.0": {
							"post": [-3.69158, -2.1613, -45.99033],
							"lerp_mode": "catmullrom"
						}
					}
				},
				"leftdjlegpeice2": {
					"rotation": {
						"0.0": {
							"post": [0, 0, 105],
							"lerp_mode": "catmullrom"
						},
						"0.25": {
							"post": [0, 0, 25],
							"lerp_mode": "catmullrom"
						},
						"0.5": {
							"post": [0, 0, 40],
							"lerp_mode": "catmullrom"
						},
						"0.75": {
							"post": [0, 0, 72.5],
							"lerp_mode": "catmullrom"
						},
						"1.0": {
							"post": [0, 0, 105],
							"lerp_mode": "catmullrom"
						}
					}
				},
				"leftdjhand2": {
					"rotation": {
						"0.0": {
							"post": [0, 0, -55],
							"lerp_mode": "catmullrom"
						},
						"0.25": {
							"post": [0, 0, 26.25],
							"lerp_mode": "catmullrom"
						},
						"0.5": {
							"post": [0, 0, -22.5],
							"lerp_mode": "catmullrom"
						},
						"0.75": {
							"post": [0, 0, -46.25],
							"lerp_mode": "catmullrom"
						},
						"1.0": {
							"post": [0, 0, -55],
							"lerp_mode": "catmullrom"
						}
					}
				},
				"leftdjleg3": {
					"rotation": {
						"0.0": {
							"post": [31.28223, 9.29798, -14.89149],
							"lerp_mode": "catmullrom"
						},
						"0.25": {
							"post": [24.27474, 26.84752, -45.21607],
							"lerp_mode": "catmullrom"
						},
						"0.5": {
							"post": [31.79292, 25.4886, -37.4011],
							"lerp_mode": "catmullrom"
						},
						"1.0": {
							"post": [31.28223, 9.29798, -14.89149],
							"lerp_mode": "catmullrom"
						}
					}
				},
				"leftdjlegpeice3": {
					"rotation": {
						"0.0": {
							"post": [0, 0, 37.5],
							"lerp_mode": "catmullrom"
						},
						"0.25": {
							"post": [0, 0, 102.5],
							"lerp_mode": "catmullrom"
						},
						"0.5": {
							"post": [0, 0, 107.5],
							"lerp_mode": "catmullrom"
						},
						"1.0": {
							"post": [0, 0, 37.5],
							"lerp_mode": "catmullrom"
						}
					}
				},
				"leftdjhand3": {
					"rotation": {
						"0.0": {
							"post": [0, 0, -22.5],
							"lerp_mode": "catmullrom"
						},
						"0.25": {
							"post": [0, 0, -48.75],
							"lerp_mode": "catmullrom"
						},
						"0.5": {
							"post": [0, 0, -60],
							"lerp_mode": "catmullrom"
						},
						"1.0": {
							"post": [0, 0, -22.5],
							"lerp_mode": "catmullrom"
						}
					}
				},
				"body": {
					"position": [0, -32.1, 0]
				}
			}
		},
		"animation.ftl_sc_dj_music_man_player.looking": {
			"loop": true,
			"bones": {
				"djhead": {
					"rotation": ["query.target_x_rotation", "query.target_y_rotation", 0]
				},
				"neck": {
					"rotation": ["math.clamp(query.target_x_rotation, -25, 25)", "math.clamp(query.target_y_rotation, -25, 25)", 0]
				},
				"neckpeice": {
					"rotation": ["math.clamp(query.target_x_rotation, -25, 25)", "math.clamp(query.target_y_rotation, -25, 25)", 0]
				}
			}
		},
		"animation.ftl_sc_dj_music_man_player.running": {
			"loop": true,
			"animation_length": 1,
			"bones": {
				"djhead": {
					"rotation": {
						"0.0": {
							"post": [10, 0, 0],
							"lerp_mode": "catmullrom"
						},
						"0.25": {
							"post": [-12.5, 0, 0],
							"lerp_mode": "catmullrom"
						},
						"0.5": {
							"post": [10, 0, 0],
							"lerp_mode": "catmullrom"
						},
						"0.75": {
							"post": [-12.5, 0, 0],
							"lerp_mode": "catmullrom"
						},
						"1.0": {
							"post": [10, 0, 0],
							"lerp_mode": "catmullrom"
						}
					},
					"scale": 1.3
				},
				"djwaist": {
					"position": {
						"0.0": {
							"post": [0, -2, 0],
							"lerp_mode": "catmullrom"
						},
						"0.25": {
							"post": [0, 1, 0],
							"lerp_mode": "catmullrom"
						},
						"0.5": {
							"post": [0, -2, 0],
							"lerp_mode": "catmullrom"
						},
						"0.75": {
							"post": [0, 1, 0],
							"lerp_mode": "catmullrom"
						},
						"1.0": {
							"post": [0, -2, 0],
							"lerp_mode": "catmullrom"
						}
					}
				},
				"neck": {
					"rotation": {
						"0.0": {
							"post": [15, 0, 0],
							"lerp_mode": "catmullrom"
						},
						"0.25": {
							"post": [-7.5, 0, 0],
							"lerp_mode": "catmullrom"
						},
						"0.5": {
							"post": [15, 0, 0],
							"lerp_mode": "catmullrom"
						},
						"0.75": {
							"post": [-7.5, 0, 0],
							"lerp_mode": "catmullrom"
						},
						"1.0": {
							"post": [15, 0, 0],
							"lerp_mode": "catmullrom"
						}
					}
				},
				"neckpeice": {
					"rotation": {
						"0.0": {
							"post": [-25, 0, 0],
							"lerp_mode": "catmullrom"
						},
						"0.25": {
							"post": [20, 0, 0],
							"lerp_mode": "catmullrom"
						},
						"0.5": {
							"post": [-25, 0, 0],
							"lerp_mode": "catmullrom"
						},
						"0.75": {
							"post": [20, 0, 0],
							"lerp_mode": "catmullrom"
						},
						"1.0": {
							"post": [-25, 0, 0],
							"lerp_mode": "catmullrom"
						}
					}
				},
				"rightdjleg1": {
					"rotation": {
						"0.0": {
							"post": [-29.53216, 31.43194, 41.01956],
							"lerp_mode": "catmullrom"
						},
						"0.5": {
							"post": [-39.58562, 15.5667, 16.3707],
							"lerp_mode": "catmullrom"
						},
						"1.0": {
							"post": [-29.53216, 31.43194, 41.01956],
							"lerp_mode": "catmullrom"
						}
					}
				},
				"rightdjlegpeice1": {
					"rotation": {
						"0.0": {
							"post": [0, 0, -102.5],
							"lerp_mode": "catmullrom"
						},
						"0.25": {
							"post": [0, 0, -27.5],
							"lerp_mode": "catmullrom"
						},
						"0.5": {
							"post": [0, 0, -42.5],
							"lerp_mode": "catmullrom"
						},
						"1.0": {
							"post": [0, 0, -102.5],
							"lerp_mode": "catmullrom"
						}
					}
				},
				"rightdjhand1": {
					"rotation": {
						"0.0": {
							"post": [0, 0, 42.5],
							"lerp_mode": "catmullrom"
						},
						"0.25": {
							"post": [0, 0, -38.75],
							"lerp_mode": "catmullrom"
						},
						"0.5": {
							"post": [0, 0, 15],
							"lerp_mode": "catmullrom"
						},
						"1.0": {
							"post": [0, 0, 42.5],
							"lerp_mode": "catmullrom"
						}
					}
				},
				"rightdjleg2": {
					"rotation": {
						"0.0": {
							"post": [-23.66235, 8.31087, 18.25612],
							"lerp_mode": "catmullrom"
						},
						"0.5": {
							"post": [-3.69158, 2.1613, 45.9903],
							"lerp_mode": "catmullrom"
						},
						"1.0": {
							"post": [-23.66235, 8.31087, 18.25612],
							"lerp_mode": "catmullrom"
						}
					}
				},
				"rightdjlegpeice2": {
					"rotation": {
						"0.0": {
							"post": [0, 0, -40],
							"lerp_mode": "catmullrom"
						},
						"0.25": {
							"post": [0, 0, -72.5],
							"lerp_mode": "catmullrom"
						},
						"0.5": {
							"post": [0, 0, -105],
							"lerp_mode": "catmullrom"
						},
						"0.75": {
							"post": [0, 0, -25],
							"lerp_mode": "catmullrom"
						},
						"1.0": {
							"post": [0, 0, -40],
							"lerp_mode": "catmullrom"
						}
					}
				},
				"rightdjhand2": {
					"rotation": {
						"0.0": {
							"post": [0, 0, 22.5],
							"lerp_mode": "catmullrom"
						},
						"0.25": {
							"post": [0, 0, 46.25],
							"lerp_mode": "catmullrom"
						},
						"0.5": {
							"post": [0, 0, 55],
							"lerp_mode": "catmullrom"
						},
						"0.75": {
							"post": [0, 0, -26.25],
							"lerp_mode": "catmullrom"
						},
						"1.0": {
							"post": [0, 0, 22.5],
							"lerp_mode": "catmullrom"
						}
					}
				},
				"rightdjleg3": {
					"rotation": {
						"0.0": {
							"post": [31.79292, -25.48857, 37.40112],
							"lerp_mode": "catmullrom"
						},
						"0.5": {
							"post": [31.28223, -9.298, 14.8915],
							"lerp_mode": "catmullrom"
						},
						"0.75": {
							"post": [24.27474, -26.8475, 45.2161],
							"lerp_mode": "catmullrom"
						},
						"1.0": {
							"post": [31.79292, -25.48857, 37.40112],
							"lerp_mode": "catmullrom"
						}
					}
				},
				"rightdjlegpeice3": {
					"rotation": {
						"0.0": {
							"post": [0, 0, -107.5],
							"lerp_mode": "catmullrom"
						},
						"0.5": {
							"post": [0, 0, -37.5],
							"lerp_mode": "catmullrom"
						},
						"0.75": {
							"post": [0, 0, -102.5],
							"lerp_mode": "catmullrom"
						},
						"1.0": {
							"post": [0, 0, -107.5],
							"lerp_mode": "catmullrom"
						}
					}
				},
				"rightdjhand3": {
					"rotation": {
						"0.0": {
							"post": [0, 0, 60],
							"lerp_mode": "catmullrom"
						},
						"0.5": {
							"post": [0, 0, 22.5],
							"lerp_mode": "catmullrom"
						},
						"0.75": {
							"post": [0, 0, 48.75],
							"lerp_mode": "catmullrom"
						},
						"1.0": {
							"post": [0, 0, 60],
							"lerp_mode": "catmullrom"
						}
					}
				},
				"leftdjleg1": {
					"rotation": {
						"0.0": {
							"post": [-39.58562, -15.56671, -16.37072],
							"lerp_mode": "catmullrom"
						},
						"0.5": {
							"post": [-29.53216, -31.4319, -41.0196],
							"lerp_mode": "catmullrom"
						},
						"1.0": {
							"post": [-39.58562, -15.56671, -16.37072],
							"lerp_mode": "catmullrom"
						}
					}
				},
				"leftdjlegpeice1": {
					"rotation": {
						"0.0": {
							"post": [0, 0, 42.5],
							"lerp_mode": "catmullrom"
						},
						"0.5": {
							"post": [0, 0, 102.5],
							"lerp_mode": "catmullrom"
						},
						"0.75": {
							"post": [0, 0, 27.5],
							"lerp_mode": "catmullrom"
						},
						"1.0": {
							"post": [0, 0, 42.5],
							"lerp_mode": "catmullrom"
						}
					}
				},
				"leftdjhand": {
					"rotation": {
						"0.0": {
							"post": [0, 0, -15],
							"lerp_mode": "catmullrom"
						},
						"0.25": {
							"post": [0, 0, -33.75],
							"lerp_mode": "catmullrom"
						},
						"0.5": {
							"post": [0, 0, -42.5],
							"lerp_mode": "catmullrom"
						},
						"0.75": {
							"post": [0, 0, 38.75],
							"lerp_mode": "catmullrom"
						},
						"1.0": {
							"post": [0, 0, -15],
							"lerp_mode": "catmullrom"
						}
					}
				},
				"leftdjleg2": {
					"rotation": {
						"0.0": {
							"post": [-3.69158, -2.1613, -45.99033],
							"lerp_mode": "catmullrom"
						},
						"0.5": {
							"post": [-23.66235, -8.3109, -18.2561],
							"lerp_mode": "catmullrom"
						},
						"1.0": {
							"post": [-3.69158, -2.1613, -45.99033],
							"lerp_mode": "catmullrom"
						}
					}
				},
				"leftdjlegpeice2": {
					"rotation": {
						"0.0": {
							"post": [0, 0, 105],
							"lerp_mode": "catmullrom"
						},
						"0.25": {
							"post": [0, 0, 25],
							"lerp_mode": "catmullrom"
						},
						"0.5": {
							"post": [0, 0, 40],
							"lerp_mode": "catmullrom"
						},
						"0.75": {
							"post": [0, 0, 72.5],
							"lerp_mode": "catmullrom"
						},
						"1.0": {
							"post": [0, 0, 105],
							"lerp_mode": "catmullrom"
						}
					}
				},
				"leftdjhand2": {
					"rotation": {
						"0.0": {
							"post": [0, 0, -55],
							"lerp_mode": "catmullrom"
						},
						"0.25": {
							"post": [0, 0, 26.25],
							"lerp_mode": "catmullrom"
						},
						"0.5": {
							"post": [0, 0, -22.5],
							"lerp_mode": "catmullrom"
						},
						"0.75": {
							"post": [0, 0, -46.25],
							"lerp_mode": "catmullrom"
						},
						"1.0": {
							"post": [0, 0, -55],
							"lerp_mode": "catmullrom"
						}
					}
				},
				"leftdjleg3": {
					"rotation": {
						"0.0": {
							"post": [31.28223, 9.29798, -14.89149],
							"lerp_mode": "catmullrom"
						},
						"0.25": {
							"post": [24.27474, 26.84752, -45.21607],
							"lerp_mode": "catmullrom"
						},
						"0.5": {
							"post": [31.79292, 25.4886, -37.4011],
							"lerp_mode": "catmullrom"
						},
						"1.0": {
							"post": [31.28223, 9.29798, -14.89149],
							"lerp_mode": "catmullrom"
						}
					}
				},
				"leftdjlegpeice3": {
					"rotation": {
						"0.0": {
							"post": [0, 0, 37.5],
							"lerp_mode": "catmullrom"
						},
						"0.25": {
							"post": [0, 0, 102.5],
							"lerp_mode": "catmullrom"
						},
						"0.5": {
							"post": [0, 0, 107.5],
							"lerp_mode": "catmullrom"
						},
						"1.0": {
							"post": [0, 0, 37.5],
							"lerp_mode": "catmullrom"
						}
					}
				},
				"leftdjhand3": {
					"rotation": {
						"0.0": {
							"post": [0, 0, -22.5],
							"lerp_mode": "catmullrom"
						},
						"0.25": {
							"post": [0, 0, -48.75],
							"lerp_mode": "catmullrom"
						},
						"0.5": {
							"post": [0, 0, -60],
							"lerp_mode": "catmullrom"
						},
						"1.0": {
							"post": [0, 0, -22.5],
							"lerp_mode": "catmullrom"
						}
					}
				}
			}
		},
		"animation.ftl_sc_dj_music_man_player.general": {
			"loop": true,
			"animation_length": 0.5,
			"bones": {
				"djhead": {
					"rotation": [12.5, 0, 0],
					"scale": 1.3
				},
				"neck": {
					"rotation": [-42.5, 0, 0]
				},
				"neckpeice": {
					"rotation": [35, 0, 0]
				},
				"rightdjleg1": {
					"rotation": [-18.97287, 16.5897, 39.7089]
				},
				"rightdjlegpeice1": {
					"rotation": [0, 0, -90]
				},
				"rightdjhand1": {
					"rotation": [0, 0, 42.5]
				},
				"rightdjleg2": {
					"rotation": [0, 0, 43.52909]
				},
				"rightdjlegpeice2": {
					"rotation": [0, 0, -90]
				},
				"rightdjhand2": {
					"rotation": [0, 0, 42.5]
				},
				"rightdjleg3": {
					"rotation": [18.9729, -16.5897, 39.7089]
				},
				"rightdjlegpeice3": {
					"rotation": [0, 0, -90]
				},
				"rightdjhand3": {
					"rotation": [0, 0, 42.5]
				},
				"leftdjleg1": {
					"rotation": [-18.97287, -16.58974, -39.70889]
				},
				"leftdjlegpeice1": {
					"rotation": [0, 0, 90]
				},
				"leftdjhand": {
					"rotation": [0, 0, -42.5]
				},
				"leftdjleg2": {
					"rotation": [0, 0, -43.5291]
				},
				"leftdjlegpeice2": {
					"rotation": [0, 0, 90]
				},
				"leftdjhand2": {
					"rotation": [0, 0, -42.5]
				},
				"leftdjleg3": {
					"rotation": [18.9729, 16.5897, -39.70889]
				},
				"leftdjlegpeice3": {
					"rotation": [0, 0, 90]
				},
				"leftdjhand3": {
					"rotation": [0, 0, -42.5]
				}
			}
		}
	}
}
\\"": \\\\""?\\\"": \\\\""?\\\"": \\\\""?\\\"": \\\\""?\\\"": \\\\""?\\\"": \\\\""?\\\"": \\\\""?\\\"": \\\\""?\\\"": \\\\""?\\\"": \\\\""?\\\"": \\\\""?\\\"": \\\\""?\\\"": \\\\""?\\\"": \\\\""?\\\"": \\\\""?\\\"": \\\\""?\\\"": \\\\""?\\\"": \\\\""?\\\"": \\\\""?\\\"": \\\\""?\\\"": \\\\""?\\\"": \\\\""?\\\"": \\\\""?\\\"": \\\\""?\\\"": \\\\""?\\\"": \\\\""?\\\"": \\\\""?\\\"": \\\\""?\\\"": \\\\""?\\\"": \\\\""?\\\"": \\\\""?\\\"": \\\\""?\\\"": \\\\""?\\\"": \\\\""?\\\"": \\\\""?\\\"": \\\\""?\\\"": \\\\""?\\\"": \\\\""?\\\"": \\\\""?\\\"": \\\\""?\\\"": \\\\""?\\\"": \\\\""?\\\"": \\\\""?\\\"": \\\\""?\\\"": \\\\""?\\\"": \\\\""?\\\"": \\\\""?\\\"": \\\\""?\\\"": \\\\""?\\\"": \\\\""?\\\"": \\\\""?\]}}}}}