{
	"format_version": "1.8.0",
	"animations": {
		"animation.ftl_sc_glamrock_bonnie.new": {
			"loop": true
		},
		"animation.ftl_sc_glamrock_bonnie.attack": {
			"animation_length": 1.20833,
			"bones": {
				"bodywaist": {
					"rotation": {
						"0.0": {
							"post": [0, 0, 0],
							"lerp_mode": "catmullrom"
						},
						"0.1667": {
							"post": [52.5, 0, 0],
							"lerp_mode": "catmullrom"
						},
						"0.6667": {
							"post": [52.5, 0, 0],
							"lerp_mode": "catmullrom"
						},
						"0.9167": {
							"post": [0, 0, 0],
							"lerp_mode": "catmullrom"
						},
						"1.0833": {
							"post": [0, 0, 0],
							"lerp_mode": "catmullrom"
						}
					}
				},
				"head": {
					"rotation": {
						"0.0": {
							"post": [0, 0, 0],
							"lerp_mode": "catmullrom"
						},
						"0.1667": {
							"post": [-62.5, 0, 0],
							"lerp_mode": "catmullrom"
						},
						"0.2917": {
							"post": [-47.5, 0, 0],
							"lerp_mode": "catmullrom"
						},
						"0.4167": {
							"post": [-62.5, 0, 0],
							"lerp_mode": "catmullrom"
						},
						"0.5417": {
							"post": [-50, 0, 0],
							"lerp_mode": "catmullrom"
						},
						"0.6667": {
							"post": [-62.5, 0, 0],
							"lerp_mode": "catmullrom"
						},
						"0.9167": {
							"post": [0, 0, 0],
							"lerp_mode": "catmullrom"
						},
						"1.0833": {
							"post": [0, 0, 0],
							"lerp_mode": "catmullrom"
						}
					}
				},
				"jaw": {
					"rotation": {
						"0.0": {
							"post": [0, 0, 0],
							"lerp_mode": "catmullrom"
						},
						"0.1667": {
							"post": [35, 0, 0],
							"lerp_mode": "catmullrom"
						},
						"0.2917": {
							"post": [-5, 0, 0],
							"lerp_mode": "catmullrom"
						},
						"0.4167": {
							"post": [35, 0, 0],
							"lerp_mode": "catmullrom"
						},
						"0.5417": {
							"post": [-2.5, 0, 0],
							"lerp_mode": "catmullrom"
						},
						"0.6667": {
							"post": [35, 0, 0],
							"lerp_mode": "catmullrom"
						},
						"0.9167": {
							"post": [0, 0, 0],
							"lerp_mode": "catmullrom"
						},
						"1.0833": {
							"post": [0, 0, 0],
							"lerp_mode": "catmullrom"
						}
					}
				}
			}
		},
		"animation.ftl_sc_glamrock_bonnie.looking": {
			"loop": true,
			"bones": {
				"body": {
					"rotation": [0, "math.clamp(query.target_y_rotation, -25, 25)", 0]
				},
				"neck": {
					"rotation": [0, "math.clamp(query.target_y_rotation, -25, 25)", 0]
				},
				"head": {
					"rotation": ["query.target_x_rotation", "query.target_y_rotation", 0]
				}
			}
		},
		"animation.ftl_sc_glamrock_bonnie.general": {
			"loop": true,
			"animation_length": 0.33333,
			"bones": {
				"waist": {
					"position": [0, -2, 0]
				},
				"bodywaist": {
					"rotation": [5, 0, 0]
				},
				"body": {
					"rotation": [12.5, 0, 0]
				},
				"neck": {
					"rotation": [12.5, 0, 0]
				},
				"head": {
					"rotation": [-27.5, 0, 0]
				},
				"jaw": {
					"rotation": [7.5, 0, 0]
				},
				"rightarm": {
					"rotation": [10.9259, -17.43127, 15.24133]
				},
				"rightarmpeice": {
					"rotation": [-40, 0, 0]
				},
				"rightfinger1": {
					"rotation": [-12.10967, 3.73171, 11.93845]
				},
				"rightfingerpiece1": {
					"rotation": [0, 0, -32.5]
				},
				"rightfinger2": {
					"rotation": [18.97594, -7.30111, 15.9477]
				},
				"rightfingerpiece2": {
					"rotation": [0, 0, -27.5]
				},
				"rightfinger3": {
					"rotation": [0, 0, 15]
				},
				"rightfingerpiece3": {
					"rotation": [0, 0, -32.5]
				},
				"rightfinger4": {
					"rotation": [-18.89531, -13.79415, -21.76445]
				},
				"rightfingerpiece4": {
					"rotation": [25, 0, 0]
				},
				"leftarm": {
					"rotation": [10.9259, 17.4313, -15.2413]
				},
				"leftarmpeice": {
					"rotation": [-40, 0, 0]
				},
				"leftfinger1": {
					"rotation": [-14.14314, -5.90316, -16.50371]
				},
				"leftfingerpiece1": {
					"rotation": [0, 0, 35]
				},
				"leftfinger2": {
					"rotation": [17.01816, 4.75113, -11.57518]
				},
				"leftfingerpiece2": {
					"rotation": [0, 0, 30]
				},
				"leftfinger3": {
					"rotation": [0, 0, -17.5]
				},
				"leftfingerpiece3": {
					"rotation": [0, 0, 27.5]
				},
				"leftfinger4": {
					"rotation": [-19.14185, 9.9702, 23.68093]
				},
				"leftfingerpiece4": {
					"rotation": [22.5, 0, 0]
				},
				"tail": {
					"rotation": [-50, 0, 0]
				},
				"tailpeice1": {
					"rotation": [-17.5, 0, 0]
				},
				"tailpeice2": {
					"rotation": [17.5, 0, 0]
				},
				"tailpeice3": {
					"rotation": [22.5, 0, 0]
				},
				"tailpeice4": {
					"rotation": [20, 0, 0]
				},
				"rightleg": {
					"rotation": [-13.86208, 18.36343, 3.24877]
				},
				"rightlegpeice": {
					"rotation": [17.5, 0, 0]
				},
				"rightfoot": {
					"rotation": [-2.49762, -0.10901, -2.49762]
				},
				"leftleg": {
					"rotation": [-16.36208, -18.3634, -3.2488]
				},
				"leftlegpeice": {
					"rotation": [20, 0, 0]
				},
				"leftfoot": {
					"rotation": [-2.49762, 0.109, 2.4976]
				}
			}
		},
		"animation.ftl_sc_glamrock_bonnie.moving": {
			"loop": true,
			"animation_length": 1,
			"anim_time_update": "query.modified_distance_moved *0.1",
			"bones": {
				"waist": {
					"position": {
						"0.0": {
							"post": [0, -7, 0],
							"lerp_mode": "catmullrom"
						},
						"0.125": {
							"post": [0, -4, 0],
							"lerp_mode": "catmullrom"
						},
						"0.25": {
							"post": [0, -3, 0],
							"lerp_mode": "catmullrom"
						},
						"0.5": {
							"post": [0, -7, 0],
							"lerp_mode": "catmullrom"
						},
						"0.625": {
							"post": [0, -4, 0],
							"lerp_mode": "catmullrom"
						},
						"0.75": {
							"post": [0, -3, 0],
							"lerp_mode": "catmullrom"
						},
						"1.0": {
							"post": [0, -7, 0],
							"lerp_mode": "catmullrom"
						}
					}
				},
				"bodywaist": {
					"rotation": {
						"0.0": {
							"post": [15, -10, 10],
							"lerp_mode": "catmullrom"
						},
						"0.5": {
							"post": [15, 10, -10],
							"lerp_mode": "catmullrom"
						},
						"1.0": {
							"post": [15, -10, 10],
							"lerp_mode": "catmullrom"
						}
					}
				},
				"body": {
					"rotation": {
						"0.0": {
							"post": [18.68155, 9.91358, -7.61435],
							"lerp_mode": "catmullrom"
						},
						"0.25": {
							"post": [11.18155, -0.00001, 0.00002],
							"lerp_mode": "catmullrom"
						},
						"0.5": {
							"post": [18.68155, -9.9136, 7.6144],
							"lerp_mode": "catmullrom"
						},
						"0.75": {
							"post": [11.18155, -0.00001, 0.00002],
							"lerp_mode": "catmullrom"
						},
						"1.0": {
							"post": [18.68155, 9.91358, -7.61435],
							"lerp_mode": "catmullrom"
						}
					}
				},
				"neck": {
					"rotation": {
						"0.0": {
							"post": [22.5, 0, 0],
							"lerp_mode": "catmullrom"
						},
						"0.5": {
							"post": [22.5, 0, 0],
							"lerp_mode": "catmullrom"
						},
						"1.0": {
							"post": [22.5, 0, 0],
							"lerp_mode": "catmullrom"
						}
					}
				},
				"head": {
					"rotation": {
						"0.0": {
							"post": [-52.39445, -3.9649, -3.04868],
							"lerp_mode": "catmullrom"
						},
						"0.25": {
							"post": [-42.39445, 0, 0.00001],
							"lerp_mode": "catmullrom"
						},
						"0.5": {
							"post": [-52.39445, 3.9649, 3.0487],
							"lerp_mode": "catmullrom"
						},
						"0.75": {
							"post": [-42.39445, 0, 0.00001],
							"lerp_mode": "catmullrom"
						},
						"1.0": {
							"post": [-52.39445, -3.9649, -3.04868],
							"lerp_mode": "catmullrom"
						}
					}
				},
				"topeyelids": {
					"rotation": {
						"0.0": {
							"post": [15, 0, 0],
							"lerp_mode": "catmullrom"
						},
						"0.25": {
							"post": [2.5, 0, 0],
							"lerp_mode": "catmullrom"
						},
						"0.5": {
							"post": [15, 0, 0],
							"lerp_mode": "catmullrom"
						},
						"0.75": {
							"post": [2.5, 0, 0],
							"lerp_mode": "catmullrom"
						},
						"1.0": {
							"post": [15, 0, 0],
							"lerp_mode": "catmullrom"
						}
					}
				},
				"jaw": {
					"rotation": {
						"0.0": {
							"post": [15, 0, 0],
							"lerp_mode": "catmullrom"
						},
						"0.25": {
							"post": [5, 0, 0],
							"lerp_mode": "catmullrom"
						},
						"0.5": {
							"post": [15, 0, 0],
							"lerp_mode": "catmullrom"
						},
						"0.75": {
							"post": [5, 0, 0],
							"lerp_mode": "catmullrom"
						},
						"1.0": {
							"post": [15, 0, 0],
							"lerp_mode": "catmullrom"
						}
					}
				},
				"glasses": {
					"rotation": {
						"0.0": {
							"post": [2.5, 0, 0],
							"lerp_mode": "catmullrom"
						},
						"0.25": {
							"post": [-20, 0, 0],
							"lerp_mode": "catmullrom"
						},
						"0.5": {
							"post": [2.5, 0, 0],
							"lerp_mode": "catmullrom"
						},
						"0.75": {
							"post": [-20, 0, 0],
							"lerp_mode": "catmullrom"
						},
						"1.0": {
							"post": [2.5, 0, 0],
							"lerp_mode": "catmullrom"
						}
					}
				},
				"rightarm": {
					"rotation": {
						"0.0": {
							"post": [15, 0, 52.5],
							"lerp_mode": "catmullrom"
						},
						"0.5": {
							"post": [-10, 0, 45],
							"lerp_mode": "catmullrom"
						},
						"1.0": {
							"post": [15, 0, 52.5],
							"lerp_mode": "catmullrom"
						}
					}
				},
				"rightarmpeice": {
					"rotation": {
						"0.0": {
							"post": [-77.5, 0, 0],
							"lerp_mode": "catmullrom"
						},
						"0.5": {
							"post": [-62.5, 0, 0],
							"lerp_mode": "catmullrom"
						},
						"1.0": {
							"post": [-77.5, 0, 0],
							"lerp_mode": "catmullrom"
						}
					}
				},
				"righthand": {
					"rotation": [-22.4735, 1.31483, -5.06711]
				},
				"rightfinger1": {
					"rotation": [-12.10967, 3.73171, 11.93845]
				},
				"rightfingerpiece1": {
					"rotation": [0, 0, -32.5]
				},
				"rightfinger2": {
					"rotation": [18.97594, -7.30111, 15.9477]
				},
				"rightfingerpiece2": {
					"rotation": [0, 0, -27.5]
				},
				"rightfinger3": {
					"rotation": [0, 0, 15]
				},
				"rightfingerpiece3": {
					"rotation": [0, 0, -32.5]
				},
				"rightfinger4": {
					"rotation": [-18.89531, -13.79415, -21.76445]
				},
				"rightfingerpiece4": {
					"rotation": [25, 0, 0]
				},
				"leftarm": {
					"rotation": {
						"0.0": {
							"post": [-10, 0, -45],
							"lerp_mode": "catmullrom"
						},
						"0.5": {
							"post": [15, 0, -52.5],
							"lerp_mode": "catmullrom"
						},
						"1.0": {
							"post": [-10, 0, -45],
							"lerp_mode": "catmullrom"
						}
					}
				},
				"leftarmpeice": {
					"rotation": {
						"0.0": {
							"post": [-62.5, 0, 0],
							"lerp_mode": "catmullrom"
						},
						"0.5": {
							"post": [-77.5, 0, 0],
							"lerp_mode": "catmullrom"
						},
						"1.0": {
							"post": [-62.5, 0, 0],
							"lerp_mode": "catmullrom"
						}
					}
				},
				"lefthand": {
					"rotation": [-22.4735, -1.3148, 5.0671]
				},
				"leftfinger1": {
					"rotation": [-14.14314, -5.90316, -16.50371]
				},
				"leftfingerpiece1": {
					"rotation": [0, 0, 35]
				},
				"leftfinger2": {
					"rotation": [17.01816, 4.75113, -11.57518]
				},
				"leftfingerpiece2": {
					"rotation": [0, 0, 30]
				},
				"leftfinger3": {
					"rotation": [0, 0, -17.5]
				},
				"leftfingerpiece3": {
					"rotation": [0, 0, 27.5]
				},
				"leftfinger4": {
					"rotation": [-19.14185, 9.9702, 23.68093]
				},
				"leftfingerpiece4": {
					"rotation": [22.5, 0, 0]
				},
				"tail": {
					"rotation": {
						"0.0": {
							"post": [-45.68718, -8.80348, 8.90928],
							"lerp_mode": "catmullrom"
						},
						"0.5": {
							"post": [-45.68718, 8.8035, -8.9093],
							"lerp_mode": "catmullrom"
						},
						"1.0": {
							"post": [-45.68718, -8.80348, 8.90928],
							"lerp_mode": "catmullrom"
						}
					}
				},
				"tailpeice1": {
					"rotation": {
						"0.0": {
							"post": [-18.07779, -14.2906, 4.60659],
							"lerp_mode": "catmullrom"
						},
						"0.25": {
							"post": [-19.15571, -18.97386, 6.44384],
							"lerp_mode": "catmullrom"
						},
						"0.5": {
							"post": [-18.07779, 14.2906, -4.6066],
							"lerp_mode": "catmullrom"
						},
						"0.75": {
							"post": [-19.15571, 18.9739, -6.4438],
							"lerp_mode": "catmullrom"
						},
						"1.0": {
							"post": [-18.07779, -14.2906, 4.60659],
							"lerp_mode": "catmullrom"
						}
					}
				},
				"tailpeice2": {
					"rotation": {
						"0.0": {
							"post": [15.34721, -12.06754, -3.28396],
							"lerp_mode": "catmullrom"
						},
						"0.25": {
							"post": [20.41802, -40.65469, -13.63234],
							"lerp_mode": "catmullrom"
						},
						"0.5": {
							"post": [15.34721, 12.0675, 3.284],
							"lerp_mode": "catmullrom"
						},
						"0.75": {
							"post": [20.41802, 40.6547, 13.6323],
							"lerp_mode": "catmullrom"
						},
						"1.0": {
							"post": [15.34721, -12.06754, -3.28396],
							"lerp_mode": "catmullrom"
						}
					}
				},
				"tailpeice3": {
					"rotation": {
						"0.0": {
							"post": [16.17354, -21.69365, -6.1191],
							"lerp_mode": "catmullrom"
						},
						"0.25": {
							"post": [18.51535, -28.69917, -9.13605],
							"lerp_mode": "catmullrom"
						},
						"0.5": {
							"post": [16.17354, 21.6937, 6.1191],
							"lerp_mode": "catmullrom"
						},
						"0.75": {
							"post": [18.51535, 28.6992, 9.1361],
							"lerp_mode": "catmullrom"
						},
						"1.0": {
							"post": [16.17354, -21.69365, -6.1191],
							"lerp_mode": "catmullrom"
						}
					}
				},
				"tailpeice4": {
					"rotation": {
						"0.0": {
							"post": [17.89807, -11.91276, -3.81397],
							"lerp_mode": "catmullrom"
						},
						"0.25": {
							"post": [23.65515, -40.008, -15.72779],
							"lerp_mode": "catmullrom"
						},
						"0.5": {
							"post": [17.89807, 11.9128, 3.814],
							"lerp_mode": "catmullrom"
						},
						"0.75": {
							"post": [23.65515, 40.008, 15.7278],
							"lerp_mode": "catmullrom"
						},
						"1.0": {
							"post": [17.89807, -11.91276, -3.81397],
							"lerp_mode": "catmullrom"
						}
					}
				},
				"rightleg": {
					"rotation": {
						"0.0": {
							"post": [-39.44596, 12.48791, 2.56062],
							"lerp_mode": "catmullrom"
						},
						"0.5": {
							"post": [17.20462, 12.3071, 10.2377],
							"lerp_mode": "catmullrom"
						},
						"0.75": {
							"post": [-48.62067, 12.3975, 6.3992],
							"lerp_mode": "catmullrom"
						},
						"1.0": {
							"post": [-39.44596, 12.48791, 2.56062],
							"lerp_mode": "catmullrom"
						}
					}
				},
				"rightlegpeice": {
					"rotation": {
						"0.0": {
							"post": [42.5, 0, 0],
							"lerp_mode": "catmullrom"
						},
						"0.5": {
							"post": [25, 0, 0],
							"lerp_mode": "catmullrom"
						},
						"0.75": {
							"post": [48.75, 0, 0],
							"lerp_mode": "catmullrom"
						},
						"0.875": {
							"post": [23.125, 0, 0],
							"lerp_mode": "catmullrom"
						},
						"1.0": {
							"post": [42.5, 0, 0],
							"lerp_mode": "catmullrom"
						}
					}
				},
				"rightfoot": {
					"rotation": {
						"0.0": {
							"post": [-2.49762, -0.10901, -2.49762],
							"lerp_mode": "catmullrom"
						},
						"0.25": {
							"post": [-19.83171, -2.17673, -6.39605],
							"lerp_mode": "catmullrom"
						},
						"0.375": {
							"post": [-30.97668, -3.57881, -7.53912],
							"lerp_mode": "catmullrom"
						},
						"0.5": {
							"post": [-32.12165, -4.9809, -8.6822],
							"lerp_mode": "catmullrom"
						},
						"0.625": {
							"post": [-18.46564, -3.7629, -7.1361],
							"lerp_mode": "catmullrom"
						},
						"0.75": {
							"post": [10.19036, -2.545, -5.5899],
							"lerp_mode": "catmullrom"
						},
						"0.875": {
							"post": [-8.65363, -1.327, -4.0438],
							"lerp_mode": "catmullrom"
						},
						"1.0": {
							"post": [-2.49762, -0.10901, -2.49762],
							"lerp_mode": "catmullrom"
						}
					}
				},
				"leftleg": {
					"rotation": {
						"0.0": {
							"post": [17.20462, -12.3071, -10.23772],
							"lerp_mode": "catmullrom"
						},
						"0.25": {
							"post": [-48.62067, -12.3975, -6.39916],
							"lerp_mode": "catmullrom"
						},
						"0.5": {
							"post": [-39.44596, -12.4879, -2.5606],
							"lerp_mode": "catmullrom"
						},
						"1.0": {
							"post": [17.20462, -12.3071, -10.23772],
							"lerp_mode": "catmullrom"
						}
					}
				},
				"leftlegpeice": {
					"rotation": {
						"0.0": {
							"post": [25, 0, 0],
							"lerp_mode": "catmullrom"
						},
						"0.25": {
							"post": [48.75, 0, 0],
							"lerp_mode": "catmullrom"
						},
						"0.375": {
							"post": [23.125, 0, 0],
							"lerp_mode": "catmullrom"
						},
						"0.5": {
							"post": [42.5, 0, 0],
							"lerp_mode": "catmullrom"
						},
						"1.0": {
							"post": [25, 0, 0],
							"lerp_mode": "catmullrom"
						}
					}
				},
				"leftfoot": {
					"rotation": {
						"0.0": {
							"post": [-32.12165, 4.98093, 8.6822],
							"lerp_mode": "catmullrom"
						},
						"0.125": {
							"post": [-18.46564, 3.76294, 7.13605],
							"lerp_mode": "catmullrom"
						},
						"0.25": {
							"post": [10.19036, 2.54496, 5.5899],
							"lerp_mode": "catmullrom"
						},
						"0.375": {
							"post": [-8.65363, 1.32698, 4.04375],
							"lerp_mode": "catmullrom"
						},
						"0.5": {
							"post": [-2.49762, 0.109, 2.4976],
							"lerp_mode": "catmullrom"
						},
						"0.75": {
							"post": [-19.83171, 2.1767, 6.396],
							"lerp_mode": "catmullrom"
						},
						"0.875": {
							"post": [-30.97668, 3.5788, 7.5391],
							"lerp_mode": "catmullrom"
						},
						"1.0": {
							"post": [-32.12165, 4.98093, 8.6822],
							"lerp_mode": "catmullrom"
						}
					}
				}
			}
		},
		"animation.ftl_sc_glamrock_bonnie.running": {
			"loop": true,
			"animation_length": 1,
			"bones": {
				"waist": {
					"position": {
						"0.0": {
							"post": [0, -7, 0],
							"lerp_mode": "catmullrom"
						},
						"0.125": {
							"post": [0, -4, 0],
							"lerp_mode": "catmullrom"
						},
						"0.25": {
							"post": [0, -3, 0],
							"lerp_mode": "catmullrom"
						},
						"0.5": {
							"post": [0, -7, 0],
							"lerp_mode": "catmullrom"
						},
						"0.625": {
							"post": [0, -4, 0],
							"lerp_mode": "catmullrom"
						},
						"0.75": {
							"post": [0, -3, 0],
							"lerp_mode": "catmullrom"
						},
						"1.0": {
							"post": [0, -7, 0],
							"lerp_mode": "catmullrom"
						}
					}
				},
				"bodywaist": {
					"rotation": {
						"0.0": {
							"post": [15, -10, 10],
							"lerp_mode": "catmullrom"
						},
						"0.5": {
							"post": [15, 10, -10],
							"lerp_mode": "catmullrom"
						},
						"1.0": {
							"post": [15, -10, 10],
							"lerp_mode": "catmullrom"
						}
					}
				},
				"body": {
					"rotation": {
						"0.0": {
							"post": [18.68155, 9.91358, -7.61435],
							"lerp_mode": "catmullrom"
						},
						"0.25": {
							"post": [11.18155, -0.00001, 0.00002],
							"lerp_mode": "catmullrom"
						},
						"0.5": {
							"post": [18.68155, -9.9136, 7.6144],
							"lerp_mode": "catmullrom"
						},
						"0.75": {
							"post": [11.18155, -0.00001, 0.00002],
							"lerp_mode": "catmullrom"
						},
						"1.0": {
							"post": [18.68155, 9.91358, -7.61435],
							"lerp_mode": "catmullrom"
						}
					}
				},
				"neck": {
					"rotation": {
						"0.0": {
							"post": [22.5, 0, 0],
							"lerp_mode": "catmullrom"
						},
						"0.5": {
							"post": [22.5, 0, 0],
							"lerp_mode": "catmullrom"
						},
						"1.0": {
							"post": [22.5, 0, 0],
							"lerp_mode": "catmullrom"
						}
					}
				},
				"head": {
					"rotation": {
						"0.0": {
							"post": [-52.39445, -3.9649, -3.04868],
							"lerp_mode": "catmullrom"
						},
						"0.25": {
							"post": [-42.39445, 0, 0.00001],
							"lerp_mode": "catmullrom"
						},
						"0.5": {
							"post": [-52.39445, 3.9649, 3.0487],
							"lerp_mode": "catmullrom"
						},
						"0.75": {
							"post": [-42.39445, 0, 0.00001],
							"lerp_mode": "catmullrom"
						},
						"1.0": {
							"post": [-52.39445, -3.9649, -3.04868],
							"lerp_mode": "catmullrom"
						}
					}
				},
				"topeyelids": {
					"rotation": {
						"0.0": {
							"post": [15, 0, 0],
							"lerp_mode": "catmullrom"
						},
						"0.25": {
							"post": [2.5, 0, 0],
							"lerp_mode": "catmullrom"
						},
						"0.5": {
							"post": [15, 0, 0],
							"lerp_mode": "catmullrom"
						},
						"0.75": {
							"post": [2.5, 0, 0],
							"lerp_mode": "catmullrom"
						},
						"1.0": {
							"post": [15, 0, 0],
							"lerp_mode": "catmullrom"
						}
					}
				},
				"jaw": {
					"rotation": {
						"0.0": {
							"post": [15, 0, 0],
							"lerp_mode": "catmullrom"
						},
						"0.25": {
							"post": [5, 0, 0],
							"lerp_mode": "catmullrom"
						},
						"0.5": {
							"post": [15, 0, 0],
							"lerp_mode": "catmullrom"
						},
						"0.75": {
							"post": [5, 0, 0],
							"lerp_mode": "catmullrom"
						},
						"1.0": {
							"post": [15, 0, 0],
							"lerp_mode": "catmullrom"
						}
					}
				},
				"glasses": {
					"rotation": {
						"0.0": {
							"post": [2.5, 0, 0],
							"lerp_mode": "catmullrom"
						},
						"0.25": {
							"post": [-20, 0, 0],
							"lerp_mode": "catmullrom"
						},
						"0.5": {
							"post": [2.5, 0, 0],
							"lerp_mode": "catmullrom"
						},
						"0.75": {
							"post": [-20, 0, 0],
							"lerp_mode": "catmullrom"
						},
						"1.0": {
							"post": [2.5, 0, 0],
							"lerp_mode": "catmullrom"
						}
					}
				},
				"rightarm": {
					"rotation": {
						"0.0": {
							"post": [15, 0, 52.5],
							"lerp_mode": "catmullrom"
						},
						"0.5": {
							"post": [-10, 0, 45],
							"lerp_mode": "catmullrom"
						},
						"1.0": {
							"post": [15, 0, 52.5],
							"lerp_mode": "catmullrom"
						}
					}
				},
				"rightarmpeice": {
					"rotation": {
						"0.0": {
							"post": [-77.5, 0, 0],
							"lerp_mode": "catmullrom"
						},
						"0.5": {
							"post": [-62.5, 0, 0],
							"lerp_mode": "catmullrom"
						},
						"1.0": {
							"post": [-77.5, 0, 0],
							"lerp_mode": "catmullrom"
						}
					}
				},
				"righthand": {
					"rotation": [-22.4735, 1.31483, -5.06711]
				},
				"rightfinger1": {
					"rotation": [-12.10967, 3.73171, 11.93845]
				},
				"rightfingerpiece1": {
					"rotation": [0, 0, -32.5]
				},
				"rightfinger2": {
					"rotation": [18.97594, -7.30111, 15.9477]
				},
				"rightfingerpiece2": {
					"rotation": [0, 0, -27.5]
				},
				"rightfinger3": {
					"rotation": [0, 0, 15]
				},
				"rightfingerpiece3": {
					"rotation": [0, 0, -32.5]
				},
				"rightfinger4": {
					"rotation": [-18.89531, -13.79415, -21.76445]
				},
				"rightfingerpiece4": {
					"rotation": [25, 0, 0]
				},
				"leftarm": {
					"rotation": {
						"0.0": {
							"post": [-10, 0, -45],
							"lerp_mode": "catmullrom"
						},
						"0.5": {
							"post": [15, 0, -52.5],
							"lerp_mode": "catmullrom"
						},
						"1.0": {
							"post": [-10, 0, -45],
							"lerp_mode": "catmullrom"
						}
					}
				},
				"leftarmpeice": {
					"rotation": {
						"0.0": {
							"post": [-62.5, 0, 0],
							"lerp_mode": "catmullrom"
						},
						"0.5": {
							"post": [-77.5, 0, 0],
							"lerp_mode": "catmullrom"
						},
						"1.0": {
							"post": [-62.5, 0, 0],
							"lerp_mode": "catmullrom"
						}
					}
				},
				"lefthand": {
					"rotation": [-22.4735, -1.3148, 5.0671]
				},
				"leftfinger1": {
					"rotation": [-14.14314, -5.90316, -16.50371]
				},
				"leftfingerpiece1": {
					"rotation": [0, 0, 35]
				},
				"leftfinger2": {
					"rotation": [17.01816, 4.75113, -11.57518]
				},
				"leftfingerpiece2": {
					"rotation": [0, 0, 30]
				},
				"leftfinger3": {
					"rotation": [0, 0, -17.5]
				},
				"leftfingerpiece3": {
					"rotation": [0, 0, 27.5]
				},
				"leftfinger4": {
					"rotation": [-19.14185, 9.9702, 23.68093]
				},
				"leftfingerpiece4": {
					"rotation": [22.5, 0, 0]
				},
				"tail": {
					"rotation": {
						"0.0": {
							"post": [-45.68718, -8.80348, 8.90928],
							"lerp_mode": "catmullrom"
						},
						"0.5": {
							"post": [-45.68718, 8.8035, -8.9093],
							"lerp_mode": "catmullrom"
						},
						"1.0": {
							"post": [-45.68718, -8.80348, 8.90928],
							"lerp_mode": "catmullrom"
						}
					}
				},
				"tailpeice1": {
					"rotation": {
						"0.0": {
							"post": [-18.07779, -14.2906, 4.60659],
							"lerp_mode": "catmullrom"
						},
						"0.25": {
							"post": [-19.15571, -18.97386, 6.44384],
							"lerp_mode": "catmullrom"
						},
						"0.5": {
							"post": [-18.07779, 14.2906, -4.6066],
							"lerp_mode": "catmullrom"
						},
						"0.75": {
							"post": [-19.15571, 18.9739, -6.4438],
							"lerp_mode": "catmullrom"
						},
						"1.0": {
							"post": [-18.07779, -14.2906, 4.60659],
							"lerp_mode": "catmullrom"
						}
					}
				},
				"tailpeice2": {
					"rotation": {
						"0.0": {
							"post": [15.34721, -12.06754, -3.28396],
							"lerp_mode": "catmullrom"
						},
						"0.25": {
							"post": [20.41802, -40.65469, -13.63234],
							"lerp_mode": "catmullrom"
						},
						"0.5": {
							"post": [15.34721, 12.0675, 3.284],
							"lerp_mode": "catmullrom"
						},
						"0.75": {
							"post": [20.41802, 40.6547, 13.6323],
							"lerp_mode": "catmullrom"
						},
						"1.0": {
							"post": [15.34721, -12.06754, -3.28396],
							"lerp_mode": "catmullrom"
						}
					}
				},
				"tailpeice3": {
					"rotation": {
						"0.0": {
							"post": [16.17354, -21.69365, -6.1191],
							"lerp_mode": "catmullrom"
						},
						"0.25": {
							"post": [18.51535, -28.69917, -9.13605],
							"lerp_mode": "catmullrom"
						},
						"0.5": {
							"post": [16.17354, 21.6937, 6.1191],
							"lerp_mode": "catmullrom"
						},
						"0.75": {
							"post": [18.51535, 28.6992, 9.1361],
							"lerp_mode": "catmullrom"
						},
						"1.0": {
							"post": [16.17354, -21.69365, -6.1191],
							"lerp_mode": "catmullrom"
						}
					}
				},
				"tailpeice4": {
					"rotation": {
						"0.0": {
							"post": [17.89807, -11.91276, -3.81397],
							"lerp_mode": "catmullrom"
						},
						"0.25": {
							"post": [23.65515, -40.008, -15.72779],
							"lerp_mode": "catmullrom"
						},
						"0.5": {
							"post": [17.89807, 11.9128, 3.814],
							"lerp_mode": "catmullrom"
						},
						"0.75": {
							"post": [23.65515, 40.008, 15.7278],
							"lerp_mode": "catmullrom"
						},
						"1.0": {
							"post": [17.89807, -11.91276, -3.81397],
							"lerp_mode": "catmullrom"
						}
					}
				},
				"rightleg": {
					"rotation": {
						"0.0": {
							"post": [-39.44596, 12.48791, 2.56062],
							"lerp_mode": "catmullrom"
						},
						"0.5": {
							"post": [17.20462, 12.3071, 10.2377],
							"lerp_mode": "catmullrom"
						},
						"0.75": {
							"post": [-48.62067, 12.3975, 6.3992],
							"lerp_mode": "catmullrom"
						},
						"1.0": {
							"post": [-39.44596, 12.48791, 2.56062],
							"lerp_mode": "catmullrom"
						}
					}
				},
				"rightlegpeice": {
					"rotation": {
						"0.0": {
							"post": [42.5, 0, 0],
							"lerp_mode": "catmullrom"
						},
						"0.5": {
							"post": [25, 0, 0],
							"lerp_mode": "catmullrom"
						},
						"0.75": {
							"post": [48.75, 0, 0],
							"lerp_mode": "catmullrom"
						},
						"0.875": {
							"post": [23.125, 0, 0],
							"lerp_mode": "catmullrom"
						},
						"1.0": {
							"post": [42.5, 0, 0],
							"lerp_mode": "catmullrom"
						}
					}
				},
				"rightfoot": {
					"rotation": {
						"0.0": {
							"post": [-2.49762, -0.10901, -2.49762],
							"lerp_mode": "catmullrom"
						},
						"0.25": {
							"post": [-19.83171, -2.17673, -6.39605],
							"lerp_mode": "catmullrom"
						},
						"0.375": {
							"post": [-30.97668, -3.57881, -7.53912],
							"lerp_mode": "catmullrom"
						},
						"0.5": {
							"post": [-32.12165, -4.9809, -8.6822],
							"lerp_mode": "catmullrom"
						},
						"0.625": {
							"post": [-18.46564, -3.7629, -7.1361],
							"lerp_mode": "catmullrom"
						},
						"0.75": {
							"post": [10.19036, -2.545, -5.5899],
							"lerp_mode": "catmullrom"
						},
						"0.875": {
							"post": [-8.65363, -1.327, -4.0438],
							"lerp_mode": "catmullrom"
						},
						"1.0": {
							"post": [-2.49762, -0.10901, -2.49762],
							"lerp_mode": "catmullrom"
						}
					}
				},
				"leftleg": {
					"rotation": {
						"0.0": {
							"post": [17.20462, -12.3071, -10.23772],
							"lerp_mode": "catmullrom"
						},
						"0.25": {
							"post": [-48.62067, -12.3975, -6.39916],
							"lerp_mode": "catmullrom"
						},
						"0.5": {
							"post": [-39.44596, -12.4879, -2.5606],
							"lerp_mode": "catmullrom"
						},
						"1.0": {
							"post": [17.20462, -12.3071, -10.23772],
							"lerp_mode": "catmullrom"
						}
					}
				},
				"leftlegpeice": {
					"rotation": {
						"0.0": {
							"post": [25, 0, 0],
							"lerp_mode": "catmullrom"
						},
						"0.25": {
							"post": [48.75, 0, 0],
							"lerp_mode": "catmullrom"
						},
						"0.375": {
							"post": [23.125, 0, 0],
							"lerp_mode": "catmullrom"
						},
						"0.5": {
							"post": [42.5, 0, 0],
							"lerp_mode": "catmullrom"
						},
						"1.0": {
							"post": [25, 0, 0],
							"lerp_mode": "catmullrom"
						}
					}
				},
				"leftfoot": {
					"rotation": {
						"0.0": {
							"post": [-32.12165, 4.98093, 8.6822],
							"lerp_mode": "catmullrom"
						},
						"0.125": {
							"post": [-18.46564, 3.76294, 7.13605],
							"lerp_mode": "catmullrom"
						},
						"0.25": {
							"post": [10.19036, 2.54496, 5.5899],
							"lerp_mode": "catmullrom"
						},
						"0.375": {
							"post": [-8.65363, 1.32698, 4.04375],
							"lerp_mode": "catmullrom"
						},
						"0.5": {
							"post": [-2.49762, 0.109, 2.4976],
							"lerp_mode": "catmullrom"
						},
						"0.75": {
							"post": [-19.83171, 2.1767, 6.396],
							"lerp_mode": "catmullrom"
						},
						"0.875": {
							"post": [-30.97668, 3.5788, 7.5391],
							"lerp_mode": "catmullrom"
						},
						"1.0": {
							"post": [-32.12165, 4.98093, 8.6822],
							"lerp_mode": "catmullrom"
						}
					}
				}
			}
		},
		"animation.ftl_sc_glamrock_bonnie.pose3": {
			"loop": true,
			"bones": {
				"waist": {
					"position": [0, -64, 0]
				},
				"bodywaist": {
					"rotation": [5, 0, -2.5]
				},
				"body": {
					"rotation": [12.08291, -5.94824, 3.82197]
				},
				"neck": {
					"rotation": [20, 0, 0]
				},
				"head": {
					"rotation": [-30.18665, 0.16155, 30.11386]
				},
				"topeyelids": {
					"rotation": [25, 0, 0]
				},
				"bottumeyelids": {
					"rotation": [-45, 0, 0],
					"position": [0, 0, -0.1]
				},
				"jaw": {
					"rotation": [5, 0, 0]
				},
				"glasses": {
					"rotation": [-22.5, 0, -25],
					"position": [8, -58, -48]
				},
				"rightarm": {
					"rotation": [-65.09321, -7.558, 54.33025]
				},
				"rightarmpeice": {
					"rotation": [-77.5, 0, 0]
				},
				"righthand": {
					"rotation": [-15.58658, 27.06807, -43.129]
				},
				"rightfinger1": {
					"rotation": [0.46641, 2.11089, 24.91643]
				},
				"rightfingerpiece1": {
					"rotation": [0, 0, -12.5]
				},
				"tail": {
					"rotation": [-205.0178, 70.69617, -211.5531]
				},
				"rightleg": {
					"rotation": [-137.5, 10, 0]
				},
				"rightlegpeice": {
					"rotation": [90, 0, 0]
				},
				"rightfoot": {
					"rotation": [47.5, 0, 0]
				},
				"leftleg": {
					"rotation": [-120, -22.5, 0]
				},
				"leftlegpeice": {
					"rotation": [60, 0, 0]
				},
				"leftfoot": {
					"rotation": [60, 0, 0]
				},
				"rightfinger2": {
					"rotation": [6.64867, 14.07131, -33.88854]
				},
				"rightfingerpiece2": {
					"rotation": [0, 0, -77.5]
				},
				"rightfinger3": {
					"rotation": [0, 0, 7.5]
				},
				"rightfingerpiece3": {
					"rotation": [0, 0, 10]
				},
				"rightfinger4": {
					"rotation": [30.89729, -66.44601, -43.62367]
				},
				"rightfingerpiece4": {
					"rotation": [20, 0, 0]
				},
				"leftarm": {
					"rotation": [0, -20, -32.5]
				},
				"leftarmpeice": {
					"rotation": [-95, 0, 0]
				},
				"lefthand": {
					"rotation": [-12.57219, -12.14163, 25.48369]
				},
				"leftfinger1": {
					"rotation": [0.77995, 2.68407, 32.40109]
				},
				"leftfingerpiece1": {
					"rotation": [0, 0, 25]
				},
				"leftfinger2": {
					"rotation": [-5, -17.5, 90]
				},
				"leftfingerpiece2": {
					"rotation": [0, 0, 22.5]
				},
				"leftfinger3": {
					"rotation": [0.04233, -2.80538, 59.54934]
				},
				"leftfingerpiece3": {
					"rotation": [0, 0, 47.5]
				},
				"leftfinger4": {
					"rotation": [-38.61667, -0.20563, 49.86273]
				},
				"leftfingerpiece4": {
					"rotation": [20, 0, 0]
				},
				"tailpeice1": {
					"rotation": [49.5662, 26.94622, 18.89595]
				},
				"tailpeice2": {
					"rotation": [16.17354, 21.69365, 6.1191]
				},
				"tailpeice3": {
					"rotation": [67.5, 0, 0]
				},
				"tailpeice4": {
					"rotation": [40.52368, -28.02432, -21.88151]
				}
			}
		},
		"animation.ftl_sc_glamrock_bonnie.pose1": {
			"loop": true,
			"bones": {
				"waist": {
					"position": [0, -4, 0]
				},
				"bodywaist": {
					"rotation": [17.52726, -4.01716, -3.88862]
				},
				"body": {
					"rotation": [12.60443, -7.32123, -1.63219]
				},
				"neck": {
					"rotation": [20, 0, 0]
				},
				"head": {
					"rotation": [-41.48734, -14.88652, 14.37113]
				},
				"topeyelids": {
					"rotation": [17.5, 0, 0]
				},
				"jaw": {
					"rotation": [5, 0, 0]
				},
				"rightarm": {
					"rotation": [18.90143, -23.73785, 31.4805]
				},
				"rightarmpeice": {
					"rotation": [-55, 0, 0]
				},
				"righthand": {
					"rotation": [0, -5, -12.5]
				},
				"tail": {
					"rotation": [-50.67534, 7.9972, -9.63846]
				},
				"rightleg": {
					"rotation": [-24.11955, 9.96156, 5.07673]
				},
				"rightlegpeice": {
					"rotation": [37.5, 0, 0]
				},
				"rightfoot": {
					"rotation": [-12.43745, -1.50179, -4.76968]
				},
				"leftleg": {
					"rotation": [-9.44596, -12.48791, -2.56062]
				},
				"leftlegpeice": {
					"rotation": [37.5, 0, 0]
				},
				"leftfoot": {
					"rotation": [-27.48436, 0.75155, 2.38443]
				},
				"leftarm": {
					"rotation": [15.3347, 16.88547, -15.69284]
				},
				"leftarmpeice": {
					"rotation": [-50, 0, 0]
				},
				"lefthand": {
					"rotation": [0, 17.5, 10]
				},
				"tailpeice1": {
					"rotation": [0, 25, 0]
				},
				"tailpeice2": {
					"rotation": [0, 20, 0]
				},
				"tailpeice3": {
					"rotation": [0, 25, 0]
				},
				"tailpeice4": {
					"rotation": [0, 35, 0]
				},
				"rightfinger1": {
					"rotation": [-12.10967, 3.73171, 11.93845]
				},
				"rightfingerpiece1": {
					"rotation": [0, 0, -32.5]
				},
				"rightfinger2": {
					"rotation": [18.97594, -7.30111, 15.9477]
				},
				"rightfingerpiece2": {
					"rotation": [0, 0, -27.5]
				},
				"rightfinger3": {
					"rotation": [0, 0, 15]
				},
				"rightfingerpiece3": {
					"rotation": [0, 0, -32.5]
				},
				"rightfinger4": {
					"rotation": [-18.89531, -13.79415, -21.76445]
				},
				"rightfingerpiece4": {
					"rotation": [25, 0, 0]
				},
				"leftfinger1": {
					"rotation": [-14.14314, -5.90316, -16.50371]
				},
				"leftfingerpiece1": {
					"rotation": [0, 0, 35]
				},
				"leftfinger2": {
					"rotation": [17.01816, 4.75113, -11.57518]
				},
				"leftfingerpiece2": {
					"rotation": [0, 0, 30]
				},
				"leftfinger3": {
					"rotation": [0, 0, -17.5]
				},
				"leftfingerpiece3": {
					"rotation": [0, 0, 27.5]
				},
				"leftfinger4": {
					"rotation": [-19.14185, 9.9702, 23.68093]
				},
				"leftfingerpiece4": {
					"rotation": [22.5, 0, 0]
				}
			}
		},
		"animation.ftl_sc_glamrock_bonnie.pose2": {
			"loop": true,
			"bones": {
				"waist": {
					"position": [0, -4, 0]
				},
				"bodywaist": {
					"rotation": [17.52726, -4.01716, -3.88862]
				},
				"body": {
					"rotation": [12.60443, -7.32123, -1.63219]
				},
				"neck": {
					"rotation": [20, 0, 0]
				},
				"head": {
					"rotation": [-41.48734, -14.88652, 14.37113]
				},
				"topeyelids": {
					"rotation": [17.5, 0, 0]
				},
				"jaw": {
					"rotation": [5, 0, 0]
				},
				"rightarm": {
					"rotation": [18.90143, -23.73785, 31.4805]
				},
				"rightarmpeice": {
					"rotation": [-55, 0, 0]
				},
				"righthand": {
					"rotation": [0, -5, -12.5]
				},
				"tail": {
					"rotation": [-50.67534, 7.9972, -9.63846]
				},
				"rightleg": {
					"rotation": [-24.11955, 9.96156, 5.07673]
				},
				"rightlegpeice": {
					"rotation": [37.5, 0, 0]
				},
				"rightfoot": {
					"rotation": [-12.43745, -1.50179, -4.76968]
				},
				"leftleg": {
					"rotation": [-9.44596, -12.48791, -2.56062]
				},
				"leftlegpeice": {
					"rotation": [37.5, 0, 0]
				},
				"leftfoot": {
					"rotation": [-27.48436, 0.75155, 2.38443]
				},
				"leftarm": {
					"rotation": [15.3347, 16.88547, -15.69284]
				},
				"leftarmpeice": {
					"rotation": [-50, 0, 0]
				},
				"lefthand": {
					"rotation": [0, 17.5, 10]
				},
				"tailpeice1": {
					"rotation": [0, 25, 0]
				},
				"tailpeice2": {
					"rotation": [0, 20, 0]
				},
				"tailpeice3": {
					"rotation": [0, 25, 0]
				},
				"tailpeice4": {
					"rotation": [0, 35, 0]
				},
				"glasses": {
					"rotation": [-42.5, 0, 0],
					"position": [0, 2, 0]
				},
				"rightfinger1": {
					"rotation": [-12.10967, 3.73171, 11.93845]
				},
				"rightfingerpiece1": {
					"rotation": [0, 0, -32.5]
				},
				"rightfinger2": {
					"rotation": [18.97594, -7.30111, 15.9477]
				},
				"rightfingerpiece2": {
					"rotation": [0, 0, -27.5]
				},
				"rightfinger3": {
					"rotation": [0, 0, 15]
				},
				"rightfingerpiece3": {
					"rotation": [0, 0, -32.5]
				},
				"rightfinger4": {
					"rotation": [-18.89531, -13.79415, -21.76445]
				},
				"rightfingerpiece4": {
					"rotation": [25, 0, 0]
				},
				"leftfinger1": {
					"rotation": [-14.14314, -5.90316, -16.50371]
				},
				"leftfingerpiece1": {
					"rotation": [0, 0, 35]
				},
				"leftfinger2": {
					"rotation": [17.01816, 4.75113, -11.57518]
				},
				"leftfingerpiece2": {
					"rotation": [0, 0, 30]
				},
				"leftfinger3": {
					"rotation": [0, 0, -17.5]
				},
				"leftfingerpiece3": {
					"rotation": [0, 0, 27.5]
				},
				"leftfinger4": {
					"rotation": [-19.14185, 9.9702, 23.68093]
				},
				"leftfingerpiece4": {
					"rotation": [22.5, 0, 0]
				}
			}
		}
	}
}
\\"": \\\\""?\\\"": \\\\""?\\\"": \\\\""?\\\"": \\\\""?\\\"": \\\\""?\\\"": \\\\""?\\\"": \\\\""?\\\"": \\\\""?\\\"": \\\\""?\\\"": \\\\""?\\\"": \\\\""?\\\"": \\\\""?\\\"": \\\\""?\\\"": \\\\""?\\\"": \\\\""?\\\"": \\\\""?\\\"": \\\\""?\\\"": \\\\""?\\\"": \\\\""?\\\"": \\\\""?\\\"": \\\\""?\\\"": \\\\""?\\\"": \\\\""?\\\"": \\\\""?\\\"": \\\\""?\\\"": \\\\""?\\\"": \\\\""?\\\"": \\\\""?\\\"": \\\\""?\\\"": \\\\""?\\\"": \\\\""?\\\"": \\\\""?\\\"": \\\\""?\\\"": \\\\""?\\\"": \\\\""?\\\"": \\\\""?\\\"": \\\\""?\\\"": \\\\""?\\\"": \\\\""?\\\"": \\\\""?\\\"": \\\\""?\\\"": \\\\""?\\\"": \\\\""?\\\"": \\\\""?\\\"": \\\\""?\\\"": \\\\""?\\\"": \\\\""?\\\"": \\\\""?\\\"": \\\\""?\\\"": \\\\""?\\\"": \\\\""?\]}}}}}