{
	"format_version": "1.8.0",
	"animations": {
		"animation.ftl_sc_monty.new": {
			"loop": true,
			"bones": {
				"topeyelids": {
					"rotation": [-40, 0, 0]
				},
				"botumeyelids": {
					"rotation": [65, 0, 0],
					"position": [0, 0.6, 0]
				},
				"righthand": {
					"scale": 0.9
				},
				"lefthand": {
					"scale": 0.9
				}
			}
		},
		"animation.ftl_sc_monty.pose2": {
			"loop": true,
			"bones": {
				"topeyelids": {
					"rotation": [-65, 0, 0]
				},
				"botumeyelids": {
					"rotation": [70, 0, 0],
					"position": [0, 0.6, 0]
				},
				"head": {
					"rotation": [-35, 0, 0]
				},
				"righteyebrow": {
					"rotation": [-0.69577, 3.1622, -24.81197],
					"position": [0, 0.6, -0.1]
				},
				"lefteyebrow": {
					"rotation": [-0.69577, -3.1622, 24.812],
					"position": [0, 0.6, -0.1]
				},
				"glasses": {
					"rotation": [-47.5, 0, 0]
				},
				"jaw": {
					"rotation": [45, 0, 0]
				},
				"tounge": {
					"rotation": [-37.5, 0, 0]
				},
				"neck": {
					"rotation": [-15, 0, 0]
				},
				"topbody": {
					"rotation": [-7.5, 0, 0]
				},
				"body": {
					"rotation": [-2.5, 0, 0]
				},
				"waistbody": {
					"rotation": [-2.5, 0, 0]
				},
				"tail": {
					"rotation": [10, 0, 0]
				},
				"tailpeice1": {
					"rotation": [30, 0, 0]
				},
				"tailpeice2": {
					"rotation": [20, 0, 0]
				},
				"tailpeice3": {
					"rotation": [30, 0, 0]
				},
				"tailpeice4": {
					"rotation": [-10, 0, 0]
				},
				"waist": {
					"position": [0, -20, 0]
				},
				"rightleg": {
					"rotation": [-75, 42.5, 0]
				},
				"rightlegpeice": {
					"rotation": [115, 0, 0]
				},
				"rightfoot": {
					"rotation": [-40, 0, 0]
				},
				"leftleg": {
					"rotation": [-67.5, -32.5, 0]
				},
				"leftlegpeice": {
					"rotation": [117.5, 0, 0]
				},
				"leftfoot": {
					"rotation": [-50, 0, 0]
				},
				"righthand": {
					"rotation": [-18.13254, 34.13999, -18.06123],
					"scale": 0.9
				},
				"lefthand": {
					"rotation": [-18.13254, -34.14, 18.0612],
					"scale": 0.9
				},
				"rightshoulderblade": {
					"rotation": [-0.02282, -13.25683, 14.33899]
				},
				"leftshoulderblade": {
					"rotation": [-0.02282, 13.2568, -14.339]
				},
				"rightarm": {
					"rotation": [-0.81089, 61.46065, 52.67645]
				},
				"rightarmpeice": {
					"rotation": [-85, 0, 0]
				},
				"rightfinger1": {
					"rotation": [2.5, -10, -90]
				},
				"rightfingerpeice1": {
					"rotation": [0, 0, -67.5]
				},
				"rightfinger2": {
					"rotation": [-3.1574, 7.4713, -95.04292]
				},
				"rightfingerpeice2": {
					"rotation": [0, 0, -72.5]
				},
				"rightfinger3": {
					"rotation": [0, 0, -87.5]
				},
				"rightfingerpeice3": {
					"rotation": [0, 0, -75]
				},
				"rightfinger4": {
					"rotation": [-3.1534, -17.29366, -63.04264]
				},
				"rightfingerpeice4": {
					"rotation": [67.5, 0, 0]
				},
				"leftarm": {
					"rotation": [-0.81089, -61.4606, -52.6765]
				},
				"leftarmpeice": {
					"rotation": [-85, 0, 0]
				},
				"leftfinger1": {
					"rotation": [5.88045, 9.96156, 95.07673]
				},
				"leftfingerpeice1": {
					"rotation": [0, 0, 62.5]
				},
				"leftfinger2": {
					"rotation": [-2.82902, -7.49282, 92.52154]
				},
				"leftfingerpeice2": {
					"rotation": [0, 0, 75]
				},
				"leftfinger3": {
					"rotation": [0, 0, 92.5]
				},
				"leftfingerpeice3": {
					"rotation": [0, 0, 72.5]
				},
				"leftfinger4": {
					"rotation": [-5.24391, 12.88393, 58.91192]
				},
				"leftfingerpeice4": {
					"rotation": [70, 0, 0]
				}
			}
		},
		"animation.ftl_sc_monty.pose1": {
			"loop": true,
			"bones": {
				"topeyelids": {
					"rotation": [-57.5, 0, 0]
				},
				"botumeyelids": {
					"rotation": [27.5, 0, 0]
				},
				"head": {
					"rotation": [-2.38705, 8.53672, -2.87974]
				},
				"righteyebrow": {
					"position": [0, 0.5, -0.1]
				},
				"lefteyebrow": {
					"position": [0, -0.4, 0]
				},
				"glasses": {
					"rotation": [2.5, 0, 0],
					"position": [0, -1, -1]
				},
				"rightpupil": {
					"position": [-0.7, 0.6, 0]
				},
				"leftpupil": {
					"position": [-0.7, 0.6, 0]
				},
				"jaw": {
					"rotation": [12.5, 0, 0]
				},
				"neck": {
					"rotation": [9.31732, 6.18638, -6.55767]
				},
				"topbody": {
					"rotation": [5.2021, 2.04543, 5.2021]
				},
				"body": {
					"rotation": [0.21803, -2.49048, -5.00474]
				},
				"waistbody": {
					"rotation": [-2.52154, -7.49282, 0.32902]
				},
				"tail": {
					"rotation": [-13.27463, -19.50645, 4.50432]
				},
				"tailpeice1": {
					"rotation": [10, -27.5, 0]
				},
				"tailpeice2": {
					"rotation": [12.5, -32.5, 0]
				},
				"tailpeice3": {
					"rotation": [17.5, -32.5, 0]
				},
				"tailpeice4": {
					"rotation": [20, -15, 0]
				},
				"waist": {
					"position": [0, -2, 0]
				},
				"rightleg": {
					"rotation": [-57.5, 17.5, 0]
				},
				"rightlegpeice": {
					"rotation": [107.5, 0, 0]
				},
				"rightfoot": {
					"rotation": [-12.5, 0, 0]
				},
				"leftleg": {
					"rotation": [-16.6024, -14.96096, -5.15616]
				},
				"leftlegpeice": {
					"rotation": [32.5, 0, 0]
				},
				"leftfoot": {
					"rotation": [-14.9299, 1.70818, 4.69986]
				},
				"righthand": {
					"rotation": [-14.69774, 17.14257, -17.79738],
					"scale": 0.9
				},
				"lefthand": {
					"rotation": [-5.83477, -21.20128, 17.40166],
					"scale": 0.9
				},
				"rightshoulderblade": {
					"rotation": [0, 0, 5]
				},
				"leftshoulderblade": {
					"rotation": [-25, 0, -10]
				},
				"rightarm": {
					"rotation": [2.4905, -0.21782, 22.49527]
				},
				"rightarmpeice": {
					"rotation": [-87.5, 0, 0]
				},
				"rightfinger1": {
					"rotation": [8.68155, -9.91358, -82.38565]
				},
				"rightfingerpeice1": {
					"rotation": [0, 0, -90]
				},
				"rightfinger2": {
					"rotation": [-6.19038, 7.38542, -79.91547]
				},
				"rightfingerpeice2": {
					"rotation": [0, 0, -82.5]
				},
				"rightfinger3": {
					"rotation": [0, 0, -80]
				},
				"rightfingerpeice3": {
					"rotation": [0, 0, -85]
				},
				"rightfinger4": {
					"rotation": [-55, 0, 0]
				},
				"rightfingerpeice4": {
					"rotation": [-12.5, 0, 0]
				},
				"leftarm": {
					"rotation": [-62.71233, -11.6503, -20.47167]
				},
				"leftarmpeice": {
					"rotation": [-112.30348, -0.26478, 1.54032]
				},
				"leftfinger1": {
					"rotation": [1.54138, 5.35355, 32.10382]
				},
				"leftfingerpeice1": {
					"rotation": [0, 0, 62.5]
				},
				"leftfinger2": {
					"rotation": [-6.51552, -7.43547, 82.43603]
				},
				"leftfingerpeice2": {
					"rotation": [0, 0, 85]
				},
				"leftfinger3": {
					"rotation": [0, 0, 80]
				},
				"leftfingerpeice3": {
					"rotation": [0, 0, 87.5]
				},
				"leftfinger4": {
					"rotation": [-12.61944, 44.63905, 8.59758]
				},
				"leftfingerpeice4": {
					"rotation": [15.39996, -9.14627, 11.38239]
				}
			}
		},
		"animation.ftl_sc_monty.tpose": {
			"loop": true,
			"animation_length": 0.12,
			"bones": {
				"rightarm": {
					"rotation": [0, 0, 87.5]
				},
				"leftarm": {
					"rotation": [0, 0, -87.5]
				}
			}
		},
		"animation.ftl_sc_monty.attack": {
			"loop": true,
			"animation_length": 1.91667,
			"bones": {
				"topeyelids": {
					"rotation": [-40, 0, 0]
				},
				"botumeyelids": {
					"rotation": [65, 0, 0],
					"position": [0, 0.6, 0]
				},
				"righthand": {
					"scale": 0.9
				},
				"lefthand": {
					"scale": 0.9
				},
				"body": {
					"rotation": {
						"0.0": {
							"post": [0, 0, 0],
							"lerp_mode": "catmullrom"
						},
						"0.1667": {
							"post": [0, 0, 0],
							"lerp_mode": "catmullrom"
						},
						"0.375": {
							"post": [-7.5, 0, 0],
							"lerp_mode": "catmullrom"
						},
						"0.5417": {
							"post": [7.5, 0, 0],
							"lerp_mode": "catmullrom"
						},
						"0.7917": {
							"post": [-7.5, 0, 0],
							"lerp_mode": "catmullrom"
						},
						"1.0833": {
							"post": [10, 0, 0],
							"lerp_mode": "catmullrom"
						},
						"1.375": {
							"post": [-10, 0, 0],
							"lerp_mode": "catmullrom"
						},
						"1.6667": {
							"post": [0, 0, 0],
							"lerp_mode": "catmullrom"
						}
					}
				},
				"topbody": {
					"rotation": {
						"0.0": {
							"post": [0, 0, 0],
							"lerp_mode": "catmullrom"
						},
						"0.1667": {
							"post": [0, 0, 0],
							"lerp_mode": "catmullrom"
						},
						"0.375": {
							"post": [-7.5, 0, 0],
							"lerp_mode": "catmullrom"
						},
						"0.5417": {
							"post": [20, 0, 0],
							"lerp_mode": "catmullrom"
						},
						"0.7917": {
							"post": [0, 0, 0],
							"lerp_mode": "catmullrom"
						},
						"1.0833": {
							"post": [20, 0, 0],
							"lerp_mode": "catmullrom"
						},
						"1.375": {
							"post": [0, 0, 0],
							"lerp_mode": "catmullrom"
						},
						"1.6667": {
							"post": [0, 0, 0],
							"lerp_mode": "catmullrom"
						}
					}
				},
				"neck": {
					"rotation": {
						"0.0": {
							"post": [0, 0, 0],
							"lerp_mode": "catmullrom"
						},
						"0.1667": {
							"post": [0, 0, 0],
							"lerp_mode": "catmullrom"
						},
						"0.375": {
							"post": [-12.5, 0, 0],
							"lerp_mode": "catmullrom"
						},
						"0.5417": {
							"post": [35, 0, 0],
							"lerp_mode": "catmullrom"
						},
						"0.7917": {
							"post": [7.5, 0, 0],
							"lerp_mode": "catmullrom"
						},
						"1.0833": {
							"post": [35, 0, 0],
							"lerp_mode": "catmullrom"
						},
						"1.375": {
							"post": [15, 0, 0],
							"lerp_mode": "catmullrom"
						},
						"1.6667": {
							"post": [7.5, 0, 0],
							"lerp_mode": "catmullrom"
						}
					}
				},
				"head": {
					"rotation": {
						"0.0": {
							"post": [0, 0, 0],
							"lerp_mode": "catmullrom"
						},
						"0.1667": {
							"post": [0, 0, 0],
							"lerp_mode": "catmullrom"
						},
						"0.375": {
							"post": [5, 0, 0],
							"lerp_mode": "catmullrom"
						},
						"0.5417": {
							"post": [-60, 0, 0],
							"lerp_mode": "catmullrom"
						},
						"0.7917": {
							"post": [-7.32417, -1.61888, -12.39638],
							"lerp_mode": "catmullrom"
						},
						"1.0833": {
							"post": [-64.23074, -13.56626, -6.46066],
							"lerp_mode": "catmullrom"
						},
						"1.375": {
							"post": [-10, 0, 0],
							"lerp_mode": "catmullrom"
						},
						"1.6667": {
							"post": [-5, 0, 0],
							"lerp_mode": "catmullrom"
						}
					}
				},
				"glasses": {
					"rotation": {
						"0.0": {
							"post": [0, 0, 0],
							"lerp_mode": "catmullrom"
						},
						"0.1667": {
							"post": [0, 0, 0],
							"lerp_mode": "catmullrom"
						},
						"0.375": {
							"post": [0, 0, 0],
							"lerp_mode": "catmullrom"
						},
						"0.5417": {
							"post": [-22.5, 0, 0],
							"lerp_mode": "catmullrom"
						},
						"0.7917": {
							"post": [-2.5, 0, 0],
							"lerp_mode": "catmullrom"
						},
						"1.0833": {
							"post": [-25, 0, 0],
							"lerp_mode": "catmullrom"
						},
						"1.375": {
							"post": [0, 0, 0],
							"lerp_mode": "catmullrom"
						}
					}
				},
				"jaw": {
					"rotation": {
						"0.0": {
							"post": [0, 0, 0],
							"lerp_mode": "catmullrom"
						},
						"0.1667": {
							"post": [0, 0, 0],
							"lerp_mode": "catmullrom"
						},
						"0.375": {
							"post": [30, 0, 0],
							"lerp_mode": "catmullrom"
						},
						"0.5417": {
							"post": [0, 0, 0],
							"lerp_mode": "catmullrom"
						},
						"0.7917": {
							"post": [25, 0, 0],
							"lerp_mode": "catmullrom"
						},
						"0.9583": {
							"post": [48.21429, 0, 0],
							"lerp_mode": "catmullrom"
						},
						"1.0833": {
							"post": [0, 0, 0],
							"lerp_mode": "catmullrom"
						},
						"1.375": {
							"post": [27.5, 0, 0],
							"lerp_mode": "catmullrom"
						},
						"1.6667": {
							"post": [17.5, 0, 0],
							"lerp_mode": "catmullrom"
						}
					}
				},
				"rightshoulderblade": {
					"rotation": {
						"0.0": {
							"post": [-21.26811, -37.59973, 13.74603],
							"lerp_mode": "catmullrom"
						}
					}
				},
				"leftshoulderblade": {
					"rotation": {
						"0.0": {
							"post": [-21.26811, 37.5997, -13.746],
							"lerp_mode": "catmullrom"
						}
					}
				},
				"rightarm": {
					"rotation": {
						"0.0": {
							"post": [-59.86885, -13.9598, 67.98225],
							"lerp_mode": "catmullrom"
						}
					}
				},
				"rightarmpeice": {
					"rotation": {
						"0.0": {
							"post": [-25, 0, 0],
							"lerp_mode": "catmullrom"
						}
					}
				},
				"leftarm": {
					"rotation": {
						"0.0": {
							"post": [-59.86885, 13.9598, -67.9823],
							"lerp_mode": "catmullrom"
						}
					}
				},
				"leftarmpeice": {
					"rotation": {
						"0.0": {
							"post": [-25, 0, 0],
							"lerp_mode": "catmullrom"
						}
					}
				}
			}
		},
		"animation.ftl_sc_monty.looking": {
			"loop": true,
			"bones": {
				"topeyelids": {
					"rotation": [-40, 0, 0]
				},
				"botumeyelids": {
					"rotation": [65, 0, 0],
					"position": [0, 0.6, 0]
				},
				"topbody": {
					"rotation": [0, " math.clamp(query.target_y_rotation, -10, 10)", 0]
				},
				"neck": {
					"rotation": [" math.clamp(query.target_x_rotation, -15, 15)", " math.clamp(query.target_y_rotation, -15, 15)", 0]
				},
				"head": {
					"rotation": ["query.target_x_rotation", "query.target_y_rotation", 0]
				}
			}
		},
		"animation.ftl_sc_monty.running": {
			"loop": true,
			"animation_length": 1,
			"anim_time_update": "query.modified_distance_moved * 0.1",
			"bones": {
				"topeyelids": {
					"rotation": [-40, 0, 0]
				},
				"botumeyelids": {
					"rotation": [65, 0, 0],
					"position": [0, 0.6, 0]
				},
				"righthand": {
					"rotation": {
						"0.0": {
							"post": [-32.0877, -37.9771, 35.2221],
							"lerp_mode": "catmullrom"
						},
						"0.5": {
							"post": [-32.0877, -37.9771, 35.2221],
							"lerp_mode": "catmullrom"
						},
						"1.0": {
							"post": [-32.0877, -37.9771, 35.2221],
							"lerp_mode": "catmullrom"
						}
					},
					"scale": {
						"0.0": {
							"post": [0.9, 0.9, 0.9],
							"lerp_mode": "catmullrom"
						},
						"0.5": {
							"post": [0.9, 0.9, 0.9],
							"lerp_mode": "catmullrom"
						},
						"1.0": {
							"post": [0.9, 0.9, 0.9],
							"lerp_mode": "catmullrom"
						}
					}
				},
				"lefthand": {
					"rotation": {
						"0.0": {
							"post": [-32.0877, 37.97706, -35.22206],
							"lerp_mode": "catmullrom"
						},
						"0.5": {
							"post": [-32.0877, 37.97706, -35.22206],
							"lerp_mode": "catmullrom"
						},
						"1.0": {
							"post": [-32.0877, 37.97706, -35.22206],
							"lerp_mode": "catmullrom"
						}
					},
					"scale": {
						"0.0": {
							"post": [0.9, 0.9, 0.9],
							"lerp_mode": "catmullrom"
						},
						"0.5": {
							"post": [0.9, 0.9, 0.9],
							"lerp_mode": "catmullrom"
						},
						"1.0": {
							"post": [0.9, 0.9, 0.9],
							"lerp_mode": "catmullrom"
						}
					}
				},
				"waist": {
					"position": {
						"0.0": {
							"post": [0, -5, 0],
							"lerp_mode": "catmullrom"
						},
						"0.25": {
							"post": [0, -1, 0],
							"lerp_mode": "catmullrom"
						},
						"0.5": {
							"post": [0, -5, 0],
							"lerp_mode": "catmullrom"
						},
						"0.75": {
							"post": [0, -1, 0],
							"lerp_mode": "catmullrom"
						},
						"1.0": {
							"post": [0, -5, 0],
							"lerp_mode": "catmullrom"
						}
					}
				},
				"waistbody": {
					"rotation": {
						"0.0": {
							"post": [19.61328, -6.39585, 3.01119],
							"lerp_mode": "catmullrom"
						},
						"0.5": {
							"post": [19.61328, 6.3959, -3.0112],
							"lerp_mode": "catmullrom"
						},
						"1.0": {
							"post": [19.61328, -6.39585, 3.01119],
							"lerp_mode": "catmullrom"
						}
					}
				},
				"body": {
					"rotation": {
						"0.0": {
							"post": [0, 5, -5],
							"lerp_mode": "catmullrom"
						},
						"0.5": {
							"post": [0, -5, 5],
							"lerp_mode": "catmullrom"
						},
						"1.0": {
							"post": [0, 5, -5],
							"lerp_mode": "catmullrom"
						}
					}
				},
				"topbody": {
					"rotation": {
						"0.0": {
							"post": [15.12353, 7.24305, 1.95155],
							"lerp_mode": "catmullrom"
						},
						"0.5": {
							"post": [15.12353, -7.243, -1.9516],
							"lerp_mode": "catmullrom"
						},
						"1.0": {
							"post": [15.12353, 7.24305, 1.95155],
							"lerp_mode": "catmullrom"
						}
					}
				},
				"neck": {
					"rotation": {
						"0.0": {
							"post": [15, 0, 0],
							"lerp_mode": "catmullrom"
						},
						"0.5": {
							"post": [15, 0, 0],
							"lerp_mode": "catmullrom"
						},
						"1.0": {
							"post": [15, 0, 0],
							"lerp_mode": "catmullrom"
						}
					}
				},
				"head": {
					"rotation": {
						"0.0": {
							"post": [-47.33615, -8.74891, 2.1446],
							"lerp_mode": "catmullrom"
						},
						"0.5": {
							"post": [-47.33615, 8.7489, -2.1446],
							"lerp_mode": "catmullrom"
						},
						"1.0": {
							"post": [-47.33615, -8.74891, 2.1446],
							"lerp_mode": "catmullrom"
						}
					}
				},
				"jaw": {
					"rotation": {
						"0.0": {
							"post": [37.5, 0, 0],
							"lerp_mode": "catmullrom"
						},
						"0.25": {
							"post": [27.5, 0, 0],
							"lerp_mode": "catmullrom"
						},
						"0.5": {
							"post": [37.5, 0, 0],
							"lerp_mode": "catmullrom"
						},
						"0.75": {
							"post": [27.5, 0, 0],
							"lerp_mode": "catmullrom"
						},
						"1.0": {
							"post": [37.5, 0, 0],
							"lerp_mode": "catmullrom"
						}
					}
				},
				"rightshoulderblade": {
					"rotation": {
						"0.0": {
							"post": [-5, 0, 0],
							"lerp_mode": "catmullrom"
						},
						"0.5": {
							"post": [-30, 0, 0],
							"lerp_mode": "catmullrom"
						},
						"1.0": {
							"post": [-5, 0, 0],
							"lerp_mode": "catmullrom"
						}
					}
				},
				"leftshoulderblade": {
					"rotation": {
						"0.0": {
							"post": [-30, 0, 0],
							"lerp_mode": "catmullrom"
						},
						"0.5": {
							"post": [-5, 0, 0],
							"lerp_mode": "catmullrom"
						},
						"1.0": {
							"post": [-30, 0, 0],
							"lerp_mode": "catmullrom"
						}
					}
				},
				"rightarm": {
					"rotation": {
						"0.0": {
							"post": [-23.17815, 9.5438, 21.8898],
							"lerp_mode": "catmullrom"
						},
						"0.5": {
							"post": [-53.17815, 9.5438, 21.8898],
							"lerp_mode": "catmullrom"
						},
						"1.0": {
							"post": [-23.17815, 9.5438, 21.8898],
							"lerp_mode": "catmullrom"
						}
					}
				},
				"rightarmpeice": {
					"rotation": {
						"0.0": {
							"post": [-87.5, 0, 0],
							"lerp_mode": "catmullrom"
						},
						"0.5": {
							"post": [-60, 0, 0],
							"lerp_mode": "catmullrom"
						},
						"1.0": {
							"post": [-87.5, 0, 0],
							"lerp_mode": "catmullrom"
						}
					}
				},
				"rightfinger1": {
					"rotation": [-11.26765, 7.52076, 18.58597]
				},
				"rightfingerpeice1": {
					"rotation": [0, 0, -47.5]
				},
				"rightfinger2": {
					"rotation": [12.0623, -4.2453, 11.76782]
				},
				"rightfingerpeice2": {
					"rotation": [0, 0, -40]
				},
				"rightfinger3": {
					"rotation": [0, 0, 12.5]
				},
				"rightfingerpeice3": {
					"rotation": [0, 0, -42.5]
				},
				"rightfinger4": {
					"rotation": [-23.4964, -6.80509, -7.49825]
				},
				"rightfingerpeice4": {
					"rotation": [20, 0, 0]
				},
				"leftarm": {
					"rotation": {
						"0.0": {
							"post": [-53.17815, -9.54385, -21.88981],
							"lerp_mode": "catmullrom"
						},
						"0.5": {
							"post": [-23.17815, -9.5438, -21.8898],
							"lerp_mode": "catmullrom"
						},
						"1.0": {
							"post": [-53.17815, -9.54385, -21.88981],
							"lerp_mode": "catmullrom"
						}
					}
				},
				"leftarmpeice": {
					"rotation": {
						"0.0": {
							"post": [-60, 0, 0],
							"lerp_mode": "catmullrom"
						},
						"0.5": {
							"post": [-87.5, 0, 0],
							"lerp_mode": "catmullrom"
						},
						"1.0": {
							"post": [-60, 0, 0],
							"lerp_mode": "catmullrom"
						}
					}
				},
				"leftfinger1": {
					"rotation": [-6.50371, -5.90316, -19.14314]
				},
				"leftfingerpeice1": {
					"rotation": [0, 0, 47.5]
				},
				"leftfinger2": {
					"rotation": [9.23634, 5.188, -16.73634]
				},
				"leftfingerpeice2": {
					"rotation": [0, 0, 47.5]
				},
				"leftfinger3": {
					"rotation": [0, 0, -17.5]
				},
				"leftfingerpeice3": {
					"rotation": [0, 0, 37.5]
				},
				"leftfinger4": {
					"rotation": [-24.6696, 13.4648, 11.5548]
				},
				"leftfingerpeice4": {
					"rotation": [27.5, 0, 0]
				},
				"tail": {
					"rotation": {
						"0.0": {
							"post": [-37.5, 0, 0],
							"lerp_mode": "catmullrom"
						},
						"0.25": {
							"post": [-32.5, 0, 0],
							"lerp_mode": "catmullrom"
						},
						"0.5": {
							"post": [-37.5, 0, 0],
							"lerp_mode": "catmullrom"
						},
						"0.75": {
							"post": [-32.5, 0, 0],
							"lerp_mode": "catmullrom"
						},
						"1.0": {
							"post": [-37.5, 0, 0],
							"lerp_mode": "catmullrom"
						}
					}
				},
				"tailpeice1": {
					"rotation": {
						"0.0": {
							"post": [-22.5, 0, 0],
							"lerp_mode": "catmullrom"
						},
						"0.25": {
							"post": [-12.5, 0, 0],
							"lerp_mode": "catmullrom"
						},
						"0.5": {
							"post": [-22.5, 0, 0],
							"lerp_mode": "catmullrom"
						},
						"0.75": {
							"post": [-12.5, 0, 0],
							"lerp_mode": "catmullrom"
						},
						"1.0": {
							"post": [-22.5, 0, 0],
							"lerp_mode": "catmullrom"
						}
					}
				},
				"tailpeice2": {
					"rotation": {
						"0.0": {
							"post": [20, 0, 0],
							"lerp_mode": "catmullrom"
						},
						"0.25": {
							"post": [10, 0, 0],
							"lerp_mode": "catmullrom"
						},
						"0.5": {
							"post": [20, 0, 0],
							"lerp_mode": "catmullrom"
						},
						"0.75": {
							"post": [10, 0, 0],
							"lerp_mode": "catmullrom"
						},
						"1.0": {
							"post": [20, 0, 0],
							"lerp_mode": "catmullrom"
						}
					}
				},
				"tailpeice3": {
					"rotation": {
						"0.0": {
							"post": [20, 0, 0],
							"lerp_mode": "catmullrom"
						},
						"0.25": {
							"post": [10, 0, 0],
							"lerp_mode": "catmullrom"
						},
						"0.5": {
							"post": [20, 0, 0],
							"lerp_mode": "catmullrom"
						},
						"0.75": {
							"post": [10, 0, 0],
							"lerp_mode": "catmullrom"
						},
						"1.0": {
							"post": [20, 0, 0],
							"lerp_mode": "catmullrom"
						}
					}
				},
				"tailpeice4": {
					"rotation": {
						"0.0": {
							"post": [20, 0, 0],
							"lerp_mode": "catmullrom"
						},
						"0.25": {
							"post": [0, 0, 0],
							"lerp_mode": "catmullrom"
						},
						"0.5": {
							"post": [20, 0, 0],
							"lerp_mode": "catmullrom"
						},
						"0.75": {
							"post": [0, 0, 0],
							"lerp_mode": "catmullrom"
						},
						"1.0": {
							"post": [20, 0, 0],
							"lerp_mode": "catmullrom"
						}
					}
				},
				"rightleg": {
					"rotation": {
						"0.0": {
							"post": [-37.90896, 1.45368, 2.66471],
							"lerp_mode": "catmullrom"
						},
						"0.25": {
							"post": [-2.8871, 5.40464, 3.9104],
							"lerp_mode": "catmullrom"
						},
						"0.5": {
							"post": [30.8426, 9.2119, 4.948],
							"lerp_mode": "catmullrom"
						},
						"0.75": {
							"post": [-51.99471, 8.0624, 3.2832],
							"lerp_mode": "catmullrom"
						},
						"1.0": {
							"post": [-37.90896, 1.45368, 2.66471],
							"lerp_mode": "catmullrom"
						}
					},
					"position": {
						"0.0": {
							"post": [0, 0, 0],
							"lerp_mode": "catmullrom"
						},
						"0.25": {
							"post": [0, 0.88, 0],
							"lerp_mode": "catmullrom"
						},
						"0.5": {
							"post": [0, 0, 0],
							"lerp_mode": "catmullrom"
						},
						"0.75": {
							"post": [0, 2, 0],
							"lerp_mode": "catmullrom"
						},
						"1.0": {
							"post": [0, 0, 0],
							"lerp_mode": "catmullrom"
						}
					}
				},
				"rightlegpeice": {
					"rotation": {
						"0.0": {
							"post": [45, 0, 0],
							"lerp_mode": "catmullrom"
						},
						"0.25": {
							"post": [3.67187, 0, 0],
							"lerp_mode": "catmullrom"
						},
						"0.5": {
							"post": [27.5, 0, 0],
							"lerp_mode": "catmullrom"
						},
						"0.75": {
							"post": [68.75, 0, 0],
							"lerp_mode": "catmullrom"
						},
						"0.875": {
							"post": [34.375, 0, 0],
							"lerp_mode": "catmullrom"
						},
						"1.0": {
							"post": [45, 0, 0],
							"lerp_mode": "catmullrom"
						}
					}
				},
				"rightfoot": {
					"rotation": {
						"0.0": {
							"post": [-7.49294, -0.32621, -2.47864],
							"lerp_mode": "catmullrom"
						},
						"0.25": {
							"post": [-1.23366, -0.87991, -2.26347],
							"lerp_mode": "catmullrom"
						},
						"0.375": {
							"post": [-21.34533, -1.20866, -2.13571],
							"lerp_mode": "catmullrom"
						},
						"0.5": {
							"post": [-27.47437, -1.4336, -2.0483],
							"lerp_mode": "catmullrom"
						},
						"0.625": {
							"post": [-29.35401, -1.15675, -2.1559],
							"lerp_mode": "catmullrom"
						},
						"0.75": {
							"post": [6.26634, -0.8799, -2.2635],
							"lerp_mode": "catmullrom"
						},
						"0.875": {
							"post": [-15.6133, -0.60306, -2.37107],
							"lerp_mode": "catmullrom"
						},
						"1.0": {
							"post": [-7.49294, -0.32621, -2.47864],
							"lerp_mode": "catmullrom"
						}
					}
				},
				"leftleg": {
					"rotation": {
						"0.0": {
							"post": [30.8426, -9.2119, -4.948],
							"lerp_mode": "catmullrom"
						},
						"0.25": {
							"post": [-51.99471, -8.06238, -3.28319],
							"lerp_mode": "catmullrom"
						},
						"0.5": {
							"post": [-37.90896, -1.4537, -2.6647],
							"lerp_mode": "catmullrom"
						},
						"0.75": {
							"post": [-2.8871, -5.4046, -3.9104],
							"lerp_mode": "catmullrom"
						},
						"1.0": {
							"post": [30.8426, -9.2119, -4.948],
							"lerp_mode": "catmullrom"
						}
					},
					"position": {
						"0.0": {
							"post": [0, 0, 0],
							"lerp_mode": "catmullrom"
						},
						"0.25": {
							"post": [0, 2, 0],
							"lerp_mode": "catmullrom"
						},
						"0.5": {
							"post": [0, 0, 0],
							"lerp_mode": "catmullrom"
						},
						"0.75": {
							"post": [0, 0.88, 0],
							"lerp_mode": "catmullrom"
						},
						"1.0": {
							"post": [0, 0, 0],
							"lerp_mode": "catmullrom"
						}
					}
				},
				"leftlegpeice": {
					"rotation": {
						"0.0": {
							"post": [27.5, 0, 0],
							"lerp_mode": "catmullrom"
						},
						"0.25": {
							"post": [68.75, 0, 0],
							"lerp_mode": "catmullrom"
						},
						"0.375": {
							"post": [34.375, 0, 0],
							"lerp_mode": "catmullrom"
						},
						"0.5": {
							"post": [45, 0, 0],
							"lerp_mode": "catmullrom"
						},
						"0.75": {
							"post": [3.67187, 0, 0],
							"lerp_mode": "catmullrom"
						},
						"1.0": {
							"post": [27.5, 0, 0],
							"lerp_mode": "catmullrom"
						}
					}
				},
				"leftfoot": {
					"rotation": {
						"0.0": {
							"post": [-27.47437, 1.4336, 2.0483],
							"lerp_mode": "catmullrom"
						},
						"0.125": {
							"post": [-29.35401, 1.15678, 2.15588],
							"lerp_mode": "catmullrom"
						},
						"0.25": {
							"post": [6.26634, 0.87992, 2.26345],
							"lerp_mode": "catmullrom"
						},
						"0.375": {
							"post": [-10.6133, 0.60306, 2.37103],
							"lerp_mode": "catmullrom"
						},
						"0.5": {
							"post": [-7.49294, 0.3262, 2.4786],
							"lerp_mode": "catmullrom"
						},
						"0.75": {
							"post": [-1.23366, 0.8799, 2.2635],
							"lerp_mode": "catmullrom"
						},
						"0.875": {
							"post": [-21.34533, 1.2087, 2.1357],
							"lerp_mode": "catmullrom"
						},
						"1.0": {
							"post": [-27.47437, 1.4336, 2.0483],
							"lerp_mode": "catmullrom"
						}
					}
				}
			}
		},
		"animation.ftl_sc_monty.moving": {
			"loop": true,
			"animation_length": 1,
			"anim_time_update": "query.modified_distance_moved * 0.1",
			"bones": {
				"topeyelids": {
					"rotation": [-40, 0, 0]
				},
				"botumeyelids": {
					"rotation": [65, 0, 0],
					"position": [0, 0.6, 0]
				},
				"righthand": {
					"rotation": {
						"0.0": {
							"post": [-25.50225, 13.45165, 7.79232],
							"lerp_mode": "catmullrom"
						},
						"0.5": {
							"post": [-25.50225, 13.45165, 7.79232],
							"lerp_mode": "catmullrom"
						},
						"1.0": {
							"post": [-25.50225, 13.45165, 7.79232],
							"lerp_mode": "catmullrom"
						}
					},
					"scale": {
						"0.0": {
							"post": [0.9, 0.9, 0.9],
							"lerp_mode": "catmullrom"
						},
						"0.5": {
							"post": [0.9, 0.9, 0.9],
							"lerp_mode": "catmullrom"
						},
						"1.0": {
							"post": [0.9, 0.9, 0.9],
							"lerp_mode": "catmullrom"
						}
					}
				},
				"lefthand": {
					"rotation": {
						"0.0": {
							"post": [-25.50227, -13.45168, -7.79228],
							"lerp_mode": "catmullrom"
						},
						"0.5": {
							"post": [-25.50227, -13.45168, -7.79228],
							"lerp_mode": "catmullrom"
						},
						"1.0": {
							"post": [-25.50227, -13.45168, -7.79228],
							"lerp_mode": "catmullrom"
						}
					},
					"scale": {
						"0.0": {
							"post": [0.9, 0.9, 0.9],
							"lerp_mode": "catmullrom"
						},
						"0.5": {
							"post": [0.9, 0.9, 0.9],
							"lerp_mode": "catmullrom"
						},
						"1.0": {
							"post": [0.9, 0.9, 0.9],
							"lerp_mode": "catmullrom"
						}
					}
				},
				"waist": {
					"position": {
						"0.0": {
							"post": [0, -5, 0],
							"lerp_mode": "catmullrom"
						},
						"0.25": {
							"post": [0, -3, 0],
							"lerp_mode": "catmullrom"
						},
						"0.5": {
							"post": [0, -5, 0],
							"lerp_mode": "catmullrom"
						},
						"0.75": {
							"post": [0, -3, 0],
							"lerp_mode": "catmullrom"
						},
						"1.0": {
							"post": [0, -5, 0],
							"lerp_mode": "catmullrom"
						}
					}
				},
				"waistbody": {
					"rotation": {
						"0.0": {
							"post": [19.61328, -6.39585, 3.01119],
							"lerp_mode": "catmullrom"
						},
						"0.5": {
							"post": [19.61328, 6.3959, -3.0112],
							"lerp_mode": "catmullrom"
						},
						"1.0": {
							"post": [19.61328, -6.39585, 3.01119],
							"lerp_mode": "catmullrom"
						}
					}
				},
				"body": {
					"rotation": {
						"0.0": {
							"post": [17.5, 5, -5],
							"lerp_mode": "catmullrom"
						},
						"0.5": {
							"post": [17.5, -5, 5],
							"lerp_mode": "catmullrom"
						},
						"1.0": {
							"post": [17.5, 5, -5],
							"lerp_mode": "catmullrom"
						}
					}
				},
				"topbody": {
					"rotation": {
						"0.0": {
							"post": [15.12353, 7.24305, 1.95155],
							"lerp_mode": "catmullrom"
						},
						"0.5": {
							"post": [15.12353, -7.243, -1.9516],
							"lerp_mode": "catmullrom"
						},
						"1.0": {
							"post": [15.12353, 7.24305, 1.95155],
							"lerp_mode": "catmullrom"
						}
					}
				},
				"neck": {
					"rotation": {
						"0.0": [15, 0, 0],
						"0.5": [15, 0, 0],
						"1.0": [15, 0, 0]
					}
				},
				"head": {
					"rotation": {
						"0.0": {
							"post": [-64.83615, -8.74891, 2.1446],
							"lerp_mode": "catmullrom"
						},
						"0.5": {
							"post": [-64.83615, 8.7489, -2.1446],
							"lerp_mode": "catmullrom"
						},
						"1.0": {
							"post": [-64.83615, -8.74891, 2.1446],
							"lerp_mode": "catmullrom"
						}
					}
				},
				"jaw": {
					"rotation": {
						"0.0": {
							"post": [20, 0, 0],
							"lerp_mode": "catmullrom"
						},
						"0.25": {
							"post": [10, 0, 0],
							"lerp_mode": "catmullrom"
						},
						"0.5": {
							"post": [20, 0, 0],
							"lerp_mode": "catmullrom"
						},
						"0.75": {
							"post": [10, 0, 0],
							"lerp_mode": "catmullrom"
						},
						"1.0": {
							"post": [20, 0, 0],
							"lerp_mode": "catmullrom"
						}
					}
				},
				"rightshoulderblade": {
					"rotation": {
						"0.0": {
							"post": [-4.95744, 0.65182, 7.47178],
							"lerp_mode": "catmullrom"
						},
						"0.5": {
							"post": [-28.07555, 11.0311, 19.7339],
							"lerp_mode": "catmullrom"
						},
						"1.0": {
							"post": [-4.95744, 0.65182, 7.47178],
							"lerp_mode": "catmullrom"
						}
					}
				},
				"leftshoulderblade": {
					"rotation": {
						"0.0": {
							"post": [-28.07555, -11.0311, -19.7339],
							"lerp_mode": "catmullrom"
						},
						"0.5": {
							"post": [-4.95744, -0.6518, -7.4718],
							"lerp_mode": "catmullrom"
						},
						"1.0": {
							"post": [-28.07555, -11.0311, -19.7339],
							"lerp_mode": "catmullrom"
						}
					}
				},
				"rightarm": {
					"rotation": {
						"0.0": {
							"post": [-7.26222, 18.31879, 46.04731],
							"lerp_mode": "catmullrom"
						},
						"0.5": {
							"post": [-7.26222, 18.31879, 46.04731],
							"lerp_mode": "catmullrom"
						},
						"1.0": {
							"post": [-7.26222, 18.31879, 46.04731],
							"lerp_mode": "catmullrom"
						}
					}
				},
				"rightarmpeice": {
					"rotation": {
						"0.0": {
							"post": [-87.5, 0, 0],
							"lerp_mode": "catmullrom"
						},
						"0.5": {
							"post": [-87.5, 0, 0],
							"lerp_mode": "catmullrom"
						},
						"1.0": {
							"post": [-87.5, 0, 0],
							"lerp_mode": "catmullrom"
						}
					}
				},
				"rightfinger1": {
					"rotation": [-11.26765, 7.52076, 18.58597]
				},
				"rightfingerpeice1": {
					"rotation": [0, 0, -47.5]
				},
				"rightfinger2": {
					"rotation": [12.0623, -4.2453, 11.76782]
				},
				"rightfingerpeice2": {
					"rotation": [0, 0, -40]
				},
				"rightfinger3": {
					"rotation": [0, 0, 12.5]
				},
				"rightfingerpeice3": {
					"rotation": [0, 0, -42.5]
				},
				"rightfinger4": {
					"rotation": [-23.4964, -6.80509, -7.49825]
				},
				"rightfingerpeice4": {
					"rotation": [20, 0, 0]
				},
				"leftarm": {
					"rotation": {
						"0.0": {
							"post": [-7.26222, -18.3188, -46.0473],
							"lerp_mode": "catmullrom"
						},
						"0.5": {
							"post": [-7.26222, -18.3188, -46.0473],
							"lerp_mode": "catmullrom"
						},
						"1.0": {
							"post": [-7.26222, -18.3188, -46.0473],
							"lerp_mode": "catmullrom"
						}
					}
				},
				"leftarmpeice": {
					"rotation": {
						"0.0": {
							"post": [-87.5, 0, 0],
							"lerp_mode": "catmullrom"
						},
						"0.5": {
							"post": [-87.5, 0, 0],
							"lerp_mode": "catmullrom"
						},
						"1.0": {
							"post": [-87.5, 0, 0],
							"lerp_mode": "catmullrom"
						}
					}
				},
				"leftfinger1": {
					"rotation": [-6.50371, -5.90316, -19.14314]
				},
				"leftfingerpeice1": {
					"rotation": [0, 0, 47.5]
				},
				"leftfinger2": {
					"rotation": [9.23634, 5.188, -16.73634]
				},
				"leftfingerpeice2": {
					"rotation": [0, 0, 47.5]
				},
				"leftfinger3": {
					"rotation": [0, 0, -17.5]
				},
				"leftfingerpeice3": {
					"rotation": [0, 0, 37.5]
				},
				"leftfinger4": {
					"rotation": [-24.6696, 13.4648, 11.5548]
				},
				"leftfingerpeice4": {
					"rotation": [27.5, 0, 0]
				},
				"tail": {
					"rotation": {
						"0.0": {
							"post": [-37.5, 0, 0],
							"lerp_mode": "catmullrom"
						},
						"0.25": {
							"post": [-32.5, 0, 0],
							"lerp_mode": "catmullrom"
						},
						"0.5": {
							"post": [-37.5, 0, 0],
							"lerp_mode": "catmullrom"
						},
						"0.75": {
							"post": [-32.5, 0, 0],
							"lerp_mode": "catmullrom"
						},
						"1.0": {
							"post": [-37.5, 0, 0],
							"lerp_mode": "catmullrom"
						}
					}
				},
				"tailpeice1": {
					"rotation": {
						"0.0": {
							"post": [-22.5, 0, 0],
							"lerp_mode": "catmullrom"
						},
						"0.25": {
							"post": [-12.5, 0, 0],
							"lerp_mode": "catmullrom"
						},
						"0.5": {
							"post": [-22.5, 0, 0],
							"lerp_mode": "catmullrom"
						},
						"0.75": {
							"post": [-12.5, 0, 0],
							"lerp_mode": "catmullrom"
						},
						"1.0": {
							"post": [-22.5, 0, 0],
							"lerp_mode": "catmullrom"
						}
					}
				},
				"tailpeice2": {
					"rotation": {
						"0.0": {
							"post": [20, 0, 0],
							"lerp_mode": "catmullrom"
						},
						"0.25": {
							"post": [10, 0, 0],
							"lerp_mode": "catmullrom"
						},
						"0.5": {
							"post": [20, 0, 0],
							"lerp_mode": "catmullrom"
						},
						"0.75": {
							"post": [10, 0, 0],
							"lerp_mode": "catmullrom"
						},
						"1.0": {
							"post": [20, 0, 0],
							"lerp_mode": "catmullrom"
						}
					}
				},
				"tailpeice3": {
					"rotation": {
						"0.0": {
							"post": [20, 0, 0],
							"lerp_mode": "catmullrom"
						},
						"0.25": {
							"post": [10, 0, 0],
							"lerp_mode": "catmullrom"
						},
						"0.5": {
							"post": [20, 0, 0],
							"lerp_mode": "catmullrom"
						},
						"0.75": {
							"post": [10, 0, 0],
							"lerp_mode": "catmullrom"
						},
						"1.0": {
							"post": [20, 0, 0],
							"lerp_mode": "catmullrom"
						}
					}
				},
				"tailpeice4": {
					"rotation": {
						"0.0": {
							"post": [20, 0, 0],
							"lerp_mode": "catmullrom"
						},
						"0.25": {
							"post": [0, 0, 0],
							"lerp_mode": "catmullrom"
						},
						"0.5": {
							"post": [20, 0, 0],
							"lerp_mode": "catmullrom"
						},
						"0.75": {
							"post": [0, 0, 0],
							"lerp_mode": "catmullrom"
						},
						"1.0": {
							"post": [20, 0, 0],
							"lerp_mode": "catmullrom"
						}
					}
				},
				"rightleg": {
					"rotation": {
						"0.0": {
							"post": [-37.33202, 6.91288, 1.61844],
							"lerp_mode": "catmullrom"
						},
						"0.5": {
							"post": [18.3426, 9.2119, 4.948],
							"lerp_mode": "catmullrom"
						},
						"0.75": {
							"post": [-51.99471, 8.0624, 3.2832],
							"lerp_mode": "catmullrom"
						},
						"1.0": {
							"post": [-37.33202, 6.91288, 1.61844],
							"lerp_mode": "catmullrom"
						}
					},
					"position": {
						"0.0": {
							"post": [0, 0, 0],
							"lerp_mode": "catmullrom"
						},
						"0.5": {
							"post": [0, 0, 0],
							"lerp_mode": "catmullrom"
						},
						"0.75": {
							"post": [0, 2, 0],
							"lerp_mode": "catmullrom"
						},
						"1.0": {
							"post": [0, 0, 0],
							"lerp_mode": "catmullrom"
						}
					}
				},
				"rightlegpeice": {
					"rotation": {
						"0.0": {
							"post": [45, 0, 0],
							"lerp_mode": "catmullrom"
						},
						"0.5": {
							"post": [27.5, 0, 0],
							"lerp_mode": "catmullrom"
						},
						"0.75": {
							"post": [68.75, 0, 0],
							"lerp_mode": "catmullrom"
						},
						"0.875": {
							"post": [34.375, 0, 0],
							"lerp_mode": "catmullrom"
						},
						"1.0": {
							"post": [45, 0, 0],
							"lerp_mode": "catmullrom"
						}
					}
				},
				"rightfoot": {
					"rotation": {
						"0.0": {
							"post": [-7.49294, -0.32621, -2.47864],
							"lerp_mode": "catmullrom"
						},
						"0.25": {
							"post": [-28.73366, -0.87991, -2.26347],
							"lerp_mode": "catmullrom"
						},
						"0.5": {
							"post": [-34.97437, -1.4336, -2.0483],
							"lerp_mode": "catmullrom"
						},
						"0.625": {
							"post": [-29.35401, -1.15675, -2.1559],
							"lerp_mode": "catmullrom"
						},
						"0.75": {
							"post": [6.26634, -0.8799, -2.2635],
							"lerp_mode": "catmullrom"
						},
						"0.875": {
							"post": [-15.6133, -0.60306, -2.37107],
							"lerp_mode": "catmullrom"
						},
						"1.0": {
							"post": [-7.49294, -0.32621, -2.47864],
							"lerp_mode": "catmullrom"
						}
					}
				},
				"leftleg": {
					"rotation": {
						"0.0": {
							"post": [18.3426, -9.21185, -4.94798],
							"lerp_mode": "catmullrom"
						},
						"0.25": {
							"post": [-51.99471, -8.06238, -3.28319],
							"lerp_mode": "catmullrom"
						},
						"0.5": {
							"post": [-37.33202, -6.9129, -1.6184],
							"lerp_mode": "catmullrom"
						},
						"1.0": {
							"post": [18.3426, -9.21185, -4.94798],
							"lerp_mode": "catmullrom"
						}
					},
					"position": {
						"0.0": {
							"post": [0, 0, 0],
							"lerp_mode": "catmullrom"
						},
						"0.25": {
							"post": [0, 2, 0],
							"lerp_mode": "catmullrom"
						},
						"0.5": {
							"post": [0, 0, 0],
							"lerp_mode": "catmullrom"
						},
						"1.0": {
							"post": [0, 0, 0],
							"lerp_mode": "catmullrom"
						}
					}
				},
				"leftlegpeice": {
					"rotation": {
						"0.0": {
							"post": [27.5, 0, 0],
							"lerp_mode": "catmullrom"
						},
						"0.25": {
							"post": [68.75, 0, 0],
							"lerp_mode": "catmullrom"
						},
						"0.375": {
							"post": [34.375, 0, 0],
							"lerp_mode": "catmullrom"
						},
						"0.5": {
							"post": [45, 0, 0],
							"lerp_mode": "catmullrom"
						},
						"1.0": {
							"post": [27.5, 0, 0],
							"lerp_mode": "catmullrom"
						}
					}
				},
				"leftfoot": {
					"rotation": {
						"0.0": {
							"post": [-34.97437, 1.43364, 2.04831],
							"lerp_mode": "catmullrom"
						},
						"0.125": {
							"post": [-29.35401, 1.15678, 2.15588],
							"lerp_mode": "catmullrom"
						},
						"0.25": {
							"post": [6.26634, 0.87992, 2.26345],
							"lerp_mode": "catmullrom"
						},
						"0.375": {
							"post": [-10.6133, 0.60306, 2.37103],
							"lerp_mode": "catmullrom"
						},
						"0.5": {
							"post": [-7.49294, 0.3262, 2.4786],
							"lerp_mode": "catmullrom"
						},
						"0.75": {
							"post": [-28.73366, 0.8799, 2.2635],
							"lerp_mode": "catmullrom"
						},
						"1.0": {
							"post": [-34.97437, 1.43364, 2.04831],
							"lerp_mode": "catmullrom"
						}
					}
				}
			}
		},
		"animation.ftl_sc_monty.jumping": {
			"loop": true,
			"animation_length": 0.29167,
			"bones": {
				"topeyelids": {
					"rotation": [-57.5, 0, 0]
				},
				"botumeyelids": {
					"rotation": [65, 0, 0],
					"position": [0, 0.6, 0]
				},
				"righthand": {
					"rotation": [-8.81845, 9.91358, -7.61435],
					"scale": 0.9
				},
				"lefthand": {
					"rotation": [-1.51552, 7.43547, 7.56397],
					"scale": 0.9
				},
				"waistbody": {
					"rotation": [10, 0, 0]
				},
				"body": {
					"rotation": [7.5, 0, 0]
				},
				"topbody": {
					"rotation": [12.5, 0, 0]
				},
				"neck": {
					"rotation": [-10, 0, 0]
				},
				"head": {
					"rotation": [-17.5, 0, 0]
				},
				"glasses": {
					"rotation": [-15, 0, 0]
				},
				"jaw": {
					"rotation": [42.5, 0, 0]
				},
				"tounge": {
					"rotation": [-30, 0, 0]
				},
				"rightshoulderblade": {
					"rotation": [-10, 0, 0]
				},
				"leftshoulderblade": {
					"rotation": [-44.89078, -3.53329, -3.54002]
				},
				"rightarm": {
					"rotation": [-18.91686, 14.79963, 32.12821]
				},
				"rightarmpeice": {
					"rotation": [-112.5, 0, 0]
				},
				"rightfinger1": {
					"rotation": [2.5, -10, -90]
				},
				"rightfingerpeice1": {
					"rotation": [0, 0, -67.5]
				},
				"rightfinger2": {
					"rotation": [-3.1574, 7.4713, -95.04292]
				},
				"rightfingerpeice2": {
					"rotation": [0, 0, -72.5]
				},
				"rightfinger3": {
					"rotation": [0, 0, -87.5]
				},
				"rightfingerpeice3": {
					"rotation": [0, 0, -75]
				},
				"rightfinger4": {
					"rotation": [-3.1534, -17.29366, -63.04264]
				},
				"rightfingerpeice4": {
					"rotation": [67.5, 0, 0]
				},
				"leftarm": {
					"rotation": [-65.73169, -27.37865, -12.86974]
				},
				"leftarmpeice": {
					"rotation": [-100, 0, 0]
				},
				"leftfinger1": {
					"rotation": [5.88045, 9.96156, 95.07673]
				},
				"leftfingerpeice1": {
					"rotation": [0, 0, 62.5]
				},
				"leftfinger2": {
					"rotation": [-2.82902, -7.49282, 92.52154]
				},
				"leftfingerpeice2": {
					"rotation": [0, 0, 75]
				},
				"leftfinger3": {
					"rotation": [0, 0, 92.5]
				},
				"leftfingerpeice3": {
					"rotation": [0, 0, 72.5]
				},
				"leftfinger4": {
					"rotation": [-5.24391, 12.88393, 58.91192]
				},
				"leftfingerpeice4": {
					"rotation": [70, 0, 0]
				},
				"tail": {
					"rotation": [22.5, 0, 0]
				},
				"tailpeice1": {
					"rotation": [35, 0, 0]
				},
				"tailpeice2": {
					"rotation": [12.5, 0, 0]
				},
				"tailpeice3": {
					"rotation": [20, 0, 0]
				},
				"tailpeice4": {
					"rotation": [17.5, 0, 0]
				},
				"rightleg": {
					"rotation": [-27.33842, 18.54949, 9.48189]
				},
				"rightlegpeice": {
					"rotation": [75, 0, 0]
				},
				"rightfoot": {
					"rotation": [40, 0, 0]
				},
				"leftleg": {
					"rotation": [-47.5492, -16.8429, -13.51563]
				},
				"leftlegpeice": {
					"rotation": [85, 0, 0]
				},
				"leftfoot": {
					"rotation": [22.5, 0, 0]
				}
			}
		},
		"animation.ftl_sc_monty.general": {
			"loop": true,
			"animation_length": 7.83333,
			"bones": {
				"topeyelids": {
					"rotation": [-40, 0, 0]
				},
				"botumeyelids": {
					"rotation": [65, 0, 0],
					"position": [0, 0.6, 0]
				},
				"righthand": {
					"rotation": [1.5741, -17.43127, -5.24133],
					"scale": 0.9
				},
				"lefthand": {
					"rotation": [1.5741, 17.4313, 5.2413],
					"scale": 0.9
				},
				"waist": {
					"position": [0, -2, 0]
				},
				"waistbody": {
					"rotation": [0, 0, 0]
				},
				"body": {
					"rotation": {
						"0.0": {
							"post": [15, 0, 0],
							"lerp_mode": "catmullrom"
						},
						"1.0": {
							"post": [17.5, 0, 0],
							"lerp_mode": "catmullrom"
						},
						"2.0": {
							"post": [20, 0, 0],
							"lerp_mode": "catmullrom"
						},
						"2.9167": {
							"post": [7.5, 0, 0],
							"lerp_mode": "catmullrom"
						},
						"3.9167": {
							"post": [15, 0, 0],
							"lerp_mode": "catmullrom"
						},
						"4.9167": {
							"post": [17.5, 0, 0],
							"lerp_mode": "catmullrom"
						},
						"5.9167": {
							"post": [20, 0, 0],
							"lerp_mode": "catmullrom"
						},
						"6.8333": {
							"post": [7.5, 0, 0],
							"lerp_mode": "catmullrom"
						},
						"7.8333": {
							"post": [15, 0, 0],
							"lerp_mode": "catmullrom"
						}
					}
				},
				"topbody": {
					"rotation": {
						"0.0": {
							"post": [7.5, 0, 0],
							"lerp_mode": "catmullrom"
						},
						"1.0": {
							"post": [10, 0, 0],
							"lerp_mode": "catmullrom"
						},
						"2.0": {
							"post": [15, 0, 0],
							"lerp_mode": "catmullrom"
						},
						"2.9167": {
							"post": [2.5, 0, 0],
							"lerp_mode": "catmullrom"
						},
						"3.9167": {
							"post": [7.5, 0, 0],
							"lerp_mode": "catmullrom"
						},
						"4.9167": {
							"post": [10, 0, 0],
							"lerp_mode": "catmullrom"
						},
						"5.9167": {
							"post": [15, 0, 0],
							"lerp_mode": "catmullrom"
						},
						"6.8333": {
							"post": [2.5, 0, 0],
							"lerp_mode": "catmullrom"
						},
						"7.8333": {
							"post": [7.5, 0, 0],
							"lerp_mode": "catmullrom"
						}
					}
				},
				"neck": {
					"rotation": [15, 0, 0]
				},
				"head": {
					"rotation": {
						"0.0": {
							"post": [-32.5, 0, 0],
							"lerp_mode": "catmullrom"
						},
						"1.0": {
							"post": [-40, 0, 0],
							"lerp_mode": "catmullrom"
						},
						"2.0": {
							"post": [-47.5, 0, 0],
							"lerp_mode": "catmullrom"
						},
						"2.9167": {
							"post": [-20, 0, 0],
							"lerp_mode": "catmullrom"
						},
						"3.9167": {
							"post": [-32.5, 0, 0],
							"lerp_mode": "catmullrom"
						},
						"4.9167": {
							"post": [-40, 0, 0],
							"lerp_mode": "catmullrom"
						},
						"5.9167": {
							"post": [-47.5, 0, 0],
							"lerp_mode": "catmullrom"
						},
						"6.8333": {
							"post": [-20, 0, 0],
							"lerp_mode": "catmullrom"
						},
						"7.8333": {
							"post": [-32.5, 0, 0],
							"lerp_mode": "catmullrom"
						}
					}
				},
				"jaw": {
					"rotation": {
						"0.0": {
							"post": [17.5, 0, 0],
							"lerp_mode": "catmullrom"
						},
						"1.0": {
							"post": [22.5, 0, 0],
							"lerp_mode": "catmullrom"
						},
						"2.0": {
							"post": [30, 0, 0],
							"lerp_mode": "catmullrom"
						},
						"2.9167": {
							"post": [10, 0, 0],
							"lerp_mode": "catmullrom"
						},
						"3.9167": {
							"post": [17.5, 0, 0],
							"lerp_mode": "catmullrom"
						},
						"4.9167": {
							"post": [22.5, 0, 0],
							"lerp_mode": "catmullrom"
						},
						"5.9167": {
							"post": [30, 0, 0],
							"lerp_mode": "catmullrom"
						},
						"6.8333": {
							"post": [10, 0, 0],
							"lerp_mode": "catmullrom"
						},
						"7.8333": {
							"post": [17.5, 0, 0],
							"lerp_mode": "catmullrom"
						}
					}
				},
				"rightarm": {
					"rotation": [1.30124, -5.01264, 20.46774]
				},
				"rightarmpeice": {
					"rotation": [-40, 0, 0]
				},
				"rightfinger1": {
					"rotation": [-11.26765, 7.52076, 18.58597]
				},
				"rightfingerpeice1": {
					"rotation": [0, 0, -47.5]
				},
				"rightfinger2": {
					"rotation": [12.0623, -4.2453, 11.76782]
				},
				"rightfingerpeice2": {
					"rotation": [0, 0, -40]
				},
				"rightfinger3": {
					"rotation": [0, 0, 12.5]
				},
				"rightfingerpeice3": {
					"rotation": [0, 0, -42.5]
				},
				"rightfinger4": {
					"rotation": [-23.4964, -6.80509, -7.49825]
				},
				"rightfingerpeice4": {
					"rotation": [20, 0, 0]
				},
				"leftarm": {
					"rotation": [1.30124, 5.0126, -20.4677]
				},
				"leftarmpeice": {
					"rotation": [-40, 0, 0]
				},
				"leftfinger1": {
					"rotation": [-6.50371, -5.90316, -19.14314]
				},
				"leftfingerpeice1": {
					"rotation": [0, 0, 47.5]
				},
				"leftfinger2": {
					"rotation": [9.23634, 5.188, -16.73634]
				},
				"leftfingerpeice2": {
					"rotation": [0, 0, 47.5]
				},
				"leftfinger3": {
					"rotation": [0, 0, -17.5]
				},
				"leftfingerpeice3": {
					"rotation": [0, 0, 37.5]
				},
				"leftfinger4": {
					"rotation": [-24.6696, 13.4648, 11.5548]
				},
				"leftfingerpeice4": {
					"rotation": [27.5, 0, 0]
				},
				"tail": {
					"rotation": [-32.5, 0, 0]
				},
				"tailpeice1": {
					"rotation": [17.5, 0, 0]
				},
				"tailpeice2": {
					"rotation": [12.5, 0, 0]
				},
				"tailpeice3": {
					"rotation": [-7.5, 0, 0]
				},
				"tailpeice4": {
					"rotation": [-15, 0, 0]
				},
				"rightleg": {
					"rotation": [-19.09323, 23.82672, 2.30481]
				},
				"rightlegpeice": {
					"rotation": [30, 0, 0]
				},
				"rightfoot": {
					"rotation": [-9.94529, -0.54326, -2.43991]
				},
				"leftleg": {
					"rotation": [-19.09323, -23.8267, -2.3048]
				},
				"leftlegpeice": {
					"rotation": [30, 0, 0]
				},
				"leftfoot": {
					"rotation": [-9.94529, 0.5433, 2.4399]
				}
			}
		},
		"animation.ftl_sc_monty.landing": {
			"animation_length": 1.66667,
			"bones": {
				"topeyelids": {
					"rotation": [-40, 0, 0]
				},
				"botumeyelids": {
					"rotation": [65, 0, 0],
					"position": [0, 0.6, 0]
				},
				"righthand": {
					"rotation": {
						"0.0": {
							"post": [-8.81845, 9.91358, -7.61435],
							"lerp_mode": "catmullrom"
						},
						"0.2083": {
							"post": [-8.81845, 9.91358, -7.61435],
							"lerp_mode": "catmullrom"
						},
						"0.5833": {
							"post": [-8.69409, 2.50074, -6.46668],
							"lerp_mode": "catmullrom"
						}
					},
					"scale": {
						"0.0": {
							"post": [0.9, 0.9, 0.9],
							"lerp_mode": "catmullrom"
						},
						"0.2083": {
							"post": [0.9, 0.9, 0.9],
							"lerp_mode": "catmullrom"
						}
					}
				},
				"lefthand": {
					"rotation": {
						"0.0": {
							"post": [0, 17.5, 5],
							"lerp_mode": "catmullrom"
						},
						"0.2083": {
							"post": [0, 17.5, 5],
							"lerp_mode": "catmullrom"
						},
						"0.5833": {
							"post": [-0.75225, 2.48415, 2.58296],
							"lerp_mode": "catmullrom"
						}
					},
					"scale": {
						"0.0": {
							"post": [0.9, 0.9, 0.9],
							"lerp_mode": "catmullrom"
						},
						"0.2083": {
							"post": [0.9, 0.9, 0.9],
							"lerp_mode": "catmullrom"
						}
					}
				},
				"waist": {
					"position": {
						"0.0": {
							"post": [0, -13, 0],
							"lerp_mode": "catmullrom"
						},
						"0.5833": {
							"post": [0, -13, 0],
							"lerp_mode": "catmullrom"
						},
						"0.7083": {
							"post": [0, -8, 0],
							"lerp_mode": "catmullrom"
						},
						"0.8333": {
							"post": [0, -5, 0],
							"lerp_mode": "catmullrom"
						},
						"0.9583": {
							"post": [0, -2, 0],
							"lerp_mode": "catmullrom"
						},
						"1.0833": {
							"post": [0, -1, 0],
							"lerp_mode": "catmullrom"
						},
						"1.3333": {
							"post": [0, -1, 0],
							"lerp_mode": "catmullrom"
						}
					}
				},
				"waistbody": {
					"rotation": {
						"0.0": {
							"post": [24.01552, -7.43547, 7.56397],
							"lerp_mode": "catmullrom"
						},
						"0.2083": {
							"post": [24.01552, -7.43547, 7.56397],
							"lerp_mode": "catmullrom"
						},
						"0.5833": {
							"post": [11.51552, -7.43547, 7.56397],
							"lerp_mode": "catmullrom"
						},
						"1.0833": {
							"post": [5, 0, 0],
							"lerp_mode": "catmullrom"
						},
						"1.3333": {
							"post": [5, 0, 0],
							"lerp_mode": "catmullrom"
						}
					}
				},
				"body": {
					"rotation": {
						"0.0": {
							"post": [48.8906, 2.63996, -8.9852],
							"lerp_mode": "catmullrom"
						},
						"0.2083": {
							"post": [48.8906, 2.63996, -8.9852],
							"lerp_mode": "catmullrom"
						},
						"0.5833": {
							"post": [16.46373, 4.87879, -7.87022],
							"lerp_mode": "catmullrom"
						},
						"1.0833": {
							"post": [5, 0, 0],
							"lerp_mode": "catmullrom"
						},
						"1.3333": {
							"post": [5, 0, 0],
							"lerp_mode": "catmullrom"
						}
					}
				},
				"topbody": {
					"rotation": {
						"0.0": {
							"post": [13.96636, 18.25646, 6.54341],
							"lerp_mode": "catmullrom"
						},
						"0.2083": {
							"post": [13.96636, 18.25646, 6.54341],
							"lerp_mode": "catmullrom"
						},
						"0.5833": {
							"post": [10.75334, 1.24023, 2.38047],
							"lerp_mode": "catmullrom"
						},
						"1.0833": {
							"post": [10, 0, 0],
							"lerp_mode": "catmullrom"
						},
						"1.3333": {
							"post": [10, 0, 0],
							"lerp_mode": "catmullrom"
						}
					}
				},
				"neck": {
					"rotation": {
						"0.0": {
							"post": [5, 0, 0],
							"lerp_mode": "catmullrom"
						},
						"0.2083": {
							"post": [5, 0, 0],
							"lerp_mode": "catmullrom"
						},
						"0.5833": {
							"post": [-12.5, 0, 0],
							"lerp_mode": "catmullrom"
						},
						"1.0833": {
							"post": [2.5, 0, 0],
							"lerp_mode": "catmullrom"
						},
						"1.3333": {
							"post": [2.5, 0, 0],
							"lerp_mode": "catmullrom"
						}
					}
				},
				"head": {
					"rotation": {
						"0.0": {
							"post": [-41.7633, -15.18892, 13.16783],
							"lerp_mode": "catmullrom"
						},
						"0.2083": {
							"post": [-41.7633, -15.18892, 13.16783],
							"lerp_mode": "catmullrom"
						},
						"0.5833": {
							"post": [-22.43619, 2.71083, -6.52838],
							"lerp_mode": "catmullrom"
						},
						"1.0833": {
							"post": [-22.5, 0, 0],
							"lerp_mode": "catmullrom"
						},
						"1.3333": {
							"post": [-22.5, 0, 0],
							"lerp_mode": "catmullrom"
						}
					}
				},
				"jaw": {
					"rotation": {
						"0.0": {
							"post": [27.5, 0, 0],
							"lerp_mode": "catmullrom"
						},
						"0.2083": {
							"post": [27.5, 0, 0],
							"lerp_mode": "catmullrom"
						},
						"0.5833": {
							"post": [10, 0, 0],
							"lerp_mode": "catmullrom"
						},
						"1.0833": {
							"post": [17.5, 0, 0],
							"lerp_mode": "catmullrom"
						},
						"1.3333": {
							"post": [17.5, 0, 0],
							"lerp_mode": "catmullrom"
						}
					}
				},
				"rightarm": {
					"rotation": {
						"0.0": {
							"post": [20, 0, 12.5],
							"lerp_mode": "catmullrom"
						},
						"0.2083": {
							"post": [20, 0, 12.5],
							"lerp_mode": "catmullrom"
						},
						"0.5833": {
							"post": [12.0623, -4.2453, 24.26782],
							"lerp_mode": "catmullrom"
						},
						"1.0833": {
							"post": [-2.25551, -2.85491, 11.92499],
							"lerp_mode": "catmullrom"
						},
						"1.3333": {
							"post": [-2.25551, -2.85491, 11.92499],
							"lerp_mode": "catmullrom"
						}
					}
				},
				"rightarmpeice": {
					"rotation": {
						"0.0": {
							"post": [-72.5, 0, 0],
							"lerp_mode": "catmullrom"
						},
						"0.2083": {
							"post": [-72.5, 0, 0],
							"lerp_mode": "catmullrom"
						},
						"0.5833": {
							"post": [-62.5, 0, 0],
							"lerp_mode": "catmullrom"
						},
						"1.0833": {
							"post": [-17.5, 0, 0],
							"lerp_mode": "catmullrom"
						},
						"1.3333": {
							"post": [-17.5, 0, 0],
							"lerp_mode": "catmullrom"
						}
					}
				},
				"rightfinger1": {
					"rotation": [2.5, -10, -90]
				},
				"rightfingerpeice1": {
					"rotation": [0, 0, -80]
				},
				"rightfinger2": {
					"rotation": [-3.1574, 7.4713, -95.04292]
				},
				"rightfingerpeice2": {
					"rotation": [0, 0, -72.5]
				},
				"rightfinger3": {
					"rotation": [0, 0, -87.5]
				},
				"rightfingerpeice3": {
					"rotation": [0, 0, -75]
				},
				"rightfinger4": {
					"rotation": [-3.1534, -17.29366, -63.04264]
				},
				"rightfingerpeice4": {
					"rotation": [67.5, 0, 0]
				},
				"leftarm": {
					"rotation": {
						"0.0": {
							"post": [-68.44798, -23.77355, -4.39514],
							"lerp_mode": "catmullrom"
						},
						"0.2083": {
							"post": [-68.44798, -23.77355, -4.39514],
							"lerp_mode": "catmullrom"
						},
						"0.5833": {
							"post": [12.48588, -8.15606, -25.55898],
							"lerp_mode": "catmullrom"
						},
						"1.0833": {
							"post": [-0.02381, -11.09441, -10.63659],
							"lerp_mode": "catmullrom"
						},
						"1.3333": {
							"post": [-0.02381, -11.09441, -10.63659],
							"lerp_mode": "catmullrom"
						}
					}
				},
				"leftarmpeice": {
					"rotation": {
						"0.0": {
							"post": [-22.5, 0, 0],
							"lerp_mode": "catmullrom"
						},
						"0.2083": {
							"post": [-22.5, 0, 0],
							"lerp_mode": "catmullrom"
						},
						"0.5833": {
							"post": [-72.5, 0, 0],
							"lerp_mode": "catmullrom"
						},
						"1.0833": {
							"post": [-22.5, 0, 0],
							"lerp_mode": "catmullrom"
						},
						"1.3333": {
							"post": [-22.5, 0, 0],
							"lerp_mode": "catmullrom"
						}
					}
				},
				"leftfinger1": {
					"rotation": [5.88045, 9.96156, 95.07673]
				},
				"leftfingerpeice1": {
					"rotation": [0, 0, 62.5]
				},
				"leftfinger2": {
					"rotation": [-2.82902, -7.49282, 92.52154]
				},
				"leftfingerpeice2": {
					"rotation": [0, 0, 75]
				},
				"leftfinger3": {
					"rotation": [0, 0, 92.5]
				},
				"leftfingerpeice3": {
					"rotation": [0, 0, 72.5]
				},
				"leftfinger4": {
					"rotation": [-5.24391, 12.88393, 58.91192]
				},
				"leftfingerpeice4": {
					"rotation": {
						"0.0": {
							"post": [70, 0, 0],
							"lerp_mode": "catmullrom"
						},
						"0.2083": {
							"post": [70, 0, 0],
							"lerp_mode": "catmullrom"
						}
					}
				},
				"tail": {
					"rotation": {
						"0.0": {
							"post": [-55, 0, 0],
							"lerp_mode": "catmullrom"
						},
						"0.2083": {
							"post": [-55, 0, 0],
							"lerp_mode": "catmullrom"
						},
						"0.5833": {
							"post": [-45.24614, 5.29571, -5.31847],
							"lerp_mode": "catmullrom"
						},
						"1.0833": {
							"post": [-52.5, 0, 0],
							"lerp_mode": "catmullrom"
						},
						"1.3333": {
							"post": [-52.5, 0, 0],
							"lerp_mode": "catmullrom"
						}
					}
				},
				"tailpeice1": {
					"rotation": {
						"0.0": {
							"post": [-25.18908, 6.79382, -3.18458],
							"lerp_mode": "catmullrom"
						},
						"0.2083": {
							"post": [-25.18908, 6.79382, -3.18458],
							"lerp_mode": "catmullrom"
						},
						"0.5833": {
							"post": [-12.5, 0, 0],
							"lerp_mode": "catmullrom"
						}
					}
				},
				"tailpeice2": {
					"rotation": {
						"0.0": {
							"post": [-7.89807, 11.91276, -3.81397],
							"lerp_mode": "catmullrom"
						},
						"0.2083": {
							"post": [-7.89807, 11.91276, -3.81397],
							"lerp_mode": "catmullrom"
						},
						"0.5833": {
							"post": [-20, 0, 0],
							"lerp_mode": "catmullrom"
						}
					}
				},
				"tailpeice3": {
					"rotation": {
						"0.0": {
							"post": [38.18528, -9.18229, -8.51814],
							"lerp_mode": "catmullrom"
						},
						"0.2083": {
							"post": [38.18528, -9.18229, -8.51814],
							"lerp_mode": "catmullrom"
						},
						"0.5833": {
							"post": [37.5, 0, 0],
							"lerp_mode": "catmullrom"
						}
					}
				},
				"tailpeice4": {
					"rotation": {
						"0.0": {
							"post": [37.5, 0, 0],
							"lerp_mode": "catmullrom"
						},
						"0.2083": {
							"post": [37.5, 0, 0],
							"lerp_mode": "catmullrom"
						},
						"0.5833": {
							"post": [30, 0, 0],
							"lerp_mode": "catmullrom"
						}
					}
				},
				"rightleg": {
					"rotation": {
						"0.0": {
							"post": [-68.78326, 8.61103, -1.15518],
							"lerp_mode": "catmullrom"
						},
						"0.2083": {
							"post": [-68.78326, 8.61103, -1.15518],
							"lerp_mode": "catmullrom"
						},
						"0.5833": {
							"post": [-68.78326, 8.61103, -1.15518],
							"lerp_mode": "catmullrom"
						},
						"1.0833": {
							"post": [-10.89509, 16.4502, -0.12387],
							"lerp_mode": "catmullrom"
						},
						"1.3333": {
							"post": [-10.89509, 16.4502, -0.12387],
							"lerp_mode": "catmullrom"
						}
					}
				},
				"rightlegpeice": {
					"rotation": {
						"0.0": {
							"post": [71.31653, -6.28671, 2.60443],
							"lerp_mode": "catmullrom"
						},
						"0.2083": {
							"post": [71.31653, -6.28671, 2.60443],
							"lerp_mode": "catmullrom"
						},
						"0.5833": {
							"post": [71.31653, -6.28671, 2.60443],
							"lerp_mode": "catmullrom"
						},
						"1.0833": {
							"post": [13.78974, -6.52828, 2.89515],
							"lerp_mode": "catmullrom"
						},
						"1.3333": {
							"post": [13.78974, -6.52828, 2.89515],
							"lerp_mode": "catmullrom"
						}
					}
				},
				"rightfoot": {
					"rotation": {
						"0.0": {
							"post": [-2.54256, 0.65182, -7.47178],
							"lerp_mode": "catmullrom"
						},
						"0.2083": {
							"post": [-2.54256, 0.65182, -7.47178],
							"lerp_mode": "catmullrom"
						},
						"0.5833": {
							"post": [-2.54256, 0.65182, -7.47178],
							"lerp_mode": "catmullrom"
						},
						"1.0833": {
							"post": [-2.51174, 0.76207, -4.97402],
							"lerp_mode": "catmullrom"
						},
						"1.3333": {
							"post": [-2.51174, 0.76207, -4.97402],
							"lerp_mode": "catmullrom"
						}
					}
				},
				"leftleg": {
					"rotation": {
						"0.0": {
							"post": [-31.61955, -9.96156, -5.07673],
							"lerp_mode": "catmullrom"
						},
						"0.2083": {
							"post": [-31.61955, -9.96156, -5.07673],
							"lerp_mode": "catmullrom"
						},
						"0.5833": {
							"post": [-31.61955, -9.96156, -5.07673],
							"lerp_mode": "catmullrom"
						},
						"1.0833": {
							"post": [-9.11955, -9.96156, -5.07673],
							"lerp_mode": "catmullrom"
						},
						"1.3333": {
							"post": [-9.11955, -9.96156, -5.07673],
							"lerp_mode": "catmullrom"
						}
					}
				},
				"leftlegpeice": {
					"rotation": {
						"0.0": {
							"post": [90, 0, 0],
							"lerp_mode": "catmullrom"
						},
						"0.2083": {
							"post": [90, 0, 0],
							"lerp_mode": "catmullrom"
						},
						"0.5833": {
							"post": [90, 0, 0],
							"lerp_mode": "catmullrom"
						},
						"1.0833": {
							"post": [17.5, 0, 0],
							"lerp_mode": "catmullrom"
						},
						"1.3333": {
							"post": [17.5, 0, 0],
							"lerp_mode": "catmullrom"
						}
					}
				},
				"leftfoot": {
					"rotation": {
						"0.0": {
							"post": [-57.39743, 2.86544, 4.09918],
							"lerp_mode": "catmullrom"
						},
						"0.2083": {
							"post": [-57.39743, 2.86544, 4.09918],
							"lerp_mode": "catmullrom"
						},
						"0.5833": {
							"post": [-57.39743, 2.86544, 4.09918],
							"lerp_mode": "catmullrom"
						},
						"1.0833": {
							"post": [-4.89743, 2.86544, 4.09918],
							"lerp_mode": "catmullrom"
						},
						"1.3333": {
							"post": [-4.89743, 2.86544, 4.09918],
							"lerp_mode": "catmullrom"
						}
					}
				}
			}
		}
	}
}
\\"": \\\\""?\\\"": \\\\""?\\\"": \\\\""?\\\"": \\\\""?\\\"": \\\\""?\\\"": \\\\""?\\\"": \\\\""?\\\"": \\\\""?\\\"": \\\\""?\\\"": \\\\""?\\\"": \\\\""?\\\"": \\\\""?\\\"": \\\\""?\\\"": \\\\""?\\\"": \\\\""?\\\"": \\\\""?\\\"": \\\\""?\\\"": \\\\""?\\\"": \\\\""?\\\"": \\\\""?\\\"": \\\\""?\\\"": \\\\""?\\\"": \\\\""?\\\"": \\\\""?\\\"": \\\\""?\\\"": \\\\""?\\\"": \\\\""?\\\"": \\\\""?\\\"": \\\\""?\\\"": \\\\""?\\\"": \\\\""?\\\"": \\\\""?\\\"": \\\\""?\\\"": \\\\""?\\\"": \\\\""?\\\"": \\\\""?\\\"": \\\\""?\\\"": \\\\""?\\\"": \\\\""?\\\"": \\\\""?\\\"": \\\\""?\\\"": \\\\""?\\\"": \\\\""?\\\"": \\\\""?\\\"": \\\\""?\\\"": \\\\""?\\\"": \\\\""?\\\"": \\\\""?\\\"": \\\\""?\\\"": \\\\""?\\\"": \\\\""?\]}}}}}