{
	"format_version": "1.8.0",
	"animations": {
		"animation.ftl_sc_sun_player.new": {
			"loop": true,
			"bones": {
				"rightmoonhand": {
					"scale": 0.9
				},
				"leftmoonhand": {
					"scale": 0.9
				},
				"moonhead": {
					"scale": 1.2
				}
			}
		},
		"animation.ftl_sc_sun_player.spawning": {
			"animation_length": 2.25,
			"bones": {
				"rightmoonhand": {
					"rotation": {
						"0.0": {
							"post": [-34.45939, -2.43293, -12.51302],
							"lerp_mode": "catmullrom"
						},
						"0.5": {
							"post": [-34.45939, -2.43293, -12.51302],
							"lerp_mode": "catmullrom"
						},
						"0.7083": {
							"post": [-0.36597, -8.5622, -52.40208],
							"lerp_mode": "catmullrom"
						},
						"0.9583": {
							"post": [-24.39575, 6.02347, 15.67967],
							"lerp_mode": "catmullrom"
						},
						"1.2917": {
							"post": [-24.25496, -0.81235, 18.77042],
							"lerp_mode": "catmullrom"
						},
						"1.5417": {
							"post": [-24.25496, -0.81235, 18.77042],
							"lerp_mode": "catmullrom"
						}
					},
					"scale": {
						"0.0": {
							"post": [0.9, 0.9, 0.9],
							"lerp_mode": "catmullrom"
						},
						"0.5": {
							"post": [0.9, 0.9, 0.9],
							"lerp_mode": "catmullrom"
						}
					}
				},
				"leftmoonhand": {
					"rotation": {
						"0.0": {
							"post": [-34.45939, 2.4329, 12.513],
							"lerp_mode": "catmullrom"
						},
						"0.5": {
							"post": [-34.45939, 2.4329, 12.513],
							"lerp_mode": "catmullrom"
						},
						"0.7083": {
							"post": [42.40829, -10.40482, 40.16946],
							"lerp_mode": "catmullrom"
						},
						"0.9583": {
							"post": [-24.39575, -6.0235, -15.6797],
							"lerp_mode": "catmullrom"
						},
						"1.2917": {
							"post": [-24.25496, 0.81232, -18.77045],
							"lerp_mode": "catmullrom"
						},
						"1.5417": {
							"post": [-24.25496, 0.81232, -18.77045],
							"lerp_mode": "catmullrom"
						}
					},
					"scale": {
						"0.0": {
							"post": [0.9, 0.9, 0.9],
							"lerp_mode": "catmullrom"
						},
						"0.5": {
							"post": [0.9, 0.9, 0.9],
							"lerp_mode": "catmullrom"
						}
					}
				},
				"moonhead": {
					"rotation": {
						"0.0": {
							"post": [7.5, 0, 0],
							"lerp_mode": "catmullrom"
						},
						"0.5": {
							"post": [7.5, 0, 0],
							"lerp_mode": "catmullrom"
						},
						"0.7083": {
							"post": [35, 0, 0],
							"lerp_mode": "catmullrom"
						},
						"0.8333": {
							"post": [-18.85106, -4.35343, -3.13985],
							"lerp_mode": "catmullrom"
						},
						"0.9583": {
							"post": [2.29787, -8.70686, -6.27969],
							"lerp_mode": "catmullrom"
						},
						"1.2917": {
							"post": [2.27634, 3.78326, -5.78138],
							"lerp_mode": "catmullrom"
						},
						"1.5417": {
							"post": [2.27634, 3.78326, -5.78138],
							"lerp_mode": "catmullrom"
						}
					},
					"scale": {
						"0.0": {
							"post": [1.2, 1.2, 1.2],
							"lerp_mode": "catmullrom"
						},
						"0.5": {
							"post": [1.2, 1.2, 1.2],
							"lerp_mode": "catmullrom"
						}
					}
				},
				"moonwaist": {
					"rotation": {
						"0.0": {
							"post": [0, 0, 0],
							"lerp_mode": "catmullrom"
						},
						"0.5": {
							"post": [0, -740, 0],
							"lerp_mode": "catmullrom"
						},
						"0.7917": {
							"post": [0, -771.13449, 0],
							"lerp_mode": "catmullrom"
						},
						"0.9583": {
							"post": [1.81693, -739.92066, -5.3191],
							"lerp_mode": "catmullrom"
						},
						"1.2917": {
							"post": [0, -736.13449, 0],
							"lerp_mode": "catmullrom"
						},
						"1.5417": {
							"post": [0, -736.13449, 0],
							"lerp_mode": "catmullrom"
						}
					},
					"position": {
						"0.0": {
							"post": [0, 0, 0],
							"lerp_mode": "catmullrom"
						},
						"0.5": {
							"post": [0, 0, 0],
							"lerp_mode": "catmullrom"
						},
						"0.7083": {
							"post": [0, -11, 0],
							"lerp_mode": "catmullrom"
						},
						"0.7917": {
							"post": [0, -6.85, 0],
							"lerp_mode": "catmullrom"
						},
						"0.875": {
							"post": [0, 2.42, 0],
							"lerp_mode": "catmullrom"
						},
						"0.9583": {
							"post": [0, -1, 0],
							"lerp_mode": "catmullrom"
						},
						"1.2917": {
							"post": [0, -1, 0],
							"lerp_mode": "catmullrom"
						},
						"1.5417": {
							"post": [0, -1, 0],
							"lerp_mode": "catmullrom"
						}
					}
				},
				"moonbody": {
					"rotation": {
						"0.0": {
							"post": [-2.5, 0, 0],
							"lerp_mode": "catmullrom"
						},
						"0.5": {
							"post": [-2.5, 0, 0],
							"lerp_mode": "catmullrom"
						},
						"0.7083": {
							"post": [42.5, 0, 0],
							"lerp_mode": "catmullrom"
						},
						"0.9583": {
							"post": [-3.55015, 4.90185, -5.69804],
							"lerp_mode": "catmullrom"
						},
						"1.2917": {
							"post": [-3.76066, 4.74243, -8.20182],
							"lerp_mode": "catmullrom"
						},
						"1.5417": {
							"post": [-3.76066, 4.74243, -8.20182],
							"lerp_mode": "catmullrom"
						}
					}
				},
				"topmoonbody": {
					"rotation": {
						"0.0": {
							"post": [5, 0, 0],
							"lerp_mode": "catmullrom"
						},
						"0.5": {
							"post": [5, 0, 0],
							"lerp_mode": "catmullrom"
						},
						"0.9583": {
							"post": [2.73562, 3.12174, 4.6379],
							"lerp_mode": "catmullrom"
						},
						"1.2917": {
							"post": [2.45312, 3.34821, -0.36495],
							"lerp_mode": "catmullrom"
						},
						"1.5417": {
							"post": [2.45312, 3.34821, -0.36495],
							"lerp_mode": "catmullrom"
						}
					}
				},
				"rightmoonarm": {
					"rotation": {
						"0.0": {
							"post": [62.75403, -20.89776, -89.63496],
							"lerp_mode": "catmullrom"
						},
						"0.5": {
							"post": [62.75403, -20.89776, -89.63496],
							"lerp_mode": "catmullrom"
						},
						"0.7083": {
							"post": [14.04123, -41.36993, -65.743],
							"lerp_mode": "catmullrom"
						},
						"0.9583": {
							"post": [-94.34537, -8.19635, 30.91701],
							"lerp_mode": "catmullrom"
						},
						"1.2917": {
							"post": [-93.23274, -8.6927, 23.35129],
							"lerp_mode": "catmullrom"
						},
						"1.5417": {
							"post": [-93.23274, -8.6927, 23.35129],
							"lerp_mode": "catmullrom"
						}
					}
				},
				"rightmoonarmpeice": {
					"rotation": {
						"0.0": {
							"post": [0, -140, 0],
							"lerp_mode": "catmullrom"
						},
						"0.5": {
							"post": [0, -140, 0],
							"lerp_mode": "catmullrom"
						},
						"0.7083": {
							"post": [0, -120, 0],
							"lerp_mode": "catmullrom"
						},
						"0.9583": {
							"post": [0, -5, 0],
							"lerp_mode": "catmullrom"
						},
						"1.2917": {
							"post": [0, -12.5, 0],
							"lerp_mode": "catmullrom"
						},
						"1.5417": {
							"post": [0, -12.5, 0],
							"lerp_mode": "catmullrom"
						}
					}
				},
				"rightfinger1": {
					"rotation": {
						"0.0": {
							"post": [3.76613, 1.00947, -30.21362],
							"lerp_mode": "catmullrom"
						},
						"0.5": {
							"post": [3.76613, 1.00947, -30.21362],
							"lerp_mode": "catmullrom"
						},
						"0.8333": {
							"post": [3.76613, 1.00947, -30.21362],
							"lerp_mode": "catmullrom"
						},
						"1.125": {
							"post": [-2.57816, 0.45467, 20.15874],
							"lerp_mode": "catmullrom"
						},
						"1.2917": {
							"post": [-3.47875, 0.85149, 27.70212],
							"lerp_mode": "catmullrom"
						},
						"1.5417": {
							"post": [-3.47875, 0.85149, 27.70212],
							"lerp_mode": "catmullrom"
						}
					}
				},
				"rightfingerpeice1": {
					"rotation": {
						"0.0": {
							"post": [0, 0, -55],
							"lerp_mode": "catmullrom"
						},
						"0.5": {
							"post": [0, 0, -55],
							"lerp_mode": "catmullrom"
						},
						"0.8333": {
							"post": [0, 0, -55],
							"lerp_mode": "catmullrom"
						},
						"1.125": {
							"post": [0, 0, 35],
							"lerp_mode": "catmullrom"
						},
						"1.2917": {
							"post": [0, 0, 37.5],
							"lerp_mode": "catmullrom"
						},
						"1.5417": {
							"post": [0, 0, 37.5],
							"lerp_mode": "catmullrom"
						}
					}
				},
				"rightfingertip1": {
					"rotation": {
						"0.0": {
							"post": [0, 0, -52.5],
							"lerp_mode": "catmullrom"
						},
						"0.5": {
							"post": [0, 0, -52.5],
							"lerp_mode": "catmullrom"
						},
						"0.8333": {
							"post": [0, 0, -52.5],
							"lerp_mode": "catmullrom"
						},
						"1.125": {
							"post": [0, 0, 27.5],
							"lerp_mode": "catmullrom"
						},
						"1.2917": {
							"post": [0, 0, 35],
							"lerp_mode": "catmullrom"
						},
						"1.5417": {
							"post": [0, 0, 35],
							"lerp_mode": "catmullrom"
						}
					}
				},
				"rightfinger2": {
					"rotation": {
						"0.0": {
							"post": [-7.32417, -5.88112, -77.60362],
							"lerp_mode": "catmullrom"
						},
						"0.5": {
							"post": [-7.32417, -5.88112, -77.60362],
							"lerp_mode": "catmullrom"
						},
						"0.8333": {
							"post": [-7.32417, -5.88112, -77.60362],
							"lerp_mode": "catmullrom"
						},
						"1.125": {
							"post": [1.30962, -0.11458, 10.08453],
							"lerp_mode": "catmullrom"
						},
						"1.2917": {
							"post": [2.26708, -0.34898, 17.64168],
							"lerp_mode": "catmullrom"
						},
						"1.5417": {
							"post": [2.26708, -0.34898, 17.64168],
							"lerp_mode": "catmullrom"
						}
					}
				},
				"rightfingerpeice2": {
					"rotation": {
						"0.0": {
							"post": [0, 0, -57.5],
							"lerp_mode": "catmullrom"
						},
						"0.5": {
							"post": [0, 0, -57.5],
							"lerp_mode": "catmullrom"
						},
						"0.8333": {
							"post": [0, 0, -57.5],
							"lerp_mode": "catmullrom"
						},
						"1.125": {
							"post": [0, 0, 30],
							"lerp_mode": "catmullrom"
						},
						"1.2917": {
							"post": [0, 0, 35],
							"lerp_mode": "catmullrom"
						},
						"1.5417": {
							"post": [0, 0, 35],
							"lerp_mode": "catmullrom"
						}
					}
				},
				"rightfingertip2": {
					"rotation": {
						"0.0": {
							"post": [0, 0, -77.5],
							"lerp_mode": "catmullrom"
						},
						"0.5": {
							"post": [0, 0, -77.5],
							"lerp_mode": "catmullrom"
						},
						"0.8333": {
							"post": [0, 0, -77.5],
							"lerp_mode": "catmullrom"
						},
						"1.125": {
							"post": [0, 0, 25],
							"lerp_mode": "catmullrom"
						},
						"1.2917": {
							"post": [0, 0, 35],
							"lerp_mode": "catmullrom"
						},
						"1.5417": {
							"post": [0, 0, 35],
							"lerp_mode": "catmullrom"
						}
					}
				},
				"rightfinger3": {
					"rotation": {
						"0.0": {
							"post": [-2.10886, -1.15705, -57.52472],
							"lerp_mode": "catmullrom"
						},
						"0.5": {
							"post": [-2.10886, -1.15705, -57.52472],
							"lerp_mode": "catmullrom"
						},
						"0.8333": {
							"post": [-2.10886, -1.15705, -57.52472],
							"lerp_mode": "catmullrom"
						},
						"1.125": {
							"post": [0.43439, -0.038, 10.00933],
							"lerp_mode": "catmullrom"
						},
						"1.2917": {
							"post": [0.7522, -0.11578, 17.51565],
							"lerp_mode": "catmullrom"
						},
						"1.5417": {
							"post": [0.7522, -0.11578, 17.51565],
							"lerp_mode": "catmullrom"
						}
					}
				},
				"rightfingerpeice3": {
					"rotation": {
						"0.0": {
							"post": [0, 0, -55],
							"lerp_mode": "catmullrom"
						},
						"0.5": {
							"post": [0, 0, -55],
							"lerp_mode": "catmullrom"
						},
						"0.8333": {
							"post": [0, 0, -55],
							"lerp_mode": "catmullrom"
						},
						"1.125": {
							"post": [0, 0, 32.5],
							"lerp_mode": "catmullrom"
						},
						"1.2917": {
							"post": [0, 0, 40],
							"lerp_mode": "catmullrom"
						},
						"1.5417": {
							"post": [0, 0, 40],
							"lerp_mode": "catmullrom"
						}
					}
				},
				"rightfingertip3": {
					"rotation": {
						"0.0": {
							"post": [0, 0, -35],
							"lerp_mode": "catmullrom"
						},
						"0.5": {
							"post": [0, 0, -35],
							"lerp_mode": "catmullrom"
						},
						"0.8333": {
							"post": [0, 0, -35],
							"lerp_mode": "catmullrom"
						},
						"1.125": {
							"post": [0, 0, 27.5],
							"lerp_mode": "catmullrom"
						},
						"1.2917": {
							"post": [0, 0, 32.5],
							"lerp_mode": "catmullrom"
						},
						"1.5417": {
							"post": [0, 0, 32.5],
							"lerp_mode": "catmullrom"
						}
					}
				},
				"rightfinger4": {
					"rotation": {
						"0.0": {
							"post": [1.68956, 0.65707, -42.52718],
							"lerp_mode": "catmullrom"
						},
						"0.5": {
							"post": [1.68956, 0.65707, -42.52718],
							"lerp_mode": "catmullrom"
						},
						"0.8333": {
							"post": [1.68956, 0.65707, -42.52718],
							"lerp_mode": "catmullrom"
						},
						"1.125": {
							"post": [-0.54143, 0.0593, 12.51153],
							"lerp_mode": "catmullrom"
						},
						"1.2917": {
							"post": [-0.95723, 0.19041, 22.5193],
							"lerp_mode": "catmullrom"
						},
						"1.5417": {
							"post": [-0.95723, 0.19041, 22.5193],
							"lerp_mode": "catmullrom"
						}
					}
				},
				"rightfingerpeice4": {
					"rotation": {
						"0.0": {
							"post": [0, 0, -52.5],
							"lerp_mode": "catmullrom"
						},
						"0.5": {
							"post": [0, 0, -52.5],
							"lerp_mode": "catmullrom"
						},
						"0.8333": {
							"post": [0, 0, -52.5],
							"lerp_mode": "catmullrom"
						},
						"1.125": {
							"post": [0, 0, 35],
							"lerp_mode": "catmullrom"
						},
						"1.2917": {
							"post": [0, 0, 40],
							"lerp_mode": "catmullrom"
						},
						"1.5417": {
							"post": [0, 0, 40],
							"lerp_mode": "catmullrom"
						}
					}
				},
				"rightfingertip4": {
					"rotation": {
						"0.0": {
							"post": [0, 0, -45],
							"lerp_mode": "catmullrom"
						},
						"0.5": {
							"post": [0, 0, -45],
							"lerp_mode": "catmullrom"
						},
						"0.8333": {
							"post": [0, 0, -45],
							"lerp_mode": "catmullrom"
						},
						"1.125": {
							"post": [0, 0, 30],
							"lerp_mode": "catmullrom"
						},
						"1.2917": {
							"post": [0, 0, 35],
							"lerp_mode": "catmullrom"
						},
						"1.5417": {
							"post": [0, 0, 35],
							"lerp_mode": "catmullrom"
						}
					}
				},
				"rightfinger5": {
					"rotation": {
						"0.0": {
							"post": [15.79009, -2.56443, -40.55265],
							"lerp_mode": "catmullrom"
						},
						"0.5": {
							"post": [15.79009, -2.56443, -40.55265],
							"lerp_mode": "catmullrom"
						},
						"0.8333": {
							"post": [15.79009, -2.56443, -40.55265],
							"lerp_mode": "catmullrom"
						},
						"1.125": {
							"post": [-119.39264, -15.57717, 51.34881],
							"lerp_mode": "catmullrom"
						},
						"1.2917": {
							"post": [-121.58695, -14.80309, 54.58381],
							"lerp_mode": "catmullrom"
						},
						"1.5417": {
							"post": [-121.58695, -14.80309, 54.58381],
							"lerp_mode": "catmullrom"
						}
					}
				},
				"rightfingerpeice5": {
					"rotation": {
						"0.0": {
							"post": [0, 32.5, 0],
							"lerp_mode": "catmullrom"
						},
						"0.5": {
							"post": [0, 32.5, 0],
							"lerp_mode": "catmullrom"
						},
						"0.8333": {
							"post": [0, 32.5, 0],
							"lerp_mode": "catmullrom"
						},
						"1.125": {
							"post": [0, -25, 0],
							"lerp_mode": "catmullrom"
						},
						"1.2917": {
							"post": [0, -30, 0],
							"lerp_mode": "catmullrom"
						},
						"1.5417": {
							"post": [0, -30, 0],
							"lerp_mode": "catmullrom"
						}
					}
				},
				"rightfingertip5": {
					"rotation": {
						"0.0": {
							"post": [0, 27.5, 0],
							"lerp_mode": "catmullrom"
						},
						"0.5": {
							"post": [0, 27.5, 0],
							"lerp_mode": "catmullrom"
						},
						"0.8333": {
							"post": [0, 27.5, 0],
							"lerp_mode": "catmullrom"
						},
						"1.125": {
							"post": [0, -22.5, 0],
							"lerp_mode": "catmullrom"
						},
						"1.2917": {
							"post": [0, -30, 0],
							"lerp_mode": "catmullrom"
						},
						"1.5417": {
							"post": [0, -30, 0],
							"lerp_mode": "catmullrom"
						}
					}
				},
				"leftmoonarm": {
					"rotation": {
						"0.0": {
							"post": [55.86354, 40.34538, 76.34557],
							"lerp_mode": "catmullrom"
						},
						"0.5": {
							"post": [55.86354, 40.34538, 76.34557],
							"lerp_mode": "catmullrom"
						},
						"0.7083": {
							"post": [12.04517, 28.43439, 65.24304],
							"lerp_mode": "catmullrom"
						},
						"0.9583": {
							"post": [-94.34537, 8.1963, -30.917],
							"lerp_mode": "catmullrom"
						},
						"1.2917": {
							"post": [-92.06238, 9.03961, -15.76856],
							"lerp_mode": "catmullrom"
						},
						"1.5417": {
							"post": [-92.06238, 9.03961, -15.76856],
							"lerp_mode": "catmullrom"
						}
					}
				},
				"leftmoonarmpeice": {
					"rotation": {
						"0.0": {
							"post": [0, 140, 0],
							"lerp_mode": "catmullrom"
						},
						"0.5": {
							"post": [0, 150, 0],
							"lerp_mode": "catmullrom"
						},
						"0.7083": {
							"post": [0, 110, 0],
							"lerp_mode": "catmullrom"
						},
						"0.9583": {
							"post": [0, 5, 0],
							"lerp_mode": "catmullrom"
						},
						"1.2917": {
							"post": [0, 20, 0],
							"lerp_mode": "catmullrom"
						},
						"1.5417": {
							"post": [0, 20, 0],
							"lerp_mode": "catmullrom"
						}
					}
				},
				"leftfinger1": {
					"rotation": {
						"0.0": {
							"post": [5.31847, -2.20429, 45.24614],
							"lerp_mode": "catmullrom"
						},
						"0.5": {
							"post": [5.31847, -2.20429, 45.24614],
							"lerp_mode": "catmullrom"
						},
						"0.8333": {
							"post": [5.31847, -2.20429, 45.24614],
							"lerp_mode": "catmullrom"
						},
						"1.125": {
							"post": [-2.26708, -0.34898, -17.64168],
							"lerp_mode": "catmullrom"
						},
						"1.2917": {
							"post": [-3.18458, -0.70618, -25.18908],
							"lerp_mode": "catmullrom"
						},
						"1.5417": {
							"post": [-3.18458, -0.70618, -25.18908],
							"lerp_mode": "catmullrom"
						}
					}
				},
				"leftfingerpeice1": {
					"rotation": {
						"0.0": {
							"post": [0, 0, 52.5],
							"lerp_mode": "catmullrom"
						},
						"0.5": {
							"post": [0, 0, 52.5],
							"lerp_mode": "catmullrom"
						},
						"0.8333": {
							"post": [0, 0, 52.5],
							"lerp_mode": "catmullrom"
						},
						"1.125": {
							"post": [0, 0, -32.5],
							"lerp_mode": "catmullrom"
						},
						"1.2917": {
							"post": [0, 0, -37.5],
							"lerp_mode": "catmullrom"
						},
						"1.5417": {
							"post": [0, 0, -37.5],
							"lerp_mode": "catmullrom"
						}
					}
				},
				"leftfingertip1": {
					"rotation": {
						"0.0": {
							"post": [0, 0, 37.5],
							"lerp_mode": "catmullrom"
						},
						"0.5": {
							"post": [0, 0, 37.5],
							"lerp_mode": "catmullrom"
						},
						"0.8333": {
							"post": [0, 0, 37.5],
							"lerp_mode": "catmullrom"
						},
						"1.125": {
							"post": [0, 0, -25],
							"lerp_mode": "catmullrom"
						},
						"1.2917": {
							"post": [0, 0, -35],
							"lerp_mode": "catmullrom"
						},
						"1.5417": {
							"post": [0, 0, -35],
							"lerp_mode": "catmullrom"
						}
					}
				},
				"leftfinger2": {
					"rotation": {
						"0.0": {
							"post": [-7.15656, 5.25056, 72.64068],
							"lerp_mode": "catmullrom"
						},
						"0.5": {
							"post": [-7.15656, 5.25056, 72.64068],
							"lerp_mode": "catmullrom"
						},
						"0.8333": {
							"post": [-7.15656, 5.25056, 72.64068],
							"lerp_mode": "catmullrom"
						},
						"1.125": {
							"post": [0.6574, 0.0287, -5.04292],
							"lerp_mode": "catmullrom"
						},
						"1.2917": {
							"post": [1.30962, 0.11458, -10.08453],
							"lerp_mode": "catmullrom"
						},
						"1.5417": {
							"post": [1.30962, 0.11458, -10.08453],
							"lerp_mode": "catmullrom"
						}
					}
				},
				"leftfingerpeice2": {
					"rotation": {
						"0.0": {
							"post": [0, 0, 35],
							"lerp_mode": "catmullrom"
						},
						"0.5": {
							"post": [0, 0, 35],
							"lerp_mode": "catmullrom"
						},
						"0.8333": {
							"post": [0, 0, 35],
							"lerp_mode": "catmullrom"
						},
						"1.125": {
							"post": [0, 0, -32.5],
							"lerp_mode": "catmullrom"
						},
						"1.2917": {
							"post": [0, 0, -42.5],
							"lerp_mode": "catmullrom"
						},
						"1.5417": {
							"post": [0, 0, -42.5],
							"lerp_mode": "catmullrom"
						}
					}
				},
				"leftfingertip2": {
					"rotation": {
						"0.0": {
							"post": [0, 0, 42.5],
							"lerp_mode": "catmullrom"
						},
						"0.5": {
							"post": [0, 0, 42.5],
							"lerp_mode": "catmullrom"
						},
						"0.8333": {
							"post": [0, 0, 42.5],
							"lerp_mode": "catmullrom"
						},
						"1.125": {
							"post": [0, 0, -30],
							"lerp_mode": "catmullrom"
						},
						"1.2917": {
							"post": [0, 0, -40],
							"lerp_mode": "catmullrom"
						},
						"1.5417": {
							"post": [0, 0, -40],
							"lerp_mode": "catmullrom"
						}
					}
				},
				"leftfinger3": {
					"rotation": {
						"0.0": {
							"post": [-1.84373, 0.81132, 47.52717],
							"lerp_mode": "catmullrom"
						},
						"0.5": {
							"post": [-1.84373, 0.81132, 47.52717],
							"lerp_mode": "catmullrom"
						},
						"0.8333": {
							"post": [-1.84373, 0.81132, 47.52717],
							"lerp_mode": "catmullrom"
						},
						"1.125": {
							"post": [0.43439, 0.038, -10.00933],
							"lerp_mode": "catmullrom"
						},
						"1.2917": {
							"post": [0.64743, 0.08524, -15.01365],
							"lerp_mode": "catmullrom"
						},
						"1.5417": {
							"post": [0.64743, 0.08524, -15.01365],
							"lerp_mode": "catmullrom"
						}
					}
				},
				"leftfingerpeice3": {
					"rotation": {
						"0.0": {
							"post": [0, 0, 47.5],
							"lerp_mode": "catmullrom"
						},
						"0.5": {
							"post": [0, 0, 47.5],
							"lerp_mode": "catmullrom"
						},
						"0.8333": {
							"post": [0, 0, 47.5],
							"lerp_mode": "catmullrom"
						},
						"1.125": {
							"post": [0, 0, -35],
							"lerp_mode": "catmullrom"
						},
						"1.2917": {
							"post": [0, 0, -40],
							"lerp_mode": "catmullrom"
						},
						"1.5417": {
							"post": [0, 0, -40],
							"lerp_mode": "catmullrom"
						}
					}
				},
				"leftfingertip3": {
					"rotation": {
						"0.0": {
							"post": [0, 0, 32.5],
							"lerp_mode": "catmullrom"
						},
						"0.5": {
							"post": [0, 0, 32.5],
							"lerp_mode": "catmullrom"
						},
						"0.8333": {
							"post": [0, 0, 32.5],
							"lerp_mode": "catmullrom"
						},
						"1.125": {
							"post": [0, 0, -27.5],
							"lerp_mode": "catmullrom"
						},
						"1.2917": {
							"post": [0, 0, -37.5],
							"lerp_mode": "catmullrom"
						},
						"1.5417": {
							"post": [0, 0, -37.5],
							"lerp_mode": "catmullrom"
						}
					}
				},
				"leftfinger4": {
					"rotation": {
						"0.0": {
							"post": [1.60757, -0.58514, 40.02687],
							"lerp_mode": "catmullrom"
						},
						"0.5": {
							"post": [1.60757, -0.58514, 40.02687],
							"lerp_mode": "catmullrom"
						},
						"0.8333": {
							"post": [1.60757, -0.58514, 40.02687],
							"lerp_mode": "catmullrom"
						},
						"1.125": {
							"post": [-0.54143, -0.0593, -12.51153],
							"lerp_mode": "catmullrom"
						},
						"1.2917": {
							"post": [-0.7522, -0.11578, -17.51565],
							"lerp_mode": "catmullrom"
						},
						"1.5417": {
							"post": [-0.7522, -0.11578, -17.51565],
							"lerp_mode": "catmullrom"
						}
					}
				},
				"leftfingerpeice4": {
					"rotation": {
						"0.0": {
							"post": [0, 0, 47.5],
							"lerp_mode": "catmullrom"
						},
						"0.5": {
							"post": [0, 0, 47.5],
							"lerp_mode": "catmullrom"
						},
						"0.8333": {
							"post": [0, 0, 47.5],
							"lerp_mode": "catmullrom"
						},
						"1.125": {
							"post": [0, 0, -32.5],
							"lerp_mode": "catmullrom"
						},
						"1.2917": {
							"post": [0, 0, -40],
							"lerp_mode": "catmullrom"
						},
						"1.5417": {
							"post": [0, 0, -40],
							"lerp_mode": "catmullrom"
						}
					}
				},
				"leftfingertip4": {
					"rotation": {
						"0.0": {
							"post": [0, 0, 25],
							"lerp_mode": "catmullrom"
						},
						"0.5": {
							"post": [0, 0, 25],
							"lerp_mode": "catmullrom"
						},
						"0.8333": {
							"post": [0, 0, 25],
							"lerp_mode": "catmullrom"
						},
						"1.125": {
							"post": [0, 0, -30],
							"lerp_mode": "catmullrom"
						},
						"1.2917": {
							"post": [0, 0, -40],
							"lerp_mode": "catmullrom"
						},
						"1.5417": {
							"post": [0, 0, -40],
							"lerp_mode": "catmullrom"
						}
					}
				},
				"leftfinger5": {
					"rotation": {
						"0.0": {
							"post": [13.81327, 2.56825, 34.23998],
							"lerp_mode": "catmullrom"
						},
						"0.5": {
							"post": [13.81327, 2.56825, 34.23998],
							"lerp_mode": "catmullrom"
						},
						"0.8333": {
							"post": [13.81327, 2.56825, 34.23998],
							"lerp_mode": "catmullrom"
						},
						"1.125": {
							"post": [-111.99098, 13.90125, -30.47208],
							"lerp_mode": "catmullrom"
						},
						"1.2917": {
							"post": [-120.23871, 11.52853, -43.20964],
							"lerp_mode": "catmullrom"
						},
						"1.5417": {
							"post": [-120.23871, 11.52853, -43.20964],
							"lerp_mode": "catmullrom"
						}
					}
				},
				"leftfingerpeice5": {
					"rotation": {
						"0.0": {
							"post": [0, -22.5, 0],
							"lerp_mode": "catmullrom"
						},
						"0.5": {
							"post": [0, -22.5, 0],
							"lerp_mode": "catmullrom"
						},
						"0.8333": {
							"post": [0, -22.5, 0],
							"lerp_mode": "catmullrom"
						},
						"1.125": {
							"post": [0, 22.5, 0],
							"lerp_mode": "catmullrom"
						},
						"1.2917": {
							"post": [0, 27.5, 0],
							"lerp_mode": "catmullrom"
						},
						"1.5417": {
							"post": [0, 27.5, 0],
							"lerp_mode": "catmullrom"
						}
					}
				},
				"leftfingertip5": {
					"rotation": {
						"0.0": {
							"post": [0, -20, 0],
							"lerp_mode": "catmullrom"
						},
						"0.5": {
							"post": [0, -20, 0],
							"lerp_mode": "catmullrom"
						},
						"0.8333": {
							"post": [0, -20, 0],
							"lerp_mode": "catmullrom"
						},
						"1.125": {
							"post": [0, 27.5, 0],
							"lerp_mode": "catmullrom"
						},
						"1.2917": {
							"post": [0, 35, 0],
							"lerp_mode": "catmullrom"
						},
						"1.5417": {
							"post": [0, 35, 0],
							"lerp_mode": "catmullrom"
						}
					}
				},
				"rightmoonleg": {
					"rotation": {
						"0.0": {
							"post": [-1.71205, 17.48281, 2.62116],
							"lerp_mode": "catmullrom"
						},
						"0.5": {
							"post": [-1.71205, 17.48281, 2.62116],
							"lerp_mode": "catmullrom"
						},
						"0.7083": {
							"post": [-58.18804, 29.05024, 10.10804],
							"lerp_mode": "catmullrom"
						},
						"0.9583": {
							"post": [-7.28499, 28.36432, 1.59091],
							"lerp_mode": "catmullrom"
						},
						"1.2917": {
							"post": [-7.28499, 28.36432, 1.59091],
							"lerp_mode": "catmullrom"
						},
						"1.5417": {
							"post": [-7.28499, 28.36432, 1.59091],
							"lerp_mode": "catmullrom"
						}
					}
				},
				"rightmoonlegpeice": {
					"rotation": {
						"0.0": {
							"post": [5, 0, 0],
							"lerp_mode": "catmullrom"
						},
						"0.5": {
							"post": [5, 0, 0],
							"lerp_mode": "catmullrom"
						},
						"0.7083": {
							"post": [77.5, 0, 0],
							"lerp_mode": "catmullrom"
						},
						"0.9583": {
							"post": [7.5, 0, 0],
							"lerp_mode": "catmullrom"
						},
						"1.2917": {
							"post": [7.5, 0, 0],
							"lerp_mode": "catmullrom"
						},
						"1.5417": {
							"post": [7.5, 0, 0],
							"lerp_mode": "catmullrom"
						}
					}
				},
				"rightfoot": {
					"rotation": {
						"0.0": {
							"post": [0, 0, -2.5],
							"lerp_mode": "catmullrom"
						},
						"0.5": {
							"post": [0, 0, -2.5],
							"lerp_mode": "catmullrom"
						},
						"0.7083": {
							"post": [-14.85932, -2.24944, -9.65656],
							"lerp_mode": "catmullrom"
						},
						"0.9583": {
							"post": [-0.15428, -2.24855, -2.15077],
							"lerp_mode": "catmullrom"
						},
						"1.2917": {
							"post": [-0.15428, -2.24855, -2.15077],
							"lerp_mode": "catmullrom"
						},
						"1.5417": {
							"post": [-0.15428, -2.24855, -2.15077],
							"lerp_mode": "catmullrom"
						}
					}
				},
				"leftmoonleg": {
					"rotation": {
						"0.0": {
							"post": [-33.54209, -11.1788, -9.59673],
							"lerp_mode": "catmullrom"
						},
						"0.5": {
							"post": [-33.54209, -11.1788, -9.59673],
							"lerp_mode": "catmullrom"
						},
						"0.5833": {
							"post": [-43.15205, -21.285, -12.57133],
							"lerp_mode": "catmullrom"
						},
						"0.7083": {
							"post": [-60.7739, -27.79013, -7.45924],
							"lerp_mode": "catmullrom"
						},
						"0.8333": {
							"post": [-35.65773, -27.88871, -4.34206],
							"lerp_mode": "catmullrom"
						},
						"0.9583": {
							"post": [-41.31866, -30.54378, -6.08522],
							"lerp_mode": "catmullrom"
						},
						"1.5417": {
							"post": [-8.35689, -27.17458, -1.86558],
							"lerp_mode": "catmullrom"
						},
						"1.7917": {
							"post": [-8.35689, -27.17458, -1.86558],
							"lerp_mode": "catmullrom"
						}
					}
				},
				"leftmoonlegpeice": {
					"rotation": {
						"0.0": {
							"post": [102.5, 0, 0],
							"lerp_mode": "catmullrom"
						},
						"0.5": {
							"post": [102.5, 0, 0],
							"lerp_mode": "catmullrom"
						},
						"0.7083": {
							"post": [70, 0, 0],
							"lerp_mode": "catmullrom"
						},
						"0.8333": {
							"post": [36.70888, 0, 0],
							"lerp_mode": "catmullrom"
						},
						"0.9583": {
							"post": [-2.5, 0, 0],
							"lerp_mode": "catmullrom"
						},
						"1.375": {
							"post": [17.54945, 0, 0],
							"lerp_mode": "catmullrom"
						},
						"1.5417": {
							"post": [7.5, 0, 0],
							"lerp_mode": "catmullrom"
						},
						"1.7917": {
							"post": [7.5, 0, 0],
							"lerp_mode": "catmullrom"
						}
					}
				},
				"leftfoot": {
					"rotation": {
						"0.0": {
							"post": [67.5, 0, 2.5],
							"lerp_mode": "catmullrom"
						},
						"0.5": {
							"post": [67.5, 0, 2.5],
							"lerp_mode": "catmullrom"
						},
						"0.5833": {
							"post": [-24.98871, 0.26073, 4.48298],
							"lerp_mode": "catmullrom"
						},
						"0.7083": {
							"post": [-7.47178, 0.65182, 7.45744],
							"lerp_mode": "catmullrom"
						},
						"0.9583": {
							"post": [2.42161, 0.97614, -0.03631],
							"lerp_mode": "catmullrom"
						},
						"1.2917": {
							"post": [2.42161, 0.97614, -0.03631],
							"lerp_mode": "catmullrom"
						},
						"1.5417": {
							"post": [2.42161, 0.97614, -0.03631],
							"lerp_mode": "catmullrom"
						}
					}
				},
				"sun_player": {
					"scale": {
						"0.0": {
							"post": [0.8, 0.8, 1],
							"lerp_mode": "catmullrom"
						},
						"0.5": {
							"post": [0.8, 0.8, 1],
							"lerp_mode": "catmullrom"
						},
						"0.7083": {
							"post": [0.6, 0.6, 1],
							"lerp_mode": "catmullrom"
						},
						"0.9583": {
							"post": [0.6, 0.6, 1],
							"lerp_mode": "catmullrom"
						},
						"1.0833": {
							"post": [1, 1, 1],
							"lerp_mode": "catmullrom"
						},
						"1.2917": {
							"post": [1, 1, 1],
							"lerp_mode": "catmullrom"
						},
						"1.5417": {
							"post": [1, 1, 1],
							"lerp_mode": "catmullrom"
						}
					}
				}
			}
		},
		"animation.ftl_sc_sun_player.crying": {
			"loop": true,
			"animation_length": 8.125,
			"bones": {
				"rightmoonhand": {
					"rotation": {
						"0.0": {
							"post": [-84.51757, -27.44408, -3.36254],
							"lerp_mode": "catmullrom"
						},
						"1.1667": {
							"post": [-84.74765, -20.52861, -2.69553],
							"lerp_mode": "catmullrom"
						},
						"2.625": {
							"post": [-83.6566, -39.87844, -4.90663],
							"lerp_mode": "catmullrom"
						},
						"4.0833": {
							"post": [-84.51757, -27.44408, -3.36254],
							"lerp_mode": "catmullrom"
						},
						"5.25": {
							"post": [-84.74765, -20.52861, -2.69553],
							"lerp_mode": "catmullrom"
						},
						"6.7083": {
							"post": [-83.6566, -39.87844, -4.90663],
							"lerp_mode": "catmullrom"
						},
						"8.125": {
							"post": [-84.51757, -27.44408, -3.36254],
							"lerp_mode": "catmullrom"
						}
					},
					"scale": {
						"0.0": {
							"post": [0.9, 0.9, 0.9],
							"lerp_mode": "catmullrom"
						},
						"4.0833": {
							"post": [0.9, 0.9, 0.9],
							"lerp_mode": "catmullrom"
						},
						"8.125": {
							"post": [0.9, 0.9, 0.9],
							"lerp_mode": "catmullrom"
						}
					}
				},
				"leftmoonhand": {
					"rotation": {
						"0.0": {
							"post": [-84.15578, 39.88663, 6.57897],
							"lerp_mode": "catmullrom"
						},
						"1.1667": {
							"post": [-84.894, 28.54904, 5.2697],
							"lerp_mode": "catmullrom"
						},
						"2.625": {
							"post": [-83.92915, 42.37314, 6.92343],
							"lerp_mode": "catmullrom"
						},
						"4.0833": {
							"post": [-84.15578, 39.88663, 6.57897],
							"lerp_mode": "catmullrom"
						},
						"5.25": {
							"post": [-84.894, 28.54904, 5.2697],
							"lerp_mode": "catmullrom"
						},
						"6.7083": {
							"post": [-83.92915, 42.37314, 6.92343],
							"lerp_mode": "catmullrom"
						},
						"8.125": {
							"post": [-84.15578, 39.88663, 6.57897],
							"lerp_mode": "catmullrom"
						}
					},
					"scale": {
						"0.0": {
							"post": [0.9, 0.9, 0.9],
							"lerp_mode": "catmullrom"
						},
						"4.0833": {
							"post": [0.9, 0.9, 0.9],
							"lerp_mode": "catmullrom"
						},
						"8.125": {
							"post": [0.9, 0.9, 0.9],
							"lerp_mode": "catmullrom"
						}
					}
				},
				"moonwaist": {
					"position": {
						"0.0": {
							"post": [0, -6, 0],
							"lerp_mode": "catmullrom"
						},
						"4.0833": {
							"post": [0, -6, 0],
							"lerp_mode": "catmullrom"
						},
						"8.125": {
							"post": [0, -6, 0],
							"lerp_mode": "catmullrom"
						}
					}
				},
				"moonbodymoonwaist": {
					"rotation": {
						"0.0": {
							"post": [15, 0, 0],
							"lerp_mode": "catmullrom"
						},
						"4.0833": {
							"post": [15, 0, 0],
							"lerp_mode": "catmullrom"
						},
						"8.125": {
							"post": [15, 0, 0],
							"lerp_mode": "catmullrom"
						}
					}
				},
				"moonbody": {
					"rotation": {
						"0.0": {
							"post": [20, 0, 0],
							"lerp_mode": "catmullrom"
						},
						"1.1667": {
							"post": [20.55556, 0, 0],
							"lerp_mode": "catmullrom"
						},
						"2.625": {
							"post": [32.5, 0, 0],
							"lerp_mode": "catmullrom"
						},
						"4.0833": {
							"post": [20, 0, 0],
							"lerp_mode": "catmullrom"
						},
						"5.25": {
							"post": [20.55556, 0, 0],
							"lerp_mode": "catmullrom"
						},
						"6.7083": {
							"post": [32.5, 0, 0],
							"lerp_mode": "catmullrom"
						},
						"8.125": {
							"post": [20, 0, 0],
							"lerp_mode": "catmullrom"
						}
					}
				},
				"topmoonbody": {
					"rotation": {
						"0.0": {
							"post": [22.5, 0, 0],
							"lerp_mode": "catmullrom"
						},
						"1.1667": {
							"post": [35.55556, 0, 0],
							"lerp_mode": "catmullrom"
						},
						"2.625": {
							"post": [45, 0, 0],
							"lerp_mode": "catmullrom"
						},
						"4.0833": {
							"post": [22.5, 0, 0],
							"lerp_mode": "catmullrom"
						},
						"5.25": {
							"post": [35.55556, 0, 0],
							"lerp_mode": "catmullrom"
						},
						"6.7083": {
							"post": [45, 0, 0],
							"lerp_mode": "catmullrom"
						},
						"8.125": {
							"post": [22.5, 0, 0],
							"lerp_mode": "catmullrom"
						}
					}
				},
				"neck": {
					"rotation": {
						"0.0": {
							"post": [20, 0, 0],
							"lerp_mode": "catmullrom"
						},
						"1.1667": {
							"post": [-4.72222, 0, 0],
							"lerp_mode": "catmullrom"
						},
						"2.625": {
							"post": [-7.5, 0, 0],
							"lerp_mode": "catmullrom"
						},
						"4.0833": {
							"post": [20, 0, 0],
							"lerp_mode": "catmullrom"
						},
						"5.25": {
							"post": [-4.72222, 0, 0],
							"lerp_mode": "catmullrom"
						},
						"6.7083": {
							"post": [-7.5, 0, 0],
							"lerp_mode": "catmullrom"
						},
						"8.125": {
							"post": [20, 0, 0],
							"lerp_mode": "catmullrom"
						}
					}
				},
				"neckpeice": {
					"rotation": {
						"0.0": {
							"post": [-65, 0, 0],
							"lerp_mode": "catmullrom"
						},
						"1.1667": {
							"post": [-47.5, 0, 0],
							"lerp_mode": "catmullrom"
						},
						"4.0833": {
							"post": [-65, 0, 0],
							"lerp_mode": "catmullrom"
						},
						"5.25": {
							"post": [-47.5, 0, 0],
							"lerp_mode": "catmullrom"
						},
						"8.125": {
							"post": [-65, 0, 0],
							"lerp_mode": "catmullrom"
						}
					}
				},
				"moonhead": {
					"rotation": {
						"0.0": {
							"post": [22.5, 0, 0],
							"lerp_mode": "catmullrom"
						},
						"4.0833": {
							"post": [22.5, 0, 0],
							"lerp_mode": "catmullrom"
						},
						"8.125": {
							"post": [22.5, 0, 0],
							"lerp_mode": "catmullrom"
						}
					},
					"scale": 1.1
				},
				"rightmoonarm": {
					"rotation": {
						"0.0": {
							"post": [-38.93002, -70.56671, -21.91788],
							"lerp_mode": "catmullrom"
						},
						"2.625": {
							"post": [-109.03979, -52.75553, 44.39785],
							"lerp_mode": "catmullrom"
						},
						"4.0833": {
							"post": [-38.93002, -70.56671, -21.91788],
							"lerp_mode": "catmullrom"
						},
						"6.7083": {
							"post": [-109.03979, -52.75553, 44.39785],
							"lerp_mode": "catmullrom"
						},
						"8.125": {
							"post": [-38.93002, -70.56671, -21.91788],
							"lerp_mode": "catmullrom"
						}
					}
				},
				"rightmoonarmpeice": {
					"rotation": {
						"0.0": {
							"post": [-180, -80, -180],
							"lerp_mode": "catmullrom"
						},
						"1.1667": {
							"post": [-180, -68.61111, -180],
							"lerp_mode": "catmullrom"
						},
						"2.625": {
							"post": [-180, -82.5, -180],
							"lerp_mode": "catmullrom"
						},
						"4.0833": {
							"post": [-180, -80, -180],
							"lerp_mode": "catmullrom"
						},
						"5.25": {
							"post": [-180, -68.61111, -180],
							"lerp_mode": "catmullrom"
						},
						"6.7083": {
							"post": [-180, -82.5, -180],
							"lerp_mode": "catmullrom"
						},
						"8.125": {
							"post": [-180, -80, -180],
							"lerp_mode": "catmullrom"
						}
					}
				},
				"leftmoonarm": {
					"rotation": {
						"0.0": {
							"post": [-38.93002, 70.5667, 21.9179],
							"lerp_mode": "catmullrom"
						},
						"2.625": {
							"post": [-109.97714, 54.94871, -44.85758],
							"lerp_mode": "catmullrom"
						},
						"4.0833": {
							"post": [-38.93002, 70.5667, 21.9179],
							"lerp_mode": "catmullrom"
						},
						"6.7083": {
							"post": [-109.97714, 54.94871, -44.85758],
							"lerp_mode": "catmullrom"
						},
						"8.125": {
							"post": [-38.93002, 70.5667, 21.9179],
							"lerp_mode": "catmullrom"
						}
					}
				},
				"leftmoonarmpeice": {
					"rotation": {
						"0.0": {
							"post": [0, 90, 0],
							"lerp_mode": "catmullrom"
						},
						"1.1667": {
							"post": [0, 102, 0],
							"lerp_mode": "catmullrom"
						},
						"2.625": {
							"post": [0, 90, 0],
							"lerp_mode": "catmullrom"
						},
						"4.0833": {
							"post": [0, 90, 0],
							"lerp_mode": "catmullrom"
						},
						"5.25": {
							"post": [0, 102, 0],
							"lerp_mode": "catmullrom"
						},
						"6.7083": {
							"post": [0, 90, 0],
							"lerp_mode": "catmullrom"
						},
						"8.125": {
							"post": [-360, 90, -360],
							"lerp_mode": "catmullrom"
						}
					}
				},
				"rightmoonleg": {
					"rotation": {
						"0.0": {
							"post": [-32.87716, 29.21893, 14.35885],
							"lerp_mode": "catmullrom"
						},
						"4.0833": {
							"post": [-32.87716, 29.21893, 14.35885],
							"lerp_mode": "catmullrom"
						},
						"8.125": {
							"post": [-32.87716, 29.21893, 14.35885],
							"lerp_mode": "catmullrom"
						}
					}
				},
				"rightmoonlegpeice": {
					"rotation": {
						"0.0": {
							"post": [52.5, 0, 0],
							"lerp_mode": "catmullrom"
						},
						"4.0833": {
							"post": [52.5, 0, 0],
							"lerp_mode": "catmullrom"
						},
						"8.125": {
							"post": [52.5, 0, 0],
							"lerp_mode": "catmullrom"
						}
					}
				},
				"rightfoot": {
					"rotation": {
						"0.0": {
							"post": [-9.88733, -1.29876, -9.91615],
							"lerp_mode": "catmullrom"
						},
						"4.0833": {
							"post": [-9.88733, -1.29876, -9.91615],
							"lerp_mode": "catmullrom"
						},
						"8.125": {
							"post": [-9.88733, -1.29876, -9.91615],
							"lerp_mode": "catmullrom"
						}
					}
				},
				"leftmoonleg": {
					"rotation": {
						"0.0": {
							"post": [-30.88595, -22.13991, -10.80524],
							"lerp_mode": "catmullrom"
						},
						"4.0833": {
							"post": [-30.88595, -22.13991, -10.80524],
							"lerp_mode": "catmullrom"
						},
						"8.125": {
							"post": [-30.88595, -22.13991, -10.80524],
							"lerp_mode": "catmullrom"
						}
					}
				},
				"leftmoonlegpeice": {
					"rotation": {
						"0.0": {
							"post": [55, 0, 0],
							"lerp_mode": "catmullrom"
						},
						"4.0833": {
							"post": [55, 0, 0],
							"lerp_mode": "catmullrom"
						},
						"8.125": {
							"post": [55, 0, 0],
							"lerp_mode": "catmullrom"
						}
					}
				},
				"leftfoot": {
					"rotation": {
						"0.0": {
							"post": [-17.5, 0, 7.5],
							"lerp_mode": "catmullrom"
						},
						"4.0833": {
							"post": [-17.5, 0, 7.5],
							"lerp_mode": "catmullrom"
						},
						"8.125": {
							"post": [-17.5, 0, 7.5],
							"lerp_mode": "catmullrom"
						}
					}
				}
			}
		},
		"animation.ftl_sc_sun_player.jumping": {
			"loop": true,
			"animation_length": 0.29167,
			"bones": {
				"rightmoonhand": {
					"rotation": [-29.94081, -0.54094, -12.48848],
					"scale": 0.9
				},
				"leftmoonhand": {
					"rotation": [-29.94081, 0.5409, 12.4885],
					"scale": 0.9
				},
				"moonwaist": {
					"rotation": [137.5, 0, 0],
					"position": [0, 42, 25]
				},
				"moonbodymoonwaist": {
					"rotation": [17.5, 0, 0]
				},
				"moonbody": {
					"rotation": [-32.5, 0, 0]
				},
				"topmoonbody": {
					"rotation": [25, 0, 0]
				},
				"neck": {
					"rotation": [25, 0, 0]
				},
				"neckpeice": {
					"rotation": [-137.5, 0, 0]
				},
				"moonhead": {
					"rotation": [-27.5, 0, 0],
					"scale": 1.1
				},
				"rightmoonarm": {
					"rotation": [-134.66217, -31.69997, 75.31627]
				},
				"rightmoonarmpeice": {
					"rotation": [0, -35, 0]
				},
				"leftmoonarm": {
					"rotation": [-134.66217, 31.7, -75.3163]
				},
				"leftmoonarmpeice": {
					"rotation": [0, 35, 0]
				},
				"rightmoonleg": {
					"rotation": [-8.73684, 29.01314, 19.14392]
				},
				"rightmoonlegpeice": {
					"rotation": [37.5, 0, 0]
				},
				"rightfoot": {
					"rotation": [57.5, 0, 0]
				},
				"leftmoonleg": {
					"rotation": [-8.73684, -29.0131, -19.1439]
				},
				"leftmoonlegpeice": {
					"rotation": [37.5, 0, 0]
				},
				"leftfoot": {
					"rotation": [62.5, 0, 0]
				}
			}
		},
		"animation.ftl_sc_sun_player.woo_woo": {
			"loop": true,
			"animation_length": 1,
			"bones": {
				"moonwaist": {
					"rotation": {
						"0.0": [0, 0, 0],
						"1.0": [0, 360, 0]
					},
					"position": {
						"0.0": {
							"post": [0, -7, 0],
							"lerp_mode": "catmullrom"
						},
						"0.2": {
							"post": [0, 0, 0],
							"lerp_mode": "catmullrom"
						},
						"0.5": {
							"post": [0, -7, 0],
							"lerp_mode": "catmullrom"
						},
						"0.7": {
							"post": [0, 0, 0],
							"lerp_mode": "catmullrom"
						},
						"1.0": {
							"post": [0, -7, 0],
							"lerp_mode": "catmullrom"
						}
					}
				},
				"moonbody": {
					"rotation": {
						"0.0": {
							"post": [0, -360, 0],
							"lerp_mode": "catmullrom"
						},
						"1.0": {
							"post": [0, 360, 0],
							"lerp_mode": "catmullrom"
						}
					}
				},
				"topmoonbody": {
					"rotation": {
						"0.0": {
							"post": [0, -360, 0],
							"lerp_mode": "catmullrom"
						},
						"1.0": {
							"post": [0, 360, 0],
							"lerp_mode": "catmullrom"
						}
					}
				},
				"neck": {
					"rotation": {
						"0.0": [15, -360, 0],
						"1.0": [15, 360, 0]
					}
				},
				"neckpeice": {
					"rotation": {
						"0.0": {
							"post": [0, 0, 0],
							"lerp_mode": "catmullrom"
						},
						"1.0": {
							"post": [0, -360, 0],
							"lerp_mode": "catmullrom"
						}
					}
				},
				"moonhead": {
					"rotation": {
						"0.0": [-360, 0, 0],
						"1.0": [-360, 0, 1080]
					},
					"scale": 1.1
				},
				"rightmoonarm": {
					"rotation": [-1800, 0, -1800]
				},
				"rightmoonarmpeice": {
					"rotation": [0, 0, 0]
				},
				"rightmoonhand": {
					"scale": 0.9
				},
				"rightfinger5": {
					"rotation": {
						"0.0": {
							"post": [0, 0, 0],
							"lerp_mode": "catmullrom"
						}
					}
				},
				"leftmoonhand": {
					"scale": 0.9
				},
				"rightmoonleg": {
					"rotation": {
						"0.0": {
							"post": [-39.27489, 29.4987, 11.50839],
							"lerp_mode": "catmullrom"
						}
					}
				},
				"rightmoonlegpeice": {
					"rotation": {
						"0.0": {
							"post": [50, 0, 0],
							"lerp_mode": "catmullrom"
						}
					}
				},
				"rightfoot": {
					"rotation": {
						"0.0": {
							"post": [-5, 0, -7.5],
							"lerp_mode": "catmullrom"
						}
					}
				},
				"leftmoonleg": {
					"rotation": {
						"0.0": {
							"post": [-39.27489, -29.4987, -11.5084],
							"lerp_mode": "catmullrom"
						}
					}
				},
				"leftmoonlegpeice": {
					"rotation": {
						"0.0": {
							"post": [50, 0, 0],
							"lerp_mode": "catmullrom"
						}
					}
				},
				"leftfoot": {
					"rotation": {
						"0.0": {
							"post": [-7.5, 0, 10],
							"lerp_mode": "catmullrom"
						}
					}
				},
				"moonbodymoonwaist": {
					"rotation": {
						"0.0": [0, 0, 0],
						"1.0": [0, -360, 0]
					}
				}
			}
		},
		"animation.ftl_sc_sun_player.general": {
			"loop": true,
			"animation_length": 8,
			"bones": {
				"moonwaist": {
					"position": [0, -5, 0]
				},
				"moonbodymoonwaist": {
					"rotation": {
						"0.0": {
							"post": [7.5, 0, 0],
							"lerp_mode": "catmullrom"
						},
						"4.0": {
							"post": [7.5, 0, 0],
							"lerp_mode": "catmullrom"
						},
						"8.0": {
							"post": [7.5, 0, 0],
							"lerp_mode": "catmullrom"
						}
					}
				},
				"moonbody": {
					"rotation": {
						"0.0": {
							"post": [10, 0, 0],
							"lerp_mode": "catmullrom"
						},
						"1.0": {
							"post": [15.77273, 0, 0],
							"lerp_mode": "catmullrom"
						},
						"2.2917": {
							"post": [22.5, 0, 0],
							"lerp_mode": "catmullrom"
						},
						"4.0": {
							"post": [10, 0, 0],
							"lerp_mode": "catmullrom"
						},
						"5.0": {
							"post": [15.77273, 0, 0],
							"lerp_mode": "catmullrom"
						},
						"6.2917": {
							"post": [22.5, 0, 0],
							"lerp_mode": "catmullrom"
						},
						"8.0": {
							"post": [10, 0, 0],
							"lerp_mode": "catmullrom"
						}
					}
				},
				"topmoonbody": {
					"rotation": {
						"0.0": {
							"post": [15, 0, 0],
							"lerp_mode": "catmullrom"
						},
						"1.0": {
							"post": [25.13636, 0, 0],
							"lerp_mode": "catmullrom"
						},
						"2.2917": {
							"post": [32.5, 0, 0],
							"lerp_mode": "catmullrom"
						},
						"4.0": {
							"post": [15, 0, 0],
							"lerp_mode": "catmullrom"
						},
						"5.0": {
							"post": [25.13636, 0, 0],
							"lerp_mode": "catmullrom"
						},
						"6.2917": {
							"post": [32.5, 0, 0],
							"lerp_mode": "catmullrom"
						},
						"8.0": {
							"post": [15, 0, 0],
							"lerp_mode": "catmullrom"
						}
					}
				},
				"neck": {
					"rotation": {
						"0.0": {
							"post": [22.5, 0, 0],
							"lerp_mode": "catmullrom"
						},
						"1.0": {
							"post": [-0.45455, 0, 0],
							"lerp_mode": "catmullrom"
						},
						"2.2917": {
							"post": [5, 0, 0],
							"lerp_mode": "catmullrom"
						},
						"4.0": {
							"post": [22.5, 0, 0],
							"lerp_mode": "catmullrom"
						},
						"5.0": {
							"post": [-0.45455, 0, 0],
							"lerp_mode": "catmullrom"
						},
						"6.2917": {
							"post": [5, 0, 0],
							"lerp_mode": "catmullrom"
						},
						"8.0": {
							"post": [22.5, 0, 0],
							"lerp_mode": "catmullrom"
						}
					}
				},
				"neckpeice": {
					"rotation": {
						"0.0": {
							"post": [-40, 0, 0],
							"lerp_mode": "catmullrom"
						},
						"1.0": {
							"post": [-32.95455, 0, 0],
							"lerp_mode": "catmullrom"
						},
						"2.2917": {
							"post": [-52.5, 0, 0],
							"lerp_mode": "catmullrom"
						},
						"4.0": {
							"post": [-40, 0, 0],
							"lerp_mode": "catmullrom"
						},
						"5.0": {
							"post": [-32.95455, 0, 0],
							"lerp_mode": "catmullrom"
						},
						"6.2917": {
							"post": [-52.5, 0, 0],
							"lerp_mode": "catmullrom"
						},
						"8.0": {
							"post": [-40, 0, 0],
							"lerp_mode": "catmullrom"
						}
					}
				},
				"moonhead": {
					"rotation": [-15, 0, 0],
					"scale": 1.1
				},
				"rightmoonarm": {
					"rotation": {
						"0.0": {
							"post": [7.80938, -4.35889, -56.05185],
							"lerp_mode": "catmullrom"
						},
						"1.0": {
							"post": [3.43807, -18.07055, -56.00052],
							"lerp_mode": "catmullrom"
						},
						"2.2917": {
							"post": [-2.39755, -24.34321, -55.22967],
							"lerp_mode": "catmullrom"
						},
						"4.0": {
							"post": [7.80938, -4.35889, -56.05185],
							"lerp_mode": "catmullrom"
						},
						"5.0": {
							"post": [3.43807, -18.07055, -56.00052],
							"lerp_mode": "catmullrom"
						},
						"6.2917": {
							"post": [-2.39755, -24.34321, -55.22967],
							"lerp_mode": "catmullrom"
						},
						"8.0": {
							"post": [7.80938, -4.35889, -56.05185],
							"lerp_mode": "catmullrom"
						}
					}
				},
				"rightmoonarmpeice": {
					"rotation": [0, -60, 0]
				},
				"rightmoonhand": {
					"rotation": [12.2084, -10.35575, -12.2084],
					"scale": 0.9
				},
				"leftmoonarm": {
					"rotation": {
						"0.0": {
							"post": [7.80938, 4.3589, 56.0518],
							"lerp_mode": "catmullrom"
						},
						"1.0": {
							"post": [1.8165, 16.11854, 54.84843],
							"lerp_mode": "catmullrom"
						},
						"2.2917": {
							"post": [-6.01144, 19.85537, 52.92438],
							"lerp_mode": "catmullrom"
						},
						"4.0": {
							"post": [7.80938, 4.3589, 56.0518],
							"lerp_mode": "catmullrom"
						},
						"5.0": {
							"post": [1.8165, 16.11854, 54.84843],
							"lerp_mode": "catmullrom"
						},
						"6.2917": {
							"post": [-6.01144, 19.85537, 52.92438],
							"lerp_mode": "catmullrom"
						},
						"8.0": {
							"post": [7.80938, 4.3589, 56.0518],
							"lerp_mode": "catmullrom"
						}
					}
				},
				"leftmoonarmpeice": {
					"rotation": [0, 60, 0]
				},
				"leftmoonhand": {
					"rotation": [12.2084, 10.3558, 12.2084],
					"scale": 0.9
				},
				"rightmoonleg": {
					"rotation": [-29.83601, 14.76689, 10.34527]
				},
				"rightmoonlegpeice": {
					"rotation": [42.5, 0, 0]
				},
				"rightfoot": {
					"rotation": [-9.88733, -1.29876, -9.91615]
				},
				"leftmoonleg": {
					"rotation": [-29.83601, -14.7669, -10.3453]
				},
				"leftmoonlegpeice": {
					"rotation": [42.5, 0, 0]
				},
				"leftfoot": {
					"rotation": [-9.88733, 1.2988, 9.9162]
				}
			}
		},
		"animation.ftl_sc_sun_player.transformation": {
			"loop": true,
			"animation_length": 8,
			"bones": {
				"moonwaist": {
					"position": [0, -5, 0]
				},
				"moonbodymoonwaist": {
					"rotation": {
						"0.0": {
							"post": [7.5, 0, 0],
							"lerp_mode": "catmullrom"
						},
						"4.0": {
							"post": [7.5, 0, 0],
							"lerp_mode": "catmullrom"
						},
						"8.0": {
							"post": [7.5, 0, 0],
							"lerp_mode": "catmullrom"
						}
					}
				},
				"moonbody": {
					"rotation": {
						"0.0": {
							"post": [10, 0, 0],
							"lerp_mode": "catmullrom"
						},
						"1.0": {
							"post": [15.77273, 0, 0],
							"lerp_mode": "catmullrom"
						},
						"2.2917": {
							"post": [22.5, 0, 0],
							"lerp_mode": "catmullrom"
						},
						"4.0": {
							"post": [10, 0, 0],
							"lerp_mode": "catmullrom"
						},
						"5.0": {
							"post": [15.77273, 0, 0],
							"lerp_mode": "catmullrom"
						},
						"6.2917": {
							"post": [22.5, 0, 0],
							"lerp_mode": "catmullrom"
						},
						"8.0": {
							"post": [10, 0, 0],
							"lerp_mode": "catmullrom"
						}
					}
				},
				"topmoonbody": {
					"rotation": {
						"0.0": {
							"post": [15, 0, 0],
							"lerp_mode": "catmullrom"
						},
						"1.0": {
							"post": [25.13636, 0, 0],
							"lerp_mode": "catmullrom"
						},
						"2.2917": {
							"post": [32.5, 0, 0],
							"lerp_mode": "catmullrom"
						},
						"4.0": {
							"post": [15, 0, 0],
							"lerp_mode": "catmullrom"
						},
						"5.0": {
							"post": [25.13636, 0, 0],
							"lerp_mode": "catmullrom"
						},
						"6.2917": {
							"post": [32.5, 0, 0],
							"lerp_mode": "catmullrom"
						},
						"8.0": {
							"post": [15, 0, 0],
							"lerp_mode": "catmullrom"
						}
					}
				},
				"neck": {
					"rotation": {
						"0.0": {
							"post": [22.5, 0, 0],
							"lerp_mode": "catmullrom"
						},
						"1.0": {
							"post": [-0.45455, 0, 0],
							"lerp_mode": "catmullrom"
						},
						"2.2917": {
							"post": [5, 0, 0],
							"lerp_mode": "catmullrom"
						},
						"4.0": {
							"post": [22.5, 0, 0],
							"lerp_mode": "catmullrom"
						},
						"5.0": {
							"post": [-0.45455, 0, 0],
							"lerp_mode": "catmullrom"
						},
						"6.2917": {
							"post": [5, 0, 0],
							"lerp_mode": "catmullrom"
						},
						"8.0": {
							"post": [22.5, 0, 0],
							"lerp_mode": "catmullrom"
						}
					}
				},
				"neckpeice": {
					"rotation": {
						"0.0": {
							"post": [-40, 0, 0],
							"lerp_mode": "catmullrom"
						},
						"1.0": {
							"post": [-32.95455, 0, 0],
							"lerp_mode": "catmullrom"
						},
						"2.2917": {
							"post": [-52.5, 0, 0],
							"lerp_mode": "catmullrom"
						},
						"4.0": {
							"post": [-40, 0, 0],
							"lerp_mode": "catmullrom"
						},
						"5.0": {
							"post": [-32.95455, 0, 0],
							"lerp_mode": "catmullrom"
						},
						"6.2917": {
							"post": [-52.5, 0, 0],
							"lerp_mode": "catmullrom"
						},
						"8.0": {
							"post": [-40, 0, 0],
							"lerp_mode": "catmullrom"
						}
					}
				},
				"moonhead": {
					"rotation": {
						"0.0": [-12.5, 0, 0],
						"0.0417": [-15, 0, 0],
						"0.0833": [-12.5, 0, 0],
						"0.125": [-15, 0, 0],
						"0.1667": [-12.5, 0, 0],
						"0.2083": [-15, 0, 0],
						"0.25": [-12.5, 0, 0],
						"0.2917": [-15, 0, 0],
						"0.3333": [-12.5, 0, 0],
						"0.375": [-15, 0, 0],
						"0.4167": [-12.5, 0, 0],
						"0.4583": [-15, 0, 0],
						"0.5": [-12.5, 0, 0],
						"0.5417": [-15, 0, 0],
						"0.5833": [-12.5, 0, 0],
						"0.625": [-15, 0, 0],
						"0.6667": [-12.5, 0, 0],
						"0.7083": [-15, 0, 0],
						"0.75": [-12.5, 0, 0],
						"0.7917": [-15, 0, 0],
						"0.8333": [-12.5, 0, 0],
						"0.875": [-15, 0, 0],
						"0.9167": [-12.5, 0, 0],
						"0.9583": [-15, 0, 0],
						"1.0": [-12.5, 0, 0],
						"1.0417": [-15, 0, 0],
						"1.0833": [-12.5, 0, 0],
						"1.125": [-15, 0, 0],
						"1.1667": [-12.5, 0, 0],
						"1.2083": [-15, 0, 0],
						"1.25": [-12.5, 0, 0],
						"1.2917": [-15, 0, 0],
						"1.3333": [-12.5, 0, 0],
						"1.375": [-15, 0, 0],
						"1.4167": [-12.5, 0, 0],
						"1.4583": [-15, 0, 0],
						"1.5": [-12.5, 0, 0],
						"1.5417": [-15, 0, 0],
						"1.5833": [-12.5, 0, 0],
						"1.625": [-15, 0, 0],
						"1.6667": [-12.5, 0, 0],
						"1.7083": [-15, 0, 0],
						"1.75": [-12.5, 0, 0],
						"1.7917": [-15, 0, 0],
						"1.8333": [-12.5, 0, 0],
						"1.875": [-15, 0, 0],
						"1.9167": [-12.5, 0, 0],
						"1.9583": [-15, 0, 0],
						"2.0": [-12.5, 0, 0],
						"2.0417": [-15, 0, 0],
						"2.0833": [-12.5, 0, 0],
						"2.125": [-15, 0, 0],
						"2.1667": [-12.5, 0, 0],
						"2.2083": [-15, 0, 0],
						"2.25": [-12.5, 0, 0],
						"2.2917": [-15, 0, 0],
						"2.3333": [-12.5, 0, 0],
						"2.375": [-15, 0, 0],
						"2.4167": [-12.5, 0, 0],
						"2.4583": [-15, 0, 0],
						"2.5": [-12.5, 0, 0],
						"2.5417": [-15, 0, 0],
						"2.5833": [-12.5, 0, 0],
						"2.625": [-15, 0, 0],
						"2.6667": [-12.5, 0, 0],
						"2.7083": [-15, 0, 0],
						"2.75": [-12.5, 0, 0],
						"2.7917": [-15, 0, 0],
						"2.8333": [-12.5, 0, 0],
						"2.875": [-15, 0, 0],
						"2.9167": [-12.5, 0, 0],
						"2.9583": [-15, 0, 0],
						"3.0": [-12.5, 0, 0],
						"3.0417": [-15, 0, 0],
						"3.0833": [-12.5, 0, 0],
						"3.125": [-15, 0, 0],
						"3.1667": [-12.5, 0, 0],
						"3.2083": [-15, 0, 0],
						"3.25": [-12.5, 0, 0],
						"3.2917": [-15, 0, 0],
						"3.3333": [-12.5, 0, 0],
						"3.375": [-15, 0, 0],
						"3.4167": [-12.5, 0, 0],
						"3.4583": [-15, 0, 0],
						"3.5": [-12.5, 0, 0],
						"3.5417": [-15, 0, 0],
						"3.5833": [-12.5, 0, 0],
						"3.625": [-15, 0, 0],
						"3.6667": [-12.5, 0, 0],
						"3.7083": [-15, 0, 0],
						"3.75": [-12.5, 0, 0],
						"3.7917": [-15, 0, 0],
						"3.8333": [-12.5, 0, 0],
						"3.875": [-15, 0, 0],
						"3.9167": [-12.5, 0, 0],
						"3.9583": [-15, 0, 0],
						"4.0": [-12.5, 0, 0],
						"4.0417": [-15, 0, 0],
						"4.0833": [-12.5, 0, 0],
						"4.125": [-15, 0, 0],
						"4.1667": [-12.5, 0, 0],
						"4.2083": [-15, 0, 0],
						"4.25": [-12.5, 0, 0],
						"4.2917": [-15, 0, 0],
						"4.3333": [-12.5, 0, 0],
						"4.375": [-15, 0, 0],
						"4.4167": [-12.5, 0, 0],
						"4.4583": [-15, 0, 0],
						"4.5": [-12.5, 0, 0],
						"4.5417": [-15, 0, 0],
						"4.5833": [-12.5, 0, 0],
						"4.625": [-15, 0, 0],
						"4.6667": [-12.5, 0, 0],
						"4.7083": [-15, 0, 0],
						"4.75": [-12.5, 0, 0],
						"4.7917": [-15, 0, 0],
						"4.8333": [-12.5, 0, 0],
						"4.875": [-15, 0, 0],
						"4.9167": [-12.5, 0, 0],
						"4.9583": [-15, 0, 0],
						"5.0": [-12.5, 0, 0],
						"5.0417": [-15, 0, 0],
						"5.0833": [-12.5, 0, 0],
						"5.125": [-15, 0, 0],
						"5.1667": [-12.5, 0, 0],
						"5.2083": [-15, 0, 0],
						"5.25": [-12.5, 0, 0],
						"5.2917": [-15, 0, 0],
						"5.3333": [-12.5, 0, 0],
						"5.375": [-15, 0, 0],
						"5.4167": [-12.5, 0, 0],
						"5.4583": [-15, 0, 0],
						"5.5": [-12.5, 0, 0],
						"5.5417": [-15, 0, 0],
						"5.5833": [-12.5, 0, 0],
						"5.625": [-15, 0, 0],
						"5.6667": [-12.5, 0, 0],
						"5.7083": [-15, 0, 0],
						"5.75": [-12.5, 0, 0],
						"5.7917": [-15, 0, 0],
						"5.8333": [-12.5, 0, 0],
						"5.875": [-15, 0, 0],
						"5.9167": [-12.5, 0, 0],
						"5.9583": [-15, 0, 0],
						"6.0": [-12.5, 0, 0],
						"6.0417": [-15, 0, 0],
						"6.0833": [-12.5, 0, 0],
						"6.125": [-15, 0, 0],
						"6.1667": [-12.5, 0, 0],
						"6.2083": [-15, 0, 0],
						"6.25": [-12.5, 0, 0],
						"6.2917": [-15, 0, 0],
						"6.3333": [-12.5, 0, 0],
						"6.375": [-15, 0, 0],
						"6.4167": [-12.5, 0, 0],
						"6.4583": [-15, 0, 0],
						"6.5": [-12.5, 0, 0],
						"6.5417": [-15, 0, 0],
						"6.5833": [-12.5, 0, 0],
						"6.625": [-15, 0, 0],
						"6.6667": [-12.5, 0, 0],
						"6.7083": [-15, 0, 0],
						"6.75": [-12.5, 0, 0],
						"6.7917": [-15, 0, 0],
						"6.8333": [-12.5, 0, 0],
						"6.875": [-15, 0, 0],
						"6.9167": [-12.5, 0, 0],
						"6.9583": [-15, 0, 0],
						"7.0": [-12.5, 0, 0],
						"7.0417": [-15, 0, 0],
						"7.0833": [-12.5, 0, 0],
						"7.125": [-15, 0, 0],
						"7.1667": [-12.5, 0, 0],
						"7.2083": [-15, 0, 0],
						"7.25": [-12.5, 0, 0],
						"7.2917": [-15, 0, 0],
						"7.3333": [-12.5, 0, 0],
						"7.375": [-15, 0, 0],
						"7.4167": [-12.5, 0, 0],
						"7.4583": [-15, 0, 0],
						"7.5": [-12.5, 0, 0],
						"7.5417": [-15, 0, 0],
						"7.5833": [-12.5, 0, 0],
						"7.625": [-15, 0, 0],
						"7.6667": [-12.5, 0, 0],
						"7.7083": [-15, 0, 0],
						"7.75": [-15, 0, 0],
						"7.7917": [-12.5, 0, 0],
						"7.8333": [-15, 0, 0],
						"7.875": [-12.5, 0, 0],
						"7.9167": [-15, 0, 0],
						"7.9583": [-12.5, 0, 0],
						"8.0": [-15, 0, 0]
					},
					"scale": 1.1
				},
				"rightmoonarm": {
					"rotation": {
						"0.0": {
							"post": [7.80938, -4.35889, -56.05185],
							"lerp_mode": "catmullrom"
						},
						"1.0": {
							"post": [3.43807, -18.07055, -56.00052],
							"lerp_mode": "catmullrom"
						},
						"2.2917": {
							"post": [-2.39755, -24.34321, -55.22967],
							"lerp_mode": "catmullrom"
						},
						"4.0": {
							"post": [7.80938, -4.35889, -56.05185],
							"lerp_mode": "catmullrom"
						},
						"5.0": {
							"post": [3.43807, -18.07055, -56.00052],
							"lerp_mode": "catmullrom"
						},
						"6.2917": {
							"post": [-2.39755, -24.34321, -55.22967],
							"lerp_mode": "catmullrom"
						},
						"8.0": {
							"post": [7.80938, -4.35889, -56.05185],
							"lerp_mode": "catmullrom"
						}
					}
				},
				"rightmoonarmpeice": {
					"rotation": [0, -60, 0]
				},
				"rightmoonhand": {
					"rotation": [12.2084, -10.35575, -12.2084],
					"scale": 0.9
				},
				"leftmoonarm": {
					"rotation": {
						"0.0": {
							"post": [7.80938, 4.3589, 56.0518],
							"lerp_mode": "catmullrom"
						},
						"1.0": {
							"post": [1.8165, 16.11854, 54.84843],
							"lerp_mode": "catmullrom"
						},
						"2.2917": {
							"post": [-6.01144, 19.85537, 52.92438],
							"lerp_mode": "catmullrom"
						},
						"4.0": {
							"post": [7.80938, 4.3589, 56.0518],
							"lerp_mode": "catmullrom"
						},
						"5.0": {
							"post": [1.8165, 16.11854, 54.84843],
							"lerp_mode": "catmullrom"
						},
						"6.2917": {
							"post": [-6.01144, 19.85537, 52.92438],
							"lerp_mode": "catmullrom"
						},
						"8.0": {
							"post": [7.80938, 4.3589, 56.0518],
							"lerp_mode": "catmullrom"
						}
					}
				},
				"leftmoonarmpeice": {
					"rotation": [0, 60, 0]
				},
				"leftmoonhand": {
					"rotation": [12.2084, 10.3558, 12.2084],
					"scale": 0.9
				},
				"rightmoonleg": {
					"rotation": [-29.83601, 14.76689, 10.34527]
				},
				"rightmoonlegpeice": {
					"rotation": [42.5, 0, 0]
				},
				"rightfoot": {
					"rotation": [-9.88733, -1.29876, -9.91615]
				},
				"leftmoonleg": {
					"rotation": [-29.83601, -14.7669, -10.3453]
				},
				"leftmoonlegpeice": {
					"rotation": [42.5, 0, 0]
				},
				"leftfoot": {
					"rotation": [-9.88733, 1.2988, 9.9162]
				}
			}
		},
		"animation.ftl_sc_sun_player.transformation2": {
			"loop": true,
			"animation_length": 0.0417,
			"bones": {
				"moonwaist": {
					"position": [0, -5, 0]
				},
				"moonbodymoonwaist": {
					"rotation": {
						"0.0": {
							"post": [7.5, 0, 0],
							"lerp_mode": "catmullrom"
						}
					}
				},
				"moonbody": {
					"rotation": {
						"0.0": {
							"post": [12.45353, -0.47627, 0.04904],
							"lerp_mode": "catmullrom"
						},
						"0.0417": {
							"post": [10, 0, 0],
							"lerp_mode": "catmullrom"
						}
					}
				},
				"topmoonbody": {
					"rotation": {
						"0.0": {
							"post": [15, 0, 0],
							"lerp_mode": "catmullrom"
						}
					}
				},
				"neck": {
					"rotation": {
						"0.0": {
							"post": [22.5, 0, 0],
							"lerp_mode": "catmullrom"
						}
					}
				},
				"neckpeice": {
					"rotation": {
						"0.0": {
							"post": [-40, 0, 0],
							"lerp_mode": "catmullrom"
						}
					}
				},
				"moonhead": {
					"rotation": {
						"0.0": [-12.5, 0, 0],
						"0.0417": [-15, 0, 0]
					},
					"scale": 1.1
				},
				"rightmoonarm": {
					"rotation": {
						"0.0": {
							"post": [-38.93002, -70.56671, -21.91788],
							"lerp_mode": "catmullrom"
						}
					}
				},
				"rightmoonarmpeice": {
					"rotation": {
						"0.0": {
							"post": [-180, -82.5, -180],
							"lerp_mode": "catmullrom"
						},
						"0.0417": {
							"post": [-180, -80, -180],
							"lerp_mode": "catmullrom"
						}
					}
				},
				"rightmoonhand": {
					"rotation": {
						"0.0": {
							"post": [-84.51757, -27.44408, -3.36254],
							"lerp_mode": "catmullrom"
						}
					},
					"scale": {
						"0.0": {
							"post": [0.9, 0.9, 0.9],
							"lerp_mode": "catmullrom"
						}
					}
				},
				"leftmoonarm": {
					"rotation": {
						"0.0": {
							"post": [-38.93002, 70.5667, 21.9179],
							"lerp_mode": "catmullrom"
						}
					}
				},
				"leftmoonarmpeice": {
					"rotation": {
						"0.0": {
							"post": [0, 87.5, 0],
							"lerp_mode": "catmullrom"
						},
						"0.0417": {
							"post": [0, 90, 0],
							"lerp_mode": "catmullrom"
						}
					}
				},
				"leftmoonhand": {
					"rotation": {
						"0.0": {
							"post": [-84.15578, 39.88663, 6.57897],
							"lerp_mode": "catmullrom"
						}
					},
					"scale": {
						"0.0": {
							"post": [0.9, 0.9, 0.9],
							"lerp_mode": "catmullrom"
						}
					}
				},
				"rightmoonleg": {
					"rotation": [-29.83601, 14.76689, 10.34527]
				},
				"rightmoonlegpeice": {
					"rotation": [42.5, 0, 0]
				},
				"rightfoot": {
					"rotation": [-9.88733, -1.29876, -9.91615]
				},
				"leftmoonleg": {
					"rotation": [-29.83601, -14.7669, -10.3453]
				},
				"leftmoonlegpeice": {
					"rotation": [42.5, 0, 0]
				},
				"leftfoot": {
					"rotation": [-9.88733, 1.2988, 9.9162]
				}
			}
		},
		"animation.ftl_sc_sun_player.moving": {
			"loop": true,
			"animation_length": 1,
			"anim_time_update": "query.modified_distance_moved *0.1",
			"bones": {
				"moonwaist": {
					"position": {
						"0.0": {
							"post": [0, 11, 0],
							"lerp_mode": "catmullrom"
						},
						"0.25": {
							"post": [0, 0, 0],
							"lerp_mode": "catmullrom"
						},
						"0.5": {
							"post": [0, 11, 0],
							"lerp_mode": "catmullrom"
						},
						"0.75": {
							"post": [0, 0, 0],
							"lerp_mode": "catmullrom"
						},
						"1.0": {
							"post": [0, 11, 0],
							"lerp_mode": "catmullrom"
						}
					}
				},
				"moonbodymoonwaist": {
					"rotation": {
						"0.0": {
							"post": [0, 17.5, -25],
							"lerp_mode": "catmullrom"
						},
						"0.5": {
							"post": [0, -1.0809, 4.8821],
							"lerp_mode": "catmullrom"
						},
						"1.0": {
							"post": [0, 17.5, -25],
							"lerp_mode": "catmullrom"
						}
					}
				},
				"moonbody": {
					"rotation": {
						"0.0": {
							"post": [-12.5, -17.5, 20],
							"lerp_mode": "catmullrom"
						},
						"0.5": {
							"post": [-12.5, -1.0809, 4.8821],
							"lerp_mode": "catmullrom"
						},
						"1.0": {
							"post": [-12.5, -17.5, 20],
							"lerp_mode": "catmullrom"
						}
					}
				},
				"topmoonbody": {
					"rotation": {
						"0.0": {
							"post": [27.31646, -15.84295, -16.43612],
							"lerp_mode": "catmullrom"
						},
						"0.5": {
							"post": [27.31646, 15.843, 16.4361],
							"lerp_mode": "catmullrom"
						},
						"1.0": {
							"post": [27.31646, -15.84295, -16.43612],
							"lerp_mode": "catmullrom"
						}
					}
				},
				"neck": {
					"rotation": {
						"0.0": {
							"post": [-17.5, 0, 0],
							"lerp_mode": "catmullrom"
						}
					}
				},
				"neckpeice": {
					"rotation": {
						"0.0": {
							"post": [20, 0, 0],
							"lerp_mode": "catmullrom"
						}
					}
				},
				"moonhead": {
					"rotation": {
						"0.0": {
							"post": [-16.80857, 26.48829, -7.6734],
							"lerp_mode": "catmullrom"
						},
						"0.5": {
							"post": [-16.80857, -26.4883, 7.6734],
							"lerp_mode": "catmullrom"
						},
						"1.0": {
							"post": [-16.80857, 26.48829, -7.6734],
							"lerp_mode": "catmullrom"
						}
					},
					"scale": 1.1
				},
				"rightmoonarm": {
					"rotation": {
						"0.0": {
							"post": [-63.49475, -54.55312, -4.61016],
							"lerp_mode": "catmullrom"
						},
						"0.25": {
							"post": [-15.54164, -9.21147, -65.39797],
							"lerp_mode": "catmullrom"
						},
						"0.5": {
							"post": [26.03345, 50.33155, -35.10231],
							"lerp_mode": "catmullrom"
						},
						"0.75": {
							"post": [17.73266, -1.33223, -75.93235],
							"lerp_mode": "catmullrom"
						},
						"1.0": {
							"post": [-63.49475, -54.55312, -4.61016],
							"lerp_mode": "catmullrom"
						}
					}
				},
				"rightmoonarmpeice": {
					"rotation": {
						"0.0": {
							"post": [0, -57.5, 0],
							"lerp_mode": "catmullrom"
						},
						"0.5": {
							"post": [0, 12.5, 0],
							"lerp_mode": "catmullrom"
						},
						"1.0": {
							"post": [0, -57.5, 0],
							"lerp_mode": "catmullrom"
						}
					}
				},
				"rightmoonhand": {
					"rotation": {
						"0.0": {
							"post": [22.48148, -44.68059, 18.16791],
							"lerp_mode": "catmullrom"
						},
						"0.5": {
							"post": [45.46346, 32.4653, 1.5918],
							"lerp_mode": "catmullrom"
						},
						"1.0": {
							"post": [22.48148, -44.68059, 18.16791],
							"lerp_mode": "catmullrom"
						}
					},
					"scale": 0.9
				},
				"leftmoonarm": {
					"rotation": {
						"0.0": {
							"post": [35.52964, -45.18665, 22.31213],
							"lerp_mode": "catmullrom"
						},
						"0.25": {
							"post": [1.84635, 21.00319, 66.77367],
							"lerp_mode": "catmullrom"
						},
						"0.5": {
							"post": [-59.87373, 58.95768, 8.93596],
							"lerp_mode": "catmullrom"
						},
						"0.75": {
							"post": [-28.09566, 20.06022, 60.85743],
							"lerp_mode": "catmullrom"
						},
						"1.0": {
							"post": [35.52964, -45.18665, 22.31213],
							"lerp_mode": "catmullrom"
						}
					}
				},
				"leftmoonarmpeice": {
					"rotation": {
						"0.0": {
							"post": [0, -12.5, 0],
							"lerp_mode": "catmullrom"
						},
						"0.5": {
							"post": [0, 57.5, 0],
							"lerp_mode": "catmullrom"
						},
						"1.0": {
							"post": [0, -12.5, 0],
							"lerp_mode": "catmullrom"
						}
					}
				},
				"leftmoonhand": {
					"rotation": {
						"0.0": {
							"post": [45.46346, -32.46527, -1.59176],
							"lerp_mode": "catmullrom"
						},
						"0.5": {
							"post": [22.48148, 44.6806, -18.1679],
							"lerp_mode": "catmullrom"
						},
						"1.0": {
							"post": [45.46346, -32.46527, -1.59176],
							"lerp_mode": "catmullrom"
						}
					},
					"scale": 0.9
				},
				"rightmoonleg": {
					"rotation": {
						"0.0": {
							"post": [20.14806, 2.05729, 3.40706],
							"lerp_mode": "catmullrom"
						},
						"0.5": {
							"post": [-89.70645, 5.8684, 30.5371],
							"lerp_mode": "catmullrom"
						},
						"0.75": {
							"post": [-6.71591, 10.3796, 2.4253],
							"lerp_mode": "catmullrom"
						},
						"1.0": {
							"post": [20.14806, 2.05729, 3.40706],
							"lerp_mode": "catmullrom"
						}
					}
				},
				"rightmoonlegpeice": {
					"rotation": {
						"0.0": {
							"post": [27.5, 0, 0],
							"lerp_mode": "catmullrom"
						},
						"0.5": {
							"post": [125, 0, 0],
							"lerp_mode": "catmullrom"
						},
						"0.75": {
							"post": [1.875, 0, 0],
							"lerp_mode": "catmullrom"
						},
						"1.0": {
							"post": [27.5, 0, 0],
							"lerp_mode": "catmullrom"
						}
					}
				},
				"rightfoot": {
					"rotation": {
						"0.0": {
							"post": [22.5, 0, 0],
							"lerp_mode": "catmullrom"
						},
						"0.5": {
							"post": [42.5, 0, 0],
							"lerp_mode": "catmullrom"
						},
						"0.75": {
							"post": [-1.42857, 0, 0],
							"lerp_mode": "catmullrom"
						},
						"1.0": {
							"post": [22.5, 0, 0],
							"lerp_mode": "catmullrom"
						}
					}
				},
				"leftmoonleg": {
					"rotation": {
						"0.0": {
							"post": [-89.70645, -5.86837, -30.53709],
							"lerp_mode": "catmullrom"
						},
						"0.2083": {
							"post": [-6.71591, -10.3796, -2.42533],
							"lerp_mode": "catmullrom"
						},
						"0.5": {
							"post": [20.14806, -2.0573, -3.4071],
							"lerp_mode": "catmullrom"
						},
						"1.0": {
							"post": [-89.70645, -5.86837, -30.53709],
							"lerp_mode": "catmullrom"
						}
					}
				},
				"leftmoonlegpeice": {
					"rotation": {
						"0.0": {
							"post": [125, 0, 0],
							"lerp_mode": "catmullrom"
						},
						"0.2083": {
							"post": [1.875, 0, 0],
							"lerp_mode": "catmullrom"
						},
						"0.5": {
							"post": [27.5, 0, 0],
							"lerp_mode": "catmullrom"
						},
						"1.0": {
							"post": [125, 0, 0],
							"lerp_mode": "catmullrom"
						}
					}
				},
				"leftfoot": {
					"rotation": {
						"0.0": {
							"post": [42.5, 0, 0],
							"lerp_mode": "catmullrom"
						},
						"0.2083": {
							"post": [-1.42857, 0, 0],
							"lerp_mode": "catmullrom"
						},
						"0.5": {
							"post": [22.5, 0, 0],
							"lerp_mode": "catmullrom"
						},
						"1.0": {
							"post": [42.5, 0, 0],
							"lerp_mode": "catmullrom"
						}
					}
				},
				"sun_player": {
					"scale": {
						"0.0": {
							"post": [1, 1, 1],
							"lerp_mode": "catmullrom"
						},
						"0.125": {
							"post": [1, 1, 1],
							"lerp_mode": "catmullrom"
						},
						"0.25": {
							"post": [0.7, 0.7, 1],
							"lerp_mode": "catmullrom"
						},
						"0.375": {
							"post": [1, 1, 1],
							"lerp_mode": "catmullrom"
						},
						"0.5": {
							"post": [1, 1, 1],
							"lerp_mode": "catmullrom"
						},
						"0.625": {
							"post": [1, 1, 1],
							"lerp_mode": "catmullrom"
						},
						"0.75": {
							"post": [0.7, 0.7, 1],
							"lerp_mode": "catmullrom"
						},
						"0.875": {
							"post": [1, 1, 1],
							"lerp_mode": "catmullrom"
						},
						"1.0": {
							"post": [1, 1, 1],
							"lerp_mode": "catmullrom"
						}
					}
				}
			}
		},
		"animation.ftl_sc_sun_player.picking_old": {
			"loop": true,
			"bones": {
				"rightmoonarm": {
					"rotation": [194.0952, -8.0823, -15.5682]
				},
				"rightmoonarmpeice": {
					"rotation": [-194.0952, 78.6123, -196.7798]
				},
				"rightmoonhand": {
					"rotation": [93.22514, -7.38821, -0.42851]
				},
				"leftmoonarm": {
					"rotation": [-0.68654, -8.08225, 15.56823]
				},
				"leftmoonarmpeice": {
					"rotation": [-210.95547, 74.61157, -215.07344]
				},
				"leftmoonhand": {
					"rotation": [-65.63664, 13.50692, 7.34435]
				},
				"moonhead": {
					"scale": 1.1
				}
			}
		},
		"animation.ftl_sc_sun_player.looking": {
			"loop": true,
			"bones": {
				"neck": {
					"rotation": [0, " math.clamp(query.target_y_rotation, -25, 25)", 0]
				},
				"neckpeice": {
					"rotation": [0, " math.clamp(query.target_y_rotation, -25, 25)", 0]
				},
				"moonhead": {
					"rotation": ["query.target_x_rotation", "query.target_y_rotation", 0]
				}
			}
		},
		"animation.ftl_sc_sun_player.running": {
			"loop": true,
			"animation_length": 1,
			"anim_time_update": "query.modified_distance_moved *0.1",
			"bones": {
				"moonwaist": {
					"position": {
						"0.0": {
							"post": [0, 11, 0],
							"lerp_mode": "catmullrom"
						},
						"0.25": {
							"post": [0, 0, 0],
							"lerp_mode": "catmullrom"
						},
						"0.5": {
							"post": [0, 11, 0],
							"lerp_mode": "catmullrom"
						},
						"0.75": {
							"post": [0, 0, 0],
							"lerp_mode": "catmullrom"
						},
						"1.0": {
							"post": [0, 11, 0],
							"lerp_mode": "catmullrom"
						}
					}
				},
				"moonbodymoonwaist": {
					"rotation": {
						"0.0": {
							"post": [0, 17.5, -25],
							"lerp_mode": "catmullrom"
						},
						"0.5": {
							"post": [0, -1.0809, 4.8821],
							"lerp_mode": "catmullrom"
						},
						"1.0": {
							"post": [0, 17.5, -25],
							"lerp_mode": "catmullrom"
						}
					}
				},
				"moonbody": {
					"rotation": {
						"0.0": {
							"post": [-12.5, -17.5, 20],
							"lerp_mode": "catmullrom"
						},
						"0.5": {
							"post": [-12.5, -1.0809, 4.8821],
							"lerp_mode": "catmullrom"
						},
						"1.0": {
							"post": [-12.5, -17.5, 20],
							"lerp_mode": "catmullrom"
						}
					}
				},
				"topmoonbody": {
					"rotation": {
						"0.0": {
							"post": [27.31646, -15.84295, -16.43612],
							"lerp_mode": "catmullrom"
						},
						"0.5": {
							"post": [27.31646, 15.843, 16.4361],
							"lerp_mode": "catmullrom"
						},
						"1.0": {
							"post": [27.31646, -15.84295, -16.43612],
							"lerp_mode": "catmullrom"
						}
					}
				},
				"neck": {
					"rotation": {
						"0.0": {
							"post": [-17.5, 0, 0],
							"lerp_mode": "catmullrom"
						}
					}
				},
				"neckpeice": {
					"rotation": {
						"0.0": {
							"post": [20, 0, 0],
							"lerp_mode": "catmullrom"
						}
					}
				},
				"moonhead": {
					"rotation": {
						"0.0": {
							"post": [-16.80857, 26.48829, -7.6734],
							"lerp_mode": "catmullrom"
						},
						"0.5": {
							"post": [-16.80857, -26.4883, 7.6734],
							"lerp_mode": "catmullrom"
						},
						"1.0": {
							"post": [-16.80857, 26.48829, -7.6734],
							"lerp_mode": "catmullrom"
						}
					},
					"scale": 1.1
				},
				"rightmoonarm": {
					"rotation": {
						"0.0": {
							"post": [-63.49475, -54.55312, -4.61016],
							"lerp_mode": "catmullrom"
						},
						"0.25": {
							"post": [-15.54164, -9.21147, -65.39797],
							"lerp_mode": "catmullrom"
						},
						"0.5": {
							"post": [26.03345, 50.33155, -35.10231],
							"lerp_mode": "catmullrom"
						},
						"0.75": {
							"post": [17.73266, -1.33223, -75.93235],
							"lerp_mode": "catmullrom"
						},
						"1.0": {
							"post": [-63.49475, -54.55312, -4.61016],
							"lerp_mode": "catmullrom"
						}
					}
				},
				"rightmoonarmpeice": {
					"rotation": {
						"0.0": {
							"post": [0, -57.5, 0],
							"lerp_mode": "catmullrom"
						},
						"0.5": {
							"post": [0, 12.5, 0],
							"lerp_mode": "catmullrom"
						},
						"1.0": {
							"post": [0, -57.5, 0],
							"lerp_mode": "catmullrom"
						}
					}
				},
				"rightmoonhand": {
					"rotation": {
						"0.0": {
							"post": [22.48148, -44.68059, 18.16791],
							"lerp_mode": "catmullrom"
						},
						"0.5": {
							"post": [45.46346, 32.4653, 1.5918],
							"lerp_mode": "catmullrom"
						},
						"1.0": {
							"post": [22.48148, -44.68059, 18.16791],
							"lerp_mode": "catmullrom"
						}
					},
					"scale": 0.9
				},
				"leftmoonarm": {
					"rotation": {
						"0.0": {
							"post": [35.52964, -45.18665, 22.31213],
							"lerp_mode": "catmullrom"
						},
						"0.25": {
							"post": [1.84635, 21.00319, 66.77367],
							"lerp_mode": "catmullrom"
						},
						"0.5": {
							"post": [-59.87373, 58.95768, 8.93596],
							"lerp_mode": "catmullrom"
						},
						"0.75": {
							"post": [-28.09566, 20.06022, 60.85743],
							"lerp_mode": "catmullrom"
						},
						"1.0": {
							"post": [35.52964, -45.18665, 22.31213],
							"lerp_mode": "catmullrom"
						}
					}
				},
				"leftmoonarmpeice": {
					"rotation": {
						"0.0": {
							"post": [0, -12.5, 0],
							"lerp_mode": "catmullrom"
						},
						"0.5": {
							"post": [0, 57.5, 0],
							"lerp_mode": "catmullrom"
						},
						"1.0": {
							"post": [0, -12.5, 0],
							"lerp_mode": "catmullrom"
						}
					}
				},
				"leftmoonhand": {
					"rotation": {
						"0.0": {
							"post": [45.46346, -32.46527, -1.59176],
							"lerp_mode": "catmullrom"
						},
						"0.5": {
							"post": [22.48148, 44.6806, -18.1679],
							"lerp_mode": "catmullrom"
						},
						"1.0": {
							"post": [45.46346, -32.46527, -1.59176],
							"lerp_mode": "catmullrom"
						}
					},
					"scale": 0.9
				},
				"rightmoonleg": {
					"rotation": {
						"0.0": {
							"post": [20.14806, 2.05729, 3.40706],
							"lerp_mode": "catmullrom"
						},
						"0.5": {
							"post": [-89.70645, 5.8684, 30.5371],
							"lerp_mode": "catmullrom"
						},
						"0.75": {
							"post": [-6.71591, 10.3796, 2.4253],
							"lerp_mode": "catmullrom"
						},
						"1.0": {
							"post": [20.14806, 2.05729, 3.40706],
							"lerp_mode": "catmullrom"
						}
					}
				},
				"rightmoonlegpeice": {
					"rotation": {
						"0.0": {
							"post": [27.5, 0, 0],
							"lerp_mode": "catmullrom"
						},
						"0.5": {
							"post": [125, 0, 0],
							"lerp_mode": "catmullrom"
						},
						"0.75": {
							"post": [1.875, 0, 0],
							"lerp_mode": "catmullrom"
						},
						"1.0": {
							"post": [27.5, 0, 0],
							"lerp_mode": "catmullrom"
						}
					}
				},
				"rightfoot": {
					"rotation": {
						"0.0": {
							"post": [22.5, 0, 0],
							"lerp_mode": "catmullrom"
						},
						"0.5": {
							"post": [42.5, 0, 0],
							"lerp_mode": "catmullrom"
						},
						"0.75": {
							"post": [-1.42857, 0, 0],
							"lerp_mode": "catmullrom"
						},
						"1.0": {
							"post": [22.5, 0, 0],
							"lerp_mode": "catmullrom"
						}
					}
				},
				"leftmoonleg": {
					"rotation": {
						"0.0": {
							"post": [-89.70645, -5.86837, -30.53709],
							"lerp_mode": "catmullrom"
						},
						"0.2083": {
							"post": [-6.71591, -10.3796, -2.42533],
							"lerp_mode": "catmullrom"
						},
						"0.5": {
							"post": [20.14806, -2.0573, -3.4071],
							"lerp_mode": "catmullrom"
						},
						"1.0": {
							"post": [-89.70645, -5.86837, -30.53709],
							"lerp_mode": "catmullrom"
						}
					}
				},
				"leftmoonlegpeice": {
					"rotation": {
						"0.0": {
							"post": [125, 0, 0],
							"lerp_mode": "catmullrom"
						},
						"0.2083": {
							"post": [1.875, 0, 0],
							"lerp_mode": "catmullrom"
						},
						"0.5": {
							"post": [27.5, 0, 0],
							"lerp_mode": "catmullrom"
						},
						"1.0": {
							"post": [125, 0, 0],
							"lerp_mode": "catmullrom"
						}
					}
				},
				"leftfoot": {
					"rotation": {
						"0.0": {
							"post": [42.5, 0, 0],
							"lerp_mode": "catmullrom"
						},
						"0.2083": {
							"post": [-1.42857, 0, 0],
							"lerp_mode": "catmullrom"
						},
						"0.5": {
							"post": [22.5, 0, 0],
							"lerp_mode": "catmullrom"
						},
						"1.0": {
							"post": [42.5, 0, 0],
							"lerp_mode": "catmullrom"
						}
					}
				},
				"sun_player": {
					"scale": {
						"0.0": {
							"post": [1, 1, 1],
							"lerp_mode": "catmullrom"
						},
						"0.125": {
							"post": [1, 1, 1],
							"lerp_mode": "catmullrom"
						},
						"0.25": {
							"post": [0.7, 0.7, 1],
							"lerp_mode": "catmullrom"
						},
						"0.375": {
							"post": [1, 1, 1],
							"lerp_mode": "catmullrom"
						},
						"0.5": {
							"post": [1, 1, 1],
							"lerp_mode": "catmullrom"
						},
						"0.625": {
							"post": [1, 1, 1],
							"lerp_mode": "catmullrom"
						},
						"0.75": {
							"post": [0.7, 0.7, 1],
							"lerp_mode": "catmullrom"
						},
						"0.875": {
							"post": [1, 1, 1],
							"lerp_mode": "catmullrom"
						},
						"1.0": {
							"post": [1, 1, 1],
							"lerp_mode": "catmullrom"
						}
					}
				}
			}
		},
		"animation.ftl_sc_sun_player.dancing": {
			"loop": true,
			"animation_length": 2,
			"bones": {
				"rightmoonhand": {
					"rotation": {
						"0.0": {
							"post": [-89.79011, -14.43856, 42.90308],
							"lerp_mode": "catmullrom"
						},
						"1.0": {
							"post": [-74.91603, 17.98925, -27.49807],
							"lerp_mode": "catmullrom"
						},
						"2.0": {
							"post": [-89.79011, -14.43856, 42.90308],
							"lerp_mode": "catmullrom"
						}
					},
					"scale": {
						"0.0": {
							"post": [0.9, 0.9, 0.9],
							"lerp_mode": "catmullrom"
						},
						"2.0": {
							"post": [0.9, 0.9, 0.9],
							"lerp_mode": "catmullrom"
						}
					}
				},
				"leftmoonhand": {
					"rotation": {
						"0.0": {
							"post": [-75.27468, -13.15724, 28.83271],
							"lerp_mode": "catmullrom"
						},
						"1.0": {
							"post": [-89.78752, 16.93851, -42.89346],
							"lerp_mode": "catmullrom"
						},
						"2.0": {
							"post": [-75.27468, -13.15724, 28.83271],
							"lerp_mode": "catmullrom"
						}
					},
					"scale": {
						"0.0": {
							"post": [0.9, 0.9, 0.9],
							"lerp_mode": "catmullrom"
						},
						"2.0": {
							"post": [0.9, 0.9, 0.9],
							"lerp_mode": "catmullrom"
						}
					}
				},
				"moonwaist": {
					"rotation": {
						"0.0": {
							"post": [0, 0, 12.5],
							"lerp_mode": "catmullrom"
						},
						"1.0": {
							"post": [0, 0, -12.5],
							"lerp_mode": "catmullrom"
						},
						"2.0": {
							"post": [0, 0, 12.5],
							"lerp_mode": "catmullrom"
						}
					},
					"position": {
						"0.0": {
							"post": [-3, -9, 0],
							"lerp_mode": "catmullrom"
						},
						"1.0": {
							"post": [3, -9, 0],
							"lerp_mode": "catmullrom"
						},
						"2.0": {
							"post": [-3, -9, 0],
							"lerp_mode": "catmullrom"
						}
					}
				},
				"moonbody": {
					"rotation": {
						"0.0": {
							"post": [14.63783, -0.79256, 5.21938],
							"lerp_mode": "catmullrom"
						},
						"1.0": {
							"post": [14.63783, 0.7926, -5.2194],
							"lerp_mode": "catmullrom"
						},
						"2.0": {
							"post": [14.63783, -0.79256, 5.21938],
							"lerp_mode": "catmullrom"
						}
					}
				},
				"topmoonbody": {
					"rotation": {
						"0.0": {
							"post": [19.8423, -2.55868, 7.05239],
							"lerp_mode": "catmullrom"
						},
						"1.0": {
							"post": [19.8423, 2.5587, -7.0524],
							"lerp_mode": "catmullrom"
						},
						"2.0": {
							"post": [19.8423, -2.55868, 7.05239],
							"lerp_mode": "catmullrom"
						}
					}
				},
				"neck": {
					"rotation": {
						"0.0": {
							"post": [12.5, 0, 0],
							"lerp_mode": "catmullrom"
						},
						"2.0": {
							"post": [12.5, 0, 0],
							"lerp_mode": "catmullrom"
						}
					}
				},
				"neckpeice": {
					"rotation": {
						"0.0": {
							"post": [-25, 0, 0],
							"lerp_mode": "catmullrom"
						},
						"2.0": {
							"post": [-25, 0, 0],
							"lerp_mode": "catmullrom"
						}
					}
				},
				"moonhead": {
					"rotation": {
						"0.0": {
							"post": [-23.30469, 23.82195, -15.05108],
							"lerp_mode": "catmullrom"
						},
						"1.0": {
							"post": [-23.30469, -23.8219, 15.0511],
							"lerp_mode": "catmullrom"
						},
						"2.0": {
							"post": [-23.30469, 23.82195, -15.05108],
							"lerp_mode": "catmullrom"
						}
					},
					"scale": 1.1
				},
				"rightmoonarm": {
					"rotation": {
						"0.0": {
							"post": [-35, 0, 0],
							"lerp_mode": "catmullrom"
						},
						"1.0": {
							"post": [7.5, 0, -10],
							"lerp_mode": "catmullrom"
						},
						"2.0": {
							"post": [-35, 0, 0],
							"lerp_mode": "catmullrom"
						}
					}
				},
				"rightmoonarmpeice": {
					"rotation": {
						"0.0": {
							"post": [0, -67.5, 0],
							"lerp_mode": "catmullrom"
						},
						"1.0": {
							"post": [0, -87.5, 0],
							"lerp_mode": "catmullrom"
						},
						"2.0": {
							"post": [0, -67.5, 0],
							"lerp_mode": "catmullrom"
						}
					}
				},
				"leftmoonarm": {
					"rotation": {
						"0.0": {
							"post": [7.5, 0, 10],
							"lerp_mode": "catmullrom"
						},
						"1.0": {
							"post": [-35, 0, 0],
							"lerp_mode": "catmullrom"
						},
						"2.0": {
							"post": [7.5, 0, 10],
							"lerp_mode": "catmullrom"
						}
					}
				},
				"leftmoonarmpeice": {
					"rotation": {
						"0.0": {
							"post": [0, 87.5, 0],
							"lerp_mode": "catmullrom"
						},
						"1.0": {
							"post": [0, 67.5, 0],
							"lerp_mode": "catmullrom"
						},
						"2.0": {
							"post": [0, 87.5, 0],
							"lerp_mode": "catmullrom"
						}
					}
				},
				"rightmoonleg": {
					"rotation": {
						"0.0": {
							"post": [-43.24636, 33.26611, 4.63615],
							"lerp_mode": "catmullrom"
						},
						"1.0": {
							"post": [-56.79159, 32.8907, 16.2212],
							"lerp_mode": "catmullrom"
						},
						"2.0": {
							"post": [-43.24636, 33.26611, 4.63615],
							"lerp_mode": "catmullrom"
						}
					}
				},
				"rightmoonlegpeice": {
					"rotation": {
						"0.0": {
							"post": [52.5, 0, 0],
							"lerp_mode": "catmullrom"
						},
						"1.0": {
							"post": [75, 0, 0],
							"lerp_mode": "catmullrom"
						},
						"2.0": {
							"post": [52.5, 0, 0],
							"lerp_mode": "catmullrom"
						}
					}
				},
				"rightfoot": {
					"rotation": {
						"0.0": {
							"post": [-2.47864, -0.32621, -14.99294],
							"lerp_mode": "catmullrom"
						},
						"1.0": {
							"post": [-10, 0, -7.5],
							"lerp_mode": "catmullrom"
						},
						"2.0": {
							"post": [-2.47864, -0.32621, -14.99294],
							"lerp_mode": "catmullrom"
						}
					}
				},
				"leftmoonleg": {
					"rotation": {
						"0.0": {
							"post": [-56.79159, -32.89066, -16.22121],
							"lerp_mode": "catmullrom"
						},
						"1.0": {
							"post": [-43.24636, -33.2661, -4.6362],
							"lerp_mode": "catmullrom"
						},
						"2.0": {
							"post": [-56.79159, -32.89066, -16.22121],
							"lerp_mode": "catmullrom"
						}
					}
				},
				"leftmoonlegpeice": {
					"rotation": {
						"0.0": {
							"post": [75, 0, 0],
							"lerp_mode": "catmullrom"
						},
						"1.0": {
							"post": [52.5, 0, 0],
							"lerp_mode": "catmullrom"
						},
						"2.0": {
							"post": [75, 0, 0],
							"lerp_mode": "catmullrom"
						}
					}
				},
				"leftfoot": {
					"rotation": {
						"0.0": {
							"post": [-10, 0, 7.5],
							"lerp_mode": "catmullrom"
						},
						"1.0": {
							"post": [-2.47864, 0.3262, 14.9929],
							"lerp_mode": "catmullrom"
						},
						"2.0": {
							"post": [-10, 0, 7.5],
							"lerp_mode": "catmullrom"
						}
					}
				},
				"rightfinger1": {
					"rotation": {
						"0.0": [0, -47.5, 0],
						"1.0": [0, 32.5, 0],
						"2.0": [0, -47.5, 0]
					}
				},
				"rightfinger2": {
					"rotation": {
						"0.0": [0, -25, 0],
						"1.0": [0, 57.5, 0],
						"2.0": [0, -25, 0]
					}
				},
				"rightfinger3": {
					"rotation": {
						"0.0": [0, -30, 0],
						"1.0": [0, 40, 0],
						"2.0": [0, -30, 0]
					}
				},
				"rightfinger4": {
					"rotation": {
						"0.0": [0, -37.5, 0],
						"1.0": [0, 35, 0],
						"2.0": [0, -37.5, 0]
					}
				},
				"rightfinger5": {
					"rotation": {
						"0.0": [10.39394, -6.6393, -23.75485],
						"2.0": [10.39394, -6.6393, -23.75485]
					}
				},
				"rightfingerpeice5": {
					"rotation": {
						"0.0": [0, 22.5, 0],
						"2.0": [0, 22.5, 0]
					}
				},
				"rightfingertip5": {
					"rotation": {
						"0.0": [0, 20, 0],
						"2.0": [0, 20, 0]
					}
				},
				"leftfinger1": {
					"rotation": {
						"0.0": [0, -27.5, 0],
						"1.0": [0, 57.5, 0],
						"2.0": [0, -27.5, 0]
					}
				},
				"leftfinger2": {
					"rotation": {
						"0.0": [0, -45, 0],
						"1.0": [0, 32.5, 0],
						"2.0": [0, -45, 0]
					}
				},
				"leftfinger3": {
					"rotation": {
						"0.0": [0, -37.5, 0],
						"1.0": [0, 37.5, 0],
						"2.0": [0, -37.5, 0]
					}
				},
				"leftfinger4": {
					"rotation": {
						"0.0": [0, -30, 0],
						"1.0": [0, 47.5, 0],
						"2.0": [0, -30, 0]
					}
				},
				"leftfinger5": {
					"rotation": {
						"0.0": [8.97538, 10.78655, 19.34603],
						"2.0": [8.97538, 10.78655, 19.34603]
					}
				},
				"leftfingerpeice5": {
					"rotation": {
						"0.0": [0, -17.5, 0],
						"2.0": [0, -17.5, 0]
					}
				},
				"leftfingertip5": {
					"rotation": {
						"0.0": [0, -25, 0],
						"2.0": [0, -25, 0]
					}
				}
			}
		},
		"animation.ftl_sc_sun_player.picking": {
			"loop": true,
			"animation_length": 1,
			"anim_time_update": "query.modified_distance_moved *0.1",
			"bones": {
				"rightmoonarm": {
					"rotation": [194.0952, -8.0823, -15.5682]
				},
				"rightmoonarmpeice": {
					"rotation": [-194.0952, 78.6123, -196.7798]
				},
				"rightmoonhand": {
					"rotation": [93.22514, -7.38821, -0.42851]
				},
				"leftmoonarm": {
					"rotation": [-0.68654, -8.08225, 15.56823]
				},
				"leftmoonarmpeice": {
					"rotation": [-210.95547, 74.61157, -215.07344]
				},
				"leftmoonhand": {
					"rotation": [-65.63664, 13.50692, 7.34435]
				},
				"moonhead": {
					"scale": 1.1
				},
				"moonwaist": {
					"position": {
						"0.0": {
							"post": [0, 11, 0],
							"lerp_mode": "catmullrom"
						},
						"0.24": {
							"post": [0, 0, 0],
							"lerp_mode": "catmullrom"
						},
						"0.52": {
							"post": [0, 11, 0],
							"lerp_mode": "catmullrom"
						},
						"0.76": {
							"post": [0, 0, 0],
							"lerp_mode": "catmullrom"
						},
						"1.0": {
							"post": [0, 11, 0],
							"lerp_mode": "catmullrom"
						}
					}
				},
				"rightmoonleg": {
					"rotation": {
						"0.0": {
							"post": [20.14806, 2.05729, 3.40706],
							"lerp_mode": "catmullrom"
						},
						"0.52": {
							"post": [-89.70645, 5.8684, 30.5371],
							"lerp_mode": "catmullrom"
						},
						"0.76": {
							"post": [-6.71591, 10.3796, 2.4253],
							"lerp_mode": "catmullrom"
						},
						"1.0": {
							"post": [20.14806, 2.05729, 3.40706],
							"lerp_mode": "catmullrom"
						}
					}
				},
				"rightmoonlegpeice": {
					"rotation": {
						"0.0": {
							"post": [27.5, 0, 0],
							"lerp_mode": "catmullrom"
						},
						"0.52": {
							"post": [125, 0, 0],
							"lerp_mode": "catmullrom"
						},
						"0.76": {
							"post": [1.875, 0, 0],
							"lerp_mode": "catmullrom"
						},
						"1.0": {
							"post": [27.5, 0, 0],
							"lerp_mode": "catmullrom"
						}
					}
				},
				"rightfoot": {
					"rotation": {
						"0.0": {
							"post": [22.5, 0, 0],
							"lerp_mode": "catmullrom"
						},
						"0.52": {
							"post": [42.5, 0, 0],
							"lerp_mode": "catmullrom"
						},
						"0.76": {
							"post": [-1.42857, 0, 0],
							"lerp_mode": "catmullrom"
						},
						"1.0": {
							"post": [22.5, 0, 0],
							"lerp_mode": "catmullrom"
						}
					}
				},
				"leftmoonleg": {
					"rotation": {
						"0.0": {
							"post": [-89.70645, -5.86837, -30.53709],
							"lerp_mode": "catmullrom"
						},
						"0.2": {
							"post": [-6.71591, -10.3796, -2.42533],
							"lerp_mode": "catmullrom"
						},
						"0.52": {
							"post": [20.14806, -2.0573, -3.4071],
							"lerp_mode": "catmullrom"
						},
						"1.0": {
							"post": [-89.70645, -5.86837, -30.53709],
							"lerp_mode": "catmullrom"
						}
					}
				},
				"leftmoonlegpeice": {
					"rotation": {
						"0.0": {
							"post": [125, 0, 0],
							"lerp_mode": "catmullrom"
						},
						"0.2": {
							"post": [1.875, 0, 0],
							"lerp_mode": "catmullrom"
						},
						"0.52": {
							"post": [27.5, 0, 0],
							"lerp_mode": "catmullrom"
						},
						"1.0": {
							"post": [125, 0, 0],
							"lerp_mode": "catmullrom"
						}
					}
				},
				"leftfoot": {
					"rotation": {
						"0.0": {
							"post": [42.5, 0, 0],
							"lerp_mode": "catmullrom"
						},
						"0.2": {
							"post": [-1.42857, 0, 0],
							"lerp_mode": "catmullrom"
						},
						"0.52": {
							"post": [22.5, 0, 0],
							"lerp_mode": "catmullrom"
						},
						"1.0": {
							"post": [42.5, 0, 0],
							"lerp_mode": "catmullrom"
						}
					}
				}
			}
		}
	}
}
\\"": \\\\""?\\\"": \\\\""?\\\"": \\\\""?\\\"": \\\\""?\\\"": \\\\""?\\\"": \\\\""?\\\"": \\\\""?\\\"": \\\\""?\\\"": \\\\""?\\\"": \\\\""?\\\"": \\\\""?\\\"": \\\\""?\\\"": \\\\""?\\\"": \\\\""?\\\"": \\\\""?\\\"": \\\\""?\\\"": \\\\""?\\\"": \\\\""?\\\"": \\\\""?\\\"": \\\\""?\\\"": \\\\""?\\\"": \\\\""?\\\"": \\\\""?\\\"": \\\\""?\\\"": \\\\""?\\\"": \\\\""?\\\"": \\\\""?\\\"": \\\\""?\\\"": \\\\""?\\\"": \\\\""?\\\"": \\\\""?\\\"": \\\\""?\\\"": \\\\""?\\\"": \\\\""?\\\"": \\\\""?\\\"": \\\\""?\\\"": \\\\""?\\\"": \\\\""?\\\"": \\\\""?\\\"": \\\\""?\\\"": \\\\""?\\\"": \\\\""?\\\"": \\\\""?\\\"": \\\\""?\\\"": \\\\""?\\\"": \\\\""?\\\"": \\\\""?\\\"": \\\\""?\\\"": \\\\""?\\\"": \\\\""?\\\"": \\\\""?\]}}}}}