{
	"format_version": "1.8.0",
	"animations": {
		"animation.ftl_sc_shattered_roxanne.dead": {
			"loop": true,
			"bones": {
				"waist": {
					"rotation": [-90, 0, 0],
					"position": [0, 6, 0]
				},
				"body": {
					"rotation": [-0.2351, -0.01361, 2.48891]
				},
				"head": {
					"rotation": [0, -55, 0]
				},
				"jaw": {
					"rotation": [52.5, 0, 0]
				},
				"rightarm": {
					"rotation": [0, 0, 30]
				},
				"rightarmpeice": {
					"rotation": [0, 0, 107.5]
				},
				"leftarm": {
					"rotation": [0, 0, -17.5]
				},
				"leftarmpeice": {
					"rotation": [0, 0, -50]
				},
				"tail": {
					"rotation": [0, -87.5, 0]
				},
				"rightleg": {
					"rotation": [0, 0, 2.5]
				},
				"leftleg": {
					"rotation": [0, 0, -25]
				}
			}
		},
		"animation.ftl_sc_shattered_roxanne.new": {
			"loop": true
		},
		"animation.ftl_sc_shattered_roxanne.looking": {
			"loop": true,
			"bones": {
				"body": {
					"rotation": [0, "math.clamp(query.target_y_rotation, -25, 25)", 0]
				},
				"neck": {
					"rotation": [0, "math.clamp(query.target_y_rotation, -25, 25)", 0]
				},
				"head": {
					"rotation": ["query.target_x_rotation", "query.target_y_rotation", 0]
				}
			}
		},
		"animation.ftl_sc_shattered_roxanne.running": {
			"loop": true,
			"animation_length": 1,
			"anim_time_update": "query.modified_distance_moved * 0.1",
			"bones": {
				"waist": {
					"position": {
						"0.0": {
							"post": [0, -6, 0],
							"lerp_mode": "catmullrom"
						},
						"0.125": {
							"post": [0, -3, 0],
							"lerp_mode": "catmullrom"
						},
						"0.25": {
							"post": [0, -2, 0],
							"lerp_mode": "catmullrom"
						},
						"0.5": {
							"post": [0, -6, 0],
							"lerp_mode": "catmullrom"
						},
						"0.625": {
							"post": [0, -3, 0],
							"lerp_mode": "catmullrom"
						},
						"0.75": {
							"post": [0, -2, 0],
							"lerp_mode": "catmullrom"
						},
						"1.0": {
							"post": [0, -6, 0],
							"lerp_mode": "catmullrom"
						}
					}
				},
				"bodywaist": {
					"rotation": {
						"0.0": {
							"post": [12.71051, -14.35935, 7.03607],
							"lerp_mode": "catmullrom"
						},
						"0.25": {
							"post": [10, 0, 0],
							"lerp_mode": "catmullrom"
						},
						"0.5": {
							"post": [12.71051, 14.3593, -7.0361],
							"lerp_mode": "catmullrom"
						},
						"0.75": {
							"post": [10, 0, 0],
							"lerp_mode": "catmullrom"
						},
						"1.0": {
							"post": [12.71051, -14.35935, 7.03607],
							"lerp_mode": "catmullrom"
						}
					}
				},
				"body": {
					"rotation": {
						"0.0": {
							"post": [33.04202, 12.63874, -10.67264],
							"lerp_mode": "catmullrom"
						},
						"0.25": {
							"post": [30, 0, 0],
							"lerp_mode": "catmullrom"
						},
						"0.5": {
							"post": [33.04202, -12.6387, 10.6726],
							"lerp_mode": "catmullrom"
						},
						"0.75": {
							"post": [30, 0, 0],
							"lerp_mode": "catmullrom"
						},
						"1.0": {
							"post": [33.04202, 12.63874, -10.67264],
							"lerp_mode": "catmullrom"
						}
					}
				},
				"neck": {
					"rotation": {
						"0.0": {
							"post": [-15, 0, 0],
							"lerp_mode": "catmullrom"
						},
						"0.25": {
							"post": [-10, 0, 0],
							"lerp_mode": "catmullrom"
						},
						"0.5": {
							"post": [-15, 0, 0],
							"lerp_mode": "catmullrom"
						},
						"0.75": {
							"post": [-10, 0, 0],
							"lerp_mode": "catmullrom"
						},
						"1.0": {
							"post": [-15, 0, 0],
							"lerp_mode": "catmullrom"
						}
					}
				},
				"head": {
					"rotation": {
						"0.0": {
							"post": [7.05956, 30.74432, 24.60836],
							"lerp_mode": "catmullrom"
						},
						"0.25": {
							"post": [-35.48312, -8.84286, -7.15604],
							"lerp_mode": "catmullrom"
						},
						"0.5": {
							"post": [7.05956, -30.7443, -24.6084],
							"lerp_mode": "catmullrom"
						},
						"0.75": {
							"post": [-35.48312, 8.8429, 7.156],
							"lerp_mode": "catmullrom"
						},
						"1.0": {
							"post": [7.05956, 30.74432, 24.60836],
							"lerp_mode": "catmullrom"
						}
					}
				},
				"rightear": {
					"rotation": {
						"0.0": {
							"post": [0, 0, -5],
							"lerp_mode": "catmullrom"
						},
						"0.25": {
							"post": [0, 0, 0],
							"lerp_mode": "catmullrom"
						},
						"0.5": {
							"post": [0, 0, -5],
							"lerp_mode": "catmullrom"
						},
						"0.75": {
							"post": [0, 0, 0],
							"lerp_mode": "catmullrom"
						},
						"1.0": {
							"post": [0, 0, -5],
							"lerp_mode": "catmullrom"
						}
					}
				},
				"rightearring": {
					"rotation": {
						"0.0": {
							"post": [0, 0, -10],
							"lerp_mode": "catmullrom"
						},
						"0.25": {
							"post": [0, 0, 30],
							"lerp_mode": "catmullrom"
						},
						"0.5": {
							"post": [0, 0, -10],
							"lerp_mode": "catmullrom"
						},
						"0.75": {
							"post": [0, 0, 30],
							"lerp_mode": "catmullrom"
						},
						"1.0": {
							"post": [0, 0, -10],
							"lerp_mode": "catmullrom"
						}
					}
				},
				"leftear": {
					"rotation": {
						"0.0": {
							"post": [0, 0, 7.5],
							"lerp_mode": "catmullrom"
						},
						"0.25": {
							"post": [0, 0, 0],
							"lerp_mode": "catmullrom"
						},
						"0.5": {
							"post": [0, 0, 7.5],
							"lerp_mode": "catmullrom"
						},
						"0.75": {
							"post": [0, 0, 0],
							"lerp_mode": "catmullrom"
						},
						"1.0": {
							"post": [0, 0, 7.5],
							"lerp_mode": "catmullrom"
						}
					}
				},
				"leftearring": {
					"rotation": {
						"0.0": {
							"post": [0, 0, 7.5],
							"lerp_mode": "catmullrom"
						},
						"0.25": {
							"post": [0, 0, -22.5],
							"lerp_mode": "catmullrom"
						},
						"0.5": {
							"post": [0, 0, 7.5],
							"lerp_mode": "catmullrom"
						},
						"0.75": {
							"post": [0, 0, -22.5],
							"lerp_mode": "catmullrom"
						},
						"1.0": {
							"post": [0, 0, 7.5],
							"lerp_mode": "catmullrom"
						}
					}
				},
				"jaw": {
					"rotation": {
						"0.0": {
							"post": [62.5, 0, 0],
							"lerp_mode": "catmullrom"
						},
						"0.25": {
							"post": [32.5, 0, 0],
							"lerp_mode": "catmullrom"
						},
						"0.5": {
							"post": [62.5, 0, 0],
							"lerp_mode": "catmullrom"
						},
						"0.75": {
							"post": [32.5, 0, 0],
							"lerp_mode": "catmullrom"
						},
						"1.0": {
							"post": [62.5, 0, 0],
							"lerp_mode": "catmullrom"
						}
					}
				},
				"hair": {
					"rotation": {
						"0.0": {
							"post": [5, 0, 0],
							"lerp_mode": "catmullrom"
						},
						"0.25": {
							"post": [12.5, 0, 0],
							"lerp_mode": "catmullrom"
						},
						"0.5": {
							"post": [5, 0, 0],
							"lerp_mode": "catmullrom"
						},
						"0.75": {
							"post": [12.5, 0, 0],
							"lerp_mode": "catmullrom"
						},
						"1.0": {
							"post": [5, 0, 0],
							"lerp_mode": "catmullrom"
						}
					}
				},
				"hairpeice": {
					"rotation": {
						"0.0": {
							"post": [15, 0, 0],
							"lerp_mode": "catmullrom"
						},
						"0.25": {
							"post": [25, 0, 0],
							"lerp_mode": "catmullrom"
						},
						"0.5": {
							"post": [15, 0, 0],
							"lerp_mode": "catmullrom"
						},
						"0.75": {
							"post": [25, 0, 0],
							"lerp_mode": "catmullrom"
						},
						"1.0": {
							"post": [15, 0, 0],
							"lerp_mode": "catmullrom"
						}
					}
				},
				"rightarm": {
					"rotation": {
						"0.0": {
							"post": [102.71738, 31.01138, 180.6304],
							"lerp_mode": "catmullrom"
						},
						"0.25": {
							"post": [3.9513, 15.18982, 89.29681],
							"lerp_mode": "catmullrom"
						},
						"0.5": {
							"post": [-61.75195, -24.022, 33.3379],
							"lerp_mode": "catmullrom"
						},
						"0.75": {
							"post": [0.17317, 9.58757, 80.53147],
							"lerp_mode": "catmullrom"
						},
						"1.0": {
							"post": [102.71738, 31.01138, 180.6304],
							"lerp_mode": "catmullrom"
						}
					}
				},
				"rightarmpeice": {
					"rotation": {
						"0.0": {
							"post": [-65, 0, 0],
							"lerp_mode": "catmullrom"
						},
						"0.25": {
							"post": [1.00586, 0, 0],
							"lerp_mode": "catmullrom"
						},
						"0.5": {
							"post": [-32.5, 0, 0],
							"lerp_mode": "catmullrom"
						},
						"0.75": {
							"post": [-108.59375, 0, 0],
							"lerp_mode": "catmullrom"
						},
						"1.0": {
							"post": [-65, 0, 0],
							"lerp_mode": "catmullrom"
						}
					}
				},
				"leftarm": {
					"rotation": {
						"0.0": {
							"post": [-61.75195, 24.02196, -33.33793],
							"lerp_mode": "catmullrom"
						},
						"0.25": {
							"post": [5.52732, -30.2555, -82.99145],
							"lerp_mode": "catmullrom"
						},
						"0.5": {
							"post": [102.71738, -31.0114, -180.6304],
							"lerp_mode": "catmullrom"
						},
						"0.75": {
							"post": [10.04369, -23.68658, -95.25521],
							"lerp_mode": "catmullrom"
						},
						"1.0": {
							"post": [-61.75195, 24.02196, -33.33793],
							"lerp_mode": "catmullrom"
						}
					}
				},
				"leftarmpeice": {
					"rotation": {
						"0.0": {
							"post": [-32.5, 0, 0],
							"lerp_mode": "catmullrom"
						},
						"0.25": {
							"post": [-111.40625, 0, 0],
							"lerp_mode": "catmullrom"
						},
						"0.5": {
							"post": [-65, 0, 0],
							"lerp_mode": "catmullrom"
						},
						"0.75": {
							"post": [-0.84961, 0, 0],
							"lerp_mode": "catmullrom"
						},
						"1.0": {
							"post": [-32.5, 0, 0],
							"lerp_mode": "catmullrom"
						}
					}
				},
				"tail": {
					"rotation": {
						"0.0": {
							"post": [-40.02563, -1.43364, 2.04831],
							"lerp_mode": "catmullrom"
						},
						"0.5": {
							"post": [-40.02563, 1.4336, -2.0483],
							"lerp_mode": "catmullrom"
						},
						"1.0": {
							"post": [-40.02563, -1.43364, 2.04831],
							"lerp_mode": "catmullrom"
						}
					}
				},
				"tailpeice1": {
					"rotation": {
						"0.0": {
							"post": [-20.07031, -4.69776, 1.71394],
							"lerp_mode": "catmullrom"
						},
						"0.25": {
							"post": [-20.35469, -9.38703, 3.4628],
							"lerp_mode": "catmullrom"
						},
						"0.5": {
							"post": [-20.07031, 4.6978, -1.7139],
							"lerp_mode": "catmullrom"
						},
						"0.75": {
							"post": [-20.35469, 9.387, -3.4628],
							"lerp_mode": "catmullrom"
						},
						"1.0": {
							"post": [-20.07031, -4.69776, 1.71394],
							"lerp_mode": "catmullrom"
						}
					}
				},
				"tailpeice2": {
					"rotation": {
						"0.0": {
							"post": [-22.57734, -4.61854, 1.91757],
							"lerp_mode": "catmullrom"
						},
						"0.25": {
							"post": [-23.55595, -16.12064, 6.90221],
							"lerp_mode": "catmullrom"
						},
						"0.5": {
							"post": [-22.57734, 4.6185, -1.9176],
							"lerp_mode": "catmullrom"
						},
						"0.75": {
							"post": [-23.55595, 16.1206, -6.9022],
							"lerp_mode": "catmullrom"
						},
						"1.0": {
							"post": [-22.57734, -4.61854, 1.91757],
							"lerp_mode": "catmullrom"
						}
					}
				},
				"tailpeice3": {
					"rotation": {
						"0.0": {
							"post": [-15.0547, -4.82922, 1.29717],
							"lerp_mode": "catmullrom"
						},
						"0.25": {
							"post": [-15.74982, -16.88102, 4.68183],
							"lerp_mode": "catmullrom"
						},
						"0.5": {
							"post": [-15.0547, 4.8292, -1.2972],
							"lerp_mode": "catmullrom"
						},
						"0.75": {
							"post": [-15.74982, 16.881, -4.6818],
							"lerp_mode": "catmullrom"
						},
						"1.0": {
							"post": [-15.0547, -4.82922, 1.29717],
							"lerp_mode": "catmullrom"
						}
					}
				},
				"tailpeice4": {
					"rotation": {
						"0.0": {
							"post": [-15.0547, -4.82922, 1.29717],
							"lerp_mode": "catmullrom"
						},
						"0.25": {
							"post": [-15.97296, -19.28587, 5.40056],
							"lerp_mode": "catmullrom"
						},
						"0.5": {
							"post": [-15.0547, 4.8292, -1.2972],
							"lerp_mode": "catmullrom"
						},
						"0.75": {
							"post": [-15.97296, 19.2859, -5.4006],
							"lerp_mode": "catmullrom"
						},
						"1.0": {
							"post": [-15.0547, -4.82922, 1.29717],
							"lerp_mode": "catmullrom"
						}
					}
				},
				"rightleg": {
					"rotation": {
						"0.0": {
							"post": [-36.24389, 12.97641, 6.63143],
							"lerp_mode": "catmullrom"
						},
						"0.5": {
							"post": [23.11189, 6.517, 4.8406],
							"lerp_mode": "catmullrom"
						},
						"0.75": {
							"post": [-54.066, 9.7467, 5.736],
							"lerp_mode": "catmullrom"
						},
						"1.0": {
							"post": [-36.24389, 12.97641, 6.63143],
							"lerp_mode": "catmullrom"
						}
					}
				},
				"rightlegpeice": {
					"rotation": {
						"0.0": {
							"post": [40, 0, 0],
							"lerp_mode": "catmullrom"
						},
						"0.25": {
							"post": [21.25, 0, 0],
							"lerp_mode": "catmullrom"
						},
						"0.5": {
							"post": [22.5, 0, 0],
							"lerp_mode": "catmullrom"
						},
						"0.75": {
							"post": [61.25, 0, 0],
							"lerp_mode": "catmullrom"
						},
						"0.875": {
							"post": [33.125, 0, 0],
							"lerp_mode": "catmullrom"
						},
						"1.0": {
							"post": [40, 0, 0],
							"lerp_mode": "catmullrom"
						}
					}
				},
				"rightfoot": {
					"rotation": {
						"0.0": {
							"post": [-2.4905, -0.21782, -4.99526],
							"lerp_mode": "catmullrom"
						},
						"0.375": {
							"post": [-26.80995, -1.6376, -4.649],
							"lerp_mode": "catmullrom"
						},
						"0.5": {
							"post": [-24.91643, -2.1109, -4.5336],
							"lerp_mode": "catmullrom"
						},
						"0.625": {
							"post": [-26.80995, -1.6376, -4.649],
							"lerp_mode": "catmullrom"
						},
						"0.75": {
							"post": [11.29654, -1.1643, -4.7644],
							"lerp_mode": "catmullrom"
						},
						"0.875": {
							"post": [-5.59698, -0.6911, -4.8799],
							"lerp_mode": "catmullrom"
						},
						"1.0": {
							"post": [-2.4905, -0.21782, -4.99526],
							"lerp_mode": "catmullrom"
						}
					}
				},
				"leftleg": {
					"rotation": {
						"0.0": {
							"post": [23.11189, -6.51704, -4.84059],
							"lerp_mode": "catmullrom"
						},
						"0.25": {
							"post": [-54.066, -9.74672, -5.736],
							"lerp_mode": "catmullrom"
						},
						"0.5": {
							"post": [-36.24389, -12.9764, -6.6314],
							"lerp_mode": "catmullrom"
						},
						"1.0": {
							"post": [23.11189, -6.51704, -4.84059],
							"lerp_mode": "catmullrom"
						}
					}
				},
				"leftlegpeice": {
					"rotation": {
						"0.0": {
							"post": [22.5, 0, 0],
							"lerp_mode": "catmullrom"
						},
						"0.25": {
							"post": [61.25, 0, 0],
							"lerp_mode": "catmullrom"
						},
						"0.375": {
							"post": [33.125, 0, 0],
							"lerp_mode": "catmullrom"
						},
						"0.5": {
							"post": [40, 0, 0],
							"lerp_mode": "catmullrom"
						},
						"0.75": {
							"post": [21.25, 0, 0],
							"lerp_mode": "catmullrom"
						},
						"1.0": {
							"post": [22.5, 0, 0],
							"lerp_mode": "catmullrom"
						}
					}
				},
				"leftfoot": {
					"rotation": {
						"0.0": {
							"post": [-24.91643, 2.11089, 4.53359],
							"lerp_mode": "catmullrom"
						},
						"0.125": {
							"post": [-26.80995, 1.63762, 4.64902],
							"lerp_mode": "catmullrom"
						},
						"0.25": {
							"post": [11.29654, 1.16434, 4.76445],
							"lerp_mode": "catmullrom"
						},
						"0.375": {
							"post": [-5.59698, 0.69107, 4.87987],
							"lerp_mode": "catmullrom"
						},
						"0.5": {
							"post": [-2.4905, 0.2178, 4.9953],
							"lerp_mode": "catmullrom"
						},
						"0.875": {
							"post": [-26.80995, 1.63762, 4.64902],
							"lerp_mode": "catmullrom"
						},
						"1.0": {
							"post": [-24.91643, 2.11089, 4.53359],
							"lerp_mode": "catmullrom"
						}
					}
				},
				"topeyelids": {
					"rotation": {
						"0.0": {
							"post": [-10, 0, 0],
							"lerp_mode": "catmullrom"
						},
						"0.25": {
							"post": [-22.5, 0, 0],
							"lerp_mode": "catmullrom"
						},
						"0.5": {
							"post": [-10, 0, 0],
							"lerp_mode": "catmullrom"
						},
						"0.75": {
							"post": [-22.5, 0, 0],
							"lerp_mode": "catmullrom"
						},
						"1.0": {
							"post": [-10, 0, 0],
							"lerp_mode": "catmullrom"
						}
					}
				},
				"rightfinger1": {
					"rotation": [-19.97096, 11.2531, 25.25766]
				},
				"rightfingerpiece1": {
					"rotation": [0, 0, -42.5]
				},
				"rightfinger2": {
					"rotation": [13.74074, -6.60796, 21.55613]
				},
				"rightfingerpiece2": {
					"rotation": [0, 0, -37.5]
				},
				"rightfinger3": {
					"rotation": [0, 0, 27.5]
				},
				"rightfingerpiece3": {
					"rotation": [0, 0, -55]
				},
				"rightfinger4": {
					"rotation": [-24.71795, -13.12717, -15.37448]
				},
				"rightfingerpiece4": {
					"rotation": [37.5, 0, 0]
				},
				"leftfinger1": {
					"rotation": [-16.50371, -5.90316, -19.14314]
				},
				"leftfingerpiece1": {
					"rotation": [0, 0, 55]
				},
				"leftfinger2": {
					"rotation": [17.67393, 10.17781, -25.68482]
				},
				"leftfingerpiece2": {
					"rotation": [0, 0, 55]
				},
				"leftfinger3": {
					"rotation": [0, 0, -25]
				},
				"leftfingerpiece3": {
					"rotation": [0, 0, 47.5]
				},
				"leftfinger4": {
					"rotation": [-17.05288, 16.13018, 25.94755]
				},
				"leftfingerpiece4": {
					"rotation": [40, 0, 0]
				}
			}
		},
		"animation.ftl_sc_shattered_roxanne.attack": {
			"animation_length": 0.95833,
			"bones": {
				"bodywaist": {
					"rotation": {
						"0.0": {
							"post": [0, 0, 0],
							"lerp_mode": "catmullrom"
						},
						"0.125": {
							"post": [47.5, 0, 0],
							"lerp_mode": "catmullrom"
						},
						"0.7083": {
							"post": [47.5, 0, 0],
							"lerp_mode": "catmullrom"
						},
						"0.8333": {
							"post": [0, 0, 0],
							"lerp_mode": "catmullrom"
						},
						"0.9583": {
							"post": [0, 0, 0],
							"lerp_mode": "catmullrom"
						}
					}
				},
				"body": {
					"rotation": {
						"0.0": {
							"post": [0, 0, 0],
							"lerp_mode": "catmullrom"
						},
						"0.125": {
							"post": [22.5, 0, 0],
							"lerp_mode": "catmullrom"
						},
						"0.7083": {
							"post": [22.5, 0, 0],
							"lerp_mode": "catmullrom"
						},
						"0.8333": {
							"post": [0, 0, 0],
							"lerp_mode": "catmullrom"
						},
						"0.9583": {
							"post": [0, 0, 0],
							"lerp_mode": "catmullrom"
						}
					}
				},
				"head": {
					"rotation": {
						"0.0": {
							"post": [0, 0, 0],
							"lerp_mode": "catmullrom"
						},
						"0.125": {
							"post": [-60.5782, -23.40882, 1.4036],
							"lerp_mode": "catmullrom"
						},
						"0.2917": {
							"post": [-60.5232, 31.62748, -24.0877],
							"lerp_mode": "catmullrom"
						},
						"0.4583": {
							"post": [-50.07553, 2.83121, 25.69335],
							"lerp_mode": "catmullrom"
						},
						"0.625": {
							"post": [-61.62868, 32.68154, 17.2779],
							"lerp_mode": "catmullrom"
						},
						"0.75": {
							"post": [0, 0, 0],
							"lerp_mode": "catmullrom"
						},
						"0.9583": {
							"post": [0, 0, 0],
							"lerp_mode": "catmullrom"
						}
					}
				},
				"jaw": {
					"rotation": {
						"0.0": {
							"post": [0, 0, 0],
							"lerp_mode": "catmullrom"
						},
						"0.125": {
							"post": [80, 0, 0],
							"lerp_mode": "catmullrom"
						},
						"0.2083": {
							"post": [19.88095, 0, 0],
							"lerp_mode": "catmullrom"
						},
						"0.2917": {
							"post": [54.7619, 0, 0],
							"lerp_mode": "catmullrom"
						},
						"0.375": {
							"post": [8.31933, 0, 0],
							"lerp_mode": "catmullrom"
						},
						"0.4583": {
							"post": [47.21008, 0, 0],
							"lerp_mode": "catmullrom"
						},
						"0.5417": {
							"post": [6.19699, 0, 0],
							"lerp_mode": "catmullrom"
						},
						"0.625": {
							"post": [65.1839, 0, 0],
							"lerp_mode": "catmullrom"
						},
						"0.75": {
							"post": [0, 0, 0],
							"lerp_mode": "catmullrom"
						},
						"0.9583": {
							"post": [0, 0, 0],
							"lerp_mode": "catmullrom"
						}
					}
				},
				"hair": {
					"rotation": {
						"0.0": {
							"post": [0, 0, 0],
							"lerp_mode": "catmullrom"
						},
						"0.125": {
							"post": [42.5, 0, 0],
							"lerp_mode": "catmullrom"
						},
						"0.4583": {
							"post": [20, 0, 0],
							"lerp_mode": "catmullrom"
						},
						"0.625": {
							"post": [27.5, 0, 0],
							"lerp_mode": "catmullrom"
						},
						"0.75": {
							"post": [0, 0, 0],
							"lerp_mode": "catmullrom"
						},
						"0.9583": {
							"post": [0, 0, 0],
							"lerp_mode": "catmullrom"
						}
					}
				},
				"hairpeice": {
					"rotation": {
						"0.0": {
							"post": [0, 0, 0],
							"lerp_mode": "catmullrom"
						},
						"0.125": {
							"post": [8.99873, 21.27762, 10.69857],
							"lerp_mode": "catmullrom"
						},
						"0.2917": {
							"post": [0, 0, -27.5],
							"lerp_mode": "catmullrom"
						},
						"0.4583": {
							"post": [19.65736, -15.7627, 9.75235],
							"lerp_mode": "catmullrom"
						},
						"0.625": {
							"post": [38.32594, -20.00638, -28.80498],
							"lerp_mode": "catmullrom"
						},
						"0.75": {
							"post": [0, 0, 0],
							"lerp_mode": "catmullrom"
						},
						"0.9583": {
							"post": [0, 0, 0],
							"lerp_mode": "catmullrom"
						}
					}
				}
			}
		},
		"animation.ftl_sc_shattered_roxanne.general": {
			"loop": true,
			"animation_length": 7.8125,
			"bones": {
				"waist": {
					"position": [0, -4, 0]
				},
				"bodywaist": {
					"rotation": [22.5, 0, 0]
				},
				"body": {
					"rotation": {
						"0.0": {
							"post": [15, 0, 0],
							"lerp_mode": "catmullrom"
						},
						"1.0": {
							"post": [17.5, 0, 0],
							"lerp_mode": "catmullrom"
						},
						"2.0": {
							"post": [20, 0, 0],
							"lerp_mode": "catmullrom"
						},
						"2.9375": {
							"post": [7.5, 0, 0],
							"lerp_mode": "catmullrom"
						},
						"3.9375": {
							"post": [15, 0, 0],
							"lerp_mode": "catmullrom"
						},
						"4.9375": {
							"post": [17.5, 0, 0],
							"lerp_mode": "catmullrom"
						},
						"5.9375": {
							"post": [20, 0, 0],
							"lerp_mode": "catmullrom"
						},
						"6.8125": {
							"post": [7.5, 0, 0],
							"lerp_mode": "catmullrom"
						},
						"7.8125": {
							"post": [15, 0, 0],
							"lerp_mode": "catmullrom"
						}
					}
				},
				"neck": {
					"rotation": [20, 0, 0]
				},
				"head": {
					"rotation": [-42.5, 0, 0]
				},
				"rightear": {
					"rotation": [0, 0, -20]
				},
				"rightearring": {
					"rotation": [0, 0, 7.5]
				},
				"leftear": {
					"rotation": [0, 0, 17.5]
				},
				"leftearring": {
					"rotation": {
						"0.0": {
							"post": [0, 0, -7.5],
							"lerp_mode": "catmullrom"
						},
						"2.375": {
							"post": [0, 0, -7.5],
							"lerp_mode": "catmullrom"
						}
					}
				},
				"jaw": {
					"rotation": [32.5, 0, 0]
				},
				"hair": {
					"rotation": [7.5, 0, 0]
				},
				"hairpeice": {
					"rotation": [15, 0, 0]
				},
				"rightarm": {
					"rotation": [20, -10, 27.5]
				},
				"rightarmpeice": {
					"rotation": [-55, 0, 0]
				},
				"righthand": {
					"rotation": [-15.36526, -9.42076, 19.95383]
				},
				"rightfinger1": {
					"rotation": [-19.97096, 11.2531, 25.25766]
				},
				"rightfingerpiece1": {
					"rotation": [0, 0, -42.5]
				},
				"rightfinger2": {
					"rotation": [13.74074, -6.60796, 21.55613]
				},
				"rightfingerpiece2": {
					"rotation": [0, 0, -37.5]
				},
				"rightfinger3": {
					"rotation": [0, 0, 27.5]
				},
				"rightfingerpiece3": {
					"rotation": [0, 0, -55]
				},
				"rightfinger4": {
					"rotation": [-24.71795, -13.12717, -15.37448]
				},
				"rightfingerpiece4": {
					"rotation": [37.5, 0, 0]
				},
				"leftarm": {
					"rotation": [32.5, 10, -20]
				},
				"leftarmpeice": {
					"rotation": [-70, 0, 0]
				},
				"lefthand": {
					"rotation": [-12.43689, 0.32819, -20.6743]
				},
				"leftfinger1": {
					"rotation": [-16.50371, -5.90316, -19.14314]
				},
				"leftfingerpiece1": {
					"rotation": [0, 0, 55]
				},
				"leftfinger2": {
					"rotation": [17.67393, 10.17781, -25.68482]
				},
				"leftfingerpiece2": {
					"rotation": [0, 0, 55]
				},
				"leftfinger3": {
					"rotation": [0, 0, -25]
				},
				"leftfingerpiece3": {
					"rotation": [0, 0, 47.5]
				},
				"leftfinger4": {
					"rotation": [-17.05288, 16.13018, 25.94755]
				},
				"leftfingerpiece4": {
					"rotation": [40, 0, 0]
				},
				"tail": {
					"rotation": [-45, 0, 0]
				},
				"tailpeice1": {
					"rotation": [-25, 0, 0]
				},
				"tailpeice2": {
					"rotation": [-35, 0, 0]
				},
				"tailpeice3": {
					"rotation": [-10, 0, 0]
				},
				"tailpeice4": {
					"rotation": [-7.5, 0, 0]
				},
				"rightleg": {
					"rotation": [-29.11955, 9.96156, 5.07673]
				},
				"rightlegpeice": {
					"rotation": [40, 0, 0]
				},
				"rightfoot": {
					"rotation": [-9.96271, -0.86717, -4.92442]
				},
				"leftleg": {
					"rotation": [-16.83037, -14.98539, -2.58807]
				},
				"leftlegpeice": {
					"rotation": [42.5, 0, 0]
				},
				"leftfoot": {
					"rotation": [-24.98072, 0.95645, 2.30991]
				}
			}
		},
		"animation.ftl_sc_shattered_roxanne.moving": {
			"loop": true,
			"animation_length": 1,
			"anim_time_update": "query.modified_distance_moved * 0.1",
			"bones": {
				"waist": {
					"position": {
						"0.0": {
							"post": [0, -7, 0],
							"lerp_mode": "catmullrom"
						},
						"0.125": {
							"post": [0, -4, 0],
							"lerp_mode": "catmullrom"
						},
						"0.25": {
							"post": [0, -3, 0],
							"lerp_mode": "catmullrom"
						},
						"0.375": {
							"post": [0, -4, 0],
							"lerp_mode": "catmullrom"
						},
						"0.5": {
							"post": [0, -7, 0],
							"lerp_mode": "catmullrom"
						},
						"0.625": {
							"post": [0, -4, 0],
							"lerp_mode": "catmullrom"
						},
						"0.75": {
							"post": [0, -3, 0],
							"lerp_mode": "catmullrom"
						},
						"0.875": {
							"post": [0, -4, 0],
							"lerp_mode": "catmullrom"
						},
						"1.0": {
							"post": [0, -7, 0],
							"lerp_mode": "catmullrom"
						}
					}
				},
				"bodywaist": {
					"rotation": {
						"0.0": {
							"post": [17.61531, -9.88357, 6.73713],
							"lerp_mode": "catmullrom"
						},
						"0.5": {
							"post": [17.61531, 9.8836, -6.7371],
							"lerp_mode": "catmullrom"
						},
						"1.0": {
							"post": [17.61531, -9.88357, 6.73713],
							"lerp_mode": "catmullrom"
						}
					}
				},
				"body": {
					"rotation": {
						"0.0": {
							"post": [20, 12.5, -7.5],
							"lerp_mode": "catmullrom"
						},
						"0.5": {
							"post": [20, -12.5, 7.5],
							"lerp_mode": "catmullrom"
						},
						"1.0": {
							"post": [20, 12.5, -7.5],
							"lerp_mode": "catmullrom"
						}
					}
				},
				"neck": {
					"rotation": {
						"0.0": {
							"post": [17.5, 0, 0],
							"lerp_mode": "catmullrom"
						},
						"0.5": {
							"post": [17.5, 0, 0],
							"lerp_mode": "catmullrom"
						},
						"1.0": {
							"post": [17.5, 0, 0],
							"lerp_mode": "catmullrom"
						}
					}
				},
				"head": {
					"rotation": {
						"0.0": {
							"post": [-37.5, 0, 0],
							"lerp_mode": "catmullrom"
						},
						"0.5": {
							"post": [-37.5, 0, 0],
							"lerp_mode": "catmullrom"
						},
						"1.0": {
							"post": [-37.5, 0, 0],
							"lerp_mode": "catmullrom"
						}
					}
				},
				"rightear": {
					"rotation": {
						"0.0": {
							"post": [0, 0, -25],
							"lerp_mode": "catmullrom"
						},
						"0.25": {
							"post": [0, 0, -12.5],
							"lerp_mode": "catmullrom"
						},
						"0.5": {
							"post": [0, 0, -25],
							"lerp_mode": "catmullrom"
						},
						"0.75": {
							"post": [0, 0, -12.5],
							"lerp_mode": "catmullrom"
						},
						"1.0": {
							"post": [0, 0, -25],
							"lerp_mode": "catmullrom"
						}
					}
				},
				"rightearring": {
					"rotation": {
						"0.0": {
							"post": [0, 0, 15],
							"lerp_mode": "catmullrom"
						},
						"0.25": {
							"post": [0, 0, -5],
							"lerp_mode": "catmullrom"
						},
						"0.5": {
							"post": [0, 0, 15],
							"lerp_mode": "catmullrom"
						},
						"0.75": {
							"post": [0, 0, -5],
							"lerp_mode": "catmullrom"
						},
						"1.0": {
							"post": [0, 0, 15],
							"lerp_mode": "catmullrom"
						}
					}
				},
				"leftear": {
					"rotation": {
						"0.0": {
							"post": [0, 0, 25],
							"lerp_mode": "catmullrom"
						},
						"0.25": {
							"post": [0, 0, 10],
							"lerp_mode": "catmullrom"
						},
						"0.5": {
							"post": [0, 0, 25],
							"lerp_mode": "catmullrom"
						},
						"0.75": {
							"post": [0, 0, 10],
							"lerp_mode": "catmullrom"
						},
						"1.0": {
							"post": [0, 0, 25],
							"lerp_mode": "catmullrom"
						}
					}
				},
				"leftearring": {
					"rotation": {
						"0.0": {
							"post": [0, 0, -25],
							"lerp_mode": "catmullrom"
						},
						"0.25": {
							"post": [0, 0, 2.5],
							"lerp_mode": "catmullrom"
						},
						"0.5": {
							"post": [0, 0, -25],
							"lerp_mode": "catmullrom"
						},
						"0.75": {
							"post": [0, 0, 2.5],
							"lerp_mode": "catmullrom"
						},
						"1.0": {
							"post": [0, 0, -25],
							"lerp_mode": "catmullrom"
						}
					}
				},
				"jaw": {
					"rotation": {
						"0.0": {
							"post": [15, 0, 0],
							"lerp_mode": "catmullrom"
						},
						"0.25": {
							"post": [2.5, 0, 0],
							"lerp_mode": "catmullrom"
						},
						"0.5": {
							"post": [15, 0, 0],
							"lerp_mode": "catmullrom"
						},
						"0.75": {
							"post": [2.5, 0, 0],
							"lerp_mode": "catmullrom"
						},
						"1.0": {
							"post": [15, 0, 0],
							"lerp_mode": "catmullrom"
						}
					}
				},
				"hair": {
					"rotation": {
						"0.0": {
							"post": [7.5, 0, 0],
							"lerp_mode": "catmullrom"
						},
						"0.5": {
							"post": [7.5, 0, 0],
							"lerp_mode": "catmullrom"
						},
						"1.0": {
							"post": [7.5, 0, 0],
							"lerp_mode": "catmullrom"
						}
					}
				},
				"hairpeice": {
					"rotation": {
						"0.0": {
							"post": [10.15108, -9.84655, -1.75378],
							"lerp_mode": "catmullrom"
						},
						"0.5": {
							"post": [10.15108, 9.8466, 1.7538],
							"lerp_mode": "catmullrom"
						},
						"1.0": {
							"post": [10.15108, -9.84655, -1.75378],
							"lerp_mode": "catmullrom"
						}
					}
				},
				"rightarm": {
					"rotation": {
						"0.0": {
							"post": [-79.17116, 7.79013, 17.12218],
							"lerp_mode": "catmullrom"
						},
						"0.5": {
							"post": [-79.17116, 7.79013, 17.12218],
							"lerp_mode": "catmullrom"
						},
						"1.0": {
							"post": [-79.17116, 7.79013, 17.12218],
							"lerp_mode": "catmullrom"
						}
					}
				},
				"rightarmpeice": {
					"rotation": {
						"0.0": {
							"post": [-112.5, 0, 0],
							"lerp_mode": "catmullrom"
						},
						"0.5": {
							"post": [-112.5, 0, 0],
							"lerp_mode": "catmullrom"
						},
						"1.0": {
							"post": [-112.5, 0, 0],
							"lerp_mode": "catmullrom"
						}
					}
				},
				"righthand": {
					"rotation": {
						"0.0": {
							"post": [-80, 67.5, -90],
							"lerp_mode": "catmullrom"
						},
						"0.5": {
							"post": [-80, 67.5, -90],
							"lerp_mode": "catmullrom"
						},
						"1.0": {
							"post": [-80, 67.5, -90],
							"lerp_mode": "catmullrom"
						}
					}
				},
				"rightfinger1": {
					"rotation": [-32.08897, 5.71617, 8.21888]
				},
				"rightfingerpiece1": {
					"rotation": [0, 0, -75]
				},
				"rightfinger2": {
					"rotation": [19.69157, -3.81024, 9.25249]
				},
				"rightfingerpiece2": {
					"rotation": [0, 0, -17.5]
				},
				"rightfinger3": {
					"rotation": [0, 0, 15]
				},
				"rightfingerpiece3": {
					"rotation": [0, 0, -50]
				},
				"rightfinger4": {
					"rotation": [-20.33932, -40.67439, -56.06553]
				},
				"rightfingerpiece4": {
					"rotation": [30, 0, 0]
				},
				"leftarm": {
					"rotation": {
						"0.0": {
							"post": [-25, 0, -10],
							"lerp_mode": "catmullrom"
						},
						"0.5": {
							"post": [12.5, 0, -10],
							"lerp_mode": "catmullrom"
						},
						"1.0": {
							"post": [-25, 0, -10],
							"lerp_mode": "catmullrom"
						}
					}
				},
				"leftarmpeice": {
					"rotation": {
						"0.0": {
							"post": [-27.5, 0, 0],
							"lerp_mode": "catmullrom"
						},
						"0.25": {
							"post": [-68.28125, 0, 0],
							"lerp_mode": "catmullrom"
						},
						"0.5": {
							"post": [-25, 0, 0],
							"lerp_mode": "catmullrom"
						},
						"1.0": {
							"post": [-27.5, 0, 0],
							"lerp_mode": "catmullrom"
						}
					}
				},
				"lefthand": {
					"rotation": {
						"0.0": {
							"post": [-17.5, 0, 0],
							"lerp_mode": "catmullrom"
						},
						"0.25": {
							"post": [-20, 0, 0],
							"lerp_mode": "catmullrom"
						},
						"0.5": {
							"post": [12.5, 0, 0],
							"lerp_mode": "catmullrom"
						},
						"1.0": {
							"post": [-17.5, 0, 0],
							"lerp_mode": "catmullrom"
						}
					}
				},
				"leftfinger1": {
					"rotation": {
						"0.0": {
							"post": [-5.46341, 6.06809, 37.07723],
							"lerp_mode": "catmullrom"
						},
						"0.5": {
							"post": [-5.46341, 6.06809, 37.07723],
							"lerp_mode": "catmullrom"
						},
						"1.0": {
							"post": [-5.46341, 6.06809, 37.07723],
							"lerp_mode": "catmullrom"
						}
					}
				},
				"leftfingerpiece1": {
					"rotation": {
						"0.0": {
							"post": [0, 0, 37.5],
							"lerp_mode": "catmullrom"
						},
						"0.5": {
							"post": [0, 0, 37.5],
							"lerp_mode": "catmullrom"
						},
						"1.0": {
							"post": [0, 0, 37.5],
							"lerp_mode": "catmullrom"
						}
					}
				},
				"leftfinger2": {
					"rotation": {
						"0.0": {
							"post": [2.15468, -8.86042, 62.13918],
							"lerp_mode": "catmullrom"
						},
						"0.5": {
							"post": [2.15468, -8.86042, 62.13918],
							"lerp_mode": "catmullrom"
						},
						"1.0": {
							"post": [2.15468, -8.86042, 62.13918],
							"lerp_mode": "catmullrom"
						}
					}
				},
				"leftfingerpiece2": {
					"rotation": {
						"0.0": {
							"post": [0, 0, 27.5],
							"lerp_mode": "catmullrom"
						},
						"0.5": {
							"post": [0, 0, 27.5],
							"lerp_mode": "catmullrom"
						},
						"1.0": {
							"post": [0, 0, 27.5],
							"lerp_mode": "catmullrom"
						}
					}
				},
				"leftfinger3": {
					"rotation": {
						"0.0": {
							"post": [0, 0, 47.5],
							"lerp_mode": "catmullrom"
						},
						"0.5": {
							"post": [0, 0, 47.5],
							"lerp_mode": "catmullrom"
						},
						"1.0": {
							"post": [0, 0, 47.5],
							"lerp_mode": "catmullrom"
						}
					}
				},
				"leftfingerpiece3": {
					"rotation": {
						"0.0": {
							"post": [0, 0, 27.5],
							"lerp_mode": "catmullrom"
						},
						"0.5": {
							"post": [0, 0, 27.5],
							"lerp_mode": "catmullrom"
						},
						"1.0": {
							"post": [0, 0, 27.5],
							"lerp_mode": "catmullrom"
						}
					}
				},
				"leftfinger4": {
					"rotation": {
						"0.0": {
							"post": [-9.91534, 9.0774, 34.20685],
							"lerp_mode": "catmullrom"
						},
						"0.5": {
							"post": [-9.91534, 9.0774, 34.20685],
							"lerp_mode": "catmullrom"
						},
						"1.0": {
							"post": [-9.91534, 9.0774, 34.20685],
							"lerp_mode": "catmullrom"
						}
					}
				},
				"leftfingerpiece4": {
					"rotation": {
						"0.0": {
							"post": [32.5, 0, 0],
							"lerp_mode": "catmullrom"
						},
						"0.5": {
							"post": [32.5, 0, 0],
							"lerp_mode": "catmullrom"
						},
						"1.0": {
							"post": [32.5, 0, 0],
							"lerp_mode": "catmullrom"
						}
					}
				},
				"tail": {
					"rotation": {
						"0.0": {
							"post": [-55.02563, -1.43364, 2.04831],
							"lerp_mode": "catmullrom"
						},
						"0.5": {
							"post": [-55.02563, 1.4336, -2.0483],
							"lerp_mode": "catmullrom"
						},
						"1.0": {
							"post": [-55.02563, -1.43364, 2.04831],
							"lerp_mode": "catmullrom"
						}
					}
				},
				"tailpeice1": {
					"rotation": {
						"0.0": {
							"post": [-20.07031, -4.69776, 1.71394],
							"lerp_mode": "catmullrom"
						},
						"0.25": {
							"post": [-20.35469, -9.38703, 3.4628],
							"lerp_mode": "catmullrom"
						},
						"0.5": {
							"post": [-20.07031, 4.6978, -1.7139],
							"lerp_mode": "catmullrom"
						},
						"0.75": {
							"post": [-20.35469, 9.387, -3.4628],
							"lerp_mode": "catmullrom"
						},
						"1.0": {
							"post": [-20.07031, -4.69776, 1.71394],
							"lerp_mode": "catmullrom"
						}
					}
				},
				"tailpeice2": {
					"rotation": {
						"0.0": {
							"post": [-22.57734, -4.61854, 1.91757],
							"lerp_mode": "catmullrom"
						},
						"0.25": {
							"post": [-23.55595, -16.12064, 6.90221],
							"lerp_mode": "catmullrom"
						},
						"0.5": {
							"post": [-22.57734, 4.6185, -1.9176],
							"lerp_mode": "catmullrom"
						},
						"0.75": {
							"post": [-23.55595, 16.1206, -6.9022],
							"lerp_mode": "catmullrom"
						},
						"1.0": {
							"post": [-22.57734, -4.61854, 1.91757],
							"lerp_mode": "catmullrom"
						}
					}
				},
				"tailpeice3": {
					"rotation": {
						"0.0": {
							"post": [-15.0547, -4.82922, 1.29717],
							"lerp_mode": "catmullrom"
						},
						"0.25": {
							"post": [-15.74982, -16.88102, 4.68183],
							"lerp_mode": "catmullrom"
						},
						"0.5": {
							"post": [-15.0547, 4.8292, -1.2972],
							"lerp_mode": "catmullrom"
						},
						"0.75": {
							"post": [-15.74982, 16.881, -4.6818],
							"lerp_mode": "catmullrom"
						},
						"1.0": {
							"post": [-15.0547, -4.82922, 1.29717],
							"lerp_mode": "catmullrom"
						}
					}
				},
				"tailpeice4": {
					"rotation": {
						"0.0": {
							"post": [-15.0547, -4.82922, 1.29717],
							"lerp_mode": "catmullrom"
						},
						"0.25": {
							"post": [-15.97296, -19.28587, 5.40056],
							"lerp_mode": "catmullrom"
						},
						"0.5": {
							"post": [-15.0547, 4.8292, -1.2972],
							"lerp_mode": "catmullrom"
						},
						"0.75": {
							"post": [-15.97296, 19.2859, -5.4006],
							"lerp_mode": "catmullrom"
						},
						"1.0": {
							"post": [-15.0547, -4.82922, 1.29717],
							"lerp_mode": "catmullrom"
						}
					}
				},
				"rightleg": {
					"rotation": {
						"0.0": {
							"post": [-38.89307, 12.45167, 5.12076],
							"lerp_mode": "catmullrom"
						},
						"0.5": {
							"post": [17.90299, 15.3062, 10.1035],
							"lerp_mode": "catmullrom"
						},
						"0.75": {
							"post": [-50.49504, 13.8789, 7.6122],
							"lerp_mode": "catmullrom"
						},
						"1.0": {
							"post": [-38.89307, 12.45167, 5.12076],
							"lerp_mode": "catmullrom"
						}
					}
				},
				"rightlegpeice": {
					"rotation": {
						"0.0": {
							"post": [45, 0, 0],
							"lerp_mode": "catmullrom"
						},
						"0.5": {
							"post": [17.5, 0, 0],
							"lerp_mode": "catmullrom"
						},
						"0.75": {
							"post": [51.25, 0, 0],
							"lerp_mode": "catmullrom"
						},
						"0.875": {
							"post": [33.125, 0, 0],
							"lerp_mode": "catmullrom"
						},
						"1.0": {
							"post": [45, 0, 0],
							"lerp_mode": "catmullrom"
						}
					}
				},
				"rightfoot": {
					"rotation": {
						"0.0": {
							"post": [-4.96271, -0.86717, -4.92442],
							"lerp_mode": "catmullrom"
						},
						"0.5": {
							"post": [-31.87091, -7.0417, -10.3517],
							"lerp_mode": "catmullrom"
						},
						"0.625": {
							"post": [-16.39386, -5.4981, -8.9949],
							"lerp_mode": "catmullrom"
						},
						"0.75": {
							"post": [24.08319, -3.9545, -7.638],
							"lerp_mode": "catmullrom"
						},
						"0.875": {
							"post": [-10.43976, -2.4108, -6.2812],
							"lerp_mode": "catmullrom"
						},
						"1.0": {
							"post": [-4.96271, -0.86717, -4.92442],
							"lerp_mode": "catmullrom"
						}
					}
				},
				"leftleg": {
					"rotation": {
						"0.0": {
							"post": [17.90299, -15.30615, -10.10353],
							"lerp_mode": "catmullrom"
						},
						"0.25": {
							"post": [-50.49504, -13.87893, -7.61217],
							"lerp_mode": "catmullrom"
						},
						"0.5": {
							"post": [-38.89307, -12.4517, -5.1208],
							"lerp_mode": "catmullrom"
						},
						"1.0": {
							"post": [17.90299, -15.30615, -10.10353],
							"lerp_mode": "catmullrom"
						}
					}
				},
				"leftlegpeice": {
					"rotation": {
						"0.0": {
							"post": [17.5, 0, 0],
							"lerp_mode": "catmullrom"
						},
						"0.25": {
							"post": [51.25, 0, 0],
							"lerp_mode": "catmullrom"
						},
						"0.375": {
							"post": [33.125, 0, 0],
							"lerp_mode": "catmullrom"
						},
						"0.5": {
							"post": [45, 0, 0],
							"lerp_mode": "catmullrom"
						},
						"1.0": {
							"post": [17.5, 0, 0],
							"lerp_mode": "catmullrom"
						}
					}
				},
				"leftfoot": {
					"rotation": {
						"0.0": {
							"post": [-31.87091, 7.04174, 10.35169],
							"lerp_mode": "catmullrom"
						},
						"0.125": {
							"post": [-16.39386, 5.49811, 8.99486],
							"lerp_mode": "catmullrom"
						},
						"0.25": {
							"post": [24.08319, 3.95447, 7.63804],
							"lerp_mode": "catmullrom"
						},
						"0.375": {
							"post": [-10.43976, 2.41084, 6.28122],
							"lerp_mode": "catmullrom"
						},
						"0.5": {
							"post": [-4.96271, 0.8672, 4.9244],
							"lerp_mode": "catmullrom"
						},
						"1.0": {
							"post": [-31.87091, 7.04174, 10.35169],
							"lerp_mode": "catmullrom"
						}
					}
				},
				"topeyelids": {
					"rotation": [27.5, 0, 0]
				},
				"bottumeyelids": {
					"rotation": [-52.5, 0, 0]
				}
			}
		},
		"animation.ftl_sc_shattered_roxanne.pose2": {
			"loop": true,
			"bones": {
				"waist": {
					"position": [0, -68, 0]
				},
				"bodywaist": {
					"rotation": [-10, 0, 0]
				},
				"body": {
					"rotation": [32.5, 0, 0]
				},
				"neck": {
					"rotation": [47.5, 0, 0]
				},
				"head": {
					"rotation": [-42.5, 0, 0]
				},
				"rightear": {
					"rotation": [25, 0, -30]
				},
				"rightearring": {
					"rotation": [0, 0, 20]
				},
				"leftear": {
					"rotation": [14.65993, 3.21132, 25.41319]
				},
				"leftearring": {
					"rotation": [0, 0, -25]
				},
				"jaw": {
					"rotation": [5, 0, 0]
				},
				"hair": {
					"rotation": [7.5, 0, 0]
				},
				"hairpeice": {
					"rotation": [-12.5, 0, 0]
				},
				"rightarm": {
					"rotation": [-70.54536, -0.3927, 18.9866]
				},
				"rightarmpeice": {
					"rotation": [-102.5, 0, 0]
				},
				"righthand": {
					"rotation": [-100.99475, 54.5531, -67.8898]
				},
				"rightfinger1": {
					"rotation": [-16.24227, -12.67956, -32.89913]
				},
				"rightfingerpiece1": {
					"rotation": [0, 0, -37.5]
				},
				"rightfinger2": {
					"rotation": [12.39149, 9.29798, -31.28223]
				},
				"rightfingerpiece2": {
					"rotation": [0, 0, -27.5]
				},
				"rightfinger3": {
					"rotation": [0, 0, -35]
				},
				"rightfingerpiece3": {
					"rotation": [0, 0, -25]
				},
				"rightfinger4": {
					"rotation": [-18.71277, -35.77857, -46.27162]
				},
				"rightfingerpiece4": {
					"rotation": [27.5, 0, 0]
				},
				"leftarm": {
					"rotation": [-70.54536, 0.39268, -18.98657]
				},
				"leftarmpeice": {
					"rotation": [-102.5, 0, 0]
				},
				"lefthand": {
					"rotation": [-98.49475, -54.55312, 67.88984]
				},
				"leftfinger1": {
					"rotation": [-12.77269, 8.64738, 28.83844]
				},
				"leftfingerpiece1": {
					"rotation": [0, 0, 22.5]
				},
				"leftfinger2": {
					"rotation": [15.39244, -9.08661, 26.06663]
				},
				"leftfingerpiece2": {
					"rotation": [0, 0, 17.5]
				},
				"leftfinger3": {
					"rotation": [0, 0, 27.5]
				},
				"leftfingerpiece3": {
					"rotation": [0, 0, 25]
				},
				"leftfinger4": {
					"rotation": [-5.28518, 38.99874, 55.27095]
				},
				"leftfingerpiece4": {
					"rotation": [22.5, 0, 0]
				},
				"tail": {
					"rotation": [17.40744, 43.65747, 12.2127]
				},
				"tailpeice1": {
					"rotation": [0, 70, 0]
				},
				"tailpeice2": {
					"rotation": [0, 27.5, 0]
				},
				"tailpeice3": {
					"rotation": [0, 32.5, 0]
				},
				"tailpeice4": {
					"rotation": [0, 50, 0]
				},
				"rightleg": {
					"rotation": [-151.39307, 12.45167, 5.12076]
				},
				"rightlegpeice": {
					"rotation": [110, 0, 0]
				},
				"rightfoot": {
					"rotation": [43.399, 0.84445, -4.9541]
				},
				"leftleg": {
					"rotation": [-150.24222, -4.81281, 5.7589]
				},
				"leftlegpeice": {
					"rotation": [105, 0, 0]
				},
				"leftfoot": {
					"rotation": [42.25471, 5.52235, -5.08269]
				}
			}
		},
		"animation.ftl_sc_shattered_roxanne.pose1": {
			"loop": true,
			"bones": {
				"waist": {
					"position": [0, -12, 0]
				},
				"bodywaist": {
					"rotation": [20.01127, 5.342, 7.26106]
				},
				"body": {
					"rotation": [26.08482, -4.88119, -12.54624]
				},
				"neck": {
					"rotation": [26.94093, -5.73576, 11.12501]
				},
				"head": {
					"rotation": [-50, 0, 0]
				},
				"jaw": {
					"rotation": [37.5, 0, 0]
				},
				"hair": {
					"rotation": [10, 0, 0]
				},
				"hairpeice": {
					"rotation": [12.5, 0, 0]
				},
				"rightarm": {
					"rotation": [20.33857, -10.27696, 28.76265]
				},
				"rightarmpeice": {
					"rotation": [-60, 0, 0]
				},
				"righthand": {
					"rotation": [-9.92926, -20.29348, 11.78135]
				},
				"rightfinger1": {
					"rotation": [-19.97096, 11.2531, 25.25766]
				},
				"rightfingerpiece1": {
					"rotation": [0, 0, -42.5]
				},
				"rightfinger2": {
					"rotation": [13.74074, -6.60796, 21.55613]
				},
				"rightfingerpiece2": {
					"rotation": [0, 0, -37.5]
				},
				"rightfinger3": {
					"rotation": [0, 0, 27.5]
				},
				"rightfingerpiece3": {
					"rotation": [0, 0, -55]
				},
				"rightfinger4": {
					"rotation": [-24.71795, -13.12717, -15.37448]
				},
				"rightfingerpiece4": {
					"rotation": [37.5, 0, 0]
				},
				"leftarm": {
					"rotation": [23.72307, -11.44746, -24.43621]
				},
				"leftarmpeice": {
					"rotation": [-80, 0, 0]
				},
				"lefthand": {
					"rotation": [-10.05355, 7.36662, 13.71261]
				},
				"leftfinger1": {
					"rotation": [-16.50371, -5.90316, -19.14314]
				},
				"leftfingerpiece1": {
					"rotation": [0, 0, 55]
				},
				"leftfinger2": {
					"rotation": [17.67393, 10.17781, -25.68482]
				},
				"leftfingerpiece2": {
					"rotation": [0, 0, 55]
				},
				"leftfinger3": {
					"rotation": [0, 0, -25]
				},
				"leftfingerpiece3": {
					"rotation": [0, 0, 47.5]
				},
				"leftfinger4": {
					"rotation": [-17.05288, 16.13018, 25.94755]
				},
				"leftfingerpiece4": {
					"rotation": [40, 0, 0]
				},
				"tail": {
					"rotation": [-40.43246, 7.64427, -6.46635]
				},
				"tailpeice1": {
					"rotation": [-11.82696, 30.11203, 1.24954]
				},
				"tailpeice2": {
					"rotation": [-22.39603, 21.81578, 9.79422]
				},
				"tailpeice3": {
					"rotation": [-15.26206, 8.38737, 6.67972]
				},
				"tailpeice4": {
					"rotation": [-27.30322, 7.23354, 19.3677]
				},
				"rightleg": {
					"rotation": [-45.43246, 22.40972, 5.40961]
				},
				"rightlegpeice": {
					"rotation": [65, 0, 0]
				},
				"rightfoot": {
					"rotation": [-17.1662, -0.62657, -6.06766]
				},
				"leftleg": {
					"rotation": [-34.33037, -14.98539, -2.58807]
				},
				"leftlegpeice": {
					"rotation": [80, 0, 0]
				},
				"leftfoot": {
					"rotation": [-34.97437, 1.43364, 2.04831]
				}
			}
		}
	}
}
\\"": \\\\""?\\\"": \\\\""?\\\"": \\\\""?\\\"": \\\\""?\\\"": \\\\""?\\\"": \\\\""?\\\"": \\\\""?\\\"": \\\\""?\\\"": \\\\""?\\\"": \\\\""?\\\"": \\\\""?\\\"": \\\\""?\\\"": \\\\""?\\\"": \\\\""?\\\"": \\\\""?\\\"": \\\\""?\\\"": \\\\""?\\\"": \\\\""?\\\"": \\\\""?\\\"": \\\\""?\\\"": \\\\""?\\\"": \\\\""?\\\"": \\\\""?\\\"": \\\\""?\\\"": \\\\""?\\\"": \\\\""?\\\"": \\\\""?\\\"": \\\\""?\\\"": \\\\""?\\\"": \\\\""?\\\"": \\\\""?\\\"": \\\\""?\\\"": \\\\""?\\\"": \\\\""?\\\"": \\\\""?\\\"": \\\\""?\\\"": \\\\""?\\\"": \\\\""?\\\"": \\\\""?\\\"": \\\\""?\\\"": \\\\""?\\\"": \\\\""?\\\"": \\\\""?\\\"": \\\\""?\\\"": \\\\""?\\\"": \\\\""?\\\"": \\\\""?\\\"": \\\\""?\\\"": \\\\""?\\\"": \\\\""?\\\"": \\\\""?\]}}}}}