{
  "mob.screech.jumpscare": {
    "category": "hostile",
    "sounds": [
      "sounds/mobs/screech_jumpscare"
    ]
  },
  "mob.seek.jumpscare": {
    "category": "hostile",
    "sounds": [
      "sounds/mobs/seek_jumpscare"
    ]
  }, 
  "mob.rush.jumpscare": {
    "category": "hostile",
    "sounds": [
      "sounds/mobs/rush_jumpscare"
    ]
  },
  "mob.ambush.jumpscare": {
    "category": "hostile",
    "sounds": [
    {
      "name" : "sounds/mobs/ambush_jumpscare", 
      "volume": 1.3
     }
    ]
  },
  "mob.timothy.jumpscare": {
    "category": "hostile",
    "sounds": [
      "sounds/mobs/timothy_jumpscare"
    ]
  },
  "mob.dupe.jumpscare": {
    "category": "hostile",
    "sounds": [
      "sounds/mobs/dupe_jumpscare"
    ]
  },
  "mob.glitch.jumpscare": {
    "category": "hostile",
    "sounds": [
      {
      "name" : "sounds/mobs/glitch_jumpscare", 
      "volume": 1.3
     }
    ]
  },
  "mob.figure.jumpscare": {
    "category": "hostile",
    "sounds": [
      "sounds/mobs/figure_jumpscare"
    ]
  },
  "mob.snare.jumpscare": {
    "category": "hostile",
    "sounds": [
      "sounds/mobs/snare_jumpscare"
    ]
  },
  "mob.hide.jumpscare": {
    "category": "hostile",
    "sounds": [
      "sounds/mobs/hide_jumpscare"
    ]
  },
  "mob.rush.ambient_far": {
    "category": "hostile",
    "min_distance": 40.0,
    "sounds": [
      {
      "name" : "sounds/mobs/rush_ambient_1", 
      "volume": 0.4
     }
    ]
  },
  "mob.rush.ambient_close": {
    "category": "hostile",
    "sounds": [
      "sounds/mobs/rush_ambient_2"
    ]
  },
  "mob.ambush.ambient_far": {
    "category": "hostile",
    "min_distance": 40.0,
    "sounds": [
      {
      "name" : "sounds/mobs/ambush_ambient_2", 
      "volume": 0.4
     }
    ]
  },
  "mob.jeff.chill": {
    "category": "hostile",
    "sounds": [
      {
      "name" : "sounds/mobs/jeff", 
      "volume": 0.8
     }
    ]
  },
  "mob.ambush.ambient_close": {
    "category": "hostile",
    "sounds": [
      "sounds/mobs/ambush_ambient_1"
    ]
  },
  "mob.screech.caught": {
    "category": "hostile",
    "sounds": [
      "sounds/mobs/screech_caught"
    ]
  },
  "mob.screech.hint": {
    "category": "hostile",
    "sounds": [
      "sounds/mobs/screech_psst"
    ]
  },
  "mob.eyes.ambient": {
    "category": "hostile",
    "sounds": [
    {
      "name" : "sounds/mobs/eyes_whisper", 
      "volume": 1.7
     }
    ]
  },
  "mob.halt.ambient": {
    "category": "hostile",
    "sounds": [
    {
      "name" : "sounds/mobs/halt_ambient", 
      "volume": 1.7
     }
    ]
  },
  "mob.figure.roar": {
    "category": "hostile",
    "sounds": [
      "sounds/mobs/figure_growl_1"
    ]
  },
  "mob.figure.step_1": {
    "category": "hostile",
    "sounds": [
      {
      "name" : "sounds/mobs/figure_step_1", 
      "volume": 0.8
     }
    ]
  },
  "mob.figure.step_2": {
    "category": "hostile",
    "sounds": [
      {
      "name" : "sounds/mobs/figure_step_2", 
      "volume": 0.8
     }
    ]
  },
  "mob.seek.step_1": {
    "category": "hostile",
    "sounds": [
      {
      "name" : "sounds/mobs/seek_step_1", 
      "volume": 1.1
     }
    ]
  },
  "mob.seek.step_2": {
    "category": "hostile",
    "sounds": [
      {
      "name" : "sounds/mobs/seek_step_2", 
      "volume": 1.1
     }
    ]
  },
  "crucifix.activated.success": {
    "category": "hostile",
    "sounds": [
      {
      "name" : "sounds/mobs/crucifix_success", 
      "volume": 1.1
     }
    ]
  },
  "crucifix.activated.fail": {
    "category": "hostile",
    "sounds": [
      {
      "name" : "sounds/mobs/crucifix_fail", 
      "volume": 1.1
     }
    ]
  },
  "wardrobe.player.interact": {
    "category": "hostile",
    "sounds": [
      {
      "name" : "sounds/mobs/wardrobe_interact", 
      "volume": 1.1
     }
    ]
  },
  "door.interact.open": {
    "category": "hostile",
    "sounds": [
      {
      "name" : "sounds/mobs/door_open", 
      "volume": 1.1
     }
    ]
  },
  "door.interact.close": {
    "category": "hostile",
    "sounds": [
      {
      "name" : "sounds/mobs/door_close", 
      "volume": 1.1
     }
    ]
  },
  "mob.seek.chase": {
    "category": "hostile",
    "min_distance": 100.0,
    "sounds": [
      {
      "name" : "sounds/mobs/seek_chase", 
      "volume": 0.5
     }
    ]
  }
}