{
  "format_version": "1.10.0",
  "minecraft:client_entity": {
    "description": {
      "identifier": "sc:sc_sun_transformation2",
      "materials": {
        "default": "enderman"
      },
      "textures": {
        "default": "textures/entity/daycare_attendant/ftl_sc_daycare_attendant_sun"
      },
      "geometry": {
        "default": "geometry.ftl_sc_daycare_attendant"
      },
      "animations": {
        "transformation": "animation.ftl_sc_sun.transformation2",

        "general": "controller.animation.sun_transformation"
      },
      "scripts": {
        "animate": [
          "general"
	    ]
	  },
      "render_controllers": [
        "controller.render.skeleton"
      ],
      "spawn_egg": {
       "texture": "ftl_sc_sun_spawn",
       "texture_index": 0
      }
    }
  }
}