{
  "format_version": "1.10.0",
  "minecraft:client_entity": {
    "description": {
      "identifier": "mcpe:hino_trailer_box",
      "materials": {
        "default": "spider"
      },
      "textures": {
        "default": "textures/kendaraan/hino_trailer_box"
      },
      "geometry": {
        "default": "geometry.hino_trailer_box"
      },
      "spawn_egg": {
        "texture": "hino_trailer_box",
        "texture_index": 0
      },
      "render_controllers": [
        "controller.render.spider"
      ]
    }
  }
}