{
  "format_version": "1.10.0",
  "minecraft:client_entity": {
    "description": {
      "identifier": "mcpe:hino_trailer",
      "materials": {
        "default": "spider"
      },
      "textures": {
        "default": "textures/kendaraan/hino_trailer"
      },
      "geometry": {
        "default": "geometry.hino_trailer"
      },
      "spawn_egg": {
        "texture": "hino_trailer",
        "texture_index": 0
      },
      "render_controllers": [
        "controller.render.spider"
      ]
    }
  }
}