{
  "format_version": "1.10.0",
  "minecraft:client_entity": {
    "description": {
      "identifier": "mcpe:layangan_naga",
      "materials": {
        "default": "spider"
      },
      "textures": {
        "default": "textures/kendaraan/layangan_naga"
      },
      "geometry": {
        "default": "geometry.layangan_naga"
      },
      "spawn_egg": {
        "texture": "layangan_naga",
        "texture_index": 0
      },
      "render_controllers": [
        "controller.render.spider"
      ]
    }
  }
}