{
  "format_version": "1.10.0",
  "minecraft:client_entity": {
    "description": {
      "identifier": "mcpe:truk_sound.system",
      "materials": {
        "default": "spider"
      },
      "textures": {
        "default": "textures/kendaraan/truk_sound.system"
      },
      "geometry": {
        "default": "geometry.truk_sound.system"
      },
      "spawn_egg": {
        "texture": "truk_sound.system",
        "texture_index": 0
      },
      "render_controllers": [
        "controller.render.spider"
      ]
    }
  }
}