{
  "format_version": "1.10.0",
  "minecraft:client_entity": {
    "description": {
      "identifier": "mcpe:tukang_bakso",
      "materials": {
        "default": "spider"
      },
      "textures": {
        "default": "textures/kendaraan/tukang_bakso"
      },
      "geometry": {
        "default": "geometry.tukang_bakso"
      },
      "spawn_egg": {
        "texture": "tukang_bakso",
        "texture_index": 0
      },
      "render_controllers": [
        "controller.render.spider"
      ]
    }
  }
}