{
  "format_version": "1.10.0",
  "minecraft:client_entity": {
    "description": {
      "identifier": "mcpe:umplung_cak.slamet",
      "materials": {
        "default": "spider"
      },
      "textures": {
        "default": "textures/kendaraan/umplung_cak.slamet"
      },
      "geometry": {
        "default": "geometry.umplung_cak.slamet"
      },
      "spawn_egg": {
        "texture": "umplung_cak.slamet",
        "texture_index": 0
      },
      "render_controllers": [
        "controller.render.spider"
      ]
    }
  }
}