{
  "format_version": "1.10.0",
  "minecraft:client_entity": {
    "description": {
      "identifier": "mcpe:wahyu_old",
      "materials": {
        "default": "spider"
      },
      "textures": {
        "default": "textures/kendaraan/wahyu_old"
      },
      "geometry": {
        "default": "geometry.wahyu_old"
      },
      "spawn_egg": {
        "texture": "wahyu_old",
        "texture_index": 0
      },
      "render_controllers": [
        "controller.render.spider"
      ]
    }
  }
}