{
  "format_version": "1.12.0",
  "minecraft:geometry": [
    {
      "description": {
        "identifier": "geometry.yg_amanda",
        "texture_width": 64,
        "texture_height": 64,
        "visible_bounds_width": 3,
        "visible_bounds_height": 3.5,
        "visible_bounds_offset": [
          0,
          1.25,
          0
        ]
      },
      "bones": [
        {
          "name": "Root"
        },
        {
          "name": "Body",
          "pivot": [
            0,
            10,
            0
          ],
          "cubes": [
            {
              "origin": [
                -4.0,
                10.0,
                -2.0
              ],
              "size": [
                8.0,
                10.0,
                4.0
              ],
              "uv": [
                0,
                17
              ],
              "inflate": 0
            }
          ],
          "parent": "Root"
        },
        {
          "name": "Head",
          "pivot": [
            0,
            20,
            0
          ],
          "cubes": [
            {
              "origin": [
                -4.0,
                20.0,
                -4.0
              ],
              "size": [
                8.0,
                9.0,
                8.0
              ],
              "uv": [
                0,
                0
              ],
              "inflate": 0
            },
            {
              "origin": [
                -6.0,
                27.0,
                2.0
              ],
              "size": [
                4.0,
                4.0,
                4.0
              ],
              "pivot": [
                -4.0,
                29.0,
                4.0
              ],
              "rotation": [
                -25.56145,
                -27.51235,
                12.45891
              ],
              "uv": [
                24,
                0
              ],
              "inflate": 0
            },
            {
              "origin": [
                2.0,
                27.0,
                2.0
              ],
              "size": [
                4.0,
                4.0,
                4.0
              ],
              "pivot": [
                4.0,
                29.0,
                4.0
              ],
              "rotation": [
                -25.56145,
                27.51235,
                -12.45891
              ],
              "uv": [
                24,
                0
              ],
              "inflate": 0,
              "mirror": true
            }
          ],
          "parent": "Body"
        },
        {
          "name": "Rightarm",
          "pivot": [
            -4.5,
            19.25,
            0
          ],
          "cubes": [
            {
              "origin": [
                -7.0,
                9.0,
                -1.5
              ],
              "size": [
                3.0,
                10.0,
                3.0
              ],
              "uv": [
                21,
                30
              ],
              "inflate": 0
            },
            {
              "origin": [
                -7.15,
                16.85,
                -1.65
              ],
              "size": [
                3.3,
                3.3,
                3.3
              ],
              "uv": [
                33,
                14
              ],
              "inflate": 0
            }
          ],
          "parent": "Body"
        },
        {
          "name": "Leftarm",
          "pivot": [
            4.5,
            19.25,
            0
          ],
          "cubes": [
            {
              "origin": [
                4.0,
                9.0,
                -1.5
              ],
              "size": [
                3.0,
                10.0,
                3.0
              ],
              "uv": [
                21,
                30
              ],
              "inflate": 0,
              "mirror": true
            },
            {
              "origin": [
                3.85,
                16.85,
                -1.65
              ],
              "size": [
                3.3,
                3.3,
                3.3
              ],
              "uv": [
                33,
                14
              ],
              "inflate": 0,
              "mirror": true
            }
          ],
          "parent": "Body"
        },
        {
          "name": "Rightleg",
          "pivot": [
            -2,
            9.83333,
            0
          ],
          "cubes": [
            {
              "origin": [
                -3.5,
                0.0,
                -1.5
              ],
              "size": [
                3.0,
                10.0,
                3.0
              ],
              "uv": [
                24,
                17
              ],
              "inflate": 0
            },
            {
              "origin": [
                -3.68,
                5.76,
                -1.68
              ],
              "size": [
                3.36,
                4.48,
                3.36
              ],
              "uv": [
                0,
                31
              ],
              "inflate": 0
            },
            {
              "origin": [
                -3.68,
                -0.24,
                -1.68
              ],
              "size": [
                3.36,
                3.48,
                3.36
              ],
              "uv": [
                32,
                8
              ],
              "inflate": 0
            }
          ],
          "parent": "Root"
        },
        {
          "name": "Leftleg",
          "pivot": [
            2,
            9.83333,
            0
          ],
          "cubes": [
            {
              "origin": [
                0.5,
                0.0,
                -1.5
              ],
              "size": [
                3.0,
                10.0,
                3.0
              ],
              "uv": [
                24,
                17
              ],
              "inflate": 0,
              "mirror": true
            },
            {
              "origin": [
                0.32,
                5.76,
                -1.68
              ],
              "size": [
                3.36,
                4.48,
                3.36
              ],
              "uv": [
                0,
                31
              ],
              "inflate": 0,
              "mirror": true
            },
            {
              "origin": [
                0.32,
                -0.24,
                -1.68
              ],
              "size": [
                3.36,
                3.48,
                3.36
              ],
              "uv": [
                32,
                8
              ],
              "inflate": 0,
              "mirror": true
            }
          ],
          "parent": "Root"
        }
      ]
    }
  ]
}