{
  "format_version": "1.12.0",
  "minecraft:geometry": [
    {
      "description": {
        "identifier": "geometry.yg_amanda_monster",
        "texture_width": 128,
        "texture_height": 128,
        "visible_bounds_width": 3,
        "visible_bounds_height": 5.5,
        "visible_bounds_offset": [
          0,
          2.25,
          0
        ]
      },
      "bones": [
        {
          "name": "Root"
        },
        {
          "name": "Body",
          "pivot": [
            0,
            22.87888,
            2.25321
          ],
          "cubes": [
            {
              "origin": [
                -5.4,
                36.11327,
                -1.14487
              ],
              "size": [
                10.8,
                7.56,
                5.4
              ],
              "pivot": [
                0.0,
                39.89327,
                1.55513
              ],
              "rotation": [
                17.5,
                0.0,
                0.0
              ],
              "uv": [
                0,
                15
              ],
              "inflate": 0
            },
            {
              "origin": [
                -4.0,
                34.60155,
                0.4083
              ],
              "size": [
                8.0,
                2.0,
                5.0
              ],
              "pivot": [
                0.0,
                35.60155,
                2.9083
              ],
              "rotation": [
                17.5,
                0.0,
                0.0
              ],
              "uv": [
                24,
                0
              ],
              "inflate": 0
            },
            {
              "origin": [
                -3.0,
                26.39959,
                1.5933
              ],
              "size": [
                6.0,
                9.0,
                3.0
              ],
              "uv": [
                32,
                7
              ],
              "inflate": 0
            },
            {
              "origin": [
                -5.97749,
                21.63404,
                1.35331
              ],
              "size": [
                4.0,
                6.0,
                2.0
              ],
              "pivot": [
                -3.97749,
                24.63404,
                2.35331
              ],
              "rotation": [
                -6.74696,
                -9.27134,
                11.63328
              ],
              "uv": [
                49,
                57
              ],
              "inflate": 0
            },
            {
              "origin": [
                2.00757,
                21.43536,
                1.51583
              ],
              "size": [
                4.0,
                6.0,
                2.0
              ],
              "pivot": [
                3.00766,
                24.44645,
                2.50896
              ],
              "rotation": [
                -6.74696,
                9.27134,
                -11.63328
              ],
              "uv": [
                37,
                53
              ],
              "inflate": 0
            },
            {
              "origin": [
                -3.5,
                22.42684,
                0.87583
              ],
              "size": [
                7.0,
                5.0,
                4.0
              ],
              "pivot": [
                0.0,
                24.92684,
                2.87583
              ],
              "rotation": [
                -5.0,
                0.0,
                0.0
              ],
              "uv": [
                12,
                29
              ],
              "inflate": 0
            },
            {
              "origin": [
                -3.0,
                21.39959,
                1.0
              ],
              "size": [
                6.0,
                2.0,
                3.0
              ],
              "pivot": [
                0.5,
                22.89959,
                1.15804
              ],
              "rotation": [
                -5.0,
                0.0,
                0.0
              ],
              "uv": [
                50,
                8
              ],
              "inflate": 0
            },
            {
              "origin": [
                -2.0,
                42.15718,
                -1.5648
              ],
              "size": [
                4.0,
                4.0,
                4.0
              ],
              "pivot": [
                0.0,
                44.15718,
                0.4352
              ],
              "rotation": [
                12.5,
                0.0,
                0.0
              ],
              "uv": [
                46,
                29
              ],
              "inflate": 0
            }
          ],
          "parent": "Root"
        },
        {
          "name": "Head",
          "pivot": [
            0,
            45.72402,
            0.07143
          ],
          "cubes": [
            {
              "origin": [
                -4.0,
                47.0,
                -5.0
              ],
              "size": [
                8.0,
                7.0,
                8.0
              ],
              "uv": [
                0,
                0
              ],
              "inflate": 0
            },
            {
              "origin": [
                -4.8256,
                48.484,
                -5.1032
              ],
              "size": [
                9.6512,
                6.032,
                1.2064
              ],
              "uv": [
                44,
                19
              ],
              "inflate": 0
            },
            {
              "origin": [
                -4.0,
                45.0,
                -5.0
              ],
              "size": [
                8.0,
                2.0,
                0.0
              ],
              "uv": [
                50,
                14
              ],
              "inflate": 0
            },
            {
              "origin": [
                -3.74118,
                45.03407,
                -5.0
              ],
              "size": [
                0.0,
                2.0,
                8.0
              ],
              "pivot": [
                -3.74118,
                46.03407,
                -1.0
              ],
              "rotation": [
                0.0,
                0.0,
                -15.0
              ],
              "uv": [
                40,
                40
              ],
              "inflate": 0
            },
            {
              "origin": [
                3.74118,
                45.03407,
                -5.0
              ],
              "size": [
                0.0,
                2.0,
                8.0
              ],
              "pivot": [
                3.74118,
                46.03407,
                -1.0
              ],
              "rotation": [
                0.0,
                0.0,
                15.0
              ],
              "uv": [
                24,
                40
              ],
              "inflate": 0
            },
            {
              "origin": [
                -6.0,
                52.0,
                1.0
              ],
              "size": [
                4.0,
                4.0,
                4.0
              ],
              "pivot": [
                -4.0,
                54.0,
                3.0
              ],
              "rotation": [
                -27.60156,
                24.13026,
                -53.33588
              ],
              "uv": [
                50,
                0
              ],
              "inflate": 0
            },
            {
              "origin": [
                2.0,
                52.0,
                1.0
              ],
              "size": [
                4.0,
                4.0,
                4.0
              ],
              "pivot": [
                4.0,
                54.0,
                3.0
              ],
              "rotation": [
                -27.60156,
                -24.13026,
                53.33588
              ],
              "uv": [
                50,
                0
              ],
              "inflate": 0,
              "mirror": true
            }
          ],
          "parent": "Body"
        },
        {
          "name": "Jaw",
          "pivot": [
            0,
            47,
            3
          ],
          "cubes": [
            {
              "origin": [
                -3.5,
                45.0,
                -5.0
              ],
              "size": [
                7.0,
                2.0,
                8.0
              ],
              "uv": [
                22,
                19
              ],
              "inflate": 0
            },
            {
              "origin": [
                -3.5,
                47.0,
                -5.0
              ],
              "size": [
                7.0,
                2.0,
                0.0
              ],
              "uv": [
                50,
                16
              ],
              "inflate": 0
            },
            {
              "origin": [
                -3.5,
                47.0,
                -5.0
              ],
              "size": [
                0.0,
                2.0,
                8.0
              ],
              "pivot": [
                -3.5,
                47.0,
                -1.0
              ],
              "rotation": [
                0.0,
                0.0,
                15.0
              ],
              "uv": [
                40,
                42
              ],
              "inflate": 0
            },
            {
              "origin": [
                3.5,
                47.0,
                -5.0
              ],
              "size": [
                0.0,
                2.0,
                8.0
              ],
              "pivot": [
                3.5,
                47.0,
                -1.0
              ],
              "rotation": [
                0.0,
                0.0,
                -15.0
              ],
              "uv": [
                24,
                42
              ],
              "inflate": 0
            }
          ],
          "parent": "Head"
        },
        {
          "name": "Rightarm",
          "pivot": [
            -5.5,
            42,
            1.5
          ],
          "cubes": [
            {
              "origin": [
                -8.18,
                28.22,
                -0.18
              ],
              "size": [
                3.36,
                15.56,
                3.36
              ],
              "uv": [
                34,
                29
              ],
              "inflate": 0
            }
          ],
          "parent": "Body"
        },
        {
          "name": "bone",
          "pivot": [
            -6.5,
            28,
            1.5
          ],
          "cubes": [
            {
              "origin": [
                -8.0,
                15.0,
                0.0
              ],
              "size": [
                3.0,
                14.0,
                3.0
              ],
              "uv": [
                12,
                38
              ],
              "inflate": 0
            }
          ],
          "parent": "Rightarm"
        },
        {
          "name": "bone2",
          "pivot": [
            -6.5,
            14.829,
            1.5
          ],
          "cubes": [
            {
              "origin": [
                -7.5,
                11.0,
                -0.5
              ],
              "size": [
                2.0,
                4.0,
                4.0
              ],
              "uv": [
                52,
                49
              ],
              "inflate": 0
            },
            {
              "origin": [
                -7.93823,
                6.80111,
                0.95
              ],
              "size": [
                1.1,
                5.5,
                1.1
              ],
              "pivot": [
                -7.38823,
                9.55111,
                1.5
              ],
              "rotation": [
                0.0,
                0.0,
                15.0
              ],
              "uv": [
                16,
                60
              ],
              "inflate": 0
            },
            {
              "origin": [
                -7.05,
                9.31094,
                -1.86924
              ],
              "size": [
                1.1,
                5.5,
                1.1
              ],
              "pivot": [
                -6.5,
                12.06094,
                -1.31924
              ],
              "rotation": [
                -42.5,
                0.0,
                0.0
              ],
              "uv": [
                0,
                0
              ],
              "inflate": 0
            },
            {
              "origin": [
                -7.86435,
                3.55733,
                1.0
              ],
              "size": [
                1.0,
                4.0,
                1.0
              ],
              "pivot": [
                -7.36435,
                5.55733,
                1.5
              ],
              "rotation": [
                0.0,
                0.0,
                -20.0
              ],
              "uv": [
                25,
                15
              ],
              "inflate": 0
            },
            {
              "origin": [
                -7.0,
                6.90536,
                -3.81206
              ],
              "size": [
                1.0,
                4.0,
                1.0
              ],
              "pivot": [
                -6.5,
                8.90536,
                -3.31206
              ],
              "rotation": [
                -20.0,
                0.0,
                0.0
              ],
              "uv": [
                0,
                15
              ],
              "inflate": 0
            },
            {
              "origin": [
                -7.93491,
                6.81351,
                -0.74579
              ],
              "size": [
                1.1,
                5.5,
                1.1
              ],
              "pivot": [
                -7.38491,
                9.56351,
                -0.19579
              ],
              "rotation": [
                -7.5,
                0.0,
                15.0
              ],
              "uv": [
                12,
                27
              ],
              "inflate": 0
            },
            {
              "origin": [
                -7.8525,
                3.60155,
                -1.19851
              ],
              "size": [
                1.0,
                4.0,
                1.0
              ],
              "pivot": [
                -7.3525,
                5.60155,
                -0.69851
              ],
              "rotation": [
                -6.15518,
                -4.29357,
                -19.76905
              ],
              "uv": [
                45,
                0
              ],
              "inflate": 0
            },
            {
              "origin": [
                -7.84005,
                3.64802,
                3.36768
              ],
              "size": [
                1.0,
                4.0,
                1.0
              ],
              "pivot": [
                -7.34005,
                5.64802,
                3.86768
              ],
              "rotation": [
                6.15518,
                4.29357,
                -19.76905
              ],
              "uv": [
                24,
                0
              ],
              "inflate": 0
            },
            {
              "origin": [
                -7.92233,
                6.87312,
                2.72047
              ],
              "size": [
                1.08,
                5.4,
                1.08
              ],
              "pivot": [
                -7.38233,
                9.57312,
                3.26047
              ],
              "rotation": [
                10.0,
                0.0,
                15.0
              ],
              "uv": [
                4,
                0
              ],
              "inflate": 0
            }
          ],
          "parent": "bone"
        },
        {
          "name": "Leftarm",
          "pivot": [
            5.5,
            42,
            1.5
          ],
          "cubes": [
            {
              "origin": [
                4.82,
                28.22,
                -0.18
              ],
              "size": [
                3.36,
                15.56,
                3.36
              ],
              "uv": [
                34,
                29
              ],
              "inflate": 0,
              "mirror": true
            }
          ],
          "parent": "Body"
        },
        {
          "name": "bone5",
          "pivot": [
            6.5,
            28,
            1.5
          ],
          "cubes": [
            {
              "origin": [
                5.0,
                15.0,
                0.0
              ],
              "size": [
                3.0,
                14.0,
                3.0
              ],
              "uv": [
                12,
                38
              ],
              "inflate": 0,
              "mirror": true
            }
          ],
          "parent": "Leftarm"
        },
        {
          "name": "bone6",
          "pivot": [
            6.5,
            14.829,
            1.5
          ],
          "cubes": [
            {
              "origin": [
                5.5,
                11.0,
                -0.5
              ],
              "size": [
                2.0,
                4.0,
                4.0
              ],
              "uv": [
                52,
                49
              ],
              "inflate": 0,
              "mirror": true
            },
            {
              "origin": [
                6.83823,
                6.80111,
                0.95
              ],
              "size": [
                1.1,
                5.5,
                1.1
              ],
              "pivot": [
                7.38823,
                9.55111,
                1.5
              ],
              "rotation": [
                0.0,
                0.0,
                -15.0
              ],
              "uv": [
                16,
                60
              ],
              "inflate": 0,
              "mirror": true
            },
            {
              "origin": [
                5.95,
                9.31094,
                -1.86924
              ],
              "size": [
                1.1,
                5.5,
                1.1
              ],
              "pivot": [
                6.5,
                12.06094,
                -1.31924
              ],
              "rotation": [
                -42.5,
                0.0,
                0.0
              ],
              "uv": [
                0,
                0
              ],
              "inflate": 0,
              "mirror": true
            },
            {
              "origin": [
                6.86435,
                3.55733,
                1.0
              ],
              "size": [
                1.0,
                4.0,
                1.0
              ],
              "pivot": [
                7.36435,
                5.55733,
                1.5
              ],
              "rotation": [
                0.0,
                0.0,
                20.0
              ],
              "uv": [
                25,
                15
              ],
              "inflate": 0,
              "mirror": true
            },
            {
              "origin": [
                6.0,
                6.90536,
                -3.81206
              ],
              "size": [
                1.0,
                4.0,
                1.0
              ],
              "pivot": [
                6.5,
                8.90536,
                -3.31206
              ],
              "rotation": [
                -20.0,
                0.0,
                0.0
              ],
              "uv": [
                0,
                15
              ],
              "inflate": 0,
              "mirror": true
            },
            {
              "origin": [
                6.83491,
                6.81351,
                -0.74579
              ],
              "size": [
                1.1,
                5.5,
                1.1
              ],
              "pivot": [
                7.38491,
                9.56351,
                -0.19579
              ],
              "rotation": [
                -7.5,
                0.0,
                -15.0
              ],
              "uv": [
                12,
                27
              ],
              "inflate": 0,
              "mirror": true
            },
            {
              "origin": [
                6.8525,
                3.60155,
                -1.19851
              ],
              "size": [
                1.0,
                4.0,
                1.0
              ],
              "pivot": [
                7.3525,
                5.60155,
                -0.69851
              ],
              "rotation": [
                -6.15518,
                4.29357,
                19.76905
              ],
              "uv": [
                45,
                0
              ],
              "inflate": 0,
              "mirror": true
            },
            {
              "origin": [
                6.84005,
                3.64802,
                3.36768
              ],
              "size": [
                1.0,
                4.0,
                1.0
              ],
              "pivot": [
                7.34005,
                5.64802,
                3.86768
              ],
              "rotation": [
                6.15518,
                -4.29357,
                19.76905
              ],
              "uv": [
                24,
                0
              ],
              "inflate": 0,
              "mirror": true
            },
            {
              "origin": [
                6.84233,
                6.87312,
                2.72047
              ],
              "size": [
                1.08,
                5.4,
                1.08
              ],
              "pivot": [
                7.38233,
                9.57312,
                3.26047
              ],
              "rotation": [
                10.0,
                0.0,
                -15.0
              ],
              "uv": [
                4,
                0
              ],
              "inflate": 0,
              "mirror": true
            }
          ],
          "parent": "bone5"
        },
        {
          "name": "Rightleg",
          "pivot": [
            -3.5,
            21.77285,
            2.77218
          ],
          "cubes": [
            {
              "origin": [
                -5.0,
                9.91624,
                -3.52303
              ],
              "size": [
                3.0,
                16.0,
                3.0
              ],
              "pivot": [
                -3.5,
                17.91624,
                -2.02303
              ],
              "rotation": [
                -55.0,
                0.0,
                0.0
              ],
              "uv": [
                0,
                27
              ],
              "inflate": 0
            },
            {
              "origin": [
                -5.15,
                12.67946,
                -4.08261
              ],
              "size": [
                3.3,
                9.9,
                3.3
              ],
              "pivot": [
                -3.5,
                17.62946,
                -2.43261
              ],
              "rotation": [
                -55.0,
                0.0,
                0.0
              ],
              "uv": [
                0,
                46
              ],
              "inflate": 0
            }
          ],
          "parent": "Root"
        },
        {
          "name": "bone3",
          "pivot": [
            -3.5,
            13.48881,
            -7.82682
          ],
          "cubes": [
            {
              "origin": [
                -4.5,
                4.72346,
                -3.53673
              ],
              "size": [
                2.0,
                10.0,
                3.0
              ],
              "pivot": [
                -3.5,
                9.72346,
                -2.03673
              ],
              "rotation": [
                60.0,
                0.0,
                0.0
              ],
              "uv": [
                21,
                53
              ],
              "inflate": 0
            },
            {
              "origin": [
                -4.68,
                11.20346,
                -9.43589
              ],
              "size": [
                2.36,
                3.54,
                3.54
              ],
              "pivot": [
                -3.5,
                12.97346,
                -7.66589
              ],
              "rotation": [
                60.0,
                0.0,
                0.0
              ],
              "uv": [
                24,
                38
              ],
              "inflate": 0
            }
          ],
          "parent": "Rightleg"
        },
        {
          "name": "bone9",
          "pivot": [
            -3.5,
            7.76953,
            2.22215
          ],
          "cubes": [
            {
              "origin": [
                -4.11,
                -0.55047,
                0.00215
              ],
              "size": [
                1.22,
                12.64,
                2.44
              ],
              "pivot": [
                -3.5,
                5.76953,
                1.22215
              ],
              "rotation": [
                -40.0,
                0.0,
                0.0
              ],
              "uv": [
                31,
                53
              ],
              "inflate": 0
            }
          ],
          "parent": "bone3"
        },
        {
          "name": "bone4",
          "pivot": [
            -3.49704,
            1.52892,
            -2.35268
          ],
          "cubes": [
            {
              "origin": [
                -5.0,
                0.0,
                -4.0
              ],
              "size": [
                3.0,
                2.0,
                3.0
              ],
              "uv": [
                9,
                55
              ],
              "inflate": 0
            },
            {
              "origin": [
                -4.06,
                1.26466,
                -7.20444
              ],
              "size": [
                1.12,
                1.12,
                4.48
              ],
              "pivot": [
                -3.5,
                1.82466,
                -4.96444
              ],
              "rotation": [
                -12.5,
                0.0,
                0.0
              ],
              "uv": [
                37,
                61
              ],
              "inflate": 0
            },
            {
              "origin": [
                -4.06,
                1.15876,
                -2.37348
              ],
              "size": [
                1.12,
                1.12,
                4.48
              ],
              "pivot": [
                -3.5,
                1.71876,
                -0.13348
              ],
              "rotation": [
                12.5,
                0.0,
                0.0
              ],
              "uv": [
                58,
                26
              ],
              "inflate": 0
            },
            {
              "origin": [
                -5.32047,
                1.25973,
                -7.1822
              ],
              "size": [
                1.12,
                1.12,
                4.48
              ],
              "pivot": [
                -4.76047,
                1.81973,
                -4.9422
              ],
              "rotation": [
                -12.68664,
                9.76061,
                -2.18558
              ],
              "uv": [
                6,
                60
              ],
              "inflate": 0
            },
            {
              "origin": [
                -5.83044,
                0.93157,
                -10.33919
              ],
              "size": [
                1.0,
                1.0,
                4.0
              ],
              "pivot": [
                -5.33044,
                1.43157,
                -8.33919
              ],
              "rotation": [
                24.81336,
                9.76061,
                -2.18558
              ],
              "uv": [
                58,
                41
              ],
              "inflate": 0
            },
            {
              "origin": [
                -2.84869,
                1.25965,
                -7.18185
              ],
              "size": [
                1.12,
                1.12,
                4.48
              ],
              "pivot": [
                -2.28869,
                1.81965,
                -4.94185
              ],
              "rotation": [
                -12.79362,
                -12.19908,
                2.74715
              ],
              "uv": [
                60,
                46
              ],
              "inflate": 0
            },
            {
              "origin": [
                -2.09377,
                0.8572,
                -10.25507
              ],
              "size": [
                1.0,
                1.0,
                4.0
              ],
              "pivot": [
                -1.59377,
                1.3572,
                -8.25507
              ],
              "rotation": [
                27.20638,
                -12.19908,
                2.74715
              ],
              "uv": [
                58,
                33
              ],
              "inflate": 0
            },
            {
              "origin": [
                -4.0,
                1.58122,
                -10.55066
              ],
              "size": [
                1.0,
                1.0,
                4.0
              ],
              "pivot": [
                -3.5,
                2.08122,
                -7.05066
              ],
              "rotation": [
                25.0,
                0.0,
                0.0
              ],
              "uv": [
                60,
                53
              ],
              "inflate": 0
            },
            {
              "origin": [
                -4.0,
                0.84139,
                1.3122
              ],
              "size": [
                1.0,
                1.0,
                4.0
              ],
              "pivot": [
                -3.5,
                1.34139,
                3.3122
              ],
              "rotation": [
                -25.0,
                0.0,
                0.0
              ],
              "uv": [
                0,
                58
              ],
              "inflate": 0
            }
          ],
          "parent": "bone9"
        },
        {
          "name": "Leftleg",
          "pivot": [
            3.5,
            21.77285,
            2.77218
          ],
          "cubes": [
            {
              "origin": [
                2.0,
                9.91624,
                -3.52303
              ],
              "size": [
                3.0,
                16.0,
                3.0
              ],
              "pivot": [
                3.5,
                17.91624,
                -2.02303
              ],
              "rotation": [
                -55.0,
                0.0,
                0.0
              ],
              "uv": [
                0,
                27
              ],
              "inflate": 0,
              "mirror": true
            },
            {
              "origin": [
                1.85,
                8.13705,
                -4.15674
              ],
              "size": [
                3.3,
                9.9,
                3.3
              ],
              "pivot": [
                -0.9,
                15.28705,
                1.89326
              ],
              "rotation": [
                -55.0,
                0.0,
                0.0
              ],
              "uv": [
                0,
                46
              ],
              "inflate": 0,
              "mirror": true
            }
          ],
          "parent": "Root"
        },
        {
          "name": "bone7",
          "pivot": [
            3.5,
            13.48881,
            -7.82682
          ],
          "cubes": [
            {
              "origin": [
                2.5,
                4.72346,
                -3.53673
              ],
              "size": [
                2.0,
                10.0,
                3.0
              ],
              "pivot": [
                3.5,
                9.72346,
                -2.03673
              ],
              "rotation": [
                60.0,
                0.0,
                0.0
              ],
              "uv": [
                21,
                53
              ],
              "inflate": 0,
              "mirror": true
            },
            {
              "origin": [
                2.32,
                11.20346,
                -9.43589
              ],
              "size": [
                2.36,
                3.54,
                3.54
              ],
              "pivot": [
                3.5,
                12.97346,
                -7.66589
              ],
              "rotation": [
                60.0,
                0.0,
                0.0
              ],
              "uv": [
                24,
                38
              ],
              "inflate": 0,
              "mirror": true
            }
          ],
          "parent": "Leftleg"
        },
        {
          "name": "bone8",
          "pivot": [
            3.5,
            7.76953,
            2.22215
          ],
          "cubes": [
            {
              "origin": [
                2.89,
                -0.55047,
                0.00215
              ],
              "size": [
                1.22,
                12.64,
                2.44
              ],
              "pivot": [
                3.5,
                5.76953,
                1.22215
              ],
              "rotation": [
                -40.0,
                0.0,
                0.0
              ],
              "uv": [
                31,
                53
              ],
              "inflate": 0,
              "mirror": true
            }
          ],
          "parent": "bone7"
        },
        {
          "name": "bone10",
          "pivot": [
            3.49704,
            1.52892,
            -2.35268
          ],
          "cubes": [
            {
              "origin": [
                2.0,
                0.0,
                -4.0
              ],
              "size": [
                3.0,
                2.0,
                3.0
              ],
              "uv": [
                9,
                55
              ],
              "inflate": 0,
              "mirror": true
            },
            {
              "origin": [
                2.94,
                1.26466,
                -7.20444
              ],
              "size": [
                1.12,
                1.12,
                4.48
              ],
              "pivot": [
                3.5,
                1.82466,
                -4.96444
              ],
              "rotation": [
                -12.5,
                0.0,
                0.0
              ],
              "uv": [
                37,
                61
              ],
              "inflate": 0,
              "mirror": true
            },
            {
              "origin": [
                2.94,
                1.15876,
                -2.37348
              ],
              "size": [
                1.12,
                1.12,
                4.48
              ],
              "pivot": [
                3.5,
                1.71876,
                -0.13348
              ],
              "rotation": [
                12.5,
                0.0,
                0.0
              ],
              "uv": [
                58,
                26
              ],
              "inflate": 0,
              "mirror": true
            },
            {
              "origin": [
                4.20047,
                1.25973,
                -7.1822
              ],
              "size": [
                1.12,
                1.12,
                4.48
              ],
              "pivot": [
                4.76047,
                1.81973,
                -4.9422
              ],
              "rotation": [
                -12.68664,
                -9.76061,
                2.18558
              ],
              "uv": [
                6,
                60
              ],
              "inflate": 0,
              "mirror": true
            },
            {
              "origin": [
                4.83044,
                0.93157,
                -10.33919
              ],
              "size": [
                1.0,
                1.0,
                4.0
              ],
              "pivot": [
                5.33044,
                1.43157,
                -8.33919
              ],
              "rotation": [
                24.81336,
                -9.76061,
                2.18558
              ],
              "uv": [
                58,
                41
              ],
              "inflate": 0,
              "mirror": true
            },
            {
              "origin": [
                1.72869,
                1.25965,
                -7.18185
              ],
              "size": [
                1.12,
                1.12,
                4.48
              ],
              "pivot": [
                2.28869,
                1.81965,
                -4.94185
              ],
              "rotation": [
                -12.79362,
                12.19908,
                -2.74715
              ],
              "uv": [
                60,
                46
              ],
              "inflate": 0,
              "mirror": true
            },
            {
              "origin": [
                1.09377,
                0.8572,
                -10.25507
              ],
              "size": [
                1.0,
                1.0,
                4.0
              ],
              "pivot": [
                1.59377,
                1.3572,
                -8.25507
              ],
              "rotation": [
                27.20638,
                12.19908,
                -2.74715
              ],
              "uv": [
                58,
                33
              ],
              "inflate": 0,
              "mirror": true
            },
            {
              "origin": [
                3.0,
                0.9473,
                -10.41012
              ],
              "size": [
                1.0,
                1.0,
                4.0
              ],
              "pivot": [
                3.5,
                1.4473,
                -8.41012
              ],
              "rotation": [
                25.0,
                0.0,
                0.0
              ],
              "uv": [
                60,
                53
              ],
              "inflate": 0,
              "mirror": true
            },
            {
              "origin": [
                3.0,
                0.84139,
                1.3122
              ],
              "size": [
                1.0,
                1.0,
                4.0
              ],
              "pivot": [
                3.5,
                1.34139,
                3.3122
              ],
              "rotation": [
                -25.0,
                0.0,
                0.0
              ],
              "uv": [
                0,
                58
              ],
              "inflate": 0,
              "mirror": true
            }
          ],
          "parent": "bone8"
        }
      ]
    }
  ]
}