{
  "format_version": "1.12.0",
  "minecraft:geometry": [
    {
      "description": {
        "identifier": "geometry.yg_mr_butcher",
        "texture_width": 64,
        "texture_height": 64,
        "visible_bounds_width": 2,
        "visible_bounds_height": 3.5,
        "visible_bounds_offset": [
          0,
          1.25,
          0
        ]
      },
      "bones": [
        {
          "name": "Root"
        },
        {
          "name": "Body",
          "pivot": [
            0,
            16.48,
            0
          ],
          "cubes": [
            {
              "origin": [
                -4.0,
                16.0,
                -3.0
              ],
              "size": [
                8.0,
                11.0,
                6.0
              ],
              "uv": [
                28,
                0
              ],
              "inflate": 0
            },
            {
              "origin": [
                -4.24,
                7.4,
                -3.24
              ],
              "size": [
                8.48,
                20.12,
                6.48
              ],
              "uv": [
                0,
                0
              ],
              "inflate": 0
            }
          ],
          "parent": "Root"
        },
        {
          "name": "Head",
          "pivot": [
            0,
            28.4,
            0
          ],
          "cubes": [
            {
              "origin": [
                -4.0,
                28.0,
                -4.0
              ],
              "size": [
                8.0,
                8.0,
                8.0
              ],
              "uv": [
                20,
                18
              ],
              "inflate": 0
            },
            {
              "origin": [
                -3.63053,
                31.0,
                -4.99144
              ],
              "size": [
                3.0,
                3.0,
                2.0
              ],
              "pivot": [
                -2.13053,
                32.5,
                -3.99144
              ],
              "rotation": [
                0.0,
                7.5,
                0.0
              ],
              "uv": [
                22,
                0
              ],
              "inflate": 0
            },
            {
              "origin": [
                0.63053,
                31.0,
                -4.99144
              ],
              "size": [
                3.0,
                3.0,
                2.0
              ],
              "pivot": [
                2.13053,
                32.5,
                -3.99144
              ],
              "rotation": [
                0.0,
                -7.5,
                0.0
              ],
              "uv": [
                22,
                0
              ],
              "inflate": 0,
              "mirror": true
            },
            {
              "origin": [
                -3.24996,
                31.5,
                -5.21368
              ],
              "size": [
                2.0,
                2.0,
                1.0
              ],
              "pivot": [
                -2.24996,
                32.5,
                -4.71368
              ],
              "rotation": [
                0.0,
                7.5,
                0.0
              ],
              "uv": [
                0,
                0
              ],
              "inflate": 0
            },
            {
              "origin": [
                1.24996,
                31.5,
                -5.21368
              ],
              "size": [
                2.0,
                2.0,
                1.0
              ],
              "pivot": [
                2.24996,
                32.5,
                -4.71368
              ],
              "rotation": [
                0.0,
                -7.5,
                0.0
              ],
              "uv": [
                0,
                0
              ],
              "inflate": 0,
              "mirror": true
            }
          ],
          "parent": "Body"
        },
        {
          "name": "Rightarm",
          "pivot": [
            -4.5,
            25.25,
            0
          ],
          "cubes": [
            {
              "origin": [
                -7.0,
                13.0,
                -1.5
              ],
              "size": [
                3.0,
                10.0,
                3.0
              ],
              "uv": [
                25,
                34
              ],
              "inflate": 0
            },
            {
              "origin": [
                -6.12,
                13.88,
                -3.1
              ],
              "size": [
                1.24,
                1.24,
                6.2
              ],
              "uv": [
                0,
                41
              ],
              "inflate": 0
            },
            {
              "origin": [
                -5.5,
                11.0,
                -7.5
              ],
              "size": [
                0.0,
                4.0,
                6.0
              ],
              "uv": [
                0,
                31
              ],
              "inflate": 0
            },
            {
              "origin": [
                -7.51,
                22.49,
                -2.01
              ],
              "size": [
                4.02,
                4.02,
                4.02
              ],
              "uv": [
                37,
                34
              ],
              "inflate": 0
            }
          ],
          "parent": "Body"
        },
        {
          "name": "Leftarm",
          "pivot": [
            4.5,
            25.25,
            0
          ],
          "cubes": [
            {
              "origin": [
                4.0,
                13.0,
                -1.5
              ],
              "size": [
                3.0,
                10.0,
                3.0
              ],
              "uv": [
                25,
                34
              ],
              "inflate": 0,
              "mirror": true
            },
            {
              "origin": [
                3.49,
                22.49,
                -2.01
              ],
              "size": [
                4.02,
                4.02,
                4.02
              ],
              "uv": [
                37,
                34
              ],
              "inflate": 0,
              "mirror": true
            }
          ],
          "parent": "Body"
        },
        {
          "name": "Rightleg",
          "pivot": [
            -2.5,
            16,
            0
          ],
          "cubes": [
            {
              "origin": [
                -4.0,
                0.0,
                -1.5
              ],
              "size": [
                3.0,
                10.0,
                3.0
              ],
              "uv": [
                13,
                34
              ],
              "inflate": 0
            },
            {
              "origin": [
                -4.51,
                9.49,
                -2.01
              ],
              "size": [
                4.02,
                7.02,
                4.02
              ],
              "uv": [
                0,
                26
              ],
              "inflate": 0
            }
          ],
          "parent": "Root"
        },
        {
          "name": "Leftleg",
          "pivot": [
            2.5,
            16,
            0
          ],
          "cubes": [
            {
              "origin": [
                1.0,
                0.0,
                -1.5
              ],
              "size": [
                3.0,
                10.0,
                3.0
              ],
              "uv": [
                13,
                34
              ],
              "inflate": 0,
              "mirror": true
            },
            {
              "origin": [
                0.49,
                9.49,
                -2.01
              ],
              "size": [
                4.02,
                7.02,
                4.02
              ],
              "uv": [
                0,
                26
              ],
              "inflate": 0,
              "mirror": true
            }
          ],
          "parent": "Root"
        }
      ]
    }
  ]
}