{
  "format_version": "1.12.0",
  "minecraft:geometry": [
    {
      "description": {
        "identifier": "geometry.yg_wooly",
        "texture_width": 64,
        "texture_height": 64,
        "visible_bounds_width": 3,
        "visible_bounds_height": 3.5,
        "visible_bounds_offset": [
          0,
          1.25,
          0
        ]
      },
      "bones": [
        {
          "name": "Root"
        },
        {
          "name": "Body",
          "pivot": [
            0,
            10,
            0
          ],
          "cubes": [
            {
              "origin": [
                -4.32,
                17.92,
                -2.16
              ],
              "size": [
                8.64,
                2.16,
                4.32
              ],
              "uv": [
                24,
                0
              ],
              "inflate": 0
            },
            {
              "origin": [
                -4.32,
                9.92,
                -2.16
              ],
              "size": [
                8.64,
                2.16,
                4.32
              ],
              "uv": [
                24,
                0
              ],
              "inflate": 0
            },
            {
              "origin": [
                -4.5792,
                11.5656,
                -2.2896
              ],
              "size": [
                9.1584,
                6.8688,
                4.5792
              ],
              "uv": [
                24,
                26
              ],
              "inflate": 0
            }
          ],
          "parent": "Root"
        },
        {
          "name": "Head",
          "pivot": [
            0,
            20,
            0
          ],
          "cubes": [
            {
              "origin": [
                -4.0,
                20.0,
                -4.0
              ],
              "size": [
                8.0,
                8.0,
                8.0
              ],
              "uv": [
                0,
                0
              ],
              "inflate": 0
            },
            {
              "origin": [
                -8.95259,
                22.56712,
                -3.0
              ],
              "size": [
                6.0,
                2.0,
                1.0
              ],
              "pivot": [
                -5.95259,
                23.56712,
                -2.5
              ],
              "rotation": [
                22.5,
                0.0,
                -12.5
              ],
              "uv": [
                28,
                22
              ],
              "inflate": 0
            },
            {
              "origin": [
                2.95259,
                22.56712,
                -3.0
              ],
              "size": [
                6.0,
                2.0,
                1.0
              ],
              "pivot": [
                5.95259,
                23.56712,
                -2.5
              ],
              "rotation": [
                22.5,
                0.0,
                12.5
              ],
              "uv": [
                28,
                22
              ],
              "inflate": 0,
              "mirror": true
            },
            {
              "origin": [
                -4.24,
                19.76,
                -2.18
              ],
              "size": [
                8.48,
                8.48,
                6.36
              ],
              "uv": [
                0,
                16
              ],
              "inflate": 0
            },
            {
              "origin": [
                -2.9744,
                19.8733,
                -5.38152
              ],
              "size": [
                6.0,
                3.0,
                4.0
              ],
              "pivot": [
                0.0256,
                21.3733,
                -3.38152
              ],
              "rotation": [
                9.97899,
                -0.72424,
                -0.17148
              ],
              "uv": [
                0,
                30
              ],
              "inflate": 0
            }
          ],
          "parent": "Body"
        },
        {
          "name": "Rightarm",
          "pivot": [
            -4.5,
            19.25,
            0
          ],
          "cubes": [
            {
              "origin": [
                -7.0,
                9.0,
                -1.5
              ],
              "size": [
                3.0,
                10.0,
                3.0
              ],
              "uv": [
                29,
                36
              ],
              "inflate": 0
            }
          ],
          "parent": "Body"
        },
        {
          "name": "Leftarm",
          "pivot": [
            4.5,
            19.25,
            0
          ],
          "cubes": [
            {
              "origin": [
                4.0,
                9.0,
                -1.5
              ],
              "size": [
                3.0,
                10.0,
                3.0
              ],
              "uv": [
                29,
                36
              ],
              "inflate": 0,
              "mirror": true
            }
          ],
          "parent": "Body"
        },
        {
          "name": "Rightleg",
          "pivot": [
            -2,
            9.83333,
            0
          ],
          "cubes": [
            {
              "origin": [
                -3.5,
                0.0,
                -1.5
              ],
              "size": [
                3.0,
                10.0,
                3.0
              ],
              "uv": [
                17,
                36
              ],
              "inflate": 0
            }
          ],
          "parent": "Root"
        },
        {
          "name": "Leftleg",
          "pivot": [
            2,
            9.83333,
            0
          ],
          "cubes": [
            {
              "origin": [
                0.5,
                0.0,
                -1.5
              ],
              "size": [
                3.0,
                10.0,
                3.0
              ],
              "uv": [
                17,
                36
              ],
              "inflate": 0,
              "mirror": true
            }
          ],
          "parent": "Root"
        }
      ]
    }
  ]
}