{
	"format_version" : "1.17.30",
	"animation_controllers" : {
	"controller.animation.crucifix": {
	"initial_state": "default",
	"states": {
		"default": {
		"animations": [
				"success"
			],
		"transitions": [{
							"fail": "query.variant == 1"
						 }
		],
		"blend_transition": 0.2
	  },
	  "fail": {
		"animations": [
			"fail"
		],
		"transitions": [{
				"default": "query.variant == 0"
		}
		],
		"blend_transition": 0.2   
	}
                  }
                }
			}
		}