{
	"format_version" : "1.17.30",
	"animation_controllers" : {
	"controller.animation.snare": {
	"initial_state": "default",
	"states": {
		"default": {
		"transitions": [
						{
								"jumpscare": "query.has_rider && !query.is_stunned"
							}
		],
		"blend_transition": 0.2
	  },
	  "jumpscare": {
		"animations": [
			"jumpscare"
			],
		"transitions": [{
							"default": "!query.has_rider"
						 }
		],
		"blend_transition": 0.2
	  }

                  }
                }
			}
		}