{
	"format_version" : "1.17.30",
	"animation_controllers" : {
	"controller.animation.ic_closet.interact": {
	"initial_state": "default",
	"states": {
		"default": {
		"animations": [
				"interact"
			],
		"transitions": [{
							"enter": "query.has_rider"
						 }
		],
		"blend_transition": 0.2
	  },
	  "enter": {
		"animations": [
			"interact"
		],
		"transitions": [{
				"default": "!query.has_rider"
		}
		],
		"blend_transition": 0.2   
	}
                  }
                }
			}
		}