{
  "format_version": "1.12.0",
  "minecraft:geometry": [
    {
      "description": {
        "identifier": "geometry.bd69_hat",
        "texture_width": 64,
        "texture_height": 64,
        "visible_bounds_width": 2,
        "visible_bounds_height": 2.5,
        "visible_bounds_offset": [
          0,
          0.75,
          0
        ]
      },
      "bones": [
        {
          "name": "bb_main",
          "cubes": [
            {
              "origin": [
                -6.0,
                0.0,
                -7.0
              ],
              "size": [
                12.0,
                2.0,
                14.0
              ],
              "uv": [
                0,
                0
              ],
              "inflate": 0
            },
            {
              "origin": [
                -4.0,
                2.0,
                -6.0
              ],
              "size": [
                8.0,
                1.0,
                1.0
              ],
              "uv": [
                38,
                8
              ],
              "inflate": 0
            },
            {
              "origin": [
                -5.0,
                2.0,
                -6.0
              ],
              "size": [
                1.0,
                1.0,
                12.0
              ],
              "uv": [
                0,
                15
              ],
              "inflate": 0
            },
            {
              "origin": [
                -4.0,
                3.0,
                -4.0
              ],
              "size": [
                1.0,
                7.0,
                8.0
              ],
              "uv": [
                18,
                30
              ],
              "inflate": 0
            },
            {
              "origin": [
                3.0,
                3.0,
                -4.0
              ],
              "size": [
                1.0,
                7.0,
                8.0
              ],
              "uv": [
                0,
                29
              ],
              "inflate": 0
            },
            {
              "origin": [
                4.0,
                2.0,
                -6.0
              ],
              "size": [
                1.0,
                1.0,
                12.0
              ],
              "uv": [
                14,
                17
              ],
              "inflate": 0
            },
            {
              "origin": [
                -4.0,
                2.0,
                5.0
              ],
              "size": [
                8.0,
                1.0,
                1.0
              ],
              "uv": [
                28,
                24
              ],
              "inflate": 0
            },
            {
              "origin": [
                -4.0,
                3.0,
                4.0
              ],
              "size": [
                8.0,
                7.0,
                1.0
              ],
              "uv": [
                38,
                0
              ],
              "inflate": 0
            },
            {
              "origin": [
                -4.0,
                3.0,
                -5.0
              ],
              "size": [
                8.0,
                7.0,
                1.0
              ],
              "uv": [
                28,
                30
              ],
              "inflate": 0
            },
            {
              "origin": [
                -3.0,
                10.0,
                -4.0
              ],
              "size": [
                6.0,
                1.0,
                8.0
              ],
              "uv": [
                28,
                15
              ],
              "inflate": 0
            }
          ]
        }
      ]
    }
  ]
}