{
  "format_version": "1.12.0",
  "minecraft:geometry": [
    {
      "description": {
        "identifier": "geometry.cy_caption_fiddles_s",
        "texture_width": 128,
        "texture_height": 128,
        "visible_bounds_width": 5,
        "visible_bounds_height": 7,
        "visible_bounds_offset": [
          0,
          1.5,
          0
        ]
      },
      "bones": [
        {
          "name": "root",
          "pivot": [
            0,
            5,
            0
          ]
        },
        {
          "name": "waist",
          "pivot": [
            0,
            5,
            0
          ],
          "parent": "root"
        },
        {
          "name": "body",
          "pivot": [
            0,
            20,
            0
          ],
          "cubes": [
            {
              "origin": [
                -8.0,
                16.0,
                -4.0
              ],
              "size": [
                16.0,
                18.0,
                8.0
              ],
              "uv": [
                0,
                0
              ],
              "inflate": 0
            },
            {
              "origin": [
                -8.0,
                16.0,
                4.0
              ],
              "size": [
                16.0,
                18.0,
                1.0
              ],
              "uv": [
                34,
                44
              ],
              "inflate": 0
            },
            {
              "origin": [
                -8.0,
                16.0,
                -5.0
              ],
              "size": [
                16.0,
                18.0,
                1.0
              ],
              "uv": [
                0,
                44
              ],
              "inflate": 0
            },
            {
              "origin": [
                -9.0,
                16.0,
                -4.0
              ],
              "size": [
                1.0,
                18.0,
                8.0
              ],
              "uv": [
                58,
                18
              ],
              "inflate": 0
            },
            {
              "origin": [
                8.0,
                16.0,
                -4.0
              ],
              "size": [
                1.0,
                18.0,
                8.0
              ],
              "uv": [
                48,
                0
              ],
              "inflate": 0
            },
            {
              "origin": [
                -8.0,
                15.0,
                -4.0
              ],
              "size": [
                16.0,
                1.0,
                8.0
              ],
              "uv": [
                0,
                35
              ],
              "inflate": 0
            },
            {
              "origin": [
                -8.0,
                34.0,
                -4.0
              ],
              "size": [
                16.0,
                1.0,
                8.0
              ],
              "uv": [
                0,
                26
              ],
              "inflate": 0
            }
          ],
          "parent": "waist"
        },
        {
          "name": "rightarm",
          "pivot": [
            -11,
            29,
            0
          ],
          "cubes": [
            {
              "origin": [
                -13.0,
                18.0,
                -2.0
              ],
              "size": [
                4.0,
                11.0,
                4.0
              ],
              "uv": [
                32,
                63
              ],
              "inflate": 0
            },
            {
              "origin": [
                -13.0,
                19.0,
                -2.0
              ],
              "size": [
                4.0,
                10.0,
                4.0
              ],
              "uv": [
                60,
                73
              ],
              "inflate": 0.3
            }
          ],
          "parent": "body"
        },
        {
          "name": "rightarm2",
          "pivot": [
            -11,
            18,
            0
          ],
          "cubes": [
            {
              "origin": [
                -13.0,
                7.0,
                -2.0
              ],
              "size": [
                4.0,
                10.0,
                4.0
              ],
              "uv": [
                68,
                44
              ],
              "inflate": 0
            },
            {
              "origin": [
                -13.0,
                4.0,
                -2.0
              ],
              "size": [
                2.0,
                3.0,
                4.0
              ],
              "pivot": [
                -12.0,
                5.5,
                0.0
              ],
              "rotation": [
                0.0,
                0.0,
                -5.0
              ],
              "uv": [
                80,
                10
              ],
              "inflate": 0
            },
            {
              "origin": [
                -11.0,
                4.0,
                -4.0
              ],
              "size": [
                2.0,
                3.0,
                2.0
              ],
              "pivot": [
                -10.0,
                5.5,
                -1.5
              ],
              "rotation": [
                -50.0,
                0.0,
                0.0
              ],
              "uv": [
                0,
                26
              ],
              "inflate": 0
            },
            {
              "origin": [
                -13.0,
                8.0,
                -2.0
              ],
              "size": [
                4.0,
                10.0,
                4.0
              ],
              "uv": [
                66,
                0
              ],
              "inflate": 0.3
            }
          ],
          "parent": "rightarm"
        },
        {
          "name": "leftarm",
          "pivot": [
            11,
            29,
            0
          ],
          "cubes": [
            {
              "origin": [
                9.0,
                18.0,
                -2.0
              ],
              "size": [
                4.0,
                11.0,
                4.0
              ],
              "uv": [
                16,
                63
              ],
              "inflate": 0
            },
            {
              "origin": [
                9.0,
                19.0,
                -2.0
              ],
              "size": [
                4.0,
                10.0,
                4.0
              ],
              "uv": [
                64,
                59
              ],
              "inflate": 0.3
            }
          ],
          "parent": "body"
        },
        {
          "name": "leftarm2",
          "pivot": [
            11,
            18,
            0
          ],
          "cubes": [
            {
              "origin": [
                9.0,
                7.0,
                -2.0
              ],
              "size": [
                4.0,
                11.0,
                4.0
              ],
              "uv": [
                0,
                63
              ],
              "inflate": 0
            },
            {
              "origin": [
                11.0,
                4.0,
                -2.0
              ],
              "size": [
                2.0,
                3.0,
                4.0
              ],
              "pivot": [
                12.0,
                5.5,
                0.0
              ],
              "rotation": [
                0.0,
                0.0,
                2.5
              ],
              "uv": [
                30,
                78
              ],
              "inflate": 0
            },
            {
              "origin": [
                9.0,
                4.0,
                -4.0
              ],
              "size": [
                2.0,
                3.0,
                2.0
              ],
              "pivot": [
                12.0,
                5.5,
                -1.5
              ],
              "rotation": [
                -50.0,
                0.0,
                0.0
              ],
              "uv": [
                0,
                0
              ],
              "inflate": 0
            },
            {
              "origin": [
                9.0,
                8.0,
                -2.0
              ],
              "size": [
                4.0,
                10.0,
                4.0
              ],
              "uv": [
                48,
                63
              ],
              "inflate": 0.3
            }
          ],
          "parent": "leftarm"
        },
        {
          "name": "rightleg",
          "pivot": [
            -4,
            16,
            1
          ],
          "cubes": [
            {
              "origin": [
                -6.0,
                8.0,
                -2.0
              ],
              "size": [
                4.0,
                8.0,
                4.0
              ],
              "uv": [
                44,
                77
              ],
              "inflate": 0
            }
          ],
          "parent": "body"
        },
        {
          "name": "rightleg2",
          "pivot": [
            -4,
            8,
            1
          ],
          "cubes": [
            {
              "origin": [
                -6.0,
                0.0,
                -2.0
              ],
              "size": [
                4.0,
                8.0,
                4.0
              ],
              "uv": [
                76,
                69
              ],
              "inflate": 0
            },
            {
              "origin": [
                -6.0,
                0.0,
                -4.0
              ],
              "size": [
                4.0,
                3.0,
                3.0
              ],
              "uv": [
                16,
                78
              ],
              "inflate": 0
            }
          ],
          "parent": "rightleg"
        },
        {
          "name": "balleye",
          "pivot": [
            -4.5,
            28.5,
            -4.5
          ],
          "cubes": [
            {
              "origin": [
                -7.0,
                26.0,
                -5.5
              ],
              "size": [
                5.0,
                5.0,
                3.0
              ],
              "uv": [
                0,
                78
              ],
              "inflate": 0
            },
            {
              "origin": [
                -7.0,
                26.0,
                -6.5
              ],
              "size": [
                5.0,
                5.0,
                3.0
              ],
              "uv": [
                40,
                35
              ],
              "inflate": -0.8
            }
          ],
          "parent": "body"
        },
        {
          "name": "balleye2",
          "pivot": [
            4.5,
            28.5,
            -4.5
          ],
          "cubes": [
            {
              "origin": [
                2.0,
                26.0,
                -5.5
              ],
              "size": [
                5.0,
                5.0,
                3.0
              ],
              "uv": [
                40,
                26
              ],
              "inflate": 0
            },
            {
              "origin": [
                2.0,
                26.0,
                -6.5
              ],
              "size": [
                5.0,
                5.0,
                3.0
              ],
              "uv": [
                40,
                0
              ],
              "inflate": -0.8
            }
          ],
          "parent": "body"
        },
        {
          "name": "LeftLeg",
          "pivot": [
            4,
            16,
            1
          ],
          "cubes": [
            {
              "origin": [
                2.0,
                8.0,
                -2.0
              ],
              "size": [
                4.0,
                8.0,
                4.0
              ],
              "uv": [
                76,
                26
              ],
              "inflate": 0
            }
          ]
        },
        {
          "name": "LeftLeg2",
          "pivot": [
            4,
            8,
            1
          ],
          "cubes": [
            {
              "origin": [
                2.0,
                0.0,
                -2.0
              ],
              "size": [
                4.0,
                8.0,
                4.0
              ],
              "uv": [
                68,
                14
              ],
              "inflate": 0
            },
            {
              "origin": [
                2.0,
                0.0,
                -4.0
              ],
              "size": [
                4.0,
                3.0,
                3.0
              ],
              "uv": [
                76,
                38
              ],
              "inflate": 0
            }
          ],
          "parent": "LeftLeg"
        }
      ]
    }
  ]
}