{
  "format_version": "1.12.0",
  "minecraft:geometry": [
    {
      "description": {
        "identifier": "geometry.cy_opila_bird_s",
        "texture_width": 128,
        "texture_height": 128,
        "visible_bounds_width": 3,
        "visible_bounds_height": 5,
        "visible_bounds_offset": [
          0,
          1.5,
          0
        ]
      },
      "bones": [
        {
          "name": "root",
          "pivot": [
            0,
            3,
            0
          ]
        },
        {
          "name": "waist",
          "pivot": [
            0,
            3,
            0
          ],
          "parent": "root"
        },
        {
          "name": "body",
          "pivot": [
            0,
            18,
            0
          ],
          "cubes": [
            {
              "origin": [
                -6.0,
                18.0,
                -7.0
              ],
              "size": [
                12.0,
                11.0,
                13.0
              ],
              "uv": [
                0,
                0
              ],
              "inflate": 0
            },
            {
              "origin": [
                -5.0,
                19.0,
                -8.0
              ],
              "size": [
                10.0,
                9.0,
                1.0
              ],
              "uv": [
                28,
                39
              ],
              "inflate": 0
            },
            {
              "origin": [
                -5.0,
                18.0,
                4.0
              ],
              "size": [
                10.0,
                9.0,
                6.0
              ],
              "pivot": [
                0.0,
                23.5,
                9.0
              ],
              "rotation": [
                -25.0,
                0.0,
                0.0
              ],
              "uv": [
                28,
                24
              ],
              "inflate": 0
            },
            {
              "origin": [
                -4.0,
                19.0,
                9.0
              ],
              "size": [
                8.0,
                7.0,
                2.0
              ],
              "pivot": [
                0.0,
                23.5,
                9.0
              ],
              "rotation": [
                -25.0,
                0.0,
                0.0
              ],
              "uv": [
                16,
                49
              ],
              "inflate": 0
            }
          ],
          "parent": "waist"
        },
        {
          "name": "Head",
          "pivot": [
            0,
            23,
            -6
          ],
          "cubes": [
            {
              "origin": [
                -4.0,
                23.0,
                -11.0
              ],
              "size": [
                8.0,
                18.0,
                6.0
              ],
              "uv": [
                0,
                24
              ],
              "inflate": 0
            },
            {
              "origin": [
                -4.0,
                37.0,
                -12.0
              ],
              "size": [
                3.0,
                3.0,
                2.0
              ],
              "pivot": [
                -2.5,
                38.5,
                -13.0
              ],
              "rotation": [
                0.0,
                12.5,
                0.0
              ],
              "uv": [
                50,
                18
              ],
              "inflate": 0
            },
            {
              "origin": [
                1.0,
                37.0,
                -12.0
              ],
              "size": [
                3.0,
                3.0,
                2.0
              ],
              "pivot": [
                2.5,
                38.5,
                -13.0
              ],
              "rotation": [
                0.0,
                -12.5,
                0.0
              ],
              "uv": [
                22,
                24
              ],
              "inflate": 0
            },
            {
              "origin": [
                -3.79151,
                37.36,
                -12.25341
              ],
              "size": [
                2.28,
                2.28,
                1.14
              ],
              "pivot": [
                -2.65151,
                38.5,
                -13.68341
              ],
              "rotation": [
                0.0,
                12.5,
                0.0
              ],
              "uv": [
                0,
                10
              ],
              "inflate": 0
            },
            {
              "origin": [
                1.51151,
                37.36,
                -12.25341
              ],
              "size": [
                2.28,
                2.28,
                1.14
              ],
              "pivot": [
                2.65151,
                38.5,
                -13.68341
              ],
              "rotation": [
                0.0,
                -12.5,
                0.0
              ],
              "uv": [
                7,
                0
              ],
              "inflate": 0
            },
            {
              "origin": [
                -3.0,
                33.0,
                -18.0
              ],
              "size": [
                6.0,
                3.0,
                7.0
              ],
              "uv": [
                37,
                0
              ],
              "inflate": 0
            },
            {
              "origin": [
                -2.34597,
                40.70462,
                -8.01279
              ],
              "size": [
                1.0,
                4.0,
                0.0
              ],
              "pivot": [
                -1.84597,
                42.70462,
                -8.01279
              ],
              "rotation": [
                -29.66569,
                -4.20854,
                -9.07947
              ],
              "uv": [
                0,
                24
              ],
              "inflate": 0
            },
            {
              "origin": [
                -0.5,
                40.76577,
                -7.94345
              ],
              "size": [
                1.0,
                5.0,
                0.0
              ],
              "pivot": [
                0.0,
                43.26577,
                -7.94345
              ],
              "rotation": [
                -25.0,
                0.0,
                0.0
              ],
              "uv": [
                10,
                3
              ],
              "inflate": 0
            },
            {
              "origin": [
                1.17282,
                40.67994,
                -7.92859
              ],
              "size": [
                1.0,
                4.0,
                0.0
              ],
              "pivot": [
                1.67282,
                42.67994,
                -7.92859
              ],
              "rotation": [
                -32.41643,
                2.11089,
                4.53359
              ],
              "uv": [
                10,
                8
              ],
              "inflate": 0
            }
          ],
          "parent": "body"
        },
        {
          "name": "Jaw",
          "pivot": [
            0,
            32,
            -13.5
          ],
          "cubes": [
            {
              "origin": [
                -2.0,
                31.0,
                -16.0
              ],
              "size": [
                4.0,
                2.0,
                5.0
              ],
              "uv": [
                56,
                0
              ],
              "inflate": 0
            }
          ],
          "parent": "Head"
        },
        {
          "name": "Wing2",
          "pivot": [
            7,
            23.5,
            -4.75
          ],
          "cubes": [
            {
              "origin": [
                5.0,
                19.0,
                -6.0
              ],
              "size": [
                2.0,
                9.0,
                6.0
              ],
              "uv": [
                0,
                48
              ],
              "inflate": 0
            },
            {
              "origin": [
                5.0,
                20.0,
                0.0
              ],
              "size": [
                2.0,
                7.0,
                3.0
              ],
              "uv": [
                48,
                59
              ],
              "inflate": 0
            },
            {
              "origin": [
                5.0,
                21.0,
                3.0
              ],
              "size": [
                2.0,
                5.0,
                2.0
              ],
              "uv": [
                64,
                48
              ],
              "inflate": 0
            }
          ],
          "parent": "body"
        },
        {
          "name": "Wing3",
          "pivot": [
            -5,
            23.5,
            -4.75
          ],
          "cubes": [
            {
              "origin": [
                -7.0,
                19.0,
                -6.0
              ],
              "size": [
                2.0,
                9.0,
                6.0
              ],
              "uv": [
                44,
                43
              ],
              "inflate": 0
            },
            {
              "origin": [
                -7.0,
                20.0,
                0.0
              ],
              "size": [
                2.0,
                7.0,
                3.0
              ],
              "uv": [
                0,
                0
              ],
              "inflate": 0
            },
            {
              "origin": [
                -7.0,
                21.0,
                3.0
              ],
              "size": [
                2.0,
                5.0,
                2.0
              ],
              "uv": [
                64,
                26
              ],
              "inflate": 0
            }
          ],
          "parent": "body"
        },
        {
          "name": "rightleg",
          "pivot": [
            -4,
            18,
            0
          ],
          "cubes": [
            {
              "origin": [
                -5.0,
                10.0,
                -1.0
              ],
              "size": [
                2.0,
                8.0,
                2.0
              ],
              "uv": [
                8,
                63
              ],
              "inflate": 0
            },
            {
              "origin": [
                -6.0,
                16.0,
                -2.0
              ],
              "size": [
                4.0,
                3.0,
                4.0
              ],
              "uv": [
                16,
                58
              ],
              "inflate": -0.5
            }
          ],
          "parent": "root"
        },
        {
          "name": "rightleg2",
          "pivot": [
            -4,
            10,
            0
          ],
          "cubes": [
            {
              "origin": [
                -5.0,
                2.0,
                -1.0
              ],
              "size": [
                2.0,
                8.0,
                2.0
              ],
              "uv": [
                63,
                7
              ],
              "inflate": 0
            }
          ],
          "parent": "rightleg"
        },
        {
          "name": "rightfoot",
          "pivot": [
            -4,
            1.6,
            0
          ],
          "cubes": [
            {
              "origin": [
                -5.18,
                -0.18,
                -1.18
              ],
              "size": [
                2.36,
                2.36,
                2.36
              ],
              "uv": [
                54,
                26
              ],
              "inflate": 0
            },
            {
              "origin": [
                -5.0,
                0.0,
                -6.0
              ],
              "size": [
                2.0,
                1.0,
                7.0
              ],
              "uv": [
                53,
                32
              ],
              "inflate": 0
            },
            {
              "origin": [
                -5.0,
                0.0,
                -6.0
              ],
              "size": [
                2.0,
                1.0,
                7.0
              ],
              "pivot": [
                -4.0,
                0.5,
                0.5
              ],
              "rotation": [
                0.0,
                22.5,
                0.0
              ],
              "uv": [
                29,
                51
              ],
              "inflate": 0
            },
            {
              "origin": [
                -5.0,
                0.0,
                -6.0
              ],
              "size": [
                2.0,
                1.0,
                7.0
              ],
              "pivot": [
                -4.0,
                0.5,
                0.5
              ],
              "rotation": [
                0.0,
                -22.5,
                0.0
              ],
              "uv": [
                50,
                10
              ],
              "inflate": 0
            }
          ],
          "parent": "rightleg2"
        },
        {
          "name": "leftleg",
          "pivot": [
            4,
            18,
            0
          ],
          "cubes": [
            {
              "origin": [
                3.0,
                10.0,
                -1.0
              ],
              "size": [
                2.0,
                8.0,
                2.0
              ],
              "uv": [
                0,
                63
              ],
              "inflate": 0
            },
            {
              "origin": [
                2.0,
                16.0,
                -2.0
              ],
              "size": [
                4.0,
                3.0,
                4.0
              ],
              "uv": [
                32,
                59
              ],
              "inflate": -0.5
            }
          ],
          "parent": "root"
        },
        {
          "name": "leftleg2",
          "pivot": [
            4,
            10,
            0
          ],
          "cubes": [
            {
              "origin": [
                3.0,
                2.0,
                -1.0
              ],
              "size": [
                2.0,
                8.0,
                2.0
              ],
              "uv": [
                58,
                59
              ],
              "inflate": 0
            }
          ],
          "parent": "leftleg"
        },
        {
          "name": "leftfoot",
          "pivot": [
            4,
            1.6,
            0
          ],
          "cubes": [
            {
              "origin": [
                2.82,
                -0.18,
                -1.18
              ],
              "size": [
                2.36,
                2.36,
                2.36
              ],
              "uv": [
                64,
                33
              ],
              "inflate": 0
            },
            {
              "origin": [
                3.0,
                0.0,
                -6.0
              ],
              "size": [
                2.0,
                1.0,
                7.0
              ],
              "uv": [
                54,
                40
              ],
              "inflate": 0
            },
            {
              "origin": [
                3.0,
                0.0,
                -6.0
              ],
              "size": [
                2.0,
                1.0,
                7.0
              ],
              "pivot": [
                4.0,
                0.5,
                0.5
              ],
              "rotation": [
                0.0,
                22.5,
                0.0
              ],
              "uv": [
                54,
                18
              ],
              "inflate": 0
            },
            {
              "origin": [
                3.0,
                0.0,
                -6.0
              ],
              "size": [
                2.0,
                1.0,
                7.0
              ],
              "pivot": [
                4.0,
                0.5,
                0.5
              ],
              "rotation": [
                0.0,
                -22.5,
                0.0
              ],
              "uv": [
                53,
                51
              ],
              "inflate": 0
            }
          ],
          "parent": "leftleg2"
        }
      ]
    }
  ]
}