{
  "format_version": "1.12.0",
  "minecraft:geometry": [
    {
      "description": {
        "identifier": "geometry.cy_slow_sellers_s",
        "texture_width": 256,
        "texture_height": 256,
        "visible_bounds_width": 5,
        "visible_bounds_height": 6,
        "visible_bounds_offset": [
          0,
          2,
          0
        ]
      },
      "bones": [
        {
          "name": "root",
          "pivot": [
            0,
            5,
            0
          ]
        },
        {
          "name": "Body",
          "parent": "root",
          "pivot": [
            0,
            0,
            0
          ],
          "cubes": [
            {
              "origin": [
                -5,
                0,
                -15
              ],
              "size": [
                10,
                7,
                28
              ],
              "uv": [
                0,
                48
              ]
            },
            {
              "origin": [
                -5,
                0,
                11
              ],
              "size": [
                10,
                6,
                7
              ],
              "uv": [
                0,
                107
              ]
            },
            {
              "origin": [
                -5,
                0,
                18
              ],
              "size": [
                10,
                5,
                7
              ],
              "uv": [
                103,
                59
              ]
            },
            {
              "origin": [
                -5,
                -19.83354,
                -10.46684
              ],
              "size": [
                10,
                7,
                10
              ],
              "pivot": [
                0,
                5.66646,
                13.53316
              ],
              "rotation": [
                -50,
                0,
                0
              ],
              "uv": [
                103,
                42
              ]
            }
          ]
        },
        {
          "name": "neck",
          "parent": "Body",
          "pivot": [
            0,
            8,
            -18
          ],
          "cubes": [
            {
              "origin": [
                -5,
                7.66044,
                -21.42788
              ],
              "size": [
                10,
                18,
                7
              ],
              "uv": [
                80,
                17
              ]
            }
          ]
        },
        {
          "name": "head",
          "parent": "neck",
          "pivot": [
            0,
            26,
            -21
          ],
          "cubes": [
            {
              "origin": [
                -8,
                25,
                -23
              ],
              "size": [
                16,
                7,
                10
              ],
              "uv": [
                55,
                0
              ]
            },
            {
              "origin": [
                -7,
                32,
                -22
              ],
              "size": [
                14,
                5,
                8
              ],
              "uv": [
                101,
                95
              ]
            },
            {
              "origin": [
                -5,
                37,
                -19
              ],
              "size": [
                2,
                10,
                2
              ],
              "uv": [
                34,
                83
              ]
            },
            {
              "origin": [
                3,
                37,
                -19
              ],
              "size": [
                2,
                10,
                2
              ],
              "uv": [
                78,
                71
              ]
            }
          ]
        },
        {
          "name": "eye",
          "parent": "head",
          "pivot": [
            4,
            47,
            -17
          ],
          "cubes": [
            {
              "origin": [
                1,
                47,
                -21
              ],
              "size": [
                6,
                6,
                6
              ],
              "uv": [
                0,
                60
              ]
            },
            {
              "origin": [
                2,
                48,
                -21.1
              ],
              "size": [
                4,
                4,
                6
              ],
              "uv": [
                0,
                10
              ]
            }
          ]
        },
        {
          "name": "eye2",
          "parent": "head",
          "pivot": [
            -4,
            47,
            -17
          ],
          "cubes": [
            {
              "origin": [
                -7,
                47,
                -21
              ],
              "size": [
                6,
                6,
                6
              ],
              "uv": [
                0,
                48
              ]
            },
            {
              "origin": [
                -6,
                48,
                -21.2
              ],
              "size": [
                4,
                4,
                6
              ],
              "uv": [
                0,
                0
              ]
            }
          ]
        },
        {
          "name": "shell",
          "parent": "Body",
          "pivot": [
            0,
            5,
            3
          ],
          "cubes": [
            {
              "origin": [
                -8,
                6,
                -11
              ],
              "size": [
                16,
                25,
                23
              ],
              "uv": [
                0,
                0
              ]
            },
            {
              "origin": [
                -9,
                7,
                -11
              ],
              "size": [
                1,
                23,
                23
              ],
              "uv": [
                53,
                71
              ]
            },
            {
              "origin": [
                8,
                7,
                -11
              ],
              "size": [
                1,
                23,
                23
              ],
              "uv": [
                55,
                25
              ]
            },
            {
              "origin": [
                -8,
                7,
                -12
              ],
              "size": [
                16,
                23,
                1
              ],
              "uv": [
                101,
                71
              ]
            },
            {
              "origin": [
                -8,
                7,
                12
              ],
              "size": [
                16,
                23,
                1
              ],
              "uv": [
                0,
                83
              ]
            }
          ]
        }
      ]
    }
  ]
}