{
  "format_version": "1.12.0",
  "minecraft:geometry": [
    {
      "description": {
        "identifier": "geometry.cy_sheriff_toadster_s",
        "texture_width": 128,
        "texture_height": 128,
        "visible_bounds_width": 3,
        "visible_bounds_height": 6,
        "visible_bounds_offset": [
          0,
          2,
          0
        ]
      },
      "bones": [
        {
          "name": "root",
          "pivot": [
            0,
            5,
            0
          ]
        },
        {
          "name": "waist",
          "pivot": [
            0,
            5,
            0
          ],
          "parent": "root"
        },
        {
          "name": "body",
          "pivot": [
            0,
            20,
            0
          ],
          "cubes": [
            {
              "origin": [
                -7.0,
                33.0,
                -5.0
              ],
              "size": [
                14.0,
                3.0,
                10.0
              ],
              "uv": [
                42,
                58
              ],
              "inflate": 0
            },
            {
              "origin": [
                -9.0,
                18.0,
                -5.0
              ],
              "size": [
                18.0,
                15.0,
                10.0
              ],
              "uv": [
                0,
                30
              ],
              "inflate": 0
            }
          ],
          "parent": "waist"
        },
        {
          "name": "head",
          "pivot": [
            0,
            39,
            0
          ],
          "cubes": [
            {
              "origin": [
                -8.0,
                36.0,
                -7.0
              ],
              "size": [
                16.0,
                16.0,
                14.0
              ],
              "uv": [
                0,
                0
              ],
              "inflate": 0
            },
            {
              "origin": [
                -8.0,
                37.0,
                7.0
              ],
              "size": [
                16.0,
                14.0,
                1.0
              ],
              "uv": [
                84,
                36
              ],
              "inflate": 0
            },
            {
              "origin": [
                -10.0,
                37.0,
                -7.0
              ],
              "size": [
                2.0,
                14.0,
                14.0
              ],
              "uv": [
                60,
                71
              ],
              "inflate": 0
            },
            {
              "origin": [
                8.0,
                37.0,
                -7.0
              ],
              "size": [
                2.0,
                14.0,
                14.0
              ],
              "uv": [
                28,
                71
              ],
              "inflate": 0
            },
            {
              "origin": [
                -12.0,
                37.0,
                -6.0
              ],
              "size": [
                24.0,
                7.0,
                4.0
              ],
              "uv": [
                46,
                0
              ],
              "inflate": 0
            },
            {
              "origin": [
                -7.0,
                52.0,
                -7.0
              ],
              "size": [
                14.0,
                3.0,
                14.0
              ],
              "uv": [
                42,
                41
              ],
              "inflate": 0
            },
            {
              "origin": [
                -9.0,
                36.0,
                -9.0
              ],
              "size": [
                18.0,
                8.0,
                5.0
              ],
              "uv": [
                74,
                11
              ],
              "inflate": 0
            },
            {
              "origin": [
                -13.30541,
                35.93923,
                -9.0
              ],
              "size": [
                5.0,
                8.0,
                5.0
              ],
              "pivot": [
                -8.30541,
                39.93923,
                -6.5
              ],
              "rotation": [
                0.0,
                0.0,
                10.0
              ],
              "uv": [
                0,
                75
              ],
              "inflate": 0
            },
            {
              "origin": [
                8.36808,
                35.75877,
                -9.0
              ],
              "size": [
                5.0,
                8.0,
                5.0
              ],
              "pivot": [
                8.36808,
                39.75877,
                -6.5
              ],
              "rotation": [
                0.0,
                0.0,
                -10.0
              ],
              "uv": [
                46,
                71
              ],
              "inflate": 0
            },
            {
              "origin": [
                -10.43951,
                53.02365,
                -7.0
              ],
              "size": [
                7.0,
                6.0,
                14.0
              ],
              "pivot": [
                7.06049,
                55.02365,
                0.0
              ],
              "rotation": [
                0.0,
                0.0,
                -10.0
              ],
              "uv": [
                0,
                55
              ],
              "inflate": 0
            },
            {
              "origin": [
                3.57412,
                50.56219,
                -7.0
              ],
              "size": [
                7.0,
                6.0,
                14.0
              ],
              "pivot": [
                7.07412,
                54.56219,
                0.0
              ],
              "rotation": [
                0.0,
                0.0,
                10.0
              ],
              "uv": [
                0,
                55
              ],
              "inflate": 0
            }
          ],
          "parent": "body"
        },
        {
          "name": "hat",
          "pivot": [
            7,
            57,
            0
          ],
          "cubes": [
            {
              "origin": [
                5.0,
                56.0,
                -3.0
              ],
              "size": [
                5.0,
                2.0,
                5.0
              ],
              "uv": [
                98,
                51
              ],
              "inflate": 0
            },
            {
              "origin": [
                6.0,
                58.0,
                -2.0
              ],
              "size": [
                3.0,
                1.0,
                3.0
              ],
              "uv": [
                46,
                36
              ],
              "inflate": 0
            }
          ],
          "parent": "head"
        },
        {
          "name": "balleye",
          "pivot": [
            -4.5,
            47.5,
            -5.5
          ],
          "cubes": [
            {
              "origin": [
                -8.0,
                45.0,
                -7.5
              ],
              "size": [
                6.0,
                6.0,
                3.0
              ],
              "uv": [
                94,
                72
              ],
              "inflate": 0
            },
            {
              "origin": [
                -8.0,
                45.0,
                -8.5
              ],
              "size": [
                6.0,
                6.0,
                3.0
              ],
              "uv": [
                88,
                24
              ],
              "inflate": -0.8
            }
          ],
          "parent": "head"
        },
        {
          "name": "balleye2",
          "pivot": [
            5.5,
            47.5,
            -5.5
          ],
          "cubes": [
            {
              "origin": [
                2.0,
                45.0,
                -7.5
              ],
              "size": [
                6.0,
                6.0,
                3.0
              ],
              "uv": [
                20,
                75
              ],
              "inflate": 0
            },
            {
              "origin": [
                2.0,
                45.0,
                -8.5
              ],
              "size": [
                6.0,
                6.0,
                3.0
              ],
              "uv": [
                28,
                58
              ],
              "inflate": -0.8
            }
          ],
          "parent": "head"
        },
        {
          "name": "rightarm",
          "pivot": [
            -9,
            36,
            0
          ],
          "cubes": [
            {
              "origin": [
                -11.0,
                26.0,
                -2.0
              ],
              "size": [
                4.0,
                10.0,
                4.0
              ],
              "uv": [
                92,
                81
              ],
              "inflate": 0
            }
          ],
          "parent": "body"
        },
        {
          "name": "rightarm2",
          "pivot": [
            -9,
            26,
            0
          ],
          "cubes": [
            {
              "origin": [
                -11.0,
                16.0,
                -2.0
              ],
              "size": [
                4.0,
                10.0,
                4.0
              ],
              "uv": [
                90,
                58
              ],
              "inflate": 0
            },
            {
              "origin": [
                -11.0,
                13.0,
                -2.0
              ],
              "size": [
                2.0,
                3.0,
                4.0
              ],
              "pivot": [
                -10.0,
                14.5,
                0.0
              ],
              "rotation": [
                0.0,
                0.0,
                -5.0
              ],
              "uv": [
                0,
                55
              ],
              "inflate": 0
            },
            {
              "origin": [
                -9.0,
                13.0,
                -4.0
              ],
              "size": [
                2.0,
                3.0,
                2.0
              ],
              "pivot": [
                -8.0,
                14.5,
                -1.5
              ],
              "rotation": [
                -50.0,
                0.0,
                0.0
              ],
              "uv": [
                0,
                35
              ],
              "inflate": 0
            }
          ],
          "parent": "rightarm"
        },
        {
          "name": "leftarm",
          "pivot": [
            8,
            36,
            0
          ],
          "cubes": [
            {
              "origin": [
                7.0,
                26.0,
                -2.0
              ],
              "size": [
                4.0,
                10.0,
                4.0
              ],
              "uv": [
                0,
                88
              ],
              "inflate": 0
            }
          ],
          "parent": "body"
        },
        {
          "name": "leftarm2",
          "pivot": [
            8,
            26,
            0
          ],
          "cubes": [
            {
              "origin": [
                7.0,
                16.0,
                -2.0
              ],
              "size": [
                4.0,
                10.0,
                4.0
              ],
              "uv": [
                78,
                71
              ],
              "inflate": 0
            },
            {
              "origin": [
                9.0,
                13.0,
                -2.0
              ],
              "size": [
                2.0,
                3.0,
                4.0
              ],
              "pivot": [
                10.0,
                14.5,
                0.0
              ],
              "rotation": [
                0.0,
                0.0,
                2.5
              ],
              "uv": [
                0,
                7
              ],
              "inflate": 0
            },
            {
              "origin": [
                7.0,
                13.0,
                -4.0
              ],
              "size": [
                2.0,
                3.0,
                2.0
              ],
              "pivot": [
                10.0,
                14.5,
                -1.5
              ],
              "rotation": [
                -50.0,
                0.0,
                0.0
              ],
              "uv": [
                0,
                30
              ],
              "inflate": 0
            }
          ],
          "parent": "leftarm"
        },
        {
          "name": "rightleg",
          "pivot": [
            -4,
            20,
            0
          ],
          "cubes": [
            {
              "origin": [
                -6.0,
                10.0,
                -2.0
              ],
              "size": [
                4.0,
                10.0,
                4.0
              ],
              "uv": [
                48,
                99
              ],
              "inflate": 0
            }
          ],
          "parent": "root"
        },
        {
          "name": "rightleg2",
          "pivot": [
            -4,
            10,
            0
          ],
          "cubes": [
            {
              "origin": [
                -6.0,
                0.0,
                -2.0
              ],
              "size": [
                4.0,
                10.0,
                4.0
              ],
              "uv": [
                32,
                99
              ],
              "inflate": 0
            },
            {
              "origin": [
                -6.0,
                0.0,
                -5.0
              ],
              "size": [
                4.0,
                4.0,
                3.0
              ],
              "uv": [
                0,
                0
              ],
              "inflate": 0
            }
          ],
          "parent": "rightleg"
        },
        {
          "name": "leftleg",
          "pivot": [
            4,
            20,
            0
          ],
          "cubes": [
            {
              "origin": [
                2.0,
                10.0,
                -2.0
              ],
              "size": [
                4.0,
                10.0,
                4.0
              ],
              "uv": [
                88,
                95
              ],
              "inflate": 0
            }
          ],
          "parent": "root"
        },
        {
          "name": "leftleg2",
          "pivot": [
            4,
            10,
            0
          ],
          "cubes": [
            {
              "origin": [
                2.0,
                0.0,
                -2.0
              ],
              "size": [
                4.0,
                10.0,
                4.0
              ],
              "uv": [
                16,
                95
              ],
              "inflate": 0
            },
            {
              "origin": [
                2.0,
                0.0,
                -4.0
              ],
              "size": [
                4.0,
                4.0,
                2.0
              ],
              "uv": [
                0,
                62
              ],
              "inflate": 0
            }
          ],
          "parent": "leftleg"
        }
      ]
    }
  ]
}