{
  "mob.bedrock_truck_mitsubishi_center_antobollo_sawit.say": {
    "category": " neutral",
    "sounds": [
      "sounds/mob/bedrock_truck_mitsubishi_center_antobollo_sawit/say"
    ]
  },
  "mob.bedrock_truck_mitsubishi_center_antobollo_sawit.hit": {
    "category": " neutral",
    "sounds": [
      "sounds/mob/bedrock_truck_mitsubishi_center_antobollo_sawit/hit"
    ]
  },
  "mob.bedrock_truck_mitsubishi_center_antobollo_sawit.death": {
    "category": " neutral",
    "sounds": [
      "sounds/mob/bedrock_truck_mitsubishi_center_antobollo_sawit/death"
    ]
  },
  "mob.bedrock_truck_mitsubishi_center_antobollo_sawit.walk": {
    "category": " neutral",
    "sounds": [
      "sounds/mob/bedrock_truck_mitsubishi_center_antobollo_sawit/walk"
    ]
  },
  "mob.bedrock_truck_mitsubishi_center_antobollo.hit": {
    "category": " neutral",
    "sounds": [
      "sounds/mob/bedrock_truck_mitsubishi_center_antobollo/hit"
    ]
  },
  "mob.bedrock_truck_mitsubishi_center_antobollo_terpal.say": {
    "category": " neutral",
    "sounds": [
      "sounds/mob/bedrock_truck_mitsubishi_center_antobollo_terpal/say"
    ]
  },
  "mob.bedrock_truck_mitsubishi_center_antobollo.walk": {
    "category": " neutral",
    "sounds": [
      "sounds/mob/bedrock_truck_mitsubishi_center_antobollo/walk"
    ]
  },
  "mob.bedrock_truck_mitsubishi_center_antobollo.death": {
    "category": " neutral",
    "sounds": [
      "sounds/mob/bedrock_truck_mitsubishi_center_antobollo/death"
    ]
  },
  "mob.bedrock_truck_mitsubishi_center_antobollo.say": {
    "category": " neutral",
    "sounds": [
      "sounds/mob/bedrock_truck_mitsubishi_center_antobollo/say"
    ]
  },
  "mob.bedrock_truck_mitsubishi_center_antobollo_terpal.death": {
    "category": " neutral",
    "sounds": [
      "sounds/mob/bedrock_truck_mitsubishi_center_antobollo_terpal/death"
    ]
  },
  "mob.bedrock_truck_mitsubishi_center_antobollo_terpal.hit": {
    "category": " neutral",
    "sounds": [
      "sounds/mob/bedrock_truck_mitsubishi_center_antobollo_terpal/hit"
    ]
  },
  "mob.bedrock_truck_mitsubishi_center_antobollo_terpal.walk": {
    "category": " neutral",
    "sounds": [
      "sounds/mob/bedrock_truck_mitsubishi_center_antobollo_terpal/walk"
    ]
  }
}