{
	"file_path": "C:\\Users\\user\\AppData\\Local\\Packages\\Microsoft.MinecraftUWP_8wekyb3d8bbwe\\LocalState\\games\\com.mojang\\minecraftWorlds\\UqhrXyJPAAA=\\resource_packs\\RP\\entity\\Camuflage_Door\\Camuflage_Door_Cobblestone_Mossy.json",
	"file_type": "client_entity",
	"format_version": 1,
	"file_uuid": "fdc80291_d723_433c_9840_79ee59371173",
	"file_version": 23,
	"cache_content": {
		"children": [
			{
				"data": "1.10.0",
				"key": "format_version"
			},
			{
				"open": {
					"format_version": "1.10.0",
					"minecraft:client_entity": {
						"description": {
							"materials": {
								"default": "skeleton"
							},
							"textures": {
								"default": "textures/entity/camuflages/cobblestone_mossy"
							},
							"geometry": {
								"default": "geometry.camuflage_door"
							},
							"render_controllers": [
								"controller.render.armor_stand",
								"controller.render.noshadow"
							],
							"spawn_egg": {
								"texture": "camuf_mossy"
							},
							"animations": {
								"open": "animation.camuflage_door.open"
							},
							"scripts": {
								"animate": [
									{
										"open": "query.is_transforming"
									}
								]
							},
							"identifier": "md:camuflage_door_cobblestone_mossy"
						}
					}
				},
				"key": "minecraft:client_entity",
				"children": [
					{
						"open": {
							"description": {
								"materials": {
									"default": "skeleton"
								},
								"textures": {
									"default": "textures/entity/camuflages/cobblestone_mossy"
								},
								"geometry": {
									"default": "geometry.camuflage_door"
								},
								"render_controllers": [
									"controller.render.armor_stand",
									"controller.render.noshadow"
								],
								"spawn_egg": {
									"texture": "camuf_mossy"
								},
								"animations": {
									"open": "animation.camuflage_door.open"
								},
								"scripts": {
									"animate": [
										{
											"open": "query.is_transforming"
										}
									]
								},
								"identifier": "md:camuflage_door_cobblestone_mossy"
							}
						},
						"key": "description",
						"children": [
							{
								"key": "materials",
								"is_minified": true,
								"children": {
									"default": "skeleton"
								}
							},
							{
								"key": "textures",
								"is_minified": true,
								"children": {
									"default": "textures/entity/camuflages/cobblestone_mossy"
								}
							},
							{
								"key": "geometry",
								"is_minified": true,
								"children": {
									"default": "geometry.camuflage_door"
								}
							},
							{
								"key": "render_controllers",
								"is_minified": true,
								"children": [
									"controller.render.armor_stand",
									"controller.render.noshadow"
								]
							},
							{
								"open": {
									"materials": {
										"default": "skeleton"
									},
									"textures": {
										"default": "textures/entity/camuflages/cobblestone_mossy"
									},
									"geometry": {
										"default": "geometry.camuflage_door"
									},
									"render_controllers": [
										"controller.render.armor_stand",
										"controller.render.noshadow"
									],
									"spawn_egg": {
										"texture": "camuf_mossy"
									},
									"animations": {
										"open": "animation.camuflage_door.open"
									},
									"scripts": {
										"animate": [
											{
												"open": "query.is_transforming"
											}
										]
									},
									"identifier": "md:camuflage_door_cobblestone_mossy"
								},
								"key": "spawn_egg",
								"is_minified": true,
								"children": {
									"texture": "camuf_mossy"
								}
							},
							{
								"key": "animations",
								"is_minified": true,
								"children": {
									"open": "animation.camuflage_door.open"
								}
							},
							{
								"key": "scripts",
								"is_minified": true,
								"children": {
									"animate": [
										{
											"open": "query.is_transforming"
										}
									]
								}
							},
							{
								"data": "md:camuflage_door_cobblestone_mossy",
								"key": "identifier"
							}
						]
					}
				]
			}
		]
	}
}