{
  "format_version": "1.12.0",
  "minecraft:geometry": [
    {
      "description": {
        "identifier": "geometry.mr_opila_and_mini_opila",
        "texture_width": 128,
        "texture_height": 128,
        "visible_bounds_width": 4,
        "visible_bounds_height": 3.5,
        "visible_bounds_offset": [
          0,
          1.25,
          0
        ]
      },
      "bones": [
        {
          "name": "Root",
          "pivot": [
            0,
            0,
            2
          ]
        },
        {
          "name": "Body",
          "pivot": [
            0,
            12,
            2
          ],
          "cubes": [
            {
              "origin": [
                -5.0,
                12.0,
                -5.0
              ],
              "size": [
                10.0,
                10.0,
                13.0
              ],
              "uv": [
                0,
                24
              ],
              "inflate": 0
            },
            {
              "origin": [
                -4.5,
                12.5,
                -6.0
              ],
              "size": [
                9.0,
                9.0,
                15.0
              ],
              "uv": [
                0,
                0
              ],
              "inflate": 0
            },
            {
              "origin": [
                -4.0,
                12.0,
                10.0
              ],
              "size": [
                8.0,
                8.0,
                3.0
              ],
              "pivot": [
                0.0,
                0.0,
                2.0
              ],
              "rotation": [
                7.5,
                0.0,
                0.0
              ],
              "uv": [
                48,
                0
              ],
              "inflate": 0
            },
            {
              "origin": [
                0.0,
                12.0,
                13.0
              ],
              "size": [
                0.0,
                8.0,
                5.0
              ],
              "pivot": [
                0.0,
                0.0,
                2.0
              ],
              "rotation": [
                7.5,
                0.0,
                0.0
              ],
              "uv": [
                0,
                0
              ],
              "inflate": 0
            }
          ],
          "parent": "Root"
        },
        {
          "name": "bone3",
          "pivot": [
            -5,
            17,
            -3
          ],
          "cubes": [
            {
              "origin": [
                -6.1,
                13.5,
                -4.0
              ],
              "size": [
                1.2,
                7.5,
                9.0
              ],
              "uv": [
                48,
                13
              ],
              "inflate": 0
            },
            {
              "origin": [
                -6.0,
                14.5,
                1.0
              ],
              "size": [
                1.0,
                6.0,
                4.0
              ],
              "pivot": [
                0.0,
                0.0,
                2.0
              ],
              "rotation": [
                -10.0,
                0.0,
                0.0
              ],
              "uv": [
                33,
                24
              ],
              "inflate": 0
            }
          ],
          "parent": "Body"
        },
        {
          "name": "bone6",
          "pivot": [
            5,
            17,
            -3
          ],
          "cubes": [
            {
              "origin": [
                4.9,
                13.5,
                -4.0
              ],
              "size": [
                1.2,
                7.5,
                9.0
              ],
              "uv": [
                0,
                47
              ],
              "inflate": 0
            },
            {
              "origin": [
                5.0,
                14.5,
                1.0
              ],
              "size": [
                1.0,
                6.0,
                4.0
              ],
              "pivot": [
                11.0,
                0.0,
                2.0
              ],
              "rotation": [
                -10.0,
                0.0,
                0.0
              ],
              "uv": [
                33,
                0
              ],
              "inflate": 0
            }
          ],
          "parent": "Body"
        },
        {
          "name": "Head",
          "pivot": [
            0,
            17,
            -5
          ],
          "cubes": [
            {
              "origin": [
                -3.6,
                13.0,
                -9.3
              ],
              "size": [
                7.2,
                17.0,
                7.1
              ],
              "uv": [
                39,
                40
              ],
              "inflate": 0
            },
            {
              "origin": [
                -2.3,
                26.9,
                -4.0
              ],
              "size": [
                4.6,
                2.0,
                3.0
              ],
              "pivot": [
                0.0,
                0.0,
                2.0
              ],
              "rotation": [
                25.0,
                0.0,
                0.0
              ],
              "uv": [
                0,
                0
              ],
              "inflate": 0
            },
            {
              "origin": [
                3.3,
                30.0,
                -27.0
              ],
              "size": [
                1.4,
                5.0,
                0.0
              ],
              "pivot": [
                0.0,
                0.0,
                -19.0
              ],
              "rotation": [
                -38.5635,
                -7.41445,
                -6.72898
              ],
              "uv": [
                12,
                5
              ],
              "inflate": 0
            },
            {
              "origin": [
                -4.7,
                30.0,
                -27.0
              ],
              "size": [
                1.4,
                5.0,
                0.0
              ],
              "pivot": [
                0.0,
                0.0,
                -19.0
              ],
              "rotation": [
                -38.5635,
                7.41445,
                6.72898
              ],
              "uv": [
                10,
                5
              ],
              "inflate": 0
            },
            {
              "origin": [
                -0.7,
                31.0,
                -27.0
              ],
              "size": [
                1.4,
                5.0,
                0.0
              ],
              "pivot": [
                0.0,
                0.0,
                -19.0
              ],
              "rotation": [
                -38.0,
                0.0,
                0.0
              ],
              "uv": [
                10,
                10
              ],
              "inflate": 0
            },
            {
              "origin": [
                -2.5,
                23.0,
                -13.0
              ],
              "size": [
                5.0,
                2.0,
                4.0
              ],
              "uv": [
                48,
                29
              ],
              "inflate": 0
            }
          ],
          "parent": "Body"
        },
        {
          "name": "bone9",
          "pivot": [
            0,
            23,
            -9
          ],
          "cubes": [
            {
              "origin": [
                -2.0,
                21.8,
                -13.0
              ],
              "size": [
                4.0,
                1.2,
                4.0
              ],
              "uv": [
                63,
                60
              ],
              "inflate": 0
            }
          ],
          "parent": "Head"
        },
        {
          "name": "bone7",
          "pivot": [
            -2,
            27,
            -9
          ],
          "cubes": [
            {
              "origin": [
                -3.3,
                25.6,
                -10.2
              ],
              "size": [
                2.6,
                2.6,
                2.0
              ],
              "uv": [
                24,
                47
              ],
              "inflate": 0
            },
            {
              "origin": [
                -3.0,
                25.9,
                -10.3
              ],
              "size": [
                2.0,
                2.0,
                0.0
              ],
              "uv": [
                0,
                13
              ],
              "inflate": 0
            }
          ],
          "parent": "Head"
        },
        {
          "name": "bone8",
          "pivot": [
            2,
            27,
            -9
          ],
          "cubes": [
            {
              "origin": [
                0.7,
                25.6,
                -10.2
              ],
              "size": [
                2.6,
                2.6,
                2.0
              ],
              "uv": [
                0,
                47
              ],
              "inflate": 0
            },
            {
              "origin": [
                1.0,
                25.9,
                -10.3
              ],
              "size": [
                2.0,
                2.0,
                0.0
              ],
              "uv": [
                11,
                0
              ],
              "inflate": 0
            }
          ],
          "parent": "Head"
        },
        {
          "name": "Mini",
          "pivot": [
            0,
            20,
            1
          ],
          "parent": "Body",
          "rotation": [
            -37.5,
            0,
            0
          ]
        },
        {
          "name": "Body2",
          "pivot": [
            0,
            24,
            1
          ],
          "cubes": [
            {
              "origin": [
                -2.2,
                23.8,
                -1.8
              ],
              "size": [
                4.4,
                4.4,
                5.6
              ],
              "uv": [
                74,
                89
              ],
              "inflate": 0
            },
            {
              "origin": [
                -1.7,
                23.8,
                4.0
              ],
              "size": [
                3.4,
                3.4,
                2.0
              ],
              "pivot": [
                0.0,
                20.0,
                1.0
              ],
              "rotation": [
                10.0,
                0.0,
                0.0
              ],
              "uv": [
                96,
                99
              ],
              "inflate": 0
            },
            {
              "origin": [
                0.0,
                23.8,
                6.0
              ],
              "size": [
                0.0,
                3.4,
                2.0
              ],
              "pivot": [
                0.0,
                20.0,
                1.0
              ],
              "rotation": [
                10.0,
                0.0,
                0.0
              ],
              "uv": [
                74,
                89
              ],
              "inflate": 0
            }
          ],
          "parent": "Mini"
        },
        {
          "name": "bone11",
          "pivot": [
            0,
            26,
            -1
          ],
          "cubes": [
            {
              "origin": [
                -1.7,
                24.7,
                -3.7
              ],
              "size": [
                3.4,
                5.0,
                3.4
              ],
              "uv": [
                87,
                103
              ],
              "inflate": 0
            }
          ],
          "parent": "Body2",
          "rotation": [
            7.5,
            0,
            0
          ]
        },
        {
          "name": "Head2",
          "pivot": [
            0,
            29,
            -2
          ],
          "cubes": [
            {
              "origin": [
                -2.2,
                28.8,
                -4.2
              ],
              "size": [
                4.4,
                4.4,
                4.4
              ],
              "uv": [
                74,
                98
              ],
              "inflate": 0
            },
            {
              "origin": [
                -1.5,
                30.0,
                -6.0
              ],
              "size": [
                3.0,
                1.0,
                2.0
              ],
              "uv": [
                90,
                111
              ],
              "inflate": 0
            },
            {
              "origin": [
                -1.3,
                31.9,
                -1.6
              ],
              "size": [
                2.6,
                1.0,
                1.6
              ],
              "pivot": [
                0.0,
                20.0,
                1.0
              ],
              "rotation": [
                27.5,
                0.0,
                0.0
              ],
              "uv": [
                96,
                104
              ],
              "inflate": 0
            },
            {
              "origin": [
                -2.0,
                33.0,
                -2.0
              ],
              "size": [
                4.0,
                3.0,
                0.0
              ],
              "uv": [
                98,
                96
              ],
              "inflate": 0
            },
            {
              "origin": [
                -1.5,
                31.0,
                -4.4
              ],
              "size": [
                1.0,
                1.0,
                2.0
              ],
              "uv": [
                98,
                109
              ],
              "inflate": 0
            },
            {
              "origin": [
                -2.1,
                31.0,
                -4.3
              ],
              "size": [
                1.6,
                1.5,
                1.0
              ],
              "uv": [
                74,
                98
              ],
              "inflate": 0
            },
            {
              "origin": [
                0.5,
                31.0,
                -4.4
              ],
              "size": [
                1.0,
                1.0,
                2.0
              ],
              "uv": [
                80,
                106
              ],
              "inflate": 0
            },
            {
              "origin": [
                0.5,
                31.0,
                -4.3
              ],
              "size": [
                1.6,
                1.6,
                1.0
              ],
              "uv": [
                74,
                89
              ],
              "inflate": 0
            }
          ],
          "parent": "bone11",
          "rotation": [
            37.5,
            0,
            0
          ]
        },
        {
          "name": "bone12",
          "pivot": [
            0,
            30,
            -4
          ],
          "cubes": [
            {
              "origin": [
                -1.0,
                29.0,
                -5.7
              ],
              "size": [
                2.0,
                1.0,
                2.0
              ],
              "uv": [
                74,
                113
              ],
              "inflate": 0
            }
          ],
          "parent": "Head2"
        },
        {
          "name": "bone13",
          "pivot": [
            -2,
            27,
            0
          ],
          "cubes": [
            {
              "origin": [
                -3.0,
                25.0,
                -1.0
              ],
              "size": [
                1.0,
                3.0,
                4.0
              ],
              "uv": [
                74,
                106
              ],
              "inflate": 0
            }
          ],
          "parent": "Body2",
          "rotation": [
            0,
            -15,
            0
          ]
        },
        {
          "name": "bone14",
          "pivot": [
            2,
            27,
            0
          ],
          "cubes": [
            {
              "origin": [
                2.0,
                25.0,
                -1.0
              ],
              "size": [
                1.0,
                3.0,
                4.0
              ],
              "uv": [
                88,
                94
              ],
              "inflate": 0
            }
          ],
          "parent": "Body2",
          "rotation": [
            0,
            17.5,
            0
          ]
        },
        {
          "name": "RightLeg2",
          "pivot": [
            -1.4,
            24,
            1
          ],
          "cubes": [
            {
              "origin": [
                -2.5,
                20.0,
                0.0
              ],
              "size": [
                2.0,
                5.0,
                2.0
              ],
              "uv": [
                82,
                111
              ],
              "inflate": 0
            },
            {
              "origin": [
                -2.1,
                20.1,
                -2.0
              ],
              "size": [
                1.0,
                0.0,
                5.0
              ],
              "uv": [
                84,
                89
              ],
              "inflate": 0
            },
            {
              "origin": [
                -3.0,
                20.1,
                -2.0
              ],
              "size": [
                1.0,
                0.0,
                1.6
              ],
              "pivot": [
                -1.5,
                20.1,
                1.0
              ],
              "rotation": [
                0.0,
                7.5,
                0.0
              ],
              "uv": [
                85,
                99
              ],
              "inflate": 0
            },
            {
              "origin": [
                -1.1,
                20.1,
                -2.0
              ],
              "size": [
                1.0,
                0.0,
                1.6
              ],
              "pivot": [
                -1.6,
                20.1,
                1.0
              ],
              "rotation": [
                0.0,
                -7.5,
                0.0
              ],
              "uv": [
                85,
                98
              ],
              "inflate": 0
            },
            {
              "origin": [
                -2.9,
                20.2,
                -0.5
              ],
              "size": [
                2.8,
                0.0,
                2.5
              ],
              "uv": [
                89,
                89
              ],
              "inflate": 0
            }
          ],
          "parent": "Mini",
          "rotation": [
            -49.32886,
            10.72052,
            7.39851
          ]
        },
        {
          "name": "LeftLeg2",
          "pivot": [
            1.6,
            24,
            1
          ],
          "cubes": [
            {
              "origin": [
                0.5,
                20.0,
                0.0
              ],
              "size": [
                2.0,
                5.0,
                2.0
              ],
              "uv": [
                94,
                89
              ],
              "inflate": 0
            },
            {
              "origin": [
                0.9,
                20.1,
                -2.0
              ],
              "size": [
                1.0,
                0.0,
                5.0
              ],
              "uv": [
                82,
                89
              ],
              "inflate": 0
            },
            {
              "origin": [
                0.0,
                20.1,
                -2.0
              ],
              "size": [
                1.0,
                0.0,
                1.6
              ],
              "pivot": [
                1.5,
                20.1,
                1.0
              ],
              "rotation": [
                0.0,
                7.5,
                0.0
              ],
              "uv": [
                74,
                100
              ],
              "inflate": 0
            },
            {
              "origin": [
                1.9,
                20.1,
                -2.0
              ],
              "size": [
                1.0,
                0.0,
                1.6
              ],
              "pivot": [
                1.4,
                20.1,
                1.0
              ],
              "rotation": [
                0.0,
                -7.5,
                0.0
              ],
              "uv": [
                76,
                89
              ],
              "inflate": 0
            },
            {
              "origin": [
                0.1,
                20.2,
                -0.5
              ],
              "size": [
                2.8,
                0.0,
                2.5
              ],
              "uv": [
                88,
                101
              ],
              "inflate": 0
            }
          ],
          "parent": "Mini",
          "rotation": [
            -49.32886,
            -10.72052,
            -7.39851
          ]
        },
        {
          "name": "LeftLeg",
          "pivot": [
            -2.5,
            12,
            2
          ],
          "cubes": [
            {
              "origin": [
                -4.5,
                8.0,
                0.0
              ],
              "size": [
                3.0,
                7.0,
                3.0
              ],
              "uv": [
                30,
                61
              ],
              "inflate": 0
            }
          ],
          "parent": "Root",
          "rotation": [
            0,
            2.5,
            2.5
          ]
        },
        {
          "name": "bone4",
          "pivot": [
            -3,
            8,
            2
          ],
          "cubes": [
            {
              "origin": [
                -4.5,
                1.0,
                0.0
              ],
              "size": [
                3.0,
                7.0,
                3.0
              ],
              "uv": [
                0,
                24
              ],
              "inflate": 0
            }
          ],
          "parent": "LeftLeg"
        },
        {
          "name": "bone5",
          "pivot": [
            -3,
            2,
            2
          ],
          "cubes": [
            {
              "origin": [
                -5.2,
                0.0,
                -1.0
              ],
              "size": [
                4.4,
                2.7,
                5.0
              ],
              "uv": [
                11,
                47
              ],
              "inflate": 0
            },
            {
              "origin": [
                -4.0,
                0.0,
                -5.0
              ],
              "size": [
                2.0,
                2.0,
                11.0
              ],
              "uv": [
                33,
                0
              ],
              "inflate": 0
            },
            {
              "origin": [
                -2.5,
                0.0,
                -5.0
              ],
              "size": [
                2.0,
                2.0,
                6.0
              ],
              "pivot": [
                -2.5,
                0.0,
                2.0
              ],
              "rotation": [
                0.0,
                -10.0,
                0.0
              ],
              "uv": [
                60,
                29
              ],
              "inflate": 0
            },
            {
              "origin": [
                -5.5,
                0.0,
                -5.0
              ],
              "size": [
                2.0,
                2.0,
                6.0
              ],
              "pivot": [
                -2.5,
                0.0,
                2.0
              ],
              "rotation": [
                0.0,
                10.0,
                0.0
              ],
              "uv": [
                59,
                11
              ],
              "inflate": 0
            }
          ],
          "parent": "bone4",
          "rotation": [
            0,
            0,
            -2.5
          ]
        },
        {
          "name": "RightLeg",
          "pivot": [
            2.5,
            12,
            2
          ],
          "cubes": [
            {
              "origin": [
                1.5,
                8.0,
                0.0
              ],
              "size": [
                3.0,
                7.0,
                3.0
              ],
              "uv": [
                42,
                64
              ],
              "inflate": 0
            }
          ],
          "parent": "Root",
          "rotation": [
            0,
            -2.5,
            -2.5
          ]
        },
        {
          "name": "bone",
          "pivot": [
            3,
            8,
            2
          ],
          "cubes": [
            {
              "origin": [
                1.5,
                1.0,
                0.0
              ],
              "size": [
                3.0,
                7.0,
                3.0
              ],
              "uv": [
                0,
                63
              ],
              "inflate": 0
            }
          ],
          "parent": "RightLeg"
        },
        {
          "name": "bone2",
          "pivot": [
            3,
            2,
            2
          ],
          "cubes": [
            {
              "origin": [
                0.8,
                0.0,
                -1.0
              ],
              "size": [
                4.4,
                2.7,
                5.0
              ],
              "uv": [
                20,
                54
              ],
              "inflate": 0
            },
            {
              "origin": [
                2.0,
                0.0,
                -5.0
              ],
              "size": [
                2.0,
                2.0,
                11.0
              ],
              "uv": [
                33,
                24
              ],
              "inflate": 0
            },
            {
              "origin": [
                3.5,
                0.0,
                -5.0
              ],
              "size": [
                2.0,
                2.0,
                6.0
              ],
              "pivot": [
                3.5,
                0.0,
                2.0
              ],
              "rotation": [
                0.0,
                -10.0,
                0.0
              ],
              "uv": [
                14,
                61
              ],
              "inflate": 0
            },
            {
              "origin": [
                0.5,
                0.0,
                -5.0
              ],
              "size": [
                2.0,
                2.0,
                6.0
              ],
              "pivot": [
                3.5,
                0.0,
                2.0
              ],
              "rotation": [
                0.0,
                10.0,
                0.0
              ],
              "uv": [
                60,
                37
              ],
              "inflate": 0
            }
          ],
          "parent": "bone",
          "rotation": [
            0,
            0,
            2.5
          ]
        }
      ]
    }
  ]
}