{
  "format_version": "1.12.0",
  "minecraft:geometry": [
    {
      "description": {
        "identifier": "geometry.mr_stinger_flynn_v2",
        "texture_width": 128,
        "texture_height": 128,
        "visible_bounds_width": 5,
        "visible_bounds_height": 3.5,
        "visible_bounds_offset": [
          0,
          1.25,
          0
        ]
      },
      "bones": [
        {
          "name": "Root"
        },
        {
          "name": "Body",
          "pivot": [
            0,
            20,
            0
          ],
          "cubes": [
            {
              "origin": [
                -9.0,
                20.0,
                -9.0
              ],
              "size": [
                18.0,
                11.0,
                18.0
              ],
              "uv": [
                0,
                0
              ],
              "inflate": 0
            },
            {
              "origin": [
                -8.4,
                25.0,
                -8.4
              ],
              "size": [
                16.8,
                14.0,
                16.8
              ],
              "uv": [
                0,
                29
              ],
              "inflate": 0
            },
            {
              "origin": [
                -3.5,
                16.0,
                -11.0
              ],
              "size": [
                7.0,
                4.0,
                2.0
              ],
              "pivot": [
                0.0,
                20.0,
                0.0
              ],
              "rotation": [
                0.0,
                45.0,
                0.0
              ],
              "uv": [
                80,
                79
              ],
              "inflate": 0
            },
            {
              "origin": [
                9.0,
                16.0,
                -3.5
              ],
              "size": [
                2.0,
                4.0,
                7.0
              ],
              "pivot": [
                0.0,
                20.0,
                0.0
              ],
              "rotation": [
                0.0,
                45.0,
                0.0
              ],
              "uv": [
                76,
                54
              ],
              "inflate": 0
            },
            {
              "origin": [
                -11.0,
                16.0,
                -3.5
              ],
              "size": [
                2.0,
                4.0,
                7.0
              ],
              "pivot": [
                0.0,
                20.0,
                0.0
              ],
              "rotation": [
                0.0,
                45.0,
                0.0
              ],
              "uv": [
                76,
                41
              ],
              "inflate": 0
            },
            {
              "origin": [
                -3.5,
                16.0,
                9.0
              ],
              "size": [
                7.0,
                4.0,
                2.0
              ],
              "pivot": [
                0.0,
                20.0,
                0.0
              ],
              "rotation": [
                0.0,
                45.0,
                0.0
              ],
              "uv": [
                80,
                73
              ],
              "inflate": 0
            },
            {
              "origin": [
                -3.4,
                31.0,
                -8.0
              ],
              "size": [
                6.8,
                6.0,
                2.0
              ],
              "uv": [
                16,
                98
              ],
              "inflate": 0
            }
          ],
          "parent": "Root"
        },
        {
          "name": "bone4",
          "pivot": [
            0,
            34,
            -4
          ],
          "cubes": [
            {
              "origin": [
                -3.0,
                31.0,
                -8.0
              ],
              "size": [
                6.0,
                6.0,
                4.0
              ],
              "uv": [
                48,
                29
              ],
              "inflate": 0
            },
            {
              "origin": [
                -1.8,
                32.2,
                -8.1
              ],
              "size": [
                3.6,
                3.6,
                0.0
              ],
              "uv": [
                2,
                122
              ],
              "inflate": 0
            }
          ],
          "parent": "Body"
        },
        {
          "name": "bone3",
          "pivot": [
            0,
            35,
            -3
          ],
          "cubes": [
            {
              "origin": [
                -3.9,
                31.8,
                -3.2
              ],
              "size": [
                7.8,
                6.4,
                0.0
              ],
              "uv": [
                75,
                99
              ],
              "inflate": 0
            }
          ],
          "parent": "Body"
        },
        {
          "name": "RightLeg",
          "pivot": [
            -6,
            20,
            -6
          ],
          "cubes": [
            {
              "origin": [
                -8.51303,
                12.32453,
                -8.48209
              ],
              "size": [
                4.0,
                9.0,
                4.0
              ],
              "uv": [
                76,
                26
              ],
              "inflate": 0
            }
          ],
          "parent": "Root",
          "rotation": [
            -20,
            0,
            20
          ]
        },
        {
          "name": "bone",
          "pivot": [
            -6,
            11,
            -6
          ],
          "cubes": [
            {
              "origin": [
                -7.96047,
                2.79564,
                -9.27098
              ],
              "size": [
                4.0,
                9.0,
                4.0
              ],
              "uv": [
                64,
                74
              ],
              "inflate": 0
            }
          ],
          "parent": "RightLeg",
          "rotation": [
            -30,
            50,
            0
          ]
        },
        {
          "name": "bone2",
          "pivot": [
            -6,
            2,
            -6
          ],
          "cubes": [
            {
              "origin": [
                -7.96047,
                -5.90252,
                -9.02175
              ],
              "size": [
                4.0,
                9.0,
                4.0
              ],
              "uv": [
                48,
                72
              ],
              "inflate": 0
            }
          ],
          "parent": "bone",
          "rotation": [
            15,
            0,
            0
          ]
        },
        {
          "name": "RightLeg2",
          "pivot": [
            -6,
            20,
            0
          ],
          "cubes": [
            {
              "origin": [
                -9.10592,
                12.01339,
                -2.0
              ],
              "size": [
                4.0,
                9.0,
                4.0
              ],
              "uv": [
                32,
                72
              ],
              "inflate": 0
            }
          ],
          "parent": "Root",
          "rotation": [
            0,
            0,
            47.5
          ]
        },
        {
          "name": "bone6",
          "pivot": [
            -6,
            11,
            0
          ],
          "cubes": [
            {
              "origin": [
                -9.43058,
                1.54894,
                -2.0
              ],
              "size": [
                4.0,
                9.0,
                4.0
              ],
              "uv": [
                16,
                72
              ],
              "inflate": 0
            }
          ],
          "parent": "RightLeg2",
          "rotation": [
            0,
            0,
            60
          ]
        },
        {
          "name": "bone7",
          "pivot": [
            -6,
            2,
            0
          ],
          "cubes": [
            {
              "origin": [
                -9.49036,
                -6.8302,
                -2.0
              ],
              "size": [
                4.0,
                9.0,
                4.0
              ],
              "uv": [
                72,
                13
              ],
              "inflate": 0
            }
          ],
          "parent": "bone6",
          "rotation": [
            0,
            0,
            -24
          ]
        },
        {
          "name": "RightLeg3",
          "pivot": [
            -6,
            20,
            6
          ],
          "cubes": [
            {
              "origin": [
                -8.51303,
                12.32453,
                4.48209
              ],
              "size": [
                4.0,
                9.0,
                4.0
              ],
              "uv": [
                0,
                72
              ],
              "inflate": 0
            }
          ],
          "parent": "Root",
          "rotation": [
            20,
            0,
            20
          ]
        },
        {
          "name": "bone8",
          "pivot": [
            -6,
            11,
            6
          ],
          "cubes": [
            {
              "origin": [
                -7.96047,
                2.79564,
                5.27098
              ],
              "size": [
                4.0,
                9.0,
                4.0
              ],
              "uv": [
                70,
                0
              ],
              "inflate": 0
            }
          ],
          "parent": "RightLeg3",
          "rotation": [
            30,
            -50,
            0
          ]
        },
        {
          "name": "bone9",
          "pivot": [
            -6,
            2,
            6
          ],
          "cubes": [
            {
              "origin": [
                -7.96047,
                -5.90252,
                5.02175
              ],
              "size": [
                4.0,
                9.0,
                4.0
              ],
              "uv": [
                64,
                61
              ],
              "inflate": 0
            }
          ],
          "parent": "bone8",
          "rotation": [
            -15,
            0,
            0
          ]
        },
        {
          "name": "LeftLeg",
          "pivot": [
            6,
            20,
            -6
          ],
          "cubes": [
            {
              "origin": [
                4.51303,
                12.32453,
                -8.48209
              ],
              "size": [
                4.0,
                9.0,
                4.0
              ],
              "uv": [
                64,
                48
              ],
              "inflate": 0
            }
          ],
          "parent": "Root",
          "rotation": [
            -20,
            0,
            -20
          ]
        },
        {
          "name": "bone10",
          "pivot": [
            6,
            11,
            -6
          ],
          "cubes": [
            {
              "origin": [
                3.96047,
                2.79564,
                -9.27098
              ],
              "size": [
                4.0,
                9.0,
                4.0
              ],
              "uv": [
                64,
                35
              ],
              "inflate": 0
            }
          ],
          "parent": "LeftLeg",
          "rotation": [
            -30,
            -50,
            0
          ]
        },
        {
          "name": "bone11",
          "pivot": [
            6,
            2,
            -6
          ],
          "cubes": [
            {
              "origin": [
                3.96047,
                -5.90252,
                -9.02175
              ],
              "size": [
                4.0,
                9.0,
                4.0
              ],
              "uv": [
                48,
                59
              ],
              "inflate": 0
            }
          ],
          "parent": "bone10",
          "rotation": [
            15,
            0,
            0
          ]
        },
        {
          "name": "LeftLeg2",
          "pivot": [
            6,
            20,
            0
          ],
          "cubes": [
            {
              "origin": [
                5.10592,
                12.01339,
                -2.0
              ],
              "size": [
                4.0,
                9.0,
                4.0
              ],
              "uv": [
                32,
                59
              ],
              "inflate": 0
            }
          ],
          "parent": "Root",
          "rotation": [
            0,
            0,
            -47.5
          ]
        },
        {
          "name": "bone12",
          "pivot": [
            6,
            11,
            0
          ],
          "cubes": [
            {
              "origin": [
                5.43058,
                1.54894,
                -2.0
              ],
              "size": [
                4.0,
                9.0,
                4.0
              ],
              "uv": [
                16,
                59
              ],
              "inflate": 0
            }
          ],
          "parent": "LeftLeg2",
          "rotation": [
            0,
            0,
            -60
          ]
        },
        {
          "name": "bone13",
          "pivot": [
            6,
            2,
            0
          ],
          "cubes": [
            {
              "origin": [
                5.48717,
                -6.80421,
                -2.0
              ],
              "size": [
                4.0,
                9.0,
                4.0
              ],
              "uv": [
                0,
                59
              ],
              "inflate": 0
            }
          ],
          "parent": "bone12",
          "rotation": [
            0,
            0,
            25
          ]
        },
        {
          "name": "LeftLeg3",
          "pivot": [
            6,
            20,
            6
          ],
          "cubes": [
            {
              "origin": [
                4.51303,
                12.32453,
                4.48209
              ],
              "size": [
                4.0,
                9.0,
                4.0
              ],
              "uv": [
                54,
                0
              ],
              "inflate": 0
            }
          ],
          "parent": "Root",
          "rotation": [
            20,
            0,
            -20
          ]
        },
        {
          "name": "bone14",
          "pivot": [
            6,
            11,
            6
          ],
          "cubes": [
            {
              "origin": [
                3.96047,
                2.79564,
                5.27098
              ],
              "size": [
                4.0,
                9.0,
                4.0
              ],
              "uv": [
                0,
                29
              ],
              "inflate": 0
            }
          ],
          "parent": "LeftLeg3",
          "rotation": [
            30,
            50,
            0
          ]
        },
        {
          "name": "bone15",
          "pivot": [
            6,
            2,
            6
          ],
          "cubes": [
            {
              "origin": [
                3.96047,
                -5.90252,
                5.02175
              ],
              "size": [
                4.0,
                9.0,
                4.0
              ],
              "uv": [
                0,
                0
              ],
              "inflate": 0
            }
          ],
          "parent": "bone14",
          "rotation": [
            -15,
            0,
            0
          ]
        }
      ]
    }
  ]
}