{
  "format_version": "1.12.0",
  "minecraft:geometry": [
    {
      "description": {
        "identifier": "geometry.mr_stinger_on",
        "texture_width": 128,
        "texture_height": 128,
        "visible_bounds_width": 5,
        "visible_bounds_height": 4,
        "visible_bounds_offset": [
          0,
          1,
          0
        ]
      },
      "bones": [
        {
          "name": "Root",
          "pivot": [
            0,
            -16,
            0
          ]
        },
        {
          "name": "Body",
          "pivot": [
            0,
            4,
            0
          ],
          "cubes": [
            {
              "origin": [
                -9.0,
                4.0,
                -9.0
              ],
              "size": [
                18.0,
                11.0,
                18.0
              ],
              "uv": [
                0,
                0
              ],
              "inflate": 0
            },
            {
              "origin": [
                -8.4,
                9.0,
                -8.4
              ],
              "size": [
                16.8,
                14.0,
                16.8
              ],
              "uv": [
                0,
                29
              ],
              "inflate": 0
            },
            {
              "origin": [
                -3.5,
                0.0,
                -11.0
              ],
              "size": [
                7.0,
                4.0,
                2.0
              ],
              "pivot": [
                0.0,
                4.0,
                0.0
              ],
              "rotation": [
                0.0,
                45.0,
                0.0
              ],
              "uv": [
                80,
                79
              ],
              "inflate": 0
            },
            {
              "origin": [
                9.0,
                0.0,
                -3.5
              ],
              "size": [
                2.0,
                4.0,
                7.0
              ],
              "pivot": [
                0.0,
                4.0,
                0.0
              ],
              "rotation": [
                0.0,
                45.0,
                0.0
              ],
              "uv": [
                76,
                54
              ],
              "inflate": 0
            },
            {
              "origin": [
                -11.0,
                0.0,
                -3.5
              ],
              "size": [
                2.0,
                4.0,
                7.0
              ],
              "pivot": [
                0.0,
                4.0,
                0.0
              ],
              "rotation": [
                0.0,
                45.0,
                0.0
              ],
              "uv": [
                76,
                41
              ],
              "inflate": 0
            },
            {
              "origin": [
                -3.5,
                0.0,
                9.0
              ],
              "size": [
                7.0,
                4.0,
                2.0
              ],
              "pivot": [
                0.0,
                4.0,
                0.0
              ],
              "rotation": [
                0.0,
                45.0,
                0.0
              ],
              "uv": [
                80,
                73
              ],
              "inflate": 0
            },
            {
              "origin": [
                -3.4,
                15.0,
                -8.0
              ],
              "size": [
                6.8,
                6.0,
                2.0
              ],
              "uv": [
                16,
                98
              ],
              "inflate": 0
            }
          ],
          "parent": "Root"
        },
        {
          "name": "bone4",
          "pivot": [
            0,
            18,
            -4
          ],
          "cubes": [
            {
              "origin": [
                -3.0,
                15.0,
                -8.0
              ],
              "size": [
                6.0,
                6.0,
                4.0
              ],
              "uv": [
                48,
                29
              ],
              "inflate": 0
            },
            {
              "origin": [
                -1.8,
                16.2,
                -8.1
              ],
              "size": [
                3.6,
                3.6,
                0.0
              ],
              "uv": [
                2,
                122
              ],
              "inflate": 0
            }
          ],
          "parent": "Body"
        },
        {
          "name": "bone3",
          "pivot": [
            0,
            19,
            -8
          ],
          "cubes": [
            {
              "origin": [
                -3.9,
                15.8,
                -8.2
              ],
              "size": [
                7.8,
                6.4,
                0.0
              ],
              "uv": [
                75,
                99
              ],
              "inflate": 0
            }
          ],
          "parent": "Body"
        },
        {
          "name": "RightLeg",
          "pivot": [
            -6,
            4,
            -6
          ],
          "cubes": [
            {
              "origin": [
                -8.51303,
                -3.67547,
                -8.48209
              ],
              "size": [
                4.0,
                9.0,
                4.0
              ],
              "uv": [
                76,
                26
              ],
              "inflate": 0
            }
          ],
          "parent": "Root",
          "rotation": [
            -43.56472,
            4.93147,
            62.7108
          ]
        },
        {
          "name": "bone",
          "pivot": [
            -5,
            -4,
            -6
          ],
          "cubes": [
            {
              "origin": [
                -6.96047,
                -12.20436,
                -9.27098
              ],
              "size": [
                4.0,
                9.0,
                4.0
              ],
              "uv": [
                64,
                74
              ],
              "inflate": 0
            }
          ],
          "parent": "RightLeg",
          "rotation": [
            22.14861,
            74.34064,
            38.41968
          ]
        },
        {
          "name": "bone2",
          "pivot": [
            -5,
            -13,
            -6
          ],
          "cubes": [
            {
              "origin": [
                -6.96047,
                -20.90252,
                -9.02175
              ],
              "size": [
                4.0,
                9.0,
                4.0
              ],
              "uv": [
                48,
                72
              ],
              "inflate": 0
            }
          ],
          "parent": "bone",
          "rotation": [
            0,
            0,
            -17.5
          ]
        },
        {
          "name": "RightLeg2",
          "pivot": [
            -6,
            4,
            0
          ],
          "cubes": [
            {
              "origin": [
                -9.10592,
                -3.98661,
                -2.0
              ],
              "size": [
                4.0,
                9.0,
                4.0
              ],
              "uv": [
                32,
                72
              ],
              "inflate": 0
            }
          ],
          "parent": "Root",
          "rotation": [
            0,
            0,
            75
          ]
        },
        {
          "name": "bone6",
          "pivot": [
            -5,
            -3,
            0
          ],
          "cubes": [
            {
              "origin": [
                -8.43058,
                -12.45106,
                -2.0
              ],
              "size": [
                4.0,
                9.0,
                4.0
              ],
              "uv": [
                16,
                72
              ],
              "inflate": 0
            }
          ],
          "parent": "RightLeg2",
          "rotation": [
            -5,
            0,
            12.5
          ]
        },
        {
          "name": "bone7",
          "pivot": [
            -5,
            -12,
            0
          ],
          "cubes": [
            {
              "origin": [
                -8.49036,
                -20.8302,
                -2.0
              ],
              "size": [
                4.0,
                9.0,
                4.0
              ],
              "uv": [
                72,
                13
              ],
              "inflate": 0
            }
          ],
          "parent": "bone6",
          "rotation": [
            17.5,
            0,
            5
          ]
        },
        {
          "name": "RightLeg3",
          "pivot": [
            -6,
            4,
            6
          ],
          "cubes": [
            {
              "origin": [
                -8.51303,
                -3.67547,
                4.48209
              ],
              "size": [
                4.0,
                9.0,
                4.0
              ],
              "uv": [
                0,
                72
              ],
              "inflate": 0
            }
          ],
          "parent": "Root",
          "rotation": [
            42.96925,
            -5.54741,
            65.11445
          ]
        },
        {
          "name": "bone8",
          "pivot": [
            -5,
            -4,
            6
          ],
          "cubes": [
            {
              "origin": [
                -6.96047,
                -12.20436,
                5.27098
              ],
              "size": [
                4.0,
                9.0,
                4.0
              ],
              "uv": [
                70,
                0
              ],
              "inflate": 0
            }
          ],
          "parent": "RightLeg3",
          "rotation": [
            31.11827,
            -73.021,
            -16.75545
          ]
        },
        {
          "name": "bone9",
          "pivot": [
            -5,
            -13,
            6
          ],
          "cubes": [
            {
              "origin": [
                -6.96047,
                -20.90252,
                5.02175
              ],
              "size": [
                4.0,
                9.0,
                4.0
              ],
              "uv": [
                64,
                61
              ],
              "inflate": 0
            }
          ],
          "parent": "bone8",
          "rotation": [
            0,
            0,
            12.5
          ]
        },
        {
          "name": "LeftLeg",
          "pivot": [
            6,
            4,
            -6
          ],
          "cubes": [
            {
              "origin": [
                4.51303,
                -3.67547,
                -8.48209
              ],
              "size": [
                4.0,
                9.0,
                4.0
              ],
              "uv": [
                64,
                48
              ],
              "inflate": 0
            }
          ],
          "parent": "Root",
          "rotation": [
            -42.11094,
            -1.68845,
            -64.35355
          ]
        },
        {
          "name": "bone10",
          "pivot": [
            5,
            -4,
            -6
          ],
          "cubes": [
            {
              "origin": [
                2.96047,
                -12.20436,
                -9.27098
              ],
              "size": [
                4.0,
                9.0,
                4.0
              ],
              "uv": [
                64,
                35
              ],
              "inflate": 0
            }
          ],
          "parent": "LeftLeg",
          "rotation": [
            29.88429,
            -73.24143,
            -46.47417
          ]
        },
        {
          "name": "bone11",
          "pivot": [
            5,
            -13,
            -6
          ],
          "cubes": [
            {
              "origin": [
                2.96047,
                -20.90252,
                -9.02175
              ],
              "size": [
                4.0,
                9.0,
                4.0
              ],
              "uv": [
                48,
                59
              ],
              "inflate": 0
            }
          ],
          "parent": "bone10",
          "rotation": [
            0,
            0,
            10
          ]
        },
        {
          "name": "LeftLeg2",
          "pivot": [
            6,
            4,
            0
          ],
          "cubes": [
            {
              "origin": [
                5.10592,
                -3.98661,
                -2.0
              ],
              "size": [
                4.0,
                9.0,
                4.0
              ],
              "uv": [
                32,
                59
              ],
              "inflate": 0
            }
          ],
          "parent": "Root",
          "rotation": [
            0,
            0,
            -75
          ]
        },
        {
          "name": "bone12",
          "pivot": [
            5,
            -3,
            0
          ],
          "cubes": [
            {
              "origin": [
                4.43058,
                -12.45106,
                -2.0
              ],
              "size": [
                4.0,
                9.0,
                4.0
              ],
              "uv": [
                16,
                59
              ],
              "inflate": 0
            }
          ],
          "parent": "LeftLeg2",
          "rotation": [
            10,
            0,
            -12.5
          ]
        },
        {
          "name": "bone13",
          "pivot": [
            5,
            -12,
            0
          ],
          "cubes": [
            {
              "origin": [
                4.48717,
                -20.80421,
                -2.0
              ],
              "size": [
                4.0,
                9.0,
                4.0
              ],
              "uv": [
                0,
                59
              ],
              "inflate": 0
            }
          ],
          "parent": "bone12",
          "rotation": [
            -20,
            0,
            -5
          ]
        },
        {
          "name": "LeftLeg3",
          "pivot": [
            6,
            4,
            6
          ],
          "cubes": [
            {
              "origin": [
                4.51303,
                -3.67547,
                4.48209
              ],
              "size": [
                4.0,
                9.0,
                4.0
              ],
              "uv": [
                54,
                0
              ],
              "inflate": 0
            }
          ],
          "parent": "Root",
          "rotation": [
            42.96925,
            5.54741,
            -65.11445
          ]
        },
        {
          "name": "bone14",
          "pivot": [
            5,
            -4,
            6
          ],
          "cubes": [
            {
              "origin": [
                2.96047,
                -12.20436,
                5.27098
              ],
              "size": [
                4.0,
                9.0,
                4.0
              ],
              "uv": [
                0,
                29
              ],
              "inflate": 0
            }
          ],
          "parent": "LeftLeg3",
          "rotation": [
            -23.23464,
            74.75392,
            -39.40373
          ]
        },
        {
          "name": "bone15",
          "pivot": [
            5,
            -13,
            6
          ],
          "cubes": [
            {
              "origin": [
                2.96047,
                -20.90252,
                5.02175
              ],
              "size": [
                4.0,
                9.0,
                4.0
              ],
              "uv": [
                0,
                0
              ],
              "inflate": 0
            }
          ],
          "parent": "bone14",
          "rotation": [
            0,
            0,
            12.5
          ]
        }
      ]
    }
  ]
}