{
  "format_version": "1.12.0",
  "minecraft:geometry": [
    {
      "description": {
        "identifier": "geometry.mr_stinky_joel",
        "texture_width": 64,
        "texture_height": 64,
        "visible_bounds_width": 2,
        "visible_bounds_height": 2.5,
        "visible_bounds_offset": [
          0,
          0.75,
          0
        ]
      },
      "bones": [
        {
          "name": "Root"
        },
        {
          "name": "Body",
          "pivot": [
            0,
            6,
            0
          ],
          "cubes": [
            {
              "origin": [
                -4.1,
                6.0,
                -3.9
              ],
              "size": [
                8.2,
                11.0,
                7.8
              ],
              "uv": [
                0,
                0
              ],
              "inflate": 0
            },
            {
              "origin": [
                -0.5,
                10.0,
                -13.0
              ],
              "size": [
                1.0,
                4.0,
                4.0
              ],
              "pivot": [
                0.0,
                0.0,
                0.0
              ],
              "rotation": [
                -50.0,
                0.0,
                0.0
              ],
              "uv": [
                30,
                0
              ],
              "inflate": 0
            },
            {
              "origin": [
                -0.5,
                7.0,
                -9.0
              ],
              "size": [
                1.0,
                4.0,
                4.0
              ],
              "pivot": [
                0.0,
                0.0,
                0.0
              ],
              "rotation": [
                -50.0,
                0.0,
                0.0
              ],
              "uv": [
                12,
                29
              ],
              "inflate": 0
            },
            {
              "origin": [
                -0.5,
                9.0,
                -11.0
              ],
              "size": [
                1.0,
                4.0,
                4.0
              ],
              "pivot": [
                0.0,
                0.0,
                0.0
              ],
              "rotation": [
                -50.0,
                0.0,
                0.0
              ],
              "uv": [
                28,
                14
              ],
              "inflate": 0
            },
            {
              "origin": [
                -0.5,
                6.0,
                -5.0
              ],
              "size": [
                1.0,
                3.0,
                3.0
              ],
              "pivot": [
                0.0,
                0.0,
                0.0
              ],
              "rotation": [
                -50.0,
                0.0,
                0.0
              ],
              "uv": [
                30,
                8
              ],
              "inflate": 0
            }
          ],
          "parent": "Root"
        },
        {
          "name": "bone",
          "pivot": [
            -2,
            14,
            -4
          ],
          "cubes": [
            {
              "origin": [
                -3.25,
                12.8,
                -5.0
              ],
              "size": [
                2.5,
                2.4,
                2.0
              ],
              "uv": [
                23,
                0
              ],
              "inflate": 0
            },
            {
              "origin": [
                -3.0,
                13.0,
                -5.1
              ],
              "size": [
                2.0,
                2.0,
                0.0
              ],
              "uv": [
                0,
                2
              ],
              "inflate": 0
            }
          ],
          "parent": "Body",
          "rotation": [
            -2.5,
            2.5,
            0
          ]
        },
        {
          "name": "bone2",
          "pivot": [
            2,
            14,
            -4
          ],
          "cubes": [
            {
              "origin": [
                0.75,
                12.8,
                -5.0
              ],
              "size": [
                2.5,
                2.4,
                2.0
              ],
              "uv": [
                12,
                18
              ],
              "inflate": 0
            },
            {
              "origin": [
                1.0,
                13.0,
                -5.1
              ],
              "size": [
                2.0,
                2.0,
                0.0
              ],
              "uv": [
                0,
                0
              ],
              "inflate": 0
            }
          ],
          "parent": "Body",
          "rotation": [
            -2.5,
            -2.5,
            0
          ]
        },
        {
          "name": "LeftArm",
          "pivot": [
            4,
            13,
            0
          ],
          "cubes": [
            {
              "origin": [
                3.5,
                6.0,
                -2.0
              ],
              "size": [
                2.5,
                7.0,
                4.0
              ],
              "uv": [
                28,
                25
              ],
              "inflate": 0
            }
          ],
          "parent": "Body",
          "rotation": [
            0,
            0,
            -7.5
          ]
        },
        {
          "name": "RightArm",
          "pivot": [
            -4,
            13,
            0
          ],
          "cubes": [
            {
              "origin": [
                -6.0,
                6.0,
                -2.0
              ],
              "size": [
                2.5,
                7.0,
                4.0
              ],
              "uv": [
                0,
                29
              ],
              "inflate": 0
            }
          ],
          "parent": "Body",
          "rotation": [
            0,
            0,
            7.5
          ]
        },
        {
          "name": "LeftLeg",
          "pivot": [
            2,
            6,
            0
          ],
          "cubes": [
            {
              "origin": [
                0.3,
                0.0,
                -2.0
              ],
              "size": [
                4.0,
                7.0,
                4.0
              ],
              "uv": [
                0,
                18
              ],
              "inflate": 0
            }
          ],
          "parent": "Root",
          "rotation": [
            0,
            -2.5,
            -2.5
          ]
        },
        {
          "name": "RightLeg",
          "pivot": [
            -2,
            6,
            0
          ],
          "cubes": [
            {
              "origin": [
                -4.3,
                0.0,
                -2.0
              ],
              "size": [
                4.0,
                7.0,
                4.0
              ],
              "uv": [
                16,
                18
              ],
              "inflate": 0
            }
          ],
          "parent": "Root",
          "rotation": [
            0,
            2.5,
            2.5
          ]
        }
      ]
    }
  ]
}