{
  "format_version": "1.12.0",
  "minecraft:geometry": [
    {
      "description": {
        "identifier": "geometry.mr_tama_bullet",
        "texture_width": 64,
        "texture_height": 64,
        "visible_bounds_width": 2,
        "visible_bounds_height": 1.5,
        "visible_bounds_offset": [
          0,
          0.25,
          0
        ]
      },
      "bones": [
        {
          "name": "Root"
        },
        {
          "name": "bone4",
          "pivot": [
            -1.5,
            11,
            -7.5
          ],
          "cubes": [
            {
              "origin": [
                -2.5,
                -0.5,
                -2.5
              ],
              "size": [
                5.0,
                6.0,
                5.0
              ],
              "uv": [
                17,
                16
              ],
              "inflate": 0
            },
            {
              "origin": [
                -3.0,
                0.0,
                -2.5
              ],
              "size": [
                6.0,
                5.0,
                5.0
              ],
              "uv": [
                0,
                11
              ],
              "inflate": 0
            },
            {
              "origin": [
                -2.5,
                0.0,
                -3.0
              ],
              "size": [
                5.0,
                5.0,
                6.0
              ],
              "uv": [
                0,
                0
              ],
              "inflate": 0
            }
          ],
          "parent": "Root"
        }
      ]
    }
  ]
}