{"format_version":"1.8.0","minecraft:entity":{"description":{"identifier":"yg:banana_peel","is_spawnable":true,"is_summonable":true,"is_experimental":false},"component_groups":{},"components":{"minecraft:type_family":{"family":["banana"]},"minecraft:collision_box":{"width":0.3,"height":0.3},"minecraft:scale":{"value":1},"minecraft:health":{"value":1,"max":1},"minecraft:knockback_resistance":{"value":0.9},"minecraft:physics":{},"minecraft:pushable":{"is_pushable":false,"is_pushable_by_piston":false},"minecraft:fall_damage":{"value":0},"minecraft:damage_sensor":{"triggers":{"cause":"all","deals_damage":false}},"minecraft:area_attack":{"damage_range":0.1,"damage_per_tick":5,"cause":"contact","entity_filter":{"all_of":[{"test":"is_family","subject":"other","value":"inanimate","operator":"!="}]}}},"events":{}}}