{"format_version":"1.13.0","minecraft:entity":{"description":{"identifier":"yg:eyes","is_spawnable":true,"is_summonable":true,"is_experimental":false},"component_groups":{"unseen":{},"seen":{"minecraft:behavior.hurt_by_target":{"priority":1},"minecraft:behavior.melee_attack":{"priority":3,"reach_multiplier":0},"minecraft:area_attack":{"damage_range":5,"damage_per_tick":3,"cause":"contact","entity_filter":{"all_of":[{"test":"is_family","subject":"other","value":"doors_monster","operator":"!="}]}}}},"components":{"minecraft:is_hidden_when_invisible":{},"minecraft:nameable":{},"minecraft:type_family":{"family":["monster","mob","undead","doors_mamaw","weeper"]},"minecraft:collision_box":{"width":0.6,"height":1.8},"minecraft:navigation.walk":{"avoid_damage_blocks":true,"can_path_over_water":true,"avoid_water":false},"minecraft:scale":{"value":1},"minecraft:attack":{"damage":999999},"minecraft:health":{"value":60000,"max":60000},"minecraft:follow_range":{"value":30,"max":30},"minecraft:leashable":{"soft_distance":4,"hard_distance":6,"max_distance":10,"can_be_stolen":true},"minecraft:loot":{"table":"loot_tables/entities/null.json"},"minecraft:behavior.melee_attack":{"priority":3,"track_target":false,"speed_multiplier":0},"minecraft:behavior.random_stroll":{"priority":7,"speed_multiplier":1},"minecraft:behavior.look_at_player":{"priority":8,"look_distance":6,"probability":0.02},"minecraft:behavior.random_look_around":{"priority":9},"minecraft:behavior.hurt_by_target":{"priority":1},"minecraft:knockback_resistance":{"value":0.8},"minecraft:physics":{},"minecraft:pushable":{"is_pushable":true,"is_pushable_by_piston":true},"minecraft:behavior.float":{"priority":1},"minecraft:behavior.nearest_attackable_target":{"priority":2,"must_see":false,"reselect_targets":true,"within_radius":100,"must_see_forget_duration":17,"entity_types":[{"filters":{"all_of":[{"test":"is_family","subject":"other","value":"mob"},{"test":"is_family","subject":"other","operator":"!=","value":"weeper"}]},"max_dist":16},{"filters":{"all_of":[{"test":"is_family","subject":"other","value":"player"},{"test":"is_family","subject":"other","operator":"!=","value":"weeper"}]},"max_dist":100}]}},"events":{"seen":{"add":{"component_groups":["seen"]}},"unseen":{"remove":{"component_groups":["seen"]},"add":{"component_groups":["unseen"]}}}}}