{"format_version":"1.8.0","minecraft:entity":{"description":{"identifier":"yg:halt","is_spawnable":true,"is_summonable":true,"is_experimental":false,"animations":{"target":"controller.animation.doors_jumpscare"},"scripts":{"animate":["target"]}},"component_groups":{"minecraft:halt":{"minecraft:variant":{"value":0},"minecraft:timer":{"looping":true,"time":[0.1,0.1],"time_down_event":{"event":"minecraft:skin2"}}},"minecraft:halt2":{"minecraft:variant":{"value":1},"minecraft:timer":{"looping":true,"time":[0.1,0.1],"time_down_event":{"event":"minecraft:skin3"}}},"minecraft:halt3":{"minecraft:variant":{"value":2},"minecraft:timer":{"looping":true,"time":[0.1,0.1],"time_down_event":{"event":"minecraft:skin1"}}},"minecraft:attack_active":{"minecraft:attack":{"damage":99999999999}},"minecraft:attack_unactive":{"minecraft:attack":{"damage":5}}},"components":{"minecraft:is_hidden_when_invisible":{},"minecraft:nameable":{},"minecraft:type_family":{"family":["monster","mob","undead","doors_mamaw"]},"minecraft:collision_box":{"width":0.6,"height":1.8},"minecraft:movement.basic":{},"minecraft:navigation.walk":{"avoid_damage_blocks":true,"can_walk":true,"can_path_over_water":true,"avoid_water":true},"minecraft:movement":{"value":0.25},"minecraft:scale":{"value":1},"minecraft:jump.static":{},"minecraft:can_climb":{},"minecraft:attack":{"damage":6},"minecraft:health":{"value":50000,"max":50000},"minecraft:follow_range":{"value":30,"max":30},"minecraft:leashable":{"soft_distance":4,"hard_distance":6,"max_distance":10,"can_be_stolen":true},"minecraft:loot":{"table":"loot_tables/entities/null.json"},"minecraft:behavior.nearest_attackable_target":{"priority":2,"must_see":true,"reselect_targets":true,"within_radius":25,"must_see_forget_duration":17,"entity_types":[{"filters":{"any_of":[{"test":"is_family","subject":"other","value":"illager"},{"test":"is_family","subject":"other","value":"snowgolem"},{"test":"is_family","subject":"other","value":"irongolem"},{"test":"is_family","subject":"other","value":"vex"}]},"max_dist":35},{"filters":{"any_of":[{"test":"is_family","subject":"other","value":"villager"},{"test":"is_family","subject":"other","value":"player"},{"test":"is_family","subject":"other","value":"wandering_trader"}]},"max_dist":35,"must_see":false},{"filters":{"all_of":[{"test":"is_family","subject":"other","value":"baby_turtle"},{"test":"in_water","subject":"other","operator":"!=","value":true}]},"max_dist":35}]},"minecraft:behavior.melee_attack":{"priority":3,"track_target":true,"speed_multiplier":1.25},"minecraft:behavior.random_stroll":{"priority":7,"speed_multiplier":1},"minecraft:behavior.look_at_player":{"priority":8,"look_distance":6,"probability":0.02},"minecraft:behavior.random_look_around":{"priority":9},"minecraft:behavior.hurt_by_target":{"priority":1},"minecraft:knockback_resistance":{"value":0.8},"minecraft:physics":{},"minecraft:pushable":{"is_pushable":true,"is_pushable_by_piston":true},"minecraft:behavior.float":{"priority":1}},"events":{"minecraft:entity_spawned":{"add":{"component_groups":["minecraft:halt"]}},"minecraft:skin1":{"add":{"component_groups":["minecraft:halt"]}},"minecraft:skin2":{"add":{"component_groups":["minecraft:halt2"]}},"minecraft:skin3":{"add":{"component_groups":["minecraft:halt3"]}},"minecraft:attack_active":{"add":{"component_groups":["minecraft:attack_active"]},"remove":{"component_groups":["minecraft:attack_unactive"]}},"minecraft:attack_unactive":{"add":{"component_groups":["minecraft:attack_unactive"]},"remove":{"component_groups":["minecraft:attack_active"]}}}}}