{"format_version":"1.8.0","minecraft:entity":{"description":{"identifier":"yg:jeff","is_spawnable":true,"is_summonable":true,"is_experimental":false},"component_groups":{},"components":{"minecraft:damage_sensor":{"triggers":[{"on_damage":{},"deals_damage":false}]},"minecraft:health":{"max":200,"value":200},"minecraft:fire_immune":{},"minecraft:physics":{},"minecraft:pushable":{"is_pushable":false,"is_pushable_by_piston":false},"minecraft:collision_box":{"width":0.6,"height":1.8},"minecraft:scale":{"value":1},"minecraft:type_family":{"family":["jeff"]},"minecraft:trade_table":{"display_name":"Jeff's store","table":"trades/entities/yg_jeff_trades.json","new_screen":true},"minecraft:behavior.trade_with_player":{"priority":1},"minecraft:behavior.look_at_trading_player":{"priority":2}},"events":{}}}