{"format_version":"1.8.0","minecraft:entity":{"description":{"identifier":"yg:noob_figure","runtime_identifier":"minecraft:warden","is_spawnable":true,"is_summonable":true,"is_experimental":false,"animations":{"target":"controller.animation.doors_jumpscare"},"scripts":{"animate":["target"]}},"component_groups":{"minecraft:do_jumpscare":{"minecraft:is_sheared":{},"minecraft:movement":{"value":0},"minecraft:timer":{"time":1.5,"time_down_event":{"event":"minecraft:jumpscare_unactive"}}},"minecraft:restart":{"minecraft:behavior.melee_attack":{"priority":4,"speed_multiplier":1.25,"melee_fov":360,"on_attack":{"event":"minecraft:jumpscare_active","filters":{"all_of":[{"operator":"equals","subject":"target","test":"is_family","value":"player"},{"operator":"not","subject":"self","test":"has_component","value":"minecraft:is_sheared"}]},"target":"self"}},"minecraft:movement":{"value":0.25},"minecraft:attack":{"damage":15},"minecraft:rideable":{"rider_can_interact":false,"seat_count":1,"seats":[{"lock_rider_rotation":1,"position":[0,2.3,1.5],"rotate_rider_by":180}]}},"minecraft:attack_active":{"minecraft:attack":{"damage":99999999999}},"minecraft:attack_unactive":{"minecraft:attack":{"damage":0}}},"components":{"minecraft:is_hidden_when_invisible":{},"minecraft:nameable":{},"minecraft:type_family":{"family":["monster","warden","mob","undead","doors_mamaw","boss"]},"minecraft:collision_box":{"width":0.6,"height":4},"minecraft:movement.basic":{},"minecraft:navigation.walk":{"avoid_damage_blocks":true,"can_walk":true,"can_path_over_water":true,"avoid_water":false},"minecraft:movement":{"value":0.25},"minecraft:scale":{"value":1},"minecraft:jump.static":{},"minecraft:can_climb":{},"minecraft:attack":{"damage":15},"minecraft:health":{"value":60000,"max":60000},"minecraft:follow_range":{"value":30,"max":30},"minecraft:leashable":{"soft_distance":4,"hard_distance":6,"max_distance":10,"can_be_stolen":true},"minecraft:loot":{"table":"loot_tables/entities/null.json"},"minecraft:behavior.melee_attack":{"priority":4,"speed_multiplier":1.25,"melee_fov":360,"on_attack":{"event":"minecraft:jumpscare_active","filters":{"all_of":[{"operator":"equals","subject":"target","test":"is_family","value":"player"},{"operator":"not","subject":"self","test":"has_component","value":"minecraft:is_sheared"}]},"target":"self"}},"minecraft:behavior.random_stroll":{"priority":7,"speed_multiplier":1},"minecraft:behavior.look_at_player":{"priority":8,"look_distance":6,"probability":0.02},"minecraft:behavior.random_look_around":{"priority":9},"minecraft:behavior.hurt_by_target":{"priority":1},"minecraft:knockback_resistance":{"value":0.8},"minecraft:physics":{},"minecraft:pushable":{"is_pushable":true,"is_pushable_by_piston":true},"minecraft:movement_sound_distance_offset":{"value":0.55},"minecraft:vibration_listener":{},"minecraft:vibration_damper":{},"minecraft:suspect_tracking":{},"minecraft:anger_level":{"max_anger":150,"angry_threshold":80,"remove_targets_below_angry_threshold":true,"angry_boost":20,"anger_decrement_interval":1,"default_annoyingness":35,"default_projectile_annoyingness":10,"on_increase_sounds":[{"sound":"listening_angry","condition":"query.anger_level(this) >= 40"},{"sound":"listening","condition":"query.anger_level(this) >= 0"}],"nuisance_filter":{"all_of":[{"test":"is_family","subject":"other","operator":"not","value":"warden"},{"test":"is_family","subject":"other","operator":"not","value":"inanimate"}]}},"minecraft:behavior.roar":{"priority":2,"duration":1.5},"minecraft:behavior.investigate_suspicious_location":{"priority":5,"speed_multiplier":0.7},"minecraft:behavior.sniff":{"priority":6,"duration":4.16,"sniffing_radius":24,"suspicion_radius_horizontal":6,"suspicion_radius_vertical":20,"cooldown_range":[5,10]},"minecraft:rideable":{"rider_can_interact":false,"seat_count":1,"seats":[{"lock_rider_rotation":1,"position":[0,2.3,1.5],"rotate_rider_by":180}]}},"events":{"minecraft:entity_spawned":{},"minecraft:jumpscare_active":{"add":{"component_groups":["minecraft:do_jumpscare"]},"run_command":{"command":["gamerule sendcommandfeedback false","effect @p[r=4] slowness 2 4 true","effect @p[r=4] blindness 2 4 true","camerashake add @p[c=1] 0.5 2 rotational","tag @e[type=player,c=1] add doors_jumpscare","execute @s ~ ~ ~ ride @e[type=!yg:noob_figure] start_riding @s"]}},"minecraft:jumpscare_unactive":{"add":{"component_groups":["minecraft:restart"]},"remove":{"component_groups":["minecraft:do_jumpscare"]},"run_command":{"command":["gamerule sendcommandfeedback true","kill @e [tag=doors_jumpscare,c=1]","ride @e evict_riders"]}},"minecraft:attack_active":{"add":{"component_groups":["minecraft:attack_active"]},"remove":{"component_groups":["minecraft:attack_unactive"]}},"minecraft:attack_unactive":{"add":{"component_groups":["minecraft:attack_unactive"]},"remove":{"component_groups":["minecraft:attack_active"]}}}}}