{"format_version":"1.8.0","minecraft:entity":{"description":{"identifier":"yg:shadow","is_spawnable":true,"is_summonable":true,"is_experimental":false},"component_groups":{},"components":{"minecraft:is_hidden_when_invisible":{},"minecraft:nameable":{},"minecraft:type_family":{"family":["undead","monster","mob","doors"]},"minecraft:collision_box":{"width":0.6,"height":4},"minecraft:scale":{"value":1},"minecraft:health":{"value":3000,"max":3000},"minecraft:loot":{"table":"loot_tables/entities/null.json"},"minecraft:behavior.hurt_by_target":{"priority":1},"minecraft:knockback_resistance":{"value":0.9},"minecraft:physics":{},"minecraft:fall_damage":{"value":0},"minecraft:damage_sensor":{"triggers":{"cause":"all","deals_damage":false}},"minecraft:pushable":{"is_pushable":false,"is_pushable_by_piston":false},"minecraft:area_attack":{"damage_range":0.1,"damage_per_tick":9999,"cause":"contact","entity_filter":{"all_of":[{"test":"is_family","subject":"other","value":"doors","operator":"!="}]}}},"events":{}}}