{
	"file_path": "C:\\Users\\user\\AppData\\Local\\Packages\\Microsoft.MinecraftUWP_8wekyb3d8bbwe\\LocalState\\games\\com.mojang\\minecraftWorlds\\UqhrXyJPAAA=\\behavior_packs\\BP\\recipes\\cortine_lime.json",
	"file_type": "recipe",
	"format_version": 1,
	"file_uuid": "b0796376_82c7_4c6d_8ff7_f8ddce9b7b79",
	"file_version": 16,
	"cache_content": {
		"children": [
			{
				"open": {
					"minecraft:recipe_shaped": {
						"description": {
							"identifier": "md:green_lime_cortain"
						},
						"tags": [
							"crafting_table"
						],
						"pattern": [
							"pp",
							"##",
							"pp"
						],
						"key": {
							"#": {
								"item": "minecraft:wool:5"
							},
							"p": {
								"item": "minecraft:stick"
							}
						},
						"result": {
							"item": "spawn_egg",
							"data": "query.get_actor_info_id('md:green_lime_cortain')"
						}
					},
					"format_version": "1.13.0"
				},
				"key": "minecraft:recipe_shaped",
				"children": [
					{
						"open": {
							"description": {
								"identifier": "md:green_lime_cortain"
							},
							"tags": [
								"crafting_table"
							],
							"pattern": [
								"pp",
								"##",
								"pp"
							],
							"key": {
								"#": {
									"item": "minecraft:wool:5"
								},
								"p": {
									"item": "minecraft:stick"
								}
							},
							"result": {
								"item": "spawn_egg",
								"data": "query.get_actor_info_id('md:green_lime_cortain')"
							}
						},
						"key": "description",
						"is_minified": true,
						"children": {
							"identifier": "md:green_lime_cortain"
						}
					},
					{
						"open": {
							"description": {
								"identifier": "md:green_lime_cortain"
							},
							"tags": [
								"crafting_table"
							],
							"pattern": [
								"pp",
								"##",
								"pp"
							],
							"key": {
								"#": {
									"item": "minecraft:wool:5"
								},
								"p": {
									"item": "minecraft:stick"
								}
							},
							"result": {
								"item": "spawn_egg",
								"data": "query.get_actor_info_id('md:green_lime_cortain')"
							}
						},
						"key": "tags",
						"is_minified": true,
						"children": [
							"crafting_table"
						]
					},
					{
						"open": {
							"description": {
								"identifier": "md:green_lime_cortain"
							},
							"tags": [
								"crafting_table"
							],
							"pattern": [
								"pp",
								"##",
								"pp"
							],
							"key": {
								"#": {
									"item": "minecraft:wool:5"
								},
								"p": {
									"item": "minecraft:stick"
								}
							},
							"result": {
								"item": "spawn_egg",
								"data": "query.get_actor_info_id('md:green_lime_cortain')"
							}
						},
						"key": "pattern",
						"is_minified": true,
						"children": [
							"pp",
							"##",
							"pp"
						]
					},
					{
						"open": {
							"description": {
								"identifier": "md:green_lime_cortain"
							},
							"tags": [
								"crafting_table"
							],
							"pattern": [
								"pp",
								"##",
								"pp"
							],
							"key": {
								"#": {
									"item": "minecraft:wool:5"
								},
								"p": {
									"item": "minecraft:stick"
								}
							},
							"result": {
								"item": "spawn_egg",
								"data": "query.get_actor_info_id('md:green_lime_cortain')"
							}
						},
						"key": "key",
						"children": [
							{
								"open": {
									"#": {
										"item": "minecraft:wool:5"
									},
									"p": {
										"item": "minecraft:stick"
									}
								},
								"key": "#",
								"is_minified": true,
								"children": {
									"item": "minecraft:wool:5"
								}
							},
							{
								"open": {
									"#": {
										"item": "minecraft:wool:5"
									},
									"p": {
										"item": "minecraft:stick"
									}
								},
								"key": "p",
								"is_minified": true,
								"children": {
									"item": "minecraft:stick"
								}
							}
						]
					},
					{
						"open": {
							"description": {
								"identifier": "md:green_lime_cortain"
							},
							"tags": [
								"crafting_table"
							],
							"pattern": [
								"pp",
								"##",
								"pp"
							],
							"key": {
								"#": {
									"item": "minecraft:wool:5"
								},
								"p": {
									"item": "minecraft:stick"
								}
							},
							"result": {
								"item": "spawn_egg",
								"data": "query.get_actor_info_id('md:green_lime_cortain')"
							}
						},
						"key": "result",
						"is_minified": true,
						"children": {
							"item": "spawn_egg",
							"data": "query.get_actor_info_id('md:green_lime_cortain')"
						}
					}
				]
			},
			{
				"data": "1.13.0",
				"key": "format_version"
			}
		]
	}
}