{
	"file_path": "C:\\Users\\user\\AppData\\Local\\Packages\\Microsoft.MinecraftUWP_8wekyb3d8bbwe\\LocalState\\games\\com.mojang\\development_behavior_packs\\Door Plus(MALISIS DOORS) BP\\recipes\\desarmador.json",
	"file_type": "recipe",
	"format_version": 1,
	"file_uuid": "8179aaf5_3f2e_4219_a108_80a301b23300",
	"file_version": 3,
	"cache_content": {
		"children": [
			{
				"data": "1.16.100",
				"key": "format_version"
			},
			{
				"open": {
					"format_version": "1.16.100",
					"minecraft:recipe_shaped": {
						"description": {
							"identifier": "bm:desarmador"
						},
						"tags": [
							"crafting_table"
						],
						"pattern": [
							"ooo",
							"oop",
							"ppp"
						],
						"key": {
							"p": {
								"item": "minecraft:stick"
							}
						},
						"result": [
							{
								"item": "md:desarmador",
								"count": 1
							}
						]
					}
				},
				"key": "minecraft:recipe_shaped",
				"children": [
					{
						"key": "description",
						"is_minified": true,
						"children": {
							"identifier": "bm:desarmador"
						}
					},
					{
						"key": "tags",
						"is_minified": true,
						"children": [
							"crafting_table"
						]
					},
					{
						"key": "pattern",
						"is_minified": true,
						"children": [
							"ooo",
							"oop",
							"ppp"
						]
					},
					{
						"key": "key",
						"is_minified": true,
						"children": {
							"p": {
								"item": "minecraft:stick"
							}
						}
					},
					{
						"open": {
							"description": {
								"identifier": "bm:desarmador"
							},
							"tags": [
								"crafting_table"
							],
							"pattern": [
								"ooo",
								"oop",
								"ppp"
							],
							"key": {
								"p": {
									"item": "minecraft:stick"
								}
							},
							"result": [
								{
									"item": "md:desarmador",
									"count": 1
								}
							]
						},
						"key": "result",
						"children": [
							{
								"open": [
									{
										"item": "md:desarmador",
										"count": 1
									}
								],
								"is_minified": true,
								"children": {
									"item": "md:desarmador",
									"count": 1
								}
							}
						]
					}
				]
			}
		]
	}
}