{
	"file_path": "C:\\Users\\user\\AppData\\Local\\Packages\\Microsoft.MinecraftUWP_8wekyb3d8bbwe\\LocalState\\games\\com.mojang\\development_behavior_packs\\MALISIS DOOR V.3 BETA BP\\recipes\\garage_door.json",
	"file_type": "recipe",
	"format_version": 1,
	"file_uuid": "e363c69d_1238_4376_8721_617500ec1f88",
	"file_version": 13,
	"cache_content": {
		"children": [
			{
				"data": "1.12",
				"key": "format_version"
			},
			{
				"open": {
					"format_version": 1.12,
					"minecraft:recipe_shaped": {
						"description": {
							"identifier": "md:garage_door"
						},
						"tags": [
							"crafting_table"
						],
						"pattern": [
							"ggg",
							"###",
							"###"
						],
						"key": {
							"#": {
								"item": "minecraft:iron_ingot"
							},
							"g": {
								"item": "minecraft:glass"
							}
						},
						"result": {
							"item": "spawn_egg",
							"data": "query.get_actor_info_id('md:garage_door')"
						}
					}
				},
				"key": "minecraft:recipe_shaped",
				"children": [
					{
						"open": {
							"description": {
								"identifier": "md:garage_door"
							},
							"tags": [
								"crafting_table"
							],
							"pattern": [
								"ggg",
								"###",
								"###"
							],
							"key": {
								"#": {
									"item": "minecraft:iron_ingot"
								},
								"g": {
									"item": "minecraft:glass"
								}
							},
							"result": {
								"item": "spawn_egg",
								"data": "query.get_actor_info_id('md:garage_door')"
							}
						},
						"key": "description",
						"is_minified": true,
						"children": {
							"identifier": "md:garage_door"
						}
					},
					{
						"open": {
							"description": {
								"identifier": "md:garage_door"
							},
							"tags": [
								"crafting_table"
							],
							"pattern": [
								"ggg",
								"###",
								"###"
							],
							"key": {
								"#": {
									"item": "minecraft:iron_ingot"
								},
								"g": {
									"item": "minecraft:glass"
								}
							},
							"result": {
								"item": "spawn_egg",
								"data": "query.get_actor_info_id('md:garage_door')"
							}
						},
						"key": "tags",
						"is_minified": true,
						"children": [
							"crafting_table"
						]
					},
					{
						"open": {
							"description": {
								"identifier": "md:garage_door"
							},
							"tags": [
								"crafting_table"
							],
							"pattern": [
								"ggg",
								"###",
								"###"
							],
							"key": {
								"#": {
									"item": "minecraft:iron_ingot"
								},
								"g": {
									"item": "minecraft:glass"
								}
							},
							"result": {
								"item": "spawn_egg",
								"data": "query.get_actor_info_id('md:garage_door')"
							}
						},
						"key": "pattern",
						"is_minified": true,
						"children": [
							"ggg",
							"###",
							"###"
						]
					},
					{
						"open": {
							"description": {
								"identifier": "md:garage_door"
							},
							"tags": [
								"crafting_table"
							],
							"pattern": [
								"ggg",
								"###",
								"###"
							],
							"key": {
								"#": {
									"item": "minecraft:iron_ingot"
								},
								"g": {
									"item": "minecraft:glass"
								}
							},
							"result": {
								"item": "spawn_egg",
								"data": "query.get_actor_info_id('md:garage_door')"
							}
						},
						"key": "key",
						"children": [
							{
								"open": {
									"#": {
										"item": "minecraft:iron_ingot"
									},
									"g": {
										"item": "minecraft:glass"
									}
								},
								"key": "#",
								"is_minified": true,
								"children": {
									"item": "minecraft:iron_ingot"
								}
							},
							{
								"open": {
									"#": {
										"item": "minecraft:iron_ingot"
									},
									"g": {
										"item": "minecraft:glass"
									}
								},
								"key": "g",
								"is_minified": true,
								"children": {
									"item": "minecraft:glass"
								}
							}
						]
					},
					{
						"open": {
							"description": {
								"identifier": "md:garage_door"
							},
							"tags": [
								"crafting_table"
							],
							"pattern": [
								"ggg",
								"###",
								"###"
							],
							"key": {
								"#": {
									"item": "minecraft:iron_ingot"
								},
								"g": {
									"item": "minecraft:glass"
								}
							},
							"result": {
								"item": "spawn_egg",
								"data": "query.get_actor_info_id('md:garage_door')"
							}
						},
						"key": "result",
						"is_minified": true,
						"children": {
							"item": "spawn_egg",
							"data": "query.get_actor_info_id('md:garage_door')"
						}
					}
				]
			}
		]
	}
}