{
	"file_path": "C:\\Users\\user\\AppData\\Local\\Packages\\Microsoft.MinecraftUWP_8wekyb3d8bbwe\\LocalState\\games\\com.mojang\\development_behavior_packs\\MALISIS DOOR V.3 BETA BP\\recipes\\gothic_door.json",
	"file_type": "recipe",
	"format_version": 1,
	"file_uuid": "f2a35246_7016_4952_b4a5_ce9d16b6e9c7",
	"file_version": 11,
	"cache_content": {
		"children": [
			{
				"data": "1.12",
				"key": "format_version"
			},
			{
				"open": {
					"format_version": 1.12,
					"minecraft:recipe_shaped": {
						"description": {
							"identifier": "md:gothic_door"
						},
						"tags": [
							"crafting_table"
						],
						"pattern": [
							"###",
							"e#e",
							"###"
						],
						"key": {
							"#": {
								"item": "minecraft:concrete"
							},
							"e": {
								"item": "minecraft:end_stone"
							}
						},
						"result": {
							"item": "spawn_egg",
							"data": "query.get_actor_info_id('md:gothic_door')"
						}
					}
				},
				"key": "minecraft:recipe_shaped",
				"children": [
					{
						"open": {
							"description": {
								"identifier": "md:gothic_door"
							},
							"tags": [
								"crafting_table"
							],
							"pattern": [
								"###",
								"e#e",
								"###"
							],
							"key": {
								"#": {
									"item": "minecraft:concrete"
								},
								"e": {
									"item": "minecraft:end_stone"
								}
							},
							"result": {
								"item": "spawn_egg",
								"data": "query.get_actor_info_id('md:gothic_door')"
							}
						},
						"key": "description",
						"is_minified": true,
						"children": {
							"identifier": "md:gothic_door"
						}
					},
					{
						"open": {
							"description": {
								"identifier": "md:gothic_door"
							},
							"tags": [
								"crafting_table"
							],
							"pattern": [
								"###",
								"e#e",
								"###"
							],
							"key": {
								"#": {
									"item": "minecraft:concrete"
								},
								"e": {
									"item": "minecraft:end_stone"
								}
							},
							"result": {
								"item": "spawn_egg",
								"data": "query.get_actor_info_id('md:gothic_door')"
							}
						},
						"key": "tags",
						"is_minified": true,
						"children": [
							"crafting_table"
						]
					},
					{
						"open": {
							"description": {
								"identifier": "md:gothic_door"
							},
							"tags": [
								"crafting_table"
							],
							"pattern": [
								"###",
								"e#e",
								"###"
							],
							"key": {
								"#": {
									"item": "minecraft:concrete"
								},
								"e": {
									"item": "minecraft:end_stone"
								}
							},
							"result": {
								"item": "spawn_egg",
								"data": "query.get_actor_info_id('md:gothic_door')"
							}
						},
						"key": "pattern",
						"is_minified": true,
						"children": [
							"###",
							"e#e",
							"###"
						]
					},
					{
						"open": {
							"description": {
								"identifier": "md:gothic_door"
							},
							"tags": [
								"crafting_table"
							],
							"pattern": [
								"###",
								"e#e",
								"###"
							],
							"key": {
								"#": {
									"item": "minecraft:concrete"
								},
								"e": {
									"item": "minecraft:end_stone"
								}
							},
							"result": {
								"item": "spawn_egg",
								"data": "query.get_actor_info_id('md:gothic_door')"
							}
						},
						"key": "key",
						"children": [
							{
								"open": {
									"#": {
										"item": "minecraft:concrete"
									},
									"e": {
										"item": "minecraft:end_stone"
									}
								},
								"key": "#",
								"is_minified": true,
								"children": {
									"item": "minecraft:concrete"
								}
							},
							{
								"open": {
									"#": {
										"item": "minecraft:concrete"
									},
									"e": {
										"item": "minecraft:end_stone"
									}
								},
								"key": "e",
								"is_minified": true,
								"children": {
									"item": "minecraft:end_stone"
								}
							}
						]
					},
					{
						"open": {
							"description": {
								"identifier": "md:gothic_door"
							},
							"tags": [
								"crafting_table"
							],
							"pattern": [
								"###",
								"e#e",
								"###"
							],
							"key": {
								"#": {
									"item": "minecraft:concrete"
								},
								"e": {
									"item": "minecraft:end_stone"
								}
							},
							"result": {
								"item": "spawn_egg",
								"data": "query.get_actor_info_id('md:gothic_door')"
							}
						},
						"key": "result",
						"is_minified": true,
						"children": {
							"item": "spawn_egg",
							"data": "query.get_actor_info_id('md:gothic_door')"
						}
					}
				]
			}
		]
	}
}