{
	"file_path": "C:\\Users\\user\\AppData\\Local\\Packages\\Microsoft.MinecraftUWP_8wekyb3d8bbwe\\LocalState\\games\\com.mojang\\development_behavior_packs\\Door Plus(MALISIS DOORS) BP\\recipes\\puerta bunker.json",
	"file_type": "recipe",
	"format_version": 1,
	"file_uuid": "fd495d35_3290_4a1a_b7f9_451c7ae3c9a9",
	"file_version": 4,
	"cache_content": {
		"children": [
			{
				"data": "1.13.0",
				"key": "format_version"
			},
			{
				"open": {
					"format_version": "1.13.0",
					"minecraft:recipe_shaped": {
						"description": {
							"identifier": "bm:bunker_door"
						},
						"tags": [
							"crafting_table"
						],
						"pattern": [
							"rir",
							"iii",
							"rir"
						],
						"key": {
							"r": {
								"item": "minecraft:redstone"
							},
							"i": {
								"item": "minecraft:iron_ingot"
							}
						},
						"result": {
							"item": "spawn_egg",
							"data": "query.get_actor_info_id('md:bunker_door')"
						}
					}
				},
				"key": "minecraft:recipe_shaped",
				"children": [
					{
						"key": "description",
						"is_minified": true,
						"children": {
							"identifier": "bm:bunker_door"
						}
					},
					{
						"key": "tags",
						"is_minified": true,
						"children": [
							"crafting_table"
						]
					},
					{
						"key": "pattern",
						"is_minified": true,
						"children": [
							"rir",
							"iii",
							"rir"
						]
					},
					{
						"key": "key",
						"is_minified": true,
						"children": {
							"r": {
								"item": "minecraft:redstone"
							},
							"i": {
								"item": "minecraft:iron_ingot"
							}
						}
					},
					{
						"open": {
							"description": {
								"identifier": "bm:bunker_door"
							},
							"tags": [
								"crafting_table"
							],
							"pattern": [
								"rir",
								"iii",
								"rir"
							],
							"key": {
								"r": {
									"item": "minecraft:redstone"
								},
								"i": {
									"item": "minecraft:iron_ingot"
								}
							},
							"result": {
								"item": "spawn_egg",
								"data": "query.get_actor_info_id('md:bunker_door')"
							}
						},
						"key": "result",
						"is_minified": true,
						"children": {
							"item": "spawn_egg",
							"data": "query.get_actor_info_id('md:bunker_door')"
						}
					}
				]
			}
		]
	}
}