{
	"file_path": "C:\\Users\\erik\\AppData\\Local\\Packages\\Microsoft.MinecraftUWP_8wekyb3d8bbwe\\LocalState\\games\\com.mojang\\development_behavior_packs\\Door_PlusMALISIS_DOORS_BP\\recipes\\spruce_door.json",
	"file_type": "recipe",
	"format_version": 1,
	"file_uuid": "01d5e19b_2d41_4d1a_a7f5_5e25d3bf804d",
	"file_version": 3,
	"cache_content": {
		"children": [
			{
				"data": "1.12",
				"key": "format_version"
			},
			{
				"open": {
					"format_version": 1.12,
					"minecraft:recipe_shaped": {
						"description": {
							"identifier": "md:spruce_door"
						},
						"tags": [
							"crafting_table"
						],
						"pattern": [
							"##",
							"##",
							"##"
						],
						"key": {
							"#": {
								"item": "minecraft:planks:1"
							}
						},
						"result": {
							"item": "spawn_egg",
							"data": "query.get_actor_info_id('md:spruce_door')"
						}
					}
				},
				"key": "minecraft:recipe_shaped",
				"children": [
					{
						"open": {
							"description": {
								"identifier": "md:spruce_door"
							},
							"tags": [
								"crafting_table"
							],
							"pattern": [
								"##",
								"##",
								"##"
							],
							"key": {
								"#": {
									"item": "minecraft:planks:1"
								}
							},
							"result": {
								"item": "spawn_egg",
								"data": "query.get_actor_info_id('md:spruce_door')"
							}
						},
						"key": "description",
						"is_minified": true,
						"children": {
							"identifier": "md:spruce_door"
						}
					},
					{
						"open": {
							"description": {
								"identifier": "md:spruce_door"
							},
							"tags": [
								"crafting_table"
							],
							"pattern": [
								"##",
								"##",
								"##"
							],
							"key": {
								"#": {
									"item": "minecraft:planks:1"
								}
							},
							"result": {
								"item": "spawn_egg",
								"data": "query.get_actor_info_id('md:spruce_door')"
							}
						},
						"key": "tags",
						"is_minified": true,
						"children": [
							"crafting_table"
						]
					},
					{
						"open": {
							"description": {
								"identifier": "md:spruce_door"
							},
							"tags": [
								"crafting_table"
							],
							"pattern": [
								"##",
								"##",
								"##"
							],
							"key": {
								"#": {
									"item": "minecraft:planks:1"
								}
							},
							"result": {
								"item": "spawn_egg",
								"data": "query.get_actor_info_id('md:spruce_door')"
							}
						},
						"key": "pattern",
						"is_minified": true,
						"children": [
							"##",
							"##",
							"##"
						]
					},
					{
						"open": {
							"description": {
								"identifier": "md:spruce_door"
							},
							"tags": [
								"crafting_table"
							],
							"pattern": [
								"##",
								"##",
								"##"
							],
							"key": {
								"#": {
									"item": "minecraft:planks:1"
								}
							},
							"result": {
								"item": "spawn_egg",
								"data": "query.get_actor_info_id('md:spruce_door')"
							}
						},
						"key": "key",
						"children": [
							{
								"open": {
									"#": {
										"item": "minecraft:planks:1"
									}
								},
								"key": "#",
								"is_minified": true,
								"children": {
									"item": "minecraft:planks:1"
								}
							}
						]
					},
					{
						"open": {
							"description": {
								"identifier": "md:spruce_door"
							},
							"tags": [
								"crafting_table"
							],
							"pattern": [
								"##",
								"##",
								"##"
							],
							"key": {
								"#": {
									"item": "minecraft:planks:1"
								}
							},
							"result": {
								"item": "spawn_egg",
								"data": "query.get_actor_info_id('md:spruce_door')"
							}
						},
						"key": "result",
						"is_minified": true,
						"children": {
							"item": "spawn_egg",
							"data": "query.get_actor_info_id('md:spruce_door')"
						}
					}
				]
			}
		]
	}
}