{
	"file_path": "C:\\Users\\user\\AppData\\Local\\Packages\\Microsoft.MinecraftUWP_8wekyb3d8bbwe\\LocalState\\games\\com.mojang\\development_behavior_packs\\MALISIS DOOR V.3 BETA BP\\recipes\\warped_door2x2.json",
	"file_type": "recipe",
	"format_version": 1,
	"file_uuid": "80c5cb34_9e39_44de_b691_d4be755d14e3",
	"file_version": 13,
	"cache_content": {
		"children": [
			{
				"open": {
					"minecraft:recipe_shaped": {
						"description": {
							"identifier": "md:warped_door_2x2"
						},
						"tags": [
							"crafting_table"
						],
						"pattern": [
							"###",
							"###"
						],
						"key": {
							"#": {
								"item": "minecraft:warped_planks"
							}
						},
						"result": {
							"item": "spawn_egg",
							"data": "query.get_actor_info_id('md:warped_door_2x2')"
						}
					},
					"format_version": "1.13.0"
				},
				"key": "minecraft:recipe_shaped",
				"children": [
					{
						"open": {
							"description": {
								"identifier": "md:warped_door_2x2"
							},
							"tags": [
								"crafting_table"
							],
							"pattern": [
								"###",
								"###"
							],
							"key": {
								"#": {
									"item": "minecraft:warped_planks"
								}
							},
							"result": {
								"item": "spawn_egg",
								"data": "query.get_actor_info_id('md:warped_door_2x2')"
							}
						},
						"key": "description",
						"is_minified": true,
						"children": {
							"identifier": "md:warped_door_2x2"
						}
					},
					{
						"open": {
							"description": {
								"identifier": "md:warped_door_2x2"
							},
							"tags": [
								"crafting_table"
							],
							"pattern": [
								"###",
								"###"
							],
							"key": {
								"#": {
									"item": "minecraft:warped_planks"
								}
							},
							"result": {
								"item": "spawn_egg",
								"data": "query.get_actor_info_id('md:warped_door_2x2')"
							}
						},
						"key": "tags",
						"is_minified": true,
						"children": [
							"crafting_table"
						]
					},
					{
						"open": {
							"description": {
								"identifier": "md:warped_door_2x2"
							},
							"tags": [
								"crafting_table"
							],
							"pattern": [
								"###",
								"###"
							],
							"key": {
								"#": {
									"item": "minecraft:warped_planks"
								}
							},
							"result": {
								"item": "spawn_egg",
								"data": "query.get_actor_info_id('md:warped_door_2x2')"
							}
						},
						"key": "pattern",
						"is_minified": true,
						"children": [
							"###",
							"###"
						]
					},
					{
						"open": {
							"description": {
								"identifier": "md:warped_door_2x2"
							},
							"tags": [
								"crafting_table"
							],
							"pattern": [
								"###",
								"###"
							],
							"key": {
								"#": {
									"item": "minecraft:warped_planks"
								}
							},
							"result": {
								"item": "spawn_egg",
								"data": "query.get_actor_info_id('md:warped_door_2x2')"
							}
						},
						"key": "key",
						"children": [
							{
								"open": {
									"#": {
										"item": "minecraft:warped_planks"
									}
								},
								"key": "#",
								"is_minified": true,
								"children": {
									"item": "minecraft:warped_planks"
								}
							}
						]
					},
					{
						"open": {
							"description": {
								"identifier": "md:warped_door_2x2"
							},
							"tags": [
								"crafting_table"
							],
							"pattern": [
								"###",
								"###"
							],
							"key": {
								"#": {
									"item": "minecraft:warped_planks"
								}
							},
							"result": {
								"item": "spawn_egg",
								"data": "query.get_actor_info_id('md:warped_door_2x2')"
							}
						},
						"key": "result",
						"is_minified": true,
						"children": {
							"item": "spawn_egg",
							"data": "query.get_actor_info_id('md:warped_door_2x2')"
						}
					}
				]
			},
			{
				"data": "1.13.0",
				"key": "format_version"
			}
		]
	}
}