{"format_version":"1.8.0","minecraft:entity":{"description":{"identifier":"yg:blue_cut_out","is_spawnable":true,"is_summonable":true,"is_experimental":false},"component_groups":{},"components":{"minecraft:health":{"value":2,"max":2},"minecraft:type_family":{"family":["inanemate"]},"minecraft:physics":{},"minecraft:scale":{"value":1},"minecraft:collision_box":{"height":1.8,"width":0.6},"minecraft:knockback_resistance":{"value":0.9,"max":0.9},"minecraft:fire_immune":true,"minecraft:fall_damage":{"value":0}},"events":{}}}