[
  {
    "flipbook_texture": "textures/blocks/diamond_ore",
    "atlas_tile": "diamond_ore",
    "ticks_per_frame": 20,
	"frames": [ 0, 1, 2, 1 ]
  },
  {
    "flipbook_texture": "textures/blocks/iron_ore",
    "atlas_tile": "iron_ore",
    "ticks_per_frame": 20,
	"frames": [ 0, 1 ]
  },
  {
    "flipbook_texture": "textures/blocks/emerald_ore",
    "atlas_tile": "emerald_ore",
    "ticks_per_frame": 20,
	"frames": [ 0, 1, 2, 1 ]
  },
  {
    "flipbook_texture": "textures/blocks/gold_ore",
    "atlas_tile": "gold_ore",
    "ticks_per_frame": 20,
	"frames": [ 0, 1, 2, 1 ]
  },
  {
    "flipbook_texture": "textures/blocks/coal_ore",
    "atlas_tile": "coal_ore",
    "ticks_per_frame": 20,
	"frames": [ 0, 1, 2, 1 ]
  },
  {
    "flipbook_texture": "textures/blocks/redstone_ore",
    "atlas_tile": "redstone_ore",
    "ticks_per_frame": 20,
	"frames": [ 0, 1, 2, 1 ]
  },
  {
    "flipbook_texture": "textures/blocks/gravel",
    "atlas_tile": "gravel",
    "ticks_per_frame": 20,
	"frames": [ 0, 1, 2, 1 ]
  }
]
    