{
  "format_version": "1.10.0",
  "minecraft:attachable": {
    "description": {
      "identifier": "ic:gummy_flashlight",
      "materials": {
        "default": "entity_beam_additive",
        "enchanted": "entity_alphatest_glint"
      },
      "textures": {
        "default": "textures/entity/items/ic_gummy_flashlight"
      },
      "geometry": {
        "default": "geometry.ic_gummy_flashlight"
      },
      "animations": {
        "wield": "animation.item.wield_3", 
        "pickup": "animation.item.pickup",
        "close": "animation.ic_lighter.close",
        "open": "animation.ic_lighter.open",
        "flashlight": "controller.animation.ic_gummy_flashlight"
      },
      "scripts": {
        "animate": [
          "wield", 
          "pickup",
          "flashlight" 
        ]
      }, 
      "render_controllers": [ 
          "controller.render.item_default"
        ]
    }
  }
}
