{
	"format_version": "1.8.0",
	"animations": {
		"animation.amanda.jumpscare": {
			"animation_length": 1.5,
			"bones": {
				"body": {
					"rotation": [30, 0, 0]
				},
				"head": {
					"rotation": {
						"0.0": {
							"post": [0, 0, 0],
							"lerp_mode": "catmullrom"
						},
						"0.5": {
							"post": [-37.5, 0, -37.5],
							"lerp_mode": "catmullrom"
						},
						"1.0": {
							"post": [27.5, 0, 55],
							"lerp_mode": "catmullrom"
						},
						"1.5": {
							"post": [0, 0, -70],
							"lerp_mode": "catmullrom"
						}
					}
				},
				"bone2": {
					"rotation": {
						"0.0": {
							"post": [0, 0, 0],
							"lerp_mode": "catmullrom"
						},
						"0.5": {
							"post": [50, 0, 0],
							"lerp_mode": "catmullrom"
						},
						"1.0": {
							"post": [22.5, 0, 0],
							"lerp_mode": "catmullrom"
						},
						"1.5": {
							"post": [2.5, 0, 0],
							"lerp_mode": "catmullrom"
						},
						"2.0": {
							"post": [0, 0, 0],
							"lerp_mode": "catmullrom"
						}
					}
				},
				"arm": {
					"rotation": [-71.87243, -8.35115, -5.8684],
					"position": [0, -10, -5]
				},
				"bone3": {
					"rotation": [31.86607, -80.74054, 102.63084]
				},
				"bone4": {
					"rotation": [-42.5, 0, 0]
				},
				"arm2": {
					"rotation": [-76.77399, 2.93544, 6.01895],
					"position": [0, -10, -6]
				},
				"bone9": {
					"rotation": [-52.93098, 82.37254, -178.6966]
				},
				"bone10": {
					"rotation": [-35.1027, 4.09405, -2.87277]
				}
			},
			"sound_effects": {
				"0.0": {
					"effect": "jumpscare"
				}
			}
		}
	}
}