{
  "format_version": "1.12.0",
  "minecraft:geometry": [
    {
      "description": {
        "identifier": "geometry.yg_miniopila",
        "texture_width": 64,
        "texture_height": 64,
        "visible_bounds_width": 3,
        "visible_bounds_height": 3.5,
        "visible_bounds_offset": [
          0,
          1.25,
          0
        ]
      },
      "bones": [
        {
          "name": "Root",
          "pivot": [
            0,
            0,
            -3
          ]
        },
        {
          "name": "Body",
          "pivot": [
            0,
            7.658,
            1.10131
          ],
          "cubes": [
            {
              "origin": [
                -4.0,
                7.0,
                -4.0
              ],
              "size": [
                8.0,
                8.0,
                10.0
              ],
              "uv": [
                0,
                0
              ],
              "inflate": 0
            },
            {
              "origin": [
                -3.0,
                7.62783,
                4.1107
              ],
              "size": [
                6.0,
                6.0,
                4.0
              ],
              "pivot": [
                0.0,
                10.62783,
                6.1107
              ],
              "rotation": [
                -20.0,
                0.0,
                0.0
              ],
              "uv": [
                26,
                0
              ],
              "inflate": 0
            },
            {
              "origin": [
                0.0,
                9.26572,
                6.83557
              ],
              "size": [
                0.0,
                1.0,
                4.0
              ],
              "pivot": [
                0.0,
                9.76572,
                8.83557
              ],
              "rotation": [
                -20.0,
                0.0,
                0.0
              ],
              "uv": [
                0,
                19
              ],
              "inflate": 0
            },
            {
              "origin": [
                0.0,
                8.52845,
                6.51116
              ],
              "size": [
                0.0,
                1.0,
                4.0
              ],
              "pivot": [
                0.0,
                9.02845,
                8.51116
              ],
              "rotation": [
                -67.5,
                0.0,
                0.0
              ],
              "uv": [
                0,
                5
              ],
              "inflate": 0
            },
            {
              "origin": [
                0.0,
                9.97283,
                6.54268
              ],
              "size": [
                0.0,
                1.0,
                4.0
              ],
              "pivot": [
                0.0,
                10.47283,
                8.54268
              ],
              "rotation": [
                25.0,
                0.0,
                0.0
              ],
              "uv": [
                0,
                4
              ],
              "inflate": 0
            },
            {
              "origin": [
                -2.5,
                9.0,
                -5.5
              ],
              "size": [
                5.0,
                8.0,
                5.0
              ],
              "pivot": [
                0.0,
                16.5,
                -3.0
              ],
              "rotation": [
                10.0,
                0.0,
                0.0
              ],
              "uv": [
                27,
                29
              ],
              "inflate": 0
            }
          ],
          "parent": "Root"
        },
        {
          "name": "Head",
          "pivot": [
            0,
            16,
            -3
          ],
          "cubes": [
            {
              "origin": [
                -4.0,
                16.0,
                -7.0
              ],
              "size": [
                8.0,
                8.0,
                8.0
              ],
              "uv": [
                0,
                18
              ],
              "inflate": 0
            },
            {
              "origin": [
                -0.5,
                24.0,
                -3.0
              ],
              "size": [
                1.0,
                4.0,
                0.0
              ],
              "pivot": [
                0.0,
                24.0,
                -3.0
              ],
              "rotation": [
                -25.0,
                0.0,
                0.0
              ],
              "uv": [
                24,
                18
              ],
              "inflate": 0
            },
            {
              "origin": [
                -0.5,
                23.0,
                -3.0
              ],
              "size": [
                1.0,
                5.0,
                0.0
              ],
              "pivot": [
                0.0,
                24.0,
                -3.0
              ],
              "rotation": [
                -20.30179,
                -14.90835,
                -34.81608
              ],
              "uv": [
                8,
                5
              ],
              "inflate": 0
            },
            {
              "origin": [
                -0.5,
                23.0,
                -3.0
              ],
              "size": [
                1.0,
                5.0,
                0.0
              ],
              "pivot": [
                0.0,
                24.0,
                -3.0
              ],
              "rotation": [
                -20.30179,
                14.90835,
                34.81608
              ],
              "uv": [
                8,
                0
              ],
              "inflate": 0
            },
            {
              "origin": [
                -2.0,
                18.0,
                -11.0
              ],
              "size": [
                4.0,
                2.0,
                4.0
              ],
              "uv": [
                32,
                23
              ],
              "inflate": 0
            },
            {
              "origin": [
                -1.5,
                17.0,
                -10.0
              ],
              "size": [
                3.0,
                1.0,
                3.0
              ],
              "uv": [
                15,
                34
              ],
              "inflate": 0
            }
          ],
          "parent": "Body"
        },
        {
          "name": "Wing",
          "pivot": [
            -4,
            11.5,
            -1.75
          ],
          "cubes": [
            {
              "origin": [
                -6.0,
                9.0,
                -2.0
              ],
              "size": [
                2.0,
                5.0,
                5.0
              ],
              "uv": [
                31,
                13
              ],
              "inflate": 0
            },
            {
              "origin": [
                -6.0,
                10.0,
                3.0
              ],
              "size": [
                2.0,
                3.0,
                2.0
              ],
              "uv": [
                0,
                18
              ],
              "inflate": 0
            }
          ],
          "parent": "Body"
        },
        {
          "name": "Wing2",
          "pivot": [
            4,
            11.5,
            -1.75
          ],
          "cubes": [
            {
              "origin": [
                4.0,
                9.0,
                -2.0
              ],
              "size": [
                2.0,
                5.0,
                5.0
              ],
              "uv": [
                31,
                13
              ],
              "inflate": 0,
              "mirror": true
            },
            {
              "origin": [
                4.0,
                10.0,
                3.0
              ],
              "size": [
                2.0,
                3.0,
                2.0
              ],
              "uv": [
                0,
                18
              ],
              "inflate": 0,
              "mirror": true
            }
          ],
          "parent": "Body"
        },
        {
          "name": "Rightleg",
          "pivot": [
            -2,
            7.2,
            1
          ],
          "cubes": [
            {
              "origin": [
                -3.0,
                1.0,
                0.0
              ],
              "size": [
                2.0,
                6.0,
                2.0
              ],
              "uv": [
                0,
                0
              ],
              "inflate": 0
            },
            {
              "origin": [
                -3.16,
                -0.08,
                -0.16
              ],
              "size": [
                2.32,
                1.16,
                2.32
              ],
              "uv": [
                36,
                10
              ],
              "inflate": 0
            },
            {
              "origin": [
                -2.5,
                0.0,
                -3.0
              ],
              "size": [
                1.0,
                1.0,
                6.0
              ],
              "uv": [
                0,
                34
              ],
              "inflate": 0
            },
            {
              "origin": [
                -2.5,
                0.0,
                -3.0
              ],
              "size": [
                1.0,
                1.0,
                5.0
              ],
              "pivot": [
                -2.0,
                0.5,
                1.0
              ],
              "rotation": [
                0.0,
                32.5,
                0.0
              ],
              "uv": [
                8,
                34
              ],
              "inflate": 0
            },
            {
              "origin": [
                -2.5,
                0.0,
                -3.0
              ],
              "size": [
                1.0,
                1.0,
                5.0
              ],
              "pivot": [
                -2.0,
                0.5,
                1.0
              ],
              "rotation": [
                0.0,
                -32.5,
                0.0
              ],
              "uv": [
                24,
                18
              ],
              "inflate": 0
            }
          ],
          "parent": "Root"
        },
        {
          "name": "Leftleg",
          "pivot": [
            2,
            7.2,
            1
          ],
          "cubes": [
            {
              "origin": [
                1.0,
                1.0,
                0.0
              ],
              "size": [
                2.0,
                6.0,
                2.0
              ],
              "uv": [
                0,
                0
              ],
              "inflate": 0,
              "mirror": true
            },
            {
              "origin": [
                0.84,
                -0.08,
                -0.16
              ],
              "size": [
                2.32,
                1.16,
                2.32
              ],
              "uv": [
                36,
                10
              ],
              "inflate": 0,
              "mirror": true
            },
            {
              "origin": [
                1.5,
                0.0,
                -3.0
              ],
              "size": [
                1.0,
                1.0,
                6.0
              ],
              "uv": [
                0,
                34
              ],
              "inflate": 0,
              "mirror": true
            },
            {
              "origin": [
                1.5,
                0.0,
                -3.0
              ],
              "size": [
                1.0,
                1.0,
                5.0
              ],
              "pivot": [
                2.0,
                0.5,
                1.0
              ],
              "rotation": [
                0.0,
                -32.5,
                0.0
              ],
              "uv": [
                8,
                34
              ],
              "inflate": 0,
              "mirror": true
            },
            {
              "origin": [
                1.5,
                0.0,
                -3.0
              ],
              "size": [
                1.0,
                1.0,
                5.0
              ],
              "pivot": [
                2.0,
                0.5,
                1.0
              ],
              "rotation": [
                0.0,
                32.5,
                0.0
              ],
              "uv": [
                24,
                18
              ],
              "inflate": 0,
              "mirror": true
            }
          ],
          "parent": "Root"
        }
      ]
    }
  ]
}