{"format_version":"1.8.0","minecraft:entity":{"description":{"identifier":"yg:amanda_monster","is_spawnable":true,"is_summonable":true,"is_experimental":false,"scripts":{"animate":["jumpscare"]},"animations":{"jumpscare":"controller.animation.amanda_jumpscare"}},"component_groups":{"minecraft:do_jumpscare":{"minecraft:is_sheared":{},"minecraft:movement":{"value":0},"minecraft:timer":{"time":1.4,"time_down_event":{"event":"minecraft:jumpscare_unactive"}}},"minecraft:restart":{"minecraft:behavior.melee_attack":{"on_attack":{"event":"minecraft:jumpscare_active","filters":{"all_of":[{"operator":"equals","subject":"target","test":"is_family","value":"player"},{"operator":"not","subject":"self","test":"has_component","value":"minecraft:is_sheared"}]},"target":"self"},"priority":3,"speed_multiplier":1.28,"track_target":true},"minecraft:behavior.nearest_attackable_target":{"entity_types":[{"filters":{"any_of":[{"subject":"other","test":"is_family","value":"illager"},{"subject":"other","test":"is_family","value":"snowgolem"},{"subject":"other","test":"is_family","value":"irongolem"},{"subject":"other","test":"is_family","value":"vex"},{"subject":"other","test":"is_family","value":"doors_creature"}]},"max_dist":100},{"filters":{"any_of":[{"subject":"other","test":"is_family","value":"villager"},{"subject":"other","test":"is_family","value":"wandering_trader"},{"subject":"other","test":"is_family","value":"player"},{"subject":"other","test":"is_family","value":"wooly"}]},"max_dist":35,"must_see":false},{"filters":{"all_of":[{"subject":"other","test":"is_family","value":"baby_turtle"},{"operator":"!=","subject":"other","test":"in_water","value":true}]},"max_dist":35}],"must_see":true,"must_see_forget_duration":17,"priority":2,"reselect_targets":true,"within_radius":25},"minecraft:movement":{"value":0.25},"minecraft:rideable":{"rider_can_interact":false,"seat_count":1,"seats":[{"lock_rider_rotation":1,"position":[0,1.7,1.5],"rotate_rider_by":180}]}}},"components":{"minecraft:is_hidden_when_invisible":{},"minecraft:nameable":{},"minecraft:type_family":{"family":["monsters","mob","undead","amanda"]},"minecraft:collision_box":{"width":0.8,"height":2.1},"minecraft:movement.basic":{},"minecraft:navigation.walk":{"avoid_damage_blocks":true,"is_amphibious":true,"can_pass_doors":true,"can_break_doors":true,"can_open_doors":true,"can_open_iron_doors":false,"can_walk":true,"can_path_over_water":true,"avoid_water":false},"minecraft:movement":{"value":0.25},"minecraft:scale":{"value":1},"minecraft:jump.static":{},"minecraft:can_climb":{},"minecraft:attack":{"damage":10},"minecraft:health":{"value":3000,"max":3000},"minecraft:follow_range":{"value":30,"max":30},"minecraft:leashable":{"soft_distance":4,"hard_distance":6,"max_distance":10,"can_be_stolen":true},"minecraft:loot":{"table":"loot_tables/entities/null.json"},"minecraft:behavior.nearest_attackable_target":{"priority":2,"must_see":true,"reselect_targets":true,"within_radius":25,"must_see_forget_duration":17,"entity_types":[{"filters":{"any_of":[{"test":"is_family","subject":"other","value":"illager"},{"test":"is_family","subject":"other","value":"snowgolem"},{"test":"is_family","subject":"other","value":"irongolem"},{"test":"is_family","subject":"other","value":"vex"},{"test":"is_family","subject":"other","value":"doors_creature"}]},"max_dist":100},{"filters":{"any_of":[{"test":"is_family","subject":"other","value":"villager"},{"test":"is_family","subject":"other","value":"player"},{"test":"is_family","subject":"other","value":"wandering_trader"},{"test":"is_family","subject":"other","value":"wooly"}]},"max_dist":40,"must_see":false},{"filters":{"all_of":[{"test":"is_family","subject":"other","value":"baby_turtle"},{"test":"in_water","subject":"other","operator":"!=","value":true}]},"max_dist":3}]},"minecraft:behavior.melee_attack":{"priority":3,"track_target":true,"speed_multiplier":1.28,"on_attack":{"event":"minecraft:jumpscare_active","filters":{"all_of":[{"operator":"equals","subject":"target","test":"is_family","value":"player"},{"operator":"equals","subject":"target","test":"is_family","value":"mob"},{"operator":"equals","subject":"target","test":"is_family","value":"monster"},{"operator":"equals","subject":"target","test":"is_family","value":"illager"},{"operator":"equals","subject":"target","test":"is_family","value":"vex"},{"operator":"equals","subject":"target","test":"is_family","value":"ravager"},{"operator":"equals","subject":"target","test":"is_family","value":"doors_creature"},{"operator":"not","subject":"self","test":"has_component","value":"minecraft:is_sheared"}]},"target":"self"}},"minecraft:behavior.random_stroll":{"priority":7,"speed_multiplier":1},"minecraft:behavior.look_at_player":{"priority":8,"look_distance":6,"probability":0.02},"minecraft:behavior.random_look_around":{"priority":9},"minecraft:behavior.hurt_by_target":{"priority":1},"minecraft:knockback_resistance":{"value":0.8},"minecraft:physics":{},"minecraft:pushable":{"is_pushable":true,"is_pushable_by_piston":true},"minecraft:annotation.open_door":{},"minecraft:behavior.move_indoors":{"priority":4,"speed_multiplier":0.8},"minecraft:behavior.restrict_open_door":{"priority":5},"minecraft:behavior.open_door":{"priority":6,"close_door_after":true},"minecraft:behavior.float":{"priority":1},"minecraft:rideable":{"rider_can_interact":false,"seat_count":1,"seats":[{"lock_rider_rotation":1,"position":[0,1.7,1.5],"rotate_rider_by":180}]}},"events":{"minecraft:jumpscare_active":{"add":{"component_groups":["minecraft:do_jumpscare"]},"run_command":{"command":["gamerule sendcommandfeedback false","effect @p[r=2] slowness 2 4 true","effect @p[r=2] weakness 15 255 true","effect @p[r=2] blindness 2 255 true","effect @p[r=2] nausea 3 255 true","camerashake add @p[r=2] 0.05 3 rotational","tag @e add amanda_jumpscare","tag @p add amanda_jumpscare","tag @e [family=amanda,r=5] remove amanda_jumpscare"]}},"minecraft:jumpscare_unactive":{"add":{"component_groups":["minecraft:restart"]},"remove":{"component_groups":["minecraft:do_jumpscare"]},"run_command":{"command":["gamerule sendcommandfeedback true","kill @e [tag=amanda_jumpscare,r=3]","ride @e evict_riders"]}}}}}