{"format_version":"1.8.0","minecraft:entity":{"description":{"identifier":"yg:wooly","is_spawnable":true,"is_summonable":true,"is_experimental":false},"component_groups":{},"components":{"minecraft:is_hidden_when_invisible":{},"minecraft:nameable":{},"minecraft:type_family":{"family":["mob","wooly"]},"minecraft:collision_box":{"width":0.6,"height":1.6},"minecraft:movement.basic":{},"minecraft:navigation.walk":{"avoid_damage_blocks":true,"is_amphibious":true,"can_pass_doors":true,"can_break_doors":true,"can_open_doors":true,"can_open_iron_doors":true,"can_walk":true},"minecraft:movement":{"value":0.25},"minecraft:scale":{"value":1},"minecraft:jump.static":{},"minecraft:can_climb":{},"minecraft:health":{"value":25,"max":25},"minecraft:follow_range":{"value":30,"max":30},"minecraft:leashable":{"soft_distance":4,"hard_distance":6,"max_distance":10,"can_be_stolen":true},"minecraft:loot":{"table":"loot_tables/entities/sheep.json"},"minecraft:behavior.random_stroll":{"priority":7,"speed_multiplier":1},"minecraft:behavior.look_at_player":{"priority":8,"look_distance":6,"probability":0.02},"minecraft:behavior.random_look_around":{"priority":9},"minecraft:behavior.hurt_by_target":{"priority":1},"minecraft:knockback_resistance":{"value":0.2},"minecraft:physics":{},"minecraft:pushable":{"is_pushable":true,"is_pushable_by_piston":true},"minecraft:annotation.open_door":{},"minecraft:behavior.move_indoors":{"priority":4,"speed_multiplier":0.8},"minecraft:behavior.restrict_open_door":{"priority":5},"minecraft:behavior.open_door":{"priority":6,"close_door_after":true},"minecraft:behavior.avoid_mob_type":{"priority":1,"entity_types":[{"filters":{"any_of":[{"test":"is_family","subject":"other","value":"monster"},{"test":"is_family","subject":"other","value":"illager"},{"test":"is_family","subject":"other","value":"mr_butcher"},{"test":"is_family","subject":"other","value":"amanda_monster"}]},"max_dist":64,"walk_speed_multiplier":1.25,"sprint_speed_multiplier":1.26,"must_see":false,"must_see_forget_duration":20},{"filters":{"all_of":[{"test":"is_family","subject":"other","value":"tnt"}]},"max_dist":20,"walk_speed_multiplier":1.1,"sprint_speed_multiplier":1.1}],"max_dist":64,"max_flee":64},"minecraft:behavior.panic":{"priority":1,"speed_multiplier":1.25}},"events":{}}}