{
	"format_version": "1.8.0",
	"animations": {
		"animation.drone.idle": {
			"loop": true,
			"animation_length": 17.54167,
			"bones": {
				"drone": {
					"rotation": {
						"0.0": {
							"post": [
								0,
								0,
								0
							],
							"lerp_mode": "catmullrom"
						},
						"1.5": {
							"post": [
								0,
								0,
								2.5
							],
							"lerp_mode": "catmullrom"
						},
						"2.7917": {
							"post": [
								0,
								0,
								2.5
							],
							"lerp_mode": "catmullrom"
						},
						"5.0": {
							"post": [
								0,
								0,
								0
							],
							"lerp_mode": "catmullrom"
						},
						"7.5417": {
							"post": [
								0,
								0,
								2.5
							],
							"lerp_mode": "catmullrom"
						},
						"9.75": {
							"post": [
								0,
								0,
								0
							],
							"lerp_mode": "catmullrom"
						},
						"11.375": {
							"post": [
								0,
								0,
								2.5
							],
							"lerp_mode": "catmullrom"
						},
						"14.25": {
							"post": [
								0,
								0,
								0
							],
							"lerp_mode": "catmullrom"
						},
						"16.125": {
							"post": [
								0,
								0,
								0
							],
							"lerp_mode": "catmullrom"
						},
						"17.5417": {
							"post": [
								0,
								0,
								0
							],
							"lerp_mode": "catmullrom"
						}
					},
					"position": {
						"0.0": {
							"post": [
								0,
								0,
								0
							],
							"lerp_mode": "catmullrom"
						},
						"1.5": {
							"post": [
								0,
								0,
								0
							],
							"lerp_mode": "catmullrom"
						},
						"3.8333": {
							"post": [
								0,
								4,
								0
							],
							"lerp_mode": "catmullrom"
						},
						"5.625": {
							"post": [
								0,
								5,
								0
							],
							"lerp_mode": "catmullrom"
						},
						"8.5833": {
							"post": [
								0,
								4,
								0
							],
							"lerp_mode": "catmullrom"
						},
						"10.375": {
							"post": [
								0,
								5,
								0
							],
							"lerp_mode": "catmullrom"
						},
						"12.4167": {
							"post": [
								0,
								4,
								0
							],
							"lerp_mode": "catmullrom"
						},
						"14.875": {
							"post": [
								0,
								5,
								0
							],
							"lerp_mode": "catmullrom"
						},
						"16.125": {
							"post": [
								0,
								1,
								0
							],
							"lerp_mode": "catmullrom"
						},
						"17.5417": {
							"post": [
								0,
								0,
								0
							],
							"lerp_mode": "catmullrom"
						}
					}
				},
				"vane": {
					"rotation": {
						"0.0": {
							"post": [
								0,
								0,
								0
							],
							"lerp_mode": "catmullrom"
						},
						"0.625": {
							"post": [
								0,
								-135,
								0
							],
							"lerp_mode": "catmullrom"
						},
						"1.2917": {
							"post": [
								0,
								-315,
								0
							],
							"lerp_mode": "catmullrom"
						},
						"2.0833": {
							"post": [
								0,
								-495,
								0
							],
							"lerp_mode": "catmullrom"
						},
						"2.8333": {
							"post": [
								0,
								-675,
								0
							],
							"lerp_mode": "catmullrom"
						},
						"3.6667": {
							"post": [
								0,
								-855,
								0
							],
							"lerp_mode": "catmullrom"
						},
						"4.3333": {
							"post": [
								0,
								-1035,
								0
							],
							"lerp_mode": "catmullrom"
						},
						"5.0417": {
							"post": [
								0,
								-1215,
								0
							],
							"lerp_mode": "catmullrom"
						},
						"5.8333": {
							"post": [
								0,
								-1395,
								0
							],
							"lerp_mode": "catmullrom"
						},
						"6.5": {
							"post": [
								0,
								-1575,
								0
							],
							"lerp_mode": "catmullrom"
						},
						"7.0833": {
							"post": [
								0,
								-1755,
								0
							],
							"lerp_mode": "catmullrom"
						},
						"7.75": {
							"post": [
								0,
								-1935,
								0
							],
							"lerp_mode": "catmullrom"
						},
						"8.4167": {
							"post": [
								0,
								-2115,
								0
							],
							"lerp_mode": "catmullrom"
						},
						"9.0833": {
							"post": [
								0,
								-2295,
								0
							],
							"lerp_mode": "catmullrom"
						},
						"9.625": {
							"post": [
								0,
								-2475,
								0
							],
							"lerp_mode": "catmullrom"
						},
						"10.3333": {
							"post": [
								0,
								-2655,
								0
							],
							"lerp_mode": "catmullrom"
						},
						"11.0417": {
							"post": [
								0,
								-2835,
								0
							],
							"lerp_mode": "catmullrom"
						},
						"11.625": {
							"post": [
								0,
								-3015,
								0
							],
							"lerp_mode": "catmullrom"
						},
						"12.25": {
							"post": [
								0,
								-3195,
								0
							],
							"lerp_mode": "catmullrom"
						},
						"12.8333": {
							"post": [
								0,
								-3375,
								0
							],
							"lerp_mode": "catmullrom"
						},
						"13.4167": {
							"post": [
								0,
								-3555,
								0
							],
							"lerp_mode": "catmullrom"
						},
						"14.3333": {
							"post": [
								0,
								-3735,
								0
							],
							"lerp_mode": "catmullrom"
						},
						"14.875": {
							"post": [
								0,
								-3915,
								0
							],
							"lerp_mode": "catmullrom"
						},
						"15.4583": {
							"post": [
								0,
								-4095,
								0
							],
							"lerp_mode": "catmullrom"
						},
						"16.0": {
							"post": [
								0,
								-4275,
								0
							],
							"lerp_mode": "catmullrom"
						},
						"16.5417": {
							"post": [
								0,
								-4455,
								0
							],
							"lerp_mode": "catmullrom"
						},
						"16.9583": {
							"post": [
								0,
								-4635,
								0
							],
							"lerp_mode": "catmullrom"
						},
						"17.4583": [
							0,
							-4860,
							0
						]
					}
				},
				"vane2": {
					"rotation": {
						"0.0": {
							"post": [
								0,
								0,
								0
							],
							"lerp_mode": "catmullrom"
						},
						"0.625": {
							"post": [
								0,
								-135,
								0
							],
							"lerp_mode": "catmullrom"
						},
						"1.2917": {
							"post": [
								0,
								-315,
								0
							],
							"lerp_mode": "catmullrom"
						},
						"2.0833": {
							"post": [
								0,
								-495,
								0
							],
							"lerp_mode": "catmullrom"
						},
						"2.8333": {
							"post": [
								0,
								-675,
								0
							],
							"lerp_mode": "catmullrom"
						},
						"3.6667": {
							"post": [
								0,
								-855,
								0
							],
							"lerp_mode": "catmullrom"
						},
						"4.3333": {
							"post": [
								0,
								-1035,
								0
							],
							"lerp_mode": "catmullrom"
						},
						"5.0417": {
							"post": [
								0,
								-1215,
								0
							],
							"lerp_mode": "catmullrom"
						},
						"5.8333": {
							"post": [
								0,
								-1395,
								0
							],
							"lerp_mode": "catmullrom"
						},
						"6.5": {
							"post": [
								0,
								-1575,
								0
							],
							"lerp_mode": "catmullrom"
						},
						"7.0833": {
							"post": [
								0,
								-1755,
								0
							],
							"lerp_mode": "catmullrom"
						},
						"7.75": {
							"post": [
								0,
								-1935,
								0
							],
							"lerp_mode": "catmullrom"
						},
						"8.4167": {
							"post": [
								0,
								-2115,
								0
							],
							"lerp_mode": "catmullrom"
						},
						"9.0833": {
							"post": [
								0,
								-2295,
								0
							],
							"lerp_mode": "catmullrom"
						},
						"9.625": {
							"post": [
								0,
								-2475,
								0
							],
							"lerp_mode": "catmullrom"
						},
						"10.3333": {
							"post": [
								0,
								-2655,
								0
							],
							"lerp_mode": "catmullrom"
						},
						"11.0417": {
							"post": [
								0,
								-2835,
								0
							],
							"lerp_mode": "catmullrom"
						},
						"11.625": {
							"post": [
								0,
								-3015,
								0
							],
							"lerp_mode": "catmullrom"
						},
						"12.25": {
							"post": [
								0,
								-3195,
								0
							],
							"lerp_mode": "catmullrom"
						},
						"12.8333": {
							"post": [
								0,
								-3375,
								0
							],
							"lerp_mode": "catmullrom"
						},
						"13.4167": {
							"post": [
								0,
								-3555,
								0
							],
							"lerp_mode": "catmullrom"
						},
						"14.3333": {
							"post": [
								0,
								-3735,
								0
							],
							"lerp_mode": "catmullrom"
						},
						"14.875": {
							"post": [
								0,
								-3915,
								0
							],
							"lerp_mode": "catmullrom"
						},
						"15.4583": {
							"post": [
								0,
								-4095,
								0
							],
							"lerp_mode": "catmullrom"
						},
						"16.0": {
							"post": [
								0,
								-4275,
								0
							],
							"lerp_mode": "catmullrom"
						},
						"16.5417": {
							"post": [
								0,
								-4455,
								0
							],
							"lerp_mode": "catmullrom"
						},
						"16.875": {
							"post": [
								0,
								-4635,
								0
							],
							"lerp_mode": "catmullrom"
						},
						"17.4583": [
							0,
							-4860,
							0
						]
					}
				},
				"vane3": {
					"rotation": {
						"0.0": {
							"post": [
								0,
								0,
								0
							],
							"lerp_mode": "catmullrom"
						},
						"0.625": {
							"post": [
								0,
								-135,
								0
							],
							"lerp_mode": "catmullrom"
						},
						"1.2917": {
							"post": [
								0,
								-315,
								0
							],
							"lerp_mode": "catmullrom"
						},
						"2.0833": {
							"post": [
								0,
								-495,
								0
							],
							"lerp_mode": "catmullrom"
						},
						"2.8333": {
							"post": [
								0,
								-675,
								0
							],
							"lerp_mode": "catmullrom"
						},
						"3.6667": {
							"post": [
								0,
								-855,
								0
							],
							"lerp_mode": "catmullrom"
						},
						"4.3333": {
							"post": [
								0,
								-1035,
								0
							],
							"lerp_mode": "catmullrom"
						},
						"5.0417": {
							"post": [
								0,
								-1215,
								0
							],
							"lerp_mode": "catmullrom"
						},
						"5.8333": {
							"post": [
								0,
								-1395,
								0
							],
							"lerp_mode": "catmullrom"
						},
						"6.5": {
							"post": [
								0,
								-1575,
								0
							],
							"lerp_mode": "catmullrom"
						},
						"7.0833": {
							"post": [
								0,
								-1755,
								0
							],
							"lerp_mode": "catmullrom"
						},
						"7.75": {
							"post": [
								0,
								-1935,
								0
							],
							"lerp_mode": "catmullrom"
						},
						"8.4167": {
							"post": [
								0,
								-2115,
								0
							],
							"lerp_mode": "catmullrom"
						},
						"9.0833": {
							"post": [
								0,
								-2295,
								0
							],
							"lerp_mode": "catmullrom"
						},
						"9.625": {
							"post": [
								0,
								-2475,
								0
							],
							"lerp_mode": "catmullrom"
						},
						"10.3333": {
							"post": [
								0,
								-2655,
								0
							],
							"lerp_mode": "catmullrom"
						},
						"11.0417": {
							"post": [
								0,
								-2835,
								0
							],
							"lerp_mode": "catmullrom"
						},
						"11.625": {
							"post": [
								0,
								-3015,
								0
							],
							"lerp_mode": "catmullrom"
						},
						"12.25": {
							"post": [
								0,
								-3195,
								0
							],
							"lerp_mode": "catmullrom"
						},
						"12.8333": {
							"post": [
								0,
								-3375,
								0
							],
							"lerp_mode": "catmullrom"
						},
						"13.4167": {
							"post": [
								0,
								-3555,
								0
							],
							"lerp_mode": "catmullrom"
						},
						"14.3333": {
							"post": [
								0,
								-3735,
								0
							],
							"lerp_mode": "catmullrom"
						},
						"14.875": {
							"post": [
								0,
								-3915,
								0
							],
							"lerp_mode": "catmullrom"
						},
						"15.4583": {
							"post": [
								0,
								-4095,
								0
							],
							"lerp_mode": "catmullrom"
						},
						"16.0": {
							"post": [
								0,
								-4275,
								0
							],
							"lerp_mode": "catmullrom"
						},
						"16.5417": {
							"post": [
								0,
								-4455,
								0
							],
							"lerp_mode": "catmullrom"
						},
						"16.875": {
							"post": [
								0,
								-4635,
								0
							],
							"lerp_mode": "catmullrom"
						},
						"17.4583": [
							0,
							-4860,
							0
						]
					}
				},
				"vane4": {
					"rotation": {
						"0.0": {
							"post": [
								0,
								0,
								0
							],
							"lerp_mode": "catmullrom"
						},
						"0.625": {
							"post": [
								0,
								-135,
								0
							],
							"lerp_mode": "catmullrom"
						},
						"1.2917": {
							"post": [
								0,
								-315,
								0
							],
							"lerp_mode": "catmullrom"
						},
						"2.0833": {
							"post": [
								0,
								-495,
								0
							],
							"lerp_mode": "catmullrom"
						},
						"2.8333": {
							"post": [
								0,
								-675,
								0
							],
							"lerp_mode": "catmullrom"
						},
						"3.6667": {
							"post": [
								0,
								-855,
								0
							],
							"lerp_mode": "catmullrom"
						},
						"4.3333": {
							"post": [
								0,
								-1035,
								0
							],
							"lerp_mode": "catmullrom"
						},
						"5.0417": {
							"post": [
								0,
								-1215,
								0
							],
							"lerp_mode": "catmullrom"
						},
						"5.8333": {
							"post": [
								0,
								-1395,
								0
							],
							"lerp_mode": "catmullrom"
						},
						"6.5": {
							"post": [
								0,
								-1575,
								0
							],
							"lerp_mode": "catmullrom"
						},
						"7.0833": {
							"post": [
								0,
								-1755,
								0
							],
							"lerp_mode": "catmullrom"
						},
						"7.75": {
							"post": [
								0,
								-1935,
								0
							],
							"lerp_mode": "catmullrom"
						},
						"8.4167": {
							"post": [
								0,
								-2115,
								0
							],
							"lerp_mode": "catmullrom"
						},
						"9.0833": {
							"post": [
								0,
								-2295,
								0
							],
							"lerp_mode": "catmullrom"
						},
						"9.625": {
							"post": [
								0,
								-2475,
								0
							],
							"lerp_mode": "catmullrom"
						},
						"10.3333": {
							"post": [
								0,
								-2655,
								0
							],
							"lerp_mode": "catmullrom"
						},
						"11.0417": {
							"post": [
								0,
								-2835,
								0
							],
							"lerp_mode": "catmullrom"
						},
						"11.625": {
							"post": [
								0,
								-3015,
								0
							],
							"lerp_mode": "catmullrom"
						},
						"12.25": {
							"post": [
								0,
								-3195,
								0
							],
							"lerp_mode": "catmullrom"
						},
						"12.8333": {
							"post": [
								0,
								-3375,
								0
							],
							"lerp_mode": "catmullrom"
						},
						"13.4167": {
							"post": [
								0,
								-3555,
								0
							],
							"lerp_mode": "catmullrom"
						},
						"14.3333": {
							"post": [
								0,
								-3735,
								0
							],
							"lerp_mode": "catmullrom"
						},
						"14.9167": {
							"post": [
								0,
								-3915,
								0
							],
							"lerp_mode": "catmullrom"
						},
						"15.4583": {
							"post": [
								0,
								-4095,
								0
							],
							"lerp_mode": "catmullrom"
						},
						"16.0417": {
							"post": [
								0,
								-4275,
								0
							],
							"lerp_mode": "catmullrom"
						},
						"16.5417": {
							"post": [
								0,
								-4455,
								0
							],
							"lerp_mode": "catmullrom"
						},
						"16.875": {
							"post": [
								0,
								-4635,
								0
							],
							"lerp_mode": "catmullrom"
						},
						"17.4583": [
							0,
							-4860,
							0
						]
					}
				}
			}
		}
	}
}