{
	"format_version": "1.8.0",
	"animations": {
		"animation.jumbo_josh.idle": {
			"animation_length": 20.83333,
			"bones": {
				"larm": {
					"rotation": {
						"0.0": [
							-900,
							-60,
							-1080
						],
						"11.1667": [
							-904.32055,
							-59.90568,
							-1075.00948
						],
						"11.625": [
							-856.25759,
							-48.26084,
							-1123.56911
						]
					},
					"position": {
						"6.9583": [
							10.45,
							-36.64,
							0
						],
						"10.3333": [
							11,
							-7,
							0
						],
						"11.625": [
							17.19307,
							13,
							7.65806
						]
					},
					"scale": [
						1,
						2.2,
						1
					]
				},
				"rarm": {
					"rotation": {
						"0.0": [
							-12.73916,
							59.16159,
							157.74856
						],
						"5.2917": [
							16.73958,
							58.52505,
							191.9254
						],
						"6.375": [
							24.14611,
							56.77406,
							200.68679
						],
						"6.75": [
							-33.05024,
							57.72524,
							148.58801
						]
					},
					"position": {
						"0.0": [
							-12,
							-35,
							5
						],
						"5.25": [
							-12,
							-3,
							7
						],
						"6.625": [
							-12,
							4,
							5
						]
					},
					"scale": [
						1,
						2.3,
						1.2
					]
				},
				"rarm2": {
					"rotation": {
						"0.0": [
							0,
							0,
							0
						],
						"5.2917": [
							4.82813,
							22.29932,
							10.65139
						]
					}
				},
				"head": {
					"rotation": {
						"6.5833": [
							0.32746,
							4.99286,
							2.50714
						],
						"6.625": [
							5.32749,
							5.04968,
							2.50747
						],
						"9.3333": [
							0.32902,
							7.49282,
							2.52154
						],
						"11.2083": [
							1.00662,
							14.96336,
							5.15377
						],
						"15.6667": [
							-4.0192,
							7.46449,
							5.02126
						]
					},
					"position": {
						"6.625": [
							0,
							0,
							0
						],
						"9.3333": [
							0,
							40,
							0
						],
						"11.1667": [
							0,
							43,
							0
						]
					},
					"scale": {
						"9.3333": [
							1.2,
							1.2,
							1.2
						],
						"11.25": [
							1.2,
							1.2,
							1.2
						]
					}
				},
				"body": {
					"position": {
						"6.625": [
							0,
							0,
							0
						],
						"9.4167": [
							0,
							40,
							0
						],
						"11.3333": [
							0,
							42,
							0
						]
					},
					"scale": {
						"9.4167": [
							1,
							2.4,
							1
						],
						"11.3333": [
							1,
							2.4,
							1
						]
					}
				},
				"jumbo_josh": {
					"rotation": [
						0,
						-15,
						0
					],
					"position": [
						0,
						0,
						0
					],
					"scale": [
						2.4,
						2,
						2
					]
				}
			}
		}
	}
}