{
	"format_version": "1.8.0",
	"animations": {
		"animation.opila_bird.idle": {
			"loop": true,
			"animation_length": 14.625,
			"bones": {
				"body": {
					"rotation": {
						"2.375": [
							0,
							0,
							0
						],
						"2.5": [
							0,
							0,
							5
						],
						"6.0": [
							0,
							0,
							5
						],
						"6.125": [
							0,
							5,
							5
						],
						"9.9167": [
							0,
							5,
							5
						],
						"10.0": [
							0,
							0,
							0
						]
					},
					"position": {
						"0.0": [
							0,
							0,
							0
						],
						"1.9167": [
							0,
							0,
							0
						]
					}
				},
				"head": {
					"rotation": {
						"2.4167": [
							0,
							0,
							0
						],
						"2.625": [
							0,
							0,
							5
						],
						"6.1667": [
							0,
							0,
							5
						],
						"6.2917": [
							0,
							5,
							5
						],
						"10.0833": [
							0,
							5,
							5
						],
						"10.1667": [
							0,
							0,
							0
						]
					}
				}
			}
		}
	}
}