{
	"format_version": "1.8.0",
	"animations": {
		"animation.opila_bird.walk": {
			"loop": true,
			"animation_length": 1.04167,
			"bones": {
				"rleg": {
					"rotation": {
						"0.0": [
							5,
							0,
							0
						],
						"0.125": [
							22.5,
							0,
							0
						],
						"0.25": [
							-22.5,
							0,
							0
						],
						"0.375": [
							0,
							0,
							0
						],
						"0.5": [
							15,
							0,
							0
						],
						"0.625": [
							22.5,
							0,
							0
						],
						"0.75": [
							30,
							0,
							0
						],
						"0.875": [
							20,
							0,
							0
						],
						"1.0": [
							0,
							0,
							0
						]
					}
				},
				"lleg": {
					"rotation": {
						"0.0": [
							12.5,
							0,
							0
						],
						"0.125": [
							25,
							0,
							0
						],
						"0.25": [
							37.5,
							0,
							0
						],
						"0.375": [
							17.5,
							0,
							0
						],
						"0.5": [
							-7.5,
							0,
							0
						],
						"0.625": [
							-45,
							0,
							0
						],
						"0.75": [
							-50,
							0,
							0
						],
						"0.875": [
							-25,
							0,
							0
						],
						"1.0": [
							0,
							0,
							0
						]
					}
				},
				"body": {
					"position": {
						"0.0": [
							0,
							0,
							0
						],
						"0.125": [
							0,
							0.25,
							0
						],
						"0.25": [
							0,
							1,
							0
						],
						"0.375": [
							0,
							0.15,
							0
						],
						"0.5": [
							0,
							0,
							0
						],
						"0.625": [
							0,
							0.25,
							0
						],
						"0.75": [
							0,
							1,
							0
						],
						"0.875": [
							0,
							0.15,
							0
						],
						"1.0": [
							0,
							0.25,
							0
						]
					}
				},
				"head": {
					"position": {
						"0.0": [
							0,
							0,
							0
						],
						"0.1667": [
							0,
							0,
							0
						],
						"0.25": [
							0,
							0.25,
							0
						],
						"0.3333": [
							0,
							0.5,
							0
						],
						"0.4167": [
							0,
							0.25,
							0
						],
						"0.5": [
							0,
							0,
							0
						],
						"0.6667": [
							0,
							0,
							0
						],
						"0.75": [
							0,
							0.25,
							0
						],
						"0.8333": [
							0,
							0.5,
							0
						],
						"0.9167": [
							0,
							0.25,
							0
						],
						"1.0": [
							0,
							0,
							0
						]
					}
				},
				"rleg3": {
					"rotation": {
						"0.0": [
							-5,
							0,
							0
						],
						"0.125": [
							-42.5,
							0,
							0
						],
						"0.25": [
							-22.5,
							0,
							0
						],
						"0.375": [
							-7.5,
							0,
							0
						],
						"0.5": [
							-12.5,
							0,
							0
						],
						"0.625": [
							30,
							0,
							0
						],
						"0.75": [
							22.5,
							0,
							0
						],
						"0.875": [
							15,
							0,
							0
						],
						"1.0": [
							0,
							0,
							0
						]
					}
				},
				"lleg2": {
					"rotation": [
						0,
						0,
						0
					]
				},
				"lleg3": {
					"rotation": {
						"0.0": [
							-10,
							0,
							0
						],
						"0.125": [
							-15,
							0,
							0
						],
						"0.25": [
							25,
							0,
							0
						],
						"0.375": [
							-15,
							0,
							0
						],
						"0.5": [
							-10,
							0,
							0
						],
						"0.625": [
							42.5,
							0,
							0
						],
						"0.75": [
							10,
							0,
							0
						],
						"0.875": [
							2.5,
							0,
							0
						],
						"1.0": [
							0,
							0,
							0
						]
					},
					"position": {
						"0.375": [
							0,
							0.23843,
							0.07518
						],
						"1.0": [
							0,
							-0.01,
							0.08
						]
					}
				}
			}
		}
	}
}