{
  "format_version": "1.8.0",
  "animations": {
    "animation.os_b.bob": {
      "loop": true,
      "animation_length": 4,
      "bones": {
        "body": {
          "rotation": {
            "0.0": [
              2.5,
              0,
              0
            ],
            "2.0": [
              0,
              0,
              0
            ],
            "4.0": [
              2.5,
              0,
              0
            ]
          }
        },
        "head": {
          "rotation": {
            "0.0": [
              2.5,
              0,
              0
            ],
            "2.0": [
              0,
              0,
              0
            ],
            "4.0": [
              2.5,
              0,
              0
            ]
          }
        },
        "righArm": {
          "rotation": {
            "0.0": [
              0,
              0,
              0
            ],
            "2.0": [
              0,
              0,
              2.5
            ],
            "4.0": [
              2.5,
              0,
              0
            ]
          }
        },
        "leftArm": {
          "rotation": {
            "0.0": [
              0,
              0,
              0
            ],
            "2.0": [
              0,
              0,
              -2.5
            ],
            "4.0": [
              0,
              0,
              0
            ]
          }
        }
      }
    },
    "animation.os_b.look_at": {
      "loop": true,
      "bones": {
        "head": {
          "rotation": [
            "query.target_x_rotation - this",
            "query.target_y_rotation - this",
            0
          ]
        },
        "eyeball": {
          "rotation": [
            0,
            "math.clamp(query.target_y_rotation, -25, 25)",
            0
          ]
        },
        "eyeball2": {
          "rotation": [
            -2.5,
            "math.clamp(query.target_y_rotation, -25, 25)",
            0
          ]
        }
      }
    },
    "animation.os_b.walk": {
      "loop": true,
      "animation_length": 1,
      "bones": {
        "root": {
          "position": {
            "0.0": [
              0,
              -4,
              0
            ],
            "0.25": [
              0,
              0,
              0
            ],
            "0.5": [
              0,
              -3,
              0
            ],
            "0.75": [
              0,
              0,
              0
            ],
            "1.0": [
              0,
              -4,
              0
            ]
          }
        },
        "body": {
          "rotation": {
            "0.0": [
              17.5,
              0,
              0
            ],
            "0.25": [
              10,
              0,
              0
            ],
            "0.5": [
              22.5,
              0,
              0
            ],
            "0.75": [
              10,
              0,
              0
            ],
            "1.0": [
              17.5,
              0,
              0
            ]
          },
          "position": {
            "0.0": [
              0,
              -1,
              0
            ],
            "1.0": [
              0,
              -1,
              0
            ]
          }
        },
        "head": {
          "rotation": [
            7.5,
            0,
            0
          ]
        },
        "righArm": {
          "rotation": {
            "0.0": [
              -52.5,
              0,
              0
            ],
            "0.5": [
              22.5,
              0,
              0
            ],
            "1.0": [
              -52.5,
              0,
              0
            ]
          }
        },
        "righArm2": {
          "rotation": {
            "0.0": [
              -42.5,
              0,
              0
            ],
            "0.5": [
              -2.5,
              0,
              0
            ],
            "1.0": [
              -42.5,
              0,
              0
            ]
          }
        },
        "righArm3": {
          "rotation": {
            "0.0": [
              -25,
              0,
              0
            ],
            "0.5417": [
              -12.5,
              0,
              0
            ],
            "1.0": [
              -25,
              0,
              0
            ]
          }
        },
        "leftArm": {
          "rotation": {
            "0.0": [
              17.5,
              0,
              0
            ],
            "0.5": [
              -32.5,
              0,
              0
            ],
            "1.0": [
              17.5,
              0,
              0
            ]
          }
        },
        "leftArm2": {
          "rotation": {
            "0.0": [
              -7.5,
              0,
              0
            ],
            "0.5417": [
              -37.5,
              0,
              0
            ],
            "1.0": [
              -7.5,
              0,
              0
            ]
          }
        },
        "leftArm3": {
          "rotation": {
            "0.0": [
              2.5,
              0,
              0
            ],
            "0.5417": [
              35,
              0,
              0
            ],
            "1.0": [
              2.5,
              0,
              0
            ]
          }
        },
        "righLeg": {
          "rotation": {
            "0.0": [
              35,
              0,
              0
            ],
            "0.25": [
              2.5,
              0,
              0
            ],
            "0.5": [
              -42.5,
              0,
              0
            ],
            "0.75": [
              2.5,
              0,
              0
            ],
            "1.0": [
              35,
              0,
              0
            ]
          }
        },
        "righLeg2": {
          "rotation": {
            "0.0": [
              37.5,
              0,
              0
            ],
            "0.25": [
              0,
              0,
              0
            ],
            "0.5": [
              40,
              0,
              0
            ],
            "0.75": [
              0,
              0,
              0
            ],
            "1.0": [
              37.5,
              0,
              0
            ]
          }
        },
        "leftLeg": {
          "rotation": {
            "0.0": [
              -45,
              0,
              0
            ],
            "0.25": [
              2.5,
              0,
              0
            ],
            "0.5": [
              40,
              0,
              0
            ],
            "0.75": [
              2.5,
              0,
              0
            ],
            "1.0": [
              -45,
              0,
              0
            ]
          }
        },
        "leftLeg2": {
          "rotation": {
            "0.0": [
              45,
              0,
              0
            ],
            "0.25": [
              0,
              0,
              0
            ],
            "0.5": [
              50,
              0,
              0
            ],
            "0.75": [
              0,
              0,
              0
            ],
            "1.0": [
              45,
              0,
              0
            ]
          }
        }
      }
    },
    "animation.os_b.jumpscare": {
      "loop": true,
      "animation_length": 2,
      "bones": {
        "body": {
          "rotation": [
            27.5,
            0,
            0
          ]
        },
        "head": {
          "rotation": {
            "0.0": [
              -21.55613,
              6.60796,
              16.24074
            ],
            "0.1667": [
              -22.19157,
              -3.81024,
              -9.25249
            ],
            "0.3333": [
              -22.01816,
              4.75113,
              11.57518
            ],
            "0.5": [
              -21.80633,
              -5.68422,
              -13.9042
            ],
            "0.6667": [
              -21.55613,
              6.60796,
              16.24074
            ],
            "0.8333": [
              -22.32648,
              -2.86313,
              -6.93488
            ],
            "1.0": [
              -21.55613,
              6.60796,
              16.24074
            ],
            "1.1667": [
              -22.19157,
              -3.81024,
              -9.25249
            ],
            "1.3333": [
              -17.74023,
              7.07849,
              12.97525
            ],
            "1.5": [
              -18.77103,
              -3.35591,
              -17.86384
            ]
          }
        },
        "righArm": {
          "rotation": {
            "0.0": [
              -90,
              22.5,
              0
            ],
            "0.5": [
              -107.5,
              22.5,
              0
            ]
          }
        },
        "righArm2": {
          "rotation": {
            "0.0": [
              0,
              0,
              -7.5
            ],
            "0.5": [
              0,
              0,
              -52.5
            ],
            "0.75": [
              0,
              0,
              -45
            ]
          }
        },
        "righArm3": {
          "rotation": {
            "0.0": [
              0,
              0,
              2.5
            ],
            "0.5": [
              0,
              0,
              -50
            ]
          }
        },
        "leftArm": {
          "rotation": {
            "0.0": [
              -92.58705,
              -16.05374,
              -6.3905
            ],
            "0.5": [
              -111.43202,
              -25.40813,
              -2.60477
            ]
          }
        },
        "leftArm2": {
          "rotation": {
            "0.0": [
              0,
              0,
              2.5
            ],
            "0.5": [
              -4.8493,
              -11.53486,
              57.99008
            ]
          }
        },
        "leftArm3": {
          "rotation": {
            "0.0": [
              0,
              0,
              0
            ],
            "0.5": [
              0,
              0,
              37.5
            ]
          }
        }
      }
    }
  }
}