{"format_version":"1.8.0","minecraft:entity":{"description":{"identifier":"yg:crucifix_chain","is_spawnable":false,"is_summonable":true,"is_experimental":false},"component_groups":{"minecraft:capture":{"minecraft:timer":{"time":3.5,"time_down_event":{"event":"minecraft:start_attack"}}},"minecraft:capture2":{"minecraft:timer":{"time":0.5,"time_down_event":{"event":"minecraft:kill_mob"}}},"minecraft:crucifix_attack":{"minecraft:timer":{"time":1.5,"time_down_event":{"event":"minecraft:despawn"}},"minecraft:area_attack":{"damage_range":1,"damage_per_tick":9999999999,"cause":"contact","entity_filter":{"all_of":[{"test":"is_family","subject":"other","value":"player","operator":"!="}]}}},"minecraft:despawndead":{"minecraft:type_family":{"family":["despawn_"]}}},"components":{"minecraft:damage_sensor":{"triggers":[{"on_damage":{},"deals_damage":false}]},"minecraft:health":{"min":1,"max":1,"value":1},"minecraft:fire_immune":{},"minecraft:physics":{},"minecraft:pushable":{"is_pushable":true,"is_pushable_by_piston":true},"minecraft:collision_box":{"width":0.6,"height":0.2},"minecraft:scale":{"value":1},"minecraft:addrider":{"entity_type":"boat"},"minecraft:rideable":{"seat_count":1,"family_types":["monster"],"interact_text":"action.interact.mount","pull_in_entities":true,"seats":[{"position":[0,0,0]}]},"minecraft:despawn":{"filters":{"all_of":[{"test":"is_family","subject":"self","value":"despawn_"}]}},"minecraft:type_family":{"family":["inanimate"]},"minecraft:pushable":{"is_pushable":false,"is_pushable_by_piston":false}},"events":{"minecraft:entity_spawned":{"add":{"component_groups":["minecraft:capture"]}},"minecraft:start_attack":{"add":{"component_groups":["minecraft:capture2"]}},"minecraft:kill_mob":{"add":{"component_groups":["minecraft:crucifix_attack"]}},"minecraft:despawn":{"add":{"component_groups":["minecraft:despawndead"]}}}}}