{"format_version":"1.13.0","minecraft:entity":{"description":{"identifier":"yg:skull_door","is_spawnable":true,"is_summonable":true,"is_experimental":false,"scripts":{"animate":["door_closed","door_opened","door_break"]},"animations":{"door_closed":"controller.animation.door_closed","door_opened":"controller.animation.door_opened","door_break":"controller.animation.door_break"}},"component_groups":{"inter_open":{"minecraft:interact":{"interactions":[{"hurt_item":0,"interact_text":"open door","on_interact":{"filters":{"all_of":[{"test":"has_equipment","subject":"other","domain":"hand","value":"yg:skull_key"}]},"event":"minecraft:open","target":"self"},"swing":true,"play_sounds":"purr","use_item":false},{"hurt_item":0,"interact_text":"Need key","on_interact":{"filters":{"all_of":[{"test":"has_equipment","subject":"other","operator":"!=","domain":"hand","value":"yg:skull_key"}]},"event":"minecraft:none","target":"self"},"swing":true,"play_sounds":"plop","use_item":false}]},"minecraft:variant":{"value":1}},"inter_close":{"minecraft:interact":{"interactions":[{"hurt_item":0,"interact_text":"close it","on_interact":{"filters":{"all_of":[{"test":"has_equipment","subject":"other","domain":"hand","value":"batim:key"}]},"event":"minecraft:close","target":"self"},"swing":true,"play_sounds":"purr","use_item":false},{"hurt_item":0,"interact_text":"Need key","on_interact":{"filters":{"all_of":[{"test":"has_equipment","subject":"other","operator":"!=","domain":"hand","value":"batim:key"}]},"event":"minecraft:none","target":"self"},"swing":true,"play_sounds":"plop","use_item":false}]},"minecraft:variant":{"value":1},"minecraft:damage_sensor":{"triggers":[{"cause":"entity_attack","deals_damage":true},{"cause":"suffocation","deals_damage":false},{"cause":"projectile","deals_damage":false},{"cause":"explosion","deals_damage":false},{"cause":"fire","deals_damage":false}]}},"close":{"minecraft:mark_variant":{"value":1},"minecraft:damage_sensor":{"triggers":[{"cause":"entity_attack","deals_damage":false},{"cause":"projectile","deals_damage":false},{"cause":"explosion","deals_damage":false},{"cause":"fire","deals_damage":false},{"cause":"fatal","deals_damage":false}]}},"open":{"minecraft:mark_variant":{"value":2}}},"components":{"minecraft:knockback_resistance":{"value":1},"minecraft:pushable":{"is_pushable":false,"is_pushable_by_piston":false},"minecraft:collision_box":{"width":1,"height":1.8},"minecraft:despawn":{"filters":{"all_of":[{"test":"is_family","subject":"self","value":"despawn_"}]}},"minecraft:type_family":{"family":["inanimate"]},"minecraft:fire_immune":true,"minecraft:health":{"value":{"range_min":10,"range_max":10}},"minecraft:loot":{"table":"loot_tables/entities/door_lock.json"},"minecraft:physics":{"has_gravity":false,"has_collision":false}},"events":{"minecraft:entity_spawned":{"add":{"component_groups":["inter_open","close"]}},"minecraft:to_open":{"add":{"component_groups":["inter_open"]},"remove":{"component_groups":["inter_close"]}},"minecraft:to_close":{"add":{"component_groups":["inter_open"]},"remove":{"component_groups":["inter_close"]}},"minecraft:event_dead":{"add":{"component_groups":["minecraft:despawndead"]}},"minecraft:open":{"add":{"component_groups":["open","inter_close"]},"remove":{"component_groups":["close","inter_open"]}},"minecraft:close":{"add":{"component_groups":["close","inter_open"]},"remove":{"component_groups":["open","inter_close"]}}}}}