{"format_version":"1.8.0","minecraft:entity":{"description":{"identifier":"yg:seek_spawn","is_spawnable":true,"is_summonable":true,"is_experimental":false},"component_groups":{"minecraft:start_spawn":{"minecraft:timer":{"time":3,"time_down_event":{"event":"minecraft:finish_spawn"}}},"minecraft:welcome_seek":{"minecraft:transformation":{"into":"yg:seek"}}},"components":{"minecraft:damage_sensor":{"triggers":[{"on_damage":{},"deals_damage":false}]},"minecraft:health":{"min":1,"max":1,"value":1},"minecraft:fire_immune":{},"minecraft:physics":{},"minecraft:pushable":{"is_pushable":true,"is_pushable_by_piston":true},"minecraft:collision_box":{"width":0.6,"height":1.8},"minecraft:scale":{"value":1}},"events":{"minecraft:entity_spawned":{"add":{"component_groups":["minecraft:start_spawn"]}},"minecraft:finish_spawn":{"add":{"component_groups":["minecraft:welcome_seek"]}}}}}