{"format_version":"1.8.0","minecraft:entity":{"description":{"identifier":"yg:timothy","is_spawnable":true,"is_summonable":true,"is_experimental":false},"component_groups":{},"components":{"minecraft:is_hidden_when_invisible":{},"minecraft:nameable":{},"minecraft:type_family":{"family":["doors","undead","monster","mob"]},"minecraft:collision_box":{"width":0.3,"height":0.2},"minecraft:scale":{"value":0.3},"minecraft:movement.basic":{},"minecraft:navigation.climb":{"is_amphibious":true,"can_pass_doors":true},"minecraft:movement":{"value":0.28},"minecraft:annotation.break_door":{},"minecraft:jump.static":{},"minecraft:can_climb":{},"minecraft:health":{"value":13,"max":13},"minecraft:attack":{"damage":5},"minecraft:follow_range":{"value":30,"max":30},"minecraft:loot":{"table":"loot_tables/entities/spider.json"},"minecraft:behavior.nearest_attackable_target":{"priority":2,"must_see":true,"reselect_targets":true,"within_radius":3,"must_see_forget_duration":17,"entity_types":[{"filters":{"any_of":[{"test":"is_family","subject":"other","value":"villager"},{"test":"is_family","subject":"other","value":"wandering_trader"},{"test":"is_family","subject":"other","value":"player"}]},"max_dist":35,"must_see":false},{"filters":{"all_of":[{"test":"is_family","subject":"other","value":"baby_turtle"},{"test":"in_water","subject":"other","operator":"!=","value":true}]},"max_dist":35}]},"minecraft:behavior.melee_attack":{"priority":3,"track_target":true,"speed_multiplier":1.45},"minecraft:behavior.random_stroll":{"priority":7,"speed_multiplier":1},"minecraft:behavior.look_at_player":{"priority":8,"look_distance":6,"probability":0.02},"minecraft:behavior.random_look_around":{"priority":9},"minecraft:behavior.hurt_by_target":{"priority":1},"minecraft:knockback_resistance":{"value":0.1},"minecraft:physics":{},"minecraft:pushable":{"is_pushable":true,"is_pushable_by_piston":true}},"events":{}}}