{"format_version":"1.10.0","animation_controllers":{"controller.animation.seek_jumpscare":{"initial_state":"default","states":{"default":{"transitions":[{"attack":"variable.attack_time > 0 && !query.is_stunned"},{"add":"query.has_rider && !query.is_stunned"}]},"add":{"on_entry":["/scoreboard objectives add sus dummy","/effect @e[r=2,type=!yg:seek] blindness 2 1 true","/scoreboard players add @e[r=3,type=!yg:seek] sus 1","/execute @e[scores={sus=8..1000}] ~ ~ ~event entity @e[type=yg:seek,r=5] yg:jumpscare_stop","/execute @e[scores={sus=8..1000}] ~ ~ ~tag @e[type=yg:seek,r=5] remove sus","/kill @e[scores={sus=8..1000}]","/scoreboard players set @a[scores={sus=8..1000}] sus 0"],"transitions":[{"default":"1.0"}]},"attack":{"on_entry":["/tag @s add sus","/execute @s ~ ~ ~ ride @e[r=3,type=!yg:seek] start_riding @s","/execute @s ~ ~ ~ effect @e[r=2,type=!yg:seek] blindness 2 1 true","/effect @s slowness 2 255 true","/camerashake add @s 4 1"],"transitions":[{"default":"1.0"}]}}},"controller.animation.figure_jumpscare":{"initial_state":"default","states":{"default":{"transitions":[{"attack":"variable.attack_time > 0 && !query.is_stunned"},{"add":"query.has_rider && !query.is_stunned"}]},"add":{"on_entry":["/scoreboard objectives add ci dummy","/effect @e[r=2,type=!yg:figure] blindness 2 1 true","/scoreboard players add @e[r=3,type=!yg:figure] ci 1","/execute @e[scores={ci=8..1000}] ~ ~ ~event entity @e[type=yg:figure,r=5] yg:jumpscare_stop","/execute @e[scores={ci=8..1000}] ~ ~ ~tag @e[type=yg:figure,r=5] remove ci","/kill @e[scores={ci=8..1000}]","/scoreboard players set @a[scores={ci=8..1000}] ci 0"],"transitions":[{"default":"1.0"}]},"attack":{"on_entry":["/tag @s add ci","/execute @s ~ ~ ~ ride @e[r=3,type=!yg:figure] start_riding @s","/execute @s ~ ~ ~ effect @e[r=2,type=!yg:figure] blindness 2 1 true","/effect @s slowness 2 255 true","/camerashake add @s 4 1"],"transitions":[{"default":"1.0"}]}}},"controller.animation.screech_jumpscare":{"initial_state":"default","states":{"default":{"transitions":[{"attack":"variable.attack_time > 0 && !query.is_stunned"},{"add":"query.has_rider && !query.is_stunned"}]},"add":{"on_entry":["/ride @e evict_riders","/tp @e [type=yg:screech,r=1] ~~-1000~"],"transitions":[{"default":"1.0"}]},"attack":{"on_entry":["/tag @s add bl","/execute @s ~ ~ ~ ride @e[r=3,type=!yg:screech] start_riding @s","/execute @s ~ ~ ~ effect @e[r=2,type=!yg:screech] blindness 2 1 true","/effect @s slowness 2 255 true"],"transitions":[{"default":"1.0"}]}}},"controller.animation.glitch_jumpscare":{"initial_state":"default","states":{"default":{"transitions":[{"attack":"variable.attack_time > 0 && !query.is_stunned"},{"add":"query.has_rider && !query.is_stunned"}]},"add":{"on_entry":["/effect @e[tag=tp] blindness 5 1 true","/spreadplayers ~ ~ 0 128 @e[tag=tp]"],"transitions":[{"default":"1.0"}]},"attack":{"on_entry":["/tag @s add tp","/execute @s ~ ~ ~ ride @e[r=3,type=!yg:glitch] start_riding @s","/execute @s ~ ~ ~ effect @e[r=2,type=!yg:glitch] blindness 2 1 true","/effect @s slowness 2 255 true"],"transitions":[{"default":"1.0"}]}}}}}