{
	"format_version": "1.8.0",
	"animations": {
		"animation.ghost.moving": {
			"loop": true,
			"animation_length": 2.0833,
			"bones": {
				"Body": {
					"rotation": {
						"0.0": [0, 0, 0],
						"0.5167": [10, 0, 0],
						"1.0": [0, 0, 0],
						"1.5667": [10, 0, 0],
						"2.0833": [0, 0, 0]
					},
					"position": {
						"0.0": [0, 0, 0],
						"0.5167": [0, 5, 0],
						"1.0": [0, 0, 0],
						"1.5667": [0, 5, 0],
						"2.0833": [0, 0, 0]
					}
				},
				"Lids": {
					"position": {
						"0.0": [0, 0, 0],
						"0.2333": [0, 0, 0],
						"0.5167": [0, -2, 0],
						"0.8": [0, 0, 0],
						"1.3667": [0, 0, 0],
						"1.6": [0, 0, 0],
						"1.8333": [0, -2, 0],
						"2.0833": [0, 0, 0]
					}
				}
			}
		},
		"animation.ghost.general": {
			"animation_length": 2.64,
			"bones": {
				"Eye": {
					"position": {
						"0.0": [0, 0, 0],
						"0.4833": [1, 0, 0],
						"1.0333": [0, 0, 0],
						"1.5667": [0, 0, 0],
						"2.0333": [-1, 0, 0],
						"2.6": [0, 0, 0]
					}
				},
				"Eye2": {
					"position": {
						"0.0": [0, 0, 0],
						"0.4833": [1, 0, 0],
						"1.0333": [0, 0, 0],
						"1.5667": [0, 0, 0],
						"2.0333": [-1, 0, 0],
						"2.6": [0, 0, 0]
					}
				},
				"Lids": {
					"position": {
						"0.0": [0, 0, 0],
						"0.4833": [0, -2, 0],
						"1.0333": [0, 0, 0],
						"1.5667": [0, 0, 0],
						"2.0333": [0, -2, 0],
						"2.6": [0, 0, 0]
					}
				}
			}
		},
		"animation.ghost.attacking": {
			"animation_length": 1.5667,
			"bones": {
				"Body_whole": {
					"rotation": [0, 0, 0]
				},
				"Body": {
					"rotation": {
						"0.0": [0, 0, 0],
						"0.2333": [50, 0, 0],
						"0.5167": [40, 0, 0],
						"0.8": [50, 0, 0],
						"1.0333": [40, 0, 0],
						"1.3167": [50, 0, 0],
						"1.5667": [40, 0, 0]
					},
					"position": {
						"0.0": [0, 0, 0],
						"0.2333": [0, -2, 0],
						"0.5167": [0, 0, 0],
						"0.8": [0, -2, 0],
						"1.0333": [0, 0, 0],
						"1.3167": [0, -2, 0],
						"1.5667": [0, 0, 0]
					}
				},
				"Lids": {
					"position": {
						"0.0": [0, 0, 0],
						"0.2333": [0, -2, 0],
						"0.5167": [0, 0, 0],
						"1.0333": [0, 0, 0],
						"1.3167": [0, -2, 0],
						"1.5667": [0, 0, 0]
					}
				}
			}
		}
	}
}