{
	"format_version": "1.8.0",
	"animations": {
		"animation.pac_man.moving": {
			"loop": true,
			"animation_length": 0.36,
			"bones": {
				"Body": {
					"rotation": {
						"0.0": [0, 0, 0],
						"0.1667": [-25, 0, 0],
						"0.3167": [0, 0, 0]
					}
				},
				"Jaw": {
					"rotation": {
						"0.0": [0, 0, 0],
						"0.1667": [25, 0, 0],
						"0.3167": [0, 0, 0]
					}
				}
			}
		},
		"animation.pac_man.general": {
			"loop": true
		},
		"animation.pac_man.attacking": {
			"animation_length": 1.08,
			"bones": {
				"Body": {
					"rotation": {
						"0.0": [0, 0, 0],
						"0.2333": [-15, 0, 0]
					}
				},
				"Jaw": {
					"rotation": {
						"0.0": [0, 0, 0],
						"0.2333": [15, 0, 0]
					}
				}
			}
		}
	}
}