{
	"format_version": "1.8.0",
	"animations": {
		"animation.scardey.moving": {
			"loop": true,
			"animation_length": 2.0833,
			"bones": {
				"Body": {
					"rotation": {
						"0.0": [0, 0, 0],
						"0.5167": [10, 0, 0],
						"1.0": [0, 0, 0],
						"1.5667": [10, 0, 0],
						"2.0833": [0, 0, 0]
					},
					"position": {
						"0.0": [0, 0, 0],
						"0.5167": [0, 5, 0],
						"1.0": [0, 0, 0],
						"1.5667": [0, 5, 0],
						"2.0833": [0, 0, 0]
					}
				},
				"Body2": {
					"rotation": {
						"0.0": [0, 0, 0],
						"0.5167": [10, 0, 0],
						"1.0": [0, 0, 0],
						"1.5667": [10, 0, 0],
						"2.0833": [0, 0, 0]
					},
					"position": {
						"0.0": [0, 0, 0],
						"0.5167": [0, 5, -2],
						"1.0": [0, 0, 0],
						"1.5667": [0, 5, -2],
						"2.0833": [0, 0, 0]
					}
				}
			}
		},
		"animation.scardey.general": {
			"loop": true,
			"animation_length": 1.04,
			"bones": {
				"Body2": {
					"position": {
						"0.0": [0, 0, 0],
						"0.2333": [0, 0, -1.2],
						"0.5167": [0, 0, -1.2],
						"0.7667": [0, 0, 0],
						"1.0": [0, 0, 0]
					}
				}
			}
		},
		"animation.scardey.attacking": {
			"animation_length": 1.5667,
			"bones": {
				"Body_whole": {
					"rotation": [0, 0, 0]
				},
				"Body": {
					"rotation": {
						"0.0": [0, 0, 0],
						"0.2333": [50, 0, 0],
						"0.5167": [40, 0, 0],
						"0.8": [50, 0, 0],
						"1.0333": [40, 0, 0],
						"1.3167": [50, 0, 0],
						"1.5667": [40, 0, 0]
					},
					"position": {
						"0.0": [0, 0, 0],
						"0.2333": [0, -2, 0],
						"0.5167": [0, 0, 0],
						"0.8": [0, -2, 0],
						"1.0333": [0, 0, 0],
						"1.3167": [0, -2, 0],
						"1.5667": [0, 0, 0]
					}
				},
				"Lids": {
					"position": {
						"0.0": [0, 0, 0],
						"0.2333": [0, -2, 0],
						"0.5167": [0, 0, 0],
						"1.0333": [0, 0, 0],
						"1.3167": [0, -2, 0],
						"1.5667": [0, 0, 0]
					}
				},
				"Body2": {
					"rotation": {
						"0.0": [0, 0, 0],
						"0.2333": [50, 0, 0],
						"0.5167": [40, 0, 0],
						"0.8": [50, 0, 0],
						"1.0333": [40, 0, 0],
						"1.3167": [50, 0, 0],
						"1.5667": [40, 0, 0]
					},
					"position": {
						"0.0": [0, 0, 0],
						"0.2333": [0, -3, -1],
						"0.5167": [0, 0, 0],
						"0.8": [0, -2, -1],
						"1.0333": [0, 0, 0],
						"1.3167": [0, -3, -1],
						"1.5667": [0, 0, 0]
					}
				}
			}
		}
	}
}