{"format_version":"1.10.0","particle_effect":{"description":{"identifier":"yg:ambush_light","basic_render_parameters":{"material":"particles_blend","texture":"textures/particles/light"}},"components":{"minecraft:emitter_rate_steady":{"spawn_rate":10,"max_particles":50},"minecraft:emitter_lifetime_looping":{"active_time":1},"minecraft:emitter_shape_sphere":{"offset":[0,1,0],"radius":2,"surface_only":true,"direction":[0,3,0]},"minecraft:particle_lifetime_expression":{"max_lifetime":1},"minecraft:particle_initial_speed":1,"minecraft:particle_motion_dynamic":{"linear_acceleration":[2,2,2]},"minecraft:particle_appearance_billboard":{"size":[0.2,0.2],"facing_camera_mode":"rotate_xyz","uv":{"texture_width":16,"texture_height":16,"uv":[0,0],"uv_size":[16,16]}},"minecraft:particle_appearance_tinting":{"color":{"interpolant":"v.particle_age / v.particle_lifetime","gradient":{"0.0":"#FF00FD0B","1.0":"#ff000000"}}}}}}