{"format_version":"1.10.0","particle_effect":{"description":{"identifier":"yg:crucifix_light","basic_render_parameters":{"material":"particles_blend","texture":"textures/particles/crucifix_glow"}},"components":{"minecraft:emitter_local_space":{"position":true,"rotation":true},"minecraft:emitter_rate_steady":{"spawn_rate":60,"max_particles":1000},"minecraft:emitter_lifetime_looping":{"active_time":1},"minecraft:emitter_shape_box":{"half_dimensions":[3,3,3],"direction":["Math.random(-0.1, 0.1)","Math.random(0.1, 1.0)","Math.random(-0.1, 0.1)"]},"minecraft:particle_lifetime_expression":{"max_lifetime":"Math.random(0.5, 2.0)"},"minecraft:particle_initial_speed":"Math.random(5.0, 10.0)","minecraft:particle_motion_dynamic":{"linear_acceleration":["(variable.particle_random_1 * 5.0 - 2.5)",0,"(variable.particle_random_2 * 5.0 - 2.5)"]},"minecraft:particle_appearance_billboard":{"size":["(variable.particle_random_3 * 0.15 + 0.025) * (1 - Math.pow((variable.particle_age + query.frame_alpha) / variable.particle_lifetime, 2))","(variable.particle_random_3 * 0.15 + 0.025) * (1 - Math.pow((variable.particle_age + query.frame_alpha) / variable.particle_lifetime, 2))"],"facing_camera_mode":"lookat_xyz","uv":{"texture_width":31,"texture_height":31,"uv":[10,10],"uv_size":[5,5]}},"minecraft:particle_appearance_tinting":{"color":[0.16471,0.94118,0.86667,1]}}}}