{
  "minecraft:client_entity" : {
    "description" : {
      "textures" : {
        "steve" : "textures\/entity\/steve",
        "skeleton" : "textures\/entity\/skulls\/skeleton.png",
        "wither" : "textures\/entity\/skulls\/wither_skeleton",
        "zombie" : "textures\/entity\/skulls\/zombie",
        "dragon" : "textures\/entity\/dragon\/dragon",
        "creeper" : "textures\/entity\/skulls\/creeper",
        "default" : "textures\/entity\/steve"
      },
      "geometry" : {
        "steve" : "geometry.player_head",
        "skeleton" : "geometry.skeleton_head",
        "wither" : "geometry.mob_head",
        "zombie" : "geometry.mob_head",
        "dragon" : "geometry.dragon_head",
        "creeper" : "geometry.mob_head",
        "default" : "geometry.player_head"
      },
      "identifier" : "minecraft:skull"
    }
  },
  "format_version" : "1.8.0"
}